event_id,t0_ms,t1_ms,t2_ms,t3_ms,write_to_input_append_latency_ms,input_append_to_result_emission_latency_ms,l_visibility_ms,l_closure_ms,latency_ms
ss-88-60000,1784559854631.8699,1784559855634,1784559863091.0,1784559863515.5515,1002.13,7457.0,424.552,1784559203091.0,8883.682
ss-4-60000,1784559861481.8655,1784559861933,1784559863109.0,1784559863515.5562,451.135,1176.0,406.556,1784559203109.0,2033.691
ss-6-60000,1784559858131.862,1784559858785,1784559863109.0,1784559863515.5574,653.138,4324.0,406.557,1784559203109.0,5383.695
ss-17-60000,1784559859131.8672,1784559859834,1784559863110.0,1784559863515.5586,702.133,3276.0,405.559,1784559203110.0,4383.691
ss-71-60000,1784559844831.8618,1784559845135,1784559863110.0,1784559863515.5596,303.138,17975.0,405.56,1784559203110.0,18683.698
ss-23-60000,1784559843381.86,1784559844084,1784559863110.0,1784559863515.561,702.14,19026.0,405.561,1784559203110.0,20133.701
ss-29-60000,1784559852581.8694,1784559853534,1784559863111.0,1784559863515.562,952.131,9577.0,404.562,1784559203111.0,10933.693
ss-65-60000,1784559857381.8604,1784559857734,1784559863111.0,1784559863515.5923,352.14,5377.0,404.592,1784559203111.0,6133.732
ss-31-60000,1784559860181.8733,1784559860883,1784559863111.0,1784559863515.5945,701.127,2228.0,404.594,1784559203111.0,3333.721
ss-8-60000,1784559856781.8687,1784559857734,1784559863111.0,1784559863515.6016,952.131,5377.0,404.602,1784559203111.0,6733.733
ss-60-60000,1784559860531.868,1784559860883,1784559863112.0,1784559863515.603,351.132,2229.0,403.603,1784559203112.0,2983.735
ss-57-60000,1784559860831.864,1784559860883,1784559863112.0,1784559863515.6047,51.136,2229.0,403.605,1784559203112.0,2683.741
ss-33-60000,1784559859431.8657,1784559859834,1784559863112.0,1784559863515.6057,402.134,3278.0,403.606,1784559203112.0,4083.74
ss-40-60000,1784559856331.8572,1784559856683,1784559863112.0,1784559863515.6067,351.143,6429.0,403.607,1784559203112.0,7183.75
ss-63-60000,1784559858931.8594,1784559859834,1784559863113.0,1784559863515.6074,902.141,3279.0,402.607,1784559203113.0,4583.748
ss-20-60000,1784559850331.857,1784559850384,1784559863113.0,1784559863515.6084,52.143,12729.0,402.608,1784559203113.0,13183.751
ss-84-60000,1784559857181.87,1784559857734,1784559863113.0,1784559863515.6096,552.13,5379.0,402.61,1784559203113.0,6333.74
ss-67-60000,1784559861881.8704,1784559861933,1784559863113.0,1784559863515.6108,51.13,1180.0,402.611,1784559203113.0,1633.74
ss-28-60000,1784559862031.861,1784559862984,1784559863113.0,1784559863515.6167,952.139,129.0,402.617,1784559203113.0,1483.756
ss-55-60000,1784559836531.862,1784559836785,1784559863114.0,1784559863515.6177,253.138,26329.0,401.618,1784559203114.0,26983.756
ss-24-60000,1784559859181.8618,1784559859834,1784559863114.0,1784559863515.6277,652.138,3280.0,401.628,1784559203114.0,4333.766
ss-13-60000,1784559860881.8691,1784559860883,1784559863114.0,1784559863515.6287,1.131,2231.0,401.629,1784559203114.0,2633.76
ss-5-60000,1784559861331.866,1784559861933,1784559863114.0,1784559863515.636,601.134,1181.0,401.636,1784559203114.0,2183.77
ss-82-60000,1784559861131.8564,1784559861933,1784559863114.0,1784559863515.637,801.144,1181.0,401.637,1784559203114.0,2383.781
ss-80-60000,1784559855681.8584,1784559856683,1784559863114.0,1784559863515.7607,1001.142,6431.0,401.761,1784559203114.0,7833.902
ss-42-60000,1784559859031.8562,1784559859834,1784559863115.0,1784559863515.7646,802.144,3281.0,400.765,1784559203115.0,4483.908
ss-46-60000,1784559859931.8687,1784559860883,1784559863115.0,1784559863515.766,951.131,2232.0,400.766,1784559203115.0,3583.897
ss-32-60000,1784559861631.8608,1784559861933,1784559863115.0,1784559863515.7932,301.139,1182.0,400.793,1784559203115.0,1883.932
ss-37-60000,1784559855131.862,1784559855634,1784559863115.0,1784559863515.7944,502.138,7481.0,400.794,1784559203115.0,8383.932
ss-44-60000,1784559856281.859,1784559856683,1784559863115.0,1784559863515.7952,401.141,6432.0,400.795,1784559203115.0,7233.936
ss-94-60000,1784559858431.8625,1784559858785,1784559863116.0,1784559863515.8022,353.137,4331.0,399.802,1784559203116.0,5083.94
ss-59-60000,1784559860781.8625,1784559860883,1784559863116.0,1784559863515.8032,101.137,2233.0,399.803,1784559203116.0,2733.941
ss-75-60000,1784559860581.8657,1784559860883,1784559863116.0,1784559863515.8357,301.134,2233.0,399.836,1784559203116.0,2933.97
ss-66-60000,1784559860981.8657,1784559861933,1784559863116.0,1784559863515.837,951.134,1183.0,399.837,1784559203116.0,2533.971
ss-61-60000,1784559858631.8652,1784559858785,1784559863116.0,1784559863515.855,153.135,4331.0,399.855,1784559203116.0,4883.99
ss-74-60000,1784559861931.8662,1784559861933,1784559863116.0,1784559863515.8555,1.134,1183.0,399.855,1784559203116.0,1583.989
ss-25-60000,1784559856581.86,1784559856683,1784559863116.0,1784559863515.856,101.14,6433.0,399.856,1784559203116.0,6933.996
ss-81-60000,1784559861681.857,1784559861933,1784559863117.0,1784559863515.8596,251.143,1184.0,398.86,1784559203117.0,1834.003
ss-0-60000,1784559860631.861,1784559860883,1784559863117.0,1784559863515.944,251.139,2234.0,398.944,1784559203117.0,2884.083
ss-30-60000,1784559859381.871,1784559859834,1784559863117.0,1784559863515.9456,452.129,3283.0,398.946,1784559203117.0,4134.074
ss-2-60000,1784559860381.8677,1784559860883,1784559863117.0,1784559863515.9465,501.132,2234.0,398.947,1784559203117.0,3134.079
ss-97-60000,1784559861181.864,1784559861933,1784559863117.0,1784559863515.9763,751.136,1184.0,398.976,1784559203117.0,2334.112
ss-89-60000,1784559861731.8665,1784559861933,1784559863117.0,1784559863515.9773,201.134,1184.0,398.977,1784559203117.0,1784.111
ss-85-60000,1784559858681.8604,1784559858785,1784559863118.0,1784559863516.0127,103.14,4333.0,398.013,1784559203118.0,4834.152
ss-54-60000,1784559857531.8616,1784559857734,1784559863118.0,1784559863516.0137,202.138,5384.0,398.014,1784559203118.0,5984.152
ss-72-60000,1784559861431.8665,1784559861933,1784559863118.0,1784559863516.0732,501.134,1185.0,398.073,1784559203118.0,2084.207
ss-87-60000,1784559861031.862,1784559861933,1784559863118.0,1784559863516.0742,901.138,1185.0,398.074,1784559203118.0,2484.212
ss-35-60000,1784559859881.856,1784559860883,1784559863118.0,1784559863516.0747,1001.144,2235.0,398.075,1784559203118.0,3634.219
ss-34-60000,1784559860131.8599,1784559860883,1784559863118.0,1784559863516.075,751.14,2235.0,398.075,1784559203118.0,3384.215
ss-27-60000,1784559860081.8706,1784559860883,1784559863118.0,1784559863516.0935,801.129,2235.0,398.094,1784559203118.0,3434.223
ss-9-60000,1784559861831.8599,1784559861933,1784559863119.0,1784559863516.0938,101.14,1186.0,397.094,1784559203119.0,1684.234
ss-93-60000,1784559857881.8586,1784559858785,1784559863119.0,1784559863516.14,903.141,4334.0,397.14,1784559203119.0,5634.281
ss-96-60000,1784559857981.862,1784559858785,1784559863119.0,1784559863516.1406,803.138,4334.0,397.141,1784559203119.0,5534.279
ss-53-60000,1784559858281.861,1784559858785,1784559863119.0,1784559863516.1475,503.139,4334.0,397.147,1784559203119.0,5234.286
ss-22-60000,1784559848631.8662,1784559849334,1784559863119.0,1784559863516.1528,702.134,13785.0,397.153,1784559203119.0,14884.287
ss-18-60000,1784559856231.862,1784559856683,1784559863119.0,1784559863516.2031,451.138,6436.0,397.203,1784559203119.0,7284.341
ss-50-60000,1784559860681.8608,1784559860883,1784559863120.0,1784559863516.2063,201.139,2237.0,396.206,1784559203120.0,2834.345
ss-51-60000,1784559860231.8618,1784559860883,1784559863120.0,1784559863516.2065,651.138,2237.0,396.207,1784559203120.0,3284.345
ss-90-60000,1784559860481.8616,1784559860883,1784559863120.0,1784559863516.2598,401.138,2237.0,396.26,1784559203120.0,3034.398
ss-48-60000,1784559859731.863,1784559859834,1784559863120.0,1784559863516.2603,102.137,3286.0,396.26,1784559203120.0,3784.397
ss-41-60000,1784559856431.8826,1784559856683,1784559863120.0,1784559863516.267,251.117,6437.0,396.267,1784559203120.0,7084.385
ss-26-60000,1784559857781.8594,1784559858785,1784559863120.0,1784559863516.2764,1003.141,4335.0,396.276,1784559203120.0,5734.417
ss-16-60000,1784559861581.857,1784559861933,1784559863120.0,1784559863516.279,351.143,1187.0,396.279,1784559203120.0,1934.422
ss-56-60000,1784559846331.8733,1784559847235,1784559863121.0,1784559863516.4402,903.127,15886.0,395.44,1784559203121.0,17184.567
ss-12-60000,1784559845731.88,1784559846185,1784559863121.0,1784559863516.4407,453.12,16936.0,395.441,1784559203121.0,17784.561
ss-86-60000,1784559854681.871,1784559855634,1784559863121.0,1784559863516.4412,952.129,7487.0,395.441,1784559203121.0,8834.57
ss-15-60000,1784559858731.873,1784559858785,1784559863121.0,1784559863516.6592,53.127,4336.0,395.659,1784559203121.0,4784.786
ss-45-60000,1784559850681.8564,1784559851434,1784559863121.0,1784559863516.6597,752.144,11687.0,395.66,1784559203121.0,12834.803
ss-92-60000,1784559861081.8691,1784559861933,1784559863121.0,1784559863516.66,851.131,1188.0,395.66,1784559203121.0,2434.791
ss-68-60000,1784559853281.856,1784559853534,1784559863121.0,1784559863516.6602,252.144,9587.0,395.66,1784559203121.0,10234.804
ss-77-60000,1784559855631.8618,1784559855634,1784559863121.0,1784559863516.6604,2.138,7487.0,395.66,1784559203121.0,7884.799
ss-73-60000,1784559835631.866,1784559835735,1784559863122.0,1784559863516.6606,103.134,27387.0,394.661,1784559203122.0,27884.795
ss-78-60000,1784559854031.8596,1784559854585,1784559863122.0,1784559863516.661,553.14,8537.0,394.661,1784559203122.0,9484.801
ss-39-60000,1784559860331.8682,1784559860883,1784559863122.0,1784559863516.6646,551.132,2239.0,394.665,1784559203122.0,3184.796
ss-1-60000,1784559862131.8665,1784559862984,1784559863122.0,1784559863516.6648,852.134,138.0,394.665,1784559203122.0,1384.798
ss-47-60000,1784559857481.8635,1784559857734,1784559863122.0,1784559863516.6653,252.136,5388.0,394.665,1784559203122.0,6034.802
ss-36-60000,1784559858332.6694,1784559858785,1784559863122.0,1784559863516.669,452.331,4337.0,394.669,1784559203122.0,5184.0
ss-76-60000,1784559862081.857,1784559862984,1784559863122.0,1784559863516.6697,902.143,138.0,394.67,1784559203122.0,1434.813
ss-19-60000,1784559860931.8682,1784559861933,1784559863122.0,1784559863516.6904,1001.132,1189.0,394.69,1784559203122.0,2584.822
ss-83-60000,1784559858482.9526,1784559858785,1784559863123.0,1784559863516.691,302.047,4338.0,393.691,1784559203123.0,5033.738
ss-7-60000,1784559859831.8604,1784559859834,1784559863123.0,1784559863516.756,2.14,3289.0,393.756,1784559203123.0,3684.896
ss-99-60000,1784559846831.8557,1784559847235,1784559863123.0,1784559863516.757,403.144,15888.0,393.757,1784559203123.0,16684.901
ss-38-60000,1784559862181.8591,1784559862984,1784559863123.0,1784559863516.8516,802.141,139.0,393.852,1784559203123.0,1334.992
ss-58-60000,1784559861231.8677,1784559861933,1784559863123.0,1784559863516.8528,701.132,1190.0,393.853,1784559203123.0,2284.985
ss-11-60000,1784559859331.8655,1784559859834,1784559863123.0,1784559863516.865,502.135,3289.0,393.865,1784559203123.0,4185.0
ss-98-60000,1784559853981.8735,1784559854585,1784559863123.0,1784559863516.866,603.126,8538.0,393.866,1784559203123.0,9534.992
ss-43-60000,1784559859781.8599,1784559859834,1784559863123.0,1784559863516.8672,52.14,3289.0,393.867,1784559203123.0,3735.007
ss-21-60000,1784559858231.8606,1784559858785,1784559863124.0,1784559863516.8997,553.139,4339.0,392.9,1784559203124.0,5285.039
ss-95-60000,1784559854281.87,1784559854585,1784559863124.0,1784559863516.9578,303.13,8539.0,392.958,1784559203124.0,9235.088
ss-70-60000,1784559861281.8618,1784559861933,1784559863124.0,1784559863516.9597,651.138,1191.0,392.96,1784559203124.0,2235.098
ss-62-60000,1784559856081.8655,1784559856683,1784559863124.0,1784559863516.9722,601.135,6441.0,392.972,1784559203124.0,7435.107
ss-14-60000,1784559861781.863,1784559861933,1784559863124.0,1784559863517.0002,151.137,1191.0,393.0,1784559203124.0,1735.137
ss-91-60000,1784559861531.8687,1784559861933,1784559863124.0,1784559863517.0015,401.131,1191.0,393.001,1784559203124.0,1985.133
ss-10-60000,1784559857831.865,1784559858785,1784559863124.0,1784559863517.0205,953.135,4339.0,393.021,1784559203124.0,5685.156
ss-69-60000,1784559849231.865,1784559849334,1784559863124.0,1784559863517.058,102.135,13790.0,393.058,1784559203124.0,14285.193
ss-49-60000,1784559861981.871,1784559862984,1784559863124.0,1784559863517.1294,1002.129,140.0,393.129,1784559203124.0,1535.258
ss-79-60000,1784559846481.866,1784559847235,1784559863125.0,1784559863517.1301,753.134,15890.0,392.13,1784559203125.0,17035.264
ss-52-60000,1784559859631.8564,1784559859834,1784559863125.0,1784559863517.1309,202.144,3291.0,392.131,1784559203125.0,3885.274
ss-3-60000,1784559857581.869,1784559857734,1784559863125.0,1784559863517.131,152.131,5391.0,392.131,1784559203125.0,5935.262
ss-64-60000,1784559858881.861,1784559859834,1784559863125.0,1784559863517.1387,952.139,3291.0,392.139,1784559203125.0,4635.278
ss-64-120000,1784559888881.8674,1784559889185,1784559892519.0,1784559893413.999,303.133,3334.0,894.999,1784559172519.0,4532.132
ss-29-120000,1784559890931.8645,1784559891283,1784559892521.0,1784559893414.0164,351.135,1238.0,893.016,1784559172521.0,2482.152
ss-23-120000,1784559891681.8525,1784559892333,1784559892521.0,1784559893414.0186,651.147,188.0,893.019,1784559172521.0,1732.166
ss-70-120000,1784559888431.8645,1784559889185,1784559892521.0,1784559893414.0195,753.135,3336.0,893.02,1784559172521.0,4982.155
ss-6-120000,1784559882231.8628,1784559882934,1784559892521.0,1784559893414.021,702.137,9587.0,893.021,1784559172521.0,11182.158
ss-65-120000,1784559886831.8687,1784559887133,1784559892521.0,1784559893414.0217,301.131,5388.0,893.022,1784559172521.0,6582.153
ss-96-120000,1784559888981.845,1784559889185,1784559892521.0,1784559893414.0225,203.155,3336.0,893.022,1784559172521.0,4432.177
ss-31-120000,1784559889131.8748,1784559889185,1784559892522.0,1784559893414.0232,53.125,3337.0,892.023,1784559172522.0,4282.148
ss-71-120000,1784559880231.855,1784559880834,1784559892522.0,1784559893414.0295,602.145,11688.0,892.03,1784559172522.0,13182.175
ss-8-120000,1784559884331.8662,1784559885034,1784559892522.0,1784559893414.0327,702.134,7488.0,892.033,1784559172522.0,9082.167
ss-17-120000,1784559879731.8604,1784559879785,1784559892522.0,1784559893414.0337,53.14,12737.0,892.034,1784559172522.0,13682.173
ss-60-120000,1784559885731.8533,1784559886084,1784559892522.0,1784559893414.0344,352.147,6438.0,892.034,1784559172522.0,7682.181
ss-57-120000,1784559888381.8684,1784559889185,1784559892522.0,1784559893414.0356,803.132,3337.0,892.036,1784559172522.0,5032.167
ss-40-120000,1784559885281.861,1784559886084,1784559892522.0,1784559893414.0361,802.139,6438.0,892.036,1784559172522.0,8132.175
ss-63-120000,1784559887081.8677,1784559887133,1784559892522.0,1784559893414.0366,51.132,5389.0,892.037,1784559172522.0,6332.169
ss-84-120000,1784559889531.8635,1784559890234,1784559892523.0,1784559893414.0378,702.136,2289.0,891.038,1784559172523.0,3882.174
ss-20-120000,1784559891381.866,1784559892333,1784559892523.0,1784559893414.0554,951.134,190.0,891.055,1784559172523.0,2032.189
ss-67-120000,1784559886381.8691,1784559887133,1784559892523.0,1784559893414.0562,751.131,5390.0,891.056,1784559172523.0,7032.187
ss-55-120000,1784559891081.867,1784559891283,1784559892523.0,1784559893414.057,201.133,1240.0,891.057,1784559172523.0,2332.19
ss-33-120000,1784559891131.8694,1784559891283,1784559892523.0,1784559893414.0588,151.131,1240.0,891.059,1784559172523.0,2282.189
ss-28-120000,1784559890181.8726,1784559890234,1784559892523.0,1784559893414.0596,52.127,2289.0,891.06,1784559172523.0,3232.187
ss-24-120000,1784559889381.855,1784559890234,1784559892524.0,1784559893414.06,852.145,2290.0,890.06,1784559172524.0,4032.205
ss-13-120000,1784559891931.8774,1784559892333,1784559892524.0,1784559893414.0654,401.123,191.0,890.065,1784559172524.0,1482.188
ss-5-120000,1784559884081.8645,1784559885034,1784559892524.0,1784559893414.066,952.135,7490.0,890.066,1784559172524.0,9332.201
ss-32-120000,1784559891981.8647,1784559892333,1784559892524.0,1784559893414.0955,351.135,191.0,890.095,1784559172524.0,1432.231
ss-46-120000,1784559884431.866,1784559885034,1784559892524.0,1784559893414.0962,602.134,7490.0,890.096,1784559172524.0,8982.23
ss-44-120000,1784559892181.877,1784559892333,1784559892524.0,1784559893414.0972,151.123,191.0,890.097,1784559172524.0,1232.22
ss-37-120000,1784559869881.864,1784559870334,1784559892525.0,1784559893414.1838,452.136,22191.0,889.184,1784559172525.0,23532.32
ss-94-120000,1784559890481.8672,1784559891283,1784559892525.0,1784559893414.187,801.133,1242.0,889.187,1784559172525.0,2932.32
ss-75-120000,1784559884381.863,1784559885034,1784559892525.0,1784559893414.1895,652.137,7491.0,889.189,1784559172525.0,9032.326
ss-66-120000,1784559889231.8616,1784559890234,1784559892525.0,1784559893414.2,1002.138,2291.0,889.2,1784559172525.0,4182.338
ss-59-120000,1784559890281.8638,1784559891283,1784559892525.0,1784559893414.2163,1001.136,1242.0,889.216,1784559172525.0,3132.353
ss-61-120000,1784559885081.863,1784559886084,1784559892526.0,1784559893414.217,1002.137,6442.0,888.217,1784559172526.0,8332.354
ss-42-120000,1784559888731.8672,1784559889185,1784559892526.0,1784559893414.218,453.133,3341.0,888.218,1784559172526.0,4682.351
ss-25-120000,1784559892131.8608,1784559892333,1784559892526.0,1784559893414.2185,201.139,193.0,888.219,1784559172526.0,1282.358
ss-0-120000,1784559886531.8694,1784559887133,1784559892526.0,1784559893414.2188,601.131,5393.0,888.219,1784559172526.0,6882.349
ss-80-120000,1784559890231.8623,1784559890234,1784559892526.0,1784559893414.238,2.138,2292.0,888.238,1784559172526.0,3182.376
ss-30-120000,1784559882731.859,1784559882934,1784559892527.0,1784559893414.3352,202.141,9593.0,887.335,1784559172527.0,10682.476
ss-81-120000,1784559887181.864,1784559888185,1784559892527.0,1784559893414.3362,1003.136,4342.0,887.336,1784559172527.0,6232.472
ss-89-120000,1784559891181.861,1784559891283,1784559892527.0,1784559893414.3367,101.139,1244.0,887.337,1784559172527.0,2232.476
ss-82-120000,1784559888781.8616,1784559889185,1784559892527.0,1784559893414.337,403.138,3342.0,887.337,1784559172527.0,4632.475
ss-2-120000,1784559885381.8638,1784559886084,1784559892527.0,1784559893414.3374,702.136,6443.0,887.337,1784559172527.0,8032.474
ss-85-120000,1784559884531.864,1784559885034,1784559892527.0,1784559893414.3376,502.136,7493.0,887.338,1784559172527.0,8882.474
ss-97-120000,1784559878231.861,1784559878734,1784559892527.0,1784559893414.3567,502.139,13793.0,887.357,1784559172527.0,15182.496
ss-72-120000,1784559879281.874,1784559879785,1784559892527.0,1784559893414.3572,503.126,12742.0,887.357,1784559172527.0,14132.483
ss-54-120000,1784559891431.8633,1784559892333,1784559892528.0,1784559893414.5818,901.137,195.0,886.582,1784559172528.0,1982.719
ss-35-120000,1784559889781.866,1784559890234,1784559892528.0,1784559893414.5825,452.134,2294.0,886.583,1784559172528.0,3632.717
ss-34-120000,1784559888931.8481,1784559889185,1784559892528.0,1784559893414.583,253.152,3343.0,886.583,1784559172528.0,4482.735
ss-74-120000,1784559878581.859,1784559878734,1784559892528.0,1784559893414.5835,152.141,13794.0,886.583,1784559172528.0,14832.725
ss-9-120000,1784559883681.86,1784559883984,1784559892528.0,1784559893414.5847,302.14,8544.0,886.585,1784559172528.0,9732.725
ss-27-120000,1784559892031.8608,1784559892333,1784559892528.0,1784559893414.5852,301.139,195.0,886.585,1784559172528.0,1382.724
ss-93-120000,1784559889431.8618,1784559890234,1784559892528.0,1784559893414.6409,802.138,2294.0,886.641,1784559172528.0,3982.779
ss-4-120000,1784559890031.8628,1784559890234,1784559892529.0,1784559893414.6414,202.137,2295.0,885.641,1784559172529.0,3382.779
ss-22-120000,1784559878331.8657,1784559878734,1784559892529.0,1784559893414.6418,402.134,13795.0,885.642,1784559172529.0,15082.776
ss-87-120000,1784559882381.8596,1784559882934,1784559892529.0,1784559893414.6492,552.14,9595.0,885.649,1784559172529.0,11032.79
ss-50-120000,1784559887481.8606,1784559888185,1784559892529.0,1784559893414.6497,703.139,4344.0,885.65,1784559172529.0,5932.789
ss-18-120000,1784559890331.8606,1784559891283,1784559892529.0,1784559893414.65,951.139,1246.0,885.65,1784559172529.0,3082.789
ss-51-120000,1784559891281.8616,1784559891283,1784559892529.0,1784559893414.6504,1.138,1246.0,885.65,1784559172529.0,2132.789
ss-53-120000,1784559891231.8657,1784559891283,1784559892529.0,1784559893414.651,51.134,1246.0,885.651,1784559172529.0,2182.785
ss-41-120000,1784559889331.8567,1784559890234,1784559892530.0,1784559893414.6968,902.143,2296.0,884.697,1784559172530.0,4082.84
ss-26-120000,1784559889931.865,1784559890234,1784559892530.0,1784559893414.6978,302.135,2296.0,884.698,1784559172530.0,3482.833
ss-90-120000,1784559886081.8672,1784559886084,1784559892530.0,1784559893414.6982,2.133,6446.0,884.698,1784559172530.0,7332.831
ss-48-120000,1784559883031.8594,1784559883984,1784559892530.0,1784559893414.7024,952.141,8546.0,884.702,1784559172530.0,10382.843
ss-16-120000,1784559885131.8748,1784559886084,1784559892530.0,1784559893414.703,952.125,6446.0,884.703,1784559172530.0,8282.828
ss-56-120000,1784559880381.8718,1784559880834,1784559892530.0,1784559893414.7031,452.128,11696.0,884.703,1784559172530.0,13032.831
ss-15-120000,1784559891031.8667,1784559891283,1784559892531.0,1784559893414.706,251.133,1248.0,883.706,1784559172531.0,2382.839
ss-45-120000,1784559871931.8652,1784559872434,1784559892531.0,1784559893415.815,502.135,20097.0,884.815,1784559172531.0,21483.95
ss-86-120000,1784559891631.8562,1784559892333,1784559892531.0,1784559893415.819,701.144,198.0,884.819,1784559172531.0,1783.963
ss-68-120000,1784559888031.8645,1784559888185,1784559892531.0,1784559893415.8198,153.135,4346.0,884.82,1784559172531.0,5383.955
ss-92-120000,1784559890781.8625,1784559891283,1784559892531.0,1784559893415.8206,501.137,1248.0,884.821,1784559172531.0,2633.958
ss-78-120000,1784559881281.8662,1784559881884,1784559892531.0,1784559893415.8208,602.134,10647.0,884.821,1784559172531.0,12133.955
ss-73-120000,1784559890581.857,1784559891283,1784559892531.0,1784559893415.8213,701.143,1248.0,884.821,1784559172531.0,2833.964
ss-39-120000,1784559883531.8684,1784559883984,1784559892531.0,1784559893415.8252,452.132,8547.0,884.825,1784559172531.0,9883.957
ss-1-120000,1784559880881.8655,1784559881884,1784559892532.0,1784559893415.8257,1002.135,10648.0,883.826,1784559172532.0,12533.96
ss-47-120000,1784559887681.8816,1784559888185,1784559892532.0,1784559893415.8264,503.118,4347.0,883.826,1784559172532.0,5733.945
ss-77-120000,1784559890381.8699,1784559891283,1784559892532.0,1784559893415.8267,901.13,1249.0,883.827,1784559172532.0,3033.957
ss-36-120000,1784559886431.8643,1784559887133,1784559892532.0,1784559893415.8271,701.136,5399.0,883.827,1784559172532.0,6983.963
ss-76-120000,1784559882981.867,1784559883984,1784559892532.0,1784559893415.8298,1002.133,8548.0,883.83,1784559172532.0,10433.963
ss-7-120000,1784559880631.8613,1784559880834,1784559892532.0,1784559893415.8303,202.139,11698.0,883.83,1784559172532.0,12783.969
ss-12-120000,1784559887431.8655,1784559888185,1784559892532.0,1784559893415.8306,753.135,4347.0,883.831,1784559172532.0,5983.965
ss-38-120000,1784559889731.86,1784559890234,1784559892533.0,1784559893415.831,502.14,2299.0,882.831,1784559172533.0,3683.971
ss-99-120000,1784559891781.8735,1784559892333,1784559892533.0,1784559893415.8315,551.126,200.0,882.832,1784559172533.0,1633.958
ss-98-120000,1784559885981.8557,1784559886084,1784559892533.0,1784559893415.8318,102.144,6449.0,882.832,1784559172533.0,7433.976
ss-58-120000,1784559891481.8594,1784559892333,1784559892533.0,1784559893415.832,851.141,200.0,882.832,1784559172533.0,1933.973
ss-43-120000,1784559870631.8674,1784559871384,1784559892533.0,1784559893415.8325,752.133,21149.0,882.833,1784559172533.0,22783.965
ss-11-120000,1784559886231.8596,1784559887133,1784559892533.0,1784559893415.833,901.14,5400.0,882.833,1784559172533.0,7183.973
ss-83-120000,1784559891731.8586,1784559892333,1784559892533.0,1784559893415.8333,601.141,200.0,882.833,1784559172533.0,1683.975
ss-21-120000,1784559889481.8574,1784559890234,1784559892534.0,1784559893415.8335,752.143,2300.0,881.833,1784559172534.0,3933.976
ss-95-120000,1784559890631.8638,1784559891283,1784559892534.0,1784559893415.834,651.136,1251.0,881.834,1784559172534.0,2783.97
ss-14-120000,1784559887131.867,1784559887133,1784559892534.0,1784559893415.8342,1.133,5401.0,881.834,1784559172534.0,6283.967
ss-91-120000,1784559892081.8708,1784559892333,1784559892534.0,1784559893415.8347,251.129,201.0,881.835,1784559172534.0,1333.964
ss-62-120000,1784559891882.022,1784559892333,1784559892534.0,1784559893415.8352,450.978,201.0,881.835,1784559172534.0,1533.813
ss-69-120000,1784559887831.8647,1784559888185,1784559892534.0,1784559893415.8357,353.135,4349.0,881.836,1784559172534.0,5583.971
ss-10-120000,1784559887231.8638,1784559888185,1784559892535.0,1784559893415.836,953.136,4350.0,880.836,1784559172535.0,6183.972
ss-49-120000,1784559891831.8674,1784559892333,1784559892535.0,1784559893415.8362,501.133,202.0,880.836,1784559172535.0,1583.969
ss-52-120000,1784559891581.86,1784559892333,1784559892535.0,1784559893415.8367,751.14,202.0,880.837,1784559172535.0,1833.977
ss-88-120000,1784559888581.8591,1784559889185,1784559892535.0,1784559893415.837,603.141,3350.0,880.837,1784559172535.0,4833.978
ss-19-120000,1784559889631.8616,1784559890234,1784559892535.0,1784559893415.8452,602.138,2301.0,880.845,1784559172535.0,3783.984
ss-79-120000,1784559891531.8638,1784559892333,1784559892536.0,1784559893415.8457,801.136,203.0,879.846,1784559172536.0,1883.982
ss-3-120000,1784559884031.8618,1784559885034,1784559892536.0,1784559893415.8462,1002.138,7502.0,879.846,1784559172536.0,9383.984
ss-79-180000,1784559915981.8625,1784559916483,1784559922954.0,1784559923324.014,501.137,6471.0,370.014,1784559142954.0,7342.151
ss-64-180000,1784559918631.8628,1784559919633,1784559922954.0,1784559923324.0193,1001.137,3321.0,370.019,1784559142954.0,4692.156
ss-3-180000,1784559916181.8604,1784559916483,1784559922954.0,1784559923324.0205,301.14,6471.0,370.021,1784559142954.0,7142.16
ss-29-180000,1784559917181.8591,1784559917534,1784559922955.0,1784559923324.0222,352.141,5421.0,369.022,1784559142955.0,6142.163
ss-23-180000,1784559913431.8662,1784559914384,1784559922955.0,1784559923324.0232,952.134,8571.0,369.023,1784559142955.0,9892.157
ss-6-180000,1784559917681.8608,1784559918584,1784559922955.0,1784559923324.0244,902.139,4371.0,369.024,1784559142955.0,5642.164
ss-19-180000,1784559922081.8633,1784559922784,1784559922955.0,1784559923324.0251,702.137,171.0,369.025,1784559142955.0,1242.162
ss-65-180000,1784559920981.8625,1784559921733,1784559922955.0,1784559923324.0256,751.137,1222.0,369.026,1784559142955.0,2342.163
ss-31-180000,1784559920881.8633,1784559921733,1784559922955.0,1784559923324.0325,851.137,1222.0,369.032,1784559142955.0,2442.169
ss-8-180000,1784559918531.863,1784559918584,1784559922955.0,1784559923324.0383,52.137,4371.0,369.038,1784559142955.0,4792.175
ss-71-180000,1784559921281.8674,1784559921733,1784559922955.0,1784559923324.0396,451.133,1222.0,369.04,1784559142955.0,2042.172
ss-60-180000,1784559920781.865,1784559921733,1784559922955.0,1784559923324.0405,951.135,1222.0,369.041,1784559142955.0,2542.176
ss-70-180000,1784559921581.87,1784559921733,1784559922956.0,1784559923324.0415,151.13,1223.0,368.042,1784559142956.0,1742.171
ss-57-180000,1784559915731.861,1784559916483,1784559922956.0,1784559923324.0427,751.139,6473.0,368.043,1784559142956.0,7592.182
ss-96-180000,1784559915531.8645,1784559916483,1784559922956.0,1784559923324.0476,951.135,6473.0,368.048,1784559142956.0,7792.183
ss-40-180000,1784559912031.859,1784559912283,1784559922956.0,1784559923324.049,251.141,10673.0,368.049,1784559142956.0,11292.19
ss-63-180000,1784559914531.8572,1784559915434,1784559922956.0,1784559923324.0503,902.143,7522.0,368.05,1784559142956.0,8792.193
ss-84-180000,1784559921731.8643,1784559921733,1784559922956.0,1784559923324.051,1.136,1223.0,368.051,1784559142956.0,1592.187
ss-20-180000,1784559914931.8677,1784559915434,1784559922956.0,1784559923324.0518,502.132,7522.0,368.052,1784559142956.0,8392.184
ss-17-180000,1784559918731.8586,1784559919633,1784559922956.0,1784559923324.0522,901.141,3323.0,368.052,1784559142956.0,4592.194
ss-67-180000,1784559918481.8694,1784559918584,1784559922957.0,1784559923324.053,102.131,4373.0,367.053,1784559142957.0,4842.184
ss-33-180000,1784559912581.8618,1784559913333,1784559922957.0,1784559923324.0544,751.138,9624.0,367.054,1784559142957.0,10742.193
ss-28-180000,1784559921981.8635,1784559922784,1784559922957.0,1784559923324.0547,802.136,173.0,367.055,1784559142957.0,1342.191
ss-55-180000,1784559918581.8665,1784559918584,1784559922957.0,1784559923324.0552,2.134,4373.0,367.055,1784559142957.0,4742.189
ss-24-180000,1784559916331.8745,1784559916483,1784559922957.0,1784559923324.0557,151.125,6474.0,367.056,1784559142957.0,6992.181
ss-13-180000,1784559921931.882,1784559922784,1784559922957.0,1784559923324.0562,852.118,173.0,367.056,1784559142957.0,1392.174
ss-5-180000,1784559919481.859,1784559919633,1784559922957.0,1784559923324.0566,151.141,3324.0,367.057,1784559142957.0,3842.198
ss-88-180000,1784559920431.8633,1784559920684,1784559922958.0,1784559923324.0735,252.137,2274.0,366.073,1784559142958.0,2892.21
ss-32-180000,1784559912431.871,1784559913333,1784559922958.0,1784559923324.0745,901.129,9625.0,366.074,1784559142958.0,10892.203
ss-44-180000,1784559921681.8657,1784559921733,1784559922958.0,1784559923324.0754,51.134,1225.0,366.075,1784559142958.0,1642.21
ss-46-180000,1784559920631.8704,1784559920684,1784559922958.0,1784559923324.077,52.13,2274.0,366.077,1784559142958.0,2692.207
ss-75-180000,1784559917131.8655,1784559917534,1784559922958.0,1784559923324.0781,402.135,5424.0,366.078,1784559142958.0,6192.213
ss-59-180000,1784559919831.8774,1784559920684,1784559922958.0,1784559923324.0789,852.123,2274.0,366.079,1784559142958.0,3492.201
ss-91-180000,1784559915431.8628,1784559915434,1784559922958.0,1784559923324.0806,2.137,7524.0,366.081,1784559142958.0,7892.218
ss-66-180000,1784559921781.8696,1784559922784,1784559922958.0,1784559923324.0815,1002.13,174.0,366.082,1784559142958.0,1542.212
ss-61-180000,1784559912331.8625,1784559913333,1784559922958.0,1784559923324.0823,1001.137,9625.0,366.082,1784559142958.0,10992.22
ss-25-180000,1784559913581.8647,1784559914384,1784559922958.0,1784559923324.083,802.135,8574.0,366.083,1784559142958.0,9742.218
ss-0-180000,1784559915081.8608,1784559915434,1784559922959.0,1784559923324.0837,352.139,7525.0,365.084,1784559142959.0,8242.223
ss-30-180000,1784559921231.8633,1784559921733,1784559922959.0,1784559923324.0845,501.137,1226.0,365.084,1784559142959.0,2092.221
ss-81-180000,1784559917431.8735,1784559917534,1784559922959.0,1784559923324.0854,102.126,5425.0,365.085,1784559142959.0,5892.212
ss-89-180000,1784559916581.8608,1784559917534,1784559922959.0,1784559923324.0935,952.139,5425.0,365.094,1784559142959.0,6742.233
ss-94-180000,1784559921881.8706,1784559922784,1784559922959.0,1784559923324.0942,902.129,175.0,365.094,1784559142959.0,1442.224
ss-37-180000,1784559920081.862,1784559920684,1784559922959.0,1784559923324.095,602.138,2275.0,365.095,1784559142959.0,3242.233
ss-80-180000,1784559918381.872,1784559918584,1784559922959.0,1784559923324.096,202.128,4375.0,365.096,1784559142959.0,4942.224
ss-85-180000,1784559917231.8647,1784559917534,1784559922959.0,1784559923324.1018,302.135,5425.0,365.102,1784559142959.0,6092.237
ss-97-180000,1784559916931.8628,1784559917534,1784559922959.0,1784559923324.1028,602.137,5425.0,365.103,1784559142959.0,6392.24
ss-42-180000,1784559917831.8606,1784559918584,1784559922959.0,1784559923324.1074,752.139,4375.0,365.107,1784559142959.0,5492.247
ss-54-180000,1784559918331.8684,1784559918584,1784559922959.0,1784559923324.1123,252.132,4375.0,365.112,1784559142959.0,4992.244
ss-72-180000,1784559917931.8723,1784559918584,1784559922960.0,1784559923324.1707,652.128,4376.0,364.171,1784559142960.0,5392.298
ss-2-180000,1784559921531.886,1784559921733,1784559922960.0,1784559923324.1726,201.114,1227.0,364.173,1784559142960.0,1792.287
ss-35-180000,1784559913831.8867,1784559914384,1784559922960.0,1784559923324.1736,552.113,8576.0,364.174,1784559142960.0,9492.287
ss-34-180000,1784559919781.867,1784559920684,1784559922960.0,1784559923324.1746,902.133,2276.0,364.175,1784559142960.0,3542.308
ss-74-180000,1784559921081.863,1784559921733,1784559922960.0,1784559923324.1753,651.137,1227.0,364.175,1784559142960.0,2242.312
ss-27-180000,1784559921431.8618,1784559921733,1784559922960.0,1784559923324.1763,301.138,1227.0,364.176,1784559142960.0,1892.314
ss-93-180000,1784559915681.8599,1784559916483,1784559922960.0,1784559923324.1777,801.14,6477.0,364.178,1784559142960.0,7642.318
ss-9-180000,1784559911131.8633,1784559911233,1784559922960.0,1784559923324.2432,101.137,11727.0,364.243,1784559142960.0,12192.38
ss-87-180000,1784559918231.861,1784559918584,1784559922960.0,1784559923324.2446,352.139,4376.0,364.245,1784559142960.0,5092.384
ss-50-180000,1784559918781.865,1784559919633,1784559922961.0,1784559923324.2454,851.135,3328.0,363.245,1784559142961.0,4542.38
ss-18-180000,1784559919931.8848,1784559920684,1784559922961.0,1784559923324.2463,752.115,2277.0,363.246,1784559142961.0,3392.362
ss-51-180000,1784559918031.869,1784559918584,1784559922961.0,1784559923324.2542,552.131,4377.0,363.254,1784559142961.0,5292.385
ss-22-180000,1784559916731.8604,1784559917534,1784559922961.0,1784559923324.2554,802.14,5427.0,363.255,1784559142961.0,6592.395
ss-41-180000,1784559918131.8684,1784559918584,1784559922961.0,1784559923324.256,452.132,4377.0,363.256,1784559142961.0,5192.388
ss-26-180000,1784559913881.8662,1784559914384,1784559922961.0,1784559923324.257,502.134,8577.0,363.257,1784559142961.0,9442.391
ss-82-180000,1784559918981.8616,1784559919633,1784559922961.0,1784559923324.2578,651.138,3328.0,363.258,1784559142961.0,4342.396
ss-90-180000,1784559913981.8582,1784559914384,1784559922961.0,1784559923324.3267,402.142,8577.0,363.327,1784559142961.0,9342.469
ss-16-180000,1784559920031.8687,1784559920684,1784559922961.0,1784559923324.3274,652.131,2277.0,363.327,1784559142961.0,3292.459
ss-48-180000,1784559915481.8628,1784559916483,1784559922961.0,1784559923324.328,1001.137,6478.0,363.328,1784559142961.0,7842.465
ss-56-180000,1784559921831.866,1784559922784,1784559922962.0,1784559923324.4614,952.134,178.0,362.461,1784559142962.0,1492.595
ss-15-180000,1784559919981.8687,1784559920684,1784559922962.0,1784559923324.4653,702.131,2278.0,362.465,1784559142962.0,3342.597
ss-45-180000,1784559922181.8577,1784559922784,1784559922962.0,1784559923324.468,602.142,178.0,362.468,1784559142962.0,1142.61
ss-68-180000,1784559919881.8809,1784559920684,1784559922962.0,1784559923324.4695,802.119,2278.0,362.469,1784559142962.0,3442.589
ss-86-180000,1784559922031.8616,1784559922784,1784559922962.0,1784559923324.471,752.138,178.0,362.471,1784559142962.0,1292.609
ss-53-180000,1784559912731.861,1784559913333,1784559922962.0,1784559923324.472,601.139,9629.0,362.472,1784559142962.0,10592.611
ss-78-180000,1784559920731.8635,1784559921733,1784559922962.0,1784559923324.473,1001.136,1229.0,362.473,1784559142962.0,2592.609
ss-73-180000,1784559916481.8625,1784559916483,1784559922962.0,1784559923324.4739,1.137,6479.0,362.474,1784559142962.0,6842.611
ss-92-180000,1784559914281.8792,1784559914384,1784559922963.0,1784559923324.4749,102.121,8579.0,361.475,1784559142963.0,9042.596
ss-36-180000,1784559921381.8623,1784559921733,1784559922963.0,1784559923324.476,351.138,1230.0,361.476,1784559142963.0,1942.614
ss-77-180000,1784559921631.865,1784559921733,1784559922963.0,1784559923324.4768,101.135,1230.0,361.477,1784559142963.0,1692.612
ss-76-180000,1784559917531.8635,1784559917534,1784559922963.0,1784559923324.4775,2.136,5429.0,361.478,1784559142963.0,5792.614
ss-39-180000,1784559920831.863,1784559921733,1784559922963.0,1784559923324.4941,901.137,1230.0,361.494,1784559142963.0,2492.631
ss-7-180000,1784559921481.8635,1784559921733,1784559922963.0,1784559923324.495,251.136,1230.0,361.495,1784559142963.0,1842.632
ss-1-180000,1784559921131.8628,1784559921733,1784559922963.0,1784559923324.5227,601.137,1230.0,361.523,1784559142963.0,2192.66
ss-12-180000,1784559919281.8645,1784559919633,1784559922963.0,1784559923324.5325,351.135,3330.0,361.532,1784559142963.0,4042.668
ss-99-180000,1784559910931.8562,1784559911233,1784559922963.0,1784559923324.5337,301.144,11730.0,361.534,1784559142963.0,12392.677
ss-38-180000,1784559900881.8606,1784559901784,1784559922963.0,1784559923324.5344,902.139,21179.0,361.534,1784559142963.0,22442.674
ss-47-180000,1784559914981.867,1784559915434,1784559922963.0,1784559923324.535,452.133,7529.0,361.535,1784559142963.0,8342.668
ss-98-180000,1784559913481.8628,1784559914384,1784559922964.0,1784559923324.5474,902.137,8580.0,360.547,1784559142964.0,9842.685
ss-43-180000,1784559922131.8582,1784559922784,1784559922964.0,1784559923324.5483,652.142,180.0,360.548,1784559142964.0,1192.69
ss-58-180000,1784559920381.843,1784559920684,1784559922964.0,1784559923324.5593,302.157,2280.0,360.559,1784559142964.0,2942.716
ss-21-180000,1784559919631.8635,1784559919633,1784559922964.0,1784559923324.56,1.136,3331.0,360.56,1784559142964.0,3692.697
ss-95-180000,1784559910881.8608,1784559911233,1784559922964.0,1784559923324.5608,351.139,11731.0,360.561,1784559142964.0,12442.7
ss-4-180000,1784559919231.8633,1784559919633,1784559922964.0,1784559923324.7344,401.137,3331.0,360.734,1784559142964.0,4092.871
ss-14-180000,1784559919531.8647,1784559919633,1784559922964.0,1784559923324.7363,101.135,3331.0,360.736,1784559142964.0,3792.872
ss-83-180000,1784559910081.8755,1784559910183,1784559922964.0,1784559923324.737,101.125,12781.0,360.737,1784559142964.0,13242.862
ss-11-180000,1784559920281.8657,1784559920684,1784559922964.0,1784559923324.7383,402.134,2280.0,360.738,1784559142964.0,3042.873
ss-69-180000,1784559920331.865,1784559920684,1784559922964.0,1784559923324.7395,352.135,2280.0,360.74,1784559142964.0,2992.875
ss-52-180000,1784559920131.868,1784559920684,1784559922964.0,1784559923324.7402,552.132,2280.0,360.74,1784559142964.0,3192.872
ss-62-180000,1784559921331.8718,1784559921733,1784559922964.0,1784559923324.741,401.128,1231.0,360.741,1784559142964.0,1992.869
ss-10-180000,1784559913631.8677,1784559914384,1784559922965.0,1784559923324.7502,752.132,8581.0,359.75,1784559142965.0,9692.883
ss-49-180000,1784559921031.864,1784559921733,1784559922965.0,1784559923324.7512,701.136,1232.0,359.751,1784559142965.0,2292.887
ss-4-240000,1784559930781.86,1784559931184,1784559932347.0,1784559933399.2517,402.14,1163.0,1052.252,1784559092347.0,2617.392
ss-79-240000,1784559924731.8616,1784559924884,1784559932348.0,1784559933399.255,152.138,7464.0,1051.255,1784559092348.0,8667.393
ss-62-240000,1784559921331.8718,1784559921733,1784559932348.0,1784559933399.2559,401.128,10615.0,1051.256,1784559092348.0,12067.384
ss-64-240000,1784559926481.8635,1784559926984,1784559932348.0,1784559933399.2573,502.136,5364.0,1051.257,1784559092348.0,6917.394
ss-3-240000,1784559927881.8594,1784559928033,1784559932348.0,1784559933399.258,151.141,4315.0,1051.258,1784559092348.0,5517.399
ss-29-240000,1784559925231.859,1784559925933,1784559932348.0,1784559933399.2585,701.141,6415.0,1051.259,1784559092348.0,8167.4
ss-19-240000,1784559930931.859,1784559931184,1784559932348.0,1784559933399.259,252.141,1164.0,1051.259,1784559092348.0,2467.4
ss-6-240000,1784559928981.859,1784559929084,1784559932349.0,1784559933399.2595,102.141,3265.0,1050.26,1784559092349.0,4417.401
ss-70-240000,1784559927081.8625,1784559928033,1784559932349.0,1784559933399.2605,951.137,4316.0,1050.26,1784559092349.0,6317.398
ss-23-240000,1784559930081.8613,1784559930134,1784559932349.0,1784559933399.263,52.139,2215.0,1050.263,1784559092349.0,3317.402
ss-65-240000,1784559927831.8599,1784559928033,1784559932349.0,1784559933399.2722,201.14,4316.0,1050.272,1784559092349.0,5567.412
ss-31-240000,1784559931981.8616,1784559932235,1784559932349.0,1784559933399.2727,253.138,114.0,1050.273,1784559092349.0,1417.411
ss-8-240000,1784559930431.8613,1784559931184,1784559932349.0,1784559933399.2732,752.139,1165.0,1050.273,1784559092349.0,2967.412
ss-96-240000,1784559932131.8682,1784559932235,1784559932349.0,1784559933399.2737,103.132,114.0,1050.274,1784559092349.0,1267.406
ss-60-240000,1784559931581.8672,1784559932235,1784559932350.0,1784559933399.2742,653.133,115.0,1049.274,1784559092350.0,1817.407
ss-17-240000,1784559918731.8586,1784559919633,1784559932350.0,1784559933399.2751,901.141,12717.0,1049.275,1784559092350.0,14667.417
ss-57-240000,1784559931681.8657,1784559932235,1784559932350.0,1784559933399.276,553.134,115.0,1049.276,1784559092350.0,1717.41
ss-71-240000,1784559930181.863,1784559931184,1784559932350.0,1784559933399.2764,1002.137,1166.0,1049.276,1784559092350.0,3217.413
ss-40-240000,1784559912031.859,1784559912283,1784559932350.0,1784559933399.2766,251.141,20067.0,1049.277,1784559092350.0,21367.418
ss-63-240000,1784559929481.865,1784559930134,1784559932350.0,1784559933399.2773,652.135,2216.0,1049.277,1784559092350.0,3917.412
ss-20-240000,1784559929131.8606,1784559930134,1784559932350.0,1784559933399.2932,1002.139,2216.0,1049.293,1784559092350.0,4267.433
ss-67-240000,1784559918481.8694,1784559918584,1784559932350.0,1784559933399.2969,102.131,13766.0,1049.297,1784559092350.0,14917.427
ss-84-240000,1784559921731.8643,1784559921733,1784559932351.0,1784559933399.2974,1.136,10618.0,1048.297,1784559092351.0,11667.433
ss-55-240000,1784559928081.8591,1784559929084,1784559932351.0,1784559933399.3438,1002.141,3267.0,1048.344,1784559092351.0,5317.485
ss-33-240000,1784559912581.8618,1784559913333,1784559932351.0,1784559933399.3455,751.138,19018.0,1048.345,1784559092351.0,20817.484
ss-24-240000,1784559930631.8613,1784559931184,1784559932351.0,1784559933399.3467,552.139,1167.0,1048.347,1784559092351.0,2767.485
ss-28-240000,1784559929081.8618,1784559929084,1784559932351.0,1784559933399.3474,2.138,3267.0,1048.347,1784559092351.0,4317.486
ss-52-240000,1784559929731.8682,1784559930134,1784559932351.0,1784559933399.3591,402.132,2217.0,1048.359,1784559092351.0,3667.491
ss-5-240000,1784559928931.856,1784559929084,1784559932351.0,1784559933399.36,152.144,3267.0,1048.36,1784559092351.0,4467.504
ss-32-240000,1784559929431.8655,1784559930134,1784559932351.0,1784559933399.361,702.135,2217.0,1048.361,1784559092351.0,3967.496
ss-13-240000,1784559922831.8674,1784559923834,1784559932351.0,1784559933399.362,1002.133,8517.0,1048.362,1784559092351.0,10567.495
ss-44-240000,1784559930531.864,1784559931184,1784559932352.0,1784559933399.3672,652.136,1168.0,1047.367,1784559092352.0,2867.503
ss-75-240000,1784559929181.8623,1784559930134,1784559932352.0,1784559933399.3684,952.138,2218.0,1047.368,1784559092352.0,4217.506
ss-66-240000,1784559927981.8535,1784559928033,1784559932352.0,1784559933399.3694,51.146,4319.0,1047.369,1784559092352.0,5417.516
ss-59-240000,1784559928031.8555,1784559928033,1784559932352.0,1784559933399.384,1.145,4319.0,1047.384,1784559092352.0,5367.529
ss-61-240000,1784559912331.8625,1784559913333,1784559932352.0,1784559933399.385,1001.137,19019.0,1047.385,1784559092352.0,21067.522
ss-42-240000,1784559924181.8804,1784559924884,1784559932352.0,1784559933399.386,702.12,7468.0,1047.386,1784559092352.0,9217.506
ss-25-240000,1784559927631.851,1784559928033,1784559932352.0,1784559933399.3867,401.149,4319.0,1047.387,1784559092352.0,5767.536
ss-11-240000,1784559931031.8652,1784559931184,1784559932352.0,1784559933399.4026,152.135,1168.0,1047.403,1784559092352.0,2367.537
ss-46-240000,1784559925931.865,1784559925933,1784559932352.0,1784559933399.4038,1.135,6419.0,1047.404,1784559092352.0,7467.539
ss-0-240000,1784559929281.8677,1784559930134,1784559932353.0,1784559933399.4045,852.132,2219.0,1046.405,1784559092353.0,4117.537
ss-69-240000,1784559920331.865,1784559920684,1784559932353.0,1784559933399.4329,352.135,11669.0,1046.433,1784559092353.0,13067.568
ss-81-240000,1784559917431.8735,1784559917534,1784559932353.0,1784559933399.4338,102.126,14819.0,1046.434,1784559092353.0,15967.56
ss-88-240000,1784559926881.8638,1784559926984,1784559932353.0,1784559933399.4407,102.136,5369.0,1046.441,1784559092353.0,6517.577
ss-30-240000,1784559931231.8613,1784559932235,1784559932353.0,1784559933399.4417,1003.139,118.0,1046.442,1784559092353.0,2167.58
ss-94-240000,1784559922431.8533,1784559922784,1784559932353.0,1784559933399.4421,352.147,9569.0,1046.442,1784559092353.0,10967.589
ss-89-240000,1784559916581.8608,1784559917534,1784559932353.0,1784559933399.476,952.139,14819.0,1046.476,1784559092353.0,16817.615
ss-37-240000,1784559930131.869,1784559930134,1784559932353.0,1784559933399.477,2.131,2219.0,1046.477,1784559092353.0,3267.608
ss-85-240000,1784559930831.8604,1784559931184,1784559932354.0,1784559933399.478,352.14,1170.0,1045.478,1784559092354.0,2567.618
ss-97-240000,1784559928881.8606,1784559929084,1784559932354.0,1784559933399.4788,202.139,3270.0,1045.479,1784559092354.0,4517.618
ss-2-240000,1784559929881.8687,1784559930134,1784559932354.0,1784559933399.4795,252.131,2220.0,1045.479,1784559092354.0,3517.611
ss-72-240000,1784559927431.8628,1784559928033,1784559932354.0,1784559933399.4866,601.137,4321.0,1045.487,1784559092354.0,5967.624
ss-54-240000,1784559924381.8616,1784559924884,1784559932354.0,1784559933399.4875,502.138,7470.0,1045.488,1784559092354.0,9017.626
ss-91-240000,1784559929831.8684,1784559930134,1784559932354.0,1784559933399.495,302.132,2220.0,1045.495,1784559092354.0,3567.627
ss-35-240000,1784559923181.8643,1784559923834,1784559932354.0,1784559933399.5183,652.136,8520.0,1045.518,1784559092354.0,10217.654
ss-34-240000,1784559931081.8684,1784559931184,1784559932354.0,1784559933399.5674,102.132,1170.0,1045.567,1784559092354.0,2317.699
ss-27-240000,1784559932081.87,1784559932235,1784559932355.0,1784559933399.5898,153.13,120.0,1044.59,1784559092355.0,1317.72
ss-93-240000,1784559915681.8599,1784559916483,1784559932355.0,1784559933399.5913,801.14,15872.0,1044.591,1784559092355.0,17717.731
ss-9-240000,1784559927931.8599,1784559928033,1784559932355.0,1784559933399.6033,101.14,4322.0,1044.603,1784559092355.0,5467.743
ss-77-240000,1784559932031.8694,1784559932235,1784559932355.0,1784559933399.6038,203.131,120.0,1044.604,1784559092355.0,1367.734
ss-22-240000,1784559929981.8635,1784559930134,1784559932355.0,1784559933399.6045,152.136,2221.0,1044.604,1784559092355.0,3417.741
ss-18-240000,1784559927731.8567,1784559928033,1784559932355.0,1784559933399.6052,301.143,4322.0,1044.605,1784559092355.0,5667.749
ss-50-240000,1784559928831.8525,1784559929084,1784559932355.0,1784559933399.6692,252.147,3271.0,1044.669,1784559092355.0,4567.817
ss-51-240000,1784559931381.867,1784559932235,1784559932356.0,1784559933399.6702,853.133,121.0,1043.67,1784559092356.0,2017.803
ss-82-240000,1784559927481.8618,1784559928033,1784559932356.0,1784559933399.6711,551.138,4323.0,1043.671,1784559092356.0,5917.809
ss-90-240000,1784559931781.8682,1784559932235,1784559932356.0,1784559933399.672,453.132,121.0,1043.672,1784559092356.0,1617.804
ss-26-240000,1784559931631.8694,1784559932235,1784559932356.0,1784559933399.6797,603.131,121.0,1043.68,1784559092356.0,1767.81
ss-48-240000,1784559915481.8628,1784559916483,1784559932356.0,1784559933399.6804,1001.137,15873.0,1043.68,1784559092356.0,17917.818
ss-41-240000,1784559928281.8687,1784559929084,1784559932356.0,1784559933399.6868,802.131,3272.0,1043.687,1784559092356.0,5117.818
ss-16-240000,1784559931731.864,1784559932235,1784559932356.0,1784559933399.6929,503.136,121.0,1043.693,1784559092356.0,1667.829
ss-56-240000,1784559931881.859,1784559932235,1784559932357.0,1784559933399.744,353.141,122.0,1042.744,1784559092357.0,1517.885
ss-95-240000,1784559925781.877,1784559925933,1784559932357.0,1784559933399.7449,151.123,6424.0,1042.745,1784559092357.0,7617.868
ss-87-240000,1784559924881.869,1784559924884,1784559932357.0,1784559933399.7456,2.131,7473.0,1042.746,1784559092357.0,8517.877
ss-21-240000,1784559928431.8586,1784559929084,1784559932357.0,1784559933399.7546,652.141,3273.0,1042.755,1784559092357.0,4967.896
ss-80-240000,1784559931431.8616,1784559932235,1784559932357.0,1784559933399.7554,803.138,122.0,1042.755,1784559092357.0,1967.894
ss-45-240000,1784559930031.9873,1784559930134,1784559932357.0,1784559933399.756,102.013,2223.0,1042.756,1784559092357.0,3367.769
ss-15-240000,1784559930481.863,1784559931184,1784559932357.0,1784559933399.8203,702.137,1173.0,1042.82,1784559092357.0,2917.957
ss-68-240000,1784559930281.8662,1784559931184,1784559932358.0,1784559933399.8213,902.134,1174.0,1041.821,1784559092358.0,3117.955
ss-92-240000,1784559926831.8604,1784559926984,1784559932358.0,1784559933399.822,152.14,5374.0,1041.822,1784559092358.0,6567.962
ss-58-240000,1784559929331.8625,1784559930134,1784559932358.0,1784559933399.8508,802.137,2224.0,1041.851,1784559092358.0,4067.988
ss-78-240000,1784559922281.896,1784559922784,1784559932358.0,1784559933399.8518,502.104,9574.0,1041.852,1784559092358.0,11117.956
ss-73-240000,1784559925431.8665,1784559925933,1784559932358.0,1784559933399.8525,501.134,6425.0,1041.853,1784559092358.0,7967.986
ss-39-240000,1784559925981.8694,1784559926984,1784559932358.0,1784559933399.86,1002.131,5374.0,1041.86,1784559092358.0,7417.991
ss-53-240000,1784559929381.8657,1784559930134,1784559932359.0,1784559933400.0146,752.134,2225.0,1041.015,1784559092359.0,4018.149
ss-1-240000,1784559928181.86,1784559929084,1784559932359.0,1784559933400.12,902.14,3275.0,1041.12,1784559092359.0,5218.26
ss-36-240000,1784559930681.864,1784559931184,1784559932359.0,1784559933400.122,502.136,1175.0,1041.122,1784559092359.0,2718.258
ss-76-240000,1784559931831.8906,1784559932235,1784559932359.0,1784559933400.1306,403.109,124.0,1041.131,1784559092359.0,1568.24
ss-86-240000,1784559932181.8325,1784559932235,1784559932359.0,1784559933400.2634,53.167,124.0,1041.263,1784559092359.0,1218.431
ss-7-240000,1784559928131.8606,1784559929084,1784559932359.0,1784559933400.2646,952.139,3275.0,1041.265,1784559092359.0,5268.404
ss-38-240000,1784559931531.8672,1784559932235,1784559932360.0,1784559933400.2654,703.133,125.0,1040.265,1784559092360.0,1868.398
ss-99-240000,1784559910931.8562,1784559911233,1784559932360.0,1784559933400.2664,301.144,21127.0,1040.266,1784559092360.0,22468.41
ss-74-240000,1784559931481.861,1784559932235,1784559932360.0,1784559933400.267,753.139,125.0,1040.267,1784559092360.0,1918.406
ss-47-240000,1784559931931.8613,1784559932235,1784559932360.0,1784559933400.3037,303.139,125.0,1040.304,1784559092360.0,1468.442
ss-98-240000,1784559928231.8586,1784559929084,1784559932360.0,1784559933400.3047,852.141,3276.0,1040.305,1784559092360.0,5168.446
ss-43-240000,1784559930881.861,1784559931184,1784559932360.0,1784559933400.3057,302.139,1176.0,1040.306,1784559092360.0,2518.445
ss-14-240000,1784559930231.8665,1784559931184,1784559932360.0,1784559933400.3135,952.134,1176.0,1040.313,1784559092360.0,3168.447
ss-83-240000,1784559926081.8638,1784559926984,1784559932360.0,1784559933400.3145,902.136,5376.0,1040.314,1784559092360.0,7318.451
ss-12-240000,1784559928531.8613,1784559929084,1784559932361.0,1784559933400.3152,552.139,3277.0,1039.315,1784559092361.0,4868.454
ss-10-240000,1784559913631.8677,1784559914384,1784559932361.0,1784559933400.3162,752.132,17977.0,1039.316,1784559092361.0,19768.448
ss-49-240000,1784559930331.8591,1784559931184,1784559932361.0,1784559933400.317,852.141,1177.0,1039.317,1784559092361.0,3068.458
ss-64-300000,1784559926481.8635,1784559926984,1784559932361.0,1784559933400.3176,502.136,5377.0,1039.318,1784559032361.0,6918.454
ss-19-300000,1784559930931.859,1784559931184,1784559932361.0,1784559933400.331,252.141,1177.0,1039.331,1784559032361.0,2468.472
ss-96-300000,1784559932131.8682,1784559932235,1784559932361.0,1784559933400.332,103.132,126.0,1039.332,1784559032361.0,1268.464
ss-23-300000,1784559930081.8613,1784559930134,1784559932361.0,1784559933400.3328,52.139,2227.0,1039.333,1784559032361.0,3318.471
ss-29-300000,1784559925231.859,1784559925933,1784559932361.0,1784559933400.3335,701.141,6428.0,1039.333,1784559032361.0,8168.475
ss-3-300000,1784559927881.8594,1784559928033,1784559932362.0,1784559933400.3386,151.141,4329.0,1038.339,1784559032362.0,5518.479
ss-65-300000,1784559927831.8599,1784559928033,1784559932362.0,1784559933400.388,201.14,4329.0,1038.388,1784559032362.0,5568.528
ss-71-300000,1784559930181.863,1784559931184,1784559932362.0,1784559933400.389,1002.137,1178.0,1038.389,1784559032362.0,3218.526
ss-8-300000,1784559930431.8613,1784559931184,1784559932362.0,1784559933400.39,752.139,1178.0,1038.39,1784559032362.0,2968.529
ss-6-300000,1784559928981.859,1784559929084,1784559932362.0,1784559933400.3906,102.141,3278.0,1038.391,1784559032362.0,4418.532
ss-31-300000,1784559931981.8616,1784559932235,1784559932362.0,1784559933400.3982,253.138,127.0,1038.398,1784559032362.0,1418.537
ss-60-300000,1784559931581.8672,1784559932235,1784559932362.0,1784559933400.399,653.133,127.0,1038.399,1784559032362.0,1818.532
ss-57-300000,1784559931681.8657,1784559932235,1784559932363.0,1784559933400.4,553.134,128.0,1037.4,1784559032363.0,1718.534
ss-40-300000,1784559912031.859,1784559912283,1784559932363.0,1784559933400.4185,251.141,20080.0,1037.418,1784559032363.0,21368.56
ss-17-300000,1784559918731.8586,1784559919633,1784559932363.0,1784559933400.4358,901.141,12730.0,1037.436,1784559032363.0,14668.577
ss-63-300000,1784559929481.865,1784559930134,1784559932363.0,1784559933400.4434,652.135,2229.0,1037.443,1784559032363.0,3918.578
ss-84-300000,1784559921731.8643,1784559921733,1784559932363.0,1784559933400.449,1.136,10630.0,1037.449,1784559032363.0,11668.585
ss-20-300000,1784559929131.8606,1784559930134,1784559932363.0,1784559933400.4497,1002.139,2229.0,1037.45,1784559032363.0,4268.589
ss-88-300000,1784559926881.8638,1784559926984,1784559932363.0,1784559933400.4563,102.136,5379.0,1037.456,1784559032363.0,6518.593
ss-70-300000,1784559927081.8625,1784559928033,1784559932363.0,1784559933400.4624,951.137,4330.0,1037.462,1784559032363.0,6318.6
ss-67-300000,1784559918481.8694,1784559918584,1784559932364.0,1784559933400.519,102.131,13780.0,1036.519,1784559032364.0,14918.65
ss-28-300000,1784559929081.8618,1784559929084,1784559932364.0,1784559933400.5203,2.138,3280.0,1036.52,1784559032364.0,4318.658
ss-24-300000,1784559930631.8613,1784559931184,1784559932364.0,1784559933400.5234,552.139,1180.0,1036.523,1784559032364.0,2768.662
ss-5-300000,1784559928931.856,1784559929084,1784559932364.0,1784559933400.524,152.144,3280.0,1036.524,1784559032364.0,4468.668
ss-13-300000,1784559922831.8674,1784559923834,1784559932364.0,1784559933400.5244,1002.133,8530.0,1036.524,1784559032364.0,10568.657
ss-55-300000,1784559928081.8591,1784559929084,1784559932365.0,1784559933400.5298,1002.141,3281.0,1035.53,1784559032365.0,5318.671
ss-33-300000,1784559912581.8618,1784559913333,1784559932365.0,1784559933400.5813,751.138,19032.0,1035.581,1784559032365.0,20818.719
ss-44-300000,1784559930531.864,1784559931184,1784559932365.0,1784559933400.582,652.136,1181.0,1035.582,1784559032365.0,2868.718
ss-69-300000,1784559920331.865,1784559920684,1784559932365.0,1784559933400.5825,352.135,11681.0,1035.583,1784559032365.0,13068.718
ss-32-300000,1784559929431.8655,1784559930134,1784559932365.0,1784559933400.583,702.135,2231.0,1035.583,1784559032365.0,3968.718
ss-75-300000,1784559929181.8623,1784559930134,1784559932365.0,1784559933400.5835,952.138,2231.0,1035.583,1784559032365.0,4218.721
ss-59-300000,1784559928031.8555,1784559928033,1784559932365.0,1784559933400.584,1.145,4332.0,1035.584,1784559032365.0,5368.729
ss-66-300000,1784559927981.8535,1784559928033,1784559932365.0,1784559933400.5845,51.146,4332.0,1035.584,1784559032365.0,5418.731
ss-61-300000,1784559912331.8625,1784559913333,1784559932366.0,1784559933400.6475,1001.137,19033.0,1034.647,1784559032366.0,21068.785
ss-46-300000,1784559925931.865,1784559925933,1784559932366.0,1784559933400.6484,1.135,6433.0,1034.648,1784559032366.0,7468.783
ss-25-300000,1784559927631.851,1784559928033,1784559932366.0,1784559933400.649,401.149,4333.0,1034.649,1784559032366.0,5768.798
ss-0-300000,1784559929281.8677,1784559930134,1784559932366.0,1784559933400.653,852.132,2232.0,1034.653,1784559032366.0,4118.785
ss-94-300000,1784559922431.8533,1784559922784,1784559932366.0,1784559933400.6536,352.147,9582.0,1034.654,1784559032366.0,10968.8
ss-81-300000,1784559917431.8735,1784559917534,1784559932366.0,1784559933400.6538,102.126,14832.0,1034.654,1784559032366.0,15968.78
ss-30-300000,1784559931231.8613,1784559932235,1784559932366.0,1784559933400.6543,1003.139,131.0,1034.654,1784559032366.0,2168.793
ss-37-300000,1784559930131.869,1784559930134,1784559932366.0,1784559933400.7524,2.131,2232.0,1034.752,1784559032366.0,3268.884
ss-89-300000,1784559916581.8608,1784559917534,1784559932367.0,1784559933400.7544,952.139,14833.0,1033.754,1784559032367.0,16818.894
ss-74-300000,1784559931481.861,1784559932235,1784559932367.0,1784559933400.7554,753.139,132.0,1033.755,1784559032367.0,1918.894
ss-97-300000,1784559928881.8606,1784559929084,1784559932367.0,1784559933400.756,202.139,3283.0,1033.756,1784559032367.0,4518.896
ss-85-300000,1784559930831.8604,1784559931184,1784559932367.0,1784559933400.7568,352.14,1183.0,1033.757,1784559032367.0,2568.896
ss-54-300000,1784559924381.8616,1784559924884,1784559932367.0,1784559933400.7578,502.138,7483.0,1033.758,1784559032367.0,9018.896
ss-2-300000,1784559929881.8687,1784559930134,1784559932367.0,1784559933400.7683,252.131,2233.0,1033.768,1784559032367.0,3518.9
ss-72-300000,1784559927431.8628,1784559928033,1784559932367.0,1784559933400.7693,601.137,4334.0,1033.769,1784559032367.0,5968.906
ss-42-300000,1784559924181.8804,1784559924884,1784559932367.0,1784559933400.7703,702.12,7483.0,1033.77,1784559032367.0,9218.89
ss-35-300000,1784559923181.8643,1784559923834,1784559932368.0,1784559933400.771,652.136,8534.0,1032.771,1784559032368.0,10218.907
ss-34-300000,1784559931081.8684,1784559931184,1784559932368.0,1784559933400.7764,102.132,1184.0,1032.776,1784559032368.0,2318.908
ss-93-300000,1784559915681.8599,1784559916483,1784559932368.0,1784559933400.7773,801.14,15885.0,1032.777,1784559032368.0,17718.917
ss-9-300000,1784559927931.8599,1784559928033,1784559932368.0,1784559933400.778,101.14,4335.0,1032.778,1784559032368.0,5468.918
ss-27-300000,1784559932081.87,1784559932235,1784559932368.0,1784559933400.779,153.13,133.0,1032.779,1784559032368.0,1318.909
ss-21-300000,1784559928431.8586,1784559929084,1784559932368.0,1784559933400.7913,652.141,3284.0,1032.791,1784559032368.0,4968.933
ss-80-300000,1784559931431.8616,1784559932235,1784559932368.0,1784559933400.7922,803.138,133.0,1032.792,1784559032368.0,1968.931
ss-50-300000,1784559928831.8525,1784559929084,1784559932368.0,1784559933400.793,252.147,3284.0,1032.793,1784559032368.0,4568.94
ss-22-300000,1784559929981.8635,1784559930134,1784559932368.0,1784559933400.795,152.136,2234.0,1032.795,1784559032368.0,3418.931
ss-18-300000,1784559927731.8567,1784559928033,1784559932369.0,1784559933400.8008,301.143,4336.0,1031.801,1784559032369.0,5668.944
ss-51-300000,1784559931381.867,1784559932235,1784559932369.0,1784559933400.8135,853.133,134.0,1031.813,1784559032369.0,2018.947
ss-41-300000,1784559928281.8687,1784559929084,1784559932369.0,1784559933400.8142,802.131,3285.0,1031.814,1784559032369.0,5118.946
ss-87-300000,1784559924881.869,1784559924884,1784559932369.0,1784559933400.8152,2.131,7485.0,1031.815,1784559032369.0,8518.946
ss-26-300000,1784559931631.8694,1784559932235,1784559932369.0,1784559933400.8264,603.131,134.0,1031.826,1784559032369.0,1768.957
ss-53-300000,1784559929381.8657,1784559930134,1784559932369.0,1784559933400.8274,752.134,2235.0,1031.827,1784559032369.0,4018.962
ss-16-300000,1784559931731.864,1784559932235,1784559932369.0,1784559933400.8281,503.136,134.0,1031.828,1784559032369.0,1668.964
ss-48-300000,1784559915481.8628,1784559916483,1784559932370.0,1784559933400.8362,1001.137,15887.0,1030.836,1784559032370.0,17918.973
ss-90-300000,1784559931781.8682,1784559932235,1784559932370.0,1784559933400.8691,453.132,135.0,1030.869,1784559032370.0,1619.001
ss-56-300000,1784559931881.859,1784559932235,1784559932370.0,1784559933400.87,353.141,135.0,1030.87,1784559032370.0,1519.011
ss-43-300000,1784559930881.861,1784559931184,1784559932370.0,1784559933400.871,302.139,1186.0,1030.871,1784559032370.0,2519.01
ss-15-300000,1784559930481.863,1784559931184,1784559932370.0,1784559933400.8718,702.137,1186.0,1030.872,1784559032370.0,2919.009
ss-45-300000,1784559930031.9873,1784559930134,1784559932370.0,1784559933400.8787,102.013,2236.0,1030.879,1784559032370.0,3368.891
ss-68-300000,1784559930281.8662,1784559931184,1784559932370.0,1784559933400.8794,902.134,1186.0,1030.879,1784559032370.0,3119.013
ss-73-300000,1784559925431.8665,1784559925933,1784559932370.0,1784559933400.8855,501.134,6437.0,1030.885,1784559032370.0,7969.019
ss-4-300000,1784559930781.86,1784559931184,1784559932370.0,1784559933400.8914,402.14,1186.0,1030.891,1784559032370.0,2619.031
ss-78-300000,1784559922281.896,1784559922784,1784559932371.0,1784559933400.898,502.104,9587.0,1029.898,1784559032371.0,11119.002
ss-58-300000,1784559929331.8625,1784559930134,1784559932371.0,1784559933400.9275,802.137,2237.0,1029.927,1784559032371.0,4069.065
ss-77-300000,1784559932031.8694,1784559932235,1784559932371.0,1784559933400.9285,203.131,136.0,1029.928,1784559032371.0,1369.059
ss-36-300000,1784559930681.864,1784559931184,1784559932371.0,1784559933400.9956,502.136,1187.0,1029.996,1784559032371.0,2719.132
ss-92-300000,1784559926831.8604,1784559926984,1784559932371.0,1784559933400.9968,152.14,5387.0,1029.997,1784559032371.0,6569.136
ss-76-300000,1784559931831.8906,1784559932235,1784559932371.0,1784559933400.9973,403.109,136.0,1029.997,1784559032371.0,1569.107
ss-39-300000,1784559925981.8694,1784559926984,1784559932371.0,1784559933400.998,1002.131,5387.0,1029.998,1784559032371.0,7419.129
ss-83-300000,1784559926081.8638,1784559926984,1784559932371.0,1784559933400.9988,902.136,5387.0,1029.999,1784559032371.0,7319.135
ss-7-300000,1784559928131.8606,1784559929084,1784559932371.0,1784559933400.9995,952.139,3287.0,1030.0,1784559032371.0,5269.139
ss-12-300000,1784559928531.8613,1784559929084,1784559932371.0,1784559933401.0005,552.139,3287.0,1030.0,1784559032371.0,4869.139
ss-86-300000,1784559932181.8325,1784559932235,1784559932372.0,1784559933401.0012,53.167,137.0,1029.001,1784559032372.0,1219.169
ss-1-300000,1784559928181.86,1784559929084,1784559932372.0,1784559933401.3367,902.14,3288.0,1029.337,1784559032372.0,5219.477
ss-38-300000,1784559931531.8672,1784559932235,1784559932372.0,1784559933401.3545,703.133,137.0,1029.354,1784559032372.0,1869.487
ss-99-300000,1784559910931.8562,1784559911233,1784559932372.0,1784559933401.3555,301.144,21139.0,1029.355,1784559032372.0,22469.499
ss-47-300000,1784559931931.8613,1784559932235,1784559932372.0,1784559933401.3567,303.139,137.0,1029.357,1784559032372.0,1469.495
ss-98-300000,1784559928231.8586,1784559929084,1784559932372.0,1784559933401.3577,852.141,3288.0,1029.358,1784559032372.0,5169.499
ss-95-300000,1784559925781.877,1784559925933,1784559932372.0,1784559933401.359,151.123,6439.0,1029.359,1784559032372.0,7619.482
ss-14-300000,1784559930231.8665,1784559931184,1784559932372.0,1784559933401.3599,952.134,1188.0,1029.36,1784559032372.0,3169.493
ss-91-300000,1784559929831.8684,1784559930134,1784559932373.0,1784559933401.3613,302.132,2239.0,1028.361,1784559032373.0,3569.493
ss-11-300000,1784559931031.8652,1784559931184,1784559932373.0,1784559933401.3628,152.135,1189.0,1028.363,1784559032373.0,2369.498
ss-62-300000,1784559921331.8718,1784559921733,1784559932373.0,1784559933401.4292,401.128,10640.0,1028.429,1784559032373.0,12069.557
ss-82-300000,1784559927481.8618,1784559928033,1784559932373.0,1784559933401.4302,551.138,4340.0,1028.43,1784559032373.0,5919.568
ss-10-300000,1784559913631.8677,1784559914384,1784559932373.0,1784559933401.4314,752.132,17989.0,1028.431,1784559032373.0,19769.564
ss-52-300000,1784559929731.8682,1784559930134,1784559932373.0,1784559933401.432,402.132,2239.0,1028.432,1784559032373.0,3669.564
ss-79-300000,1784559924731.8616,1784559924884,1784559932373.0,1784559933401.4321,152.138,7489.0,1028.432,1784559032373.0,8669.571
ss-49-300000,1784559930331.8591,1784559931184,1784559932373.0,1784559933401.439,852.141,1189.0,1028.439,1784559032373.0,3069.58
ss-62-360000,1784559921331.8718,1784559921733,1784559932373.0,1784559933401.4397,401.128,10640.0,1028.44,1784558972373.0,12069.568
ss-79-360000,1784559924731.8616,1784559924884,1784559932374.0,1784559933401.4402,152.138,7490.0,1027.44,1784558972374.0,8669.579
ss-64-360000,1784559926481.8635,1784559926984,1784559932374.0,1784559933401.4404,502.136,5390.0,1027.44,1784558972374.0,6919.577
ss-23-360000,1784559930081.8613,1784559930134,1784559932374.0,1784559933401.441,52.139,2240.0,1027.441,1784558972374.0,3319.58
ss-29-360000,1784559925231.859,1784559925933,1784559932374.0,1784559933401.4414,701.141,6441.0,1027.441,1784558972374.0,8169.583
ss-3-360000,1784559927881.8594,1784559928033,1784559932374.0,1784559933401.4417,151.141,4341.0,1027.442,1784558972374.0,5519.582
ss-21-360000,1784559928431.8586,1784559929084,1784559932374.0,1784559933401.4421,652.141,3290.0,1027.442,1784558972374.0,4969.583
ss-65-360000,1784559927831.8599,1784559928033,1784559932374.0,1784559933401.4453,201.14,4341.0,1027.445,1784558972374.0,5569.585
ss-6-360000,1784559928981.859,1784559929084,1784559932374.0,1784559933401.453,102.141,3290.0,1027.453,1784558972374.0,4419.594
ss-8-360000,1784559930431.8613,1784559931184,1784559932375.0,1784559933401.4536,752.139,1191.0,1026.454,1784558972375.0,2969.592
ss-96-360000,1784559932131.8682,1784559932235,1784559932375.0,1784559933401.454,103.132,140.0,1026.454,1784558972375.0,1269.586
ss-31-360000,1784559931981.8616,1784559932235,1784559932375.0,1784559933401.4546,253.138,140.0,1026.455,1784558972375.0,1419.593
ss-60-360000,1784559931581.8672,1784559932235,1784559932376.0,1784559933401.455,653.133,141.0,1025.455,1784558972376.0,1819.588
ss-71-360000,1784559930181.863,1784559931184,1784559932376.0,1784559933401.559,1002.137,1192.0,1025.559,1784558972376.0,3219.696
ss-57-360000,1784559931681.8657,1784559932235,1784559932376.0,1784559933401.5603,553.134,141.0,1025.56,1784558972376.0,1719.695
ss-17-360000,1784559918731.8586,1784559919633,1784559932376.0,1784559933401.561,901.141,12743.0,1025.561,1784558972376.0,14669.702
ss-40-360000,1784559912031.859,1784559912283,1784559932376.0,1784559933401.5618,251.141,20093.0,1025.562,1784558972376.0,21369.703
ss-70-360000,1784559927081.8625,1784559928033,1784559932376.0,1784559933401.5627,951.137,4343.0,1025.563,1784558972376.0,6319.7
ss-63-360000,1784559929481.865,1784559930134,1784559932376.0,1784559933401.5938,652.135,2242.0,1025.594,1784558972376.0,3919.729
ss-84-360000,1784559921731.8643,1784559921733,1784559932377.0,1784559933401.595,1.136,10644.0,1024.595,1784558972377.0,11669.731
ss-20-360000,1784559929131.8606,1784559930134,1784559932377.0,1784559933401.6006,1002.139,2243.0,1024.601,1784558972377.0,4269.74
ss-88-360000,1784559926881.8638,1784559926984,1784559932377.0,1784559933401.603,102.136,5393.0,1024.603,1784558972377.0,6519.739
ss-67-360000,1784559918481.8694,1784559918584,1784559932377.0,1784559933401.6208,102.131,13793.0,1024.621,1784558972377.0,14919.751
ss-33-360000,1784559912581.8618,1784559913333,1784559932377.0,1784559933401.6218,751.138,19044.0,1024.622,1784558972377.0,20819.76
ss-28-360000,1784559929081.8618,1784559929084,1784559932377.0,1784559933401.631,2.138,3293.0,1024.631,1784558972377.0,4319.769
ss-24-360000,1784559930631.8613,1784559931184,1784559932377.0,1784559933401.6318,552.139,1193.0,1024.632,1784558972377.0,2769.771
ss-55-360000,1784559928081.8591,1784559929084,1784559932378.0,1784559933401.6326,1002.141,3294.0,1023.633,1784558972378.0,5319.773
ss-5-360000,1784559928931.856,1784559929084,1784559932378.0,1784559933401.633,152.144,3294.0,1023.633,1784558972378.0,4469.777
ss-52-360000,1784559929731.8682,1784559930134,1784559932378.0,1784559933401.638,402.132,2244.0,1023.638,1784558972378.0,3669.77
ss-19-360000,1784559930931.859,1784559931184,1784559932378.0,1784559933401.6384,252.141,1194.0,1023.638,1784558972378.0,2469.78
ss-13-360000,1784559922831.8674,1784559923834,1784559932378.0,1784559933401.6653,1002.133,8544.0,1023.665,1784558972378.0,10569.798
ss-32-360000,1784559929431.8655,1784559930134,1784559932378.0,1784559933401.6658,702.135,2244.0,1023.666,1784558972378.0,3969.8
ss-44-360000,1784559930531.864,1784559931184,1784559932378.0,1784559933401.6663,652.136,1194.0,1023.666,1784558972378.0,2869.802
ss-4-360000,1784559930781.86,1784559931184,1784559932378.0,1784559933401.7468,402.14,1194.0,1023.747,1784558972378.0,2619.887
ss-75-360000,1784559929181.8623,1784559930134,1784559932378.0,1784559933401.7478,952.138,2244.0,1023.748,1784558972378.0,4219.885
ss-66-360000,1784559927981.8535,1784559928033,1784559932378.0,1784559933401.7483,51.146,4345.0,1023.748,1784558972378.0,5419.895
ss-46-360000,1784559925931.865,1784559925933,1784559932379.0,1784559933401.7534,1.135,6446.0,1022.753,1784558972379.0,7469.888
ss-25-360000,1784559927631.851,1784559928033,1784559932379.0,1784559933401.7542,401.149,4346.0,1022.754,1784558972379.0,5769.903
ss-59-360000,1784559928031.8555,1784559928033,1784559932379.0,1784559933401.755,1.145,4346.0,1022.755,1784558972379.0,5369.899
ss-61-360000,1784559912331.8625,1784559913333,1784559932379.0,1784559933401.7556,1001.137,19046.0,1022.756,1784558972379.0,21069.893
ss-0-360000,1784559929281.8677,1784559930134,1784559932379.0,1784559933401.7563,852.132,2245.0,1022.756,1784558972379.0,4119.889
ss-30-360000,1784559931231.8613,1784559932235,1784559932379.0,1784559933401.757,1003.139,144.0,1022.757,1784558972379.0,2169.896
ss-37-360000,1784559930131.869,1784559930134,1784559932379.0,1784559933401.7578,2.131,2245.0,1022.758,1784558972379.0,3269.889
ss-91-360000,1784559929831.8684,1784559930134,1784559932379.0,1784559933401.7585,302.132,2245.0,1022.759,1784558972379.0,3569.89
ss-89-360000,1784559916581.8608,1784559917534,1784559932380.0,1784559933401.7957,952.139,14846.0,1021.796,1784558972380.0,16819.935
ss-81-360000,1784559917431.8735,1784559917534,1784559932380.0,1784559933401.7964,102.126,14846.0,1021.796,1784558972380.0,15969.923
ss-85-360000,1784559930831.8604,1784559931184,1784559932380.0,1784559933401.7969,352.14,1196.0,1021.797,1784558972380.0,2569.937
ss-97-360000,1784559928881.8606,1784559929084,1784559932380.0,1784559933401.8015,202.139,3296.0,1021.802,1784558972380.0,4519.941
ss-54-360000,1784559924381.8616,1784559924884,1784559932380.0,1784559933401.802,502.138,7496.0,1021.802,1784558972380.0,9019.94
ss-72-360000,1784559927431.8628,1784559928033,1784559932380.0,1784559933401.806,601.137,4347.0,1021.806,1784558972380.0,5969.943
ss-11-360000,1784559931031.8652,1784559931184,1784559932380.0,1784559933401.8064,152.135,1196.0,1021.806,1784558972380.0,2369.941
ss-34-360000,1784559931081.8684,1784559931184,1784559932380.0,1784559933401.807,102.132,1196.0,1021.807,1784558972380.0,2319.938
ss-2-360000,1784559929881.8687,1784559930134,1784559932380.0,1784559933401.8552,252.131,2246.0,1021.855,1784558972380.0,3519.987
ss-14-360000,1784559930231.8665,1784559931184,1784559932380.0,1784559933401.856,952.134,1196.0,1021.856,1784558972380.0,3169.99
ss-35-360000,1784559923181.8643,1784559923834,1784559932381.0,1784559933401.8564,652.136,8547.0,1020.856,1784558972381.0,10219.992
ss-94-360000,1784559922431.8533,1784559922784,1784559932381.0,1784559933401.857,352.147,9597.0,1020.857,1784558972381.0,10970.004
ss-93-360000,1784559915681.8599,1784559916483,1784559932381.0,1784559933401.8948,801.14,15898.0,1020.895,1784558972381.0,17720.035
ss-9-360000,1784559927931.8599,1784559928033,1784559932381.0,1784559933401.9006,101.14,4348.0,1020.901,1784558972381.0,5470.041
ss-27-360000,1784559932081.87,1784559932235,1784559932381.0,1784559933401.9036,153.13,146.0,1020.904,1784558972381.0,1320.033
ss-50-360000,1784559928831.8525,1784559929084,1784559932381.0,1784559933401.9048,252.147,3297.0,1020.905,1784558972381.0,4570.052
ss-51-360000,1784559931381.867,1784559932235,1784559932381.0,1784559933401.905,853.133,146.0,1020.905,1784558972381.0,2020.038
ss-18-360000,1784559927731.8567,1784559928033,1784559932381.0,1784559933401.906,301.143,4348.0,1020.906,1784558972381.0,5670.049
ss-42-360000,1784559924181.8804,1784559924884,1784559932381.0,1784559933401.9062,702.12,7497.0,1020.906,1784558972381.0,9220.026
ss-41-360000,1784559928281.8687,1784559929084,1784559932381.0,1784559933401.9114,802.131,3297.0,1020.911,1784558972381.0,5120.043
ss-26-360000,1784559931631.8694,1784559932235,1784559932382.0,1784559933402.0022,603.131,147.0,1020.002,1784558972382.0,1770.133
ss-90-360000,1784559931781.8682,1784559932235,1784559932382.0,1784559933402.0032,453.132,147.0,1020.003,1784558972382.0,1620.135
ss-22-360000,1784559929981.8635,1784559930134,1784559932382.0,1784559933402.0042,152.136,2248.0,1020.004,1784558972382.0,3420.141
ss-16-360000,1784559931731.864,1784559932235,1784559932382.0,1784559933402.0046,503.136,147.0,1020.005,1784558972382.0,1670.141
ss-87-360000,1784559924881.869,1784559924884,1784559932382.0,1784559933402.0107,2.131,7498.0,1020.011,1784558972382.0,8520.142
ss-56-360000,1784559931881.859,1784559932235,1784559932382.0,1784559933402.0117,353.141,147.0,1020.012,1784558972382.0,1520.153
ss-48-360000,1784559915481.8628,1784559916483,1784559932382.0,1784559933402.0122,1001.137,15899.0,1020.012,1784558972382.0,17920.149
ss-80-360000,1784559931431.8616,1784559932235,1784559932382.0,1784559933402.0132,803.138,147.0,1020.013,1784558972382.0,1970.152
ss-45-360000,1784559930031.9873,1784559930134,1784559932382.0,1784559933402.0173,102.013,2248.0,1020.017,1784558972382.0,3370.03
ss-68-360000,1784559930281.8662,1784559931184,1784559932382.0,1784559933402.018,902.134,1198.0,1020.018,1784558972382.0,3120.152
ss-15-360000,1784559930481.863,1784559931184,1784559932383.0,1784559933402.0183,702.137,1199.0,1019.018,1784558972383.0,2920.155
ss-78-360000,1784559922281.896,1784559922784,1784559932383.0,1784559933402.642,502.104,9599.0,1019.642,1784558972383.0,11120.746
ss-73-360000,1784559925431.8665,1784559925933,1784559932383.0,1784559933402.6438,501.134,6450.0,1019.644,1784558972383.0,7970.777
ss-53-360000,1784559929381.8657,1784559930134,1784559932383.0,1784559933402.6453,752.134,2249.0,1019.645,1784558972383.0,4020.78
ss-36-360000,1784559930681.864,1784559931184,1784559932383.0,1784559933402.6462,502.136,1199.0,1019.646,1784558972383.0,2720.782
ss-43-360000,1784559930881.861,1784559931184,1784559932383.0,1784559933402.6472,302.139,1199.0,1019.647,1784558972383.0,2520.786
ss-39-360000,1784559925981.8694,1784559926984,1784559932383.0,1784559933402.6482,1002.131,5399.0,1019.648,1784558972383.0,7420.779
ss-82-360000,1784559927481.8618,1784559928033,1784559932383.0,1784559933402.6492,551.138,4350.0,1019.649,1784558972383.0,5920.787
ss-86-360000,1784559932181.8325,1784559932235,1784559932383.0,1784559933402.65,53.167,148.0,1019.65,1784558972383.0,1220.817
ss-7-360000,1784559928131.8606,1784559929084,1784559932384.0,1784559933402.6506,952.139,3300.0,1018.651,1784558972384.0,5270.79
ss-1-360000,1784559928181.86,1784559929084,1784559932384.0,1784559933402.6514,902.14,3300.0,1018.651,1784558972384.0,5220.791
ss-92-360000,1784559926831.8604,1784559926984,1784559932384.0,1784559933402.6523,152.14,5400.0,1018.652,1784558972384.0,6570.792
ss-76-360000,1784559931831.8906,1784559932235,1784559932384.0,1784559933402.6577,403.109,149.0,1018.658,1784558972384.0,1570.767
ss-47-360000,1784559931931.8613,1784559932235,1784559932384.0,1784559933402.663,303.139,149.0,1018.663,1784558972384.0,1470.802
ss-12-360000,1784559928531.8613,1784559929084,1784559932384.0,1784559933402.664,552.139,3300.0,1018.664,1784558972384.0,4870.803
ss-38-360000,1784559931531.8672,1784559932235,1784559932384.0,1784559933402.6648,703.133,149.0,1018.665,1784558972384.0,1870.798
ss-58-360000,1784559929331.8625,1784559930134,1784559932384.0,1784559933402.6655,802.137,2250.0,1018.666,1784558972384.0,4070.803
ss-95-360000,1784559925781.877,1784559925933,1784559932384.0,1784559933402.6663,151.123,6451.0,1018.666,1784558972384.0,7620.789
ss-98-360000,1784559928231.8586,1784559929084,1784559932384.0,1784559933402.6716,852.141,3300.0,1018.672,1784558972384.0,5170.813
ss-83-360000,1784559926081.8638,1784559926984,1784559932385.0,1784559933402.6743,902.136,5401.0,1017.674,1784558972385.0,7320.811
ss-74-360000,1784559931481.861,1784559932235,1784559932385.0,1784559933402.6753,753.139,150.0,1017.675,1784558972385.0,1920.814
ss-69-360000,1784559920331.865,1784559920684,1784559932385.0,1784559933402.676,352.135,11701.0,1017.676,1784558972385.0,13070.811
ss-77-360000,1784559932031.8694,1784559932235,1784559932385.0,1784559933402.677,203.131,150.0,1017.677,1784558972385.0,1370.808
ss-99-360000,1784559910931.8562,1784559911233,1784559932385.0,1784559933402.6777,301.144,21152.0,1017.678,1784558972385.0,22470.822
ss-10-360000,1784559913631.8677,1784559914384,1784559932385.0,1784559933402.6785,752.132,18001.0,1017.678,1784558972385.0,19770.811
ss-49-360000,1784559930331.8591,1784559931184,1784559932385.0,1784559933402.6826,852.141,1201.0,1017.683,1784558972385.0,3070.823
ss-64-420000,1784559926481.8635,1784559926984,1784559932385.0,1784559933402.6833,502.136,5401.0,1017.683,1784558912385.0,6920.82
ss-62-420000,1784559921331.8718,1784559921733,1784559932385.0,1784559933402.684,401.128,10652.0,1017.684,1784558912385.0,12070.812
ss-79-420000,1784559924731.8616,1784559924884,1784559932385.0,1784559933402.717,152.138,7501.0,1017.717,1784558912385.0,8670.855
ss-29-420000,1784559925231.859,1784559925933,1784559932386.0,1784559933402.7185,701.141,6453.0,1016.719,1784558912386.0,8170.86
ss-3-420000,1784559927881.8594,1784559928033,1784559932386.0,1784559933402.7192,151.141,4353.0,1016.719,1784558912386.0,5520.86
ss-23-420000,1784559930081.8613,1784559930134,1784559932389.0,1784559933402.72,52.139,2255.0,1013.72,1784558912389.0,3320.859
ss-65-420000,1784559927831.8599,1784559928033,1784559932389.0,1784559933402.7207,201.14,4356.0,1013.721,1784558912389.0,5570.861
ss-6-420000,1784559928981.859,1784559929084,1784559932390.0,1784559933402.7214,102.141,3306.0,1012.721,1784558912390.0,4420.863
ss-8-420000,1784559930431.8613,1784559931184,1784559932390.0,1784559933402.7222,752.139,1206.0,1012.722,1784558912390.0,2970.861
ss-31-420000,1784559931981.8616,1784559932235,1784559932390.0,1784559933402.7236,253.138,155.0,1012.724,1784558912390.0,1420.862
ss-60-420000,1784559931581.8672,1784559932235,1784559932390.0,1784559933402.724,653.133,155.0,1012.724,1784558912390.0,1820.857
ss-71-420000,1784559930181.863,1784559931184,1784559932390.0,1784559933402.725,1002.137,1206.0,1012.725,1784558912390.0,3220.862
ss-57-420000,1784559931681.8657,1784559932235,1784559932390.0,1784559933402.7263,553.134,155.0,1012.726,1784558912390.0,1720.861
ss-4-420000,1784559930781.86,1784559931184,1784559932390.0,1784559933402.727,402.14,1206.0,1012.727,1784558912390.0,2620.867
ss-70-420000,1784559927081.8625,1784559928033,1784559932390.0,1784559933402.728,951.137,4357.0,1012.728,1784558912390.0,6320.865
ss-17-420000,1784559918731.8586,1784559919633,1784559932390.0,1784559933402.7288,901.141,12757.0,1012.729,1784558912390.0,14670.87
ss-84-420000,1784559921731.8643,1784559921733,1784559932390.0,1784559933402.7295,1.136,10657.0,1012.729,1784558912390.0,11670.865
ss-73-420000,1784559925431.8665,1784559925933,1784559932391.0,1784559933402.7305,501.134,6458.0,1011.73,1784558912391.0,7970.864
ss-40-420000,1784559912031.859,1784559912283,1784559932391.0,1784559933402.7312,251.141,20108.0,1011.731,1784558912391.0,21370.872
ss-20-420000,1784559929131.8606,1784559930134,1784559932391.0,1784559933402.7322,1002.139,2257.0,1011.732,1784558912391.0,4270.872
ss-67-420000,1784559918481.8694,1784559918584,1784559932391.0,1784559933402.7378,102.131,13807.0,1011.738,1784558912391.0,14920.868
ss-63-420000,1784559929481.865,1784559930134,1784559932391.0,1784559933402.7388,652.135,2257.0,1011.739,1784558912391.0,3920.874
ss-55-420000,1784559928081.8591,1784559929084,1784559932391.0,1784559933402.7397,1002.141,3307.0,1011.74,1784558912391.0,5320.881
ss-24-420000,1784559930631.8613,1784559931184,1784559932391.0,1784559933402.7405,552.139,1207.0,1011.74,1784558912391.0,2770.879
ss-28-420000,1784559929081.8618,1784559929084,1784559932391.0,1784559933402.7412,2.138,3307.0,1011.741,1784558912391.0,4320.879
ss-19-420000,1784559930931.859,1784559931184,1784559932391.0,1784559933402.742,252.141,1207.0,1011.742,1784558912391.0,2470.883
ss-33-420000,1784559912581.8618,1784559913333,1784559932391.0,1784559933402.7427,751.138,19058.0,1011.743,1784558912391.0,20820.881
ss-96-420000,1784559932131.8682,1784559932235,1784559932391.0,1784559933402.7566,103.132,156.0,1011.757,1784558912391.0,1270.888
ss-5-420000,1784559928931.856,1784559929084,1784559932392.0,1784559933402.7576,152.144,3308.0,1010.758,1784558912392.0,4470.902
ss-13-420000,1784559922831.8674,1784559923834,1784559932392.0,1784559933402.7583,1002.133,8558.0,1010.758,1784558912392.0,10570.891
ss-52-420000,1784559929731.8682,1784559930134,1784559932392.0,1784559933402.759,402.132,2258.0,1010.759,1784558912392.0,3670.891
ss-43-420000,1784559930881.861,1784559931184,1784559932392.0,1784559933402.7598,302.139,1208.0,1010.76,1784558912392.0,2520.899
ss-88-420000,1784559926881.8638,1784559926984,1784559932392.0,1784559933402.7607,102.136,5408.0,1010.761,1784558912392.0,6520.897
ss-44-420000,1784559930531.864,1784559931184,1784559932392.0,1784559933402.7615,652.136,1208.0,1010.761,1784558912392.0,2870.897
ss-32-420000,1784559929431.8655,1784559930134,1784559932392.0,1784559933402.7622,702.135,2258.0,1010.762,1784558912392.0,3970.897
ss-46-420000,1784559925931.865,1784559925933,1784559932392.0,1784559933402.763,1.135,6459.0,1010.763,1784558912392.0,7470.898
ss-58-420000,1784559929331.8625,1784559930134,1784559932392.0,1784559933402.769,802.137,2258.0,1010.769,1784558912392.0,4070.906
ss-69-420000,1784559920331.865,1784559920684,1784559932392.0,1784559933402.7698,352.135,11708.0,1010.77,1784558912392.0,13070.905
ss-75-420000,1784559929181.8623,1784559930134,1784559932393.0,1784559933402.7708,952.138,2259.0,1009.771,1784558912393.0,4220.908
ss-66-420000,1784559927981.8535,1784559928033,1784559932393.0,1784559933402.7715,51.146,4360.0,1009.771,1784558912393.0,5420.918
ss-61-420000,1784559912331.8625,1784559913333,1784559932393.0,1784559933402.7722,1001.137,19060.0,1009.772,1784558912393.0,21070.91
ss-25-420000,1784559927631.851,1784559928033,1784559932393.0,1784559933402.7732,401.149,4360.0,1009.773,1784558912393.0,5770.922
ss-59-420000,1784559928031.8555,1784559928033,1784559932393.0,1784559933402.778,1.145,4360.0,1009.778,1784558912393.0,5370.923
ss-0-420000,1784559929281.8677,1784559930134,1784559932393.0,1784559933402.779,852.132,2259.0,1009.779,1784558912393.0,4120.911
ss-94-420000,1784559922431.8533,1784559922784,1784559932393.0,1784559933402.7798,352.147,9609.0,1009.78,1784558912393.0,10970.927
ss-37-420000,1784559930131.869,1784559930134,1784559932393.0,1784559933402.8462,2.131,2259.0,1009.846,1784558912393.0,3270.977
ss-30-420000,1784559931231.8613,1784559932235,1784559932393.0,1784559933402.8474,1003.139,158.0,1009.847,1784558912393.0,2170.986
ss-81-420000,1784559917431.8735,1784559917534,1784559932393.0,1784559933402.848,102.126,14859.0,1009.848,1784558912393.0,15970.974
ss-89-420000,1784559916581.8608,1784559917534,1784559932394.0,1784559933402.8484,952.139,14860.0,1008.848,1784558912394.0,16820.988
ss-45-420000,1784559930031.9873,1784559930134,1784559932394.0,1784559933402.8486,102.013,2260.0,1008.849,1784558912394.0,3370.861
ss-85-420000,1784559930831.8604,1784559931184,1784559932394.0,1784559933402.8606,352.14,1210.0,1008.861,1784558912394.0,2571.0
ss-91-420000,1784559929831.8684,1784559930134,1784559932394.0,1784559933402.861,302.132,2260.0,1008.861,1784558912394.0,3570.993
ss-54-420000,1784559924381.8616,1784559924884,1784559932394.0,1784559933402.8613,502.138,7510.0,1008.861,1784558912394.0,9021.0
ss-2-420000,1784559929881.8687,1784559930134,1784559932394.0,1784559933402.8618,252.131,2260.0,1008.862,1784558912394.0,3520.993
ss-97-420000,1784559928881.8606,1784559929084,1784559932394.0,1784559933402.8623,202.139,3310.0,1008.862,1784558912394.0,4521.002
ss-72-420000,1784559927431.8628,1784559928033,1784559932394.0,1784559933402.8625,601.137,4361.0,1008.863,1784558912394.0,5971.0
ss-35-420000,1784559923181.8643,1784559923834,1784559932394.0,1784559933402.8655,652.136,8560.0,1008.865,1784558912394.0,10221.001
ss-34-420000,1784559931081.8684,1784559931184,1784559932395.0,1784559933402.9814,102.132,1211.0,1007.981,1784558912395.0,2321.113
ss-93-420000,1784559915681.8599,1784559916483,1784559932395.0,1784559933402.9827,801.14,15912.0,1007.983,1784558912395.0,17721.123
ss-9-420000,1784559927931.8599,1784559928033,1784559932395.0,1784559933402.9832,101.14,4362.0,1007.983,1784558912395.0,5471.123
ss-27-420000,1784559932081.87,1784559932235,1784559932395.0,1784559933402.9834,153.13,160.0,1007.983,1784558912395.0,1321.113
ss-83-420000,1784559926081.8638,1784559926984,1784559932395.0,1784559933402.984,902.136,5411.0,1007.984,1784558912395.0,7321.12
ss-50-420000,1784559928831.8525,1784559929084,1784559932395.0,1784559933402.9841,252.147,3311.0,1007.984,1784558912395.0,4571.132
ss-18-420000,1784559927731.8567,1784559928033,1784559932395.0,1784559933402.9846,301.143,4362.0,1007.985,1784558912395.0,5671.128
ss-22-420000,1784559929981.8635,1784559930134,1784559932395.0,1784559933402.9895,152.136,2261.0,1007.99,1784558912395.0,3421.126
ss-51-420000,1784559931381.867,1784559932235,1784559932396.0,1784559933402.99,853.133,161.0,1006.99,1784558912396.0,2021.123
ss-42-420000,1784559924181.8804,1784559924884,1784559932396.0,1784559933402.9902,702.12,7512.0,1006.99,1784558912396.0,9221.11
ss-21-420000,1784559928431.8586,1784559929084,1784559932396.0,1784559933402.9905,652.141,3312.0,1006.99,1784558912396.0,4971.132
ss-41-420000,1784559928281.8687,1784559929084,1784559932396.0,1784559933402.991,802.131,3312.0,1006.991,1784558912396.0,5121.122
ss-26-420000,1784559931631.8694,1784559932235,1784559932396.0,1784559933402.9912,603.131,161.0,1006.991,1784558912396.0,1771.122
ss-48-420000,1784559915481.8628,1784559916483,1784559932396.0,1784559933402.994,1001.137,15913.0,1006.994,1784558912396.0,17921.131
ss-16-420000,1784559931731.864,1784559932235,1784559932396.0,1784559933402.9944,503.136,161.0,1006.994,1784558912396.0,1671.13
ss-95-420000,1784559925781.877,1784559925933,1784559932396.0,1784559933402.9949,151.123,6463.0,1006.995,1784558912396.0,7621.118
ss-90-420000,1784559931781.8682,1784559932235,1784559932396.0,1784559933402.9954,453.132,161.0,1006.995,1784558912396.0,1621.127
ss-56-420000,1784559931881.859,1784559932235,1784559932397.0,1784559933402.9958,353.141,162.0,1005.996,1784558912397.0,1521.137
ss-87-420000,1784559924881.869,1784559924884,1784559932397.0,1784559933403.0513,2.131,7513.0,1006.051,1784558912397.0,8521.182
ss-80-420000,1784559931431.8616,1784559932235,1784559932397.0,1784559933403.053,803.138,162.0,1006.053,1784558912397.0,1971.191
ss-68-420000,1784559930281.8662,1784559931184,1784559932397.0,1784559933403.054,902.134,1213.0,1006.054,1784558912397.0,3121.188
ss-15-420000,1784559930481.863,1784559931184,1784559932397.0,1784559933403.063,702.137,1213.0,1006.063,1784558912397.0,2921.2
ss-12-420000,1784559928531.8613,1784559929084,1784559932397.0,1784559933403.0635,552.139,3313.0,1006.063,1784558912397.0,4871.202
ss-78-420000,1784559922281.896,1784559922784,1784559932397.0,1784559933403.0642,502.104,9613.0,1006.064,1784558912397.0,11121.168
ss-53-420000,1784559929381.8657,1784559930134,1784559932397.0,1784559933403.0737,752.134,2263.0,1006.074,1784558912397.0,4021.208
ss-92-420000,1784559926831.8604,1784559926984,1784559932397.0,1784559933403.0747,152.14,5413.0,1006.075,1784558912397.0,6571.214
ss-36-420000,1784559930681.864,1784559931184,1784559932397.0,1784559933403.085,502.136,1213.0,1006.085,1784558912397.0,2721.221
ss-39-420000,1784559925981.8694,1784559926984,1784559932397.0,1784559933403.0854,1002.131,5413.0,1006.085,1784558912397.0,7421.216
ss-76-420000,1784559931831.8906,1784559932235,1784559932397.0,1784559933403.0862,403.109,162.0,1006.086,1784558912397.0,1571.196
ss-7-420000,1784559928131.8606,1784559929084,1784559932397.0,1784559933403.0867,952.139,3313.0,1006.087,1784558912397.0,5271.226
ss-86-420000,1784559932181.8325,1784559932235,1784559932398.0,1784559933403.1094,53.167,163.0,1005.109,1784558912398.0,1221.277
ss-47-420000,1784559931931.8613,1784559932235,1784559932398.0,1784559933403.1526,303.139,163.0,1005.153,1784558912398.0,1471.291
ss-38-420000,1784559931531.8672,1784559932235,1784559932398.0,1784559933403.153,703.133,163.0,1005.153,1784558912398.0,1871.286
ss-98-420000,1784559928231.8586,1784559929084,1784559932401.0,1784559933403.158,852.141,3317.0,1002.158,1784558912401.0,5171.299
ss-74-420000,1784559931481.861,1784559932235,1784559932401.0,1784559933403.1587,753.139,166.0,1002.159,1784558912401.0,1921.298
ss-77-420000,1784559932031.8694,1784559932235,1784559932401.0,1784559933403.1592,203.131,166.0,1002.159,1784558912401.0,1371.29
ss-82-420000,1784559927481.8618,1784559928033,1784559932402.0,1784559933403.236,551.138,4369.0,1001.236,1784558912402.0,5921.374
ss-11-420000,1784559931031.8652,1784559931184,1784559932402.0,1784559933403.2373,152.135,1218.0,1001.237,1784558912402.0,2371.372
ss-14-420000,1784559930231.8665,1784559931184,1784559932402.0,1784559933403.238,952.134,1218.0,1001.238,1784558912402.0,3171.372
ss-99-420000,1784559910931.8562,1784559911233,1784559932402.0,1784559933403.2385,301.144,21169.0,1001.239,1784558912402.0,22471.382
ss-10-420000,1784559913631.8677,1784559914384,1784559932402.0,1784559933403.2395,752.132,18018.0,1001.24,1784558912402.0,19771.372
ss-1-420000,1784559928181.86,1784559929084,1784559932402.0,1784559933403.2402,902.14,3318.0,1001.24,1784558912402.0,5221.38
ss-49-420000,1784559930331.8591,1784559931184,1784559932402.0,1784559933403.241,852.141,1218.0,1001.241,1784558912402.0,3071.382
ss-64-480000,1784559926481.8635,1784559926984,1784559932402.0,1784559933403.2493,502.136,5418.0,1001.249,1784558852402.0,6921.386
ss-3-480000,1784559927881.8594,1784559928033,1784559932402.0,1784559933403.2502,151.141,4369.0,1001.25,1784558852402.0,5521.391
ss-29-480000,1784559925231.859,1784559925933,1784559932402.0,1784559933403.256,701.141,6469.0,1001.256,1784558852402.0,8171.397
ss-79-480000,1784559924731.8616,1784559924884,1784559932403.0,1784559933403.2568,152.138,7519.0,1000.257,1784558852403.0,8671.395
ss-4-480000,1784559930781.86,1784559931184,1784559932404.0,1784559933403.32,402.14,1220.0,999.32,1784558852404.0,2621.46
ss-23-480000,1784559930081.8613,1784559930134,1784559932405.0,1784559933403.3208,52.139,2271.0,998.321,1784558852405.0,3321.459
ss-36-480000,1784559930681.864,1784559931184,1784559932405.0,1784559933403.321,502.136,1221.0,998.321,1784558852405.0,2721.457
ss-65-480000,1784559927831.8599,1784559928033,1784559932405.0,1784559933404.4817,201.14,4372.0,999.482,1784558852405.0,5572.622
ss-6-480000,1784559928981.859,1784559929084,1784559932405.0,1784559933404.4822,102.141,3321.0,999.482,1784558852405.0,4422.623
ss-31-480000,1784559931981.8616,1784559932235,1784559932405.0,1784559933404.4824,253.138,170.0,999.482,1784558852405.0,1422.621
ss-8-480000,1784559930431.8613,1784559931184,1784559932405.0,1784559933404.4827,752.139,1221.0,999.483,1784558852405.0,2972.621
ss-60-480000,1784559931581.8672,1784559932235,1784559932405.0,1784559933404.4885,653.133,170.0,999.489,1784558852405.0,1822.621
ss-71-480000,1784559930181.863,1784559931184,1784559932405.0,1784559933404.4888,1002.137,1221.0,999.489,1784558852405.0,3222.626
ss-57-480000,1784559931681.8657,1784559932235,1784559932405.0,1784559933404.491,553.134,170.0,999.491,1784558852405.0,1722.625
ss-70-480000,1784559927081.8625,1784559928033,1784559932405.0,1784559933404.4912,951.137,4372.0,999.491,1784558852405.0,6322.629
ss-17-480000,1784559918731.8586,1784559919633,1784559932405.0,1784559933404.4917,901.141,12772.0,999.492,1784558852405.0,14672.633
ss-83-480000,1784559926081.8638,1784559926984,1784559932405.0,1784559933404.4922,902.136,5421.0,999.492,1784558852405.0,7322.628
ss-84-480000,1784559921731.8643,1784559921733,1784559932405.0,1784559933404.4924,1.136,10672.0,999.492,1784558852405.0,11672.628
ss-40-480000,1784559912031.859,1784559912283,1784559932405.0,1784559933404.4927,251.141,20122.0,999.493,1784558852405.0,21372.634
ss-20-480000,1784559929131.8606,1784559930134,1784559932405.0,1784559933404.493,1002.139,2271.0,999.493,1784558852405.0,4272.632
ss-67-480000,1784559918481.8694,1784559918584,1784559932405.0,1784559933404.4932,102.131,13821.0,999.493,1784558852405.0,14922.624
ss-73-480000,1784559925431.8665,1784559925933,1784559932405.0,1784559933404.4934,501.134,6472.0,999.493,1784558852405.0,7972.627
ss-63-480000,1784559929481.865,1784559930134,1784559932405.0,1784559933404.4941,652.135,2271.0,999.494,1784558852405.0,3922.629
ss-96-480000,1784559932131.8682,1784559932235,1784559932406.0,1784559933404.4944,103.132,171.0,998.494,1784558852406.0,1272.626
ss-33-480000,1784559912581.8618,1784559913333,1784559932406.0,1784559933404.4946,751.138,19073.0,998.495,1784558852406.0,20822.633
ss-11-480000,1784559931031.8652,1784559931184,1784559932406.0,1784559933404.4949,152.135,1222.0,998.495,1784558852406.0,2372.63
ss-28-480000,1784559929081.8618,1784559929084,1784559932406.0,1784559933404.495,2.138,3322.0,998.495,1784558852406.0,4322.633
ss-10-480000,1784559913631.8677,1784559914384,1784559932406.0,1784559933404.4954,752.132,18022.0,998.495,1784558852406.0,19772.628
ss-24-480000,1784559930631.8613,1784559931184,1784559932406.0,1784559933404.5042,552.139,1222.0,998.504,1784558852406.0,2772.643
ss-19-480000,1784559930931.859,1784559931184,1784559932406.0,1784559933404.5044,252.141,1222.0,998.504,1784558852406.0,2472.646
ss-55-480000,1784559928081.8591,1784559929084,1784559932406.0,1784559933404.5051,1002.141,3322.0,998.505,1784558852406.0,5322.646
ss-93-480000,1784559915681.8599,1784559916483,1784559932406.0,1784559933404.5063,801.14,15923.0,998.506,1784558852406.0,17722.646
ss-5-480000,1784559928931.856,1784559929084,1784559932406.0,1784559933404.5066,152.144,3322.0,998.507,1784558852406.0,4472.651
ss-13-480000,1784559922831.8674,1784559923834,1784559932406.0,1784559933404.5156,1002.133,8572.0,998.516,1784558852406.0,10572.648
ss-54-480000,1784559924381.8616,1784559924884,1784559932406.0,1784559933404.5186,502.138,7522.0,998.519,1784558852406.0,9022.657
ss-32-480000,1784559929431.8655,1784559930134,1784559932406.0,1784559933404.519,702.135,2272.0,998.519,1784558852406.0,3972.654
ss-58-480000,1784559929331.8625,1784559930134,1784559932406.0,1784559933404.5195,802.137,2272.0,998.52,1784558852406.0,4072.657
ss-44-480000,1784559930531.864,1784559931184,1784559932406.0,1784559933404.5198,652.136,1222.0,998.52,1784558852406.0,2872.656
ss-21-480000,1784559928431.8586,1784559929084,1784559932406.0,1784559933404.5203,652.141,3322.0,998.52,1784558852406.0,4972.662
ss-69-480000,1784559920331.865,1784559920684,1784559932406.0,1784559933404.5208,352.135,11722.0,998.521,1784558852406.0,13072.656
ss-75-480000,1784559929181.8623,1784559930134,1784559932406.0,1784559933404.521,952.138,2272.0,998.521,1784558852406.0,4222.659
ss-66-480000,1784559927981.8535,1784559928033,1784559932406.0,1784559933404.5215,51.146,4373.0,998.521,1784558852406.0,5422.668
ss-61-480000,1784559912331.8625,1784559913333,1784559932407.0,1784559933404.522,1001.137,19074.0,997.522,1784558852407.0,21072.659
ss-46-480000,1784559925931.865,1784559925933,1784559932407.0,1784559933404.5227,1.135,6474.0,997.523,1784558852407.0,7472.658
ss-68-480000,1784559930281.8662,1784559931184,1784559932407.0,1784559933404.5232,902.134,1223.0,997.523,1784558852407.0,3122.657
ss-25-480000,1784559927631.851,1784559928033,1784559932407.0,1784559933404.5234,401.149,4374.0,997.523,1784558852407.0,5772.672
ss-94-480000,1784559922431.8533,1784559922784,1784559932407.0,1784559933404.524,352.147,9623.0,997.524,1784558852407.0,10972.671
ss-59-480000,1784559928031.8555,1784559928033,1784559932407.0,1784559933404.5242,1.145,4374.0,997.524,1784558852407.0,5372.669
ss-0-480000,1784559929281.8677,1784559930134,1784559932407.0,1784559933404.5247,852.132,2273.0,997.525,1784558852407.0,4122.657
ss-37-480000,1784559930131.869,1784559930134,1784559932407.0,1784559933404.525,2.131,2273.0,997.525,1784558852407.0,3272.656
ss-30-480000,1784559931231.8613,1784559932235,1784559932407.0,1784559933404.5251,1003.139,172.0,997.525,1784558852407.0,2172.664
ss-81-480000,1784559917431.8735,1784559917534,1784559932407.0,1784559933404.5254,102.126,14873.0,997.525,1784558852407.0,15972.652
ss-89-480000,1784559916581.8608,1784559917534,1784559932407.0,1784559933404.5256,952.139,14873.0,997.526,1784558852407.0,16822.665
ss-85-480000,1784559930831.8604,1784559931184,1784559932407.0,1784559933404.5261,352.14,1223.0,997.526,1784558852407.0,2572.666
ss-42-480000,1784559924181.8804,1784559924884,1784559932407.0,1784559933404.5264,702.12,7523.0,997.526,1784558852407.0,9222.646
ss-97-480000,1784559928881.8606,1784559929084,1784559932407.0,1784559933404.5266,202.139,3323.0,997.527,1784558852407.0,4522.666
ss-2-480000,1784559929881.8687,1784559930134,1784559932407.0,1784559933404.5269,252.131,2273.0,997.527,1784558852407.0,3522.658
ss-82-480000,1784559927481.8618,1784559928033,1784559932407.0,1784559933404.5273,551.138,4374.0,997.527,1784558852407.0,5922.666
ss-72-480000,1784559927431.8628,1784559928033,1784559932407.0,1784559933404.5276,601.137,4374.0,997.528,1784558852407.0,5972.665
ss-35-480000,1784559923181.8643,1784559923834,1784559932407.0,1784559933404.5278,652.136,8573.0,997.528,1784558852407.0,10222.664
ss-34-480000,1784559931081.8684,1784559931184,1784559932407.0,1784559933404.533,102.132,1223.0,997.533,1784558852407.0,2322.665
ss-80-480000,1784559931431.8616,1784559932235,1784559932407.0,1784559933404.534,803.138,172.0,997.534,1784558852407.0,1972.672
ss-7-480000,1784559928131.8606,1784559929084,1784559932407.0,1784559933404.5361,952.139,3323.0,997.536,1784558852407.0,5272.676
ss-27-480000,1784559932081.87,1784559932235,1784559932407.0,1784559933404.5364,153.13,172.0,997.536,1784558852407.0,1322.666
ss-9-480000,1784559927931.8599,1784559928033,1784559932407.0,1784559933404.5366,101.14,4374.0,997.537,1784558852407.0,5472.677
ss-14-480000,1784559930231.8665,1784559931184,1784559932407.0,1784559933404.5369,952.134,1223.0,997.537,1784558852407.0,3172.67
ss-50-480000,1784559928831.8525,1784559929084,1784559932407.0,1784559933404.537,252.147,3323.0,997.537,1784558852407.0,4572.685
ss-18-480000,1784559927731.8567,1784559928033,1784559932407.0,1784559933404.5376,301.143,4374.0,997.538,1784558852407.0,5672.681
ss-22-480000,1784559929981.8635,1784559930134,1784559932408.0,1784559933404.5378,152.136,2274.0,996.538,1784558852408.0,3422.674
ss-51-480000,1784559931381.867,1784559932235,1784559932408.0,1784559933404.5378,853.133,173.0,996.538,1784558852408.0,2022.671
ss-87-480000,1784559924881.869,1784559924884,1784559932408.0,1784559933404.538,2.131,7524.0,996.538,1784558852408.0,8522.669
ss-41-480000,1784559928281.8687,1784559929084,1784559932408.0,1784559933404.5383,802.131,3324.0,996.538,1784558852408.0,5122.67
ss-90-480000,1784559931781.8682,1784559932235,1784559932408.0,1784559933404.5388,453.132,173.0,996.539,1784558852408.0,1622.671
ss-48-480000,1784559915481.8628,1784559916483,1784559932408.0,1784559933404.539,1001.137,15925.0,996.539,1784558852408.0,17922.676
ss-16-480000,1784559931731.864,1784559932235,1784559932408.0,1784559933404.5393,503.136,173.0,996.539,1784558852408.0,1672.675
ss-43-480000,1784559930881.861,1784559931184,1784559932408.0,1784559933404.5413,302.139,1224.0,996.541,1784558852408.0,2522.68
ss-45-480000,1784559930031.9873,1784559930134,1784559932408.0,1784559933404.5415,102.013,2274.0,996.542,1784558852408.0,3372.554
ss-53-480000,1784559929381.8657,1784559930134,1784559932408.0,1784559933404.5437,752.134,2274.0,996.544,1784558852408.0,4022.678
ss-95-480000,1784559925781.877,1784559925933,1784559932408.0,1784559933404.544,151.123,6475.0,996.544,1784558852408.0,7622.667
ss-15-480000,1784559930481.863,1784559931184,1784559932408.0,1784559933404.5442,702.137,1224.0,996.544,1784558852408.0,2922.681
ss-78-480000,1784559922281.896,1784559922784,1784559932408.0,1784559933404.5444,502.104,9624.0,996.544,1784558852408.0,11122.648
ss-86-480000,1784559932181.8325,1784559932235,1784559932408.0,1784559933404.5464,53.167,173.0,996.546,1784558852408.0,1222.714
ss-26-480000,1784559931631.8694,1784559932235,1784559932408.0,1784559933404.5488,603.131,173.0,996.549,1784558852408.0,1772.679
ss-92-480000,1784559926831.8604,1784559926984,1784559932408.0,1784559933404.549,152.14,5424.0,996.549,1784558852408.0,6572.689
ss-39-480000,1784559925981.8694,1784559926984,1784559932408.0,1784559933404.877,1002.131,5424.0,996.877,1784558852408.0,7423.008
ss-1-480000,1784559928181.86,1784559929084,1784559932408.0,1784559933404.8772,902.14,3324.0,996.877,1784558852408.0,5223.017
ss-74-480000,1784559931481.861,1784559932235,1784559932408.0,1784559933404.8835,753.139,173.0,996.884,1784558852408.0,1923.022
ss-88-480000,1784559926881.8638,1784559926984,1784559932408.0,1784559933404.8862,102.136,5424.0,996.886,1784558852408.0,6523.022
ss-77-480000,1784559932031.8694,1784559932235,1784559932408.0,1784559933404.8865,203.131,173.0,996.886,1784558852408.0,1373.017
ss-76-480000,1784559931831.8906,1784559932235,1784559932408.0,1784559933404.8867,403.109,173.0,996.887,1784558852408.0,1572.996
ss-38-480000,1784559931531.8672,1784559932235,1784559932408.0,1784559933404.887,703.133,173.0,996.887,1784558852408.0,1873.02
ss-56-480000,1784559931881.859,1784559932235,1784559932408.0,1784559933404.8872,353.141,173.0,996.887,1784558852408.0,1523.028
ss-47-480000,1784559931931.8613,1784559932235,1784559932408.0,1784559933404.8875,303.139,173.0,996.887,1784558852408.0,1473.026
ss-98-480000,1784559928231.8586,1784559929084,1784559932409.0,1784559933404.8877,852.141,3325.0,995.888,1784558852409.0,5173.029
ss-91-480000,1784559929831.8684,1784559930134,1784559932409.0,1784559933404.888,302.132,2275.0,995.888,1784558852409.0,3573.02
ss-52-480000,1784559929731.8682,1784559930134,1784559932409.0,1784559933404.89,402.132,2275.0,995.89,1784558852409.0,3673.022
ss-49-480000,1784559930331.8591,1784559931184,1784559932409.0,1784559933404.8901,852.141,1225.0,995.89,1784558852409.0,3073.031
ss-99-480000,1784559910931.8562,1784559911233,1784559932409.0,1784559933404.8904,301.144,21176.0,995.89,1784558852409.0,22473.034
ss-62-480000,1784559921331.8718,1784559921733,1784559932409.0,1784559933404.8906,401.128,10676.0,995.891,1784558852409.0,12073.019
ss-12-480000,1784559928531.8613,1784559929084,1784559932409.0,1784559933404.8909,552.139,3325.0,995.891,1784558852409.0,4873.03
ss-88-540000,1784559926881.8638,1784559926984,1784559932409.0,1784559933406.3535,102.136,5425.0,997.354,1784558792409.0,6524.49
ss-64-540000,1784559926481.8635,1784559926984,1784559932409.0,1784559933406.3545,502.136,5425.0,997.354,1784558792409.0,6924.491
ss-79-540000,1784559924731.8616,1784559924884,1784559932409.0,1784559933406.355,152.138,7525.0,997.355,1784558792409.0,8674.493
ss-29-540000,1784559925231.859,1784559925933,1784559932409.0,1784559933406.3552,701.141,6476.0,997.355,1784558792409.0,8174.496
ss-3-540000,1784559927881.8594,1784559928033,1784559932409.0,1784559933406.3557,151.141,4376.0,997.356,1784558792409.0,5524.496
ss-23-540000,1784559930081.8613,1784559930134,1784559932409.0,1784559933406.3562,52.139,2275.0,997.356,1784558792409.0,3324.495
ss-92-540000,1784559926831.8604,1784559926984,1784559932409.0,1784559933406.3564,152.14,5425.0,997.356,1784558792409.0,6574.496
ss-6-540000,1784559928981.859,1784559929084,1784559932409.0,1784559933406.362,102.141,3325.0,997.362,1784558792409.0,4424.503
ss-4-540000,1784559930781.86,1784559931184,1784559932409.0,1784559933406.3625,402.14,1225.0,997.363,1784558792409.0,2624.502
ss-65-540000,1784559927831.8599,1784559928033,1784559932409.0,1784559933406.363,201.14,4376.0,997.363,1784558792409.0,5574.503
ss-8-540000,1784559930431.8613,1784559931184,1784559932409.0,1784559933406.3633,752.139,1225.0,997.363,1784558792409.0,2974.502
ss-31-540000,1784559931981.8616,1784559932235,1784559932409.0,1784559933406.3926,253.138,174.0,997.393,1784558792409.0,1424.531
ss-60-540000,1784559931581.8672,1784559932235,1784559932409.0,1784559933406.393,653.133,174.0,997.393,1784558792409.0,1824.526
ss-70-540000,1784559927081.8625,1784559928033,1784559932409.0,1784559933406.3936,951.137,4376.0,997.394,1784558792409.0,6324.531
ss-71-540000,1784559930181.863,1784559931184,1784559932409.0,1784559933406.394,1002.137,1225.0,997.394,1784558792409.0,3224.531
ss-57-540000,1784559931681.8657,1784559932235,1784559932409.0,1784559933406.4412,553.134,174.0,997.441,1784558792409.0,1724.575
ss-93-540000,1784559915681.8599,1784559916483,1784559932409.0,1784559933406.4421,801.14,15926.0,997.442,1784558792409.0,17724.582
ss-17-540000,1784559918731.8586,1784559919633,1784559932409.0,1784559933406.4424,901.141,12776.0,997.442,1784558792409.0,14674.584
ss-40-540000,1784559912031.859,1784559912283,1784559932410.0,1784559933406.4497,251.141,20127.0,996.45,1784558792410.0,21374.591
ss-63-540000,1784559929481.865,1784559930134,1784559932410.0,1784559933406.4536,652.135,2276.0,996.454,1784558792410.0,3924.589
ss-84-540000,1784559921731.8643,1784559921733,1784559932410.0,1784559933406.4673,1.136,10677.0,996.467,1784558792410.0,11674.603
ss-20-540000,1784559929131.8606,1784559930134,1784559932410.0,1784559933406.474,1002.139,2276.0,996.474,1784558792410.0,4274.614
ss-19-540000,1784559930931.859,1784559931184,1784559932410.0,1784559933406.4746,252.141,1226.0,996.475,1784558792410.0,2474.616
ss-67-540000,1784559918481.8694,1784559918584,1784559932410.0,1784559933406.475,102.131,13826.0,996.475,1784558792410.0,14924.606
ss-96-540000,1784559932131.8682,1784559932235,1784559932410.0,1784559933406.4753,103.132,175.0,996.475,1784558792410.0,1274.607
ss-28-540000,1784559929081.8618,1784559929084,1784559932410.0,1784559933406.4756,2.138,3326.0,996.476,1784558792410.0,4324.614
ss-24-540000,1784559930631.8613,1784559931184,1784559932410.0,1784559933406.476,552.139,1226.0,996.476,1784558792410.0,2774.615
ss-33-540000,1784559912581.8618,1784559913333,1784559932410.0,1784559933406.5657,751.138,19077.0,996.566,1784558792410.0,20824.704
ss-55-540000,1784559928081.8591,1784559929084,1784559932410.0,1784559933406.5671,1002.141,3326.0,996.567,1784558792410.0,5324.708
ss-52-540000,1784559929731.8682,1784559930134,1784559932410.0,1784559933406.5679,402.132,2276.0,996.568,1784558792410.0,3674.7
ss-94-540000,1784559922431.8533,1784559922784,1784559932410.0,1784559933406.5686,352.147,9626.0,996.569,1784558792410.0,10974.715
ss-5-540000,1784559928931.856,1784559929084,1784559932410.0,1784559933406.5693,152.144,3326.0,996.569,1784558792410.0,4474.713
ss-13-540000,1784559922831.8674,1784559923834,1784559932410.0,1784559933406.5789,1002.133,8576.0,996.579,1784558792410.0,10574.711
ss-68-540000,1784559930281.8662,1784559931184,1784559932410.0,1784559933406.5796,902.134,1226.0,996.58,1784558792410.0,3124.713
ss-69-540000,1784559920331.865,1784559920684,1784559932410.0,1784559933406.5806,352.135,11726.0,996.581,1784558792410.0,13074.716
ss-32-540000,1784559929431.8655,1784559930134,1784559932410.0,1784559933406.6182,702.135,2276.0,996.618,1784558792410.0,3974.753
ss-44-540000,1784559930531.864,1784559931184,1784559932410.0,1784559933406.6235,652.136,1226.0,996.624,1784558792410.0,2874.76
ss-46-540000,1784559925931.865,1784559925933,1784559932410.0,1784559933406.6248,1.135,6477.0,996.625,1784558792410.0,7474.76
ss-75-540000,1784559929181.8623,1784559930134,1784559932410.0,1784559933406.6255,952.138,2276.0,996.625,1784558792410.0,4224.763
ss-66-540000,1784559927981.8535,1784559928033,1784559932410.0,1784559933406.6262,51.146,4377.0,996.626,1784558792410.0,5424.773
ss-39-540000,1784559925981.8694,1784559926984,1784559932410.0,1784559933406.6375,1002.131,5426.0,996.637,1784558792410.0,7424.768
ss-54-540000,1784559924381.8616,1784559924884,1784559932411.0,1784559933406.638,502.138,7527.0,995.638,1784558792411.0,9024.776
ss-25-540000,1784559927631.851,1784559928033,1784559932411.0,1784559933406.6387,401.149,4378.0,995.639,1784558792411.0,5774.788
ss-59-540000,1784559928031.8555,1784559928033,1784559932411.0,1784559933406.6394,1.145,4378.0,995.639,1784558792411.0,5374.784
ss-58-540000,1784559929331.8625,1784559930134,1784559932411.0,1784559933406.6401,802.137,2277.0,995.64,1784558792411.0,4074.778
ss-37-540000,1784559930131.869,1784559930134,1784559932411.0,1784559933406.6409,2.131,2277.0,995.641,1784558792411.0,3274.772
ss-61-540000,1784559912331.8625,1784559913333,1784559932411.0,1784559933406.6414,1001.137,19078.0,995.641,1784558792411.0,21074.779
ss-72-540000,1784559927431.8628,1784559928033,1784559932411.0,1784559933406.6506,601.137,4378.0,995.651,1784558792411.0,5974.788
ss-30-540000,1784559931231.8613,1784559932235,1784559932411.0,1784559933406.6565,1003.139,176.0,995.656,1784558792411.0,2174.795
ss-81-540000,1784559917431.8735,1784559917534,1784559932411.0,1784559933406.6572,102.126,14877.0,995.657,1784558792411.0,15974.784
ss-45-540000,1784559930031.9873,1784559930134,1784559932411.0,1784559933406.737,102.013,2277.0,995.737,1784558792411.0,3374.75
ss-85-540000,1784559930831.8604,1784559931184,1784559932411.0,1784559933406.739,352.14,1227.0,995.739,1784558792411.0,2574.879
ss-91-540000,1784559929831.8684,1784559930134,1784559932411.0,1784559933406.74,302.132,2277.0,995.74,1784558792411.0,3574.872
ss-97-540000,1784559928881.8606,1784559929084,1784559932411.0,1784559933406.7405,202.139,3327.0,995.74,1784558792411.0,4524.88
ss-56-540000,1784559931881.859,1784559932235,1784559932411.0,1784559933406.7498,353.141,176.0,995.75,1784558792411.0,1524.891
ss-2-540000,1784559929881.8687,1784559930134,1784559932411.0,1784559933406.7505,252.131,2277.0,995.75,1784558792411.0,3524.882
ss-11-540000,1784559931031.8652,1784559931184,1784559932411.0,1784559933406.7512,152.135,1227.0,995.751,1784558792411.0,2374.886
ss-35-540000,1784559923181.8643,1784559923834,1784559932411.0,1784559933406.752,652.136,8577.0,995.752,1784558792411.0,10224.888
ss-34-540000,1784559931081.8684,1784559931184,1784559932411.0,1784559933406.8098,102.132,1227.0,995.81,1784558792411.0,2324.941
ss-14-540000,1784559930231.8665,1784559931184,1784559932411.0,1784559933406.8115,952.134,1227.0,995.812,1784558792411.0,3174.945
ss-87-540000,1784559924881.869,1784559924884,1784559932411.0,1784559933406.812,2.131,7527.0,995.812,1784558792411.0,8524.943
ss-47-540000,1784559931931.8613,1784559932235,1784559932411.0,1784559933406.8145,303.139,176.0,995.814,1784558792411.0,1474.953
ss-27-540000,1784559932081.87,1784559932235,1784559932411.0,1784559933406.8484,153.13,176.0,995.848,1784558792411.0,1324.978
ss-9-540000,1784559927931.8599,1784559928033,1784559932411.0,1784559933406.8494,101.14,4378.0,995.849,1784558792411.0,5474.99
ss-42-540000,1784559924181.8804,1784559924884,1784559932411.0,1784559933406.85,702.12,7527.0,995.85,1784558792411.0,9224.97
ss-50-540000,1784559928831.8525,1784559929084,1784559932412.0,1784559933406.851,252.147,3328.0,994.851,1784558792412.0,4574.999
ss-51-540000,1784559931381.867,1784559932235,1784559932412.0,1784559933406.8518,853.133,177.0,994.852,1784558792412.0,2024.985
ss-21-540000,1784559928431.8586,1784559929084,1784559932412.0,1784559933406.8525,652.141,3328.0,994.853,1784558792412.0,4974.994
ss-95-540000,1784559925781.877,1784559925933,1784559932412.0,1784559933406.8936,151.123,6479.0,994.894,1784558792412.0,7625.017
ss-22-540000,1784559929981.8635,1784559930134,1784559932412.0,1784559933406.8948,152.136,2278.0,994.895,1784558792412.0,3425.031
ss-80-540000,1784559931431.8616,1784559932235,1784559932412.0,1784559933406.8955,803.138,177.0,994.896,1784558792412.0,1975.034
ss-41-540000,1784559928281.8687,1784559929084,1784559932412.0,1784559933406.8965,802.131,3328.0,994.896,1784558792412.0,5125.028
ss-16-540000,1784559931731.864,1784559932235,1784559932412.0,1784559933406.8972,503.136,177.0,994.897,1784558792412.0,1675.033
ss-90-540000,1784559931781.8682,1784559932235,1784559932412.0,1784559933406.898,453.132,177.0,994.898,1784558792412.0,1625.03
ss-99-540000,1784559910931.8562,1784559911233,1784559932412.0,1784559933406.8987,301.144,21179.0,994.899,1784558792412.0,22475.042
ss-48-540000,1784559915481.8628,1784559916483,1784559932412.0,1784559933406.9038,1001.137,15929.0,994.904,1784558792412.0,17925.041
ss-89-540000,1784559916581.8608,1784559917534,1784559932412.0,1784559933406.9124,952.139,14878.0,994.912,1784558792412.0,16825.052
ss-15-540000,1784559930481.863,1784559931184,1784559932412.0,1784559933406.9211,702.137,1228.0,994.921,1784558792412.0,2925.058
ss-53-540000,1784559929381.8657,1784559930134,1784559932412.0,1784559933406.9265,752.134,2278.0,994.927,1784558792412.0,4025.061
ss-49-540000,1784559930331.8591,1784559931184,1784559932412.0,1784559933406.927,852.141,1228.0,994.927,1784558792412.0,3075.068
ss-82-540000,1784559927481.8618,1784559928033,1784559932412.0,1784559933406.9587,551.138,4379.0,994.959,1784558792412.0,5925.097
ss-73-540000,1784559925431.8665,1784559925933,1784559932412.0,1784559933406.9595,501.134,6479.0,994.959,1784558792412.0,7975.093
ss-78-540000,1784559922281.896,1784559922784,1784559932412.0,1784559933406.96,502.104,9628.0,994.96,1784558792412.0,11125.064
ss-12-540000,1784559928531.8613,1784559929084,1784559932412.0,1784559933406.9607,552.139,3328.0,994.961,1784558792412.0,4875.099
ss-26-540000,1784559931631.8694,1784559932235,1784559932412.0,1784559933407.044,603.131,177.0,995.044,1784558792412.0,1775.175
ss-36-540000,1784559930681.864,1784559931184,1784559932412.0,1784559933407.0457,502.136,1228.0,995.046,1784558792412.0,2725.182
ss-86-540000,1784559932181.8325,1784559932235,1784559932413.0,1784559933407.0464,53.167,178.0,994.046,1784558792413.0,1225.214
ss-7-540000,1784559928131.8606,1784559929084,1784559932413.0,1784559933407.056,952.139,3329.0,994.056,1784558792413.0,5275.195
ss-0-540000,1784559929281.8677,1784559930134,1784559932413.0,1784559933407.057,852.132,2279.0,994.057,1784558792413.0,4125.189
ss-77-540000,1784559932031.8694,1784559932235,1784559932413.0,1784559933407.0579,203.131,178.0,994.058,1784558792413.0,1375.188
ss-98-540000,1784559928231.8586,1784559929084,1784559932413.0,1784559933407.1035,852.141,3329.0,994.104,1784558792413.0,5175.245
ss-76-540000,1784559931831.8906,1784559932235,1784559932413.0,1784559933407.105,403.109,178.0,994.105,1784558792413.0,1575.214
ss-1-540000,1784559928181.86,1784559929084,1784559932413.0,1784559933407.1055,902.14,3329.0,994.105,1784558792413.0,5225.245
ss-43-540000,1784559930881.861,1784559931184,1784559932413.0,1784559933407.106,302.139,1229.0,994.106,1784558792413.0,2525.245
ss-74-540000,1784559931481.861,1784559932235,1784559932413.0,1784559933407.1064,753.139,178.0,994.106,1784558792413.0,1925.245
ss-38-540000,1784559931531.8672,1784559932235,1784559932413.0,1784559933407.1118,703.133,178.0,994.112,1784558792413.0,1875.245
ss-18-540000,1784559927731.8567,1784559928033,1784559932413.0,1784559933407.1123,301.143,4380.0,994.112,1784558792413.0,5675.256
ss-10-540000,1784559913631.8677,1784559914384,1784559932413.0,1784559933407.1125,752.132,18029.0,994.113,1784558792413.0,19775.245
ss-83-540000,1784559926081.8638,1784559926984,1784559932413.0,1784559933407.1577,902.136,5429.0,994.158,1784558792413.0,7325.294
ss-62-540000,1784559921331.8718,1784559921733,1784559932413.0,1784559933407.1584,401.128,10680.0,994.158,1784558792413.0,12075.287
ss-78-600000,1784559922281.896,1784559922784,1784559932413.0,1784559933407.159,502.104,9629.0,994.159,1784558732413.0,11125.263
ss-10-600000,1784559913631.8677,1784559914384,1784559932413.0,1784559933407.1592,752.132,18029.0,994.159,1784558732413.0,19775.292
ss-64-600000,1784559926481.8635,1784559926984,1784559932413.0,1784559933407.1602,502.136,5429.0,994.16,1784558732413.0,6925.297
ss-36-600000,1784559930681.864,1784559931184,1784559932413.0,1784559933407.1604,502.136,1229.0,994.16,1784558732413.0,2725.296
ss-79-600000,1784559924731.8616,1784559924884,1784559932413.0,1784559933407.161,152.138,7529.0,994.161,1784558732413.0,8675.299
ss-29-600000,1784559925231.859,1784559925933,1784559932413.0,1784559933407.1724,701.141,6480.0,994.172,1784558732413.0,8175.313
ss-3-600000,1784559927881.8594,1784559928033,1784559932413.0,1784559933407.213,151.141,4380.0,994.213,1784558732413.0,5525.354
ss-23-600000,1784559930081.8613,1784559930134,1784559932413.0,1784559933407.2144,52.139,2279.0,994.214,1784558732413.0,3325.353
ss-59-600000,1784559928031.8555,1784559928033,1784559932413.0,1784559933407.23,1.145,4380.0,994.23,1784558732413.0,5375.375
ss-6-600000,1784559928981.859,1784559929084,1784559932413.0,1784559933407.231,102.141,3329.0,994.231,1784558732413.0,4425.372
ss-65-600000,1784559927831.8599,1784559928033,1784559932413.0,1784559933407.232,201.14,4380.0,994.232,1784558732413.0,5575.372
ss-8-600000,1784559930431.8613,1784559931184,1784559932413.0,1784559933407.2385,752.139,1229.0,994.239,1784558732413.0,2975.377
ss-31-600000,1784559931981.8616,1784559932235,1784559932413.0,1784559933407.244,253.138,178.0,994.244,1784558732413.0,1425.382
ss-70-600000,1784559927081.8625,1784559928033,1784559932414.0,1784559933407.2444,951.137,4381.0,993.244,1784558732414.0,6325.382
ss-60-600000,1784559931581.8672,1784559932235,1784559932414.0,1784559933407.2913,653.133,179.0,993.291,1784558732414.0,1825.424
ss-74-600000,1784559931481.861,1784559932235,1784559932414.0,1784559933407.2944,753.139,179.0,993.294,1784558732414.0,1925.433
ss-71-600000,1784559930181.863,1784559931184,1784559932414.0,1784559933407.295,1002.137,1230.0,993.295,1784558732414.0,3225.432
ss-57-600000,1784559931681.8657,1784559932235,1784559932414.0,1784559933407.2988,553.134,179.0,993.299,1784558732414.0,1725.433
ss-17-600000,1784559918731.8586,1784559919633,1784559932414.0,1784559933407.2993,901.141,12781.0,993.299,1784558732414.0,14675.441
ss-43-600000,1784559930881.861,1784559931184,1784559932414.0,1784559933407.3044,302.139,1230.0,993.304,1784558732414.0,2525.443
ss-52-600000,1784559929731.8682,1784559930134,1784559932414.0,1784559933407.305,402.132,2280.0,993.305,1784558732414.0,3675.437
ss-34-600000,1784559931081.8684,1784559931184,1784559932414.0,1784559933407.3057,102.132,1230.0,993.306,1784558732414.0,2325.437
ss-40-600000,1784559912031.859,1784559912283,1784559932414.0,1784559933407.3528,251.141,20131.0,993.353,1784558732414.0,21375.494
ss-96-600000,1784559932131.8682,1784559932235,1784559932414.0,1784559933407.354,103.132,179.0,993.354,1784558732414.0,1275.486
ss-75-600000,1784559929181.8623,1784559930134,1784559932414.0,1784559933407.4065,952.138,2280.0,993.406,1784558732414.0,4225.544
ss-73-600000,1784559925431.8665,1784559925933,1784559932414.0,1784559933407.4077,501.134,6481.0,993.408,1784558732414.0,7975.541
ss-68-600000,1784559930281.8662,1784559931184,1784559932414.0,1784559933407.4084,902.134,1230.0,993.408,1784558732414.0,3125.542
ss-63-600000,1784559929481.865,1784559930134,1784559932414.0,1784559933407.4094,652.135,2280.0,993.409,1784558732414.0,3925.544
ss-19-600000,1784559930931.859,1784559931184,1784559932414.0,1784559933407.4102,252.141,1230.0,993.41,1784558732414.0,2475.551
ss-84-600000,1784559921731.8643,1784559921733,1784559932414.0,1784559933407.4111,1.136,10681.0,993.411,1784558732414.0,11675.547
ss-20-600000,1784559929131.8606,1784559930134,1784559932414.0,1784559933407.4119,1002.139,2280.0,993.412,1784558732414.0,4275.551
ss-93-600000,1784559915681.8599,1784559916483,1784559932414.0,1784559933407.4194,801.14,15931.0,993.419,1784558732414.0,17725.56
ss-33-600000,1784559912581.8618,1784559913333,1784559932414.0,1784559933407.4326,751.138,19081.0,993.433,1784558732414.0,20825.571
ss-88-600000,1784559926881.8638,1784559926984,1784559932414.0,1784559933407.4336,102.136,5430.0,993.434,1784558732414.0,6525.57
ss-55-600000,1784559928081.8591,1784559929084,1784559932414.0,1784559933407.4404,1002.141,3330.0,993.44,1784558732414.0,5325.581
ss-62-600000,1784559921331.8718,1784559921733,1784559932414.0,1784559933407.4414,401.128,10681.0,993.441,1784558732414.0,12075.57
ss-94-600000,1784559922431.8533,1784559922784,1784559932414.0,1784559933407.4421,352.147,9630.0,993.442,1784558732414.0,10975.589
ss-13-600000,1784559922831.8674,1784559923834,1784559932414.0,1784559933407.4749,1002.133,8580.0,993.475,1784558732414.0,10575.607
ss-14-600000,1784559930231.8665,1784559931184,1784559932414.0,1784559933407.4758,952.134,1230.0,993.476,1784558732414.0,3175.609
ss-97-600000,1784559928881.8606,1784559929084,1784559932414.0,1784559933407.4768,202.139,3330.0,993.477,1784558732414.0,4525.616
ss-44-600000,1784559930531.864,1784559931184,1784559932415.0,1784559933407.4775,652.136,1231.0,992.478,1784558732415.0,2875.614
ss-32-600000,1784559929431.8655,1784559930134,1784559932415.0,1784559933407.485,702.135,2281.0,992.485,1784558732415.0,3975.62
ss-46-600000,1784559925931.865,1784559925933,1784559932415.0,1784559933407.4863,1.135,6482.0,992.486,1784558732415.0,7475.621
ss-66-600000,1784559927981.8535,1784559928033,1784559932415.0,1784559933407.5166,51.146,4382.0,992.517,1784558732415.0,5425.663
ss-69-600000,1784559920331.865,1784559920684,1784559932415.0,1784559933407.5173,352.135,11731.0,992.517,1784558732415.0,13075.652
ss-35-600000,1784559923181.8643,1784559923834,1784559932415.0,1784559933407.5872,652.136,8581.0,992.587,1784558732415.0,10225.723
ss-25-600000,1784559927631.851,1784559928033,1784559932415.0,1784559933407.5889,401.149,4382.0,992.589,1784558732415.0,5775.738
ss-26-600000,1784559931631.8694,1784559932235,1784559932415.0,1784559933407.5894,603.131,180.0,992.589,1784558732415.0,1775.72
ss-61-600000,1784559912331.8625,1784559913333,1784559932415.0,1784559933407.599,1001.137,19082.0,992.599,1784558732415.0,21075.737
ss-30-600000,1784559931231.8613,1784559932235,1784559932415.0,1784559933407.6035,1003.139,180.0,992.604,1784558732415.0,2175.742
ss-90-600000,1784559931781.8682,1784559932235,1784559932415.0,1784559933407.608,453.132,180.0,992.608,1784558732415.0,1625.74
ss-1-600000,1784559928181.86,1784559929084,1784559932415.0,1784559933407.6226,902.14,3331.0,992.623,1784558732415.0,5225.762
ss-56-600000,1784559931881.859,1784559932235,1784559932415.0,1784559933407.6235,353.141,180.0,992.624,1784558732415.0,1525.765
ss-83-600000,1784559926081.8638,1784559926984,1784559932415.0,1784559933407.6243,902.136,5431.0,992.624,1784558732415.0,7325.76
ss-15-600000,1784559930481.863,1784559931184,1784559932415.0,1784559933407.6257,702.137,1231.0,992.626,1784558732415.0,2925.763
ss-81-600000,1784559917431.8735,1784559917534,1784559932415.0,1784559933407.6643,102.126,14881.0,992.664,1784558732415.0,15975.791
ss-58-600000,1784559929331.8625,1784559930134,1784559932415.0,1784559933407.6658,802.137,2281.0,992.666,1784558732415.0,4075.803
ss-85-600000,1784559930831.8604,1784559931184,1784559932415.0,1784559933407.6665,352.14,1231.0,992.667,1784558732415.0,2575.806
ss-5-600000,1784559928931.856,1784559929084,1784559932415.0,1784559933407.6672,152.144,3331.0,992.667,1784558732415.0,4475.811
ss-21-600000,1784559928431.8586,1784559929084,1784559932415.0,1784559933407.6685,652.141,3331.0,992.668,1784558732415.0,4975.81
ss-72-600000,1784559927431.8628,1784559928033,1784559932415.0,1784559933407.6692,601.137,4382.0,992.669,1784558732415.0,5975.806
ss-2-600000,1784559929881.8687,1784559930134,1784559932415.0,1784559933407.6746,252.131,2281.0,992.675,1784558732415.0,3525.806
ss-53-600000,1784559929381.8657,1784559930134,1784559932415.0,1784559933407.6794,752.134,2281.0,992.679,1784558732415.0,4025.814
ss-45-600000,1784559930031.9873,1784559930134,1784559932415.0,1784559933407.6802,102.013,2281.0,992.68,1784558732415.0,3375.693
ss-27-600000,1784559932081.87,1784559932235,1784559932415.0,1784559933407.684,153.13,180.0,992.684,1784558732415.0,1325.814
ss-42-600000,1784559924181.8804,1784559924884,1784559932415.0,1784559933407.6982,702.12,7531.0,992.698,1784558732415.0,9225.818
ss-95-600000,1784559925781.877,1784559925933,1784559932415.0,1784559933407.7046,151.123,6482.0,992.705,1784558732415.0,7625.828
ss-24-600000,1784559930631.8613,1784559931184,1784559932416.0,1784559933407.705,552.139,1232.0,991.705,1784558732416.0,2775.844
ss-9-600000,1784559927931.8599,1784559928033,1784559932416.0,1784559933407.7146,101.14,4383.0,991.715,1784558732416.0,5475.855
ss-80-600000,1784559931431.8616,1784559932235,1784559932416.0,1784559933407.7148,803.138,181.0,991.715,1784558732416.0,1975.853
ss-41-600000,1784559928281.8687,1784559929084,1784559932416.0,1784559933407.7156,802.131,3332.0,991.716,1784558732416.0,5125.847
ss-16-600000,1784559931731.864,1784559932235,1784559932416.0,1784559933407.751,503.136,181.0,991.751,1784558732416.0,1675.887
ss-67-600000,1784559918481.8694,1784559918584,1784559932416.0,1784559933407.7515,102.131,13832.0,991.751,1784558732416.0,14925.882
ss-89-600000,1784559916581.8608,1784559917534,1784559932416.0,1784559933407.7615,952.139,14882.0,991.761,1784558732416.0,16825.901
ss-28-600000,1784559929081.8618,1784559929084,1784559932416.0,1784559933407.762,2.138,3332.0,991.762,1784558732416.0,4325.9
ss-49-600000,1784559930331.8591,1784559931184,1784559932416.0,1784559933407.791,852.141,1232.0,991.791,1784558732416.0,3075.932
ss-82-600000,1784559927481.8618,1784559928033,1784559932416.0,1784559933407.7915,551.138,4383.0,991.792,1784558732416.0,5925.93
ss-48-600000,1784559915481.8628,1784559916483,1784559932416.0,1784559933407.7917,1001.137,15933.0,991.792,1784558732416.0,17925.929
ss-87-600000,1784559924881.869,1784559924884,1784559932416.0,1784559933407.8372,2.131,7532.0,991.837,1784558732416.0,8525.968
ss-7-600000,1784559928131.8606,1784559929084,1784559932416.0,1784559933407.8386,952.139,3332.0,991.839,1784558732416.0,5275.978
ss-22-600000,1784559929981.8635,1784559930134,1784559932416.0,1784559933407.8857,152.136,2282.0,991.886,1784558732416.0,3426.022
ss-91-600000,1784559929831.8684,1784559930134,1784559932416.0,1784559933407.8877,302.132,2282.0,991.888,1784558732416.0,3576.019
ss-11-600000,1784559931031.8652,1784559931184,1784559932416.0,1784559933407.8887,152.135,1232.0,991.889,1784558732416.0,2376.023
ss-0-600000,1784559929281.8677,1784559930134,1784559932416.0,1784559933407.8894,852.132,2282.0,991.889,1784558732416.0,4126.022
ss-86-600000,1784559932181.8325,1784559932235,1784559932416.0,1784559933407.8901,53.167,181.0,991.89,1784558732416.0,1226.058
ss-54-600000,1784559924381.8616,1784559924884,1784559932416.0,1784559933407.8909,502.138,7532.0,991.891,1784558732416.0,9026.029
ss-76-600000,1784559931831.8906,1784559932235,1784559932416.0,1784559933407.8916,403.109,181.0,991.892,1784558732416.0,1576.001
ss-4-600000,1784559930781.86,1784559931184,1784559932416.0,1784559933407.911,402.14,1232.0,991.911,1784558732416.0,2626.051
ss-77-600000,1784559932031.8694,1784559932235,1784559932416.0,1784559933407.912,203.131,181.0,991.912,1784558732416.0,1376.043
ss-98-600000,1784559928231.8586,1784559929084,1784559932416.0,1784559933407.9128,852.141,3332.0,991.913,1784558732416.0,5176.054
ss-18-600000,1784559927731.8567,1784559928033,1784559932416.0,1784559933407.9136,301.143,4383.0,991.914,1784558732416.0,5676.057
ss-39-600000,1784559925981.8694,1784559926984,1784559932416.0,1784559933407.9146,1002.131,5432.0,991.915,1784558732416.0,7426.045
ss-92-600000,1784559926831.8604,1784559926984,1784559932417.0,1784559933407.9229,152.14,5433.0,990.923,1784558732417.0,6576.062
ss-38-600000,1784559931531.8672,1784559932235,1784559932417.0,1784559933407.9492,703.133,182.0,990.949,1784558732417.0,1876.082
ss-12-600000,1784559928531.8613,1784559929084,1784559932417.0,1784559933407.9502,552.139,3333.0,990.95,1784558732417.0,4876.089
ss-50-600000,1784559928831.8525,1784559929084,1784559932417.0,1784559933407.9722,252.147,3333.0,990.972,1784558732417.0,4576.12
ss-51-600000,1784559931381.867,1784559932235,1784559932417.0,1784559933407.9727,853.133,182.0,990.973,1784558732417.0,2026.106
ss-99-600000,1784559910931.8562,1784559911233,1784559932417.0,1784559933407.9731,301.144,21184.0,990.973,1784558732417.0,22476.117
ss-47-600000,1784559931931.8613,1784559932235,1784559932417.0,1784559933407.9734,303.139,182.0,990.973,1784558732417.0,1476.112
ss-37-600000,1784559930131.869,1784559930134,1784559932417.0,1784559933407.9739,2.131,2283.0,990.974,1784558732417.0,3276.105
ss-17-660000,1784559918731.8586,1784559919633,1784559932417.0,1784559933407.9775,901.141,12784.0,990.978,1784558672417.0,14676.119
ss-83-660000,1784559926081.8638,1784559926984,1784559932417.0,1784559933408.0322,902.136,5433.0,991.032,1784558672417.0,7326.168
ss-47-660000,1784559931931.8613,1784559932235,1784559932417.0,1784559933408.0425,303.139,182.0,991.042,1784558672417.0,1476.181
ss-32-660000,1784559929431.8655,1784559930134,1784559932417.0,1784559933408.0435,702.135,2283.0,991.043,1784558672417.0,3976.178
ss-1-660000,1784559928181.86,1784559929084,1784559932417.0,1784559933408.0442,902.14,3333.0,991.044,1784558672417.0,5226.184
ss-80-660000,1784559931431.8616,1784559932235,1784559932417.0,1784559933408.0513,803.138,182.0,991.051,1784558672417.0,1976.19
ss-3-660000,1784559927881.8594,1784559928033,1784559932417.0,1784559933408.0522,151.141,4384.0,991.052,1784558672417.0,5526.193
ss-85-660000,1784559930831.8604,1784559931184,1784559932417.0,1784559933408.053,352.14,1233.0,991.053,1784558672417.0,2576.193
ss-62-660000,1784559921331.8718,1784559921733,1784559932417.0,1784559933408.0537,401.128,10684.0,991.054,1784558672417.0,12076.182
ss-82-660000,1784559927481.8618,1784559928033,1784559932417.0,1784559933408.0544,551.138,4384.0,991.054,1784558672417.0,5926.193
ss-35-660000,1784559923181.8643,1784559923834,1784559932417.0,1784559933408.102,652.136,8583.0,991.102,1784558672417.0,10226.238
ss-7-660000,1784559928131.8606,1784559929084,1784559932417.0,1784559933408.103,952.139,3333.0,991.103,1784558672417.0,5276.242
ss-87-660000,1784559924881.869,1784559924884,1784559932417.0,1784559933408.1038,2.131,7533.0,991.104,1784558672417.0,8526.235
ss-52-660000,1784559929731.8682,1784559930134,1784559932417.0,1784559933408.1047,402.132,2283.0,991.105,1784558672417.0,3676.237
ss-75-660000,1784559929181.8623,1784559930134,1784559932417.0,1784559933408.1055,952.138,2283.0,991.105,1784558672417.0,4226.243
ss-23-660000,1784559930081.8613,1784559930134,1784559932417.0,1784559933408.1125,52.139,2283.0,991.113,1784558672417.0,3326.251
ss-73-660000,1784559925431.8665,1784559925933,1784559932417.0,1784559933408.1133,501.134,6484.0,991.113,1784558672417.0,7976.247
ss-95-660000,1784559925781.877,1784559925933,1784559932417.0,1784559933408.2188,151.123,6484.0,991.219,1784558672417.0,7626.342
ss-91-660000,1784559929831.8684,1784559930134,1784559932417.0,1784559933408.226,302.132,2283.0,991.226,1784558672417.0,3576.358
ss-48-660000,1784559915481.8628,1784559916483,1784559932417.0,1784559933408.2273,1001.137,15934.0,991.227,1784558672417.0,17926.365
ss-86-660000,1784559932181.8325,1784559932235,1784559932417.0,1784559933408.2322,53.167,182.0,991.232,1784558672417.0,1226.4
ss-67-660000,1784559918481.8694,1784559918584,1784559932417.0,1784559933408.2375,102.131,13833.0,991.238,1784558672417.0,14926.368
ss-84-660000,1784559921731.8643,1784559921733,1784559932417.0,1784559933408.2385,1.136,10684.0,991.239,1784558672417.0,11676.374
ss-70-660000,1784559927081.8625,1784559928033,1784559932417.0,1784559933408.2393,951.137,4384.0,991.239,1784558672417.0,6326.377
ss-54-660000,1784559924381.8616,1784559924884,1784559932417.0,1784559933408.2505,502.138,7533.0,991.25,1784558672417.0,9026.389
ss-50-660000,1784559928831.8525,1784559929084,1784559932417.0,1784559933408.2622,252.147,3333.0,991.262,1784558672417.0,4576.41
ss-58-660000,1784559929331.8625,1784559930134,1784559932417.0,1784559933408.2632,802.137,2283.0,991.263,1784558672417.0,4076.401
ss-57-660000,1784559931681.8657,1784559932235,1784559932417.0,1784559933408.2642,553.134,182.0,991.264,1784558672417.0,1726.398
ss-68-660000,1784559930281.8662,1784559931184,1784559932417.0,1784559933408.265,902.134,1233.0,991.265,1784558672417.0,3126.399
ss-56-660000,1784559931881.859,1784559932235,1784559932417.0,1784559933408.2659,353.141,182.0,991.266,1784558672417.0,1526.407
ss-41-660000,1784559928281.8687,1784559929084,1784559932417.0,1784559933408.2732,802.131,3333.0,991.273,1784558672417.0,5126.405
ss-20-660000,1784559929131.8606,1784559930134,1784559932417.0,1784559933408.274,1002.139,2283.0,991.274,1784558672417.0,4276.413
ss-38-660000,1784559931531.8672,1784559932235,1784559932417.0,1784559933408.2856,703.133,182.0,991.286,1784558672417.0,1876.418
ss-77-660000,1784559932031.8694,1784559932235,1784559932418.0,1784559933408.2866,203.131,183.0,990.287,1784558672418.0,1376.417
ss-79-660000,1784559924731.8616,1784559924884,1784559932418.0,1784559933408.2876,152.138,7534.0,990.288,1784558672418.0,8676.426
ss-29-660000,1784559925231.859,1784559925933,1784559932418.0,1784559933408.2986,701.141,6485.0,990.299,1784558672418.0,8176.44
ss-12-660000,1784559928531.8613,1784559929084,1784559932418.0,1784559933408.2993,552.139,3334.0,990.299,1784558672418.0,4876.438
ss-11-660000,1784559931031.8652,1784559931184,1784559932418.0,1784559933408.3064,152.135,1234.0,990.306,1784558672418.0,2376.441
ss-66-660000,1784559927981.8535,1784559928033,1784559932418.0,1784559933408.3071,51.146,4385.0,990.307,1784558672418.0,5426.454
ss-28-660000,1784559929081.8618,1784559929084,1784559932418.0,1784559933408.3494,2.138,3334.0,990.349,1784558672418.0,4326.488
ss-44-660000,1784559930531.864,1784559931184,1784559932418.0,1784559933408.3503,652.136,1234.0,990.35,1784558672418.0,2876.486
ss-96-660000,1784559932131.8682,1784559932235,1784559932418.0,1784559933408.351,103.132,183.0,990.351,1784558672418.0,1276.483
ss-92-660000,1784559926831.8604,1784559926984,1784559932418.0,1784559933408.3516,152.14,5434.0,990.352,1784558672418.0,6576.491
ss-4-660000,1784559930781.86,1784559931184,1784559932418.0,1784559933408.3848,402.14,1234.0,990.385,1784558672418.0,2626.525
ss-8-660000,1784559930431.8613,1784559931184,1784559932418.0,1784559933408.3901,752.139,1234.0,990.39,1784558672418.0,2976.529
ss-88-660000,1784559926881.8638,1784559926984,1784559932418.0,1784559933408.391,102.136,5434.0,990.391,1784558672418.0,6526.527
ss-22-660000,1784559929981.8635,1784559930134,1784559932418.0,1784559933408.3918,152.136,2284.0,990.392,1784558672418.0,3426.528
ss-21-660000,1784559928431.8586,1784559929084,1784559932418.0,1784559933408.3926,652.141,3334.0,990.393,1784558672418.0,4976.534
ss-34-660000,1784559931081.8684,1784559931184,1784559932418.0,1784559933408.4607,102.132,1234.0,990.461,1784558672418.0,2326.592
ss-6-660000,1784559928981.859,1784559929084,1784559932418.0,1784559933408.4626,102.141,3334.0,990.463,1784558672418.0,4426.604
ss-49-660000,1784559930331.8591,1784559931184,1784559932418.0,1784559933408.4639,852.141,1234.0,990.464,1784558672418.0,3076.605
ss-18-660000,1784559927731.8567,1784559928033,1784559932418.0,1784559933408.4646,301.143,4385.0,990.465,1784558672418.0,5676.608
ss-25-660000,1784559927631.851,1784559928033,1784559932418.0,1784559933408.4653,401.149,4385.0,990.465,1784558672418.0,5776.614
ss-53-660000,1784559929381.8657,1784559930134,1784559932418.0,1784559933408.4663,752.134,2284.0,990.466,1784558672418.0,4026.601
ss-69-660000,1784559920331.865,1784559920684,1784559932418.0,1784559933408.4673,352.135,11734.0,990.467,1784558672418.0,13076.602
ss-30-660000,1784559931231.8613,1784559932235,1784559932418.0,1784559933408.468,1003.139,183.0,990.468,1784558672418.0,2176.607
ss-65-660000,1784559927831.8599,1784559928033,1784559932418.0,1784559933408.476,201.14,4385.0,990.476,1784558672418.0,5576.616
ss-42-660000,1784559924181.8804,1784559924884,1784559932418.0,1784559933408.4768,702.12,7534.0,990.477,1784558672418.0,9226.596
ss-98-660000,1784559928231.8586,1784559929084,1784559932418.0,1784559933408.477,852.141,3334.0,990.477,1784558672418.0,5176.618
ss-51-660000,1784559931381.867,1784559932235,1784559932418.0,1784559933408.4775,853.133,183.0,990.478,1784558672418.0,2026.611
ss-81-660000,1784559917431.8735,1784559917534,1784559932418.0,1784559933408.478,102.126,14884.0,990.478,1784558672418.0,15976.604
ss-10-660000,1784559913631.8677,1784559914384,1784559932418.0,1784559933408.4824,752.132,18034.0,990.482,1784558672418.0,19776.615
ss-33-660000,1784559912581.8618,1784559913333,1784559932418.0,1784559933408.517,751.138,19085.0,990.517,1784558672418.0,20826.655
ss-39-660000,1784559925981.8694,1784559926984,1784559932418.0,1784559933408.518,1002.131,5434.0,990.518,1784558672418.0,7426.649
ss-16-660000,1784559931731.864,1784559932235,1784559932418.0,1784559933408.5186,503.136,183.0,990.519,1784558672418.0,1676.655
ss-63-660000,1784559929481.865,1784559930134,1784559932418.0,1784559933408.5818,652.135,2284.0,990.582,1784558672418.0,3926.717
ss-5-660000,1784559928931.856,1784559929084,1784559932418.0,1784559933408.5835,152.144,3334.0,990.583,1784558672418.0,4476.728
ss-24-660000,1784559930631.8613,1784559931184,1784559932419.0,1784559933408.5845,552.139,1235.0,989.584,1784558672419.0,2776.723
ss-14-660000,1784559930231.8665,1784559931184,1784559932419.0,1784559933408.5857,952.134,1235.0,989.586,1784558672419.0,3176.719
ss-15-660000,1784559930481.863,1784559931184,1784559932419.0,1784559933408.587,702.137,1235.0,989.587,1784558672419.0,2926.724
ss-61-660000,1784559912331.8625,1784559913333,1784559932419.0,1784559933408.5957,1001.137,19086.0,989.596,1784558672419.0,21076.733
ss-72-660000,1784559927431.8628,1784559928033,1784559932419.0,1784559933408.5967,601.137,4386.0,989.597,1784558672419.0,5976.734
ss-93-660000,1784559915681.8599,1784559916483,1784559932419.0,1784559933408.598,801.14,15936.0,989.598,1784558672419.0,17726.738
ss-31-660000,1784559931981.8616,1784559932235,1784559932419.0,1784559933408.5989,253.138,184.0,989.599,1784558672419.0,1426.737
ss-97-660000,1784559928881.8606,1784559929084,1784559932419.0,1784559933408.5999,202.139,3335.0,989.6,1784558672419.0,4526.739
ss-45-660000,1784559930031.9873,1784559930134,1784559932419.0,1784559933408.6064,102.013,2285.0,989.606,1784558672419.0,3376.619
ss-55-660000,1784559928081.8591,1784559929084,1784559932419.0,1784559933408.6138,1002.141,3335.0,989.614,1784558672419.0,5326.755
ss-78-660000,1784559922281.896,1784559922784,1784559932419.0,1784559933408.6147,502.104,9635.0,989.615,1784558672419.0,11126.719
ss-19-660000,1784559930931.859,1784559931184,1784559932419.0,1784559933408.6448,252.141,1235.0,989.645,1784558672419.0,2476.786
ss-9-660000,1784559927931.8599,1784559928033,1784559932419.0,1784559933408.6458,101.14,4386.0,989.646,1784558672419.0,5476.786
ss-43-660000,1784559930881.861,1784559931184,1784559932419.0,1784559933408.6519,302.139,1235.0,989.652,1784558672419.0,2526.791
ss-74-660000,1784559931481.861,1784559932235,1784559932419.0,1784559933408.6528,753.139,184.0,989.653,1784558672419.0,1926.792
ss-60-660000,1784559931581.8672,1784559932235,1784559932419.0,1784559933408.6602,653.133,184.0,989.66,1784558672419.0,1826.793
ss-94-660000,1784559922431.8533,1784559922784,1784559932419.0,1784559933408.661,352.147,9635.0,989.661,1784558672419.0,10976.808
ss-2-660000,1784559929881.8687,1784559930134,1784559932419.0,1784559933408.6824,252.131,2285.0,989.682,1784558672419.0,3526.814
ss-90-660000,1784559931781.8682,1784559932235,1784559932419.0,1784559933408.7083,453.132,184.0,989.708,1784558672419.0,1626.84
ss-99-660000,1784559910931.8562,1784559911233,1784559932419.0,1784559933408.709,301.144,21186.0,989.709,1784558672419.0,22476.853
ss-26-660000,1784559931631.8694,1784559932235,1784559932419.0,1784559933408.71,603.131,184.0,989.71,1784558672419.0,1776.841
ss-40-660000,1784559912031.859,1784559912283,1784559932419.0,1784559933408.7104,251.141,20136.0,989.71,1784558672419.0,21376.852
ss-46-660000,1784559925931.865,1784559925933,1784559932419.0,1784559933408.7114,1.135,6486.0,989.711,1784558672419.0,7476.846
ss-37-660000,1784559930131.869,1784559930134,1784559932419.0,1784559933408.7173,2.131,2285.0,989.717,1784558672419.0,3276.848
ss-64-660000,1784559926481.8635,1784559926984,1784559932419.0,1784559933408.7395,502.136,5435.0,989.74,1784558672419.0,6926.876
ss-0-660000,1784559929281.8677,1784559930134,1784559932419.0,1784559933408.7405,852.132,2285.0,989.74,1784558672419.0,4126.873
ss-89-660000,1784559916581.8608,1784559917534,1784559932419.0,1784559933408.7412,952.139,14885.0,989.741,1784558672419.0,16826.88
ss-27-660000,1784559932081.87,1784559932235,1784559932419.0,1784559933408.742,153.13,184.0,989.742,1784558672419.0,1326.872
ss-76-660000,1784559931831.8906,1784559932235,1784559932419.0,1784559933408.7761,403.109,184.0,989.776,1784558672419.0,1576.885
ss-36-660000,1784559930681.864,1784559931184,1784559932419.0,1784559933408.777,502.136,1235.0,989.777,1784558672419.0,2726.913
ss-71-660000,1784559930181.863,1784559931184,1784559932419.0,1784559933408.778,1002.137,1235.0,989.778,1784558672419.0,3226.915
ss-59-660000,1784559928031.8555,1784559928033,1784559932419.0,1784559933408.7788,1.145,4386.0,989.779,1784558672419.0,5376.923
ss-13-660000,1784559922831.8674,1784559923834,1784559932419.0,1784559933408.8118,1002.133,8585.0,989.812,1784558672419.0,10576.944
ss-58-720000,1784559929331.8625,1784559930134,1784559932419.0,1784559933408.8127,802.137,2285.0,989.813,1784558612419.0,4076.95
ss-38-720000,1784559931531.8672,1784559932235,1784559932419.0,1784559933408.8157,703.133,184.0,989.816,1784558612419.0,1876.948
ss-53-720000,1784559929381.8657,1784559930134,1784559932420.0,1784559933408.831,752.134,2286.0,988.831,1784558612420.0,4026.965
ss-37-720000,1784559930131.869,1784559930134,1784559932420.0,1784559933408.8323,2.131,2286.0,988.832,1784558612420.0,3276.963
ss-39-720000,1784559925981.8694,1784559926984,1784559932420.0,1784559933408.8333,1002.131,5436.0,988.833,1784558612420.0,7426.964
ss-69-720000,1784559920331.865,1784559920684,1784559932420.0,1784559933408.8337,352.135,11736.0,988.834,1784558612420.0,13076.969
ss-16-720000,1784559931731.864,1784559932235,1784559932420.0,1784559933408.8552,503.136,185.0,988.855,1784558612420.0,1676.991
ss-76-720000,1784559931831.8906,1784559932235,1784559932420.0,1784559933408.8557,403.109,185.0,988.856,1784558612420.0,1576.965
ss-96-720000,1784559932131.8682,1784559932235,1784559932420.0,1784559933408.8562,103.132,185.0,988.856,1784558612420.0,1276.988
ss-59-720000,1784559928031.8555,1784559928033,1784559932420.0,1784559933408.8567,1.145,4387.0,988.857,1784558612420.0,5377.001
ss-82-720000,1784559927481.8618,1784559928033,1784559932420.0,1784559933408.867,551.138,4387.0,988.867,1784558612420.0,5927.005
ss-99-720000,1784559910931.8562,1784559911233,1784559932420.0,1784559933408.8875,301.144,21187.0,988.887,1784558612420.0,22477.031
ss-91-720000,1784559929831.8684,1784559930134,1784559932420.0,1784559933408.888,302.132,2286.0,988.888,1784558612420.0,3577.02
ss-80-720000,1784559931431.8616,1784559932235,1784559932420.0,1784559933408.8884,803.138,185.0,988.888,1784558612420.0,1977.027
ss-41-720000,1784559928281.8687,1784559929084,1784559932420.0,1784559933408.9316,802.131,3336.0,988.932,1784558612420.0,5127.063
ss-32-720000,1784559929431.8655,1784559930134,1784559932420.0,1784559933408.933,702.135,2286.0,988.933,1784558612420.0,3977.068
ss-13-720000,1784559922831.8674,1784559923834,1784559932420.0,1784559933408.9336,1002.133,8586.0,988.934,1784558612420.0,10577.066
ss-87-720000,1784559924881.869,1784559924884,1784559932420.0,1784559933408.934,2.131,7536.0,988.934,1784558612420.0,8527.065
ss-23-720000,1784559930081.8613,1784559930134,1784559932420.0,1784559933408.9348,52.139,2286.0,988.935,1784558612420.0,3327.073
ss-28-720000,1784559929081.8618,1784559929084,1784559932420.0,1784559933409.0015,2.138,3336.0,989.001,1784558612420.0,4327.14
ss-15-720000,1784559930481.863,1784559931184,1784559932420.0,1784559933409.0024,702.137,1236.0,989.002,1784558612420.0,2927.139
ss-57-720000,1784559931681.8657,1784559932235,1784559932420.0,1784559933409.003,553.134,185.0,989.003,1784558612420.0,1727.137
ss-66-720000,1784559927981.8535,1784559928033,1784559932420.0,1784559933409.0034,51.146,4387.0,989.003,1784558612420.0,5427.15
ss-47-720000,1784559931931.8613,1784559932235,1784559932420.0,1784559933409.004,303.139,185.0,989.004,1784558612420.0,1477.143
ss-60-720000,1784559931581.8672,1784559932235,1784559932420.0,1784559933409.0078,653.133,185.0,989.008,1784558612420.0,1827.141
ss-17-720000,1784559918731.8586,1784559919633,1784559932420.0,1784559933409.0085,901.141,12787.0,989.009,1784558612420.0,14677.15
ss-71-720000,1784559930181.863,1784559931184,1784559932420.0,1784559933409.009,1002.137,1236.0,989.009,1784558612420.0,3227.146
ss-49-720000,1784559930331.8591,1784559931184,1784559932420.0,1784559933409.0095,852.141,1236.0,989.01,1784558612420.0,3077.15
ss-50-720000,1784559928831.8525,1784559929084,1784559932420.0,1784559933409.0151,252.147,3336.0,989.015,1784558612420.0,4577.163
ss-18-720000,1784559927731.8567,1784559928033,1784559932420.0,1784559933409.0159,301.143,4387.0,989.016,1784558612420.0,5677.159
ss-45-720000,1784559930031.9873,1784559930134,1784559932420.0,1784559933409.0164,102.013,2286.0,989.016,1784558612420.0,3377.029
ss-4-720000,1784559930781.86,1784559931184,1784559932420.0,1784559933409.022,402.14,1236.0,989.022,1784558612420.0,2627.162
ss-25-720000,1784559927631.851,1784559928033,1784559932420.0,1784559933409.0269,401.149,4387.0,989.027,1784558612420.0,5777.176
ss-62-720000,1784559921331.8718,1784559921733,1784559932420.0,1784559933409.0317,401.128,10687.0,989.032,1784558612420.0,12077.16
ss-51-720000,1784559931381.867,1784559932235,1784559932420.0,1784559933409.0374,853.133,185.0,989.037,1784558612420.0,2027.17
ss-35-720000,1784559923181.8643,1784559923834,1784559932420.0,1784559933409.0552,652.136,8586.0,989.055,1784558612420.0,10227.191
ss-89-720000,1784559916581.8608,1784559917534,1784559932420.0,1784559933409.0562,952.139,14886.0,989.056,1784558612420.0,16827.195
ss-88-720000,1784559926881.8638,1784559926984,1784559932420.0,1784559933409.0623,102.136,5436.0,989.062,1784558612420.0,6527.198
ss-22-720000,1784559929981.8635,1784559930134,1784559932420.0,1784559933409.0942,152.136,2286.0,989.094,1784558612420.0,3427.231
ss-68-720000,1784559930281.8662,1784559931184,1784559932420.0,1784559933409.0952,902.134,1236.0,989.095,1784558612420.0,3127.229
ss-7-720000,1784559928131.8606,1784559929084,1784559932420.0,1784559933409.096,952.139,3336.0,989.096,1784558612420.0,5277.235
ss-43-720000,1784559930881.861,1784559931184,1784559932420.0,1784559933409.097,302.139,1236.0,989.097,1784558612420.0,2527.236
ss-10-720000,1784559913631.8677,1784559914384,1784559932420.0,1784559933409.1082,752.132,18036.0,989.108,1784558612420.0,19777.24
ss-84-720000,1784559921731.8643,1784559921733,1784559932420.0,1784559933409.1157,1.136,10687.0,989.116,1784558612420.0,11677.251
ss-33-720000,1784559912581.8618,1784559913333,1784559932420.0,1784559933409.1167,751.138,19087.0,989.117,1784558612420.0,20827.255
ss-78-720000,1784559922281.896,1784559922784,1784559932420.0,1784559933409.1174,502.104,9636.0,989.117,1784558612420.0,11127.221
ss-98-720000,1784559928231.8586,1784559929084,1784559932420.0,1784559933409.1418,852.141,3336.0,989.142,1784558612420.0,5177.283
ss-52-720000,1784559929731.8682,1784559930134,1784559932420.0,1784559933409.1428,402.132,2286.0,989.143,1784558612420.0,3677.275
ss-56-720000,1784559931881.859,1784559932235,1784559932420.0,1784559933409.1704,353.141,185.0,989.17,1784558612420.0,1527.312
ss-72-720000,1784559927431.8628,1784559928033,1784559932420.0,1784559933409.1714,601.137,4387.0,989.171,1784558612420.0,5977.309
ss-8-720000,1784559930431.8613,1784559931184,1784559932420.0,1784559933409.1777,752.139,1236.0,989.178,1784558612420.0,2977.316
ss-9-720000,1784559927931.8599,1784559928033,1784559932420.0,1784559933409.183,101.14,4387.0,989.183,1784558612420.0,5477.323
ss-77-720000,1784559932031.8694,1784559932235,1784559932420.0,1784559933409.1838,203.131,185.0,989.184,1784558612420.0,1377.314
ss-83-720000,1784559926081.8638,1784559926984,1784559932420.0,1784559933409.1843,902.136,5436.0,989.184,1784558612420.0,7327.321
ss-85-720000,1784559930831.8604,1784559931184,1784559932420.0,1784559933409.203,352.14,1236.0,989.203,1784558612420.0,2577.343
ss-40-720000,1784559912031.859,1784559912283,1784559932420.0,1784559933409.2034,251.141,20137.0,989.203,1784558612420.0,21377.344
ss-79-720000,1784559924731.8616,1784559924884,1784559932420.0,1784559933409.2039,152.138,7536.0,989.204,1784558612420.0,8677.342
ss-92-720000,1784559926831.8604,1784559926984,1784559932420.0,1784559933409.2087,152.14,5436.0,989.209,1784558612420.0,6577.348
ss-73-720000,1784559925431.8665,1784559925933,1784559932421.0,1784559933409.2268,501.134,6488.0,988.227,1784558612421.0,7977.36
ss-20-720000,1784559929131.8606,1784559930134,1784559932421.0,1784559933409.2278,1002.139,2287.0,988.228,1784558612421.0,4277.367
ss-24-720000,1784559930631.8613,1784559931184,1784559932421.0,1784559933409.2332,552.139,1237.0,988.233,1784558612421.0,2777.372
ss-12-720000,1784559928531.8613,1784559929084,1784559932421.0,1784559933409.24,552.139,3337.0,988.24,1784558612421.0,4877.379
ss-90-720000,1784559931781.8682,1784559932235,1784559932421.0,1784559933409.2634,453.132,186.0,988.263,1784558612421.0,1627.395
ss-44-720000,1784559930531.864,1784559931184,1784559932421.0,1784559933409.2644,652.136,1237.0,988.264,1784558612421.0,2877.4
ss-61-720000,1784559912331.8625,1784559913333,1784559932421.0,1784559933409.2651,1001.137,19088.0,988.265,1784558612421.0,21077.403
ss-31-720000,1784559931981.8616,1784559932235,1784559932421.0,1784559933409.2856,253.138,186.0,988.286,1784558612421.0,1427.424
ss-6-720000,1784559928981.859,1784559929084,1784559932421.0,1784559933409.2864,102.141,3337.0,988.286,1784558612421.0,4427.427
ss-14-720000,1784559930231.8665,1784559931184,1784559932421.0,1784559933409.287,952.134,1237.0,988.287,1784558612421.0,3177.421
ss-65-720000,1784559927831.8599,1784559928033,1784559932421.0,1784559933409.294,201.14,4388.0,988.294,1784558612421.0,5577.434
ss-2-720000,1784559929881.8687,1784559930134,1784559932421.0,1784559933409.3,252.131,2287.0,988.3,1784558612421.0,3527.431
ss-27-720000,1784559932081.87,1784559932235,1784559932421.0,1784559933409.3232,153.13,186.0,988.323,1784558612421.0,1327.453
ss-97-720000,1784559928881.8606,1784559929084,1784559932421.0,1784559933409.324,202.139,3337.0,988.324,1784558612421.0,4527.463
ss-5-720000,1784559928931.856,1784559929084,1784559932421.0,1784559933409.3247,152.144,3337.0,988.325,1784558612421.0,4477.469
ss-70-720000,1784559927081.8625,1784559928033,1784559932421.0,1784559933409.3398,951.137,4388.0,988.34,1784558612421.0,6327.477
ss-36-720000,1784559930681.864,1784559931184,1784559932421.0,1784559933409.3403,502.136,1237.0,988.34,1784558612421.0,2727.476
ss-11-720000,1784559931031.8652,1784559931184,1784559932421.0,1784559933409.356,152.135,1237.0,988.356,1784558612421.0,2377.491
ss-1-720000,1784559928181.86,1784559929084,1784559932421.0,1784559933409.3564,902.14,3337.0,988.356,1784558612421.0,5227.496
ss-63-720000,1784559929481.865,1784559930134,1784559932421.0,1784559933409.3647,652.135,2287.0,988.365,1784558612421.0,3927.5
ss-81-720000,1784559917431.8735,1784559917534,1784559932421.0,1784559933409.3652,102.126,14887.0,988.365,1784558612421.0,15977.492
ss-42-720000,1784559924181.8804,1784559924884,1784559932421.0,1784559933409.3826,702.12,7537.0,988.383,1784558612421.0,9227.502
ss-34-720000,1784559931081.8684,1784559931184,1784559932421.0,1784559933409.39,102.132,1237.0,988.39,1784558612421.0,2327.521
ss-29-720000,1784559925231.859,1784559925933,1784559932421.0,1784559933409.3909,701.141,6488.0,988.391,1784558612421.0,8177.532
ss-75-720000,1784559929181.8623,1784559930134,1784559932421.0,1784559933409.3975,952.138,2287.0,988.397,1784558612421.0,4227.535
ss-46-720000,1784559925931.865,1784559925933,1784559932421.0,1784559933409.4038,1.135,6488.0,988.404,1784558612421.0,7477.539
ss-94-720000,1784559922431.8533,1784559922784,1784559932421.0,1784559933409.4705,352.147,9637.0,988.47,1784558612421.0,10977.617
ss-67-720000,1784559918481.8694,1784559918584,1784559932421.0,1784559933409.4714,102.131,13837.0,988.471,1784558612421.0,14927.602
ss-26-720000,1784559931631.8694,1784559932235,1784559932421.0,1784559933409.4722,603.131,186.0,988.472,1784558612421.0,1777.603
ss-95-720000,1784559925781.877,1784559925933,1784559932421.0,1784559933409.4792,151.123,6488.0,988.479,1784558612421.0,7627.602
ss-74-720000,1784559931481.861,1784559932235,1784559932421.0,1784559933409.48,753.139,186.0,988.48,1784558612421.0,1927.619
ss-93-720000,1784559915681.8599,1784559916483,1784559932421.0,1784559933409.4812,801.14,15938.0,988.481,1784558612421.0,17727.621
ss-3-720000,1784559927881.8594,1784559928033,1784559932421.0,1784559933409.482,151.141,4388.0,988.482,1784558612421.0,5527.623
ss-54-720000,1784559924381.8616,1784559924884,1784559932421.0,1784559933409.4827,502.138,7537.0,988.483,1784558612421.0,9027.621
ss-19-720000,1784559930931.859,1784559931184,1784559932421.0,1784559933409.4834,252.141,1237.0,988.483,1784558612421.0,2477.625
ss-21-720000,1784559928431.8586,1784559929084,1784559932421.0,1784559933409.491,652.141,3337.0,988.491,1784558612421.0,4977.632
ss-64-720000,1784559926481.8635,1784559926984,1784559932421.0,1784559933409.4917,502.136,5437.0,988.492,1784558612421.0,6927.628
ss-48-720000,1784559915481.8628,1784559916483,1784559932421.0,1784559933409.5278,1001.137,15938.0,988.528,1784558612421.0,17927.665
ss-0-720000,1784559929281.8677,1784559930134,1784559932421.0,1784559933409.5293,852.132,2287.0,988.529,1784558612421.0,4127.662
ss-55-720000,1784559928081.8591,1784559929084,1784559932421.0,1784559933409.5298,1002.141,3337.0,988.53,1784558612421.0,5327.671
ss-30-720000,1784559931231.8613,1784559932235,1784559932421.0,1784559933409.5303,1003.139,186.0,988.53,1784558612421.0,2177.669
ss-86-720000,1784559932181.8325,1784559932235,1784559932421.0,1784559933409.5776,53.167,186.0,988.578,1784558612421.0,1227.745
ss-57-780000,1784559931681.8657,1784559932235,1784559932421.0,1784559933409.5789,553.134,186.0,988.579,1784558552421.0,1727.713
ss-74-780000,1784559931481.861,1784559932235,1784559932421.0,1784559933409.58,753.139,186.0,988.58,1784558552421.0,1927.719
ss-60-780000,1784559931581.8672,1784559932235,1784559932421.0,1784559933409.5808,653.133,186.0,988.581,1784558552421.0,1827.714
ss-72-780000,1784559927431.8628,1784559928033,1784559932421.0,1784559933409.595,601.137,4388.0,988.595,1784558552421.0,5977.732
ss-26-780000,1784559931631.8694,1784559932235,1784559932421.0,1784559933409.596,603.131,186.0,988.596,1784558552421.0,1777.727
ss-96-780000,1784559932131.8682,1784559932235,1784559932421.0,1784559933409.597,103.132,186.0,988.597,1784558552421.0,1277.729
ss-27-780000,1784559932081.87,1784559932235,1784559932421.0,1784559933409.5977,153.13,186.0,988.598,1784558552421.0,1327.728
ss-91-780000,1784559929831.8684,1784559930134,1784559932421.0,1784559933409.5984,302.132,2287.0,988.598,1784558552421.0,3577.73
ss-15-780000,1784559930481.863,1784559931184,1784559932421.0,1784559933409.6174,702.137,1237.0,988.617,1784558552421.0,2927.754
ss-78-780000,1784559922281.896,1784559922784,1784559932421.0,1784559933409.6182,502.104,9637.0,988.618,1784558552421.0,11127.722
ss-82-780000,1784559927481.8618,1784559928033,1784559932421.0,1784559933409.623,551.138,4388.0,988.623,1784558552421.0,5927.761
ss-23-780000,1784559930081.8613,1784559930134,1784559932421.0,1784559933409.6238,52.139,2287.0,988.624,1784558552421.0,3327.762
ss-0-780000,1784559929281.8677,1784559930134,1784559932421.0,1784559933409.6306,852.132,2287.0,988.631,1784558552421.0,4127.763
ss-3-780000,1784559927881.8594,1784559928033,1784559932421.0,1784559933409.6316,151.141,4388.0,988.632,1784558552421.0,5527.772
ss-53-780000,1784559929381.8657,1784559930134,1784559932421.0,1784559933409.6375,752.134,2287.0,988.637,1784558552421.0,4027.772
ss-85-780000,1784559930831.8604,1784559931184,1784559932421.0,1784559933409.6716,352.14,1237.0,988.672,1784558552421.0,2577.811
ss-87-780000,1784559924881.869,1784559924884,1784559932421.0,1784559933409.6724,2.131,7537.0,988.672,1784558552421.0,8527.803
ss-51-780000,1784559931381.867,1784559932235,1784559932421.0,1784559933409.673,853.133,186.0,988.673,1784558552421.0,2027.806
ss-19-780000,1784559930931.859,1784559931184,1784559932422.0,1784559933409.68,252.141,1238.0,987.68,1784558552422.0,2477.821
ss-8-780000,1784559930431.8613,1784559931184,1784559932422.0,1784559933409.6807,752.139,1238.0,987.681,1784558552422.0,2977.819
ss-47-780000,1784559931931.8613,1784559932235,1784559932422.0,1784559933409.6814,303.139,187.0,987.681,1784558552422.0,1477.82
ss-45-780000,1784559930031.9873,1784559930134,1784559932422.0,1784559933409.6873,102.013,2288.0,987.687,1784558552422.0,3377.7
ss-66-780000,1784559927981.8535,1784559928033,1784559932422.0,1784559933409.722,51.146,4389.0,987.722,1784558552422.0,5427.868
ss-29-780000,1784559925231.859,1784559925933,1784559932422.0,1784559933409.723,701.141,6489.0,987.723,1784558552422.0,8177.864
ss-37-780000,1784559930131.869,1784559930134,1784559932422.0,1784559933409.7297,2.131,2288.0,987.73,1784558552422.0,3277.861
ss-5-780000,1784559928931.856,1784559929084,1784559932422.0,1784559933409.7307,152.144,3338.0,987.731,1784558552422.0,4477.875
ss-71-780000,1784559930181.863,1784559931184,1784559932422.0,1784559933409.7537,1002.137,1238.0,987.754,1784558552422.0,3227.891
ss-11-780000,1784559931031.8652,1784559931184,1784559932422.0,1784559933409.7544,152.135,1238.0,987.754,1784558552422.0,2377.889
ss-52-780000,1784559929731.8682,1784559930134,1784559932422.0,1784559933409.7551,402.132,2288.0,987.755,1784558552422.0,3677.887
ss-56-780000,1784559931881.859,1784559932235,1784559932422.0,1784559933409.762,353.141,187.0,987.762,1784558552422.0,1527.903
ss-12-780000,1784559928531.8613,1784559929084,1784559932422.0,1784559933409.7627,552.139,3338.0,987.763,1784558552422.0,4877.901
ss-34-780000,1784559931081.8684,1784559931184,1784559932422.0,1784559933409.787,102.132,1238.0,987.787,1784558552422.0,2327.919
ss-28-780000,1784559929081.8618,1784559929084,1784559932422.0,1784559933409.7878,2.138,3338.0,987.788,1784558552422.0,4327.926
ss-98-780000,1784559928231.8586,1784559929084,1784559932422.0,1784559933409.7883,852.141,3338.0,987.788,1784558552422.0,5177.93
ss-65-780000,1784559927831.8599,1784559928033,1784559932422.0,1784559933409.7888,201.14,4389.0,987.789,1784558552422.0,5577.929
ss-50-780000,1784559928831.8525,1784559929084,1784559932422.0,1784559933409.7935,252.147,3338.0,987.793,1784558552422.0,4577.941
ss-88-780000,1784559926881.8638,1784559926984,1784559932422.0,1784559933409.8079,102.136,5438.0,987.808,1784558552422.0,6527.944
ss-92-780000,1784559926831.8604,1784559926984,1784559932422.0,1784559933409.8083,152.14,5438.0,987.808,1784558552422.0,6577.948
ss-32-780000,1784559929431.8655,1784559930134,1784559932422.0,1784559933409.8127,702.135,2288.0,987.813,1784558552422.0,3977.947
ss-20-780000,1784559929131.8606,1784559930134,1784559932422.0,1784559933409.8218,1002.139,2288.0,987.822,1784558552422.0,4277.961
ss-38-780000,1784559931531.8672,1784559932235,1784559932422.0,1784559933409.8276,703.133,187.0,987.828,1784558552422.0,1877.96
ss-24-780000,1784559930631.8613,1784559931184,1784559932422.0,1784559933409.8335,552.139,1238.0,987.833,1784558552422.0,2777.972
ss-90-780000,1784559931781.8682,1784559932235,1784559932422.0,1784559933409.8582,453.132,187.0,987.858,1784558552422.0,1627.99
ss-63-780000,1784559929481.865,1784559930134,1784559932422.0,1784559933409.8591,652.135,2288.0,987.859,1784558552422.0,3927.994
ss-95-780000,1784559925781.877,1784559925933,1784559932422.0,1784559933409.8655,151.123,6489.0,987.865,1784558552422.0,7627.989
ss-55-780000,1784559928081.8591,1784559929084,1784559932422.0,1784559933409.8955,1002.141,3338.0,987.896,1784558552422.0,5328.036
ss-46-780000,1784559925931.865,1784559925933,1784559932422.0,1784559933409.8962,1.135,6489.0,987.896,1784558552422.0,7478.031
ss-9-780000,1784559927931.8599,1784559928033,1784559932422.0,1784559933409.897,101.14,4389.0,987.897,1784558552422.0,5478.037
ss-64-780000,1784559926481.8635,1784559926984,1784559932422.0,1784559933409.8977,502.136,5438.0,987.898,1784558552422.0,6928.034
ss-43-780000,1784559930881.861,1784559931184,1784559932422.0,1784559933409.8984,302.139,1238.0,987.898,1784558552422.0,2528.037
ss-1-780000,1784559928181.86,1784559929084,1784559932422.0,1784559933409.9048,902.14,3338.0,987.905,1784558552422.0,5228.045
ss-73-780000,1784559925431.8665,1784559925933,1784559932422.0,1784559933409.9302,501.134,6489.0,987.93,1784558552422.0,7978.064
ss-54-780000,1784559924381.8616,1784559924884,1784559932422.0,1784559933409.9307,502.138,7538.0,987.931,1784558552422.0,9028.069
ss-31-780000,1784559931981.8616,1784559932235,1784559932422.0,1784559933409.9312,253.138,187.0,987.931,1784558552422.0,1428.07
ss-22-780000,1784559929981.8635,1784559930134,1784559932422.0,1784559933409.9358,152.136,2288.0,987.936,1784558552422.0,3428.072
ss-70-780000,1784559927081.8625,1784559928033,1784559932422.0,1784559933409.9568,951.137,4389.0,987.957,1784558552422.0,6328.094
ss-4-780000,1784559930781.86,1784559931184,1784559932422.0,1784559933409.963,402.14,1238.0,987.963,1784558552422.0,2628.103
ss-80-780000,1784559931431.8616,1784559932235,1784559932422.0,1784559933409.9636,803.138,187.0,987.964,1784558552422.0,1978.102
ss-44-780000,1784559930531.864,1784559931184,1784559932422.0,1784559933409.9983,652.136,1238.0,987.998,1784558552422.0,2878.134
ss-6-780000,1784559928981.859,1784559929084,1784559932422.0,1784559933409.9993,102.141,3338.0,987.999,1784558552422.0,4428.14
ss-75-780000,1784559929181.8623,1784559930134,1784559932422.0,1784559933410.0164,952.138,2288.0,988.016,1784558552422.0,4228.154
ss-59-780000,1784559928031.8555,1784559928033,1784559932422.0,1784559933410.0234,1.145,4389.0,988.023,1784558552422.0,5378.168
ss-68-780000,1784559930281.8662,1784559931184,1784559932422.0,1784559933410.0244,902.134,1238.0,988.024,1784558552422.0,3128.158
ss-16-780000,1784559931731.864,1784559932235,1784559932422.0,1784559933410.0251,503.136,187.0,988.025,1784558552422.0,1678.161
ss-86-780000,1784559932181.8325,1784559932235,1784559932422.0,1784559933410.0337,53.167,187.0,988.034,1784558552422.0,1228.201
ss-13-780000,1784559922831.8674,1784559923834,1784559932422.0,1784559933410.0552,1002.133,8588.0,988.055,1784558552422.0,10578.188
ss-25-780000,1784559927631.851,1784559928033,1784559932422.0,1784559933410.056,401.149,4389.0,988.056,1784558552422.0,5778.205
ss-83-780000,1784559926081.8638,1784559926984,1784559932422.0,1784559933410.0798,902.136,5438.0,988.08,1784558552422.0,7328.216
ss-21-780000,1784559928431.8586,1784559929084,1784559932422.0,1784559933410.0806,652.141,3338.0,988.081,1784558552422.0,4978.222
ss-77-780000,1784559932031.8694,1784559932235,1784559932422.0,1784559933410.0886,203.131,187.0,988.089,1784558552422.0,1378.219
ss-39-780000,1784559925981.8694,1784559926984,1784559932422.0,1784559933410.0955,1002.131,5438.0,988.095,1784558552422.0,7428.226
ss-76-780000,1784559931831.8906,1784559932235,1784559932422.0,1784559933410.1245,403.109,187.0,988.125,1784558552422.0,1578.234
ss-14-780000,1784559930231.8665,1784559931184,1784559932422.0,1784559933410.132,952.134,1238.0,988.132,1784558552422.0,3178.266
ss-2-780000,1784559929881.8687,1784559930134,1784559932422.0,1784559933410.133,252.131,2288.0,988.133,1784558552422.0,3528.264
ss-58-780000,1784559929331.8625,1784559930134,1784559932422.0,1784559933410.1414,802.137,2288.0,988.141,1784558552422.0,4078.279
ss-42-780000,1784559924181.8804,1784559924884,1784559932422.0,1784559933410.1423,702.12,7538.0,988.142,1784558552422.0,9228.262
ss-94-780000,1784559922431.8533,1784559922784,1784559932422.0,1784559933410.163,352.147,9638.0,988.163,1784558552422.0,10978.31
ss-49-780000,1784559930331.8591,1784559931184,1784559932422.0,1784559933410.1963,852.141,1238.0,988.196,1784558552422.0,3078.337
ss-30-780000,1784559931231.8613,1784559932235,1784559932422.0,1784559933410.1975,1003.139,187.0,988.198,1784558552422.0,2178.336
ss-7-780000,1784559928131.8606,1784559929084,1784559932422.0,1784559933410.1985,952.139,3338.0,988.198,1784558552422.0,5278.338
ss-36-780000,1784559930681.864,1784559931184,1784559932422.0,1784559933410.1992,502.136,1238.0,988.199,1784558552422.0,2728.335
ss-97-780000,1784559928881.8606,1784559929084,1784559932422.0,1784559933410.2075,202.139,3338.0,988.208,1784558552422.0,4528.347
ss-79-780000,1784559924731.8616,1784559924884,1784559932422.0,1784559933410.2085,152.138,7538.0,988.208,1784558552422.0,8678.347
ss-18-780000,1784559927731.8567,1784559928033,1784559932422.0,1784559933410.2095,301.143,4389.0,988.209,1784558552422.0,5678.353
ss-41-780000,1784559928281.8687,1784559929084,1784559932422.0,1784559933410.2446,802.131,3338.0,988.245,1784558552422.0,5128.376
ss-35-780000,1784559923181.8643,1784559923834,1784559932422.0,1784559933410.2456,652.136,8588.0,988.246,1784558552422.0,10228.381
