flink-identity-1                | SLF4J: Failed to load class "org.slf4j.impl.StaticLoggerBinder".
flink-identity-1                | SLF4J: Defaulting to no-operation (NOP) logger implementation
flink-identity-1                | SLF4J: See http://www.slf4j.org/codes.html#StaticLoggerBinder for further details.
flink-identity-1                | SLF4J: Failed to load class "org.slf4j.impl.StaticMDCBinder".
flink-identity-1                | SLF4J: Defaulting to no-operation MDCAdapter implementation.
stream-state-bench-flink-kafka  | ===> User
stream-state-bench-flink-kafka  | uid=1000(appuser) gid=1000(appuser) groups=1000(appuser)
flink-identity-1                | SLF4J: See http://www.slf4j.org/codes.html#no_static_mdc_binder for further details.
stream-state-bench-flink-kafka  | ===> Setting default values of environment variables if not already set.
stream-state-bench-flink-kafka  | ===> Configuring ...
stream-state-bench-flink-kafka  | Running in KRaft mode...
stream-state-bench-flink-kafka  | ===> Launching ... 
stream-state-bench-flink-kafka  | ===> Using provided cluster id MkU3OEVBNTcwNTJENDM2Qk ...
stream-state-bench-flink-kafka  | [2026-07-15 21:56:05,489] INFO Registered `kafka:type=kafka.Log4jController` MBean (kafka.utils.Log4jControllerRegistration$)
stream-state-bench-flink-kafka  | [2026-07-15 21:56:05,574] INFO Registered signal handlers for TERM, INT, HUP (org.apache.kafka.common.utils.LoggingSignalHandler)
stream-state-bench-flink-kafka  | [2026-07-15 21:56:05,575] INFO [ControllerServer id=1] Starting controller (kafka.server.ControllerServer)
stream-state-bench-flink-kafka  | [2026-07-15 21:56:05,651] INFO Updated connection-accept-rate max connection creation rate to 2147483647 (kafka.network.ConnectionQuotas)
stream-state-bench-flink-kafka  | [2026-07-15 21:56:05,668] INFO [SocketServer listenerType=CONTROLLER, nodeId=1] Created data-plane acceptor and processors for endpoint : ListenerName(CONTROLLER) (kafka.network.SocketServer)
stream-state-bench-flink-kafka  | [2026-07-15 21:56:05,672] INFO authorizerStart completed for endpoint CONTROLLER. Endpoint is now READY. (org.apache.kafka.server.network.EndpointReadyFutures)
stream-state-bench-flink-kafka  | [2026-07-15 21:56:05,673] INFO [SharedServer id=1] Starting SharedServer (kafka.server.SharedServer)
stream-state-bench-flink-kafka  | [2026-07-15 21:56:05,695] INFO [LogLoader partition=__cluster_metadata-0, dir=/tmp/kafka-logs] Loading producer state till offset 0 (org.apache.kafka.storage.internals.log.UnifiedLog)
stream-state-bench-flink-kafka  | [2026-07-15 21:56:05,695] INFO [LogLoader partition=__cluster_metadata-0, dir=/tmp/kafka-logs] Reloading from producer snapshot and rebuilding producer state from offset 0 (org.apache.kafka.storage.internals.log.UnifiedLog)
stream-state-bench-flink-kafka  | [2026-07-15 21:56:05,695] INFO [LogLoader partition=__cluster_metadata-0, dir=/tmp/kafka-logs] Producer state recovery took 0ms for snapshot load and 0ms for segment recovery from offset 0 (org.apache.kafka.storage.internals.log.UnifiedLog)
stream-state-bench-flink-kafka  | [2026-07-15 21:56:05,699] INFO [RaftLog partition=__cluster_metadata-0] Initialized snapshots with IDs [] from /tmp/kafka-logs/__cluster_metadata-0 (org.apache.kafka.raft.internals.KafkaRaftLog)
stream-state-bench-flink-kafka  | [2026-07-15 21:56:05,702] INFO [raft-expiration-reaper]: Starting (org.apache.kafka.raft.TimingWheelExpirationService$ExpiredOperationReaper)
stream-state-bench-flink-kafka  | [2026-07-15 21:56:05,704] INFO [RaftManager id=1] Reading KRaft snapshot and log as part of the initialization (org.apache.kafka.raft.KafkaRaftClient)
stream-state-bench-flink-kafka  | [2026-07-15 21:56:05,705] INFO [RaftManager id=1] Starting voters are VoterSet(voters={1=VoterNode(voterKey=ReplicaKey(id=1, directoryId=<undefined>), listeners=Endpoints(endpoints={ListenerName(CONTROLLER)=kafka/<unresolved>:9093}), supportedKRaftVersion=SupportedVersionRange[min_version:0, max_version:0])}) (org.apache.kafka.raft.KafkaRaftClient)
stream-state-bench-flink-kafka  | [2026-07-15 21:56:05,708] INFO [RaftManager id=1] Starting request manager with static voters: [kafka:9093 (id: 1 rack: null isFenced: false)] (org.apache.kafka.raft.KafkaRaftClient)
stream-state-bench-flink-kafka  | [2026-07-15 21:56:05,709] INFO [RaftManager id=1] Attempting durable transition to UnattachedState(epoch=0, leaderId=OptionalInt.empty, votedKey=Optional.empty, voters=[1], electionTimeoutMs=1290, highWatermark=Optional.empty) from null (org.apache.kafka.raft.QuorumState)
stream-state-bench-flink-kafka  | [2026-07-15 21:56:05,716] INFO [RaftManager id=1] Completed transition to UnattachedState(epoch=0, leaderId=OptionalInt.empty, votedKey=Optional.empty, voters=[1], electionTimeoutMs=1290, highWatermark=Optional.empty) from null (org.apache.kafka.raft.QuorumState)
stream-state-bench-flink-kafka  | [2026-07-15 21:56:05,720] INFO [RaftManager id=1] Completed transition to ProspectiveState(epoch=0, leaderId=OptionalInt.empty, votedKey=Optional.empty, epochElection=EpochElection[voterStates={1=VoterState(replicaKey=ReplicaKey(id=1, directoryId=<undefined>), state=GRANTED)}], electionTimeoutMs=1849, highWatermark=Optional.empty) from UnattachedState(epoch=0, leaderId=OptionalInt.empty, votedKey=Optional.empty, voters=[1], electionTimeoutMs=1290, highWatermark=Optional.empty) (org.apache.kafka.raft.QuorumState)
stream-state-bench-flink-kafka  | [2026-07-15 21:56:05,721] INFO [RaftManager id=1] Attempting durable transition to CandidateState(localId=1, localDirectoryId=F0Y5Xvm-FnApnGnAzO0p7g, epoch=1, epochElection=EpochElection[voterStates={1=VoterState(replicaKey=ReplicaKey(id=1, directoryId=<undefined>), state=GRANTED)}], highWatermark=Optional.empty, electionTimeoutMs=1633) from ProspectiveState(epoch=0, leaderId=OptionalInt.empty, votedKey=Optional.empty, epochElection=EpochElection[voterStates={1=VoterState(replicaKey=ReplicaKey(id=1, directoryId=<undefined>), state=GRANTED)}], electionTimeoutMs=1849, highWatermark=Optional.empty) (org.apache.kafka.raft.QuorumState)
stream-state-bench-flink-kafka  | [2026-07-15 21:56:05,724] INFO [RaftManager id=1] Completed transition to CandidateState(localId=1, localDirectoryId=F0Y5Xvm-FnApnGnAzO0p7g, epoch=1, epochElection=EpochElection[voterStates={1=VoterState(replicaKey=ReplicaKey(id=1, directoryId=<undefined>), state=GRANTED)}], highWatermark=Optional.empty, electionTimeoutMs=1633) from ProspectiveState(epoch=0, leaderId=OptionalInt.empty, votedKey=Optional.empty, epochElection=EpochElection[voterStates={1=VoterState(replicaKey=ReplicaKey(id=1, directoryId=<undefined>), state=GRANTED)}], electionTimeoutMs=1849, highWatermark=Optional.empty) (org.apache.kafka.raft.QuorumState)
stream-state-bench-flink-kafka  | [2026-07-15 21:56:05,726] INFO [RaftManager id=1] Attempting durable transition to Leader(localVoterNode=VoterNode(voterKey=ReplicaKey(id=1, directoryId=F0Y5Xvm-FnApnGnAzO0p7g), listeners=Endpoints(endpoints={ListenerName(CONTROLLER)=kafka/<unresolved>:9093}), supportedKRaftVersion=SupportedVersionRange[min_version:0, max_version:1]), epoch=1, epochStartOffset=0, highWatermark=Optional.empty, voterStates={1=ReplicaState(replicaKey=ReplicaKey(id=1, directoryId=<undefined>), endOffset=Optional.empty, lastFetchTimestamp=-1, lastCaughtUpTimestamp=-1, hasAcknowledgedLeader=true)}) from CandidateState(localId=1, localDirectoryId=F0Y5Xvm-FnApnGnAzO0p7g, epoch=1, epochElection=EpochElection[voterStates={1=VoterState(replicaKey=ReplicaKey(id=1, directoryId=<undefined>), state=GRANTED)}], highWatermark=Optional.empty, electionTimeoutMs=1633) (org.apache.kafka.raft.QuorumState)
stream-state-bench-flink-kafka  | [2026-07-15 21:56:05,728] INFO [RaftManager id=1] Completed transition to Leader(localVoterNode=VoterNode(voterKey=ReplicaKey(id=1, directoryId=F0Y5Xvm-FnApnGnAzO0p7g), listeners=Endpoints(endpoints={ListenerName(CONTROLLER)=kafka/<unresolved>:9093}), supportedKRaftVersion=SupportedVersionRange[min_version:0, max_version:1]), epoch=1, epochStartOffset=0, highWatermark=Optional.empty, voterStates={1=ReplicaState(replicaKey=ReplicaKey(id=1, directoryId=<undefined>), endOffset=Optional.empty, lastFetchTimestamp=-1, lastCaughtUpTimestamp=-1, hasAcknowledgedLeader=true)}) from CandidateState(localId=1, localDirectoryId=F0Y5Xvm-FnApnGnAzO0p7g, epoch=1, epochElection=EpochElection[voterStates={1=VoterState(replicaKey=ReplicaKey(id=1, directoryId=<undefined>), state=GRANTED)}], highWatermark=Optional.empty, electionTimeoutMs=1633) (org.apache.kafka.raft.QuorumState)
stream-state-bench-flink-kafka  | [2026-07-15 21:56:05,740] INFO [kafka-1-raft-io-thread]: Starting (org.apache.kafka.raft.KafkaRaftClientDriver)
stream-state-bench-flink-kafka  | [2026-07-15 21:56:05,740] INFO [kafka-1-raft-outbound-request-thread]: Starting (org.apache.kafka.raft.KafkaNetworkChannel$SendThread)
stream-state-bench-flink-kafka  | [2026-07-15 21:56:05,746] INFO [MetadataLoader id=1] initializeNewPublishers: The loader is still catching up because we have loaded up to offset -1, but the high water mark is 1 (org.apache.kafka.image.loader.MetadataLoader)
stream-state-bench-flink-kafka  | [2026-07-15 21:56:05,746] INFO [ControllerServer id=1] Waiting for controller quorum voters future (kafka.server.ControllerServer)
stream-state-bench-flink-kafka  | [2026-07-15 21:56:05,746] INFO [ControllerServer id=1] Finished waiting for controller quorum voters future (kafka.server.ControllerServer)
stream-state-bench-flink-kafka  | [2026-07-15 21:56:05,748] INFO [RaftManager id=1] High watermark set to LogOffsetMetadata(offset=1, metadata=Optional[(segmentBaseOffset=0,relativePositionInSegment=91)]) for the first time for epoch 1 based on indexOfHw 0 and voters [ReplicaState(replicaKey=ReplicaKey(id=1, directoryId=<undefined>), endOffset=Optional[LogOffsetMetadata(offset=1, metadata=Optional[(segmentBaseOffset=0,relativePositionInSegment=91)])], lastFetchTimestamp=-1, lastCaughtUpTimestamp=-1, hasAcknowledgedLeader=true)] (org.apache.kafka.raft.LeaderState)
stream-state-bench-flink-kafka  | [2026-07-15 21:56:05,751] INFO [RaftManager id=1] Registered the listener org.apache.kafka.image.loader.MetadataLoader@1221224505 (org.apache.kafka.raft.KafkaRaftClient)
stream-state-bench-flink-kafka  | [2026-07-15 21:56:05,752] INFO [RaftManager id=1] Setting the next offset of org.apache.kafka.image.loader.MetadataLoader@1221224505 to 0 since there are no snapshots (org.apache.kafka.raft.KafkaRaftClient)
stream-state-bench-flink-kafka  | [2026-07-15 21:56:05,753] INFO [MetadataLoader id=1] maybePublishMetadata(LOG_DELTA): The loader is still catching up because we have not loaded a controller record as of offset 0 and high water mark is 1 (org.apache.kafka.image.loader.MetadataLoader)
stream-state-bench-flink-kafka  | [2026-07-15 21:56:05,755] INFO [controller-1-ThrottledChannelReaper-Fetch]: Starting (org.apache.kafka.server.quota.ClientQuotaManager$ThrottledChannelReaper)
stream-state-bench-flink-kafka  | [2026-07-15 21:56:05,755] INFO [controller-1-ThrottledChannelReaper-Produce]: Starting (org.apache.kafka.server.quota.ClientQuotaManager$ThrottledChannelReaper)
stream-state-bench-flink-kafka  | [2026-07-15 21:56:05,756] INFO [controller-1-ThrottledChannelReaper-Request]: Starting (org.apache.kafka.server.quota.ClientQuotaManager$ThrottledChannelReaper)
stream-state-bench-flink-kafka  | [2026-07-15 21:56:05,756] INFO [RaftManager id=1] Registered the listener org.apache.kafka.controller.QuorumController$QuorumMetaLogListener@1098492067 (org.apache.kafka.raft.KafkaRaftClient)
stream-state-bench-flink-kafka  | [2026-07-15 21:56:05,756] INFO [controller-1-ThrottledChannelReaper-ControllerMutation]: Starting (org.apache.kafka.server.quota.ClientQuotaManager$ThrottledChannelReaper)
stream-state-bench-flink-kafka  | [2026-07-15 21:56:05,756] INFO [RaftManager id=1] Setting the next offset of org.apache.kafka.controller.QuorumController$QuorumMetaLogListener@1098492067 to 0 since there are no snapshots (org.apache.kafka.raft.KafkaRaftClient)
stream-state-bench-flink-kafka  | [2026-07-15 21:56:05,759] INFO [ExpirationReaper-1-AlterAcls]: Starting (org.apache.kafka.server.purgatory.DelayedOperationPurgatory$ExpiredOperationReaper)
stream-state-bench-flink-kafka  | [2026-07-15 21:56:05,774] INFO [ControllerServer id=1] Waiting for the controller metadata publishers to be installed (kafka.server.ControllerServer)
stream-state-bench-flink-kafka  | [2026-07-15 21:56:05,774] INFO [ControllerServer id=1] Finished waiting for the controller metadata publishers to be installed (kafka.server.ControllerServer)
stream-state-bench-flink-kafka  | [2026-07-15 21:56:05,774] INFO [MetadataLoader id=1] initializeNewPublishers: The loader is still catching up because we have not loaded a controller record as of offset 0 and high water mark is 1 (org.apache.kafka.image.loader.MetadataLoader)
stream-state-bench-flink-kafka  | [2026-07-15 21:56:05,775] INFO [SocketServer listenerType=CONTROLLER, nodeId=1] Enabling request processing. (kafka.network.SocketServer)
stream-state-bench-flink-kafka  | [2026-07-15 21:56:05,776] INFO Awaiting socket connections on 0.0.0.0:9093. (kafka.network.DataPlaneAcceptor)
stream-state-bench-flink-kafka  | [2026-07-15 21:56:05,779] INFO [controller-1-to-controller-registration-channel-manager]: Starting (org.apache.kafka.server.NodeToControllerRequestThread)
stream-state-bench-flink-kafka  | [2026-07-15 21:56:05,779] INFO [ControllerServer id=1] Waiting for all of the authorizer futures to be completed (kafka.server.ControllerServer)
stream-state-bench-flink-kafka  | [2026-07-15 21:56:05,780] INFO [ControllerServer id=1] Finished waiting for all of the authorizer futures to be completed (kafka.server.ControllerServer)
stream-state-bench-flink-kafka  | [2026-07-15 21:56:05,780] INFO Recorded new KRaft controller, from now on will use node kafka:9093 (id: 1 rack: null isFenced: false) (org.apache.kafka.server.NodeToControllerRequestThread)
stream-state-bench-flink-kafka  | [2026-07-15 21:56:05,780] INFO [ControllerServer id=1] Waiting for all of the SocketServer Acceptors to be started (kafka.server.ControllerServer)
stream-state-bench-flink-kafka  | [2026-07-15 21:56:05,780] INFO [ControllerServer id=1] Finished waiting for all of the SocketServer Acceptors to be started (kafka.server.ControllerServer)
stream-state-bench-flink-kafka  | [2026-07-15 21:56:05,780] INFO [ControllerRegistrationManager id=1 incarnation=CiYyQcHzSp6Utl7e0iDOUg] initialized channel manager. (kafka.server.ControllerRegistrationManager)
stream-state-bench-flink-kafka  | [2026-07-15 21:56:05,780] INFO [ControllerRegistrationManager id=1 incarnation=CiYyQcHzSp6Utl7e0iDOUg] maybeSendControllerRegistration: cannot register yet because the metadata.version is not known yet. (kafka.server.ControllerRegistrationManager)
stream-state-bench-flink-kafka  | [2026-07-15 21:56:05,780] INFO [BrokerServer id=1] Transition from SHUTDOWN to STARTING (kafka.server.BrokerServer)
stream-state-bench-flink-kafka  | [2026-07-15 21:56:05,781] INFO [BrokerServer id=1] Starting broker (kafka.server.BrokerServer)
stream-state-bench-flink-kafka  | [2026-07-15 21:56:05,784] INFO [broker-1-ThrottledChannelReaper-Fetch]: Starting (org.apache.kafka.server.quota.ClientQuotaManager$ThrottledChannelReaper)
stream-state-bench-flink-kafka  | [2026-07-15 21:56:05,784] INFO [broker-1-ThrottledChannelReaper-Produce]: Starting (org.apache.kafka.server.quota.ClientQuotaManager$ThrottledChannelReaper)
stream-state-bench-flink-kafka  | [2026-07-15 21:56:05,784] INFO [broker-1-ThrottledChannelReaper-Request]: Starting (org.apache.kafka.server.quota.ClientQuotaManager$ThrottledChannelReaper)
stream-state-bench-flink-kafka  | [2026-07-15 21:56:05,784] INFO [broker-1-ThrottledChannelReaper-ControllerMutation]: Starting (org.apache.kafka.server.quota.ClientQuotaManager$ThrottledChannelReaper)
stream-state-bench-flink-kafka  | [2026-07-15 21:56:05,788] INFO [MetadataLoader id=1] maybePublishMetadata(LOG_DELTA): The loader finished catching up to the current high water mark of 10 (org.apache.kafka.image.loader.MetadataLoader)
stream-state-bench-flink-kafka  | [2026-07-15 21:56:05,789] INFO [MetadataLoader id=1] InitializeNewPublishers: initializing SnapshotGenerator with a snapshot at offset 9 (org.apache.kafka.image.loader.MetadataLoader)
stream-state-bench-flink-kafka  | [2026-07-15 21:56:05,790] INFO [MetadataLoader id=1] InitializeNewPublishers: initializing KRaftMetadataCachePublisher with a snapshot at offset 9 (org.apache.kafka.image.loader.MetadataLoader)
stream-state-bench-flink-kafka  | [2026-07-15 21:56:05,790] INFO [MetadataLoader id=1] InitializeNewPublishers: initializing FeaturesPublisher with a snapshot at offset 9 (org.apache.kafka.image.loader.MetadataLoader)
stream-state-bench-flink-kafka  | [2026-07-15 21:56:05,792] INFO [BrokerServer id=1] Waiting for controller quorum voters future (kafka.server.BrokerServer)
stream-state-bench-flink-kafka  | [2026-07-15 21:56:05,792] INFO [BrokerServer id=1] Finished waiting for controller quorum voters future (kafka.server.BrokerServer)
stream-state-bench-flink-kafka  | [2026-07-15 21:56:05,794] INFO [broker-1-to-controller-forwarding-channel-manager]: Starting (org.apache.kafka.server.NodeToControllerRequestThread)
stream-state-bench-flink-kafka  | [2026-07-15 21:56:05,794] INFO Recorded new KRaft controller, from now on will use node kafka:9093 (id: 1 rack: null isFenced: false) (org.apache.kafka.server.NodeToControllerRequestThread)
stream-state-bench-flink-kafka  | [2026-07-15 21:56:05,795] INFO [ControllerServer id=1] Loaded new metadata FinalizedFeatures[metadataVersion=4.3-IV0, finalizedFeatures={group.version=1, streams.version=1, transaction.version=2, eligible.leader.replicas.version=1, share.version=1, metadata.version=30}, finalizedFeaturesEpoch=9]. (org.apache.kafka.metadata.publisher.FeaturesPublisher)
stream-state-bench-flink-kafka  | [2026-07-15 21:56:05,795] INFO [MetadataLoader id=1] InitializeNewPublishers: initializing ControllerRegistrationsPublisher with a snapshot at offset 9 (org.apache.kafka.image.loader.MetadataLoader)
stream-state-bench-flink-kafka  | [2026-07-15 21:56:05,795] INFO [MetadataLoader id=1] InitializeNewPublishers: initializing ControllerRegistrationManager with a snapshot at offset 9 (org.apache.kafka.image.loader.MetadataLoader)
stream-state-bench-flink-kafka  | [2026-07-15 21:56:05,795] INFO [MetadataLoader id=1] InitializeNewPublishers: initializing DynamicConfigPublisher controller id=1 with a snapshot at offset 9 (org.apache.kafka.image.loader.MetadataLoader)
stream-state-bench-flink-kafka  | [2026-07-15 21:56:05,796] INFO [client-metrics-reaper]: Starting (org.apache.kafka.server.util.timer.SystemTimerReaper$Reaper)
stream-state-bench-flink-kafka  | [2026-07-15 21:56:05,798] INFO [DynamicConfigPublisher controller id=1] Updating cluster configuration : min.insync.replicas -> 1 (kafka.server.metadata.DynamicConfigPublisher)
stream-state-bench-flink-kafka  | [2026-07-15 21:56:05,801] INFO AbstractConfig values: 
stream-state-bench-flink-kafka  | 	group.consumer.assignment.interval.ms = 1000
stream-state-bench-flink-kafka  | 	group.consumer.assignors = [uniform, range]
stream-state-bench-flink-kafka  | 	group.consumer.heartbeat.interval.ms = 5000
stream-state-bench-flink-kafka  | 	group.consumer.max.assignment.interval.ms = 15000
stream-state-bench-flink-kafka  | 	group.consumer.max.heartbeat.interval.ms = 15000
stream-state-bench-flink-kafka  | 	group.consumer.max.session.timeout.ms = 60000
stream-state-bench-flink-kafka  | 	group.consumer.max.size = 2147483647
stream-state-bench-flink-kafka  | 	group.consumer.migration.policy = bidirectional
stream-state-bench-flink-kafka  | 	group.consumer.min.assignment.interval.ms = 0
stream-state-bench-flink-kafka  | 	group.consumer.min.heartbeat.interval.ms = 5000
stream-state-bench-flink-kafka  | 	group.consumer.min.session.timeout.ms = 45000
stream-state-bench-flink-kafka  | 	group.consumer.regex.refresh.interval.ms = 600000
stream-state-bench-flink-kafka  | 	group.consumer.session.timeout.ms = 45000
stream-state-bench-flink-kafka  | 	group.coordinator.append.linger.ms = -1
stream-state-bench-flink-kafka  | 	group.coordinator.background.threads = 2
stream-state-bench-flink-kafka  | 	group.coordinator.cached.buffer.max.bytes = 1048588
stream-state-bench-flink-kafka  | 	group.coordinator.rebalance.protocols = [classic, consumer, streams]
stream-state-bench-flink-kafka  | 	group.coordinator.threads = 4
stream-state-bench-flink-kafka  | 	group.initial.rebalance.delay.ms = 0
stream-state-bench-flink-kafka  | 	group.max.session.timeout.ms = 1800000
stream-state-bench-flink-kafka  | 	group.max.size = 2147483647
stream-state-bench-flink-kafka  | 	group.min.session.timeout.ms = 6000
stream-state-bench-flink-kafka  | 	group.share.assignment.interval.ms = 1000
stream-state-bench-flink-kafka  | 	group.share.assignors = [simple]
stream-state-bench-flink-kafka  | 	group.share.heartbeat.interval.ms = 5000
stream-state-bench-flink-kafka  | 	group.share.initialize.retry.interval.ms = 30000
stream-state-bench-flink-kafka  | 	group.share.max.assignment.interval.ms = 15000
stream-state-bench-flink-kafka  | 	group.share.max.heartbeat.interval.ms = 15000
stream-state-bench-flink-kafka  | 	group.share.max.session.timeout.ms = 60000
stream-state-bench-flink-kafka  | 	group.share.max.size = 200
stream-state-bench-flink-kafka  | 	group.share.min.assignment.interval.ms = 0
stream-state-bench-flink-kafka  | 	group.share.min.heartbeat.interval.ms = 5000
stream-state-bench-flink-kafka  | 	group.share.min.session.timeout.ms = 45000
stream-state-bench-flink-kafka  | 	group.share.session.timeout.ms = 45000
stream-state-bench-flink-kafka  | 	group.streams.assignment.interval.ms = 1000
stream-state-bench-flink-kafka  | 	group.streams.heartbeat.interval.ms = 5000
stream-state-bench-flink-kafka  | 	group.streams.initial.rebalance.delay.ms = 3000
stream-state-bench-flink-kafka  | 	group.streams.max.assignment.interval.ms = 15000
stream-state-bench-flink-kafka  | 	group.streams.max.heartbeat.interval.ms = 15000
stream-state-bench-flink-kafka  | 	group.streams.max.session.timeout.ms = 60000
stream-state-bench-flink-kafka  | 	group.streams.max.size = 2147483647
stream-state-bench-flink-kafka  | 	group.streams.max.standby.replicas = 2
stream-state-bench-flink-kafka  | 	group.streams.min.assignment.interval.ms = 0
stream-state-bench-flink-kafka  | 	group.streams.min.heartbeat.interval.ms = 5000
stream-state-bench-flink-kafka  | 	group.streams.min.session.timeout.ms = 45000
stream-state-bench-flink-kafka  | 	group.streams.num.standby.replicas = 0
stream-state-bench-flink-kafka  | 	group.streams.session.timeout.ms = 45000
stream-state-bench-flink-kafka  | 	offset.metadata.max.bytes = 4096
stream-state-bench-flink-kafka  | 	offsets.commit.timeout.ms = 5000
stream-state-bench-flink-kafka  | 	offsets.load.buffer.size = 5242880
stream-state-bench-flink-kafka  | 	offsets.retention.check.interval.ms = 600000
stream-state-bench-flink-kafka  | 	offsets.retention.minutes = 10080
stream-state-bench-flink-kafka  | 	offsets.topic.compression.codec = 0
stream-state-bench-flink-kafka  | 	offsets.topic.num.partitions = 50
stream-state-bench-flink-kafka  | 	offsets.topic.replication.factor = 1
stream-state-bench-flink-kafka  | 	offsets.topic.segment.bytes = 104857600
stream-state-bench-flink-kafka  |  (org.apache.kafka.common.config.AbstractConfig)
stream-state-bench-flink-kafka  | [2026-07-15 21:56:05,802] INFO KafkaConfig values: 
stream-state-bench-flink-kafka  | 	add.partitions.to.txn.retry.backoff.max.ms = 100
stream-state-bench-flink-kafka  | 	add.partitions.to.txn.retry.backoff.ms = 20
stream-state-bench-flink-kafka  | 	advertised.listeners = [PLAINTEXT://kafka:9092]
stream-state-bench-flink-kafka  | 	alter.config.policy.class.name = null
stream-state-bench-flink-kafka  | 	alter.log.dirs.replication.quota.window.num = 11
stream-state-bench-flink-kafka  | 	alter.log.dirs.replication.quota.window.size.seconds = 1
stream-state-bench-flink-kafka  | 	authorizer.class.name = 
stream-state-bench-flink-kafka  | 	auto.create.topics.enable = false
stream-state-bench-flink-kafka  | 	auto.leader.rebalance.enable = true
stream-state-bench-flink-kafka  | 	background.threads = 10
stream-state-bench-flink-kafka  | 	broker.heartbeat.interval.ms = 2000
stream-state-bench-flink-kafka  | 	broker.id = 1
stream-state-bench-flink-kafka  | 	broker.rack = null
stream-state-bench-flink-kafka  | 	broker.session.timeout.ms = 9000
stream-state-bench-flink-kafka  | 	client.quota.callback.class = null
stream-state-bench-flink-kafka  | 	compression.gzip.level = -1
stream-state-bench-flink-kafka  | 	compression.lz4.level = 9
stream-state-bench-flink-kafka  | 	compression.type = producer
stream-state-bench-flink-kafka  | 	compression.zstd.level = 3
stream-state-bench-flink-kafka  | 	config.providers = []
stream-state-bench-flink-kafka  | 	connection.failed.authentication.delay.ms = 100
stream-state-bench-flink-kafka  | 	connections.max.idle.ms = 600000
stream-state-bench-flink-kafka  | 	connections.max.reauth.ms = 0
stream-state-bench-flink-kafka  | 	controlled.shutdown.enable = true
stream-state-bench-flink-kafka  | 	controller.listener.names = [CONTROLLER]
stream-state-bench-flink-kafka  | 	controller.performance.always.log.threshold.ms = 2000
stream-state-bench-flink-kafka  | 	controller.performance.sample.period.ms = 60000
stream-state-bench-flink-kafka  | 	controller.quorum.append.linger.ms = 25
stream-state-bench-flink-kafka  | 	controller.quorum.auto.join.enable = false
stream-state-bench-flink-kafka  | 	controller.quorum.bootstrap.servers = []
stream-state-bench-flink-kafka  | 	controller.quorum.election.backoff.max.ms = 1000
stream-state-bench-flink-kafka  | 	controller.quorum.election.timeout.ms = 1000
stream-state-bench-flink-kafka  | 	controller.quorum.fetch.max.bytes = 1048576
stream-state-bench-flink-kafka  | 	controller.quorum.fetch.snapshot.max.bytes = 1048576
stream-state-bench-flink-kafka  | 	controller.quorum.fetch.timeout.ms = 2000
stream-state-bench-flink-kafka  | 	controller.quorum.request.timeout.ms = 2000
stream-state-bench-flink-kafka  | 	controller.quorum.retry.backoff.ms = 20
stream-state-bench-flink-kafka  | 	controller.quorum.voters = [1@kafka:9093]
stream-state-bench-flink-kafka  | 	controller.quota.window.num = 11
stream-state-bench-flink-kafka  | 	controller.quota.window.size.seconds = 1
stream-state-bench-flink-kafka  | 	controller.socket.timeout.ms = 30000
stream-state-bench-flink-kafka  | 	cordoned.log.dirs = []
stream-state-bench-flink-kafka  | 	create.topic.policy.class.name = null
stream-state-bench-flink-kafka  | 	default.replication.factor = 1
stream-state-bench-flink-kafka  | 	delegation.token.expiry.check.interval.ms = 3600000
stream-state-bench-flink-kafka  | 	delegation.token.expiry.time.ms = 86400000
stream-state-bench-flink-kafka  | 	delegation.token.max.lifetime.ms = 604800000
stream-state-bench-flink-kafka  | 	delegation.token.secret.key = null
stream-state-bench-flink-kafka  | 	delete.records.purgatory.purge.interval.requests = 1
stream-state-bench-flink-kafka  | 	delete.topic.enable = true
stream-state-bench-flink-kafka  | 	early.start.listeners = null
stream-state-bench-flink-kafka  | 	fetch.max.bytes = 57671680
stream-state-bench-flink-kafka  | 	fetch.purgatory.purge.interval.requests = 1000
stream-state-bench-flink-kafka  | 	follower.fetch.last.tiered.offset.enable = false
stream-state-bench-flink-kafka  | 	group.consumer.assignment.interval.ms = 1000
stream-state-bench-flink-kafka  | 	group.consumer.assignors = [uniform, range]
stream-state-bench-flink-kafka  | 	group.consumer.heartbeat.interval.ms = 5000
stream-state-bench-flink-kafka  | 	group.consumer.max.assignment.interval.ms = 15000
stream-state-bench-flink-kafka  | 	group.consumer.max.heartbeat.interval.ms = 15000
stream-state-bench-flink-kafka  | 	group.consumer.max.session.timeout.ms = 60000
stream-state-bench-flink-kafka  | 	group.consumer.max.size = 2147483647
stream-state-bench-flink-kafka  | 	group.consumer.migration.policy = bidirectional
stream-state-bench-flink-kafka  | 	group.consumer.min.assignment.interval.ms = 0
stream-state-bench-flink-kafka  | 	group.consumer.min.heartbeat.interval.ms = 5000
stream-state-bench-flink-kafka  | 	group.consumer.min.session.timeout.ms = 45000
stream-state-bench-flink-kafka  | 	group.consumer.regex.refresh.interval.ms = 600000
stream-state-bench-flink-kafka  | 	group.consumer.session.timeout.ms = 45000
stream-state-bench-flink-kafka  | 	group.coordinator.append.linger.ms = -1
stream-state-bench-flink-kafka  | 	group.coordinator.background.threads = 2
stream-state-bench-flink-kafka  | 	group.coordinator.cached.buffer.max.bytes = 1048588
stream-state-bench-flink-kafka  | 	group.coordinator.rebalance.protocols = [classic, consumer, streams]
stream-state-bench-flink-kafka  | 	group.coordinator.threads = 4
stream-state-bench-flink-kafka  | 	group.initial.rebalance.delay.ms = 0
stream-state-bench-flink-kafka  | 	group.max.session.timeout.ms = 1800000
stream-state-bench-flink-kafka  | 	group.max.size = 2147483647
stream-state-bench-flink-kafka  | 	group.min.session.timeout.ms = 6000
stream-state-bench-flink-kafka  | 	group.share.assignment.interval.ms = 1000
stream-state-bench-flink-kafka  | 	group.share.assignors = [simple]
stream-state-bench-flink-kafka  | 	group.share.delivery.count.limit = 5
stream-state-bench-flink-kafka  | 	group.share.heartbeat.interval.ms = 5000
stream-state-bench-flink-kafka  | 	group.share.initialize.retry.interval.ms = 30000
stream-state-bench-flink-kafka  | 	group.share.max.assignment.interval.ms = 15000
stream-state-bench-flink-kafka  | 	group.share.max.delivery.count.limit = 10
stream-state-bench-flink-kafka  | 	group.share.max.heartbeat.interval.ms = 15000
stream-state-bench-flink-kafka  | 	group.share.max.partition.max.record.locks = 4000
stream-state-bench-flink-kafka  | 	group.share.max.record.lock.duration.ms = 60000
stream-state-bench-flink-kafka  | 	group.share.max.session.timeout.ms = 60000
stream-state-bench-flink-kafka  | 	group.share.max.share.sessions = 2000
stream-state-bench-flink-kafka  | 	group.share.max.size = 200
stream-state-bench-flink-kafka  | 	group.share.min.assignment.interval.ms = 0
stream-state-bench-flink-kafka  | 	group.share.min.delivery.count.limit = 2
stream-state-bench-flink-kafka  | 	group.share.min.heartbeat.interval.ms = 5000
stream-state-bench-flink-kafka  | 	group.share.min.partition.max.record.locks = 100
stream-state-bench-flink-kafka  | 	group.share.min.record.lock.duration.ms = 15000
stream-state-bench-flink-kafka  | 	group.share.min.session.timeout.ms = 45000
stream-state-bench-flink-kafka  | 	group.share.partition.max.record.locks = 2000
stream-state-bench-flink-kafka  | 	group.share.persister.class.name = org.apache.kafka.server.share.persister.DefaultStatePersister
stream-state-bench-flink-kafka  | 	group.share.record.lock.duration.ms = 30000
stream-state-bench-flink-kafka  | 	group.share.session.timeout.ms = 45000
stream-state-bench-flink-kafka  | 	group.streams.assignment.interval.ms = 1000
stream-state-bench-flink-kafka  | 	group.streams.heartbeat.interval.ms = 5000
stream-state-bench-flink-kafka  | 	group.streams.initial.rebalance.delay.ms = 3000
stream-state-bench-flink-kafka  | 	group.streams.max.assignment.interval.ms = 15000
stream-state-bench-flink-kafka  | 	group.streams.max.heartbeat.interval.ms = 15000
stream-state-bench-flink-kafka  | 	group.streams.max.session.timeout.ms = 60000
stream-state-bench-flink-kafka  | 	group.streams.max.size = 2147483647
stream-state-bench-flink-kafka  | 	group.streams.max.standby.replicas = 2
stream-state-bench-flink-kafka  | 	group.streams.min.assignment.interval.ms = 0
stream-state-bench-flink-kafka  | 	group.streams.min.heartbeat.interval.ms = 5000
stream-state-bench-flink-kafka  | 	group.streams.min.session.timeout.ms = 45000
stream-state-bench-flink-kafka  | 	group.streams.num.standby.replicas = 0
stream-state-bench-flink-kafka  | 	group.streams.session.timeout.ms = 45000
stream-state-bench-flink-kafka  | 	initial.broker.registration.timeout.ms = 60000
stream-state-bench-flink-kafka  | 	inter.broker.listener.name = null
stream-state-bench-flink-kafka  | 	internal.metadata.delete.delay.millis = 60000
stream-state-bench-flink-kafka  | 	internal.metadata.log.segment.bytes = null
stream-state-bench-flink-kafka  | 	internal.metadata.max.batch.size.in.bytes = 8388608
stream-state-bench-flink-kafka  | 	kafka.metrics.polling.interval.secs = 10
stream-state-bench-flink-kafka  | 	kafka.metrics.reporters = []
stream-state-bench-flink-kafka  | 	leader.imbalance.check.interval.seconds = 300
stream-state-bench-flink-kafka  | 	listener.security.protocol.map = CONTROLLER:PLAINTEXT,PLAINTEXT:PLAINTEXT
stream-state-bench-flink-kafka  | 	listeners = [PLAINTEXT://:9092, CONTROLLER://:9093]
stream-state-bench-flink-kafka  | 	log.cleaner.backoff.ms = 15000
stream-state-bench-flink-kafka  | 	log.cleaner.dedupe.buffer.size = 134217728
stream-state-bench-flink-kafka  | 	log.cleaner.delete.retention.ms = 86400000
stream-state-bench-flink-kafka  | 	log.cleaner.enable = true
stream-state-bench-flink-kafka  | 	log.cleaner.io.buffer.load.factor = 0.9
stream-state-bench-flink-kafka  | 	log.cleaner.io.buffer.size = 524288
stream-state-bench-flink-kafka  | 	log.cleaner.io.max.bytes.per.second = 1.7976931348623157E308
stream-state-bench-flink-kafka  | 	log.cleaner.max.compaction.lag.ms = 9223372036854775807
stream-state-bench-flink-kafka  | 	log.cleaner.min.cleanable.ratio = 0.5
stream-state-bench-flink-kafka  | 	log.cleaner.min.compaction.lag.ms = 0
stream-state-bench-flink-kafka  | 	log.cleaner.threads = 1
stream-state-bench-flink-kafka  | 	log.cleanup.policy = [delete]
stream-state-bench-flink-kafka  | 	log.dir = [/tmp/kafka-logs]
stream-state-bench-flink-kafka  | 	log.dir.failure.timeout.ms = 30000
stream-state-bench-flink-kafka  | 	log.dirs = null
stream-state-bench-flink-kafka  | 	log.flush.interval.messages = 9223372036854775807
stream-state-bench-flink-kafka  | 	log.flush.interval.ms = null
stream-state-bench-flink-kafka  | 	log.flush.offset.checkpoint.interval.ms = 60000
stream-state-bench-flink-kafka  | 	log.flush.scheduler.interval.ms = 9223372036854775807
stream-state-bench-flink-kafka  | 	log.flush.start.offset.checkpoint.interval.ms = 60000
stream-state-bench-flink-kafka  | 	log.index.interval.bytes = 4096
stream-state-bench-flink-kafka  | 	log.index.size.max.bytes = 10485760
stream-state-bench-flink-kafka  | 	log.initial.task.delay.ms = 30000
stream-state-bench-flink-kafka  | 	log.local.retention.bytes = -2
stream-state-bench-flink-kafka  | 	log.local.retention.ms = -2
stream-state-bench-flink-kafka  | 	log.message.timestamp.after.max.ms = 3600000
stream-state-bench-flink-kafka  | 	log.message.timestamp.before.max.ms = 9223372036854775807
stream-state-bench-flink-kafka  | 	log.message.timestamp.type = CreateTime
stream-state-bench-flink-kafka  | 	log.preallocate = false
stream-state-bench-flink-kafka  | 	log.retention.bytes = -1
stream-state-bench-flink-kafka  | 	log.retention.check.interval.ms = 300000
stream-state-bench-flink-kafka  | 	log.retention.hours = 168
stream-state-bench-flink-kafka  | 	log.retention.minutes = null
stream-state-bench-flink-kafka  | 	log.retention.ms = null
stream-state-bench-flink-kafka  | 	log.roll.hours = 168
stream-state-bench-flink-kafka  | 	log.roll.jitter.hours = 0
stream-state-bench-flink-kafka  | 	log.roll.jitter.ms = null
stream-state-bench-flink-kafka  | 	log.roll.ms = null
stream-state-bench-flink-kafka  | 	log.segment.bytes = 1073741824
stream-state-bench-flink-kafka  | 	log.segment.delete.delay.ms = 60000
stream-state-bench-flink-kafka  | 	max.connection.creation.rate = 2147483647
stream-state-bench-flink-kafka  | 	max.connections = 2147483647
stream-state-bench-flink-kafka  | 	max.connections.per.ip = 2147483647
stream-state-bench-flink-kafka  | 	max.connections.per.ip.overrides = 
stream-state-bench-flink-kafka  | 	max.incremental.fetch.session.cache.slots = 1000
stream-state-bench-flink-kafka  | 	max.request.partition.size.limit = 2000
stream-state-bench-flink-kafka  | 	message.max.bytes = 1048588
stream-state-bench-flink-kafka  | 	metadata.log.dir = null
stream-state-bench-flink-kafka  | 	metadata.log.max.record.bytes.between.snapshots = 20971520
stream-state-bench-flink-kafka  | 	metadata.log.max.snapshot.interval.ms = 3600000
stream-state-bench-flink-kafka  | 	metadata.log.segment.bytes = 1073741824
stream-state-bench-flink-kafka  | 	metadata.log.segment.ms = 604800000
stream-state-bench-flink-kafka  | 	metadata.max.idle.interval.ms = 500
stream-state-bench-flink-kafka  | 	metadata.max.retention.bytes = 104857600
stream-state-bench-flink-kafka  | 	metadata.max.retention.ms = 604800000
stream-state-bench-flink-kafka  | 	metric.reporters = [org.apache.kafka.common.metrics.JmxReporter]
stream-state-bench-flink-kafka  | 	metrics.num.samples = 2
stream-state-bench-flink-kafka  | 	metrics.recording.level = INFO
stream-state-bench-flink-kafka  | 	metrics.sample.window.ms = 30000
stream-state-bench-flink-kafka  | 	min.insync.replicas = 1
stream-state-bench-flink-kafka  | 	node.id = 1
stream-state-bench-flink-kafka  | 	num.io.threads = 8
stream-state-bench-flink-kafka  | 	num.network.threads = 3
stream-state-bench-flink-kafka  | 	num.partitions = 1
stream-state-bench-flink-kafka  | 	num.recovery.threads.per.data.dir = 2
stream-state-bench-flink-kafka  | 	num.replica.alter.log.dirs.threads = null
stream-state-bench-flink-kafka  | 	num.replica.fetchers = 1
stream-state-bench-flink-kafka  | 	offset.metadata.max.bytes = 4096
stream-state-bench-flink-kafka  | 	offsets.commit.timeout.ms = 5000
stream-state-bench-flink-kafka  | 	offsets.load.buffer.size = 5242880
stream-state-bench-flink-kafka  | 	offsets.retention.check.interval.ms = 600000
stream-state-bench-flink-kafka  | 	offsets.retention.minutes = 10080
stream-state-bench-flink-kafka  | 	offsets.topic.compression.codec = 0
stream-state-bench-flink-kafka  | 	offsets.topic.num.partitions = 50
stream-state-bench-flink-kafka  | 	offsets.topic.replication.factor = 1
stream-state-bench-flink-kafka  | 	offsets.topic.segment.bytes = 104857600
stream-state-bench-flink-kafka  | 	principal.builder.class = class org.apache.kafka.common.security.authenticator.DefaultKafkaPrincipalBuilder
stream-state-bench-flink-kafka  | 	process.roles = [broker, controller]
stream-state-bench-flink-kafka  | 	producer.id.expiration.check.interval.ms = 600000
stream-state-bench-flink-kafka  | 	producer.id.expiration.ms = 86400000
stream-state-bench-flink-kafka  | 	producer.purgatory.purge.interval.requests = 1000
stream-state-bench-flink-kafka  | 	queued.max.request.bytes = -1
stream-state-bench-flink-kafka  | 	queued.max.requests = 500
stream-state-bench-flink-kafka  | 	quota.window.num = 11
stream-state-bench-flink-kafka  | 	quota.window.size.seconds = 1
stream-state-bench-flink-kafka  | 	remote.fetch.max.wait.ms = 500
stream-state-bench-flink-kafka  | 	remote.list.offsets.request.timeout.ms = 30000
stream-state-bench-flink-kafka  | 	remote.log.index.file.cache.total.size.bytes = 1073741824
stream-state-bench-flink-kafka  | 	remote.log.index.file.cache.ttl.ms = 900000
stream-state-bench-flink-kafka  | 	remote.log.manager.copier.thread.pool.size = 10
stream-state-bench-flink-kafka  | 	remote.log.manager.copy.max.bytes.per.second = 9223372036854775807
stream-state-bench-flink-kafka  | 	remote.log.manager.copy.quota.window.num = 11
stream-state-bench-flink-kafka  | 	remote.log.manager.copy.quota.window.size.seconds = 1
stream-state-bench-flink-kafka  | 	remote.log.manager.expiration.thread.pool.size = 10
stream-state-bench-flink-kafka  | 	remote.log.manager.fetch.max.bytes.per.second = 9223372036854775807
stream-state-bench-flink-kafka  | 	remote.log.manager.fetch.quota.window.num = 11
stream-state-bench-flink-kafka  | 	remote.log.manager.fetch.quota.window.size.seconds = 1
stream-state-bench-flink-kafka  | 	remote.log.manager.follower.thread.pool.size = 2
stream-state-bench-flink-kafka  | 	remote.log.manager.task.interval.ms = 30000
stream-state-bench-flink-kafka  | 	remote.log.manager.task.retry.backoff.max.ms = 30000
stream-state-bench-flink-kafka  | 	remote.log.manager.task.retry.backoff.ms = 500
stream-state-bench-flink-kafka  | 	remote.log.manager.task.retry.jitter = 0.2
stream-state-bench-flink-kafka  | 	remote.log.manager.thread.pool.size = 2
stream-state-bench-flink-kafka  | 	remote.log.metadata.custom.metadata.max.bytes = 128
stream-state-bench-flink-kafka  | 	remote.log.metadata.manager.class.name = org.apache.kafka.server.log.remote.metadata.storage.TopicBasedRemoteLogMetadataManager
stream-state-bench-flink-kafka  | 	remote.log.metadata.manager.class.path = null
stream-state-bench-flink-kafka  | 	remote.log.metadata.manager.impl.prefix = rlmm.config.
stream-state-bench-flink-kafka  | 	remote.log.metadata.manager.listener.name = null
stream-state-bench-flink-kafka  | 	remote.log.reader.max.pending.tasks = 100
stream-state-bench-flink-kafka  | 	remote.log.reader.threads = 10
stream-state-bench-flink-kafka  | 	remote.log.storage.manager.class.name = null
stream-state-bench-flink-kafka  | 	remote.log.storage.manager.class.path = null
stream-state-bench-flink-kafka  | 	remote.log.storage.manager.impl.prefix = rsm.config.
stream-state-bench-flink-kafka  | 	remote.log.storage.system.enable = false
stream-state-bench-flink-kafka  | 	replica.fetch.backoff.ms = 1000
stream-state-bench-flink-kafka  | 	replica.fetch.max.bytes = 1048576
stream-state-bench-flink-kafka  | 	replica.fetch.min.bytes = 1
stream-state-bench-flink-kafka  | 	replica.fetch.response.max.bytes = 10485760
stream-state-bench-flink-kafka  | 	replica.fetch.wait.max.ms = 500
stream-state-bench-flink-kafka  | 	replica.high.watermark.checkpoint.interval.ms = 5000
stream-state-bench-flink-kafka  | 	replica.lag.time.max.ms = 30000
stream-state-bench-flink-kafka  | 	replica.selector.class = null
stream-state-bench-flink-kafka  | 	replica.socket.receive.buffer.bytes = 65536
stream-state-bench-flink-kafka  | 	replica.socket.timeout.ms = 30000
stream-state-bench-flink-kafka  | 	replication.quota.window.num = 11
stream-state-bench-flink-kafka  | 	replication.quota.window.size.seconds = 1
stream-state-bench-flink-kafka  | 	request.timeout.ms = 30000
stream-state-bench-flink-kafka  | 	sasl.client.callback.handler.class = null
stream-state-bench-flink-kafka  | 	sasl.enabled.mechanisms = [GSSAPI]
stream-state-bench-flink-kafka  | 	sasl.jaas.config = null
stream-state-bench-flink-kafka  | 	sasl.kerberos.kinit.cmd = /usr/bin/kinit
stream-state-bench-flink-kafka  | 	sasl.kerberos.min.time.before.relogin = 60000
stream-state-bench-flink-kafka  | 	sasl.kerberos.principal.to.local.rules = [DEFAULT]
stream-state-bench-flink-kafka  | 	sasl.kerberos.service.name = null
stream-state-bench-flink-kafka  | 	sasl.kerberos.ticket.renew.jitter = 0.05
stream-state-bench-flink-kafka  | 	sasl.kerberos.ticket.renew.window.factor = 0.8
stream-state-bench-flink-kafka  | 	sasl.login.callback.handler.class = null
stream-state-bench-flink-kafka  | 	sasl.login.class = null
stream-state-bench-flink-kafka  | 	sasl.login.connect.timeout.ms = null
stream-state-bench-flink-kafka  | 	sasl.login.read.timeout.ms = null
stream-state-bench-flink-kafka  | 	sasl.login.refresh.buffer.seconds = 300
stream-state-bench-flink-kafka  | 	sasl.login.refresh.min.period.seconds = 60
stream-state-bench-flink-kafka  | 	sasl.login.refresh.window.factor = 0.8
stream-state-bench-flink-kafka  | 	sasl.login.refresh.window.jitter = 0.05
stream-state-bench-flink-kafka  | 	sasl.login.retry.backoff.max.ms = 10000
stream-state-bench-flink-kafka  | 	sasl.login.retry.backoff.ms = 100
stream-state-bench-flink-kafka  | 	sasl.mechanism.controller.protocol = GSSAPI
stream-state-bench-flink-kafka  | 	sasl.mechanism.inter.broker.protocol = GSSAPI
stream-state-bench-flink-kafka  | 	sasl.oauthbearer.assertion.algorithm = RS256
stream-state-bench-flink-kafka  | 	sasl.oauthbearer.assertion.claim.aud = null
stream-state-bench-flink-kafka  | 	sasl.oauthbearer.assertion.claim.exp.seconds = 300
stream-state-bench-flink-kafka  | 	sasl.oauthbearer.assertion.claim.iss = null
stream-state-bench-flink-kafka  | 	sasl.oauthbearer.assertion.claim.jti.include = false
stream-state-bench-flink-kafka  | 	sasl.oauthbearer.assertion.claim.nbf.seconds = 60
stream-state-bench-flink-kafka  | 	sasl.oauthbearer.assertion.claim.sub = null
stream-state-bench-flink-kafka  | 	sasl.oauthbearer.assertion.file = null
stream-state-bench-flink-kafka  | 	sasl.oauthbearer.assertion.private.key.file = null
stream-state-bench-flink-kafka  | 	sasl.oauthbearer.assertion.private.key.passphrase = null
stream-state-bench-flink-kafka  | 	sasl.oauthbearer.assertion.template.file = null
stream-state-bench-flink-kafka  | 	sasl.oauthbearer.client.credentials.client.id = null
stream-state-bench-flink-kafka  | 	sasl.oauthbearer.client.credentials.client.secret = null
stream-state-bench-flink-kafka  | 	sasl.oauthbearer.clock.skew.seconds = 30
stream-state-bench-flink-kafka  | 	sasl.oauthbearer.expected.audience = []
stream-state-bench-flink-kafka  | 	sasl.oauthbearer.expected.issuer = null
stream-state-bench-flink-kafka  | 	sasl.oauthbearer.jwks.endpoint.refresh.ms = 3600000
stream-state-bench-flink-kafka  | 	sasl.oauthbearer.jwks.endpoint.retry.backoff.max.ms = 10000
stream-state-bench-flink-kafka  | 	sasl.oauthbearer.jwks.endpoint.retry.backoff.ms = 100
stream-state-bench-flink-kafka  | 	sasl.oauthbearer.jwks.endpoint.url = null
stream-state-bench-flink-kafka  | 	sasl.oauthbearer.jwt.retriever.class = class org.apache.kafka.common.security.oauthbearer.DefaultJwtRetriever
stream-state-bench-flink-kafka  | 	sasl.oauthbearer.jwt.validator.class = class org.apache.kafka.common.security.oauthbearer.DefaultJwtValidator
stream-state-bench-flink-kafka  | 	sasl.oauthbearer.scope = null
stream-state-bench-flink-kafka  | 	sasl.oauthbearer.scope.claim.name = scope
stream-state-bench-flink-kafka  | 	sasl.oauthbearer.sub.claim.name = sub
stream-state-bench-flink-kafka  | 	sasl.oauthbearer.token.endpoint.url = null
stream-state-bench-flink-kafka  | 	sasl.server.callback.handler.class = null
stream-state-bench-flink-kafka  | 	sasl.server.max.receive.size = 524288
stream-state-bench-flink-kafka  | 	security.inter.broker.protocol = PLAINTEXT
stream-state-bench-flink-kafka  | 	security.providers = null
stream-state-bench-flink-kafka  | 	server.max.startup.time.ms = 9223372036854775807
stream-state-bench-flink-kafka  | 	share.coordinator.append.linger.ms = -1
stream-state-bench-flink-kafka  | 	share.coordinator.cached.buffer.max.bytes = 1048588
stream-state-bench-flink-kafka  | 	share.coordinator.cold.partition.snapshot.interval.ms = 300000
stream-state-bench-flink-kafka  | 	share.coordinator.load.buffer.size = 5242880
stream-state-bench-flink-kafka  | 	share.coordinator.snapshot.update.records.per.snapshot = 500
stream-state-bench-flink-kafka  | 	share.coordinator.state.topic.compression.codec = 0
stream-state-bench-flink-kafka  | 	share.coordinator.state.topic.min.isr = 2
stream-state-bench-flink-kafka  | 	share.coordinator.state.topic.num.partitions = 50
stream-state-bench-flink-kafka  | 	share.coordinator.state.topic.prune.interval.ms = 300000
stream-state-bench-flink-kafka  | 	share.coordinator.state.topic.replication.factor = 3
stream-state-bench-flink-kafka  | 	share.coordinator.state.topic.segment.bytes = 104857600
stream-state-bench-flink-kafka  | 	share.coordinator.threads = 1
stream-state-bench-flink-kafka  | 	share.coordinator.write.timeout.ms = 5000
stream-state-bench-flink-kafka  | 	share.fetch.purgatory.purge.interval.requests = 1000
stream-state-bench-flink-kafka  | 	socket.connection.setup.timeout.max.ms = 30000
stream-state-bench-flink-kafka  | 	socket.connection.setup.timeout.ms = 10000
stream-state-bench-flink-kafka  | 	socket.listen.backlog.size = 50
stream-state-bench-flink-kafka  | 	socket.receive.buffer.bytes = 102400
stream-state-bench-flink-kafka  | 	socket.request.max.bytes = 104857600
stream-state-bench-flink-kafka  | 	socket.send.buffer.bytes = 102400
stream-state-bench-flink-kafka  | 	ssl.allow.dn.changes = false
stream-state-bench-flink-kafka  | 	ssl.allow.san.changes = false
stream-state-bench-flink-kafka  | 	ssl.cipher.suites = []
stream-state-bench-flink-kafka  | 	ssl.client.auth = none
stream-state-bench-flink-kafka  | 	ssl.enabled.protocols = [TLSv1.2, TLSv1.3]
stream-state-bench-flink-kafka  | 	ssl.endpoint.identification.algorithm = https
stream-state-bench-flink-kafka  | 	ssl.engine.factory.class = null
stream-state-bench-flink-kafka  | 	ssl.key.password = null
stream-state-bench-flink-kafka  | 	ssl.keymanager.algorithm = SunX509
stream-state-bench-flink-kafka  | 	ssl.keystore.certificate.chain = null
stream-state-bench-flink-kafka  | 	ssl.keystore.key = null
stream-state-bench-flink-kafka  | 	ssl.keystore.location = null
stream-state-bench-flink-kafka  | 	ssl.keystore.password = null
stream-state-bench-flink-kafka  | 	ssl.keystore.type = JKS
stream-state-bench-flink-kafka  | 	ssl.principal.mapping.rules = DEFAULT
stream-state-bench-flink-kafka  | 	ssl.protocol = TLSv1.3
stream-state-bench-flink-kafka  | 	ssl.provider = null
stream-state-bench-flink-kafka  | 	ssl.secure.random.implementation = null
stream-state-bench-flink-kafka  | 	ssl.trustmanager.algorithm = PKIX
stream-state-bench-flink-kafka  | 	ssl.truststore.certificates = null
stream-state-bench-flink-kafka  | 	ssl.truststore.location = null
stream-state-bench-flink-kafka  | 	ssl.truststore.password = null
stream-state-bench-flink-kafka  | 	ssl.truststore.type = JKS
stream-state-bench-flink-kafka  | 	telemetry.max.bytes = 1048576
stream-state-bench-flink-kafka  | 	transaction.abort.timed.out.transaction.cleanup.interval.ms = 10000
stream-state-bench-flink-kafka  | 	transaction.max.timeout.ms = 900000
stream-state-bench-flink-kafka  | 	transaction.partition.verification.enable = true
stream-state-bench-flink-kafka  | 	transaction.remove.expired.transaction.cleanup.interval.ms = 3600000
stream-state-bench-flink-kafka  | 	transaction.state.log.load.buffer.size = 5242880
stream-state-bench-flink-kafka  | 	transaction.state.log.min.isr = 1
stream-state-bench-flink-kafka  | 	transaction.state.log.num.partitions = 50
stream-state-bench-flink-kafka  | 	transaction.state.log.replication.factor = 1
stream-state-bench-flink-kafka  | 	transaction.state.log.segment.bytes = 104857600
stream-state-bench-flink-kafka  | 	transaction.two.phase.commit.enable = false
stream-state-bench-flink-kafka  | 	transactional.id.expiration.ms = 604800000
stream-state-bench-flink-kafka  | 	unclean.leader.election.enable = false
stream-state-bench-flink-kafka  | 	unclean.leader.election.interval.ms = 300000
stream-state-bench-flink-kafka  | 	unstable.api.versions.enable = false
stream-state-bench-flink-kafka  | 	unstable.feature.versions.enable = false
stream-state-bench-flink-kafka  |  (org.apache.kafka.common.config.AbstractConfig)
stream-state-bench-flink-kafka  | [2026-07-15 21:56:05,804] INFO [ControllerRegistrationManager id=1 incarnation=CiYyQcHzSp6Utl7e0iDOUg] sendControllerRegistration: attempting to send ControllerRegistrationRequestData(controllerId=1, incarnationId=CiYyQcHzSp6Utl7e0iDOUg, zkMigrationReady=false, listeners=[Listener(name='CONTROLLER', host='kafka', port=9093, securityProtocol=0)], features=[Feature(name='group.version', minSupportedVersion=0, maxSupportedVersion=1), Feature(name='kraft.version', minSupportedVersion=0, maxSupportedVersion=1), Feature(name='metadata.version', minSupportedVersion=7, maxSupportedVersion=30), Feature(name='share.version', minSupportedVersion=0, maxSupportedVersion=1), Feature(name='streams.version', minSupportedVersion=0, maxSupportedVersion=1), Feature(name='transaction.version', minSupportedVersion=0, maxSupportedVersion=2), Feature(name='eligible.leader.replicas.version', minSupportedVersion=0, maxSupportedVersion=1)]) (kafka.server.ControllerRegistrationManager)
stream-state-bench-flink-kafka  | [2026-07-15 21:56:05,811] INFO [MetadataLoader id=1] InitializeNewPublishers: initializing DynamicClientQuotaPublisher controller id=1 with a snapshot at offset 9 (org.apache.kafka.image.loader.MetadataLoader)
stream-state-bench-flink-kafka  | [2026-07-15 21:56:05,811] INFO [MetadataLoader id=1] InitializeNewPublishers: initializing DynamicTopicClusterQuotaPublisher controller id=1 with a snapshot at offset 9 (org.apache.kafka.image.loader.MetadataLoader)
stream-state-bench-flink-kafka  | [2026-07-15 21:56:05,812] INFO [MetadataLoader id=1] InitializeNewPublishers: initializing ScramPublisher controller id=1 with a snapshot at offset 9 (org.apache.kafka.image.loader.MetadataLoader)
stream-state-bench-flink-kafka  | [2026-07-15 21:56:05,812] INFO [MetadataLoader id=1] InitializeNewPublishers: initializing DelegationTokenPublisher controller id=1 with a snapshot at offset 9 (org.apache.kafka.image.loader.MetadataLoader)
stream-state-bench-flink-kafka  | [2026-07-15 21:56:05,812] INFO [MetadataLoader id=1] InitializeNewPublishers: initializing ControllerMetadataMetricsPublisher with a snapshot at offset 9 (org.apache.kafka.image.loader.MetadataLoader)
stream-state-bench-flink-kafka  | [2026-07-15 21:56:05,812] INFO [MetadataLoader id=1] InitializeNewPublishers: initializing AclPublisher controller id=1 with a snapshot at offset 9 (org.apache.kafka.image.loader.MetadataLoader)
stream-state-bench-flink-kafka  | [2026-07-15 21:56:05,818] INFO Updated connection-accept-rate max connection creation rate to 2147483647 (kafka.network.ConnectionQuotas)
stream-state-bench-flink-kafka  | [2026-07-15 21:56:05,820] INFO [SocketServer listenerType=BROKER, nodeId=1] Created data-plane acceptor and processors for endpoint : ListenerName(PLAINTEXT) (kafka.network.SocketServer)
stream-state-bench-flink-kafka  | [2026-07-15 21:56:05,822] INFO [broker-1-to-controller-alter-partition-channel-manager]: Starting (org.apache.kafka.server.NodeToControllerRequestThread)
stream-state-bench-flink-kafka  | [2026-07-15 21:56:05,822] INFO Recorded new KRaft controller, from now on will use node kafka:9093 (id: 1 rack: null isFenced: false) (org.apache.kafka.server.NodeToControllerRequestThread)
stream-state-bench-flink-kafka  | [2026-07-15 21:56:05,825] INFO [broker-1-to-controller-directory-assignments-channel-manager]: Starting (org.apache.kafka.server.NodeToControllerRequestThread)
stream-state-bench-flink-kafka  | [2026-07-15 21:56:05,825] INFO Recorded new KRaft controller, from now on will use node kafka:9093 (id: 1 rack: null isFenced: false) (org.apache.kafka.server.NodeToControllerRequestThread)
stream-state-bench-flink-kafka  | [2026-07-15 21:56:05,828] INFO [ExpirationReaper-1-Produce]: Starting (org.apache.kafka.server.purgatory.DelayedOperationPurgatory$ExpiredOperationReaper)
stream-state-bench-flink-kafka  | [2026-07-15 21:56:05,829] INFO [ExpirationReaper-1-Fetch]: Starting (org.apache.kafka.server.purgatory.DelayedOperationPurgatory$ExpiredOperationReaper)
stream-state-bench-flink-kafka  | [2026-07-15 21:56:05,829] INFO [ExpirationReaper-1-DeleteRecords]: Starting (org.apache.kafka.server.purgatory.DelayedOperationPurgatory$ExpiredOperationReaper)
stream-state-bench-flink-kafka  | [2026-07-15 21:56:05,830] INFO [ExpirationReaper-1-RemoteFetch]: Starting (org.apache.kafka.server.purgatory.DelayedOperationPurgatory$ExpiredOperationReaper)
stream-state-bench-flink-kafka  | [2026-07-15 21:56:05,830] INFO [ExpirationReaper-1-RemoteListOffsets]: Starting (org.apache.kafka.server.purgatory.DelayedOperationPurgatory$ExpiredOperationReaper)
stream-state-bench-flink-kafka  | [2026-07-15 21:56:05,831] INFO [ExpirationReaper-1-ShareFetch]: Starting (org.apache.kafka.server.purgatory.DelayedOperationPurgatory$ExpiredOperationReaper)
stream-state-bench-flink-kafka  | [2026-07-15 21:56:05,836] INFO [share-coordinator-reaper]: Starting (org.apache.kafka.server.util.timer.SystemTimerReaper$Reaper)
stream-state-bench-flink-kafka  | [2026-07-15 21:56:05,840] INFO [share-coordinator-event-processor-0]: Starting (org.apache.kafka.coordinator.common.runtime.MultiThreadedEventProcessor$EventProcessorThread)
stream-state-bench-flink-kafka  | [2026-07-15 21:56:05,842] INFO [persister-state-manager-reaper]: Starting (org.apache.kafka.server.util.timer.SystemTimerReaper$Reaper)
stream-state-bench-flink-kafka  | [2026-07-15 21:56:05,842] INFO [PersisterStateManager]: Starting (org.apache.kafka.server.share.persister.PersisterStateManager$SendThread)
stream-state-bench-flink-kafka  | [2026-07-15 21:56:05,843] INFO [network-partition-metadata-client-reaper]: Starting (org.apache.kafka.server.util.timer.SystemTimerReaper$Reaper)
stream-state-bench-flink-kafka  | [2026-07-15 21:56:05,843] INFO [group-coordinator-reaper]: Starting (org.apache.kafka.server.util.timer.SystemTimerReaper$Reaper)
stream-state-bench-flink-kafka  | [2026-07-15 21:56:05,846] INFO [group-coordinator-event-processor-0]: Starting (org.apache.kafka.coordinator.common.runtime.MultiThreadedEventProcessor$EventProcessorThread)
stream-state-bench-flink-kafka  | [2026-07-15 21:56:05,846] INFO [group-coordinator-event-processor-1]: Starting (org.apache.kafka.coordinator.common.runtime.MultiThreadedEventProcessor$EventProcessorThread)
stream-state-bench-flink-kafka  | [2026-07-15 21:56:05,846] INFO [group-coordinator-event-processor-2]: Starting (org.apache.kafka.coordinator.common.runtime.MultiThreadedEventProcessor$EventProcessorThread)
stream-state-bench-flink-kafka  | [2026-07-15 21:56:05,846] INFO [group-coordinator-event-processor-3]: Starting (org.apache.kafka.coordinator.common.runtime.MultiThreadedEventProcessor$EventProcessorThread)
stream-state-bench-flink-kafka  | [2026-07-15 21:56:05,851] INFO Unable to read the broker epoch in /tmp/kafka-logs. (kafka.log.LogManager)
stream-state-bench-flink-kafka  | [2026-07-15 21:56:05,852] INFO [broker-1-to-controller-heartbeat-channel-manager]: Starting (org.apache.kafka.server.NodeToControllerRequestThread)
stream-state-bench-flink-kafka  | [2026-07-15 21:56:05,852] INFO Recorded new KRaft controller, from now on will use node kafka:9093 (id: 1 rack: null isFenced: false) (org.apache.kafka.server.NodeToControllerRequestThread)
stream-state-bench-flink-kafka  | [2026-07-15 21:56:05,853] INFO [BrokerLifecycleManager id=1] Incarnation FJD38_pURIepd-ZjkvmanA of broker 1 in cluster MkU3OEVBNTcwNTJENDM2Qk is now STARTING. (org.apache.kafka.server.BrokerLifecycleManager)
stream-state-bench-flink-kafka  | [2026-07-15 21:56:05,854] INFO [ControllerRegistrationManager id=1 incarnation=CiYyQcHzSp6Utl7e0iDOUg] Our registration has been persisted to the metadata log. (kafka.server.ControllerRegistrationManager)
stream-state-bench-flink-kafka  | [2026-07-15 21:56:05,854] INFO [share-group-lock-timeout-reaper]: Starting (org.apache.kafka.server.util.timer.SystemTimerReaper$Reaper)
stream-state-bench-flink-kafka  | [2026-07-15 21:56:05,855] INFO [ControllerRegistrationManager id=1 incarnation=CiYyQcHzSp6Utl7e0iDOUg] RegistrationResponseHandler: controller acknowledged ControllerRegistrationRequest. (kafka.server.ControllerRegistrationManager)
stream-state-bench-flink-kafka  | [2026-07-15 21:56:05,857] INFO [ExpirationReaper-1-AlterAcls]: Starting (org.apache.kafka.server.purgatory.DelayedOperationPurgatory$ExpiredOperationReaper)
stream-state-bench-flink-kafka  | [2026-07-15 21:56:05,865] INFO [BrokerServer id=1] Waiting for the broker metadata publishers to be installed (kafka.server.BrokerServer)
stream-state-bench-flink-kafka  | [2026-07-15 21:56:05,865] INFO [BrokerServer id=1] Finished waiting for the broker metadata publishers to be installed (kafka.server.BrokerServer)
stream-state-bench-flink-kafka  | [2026-07-15 21:56:05,865] INFO [BrokerServer id=1] Waiting for the controller to acknowledge that we are caught up (kafka.server.BrokerServer)
stream-state-bench-flink-kafka  | [2026-07-15 21:56:05,865] INFO [MetadataLoader id=1] InitializeNewPublishers: initializing MetadataVersionPublisher(id=1) with a snapshot at offset 10 (org.apache.kafka.image.loader.MetadataLoader)
stream-state-bench-flink-kafka  | [2026-07-15 21:56:05,866] INFO [MetadataLoader id=1] InitializeNewPublishers: initializing BrokerMetadataPublisher with a snapshot at offset 10 (org.apache.kafka.image.loader.MetadataLoader)
stream-state-bench-flink-kafka  | [2026-07-15 21:56:05,867] INFO [BrokerMetadataPublisher id=1] Publishing initial metadata at offset OffsetAndEpoch[offset=10, epoch=1] with metadata.version Optional[4.3-IV0]. (kafka.server.metadata.BrokerMetadataPublisher)
stream-state-bench-flink-kafka  | [2026-07-15 21:56:05,868] INFO Loading logs from log dirs ArrayBuffer(/tmp/kafka-logs) (kafka.log.LogManager)
stream-state-bench-flink-kafka  | [2026-07-15 21:56:05,870] INFO No logs found to be loaded in /tmp/kafka-logs (kafka.log.LogManager)
stream-state-bench-flink-kafka  | [2026-07-15 21:56:05,876] INFO Loaded 0 logs in 7ms (kafka.log.LogManager)
stream-state-bench-flink-kafka  | [2026-07-15 21:56:05,876] INFO Starting log cleanup with a period of 300000 ms. (kafka.log.LogManager)
stream-state-bench-flink-kafka  | [2026-07-15 21:56:05,877] INFO Starting log flusher with a default period of 9223372036854775807 ms. (kafka.log.LogManager)
stream-state-bench-flink-kafka  | [2026-07-15 21:56:05,888] INFO [BrokerLifecycleManager id=1] Successfully registered broker 1 with broker epoch 11 (org.apache.kafka.server.BrokerLifecycleManager)
stream-state-bench-flink-kafka  | [2026-07-15 21:56:05,943] INFO [LogDirFailureHandler]: Starting (kafka.server.ReplicaManager$LogDirFailureHandler)
stream-state-bench-flink-kafka  | [2026-07-15 21:56:05,944] INFO [AddPartitionsToTxnSenderThread-1]: Starting (org.apache.kafka.server.transaction.AddPartitionsToTxnManager)
stream-state-bench-flink-kafka  | [2026-07-15 21:56:05,944] INFO [GroupCoordinator id=1] Starting up. (org.apache.kafka.coordinator.group.GroupCoordinatorService)
stream-state-bench-flink-kafka  | [2026-07-15 21:56:05,944] INFO [GroupCoordinator id=1] Startup complete. (org.apache.kafka.coordinator.group.GroupCoordinatorService)
stream-state-bench-flink-kafka  | [2026-07-15 21:56:05,945] INFO [TransactionCoordinator id=1] Starting up. (kafka.coordinator.transaction.TransactionCoordinator)
stream-state-bench-flink-kafka  | [2026-07-15 21:56:05,945] INFO [TxnMarkerSenderThread-1]: Starting (kafka.coordinator.transaction.TransactionMarkerChannelManager)
stream-state-bench-flink-kafka  | [2026-07-15 21:56:05,945] INFO [TransactionCoordinator id=1] Startup complete. (kafka.coordinator.transaction.TransactionCoordinator)
stream-state-bench-flink-kafka  | [2026-07-15 21:56:05,945] INFO [ShareCoordinator id=1] Starting up. (org.apache.kafka.coordinator.share.ShareCoordinatorService)
stream-state-bench-flink-kafka  | [2026-07-15 21:56:05,945] INFO [ShareCoordinator id=1] Startup complete. (org.apache.kafka.coordinator.share.ShareCoordinatorService)
stream-state-bench-flink-kafka  | [2026-07-15 21:56:05,948] INFO [DynamicConfigPublisher broker id=1] Updating cluster configuration : min.insync.replicas -> 1 (kafka.server.metadata.DynamicConfigPublisher)
stream-state-bench-flink-kafka  | [2026-07-15 21:56:05,948] INFO AbstractConfig values: 
stream-state-bench-flink-kafka  | 	group.consumer.assignment.interval.ms = 1000
stream-state-bench-flink-kafka  | 	group.consumer.assignors = [uniform, range]
stream-state-bench-flink-kafka  | 	group.consumer.heartbeat.interval.ms = 5000
stream-state-bench-flink-kafka  | 	group.consumer.max.assignment.interval.ms = 15000
stream-state-bench-flink-kafka  | 	group.consumer.max.heartbeat.interval.ms = 15000
stream-state-bench-flink-kafka  | 	group.consumer.max.session.timeout.ms = 60000
stream-state-bench-flink-kafka  | 	group.consumer.max.size = 2147483647
stream-state-bench-flink-kafka  | 	group.consumer.migration.policy = bidirectional
stream-state-bench-flink-kafka  | 	group.consumer.min.assignment.interval.ms = 0
stream-state-bench-flink-kafka  | 	group.consumer.min.heartbeat.interval.ms = 5000
stream-state-bench-flink-kafka  | 	group.consumer.min.session.timeout.ms = 45000
stream-state-bench-flink-kafka  | 	group.consumer.regex.refresh.interval.ms = 600000
stream-state-bench-flink-kafka  | 	group.consumer.session.timeout.ms = 45000
stream-state-bench-flink-kafka  | 	group.coordinator.append.linger.ms = -1
stream-state-bench-flink-kafka  | 	group.coordinator.background.threads = 2
stream-state-bench-flink-kafka  | 	group.coordinator.cached.buffer.max.bytes = 1048588
stream-state-bench-flink-kafka  | 	group.coordinator.rebalance.protocols = [classic, consumer, streams]
stream-state-bench-flink-kafka  | 	group.coordinator.threads = 4
stream-state-bench-flink-kafka  | 	group.initial.rebalance.delay.ms = 0
stream-state-bench-flink-kafka  | 	group.max.session.timeout.ms = 1800000
stream-state-bench-flink-kafka  | 	group.max.size = 2147483647
stream-state-bench-flink-kafka  | 	group.min.session.timeout.ms = 6000
stream-state-bench-flink-kafka  | 	group.share.assignment.interval.ms = 1000
stream-state-bench-flink-kafka  | 	group.share.assignors = [simple]
stream-state-bench-flink-kafka  | 	group.share.heartbeat.interval.ms = 5000
stream-state-bench-flink-kafka  | 	group.share.initialize.retry.interval.ms = 30000
stream-state-bench-flink-kafka  | 	group.share.max.assignment.interval.ms = 15000
stream-state-bench-flink-kafka  | 	group.share.max.heartbeat.interval.ms = 15000
stream-state-bench-flink-kafka  | 	group.share.max.session.timeout.ms = 60000
stream-state-bench-flink-kafka  | 	group.share.max.size = 200
stream-state-bench-flink-kafka  | 	group.share.min.assignment.interval.ms = 0
stream-state-bench-flink-kafka  | 	group.share.min.heartbeat.interval.ms = 5000
stream-state-bench-flink-kafka  | 	group.share.min.session.timeout.ms = 45000
stream-state-bench-flink-kafka  | 	group.share.session.timeout.ms = 45000
stream-state-bench-flink-kafka  | 	group.streams.assignment.interval.ms = 1000
stream-state-bench-flink-kafka  | 	group.streams.heartbeat.interval.ms = 5000
stream-state-bench-flink-kafka  | 	group.streams.initial.rebalance.delay.ms = 3000
stream-state-bench-flink-kafka  | 	group.streams.max.assignment.interval.ms = 15000
stream-state-bench-flink-kafka  | 	group.streams.max.heartbeat.interval.ms = 15000
stream-state-bench-flink-kafka  | 	group.streams.max.session.timeout.ms = 60000
stream-state-bench-flink-kafka  | 	group.streams.max.size = 2147483647
stream-state-bench-flink-kafka  | 	group.streams.max.standby.replicas = 2
stream-state-bench-flink-kafka  | 	group.streams.min.assignment.interval.ms = 0
stream-state-bench-flink-kafka  | 	group.streams.min.heartbeat.interval.ms = 5000
stream-state-bench-flink-kafka  | 	group.streams.min.session.timeout.ms = 45000
stream-state-bench-flink-kafka  | 	group.streams.num.standby.replicas = 0
stream-state-bench-flink-kafka  | 	group.streams.session.timeout.ms = 45000
stream-state-bench-flink-kafka  | 	offset.metadata.max.bytes = 4096
stream-state-bench-flink-kafka  | 	offsets.commit.timeout.ms = 5000
stream-state-bench-flink-kafka  | 	offsets.load.buffer.size = 5242880
stream-state-bench-flink-kafka  | 	offsets.retention.check.interval.ms = 600000
stream-state-bench-flink-kafka  | 	offsets.retention.minutes = 10080
stream-state-bench-flink-kafka  | 	offsets.topic.compression.codec = 0
stream-state-bench-flink-kafka  | 	offsets.topic.num.partitions = 50
stream-state-bench-flink-kafka  | 	offsets.topic.replication.factor = 1
stream-state-bench-flink-kafka  | 	offsets.topic.segment.bytes = 104857600
stream-state-bench-flink-kafka  |  (org.apache.kafka.common.config.AbstractConfig)
stream-state-bench-flink-kafka  | [2026-07-15 21:56:05,949] INFO KafkaConfig values: 
stream-state-bench-flink-kafka  | 	add.partitions.to.txn.retry.backoff.max.ms = 100
stream-state-bench-flink-kafka  | 	add.partitions.to.txn.retry.backoff.ms = 20
stream-state-bench-flink-kafka  | 	advertised.listeners = [PLAINTEXT://kafka:9092]
stream-state-bench-flink-kafka  | 	alter.config.policy.class.name = null
stream-state-bench-flink-kafka  | 	alter.log.dirs.replication.quota.window.num = 11
stream-state-bench-flink-kafka  | 	alter.log.dirs.replication.quota.window.size.seconds = 1
stream-state-bench-flink-kafka  | 	authorizer.class.name = 
stream-state-bench-flink-kafka  | 	auto.create.topics.enable = false
stream-state-bench-flink-kafka  | 	auto.leader.rebalance.enable = true
stream-state-bench-flink-kafka  | 	background.threads = 10
stream-state-bench-flink-kafka  | 	broker.heartbeat.interval.ms = 2000
stream-state-bench-flink-kafka  | 	broker.id = 1
stream-state-bench-flink-kafka  | 	broker.rack = null
stream-state-bench-flink-kafka  | 	broker.session.timeout.ms = 9000
stream-state-bench-flink-kafka  | 	client.quota.callback.class = null
stream-state-bench-flink-kafka  | 	compression.gzip.level = -1
stream-state-bench-flink-kafka  | 	compression.lz4.level = 9
stream-state-bench-flink-kafka  | 	compression.type = producer
stream-state-bench-flink-kafka  | 	compression.zstd.level = 3
stream-state-bench-flink-kafka  | 	config.providers = []
stream-state-bench-flink-kafka  | 	connection.failed.authentication.delay.ms = 100
stream-state-bench-flink-kafka  | 	connections.max.idle.ms = 600000
stream-state-bench-flink-kafka  | 	connections.max.reauth.ms = 0
stream-state-bench-flink-kafka  | 	controlled.shutdown.enable = true
stream-state-bench-flink-kafka  | 	controller.listener.names = [CONTROLLER]
stream-state-bench-flink-kafka  | 	controller.performance.always.log.threshold.ms = 2000
stream-state-bench-flink-kafka  | 	controller.performance.sample.period.ms = 60000
stream-state-bench-flink-kafka  | 	controller.quorum.append.linger.ms = 25
stream-state-bench-flink-kafka  | 	controller.quorum.auto.join.enable = false
stream-state-bench-flink-kafka  | 	controller.quorum.bootstrap.servers = []
stream-state-bench-flink-kafka  | 	controller.quorum.election.backoff.max.ms = 1000
stream-state-bench-flink-kafka  | 	controller.quorum.election.timeout.ms = 1000
stream-state-bench-flink-kafka  | 	controller.quorum.fetch.max.bytes = 1048576
stream-state-bench-flink-kafka  | 	controller.quorum.fetch.snapshot.max.bytes = 1048576
stream-state-bench-flink-kafka  | 	controller.quorum.fetch.timeout.ms = 2000
stream-state-bench-flink-kafka  | 	controller.quorum.request.timeout.ms = 2000
stream-state-bench-flink-kafka  | 	controller.quorum.retry.backoff.ms = 20
stream-state-bench-flink-kafka  | 	controller.quorum.voters = [1@kafka:9093]
stream-state-bench-flink-kafka  | 	controller.quota.window.num = 11
stream-state-bench-flink-kafka  | 	controller.quota.window.size.seconds = 1
stream-state-bench-flink-kafka  | 	controller.socket.timeout.ms = 30000
stream-state-bench-flink-kafka  | 	cordoned.log.dirs = []
stream-state-bench-flink-kafka  | 	create.topic.policy.class.name = null
stream-state-bench-flink-kafka  | 	default.replication.factor = 1
stream-state-bench-flink-kafka  | 	delegation.token.expiry.check.interval.ms = 3600000
stream-state-bench-flink-kafka  | 	delegation.token.expiry.time.ms = 86400000
stream-state-bench-flink-kafka  | 	delegation.token.max.lifetime.ms = 604800000
stream-state-bench-flink-kafka  | 	delegation.token.secret.key = null
stream-state-bench-flink-kafka  | 	delete.records.purgatory.purge.interval.requests = 1
stream-state-bench-flink-kafka  | 	delete.topic.enable = true
stream-state-bench-flink-kafka  | 	early.start.listeners = null
stream-state-bench-flink-kafka  | 	fetch.max.bytes = 57671680
stream-state-bench-flink-kafka  | 	fetch.purgatory.purge.interval.requests = 1000
stream-state-bench-flink-kafka  | 	follower.fetch.last.tiered.offset.enable = false
stream-state-bench-flink-kafka  | 	group.consumer.assignment.interval.ms = 1000
stream-state-bench-flink-kafka  | 	group.consumer.assignors = [uniform, range]
stream-state-bench-flink-kafka  | 	group.consumer.heartbeat.interval.ms = 5000
stream-state-bench-flink-kafka  | 	group.consumer.max.assignment.interval.ms = 15000
stream-state-bench-flink-kafka  | 	group.consumer.max.heartbeat.interval.ms = 15000
stream-state-bench-flink-kafka  | 	group.consumer.max.session.timeout.ms = 60000
stream-state-bench-flink-kafka  | 	group.consumer.max.size = 2147483647
stream-state-bench-flink-kafka  | 	group.consumer.migration.policy = bidirectional
stream-state-bench-flink-kafka  | 	group.consumer.min.assignment.interval.ms = 0
stream-state-bench-flink-kafka  | 	group.consumer.min.heartbeat.interval.ms = 5000
stream-state-bench-flink-kafka  | 	group.consumer.min.session.timeout.ms = 45000
stream-state-bench-flink-kafka  | 	group.consumer.regex.refresh.interval.ms = 600000
stream-state-bench-flink-kafka  | 	group.consumer.session.timeout.ms = 45000
stream-state-bench-flink-kafka  | 	group.coordinator.append.linger.ms = -1
stream-state-bench-flink-kafka  | 	group.coordinator.background.threads = 2
stream-state-bench-flink-kafka  | 	group.coordinator.cached.buffer.max.bytes = 1048588
stream-state-bench-flink-kafka  | 	group.coordinator.rebalance.protocols = [classic, consumer, streams]
stream-state-bench-flink-kafka  | 	group.coordinator.threads = 4
stream-state-bench-flink-kafka  | 	group.initial.rebalance.delay.ms = 0
stream-state-bench-flink-kafka  | 	group.max.session.timeout.ms = 1800000
stream-state-bench-flink-kafka  | 	group.max.size = 2147483647
stream-state-bench-flink-kafka  | 	group.min.session.timeout.ms = 6000
stream-state-bench-flink-kafka  | 	group.share.assignment.interval.ms = 1000
stream-state-bench-flink-kafka  | 	group.share.assignors = [simple]
stream-state-bench-flink-kafka  | 	group.share.delivery.count.limit = 5
stream-state-bench-flink-kafka  | 	group.share.heartbeat.interval.ms = 5000
stream-state-bench-flink-kafka  | 	group.share.initialize.retry.interval.ms = 30000
stream-state-bench-flink-kafka  | 	group.share.max.assignment.interval.ms = 15000
stream-state-bench-flink-kafka  | 	group.share.max.delivery.count.limit = 10
stream-state-bench-flink-kafka  | 	group.share.max.heartbeat.interval.ms = 15000
stream-state-bench-flink-kafka  | 	group.share.max.partition.max.record.locks = 4000
stream-state-bench-flink-kafka  | 	group.share.max.record.lock.duration.ms = 60000
stream-state-bench-flink-kafka  | 	group.share.max.session.timeout.ms = 60000
stream-state-bench-flink-kafka  | 	group.share.max.share.sessions = 2000
stream-state-bench-flink-kafka  | 	group.share.max.size = 200
stream-state-bench-flink-kafka  | 	group.share.min.assignment.interval.ms = 0
stream-state-bench-flink-kafka  | 	group.share.min.delivery.count.limit = 2
stream-state-bench-flink-kafka  | 	group.share.min.heartbeat.interval.ms = 5000
stream-state-bench-flink-kafka  | 	group.share.min.partition.max.record.locks = 100
stream-state-bench-flink-kafka  | 	group.share.min.record.lock.duration.ms = 15000
stream-state-bench-flink-kafka  | 	group.share.min.session.timeout.ms = 45000
stream-state-bench-flink-kafka  | 	group.share.partition.max.record.locks = 2000
stream-state-bench-flink-kafka  | 	group.share.persister.class.name = org.apache.kafka.server.share.persister.DefaultStatePersister
stream-state-bench-flink-kafka  | 	group.share.record.lock.duration.ms = 30000
stream-state-bench-flink-kafka  | 	group.share.session.timeout.ms = 45000
stream-state-bench-flink-kafka  | 	group.streams.assignment.interval.ms = 1000
stream-state-bench-flink-kafka  | 	group.streams.heartbeat.interval.ms = 5000
stream-state-bench-flink-kafka  | 	group.streams.initial.rebalance.delay.ms = 3000
stream-state-bench-flink-kafka  | 	group.streams.max.assignment.interval.ms = 15000
stream-state-bench-flink-kafka  | 	group.streams.max.heartbeat.interval.ms = 15000
stream-state-bench-flink-kafka  | 	group.streams.max.session.timeout.ms = 60000
stream-state-bench-flink-kafka  | 	group.streams.max.size = 2147483647
stream-state-bench-flink-kafka  | 	group.streams.max.standby.replicas = 2
stream-state-bench-flink-kafka  | 	group.streams.min.assignment.interval.ms = 0
stream-state-bench-flink-kafka  | 	group.streams.min.heartbeat.interval.ms = 5000
stream-state-bench-flink-kafka  | 	group.streams.min.session.timeout.ms = 45000
stream-state-bench-flink-kafka  | 	group.streams.num.standby.replicas = 0
stream-state-bench-flink-kafka  | 	group.streams.session.timeout.ms = 45000
stream-state-bench-flink-kafka  | 	initial.broker.registration.timeout.ms = 60000
stream-state-bench-flink-kafka  | 	inter.broker.listener.name = null
stream-state-bench-flink-kafka  | 	internal.metadata.delete.delay.millis = 60000
stream-state-bench-flink-kafka  | 	internal.metadata.log.segment.bytes = null
stream-state-bench-flink-kafka  | 	internal.metadata.max.batch.size.in.bytes = 8388608
stream-state-bench-flink-kafka  | 	kafka.metrics.polling.interval.secs = 10
stream-state-bench-flink-kafka  | 	kafka.metrics.reporters = []
stream-state-bench-flink-kafka  | 	leader.imbalance.check.interval.seconds = 300
stream-state-bench-flink-kafka  | 	listener.security.protocol.map = CONTROLLER:PLAINTEXT,PLAINTEXT:PLAINTEXT
stream-state-bench-flink-kafka  | 	listeners = [PLAINTEXT://:9092, CONTROLLER://:9093]
stream-state-bench-flink-kafka  | 	log.cleaner.backoff.ms = 15000
stream-state-bench-flink-kafka  | 	log.cleaner.dedupe.buffer.size = 134217728
stream-state-bench-flink-kafka  | 	log.cleaner.delete.retention.ms = 86400000
stream-state-bench-flink-kafka  | 	log.cleaner.enable = true
stream-state-bench-flink-kafka  | 	log.cleaner.io.buffer.load.factor = 0.9
stream-state-bench-flink-kafka  | 	log.cleaner.io.buffer.size = 524288
stream-state-bench-flink-kafka  | 	log.cleaner.io.max.bytes.per.second = 1.7976931348623157E308
stream-state-bench-flink-kafka  | 	log.cleaner.max.compaction.lag.ms = 9223372036854775807
stream-state-bench-flink-kafka  | 	log.cleaner.min.cleanable.ratio = 0.5
stream-state-bench-flink-kafka  | 	log.cleaner.min.compaction.lag.ms = 0
stream-state-bench-flink-kafka  | 	log.cleaner.threads = 1
stream-state-bench-flink-kafka  | 	log.cleanup.policy = [delete]
stream-state-bench-flink-kafka  | 	log.dir = [/tmp/kafka-logs]
stream-state-bench-flink-kafka  | 	log.dir.failure.timeout.ms = 30000
stream-state-bench-flink-kafka  | 	log.dirs = null
stream-state-bench-flink-kafka  | 	log.flush.interval.messages = 9223372036854775807
stream-state-bench-flink-kafka  | 	log.flush.interval.ms = null
stream-state-bench-flink-kafka  | 	log.flush.offset.checkpoint.interval.ms = 60000
stream-state-bench-flink-kafka  | 	log.flush.scheduler.interval.ms = 9223372036854775807
stream-state-bench-flink-kafka  | 	log.flush.start.offset.checkpoint.interval.ms = 60000
stream-state-bench-flink-kafka  | 	log.index.interval.bytes = 4096
stream-state-bench-flink-kafka  | 	log.index.size.max.bytes = 10485760
stream-state-bench-flink-kafka  | 	log.initial.task.delay.ms = 30000
stream-state-bench-flink-kafka  | 	log.local.retention.bytes = -2
stream-state-bench-flink-kafka  | 	log.local.retention.ms = -2
stream-state-bench-flink-kafka  | 	log.message.timestamp.after.max.ms = 3600000
stream-state-bench-flink-kafka  | 	log.message.timestamp.before.max.ms = 9223372036854775807
stream-state-bench-flink-kafka  | 	log.message.timestamp.type = CreateTime
stream-state-bench-flink-kafka  | 	log.preallocate = false
stream-state-bench-flink-kafka  | 	log.retention.bytes = -1
stream-state-bench-flink-kafka  | 	log.retention.check.interval.ms = 300000
stream-state-bench-flink-kafka  | 	log.retention.hours = 168
stream-state-bench-flink-kafka  | 	log.retention.minutes = null
stream-state-bench-flink-kafka  | 	log.retention.ms = null
stream-state-bench-flink-kafka  | 	log.roll.hours = 168
stream-state-bench-flink-kafka  | 	log.roll.jitter.hours = 0
stream-state-bench-flink-kafka  | 	log.roll.jitter.ms = null
stream-state-bench-flink-kafka  | 	log.roll.ms = null
stream-state-bench-flink-kafka  | 	log.segment.bytes = 1073741824
stream-state-bench-flink-kafka  | 	log.segment.delete.delay.ms = 60000
stream-state-bench-flink-kafka  | 	max.connection.creation.rate = 2147483647
stream-state-bench-flink-kafka  | 	max.connections = 2147483647
stream-state-bench-flink-kafka  | 	max.connections.per.ip = 2147483647
stream-state-bench-flink-kafka  | 	max.connections.per.ip.overrides = 
stream-state-bench-flink-kafka  | 	max.incremental.fetch.session.cache.slots = 1000
stream-state-bench-flink-kafka  | 	max.request.partition.size.limit = 2000
stream-state-bench-flink-kafka  | 	message.max.bytes = 1048588
stream-state-bench-flink-kafka  | 	metadata.log.dir = null
stream-state-bench-flink-kafka  | 	metadata.log.max.record.bytes.between.snapshots = 20971520
stream-state-bench-flink-kafka  | 	metadata.log.max.snapshot.interval.ms = 3600000
stream-state-bench-flink-kafka  | 	metadata.log.segment.bytes = 1073741824
stream-state-bench-flink-kafka  | 	metadata.log.segment.ms = 604800000
stream-state-bench-flink-kafka  | 	metadata.max.idle.interval.ms = 500
stream-state-bench-flink-kafka  | 	metadata.max.retention.bytes = 104857600
stream-state-bench-flink-kafka  | 	metadata.max.retention.ms = 604800000
stream-state-bench-flink-kafka  | 	metric.reporters = [org.apache.kafka.common.metrics.JmxReporter]
stream-state-bench-flink-kafka  | 	metrics.num.samples = 2
stream-state-bench-flink-kafka  | 	metrics.recording.level = INFO
stream-state-bench-flink-kafka  | 	metrics.sample.window.ms = 30000
stream-state-bench-flink-kafka  | 	min.insync.replicas = 1
stream-state-bench-flink-kafka  | 	node.id = 1
stream-state-bench-flink-kafka  | 	num.io.threads = 8
stream-state-bench-flink-kafka  | 	num.network.threads = 3
stream-state-bench-flink-kafka  | 	num.partitions = 1
stream-state-bench-flink-kafka  | 	num.recovery.threads.per.data.dir = 2
stream-state-bench-flink-kafka  | 	num.replica.alter.log.dirs.threads = null
stream-state-bench-flink-kafka  | 	num.replica.fetchers = 1
stream-state-bench-flink-kafka  | 	offset.metadata.max.bytes = 4096
stream-state-bench-flink-kafka  | 	offsets.commit.timeout.ms = 5000
stream-state-bench-flink-kafka  | 	offsets.load.buffer.size = 5242880
stream-state-bench-flink-kafka  | 	offsets.retention.check.interval.ms = 600000
stream-state-bench-flink-kafka  | 	offsets.retention.minutes = 10080
stream-state-bench-flink-kafka  | 	offsets.topic.compression.codec = 0
stream-state-bench-flink-kafka  | 	offsets.topic.num.partitions = 50
stream-state-bench-flink-kafka  | 	offsets.topic.replication.factor = 1
stream-state-bench-flink-kafka  | 	offsets.topic.segment.bytes = 104857600
stream-state-bench-flink-kafka  | 	principal.builder.class = class org.apache.kafka.common.security.authenticator.DefaultKafkaPrincipalBuilder
stream-state-bench-flink-kafka  | 	process.roles = [broker, controller]
stream-state-bench-flink-kafka  | 	producer.id.expiration.check.interval.ms = 600000
stream-state-bench-flink-kafka  | 	producer.id.expiration.ms = 86400000
stream-state-bench-flink-kafka  | 	producer.purgatory.purge.interval.requests = 1000
stream-state-bench-flink-kafka  | 	queued.max.request.bytes = -1
stream-state-bench-flink-kafka  | 	queued.max.requests = 500
stream-state-bench-flink-kafka  | 	quota.window.num = 11
stream-state-bench-flink-kafka  | 	quota.window.size.seconds = 1
stream-state-bench-flink-kafka  | 	remote.fetch.max.wait.ms = 500
stream-state-bench-flink-kafka  | 	remote.list.offsets.request.timeout.ms = 30000
stream-state-bench-flink-kafka  | 	remote.log.index.file.cache.total.size.bytes = 1073741824
stream-state-bench-flink-kafka  | 	remote.log.index.file.cache.ttl.ms = 900000
stream-state-bench-flink-kafka  | 	remote.log.manager.copier.thread.pool.size = 10
stream-state-bench-flink-kafka  | 	remote.log.manager.copy.max.bytes.per.second = 9223372036854775807
stream-state-bench-flink-kafka  | 	remote.log.manager.copy.quota.window.num = 11
stream-state-bench-flink-kafka  | 	remote.log.manager.copy.quota.window.size.seconds = 1
stream-state-bench-flink-kafka  | 	remote.log.manager.expiration.thread.pool.size = 10
stream-state-bench-flink-kafka  | 	remote.log.manager.fetch.max.bytes.per.second = 9223372036854775807
stream-state-bench-flink-kafka  | 	remote.log.manager.fetch.quota.window.num = 11
stream-state-bench-flink-kafka  | 	remote.log.manager.fetch.quota.window.size.seconds = 1
stream-state-bench-flink-kafka  | 	remote.log.manager.follower.thread.pool.size = 2
stream-state-bench-flink-kafka  | 	remote.log.manager.task.interval.ms = 30000
stream-state-bench-flink-kafka  | 	remote.log.manager.task.retry.backoff.max.ms = 30000
stream-state-bench-flink-kafka  | 	remote.log.manager.task.retry.backoff.ms = 500
stream-state-bench-flink-kafka  | 	remote.log.manager.task.retry.jitter = 0.2
stream-state-bench-flink-kafka  | 	remote.log.manager.thread.pool.size = 2
stream-state-bench-flink-kafka  | 	remote.log.metadata.custom.metadata.max.bytes = 128
stream-state-bench-flink-kafka  | 	remote.log.metadata.manager.class.name = org.apache.kafka.server.log.remote.metadata.storage.TopicBasedRemoteLogMetadataManager
stream-state-bench-flink-kafka  | 	remote.log.metadata.manager.class.path = null
stream-state-bench-flink-kafka  | 	remote.log.metadata.manager.impl.prefix = rlmm.config.
stream-state-bench-flink-kafka  | 	remote.log.metadata.manager.listener.name = null
stream-state-bench-flink-kafka  | 	remote.log.reader.max.pending.tasks = 100
stream-state-bench-flink-kafka  | 	remote.log.reader.threads = 10
stream-state-bench-flink-kafka  | 	remote.log.storage.manager.class.name = null
stream-state-bench-flink-kafka  | 	remote.log.storage.manager.class.path = null
stream-state-bench-flink-kafka  | 	remote.log.storage.manager.impl.prefix = rsm.config.
stream-state-bench-flink-kafka  | 	remote.log.storage.system.enable = false
stream-state-bench-flink-kafka  | 	replica.fetch.backoff.ms = 1000
stream-state-bench-flink-kafka  | 	replica.fetch.max.bytes = 1048576
stream-state-bench-flink-kafka  | 	replica.fetch.min.bytes = 1
stream-state-bench-flink-kafka  | 	replica.fetch.response.max.bytes = 10485760
stream-state-bench-flink-kafka  | 	replica.fetch.wait.max.ms = 500
stream-state-bench-flink-kafka  | 	replica.high.watermark.checkpoint.interval.ms = 5000
stream-state-bench-flink-kafka  | 	replica.lag.time.max.ms = 30000
stream-state-bench-flink-kafka  | 	replica.selector.class = null
stream-state-bench-flink-kafka  | 	replica.socket.receive.buffer.bytes = 65536
stream-state-bench-flink-kafka  | 	replica.socket.timeout.ms = 30000
stream-state-bench-flink-kafka  | 	replication.quota.window.num = 11
stream-state-bench-flink-kafka  | 	replication.quota.window.size.seconds = 1
stream-state-bench-flink-kafka  | 	request.timeout.ms = 30000
stream-state-bench-flink-kafka  | 	sasl.client.callback.handler.class = null
stream-state-bench-flink-kafka  | 	sasl.enabled.mechanisms = [GSSAPI]
stream-state-bench-flink-kafka  | 	sasl.jaas.config = null
stream-state-bench-flink-kafka  | 	sasl.kerberos.kinit.cmd = /usr/bin/kinit
stream-state-bench-flink-kafka  | 	sasl.kerberos.min.time.before.relogin = 60000
stream-state-bench-flink-kafka  | 	sasl.kerberos.principal.to.local.rules = [DEFAULT]
stream-state-bench-flink-kafka  | 	sasl.kerberos.service.name = null
stream-state-bench-flink-kafka  | 	sasl.kerberos.ticket.renew.jitter = 0.05
stream-state-bench-flink-kafka  | 	sasl.kerberos.ticket.renew.window.factor = 0.8
stream-state-bench-flink-kafka  | 	sasl.login.callback.handler.class = null
stream-state-bench-flink-kafka  | 	sasl.login.class = null
stream-state-bench-flink-kafka  | 	sasl.login.connect.timeout.ms = null
stream-state-bench-flink-kafka  | 	sasl.login.read.timeout.ms = null
stream-state-bench-flink-kafka  | 	sasl.login.refresh.buffer.seconds = 300
stream-state-bench-flink-kafka  | 	sasl.login.refresh.min.period.seconds = 60
stream-state-bench-flink-kafka  | 	sasl.login.refresh.window.factor = 0.8
stream-state-bench-flink-kafka  | 	sasl.login.refresh.window.jitter = 0.05
stream-state-bench-flink-kafka  | 	sasl.login.retry.backoff.max.ms = 10000
stream-state-bench-flink-kafka  | 	sasl.login.retry.backoff.ms = 100
stream-state-bench-flink-kafka  | 	sasl.mechanism.controller.protocol = GSSAPI
stream-state-bench-flink-kafka  | 	sasl.mechanism.inter.broker.protocol = GSSAPI
stream-state-bench-flink-kafka  | 	sasl.oauthbearer.assertion.algorithm = RS256
stream-state-bench-flink-kafka  | 	sasl.oauthbearer.assertion.claim.aud = null
stream-state-bench-flink-kafka  | 	sasl.oauthbearer.assertion.claim.exp.seconds = 300
stream-state-bench-flink-kafka  | 	sasl.oauthbearer.assertion.claim.iss = null
stream-state-bench-flink-kafka  | 	sasl.oauthbearer.assertion.claim.jti.include = false
stream-state-bench-flink-kafka  | 	sasl.oauthbearer.assertion.claim.nbf.seconds = 60
stream-state-bench-flink-kafka  | 	sasl.oauthbearer.assertion.claim.sub = null
stream-state-bench-flink-kafka  | 	sasl.oauthbearer.assertion.file = null
stream-state-bench-flink-kafka  | 	sasl.oauthbearer.assertion.private.key.file = null
stream-state-bench-flink-kafka  | 	sasl.oauthbearer.assertion.private.key.passphrase = null
stream-state-bench-flink-kafka  | 	sasl.oauthbearer.assertion.template.file = null
stream-state-bench-flink-kafka  | 	sasl.oauthbearer.client.credentials.client.id = null
stream-state-bench-flink-kafka  | 	sasl.oauthbearer.client.credentials.client.secret = null
stream-state-bench-flink-kafka  | 	sasl.oauthbearer.clock.skew.seconds = 30
stream-state-bench-flink-kafka  | 	sasl.oauthbearer.expected.audience = []
stream-state-bench-flink-kafka  | 	sasl.oauthbearer.expected.issuer = null
stream-state-bench-flink-kafka  | 	sasl.oauthbearer.jwks.endpoint.refresh.ms = 3600000
stream-state-bench-flink-kafka  | 	sasl.oauthbearer.jwks.endpoint.retry.backoff.max.ms = 10000
stream-state-bench-flink-kafka  | 	sasl.oauthbearer.jwks.endpoint.retry.backoff.ms = 100
stream-state-bench-flink-kafka  | 	sasl.oauthbearer.jwks.endpoint.url = null
stream-state-bench-flink-kafka  | 	sasl.oauthbearer.jwt.retriever.class = class org.apache.kafka.common.security.oauthbearer.DefaultJwtRetriever
stream-state-bench-flink-kafka  | 	sasl.oauthbearer.jwt.validator.class = class org.apache.kafka.common.security.oauthbearer.DefaultJwtValidator
stream-state-bench-flink-kafka  | 	sasl.oauthbearer.scope = null
stream-state-bench-flink-kafka  | 	sasl.oauthbearer.scope.claim.name = scope
stream-state-bench-flink-kafka  | 	sasl.oauthbearer.sub.claim.name = sub
stream-state-bench-flink-kafka  | 	sasl.oauthbearer.token.endpoint.url = null
stream-state-bench-flink-kafka  | 	sasl.server.callback.handler.class = null
stream-state-bench-flink-kafka  | 	sasl.server.max.receive.size = 524288
stream-state-bench-flink-kafka  | 	security.inter.broker.protocol = PLAINTEXT
stream-state-bench-flink-kafka  | 	security.providers = null
stream-state-bench-flink-kafka  | 	server.max.startup.time.ms = 9223372036854775807
stream-state-bench-flink-kafka  | 	share.coordinator.append.linger.ms = -1
stream-state-bench-flink-kafka  | 	share.coordinator.cached.buffer.max.bytes = 1048588
stream-state-bench-flink-kafka  | 	share.coordinator.cold.partition.snapshot.interval.ms = 300000
stream-state-bench-flink-kafka  | 	share.coordinator.load.buffer.size = 5242880
stream-state-bench-flink-kafka  | 	share.coordinator.snapshot.update.records.per.snapshot = 500
stream-state-bench-flink-kafka  | 	share.coordinator.state.topic.compression.codec = 0
stream-state-bench-flink-kafka  | 	share.coordinator.state.topic.min.isr = 2
stream-state-bench-flink-kafka  | 	share.coordinator.state.topic.num.partitions = 50
stream-state-bench-flink-kafka  | 	share.coordinator.state.topic.prune.interval.ms = 300000
stream-state-bench-flink-kafka  | 	share.coordinator.state.topic.replication.factor = 3
stream-state-bench-flink-kafka  | 	share.coordinator.state.topic.segment.bytes = 104857600
stream-state-bench-flink-kafka  | 	share.coordinator.threads = 1
stream-state-bench-flink-kafka  | 	share.coordinator.write.timeout.ms = 5000
stream-state-bench-flink-kafka  | 	share.fetch.purgatory.purge.interval.requests = 1000
stream-state-bench-flink-kafka  | 	socket.connection.setup.timeout.max.ms = 30000
stream-state-bench-flink-kafka  | 	socket.connection.setup.timeout.ms = 10000
stream-state-bench-flink-kafka  | 	socket.listen.backlog.size = 50
stream-state-bench-flink-kafka  | 	socket.receive.buffer.bytes = 102400
stream-state-bench-flink-kafka  | 	socket.request.max.bytes = 104857600
stream-state-bench-flink-kafka  | 	socket.send.buffer.bytes = 102400
stream-state-bench-flink-kafka  | 	ssl.allow.dn.changes = false
stream-state-bench-flink-kafka  | 	ssl.allow.san.changes = false
stream-state-bench-flink-kafka  | 	ssl.cipher.suites = []
stream-state-bench-flink-kafka  | 	ssl.client.auth = none
stream-state-bench-flink-kafka  | 	ssl.enabled.protocols = [TLSv1.2, TLSv1.3]
stream-state-bench-flink-kafka  | 	ssl.endpoint.identification.algorithm = https
stream-state-bench-flink-kafka  | 	ssl.engine.factory.class = null
stream-state-bench-flink-kafka  | 	ssl.key.password = null
stream-state-bench-flink-kafka  | 	ssl.keymanager.algorithm = SunX509
stream-state-bench-flink-kafka  | 	ssl.keystore.certificate.chain = null
stream-state-bench-flink-kafka  | 	ssl.keystore.key = null
stream-state-bench-flink-kafka  | 	ssl.keystore.location = null
stream-state-bench-flink-kafka  | 	ssl.keystore.password = null
stream-state-bench-flink-kafka  | 	ssl.keystore.type = JKS
stream-state-bench-flink-kafka  | 	ssl.principal.mapping.rules = DEFAULT
stream-state-bench-flink-kafka  | 	ssl.protocol = TLSv1.3
stream-state-bench-flink-kafka  | 	ssl.provider = null
stream-state-bench-flink-kafka  | 	ssl.secure.random.implementation = null
stream-state-bench-flink-kafka  | 	ssl.trustmanager.algorithm = PKIX
stream-state-bench-flink-kafka  | 	ssl.truststore.certificates = null
stream-state-bench-flink-kafka  | 	ssl.truststore.location = null
stream-state-bench-flink-kafka  | 	ssl.truststore.password = null
stream-state-bench-flink-kafka  | 	ssl.truststore.type = JKS
stream-state-bench-flink-kafka  | 	telemetry.max.bytes = 1048576
stream-state-bench-flink-kafka  | 	transaction.abort.timed.out.transaction.cleanup.interval.ms = 10000
stream-state-bench-flink-kafka  | 	transaction.max.timeout.ms = 900000
stream-state-bench-flink-kafka  | 	transaction.partition.verification.enable = true
stream-state-bench-flink-kafka  | 	transaction.remove.expired.transaction.cleanup.interval.ms = 3600000
stream-state-bench-flink-kafka  | 	transaction.state.log.load.buffer.size = 5242880
stream-state-bench-flink-kafka  | 	transaction.state.log.min.isr = 1
stream-state-bench-flink-kafka  | 	transaction.state.log.num.partitions = 50
stream-state-bench-flink-kafka  | 	transaction.state.log.replication.factor = 1
stream-state-bench-flink-kafka  | 	transaction.state.log.segment.bytes = 104857600
stream-state-bench-flink-kafka  | 	transaction.two.phase.commit.enable = false
stream-state-bench-flink-kafka  | 	transactional.id.expiration.ms = 604800000
stream-state-bench-flink-kafka  | 	unclean.leader.election.enable = false
stream-state-bench-flink-kafka  | 	unclean.leader.election.interval.ms = 300000
stream-state-bench-flink-kafka  | 	unstable.api.versions.enable = false
stream-state-bench-flink-kafka  | 	unstable.feature.versions.enable = false
stream-state-bench-flink-kafka  |  (org.apache.kafka.common.config.AbstractConfig)
stream-state-bench-flink-kafka  | [2026-07-15 21:56:05,954] INFO [BrokerMetadataPublisher id=1] Feature share.version has been updated to version 1 (kafka.server.metadata.BrokerMetadataPublisher)
stream-state-bench-flink-kafka  | [2026-07-15 21:56:05,955] INFO [MetadataLoader id=1] InitializeNewPublishers: initializing BrokerRegistrationTracker(id=1) with a snapshot at offset 10 (org.apache.kafka.image.loader.MetadataLoader)
stream-state-bench-flink-kafka  | [2026-07-15 21:56:05,965] INFO [BrokerLifecycleManager id=1] The broker has caught up. Transitioning from STARTING to RECOVERY. (org.apache.kafka.server.BrokerLifecycleManager)
stream-state-bench-flink-kafka  | [2026-07-15 21:56:05,966] INFO [BrokerServer id=1] Finished waiting for the controller to acknowledge that we are caught up (kafka.server.BrokerServer)
stream-state-bench-flink-kafka  | [2026-07-15 21:56:05,966] INFO [BrokerServer id=1] Waiting for the initial broker metadata update to be published (kafka.server.BrokerServer)
stream-state-bench-flink-kafka  | [2026-07-15 21:56:05,966] INFO [BrokerServer id=1] Finished waiting for the initial broker metadata update to be published (kafka.server.BrokerServer)
stream-state-bench-flink-kafka  | [2026-07-15 21:56:05,967] INFO KafkaConfig values: 
stream-state-bench-flink-kafka  | 	add.partitions.to.txn.retry.backoff.max.ms = 100
stream-state-bench-flink-kafka  | 	add.partitions.to.txn.retry.backoff.ms = 20
stream-state-bench-flink-kafka  | 	advertised.listeners = [PLAINTEXT://kafka:9092]
stream-state-bench-flink-kafka  | 	alter.config.policy.class.name = null
stream-state-bench-flink-kafka  | 	alter.log.dirs.replication.quota.window.num = 11
stream-state-bench-flink-kafka  | 	alter.log.dirs.replication.quota.window.size.seconds = 1
stream-state-bench-flink-kafka  | 	authorizer.class.name = 
stream-state-bench-flink-kafka  | 	auto.create.topics.enable = false
stream-state-bench-flink-kafka  | 	auto.leader.rebalance.enable = true
stream-state-bench-flink-kafka  | 	background.threads = 10
stream-state-bench-flink-kafka  | 	broker.heartbeat.interval.ms = 2000
stream-state-bench-flink-kafka  | 	broker.id = 1
stream-state-bench-flink-kafka  | 	broker.rack = null
stream-state-bench-flink-kafka  | 	broker.session.timeout.ms = 9000
stream-state-bench-flink-kafka  | 	client.quota.callback.class = null
stream-state-bench-flink-kafka  | 	compression.gzip.level = -1
stream-state-bench-flink-kafka  | 	compression.lz4.level = 9
stream-state-bench-flink-kafka  | 	compression.type = producer
stream-state-bench-flink-kafka  | 	compression.zstd.level = 3
stream-state-bench-flink-kafka  | 	config.providers = []
stream-state-bench-flink-kafka  | 	connection.failed.authentication.delay.ms = 100
stream-state-bench-flink-kafka  | 	connections.max.idle.ms = 600000
stream-state-bench-flink-kafka  | 	connections.max.reauth.ms = 0
stream-state-bench-flink-kafka  | 	controlled.shutdown.enable = true
stream-state-bench-flink-kafka  | 	controller.listener.names = [CONTROLLER]
stream-state-bench-flink-kafka  | 	controller.performance.always.log.threshold.ms = 2000
stream-state-bench-flink-kafka  | 	controller.performance.sample.period.ms = 60000
stream-state-bench-flink-kafka  | 	controller.quorum.append.linger.ms = 25
stream-state-bench-flink-kafka  | 	controller.quorum.auto.join.enable = false
stream-state-bench-flink-kafka  | 	controller.quorum.bootstrap.servers = []
stream-state-bench-flink-kafka  | 	controller.quorum.election.backoff.max.ms = 1000
stream-state-bench-flink-kafka  | 	controller.quorum.election.timeout.ms = 1000
stream-state-bench-flink-kafka  | 	controller.quorum.fetch.max.bytes = 1048576
stream-state-bench-flink-kafka  | 	controller.quorum.fetch.snapshot.max.bytes = 1048576
stream-state-bench-flink-kafka  | 	controller.quorum.fetch.timeout.ms = 2000
stream-state-bench-flink-kafka  | 	controller.quorum.request.timeout.ms = 2000
stream-state-bench-flink-kafka  | 	controller.quorum.retry.backoff.ms = 20
stream-state-bench-flink-kafka  | 	controller.quorum.voters = [1@kafka:9093]
stream-state-bench-flink-kafka  | 	controller.quota.window.num = 11
stream-state-bench-flink-kafka  | 	controller.quota.window.size.seconds = 1
stream-state-bench-flink-kafka  | 	controller.socket.timeout.ms = 30000
stream-state-bench-flink-kafka  | 	cordoned.log.dirs = []
stream-state-bench-flink-kafka  | 	create.topic.policy.class.name = null
stream-state-bench-flink-kafka  | 	default.replication.factor = 1
stream-state-bench-flink-kafka  | 	delegation.token.expiry.check.interval.ms = 3600000
stream-state-bench-flink-kafka  | 	delegation.token.expiry.time.ms = 86400000
stream-state-bench-flink-kafka  | 	delegation.token.max.lifetime.ms = 604800000
stream-state-bench-flink-kafka  | 	delegation.token.secret.key = null
stream-state-bench-flink-kafka  | 	delete.records.purgatory.purge.interval.requests = 1
stream-state-bench-flink-kafka  | 	delete.topic.enable = true
stream-state-bench-flink-kafka  | 	early.start.listeners = null
stream-state-bench-flink-kafka  | 	fetch.max.bytes = 57671680
stream-state-bench-flink-kafka  | 	fetch.purgatory.purge.interval.requests = 1000
stream-state-bench-flink-kafka  | 	follower.fetch.last.tiered.offset.enable = false
stream-state-bench-flink-kafka  | 	group.consumer.assignment.interval.ms = 1000
stream-state-bench-flink-kafka  | 	group.consumer.assignors = [uniform, range]
stream-state-bench-flink-kafka  | 	group.consumer.heartbeat.interval.ms = 5000
stream-state-bench-flink-kafka  | 	group.consumer.max.assignment.interval.ms = 15000
stream-state-bench-flink-kafka  | 	group.consumer.max.heartbeat.interval.ms = 15000
stream-state-bench-flink-kafka  | 	group.consumer.max.session.timeout.ms = 60000
stream-state-bench-flink-kafka  | 	group.consumer.max.size = 2147483647
stream-state-bench-flink-kafka  | 	group.consumer.migration.policy = bidirectional
stream-state-bench-flink-kafka  | 	group.consumer.min.assignment.interval.ms = 0
stream-state-bench-flink-kafka  | 	group.consumer.min.heartbeat.interval.ms = 5000
stream-state-bench-flink-kafka  | 	group.consumer.min.session.timeout.ms = 45000
stream-state-bench-flink-kafka  | 	group.consumer.regex.refresh.interval.ms = 600000
stream-state-bench-flink-kafka  | 	group.consumer.session.timeout.ms = 45000
stream-state-bench-flink-kafka  | 	group.coordinator.append.linger.ms = -1
stream-state-bench-flink-kafka  | 	group.coordinator.background.threads = 2
stream-state-bench-flink-kafka  | 	group.coordinator.cached.buffer.max.bytes = 1048588
stream-state-bench-flink-kafka  | 	group.coordinator.rebalance.protocols = [classic, consumer, streams]
stream-state-bench-flink-kafka  | 	group.coordinator.threads = 4
stream-state-bench-flink-kafka  | 	group.initial.rebalance.delay.ms = 0
stream-state-bench-flink-kafka  | 	group.max.session.timeout.ms = 1800000
stream-state-bench-flink-kafka  | 	group.max.size = 2147483647
stream-state-bench-flink-kafka  | 	group.min.session.timeout.ms = 6000
stream-state-bench-flink-kafka  | 	group.share.assignment.interval.ms = 1000
stream-state-bench-flink-kafka  | 	group.share.assignors = [simple]
stream-state-bench-flink-kafka  | 	group.share.delivery.count.limit = 5
stream-state-bench-flink-kafka  | 	group.share.heartbeat.interval.ms = 5000
stream-state-bench-flink-kafka  | 	group.share.initialize.retry.interval.ms = 30000
stream-state-bench-flink-kafka  | 	group.share.max.assignment.interval.ms = 15000
stream-state-bench-flink-kafka  | 	group.share.max.delivery.count.limit = 10
stream-state-bench-flink-kafka  | 	group.share.max.heartbeat.interval.ms = 15000
stream-state-bench-flink-kafka  | 	group.share.max.partition.max.record.locks = 4000
stream-state-bench-flink-kafka  | 	group.share.max.record.lock.duration.ms = 60000
stream-state-bench-flink-kafka  | 	group.share.max.session.timeout.ms = 60000
stream-state-bench-flink-kafka  | 	group.share.max.share.sessions = 2000
stream-state-bench-flink-kafka  | 	group.share.max.size = 200
stream-state-bench-flink-kafka  | 	group.share.min.assignment.interval.ms = 0
stream-state-bench-flink-kafka  | 	group.share.min.delivery.count.limit = 2
stream-state-bench-flink-kafka  | 	group.share.min.heartbeat.interval.ms = 5000
stream-state-bench-flink-kafka  | 	group.share.min.partition.max.record.locks = 100
stream-state-bench-flink-kafka  | 	group.share.min.record.lock.duration.ms = 15000
stream-state-bench-flink-kafka  | 	group.share.min.session.timeout.ms = 45000
stream-state-bench-flink-kafka  | 	group.share.partition.max.record.locks = 2000
stream-state-bench-flink-kafka  | 	group.share.persister.class.name = org.apache.kafka.server.share.persister.DefaultStatePersister
stream-state-bench-flink-kafka  | 	group.share.record.lock.duration.ms = 30000
stream-state-bench-flink-kafka  | 	group.share.session.timeout.ms = 45000
stream-state-bench-flink-kafka  | 	group.streams.assignment.interval.ms = 1000
stream-state-bench-flink-kafka  | 	group.streams.heartbeat.interval.ms = 5000
stream-state-bench-flink-kafka  | 	group.streams.initial.rebalance.delay.ms = 3000
stream-state-bench-flink-kafka  | 	group.streams.max.assignment.interval.ms = 15000
stream-state-bench-flink-kafka  | 	group.streams.max.heartbeat.interval.ms = 15000
stream-state-bench-flink-kafka  | 	group.streams.max.session.timeout.ms = 60000
stream-state-bench-flink-kafka  | 	group.streams.max.size = 2147483647
stream-state-bench-flink-kafka  | 	group.streams.max.standby.replicas = 2
stream-state-bench-flink-kafka  | 	group.streams.min.assignment.interval.ms = 0
stream-state-bench-flink-kafka  | 	group.streams.min.heartbeat.interval.ms = 5000
stream-state-bench-flink-kafka  | 	group.streams.min.session.timeout.ms = 45000
stream-state-bench-flink-kafka  | 	group.streams.num.standby.replicas = 0
stream-state-bench-flink-kafka  | 	group.streams.session.timeout.ms = 45000
stream-state-bench-flink-kafka  | 	initial.broker.registration.timeout.ms = 60000
stream-state-bench-flink-kafka  | 	inter.broker.listener.name = null
stream-state-bench-flink-kafka  | 	internal.metadata.delete.delay.millis = 60000
stream-state-bench-flink-kafka  | 	internal.metadata.log.segment.bytes = null
stream-state-bench-flink-kafka  | 	internal.metadata.max.batch.size.in.bytes = 8388608
stream-state-bench-flink-kafka  | 	kafka.metrics.polling.interval.secs = 10
stream-state-bench-flink-kafka  | 	kafka.metrics.reporters = []
stream-state-bench-flink-kafka  | 	leader.imbalance.check.interval.seconds = 300
stream-state-bench-flink-kafka  | 	listener.security.protocol.map = CONTROLLER:PLAINTEXT,PLAINTEXT:PLAINTEXT
stream-state-bench-flink-kafka  | 	listeners = [PLAINTEXT://:9092, CONTROLLER://:9093]
stream-state-bench-flink-kafka  | 	log.cleaner.backoff.ms = 15000
stream-state-bench-flink-kafka  | 	log.cleaner.dedupe.buffer.size = 134217728
stream-state-bench-flink-kafka  | 	log.cleaner.delete.retention.ms = 86400000
stream-state-bench-flink-kafka  | 	log.cleaner.enable = true
stream-state-bench-flink-kafka  | 	log.cleaner.io.buffer.load.factor = 0.9
stream-state-bench-flink-kafka  | 	log.cleaner.io.buffer.size = 524288
stream-state-bench-flink-kafka  | 	log.cleaner.io.max.bytes.per.second = 1.7976931348623157E308
stream-state-bench-flink-kafka  | 	log.cleaner.max.compaction.lag.ms = 9223372036854775807
stream-state-bench-flink-kafka  | 	log.cleaner.min.cleanable.ratio = 0.5
stream-state-bench-flink-kafka  | 	log.cleaner.min.compaction.lag.ms = 0
stream-state-bench-flink-kafka  | 	log.cleaner.threads = 1
stream-state-bench-flink-kafka  | 	log.cleanup.policy = [delete]
stream-state-bench-flink-kafka  | 	log.dir = [/tmp/kafka-logs]
stream-state-bench-flink-kafka  | 	log.dir.failure.timeout.ms = 30000
stream-state-bench-flink-kafka  | 	log.dirs = null
stream-state-bench-flink-kafka  | 	log.flush.interval.messages = 9223372036854775807
stream-state-bench-flink-kafka  | 	log.flush.interval.ms = null
stream-state-bench-flink-kafka  | 	log.flush.offset.checkpoint.interval.ms = 60000
stream-state-bench-flink-kafka  | 	log.flush.scheduler.interval.ms = 9223372036854775807
stream-state-bench-flink-kafka  | 	log.flush.start.offset.checkpoint.interval.ms = 60000
stream-state-bench-flink-kafka  | 	log.index.interval.bytes = 4096
stream-state-bench-flink-kafka  | 	log.index.size.max.bytes = 10485760
stream-state-bench-flink-kafka  | 	log.initial.task.delay.ms = 30000
stream-state-bench-flink-kafka  | 	log.local.retention.bytes = -2
stream-state-bench-flink-kafka  | 	log.local.retention.ms = -2
stream-state-bench-flink-kafka  | 	log.message.timestamp.after.max.ms = 3600000
stream-state-bench-flink-kafka  | 	log.message.timestamp.before.max.ms = 9223372036854775807
stream-state-bench-flink-kafka  | 	log.message.timestamp.type = CreateTime
stream-state-bench-flink-kafka  | 	log.preallocate = false
stream-state-bench-flink-kafka  | 	log.retention.bytes = -1
stream-state-bench-flink-kafka  | 	log.retention.check.interval.ms = 300000
stream-state-bench-flink-kafka  | 	log.retention.hours = 168
stream-state-bench-flink-kafka  | 	log.retention.minutes = null
stream-state-bench-flink-kafka  | 	log.retention.ms = null
stream-state-bench-flink-kafka  | 	log.roll.hours = 168
stream-state-bench-flink-kafka  | 	log.roll.jitter.hours = 0
stream-state-bench-flink-kafka  | 	log.roll.jitter.ms = null
stream-state-bench-flink-kafka  | 	log.roll.ms = null
stream-state-bench-flink-kafka  | 	log.segment.bytes = 1073741824
stream-state-bench-flink-kafka  | 	log.segment.delete.delay.ms = 60000
stream-state-bench-flink-kafka  | 	max.connection.creation.rate = 2147483647
stream-state-bench-flink-kafka  | 	max.connections = 2147483647
stream-state-bench-flink-kafka  | 	max.connections.per.ip = 2147483647
stream-state-bench-flink-kafka  | 	max.connections.per.ip.overrides = 
stream-state-bench-flink-kafka  | 	max.incremental.fetch.session.cache.slots = 1000
stream-state-bench-flink-kafka  | 	max.request.partition.size.limit = 2000
stream-state-bench-flink-kafka  | 	message.max.bytes = 1048588
stream-state-bench-flink-kafka  | 	metadata.log.dir = null
stream-state-bench-flink-kafka  | 	metadata.log.max.record.bytes.between.snapshots = 20971520
stream-state-bench-flink-kafka  | 	metadata.log.max.snapshot.interval.ms = 3600000
stream-state-bench-flink-kafka  | 	metadata.log.segment.bytes = 1073741824
stream-state-bench-flink-kafka  | 	metadata.log.segment.ms = 604800000
stream-state-bench-flink-kafka  | 	metadata.max.idle.interval.ms = 500
stream-state-bench-flink-kafka  | 	metadata.max.retention.bytes = 104857600
stream-state-bench-flink-kafka  | 	metadata.max.retention.ms = 604800000
stream-state-bench-flink-kafka  | 	metric.reporters = [org.apache.kafka.common.metrics.JmxReporter]
stream-state-bench-flink-kafka  | 	metrics.num.samples = 2
stream-state-bench-flink-kafka  | 	metrics.recording.level = INFO
stream-state-bench-flink-kafka  | 	metrics.sample.window.ms = 30000
stream-state-bench-flink-kafka  | 	min.insync.replicas = 1
stream-state-bench-flink-kafka  | 	node.id = 1
stream-state-bench-flink-kafka  | 	num.io.threads = 8
stream-state-bench-flink-kafka  | 	num.network.threads = 3
stream-state-bench-flink-kafka  | 	num.partitions = 1
stream-state-bench-flink-kafka  | 	num.recovery.threads.per.data.dir = 2
stream-state-bench-flink-kafka  | 	num.replica.alter.log.dirs.threads = null
stream-state-bench-flink-kafka  | 	num.replica.fetchers = 1
stream-state-bench-flink-kafka  | 	offset.metadata.max.bytes = 4096
stream-state-bench-flink-kafka  | 	offsets.commit.timeout.ms = 5000
stream-state-bench-flink-kafka  | 	offsets.load.buffer.size = 5242880
stream-state-bench-flink-kafka  | 	offsets.retention.check.interval.ms = 600000
stream-state-bench-flink-kafka  | 	offsets.retention.minutes = 10080
stream-state-bench-flink-kafka  | 	offsets.topic.compression.codec = 0
stream-state-bench-flink-kafka  | 	offsets.topic.num.partitions = 50
stream-state-bench-flink-kafka  | 	offsets.topic.replication.factor = 1
stream-state-bench-flink-kafka  | 	offsets.topic.segment.bytes = 104857600
stream-state-bench-flink-kafka  | 	principal.builder.class = class org.apache.kafka.common.security.authenticator.DefaultKafkaPrincipalBuilder
stream-state-bench-flink-kafka  | 	process.roles = [broker, controller]
stream-state-bench-flink-kafka  | 	producer.id.expiration.check.interval.ms = 600000
stream-state-bench-flink-kafka  | 	producer.id.expiration.ms = 86400000
stream-state-bench-flink-kafka  | 	producer.purgatory.purge.interval.requests = 1000
stream-state-bench-flink-kafka  | 	queued.max.request.bytes = -1
stream-state-bench-flink-kafka  | 	queued.max.requests = 500
stream-state-bench-flink-kafka  | 	quota.window.num = 11
stream-state-bench-flink-kafka  | 	quota.window.size.seconds = 1
stream-state-bench-flink-kafka  | 	remote.fetch.max.wait.ms = 500
stream-state-bench-flink-kafka  | 	remote.list.offsets.request.timeout.ms = 30000
stream-state-bench-flink-kafka  | 	remote.log.index.file.cache.total.size.bytes = 1073741824
stream-state-bench-flink-kafka  | 	remote.log.index.file.cache.ttl.ms = 900000
stream-state-bench-flink-kafka  | 	remote.log.manager.copier.thread.pool.size = 10
stream-state-bench-flink-kafka  | 	remote.log.manager.copy.max.bytes.per.second = 9223372036854775807
stream-state-bench-flink-kafka  | 	remote.log.manager.copy.quota.window.num = 11
stream-state-bench-flink-kafka  | 	remote.log.manager.copy.quota.window.size.seconds = 1
stream-state-bench-flink-kafka  | 	remote.log.manager.expiration.thread.pool.size = 10
stream-state-bench-flink-kafka  | 	remote.log.manager.fetch.max.bytes.per.second = 9223372036854775807
stream-state-bench-flink-kafka  | 	remote.log.manager.fetch.quota.window.num = 11
stream-state-bench-flink-kafka  | 	remote.log.manager.fetch.quota.window.size.seconds = 1
stream-state-bench-flink-kafka  | 	remote.log.manager.follower.thread.pool.size = 2
stream-state-bench-flink-kafka  | 	remote.log.manager.task.interval.ms = 30000
stream-state-bench-flink-kafka  | 	remote.log.manager.task.retry.backoff.max.ms = 30000
stream-state-bench-flink-kafka  | 	remote.log.manager.task.retry.backoff.ms = 500
stream-state-bench-flink-kafka  | 	remote.log.manager.task.retry.jitter = 0.2
stream-state-bench-flink-kafka  | 	remote.log.manager.thread.pool.size = 2
stream-state-bench-flink-kafka  | 	remote.log.metadata.custom.metadata.max.bytes = 128
stream-state-bench-flink-kafka  | 	remote.log.metadata.manager.class.name = org.apache.kafka.server.log.remote.metadata.storage.TopicBasedRemoteLogMetadataManager
stream-state-bench-flink-kafka  | 	remote.log.metadata.manager.class.path = null
stream-state-bench-flink-kafka  | 	remote.log.metadata.manager.impl.prefix = rlmm.config.
stream-state-bench-flink-kafka  | 	remote.log.metadata.manager.listener.name = null
stream-state-bench-flink-kafka  | 	remote.log.reader.max.pending.tasks = 100
stream-state-bench-flink-kafka  | 	remote.log.reader.threads = 10
stream-state-bench-flink-kafka  | 	remote.log.storage.manager.class.name = null
stream-state-bench-flink-kafka  | 	remote.log.storage.manager.class.path = null
stream-state-bench-flink-kafka  | 	remote.log.storage.manager.impl.prefix = rsm.config.
stream-state-bench-flink-kafka  | 	remote.log.storage.system.enable = false
stream-state-bench-flink-kafka  | 	replica.fetch.backoff.ms = 1000
stream-state-bench-flink-kafka  | 	replica.fetch.max.bytes = 1048576
stream-state-bench-flink-kafka  | 	replica.fetch.min.bytes = 1
stream-state-bench-flink-kafka  | 	replica.fetch.response.max.bytes = 10485760
stream-state-bench-flink-kafka  | 	replica.fetch.wait.max.ms = 500
stream-state-bench-flink-kafka  | 	replica.high.watermark.checkpoint.interval.ms = 5000
stream-state-bench-flink-kafka  | 	replica.lag.time.max.ms = 30000
stream-state-bench-flink-kafka  | 	replica.selector.class = null
stream-state-bench-flink-kafka  | 	replica.socket.receive.buffer.bytes = 65536
stream-state-bench-flink-kafka  | 	replica.socket.timeout.ms = 30000
stream-state-bench-flink-kafka  | 	replication.quota.window.num = 11
stream-state-bench-flink-kafka  | 	replication.quota.window.size.seconds = 1
stream-state-bench-flink-kafka  | 	request.timeout.ms = 30000
stream-state-bench-flink-kafka  | 	sasl.client.callback.handler.class = null
stream-state-bench-flink-kafka  | 	sasl.enabled.mechanisms = [GSSAPI]
stream-state-bench-flink-kafka  | 	sasl.jaas.config = null
stream-state-bench-flink-kafka  | 	sasl.kerberos.kinit.cmd = /usr/bin/kinit
stream-state-bench-flink-kafka  | 	sasl.kerberos.min.time.before.relogin = 60000
stream-state-bench-flink-kafka  | 	sasl.kerberos.principal.to.local.rules = [DEFAULT]
stream-state-bench-flink-kafka  | 	sasl.kerberos.service.name = null
stream-state-bench-flink-kafka  | 	sasl.kerberos.ticket.renew.jitter = 0.05
stream-state-bench-flink-kafka  | 	sasl.kerberos.ticket.renew.window.factor = 0.8
stream-state-bench-flink-kafka  | 	sasl.login.callback.handler.class = null
stream-state-bench-flink-kafka  | 	sasl.login.class = null
stream-state-bench-flink-kafka  | 	sasl.login.connect.timeout.ms = null
stream-state-bench-flink-kafka  | 	sasl.login.read.timeout.ms = null
stream-state-bench-flink-kafka  | 	sasl.login.refresh.buffer.seconds = 300
stream-state-bench-flink-kafka  | 	sasl.login.refresh.min.period.seconds = 60
stream-state-bench-flink-kafka  | 	sasl.login.refresh.window.factor = 0.8
stream-state-bench-flink-kafka  | 	sasl.login.refresh.window.jitter = 0.05
stream-state-bench-flink-kafka  | 	sasl.login.retry.backoff.max.ms = 10000
stream-state-bench-flink-kafka  | 	sasl.login.retry.backoff.ms = 100
stream-state-bench-flink-kafka  | 	sasl.mechanism.controller.protocol = GSSAPI
stream-state-bench-flink-kafka  | 	sasl.mechanism.inter.broker.protocol = GSSAPI
stream-state-bench-flink-kafka  | 	sasl.oauthbearer.assertion.algorithm = RS256
stream-state-bench-flink-kafka  | 	sasl.oauthbearer.assertion.claim.aud = null
stream-state-bench-flink-kafka  | 	sasl.oauthbearer.assertion.claim.exp.seconds = 300
stream-state-bench-flink-kafka  | 	sasl.oauthbearer.assertion.claim.iss = null
stream-state-bench-flink-kafka  | 	sasl.oauthbearer.assertion.claim.jti.include = false
stream-state-bench-flink-kafka  | 	sasl.oauthbearer.assertion.claim.nbf.seconds = 60
stream-state-bench-flink-kafka  | 	sasl.oauthbearer.assertion.claim.sub = null
stream-state-bench-flink-kafka  | 	sasl.oauthbearer.assertion.file = null
stream-state-bench-flink-kafka  | 	sasl.oauthbearer.assertion.private.key.file = null
stream-state-bench-flink-kafka  | 	sasl.oauthbearer.assertion.private.key.passphrase = null
stream-state-bench-flink-kafka  | 	sasl.oauthbearer.assertion.template.file = null
stream-state-bench-flink-kafka  | 	sasl.oauthbearer.client.credentials.client.id = null
stream-state-bench-flink-kafka  | 	sasl.oauthbearer.client.credentials.client.secret = null
stream-state-bench-flink-kafka  | 	sasl.oauthbearer.clock.skew.seconds = 30
stream-state-bench-flink-kafka  | 	sasl.oauthbearer.expected.audience = []
stream-state-bench-flink-kafka  | 	sasl.oauthbearer.expected.issuer = null
stream-state-bench-flink-kafka  | 	sasl.oauthbearer.jwks.endpoint.refresh.ms = 3600000
stream-state-bench-flink-kafka  | 	sasl.oauthbearer.jwks.endpoint.retry.backoff.max.ms = 10000
stream-state-bench-flink-kafka  | 	sasl.oauthbearer.jwks.endpoint.retry.backoff.ms = 100
stream-state-bench-flink-kafka  | 	sasl.oauthbearer.jwks.endpoint.url = null
stream-state-bench-flink-kafka  | 	sasl.oauthbearer.jwt.retriever.class = class org.apache.kafka.common.security.oauthbearer.DefaultJwtRetriever
stream-state-bench-flink-kafka  | 	sasl.oauthbearer.jwt.validator.class = class org.apache.kafka.common.security.oauthbearer.DefaultJwtValidator
stream-state-bench-flink-kafka  | 	sasl.oauthbearer.scope = null
stream-state-bench-flink-kafka  | 	sasl.oauthbearer.scope.claim.name = scope
stream-state-bench-flink-kafka  | 	sasl.oauthbearer.sub.claim.name = sub
stream-state-bench-flink-kafka  | 	sasl.oauthbearer.token.endpoint.url = null
stream-state-bench-flink-kafka  | 	sasl.server.callback.handler.class = null
stream-state-bench-flink-kafka  | 	sasl.server.max.receive.size = 524288
stream-state-bench-flink-kafka  | 	security.inter.broker.protocol = PLAINTEXT
stream-state-bench-flink-kafka  | 	security.providers = null
stream-state-bench-flink-kafka  | 	server.max.startup.time.ms = 9223372036854775807
stream-state-bench-flink-kafka  | 	share.coordinator.append.linger.ms = -1
stream-state-bench-flink-kafka  | 	share.coordinator.cached.buffer.max.bytes = 1048588
stream-state-bench-flink-kafka  | 	share.coordinator.cold.partition.snapshot.interval.ms = 300000
stream-state-bench-flink-kafka  | 	share.coordinator.load.buffer.size = 5242880
stream-state-bench-flink-kafka  | 	share.coordinator.snapshot.update.records.per.snapshot = 500
stream-state-bench-flink-kafka  | 	share.coordinator.state.topic.compression.codec = 0
stream-state-bench-flink-kafka  | 	share.coordinator.state.topic.min.isr = 2
stream-state-bench-flink-kafka  | 	share.coordinator.state.topic.num.partitions = 50
stream-state-bench-flink-kafka  | 	share.coordinator.state.topic.prune.interval.ms = 300000
stream-state-bench-flink-kafka  | 	share.coordinator.state.topic.replication.factor = 3
stream-state-bench-flink-kafka  | 	share.coordinator.state.topic.segment.bytes = 104857600
stream-state-bench-flink-kafka  | 	share.coordinator.threads = 1
stream-state-bench-flink-kafka  | 	share.coordinator.write.timeout.ms = 5000
stream-state-bench-flink-kafka  | 	share.fetch.purgatory.purge.interval.requests = 1000
stream-state-bench-flink-kafka  | 	socket.connection.setup.timeout.max.ms = 30000
stream-state-bench-flink-kafka  | 	socket.connection.setup.timeout.ms = 10000
stream-state-bench-flink-kafka  | 	socket.listen.backlog.size = 50
stream-state-bench-flink-kafka  | 	socket.receive.buffer.bytes = 102400
stream-state-bench-flink-kafka  | 	socket.request.max.bytes = 104857600
stream-state-bench-flink-kafka  | 	socket.send.buffer.bytes = 102400
stream-state-bench-flink-kafka  | 	ssl.allow.dn.changes = false
stream-state-bench-flink-kafka  | 	ssl.allow.san.changes = false
stream-state-bench-flink-kafka  | 	ssl.cipher.suites = []
stream-state-bench-flink-kafka  | 	ssl.client.auth = none
stream-state-bench-flink-kafka  | 	ssl.enabled.protocols = [TLSv1.2, TLSv1.3]
stream-state-bench-flink-kafka  | 	ssl.endpoint.identification.algorithm = https
stream-state-bench-flink-kafka  | 	ssl.engine.factory.class = null
stream-state-bench-flink-kafka  | 	ssl.key.password = null
stream-state-bench-flink-kafka  | 	ssl.keymanager.algorithm = SunX509
stream-state-bench-flink-kafka  | 	ssl.keystore.certificate.chain = null
stream-state-bench-flink-kafka  | 	ssl.keystore.key = null
stream-state-bench-flink-kafka  | 	ssl.keystore.location = null
stream-state-bench-flink-kafka  | 	ssl.keystore.password = null
stream-state-bench-flink-kafka  | 	ssl.keystore.type = JKS
stream-state-bench-flink-kafka  | 	ssl.principal.mapping.rules = DEFAULT
stream-state-bench-flink-kafka  | 	ssl.protocol = TLSv1.3
stream-state-bench-flink-kafka  | 	ssl.provider = null
stream-state-bench-flink-kafka  | 	ssl.secure.random.implementation = null
stream-state-bench-flink-kafka  | 	ssl.trustmanager.algorithm = PKIX
stream-state-bench-flink-kafka  | 	ssl.truststore.certificates = null
stream-state-bench-flink-kafka  | 	ssl.truststore.location = null
stream-state-bench-flink-kafka  | 	ssl.truststore.password = null
stream-state-bench-flink-kafka  | 	ssl.truststore.type = JKS
stream-state-bench-flink-kafka  | 	telemetry.max.bytes = 1048576
stream-state-bench-flink-kafka  | 	transaction.abort.timed.out.transaction.cleanup.interval.ms = 10000
stream-state-bench-flink-kafka  | 	transaction.max.timeout.ms = 900000
stream-state-bench-flink-kafka  | 	transaction.partition.verification.enable = true
stream-state-bench-flink-kafka  | 	transaction.remove.expired.transaction.cleanup.interval.ms = 3600000
stream-state-bench-flink-kafka  | 	transaction.state.log.load.buffer.size = 5242880
stream-state-bench-flink-kafka  | 	transaction.state.log.min.isr = 1
stream-state-bench-flink-kafka  | 	transaction.state.log.num.partitions = 50
stream-state-bench-flink-kafka  | 	transaction.state.log.replication.factor = 1
stream-state-bench-flink-kafka  | 	transaction.state.log.segment.bytes = 104857600
stream-state-bench-flink-kafka  | 	transaction.two.phase.commit.enable = false
stream-state-bench-flink-kafka  | 	transactional.id.expiration.ms = 604800000
stream-state-bench-flink-kafka  | 	unclean.leader.election.enable = false
stream-state-bench-flink-kafka  | 	unclean.leader.election.interval.ms = 300000
stream-state-bench-flink-kafka  | 	unstable.api.versions.enable = false
stream-state-bench-flink-kafka  | 	unstable.feature.versions.enable = false
stream-state-bench-flink-kafka  |  (org.apache.kafka.common.config.AbstractConfig)
stream-state-bench-flink-kafka  | [2026-07-15 21:56:05,968] INFO [BrokerServer id=1] Waiting for the broker to be unfenced (kafka.server.BrokerServer)
stream-state-bench-flink-kafka  | [2026-07-15 21:56:05,998] INFO [BrokerLifecycleManager id=1] The broker has been unfenced. Transitioning from RECOVERY to RUNNING. (org.apache.kafka.server.BrokerLifecycleManager)
stream-state-bench-flink-kafka  | [2026-07-15 21:56:05,998] INFO [BrokerServer id=1] Finished waiting for the broker to be unfenced (kafka.server.BrokerServer)
stream-state-bench-flink-kafka  | [2026-07-15 21:56:05,998] INFO authorizerStart completed for endpoint PLAINTEXT. Endpoint is now READY. (org.apache.kafka.server.network.EndpointReadyFutures)
stream-state-bench-flink-kafka  | [2026-07-15 21:56:05,998] INFO [SocketServer listenerType=BROKER, nodeId=1] Enabling request processing. (kafka.network.SocketServer)
stream-state-bench-flink-kafka  | [2026-07-15 21:56:05,999] INFO Awaiting socket connections on 0.0.0.0:9092. (kafka.network.DataPlaneAcceptor)
stream-state-bench-flink-kafka  | [2026-07-15 21:56:05,999] INFO [BrokerServer id=1] Waiting for all of the authorizer futures to be completed (kafka.server.BrokerServer)
stream-state-bench-flink-kafka  | [2026-07-15 21:56:05,999] INFO [BrokerServer id=1] Finished waiting for all of the authorizer futures to be completed (kafka.server.BrokerServer)
stream-state-bench-flink-kafka  | [2026-07-15 21:56:05,999] INFO [BrokerServer id=1] Waiting for all of the SocketServer Acceptors to be started (kafka.server.BrokerServer)
stream-state-bench-flink-kafka  | [2026-07-15 21:56:05,999] INFO [BrokerServer id=1] Finished waiting for all of the SocketServer Acceptors to be started (kafka.server.BrokerServer)
stream-state-bench-flink-kafka  | [2026-07-15 21:56:06,000] INFO [BrokerServer id=1] Transition from STARTING to STARTED (kafka.server.BrokerServer)
stream-state-bench-flink-kafka  | [2026-07-15 21:56:06,000] INFO Kafka version: 4.3.1 (org.apache.kafka.common.utils.AppInfoParser)
stream-state-bench-flink-kafka  | [2026-07-15 21:56:06,000] INFO Kafka commitId: 26b251a451ce941d (org.apache.kafka.common.utils.AppInfoParser)
stream-state-bench-flink-kafka  | [2026-07-15 21:56:06,000] INFO Kafka startTimeMs: 1784152566000 (org.apache.kafka.common.utils.AppInfoParser)
stream-state-bench-flink-kafka  | [2026-07-15 21:56:06,001] INFO [KafkaRaftServer nodeId=1] Kafka Server started (kafka.server.KafkaRaftServer)
stream-state-bench-flink-kafka  | [2026-07-15 21:56:08,362] INFO [ReplicaFetcherManager on broker 1] Removed fetcher for partitions Set(bench-w5-latency-input-0) (kafka.server.ReplicaFetcherManager)
stream-state-bench-flink-kafka  | [2026-07-15 21:56:08,375] INFO [LogLoader partition=bench-w5-latency-input-0, dir=/tmp/kafka-logs] Loading producer state till offset 0 (org.apache.kafka.storage.internals.log.UnifiedLog)
stream-state-bench-flink-kafka  | [2026-07-15 21:56:08,378] INFO Created log for partition bench-w5-latency-input-0 in /tmp/kafka-logs/bench-w5-latency-input-0 with properties {} (kafka.log.LogManager)
stream-state-bench-flink-kafka  | [2026-07-15 21:56:08,380] INFO [Partition bench-w5-latency-input-0 broker=1] No checkpointed highwatermark is found for partition bench-w5-latency-input-0 (kafka.cluster.Partition)
stream-state-bench-flink-kafka  | [2026-07-15 21:56:08,381] INFO [Partition bench-w5-latency-input-0 broker=1] Log loaded for partition bench-w5-latency-input-0 with initial high watermark 0 (kafka.cluster.Partition)
stream-state-bench-flink-kafka  | [2026-07-15 21:56:09,966] INFO [ReplicaFetcherManager on broker 1] Removed fetcher for partitions Set(bench-w5-latency-left-input-0) (kafka.server.ReplicaFetcherManager)
stream-state-bench-flink-kafka  | [2026-07-15 21:56:09,970] INFO [LogLoader partition=bench-w5-latency-left-input-0, dir=/tmp/kafka-logs] Loading producer state till offset 0 (org.apache.kafka.storage.internals.log.UnifiedLog)
stream-state-bench-flink-kafka  | [2026-07-15 21:56:09,971] INFO Created log for partition bench-w5-latency-left-input-0 in /tmp/kafka-logs/bench-w5-latency-left-input-0 with properties {} (kafka.log.LogManager)
stream-state-bench-flink-kafka  | [2026-07-15 21:56:09,972] INFO [Partition bench-w5-latency-left-input-0 broker=1] No checkpointed highwatermark is found for partition bench-w5-latency-left-input-0 (kafka.cluster.Partition)
stream-state-bench-flink-kafka  | [2026-07-15 21:56:09,972] INFO [Partition bench-w5-latency-left-input-0 broker=1] Log loaded for partition bench-w5-latency-left-input-0 with initial high watermark 0 (kafka.cluster.Partition)
stream-state-bench-flink-kafka  | [2026-07-15 21:56:11,593] INFO [ReplicaFetcherManager on broker 1] Removed fetcher for partitions Set(bench-w5-latency-right-input-0) (kafka.server.ReplicaFetcherManager)
stream-state-bench-flink-kafka  | [2026-07-15 21:56:11,597] INFO [LogLoader partition=bench-w5-latency-right-input-0, dir=/tmp/kafka-logs] Loading producer state till offset 0 (org.apache.kafka.storage.internals.log.UnifiedLog)
stream-state-bench-flink-kafka  | [2026-07-15 21:56:11,598] INFO Created log for partition bench-w5-latency-right-input-0 in /tmp/kafka-logs/bench-w5-latency-right-input-0 with properties {} (kafka.log.LogManager)
stream-state-bench-flink-kafka  | [2026-07-15 21:56:11,599] INFO [Partition bench-w5-latency-right-input-0 broker=1] No checkpointed highwatermark is found for partition bench-w5-latency-right-input-0 (kafka.cluster.Partition)
stream-state-bench-flink-kafka  | [2026-07-15 21:56:11,599] INFO [Partition bench-w5-latency-right-input-0 broker=1] Log loaded for partition bench-w5-latency-right-input-0 with initial high watermark 0 (kafka.cluster.Partition)
stream-state-bench-flink-kafka  | [2026-07-15 21:56:13,211] INFO [ReplicaFetcherManager on broker 1] Removed fetcher for partitions Set(bench-w5-latency-flink-output-0) (kafka.server.ReplicaFetcherManager)
stream-state-bench-flink-kafka  | [2026-07-15 21:56:13,214] INFO [LogLoader partition=bench-w5-latency-flink-output-0, dir=/tmp/kafka-logs] Loading producer state till offset 0 (org.apache.kafka.storage.internals.log.UnifiedLog)
stream-state-bench-flink-kafka  | [2026-07-15 21:56:13,215] INFO Created log for partition bench-w5-latency-flink-output-0 in /tmp/kafka-logs/bench-w5-latency-flink-output-0 with properties {} (kafka.log.LogManager)
stream-state-bench-flink-kafka  | [2026-07-15 21:56:13,216] INFO [Partition bench-w5-latency-flink-output-0 broker=1] No checkpointed highwatermark is found for partition bench-w5-latency-flink-output-0 (kafka.cluster.Partition)
stream-state-bench-flink-kafka  | [2026-07-15 21:56:13,216] INFO [Partition bench-w5-latency-flink-output-0 broker=1] Log loaded for partition bench-w5-latency-flink-output-0 with initial high watermark 0 (kafka.cluster.Partition)
stream-state-bench-flink-kafka  | [2026-07-15 21:56:16,494] INFO Sent auto-creation request for Set(__transaction_state) to the active controller. (kafka.server.DefaultAutoTopicCreationManager)
stream-state-bench-flink-kafka  | [2026-07-15 21:56:16,530] INFO [ReplicaFetcherManager on broker 1] Removed fetcher for partitions Set(__transaction_state-42, __transaction_state-13, __transaction_state-46, __transaction_state-17, __transaction_state-34, __transaction_state-5, __transaction_state-38, __transaction_state-9, __transaction_state-26, __transaction_state-30, __transaction_state-1, __transaction_state-18, __transaction_state-22, __transaction_state-12, __transaction_state-45, __transaction_state-16, __transaction_state-49, __transaction_state-4, __transaction_state-37, __transaction_state-8, __transaction_state-41, __transaction_state-29, __transaction_state-0, __transaction_state-33, __transaction_state-21, __transaction_state-25, __transaction_state-11, __transaction_state-44, __transaction_state-15, __transaction_state-48, __transaction_state-3, __transaction_state-36, __transaction_state-7, __transaction_state-40, __transaction_state-28, __transaction_state-32, __transaction_state-20, __transaction_state-24, __transaction_state-10, __transaction_state-43, __transaction_state-14, __transaction_state-47, __transaction_state-2, __transaction_state-35, __transaction_state-6, __transaction_state-39, __transaction_state-27, __transaction_state-31, __transaction_state-19, __transaction_state-23) (kafka.server.ReplicaFetcherManager)
stream-state-bench-flink-kafka  | [2026-07-15 21:56:16,534] INFO [LogLoader partition=__transaction_state-42, dir=/tmp/kafka-logs] Loading producer state till offset 0 (org.apache.kafka.storage.internals.log.UnifiedLog)
stream-state-bench-flink-kafka  | [2026-07-15 21:56:16,535] INFO Created log for partition __transaction_state-42 in /tmp/kafka-logs/__transaction_state-42 with properties {cleanup.policy=compact, compression.type="uncompressed", min.insync.replicas=1, segment.bytes=104857600, unclean.leader.election.enable=false} (kafka.log.LogManager)
stream-state-bench-flink-kafka  | [2026-07-15 21:56:16,535] INFO [Partition __transaction_state-42 broker=1] No checkpointed highwatermark is found for partition __transaction_state-42 (kafka.cluster.Partition)
stream-state-bench-flink-kafka  | [2026-07-15 21:56:16,535] INFO [Partition __transaction_state-42 broker=1] Log loaded for partition __transaction_state-42 with initial high watermark 0 (kafka.cluster.Partition)
stream-state-bench-flink-kafka  | [2026-07-15 21:56:16,542] INFO [LogLoader partition=__transaction_state-13, dir=/tmp/kafka-logs] Loading producer state till offset 0 (org.apache.kafka.storage.internals.log.UnifiedLog)
stream-state-bench-flink-kafka  | [2026-07-15 21:56:16,542] INFO Created log for partition __transaction_state-13 in /tmp/kafka-logs/__transaction_state-13 with properties {cleanup.policy=compact, compression.type="uncompressed", min.insync.replicas=1, segment.bytes=104857600, unclean.leader.election.enable=false} (kafka.log.LogManager)
stream-state-bench-flink-kafka  | [2026-07-15 21:56:16,543] INFO [Partition __transaction_state-13 broker=1] No checkpointed highwatermark is found for partition __transaction_state-13 (kafka.cluster.Partition)
stream-state-bench-flink-kafka  | [2026-07-15 21:56:16,543] INFO [Partition __transaction_state-13 broker=1] Log loaded for partition __transaction_state-13 with initial high watermark 0 (kafka.cluster.Partition)
stream-state-bench-flink-kafka  | [2026-07-15 21:56:16,551] INFO [LogLoader partition=__transaction_state-46, dir=/tmp/kafka-logs] Loading producer state till offset 0 (org.apache.kafka.storage.internals.log.UnifiedLog)
stream-state-bench-flink-kafka  | [2026-07-15 21:56:16,551] INFO Created log for partition __transaction_state-46 in /tmp/kafka-logs/__transaction_state-46 with properties {cleanup.policy=compact, compression.type="uncompressed", min.insync.replicas=1, segment.bytes=104857600, unclean.leader.election.enable=false} (kafka.log.LogManager)
stream-state-bench-flink-kafka  | [2026-07-15 21:56:16,552] INFO [Partition __transaction_state-46 broker=1] No checkpointed highwatermark is found for partition __transaction_state-46 (kafka.cluster.Partition)
stream-state-bench-flink-kafka  | [2026-07-15 21:56:16,552] INFO [Partition __transaction_state-46 broker=1] Log loaded for partition __transaction_state-46 with initial high watermark 0 (kafka.cluster.Partition)
stream-state-bench-flink-kafka  | [2026-07-15 21:56:16,559] INFO [LogLoader partition=__transaction_state-17, dir=/tmp/kafka-logs] Loading producer state till offset 0 (org.apache.kafka.storage.internals.log.UnifiedLog)
stream-state-bench-flink-kafka  | [2026-07-15 21:56:16,560] INFO Created log for partition __transaction_state-17 in /tmp/kafka-logs/__transaction_state-17 with properties {cleanup.policy=compact, compression.type="uncompressed", min.insync.replicas=1, segment.bytes=104857600, unclean.leader.election.enable=false} (kafka.log.LogManager)
stream-state-bench-flink-kafka  | [2026-07-15 21:56:16,560] INFO [Partition __transaction_state-17 broker=1] No checkpointed highwatermark is found for partition __transaction_state-17 (kafka.cluster.Partition)
stream-state-bench-flink-kafka  | [2026-07-15 21:56:16,560] INFO [Partition __transaction_state-17 broker=1] Log loaded for partition __transaction_state-17 with initial high watermark 0 (kafka.cluster.Partition)
stream-state-bench-flink-kafka  | [2026-07-15 21:56:16,567] INFO [LogLoader partition=__transaction_state-34, dir=/tmp/kafka-logs] Loading producer state till offset 0 (org.apache.kafka.storage.internals.log.UnifiedLog)
stream-state-bench-flink-kafka  | [2026-07-15 21:56:16,568] INFO Created log for partition __transaction_state-34 in /tmp/kafka-logs/__transaction_state-34 with properties {cleanup.policy=compact, compression.type="uncompressed", min.insync.replicas=1, segment.bytes=104857600, unclean.leader.election.enable=false} (kafka.log.LogManager)
stream-state-bench-flink-kafka  | [2026-07-15 21:56:16,568] INFO [Partition __transaction_state-34 broker=1] No checkpointed highwatermark is found for partition __transaction_state-34 (kafka.cluster.Partition)
stream-state-bench-flink-kafka  | [2026-07-15 21:56:16,568] INFO [Partition __transaction_state-34 broker=1] Log loaded for partition __transaction_state-34 with initial high watermark 0 (kafka.cluster.Partition)
stream-state-bench-flink-kafka  | [2026-07-15 21:56:16,576] INFO [LogLoader partition=__transaction_state-5, dir=/tmp/kafka-logs] Loading producer state till offset 0 (org.apache.kafka.storage.internals.log.UnifiedLog)
stream-state-bench-flink-kafka  | [2026-07-15 21:56:16,577] INFO Created log for partition __transaction_state-5 in /tmp/kafka-logs/__transaction_state-5 with properties {cleanup.policy=compact, compression.type="uncompressed", min.insync.replicas=1, segment.bytes=104857600, unclean.leader.election.enable=false} (kafka.log.LogManager)
stream-state-bench-flink-kafka  | [2026-07-15 21:56:16,577] INFO [Partition __transaction_state-5 broker=1] No checkpointed highwatermark is found for partition __transaction_state-5 (kafka.cluster.Partition)
stream-state-bench-flink-kafka  | [2026-07-15 21:56:16,577] INFO [Partition __transaction_state-5 broker=1] Log loaded for partition __transaction_state-5 with initial high watermark 0 (kafka.cluster.Partition)
stream-state-bench-flink-kafka  | [2026-07-15 21:56:16,583] INFO [LogLoader partition=__transaction_state-38, dir=/tmp/kafka-logs] Loading producer state till offset 0 (org.apache.kafka.storage.internals.log.UnifiedLog)
stream-state-bench-flink-kafka  | [2026-07-15 21:56:16,584] INFO Created log for partition __transaction_state-38 in /tmp/kafka-logs/__transaction_state-38 with properties {cleanup.policy=compact, compression.type="uncompressed", min.insync.replicas=1, segment.bytes=104857600, unclean.leader.election.enable=false} (kafka.log.LogManager)
stream-state-bench-flink-kafka  | [2026-07-15 21:56:16,584] INFO [Partition __transaction_state-38 broker=1] No checkpointed highwatermark is found for partition __transaction_state-38 (kafka.cluster.Partition)
stream-state-bench-flink-kafka  | [2026-07-15 21:56:16,584] INFO [Partition __transaction_state-38 broker=1] Log loaded for partition __transaction_state-38 with initial high watermark 0 (kafka.cluster.Partition)
stream-state-bench-flink-kafka  | [2026-07-15 21:56:16,590] INFO [LogLoader partition=__transaction_state-9, dir=/tmp/kafka-logs] Loading producer state till offset 0 (org.apache.kafka.storage.internals.log.UnifiedLog)
stream-state-bench-flink-kafka  | [2026-07-15 21:56:16,591] INFO Created log for partition __transaction_state-9 in /tmp/kafka-logs/__transaction_state-9 with properties {cleanup.policy=compact, compression.type="uncompressed", min.insync.replicas=1, segment.bytes=104857600, unclean.leader.election.enable=false} (kafka.log.LogManager)
stream-state-bench-flink-kafka  | [2026-07-15 21:56:16,591] INFO [Partition __transaction_state-9 broker=1] No checkpointed highwatermark is found for partition __transaction_state-9 (kafka.cluster.Partition)
stream-state-bench-flink-kafka  | [2026-07-15 21:56:16,591] INFO [Partition __transaction_state-9 broker=1] Log loaded for partition __transaction_state-9 with initial high watermark 0 (kafka.cluster.Partition)
stream-state-bench-flink-kafka  | [2026-07-15 21:56:16,599] INFO [LogLoader partition=__transaction_state-26, dir=/tmp/kafka-logs] Loading producer state till offset 0 (org.apache.kafka.storage.internals.log.UnifiedLog)
stream-state-bench-flink-kafka  | [2026-07-15 21:56:16,600] INFO Created log for partition __transaction_state-26 in /tmp/kafka-logs/__transaction_state-26 with properties {cleanup.policy=compact, compression.type="uncompressed", min.insync.replicas=1, segment.bytes=104857600, unclean.leader.election.enable=false} (kafka.log.LogManager)
stream-state-bench-flink-kafka  | [2026-07-15 21:56:16,600] INFO [Partition __transaction_state-26 broker=1] No checkpointed highwatermark is found for partition __transaction_state-26 (kafka.cluster.Partition)
stream-state-bench-flink-kafka  | [2026-07-15 21:56:16,600] INFO [Partition __transaction_state-26 broker=1] Log loaded for partition __transaction_state-26 with initial high watermark 0 (kafka.cluster.Partition)
stream-state-bench-flink-kafka  | [2026-07-15 21:56:16,606] INFO [LogLoader partition=__transaction_state-30, dir=/tmp/kafka-logs] Loading producer state till offset 0 (org.apache.kafka.storage.internals.log.UnifiedLog)
stream-state-bench-flink-kafka  | [2026-07-15 21:56:16,607] INFO Created log for partition __transaction_state-30 in /tmp/kafka-logs/__transaction_state-30 with properties {cleanup.policy=compact, compression.type="uncompressed", min.insync.replicas=1, segment.bytes=104857600, unclean.leader.election.enable=false} (kafka.log.LogManager)
stream-state-bench-flink-kafka  | [2026-07-15 21:56:16,607] INFO [Partition __transaction_state-30 broker=1] No checkpointed highwatermark is found for partition __transaction_state-30 (kafka.cluster.Partition)
stream-state-bench-flink-kafka  | [2026-07-15 21:56:16,607] INFO [Partition __transaction_state-30 broker=1] Log loaded for partition __transaction_state-30 with initial high watermark 0 (kafka.cluster.Partition)
stream-state-bench-flink-kafka  | [2026-07-15 21:56:16,614] INFO [LogLoader partition=__transaction_state-1, dir=/tmp/kafka-logs] Loading producer state till offset 0 (org.apache.kafka.storage.internals.log.UnifiedLog)
stream-state-bench-flink-kafka  | [2026-07-15 21:56:16,614] INFO Created log for partition __transaction_state-1 in /tmp/kafka-logs/__transaction_state-1 with properties {cleanup.policy=compact, compression.type="uncompressed", min.insync.replicas=1, segment.bytes=104857600, unclean.leader.election.enable=false} (kafka.log.LogManager)
stream-state-bench-flink-kafka  | [2026-07-15 21:56:16,615] INFO [Partition __transaction_state-1 broker=1] No checkpointed highwatermark is found for partition __transaction_state-1 (kafka.cluster.Partition)
stream-state-bench-flink-kafka  | [2026-07-15 21:56:16,615] INFO [Partition __transaction_state-1 broker=1] Log loaded for partition __transaction_state-1 with initial high watermark 0 (kafka.cluster.Partition)
stream-state-bench-flink-kafka  | [2026-07-15 21:56:16,623] INFO [LogLoader partition=__transaction_state-18, dir=/tmp/kafka-logs] Loading producer state till offset 0 (org.apache.kafka.storage.internals.log.UnifiedLog)
stream-state-bench-flink-kafka  | [2026-07-15 21:56:16,623] INFO Created log for partition __transaction_state-18 in /tmp/kafka-logs/__transaction_state-18 with properties {cleanup.policy=compact, compression.type="uncompressed", min.insync.replicas=1, segment.bytes=104857600, unclean.leader.election.enable=false} (kafka.log.LogManager)
stream-state-bench-flink-kafka  | [2026-07-15 21:56:16,623] INFO [Partition __transaction_state-18 broker=1] No checkpointed highwatermark is found for partition __transaction_state-18 (kafka.cluster.Partition)
stream-state-bench-flink-kafka  | [2026-07-15 21:56:16,623] INFO [Partition __transaction_state-18 broker=1] Log loaded for partition __transaction_state-18 with initial high watermark 0 (kafka.cluster.Partition)
stream-state-bench-flink-kafka  | [2026-07-15 21:56:16,629] INFO [LogLoader partition=__transaction_state-22, dir=/tmp/kafka-logs] Loading producer state till offset 0 (org.apache.kafka.storage.internals.log.UnifiedLog)
stream-state-bench-flink-kafka  | [2026-07-15 21:56:16,630] INFO Created log for partition __transaction_state-22 in /tmp/kafka-logs/__transaction_state-22 with properties {cleanup.policy=compact, compression.type="uncompressed", min.insync.replicas=1, segment.bytes=104857600, unclean.leader.election.enable=false} (kafka.log.LogManager)
stream-state-bench-flink-kafka  | [2026-07-15 21:56:16,630] INFO [Partition __transaction_state-22 broker=1] No checkpointed highwatermark is found for partition __transaction_state-22 (kafka.cluster.Partition)
stream-state-bench-flink-kafka  | [2026-07-15 21:56:16,630] INFO [Partition __transaction_state-22 broker=1] Log loaded for partition __transaction_state-22 with initial high watermark 0 (kafka.cluster.Partition)
stream-state-bench-flink-kafka  | [2026-07-15 21:56:16,636] INFO [LogLoader partition=__transaction_state-12, dir=/tmp/kafka-logs] Loading producer state till offset 0 (org.apache.kafka.storage.internals.log.UnifiedLog)
stream-state-bench-flink-kafka  | [2026-07-15 21:56:16,637] INFO Created log for partition __transaction_state-12 in /tmp/kafka-logs/__transaction_state-12 with properties {cleanup.policy=compact, compression.type="uncompressed", min.insync.replicas=1, segment.bytes=104857600, unclean.leader.election.enable=false} (kafka.log.LogManager)
stream-state-bench-flink-kafka  | [2026-07-15 21:56:16,637] INFO [Partition __transaction_state-12 broker=1] No checkpointed highwatermark is found for partition __transaction_state-12 (kafka.cluster.Partition)
stream-state-bench-flink-kafka  | [2026-07-15 21:56:16,637] INFO [Partition __transaction_state-12 broker=1] Log loaded for partition __transaction_state-12 with initial high watermark 0 (kafka.cluster.Partition)
stream-state-bench-flink-kafka  | [2026-07-15 21:56:16,643] INFO [LogLoader partition=__transaction_state-45, dir=/tmp/kafka-logs] Loading producer state till offset 0 (org.apache.kafka.storage.internals.log.UnifiedLog)
stream-state-bench-flink-kafka  | [2026-07-15 21:56:16,643] INFO Created log for partition __transaction_state-45 in /tmp/kafka-logs/__transaction_state-45 with properties {cleanup.policy=compact, compression.type="uncompressed", min.insync.replicas=1, segment.bytes=104857600, unclean.leader.election.enable=false} (kafka.log.LogManager)
stream-state-bench-flink-kafka  | [2026-07-15 21:56:16,643] INFO [Partition __transaction_state-45 broker=1] No checkpointed highwatermark is found for partition __transaction_state-45 (kafka.cluster.Partition)
stream-state-bench-flink-kafka  | [2026-07-15 21:56:16,643] INFO [Partition __transaction_state-45 broker=1] Log loaded for partition __transaction_state-45 with initial high watermark 0 (kafka.cluster.Partition)
stream-state-bench-flink-kafka  | [2026-07-15 21:56:16,649] INFO [LogLoader partition=__transaction_state-16, dir=/tmp/kafka-logs] Loading producer state till offset 0 (org.apache.kafka.storage.internals.log.UnifiedLog)
stream-state-bench-flink-kafka  | [2026-07-15 21:56:16,649] INFO Created log for partition __transaction_state-16 in /tmp/kafka-logs/__transaction_state-16 with properties {cleanup.policy=compact, compression.type="uncompressed", min.insync.replicas=1, segment.bytes=104857600, unclean.leader.election.enable=false} (kafka.log.LogManager)
stream-state-bench-flink-kafka  | [2026-07-15 21:56:16,649] INFO [Partition __transaction_state-16 broker=1] No checkpointed highwatermark is found for partition __transaction_state-16 (kafka.cluster.Partition)
stream-state-bench-flink-kafka  | [2026-07-15 21:56:16,649] INFO [Partition __transaction_state-16 broker=1] Log loaded for partition __transaction_state-16 with initial high watermark 0 (kafka.cluster.Partition)
stream-state-bench-flink-kafka  | [2026-07-15 21:56:16,656] INFO [LogLoader partition=__transaction_state-49, dir=/tmp/kafka-logs] Loading producer state till offset 0 (org.apache.kafka.storage.internals.log.UnifiedLog)
stream-state-bench-flink-kafka  | [2026-07-15 21:56:16,656] INFO Created log for partition __transaction_state-49 in /tmp/kafka-logs/__transaction_state-49 with properties {cleanup.policy=compact, compression.type="uncompressed", min.insync.replicas=1, segment.bytes=104857600, unclean.leader.election.enable=false} (kafka.log.LogManager)
stream-state-bench-flink-kafka  | [2026-07-15 21:56:16,656] INFO [Partition __transaction_state-49 broker=1] No checkpointed highwatermark is found for partition __transaction_state-49 (kafka.cluster.Partition)
stream-state-bench-flink-kafka  | [2026-07-15 21:56:16,657] INFO [Partition __transaction_state-49 broker=1] Log loaded for partition __transaction_state-49 with initial high watermark 0 (kafka.cluster.Partition)
stream-state-bench-flink-kafka  | [2026-07-15 21:56:16,662] INFO [LogLoader partition=__transaction_state-4, dir=/tmp/kafka-logs] Loading producer state till offset 0 (org.apache.kafka.storage.internals.log.UnifiedLog)
stream-state-bench-flink-kafka  | [2026-07-15 21:56:16,662] INFO Created log for partition __transaction_state-4 in /tmp/kafka-logs/__transaction_state-4 with properties {cleanup.policy=compact, compression.type="uncompressed", min.insync.replicas=1, segment.bytes=104857600, unclean.leader.election.enable=false} (kafka.log.LogManager)
stream-state-bench-flink-kafka  | [2026-07-15 21:56:16,662] INFO [Partition __transaction_state-4 broker=1] No checkpointed highwatermark is found for partition __transaction_state-4 (kafka.cluster.Partition)
stream-state-bench-flink-kafka  | [2026-07-15 21:56:16,662] INFO [Partition __transaction_state-4 broker=1] Log loaded for partition __transaction_state-4 with initial high watermark 0 (kafka.cluster.Partition)
stream-state-bench-flink-kafka  | [2026-07-15 21:56:16,669] INFO [LogLoader partition=__transaction_state-37, dir=/tmp/kafka-logs] Loading producer state till offset 0 (org.apache.kafka.storage.internals.log.UnifiedLog)
stream-state-bench-flink-kafka  | [2026-07-15 21:56:16,669] INFO Created log for partition __transaction_state-37 in /tmp/kafka-logs/__transaction_state-37 with properties {cleanup.policy=compact, compression.type="uncompressed", min.insync.replicas=1, segment.bytes=104857600, unclean.leader.election.enable=false} (kafka.log.LogManager)
stream-state-bench-flink-kafka  | [2026-07-15 21:56:16,670] INFO [Partition __transaction_state-37 broker=1] No checkpointed highwatermark is found for partition __transaction_state-37 (kafka.cluster.Partition)
stream-state-bench-flink-kafka  | [2026-07-15 21:56:16,670] INFO [Partition __transaction_state-37 broker=1] Log loaded for partition __transaction_state-37 with initial high watermark 0 (kafka.cluster.Partition)
stream-state-bench-flink-kafka  | [2026-07-15 21:56:16,675] INFO [LogLoader partition=__transaction_state-8, dir=/tmp/kafka-logs] Loading producer state till offset 0 (org.apache.kafka.storage.internals.log.UnifiedLog)
stream-state-bench-flink-kafka  | [2026-07-15 21:56:16,676] INFO Created log for partition __transaction_state-8 in /tmp/kafka-logs/__transaction_state-8 with properties {cleanup.policy=compact, compression.type="uncompressed", min.insync.replicas=1, segment.bytes=104857600, unclean.leader.election.enable=false} (kafka.log.LogManager)
stream-state-bench-flink-kafka  | [2026-07-15 21:56:16,676] INFO [Partition __transaction_state-8 broker=1] No checkpointed highwatermark is found for partition __transaction_state-8 (kafka.cluster.Partition)
stream-state-bench-flink-kafka  | [2026-07-15 21:56:16,676] INFO [Partition __transaction_state-8 broker=1] Log loaded for partition __transaction_state-8 with initial high watermark 0 (kafka.cluster.Partition)
stream-state-bench-flink-kafka  | [2026-07-15 21:56:16,682] INFO [LogLoader partition=__transaction_state-41, dir=/tmp/kafka-logs] Loading producer state till offset 0 (org.apache.kafka.storage.internals.log.UnifiedLog)
stream-state-bench-flink-kafka  | [2026-07-15 21:56:16,683] INFO Created log for partition __transaction_state-41 in /tmp/kafka-logs/__transaction_state-41 with properties {cleanup.policy=compact, compression.type="uncompressed", min.insync.replicas=1, segment.bytes=104857600, unclean.leader.election.enable=false} (kafka.log.LogManager)
stream-state-bench-flink-kafka  | [2026-07-15 21:56:16,683] INFO [Partition __transaction_state-41 broker=1] No checkpointed highwatermark is found for partition __transaction_state-41 (kafka.cluster.Partition)
stream-state-bench-flink-kafka  | [2026-07-15 21:56:16,683] INFO [Partition __transaction_state-41 broker=1] Log loaded for partition __transaction_state-41 with initial high watermark 0 (kafka.cluster.Partition)
stream-state-bench-flink-kafka  | [2026-07-15 21:56:16,690] INFO [LogLoader partition=__transaction_state-29, dir=/tmp/kafka-logs] Loading producer state till offset 0 (org.apache.kafka.storage.internals.log.UnifiedLog)
stream-state-bench-flink-kafka  | [2026-07-15 21:56:16,690] INFO Created log for partition __transaction_state-29 in /tmp/kafka-logs/__transaction_state-29 with properties {cleanup.policy=compact, compression.type="uncompressed", min.insync.replicas=1, segment.bytes=104857600, unclean.leader.election.enable=false} (kafka.log.LogManager)
stream-state-bench-flink-kafka  | [2026-07-15 21:56:16,690] INFO [Partition __transaction_state-29 broker=1] No checkpointed highwatermark is found for partition __transaction_state-29 (kafka.cluster.Partition)
stream-state-bench-flink-kafka  | [2026-07-15 21:56:16,690] INFO [Partition __transaction_state-29 broker=1] Log loaded for partition __transaction_state-29 with initial high watermark 0 (kafka.cluster.Partition)
stream-state-bench-flink-kafka  | [2026-07-15 21:56:16,697] INFO [LogLoader partition=__transaction_state-0, dir=/tmp/kafka-logs] Loading producer state till offset 0 (org.apache.kafka.storage.internals.log.UnifiedLog)
stream-state-bench-flink-kafka  | [2026-07-15 21:56:16,698] INFO Created log for partition __transaction_state-0 in /tmp/kafka-logs/__transaction_state-0 with properties {cleanup.policy=compact, compression.type="uncompressed", min.insync.replicas=1, segment.bytes=104857600, unclean.leader.election.enable=false} (kafka.log.LogManager)
stream-state-bench-flink-kafka  | [2026-07-15 21:56:16,698] INFO [Partition __transaction_state-0 broker=1] No checkpointed highwatermark is found for partition __transaction_state-0 (kafka.cluster.Partition)
stream-state-bench-flink-kafka  | [2026-07-15 21:56:16,698] INFO [Partition __transaction_state-0 broker=1] Log loaded for partition __transaction_state-0 with initial high watermark 0 (kafka.cluster.Partition)
stream-state-bench-flink-kafka  | [2026-07-15 21:56:16,706] INFO [LogLoader partition=__transaction_state-33, dir=/tmp/kafka-logs] Loading producer state till offset 0 (org.apache.kafka.storage.internals.log.UnifiedLog)
stream-state-bench-flink-kafka  | [2026-07-15 21:56:16,707] INFO Created log for partition __transaction_state-33 in /tmp/kafka-logs/__transaction_state-33 with properties {cleanup.policy=compact, compression.type="uncompressed", min.insync.replicas=1, segment.bytes=104857600, unclean.leader.election.enable=false} (kafka.log.LogManager)
stream-state-bench-flink-kafka  | [2026-07-15 21:56:16,707] INFO [Partition __transaction_state-33 broker=1] No checkpointed highwatermark is found for partition __transaction_state-33 (kafka.cluster.Partition)
stream-state-bench-flink-kafka  | [2026-07-15 21:56:16,707] INFO [Partition __transaction_state-33 broker=1] Log loaded for partition __transaction_state-33 with initial high watermark 0 (kafka.cluster.Partition)
stream-state-bench-flink-kafka  | [2026-07-15 21:56:16,714] INFO [LogLoader partition=__transaction_state-21, dir=/tmp/kafka-logs] Loading producer state till offset 0 (org.apache.kafka.storage.internals.log.UnifiedLog)
stream-state-bench-flink-kafka  | [2026-07-15 21:56:16,715] INFO Created log for partition __transaction_state-21 in /tmp/kafka-logs/__transaction_state-21 with properties {cleanup.policy=compact, compression.type="uncompressed", min.insync.replicas=1, segment.bytes=104857600, unclean.leader.election.enable=false} (kafka.log.LogManager)
stream-state-bench-flink-kafka  | [2026-07-15 21:56:16,715] INFO [Partition __transaction_state-21 broker=1] No checkpointed highwatermark is found for partition __transaction_state-21 (kafka.cluster.Partition)
stream-state-bench-flink-kafka  | [2026-07-15 21:56:16,715] INFO [Partition __transaction_state-21 broker=1] Log loaded for partition __transaction_state-21 with initial high watermark 0 (kafka.cluster.Partition)
stream-state-bench-flink-kafka  | [2026-07-15 21:56:16,724] INFO [LogLoader partition=__transaction_state-25, dir=/tmp/kafka-logs] Loading producer state till offset 0 (org.apache.kafka.storage.internals.log.UnifiedLog)
stream-state-bench-flink-kafka  | [2026-07-15 21:56:16,725] INFO Created log for partition __transaction_state-25 in /tmp/kafka-logs/__transaction_state-25 with properties {cleanup.policy=compact, compression.type="uncompressed", min.insync.replicas=1, segment.bytes=104857600, unclean.leader.election.enable=false} (kafka.log.LogManager)
stream-state-bench-flink-kafka  | [2026-07-15 21:56:16,725] INFO [Partition __transaction_state-25 broker=1] No checkpointed highwatermark is found for partition __transaction_state-25 (kafka.cluster.Partition)
stream-state-bench-flink-kafka  | [2026-07-15 21:56:16,725] INFO [Partition __transaction_state-25 broker=1] Log loaded for partition __transaction_state-25 with initial high watermark 0 (kafka.cluster.Partition)
stream-state-bench-flink-kafka  | [2026-07-15 21:56:16,732] INFO [LogLoader partition=__transaction_state-11, dir=/tmp/kafka-logs] Loading producer state till offset 0 (org.apache.kafka.storage.internals.log.UnifiedLog)
stream-state-bench-flink-kafka  | [2026-07-15 21:56:16,732] INFO Created log for partition __transaction_state-11 in /tmp/kafka-logs/__transaction_state-11 with properties {cleanup.policy=compact, compression.type="uncompressed", min.insync.replicas=1, segment.bytes=104857600, unclean.leader.election.enable=false} (kafka.log.LogManager)
stream-state-bench-flink-kafka  | [2026-07-15 21:56:16,732] INFO [Partition __transaction_state-11 broker=1] No checkpointed highwatermark is found for partition __transaction_state-11 (kafka.cluster.Partition)
stream-state-bench-flink-kafka  | [2026-07-15 21:56:16,733] INFO [Partition __transaction_state-11 broker=1] Log loaded for partition __transaction_state-11 with initial high watermark 0 (kafka.cluster.Partition)
stream-state-bench-flink-kafka  | [2026-07-15 21:56:16,738] INFO [LogLoader partition=__transaction_state-44, dir=/tmp/kafka-logs] Loading producer state till offset 0 (org.apache.kafka.storage.internals.log.UnifiedLog)
stream-state-bench-flink-kafka  | [2026-07-15 21:56:16,739] INFO Created log for partition __transaction_state-44 in /tmp/kafka-logs/__transaction_state-44 with properties {cleanup.policy=compact, compression.type="uncompressed", min.insync.replicas=1, segment.bytes=104857600, unclean.leader.election.enable=false} (kafka.log.LogManager)
stream-state-bench-flink-kafka  | [2026-07-15 21:56:16,739] INFO [Partition __transaction_state-44 broker=1] No checkpointed highwatermark is found for partition __transaction_state-44 (kafka.cluster.Partition)
stream-state-bench-flink-kafka  | [2026-07-15 21:56:16,739] INFO [Partition __transaction_state-44 broker=1] Log loaded for partition __transaction_state-44 with initial high watermark 0 (kafka.cluster.Partition)
stream-state-bench-flink-kafka  | [2026-07-15 21:56:16,745] INFO [LogLoader partition=__transaction_state-15, dir=/tmp/kafka-logs] Loading producer state till offset 0 (org.apache.kafka.storage.internals.log.UnifiedLog)
stream-state-bench-flink-kafka  | [2026-07-15 21:56:16,745] INFO Created log for partition __transaction_state-15 in /tmp/kafka-logs/__transaction_state-15 with properties {cleanup.policy=compact, compression.type="uncompressed", min.insync.replicas=1, segment.bytes=104857600, unclean.leader.election.enable=false} (kafka.log.LogManager)
stream-state-bench-flink-kafka  | [2026-07-15 21:56:16,745] INFO [Partition __transaction_state-15 broker=1] No checkpointed highwatermark is found for partition __transaction_state-15 (kafka.cluster.Partition)
stream-state-bench-flink-kafka  | [2026-07-15 21:56:16,745] INFO [Partition __transaction_state-15 broker=1] Log loaded for partition __transaction_state-15 with initial high watermark 0 (kafka.cluster.Partition)
stream-state-bench-flink-kafka  | [2026-07-15 21:56:16,751] INFO [LogLoader partition=__transaction_state-48, dir=/tmp/kafka-logs] Loading producer state till offset 0 (org.apache.kafka.storage.internals.log.UnifiedLog)
stream-state-bench-flink-kafka  | [2026-07-15 21:56:16,752] INFO Created log for partition __transaction_state-48 in /tmp/kafka-logs/__transaction_state-48 with properties {cleanup.policy=compact, compression.type="uncompressed", min.insync.replicas=1, segment.bytes=104857600, unclean.leader.election.enable=false} (kafka.log.LogManager)
stream-state-bench-flink-kafka  | [2026-07-15 21:56:16,752] INFO [Partition __transaction_state-48 broker=1] No checkpointed highwatermark is found for partition __transaction_state-48 (kafka.cluster.Partition)
stream-state-bench-flink-kafka  | [2026-07-15 21:56:16,752] INFO [Partition __transaction_state-48 broker=1] Log loaded for partition __transaction_state-48 with initial high watermark 0 (kafka.cluster.Partition)
stream-state-bench-flink-kafka  | [2026-07-15 21:56:16,757] INFO [LogLoader partition=__transaction_state-3, dir=/tmp/kafka-logs] Loading producer state till offset 0 (org.apache.kafka.storage.internals.log.UnifiedLog)
stream-state-bench-flink-kafka  | [2026-07-15 21:56:16,758] INFO Created log for partition __transaction_state-3 in /tmp/kafka-logs/__transaction_state-3 with properties {cleanup.policy=compact, compression.type="uncompressed", min.insync.replicas=1, segment.bytes=104857600, unclean.leader.election.enable=false} (kafka.log.LogManager)
stream-state-bench-flink-kafka  | [2026-07-15 21:56:16,758] INFO [Partition __transaction_state-3 broker=1] No checkpointed highwatermark is found for partition __transaction_state-3 (kafka.cluster.Partition)
stream-state-bench-flink-kafka  | [2026-07-15 21:56:16,758] INFO [Partition __transaction_state-3 broker=1] Log loaded for partition __transaction_state-3 with initial high watermark 0 (kafka.cluster.Partition)
stream-state-bench-flink-kafka  | [2026-07-15 21:56:16,764] INFO [LogLoader partition=__transaction_state-36, dir=/tmp/kafka-logs] Loading producer state till offset 0 (org.apache.kafka.storage.internals.log.UnifiedLog)
stream-state-bench-flink-kafka  | [2026-07-15 21:56:16,765] INFO Created log for partition __transaction_state-36 in /tmp/kafka-logs/__transaction_state-36 with properties {cleanup.policy=compact, compression.type="uncompressed", min.insync.replicas=1, segment.bytes=104857600, unclean.leader.election.enable=false} (kafka.log.LogManager)
stream-state-bench-flink-kafka  | [2026-07-15 21:56:16,765] INFO [Partition __transaction_state-36 broker=1] No checkpointed highwatermark is found for partition __transaction_state-36 (kafka.cluster.Partition)
stream-state-bench-flink-kafka  | [2026-07-15 21:56:16,765] INFO [Partition __transaction_state-36 broker=1] Log loaded for partition __transaction_state-36 with initial high watermark 0 (kafka.cluster.Partition)
stream-state-bench-flink-kafka  | [2026-07-15 21:56:16,771] INFO [LogLoader partition=__transaction_state-7, dir=/tmp/kafka-logs] Loading producer state till offset 0 (org.apache.kafka.storage.internals.log.UnifiedLog)
stream-state-bench-flink-kafka  | [2026-07-15 21:56:16,771] INFO Created log for partition __transaction_state-7 in /tmp/kafka-logs/__transaction_state-7 with properties {cleanup.policy=compact, compression.type="uncompressed", min.insync.replicas=1, segment.bytes=104857600, unclean.leader.election.enable=false} (kafka.log.LogManager)
stream-state-bench-flink-kafka  | [2026-07-15 21:56:16,771] INFO [Partition __transaction_state-7 broker=1] No checkpointed highwatermark is found for partition __transaction_state-7 (kafka.cluster.Partition)
stream-state-bench-flink-kafka  | [2026-07-15 21:56:16,771] INFO [Partition __transaction_state-7 broker=1] Log loaded for partition __transaction_state-7 with initial high watermark 0 (kafka.cluster.Partition)
stream-state-bench-flink-kafka  | [2026-07-15 21:56:16,776] INFO [LogLoader partition=__transaction_state-40, dir=/tmp/kafka-logs] Loading producer state till offset 0 (org.apache.kafka.storage.internals.log.UnifiedLog)
stream-state-bench-flink-kafka  | [2026-07-15 21:56:16,777] INFO Created log for partition __transaction_state-40 in /tmp/kafka-logs/__transaction_state-40 with properties {cleanup.policy=compact, compression.type="uncompressed", min.insync.replicas=1, segment.bytes=104857600, unclean.leader.election.enable=false} (kafka.log.LogManager)
stream-state-bench-flink-kafka  | [2026-07-15 21:56:16,777] INFO [Partition __transaction_state-40 broker=1] No checkpointed highwatermark is found for partition __transaction_state-40 (kafka.cluster.Partition)
stream-state-bench-flink-kafka  | [2026-07-15 21:56:16,777] INFO [Partition __transaction_state-40 broker=1] Log loaded for partition __transaction_state-40 with initial high watermark 0 (kafka.cluster.Partition)
stream-state-bench-flink-kafka  | [2026-07-15 21:56:16,783] INFO [LogLoader partition=__transaction_state-28, dir=/tmp/kafka-logs] Loading producer state till offset 0 (org.apache.kafka.storage.internals.log.UnifiedLog)
stream-state-bench-flink-kafka  | [2026-07-15 21:56:16,790] INFO Created log for partition __transaction_state-28 in /tmp/kafka-logs/__transaction_state-28 with properties {cleanup.policy=compact, compression.type="uncompressed", min.insync.replicas=1, segment.bytes=104857600, unclean.leader.election.enable=false} (kafka.log.LogManager)
stream-state-bench-flink-kafka  | [2026-07-15 21:56:16,790] INFO [Partition __transaction_state-28 broker=1] No checkpointed highwatermark is found for partition __transaction_state-28 (kafka.cluster.Partition)
stream-state-bench-flink-kafka  | [2026-07-15 21:56:16,790] INFO [Partition __transaction_state-28 broker=1] Log loaded for partition __transaction_state-28 with initial high watermark 0 (kafka.cluster.Partition)
stream-state-bench-flink-kafka  | [2026-07-15 21:56:16,797] INFO [LogLoader partition=__transaction_state-32, dir=/tmp/kafka-logs] Loading producer state till offset 0 (org.apache.kafka.storage.internals.log.UnifiedLog)
stream-state-bench-flink-kafka  | [2026-07-15 21:56:16,797] INFO Created log for partition __transaction_state-32 in /tmp/kafka-logs/__transaction_state-32 with properties {cleanup.policy=compact, compression.type="uncompressed", min.insync.replicas=1, segment.bytes=104857600, unclean.leader.election.enable=false} (kafka.log.LogManager)
stream-state-bench-flink-kafka  | [2026-07-15 21:56:16,797] INFO [Partition __transaction_state-32 broker=1] No checkpointed highwatermark is found for partition __transaction_state-32 (kafka.cluster.Partition)
stream-state-bench-flink-kafka  | [2026-07-15 21:56:16,797] INFO [Partition __transaction_state-32 broker=1] Log loaded for partition __transaction_state-32 with initial high watermark 0 (kafka.cluster.Partition)
stream-state-bench-flink-kafka  | [2026-07-15 21:56:16,803] INFO [LogLoader partition=__transaction_state-20, dir=/tmp/kafka-logs] Loading producer state till offset 0 (org.apache.kafka.storage.internals.log.UnifiedLog)
stream-state-bench-flink-kafka  | [2026-07-15 21:56:16,804] INFO Created log for partition __transaction_state-20 in /tmp/kafka-logs/__transaction_state-20 with properties {cleanup.policy=compact, compression.type="uncompressed", min.insync.replicas=1, segment.bytes=104857600, unclean.leader.election.enable=false} (kafka.log.LogManager)
stream-state-bench-flink-kafka  | [2026-07-15 21:56:16,804] INFO [Partition __transaction_state-20 broker=1] No checkpointed highwatermark is found for partition __transaction_state-20 (kafka.cluster.Partition)
stream-state-bench-flink-kafka  | [2026-07-15 21:56:16,804] INFO [Partition __transaction_state-20 broker=1] Log loaded for partition __transaction_state-20 with initial high watermark 0 (kafka.cluster.Partition)
stream-state-bench-flink-kafka  | [2026-07-15 21:56:16,810] INFO [LogLoader partition=__transaction_state-24, dir=/tmp/kafka-logs] Loading producer state till offset 0 (org.apache.kafka.storage.internals.log.UnifiedLog)
stream-state-bench-flink-kafka  | [2026-07-15 21:56:16,810] INFO Created log for partition __transaction_state-24 in /tmp/kafka-logs/__transaction_state-24 with properties {cleanup.policy=compact, compression.type="uncompressed", min.insync.replicas=1, segment.bytes=104857600, unclean.leader.election.enable=false} (kafka.log.LogManager)
stream-state-bench-flink-kafka  | [2026-07-15 21:56:16,810] INFO [Partition __transaction_state-24 broker=1] No checkpointed highwatermark is found for partition __transaction_state-24 (kafka.cluster.Partition)
stream-state-bench-flink-kafka  | [2026-07-15 21:56:16,810] INFO [Partition __transaction_state-24 broker=1] Log loaded for partition __transaction_state-24 with initial high watermark 0 (kafka.cluster.Partition)
stream-state-bench-flink-kafka  | [2026-07-15 21:56:16,816] INFO [LogLoader partition=__transaction_state-10, dir=/tmp/kafka-logs] Loading producer state till offset 0 (org.apache.kafka.storage.internals.log.UnifiedLog)
stream-state-bench-flink-kafka  | [2026-07-15 21:56:16,816] INFO Created log for partition __transaction_state-10 in /tmp/kafka-logs/__transaction_state-10 with properties {cleanup.policy=compact, compression.type="uncompressed", min.insync.replicas=1, segment.bytes=104857600, unclean.leader.election.enable=false} (kafka.log.LogManager)
stream-state-bench-flink-kafka  | [2026-07-15 21:56:16,816] INFO [Partition __transaction_state-10 broker=1] No checkpointed highwatermark is found for partition __transaction_state-10 (kafka.cluster.Partition)
stream-state-bench-flink-kafka  | [2026-07-15 21:56:16,816] INFO [Partition __transaction_state-10 broker=1] Log loaded for partition __transaction_state-10 with initial high watermark 0 (kafka.cluster.Partition)
stream-state-bench-flink-kafka  | [2026-07-15 21:56:16,821] INFO [LogLoader partition=__transaction_state-43, dir=/tmp/kafka-logs] Loading producer state till offset 0 (org.apache.kafka.storage.internals.log.UnifiedLog)
stream-state-bench-flink-kafka  | [2026-07-15 21:56:16,822] INFO Created log for partition __transaction_state-43 in /tmp/kafka-logs/__transaction_state-43 with properties {cleanup.policy=compact, compression.type="uncompressed", min.insync.replicas=1, segment.bytes=104857600, unclean.leader.election.enable=false} (kafka.log.LogManager)
stream-state-bench-flink-kafka  | [2026-07-15 21:56:16,822] INFO [Partition __transaction_state-43 broker=1] No checkpointed highwatermark is found for partition __transaction_state-43 (kafka.cluster.Partition)
stream-state-bench-flink-kafka  | [2026-07-15 21:56:16,822] INFO [Partition __transaction_state-43 broker=1] Log loaded for partition __transaction_state-43 with initial high watermark 0 (kafka.cluster.Partition)
stream-state-bench-flink-kafka  | [2026-07-15 21:56:16,827] INFO [LogLoader partition=__transaction_state-14, dir=/tmp/kafka-logs] Loading producer state till offset 0 (org.apache.kafka.storage.internals.log.UnifiedLog)
stream-state-bench-flink-kafka  | [2026-07-15 21:56:16,828] INFO Created log for partition __transaction_state-14 in /tmp/kafka-logs/__transaction_state-14 with properties {cleanup.policy=compact, compression.type="uncompressed", min.insync.replicas=1, segment.bytes=104857600, unclean.leader.election.enable=false} (kafka.log.LogManager)
stream-state-bench-flink-kafka  | [2026-07-15 21:56:16,828] INFO [Partition __transaction_state-14 broker=1] No checkpointed highwatermark is found for partition __transaction_state-14 (kafka.cluster.Partition)
stream-state-bench-flink-kafka  | [2026-07-15 21:56:16,828] INFO [Partition __transaction_state-14 broker=1] Log loaded for partition __transaction_state-14 with initial high watermark 0 (kafka.cluster.Partition)
stream-state-bench-flink-kafka  | [2026-07-15 21:56:16,834] INFO [LogLoader partition=__transaction_state-47, dir=/tmp/kafka-logs] Loading producer state till offset 0 (org.apache.kafka.storage.internals.log.UnifiedLog)
stream-state-bench-flink-kafka  | [2026-07-15 21:56:16,834] INFO Created log for partition __transaction_state-47 in /tmp/kafka-logs/__transaction_state-47 with properties {cleanup.policy=compact, compression.type="uncompressed", min.insync.replicas=1, segment.bytes=104857600, unclean.leader.election.enable=false} (kafka.log.LogManager)
stream-state-bench-flink-kafka  | [2026-07-15 21:56:16,834] INFO [Partition __transaction_state-47 broker=1] No checkpointed highwatermark is found for partition __transaction_state-47 (kafka.cluster.Partition)
stream-state-bench-flink-kafka  | [2026-07-15 21:56:16,834] INFO [Partition __transaction_state-47 broker=1] Log loaded for partition __transaction_state-47 with initial high watermark 0 (kafka.cluster.Partition)
stream-state-bench-flink-kafka  | [2026-07-15 21:56:16,840] INFO [LogLoader partition=__transaction_state-2, dir=/tmp/kafka-logs] Loading producer state till offset 0 (org.apache.kafka.storage.internals.log.UnifiedLog)
stream-state-bench-flink-kafka  | [2026-07-15 21:56:16,840] INFO Created log for partition __transaction_state-2 in /tmp/kafka-logs/__transaction_state-2 with properties {cleanup.policy=compact, compression.type="uncompressed", min.insync.replicas=1, segment.bytes=104857600, unclean.leader.election.enable=false} (kafka.log.LogManager)
stream-state-bench-flink-kafka  | [2026-07-15 21:56:16,840] INFO [Partition __transaction_state-2 broker=1] No checkpointed highwatermark is found for partition __transaction_state-2 (kafka.cluster.Partition)
stream-state-bench-flink-kafka  | [2026-07-15 21:56:16,840] INFO [Partition __transaction_state-2 broker=1] Log loaded for partition __transaction_state-2 with initial high watermark 0 (kafka.cluster.Partition)
stream-state-bench-flink-kafka  | [2026-07-15 21:56:16,847] INFO [LogLoader partition=__transaction_state-35, dir=/tmp/kafka-logs] Loading producer state till offset 0 (org.apache.kafka.storage.internals.log.UnifiedLog)
stream-state-bench-flink-kafka  | [2026-07-15 21:56:16,847] INFO Created log for partition __transaction_state-35 in /tmp/kafka-logs/__transaction_state-35 with properties {cleanup.policy=compact, compression.type="uncompressed", min.insync.replicas=1, segment.bytes=104857600, unclean.leader.election.enable=false} (kafka.log.LogManager)
stream-state-bench-flink-kafka  | [2026-07-15 21:56:16,847] INFO [Partition __transaction_state-35 broker=1] No checkpointed highwatermark is found for partition __transaction_state-35 (kafka.cluster.Partition)
stream-state-bench-flink-kafka  | [2026-07-15 21:56:16,848] INFO [Partition __transaction_state-35 broker=1] Log loaded for partition __transaction_state-35 with initial high watermark 0 (kafka.cluster.Partition)
stream-state-bench-flink-kafka  | [2026-07-15 21:56:16,854] INFO [LogLoader partition=__transaction_state-6, dir=/tmp/kafka-logs] Loading producer state till offset 0 (org.apache.kafka.storage.internals.log.UnifiedLog)
stream-state-bench-flink-kafka  | [2026-07-15 21:56:16,855] INFO Created log for partition __transaction_state-6 in /tmp/kafka-logs/__transaction_state-6 with properties {cleanup.policy=compact, compression.type="uncompressed", min.insync.replicas=1, segment.bytes=104857600, unclean.leader.election.enable=false} (kafka.log.LogManager)
stream-state-bench-flink-kafka  | [2026-07-15 21:56:16,855] INFO [Partition __transaction_state-6 broker=1] No checkpointed highwatermark is found for partition __transaction_state-6 (kafka.cluster.Partition)
stream-state-bench-flink-kafka  | [2026-07-15 21:56:16,855] INFO [Partition __transaction_state-6 broker=1] Log loaded for partition __transaction_state-6 with initial high watermark 0 (kafka.cluster.Partition)
stream-state-bench-flink-kafka  | [2026-07-15 21:56:16,861] INFO [LogLoader partition=__transaction_state-39, dir=/tmp/kafka-logs] Loading producer state till offset 0 (org.apache.kafka.storage.internals.log.UnifiedLog)
stream-state-bench-flink-kafka  | [2026-07-15 21:56:16,862] INFO Created log for partition __transaction_state-39 in /tmp/kafka-logs/__transaction_state-39 with properties {cleanup.policy=compact, compression.type="uncompressed", min.insync.replicas=1, segment.bytes=104857600, unclean.leader.election.enable=false} (kafka.log.LogManager)
stream-state-bench-flink-kafka  | [2026-07-15 21:56:16,862] INFO [Partition __transaction_state-39 broker=1] No checkpointed highwatermark is found for partition __transaction_state-39 (kafka.cluster.Partition)
stream-state-bench-flink-kafka  | [2026-07-15 21:56:16,862] INFO [Partition __transaction_state-39 broker=1] Log loaded for partition __transaction_state-39 with initial high watermark 0 (kafka.cluster.Partition)
stream-state-bench-flink-kafka  | [2026-07-15 21:56:16,870] INFO [LogLoader partition=__transaction_state-27, dir=/tmp/kafka-logs] Loading producer state till offset 0 (org.apache.kafka.storage.internals.log.UnifiedLog)
stream-state-bench-flink-kafka  | [2026-07-15 21:56:16,871] INFO Created log for partition __transaction_state-27 in /tmp/kafka-logs/__transaction_state-27 with properties {cleanup.policy=compact, compression.type="uncompressed", min.insync.replicas=1, segment.bytes=104857600, unclean.leader.election.enable=false} (kafka.log.LogManager)
stream-state-bench-flink-kafka  | [2026-07-15 21:56:16,871] INFO [Partition __transaction_state-27 broker=1] No checkpointed highwatermark is found for partition __transaction_state-27 (kafka.cluster.Partition)
stream-state-bench-flink-kafka  | [2026-07-15 21:56:16,871] INFO [Partition __transaction_state-27 broker=1] Log loaded for partition __transaction_state-27 with initial high watermark 0 (kafka.cluster.Partition)
stream-state-bench-flink-kafka  | [2026-07-15 21:56:16,878] INFO [LogLoader partition=__transaction_state-31, dir=/tmp/kafka-logs] Loading producer state till offset 0 (org.apache.kafka.storage.internals.log.UnifiedLog)
stream-state-bench-flink-kafka  | [2026-07-15 21:56:16,878] INFO Created log for partition __transaction_state-31 in /tmp/kafka-logs/__transaction_state-31 with properties {cleanup.policy=compact, compression.type="uncompressed", min.insync.replicas=1, segment.bytes=104857600, unclean.leader.election.enable=false} (kafka.log.LogManager)
stream-state-bench-flink-kafka  | [2026-07-15 21:56:16,878] INFO [Partition __transaction_state-31 broker=1] No checkpointed highwatermark is found for partition __transaction_state-31 (kafka.cluster.Partition)
stream-state-bench-flink-kafka  | [2026-07-15 21:56:16,878] INFO [Partition __transaction_state-31 broker=1] Log loaded for partition __transaction_state-31 with initial high watermark 0 (kafka.cluster.Partition)
stream-state-bench-flink-kafka  | [2026-07-15 21:56:16,884] INFO [LogLoader partition=__transaction_state-19, dir=/tmp/kafka-logs] Loading producer state till offset 0 (org.apache.kafka.storage.internals.log.UnifiedLog)
stream-state-bench-flink-kafka  | [2026-07-15 21:56:16,885] INFO Created log for partition __transaction_state-19 in /tmp/kafka-logs/__transaction_state-19 with properties {cleanup.policy=compact, compression.type="uncompressed", min.insync.replicas=1, segment.bytes=104857600, unclean.leader.election.enable=false} (kafka.log.LogManager)
stream-state-bench-flink-kafka  | [2026-07-15 21:56:16,885] INFO [Partition __transaction_state-19 broker=1] No checkpointed highwatermark is found for partition __transaction_state-19 (kafka.cluster.Partition)
stream-state-bench-flink-kafka  | [2026-07-15 21:56:16,885] INFO [Partition __transaction_state-19 broker=1] Log loaded for partition __transaction_state-19 with initial high watermark 0 (kafka.cluster.Partition)
stream-state-bench-flink-kafka  | [2026-07-15 21:56:16,891] INFO [LogLoader partition=__transaction_state-23, dir=/tmp/kafka-logs] Loading producer state till offset 0 (org.apache.kafka.storage.internals.log.UnifiedLog)
stream-state-bench-flink-kafka  | [2026-07-15 21:56:16,891] INFO Created log for partition __transaction_state-23 in /tmp/kafka-logs/__transaction_state-23 with properties {cleanup.policy=compact, compression.type="uncompressed", min.insync.replicas=1, segment.bytes=104857600, unclean.leader.election.enable=false} (kafka.log.LogManager)
stream-state-bench-flink-kafka  | [2026-07-15 21:56:16,892] INFO [Partition __transaction_state-23 broker=1] No checkpointed highwatermark is found for partition __transaction_state-23 (kafka.cluster.Partition)
stream-state-bench-flink-kafka  | [2026-07-15 21:56:16,892] INFO [Partition __transaction_state-23 broker=1] Log loaded for partition __transaction_state-23 with initial high watermark 0 (kafka.cluster.Partition)
stream-state-bench-flink-kafka  | [2026-07-15 21:56:16,898] INFO [TransactionCoordinator id=1] Elected as the txn coordinator for partition 42 at epoch 0 (kafka.coordinator.transaction.TransactionCoordinator)
stream-state-bench-flink-kafka  | [2026-07-15 21:56:16,907] INFO [TransactionCoordinator id=1] Elected as the txn coordinator for partition 13 at epoch 0 (kafka.coordinator.transaction.TransactionCoordinator)
stream-state-bench-flink-kafka  | [2026-07-15 21:56:16,908] INFO [TransactionCoordinator id=1] Elected as the txn coordinator for partition 46 at epoch 0 (kafka.coordinator.transaction.TransactionCoordinator)
stream-state-bench-flink-kafka  | [2026-07-15 21:56:16,908] INFO [TransactionCoordinator id=1] Elected as the txn coordinator for partition 17 at epoch 0 (kafka.coordinator.transaction.TransactionCoordinator)
stream-state-bench-flink-kafka  | [2026-07-15 21:56:16,908] INFO [TransactionCoordinator id=1] Elected as the txn coordinator for partition 34 at epoch 0 (kafka.coordinator.transaction.TransactionCoordinator)
stream-state-bench-flink-kafka  | [2026-07-15 21:56:16,908] INFO [TransactionCoordinator id=1] Elected as the txn coordinator for partition 5 at epoch 0 (kafka.coordinator.transaction.TransactionCoordinator)
stream-state-bench-flink-kafka  | [2026-07-15 21:56:16,908] INFO [Transaction State Manager 1]: Loading transaction metadata from __transaction_state-42 at epoch 0 (kafka.coordinator.transaction.TransactionStateManager)
stream-state-bench-flink-kafka  | [2026-07-15 21:56:16,908] INFO [TransactionCoordinator id=1] Elected as the txn coordinator for partition 38 at epoch 0 (kafka.coordinator.transaction.TransactionCoordinator)
stream-state-bench-flink-kafka  | [2026-07-15 21:56:16,908] INFO [TransactionCoordinator id=1] Elected as the txn coordinator for partition 9 at epoch 0 (kafka.coordinator.transaction.TransactionCoordinator)
stream-state-bench-flink-kafka  | [2026-07-15 21:56:16,909] INFO [TransactionCoordinator id=1] Elected as the txn coordinator for partition 26 at epoch 0 (kafka.coordinator.transaction.TransactionCoordinator)
stream-state-bench-flink-kafka  | [2026-07-15 21:56:16,909] INFO [TransactionCoordinator id=1] Elected as the txn coordinator for partition 30 at epoch 0 (kafka.coordinator.transaction.TransactionCoordinator)
stream-state-bench-flink-kafka  | [2026-07-15 21:56:16,909] INFO [TransactionCoordinator id=1] Elected as the txn coordinator for partition 1 at epoch 0 (kafka.coordinator.transaction.TransactionCoordinator)
stream-state-bench-flink-kafka  | [2026-07-15 21:56:16,909] INFO [TransactionCoordinator id=1] Elected as the txn coordinator for partition 18 at epoch 0 (kafka.coordinator.transaction.TransactionCoordinator)
stream-state-bench-flink-kafka  | [2026-07-15 21:56:16,909] INFO [TransactionCoordinator id=1] Elected as the txn coordinator for partition 22 at epoch 0 (kafka.coordinator.transaction.TransactionCoordinator)
stream-state-bench-flink-kafka  | [2026-07-15 21:56:16,909] INFO [TransactionCoordinator id=1] Elected as the txn coordinator for partition 12 at epoch 0 (kafka.coordinator.transaction.TransactionCoordinator)
stream-state-bench-flink-kafka  | [2026-07-15 21:56:16,909] INFO [TransactionCoordinator id=1] Elected as the txn coordinator for partition 45 at epoch 0 (kafka.coordinator.transaction.TransactionCoordinator)
stream-state-bench-flink-kafka  | [2026-07-15 21:56:16,909] INFO [TransactionCoordinator id=1] Elected as the txn coordinator for partition 16 at epoch 0 (kafka.coordinator.transaction.TransactionCoordinator)
stream-state-bench-flink-kafka  | [2026-07-15 21:56:16,909] INFO [TransactionCoordinator id=1] Elected as the txn coordinator for partition 49 at epoch 0 (kafka.coordinator.transaction.TransactionCoordinator)
stream-state-bench-flink-kafka  | [2026-07-15 21:56:16,909] INFO [TransactionCoordinator id=1] Elected as the txn coordinator for partition 4 at epoch 0 (kafka.coordinator.transaction.TransactionCoordinator)
stream-state-bench-flink-kafka  | [2026-07-15 21:56:16,909] INFO [TransactionCoordinator id=1] Elected as the txn coordinator for partition 37 at epoch 0 (kafka.coordinator.transaction.TransactionCoordinator)
stream-state-bench-flink-kafka  | [2026-07-15 21:56:16,909] INFO [TransactionCoordinator id=1] Elected as the txn coordinator for partition 8 at epoch 0 (kafka.coordinator.transaction.TransactionCoordinator)
stream-state-bench-flink-kafka  | [2026-07-15 21:56:16,909] INFO [TransactionCoordinator id=1] Elected as the txn coordinator for partition 41 at epoch 0 (kafka.coordinator.transaction.TransactionCoordinator)
stream-state-bench-flink-kafka  | [2026-07-15 21:56:16,909] INFO [TransactionCoordinator id=1] Elected as the txn coordinator for partition 29 at epoch 0 (kafka.coordinator.transaction.TransactionCoordinator)
stream-state-bench-flink-kafka  | [2026-07-15 21:56:16,909] INFO [TransactionCoordinator id=1] Elected as the txn coordinator for partition 0 at epoch 0 (kafka.coordinator.transaction.TransactionCoordinator)
stream-state-bench-flink-kafka  | [2026-07-15 21:56:16,910] INFO [TransactionCoordinator id=1] Elected as the txn coordinator for partition 33 at epoch 0 (kafka.coordinator.transaction.TransactionCoordinator)
stream-state-bench-flink-kafka  | [2026-07-15 21:56:16,910] INFO [TransactionCoordinator id=1] Elected as the txn coordinator for partition 21 at epoch 0 (kafka.coordinator.transaction.TransactionCoordinator)
stream-state-bench-flink-kafka  | [2026-07-15 21:56:16,910] INFO [TransactionCoordinator id=1] Elected as the txn coordinator for partition 25 at epoch 0 (kafka.coordinator.transaction.TransactionCoordinator)
stream-state-bench-flink-kafka  | [2026-07-15 21:56:16,910] INFO [TransactionCoordinator id=1] Elected as the txn coordinator for partition 11 at epoch 0 (kafka.coordinator.transaction.TransactionCoordinator)
stream-state-bench-flink-kafka  | [2026-07-15 21:56:16,910] INFO [TransactionCoordinator id=1] Elected as the txn coordinator for partition 44 at epoch 0 (kafka.coordinator.transaction.TransactionCoordinator)
stream-state-bench-flink-kafka  | [2026-07-15 21:56:16,910] INFO [TransactionCoordinator id=1] Elected as the txn coordinator for partition 15 at epoch 0 (kafka.coordinator.transaction.TransactionCoordinator)
stream-state-bench-flink-kafka  | [2026-07-15 21:56:16,910] INFO [TransactionCoordinator id=1] Elected as the txn coordinator for partition 48 at epoch 0 (kafka.coordinator.transaction.TransactionCoordinator)
stream-state-bench-flink-kafka  | [2026-07-15 21:56:16,910] INFO [TransactionCoordinator id=1] Elected as the txn coordinator for partition 3 at epoch 0 (kafka.coordinator.transaction.TransactionCoordinator)
stream-state-bench-flink-kafka  | [2026-07-15 21:56:16,910] INFO [TransactionCoordinator id=1] Elected as the txn coordinator for partition 36 at epoch 0 (kafka.coordinator.transaction.TransactionCoordinator)
stream-state-bench-flink-kafka  | [2026-07-15 21:56:16,910] INFO [TransactionCoordinator id=1] Elected as the txn coordinator for partition 7 at epoch 0 (kafka.coordinator.transaction.TransactionCoordinator)
stream-state-bench-flink-kafka  | [2026-07-15 21:56:16,910] INFO [TransactionCoordinator id=1] Elected as the txn coordinator for partition 40 at epoch 0 (kafka.coordinator.transaction.TransactionCoordinator)
stream-state-bench-flink-kafka  | [2026-07-15 21:56:16,910] INFO [TransactionCoordinator id=1] Elected as the txn coordinator for partition 28 at epoch 0 (kafka.coordinator.transaction.TransactionCoordinator)
stream-state-bench-flink-kafka  | [2026-07-15 21:56:16,910] INFO [TransactionCoordinator id=1] Elected as the txn coordinator for partition 32 at epoch 0 (kafka.coordinator.transaction.TransactionCoordinator)
stream-state-bench-flink-kafka  | [2026-07-15 21:56:16,911] INFO [TransactionCoordinator id=1] Elected as the txn coordinator for partition 20 at epoch 0 (kafka.coordinator.transaction.TransactionCoordinator)
stream-state-bench-flink-kafka  | [2026-07-15 21:56:16,911] INFO [TransactionCoordinator id=1] Elected as the txn coordinator for partition 24 at epoch 0 (kafka.coordinator.transaction.TransactionCoordinator)
stream-state-bench-flink-kafka  | [2026-07-15 21:56:16,911] INFO [TransactionCoordinator id=1] Elected as the txn coordinator for partition 10 at epoch 0 (kafka.coordinator.transaction.TransactionCoordinator)
stream-state-bench-flink-kafka  | [2026-07-15 21:56:16,911] INFO [TransactionCoordinator id=1] Elected as the txn coordinator for partition 43 at epoch 0 (kafka.coordinator.transaction.TransactionCoordinator)
stream-state-bench-flink-kafka  | [2026-07-15 21:56:16,911] INFO [TransactionCoordinator id=1] Elected as the txn coordinator for partition 14 at epoch 0 (kafka.coordinator.transaction.TransactionCoordinator)
stream-state-bench-flink-kafka  | [2026-07-15 21:56:16,911] INFO [TransactionCoordinator id=1] Elected as the txn coordinator for partition 47 at epoch 0 (kafka.coordinator.transaction.TransactionCoordinator)
stream-state-bench-flink-kafka  | [2026-07-15 21:56:16,911] INFO [TransactionCoordinator id=1] Elected as the txn coordinator for partition 2 at epoch 0 (kafka.coordinator.transaction.TransactionCoordinator)
stream-state-bench-flink-kafka  | [2026-07-15 21:56:16,911] INFO [TransactionCoordinator id=1] Elected as the txn coordinator for partition 35 at epoch 0 (kafka.coordinator.transaction.TransactionCoordinator)
stream-state-bench-flink-kafka  | [2026-07-15 21:56:16,911] INFO [TransactionCoordinator id=1] Elected as the txn coordinator for partition 6 at epoch 0 (kafka.coordinator.transaction.TransactionCoordinator)
stream-state-bench-flink-kafka  | [2026-07-15 21:56:16,911] INFO [TransactionCoordinator id=1] Elected as the txn coordinator for partition 39 at epoch 0 (kafka.coordinator.transaction.TransactionCoordinator)
stream-state-bench-flink-kafka  | [2026-07-15 21:56:16,911] INFO [TransactionCoordinator id=1] Elected as the txn coordinator for partition 27 at epoch 0 (kafka.coordinator.transaction.TransactionCoordinator)
stream-state-bench-flink-kafka  | [2026-07-15 21:56:16,911] INFO [TransactionCoordinator id=1] Elected as the txn coordinator for partition 31 at epoch 0 (kafka.coordinator.transaction.TransactionCoordinator)
stream-state-bench-flink-kafka  | [2026-07-15 21:56:16,911] INFO [TransactionCoordinator id=1] Elected as the txn coordinator for partition 19 at epoch 0 (kafka.coordinator.transaction.TransactionCoordinator)
stream-state-bench-flink-kafka  | [2026-07-15 21:56:16,912] INFO [TransactionCoordinator id=1] Elected as the txn coordinator for partition 23 at epoch 0 (kafka.coordinator.transaction.TransactionCoordinator)
stream-state-bench-flink-kafka  | [2026-07-15 21:56:16,913] INFO [DynamicConfigPublisher broker id=1] Updating topic __transaction_state with new configuration : compression.type -> uncompressed,cleanup.policy -> compact,min.insync.replicas -> 1,segment.bytes -> 104857600,unclean.leader.election.enable -> false (kafka.server.metadata.DynamicConfigPublisher)
stream-state-bench-flink-kafka  | [2026-07-15 21:56:16,915] INFO [Transaction State Manager 1]: Finished loading 0 transaction metadata from __transaction_state-42 in 3 milliseconds, of which 1 milliseconds was spent in the scheduler. (kafka.coordinator.transaction.TransactionStateManager)
stream-state-bench-flink-kafka  | [2026-07-15 21:56:16,920] INFO [Transaction State Manager 1]: Completed loading transaction metadata from __transaction_state-42 for coordinator epoch 0 (kafka.coordinator.transaction.TransactionStateManager)
stream-state-bench-flink-kafka  | [2026-07-15 21:56:16,920] INFO [Transaction State Manager 1]: Loading transaction metadata from __transaction_state-13 at epoch 0 (kafka.coordinator.transaction.TransactionStateManager)
stream-state-bench-flink-kafka  | [2026-07-15 21:56:16,920] INFO [Transaction State Manager 1]: Finished loading 0 transaction metadata from __transaction_state-13 in 12 milliseconds, of which 12 milliseconds was spent in the scheduler. (kafka.coordinator.transaction.TransactionStateManager)
stream-state-bench-flink-kafka  | [2026-07-15 21:56:16,921] INFO [Transaction State Manager 1]: Completed loading transaction metadata from __transaction_state-13 for coordinator epoch 0 (kafka.coordinator.transaction.TransactionStateManager)
stream-state-bench-flink-kafka  | [2026-07-15 21:56:16,921] INFO [Transaction State Manager 1]: Loading transaction metadata from __transaction_state-46 at epoch 0 (kafka.coordinator.transaction.TransactionStateManager)
stream-state-bench-flink-kafka  | [2026-07-15 21:56:16,921] INFO [Transaction State Manager 1]: Finished loading 0 transaction metadata from __transaction_state-46 in 13 milliseconds, of which 13 milliseconds was spent in the scheduler. (kafka.coordinator.transaction.TransactionStateManager)
stream-state-bench-flink-kafka  | [2026-07-15 21:56:16,921] INFO [Transaction State Manager 1]: Completed loading transaction metadata from __transaction_state-46 for coordinator epoch 0 (kafka.coordinator.transaction.TransactionStateManager)
stream-state-bench-flink-kafka  | [2026-07-15 21:56:16,921] INFO [Transaction State Manager 1]: Loading transaction metadata from __transaction_state-17 at epoch 0 (kafka.coordinator.transaction.TransactionStateManager)
stream-state-bench-flink-kafka  | [2026-07-15 21:56:16,921] INFO [Transaction State Manager 1]: Finished loading 0 transaction metadata from __transaction_state-17 in 13 milliseconds, of which 13 milliseconds was spent in the scheduler. (kafka.coordinator.transaction.TransactionStateManager)
stream-state-bench-flink-kafka  | [2026-07-15 21:56:16,921] INFO [Transaction State Manager 1]: Completed loading transaction metadata from __transaction_state-17 for coordinator epoch 0 (kafka.coordinator.transaction.TransactionStateManager)
stream-state-bench-flink-kafka  | [2026-07-15 21:56:16,921] INFO [Transaction State Manager 1]: Loading transaction metadata from __transaction_state-34 at epoch 0 (kafka.coordinator.transaction.TransactionStateManager)
stream-state-bench-flink-kafka  | [2026-07-15 21:56:16,921] INFO [Transaction State Manager 1]: Finished loading 0 transaction metadata from __transaction_state-34 in 13 milliseconds, of which 13 milliseconds was spent in the scheduler. (kafka.coordinator.transaction.TransactionStateManager)
stream-state-bench-flink-kafka  | [2026-07-15 21:56:16,921] INFO [Transaction State Manager 1]: Completed loading transaction metadata from __transaction_state-34 for coordinator epoch 0 (kafka.coordinator.transaction.TransactionStateManager)
stream-state-bench-flink-kafka  | [2026-07-15 21:56:16,921] INFO [Transaction State Manager 1]: Loading transaction metadata from __transaction_state-5 at epoch 0 (kafka.coordinator.transaction.TransactionStateManager)
stream-state-bench-flink-kafka  | [2026-07-15 21:56:16,921] INFO [Transaction State Manager 1]: Finished loading 0 transaction metadata from __transaction_state-5 in 13 milliseconds, of which 13 milliseconds was spent in the scheduler. (kafka.coordinator.transaction.TransactionStateManager)
stream-state-bench-flink-kafka  | [2026-07-15 21:56:16,921] INFO [Transaction State Manager 1]: Completed loading transaction metadata from __transaction_state-5 for coordinator epoch 0 (kafka.coordinator.transaction.TransactionStateManager)
stream-state-bench-flink-kafka  | [2026-07-15 21:56:16,921] INFO [Transaction State Manager 1]: Loading transaction metadata from __transaction_state-38 at epoch 0 (kafka.coordinator.transaction.TransactionStateManager)
stream-state-bench-flink-kafka  | [2026-07-15 21:56:16,921] INFO [Transaction State Manager 1]: Finished loading 0 transaction metadata from __transaction_state-38 in 13 milliseconds, of which 13 milliseconds was spent in the scheduler. (kafka.coordinator.transaction.TransactionStateManager)
stream-state-bench-flink-kafka  | [2026-07-15 21:56:16,922] INFO [Transaction State Manager 1]: Completed loading transaction metadata from __transaction_state-38 for coordinator epoch 0 (kafka.coordinator.transaction.TransactionStateManager)
stream-state-bench-flink-kafka  | [2026-07-15 21:56:16,922] INFO [Transaction State Manager 1]: Loading transaction metadata from __transaction_state-9 at epoch 0 (kafka.coordinator.transaction.TransactionStateManager)
stream-state-bench-flink-kafka  | [2026-07-15 21:56:16,922] INFO [Transaction State Manager 1]: Finished loading 0 transaction metadata from __transaction_state-9 in 14 milliseconds, of which 14 milliseconds was spent in the scheduler. (kafka.coordinator.transaction.TransactionStateManager)
stream-state-bench-flink-kafka  | [2026-07-15 21:56:16,922] INFO [Transaction State Manager 1]: Completed loading transaction metadata from __transaction_state-9 for coordinator epoch 0 (kafka.coordinator.transaction.TransactionStateManager)
stream-state-bench-flink-kafka  | [2026-07-15 21:56:16,922] INFO [Transaction State Manager 1]: Loading transaction metadata from __transaction_state-26 at epoch 0 (kafka.coordinator.transaction.TransactionStateManager)
stream-state-bench-flink-kafka  | [2026-07-15 21:56:16,922] INFO [Transaction State Manager 1]: Finished loading 0 transaction metadata from __transaction_state-26 in 13 milliseconds, of which 13 milliseconds was spent in the scheduler. (kafka.coordinator.transaction.TransactionStateManager)
stream-state-bench-flink-kafka  | [2026-07-15 21:56:16,922] INFO [Transaction State Manager 1]: Completed loading transaction metadata from __transaction_state-26 for coordinator epoch 0 (kafka.coordinator.transaction.TransactionStateManager)
stream-state-bench-flink-kafka  | [2026-07-15 21:56:16,922] INFO [Transaction State Manager 1]: Loading transaction metadata from __transaction_state-30 at epoch 0 (kafka.coordinator.transaction.TransactionStateManager)
stream-state-bench-flink-kafka  | [2026-07-15 21:56:16,922] INFO [Transaction State Manager 1]: Finished loading 0 transaction metadata from __transaction_state-30 in 13 milliseconds, of which 13 milliseconds was spent in the scheduler. (kafka.coordinator.transaction.TransactionStateManager)
stream-state-bench-flink-kafka  | [2026-07-15 21:56:16,922] INFO [Transaction State Manager 1]: Completed loading transaction metadata from __transaction_state-30 for coordinator epoch 0 (kafka.coordinator.transaction.TransactionStateManager)
stream-state-bench-flink-kafka  | [2026-07-15 21:56:16,922] INFO [Transaction State Manager 1]: Loading transaction metadata from __transaction_state-1 at epoch 0 (kafka.coordinator.transaction.TransactionStateManager)
stream-state-bench-flink-kafka  | [2026-07-15 21:56:16,922] INFO [Transaction State Manager 1]: Finished loading 0 transaction metadata from __transaction_state-1 in 13 milliseconds, of which 13 milliseconds was spent in the scheduler. (kafka.coordinator.transaction.TransactionStateManager)
stream-state-bench-flink-kafka  | [2026-07-15 21:56:16,922] INFO [Transaction State Manager 1]: Completed loading transaction metadata from __transaction_state-1 for coordinator epoch 0 (kafka.coordinator.transaction.TransactionStateManager)
stream-state-bench-flink-kafka  | [2026-07-15 21:56:16,922] INFO [Transaction State Manager 1]: Loading transaction metadata from __transaction_state-18 at epoch 0 (kafka.coordinator.transaction.TransactionStateManager)
stream-state-bench-flink-kafka  | [2026-07-15 21:56:16,922] INFO [Transaction State Manager 1]: Finished loading 0 transaction metadata from __transaction_state-18 in 13 milliseconds, of which 13 milliseconds was spent in the scheduler. (kafka.coordinator.transaction.TransactionStateManager)
stream-state-bench-flink-kafka  | [2026-07-15 21:56:16,922] INFO [Transaction State Manager 1]: Completed loading transaction metadata from __transaction_state-18 for coordinator epoch 0 (kafka.coordinator.transaction.TransactionStateManager)
stream-state-bench-flink-kafka  | [2026-07-15 21:56:16,922] INFO [Transaction State Manager 1]: Loading transaction metadata from __transaction_state-22 at epoch 0 (kafka.coordinator.transaction.TransactionStateManager)
stream-state-bench-flink-kafka  | [2026-07-15 21:56:16,922] INFO [Transaction State Manager 1]: Finished loading 0 transaction metadata from __transaction_state-22 in 13 milliseconds, of which 13 milliseconds was spent in the scheduler. (kafka.coordinator.transaction.TransactionStateManager)
stream-state-bench-flink-kafka  | [2026-07-15 21:56:16,923] INFO [Transaction State Manager 1]: Completed loading transaction metadata from __transaction_state-22 for coordinator epoch 0 (kafka.coordinator.transaction.TransactionStateManager)
stream-state-bench-flink-kafka  | [2026-07-15 21:56:16,923] INFO [Transaction State Manager 1]: Loading transaction metadata from __transaction_state-12 at epoch 0 (kafka.coordinator.transaction.TransactionStateManager)
stream-state-bench-flink-kafka  | [2026-07-15 21:56:16,923] INFO [Transaction State Manager 1]: Finished loading 0 transaction metadata from __transaction_state-12 in 14 milliseconds, of which 14 milliseconds was spent in the scheduler. (kafka.coordinator.transaction.TransactionStateManager)
stream-state-bench-flink-kafka  | [2026-07-15 21:56:16,923] INFO [Transaction State Manager 1]: Completed loading transaction metadata from __transaction_state-12 for coordinator epoch 0 (kafka.coordinator.transaction.TransactionStateManager)
stream-state-bench-flink-kafka  | [2026-07-15 21:56:16,923] INFO [Transaction State Manager 1]: Loading transaction metadata from __transaction_state-45 at epoch 0 (kafka.coordinator.transaction.TransactionStateManager)
stream-state-bench-flink-kafka  | [2026-07-15 21:56:16,923] INFO [Transaction State Manager 1]: Finished loading 0 transaction metadata from __transaction_state-45 in 14 milliseconds, of which 14 milliseconds was spent in the scheduler. (kafka.coordinator.transaction.TransactionStateManager)
stream-state-bench-flink-kafka  | [2026-07-15 21:56:16,923] INFO [Transaction State Manager 1]: Completed loading transaction metadata from __transaction_state-45 for coordinator epoch 0 (kafka.coordinator.transaction.TransactionStateManager)
stream-state-bench-flink-kafka  | [2026-07-15 21:56:16,923] INFO [Transaction State Manager 1]: Loading transaction metadata from __transaction_state-16 at epoch 0 (kafka.coordinator.transaction.TransactionStateManager)
stream-state-bench-flink-kafka  | [2026-07-15 21:56:16,923] INFO [Transaction State Manager 1]: Finished loading 0 transaction metadata from __transaction_state-16 in 14 milliseconds, of which 14 milliseconds was spent in the scheduler. (kafka.coordinator.transaction.TransactionStateManager)
stream-state-bench-flink-kafka  | [2026-07-15 21:56:16,923] INFO [Transaction State Manager 1]: Completed loading transaction metadata from __transaction_state-16 for coordinator epoch 0 (kafka.coordinator.transaction.TransactionStateManager)
stream-state-bench-flink-kafka  | [2026-07-15 21:56:16,923] INFO [Transaction State Manager 1]: Loading transaction metadata from __transaction_state-49 at epoch 0 (kafka.coordinator.transaction.TransactionStateManager)
stream-state-bench-flink-kafka  | [2026-07-15 21:56:16,923] INFO [Transaction State Manager 1]: Finished loading 0 transaction metadata from __transaction_state-49 in 14 milliseconds, of which 14 milliseconds was spent in the scheduler. (kafka.coordinator.transaction.TransactionStateManager)
stream-state-bench-flink-kafka  | [2026-07-15 21:56:16,923] INFO [Transaction State Manager 1]: Completed loading transaction metadata from __transaction_state-49 for coordinator epoch 0 (kafka.coordinator.transaction.TransactionStateManager)
stream-state-bench-flink-kafka  | [2026-07-15 21:56:16,923] INFO [Transaction State Manager 1]: Loading transaction metadata from __transaction_state-4 at epoch 0 (kafka.coordinator.transaction.TransactionStateManager)
stream-state-bench-flink-kafka  | [2026-07-15 21:56:16,923] INFO [Transaction State Manager 1]: Finished loading 0 transaction metadata from __transaction_state-4 in 14 milliseconds, of which 14 milliseconds was spent in the scheduler. (kafka.coordinator.transaction.TransactionStateManager)
stream-state-bench-flink-kafka  | [2026-07-15 21:56:16,923] INFO [Transaction State Manager 1]: Completed loading transaction metadata from __transaction_state-4 for coordinator epoch 0 (kafka.coordinator.transaction.TransactionStateManager)
stream-state-bench-flink-kafka  | [2026-07-15 21:56:16,923] INFO [Transaction State Manager 1]: Loading transaction metadata from __transaction_state-37 at epoch 0 (kafka.coordinator.transaction.TransactionStateManager)
stream-state-bench-flink-kafka  | [2026-07-15 21:56:16,923] INFO [Transaction State Manager 1]: Finished loading 0 transaction metadata from __transaction_state-37 in 14 milliseconds, of which 14 milliseconds was spent in the scheduler. (kafka.coordinator.transaction.TransactionStateManager)
stream-state-bench-flink-kafka  | [2026-07-15 21:56:16,923] INFO [Transaction State Manager 1]: Completed loading transaction metadata from __transaction_state-37 for coordinator epoch 0 (kafka.coordinator.transaction.TransactionStateManager)
stream-state-bench-flink-kafka  | [2026-07-15 21:56:16,924] INFO [Transaction State Manager 1]: Loading transaction metadata from __transaction_state-8 at epoch 0 (kafka.coordinator.transaction.TransactionStateManager)
stream-state-bench-flink-kafka  | [2026-07-15 21:56:16,924] INFO [Transaction State Manager 1]: Finished loading 0 transaction metadata from __transaction_state-8 in 15 milliseconds, of which 14 milliseconds was spent in the scheduler. (kafka.coordinator.transaction.TransactionStateManager)
stream-state-bench-flink-kafka  | [2026-07-15 21:56:16,924] INFO [Transaction State Manager 1]: Completed loading transaction metadata from __transaction_state-8 for coordinator epoch 0 (kafka.coordinator.transaction.TransactionStateManager)
stream-state-bench-flink-kafka  | [2026-07-15 21:56:16,924] INFO [Transaction State Manager 1]: Loading transaction metadata from __transaction_state-41 at epoch 0 (kafka.coordinator.transaction.TransactionStateManager)
stream-state-bench-flink-kafka  | [2026-07-15 21:56:16,924] INFO [Transaction State Manager 1]: Finished loading 0 transaction metadata from __transaction_state-41 in 15 milliseconds, of which 15 milliseconds was spent in the scheduler. (kafka.coordinator.transaction.TransactionStateManager)
stream-state-bench-flink-kafka  | [2026-07-15 21:56:16,924] INFO [Transaction State Manager 1]: Completed loading transaction metadata from __transaction_state-41 for coordinator epoch 0 (kafka.coordinator.transaction.TransactionStateManager)
stream-state-bench-flink-kafka  | [2026-07-15 21:56:16,924] INFO [Transaction State Manager 1]: Loading transaction metadata from __transaction_state-29 at epoch 0 (kafka.coordinator.transaction.TransactionStateManager)
stream-state-bench-flink-kafka  | [2026-07-15 21:56:16,924] INFO [Transaction State Manager 1]: Finished loading 0 transaction metadata from __transaction_state-29 in 15 milliseconds, of which 15 milliseconds was spent in the scheduler. (kafka.coordinator.transaction.TransactionStateManager)
stream-state-bench-flink-kafka  | [2026-07-15 21:56:16,924] INFO [Transaction State Manager 1]: Completed loading transaction metadata from __transaction_state-29 for coordinator epoch 0 (kafka.coordinator.transaction.TransactionStateManager)
stream-state-bench-flink-kafka  | [2026-07-15 21:56:16,924] INFO [Transaction State Manager 1]: Loading transaction metadata from __transaction_state-0 at epoch 0 (kafka.coordinator.transaction.TransactionStateManager)
stream-state-bench-flink-kafka  | [2026-07-15 21:56:16,924] INFO [Transaction State Manager 1]: Finished loading 0 transaction metadata from __transaction_state-0 in 15 milliseconds, of which 15 milliseconds was spent in the scheduler. (kafka.coordinator.transaction.TransactionStateManager)
stream-state-bench-flink-kafka  | [2026-07-15 21:56:16,924] INFO [Transaction State Manager 1]: Completed loading transaction metadata from __transaction_state-0 for coordinator epoch 0 (kafka.coordinator.transaction.TransactionStateManager)
stream-state-bench-flink-kafka  | [2026-07-15 21:56:16,924] INFO [Transaction State Manager 1]: Loading transaction metadata from __transaction_state-33 at epoch 0 (kafka.coordinator.transaction.TransactionStateManager)
stream-state-bench-flink-kafka  | [2026-07-15 21:56:16,924] INFO [Transaction State Manager 1]: Finished loading 0 transaction metadata from __transaction_state-33 in 14 milliseconds, of which 14 milliseconds was spent in the scheduler. (kafka.coordinator.transaction.TransactionStateManager)
stream-state-bench-flink-kafka  | [2026-07-15 21:56:16,924] INFO [Transaction State Manager 1]: Completed loading transaction metadata from __transaction_state-33 for coordinator epoch 0 (kafka.coordinator.transaction.TransactionStateManager)
stream-state-bench-flink-kafka  | [2026-07-15 21:56:16,924] INFO [Transaction State Manager 1]: Loading transaction metadata from __transaction_state-21 at epoch 0 (kafka.coordinator.transaction.TransactionStateManager)
stream-state-bench-flink-kafka  | [2026-07-15 21:56:16,924] INFO [Transaction State Manager 1]: Finished loading 0 transaction metadata from __transaction_state-21 in 14 milliseconds, of which 14 milliseconds was spent in the scheduler. (kafka.coordinator.transaction.TransactionStateManager)
stream-state-bench-flink-kafka  | [2026-07-15 21:56:16,924] INFO [Transaction State Manager 1]: Completed loading transaction metadata from __transaction_state-21 for coordinator epoch 0 (kafka.coordinator.transaction.TransactionStateManager)
stream-state-bench-flink-kafka  | [2026-07-15 21:56:16,925] INFO [Transaction State Manager 1]: Loading transaction metadata from __transaction_state-25 at epoch 0 (kafka.coordinator.transaction.TransactionStateManager)
stream-state-bench-flink-kafka  | [2026-07-15 21:56:16,925] INFO [Transaction State Manager 1]: Finished loading 0 transaction metadata from __transaction_state-25 in 15 milliseconds, of which 15 milliseconds was spent in the scheduler. (kafka.coordinator.transaction.TransactionStateManager)
stream-state-bench-flink-kafka  | [2026-07-15 21:56:16,925] INFO [Transaction State Manager 1]: Completed loading transaction metadata from __transaction_state-25 for coordinator epoch 0 (kafka.coordinator.transaction.TransactionStateManager)
stream-state-bench-flink-kafka  | [2026-07-15 21:56:16,925] INFO [Transaction State Manager 1]: Loading transaction metadata from __transaction_state-11 at epoch 0 (kafka.coordinator.transaction.TransactionStateManager)
stream-state-bench-flink-kafka  | [2026-07-15 21:56:16,925] INFO [Transaction State Manager 1]: Finished loading 0 transaction metadata from __transaction_state-11 in 15 milliseconds, of which 15 milliseconds was spent in the scheduler. (kafka.coordinator.transaction.TransactionStateManager)
stream-state-bench-flink-kafka  | [2026-07-15 21:56:16,925] INFO [Transaction State Manager 1]: Completed loading transaction metadata from __transaction_state-11 for coordinator epoch 0 (kafka.coordinator.transaction.TransactionStateManager)
stream-state-bench-flink-kafka  | [2026-07-15 21:56:16,925] INFO [Transaction State Manager 1]: Loading transaction metadata from __transaction_state-44 at epoch 0 (kafka.coordinator.transaction.TransactionStateManager)
stream-state-bench-flink-kafka  | [2026-07-15 21:56:16,925] INFO [Transaction State Manager 1]: Finished loading 0 transaction metadata from __transaction_state-44 in 15 milliseconds, of which 15 milliseconds was spent in the scheduler. (kafka.coordinator.transaction.TransactionStateManager)
stream-state-bench-flink-kafka  | [2026-07-15 21:56:16,925] INFO [Transaction State Manager 1]: Completed loading transaction metadata from __transaction_state-44 for coordinator epoch 0 (kafka.coordinator.transaction.TransactionStateManager)
stream-state-bench-flink-kafka  | [2026-07-15 21:56:16,925] INFO [Transaction State Manager 1]: Loading transaction metadata from __transaction_state-15 at epoch 0 (kafka.coordinator.transaction.TransactionStateManager)
stream-state-bench-flink-kafka  | [2026-07-15 21:56:16,925] INFO [Transaction State Manager 1]: Finished loading 0 transaction metadata from __transaction_state-15 in 15 milliseconds, of which 15 milliseconds was spent in the scheduler. (kafka.coordinator.transaction.TransactionStateManager)
stream-state-bench-flink-kafka  | [2026-07-15 21:56:16,925] INFO [Transaction State Manager 1]: Completed loading transaction metadata from __transaction_state-15 for coordinator epoch 0 (kafka.coordinator.transaction.TransactionStateManager)
stream-state-bench-flink-kafka  | [2026-07-15 21:56:16,925] INFO [Transaction State Manager 1]: Loading transaction metadata from __transaction_state-48 at epoch 0 (kafka.coordinator.transaction.TransactionStateManager)
stream-state-bench-flink-kafka  | [2026-07-15 21:56:16,925] INFO [Transaction State Manager 1]: Finished loading 0 transaction metadata from __transaction_state-48 in 15 milliseconds, of which 15 milliseconds was spent in the scheduler. (kafka.coordinator.transaction.TransactionStateManager)
stream-state-bench-flink-kafka  | [2026-07-15 21:56:16,925] INFO [Transaction State Manager 1]: Completed loading transaction metadata from __transaction_state-48 for coordinator epoch 0 (kafka.coordinator.transaction.TransactionStateManager)
stream-state-bench-flink-kafka  | [2026-07-15 21:56:16,925] INFO [Transaction State Manager 1]: Loading transaction metadata from __transaction_state-3 at epoch 0 (kafka.coordinator.transaction.TransactionStateManager)
stream-state-bench-flink-kafka  | [2026-07-15 21:56:16,925] INFO [Transaction State Manager 1]: Finished loading 0 transaction metadata from __transaction_state-3 in 15 milliseconds, of which 15 milliseconds was spent in the scheduler. (kafka.coordinator.transaction.TransactionStateManager)
stream-state-bench-flink-kafka  | [2026-07-15 21:56:16,925] INFO [Transaction State Manager 1]: Completed loading transaction metadata from __transaction_state-3 for coordinator epoch 0 (kafka.coordinator.transaction.TransactionStateManager)
stream-state-bench-flink-kafka  | [2026-07-15 21:56:16,926] INFO [Transaction State Manager 1]: Loading transaction metadata from __transaction_state-36 at epoch 0 (kafka.coordinator.transaction.TransactionStateManager)
stream-state-bench-flink-kafka  | [2026-07-15 21:56:16,926] INFO [Transaction State Manager 1]: Finished loading 0 transaction metadata from __transaction_state-36 in 16 milliseconds, of which 16 milliseconds was spent in the scheduler. (kafka.coordinator.transaction.TransactionStateManager)
stream-state-bench-flink-kafka  | [2026-07-15 21:56:16,926] INFO [Transaction State Manager 1]: Completed loading transaction metadata from __transaction_state-36 for coordinator epoch 0 (kafka.coordinator.transaction.TransactionStateManager)
stream-state-bench-flink-kafka  | [2026-07-15 21:56:16,926] INFO [Transaction State Manager 1]: Loading transaction metadata from __transaction_state-7 at epoch 0 (kafka.coordinator.transaction.TransactionStateManager)
stream-state-bench-flink-kafka  | [2026-07-15 21:56:16,926] INFO [Transaction State Manager 1]: Finished loading 0 transaction metadata from __transaction_state-7 in 16 milliseconds, of which 16 milliseconds was spent in the scheduler. (kafka.coordinator.transaction.TransactionStateManager)
stream-state-bench-flink-kafka  | [2026-07-15 21:56:16,926] INFO [Transaction State Manager 1]: Completed loading transaction metadata from __transaction_state-7 for coordinator epoch 0 (kafka.coordinator.transaction.TransactionStateManager)
stream-state-bench-flink-kafka  | [2026-07-15 21:56:16,926] INFO [Transaction State Manager 1]: Loading transaction metadata from __transaction_state-40 at epoch 0 (kafka.coordinator.transaction.TransactionStateManager)
stream-state-bench-flink-kafka  | [2026-07-15 21:56:16,926] INFO [Transaction State Manager 1]: Finished loading 0 transaction metadata from __transaction_state-40 in 16 milliseconds, of which 16 milliseconds was spent in the scheduler. (kafka.coordinator.transaction.TransactionStateManager)
stream-state-bench-flink-kafka  | [2026-07-15 21:56:16,926] INFO [Transaction State Manager 1]: Completed loading transaction metadata from __transaction_state-40 for coordinator epoch 0 (kafka.coordinator.transaction.TransactionStateManager)
stream-state-bench-flink-kafka  | [2026-07-15 21:56:16,926] INFO [Transaction State Manager 1]: Loading transaction metadata from __transaction_state-28 at epoch 0 (kafka.coordinator.transaction.TransactionStateManager)
stream-state-bench-flink-kafka  | [2026-07-15 21:56:16,926] INFO [Transaction State Manager 1]: Finished loading 0 transaction metadata from __transaction_state-28 in 16 milliseconds, of which 16 milliseconds was spent in the scheduler. (kafka.coordinator.transaction.TransactionStateManager)
stream-state-bench-flink-kafka  | [2026-07-15 21:56:16,926] INFO [Transaction State Manager 1]: Completed loading transaction metadata from __transaction_state-28 for coordinator epoch 0 (kafka.coordinator.transaction.TransactionStateManager)
stream-state-bench-flink-kafka  | [2026-07-15 21:56:16,926] INFO [Transaction State Manager 1]: Loading transaction metadata from __transaction_state-32 at epoch 0 (kafka.coordinator.transaction.TransactionStateManager)
stream-state-bench-flink-kafka  | [2026-07-15 21:56:16,926] INFO [Transaction State Manager 1]: Finished loading 0 transaction metadata from __transaction_state-32 in 15 milliseconds, of which 15 milliseconds was spent in the scheduler. (kafka.coordinator.transaction.TransactionStateManager)
stream-state-bench-flink-kafka  | [2026-07-15 21:56:16,926] INFO [Transaction State Manager 1]: Completed loading transaction metadata from __transaction_state-32 for coordinator epoch 0 (kafka.coordinator.transaction.TransactionStateManager)
stream-state-bench-flink-kafka  | [2026-07-15 21:56:16,926] INFO [Transaction State Manager 1]: Loading transaction metadata from __transaction_state-20 at epoch 0 (kafka.coordinator.transaction.TransactionStateManager)
stream-state-bench-flink-kafka  | [2026-07-15 21:56:16,926] INFO [Transaction State Manager 1]: Finished loading 0 transaction metadata from __transaction_state-20 in 15 milliseconds, of which 15 milliseconds was spent in the scheduler. (kafka.coordinator.transaction.TransactionStateManager)
stream-state-bench-flink-kafka  | [2026-07-15 21:56:16,926] INFO [Transaction State Manager 1]: Completed loading transaction metadata from __transaction_state-20 for coordinator epoch 0 (kafka.coordinator.transaction.TransactionStateManager)
stream-state-bench-flink-kafka  | [2026-07-15 21:56:16,927] INFO [Transaction State Manager 1]: Loading transaction metadata from __transaction_state-24 at epoch 0 (kafka.coordinator.transaction.TransactionStateManager)
stream-state-bench-flink-kafka  | [2026-07-15 21:56:16,927] INFO [Transaction State Manager 1]: Finished loading 0 transaction metadata from __transaction_state-24 in 16 milliseconds, of which 16 milliseconds was spent in the scheduler. (kafka.coordinator.transaction.TransactionStateManager)
stream-state-bench-flink-kafka  | [2026-07-15 21:56:16,927] INFO [Transaction State Manager 1]: Completed loading transaction metadata from __transaction_state-24 for coordinator epoch 0 (kafka.coordinator.transaction.TransactionStateManager)
stream-state-bench-flink-kafka  | [2026-07-15 21:56:16,927] INFO [Transaction State Manager 1]: Loading transaction metadata from __transaction_state-10 at epoch 0 (kafka.coordinator.transaction.TransactionStateManager)
stream-state-bench-flink-kafka  | [2026-07-15 21:56:16,927] INFO [Transaction State Manager 1]: Finished loading 0 transaction metadata from __transaction_state-10 in 16 milliseconds, of which 16 milliseconds was spent in the scheduler. (kafka.coordinator.transaction.TransactionStateManager)
stream-state-bench-flink-kafka  | [2026-07-15 21:56:16,927] INFO [Transaction State Manager 1]: Completed loading transaction metadata from __transaction_state-10 for coordinator epoch 0 (kafka.coordinator.transaction.TransactionStateManager)
stream-state-bench-flink-kafka  | [2026-07-15 21:56:16,927] INFO [Transaction State Manager 1]: Loading transaction metadata from __transaction_state-43 at epoch 0 (kafka.coordinator.transaction.TransactionStateManager)
stream-state-bench-flink-kafka  | [2026-07-15 21:56:16,927] INFO [Transaction State Manager 1]: Finished loading 0 transaction metadata from __transaction_state-43 in 16 milliseconds, of which 16 milliseconds was spent in the scheduler. (kafka.coordinator.transaction.TransactionStateManager)
stream-state-bench-flink-kafka  | [2026-07-15 21:56:16,927] INFO [Transaction State Manager 1]: Completed loading transaction metadata from __transaction_state-43 for coordinator epoch 0 (kafka.coordinator.transaction.TransactionStateManager)
stream-state-bench-flink-kafka  | [2026-07-15 21:56:16,927] INFO [Transaction State Manager 1]: Loading transaction metadata from __transaction_state-14 at epoch 0 (kafka.coordinator.transaction.TransactionStateManager)
stream-state-bench-flink-kafka  | [2026-07-15 21:56:16,927] INFO [Transaction State Manager 1]: Finished loading 0 transaction metadata from __transaction_state-14 in 16 milliseconds, of which 16 milliseconds was spent in the scheduler. (kafka.coordinator.transaction.TransactionStateManager)
stream-state-bench-flink-kafka  | [2026-07-15 21:56:16,927] INFO [Transaction State Manager 1]: Completed loading transaction metadata from __transaction_state-14 for coordinator epoch 0 (kafka.coordinator.transaction.TransactionStateManager)
stream-state-bench-flink-kafka  | [2026-07-15 21:56:16,927] INFO [Transaction State Manager 1]: Loading transaction metadata from __transaction_state-47 at epoch 0 (kafka.coordinator.transaction.TransactionStateManager)
stream-state-bench-flink-kafka  | [2026-07-15 21:56:16,927] INFO [Transaction State Manager 1]: Finished loading 0 transaction metadata from __transaction_state-47 in 16 milliseconds, of which 16 milliseconds was spent in the scheduler. (kafka.coordinator.transaction.TransactionStateManager)
stream-state-bench-flink-kafka  | [2026-07-15 21:56:16,927] INFO [Transaction State Manager 1]: Completed loading transaction metadata from __transaction_state-47 for coordinator epoch 0 (kafka.coordinator.transaction.TransactionStateManager)
stream-state-bench-flink-kafka  | [2026-07-15 21:56:16,927] INFO [Transaction State Manager 1]: Loading transaction metadata from __transaction_state-2 at epoch 0 (kafka.coordinator.transaction.TransactionStateManager)
stream-state-bench-flink-kafka  | [2026-07-15 21:56:16,927] INFO [Transaction State Manager 1]: Finished loading 0 transaction metadata from __transaction_state-2 in 16 milliseconds, of which 16 milliseconds was spent in the scheduler. (kafka.coordinator.transaction.TransactionStateManager)
stream-state-bench-flink-kafka  | [2026-07-15 21:56:16,928] INFO [Transaction State Manager 1]: Completed loading transaction metadata from __transaction_state-2 for coordinator epoch 0 (kafka.coordinator.transaction.TransactionStateManager)
stream-state-bench-flink-kafka  | [2026-07-15 21:56:16,928] INFO [Transaction State Manager 1]: Loading transaction metadata from __transaction_state-35 at epoch 0 (kafka.coordinator.transaction.TransactionStateManager)
stream-state-bench-flink-kafka  | [2026-07-15 21:56:16,928] INFO [Transaction State Manager 1]: Finished loading 0 transaction metadata from __transaction_state-35 in 17 milliseconds, of which 17 milliseconds was spent in the scheduler. (kafka.coordinator.transaction.TransactionStateManager)
stream-state-bench-flink-kafka  | [2026-07-15 21:56:16,928] INFO [Transaction State Manager 1]: Completed loading transaction metadata from __transaction_state-35 for coordinator epoch 0 (kafka.coordinator.transaction.TransactionStateManager)
stream-state-bench-flink-kafka  | [2026-07-15 21:56:16,928] INFO [Transaction State Manager 1]: Loading transaction metadata from __transaction_state-6 at epoch 0 (kafka.coordinator.transaction.TransactionStateManager)
stream-state-bench-flink-kafka  | [2026-07-15 21:56:16,928] INFO [Transaction State Manager 1]: Finished loading 0 transaction metadata from __transaction_state-6 in 17 milliseconds, of which 17 milliseconds was spent in the scheduler. (kafka.coordinator.transaction.TransactionStateManager)
stream-state-bench-flink-kafka  | [2026-07-15 21:56:16,928] INFO [Transaction State Manager 1]: Completed loading transaction metadata from __transaction_state-6 for coordinator epoch 0 (kafka.coordinator.transaction.TransactionStateManager)
stream-state-bench-flink-kafka  | [2026-07-15 21:56:16,928] INFO [Transaction State Manager 1]: Loading transaction metadata from __transaction_state-39 at epoch 0 (kafka.coordinator.transaction.TransactionStateManager)
stream-state-bench-flink-kafka  | [2026-07-15 21:56:16,928] INFO [Transaction State Manager 1]: Finished loading 0 transaction metadata from __transaction_state-39 in 17 milliseconds, of which 17 milliseconds was spent in the scheduler. (kafka.coordinator.transaction.TransactionStateManager)
stream-state-bench-flink-kafka  | [2026-07-15 21:56:16,928] INFO [Transaction State Manager 1]: Completed loading transaction metadata from __transaction_state-39 for coordinator epoch 0 (kafka.coordinator.transaction.TransactionStateManager)
stream-state-bench-flink-kafka  | [2026-07-15 21:56:16,928] INFO [Transaction State Manager 1]: Loading transaction metadata from __transaction_state-27 at epoch 0 (kafka.coordinator.transaction.TransactionStateManager)
stream-state-bench-flink-kafka  | [2026-07-15 21:56:16,928] INFO [Transaction State Manager 1]: Finished loading 0 transaction metadata from __transaction_state-27 in 17 milliseconds, of which 17 milliseconds was spent in the scheduler. (kafka.coordinator.transaction.TransactionStateManager)
stream-state-bench-flink-kafka  | [2026-07-15 21:56:16,928] INFO [Transaction State Manager 1]: Completed loading transaction metadata from __transaction_state-27 for coordinator epoch 0 (kafka.coordinator.transaction.TransactionStateManager)
stream-state-bench-flink-kafka  | [2026-07-15 21:56:16,928] INFO [Transaction State Manager 1]: Loading transaction metadata from __transaction_state-31 at epoch 0 (kafka.coordinator.transaction.TransactionStateManager)
stream-state-bench-flink-kafka  | [2026-07-15 21:56:16,928] INFO [Transaction State Manager 1]: Finished loading 0 transaction metadata from __transaction_state-31 in 17 milliseconds, of which 17 milliseconds was spent in the scheduler. (kafka.coordinator.transaction.TransactionStateManager)
stream-state-bench-flink-kafka  | [2026-07-15 21:56:16,928] INFO [Transaction State Manager 1]: Completed loading transaction metadata from __transaction_state-31 for coordinator epoch 0 (kafka.coordinator.transaction.TransactionStateManager)
stream-state-bench-flink-kafka  | [2026-07-15 21:56:16,928] INFO [Transaction State Manager 1]: Loading transaction metadata from __transaction_state-19 at epoch 0 (kafka.coordinator.transaction.TransactionStateManager)
stream-state-bench-flink-kafka  | [2026-07-15 21:56:16,929] INFO [Transaction State Manager 1]: Finished loading 0 transaction metadata from __transaction_state-19 in 16 milliseconds, of which 16 milliseconds was spent in the scheduler. (kafka.coordinator.transaction.TransactionStateManager)
stream-state-bench-flink-kafka  | [2026-07-15 21:56:16,929] INFO [Transaction State Manager 1]: Completed loading transaction metadata from __transaction_state-19 for coordinator epoch 0 (kafka.coordinator.transaction.TransactionStateManager)
stream-state-bench-flink-kafka  | [2026-07-15 21:56:16,929] INFO [Transaction State Manager 1]: Loading transaction metadata from __transaction_state-23 at epoch 0 (kafka.coordinator.transaction.TransactionStateManager)
stream-state-bench-flink-kafka  | [2026-07-15 21:56:16,929] INFO [Transaction State Manager 1]: Finished loading 0 transaction metadata from __transaction_state-23 in 17 milliseconds, of which 17 milliseconds was spent in the scheduler. (kafka.coordinator.transaction.TransactionStateManager)
stream-state-bench-flink-kafka  | [2026-07-15 21:56:16,929] INFO [Transaction State Manager 1]: Completed loading transaction metadata from __transaction_state-23 for coordinator epoch 0 (kafka.coordinator.transaction.TransactionStateManager)
stream-state-bench-flink-kafka  | [2026-07-15 21:56:17,148] INFO [TransactionCoordinator id=1] Initialized transactionalId stream-state-bench-flink-w5-latency-0-1 with producerId 0 and producer epoch 0 on partition __transaction_state-3 (kafka.coordinator.transaction.TransactionCoordinator)
stream-state-bench-flink-kafka  | [2026-07-15 21:56:17,154] INFO [TransactionCoordinator id=1] Initialized transactionalId stream-state-bench-flink-w5-latency-0-1 with producerId 0 and producer epoch 1 on partition __transaction_state-3 (kafka.coordinator.transaction.TransactionCoordinator)
stream-state-bench-flink-kafka  | [2026-07-15 21:56:17,986] INFO [TransactionCoordinator id=1] Initialized transactionalId stream-state-bench-flink-w5-latency-0-2 with producerId 1 and producer epoch 0 on partition __transaction_state-2 (kafka.coordinator.transaction.TransactionCoordinator)
stream-state-bench-flink-kafka  | [2026-07-15 21:56:18,966] INFO [TransactionCoordinator id=1] Initialized transactionalId stream-state-bench-flink-w5-latency-0-3 with producerId 2 and producer epoch 0 on partition __transaction_state-1 (kafka.coordinator.transaction.TransactionCoordinator)
stream-state-bench-flink-kafka  | [2026-07-15 21:56:19,965] INFO [TransactionCoordinator id=1] Initialized transactionalId stream-state-bench-flink-w5-latency-0-4 with producerId 3 and producer epoch 0 on partition __transaction_state-0 (kafka.coordinator.transaction.TransactionCoordinator)
stream-state-bench-flink-kafka  | [2026-07-15 21:56:20,964] INFO [TransactionCoordinator id=1] Initialized transactionalId stream-state-bench-flink-w5-latency-0-5 with producerId 4 and producer epoch 0 on partition __transaction_state-49 (kafka.coordinator.transaction.TransactionCoordinator)
stream-state-bench-flink-kafka  | [2026-07-15 21:56:21,965] INFO [TransactionCoordinator id=1] Initialized transactionalId stream-state-bench-flink-w5-latency-0-6 with producerId 5 and producer epoch 0 on partition __transaction_state-48 (kafka.coordinator.transaction.TransactionCoordinator)
stream-state-bench-flink-kafka  | [2026-07-15 21:56:22,964] INFO [TransactionCoordinator id=1] Initialized transactionalId stream-state-bench-flink-w5-latency-0-7 with producerId 6 and producer epoch 0 on partition __transaction_state-47 (kafka.coordinator.transaction.TransactionCoordinator)
stream-state-bench-flink-kafka  | [2026-07-15 21:56:23,856] INFO Sent auto-creation request for Set(__consumer_offsets) to the active controller. (kafka.server.DefaultAutoTopicCreationManager)
stream-state-bench-flink-kafka  | [2026-07-15 21:56:23,887] INFO [ReplicaFetcherManager on broker 1] Removed fetcher for partitions Set(__consumer_offsets-13, __consumer_offsets-46, __consumer_offsets-9, __consumer_offsets-42, __consumer_offsets-21, __consumer_offsets-17, __consumer_offsets-30, __consumer_offsets-26, __consumer_offsets-5, __consumer_offsets-38, __consumer_offsets-1, __consumer_offsets-34, __consumer_offsets-16, __consumer_offsets-45, __consumer_offsets-12, __consumer_offsets-41, __consumer_offsets-24, __consumer_offsets-20, __consumer_offsets-49, __consumer_offsets-0, __consumer_offsets-29, __consumer_offsets-25, __consumer_offsets-8, __consumer_offsets-37, __consumer_offsets-4, __consumer_offsets-33, __consumer_offsets-15, __consumer_offsets-48, __consumer_offsets-11, __consumer_offsets-44, __consumer_offsets-23, __consumer_offsets-19, __consumer_offsets-32, __consumer_offsets-28, __consumer_offsets-7, __consumer_offsets-40, __consumer_offsets-3, __consumer_offsets-36, __consumer_offsets-47, __consumer_offsets-14, __consumer_offsets-43, __consumer_offsets-10, __consumer_offsets-22, __consumer_offsets-18, __consumer_offsets-31, __consumer_offsets-27, __consumer_offsets-39, __consumer_offsets-6, __consumer_offsets-35, __consumer_offsets-2) (kafka.server.ReplicaFetcherManager)
stream-state-bench-flink-kafka  | [2026-07-15 21:56:23,889] INFO [LogLoader partition=__consumer_offsets-13, dir=/tmp/kafka-logs] Loading producer state till offset 0 (org.apache.kafka.storage.internals.log.UnifiedLog)
stream-state-bench-flink-kafka  | [2026-07-15 21:56:23,889] INFO Created log for partition __consumer_offsets-13 in /tmp/kafka-logs/__consumer_offsets-13 with properties {cleanup.policy=compact, compression.type="producer", segment.bytes=104857600} (kafka.log.LogManager)
stream-state-bench-flink-kafka  | [2026-07-15 21:56:23,889] INFO [Partition __consumer_offsets-13 broker=1] No checkpointed highwatermark is found for partition __consumer_offsets-13 (kafka.cluster.Partition)
stream-state-bench-flink-kafka  | [2026-07-15 21:56:23,889] INFO [Partition __consumer_offsets-13 broker=1] Log loaded for partition __consumer_offsets-13 with initial high watermark 0 (kafka.cluster.Partition)
stream-state-bench-flink-kafka  | [2026-07-15 21:56:23,895] INFO [LogLoader partition=__consumer_offsets-46, dir=/tmp/kafka-logs] Loading producer state till offset 0 (org.apache.kafka.storage.internals.log.UnifiedLog)
stream-state-bench-flink-kafka  | [2026-07-15 21:56:23,895] INFO Created log for partition __consumer_offsets-46 in /tmp/kafka-logs/__consumer_offsets-46 with properties {cleanup.policy=compact, compression.type="producer", segment.bytes=104857600} (kafka.log.LogManager)
stream-state-bench-flink-kafka  | [2026-07-15 21:56:23,895] INFO [Partition __consumer_offsets-46 broker=1] No checkpointed highwatermark is found for partition __consumer_offsets-46 (kafka.cluster.Partition)
stream-state-bench-flink-kafka  | [2026-07-15 21:56:23,895] INFO [Partition __consumer_offsets-46 broker=1] Log loaded for partition __consumer_offsets-46 with initial high watermark 0 (kafka.cluster.Partition)
stream-state-bench-flink-kafka  | [2026-07-15 21:56:23,901] INFO [LogLoader partition=__consumer_offsets-9, dir=/tmp/kafka-logs] Loading producer state till offset 0 (org.apache.kafka.storage.internals.log.UnifiedLog)
stream-state-bench-flink-kafka  | [2026-07-15 21:56:23,901] INFO Created log for partition __consumer_offsets-9 in /tmp/kafka-logs/__consumer_offsets-9 with properties {cleanup.policy=compact, compression.type="producer", segment.bytes=104857600} (kafka.log.LogManager)
stream-state-bench-flink-kafka  | [2026-07-15 21:56:23,901] INFO [Partition __consumer_offsets-9 broker=1] No checkpointed highwatermark is found for partition __consumer_offsets-9 (kafka.cluster.Partition)
stream-state-bench-flink-kafka  | [2026-07-15 21:56:23,901] INFO [Partition __consumer_offsets-9 broker=1] Log loaded for partition __consumer_offsets-9 with initial high watermark 0 (kafka.cluster.Partition)
stream-state-bench-flink-kafka  | [2026-07-15 21:56:23,908] INFO [LogLoader partition=__consumer_offsets-42, dir=/tmp/kafka-logs] Loading producer state till offset 0 (org.apache.kafka.storage.internals.log.UnifiedLog)
stream-state-bench-flink-kafka  | [2026-07-15 21:56:23,908] INFO Created log for partition __consumer_offsets-42 in /tmp/kafka-logs/__consumer_offsets-42 with properties {cleanup.policy=compact, compression.type="producer", segment.bytes=104857600} (kafka.log.LogManager)
stream-state-bench-flink-kafka  | [2026-07-15 21:56:23,908] INFO [Partition __consumer_offsets-42 broker=1] No checkpointed highwatermark is found for partition __consumer_offsets-42 (kafka.cluster.Partition)
stream-state-bench-flink-kafka  | [2026-07-15 21:56:23,908] INFO [Partition __consumer_offsets-42 broker=1] Log loaded for partition __consumer_offsets-42 with initial high watermark 0 (kafka.cluster.Partition)
stream-state-bench-flink-kafka  | [2026-07-15 21:56:23,916] INFO [LogLoader partition=__consumer_offsets-21, dir=/tmp/kafka-logs] Loading producer state till offset 0 (org.apache.kafka.storage.internals.log.UnifiedLog)
stream-state-bench-flink-kafka  | [2026-07-15 21:56:23,917] INFO Created log for partition __consumer_offsets-21 in /tmp/kafka-logs/__consumer_offsets-21 with properties {cleanup.policy=compact, compression.type="producer", segment.bytes=104857600} (kafka.log.LogManager)
stream-state-bench-flink-kafka  | [2026-07-15 21:56:23,917] INFO [Partition __consumer_offsets-21 broker=1] No checkpointed highwatermark is found for partition __consumer_offsets-21 (kafka.cluster.Partition)
stream-state-bench-flink-kafka  | [2026-07-15 21:56:23,917] INFO [Partition __consumer_offsets-21 broker=1] Log loaded for partition __consumer_offsets-21 with initial high watermark 0 (kafka.cluster.Partition)
stream-state-bench-flink-kafka  | [2026-07-15 21:56:23,923] INFO [LogLoader partition=__consumer_offsets-17, dir=/tmp/kafka-logs] Loading producer state till offset 0 (org.apache.kafka.storage.internals.log.UnifiedLog)
stream-state-bench-flink-kafka  | [2026-07-15 21:56:23,924] INFO Created log for partition __consumer_offsets-17 in /tmp/kafka-logs/__consumer_offsets-17 with properties {cleanup.policy=compact, compression.type="producer", segment.bytes=104857600} (kafka.log.LogManager)
stream-state-bench-flink-kafka  | [2026-07-15 21:56:23,924] INFO [Partition __consumer_offsets-17 broker=1] No checkpointed highwatermark is found for partition __consumer_offsets-17 (kafka.cluster.Partition)
stream-state-bench-flink-kafka  | [2026-07-15 21:56:23,924] INFO [Partition __consumer_offsets-17 broker=1] Log loaded for partition __consumer_offsets-17 with initial high watermark 0 (kafka.cluster.Partition)
stream-state-bench-flink-kafka  | [2026-07-15 21:56:23,930] INFO [LogLoader partition=__consumer_offsets-30, dir=/tmp/kafka-logs] Loading producer state till offset 0 (org.apache.kafka.storage.internals.log.UnifiedLog)
stream-state-bench-flink-kafka  | [2026-07-15 21:56:23,931] INFO Created log for partition __consumer_offsets-30 in /tmp/kafka-logs/__consumer_offsets-30 with properties {cleanup.policy=compact, compression.type="producer", segment.bytes=104857600} (kafka.log.LogManager)
stream-state-bench-flink-kafka  | [2026-07-15 21:56:23,931] INFO [Partition __consumer_offsets-30 broker=1] No checkpointed highwatermark is found for partition __consumer_offsets-30 (kafka.cluster.Partition)
stream-state-bench-flink-kafka  | [2026-07-15 21:56:23,931] INFO [Partition __consumer_offsets-30 broker=1] Log loaded for partition __consumer_offsets-30 with initial high watermark 0 (kafka.cluster.Partition)
stream-state-bench-flink-kafka  | [2026-07-15 21:56:23,937] INFO [LogLoader partition=__consumer_offsets-26, dir=/tmp/kafka-logs] Loading producer state till offset 0 (org.apache.kafka.storage.internals.log.UnifiedLog)
stream-state-bench-flink-kafka  | [2026-07-15 21:56:23,938] INFO Created log for partition __consumer_offsets-26 in /tmp/kafka-logs/__consumer_offsets-26 with properties {cleanup.policy=compact, compression.type="producer", segment.bytes=104857600} (kafka.log.LogManager)
stream-state-bench-flink-kafka  | [2026-07-15 21:56:23,938] INFO [Partition __consumer_offsets-26 broker=1] No checkpointed highwatermark is found for partition __consumer_offsets-26 (kafka.cluster.Partition)
stream-state-bench-flink-kafka  | [2026-07-15 21:56:23,938] INFO [Partition __consumer_offsets-26 broker=1] Log loaded for partition __consumer_offsets-26 with initial high watermark 0 (kafka.cluster.Partition)
stream-state-bench-flink-kafka  | [2026-07-15 21:56:23,947] INFO [LogLoader partition=__consumer_offsets-5, dir=/tmp/kafka-logs] Loading producer state till offset 0 (org.apache.kafka.storage.internals.log.UnifiedLog)
stream-state-bench-flink-kafka  | [2026-07-15 21:56:23,948] INFO Created log for partition __consumer_offsets-5 in /tmp/kafka-logs/__consumer_offsets-5 with properties {cleanup.policy=compact, compression.type="producer", segment.bytes=104857600} (kafka.log.LogManager)
stream-state-bench-flink-kafka  | [2026-07-15 21:56:23,948] INFO [Partition __consumer_offsets-5 broker=1] No checkpointed highwatermark is found for partition __consumer_offsets-5 (kafka.cluster.Partition)
stream-state-bench-flink-kafka  | [2026-07-15 21:56:23,948] INFO [Partition __consumer_offsets-5 broker=1] Log loaded for partition __consumer_offsets-5 with initial high watermark 0 (kafka.cluster.Partition)
stream-state-bench-flink-kafka  | [2026-07-15 21:56:23,955] INFO [LogLoader partition=__consumer_offsets-38, dir=/tmp/kafka-logs] Loading producer state till offset 0 (org.apache.kafka.storage.internals.log.UnifiedLog)
stream-state-bench-flink-kafka  | [2026-07-15 21:56:23,955] INFO Created log for partition __consumer_offsets-38 in /tmp/kafka-logs/__consumer_offsets-38 with properties {cleanup.policy=compact, compression.type="producer", segment.bytes=104857600} (kafka.log.LogManager)
stream-state-bench-flink-kafka  | [2026-07-15 21:56:23,955] INFO [Partition __consumer_offsets-38 broker=1] No checkpointed highwatermark is found for partition __consumer_offsets-38 (kafka.cluster.Partition)
stream-state-bench-flink-kafka  | [2026-07-15 21:56:23,955] INFO [Partition __consumer_offsets-38 broker=1] Log loaded for partition __consumer_offsets-38 with initial high watermark 0 (kafka.cluster.Partition)
stream-state-bench-flink-kafka  | [2026-07-15 21:56:23,962] INFO [LogLoader partition=__consumer_offsets-1, dir=/tmp/kafka-logs] Loading producer state till offset 0 (org.apache.kafka.storage.internals.log.UnifiedLog)
stream-state-bench-flink-kafka  | [2026-07-15 21:56:23,962] INFO Created log for partition __consumer_offsets-1 in /tmp/kafka-logs/__consumer_offsets-1 with properties {cleanup.policy=compact, compression.type="producer", segment.bytes=104857600} (kafka.log.LogManager)
stream-state-bench-flink-kafka  | [2026-07-15 21:56:23,963] INFO [Partition __consumer_offsets-1 broker=1] No checkpointed highwatermark is found for partition __consumer_offsets-1 (kafka.cluster.Partition)
stream-state-bench-flink-kafka  | [2026-07-15 21:56:23,963] INFO [Partition __consumer_offsets-1 broker=1] Log loaded for partition __consumer_offsets-1 with initial high watermark 0 (kafka.cluster.Partition)
stream-state-bench-flink-kafka  | [2026-07-15 21:56:23,965] INFO [TransactionCoordinator id=1] Initialized transactionalId stream-state-bench-flink-w5-latency-0-8 with producerId 7 and producer epoch 0 on partition __transaction_state-46 (kafka.coordinator.transaction.TransactionCoordinator)
stream-state-bench-flink-kafka  | [2026-07-15 21:56:23,969] INFO [LogLoader partition=__consumer_offsets-34, dir=/tmp/kafka-logs] Loading producer state till offset 0 (org.apache.kafka.storage.internals.log.UnifiedLog)
stream-state-bench-flink-kafka  | [2026-07-15 21:56:23,970] INFO Created log for partition __consumer_offsets-34 in /tmp/kafka-logs/__consumer_offsets-34 with properties {cleanup.policy=compact, compression.type="producer", segment.bytes=104857600} (kafka.log.LogManager)
stream-state-bench-flink-kafka  | [2026-07-15 21:56:23,970] INFO [Partition __consumer_offsets-34 broker=1] No checkpointed highwatermark is found for partition __consumer_offsets-34 (kafka.cluster.Partition)
stream-state-bench-flink-kafka  | [2026-07-15 21:56:23,970] INFO [Partition __consumer_offsets-34 broker=1] Log loaded for partition __consumer_offsets-34 with initial high watermark 0 (kafka.cluster.Partition)
stream-state-bench-flink-kafka  | [2026-07-15 21:56:23,976] INFO [LogLoader partition=__consumer_offsets-16, dir=/tmp/kafka-logs] Loading producer state till offset 0 (org.apache.kafka.storage.internals.log.UnifiedLog)
stream-state-bench-flink-kafka  | [2026-07-15 21:56:23,976] INFO Created log for partition __consumer_offsets-16 in /tmp/kafka-logs/__consumer_offsets-16 with properties {cleanup.policy=compact, compression.type="producer", segment.bytes=104857600} (kafka.log.LogManager)
stream-state-bench-flink-kafka  | [2026-07-15 21:56:23,976] INFO [Partition __consumer_offsets-16 broker=1] No checkpointed highwatermark is found for partition __consumer_offsets-16 (kafka.cluster.Partition)
stream-state-bench-flink-kafka  | [2026-07-15 21:56:23,976] INFO [Partition __consumer_offsets-16 broker=1] Log loaded for partition __consumer_offsets-16 with initial high watermark 0 (kafka.cluster.Partition)
stream-state-bench-flink-kafka  | [2026-07-15 21:56:23,983] INFO [LogLoader partition=__consumer_offsets-45, dir=/tmp/kafka-logs] Loading producer state till offset 0 (org.apache.kafka.storage.internals.log.UnifiedLog)
stream-state-bench-flink-kafka  | [2026-07-15 21:56:23,983] INFO Created log for partition __consumer_offsets-45 in /tmp/kafka-logs/__consumer_offsets-45 with properties {cleanup.policy=compact, compression.type="producer", segment.bytes=104857600} (kafka.log.LogManager)
stream-state-bench-flink-kafka  | [2026-07-15 21:56:23,984] INFO [Partition __consumer_offsets-45 broker=1] No checkpointed highwatermark is found for partition __consumer_offsets-45 (kafka.cluster.Partition)
stream-state-bench-flink-kafka  | [2026-07-15 21:56:23,984] INFO [Partition __consumer_offsets-45 broker=1] Log loaded for partition __consumer_offsets-45 with initial high watermark 0 (kafka.cluster.Partition)
stream-state-bench-flink-kafka  | [2026-07-15 21:56:23,990] INFO [LogLoader partition=__consumer_offsets-12, dir=/tmp/kafka-logs] Loading producer state till offset 0 (org.apache.kafka.storage.internals.log.UnifiedLog)
stream-state-bench-flink-kafka  | [2026-07-15 21:56:23,991] INFO Created log for partition __consumer_offsets-12 in /tmp/kafka-logs/__consumer_offsets-12 with properties {cleanup.policy=compact, compression.type="producer", segment.bytes=104857600} (kafka.log.LogManager)
stream-state-bench-flink-kafka  | [2026-07-15 21:56:23,991] INFO [Partition __consumer_offsets-12 broker=1] No checkpointed highwatermark is found for partition __consumer_offsets-12 (kafka.cluster.Partition)
stream-state-bench-flink-kafka  | [2026-07-15 21:56:23,991] INFO [Partition __consumer_offsets-12 broker=1] Log loaded for partition __consumer_offsets-12 with initial high watermark 0 (kafka.cluster.Partition)
stream-state-bench-flink-kafka  | [2026-07-15 21:56:23,997] INFO [LogLoader partition=__consumer_offsets-41, dir=/tmp/kafka-logs] Loading producer state till offset 0 (org.apache.kafka.storage.internals.log.UnifiedLog)
stream-state-bench-flink-kafka  | [2026-07-15 21:56:23,997] INFO Created log for partition __consumer_offsets-41 in /tmp/kafka-logs/__consumer_offsets-41 with properties {cleanup.policy=compact, compression.type="producer", segment.bytes=104857600} (kafka.log.LogManager)
stream-state-bench-flink-kafka  | [2026-07-15 21:56:23,997] INFO [Partition __consumer_offsets-41 broker=1] No checkpointed highwatermark is found for partition __consumer_offsets-41 (kafka.cluster.Partition)
stream-state-bench-flink-kafka  | [2026-07-15 21:56:23,997] INFO [Partition __consumer_offsets-41 broker=1] Log loaded for partition __consumer_offsets-41 with initial high watermark 0 (kafka.cluster.Partition)
stream-state-bench-flink-kafka  | [2026-07-15 21:56:24,006] INFO [LogLoader partition=__consumer_offsets-24, dir=/tmp/kafka-logs] Loading producer state till offset 0 (org.apache.kafka.storage.internals.log.UnifiedLog)
stream-state-bench-flink-kafka  | [2026-07-15 21:56:24,007] INFO Created log for partition __consumer_offsets-24 in /tmp/kafka-logs/__consumer_offsets-24 with properties {cleanup.policy=compact, compression.type="producer", segment.bytes=104857600} (kafka.log.LogManager)
stream-state-bench-flink-kafka  | [2026-07-15 21:56:24,007] INFO [Partition __consumer_offsets-24 broker=1] No checkpointed highwatermark is found for partition __consumer_offsets-24 (kafka.cluster.Partition)
stream-state-bench-flink-kafka  | [2026-07-15 21:56:24,007] INFO [Partition __consumer_offsets-24 broker=1] Log loaded for partition __consumer_offsets-24 with initial high watermark 0 (kafka.cluster.Partition)
stream-state-bench-flink-kafka  | [2026-07-15 21:56:24,014] INFO [LogLoader partition=__consumer_offsets-20, dir=/tmp/kafka-logs] Loading producer state till offset 0 (org.apache.kafka.storage.internals.log.UnifiedLog)
stream-state-bench-flink-kafka  | [2026-07-15 21:56:24,015] INFO Created log for partition __consumer_offsets-20 in /tmp/kafka-logs/__consumer_offsets-20 with properties {cleanup.policy=compact, compression.type="producer", segment.bytes=104857600} (kafka.log.LogManager)
stream-state-bench-flink-kafka  | [2026-07-15 21:56:24,015] INFO [Partition __consumer_offsets-20 broker=1] No checkpointed highwatermark is found for partition __consumer_offsets-20 (kafka.cluster.Partition)
stream-state-bench-flink-kafka  | [2026-07-15 21:56:24,015] INFO [Partition __consumer_offsets-20 broker=1] Log loaded for partition __consumer_offsets-20 with initial high watermark 0 (kafka.cluster.Partition)
stream-state-bench-flink-kafka  | [2026-07-15 21:56:24,021] INFO [LogLoader partition=__consumer_offsets-49, dir=/tmp/kafka-logs] Loading producer state till offset 0 (org.apache.kafka.storage.internals.log.UnifiedLog)
stream-state-bench-flink-kafka  | [2026-07-15 21:56:24,021] INFO Created log for partition __consumer_offsets-49 in /tmp/kafka-logs/__consumer_offsets-49 with properties {cleanup.policy=compact, compression.type="producer", segment.bytes=104857600} (kafka.log.LogManager)
stream-state-bench-flink-kafka  | [2026-07-15 21:56:24,021] INFO [Partition __consumer_offsets-49 broker=1] No checkpointed highwatermark is found for partition __consumer_offsets-49 (kafka.cluster.Partition)
stream-state-bench-flink-kafka  | [2026-07-15 21:56:24,021] INFO [Partition __consumer_offsets-49 broker=1] Log loaded for partition __consumer_offsets-49 with initial high watermark 0 (kafka.cluster.Partition)
stream-state-bench-flink-kafka  | [2026-07-15 21:56:24,027] INFO [LogLoader partition=__consumer_offsets-0, dir=/tmp/kafka-logs] Loading producer state till offset 0 (org.apache.kafka.storage.internals.log.UnifiedLog)
stream-state-bench-flink-kafka  | [2026-07-15 21:56:24,027] INFO Created log for partition __consumer_offsets-0 in /tmp/kafka-logs/__consumer_offsets-0 with properties {cleanup.policy=compact, compression.type="producer", segment.bytes=104857600} (kafka.log.LogManager)
stream-state-bench-flink-kafka  | [2026-07-15 21:56:24,027] INFO [Partition __consumer_offsets-0 broker=1] No checkpointed highwatermark is found for partition __consumer_offsets-0 (kafka.cluster.Partition)
stream-state-bench-flink-kafka  | [2026-07-15 21:56:24,027] INFO [Partition __consumer_offsets-0 broker=1] Log loaded for partition __consumer_offsets-0 with initial high watermark 0 (kafka.cluster.Partition)
stream-state-bench-flink-kafka  | [2026-07-15 21:56:24,038] INFO [LogLoader partition=__consumer_offsets-29, dir=/tmp/kafka-logs] Loading producer state till offset 0 (org.apache.kafka.storage.internals.log.UnifiedLog)
stream-state-bench-flink-kafka  | [2026-07-15 21:56:24,039] INFO Created log for partition __consumer_offsets-29 in /tmp/kafka-logs/__consumer_offsets-29 with properties {cleanup.policy=compact, compression.type="producer", segment.bytes=104857600} (kafka.log.LogManager)
stream-state-bench-flink-kafka  | [2026-07-15 21:56:24,039] INFO [Partition __consumer_offsets-29 broker=1] No checkpointed highwatermark is found for partition __consumer_offsets-29 (kafka.cluster.Partition)
stream-state-bench-flink-kafka  | [2026-07-15 21:56:24,039] INFO [Partition __consumer_offsets-29 broker=1] Log loaded for partition __consumer_offsets-29 with initial high watermark 0 (kafka.cluster.Partition)
stream-state-bench-flink-kafka  | [2026-07-15 21:56:24,046] INFO [LogLoader partition=__consumer_offsets-25, dir=/tmp/kafka-logs] Loading producer state till offset 0 (org.apache.kafka.storage.internals.log.UnifiedLog)
stream-state-bench-flink-kafka  | [2026-07-15 21:56:24,047] INFO Created log for partition __consumer_offsets-25 in /tmp/kafka-logs/__consumer_offsets-25 with properties {cleanup.policy=compact, compression.type="producer", segment.bytes=104857600} (kafka.log.LogManager)
stream-state-bench-flink-kafka  | [2026-07-15 21:56:24,047] INFO [Partition __consumer_offsets-25 broker=1] No checkpointed highwatermark is found for partition __consumer_offsets-25 (kafka.cluster.Partition)
stream-state-bench-flink-kafka  | [2026-07-15 21:56:24,047] INFO [Partition __consumer_offsets-25 broker=1] Log loaded for partition __consumer_offsets-25 with initial high watermark 0 (kafka.cluster.Partition)
stream-state-bench-flink-kafka  | [2026-07-15 21:56:24,059] INFO [LogLoader partition=__consumer_offsets-8, dir=/tmp/kafka-logs] Loading producer state till offset 0 (org.apache.kafka.storage.internals.log.UnifiedLog)
stream-state-bench-flink-kafka  | [2026-07-15 21:56:24,060] INFO Created log for partition __consumer_offsets-8 in /tmp/kafka-logs/__consumer_offsets-8 with properties {cleanup.policy=compact, compression.type="producer", segment.bytes=104857600} (kafka.log.LogManager)
stream-state-bench-flink-kafka  | [2026-07-15 21:56:24,060] INFO [Partition __consumer_offsets-8 broker=1] No checkpointed highwatermark is found for partition __consumer_offsets-8 (kafka.cluster.Partition)
stream-state-bench-flink-kafka  | [2026-07-15 21:56:24,060] INFO [Partition __consumer_offsets-8 broker=1] Log loaded for partition __consumer_offsets-8 with initial high watermark 0 (kafka.cluster.Partition)
stream-state-bench-flink-kafka  | [2026-07-15 21:56:24,066] INFO [LogLoader partition=__consumer_offsets-37, dir=/tmp/kafka-logs] Loading producer state till offset 0 (org.apache.kafka.storage.internals.log.UnifiedLog)
stream-state-bench-flink-kafka  | [2026-07-15 21:56:24,066] INFO Created log for partition __consumer_offsets-37 in /tmp/kafka-logs/__consumer_offsets-37 with properties {cleanup.policy=compact, compression.type="producer", segment.bytes=104857600} (kafka.log.LogManager)
stream-state-bench-flink-kafka  | [2026-07-15 21:56:24,067] INFO [Partition __consumer_offsets-37 broker=1] No checkpointed highwatermark is found for partition __consumer_offsets-37 (kafka.cluster.Partition)
stream-state-bench-flink-kafka  | [2026-07-15 21:56:24,067] INFO [Partition __consumer_offsets-37 broker=1] Log loaded for partition __consumer_offsets-37 with initial high watermark 0 (kafka.cluster.Partition)
stream-state-bench-flink-kafka  | [2026-07-15 21:56:24,072] INFO [LogLoader partition=__consumer_offsets-4, dir=/tmp/kafka-logs] Loading producer state till offset 0 (org.apache.kafka.storage.internals.log.UnifiedLog)
stream-state-bench-flink-kafka  | [2026-07-15 21:56:24,073] INFO Created log for partition __consumer_offsets-4 in /tmp/kafka-logs/__consumer_offsets-4 with properties {cleanup.policy=compact, compression.type="producer", segment.bytes=104857600} (kafka.log.LogManager)
stream-state-bench-flink-kafka  | [2026-07-15 21:56:24,073] INFO [Partition __consumer_offsets-4 broker=1] No checkpointed highwatermark is found for partition __consumer_offsets-4 (kafka.cluster.Partition)
stream-state-bench-flink-kafka  | [2026-07-15 21:56:24,073] INFO [Partition __consumer_offsets-4 broker=1] Log loaded for partition __consumer_offsets-4 with initial high watermark 0 (kafka.cluster.Partition)
stream-state-bench-flink-kafka  | [2026-07-15 21:56:24,081] INFO [LogLoader partition=__consumer_offsets-33, dir=/tmp/kafka-logs] Loading producer state till offset 0 (org.apache.kafka.storage.internals.log.UnifiedLog)
stream-state-bench-flink-kafka  | [2026-07-15 21:56:24,082] INFO Created log for partition __consumer_offsets-33 in /tmp/kafka-logs/__consumer_offsets-33 with properties {cleanup.policy=compact, compression.type="producer", segment.bytes=104857600} (kafka.log.LogManager)
stream-state-bench-flink-kafka  | [2026-07-15 21:56:24,082] INFO [Partition __consumer_offsets-33 broker=1] No checkpointed highwatermark is found for partition __consumer_offsets-33 (kafka.cluster.Partition)
stream-state-bench-flink-kafka  | [2026-07-15 21:56:24,082] INFO [Partition __consumer_offsets-33 broker=1] Log loaded for partition __consumer_offsets-33 with initial high watermark 0 (kafka.cluster.Partition)
stream-state-bench-flink-kafka  | [2026-07-15 21:56:24,088] INFO [LogLoader partition=__consumer_offsets-15, dir=/tmp/kafka-logs] Loading producer state till offset 0 (org.apache.kafka.storage.internals.log.UnifiedLog)
stream-state-bench-flink-kafka  | [2026-07-15 21:56:24,088] INFO Created log for partition __consumer_offsets-15 in /tmp/kafka-logs/__consumer_offsets-15 with properties {cleanup.policy=compact, compression.type="producer", segment.bytes=104857600} (kafka.log.LogManager)
stream-state-bench-flink-kafka  | [2026-07-15 21:56:24,088] INFO [Partition __consumer_offsets-15 broker=1] No checkpointed highwatermark is found for partition __consumer_offsets-15 (kafka.cluster.Partition)
stream-state-bench-flink-kafka  | [2026-07-15 21:56:24,088] INFO [Partition __consumer_offsets-15 broker=1] Log loaded for partition __consumer_offsets-15 with initial high watermark 0 (kafka.cluster.Partition)
stream-state-bench-flink-kafka  | [2026-07-15 21:56:24,094] INFO [LogLoader partition=__consumer_offsets-48, dir=/tmp/kafka-logs] Loading producer state till offset 0 (org.apache.kafka.storage.internals.log.UnifiedLog)
stream-state-bench-flink-kafka  | [2026-07-15 21:56:24,094] INFO Created log for partition __consumer_offsets-48 in /tmp/kafka-logs/__consumer_offsets-48 with properties {cleanup.policy=compact, compression.type="producer", segment.bytes=104857600} (kafka.log.LogManager)
stream-state-bench-flink-kafka  | [2026-07-15 21:56:24,094] INFO [Partition __consumer_offsets-48 broker=1] No checkpointed highwatermark is found for partition __consumer_offsets-48 (kafka.cluster.Partition)
stream-state-bench-flink-kafka  | [2026-07-15 21:56:24,094] INFO [Partition __consumer_offsets-48 broker=1] Log loaded for partition __consumer_offsets-48 with initial high watermark 0 (kafka.cluster.Partition)
stream-state-bench-flink-kafka  | [2026-07-15 21:56:24,102] INFO [LogLoader partition=__consumer_offsets-11, dir=/tmp/kafka-logs] Loading producer state till offset 0 (org.apache.kafka.storage.internals.log.UnifiedLog)
stream-state-bench-flink-kafka  | [2026-07-15 21:56:24,103] INFO Created log for partition __consumer_offsets-11 in /tmp/kafka-logs/__consumer_offsets-11 with properties {cleanup.policy=compact, compression.type="producer", segment.bytes=104857600} (kafka.log.LogManager)
stream-state-bench-flink-kafka  | [2026-07-15 21:56:24,103] INFO [Partition __consumer_offsets-11 broker=1] No checkpointed highwatermark is found for partition __consumer_offsets-11 (kafka.cluster.Partition)
stream-state-bench-flink-kafka  | [2026-07-15 21:56:24,103] INFO [Partition __consumer_offsets-11 broker=1] Log loaded for partition __consumer_offsets-11 with initial high watermark 0 (kafka.cluster.Partition)
stream-state-bench-flink-kafka  | [2026-07-15 21:56:24,109] INFO [LogLoader partition=__consumer_offsets-44, dir=/tmp/kafka-logs] Loading producer state till offset 0 (org.apache.kafka.storage.internals.log.UnifiedLog)
stream-state-bench-flink-kafka  | [2026-07-15 21:56:24,109] INFO Created log for partition __consumer_offsets-44 in /tmp/kafka-logs/__consumer_offsets-44 with properties {cleanup.policy=compact, compression.type="producer", segment.bytes=104857600} (kafka.log.LogManager)
stream-state-bench-flink-kafka  | [2026-07-15 21:56:24,109] INFO [Partition __consumer_offsets-44 broker=1] No checkpointed highwatermark is found for partition __consumer_offsets-44 (kafka.cluster.Partition)
stream-state-bench-flink-kafka  | [2026-07-15 21:56:24,109] INFO [Partition __consumer_offsets-44 broker=1] Log loaded for partition __consumer_offsets-44 with initial high watermark 0 (kafka.cluster.Partition)
stream-state-bench-flink-kafka  | [2026-07-15 21:56:24,115] INFO [LogLoader partition=__consumer_offsets-23, dir=/tmp/kafka-logs] Loading producer state till offset 0 (org.apache.kafka.storage.internals.log.UnifiedLog)
stream-state-bench-flink-kafka  | [2026-07-15 21:56:24,116] INFO Created log for partition __consumer_offsets-23 in /tmp/kafka-logs/__consumer_offsets-23 with properties {cleanup.policy=compact, compression.type="producer", segment.bytes=104857600} (kafka.log.LogManager)
stream-state-bench-flink-kafka  | [2026-07-15 21:56:24,116] INFO [Partition __consumer_offsets-23 broker=1] No checkpointed highwatermark is found for partition __consumer_offsets-23 (kafka.cluster.Partition)
stream-state-bench-flink-kafka  | [2026-07-15 21:56:24,116] INFO [Partition __consumer_offsets-23 broker=1] Log loaded for partition __consumer_offsets-23 with initial high watermark 0 (kafka.cluster.Partition)
stream-state-bench-flink-kafka  | [2026-07-15 21:56:24,122] INFO [LogLoader partition=__consumer_offsets-19, dir=/tmp/kafka-logs] Loading producer state till offset 0 (org.apache.kafka.storage.internals.log.UnifiedLog)
stream-state-bench-flink-kafka  | [2026-07-15 21:56:24,122] INFO Created log for partition __consumer_offsets-19 in /tmp/kafka-logs/__consumer_offsets-19 with properties {cleanup.policy=compact, compression.type="producer", segment.bytes=104857600} (kafka.log.LogManager)
stream-state-bench-flink-kafka  | [2026-07-15 21:56:24,122] INFO [Partition __consumer_offsets-19 broker=1] No checkpointed highwatermark is found for partition __consumer_offsets-19 (kafka.cluster.Partition)
stream-state-bench-flink-kafka  | [2026-07-15 21:56:24,122] INFO [Partition __consumer_offsets-19 broker=1] Log loaded for partition __consumer_offsets-19 with initial high watermark 0 (kafka.cluster.Partition)
stream-state-bench-flink-kafka  | [2026-07-15 21:56:24,129] INFO [LogLoader partition=__consumer_offsets-32, dir=/tmp/kafka-logs] Loading producer state till offset 0 (org.apache.kafka.storage.internals.log.UnifiedLog)
stream-state-bench-flink-kafka  | [2026-07-15 21:56:24,129] INFO Created log for partition __consumer_offsets-32 in /tmp/kafka-logs/__consumer_offsets-32 with properties {cleanup.policy=compact, compression.type="producer", segment.bytes=104857600} (kafka.log.LogManager)
stream-state-bench-flink-kafka  | [2026-07-15 21:56:24,129] INFO [Partition __consumer_offsets-32 broker=1] No checkpointed highwatermark is found for partition __consumer_offsets-32 (kafka.cluster.Partition)
stream-state-bench-flink-kafka  | [2026-07-15 21:56:24,129] INFO [Partition __consumer_offsets-32 broker=1] Log loaded for partition __consumer_offsets-32 with initial high watermark 0 (kafka.cluster.Partition)
stream-state-bench-flink-kafka  | [2026-07-15 21:56:24,136] INFO [LogLoader partition=__consumer_offsets-28, dir=/tmp/kafka-logs] Loading producer state till offset 0 (org.apache.kafka.storage.internals.log.UnifiedLog)
stream-state-bench-flink-kafka  | [2026-07-15 21:56:24,136] INFO Created log for partition __consumer_offsets-28 in /tmp/kafka-logs/__consumer_offsets-28 with properties {cleanup.policy=compact, compression.type="producer", segment.bytes=104857600} (kafka.log.LogManager)
stream-state-bench-flink-kafka  | [2026-07-15 21:56:24,136] INFO [Partition __consumer_offsets-28 broker=1] No checkpointed highwatermark is found for partition __consumer_offsets-28 (kafka.cluster.Partition)
stream-state-bench-flink-kafka  | [2026-07-15 21:56:24,136] INFO [Partition __consumer_offsets-28 broker=1] Log loaded for partition __consumer_offsets-28 with initial high watermark 0 (kafka.cluster.Partition)
stream-state-bench-flink-kafka  | [2026-07-15 21:56:24,141] INFO [LogLoader partition=__consumer_offsets-7, dir=/tmp/kafka-logs] Loading producer state till offset 0 (org.apache.kafka.storage.internals.log.UnifiedLog)
stream-state-bench-flink-kafka  | [2026-07-15 21:56:24,141] INFO Created log for partition __consumer_offsets-7 in /tmp/kafka-logs/__consumer_offsets-7 with properties {cleanup.policy=compact, compression.type="producer", segment.bytes=104857600} (kafka.log.LogManager)
stream-state-bench-flink-kafka  | [2026-07-15 21:56:24,141] INFO [Partition __consumer_offsets-7 broker=1] No checkpointed highwatermark is found for partition __consumer_offsets-7 (kafka.cluster.Partition)
stream-state-bench-flink-kafka  | [2026-07-15 21:56:24,142] INFO [Partition __consumer_offsets-7 broker=1] Log loaded for partition __consumer_offsets-7 with initial high watermark 0 (kafka.cluster.Partition)
stream-state-bench-flink-kafka  | [2026-07-15 21:56:24,147] INFO [LogLoader partition=__consumer_offsets-40, dir=/tmp/kafka-logs] Loading producer state till offset 0 (org.apache.kafka.storage.internals.log.UnifiedLog)
stream-state-bench-flink-kafka  | [2026-07-15 21:56:24,147] INFO Created log for partition __consumer_offsets-40 in /tmp/kafka-logs/__consumer_offsets-40 with properties {cleanup.policy=compact, compression.type="producer", segment.bytes=104857600} (kafka.log.LogManager)
stream-state-bench-flink-kafka  | [2026-07-15 21:56:24,147] INFO [Partition __consumer_offsets-40 broker=1] No checkpointed highwatermark is found for partition __consumer_offsets-40 (kafka.cluster.Partition)
stream-state-bench-flink-kafka  | [2026-07-15 21:56:24,147] INFO [Partition __consumer_offsets-40 broker=1] Log loaded for partition __consumer_offsets-40 with initial high watermark 0 (kafka.cluster.Partition)
stream-state-bench-flink-kafka  | [2026-07-15 21:56:24,153] INFO [LogLoader partition=__consumer_offsets-3, dir=/tmp/kafka-logs] Loading producer state till offset 0 (org.apache.kafka.storage.internals.log.UnifiedLog)
stream-state-bench-flink-kafka  | [2026-07-15 21:56:24,153] INFO Created log for partition __consumer_offsets-3 in /tmp/kafka-logs/__consumer_offsets-3 with properties {cleanup.policy=compact, compression.type="producer", segment.bytes=104857600} (kafka.log.LogManager)
stream-state-bench-flink-kafka  | [2026-07-15 21:56:24,153] INFO [Partition __consumer_offsets-3 broker=1] No checkpointed highwatermark is found for partition __consumer_offsets-3 (kafka.cluster.Partition)
stream-state-bench-flink-kafka  | [2026-07-15 21:56:24,153] INFO [Partition __consumer_offsets-3 broker=1] Log loaded for partition __consumer_offsets-3 with initial high watermark 0 (kafka.cluster.Partition)
stream-state-bench-flink-kafka  | [2026-07-15 21:56:24,158] INFO [LogLoader partition=__consumer_offsets-36, dir=/tmp/kafka-logs] Loading producer state till offset 0 (org.apache.kafka.storage.internals.log.UnifiedLog)
stream-state-bench-flink-kafka  | [2026-07-15 21:56:24,159] INFO Created log for partition __consumer_offsets-36 in /tmp/kafka-logs/__consumer_offsets-36 with properties {cleanup.policy=compact, compression.type="producer", segment.bytes=104857600} (kafka.log.LogManager)
stream-state-bench-flink-kafka  | [2026-07-15 21:56:24,159] INFO [Partition __consumer_offsets-36 broker=1] No checkpointed highwatermark is found for partition __consumer_offsets-36 (kafka.cluster.Partition)
stream-state-bench-flink-kafka  | [2026-07-15 21:56:24,159] INFO [Partition __consumer_offsets-36 broker=1] Log loaded for partition __consumer_offsets-36 with initial high watermark 0 (kafka.cluster.Partition)
stream-state-bench-flink-kafka  | [2026-07-15 21:56:24,164] INFO [LogLoader partition=__consumer_offsets-47, dir=/tmp/kafka-logs] Loading producer state till offset 0 (org.apache.kafka.storage.internals.log.UnifiedLog)
stream-state-bench-flink-kafka  | [2026-07-15 21:56:24,164] INFO Created log for partition __consumer_offsets-47 in /tmp/kafka-logs/__consumer_offsets-47 with properties {cleanup.policy=compact, compression.type="producer", segment.bytes=104857600} (kafka.log.LogManager)
stream-state-bench-flink-kafka  | [2026-07-15 21:56:24,165] INFO [Partition __consumer_offsets-47 broker=1] No checkpointed highwatermark is found for partition __consumer_offsets-47 (kafka.cluster.Partition)
stream-state-bench-flink-kafka  | [2026-07-15 21:56:24,165] INFO [Partition __consumer_offsets-47 broker=1] Log loaded for partition __consumer_offsets-47 with initial high watermark 0 (kafka.cluster.Partition)
stream-state-bench-flink-kafka  | [2026-07-15 21:56:24,171] INFO [LogLoader partition=__consumer_offsets-14, dir=/tmp/kafka-logs] Loading producer state till offset 0 (org.apache.kafka.storage.internals.log.UnifiedLog)
stream-state-bench-flink-kafka  | [2026-07-15 21:56:24,171] INFO Created log for partition __consumer_offsets-14 in /tmp/kafka-logs/__consumer_offsets-14 with properties {cleanup.policy=compact, compression.type="producer", segment.bytes=104857600} (kafka.log.LogManager)
stream-state-bench-flink-kafka  | [2026-07-15 21:56:24,172] INFO [Partition __consumer_offsets-14 broker=1] No checkpointed highwatermark is found for partition __consumer_offsets-14 (kafka.cluster.Partition)
stream-state-bench-flink-kafka  | [2026-07-15 21:56:24,172] INFO [Partition __consumer_offsets-14 broker=1] Log loaded for partition __consumer_offsets-14 with initial high watermark 0 (kafka.cluster.Partition)
stream-state-bench-flink-kafka  | [2026-07-15 21:56:24,177] INFO [LogLoader partition=__consumer_offsets-43, dir=/tmp/kafka-logs] Loading producer state till offset 0 (org.apache.kafka.storage.internals.log.UnifiedLog)
stream-state-bench-flink-kafka  | [2026-07-15 21:56:24,177] INFO Created log for partition __consumer_offsets-43 in /tmp/kafka-logs/__consumer_offsets-43 with properties {cleanup.policy=compact, compression.type="producer", segment.bytes=104857600} (kafka.log.LogManager)
stream-state-bench-flink-kafka  | [2026-07-15 21:56:24,177] INFO [Partition __consumer_offsets-43 broker=1] No checkpointed highwatermark is found for partition __consumer_offsets-43 (kafka.cluster.Partition)
stream-state-bench-flink-kafka  | [2026-07-15 21:56:24,177] INFO [Partition __consumer_offsets-43 broker=1] Log loaded for partition __consumer_offsets-43 with initial high watermark 0 (kafka.cluster.Partition)
stream-state-bench-flink-kafka  | [2026-07-15 21:56:24,182] INFO [LogLoader partition=__consumer_offsets-10, dir=/tmp/kafka-logs] Loading producer state till offset 0 (org.apache.kafka.storage.internals.log.UnifiedLog)
stream-state-bench-flink-kafka  | [2026-07-15 21:56:24,183] INFO Created log for partition __consumer_offsets-10 in /tmp/kafka-logs/__consumer_offsets-10 with properties {cleanup.policy=compact, compression.type="producer", segment.bytes=104857600} (kafka.log.LogManager)
stream-state-bench-flink-kafka  | [2026-07-15 21:56:24,183] INFO [Partition __consumer_offsets-10 broker=1] No checkpointed highwatermark is found for partition __consumer_offsets-10 (kafka.cluster.Partition)
stream-state-bench-flink-kafka  | [2026-07-15 21:56:24,183] INFO [Partition __consumer_offsets-10 broker=1] Log loaded for partition __consumer_offsets-10 with initial high watermark 0 (kafka.cluster.Partition)
stream-state-bench-flink-kafka  | [2026-07-15 21:56:24,188] INFO [LogLoader partition=__consumer_offsets-22, dir=/tmp/kafka-logs] Loading producer state till offset 0 (org.apache.kafka.storage.internals.log.UnifiedLog)
stream-state-bench-flink-kafka  | [2026-07-15 21:56:24,189] INFO Created log for partition __consumer_offsets-22 in /tmp/kafka-logs/__consumer_offsets-22 with properties {cleanup.policy=compact, compression.type="producer", segment.bytes=104857600} (kafka.log.LogManager)
stream-state-bench-flink-kafka  | [2026-07-15 21:56:24,189] INFO [Partition __consumer_offsets-22 broker=1] No checkpointed highwatermark is found for partition __consumer_offsets-22 (kafka.cluster.Partition)
stream-state-bench-flink-kafka  | [2026-07-15 21:56:24,189] INFO [Partition __consumer_offsets-22 broker=1] Log loaded for partition __consumer_offsets-22 with initial high watermark 0 (kafka.cluster.Partition)
stream-state-bench-flink-kafka  | [2026-07-15 21:56:24,194] INFO [LogLoader partition=__consumer_offsets-18, dir=/tmp/kafka-logs] Loading producer state till offset 0 (org.apache.kafka.storage.internals.log.UnifiedLog)
stream-state-bench-flink-kafka  | [2026-07-15 21:56:24,194] INFO Created log for partition __consumer_offsets-18 in /tmp/kafka-logs/__consumer_offsets-18 with properties {cleanup.policy=compact, compression.type="producer", segment.bytes=104857600} (kafka.log.LogManager)
stream-state-bench-flink-kafka  | [2026-07-15 21:56:24,195] INFO [Partition __consumer_offsets-18 broker=1] No checkpointed highwatermark is found for partition __consumer_offsets-18 (kafka.cluster.Partition)
stream-state-bench-flink-kafka  | [2026-07-15 21:56:24,195] INFO [Partition __consumer_offsets-18 broker=1] Log loaded for partition __consumer_offsets-18 with initial high watermark 0 (kafka.cluster.Partition)
stream-state-bench-flink-kafka  | [2026-07-15 21:56:24,203] INFO [LogLoader partition=__consumer_offsets-31, dir=/tmp/kafka-logs] Loading producer state till offset 0 (org.apache.kafka.storage.internals.log.UnifiedLog)
stream-state-bench-flink-kafka  | [2026-07-15 21:56:24,203] INFO Created log for partition __consumer_offsets-31 in /tmp/kafka-logs/__consumer_offsets-31 with properties {cleanup.policy=compact, compression.type="producer", segment.bytes=104857600} (kafka.log.LogManager)
stream-state-bench-flink-kafka  | [2026-07-15 21:56:24,203] INFO [Partition __consumer_offsets-31 broker=1] No checkpointed highwatermark is found for partition __consumer_offsets-31 (kafka.cluster.Partition)
stream-state-bench-flink-kafka  | [2026-07-15 21:56:24,203] INFO [Partition __consumer_offsets-31 broker=1] Log loaded for partition __consumer_offsets-31 with initial high watermark 0 (kafka.cluster.Partition)
stream-state-bench-flink-kafka  | [2026-07-15 21:56:24,210] INFO [LogLoader partition=__consumer_offsets-27, dir=/tmp/kafka-logs] Loading producer state till offset 0 (org.apache.kafka.storage.internals.log.UnifiedLog)
stream-state-bench-flink-kafka  | [2026-07-15 21:56:24,210] INFO Created log for partition __consumer_offsets-27 in /tmp/kafka-logs/__consumer_offsets-27 with properties {cleanup.policy=compact, compression.type="producer", segment.bytes=104857600} (kafka.log.LogManager)
stream-state-bench-flink-kafka  | [2026-07-15 21:56:24,210] INFO [Partition __consumer_offsets-27 broker=1] No checkpointed highwatermark is found for partition __consumer_offsets-27 (kafka.cluster.Partition)
stream-state-bench-flink-kafka  | [2026-07-15 21:56:24,210] INFO [Partition __consumer_offsets-27 broker=1] Log loaded for partition __consumer_offsets-27 with initial high watermark 0 (kafka.cluster.Partition)
stream-state-bench-flink-kafka  | [2026-07-15 21:56:24,215] INFO [LogLoader partition=__consumer_offsets-39, dir=/tmp/kafka-logs] Loading producer state till offset 0 (org.apache.kafka.storage.internals.log.UnifiedLog)
stream-state-bench-flink-kafka  | [2026-07-15 21:56:24,216] INFO Created log for partition __consumer_offsets-39 in /tmp/kafka-logs/__consumer_offsets-39 with properties {cleanup.policy=compact, compression.type="producer", segment.bytes=104857600} (kafka.log.LogManager)
stream-state-bench-flink-kafka  | [2026-07-15 21:56:24,216] INFO [Partition __consumer_offsets-39 broker=1] No checkpointed highwatermark is found for partition __consumer_offsets-39 (kafka.cluster.Partition)
stream-state-bench-flink-kafka  | [2026-07-15 21:56:24,216] INFO [Partition __consumer_offsets-39 broker=1] Log loaded for partition __consumer_offsets-39 with initial high watermark 0 (kafka.cluster.Partition)
stream-state-bench-flink-kafka  | [2026-07-15 21:56:24,222] INFO [LogLoader partition=__consumer_offsets-6, dir=/tmp/kafka-logs] Loading producer state till offset 0 (org.apache.kafka.storage.internals.log.UnifiedLog)
stream-state-bench-flink-kafka  | [2026-07-15 21:56:24,222] INFO Created log for partition __consumer_offsets-6 in /tmp/kafka-logs/__consumer_offsets-6 with properties {cleanup.policy=compact, compression.type="producer", segment.bytes=104857600} (kafka.log.LogManager)
stream-state-bench-flink-kafka  | [2026-07-15 21:56:24,222] INFO [Partition __consumer_offsets-6 broker=1] No checkpointed highwatermark is found for partition __consumer_offsets-6 (kafka.cluster.Partition)
stream-state-bench-flink-kafka  | [2026-07-15 21:56:24,222] INFO [Partition __consumer_offsets-6 broker=1] Log loaded for partition __consumer_offsets-6 with initial high watermark 0 (kafka.cluster.Partition)
stream-state-bench-flink-kafka  | [2026-07-15 21:56:24,228] INFO [LogLoader partition=__consumer_offsets-35, dir=/tmp/kafka-logs] Loading producer state till offset 0 (org.apache.kafka.storage.internals.log.UnifiedLog)
stream-state-bench-flink-kafka  | [2026-07-15 21:56:24,229] INFO Created log for partition __consumer_offsets-35 in /tmp/kafka-logs/__consumer_offsets-35 with properties {cleanup.policy=compact, compression.type="producer", segment.bytes=104857600} (kafka.log.LogManager)
stream-state-bench-flink-kafka  | [2026-07-15 21:56:24,229] INFO [Partition __consumer_offsets-35 broker=1] No checkpointed highwatermark is found for partition __consumer_offsets-35 (kafka.cluster.Partition)
stream-state-bench-flink-kafka  | [2026-07-15 21:56:24,229] INFO [Partition __consumer_offsets-35 broker=1] Log loaded for partition __consumer_offsets-35 with initial high watermark 0 (kafka.cluster.Partition)
stream-state-bench-flink-kafka  | [2026-07-15 21:56:24,235] INFO [LogLoader partition=__consumer_offsets-2, dir=/tmp/kafka-logs] Loading producer state till offset 0 (org.apache.kafka.storage.internals.log.UnifiedLog)
stream-state-bench-flink-kafka  | [2026-07-15 21:56:24,236] INFO Created log for partition __consumer_offsets-2 in /tmp/kafka-logs/__consumer_offsets-2 with properties {cleanup.policy=compact, compression.type="producer", segment.bytes=104857600} (kafka.log.LogManager)
stream-state-bench-flink-kafka  | [2026-07-15 21:56:24,236] INFO [Partition __consumer_offsets-2 broker=1] No checkpointed highwatermark is found for partition __consumer_offsets-2 (kafka.cluster.Partition)
stream-state-bench-flink-kafka  | [2026-07-15 21:56:24,236] INFO [Partition __consumer_offsets-2 broker=1] Log loaded for partition __consumer_offsets-2 with initial high watermark 0 (kafka.cluster.Partition)
stream-state-bench-flink-kafka  | [2026-07-15 21:56:24,240] INFO [GroupCoordinator id=1] Scheduling loading of metadata from __consumer_offsets-13 with epoch 0 (org.apache.kafka.coordinator.common.runtime.CoordinatorRuntime)
stream-state-bench-flink-kafka  | [2026-07-15 21:56:24,241] INFO [GroupCoordinator id=1] Scheduling loading of metadata from __consumer_offsets-46 with epoch 0 (org.apache.kafka.coordinator.common.runtime.CoordinatorRuntime)
stream-state-bench-flink-kafka  | [2026-07-15 21:56:24,241] INFO [GroupCoordinator id=1] Scheduling loading of metadata from __consumer_offsets-9 with epoch 0 (org.apache.kafka.coordinator.common.runtime.CoordinatorRuntime)
stream-state-bench-flink-kafka  | [2026-07-15 21:56:24,241] INFO [GroupCoordinator id=1] Scheduling loading of metadata from __consumer_offsets-42 with epoch 0 (org.apache.kafka.coordinator.common.runtime.CoordinatorRuntime)
stream-state-bench-flink-kafka  | [2026-07-15 21:56:24,241] INFO [GroupCoordinator id=1] Scheduling loading of metadata from __consumer_offsets-21 with epoch 0 (org.apache.kafka.coordinator.common.runtime.CoordinatorRuntime)
stream-state-bench-flink-kafka  | [2026-07-15 21:56:24,241] INFO [GroupCoordinator id=1] Scheduling loading of metadata from __consumer_offsets-17 with epoch 0 (org.apache.kafka.coordinator.common.runtime.CoordinatorRuntime)
stream-state-bench-flink-kafka  | [2026-07-15 21:56:24,241] INFO [GroupCoordinator id=1] Scheduling loading of metadata from __consumer_offsets-30 with epoch 0 (org.apache.kafka.coordinator.common.runtime.CoordinatorRuntime)
stream-state-bench-flink-kafka  | [2026-07-15 21:56:24,242] INFO [GroupCoordinator id=1] Scheduling loading of metadata from __consumer_offsets-26 with epoch 0 (org.apache.kafka.coordinator.common.runtime.CoordinatorRuntime)
stream-state-bench-flink-kafka  | [2026-07-15 21:56:24,242] INFO [GroupCoordinator id=1] Scheduling loading of metadata from __consumer_offsets-5 with epoch 0 (org.apache.kafka.coordinator.common.runtime.CoordinatorRuntime)
stream-state-bench-flink-kafka  | [2026-07-15 21:56:24,242] INFO [GroupCoordinator id=1] Scheduling loading of metadata from __consumer_offsets-38 with epoch 0 (org.apache.kafka.coordinator.common.runtime.CoordinatorRuntime)
stream-state-bench-flink-kafka  | [2026-07-15 21:56:24,242] INFO [GroupCoordinator id=1] Scheduling loading of metadata from __consumer_offsets-1 with epoch 0 (org.apache.kafka.coordinator.common.runtime.CoordinatorRuntime)
stream-state-bench-flink-kafka  | [2026-07-15 21:56:24,242] INFO [GroupCoordinator id=1] Scheduling loading of metadata from __consumer_offsets-34 with epoch 0 (org.apache.kafka.coordinator.common.runtime.CoordinatorRuntime)
stream-state-bench-flink-kafka  | [2026-07-15 21:56:24,242] INFO [GroupCoordinator id=1] Scheduling loading of metadata from __consumer_offsets-16 with epoch 0 (org.apache.kafka.coordinator.common.runtime.CoordinatorRuntime)
stream-state-bench-flink-kafka  | [2026-07-15 21:56:24,242] INFO [GroupCoordinator id=1] Scheduling loading of metadata from __consumer_offsets-45 with epoch 0 (org.apache.kafka.coordinator.common.runtime.CoordinatorRuntime)
stream-state-bench-flink-kafka  | [2026-07-15 21:56:24,242] INFO [GroupCoordinator id=1] Scheduling loading of metadata from __consumer_offsets-12 with epoch 0 (org.apache.kafka.coordinator.common.runtime.CoordinatorRuntime)
stream-state-bench-flink-kafka  | [2026-07-15 21:56:24,242] INFO [GroupCoordinator id=1] Scheduling loading of metadata from __consumer_offsets-41 with epoch 0 (org.apache.kafka.coordinator.common.runtime.CoordinatorRuntime)
stream-state-bench-flink-kafka  | [2026-07-15 21:56:24,242] INFO [GroupCoordinator id=1] Scheduling loading of metadata from __consumer_offsets-24 with epoch 0 (org.apache.kafka.coordinator.common.runtime.CoordinatorRuntime)
stream-state-bench-flink-kafka  | [2026-07-15 21:56:24,242] INFO [GroupCoordinator id=1] Scheduling loading of metadata from __consumer_offsets-20 with epoch 0 (org.apache.kafka.coordinator.common.runtime.CoordinatorRuntime)
stream-state-bench-flink-kafka  | [2026-07-15 21:56:24,242] INFO [GroupCoordinator id=1] Scheduling loading of metadata from __consumer_offsets-49 with epoch 0 (org.apache.kafka.coordinator.common.runtime.CoordinatorRuntime)
stream-state-bench-flink-kafka  | [2026-07-15 21:56:24,243] INFO [GroupCoordinator id=1] Scheduling loading of metadata from __consumer_offsets-0 with epoch 0 (org.apache.kafka.coordinator.common.runtime.CoordinatorRuntime)
stream-state-bench-flink-kafka  | [2026-07-15 21:56:24,243] INFO [GroupCoordinator id=1] Scheduling loading of metadata from __consumer_offsets-29 with epoch 0 (org.apache.kafka.coordinator.common.runtime.CoordinatorRuntime)
stream-state-bench-flink-kafka  | [2026-07-15 21:56:24,243] INFO [GroupCoordinator id=1] Scheduling loading of metadata from __consumer_offsets-25 with epoch 0 (org.apache.kafka.coordinator.common.runtime.CoordinatorRuntime)
stream-state-bench-flink-kafka  | [2026-07-15 21:56:24,243] INFO [GroupCoordinator id=1] Scheduling loading of metadata from __consumer_offsets-8 with epoch 0 (org.apache.kafka.coordinator.common.runtime.CoordinatorRuntime)
stream-state-bench-flink-kafka  | [2026-07-15 21:56:24,243] INFO [GroupCoordinator id=1] Scheduling loading of metadata from __consumer_offsets-37 with epoch 0 (org.apache.kafka.coordinator.common.runtime.CoordinatorRuntime)
stream-state-bench-flink-kafka  | [2026-07-15 21:56:24,243] INFO [GroupCoordinator id=1] Scheduling loading of metadata from __consumer_offsets-4 with epoch 0 (org.apache.kafka.coordinator.common.runtime.CoordinatorRuntime)
stream-state-bench-flink-kafka  | [2026-07-15 21:56:24,243] INFO [GroupCoordinator id=1] Scheduling loading of metadata from __consumer_offsets-33 with epoch 0 (org.apache.kafka.coordinator.common.runtime.CoordinatorRuntime)
stream-state-bench-flink-kafka  | [2026-07-15 21:56:24,243] INFO [GroupCoordinator id=1] Scheduling loading of metadata from __consumer_offsets-15 with epoch 0 (org.apache.kafka.coordinator.common.runtime.CoordinatorRuntime)
stream-state-bench-flink-kafka  | [2026-07-15 21:56:24,244] INFO [GroupCoordinator id=1] Scheduling loading of metadata from __consumer_offsets-48 with epoch 0 (org.apache.kafka.coordinator.common.runtime.CoordinatorRuntime)
stream-state-bench-flink-kafka  | [2026-07-15 21:56:24,244] INFO [GroupCoordinator id=1] Scheduling loading of metadata from __consumer_offsets-11 with epoch 0 (org.apache.kafka.coordinator.common.runtime.CoordinatorRuntime)
stream-state-bench-flink-kafka  | [2026-07-15 21:56:24,244] INFO [GroupCoordinator id=1] Scheduling loading of metadata from __consumer_offsets-44 with epoch 0 (org.apache.kafka.coordinator.common.runtime.CoordinatorRuntime)
stream-state-bench-flink-kafka  | [2026-07-15 21:56:24,244] INFO [GroupCoordinator id=1] Scheduling loading of metadata from __consumer_offsets-23 with epoch 0 (org.apache.kafka.coordinator.common.runtime.CoordinatorRuntime)
stream-state-bench-flink-kafka  | [2026-07-15 21:56:24,244] INFO [GroupCoordinator id=1] Scheduling loading of metadata from __consumer_offsets-19 with epoch 0 (org.apache.kafka.coordinator.common.runtime.CoordinatorRuntime)
stream-state-bench-flink-kafka  | [2026-07-15 21:56:24,244] INFO [GroupCoordinator id=1] Scheduling loading of metadata from __consumer_offsets-32 with epoch 0 (org.apache.kafka.coordinator.common.runtime.CoordinatorRuntime)
stream-state-bench-flink-kafka  | [2026-07-15 21:56:24,244] INFO [GroupCoordinator id=1] Scheduling loading of metadata from __consumer_offsets-28 with epoch 0 (org.apache.kafka.coordinator.common.runtime.CoordinatorRuntime)
stream-state-bench-flink-kafka  | [2026-07-15 21:56:24,244] INFO [GroupCoordinator id=1] Scheduling loading of metadata from __consumer_offsets-7 with epoch 0 (org.apache.kafka.coordinator.common.runtime.CoordinatorRuntime)
stream-state-bench-flink-kafka  | [2026-07-15 21:56:24,245] INFO [GroupCoordinator id=1] Scheduling loading of metadata from __consumer_offsets-40 with epoch 0 (org.apache.kafka.coordinator.common.runtime.CoordinatorRuntime)
stream-state-bench-flink-kafka  | [2026-07-15 21:56:24,245] INFO [GroupCoordinator id=1] Scheduling loading of metadata from __consumer_offsets-3 with epoch 0 (org.apache.kafka.coordinator.common.runtime.CoordinatorRuntime)
stream-state-bench-flink-kafka  | [2026-07-15 21:56:24,245] INFO [GroupCoordinator id=1] Scheduling loading of metadata from __consumer_offsets-36 with epoch 0 (org.apache.kafka.coordinator.common.runtime.CoordinatorRuntime)
stream-state-bench-flink-kafka  | [2026-07-15 21:56:24,245] INFO [GroupCoordinator id=1] Scheduling loading of metadata from __consumer_offsets-47 with epoch 0 (org.apache.kafka.coordinator.common.runtime.CoordinatorRuntime)
stream-state-bench-flink-kafka  | [2026-07-15 21:56:24,245] INFO [GroupCoordinator id=1] Scheduling loading of metadata from __consumer_offsets-14 with epoch 0 (org.apache.kafka.coordinator.common.runtime.CoordinatorRuntime)
stream-state-bench-flink-kafka  | [2026-07-15 21:56:24,245] INFO [GroupCoordinator id=1] Scheduling loading of metadata from __consumer_offsets-43 with epoch 0 (org.apache.kafka.coordinator.common.runtime.CoordinatorRuntime)
stream-state-bench-flink-kafka  | [2026-07-15 21:56:24,245] INFO [GroupCoordinator id=1] Scheduling loading of metadata from __consumer_offsets-10 with epoch 0 (org.apache.kafka.coordinator.common.runtime.CoordinatorRuntime)
stream-state-bench-flink-kafka  | [2026-07-15 21:56:24,246] INFO [GroupCoordinator id=1] Scheduling loading of metadata from __consumer_offsets-22 with epoch 0 (org.apache.kafka.coordinator.common.runtime.CoordinatorRuntime)
stream-state-bench-flink-kafka  | [2026-07-15 21:56:24,246] INFO [GroupCoordinator id=1] Scheduling loading of metadata from __consumer_offsets-18 with epoch 0 (org.apache.kafka.coordinator.common.runtime.CoordinatorRuntime)
stream-state-bench-flink-kafka  | [2026-07-15 21:56:24,246] INFO [GroupCoordinator id=1] Scheduling loading of metadata from __consumer_offsets-31 with epoch 0 (org.apache.kafka.coordinator.common.runtime.CoordinatorRuntime)
stream-state-bench-flink-kafka  | [2026-07-15 21:56:24,246] INFO [GroupCoordinator id=1] Finished loading of metadata from __consumer_offsets-4 with epoch 0 in 1ms where 1ms was spent in the scheduler. Loaded 0 records which total to 0 bytes. (org.apache.kafka.coordinator.common.runtime.CoordinatorRuntime)
stream-state-bench-flink-kafka  | [2026-07-15 21:56:24,246] INFO [GroupCoordinator id=1] Finished loading of metadata from __consumer_offsets-17 with epoch 0 in 0ms where 0ms was spent in the scheduler. Loaded 0 records which total to 0 bytes. (org.apache.kafka.coordinator.common.runtime.CoordinatorRuntime)
stream-state-bench-flink-kafka  | [2026-07-15 21:56:24,246] INFO [GroupCoordinator id=1] Finished loading of metadata from __consumer_offsets-13 with epoch 0 in 1ms where 0ms was spent in the scheduler. Loaded 0 records which total to 0 bytes. (org.apache.kafka.coordinator.common.runtime.CoordinatorRuntime)
stream-state-bench-flink-kafka  | [2026-07-15 21:56:24,246] INFO [GroupCoordinator id=1] Finished loading of metadata from __consumer_offsets-44 with epoch 0 in 1ms where 1ms was spent in the scheduler. Loaded 0 records which total to 0 bytes. (org.apache.kafka.coordinator.common.runtime.CoordinatorRuntime)
stream-state-bench-flink-kafka  | [2026-07-15 21:56:24,246] INFO [GroupCoordinator id=1] Scheduling loading of metadata from __consumer_offsets-27 with epoch 0 (org.apache.kafka.coordinator.common.runtime.CoordinatorRuntime)
stream-state-bench-flink-kafka  | [2026-07-15 21:56:24,246] INFO [GroupCoordinator id=1] Finished loading of metadata from __consumer_offsets-45 with epoch 0 in 1ms where 1ms was spent in the scheduler. Loaded 0 records which total to 0 bytes. (org.apache.kafka.coordinator.common.runtime.CoordinatorRuntime)
stream-state-bench-flink-kafka  | [2026-07-15 21:56:24,246] INFO [GroupCoordinator id=1] Finished loading of metadata from __consumer_offsets-20 with epoch 0 in 1ms where 1ms was spent in the scheduler. Loaded 0 records which total to 0 bytes. (org.apache.kafka.coordinator.common.runtime.CoordinatorRuntime)
stream-state-bench-flink-kafka  | [2026-07-15 21:56:24,246] INFO [GroupCoordinator id=1] Scheduling loading of metadata from __consumer_offsets-39 with epoch 0 (org.apache.kafka.coordinator.common.runtime.CoordinatorRuntime)
stream-state-bench-flink-kafka  | [2026-07-15 21:56:24,246] INFO [GroupCoordinator id=1] Finished loading of metadata from __consumer_offsets-48 with epoch 0 in 1ms where 1ms was spent in the scheduler. Loaded 0 records which total to 0 bytes. (org.apache.kafka.coordinator.common.runtime.CoordinatorRuntime)
stream-state-bench-flink-kafka  | [2026-07-15 21:56:24,246] INFO [GroupCoordinator id=1] Scheduling loading of metadata from __consumer_offsets-6 with epoch 0 (org.apache.kafka.coordinator.common.runtime.CoordinatorRuntime)
stream-state-bench-flink-kafka  | [2026-07-15 21:56:24,246] INFO [GroupCoordinator id=1] Finished loading of metadata from __consumer_offsets-0 with epoch 0 in 1ms where 1ms was spent in the scheduler. Loaded 0 records which total to 0 bytes. (org.apache.kafka.coordinator.common.runtime.CoordinatorRuntime)
stream-state-bench-flink-kafka  | [2026-07-15 21:56:24,247] INFO [GroupCoordinator id=1] Finished loading of metadata from __consumer_offsets-14 with epoch 0 in 0ms where 0ms was spent in the scheduler. Loaded 0 records which total to 0 bytes. (org.apache.kafka.coordinator.common.runtime.CoordinatorRuntime)
stream-state-bench-flink-kafka  | [2026-07-15 21:56:24,247] INFO [GroupCoordinator id=1] Scheduling loading of metadata from __consumer_offsets-35 with epoch 0 (org.apache.kafka.coordinator.common.runtime.CoordinatorRuntime)
stream-state-bench-flink-kafka  | [2026-07-15 21:56:24,247] INFO [GroupCoordinator id=1] Finished loading of metadata from __consumer_offsets-38 with epoch 0 in 1ms where 1ms was spent in the scheduler. Loaded 0 records which total to 0 bytes. (org.apache.kafka.coordinator.common.runtime.CoordinatorRuntime)
stream-state-bench-flink-kafka  | [2026-07-15 21:56:24,247] INFO [GroupCoordinator id=1] Finished loading of metadata from __consumer_offsets-25 with epoch 0 in 0ms where 0ms was spent in the scheduler. Loaded 0 records which total to 0 bytes. (org.apache.kafka.coordinator.common.runtime.CoordinatorRuntime)
stream-state-bench-flink-kafka  | [2026-07-15 21:56:24,247] INFO [GroupCoordinator id=1] Finished loading of metadata from __consumer_offsets-29 with epoch 0 in 1ms where 1ms was spent in the scheduler. Loaded 0 records which total to 0 bytes. (org.apache.kafka.coordinator.common.runtime.CoordinatorRuntime)
stream-state-bench-flink-kafka  | [2026-07-15 21:56:24,247] INFO [GroupCoordinator id=1] Scheduling loading of metadata from __consumer_offsets-2 with epoch 0 (org.apache.kafka.coordinator.common.runtime.CoordinatorRuntime)
stream-state-bench-flink-kafka  | [2026-07-15 21:56:24,247] INFO [GroupCoordinator id=1] Finished loading of metadata from __consumer_offsets-37 with epoch 0 in 1ms where 1ms was spent in the scheduler. Loaded 0 records which total to 0 bytes. (org.apache.kafka.coordinator.common.runtime.CoordinatorRuntime)
stream-state-bench-flink-kafka  | [2026-07-15 21:56:24,247] INFO [GroupCoordinator id=1] Finished loading of metadata from __consumer_offsets-33 with epoch 0 in 1ms where 1ms was spent in the scheduler. Loaded 0 records which total to 0 bytes. (org.apache.kafka.coordinator.common.runtime.CoordinatorRuntime)
stream-state-bench-flink-kafka  | [2026-07-15 21:56:24,247] INFO [GroupCoordinator id=1] Finished loading of metadata from __consumer_offsets-8 with epoch 0 in 0ms where 0ms was spent in the scheduler. Loaded 0 records which total to 0 bytes. (org.apache.kafka.coordinator.common.runtime.CoordinatorRuntime)
stream-state-bench-flink-kafka  | [2026-07-15 21:56:24,247] INFO [GroupCoordinator id=1] Finished loading of metadata from __consumer_offsets-19 with epoch 0 in 0ms where 0ms was spent in the scheduler. Loaded 0 records which total to 0 bytes. (org.apache.kafka.coordinator.common.runtime.CoordinatorRuntime)
stream-state-bench-flink-kafka  | [2026-07-15 21:56:24,247] INFO [GroupCoordinator id=1] Finished loading of metadata from __consumer_offsets-15 with epoch 0 in 0ms where 0ms was spent in the scheduler. Loaded 0 records which total to 0 bytes. (org.apache.kafka.coordinator.common.runtime.CoordinatorRuntime)
stream-state-bench-flink-kafka  | [2026-07-15 21:56:24,247] INFO [GroupCoordinator id=1] Finished loading of metadata from __consumer_offsets-30 with epoch 0 in 0ms where 0ms was spent in the scheduler. Loaded 0 records which total to 0 bytes. (org.apache.kafka.coordinator.common.runtime.CoordinatorRuntime)
stream-state-bench-flink-kafka  | [2026-07-15 21:56:24,247] INFO [DynamicConfigPublisher broker id=1] Updating topic __consumer_offsets with new configuration : compression.type -> producer,cleanup.policy -> compact,segment.bytes -> 104857600 (kafka.server.metadata.DynamicConfigPublisher)
stream-state-bench-flink-kafka  | [2026-07-15 21:56:24,247] INFO [GroupCoordinator id=1] Finished loading of metadata from __consumer_offsets-46 with epoch 0 in 1ms where 1ms was spent in the scheduler. Loaded 0 records which total to 0 bytes. (org.apache.kafka.coordinator.common.runtime.CoordinatorRuntime)
stream-state-bench-flink-kafka  | [2026-07-15 21:56:24,247] INFO [GroupCoordinator id=1] Finished loading of metadata from __consumer_offsets-49 with epoch 0 in 1ms where 1ms was spent in the scheduler. Loaded 0 records which total to 0 bytes. (org.apache.kafka.coordinator.common.runtime.CoordinatorRuntime)
stream-state-bench-flink-kafka  | [2026-07-15 21:56:24,247] INFO [GroupCoordinator id=1] Finished loading of metadata from __consumer_offsets-1 with epoch 0 in 0ms where 0ms was spent in the scheduler. Loaded 0 records which total to 0 bytes. (org.apache.kafka.coordinator.common.runtime.CoordinatorRuntime)
stream-state-bench-flink-kafka  | [2026-07-15 21:56:24,247] INFO [GroupCoordinator id=1] Finished loading of metadata from __consumer_offsets-16 with epoch 0 in 1ms where 1ms was spent in the scheduler. Loaded 0 records which total to 0 bytes. (org.apache.kafka.coordinator.common.runtime.CoordinatorRuntime)
stream-state-bench-flink-kafka  | [2026-07-15 21:56:24,247] INFO [GroupCoordinator id=1] Finished loading of metadata from __consumer_offsets-36 with epoch 0 in 0ms where 0ms was spent in the scheduler. Loaded 0 records which total to 0 bytes. (org.apache.kafka.coordinator.common.runtime.CoordinatorRuntime)
stream-state-bench-flink-kafka  | [2026-07-15 21:56:24,247] INFO [GroupCoordinator id=1] Finished loading of metadata from __consumer_offsets-26 with epoch 0 in 0ms where 0ms was spent in the scheduler. Loaded 0 records which total to 0 bytes. (org.apache.kafka.coordinator.common.runtime.CoordinatorRuntime)
stream-state-bench-flink-kafka  | [2026-07-15 21:56:24,247] INFO [GroupCoordinator id=1] Finished loading of metadata from __consumer_offsets-43 with epoch 0 in 1ms where 1ms was spent in the scheduler. Loaded 0 records which total to 0 bytes. (org.apache.kafka.coordinator.common.runtime.CoordinatorRuntime)
stream-state-bench-flink-kafka  | [2026-07-15 21:56:24,248] INFO [GroupCoordinator id=1] Finished loading of metadata from __consumer_offsets-5 with epoch 0 in 1ms where 1ms was spent in the scheduler. Loaded 0 records which total to 0 bytes. (org.apache.kafka.coordinator.common.runtime.CoordinatorRuntime)
stream-state-bench-flink-kafka  | [2026-07-15 21:56:24,248] INFO [GroupCoordinator id=1] Finished loading of metadata from __consumer_offsets-28 with epoch 0 in 0ms where 0ms was spent in the scheduler. Loaded 0 records which total to 0 bytes. (org.apache.kafka.coordinator.common.runtime.CoordinatorRuntime)
stream-state-bench-flink-kafka  | [2026-07-15 21:56:24,248] INFO [GroupCoordinator id=1] Finished loading of metadata from __consumer_offsets-42 with epoch 0 in 1ms where 1ms was spent in the scheduler. Loaded 0 records which total to 0 bytes. (org.apache.kafka.coordinator.common.runtime.CoordinatorRuntime)
stream-state-bench-flink-kafka  | [2026-07-15 21:56:24,248] INFO [GroupCoordinator id=1] Finished loading of metadata from __consumer_offsets-34 with epoch 0 in 0ms where 0ms was spent in the scheduler. Loaded 0 records which total to 0 bytes. (org.apache.kafka.coordinator.common.runtime.CoordinatorRuntime)
stream-state-bench-flink-kafka  | [2026-07-15 21:56:24,248] INFO [GroupCoordinator id=1] Finished loading of metadata from __consumer_offsets-23 with epoch 0 in 0ms where 0ms was spent in the scheduler. Loaded 0 records which total to 0 bytes. (org.apache.kafka.coordinator.common.runtime.CoordinatorRuntime)
stream-state-bench-flink-kafka  | [2026-07-15 21:56:24,248] INFO [GroupCoordinator id=1] Finished loading of metadata from __consumer_offsets-22 with epoch 0 in 0ms where 0ms was spent in the scheduler. Loaded 0 records which total to 0 bytes. (org.apache.kafka.coordinator.common.runtime.CoordinatorRuntime)
stream-state-bench-flink-kafka  | [2026-07-15 21:56:24,248] INFO [GroupCoordinator id=1] Finished loading of metadata from __consumer_offsets-41 with epoch 0 in 0ms where 0ms was spent in the scheduler. Loaded 0 records which total to 0 bytes. (org.apache.kafka.coordinator.common.runtime.CoordinatorRuntime)
stream-state-bench-flink-kafka  | [2026-07-15 21:56:24,248] INFO [GroupCoordinator id=1] Finished loading of metadata from __consumer_offsets-40 with epoch 0 in 0ms where 0ms was spent in the scheduler. Loaded 0 records which total to 0 bytes. (org.apache.kafka.coordinator.common.runtime.CoordinatorRuntime)
stream-state-bench-flink-kafka  | [2026-07-15 21:56:24,248] INFO [GroupCoordinator id=1] Finished loading of metadata from __consumer_offsets-9 with epoch 0 in 1ms where 1ms was spent in the scheduler. Loaded 0 records which total to 0 bytes. (org.apache.kafka.coordinator.common.runtime.CoordinatorRuntime)
stream-state-bench-flink-kafka  | [2026-07-15 21:56:24,248] INFO [GroupCoordinator id=1] Finished loading of metadata from __consumer_offsets-35 with epoch 0 in 1ms where 1ms was spent in the scheduler. Loaded 0 records which total to 0 bytes. (org.apache.kafka.coordinator.common.runtime.CoordinatorRuntime)
stream-state-bench-flink-kafka  | [2026-07-15 21:56:24,248] INFO [GroupCoordinator id=1] Finished loading of metadata from __consumer_offsets-11 with epoch 0 in 1ms where 1ms was spent in the scheduler. Loaded 0 records which total to 0 bytes. (org.apache.kafka.coordinator.common.runtime.CoordinatorRuntime)
stream-state-bench-flink-kafka  | [2026-07-15 21:56:24,248] INFO [GroupCoordinator id=1] Finished loading of metadata from __consumer_offsets-39 with epoch 0 in 0ms where 0ms was spent in the scheduler. Loaded 0 records which total to 0 bytes. (org.apache.kafka.coordinator.common.runtime.CoordinatorRuntime)
stream-state-bench-flink-kafka  | [2026-07-15 21:56:24,248] INFO [GroupCoordinator id=1] Finished loading of metadata from __consumer_offsets-21 with epoch 0 in 1ms where 1ms was spent in the scheduler. Loaded 0 records which total to 0 bytes. (org.apache.kafka.coordinator.common.runtime.CoordinatorRuntime)
stream-state-bench-flink-kafka  | [2026-07-15 21:56:24,248] INFO [GroupCoordinator id=1] Finished loading of metadata from __consumer_offsets-6 with epoch 0 in 1ms where 1ms was spent in the scheduler. Loaded 0 records which total to 0 bytes. (org.apache.kafka.coordinator.common.runtime.CoordinatorRuntime)
stream-state-bench-flink-kafka  | [2026-07-15 21:56:24,248] INFO [GroupCoordinator id=1] Finished loading of metadata from __consumer_offsets-2 with epoch 0 in 0ms where 0ms was spent in the scheduler. Loaded 0 records which total to 0 bytes. (org.apache.kafka.coordinator.common.runtime.CoordinatorRuntime)
stream-state-bench-flink-kafka  | [2026-07-15 21:56:24,248] INFO [GroupCoordinator id=1] Finished loading of metadata from __consumer_offsets-12 with epoch 0 in 0ms where 0ms was spent in the scheduler. Loaded 0 records which total to 0 bytes. (org.apache.kafka.coordinator.common.runtime.CoordinatorRuntime)
stream-state-bench-flink-kafka  | [2026-07-15 21:56:24,248] INFO [GroupCoordinator id=1] Finished loading of metadata from __consumer_offsets-3 with epoch 0 in 0ms where 0ms was spent in the scheduler. Loaded 0 records which total to 0 bytes. (org.apache.kafka.coordinator.common.runtime.CoordinatorRuntime)
stream-state-bench-flink-kafka  | [2026-07-15 21:56:24,248] INFO [GroupCoordinator id=1] Finished loading of metadata from __consumer_offsets-24 with epoch 0 in 1ms where 1ms was spent in the scheduler. Loaded 0 records which total to 0 bytes. (org.apache.kafka.coordinator.common.runtime.CoordinatorRuntime)
stream-state-bench-flink-kafka  | [2026-07-15 21:56:24,248] INFO [GroupCoordinator id=1] Finished loading of metadata from __consumer_offsets-47 with epoch 0 in 0ms where 0ms was spent in the scheduler. Loaded 0 records which total to 0 bytes. (org.apache.kafka.coordinator.common.runtime.CoordinatorRuntime)
stream-state-bench-flink-kafka  | [2026-07-15 21:56:24,248] INFO [GroupCoordinator id=1] Finished loading of metadata from __consumer_offsets-10 with epoch 0 in 0ms where 0ms was spent in the scheduler. Loaded 0 records which total to 0 bytes. (org.apache.kafka.coordinator.common.runtime.CoordinatorRuntime)
stream-state-bench-flink-kafka  | [2026-07-15 21:56:24,249] INFO [GroupCoordinator id=1] Finished loading of metadata from __consumer_offsets-18 with epoch 0 in 0ms where 0ms was spent in the scheduler. Loaded 0 records which total to 0 bytes. (org.apache.kafka.coordinator.common.runtime.CoordinatorRuntime)
stream-state-bench-flink-kafka  | [2026-07-15 21:56:24,249] INFO [GroupCoordinator id=1] Finished loading of metadata from __consumer_offsets-27 with epoch 0 in 0ms where 0ms was spent in the scheduler. Loaded 0 records which total to 0 bytes. (org.apache.kafka.coordinator.common.runtime.CoordinatorRuntime)
stream-state-bench-flink-kafka  | [2026-07-15 21:56:24,249] INFO [GroupCoordinator id=1] Finished loading of metadata from __consumer_offsets-32 with epoch 0 in 0ms where 0ms was spent in the scheduler. Loaded 0 records which total to 0 bytes. (org.apache.kafka.coordinator.common.runtime.CoordinatorRuntime)
stream-state-bench-flink-kafka  | [2026-07-15 21:56:24,249] INFO [GroupCoordinator id=1] Finished loading of metadata from __consumer_offsets-7 with epoch 0 in 0ms where 0ms was spent in the scheduler. Loaded 0 records which total to 0 bytes. (org.apache.kafka.coordinator.common.runtime.CoordinatorRuntime)
stream-state-bench-flink-kafka  | [2026-07-15 21:56:24,249] INFO [GroupCoordinator id=1] Finished loading of metadata from __consumer_offsets-31 with epoch 0 in 1ms where 1ms was spent in the scheduler. Loaded 0 records which total to 0 bytes. (org.apache.kafka.coordinator.common.runtime.CoordinatorRuntime)
stream-state-bench-flink-kafka  | [2026-07-15 21:56:24,297] INFO [GroupCoordinator id=1 topic=__consumer_offsets partition=40] Dynamic member with unknown member id joins group console-consumer-70039 in Empty state. Created a new member id console-consumer-88640a45-83e6-444c-bfdf-2b160c706684 and requesting the member to rejoin with this id. (org.apache.kafka.coordinator.group.GroupMetadataManager)
stream-state-bench-flink-kafka  | [2026-07-15 21:56:24,300] INFO [GroupCoordinator id=1 topic=__consumer_offsets partition=40] Pending dynamic member with id console-consumer-88640a45-83e6-444c-bfdf-2b160c706684 joins group console-consumer-70039 in Empty state. Adding to the group now. (org.apache.kafka.coordinator.group.GroupMetadataManager)
stream-state-bench-flink-kafka  | [2026-07-15 21:56:24,301] INFO [GroupCoordinator id=1 topic=__consumer_offsets partition=40] Preparing to rebalance group console-consumer-70039 in state PreparingRebalance with old generation 0 (reason: Adding new member console-consumer-88640a45-83e6-444c-bfdf-2b160c706684 with group instance id null; client reason: need to re-join with the given member-id: console-consumer-88640a45-83e6-444c-bfdf-2b160c706684). (org.apache.kafka.coordinator.group.GroupMetadataManager)
stream-state-bench-flink-kafka  | [2026-07-15 21:56:24,305] INFO [GroupCoordinator id=1 topic=__consumer_offsets partition=40] Stabilized group console-consumer-70039 generation 1 with 1 members. (org.apache.kafka.coordinator.group.GroupMetadataManager)
stream-state-bench-flink-kafka  | [2026-07-15 21:56:24,321] INFO [GroupCoordinator id=1 topic=__consumer_offsets partition=40] Assignment received from leader console-consumer-88640a45-83e6-444c-bfdf-2b160c706684 for group console-consumer-70039 for generation 1. The group has 1 members, 0 of which are static. (org.apache.kafka.coordinator.group.GroupMetadataManager)
stream-state-bench-flink-kafka  | [2026-07-15 21:56:24,965] INFO [TransactionCoordinator id=1] Initialized transactionalId stream-state-bench-flink-w5-latency-0-9 with producerId 9 and producer epoch 0 on partition __transaction_state-45 (kafka.coordinator.transaction.TransactionCoordinator)
stream-state-bench-flink-kafka  | [2026-07-15 21:56:25,971] INFO [TransactionCoordinator id=1] Initialized transactionalId stream-state-bench-flink-w5-latency-0-10 with producerId 10 and producer epoch 0 on partition __transaction_state-39 (kafka.coordinator.transaction.TransactionCoordinator)
stream-state-bench-flink-kafka  | [2026-07-15 21:56:26,965] INFO [TransactionCoordinator id=1] Initialized transactionalId stream-state-bench-flink-w5-latency-0-11 with producerId 11 and producer epoch 0 on partition __transaction_state-38 (kafka.coordinator.transaction.TransactionCoordinator)
stream-state-bench-flink-kafka  | [2026-07-15 21:56:27,436] INFO [GroupCoordinator id=1 topic=__consumer_offsets partition=2] [GroupId stream-state-bench-flink-w5-latency-left] Creating a simple consumer group via manual offset commit. (org.apache.kafka.coordinator.group.OffsetMetadataManager)
stream-state-bench-flink-kafka  | [2026-07-15 21:56:27,964] INFO [TransactionCoordinator id=1] Initialized transactionalId stream-state-bench-flink-w5-latency-0-12 with producerId 12 and producer epoch 0 on partition __transaction_state-37 (kafka.coordinator.transaction.TransactionCoordinator)
stream-state-bench-flink-kafka  | [2026-07-15 21:56:28,964] INFO [TransactionCoordinator id=1] Initialized transactionalId stream-state-bench-flink-w5-latency-0-13 with producerId 13 and producer epoch 0 on partition __transaction_state-36 (kafka.coordinator.transaction.TransactionCoordinator)
stream-state-bench-flink-kafka  | [2026-07-15 21:56:29,964] INFO [TransactionCoordinator id=1] Initialized transactionalId stream-state-bench-flink-w5-latency-0-14 with producerId 15 and producer epoch 0 on partition __transaction_state-35 (kafka.coordinator.transaction.TransactionCoordinator)
stream-state-bench-flink-kafka  | [2026-07-15 21:56:31,078] INFO [TransactionCoordinator id=1] Initialized transactionalId stream-state-bench-flink-w5-latency-0-15 with producerId 16 and producer epoch 0 on partition __transaction_state-34 (kafka.coordinator.transaction.TransactionCoordinator)
stream-state-bench-flink-kafka  | [2026-07-15 21:56:31,105] INFO [Transaction Marker Channel Manager 1]: Creating new marker queue map to destination broker 1 (kafka.coordinator.transaction.TransactionMarkerChannelManager)
stream-state-bench-flink-kafka  | [2026-07-15 21:56:31,105] INFO Creating new marker queue for txn partition 35 to destination broker 1 (kafka.coordinator.transaction.TxnMarkerQueue)
stream-state-bench-flink-kafka  | [2026-07-15 21:56:31,119] INFO [LocalLog partition=bench-w5-latency-flink-output-0, dir=/tmp/kafka-logs/bench-w5-latency-flink-output-0] Rolled new log segment at offset 82 in 2 ms. (org.apache.kafka.storage.internals.log.LocalLog)
stream-state-bench-flink-kafka  | [2026-07-15 21:56:31,120] INFO [ProducerStateManager partition=bench-w5-latency-flink-output-0] Wrote producer snapshot at offset 82 with 1 producer ids in 0 ms. (org.apache.kafka.storage.internals.log.ProducerStateManager)
stream-state-bench-flink-kafka  | [2026-07-15 21:56:31,965] INFO [TransactionCoordinator id=1] Initialized transactionalId stream-state-bench-flink-w5-latency-0-16 with producerId 17 and producer epoch 0 on partition __transaction_state-33 (kafka.coordinator.transaction.TransactionCoordinator)
stream-state-bench-flink-kafka  | [2026-07-15 21:56:31,976] INFO Creating new marker queue for txn partition 34 to destination broker 1 (kafka.coordinator.transaction.TxnMarkerQueue)
stream-state-bench-flink-kafka  | [2026-07-15 21:56:32,380] INFO [GroupCoordinator id=1 topic=__consumer_offsets partition=13] [GroupId stream-state-bench-flink-w5-latency-right] Creating a simple consumer group via manual offset commit. (org.apache.kafka.coordinator.group.OffsetMetadataManager)
stream-state-bench-flink-kafka  | [2026-07-15 21:56:32,975] INFO [TransactionCoordinator id=1] Initialized transactionalId stream-state-bench-flink-w5-latency-0-17 with producerId 18 and producer epoch 0 on partition __transaction_state-32 (kafka.coordinator.transaction.TransactionCoordinator)
stream-state-bench-flink-kafka  | [2026-07-15 21:56:32,985] INFO Creating new marker queue for txn partition 33 to destination broker 1 (kafka.coordinator.transaction.TxnMarkerQueue)
stream-state-bench-flink-kafka  | [2026-07-15 21:56:33,964] INFO [TransactionCoordinator id=1] Initialized transactionalId stream-state-bench-flink-w5-latency-0-18 with producerId 19 and producer epoch 0 on partition __transaction_state-31 (kafka.coordinator.transaction.TransactionCoordinator)
stream-state-bench-flink-kafka  | [2026-07-15 21:56:33,971] INFO Creating new marker queue for txn partition 32 to destination broker 1 (kafka.coordinator.transaction.TxnMarkerQueue)
stream-state-bench-flink-kafka  | [2026-07-15 21:56:33,978] INFO [GroupCoordinator id=1 topic=__consumer_offsets partition=40] [Group console-consumer-70039] Member console-consumer-88640a45-83e6-444c-bfdf-2b160c706684 has left group through explicit `LeaveGroup` request; client reason: the consumer is being closed (org.apache.kafka.coordinator.group.GroupMetadataManager)
stream-state-bench-flink-kafka  | [2026-07-15 21:56:33,979] INFO [GroupCoordinator id=1 topic=__consumer_offsets partition=40] Preparing to rebalance group console-consumer-70039 in state PreparingRebalance with old generation 1 (reason: explicit `LeaveGroup` request for (console-consumer-88640a45-83e6-444c-bfdf-2b160c706684) members.). (org.apache.kafka.coordinator.group.GroupMetadataManager)
stream-state-bench-flink-kafka  | [2026-07-15 21:56:33,979] INFO [GroupCoordinator id=1 topic=__consumer_offsets partition=40] Group console-consumer-70039 with generation 2 is now empty. (org.apache.kafka.coordinator.group.GroupMetadataManager)
stream-state-bench-flink-kafka  | [2026-07-15 21:56:34,963] INFO [TransactionCoordinator id=1] Initialized transactionalId stream-state-bench-flink-w5-latency-0-19 with producerId 20 and producer epoch 0 on partition __transaction_state-30 (kafka.coordinator.transaction.TransactionCoordinator)
