stream-state-bench-flink-kafka  | ===> User
stream-state-bench-flink-kafka  | uid=1000(appuser) gid=1000(appuser) groups=1000(appuser)
stream-state-bench-flink-kafka  | ===> Setting default values of environment variables if not already set.
stream-state-bench-flink-kafka  | ===> Configuring ...
stream-state-bench-flink-kafka  | Running in KRaft mode...
stream-state-bench-flink-kafka  | ===> Launching ... 
stream-state-bench-flink-kafka  | ===> Using provided cluster id MkU3OEVBNTcwNTJENDM2Qk ...
stream-state-bench-flink-kafka  | [2026-07-17 16:48:56,920] INFO Registered `kafka:type=kafka.Log4jController` MBean (kafka.utils.Log4jControllerRegistration$)
stream-state-bench-flink-kafka  | [2026-07-17 16:48:57,001] INFO Registered signal handlers for TERM, INT, HUP (org.apache.kafka.common.utils.LoggingSignalHandler)
stream-state-bench-flink-kafka  | [2026-07-17 16:48:57,002] INFO [ControllerServer id=1] Starting controller (kafka.server.ControllerServer)
stream-state-bench-flink-kafka  | [2026-07-17 16:48:57,079] INFO Updated connection-accept-rate max connection creation rate to 2147483647 (kafka.network.ConnectionQuotas)
stream-state-bench-flink-kafka  | [2026-07-17 16:48:57,097] INFO [SocketServer listenerType=CONTROLLER, nodeId=1] Created data-plane acceptor and processors for endpoint : ListenerName(CONTROLLER) (kafka.network.SocketServer)
stream-state-bench-flink-kafka  | [2026-07-17 16:48:57,101] INFO authorizerStart completed for endpoint CONTROLLER. Endpoint is now READY. (org.apache.kafka.server.network.EndpointReadyFutures)
stream-state-bench-flink-kafka  | [2026-07-17 16:48:57,102] INFO [SharedServer id=1] Starting SharedServer (kafka.server.SharedServer)
stream-state-bench-flink-kafka  | [2026-07-17 16:48:57,124] INFO [LogLoader partition=__cluster_metadata-0, dir=/tmp/kafka-logs] Loading producer state till offset 0 (org.apache.kafka.storage.internals.log.UnifiedLog)
stream-state-bench-flink-kafka  | [2026-07-17 16:48:57,124] INFO [LogLoader partition=__cluster_metadata-0, dir=/tmp/kafka-logs] Reloading from producer snapshot and rebuilding producer state from offset 0 (org.apache.kafka.storage.internals.log.UnifiedLog)
stream-state-bench-flink-kafka  | [2026-07-17 16:48:57,125] INFO [LogLoader partition=__cluster_metadata-0, dir=/tmp/kafka-logs] Producer state recovery took 0ms for snapshot load and 0ms for segment recovery from offset 0 (org.apache.kafka.storage.internals.log.UnifiedLog)
stream-state-bench-flink-kafka  | [2026-07-17 16:48:57,128] INFO [RaftLog partition=__cluster_metadata-0] Initialized snapshots with IDs [] from /tmp/kafka-logs/__cluster_metadata-0 (org.apache.kafka.raft.internals.KafkaRaftLog)
stream-state-bench-flink-kafka  | [2026-07-17 16:48:57,132] INFO [raft-expiration-reaper]: Starting (org.apache.kafka.raft.TimingWheelExpirationService$ExpiredOperationReaper)
stream-state-bench-flink-kafka  | [2026-07-17 16:48:57,134] INFO [RaftManager id=1] Reading KRaft snapshot and log as part of the initialization (org.apache.kafka.raft.KafkaRaftClient)
stream-state-bench-flink-kafka  | [2026-07-17 16:48:57,134] INFO [RaftManager id=1] Starting voters are VoterSet(voters={1=VoterNode(voterKey=ReplicaKey(id=1, directoryId=<undefined>), listeners=Endpoints(endpoints={ListenerName(CONTROLLER)=kafka/<unresolved>:9093}), supportedKRaftVersion=SupportedVersionRange[min_version:0, max_version:0])}) (org.apache.kafka.raft.KafkaRaftClient)
stream-state-bench-flink-kafka  | [2026-07-17 16:48:57,138] INFO [RaftManager id=1] Starting request manager with static voters: [kafka:9093 (id: 1 rack: null isFenced: false)] (org.apache.kafka.raft.KafkaRaftClient)
stream-state-bench-flink-kafka  | [2026-07-17 16:48:57,139] INFO [RaftManager id=1] Attempting durable transition to UnattachedState(epoch=0, leaderId=OptionalInt.empty, votedKey=Optional.empty, voters=[1], electionTimeoutMs=1028, highWatermark=Optional.empty) from null (org.apache.kafka.raft.QuorumState)
stream-state-bench-flink-kafka  | [2026-07-17 16:48:57,145] INFO [RaftManager id=1] Completed transition to UnattachedState(epoch=0, leaderId=OptionalInt.empty, votedKey=Optional.empty, voters=[1], electionTimeoutMs=1028, highWatermark=Optional.empty) from null (org.apache.kafka.raft.QuorumState)
stream-state-bench-flink-kafka  | [2026-07-17 16:48:57,150] INFO [RaftManager id=1] Completed transition to ProspectiveState(epoch=0, leaderId=OptionalInt.empty, votedKey=Optional.empty, epochElection=EpochElection[voterStates={1=VoterState(replicaKey=ReplicaKey(id=1, directoryId=<undefined>), state=GRANTED)}], electionTimeoutMs=1374, highWatermark=Optional.empty) from UnattachedState(epoch=0, leaderId=OptionalInt.empty, votedKey=Optional.empty, voters=[1], electionTimeoutMs=1028, highWatermark=Optional.empty) (org.apache.kafka.raft.QuorumState)
stream-state-bench-flink-kafka  | [2026-07-17 16:48:57,151] INFO [RaftManager id=1] Attempting durable transition to CandidateState(localId=1, localDirectoryId=FJkREkHc1djxX-FG4E_HCw, epoch=1, epochElection=EpochElection[voterStates={1=VoterState(replicaKey=ReplicaKey(id=1, directoryId=<undefined>), state=GRANTED)}], highWatermark=Optional.empty, electionTimeoutMs=1799) from ProspectiveState(epoch=0, leaderId=OptionalInt.empty, votedKey=Optional.empty, epochElection=EpochElection[voterStates={1=VoterState(replicaKey=ReplicaKey(id=1, directoryId=<undefined>), state=GRANTED)}], electionTimeoutMs=1374, highWatermark=Optional.empty) (org.apache.kafka.raft.QuorumState)
stream-state-bench-flink-kafka  | [2026-07-17 16:48:57,154] INFO [RaftManager id=1] Completed transition to CandidateState(localId=1, localDirectoryId=FJkREkHc1djxX-FG4E_HCw, epoch=1, epochElection=EpochElection[voterStates={1=VoterState(replicaKey=ReplicaKey(id=1, directoryId=<undefined>), state=GRANTED)}], highWatermark=Optional.empty, electionTimeoutMs=1799) from ProspectiveState(epoch=0, leaderId=OptionalInt.empty, votedKey=Optional.empty, epochElection=EpochElection[voterStates={1=VoterState(replicaKey=ReplicaKey(id=1, directoryId=<undefined>), state=GRANTED)}], electionTimeoutMs=1374, highWatermark=Optional.empty) (org.apache.kafka.raft.QuorumState)
stream-state-bench-flink-kafka  | [2026-07-17 16:48:57,156] INFO [RaftManager id=1] Attempting durable transition to Leader(localVoterNode=VoterNode(voterKey=ReplicaKey(id=1, directoryId=FJkREkHc1djxX-FG4E_HCw), listeners=Endpoints(endpoints={ListenerName(CONTROLLER)=kafka/<unresolved>:9093}), supportedKRaftVersion=SupportedVersionRange[min_version:0, max_version:1]), epoch=1, epochStartOffset=0, highWatermark=Optional.empty, voterStates={1=ReplicaState(replicaKey=ReplicaKey(id=1, directoryId=<undefined>), endOffset=Optional.empty, lastFetchTimestamp=-1, lastCaughtUpTimestamp=-1, hasAcknowledgedLeader=true)}) from CandidateState(localId=1, localDirectoryId=FJkREkHc1djxX-FG4E_HCw, epoch=1, epochElection=EpochElection[voterStates={1=VoterState(replicaKey=ReplicaKey(id=1, directoryId=<undefined>), state=GRANTED)}], highWatermark=Optional.empty, electionTimeoutMs=1799) (org.apache.kafka.raft.QuorumState)
stream-state-bench-flink-kafka  | [2026-07-17 16:48:57,162] INFO [RaftManager id=1] Completed transition to Leader(localVoterNode=VoterNode(voterKey=ReplicaKey(id=1, directoryId=FJkREkHc1djxX-FG4E_HCw), listeners=Endpoints(endpoints={ListenerName(CONTROLLER)=kafka/<unresolved>:9093}), supportedKRaftVersion=SupportedVersionRange[min_version:0, max_version:1]), epoch=1, epochStartOffset=0, highWatermark=Optional.empty, voterStates={1=ReplicaState(replicaKey=ReplicaKey(id=1, directoryId=<undefined>), endOffset=Optional.empty, lastFetchTimestamp=-1, lastCaughtUpTimestamp=-1, hasAcknowledgedLeader=true)}) from CandidateState(localId=1, localDirectoryId=FJkREkHc1djxX-FG4E_HCw, epoch=1, epochElection=EpochElection[voterStates={1=VoterState(replicaKey=ReplicaKey(id=1, directoryId=<undefined>), state=GRANTED)}], highWatermark=Optional.empty, electionTimeoutMs=1799) (org.apache.kafka.raft.QuorumState)
stream-state-bench-flink-kafka  | [2026-07-17 16:48:57,176] INFO [kafka-1-raft-outbound-request-thread]: Starting (org.apache.kafka.raft.KafkaNetworkChannel$SendThread)
stream-state-bench-flink-kafka  | [2026-07-17 16:48:57,176] INFO [kafka-1-raft-io-thread]: Starting (org.apache.kafka.raft.KafkaRaftClientDriver)
stream-state-bench-flink-kafka  | [2026-07-17 16:48:57,182] INFO [MetadataLoader id=1] initializeNewPublishers: the loader is still catching up because we still don't know the high water mark yet. (org.apache.kafka.image.loader.MetadataLoader)
stream-state-bench-flink-kafka  | [2026-07-17 16:48:57,183] INFO [ControllerServer id=1] Waiting for controller quorum voters future (kafka.server.ControllerServer)
stream-state-bench-flink-kafka  | [2026-07-17 16:48:57,183] INFO [ControllerServer id=1] Finished waiting for controller quorum voters future (kafka.server.ControllerServer)
stream-state-bench-flink-kafka  | [2026-07-17 16:48:57,186] INFO [RaftManager id=1] High watermark set to LogOffsetMetadata(offset=1, metadata=Optional[(segmentBaseOffset=0,relativePositionInSegment=91)]) for the first time for epoch 1 based on indexOfHw 0 and voters [ReplicaState(replicaKey=ReplicaKey(id=1, directoryId=<undefined>), endOffset=Optional[LogOffsetMetadata(offset=1, metadata=Optional[(segmentBaseOffset=0,relativePositionInSegment=91)])], lastFetchTimestamp=-1, lastCaughtUpTimestamp=-1, hasAcknowledgedLeader=true)] (org.apache.kafka.raft.LeaderState)
stream-state-bench-flink-kafka  | [2026-07-17 16:48:57,189] INFO [RaftManager id=1] Registered the listener org.apache.kafka.image.loader.MetadataLoader@599708519 (org.apache.kafka.raft.KafkaRaftClient)
stream-state-bench-flink-kafka  | [2026-07-17 16:48:57,191] INFO [RaftManager id=1] Setting the next offset of org.apache.kafka.image.loader.MetadataLoader@599708519 to 0 since there are no snapshots (org.apache.kafka.raft.KafkaRaftClient)
stream-state-bench-flink-kafka  | [2026-07-17 16:48:57,192] INFO [MetadataLoader id=1] maybePublishMetadata(LOG_DELTA): The loader is still catching up because we have not loaded a controller record as of offset 0 and high water mark is 1 (org.apache.kafka.image.loader.MetadataLoader)
stream-state-bench-flink-kafka  | [2026-07-17 16:48:57,193] INFO [controller-1-ThrottledChannelReaper-Fetch]: Starting (org.apache.kafka.server.quota.ClientQuotaManager$ThrottledChannelReaper)
stream-state-bench-flink-kafka  | [2026-07-17 16:48:57,193] INFO [controller-1-ThrottledChannelReaper-Produce]: Starting (org.apache.kafka.server.quota.ClientQuotaManager$ThrottledChannelReaper)
stream-state-bench-flink-kafka  | [2026-07-17 16:48:57,193] INFO [controller-1-ThrottledChannelReaper-Request]: Starting (org.apache.kafka.server.quota.ClientQuotaManager$ThrottledChannelReaper)
stream-state-bench-flink-kafka  | [2026-07-17 16:48:57,193] INFO [controller-1-ThrottledChannelReaper-ControllerMutation]: Starting (org.apache.kafka.server.quota.ClientQuotaManager$ThrottledChannelReaper)
stream-state-bench-flink-kafka  | [2026-07-17 16:48:57,194] INFO [RaftManager id=1] Registered the listener org.apache.kafka.controller.QuorumController$QuorumMetaLogListener@859246779 (org.apache.kafka.raft.KafkaRaftClient)
stream-state-bench-flink-kafka  | [2026-07-17 16:48:57,194] INFO [RaftManager id=1] Setting the next offset of org.apache.kafka.controller.QuorumController$QuorumMetaLogListener@859246779 to 0 since there are no snapshots (org.apache.kafka.raft.KafkaRaftClient)
stream-state-bench-flink-kafka  | [2026-07-17 16:48:57,196] INFO [ExpirationReaper-1-AlterAcls]: Starting (org.apache.kafka.server.purgatory.DelayedOperationPurgatory$ExpiredOperationReaper)
stream-state-bench-flink-kafka  | [2026-07-17 16:48:57,211] INFO [ControllerServer id=1] Waiting for the controller metadata publishers to be installed (kafka.server.ControllerServer)
stream-state-bench-flink-kafka  | [2026-07-17 16:48:57,211] INFO [ControllerServer id=1] Finished waiting for the controller metadata publishers to be installed (kafka.server.ControllerServer)
stream-state-bench-flink-kafka  | [2026-07-17 16:48:57,211] INFO [MetadataLoader id=1] initializeNewPublishers: The loader is still catching up because we have not loaded a controller record as of offset 0 and high water mark is 1 (org.apache.kafka.image.loader.MetadataLoader)
stream-state-bench-flink-kafka  | [2026-07-17 16:48:57,212] INFO [SocketServer listenerType=CONTROLLER, nodeId=1] Enabling request processing. (kafka.network.SocketServer)
stream-state-bench-flink-kafka  | [2026-07-17 16:48:57,213] INFO Awaiting socket connections on 0.0.0.0:9093. (kafka.network.DataPlaneAcceptor)
stream-state-bench-flink-kafka  | [2026-07-17 16:48:57,217] INFO [ControllerServer id=1] Waiting for all of the authorizer futures to be completed (kafka.server.ControllerServer)
stream-state-bench-flink-kafka  | [2026-07-17 16:48:57,217] INFO [controller-1-to-controller-registration-channel-manager]: Starting (org.apache.kafka.server.NodeToControllerRequestThread)
stream-state-bench-flink-kafka  | [2026-07-17 16:48:57,217] INFO [ControllerServer id=1] Finished waiting for all of the authorizer futures to be completed (kafka.server.ControllerServer)
stream-state-bench-flink-kafka  | [2026-07-17 16:48:57,217] INFO [ControllerRegistrationManager id=1 incarnation=h6Hj-2MDRHa65pWBFpyUCw] initialized channel manager. (kafka.server.ControllerRegistrationManager)
stream-state-bench-flink-kafka  | [2026-07-17 16:48:57,217] INFO [ControllerServer id=1] Waiting for all of the SocketServer Acceptors to be started (kafka.server.ControllerServer)
stream-state-bench-flink-kafka  | [2026-07-17 16:48:57,217] INFO Recorded new KRaft controller, from now on will use node kafka:9093 (id: 1 rack: null isFenced: false) (org.apache.kafka.server.NodeToControllerRequestThread)
flink-identity-1                | Resuming from checkpoint: /tmp/flink-checkpoints/02b3dbab0f15bf6cf77273b1882133a4/chk-4302
flink-identity-1                | [main] WARN org.apache.flink.configuration.Configuration - Config uses deprecated configuration key 'state.checkpoints.dir' instead of proper key 'execution.checkpointing.dir'
flink-identity-1                | [main] INFO org.apache.flink.runtime.taskexecutor.TaskExecutorResourceUtils - The configuration option taskmanager.cpu.cores required for local execution is not set, setting it to the maximal possible value.
flink-identity-1                | [main] INFO org.apache.flink.runtime.taskexecutor.TaskExecutorResourceUtils - The configuration option taskmanager.memory.task.heap.size required for local execution is not set, setting it to the maximal possible value.
flink-identity-1                | [main] INFO org.apache.flink.runtime.taskexecutor.TaskExecutorResourceUtils - The configuration option taskmanager.memory.task.off-heap.size required for local execution is not set, setting it to the maximal possible value.
stream-state-bench-flink-kafka  | [2026-07-17 16:48:57,217] INFO [ControllerServer id=1] Finished waiting for all of the SocketServer Acceptors to be started (kafka.server.ControllerServer)
stream-state-bench-flink-kafka  | [2026-07-17 16:48:57,217] INFO [ControllerRegistrationManager id=1 incarnation=h6Hj-2MDRHa65pWBFpyUCw] maybeSendControllerRegistration: cannot register yet because the metadata.version is not known yet. (kafka.server.ControllerRegistrationManager)
stream-state-bench-flink-kafka  | [2026-07-17 16:48:57,218] INFO [BrokerServer id=1] Transition from SHUTDOWN to STARTING (kafka.server.BrokerServer)
stream-state-bench-flink-kafka  | [2026-07-17 16:48:57,218] INFO [BrokerServer id=1] Starting broker (kafka.server.BrokerServer)
stream-state-bench-flink-kafka  | [2026-07-17 16:48:57,221] INFO [broker-1-ThrottledChannelReaper-Fetch]: Starting (org.apache.kafka.server.quota.ClientQuotaManager$ThrottledChannelReaper)
stream-state-bench-flink-kafka  | [2026-07-17 16:48:57,221] INFO [broker-1-ThrottledChannelReaper-Produce]: Starting (org.apache.kafka.server.quota.ClientQuotaManager$ThrottledChannelReaper)
stream-state-bench-flink-kafka  | [2026-07-17 16:48:57,221] INFO [broker-1-ThrottledChannelReaper-Request]: Starting (org.apache.kafka.server.quota.ClientQuotaManager$ThrottledChannelReaper)
stream-state-bench-flink-kafka  | [2026-07-17 16:48:57,222] INFO [broker-1-ThrottledChannelReaper-ControllerMutation]: Starting (org.apache.kafka.server.quota.ClientQuotaManager$ThrottledChannelReaper)
stream-state-bench-flink-kafka  | [2026-07-17 16:48:57,225] INFO [MetadataLoader id=1] maybePublishMetadata(LOG_DELTA): The loader finished catching up to the current high water mark of 10 (org.apache.kafka.image.loader.MetadataLoader)
stream-state-bench-flink-kafka  | [2026-07-17 16:48:57,227] INFO [MetadataLoader id=1] InitializeNewPublishers: initializing SnapshotGenerator with a snapshot at offset 9 (org.apache.kafka.image.loader.MetadataLoader)
stream-state-bench-flink-kafka  | [2026-07-17 16:48:57,227] INFO [MetadataLoader id=1] InitializeNewPublishers: initializing KRaftMetadataCachePublisher with a snapshot at offset 9 (org.apache.kafka.image.loader.MetadataLoader)
stream-state-bench-flink-kafka  | [2026-07-17 16:48:57,227] INFO [MetadataLoader id=1] InitializeNewPublishers: initializing FeaturesPublisher with a snapshot at offset 9 (org.apache.kafka.image.loader.MetadataLoader)
stream-state-bench-flink-kafka  | [2026-07-17 16:48:57,228] INFO [BrokerServer id=1] Waiting for controller quorum voters future (kafka.server.BrokerServer)
stream-state-bench-flink-kafka  | [2026-07-17 16:48:57,228] INFO [BrokerServer id=1] Finished waiting for controller quorum voters future (kafka.server.BrokerServer)
stream-state-bench-flink-kafka  | [2026-07-17 16:48:57,229] INFO [broker-1-to-controller-forwarding-channel-manager]: Starting (org.apache.kafka.server.NodeToControllerRequestThread)
stream-state-bench-flink-kafka  | [2026-07-17 16:48:57,230] INFO Recorded new KRaft controller, from now on will use node kafka:9093 (id: 1 rack: null isFenced: false) (org.apache.kafka.server.NodeToControllerRequestThread)
stream-state-bench-flink-kafka  | [2026-07-17 16:48:57,231] INFO [ControllerServer id=1] Loaded new metadata FinalizedFeatures[metadataVersion=4.3-IV0, finalizedFeatures={group.version=1, streams.version=1, transaction.version=2, eligible.leader.replicas.version=1, share.version=1, metadata.version=30}, finalizedFeaturesEpoch=9]. (org.apache.kafka.metadata.publisher.FeaturesPublisher)
stream-state-bench-flink-kafka  | [2026-07-17 16:48:57,231] INFO [MetadataLoader id=1] InitializeNewPublishers: initializing ControllerRegistrationsPublisher with a snapshot at offset 9 (org.apache.kafka.image.loader.MetadataLoader)
stream-state-bench-flink-kafka  | [2026-07-17 16:48:57,231] INFO [MetadataLoader id=1] InitializeNewPublishers: initializing ControllerRegistrationManager with a snapshot at offset 9 (org.apache.kafka.image.loader.MetadataLoader)
stream-state-bench-flink-kafka  | [2026-07-17 16:48:57,231] INFO [MetadataLoader id=1] InitializeNewPublishers: initializing DynamicConfigPublisher controller id=1 with a snapshot at offset 9 (org.apache.kafka.image.loader.MetadataLoader)
stream-state-bench-flink-kafka  | [2026-07-17 16:48:57,232] INFO [client-metrics-reaper]: Starting (org.apache.kafka.server.util.timer.SystemTimerReaper$Reaper)
stream-state-bench-flink-kafka  | [2026-07-17 16:48:57,234] INFO [DynamicConfigPublisher controller id=1] Updating cluster configuration : min.insync.replicas -> 1 (kafka.server.metadata.DynamicConfigPublisher)
stream-state-bench-flink-kafka  | [2026-07-17 16:48:57,239] INFO AbstractConfig values: 
stream-state-bench-flink-kafka  | 	group.consumer.assignment.interval.ms = 1000
stream-state-bench-flink-kafka  | 	group.consumer.assignors = [uniform, range]
stream-state-bench-flink-kafka  | 	group.consumer.heartbeat.interval.ms = 5000
stream-state-bench-flink-kafka  | 	group.consumer.max.assignment.interval.ms = 15000
stream-state-bench-flink-kafka  | 	group.consumer.max.heartbeat.interval.ms = 15000
flink-identity-1                | [main] INFO org.apache.flink.runtime.taskexecutor.TaskExecutorResourceUtils - The configuration option taskmanager.memory.network.min required for local execution is not set, setting it to its default value 64 mb.
flink-identity-1                | [main] INFO org.apache.flink.runtime.taskexecutor.TaskExecutorResourceUtils - The configuration option taskmanager.memory.network.max required for local execution is not set, setting it to its default value 64 mb.
flink-identity-1                | [main] INFO org.apache.flink.runtime.taskexecutor.TaskExecutorResourceUtils - The configuration option taskmanager.memory.managed.size required for local execution is not set, setting it to its default value 128 mb.
flink-identity-1                | [main] INFO org.apache.flink.runtime.minicluster.MiniCluster - Starting Flink Mini Cluster
flink-identity-1                | [main] INFO org.apache.flink.runtime.minicluster.MiniCluster - Starting Metrics Registry
flink-identity-1                | [main] INFO org.apache.flink.runtime.metrics.MetricRegistryImpl - No metrics reporter configured, no metrics will be exposed/reported.
flink-identity-1                | [main] INFO org.apache.flink.runtime.metrics.MetricRegistryImpl - No trace reporter configured, no traces will be exposed/reported.
flink-identity-1                | [main] INFO org.apache.flink.runtime.metrics.MetricRegistryImpl - No event reporter configured, no events will be exposed/reported.
flink-identity-1                | [main] INFO org.apache.flink.runtime.minicluster.MiniCluster - Starting RPC Service(s)
flink-identity-1                | [main] INFO org.apache.flink.runtime.rpc.pekko.PekkoRpcServiceUtils - Trying to start local actor system
flink-identity-1                | [flink-pekko.actor.default-dispatcher-4] INFO org.apache.pekko.event.slf4j.Slf4jLogger - Slf4jLogger started
flink-identity-1                | [main] INFO org.apache.flink.runtime.rpc.pekko.PekkoRpcServiceUtils - Actor system started at pekko://flink
flink-identity-1                | [main] INFO org.apache.flink.runtime.rpc.pekko.PekkoRpcServiceUtils - Trying to start local actor system
flink-identity-1                | [flink-metrics-5] INFO org.apache.pekko.event.slf4j.Slf4jLogger - Slf4jLogger started
flink-identity-1                | [main] INFO org.apache.flink.runtime.rpc.pekko.PekkoRpcServiceUtils - Actor system started at pekko://flink-metrics
flink-identity-1                | [main] INFO org.apache.flink.runtime.rpc.pekko.PekkoRpcService - Starting RPC endpoint for org.apache.flink.runtime.metrics.dump.MetricQueryService at pekko://flink-metrics/user/rpc/MetricQueryService .
flink-identity-1                | [main] INFO org.apache.flink.runtime.security.token.DefaultDelegationTokenManager - Loading delegation token providers
flink-identity-1                | [main] INFO org.apache.flink.runtime.security.token.hadoop.HadoopFSDelegationTokenProvider - Hadoop FS is not available (not packaged with this application): NoClassDefFoundError : "org/apache/hadoop/conf/Configuration".
flink-identity-1                | [main] INFO org.apache.flink.runtime.security.token.DefaultDelegationTokenManager - Delegation token provider hadoopfs loaded and initialized
flink-identity-1                | [main] INFO org.apache.flink.runtime.security.token.DefaultDelegationTokenManager - Delegation token provider hbase loaded and initialized
flink-identity-1                | [main] INFO org.apache.flink.runtime.security.token.DefaultDelegationTokenManager - Delegation token providers loaded successfully
flink-identity-1                | [main] INFO org.apache.flink.runtime.security.token.DelegationTokenReceiverRepository - Loading delegation token receivers
flink-identity-1                | [main] INFO org.apache.flink.runtime.security.token.DelegationTokenReceiverRepository - Delegation token receiver hadoopfs loaded and initialized
flink-identity-1                | [main] INFO org.apache.flink.runtime.security.token.DelegationTokenReceiverRepository - Delegation token receiver hbase loaded and initialized
flink-identity-1                | [main] INFO org.apache.flink.runtime.security.token.DelegationTokenReceiverRepository - Delegation token receivers loaded successfully
flink-identity-1                | [main] INFO org.apache.flink.runtime.security.token.DefaultDelegationTokenManager - Checking provider and receiver instances consistency
flink-identity-1                | [main] INFO org.apache.flink.runtime.security.token.DefaultDelegationTokenManager - Provider and receiver instances are consistent
flink-identity-1                | [main] INFO org.apache.flink.runtime.security.token.DefaultDelegationTokenManager - Obtaining delegation tokens
flink-identity-1                | [main] INFO org.apache.flink.runtime.security.token.DefaultDelegationTokenManager - Delegation tokens obtained successfully
flink-identity-1                | [main] WARN org.apache.flink.runtime.security.token.DefaultDelegationTokenManager - No tokens obtained so skipping notifications
flink-identity-1                | [main] INFO org.apache.flink.runtime.security.token.DelegationTokenReceiverRepository - Loading delegation token receivers
flink-identity-1                | [main] INFO org.apache.flink.runtime.security.token.DelegationTokenReceiverRepository - Delegation token receiver hadoopfs loaded and initialized
flink-identity-1                | [main] INFO org.apache.flink.runtime.security.token.DelegationTokenReceiverRepository - Delegation token receiver hbase loaded and initialized
flink-identity-1                | [main] INFO org.apache.flink.runtime.security.token.DelegationTokenReceiverRepository - Delegation token receivers loaded successfully
flink-identity-1                | [main] INFO org.apache.flink.runtime.blob.BlobServer - Created BLOB server storage directory /tmp/minicluster_c3507697c4823d40344168f806f18c64/blobStorage
flink-identity-1                | [main] INFO org.apache.flink.runtime.blob.BlobServer - Started BLOB server at 0.0.0.0:34735 - max concurrent requests: 50 - max backlog: 1000
flink-identity-1                | [main] INFO org.apache.flink.runtime.blob.PermanentBlobCache - Created BLOB cache storage directory /tmp/minicluster_c3507697c4823d40344168f806f18c64/blobStorage
flink-identity-1                | [main] INFO org.apache.flink.runtime.blob.TransientBlobCache - Created BLOB cache storage directory /tmp/minicluster_c3507697c4823d40344168f806f18c64/blobStorage
flink-identity-1                | [main] INFO org.apache.flink.runtime.minicluster.MiniCluster - Starting 1 TaskManager(s)
flink-identity-1                | [main] INFO org.apache.flink.runtime.taskexecutor.TaskManagerRunner - Starting TaskManager with ResourceID: d09d5995-612c-47e8-9982-845070e99522
flink-identity-1                | [main] INFO org.apache.flink.runtime.taskexecutor.TaskManagerServices - Temporary file directory '/tmp': total 937 GB, usable 648 GB (69.16% usable)
flink-identity-1                | [main] INFO org.apache.flink.runtime.io.disk.iomanager.IOManager - Created a new FileChannelManager for spilling of task related data to disk (joins, sorting, ...). Used directories:
flink-identity-1                | 	/tmp/flink-io-58676387-c241-410d-b971-c9ce81736efd
flink-identity-1                | [main] INFO org.apache.flink.runtime.io.network.NettyShuffleServiceFactory - Created a new FileChannelManager for storing result partitions of BLOCKING shuffles. Used directories:
flink-identity-1                | 	/tmp/flink-netty-shuffle-3a214737-8990-4d10-9f74-16b04f46f8d3
flink-identity-1                | [main] INFO org.apache.flink.runtime.io.network.buffer.NetworkBufferPool - Allocated 64 MB for network buffer pool (number of memory segments: 2048, bytes per segment: 32768).
flink-identity-1                | [main] INFO org.apache.flink.runtime.io.network.NettyShuffleEnvironment - Starting the network environment and its components.
flink-identity-1                | [main] INFO org.apache.flink.runtime.taskexecutor.TaskManagerServices - TaskManager data connection initialized successfully; listening internally on port: -1
flink-identity-1                | [main] INFO org.apache.flink.runtime.taskexecutor.KvStateService - Starting the kvState service and its components.
flink-identity-1                | [main] INFO org.apache.flink.configuration.Configuration - Config uses fallback configuration key 'pekko.ask.timeout' instead of key 'taskmanager.slot.timeout'
flink-identity-1                | [main] INFO org.apache.flink.runtime.rpc.pekko.PekkoRpcService - Starting RPC endpoint for org.apache.flink.runtime.taskexecutor.TaskExecutor at pekko://flink/user/rpc/taskmanager_0 .
flink-identity-1                | [flink-pekko.actor.default-dispatcher-4] INFO org.apache.flink.runtime.taskexecutor.DefaultJobLeaderService - Start job leader service.
flink-identity-1                | [flink-pekko.actor.default-dispatcher-4] INFO org.apache.flink.runtime.filecache.FileCache - User file cache uses directory /tmp/flink-dist-cache-8e20a574-2b8f-4b26-8b8a-ae3dcad4075f
flink-identity-1                | [main] INFO org.apache.flink.runtime.dispatcher.DispatcherRestEndpoint - Upload directory /tmp/flink-web-upload does not exist. 
flink-identity-1                | [main] INFO org.apache.flink.runtime.dispatcher.DispatcherRestEndpoint - Created directory /tmp/flink-web-upload for file uploads.
flink-identity-1                | [main] INFO org.apache.flink.runtime.dispatcher.DispatcherRestEndpoint - Starting rest endpoint.
flink-identity-1                | [main] INFO org.apache.flink.runtime.dispatcher.DispatcherRestEndpoint - Failed to load web based job submission extension. Probable reason: flink-runtime-web is not in the classpath.
flink-identity-1                | [main] WARN org.apache.flink.runtime.webmonitor.WebMonitorUtils - Log file environment variable 'log.file' is not set.
flink-identity-1                | [main] WARN org.apache.flink.runtime.webmonitor.WebMonitorUtils - JobManager log files are unavailable in the web dashboard. Log file location not found in environment variable 'log.file' or configuration key 'web.log.path'.
flink-identity-1                | [main] INFO org.apache.flink.runtime.dispatcher.DispatcherRestEndpoint - Rest endpoint listening at localhost:34935
flink-identity-1                | [main] INFO org.apache.flink.runtime.highavailability.nonha.embedded.EmbeddedLeaderService - Proposing leadership to the contender that is registered under component ID 'rest_server'.
flink-identity-1                | [mini-cluster-io-thread-1] INFO org.apache.flink.runtime.dispatcher.DispatcherRestEndpoint - http://localhost:34935 was granted leadership with leaderSessionID=2729e005-182a-4332-8767-0586e2e8af35
flink-identity-1                | [mini-cluster-io-thread-1] INFO org.apache.flink.runtime.highavailability.nonha.embedded.EmbeddedLeaderService - Received confirmation of leadership for leader http://localhost:34935 , session=2729e005-182a-4332-8767-0586e2e8af35
flink-identity-1                | [main] INFO org.apache.flink.runtime.highavailability.nonha.embedded.EmbeddedLeaderService - Proposing leadership to the contender that is registered under component ID 'dispatcher'.
flink-identity-1                | [main] INFO org.apache.flink.runtime.resourcemanager.ResourceManagerServiceImpl - Starting resource manager service.
flink-identity-1                | [main] INFO org.apache.flink.runtime.highavailability.nonha.embedded.EmbeddedLeaderService - Proposing leadership to the contender that is registered under component ID 'resource_manager'.
flink-identity-1                | [mini-cluster-io-thread-2] INFO org.apache.flink.runtime.dispatcher.runner.DefaultDispatcherRunner - DefaultDispatcherRunner was granted leadership with leader id 5c955617-25f2-4de6-9e7a-5df24ee6aad3. Creating new DispatcherLeaderProcess.
flink-identity-1                | [pool-2-thread-1] INFO org.apache.flink.runtime.resourcemanager.ResourceManagerServiceImpl - Resource manager service is granted leadership with session id ebe77230-6b5c-45a6-b525-51daac61b8fc.
flink-identity-1                | [main] INFO org.apache.flink.runtime.minicluster.MiniCluster - Flink Mini Cluster started successfully
flink-identity-1                | [mini-cluster-io-thread-2] INFO org.apache.flink.runtime.dispatcher.runner.SessionDispatcherLeaderProcess - Start SessionDispatcherLeaderProcess.
flink-identity-1                | [mini-cluster-io-thread-1] INFO org.apache.flink.runtime.dispatcher.runner.SessionDispatcherLeaderProcess - Recover all persisted job graphs that are not finished, yet.
flink-identity-1                | [mini-cluster-io-thread-1] INFO org.apache.flink.runtime.dispatcher.runner.SessionDispatcherLeaderProcess - Successfully recovered 0 persisted job graphs.
flink-identity-1                | [pool-2-thread-1] INFO org.apache.flink.runtime.rpc.pekko.PekkoRpcService - Starting RPC endpoint for org.apache.flink.runtime.resourcemanager.StandaloneResourceManager at pekko://flink/user/rpc/resourcemanager_1 .
flink-identity-1                | [mini-cluster-io-thread-1] INFO org.apache.flink.runtime.rpc.pekko.PekkoRpcService - Starting RPC endpoint for org.apache.flink.runtime.dispatcher.StandaloneDispatcher at pekko://flink/user/rpc/dispatcher_2 .
flink-identity-1                | [flink-pekko.actor.default-dispatcher-4] INFO org.apache.flink.runtime.resourcemanager.StandaloneResourceManager - Starting the resource manager.
flink-identity-1                | [flink-pekko.actor.default-dispatcher-4] INFO org.apache.flink.runtime.resourcemanager.slotmanager.FineGrainedSlotManager - Starting the slot manager.
flink-identity-1                | [flink-pekko.actor.default-dispatcher-4] INFO org.apache.flink.runtime.security.token.DefaultDelegationTokenManager - Starting tokens update task
flink-identity-1                | [flink-pekko.actor.default-dispatcher-4] WARN org.apache.flink.runtime.security.token.DefaultDelegationTokenManager - No tokens obtained so skipping notifications
flink-identity-1                | [flink-pekko.actor.default-dispatcher-4] WARN org.apache.flink.runtime.security.token.DefaultDelegationTokenManager - Tokens update task not started because either no tokens obtained or none of the tokens specified its renewal date
flink-identity-1                | [mini-cluster-io-thread-4] INFO org.apache.flink.runtime.highavailability.nonha.embedded.EmbeddedLeaderService - Received confirmation of leadership for leader pekko://flink/user/rpc/resourcemanager_1 , session=ebe77230-6b5c-45a6-b525-51daac61b8fc
flink-identity-1                | [flink-pekko.actor.default-dispatcher-4] INFO org.apache.flink.runtime.taskexecutor.TaskExecutor - Connecting to ResourceManager pekko://flink/user/rpc/resourcemanager_1(b52551daac61b8fcebe772306b5c45a6).
flink-identity-1                | [mini-cluster-io-thread-1] INFO org.apache.flink.runtime.highavailability.nonha.embedded.EmbeddedLeaderService - Received confirmation of leadership for leader pekko://flink/user/rpc/dispatcher_2 , session=5c955617-25f2-4de6-9e7a-5df24ee6aad3
stream-state-bench-flink-kafka  | 	group.consumer.max.session.timeout.ms = 60000
stream-state-bench-flink-kafka  | 	group.consumer.max.size = 2147483647
stream-state-bench-flink-kafka  | 	group.consumer.migration.policy = bidirectional
stream-state-bench-flink-kafka  | 	group.consumer.min.assignment.interval.ms = 0
stream-state-bench-flink-kafka  | 	group.consumer.min.heartbeat.interval.ms = 5000
stream-state-bench-flink-kafka  | 	group.consumer.min.session.timeout.ms = 45000
stream-state-bench-flink-kafka  | 	group.consumer.regex.refresh.interval.ms = 600000
stream-state-bench-flink-kafka  | 	group.consumer.session.timeout.ms = 45000
stream-state-bench-flink-kafka  | 	group.coordinator.append.linger.ms = -1
stream-state-bench-flink-kafka  | 	group.coordinator.background.threads = 2
stream-state-bench-flink-kafka  | 	group.coordinator.cached.buffer.max.bytes = 1048588
stream-state-bench-flink-kafka  | 	group.coordinator.rebalance.protocols = [classic, consumer, streams]
stream-state-bench-flink-kafka  | 	group.coordinator.threads = 4
stream-state-bench-flink-kafka  | 	group.initial.rebalance.delay.ms = 0
stream-state-bench-flink-kafka  | 	group.max.session.timeout.ms = 1800000
flink-identity-1                | [flink-pekko.actor.default-dispatcher-8] INFO org.apache.flink.runtime.taskexecutor.TaskExecutor - Resolved ResourceManager address, beginning registration
flink-identity-1                | [flink-pekko.actor.default-dispatcher-7] INFO org.apache.flink.runtime.resourcemanager.StandaloneResourceManager - Registering TaskManager with ResourceID d09d5995-612c-47e8-9982-845070e99522 (pekko://flink/user/rpc/taskmanager_0) at ResourceManager
stream-state-bench-flink-kafka  | 	group.max.size = 2147483647
stream-state-bench-flink-kafka  | 	group.min.session.timeout.ms = 6000
stream-state-bench-flink-kafka  | 	group.share.assignment.interval.ms = 1000
stream-state-bench-flink-kafka  | 	group.share.assignors = [simple]
stream-state-bench-flink-kafka  | 	group.share.heartbeat.interval.ms = 5000
stream-state-bench-flink-kafka  | 	group.share.initialize.retry.interval.ms = 30000
stream-state-bench-flink-kafka  | 	group.share.max.assignment.interval.ms = 15000
stream-state-bench-flink-kafka  | 	group.share.max.heartbeat.interval.ms = 15000
stream-state-bench-flink-kafka  | 	group.share.max.session.timeout.ms = 60000
stream-state-bench-flink-kafka  | 	group.share.max.size = 200
stream-state-bench-flink-kafka  | 	group.share.min.assignment.interval.ms = 0
stream-state-bench-flink-kafka  | 	group.share.min.heartbeat.interval.ms = 5000
flink-identity-1                | [flink-pekko.actor.default-dispatcher-6] INFO org.apache.flink.runtime.taskexecutor.TaskExecutor - Successful registration at resource manager pekko://flink/user/rpc/resourcemanager_1 under registration id 16aaa5316f29c98abf8b7d5922542e01.
stream-state-bench-flink-kafka  | 	group.share.min.session.timeout.ms = 45000
flink-identity-1                | [flink-pekko.actor.default-dispatcher-7] INFO org.apache.flink.runtime.dispatcher.StandaloneDispatcher - Received job submission 'stream-state-bench-flink-tumbling_count' (81d0c12e6e2b706d6acae259b27c5c53).
stream-state-bench-flink-kafka  | 	group.share.session.timeout.ms = 45000
flink-identity-1                | [flink-pekko.actor.default-dispatcher-8] INFO org.apache.flink.runtime.resourcemanager.slotmanager.FineGrainedSlotManager - Registering task executor d09d5995-612c-47e8-9982-845070e99522 under 16aaa5316f29c98abf8b7d5922542e01 at the slot manager.
flink-identity-1                | [flink-pekko.actor.default-dispatcher-7] INFO org.apache.flink.runtime.dispatcher.StandaloneDispatcher - Submitting job 'stream-state-bench-flink-tumbling_count' (81d0c12e6e2b706d6acae259b27c5c53).
flink-identity-1                | [flink-pekko.actor.default-dispatcher-7] INFO org.apache.flink.runtime.highavailability.nonha.embedded.EmbeddedLeaderService - Proposing leadership to the contender that is registered under component ID 'job-81d0c12e6e2b706d6acae259b27c5c53'.
flink-identity-1                | [mini-cluster-io-thread-1] INFO org.apache.flink.runtime.jobmaster.JobMasterServiceLeadershipRunner - JobMasterServiceLeadershipRunner for job 81d0c12e6e2b706d6acae259b27c5c53 was granted leadership with leader id 430594ef-7e61-4843-a3b9-15a79d1f7d82. Creating new JobMasterServiceProcess.
flink-identity-1                | [jobmanager-io-thread-1] INFO org.apache.flink.runtime.rpc.pekko.PekkoRpcService - Starting RPC endpoint for org.apache.flink.runtime.jobmaster.JobMaster at pekko://flink/user/rpc/jobmanager_3 .
flink-identity-1                | [jobmanager-io-thread-1] INFO org.apache.flink.runtime.jobmaster.JobMaster - Initializing job 'stream-state-bench-flink-tumbling_count' (81d0c12e6e2b706d6acae259b27c5c53).
flink-identity-1                | [jobmanager-io-thread-1] INFO org.apache.flink.runtime.jobmaster.JobMaster - Using restart back off time strategy ExponentialDelayRestartBackoffTimeStrategy(initialBackoffMS=1000, maxBackoffMS=60000, backoffMultiplier=1.5, resetBackoffThresholdMS=3600000, jitterFactor=0.1, attemptsBeforeResetBackoff=2147483647, currentRestartAttempt=0, nextRestartTimestamp=-2147483648) for stream-state-bench-flink-tumbling_count (81d0c12e6e2b706d6acae259b27c5c53).
flink-identity-1                | [jobmanager-io-thread-1] INFO org.apache.flink.runtime.executiongraph.ExecutionGraph - Created execution graph f67c671d1a422d2a060dccff5f8eaedd for job 81d0c12e6e2b706d6acae259b27c5c53.
flink-identity-1                | [jobmanager-io-thread-1] INFO org.apache.flink.runtime.jobmaster.JobMaster - Running initialization on master for job stream-state-bench-flink-tumbling_count (81d0c12e6e2b706d6acae259b27c5c53).
flink-identity-1                | [jobmanager-io-thread-1] INFO org.apache.flink.runtime.jobmaster.JobMaster - Successfully ran initialization on master in 0 ms.
stream-state-bench-flink-kafka  | 	group.streams.assignment.interval.ms = 1000
stream-state-bench-flink-kafka  | 	group.streams.heartbeat.interval.ms = 5000
stream-state-bench-flink-kafka  | 	group.streams.initial.rebalance.delay.ms = 3000
stream-state-bench-flink-kafka  | 	group.streams.max.assignment.interval.ms = 15000
stream-state-bench-flink-kafka  | 	group.streams.max.heartbeat.interval.ms = 15000
stream-state-bench-flink-kafka  | 	group.streams.max.session.timeout.ms = 60000
stream-state-bench-flink-kafka  | 	group.streams.max.size = 2147483647
stream-state-bench-flink-kafka  | 	group.streams.max.standby.replicas = 2
stream-state-bench-flink-kafka  | 	group.streams.min.assignment.interval.ms = 0
stream-state-bench-flink-kafka  | 	group.streams.min.heartbeat.interval.ms = 5000
stream-state-bench-flink-kafka  | 	group.streams.min.session.timeout.ms = 45000
stream-state-bench-flink-kafka  | 	group.streams.num.standby.replicas = 0
stream-state-bench-flink-kafka  | 	group.streams.session.timeout.ms = 45000
flink-identity-1                | [jobmanager-io-thread-1] INFO org.apache.flink.runtime.scheduler.adapter.DefaultExecutionTopology - Built 1 new pipelined regions in 0 ms, total 1 pipelined regions currently.
flink-identity-1                | [jobmanager-io-thread-1] INFO org.apache.flink.runtime.jobmaster.JobMaster - State backend is set to heap memory org.apache.flink.runtime.state.hashmap.HashMapStateBackend@21ed87df
flink-identity-1                | [jobmanager-io-thread-1] INFO org.apache.flink.runtime.state.StateBackendLoader - State backend loader loads the state backend as HashMapStateBackend
flink-identity-1                | [jobmanager-io-thread-1] INFO org.apache.flink.runtime.jobmaster.JobMaster - Checkpoint storage is set to 'filesystem': (checkpoints "file:/tmp/flink-checkpoints")
flink-identity-1                | [jobmanager-io-thread-1] INFO org.apache.flink.core.fs.FileSystem - Hadoop is not in the classpath/dependencies. The extended set of supported File Systems via Hadoop is not available.
flink-identity-1                | [jobmanager-io-thread-1] INFO org.apache.flink.runtime.checkpoint.CheckpointCoordinator - No checkpoint found during restore.
flink-identity-1                | [jobmanager-io-thread-1] INFO org.apache.flink.runtime.checkpoint.CheckpointCoordinator - Starting job 81d0c12e6e2b706d6acae259b27c5c53 from savepoint file:///tmp/flink-checkpoints/02b3dbab0f15bf6cf77273b1882133a4/chk-4302 ()
flink-identity-1                | [flink-pekko.actor.default-dispatcher-7] INFO org.apache.flink.runtime.dispatcher.StandaloneDispatcher - Job 81d0c12e6e2b706d6acae259b27c5c53 reached terminal state FAILED.
flink-identity-1                | org.apache.flink.runtime.client.JobInitializationException: Could not start the JobMaster.
flink-identity-1                | 	at org.apache.flink.runtime.jobmaster.DefaultJobMasterServiceProcess.lambda$new$0(DefaultJobMasterServiceProcess.java:97)
flink-identity-1                | 	at java.base/java.util.concurrent.CompletableFuture.uniWhenComplete(Unknown Source)
flink-identity-1                | 	at java.base/java.util.concurrent.CompletableFuture$UniWhenComplete.tryFire(Unknown Source)
flink-identity-1                | 	at java.base/java.util.concurrent.CompletableFuture.postComplete(Unknown Source)
flink-identity-1                | 	at java.base/java.util.concurrent.CompletableFuture$AsyncSupply.run(Unknown Source)
flink-identity-1                | 	at org.apache.flink.util.MdcUtils.lambda$wrapRunnable$1(MdcUtils.java:70)
flink-identity-1                | 	at java.base/java.util.concurrent.ThreadPoolExecutor.runWorker(Unknown Source)
flink-identity-1                | 	at java.base/java.util.concurrent.ThreadPoolExecutor$Worker.run(Unknown Source)
flink-identity-1                | 	at java.base/java.lang.Thread.run(Unknown Source)
flink-identity-1                | Caused by: java.util.concurrent.CompletionException: java.lang.IllegalStateException: Failed to rollback to checkpoint/savepoint file:/tmp/flink-checkpoints/02b3dbab0f15bf6cf77273b1882133a4/chk-4302. Cannot map checkpoint/savepoint state for operator ba40499bacce995f15693b1735928377 to the new program, because the operator is not available in the new program. If you want to allow to skip this, you can set the --allowNonRestoredState option on the CLI.
flink-identity-1                | 	at java.base/java.util.concurrent.CompletableFuture.encodeThrowable(Unknown Source)
stream-state-bench-flink-kafka  | 	offset.metadata.max.bytes = 4096
stream-state-bench-flink-kafka  | 	offsets.commit.timeout.ms = 5000
stream-state-bench-flink-kafka  | 	offsets.load.buffer.size = 5242880
stream-state-bench-flink-kafka  | 	offsets.retention.check.interval.ms = 600000
stream-state-bench-flink-kafka  | 	offsets.retention.minutes = 10080
stream-state-bench-flink-kafka  | 	offsets.topic.compression.codec = 0
stream-state-bench-flink-kafka  | 	offsets.topic.num.partitions = 50
stream-state-bench-flink-kafka  | 	offsets.topic.replication.factor = 1
stream-state-bench-flink-kafka  | 	offsets.topic.segment.bytes = 104857600
stream-state-bench-flink-kafka  |  (org.apache.kafka.common.config.AbstractConfig)
stream-state-bench-flink-kafka  | [2026-07-17 16:48:57,240] INFO [ControllerRegistrationManager id=1 incarnation=h6Hj-2MDRHa65pWBFpyUCw] sendControllerRegistration: attempting to send ControllerRegistrationRequestData(controllerId=1, incarnationId=h6Hj-2MDRHa65pWBFpyUCw, zkMigrationReady=false, listeners=[Listener(name='CONTROLLER', host='kafka', port=9093, securityProtocol=0)], features=[Feature(name='group.version', minSupportedVersion=0, maxSupportedVersion=1), Feature(name='kraft.version', minSupportedVersion=0, maxSupportedVersion=1), Feature(name='metadata.version', minSupportedVersion=7, maxSupportedVersion=30), Feature(name='share.version', minSupportedVersion=0, maxSupportedVersion=1), Feature(name='streams.version', minSupportedVersion=0, maxSupportedVersion=1), Feature(name='transaction.version', minSupportedVersion=0, maxSupportedVersion=2), Feature(name='eligible.leader.replicas.version', minSupportedVersion=0, maxSupportedVersion=1)]) (kafka.server.ControllerRegistrationManager)
stream-state-bench-flink-kafka  | [2026-07-17 16:48:57,242] INFO KafkaConfig values: 
stream-state-bench-flink-kafka  | 	add.partitions.to.txn.retry.backoff.max.ms = 100
flink-identity-1                | 	at java.base/java.util.concurrent.CompletableFuture.completeThrowable(Unknown Source)
flink-identity-1                | 	... 5 more
flink-identity-1                | Caused by: java.lang.IllegalStateException: Failed to rollback to checkpoint/savepoint file:/tmp/flink-checkpoints/02b3dbab0f15bf6cf77273b1882133a4/chk-4302. Cannot map checkpoint/savepoint state for operator ba40499bacce995f15693b1735928377 to the new program, because the operator is not available in the new program. If you want to allow to skip this, you can set the --allowNonRestoredState option on the CLI.
flink-identity-1                | 	at org.apache.flink.runtime.checkpoint.Checkpoints.throwNonRestoredStateException(Checkpoints.java:240)
flink-identity-1                | 	at org.apache.flink.runtime.checkpoint.Checkpoints.loadAndValidateCheckpoint(Checkpoints.java:205)
flink-identity-1                | 	at org.apache.flink.runtime.checkpoint.CheckpointCoordinator.restoreSavepoint(CheckpointCoordinator.java:1914)
flink-identity-1                | 	at org.apache.flink.runtime.scheduler.DefaultExecutionGraphFactory.tryRestoreExecutionGraphFromSavepoint(DefaultExecutionGraphFactory.java:217)
flink-identity-1                | 	at org.apache.flink.runtime.scheduler.DefaultExecutionGraphFactory.createAndRestoreExecutionGraph(DefaultExecutionGraphFactory.java:192)
flink-identity-1                | 	at org.apache.flink.runtime.scheduler.SchedulerBase.createAndRestoreExecutionGraph(SchedulerBase.java:430)
flink-identity-1                | 	at org.apache.flink.runtime.scheduler.SchedulerBase.<init>(SchedulerBase.java:255)
flink-identity-1                | 	at org.apache.flink.runtime.scheduler.DefaultScheduler.<init>(DefaultScheduler.java:144)
flink-identity-1                | 	at org.apache.flink.runtime.scheduler.DefaultSchedulerFactory.createInstance(DefaultSchedulerFactory.java:173)
stream-state-bench-flink-kafka  | 	add.partitions.to.txn.retry.backoff.ms = 20
stream-state-bench-flink-kafka  | 	advertised.listeners = [PLAINTEXT://kafka:9092]
stream-state-bench-flink-kafka  | 	alter.config.policy.class.name = null
stream-state-bench-flink-kafka  | 	alter.log.dirs.replication.quota.window.num = 11
stream-state-bench-flink-kafka  | 	alter.log.dirs.replication.quota.window.size.seconds = 1
stream-state-bench-flink-kafka  | 	authorizer.class.name = 
stream-state-bench-flink-kafka  | 	auto.create.topics.enable = false
stream-state-bench-flink-kafka  | 	auto.leader.rebalance.enable = true
stream-state-bench-flink-kafka  | 	background.threads = 10
stream-state-bench-flink-kafka  | 	broker.heartbeat.interval.ms = 2000
stream-state-bench-flink-kafka  | 	broker.id = 1
stream-state-bench-flink-kafka  | 	broker.rack = null
stream-state-bench-flink-kafka  | 	broker.session.timeout.ms = 9000
stream-state-bench-flink-kafka  | 	client.quota.callback.class = null
stream-state-bench-flink-kafka  | 	compression.gzip.level = -1
flink-identity-1                | 	at org.apache.flink.runtime.jobmaster.DefaultSlotPoolServiceSchedulerFactory.createScheduler(DefaultSlotPoolServiceSchedulerFactory.java:131)
flink-identity-1                | 	at org.apache.flink.runtime.jobmaster.JobMaster.createScheduler(JobMaster.java:419)
flink-identity-1                | 	at org.apache.flink.runtime.jobmaster.JobMaster.<init>(JobMaster.java:396)
flink-identity-1                | 	at org.apache.flink.runtime.jobmaster.factories.DefaultJobMasterServiceFactory.internalCreateJobMasterService(DefaultJobMasterServiceFactory.java:128)
flink-identity-1                | 	at org.apache.flink.runtime.jobmaster.factories.DefaultJobMasterServiceFactory.lambda$createJobMasterService$0(DefaultJobMasterServiceFactory.java:100)
flink-identity-1                | 	at org.apache.flink.util.function.FunctionUtils.lambda$uncheckedSupplier$4(FunctionUtils.java:112)
stream-state-bench-flink-kafka  | 	compression.lz4.level = 9
stream-state-bench-flink-kafka  | 	compression.type = producer
stream-state-bench-flink-kafka  | 	compression.zstd.level = 3
flink-identity-1                | 	... 5 more
flink-identity-1                | [ForkJoinPool.commonPool-worker-2] INFO org.apache.flink.runtime.minicluster.MiniCluster - Shutting down Flink Mini Cluster
flink-identity-1                | [flink-pekko.actor.default-dispatcher-6] INFO org.apache.flink.runtime.taskexecutor.TaskExecutor - Stopping TaskExecutor pekko://flink/user/rpc/taskmanager_0.
flink-identity-1                | [flink-pekko.actor.default-dispatcher-6] INFO org.apache.flink.runtime.taskexecutor.TaskExecutor - Close ResourceManager connection 81d44a1d55e984d8c1e014f18f1c3506.
flink-identity-1                | [flink-pekko.actor.default-dispatcher-7] INFO org.apache.flink.runtime.resourcemanager.StandaloneResourceManager - Closing TaskExecutor connection d09d5995-612c-47e8-9982-845070e99522 because: The TaskExecutor is shutting down.
flink-identity-1                | [flink-pekko.actor.default-dispatcher-7] INFO org.apache.flink.runtime.resourcemanager.slotmanager.FineGrainedSlotManager - Unregistering task executor 16aaa5316f29c98abf8b7d5922542e01 from the slot manager.
flink-identity-1                | [flink-pekko.actor.default-dispatcher-6] INFO org.apache.flink.runtime.state.TaskExecutorStateChangelogStoragesManager - Shutting down TaskExecutorStateChangelogStoragesManager.
flink-identity-1                | [flink-pekko.actor.default-dispatcher-6] INFO org.apache.flink.runtime.state.TaskExecutorChannelStateExecutorFactoryManager - Shutting down TaskExecutorChannelStateExecutorFactoryManager.
flink-identity-1                | [ForkJoinPool.commonPool-worker-2] INFO org.apache.flink.runtime.dispatcher.DispatcherRestEndpoint - Shutting down rest endpoint.
flink-identity-1                | [flink-pekko.actor.default-dispatcher-6] INFO org.apache.flink.runtime.taskexecutor.DefaultJobLeaderService - Stop job leader service.
flink-identity-1                | [flink-pekko.actor.default-dispatcher-6] INFO org.apache.flink.runtime.state.TaskExecutorLocalStateStoresManager - Shutting down TaskExecutorLocalStateStoresManager.
flink-identity-1                | [flink-pekko.actor.default-dispatcher-6] INFO org.apache.flink.runtime.io.disk.FileChannelManagerImpl - FileChannelManager removed spill file directory /tmp/flink-io-58676387-c241-410d-b971-c9ce81736efd
flink-identity-1                | [flink-pekko.actor.default-dispatcher-6] INFO org.apache.flink.runtime.io.network.NettyShuffleEnvironment - Shutting down the network environment and its components.
flink-identity-1                | [ForkJoinPool.commonPool-worker-2] ERROR org.apache.flink.client.deployment.executors.LocalExecutor - Failed to submit job graph to local mini cluster.
flink-identity-1                | java.util.concurrent.CompletionException: java.lang.RuntimeException: org.apache.flink.runtime.client.JobInitializationException: Could not start the JobMaster.
flink-identity-1                | 	at java.base/java.util.concurrent.CompletableFuture.encodeThrowable(Unknown Source)
flink-identity-1                | 	at java.base/java.util.concurrent.CompletableFuture.completeThrowable(Unknown Source)
flink-identity-1                | 	at java.base/java.util.concurrent.CompletableFuture$UniApply.tryFire(Unknown Source)
flink-identity-1                | 	at java.base/java.util.concurrent.CompletableFuture$Completion.exec(Unknown Source)
flink-identity-1                | 	at java.base/java.util.concurrent.ForkJoinTask.doExec(Unknown Source)
flink-identity-1                | 	at java.base/java.util.concurrent.ForkJoinPool$WorkQueue.topLevelExec(Unknown Source)
flink-identity-1                | 	at java.base/java.util.concurrent.ForkJoinPool.scan(Unknown Source)
flink-identity-1                | 	at java.base/java.util.concurrent.ForkJoinPool.runWorker(Unknown Source)
flink-identity-1                | 	at java.base/java.util.concurrent.ForkJoinWorkerThread.run(Unknown Source)
flink-identity-1                | Caused by: java.lang.RuntimeException: org.apache.flink.runtime.client.JobInitializationException: Could not start the JobMaster.
flink-identity-1                | 	at org.apache.flink.util.ExceptionUtils.rethrow(ExceptionUtils.java:321)
flink-identity-1                | 	at org.apache.flink.util.function.FunctionUtils.lambda$uncheckedFunction$2(FunctionUtils.java:75)
flink-identity-1                | 	... 7 more
flink-identity-1                | Caused by: org.apache.flink.runtime.client.JobInitializationException: Could not start the JobMaster.
flink-identity-1                | 	at org.apache.flink.runtime.jobmaster.DefaultJobMasterServiceProcess.lambda$new$0(DefaultJobMasterServiceProcess.java:97)
flink-identity-1                | 	at java.base/java.util.concurrent.CompletableFuture.uniWhenComplete(Unknown Source)
flink-identity-1                | 	at java.base/java.util.concurrent.CompletableFuture$UniWhenComplete.tryFire(Unknown Source)
flink-identity-1                | 	at java.base/java.util.concurrent.CompletableFuture.postComplete(Unknown Source)
flink-identity-1                | 	at java.base/java.util.concurrent.CompletableFuture$AsyncSupply.run(Unknown Source)
flink-identity-1                | 	at org.apache.flink.util.MdcUtils.lambda$wrapRunnable$1(MdcUtils.java:70)
flink-identity-1                | 	at java.base/java.util.concurrent.ThreadPoolExecutor.runWorker(Unknown Source)
flink-identity-1                | 	at java.base/java.util.concurrent.ThreadPoolExecutor$Worker.run(Unknown Source)
flink-identity-1                | 	at java.base/java.lang.Thread.run(Unknown Source)
flink-identity-1                | Caused by: java.util.concurrent.CompletionException: java.lang.IllegalStateException: Failed to rollback to checkpoint/savepoint file:/tmp/flink-checkpoints/02b3dbab0f15bf6cf77273b1882133a4/chk-4302. Cannot map checkpoint/savepoint state for operator ba40499bacce995f15693b1735928377 to the new program, because the operator is not available in the new program. If you want to allow to skip this, you can set the --allowNonRestoredState option on the CLI.
flink-identity-1                | 	at java.base/java.util.concurrent.CompletableFuture.encodeThrowable(Unknown Source)
flink-identity-1                | 	at java.base/java.util.concurrent.CompletableFuture.completeThrowable(Unknown Source)
flink-identity-1                | 	... 5 more
flink-identity-1                | Caused by: java.lang.IllegalStateException: Failed to rollback to checkpoint/savepoint file:/tmp/flink-checkpoints/02b3dbab0f15bf6cf77273b1882133a4/chk-4302. Cannot map checkpoint/savepoint state for operator ba40499bacce995f15693b1735928377 to the new program, because the operator is not available in the new program. If you want to allow to skip this, you can set the --allowNonRestoredState option on the CLI.
stream-state-bench-flink-kafka  | 	config.providers = []
stream-state-bench-flink-kafka  | 	connection.failed.authentication.delay.ms = 100
stream-state-bench-flink-kafka  | 	connections.max.idle.ms = 600000
stream-state-bench-flink-kafka  | 	connections.max.reauth.ms = 0
stream-state-bench-flink-kafka  | 	controlled.shutdown.enable = true
stream-state-bench-flink-kafka  | 	controller.listener.names = [CONTROLLER]
stream-state-bench-flink-kafka  | 	controller.performance.always.log.threshold.ms = 2000
stream-state-bench-flink-kafka  | 	controller.performance.sample.period.ms = 60000
stream-state-bench-flink-kafka  | 	controller.quorum.append.linger.ms = 25
stream-state-bench-flink-kafka  | 	controller.quorum.auto.join.enable = false
stream-state-bench-flink-kafka  | 	controller.quorum.bootstrap.servers = []
stream-state-bench-flink-kafka  | 	controller.quorum.election.backoff.max.ms = 1000
stream-state-bench-flink-kafka  | 	controller.quorum.election.timeout.ms = 1000
stream-state-bench-flink-kafka  | 	controller.quorum.fetch.max.bytes = 1048576
flink-identity-1                | 	at org.apache.flink.runtime.checkpoint.Checkpoints.throwNonRestoredStateException(Checkpoints.java:240)
flink-identity-1                | 	at org.apache.flink.runtime.checkpoint.Checkpoints.loadAndValidateCheckpoint(Checkpoints.java:205)
flink-identity-1                | 	at org.apache.flink.runtime.checkpoint.CheckpointCoordinator.restoreSavepoint(CheckpointCoordinator.java:1914)
flink-identity-1                | 	at org.apache.flink.runtime.scheduler.DefaultExecutionGraphFactory.tryRestoreExecutionGraphFromSavepoint(DefaultExecutionGraphFactory.java:217)
flink-identity-1                | 	at org.apache.flink.runtime.scheduler.DefaultExecutionGraphFactory.createAndRestoreExecutionGraph(DefaultExecutionGraphFactory.java:192)
flink-identity-1                | 	at org.apache.flink.runtime.scheduler.SchedulerBase.createAndRestoreExecutionGraph(SchedulerBase.java:430)
flink-identity-1                | 	at org.apache.flink.runtime.scheduler.SchedulerBase.<init>(SchedulerBase.java:255)
flink-identity-1                | 	at org.apache.flink.runtime.scheduler.DefaultScheduler.<init>(DefaultScheduler.java:144)
flink-identity-1                | 	at org.apache.flink.runtime.scheduler.DefaultSchedulerFactory.createInstance(DefaultSchedulerFactory.java:173)
flink-identity-1                | 	at org.apache.flink.runtime.jobmaster.DefaultSlotPoolServiceSchedulerFactory.createScheduler(DefaultSlotPoolServiceSchedulerFactory.java:131)
stream-state-bench-flink-kafka  | 	controller.quorum.fetch.snapshot.max.bytes = 1048576
flink-identity-1                | 	at org.apache.flink.runtime.jobmaster.JobMaster.createScheduler(JobMaster.java:419)
stream-state-bench-flink-kafka  | 	controller.quorum.fetch.timeout.ms = 2000
flink-identity-1                | 	at org.apache.flink.runtime.jobmaster.JobMaster.<init>(JobMaster.java:396)
flink-identity-1                | 	at org.apache.flink.runtime.jobmaster.factories.DefaultJobMasterServiceFactory.internalCreateJobMasterService(DefaultJobMasterServiceFactory.java:128)
flink-identity-1                | 	at org.apache.flink.runtime.jobmaster.factories.DefaultJobMasterServiceFactory.lambda$createJobMasterService$0(DefaultJobMasterServiceFactory.java:100)
flink-identity-1                | 	at org.apache.flink.util.function.FunctionUtils.lambda$uncheckedSupplier$4(FunctionUtils.java:112)
stream-state-bench-flink-kafka  | 	controller.quorum.request.timeout.ms = 2000
stream-state-bench-flink-kafka  | 	controller.quorum.retry.backoff.ms = 20
stream-state-bench-flink-kafka  | 	controller.quorum.voters = [1@kafka:9093]
stream-state-bench-flink-kafka  | 	controller.quota.window.num = 11
stream-state-bench-flink-kafka  | 	controller.quota.window.size.seconds = 1
stream-state-bench-flink-kafka  | 	controller.socket.timeout.ms = 30000
stream-state-bench-flink-kafka  | 	cordoned.log.dirs = []
stream-state-bench-flink-kafka  | 	create.topic.policy.class.name = null
stream-state-bench-flink-kafka  | 	default.replication.factor = 1
stream-state-bench-flink-kafka  | 	delegation.token.expiry.check.interval.ms = 3600000
stream-state-bench-flink-kafka  | 	delegation.token.expiry.time.ms = 86400000
stream-state-bench-flink-kafka  | 	delegation.token.max.lifetime.ms = 604800000
stream-state-bench-flink-kafka  | 	delegation.token.secret.key = null
stream-state-bench-flink-kafka  | 	delete.records.purgatory.purge.interval.requests = 1
stream-state-bench-flink-kafka  | 	delete.topic.enable = true
stream-state-bench-flink-kafka  | 	early.start.listeners = null
stream-state-bench-flink-kafka  | 	fetch.max.bytes = 57671680
stream-state-bench-flink-kafka  | 	fetch.purgatory.purge.interval.requests = 1000
stream-state-bench-flink-kafka  | 	follower.fetch.last.tiered.offset.enable = false
stream-state-bench-flink-kafka  | 	group.consumer.assignment.interval.ms = 1000
stream-state-bench-flink-kafka  | 	group.consumer.assignors = [uniform, range]
stream-state-bench-flink-kafka  | 	group.consumer.heartbeat.interval.ms = 5000
stream-state-bench-flink-kafka  | 	group.consumer.max.assignment.interval.ms = 15000
stream-state-bench-flink-kafka  | 	group.consumer.max.heartbeat.interval.ms = 15000
flink-identity-1                | 	... 5 more
flink-identity-1                | Exception in thread "main" org.apache.flink.util.FlinkException: Failed to execute job 'stream-state-bench-flink-tumbling_count'.
flink-identity-1                | 	at org.apache.flink.streaming.api.environment.StreamExecutionEnvironment.executeAsync(StreamExecutionEnvironment.java:2008)
flink-identity-1                | 	at org.apache.flink.streaming.api.environment.StreamExecutionEnvironment.execute(StreamExecutionEnvironment.java:1872)
flink-identity-1                | 	at org.apache.flink.streaming.api.environment.LocalStreamEnvironment.execute(LocalStreamEnvironment.java:68)
flink-identity-1                | 	at org.apache.flink.streaming.api.environment.StreamExecutionEnvironment.execute(StreamExecutionEnvironment.java:1846)
flink-identity-1                | 	at bench.FlinkIdentityJob.main(FlinkIdentityJob.java:146)
flink-identity-1                | Caused by: java.lang.RuntimeException: org.apache.flink.runtime.client.JobInitializationException: Could not start the JobMaster.
flink-identity-1                | 	at org.apache.flink.util.ExceptionUtils.rethrow(ExceptionUtils.java:321)
flink-identity-1                | 	at org.apache.flink.util.function.FunctionUtils.lambda$uncheckedFunction$2(FunctionUtils.java:75)
flink-identity-1                | 	at java.base/java.util.concurrent.CompletableFuture$UniApply.tryFire(Unknown Source)
flink-identity-1                | 	at java.base/java.util.concurrent.CompletableFuture$Completion.exec(Unknown Source)
flink-identity-1                | 	at java.base/java.util.concurrent.ForkJoinTask.doExec(Unknown Source)
flink-identity-1                | 	at java.base/java.util.concurrent.ForkJoinPool$WorkQueue.topLevelExec(Unknown Source)
flink-identity-1                | 	at java.base/java.util.concurrent.ForkJoinPool.scan(Unknown Source)
flink-identity-1                | 	at java.base/java.util.concurrent.ForkJoinPool.runWorker(Unknown Source)
flink-identity-1                | 	at java.base/java.util.concurrent.ForkJoinWorkerThread.run(Unknown Source)
flink-identity-1                | Caused by: org.apache.flink.runtime.client.JobInitializationException: Could not start the JobMaster.
flink-identity-1                | 	at org.apache.flink.runtime.jobmaster.DefaultJobMasterServiceProcess.lambda$new$0(DefaultJobMasterServiceProcess.java:97)
flink-identity-1                | 	at java.base/java.util.concurrent.CompletableFuture.uniWhenComplete(Unknown Source)
flink-identity-1                | 	at java.base/java.util.concurrent.CompletableFuture$UniWhenComplete.tryFire(Unknown Source)
flink-identity-1                | 	at java.base/java.util.concurrent.CompletableFuture.postComplete(Unknown Source)
flink-identity-1                | 	at java.base/java.util.concurrent.CompletableFuture$AsyncSupply.run(Unknown Source)
flink-identity-1                | 	at org.apache.flink.util.MdcUtils.lambda$wrapRunnable$1(MdcUtils.java:70)
flink-identity-1                | 	at java.base/java.util.concurrent.ThreadPoolExecutor.runWorker(Unknown Source)
flink-identity-1                | 	at java.base/java.util.concurrent.ThreadPoolExecutor$Worker.run(Unknown Source)
flink-identity-1                | 	at java.base/java.lang.Thread.run(Unknown Source)
flink-identity-1                | Caused by: java.util.concurrent.CompletionException: java.lang.IllegalStateException: Failed to rollback to checkpoint/savepoint file:/tmp/flink-checkpoints/02b3dbab0f15bf6cf77273b1882133a4/chk-4302. Cannot map checkpoint/savepoint state for operator ba40499bacce995f15693b1735928377 to the new program, because the operator is not available in the new program. If you want to allow to skip this, you can set the --allowNonRestoredState option on the CLI.
flink-identity-1                | 	at java.base/java.util.concurrent.CompletableFuture.encodeThrowable(Unknown Source)
flink-identity-1                | 	at java.base/java.util.concurrent.CompletableFuture.completeThrowable(Unknown Source)
flink-identity-1                | 	... 5 more
flink-identity-1                | Caused by: java.lang.IllegalStateException: Failed to rollback to checkpoint/savepoint file:/tmp/flink-checkpoints/02b3dbab0f15bf6cf77273b1882133a4/chk-4302. Cannot map checkpoint/savepoint state for operator ba40499bacce995f15693b1735928377 to the new program, because the operator is not available in the new program. If you want to allow to skip this, you can set the --allowNonRestoredState option on the CLI.
flink-identity-1                | 	at org.apache.flink.runtime.checkpoint.Checkpoints.throwNonRestoredStateException(Checkpoints.java:240)
flink-identity-1                | 	at org.apache.flink.runtime.checkpoint.Checkpoints.loadAndValidateCheckpoint(Checkpoints.java:205)
stream-state-bench-flink-kafka  | 	group.consumer.max.session.timeout.ms = 60000
stream-state-bench-flink-kafka  | 	group.consumer.max.size = 2147483647
stream-state-bench-flink-kafka  | 	group.consumer.migration.policy = bidirectional
stream-state-bench-flink-kafka  | 	group.consumer.min.assignment.interval.ms = 0
stream-state-bench-flink-kafka  | 	group.consumer.min.heartbeat.interval.ms = 5000
stream-state-bench-flink-kafka  | 	group.consumer.min.session.timeout.ms = 45000
stream-state-bench-flink-kafka  | 	group.consumer.regex.refresh.interval.ms = 600000
stream-state-bench-flink-kafka  | 	group.consumer.session.timeout.ms = 45000
stream-state-bench-flink-kafka  | 	group.coordinator.append.linger.ms = -1
stream-state-bench-flink-kafka  | 	group.coordinator.background.threads = 2
stream-state-bench-flink-kafka  | 	group.coordinator.cached.buffer.max.bytes = 1048588
stream-state-bench-flink-kafka  | 	group.coordinator.rebalance.protocols = [classic, consumer, streams]
flink-identity-1                | 	at org.apache.flink.runtime.checkpoint.CheckpointCoordinator.restoreSavepoint(CheckpointCoordinator.java:1914)
flink-identity-1                | 	at org.apache.flink.runtime.scheduler.DefaultExecutionGraphFactory.tryRestoreExecutionGraphFromSavepoint(DefaultExecutionGraphFactory.java:217)
flink-identity-1                | 	at org.apache.flink.runtime.scheduler.DefaultExecutionGraphFactory.createAndRestoreExecutionGraph(DefaultExecutionGraphFactory.java:192)
flink-identity-1                | 	at org.apache.flink.runtime.scheduler.SchedulerBase.createAndRestoreExecutionGraph(SchedulerBase.java:430)
flink-identity-1                | 	at org.apache.flink.runtime.scheduler.SchedulerBase.<init>(SchedulerBase.java:255)
flink-identity-1                | 	at org.apache.flink.runtime.scheduler.DefaultScheduler.<init>(DefaultScheduler.java:144)
flink-identity-1                | 	at org.apache.flink.runtime.scheduler.DefaultSchedulerFactory.createInstance(DefaultSchedulerFactory.java:173)
flink-identity-1                | 	at org.apache.flink.runtime.jobmaster.DefaultSlotPoolServiceSchedulerFactory.createScheduler(DefaultSlotPoolServiceSchedulerFactory.java:131)
flink-identity-1                | 	at org.apache.flink.runtime.jobmaster.JobMaster.createScheduler(JobMaster.java:419)
flink-identity-1                | 	at org.apache.flink.runtime.jobmaster.JobMaster.<init>(JobMaster.java:396)
flink-identity-1                | 	at org.apache.flink.runtime.jobmaster.factories.DefaultJobMasterServiceFactory.internalCreateJobMasterService(DefaultJobMasterServiceFactory.java:128)
flink-identity-1                | 	at org.apache.flink.runtime.jobmaster.factories.DefaultJobMasterServiceFactory.lambda$createJobMasterService$0(DefaultJobMasterServiceFactory.java:100)
flink-identity-1                | 	at org.apache.flink.util.function.FunctionUtils.lambda$uncheckedSupplier$4(FunctionUtils.java:112)
stream-state-bench-flink-kafka  | 	group.coordinator.threads = 4
stream-state-bench-flink-kafka  | 	group.initial.rebalance.delay.ms = 0
stream-state-bench-flink-kafka  | 	group.max.session.timeout.ms = 1800000
stream-state-bench-flink-kafka  | 	group.max.size = 2147483647
stream-state-bench-flink-kafka  | 	group.min.session.timeout.ms = 6000
stream-state-bench-flink-kafka  | 	group.share.assignment.interval.ms = 1000
stream-state-bench-flink-kafka  | 	group.share.assignors = [simple]
stream-state-bench-flink-kafka  | 	group.share.delivery.count.limit = 5
stream-state-bench-flink-kafka  | 	group.share.heartbeat.interval.ms = 5000
stream-state-bench-flink-kafka  | 	group.share.initialize.retry.interval.ms = 30000
stream-state-bench-flink-kafka  | 	group.share.max.assignment.interval.ms = 15000
stream-state-bench-flink-kafka  | 	group.share.max.delivery.count.limit = 10
stream-state-bench-flink-kafka  | 	group.share.max.heartbeat.interval.ms = 15000
stream-state-bench-flink-kafka  | 	group.share.max.partition.max.record.locks = 4000
stream-state-bench-flink-kafka  | 	group.share.max.record.lock.duration.ms = 60000
stream-state-bench-flink-kafka  | 	group.share.max.session.timeout.ms = 60000
stream-state-bench-flink-kafka  | 	group.share.max.share.sessions = 2000
stream-state-bench-flink-kafka  | 	group.share.max.size = 200
stream-state-bench-flink-kafka  | 	group.share.min.assignment.interval.ms = 0
stream-state-bench-flink-kafka  | 	group.share.min.delivery.count.limit = 2
stream-state-bench-flink-kafka  | 	group.share.min.heartbeat.interval.ms = 5000
stream-state-bench-flink-kafka  | 	group.share.min.partition.max.record.locks = 100
flink-identity-1                | 	... 5 more
flink-identity-1                | [flink-pekko.actor.default-dispatcher-6] INFO org.apache.flink.runtime.io.disk.FileChannelManagerImpl - FileChannelManager removed spill file directory /tmp/flink-netty-shuffle-3a214737-8990-4d10-9f74-16b04f46f8d3
flink-identity-1                | [flink-pekko.actor.default-dispatcher-6] INFO org.apache.flink.runtime.taskexecutor.KvStateService - Shutting down the kvState service and its components.
flink-identity-1                | [flink-pekko.actor.default-dispatcher-6] INFO org.apache.flink.runtime.taskexecutor.DefaultJobLeaderService - Stop job leader service.
flink-identity-1                | [flink-pekko.actor.default-dispatcher-6] INFO org.apache.flink.runtime.filecache.FileCache - removed file cache directory /tmp/flink-dist-cache-8e20a574-2b8f-4b26-8b8a-ae3dcad4075f
flink-identity-1                | [flink-pekko.actor.default-dispatcher-6] INFO org.apache.flink.runtime.taskexecutor.TaskExecutor - Stopped TaskExecutor pekko://flink/user/rpc/taskmanager_0.
flink-identity-1                | [ForkJoinPool.commonPool-worker-2] INFO org.apache.flink.runtime.dispatcher.DispatcherRestEndpoint - Removing cache directory /tmp/flink-web-ui
flink-identity-1                | [ForkJoinPool.commonPool-worker-2] INFO org.apache.flink.runtime.dispatcher.DispatcherRestEndpoint - http://localhost:34935 lost leadership
flink-identity-1                | [ForkJoinPool.commonPool-worker-2] INFO org.apache.flink.runtime.dispatcher.DispatcherRestEndpoint - Shut down complete.
flink-identity-1                | [flink-pekko.actor.default-dispatcher-7] INFO org.apache.flink.runtime.resourcemanager.StandaloneResourceManager - Shut down cluster because application is in CANCELED, diagnostics DispatcherResourceManagerComponent has been closed..
flink-identity-1                | [flink-pekko.actor.default-dispatcher-8] INFO org.apache.flink.runtime.entrypoint.component.DispatcherResourceManagerComponent - Closing components.
flink-identity-1                | [flink-pekko.actor.default-dispatcher-8] INFO org.apache.flink.runtime.dispatcher.runner.SessionDispatcherLeaderProcess - Stopping SessionDispatcherLeaderProcess.
flink-identity-1                | [flink-pekko.actor.default-dispatcher-8] INFO org.apache.flink.runtime.resourcemanager.ResourceManagerServiceImpl - Stopping resource manager service.
flink-identity-1                | [flink-pekko.actor.default-dispatcher-7] INFO org.apache.flink.runtime.dispatcher.StandaloneDispatcher - Stopping dispatcher pekko://flink/user/rpc/dispatcher_2.
flink-identity-1                | [flink-pekko.actor.default-dispatcher-7] INFO org.apache.flink.runtime.dispatcher.StandaloneDispatcher - Stopping all currently running jobs of dispatcher pekko://flink/user/rpc/dispatcher_2.
flink-identity-1                | [flink-pekko.actor.default-dispatcher-6] INFO org.apache.flink.runtime.security.token.DefaultDelegationTokenManager - Stopping credential renewal
flink-identity-1                | [flink-pekko.actor.default-dispatcher-6] INFO org.apache.flink.runtime.security.token.DefaultDelegationTokenManager - Stopped credential renewal
flink-identity-1                | [pool-2-thread-1] INFO org.apache.flink.runtime.resourcemanager.ResourceManagerServiceImpl - Resource manager service is not running. Ignore revoking leadership.
stream-state-bench-flink-kafka  | 	group.share.min.record.lock.duration.ms = 15000
stream-state-bench-flink-kafka  | 	group.share.min.session.timeout.ms = 45000
stream-state-bench-flink-kafka  | 	group.share.partition.max.record.locks = 2000
stream-state-bench-flink-kafka  | 	group.share.persister.class.name = org.apache.kafka.server.share.persister.DefaultStatePersister
stream-state-bench-flink-kafka  | 	group.share.record.lock.duration.ms = 30000
stream-state-bench-flink-kafka  | 	group.share.session.timeout.ms = 45000
stream-state-bench-flink-kafka  | 	group.streams.assignment.interval.ms = 1000
stream-state-bench-flink-kafka  | 	group.streams.heartbeat.interval.ms = 5000
stream-state-bench-flink-kafka  | 	group.streams.initial.rebalance.delay.ms = 3000
stream-state-bench-flink-kafka  | 	group.streams.max.assignment.interval.ms = 15000
stream-state-bench-flink-kafka  | 	group.streams.max.heartbeat.interval.ms = 15000
stream-state-bench-flink-kafka  | 	group.streams.max.session.timeout.ms = 60000
flink-identity-1                | [flink-pekko.actor.default-dispatcher-6] INFO org.apache.flink.runtime.resourcemanager.slotmanager.FineGrainedSlotManager - Closing the slot manager.
flink-identity-1                | [flink-pekko.actor.default-dispatcher-6] INFO org.apache.flink.runtime.resourcemanager.slotmanager.FineGrainedSlotManager - Suspending the slot manager.
flink-identity-1                | [flink-pekko.actor.default-dispatcher-7] INFO org.apache.flink.runtime.dispatcher.StandaloneDispatcher - Stopped dispatcher pekko://flink/user/rpc/dispatcher_2.
flink-identity-1                | [mini-cluster-io-thread-4] INFO org.apache.flink.runtime.rpc.pekko.PekkoRpcService - Stopping Pekko RPC service.
flink-identity-1                | [flink-metrics-5] INFO org.apache.pekko.actor.CoordinatedShutdown - Running CoordinatedShutdown with reason [ActorSystemTerminateReason]
flink-identity-1                | [flink-metrics-5] INFO org.apache.flink.runtime.rpc.pekko.PekkoRpcService - Stopping Pekko RPC service.
flink-identity-1                | [flink-metrics-5] INFO org.apache.flink.runtime.rpc.pekko.PekkoRpcService - Stopped Pekko RPC service.
flink-identity-1                | [flink-pekko.actor.default-dispatcher-7] INFO org.apache.pekko.actor.CoordinatedShutdown - Running CoordinatedShutdown with reason [ActorSystemTerminateReason]
flink-identity-1                | [flink-pekko.actor.default-dispatcher-6] INFO org.apache.flink.runtime.blob.PermanentBlobCache - Shutting down BLOB cache
flink-identity-1                | [flink-pekko.actor.default-dispatcher-6] INFO org.apache.flink.runtime.blob.TransientBlobCache - Shutting down BLOB cache
flink-identity-1                | [flink-pekko.actor.default-dispatcher-6] INFO org.apache.flink.runtime.blob.BlobServer - Stopped BLOB server at 0.0.0.0:34735
flink-identity-1                | [flink-pekko.actor.default-dispatcher-6] INFO org.apache.flink.runtime.rpc.pekko.PekkoRpcService - Stopped Pekko RPC service.
flink-identity-1                | [TaskExecutorFileMergingManager shutdown hook] INFO org.apache.flink.runtime.state.TaskExecutorFileMergingManager - Shutting down TaskExecutorFileMergingManager.
stream-state-bench-flink-kafka  | 	group.streams.max.size = 2147483647
stream-state-bench-flink-kafka  | 	group.streams.max.standby.replicas = 2
stream-state-bench-flink-kafka  | 	group.streams.min.assignment.interval.ms = 0
stream-state-bench-flink-kafka  | 	group.streams.min.heartbeat.interval.ms = 5000
stream-state-bench-flink-kafka  | 	group.streams.min.session.timeout.ms = 45000
stream-state-bench-flink-kafka  | 	group.streams.num.standby.replicas = 0
stream-state-bench-flink-kafka  | 	group.streams.session.timeout.ms = 45000
stream-state-bench-flink-kafka  | 	initial.broker.registration.timeout.ms = 60000
stream-state-bench-flink-kafka  | 	inter.broker.listener.name = null
stream-state-bench-flink-kafka  | 	internal.metadata.delete.delay.millis = 60000
stream-state-bench-flink-kafka  | 	internal.metadata.log.segment.bytes = null
stream-state-bench-flink-kafka  | 	internal.metadata.max.batch.size.in.bytes = 8388608
stream-state-bench-flink-kafka  | 	kafka.metrics.polling.interval.secs = 10
stream-state-bench-flink-kafka  | 	kafka.metrics.reporters = []
stream-state-bench-flink-kafka  | 	leader.imbalance.check.interval.seconds = 300
stream-state-bench-flink-kafka  | 	listener.security.protocol.map = CONTROLLER:PLAINTEXT,PLAINTEXT:PLAINTEXT
stream-state-bench-flink-kafka  | 	listeners = [PLAINTEXT://:9092, CONTROLLER://:9093]
stream-state-bench-flink-kafka  | 	log.cleaner.backoff.ms = 15000
stream-state-bench-flink-kafka  | 	log.cleaner.dedupe.buffer.size = 134217728
stream-state-bench-flink-kafka  | 	log.cleaner.delete.retention.ms = 86400000
stream-state-bench-flink-kafka  | 	log.cleaner.enable = true
stream-state-bench-flink-kafka  | 	log.cleaner.io.buffer.load.factor = 0.9
stream-state-bench-flink-kafka  | 	log.cleaner.io.buffer.size = 524288
stream-state-bench-flink-kafka  | 	log.cleaner.io.max.bytes.per.second = 1.7976931348623157E308
stream-state-bench-flink-kafka  | 	log.cleaner.max.compaction.lag.ms = 9223372036854775807
stream-state-bench-flink-kafka  | 	log.cleaner.min.cleanable.ratio = 0.5
stream-state-bench-flink-kafka  | 	log.cleaner.min.compaction.lag.ms = 0
stream-state-bench-flink-kafka  | 	log.cleaner.threads = 1
stream-state-bench-flink-kafka  | 	log.cleanup.policy = [delete]
stream-state-bench-flink-kafka  | 	log.dir = [/tmp/kafka-logs]
stream-state-bench-flink-kafka  | 	log.dir.failure.timeout.ms = 30000
stream-state-bench-flink-kafka  | 	log.dirs = null
stream-state-bench-flink-kafka  | 	log.flush.interval.messages = 9223372036854775807
stream-state-bench-flink-kafka  | 	log.flush.interval.ms = null
stream-state-bench-flink-kafka  | 	log.flush.offset.checkpoint.interval.ms = 60000
stream-state-bench-flink-kafka  | 	log.flush.scheduler.interval.ms = 9223372036854775807
stream-state-bench-flink-kafka  | 	log.flush.start.offset.checkpoint.interval.ms = 60000
stream-state-bench-flink-kafka  | 	log.index.interval.bytes = 4096
stream-state-bench-flink-kafka  | 	log.index.size.max.bytes = 10485760
stream-state-bench-flink-kafka  | 	log.initial.task.delay.ms = 30000
stream-state-bench-flink-kafka  | 	log.local.retention.bytes = -2
stream-state-bench-flink-kafka  | 	log.local.retention.ms = -2
stream-state-bench-flink-kafka  | 	log.message.timestamp.after.max.ms = 3600000
stream-state-bench-flink-kafka  | 	log.message.timestamp.before.max.ms = 9223372036854775807
stream-state-bench-flink-kafka  | 	log.message.timestamp.type = CreateTime
stream-state-bench-flink-kafka  | 	log.preallocate = false
stream-state-bench-flink-kafka  | 	log.retention.bytes = -1
stream-state-bench-flink-kafka  | 	log.retention.check.interval.ms = 300000
stream-state-bench-flink-kafka  | 	log.retention.hours = 168
stream-state-bench-flink-kafka  | 	log.retention.minutes = null
stream-state-bench-flink-kafka  | 	log.retention.ms = null
stream-state-bench-flink-kafka  | 	log.roll.hours = 168
stream-state-bench-flink-kafka  | 	log.roll.jitter.hours = 0
stream-state-bench-flink-kafka  | 	log.roll.jitter.ms = null
stream-state-bench-flink-kafka  | 	log.roll.ms = null
stream-state-bench-flink-kafka  | 	log.segment.bytes = 1073741824
stream-state-bench-flink-kafka  | 	log.segment.delete.delay.ms = 60000
stream-state-bench-flink-kafka  | 	max.connection.creation.rate = 2147483647
stream-state-bench-flink-kafka  | 	max.connections = 2147483647
stream-state-bench-flink-kafka  | 	max.connections.per.ip = 2147483647
stream-state-bench-flink-kafka  | 	max.connections.per.ip.overrides = 
stream-state-bench-flink-kafka  | 	max.incremental.fetch.session.cache.slots = 1000
stream-state-bench-flink-kafka  | 	max.request.partition.size.limit = 2000
stream-state-bench-flink-kafka  | 	message.max.bytes = 1048588
stream-state-bench-flink-kafka  | 	metadata.log.dir = null
stream-state-bench-flink-kafka  | 	metadata.log.max.record.bytes.between.snapshots = 20971520
stream-state-bench-flink-kafka  | 	metadata.log.max.snapshot.interval.ms = 3600000
stream-state-bench-flink-kafka  | 	metadata.log.segment.bytes = 1073741824
stream-state-bench-flink-kafka  | 	metadata.log.segment.ms = 604800000
stream-state-bench-flink-kafka  | 	metadata.max.idle.interval.ms = 500
stream-state-bench-flink-kafka  | 	metadata.max.retention.bytes = 104857600
stream-state-bench-flink-kafka  | 	metadata.max.retention.ms = 604800000
stream-state-bench-flink-kafka  | 	metric.reporters = [org.apache.kafka.common.metrics.JmxReporter]
stream-state-bench-flink-kafka  | 	metrics.num.samples = 2
stream-state-bench-flink-kafka  | 	metrics.recording.level = INFO
stream-state-bench-flink-kafka  | 	metrics.sample.window.ms = 30000
stream-state-bench-flink-kafka  | 	min.insync.replicas = 1
stream-state-bench-flink-kafka  | 	node.id = 1
stream-state-bench-flink-kafka  | 	num.io.threads = 8
stream-state-bench-flink-kafka  | 	num.network.threads = 3
stream-state-bench-flink-kafka  | 	num.partitions = 1
stream-state-bench-flink-kafka  | 	num.recovery.threads.per.data.dir = 2
stream-state-bench-flink-kafka  | 	num.replica.alter.log.dirs.threads = null
stream-state-bench-flink-kafka  | 	num.replica.fetchers = 1
stream-state-bench-flink-kafka  | 	offset.metadata.max.bytes = 4096
stream-state-bench-flink-kafka  | 	offsets.commit.timeout.ms = 5000
stream-state-bench-flink-kafka  | 	offsets.load.buffer.size = 5242880
stream-state-bench-flink-kafka  | 	offsets.retention.check.interval.ms = 600000
stream-state-bench-flink-kafka  | 	offsets.retention.minutes = 10080
stream-state-bench-flink-kafka  | 	offsets.topic.compression.codec = 0
stream-state-bench-flink-kafka  | 	offsets.topic.num.partitions = 50
stream-state-bench-flink-kafka  | 	offsets.topic.replication.factor = 1
stream-state-bench-flink-kafka  | 	offsets.topic.segment.bytes = 104857600
stream-state-bench-flink-kafka  | 	principal.builder.class = class org.apache.kafka.common.security.authenticator.DefaultKafkaPrincipalBuilder
stream-state-bench-flink-kafka  | 	process.roles = [broker, controller]
stream-state-bench-flink-kafka  | 	producer.id.expiration.check.interval.ms = 600000
stream-state-bench-flink-kafka  | 	producer.id.expiration.ms = 86400000
stream-state-bench-flink-kafka  | 	producer.purgatory.purge.interval.requests = 1000
stream-state-bench-flink-kafka  | 	queued.max.request.bytes = -1
stream-state-bench-flink-kafka  | 	queued.max.requests = 500
stream-state-bench-flink-kafka  | 	quota.window.num = 11
stream-state-bench-flink-kafka  | 	quota.window.size.seconds = 1
stream-state-bench-flink-kafka  | 	remote.fetch.max.wait.ms = 500
stream-state-bench-flink-kafka  | 	remote.list.offsets.request.timeout.ms = 30000
stream-state-bench-flink-kafka  | 	remote.log.index.file.cache.total.size.bytes = 1073741824
stream-state-bench-flink-kafka  | 	remote.log.index.file.cache.ttl.ms = 900000
stream-state-bench-flink-kafka  | 	remote.log.manager.copier.thread.pool.size = 10
stream-state-bench-flink-kafka  | 	remote.log.manager.copy.max.bytes.per.second = 9223372036854775807
stream-state-bench-flink-kafka  | 	remote.log.manager.copy.quota.window.num = 11
stream-state-bench-flink-kafka  | 	remote.log.manager.copy.quota.window.size.seconds = 1
stream-state-bench-flink-kafka  | 	remote.log.manager.expiration.thread.pool.size = 10
stream-state-bench-flink-kafka  | 	remote.log.manager.fetch.max.bytes.per.second = 9223372036854775807
stream-state-bench-flink-kafka  | 	remote.log.manager.fetch.quota.window.num = 11
stream-state-bench-flink-kafka  | 	remote.log.manager.fetch.quota.window.size.seconds = 1
stream-state-bench-flink-kafka  | 	remote.log.manager.follower.thread.pool.size = 2
stream-state-bench-flink-kafka  | 	remote.log.manager.task.interval.ms = 30000
stream-state-bench-flink-kafka  | 	remote.log.manager.task.retry.backoff.max.ms = 30000
stream-state-bench-flink-kafka  | 	remote.log.manager.task.retry.backoff.ms = 500
stream-state-bench-flink-kafka  | 	remote.log.manager.task.retry.jitter = 0.2
stream-state-bench-flink-kafka  | 	remote.log.manager.thread.pool.size = 2
stream-state-bench-flink-kafka  | 	remote.log.metadata.custom.metadata.max.bytes = 128
stream-state-bench-flink-kafka  | 	remote.log.metadata.manager.class.name = org.apache.kafka.server.log.remote.metadata.storage.TopicBasedRemoteLogMetadataManager
stream-state-bench-flink-kafka  | 	remote.log.metadata.manager.class.path = null
stream-state-bench-flink-kafka  | 	remote.log.metadata.manager.impl.prefix = rlmm.config.
stream-state-bench-flink-kafka  | 	remote.log.metadata.manager.listener.name = null
stream-state-bench-flink-kafka  | 	remote.log.reader.max.pending.tasks = 100
stream-state-bench-flink-kafka  | 	remote.log.reader.threads = 10
stream-state-bench-flink-kafka  | 	remote.log.storage.manager.class.name = null
stream-state-bench-flink-kafka  | 	remote.log.storage.manager.class.path = null
stream-state-bench-flink-kafka  | 	remote.log.storage.manager.impl.prefix = rsm.config.
stream-state-bench-flink-kafka  | 	remote.log.storage.system.enable = false
stream-state-bench-flink-kafka  | 	replica.fetch.backoff.ms = 1000
stream-state-bench-flink-kafka  | 	replica.fetch.max.bytes = 1048576
stream-state-bench-flink-kafka  | 	replica.fetch.min.bytes = 1
stream-state-bench-flink-kafka  | 	replica.fetch.response.max.bytes = 10485760
stream-state-bench-flink-kafka  | 	replica.fetch.wait.max.ms = 500
stream-state-bench-flink-kafka  | 	replica.high.watermark.checkpoint.interval.ms = 5000
stream-state-bench-flink-kafka  | 	replica.lag.time.max.ms = 30000
stream-state-bench-flink-kafka  | 	replica.selector.class = null
stream-state-bench-flink-kafka  | 	replica.socket.receive.buffer.bytes = 65536
stream-state-bench-flink-kafka  | 	replica.socket.timeout.ms = 30000
stream-state-bench-flink-kafka  | 	replication.quota.window.num = 11
stream-state-bench-flink-kafka  | 	replication.quota.window.size.seconds = 1
stream-state-bench-flink-kafka  | 	request.timeout.ms = 30000
stream-state-bench-flink-kafka  | 	sasl.client.callback.handler.class = null
stream-state-bench-flink-kafka  | 	sasl.enabled.mechanisms = [GSSAPI]
stream-state-bench-flink-kafka  | 	sasl.jaas.config = null
stream-state-bench-flink-kafka  | 	sasl.kerberos.kinit.cmd = /usr/bin/kinit
stream-state-bench-flink-kafka  | 	sasl.kerberos.min.time.before.relogin = 60000
stream-state-bench-flink-kafka  | 	sasl.kerberos.principal.to.local.rules = [DEFAULT]
stream-state-bench-flink-kafka  | 	sasl.kerberos.service.name = null
stream-state-bench-flink-kafka  | 	sasl.kerberos.ticket.renew.jitter = 0.05
stream-state-bench-flink-kafka  | 	sasl.kerberos.ticket.renew.window.factor = 0.8
stream-state-bench-flink-kafka  | 	sasl.login.callback.handler.class = null
stream-state-bench-flink-kafka  | 	sasl.login.class = null
stream-state-bench-flink-kafka  | 	sasl.login.connect.timeout.ms = null
stream-state-bench-flink-kafka  | 	sasl.login.read.timeout.ms = null
stream-state-bench-flink-kafka  | 	sasl.login.refresh.buffer.seconds = 300
stream-state-bench-flink-kafka  | 	sasl.login.refresh.min.period.seconds = 60
stream-state-bench-flink-kafka  | 	sasl.login.refresh.window.factor = 0.8
stream-state-bench-flink-kafka  | 	sasl.login.refresh.window.jitter = 0.05
stream-state-bench-flink-kafka  | 	sasl.login.retry.backoff.max.ms = 10000
stream-state-bench-flink-kafka  | 	sasl.login.retry.backoff.ms = 100
stream-state-bench-flink-kafka  | 	sasl.mechanism.controller.protocol = GSSAPI
stream-state-bench-flink-kafka  | 	sasl.mechanism.inter.broker.protocol = GSSAPI
stream-state-bench-flink-kafka  | 	sasl.oauthbearer.assertion.algorithm = RS256
stream-state-bench-flink-kafka  | 	sasl.oauthbearer.assertion.claim.aud = null
stream-state-bench-flink-kafka  | 	sasl.oauthbearer.assertion.claim.exp.seconds = 300
stream-state-bench-flink-kafka  | 	sasl.oauthbearer.assertion.claim.iss = null
stream-state-bench-flink-kafka  | 	sasl.oauthbearer.assertion.claim.jti.include = false
stream-state-bench-flink-kafka  | 	sasl.oauthbearer.assertion.claim.nbf.seconds = 60
stream-state-bench-flink-kafka  | 	sasl.oauthbearer.assertion.claim.sub = null
stream-state-bench-flink-kafka  | 	sasl.oauthbearer.assertion.file = null
stream-state-bench-flink-kafka  | 	sasl.oauthbearer.assertion.private.key.file = null
stream-state-bench-flink-kafka  | 	sasl.oauthbearer.assertion.private.key.passphrase = null
stream-state-bench-flink-kafka  | 	sasl.oauthbearer.assertion.template.file = null
stream-state-bench-flink-kafka  | 	sasl.oauthbearer.client.credentials.client.id = null
stream-state-bench-flink-kafka  | 	sasl.oauthbearer.client.credentials.client.secret = null
stream-state-bench-flink-kafka  | 	sasl.oauthbearer.clock.skew.seconds = 30
stream-state-bench-flink-kafka  | 	sasl.oauthbearer.expected.audience = []
stream-state-bench-flink-kafka  | 	sasl.oauthbearer.expected.issuer = null
stream-state-bench-flink-kafka  | 	sasl.oauthbearer.jwks.endpoint.refresh.ms = 3600000
stream-state-bench-flink-kafka  | 	sasl.oauthbearer.jwks.endpoint.retry.backoff.max.ms = 10000
stream-state-bench-flink-kafka  | 	sasl.oauthbearer.jwks.endpoint.retry.backoff.ms = 100
stream-state-bench-flink-kafka  | 	sasl.oauthbearer.jwks.endpoint.url = null
stream-state-bench-flink-kafka  | 	sasl.oauthbearer.jwt.retriever.class = class org.apache.kafka.common.security.oauthbearer.DefaultJwtRetriever
stream-state-bench-flink-kafka  | 	sasl.oauthbearer.jwt.validator.class = class org.apache.kafka.common.security.oauthbearer.DefaultJwtValidator
stream-state-bench-flink-kafka  | 	sasl.oauthbearer.scope = null
stream-state-bench-flink-kafka  | 	sasl.oauthbearer.scope.claim.name = scope
stream-state-bench-flink-kafka  | 	sasl.oauthbearer.sub.claim.name = sub
stream-state-bench-flink-kafka  | 	sasl.oauthbearer.token.endpoint.url = null
stream-state-bench-flink-kafka  | 	sasl.server.callback.handler.class = null
stream-state-bench-flink-kafka  | 	sasl.server.max.receive.size = 524288
stream-state-bench-flink-kafka  | 	security.inter.broker.protocol = PLAINTEXT
stream-state-bench-flink-kafka  | 	security.providers = null
stream-state-bench-flink-kafka  | 	server.max.startup.time.ms = 9223372036854775807
stream-state-bench-flink-kafka  | 	share.coordinator.append.linger.ms = -1
stream-state-bench-flink-kafka  | 	share.coordinator.cached.buffer.max.bytes = 1048588
stream-state-bench-flink-kafka  | 	share.coordinator.cold.partition.snapshot.interval.ms = 300000
stream-state-bench-flink-kafka  | 	share.coordinator.load.buffer.size = 5242880
stream-state-bench-flink-kafka  | 	share.coordinator.snapshot.update.records.per.snapshot = 500
stream-state-bench-flink-kafka  | 	share.coordinator.state.topic.compression.codec = 0
stream-state-bench-flink-kafka  | 	share.coordinator.state.topic.min.isr = 2
stream-state-bench-flink-kafka  | 	share.coordinator.state.topic.num.partitions = 50
stream-state-bench-flink-kafka  | 	share.coordinator.state.topic.prune.interval.ms = 300000
stream-state-bench-flink-kafka  | 	share.coordinator.state.topic.replication.factor = 3
stream-state-bench-flink-kafka  | 	share.coordinator.state.topic.segment.bytes = 104857600
stream-state-bench-flink-kafka  | 	share.coordinator.threads = 1
stream-state-bench-flink-kafka  | 	share.coordinator.write.timeout.ms = 5000
stream-state-bench-flink-kafka  | 	share.fetch.purgatory.purge.interval.requests = 1000
stream-state-bench-flink-kafka  | 	socket.connection.setup.timeout.max.ms = 30000
stream-state-bench-flink-kafka  | 	socket.connection.setup.timeout.ms = 10000
stream-state-bench-flink-kafka  | 	socket.listen.backlog.size = 50
stream-state-bench-flink-kafka  | 	socket.receive.buffer.bytes = 102400
stream-state-bench-flink-kafka  | 	socket.request.max.bytes = 104857600
stream-state-bench-flink-kafka  | 	socket.send.buffer.bytes = 102400
stream-state-bench-flink-kafka  | 	ssl.allow.dn.changes = false
stream-state-bench-flink-kafka  | 	ssl.allow.san.changes = false
stream-state-bench-flink-kafka  | 	ssl.cipher.suites = []
stream-state-bench-flink-kafka  | 	ssl.client.auth = none
stream-state-bench-flink-kafka  | 	ssl.enabled.protocols = [TLSv1.2, TLSv1.3]
stream-state-bench-flink-kafka  | 	ssl.endpoint.identification.algorithm = https
stream-state-bench-flink-kafka  | 	ssl.engine.factory.class = null
stream-state-bench-flink-kafka  | 	ssl.key.password = null
stream-state-bench-flink-kafka  | 	ssl.keymanager.algorithm = SunX509
stream-state-bench-flink-kafka  | 	ssl.keystore.certificate.chain = null
stream-state-bench-flink-kafka  | 	ssl.keystore.key = null
stream-state-bench-flink-kafka  | 	ssl.keystore.location = null
stream-state-bench-flink-kafka  | 	ssl.keystore.password = null
stream-state-bench-flink-kafka  | 	ssl.keystore.type = JKS
stream-state-bench-flink-kafka  | 	ssl.principal.mapping.rules = DEFAULT
stream-state-bench-flink-kafka  | 	ssl.protocol = TLSv1.3
stream-state-bench-flink-kafka  | 	ssl.provider = null
stream-state-bench-flink-kafka  | 	ssl.secure.random.implementation = null
stream-state-bench-flink-kafka  | 	ssl.trustmanager.algorithm = PKIX
stream-state-bench-flink-kafka  | 	ssl.truststore.certificates = null
stream-state-bench-flink-kafka  | 	ssl.truststore.location = null
stream-state-bench-flink-kafka  | 	ssl.truststore.password = null
stream-state-bench-flink-kafka  | 	ssl.truststore.type = JKS
stream-state-bench-flink-kafka  | 	telemetry.max.bytes = 1048576
stream-state-bench-flink-kafka  | 	transaction.abort.timed.out.transaction.cleanup.interval.ms = 10000
stream-state-bench-flink-kafka  | 	transaction.max.timeout.ms = 900000
stream-state-bench-flink-kafka  | 	transaction.partition.verification.enable = true
stream-state-bench-flink-kafka  | 	transaction.remove.expired.transaction.cleanup.interval.ms = 3600000
stream-state-bench-flink-kafka  | 	transaction.state.log.load.buffer.size = 5242880
stream-state-bench-flink-kafka  | 	transaction.state.log.min.isr = 1
stream-state-bench-flink-kafka  | 	transaction.state.log.num.partitions = 50
stream-state-bench-flink-kafka  | 	transaction.state.log.replication.factor = 1
stream-state-bench-flink-kafka  | 	transaction.state.log.segment.bytes = 104857600
stream-state-bench-flink-kafka  | 	transaction.two.phase.commit.enable = false
stream-state-bench-flink-kafka  | 	transactional.id.expiration.ms = 604800000
stream-state-bench-flink-kafka  | 	unclean.leader.election.enable = false
stream-state-bench-flink-kafka  | 	unclean.leader.election.interval.ms = 300000
stream-state-bench-flink-kafka  | 	unstable.api.versions.enable = false
stream-state-bench-flink-kafka  | 	unstable.feature.versions.enable = false
stream-state-bench-flink-kafka  |  (org.apache.kafka.common.config.AbstractConfig)
stream-state-bench-flink-kafka  | [2026-07-17 16:48:57,251] INFO Updated connection-accept-rate max connection creation rate to 2147483647 (kafka.network.ConnectionQuotas)
stream-state-bench-flink-kafka  | [2026-07-17 16:48:57,252] INFO [MetadataLoader id=1] InitializeNewPublishers: initializing DynamicClientQuotaPublisher controller id=1 with a snapshot at offset 9 (org.apache.kafka.image.loader.MetadataLoader)
stream-state-bench-flink-kafka  | [2026-07-17 16:48:57,252] INFO [MetadataLoader id=1] InitializeNewPublishers: initializing DynamicTopicClusterQuotaPublisher controller id=1 with a snapshot at offset 9 (org.apache.kafka.image.loader.MetadataLoader)
stream-state-bench-flink-kafka  | [2026-07-17 16:48:57,252] INFO [MetadataLoader id=1] InitializeNewPublishers: initializing ScramPublisher controller id=1 with a snapshot at offset 9 (org.apache.kafka.image.loader.MetadataLoader)
stream-state-bench-flink-kafka  | [2026-07-17 16:48:57,253] INFO [MetadataLoader id=1] InitializeNewPublishers: initializing DelegationTokenPublisher controller id=1 with a snapshot at offset 9 (org.apache.kafka.image.loader.MetadataLoader)
stream-state-bench-flink-kafka  | [2026-07-17 16:48:57,253] INFO [MetadataLoader id=1] InitializeNewPublishers: initializing ControllerMetadataMetricsPublisher with a snapshot at offset 9 (org.apache.kafka.image.loader.MetadataLoader)
stream-state-bench-flink-kafka  | [2026-07-17 16:48:57,253] INFO [MetadataLoader id=1] InitializeNewPublishers: initializing AclPublisher controller id=1 with a snapshot at offset 9 (org.apache.kafka.image.loader.MetadataLoader)
stream-state-bench-flink-kafka  | [2026-07-17 16:48:57,254] INFO [SocketServer listenerType=BROKER, nodeId=1] Created data-plane acceptor and processors for endpoint : ListenerName(PLAINTEXT) (kafka.network.SocketServer)
stream-state-bench-flink-kafka  | [2026-07-17 16:48:57,256] INFO [broker-1-to-controller-alter-partition-channel-manager]: Starting (org.apache.kafka.server.NodeToControllerRequestThread)
stream-state-bench-flink-kafka  | [2026-07-17 16:48:57,257] INFO Recorded new KRaft controller, from now on will use node kafka:9093 (id: 1 rack: null isFenced: false) (org.apache.kafka.server.NodeToControllerRequestThread)
stream-state-bench-flink-kafka  | [2026-07-17 16:48:57,260] INFO [broker-1-to-controller-directory-assignments-channel-manager]: Starting (org.apache.kafka.server.NodeToControllerRequestThread)
stream-state-bench-flink-kafka  | [2026-07-17 16:48:57,260] INFO Recorded new KRaft controller, from now on will use node kafka:9093 (id: 1 rack: null isFenced: false) (org.apache.kafka.server.NodeToControllerRequestThread)
stream-state-bench-flink-kafka  | [2026-07-17 16:48:57,263] INFO [ExpirationReaper-1-Produce]: Starting (org.apache.kafka.server.purgatory.DelayedOperationPurgatory$ExpiredOperationReaper)
stream-state-bench-flink-kafka  | [2026-07-17 16:48:57,264] INFO [ExpirationReaper-1-Fetch]: Starting (org.apache.kafka.server.purgatory.DelayedOperationPurgatory$ExpiredOperationReaper)
stream-state-bench-flink-kafka  | [2026-07-17 16:48:57,264] INFO [ExpirationReaper-1-DeleteRecords]: Starting (org.apache.kafka.server.purgatory.DelayedOperationPurgatory$ExpiredOperationReaper)
stream-state-bench-flink-kafka  | [2026-07-17 16:48:57,265] INFO [ExpirationReaper-1-RemoteFetch]: Starting (org.apache.kafka.server.purgatory.DelayedOperationPurgatory$ExpiredOperationReaper)
stream-state-bench-flink-kafka  | [2026-07-17 16:48:57,265] INFO [ExpirationReaper-1-RemoteListOffsets]: Starting (org.apache.kafka.server.purgatory.DelayedOperationPurgatory$ExpiredOperationReaper)
stream-state-bench-flink-kafka  | [2026-07-17 16:48:57,266] INFO [ExpirationReaper-1-ShareFetch]: Starting (org.apache.kafka.server.purgatory.DelayedOperationPurgatory$ExpiredOperationReaper)
stream-state-bench-flink-kafka  | [2026-07-17 16:48:57,270] INFO [share-coordinator-reaper]: Starting (org.apache.kafka.server.util.timer.SystemTimerReaper$Reaper)
stream-state-bench-flink-kafka  | [2026-07-17 16:48:57,274] INFO [share-coordinator-event-processor-0]: Starting (org.apache.kafka.coordinator.common.runtime.MultiThreadedEventProcessor$EventProcessorThread)
stream-state-bench-flink-kafka  | [2026-07-17 16:48:57,276] INFO [persister-state-manager-reaper]: Starting (org.apache.kafka.server.util.timer.SystemTimerReaper$Reaper)
stream-state-bench-flink-kafka  | [2026-07-17 16:48:57,276] INFO [PersisterStateManager]: Starting (org.apache.kafka.server.share.persister.PersisterStateManager$SendThread)
stream-state-bench-flink-kafka  | [2026-07-17 16:48:57,277] INFO [network-partition-metadata-client-reaper]: Starting (org.apache.kafka.server.util.timer.SystemTimerReaper$Reaper)
stream-state-bench-flink-kafka  | [2026-07-17 16:48:57,277] INFO [group-coordinator-reaper]: Starting (org.apache.kafka.server.util.timer.SystemTimerReaper$Reaper)
stream-state-bench-flink-kafka  | [2026-07-17 16:48:57,280] INFO [group-coordinator-event-processor-0]: Starting (org.apache.kafka.coordinator.common.runtime.MultiThreadedEventProcessor$EventProcessorThread)
stream-state-bench-flink-kafka  | [2026-07-17 16:48:57,280] INFO [group-coordinator-event-processor-1]: Starting (org.apache.kafka.coordinator.common.runtime.MultiThreadedEventProcessor$EventProcessorThread)
stream-state-bench-flink-kafka  | [2026-07-17 16:48:57,280] INFO [group-coordinator-event-processor-2]: Starting (org.apache.kafka.coordinator.common.runtime.MultiThreadedEventProcessor$EventProcessorThread)
stream-state-bench-flink-kafka  | [2026-07-17 16:48:57,281] INFO [group-coordinator-event-processor-3]: Starting (org.apache.kafka.coordinator.common.runtime.MultiThreadedEventProcessor$EventProcessorThread)
stream-state-bench-flink-kafka  | [2026-07-17 16:48:57,286] INFO Unable to read the broker epoch in /tmp/kafka-logs. (kafka.log.LogManager)
stream-state-bench-flink-kafka  | [2026-07-17 16:48:57,286] INFO [broker-1-to-controller-heartbeat-channel-manager]: Starting (org.apache.kafka.server.NodeToControllerRequestThread)
stream-state-bench-flink-kafka  | [2026-07-17 16:48:57,287] INFO Recorded new KRaft controller, from now on will use node kafka:9093 (id: 1 rack: null isFenced: false) (org.apache.kafka.server.NodeToControllerRequestThread)
stream-state-bench-flink-kafka  | [2026-07-17 16:48:57,287] INFO [BrokerLifecycleManager id=1] Incarnation 73wzYnDAQayECgZaOd77ug of broker 1 in cluster MkU3OEVBNTcwNTJENDM2Qk is now STARTING. (org.apache.kafka.server.BrokerLifecycleManager)
stream-state-bench-flink-kafka  | [2026-07-17 16:48:57,289] INFO [share-group-lock-timeout-reaper]: Starting (org.apache.kafka.server.util.timer.SystemTimerReaper$Reaper)
stream-state-bench-flink-kafka  | [2026-07-17 16:48:57,290] INFO [ExpirationReaper-1-AlterAcls]: Starting (org.apache.kafka.server.purgatory.DelayedOperationPurgatory$ExpiredOperationReaper)
stream-state-bench-flink-kafka  | [2026-07-17 16:48:57,291] INFO [ControllerRegistrationManager id=1 incarnation=h6Hj-2MDRHa65pWBFpyUCw] Our registration has been persisted to the metadata log. (kafka.server.ControllerRegistrationManager)
stream-state-bench-flink-kafka  | [2026-07-17 16:48:57,292] INFO [ControllerRegistrationManager id=1 incarnation=h6Hj-2MDRHa65pWBFpyUCw] RegistrationResponseHandler: controller acknowledged ControllerRegistrationRequest. (kafka.server.ControllerRegistrationManager)
stream-state-bench-flink-kafka  | [2026-07-17 16:48:57,299] INFO [BrokerServer id=1] Waiting for the broker metadata publishers to be installed (kafka.server.BrokerServer)
stream-state-bench-flink-kafka  | [2026-07-17 16:48:57,300] INFO [BrokerServer id=1] Finished waiting for the broker metadata publishers to be installed (kafka.server.BrokerServer)
stream-state-bench-flink-kafka  | [2026-07-17 16:48:57,300] INFO [BrokerServer id=1] Waiting for the controller to acknowledge that we are caught up (kafka.server.BrokerServer)
stream-state-bench-flink-kafka  | [2026-07-17 16:48:57,300] INFO [MetadataLoader id=1] InitializeNewPublishers: initializing MetadataVersionPublisher(id=1) with a snapshot at offset 10 (org.apache.kafka.image.loader.MetadataLoader)
stream-state-bench-flink-kafka  | [2026-07-17 16:48:57,300] INFO [MetadataLoader id=1] InitializeNewPublishers: initializing BrokerMetadataPublisher with a snapshot at offset 10 (org.apache.kafka.image.loader.MetadataLoader)
stream-state-bench-flink-kafka  | [2026-07-17 16:48:57,302] INFO [BrokerMetadataPublisher id=1] Publishing initial metadata at offset OffsetAndEpoch[offset=10, epoch=1] with metadata.version Optional[4.3-IV0]. (kafka.server.metadata.BrokerMetadataPublisher)
stream-state-bench-flink-kafka  | [2026-07-17 16:48:57,302] INFO Loading logs from log dirs ArrayBuffer(/tmp/kafka-logs) (kafka.log.LogManager)
stream-state-bench-flink-kafka  | [2026-07-17 16:48:57,305] INFO No logs found to be loaded in /tmp/kafka-logs (kafka.log.LogManager)
stream-state-bench-flink-kafka  | [2026-07-17 16:48:57,313] INFO Loaded 0 logs in 8ms (kafka.log.LogManager)
stream-state-bench-flink-kafka  | [2026-07-17 16:48:57,314] INFO Starting log cleanup with a period of 300000 ms. (kafka.log.LogManager)
stream-state-bench-flink-kafka  | [2026-07-17 16:48:57,314] INFO Starting log flusher with a default period of 9223372036854775807 ms. (kafka.log.LogManager)
stream-state-bench-flink-kafka  | [2026-07-17 16:48:57,322] INFO [BrokerLifecycleManager id=1] Successfully registered broker 1 with broker epoch 11 (org.apache.kafka.server.BrokerLifecycleManager)
stream-state-bench-flink-kafka  | [2026-07-17 16:48:57,387] INFO [LogDirFailureHandler]: Starting (kafka.server.ReplicaManager$LogDirFailureHandler)
stream-state-bench-flink-kafka  | [2026-07-17 16:48:57,388] INFO [AddPartitionsToTxnSenderThread-1]: Starting (org.apache.kafka.server.transaction.AddPartitionsToTxnManager)
stream-state-bench-flink-kafka  | [2026-07-17 16:48:57,388] INFO [GroupCoordinator id=1] Starting up. (org.apache.kafka.coordinator.group.GroupCoordinatorService)
stream-state-bench-flink-kafka  | [2026-07-17 16:48:57,388] INFO [GroupCoordinator id=1] Startup complete. (org.apache.kafka.coordinator.group.GroupCoordinatorService)
stream-state-bench-flink-kafka  | [2026-07-17 16:48:57,389] INFO [TransactionCoordinator id=1] Starting up. (kafka.coordinator.transaction.TransactionCoordinator)
stream-state-bench-flink-kafka  | [2026-07-17 16:48:57,389] INFO [TxnMarkerSenderThread-1]: Starting (kafka.coordinator.transaction.TransactionMarkerChannelManager)
stream-state-bench-flink-kafka  | [2026-07-17 16:48:57,389] INFO [TransactionCoordinator id=1] Startup complete. (kafka.coordinator.transaction.TransactionCoordinator)
stream-state-bench-flink-kafka  | [2026-07-17 16:48:57,389] INFO [ShareCoordinator id=1] Starting up. (org.apache.kafka.coordinator.share.ShareCoordinatorService)
stream-state-bench-flink-kafka  | [2026-07-17 16:48:57,389] INFO [ShareCoordinator id=1] Startup complete. (org.apache.kafka.coordinator.share.ShareCoordinatorService)
stream-state-bench-flink-kafka  | [2026-07-17 16:48:57,392] INFO [DynamicConfigPublisher broker id=1] Updating cluster configuration : min.insync.replicas -> 1 (kafka.server.metadata.DynamicConfigPublisher)
stream-state-bench-flink-kafka  | [2026-07-17 16:48:57,393] INFO AbstractConfig values: 
stream-state-bench-flink-kafka  | 	group.consumer.assignment.interval.ms = 1000
stream-state-bench-flink-kafka  | 	group.consumer.assignors = [uniform, range]
stream-state-bench-flink-kafka  | 	group.consumer.heartbeat.interval.ms = 5000
stream-state-bench-flink-kafka  | 	group.consumer.max.assignment.interval.ms = 15000
stream-state-bench-flink-kafka  | 	group.consumer.max.heartbeat.interval.ms = 15000
stream-state-bench-flink-kafka  | 	group.consumer.max.session.timeout.ms = 60000
stream-state-bench-flink-kafka  | 	group.consumer.max.size = 2147483647
stream-state-bench-flink-kafka  | 	group.consumer.migration.policy = bidirectional
stream-state-bench-flink-kafka  | 	group.consumer.min.assignment.interval.ms = 0
stream-state-bench-flink-kafka  | 	group.consumer.min.heartbeat.interval.ms = 5000
stream-state-bench-flink-kafka  | 	group.consumer.min.session.timeout.ms = 45000
stream-state-bench-flink-kafka  | 	group.consumer.regex.refresh.interval.ms = 600000
stream-state-bench-flink-kafka  | 	group.consumer.session.timeout.ms = 45000
stream-state-bench-flink-kafka  | 	group.coordinator.append.linger.ms = -1
stream-state-bench-flink-kafka  | 	group.coordinator.background.threads = 2
stream-state-bench-flink-kafka  | 	group.coordinator.cached.buffer.max.bytes = 1048588
stream-state-bench-flink-kafka  | 	group.coordinator.rebalance.protocols = [classic, consumer, streams]
stream-state-bench-flink-kafka  | 	group.coordinator.threads = 4
stream-state-bench-flink-kafka  | 	group.initial.rebalance.delay.ms = 0
stream-state-bench-flink-kafka  | 	group.max.session.timeout.ms = 1800000
stream-state-bench-flink-kafka  | 	group.max.size = 2147483647
stream-state-bench-flink-kafka  | 	group.min.session.timeout.ms = 6000
stream-state-bench-flink-kafka  | 	group.share.assignment.interval.ms = 1000
stream-state-bench-flink-kafka  | 	group.share.assignors = [simple]
stream-state-bench-flink-kafka  | 	group.share.heartbeat.interval.ms = 5000
stream-state-bench-flink-kafka  | 	group.share.initialize.retry.interval.ms = 30000
stream-state-bench-flink-kafka  | 	group.share.max.assignment.interval.ms = 15000
stream-state-bench-flink-kafka  | 	group.share.max.heartbeat.interval.ms = 15000
stream-state-bench-flink-kafka  | 	group.share.max.session.timeout.ms = 60000
stream-state-bench-flink-kafka  | 	group.share.max.size = 200
stream-state-bench-flink-kafka  | 	group.share.min.assignment.interval.ms = 0
stream-state-bench-flink-kafka  | 	group.share.min.heartbeat.interval.ms = 5000
stream-state-bench-flink-kafka  | 	group.share.min.session.timeout.ms = 45000
stream-state-bench-flink-kafka  | 	group.share.session.timeout.ms = 45000
stream-state-bench-flink-kafka  | 	group.streams.assignment.interval.ms = 1000
stream-state-bench-flink-kafka  | 	group.streams.heartbeat.interval.ms = 5000
stream-state-bench-flink-kafka  | 	group.streams.initial.rebalance.delay.ms = 3000
stream-state-bench-flink-kafka  | 	group.streams.max.assignment.interval.ms = 15000
stream-state-bench-flink-kafka  | 	group.streams.max.heartbeat.interval.ms = 15000
stream-state-bench-flink-kafka  | 	group.streams.max.session.timeout.ms = 60000
stream-state-bench-flink-kafka  | 	group.streams.max.size = 2147483647
stream-state-bench-flink-kafka  | 	group.streams.max.standby.replicas = 2
stream-state-bench-flink-kafka  | 	group.streams.min.assignment.interval.ms = 0
stream-state-bench-flink-kafka  | 	group.streams.min.heartbeat.interval.ms = 5000
stream-state-bench-flink-kafka  | 	group.streams.min.session.timeout.ms = 45000
stream-state-bench-flink-kafka  | 	group.streams.num.standby.replicas = 0
stream-state-bench-flink-kafka  | 	group.streams.session.timeout.ms = 45000
stream-state-bench-flink-kafka  | 	offset.metadata.max.bytes = 4096
stream-state-bench-flink-kafka  | 	offsets.commit.timeout.ms = 5000
stream-state-bench-flink-kafka  | 	offsets.load.buffer.size = 5242880
stream-state-bench-flink-kafka  | 	offsets.retention.check.interval.ms = 600000
stream-state-bench-flink-kafka  | 	offsets.retention.minutes = 10080
stream-state-bench-flink-kafka  | 	offsets.topic.compression.codec = 0
stream-state-bench-flink-kafka  | 	offsets.topic.num.partitions = 50
stream-state-bench-flink-kafka  | 	offsets.topic.replication.factor = 1
stream-state-bench-flink-kafka  | 	offsets.topic.segment.bytes = 104857600
stream-state-bench-flink-kafka  |  (org.apache.kafka.common.config.AbstractConfig)
stream-state-bench-flink-kafka  | [2026-07-17 16:48:57,393] INFO KafkaConfig values: 
stream-state-bench-flink-kafka  | 	add.partitions.to.txn.retry.backoff.max.ms = 100
stream-state-bench-flink-kafka  | 	add.partitions.to.txn.retry.backoff.ms = 20
stream-state-bench-flink-kafka  | 	advertised.listeners = [PLAINTEXT://kafka:9092]
stream-state-bench-flink-kafka  | 	alter.config.policy.class.name = null
stream-state-bench-flink-kafka  | 	alter.log.dirs.replication.quota.window.num = 11
stream-state-bench-flink-kafka  | 	alter.log.dirs.replication.quota.window.size.seconds = 1
stream-state-bench-flink-kafka  | 	authorizer.class.name = 
stream-state-bench-flink-kafka  | 	auto.create.topics.enable = false
stream-state-bench-flink-kafka  | 	auto.leader.rebalance.enable = true
stream-state-bench-flink-kafka  | 	background.threads = 10
stream-state-bench-flink-kafka  | 	broker.heartbeat.interval.ms = 2000
stream-state-bench-flink-kafka  | 	broker.id = 1
stream-state-bench-flink-kafka  | 	broker.rack = null
stream-state-bench-flink-kafka  | 	broker.session.timeout.ms = 9000
stream-state-bench-flink-kafka  | 	client.quota.callback.class = null
stream-state-bench-flink-kafka  | 	compression.gzip.level = -1
stream-state-bench-flink-kafka  | 	compression.lz4.level = 9
stream-state-bench-flink-kafka  | 	compression.type = producer
stream-state-bench-flink-kafka  | 	compression.zstd.level = 3
stream-state-bench-flink-kafka  | 	config.providers = []
stream-state-bench-flink-kafka  | 	connection.failed.authentication.delay.ms = 100
stream-state-bench-flink-kafka  | 	connections.max.idle.ms = 600000
stream-state-bench-flink-kafka  | 	connections.max.reauth.ms = 0
stream-state-bench-flink-kafka  | 	controlled.shutdown.enable = true
stream-state-bench-flink-kafka  | 	controller.listener.names = [CONTROLLER]
stream-state-bench-flink-kafka  | 	controller.performance.always.log.threshold.ms = 2000
stream-state-bench-flink-kafka  | 	controller.performance.sample.period.ms = 60000
stream-state-bench-flink-kafka  | 	controller.quorum.append.linger.ms = 25
stream-state-bench-flink-kafka  | 	controller.quorum.auto.join.enable = false
stream-state-bench-flink-kafka  | 	controller.quorum.bootstrap.servers = []
stream-state-bench-flink-kafka  | 	controller.quorum.election.backoff.max.ms = 1000
stream-state-bench-flink-kafka  | 	controller.quorum.election.timeout.ms = 1000
stream-state-bench-flink-kafka  | 	controller.quorum.fetch.max.bytes = 1048576
stream-state-bench-flink-kafka  | 	controller.quorum.fetch.snapshot.max.bytes = 1048576
stream-state-bench-flink-kafka  | 	controller.quorum.fetch.timeout.ms = 2000
stream-state-bench-flink-kafka  | 	controller.quorum.request.timeout.ms = 2000
stream-state-bench-flink-kafka  | 	controller.quorum.retry.backoff.ms = 20
stream-state-bench-flink-kafka  | 	controller.quorum.voters = [1@kafka:9093]
stream-state-bench-flink-kafka  | 	controller.quota.window.num = 11
stream-state-bench-flink-kafka  | 	controller.quota.window.size.seconds = 1
stream-state-bench-flink-kafka  | 	controller.socket.timeout.ms = 30000
stream-state-bench-flink-kafka  | 	cordoned.log.dirs = []
stream-state-bench-flink-kafka  | 	create.topic.policy.class.name = null
stream-state-bench-flink-kafka  | 	default.replication.factor = 1
stream-state-bench-flink-kafka  | 	delegation.token.expiry.check.interval.ms = 3600000
stream-state-bench-flink-kafka  | 	delegation.token.expiry.time.ms = 86400000
stream-state-bench-flink-kafka  | 	delegation.token.max.lifetime.ms = 604800000
stream-state-bench-flink-kafka  | 	delegation.token.secret.key = null
stream-state-bench-flink-kafka  | 	delete.records.purgatory.purge.interval.requests = 1
stream-state-bench-flink-kafka  | 	delete.topic.enable = true
stream-state-bench-flink-kafka  | 	early.start.listeners = null
stream-state-bench-flink-kafka  | 	fetch.max.bytes = 57671680
stream-state-bench-flink-kafka  | 	fetch.purgatory.purge.interval.requests = 1000
stream-state-bench-flink-kafka  | 	follower.fetch.last.tiered.offset.enable = false
stream-state-bench-flink-kafka  | 	group.consumer.assignment.interval.ms = 1000
stream-state-bench-flink-kafka  | 	group.consumer.assignors = [uniform, range]
stream-state-bench-flink-kafka  | 	group.consumer.heartbeat.interval.ms = 5000
stream-state-bench-flink-kafka  | 	group.consumer.max.assignment.interval.ms = 15000
stream-state-bench-flink-kafka  | 	group.consumer.max.heartbeat.interval.ms = 15000
stream-state-bench-flink-kafka  | 	group.consumer.max.session.timeout.ms = 60000
stream-state-bench-flink-kafka  | 	group.consumer.max.size = 2147483647
stream-state-bench-flink-kafka  | 	group.consumer.migration.policy = bidirectional
stream-state-bench-flink-kafka  | 	group.consumer.min.assignment.interval.ms = 0
stream-state-bench-flink-kafka  | 	group.consumer.min.heartbeat.interval.ms = 5000
stream-state-bench-flink-kafka  | 	group.consumer.min.session.timeout.ms = 45000
stream-state-bench-flink-kafka  | 	group.consumer.regex.refresh.interval.ms = 600000
stream-state-bench-flink-kafka  | 	group.consumer.session.timeout.ms = 45000
stream-state-bench-flink-kafka  | 	group.coordinator.append.linger.ms = -1
stream-state-bench-flink-kafka  | 	group.coordinator.background.threads = 2
stream-state-bench-flink-kafka  | 	group.coordinator.cached.buffer.max.bytes = 1048588
stream-state-bench-flink-kafka  | 	group.coordinator.rebalance.protocols = [classic, consumer, streams]
stream-state-bench-flink-kafka  | 	group.coordinator.threads = 4
stream-state-bench-flink-kafka  | 	group.initial.rebalance.delay.ms = 0
stream-state-bench-flink-kafka  | 	group.max.session.timeout.ms = 1800000
stream-state-bench-flink-kafka  | 	group.max.size = 2147483647
stream-state-bench-flink-kafka  | 	group.min.session.timeout.ms = 6000
stream-state-bench-flink-kafka  | 	group.share.assignment.interval.ms = 1000
stream-state-bench-flink-kafka  | 	group.share.assignors = [simple]
stream-state-bench-flink-kafka  | 	group.share.delivery.count.limit = 5
stream-state-bench-flink-kafka  | 	group.share.heartbeat.interval.ms = 5000
stream-state-bench-flink-kafka  | 	group.share.initialize.retry.interval.ms = 30000
stream-state-bench-flink-kafka  | 	group.share.max.assignment.interval.ms = 15000
stream-state-bench-flink-kafka  | 	group.share.max.delivery.count.limit = 10
stream-state-bench-flink-kafka  | 	group.share.max.heartbeat.interval.ms = 15000
stream-state-bench-flink-kafka  | 	group.share.max.partition.max.record.locks = 4000
stream-state-bench-flink-kafka  | 	group.share.max.record.lock.duration.ms = 60000
stream-state-bench-flink-kafka  | 	group.share.max.session.timeout.ms = 60000
stream-state-bench-flink-kafka  | 	group.share.max.share.sessions = 2000
stream-state-bench-flink-kafka  | 	group.share.max.size = 200
stream-state-bench-flink-kafka  | 	group.share.min.assignment.interval.ms = 0
stream-state-bench-flink-kafka  | 	group.share.min.delivery.count.limit = 2
stream-state-bench-flink-kafka  | 	group.share.min.heartbeat.interval.ms = 5000
stream-state-bench-flink-kafka  | 	group.share.min.partition.max.record.locks = 100
stream-state-bench-flink-kafka  | 	group.share.min.record.lock.duration.ms = 15000
stream-state-bench-flink-kafka  | 	group.share.min.session.timeout.ms = 45000
stream-state-bench-flink-kafka  | 	group.share.partition.max.record.locks = 2000
stream-state-bench-flink-kafka  | 	group.share.persister.class.name = org.apache.kafka.server.share.persister.DefaultStatePersister
stream-state-bench-flink-kafka  | 	group.share.record.lock.duration.ms = 30000
stream-state-bench-flink-kafka  | 	group.share.session.timeout.ms = 45000
stream-state-bench-flink-kafka  | 	group.streams.assignment.interval.ms = 1000
stream-state-bench-flink-kafka  | 	group.streams.heartbeat.interval.ms = 5000
stream-state-bench-flink-kafka  | 	group.streams.initial.rebalance.delay.ms = 3000
stream-state-bench-flink-kafka  | 	group.streams.max.assignment.interval.ms = 15000
stream-state-bench-flink-kafka  | 	group.streams.max.heartbeat.interval.ms = 15000
stream-state-bench-flink-kafka  | 	group.streams.max.session.timeout.ms = 60000
stream-state-bench-flink-kafka  | 	group.streams.max.size = 2147483647
stream-state-bench-flink-kafka  | 	group.streams.max.standby.replicas = 2
stream-state-bench-flink-kafka  | 	group.streams.min.assignment.interval.ms = 0
stream-state-bench-flink-kafka  | 	group.streams.min.heartbeat.interval.ms = 5000
stream-state-bench-flink-kafka  | 	group.streams.min.session.timeout.ms = 45000
stream-state-bench-flink-kafka  | 	group.streams.num.standby.replicas = 0
stream-state-bench-flink-kafka  | 	group.streams.session.timeout.ms = 45000
stream-state-bench-flink-kafka  | 	initial.broker.registration.timeout.ms = 60000
stream-state-bench-flink-kafka  | 	inter.broker.listener.name = null
stream-state-bench-flink-kafka  | 	internal.metadata.delete.delay.millis = 60000
stream-state-bench-flink-kafka  | 	internal.metadata.log.segment.bytes = null
stream-state-bench-flink-kafka  | 	internal.metadata.max.batch.size.in.bytes = 8388608
stream-state-bench-flink-kafka  | 	kafka.metrics.polling.interval.secs = 10
stream-state-bench-flink-kafka  | 	kafka.metrics.reporters = []
stream-state-bench-flink-kafka  | 	leader.imbalance.check.interval.seconds = 300
stream-state-bench-flink-kafka  | 	listener.security.protocol.map = CONTROLLER:PLAINTEXT,PLAINTEXT:PLAINTEXT
stream-state-bench-flink-kafka  | 	listeners = [PLAINTEXT://:9092, CONTROLLER://:9093]
stream-state-bench-flink-kafka  | 	log.cleaner.backoff.ms = 15000
stream-state-bench-flink-kafka  | 	log.cleaner.dedupe.buffer.size = 134217728
stream-state-bench-flink-kafka  | 	log.cleaner.delete.retention.ms = 86400000
stream-state-bench-flink-kafka  | 	log.cleaner.enable = true
stream-state-bench-flink-kafka  | 	log.cleaner.io.buffer.load.factor = 0.9
stream-state-bench-flink-kafka  | 	log.cleaner.io.buffer.size = 524288
stream-state-bench-flink-kafka  | 	log.cleaner.io.max.bytes.per.second = 1.7976931348623157E308
stream-state-bench-flink-kafka  | 	log.cleaner.max.compaction.lag.ms = 9223372036854775807
stream-state-bench-flink-kafka  | 	log.cleaner.min.cleanable.ratio = 0.5
stream-state-bench-flink-kafka  | 	log.cleaner.min.compaction.lag.ms = 0
stream-state-bench-flink-kafka  | 	log.cleaner.threads = 1
stream-state-bench-flink-kafka  | 	log.cleanup.policy = [delete]
stream-state-bench-flink-kafka  | 	log.dir = [/tmp/kafka-logs]
stream-state-bench-flink-kafka  | 	log.dir.failure.timeout.ms = 30000
stream-state-bench-flink-kafka  | 	log.dirs = null
stream-state-bench-flink-kafka  | 	log.flush.interval.messages = 9223372036854775807
stream-state-bench-flink-kafka  | 	log.flush.interval.ms = null
stream-state-bench-flink-kafka  | 	log.flush.offset.checkpoint.interval.ms = 60000
stream-state-bench-flink-kafka  | 	log.flush.scheduler.interval.ms = 9223372036854775807
stream-state-bench-flink-kafka  | 	log.flush.start.offset.checkpoint.interval.ms = 60000
stream-state-bench-flink-kafka  | 	log.index.interval.bytes = 4096
stream-state-bench-flink-kafka  | 	log.index.size.max.bytes = 10485760
stream-state-bench-flink-kafka  | 	log.initial.task.delay.ms = 30000
stream-state-bench-flink-kafka  | 	log.local.retention.bytes = -2
stream-state-bench-flink-kafka  | 	log.local.retention.ms = -2
stream-state-bench-flink-kafka  | 	log.message.timestamp.after.max.ms = 3600000
stream-state-bench-flink-kafka  | 	log.message.timestamp.before.max.ms = 9223372036854775807
stream-state-bench-flink-kafka  | 	log.message.timestamp.type = CreateTime
stream-state-bench-flink-kafka  | 	log.preallocate = false
stream-state-bench-flink-kafka  | 	log.retention.bytes = -1
stream-state-bench-flink-kafka  | 	log.retention.check.interval.ms = 300000
stream-state-bench-flink-kafka  | 	log.retention.hours = 168
stream-state-bench-flink-kafka  | 	log.retention.minutes = null
stream-state-bench-flink-kafka  | 	log.retention.ms = null
stream-state-bench-flink-kafka  | 	log.roll.hours = 168
stream-state-bench-flink-kafka  | 	log.roll.jitter.hours = 0
stream-state-bench-flink-kafka  | 	log.roll.jitter.ms = null
stream-state-bench-flink-kafka  | 	log.roll.ms = null
stream-state-bench-flink-kafka  | 	log.segment.bytes = 1073741824
stream-state-bench-flink-kafka  | 	log.segment.delete.delay.ms = 60000
stream-state-bench-flink-kafka  | 	max.connection.creation.rate = 2147483647
stream-state-bench-flink-kafka  | 	max.connections = 2147483647
stream-state-bench-flink-kafka  | 	max.connections.per.ip = 2147483647
stream-state-bench-flink-kafka  | 	max.connections.per.ip.overrides = 
stream-state-bench-flink-kafka  | 	max.incremental.fetch.session.cache.slots = 1000
stream-state-bench-flink-kafka  | 	max.request.partition.size.limit = 2000
stream-state-bench-flink-kafka  | 	message.max.bytes = 1048588
stream-state-bench-flink-kafka  | 	metadata.log.dir = null
stream-state-bench-flink-kafka  | 	metadata.log.max.record.bytes.between.snapshots = 20971520
stream-state-bench-flink-kafka  | 	metadata.log.max.snapshot.interval.ms = 3600000
stream-state-bench-flink-kafka  | 	metadata.log.segment.bytes = 1073741824
stream-state-bench-flink-kafka  | 	metadata.log.segment.ms = 604800000
stream-state-bench-flink-kafka  | 	metadata.max.idle.interval.ms = 500
stream-state-bench-flink-kafka  | 	metadata.max.retention.bytes = 104857600
stream-state-bench-flink-kafka  | 	metadata.max.retention.ms = 604800000
stream-state-bench-flink-kafka  | 	metric.reporters = [org.apache.kafka.common.metrics.JmxReporter]
stream-state-bench-flink-kafka  | 	metrics.num.samples = 2
stream-state-bench-flink-kafka  | 	metrics.recording.level = INFO
stream-state-bench-flink-kafka  | 	metrics.sample.window.ms = 30000
stream-state-bench-flink-kafka  | 	min.insync.replicas = 1
stream-state-bench-flink-kafka  | 	node.id = 1
stream-state-bench-flink-kafka  | 	num.io.threads = 8
stream-state-bench-flink-kafka  | 	num.network.threads = 3
stream-state-bench-flink-kafka  | 	num.partitions = 1
stream-state-bench-flink-kafka  | 	num.recovery.threads.per.data.dir = 2
stream-state-bench-flink-kafka  | 	num.replica.alter.log.dirs.threads = null
stream-state-bench-flink-kafka  | 	num.replica.fetchers = 1
stream-state-bench-flink-kafka  | 	offset.metadata.max.bytes = 4096
stream-state-bench-flink-kafka  | 	offsets.commit.timeout.ms = 5000
stream-state-bench-flink-kafka  | 	offsets.load.buffer.size = 5242880
stream-state-bench-flink-kafka  | 	offsets.retention.check.interval.ms = 600000
stream-state-bench-flink-kafka  | 	offsets.retention.minutes = 10080
stream-state-bench-flink-kafka  | 	offsets.topic.compression.codec = 0
stream-state-bench-flink-kafka  | 	offsets.topic.num.partitions = 50
stream-state-bench-flink-kafka  | 	offsets.topic.replication.factor = 1
stream-state-bench-flink-kafka  | 	offsets.topic.segment.bytes = 104857600
stream-state-bench-flink-kafka  | 	principal.builder.class = class org.apache.kafka.common.security.authenticator.DefaultKafkaPrincipalBuilder
stream-state-bench-flink-kafka  | 	process.roles = [broker, controller]
stream-state-bench-flink-kafka  | 	producer.id.expiration.check.interval.ms = 600000
stream-state-bench-flink-kafka  | 	producer.id.expiration.ms = 86400000
stream-state-bench-flink-kafka  | 	producer.purgatory.purge.interval.requests = 1000
stream-state-bench-flink-kafka  | 	queued.max.request.bytes = -1
stream-state-bench-flink-kafka  | 	queued.max.requests = 500
stream-state-bench-flink-kafka  | 	quota.window.num = 11
stream-state-bench-flink-kafka  | 	quota.window.size.seconds = 1
stream-state-bench-flink-kafka  | 	remote.fetch.max.wait.ms = 500
stream-state-bench-flink-kafka  | 	remote.list.offsets.request.timeout.ms = 30000
stream-state-bench-flink-kafka  | 	remote.log.index.file.cache.total.size.bytes = 1073741824
stream-state-bench-flink-kafka  | 	remote.log.index.file.cache.ttl.ms = 900000
stream-state-bench-flink-kafka  | 	remote.log.manager.copier.thread.pool.size = 10
stream-state-bench-flink-kafka  | 	remote.log.manager.copy.max.bytes.per.second = 9223372036854775807
stream-state-bench-flink-kafka  | 	remote.log.manager.copy.quota.window.num = 11
stream-state-bench-flink-kafka  | 	remote.log.manager.copy.quota.window.size.seconds = 1
stream-state-bench-flink-kafka  | 	remote.log.manager.expiration.thread.pool.size = 10
stream-state-bench-flink-kafka  | 	remote.log.manager.fetch.max.bytes.per.second = 9223372036854775807
stream-state-bench-flink-kafka  | 	remote.log.manager.fetch.quota.window.num = 11
stream-state-bench-flink-kafka  | 	remote.log.manager.fetch.quota.window.size.seconds = 1
stream-state-bench-flink-kafka  | 	remote.log.manager.follower.thread.pool.size = 2
stream-state-bench-flink-kafka  | 	remote.log.manager.task.interval.ms = 30000
stream-state-bench-flink-kafka  | 	remote.log.manager.task.retry.backoff.max.ms = 30000
stream-state-bench-flink-kafka  | 	remote.log.manager.task.retry.backoff.ms = 500
stream-state-bench-flink-kafka  | 	remote.log.manager.task.retry.jitter = 0.2
stream-state-bench-flink-kafka  | 	remote.log.manager.thread.pool.size = 2
stream-state-bench-flink-kafka  | 	remote.log.metadata.custom.metadata.max.bytes = 128
stream-state-bench-flink-kafka  | 	remote.log.metadata.manager.class.name = org.apache.kafka.server.log.remote.metadata.storage.TopicBasedRemoteLogMetadataManager
stream-state-bench-flink-kafka  | 	remote.log.metadata.manager.class.path = null
stream-state-bench-flink-kafka  | 	remote.log.metadata.manager.impl.prefix = rlmm.config.
stream-state-bench-flink-kafka  | 	remote.log.metadata.manager.listener.name = null
stream-state-bench-flink-kafka  | 	remote.log.reader.max.pending.tasks = 100
stream-state-bench-flink-kafka  | 	remote.log.reader.threads = 10
stream-state-bench-flink-kafka  | 	remote.log.storage.manager.class.name = null
stream-state-bench-flink-kafka  | 	remote.log.storage.manager.class.path = null
stream-state-bench-flink-kafka  | 	remote.log.storage.manager.impl.prefix = rsm.config.
stream-state-bench-flink-kafka  | 	remote.log.storage.system.enable = false
stream-state-bench-flink-kafka  | 	replica.fetch.backoff.ms = 1000
stream-state-bench-flink-kafka  | 	replica.fetch.max.bytes = 1048576
stream-state-bench-flink-kafka  | 	replica.fetch.min.bytes = 1
stream-state-bench-flink-kafka  | 	replica.fetch.response.max.bytes = 10485760
stream-state-bench-flink-kafka  | 	replica.fetch.wait.max.ms = 500
stream-state-bench-flink-kafka  | 	replica.high.watermark.checkpoint.interval.ms = 5000
stream-state-bench-flink-kafka  | 	replica.lag.time.max.ms = 30000
stream-state-bench-flink-kafka  | 	replica.selector.class = null
stream-state-bench-flink-kafka  | 	replica.socket.receive.buffer.bytes = 65536
stream-state-bench-flink-kafka  | 	replica.socket.timeout.ms = 30000
stream-state-bench-flink-kafka  | 	replication.quota.window.num = 11
stream-state-bench-flink-kafka  | 	replication.quota.window.size.seconds = 1
stream-state-bench-flink-kafka  | 	request.timeout.ms = 30000
stream-state-bench-flink-kafka  | 	sasl.client.callback.handler.class = null
stream-state-bench-flink-kafka  | 	sasl.enabled.mechanisms = [GSSAPI]
stream-state-bench-flink-kafka  | 	sasl.jaas.config = null
stream-state-bench-flink-kafka  | 	sasl.kerberos.kinit.cmd = /usr/bin/kinit
stream-state-bench-flink-kafka  | 	sasl.kerberos.min.time.before.relogin = 60000
stream-state-bench-flink-kafka  | 	sasl.kerberos.principal.to.local.rules = [DEFAULT]
stream-state-bench-flink-kafka  | 	sasl.kerberos.service.name = null
stream-state-bench-flink-kafka  | 	sasl.kerberos.ticket.renew.jitter = 0.05
stream-state-bench-flink-kafka  | 	sasl.kerberos.ticket.renew.window.factor = 0.8
stream-state-bench-flink-kafka  | 	sasl.login.callback.handler.class = null
stream-state-bench-flink-kafka  | 	sasl.login.class = null
stream-state-bench-flink-kafka  | 	sasl.login.connect.timeout.ms = null
stream-state-bench-flink-kafka  | 	sasl.login.read.timeout.ms = null
stream-state-bench-flink-kafka  | 	sasl.login.refresh.buffer.seconds = 300
stream-state-bench-flink-kafka  | 	sasl.login.refresh.min.period.seconds = 60
stream-state-bench-flink-kafka  | 	sasl.login.refresh.window.factor = 0.8
stream-state-bench-flink-kafka  | 	sasl.login.refresh.window.jitter = 0.05
stream-state-bench-flink-kafka  | 	sasl.login.retry.backoff.max.ms = 10000
stream-state-bench-flink-kafka  | 	sasl.login.retry.backoff.ms = 100
stream-state-bench-flink-kafka  | 	sasl.mechanism.controller.protocol = GSSAPI
stream-state-bench-flink-kafka  | 	sasl.mechanism.inter.broker.protocol = GSSAPI
stream-state-bench-flink-kafka  | 	sasl.oauthbearer.assertion.algorithm = RS256
stream-state-bench-flink-kafka  | 	sasl.oauthbearer.assertion.claim.aud = null
stream-state-bench-flink-kafka  | 	sasl.oauthbearer.assertion.claim.exp.seconds = 300
stream-state-bench-flink-kafka  | 	sasl.oauthbearer.assertion.claim.iss = null
stream-state-bench-flink-kafka  | 	sasl.oauthbearer.assertion.claim.jti.include = false
stream-state-bench-flink-kafka  | 	sasl.oauthbearer.assertion.claim.nbf.seconds = 60
stream-state-bench-flink-kafka  | 	sasl.oauthbearer.assertion.claim.sub = null
stream-state-bench-flink-kafka  | 	sasl.oauthbearer.assertion.file = null
stream-state-bench-flink-kafka  | 	sasl.oauthbearer.assertion.private.key.file = null
stream-state-bench-flink-kafka  | 	sasl.oauthbearer.assertion.private.key.passphrase = null
stream-state-bench-flink-kafka  | 	sasl.oauthbearer.assertion.template.file = null
stream-state-bench-flink-kafka  | 	sasl.oauthbearer.client.credentials.client.id = null
stream-state-bench-flink-kafka  | 	sasl.oauthbearer.client.credentials.client.secret = null
stream-state-bench-flink-kafka  | 	sasl.oauthbearer.clock.skew.seconds = 30
stream-state-bench-flink-kafka  | 	sasl.oauthbearer.expected.audience = []
stream-state-bench-flink-kafka  | 	sasl.oauthbearer.expected.issuer = null
stream-state-bench-flink-kafka  | 	sasl.oauthbearer.jwks.endpoint.refresh.ms = 3600000
stream-state-bench-flink-kafka  | 	sasl.oauthbearer.jwks.endpoint.retry.backoff.max.ms = 10000
stream-state-bench-flink-kafka  | 	sasl.oauthbearer.jwks.endpoint.retry.backoff.ms = 100
stream-state-bench-flink-kafka  | 	sasl.oauthbearer.jwks.endpoint.url = null
stream-state-bench-flink-kafka  | 	sasl.oauthbearer.jwt.retriever.class = class org.apache.kafka.common.security.oauthbearer.DefaultJwtRetriever
stream-state-bench-flink-kafka  | 	sasl.oauthbearer.jwt.validator.class = class org.apache.kafka.common.security.oauthbearer.DefaultJwtValidator
stream-state-bench-flink-kafka  | 	sasl.oauthbearer.scope = null
stream-state-bench-flink-kafka  | 	sasl.oauthbearer.scope.claim.name = scope
stream-state-bench-flink-kafka  | 	sasl.oauthbearer.sub.claim.name = sub
stream-state-bench-flink-kafka  | 	sasl.oauthbearer.token.endpoint.url = null
stream-state-bench-flink-kafka  | 	sasl.server.callback.handler.class = null
stream-state-bench-flink-kafka  | 	sasl.server.max.receive.size = 524288
stream-state-bench-flink-kafka  | 	security.inter.broker.protocol = PLAINTEXT
stream-state-bench-flink-kafka  | 	security.providers = null
stream-state-bench-flink-kafka  | 	server.max.startup.time.ms = 9223372036854775807
stream-state-bench-flink-kafka  | 	share.coordinator.append.linger.ms = -1
stream-state-bench-flink-kafka  | 	share.coordinator.cached.buffer.max.bytes = 1048588
stream-state-bench-flink-kafka  | 	share.coordinator.cold.partition.snapshot.interval.ms = 300000
stream-state-bench-flink-kafka  | 	share.coordinator.load.buffer.size = 5242880
stream-state-bench-flink-kafka  | 	share.coordinator.snapshot.update.records.per.snapshot = 500
stream-state-bench-flink-kafka  | 	share.coordinator.state.topic.compression.codec = 0
stream-state-bench-flink-kafka  | 	share.coordinator.state.topic.min.isr = 2
stream-state-bench-flink-kafka  | 	share.coordinator.state.topic.num.partitions = 50
stream-state-bench-flink-kafka  | 	share.coordinator.state.topic.prune.interval.ms = 300000
stream-state-bench-flink-kafka  | 	share.coordinator.state.topic.replication.factor = 3
stream-state-bench-flink-kafka  | 	share.coordinator.state.topic.segment.bytes = 104857600
stream-state-bench-flink-kafka  | 	share.coordinator.threads = 1
stream-state-bench-flink-kafka  | 	share.coordinator.write.timeout.ms = 5000
stream-state-bench-flink-kafka  | 	share.fetch.purgatory.purge.interval.requests = 1000
stream-state-bench-flink-kafka  | 	socket.connection.setup.timeout.max.ms = 30000
stream-state-bench-flink-kafka  | 	socket.connection.setup.timeout.ms = 10000
stream-state-bench-flink-kafka  | 	socket.listen.backlog.size = 50
stream-state-bench-flink-kafka  | 	socket.receive.buffer.bytes = 102400
stream-state-bench-flink-kafka  | 	socket.request.max.bytes = 104857600
stream-state-bench-flink-kafka  | 	socket.send.buffer.bytes = 102400
stream-state-bench-flink-kafka  | 	ssl.allow.dn.changes = false
stream-state-bench-flink-kafka  | 	ssl.allow.san.changes = false
stream-state-bench-flink-kafka  | 	ssl.cipher.suites = []
stream-state-bench-flink-kafka  | 	ssl.client.auth = none
stream-state-bench-flink-kafka  | 	ssl.enabled.protocols = [TLSv1.2, TLSv1.3]
stream-state-bench-flink-kafka  | 	ssl.endpoint.identification.algorithm = https
stream-state-bench-flink-kafka  | 	ssl.engine.factory.class = null
stream-state-bench-flink-kafka  | 	ssl.key.password = null
stream-state-bench-flink-kafka  | 	ssl.keymanager.algorithm = SunX509
stream-state-bench-flink-kafka  | 	ssl.keystore.certificate.chain = null
stream-state-bench-flink-kafka  | 	ssl.keystore.key = null
stream-state-bench-flink-kafka  | 	ssl.keystore.location = null
stream-state-bench-flink-kafka  | 	ssl.keystore.password = null
stream-state-bench-flink-kafka  | 	ssl.keystore.type = JKS
stream-state-bench-flink-kafka  | 	ssl.principal.mapping.rules = DEFAULT
stream-state-bench-flink-kafka  | 	ssl.protocol = TLSv1.3
stream-state-bench-flink-kafka  | 	ssl.provider = null
stream-state-bench-flink-kafka  | 	ssl.secure.random.implementation = null
stream-state-bench-flink-kafka  | 	ssl.trustmanager.algorithm = PKIX
stream-state-bench-flink-kafka  | 	ssl.truststore.certificates = null
stream-state-bench-flink-kafka  | 	ssl.truststore.location = null
stream-state-bench-flink-kafka  | 	ssl.truststore.password = null
stream-state-bench-flink-kafka  | 	ssl.truststore.type = JKS
stream-state-bench-flink-kafka  | 	telemetry.max.bytes = 1048576
stream-state-bench-flink-kafka  | 	transaction.abort.timed.out.transaction.cleanup.interval.ms = 10000
stream-state-bench-flink-kafka  | 	transaction.max.timeout.ms = 900000
stream-state-bench-flink-kafka  | 	transaction.partition.verification.enable = true
stream-state-bench-flink-kafka  | 	transaction.remove.expired.transaction.cleanup.interval.ms = 3600000
stream-state-bench-flink-kafka  | 	transaction.state.log.load.buffer.size = 5242880
stream-state-bench-flink-kafka  | 	transaction.state.log.min.isr = 1
stream-state-bench-flink-kafka  | 	transaction.state.log.num.partitions = 50
stream-state-bench-flink-kafka  | 	transaction.state.log.replication.factor = 1
stream-state-bench-flink-kafka  | 	transaction.state.log.segment.bytes = 104857600
stream-state-bench-flink-kafka  | 	transaction.two.phase.commit.enable = false
stream-state-bench-flink-kafka  | 	transactional.id.expiration.ms = 604800000
stream-state-bench-flink-kafka  | 	unclean.leader.election.enable = false
stream-state-bench-flink-kafka  | 	unclean.leader.election.interval.ms = 300000
stream-state-bench-flink-kafka  | 	unstable.api.versions.enable = false
stream-state-bench-flink-kafka  | 	unstable.feature.versions.enable = false
stream-state-bench-flink-kafka  |  (org.apache.kafka.common.config.AbstractConfig)
stream-state-bench-flink-kafka  | [2026-07-17 16:48:57,398] INFO [BrokerMetadataPublisher id=1] Feature share.version has been updated to version 1 (kafka.server.metadata.BrokerMetadataPublisher)
stream-state-bench-flink-kafka  | [2026-07-17 16:48:57,399] INFO [MetadataLoader id=1] InitializeNewPublishers: initializing BrokerRegistrationTracker(id=1) with a snapshot at offset 10 (org.apache.kafka.image.loader.MetadataLoader)
stream-state-bench-flink-kafka  | [2026-07-17 16:48:57,410] INFO [BrokerLifecycleManager id=1] The broker has caught up. Transitioning from STARTING to RECOVERY. (org.apache.kafka.server.BrokerLifecycleManager)
stream-state-bench-flink-kafka  | [2026-07-17 16:48:57,410] INFO [BrokerServer id=1] Finished waiting for the controller to acknowledge that we are caught up (kafka.server.BrokerServer)
stream-state-bench-flink-kafka  | [2026-07-17 16:48:57,410] INFO [BrokerServer id=1] Waiting for the initial broker metadata update to be published (kafka.server.BrokerServer)
stream-state-bench-flink-kafka  | [2026-07-17 16:48:57,410] INFO [BrokerServer id=1] Finished waiting for the initial broker metadata update to be published (kafka.server.BrokerServer)
stream-state-bench-flink-kafka  | [2026-07-17 16:48:57,412] INFO KafkaConfig values: 
stream-state-bench-flink-kafka  | 	add.partitions.to.txn.retry.backoff.max.ms = 100
stream-state-bench-flink-kafka  | 	add.partitions.to.txn.retry.backoff.ms = 20
stream-state-bench-flink-kafka  | 	advertised.listeners = [PLAINTEXT://kafka:9092]
stream-state-bench-flink-kafka  | 	alter.config.policy.class.name = null
stream-state-bench-flink-kafka  | 	alter.log.dirs.replication.quota.window.num = 11
stream-state-bench-flink-kafka  | 	alter.log.dirs.replication.quota.window.size.seconds = 1
stream-state-bench-flink-kafka  | 	authorizer.class.name = 
stream-state-bench-flink-kafka  | 	auto.create.topics.enable = false
stream-state-bench-flink-kafka  | 	auto.leader.rebalance.enable = true
stream-state-bench-flink-kafka  | 	background.threads = 10
stream-state-bench-flink-kafka  | 	broker.heartbeat.interval.ms = 2000
stream-state-bench-flink-kafka  | 	broker.id = 1
stream-state-bench-flink-kafka  | 	broker.rack = null
stream-state-bench-flink-kafka  | 	broker.session.timeout.ms = 9000
stream-state-bench-flink-kafka  | 	client.quota.callback.class = null
stream-state-bench-flink-kafka  | 	compression.gzip.level = -1
stream-state-bench-flink-kafka  | 	compression.lz4.level = 9
stream-state-bench-flink-kafka  | 	compression.type = producer
stream-state-bench-flink-kafka  | 	compression.zstd.level = 3
stream-state-bench-flink-kafka  | 	config.providers = []
stream-state-bench-flink-kafka  | 	connection.failed.authentication.delay.ms = 100
stream-state-bench-flink-kafka  | 	connections.max.idle.ms = 600000
stream-state-bench-flink-kafka  | 	connections.max.reauth.ms = 0
stream-state-bench-flink-kafka  | 	controlled.shutdown.enable = true
stream-state-bench-flink-kafka  | 	controller.listener.names = [CONTROLLER]
stream-state-bench-flink-kafka  | 	controller.performance.always.log.threshold.ms = 2000
stream-state-bench-flink-kafka  | 	controller.performance.sample.period.ms = 60000
stream-state-bench-flink-kafka  | 	controller.quorum.append.linger.ms = 25
stream-state-bench-flink-kafka  | 	controller.quorum.auto.join.enable = false
stream-state-bench-flink-kafka  | 	controller.quorum.bootstrap.servers = []
stream-state-bench-flink-kafka  | 	controller.quorum.election.backoff.max.ms = 1000
stream-state-bench-flink-kafka  | 	controller.quorum.election.timeout.ms = 1000
stream-state-bench-flink-kafka  | 	controller.quorum.fetch.max.bytes = 1048576
stream-state-bench-flink-kafka  | 	controller.quorum.fetch.snapshot.max.bytes = 1048576
stream-state-bench-flink-kafka  | 	controller.quorum.fetch.timeout.ms = 2000
stream-state-bench-flink-kafka  | 	controller.quorum.request.timeout.ms = 2000
stream-state-bench-flink-kafka  | 	controller.quorum.retry.backoff.ms = 20
stream-state-bench-flink-kafka  | 	controller.quorum.voters = [1@kafka:9093]
stream-state-bench-flink-kafka  | 	controller.quota.window.num = 11
stream-state-bench-flink-kafka  | 	controller.quota.window.size.seconds = 1
stream-state-bench-flink-kafka  | 	controller.socket.timeout.ms = 30000
stream-state-bench-flink-kafka  | 	cordoned.log.dirs = []
stream-state-bench-flink-kafka  | 	create.topic.policy.class.name = null
stream-state-bench-flink-kafka  | 	default.replication.factor = 1
stream-state-bench-flink-kafka  | 	delegation.token.expiry.check.interval.ms = 3600000
stream-state-bench-flink-kafka  | 	delegation.token.expiry.time.ms = 86400000
stream-state-bench-flink-kafka  | 	delegation.token.max.lifetime.ms = 604800000
stream-state-bench-flink-kafka  | 	delegation.token.secret.key = null
stream-state-bench-flink-kafka  | 	delete.records.purgatory.purge.interval.requests = 1
stream-state-bench-flink-kafka  | 	delete.topic.enable = true
stream-state-bench-flink-kafka  | 	early.start.listeners = null
stream-state-bench-flink-kafka  | 	fetch.max.bytes = 57671680
stream-state-bench-flink-kafka  | 	fetch.purgatory.purge.interval.requests = 1000
stream-state-bench-flink-kafka  | 	follower.fetch.last.tiered.offset.enable = false
stream-state-bench-flink-kafka  | 	group.consumer.assignment.interval.ms = 1000
stream-state-bench-flink-kafka  | 	group.consumer.assignors = [uniform, range]
stream-state-bench-flink-kafka  | 	group.consumer.heartbeat.interval.ms = 5000
stream-state-bench-flink-kafka  | 	group.consumer.max.assignment.interval.ms = 15000
stream-state-bench-flink-kafka  | 	group.consumer.max.heartbeat.interval.ms = 15000
stream-state-bench-flink-kafka  | 	group.consumer.max.session.timeout.ms = 60000
stream-state-bench-flink-kafka  | 	group.consumer.max.size = 2147483647
stream-state-bench-flink-kafka  | 	group.consumer.migration.policy = bidirectional
stream-state-bench-flink-kafka  | 	group.consumer.min.assignment.interval.ms = 0
stream-state-bench-flink-kafka  | 	group.consumer.min.heartbeat.interval.ms = 5000
stream-state-bench-flink-kafka  | 	group.consumer.min.session.timeout.ms = 45000
stream-state-bench-flink-kafka  | 	group.consumer.regex.refresh.interval.ms = 600000
stream-state-bench-flink-kafka  | 	group.consumer.session.timeout.ms = 45000
stream-state-bench-flink-kafka  | 	group.coordinator.append.linger.ms = -1
stream-state-bench-flink-kafka  | 	group.coordinator.background.threads = 2
stream-state-bench-flink-kafka  | 	group.coordinator.cached.buffer.max.bytes = 1048588
stream-state-bench-flink-kafka  | 	group.coordinator.rebalance.protocols = [classic, consumer, streams]
stream-state-bench-flink-kafka  | 	group.coordinator.threads = 4
stream-state-bench-flink-kafka  | 	group.initial.rebalance.delay.ms = 0
stream-state-bench-flink-kafka  | 	group.max.session.timeout.ms = 1800000
stream-state-bench-flink-kafka  | 	group.max.size = 2147483647
stream-state-bench-flink-kafka  | 	group.min.session.timeout.ms = 6000
stream-state-bench-flink-kafka  | 	group.share.assignment.interval.ms = 1000
stream-state-bench-flink-kafka  | 	group.share.assignors = [simple]
stream-state-bench-flink-kafka  | 	group.share.delivery.count.limit = 5
stream-state-bench-flink-kafka  | 	group.share.heartbeat.interval.ms = 5000
stream-state-bench-flink-kafka  | 	group.share.initialize.retry.interval.ms = 30000
stream-state-bench-flink-kafka  | 	group.share.max.assignment.interval.ms = 15000
stream-state-bench-flink-kafka  | 	group.share.max.delivery.count.limit = 10
stream-state-bench-flink-kafka  | 	group.share.max.heartbeat.interval.ms = 15000
stream-state-bench-flink-kafka  | 	group.share.max.partition.max.record.locks = 4000
stream-state-bench-flink-kafka  | 	group.share.max.record.lock.duration.ms = 60000
stream-state-bench-flink-kafka  | 	group.share.max.session.timeout.ms = 60000
stream-state-bench-flink-kafka  | 	group.share.max.share.sessions = 2000
stream-state-bench-flink-kafka  | 	group.share.max.size = 200
stream-state-bench-flink-kafka  | 	group.share.min.assignment.interval.ms = 0
stream-state-bench-flink-kafka  | 	group.share.min.delivery.count.limit = 2
stream-state-bench-flink-kafka  | 	group.share.min.heartbeat.interval.ms = 5000
stream-state-bench-flink-kafka  | 	group.share.min.partition.max.record.locks = 100
stream-state-bench-flink-kafka  | 	group.share.min.record.lock.duration.ms = 15000
stream-state-bench-flink-kafka  | 	group.share.min.session.timeout.ms = 45000
stream-state-bench-flink-kafka  | 	group.share.partition.max.record.locks = 2000
stream-state-bench-flink-kafka  | 	group.share.persister.class.name = org.apache.kafka.server.share.persister.DefaultStatePersister
stream-state-bench-flink-kafka  | 	group.share.record.lock.duration.ms = 30000
stream-state-bench-flink-kafka  | 	group.share.session.timeout.ms = 45000
stream-state-bench-flink-kafka  | 	group.streams.assignment.interval.ms = 1000
stream-state-bench-flink-kafka  | 	group.streams.heartbeat.interval.ms = 5000
stream-state-bench-flink-kafka  | 	group.streams.initial.rebalance.delay.ms = 3000
stream-state-bench-flink-kafka  | 	group.streams.max.assignment.interval.ms = 15000
stream-state-bench-flink-kafka  | 	group.streams.max.heartbeat.interval.ms = 15000
stream-state-bench-flink-kafka  | 	group.streams.max.session.timeout.ms = 60000
stream-state-bench-flink-kafka  | 	group.streams.max.size = 2147483647
stream-state-bench-flink-kafka  | 	group.streams.max.standby.replicas = 2
stream-state-bench-flink-kafka  | 	group.streams.min.assignment.interval.ms = 0
stream-state-bench-flink-kafka  | 	group.streams.min.heartbeat.interval.ms = 5000
stream-state-bench-flink-kafka  | 	group.streams.min.session.timeout.ms = 45000
stream-state-bench-flink-kafka  | 	group.streams.num.standby.replicas = 0
stream-state-bench-flink-kafka  | 	group.streams.session.timeout.ms = 45000
stream-state-bench-flink-kafka  | 	initial.broker.registration.timeout.ms = 60000
stream-state-bench-flink-kafka  | 	inter.broker.listener.name = null
stream-state-bench-flink-kafka  | 	internal.metadata.delete.delay.millis = 60000
stream-state-bench-flink-kafka  | 	internal.metadata.log.segment.bytes = null
stream-state-bench-flink-kafka  | 	internal.metadata.max.batch.size.in.bytes = 8388608
stream-state-bench-flink-kafka  | 	kafka.metrics.polling.interval.secs = 10
stream-state-bench-flink-kafka  | 	kafka.metrics.reporters = []
stream-state-bench-flink-kafka  | 	leader.imbalance.check.interval.seconds = 300
stream-state-bench-flink-kafka  | 	listener.security.protocol.map = CONTROLLER:PLAINTEXT,PLAINTEXT:PLAINTEXT
stream-state-bench-flink-kafka  | 	listeners = [PLAINTEXT://:9092, CONTROLLER://:9093]
stream-state-bench-flink-kafka  | 	log.cleaner.backoff.ms = 15000
stream-state-bench-flink-kafka  | 	log.cleaner.dedupe.buffer.size = 134217728
stream-state-bench-flink-kafka  | 	log.cleaner.delete.retention.ms = 86400000
stream-state-bench-flink-kafka  | 	log.cleaner.enable = true
stream-state-bench-flink-kafka  | 	log.cleaner.io.buffer.load.factor = 0.9
stream-state-bench-flink-kafka  | 	log.cleaner.io.buffer.size = 524288
stream-state-bench-flink-kafka  | 	log.cleaner.io.max.bytes.per.second = 1.7976931348623157E308
stream-state-bench-flink-kafka  | 	log.cleaner.max.compaction.lag.ms = 9223372036854775807
stream-state-bench-flink-kafka  | 	log.cleaner.min.cleanable.ratio = 0.5
stream-state-bench-flink-kafka  | 	log.cleaner.min.compaction.lag.ms = 0
stream-state-bench-flink-kafka  | 	log.cleaner.threads = 1
stream-state-bench-flink-kafka  | 	log.cleanup.policy = [delete]
stream-state-bench-flink-kafka  | 	log.dir = [/tmp/kafka-logs]
stream-state-bench-flink-kafka  | 	log.dir.failure.timeout.ms = 30000
stream-state-bench-flink-kafka  | 	log.dirs = null
stream-state-bench-flink-kafka  | 	log.flush.interval.messages = 9223372036854775807
stream-state-bench-flink-kafka  | 	log.flush.interval.ms = null
stream-state-bench-flink-kafka  | 	log.flush.offset.checkpoint.interval.ms = 60000
stream-state-bench-flink-kafka  | 	log.flush.scheduler.interval.ms = 9223372036854775807
stream-state-bench-flink-kafka  | 	log.flush.start.offset.checkpoint.interval.ms = 60000
stream-state-bench-flink-kafka  | 	log.index.interval.bytes = 4096
stream-state-bench-flink-kafka  | 	log.index.size.max.bytes = 10485760
stream-state-bench-flink-kafka  | 	log.initial.task.delay.ms = 30000
stream-state-bench-flink-kafka  | 	log.local.retention.bytes = -2
stream-state-bench-flink-kafka  | 	log.local.retention.ms = -2
stream-state-bench-flink-kafka  | 	log.message.timestamp.after.max.ms = 3600000
stream-state-bench-flink-kafka  | 	log.message.timestamp.before.max.ms = 9223372036854775807
stream-state-bench-flink-kafka  | 	log.message.timestamp.type = CreateTime
stream-state-bench-flink-kafka  | 	log.preallocate = false
stream-state-bench-flink-kafka  | 	log.retention.bytes = -1
stream-state-bench-flink-kafka  | 	log.retention.check.interval.ms = 300000
stream-state-bench-flink-kafka  | 	log.retention.hours = 168
stream-state-bench-flink-kafka  | 	log.retention.minutes = null
stream-state-bench-flink-kafka  | 	log.retention.ms = null
stream-state-bench-flink-kafka  | 	log.roll.hours = 168
stream-state-bench-flink-kafka  | 	log.roll.jitter.hours = 0
stream-state-bench-flink-kafka  | 	log.roll.jitter.ms = null
stream-state-bench-flink-kafka  | 	log.roll.ms = null
stream-state-bench-flink-kafka  | 	log.segment.bytes = 1073741824
stream-state-bench-flink-kafka  | 	log.segment.delete.delay.ms = 60000
stream-state-bench-flink-kafka  | 	max.connection.creation.rate = 2147483647
stream-state-bench-flink-kafka  | 	max.connections = 2147483647
stream-state-bench-flink-kafka  | 	max.connections.per.ip = 2147483647
stream-state-bench-flink-kafka  | 	max.connections.per.ip.overrides = 
stream-state-bench-flink-kafka  | 	max.incremental.fetch.session.cache.slots = 1000
stream-state-bench-flink-kafka  | 	max.request.partition.size.limit = 2000
stream-state-bench-flink-kafka  | 	message.max.bytes = 1048588
stream-state-bench-flink-kafka  | 	metadata.log.dir = null
stream-state-bench-flink-kafka  | 	metadata.log.max.record.bytes.between.snapshots = 20971520
stream-state-bench-flink-kafka  | 	metadata.log.max.snapshot.interval.ms = 3600000
stream-state-bench-flink-kafka  | 	metadata.log.segment.bytes = 1073741824
stream-state-bench-flink-kafka  | 	metadata.log.segment.ms = 604800000
stream-state-bench-flink-kafka  | 	metadata.max.idle.interval.ms = 500
stream-state-bench-flink-kafka  | 	metadata.max.retention.bytes = 104857600
stream-state-bench-flink-kafka  | 	metadata.max.retention.ms = 604800000
stream-state-bench-flink-kafka  | 	metric.reporters = [org.apache.kafka.common.metrics.JmxReporter]
stream-state-bench-flink-kafka  | 	metrics.num.samples = 2
stream-state-bench-flink-kafka  | 	metrics.recording.level = INFO
stream-state-bench-flink-kafka  | 	metrics.sample.window.ms = 30000
stream-state-bench-flink-kafka  | 	min.insync.replicas = 1
stream-state-bench-flink-kafka  | 	node.id = 1
stream-state-bench-flink-kafka  | 	num.io.threads = 8
stream-state-bench-flink-kafka  | 	num.network.threads = 3
stream-state-bench-flink-kafka  | 	num.partitions = 1
stream-state-bench-flink-kafka  | 	num.recovery.threads.per.data.dir = 2
stream-state-bench-flink-kafka  | 	num.replica.alter.log.dirs.threads = null
stream-state-bench-flink-kafka  | 	num.replica.fetchers = 1
stream-state-bench-flink-kafka  | 	offset.metadata.max.bytes = 4096
stream-state-bench-flink-kafka  | 	offsets.commit.timeout.ms = 5000
stream-state-bench-flink-kafka  | 	offsets.load.buffer.size = 5242880
stream-state-bench-flink-kafka  | 	offsets.retention.check.interval.ms = 600000
stream-state-bench-flink-kafka  | 	offsets.retention.minutes = 10080
stream-state-bench-flink-kafka  | 	offsets.topic.compression.codec = 0
stream-state-bench-flink-kafka  | 	offsets.topic.num.partitions = 50
stream-state-bench-flink-kafka  | 	offsets.topic.replication.factor = 1
stream-state-bench-flink-kafka  | 	offsets.topic.segment.bytes = 104857600
stream-state-bench-flink-kafka  | 	principal.builder.class = class org.apache.kafka.common.security.authenticator.DefaultKafkaPrincipalBuilder
stream-state-bench-flink-kafka  | 	process.roles = [broker, controller]
stream-state-bench-flink-kafka  | 	producer.id.expiration.check.interval.ms = 600000
stream-state-bench-flink-kafka  | 	producer.id.expiration.ms = 86400000
stream-state-bench-flink-kafka  | 	producer.purgatory.purge.interval.requests = 1000
stream-state-bench-flink-kafka  | 	queued.max.request.bytes = -1
stream-state-bench-flink-kafka  | 	queued.max.requests = 500
stream-state-bench-flink-kafka  | 	quota.window.num = 11
stream-state-bench-flink-kafka  | 	quota.window.size.seconds = 1
stream-state-bench-flink-kafka  | 	remote.fetch.max.wait.ms = 500
stream-state-bench-flink-kafka  | 	remote.list.offsets.request.timeout.ms = 30000
stream-state-bench-flink-kafka  | 	remote.log.index.file.cache.total.size.bytes = 1073741824
stream-state-bench-flink-kafka  | 	remote.log.index.file.cache.ttl.ms = 900000
stream-state-bench-flink-kafka  | 	remote.log.manager.copier.thread.pool.size = 10
stream-state-bench-flink-kafka  | 	remote.log.manager.copy.max.bytes.per.second = 9223372036854775807
stream-state-bench-flink-kafka  | 	remote.log.manager.copy.quota.window.num = 11
stream-state-bench-flink-kafka  | 	remote.log.manager.copy.quota.window.size.seconds = 1
stream-state-bench-flink-kafka  | 	remote.log.manager.expiration.thread.pool.size = 10
stream-state-bench-flink-kafka  | 	remote.log.manager.fetch.max.bytes.per.second = 9223372036854775807
stream-state-bench-flink-kafka  | 	remote.log.manager.fetch.quota.window.num = 11
stream-state-bench-flink-kafka  | 	remote.log.manager.fetch.quota.window.size.seconds = 1
stream-state-bench-flink-kafka  | 	remote.log.manager.follower.thread.pool.size = 2
stream-state-bench-flink-kafka  | 	remote.log.manager.task.interval.ms = 30000
stream-state-bench-flink-kafka  | 	remote.log.manager.task.retry.backoff.max.ms = 30000
stream-state-bench-flink-kafka  | 	remote.log.manager.task.retry.backoff.ms = 500
stream-state-bench-flink-kafka  | 	remote.log.manager.task.retry.jitter = 0.2
stream-state-bench-flink-kafka  | 	remote.log.manager.thread.pool.size = 2
stream-state-bench-flink-kafka  | 	remote.log.metadata.custom.metadata.max.bytes = 128
stream-state-bench-flink-kafka  | 	remote.log.metadata.manager.class.name = org.apache.kafka.server.log.remote.metadata.storage.TopicBasedRemoteLogMetadataManager
stream-state-bench-flink-kafka  | 	remote.log.metadata.manager.class.path = null
stream-state-bench-flink-kafka  | 	remote.log.metadata.manager.impl.prefix = rlmm.config.
stream-state-bench-flink-kafka  | 	remote.log.metadata.manager.listener.name = null
stream-state-bench-flink-kafka  | 	remote.log.reader.max.pending.tasks = 100
stream-state-bench-flink-kafka  | 	remote.log.reader.threads = 10
stream-state-bench-flink-kafka  | 	remote.log.storage.manager.class.name = null
stream-state-bench-flink-kafka  | 	remote.log.storage.manager.class.path = null
stream-state-bench-flink-kafka  | 	remote.log.storage.manager.impl.prefix = rsm.config.
stream-state-bench-flink-kafka  | 	remote.log.storage.system.enable = false
stream-state-bench-flink-kafka  | 	replica.fetch.backoff.ms = 1000
stream-state-bench-flink-kafka  | 	replica.fetch.max.bytes = 1048576
stream-state-bench-flink-kafka  | 	replica.fetch.min.bytes = 1
stream-state-bench-flink-kafka  | 	replica.fetch.response.max.bytes = 10485760
stream-state-bench-flink-kafka  | 	replica.fetch.wait.max.ms = 500
stream-state-bench-flink-kafka  | 	replica.high.watermark.checkpoint.interval.ms = 5000
stream-state-bench-flink-kafka  | 	replica.lag.time.max.ms = 30000
stream-state-bench-flink-kafka  | 	replica.selector.class = null
stream-state-bench-flink-kafka  | 	replica.socket.receive.buffer.bytes = 65536
stream-state-bench-flink-kafka  | 	replica.socket.timeout.ms = 30000
stream-state-bench-flink-kafka  | 	replication.quota.window.num = 11
stream-state-bench-flink-kafka  | 	replication.quota.window.size.seconds = 1
stream-state-bench-flink-kafka  | 	request.timeout.ms = 30000
stream-state-bench-flink-kafka  | 	sasl.client.callback.handler.class = null
stream-state-bench-flink-kafka  | 	sasl.enabled.mechanisms = [GSSAPI]
stream-state-bench-flink-kafka  | 	sasl.jaas.config = null
stream-state-bench-flink-kafka  | 	sasl.kerberos.kinit.cmd = /usr/bin/kinit
stream-state-bench-flink-kafka  | 	sasl.kerberos.min.time.before.relogin = 60000
stream-state-bench-flink-kafka  | 	sasl.kerberos.principal.to.local.rules = [DEFAULT]
stream-state-bench-flink-kafka  | 	sasl.kerberos.service.name = null
stream-state-bench-flink-kafka  | 	sasl.kerberos.ticket.renew.jitter = 0.05
stream-state-bench-flink-kafka  | 	sasl.kerberos.ticket.renew.window.factor = 0.8
stream-state-bench-flink-kafka  | 	sasl.login.callback.handler.class = null
stream-state-bench-flink-kafka  | 	sasl.login.class = null
stream-state-bench-flink-kafka  | 	sasl.login.connect.timeout.ms = null
stream-state-bench-flink-kafka  | 	sasl.login.read.timeout.ms = null
stream-state-bench-flink-kafka  | 	sasl.login.refresh.buffer.seconds = 300
stream-state-bench-flink-kafka  | 	sasl.login.refresh.min.period.seconds = 60
stream-state-bench-flink-kafka  | 	sasl.login.refresh.window.factor = 0.8
stream-state-bench-flink-kafka  | 	sasl.login.refresh.window.jitter = 0.05
stream-state-bench-flink-kafka  | 	sasl.login.retry.backoff.max.ms = 10000
stream-state-bench-flink-kafka  | 	sasl.login.retry.backoff.ms = 100
stream-state-bench-flink-kafka  | 	sasl.mechanism.controller.protocol = GSSAPI
stream-state-bench-flink-kafka  | 	sasl.mechanism.inter.broker.protocol = GSSAPI
stream-state-bench-flink-kafka  | 	sasl.oauthbearer.assertion.algorithm = RS256
stream-state-bench-flink-kafka  | 	sasl.oauthbearer.assertion.claim.aud = null
stream-state-bench-flink-kafka  | 	sasl.oauthbearer.assertion.claim.exp.seconds = 300
stream-state-bench-flink-kafka  | 	sasl.oauthbearer.assertion.claim.iss = null
stream-state-bench-flink-kafka  | 	sasl.oauthbearer.assertion.claim.jti.include = false
stream-state-bench-flink-kafka  | 	sasl.oauthbearer.assertion.claim.nbf.seconds = 60
stream-state-bench-flink-kafka  | 	sasl.oauthbearer.assertion.claim.sub = null
stream-state-bench-flink-kafka  | 	sasl.oauthbearer.assertion.file = null
stream-state-bench-flink-kafka  | 	sasl.oauthbearer.assertion.private.key.file = null
stream-state-bench-flink-kafka  | 	sasl.oauthbearer.assertion.private.key.passphrase = null
stream-state-bench-flink-kafka  | 	sasl.oauthbearer.assertion.template.file = null
stream-state-bench-flink-kafka  | 	sasl.oauthbearer.client.credentials.client.id = null
stream-state-bench-flink-kafka  | 	sasl.oauthbearer.client.credentials.client.secret = null
stream-state-bench-flink-kafka  | 	sasl.oauthbearer.clock.skew.seconds = 30
stream-state-bench-flink-kafka  | 	sasl.oauthbearer.expected.audience = []
stream-state-bench-flink-kafka  | 	sasl.oauthbearer.expected.issuer = null
stream-state-bench-flink-kafka  | 	sasl.oauthbearer.jwks.endpoint.refresh.ms = 3600000
stream-state-bench-flink-kafka  | 	sasl.oauthbearer.jwks.endpoint.retry.backoff.max.ms = 10000
stream-state-bench-flink-kafka  | 	sasl.oauthbearer.jwks.endpoint.retry.backoff.ms = 100
stream-state-bench-flink-kafka  | 	sasl.oauthbearer.jwks.endpoint.url = null
stream-state-bench-flink-kafka  | 	sasl.oauthbearer.jwt.retriever.class = class org.apache.kafka.common.security.oauthbearer.DefaultJwtRetriever
stream-state-bench-flink-kafka  | 	sasl.oauthbearer.jwt.validator.class = class org.apache.kafka.common.security.oauthbearer.DefaultJwtValidator
stream-state-bench-flink-kafka  | 	sasl.oauthbearer.scope = null
stream-state-bench-flink-kafka  | 	sasl.oauthbearer.scope.claim.name = scope
stream-state-bench-flink-kafka  | 	sasl.oauthbearer.sub.claim.name = sub
stream-state-bench-flink-kafka  | 	sasl.oauthbearer.token.endpoint.url = null
stream-state-bench-flink-kafka  | 	sasl.server.callback.handler.class = null
stream-state-bench-flink-kafka  | 	sasl.server.max.receive.size = 524288
stream-state-bench-flink-kafka  | 	security.inter.broker.protocol = PLAINTEXT
stream-state-bench-flink-kafka  | 	security.providers = null
stream-state-bench-flink-kafka  | 	server.max.startup.time.ms = 9223372036854775807
stream-state-bench-flink-kafka  | 	share.coordinator.append.linger.ms = -1
stream-state-bench-flink-kafka  | 	share.coordinator.cached.buffer.max.bytes = 1048588
stream-state-bench-flink-kafka  | 	share.coordinator.cold.partition.snapshot.interval.ms = 300000
stream-state-bench-flink-kafka  | 	share.coordinator.load.buffer.size = 5242880
stream-state-bench-flink-kafka  | 	share.coordinator.snapshot.update.records.per.snapshot = 500
stream-state-bench-flink-kafka  | 	share.coordinator.state.topic.compression.codec = 0
stream-state-bench-flink-kafka  | 	share.coordinator.state.topic.min.isr = 2
stream-state-bench-flink-kafka  | 	share.coordinator.state.topic.num.partitions = 50
stream-state-bench-flink-kafka  | 	share.coordinator.state.topic.prune.interval.ms = 300000
stream-state-bench-flink-kafka  | 	share.coordinator.state.topic.replication.factor = 3
stream-state-bench-flink-kafka  | 	share.coordinator.state.topic.segment.bytes = 104857600
stream-state-bench-flink-kafka  | 	share.coordinator.threads = 1
stream-state-bench-flink-kafka  | 	share.coordinator.write.timeout.ms = 5000
stream-state-bench-flink-kafka  | 	share.fetch.purgatory.purge.interval.requests = 1000
stream-state-bench-flink-kafka  | 	socket.connection.setup.timeout.max.ms = 30000
stream-state-bench-flink-kafka  | 	socket.connection.setup.timeout.ms = 10000
stream-state-bench-flink-kafka  | 	socket.listen.backlog.size = 50
stream-state-bench-flink-kafka  | 	socket.receive.buffer.bytes = 102400
stream-state-bench-flink-kafka  | 	socket.request.max.bytes = 104857600
stream-state-bench-flink-kafka  | 	socket.send.buffer.bytes = 102400
stream-state-bench-flink-kafka  | 	ssl.allow.dn.changes = false
stream-state-bench-flink-kafka  | 	ssl.allow.san.changes = false
stream-state-bench-flink-kafka  | 	ssl.cipher.suites = []
stream-state-bench-flink-kafka  | 	ssl.client.auth = none
stream-state-bench-flink-kafka  | 	ssl.enabled.protocols = [TLSv1.2, TLSv1.3]
stream-state-bench-flink-kafka  | 	ssl.endpoint.identification.algorithm = https
stream-state-bench-flink-kafka  | 	ssl.engine.factory.class = null
stream-state-bench-flink-kafka  | 	ssl.key.password = null
stream-state-bench-flink-kafka  | 	ssl.keymanager.algorithm = SunX509
stream-state-bench-flink-kafka  | 	ssl.keystore.certificate.chain = null
stream-state-bench-flink-kafka  | 	ssl.keystore.key = null
stream-state-bench-flink-kafka  | 	ssl.keystore.location = null
stream-state-bench-flink-kafka  | 	ssl.keystore.password = null
stream-state-bench-flink-kafka  | 	ssl.keystore.type = JKS
stream-state-bench-flink-kafka  | 	ssl.principal.mapping.rules = DEFAULT
stream-state-bench-flink-kafka  | 	ssl.protocol = TLSv1.3
stream-state-bench-flink-kafka  | 	ssl.provider = null
stream-state-bench-flink-kafka  | 	ssl.secure.random.implementation = null
stream-state-bench-flink-kafka  | 	ssl.trustmanager.algorithm = PKIX
stream-state-bench-flink-kafka  | 	ssl.truststore.certificates = null
stream-state-bench-flink-kafka  | 	ssl.truststore.location = null
stream-state-bench-flink-kafka  | 	ssl.truststore.password = null
stream-state-bench-flink-kafka  | 	ssl.truststore.type = JKS
stream-state-bench-flink-kafka  | 	telemetry.max.bytes = 1048576
stream-state-bench-flink-kafka  | 	transaction.abort.timed.out.transaction.cleanup.interval.ms = 10000
stream-state-bench-flink-kafka  | 	transaction.max.timeout.ms = 900000
stream-state-bench-flink-kafka  | 	transaction.partition.verification.enable = true
stream-state-bench-flink-kafka  | 	transaction.remove.expired.transaction.cleanup.interval.ms = 3600000
stream-state-bench-flink-kafka  | 	transaction.state.log.load.buffer.size = 5242880
stream-state-bench-flink-kafka  | 	transaction.state.log.min.isr = 1
stream-state-bench-flink-kafka  | 	transaction.state.log.num.partitions = 50
stream-state-bench-flink-kafka  | 	transaction.state.log.replication.factor = 1
stream-state-bench-flink-kafka  | 	transaction.state.log.segment.bytes = 104857600
stream-state-bench-flink-kafka  | 	transaction.two.phase.commit.enable = false
stream-state-bench-flink-kafka  | 	transactional.id.expiration.ms = 604800000
stream-state-bench-flink-kafka  | 	unclean.leader.election.enable = false
stream-state-bench-flink-kafka  | 	unclean.leader.election.interval.ms = 300000
stream-state-bench-flink-kafka  | 	unstable.api.versions.enable = false
stream-state-bench-flink-kafka  | 	unstable.feature.versions.enable = false
stream-state-bench-flink-kafka  |  (org.apache.kafka.common.config.AbstractConfig)
stream-state-bench-flink-kafka  | [2026-07-17 16:48:57,414] INFO [BrokerServer id=1] Waiting for the broker to be unfenced (kafka.server.BrokerServer)
stream-state-bench-flink-kafka  | [2026-07-17 16:48:57,443] INFO [BrokerLifecycleManager id=1] The broker has been unfenced. Transitioning from RECOVERY to RUNNING. (org.apache.kafka.server.BrokerLifecycleManager)
stream-state-bench-flink-kafka  | [2026-07-17 16:48:57,443] INFO [BrokerServer id=1] Finished waiting for the broker to be unfenced (kafka.server.BrokerServer)
stream-state-bench-flink-kafka  | [2026-07-17 16:48:57,444] INFO authorizerStart completed for endpoint PLAINTEXT. Endpoint is now READY. (org.apache.kafka.server.network.EndpointReadyFutures)
stream-state-bench-flink-kafka  | [2026-07-17 16:48:57,444] INFO [SocketServer listenerType=BROKER, nodeId=1] Enabling request processing. (kafka.network.SocketServer)
stream-state-bench-flink-kafka  | [2026-07-17 16:48:57,444] INFO Awaiting socket connections on 0.0.0.0:9092. (kafka.network.DataPlaneAcceptor)
stream-state-bench-flink-kafka  | [2026-07-17 16:48:57,445] INFO [BrokerServer id=1] Waiting for all of the authorizer futures to be completed (kafka.server.BrokerServer)
stream-state-bench-flink-kafka  | [2026-07-17 16:48:57,445] INFO [BrokerServer id=1] Finished waiting for all of the authorizer futures to be completed (kafka.server.BrokerServer)
stream-state-bench-flink-kafka  | [2026-07-17 16:48:57,445] INFO [BrokerServer id=1] Waiting for all of the SocketServer Acceptors to be started (kafka.server.BrokerServer)
stream-state-bench-flink-kafka  | [2026-07-17 16:48:57,445] INFO [BrokerServer id=1] Finished waiting for all of the SocketServer Acceptors to be started (kafka.server.BrokerServer)
stream-state-bench-flink-kafka  | [2026-07-17 16:48:57,446] INFO [BrokerServer id=1] Transition from STARTING to STARTED (kafka.server.BrokerServer)
stream-state-bench-flink-kafka  | [2026-07-17 16:48:57,446] INFO Kafka version: 4.3.1 (org.apache.kafka.common.utils.AppInfoParser)
stream-state-bench-flink-kafka  | [2026-07-17 16:48:57,446] INFO Kafka commitId: 26b251a451ce941d (org.apache.kafka.common.utils.AppInfoParser)
stream-state-bench-flink-kafka  | [2026-07-17 16:48:57,446] INFO Kafka startTimeMs: 1784306937446 (org.apache.kafka.common.utils.AppInfoParser)
stream-state-bench-flink-kafka  | [2026-07-17 16:48:57,447] INFO [KafkaRaftServer nodeId=1] Kafka Server started (kafka.server.KafkaRaftServer)
stream-state-bench-flink-kafka  | [2026-07-17 16:48:57,695] INFO Sent auto-creation request for Set(__consumer_offsets) to the active controller. (kafka.server.DefaultAutoTopicCreationManager)
stream-state-bench-flink-kafka  | [2026-07-17 16:48:57,733] INFO [ReplicaFetcherManager on broker 1] Removed fetcher for partitions Set(__consumer_offsets-13, __consumer_offsets-46, __consumer_offsets-9, __consumer_offsets-42, __consumer_offsets-21, __consumer_offsets-17, __consumer_offsets-30, __consumer_offsets-26, __consumer_offsets-5, __consumer_offsets-38, __consumer_offsets-1, __consumer_offsets-34, __consumer_offsets-16, __consumer_offsets-45, __consumer_offsets-12, __consumer_offsets-41, __consumer_offsets-24, __consumer_offsets-20, __consumer_offsets-49, __consumer_offsets-0, __consumer_offsets-29, __consumer_offsets-25, __consumer_offsets-8, __consumer_offsets-37, __consumer_offsets-4, __consumer_offsets-33, __consumer_offsets-15, __consumer_offsets-48, __consumer_offsets-11, __consumer_offsets-44, __consumer_offsets-23, __consumer_offsets-19, __consumer_offsets-32, __consumer_offsets-28, __consumer_offsets-7, __consumer_offsets-40, __consumer_offsets-3, __consumer_offsets-36, __consumer_offsets-47, __consumer_offsets-14, __consumer_offsets-43, __consumer_offsets-10, __consumer_offsets-22, __consumer_offsets-18, __consumer_offsets-31, __consumer_offsets-27, __consumer_offsets-39, __consumer_offsets-6, __consumer_offsets-35, __consumer_offsets-2) (kafka.server.ReplicaFetcherManager)
stream-state-bench-flink-kafka  | [2026-07-17 16:48:57,746] INFO [LogLoader partition=__consumer_offsets-13, dir=/tmp/kafka-logs] Loading producer state till offset 0 (org.apache.kafka.storage.internals.log.UnifiedLog)
stream-state-bench-flink-kafka  | [2026-07-17 16:48:57,749] INFO Created log for partition __consumer_offsets-13 in /tmp/kafka-logs/__consumer_offsets-13 with properties {cleanup.policy=compact, compression.type="producer", segment.bytes=104857600} (kafka.log.LogManager)
stream-state-bench-flink-kafka  | [2026-07-17 16:48:57,750] INFO [Partition __consumer_offsets-13 broker=1] No checkpointed highwatermark is found for partition __consumer_offsets-13 (kafka.cluster.Partition)
stream-state-bench-flink-kafka  | [2026-07-17 16:48:57,752] INFO [Partition __consumer_offsets-13 broker=1] Log loaded for partition __consumer_offsets-13 with initial high watermark 0 (kafka.cluster.Partition)
stream-state-bench-flink-kafka  | [2026-07-17 16:48:57,766] INFO [LogLoader partition=__consumer_offsets-46, dir=/tmp/kafka-logs] Loading producer state till offset 0 (org.apache.kafka.storage.internals.log.UnifiedLog)
stream-state-bench-flink-kafka  | [2026-07-17 16:48:57,767] INFO Created log for partition __consumer_offsets-46 in /tmp/kafka-logs/__consumer_offsets-46 with properties {cleanup.policy=compact, compression.type="producer", segment.bytes=104857600} (kafka.log.LogManager)
stream-state-bench-flink-kafka  | [2026-07-17 16:48:57,767] INFO [Partition __consumer_offsets-46 broker=1] No checkpointed highwatermark is found for partition __consumer_offsets-46 (kafka.cluster.Partition)
stream-state-bench-flink-kafka  | [2026-07-17 16:48:57,767] INFO [Partition __consumer_offsets-46 broker=1] Log loaded for partition __consumer_offsets-46 with initial high watermark 0 (kafka.cluster.Partition)
stream-state-bench-flink-kafka  | [2026-07-17 16:48:57,775] INFO [LogLoader partition=__consumer_offsets-9, dir=/tmp/kafka-logs] Loading producer state till offset 0 (org.apache.kafka.storage.internals.log.UnifiedLog)
stream-state-bench-flink-kafka  | [2026-07-17 16:48:57,776] INFO Created log for partition __consumer_offsets-9 in /tmp/kafka-logs/__consumer_offsets-9 with properties {cleanup.policy=compact, compression.type="producer", segment.bytes=104857600} (kafka.log.LogManager)
stream-state-bench-flink-kafka  | [2026-07-17 16:48:57,776] INFO [Partition __consumer_offsets-9 broker=1] No checkpointed highwatermark is found for partition __consumer_offsets-9 (kafka.cluster.Partition)
stream-state-bench-flink-kafka  | [2026-07-17 16:48:57,776] INFO [Partition __consumer_offsets-9 broker=1] Log loaded for partition __consumer_offsets-9 with initial high watermark 0 (kafka.cluster.Partition)
stream-state-bench-flink-kafka  | [2026-07-17 16:48:57,785] INFO [LogLoader partition=__consumer_offsets-42, dir=/tmp/kafka-logs] Loading producer state till offset 0 (org.apache.kafka.storage.internals.log.UnifiedLog)
stream-state-bench-flink-kafka  | [2026-07-17 16:48:57,786] INFO Created log for partition __consumer_offsets-42 in /tmp/kafka-logs/__consumer_offsets-42 with properties {cleanup.policy=compact, compression.type="producer", segment.bytes=104857600} (kafka.log.LogManager)
stream-state-bench-flink-kafka  | [2026-07-17 16:48:57,786] INFO [Partition __consumer_offsets-42 broker=1] No checkpointed highwatermark is found for partition __consumer_offsets-42 (kafka.cluster.Partition)
stream-state-bench-flink-kafka  | [2026-07-17 16:48:57,786] INFO [Partition __consumer_offsets-42 broker=1] Log loaded for partition __consumer_offsets-42 with initial high watermark 0 (kafka.cluster.Partition)
stream-state-bench-flink-kafka  | [2026-07-17 16:48:57,795] INFO [LogLoader partition=__consumer_offsets-21, dir=/tmp/kafka-logs] Loading producer state till offset 0 (org.apache.kafka.storage.internals.log.UnifiedLog)
stream-state-bench-flink-kafka  | [2026-07-17 16:48:57,798] INFO Created log for partition __consumer_offsets-21 in /tmp/kafka-logs/__consumer_offsets-21 with properties {cleanup.policy=compact, compression.type="producer", segment.bytes=104857600} (kafka.log.LogManager)
stream-state-bench-flink-kafka  | [2026-07-17 16:48:57,799] INFO [Partition __consumer_offsets-21 broker=1] No checkpointed highwatermark is found for partition __consumer_offsets-21 (kafka.cluster.Partition)
stream-state-bench-flink-kafka  | [2026-07-17 16:48:57,799] INFO [Partition __consumer_offsets-21 broker=1] Log loaded for partition __consumer_offsets-21 with initial high watermark 0 (kafka.cluster.Partition)
stream-state-bench-flink-kafka  | [2026-07-17 16:48:57,807] INFO [LogLoader partition=__consumer_offsets-17, dir=/tmp/kafka-logs] Loading producer state till offset 0 (org.apache.kafka.storage.internals.log.UnifiedLog)
stream-state-bench-flink-kafka  | [2026-07-17 16:48:57,809] INFO Created log for partition __consumer_offsets-17 in /tmp/kafka-logs/__consumer_offsets-17 with properties {cleanup.policy=compact, compression.type="producer", segment.bytes=104857600} (kafka.log.LogManager)
stream-state-bench-flink-kafka  | [2026-07-17 16:48:57,809] INFO [Partition __consumer_offsets-17 broker=1] No checkpointed highwatermark is found for partition __consumer_offsets-17 (kafka.cluster.Partition)
stream-state-bench-flink-kafka  | [2026-07-17 16:48:57,809] INFO [Partition __consumer_offsets-17 broker=1] Log loaded for partition __consumer_offsets-17 with initial high watermark 0 (kafka.cluster.Partition)
stream-state-bench-flink-kafka  | [2026-07-17 16:48:57,819] INFO [LogLoader partition=__consumer_offsets-30, dir=/tmp/kafka-logs] Loading producer state till offset 0 (org.apache.kafka.storage.internals.log.UnifiedLog)
stream-state-bench-flink-kafka  | [2026-07-17 16:48:57,819] INFO Created log for partition __consumer_offsets-30 in /tmp/kafka-logs/__consumer_offsets-30 with properties {cleanup.policy=compact, compression.type="producer", segment.bytes=104857600} (kafka.log.LogManager)
stream-state-bench-flink-kafka  | [2026-07-17 16:48:57,820] INFO [Partition __consumer_offsets-30 broker=1] No checkpointed highwatermark is found for partition __consumer_offsets-30 (kafka.cluster.Partition)
stream-state-bench-flink-kafka  | [2026-07-17 16:48:57,820] INFO [Partition __consumer_offsets-30 broker=1] Log loaded for partition __consumer_offsets-30 with initial high watermark 0 (kafka.cluster.Partition)
stream-state-bench-flink-kafka  | [2026-07-17 16:48:57,826] INFO [LogLoader partition=__consumer_offsets-26, dir=/tmp/kafka-logs] Loading producer state till offset 0 (org.apache.kafka.storage.internals.log.UnifiedLog)
stream-state-bench-flink-kafka  | [2026-07-17 16:48:57,827] INFO Created log for partition __consumer_offsets-26 in /tmp/kafka-logs/__consumer_offsets-26 with properties {cleanup.policy=compact, compression.type="producer", segment.bytes=104857600} (kafka.log.LogManager)
stream-state-bench-flink-kafka  | [2026-07-17 16:48:57,827] INFO [Partition __consumer_offsets-26 broker=1] No checkpointed highwatermark is found for partition __consumer_offsets-26 (kafka.cluster.Partition)
stream-state-bench-flink-kafka  | [2026-07-17 16:48:57,827] INFO [Partition __consumer_offsets-26 broker=1] Log loaded for partition __consumer_offsets-26 with initial high watermark 0 (kafka.cluster.Partition)
stream-state-bench-flink-kafka  | [2026-07-17 16:48:57,835] INFO [LogLoader partition=__consumer_offsets-5, dir=/tmp/kafka-logs] Loading producer state till offset 0 (org.apache.kafka.storage.internals.log.UnifiedLog)
stream-state-bench-flink-kafka  | [2026-07-17 16:48:57,836] INFO Created log for partition __consumer_offsets-5 in /tmp/kafka-logs/__consumer_offsets-5 with properties {cleanup.policy=compact, compression.type="producer", segment.bytes=104857600} (kafka.log.LogManager)
stream-state-bench-flink-kafka  | [2026-07-17 16:48:57,836] INFO [Partition __consumer_offsets-5 broker=1] No checkpointed highwatermark is found for partition __consumer_offsets-5 (kafka.cluster.Partition)
stream-state-bench-flink-kafka  | [2026-07-17 16:48:57,836] INFO [Partition __consumer_offsets-5 broker=1] Log loaded for partition __consumer_offsets-5 with initial high watermark 0 (kafka.cluster.Partition)
stream-state-bench-flink-kafka  | [2026-07-17 16:48:57,843] INFO [LogLoader partition=__consumer_offsets-38, dir=/tmp/kafka-logs] Loading producer state till offset 0 (org.apache.kafka.storage.internals.log.UnifiedLog)
stream-state-bench-flink-kafka  | [2026-07-17 16:48:57,844] INFO Created log for partition __consumer_offsets-38 in /tmp/kafka-logs/__consumer_offsets-38 with properties {cleanup.policy=compact, compression.type="producer", segment.bytes=104857600} (kafka.log.LogManager)
stream-state-bench-flink-kafka  | [2026-07-17 16:48:57,844] INFO [Partition __consumer_offsets-38 broker=1] No checkpointed highwatermark is found for partition __consumer_offsets-38 (kafka.cluster.Partition)
stream-state-bench-flink-kafka  | [2026-07-17 16:48:57,845] INFO [Partition __consumer_offsets-38 broker=1] Log loaded for partition __consumer_offsets-38 with initial high watermark 0 (kafka.cluster.Partition)
stream-state-bench-flink-kafka  | [2026-07-17 16:48:57,852] INFO [LogLoader partition=__consumer_offsets-1, dir=/tmp/kafka-logs] Loading producer state till offset 0 (org.apache.kafka.storage.internals.log.UnifiedLog)
stream-state-bench-flink-kafka  | [2026-07-17 16:48:57,853] INFO Created log for partition __consumer_offsets-1 in /tmp/kafka-logs/__consumer_offsets-1 with properties {cleanup.policy=compact, compression.type="producer", segment.bytes=104857600} (kafka.log.LogManager)
stream-state-bench-flink-kafka  | [2026-07-17 16:48:57,853] INFO [Partition __consumer_offsets-1 broker=1] No checkpointed highwatermark is found for partition __consumer_offsets-1 (kafka.cluster.Partition)
stream-state-bench-flink-kafka  | [2026-07-17 16:48:57,853] INFO [Partition __consumer_offsets-1 broker=1] Log loaded for partition __consumer_offsets-1 with initial high watermark 0 (kafka.cluster.Partition)
stream-state-bench-flink-kafka  | [2026-07-17 16:48:57,863] INFO [LogLoader partition=__consumer_offsets-34, dir=/tmp/kafka-logs] Loading producer state till offset 0 (org.apache.kafka.storage.internals.log.UnifiedLog)
stream-state-bench-flink-kafka  | [2026-07-17 16:48:57,864] INFO Created log for partition __consumer_offsets-34 in /tmp/kafka-logs/__consumer_offsets-34 with properties {cleanup.policy=compact, compression.type="producer", segment.bytes=104857600} (kafka.log.LogManager)
stream-state-bench-flink-kafka  | [2026-07-17 16:48:57,864] INFO [Partition __consumer_offsets-34 broker=1] No checkpointed highwatermark is found for partition __consumer_offsets-34 (kafka.cluster.Partition)
stream-state-bench-flink-kafka  | [2026-07-17 16:48:57,864] INFO [Partition __consumer_offsets-34 broker=1] Log loaded for partition __consumer_offsets-34 with initial high watermark 0 (kafka.cluster.Partition)
stream-state-bench-flink-kafka  | [2026-07-17 16:48:57,870] INFO [LogLoader partition=__consumer_offsets-16, dir=/tmp/kafka-logs] Loading producer state till offset 0 (org.apache.kafka.storage.internals.log.UnifiedLog)
stream-state-bench-flink-kafka  | [2026-07-17 16:48:57,871] INFO Created log for partition __consumer_offsets-16 in /tmp/kafka-logs/__consumer_offsets-16 with properties {cleanup.policy=compact, compression.type="producer", segment.bytes=104857600} (kafka.log.LogManager)
stream-state-bench-flink-kafka  | [2026-07-17 16:48:57,871] INFO [Partition __consumer_offsets-16 broker=1] No checkpointed highwatermark is found for partition __consumer_offsets-16 (kafka.cluster.Partition)
stream-state-bench-flink-kafka  | [2026-07-17 16:48:57,872] INFO [Partition __consumer_offsets-16 broker=1] Log loaded for partition __consumer_offsets-16 with initial high watermark 0 (kafka.cluster.Partition)
stream-state-bench-flink-kafka  | [2026-07-17 16:48:57,878] INFO [LogLoader partition=__consumer_offsets-45, dir=/tmp/kafka-logs] Loading producer state till offset 0 (org.apache.kafka.storage.internals.log.UnifiedLog)
stream-state-bench-flink-kafka  | [2026-07-17 16:48:57,878] INFO Created log for partition __consumer_offsets-45 in /tmp/kafka-logs/__consumer_offsets-45 with properties {cleanup.policy=compact, compression.type="producer", segment.bytes=104857600} (kafka.log.LogManager)
stream-state-bench-flink-kafka  | [2026-07-17 16:48:57,878] INFO [Partition __consumer_offsets-45 broker=1] No checkpointed highwatermark is found for partition __consumer_offsets-45 (kafka.cluster.Partition)
stream-state-bench-flink-kafka  | [2026-07-17 16:48:57,878] INFO [Partition __consumer_offsets-45 broker=1] Log loaded for partition __consumer_offsets-45 with initial high watermark 0 (kafka.cluster.Partition)
stream-state-bench-flink-kafka  | [2026-07-17 16:48:57,885] INFO [LogLoader partition=__consumer_offsets-12, dir=/tmp/kafka-logs] Loading producer state till offset 0 (org.apache.kafka.storage.internals.log.UnifiedLog)
stream-state-bench-flink-kafka  | [2026-07-17 16:48:57,886] INFO Created log for partition __consumer_offsets-12 in /tmp/kafka-logs/__consumer_offsets-12 with properties {cleanup.policy=compact, compression.type="producer", segment.bytes=104857600} (kafka.log.LogManager)
stream-state-bench-flink-kafka  | [2026-07-17 16:48:57,886] INFO [Partition __consumer_offsets-12 broker=1] No checkpointed highwatermark is found for partition __consumer_offsets-12 (kafka.cluster.Partition)
stream-state-bench-flink-kafka  | [2026-07-17 16:48:57,886] INFO [Partition __consumer_offsets-12 broker=1] Log loaded for partition __consumer_offsets-12 with initial high watermark 0 (kafka.cluster.Partition)
stream-state-bench-flink-kafka  | [2026-07-17 16:48:57,892] INFO [LogLoader partition=__consumer_offsets-41, dir=/tmp/kafka-logs] Loading producer state till offset 0 (org.apache.kafka.storage.internals.log.UnifiedLog)
stream-state-bench-flink-kafka  | [2026-07-17 16:48:57,893] INFO Created log for partition __consumer_offsets-41 in /tmp/kafka-logs/__consumer_offsets-41 with properties {cleanup.policy=compact, compression.type="producer", segment.bytes=104857600} (kafka.log.LogManager)
stream-state-bench-flink-kafka  | [2026-07-17 16:48:57,893] INFO [Partition __consumer_offsets-41 broker=1] No checkpointed highwatermark is found for partition __consumer_offsets-41 (kafka.cluster.Partition)
stream-state-bench-flink-kafka  | [2026-07-17 16:48:57,893] INFO [Partition __consumer_offsets-41 broker=1] Log loaded for partition __consumer_offsets-41 with initial high watermark 0 (kafka.cluster.Partition)
stream-state-bench-flink-kafka  | [2026-07-17 16:48:57,899] INFO [LogLoader partition=__consumer_offsets-24, dir=/tmp/kafka-logs] Loading producer state till offset 0 (org.apache.kafka.storage.internals.log.UnifiedLog)
stream-state-bench-flink-kafka  | [2026-07-17 16:48:57,900] INFO Created log for partition __consumer_offsets-24 in /tmp/kafka-logs/__consumer_offsets-24 with properties {cleanup.policy=compact, compression.type="producer", segment.bytes=104857600} (kafka.log.LogManager)
stream-state-bench-flink-kafka  | [2026-07-17 16:48:57,900] INFO [Partition __consumer_offsets-24 broker=1] No checkpointed highwatermark is found for partition __consumer_offsets-24 (kafka.cluster.Partition)
stream-state-bench-flink-kafka  | [2026-07-17 16:48:57,900] INFO [Partition __consumer_offsets-24 broker=1] Log loaded for partition __consumer_offsets-24 with initial high watermark 0 (kafka.cluster.Partition)
stream-state-bench-flink-kafka  | [2026-07-17 16:48:57,906] INFO [LogLoader partition=__consumer_offsets-20, dir=/tmp/kafka-logs] Loading producer state till offset 0 (org.apache.kafka.storage.internals.log.UnifiedLog)
stream-state-bench-flink-kafka  | [2026-07-17 16:48:57,906] INFO Created log for partition __consumer_offsets-20 in /tmp/kafka-logs/__consumer_offsets-20 with properties {cleanup.policy=compact, compression.type="producer", segment.bytes=104857600} (kafka.log.LogManager)
stream-state-bench-flink-kafka  | [2026-07-17 16:48:57,907] INFO [Partition __consumer_offsets-20 broker=1] No checkpointed highwatermark is found for partition __consumer_offsets-20 (kafka.cluster.Partition)
stream-state-bench-flink-kafka  | [2026-07-17 16:48:57,907] INFO [Partition __consumer_offsets-20 broker=1] Log loaded for partition __consumer_offsets-20 with initial high watermark 0 (kafka.cluster.Partition)
stream-state-bench-flink-kafka  | [2026-07-17 16:48:57,918] INFO [LogLoader partition=__consumer_offsets-49, dir=/tmp/kafka-logs] Loading producer state till offset 0 (org.apache.kafka.storage.internals.log.UnifiedLog)
stream-state-bench-flink-kafka  | [2026-07-17 16:48:57,919] INFO Created log for partition __consumer_offsets-49 in /tmp/kafka-logs/__consumer_offsets-49 with properties {cleanup.policy=compact, compression.type="producer", segment.bytes=104857600} (kafka.log.LogManager)
stream-state-bench-flink-kafka  | [2026-07-17 16:48:57,919] INFO [Partition __consumer_offsets-49 broker=1] No checkpointed highwatermark is found for partition __consumer_offsets-49 (kafka.cluster.Partition)
stream-state-bench-flink-kafka  | [2026-07-17 16:48:57,919] INFO [Partition __consumer_offsets-49 broker=1] Log loaded for partition __consumer_offsets-49 with initial high watermark 0 (kafka.cluster.Partition)
stream-state-bench-flink-kafka  | [2026-07-17 16:48:57,925] INFO [LogLoader partition=__consumer_offsets-0, dir=/tmp/kafka-logs] Loading producer state till offset 0 (org.apache.kafka.storage.internals.log.UnifiedLog)
stream-state-bench-flink-kafka  | [2026-07-17 16:48:57,925] INFO Created log for partition __consumer_offsets-0 in /tmp/kafka-logs/__consumer_offsets-0 with properties {cleanup.policy=compact, compression.type="producer", segment.bytes=104857600} (kafka.log.LogManager)
stream-state-bench-flink-kafka  | [2026-07-17 16:48:57,925] INFO [Partition __consumer_offsets-0 broker=1] No checkpointed highwatermark is found for partition __consumer_offsets-0 (kafka.cluster.Partition)
stream-state-bench-flink-kafka  | [2026-07-17 16:48:57,925] INFO [Partition __consumer_offsets-0 broker=1] Log loaded for partition __consumer_offsets-0 with initial high watermark 0 (kafka.cluster.Partition)
stream-state-bench-flink-kafka  | [2026-07-17 16:48:57,931] INFO [LogLoader partition=__consumer_offsets-29, dir=/tmp/kafka-logs] Loading producer state till offset 0 (org.apache.kafka.storage.internals.log.UnifiedLog)
stream-state-bench-flink-kafka  | [2026-07-17 16:48:57,932] INFO Created log for partition __consumer_offsets-29 in /tmp/kafka-logs/__consumer_offsets-29 with properties {cleanup.policy=compact, compression.type="producer", segment.bytes=104857600} (kafka.log.LogManager)
stream-state-bench-flink-kafka  | [2026-07-17 16:48:57,932] INFO [Partition __consumer_offsets-29 broker=1] No checkpointed highwatermark is found for partition __consumer_offsets-29 (kafka.cluster.Partition)
stream-state-bench-flink-kafka  | [2026-07-17 16:48:57,932] INFO [Partition __consumer_offsets-29 broker=1] Log loaded for partition __consumer_offsets-29 with initial high watermark 0 (kafka.cluster.Partition)
stream-state-bench-flink-kafka  | [2026-07-17 16:48:57,940] INFO [LogLoader partition=__consumer_offsets-25, dir=/tmp/kafka-logs] Loading producer state till offset 0 (org.apache.kafka.storage.internals.log.UnifiedLog)
stream-state-bench-flink-kafka  | [2026-07-17 16:48:57,940] INFO Created log for partition __consumer_offsets-25 in /tmp/kafka-logs/__consumer_offsets-25 with properties {cleanup.policy=compact, compression.type="producer", segment.bytes=104857600} (kafka.log.LogManager)
stream-state-bench-flink-kafka  | [2026-07-17 16:48:57,941] INFO [Partition __consumer_offsets-25 broker=1] No checkpointed highwatermark is found for partition __consumer_offsets-25 (kafka.cluster.Partition)
stream-state-bench-flink-kafka  | [2026-07-17 16:48:57,941] INFO [Partition __consumer_offsets-25 broker=1] Log loaded for partition __consumer_offsets-25 with initial high watermark 0 (kafka.cluster.Partition)
stream-state-bench-flink-kafka  | [2026-07-17 16:48:57,948] INFO [LogLoader partition=__consumer_offsets-8, dir=/tmp/kafka-logs] Loading producer state till offset 0 (org.apache.kafka.storage.internals.log.UnifiedLog)
stream-state-bench-flink-kafka  | [2026-07-17 16:48:57,949] INFO Created log for partition __consumer_offsets-8 in /tmp/kafka-logs/__consumer_offsets-8 with properties {cleanup.policy=compact, compression.type="producer", segment.bytes=104857600} (kafka.log.LogManager)
stream-state-bench-flink-kafka  | [2026-07-17 16:48:57,949] INFO [Partition __consumer_offsets-8 broker=1] No checkpointed highwatermark is found for partition __consumer_offsets-8 (kafka.cluster.Partition)
stream-state-bench-flink-kafka  | [2026-07-17 16:48:57,949] INFO [Partition __consumer_offsets-8 broker=1] Log loaded for partition __consumer_offsets-8 with initial high watermark 0 (kafka.cluster.Partition)
stream-state-bench-flink-kafka  | [2026-07-17 16:48:57,959] INFO [LogLoader partition=__consumer_offsets-37, dir=/tmp/kafka-logs] Loading producer state till offset 0 (org.apache.kafka.storage.internals.log.UnifiedLog)
stream-state-bench-flink-kafka  | [2026-07-17 16:48:57,960] INFO Created log for partition __consumer_offsets-37 in /tmp/kafka-logs/__consumer_offsets-37 with properties {cleanup.policy=compact, compression.type="producer", segment.bytes=104857600} (kafka.log.LogManager)
stream-state-bench-flink-kafka  | [2026-07-17 16:48:57,960] INFO [Partition __consumer_offsets-37 broker=1] No checkpointed highwatermark is found for partition __consumer_offsets-37 (kafka.cluster.Partition)
stream-state-bench-flink-kafka  | [2026-07-17 16:48:57,960] INFO [Partition __consumer_offsets-37 broker=1] Log loaded for partition __consumer_offsets-37 with initial high watermark 0 (kafka.cluster.Partition)
stream-state-bench-flink-kafka  | [2026-07-17 16:48:57,968] INFO [LogLoader partition=__consumer_offsets-4, dir=/tmp/kafka-logs] Loading producer state till offset 0 (org.apache.kafka.storage.internals.log.UnifiedLog)
stream-state-bench-flink-kafka  | [2026-07-17 16:48:57,969] INFO Created log for partition __consumer_offsets-4 in /tmp/kafka-logs/__consumer_offsets-4 with properties {cleanup.policy=compact, compression.type="producer", segment.bytes=104857600} (kafka.log.LogManager)
stream-state-bench-flink-kafka  | [2026-07-17 16:48:57,969] INFO [Partition __consumer_offsets-4 broker=1] No checkpointed highwatermark is found for partition __consumer_offsets-4 (kafka.cluster.Partition)
stream-state-bench-flink-kafka  | [2026-07-17 16:48:57,970] INFO [Partition __consumer_offsets-4 broker=1] Log loaded for partition __consumer_offsets-4 with initial high watermark 0 (kafka.cluster.Partition)
stream-state-bench-flink-kafka  | [2026-07-17 16:48:57,977] INFO [LogLoader partition=__consumer_offsets-33, dir=/tmp/kafka-logs] Loading producer state till offset 0 (org.apache.kafka.storage.internals.log.UnifiedLog)
stream-state-bench-flink-kafka  | [2026-07-17 16:48:57,978] INFO Created log for partition __consumer_offsets-33 in /tmp/kafka-logs/__consumer_offsets-33 with properties {cleanup.policy=compact, compression.type="producer", segment.bytes=104857600} (kafka.log.LogManager)
stream-state-bench-flink-kafka  | [2026-07-17 16:48:57,978] INFO [Partition __consumer_offsets-33 broker=1] No checkpointed highwatermark is found for partition __consumer_offsets-33 (kafka.cluster.Partition)
stream-state-bench-flink-kafka  | [2026-07-17 16:48:57,978] INFO [Partition __consumer_offsets-33 broker=1] Log loaded for partition __consumer_offsets-33 with initial high watermark 0 (kafka.cluster.Partition)
stream-state-bench-flink-kafka  | [2026-07-17 16:48:57,985] INFO [LogLoader partition=__consumer_offsets-15, dir=/tmp/kafka-logs] Loading producer state till offset 0 (org.apache.kafka.storage.internals.log.UnifiedLog)
stream-state-bench-flink-kafka  | [2026-07-17 16:48:57,986] INFO Created log for partition __consumer_offsets-15 in /tmp/kafka-logs/__consumer_offsets-15 with properties {cleanup.policy=compact, compression.type="producer", segment.bytes=104857600} (kafka.log.LogManager)
stream-state-bench-flink-kafka  | [2026-07-17 16:48:57,986] INFO [Partition __consumer_offsets-15 broker=1] No checkpointed highwatermark is found for partition __consumer_offsets-15 (kafka.cluster.Partition)
stream-state-bench-flink-kafka  | [2026-07-17 16:48:57,986] INFO [Partition __consumer_offsets-15 broker=1] Log loaded for partition __consumer_offsets-15 with initial high watermark 0 (kafka.cluster.Partition)
stream-state-bench-flink-kafka  | [2026-07-17 16:48:57,993] INFO [LogLoader partition=__consumer_offsets-48, dir=/tmp/kafka-logs] Loading producer state till offset 0 (org.apache.kafka.storage.internals.log.UnifiedLog)
stream-state-bench-flink-kafka  | [2026-07-17 16:48:57,993] INFO Created log for partition __consumer_offsets-48 in /tmp/kafka-logs/__consumer_offsets-48 with properties {cleanup.policy=compact, compression.type="producer", segment.bytes=104857600} (kafka.log.LogManager)
stream-state-bench-flink-kafka  | [2026-07-17 16:48:57,993] INFO [Partition __consumer_offsets-48 broker=1] No checkpointed highwatermark is found for partition __consumer_offsets-48 (kafka.cluster.Partition)
stream-state-bench-flink-kafka  | [2026-07-17 16:48:57,994] INFO [Partition __consumer_offsets-48 broker=1] Log loaded for partition __consumer_offsets-48 with initial high watermark 0 (kafka.cluster.Partition)
stream-state-bench-flink-kafka  | [2026-07-17 16:48:58,000] INFO [LogLoader partition=__consumer_offsets-11, dir=/tmp/kafka-logs] Loading producer state till offset 0 (org.apache.kafka.storage.internals.log.UnifiedLog)
stream-state-bench-flink-kafka  | [2026-07-17 16:48:58,001] INFO Created log for partition __consumer_offsets-11 in /tmp/kafka-logs/__consumer_offsets-11 with properties {cleanup.policy=compact, compression.type="producer", segment.bytes=104857600} (kafka.log.LogManager)
stream-state-bench-flink-kafka  | [2026-07-17 16:48:58,001] INFO [Partition __consumer_offsets-11 broker=1] No checkpointed highwatermark is found for partition __consumer_offsets-11 (kafka.cluster.Partition)
stream-state-bench-flink-kafka  | [2026-07-17 16:48:58,001] INFO [Partition __consumer_offsets-11 broker=1] Log loaded for partition __consumer_offsets-11 with initial high watermark 0 (kafka.cluster.Partition)
stream-state-bench-flink-kafka  | [2026-07-17 16:48:58,006] INFO [LogLoader partition=__consumer_offsets-44, dir=/tmp/kafka-logs] Loading producer state till offset 0 (org.apache.kafka.storage.internals.log.UnifiedLog)
stream-state-bench-flink-kafka  | [2026-07-17 16:48:58,007] INFO Created log for partition __consumer_offsets-44 in /tmp/kafka-logs/__consumer_offsets-44 with properties {cleanup.policy=compact, compression.type="producer", segment.bytes=104857600} (kafka.log.LogManager)
stream-state-bench-flink-kafka  | [2026-07-17 16:48:58,007] INFO [Partition __consumer_offsets-44 broker=1] No checkpointed highwatermark is found for partition __consumer_offsets-44 (kafka.cluster.Partition)
stream-state-bench-flink-kafka  | [2026-07-17 16:48:58,007] INFO [Partition __consumer_offsets-44 broker=1] Log loaded for partition __consumer_offsets-44 with initial high watermark 0 (kafka.cluster.Partition)
stream-state-bench-flink-kafka  | [2026-07-17 16:48:58,013] INFO [LogLoader partition=__consumer_offsets-23, dir=/tmp/kafka-logs] Loading producer state till offset 0 (org.apache.kafka.storage.internals.log.UnifiedLog)
stream-state-bench-flink-kafka  | [2026-07-17 16:48:58,013] INFO Created log for partition __consumer_offsets-23 in /tmp/kafka-logs/__consumer_offsets-23 with properties {cleanup.policy=compact, compression.type="producer", segment.bytes=104857600} (kafka.log.LogManager)
stream-state-bench-flink-kafka  | [2026-07-17 16:48:58,013] INFO [Partition __consumer_offsets-23 broker=1] No checkpointed highwatermark is found for partition __consumer_offsets-23 (kafka.cluster.Partition)
stream-state-bench-flink-kafka  | [2026-07-17 16:48:58,013] INFO [Partition __consumer_offsets-23 broker=1] Log loaded for partition __consumer_offsets-23 with initial high watermark 0 (kafka.cluster.Partition)
stream-state-bench-flink-kafka  | [2026-07-17 16:48:58,020] INFO [LogLoader partition=__consumer_offsets-19, dir=/tmp/kafka-logs] Loading producer state till offset 0 (org.apache.kafka.storage.internals.log.UnifiedLog)
stream-state-bench-flink-kafka  | [2026-07-17 16:48:58,021] INFO Created log for partition __consumer_offsets-19 in /tmp/kafka-logs/__consumer_offsets-19 with properties {cleanup.policy=compact, compression.type="producer", segment.bytes=104857600} (kafka.log.LogManager)
stream-state-bench-flink-kafka  | [2026-07-17 16:48:58,021] INFO [Partition __consumer_offsets-19 broker=1] No checkpointed highwatermark is found for partition __consumer_offsets-19 (kafka.cluster.Partition)
stream-state-bench-flink-kafka  | [2026-07-17 16:48:58,021] INFO [Partition __consumer_offsets-19 broker=1] Log loaded for partition __consumer_offsets-19 with initial high watermark 0 (kafka.cluster.Partition)
stream-state-bench-flink-kafka  | [2026-07-17 16:48:58,027] INFO [LogLoader partition=__consumer_offsets-32, dir=/tmp/kafka-logs] Loading producer state till offset 0 (org.apache.kafka.storage.internals.log.UnifiedLog)
stream-state-bench-flink-kafka  | [2026-07-17 16:48:58,027] INFO Created log for partition __consumer_offsets-32 in /tmp/kafka-logs/__consumer_offsets-32 with properties {cleanup.policy=compact, compression.type="producer", segment.bytes=104857600} (kafka.log.LogManager)
stream-state-bench-flink-kafka  | [2026-07-17 16:48:58,027] INFO [Partition __consumer_offsets-32 broker=1] No checkpointed highwatermark is found for partition __consumer_offsets-32 (kafka.cluster.Partition)
stream-state-bench-flink-kafka  | [2026-07-17 16:48:58,027] INFO [Partition __consumer_offsets-32 broker=1] Log loaded for partition __consumer_offsets-32 with initial high watermark 0 (kafka.cluster.Partition)
stream-state-bench-flink-kafka  | [2026-07-17 16:48:58,033] INFO [LogLoader partition=__consumer_offsets-28, dir=/tmp/kafka-logs] Loading producer state till offset 0 (org.apache.kafka.storage.internals.log.UnifiedLog)
stream-state-bench-flink-kafka  | [2026-07-17 16:48:58,034] INFO Created log for partition __consumer_offsets-28 in /tmp/kafka-logs/__consumer_offsets-28 with properties {cleanup.policy=compact, compression.type="producer", segment.bytes=104857600} (kafka.log.LogManager)
stream-state-bench-flink-kafka  | [2026-07-17 16:48:58,034] INFO [Partition __consumer_offsets-28 broker=1] No checkpointed highwatermark is found for partition __consumer_offsets-28 (kafka.cluster.Partition)
stream-state-bench-flink-kafka  | [2026-07-17 16:48:58,034] INFO [Partition __consumer_offsets-28 broker=1] Log loaded for partition __consumer_offsets-28 with initial high watermark 0 (kafka.cluster.Partition)
stream-state-bench-flink-kafka  | [2026-07-17 16:48:58,039] INFO [LogLoader partition=__consumer_offsets-7, dir=/tmp/kafka-logs] Loading producer state till offset 0 (org.apache.kafka.storage.internals.log.UnifiedLog)
stream-state-bench-flink-kafka  | [2026-07-17 16:48:58,039] INFO Created log for partition __consumer_offsets-7 in /tmp/kafka-logs/__consumer_offsets-7 with properties {cleanup.policy=compact, compression.type="producer", segment.bytes=104857600} (kafka.log.LogManager)
stream-state-bench-flink-kafka  | [2026-07-17 16:48:58,039] INFO [Partition __consumer_offsets-7 broker=1] No checkpointed highwatermark is found for partition __consumer_offsets-7 (kafka.cluster.Partition)
stream-state-bench-flink-kafka  | [2026-07-17 16:48:58,039] INFO [Partition __consumer_offsets-7 broker=1] Log loaded for partition __consumer_offsets-7 with initial high watermark 0 (kafka.cluster.Partition)
stream-state-bench-flink-kafka  | [2026-07-17 16:48:58,047] INFO [LogLoader partition=__consumer_offsets-40, dir=/tmp/kafka-logs] Loading producer state till offset 0 (org.apache.kafka.storage.internals.log.UnifiedLog)
stream-state-bench-flink-kafka  | [2026-07-17 16:48:58,048] INFO Created log for partition __consumer_offsets-40 in /tmp/kafka-logs/__consumer_offsets-40 with properties {cleanup.policy=compact, compression.type="producer", segment.bytes=104857600} (kafka.log.LogManager)
stream-state-bench-flink-kafka  | [2026-07-17 16:48:58,048] INFO [Partition __consumer_offsets-40 broker=1] No checkpointed highwatermark is found for partition __consumer_offsets-40 (kafka.cluster.Partition)
stream-state-bench-flink-kafka  | [2026-07-17 16:48:58,048] INFO [Partition __consumer_offsets-40 broker=1] Log loaded for partition __consumer_offsets-40 with initial high watermark 0 (kafka.cluster.Partition)
stream-state-bench-flink-kafka  | [2026-07-17 16:48:58,055] INFO [LogLoader partition=__consumer_offsets-3, dir=/tmp/kafka-logs] Loading producer state till offset 0 (org.apache.kafka.storage.internals.log.UnifiedLog)
stream-state-bench-flink-kafka  | [2026-07-17 16:48:58,055] INFO Created log for partition __consumer_offsets-3 in /tmp/kafka-logs/__consumer_offsets-3 with properties {cleanup.policy=compact, compression.type="producer", segment.bytes=104857600} (kafka.log.LogManager)
stream-state-bench-flink-kafka  | [2026-07-17 16:48:58,055] INFO [Partition __consumer_offsets-3 broker=1] No checkpointed highwatermark is found for partition __consumer_offsets-3 (kafka.cluster.Partition)
stream-state-bench-flink-kafka  | [2026-07-17 16:48:58,055] INFO [Partition __consumer_offsets-3 broker=1] Log loaded for partition __consumer_offsets-3 with initial high watermark 0 (kafka.cluster.Partition)
stream-state-bench-flink-kafka  | [2026-07-17 16:48:58,060] INFO [LogLoader partition=__consumer_offsets-36, dir=/tmp/kafka-logs] Loading producer state till offset 0 (org.apache.kafka.storage.internals.log.UnifiedLog)
stream-state-bench-flink-kafka  | [2026-07-17 16:48:58,061] INFO Created log for partition __consumer_offsets-36 in /tmp/kafka-logs/__consumer_offsets-36 with properties {cleanup.policy=compact, compression.type="producer", segment.bytes=104857600} (kafka.log.LogManager)
stream-state-bench-flink-kafka  | [2026-07-17 16:48:58,061] INFO [Partition __consumer_offsets-36 broker=1] No checkpointed highwatermark is found for partition __consumer_offsets-36 (kafka.cluster.Partition)
stream-state-bench-flink-kafka  | [2026-07-17 16:48:58,061] INFO [Partition __consumer_offsets-36 broker=1] Log loaded for partition __consumer_offsets-36 with initial high watermark 0 (kafka.cluster.Partition)
stream-state-bench-flink-kafka  | [2026-07-17 16:48:58,067] INFO [LogLoader partition=__consumer_offsets-47, dir=/tmp/kafka-logs] Loading producer state till offset 0 (org.apache.kafka.storage.internals.log.UnifiedLog)
stream-state-bench-flink-kafka  | [2026-07-17 16:48:58,067] INFO Created log for partition __consumer_offsets-47 in /tmp/kafka-logs/__consumer_offsets-47 with properties {cleanup.policy=compact, compression.type="producer", segment.bytes=104857600} (kafka.log.LogManager)
stream-state-bench-flink-kafka  | [2026-07-17 16:48:58,067] INFO [Partition __consumer_offsets-47 broker=1] No checkpointed highwatermark is found for partition __consumer_offsets-47 (kafka.cluster.Partition)
stream-state-bench-flink-kafka  | [2026-07-17 16:48:58,067] INFO [Partition __consumer_offsets-47 broker=1] Log loaded for partition __consumer_offsets-47 with initial high watermark 0 (kafka.cluster.Partition)
stream-state-bench-flink-kafka  | [2026-07-17 16:48:58,072] INFO [LogLoader partition=__consumer_offsets-14, dir=/tmp/kafka-logs] Loading producer state till offset 0 (org.apache.kafka.storage.internals.log.UnifiedLog)
stream-state-bench-flink-kafka  | [2026-07-17 16:48:58,073] INFO Created log for partition __consumer_offsets-14 in /tmp/kafka-logs/__consumer_offsets-14 with properties {cleanup.policy=compact, compression.type="producer", segment.bytes=104857600} (kafka.log.LogManager)
stream-state-bench-flink-kafka  | [2026-07-17 16:48:58,073] INFO [Partition __consumer_offsets-14 broker=1] No checkpointed highwatermark is found for partition __consumer_offsets-14 (kafka.cluster.Partition)
stream-state-bench-flink-kafka  | [2026-07-17 16:48:58,073] INFO [Partition __consumer_offsets-14 broker=1] Log loaded for partition __consumer_offsets-14 with initial high watermark 0 (kafka.cluster.Partition)
stream-state-bench-flink-kafka  | [2026-07-17 16:48:58,079] INFO [LogLoader partition=__consumer_offsets-43, dir=/tmp/kafka-logs] Loading producer state till offset 0 (org.apache.kafka.storage.internals.log.UnifiedLog)
stream-state-bench-flink-kafka  | [2026-07-17 16:48:58,079] INFO Created log for partition __consumer_offsets-43 in /tmp/kafka-logs/__consumer_offsets-43 with properties {cleanup.policy=compact, compression.type="producer", segment.bytes=104857600} (kafka.log.LogManager)
stream-state-bench-flink-kafka  | [2026-07-17 16:48:58,079] INFO [Partition __consumer_offsets-43 broker=1] No checkpointed highwatermark is found for partition __consumer_offsets-43 (kafka.cluster.Partition)
stream-state-bench-flink-kafka  | [2026-07-17 16:48:58,079] INFO [Partition __consumer_offsets-43 broker=1] Log loaded for partition __consumer_offsets-43 with initial high watermark 0 (kafka.cluster.Partition)
stream-state-bench-flink-kafka  | [2026-07-17 16:48:58,085] INFO [LogLoader partition=__consumer_offsets-10, dir=/tmp/kafka-logs] Loading producer state till offset 0 (org.apache.kafka.storage.internals.log.UnifiedLog)
stream-state-bench-flink-kafka  | [2026-07-17 16:48:58,085] INFO Created log for partition __consumer_offsets-10 in /tmp/kafka-logs/__consumer_offsets-10 with properties {cleanup.policy=compact, compression.type="producer", segment.bytes=104857600} (kafka.log.LogManager)
stream-state-bench-flink-kafka  | [2026-07-17 16:48:58,086] INFO [Partition __consumer_offsets-10 broker=1] No checkpointed highwatermark is found for partition __consumer_offsets-10 (kafka.cluster.Partition)
stream-state-bench-flink-kafka  | [2026-07-17 16:48:58,086] INFO [Partition __consumer_offsets-10 broker=1] Log loaded for partition __consumer_offsets-10 with initial high watermark 0 (kafka.cluster.Partition)
stream-state-bench-flink-kafka  | [2026-07-17 16:48:58,091] INFO [LogLoader partition=__consumer_offsets-22, dir=/tmp/kafka-logs] Loading producer state till offset 0 (org.apache.kafka.storage.internals.log.UnifiedLog)
stream-state-bench-flink-kafka  | [2026-07-17 16:48:58,092] INFO Created log for partition __consumer_offsets-22 in /tmp/kafka-logs/__consumer_offsets-22 with properties {cleanup.policy=compact, compression.type="producer", segment.bytes=104857600} (kafka.log.LogManager)
stream-state-bench-flink-kafka  | [2026-07-17 16:48:58,092] INFO [Partition __consumer_offsets-22 broker=1] No checkpointed highwatermark is found for partition __consumer_offsets-22 (kafka.cluster.Partition)
stream-state-bench-flink-kafka  | [2026-07-17 16:48:58,092] INFO [Partition __consumer_offsets-22 broker=1] Log loaded for partition __consumer_offsets-22 with initial high watermark 0 (kafka.cluster.Partition)
stream-state-bench-flink-kafka  | [2026-07-17 16:48:58,097] INFO [LogLoader partition=__consumer_offsets-18, dir=/tmp/kafka-logs] Loading producer state till offset 0 (org.apache.kafka.storage.internals.log.UnifiedLog)
stream-state-bench-flink-kafka  | [2026-07-17 16:48:58,098] INFO Created log for partition __consumer_offsets-18 in /tmp/kafka-logs/__consumer_offsets-18 with properties {cleanup.policy=compact, compression.type="producer", segment.bytes=104857600} (kafka.log.LogManager)
stream-state-bench-flink-kafka  | [2026-07-17 16:48:58,098] INFO [Partition __consumer_offsets-18 broker=1] No checkpointed highwatermark is found for partition __consumer_offsets-18 (kafka.cluster.Partition)
stream-state-bench-flink-kafka  | [2026-07-17 16:48:58,098] INFO [Partition __consumer_offsets-18 broker=1] Log loaded for partition __consumer_offsets-18 with initial high watermark 0 (kafka.cluster.Partition)
stream-state-bench-flink-kafka  | [2026-07-17 16:48:58,104] INFO [LogLoader partition=__consumer_offsets-31, dir=/tmp/kafka-logs] Loading producer state till offset 0 (org.apache.kafka.storage.internals.log.UnifiedLog)
stream-state-bench-flink-kafka  | [2026-07-17 16:48:58,104] INFO Created log for partition __consumer_offsets-31 in /tmp/kafka-logs/__consumer_offsets-31 with properties {cleanup.policy=compact, compression.type="producer", segment.bytes=104857600} (kafka.log.LogManager)
stream-state-bench-flink-kafka  | [2026-07-17 16:48:58,104] INFO [Partition __consumer_offsets-31 broker=1] No checkpointed highwatermark is found for partition __consumer_offsets-31 (kafka.cluster.Partition)
stream-state-bench-flink-kafka  | [2026-07-17 16:48:58,105] INFO [Partition __consumer_offsets-31 broker=1] Log loaded for partition __consumer_offsets-31 with initial high watermark 0 (kafka.cluster.Partition)
stream-state-bench-flink-kafka  | [2026-07-17 16:48:58,111] INFO [LogLoader partition=__consumer_offsets-27, dir=/tmp/kafka-logs] Loading producer state till offset 0 (org.apache.kafka.storage.internals.log.UnifiedLog)
stream-state-bench-flink-kafka  | [2026-07-17 16:48:58,111] INFO Created log for partition __consumer_offsets-27 in /tmp/kafka-logs/__consumer_offsets-27 with properties {cleanup.policy=compact, compression.type="producer", segment.bytes=104857600} (kafka.log.LogManager)
stream-state-bench-flink-kafka  | [2026-07-17 16:48:58,111] INFO [Partition __consumer_offsets-27 broker=1] No checkpointed highwatermark is found for partition __consumer_offsets-27 (kafka.cluster.Partition)
stream-state-bench-flink-kafka  | [2026-07-17 16:48:58,112] INFO [Partition __consumer_offsets-27 broker=1] Log loaded for partition __consumer_offsets-27 with initial high watermark 0 (kafka.cluster.Partition)
stream-state-bench-flink-kafka  | [2026-07-17 16:48:58,118] INFO [LogLoader partition=__consumer_offsets-39, dir=/tmp/kafka-logs] Loading producer state till offset 0 (org.apache.kafka.storage.internals.log.UnifiedLog)
stream-state-bench-flink-kafka  | [2026-07-17 16:48:58,118] INFO Created log for partition __consumer_offsets-39 in /tmp/kafka-logs/__consumer_offsets-39 with properties {cleanup.policy=compact, compression.type="producer", segment.bytes=104857600} (kafka.log.LogManager)
stream-state-bench-flink-kafka  | [2026-07-17 16:48:58,118] INFO [Partition __consumer_offsets-39 broker=1] No checkpointed highwatermark is found for partition __consumer_offsets-39 (kafka.cluster.Partition)
stream-state-bench-flink-kafka  | [2026-07-17 16:48:58,118] INFO [Partition __consumer_offsets-39 broker=1] Log loaded for partition __consumer_offsets-39 with initial high watermark 0 (kafka.cluster.Partition)
stream-state-bench-flink-kafka  | [2026-07-17 16:48:58,126] INFO [LogLoader partition=__consumer_offsets-6, dir=/tmp/kafka-logs] Loading producer state till offset 0 (org.apache.kafka.storage.internals.log.UnifiedLog)
stream-state-bench-flink-kafka  | [2026-07-17 16:48:58,126] INFO Created log for partition __consumer_offsets-6 in /tmp/kafka-logs/__consumer_offsets-6 with properties {cleanup.policy=compact, compression.type="producer", segment.bytes=104857600} (kafka.log.LogManager)
stream-state-bench-flink-kafka  | [2026-07-17 16:48:58,126] INFO [Partition __consumer_offsets-6 broker=1] No checkpointed highwatermark is found for partition __consumer_offsets-6 (kafka.cluster.Partition)
stream-state-bench-flink-kafka  | [2026-07-17 16:48:58,126] INFO [Partition __consumer_offsets-6 broker=1] Log loaded for partition __consumer_offsets-6 with initial high watermark 0 (kafka.cluster.Partition)
stream-state-bench-flink-kafka  | [2026-07-17 16:48:58,133] INFO [LogLoader partition=__consumer_offsets-35, dir=/tmp/kafka-logs] Loading producer state till offset 0 (org.apache.kafka.storage.internals.log.UnifiedLog)
stream-state-bench-flink-kafka  | [2026-07-17 16:48:58,134] INFO Created log for partition __consumer_offsets-35 in /tmp/kafka-logs/__consumer_offsets-35 with properties {cleanup.policy=compact, compression.type="producer", segment.bytes=104857600} (kafka.log.LogManager)
stream-state-bench-flink-kafka  | [2026-07-17 16:48:58,134] INFO [Partition __consumer_offsets-35 broker=1] No checkpointed highwatermark is found for partition __consumer_offsets-35 (kafka.cluster.Partition)
stream-state-bench-flink-kafka  | [2026-07-17 16:48:58,134] INFO [Partition __consumer_offsets-35 broker=1] Log loaded for partition __consumer_offsets-35 with initial high watermark 0 (kafka.cluster.Partition)
stream-state-bench-flink-kafka  | [2026-07-17 16:48:58,139] INFO [LogLoader partition=__consumer_offsets-2, dir=/tmp/kafka-logs] Loading producer state till offset 0 (org.apache.kafka.storage.internals.log.UnifiedLog)
stream-state-bench-flink-kafka  | [2026-07-17 16:48:58,139] INFO Created log for partition __consumer_offsets-2 in /tmp/kafka-logs/__consumer_offsets-2 with properties {cleanup.policy=compact, compression.type="producer", segment.bytes=104857600} (kafka.log.LogManager)
stream-state-bench-flink-kafka  | [2026-07-17 16:48:58,139] INFO [Partition __consumer_offsets-2 broker=1] No checkpointed highwatermark is found for partition __consumer_offsets-2 (kafka.cluster.Partition)
stream-state-bench-flink-kafka  | [2026-07-17 16:48:58,139] INFO [Partition __consumer_offsets-2 broker=1] Log loaded for partition __consumer_offsets-2 with initial high watermark 0 (kafka.cluster.Partition)
stream-state-bench-flink-kafka  | [2026-07-17 16:48:58,145] INFO [GroupCoordinator id=1] Scheduling loading of metadata from __consumer_offsets-13 with epoch 0 (org.apache.kafka.coordinator.common.runtime.CoordinatorRuntime)
stream-state-bench-flink-kafka  | [2026-07-17 16:48:58,146] INFO [GroupCoordinator id=1] Scheduling loading of metadata from __consumer_offsets-46 with epoch 0 (org.apache.kafka.coordinator.common.runtime.CoordinatorRuntime)
stream-state-bench-flink-kafka  | [2026-07-17 16:48:58,146] INFO [GroupCoordinator id=1] Scheduling loading of metadata from __consumer_offsets-9 with epoch 0 (org.apache.kafka.coordinator.common.runtime.CoordinatorRuntime)
stream-state-bench-flink-kafka  | [2026-07-17 16:48:58,146] INFO [GroupCoordinator id=1] Scheduling loading of metadata from __consumer_offsets-42 with epoch 0 (org.apache.kafka.coordinator.common.runtime.CoordinatorRuntime)
stream-state-bench-flink-kafka  | [2026-07-17 16:48:58,146] INFO [GroupCoordinator id=1] Scheduling loading of metadata from __consumer_offsets-21 with epoch 0 (org.apache.kafka.coordinator.common.runtime.CoordinatorRuntime)
stream-state-bench-flink-kafka  | [2026-07-17 16:48:58,146] INFO [GroupCoordinator id=1] Scheduling loading of metadata from __consumer_offsets-17 with epoch 0 (org.apache.kafka.coordinator.common.runtime.CoordinatorRuntime)
stream-state-bench-flink-kafka  | [2026-07-17 16:48:58,147] INFO [GroupCoordinator id=1] Scheduling loading of metadata from __consumer_offsets-30 with epoch 0 (org.apache.kafka.coordinator.common.runtime.CoordinatorRuntime)
stream-state-bench-flink-kafka  | [2026-07-17 16:48:58,147] INFO [GroupCoordinator id=1] Scheduling loading of metadata from __consumer_offsets-26 with epoch 0 (org.apache.kafka.coordinator.common.runtime.CoordinatorRuntime)
stream-state-bench-flink-kafka  | [2026-07-17 16:48:58,147] INFO [GroupCoordinator id=1] Scheduling loading of metadata from __consumer_offsets-5 with epoch 0 (org.apache.kafka.coordinator.common.runtime.CoordinatorRuntime)
stream-state-bench-flink-kafka  | [2026-07-17 16:48:58,147] INFO [GroupCoordinator id=1] Scheduling loading of metadata from __consumer_offsets-38 with epoch 0 (org.apache.kafka.coordinator.common.runtime.CoordinatorRuntime)
stream-state-bench-flink-kafka  | [2026-07-17 16:48:58,147] INFO [GroupCoordinator id=1] Scheduling loading of metadata from __consumer_offsets-1 with epoch 0 (org.apache.kafka.coordinator.common.runtime.CoordinatorRuntime)
stream-state-bench-flink-kafka  | [2026-07-17 16:48:58,147] INFO [GroupCoordinator id=1] Scheduling loading of metadata from __consumer_offsets-34 with epoch 0 (org.apache.kafka.coordinator.common.runtime.CoordinatorRuntime)
stream-state-bench-flink-kafka  | [2026-07-17 16:48:58,147] INFO [GroupCoordinator id=1] Scheduling loading of metadata from __consumer_offsets-16 with epoch 0 (org.apache.kafka.coordinator.common.runtime.CoordinatorRuntime)
stream-state-bench-flink-kafka  | [2026-07-17 16:48:58,147] INFO [GroupCoordinator id=1] Scheduling loading of metadata from __consumer_offsets-45 with epoch 0 (org.apache.kafka.coordinator.common.runtime.CoordinatorRuntime)
stream-state-bench-flink-kafka  | [2026-07-17 16:48:58,147] INFO [GroupCoordinator id=1] Scheduling loading of metadata from __consumer_offsets-12 with epoch 0 (org.apache.kafka.coordinator.common.runtime.CoordinatorRuntime)
stream-state-bench-flink-kafka  | [2026-07-17 16:48:58,148] INFO [GroupCoordinator id=1] Scheduling loading of metadata from __consumer_offsets-41 with epoch 0 (org.apache.kafka.coordinator.common.runtime.CoordinatorRuntime)
stream-state-bench-flink-kafka  | [2026-07-17 16:48:58,148] INFO [GroupCoordinator id=1] Scheduling loading of metadata from __consumer_offsets-24 with epoch 0 (org.apache.kafka.coordinator.common.runtime.CoordinatorRuntime)
stream-state-bench-flink-kafka  | [2026-07-17 16:48:58,148] INFO [GroupCoordinator id=1] Scheduling loading of metadata from __consumer_offsets-20 with epoch 0 (org.apache.kafka.coordinator.common.runtime.CoordinatorRuntime)
stream-state-bench-flink-kafka  | [2026-07-17 16:48:58,148] INFO [GroupCoordinator id=1] Scheduling loading of metadata from __consumer_offsets-49 with epoch 0 (org.apache.kafka.coordinator.common.runtime.CoordinatorRuntime)
stream-state-bench-flink-kafka  | [2026-07-17 16:48:58,148] INFO [GroupCoordinator id=1] Scheduling loading of metadata from __consumer_offsets-0 with epoch 0 (org.apache.kafka.coordinator.common.runtime.CoordinatorRuntime)
stream-state-bench-flink-kafka  | [2026-07-17 16:48:58,148] INFO [GroupCoordinator id=1] Scheduling loading of metadata from __consumer_offsets-29 with epoch 0 (org.apache.kafka.coordinator.common.runtime.CoordinatorRuntime)
stream-state-bench-flink-kafka  | [2026-07-17 16:48:58,148] INFO [GroupCoordinator id=1] Scheduling loading of metadata from __consumer_offsets-25 with epoch 0 (org.apache.kafka.coordinator.common.runtime.CoordinatorRuntime)
stream-state-bench-flink-kafka  | [2026-07-17 16:48:58,148] INFO [GroupCoordinator id=1] Scheduling loading of metadata from __consumer_offsets-8 with epoch 0 (org.apache.kafka.coordinator.common.runtime.CoordinatorRuntime)
stream-state-bench-flink-kafka  | [2026-07-17 16:48:58,149] INFO [GroupCoordinator id=1] Scheduling loading of metadata from __consumer_offsets-37 with epoch 0 (org.apache.kafka.coordinator.common.runtime.CoordinatorRuntime)
stream-state-bench-flink-kafka  | [2026-07-17 16:48:58,149] INFO [GroupCoordinator id=1] Scheduling loading of metadata from __consumer_offsets-4 with epoch 0 (org.apache.kafka.coordinator.common.runtime.CoordinatorRuntime)
stream-state-bench-flink-kafka  | [2026-07-17 16:48:58,149] INFO [GroupCoordinator id=1] Scheduling loading of metadata from __consumer_offsets-33 with epoch 0 (org.apache.kafka.coordinator.common.runtime.CoordinatorRuntime)
stream-state-bench-flink-kafka  | [2026-07-17 16:48:58,149] INFO [GroupCoordinator id=1] Scheduling loading of metadata from __consumer_offsets-15 with epoch 0 (org.apache.kafka.coordinator.common.runtime.CoordinatorRuntime)
stream-state-bench-flink-kafka  | [2026-07-17 16:48:58,149] INFO [GroupCoordinator id=1] Scheduling loading of metadata from __consumer_offsets-48 with epoch 0 (org.apache.kafka.coordinator.common.runtime.CoordinatorRuntime)
stream-state-bench-flink-kafka  | [2026-07-17 16:48:58,149] INFO [GroupCoordinator id=1] Scheduling loading of metadata from __consumer_offsets-11 with epoch 0 (org.apache.kafka.coordinator.common.runtime.CoordinatorRuntime)
stream-state-bench-flink-kafka  | [2026-07-17 16:48:58,149] INFO [GroupCoordinator id=1] Scheduling loading of metadata from __consumer_offsets-44 with epoch 0 (org.apache.kafka.coordinator.common.runtime.CoordinatorRuntime)
stream-state-bench-flink-kafka  | [2026-07-17 16:48:58,150] INFO [GroupCoordinator id=1] Scheduling loading of metadata from __consumer_offsets-23 with epoch 0 (org.apache.kafka.coordinator.common.runtime.CoordinatorRuntime)
stream-state-bench-flink-kafka  | [2026-07-17 16:48:58,150] INFO [GroupCoordinator id=1] Scheduling loading of metadata from __consumer_offsets-19 with epoch 0 (org.apache.kafka.coordinator.common.runtime.CoordinatorRuntime)
stream-state-bench-flink-kafka  | [2026-07-17 16:48:58,150] INFO [GroupCoordinator id=1] Scheduling loading of metadata from __consumer_offsets-32 with epoch 0 (org.apache.kafka.coordinator.common.runtime.CoordinatorRuntime)
stream-state-bench-flink-kafka  | [2026-07-17 16:48:58,150] INFO [GroupCoordinator id=1] Scheduling loading of metadata from __consumer_offsets-28 with epoch 0 (org.apache.kafka.coordinator.common.runtime.CoordinatorRuntime)
stream-state-bench-flink-kafka  | [2026-07-17 16:48:58,150] INFO [GroupCoordinator id=1] Scheduling loading of metadata from __consumer_offsets-7 with epoch 0 (org.apache.kafka.coordinator.common.runtime.CoordinatorRuntime)
stream-state-bench-flink-kafka  | [2026-07-17 16:48:58,150] INFO [GroupCoordinator id=1] Scheduling loading of metadata from __consumer_offsets-40 with epoch 0 (org.apache.kafka.coordinator.common.runtime.CoordinatorRuntime)
stream-state-bench-flink-kafka  | [2026-07-17 16:48:58,151] INFO [GroupCoordinator id=1] Scheduling loading of metadata from __consumer_offsets-3 with epoch 0 (org.apache.kafka.coordinator.common.runtime.CoordinatorRuntime)
stream-state-bench-flink-kafka  | [2026-07-17 16:48:58,151] INFO [GroupCoordinator id=1] Scheduling loading of metadata from __consumer_offsets-36 with epoch 0 (org.apache.kafka.coordinator.common.runtime.CoordinatorRuntime)
stream-state-bench-flink-kafka  | [2026-07-17 16:48:58,151] INFO [GroupCoordinator id=1] Scheduling loading of metadata from __consumer_offsets-47 with epoch 0 (org.apache.kafka.coordinator.common.runtime.CoordinatorRuntime)
stream-state-bench-flink-kafka  | [2026-07-17 16:48:58,151] INFO [GroupCoordinator id=1] Scheduling loading of metadata from __consumer_offsets-14 with epoch 0 (org.apache.kafka.coordinator.common.runtime.CoordinatorRuntime)
stream-state-bench-flink-kafka  | [2026-07-17 16:48:58,151] INFO [GroupCoordinator id=1] Scheduling loading of metadata from __consumer_offsets-43 with epoch 0 (org.apache.kafka.coordinator.common.runtime.CoordinatorRuntime)
stream-state-bench-flink-kafka  | [2026-07-17 16:48:58,151] INFO [GroupCoordinator id=1] Scheduling loading of metadata from __consumer_offsets-10 with epoch 0 (org.apache.kafka.coordinator.common.runtime.CoordinatorRuntime)
stream-state-bench-flink-kafka  | [2026-07-17 16:48:58,151] INFO [GroupCoordinator id=1] Scheduling loading of metadata from __consumer_offsets-22 with epoch 0 (org.apache.kafka.coordinator.common.runtime.CoordinatorRuntime)
stream-state-bench-flink-kafka  | [2026-07-17 16:48:58,152] INFO [GroupCoordinator id=1] Scheduling loading of metadata from __consumer_offsets-18 with epoch 0 (org.apache.kafka.coordinator.common.runtime.CoordinatorRuntime)
stream-state-bench-flink-kafka  | [2026-07-17 16:48:58,152] INFO [GroupCoordinator id=1] Scheduling loading of metadata from __consumer_offsets-31 with epoch 0 (org.apache.kafka.coordinator.common.runtime.CoordinatorRuntime)
stream-state-bench-flink-kafka  | [2026-07-17 16:48:58,152] INFO [GroupCoordinator id=1] Scheduling loading of metadata from __consumer_offsets-27 with epoch 0 (org.apache.kafka.coordinator.common.runtime.CoordinatorRuntime)
stream-state-bench-flink-kafka  | [2026-07-17 16:48:58,152] INFO [GroupCoordinator id=1] Scheduling loading of metadata from __consumer_offsets-39 with epoch 0 (org.apache.kafka.coordinator.common.runtime.CoordinatorRuntime)
stream-state-bench-flink-kafka  | [2026-07-17 16:48:58,152] INFO [GroupCoordinator id=1] Scheduling loading of metadata from __consumer_offsets-6 with epoch 0 (org.apache.kafka.coordinator.common.runtime.CoordinatorRuntime)
stream-state-bench-flink-kafka  | [2026-07-17 16:48:58,152] INFO [GroupCoordinator id=1] Scheduling loading of metadata from __consumer_offsets-35 with epoch 0 (org.apache.kafka.coordinator.common.runtime.CoordinatorRuntime)
stream-state-bench-flink-kafka  | [2026-07-17 16:48:58,152] INFO [GroupCoordinator id=1] Scheduling loading of metadata from __consumer_offsets-2 with epoch 0 (org.apache.kafka.coordinator.common.runtime.CoordinatorRuntime)
stream-state-bench-flink-kafka  | [2026-07-17 16:48:58,153] INFO [GroupCoordinator id=1] Finished loading of metadata from __consumer_offsets-46 with epoch 0 in 3ms where 3ms was spent in the scheduler. Loaded 0 records which total to 0 bytes. (org.apache.kafka.coordinator.common.runtime.CoordinatorRuntime)
stream-state-bench-flink-kafka  | [2026-07-17 16:48:58,153] INFO [GroupCoordinator id=1] Finished loading of metadata from __consumer_offsets-19 with epoch 0 in 1ms where 1ms was spent in the scheduler. Loaded 0 records which total to 0 bytes. (org.apache.kafka.coordinator.common.runtime.CoordinatorRuntime)
stream-state-bench-flink-kafka  | [2026-07-17 16:48:58,153] INFO [GroupCoordinator id=1] Finished loading of metadata from __consumer_offsets-9 with epoch 0 in 1ms where 0ms was spent in the scheduler. Loaded 0 records which total to 0 bytes. (org.apache.kafka.coordinator.common.runtime.CoordinatorRuntime)
stream-state-bench-flink-kafka  | [2026-07-17 16:48:58,153] INFO [GroupCoordinator id=1] Finished loading of metadata from __consumer_offsets-20 with epoch 0 in 1ms where 1ms was spent in the scheduler. Loaded 0 records which total to 0 bytes. (org.apache.kafka.coordinator.common.runtime.CoordinatorRuntime)
stream-state-bench-flink-kafka  | [2026-07-17 16:48:58,153] INFO [GroupCoordinator id=1] Finished loading of metadata from __consumer_offsets-25 with epoch 0 in 1ms where 1ms was spent in the scheduler. Loaded 0 records which total to 0 bytes. (org.apache.kafka.coordinator.common.runtime.CoordinatorRuntime)
stream-state-bench-flink-kafka  | [2026-07-17 16:48:58,153] INFO [GroupCoordinator id=1] Finished loading of metadata from __consumer_offsets-45 with epoch 0 in 1ms where 1ms was spent in the scheduler. Loaded 0 records which total to 0 bytes. (org.apache.kafka.coordinator.common.runtime.CoordinatorRuntime)
stream-state-bench-flink-kafka  | [2026-07-17 16:48:58,153] INFO [GroupCoordinator id=1] Finished loading of metadata from __consumer_offsets-7 with epoch 0 in 1ms where 1ms was spent in the scheduler. Loaded 0 records which total to 0 bytes. (org.apache.kafka.coordinator.common.runtime.CoordinatorRuntime)
stream-state-bench-flink-kafka  | [2026-07-17 16:48:58,153] INFO [GroupCoordinator id=1] Finished loading of metadata from __consumer_offsets-1 with epoch 0 in 1ms where 1ms was spent in the scheduler. Loaded 0 records which total to 0 bytes. (org.apache.kafka.coordinator.common.runtime.CoordinatorRuntime)
stream-state-bench-flink-kafka  | [2026-07-17 16:48:58,153] INFO [GroupCoordinator id=1] Finished loading of metadata from __consumer_offsets-30 with epoch 0 in 1ms where 1ms was spent in the scheduler. Loaded 0 records which total to 0 bytes. (org.apache.kafka.coordinator.common.runtime.CoordinatorRuntime)
stream-state-bench-flink-kafka  | [2026-07-17 16:48:58,153] INFO [GroupCoordinator id=1] Finished loading of metadata from __consumer_offsets-34 with epoch 0 in 1ms where 1ms was spent in the scheduler. Loaded 0 records which total to 0 bytes. (org.apache.kafka.coordinator.common.runtime.CoordinatorRuntime)
stream-state-bench-flink-kafka  | [2026-07-17 16:48:58,153] INFO [GroupCoordinator id=1] Finished loading of metadata from __consumer_offsets-42 with epoch 0 in 3ms where 3ms was spent in the scheduler. Loaded 0 records which total to 0 bytes. (org.apache.kafka.coordinator.common.runtime.CoordinatorRuntime)
stream-state-bench-flink-kafka  | [2026-07-17 16:48:58,153] INFO [GroupCoordinator id=1] Finished loading of metadata from __consumer_offsets-26 with epoch 0 in 1ms where 1ms was spent in the scheduler. Loaded 0 records which total to 0 bytes. (org.apache.kafka.coordinator.common.runtime.CoordinatorRuntime)
stream-state-bench-flink-kafka  | [2026-07-17 16:48:58,153] INFO [DynamicConfigPublisher broker id=1] Updating topic __consumer_offsets with new configuration : compression.type -> producer,cleanup.policy -> compact,segment.bytes -> 104857600 (kafka.server.metadata.DynamicConfigPublisher)
stream-state-bench-flink-kafka  | [2026-07-17 16:48:58,153] INFO [GroupCoordinator id=1] Finished loading of metadata from __consumer_offsets-29 with epoch 0 in 1ms where 1ms was spent in the scheduler. Loaded 0 records which total to 0 bytes. (org.apache.kafka.coordinator.common.runtime.CoordinatorRuntime)
stream-state-bench-flink-kafka  | [2026-07-17 16:48:58,153] INFO [GroupCoordinator id=1] Finished loading of metadata from __consumer_offsets-48 with epoch 0 in 1ms where 1ms was spent in the scheduler. Loaded 0 records which total to 0 bytes. (org.apache.kafka.coordinator.common.runtime.CoordinatorRuntime)
stream-state-bench-flink-kafka  | [2026-07-17 16:48:58,154] INFO [GroupCoordinator id=1] Finished loading of metadata from __consumer_offsets-41 with epoch 0 in 1ms where 1ms was spent in the scheduler. Loaded 0 records which total to 0 bytes. (org.apache.kafka.coordinator.common.runtime.CoordinatorRuntime)
stream-state-bench-flink-kafka  | [2026-07-17 16:48:58,154] INFO [GroupCoordinator id=1] Finished loading of metadata from __consumer_offsets-4 with epoch 0 in 1ms where 1ms was spent in the scheduler. Loaded 0 records which total to 0 bytes. (org.apache.kafka.coordinator.common.runtime.CoordinatorRuntime)
stream-state-bench-flink-kafka  | [2026-07-17 16:48:58,154] INFO [GroupCoordinator id=1] Finished loading of metadata from __consumer_offsets-15 with epoch 0 in 2ms where 2ms was spent in the scheduler. Loaded 0 records which total to 0 bytes. (org.apache.kafka.coordinator.common.runtime.CoordinatorRuntime)
stream-state-bench-flink-kafka  | [2026-07-17 16:48:58,154] INFO [GroupCoordinator id=1] Finished loading of metadata from __consumer_offsets-47 with epoch 0 in 0ms where 0ms was spent in the scheduler. Loaded 0 records which total to 0 bytes. (org.apache.kafka.coordinator.common.runtime.CoordinatorRuntime)
stream-state-bench-flink-kafka  | [2026-07-17 16:48:58,154] INFO [GroupCoordinator id=1] Finished loading of metadata from __consumer_offsets-10 with epoch 0 in 0ms where 0ms was spent in the scheduler. Loaded 0 records which total to 0 bytes. (org.apache.kafka.coordinator.common.runtime.CoordinatorRuntime)
stream-state-bench-flink-kafka  | [2026-07-17 16:48:58,154] INFO [GroupCoordinator id=1] Finished loading of metadata from __consumer_offsets-13 with epoch 0 in 3ms where 3ms was spent in the scheduler. Loaded 0 records which total to 0 bytes. (org.apache.kafka.coordinator.common.runtime.CoordinatorRuntime)
stream-state-bench-flink-kafka  | [2026-07-17 16:48:58,154] INFO [GroupCoordinator id=1] Finished loading of metadata from __consumer_offsets-27 with epoch 0 in 0ms where 0ms was spent in the scheduler. Loaded 0 records which total to 0 bytes. (org.apache.kafka.coordinator.common.runtime.CoordinatorRuntime)
stream-state-bench-flink-kafka  | [2026-07-17 16:48:58,154] INFO [GroupCoordinator id=1] Finished loading of metadata from __consumer_offsets-31 with epoch 0 in 0ms where 0ms was spent in the scheduler. Loaded 0 records which total to 0 bytes. (org.apache.kafka.coordinator.common.runtime.CoordinatorRuntime)
stream-state-bench-flink-kafka  | [2026-07-17 16:48:58,154] INFO [GroupCoordinator id=1] Finished loading of metadata from __consumer_offsets-18 with epoch 0 in 0ms where 0ms was spent in the scheduler. Loaded 0 records which total to 0 bytes. (org.apache.kafka.coordinator.common.runtime.CoordinatorRuntime)
stream-state-bench-flink-kafka  | [2026-07-17 16:48:58,154] INFO [GroupCoordinator id=1] Finished loading of metadata from __consumer_offsets-21 with epoch 0 in 1ms where 1ms was spent in the scheduler. Loaded 0 records which total to 0 bytes. (org.apache.kafka.coordinator.common.runtime.CoordinatorRuntime)
stream-state-bench-flink-kafka  | [2026-07-17 16:48:58,154] INFO [GroupCoordinator id=1] Finished loading of metadata from __consumer_offsets-23 with epoch 0 in 1ms where 1ms was spent in the scheduler. Loaded 0 records which total to 0 bytes. (org.apache.kafka.coordinator.common.runtime.CoordinatorRuntime)
stream-state-bench-flink-kafka  | [2026-07-17 16:48:58,155] INFO [GroupCoordinator id=1] Finished loading of metadata from __consumer_offsets-8 with epoch 0 in 1ms where 1ms was spent in the scheduler. Loaded 0 records which total to 0 bytes. (org.apache.kafka.coordinator.common.runtime.CoordinatorRuntime)
stream-state-bench-flink-kafka  | [2026-07-17 16:48:58,155] INFO [GroupCoordinator id=1] Finished loading of metadata from __consumer_offsets-44 with epoch 0 in 0ms where 0ms was spent in the scheduler. Loaded 0 records which total to 0 bytes. (org.apache.kafka.coordinator.common.runtime.CoordinatorRuntime)
stream-state-bench-flink-kafka  | [2026-07-17 16:48:58,155] INFO [GroupCoordinator id=1] Finished loading of metadata from __consumer_offsets-0 with epoch 0 in 1ms where 1ms was spent in the scheduler. Loaded 0 records which total to 0 bytes. (org.apache.kafka.coordinator.common.runtime.CoordinatorRuntime)
stream-state-bench-flink-kafka  | [2026-07-17 16:48:58,155] INFO [GroupCoordinator id=1] Finished loading of metadata from __consumer_offsets-11 with epoch 0 in 1ms where 1ms was spent in the scheduler. Loaded 0 records which total to 0 bytes. (org.apache.kafka.coordinator.common.runtime.CoordinatorRuntime)
stream-state-bench-flink-kafka  | [2026-07-17 16:48:58,155] INFO [GroupCoordinator id=1] Finished loading of metadata from __consumer_offsets-2 with epoch 0 in 0ms where 0ms was spent in the scheduler. Loaded 0 records which total to 0 bytes. (org.apache.kafka.coordinator.common.runtime.CoordinatorRuntime)
stream-state-bench-flink-kafka  | [2026-07-17 16:48:58,155] INFO [GroupCoordinator id=1] Finished loading of metadata from __consumer_offsets-40 with epoch 0 in 1ms where 1ms was spent in the scheduler. Loaded 0 records which total to 0 bytes. (org.apache.kafka.coordinator.common.runtime.CoordinatorRuntime)
stream-state-bench-flink-kafka  | [2026-07-17 16:48:58,155] INFO [GroupCoordinator id=1] Finished loading of metadata from __consumer_offsets-49 with epoch 0 in 2ms where 2ms was spent in the scheduler. Loaded 0 records which total to 0 bytes. (org.apache.kafka.coordinator.common.runtime.CoordinatorRuntime)
stream-state-bench-flink-kafka  | [2026-07-17 16:48:58,155] INFO [GroupCoordinator id=1] Finished loading of metadata from __consumer_offsets-36 with epoch 0 in 0ms where 0ms was spent in the scheduler. Loaded 0 records which total to 0 bytes. (org.apache.kafka.coordinator.common.runtime.CoordinatorRuntime)
stream-state-bench-flink-kafka  | [2026-07-17 16:48:58,155] INFO [GroupCoordinator id=1] Finished loading of metadata from __consumer_offsets-28 with epoch 0 in 0ms where 0ms was spent in the scheduler. Loaded 0 records which total to 0 bytes. (org.apache.kafka.coordinator.common.runtime.CoordinatorRuntime)
stream-state-bench-flink-kafka  | [2026-07-17 16:48:58,155] INFO [GroupCoordinator id=1] Finished loading of metadata from __consumer_offsets-6 with epoch 0 in 0ms where 0ms was spent in the scheduler. Loaded 0 records which total to 0 bytes. (org.apache.kafka.coordinator.common.runtime.CoordinatorRuntime)
stream-state-bench-flink-kafka  | [2026-07-17 16:48:58,155] INFO [GroupCoordinator id=1] Finished loading of metadata from __consumer_offsets-3 with epoch 0 in 0ms where 0ms was spent in the scheduler. Loaded 0 records which total to 0 bytes. (org.apache.kafka.coordinator.common.runtime.CoordinatorRuntime)
stream-state-bench-flink-kafka  | [2026-07-17 16:48:58,155] INFO [GroupCoordinator id=1] Finished loading of metadata from __consumer_offsets-24 with epoch 0 in 0ms where 0ms was spent in the scheduler. Loaded 0 records which total to 0 bytes. (org.apache.kafka.coordinator.common.runtime.CoordinatorRuntime)
stream-state-bench-flink-kafka  | [2026-07-17 16:48:58,155] INFO [GroupCoordinator id=1] Finished loading of metadata from __consumer_offsets-32 with epoch 0 in 1ms where 1ms was spent in the scheduler. Loaded 0 records which total to 0 bytes. (org.apache.kafka.coordinator.common.runtime.CoordinatorRuntime)
stream-state-bench-flink-kafka  | [2026-07-17 16:48:58,155] INFO [GroupCoordinator id=1] Finished loading of metadata from __consumer_offsets-16 with epoch 0 in 1ms where 1ms was spent in the scheduler. Loaded 0 records which total to 0 bytes. (org.apache.kafka.coordinator.common.runtime.CoordinatorRuntime)
stream-state-bench-flink-kafka  | [2026-07-17 16:48:58,155] INFO [GroupCoordinator id=1] Finished loading of metadata from __consumer_offsets-37 with epoch 0 in 1ms where 1ms was spent in the scheduler. Loaded 0 records which total to 0 bytes. (org.apache.kafka.coordinator.common.runtime.CoordinatorRuntime)
stream-state-bench-flink-kafka  | [2026-07-17 16:48:58,155] INFO [GroupCoordinator id=1] Finished loading of metadata from __consumer_offsets-43 with epoch 0 in 0ms where 0ms was spent in the scheduler. Loaded 0 records which total to 0 bytes. (org.apache.kafka.coordinator.common.runtime.CoordinatorRuntime)
stream-state-bench-flink-kafka  | [2026-07-17 16:48:58,155] INFO [GroupCoordinator id=1] Finished loading of metadata from __consumer_offsets-22 with epoch 0 in 0ms where 0ms was spent in the scheduler. Loaded 0 records which total to 0 bytes. (org.apache.kafka.coordinator.common.runtime.CoordinatorRuntime)
stream-state-bench-flink-kafka  | [2026-07-17 16:48:58,155] INFO [GroupCoordinator id=1] Finished loading of metadata from __consumer_offsets-12 with epoch 0 in 1ms where 1ms was spent in the scheduler. Loaded 0 records which total to 0 bytes. (org.apache.kafka.coordinator.common.runtime.CoordinatorRuntime)
stream-state-bench-flink-kafka  | [2026-07-17 16:48:58,156] INFO [GroupCoordinator id=1] Finished loading of metadata from __consumer_offsets-14 with epoch 0 in 0ms where 0ms was spent in the scheduler. Loaded 0 records which total to 0 bytes. (org.apache.kafka.coordinator.common.runtime.CoordinatorRuntime)
stream-state-bench-flink-kafka  | [2026-07-17 16:48:58,155] INFO [GroupCoordinator id=1] Finished loading of metadata from __consumer_offsets-33 with epoch 0 in 1ms where 1ms was spent in the scheduler. Loaded 0 records which total to 0 bytes. (org.apache.kafka.coordinator.common.runtime.CoordinatorRuntime)
stream-state-bench-flink-kafka  | [2026-07-17 16:48:58,156] INFO [GroupCoordinator id=1] Finished loading of metadata from __consumer_offsets-38 with epoch 0 in 0ms where 0ms was spent in the scheduler. Loaded 0 records which total to 0 bytes. (org.apache.kafka.coordinator.common.runtime.CoordinatorRuntime)
stream-state-bench-flink-kafka  | [2026-07-17 16:48:58,156] INFO [GroupCoordinator id=1] Finished loading of metadata from __consumer_offsets-35 with epoch 0 in 0ms where 0ms was spent in the scheduler. Loaded 0 records which total to 0 bytes. (org.apache.kafka.coordinator.common.runtime.CoordinatorRuntime)
stream-state-bench-flink-kafka  | [2026-07-17 16:48:58,156] INFO [GroupCoordinator id=1] Finished loading of metadata from __consumer_offsets-39 with epoch 0 in 0ms where 0ms was spent in the scheduler. Loaded 0 records which total to 0 bytes. (org.apache.kafka.coordinator.common.runtime.CoordinatorRuntime)
stream-state-bench-flink-kafka  | [2026-07-17 16:48:58,156] INFO [GroupCoordinator id=1] Finished loading of metadata from __consumer_offsets-5 with epoch 0 in 0ms where 0ms was spent in the scheduler. Loaded 0 records which total to 0 bytes. (org.apache.kafka.coordinator.common.runtime.CoordinatorRuntime)
stream-state-bench-flink-kafka  | [2026-07-17 16:48:58,156] INFO [GroupCoordinator id=1] Finished loading of metadata from __consumer_offsets-17 with epoch 0 in 0ms where 0ms was spent in the scheduler. Loaded 0 records which total to 0 bytes. (org.apache.kafka.coordinator.common.runtime.CoordinatorRuntime)
stream-state-bench-flink-kafka  | [2026-07-17 16:48:58,204] INFO [GroupCoordinator id=1 topic=__consumer_offsets partition=46] Dynamic member with unknown member id joins group console-consumer-70954 in Empty state. Created a new member id console-consumer-9db05cd9-de6c-4cd0-9a6f-2e644f8db714 and requesting the member to rejoin with this id. (org.apache.kafka.coordinator.group.GroupMetadataManager)
stream-state-bench-flink-kafka  | [2026-07-17 16:48:58,208] INFO [GroupCoordinator id=1 topic=__consumer_offsets partition=46] Pending dynamic member with id console-consumer-9db05cd9-de6c-4cd0-9a6f-2e644f8db714 joins group console-consumer-70954 in Empty state. Adding to the group now. (org.apache.kafka.coordinator.group.GroupMetadataManager)
stream-state-bench-flink-kafka  | [2026-07-17 16:48:58,209] INFO [GroupCoordinator id=1 topic=__consumer_offsets partition=46] Preparing to rebalance group console-consumer-70954 in state PreparingRebalance with old generation 0 (reason: Adding new member console-consumer-9db05cd9-de6c-4cd0-9a6f-2e644f8db714 with group instance id null; client reason: need to re-join with the given member-id: console-consumer-9db05cd9-de6c-4cd0-9a6f-2e644f8db714). (org.apache.kafka.coordinator.group.GroupMetadataManager)
stream-state-bench-flink-kafka  | [2026-07-17 16:48:58,211] INFO [GroupCoordinator id=1 topic=__consumer_offsets partition=25] Dynamic member with unknown member id joins group console-consumer-49993 in Empty state. Created a new member id console-consumer-013c3c6a-a63d-4888-9ff4-4e6562297d56 and requesting the member to rejoin with this id. (org.apache.kafka.coordinator.group.GroupMetadataManager)
stream-state-bench-flink-kafka  | [2026-07-17 16:48:58,218] INFO [GroupCoordinator id=1 topic=__consumer_offsets partition=25] Pending dynamic member with id console-consumer-013c3c6a-a63d-4888-9ff4-4e6562297d56 joins group console-consumer-49993 in Empty state. Adding to the group now. (org.apache.kafka.coordinator.group.GroupMetadataManager)
stream-state-bench-flink-kafka  | [2026-07-17 16:48:58,218] INFO [GroupCoordinator id=1 topic=__consumer_offsets partition=25] Preparing to rebalance group console-consumer-49993 in state PreparingRebalance with old generation 0 (reason: Adding new member console-consumer-013c3c6a-a63d-4888-9ff4-4e6562297d56 with group instance id null; client reason: need to re-join with the given member-id: console-consumer-013c3c6a-a63d-4888-9ff4-4e6562297d56). (org.apache.kafka.coordinator.group.GroupMetadataManager)
stream-state-bench-flink-kafka  | [2026-07-17 16:48:58,219] INFO [GroupCoordinator id=1 topic=__consumer_offsets partition=25] Stabilized group console-consumer-49993 generation 1 with 1 members. (org.apache.kafka.coordinator.group.GroupMetadataManager)
stream-state-bench-flink-kafka  | [2026-07-17 16:48:58,219] INFO [GroupCoordinator id=1 topic=__consumer_offsets partition=46] Stabilized group console-consumer-70954 generation 1 with 1 members. (org.apache.kafka.coordinator.group.GroupMetadataManager)
stream-state-bench-flink-kafka  | [2026-07-17 16:48:58,317] INFO [GroupCoordinator id=1 topic=__consumer_offsets partition=25] Assignment received from leader console-consumer-013c3c6a-a63d-4888-9ff4-4e6562297d56 for group console-consumer-49993 for generation 1. The group has 1 members, 0 of which are static. (org.apache.kafka.coordinator.group.GroupMetadataManager)
stream-state-bench-flink-kafka  | [2026-07-17 16:48:58,409] INFO [GroupCoordinator id=1 topic=__consumer_offsets partition=46] Assignment received from leader console-consumer-9db05cd9-de6c-4cd0-9a6f-2e644f8db714 for group console-consumer-70954 for generation 1. The group has 1 members, 0 of which are static. (org.apache.kafka.coordinator.group.GroupMetadataManager)
stream-state-bench-flink-kafka  | [2026-07-17 16:48:59,789] INFO [ReplicaFetcherManager on broker 1] Removed fetcher for partitions Set(bench-w3-latency-input-0) (kafka.server.ReplicaFetcherManager)
stream-state-bench-flink-kafka  | [2026-07-17 16:48:59,792] INFO [LogLoader partition=bench-w3-latency-input-0, dir=/tmp/kafka-logs] Loading producer state till offset 0 (org.apache.kafka.storage.internals.log.UnifiedLog)
stream-state-bench-flink-kafka  | [2026-07-17 16:48:59,793] INFO Created log for partition bench-w3-latency-input-0 in /tmp/kafka-logs/bench-w3-latency-input-0 with properties {message.timestamp.type="LogAppendTime"} (kafka.log.LogManager)
stream-state-bench-flink-kafka  | [2026-07-17 16:48:59,793] INFO [Partition bench-w3-latency-input-0 broker=1] No checkpointed highwatermark is found for partition bench-w3-latency-input-0 (kafka.cluster.Partition)
stream-state-bench-flink-kafka  | [2026-07-17 16:48:59,793] INFO [Partition bench-w3-latency-input-0 broker=1] Log loaded for partition bench-w3-latency-input-0 with initial high watermark 0 (kafka.cluster.Partition)
stream-state-bench-flink-kafka  | [2026-07-17 16:48:59,798] INFO [DynamicConfigPublisher broker id=1] Updating topic bench-w3-latency-input with new configuration : message.timestamp.type -> LogAppendTime (kafka.server.metadata.DynamicConfigPublisher)
stream-state-bench-flink-kafka  | [2026-07-17 16:49:01,379] INFO [ReplicaFetcherManager on broker 1] Removed fetcher for partitions Set(bench-w3-latency-flink-output-0) (kafka.server.ReplicaFetcherManager)
stream-state-bench-flink-kafka  | [2026-07-17 16:49:01,383] INFO [LogLoader partition=bench-w3-latency-flink-output-0, dir=/tmp/kafka-logs] Loading producer state till offset 0 (org.apache.kafka.storage.internals.log.UnifiedLog)
stream-state-bench-flink-kafka  | [2026-07-17 16:49:01,384] INFO Created log for partition bench-w3-latency-flink-output-0 in /tmp/kafka-logs/bench-w3-latency-flink-output-0 with properties {} (kafka.log.LogManager)
stream-state-bench-flink-kafka  | [2026-07-17 16:49:01,384] INFO [Partition bench-w3-latency-flink-output-0 broker=1] No checkpointed highwatermark is found for partition bench-w3-latency-flink-output-0 (kafka.cluster.Partition)
stream-state-bench-flink-kafka  | [2026-07-17 16:49:01,384] INFO [Partition bench-w3-latency-flink-output-0 broker=1] Log loaded for partition bench-w3-latency-flink-output-0 with initial high watermark 0 (kafka.cluster.Partition)
stream-state-bench-flink-kafka  | [2026-07-17 16:49:12,229] INFO [GroupCoordinator id=1 topic=__consumer_offsets partition=45] Dynamic member with unknown member id joins group console-consumer-74481 in Empty state. Created a new member id console-consumer-8c2786db-8362-4a3a-a72a-fc2268dd939e and requesting the member to rejoin with this id. (org.apache.kafka.coordinator.group.GroupMetadataManager)
stream-state-bench-flink-kafka  | [2026-07-17 16:49:12,231] INFO [GroupCoordinator id=1 topic=__consumer_offsets partition=45] Pending dynamic member with id console-consumer-8c2786db-8362-4a3a-a72a-fc2268dd939e joins group console-consumer-74481 in Empty state. Adding to the group now. (org.apache.kafka.coordinator.group.GroupMetadataManager)
stream-state-bench-flink-kafka  | [2026-07-17 16:49:12,231] INFO [GroupCoordinator id=1 topic=__consumer_offsets partition=45] Preparing to rebalance group console-consumer-74481 in state PreparingRebalance with old generation 0 (reason: Adding new member console-consumer-8c2786db-8362-4a3a-a72a-fc2268dd939e with group instance id null; client reason: need to re-join with the given member-id: console-consumer-8c2786db-8362-4a3a-a72a-fc2268dd939e). (org.apache.kafka.coordinator.group.GroupMetadataManager)
stream-state-bench-flink-kafka  | [2026-07-17 16:49:12,232] INFO [GroupCoordinator id=1 topic=__consumer_offsets partition=45] Stabilized group console-consumer-74481 generation 1 with 1 members. (org.apache.kafka.coordinator.group.GroupMetadataManager)
stream-state-bench-flink-kafka  | [2026-07-17 16:49:12,252] INFO [GroupCoordinator id=1 topic=__consumer_offsets partition=45] Assignment received from leader console-consumer-8c2786db-8362-4a3a-a72a-fc2268dd939e for group console-consumer-74481 for generation 1. The group has 1 members, 0 of which are static. (org.apache.kafka.coordinator.group.GroupMetadataManager)
stream-state-bench-flink-kafka  | [2026-07-17 16:49:12,258] INFO [GroupCoordinator id=1 topic=__consumer_offsets partition=46] Dynamic member with unknown member id joins group console-consumer-57265 in Empty state. Created a new member id console-consumer-d0af7032-3712-4e43-9140-54a586f5e841 and requesting the member to rejoin with this id. (org.apache.kafka.coordinator.group.GroupMetadataManager)
stream-state-bench-flink-kafka  | [2026-07-17 16:49:12,265] INFO [GroupCoordinator id=1 topic=__consumer_offsets partition=46] Pending dynamic member with id console-consumer-d0af7032-3712-4e43-9140-54a586f5e841 joins group console-consumer-57265 in Empty state. Adding to the group now. (org.apache.kafka.coordinator.group.GroupMetadataManager)
stream-state-bench-flink-kafka  | [2026-07-17 16:49:12,265] INFO [GroupCoordinator id=1 topic=__consumer_offsets partition=46] Preparing to rebalance group console-consumer-57265 in state PreparingRebalance with old generation 0 (reason: Adding new member console-consumer-d0af7032-3712-4e43-9140-54a586f5e841 with group instance id null; client reason: need to re-join with the given member-id: console-consumer-d0af7032-3712-4e43-9140-54a586f5e841). (org.apache.kafka.coordinator.group.GroupMetadataManager)
stream-state-bench-flink-kafka  | [2026-07-17 16:49:12,265] INFO [GroupCoordinator id=1 topic=__consumer_offsets partition=46] Stabilized group console-consumer-57265 generation 1 with 1 members. (org.apache.kafka.coordinator.group.GroupMetadataManager)
stream-state-bench-flink-kafka  | [2026-07-17 16:49:12,289] INFO [GroupCoordinator id=1 topic=__consumer_offsets partition=46] Assignment received from leader console-consumer-d0af7032-3712-4e43-9140-54a586f5e841 for group console-consumer-57265 for generation 1. The group has 1 members, 0 of which are static. (org.apache.kafka.coordinator.group.GroupMetadataManager)
stream-state-bench-flink-kafka  | [2026-07-17 16:49:16,779] INFO [GroupCoordinator id=1 topic=__consumer_offsets partition=46] [Group console-consumer-57265] Member console-consumer-d0af7032-3712-4e43-9140-54a586f5e841 has left group through explicit `LeaveGroup` request; client reason: the consumer is being closed (org.apache.kafka.coordinator.group.GroupMetadataManager)
stream-state-bench-flink-kafka  | [2026-07-17 16:49:16,779] INFO [GroupCoordinator id=1 topic=__consumer_offsets partition=46] Preparing to rebalance group console-consumer-57265 in state PreparingRebalance with old generation 1 (reason: explicit `LeaveGroup` request for (console-consumer-d0af7032-3712-4e43-9140-54a586f5e841) members.). (org.apache.kafka.coordinator.group.GroupMetadataManager)
stream-state-bench-flink-kafka  | [2026-07-17 16:49:16,780] INFO [GroupCoordinator id=1 topic=__consumer_offsets partition=46] Group console-consumer-57265 with generation 2 is now empty. (org.apache.kafka.coordinator.group.GroupMetadataManager)
stream-state-bench-flink-kafka  | [2026-07-17 16:51:03,996] INFO [GroupCoordinator id=1 topic=__consumer_offsets partition=25] [Group console-consumer-49993] Member console-consumer-013c3c6a-a63d-4888-9ff4-4e6562297d56 has left group through explicit `LeaveGroup` request; client reason: the consumer is being closed (org.apache.kafka.coordinator.group.GroupMetadataManager)
stream-state-bench-flink-kafka  | [2026-07-17 16:51:03,996] INFO [GroupCoordinator id=1 topic=__consumer_offsets partition=25] Preparing to rebalance group console-consumer-49993 in state PreparingRebalance with old generation 1 (reason: explicit `LeaveGroup` request for (console-consumer-013c3c6a-a63d-4888-9ff4-4e6562297d56) members.). (org.apache.kafka.coordinator.group.GroupMetadataManager)
stream-state-bench-flink-kafka  | [2026-07-17 16:51:03,997] INFO [GroupCoordinator id=1 topic=__consumer_offsets partition=25] Group console-consumer-49993 with generation 2 is now empty. (org.apache.kafka.coordinator.group.GroupMetadataManager)
stream-state-bench-flink-kafka  | [2026-07-17 16:51:52,820] INFO [GroupCoordinator id=1 topic=__consumer_offsets partition=46] [Group console-consumer-70954] Member console-consumer-9db05cd9-de6c-4cd0-9a6f-2e644f8db714 has left group through explicit `LeaveGroup` request; client reason: the consumer is being closed (org.apache.kafka.coordinator.group.GroupMetadataManager)
stream-state-bench-flink-kafka  | [2026-07-17 16:51:52,821] INFO [GroupCoordinator id=1 topic=__consumer_offsets partition=46] Preparing to rebalance group console-consumer-70954 in state PreparingRebalance with old generation 1 (reason: explicit `LeaveGroup` request for (console-consumer-9db05cd9-de6c-4cd0-9a6f-2e644f8db714) members.). (org.apache.kafka.coordinator.group.GroupMetadataManager)
stream-state-bench-flink-kafka  | [2026-07-17 16:51:52,821] INFO [GroupCoordinator id=1 topic=__consumer_offsets partition=46] Group console-consumer-70954 with generation 2 is now empty. (org.apache.kafka.coordinator.group.GroupMetadataManager)
stream-state-bench-flink-kafka  | [2026-07-17 16:52:11,961] INFO [GroupCoordinator id=1 topic=__consumer_offsets partition=45] [Group console-consumer-74481] Member console-consumer-8c2786db-8362-4a3a-a72a-fc2268dd939e has left group through explicit `LeaveGroup` request; client reason: the consumer is being closed (org.apache.kafka.coordinator.group.GroupMetadataManager)
stream-state-bench-flink-kafka  | [2026-07-17 16:52:11,962] INFO [GroupCoordinator id=1 topic=__consumer_offsets partition=45] Preparing to rebalance group console-consumer-74481 in state PreparingRebalance with old generation 1 (reason: explicit `LeaveGroup` request for (console-consumer-8c2786db-8362-4a3a-a72a-fc2268dd939e) members.). (org.apache.kafka.coordinator.group.GroupMetadataManager)
stream-state-bench-flink-kafka  | [2026-07-17 16:52:11,962] INFO [GroupCoordinator id=1 topic=__consumer_offsets partition=45] Group console-consumer-74481 with generation 2 is now empty. (org.apache.kafka.coordinator.group.GroupMetadataManager)
