event_id,t0_ms,t1_ms,t2_ms,t3_ms,write_to_input_append_latency_ms,input_append_to_result_emission_latency_ms,l_visibility_ms,l_closure_ms,latency_ms
ss-0-60000,1784538653411.1975,1784538653613,1784538664428.0,1784538664554.3755,201.802,10815.0,126.375,1784538004428.0,11143.178
ss-1-60000,1784538654911.201,1784538655714,1784538664437.0,1784538664554.3794,802.799,8723.0,117.379,1784538004437.0,9643.178
ss-10-60000,1784538650611.2075,1784538651514,1784538664437.0,1784538664554.3804,902.792,12923.0,117.38,1784538004437.0,13943.173
ss-11-60000,1784538652111.2053,1784538652566,1784538664437.0,1784538664554.381,454.795,11871.0,117.381,1784538004437.0,12443.176
ss-12-60000,1784538638511.2,1784538638913,1784538664437.0,1784538664554.3823,401.8,25524.0,117.382,1784538004437.0,26043.182
ss-13-60000,1784538653661.198,1784538654663,1784538664437.0,1784538664554.3835,1001.802,9774.0,117.384,1784538004437.0,10893.186
ss-14-60000,1784538654561.1987,1784538654663,1784538664437.0,1784538664554.3843,101.801,9774.0,117.384,1784538004437.0,9993.186
ss-15-60000,1784538651511.1992,1784538651514,1784538664438.0,1784538664554.39,2.801,12924.0,116.39,1784538004438.0,13043.191
ss-16-60000,1784538654361.188,1784538654663,1784538664438.0,1784538664554.3916,301.812,9775.0,116.392,1784538004438.0,10193.204
ss-17-60000,1784538651911.757,1784538652566,1784538664438.0,1784538664554.3928,654.243,11872.0,116.393,1784538004438.0,12642.636
ss-18-60000,1784538649011.2014,1784538649414,1784538664438.0,1784538664554.3933,402.799,15024.0,116.393,1784538004438.0,15543.192
ss-19-60000,1784538653711.1943,1784538654663,1784538664438.0,1784538664554.3938,951.806,9775.0,116.394,1784538004438.0,10843.199
ss-2-60000,1784538653161.1895,1784538653613,1784538664438.0,1784538664554.4067,451.811,10825.0,116.407,1784538004438.0,11393.217
ss-20-60000,1784538643111.203,1784538643113,1784538664438.0,1784538664554.4072,1.797,21325.0,116.407,1784538004438.0,21443.204
ss-21-60000,1784538651011.2046,1784538651514,1784538664438.0,1784538664554.4077,502.795,12924.0,116.408,1784538004438.0,13543.203
ss-22-60000,1784538641411.195,1784538642063,1784538664439.0,1784538664554.4087,651.805,22376.0,115.409,1784538004439.0,23143.214
ss-23-60000,1784538636161.2017,1784538636814,1784538664439.0,1784538664554.4092,652.798,27625.0,115.409,1784538004439.0,28393.208
ss-24-60000,1784538651961.2012,1784538652566,1784538664439.0,1784538664555.2957,604.799,11873.0,116.296,1784538004439.0,12594.094
ss-25-60000,1784538649361.1965,1784538649414,1784538664439.0,1784538664555.3044,52.803,15025.0,116.304,1784538004439.0,15194.108
ss-26-60000,1784538650561.1929,1784538651514,1784538664439.0,1784538664555.3052,952.807,12925.0,116.305,1784538004439.0,13994.112
ss-27-60000,1784538652861.1943,1784538653613,1784538664439.0,1784538664555.3064,751.806,10826.0,116.306,1784538004439.0,11694.112
ss-28-60000,1784538654811.1943,1784538655714,1784538664439.0,1784538664555.307,902.806,8725.0,116.307,1784538004439.0,9744.113
ss-29-60000,1784538645361.1975,1784538646263,1784538664439.0,1784538664555.3076,901.802,18176.0,116.308,1784538004439.0,19194.11
ss-3-60000,1784538650361.2114,1784538650490,1784538664439.0,1784538664555.3088,128.789,13949.0,116.309,1784538004439.0,14194.097
ss-30-60000,1784538652161.2036,1784538652566,1784538664440.0,1784538664555.3096,404.796,11874.0,115.31,1784538004440.0,12394.106
ss-31-60000,1784538652961.1907,1784538653613,1784538664440.0,1784538664555.3105,651.809,10827.0,115.311,1784538004440.0,11594.12
ss-32-60000,1784538654411.1926,1784538654663,1784538664440.0,1784538664555.311,251.807,9777.0,115.311,1784538004440.0,10144.118
ss-33-60000,1784538652211.1965,1784538652566,1784538664440.0,1784538664555.313,354.803,11874.0,115.313,1784538004440.0,12344.116
ss-34-60000,1784538652911.1882,1784538653613,1784538664440.0,1784538664555.314,701.812,10827.0,115.314,1784538004440.0,11644.126
ss-35-60000,1784538652661.2217,1784538653613,1784538664440.0,1784538664555.3142,951.778,10827.0,115.314,1784538004440.0,11894.093
ss-36-60000,1784538651111.2043,1784538651514,1784538664440.0,1784538664555.3152,402.796,12926.0,115.315,1784538004440.0,13444.111
ss-37-60000,1784538647911.193,1784538648364,1784538664440.0,1784538664555.3162,452.807,16076.0,115.316,1784538004440.0,16644.123
ss-38-60000,1784538654961.2004,1784538655714,1784538664440.0,1784538664555.3164,752.8,8726.0,115.316,1784538004440.0,9594.116
ss-39-60000,1784538653111.1953,1784538653613,1784538664440.0,1784538664555.3176,501.805,10827.0,115.318,1784538004440.0,11444.122
ss-4-60000,1784538654261.1938,1784538654663,1784538664441.0,1784538664555.318,401.806,9778.0,114.318,1784538004441.0,10294.124
ss-40-60000,1784538649111.1956,1784538649414,1784538664441.0,1784538664555.3188,302.804,15027.0,114.319,1784538004441.0,15444.123
ss-41-60000,1784538649211.1968,1784538649414,1784538664441.0,1784538664555.3196,202.803,15027.0,114.32,1784538004441.0,15344.123
ss-42-60000,1784538651811.2024,1784538652566,1784538664441.0,1784538664555.3203,754.798,11875.0,114.32,1784538004441.0,12744.118
ss-43-60000,1784538652561.2095,1784538652566,1784538664441.0,1784538664555.321,4.791,11875.0,114.321,1784538004441.0,11994.112
ss-44-60000,1784538649061.2017,1784538649414,1784538664441.0,1784538664555.3223,352.798,15027.0,114.322,1784538004441.0,15494.121
ss-45-60000,1784538643461.196,1784538644164,1784538664441.0,1784538664555.323,702.804,20277.0,114.323,1784538004441.0,21094.127
ss-46-60000,1784538652711.2004,1784538653613,1784538664441.0,1784538664555.368,901.8,10828.0,114.368,1784538004441.0,11844.167
ss-47-60000,1784538650261.205,1784538650490,1784538664441.0,1784538664555.3687,228.795,13951.0,114.369,1784538004441.0,14294.164
ss-48-60000,1784538652511.196,1784538652566,1784538664441.0,1784538664555.3696,54.804,11875.0,114.37,1784538004441.0,12044.174
ss-49-60000,1784538654761.1892,1784538655714,1784538664441.0,1784538664555.3723,952.811,8727.0,114.372,1784538004441.0,9794.183
ss-5-60000,1784538654111.154,1784538654663,1784538664442.0,1784538664555.3728,551.846,9779.0,113.373,1784538004442.0,10444.219
ss-50-60000,1784538653461.197,1784538653613,1784538664442.0,1784538664555.3733,151.803,10829.0,113.373,1784538004442.0,11094.176
ss-51-60000,1784538653011.2544,1784538653613,1784538664442.0,1784538664555.3738,601.746,10829.0,113.374,1784538004442.0,11544.119
ss-52-60000,1784538652411.1902,1784538652566,1784538664442.0,1784538664555.3745,154.81,11876.0,113.375,1784538004442.0,12144.184
ss-53-60000,1784538651061.191,1784538651514,1784538664442.0,1784538664555.375,452.809,12928.0,113.375,1784538004442.0,13494.184
ss-54-60000,1784538650311.2117,1784538650490,1784538664442.0,1784538664555.3755,178.788,13952.0,113.375,1784538004442.0,14244.164
ss-55-60000,1784538629311.193,1784538629464,1784538664442.0,1784538664555.376,152.807,34978.0,113.376,1784538004442.0,35244.183
ss-56-60000,1784538639111.1953,1784538639964,1784538664442.0,1784538664555.3765,852.805,24478.0,113.376,1784538004442.0,25444.181
ss-57-60000,1784538653611.1968,1784538653613,1784538664442.0,1784538664555.3784,1.803,10829.0,113.378,1784538004442.0,10944.182
ss-58-60000,1784538654011.1929,1784538654663,1784538664442.0,1784538664555.3787,651.807,9779.0,113.379,1784538004442.0,10544.186
ss-59-60000,1784538653561.195,1784538653613,1784538664442.0,1784538664555.3792,51.805,10829.0,113.379,1784538004442.0,10994.184
ss-6-60000,1784538650911.1917,1784538651514,1784538664442.0,1784538664555.3794,602.808,12928.0,113.379,1784538004442.0,13644.188
ss-60-60000,1784538653311.197,1784538653613,1784538664442.0,1784538664555.3796,301.803,10829.0,113.38,1784538004442.0,11244.183
ss-61-60000,1784538651411.1958,1784538651514,1784538664443.0,1784538664555.382,102.804,12929.0,112.382,1784538004443.0,13144.186
ss-62-60000,1784538648861.1934,1784538649414,1784538664443.0,1784538664555.3826,552.807,15029.0,112.383,1784538004443.0,15694.189
ss-63-60000,1784538651711.1912,1784538652566,1784538664443.0,1784538664555.4,854.809,11877.0,112.4,1784538004443.0,12844.209
ss-64-60000,1784538651661.1987,1784538652566,1784538664443.0,1784538664555.401,904.801,11877.0,112.401,1784538004443.0,12894.202
ss-65-60000,1784538650161.208,1784538650490,1784538664443.0,1784538664555.4011,328.792,13953.0,112.401,1784538004443.0,14394.193
ss-66-60000,1784538653761.1982,1784538654663,1784538664443.0,1784538664555.4043,901.802,9780.0,112.404,1784538004443.0,10794.206
ss-67-60000,1784538654661.1882,1784538654663,1784538664443.0,1784538664555.4055,1.812,9780.0,112.406,1784538004443.0,9894.217
ss-68-60000,1784538646061.1716,1784538646263,1784538664443.0,1784538664555.4065,201.828,18180.0,112.406,1784538004443.0,18494.235
ss-69-60000,1784538642011.389,1784538642063,1784538664443.0,1784538664555.4067,51.611,22380.0,112.407,1784538004443.0,22544.018
ss-7-60000,1784538652611.2065,1784538653613,1784538664443.0,1784538664555.4097,1001.793,10830.0,112.41,1784538004443.0,11944.203
ss-70-60000,1784538654061.1929,1784538654663,1784538664443.0,1784538664555.41,601.807,9780.0,112.41,1784538004443.0,10494.217
ss-71-60000,1784538637611.193,1784538637863,1784538664443.0,1784538664555.4102,251.807,26580.0,112.41,1784538004443.0,26944.217
ss-72-60000,1784538654211.1934,1784538654663,1784538664443.0,1784538664555.4106,451.807,9780.0,112.411,1784538004443.0,10344.217
ss-73-60000,1784538628411.1865,1784538628413,1784538664443.0,1784538664555.411,1.813,36030.0,112.411,1784538004443.0,36144.224
ss-74-60000,1784538654711.1917,1784538655714,1784538664444.0,1784538664555.4111,1002.808,8730.0,111.411,1784538004444.0,9844.219
ss-75-60000,1784538653361.1953,1784538653613,1784538664444.0,1784538664555.4116,251.805,10831.0,111.412,1784538004444.0,11194.216
ss-76-60000,1784538654861.1946,1784538655714,1784538664444.0,1784538664555.4119,852.805,8730.0,111.412,1784538004444.0,9694.217
ss-77-60000,1784538648411.2188,1784538649414,1784538664444.0,1784538664555.9016,1002.781,15030.0,111.902,1784538004444.0,16144.683
ss-78-60000,1784538646811.205,1784538647313,1784538664444.0,1784538664555.9026,501.795,17131.0,111.903,1784538004444.0,17744.698
ss-79-60000,1784538639261.1982,1784538639964,1784538664444.0,1784538664555.903,702.802,24480.0,111.903,1784538004444.0,25294.705
ss-8-60000,1784538649561.1885,1784538650490,1784538664444.0,1784538664555.9036,928.812,13954.0,111.904,1784538004444.0,14994.715
ss-80-60000,1784538648461.2026,1784538649414,1784538664444.0,1784538664555.904,952.797,15030.0,111.904,1784538004444.0,16094.701
ss-81-60000,1784538654461.191,1784538654663,1784538664444.0,1784538664555.9043,201.809,9781.0,111.904,1784538004444.0,10094.713
ss-82-60000,1784538653911.1968,1784538654663,1784538664444.0,1784538664555.9045,751.803,9781.0,111.905,1784538004444.0,10644.708
ss-83-60000,1784538651261.194,1784538651514,1784538664444.0,1784538664555.9053,252.806,12930.0,111.905,1784538004444.0,13294.711
ss-84-60000,1784538649961.2134,1784538650490,1784538664444.0,1784538664555.9055,528.787,13954.0,111.906,1784538004444.0,14594.692
ss-85-60000,1784538651461.2012,1784538651514,1784538664444.0,1784538664555.9062,52.799,12930.0,111.906,1784538004444.0,13094.705
ss-86-60000,1784538647461.189,1784538648364,1784538664444.0,1784538664555.9067,902.811,16080.0,111.907,1784538004444.0,17094.718
ss-87-60000,1784538653811.1968,1784538654663,1784538664444.0,1784538664555.9072,851.803,9781.0,111.907,1784538004444.0,10744.71
ss-88-60000,1784538647411.2021,1784538648364,1784538664444.0,1784538664555.9075,952.798,16080.0,111.907,1784538004444.0,17144.705
ss-89-60000,1784538654511.1897,1784538654663,1784538664444.0,1784538664555.9082,151.81,9781.0,111.908,1784538004444.0,10044.719
ss-9-60000,1784538654611.1956,1784538654663,1784538664444.0,1784538664555.9084,51.804,9781.0,111.908,1784538004444.0,9944.713
ss-90-60000,1784538653261.1948,1784538653613,1784538664445.0,1784538664555.909,351.805,10832.0,110.909,1784538004445.0,11294.714
ss-91-60000,1784538654311.187,1784538654663,1784538664445.0,1784538664555.9094,351.813,9782.0,110.909,1784538004445.0,10244.722
ss-92-60000,1784538653861.1973,1784538654663,1784538664445.0,1784538664555.91,801.803,9782.0,110.91,1784538004445.0,10694.713
ss-93-60000,1784538650661.1917,1784538651514,1784538664445.0,1784538664555.9104,852.808,12931.0,110.91,1784538004445.0,13894.719
ss-94-60000,1784538651211.2046,1784538651514,1784538664445.0,1784538664555.911,302.795,12931.0,110.911,1784538004445.0,13344.706
ss-95-60000,1784538647061.1992,1784538647313,1784538664445.0,1784538664555.9111,251.801,17132.0,110.911,1784538004445.0,17494.712
ss-96-60000,1784538650761.201,1784538651514,1784538664445.0,1784538664555.9119,752.799,12931.0,110.912,1784538004445.0,13794.711
ss-97-60000,1784538653961.1975,1784538654663,1784538664445.0,1784538664555.9124,701.802,9782.0,110.912,1784538004445.0,10594.715
ss-98-60000,1784538646761.1953,1784538647313,1784538664445.0,1784538664555.9128,551.805,17132.0,110.913,1784538004445.0,17794.718
ss-99-60000,1784538639611.1929,1784538639964,1784538664445.0,1784538664555.913,352.807,24481.0,110.913,1784538004445.0,24944.72
ss-0-120000,1784538679311.1978,1784538679863,1784538686571.0,1784538686622.5195,551.802,6708.0,51.52,1784537966571.0,7311.322
ss-1-120000,1784538673661.1963,1784538674614,1784538686571.0,1784538686622.6587,952.804,11957.0,51.659,1784537966571.0,12961.462
ss-10-120000,1784538680011.195,1784538680914,1784538686572.0,1784538686622.6604,902.805,5658.0,50.66,1784537966572.0,6611.465
ss-11-120000,1784538679011.1702,1784538679863,1784538686572.0,1784538686622.675,851.83,6709.0,50.675,1784537966572.0,7611.505
ss-12-120000,1784538680211.1963,1784538680914,1784538686572.0,1784538686622.6763,702.804,5658.0,50.676,1784537966572.0,6411.48
ss-13-120000,1784538684711.1934,1784538685113,1784538686572.0,1784538686622.683,401.807,1459.0,50.683,1784537966572.0,1911.49
ss-14-120000,1784538679911.2024,1784538680914,1784538686572.0,1784538686622.684,1002.798,5658.0,50.684,1784537966572.0,6711.482
ss-15-120000,1784538683811.2012,1784538684063,1784538686572.0,1784538686622.6853,251.799,2509.0,50.685,1784537966572.0,2811.484
ss-16-120000,1784538677911.1921,1784538678813,1784538686572.0,1784538686622.6863,901.808,7759.0,50.686,1784537966572.0,8711.494
ss-17-120000,1784538672511.2004,1784538672513,1784538686572.0,1784538686622.689,1.8,14059.0,50.689,1784537966572.0,14111.489
ss-18-120000,1784538683111.1963,1784538684063,1784538686572.0,1784538686622.6897,951.804,2509.0,50.69,1784537966572.0,3511.493
ss-19-120000,1784538682411.194,1784538683014,1784538686572.0,1784538686622.6907,602.806,3558.0,50.691,1784537966572.0,4211.497
ss-2-120000,1784538678161.2012,1784538678813,1784538686572.0,1784538686622.6914,651.799,7759.0,50.691,1784537966572.0,8461.49
ss-20-120000,1784538684161.1882,1784538685113,1784538686572.0,1784538686622.6929,951.812,1459.0,50.693,1784537966572.0,2461.505
ss-21-120000,1784538682261.1929,1784538683014,1784538686572.0,1784538686622.6938,752.807,3558.0,50.694,1784537966572.0,4361.501
ss-22-120000,1784538671111.1938,1784538671464,1784538686572.0,1784538686623.9082,352.806,15108.0,51.908,1784537966572.0,15512.714
ss-23-120000,1784538684461.192,1784538685113,1784538686572.0,1784538686623.9114,651.808,1459.0,51.911,1784537966572.0,2162.719
ss-24-120000,1784538682161.197,1784538683014,1784538686572.0,1784538686623.9126,852.803,3558.0,51.913,1784537966572.0,4462.716
ss-25-120000,1784538684911.214,1784538685113,1784538686572.0,1784538686623.9138,201.786,1459.0,51.914,1784537966572.0,1712.7
ss-26-120000,1784538682711.1953,1784538683014,1784538686572.0,1784538686623.9148,302.805,3558.0,51.915,1784537966572.0,3912.719
ss-27-120000,1784538684811.2083,1784538685113,1784538686572.0,1784538686623.9153,301.792,1459.0,51.915,1784537966572.0,1812.707
ss-28-120000,1784538682961.1895,1784538683014,1784538686572.0,1784538686623.916,52.811,3558.0,51.916,1784537966572.0,3662.727
ss-29-120000,1784538683711.1992,1784538684063,1784538686572.0,1784538686623.9165,351.801,2509.0,51.917,1784537966572.0,2912.717
ss-3-120000,1784538676811.203,1784538677763,1784538686572.0,1784538686623.9172,951.797,8809.0,51.917,1784537966572.0,9812.714
ss-30-120000,1784538675511.1985,1784538675663,1784538686572.0,1784538686623.918,151.802,10909.0,51.918,1784537966572.0,11112.719
ss-31-120000,1784538681911.2034,1784538681964,1784538686572.0,1784538686623.9185,52.797,4608.0,51.918,1784537966572.0,4712.715
ss-32-120000,1784538684761.1921,1784538685113,1784538686572.0,1784538686623.9192,351.808,1459.0,51.919,1784537966572.0,1862.727
ss-33-120000,1784538683911.2014,1784538684063,1784538686573.0,1784538686623.9211,151.799,2510.0,50.921,1784537966573.0,2712.72
ss-34-120000,1784538681711.1948,1784538681964,1784538686573.0,1784538686623.922,252.805,4609.0,50.922,1784537966573.0,4912.727
ss-35-120000,1784538682561.1943,1784538683014,1784538686573.0,1784538686623.9243,452.806,3559.0,50.924,1784537966573.0,4062.73
ss-36-120000,1784538679211.1963,1784538679863,1784538686573.0,1784538686623.925,651.804,6710.0,50.925,1784537966573.0,7412.729
ss-37-120000,1784538662661.203,1784538663064,1784538686573.0,1784538686623.9255,402.797,23509.0,50.926,1784537966573.0,23962.723
ss-38-120000,1784538682511.1938,1784538683014,1784538686573.0,1784538686623.926,502.806,3559.0,50.926,1784537966573.0,4112.732
ss-39-120000,1784538676311.2007,1784538676714,1784538686573.0,1784538686623.9268,402.799,9859.0,50.927,1784537966573.0,10312.726
ss-4-120000,1784538682811.1948,1784538683014,1784538686573.0,1784538686623.9375,202.805,3559.0,50.938,1784537966573.0,3812.743
ss-40-120000,1784538678061.1963,1784538678813,1784538686573.0,1784538686623.9382,751.804,7760.0,50.938,1784537966573.0,8562.742
ss-41-120000,1784538682111.2026,1784538683014,1784538686573.0,1784538686623.939,902.797,3559.0,50.939,1784537966573.0,4512.736
ss-42-120000,1784538681511.197,1784538681964,1784538686573.0,1784538686623.94,452.803,4609.0,50.94,1784537966573.0,5112.743
ss-43-120000,1784538663411.2053,1784538664114,1784538686573.0,1784538686623.941,702.795,22459.0,50.941,1784537966573.0,23212.736
ss-44-120000,1784538684961.1904,1784538685113,1784538686573.0,1784538686623.9414,151.81,1460.0,50.941,1784537966573.0,1662.751
ss-45-120000,1784538664711.1685,1784538665163,1784538686573.0,1784538686623.9421,451.832,21410.0,50.942,1784537966573.0,21912.774
ss-46-120000,1784538677215.107,1784538677763,1784538686573.0,1784538686623.943,547.893,8810.0,50.943,1784537966573.0,9408.836
ss-47-120000,1784538680461.1873,1784538680914,1784538686573.0,1784538686623.9438,452.813,5659.0,50.944,1784537966573.0,6162.757
ss-48-120000,1784538675811.193,1784538676714,1784538686573.0,1784538686623.9443,902.807,9859.0,50.944,1784537966573.0,10812.751
ss-49-120000,1784538684611.1982,1784538685113,1784538686573.0,1784538686623.945,501.802,1460.0,50.945,1784537966573.0,2012.747
ss-5-120000,1784538676861.1956,1784538677763,1784538686573.0,1784538686623.9456,901.804,8810.0,50.946,1784537966573.0,9762.75
ss-50-120000,1784538680261.1948,1784538680914,1784538686573.0,1784538686623.9507,652.805,5659.0,50.951,1784537966573.0,6362.756
ss-51-120000,1784538684061.2014,1784538684063,1784538686573.0,1784538686623.9514,1.799,2510.0,50.951,1784537966573.0,2562.75
ss-52-120000,1784538684361.1987,1784538685113,1784538686573.0,1784538686623.952,751.801,1460.0,50.952,1784537966573.0,2262.753
ss-53-120000,1784538684011.193,1784538684063,1784538686573.0,1784538686623.953,51.807,2510.0,50.953,1784537966573.0,2612.76
ss-54-120000,1784538684211.1978,1784538685113,1784538686573.0,1784538686623.9727,901.802,1460.0,50.973,1784537966573.0,2412.775
ss-55-120000,1784538683861.2007,1784538684063,1784538686573.0,1784538686623.9734,201.799,2510.0,50.973,1784537966573.0,2762.773
ss-56-120000,1784538673161.192,1784538673563,1784538686573.0,1784538686623.9739,401.808,13010.0,50.974,1784537966573.0,13462.782
ss-57-120000,1784538681161.1995,1784538681964,1784538686574.0,1784538686624.0327,802.801,4610.0,50.033,1784537966574.0,5462.833
ss-58-120000,1784538684261.1992,1784538685113,1784538686574.0,1784538686624.0461,851.801,1461.0,50.046,1784537966574.0,2362.847
ss-59-120000,1784538683061.1958,1784538684063,1784538686574.0,1784538686624.0469,1001.804,2511.0,50.047,1784537966574.0,3562.851
ss-6-120000,1784538675011.195,1784538675663,1784538686574.0,1784538686624.0474,651.805,10911.0,50.047,1784537966574.0,11612.852
ss-60-120000,1784538678511.2014,1784538678813,1784538686574.0,1784538686624.048,301.799,7761.0,50.048,1784537966574.0,8112.847
ss-61-120000,1784538677861.1882,1784538678813,1784538686574.0,1784538686624.0486,951.812,7761.0,50.049,1784537966574.0,8762.86
ss-62-120000,1784538684661.1958,1784538685113,1784538686574.0,1784538686624.049,451.804,1461.0,50.049,1784537966574.0,1962.853
ss-63-120000,1784538679861.2014,1784538679863,1784538686574.0,1784538686624.0496,1.799,6711.0,50.05,1784537966574.0,6762.848
ss-64-120000,1784538681661.2424,1784538681964,1784538686574.0,1784538686624.0503,302.758,4610.0,50.05,1784537966574.0,4962.808
ss-65-120000,1784538679611.1985,1784538679863,1784538686574.0,1784538686624.0625,251.802,6711.0,50.062,1784537966574.0,7012.864
ss-66-120000,1784538682011.201,1784538683014,1784538686574.0,1784538686624.0632,1002.799,3560.0,50.063,1784537966574.0,4612.862
ss-67-120000,1784538679161.197,1784538679863,1784538686574.0,1784538686624.064,701.803,6711.0,50.064,1784537966574.0,7462.867
ss-68-120000,1784538680811.1907,1784538680914,1784538686574.0,1784538686624.0645,102.809,5660.0,50.064,1784537966574.0,5812.874
ss-69-120000,1784538680611.1912,1784538680914,1784538686574.0,1784538686624.065,302.809,5660.0,50.065,1784537966574.0,6012.874
ss-7-120000,1784538673411.1912,1784538673563,1784538686574.0,1784538686624.0657,151.809,13011.0,50.066,1784537966574.0,13212.875
ss-70-120000,1784538681211.193,1784538681964,1784538686574.0,1784538686624.0662,752.807,4610.0,50.066,1784537966574.0,5412.873
ss-71-120000,1784538673011.1943,1784538673563,1784538686574.0,1784538686624.0708,551.806,13011.0,50.071,1784537966574.0,13612.876
ss-72-120000,1784538672061.1956,1784538672513,1784538686574.0,1784538686624.0752,451.804,14061.0,50.075,1784537966574.0,14562.88
ss-73-120000,1784538683361.1943,1784538684063,1784538686574.0,1784538686624.0757,701.806,2511.0,50.076,1784537966574.0,3262.881
ss-74-120000,1784538671361.194,1784538671464,1784538686574.0,1784538686624.0762,102.806,15110.0,50.076,1784537966574.0,15262.882
ss-75-120000,1784538677161.197,1784538677763,1784538686574.0,1784538686624.077,601.803,8811.0,50.077,1784537966574.0,9462.88
ss-76-120000,1784538675761.2024,1784538676714,1784538686574.0,1784538686624.0774,952.798,9860.0,50.077,1784537966574.0,10862.875
ss-77-120000,1784538683161.2026,1784538684063,1784538686574.0,1784538686624.078,901.797,2511.0,50.078,1784537966574.0,3462.875
ss-78-120000,1784538674061.1978,1784538674614,1784538686574.0,1784538686624.0784,552.802,11960.0,50.078,1784537966574.0,12562.881
ss-79-120000,1784538684311.2,1784538685113,1784538686574.0,1784538686624.079,801.8,1461.0,50.079,1784537966574.0,2312.879
ss-8-120000,1784538677111.2021,1784538677763,1784538686574.0,1784538686624.0796,651.798,8811.0,50.08,1784537966574.0,9512.877
ss-80-120000,1784538683011.1943,1784538683014,1784538686575.0,1784538686624.08,2.806,3561.0,49.08,1784537966575.0,3612.886
ss-81-120000,1784538679961.1938,1784538680914,1784538686575.0,1784538686624.0806,952.806,5661.0,49.081,1784537966575.0,6662.887
ss-82-120000,1784538681561.1992,1784538681964,1784538686575.0,1784538686624.0813,402.801,4611.0,49.081,1784537966575.0,5062.882
ss-83-120000,1784538684511.1987,1784538685113,1784538686575.0,1784538686624.0818,601.801,1462.0,49.082,1784537966575.0,2112.883
ss-84-120000,1784538682311.1956,1784538683014,1784538686575.0,1784538686624.0823,702.804,3561.0,49.082,1784537966575.0,4312.887
ss-85-120000,1784538677311.1973,1784538677763,1784538686575.0,1784538686624.0933,451.803,8812.0,49.093,1784537966575.0,9312.896
ss-86-120000,1784538684411.195,1784538685113,1784538686575.0,1784538686624.0938,701.805,1462.0,49.094,1784537966575.0,2212.899
ss-87-120000,1784538675161.203,1784538675663,1784538686575.0,1784538686624.0942,501.797,10912.0,49.094,1784537966575.0,11462.891
ss-88-120000,1784538681361.1948,1784538681964,1784538686575.0,1784538686624.095,602.805,4611.0,49.095,1784537966575.0,5262.9
ss-89-120000,1784538683961.1912,1784538684063,1784538686575.0,1784538686624.0955,101.809,2512.0,49.095,1784537966575.0,2662.904
ss-9-120000,1784538676461.1943,1784538676714,1784538686575.0,1784538686624.096,252.806,9861.0,49.096,1784537966575.0,10162.902
ss-90-120000,1784538678861.199,1784538679863,1784538686575.0,1784538686624.0964,1001.801,6712.0,49.096,1784537966575.0,7762.897
ss-91-120000,1784538684861.1992,1784538685113,1784538686575.0,1784538686624.0972,251.801,1462.0,49.097,1784537966575.0,1762.898
ss-92-120000,1784538683561.1978,1784538684063,1784538686575.0,1784538686624.0977,501.802,2512.0,49.098,1784537966575.0,3062.9
ss-93-120000,1784538682211.2017,1784538683014,1784538686575.0,1784538686624.0981,802.798,3561.0,49.098,1784537966575.0,4412.896
ss-94-120000,1784538683261.1975,1784538684063,1784538686575.0,1784538686624.0986,801.802,2512.0,49.099,1784537966575.0,3362.901
ss-95-120000,1784538683411.2002,1784538684063,1784538686575.0,1784538686624.099,651.8,2512.0,49.099,1784537966575.0,3212.899
ss-96-120000,1784538681761.205,1784538681964,1784538686575.0,1784538686624.0999,202.795,4611.0,49.1,1784537966575.0,4862.895
ss-97-120000,1784538671011.1975,1784538671464,1784538686575.0,1784538686624.1003,452.802,15111.0,49.1,1784537966575.0,15612.903
ss-98-120000,1784538678761.1987,1784538678813,1784538686575.0,1784538686624.1008,51.801,7762.0,49.101,1784537966575.0,7862.902
ss-99-120000,1784538684561.1975,1784538685113,1784538686575.0,1784538686624.1052,551.802,1462.0,49.105,1784537966575.0,2062.908
ss-0-180000,1784538707861.194,1784538708213,1784538717019.0,1784538717049.868,351.806,8806.0,30.868,1784537937019.0,9188.674
ss-1-180000,1784538713911.1963,1784538714513,1784538717019.0,1784538717049.8728,601.804,2506.0,30.873,1784537937019.0,3138.677
ss-10-180000,1784538706411.1907,1784538707163,1784538717020.0,1784538717049.8743,751.809,9857.0,29.874,1784537937020.0,10638.684
ss-11-180000,1784538713061.1987,1784538713464,1784538717020.0,1784538717049.876,402.801,3556.0,29.876,1784537937020.0,3988.677
ss-12-180000,1784538712061.1997,1784538712414,1784538717020.0,1784538717049.8938,352.8,4606.0,29.894,1784537937020.0,4988.694
ss-13-180000,1784538714711.201,1784538715564,1784538717020.0,1784538717049.908,852.799,1456.0,29.908,1784537937020.0,2338.707
ss-14-180000,1784538712311.2,1784538712414,1784538717020.0,1784538717049.909,102.8,4606.0,29.909,1784537937020.0,4738.709
ss-15-180000,1784538712761.1943,1784538713464,1784538717020.0,1784538717049.9102,702.806,3556.0,29.91,1784537937020.0,4288.716
ss-16-180000,1784538712811.1997,1784538713464,1784538717020.0,1784538717049.911,652.8,3556.0,29.911,1784537937020.0,4238.711
ss-17-180000,1784538711511.1992,1784538712414,1784538717020.0,1784538717049.9119,902.801,4606.0,29.912,1784537937020.0,5538.713
ss-18-180000,1784538712711.1982,1784538713464,1784538717020.0,1784538717049.9128,752.802,3556.0,29.913,1784537937020.0,4338.715
ss-19-180000,1784538714861.1926,1784538715564,1784538717020.0,1784538717049.9143,702.807,1456.0,29.914,1784537937020.0,2188.722
ss-2-180000,1784538714311.186,1784538714513,1784538717020.0,1784538717049.915,201.814,2507.0,29.915,1784537937020.0,2738.729
ss-20-180000,1784538707711.1968,1784538708213,1784538717020.0,1784538717049.916,501.803,8807.0,29.916,1784537937020.0,9338.719
ss-21-180000,1784538712411.1946,1784538712414,1784538717020.0,1784538717049.9167,2.805,4606.0,29.917,1784537937020.0,4638.722
ss-22-180000,1784538709511.1975,1784538710314,1784538717020.0,1784538717049.949,802.802,6706.0,29.949,1784537937020.0,7538.751
ss-23-180000,1784538706211.19,1784538707163,1784538717020.0,1784538717049.95,951.81,9857.0,29.95,1784537937020.0,10838.76
ss-24-180000,1784538709111.1968,1784538709263,1784538717020.0,1784538717049.9507,151.803,7757.0,29.951,1784537937020.0,7938.754
ss-25-180000,1784538706361.1943,1784538707163,1784538717020.0,1784538717049.9517,801.806,9857.0,29.952,1784537937020.0,10688.757
ss-26-180000,1784538706661.209,1784538707163,1784538717020.0,1784538717049.9524,501.791,9857.0,29.952,1784537937020.0,10388.743
ss-27-180000,1784538714211.193,1784538714513,1784538717020.0,1784538717049.953,301.807,2507.0,29.953,1784537937020.0,2838.76
ss-28-180000,1784538714761.1995,1784538715564,1784538717020.0,1784538717049.9536,802.801,1456.0,29.954,1784537937020.0,2288.754
ss-29-180000,1784538709961.2004,1784538710314,1784538717020.0,1784538717049.9543,352.8,6706.0,29.954,1784537937020.0,7088.754
ss-3-180000,1784538708961.1946,1784538709263,1784538717020.0,1784538717049.9558,301.805,7757.0,29.956,1784537937020.0,8088.761
ss-30-180000,1784538714011.2158,1784538714513,1784538717021.0,1784538717049.9568,501.784,2508.0,28.957,1784537937021.0,3038.741
ss-31-180000,1784538713661.198,1784538714513,1784538717021.0,1784538717049.9648,851.802,2508.0,28.965,1784537937021.0,3388.767
ss-32-180000,1784538705211.1934,1784538706113,1784538717021.0,1784538717049.9656,901.807,10908.0,28.966,1784537937021.0,11838.772
ss-33-180000,1784538705361.1946,1784538706113,1784538717021.0,1784538717049.967,751.805,10908.0,28.967,1784537937021.0,11688.772
ss-34-180000,1784538712561.1929,1784538713464,1784538717021.0,1784538717049.9744,902.807,3557.0,28.974,1784537937021.0,4488.781
ss-35-180000,1784538706611.2085,1784538707163,1784538717021.0,1784538717050.0776,551.792,9858.0,29.078,1784537937021.0,10438.869
ss-36-180000,1784538714161.1924,1784538714513,1784538717021.0,1784538717050.081,351.808,2508.0,29.081,1784537937021.0,2888.889
ss-37-180000,1784538712861.193,1784538713464,1784538717021.0,1784538717050.0823,602.807,3557.0,29.082,1784537937021.0,4188.889
ss-38-180000,1784538693661.1938,1784538694563,1784538717021.0,1784538717050.0964,901.806,22458.0,29.096,1784537937021.0,23388.903
ss-39-180000,1784538713611.1738,1784538714513,1784538717021.0,1784538717050.0994,901.826,2508.0,29.099,1784537937021.0,3438.926
ss-4-180000,1784538712011.1921,1784538712414,1784538717021.0,1784538717050.1052,402.808,4607.0,29.105,1784537937021.0,5038.913
ss-40-180000,1784538704811.199,1784538705063,1784538717021.0,1784538717050.1235,251.801,11958.0,29.124,1784537937021.0,12238.925
ss-41-180000,1784538710911.199,1784538711363,1784538717021.0,1784538717050.1333,451.801,5658.0,29.133,1784537937021.0,6138.934
ss-42-180000,1784538710611.2004,1784538711363,1784538717021.0,1784538717050.1345,751.8,5658.0,29.135,1784537937021.0,6438.934
ss-43-180000,1784538714911.212,1784538715564,1784538717021.0,1784538717050.1355,652.788,1457.0,29.135,1784537937021.0,2138.924
ss-44-180000,1784538714461.2092,1784538714513,1784538717021.0,1784538717050.1365,51.791,2508.0,29.136,1784537937021.0,2588.927
ss-45-180000,1784538714961.1968,1784538715564,1784538717021.0,1784538717050.1375,602.803,1457.0,29.137,1784537937021.0,2088.941
ss-46-180000,1784538713411.2031,1784538713464,1784538717021.0,1784538717050.1387,52.797,3557.0,29.139,1784537937021.0,3638.936
ss-47-180000,1784538707761.1943,1784538708213,1784538717022.0,1784538717050.1436,451.806,8809.0,28.144,1784537937022.0,9288.949
ss-48-180000,1784538708261.1921,1784538709263,1784538717022.0,1784538717050.1482,1001.808,7759.0,28.148,1784537937022.0,8788.956
ss-49-180000,1784538713811.2383,1784538714513,1784538717022.0,1784538717050.149,701.762,2509.0,28.149,1784537937022.0,3238.911
ss-5-180000,1784538712261.1943,1784538712414,1784538717022.0,1784538717050.2131,152.806,4608.0,28.213,1784537937022.0,4789.019
ss-50-180000,1784538711561.2026,1784538712414,1784538717022.0,1784538717050.2239,852.797,4608.0,28.224,1784537937022.0,5489.021
ss-51-180000,1784538710811.2026,1784538711363,1784538717022.0,1784538717050.2246,551.797,5659.0,28.225,1784537937022.0,6239.022
ss-52-180000,1784538712911.1914,1784538713464,1784538717022.0,1784538717050.2256,552.809,3558.0,28.226,1784537937022.0,4139.034
ss-53-180000,1784538705511.1978,1784538706113,1784538717022.0,1784538717050.2268,601.802,10909.0,28.227,1784537937022.0,11539.029
ss-54-180000,1784538711111.2136,1784538711363,1784538717022.0,1784538717050.2275,251.786,5659.0,28.228,1784537937022.0,5939.014
ss-55-180000,1784538711361.199,1784538711363,1784538717022.0,1784538717050.235,1.801,5659.0,28.235,1784537937022.0,5689.036
ss-56-180000,1784538714611.188,1784538715564,1784538717022.0,1784538717050.2363,952.812,1458.0,28.236,1784537937022.0,2439.048
ss-57-180000,1784538708511.198,1784538709263,1784538717022.0,1784538717050.2378,751.802,7759.0,28.238,1784537937022.0,8539.04
ss-58-180000,1784538713161.1973,1784538713464,1784538717022.0,1784538717050.2385,302.803,3558.0,28.239,1784537937022.0,3889.041
ss-59-180000,1784538712611.1472,1784538713464,1784538717022.0,1784538717050.2725,852.853,3558.0,28.272,1784537937022.0,4439.125
ss-6-180000,1784538710461.1934,1784538711363,1784538717023.0,1784538717050.2734,901.807,5660.0,27.273,1784537937023.0,6589.08
ss-60-180000,1784538713561.1965,1784538714513,1784538717023.0,1784538717050.2742,951.803,2510.0,27.274,1784537937023.0,3489.078
ss-61-180000,1784538705111.1978,1784538706113,1784538717023.0,1784538717050.2747,1001.802,10910.0,27.275,1784537937023.0,11939.077
ss-62-180000,1784538714111.1868,1784538714513,1784538717023.0,1784538717050.2754,401.813,2510.0,27.275,1784537937023.0,2939.089
ss-63-180000,1784538707311.197,1784538708213,1784538717023.0,1784538717050.3926,901.803,8810.0,27.393,1784537937023.0,9739.196
ss-64-180000,1784538711411.2,1784538712414,1784538717023.0,1784538717050.3948,1002.8,4609.0,27.395,1784537937023.0,5639.195
ss-65-180000,1784538713761.2024,1784538714513,1784538717023.0,1784538717050.3965,751.798,2510.0,27.396,1784537937023.0,3289.194
ss-66-180000,1784538714561.2024,1784538715564,1784538717023.0,1784538717050.3977,1002.798,1459.0,27.398,1784537937023.0,2489.195
ss-67-180000,1784538711261.2056,1784538711363,1784538717023.0,1784538717050.3987,101.794,5660.0,27.399,1784537937023.0,5789.193
ss-68-180000,1784538712661.1948,1784538713464,1784538717023.0,1784538717050.3997,802.805,3559.0,27.4,1784537937023.0,4389.205
ss-69-180000,1784538713111.1982,1784538713464,1784538717023.0,1784538717050.401,352.802,3559.0,27.401,1784537937023.0,3939.203
ss-7-180000,1784538714261.1973,1784538714513,1784538717023.0,1784538717050.4019,251.803,2510.0,27.402,1784537937023.0,2789.205
ss-70-180000,1784538714361.1968,1784538714513,1784538717023.0,1784538717050.403,151.803,2510.0,27.403,1784537937023.0,2689.206
ss-71-180000,1784538714061.2131,1784538714513,1784538717023.0,1784538717050.4048,451.787,2510.0,27.405,1784537937023.0,2989.192
ss-72-180000,1784538710711.2026,1784538711363,1784538717023.0,1784538717050.439,651.797,5660.0,27.439,1784537937023.0,6339.236
ss-73-180000,1784538709261.2068,1784538709263,1784538717023.0,1784538717050.44,1.793,7760.0,27.44,1784537937023.0,7789.233
ss-74-180000,1784538713861.2034,1784538714513,1784538717024.0,1784538717050.441,651.797,2511.0,26.441,1784537937024.0,3189.238
ss-75-180000,1784538709911.1963,1784538710314,1784538717024.0,1784538717050.4421,402.804,6710.0,26.442,1784537937024.0,7139.246
ss-76-180000,1784538710311.2012,1784538710314,1784538717024.0,1784538717050.443,2.799,6710.0,26.443,1784537937024.0,6739.242
ss-77-180000,1784538714411.1943,1784538714513,1784538717024.0,1784538717050.4844,101.806,2511.0,26.484,1784537937024.0,2639.29
ss-78-180000,1784538713511.1975,1784538714513,1784538717024.0,1784538717050.485,1001.802,2511.0,26.485,1784537937024.0,3539.288
ss-79-180000,1784538708761.197,1784538709263,1784538717024.0,1784538717050.486,501.803,7761.0,26.486,1784537937024.0,8289.289
ss-8-180000,1784538711311.208,1784538711363,1784538717024.0,1784538717050.487,51.792,5661.0,26.487,1784537937024.0,5739.279
ss-80-180000,1784538711161.1987,1784538711363,1784538717024.0,1784538717050.495,201.801,5661.0,26.495,1784537937024.0,5889.296
ss-81-180000,1784538710211.2004,1784538710314,1784538717024.0,1784538717050.5188,102.8,6710.0,26.519,1784537937024.0,6839.318
ss-82-180000,1784538711761.2078,1784538712414,1784538717024.0,1784538717050.5198,652.792,4610.0,26.52,1784537937024.0,5289.312
ss-83-180000,1784538702861.1958,1784538702963,1784538717024.0,1784538717050.573,101.804,14061.0,26.573,1784537937024.0,14189.377
ss-84-180000,1784538714511.2095,1784538714513,1784538717024.0,1784538717050.575,1.791,2511.0,26.575,1784537937024.0,2539.365
ss-85-180000,1784538710011.205,1784538710314,1784538717024.0,1784538717050.5764,302.795,6710.0,26.576,1784537937024.0,7039.371
ss-86-180000,1784538714811.1843,1784538715564,1784538717024.0,1784538717050.6167,752.816,1460.0,26.617,1784537937024.0,2239.432
ss-87-180000,1784538711011.201,1784538711363,1784538717024.0,1784538717050.6218,351.799,5661.0,26.622,1784537937024.0,6039.421
ss-88-180000,1784538713211.1985,1784538713464,1784538717024.0,1784538717050.6228,252.802,3560.0,26.623,1784537937024.0,3839.424
ss-89-180000,1784538709361.1914,1784538710314,1784538717024.0,1784538717050.6238,952.809,6710.0,26.624,1784537937024.0,7689.432
ss-9-180000,1784538703911.1975,1784538704013,1784538717024.0,1784538717050.6375,101.802,13011.0,26.637,1784537937024.0,13139.44
ss-90-180000,1784538706761.1992,1784538707163,1784538717024.0,1784538717050.639,401.801,9861.0,26.639,1784537937024.0,10289.44
ss-91-180000,1784538708211.1946,1784538708213,1784538717024.0,1784538717050.6404,1.805,8811.0,26.64,1784537937024.0,8839.446
ss-92-180000,1784538707061.1926,1784538707163,1784538717025.0,1784538717050.641,101.807,9862.0,25.641,1784537937025.0,9989.448
ss-93-180000,1784538708461.196,1784538709263,1784538717025.0,1784538717050.6528,801.804,7762.0,25.653,1784537937025.0,8589.457
ss-94-180000,1784538714661.1926,1784538715564,1784538717025.0,1784538717050.6538,902.807,1461.0,25.654,1784537937025.0,2389.461
ss-95-180000,1784538703661.235,1784538704013,1784538717025.0,1784538717050.6548,351.765,13012.0,25.655,1784537937025.0,13389.42
ss-96-180000,1784538708311.1968,1784538709263,1784538717025.0,1784538717050.6724,951.803,7762.0,25.672,1784537937025.0,8739.476
ss-97-180000,1784538709711.1963,1784538710314,1784538717025.0,1784538717050.6733,602.804,6711.0,25.673,1784537937025.0,7339.477
ss-98-180000,1784538706261.1943,1784538707163,1784538717025.0,1784538717050.674,901.806,9862.0,25.674,1784537937025.0,10789.48
ss-99-180000,1784538703711.2012,1784538704013,1784538717025.0,1784538717050.675,301.799,13012.0,25.675,1784537937025.0,13339.474
ss-0-240000,1784538722061.199,1784538722914,1784538726495.0,1784538726567.111,852.801,3581.0,72.111,1784537886495.0,4505.912
ss-1-240000,1784538720961.1758,1784538721863,1784538726496.0,1784538726567.1143,901.824,4633.0,71.114,1784537886496.0,5605.938
ss-10-240000,1784538706411.1907,1784538707163,1784538726496.0,1784538726567.116,751.809,19333.0,71.116,1784537886496.0,20155.925
ss-11-240000,1784538723811.193,1784538723963,1784538726496.0,1784538726567.1177,151.807,2533.0,71.118,1784537886496.0,2755.925
ss-12-240000,1784538721313.5486,1784538721863,1784538726496.0,1784538726567.1196,549.451,4633.0,71.12,1784537886496.0,5253.571
ss-13-240000,1784538715611.1924,1784538716613,1784538726496.0,1784538726567.125,1001.808,9883.0,71.125,1784537886496.0,10955.933
ss-14-240000,1784538723011.214,1784538723963,1784538726496.0,1784538726567.126,951.786,2533.0,71.126,1784537886496.0,3555.912
ss-15-240000,1784538723261.201,1784538723963,1784538726496.0,1784538726567.1272,701.799,2533.0,71.127,1784537886496.0,3305.926
ss-16-240000,1784538724511.195,1784538725013,1784538726496.0,1784538726567.1277,501.805,1483.0,71.128,1784537886496.0,2055.933
ss-17-240000,1784538711511.1992,1784538712414,1784538726496.0,1784538726567.1318,902.801,14082.0,71.132,1784537886496.0,15055.933
ss-18-240000,1784538720511.1946,1784538720813,1784538726496.0,1784538726567.133,301.805,5683.0,71.133,1784537886496.0,6055.938
ss-19-240000,1784538723711.193,1784538723963,1784538726496.0,1784538726567.1335,251.807,2533.0,71.134,1784537886496.0,2855.94
ss-2-240000,1784538722661.1973,1784538722914,1784538726496.0,1784538726567.134,252.803,3582.0,71.134,1784537886496.0,3905.937
ss-20-240000,1784538721911.1934,1784538722914,1784538726496.0,1784538726567.1348,1002.807,3582.0,71.135,1784537886496.0,4655.941
ss-21-240000,1784538721211.2078,1784538721863,1784538726496.0,1784538726567.1392,651.792,4633.0,71.139,1784537886496.0,5355.931
ss-22-240000,1784538722761.202,1784538722914,1784538726496.0,1784538726567.1401,152.798,3582.0,71.14,1784537886496.0,3805.938
ss-23-240000,1784538722861.2014,1784538722914,1784538726496.0,1784538726567.1406,52.799,3582.0,71.141,1784537886496.0,3705.939
ss-24-240000,1784538723411.1975,1784538723963,1784538726496.0,1784538726567.1414,551.802,2533.0,71.141,1784537886496.0,3155.944
ss-25-240000,1784538720411.1924,1784538720813,1784538726496.0,1784538726567.1418,401.808,5683.0,71.142,1784537886496.0,6155.949
ss-26-240000,1784538724411.2043,1784538725013,1784538726496.0,1784538726567.1423,601.796,1483.0,71.142,1784537886496.0,2155.938
ss-27-240000,1784538724861.2122,1784538725013,1784538726496.0,1784538726567.1462,151.788,1483.0,71.146,1784537886496.0,1705.934
ss-28-240000,1784538721861.1956,1784538721863,1784538726496.0,1784538726567.1467,1.804,4633.0,71.147,1784537886496.0,4705.951
ss-29-240000,1784538718011.201,1784538718713,1784538726496.0,1784538726567.1472,701.799,7783.0,71.147,1784537886496.0,8555.946
ss-3-240000,1784538720661.191,1784538720813,1784538726496.0,1784538726567.1477,151.809,5683.0,71.148,1784537886496.0,5905.957
ss-30-240000,1784538724011.1953,1784538725013,1784538726496.0,1784538726567.1482,1001.805,1483.0,71.148,1784537886496.0,2555.953
ss-31-240000,1784538724761.2053,1784538725013,1784538726496.0,1784538726567.1487,251.795,1483.0,71.149,1784537886496.0,1805.943
ss-32-240000,1784538722211.1936,1784538722914,1784538726496.0,1784538726567.1685,702.806,3582.0,71.168,1784537886496.0,4355.975
ss-33-240000,1784538705361.1946,1784538706113,1784538726496.0,1784538726567.1692,751.805,20383.0,71.169,1784537886496.0,21205.975
ss-34-240000,1784538723861.5605,1784538723963,1784538726497.0,1784538726567.1697,101.439,2534.0,70.17,1784537886497.0,2705.609
ss-35-240000,1784538715961.2004,1784538716613,1784538726497.0,1784538726567.1702,651.8,9884.0,70.17,1784537886497.0,10605.97
ss-36-240000,1784538723461.2117,1784538723963,1784538726497.0,1784538726567.1704,501.788,2534.0,70.17,1784537886497.0,3105.959
ss-37-240000,1784538722911.2002,1784538722914,1784538726497.0,1784538726567.171,2.8,3583.0,70.171,1784537886497.0,3655.971
ss-38-240000,1784538724311.1848,1784538725013,1784538726497.0,1784538726567.1714,701.815,1484.0,70.171,1784537886497.0,2255.987
ss-39-240000,1784538718761.1846,1784538719763,1784538726497.0,1784538726567.1719,1001.815,6734.0,70.172,1784537886497.0,7805.987
ss-4-240000,1784538723561.203,1784538723963,1784538726497.0,1784538726567.1724,401.797,2534.0,70.172,1784537886497.0,3005.969
ss-40-240000,1784538704811.199,1784538705063,1784538726497.0,1784538726567.1729,251.801,21434.0,70.173,1784537886497.0,21755.974
ss-41-240000,1784538721061.203,1784538721863,1784538726497.0,1784538726567.1736,801.797,4634.0,70.174,1784537886497.0,5505.971
ss-42-240000,1784538716961.214,1784538717664,1784538726497.0,1784538726567.1746,702.786,8833.0,70.175,1784537886497.0,9605.96
ss-43-240000,1784538723661.209,1784538723963,1784538726497.0,1784538726567.175,301.791,2534.0,70.175,1784537886497.0,2905.966
ss-44-240000,1784538723311.198,1784538723963,1784538726497.0,1784538726567.1755,651.802,2534.0,70.176,1784537886497.0,3255.978
ss-45-240000,1784538722811.1995,1784538722914,1784538726497.0,1784538726567.1807,102.801,3583.0,70.181,1784537886497.0,3755.981
ss-46-240000,1784538718711.1948,1784538718713,1784538726497.0,1784538726567.1816,1.805,7784.0,70.182,1784537886497.0,7855.987
ss-47-240000,1784538724711.2156,1784538725013,1784538726497.0,1784538726567.1821,301.784,1484.0,70.182,1784537886497.0,1855.967
ss-48-240000,1784538708261.1921,1784538709263,1784538726497.0,1784538726567.1826,1001.808,17234.0,70.183,1784537886497.0,18305.99
ss-49-240000,1784538723111.1995,1784538723963,1784538726497.0,1784538726567.183,851.801,2534.0,70.183,1784537886497.0,3455.984
ss-5-240000,1784538721711.2012,1784538721863,1784538726497.0,1784538726567.1833,151.799,4634.0,70.183,1784537886497.0,4855.982
ss-50-240000,1784538721611.2134,1784538721863,1784538726497.0,1784538726567.184,251.787,4634.0,70.184,1784537886497.0,4955.971
ss-51-240000,1784538724161.1943,1784538725013,1784538726497.0,1784538726567.1846,851.806,1484.0,70.185,1784537886497.0,2405.99
ss-52-240000,1784538722511.1958,1784538722914,1784538726497.0,1784538726567.1848,402.804,3583.0,70.185,1784537886497.0,4055.989
ss-53-240000,1784538722161.1982,1784538722914,1784538726497.0,1784538726567.1853,752.802,3583.0,70.185,1784537886497.0,4405.987
ss-54-240000,1784538717161.2131,1784538717664,1784538726497.0,1784538726567.1858,502.787,8833.0,70.186,1784537886497.0,9405.973
ss-55-240000,1784538720861.1907,1784538721863,1784538726497.0,1784538726567.1897,1001.809,4634.0,70.19,1784537886497.0,5705.999
ss-56-240000,1784538724661.1948,1784538725013,1784538726497.0,1784538726567.1995,351.805,1484.0,70.199,1784537886497.0,1906.005
ss-57-240000,1784538724461.1917,1784538725013,1784538726497.0,1784538726567.2007,551.808,1484.0,70.201,1784537886497.0,2106.009
ss-58-240000,1784538722111.1934,1784538722914,1784538726497.0,1784538726567.2012,802.807,3583.0,70.201,1784537886497.0,4456.008
ss-59-240000,1784538720811.54,1784538720813,1784538726497.0,1784538726567.2017,1.46,5684.0,70.202,1784537886497.0,5755.662
ss-6-240000,1784538721761.194,1784538721863,1784538726497.0,1784538726567.2021,101.806,4634.0,70.202,1784537886497.0,4806.008
ss-60-240000,1784538724361.195,1784538725013,1784538726497.0,1784538726567.2024,651.805,1484.0,70.202,1784537886497.0,2206.007
ss-61-240000,1784538705111.1978,1784538706113,1784538726497.0,1784538726567.203,1001.802,20384.0,70.203,1784537886497.0,21456.005
ss-62-240000,1784538714111.1868,1784538714513,1784538726498.0,1784538726567.2034,401.813,11985.0,69.203,1784537886498.0,12456.017
ss-63-240000,1784538722261.206,1784538722914,1784538726498.0,1784538726567.2039,652.794,3584.0,69.204,1784537886498.0,4305.998
ss-64-240000,1784538719261.1907,1784538719763,1784538726498.0,1784538726567.2092,501.809,6735.0,69.209,1784537886498.0,7306.019
ss-65-240000,1784538720611.19,1784538720813,1784538726498.0,1784538726567.2097,201.81,5685.0,69.21,1784537886498.0,5956.02
ss-66-240000,1784538720761.1858,1784538720813,1784538726498.0,1784538726567.2102,51.814,5685.0,69.21,1784537886498.0,5806.024
ss-67-240000,1784538711261.2056,1784538711363,1784538726498.0,1784538726567.214,101.794,15135.0,69.214,1784537886498.0,15306.009
ss-68-240000,1784538723061.1897,1784538723963,1784538726498.0,1784538726567.2146,901.81,2535.0,69.215,1784537886498.0,3506.025
ss-69-240000,1784538713111.1982,1784538713464,1784538726498.0,1784538726567.215,352.802,13034.0,69.215,1784537886498.0,13456.017
ss-7-240000,1784538720911.1917,1784538721863,1784538726498.0,1784538726567.2156,951.808,4635.0,69.216,1784537886498.0,5656.024
ss-70-240000,1784538719861.1995,1784538720813,1784538726498.0,1784538726567.3013,951.801,5685.0,69.301,1784537886498.0,6706.102
ss-71-240000,1784538722961.2004,1784538723963,1784538726498.0,1784538726567.3042,1001.8,2535.0,69.304,1784537886498.0,3606.104
ss-72-240000,1784538720211.1968,1784538720813,1784538726498.0,1784538726567.3052,601.803,5685.0,69.305,1784537886498.0,6356.108
ss-73-240000,1784538718211.193,1784538718713,1784538726498.0,1784538726567.3062,501.807,7785.0,69.306,1784537886498.0,8356.113
ss-74-240000,1784538724261.1858,1784538725013,1784538726498.0,1784538726567.307,751.814,1485.0,69.307,1784537886498.0,2306.121
ss-75-240000,1784538721961.2036,1784538722914,1784538726498.0,1784538726567.3079,952.796,3584.0,69.308,1784537886498.0,4606.104
ss-76-240000,1784538724611.1875,1784538725013,1784538726498.0,1784538726567.308,401.812,1485.0,69.308,1784537886498.0,1956.121
ss-77-240000,1784538724811.2024,1784538725013,1784538726498.0,1784538726567.3088,201.798,1485.0,69.309,1784537886498.0,1756.106
ss-78-240000,1784538715061.1992,1784538715564,1784538726498.0,1784538726567.3096,502.801,10934.0,69.31,1784537886498.0,11506.11
ss-79-240000,1784538717511.1946,1784538717664,1784538726498.0,1784538726567.3098,152.805,8834.0,69.31,1784537886498.0,9056.115
ss-8-240000,1784538723211.1917,1784538723963,1784538726498.0,1784538726567.3179,751.808,2535.0,69.318,1784537886498.0,3356.126
ss-80-240000,1784538724211.2014,1784538725013,1784538726498.0,1784538726567.3184,801.799,1485.0,69.318,1784537886498.0,2356.117
ss-81-240000,1784538710211.2004,1784538710314,1784538726498.0,1784538726567.3186,102.8,16184.0,69.319,1784537886498.0,16356.118
ss-82-240000,1784538720261.1873,1784538720813,1784538726498.0,1784538726567.3213,551.813,5685.0,69.321,1784537886498.0,6306.134
ss-83-240000,1784538718861.1943,1784538719763,1784538726498.0,1784538726567.3218,901.806,6735.0,69.322,1784537886498.0,7706.127
ss-84-240000,1784538714511.2095,1784538714513,1784538726498.0,1784538726567.4597,1.791,11985.0,69.46,1784537886498.0,12056.25
ss-85-240000,1784538723611.192,1784538723963,1784538726498.0,1784538726567.462,351.808,2535.0,69.462,1784537886498.0,2956.27
ss-86-240000,1784538724961.2153,1784538725013,1784538726498.0,1784538726567.4634,51.785,1485.0,69.463,1784537886498.0,1606.248
ss-87-240000,1784538717661.2065,1784538717664,1784538726498.0,1784538726567.4646,2.793,8834.0,69.465,1784537886498.0,8906.258
ss-88-240000,1784538719661.2046,1784538719763,1784538726498.0,1784538726567.4763,101.795,6735.0,69.476,1784537886498.0,6906.272
ss-89-240000,1784538709361.1914,1784538710314,1784538726498.0,1784538726567.4773,952.809,16184.0,69.477,1784537886498.0,17206.286
ss-9-240000,1784538720711.1968,1784538720813,1784538726498.0,1784538726567.4785,101.803,5685.0,69.479,1784537886498.0,5856.282
ss-90-240000,1784538724561.197,1784538725013,1784538726498.0,1784538726567.4795,451.803,1485.0,69.479,1784537886498.0,2006.282
ss-91-240000,1784538722611.2153,1784538722914,1784538726498.0,1784538726567.4805,302.785,3584.0,69.48,1784537886498.0,3956.265
ss-92-240000,1784538719611.2017,1784538719763,1784538726498.0,1784538726567.481,151.798,6735.0,69.481,1784537886498.0,6956.279
ss-93-240000,1784538708461.196,1784538709263,1784538726498.0,1784538726567.4824,801.804,17235.0,69.482,1784537886498.0,18106.286
ss-94-240000,1784538715211.1973,1784538715564,1784538726498.0,1784538726567.4832,352.803,10934.0,69.483,1784537886498.0,11356.286
ss-95-240000,1784538718561.1985,1784538718713,1784538726498.0,1784538726567.484,151.802,7785.0,69.484,1784537886498.0,8006.285
ss-96-240000,1784538724911.2153,1784538725013,1784538726498.0,1784538726567.485,101.785,1485.0,69.485,1784537886498.0,1656.27
ss-97-240000,1784538721661.2021,1784538721863,1784538726498.0,1784538726567.5237,201.798,4635.0,69.524,1784537886498.0,4906.322
ss-98-240000,1784538721011.196,1784538721863,1784538726498.0,1784538726567.525,851.804,4635.0,69.525,1784537886498.0,5556.329
ss-99-240000,1784538703711.2012,1784538704013,1784538726498.0,1784538726567.526,301.799,22485.0,69.526,1784537886498.0,22856.325
ss-0-300000,1784538722061.199,1784538722914,1784538726498.0,1784538726567.5266,852.801,3584.0,69.527,1784537826498.0,4506.328
ss-1-300000,1784538720961.1758,1784538721863,1784538726498.0,1784538726567.5276,901.824,4635.0,69.528,1784537826498.0,5606.352
ss-10-300000,1784538706411.1907,1784538707163,1784538726499.0,1784538726567.5288,751.809,19336.0,68.529,1784537826499.0,20156.338
ss-11-300000,1784538723811.193,1784538723963,1784538726499.0,1784538726567.5295,151.807,2536.0,68.53,1784537826499.0,2756.336
ss-12-300000,1784538721313.5486,1784538721863,1784538726499.0,1784538726567.5303,549.451,4636.0,68.53,1784537826499.0,5253.982
ss-13-300000,1784538715611.1924,1784538716613,1784538726499.0,1784538726567.531,1001.808,9886.0,68.531,1784537826499.0,10956.339
ss-14-300000,1784538723011.214,1784538723963,1784538726499.0,1784538726567.537,951.786,2536.0,68.537,1784537826499.0,3556.323
ss-15-300000,1784538723261.201,1784538723963,1784538726499.0,1784538726567.538,701.799,2536.0,68.538,1784537826499.0,3306.337
ss-16-300000,1784538724511.195,1784538725013,1784538726499.0,1784538726567.5388,501.805,1486.0,68.539,1784537826499.0,2056.344
ss-17-300000,1784538711511.1992,1784538712414,1784538726499.0,1784538726567.5398,902.801,14085.0,68.54,1784537826499.0,15056.341
ss-18-300000,1784538720511.1946,1784538720813,1784538726499.0,1784538726567.549,301.805,5686.0,68.549,1784537826499.0,6056.354
ss-19-300000,1784538723711.193,1784538723963,1784538726499.0,1784538726567.5498,251.807,2536.0,68.55,1784537826499.0,2856.357
ss-2-300000,1784538722661.1973,1784538722914,1784538726499.0,1784538726567.5828,252.803,3585.0,68.583,1784537826499.0,3906.385
ss-20-300000,1784538721911.1934,1784538722914,1784538726499.0,1784538726567.5835,1002.807,3585.0,68.583,1784537826499.0,4656.39
ss-21-300000,1784538721211.2078,1784538721863,1784538726499.0,1784538726567.589,651.792,4636.0,68.589,1784537826499.0,5356.381
ss-22-300000,1784538722761.202,1784538722914,1784538726499.0,1784538726567.59,152.798,3585.0,68.59,1784537826499.0,3806.388
ss-23-300000,1784538722861.2014,1784538722914,1784538726499.0,1784538726567.6187,52.799,3585.0,68.619,1784537826499.0,3706.417
ss-24-300000,1784538723411.1975,1784538723963,1784538726499.0,1784538726567.6194,551.802,2536.0,68.619,1784537826499.0,3156.422
ss-25-300000,1784538720411.1924,1784538720813,1784538726499.0,1784538726567.6204,401.808,5686.0,68.62,1784537826499.0,6156.428
ss-26-300000,1784538724411.2043,1784538725013,1784538726499.0,1784538726567.621,601.796,1486.0,68.621,1784537826499.0,2156.417
ss-27-300000,1784538724861.2122,1784538725013,1784538726499.0,1784538726567.6643,151.788,1486.0,68.664,1784537826499.0,1706.452
ss-28-300000,1784538721861.1956,1784538721863,1784538726499.0,1784538726567.67,1.804,4636.0,68.67,1784537826499.0,4706.474
ss-29-300000,1784538718011.201,1784538718713,1784538726499.0,1784538726567.671,701.799,7786.0,68.671,1784537826499.0,8556.47
ss-3-300000,1784538720661.191,1784538720813,1784538726499.0,1784538726567.6821,151.809,5686.0,68.682,1784537826499.0,5906.491
ss-30-300000,1784538724011.1953,1784538725013,1784538726499.0,1784538726567.6868,1001.805,1486.0,68.687,1784537826499.0,2556.491
ss-31-300000,1784538724761.2053,1784538725013,1784538726499.0,1784538726567.711,251.795,1486.0,68.711,1784537826499.0,1806.506
ss-32-300000,1784538722211.1936,1784538722914,1784538726499.0,1784538726567.712,702.806,3585.0,68.712,1784537826499.0,4356.518
ss-33-300000,1784538705361.1946,1784538706113,1784538726499.0,1784538726567.7126,751.805,20386.0,68.713,1784537826499.0,21206.518
ss-34-300000,1784538723861.5605,1784538723963,1784538726499.0,1784538726567.8035,101.439,2536.0,68.803,1784537826499.0,2706.243
ss-35-300000,1784538715961.2004,1784538716613,1784538726499.0,1784538726567.8054,651.8,9886.0,68.805,1784537826499.0,10606.605
ss-36-300000,1784538723461.2117,1784538723963,1784538726499.0,1784538726567.8064,501.788,2536.0,68.806,1784537826499.0,3106.595
ss-37-300000,1784538722911.2002,1784538722914,1784538726499.0,1784538726567.8074,2.8,3585.0,68.807,1784537826499.0,3656.607
ss-38-300000,1784538724311.1848,1784538725013,1784538726499.0,1784538726567.808,701.815,1486.0,68.808,1784537826499.0,2256.623
ss-39-300000,1784538718761.1846,1784538719763,1784538726499.0,1784538726567.8472,1001.815,6736.0,68.847,1784537826499.0,7806.663
ss-4-300000,1784538723561.203,1784538723963,1784538726499.0,1784538726567.848,401.797,2536.0,68.848,1784537826499.0,3006.645
ss-40-300000,1784538704811.199,1784538705063,1784538726499.0,1784538726567.8486,251.801,21436.0,68.849,1784537826499.0,21756.65
ss-41-300000,1784538721061.203,1784538721863,1784538726499.0,1784538726567.8494,801.797,4636.0,68.849,1784537826499.0,5506.646
ss-42-300000,1784538716961.214,1784538717664,1784538726499.0,1784538726567.8503,702.786,8835.0,68.85,1784537826499.0,9606.636
ss-43-300000,1784538723661.209,1784538723963,1784538726499.0,1784538726567.892,301.791,2536.0,68.892,1784537826499.0,2906.683
ss-44-300000,1784538723311.198,1784538723963,1784538726499.0,1784538726567.893,651.802,2536.0,68.893,1784537826499.0,3256.695
ss-45-300000,1784538722811.1995,1784538722914,1784538726499.0,1784538726567.8938,102.801,3585.0,68.894,1784537826499.0,3756.694
ss-46-300000,1784538718711.1948,1784538718713,1784538726499.0,1784538726567.9043,1.805,7786.0,68.904,1784537826499.0,7856.709
ss-47-300000,1784538724711.2156,1784538725013,1784538726499.0,1784538726567.9846,301.784,1486.0,68.985,1784537826499.0,1856.769
ss-48-300000,1784538708261.1921,1784538709263,1784538726499.0,1784538726567.9863,1001.808,17236.0,68.986,1784537826499.0,18306.794
ss-49-300000,1784538723111.1995,1784538723963,1784538726499.0,1784538726567.9873,851.801,2536.0,68.987,1784537826499.0,3456.788
ss-5-300000,1784538721711.2012,1784538721863,1784538726499.0,1784538726567.988,151.799,4636.0,68.988,1784537826499.0,4856.787
ss-50-300000,1784538721611.2134,1784538721863,1784538726499.0,1784538726567.9885,251.787,4636.0,68.989,1784537826499.0,4956.775
ss-51-300000,1784538724161.1943,1784538725013,1784538726499.0,1784538726567.9888,851.806,1486.0,68.989,1784537826499.0,2406.794
ss-52-300000,1784538722511.1958,1784538722914,1784538726500.0,1784538726567.9897,402.804,3586.0,67.99,1784537826500.0,4056.794
ss-53-300000,1784538722161.1982,1784538722914,1784538726500.0,1784538726568.0142,752.802,3586.0,68.014,1784537826500.0,4406.816
ss-54-300000,1784538717161.2131,1784538717664,1784538726500.0,1784538726568.0193,502.787,8836.0,68.019,1784537826500.0,9406.806
ss-55-300000,1784538720861.1907,1784538721863,1784538726500.0,1784538726568.0198,1001.809,4637.0,68.02,1784537826500.0,5706.829
ss-56-300000,1784538724661.1948,1784538725013,1784538726500.0,1784538726568.0205,351.805,1487.0,68.021,1784537826500.0,1906.826
ss-57-300000,1784538724461.1917,1784538725013,1784538726500.0,1784538726568.0215,551.808,1487.0,68.021,1784537826500.0,2106.83
ss-58-300000,1784538722111.1934,1784538722914,1784538726500.0,1784538726568.022,802.807,3586.0,68.022,1784537826500.0,4456.829
ss-59-300000,1784538720811.54,1784538720813,1784538726500.0,1784538726568.0227,1.46,5687.0,68.023,1784537826500.0,5756.483
ss-6-300000,1784538721761.194,1784538721863,1784538726500.0,1784538726568.023,101.806,4637.0,68.023,1784537826500.0,4806.829
ss-60-300000,1784538724361.195,1784538725013,1784538726500.0,1784538726568.0247,651.805,1487.0,68.025,1784537826500.0,2206.83
ss-61-300000,1784538705111.1978,1784538706113,1784538726500.0,1784538726568.029,1001.802,20387.0,68.029,1784537826500.0,21456.831
ss-62-300000,1784538714111.1868,1784538714513,1784538726500.0,1784538726568.0295,401.813,11987.0,68.03,1784537826500.0,12456.843
ss-63-300000,1784538722261.206,1784538722914,1784538726500.0,1784538726568.0337,652.794,3586.0,68.034,1784537826500.0,4306.828
ss-64-300000,1784538719261.1907,1784538719763,1784538726500.0,1784538726568.0342,501.809,6737.0,68.034,1784537826500.0,7306.844
ss-65-300000,1784538720611.19,1784538720813,1784538726500.0,1784538726568.079,201.81,5687.0,68.079,1784537826500.0,5956.889
ss-66-300000,1784538720761.1858,1784538720813,1784538726500.0,1784538726568.08,51.814,5687.0,68.08,1784537826500.0,5806.894
ss-67-300000,1784538711261.2056,1784538711363,1784538726500.0,1784538726568.0806,101.794,15137.0,68.081,1784537826500.0,15306.875
ss-68-300000,1784538723061.1897,1784538723963,1784538726500.0,1784538726568.1055,901.81,2537.0,68.105,1784537826500.0,3506.916
ss-69-300000,1784538713111.1982,1784538713464,1784538726500.0,1784538726568.1064,352.802,13036.0,68.106,1784537826500.0,13456.908
ss-7-300000,1784538720911.1917,1784538721863,1784538726500.0,1784538726568.107,951.808,4637.0,68.107,1784537826500.0,5656.915
ss-70-300000,1784538719861.1995,1784538720813,1784538726500.0,1784538726568.172,951.801,5687.0,68.172,1784537826500.0,6706.973
ss-71-300000,1784538722961.2004,1784538723963,1784538726500.0,1784538726568.1733,1001.8,2537.0,68.173,1784537826500.0,3606.973
ss-72-300000,1784538720211.1968,1784538720813,1784538726500.0,1784538726568.1738,601.803,5687.0,68.174,1784537826500.0,6356.977
ss-73-300000,1784538718211.193,1784538718713,1784538726500.0,1784538726568.174,501.807,7787.0,68.174,1784537826500.0,8356.981
ss-74-300000,1784538724261.1858,1784538725013,1784538726500.0,1784538726568.4539,751.814,1487.0,68.454,1784537826500.0,2307.268
ss-75-300000,1784538721961.2036,1784538722914,1784538726500.0,1784538726568.4563,952.796,3586.0,68.456,1784537826500.0,4607.253
ss-76-300000,1784538724611.1875,1784538725013,1784538726500.0,1784538726568.4575,401.812,1487.0,68.458,1784537826500.0,1957.27
ss-77-300000,1784538724811.2024,1784538725013,1784538726500.0,1784538726568.4587,201.798,1487.0,68.459,1784537826500.0,1757.256
ss-78-300000,1784538715061.1992,1784538715564,1784538726500.0,1784538726568.46,502.801,10936.0,68.46,1784537826500.0,11507.261
ss-79-300000,1784538717511.1946,1784538717664,1784538726500.0,1784538726568.4724,152.805,8836.0,68.472,1784537826500.0,9057.278
ss-8-300000,1784538723211.1917,1784538723963,1784538726500.0,1784538726568.4734,751.808,2537.0,68.473,1784537826500.0,3357.282
ss-80-300000,1784538724211.2014,1784538725013,1784538726500.0,1784538726568.4744,801.799,1487.0,68.474,1784537826500.0,2357.273
ss-81-300000,1784538710211.2004,1784538710314,1784538726500.0,1784538726568.4827,102.8,16186.0,68.483,1784537826500.0,16357.282
ss-82-300000,1784538720261.1873,1784538720813,1784538726500.0,1784538726568.4841,551.813,5687.0,68.484,1784537826500.0,6307.297
ss-83-300000,1784538718861.1943,1784538719763,1784538726500.0,1784538726568.4854,901.806,6737.0,68.485,1784537826500.0,7707.291
ss-84-300000,1784538714511.2095,1784538714513,1784538726500.0,1784538726568.5469,1.791,11987.0,68.547,1784537826500.0,12057.337
ss-85-300000,1784538723611.192,1784538723963,1784538726500.0,1784538726568.558,351.808,2537.0,68.558,1784537826500.0,2957.366
ss-86-300000,1784538724961.2153,1784538725013,1784538726500.0,1784538726568.5593,51.785,1487.0,68.559,1784537826500.0,1607.344
ss-87-300000,1784538717661.2065,1784538717664,1784538726500.0,1784538726568.5605,2.793,8836.0,68.561,1784537826500.0,8907.354
ss-88-300000,1784538719661.2046,1784538719763,1784538726500.0,1784538726568.6116,101.795,6737.0,68.612,1784537826500.0,6907.407
ss-89-300000,1784538709361.1914,1784538710314,1784538726500.0,1784538726568.6135,952.809,16186.0,68.614,1784537826500.0,17207.422
ss-9-300000,1784538720711.1968,1784538720813,1784538726500.0,1784538726568.6145,101.803,5687.0,68.615,1784537826500.0,5857.418
ss-90-300000,1784538724561.197,1784538725013,1784538726500.0,1784538726568.6208,451.803,1487.0,68.621,1784537826500.0,2007.424
ss-91-300000,1784538722611.2153,1784538722914,1784538726500.0,1784538726568.6917,302.785,3586.0,68.692,1784537826500.0,3957.476
ss-92-300000,1784538719611.2017,1784538719763,1784538726500.0,1784538726568.693,151.798,6737.0,68.693,1784537826500.0,6957.491
ss-93-300000,1784538708461.196,1784538709263,1784538726500.0,1784538726568.6943,801.804,17237.0,68.694,1784537826500.0,18107.498
ss-94-300000,1784538715211.1973,1784538715564,1784538726500.0,1784538726568.695,352.803,10936.0,68.695,1784537826500.0,11357.498
ss-95-300000,1784538718561.1985,1784538718713,1784538726501.0,1784538726568.7158,151.802,7788.0,67.716,1784537826501.0,8007.517
ss-96-300000,1784538724911.2153,1784538725013,1784538726501.0,1784538726568.7168,101.785,1488.0,67.717,1784537826501.0,1657.501
ss-97-300000,1784538721661.2021,1784538721863,1784538726501.0,1784538726568.7173,201.798,4638.0,67.717,1784537826501.0,4907.515
ss-98-300000,1784538721011.196,1784538721863,1784538726501.0,1784538726568.7183,851.804,4638.0,67.718,1784537826501.0,5557.522
ss-99-300000,1784538703711.2012,1784538704013,1784538726501.0,1784538726568.7188,301.799,22488.0,67.719,1784537826501.0,22857.518
ss-0-360000,1784538722061.199,1784538722914,1784538726501.0,1784538726568.724,852.801,3587.0,67.724,1784537766501.0,4507.525
ss-1-360000,1784538720961.1758,1784538721863,1784538726501.0,1784538726568.7246,901.824,4638.0,67.725,1784537766501.0,5607.549
ss-10-360000,1784538706411.1907,1784538707163,1784538726501.0,1784538726568.7366,751.809,19338.0,67.737,1784537766501.0,20157.546
ss-11-360000,1784538723811.193,1784538723963,1784538726501.0,1784538726568.7373,151.807,2538.0,67.737,1784537766501.0,2757.544
ss-12-360000,1784538721313.5486,1784538721863,1784538726501.0,1784538726568.7432,549.451,4638.0,67.743,1784537766501.0,5255.195
ss-13-360000,1784538715611.1924,1784538716613,1784538726501.0,1784538726568.747,1001.808,9888.0,67.747,1784537766501.0,10957.555
ss-14-360000,1784538723011.214,1784538723963,1784538726501.0,1784538726568.759,951.786,2538.0,67.759,1784537766501.0,3557.545
ss-15-360000,1784538723261.201,1784538723963,1784538726501.0,1784538726568.8281,701.799,2538.0,67.828,1784537766501.0,3307.627
ss-16-360000,1784538724511.195,1784538725013,1784538726501.0,1784538726568.8298,501.805,1488.0,67.83,1784537766501.0,2057.635
ss-17-360000,1784538711511.1992,1784538712414,1784538726501.0,1784538726568.8381,902.801,14087.0,67.838,1784537766501.0,15057.639
ss-18-360000,1784538720511.1946,1784538720813,1784538726501.0,1784538726568.8423,301.805,5688.0,67.842,1784537766501.0,6057.648
ss-19-360000,1784538723711.193,1784538723963,1784538726501.0,1784538726568.9753,251.807,2538.0,67.975,1784537766501.0,2857.782
ss-2-360000,1784538722661.1973,1784538722914,1784538726501.0,1784538726569.0437,252.803,3587.0,68.044,1784537766501.0,3907.846
ss-20-360000,1784538721911.1934,1784538722914,1784538726501.0,1784538726569.0452,1002.807,3587.0,68.045,1784537766501.0,4657.852
ss-21-360000,1784538721211.2078,1784538721863,1784538726501.0,1784538726569.0461,651.792,4638.0,68.046,1784537766501.0,5357.838
ss-22-360000,1784538722761.202,1784538722914,1784538726501.0,1784538726569.047,152.798,3587.0,68.047,1784537766501.0,3807.845
ss-23-360000,1784538722861.2014,1784538722914,1784538726501.0,1784538726569.0483,52.799,3587.0,68.048,1784537766501.0,3707.847
ss-24-360000,1784538723411.1975,1784538723963,1784538726501.0,1784538726569.0493,551.802,2538.0,68.049,1784537766501.0,3157.852
ss-25-360000,1784538720411.1924,1784538720813,1784538726501.0,1784538726569.0503,401.808,5688.0,68.05,1784537766501.0,6157.858
ss-26-360000,1784538724411.2043,1784538725013,1784538726501.0,1784538726569.051,601.796,1488.0,68.051,1784537766501.0,2157.847
ss-27-360000,1784538724861.2122,1784538725013,1784538726501.0,1784538726569.0579,151.788,1488.0,68.058,1784537766501.0,1707.846
ss-28-360000,1784538721861.1956,1784538721863,1784538726501.0,1784538726569.0642,1.804,4638.0,68.064,1784537766501.0,4707.869
ss-29-360000,1784538718011.201,1784538718713,1784538726501.0,1784538726569.065,701.799,7788.0,68.065,1784537766501.0,8557.864
ss-3-360000,1784538720661.191,1784538720813,1784538726501.0,1784538726569.0662,151.809,5688.0,68.066,1784537766501.0,5907.875
ss-30-360000,1784538724011.1953,1784538725013,1784538726501.0,1784538726569.0674,1001.805,1488.0,68.067,1784537766501.0,2557.872
ss-31-360000,1784538724761.2053,1784538725013,1784538726501.0,1784538726569.0862,251.795,1488.0,68.086,1784537766501.0,1807.881
ss-32-360000,1784538722211.1936,1784538722914,1784538726501.0,1784538726569.0872,702.806,3587.0,68.087,1784537766501.0,4357.894
ss-33-360000,1784538705361.1946,1784538706113,1784538726501.0,1784538726569.0881,751.805,20388.0,68.088,1784537766501.0,21207.894
ss-34-360000,1784538723861.5605,1784538723963,1784538726501.0,1784538726569.0889,101.439,2538.0,68.089,1784537766501.0,2707.528
ss-35-360000,1784538715961.2004,1784538716613,1784538726501.0,1784538726569.0972,651.8,9888.0,68.097,1784537766501.0,10607.897
ss-36-360000,1784538723461.2117,1784538723963,1784538726501.0,1784538726569.0984,501.788,2538.0,68.098,1784537766501.0,3107.887
ss-37-360000,1784538722911.2002,1784538722914,1784538726501.0,1784538726569.1057,2.8,3587.0,68.106,1784537766501.0,3657.906
ss-38-360000,1784538724311.1848,1784538725013,1784538726501.0,1784538726569.1067,701.815,1488.0,68.107,1784537766501.0,2257.922
ss-39-360000,1784538718761.1846,1784538719763,1784538726501.0,1784538726569.1619,1001.815,6738.0,68.162,1784537766501.0,7807.977
ss-4-360000,1784538723561.203,1784538723963,1784538726501.0,1784538726569.163,401.797,2538.0,68.163,1784537766501.0,3007.96
ss-40-360000,1784538704811.199,1784538705063,1784538726501.0,1784538726569.241,251.801,21438.0,68.241,1784537766501.0,21758.042
ss-41-360000,1784538721061.203,1784538721863,1784538726501.0,1784538726569.2424,801.797,4638.0,68.242,1784537766501.0,5508.04
ss-42-360000,1784538716961.214,1784538717664,1784538726501.0,1784538726569.2434,702.786,8837.0,68.243,1784537766501.0,9608.029
ss-43-360000,1784538723661.209,1784538723963,1784538726501.0,1784538726569.2517,301.791,2538.0,68.252,1784537766501.0,2908.043
ss-44-360000,1784538723311.198,1784538723963,1784538726502.0,1784538726569.2527,651.802,2539.0,67.253,1784537766502.0,3258.055
ss-45-360000,1784538722811.1995,1784538722914,1784538726502.0,1784538726569.2537,102.801,3588.0,67.254,1784537766502.0,3758.054
ss-46-360000,1784538718711.1948,1784538718713,1784538726502.0,1784538726569.2693,1.805,7789.0,67.269,1784537766502.0,7858.074
ss-47-360000,1784538724711.2156,1784538725013,1784538726502.0,1784538726569.2769,301.784,1489.0,67.277,1784537766502.0,1858.061
ss-48-360000,1784538708261.1921,1784538709263,1784538726502.0,1784538726569.2778,1001.808,17239.0,67.278,1784537766502.0,18308.086
ss-49-360000,1784538723111.1995,1784538723963,1784538726502.0,1784538726569.2786,851.801,2539.0,67.279,1784537766502.0,3458.079
ss-5-360000,1784538721711.2012,1784538721863,1784538726502.0,1784538726569.2793,151.799,4639.0,67.279,1784537766502.0,4858.078
ss-50-360000,1784538721611.2134,1784538721863,1784538726502.0,1784538726569.3162,251.787,4639.0,67.316,1784537766502.0,4958.103
ss-51-360000,1784538724161.1943,1784538725013,1784538726502.0,1784538726569.3174,851.806,1489.0,67.317,1784537766502.0,2408.123
ss-52-360000,1784538722511.1958,1784538722914,1784538726502.0,1784538726569.318,402.804,3588.0,67.318,1784537766502.0,4058.122
ss-53-360000,1784538722161.1982,1784538722914,1784538726502.0,1784538726569.3188,752.802,3588.0,67.319,1784537766502.0,4408.121
ss-54-360000,1784538717161.2131,1784538717664,1784538726502.0,1784538726569.3438,502.787,8838.0,67.344,1784537766502.0,9408.131
ss-55-360000,1784538720861.1907,1784538721863,1784538726502.0,1784538726569.3447,1001.809,4639.0,67.345,1784537766502.0,5708.154
ss-56-360000,1784538724661.1948,1784538725013,1784538726502.0,1784538726569.3516,351.805,1489.0,67.352,1784537766502.0,1908.157
ss-57-360000,1784538724461.1917,1784538725013,1784538726502.0,1784538726569.353,551.808,1489.0,67.353,1784537766502.0,2108.161
ss-58-360000,1784538722111.1934,1784538722914,1784538726502.0,1784538726569.3599,802.807,3588.0,67.36,1784537766502.0,4458.167
ss-59-360000,1784538720811.54,1784538720813,1784538726502.0,1784538726569.4407,1.46,5689.0,67.441,1784537766502.0,5757.901
ss-6-360000,1784538721761.194,1784538721863,1784538726502.0,1784538726569.4421,101.806,4639.0,67.442,1784537766502.0,4808.248
ss-60-360000,1784538724361.195,1784538725013,1784538726502.0,1784538726569.4429,651.805,1489.0,67.443,1784537766502.0,2208.248
ss-61-360000,1784538705111.1978,1784538706113,1784538726502.0,1784538726569.4436,1001.802,20389.0,67.444,1784537766502.0,21458.246
ss-62-360000,1784538714111.1868,1784538714513,1784538726502.0,1784538726569.4443,401.813,11989.0,67.444,1784537766502.0,12458.258
ss-63-360000,1784538722261.206,1784538722914,1784538726502.0,1784538726569.4453,652.794,3588.0,67.445,1784537766502.0,4308.239
ss-64-360000,1784538719261.1907,1784538719763,1784538726502.0,1784538726569.4456,501.809,6739.0,67.446,1784537766502.0,7308.255
ss-65-360000,1784538720611.19,1784538720813,1784538726502.0,1784538726569.446,201.81,5689.0,67.446,1784537766502.0,5958.256
ss-66-360000,1784538720761.1858,1784538720813,1784538726502.0,1784538726569.4514,51.814,5689.0,67.451,1784537766502.0,5808.266
ss-67-360000,1784538711261.2056,1784538711363,1784538726502.0,1784538726569.4565,101.794,15139.0,67.457,1784537766502.0,15308.251
ss-68-360000,1784538723061.1897,1784538723963,1784538726502.0,1784538726569.4573,901.81,2539.0,67.457,1784537766502.0,3508.268
ss-69-360000,1784538713111.1982,1784538713464,1784538726502.0,1784538726569.4578,352.802,13038.0,67.458,1784537766502.0,13458.26
ss-7-360000,1784538720911.1917,1784538721863,1784538726502.0,1784538726569.458,951.808,4639.0,67.458,1784537766502.0,5658.266
ss-70-360000,1784538719861.1995,1784538720813,1784538726502.0,1784538726569.4639,951.801,5689.0,67.464,1784537766502.0,6708.264
ss-71-360000,1784538722961.2004,1784538723963,1784538726502.0,1784538726569.4692,1001.8,2539.0,67.469,1784537766502.0,3608.269
ss-72-360000,1784538720211.1968,1784538720813,1784538726502.0,1784538726569.4695,601.803,5689.0,67.469,1784537766502.0,6358.273
ss-73-360000,1784538718211.193,1784538718713,1784538726502.0,1784538726569.4812,501.807,7789.0,67.481,1784537766502.0,8358.288
ss-74-360000,1784538724261.1858,1784538725013,1784538726502.0,1784538726569.484,751.814,1489.0,67.484,1784537766502.0,2308.298
ss-75-360000,1784538721961.2036,1784538722914,1784538726502.0,1784538726569.4841,952.796,3588.0,67.484,1784537766502.0,4608.281
ss-76-360000,1784538724611.1875,1784538725013,1784538726502.0,1784538726569.5574,401.812,1489.0,67.557,1784537766502.0,1958.37
ss-77-360000,1784538724811.2024,1784538725013,1784538726502.0,1784538726569.559,201.798,1489.0,67.559,1784537766502.0,1758.357
ss-78-360000,1784538715061.1992,1784538715564,1784538726502.0,1784538726569.5703,502.801,10938.0,67.57,1784537766502.0,11508.371
ss-79-360000,1784538717511.1946,1784538717664,1784538726502.0,1784538726569.571,152.805,8838.0,67.571,1784537766502.0,9058.376
ss-8-360000,1784538723211.1917,1784538723963,1784538726502.0,1784538726569.572,751.808,2539.0,67.572,1784537766502.0,3358.38
ss-80-360000,1784538724211.2014,1784538725013,1784538726502.0,1784538726569.5728,801.799,1489.0,67.573,1784537766502.0,2358.371
ss-81-360000,1784538710211.2004,1784538710314,1784538726502.0,1784538726569.5823,102.8,16188.0,67.582,1784537766502.0,16358.382
ss-82-360000,1784538720261.1873,1784538720813,1784538726502.0,1784538726569.5903,551.813,5689.0,67.59,1784537766502.0,6308.403
ss-83-360000,1784538718861.1943,1784538719763,1784538726502.0,1784538726569.5916,901.806,6739.0,67.592,1784537766502.0,7708.397
ss-84-360000,1784538714511.2095,1784538714513,1784538726502.0,1784538726569.5923,1.791,11989.0,67.592,1784537766502.0,12058.383
ss-85-360000,1784538723611.192,1784538723963,1784538726502.0,1784538726569.6055,351.808,2539.0,67.605,1784537766502.0,2958.414
ss-86-360000,1784538724961.2153,1784538725013,1784538726502.0,1784538726569.6064,51.785,1489.0,67.606,1784537766502.0,1608.391
ss-87-360000,1784538717661.2065,1784538717664,1784538726502.0,1784538726569.6902,2.793,8838.0,67.69,1784537766502.0,8908.484
ss-88-360000,1784538719661.2046,1784538719763,1784538726502.0,1784538726569.6924,101.795,6739.0,67.692,1784537766502.0,6908.488
ss-89-360000,1784538709361.1914,1784538710314,1784538726502.0,1784538726569.6934,952.809,16188.0,67.693,1784537766502.0,17208.502
ss-9-360000,1784538720711.1968,1784538720813,1784538726502.0,1784538726569.6946,101.803,5689.0,67.695,1784537766502.0,5858.498
ss-90-360000,1784538724561.197,1784538725013,1784538726502.0,1784538726569.6953,451.803,1489.0,67.695,1784537766502.0,2008.498
ss-91-360000,1784538722611.2153,1784538722914,1784538726502.0,1784538726569.706,302.785,3588.0,67.706,1784537766502.0,3958.491
ss-92-360000,1784538719611.2017,1784538719763,1784538726502.0,1784538726569.7378,151.798,6739.0,67.738,1784537766502.0,6958.536
ss-93-360000,1784538708461.196,1784538709263,1784538726502.0,1784538726569.74,801.804,17239.0,67.74,1784537766502.0,18108.544
ss-94-360000,1784538715211.1973,1784538715564,1784538726502.0,1784538726569.7463,352.803,10938.0,67.746,1784537766502.0,11358.549
ss-95-360000,1784538718561.1985,1784538718713,1784538726502.0,1784538726569.747,151.802,7789.0,67.747,1784537766502.0,8008.549
ss-96-360000,1784538724911.2153,1784538725013,1784538726502.0,1784538726569.7515,101.785,1489.0,67.751,1784537766502.0,1658.536
ss-97-360000,1784538721661.2021,1784538721863,1784538726503.0,1784538726569.7524,201.798,4640.0,66.752,1784537766503.0,4908.55
ss-98-360000,1784538721011.196,1784538721863,1784538726503.0,1784538726569.7532,851.804,4640.0,66.753,1784537766503.0,5558.557
ss-99-360000,1784538703711.2012,1784538704013,1784538726503.0,1784538726569.754,301.799,22490.0,66.754,1784537766503.0,22858.553
ss-0-420000,1784538722061.199,1784538722914,1784538726503.0,1784538726569.7627,852.801,3589.0,66.763,1784537706503.0,4508.564
ss-1-420000,1784538720961.1758,1784538721863,1784538726503.0,1784538726569.7637,901.824,4640.0,66.764,1784537706503.0,5608.588
ss-10-420000,1784538706411.1907,1784538707163,1784538726503.0,1784538726569.7644,751.809,19340.0,66.764,1784537706503.0,20158.574
ss-11-420000,1784538723811.193,1784538723963,1784538726503.0,1784538726569.7712,151.807,2540.0,66.771,1784537706503.0,2758.578
ss-12-420000,1784538721313.5486,1784538721863,1784538726503.0,1784538726569.772,549.451,4640.0,66.772,1784537706503.0,5256.223
ss-13-420000,1784538715611.1924,1784538716613,1784538726503.0,1784538726569.7776,1001.808,9890.0,66.778,1784537706503.0,10958.585
ss-14-420000,1784538723011.214,1784538723963,1784538726503.0,1784538726569.778,951.786,2540.0,66.778,1784537706503.0,3558.564
ss-15-420000,1784538723261.201,1784538723963,1784538726503.0,1784538726569.8018,701.799,2540.0,66.802,1784537706503.0,3308.601
ss-16-420000,1784538724511.195,1784538725013,1784538726503.0,1784538726569.8025,501.805,1490.0,66.802,1784537706503.0,2058.607
ss-17-420000,1784538711511.1992,1784538712414,1784538726503.0,1784538726569.8027,902.801,14089.0,66.803,1784537706503.0,15058.604
ss-18-420000,1784538720511.1946,1784538720813,1784538726503.0,1784538726569.8037,301.805,5690.0,66.804,1784537706503.0,6058.609
ss-19-420000,1784538723711.193,1784538723963,1784538726503.0,1784538726569.8093,251.807,2540.0,66.809,1784537706503.0,2858.616
ss-2-420000,1784538722661.1973,1784538722914,1784538726503.0,1784538726569.8616,252.803,3589.0,66.862,1784537706503.0,3908.664
ss-20-420000,1784538721911.1934,1784538722914,1784538726503.0,1784538726569.8625,1002.807,3589.0,66.863,1784537706503.0,4658.669
ss-21-420000,1784538721211.2078,1784538721863,1784538726503.0,1784538726569.8635,651.792,4640.0,66.864,1784537706503.0,5358.656
ss-22-420000,1784538722761.202,1784538722914,1784538726503.0,1784538726569.87,152.798,3589.0,66.87,1784537706503.0,3808.668
ss-23-420000,1784538722861.2014,1784538722914,1784538726503.0,1784538726569.871,52.799,3589.0,66.871,1784537706503.0,3708.67
ss-24-420000,1784538723411.1975,1784538723963,1784538726503.0,1784538726569.8787,551.802,2540.0,66.879,1784537706503.0,3158.681
ss-25-420000,1784538720411.1924,1784538720813,1784538726503.0,1784538726569.8794,401.808,5690.0,66.879,1784537706503.0,6158.687
ss-26-420000,1784538724411.2043,1784538725013,1784538726503.0,1784538726569.8804,601.796,1490.0,66.88,1784537706503.0,2158.676
ss-27-420000,1784538724861.2122,1784538725013,1784538726503.0,1784538726569.9014,151.788,1490.0,66.901,1784537706503.0,1708.689
ss-28-420000,1784538721861.1956,1784538721863,1784538726503.0,1784538726569.9023,1.804,4640.0,66.902,1784537706503.0,4708.707
ss-29-420000,1784538718011.201,1784538718713,1784538726503.0,1784538726569.909,701.799,7790.0,66.909,1784537706503.0,8558.708
ss-3-420000,1784538720661.191,1784538720813,1784538726503.0,1784538726569.9097,151.809,5690.0,66.91,1784537706503.0,5908.719
ss-30-420000,1784538724011.1953,1784538725013,1784538726503.0,1784538726569.9297,1001.805,1490.0,66.93,1784537706503.0,2558.734
ss-31-420000,1784538724761.2053,1784538725013,1784538726503.0,1784538726569.9304,251.795,1490.0,66.93,1784537706503.0,1808.725
ss-32-420000,1784538722211.1936,1784538722914,1784538726503.0,1784538726569.9521,702.806,3589.0,66.952,1784537706503.0,4358.759
ss-33-420000,1784538705361.1946,1784538706113,1784538726503.0,1784538726569.953,751.805,20390.0,66.953,1784537706503.0,21208.758
ss-34-420000,1784538723861.5605,1784538723963,1784538726503.0,1784538726569.9592,101.439,2540.0,66.959,1784537706503.0,2708.399
ss-35-420000,1784538715961.2004,1784538716613,1784538726503.0,1784538726569.9656,651.8,9890.0,66.966,1784537706503.0,10608.765
ss-36-420000,1784538723461.2117,1784538723963,1784538726503.0,1784538726569.9766,501.788,2540.0,66.977,1784537706503.0,3108.765
ss-37-420000,1784538722911.2002,1784538722914,1784538726503.0,1784538726570.0215,2.8,3589.0,67.021,1784537706503.0,3658.821
ss-38-420000,1784538724311.1848,1784538725013,1784538726503.0,1784538726570.0227,701.815,1490.0,67.023,1784537706503.0,2258.838
ss-39-420000,1784538718761.1846,1784538719763,1784538726503.0,1784538726570.032,1001.815,6740.0,67.032,1784537706503.0,7808.847
ss-4-420000,1784538723561.203,1784538723963,1784538726503.0,1784538726570.0325,401.797,2540.0,67.032,1784537706503.0,3008.83
ss-40-420000,1784538704811.199,1784538705063,1784538726503.0,1784538726570.1365,251.801,21440.0,67.136,1784537706503.0,21758.938
ss-41-420000,1784538721061.203,1784538721863,1784538726503.0,1784538726570.1384,801.797,4640.0,67.138,1784537706503.0,5508.936
ss-42-420000,1784538716961.214,1784538717664,1784538726503.0,1784538726570.1394,702.786,8839.0,67.139,1784537706503.0,9608.925
ss-43-420000,1784538723661.209,1784538723963,1784538726503.0,1784538726570.1401,301.791,2540.0,67.14,1784537706503.0,2908.931
ss-44-420000,1784538723311.198,1784538723963,1784538726503.0,1784538726570.1414,651.802,2540.0,67.141,1784537706503.0,3258.943
ss-45-420000,1784538722811.1995,1784538722914,1784538726503.0,1784538726570.142,102.801,3589.0,67.142,1784537706503.0,3758.943
ss-46-420000,1784538718711.1948,1784538718713,1784538726503.0,1784538726570.1428,1.805,7790.0,67.143,1784537706503.0,7858.948
ss-47-420000,1784538724711.2156,1784538725013,1784538726503.0,1784538726570.144,301.784,1490.0,67.144,1784537706503.0,1858.928
ss-48-420000,1784538708261.1921,1784538709263,1784538726503.0,1784538726570.1448,1001.808,17240.0,67.145,1784537706503.0,18308.953
ss-49-420000,1784538723111.1995,1784538723963,1784538726503.0,1784538726570.1455,851.801,2540.0,67.146,1784537706503.0,3458.946
ss-5-420000,1784538721711.2012,1784538721863,1784538726503.0,1784538726570.146,151.799,4640.0,67.146,1784537706503.0,4858.945
ss-50-420000,1784538721611.2134,1784538721863,1784538726504.0,1784538726570.1467,251.787,4641.0,66.147,1784537706504.0,4958.933
ss-51-420000,1784538724161.1943,1784538725013,1784538726504.0,1784538726570.1567,851.806,1491.0,66.157,1784537706504.0,2408.962
ss-52-420000,1784538722511.1958,1784538722914,1784538726504.0,1784538726570.1577,402.804,3590.0,66.158,1784537706504.0,4058.962
ss-53-420000,1784538722161.1982,1784538722914,1784538726504.0,1784538726570.1833,752.802,3590.0,66.183,1784537706504.0,4408.985
ss-54-420000,1784538717161.2131,1784538717664,1784538726504.0,1784538726570.184,502.787,8840.0,66.184,1784537706504.0,9408.971
ss-55-420000,1784538720861.1907,1784538721863,1784538726504.0,1784538726570.194,1001.809,4641.0,66.194,1784537706504.0,5709.003
ss-56-420000,1784538724661.1948,1784538725013,1784538726504.0,1784538726570.195,351.805,1491.0,66.195,1784537706504.0,1909.0
ss-57-420000,1784538724461.1917,1784538725013,1784538726504.0,1784538726570.1963,551.808,1491.0,66.196,1784537706504.0,2109.005
ss-58-420000,1784538722111.1934,1784538722914,1784538726504.0,1784538726570.2666,802.807,3590.0,66.267,1784537706504.0,4459.073
ss-59-420000,1784538720811.54,1784538720813,1784538726504.0,1784538726570.268,1.46,5691.0,66.268,1784537706504.0,5758.728
ss-6-420000,1784538721761.194,1784538721863,1784538726504.0,1784538726570.2688,101.806,4641.0,66.269,1784537706504.0,4809.075
ss-60-420000,1784538724361.195,1784538725013,1784538726504.0,1784538726570.2695,651.805,1491.0,66.27,1784537706504.0,2209.074
ss-61-420000,1784538705111.1978,1784538706113,1784538726504.0,1784538726570.27,1001.802,20391.0,66.27,1784537706504.0,21459.072
ss-62-420000,1784538714111.1868,1784538714513,1784538726504.0,1784538726570.2708,401.813,11991.0,66.271,1784537706504.0,12459.084
ss-63-420000,1784538722261.206,1784538722914,1784538726504.0,1784538726570.2712,652.794,3590.0,66.271,1784537706504.0,4309.065
ss-64-420000,1784538719261.1907,1784538719763,1784538726504.0,1784538726570.2715,501.809,6741.0,66.271,1784537706504.0,7309.081
ss-65-420000,1784538720611.19,1784538720813,1784538726504.0,1784538726570.272,201.81,5691.0,66.272,1784537706504.0,5959.082
ss-66-420000,1784538720761.1858,1784538720813,1784538726504.0,1784538726570.2722,51.814,5691.0,66.272,1784537706504.0,5809.086
ss-67-420000,1784538711261.2056,1784538711363,1784538726504.0,1784538726570.2727,101.794,15141.0,66.273,1784537706504.0,15309.067
ss-68-420000,1784538723061.1897,1784538723963,1784538726504.0,1784538726570.2732,901.81,2541.0,66.273,1784537706504.0,3509.083
ss-69-420000,1784538713111.1982,1784538713464,1784538726504.0,1784538726570.2742,352.802,13040.0,66.274,1784537706504.0,13459.076
ss-7-420000,1784538720911.1917,1784538721863,1784538726504.0,1784538726570.2783,951.808,4641.0,66.278,1784537706504.0,5659.087
ss-70-420000,1784538719861.1995,1784538720813,1784538726504.0,1784538726570.2935,951.801,5691.0,66.293,1784537706504.0,6709.094
ss-71-420000,1784538722961.2004,1784538723963,1784538726504.0,1784538726570.2942,1001.8,2541.0,66.294,1784537706504.0,3609.094
ss-72-420000,1784538720211.1968,1784538720813,1784538726504.0,1784538726570.2944,601.803,5691.0,66.294,1784537706504.0,6359.098
ss-73-420000,1784538718211.193,1784538718713,1784538726504.0,1784538726570.295,501.807,7791.0,66.295,1784537706504.0,8359.102
ss-74-420000,1784538724261.1858,1784538725013,1784538726504.0,1784538726570.2952,751.814,1491.0,66.295,1784537706504.0,2309.109
ss-75-420000,1784538721961.2036,1784538722914,1784538726504.0,1784538726570.2957,952.796,3590.0,66.296,1784537706504.0,4609.092
ss-76-420000,1784538724611.1875,1784538725013,1784538726504.0,1784538726570.2983,401.812,1491.0,66.298,1784537706504.0,1959.111
ss-77-420000,1784538724811.2024,1784538725013,1784538726504.0,1784538726570.3125,201.798,1491.0,66.312,1784537706504.0,1759.11
ss-78-420000,1784538715061.1992,1784538715564,1784538726504.0,1784538726570.3152,502.801,10940.0,66.315,1784537706504.0,11509.116
ss-79-420000,1784538717511.1946,1784538717664,1784538726504.0,1784538726570.3857,152.805,8840.0,66.386,1784537706504.0,9059.191
ss-8-420000,1784538723211.1917,1784538723963,1784538726504.0,1784538726570.3867,751.808,2541.0,66.387,1784537706504.0,3359.195
ss-80-420000,1784538724211.2014,1784538725013,1784538726504.0,1784538726570.3877,801.799,1491.0,66.388,1784537706504.0,2359.186
ss-81-420000,1784538710211.2004,1784538710314,1784538726504.0,1784538726570.3948,102.8,16190.0,66.395,1784537706504.0,16359.194
ss-82-420000,1784538720261.1873,1784538720813,1784538726504.0,1784538726570.402,551.813,5691.0,66.402,1784537706504.0,6309.215
ss-83-420000,1784538718861.1943,1784538719763,1784538726504.0,1784538726570.407,901.806,6741.0,66.407,1784537706504.0,7709.213
ss-84-420000,1784538714511.2095,1784538714513,1784538726504.0,1784538726570.415,1.791,11991.0,66.415,1784537706504.0,12059.206
ss-85-420000,1784538723611.192,1784538723963,1784538726504.0,1784538726570.416,351.808,2541.0,66.416,1784537706504.0,2959.224
ss-86-420000,1784538724961.2153,1784538725013,1784538726504.0,1784538726570.4167,51.785,1491.0,66.417,1784537706504.0,1609.201
ss-87-420000,1784538717661.2065,1784538717664,1784538726504.0,1784538726570.4216,2.793,8840.0,66.422,1784537706504.0,8909.215
ss-88-420000,1784538719661.2046,1784538719763,1784538726504.0,1784538726570.4326,101.795,6741.0,66.433,1784537706504.0,6909.228
ss-89-420000,1784538709361.1914,1784538710314,1784538726504.0,1784538726570.4333,952.809,16190.0,66.433,1784537706504.0,17209.242
ss-9-420000,1784538720711.1968,1784538720813,1784538726504.0,1784538726570.4402,101.803,5691.0,66.44,1784537706504.0,5859.243
ss-90-420000,1784538724561.197,1784538725013,1784538726504.0,1784538726570.4468,451.803,1491.0,66.447,1784537706504.0,2009.25
ss-91-420000,1784538722611.2153,1784538722914,1784538726504.0,1784538726570.4521,302.785,3590.0,66.452,1784537706504.0,3959.237
ss-92-420000,1784538719611.2017,1784538719763,1784538726504.0,1784538726570.4846,151.798,6741.0,66.485,1784537706504.0,6959.283
ss-93-420000,1784538708461.196,1784538709263,1784538726504.0,1784538726570.4858,801.804,17241.0,66.486,1784537706504.0,18109.29
ss-94-420000,1784538715211.1973,1784538715564,1784538726504.0,1784538726570.486,352.803,10940.0,66.486,1784537706504.0,11359.289
ss-95-420000,1784538718561.1985,1784538718713,1784538726504.0,1784538726570.5059,151.802,7791.0,66.506,1784537706504.0,8009.307
ss-96-420000,1784538724911.2153,1784538725013,1784538726504.0,1784538726570.5066,101.785,1491.0,66.507,1784537706504.0,1659.291
ss-97-420000,1784538721661.2021,1784538721863,1784538726504.0,1784538726570.5073,201.798,4641.0,66.507,1784537706504.0,4909.305
ss-98-420000,1784538721011.196,1784538721863,1784538726505.0,1784538726570.5083,851.804,4642.0,65.508,1784537706505.0,5559.312
ss-99-420000,1784538703711.2012,1784538704013,1784538726505.0,1784538726570.5127,301.799,22492.0,65.513,1784537706505.0,22859.312
ss-0-480000,1784538722061.199,1784538722914,1784538726505.0,1784538726570.5261,852.801,3591.0,65.526,1784537646505.0,4509.327
ss-1-480000,1784538720961.1758,1784538721863,1784538726505.0,1784538726570.5322,901.824,4642.0,65.532,1784537646505.0,5609.356
ss-10-480000,1784538706411.1907,1784538707163,1784538726505.0,1784538726570.5347,751.809,19342.0,65.535,1784537646505.0,20159.344
ss-11-480000,1784538723811.193,1784538723963,1784538726505.0,1784538726570.557,151.807,2542.0,65.557,1784537646505.0,2759.364
ss-12-480000,1784538721313.5486,1784538721863,1784538726505.0,1784538726570.5571,549.451,4642.0,65.557,1784537646505.0,5257.009
ss-13-480000,1784538715611.1924,1784538716613,1784538726505.0,1784538726570.7437,1001.808,9892.0,65.744,1784537646505.0,10959.551
ss-14-480000,1784538723011.214,1784538723963,1784538726505.0,1784538726570.7456,951.786,2542.0,65.746,1784537646505.0,3559.531
ss-15-480000,1784538723261.201,1784538723963,1784538726505.0,1784538726570.7468,701.799,2542.0,65.747,1784537646505.0,3309.546
ss-16-480000,1784538724511.195,1784538725013,1784538726505.0,1784538726570.7478,501.805,1492.0,65.748,1784537646505.0,2059.553
ss-17-480000,1784538711511.1992,1784538712414,1784538726505.0,1784538726570.749,902.801,14091.0,65.749,1784537646505.0,15059.55
ss-18-480000,1784538720511.1946,1784538720813,1784538726505.0,1784538726570.7505,301.805,5692.0,65.75,1784537646505.0,6059.556
ss-19-480000,1784538723711.193,1784538723963,1784538726505.0,1784538726570.7593,251.807,2542.0,65.759,1784537646505.0,2859.566
ss-2-480000,1784538722661.1973,1784538722914,1784538726505.0,1784538726570.7603,252.803,3591.0,65.76,1784537646505.0,3909.563
ss-20-480000,1784538721911.1934,1784538722914,1784538726505.0,1784538726570.7612,1002.807,3591.0,65.761,1784537646505.0,4659.568
ss-21-480000,1784538721211.2078,1784538721863,1784538726505.0,1784538726570.7622,651.792,4642.0,65.762,1784537646505.0,5359.554
ss-22-480000,1784538722761.202,1784538722914,1784538726505.0,1784538726570.7632,152.798,3591.0,65.763,1784537646505.0,3809.561
ss-23-480000,1784538722861.2014,1784538722914,1784538726505.0,1784538726570.7644,52.799,3591.0,65.764,1784537646505.0,3709.563
ss-24-480000,1784538723411.1975,1784538723963,1784538726505.0,1784538726570.7651,551.802,2542.0,65.765,1784537646505.0,3159.568
ss-25-480000,1784538720411.1924,1784538720813,1784538726505.0,1784538726570.7659,401.808,5692.0,65.766,1784537646505.0,6159.573
ss-26-480000,1784538724411.2043,1784538725013,1784538726505.0,1784538726570.7666,601.796,1492.0,65.767,1784537646505.0,2159.562
ss-27-480000,1784538724861.2122,1784538725013,1784538726505.0,1784538726570.767,151.788,1492.0,65.767,1784537646505.0,1709.555
ss-28-480000,1784538721861.1956,1784538721863,1784538726505.0,1784538726570.7678,1.804,4642.0,65.768,1784537646505.0,4709.572
ss-29-480000,1784538718011.201,1784538718713,1784538726505.0,1784538726570.782,701.799,7792.0,65.782,1784537646505.0,8559.581
ss-3-480000,1784538720661.191,1784538720813,1784538726505.0,1784538726570.7876,151.809,5692.0,65.788,1784537646505.0,5909.597
ss-30-480000,1784538724011.1953,1784538725013,1784538726505.0,1784538726570.7883,1001.805,1492.0,65.788,1784537646505.0,2559.593
ss-31-480000,1784538724761.2053,1784538725013,1784538726505.0,1784538726570.7893,251.795,1492.0,65.789,1784537646505.0,1809.584
ss-32-480000,1784538722211.1936,1784538722914,1784538726505.0,1784538726570.79,702.806,3591.0,65.79,1784537646505.0,4359.596
ss-33-480000,1784538705361.1946,1784538706113,1784538726505.0,1784538726570.7905,751.805,20392.0,65.791,1784537646505.0,21209.596
ss-34-480000,1784538723861.5605,1784538723963,1784538726505.0,1784538726570.7913,101.439,2542.0,65.791,1784537646505.0,2709.231
ss-35-480000,1784538715961.2004,1784538716613,1784538726505.0,1784538726570.792,651.8,9892.0,65.792,1784537646505.0,10609.592
ss-36-480000,1784538723461.2117,1784538723963,1784538726505.0,1784538726570.7927,501.788,2542.0,65.793,1784537646505.0,3109.581
ss-37-480000,1784538722911.2002,1784538722914,1784538726505.0,1784538726570.797,2.8,3591.0,65.797,1784537646505.0,3659.597
ss-38-480000,1784538724311.1848,1784538725013,1784538726505.0,1784538726570.8281,701.815,1492.0,65.828,1784537646505.0,2259.643
ss-39-480000,1784538718761.1846,1784538719763,1784538726505.0,1784538726570.8289,1001.815,6742.0,65.829,1784537646505.0,7809.644
ss-4-480000,1784538723561.203,1784538723963,1784538726505.0,1784538726570.8296,401.797,2542.0,65.83,1784537646505.0,3009.627
ss-40-480000,1784538704811.199,1784538705063,1784538726505.0,1784538726570.8303,251.801,21442.0,65.83,1784537646505.0,21759.631
ss-41-480000,1784538721061.203,1784538721863,1784538726505.0,1784538726570.831,801.797,4642.0,65.831,1784537646505.0,5509.628
ss-42-480000,1784538716961.214,1784538717664,1784538726505.0,1784538726570.8381,702.786,8841.0,65.838,1784537646505.0,9609.624
ss-43-480000,1784538723661.209,1784538723963,1784538726505.0,1784538726570.8389,301.791,2542.0,65.839,1784537646505.0,2909.63
ss-44-480000,1784538723311.198,1784538723963,1784538726505.0,1784538726570.8455,651.802,2542.0,65.845,1784537646505.0,3259.647
ss-45-480000,1784538722811.1995,1784538722914,1784538726505.0,1784538726570.8462,102.801,3591.0,65.846,1784537646505.0,3759.647
ss-46-480000,1784538718711.1948,1784538718713,1784538726505.0,1784538726570.847,1.805,7792.0,65.847,1784537646505.0,7859.652
ss-47-480000,1784538724711.2156,1784538725013,1784538726505.0,1784538726570.8828,301.784,1492.0,65.883,1784537646505.0,1859.667
ss-48-480000,1784538708261.1921,1784538709263,1784538726505.0,1784538726570.8835,1001.808,17242.0,65.884,1784537646505.0,18309.691
ss-49-480000,1784538723111.1995,1784538723963,1784538726505.0,1784538726570.884,851.801,2542.0,65.884,1784537646505.0,3459.685
ss-5-480000,1784538721711.2012,1784538721863,1784538726505.0,1784538726570.8845,151.799,4642.0,65.885,1784537646505.0,4859.683
ss-50-480000,1784538721611.2134,1784538721863,1784538726505.0,1784538726571.05,251.787,4642.0,66.05,1784537646505.0,4959.837
ss-51-480000,1784538724161.1943,1784538725013,1784538726505.0,1784538726571.0508,851.806,1492.0,66.051,1784537646505.0,2409.856
ss-52-480000,1784538722511.1958,1784538722914,1784538726505.0,1784538726571.0515,402.804,3591.0,66.052,1784537646505.0,4059.856
ss-53-480000,1784538722161.1982,1784538722914,1784538726505.0,1784538726571.0522,752.802,3591.0,66.052,1784537646505.0,4409.854
ss-54-480000,1784538717161.2131,1784538717664,1784538726505.0,1784538726571.053,502.787,8841.0,66.053,1784537646505.0,9409.84
ss-55-480000,1784538720861.1907,1784538721863,1784538726505.0,1784538726571.0537,1001.809,4642.0,66.054,1784537646505.0,5709.863
ss-56-480000,1784538724661.1948,1784538725013,1784538726506.0,1784538726571.0544,351.805,1493.0,65.054,1784537646506.0,1909.86
ss-57-480000,1784538724461.1917,1784538725013,1784538726506.0,1784538726571.0554,551.808,1493.0,65.055,1784537646506.0,2109.864
ss-58-480000,1784538722111.1934,1784538722914,1784538726506.0,1784538726571.0562,802.807,3592.0,65.056,1784537646506.0,4459.863
ss-59-480000,1784538720811.54,1784538720813,1784538726506.0,1784538726571.057,1.46,5693.0,65.057,1784537646506.0,5759.517
ss-6-480000,1784538721761.194,1784538721863,1784538726506.0,1784538726571.0576,101.806,4643.0,65.058,1784537646506.0,4809.864
ss-60-480000,1784538724361.195,1784538725013,1784538726506.0,1784538726571.058,651.805,1493.0,65.058,1784537646506.0,2209.863
ss-61-480000,1784538705111.1978,1784538706113,1784538726506.0,1784538726571.0588,1001.802,20393.0,65.059,1784537646506.0,21459.861
ss-62-480000,1784538714111.1868,1784538714513,1784538726506.0,1784538726571.0596,401.813,11993.0,65.06,1784537646506.0,12459.873
ss-63-480000,1784538722261.206,1784538722914,1784538726506.0,1784538726571.147,652.794,3592.0,65.147,1784537646506.0,4309.941
ss-64-480000,1784538719261.1907,1784538719763,1784538726506.0,1784538726571.1492,501.809,6743.0,65.149,1784537646506.0,7309.958
ss-65-480000,1784538720611.19,1784538720813,1784538726506.0,1784538726571.158,201.81,5693.0,65.158,1784537646506.0,5959.968
ss-66-480000,1784538720761.1858,1784538720813,1784538726506.0,1784538726571.1587,51.814,5693.0,65.159,1784537646506.0,5809.973
ss-67-480000,1784538711261.2056,1784538711363,1784538726506.0,1784538726571.1787,101.794,15143.0,65.179,1784537646506.0,15309.973
ss-68-480000,1784538723061.1897,1784538723963,1784538726506.0,1784538726571.1836,901.81,2543.0,65.184,1784537646506.0,3509.994
ss-69-480000,1784538713111.1982,1784538713464,1784538726506.0,1784538726571.1924,352.802,13042.0,65.192,1784537646506.0,13459.994
ss-7-480000,1784538720911.1917,1784538721863,1784538726506.0,1784538726571.193,951.808,4643.0,65.193,1784537646506.0,5660.001
ss-70-480000,1784538719861.1995,1784538720813,1784538726506.0,1784538726571.1938,951.801,5693.0,65.194,1784537646506.0,6709.994
ss-71-480000,1784538722961.2004,1784538723963,1784538726506.0,1784538726571.1946,1001.8,2543.0,65.195,1784537646506.0,3609.994
ss-72-480000,1784538720211.1968,1784538720813,1784538726506.0,1784538726571.1953,601.803,5693.0,65.195,1784537646506.0,6359.999
ss-73-480000,1784538718211.193,1784538718713,1784538726506.0,1784538726571.203,501.807,7793.0,65.203,1784537646506.0,8360.01
ss-74-480000,1784538724261.1858,1784538725013,1784538726506.0,1784538726571.2036,751.814,1493.0,65.204,1784537646506.0,2310.018
ss-75-480000,1784538721961.2036,1784538722914,1784538726506.0,1784538726571.4846,952.796,3592.0,65.485,1784537646506.0,4610.281
ss-76-480000,1784538724611.1875,1784538725013,1784538726506.0,1784538726571.4854,401.812,1493.0,65.485,1784537646506.0,1960.298
ss-77-480000,1784538724811.2024,1784538725013,1784538726506.0,1784538726571.4858,201.798,1493.0,65.486,1784537646506.0,1760.283
ss-78-480000,1784538715061.1992,1784538715564,1784538726506.0,1784538726571.4863,502.801,10942.0,65.486,1784537646506.0,11510.287
ss-79-480000,1784538717511.1946,1784538717664,1784538726506.0,1784538726571.4868,152.805,8842.0,65.487,1784537646506.0,9060.292
ss-8-480000,1784538723211.1917,1784538723963,1784538726506.0,1784538726571.4873,751.808,2543.0,65.487,1784537646506.0,3360.296
ss-80-480000,1784538724211.2014,1784538725013,1784538726506.0,1784538726571.4878,801.799,1493.0,65.488,1784537646506.0,2360.286
ss-81-480000,1784538710211.2004,1784538710314,1784538726506.0,1784538726571.4883,102.8,16192.0,65.488,1784537646506.0,16360.288
ss-82-480000,1784538720261.1873,1784538720813,1784538726506.0,1784538726571.4888,551.813,5693.0,65.489,1784537646506.0,6310.302
ss-83-480000,1784538718861.1943,1784538719763,1784538726506.0,1784538726571.4893,901.806,6743.0,65.489,1784537646506.0,7710.295
ss-84-480000,1784538714511.2095,1784538714513,1784538726506.0,1784538726571.4897,1.791,11993.0,65.49,1784537646506.0,12060.28
ss-85-480000,1784538723611.192,1784538723963,1784538726506.0,1784538726571.4902,351.808,2543.0,65.49,1784537646506.0,2960.298
ss-86-480000,1784538724961.2153,1784538725013,1784538726506.0,1784538726571.4941,51.785,1493.0,65.494,1784537646506.0,1610.279
ss-87-480000,1784538717661.2065,1784538717664,1784538726506.0,1784538726571.9668,2.793,8842.0,65.967,1784537646506.0,8910.76
ss-88-480000,1784538719661.2046,1784538719763,1784538726506.0,1784538726571.9724,101.795,6743.0,65.972,1784537646506.0,6910.768
ss-89-480000,1784538709361.1914,1784538710314,1784538726506.0,1784538726571.976,952.809,16192.0,65.976,1784537646506.0,17210.785
ss-9-480000,1784538720711.1968,1784538720813,1784538726506.0,1784538726571.9768,101.803,5693.0,65.977,1784537646506.0,5860.78
ss-90-480000,1784538724561.197,1784538725013,1784538726507.0,1784538726571.9773,451.803,1494.0,64.977,1784537646507.0,2010.78
ss-91-480000,1784538722611.2153,1784538722914,1784538726507.0,1784538726571.9778,302.785,3593.0,64.978,1784537646507.0,3960.762
ss-92-480000,1784538719611.2017,1784538719763,1784538726507.0,1784538726571.9785,151.798,6744.0,64.979,1784537646507.0,6960.777
ss-93-480000,1784538708461.196,1784538709263,1784538726507.0,1784538726571.98,801.804,17244.0,64.98,1784537646507.0,18110.784
ss-94-480000,1784538715211.1973,1784538715564,1784538726507.0,1784538726571.9807,352.803,10943.0,64.981,1784537646507.0,11360.783
ss-95-480000,1784538718561.1985,1784538718713,1784538726507.0,1784538726571.9814,151.802,7794.0,64.981,1784537646507.0,8010.783
ss-96-480000,1784538724911.2153,1784538725013,1784538726507.0,1784538726571.982,101.785,1494.0,64.982,1784537646507.0,1660.767
ss-97-480000,1784538721661.2021,1784538721863,1784538726507.0,1784538726571.9824,201.798,4644.0,64.982,1784537646507.0,4910.78
ss-98-480000,1784538721011.196,1784538721863,1784538726507.0,1784538726571.983,851.804,4644.0,64.983,1784537646507.0,5560.787
ss-99-480000,1784538703711.2012,1784538704013,1784538726507.0,1784538726571.9834,301.799,22494.0,64.983,1784537646507.0,22860.782
ss-0-540000,1784538722061.199,1784538722914,1784538726507.0,1784538726574.2249,852.801,3593.0,67.225,1784537586507.0,4513.026
ss-1-540000,1784538720961.1758,1784538721863,1784538726507.0,1784538726574.227,901.824,4644.0,67.227,1784537586507.0,5613.051
ss-10-540000,1784538706411.1907,1784538707163,1784538726507.0,1784538726574.228,751.809,19344.0,67.228,1784537586507.0,20163.037
ss-11-540000,1784538723811.193,1784538723963,1784538726507.0,1784538726574.2288,151.807,2544.0,67.229,1784537586507.0,2763.036
ss-12-540000,1784538721313.5486,1784538721863,1784538726507.0,1784538726574.2297,549.451,4644.0,67.23,1784537586507.0,5260.681
ss-13-540000,1784538715611.1924,1784538716613,1784538726507.0,1784538726574.2305,1001.808,9894.0,67.23,1784537586507.0,10963.038
ss-14-540000,1784538723011.214,1784538723963,1784538726507.0,1784538726574.2427,951.786,2544.0,67.243,1784537586507.0,3563.029
ss-15-540000,1784538723261.201,1784538723963,1784538726507.0,1784538726574.244,701.799,2544.0,67.244,1784537586507.0,3313.043
ss-16-540000,1784538724511.195,1784538725013,1784538726507.0,1784538726574.2444,501.805,1494.0,67.244,1784537586507.0,2063.049
ss-17-540000,1784538711511.1992,1784538712414,1784538726507.0,1784538726574.2449,902.801,14093.0,67.245,1784537586507.0,15063.046
ss-18-540000,1784538720511.1946,1784538720813,1784538726507.0,1784538726574.2505,301.805,5694.0,67.25,1784537586507.0,6063.056
ss-19-540000,1784538723711.193,1784538723963,1784538726507.0,1784538726574.2515,251.807,2544.0,67.251,1784537586507.0,2863.058
ss-2-540000,1784538722661.1973,1784538722914,1784538726507.0,1784538726574.252,252.803,3593.0,67.252,1784537586507.0,3913.055
ss-20-540000,1784538721911.1934,1784538722914,1784538726507.0,1784538726574.2524,1002.807,3593.0,67.252,1784537586507.0,4663.059
ss-21-540000,1784538721211.2078,1784538721863,1784538726507.0,1784538726574.2566,651.792,4644.0,67.257,1784537586507.0,5363.049
ss-22-540000,1784538722761.202,1784538722914,1784538726507.0,1784538726574.27,152.798,3593.0,67.27,1784537586507.0,3813.068
ss-23-540000,1784538722861.2014,1784538722914,1784538726507.0,1784538726574.271,52.799,3593.0,67.271,1784537586507.0,3713.07
ss-24-540000,1784538723411.1975,1784538723963,1784538726507.0,1784538726574.272,551.802,2544.0,67.272,1784537586507.0,3163.074
ss-25-540000,1784538720411.1924,1784538720813,1784538726507.0,1784538726574.2727,401.808,5694.0,67.273,1784537586507.0,6163.08
ss-26-540000,1784538724411.2043,1784538725013,1784538726507.0,1784538726574.2737,601.796,1494.0,67.274,1784537586507.0,2163.069
ss-27-540000,1784538724861.2122,1784538725013,1784538726507.0,1784538726574.2744,151.788,1494.0,67.274,1784537586507.0,1713.062
ss-28-540000,1784538721861.1956,1784538721863,1784538726507.0,1784538726574.2795,1.804,4644.0,67.28,1784537586507.0,4713.084
ss-29-540000,1784538718011.201,1784538718713,1784538726507.0,1784538726574.2803,701.799,7794.0,67.28,1784537586507.0,8563.079
ss-3-540000,1784538720661.191,1784538720813,1784538726507.0,1784538726574.2808,151.809,5694.0,67.281,1784537586507.0,5913.09
ss-30-540000,1784538724011.1953,1784538725013,1784538726507.0,1784538726574.2847,1001.805,1494.0,67.285,1784537586507.0,2563.089
ss-31-540000,1784538724761.2053,1784538725013,1784538726507.0,1784538726574.2852,251.795,1494.0,67.285,1784537586507.0,1813.08
ss-32-540000,1784538722211.1936,1784538722914,1784538726507.0,1784538726574.3503,702.806,3593.0,67.35,1784537586507.0,4363.157
ss-33-540000,1784538705361.1946,1784538706113,1784538726507.0,1784538726574.3562,751.805,20394.0,67.356,1784537586507.0,21213.162
ss-34-540000,1784538723861.5605,1784538723963,1784538726507.0,1784538726574.3572,101.439,2544.0,67.357,1784537586507.0,2712.797
ss-35-540000,1784538715961.2004,1784538716613,1784538726507.0,1784538726574.358,651.8,9894.0,67.358,1784537586507.0,10613.157
ss-36-540000,1784538723461.2117,1784538723963,1784538726508.0,1784538726574.367,501.788,2545.0,66.367,1784537586508.0,3113.155
ss-37-540000,1784538722911.2002,1784538722914,1784538726508.0,1784538726574.3677,2.8,3594.0,66.368,1784537586508.0,3663.167
ss-38-540000,1784538724311.1848,1784538725013,1784538726508.0,1784538726574.3682,701.815,1495.0,66.368,1784537586508.0,2263.183
ss-39-540000,1784538718761.1846,1784538719763,1784538726508.0,1784538726574.3687,1001.815,6745.0,66.369,1784537586508.0,7813.184
ss-4-540000,1784538723561.203,1784538723963,1784538726508.0,1784538726574.3691,401.797,2545.0,66.369,1784537586508.0,3013.166
ss-40-540000,1784538704811.199,1784538705063,1784538726508.0,1784538726574.3696,251.801,21445.0,66.37,1784537586508.0,21763.171
ss-41-540000,1784538721061.203,1784538721863,1784538726508.0,1784538726574.389,801.797,4645.0,66.389,1784537586508.0,5513.186
ss-42-540000,1784538716961.214,1784538717664,1784538726508.0,1784538726574.394,702.786,8844.0,66.394,1784537586508.0,9613.18
ss-43-540000,1784538723661.209,1784538723963,1784538726508.0,1784538726574.3945,301.791,2545.0,66.395,1784537586508.0,2913.186
ss-44-540000,1784538723311.198,1784538723963,1784538726508.0,1784538726574.399,651.802,2545.0,66.399,1784537586508.0,3263.201
ss-45-540000,1784538722811.1995,1784538722914,1784538726508.0,1784538726574.4043,102.801,3594.0,66.404,1784537586508.0,3763.205
ss-46-540000,1784538718711.1948,1784538718713,1784538726508.0,1784538726574.4692,1.805,7795.0,66.469,1784537586508.0,7863.274
ss-47-540000,1784538724711.2156,1784538725013,1784538726508.0,1784538726574.4697,301.784,1495.0,66.47,1784537586508.0,1863.254
ss-48-540000,1784538708261.1921,1784538709263,1784538726508.0,1784538726574.4702,1001.808,17245.0,66.47,1784537586508.0,18313.278
ss-49-540000,1784538723111.1995,1784538723963,1784538726508.0,1784538726574.4707,851.801,2545.0,66.471,1784537586508.0,3463.271
ss-5-540000,1784538721711.2012,1784538721863,1784538726508.0,1784538726574.4714,151.799,4645.0,66.471,1784537586508.0,4863.27
ss-50-540000,1784538721611.2134,1784538721863,1784538726508.0,1784538726574.4717,251.787,4645.0,66.472,1784537586508.0,4963.258
ss-51-540000,1784538724161.1943,1784538725013,1784538726508.0,1784538726574.5637,851.806,1495.0,66.564,1784537586508.0,2413.369
ss-52-540000,1784538722511.1958,1784538722914,1784538726508.0,1784538726574.5645,402.804,3594.0,66.564,1784537586508.0,4063.369
ss-53-540000,1784538722161.1982,1784538722914,1784538726508.0,1784538726574.5698,752.802,3594.0,66.57,1784537586508.0,4413.372
ss-54-540000,1784538717161.2131,1784538717664,1784538726508.0,1784538726574.57,502.787,8844.0,66.57,1784537586508.0,9413.357
ss-55-540000,1784538720861.1907,1784538721863,1784538726508.0,1784538726574.5706,1001.809,4645.0,66.571,1784537586508.0,5713.38
ss-56-540000,1784538724661.1948,1784538725013,1784538726508.0,1784538726574.5708,351.805,1495.0,66.571,1784537586508.0,1913.376
ss-57-540000,1784538724461.1917,1784538725013,1784538726508.0,1784538726574.5715,551.808,1495.0,66.572,1784537586508.0,2113.38
ss-58-540000,1784538722111.1934,1784538722914,1784538726508.0,1784538726574.5718,802.807,3594.0,66.572,1784537586508.0,4463.378
ss-59-540000,1784538720811.54,1784538720813,1784538726508.0,1784538726574.5723,1.46,5695.0,66.572,1784537586508.0,5763.032
ss-6-540000,1784538721761.194,1784538721863,1784538726508.0,1784538726574.5725,101.806,4645.0,66.573,1784537586508.0,4813.378
ss-60-540000,1784538724361.195,1784538725013,1784538726508.0,1784538726574.5728,651.805,1495.0,66.573,1784537586508.0,2213.378
ss-61-540000,1784538705111.1978,1784538706113,1784538726508.0,1784538726574.5789,1001.802,20395.0,66.579,1784537586508.0,21463.381
ss-62-540000,1784538714111.1868,1784538714513,1784538726508.0,1784538726574.579,401.813,11995.0,66.579,1784537586508.0,12463.392
ss-63-540000,1784538722261.206,1784538722914,1784538726508.0,1784538726574.5793,652.794,3594.0,66.579,1784537586508.0,4313.373
ss-64-540000,1784538719261.1907,1784538719763,1784538726508.0,1784538726574.5806,501.809,6745.0,66.581,1784537586508.0,7313.39
ss-65-540000,1784538720611.19,1784538720813,1784538726508.0,1784538726574.5808,201.81,5695.0,66.581,1784537586508.0,5963.391
ss-66-540000,1784538720761.1858,1784538720813,1784538726508.0,1784538726574.5813,51.814,5695.0,66.581,1784537586508.0,5813.396
ss-67-540000,1784538711261.2056,1784538711363,1784538726508.0,1784538726574.5818,101.794,15145.0,66.582,1784537586508.0,15313.376
ss-68-540000,1784538723061.1897,1784538723963,1784538726509.0,1784538726574.582,901.81,2546.0,65.582,1784537586509.0,3513.392
ss-69-540000,1784538713111.1982,1784538713464,1784538726509.0,1784538726574.6248,352.802,13045.0,65.625,1784537586509.0,13463.427
ss-7-540000,1784538720911.1917,1784538721863,1784538726509.0,1784538726574.626,951.808,4646.0,65.626,1784537586509.0,5663.434
ss-70-540000,1784538719861.1995,1784538720813,1784538726509.0,1784538726574.627,951.801,5696.0,65.627,1784537586509.0,6713.427
ss-71-540000,1784538722961.2004,1784538723963,1784538726509.0,1784538726574.6277,1001.8,2546.0,65.628,1784537586509.0,3613.427
ss-72-540000,1784538720211.1968,1784538720813,1784538726509.0,1784538726574.6284,601.803,5696.0,65.628,1784537586509.0,6363.432
ss-73-540000,1784538718211.193,1784538718713,1784538726509.0,1784538726574.6362,501.807,7796.0,65.636,1784537586509.0,8363.443
ss-74-540000,1784538724261.1858,1784538725013,1784538726509.0,1784538726574.6423,751.814,1496.0,65.642,1784537586509.0,2313.457
ss-75-540000,1784538721961.2036,1784538722914,1784538726509.0,1784538726574.6426,952.796,3595.0,65.643,1784537586509.0,4613.439
ss-76-540000,1784538724611.1875,1784538725013,1784538726509.0,1784538726574.643,401.812,1496.0,65.643,1784537586509.0,1963.456
ss-77-540000,1784538724811.2024,1784538725013,1784538726509.0,1784538726574.649,201.798,1496.0,65.649,1784537586509.0,1763.447
ss-78-540000,1784538715061.1992,1784538715564,1784538726509.0,1784538726574.6494,502.801,10945.0,65.649,1784537586509.0,11513.45
ss-79-540000,1784538717511.1946,1784538717664,1784538726509.0,1784538726574.65,152.805,8845.0,65.65,1784537586509.0,9063.455
ss-8-540000,1784538723211.1917,1784538723963,1784538726509.0,1784538726574.6677,751.808,2546.0,65.668,1784537586509.0,3363.476
ss-80-540000,1784538724211.2014,1784538725013,1784538726509.0,1784538726574.6682,801.799,1496.0,65.668,1784537586509.0,2363.467
ss-81-540000,1784538710211.2004,1784538710314,1784538726509.0,1784538726574.6873,102.8,16195.0,65.687,1784537586509.0,16363.487
ss-82-540000,1784538720261.1873,1784538720813,1784538726509.0,1784538726574.688,551.813,5696.0,65.688,1784537586509.0,6313.501
ss-83-540000,1784538718861.1943,1784538719763,1784538726509.0,1784538726574.7786,901.806,6746.0,65.779,1784537586509.0,7713.584
ss-84-540000,1784538714511.2095,1784538714513,1784538726509.0,1784538726574.7803,1.791,11996.0,65.78,1784537586509.0,12063.571
ss-85-540000,1784538723611.192,1784538723963,1784538726509.0,1784538726574.781,351.808,2546.0,65.781,1784537586509.0,2963.589
ss-86-540000,1784538724961.2153,1784538725013,1784538726509.0,1784538726574.7817,51.785,1496.0,65.782,1784537586509.0,1613.566
ss-87-540000,1784538717661.2065,1784538717664,1784538726509.0,1784538726574.7822,2.793,8845.0,65.782,1784537586509.0,8913.576
ss-88-540000,1784538719661.2046,1784538719763,1784538726509.0,1784538726574.783,101.795,6746.0,65.783,1784537586509.0,6913.578
ss-89-540000,1784538709361.1914,1784538710314,1784538726509.0,1784538726574.803,952.809,16195.0,65.803,1784537586509.0,17213.612
ss-9-540000,1784538720711.1968,1784538720813,1784538726509.0,1784538726574.8037,101.803,5696.0,65.804,1784537586509.0,5863.607
ss-90-540000,1784538724561.197,1784538725013,1784538726509.0,1784538726574.8044,451.803,1496.0,65.804,1784537586509.0,2013.607
ss-91-540000,1784538722611.2153,1784538722914,1784538726509.0,1784538726574.8052,302.785,3595.0,65.805,1784537586509.0,3963.59
ss-92-540000,1784538719611.2017,1784538719763,1784538726509.0,1784538726574.8096,151.798,6746.0,65.81,1784537586509.0,6963.608
ss-93-540000,1784538708461.196,1784538709263,1784538726509.0,1784538726574.811,801.804,17246.0,65.811,1784537586509.0,18113.615
ss-94-540000,1784538715211.1973,1784538715564,1784538726509.0,1784538726574.8118,352.803,10945.0,65.812,1784537586509.0,11363.615
ss-95-540000,1784538718561.1985,1784538718713,1784538726509.0,1784538726574.8386,151.802,7796.0,65.839,1784537586509.0,8013.64
ss-96-540000,1784538724911.2153,1784538725013,1784538726509.0,1784538726574.8394,101.785,1496.0,65.839,1784537586509.0,1663.624
ss-97-540000,1784538721661.2021,1784538721863,1784538726509.0,1784538726574.8398,201.798,4646.0,65.84,1784537586509.0,4913.638
ss-98-540000,1784538721011.196,1784538721863,1784538726509.0,1784538726574.8403,851.804,4646.0,65.84,1784537586509.0,5563.644
ss-99-540000,1784538703711.2012,1784538704013,1784538726509.0,1784538726574.8408,301.799,22496.0,65.841,1784537586509.0,22863.64
ss-0-600000,1784538722061.199,1784538722914,1784538726509.0,1784538726574.841,852.801,3595.0,65.841,1784537526509.0,4513.642
ss-1-600000,1784538720961.1758,1784538721863,1784538726509.0,1784538726574.8467,901.824,4646.0,65.847,1784537526509.0,5613.671
ss-10-600000,1784538706411.1907,1784538707163,1784538726509.0,1784538726574.8472,751.809,19346.0,65.847,1784537526509.0,20163.656
ss-11-600000,1784538723811.193,1784538723963,1784538726509.0,1784538726574.8477,151.807,2546.0,65.848,1784537526509.0,2763.655
ss-12-600000,1784538721313.5486,1784538721863,1784538726509.0,1784538726574.871,549.451,4646.0,65.871,1784537526509.0,5261.323
ss-13-600000,1784538715611.1924,1784538716613,1784538726509.0,1784538726574.8716,1001.808,9896.0,65.872,1784537526509.0,10963.679
ss-14-600000,1784538723011.214,1784538723963,1784538726510.0,1784538726574.872,951.786,2547.0,64.872,1784537526510.0,3563.658
ss-15-600000,1784538723261.201,1784538723963,1784538726510.0,1784538726574.8723,701.799,2547.0,64.872,1784537526510.0,3313.671
ss-16-600000,1784538724511.195,1784538725013,1784538726510.0,1784538726574.8728,501.805,1497.0,64.873,1784537526510.0,2063.678
ss-17-600000,1784538711511.1992,1784538712414,1784538726510.0,1784538726574.8733,902.801,14096.0,64.873,1784537526510.0,15063.674
ss-18-600000,1784538720511.1946,1784538720813,1784538726510.0,1784538726574.8735,301.805,5697.0,64.874,1784537526510.0,6063.679
ss-19-600000,1784538723711.193,1784538723963,1784538726510.0,1784538726574.874,251.807,2547.0,64.874,1784537526510.0,2863.681
ss-2-600000,1784538722661.1973,1784538722914,1784538726510.0,1784538726574.8743,252.803,3596.0,64.874,1784537526510.0,3913.677
ss-20-600000,1784538721911.1934,1784538722914,1784538726510.0,1784538726574.878,1002.807,3596.0,64.878,1784537526510.0,4663.685
ss-21-600000,1784538721211.2078,1784538721863,1784538726510.0,1784538726574.882,651.792,4647.0,64.882,1784537526510.0,5363.674
ss-22-600000,1784538722761.202,1784538722914,1784538726510.0,1784538726574.8826,152.798,3596.0,64.883,1784537526510.0,3813.681
ss-23-600000,1784538722861.2014,1784538722914,1784538726510.0,1784538726574.8862,52.799,3596.0,64.886,1784537526510.0,3713.685
ss-24-600000,1784538723411.1975,1784538723963,1784538726510.0,1784538726574.8867,551.802,2547.0,64.887,1784537526510.0,3163.689
ss-25-600000,1784538720411.1924,1784538720813,1784538726510.0,1784538726574.9988,401.808,5697.0,64.999,1784537526510.0,6163.806
ss-26-600000,1784538724411.2043,1784538725013,1784538726510.0,1784538726575.0015,601.796,1497.0,65.001,1784537526510.0,2163.797
ss-27-600000,1784538724861.2122,1784538725013,1784538726510.0,1784538726575.0024,151.788,1497.0,65.002,1784537526510.0,1713.79
ss-28-600000,1784538721861.1956,1784538721863,1784538726510.0,1784538726575.0945,1.804,4647.0,65.094,1784537526510.0,4713.899
ss-29-600000,1784538718011.201,1784538718713,1784538726510.0,1784538726575.096,701.799,7797.0,65.096,1784537526510.0,8563.895
ss-3-600000,1784538720661.191,1784538720813,1784538726510.0,1784538726575.0972,151.809,5697.0,65.097,1784537526510.0,5913.906
ss-30-600000,1784538724011.1953,1784538725013,1784538726510.0,1784538726575.0981,1001.805,1497.0,65.098,1784537526510.0,2563.903
ss-31-600000,1784538724761.2053,1784538725013,1784538726510.0,1784538726575.099,251.795,1497.0,65.099,1784537526510.0,1813.894
ss-32-600000,1784538722211.1936,1784538722914,1784538726510.0,1784538726575.0996,702.806,3596.0,65.1,1784537526510.0,4363.906
ss-33-600000,1784538705361.1946,1784538706113,1784538726510.0,1784538726575.1006,751.805,20397.0,65.101,1784537526510.0,21213.906
ss-34-600000,1784538723861.5605,1784538723963,1784538726510.0,1784538726575.1013,101.439,2547.0,65.101,1784537526510.0,2713.541
ss-35-600000,1784538715961.2004,1784538716613,1784538726510.0,1784538726575.1018,651.8,9897.0,65.102,1784537526510.0,10613.901
ss-36-600000,1784538723461.2117,1784538723963,1784538726510.0,1784538726575.1028,501.788,2547.0,65.103,1784537526510.0,3113.891
ss-37-600000,1784538722911.2002,1784538722914,1784538726510.0,1784538726575.1033,2.8,3596.0,65.103,1784537526510.0,3663.903
ss-38-600000,1784538724311.1848,1784538725013,1784538726510.0,1784538726575.1038,701.815,1497.0,65.104,1784537526510.0,2263.919
ss-39-600000,1784538718761.1846,1784538719763,1784538726510.0,1784538726575.1194,1001.815,6747.0,65.119,1784537526510.0,7813.935
ss-4-600000,1784538723561.203,1784538723963,1784538726510.0,1784538726575.1292,401.797,2547.0,65.129,1784537526510.0,3013.926
ss-40-600000,1784538704811.199,1784538705063,1784538726510.0,1784538726575.1301,251.801,21447.0,65.13,1784537526510.0,21763.931
ss-41-600000,1784538721061.203,1784538721863,1784538726510.0,1784538726575.1355,801.797,4647.0,65.135,1784537526510.0,5513.933
ss-42-600000,1784538716961.214,1784538717664,1784538726510.0,1784538726575.137,702.786,8846.0,65.137,1784537526510.0,9613.923
ss-43-600000,1784538723661.209,1784538723963,1784538726510.0,1784538726575.1377,301.791,2547.0,65.138,1784537526510.0,2913.929
ss-44-600000,1784538723311.198,1784538723963,1784538726510.0,1784538726575.1387,651.802,2547.0,65.139,1784537526510.0,3263.941
ss-45-600000,1784538722811.1995,1784538722914,1784538726510.0,1784538726575.1394,102.801,3596.0,65.139,1784537526510.0,3763.94
ss-46-600000,1784538718711.1948,1784538718713,1784538726510.0,1784538726575.1406,1.805,7797.0,65.141,1784537526510.0,7863.946
ss-47-600000,1784538724711.2156,1784538725013,1784538726510.0,1784538726575.1453,301.784,1497.0,65.145,1784537526510.0,1863.93
ss-48-600000,1784538708261.1921,1784538709263,1784538726510.0,1784538726575.1462,1001.808,17247.0,65.146,1784537526510.0,18313.954
ss-49-600000,1784538723111.1995,1784538723963,1784538726510.0,1784538726575.147,851.801,2547.0,65.147,1784537526510.0,3463.948
ss-5-600000,1784538721711.2012,1784538721863,1784538726510.0,1784538726575.1516,151.799,4647.0,65.152,1784537526510.0,4863.95
ss-50-600000,1784538721611.2134,1784538721863,1784538726510.0,1784538726575.1523,251.787,4647.0,65.152,1784537526510.0,4963.939
ss-51-600000,1784538724161.1943,1784538725013,1784538726511.0,1784538726575.153,851.806,1498.0,64.153,1784537526511.0,2413.959
ss-52-600000,1784538722511.1958,1784538722914,1784538726511.0,1784538726575.1616,402.804,3597.0,64.162,1784537526511.0,4063.966
ss-53-600000,1784538722161.1982,1784538722914,1784538726511.0,1784538726575.167,752.802,3597.0,64.167,1784537526511.0,4413.969
ss-54-600000,1784538717161.2131,1784538717664,1784538726511.0,1784538726575.1677,502.787,8847.0,64.168,1784537526511.0,9413.955
ss-55-600000,1784538720861.1907,1784538721863,1784538726511.0,1784538726575.1836,1001.809,4648.0,64.184,1784537526511.0,5713.993
ss-56-600000,1784538724661.1948,1784538725013,1784538726511.0,1784538726575.1885,351.805,1498.0,64.188,1784537526511.0,1913.994
ss-57-600000,1784538724461.1917,1784538725013,1784538726511.0,1784538726575.194,551.808,1498.0,64.194,1784537526511.0,2114.002
ss-58-600000,1784538722111.1934,1784538722914,1784538726511.0,1784538726575.195,802.807,3597.0,64.195,1784537526511.0,4464.002
ss-59-600000,1784538720811.54,1784538720813,1784538726511.0,1784538726575.1958,1.46,5698.0,64.196,1784537526511.0,5763.656
ss-6-600000,1784538721761.194,1784538721863,1784538726511.0,1784538726575.204,101.806,4648.0,64.204,1784537526511.0,4814.01
ss-60-600000,1784538724361.195,1784538725013,1784538726511.0,1784538726575.205,651.805,1498.0,64.205,1784537526511.0,2214.01
ss-61-600000,1784538705111.1978,1784538706113,1784538726511.0,1784538726575.2056,1001.802,20398.0,64.206,1784537526511.0,21464.008
ss-62-600000,1784538714111.1868,1784538714513,1784538726511.0,1784538726575.2104,401.813,11998.0,64.21,1784537526511.0,12464.024
ss-63-600000,1784538722261.206,1784538722914,1784538726511.0,1784538726575.2185,652.794,3597.0,64.219,1784537526511.0,4314.012
ss-64-600000,1784538719261.1907,1784538719763,1784538726511.0,1784538726575.2192,501.809,6748.0,64.219,1784537526511.0,7314.029
ss-65-600000,1784538720611.19,1784538720813,1784538726511.0,1784538726575.2256,201.81,5698.0,64.226,1784537526511.0,5964.036
ss-66-600000,1784538720761.1858,1784538720813,1784538726511.0,1784538726575.2263,51.814,5698.0,64.226,1784537526511.0,5814.041
ss-67-600000,1784538711261.2056,1784538711363,1784538726511.0,1784538726575.2834,101.794,15148.0,64.283,1784537526511.0,15314.078
ss-68-600000,1784538723061.1897,1784538723963,1784538726511.0,1784538726575.2852,901.81,2548.0,64.285,1784537526511.0,3514.095
ss-69-600000,1784538713111.1982,1784538713464,1784538726511.0,1784538726575.2861,352.802,13047.0,64.286,1784537526511.0,13464.088
ss-7-600000,1784538720911.1917,1784538721863,1784538726511.0,1784538726575.2869,951.808,4648.0,64.287,1784537526511.0,5664.095
ss-70-600000,1784538719861.1995,1784538720813,1784538726511.0,1784538726575.4468,951.801,5698.0,64.447,1784537526511.0,6714.247
ss-71-600000,1784538722961.2004,1784538723963,1784538726511.0,1784538726575.4485,1001.8,2548.0,64.448,1784537526511.0,3614.248
ss-72-600000,1784538720211.1968,1784538720813,1784538726511.0,1784538726575.4492,601.803,5698.0,64.449,1784537526511.0,6364.252
ss-73-600000,1784538718211.193,1784538718713,1784538726511.0,1784538726575.4502,501.807,7798.0,64.45,1784537526511.0,8364.257
ss-74-600000,1784538724261.1858,1784538725013,1784538726511.0,1784538726575.451,751.814,1498.0,64.451,1784537526511.0,2314.265
ss-75-600000,1784538721961.2036,1784538722914,1784538726511.0,1784538726575.4524,952.796,3597.0,64.452,1784537526511.0,4614.249
ss-76-600000,1784538724611.1875,1784538725013,1784538726511.0,1784538726575.4531,401.812,1498.0,64.453,1784537526511.0,1964.266
ss-77-600000,1784538724811.2024,1784538725013,1784538726511.0,1784538726575.4539,201.798,1498.0,64.454,1784537526511.0,1764.251
ss-78-600000,1784538715061.1992,1784538715564,1784538726511.0,1784538726575.4614,502.801,10947.0,64.461,1784537526511.0,11514.262
ss-79-600000,1784538717511.1946,1784538717664,1784538726511.0,1784538726575.4622,152.805,8847.0,64.462,1784537526511.0,9064.268
ss-8-600000,1784538723211.1917,1784538723963,1784538726511.0,1784538726575.463,751.808,2548.0,64.463,1784537526511.0,3364.271
ss-80-600000,1784538724211.2014,1784538725013,1784538726511.0,1784538726575.4636,801.799,1498.0,64.464,1784537526511.0,2364.262
ss-81-600000,1784538710211.2004,1784538710314,1784538726511.0,1784538726575.4644,102.8,16197.0,64.464,1784537526511.0,16364.264
ss-82-600000,1784538720261.1873,1784538720813,1784538726511.0,1784538726575.465,551.813,5698.0,64.465,1784537526511.0,6314.278
ss-83-600000,1784538718861.1943,1784538719763,1784538726511.0,1784538726575.4658,901.806,6748.0,64.466,1784537526511.0,7714.271
ss-84-600000,1784538714511.2095,1784538714513,1784538726511.0,1784538726575.4666,1.791,11998.0,64.467,1784537526511.0,12064.257
ss-85-600000,1784538723611.192,1784538723963,1784538726511.0,1784538726575.4673,351.808,2548.0,64.467,1784537526511.0,2964.275
ss-86-600000,1784538724961.2153,1784538725013,1784538726511.0,1784538726575.4678,51.785,1498.0,64.468,1784537526511.0,1614.252
ss-87-600000,1784538717661.2065,1784538717664,1784538726511.0,1784538726575.4685,2.793,8847.0,64.469,1784537526511.0,8914.262
ss-88-600000,1784538719661.2046,1784538719763,1784538726511.0,1784538726575.4692,101.795,6748.0,64.469,1784537526511.0,6914.265
ss-89-600000,1784538709361.1914,1784538710314,1784538726511.0,1784538726575.47,952.809,16197.0,64.47,1784537526511.0,17214.279
ss-9-600000,1784538720711.1968,1784538720813,1784538726512.0,1784538726575.4707,101.803,5699.0,63.471,1784537526512.0,5864.274
ss-90-600000,1784538724561.197,1784538725013,1784538726512.0,1784538726575.4714,451.803,1499.0,63.471,1784537526512.0,2014.274
ss-91-600000,1784538722611.2153,1784538722914,1784538726512.0,1784538726575.5764,302.785,3598.0,63.576,1784537526512.0,3964.361
ss-92-600000,1784538719611.2017,1784538719763,1784538726512.0,1784538726575.5776,151.798,6749.0,63.578,1784537526512.0,6964.376
ss-93-600000,1784538708461.196,1784538709263,1784538726512.0,1784538726575.579,801.804,17249.0,63.579,1784537526512.0,18114.383
ss-94-600000,1784538715211.1973,1784538715564,1784538726512.0,1784538726575.5798,352.803,10948.0,63.58,1784537526512.0,11364.383
ss-95-600000,1784538718561.1985,1784538718713,1784538726512.0,1784538726575.5806,151.802,7799.0,63.581,1784537526512.0,8014.382
ss-96-600000,1784538724911.2153,1784538725013,1784538726512.0,1784538726575.5813,101.785,1499.0,63.581,1784537526512.0,1664.366
ss-97-600000,1784538721661.2021,1784538721863,1784538726512.0,1784538726575.582,201.798,4649.0,63.582,1784537526512.0,4914.38
ss-98-600000,1784538721011.196,1784538721863,1784538726512.0,1784538726575.5828,851.804,4649.0,63.583,1784537526512.0,5564.387
ss-99-600000,1784538703711.2012,1784538704013,1784538726512.0,1784538726575.5835,301.799,22499.0,63.583,1784537526512.0,22864.382
ss-0-660000,1784538722061.199,1784538722914,1784538726512.0,1784538726575.5842,852.801,3598.0,63.584,1784537466512.0,4514.385
ss-1-660000,1784538720961.1758,1784538721863,1784538726512.0,1784538726575.593,901.824,4649.0,63.593,1784537466512.0,5614.417
ss-10-660000,1784538706411.1907,1784538707163,1784538726512.0,1784538726575.5938,751.809,19349.0,63.594,1784537466512.0,20164.403
ss-11-660000,1784538723811.193,1784538723963,1784538726512.0,1784538726575.5945,151.807,2549.0,63.594,1784537466512.0,2764.401
ss-12-660000,1784538721313.5486,1784538721863,1784538726512.0,1784538726575.5952,549.451,4649.0,63.595,1784537466512.0,5262.047
ss-13-660000,1784538715611.1924,1784538716613,1784538726512.0,1784538726575.596,1001.808,9899.0,63.596,1784537466512.0,10964.404
ss-14-660000,1784538723011.214,1784538723963,1784538726512.0,1784538726575.5964,951.786,2549.0,63.596,1784537466512.0,3564.382
ss-15-660000,1784538723261.201,1784538723963,1784538726512.0,1784538726575.5972,701.799,2549.0,63.597,1784537466512.0,3314.396
ss-16-660000,1784538724511.195,1784538725013,1784538726512.0,1784538726575.598,501.805,1499.0,63.598,1784537466512.0,2064.403
ss-17-660000,1784538711511.1992,1784538712414,1784538726512.0,1784538726575.5984,902.801,14098.0,63.598,1784537466512.0,15064.399
ss-18-660000,1784538720511.1946,1784538720813,1784538726512.0,1784538726575.659,301.805,5699.0,63.659,1784537466512.0,6064.464
ss-19-660000,1784538723711.193,1784538723963,1784538726512.0,1784538726575.6602,251.807,2549.0,63.66,1784537466512.0,2864.467
ss-2-660000,1784538722661.1973,1784538722914,1784538726512.0,1784538726575.6606,252.803,3598.0,63.661,1784537466512.0,3914.463
ss-20-660000,1784538721911.1934,1784538722914,1784538726512.0,1784538726575.6658,1002.807,3598.0,63.666,1784537466512.0,4664.472
ss-21-660000,1784538721211.2078,1784538721863,1784538726512.0,1784538726575.6663,651.792,4649.0,63.666,1784537466512.0,5364.458
ss-22-660000,1784538722761.202,1784538722914,1784538726512.0,1784538726575.6687,152.798,3598.0,63.669,1784537466512.0,3814.467
ss-23-660000,1784538722861.2014,1784538722914,1784538726512.0,1784538726575.6694,52.799,3598.0,63.669,1784537466512.0,3714.468
ss-24-660000,1784538723411.1975,1784538723963,1784538726512.0,1784538726575.6702,551.802,2549.0,63.67,1784537466512.0,3164.473
ss-25-660000,1784538720411.1924,1784538720813,1784538726512.0,1784538726575.6729,401.808,5699.0,63.673,1784537466512.0,6164.48
ss-26-660000,1784538724411.2043,1784538725013,1784538726512.0,1784538726575.6733,601.796,1499.0,63.673,1784537466512.0,2164.469
ss-27-660000,1784538724861.2122,1784538725013,1784538726512.0,1784538726575.6816,151.788,1499.0,63.682,1784537466512.0,1714.469
ss-28-660000,1784538721861.1956,1784538721863,1784538726512.0,1784538726575.6821,1.804,4649.0,63.682,1784537466512.0,4714.487
ss-29-660000,1784538718011.201,1784538718713,1784538726512.0,1784538726575.6824,701.799,7799.0,63.682,1784537466512.0,8564.481
ss-3-660000,1784538720661.191,1784538720813,1784538726512.0,1784538726575.6826,151.809,5699.0,63.683,1784537466512.0,5914.492
ss-30-660000,1784538724011.1953,1784538725013,1784538726512.0,1784538726575.6858,1001.805,1499.0,63.686,1784537466512.0,2564.49
ss-31-660000,1784538724761.2053,1784538725013,1784538726512.0,1784538726575.688,251.795,1499.0,63.688,1784537466512.0,1814.483
ss-32-660000,1784538722211.1936,1784538722914,1784538726512.0,1784538726575.6885,702.806,3598.0,63.688,1784537466512.0,4364.495
ss-33-660000,1784538705361.1946,1784538706113,1784538726512.0,1784538726575.6887,751.805,20399.0,63.689,1784537466512.0,21214.494
ss-34-660000,1784538723861.5605,1784538723963,1784538726512.0,1784538726575.7014,101.439,2549.0,63.701,1784537466512.0,2714.141
ss-35-660000,1784538715961.2004,1784538716613,1784538726512.0,1784538726575.702,651.8,9899.0,63.702,1784537466512.0,10614.501
ss-36-660000,1784538723461.2117,1784538723963,1784538726512.0,1784538726575.7056,501.788,2549.0,63.706,1784537466512.0,3114.494
ss-37-660000,1784538722911.2002,1784538722914,1784538726512.0,1784538726575.709,2.8,3598.0,63.709,1784537466512.0,3664.509
ss-38-660000,1784538724311.1848,1784538725013,1784538726512.0,1784538726575.918,701.815,1499.0,63.918,1784537466512.0,2264.733
ss-39-660000,1784538718761.1846,1784538719763,1784538726512.0,1784538726575.9194,1001.815,6749.0,63.919,1784537466512.0,7814.735
ss-4-660000,1784538723561.203,1784538723963,1784538726512.0,1784538726575.9202,401.797,2549.0,63.92,1784537466512.0,3014.717
ss-40-660000,1784538704811.199,1784538705063,1784538726512.0,1784538726575.9211,251.801,21449.0,63.921,1784537466512.0,21764.722
ss-41-660000,1784538721061.203,1784538721863,1784538726512.0,1784538726575.922,801.797,4649.0,63.922,1784537466512.0,5514.719
ss-42-660000,1784538716961.214,1784538717664,1784538726512.0,1784538726575.9297,702.786,8848.0,63.93,1784537466512.0,9614.716
ss-43-660000,1784538723661.209,1784538723963,1784538726512.0,1784538726575.9304,301.791,2549.0,63.93,1784537466512.0,2914.721
ss-44-660000,1784538723311.198,1784538723963,1784538726512.0,1784538726575.9312,651.802,2549.0,63.931,1784537466512.0,3264.733
ss-45-660000,1784538722811.1995,1784538722914,1784538726512.0,1784538726575.9316,102.801,3598.0,63.932,1784537466512.0,3764.732
ss-46-660000,1784538718711.1948,1784538718713,1784538726512.0,1784538726575.9324,1.805,7799.0,63.932,1784537466512.0,7864.738
ss-47-660000,1784538724711.2156,1784538725013,1784538726513.0,1784538726575.9329,301.784,1500.0,62.933,1784537466513.0,1864.717
ss-48-660000,1784538708261.1921,1784538709263,1784538726513.0,1784538726575.9336,1001.808,17250.0,62.934,1784537466513.0,18314.741
ss-49-660000,1784538723111.1995,1784538723963,1784538726513.0,1784538726575.934,851.801,2550.0,62.934,1784537466513.0,3464.735
ss-5-660000,1784538721711.2012,1784538721863,1784538726513.0,1784538726575.9346,151.799,4650.0,62.935,1784537466513.0,4864.733
ss-50-660000,1784538721611.2134,1784538721863,1784538726513.0,1784538726575.9355,251.787,4650.0,62.936,1784537466513.0,4964.722
ss-51-660000,1784538724161.1943,1784538725013,1784538726513.0,1784538726575.936,851.806,1500.0,62.936,1784537466513.0,2414.742
ss-52-660000,1784538722511.1958,1784538722914,1784538726513.0,1784538726575.9365,402.804,3599.0,62.937,1784537466513.0,4064.741
ss-53-660000,1784538722161.1982,1784538722914,1784538726513.0,1784538726575.937,752.802,3599.0,62.937,1784537466513.0,4414.739
ss-54-660000,1784538717161.2131,1784538717664,1784538726513.0,1784538726575.942,502.787,8849.0,62.942,1784537466513.0,9414.729
ss-55-660000,1784538720861.1907,1784538721863,1784538726513.0,1784538726575.9429,1001.809,4650.0,62.943,1784537466513.0,5714.752
ss-56-660000,1784538724661.1948,1784538725013,1784538726513.0,1784538726575.9436,351.805,1500.0,62.944,1784537466513.0,1914.749
ss-57-660000,1784538724461.1917,1784538725013,1784538726513.0,1784538726575.944,551.808,1500.0,62.944,1784537466513.0,2114.752
ss-58-660000,1784538722111.1934,1784538722914,1784538726513.0,1784538726575.9448,802.807,3599.0,62.945,1784537466513.0,4464.751
ss-59-660000,1784538720811.54,1784538720813,1784538726513.0,1784538726575.9456,1.46,5700.0,62.946,1784537466513.0,5764.406
ss-6-660000,1784538721761.194,1784538721863,1784538726513.0,1784538726575.9463,101.806,4650.0,62.946,1784537466513.0,4814.752
ss-60-660000,1784538724361.195,1784538725013,1784538726513.0,1784538726575.947,651.805,1500.0,62.947,1784537466513.0,2214.752
ss-61-660000,1784538705111.1978,1784538706113,1784538726513.0,1784538726576.0452,1001.802,20400.0,63.045,1784537466513.0,21464.847
ss-62-660000,1784538714111.1868,1784538714513,1784538726513.0,1784538726576.0464,401.813,12000.0,63.046,1784537466513.0,12464.86
ss-63-660000,1784538722261.206,1784538722914,1784538726513.0,1784538726576.0835,652.794,3599.0,63.083,1784537466513.0,4314.877
ss-64-660000,1784538719261.1907,1784538719763,1784538726513.0,1784538726576.1382,501.809,6750.0,63.138,1784537466513.0,7314.948
ss-65-660000,1784538720611.19,1784538720813,1784538726513.0,1784538726576.1401,201.81,5700.0,63.14,1784537466513.0,5964.95
ss-66-660000,1784538720761.1858,1784538720813,1784538726513.0,1784538726576.1636,51.814,5700.0,63.164,1784537466513.0,5814.978
ss-67-660000,1784538711261.2056,1784538711363,1784538726513.0,1784538726576.1648,101.794,15150.0,63.165,1784537466513.0,15314.959
ss-68-660000,1784538723061.1897,1784538723963,1784538726513.0,1784538726576.1655,901.81,2550.0,63.166,1784537466513.0,3514.976
ss-69-660000,1784538713111.1982,1784538713464,1784538726513.0,1784538726576.1665,352.802,13049.0,63.167,1784537466513.0,13464.968
ss-7-660000,1784538720911.1917,1784538721863,1784538726513.0,1784538726576.1675,951.808,4650.0,63.167,1784537466513.0,5664.976
ss-70-660000,1784538719861.1995,1784538720813,1784538726513.0,1784538726576.1682,951.801,5700.0,63.168,1784537466513.0,6714.969
ss-71-660000,1784538722961.2004,1784538723963,1784538726513.0,1784538726576.169,1001.8,2550.0,63.169,1784537466513.0,3614.969
ss-72-660000,1784538720211.1968,1784538720813,1784538726513.0,1784538726576.17,601.803,5700.0,63.17,1784537466513.0,6364.973
ss-73-660000,1784538718211.193,1784538718713,1784538726513.0,1784538726576.1707,501.807,7800.0,63.171,1784537466513.0,8364.978
ss-74-660000,1784538724261.1858,1784538725013,1784538726513.0,1784538726576.1716,751.814,1500.0,63.172,1784537466513.0,2314.986
ss-75-660000,1784538721961.2036,1784538722914,1784538726513.0,1784538726576.1724,952.796,3599.0,63.172,1784537466513.0,4614.969
ss-76-660000,1784538724611.1875,1784538725013,1784538726513.0,1784538726576.1812,401.812,1500.0,63.181,1784537466513.0,1964.994
ss-77-660000,1784538724811.2024,1784538725013,1784538726513.0,1784538726576.1824,201.798,1500.0,63.182,1784537466513.0,1764.98
ss-78-660000,1784538715061.1992,1784538715564,1784538726513.0,1784538726576.183,502.801,10949.0,63.183,1784537466513.0,11514.984
ss-79-660000,1784538717511.1946,1784538717664,1784538726513.0,1784538726576.1907,152.805,8849.0,63.191,1784537466513.0,9064.996
ss-8-660000,1784538723211.1917,1784538723963,1784538726513.0,1784538726576.1914,751.808,2550.0,63.191,1784537466513.0,3365.0
ss-80-660000,1784538724211.2014,1784538725013,1784538726513.0,1784538726576.1973,801.799,1500.0,63.197,1784537466513.0,2364.996
ss-81-660000,1784538710211.2004,1784538710314,1784538726513.0,1784538726576.1982,102.8,16199.0,63.198,1784537466513.0,16364.998
ss-82-660000,1784538720261.1873,1784538720813,1784538726513.0,1784538726576.2034,551.813,5700.0,63.203,1784537466513.0,6315.016
ss-83-660000,1784538718861.1943,1784538719763,1784538726513.0,1784538726576.2043,901.806,6750.0,63.204,1784537466513.0,7715.01
ss-84-660000,1784538714511.2095,1784538714513,1784538726513.0,1784538726576.2126,1.791,12000.0,63.213,1784537466513.0,12065.003
ss-85-660000,1784538723611.192,1784538723963,1784538726513.0,1784538726576.2136,351.808,2550.0,63.214,1784537466513.0,2965.022
ss-86-660000,1784538724961.2153,1784538725013,1784538726513.0,1784538726576.2144,51.785,1500.0,63.214,1784537466513.0,1614.999
ss-87-660000,1784538717661.2065,1784538717664,1784538726513.0,1784538726576.215,2.793,8849.0,63.215,1784537466513.0,8915.009
ss-88-660000,1784538719661.2046,1784538719763,1784538726513.0,1784538726576.2158,101.795,6750.0,63.216,1784537466513.0,6915.011
ss-89-660000,1784538709361.1914,1784538710314,1784538726513.0,1784538726576.2166,952.809,16199.0,63.217,1784537466513.0,17215.025
ss-9-660000,1784538720711.1968,1784538720813,1784538726513.0,1784538726576.2227,101.803,5700.0,63.223,1784537466513.0,5865.026
ss-90-660000,1784538724561.197,1784538725013,1784538726513.0,1784538726576.2236,451.803,1500.0,63.224,1784537466513.0,2015.027
ss-91-660000,1784538722611.2153,1784538722914,1784538726513.0,1784538726576.2246,302.785,3599.0,63.225,1784537466513.0,3965.009
ss-92-660000,1784538719611.2017,1784538719763,1784538726513.0,1784538726576.2253,151.798,6750.0,63.225,1784537466513.0,6965.024
ss-93-660000,1784538708461.196,1784538709263,1784538726513.0,1784538726576.2268,801.804,17250.0,63.227,1784537466513.0,18115.031
ss-94-660000,1784538715211.1973,1784538715564,1784538726513.0,1784538726576.2275,352.803,10949.0,63.228,1784537466513.0,11365.03
ss-95-660000,1784538718561.1985,1784538718713,1784538726513.0,1784538726576.2283,151.802,7800.0,63.228,1784537466513.0,8015.03
ss-96-660000,1784538724911.2153,1784538725013,1784538726513.0,1784538726576.229,101.785,1500.0,63.229,1784537466513.0,1665.014
ss-97-660000,1784538721661.2021,1784538721863,1784538726513.0,1784538726576.23,201.798,4650.0,63.23,1784537466513.0,4915.028
ss-98-660000,1784538721011.196,1784538721863,1784538726513.0,1784538726576.2385,851.804,4650.0,63.239,1784537466513.0,5565.042
ss-99-660000,1784538703711.2012,1784538704013,1784538726513.0,1784538726576.2395,301.799,22500.0,63.24,1784537466513.0,22865.038
ss-0-720000,1784538722061.199,1784538722914,1784538726513.0,1784538726576.2405,852.801,3599.0,63.24,1784537406513.0,4515.042
ss-1-720000,1784538720961.1758,1784538721863,1784538726513.0,1784538726576.242,901.824,4650.0,63.242,1784537406513.0,5615.066
ss-10-720000,1784538706411.1907,1784538707163,1784538726513.0,1784538726576.243,751.809,19350.0,63.243,1784537406513.0,20165.052
ss-11-720000,1784538723811.193,1784538723963,1784538726513.0,1784538726576.2437,151.807,2550.0,63.244,1784537406513.0,2765.051
ss-12-720000,1784538721313.5486,1784538721863,1784538726513.0,1784538726576.2493,549.451,4650.0,63.249,1784537406513.0,5262.701
ss-13-720000,1784538715611.1924,1784538716613,1784538726513.0,1784538726576.2573,1001.808,9900.0,63.257,1784537406513.0,10965.065
ss-14-720000,1784538723011.214,1784538723963,1784538726513.0,1784538726576.258,951.786,2550.0,63.258,1784537406513.0,3565.044
ss-15-720000,1784538723261.201,1784538723963,1784538726513.0,1784538726576.259,701.799,2550.0,63.259,1784537406513.0,3315.058
ss-16-720000,1784538724511.195,1784538725013,1784538726513.0,1784538726576.2656,501.805,1500.0,63.266,1784537406513.0,2065.071
ss-17-720000,1784538711511.1992,1784538712414,1784538726513.0,1784538726576.2722,902.801,14099.0,63.272,1784537406513.0,15065.073
ss-18-720000,1784538720511.1946,1784538720813,1784538726514.0,1784538726576.2788,301.805,5701.0,62.279,1784537406514.0,6065.084
ss-19-720000,1784538723711.193,1784538723963,1784538726514.0,1784538726576.3325,251.807,2551.0,62.333,1784537406514.0,2865.139
ss-2-720000,1784538722661.1973,1784538722914,1784538726514.0,1784538726576.334,252.803,3600.0,62.334,1784537406514.0,3915.137
ss-20-720000,1784538721911.1934,1784538722914,1784538726514.0,1784538726576.3347,1002.807,3600.0,62.335,1784537406514.0,4665.141
ss-21-720000,1784538721211.2078,1784538721863,1784538726514.0,1784538726576.3787,651.792,4651.0,62.379,1784537406514.0,5365.171
ss-22-720000,1784538722761.202,1784538722914,1784538726514.0,1784538726576.38,152.798,3600.0,62.38,1784537406514.0,3815.178
ss-23-720000,1784538722861.2014,1784538722914,1784538726514.0,1784538726576.3848,52.799,3600.0,62.385,1784537406514.0,3715.183
ss-24-720000,1784538723411.1975,1784538723963,1784538726514.0,1784538726576.3857,551.802,2551.0,62.386,1784537406514.0,3165.188
ss-25-720000,1784538720411.1924,1784538720813,1784538726514.0,1784538726576.3865,401.808,5701.0,62.386,1784537406514.0,6165.194
ss-26-720000,1784538724411.2043,1784538725013,1784538726514.0,1784538726576.3994,601.796,1501.0,62.399,1784537406514.0,2165.195
ss-27-720000,1784538724861.2122,1784538725013,1784538726514.0,1784538726576.4004,151.788,1501.0,62.4,1784537406514.0,1715.188
ss-28-720000,1784538721861.1956,1784538721863,1784538726514.0,1784538726576.4011,1.804,4651.0,62.401,1784537406514.0,4715.206
ss-29-720000,1784538718011.201,1784538718713,1784538726514.0,1784538726576.408,701.799,7801.0,62.408,1784537406514.0,8565.207
ss-3-720000,1784538720661.191,1784538720813,1784538726514.0,1784538726576.409,151.809,5701.0,62.409,1784537406514.0,5915.218
ss-30-720000,1784538724011.1953,1784538725013,1784538726514.0,1784538726576.4097,1001.805,1501.0,62.41,1784537406514.0,2565.214
ss-31-720000,1784538724761.2053,1784538725013,1784538726514.0,1784538726576.4924,251.795,1501.0,62.492,1784537406514.0,1815.287
ss-32-720000,1784538722211.1936,1784538722914,1784538726514.0,1784538726576.4937,702.806,3600.0,62.494,1784537406514.0,4365.3
ss-33-720000,1784538705361.1946,1784538706113,1784538726514.0,1784538726576.4946,751.805,20401.0,62.495,1784537406514.0,21215.3
ss-34-720000,1784538723861.5605,1784538723963,1784538726514.0,1784538726576.495,101.439,2551.0,62.495,1784537406514.0,2714.935
ss-35-720000,1784538715961.2004,1784538716613,1784538726514.0,1784538726576.4956,651.8,9901.0,62.496,1784537406514.0,10615.295
ss-36-720000,1784538723461.2117,1784538723963,1784538726514.0,1784538726576.5073,501.788,2551.0,62.507,1784537406514.0,3115.296
ss-37-720000,1784538722911.2002,1784538722914,1784538726514.0,1784538726576.508,2.8,3600.0,62.508,1784537406514.0,3665.308
ss-38-720000,1784538724311.1848,1784538725013,1784538726514.0,1784538726576.5088,701.815,1501.0,62.509,1784537406514.0,2265.324
ss-39-720000,1784538718761.1846,1784538719763,1784538726514.0,1784538726576.5178,1001.815,6751.0,62.518,1784537406514.0,7815.333
ss-4-720000,1784538723561.203,1784538723963,1784538726514.0,1784538726576.5188,401.797,2551.0,62.519,1784537406514.0,3015.316
ss-40-720000,1784538704811.199,1784538705063,1784538726514.0,1784538726576.5195,251.801,21451.0,62.52,1784537406514.0,21765.321
ss-41-720000,1784538721061.203,1784538721863,1784538726514.0,1784538726576.531,801.797,4651.0,62.531,1784537406514.0,5515.328
ss-42-720000,1784538716961.214,1784538717664,1784538726514.0,1784538726576.5315,702.786,8850.0,62.531,1784537406514.0,9615.317
ss-43-720000,1784538723661.209,1784538723963,1784538726514.0,1784538726576.532,301.791,2551.0,62.532,1784537406514.0,2915.323
ss-44-720000,1784538723311.198,1784538723963,1784538726514.0,1784538726576.5325,651.802,2551.0,62.532,1784537406514.0,3265.334
ss-45-720000,1784538722811.1995,1784538722914,1784538726514.0,1784538726576.533,102.801,3600.0,62.533,1784537406514.0,3765.333
ss-46-720000,1784538718711.1948,1784538718713,1784538726514.0,1784538726576.5947,1.805,7801.0,62.595,1784537406514.0,7865.4
ss-47-720000,1784538724711.2156,1784538725013,1784538726514.0,1784538726576.596,301.784,1501.0,62.596,1784537406514.0,1865.38
ss-48-720000,1784538708261.1921,1784538709263,1784538726514.0,1784538726576.5994,1001.808,17251.0,62.599,1784537406514.0,18315.407
ss-49-720000,1784538723111.1995,1784538723963,1784538726514.0,1784538726576.6,851.801,2551.0,62.6,1784537406514.0,3465.401
ss-5-720000,1784538721711.2012,1784538721863,1784538726514.0,1784538726576.6006,151.799,4651.0,62.601,1784537406514.0,4865.399
ss-50-720000,1784538721611.2134,1784538721863,1784538726514.0,1784538726576.6008,251.787,4651.0,62.601,1784537406514.0,4965.387
ss-51-720000,1784538724161.1943,1784538725013,1784538726514.0,1784538726576.6016,851.806,1501.0,62.602,1784537406514.0,2415.407
ss-52-720000,1784538722511.1958,1784538722914,1784538726514.0,1784538726576.6055,402.804,3600.0,62.605,1784537406514.0,4065.41
ss-53-720000,1784538722161.1982,1784538722914,1784538726514.0,1784538726576.606,752.802,3600.0,62.606,1784537406514.0,4415.408
ss-54-720000,1784538717161.2131,1784538717664,1784538726514.0,1784538726576.623,502.787,8850.0,62.623,1784537406514.0,9415.41
ss-55-720000,1784538720861.1907,1784538721863,1784538726514.0,1784538726576.6233,1001.809,4651.0,62.623,1784537406514.0,5715.433
ss-56-720000,1784538724661.1948,1784538725013,1784538726514.0,1784538726576.6235,351.805,1501.0,62.624,1784537406514.0,1915.429
ss-57-720000,1784538724461.1917,1784538725013,1784538726514.0,1784538726576.6262,551.808,1501.0,62.626,1784537406514.0,2115.435
ss-58-720000,1784538722111.1934,1784538722914,1784538726514.0,1784538726576.6267,802.807,3600.0,62.627,1784537406514.0,4465.433
ss-59-720000,1784538720811.54,1784538720813,1784538726514.0,1784538726576.627,1.46,5701.0,62.627,1784537406514.0,5765.087
ss-6-720000,1784538721761.194,1784538721863,1784538726514.0,1784538726576.6387,101.806,4651.0,62.639,1784537406514.0,4815.445
ss-60-720000,1784538724361.195,1784538725013,1784538726514.0,1784538726576.639,651.805,1501.0,62.639,1784537406514.0,2215.444
ss-61-720000,1784538705111.1978,1784538706113,1784538726514.0,1784538726576.662,1001.802,20401.0,62.662,1784537406514.0,21465.464
ss-62-720000,1784538714111.1868,1784538714513,1784538726514.0,1784538726576.6626,401.813,12001.0,62.663,1784537406514.0,12465.476
ss-63-720000,1784538722261.206,1784538722914,1784538726514.0,1784538726576.663,652.794,3600.0,62.663,1784537406514.0,4315.457
ss-64-720000,1784538719261.1907,1784538719763,1784538726514.0,1784538726576.7043,501.809,6751.0,62.704,1784537406514.0,7315.514
ss-65-720000,1784538720611.19,1784538720813,1784538726514.0,1784538726576.7048,201.81,5701.0,62.705,1784537406514.0,5965.515
ss-66-720000,1784538720761.1858,1784538720813,1784538726514.0,1784538726576.7073,51.814,5701.0,62.707,1784537406514.0,5815.521
ss-67-720000,1784538711261.2056,1784538711363,1784538726514.0,1784538726576.708,101.794,15151.0,62.708,1784537406514.0,15315.502
ss-68-720000,1784538723061.1897,1784538723963,1784538726514.0,1784538726576.7117,901.81,2551.0,62.712,1784537406514.0,3515.522
ss-69-720000,1784538713111.1982,1784538713464,1784538726514.0,1784538726576.7808,352.802,13050.0,62.781,1784537406514.0,13465.583
ss-7-720000,1784538720911.1917,1784538721863,1784538726514.0,1784538726576.783,951.808,4651.0,62.783,1784537406514.0,5665.591
ss-70-720000,1784538719861.1995,1784538720813,1784538726514.0,1784538726576.784,951.801,5701.0,62.784,1784537406514.0,6715.584
ss-71-720000,1784538722961.2004,1784538723963,1784538726514.0,1784538726576.7847,1001.8,2551.0,62.785,1784537406514.0,3615.584
ss-72-720000,1784538720211.1968,1784538720813,1784538726514.0,1784538726576.786,601.803,5701.0,62.786,1784537406514.0,6365.589
ss-73-720000,1784538718211.193,1784538718713,1784538726514.0,1784538726576.787,501.807,7801.0,62.787,1784537406514.0,8365.594
ss-74-720000,1784538724261.1858,1784538725013,1784538726514.0,1784538726576.7878,751.814,1501.0,62.788,1784537406514.0,2315.602
ss-75-720000,1784538721961.2036,1784538722914,1784538726514.0,1784538726576.7886,952.796,3600.0,62.789,1784537406514.0,4615.585
ss-76-720000,1784538724611.1875,1784538725013,1784538726514.0,1784538726576.7983,401.812,1501.0,62.798,1784537406514.0,1965.611
ss-77-720000,1784538724811.2024,1784538725013,1784538726514.0,1784538726576.7993,201.798,1501.0,62.799,1784537406514.0,1765.597
ss-78-720000,1784538715061.1992,1784538715564,1784538726514.0,1784538726576.8005,502.801,10950.0,62.801,1784537406514.0,11515.601
ss-79-720000,1784538717511.1946,1784538717664,1784538726514.0,1784538726576.8013,152.805,8850.0,62.801,1784537406514.0,9065.607
ss-8-720000,1784538723211.1917,1784538723963,1784538726514.0,1784538726576.861,751.808,2551.0,62.861,1784537406514.0,3365.669
ss-80-720000,1784538724211.2014,1784538725013,1784538726514.0,1784538726576.8625,801.799,1501.0,62.863,1784537406514.0,2365.661
ss-81-720000,1784538710211.2004,1784538710314,1784538726514.0,1784538726576.8704,102.8,16200.0,62.87,1784537406514.0,16365.67
ss-82-720000,1784538720261.1873,1784538720813,1784538726514.0,1784538726576.8708,551.813,5701.0,62.871,1784537406514.0,6315.684
ss-83-720000,1784538718861.1943,1784538719763,1784538726514.0,1784538726576.8716,901.806,6751.0,62.872,1784537406514.0,7715.677
ss-84-720000,1784538714511.2095,1784538714513,1784538726514.0,1784538726576.8723,1.791,12001.0,62.872,1784537406514.0,12065.663
ss-85-720000,1784538723611.192,1784538723963,1784538726514.0,1784538726576.8806,351.808,2551.0,62.881,1784537406514.0,2965.689
ss-86-720000,1784538724961.2153,1784538725013,1784538726514.0,1784538726576.8813,51.785,1501.0,62.881,1784537406514.0,1615.666
ss-87-720000,1784538717661.2065,1784538717664,1784538726514.0,1784538726576.8818,2.793,8850.0,62.882,1784537406514.0,8915.675
ss-88-720000,1784538719661.2046,1784538719763,1784538726514.0,1784538726576.8823,101.795,6751.0,62.882,1784537406514.0,6915.678
ss-89-720000,1784538709361.1914,1784538710314,1784538726514.0,1784538726576.8826,952.809,16200.0,62.883,1784537406514.0,17215.691
ss-9-720000,1784538720711.1968,1784538720813,1784538726514.0,1784538726576.8943,101.803,5701.0,62.894,1784537406514.0,5865.698
ss-90-720000,1784538724561.197,1784538725013,1784538726514.0,1784538726576.8953,451.803,1501.0,62.895,1784537406514.0,2015.698
ss-91-720000,1784538722611.2153,1784538722914,1784538726514.0,1784538726576.9055,302.785,3600.0,62.906,1784537406514.0,3965.69
ss-92-720000,1784538719611.2017,1784538719763,1784538726514.0,1784538726576.9062,151.798,6751.0,62.906,1784537406514.0,6965.705
ss-93-720000,1784538708461.196,1784538709263,1784538726514.0,1784538726576.916,801.804,17251.0,62.916,1784537406514.0,18115.72
ss-94-720000,1784538715211.1973,1784538715564,1784538726514.0,1784538726576.9165,352.803,10950.0,62.917,1784537406514.0,11365.719
ss-95-720000,1784538718561.1985,1784538718713,1784538726514.0,1784538726576.917,151.802,7801.0,62.917,1784537406514.0,8015.719
ss-96-720000,1784538724911.2153,1784538725013,1784538726514.0,1784538726576.9175,101.785,1501.0,62.917,1784537406514.0,1665.702
ss-97-720000,1784538721661.2021,1784538721863,1784538726514.0,1784538726576.9219,201.798,4651.0,62.922,1784537406514.0,4915.72
ss-98-720000,1784538721011.196,1784538721863,1784538726515.0,1784538726576.9368,851.804,4652.0,61.937,1784537406515.0,5565.741
ss-99-720000,1784538703711.2012,1784538704013,1784538726515.0,1784538726576.9373,301.799,22502.0,61.937,1784537406515.0,22865.736
ss-0-780000,1784538722061.199,1784538722914,1784538726515.0,1784538726576.9377,852.801,3601.0,61.938,1784537346515.0,4515.739
ss-1-780000,1784538720961.1758,1784538721863,1784538726515.0,1784538726576.9421,901.824,4652.0,61.942,1784537346515.0,5615.766
ss-11-780000,1784538723811.193,1784538723963,1784538726515.0,1784538726576.951,151.807,2552.0,61.951,1784537346515.0,2765.758
ss-12-780000,1784538721313.5486,1784538721863,1784538726515.0,1784538726576.9592,549.451,4652.0,61.959,1784537346515.0,5263.411
ss-13-780000,1784538715611.1924,1784538716613,1784538726515.0,1784538726576.9597,1001.808,9902.0,61.96,1784537346515.0,10965.767
ss-14-780000,1784538723011.214,1784538723963,1784538726515.0,1784538726576.993,951.786,2552.0,61.993,1784537346515.0,3565.779
ss-15-780000,1784538723261.201,1784538723963,1784538726515.0,1784538726577.0,701.799,2552.0,62.0,1784537346515.0,3315.799
ss-16-780000,1784538724511.195,1784538725013,1784538726515.0,1784538726577.0007,501.805,1502.0,62.001,1784537346515.0,2065.806
ss-18-780000,1784538720511.1946,1784538720813,1784538726515.0,1784538726577.0015,301.805,5702.0,62.001,1784537346515.0,6065.807
ss-19-780000,1784538723711.193,1784538723963,1784538726515.0,1784538726577.002,251.807,2552.0,62.002,1784537346515.0,2865.809
ss-2-780000,1784538722661.1973,1784538722914,1784538726515.0,1784538726577.0076,252.803,3601.0,62.008,1784537346515.0,3915.81
ss-20-780000,1784538721911.1934,1784538722914,1784538726515.0,1784538726577.008,1002.807,3601.0,62.008,1784537346515.0,4665.815
ss-21-780000,1784538721211.2078,1784538721863,1784538726515.0,1784538726577.013,651.792,4652.0,62.013,1784537346515.0,5365.805
ss-22-780000,1784538722761.202,1784538722914,1784538726515.0,1784538726577.0298,152.798,3601.0,62.03,1784537346515.0,3815.828
ss-23-780000,1784538722861.2014,1784538722914,1784538726515.0,1784538726577.0396,52.799,3601.0,62.04,1784537346515.0,3715.838
ss-24-780000,1784538723411.1975,1784538723963,1784538726515.0,1784538726577.044,551.802,2552.0,62.044,1784537346515.0,3165.846
ss-25-780000,1784538720411.1924,1784538720813,1784538726515.0,1784538726577.052,401.808,5702.0,62.052,1784537346515.0,6165.86
ss-26-780000,1784538724411.2043,1784538725013,1784538726515.0,1784538726577.1387,601.796,1502.0,62.139,1784537346515.0,2165.934
ss-27-780000,1784538724861.2122,1784538725013,1784538726515.0,1784538726577.141,151.788,1502.0,62.141,1784537346515.0,1715.929
ss-28-780000,1784538721861.1956,1784538721863,1784538726515.0,1784538726577.1423,1.804,4652.0,62.142,1784537346515.0,4715.947
ss-29-780000,1784538718011.201,1784538718713,1784538726515.0,1784538726577.143,701.799,7802.0,62.143,1784537346515.0,8565.942
ss-3-780000,1784538720661.191,1784538720813,1784538726515.0,1784538726577.144,151.809,5702.0,62.144,1784537346515.0,5915.953
ss-30-780000,1784538724011.1953,1784538725013,1784538726515.0,1784538726577.1448,1001.805,1502.0,62.145,1784537346515.0,2565.949
ss-31-780000,1784538724761.2053,1784538725013,1784538726515.0,1784538726577.156,251.795,1502.0,62.156,1784537346515.0,1815.951
ss-32-780000,1784538722211.1936,1784538722914,1784538726515.0,1784538726577.157,702.806,3601.0,62.157,1784537346515.0,4365.963
ss-34-780000,1784538723861.5605,1784538723963,1784538726515.0,1784538726577.158,101.439,2552.0,62.158,1784537346515.0,2715.597
ss-35-780000,1784538715961.2004,1784538716613,1784538726515.0,1784538726577.159,651.8,9902.0,62.159,1784537346515.0,10615.958
ss-36-780000,1784538723461.2117,1784538723963,1784538726515.0,1784538726577.1597,501.788,2552.0,62.16,1784537346515.0,3115.948
ss-37-780000,1784538722911.2002,1784538722914,1784538726515.0,1784538726577.222,2.8,3601.0,62.222,1784537346515.0,3666.022
ss-38-780000,1784538724311.1848,1784538725013,1784538726515.0,1784538726577.3206,701.815,1502.0,62.321,1784537346515.0,2266.136
ss-39-780000,1784538718761.1846,1784538719763,1784538726515.0,1784538726577.3213,1001.815,6752.0,62.321,1784537346515.0,7816.137
ss-4-780000,1784538723561.203,1784538723963,1784538726515.0,1784538726577.3218,401.797,2552.0,62.322,1784537346515.0,3016.119
ss-41-780000,1784538721061.203,1784538721863,1784538726515.0,1784538726577.3225,801.797,4652.0,62.323,1784537346515.0,5516.12
ss-42-780000,1784538716961.214,1784538717664,1784538726515.0,1784538726577.3228,702.786,8851.0,62.323,1784537346515.0,9616.109
ss-43-780000,1784538723661.209,1784538723963,1784538726515.0,1784538726577.3232,301.791,2552.0,62.323,1784537346515.0,2916.114
ss-44-780000,1784538723311.198,1784538723963,1784538726515.0,1784538726577.324,651.802,2552.0,62.324,1784537346515.0,3266.126
ss-45-780000,1784538722811.1995,1784538722914,1784538726515.0,1784538726577.3245,102.801,3601.0,62.324,1784537346515.0,3766.125
ss-46-780000,1784538718711.1948,1784538718713,1784538726515.0,1784538726577.3247,1.805,7802.0,62.325,1784537346515.0,7866.13
ss-47-780000,1784538724711.2156,1784538725013,1784538726515.0,1784538726577.3252,301.784,1502.0,62.325,1784537346515.0,1866.11
ss-49-780000,1784538723111.1995,1784538723963,1784538726515.0,1784538726577.3257,851.801,2552.0,62.326,1784537346515.0,3466.126
ss-5-780000,1784538721711.2012,1784538721863,1784538726515.0,1784538726577.3262,151.799,4652.0,62.326,1784537346515.0,4866.125
ss-50-780000,1784538721611.2134,1784538721863,1784538726515.0,1784538726577.3267,251.787,4652.0,62.327,1784537346515.0,4966.113
ss-51-780000,1784538724161.1943,1784538725013,1784538726515.0,1784538726577.3271,851.806,1502.0,62.327,1784537346515.0,2416.133
ss-52-780000,1784538722511.1958,1784538722914,1784538726515.0,1784538726577.3362,402.804,3601.0,62.336,1784537346515.0,4066.14
ss-53-780000,1784538722161.1982,1784538722914,1784538726515.0,1784538726577.3367,752.802,3601.0,62.337,1784537346515.0,4416.138
ss-54-780000,1784538717161.2131,1784538717664,1784538726515.0,1784538726577.3376,502.787,8851.0,62.338,1784537346515.0,9416.125
ss-55-780000,1784538720861.1907,1784538721863,1784538726515.0,1784538726577.3457,1001.809,4652.0,62.346,1784537346515.0,5716.155
ss-56-780000,1784538724661.1948,1784538725013,1784538726515.0,1784538726577.3462,351.805,1502.0,62.346,1784537346515.0,1916.151
ss-57-780000,1784538724461.1917,1784538725013,1784538726515.0,1784538726577.3467,551.808,1502.0,62.347,1784537346515.0,2116.155
ss-58-780000,1784538722111.1934,1784538722914,1784538726515.0,1784538726577.3472,802.807,3601.0,62.347,1784537346515.0,4466.154
ss-59-780000,1784538720811.54,1784538720813,1784538726515.0,1784538726577.3477,1.46,5702.0,62.348,1784537346515.0,5765.808
ss-6-780000,1784538721761.194,1784538721863,1784538726515.0,1784538726577.3481,101.806,4652.0,62.348,1784537346515.0,4816.154
ss-60-780000,1784538724361.195,1784538725013,1784538726515.0,1784538726577.3486,651.805,1502.0,62.349,1784537346515.0,2216.154
ss-63-780000,1784538722261.206,1784538722914,1784538726515.0,1784538726577.3574,652.794,3601.0,62.357,1784537346515.0,4316.151
ss-64-780000,1784538719261.1907,1784538719763,1784538726515.0,1784538726577.358,501.809,6752.0,62.358,1784537346515.0,7316.167
ss-65-780000,1784538720611.19,1784538720813,1784538726515.0,1784538726577.3584,201.81,5702.0,62.358,1784537346515.0,5966.168
ss-66-780000,1784538720761.1858,1784538720813,1784538726515.0,1784538726577.3674,51.814,5702.0,62.367,1784537346515.0,5816.182
ss-68-780000,1784538723061.1897,1784538723963,1784538726515.0,1784538726577.368,901.81,2552.0,62.368,1784537346515.0,3516.178
ss-7-780000,1784538720911.1917,1784538721863,1784538726515.0,1784538726577.3684,951.808,4652.0,62.368,1784537346515.0,5666.177
ss-70-780000,1784538719861.1995,1784538720813,1784538726515.0,1784538726577.3733,951.801,5702.0,62.373,1784537346515.0,6716.174
ss-71-780000,1784538722961.2004,1784538723963,1784538726515.0,1784538726577.381,1001.8,2552.0,62.381,1784537346515.0,3616.181
ss-72-780000,1784538720211.1968,1784538720813,1784538726515.0,1784538726577.3862,601.803,5702.0,62.386,1784537346515.0,6366.189
ss-73-780000,1784538718211.193,1784538718713,1784538726515.0,1784538726577.406,501.807,7802.0,62.406,1784537346515.0,8366.213
ss-74-780000,1784538724261.1858,1784538725013,1784538726515.0,1784538726577.4067,751.814,1502.0,62.407,1784537346515.0,2316.221
ss-75-780000,1784538721961.2036,1784538722914,1784538726515.0,1784538726577.4075,952.796,3601.0,62.407,1784537346515.0,4616.204
ss-76-780000,1784538724611.1875,1784538725013,1784538726515.0,1784538726577.4497,401.812,1502.0,62.45,1784537346515.0,1966.262
ss-77-780000,1784538724811.2024,1784538725013,1784538726515.0,1784538726577.4512,201.798,1502.0,62.451,1784537346515.0,1766.249
ss-78-780000,1784538715061.1992,1784538715564,1784538726515.0,1784538726577.4521,502.801,10951.0,62.452,1784537346515.0,11516.253
ss-79-780000,1784538717511.1946,1784538717664,1784538726515.0,1784538726577.4614,152.805,8851.0,62.461,1784537346515.0,9066.267
ss-8-780000,1784538723211.1917,1784538723963,1784538726515.0,1784538726577.4622,751.808,2552.0,62.462,1784537346515.0,3366.271
ss-80-780000,1784538724211.2014,1784538725013,1784538726515.0,1784538726577.4712,801.799,1502.0,62.471,1784537346515.0,2366.27
ss-82-780000,1784538720261.1873,1784538720813,1784538726515.0,1784538726577.4797,551.813,5702.0,62.48,1784537346515.0,6316.292
ss-83-780000,1784538718861.1943,1784538719763,1784538726515.0,1784538726577.4805,901.806,6752.0,62.48,1784537346515.0,7716.286
ss-85-780000,1784538723611.192,1784538723963,1784538726515.0,1784538726577.4812,351.808,2552.0,62.481,1784537346515.0,2966.289
ss-86-780000,1784538724961.2153,1784538725013,1784538726515.0,1784538726577.4863,51.785,1502.0,62.486,1784537346515.0,1616.271
ss-87-780000,1784538717661.2065,1784538717664,1784538726515.0,1784538726577.4927,2.793,8851.0,62.493,1784537346515.0,8916.286
ss-88-780000,1784538719661.2046,1784538719763,1784538726515.0,1784538726577.4934,101.795,6752.0,62.493,1784537346515.0,6916.289
ss-9-780000,1784538720711.1968,1784538720813,1784538726515.0,1784538726577.5178,101.803,5702.0,62.518,1784537346515.0,5866.321
ss-90-780000,1784538724561.197,1784538725013,1784538726515.0,1784538726577.5188,451.803,1502.0,62.519,1784537346515.0,2016.322
ss-91-780000,1784538722611.2153,1784538722914,1784538726515.0,1784538726577.5295,302.785,3601.0,62.53,1784537346515.0,3966.314
ss-92-780000,1784538719611.2017,1784538719763,1784538726515.0,1784538726577.5354,151.798,6752.0,62.535,1784537346515.0,6966.334
ss-94-780000,1784538715211.1973,1784538715564,1784538726515.0,1784538726577.5361,352.803,10951.0,62.536,1784537346515.0,11366.339
ss-95-780000,1784538718561.1985,1784538718713,1784538726515.0,1784538726577.5596,151.802,7802.0,62.56,1784537346515.0,8016.361
ss-96-780000,1784538724911.2153,1784538725013,1784538726515.0,1784538726577.56,101.785,1502.0,62.56,1784537346515.0,1666.345
ss-97-780000,1784538721661.2021,1784538721863,1784538726515.0,1784538726577.5667,201.798,4652.0,62.567,1784537346515.0,4916.365
ss-98-780000,1784538721011.196,1784538721863,1784538726515.0,1784538726577.5725,851.804,4652.0,62.573,1784537346515.0,5566.376
