kafka-streams-identity-1  | SLF4J: Failed to load class "org.slf4j.impl.StaticLoggerBinder".
kafka-streams-identity-1  | SLF4J: Defaulting to no-operation (NOP) logger implementation
kafka-streams-identity-1  | SLF4J: See http://www.slf4j.org/codes.html#StaticLoggerBinder for further details.
stream-state-bench-kafka  | ===> User
stream-state-bench-kafka  | uid=1000(appuser) gid=1000(appuser) groups=1000(appuser)
stream-state-bench-kafka  | ===> Setting default values of environment variables if not already set.
stream-state-bench-kafka  | ===> Configuring ...
stream-state-bench-kafka  | Running in KRaft mode...
stream-state-bench-kafka  | ===> Launching ... 
stream-state-bench-kafka  | ===> Using provided cluster id MkU3OEVBNTcwNTJENDM2Qk ...
stream-state-bench-kafka  | [2026-07-16 09:31:10,766] INFO Registered `kafka:type=kafka.Log4jController` MBean (kafka.utils.Log4jControllerRegistration$)
stream-state-bench-kafka  | [2026-07-16 09:31:10,851] INFO Registered signal handlers for TERM, INT, HUP (org.apache.kafka.common.utils.LoggingSignalHandler)
stream-state-bench-kafka  | [2026-07-16 09:31:10,852] INFO [ControllerServer id=1] Starting controller (kafka.server.ControllerServer)
stream-state-bench-kafka  | [2026-07-16 09:31:10,947] INFO Updated connection-accept-rate max connection creation rate to 2147483647 (kafka.network.ConnectionQuotas)
stream-state-bench-kafka  | [2026-07-16 09:31:10,969] INFO [SocketServer listenerType=CONTROLLER, nodeId=1] Created data-plane acceptor and processors for endpoint : ListenerName(CONTROLLER) (kafka.network.SocketServer)
stream-state-bench-kafka  | [2026-07-16 09:31:10,973] INFO authorizerStart completed for endpoint CONTROLLER. Endpoint is now READY. (org.apache.kafka.server.network.EndpointReadyFutures)
stream-state-bench-kafka  | [2026-07-16 09:31:10,974] INFO [SharedServer id=1] Starting SharedServer (kafka.server.SharedServer)
stream-state-bench-kafka  | [2026-07-16 09:31:10,996] INFO [LogLoader partition=__cluster_metadata-0, dir=/tmp/kafka-logs] Loading producer state till offset 0 (org.apache.kafka.storage.internals.log.UnifiedLog)
stream-state-bench-kafka  | [2026-07-16 09:31:10,997] INFO [LogLoader partition=__cluster_metadata-0, dir=/tmp/kafka-logs] Reloading from producer snapshot and rebuilding producer state from offset 0 (org.apache.kafka.storage.internals.log.UnifiedLog)
stream-state-bench-kafka  | [2026-07-16 09:31:10,997] INFO [LogLoader partition=__cluster_metadata-0, dir=/tmp/kafka-logs] Producer state recovery took 0ms for snapshot load and 0ms for segment recovery from offset 0 (org.apache.kafka.storage.internals.log.UnifiedLog)
stream-state-bench-kafka  | [2026-07-16 09:31:11,001] INFO [RaftLog partition=__cluster_metadata-0] Initialized snapshots with IDs [] from /tmp/kafka-logs/__cluster_metadata-0 (org.apache.kafka.raft.internals.KafkaRaftLog)
stream-state-bench-kafka  | [2026-07-16 09:31:11,005] INFO [raft-expiration-reaper]: Starting (org.apache.kafka.raft.TimingWheelExpirationService$ExpiredOperationReaper)
stream-state-bench-kafka  | [2026-07-16 09:31:11,007] INFO [RaftManager id=1] Reading KRaft snapshot and log as part of the initialization (org.apache.kafka.raft.KafkaRaftClient)
stream-state-bench-kafka  | [2026-07-16 09:31:11,007] INFO [RaftManager id=1] Starting voters are VoterSet(voters={1=VoterNode(voterKey=ReplicaKey(id=1, directoryId=<undefined>), listeners=Endpoints(endpoints={ListenerName(CONTROLLER)=kafka/<unresolved>:9093}), supportedKRaftVersion=SupportedVersionRange[min_version:0, max_version:0])}) (org.apache.kafka.raft.KafkaRaftClient)
stream-state-bench-kafka  | [2026-07-16 09:31:11,010] INFO [RaftManager id=1] Starting request manager with static voters: [kafka:9093 (id: 1 rack: null isFenced: false)] (org.apache.kafka.raft.KafkaRaftClient)
stream-state-bench-kafka  | [2026-07-16 09:31:11,013] INFO [RaftManager id=1] Attempting durable transition to UnattachedState(epoch=0, leaderId=OptionalInt.empty, votedKey=Optional.empty, voters=[1], electionTimeoutMs=1401, highWatermark=Optional.empty) from null (org.apache.kafka.raft.QuorumState)
stream-state-bench-kafka  | [2026-07-16 09:31:11,021] INFO [RaftManager id=1] Completed transition to UnattachedState(epoch=0, leaderId=OptionalInt.empty, votedKey=Optional.empty, voters=[1], electionTimeoutMs=1401, highWatermark=Optional.empty) from null (org.apache.kafka.raft.QuorumState)
stream-state-bench-kafka  | [2026-07-16 09:31:11,026] INFO [RaftManager id=1] Completed transition to ProspectiveState(epoch=0, leaderId=OptionalInt.empty, votedKey=Optional.empty, epochElection=EpochElection[voterStates={1=VoterState(replicaKey=ReplicaKey(id=1, directoryId=<undefined>), state=GRANTED)}], electionTimeoutMs=1380, highWatermark=Optional.empty) from UnattachedState(epoch=0, leaderId=OptionalInt.empty, votedKey=Optional.empty, voters=[1], electionTimeoutMs=1401, highWatermark=Optional.empty) (org.apache.kafka.raft.QuorumState)
stream-state-bench-kafka  | [2026-07-16 09:31:11,027] INFO [RaftManager id=1] Attempting durable transition to CandidateState(localId=1, localDirectoryId=KydUsiTa0m-XiX9yu3QNvQ, epoch=1, epochElection=EpochElection[voterStates={1=VoterState(replicaKey=ReplicaKey(id=1, directoryId=<undefined>), state=GRANTED)}], highWatermark=Optional.empty, electionTimeoutMs=1566) from ProspectiveState(epoch=0, leaderId=OptionalInt.empty, votedKey=Optional.empty, epochElection=EpochElection[voterStates={1=VoterState(replicaKey=ReplicaKey(id=1, directoryId=<undefined>), state=GRANTED)}], electionTimeoutMs=1380, highWatermark=Optional.empty) (org.apache.kafka.raft.QuorumState)
stream-state-bench-kafka  | [2026-07-16 09:31:11,030] INFO [RaftManager id=1] Completed transition to CandidateState(localId=1, localDirectoryId=KydUsiTa0m-XiX9yu3QNvQ, epoch=1, epochElection=EpochElection[voterStates={1=VoterState(replicaKey=ReplicaKey(id=1, directoryId=<undefined>), state=GRANTED)}], highWatermark=Optional.empty, electionTimeoutMs=1566) from ProspectiveState(epoch=0, leaderId=OptionalInt.empty, votedKey=Optional.empty, epochElection=EpochElection[voterStates={1=VoterState(replicaKey=ReplicaKey(id=1, directoryId=<undefined>), state=GRANTED)}], electionTimeoutMs=1380, highWatermark=Optional.empty) (org.apache.kafka.raft.QuorumState)
stream-state-bench-kafka  | [2026-07-16 09:31:11,033] INFO [RaftManager id=1] Attempting durable transition to Leader(localVoterNode=VoterNode(voterKey=ReplicaKey(id=1, directoryId=KydUsiTa0m-XiX9yu3QNvQ), listeners=Endpoints(endpoints={ListenerName(CONTROLLER)=kafka/<unresolved>:9093}), supportedKRaftVersion=SupportedVersionRange[min_version:0, max_version:1]), epoch=1, epochStartOffset=0, highWatermark=Optional.empty, voterStates={1=ReplicaState(replicaKey=ReplicaKey(id=1, directoryId=<undefined>), endOffset=Optional.empty, lastFetchTimestamp=-1, lastCaughtUpTimestamp=-1, hasAcknowledgedLeader=true)}) from CandidateState(localId=1, localDirectoryId=KydUsiTa0m-XiX9yu3QNvQ, epoch=1, epochElection=EpochElection[voterStates={1=VoterState(replicaKey=ReplicaKey(id=1, directoryId=<undefined>), state=GRANTED)}], highWatermark=Optional.empty, electionTimeoutMs=1566) (org.apache.kafka.raft.QuorumState)
stream-state-bench-kafka  | [2026-07-16 09:31:11,035] INFO [RaftManager id=1] Completed transition to Leader(localVoterNode=VoterNode(voterKey=ReplicaKey(id=1, directoryId=KydUsiTa0m-XiX9yu3QNvQ), listeners=Endpoints(endpoints={ListenerName(CONTROLLER)=kafka/<unresolved>:9093}), supportedKRaftVersion=SupportedVersionRange[min_version:0, max_version:1]), epoch=1, epochStartOffset=0, highWatermark=Optional.empty, voterStates={1=ReplicaState(replicaKey=ReplicaKey(id=1, directoryId=<undefined>), endOffset=Optional.empty, lastFetchTimestamp=-1, lastCaughtUpTimestamp=-1, hasAcknowledgedLeader=true)}) from CandidateState(localId=1, localDirectoryId=KydUsiTa0m-XiX9yu3QNvQ, epoch=1, epochElection=EpochElection[voterStates={1=VoterState(replicaKey=ReplicaKey(id=1, directoryId=<undefined>), state=GRANTED)}], highWatermark=Optional.empty, electionTimeoutMs=1566) (org.apache.kafka.raft.QuorumState)
stream-state-bench-kafka  | [2026-07-16 09:31:11,048] INFO [kafka-1-raft-outbound-request-thread]: Starting (org.apache.kafka.raft.KafkaNetworkChannel$SendThread)
stream-state-bench-kafka  | [2026-07-16 09:31:11,048] INFO [kafka-1-raft-io-thread]: Starting (org.apache.kafka.raft.KafkaRaftClientDriver)
stream-state-bench-kafka  | [2026-07-16 09:31:11,053] INFO [MetadataLoader id=1] initializeNewPublishers: the loader is still catching up because we still don't know the high water mark yet. (org.apache.kafka.image.loader.MetadataLoader)
stream-state-bench-kafka  | [2026-07-16 09:31:11,053] INFO [ControllerServer id=1] Waiting for controller quorum voters future (kafka.server.ControllerServer)
stream-state-bench-kafka  | [2026-07-16 09:31:11,053] INFO [ControllerServer id=1] Finished waiting for controller quorum voters future (kafka.server.ControllerServer)
stream-state-bench-kafka  | [2026-07-16 09:31:11,058] INFO [RaftManager id=1] High watermark set to LogOffsetMetadata(offset=1, metadata=Optional[(segmentBaseOffset=0,relativePositionInSegment=91)]) for the first time for epoch 1 based on indexOfHw 0 and voters [ReplicaState(replicaKey=ReplicaKey(id=1, directoryId=<undefined>), endOffset=Optional[LogOffsetMetadata(offset=1, metadata=Optional[(segmentBaseOffset=0,relativePositionInSegment=91)])], lastFetchTimestamp=-1, lastCaughtUpTimestamp=-1, hasAcknowledgedLeader=true)] (org.apache.kafka.raft.LeaderState)
stream-state-bench-kafka  | [2026-07-16 09:31:11,063] INFO [RaftManager id=1] Registered the listener org.apache.kafka.image.loader.MetadataLoader@599708519 (org.apache.kafka.raft.KafkaRaftClient)
stream-state-bench-kafka  | [2026-07-16 09:31:11,063] INFO [RaftManager id=1] Registered the listener org.apache.kafka.controller.QuorumController$QuorumMetaLogListener@777912293 (org.apache.kafka.raft.KafkaRaftClient)
stream-state-bench-kafka  | [2026-07-16 09:31:11,063] INFO [controller-1-ThrottledChannelReaper-Fetch]: Starting (org.apache.kafka.server.quota.ClientQuotaManager$ThrottledChannelReaper)
stream-state-bench-kafka  | [2026-07-16 09:31:11,064] INFO [RaftManager id=1] Setting the next offset of org.apache.kafka.controller.QuorumController$QuorumMetaLogListener@777912293 to 0 since there are no snapshots (org.apache.kafka.raft.KafkaRaftClient)
stream-state-bench-kafka  | [2026-07-16 09:31:11,064] INFO [controller-1-ThrottledChannelReaper-Produce]: Starting (org.apache.kafka.server.quota.ClientQuotaManager$ThrottledChannelReaper)
stream-state-bench-kafka  | [2026-07-16 09:31:11,064] INFO [controller-1-ThrottledChannelReaper-Request]: Starting (org.apache.kafka.server.quota.ClientQuotaManager$ThrottledChannelReaper)
stream-state-bench-kafka  | [2026-07-16 09:31:11,064] INFO [controller-1-ThrottledChannelReaper-ControllerMutation]: Starting (org.apache.kafka.server.quota.ClientQuotaManager$ThrottledChannelReaper)
stream-state-bench-kafka  | [2026-07-16 09:31:11,064] INFO [RaftManager id=1] Setting the next offset of org.apache.kafka.image.loader.MetadataLoader@599708519 to 0 since there are no snapshots (org.apache.kafka.raft.KafkaRaftClient)
stream-state-bench-kafka  | [2026-07-16 09:31:11,065] INFO [MetadataLoader id=1] maybePublishMetadata(LOG_DELTA): The loader is still catching up because we have not loaded a controller record as of offset 0 and high water mark is 1 (org.apache.kafka.image.loader.MetadataLoader)
stream-state-bench-kafka  | [2026-07-16 09:31:11,067] INFO [ExpirationReaper-1-AlterAcls]: Starting (org.apache.kafka.server.purgatory.DelayedOperationPurgatory$ExpiredOperationReaper)
stream-state-bench-kafka  | [2026-07-16 09:31:11,081] INFO [ControllerServer id=1] Waiting for the controller metadata publishers to be installed (kafka.server.ControllerServer)
stream-state-bench-kafka  | [2026-07-16 09:31:11,082] INFO [ControllerServer id=1] Finished waiting for the controller metadata publishers to be installed (kafka.server.ControllerServer)
stream-state-bench-kafka  | [2026-07-16 09:31:11,082] INFO [MetadataLoader id=1] initializeNewPublishers: The loader is still catching up because we have not loaded a controller record as of offset 0 and high water mark is 1 (org.apache.kafka.image.loader.MetadataLoader)
stream-state-bench-kafka  | [2026-07-16 09:31:11,082] INFO [SocketServer listenerType=CONTROLLER, nodeId=1] Enabling request processing. (kafka.network.SocketServer)
stream-state-bench-kafka  | [2026-07-16 09:31:11,083] INFO Awaiting socket connections on 0.0.0.0:9093. (kafka.network.DataPlaneAcceptor)
stream-state-bench-kafka  | [2026-07-16 09:31:11,087] INFO [controller-1-to-controller-registration-channel-manager]: Starting (org.apache.kafka.server.NodeToControllerRequestThread)
stream-state-bench-kafka  | [2026-07-16 09:31:11,087] INFO [ControllerServer id=1] Waiting for all of the authorizer futures to be completed (kafka.server.ControllerServer)
stream-state-bench-kafka  | [2026-07-16 09:31:11,087] INFO [ControllerServer id=1] Finished waiting for all of the authorizer futures to be completed (kafka.server.ControllerServer)
stream-state-bench-kafka  | [2026-07-16 09:31:11,087] INFO Recorded new KRaft controller, from now on will use node kafka:9093 (id: 1 rack: null isFenced: false) (org.apache.kafka.server.NodeToControllerRequestThread)
stream-state-bench-kafka  | [2026-07-16 09:31:11,087] INFO [ControllerServer id=1] Waiting for all of the SocketServer Acceptors to be started (kafka.server.ControllerServer)
stream-state-bench-kafka  | [2026-07-16 09:31:11,087] INFO [ControllerServer id=1] Finished waiting for all of the SocketServer Acceptors to be started (kafka.server.ControllerServer)
stream-state-bench-kafka  | [2026-07-16 09:31:11,087] INFO [ControllerRegistrationManager id=1 incarnation=1ZywwNbQR4CU4QgFynhHIg] initialized channel manager. (kafka.server.ControllerRegistrationManager)
stream-state-bench-kafka  | [2026-07-16 09:31:11,088] INFO [ControllerRegistrationManager id=1 incarnation=1ZywwNbQR4CU4QgFynhHIg] maybeSendControllerRegistration: cannot register yet because the metadata.version is not known yet. (kafka.server.ControllerRegistrationManager)
stream-state-bench-kafka  | [2026-07-16 09:31:11,088] INFO [BrokerServer id=1] Transition from SHUTDOWN to STARTING (kafka.server.BrokerServer)
stream-state-bench-kafka  | [2026-07-16 09:31:11,088] INFO [BrokerServer id=1] Starting broker (kafka.server.BrokerServer)
stream-state-bench-kafka  | [2026-07-16 09:31:11,091] INFO [broker-1-ThrottledChannelReaper-Fetch]: Starting (org.apache.kafka.server.quota.ClientQuotaManager$ThrottledChannelReaper)
stream-state-bench-kafka  | [2026-07-16 09:31:11,091] INFO [broker-1-ThrottledChannelReaper-Produce]: Starting (org.apache.kafka.server.quota.ClientQuotaManager$ThrottledChannelReaper)
stream-state-bench-kafka  | [2026-07-16 09:31:11,091] INFO [broker-1-ThrottledChannelReaper-Request]: Starting (org.apache.kafka.server.quota.ClientQuotaManager$ThrottledChannelReaper)
stream-state-bench-kafka  | [2026-07-16 09:31:11,091] INFO [broker-1-ThrottledChannelReaper-ControllerMutation]: Starting (org.apache.kafka.server.quota.ClientQuotaManager$ThrottledChannelReaper)
stream-state-bench-kafka  | [2026-07-16 09:31:11,098] INFO [BrokerServer id=1] Waiting for controller quorum voters future (kafka.server.BrokerServer)
stream-state-bench-kafka  | [2026-07-16 09:31:11,098] INFO [BrokerServer id=1] Finished waiting for controller quorum voters future (kafka.server.BrokerServer)
stream-state-bench-kafka  | [2026-07-16 09:31:11,098] INFO [MetadataLoader id=1] maybePublishMetadata(LOG_DELTA): The loader finished catching up to the current high water mark of 10 (org.apache.kafka.image.loader.MetadataLoader)
stream-state-bench-kafka  | [2026-07-16 09:31:11,099] INFO [broker-1-to-controller-forwarding-channel-manager]: Starting (org.apache.kafka.server.NodeToControllerRequestThread)
stream-state-bench-kafka  | [2026-07-16 09:31:11,099] INFO Recorded new KRaft controller, from now on will use node kafka:9093 (id: 1 rack: null isFenced: false) (org.apache.kafka.server.NodeToControllerRequestThread)
stream-state-bench-kafka  | [2026-07-16 09:31:11,099] INFO [MetadataLoader id=1] InitializeNewPublishers: initializing SnapshotGenerator with a snapshot at offset 9 (org.apache.kafka.image.loader.MetadataLoader)
stream-state-bench-kafka  | [2026-07-16 09:31:11,100] INFO [MetadataLoader id=1] InitializeNewPublishers: initializing KRaftMetadataCachePublisher with a snapshot at offset 9 (org.apache.kafka.image.loader.MetadataLoader)
stream-state-bench-kafka  | [2026-07-16 09:31:11,100] INFO [MetadataLoader id=1] InitializeNewPublishers: initializing FeaturesPublisher with a snapshot at offset 9 (org.apache.kafka.image.loader.MetadataLoader)
stream-state-bench-kafka  | [2026-07-16 09:31:11,101] INFO [client-metrics-reaper]: Starting (org.apache.kafka.server.util.timer.SystemTimerReaper$Reaper)
stream-state-bench-kafka  | [2026-07-16 09:31:11,104] INFO [ControllerServer id=1] Loaded new metadata FinalizedFeatures[metadataVersion=4.3-IV0, finalizedFeatures={group.version=1, streams.version=1, transaction.version=2, eligible.leader.replicas.version=1, share.version=1, metadata.version=30}, finalizedFeaturesEpoch=9]. (org.apache.kafka.metadata.publisher.FeaturesPublisher)
stream-state-bench-kafka  | [2026-07-16 09:31:11,104] INFO [MetadataLoader id=1] InitializeNewPublishers: initializing ControllerRegistrationsPublisher with a snapshot at offset 9 (org.apache.kafka.image.loader.MetadataLoader)
stream-state-bench-kafka  | [2026-07-16 09:31:11,104] INFO [MetadataLoader id=1] InitializeNewPublishers: initializing ControllerRegistrationManager with a snapshot at offset 9 (org.apache.kafka.image.loader.MetadataLoader)
stream-state-bench-kafka  | [2026-07-16 09:31:11,104] INFO [MetadataLoader id=1] InitializeNewPublishers: initializing DynamicConfigPublisher controller id=1 with a snapshot at offset 9 (org.apache.kafka.image.loader.MetadataLoader)
stream-state-bench-kafka  | [2026-07-16 09:31:11,107] INFO [DynamicConfigPublisher controller id=1] Updating cluster configuration : min.insync.replicas -> 1 (kafka.server.metadata.DynamicConfigPublisher)
stream-state-bench-kafka  | [2026-07-16 09:31:11,109] INFO AbstractConfig values: 
stream-state-bench-kafka  | 	group.consumer.assignment.interval.ms = 1000
stream-state-bench-kafka  | 	group.consumer.assignors = [uniform, range]
stream-state-bench-kafka  | 	group.consumer.heartbeat.interval.ms = 5000
stream-state-bench-kafka  | 	group.consumer.max.assignment.interval.ms = 15000
stream-state-bench-kafka  | 	group.consumer.max.heartbeat.interval.ms = 15000
stream-state-bench-kafka  | 	group.consumer.max.session.timeout.ms = 60000
stream-state-bench-kafka  | 	group.consumer.max.size = 2147483647
stream-state-bench-kafka  | 	group.consumer.migration.policy = bidirectional
stream-state-bench-kafka  | 	group.consumer.min.assignment.interval.ms = 0
stream-state-bench-kafka  | 	group.consumer.min.heartbeat.interval.ms = 5000
stream-state-bench-kafka  | 	group.consumer.min.session.timeout.ms = 45000
stream-state-bench-kafka  | 	group.consumer.regex.refresh.interval.ms = 600000
stream-state-bench-kafka  | 	group.consumer.session.timeout.ms = 45000
stream-state-bench-kafka  | 	group.coordinator.append.linger.ms = -1
stream-state-bench-kafka  | 	group.coordinator.background.threads = 2
stream-state-bench-kafka  | 	group.coordinator.cached.buffer.max.bytes = 1048588
stream-state-bench-kafka  | 	group.coordinator.rebalance.protocols = [classic, consumer, streams]
stream-state-bench-kafka  | 	group.coordinator.threads = 4
stream-state-bench-kafka  | 	group.initial.rebalance.delay.ms = 0
stream-state-bench-kafka  | 	group.max.session.timeout.ms = 1800000
stream-state-bench-kafka  | 	group.max.size = 2147483647
stream-state-bench-kafka  | 	group.min.session.timeout.ms = 6000
stream-state-bench-kafka  | 	group.share.assignment.interval.ms = 1000
stream-state-bench-kafka  | 	group.share.assignors = [simple]
stream-state-bench-kafka  | 	group.share.heartbeat.interval.ms = 5000
stream-state-bench-kafka  | 	group.share.initialize.retry.interval.ms = 30000
stream-state-bench-kafka  | 	group.share.max.assignment.interval.ms = 15000
stream-state-bench-kafka  | 	group.share.max.heartbeat.interval.ms = 15000
stream-state-bench-kafka  | 	group.share.max.session.timeout.ms = 60000
stream-state-bench-kafka  | 	group.share.max.size = 200
stream-state-bench-kafka  | 	group.share.min.assignment.interval.ms = 0
stream-state-bench-kafka  | 	group.share.min.heartbeat.interval.ms = 5000
stream-state-bench-kafka  | 	group.share.min.session.timeout.ms = 45000
stream-state-bench-kafka  | 	group.share.session.timeout.ms = 45000
stream-state-bench-kafka  | 	group.streams.assignment.interval.ms = 1000
stream-state-bench-kafka  | 	group.streams.heartbeat.interval.ms = 5000
stream-state-bench-kafka  | 	group.streams.initial.rebalance.delay.ms = 3000
stream-state-bench-kafka  | 	group.streams.max.assignment.interval.ms = 15000
stream-state-bench-kafka  | 	group.streams.max.heartbeat.interval.ms = 15000
stream-state-bench-kafka  | 	group.streams.max.session.timeout.ms = 60000
stream-state-bench-kafka  | 	group.streams.max.size = 2147483647
stream-state-bench-kafka  | 	group.streams.max.standby.replicas = 2
stream-state-bench-kafka  | 	group.streams.min.assignment.interval.ms = 0
stream-state-bench-kafka  | 	group.streams.min.heartbeat.interval.ms = 5000
stream-state-bench-kafka  | 	group.streams.min.session.timeout.ms = 45000
stream-state-bench-kafka  | 	group.streams.num.standby.replicas = 0
stream-state-bench-kafka  | 	group.streams.session.timeout.ms = 45000
stream-state-bench-kafka  | 	offset.metadata.max.bytes = 4096
stream-state-bench-kafka  | 	offsets.commit.timeout.ms = 5000
stream-state-bench-kafka  | 	offsets.load.buffer.size = 5242880
stream-state-bench-kafka  | 	offsets.retention.check.interval.ms = 600000
stream-state-bench-kafka  | 	offsets.retention.minutes = 10080
stream-state-bench-kafka  | 	offsets.topic.compression.codec = 0
stream-state-bench-kafka  | 	offsets.topic.num.partitions = 50
stream-state-bench-kafka  | 	offsets.topic.replication.factor = 1
stream-state-bench-kafka  | 	offsets.topic.segment.bytes = 104857600
stream-state-bench-kafka  |  (org.apache.kafka.common.config.AbstractConfig)
stream-state-bench-kafka  | [2026-07-16 09:31:11,110] INFO KafkaConfig values: 
stream-state-bench-kafka  | 	add.partitions.to.txn.retry.backoff.max.ms = 100
stream-state-bench-kafka  | 	add.partitions.to.txn.retry.backoff.ms = 20
stream-state-bench-kafka  | 	advertised.listeners = [PLAINTEXT://kafka:9092]
stream-state-bench-kafka  | 	alter.config.policy.class.name = null
stream-state-bench-kafka  | 	alter.log.dirs.replication.quota.window.num = 11
stream-state-bench-kafka  | 	alter.log.dirs.replication.quota.window.size.seconds = 1
stream-state-bench-kafka  | 	authorizer.class.name = 
stream-state-bench-kafka  | 	auto.create.topics.enable = false
stream-state-bench-kafka  | 	auto.leader.rebalance.enable = true
stream-state-bench-kafka  | 	background.threads = 10
stream-state-bench-kafka  | 	broker.heartbeat.interval.ms = 2000
stream-state-bench-kafka  | 	broker.id = 1
stream-state-bench-kafka  | 	broker.rack = null
stream-state-bench-kafka  | 	broker.session.timeout.ms = 9000
stream-state-bench-kafka  | 	client.quota.callback.class = null
stream-state-bench-kafka  | 	compression.gzip.level = -1
stream-state-bench-kafka  | 	compression.lz4.level = 9
stream-state-bench-kafka  | 	compression.type = producer
stream-state-bench-kafka  | 	compression.zstd.level = 3
stream-state-bench-kafka  | 	config.providers = []
stream-state-bench-kafka  | 	connection.failed.authentication.delay.ms = 100
stream-state-bench-kafka  | 	connections.max.idle.ms = 600000
stream-state-bench-kafka  | 	connections.max.reauth.ms = 0
stream-state-bench-kafka  | 	controlled.shutdown.enable = true
stream-state-bench-kafka  | 	controller.listener.names = [CONTROLLER]
stream-state-bench-kafka  | 	controller.performance.always.log.threshold.ms = 2000
stream-state-bench-kafka  | 	controller.performance.sample.period.ms = 60000
stream-state-bench-kafka  | 	controller.quorum.append.linger.ms = 25
stream-state-bench-kafka  | 	controller.quorum.auto.join.enable = false
stream-state-bench-kafka  | 	controller.quorum.bootstrap.servers = []
stream-state-bench-kafka  | 	controller.quorum.election.backoff.max.ms = 1000
stream-state-bench-kafka  | 	controller.quorum.election.timeout.ms = 1000
stream-state-bench-kafka  | 	controller.quorum.fetch.max.bytes = 1048576
stream-state-bench-kafka  | 	controller.quorum.fetch.snapshot.max.bytes = 1048576
stream-state-bench-kafka  | 	controller.quorum.fetch.timeout.ms = 2000
stream-state-bench-kafka  | 	controller.quorum.request.timeout.ms = 2000
stream-state-bench-kafka  | 	controller.quorum.retry.backoff.ms = 20
stream-state-bench-kafka  | 	controller.quorum.voters = [1@kafka:9093]
stream-state-bench-kafka  | 	controller.quota.window.num = 11
stream-state-bench-kafka  | 	controller.quota.window.size.seconds = 1
stream-state-bench-kafka  | 	controller.socket.timeout.ms = 30000
stream-state-bench-kafka  | 	cordoned.log.dirs = []
stream-state-bench-kafka  | 	create.topic.policy.class.name = null
stream-state-bench-kafka  | 	default.replication.factor = 1
stream-state-bench-kafka  | 	delegation.token.expiry.check.interval.ms = 3600000
stream-state-bench-kafka  | 	delegation.token.expiry.time.ms = 86400000
stream-state-bench-kafka  | 	delegation.token.max.lifetime.ms = 604800000
stream-state-bench-kafka  | 	delegation.token.secret.key = null
stream-state-bench-kafka  | 	delete.records.purgatory.purge.interval.requests = 1
stream-state-bench-kafka  | 	delete.topic.enable = true
stream-state-bench-kafka  | 	early.start.listeners = null
stream-state-bench-kafka  | 	fetch.max.bytes = 57671680
stream-state-bench-kafka  | 	fetch.purgatory.purge.interval.requests = 1000
stream-state-bench-kafka  | 	follower.fetch.last.tiered.offset.enable = false
stream-state-bench-kafka  | 	group.consumer.assignment.interval.ms = 1000
stream-state-bench-kafka  | 	group.consumer.assignors = [uniform, range]
stream-state-bench-kafka  | 	group.consumer.heartbeat.interval.ms = 5000
stream-state-bench-kafka  | 	group.consumer.max.assignment.interval.ms = 15000
stream-state-bench-kafka  | 	group.consumer.max.heartbeat.interval.ms = 15000
stream-state-bench-kafka  | 	group.consumer.max.session.timeout.ms = 60000
stream-state-bench-kafka  | 	group.consumer.max.size = 2147483647
stream-state-bench-kafka  | 	group.consumer.migration.policy = bidirectional
stream-state-bench-kafka  | 	group.consumer.min.assignment.interval.ms = 0
stream-state-bench-kafka  | 	group.consumer.min.heartbeat.interval.ms = 5000
stream-state-bench-kafka  | 	group.consumer.min.session.timeout.ms = 45000
stream-state-bench-kafka  | 	group.consumer.regex.refresh.interval.ms = 600000
stream-state-bench-kafka  | 	group.consumer.session.timeout.ms = 45000
stream-state-bench-kafka  | 	group.coordinator.append.linger.ms = -1
stream-state-bench-kafka  | 	group.coordinator.background.threads = 2
stream-state-bench-kafka  | 	group.coordinator.cached.buffer.max.bytes = 1048588
stream-state-bench-kafka  | 	group.coordinator.rebalance.protocols = [classic, consumer, streams]
stream-state-bench-kafka  | 	group.coordinator.threads = 4
stream-state-bench-kafka  | 	group.initial.rebalance.delay.ms = 0
stream-state-bench-kafka  | 	group.max.session.timeout.ms = 1800000
stream-state-bench-kafka  | 	group.max.size = 2147483647
stream-state-bench-kafka  | 	group.min.session.timeout.ms = 6000
stream-state-bench-kafka  | 	group.share.assignment.interval.ms = 1000
stream-state-bench-kafka  | 	group.share.assignors = [simple]
stream-state-bench-kafka  | 	group.share.delivery.count.limit = 5
stream-state-bench-kafka  | 	group.share.heartbeat.interval.ms = 5000
stream-state-bench-kafka  | 	group.share.initialize.retry.interval.ms = 30000
stream-state-bench-kafka  | 	group.share.max.assignment.interval.ms = 15000
stream-state-bench-kafka  | 	group.share.max.delivery.count.limit = 10
stream-state-bench-kafka  | 	group.share.max.heartbeat.interval.ms = 15000
stream-state-bench-kafka  | 	group.share.max.partition.max.record.locks = 4000
stream-state-bench-kafka  | 	group.share.max.record.lock.duration.ms = 60000
stream-state-bench-kafka  | 	group.share.max.session.timeout.ms = 60000
stream-state-bench-kafka  | 	group.share.max.share.sessions = 2000
stream-state-bench-kafka  | 	group.share.max.size = 200
stream-state-bench-kafka  | 	group.share.min.assignment.interval.ms = 0
stream-state-bench-kafka  | 	group.share.min.delivery.count.limit = 2
stream-state-bench-kafka  | 	group.share.min.heartbeat.interval.ms = 5000
stream-state-bench-kafka  | 	group.share.min.partition.max.record.locks = 100
stream-state-bench-kafka  | 	group.share.min.record.lock.duration.ms = 15000
stream-state-bench-kafka  | 	group.share.min.session.timeout.ms = 45000
stream-state-bench-kafka  | 	group.share.partition.max.record.locks = 2000
stream-state-bench-kafka  | 	group.share.persister.class.name = org.apache.kafka.server.share.persister.DefaultStatePersister
stream-state-bench-kafka  | 	group.share.record.lock.duration.ms = 30000
stream-state-bench-kafka  | 	group.share.session.timeout.ms = 45000
stream-state-bench-kafka  | 	group.streams.assignment.interval.ms = 1000
stream-state-bench-kafka  | 	group.streams.heartbeat.interval.ms = 5000
stream-state-bench-kafka  | 	group.streams.initial.rebalance.delay.ms = 3000
stream-state-bench-kafka  | 	group.streams.max.assignment.interval.ms = 15000
stream-state-bench-kafka  | 	group.streams.max.heartbeat.interval.ms = 15000
stream-state-bench-kafka  | 	group.streams.max.session.timeout.ms = 60000
stream-state-bench-kafka  | 	group.streams.max.size = 2147483647
stream-state-bench-kafka  | 	group.streams.max.standby.replicas = 2
stream-state-bench-kafka  | 	group.streams.min.assignment.interval.ms = 0
stream-state-bench-kafka  | 	group.streams.min.heartbeat.interval.ms = 5000
stream-state-bench-kafka  | 	group.streams.min.session.timeout.ms = 45000
stream-state-bench-kafka  | 	group.streams.num.standby.replicas = 0
stream-state-bench-kafka  | 	group.streams.session.timeout.ms = 45000
stream-state-bench-kafka  | 	initial.broker.registration.timeout.ms = 60000
stream-state-bench-kafka  | 	inter.broker.listener.name = null
stream-state-bench-kafka  | 	internal.metadata.delete.delay.millis = 60000
stream-state-bench-kafka  | 	internal.metadata.log.segment.bytes = null
stream-state-bench-kafka  | 	internal.metadata.max.batch.size.in.bytes = 8388608
stream-state-bench-kafka  | 	kafka.metrics.polling.interval.secs = 10
stream-state-bench-kafka  | 	kafka.metrics.reporters = []
stream-state-bench-kafka  | 	leader.imbalance.check.interval.seconds = 300
stream-state-bench-kafka  | 	listener.security.protocol.map = CONTROLLER:PLAINTEXT,PLAINTEXT:PLAINTEXT
stream-state-bench-kafka  | 	listeners = [PLAINTEXT://:9092, CONTROLLER://:9093]
stream-state-bench-kafka  | 	log.cleaner.backoff.ms = 15000
stream-state-bench-kafka  | 	log.cleaner.dedupe.buffer.size = 134217728
stream-state-bench-kafka  | 	log.cleaner.delete.retention.ms = 86400000
stream-state-bench-kafka  | 	log.cleaner.enable = true
stream-state-bench-kafka  | 	log.cleaner.io.buffer.load.factor = 0.9
stream-state-bench-kafka  | 	log.cleaner.io.buffer.size = 524288
stream-state-bench-kafka  | 	log.cleaner.io.max.bytes.per.second = 1.7976931348623157E308
stream-state-bench-kafka  | 	log.cleaner.max.compaction.lag.ms = 9223372036854775807
stream-state-bench-kafka  | 	log.cleaner.min.cleanable.ratio = 0.5
stream-state-bench-kafka  | 	log.cleaner.min.compaction.lag.ms = 0
stream-state-bench-kafka  | 	log.cleaner.threads = 1
stream-state-bench-kafka  | 	log.cleanup.policy = [delete]
stream-state-bench-kafka  | 	log.dir = [/tmp/kafka-logs]
stream-state-bench-kafka  | 	log.dir.failure.timeout.ms = 30000
stream-state-bench-kafka  | 	log.dirs = null
stream-state-bench-kafka  | 	log.flush.interval.messages = 9223372036854775807
stream-state-bench-kafka  | 	log.flush.interval.ms = null
stream-state-bench-kafka  | 	log.flush.offset.checkpoint.interval.ms = 60000
stream-state-bench-kafka  | 	log.flush.scheduler.interval.ms = 9223372036854775807
stream-state-bench-kafka  | 	log.flush.start.offset.checkpoint.interval.ms = 60000
stream-state-bench-kafka  | 	log.index.interval.bytes = 4096
stream-state-bench-kafka  | 	log.index.size.max.bytes = 10485760
stream-state-bench-kafka  | 	log.initial.task.delay.ms = 30000
stream-state-bench-kafka  | 	log.local.retention.bytes = -2
stream-state-bench-kafka  | 	log.local.retention.ms = -2
stream-state-bench-kafka  | 	log.message.timestamp.after.max.ms = 3600000
stream-state-bench-kafka  | 	log.message.timestamp.before.max.ms = 9223372036854775807
stream-state-bench-kafka  | 	log.message.timestamp.type = CreateTime
stream-state-bench-kafka  | 	log.preallocate = false
stream-state-bench-kafka  | 	log.retention.bytes = -1
stream-state-bench-kafka  | 	log.retention.check.interval.ms = 300000
stream-state-bench-kafka  | 	log.retention.hours = 168
stream-state-bench-kafka  | 	log.retention.minutes = null
stream-state-bench-kafka  | 	log.retention.ms = null
stream-state-bench-kafka  | 	log.roll.hours = 168
stream-state-bench-kafka  | 	log.roll.jitter.hours = 0
stream-state-bench-kafka  | 	log.roll.jitter.ms = null
stream-state-bench-kafka  | 	log.roll.ms = null
stream-state-bench-kafka  | 	log.segment.bytes = 1073741824
stream-state-bench-kafka  | 	log.segment.delete.delay.ms = 60000
stream-state-bench-kafka  | 	max.connection.creation.rate = 2147483647
stream-state-bench-kafka  | 	max.connections = 2147483647
stream-state-bench-kafka  | 	max.connections.per.ip = 2147483647
stream-state-bench-kafka  | 	max.connections.per.ip.overrides = 
stream-state-bench-kafka  | 	max.incremental.fetch.session.cache.slots = 1000
stream-state-bench-kafka  | 	max.request.partition.size.limit = 2000
stream-state-bench-kafka  | 	message.max.bytes = 1048588
stream-state-bench-kafka  | 	metadata.log.dir = null
stream-state-bench-kafka  | 	metadata.log.max.record.bytes.between.snapshots = 20971520
stream-state-bench-kafka  | 	metadata.log.max.snapshot.interval.ms = 3600000
stream-state-bench-kafka  | 	metadata.log.segment.bytes = 1073741824
stream-state-bench-kafka  | 	metadata.log.segment.ms = 604800000
stream-state-bench-kafka  | 	metadata.max.idle.interval.ms = 500
stream-state-bench-kafka  | 	metadata.max.retention.bytes = 104857600
stream-state-bench-kafka  | 	metadata.max.retention.ms = 604800000
stream-state-bench-kafka  | 	metric.reporters = [org.apache.kafka.common.metrics.JmxReporter]
stream-state-bench-kafka  | 	metrics.num.samples = 2
stream-state-bench-kafka  | 	metrics.recording.level = INFO
stream-state-bench-kafka  | 	metrics.sample.window.ms = 30000
stream-state-bench-kafka  | 	min.insync.replicas = 1
stream-state-bench-kafka  | 	node.id = 1
stream-state-bench-kafka  | 	num.io.threads = 8
stream-state-bench-kafka  | 	num.network.threads = 3
stream-state-bench-kafka  | 	num.partitions = 1
stream-state-bench-kafka  | 	num.recovery.threads.per.data.dir = 2
stream-state-bench-kafka  | 	num.replica.alter.log.dirs.threads = null
stream-state-bench-kafka  | 	num.replica.fetchers = 1
stream-state-bench-kafka  | 	offset.metadata.max.bytes = 4096
stream-state-bench-kafka  | 	offsets.commit.timeout.ms = 5000
stream-state-bench-kafka  | 	offsets.load.buffer.size = 5242880
stream-state-bench-kafka  | 	offsets.retention.check.interval.ms = 600000
stream-state-bench-kafka  | 	offsets.retention.minutes = 10080
stream-state-bench-kafka  | 	offsets.topic.compression.codec = 0
stream-state-bench-kafka  | 	offsets.topic.num.partitions = 50
stream-state-bench-kafka  | 	offsets.topic.replication.factor = 1
stream-state-bench-kafka  | 	offsets.topic.segment.bytes = 104857600
stream-state-bench-kafka  | 	principal.builder.class = class org.apache.kafka.common.security.authenticator.DefaultKafkaPrincipalBuilder
stream-state-bench-kafka  | 	process.roles = [broker, controller]
stream-state-bench-kafka  | 	producer.id.expiration.check.interval.ms = 600000
stream-state-bench-kafka  | 	producer.id.expiration.ms = 86400000
stream-state-bench-kafka  | 	producer.purgatory.purge.interval.requests = 1000
stream-state-bench-kafka  | 	queued.max.request.bytes = -1
stream-state-bench-kafka  | 	queued.max.requests = 500
stream-state-bench-kafka  | 	quota.window.num = 11
stream-state-bench-kafka  | 	quota.window.size.seconds = 1
stream-state-bench-kafka  | 	remote.fetch.max.wait.ms = 500
stream-state-bench-kafka  | 	remote.list.offsets.request.timeout.ms = 30000
stream-state-bench-kafka  | 	remote.log.index.file.cache.total.size.bytes = 1073741824
stream-state-bench-kafka  | 	remote.log.index.file.cache.ttl.ms = 900000
stream-state-bench-kafka  | 	remote.log.manager.copier.thread.pool.size = 10
stream-state-bench-kafka  | 	remote.log.manager.copy.max.bytes.per.second = 9223372036854775807
stream-state-bench-kafka  | 	remote.log.manager.copy.quota.window.num = 11
stream-state-bench-kafka  | 	remote.log.manager.copy.quota.window.size.seconds = 1
stream-state-bench-kafka  | 	remote.log.manager.expiration.thread.pool.size = 10
stream-state-bench-kafka  | 	remote.log.manager.fetch.max.bytes.per.second = 9223372036854775807
stream-state-bench-kafka  | 	remote.log.manager.fetch.quota.window.num = 11
stream-state-bench-kafka  | 	remote.log.manager.fetch.quota.window.size.seconds = 1
stream-state-bench-kafka  | 	remote.log.manager.follower.thread.pool.size = 2
stream-state-bench-kafka  | 	remote.log.manager.task.interval.ms = 30000
stream-state-bench-kafka  | 	remote.log.manager.task.retry.backoff.max.ms = 30000
stream-state-bench-kafka  | 	remote.log.manager.task.retry.backoff.ms = 500
stream-state-bench-kafka  | 	remote.log.manager.task.retry.jitter = 0.2
stream-state-bench-kafka  | 	remote.log.manager.thread.pool.size = 2
stream-state-bench-kafka  | 	remote.log.metadata.custom.metadata.max.bytes = 128
stream-state-bench-kafka  | 	remote.log.metadata.manager.class.name = org.apache.kafka.server.log.remote.metadata.storage.TopicBasedRemoteLogMetadataManager
stream-state-bench-kafka  | 	remote.log.metadata.manager.class.path = null
stream-state-bench-kafka  | 	remote.log.metadata.manager.impl.prefix = rlmm.config.
stream-state-bench-kafka  | 	remote.log.metadata.manager.listener.name = null
stream-state-bench-kafka  | 	remote.log.reader.max.pending.tasks = 100
stream-state-bench-kafka  | 	remote.log.reader.threads = 10
stream-state-bench-kafka  | 	remote.log.storage.manager.class.name = null
stream-state-bench-kafka  | 	remote.log.storage.manager.class.path = null
stream-state-bench-kafka  | 	remote.log.storage.manager.impl.prefix = rsm.config.
stream-state-bench-kafka  | 	remote.log.storage.system.enable = false
stream-state-bench-kafka  | 	replica.fetch.backoff.ms = 1000
stream-state-bench-kafka  | 	replica.fetch.max.bytes = 1048576
stream-state-bench-kafka  | 	replica.fetch.min.bytes = 1
stream-state-bench-kafka  | 	replica.fetch.response.max.bytes = 10485760
stream-state-bench-kafka  | 	replica.fetch.wait.max.ms = 500
stream-state-bench-kafka  | 	replica.high.watermark.checkpoint.interval.ms = 5000
stream-state-bench-kafka  | 	replica.lag.time.max.ms = 30000
stream-state-bench-kafka  | 	replica.selector.class = null
stream-state-bench-kafka  | 	replica.socket.receive.buffer.bytes = 65536
stream-state-bench-kafka  | 	replica.socket.timeout.ms = 30000
stream-state-bench-kafka  | 	replication.quota.window.num = 11
stream-state-bench-kafka  | 	replication.quota.window.size.seconds = 1
stream-state-bench-kafka  | 	request.timeout.ms = 30000
stream-state-bench-kafka  | 	sasl.client.callback.handler.class = null
stream-state-bench-kafka  | 	sasl.enabled.mechanisms = [GSSAPI]
stream-state-bench-kafka  | 	sasl.jaas.config = null
stream-state-bench-kafka  | 	sasl.kerberos.kinit.cmd = /usr/bin/kinit
stream-state-bench-kafka  | 	sasl.kerberos.min.time.before.relogin = 60000
stream-state-bench-kafka  | 	sasl.kerberos.principal.to.local.rules = [DEFAULT]
stream-state-bench-kafka  | 	sasl.kerberos.service.name = null
stream-state-bench-kafka  | 	sasl.kerberos.ticket.renew.jitter = 0.05
stream-state-bench-kafka  | 	sasl.kerberos.ticket.renew.window.factor = 0.8
stream-state-bench-kafka  | 	sasl.login.callback.handler.class = null
stream-state-bench-kafka  | 	sasl.login.class = null
stream-state-bench-kafka  | 	sasl.login.connect.timeout.ms = null
stream-state-bench-kafka  | 	sasl.login.read.timeout.ms = null
stream-state-bench-kafka  | 	sasl.login.refresh.buffer.seconds = 300
stream-state-bench-kafka  | 	sasl.login.refresh.min.period.seconds = 60
stream-state-bench-kafka  | 	sasl.login.refresh.window.factor = 0.8
stream-state-bench-kafka  | 	sasl.login.refresh.window.jitter = 0.05
stream-state-bench-kafka  | 	sasl.login.retry.backoff.max.ms = 10000
stream-state-bench-kafka  | 	sasl.login.retry.backoff.ms = 100
stream-state-bench-kafka  | 	sasl.mechanism.controller.protocol = GSSAPI
stream-state-bench-kafka  | 	sasl.mechanism.inter.broker.protocol = GSSAPI
stream-state-bench-kafka  | 	sasl.oauthbearer.assertion.algorithm = RS256
stream-state-bench-kafka  | 	sasl.oauthbearer.assertion.claim.aud = null
stream-state-bench-kafka  | 	sasl.oauthbearer.assertion.claim.exp.seconds = 300
stream-state-bench-kafka  | 	sasl.oauthbearer.assertion.claim.iss = null
stream-state-bench-kafka  | 	sasl.oauthbearer.assertion.claim.jti.include = false
stream-state-bench-kafka  | 	sasl.oauthbearer.assertion.claim.nbf.seconds = 60
stream-state-bench-kafka  | 	sasl.oauthbearer.assertion.claim.sub = null
stream-state-bench-kafka  | 	sasl.oauthbearer.assertion.file = null
stream-state-bench-kafka  | 	sasl.oauthbearer.assertion.private.key.file = null
stream-state-bench-kafka  | 	sasl.oauthbearer.assertion.private.key.passphrase = null
stream-state-bench-kafka  | 	sasl.oauthbearer.assertion.template.file = null
stream-state-bench-kafka  | 	sasl.oauthbearer.client.credentials.client.id = null
stream-state-bench-kafka  | 	sasl.oauthbearer.client.credentials.client.secret = null
stream-state-bench-kafka  | 	sasl.oauthbearer.clock.skew.seconds = 30
stream-state-bench-kafka  | 	sasl.oauthbearer.expected.audience = []
stream-state-bench-kafka  | 	sasl.oauthbearer.expected.issuer = null
stream-state-bench-kafka  | 	sasl.oauthbearer.jwks.endpoint.refresh.ms = 3600000
stream-state-bench-kafka  | 	sasl.oauthbearer.jwks.endpoint.retry.backoff.max.ms = 10000
stream-state-bench-kafka  | 	sasl.oauthbearer.jwks.endpoint.retry.backoff.ms = 100
stream-state-bench-kafka  | 	sasl.oauthbearer.jwks.endpoint.url = null
stream-state-bench-kafka  | 	sasl.oauthbearer.jwt.retriever.class = class org.apache.kafka.common.security.oauthbearer.DefaultJwtRetriever
stream-state-bench-kafka  | 	sasl.oauthbearer.jwt.validator.class = class org.apache.kafka.common.security.oauthbearer.DefaultJwtValidator
stream-state-bench-kafka  | 	sasl.oauthbearer.scope = null
stream-state-bench-kafka  | 	sasl.oauthbearer.scope.claim.name = scope
stream-state-bench-kafka  | 	sasl.oauthbearer.sub.claim.name = sub
stream-state-bench-kafka  | 	sasl.oauthbearer.token.endpoint.url = null
stream-state-bench-kafka  | 	sasl.server.callback.handler.class = null
stream-state-bench-kafka  | 	sasl.server.max.receive.size = 524288
stream-state-bench-kafka  | 	security.inter.broker.protocol = PLAINTEXT
stream-state-bench-kafka  | 	security.providers = null
stream-state-bench-kafka  | 	server.max.startup.time.ms = 9223372036854775807
stream-state-bench-kafka  | 	share.coordinator.append.linger.ms = -1
stream-state-bench-kafka  | 	share.coordinator.cached.buffer.max.bytes = 1048588
stream-state-bench-kafka  | 	share.coordinator.cold.partition.snapshot.interval.ms = 300000
stream-state-bench-kafka  | 	share.coordinator.load.buffer.size = 5242880
stream-state-bench-kafka  | 	share.coordinator.snapshot.update.records.per.snapshot = 500
stream-state-bench-kafka  | 	share.coordinator.state.topic.compression.codec = 0
stream-state-bench-kafka  | 	share.coordinator.state.topic.min.isr = 2
stream-state-bench-kafka  | 	share.coordinator.state.topic.num.partitions = 50
stream-state-bench-kafka  | 	share.coordinator.state.topic.prune.interval.ms = 300000
stream-state-bench-kafka  | 	share.coordinator.state.topic.replication.factor = 3
stream-state-bench-kafka  | 	share.coordinator.state.topic.segment.bytes = 104857600
stream-state-bench-kafka  | 	share.coordinator.threads = 1
stream-state-bench-kafka  | 	share.coordinator.write.timeout.ms = 5000
stream-state-bench-kafka  | 	share.fetch.purgatory.purge.interval.requests = 1000
stream-state-bench-kafka  | 	socket.connection.setup.timeout.max.ms = 30000
stream-state-bench-kafka  | 	socket.connection.setup.timeout.ms = 10000
stream-state-bench-kafka  | 	socket.listen.backlog.size = 50
stream-state-bench-kafka  | 	socket.receive.buffer.bytes = 102400
stream-state-bench-kafka  | 	socket.request.max.bytes = 104857600
stream-state-bench-kafka  | 	socket.send.buffer.bytes = 102400
stream-state-bench-kafka  | 	ssl.allow.dn.changes = false
stream-state-bench-kafka  | 	ssl.allow.san.changes = false
stream-state-bench-kafka  | 	ssl.cipher.suites = []
stream-state-bench-kafka  | 	ssl.client.auth = none
stream-state-bench-kafka  | 	ssl.enabled.protocols = [TLSv1.2, TLSv1.3]
stream-state-bench-kafka  | 	ssl.endpoint.identification.algorithm = https
stream-state-bench-kafka  | 	ssl.engine.factory.class = null
stream-state-bench-kafka  | 	ssl.key.password = null
stream-state-bench-kafka  | 	ssl.keymanager.algorithm = SunX509
stream-state-bench-kafka  | 	ssl.keystore.certificate.chain = null
stream-state-bench-kafka  | 	ssl.keystore.key = null
stream-state-bench-kafka  | 	ssl.keystore.location = null
stream-state-bench-kafka  | 	ssl.keystore.password = null
stream-state-bench-kafka  | 	ssl.keystore.type = JKS
stream-state-bench-kafka  | 	ssl.principal.mapping.rules = DEFAULT
stream-state-bench-kafka  | 	ssl.protocol = TLSv1.3
stream-state-bench-kafka  | 	ssl.provider = null
stream-state-bench-kafka  | 	ssl.secure.random.implementation = null
stream-state-bench-kafka  | 	ssl.trustmanager.algorithm = PKIX
stream-state-bench-kafka  | 	ssl.truststore.certificates = null
stream-state-bench-kafka  | 	ssl.truststore.location = null
stream-state-bench-kafka  | 	ssl.truststore.password = null
stream-state-bench-kafka  | 	ssl.truststore.type = JKS
stream-state-bench-kafka  | 	telemetry.max.bytes = 1048576
stream-state-bench-kafka  | 	transaction.abort.timed.out.transaction.cleanup.interval.ms = 10000
stream-state-bench-kafka  | 	transaction.max.timeout.ms = 900000
stream-state-bench-kafka  | 	transaction.partition.verification.enable = true
stream-state-bench-kafka  | 	transaction.remove.expired.transaction.cleanup.interval.ms = 3600000
stream-state-bench-kafka  | 	transaction.state.log.load.buffer.size = 5242880
stream-state-bench-kafka  | 	transaction.state.log.min.isr = 1
stream-state-bench-kafka  | 	transaction.state.log.num.partitions = 50
stream-state-bench-kafka  | 	transaction.state.log.replication.factor = 1
stream-state-bench-kafka  | 	transaction.state.log.segment.bytes = 104857600
stream-state-bench-kafka  | 	transaction.two.phase.commit.enable = false
stream-state-bench-kafka  | 	transactional.id.expiration.ms = 604800000
stream-state-bench-kafka  | 	unclean.leader.election.enable = false
stream-state-bench-kafka  | 	unclean.leader.election.interval.ms = 300000
stream-state-bench-kafka  | 	unstable.api.versions.enable = false
stream-state-bench-kafka  | 	unstable.feature.versions.enable = false
stream-state-bench-kafka  |  (org.apache.kafka.common.config.AbstractConfig)
stream-state-bench-kafka  | [2026-07-16 09:31:11,112] INFO [ControllerRegistrationManager id=1 incarnation=1ZywwNbQR4CU4QgFynhHIg] sendControllerRegistration: attempting to send ControllerRegistrationRequestData(controllerId=1, incarnationId=1ZywwNbQR4CU4QgFynhHIg, zkMigrationReady=false, listeners=[Listener(name='CONTROLLER', host='kafka', port=9093, securityProtocol=0)], features=[Feature(name='group.version', minSupportedVersion=0, maxSupportedVersion=1), Feature(name='kraft.version', minSupportedVersion=0, maxSupportedVersion=1), Feature(name='metadata.version', minSupportedVersion=7, maxSupportedVersion=30), Feature(name='share.version', minSupportedVersion=0, maxSupportedVersion=1), Feature(name='streams.version', minSupportedVersion=0, maxSupportedVersion=1), Feature(name='transaction.version', minSupportedVersion=0, maxSupportedVersion=2), Feature(name='eligible.leader.replicas.version', minSupportedVersion=0, maxSupportedVersion=1)]) (kafka.server.ControllerRegistrationManager)
stream-state-bench-kafka  | [2026-07-16 09:31:11,118] INFO [MetadataLoader id=1] InitializeNewPublishers: initializing DynamicClientQuotaPublisher controller id=1 with a snapshot at offset 9 (org.apache.kafka.image.loader.MetadataLoader)
stream-state-bench-kafka  | [2026-07-16 09:31:11,119] INFO [MetadataLoader id=1] InitializeNewPublishers: initializing DynamicTopicClusterQuotaPublisher controller id=1 with a snapshot at offset 9 (org.apache.kafka.image.loader.MetadataLoader)
stream-state-bench-kafka  | [2026-07-16 09:31:11,119] INFO [MetadataLoader id=1] InitializeNewPublishers: initializing ScramPublisher controller id=1 with a snapshot at offset 9 (org.apache.kafka.image.loader.MetadataLoader)
stream-state-bench-kafka  | [2026-07-16 09:31:11,120] INFO [MetadataLoader id=1] InitializeNewPublishers: initializing DelegationTokenPublisher controller id=1 with a snapshot at offset 9 (org.apache.kafka.image.loader.MetadataLoader)
stream-state-bench-kafka  | [2026-07-16 09:31:11,120] INFO [MetadataLoader id=1] InitializeNewPublishers: initializing ControllerMetadataMetricsPublisher with a snapshot at offset 9 (org.apache.kafka.image.loader.MetadataLoader)
stream-state-bench-kafka  | [2026-07-16 09:31:11,120] INFO [MetadataLoader id=1] InitializeNewPublishers: initializing AclPublisher controller id=1 with a snapshot at offset 9 (org.apache.kafka.image.loader.MetadataLoader)
stream-state-bench-kafka  | [2026-07-16 09:31:11,122] INFO Updated connection-accept-rate max connection creation rate to 2147483647 (kafka.network.ConnectionQuotas)
stream-state-bench-kafka  | [2026-07-16 09:31:11,125] INFO [SocketServer listenerType=BROKER, nodeId=1] Created data-plane acceptor and processors for endpoint : ListenerName(PLAINTEXT) (kafka.network.SocketServer)
stream-state-bench-kafka  | [2026-07-16 09:31:11,126] INFO [broker-1-to-controller-alter-partition-channel-manager]: Starting (org.apache.kafka.server.NodeToControllerRequestThread)
stream-state-bench-kafka  | [2026-07-16 09:31:11,126] INFO Recorded new KRaft controller, from now on will use node kafka:9093 (id: 1 rack: null isFenced: false) (org.apache.kafka.server.NodeToControllerRequestThread)
stream-state-bench-kafka  | [2026-07-16 09:31:11,129] INFO [broker-1-to-controller-directory-assignments-channel-manager]: Starting (org.apache.kafka.server.NodeToControllerRequestThread)
stream-state-bench-kafka  | [2026-07-16 09:31:11,129] INFO Recorded new KRaft controller, from now on will use node kafka:9093 (id: 1 rack: null isFenced: false) (org.apache.kafka.server.NodeToControllerRequestThread)
stream-state-bench-kafka  | [2026-07-16 09:31:11,132] INFO [ExpirationReaper-1-Produce]: Starting (org.apache.kafka.server.purgatory.DelayedOperationPurgatory$ExpiredOperationReaper)
stream-state-bench-kafka  | [2026-07-16 09:31:11,132] INFO [ExpirationReaper-1-Fetch]: Starting (org.apache.kafka.server.purgatory.DelayedOperationPurgatory$ExpiredOperationReaper)
stream-state-bench-kafka  | [2026-07-16 09:31:11,133] INFO [ExpirationReaper-1-DeleteRecords]: Starting (org.apache.kafka.server.purgatory.DelayedOperationPurgatory$ExpiredOperationReaper)
stream-state-bench-kafka  | [2026-07-16 09:31:11,133] INFO [ExpirationReaper-1-RemoteFetch]: Starting (org.apache.kafka.server.purgatory.DelayedOperationPurgatory$ExpiredOperationReaper)
stream-state-bench-kafka  | [2026-07-16 09:31:11,134] INFO [ExpirationReaper-1-RemoteListOffsets]: Starting (org.apache.kafka.server.purgatory.DelayedOperationPurgatory$ExpiredOperationReaper)
stream-state-bench-kafka  | [2026-07-16 09:31:11,134] INFO [ExpirationReaper-1-ShareFetch]: Starting (org.apache.kafka.server.purgatory.DelayedOperationPurgatory$ExpiredOperationReaper)
stream-state-bench-kafka  | [2026-07-16 09:31:11,139] INFO [share-coordinator-reaper]: Starting (org.apache.kafka.server.util.timer.SystemTimerReaper$Reaper)
stream-state-bench-kafka  | [2026-07-16 09:31:11,143] INFO [share-coordinator-event-processor-0]: Starting (org.apache.kafka.coordinator.common.runtime.MultiThreadedEventProcessor$EventProcessorThread)
stream-state-bench-kafka  | [2026-07-16 09:31:11,145] INFO [persister-state-manager-reaper]: Starting (org.apache.kafka.server.util.timer.SystemTimerReaper$Reaper)
stream-state-bench-kafka  | [2026-07-16 09:31:11,146] INFO [PersisterStateManager]: Starting (org.apache.kafka.server.share.persister.PersisterStateManager$SendThread)
stream-state-bench-kafka  | [2026-07-16 09:31:11,146] INFO [network-partition-metadata-client-reaper]: Starting (org.apache.kafka.server.util.timer.SystemTimerReaper$Reaper)
stream-state-bench-kafka  | [2026-07-16 09:31:11,146] INFO [group-coordinator-reaper]: Starting (org.apache.kafka.server.util.timer.SystemTimerReaper$Reaper)
stream-state-bench-kafka  | [2026-07-16 09:31:11,149] INFO [group-coordinator-event-processor-0]: Starting (org.apache.kafka.coordinator.common.runtime.MultiThreadedEventProcessor$EventProcessorThread)
stream-state-bench-kafka  | [2026-07-16 09:31:11,149] INFO [group-coordinator-event-processor-1]: Starting (org.apache.kafka.coordinator.common.runtime.MultiThreadedEventProcessor$EventProcessorThread)
stream-state-bench-kafka  | [2026-07-16 09:31:11,149] INFO [group-coordinator-event-processor-2]: Starting (org.apache.kafka.coordinator.common.runtime.MultiThreadedEventProcessor$EventProcessorThread)
stream-state-bench-kafka  | [2026-07-16 09:31:11,149] INFO [group-coordinator-event-processor-3]: Starting (org.apache.kafka.coordinator.common.runtime.MultiThreadedEventProcessor$EventProcessorThread)
stream-state-bench-kafka  | [2026-07-16 09:31:11,154] INFO Unable to read the broker epoch in /tmp/kafka-logs. (kafka.log.LogManager)
stream-state-bench-kafka  | [2026-07-16 09:31:11,155] INFO [broker-1-to-controller-heartbeat-channel-manager]: Starting (org.apache.kafka.server.NodeToControllerRequestThread)
stream-state-bench-kafka  | [2026-07-16 09:31:11,155] INFO Recorded new KRaft controller, from now on will use node kafka:9093 (id: 1 rack: null isFenced: false) (org.apache.kafka.server.NodeToControllerRequestThread)
stream-state-bench-kafka  | [2026-07-16 09:31:11,156] INFO [BrokerLifecycleManager id=1] Incarnation leiIHptNQqe0g8x7fbngeA of broker 1 in cluster MkU3OEVBNTcwNTJENDM2Qk is now STARTING. (org.apache.kafka.server.BrokerLifecycleManager)
stream-state-bench-kafka  | [2026-07-16 09:31:11,159] INFO [share-group-lock-timeout-reaper]: Starting (org.apache.kafka.server.util.timer.SystemTimerReaper$Reaper)
stream-state-bench-kafka  | [2026-07-16 09:31:11,160] INFO [ExpirationReaper-1-AlterAcls]: Starting (org.apache.kafka.server.purgatory.DelayedOperationPurgatory$ExpiredOperationReaper)
stream-state-bench-kafka  | [2026-07-16 09:31:11,161] INFO [ControllerRegistrationManager id=1 incarnation=1ZywwNbQR4CU4QgFynhHIg] Our registration has been persisted to the metadata log. (kafka.server.ControllerRegistrationManager)
stream-state-bench-kafka  | [2026-07-16 09:31:11,169] INFO [BrokerServer id=1] Waiting for the broker metadata publishers to be installed (kafka.server.BrokerServer)
stream-state-bench-kafka  | [2026-07-16 09:31:11,169] INFO [BrokerServer id=1] Finished waiting for the broker metadata publishers to be installed (kafka.server.BrokerServer)
stream-state-bench-kafka  | [2026-07-16 09:31:11,169] INFO [BrokerServer id=1] Waiting for the controller to acknowledge that we are caught up (kafka.server.BrokerServer)
stream-state-bench-kafka  | [2026-07-16 09:31:11,170] INFO [MetadataLoader id=1] InitializeNewPublishers: initializing MetadataVersionPublisher(id=1) with a snapshot at offset 10 (org.apache.kafka.image.loader.MetadataLoader)
stream-state-bench-kafka  | [2026-07-16 09:31:11,170] INFO [MetadataLoader id=1] InitializeNewPublishers: initializing BrokerMetadataPublisher with a snapshot at offset 10 (org.apache.kafka.image.loader.MetadataLoader)
stream-state-bench-kafka  | [2026-07-16 09:31:11,170] INFO [ControllerRegistrationManager id=1 incarnation=1ZywwNbQR4CU4QgFynhHIg] RegistrationResponseHandler: controller acknowledged ControllerRegistrationRequest. (kafka.server.ControllerRegistrationManager)
stream-state-bench-kafka  | [2026-07-16 09:31:11,172] INFO [BrokerMetadataPublisher id=1] Publishing initial metadata at offset OffsetAndEpoch[offset=10, epoch=1] with metadata.version Optional[4.3-IV0]. (kafka.server.metadata.BrokerMetadataPublisher)
stream-state-bench-kafka  | [2026-07-16 09:31:11,173] INFO Loading logs from log dirs ArrayBuffer(/tmp/kafka-logs) (kafka.log.LogManager)
stream-state-bench-kafka  | [2026-07-16 09:31:11,176] INFO No logs found to be loaded in /tmp/kafka-logs (kafka.log.LogManager)
stream-state-bench-kafka  | [2026-07-16 09:31:11,183] INFO Loaded 0 logs in 8ms (kafka.log.LogManager)
stream-state-bench-kafka  | [2026-07-16 09:31:11,184] INFO Starting log cleanup with a period of 300000 ms. (kafka.log.LogManager)
stream-state-bench-kafka  | [2026-07-16 09:31:11,184] INFO Starting log flusher with a default period of 9223372036854775807 ms. (kafka.log.LogManager)
stream-state-bench-kafka  | [2026-07-16 09:31:11,190] INFO [BrokerLifecycleManager id=1] Successfully registered broker 1 with broker epoch 11 (org.apache.kafka.server.BrokerLifecycleManager)
stream-state-bench-kafka  | [2026-07-16 09:31:11,260] INFO [LogDirFailureHandler]: Starting (kafka.server.ReplicaManager$LogDirFailureHandler)
stream-state-bench-kafka  | [2026-07-16 09:31:11,260] INFO [AddPartitionsToTxnSenderThread-1]: Starting (org.apache.kafka.server.transaction.AddPartitionsToTxnManager)
stream-state-bench-kafka  | [2026-07-16 09:31:11,260] INFO [GroupCoordinator id=1] Starting up. (org.apache.kafka.coordinator.group.GroupCoordinatorService)
stream-state-bench-kafka  | [2026-07-16 09:31:11,260] INFO [GroupCoordinator id=1] Startup complete. (org.apache.kafka.coordinator.group.GroupCoordinatorService)
stream-state-bench-kafka  | [2026-07-16 09:31:11,261] INFO [TransactionCoordinator id=1] Starting up. (kafka.coordinator.transaction.TransactionCoordinator)
stream-state-bench-kafka  | [2026-07-16 09:31:11,261] INFO [TxnMarkerSenderThread-1]: Starting (kafka.coordinator.transaction.TransactionMarkerChannelManager)
stream-state-bench-kafka  | [2026-07-16 09:31:11,262] INFO [TransactionCoordinator id=1] Startup complete. (kafka.coordinator.transaction.TransactionCoordinator)
stream-state-bench-kafka  | [2026-07-16 09:31:11,262] INFO [ShareCoordinator id=1] Starting up. (org.apache.kafka.coordinator.share.ShareCoordinatorService)
stream-state-bench-kafka  | [2026-07-16 09:31:11,262] INFO [ShareCoordinator id=1] Startup complete. (org.apache.kafka.coordinator.share.ShareCoordinatorService)
stream-state-bench-kafka  | [2026-07-16 09:31:11,264] INFO [DynamicConfigPublisher broker id=1] Updating cluster configuration : min.insync.replicas -> 1 (kafka.server.metadata.DynamicConfigPublisher)
stream-state-bench-kafka  | [2026-07-16 09:31:11,265] INFO AbstractConfig values: 
stream-state-bench-kafka  | 	group.consumer.assignment.interval.ms = 1000
stream-state-bench-kafka  | 	group.consumer.assignors = [uniform, range]
stream-state-bench-kafka  | 	group.consumer.heartbeat.interval.ms = 5000
stream-state-bench-kafka  | 	group.consumer.max.assignment.interval.ms = 15000
stream-state-bench-kafka  | 	group.consumer.max.heartbeat.interval.ms = 15000
stream-state-bench-kafka  | 	group.consumer.max.session.timeout.ms = 60000
stream-state-bench-kafka  | 	group.consumer.max.size = 2147483647
stream-state-bench-kafka  | 	group.consumer.migration.policy = bidirectional
stream-state-bench-kafka  | 	group.consumer.min.assignment.interval.ms = 0
stream-state-bench-kafka  | 	group.consumer.min.heartbeat.interval.ms = 5000
stream-state-bench-kafka  | 	group.consumer.min.session.timeout.ms = 45000
stream-state-bench-kafka  | 	group.consumer.regex.refresh.interval.ms = 600000
stream-state-bench-kafka  | 	group.consumer.session.timeout.ms = 45000
stream-state-bench-kafka  | 	group.coordinator.append.linger.ms = -1
stream-state-bench-kafka  | 	group.coordinator.background.threads = 2
stream-state-bench-kafka  | 	group.coordinator.cached.buffer.max.bytes = 1048588
stream-state-bench-kafka  | 	group.coordinator.rebalance.protocols = [classic, consumer, streams]
stream-state-bench-kafka  | 	group.coordinator.threads = 4
stream-state-bench-kafka  | 	group.initial.rebalance.delay.ms = 0
stream-state-bench-kafka  | 	group.max.session.timeout.ms = 1800000
stream-state-bench-kafka  | 	group.max.size = 2147483647
stream-state-bench-kafka  | 	group.min.session.timeout.ms = 6000
stream-state-bench-kafka  | 	group.share.assignment.interval.ms = 1000
stream-state-bench-kafka  | 	group.share.assignors = [simple]
stream-state-bench-kafka  | 	group.share.heartbeat.interval.ms = 5000
stream-state-bench-kafka  | 	group.share.initialize.retry.interval.ms = 30000
stream-state-bench-kafka  | 	group.share.max.assignment.interval.ms = 15000
stream-state-bench-kafka  | 	group.share.max.heartbeat.interval.ms = 15000
stream-state-bench-kafka  | 	group.share.max.session.timeout.ms = 60000
stream-state-bench-kafka  | 	group.share.max.size = 200
stream-state-bench-kafka  | 	group.share.min.assignment.interval.ms = 0
stream-state-bench-kafka  | 	group.share.min.heartbeat.interval.ms = 5000
stream-state-bench-kafka  | 	group.share.min.session.timeout.ms = 45000
stream-state-bench-kafka  | 	group.share.session.timeout.ms = 45000
stream-state-bench-kafka  | 	group.streams.assignment.interval.ms = 1000
stream-state-bench-kafka  | 	group.streams.heartbeat.interval.ms = 5000
stream-state-bench-kafka  | 	group.streams.initial.rebalance.delay.ms = 3000
stream-state-bench-kafka  | 	group.streams.max.assignment.interval.ms = 15000
stream-state-bench-kafka  | 	group.streams.max.heartbeat.interval.ms = 15000
stream-state-bench-kafka  | 	group.streams.max.session.timeout.ms = 60000
stream-state-bench-kafka  | 	group.streams.max.size = 2147483647
stream-state-bench-kafka  | 	group.streams.max.standby.replicas = 2
stream-state-bench-kafka  | 	group.streams.min.assignment.interval.ms = 0
stream-state-bench-kafka  | 	group.streams.min.heartbeat.interval.ms = 5000
stream-state-bench-kafka  | 	group.streams.min.session.timeout.ms = 45000
stream-state-bench-kafka  | 	group.streams.num.standby.replicas = 0
stream-state-bench-kafka  | 	group.streams.session.timeout.ms = 45000
stream-state-bench-kafka  | 	offset.metadata.max.bytes = 4096
stream-state-bench-kafka  | 	offsets.commit.timeout.ms = 5000
stream-state-bench-kafka  | 	offsets.load.buffer.size = 5242880
stream-state-bench-kafka  | 	offsets.retention.check.interval.ms = 600000
stream-state-bench-kafka  | 	offsets.retention.minutes = 10080
stream-state-bench-kafka  | 	offsets.topic.compression.codec = 0
stream-state-bench-kafka  | 	offsets.topic.num.partitions = 50
stream-state-bench-kafka  | 	offsets.topic.replication.factor = 1
stream-state-bench-kafka  | 	offsets.topic.segment.bytes = 104857600
stream-state-bench-kafka  |  (org.apache.kafka.common.config.AbstractConfig)
stream-state-bench-kafka  | [2026-07-16 09:31:11,266] INFO KafkaConfig values: 
stream-state-bench-kafka  | 	add.partitions.to.txn.retry.backoff.max.ms = 100
stream-state-bench-kafka  | 	add.partitions.to.txn.retry.backoff.ms = 20
stream-state-bench-kafka  | 	advertised.listeners = [PLAINTEXT://kafka:9092]
stream-state-bench-kafka  | 	alter.config.policy.class.name = null
stream-state-bench-kafka  | 	alter.log.dirs.replication.quota.window.num = 11
stream-state-bench-kafka  | 	alter.log.dirs.replication.quota.window.size.seconds = 1
stream-state-bench-kafka  | 	authorizer.class.name = 
stream-state-bench-kafka  | 	auto.create.topics.enable = false
stream-state-bench-kafka  | 	auto.leader.rebalance.enable = true
stream-state-bench-kafka  | 	background.threads = 10
stream-state-bench-kafka  | 	broker.heartbeat.interval.ms = 2000
stream-state-bench-kafka  | 	broker.id = 1
stream-state-bench-kafka  | 	broker.rack = null
stream-state-bench-kafka  | 	broker.session.timeout.ms = 9000
stream-state-bench-kafka  | 	client.quota.callback.class = null
stream-state-bench-kafka  | 	compression.gzip.level = -1
stream-state-bench-kafka  | 	compression.lz4.level = 9
stream-state-bench-kafka  | 	compression.type = producer
stream-state-bench-kafka  | 	compression.zstd.level = 3
stream-state-bench-kafka  | 	config.providers = []
stream-state-bench-kafka  | 	connection.failed.authentication.delay.ms = 100
stream-state-bench-kafka  | 	connections.max.idle.ms = 600000
stream-state-bench-kafka  | 	connections.max.reauth.ms = 0
stream-state-bench-kafka  | 	controlled.shutdown.enable = true
stream-state-bench-kafka  | 	controller.listener.names = [CONTROLLER]
stream-state-bench-kafka  | 	controller.performance.always.log.threshold.ms = 2000
stream-state-bench-kafka  | 	controller.performance.sample.period.ms = 60000
stream-state-bench-kafka  | 	controller.quorum.append.linger.ms = 25
stream-state-bench-kafka  | 	controller.quorum.auto.join.enable = false
stream-state-bench-kafka  | 	controller.quorum.bootstrap.servers = []
stream-state-bench-kafka  | 	controller.quorum.election.backoff.max.ms = 1000
stream-state-bench-kafka  | 	controller.quorum.election.timeout.ms = 1000
stream-state-bench-kafka  | 	controller.quorum.fetch.max.bytes = 1048576
stream-state-bench-kafka  | 	controller.quorum.fetch.snapshot.max.bytes = 1048576
stream-state-bench-kafka  | 	controller.quorum.fetch.timeout.ms = 2000
stream-state-bench-kafka  | 	controller.quorum.request.timeout.ms = 2000
stream-state-bench-kafka  | 	controller.quorum.retry.backoff.ms = 20
stream-state-bench-kafka  | 	controller.quorum.voters = [1@kafka:9093]
stream-state-bench-kafka  | 	controller.quota.window.num = 11
stream-state-bench-kafka  | 	controller.quota.window.size.seconds = 1
stream-state-bench-kafka  | 	controller.socket.timeout.ms = 30000
stream-state-bench-kafka  | 	cordoned.log.dirs = []
stream-state-bench-kafka  | 	create.topic.policy.class.name = null
stream-state-bench-kafka  | 	default.replication.factor = 1
stream-state-bench-kafka  | 	delegation.token.expiry.check.interval.ms = 3600000
stream-state-bench-kafka  | 	delegation.token.expiry.time.ms = 86400000
stream-state-bench-kafka  | 	delegation.token.max.lifetime.ms = 604800000
stream-state-bench-kafka  | 	delegation.token.secret.key = null
stream-state-bench-kafka  | 	delete.records.purgatory.purge.interval.requests = 1
stream-state-bench-kafka  | 	delete.topic.enable = true
stream-state-bench-kafka  | 	early.start.listeners = null
stream-state-bench-kafka  | 	fetch.max.bytes = 57671680
stream-state-bench-kafka  | 	fetch.purgatory.purge.interval.requests = 1000
stream-state-bench-kafka  | 	follower.fetch.last.tiered.offset.enable = false
stream-state-bench-kafka  | 	group.consumer.assignment.interval.ms = 1000
stream-state-bench-kafka  | 	group.consumer.assignors = [uniform, range]
stream-state-bench-kafka  | 	group.consumer.heartbeat.interval.ms = 5000
stream-state-bench-kafka  | 	group.consumer.max.assignment.interval.ms = 15000
stream-state-bench-kafka  | 	group.consumer.max.heartbeat.interval.ms = 15000
stream-state-bench-kafka  | 	group.consumer.max.session.timeout.ms = 60000
stream-state-bench-kafka  | 	group.consumer.max.size = 2147483647
stream-state-bench-kafka  | 	group.consumer.migration.policy = bidirectional
stream-state-bench-kafka  | 	group.consumer.min.assignment.interval.ms = 0
stream-state-bench-kafka  | 	group.consumer.min.heartbeat.interval.ms = 5000
stream-state-bench-kafka  | 	group.consumer.min.session.timeout.ms = 45000
stream-state-bench-kafka  | 	group.consumer.regex.refresh.interval.ms = 600000
stream-state-bench-kafka  | 	group.consumer.session.timeout.ms = 45000
stream-state-bench-kafka  | 	group.coordinator.append.linger.ms = -1
stream-state-bench-kafka  | 	group.coordinator.background.threads = 2
stream-state-bench-kafka  | 	group.coordinator.cached.buffer.max.bytes = 1048588
stream-state-bench-kafka  | 	group.coordinator.rebalance.protocols = [classic, consumer, streams]
stream-state-bench-kafka  | 	group.coordinator.threads = 4
stream-state-bench-kafka  | 	group.initial.rebalance.delay.ms = 0
stream-state-bench-kafka  | 	group.max.session.timeout.ms = 1800000
stream-state-bench-kafka  | 	group.max.size = 2147483647
stream-state-bench-kafka  | 	group.min.session.timeout.ms = 6000
stream-state-bench-kafka  | 	group.share.assignment.interval.ms = 1000
stream-state-bench-kafka  | 	group.share.assignors = [simple]
stream-state-bench-kafka  | 	group.share.delivery.count.limit = 5
stream-state-bench-kafka  | 	group.share.heartbeat.interval.ms = 5000
stream-state-bench-kafka  | 	group.share.initialize.retry.interval.ms = 30000
stream-state-bench-kafka  | 	group.share.max.assignment.interval.ms = 15000
stream-state-bench-kafka  | 	group.share.max.delivery.count.limit = 10
stream-state-bench-kafka  | 	group.share.max.heartbeat.interval.ms = 15000
stream-state-bench-kafka  | 	group.share.max.partition.max.record.locks = 4000
stream-state-bench-kafka  | 	group.share.max.record.lock.duration.ms = 60000
stream-state-bench-kafka  | 	group.share.max.session.timeout.ms = 60000
stream-state-bench-kafka  | 	group.share.max.share.sessions = 2000
stream-state-bench-kafka  | 	group.share.max.size = 200
stream-state-bench-kafka  | 	group.share.min.assignment.interval.ms = 0
stream-state-bench-kafka  | 	group.share.min.delivery.count.limit = 2
stream-state-bench-kafka  | 	group.share.min.heartbeat.interval.ms = 5000
stream-state-bench-kafka  | 	group.share.min.partition.max.record.locks = 100
stream-state-bench-kafka  | 	group.share.min.record.lock.duration.ms = 15000
stream-state-bench-kafka  | 	group.share.min.session.timeout.ms = 45000
stream-state-bench-kafka  | 	group.share.partition.max.record.locks = 2000
stream-state-bench-kafka  | 	group.share.persister.class.name = org.apache.kafka.server.share.persister.DefaultStatePersister
stream-state-bench-kafka  | 	group.share.record.lock.duration.ms = 30000
stream-state-bench-kafka  | 	group.share.session.timeout.ms = 45000
stream-state-bench-kafka  | 	group.streams.assignment.interval.ms = 1000
stream-state-bench-kafka  | 	group.streams.heartbeat.interval.ms = 5000
stream-state-bench-kafka  | 	group.streams.initial.rebalance.delay.ms = 3000
stream-state-bench-kafka  | 	group.streams.max.assignment.interval.ms = 15000
stream-state-bench-kafka  | 	group.streams.max.heartbeat.interval.ms = 15000
stream-state-bench-kafka  | 	group.streams.max.session.timeout.ms = 60000
stream-state-bench-kafka  | 	group.streams.max.size = 2147483647
stream-state-bench-kafka  | 	group.streams.max.standby.replicas = 2
stream-state-bench-kafka  | 	group.streams.min.assignment.interval.ms = 0
stream-state-bench-kafka  | 	group.streams.min.heartbeat.interval.ms = 5000
stream-state-bench-kafka  | 	group.streams.min.session.timeout.ms = 45000
stream-state-bench-kafka  | 	group.streams.num.standby.replicas = 0
stream-state-bench-kafka  | 	group.streams.session.timeout.ms = 45000
stream-state-bench-kafka  | 	initial.broker.registration.timeout.ms = 60000
stream-state-bench-kafka  | 	inter.broker.listener.name = null
stream-state-bench-kafka  | 	internal.metadata.delete.delay.millis = 60000
stream-state-bench-kafka  | 	internal.metadata.log.segment.bytes = null
stream-state-bench-kafka  | 	internal.metadata.max.batch.size.in.bytes = 8388608
stream-state-bench-kafka  | 	kafka.metrics.polling.interval.secs = 10
stream-state-bench-kafka  | 	kafka.metrics.reporters = []
stream-state-bench-kafka  | 	leader.imbalance.check.interval.seconds = 300
stream-state-bench-kafka  | 	listener.security.protocol.map = CONTROLLER:PLAINTEXT,PLAINTEXT:PLAINTEXT
stream-state-bench-kafka  | 	listeners = [PLAINTEXT://:9092, CONTROLLER://:9093]
stream-state-bench-kafka  | 	log.cleaner.backoff.ms = 15000
stream-state-bench-kafka  | 	log.cleaner.dedupe.buffer.size = 134217728
stream-state-bench-kafka  | 	log.cleaner.delete.retention.ms = 86400000
stream-state-bench-kafka  | 	log.cleaner.enable = true
stream-state-bench-kafka  | 	log.cleaner.io.buffer.load.factor = 0.9
stream-state-bench-kafka  | 	log.cleaner.io.buffer.size = 524288
stream-state-bench-kafka  | 	log.cleaner.io.max.bytes.per.second = 1.7976931348623157E308
stream-state-bench-kafka  | 	log.cleaner.max.compaction.lag.ms = 9223372036854775807
stream-state-bench-kafka  | 	log.cleaner.min.cleanable.ratio = 0.5
stream-state-bench-kafka  | 	log.cleaner.min.compaction.lag.ms = 0
stream-state-bench-kafka  | 	log.cleaner.threads = 1
stream-state-bench-kafka  | 	log.cleanup.policy = [delete]
stream-state-bench-kafka  | 	log.dir = [/tmp/kafka-logs]
stream-state-bench-kafka  | 	log.dir.failure.timeout.ms = 30000
stream-state-bench-kafka  | 	log.dirs = null
stream-state-bench-kafka  | 	log.flush.interval.messages = 9223372036854775807
stream-state-bench-kafka  | 	log.flush.interval.ms = null
stream-state-bench-kafka  | 	log.flush.offset.checkpoint.interval.ms = 60000
stream-state-bench-kafka  | 	log.flush.scheduler.interval.ms = 9223372036854775807
stream-state-bench-kafka  | 	log.flush.start.offset.checkpoint.interval.ms = 60000
stream-state-bench-kafka  | 	log.index.interval.bytes = 4096
stream-state-bench-kafka  | 	log.index.size.max.bytes = 10485760
stream-state-bench-kafka  | 	log.initial.task.delay.ms = 30000
stream-state-bench-kafka  | 	log.local.retention.bytes = -2
stream-state-bench-kafka  | 	log.local.retention.ms = -2
stream-state-bench-kafka  | 	log.message.timestamp.after.max.ms = 3600000
stream-state-bench-kafka  | 	log.message.timestamp.before.max.ms = 9223372036854775807
stream-state-bench-kafka  | 	log.message.timestamp.type = CreateTime
stream-state-bench-kafka  | 	log.preallocate = false
stream-state-bench-kafka  | 	log.retention.bytes = -1
stream-state-bench-kafka  | 	log.retention.check.interval.ms = 300000
stream-state-bench-kafka  | 	log.retention.hours = 168
stream-state-bench-kafka  | 	log.retention.minutes = null
stream-state-bench-kafka  | 	log.retention.ms = null
stream-state-bench-kafka  | 	log.roll.hours = 168
stream-state-bench-kafka  | 	log.roll.jitter.hours = 0
stream-state-bench-kafka  | 	log.roll.jitter.ms = null
stream-state-bench-kafka  | 	log.roll.ms = null
stream-state-bench-kafka  | 	log.segment.bytes = 1073741824
stream-state-bench-kafka  | 	log.segment.delete.delay.ms = 60000
stream-state-bench-kafka  | 	max.connection.creation.rate = 2147483647
stream-state-bench-kafka  | 	max.connections = 2147483647
stream-state-bench-kafka  | 	max.connections.per.ip = 2147483647
stream-state-bench-kafka  | 	max.connections.per.ip.overrides = 
stream-state-bench-kafka  | 	max.incremental.fetch.session.cache.slots = 1000
stream-state-bench-kafka  | 	max.request.partition.size.limit = 2000
stream-state-bench-kafka  | 	message.max.bytes = 1048588
stream-state-bench-kafka  | 	metadata.log.dir = null
stream-state-bench-kafka  | 	metadata.log.max.record.bytes.between.snapshots = 20971520
stream-state-bench-kafka  | 	metadata.log.max.snapshot.interval.ms = 3600000
stream-state-bench-kafka  | 	metadata.log.segment.bytes = 1073741824
stream-state-bench-kafka  | 	metadata.log.segment.ms = 604800000
stream-state-bench-kafka  | 	metadata.max.idle.interval.ms = 500
stream-state-bench-kafka  | 	metadata.max.retention.bytes = 104857600
stream-state-bench-kafka  | 	metadata.max.retention.ms = 604800000
stream-state-bench-kafka  | 	metric.reporters = [org.apache.kafka.common.metrics.JmxReporter]
stream-state-bench-kafka  | 	metrics.num.samples = 2
stream-state-bench-kafka  | 	metrics.recording.level = INFO
stream-state-bench-kafka  | 	metrics.sample.window.ms = 30000
stream-state-bench-kafka  | 	min.insync.replicas = 1
stream-state-bench-kafka  | 	node.id = 1
stream-state-bench-kafka  | 	num.io.threads = 8
stream-state-bench-kafka  | 	num.network.threads = 3
stream-state-bench-kafka  | 	num.partitions = 1
stream-state-bench-kafka  | 	num.recovery.threads.per.data.dir = 2
stream-state-bench-kafka  | 	num.replica.alter.log.dirs.threads = null
stream-state-bench-kafka  | 	num.replica.fetchers = 1
stream-state-bench-kafka  | 	offset.metadata.max.bytes = 4096
stream-state-bench-kafka  | 	offsets.commit.timeout.ms = 5000
stream-state-bench-kafka  | 	offsets.load.buffer.size = 5242880
stream-state-bench-kafka  | 	offsets.retention.check.interval.ms = 600000
stream-state-bench-kafka  | 	offsets.retention.minutes = 10080
stream-state-bench-kafka  | 	offsets.topic.compression.codec = 0
stream-state-bench-kafka  | 	offsets.topic.num.partitions = 50
stream-state-bench-kafka  | 	offsets.topic.replication.factor = 1
stream-state-bench-kafka  | 	offsets.topic.segment.bytes = 104857600
stream-state-bench-kafka  | 	principal.builder.class = class org.apache.kafka.common.security.authenticator.DefaultKafkaPrincipalBuilder
stream-state-bench-kafka  | 	process.roles = [broker, controller]
stream-state-bench-kafka  | 	producer.id.expiration.check.interval.ms = 600000
stream-state-bench-kafka  | 	producer.id.expiration.ms = 86400000
stream-state-bench-kafka  | 	producer.purgatory.purge.interval.requests = 1000
stream-state-bench-kafka  | 	queued.max.request.bytes = -1
stream-state-bench-kafka  | 	queued.max.requests = 500
stream-state-bench-kafka  | 	quota.window.num = 11
stream-state-bench-kafka  | 	quota.window.size.seconds = 1
stream-state-bench-kafka  | 	remote.fetch.max.wait.ms = 500
stream-state-bench-kafka  | 	remote.list.offsets.request.timeout.ms = 30000
stream-state-bench-kafka  | 	remote.log.index.file.cache.total.size.bytes = 1073741824
stream-state-bench-kafka  | 	remote.log.index.file.cache.ttl.ms = 900000
stream-state-bench-kafka  | 	remote.log.manager.copier.thread.pool.size = 10
stream-state-bench-kafka  | 	remote.log.manager.copy.max.bytes.per.second = 9223372036854775807
stream-state-bench-kafka  | 	remote.log.manager.copy.quota.window.num = 11
stream-state-bench-kafka  | 	remote.log.manager.copy.quota.window.size.seconds = 1
stream-state-bench-kafka  | 	remote.log.manager.expiration.thread.pool.size = 10
stream-state-bench-kafka  | 	remote.log.manager.fetch.max.bytes.per.second = 9223372036854775807
stream-state-bench-kafka  | 	remote.log.manager.fetch.quota.window.num = 11
stream-state-bench-kafka  | 	remote.log.manager.fetch.quota.window.size.seconds = 1
stream-state-bench-kafka  | 	remote.log.manager.follower.thread.pool.size = 2
stream-state-bench-kafka  | 	remote.log.manager.task.interval.ms = 30000
stream-state-bench-kafka  | 	remote.log.manager.task.retry.backoff.max.ms = 30000
stream-state-bench-kafka  | 	remote.log.manager.task.retry.backoff.ms = 500
stream-state-bench-kafka  | 	remote.log.manager.task.retry.jitter = 0.2
stream-state-bench-kafka  | 	remote.log.manager.thread.pool.size = 2
stream-state-bench-kafka  | 	remote.log.metadata.custom.metadata.max.bytes = 128
stream-state-bench-kafka  | 	remote.log.metadata.manager.class.name = org.apache.kafka.server.log.remote.metadata.storage.TopicBasedRemoteLogMetadataManager
stream-state-bench-kafka  | 	remote.log.metadata.manager.class.path = null
stream-state-bench-kafka  | 	remote.log.metadata.manager.impl.prefix = rlmm.config.
stream-state-bench-kafka  | 	remote.log.metadata.manager.listener.name = null
stream-state-bench-kafka  | 	remote.log.reader.max.pending.tasks = 100
stream-state-bench-kafka  | 	remote.log.reader.threads = 10
stream-state-bench-kafka  | 	remote.log.storage.manager.class.name = null
stream-state-bench-kafka  | 	remote.log.storage.manager.class.path = null
stream-state-bench-kafka  | 	remote.log.storage.manager.impl.prefix = rsm.config.
stream-state-bench-kafka  | 	remote.log.storage.system.enable = false
stream-state-bench-kafka  | 	replica.fetch.backoff.ms = 1000
stream-state-bench-kafka  | 	replica.fetch.max.bytes = 1048576
stream-state-bench-kafka  | 	replica.fetch.min.bytes = 1
stream-state-bench-kafka  | 	replica.fetch.response.max.bytes = 10485760
stream-state-bench-kafka  | 	replica.fetch.wait.max.ms = 500
stream-state-bench-kafka  | 	replica.high.watermark.checkpoint.interval.ms = 5000
stream-state-bench-kafka  | 	replica.lag.time.max.ms = 30000
stream-state-bench-kafka  | 	replica.selector.class = null
stream-state-bench-kafka  | 	replica.socket.receive.buffer.bytes = 65536
stream-state-bench-kafka  | 	replica.socket.timeout.ms = 30000
stream-state-bench-kafka  | 	replication.quota.window.num = 11
stream-state-bench-kafka  | 	replication.quota.window.size.seconds = 1
stream-state-bench-kafka  | 	request.timeout.ms = 30000
stream-state-bench-kafka  | 	sasl.client.callback.handler.class = null
stream-state-bench-kafka  | 	sasl.enabled.mechanisms = [GSSAPI]
stream-state-bench-kafka  | 	sasl.jaas.config = null
stream-state-bench-kafka  | 	sasl.kerberos.kinit.cmd = /usr/bin/kinit
stream-state-bench-kafka  | 	sasl.kerberos.min.time.before.relogin = 60000
stream-state-bench-kafka  | 	sasl.kerberos.principal.to.local.rules = [DEFAULT]
stream-state-bench-kafka  | 	sasl.kerberos.service.name = null
stream-state-bench-kafka  | 	sasl.kerberos.ticket.renew.jitter = 0.05
stream-state-bench-kafka  | 	sasl.kerberos.ticket.renew.window.factor = 0.8
stream-state-bench-kafka  | 	sasl.login.callback.handler.class = null
stream-state-bench-kafka  | 	sasl.login.class = null
stream-state-bench-kafka  | 	sasl.login.connect.timeout.ms = null
stream-state-bench-kafka  | 	sasl.login.read.timeout.ms = null
stream-state-bench-kafka  | 	sasl.login.refresh.buffer.seconds = 300
stream-state-bench-kafka  | 	sasl.login.refresh.min.period.seconds = 60
stream-state-bench-kafka  | 	sasl.login.refresh.window.factor = 0.8
stream-state-bench-kafka  | 	sasl.login.refresh.window.jitter = 0.05
stream-state-bench-kafka  | 	sasl.login.retry.backoff.max.ms = 10000
stream-state-bench-kafka  | 	sasl.login.retry.backoff.ms = 100
stream-state-bench-kafka  | 	sasl.mechanism.controller.protocol = GSSAPI
stream-state-bench-kafka  | 	sasl.mechanism.inter.broker.protocol = GSSAPI
stream-state-bench-kafka  | 	sasl.oauthbearer.assertion.algorithm = RS256
stream-state-bench-kafka  | 	sasl.oauthbearer.assertion.claim.aud = null
stream-state-bench-kafka  | 	sasl.oauthbearer.assertion.claim.exp.seconds = 300
stream-state-bench-kafka  | 	sasl.oauthbearer.assertion.claim.iss = null
stream-state-bench-kafka  | 	sasl.oauthbearer.assertion.claim.jti.include = false
stream-state-bench-kafka  | 	sasl.oauthbearer.assertion.claim.nbf.seconds = 60
stream-state-bench-kafka  | 	sasl.oauthbearer.assertion.claim.sub = null
stream-state-bench-kafka  | 	sasl.oauthbearer.assertion.file = null
stream-state-bench-kafka  | 	sasl.oauthbearer.assertion.private.key.file = null
stream-state-bench-kafka  | 	sasl.oauthbearer.assertion.private.key.passphrase = null
stream-state-bench-kafka  | 	sasl.oauthbearer.assertion.template.file = null
stream-state-bench-kafka  | 	sasl.oauthbearer.client.credentials.client.id = null
stream-state-bench-kafka  | 	sasl.oauthbearer.client.credentials.client.secret = null
stream-state-bench-kafka  | 	sasl.oauthbearer.clock.skew.seconds = 30
stream-state-bench-kafka  | 	sasl.oauthbearer.expected.audience = []
stream-state-bench-kafka  | 	sasl.oauthbearer.expected.issuer = null
stream-state-bench-kafka  | 	sasl.oauthbearer.jwks.endpoint.refresh.ms = 3600000
stream-state-bench-kafka  | 	sasl.oauthbearer.jwks.endpoint.retry.backoff.max.ms = 10000
stream-state-bench-kafka  | 	sasl.oauthbearer.jwks.endpoint.retry.backoff.ms = 100
stream-state-bench-kafka  | 	sasl.oauthbearer.jwks.endpoint.url = null
stream-state-bench-kafka  | 	sasl.oauthbearer.jwt.retriever.class = class org.apache.kafka.common.security.oauthbearer.DefaultJwtRetriever
stream-state-bench-kafka  | 	sasl.oauthbearer.jwt.validator.class = class org.apache.kafka.common.security.oauthbearer.DefaultJwtValidator
stream-state-bench-kafka  | 	sasl.oauthbearer.scope = null
stream-state-bench-kafka  | 	sasl.oauthbearer.scope.claim.name = scope
stream-state-bench-kafka  | 	sasl.oauthbearer.sub.claim.name = sub
stream-state-bench-kafka  | 	sasl.oauthbearer.token.endpoint.url = null
stream-state-bench-kafka  | 	sasl.server.callback.handler.class = null
stream-state-bench-kafka  | 	sasl.server.max.receive.size = 524288
stream-state-bench-kafka  | 	security.inter.broker.protocol = PLAINTEXT
stream-state-bench-kafka  | 	security.providers = null
stream-state-bench-kafka  | 	server.max.startup.time.ms = 9223372036854775807
stream-state-bench-kafka  | 	share.coordinator.append.linger.ms = -1
stream-state-bench-kafka  | 	share.coordinator.cached.buffer.max.bytes = 1048588
stream-state-bench-kafka  | 	share.coordinator.cold.partition.snapshot.interval.ms = 300000
stream-state-bench-kafka  | 	share.coordinator.load.buffer.size = 5242880
stream-state-bench-kafka  | 	share.coordinator.snapshot.update.records.per.snapshot = 500
stream-state-bench-kafka  | 	share.coordinator.state.topic.compression.codec = 0
stream-state-bench-kafka  | 	share.coordinator.state.topic.min.isr = 2
stream-state-bench-kafka  | 	share.coordinator.state.topic.num.partitions = 50
stream-state-bench-kafka  | 	share.coordinator.state.topic.prune.interval.ms = 300000
stream-state-bench-kafka  | 	share.coordinator.state.topic.replication.factor = 3
stream-state-bench-kafka  | 	share.coordinator.state.topic.segment.bytes = 104857600
stream-state-bench-kafka  | 	share.coordinator.threads = 1
stream-state-bench-kafka  | 	share.coordinator.write.timeout.ms = 5000
stream-state-bench-kafka  | 	share.fetch.purgatory.purge.interval.requests = 1000
stream-state-bench-kafka  | 	socket.connection.setup.timeout.max.ms = 30000
stream-state-bench-kafka  | 	socket.connection.setup.timeout.ms = 10000
stream-state-bench-kafka  | 	socket.listen.backlog.size = 50
stream-state-bench-kafka  | 	socket.receive.buffer.bytes = 102400
stream-state-bench-kafka  | 	socket.request.max.bytes = 104857600
stream-state-bench-kafka  | 	socket.send.buffer.bytes = 102400
stream-state-bench-kafka  | 	ssl.allow.dn.changes = false
stream-state-bench-kafka  | 	ssl.allow.san.changes = false
stream-state-bench-kafka  | 	ssl.cipher.suites = []
stream-state-bench-kafka  | 	ssl.client.auth = none
stream-state-bench-kafka  | 	ssl.enabled.protocols = [TLSv1.2, TLSv1.3]
stream-state-bench-kafka  | 	ssl.endpoint.identification.algorithm = https
stream-state-bench-kafka  | 	ssl.engine.factory.class = null
stream-state-bench-kafka  | 	ssl.key.password = null
stream-state-bench-kafka  | 	ssl.keymanager.algorithm = SunX509
stream-state-bench-kafka  | 	ssl.keystore.certificate.chain = null
stream-state-bench-kafka  | 	ssl.keystore.key = null
stream-state-bench-kafka  | 	ssl.keystore.location = null
stream-state-bench-kafka  | 	ssl.keystore.password = null
stream-state-bench-kafka  | 	ssl.keystore.type = JKS
stream-state-bench-kafka  | 	ssl.principal.mapping.rules = DEFAULT
stream-state-bench-kafka  | 	ssl.protocol = TLSv1.3
stream-state-bench-kafka  | 	ssl.provider = null
stream-state-bench-kafka  | 	ssl.secure.random.implementation = null
stream-state-bench-kafka  | 	ssl.trustmanager.algorithm = PKIX
stream-state-bench-kafka  | 	ssl.truststore.certificates = null
stream-state-bench-kafka  | 	ssl.truststore.location = null
stream-state-bench-kafka  | 	ssl.truststore.password = null
stream-state-bench-kafka  | 	ssl.truststore.type = JKS
stream-state-bench-kafka  | 	telemetry.max.bytes = 1048576
stream-state-bench-kafka  | 	transaction.abort.timed.out.transaction.cleanup.interval.ms = 10000
stream-state-bench-kafka  | 	transaction.max.timeout.ms = 900000
stream-state-bench-kafka  | 	transaction.partition.verification.enable = true
stream-state-bench-kafka  | 	transaction.remove.expired.transaction.cleanup.interval.ms = 3600000
stream-state-bench-kafka  | 	transaction.state.log.load.buffer.size = 5242880
stream-state-bench-kafka  | 	transaction.state.log.min.isr = 1
stream-state-bench-kafka  | 	transaction.state.log.num.partitions = 50
stream-state-bench-kafka  | 	transaction.state.log.replication.factor = 1
stream-state-bench-kafka  | 	transaction.state.log.segment.bytes = 104857600
stream-state-bench-kafka  | 	transaction.two.phase.commit.enable = false
stream-state-bench-kafka  | 	transactional.id.expiration.ms = 604800000
stream-state-bench-kafka  | 	unclean.leader.election.enable = false
stream-state-bench-kafka  | 	unclean.leader.election.interval.ms = 300000
stream-state-bench-kafka  | 	unstable.api.versions.enable = false
stream-state-bench-kafka  | 	unstable.feature.versions.enable = false
stream-state-bench-kafka  |  (org.apache.kafka.common.config.AbstractConfig)
stream-state-bench-kafka  | [2026-07-16 09:31:11,272] INFO [BrokerMetadataPublisher id=1] Feature share.version has been updated to version 1 (kafka.server.metadata.BrokerMetadataPublisher)
stream-state-bench-kafka  | [2026-07-16 09:31:11,272] INFO [MetadataLoader id=1] InitializeNewPublishers: initializing BrokerRegistrationTracker(id=1) with a snapshot at offset 10 (org.apache.kafka.image.loader.MetadataLoader)
stream-state-bench-kafka  | [2026-07-16 09:31:11,283] INFO [BrokerLifecycleManager id=1] The broker has caught up. Transitioning from STARTING to RECOVERY. (org.apache.kafka.server.BrokerLifecycleManager)
stream-state-bench-kafka  | [2026-07-16 09:31:11,284] INFO [BrokerServer id=1] Finished waiting for the controller to acknowledge that we are caught up (kafka.server.BrokerServer)
stream-state-bench-kafka  | [2026-07-16 09:31:11,284] INFO [BrokerServer id=1] Waiting for the initial broker metadata update to be published (kafka.server.BrokerServer)
stream-state-bench-kafka  | [2026-07-16 09:31:11,284] INFO [BrokerServer id=1] Finished waiting for the initial broker metadata update to be published (kafka.server.BrokerServer)
stream-state-bench-kafka  | [2026-07-16 09:31:11,285] INFO KafkaConfig values: 
stream-state-bench-kafka  | 	add.partitions.to.txn.retry.backoff.max.ms = 100
stream-state-bench-kafka  | 	add.partitions.to.txn.retry.backoff.ms = 20
stream-state-bench-kafka  | 	advertised.listeners = [PLAINTEXT://kafka:9092]
stream-state-bench-kafka  | 	alter.config.policy.class.name = null
stream-state-bench-kafka  | 	alter.log.dirs.replication.quota.window.num = 11
stream-state-bench-kafka  | 	alter.log.dirs.replication.quota.window.size.seconds = 1
stream-state-bench-kafka  | 	authorizer.class.name = 
stream-state-bench-kafka  | 	auto.create.topics.enable = false
stream-state-bench-kafka  | 	auto.leader.rebalance.enable = true
stream-state-bench-kafka  | 	background.threads = 10
stream-state-bench-kafka  | 	broker.heartbeat.interval.ms = 2000
stream-state-bench-kafka  | 	broker.id = 1
stream-state-bench-kafka  | 	broker.rack = null
stream-state-bench-kafka  | 	broker.session.timeout.ms = 9000
stream-state-bench-kafka  | 	client.quota.callback.class = null
stream-state-bench-kafka  | 	compression.gzip.level = -1
stream-state-bench-kafka  | 	compression.lz4.level = 9
stream-state-bench-kafka  | 	compression.type = producer
stream-state-bench-kafka  | 	compression.zstd.level = 3
stream-state-bench-kafka  | 	config.providers = []
stream-state-bench-kafka  | 	connection.failed.authentication.delay.ms = 100
stream-state-bench-kafka  | 	connections.max.idle.ms = 600000
stream-state-bench-kafka  | 	connections.max.reauth.ms = 0
stream-state-bench-kafka  | 	controlled.shutdown.enable = true
stream-state-bench-kafka  | 	controller.listener.names = [CONTROLLER]
stream-state-bench-kafka  | 	controller.performance.always.log.threshold.ms = 2000
stream-state-bench-kafka  | 	controller.performance.sample.period.ms = 60000
stream-state-bench-kafka  | 	controller.quorum.append.linger.ms = 25
stream-state-bench-kafka  | 	controller.quorum.auto.join.enable = false
stream-state-bench-kafka  | 	controller.quorum.bootstrap.servers = []
stream-state-bench-kafka  | 	controller.quorum.election.backoff.max.ms = 1000
stream-state-bench-kafka  | 	controller.quorum.election.timeout.ms = 1000
stream-state-bench-kafka  | 	controller.quorum.fetch.max.bytes = 1048576
stream-state-bench-kafka  | 	controller.quorum.fetch.snapshot.max.bytes = 1048576
stream-state-bench-kafka  | 	controller.quorum.fetch.timeout.ms = 2000
stream-state-bench-kafka  | 	controller.quorum.request.timeout.ms = 2000
stream-state-bench-kafka  | 	controller.quorum.retry.backoff.ms = 20
stream-state-bench-kafka  | 	controller.quorum.voters = [1@kafka:9093]
stream-state-bench-kafka  | 	controller.quota.window.num = 11
stream-state-bench-kafka  | 	controller.quota.window.size.seconds = 1
stream-state-bench-kafka  | 	controller.socket.timeout.ms = 30000
stream-state-bench-kafka  | 	cordoned.log.dirs = []
stream-state-bench-kafka  | 	create.topic.policy.class.name = null
stream-state-bench-kafka  | 	default.replication.factor = 1
stream-state-bench-kafka  | 	delegation.token.expiry.check.interval.ms = 3600000
stream-state-bench-kafka  | 	delegation.token.expiry.time.ms = 86400000
stream-state-bench-kafka  | 	delegation.token.max.lifetime.ms = 604800000
stream-state-bench-kafka  | 	delegation.token.secret.key = null
stream-state-bench-kafka  | 	delete.records.purgatory.purge.interval.requests = 1
stream-state-bench-kafka  | 	delete.topic.enable = true
stream-state-bench-kafka  | 	early.start.listeners = null
stream-state-bench-kafka  | 	fetch.max.bytes = 57671680
stream-state-bench-kafka  | 	fetch.purgatory.purge.interval.requests = 1000
stream-state-bench-kafka  | 	follower.fetch.last.tiered.offset.enable = false
stream-state-bench-kafka  | 	group.consumer.assignment.interval.ms = 1000
stream-state-bench-kafka  | 	group.consumer.assignors = [uniform, range]
stream-state-bench-kafka  | 	group.consumer.heartbeat.interval.ms = 5000
stream-state-bench-kafka  | 	group.consumer.max.assignment.interval.ms = 15000
stream-state-bench-kafka  | 	group.consumer.max.heartbeat.interval.ms = 15000
stream-state-bench-kafka  | 	group.consumer.max.session.timeout.ms = 60000
stream-state-bench-kafka  | 	group.consumer.max.size = 2147483647
stream-state-bench-kafka  | 	group.consumer.migration.policy = bidirectional
stream-state-bench-kafka  | 	group.consumer.min.assignment.interval.ms = 0
stream-state-bench-kafka  | 	group.consumer.min.heartbeat.interval.ms = 5000
stream-state-bench-kafka  | 	group.consumer.min.session.timeout.ms = 45000
stream-state-bench-kafka  | 	group.consumer.regex.refresh.interval.ms = 600000
stream-state-bench-kafka  | 	group.consumer.session.timeout.ms = 45000
stream-state-bench-kafka  | 	group.coordinator.append.linger.ms = -1
stream-state-bench-kafka  | 	group.coordinator.background.threads = 2
stream-state-bench-kafka  | 	group.coordinator.cached.buffer.max.bytes = 1048588
stream-state-bench-kafka  | 	group.coordinator.rebalance.protocols = [classic, consumer, streams]
stream-state-bench-kafka  | 	group.coordinator.threads = 4
stream-state-bench-kafka  | 	group.initial.rebalance.delay.ms = 0
stream-state-bench-kafka  | 	group.max.session.timeout.ms = 1800000
stream-state-bench-kafka  | 	group.max.size = 2147483647
stream-state-bench-kafka  | 	group.min.session.timeout.ms = 6000
stream-state-bench-kafka  | 	group.share.assignment.interval.ms = 1000
stream-state-bench-kafka  | 	group.share.assignors = [simple]
stream-state-bench-kafka  | 	group.share.delivery.count.limit = 5
stream-state-bench-kafka  | 	group.share.heartbeat.interval.ms = 5000
stream-state-bench-kafka  | 	group.share.initialize.retry.interval.ms = 30000
stream-state-bench-kafka  | 	group.share.max.assignment.interval.ms = 15000
stream-state-bench-kafka  | 	group.share.max.delivery.count.limit = 10
stream-state-bench-kafka  | 	group.share.max.heartbeat.interval.ms = 15000
stream-state-bench-kafka  | 	group.share.max.partition.max.record.locks = 4000
stream-state-bench-kafka  | 	group.share.max.record.lock.duration.ms = 60000
stream-state-bench-kafka  | 	group.share.max.session.timeout.ms = 60000
stream-state-bench-kafka  | 	group.share.max.share.sessions = 2000
stream-state-bench-kafka  | 	group.share.max.size = 200
stream-state-bench-kafka  | 	group.share.min.assignment.interval.ms = 0
stream-state-bench-kafka  | 	group.share.min.delivery.count.limit = 2
stream-state-bench-kafka  | 	group.share.min.heartbeat.interval.ms = 5000
stream-state-bench-kafka  | 	group.share.min.partition.max.record.locks = 100
stream-state-bench-kafka  | 	group.share.min.record.lock.duration.ms = 15000
stream-state-bench-kafka  | 	group.share.min.session.timeout.ms = 45000
stream-state-bench-kafka  | 	group.share.partition.max.record.locks = 2000
stream-state-bench-kafka  | 	group.share.persister.class.name = org.apache.kafka.server.share.persister.DefaultStatePersister
stream-state-bench-kafka  | 	group.share.record.lock.duration.ms = 30000
stream-state-bench-kafka  | 	group.share.session.timeout.ms = 45000
stream-state-bench-kafka  | 	group.streams.assignment.interval.ms = 1000
stream-state-bench-kafka  | 	group.streams.heartbeat.interval.ms = 5000
stream-state-bench-kafka  | 	group.streams.initial.rebalance.delay.ms = 3000
stream-state-bench-kafka  | 	group.streams.max.assignment.interval.ms = 15000
stream-state-bench-kafka  | 	group.streams.max.heartbeat.interval.ms = 15000
stream-state-bench-kafka  | 	group.streams.max.session.timeout.ms = 60000
stream-state-bench-kafka  | 	group.streams.max.size = 2147483647
stream-state-bench-kafka  | 	group.streams.max.standby.replicas = 2
stream-state-bench-kafka  | 	group.streams.min.assignment.interval.ms = 0
stream-state-bench-kafka  | 	group.streams.min.heartbeat.interval.ms = 5000
stream-state-bench-kafka  | 	group.streams.min.session.timeout.ms = 45000
stream-state-bench-kafka  | 	group.streams.num.standby.replicas = 0
stream-state-bench-kafka  | 	group.streams.session.timeout.ms = 45000
stream-state-bench-kafka  | 	initial.broker.registration.timeout.ms = 60000
stream-state-bench-kafka  | 	inter.broker.listener.name = null
stream-state-bench-kafka  | 	internal.metadata.delete.delay.millis = 60000
stream-state-bench-kafka  | 	internal.metadata.log.segment.bytes = null
stream-state-bench-kafka  | 	internal.metadata.max.batch.size.in.bytes = 8388608
stream-state-bench-kafka  | 	kafka.metrics.polling.interval.secs = 10
stream-state-bench-kafka  | 	kafka.metrics.reporters = []
stream-state-bench-kafka  | 	leader.imbalance.check.interval.seconds = 300
stream-state-bench-kafka  | 	listener.security.protocol.map = CONTROLLER:PLAINTEXT,PLAINTEXT:PLAINTEXT
stream-state-bench-kafka  | 	listeners = [PLAINTEXT://:9092, CONTROLLER://:9093]
stream-state-bench-kafka  | 	log.cleaner.backoff.ms = 15000
stream-state-bench-kafka  | 	log.cleaner.dedupe.buffer.size = 134217728
stream-state-bench-kafka  | 	log.cleaner.delete.retention.ms = 86400000
stream-state-bench-kafka  | 	log.cleaner.enable = true
stream-state-bench-kafka  | 	log.cleaner.io.buffer.load.factor = 0.9
stream-state-bench-kafka  | 	log.cleaner.io.buffer.size = 524288
stream-state-bench-kafka  | 	log.cleaner.io.max.bytes.per.second = 1.7976931348623157E308
stream-state-bench-kafka  | 	log.cleaner.max.compaction.lag.ms = 9223372036854775807
stream-state-bench-kafka  | 	log.cleaner.min.cleanable.ratio = 0.5
stream-state-bench-kafka  | 	log.cleaner.min.compaction.lag.ms = 0
stream-state-bench-kafka  | 	log.cleaner.threads = 1
stream-state-bench-kafka  | 	log.cleanup.policy = [delete]
stream-state-bench-kafka  | 	log.dir = [/tmp/kafka-logs]
stream-state-bench-kafka  | 	log.dir.failure.timeout.ms = 30000
stream-state-bench-kafka  | 	log.dirs = null
stream-state-bench-kafka  | 	log.flush.interval.messages = 9223372036854775807
stream-state-bench-kafka  | 	log.flush.interval.ms = null
stream-state-bench-kafka  | 	log.flush.offset.checkpoint.interval.ms = 60000
stream-state-bench-kafka  | 	log.flush.scheduler.interval.ms = 9223372036854775807
stream-state-bench-kafka  | 	log.flush.start.offset.checkpoint.interval.ms = 60000
stream-state-bench-kafka  | 	log.index.interval.bytes = 4096
stream-state-bench-kafka  | 	log.index.size.max.bytes = 10485760
stream-state-bench-kafka  | 	log.initial.task.delay.ms = 30000
stream-state-bench-kafka  | 	log.local.retention.bytes = -2
stream-state-bench-kafka  | 	log.local.retention.ms = -2
stream-state-bench-kafka  | 	log.message.timestamp.after.max.ms = 3600000
stream-state-bench-kafka  | 	log.message.timestamp.before.max.ms = 9223372036854775807
stream-state-bench-kafka  | 	log.message.timestamp.type = CreateTime
stream-state-bench-kafka  | 	log.preallocate = false
stream-state-bench-kafka  | 	log.retention.bytes = -1
stream-state-bench-kafka  | 	log.retention.check.interval.ms = 300000
stream-state-bench-kafka  | 	log.retention.hours = 168
stream-state-bench-kafka  | 	log.retention.minutes = null
stream-state-bench-kafka  | 	log.retention.ms = null
stream-state-bench-kafka  | 	log.roll.hours = 168
stream-state-bench-kafka  | 	log.roll.jitter.hours = 0
stream-state-bench-kafka  | 	log.roll.jitter.ms = null
stream-state-bench-kafka  | 	log.roll.ms = null
stream-state-bench-kafka  | 	log.segment.bytes = 1073741824
stream-state-bench-kafka  | 	log.segment.delete.delay.ms = 60000
stream-state-bench-kafka  | 	max.connection.creation.rate = 2147483647
stream-state-bench-kafka  | 	max.connections = 2147483647
stream-state-bench-kafka  | 	max.connections.per.ip = 2147483647
stream-state-bench-kafka  | 	max.connections.per.ip.overrides = 
stream-state-bench-kafka  | 	max.incremental.fetch.session.cache.slots = 1000
stream-state-bench-kafka  | 	max.request.partition.size.limit = 2000
stream-state-bench-kafka  | 	message.max.bytes = 1048588
stream-state-bench-kafka  | 	metadata.log.dir = null
stream-state-bench-kafka  | 	metadata.log.max.record.bytes.between.snapshots = 20971520
stream-state-bench-kafka  | 	metadata.log.max.snapshot.interval.ms = 3600000
stream-state-bench-kafka  | 	metadata.log.segment.bytes = 1073741824
stream-state-bench-kafka  | 	metadata.log.segment.ms = 604800000
stream-state-bench-kafka  | 	metadata.max.idle.interval.ms = 500
stream-state-bench-kafka  | 	metadata.max.retention.bytes = 104857600
stream-state-bench-kafka  | 	metadata.max.retention.ms = 604800000
stream-state-bench-kafka  | 	metric.reporters = [org.apache.kafka.common.metrics.JmxReporter]
stream-state-bench-kafka  | 	metrics.num.samples = 2
stream-state-bench-kafka  | 	metrics.recording.level = INFO
stream-state-bench-kafka  | 	metrics.sample.window.ms = 30000
stream-state-bench-kafka  | 	min.insync.replicas = 1
stream-state-bench-kafka  | 	node.id = 1
stream-state-bench-kafka  | 	num.io.threads = 8
stream-state-bench-kafka  | 	num.network.threads = 3
stream-state-bench-kafka  | 	num.partitions = 1
stream-state-bench-kafka  | 	num.recovery.threads.per.data.dir = 2
stream-state-bench-kafka  | 	num.replica.alter.log.dirs.threads = null
stream-state-bench-kafka  | 	num.replica.fetchers = 1
stream-state-bench-kafka  | 	offset.metadata.max.bytes = 4096
stream-state-bench-kafka  | 	offsets.commit.timeout.ms = 5000
stream-state-bench-kafka  | 	offsets.load.buffer.size = 5242880
stream-state-bench-kafka  | 	offsets.retention.check.interval.ms = 600000
stream-state-bench-kafka  | 	offsets.retention.minutes = 10080
stream-state-bench-kafka  | 	offsets.topic.compression.codec = 0
stream-state-bench-kafka  | 	offsets.topic.num.partitions = 50
stream-state-bench-kafka  | 	offsets.topic.replication.factor = 1
stream-state-bench-kafka  | 	offsets.topic.segment.bytes = 104857600
stream-state-bench-kafka  | 	principal.builder.class = class org.apache.kafka.common.security.authenticator.DefaultKafkaPrincipalBuilder
stream-state-bench-kafka  | 	process.roles = [broker, controller]
stream-state-bench-kafka  | 	producer.id.expiration.check.interval.ms = 600000
stream-state-bench-kafka  | 	producer.id.expiration.ms = 86400000
stream-state-bench-kafka  | 	producer.purgatory.purge.interval.requests = 1000
stream-state-bench-kafka  | 	queued.max.request.bytes = -1
stream-state-bench-kafka  | 	queued.max.requests = 500
stream-state-bench-kafka  | 	quota.window.num = 11
stream-state-bench-kafka  | 	quota.window.size.seconds = 1
stream-state-bench-kafka  | 	remote.fetch.max.wait.ms = 500
stream-state-bench-kafka  | 	remote.list.offsets.request.timeout.ms = 30000
stream-state-bench-kafka  | 	remote.log.index.file.cache.total.size.bytes = 1073741824
stream-state-bench-kafka  | 	remote.log.index.file.cache.ttl.ms = 900000
stream-state-bench-kafka  | 	remote.log.manager.copier.thread.pool.size = 10
stream-state-bench-kafka  | 	remote.log.manager.copy.max.bytes.per.second = 9223372036854775807
stream-state-bench-kafka  | 	remote.log.manager.copy.quota.window.num = 11
stream-state-bench-kafka  | 	remote.log.manager.copy.quota.window.size.seconds = 1
stream-state-bench-kafka  | 	remote.log.manager.expiration.thread.pool.size = 10
stream-state-bench-kafka  | 	remote.log.manager.fetch.max.bytes.per.second = 9223372036854775807
stream-state-bench-kafka  | 	remote.log.manager.fetch.quota.window.num = 11
stream-state-bench-kafka  | 	remote.log.manager.fetch.quota.window.size.seconds = 1
stream-state-bench-kafka  | 	remote.log.manager.follower.thread.pool.size = 2
stream-state-bench-kafka  | 	remote.log.manager.task.interval.ms = 30000
stream-state-bench-kafka  | 	remote.log.manager.task.retry.backoff.max.ms = 30000
stream-state-bench-kafka  | 	remote.log.manager.task.retry.backoff.ms = 500
stream-state-bench-kafka  | 	remote.log.manager.task.retry.jitter = 0.2
stream-state-bench-kafka  | 	remote.log.manager.thread.pool.size = 2
stream-state-bench-kafka  | 	remote.log.metadata.custom.metadata.max.bytes = 128
stream-state-bench-kafka  | 	remote.log.metadata.manager.class.name = org.apache.kafka.server.log.remote.metadata.storage.TopicBasedRemoteLogMetadataManager
stream-state-bench-kafka  | 	remote.log.metadata.manager.class.path = null
stream-state-bench-kafka  | 	remote.log.metadata.manager.impl.prefix = rlmm.config.
stream-state-bench-kafka  | 	remote.log.metadata.manager.listener.name = null
stream-state-bench-kafka  | 	remote.log.reader.max.pending.tasks = 100
stream-state-bench-kafka  | 	remote.log.reader.threads = 10
stream-state-bench-kafka  | 	remote.log.storage.manager.class.name = null
stream-state-bench-kafka  | 	remote.log.storage.manager.class.path = null
stream-state-bench-kafka  | 	remote.log.storage.manager.impl.prefix = rsm.config.
stream-state-bench-kafka  | 	remote.log.storage.system.enable = false
stream-state-bench-kafka  | 	replica.fetch.backoff.ms = 1000
stream-state-bench-kafka  | 	replica.fetch.max.bytes = 1048576
stream-state-bench-kafka  | 	replica.fetch.min.bytes = 1
stream-state-bench-kafka  | 	replica.fetch.response.max.bytes = 10485760
stream-state-bench-kafka  | 	replica.fetch.wait.max.ms = 500
stream-state-bench-kafka  | 	replica.high.watermark.checkpoint.interval.ms = 5000
stream-state-bench-kafka  | 	replica.lag.time.max.ms = 30000
stream-state-bench-kafka  | 	replica.selector.class = null
stream-state-bench-kafka  | 	replica.socket.receive.buffer.bytes = 65536
stream-state-bench-kafka  | 	replica.socket.timeout.ms = 30000
stream-state-bench-kafka  | 	replication.quota.window.num = 11
stream-state-bench-kafka  | 	replication.quota.window.size.seconds = 1
stream-state-bench-kafka  | 	request.timeout.ms = 30000
stream-state-bench-kafka  | 	sasl.client.callback.handler.class = null
stream-state-bench-kafka  | 	sasl.enabled.mechanisms = [GSSAPI]
stream-state-bench-kafka  | 	sasl.jaas.config = null
stream-state-bench-kafka  | 	sasl.kerberos.kinit.cmd = /usr/bin/kinit
stream-state-bench-kafka  | 	sasl.kerberos.min.time.before.relogin = 60000
stream-state-bench-kafka  | 	sasl.kerberos.principal.to.local.rules = [DEFAULT]
stream-state-bench-kafka  | 	sasl.kerberos.service.name = null
stream-state-bench-kafka  | 	sasl.kerberos.ticket.renew.jitter = 0.05
stream-state-bench-kafka  | 	sasl.kerberos.ticket.renew.window.factor = 0.8
stream-state-bench-kafka  | 	sasl.login.callback.handler.class = null
stream-state-bench-kafka  | 	sasl.login.class = null
stream-state-bench-kafka  | 	sasl.login.connect.timeout.ms = null
stream-state-bench-kafka  | 	sasl.login.read.timeout.ms = null
stream-state-bench-kafka  | 	sasl.login.refresh.buffer.seconds = 300
stream-state-bench-kafka  | 	sasl.login.refresh.min.period.seconds = 60
stream-state-bench-kafka  | 	sasl.login.refresh.window.factor = 0.8
stream-state-bench-kafka  | 	sasl.login.refresh.window.jitter = 0.05
stream-state-bench-kafka  | 	sasl.login.retry.backoff.max.ms = 10000
stream-state-bench-kafka  | 	sasl.login.retry.backoff.ms = 100
stream-state-bench-kafka  | 	sasl.mechanism.controller.protocol = GSSAPI
stream-state-bench-kafka  | 	sasl.mechanism.inter.broker.protocol = GSSAPI
stream-state-bench-kafka  | 	sasl.oauthbearer.assertion.algorithm = RS256
stream-state-bench-kafka  | 	sasl.oauthbearer.assertion.claim.aud = null
stream-state-bench-kafka  | 	sasl.oauthbearer.assertion.claim.exp.seconds = 300
stream-state-bench-kafka  | 	sasl.oauthbearer.assertion.claim.iss = null
stream-state-bench-kafka  | 	sasl.oauthbearer.assertion.claim.jti.include = false
stream-state-bench-kafka  | 	sasl.oauthbearer.assertion.claim.nbf.seconds = 60
stream-state-bench-kafka  | 	sasl.oauthbearer.assertion.claim.sub = null
stream-state-bench-kafka  | 	sasl.oauthbearer.assertion.file = null
stream-state-bench-kafka  | 	sasl.oauthbearer.assertion.private.key.file = null
stream-state-bench-kafka  | 	sasl.oauthbearer.assertion.private.key.passphrase = null
stream-state-bench-kafka  | 	sasl.oauthbearer.assertion.template.file = null
stream-state-bench-kafka  | 	sasl.oauthbearer.client.credentials.client.id = null
stream-state-bench-kafka  | 	sasl.oauthbearer.client.credentials.client.secret = null
stream-state-bench-kafka  | 	sasl.oauthbearer.clock.skew.seconds = 30
stream-state-bench-kafka  | 	sasl.oauthbearer.expected.audience = []
stream-state-bench-kafka  | 	sasl.oauthbearer.expected.issuer = null
stream-state-bench-kafka  | 	sasl.oauthbearer.jwks.endpoint.refresh.ms = 3600000
stream-state-bench-kafka  | 	sasl.oauthbearer.jwks.endpoint.retry.backoff.max.ms = 10000
stream-state-bench-kafka  | 	sasl.oauthbearer.jwks.endpoint.retry.backoff.ms = 100
stream-state-bench-kafka  | 	sasl.oauthbearer.jwks.endpoint.url = null
stream-state-bench-kafka  | 	sasl.oauthbearer.jwt.retriever.class = class org.apache.kafka.common.security.oauthbearer.DefaultJwtRetriever
stream-state-bench-kafka  | 	sasl.oauthbearer.jwt.validator.class = class org.apache.kafka.common.security.oauthbearer.DefaultJwtValidator
stream-state-bench-kafka  | 	sasl.oauthbearer.scope = null
stream-state-bench-kafka  | 	sasl.oauthbearer.scope.claim.name = scope
stream-state-bench-kafka  | 	sasl.oauthbearer.sub.claim.name = sub
stream-state-bench-kafka  | 	sasl.oauthbearer.token.endpoint.url = null
stream-state-bench-kafka  | 	sasl.server.callback.handler.class = null
stream-state-bench-kafka  | 	sasl.server.max.receive.size = 524288
stream-state-bench-kafka  | 	security.inter.broker.protocol = PLAINTEXT
stream-state-bench-kafka  | 	security.providers = null
stream-state-bench-kafka  | 	server.max.startup.time.ms = 9223372036854775807
stream-state-bench-kafka  | 	share.coordinator.append.linger.ms = -1
stream-state-bench-kafka  | 	share.coordinator.cached.buffer.max.bytes = 1048588
stream-state-bench-kafka  | 	share.coordinator.cold.partition.snapshot.interval.ms = 300000
stream-state-bench-kafka  | 	share.coordinator.load.buffer.size = 5242880
stream-state-bench-kafka  | 	share.coordinator.snapshot.update.records.per.snapshot = 500
stream-state-bench-kafka  | 	share.coordinator.state.topic.compression.codec = 0
stream-state-bench-kafka  | 	share.coordinator.state.topic.min.isr = 2
stream-state-bench-kafka  | 	share.coordinator.state.topic.num.partitions = 50
stream-state-bench-kafka  | 	share.coordinator.state.topic.prune.interval.ms = 300000
stream-state-bench-kafka  | 	share.coordinator.state.topic.replication.factor = 3
stream-state-bench-kafka  | 	share.coordinator.state.topic.segment.bytes = 104857600
stream-state-bench-kafka  | 	share.coordinator.threads = 1
stream-state-bench-kafka  | 	share.coordinator.write.timeout.ms = 5000
stream-state-bench-kafka  | 	share.fetch.purgatory.purge.interval.requests = 1000
stream-state-bench-kafka  | 	socket.connection.setup.timeout.max.ms = 30000
stream-state-bench-kafka  | 	socket.connection.setup.timeout.ms = 10000
stream-state-bench-kafka  | 	socket.listen.backlog.size = 50
stream-state-bench-kafka  | 	socket.receive.buffer.bytes = 102400
stream-state-bench-kafka  | 	socket.request.max.bytes = 104857600
stream-state-bench-kafka  | 	socket.send.buffer.bytes = 102400
stream-state-bench-kafka  | 	ssl.allow.dn.changes = false
stream-state-bench-kafka  | 	ssl.allow.san.changes = false
stream-state-bench-kafka  | 	ssl.cipher.suites = []
stream-state-bench-kafka  | 	ssl.client.auth = none
stream-state-bench-kafka  | 	ssl.enabled.protocols = [TLSv1.2, TLSv1.3]
stream-state-bench-kafka  | 	ssl.endpoint.identification.algorithm = https
stream-state-bench-kafka  | 	ssl.engine.factory.class = null
stream-state-bench-kafka  | 	ssl.key.password = null
stream-state-bench-kafka  | 	ssl.keymanager.algorithm = SunX509
stream-state-bench-kafka  | 	ssl.keystore.certificate.chain = null
stream-state-bench-kafka  | 	ssl.keystore.key = null
stream-state-bench-kafka  | 	ssl.keystore.location = null
stream-state-bench-kafka  | 	ssl.keystore.password = null
stream-state-bench-kafka  | 	ssl.keystore.type = JKS
stream-state-bench-kafka  | 	ssl.principal.mapping.rules = DEFAULT
stream-state-bench-kafka  | 	ssl.protocol = TLSv1.3
stream-state-bench-kafka  | 	ssl.provider = null
stream-state-bench-kafka  | 	ssl.secure.random.implementation = null
stream-state-bench-kafka  | 	ssl.trustmanager.algorithm = PKIX
stream-state-bench-kafka  | 	ssl.truststore.certificates = null
stream-state-bench-kafka  | 	ssl.truststore.location = null
stream-state-bench-kafka  | 	ssl.truststore.password = null
stream-state-bench-kafka  | 	ssl.truststore.type = JKS
stream-state-bench-kafka  | 	telemetry.max.bytes = 1048576
stream-state-bench-kafka  | 	transaction.abort.timed.out.transaction.cleanup.interval.ms = 10000
stream-state-bench-kafka  | 	transaction.max.timeout.ms = 900000
stream-state-bench-kafka  | 	transaction.partition.verification.enable = true
stream-state-bench-kafka  | 	transaction.remove.expired.transaction.cleanup.interval.ms = 3600000
stream-state-bench-kafka  | 	transaction.state.log.load.buffer.size = 5242880
stream-state-bench-kafka  | 	transaction.state.log.min.isr = 1
stream-state-bench-kafka  | 	transaction.state.log.num.partitions = 50
stream-state-bench-kafka  | 	transaction.state.log.replication.factor = 1
stream-state-bench-kafka  | 	transaction.state.log.segment.bytes = 104857600
stream-state-bench-kafka  | 	transaction.two.phase.commit.enable = false
stream-state-bench-kafka  | 	transactional.id.expiration.ms = 604800000
stream-state-bench-kafka  | 	unclean.leader.election.enable = false
stream-state-bench-kafka  | 	unclean.leader.election.interval.ms = 300000
stream-state-bench-kafka  | 	unstable.api.versions.enable = false
stream-state-bench-kafka  | 	unstable.feature.versions.enable = false
stream-state-bench-kafka  |  (org.apache.kafka.common.config.AbstractConfig)
stream-state-bench-kafka  | [2026-07-16 09:31:11,287] INFO [BrokerServer id=1] Waiting for the broker to be unfenced (kafka.server.BrokerServer)
stream-state-bench-kafka  | [2026-07-16 09:31:11,316] INFO [BrokerLifecycleManager id=1] The broker has been unfenced. Transitioning from RECOVERY to RUNNING. (org.apache.kafka.server.BrokerLifecycleManager)
stream-state-bench-kafka  | [2026-07-16 09:31:11,316] INFO [BrokerServer id=1] Finished waiting for the broker to be unfenced (kafka.server.BrokerServer)
stream-state-bench-kafka  | [2026-07-16 09:31:11,317] INFO authorizerStart completed for endpoint PLAINTEXT. Endpoint is now READY. (org.apache.kafka.server.network.EndpointReadyFutures)
stream-state-bench-kafka  | [2026-07-16 09:31:11,317] INFO [SocketServer listenerType=BROKER, nodeId=1] Enabling request processing. (kafka.network.SocketServer)
stream-state-bench-kafka  | [2026-07-16 09:31:11,318] INFO Awaiting socket connections on 0.0.0.0:9092. (kafka.network.DataPlaneAcceptor)
stream-state-bench-kafka  | [2026-07-16 09:31:11,318] INFO [BrokerServer id=1] Waiting for all of the authorizer futures to be completed (kafka.server.BrokerServer)
stream-state-bench-kafka  | [2026-07-16 09:31:11,318] INFO [BrokerServer id=1] Finished waiting for all of the authorizer futures to be completed (kafka.server.BrokerServer)
stream-state-bench-kafka  | [2026-07-16 09:31:11,318] INFO [BrokerServer id=1] Waiting for all of the SocketServer Acceptors to be started (kafka.server.BrokerServer)
stream-state-bench-kafka  | [2026-07-16 09:31:11,318] INFO [BrokerServer id=1] Finished waiting for all of the SocketServer Acceptors to be started (kafka.server.BrokerServer)
stream-state-bench-kafka  | [2026-07-16 09:31:11,319] INFO [BrokerServer id=1] Transition from STARTING to STARTED (kafka.server.BrokerServer)
stream-state-bench-kafka  | [2026-07-16 09:31:11,319] INFO Kafka version: 4.3.1 (org.apache.kafka.common.utils.AppInfoParser)
stream-state-bench-kafka  | [2026-07-16 09:31:11,319] INFO Kafka commitId: 26b251a451ce941d (org.apache.kafka.common.utils.AppInfoParser)
stream-state-bench-kafka  | [2026-07-16 09:31:11,319] INFO Kafka startTimeMs: 1784194271319 (org.apache.kafka.common.utils.AppInfoParser)
stream-state-bench-kafka  | [2026-07-16 09:31:11,321] INFO [KafkaRaftServer nodeId=1] Kafka Server started (kafka.server.KafkaRaftServer)
stream-state-bench-kafka  | [2026-07-16 09:31:13,613] INFO [ReplicaFetcherManager on broker 1] Removed fetcher for partitions Set(bench-w3-latency-input-0) (kafka.server.ReplicaFetcherManager)
stream-state-bench-kafka  | [2026-07-16 09:31:13,626] INFO [LogLoader partition=bench-w3-latency-input-0, dir=/tmp/kafka-logs] Loading producer state till offset 0 (org.apache.kafka.storage.internals.log.UnifiedLog)
stream-state-bench-kafka  | [2026-07-16 09:31:13,629] INFO Created log for partition bench-w3-latency-input-0 in /tmp/kafka-logs/bench-w3-latency-input-0 with properties {message.timestamp.type="LogAppendTime"} (kafka.log.LogManager)
stream-state-bench-kafka  | [2026-07-16 09:31:13,630] INFO [Partition bench-w3-latency-input-0 broker=1] No checkpointed highwatermark is found for partition bench-w3-latency-input-0 (kafka.cluster.Partition)
stream-state-bench-kafka  | [2026-07-16 09:31:13,631] INFO [Partition bench-w3-latency-input-0 broker=1] Log loaded for partition bench-w3-latency-input-0 with initial high watermark 0 (kafka.cluster.Partition)
stream-state-bench-kafka  | [2026-07-16 09:31:13,643] INFO [DynamicConfigPublisher broker id=1] Updating topic bench-w3-latency-input with new configuration : message.timestamp.type -> LogAppendTime (kafka.server.metadata.DynamicConfigPublisher)
stream-state-bench-kafka  | [2026-07-16 09:31:15,213] INFO [ReplicaFetcherManager on broker 1] Removed fetcher for partitions Set(bench-w3-latency-output-0) (kafka.server.ReplicaFetcherManager)
stream-state-bench-kafka  | [2026-07-16 09:31:15,217] INFO [LogLoader partition=bench-w3-latency-output-0, dir=/tmp/kafka-logs] Loading producer state till offset 0 (org.apache.kafka.storage.internals.log.UnifiedLog)
stream-state-bench-kafka  | [2026-07-16 09:31:15,218] INFO Created log for partition bench-w3-latency-output-0 in /tmp/kafka-logs/bench-w3-latency-output-0 with properties {} (kafka.log.LogManager)
stream-state-bench-kafka  | [2026-07-16 09:31:15,218] INFO [Partition bench-w3-latency-output-0 broker=1] No checkpointed highwatermark is found for partition bench-w3-latency-output-0 (kafka.cluster.Partition)
stream-state-bench-kafka  | [2026-07-16 09:31:15,218] INFO [Partition bench-w3-latency-output-0 broker=1] Log loaded for partition bench-w3-latency-output-0 with initial high watermark 0 (kafka.cluster.Partition)
stream-state-bench-kafka  | [2026-07-16 09:31:16,158] INFO Sent auto-creation request for Set(__consumer_offsets) to the active controller. (kafka.server.DefaultAutoTopicCreationManager)
stream-state-bench-kafka  | [2026-07-16 09:31:16,192] INFO [ReplicaFetcherManager on broker 1] Removed fetcher for partitions Set(__consumer_offsets-13, __consumer_offsets-46, __consumer_offsets-9, __consumer_offsets-42, __consumer_offsets-21, __consumer_offsets-17, __consumer_offsets-30, __consumer_offsets-26, __consumer_offsets-5, __consumer_offsets-38, __consumer_offsets-1, __consumer_offsets-34, __consumer_offsets-16, __consumer_offsets-45, __consumer_offsets-12, __consumer_offsets-41, __consumer_offsets-24, __consumer_offsets-20, __consumer_offsets-49, __consumer_offsets-0, __consumer_offsets-29, __consumer_offsets-25, __consumer_offsets-8, __consumer_offsets-37, __consumer_offsets-4, __consumer_offsets-33, __consumer_offsets-15, __consumer_offsets-48, __consumer_offsets-11, __consumer_offsets-44, __consumer_offsets-23, __consumer_offsets-19, __consumer_offsets-32, __consumer_offsets-28, __consumer_offsets-7, __consumer_offsets-40, __consumer_offsets-3, __consumer_offsets-36, __consumer_offsets-47, __consumer_offsets-14, __consumer_offsets-43, __consumer_offsets-10, __consumer_offsets-22, __consumer_offsets-18, __consumer_offsets-31, __consumer_offsets-27, __consumer_offsets-39, __consumer_offsets-6, __consumer_offsets-35, __consumer_offsets-2) (kafka.server.ReplicaFetcherManager)
stream-state-bench-kafka  | [2026-07-16 09:31:16,196] INFO [LogLoader partition=__consumer_offsets-13, dir=/tmp/kafka-logs] Loading producer state till offset 0 (org.apache.kafka.storage.internals.log.UnifiedLog)
stream-state-bench-kafka  | [2026-07-16 09:31:16,197] INFO Created log for partition __consumer_offsets-13 in /tmp/kafka-logs/__consumer_offsets-13 with properties {cleanup.policy=compact, compression.type="producer", segment.bytes=104857600} (kafka.log.LogManager)
stream-state-bench-kafka  | [2026-07-16 09:31:16,197] INFO [Partition __consumer_offsets-13 broker=1] No checkpointed highwatermark is found for partition __consumer_offsets-13 (kafka.cluster.Partition)
stream-state-bench-kafka  | [2026-07-16 09:31:16,197] INFO [Partition __consumer_offsets-13 broker=1] Log loaded for partition __consumer_offsets-13 with initial high watermark 0 (kafka.cluster.Partition)
stream-state-bench-kafka  | [2026-07-16 09:31:16,206] INFO [LogLoader partition=__consumer_offsets-46, dir=/tmp/kafka-logs] Loading producer state till offset 0 (org.apache.kafka.storage.internals.log.UnifiedLog)
stream-state-bench-kafka  | [2026-07-16 09:31:16,207] INFO Created log for partition __consumer_offsets-46 in /tmp/kafka-logs/__consumer_offsets-46 with properties {cleanup.policy=compact, compression.type="producer", segment.bytes=104857600} (kafka.log.LogManager)
stream-state-bench-kafka  | [2026-07-16 09:31:16,207] INFO [Partition __consumer_offsets-46 broker=1] No checkpointed highwatermark is found for partition __consumer_offsets-46 (kafka.cluster.Partition)
stream-state-bench-kafka  | [2026-07-16 09:31:16,207] INFO [Partition __consumer_offsets-46 broker=1] Log loaded for partition __consumer_offsets-46 with initial high watermark 0 (kafka.cluster.Partition)
stream-state-bench-kafka  | [2026-07-16 09:31:16,213] INFO [LogLoader partition=__consumer_offsets-9, dir=/tmp/kafka-logs] Loading producer state till offset 0 (org.apache.kafka.storage.internals.log.UnifiedLog)
stream-state-bench-kafka  | [2026-07-16 09:31:16,214] INFO Created log for partition __consumer_offsets-9 in /tmp/kafka-logs/__consumer_offsets-9 with properties {cleanup.policy=compact, compression.type="producer", segment.bytes=104857600} (kafka.log.LogManager)
stream-state-bench-kafka  | [2026-07-16 09:31:16,215] INFO [Partition __consumer_offsets-9 broker=1] No checkpointed highwatermark is found for partition __consumer_offsets-9 (kafka.cluster.Partition)
stream-state-bench-kafka  | [2026-07-16 09:31:16,215] INFO [Partition __consumer_offsets-9 broker=1] Log loaded for partition __consumer_offsets-9 with initial high watermark 0 (kafka.cluster.Partition)
stream-state-bench-kafka  | [2026-07-16 09:31:16,225] INFO [LogLoader partition=__consumer_offsets-42, dir=/tmp/kafka-logs] Loading producer state till offset 0 (org.apache.kafka.storage.internals.log.UnifiedLog)
stream-state-bench-kafka  | [2026-07-16 09:31:16,226] INFO Created log for partition __consumer_offsets-42 in /tmp/kafka-logs/__consumer_offsets-42 with properties {cleanup.policy=compact, compression.type="producer", segment.bytes=104857600} (kafka.log.LogManager)
stream-state-bench-kafka  | [2026-07-16 09:31:16,227] INFO [Partition __consumer_offsets-42 broker=1] No checkpointed highwatermark is found for partition __consumer_offsets-42 (kafka.cluster.Partition)
stream-state-bench-kafka  | [2026-07-16 09:31:16,227] INFO [Partition __consumer_offsets-42 broker=1] Log loaded for partition __consumer_offsets-42 with initial high watermark 0 (kafka.cluster.Partition)
stream-state-bench-kafka  | [2026-07-16 09:31:16,234] INFO [LogLoader partition=__consumer_offsets-21, dir=/tmp/kafka-logs] Loading producer state till offset 0 (org.apache.kafka.storage.internals.log.UnifiedLog)
stream-state-bench-kafka  | [2026-07-16 09:31:16,236] INFO Created log for partition __consumer_offsets-21 in /tmp/kafka-logs/__consumer_offsets-21 with properties {cleanup.policy=compact, compression.type="producer", segment.bytes=104857600} (kafka.log.LogManager)
stream-state-bench-kafka  | [2026-07-16 09:31:16,236] INFO [Partition __consumer_offsets-21 broker=1] No checkpointed highwatermark is found for partition __consumer_offsets-21 (kafka.cluster.Partition)
stream-state-bench-kafka  | [2026-07-16 09:31:16,236] INFO [Partition __consumer_offsets-21 broker=1] Log loaded for partition __consumer_offsets-21 with initial high watermark 0 (kafka.cluster.Partition)
stream-state-bench-kafka  | [2026-07-16 09:31:16,243] INFO [LogLoader partition=__consumer_offsets-17, dir=/tmp/kafka-logs] Loading producer state till offset 0 (org.apache.kafka.storage.internals.log.UnifiedLog)
stream-state-bench-kafka  | [2026-07-16 09:31:16,244] INFO Created log for partition __consumer_offsets-17 in /tmp/kafka-logs/__consumer_offsets-17 with properties {cleanup.policy=compact, compression.type="producer", segment.bytes=104857600} (kafka.log.LogManager)
stream-state-bench-kafka  | [2026-07-16 09:31:16,244] INFO [Partition __consumer_offsets-17 broker=1] No checkpointed highwatermark is found for partition __consumer_offsets-17 (kafka.cluster.Partition)
stream-state-bench-kafka  | [2026-07-16 09:31:16,244] INFO [Partition __consumer_offsets-17 broker=1] Log loaded for partition __consumer_offsets-17 with initial high watermark 0 (kafka.cluster.Partition)
stream-state-bench-kafka  | [2026-07-16 09:31:16,251] INFO [LogLoader partition=__consumer_offsets-30, dir=/tmp/kafka-logs] Loading producer state till offset 0 (org.apache.kafka.storage.internals.log.UnifiedLog)
stream-state-bench-kafka  | [2026-07-16 09:31:16,252] INFO Created log for partition __consumer_offsets-30 in /tmp/kafka-logs/__consumer_offsets-30 with properties {cleanup.policy=compact, compression.type="producer", segment.bytes=104857600} (kafka.log.LogManager)
stream-state-bench-kafka  | [2026-07-16 09:31:16,252] INFO [Partition __consumer_offsets-30 broker=1] No checkpointed highwatermark is found for partition __consumer_offsets-30 (kafka.cluster.Partition)
stream-state-bench-kafka  | [2026-07-16 09:31:16,252] INFO [Partition __consumer_offsets-30 broker=1] Log loaded for partition __consumer_offsets-30 with initial high watermark 0 (kafka.cluster.Partition)
stream-state-bench-kafka  | [2026-07-16 09:31:16,260] INFO [LogLoader partition=__consumer_offsets-26, dir=/tmp/kafka-logs] Loading producer state till offset 0 (org.apache.kafka.storage.internals.log.UnifiedLog)
stream-state-bench-kafka  | [2026-07-16 09:31:16,260] INFO Created log for partition __consumer_offsets-26 in /tmp/kafka-logs/__consumer_offsets-26 with properties {cleanup.policy=compact, compression.type="producer", segment.bytes=104857600} (kafka.log.LogManager)
stream-state-bench-kafka  | [2026-07-16 09:31:16,261] INFO [Partition __consumer_offsets-26 broker=1] No checkpointed highwatermark is found for partition __consumer_offsets-26 (kafka.cluster.Partition)
stream-state-bench-kafka  | [2026-07-16 09:31:16,261] INFO [Partition __consumer_offsets-26 broker=1] Log loaded for partition __consumer_offsets-26 with initial high watermark 0 (kafka.cluster.Partition)
stream-state-bench-kafka  | [2026-07-16 09:31:16,269] INFO [LogLoader partition=__consumer_offsets-5, dir=/tmp/kafka-logs] Loading producer state till offset 0 (org.apache.kafka.storage.internals.log.UnifiedLog)
stream-state-bench-kafka  | [2026-07-16 09:31:16,270] INFO Created log for partition __consumer_offsets-5 in /tmp/kafka-logs/__consumer_offsets-5 with properties {cleanup.policy=compact, compression.type="producer", segment.bytes=104857600} (kafka.log.LogManager)
stream-state-bench-kafka  | [2026-07-16 09:31:16,270] INFO [Partition __consumer_offsets-5 broker=1] No checkpointed highwatermark is found for partition __consumer_offsets-5 (kafka.cluster.Partition)
stream-state-bench-kafka  | [2026-07-16 09:31:16,270] INFO [Partition __consumer_offsets-5 broker=1] Log loaded for partition __consumer_offsets-5 with initial high watermark 0 (kafka.cluster.Partition)
stream-state-bench-kafka  | [2026-07-16 09:31:16,279] INFO [LogLoader partition=__consumer_offsets-38, dir=/tmp/kafka-logs] Loading producer state till offset 0 (org.apache.kafka.storage.internals.log.UnifiedLog)
stream-state-bench-kafka  | [2026-07-16 09:31:16,280] INFO Created log for partition __consumer_offsets-38 in /tmp/kafka-logs/__consumer_offsets-38 with properties {cleanup.policy=compact, compression.type="producer", segment.bytes=104857600} (kafka.log.LogManager)
stream-state-bench-kafka  | [2026-07-16 09:31:16,280] INFO [Partition __consumer_offsets-38 broker=1] No checkpointed highwatermark is found for partition __consumer_offsets-38 (kafka.cluster.Partition)
stream-state-bench-kafka  | [2026-07-16 09:31:16,280] INFO [Partition __consumer_offsets-38 broker=1] Log loaded for partition __consumer_offsets-38 with initial high watermark 0 (kafka.cluster.Partition)
stream-state-bench-kafka  | [2026-07-16 09:31:16,289] INFO [LogLoader partition=__consumer_offsets-1, dir=/tmp/kafka-logs] Loading producer state till offset 0 (org.apache.kafka.storage.internals.log.UnifiedLog)
stream-state-bench-kafka  | [2026-07-16 09:31:16,289] INFO Created log for partition __consumer_offsets-1 in /tmp/kafka-logs/__consumer_offsets-1 with properties {cleanup.policy=compact, compression.type="producer", segment.bytes=104857600} (kafka.log.LogManager)
stream-state-bench-kafka  | [2026-07-16 09:31:16,290] INFO [Partition __consumer_offsets-1 broker=1] No checkpointed highwatermark is found for partition __consumer_offsets-1 (kafka.cluster.Partition)
stream-state-bench-kafka  | [2026-07-16 09:31:16,290] INFO [Partition __consumer_offsets-1 broker=1] Log loaded for partition __consumer_offsets-1 with initial high watermark 0 (kafka.cluster.Partition)
stream-state-bench-kafka  | [2026-07-16 09:31:16,303] INFO [LogLoader partition=__consumer_offsets-34, dir=/tmp/kafka-logs] Loading producer state till offset 0 (org.apache.kafka.storage.internals.log.UnifiedLog)
stream-state-bench-kafka  | [2026-07-16 09:31:16,305] INFO Created log for partition __consumer_offsets-34 in /tmp/kafka-logs/__consumer_offsets-34 with properties {cleanup.policy=compact, compression.type="producer", segment.bytes=104857600} (kafka.log.LogManager)
stream-state-bench-kafka  | [2026-07-16 09:31:16,305] INFO [Partition __consumer_offsets-34 broker=1] No checkpointed highwatermark is found for partition __consumer_offsets-34 (kafka.cluster.Partition)
stream-state-bench-kafka  | [2026-07-16 09:31:16,306] INFO [Partition __consumer_offsets-34 broker=1] Log loaded for partition __consumer_offsets-34 with initial high watermark 0 (kafka.cluster.Partition)
stream-state-bench-kafka  | [2026-07-16 09:31:16,316] INFO [LogLoader partition=__consumer_offsets-16, dir=/tmp/kafka-logs] Loading producer state till offset 0 (org.apache.kafka.storage.internals.log.UnifiedLog)
stream-state-bench-kafka  | [2026-07-16 09:31:16,317] INFO Created log for partition __consumer_offsets-16 in /tmp/kafka-logs/__consumer_offsets-16 with properties {cleanup.policy=compact, compression.type="producer", segment.bytes=104857600} (kafka.log.LogManager)
stream-state-bench-kafka  | [2026-07-16 09:31:16,317] INFO [Partition __consumer_offsets-16 broker=1] No checkpointed highwatermark is found for partition __consumer_offsets-16 (kafka.cluster.Partition)
stream-state-bench-kafka  | [2026-07-16 09:31:16,317] INFO [Partition __consumer_offsets-16 broker=1] Log loaded for partition __consumer_offsets-16 with initial high watermark 0 (kafka.cluster.Partition)
stream-state-bench-kafka  | [2026-07-16 09:31:16,326] INFO [LogLoader partition=__consumer_offsets-45, dir=/tmp/kafka-logs] Loading producer state till offset 0 (org.apache.kafka.storage.internals.log.UnifiedLog)
stream-state-bench-kafka  | [2026-07-16 09:31:16,327] INFO Created log for partition __consumer_offsets-45 in /tmp/kafka-logs/__consumer_offsets-45 with properties {cleanup.policy=compact, compression.type="producer", segment.bytes=104857600} (kafka.log.LogManager)
stream-state-bench-kafka  | [2026-07-16 09:31:16,327] INFO [Partition __consumer_offsets-45 broker=1] No checkpointed highwatermark is found for partition __consumer_offsets-45 (kafka.cluster.Partition)
stream-state-bench-kafka  | [2026-07-16 09:31:16,327] INFO [Partition __consumer_offsets-45 broker=1] Log loaded for partition __consumer_offsets-45 with initial high watermark 0 (kafka.cluster.Partition)
stream-state-bench-kafka  | [2026-07-16 09:31:16,333] INFO [LogLoader partition=__consumer_offsets-12, dir=/tmp/kafka-logs] Loading producer state till offset 0 (org.apache.kafka.storage.internals.log.UnifiedLog)
stream-state-bench-kafka  | [2026-07-16 09:31:16,334] INFO Created log for partition __consumer_offsets-12 in /tmp/kafka-logs/__consumer_offsets-12 with properties {cleanup.policy=compact, compression.type="producer", segment.bytes=104857600} (kafka.log.LogManager)
stream-state-bench-kafka  | [2026-07-16 09:31:16,334] INFO [Partition __consumer_offsets-12 broker=1] No checkpointed highwatermark is found for partition __consumer_offsets-12 (kafka.cluster.Partition)
stream-state-bench-kafka  | [2026-07-16 09:31:16,334] INFO [Partition __consumer_offsets-12 broker=1] Log loaded for partition __consumer_offsets-12 with initial high watermark 0 (kafka.cluster.Partition)
stream-state-bench-kafka  | [2026-07-16 09:31:16,341] INFO [LogLoader partition=__consumer_offsets-41, dir=/tmp/kafka-logs] Loading producer state till offset 0 (org.apache.kafka.storage.internals.log.UnifiedLog)
stream-state-bench-kafka  | [2026-07-16 09:31:16,342] INFO Created log for partition __consumer_offsets-41 in /tmp/kafka-logs/__consumer_offsets-41 with properties {cleanup.policy=compact, compression.type="producer", segment.bytes=104857600} (kafka.log.LogManager)
stream-state-bench-kafka  | [2026-07-16 09:31:16,342] INFO [Partition __consumer_offsets-41 broker=1] No checkpointed highwatermark is found for partition __consumer_offsets-41 (kafka.cluster.Partition)
stream-state-bench-kafka  | [2026-07-16 09:31:16,342] INFO [Partition __consumer_offsets-41 broker=1] Log loaded for partition __consumer_offsets-41 with initial high watermark 0 (kafka.cluster.Partition)
stream-state-bench-kafka  | [2026-07-16 09:31:16,351] INFO [LogLoader partition=__consumer_offsets-24, dir=/tmp/kafka-logs] Loading producer state till offset 0 (org.apache.kafka.storage.internals.log.UnifiedLog)
stream-state-bench-kafka  | [2026-07-16 09:31:16,352] INFO Created log for partition __consumer_offsets-24 in /tmp/kafka-logs/__consumer_offsets-24 with properties {cleanup.policy=compact, compression.type="producer", segment.bytes=104857600} (kafka.log.LogManager)
stream-state-bench-kafka  | [2026-07-16 09:31:16,352] INFO [Partition __consumer_offsets-24 broker=1] No checkpointed highwatermark is found for partition __consumer_offsets-24 (kafka.cluster.Partition)
stream-state-bench-kafka  | [2026-07-16 09:31:16,352] INFO [Partition __consumer_offsets-24 broker=1] Log loaded for partition __consumer_offsets-24 with initial high watermark 0 (kafka.cluster.Partition)
stream-state-bench-kafka  | [2026-07-16 09:31:16,357] INFO [LogLoader partition=__consumer_offsets-20, dir=/tmp/kafka-logs] Loading producer state till offset 0 (org.apache.kafka.storage.internals.log.UnifiedLog)
stream-state-bench-kafka  | [2026-07-16 09:31:16,358] INFO Created log for partition __consumer_offsets-20 in /tmp/kafka-logs/__consumer_offsets-20 with properties {cleanup.policy=compact, compression.type="producer", segment.bytes=104857600} (kafka.log.LogManager)
stream-state-bench-kafka  | [2026-07-16 09:31:16,358] INFO [Partition __consumer_offsets-20 broker=1] No checkpointed highwatermark is found for partition __consumer_offsets-20 (kafka.cluster.Partition)
stream-state-bench-kafka  | [2026-07-16 09:31:16,358] INFO [Partition __consumer_offsets-20 broker=1] Log loaded for partition __consumer_offsets-20 with initial high watermark 0 (kafka.cluster.Partition)
stream-state-bench-kafka  | [2026-07-16 09:31:16,367] INFO [LogLoader partition=__consumer_offsets-49, dir=/tmp/kafka-logs] Loading producer state till offset 0 (org.apache.kafka.storage.internals.log.UnifiedLog)
stream-state-bench-kafka  | [2026-07-16 09:31:16,367] INFO Created log for partition __consumer_offsets-49 in /tmp/kafka-logs/__consumer_offsets-49 with properties {cleanup.policy=compact, compression.type="producer", segment.bytes=104857600} (kafka.log.LogManager)
stream-state-bench-kafka  | [2026-07-16 09:31:16,367] INFO [Partition __consumer_offsets-49 broker=1] No checkpointed highwatermark is found for partition __consumer_offsets-49 (kafka.cluster.Partition)
stream-state-bench-kafka  | [2026-07-16 09:31:16,368] INFO [Partition __consumer_offsets-49 broker=1] Log loaded for partition __consumer_offsets-49 with initial high watermark 0 (kafka.cluster.Partition)
stream-state-bench-kafka  | [2026-07-16 09:31:16,374] INFO [LogLoader partition=__consumer_offsets-0, dir=/tmp/kafka-logs] Loading producer state till offset 0 (org.apache.kafka.storage.internals.log.UnifiedLog)
stream-state-bench-kafka  | [2026-07-16 09:31:16,375] INFO Created log for partition __consumer_offsets-0 in /tmp/kafka-logs/__consumer_offsets-0 with properties {cleanup.policy=compact, compression.type="producer", segment.bytes=104857600} (kafka.log.LogManager)
stream-state-bench-kafka  | [2026-07-16 09:31:16,375] INFO [Partition __consumer_offsets-0 broker=1] No checkpointed highwatermark is found for partition __consumer_offsets-0 (kafka.cluster.Partition)
stream-state-bench-kafka  | [2026-07-16 09:31:16,375] INFO [Partition __consumer_offsets-0 broker=1] Log loaded for partition __consumer_offsets-0 with initial high watermark 0 (kafka.cluster.Partition)
stream-state-bench-kafka  | [2026-07-16 09:31:16,381] INFO [LogLoader partition=__consumer_offsets-29, dir=/tmp/kafka-logs] Loading producer state till offset 0 (org.apache.kafka.storage.internals.log.UnifiedLog)
stream-state-bench-kafka  | [2026-07-16 09:31:16,382] INFO Created log for partition __consumer_offsets-29 in /tmp/kafka-logs/__consumer_offsets-29 with properties {cleanup.policy=compact, compression.type="producer", segment.bytes=104857600} (kafka.log.LogManager)
stream-state-bench-kafka  | [2026-07-16 09:31:16,382] INFO [Partition __consumer_offsets-29 broker=1] No checkpointed highwatermark is found for partition __consumer_offsets-29 (kafka.cluster.Partition)
stream-state-bench-kafka  | [2026-07-16 09:31:16,382] INFO [Partition __consumer_offsets-29 broker=1] Log loaded for partition __consumer_offsets-29 with initial high watermark 0 (kafka.cluster.Partition)
stream-state-bench-kafka  | [2026-07-16 09:31:16,389] INFO [LogLoader partition=__consumer_offsets-25, dir=/tmp/kafka-logs] Loading producer state till offset 0 (org.apache.kafka.storage.internals.log.UnifiedLog)
stream-state-bench-kafka  | [2026-07-16 09:31:16,389] INFO Created log for partition __consumer_offsets-25 in /tmp/kafka-logs/__consumer_offsets-25 with properties {cleanup.policy=compact, compression.type="producer", segment.bytes=104857600} (kafka.log.LogManager)
stream-state-bench-kafka  | [2026-07-16 09:31:16,390] INFO [Partition __consumer_offsets-25 broker=1] No checkpointed highwatermark is found for partition __consumer_offsets-25 (kafka.cluster.Partition)
stream-state-bench-kafka  | [2026-07-16 09:31:16,390] INFO [Partition __consumer_offsets-25 broker=1] Log loaded for partition __consumer_offsets-25 with initial high watermark 0 (kafka.cluster.Partition)
stream-state-bench-kafka  | [2026-07-16 09:31:16,396] INFO [LogLoader partition=__consumer_offsets-8, dir=/tmp/kafka-logs] Loading producer state till offset 0 (org.apache.kafka.storage.internals.log.UnifiedLog)
stream-state-bench-kafka  | [2026-07-16 09:31:16,397] INFO Created log for partition __consumer_offsets-8 in /tmp/kafka-logs/__consumer_offsets-8 with properties {cleanup.policy=compact, compression.type="producer", segment.bytes=104857600} (kafka.log.LogManager)
stream-state-bench-kafka  | [2026-07-16 09:31:16,397] INFO [Partition __consumer_offsets-8 broker=1] No checkpointed highwatermark is found for partition __consumer_offsets-8 (kafka.cluster.Partition)
stream-state-bench-kafka  | [2026-07-16 09:31:16,397] INFO [Partition __consumer_offsets-8 broker=1] Log loaded for partition __consumer_offsets-8 with initial high watermark 0 (kafka.cluster.Partition)
stream-state-bench-kafka  | [2026-07-16 09:31:16,404] INFO [LogLoader partition=__consumer_offsets-37, dir=/tmp/kafka-logs] Loading producer state till offset 0 (org.apache.kafka.storage.internals.log.UnifiedLog)
stream-state-bench-kafka  | [2026-07-16 09:31:16,404] INFO Created log for partition __consumer_offsets-37 in /tmp/kafka-logs/__consumer_offsets-37 with properties {cleanup.policy=compact, compression.type="producer", segment.bytes=104857600} (kafka.log.LogManager)
stream-state-bench-kafka  | [2026-07-16 09:31:16,405] INFO [Partition __consumer_offsets-37 broker=1] No checkpointed highwatermark is found for partition __consumer_offsets-37 (kafka.cluster.Partition)
stream-state-bench-kafka  | [2026-07-16 09:31:16,405] INFO [Partition __consumer_offsets-37 broker=1] Log loaded for partition __consumer_offsets-37 with initial high watermark 0 (kafka.cluster.Partition)
stream-state-bench-kafka  | [2026-07-16 09:31:16,412] INFO [LogLoader partition=__consumer_offsets-4, dir=/tmp/kafka-logs] Loading producer state till offset 0 (org.apache.kafka.storage.internals.log.UnifiedLog)
stream-state-bench-kafka  | [2026-07-16 09:31:16,412] INFO Created log for partition __consumer_offsets-4 in /tmp/kafka-logs/__consumer_offsets-4 with properties {cleanup.policy=compact, compression.type="producer", segment.bytes=104857600} (kafka.log.LogManager)
stream-state-bench-kafka  | [2026-07-16 09:31:16,412] INFO [Partition __consumer_offsets-4 broker=1] No checkpointed highwatermark is found for partition __consumer_offsets-4 (kafka.cluster.Partition)
stream-state-bench-kafka  | [2026-07-16 09:31:16,412] INFO [Partition __consumer_offsets-4 broker=1] Log loaded for partition __consumer_offsets-4 with initial high watermark 0 (kafka.cluster.Partition)
stream-state-bench-kafka  | [2026-07-16 09:31:16,422] INFO [LogLoader partition=__consumer_offsets-33, dir=/tmp/kafka-logs] Loading producer state till offset 0 (org.apache.kafka.storage.internals.log.UnifiedLog)
stream-state-bench-kafka  | [2026-07-16 09:31:16,423] INFO Created log for partition __consumer_offsets-33 in /tmp/kafka-logs/__consumer_offsets-33 with properties {cleanup.policy=compact, compression.type="producer", segment.bytes=104857600} (kafka.log.LogManager)
stream-state-bench-kafka  | [2026-07-16 09:31:16,423] INFO [Partition __consumer_offsets-33 broker=1] No checkpointed highwatermark is found for partition __consumer_offsets-33 (kafka.cluster.Partition)
stream-state-bench-kafka  | [2026-07-16 09:31:16,423] INFO [Partition __consumer_offsets-33 broker=1] Log loaded for partition __consumer_offsets-33 with initial high watermark 0 (kafka.cluster.Partition)
stream-state-bench-kafka  | [2026-07-16 09:31:16,430] INFO [LogLoader partition=__consumer_offsets-15, dir=/tmp/kafka-logs] Loading producer state till offset 0 (org.apache.kafka.storage.internals.log.UnifiedLog)
stream-state-bench-kafka  | [2026-07-16 09:31:16,431] INFO Created log for partition __consumer_offsets-15 in /tmp/kafka-logs/__consumer_offsets-15 with properties {cleanup.policy=compact, compression.type="producer", segment.bytes=104857600} (kafka.log.LogManager)
stream-state-bench-kafka  | [2026-07-16 09:31:16,431] INFO [Partition __consumer_offsets-15 broker=1] No checkpointed highwatermark is found for partition __consumer_offsets-15 (kafka.cluster.Partition)
stream-state-bench-kafka  | [2026-07-16 09:31:16,431] INFO [Partition __consumer_offsets-15 broker=1] Log loaded for partition __consumer_offsets-15 with initial high watermark 0 (kafka.cluster.Partition)
stream-state-bench-kafka  | [2026-07-16 09:31:16,442] INFO [LogLoader partition=__consumer_offsets-48, dir=/tmp/kafka-logs] Loading producer state till offset 0 (org.apache.kafka.storage.internals.log.UnifiedLog)
stream-state-bench-kafka  | [2026-07-16 09:31:16,443] INFO Created log for partition __consumer_offsets-48 in /tmp/kafka-logs/__consumer_offsets-48 with properties {cleanup.policy=compact, compression.type="producer", segment.bytes=104857600} (kafka.log.LogManager)
stream-state-bench-kafka  | [2026-07-16 09:31:16,443] INFO [Partition __consumer_offsets-48 broker=1] No checkpointed highwatermark is found for partition __consumer_offsets-48 (kafka.cluster.Partition)
stream-state-bench-kafka  | [2026-07-16 09:31:16,443] INFO [Partition __consumer_offsets-48 broker=1] Log loaded for partition __consumer_offsets-48 with initial high watermark 0 (kafka.cluster.Partition)
stream-state-bench-kafka  | [2026-07-16 09:31:16,450] INFO [LogLoader partition=__consumer_offsets-11, dir=/tmp/kafka-logs] Loading producer state till offset 0 (org.apache.kafka.storage.internals.log.UnifiedLog)
stream-state-bench-kafka  | [2026-07-16 09:31:16,451] INFO Created log for partition __consumer_offsets-11 in /tmp/kafka-logs/__consumer_offsets-11 with properties {cleanup.policy=compact, compression.type="producer", segment.bytes=104857600} (kafka.log.LogManager)
stream-state-bench-kafka  | [2026-07-16 09:31:16,451] INFO [Partition __consumer_offsets-11 broker=1] No checkpointed highwatermark is found for partition __consumer_offsets-11 (kafka.cluster.Partition)
stream-state-bench-kafka  | [2026-07-16 09:31:16,451] INFO [Partition __consumer_offsets-11 broker=1] Log loaded for partition __consumer_offsets-11 with initial high watermark 0 (kafka.cluster.Partition)
stream-state-bench-kafka  | [2026-07-16 09:31:16,457] INFO [LogLoader partition=__consumer_offsets-44, dir=/tmp/kafka-logs] Loading producer state till offset 0 (org.apache.kafka.storage.internals.log.UnifiedLog)
stream-state-bench-kafka  | [2026-07-16 09:31:16,458] INFO Created log for partition __consumer_offsets-44 in /tmp/kafka-logs/__consumer_offsets-44 with properties {cleanup.policy=compact, compression.type="producer", segment.bytes=104857600} (kafka.log.LogManager)
stream-state-bench-kafka  | [2026-07-16 09:31:16,458] INFO [Partition __consumer_offsets-44 broker=1] No checkpointed highwatermark is found for partition __consumer_offsets-44 (kafka.cluster.Partition)
stream-state-bench-kafka  | [2026-07-16 09:31:16,458] INFO [Partition __consumer_offsets-44 broker=1] Log loaded for partition __consumer_offsets-44 with initial high watermark 0 (kafka.cluster.Partition)
stream-state-bench-kafka  | [2026-07-16 09:31:16,464] INFO [LogLoader partition=__consumer_offsets-23, dir=/tmp/kafka-logs] Loading producer state till offset 0 (org.apache.kafka.storage.internals.log.UnifiedLog)
stream-state-bench-kafka  | [2026-07-16 09:31:16,465] INFO Created log for partition __consumer_offsets-23 in /tmp/kafka-logs/__consumer_offsets-23 with properties {cleanup.policy=compact, compression.type="producer", segment.bytes=104857600} (kafka.log.LogManager)
stream-state-bench-kafka  | [2026-07-16 09:31:16,465] INFO [Partition __consumer_offsets-23 broker=1] No checkpointed highwatermark is found for partition __consumer_offsets-23 (kafka.cluster.Partition)
stream-state-bench-kafka  | [2026-07-16 09:31:16,465] INFO [Partition __consumer_offsets-23 broker=1] Log loaded for partition __consumer_offsets-23 with initial high watermark 0 (kafka.cluster.Partition)
stream-state-bench-kafka  | [2026-07-16 09:31:16,475] INFO [LogLoader partition=__consumer_offsets-19, dir=/tmp/kafka-logs] Loading producer state till offset 0 (org.apache.kafka.storage.internals.log.UnifiedLog)
stream-state-bench-kafka  | [2026-07-16 09:31:16,476] INFO Created log for partition __consumer_offsets-19 in /tmp/kafka-logs/__consumer_offsets-19 with properties {cleanup.policy=compact, compression.type="producer", segment.bytes=104857600} (kafka.log.LogManager)
stream-state-bench-kafka  | [2026-07-16 09:31:16,476] INFO [Partition __consumer_offsets-19 broker=1] No checkpointed highwatermark is found for partition __consumer_offsets-19 (kafka.cluster.Partition)
stream-state-bench-kafka  | [2026-07-16 09:31:16,476] INFO [Partition __consumer_offsets-19 broker=1] Log loaded for partition __consumer_offsets-19 with initial high watermark 0 (kafka.cluster.Partition)
stream-state-bench-kafka  | [2026-07-16 09:31:16,482] INFO [LogLoader partition=__consumer_offsets-32, dir=/tmp/kafka-logs] Loading producer state till offset 0 (org.apache.kafka.storage.internals.log.UnifiedLog)
stream-state-bench-kafka  | [2026-07-16 09:31:16,482] INFO Created log for partition __consumer_offsets-32 in /tmp/kafka-logs/__consumer_offsets-32 with properties {cleanup.policy=compact, compression.type="producer", segment.bytes=104857600} (kafka.log.LogManager)
stream-state-bench-kafka  | [2026-07-16 09:31:16,482] INFO [Partition __consumer_offsets-32 broker=1] No checkpointed highwatermark is found for partition __consumer_offsets-32 (kafka.cluster.Partition)
stream-state-bench-kafka  | [2026-07-16 09:31:16,482] INFO [Partition __consumer_offsets-32 broker=1] Log loaded for partition __consumer_offsets-32 with initial high watermark 0 (kafka.cluster.Partition)
stream-state-bench-kafka  | [2026-07-16 09:31:16,489] INFO [LogLoader partition=__consumer_offsets-28, dir=/tmp/kafka-logs] Loading producer state till offset 0 (org.apache.kafka.storage.internals.log.UnifiedLog)
stream-state-bench-kafka  | [2026-07-16 09:31:16,490] INFO Created log for partition __consumer_offsets-28 in /tmp/kafka-logs/__consumer_offsets-28 with properties {cleanup.policy=compact, compression.type="producer", segment.bytes=104857600} (kafka.log.LogManager)
stream-state-bench-kafka  | [2026-07-16 09:31:16,490] INFO [Partition __consumer_offsets-28 broker=1] No checkpointed highwatermark is found for partition __consumer_offsets-28 (kafka.cluster.Partition)
stream-state-bench-kafka  | [2026-07-16 09:31:16,490] INFO [Partition __consumer_offsets-28 broker=1] Log loaded for partition __consumer_offsets-28 with initial high watermark 0 (kafka.cluster.Partition)
stream-state-bench-kafka  | [2026-07-16 09:31:16,496] INFO [LogLoader partition=__consumer_offsets-7, dir=/tmp/kafka-logs] Loading producer state till offset 0 (org.apache.kafka.storage.internals.log.UnifiedLog)
stream-state-bench-kafka  | [2026-07-16 09:31:16,497] INFO Created log for partition __consumer_offsets-7 in /tmp/kafka-logs/__consumer_offsets-7 with properties {cleanup.policy=compact, compression.type="producer", segment.bytes=104857600} (kafka.log.LogManager)
stream-state-bench-kafka  | [2026-07-16 09:31:16,497] INFO [Partition __consumer_offsets-7 broker=1] No checkpointed highwatermark is found for partition __consumer_offsets-7 (kafka.cluster.Partition)
stream-state-bench-kafka  | [2026-07-16 09:31:16,497] INFO [Partition __consumer_offsets-7 broker=1] Log loaded for partition __consumer_offsets-7 with initial high watermark 0 (kafka.cluster.Partition)
stream-state-bench-kafka  | [2026-07-16 09:31:16,504] INFO [LogLoader partition=__consumer_offsets-40, dir=/tmp/kafka-logs] Loading producer state till offset 0 (org.apache.kafka.storage.internals.log.UnifiedLog)
stream-state-bench-kafka  | [2026-07-16 09:31:16,505] INFO Created log for partition __consumer_offsets-40 in /tmp/kafka-logs/__consumer_offsets-40 with properties {cleanup.policy=compact, compression.type="producer", segment.bytes=104857600} (kafka.log.LogManager)
stream-state-bench-kafka  | [2026-07-16 09:31:16,505] INFO [Partition __consumer_offsets-40 broker=1] No checkpointed highwatermark is found for partition __consumer_offsets-40 (kafka.cluster.Partition)
stream-state-bench-kafka  | [2026-07-16 09:31:16,505] INFO [Partition __consumer_offsets-40 broker=1] Log loaded for partition __consumer_offsets-40 with initial high watermark 0 (kafka.cluster.Partition)
stream-state-bench-kafka  | [2026-07-16 09:31:16,513] INFO [LogLoader partition=__consumer_offsets-3, dir=/tmp/kafka-logs] Loading producer state till offset 0 (org.apache.kafka.storage.internals.log.UnifiedLog)
stream-state-bench-kafka  | [2026-07-16 09:31:16,514] INFO Created log for partition __consumer_offsets-3 in /tmp/kafka-logs/__consumer_offsets-3 with properties {cleanup.policy=compact, compression.type="producer", segment.bytes=104857600} (kafka.log.LogManager)
stream-state-bench-kafka  | [2026-07-16 09:31:16,514] INFO [Partition __consumer_offsets-3 broker=1] No checkpointed highwatermark is found for partition __consumer_offsets-3 (kafka.cluster.Partition)
stream-state-bench-kafka  | [2026-07-16 09:31:16,514] INFO [Partition __consumer_offsets-3 broker=1] Log loaded for partition __consumer_offsets-3 with initial high watermark 0 (kafka.cluster.Partition)
stream-state-bench-kafka  | [2026-07-16 09:31:16,522] INFO [LogLoader partition=__consumer_offsets-36, dir=/tmp/kafka-logs] Loading producer state till offset 0 (org.apache.kafka.storage.internals.log.UnifiedLog)
stream-state-bench-kafka  | [2026-07-16 09:31:16,523] INFO Created log for partition __consumer_offsets-36 in /tmp/kafka-logs/__consumer_offsets-36 with properties {cleanup.policy=compact, compression.type="producer", segment.bytes=104857600} (kafka.log.LogManager)
stream-state-bench-kafka  | [2026-07-16 09:31:16,523] INFO [Partition __consumer_offsets-36 broker=1] No checkpointed highwatermark is found for partition __consumer_offsets-36 (kafka.cluster.Partition)
stream-state-bench-kafka  | [2026-07-16 09:31:16,523] INFO [Partition __consumer_offsets-36 broker=1] Log loaded for partition __consumer_offsets-36 with initial high watermark 0 (kafka.cluster.Partition)
stream-state-bench-kafka  | [2026-07-16 09:31:16,530] INFO [LogLoader partition=__consumer_offsets-47, dir=/tmp/kafka-logs] Loading producer state till offset 0 (org.apache.kafka.storage.internals.log.UnifiedLog)
stream-state-bench-kafka  | [2026-07-16 09:31:16,530] INFO Created log for partition __consumer_offsets-47 in /tmp/kafka-logs/__consumer_offsets-47 with properties {cleanup.policy=compact, compression.type="producer", segment.bytes=104857600} (kafka.log.LogManager)
stream-state-bench-kafka  | [2026-07-16 09:31:16,530] INFO [Partition __consumer_offsets-47 broker=1] No checkpointed highwatermark is found for partition __consumer_offsets-47 (kafka.cluster.Partition)
stream-state-bench-kafka  | [2026-07-16 09:31:16,531] INFO [Partition __consumer_offsets-47 broker=1] Log loaded for partition __consumer_offsets-47 with initial high watermark 0 (kafka.cluster.Partition)
stream-state-bench-kafka  | [2026-07-16 09:31:16,537] INFO [LogLoader partition=__consumer_offsets-14, dir=/tmp/kafka-logs] Loading producer state till offset 0 (org.apache.kafka.storage.internals.log.UnifiedLog)
stream-state-bench-kafka  | [2026-07-16 09:31:16,538] INFO Created log for partition __consumer_offsets-14 in /tmp/kafka-logs/__consumer_offsets-14 with properties {cleanup.policy=compact, compression.type="producer", segment.bytes=104857600} (kafka.log.LogManager)
stream-state-bench-kafka  | [2026-07-16 09:31:16,538] INFO [Partition __consumer_offsets-14 broker=1] No checkpointed highwatermark is found for partition __consumer_offsets-14 (kafka.cluster.Partition)
stream-state-bench-kafka  | [2026-07-16 09:31:16,538] INFO [Partition __consumer_offsets-14 broker=1] Log loaded for partition __consumer_offsets-14 with initial high watermark 0 (kafka.cluster.Partition)
stream-state-bench-kafka  | [2026-07-16 09:31:16,545] INFO [LogLoader partition=__consumer_offsets-43, dir=/tmp/kafka-logs] Loading producer state till offset 0 (org.apache.kafka.storage.internals.log.UnifiedLog)
stream-state-bench-kafka  | [2026-07-16 09:31:16,545] INFO Created log for partition __consumer_offsets-43 in /tmp/kafka-logs/__consumer_offsets-43 with properties {cleanup.policy=compact, compression.type="producer", segment.bytes=104857600} (kafka.log.LogManager)
stream-state-bench-kafka  | [2026-07-16 09:31:16,545] INFO [Partition __consumer_offsets-43 broker=1] No checkpointed highwatermark is found for partition __consumer_offsets-43 (kafka.cluster.Partition)
stream-state-bench-kafka  | [2026-07-16 09:31:16,545] INFO [Partition __consumer_offsets-43 broker=1] Log loaded for partition __consumer_offsets-43 with initial high watermark 0 (kafka.cluster.Partition)
stream-state-bench-kafka  | [2026-07-16 09:31:16,555] INFO [LogLoader partition=__consumer_offsets-10, dir=/tmp/kafka-logs] Loading producer state till offset 0 (org.apache.kafka.storage.internals.log.UnifiedLog)
stream-state-bench-kafka  | [2026-07-16 09:31:16,556] INFO Created log for partition __consumer_offsets-10 in /tmp/kafka-logs/__consumer_offsets-10 with properties {cleanup.policy=compact, compression.type="producer", segment.bytes=104857600} (kafka.log.LogManager)
stream-state-bench-kafka  | [2026-07-16 09:31:16,557] INFO [Partition __consumer_offsets-10 broker=1] No checkpointed highwatermark is found for partition __consumer_offsets-10 (kafka.cluster.Partition)
stream-state-bench-kafka  | [2026-07-16 09:31:16,557] INFO [Partition __consumer_offsets-10 broker=1] Log loaded for partition __consumer_offsets-10 with initial high watermark 0 (kafka.cluster.Partition)
stream-state-bench-kafka  | [2026-07-16 09:31:16,564] INFO [LogLoader partition=__consumer_offsets-22, dir=/tmp/kafka-logs] Loading producer state till offset 0 (org.apache.kafka.storage.internals.log.UnifiedLog)
stream-state-bench-kafka  | [2026-07-16 09:31:16,565] INFO Created log for partition __consumer_offsets-22 in /tmp/kafka-logs/__consumer_offsets-22 with properties {cleanup.policy=compact, compression.type="producer", segment.bytes=104857600} (kafka.log.LogManager)
stream-state-bench-kafka  | [2026-07-16 09:31:16,565] INFO [Partition __consumer_offsets-22 broker=1] No checkpointed highwatermark is found for partition __consumer_offsets-22 (kafka.cluster.Partition)
stream-state-bench-kafka  | [2026-07-16 09:31:16,565] INFO [Partition __consumer_offsets-22 broker=1] Log loaded for partition __consumer_offsets-22 with initial high watermark 0 (kafka.cluster.Partition)
stream-state-bench-kafka  | [2026-07-16 09:31:16,573] INFO [LogLoader partition=__consumer_offsets-18, dir=/tmp/kafka-logs] Loading producer state till offset 0 (org.apache.kafka.storage.internals.log.UnifiedLog)
stream-state-bench-kafka  | [2026-07-16 09:31:16,574] INFO Created log for partition __consumer_offsets-18 in /tmp/kafka-logs/__consumer_offsets-18 with properties {cleanup.policy=compact, compression.type="producer", segment.bytes=104857600} (kafka.log.LogManager)
stream-state-bench-kafka  | [2026-07-16 09:31:16,574] INFO [Partition __consumer_offsets-18 broker=1] No checkpointed highwatermark is found for partition __consumer_offsets-18 (kafka.cluster.Partition)
stream-state-bench-kafka  | [2026-07-16 09:31:16,574] INFO [Partition __consumer_offsets-18 broker=1] Log loaded for partition __consumer_offsets-18 with initial high watermark 0 (kafka.cluster.Partition)
stream-state-bench-kafka  | [2026-07-16 09:31:16,580] INFO [LogLoader partition=__consumer_offsets-31, dir=/tmp/kafka-logs] Loading producer state till offset 0 (org.apache.kafka.storage.internals.log.UnifiedLog)
stream-state-bench-kafka  | [2026-07-16 09:31:16,580] INFO Created log for partition __consumer_offsets-31 in /tmp/kafka-logs/__consumer_offsets-31 with properties {cleanup.policy=compact, compression.type="producer", segment.bytes=104857600} (kafka.log.LogManager)
stream-state-bench-kafka  | [2026-07-16 09:31:16,580] INFO [Partition __consumer_offsets-31 broker=1] No checkpointed highwatermark is found for partition __consumer_offsets-31 (kafka.cluster.Partition)
stream-state-bench-kafka  | [2026-07-16 09:31:16,580] INFO [Partition __consumer_offsets-31 broker=1] Log loaded for partition __consumer_offsets-31 with initial high watermark 0 (kafka.cluster.Partition)
stream-state-bench-kafka  | [2026-07-16 09:31:16,586] INFO [LogLoader partition=__consumer_offsets-27, dir=/tmp/kafka-logs] Loading producer state till offset 0 (org.apache.kafka.storage.internals.log.UnifiedLog)
stream-state-bench-kafka  | [2026-07-16 09:31:16,587] INFO Created log for partition __consumer_offsets-27 in /tmp/kafka-logs/__consumer_offsets-27 with properties {cleanup.policy=compact, compression.type="producer", segment.bytes=104857600} (kafka.log.LogManager)
stream-state-bench-kafka  | [2026-07-16 09:31:16,587] INFO [Partition __consumer_offsets-27 broker=1] No checkpointed highwatermark is found for partition __consumer_offsets-27 (kafka.cluster.Partition)
stream-state-bench-kafka  | [2026-07-16 09:31:16,587] INFO [Partition __consumer_offsets-27 broker=1] Log loaded for partition __consumer_offsets-27 with initial high watermark 0 (kafka.cluster.Partition)
stream-state-bench-kafka  | [2026-07-16 09:31:16,592] INFO [LogLoader partition=__consumer_offsets-39, dir=/tmp/kafka-logs] Loading producer state till offset 0 (org.apache.kafka.storage.internals.log.UnifiedLog)
stream-state-bench-kafka  | [2026-07-16 09:31:16,593] INFO Created log for partition __consumer_offsets-39 in /tmp/kafka-logs/__consumer_offsets-39 with properties {cleanup.policy=compact, compression.type="producer", segment.bytes=104857600} (kafka.log.LogManager)
stream-state-bench-kafka  | [2026-07-16 09:31:16,593] INFO [Partition __consumer_offsets-39 broker=1] No checkpointed highwatermark is found for partition __consumer_offsets-39 (kafka.cluster.Partition)
stream-state-bench-kafka  | [2026-07-16 09:31:16,593] INFO [Partition __consumer_offsets-39 broker=1] Log loaded for partition __consumer_offsets-39 with initial high watermark 0 (kafka.cluster.Partition)
stream-state-bench-kafka  | [2026-07-16 09:31:16,599] INFO [LogLoader partition=__consumer_offsets-6, dir=/tmp/kafka-logs] Loading producer state till offset 0 (org.apache.kafka.storage.internals.log.UnifiedLog)
stream-state-bench-kafka  | [2026-07-16 09:31:16,599] INFO Created log for partition __consumer_offsets-6 in /tmp/kafka-logs/__consumer_offsets-6 with properties {cleanup.policy=compact, compression.type="producer", segment.bytes=104857600} (kafka.log.LogManager)
stream-state-bench-kafka  | [2026-07-16 09:31:16,599] INFO [Partition __consumer_offsets-6 broker=1] No checkpointed highwatermark is found for partition __consumer_offsets-6 (kafka.cluster.Partition)
stream-state-bench-kafka  | [2026-07-16 09:31:16,599] INFO [Partition __consumer_offsets-6 broker=1] Log loaded for partition __consumer_offsets-6 with initial high watermark 0 (kafka.cluster.Partition)
stream-state-bench-kafka  | [2026-07-16 09:31:16,605] INFO [LogLoader partition=__consumer_offsets-35, dir=/tmp/kafka-logs] Loading producer state till offset 0 (org.apache.kafka.storage.internals.log.UnifiedLog)
stream-state-bench-kafka  | [2026-07-16 09:31:16,607] INFO Created log for partition __consumer_offsets-35 in /tmp/kafka-logs/__consumer_offsets-35 with properties {cleanup.policy=compact, compression.type="producer", segment.bytes=104857600} (kafka.log.LogManager)
stream-state-bench-kafka  | [2026-07-16 09:31:16,607] INFO [Partition __consumer_offsets-35 broker=1] No checkpointed highwatermark is found for partition __consumer_offsets-35 (kafka.cluster.Partition)
stream-state-bench-kafka  | [2026-07-16 09:31:16,607] INFO [Partition __consumer_offsets-35 broker=1] Log loaded for partition __consumer_offsets-35 with initial high watermark 0 (kafka.cluster.Partition)
stream-state-bench-kafka  | [2026-07-16 09:31:16,612] INFO [LogLoader partition=__consumer_offsets-2, dir=/tmp/kafka-logs] Loading producer state till offset 0 (org.apache.kafka.storage.internals.log.UnifiedLog)
stream-state-bench-kafka  | [2026-07-16 09:31:16,613] INFO Created log for partition __consumer_offsets-2 in /tmp/kafka-logs/__consumer_offsets-2 with properties {cleanup.policy=compact, compression.type="producer", segment.bytes=104857600} (kafka.log.LogManager)
stream-state-bench-kafka  | [2026-07-16 09:31:16,613] INFO [Partition __consumer_offsets-2 broker=1] No checkpointed highwatermark is found for partition __consumer_offsets-2 (kafka.cluster.Partition)
stream-state-bench-kafka  | [2026-07-16 09:31:16,613] INFO [Partition __consumer_offsets-2 broker=1] Log loaded for partition __consumer_offsets-2 with initial high watermark 0 (kafka.cluster.Partition)
stream-state-bench-kafka  | [2026-07-16 09:31:16,618] INFO [GroupCoordinator id=1] Scheduling loading of metadata from __consumer_offsets-13 with epoch 0 (org.apache.kafka.coordinator.common.runtime.CoordinatorRuntime)
stream-state-bench-kafka  | [2026-07-16 09:31:16,619] INFO [GroupCoordinator id=1] Scheduling loading of metadata from __consumer_offsets-46 with epoch 0 (org.apache.kafka.coordinator.common.runtime.CoordinatorRuntime)
stream-state-bench-kafka  | [2026-07-16 09:31:16,619] INFO [GroupCoordinator id=1] Scheduling loading of metadata from __consumer_offsets-9 with epoch 0 (org.apache.kafka.coordinator.common.runtime.CoordinatorRuntime)
stream-state-bench-kafka  | [2026-07-16 09:31:16,619] INFO [GroupCoordinator id=1] Scheduling loading of metadata from __consumer_offsets-42 with epoch 0 (org.apache.kafka.coordinator.common.runtime.CoordinatorRuntime)
stream-state-bench-kafka  | [2026-07-16 09:31:16,620] INFO [GroupCoordinator id=1] Scheduling loading of metadata from __consumer_offsets-21 with epoch 0 (org.apache.kafka.coordinator.common.runtime.CoordinatorRuntime)
stream-state-bench-kafka  | [2026-07-16 09:31:16,620] INFO [GroupCoordinator id=1] Scheduling loading of metadata from __consumer_offsets-17 with epoch 0 (org.apache.kafka.coordinator.common.runtime.CoordinatorRuntime)
stream-state-bench-kafka  | [2026-07-16 09:31:16,620] INFO [GroupCoordinator id=1] Scheduling loading of metadata from __consumer_offsets-30 with epoch 0 (org.apache.kafka.coordinator.common.runtime.CoordinatorRuntime)
stream-state-bench-kafka  | [2026-07-16 09:31:16,620] INFO [GroupCoordinator id=1] Scheduling loading of metadata from __consumer_offsets-26 with epoch 0 (org.apache.kafka.coordinator.common.runtime.CoordinatorRuntime)
stream-state-bench-kafka  | [2026-07-16 09:31:16,620] INFO [GroupCoordinator id=1] Scheduling loading of metadata from __consumer_offsets-5 with epoch 0 (org.apache.kafka.coordinator.common.runtime.CoordinatorRuntime)
stream-state-bench-kafka  | [2026-07-16 09:31:16,620] INFO [GroupCoordinator id=1] Scheduling loading of metadata from __consumer_offsets-38 with epoch 0 (org.apache.kafka.coordinator.common.runtime.CoordinatorRuntime)
stream-state-bench-kafka  | [2026-07-16 09:31:16,620] INFO [GroupCoordinator id=1] Scheduling loading of metadata from __consumer_offsets-1 with epoch 0 (org.apache.kafka.coordinator.common.runtime.CoordinatorRuntime)
stream-state-bench-kafka  | [2026-07-16 09:31:16,620] INFO [GroupCoordinator id=1] Scheduling loading of metadata from __consumer_offsets-34 with epoch 0 (org.apache.kafka.coordinator.common.runtime.CoordinatorRuntime)
stream-state-bench-kafka  | [2026-07-16 09:31:16,620] INFO [GroupCoordinator id=1] Scheduling loading of metadata from __consumer_offsets-16 with epoch 0 (org.apache.kafka.coordinator.common.runtime.CoordinatorRuntime)
stream-state-bench-kafka  | [2026-07-16 09:31:16,620] INFO [GroupCoordinator id=1] Scheduling loading of metadata from __consumer_offsets-45 with epoch 0 (org.apache.kafka.coordinator.common.runtime.CoordinatorRuntime)
stream-state-bench-kafka  | [2026-07-16 09:31:16,621] INFO [GroupCoordinator id=1] Scheduling loading of metadata from __consumer_offsets-12 with epoch 0 (org.apache.kafka.coordinator.common.runtime.CoordinatorRuntime)
stream-state-bench-kafka  | [2026-07-16 09:31:16,621] INFO [GroupCoordinator id=1] Scheduling loading of metadata from __consumer_offsets-41 with epoch 0 (org.apache.kafka.coordinator.common.runtime.CoordinatorRuntime)
stream-state-bench-kafka  | [2026-07-16 09:31:16,621] INFO [GroupCoordinator id=1] Scheduling loading of metadata from __consumer_offsets-24 with epoch 0 (org.apache.kafka.coordinator.common.runtime.CoordinatorRuntime)
stream-state-bench-kafka  | [2026-07-16 09:31:16,621] INFO [GroupCoordinator id=1] Scheduling loading of metadata from __consumer_offsets-20 with epoch 0 (org.apache.kafka.coordinator.common.runtime.CoordinatorRuntime)
stream-state-bench-kafka  | [2026-07-16 09:31:16,621] INFO [GroupCoordinator id=1] Scheduling loading of metadata from __consumer_offsets-49 with epoch 0 (org.apache.kafka.coordinator.common.runtime.CoordinatorRuntime)
stream-state-bench-kafka  | [2026-07-16 09:31:16,621] INFO [GroupCoordinator id=1] Scheduling loading of metadata from __consumer_offsets-0 with epoch 0 (org.apache.kafka.coordinator.common.runtime.CoordinatorRuntime)
stream-state-bench-kafka  | [2026-07-16 09:31:16,621] INFO [GroupCoordinator id=1] Scheduling loading of metadata from __consumer_offsets-29 with epoch 0 (org.apache.kafka.coordinator.common.runtime.CoordinatorRuntime)
stream-state-bench-kafka  | [2026-07-16 09:31:16,621] INFO [GroupCoordinator id=1] Scheduling loading of metadata from __consumer_offsets-25 with epoch 0 (org.apache.kafka.coordinator.common.runtime.CoordinatorRuntime)
stream-state-bench-kafka  | [2026-07-16 09:31:16,621] INFO [GroupCoordinator id=1] Scheduling loading of metadata from __consumer_offsets-8 with epoch 0 (org.apache.kafka.coordinator.common.runtime.CoordinatorRuntime)
stream-state-bench-kafka  | [2026-07-16 09:31:16,621] INFO [GroupCoordinator id=1] Scheduling loading of metadata from __consumer_offsets-37 with epoch 0 (org.apache.kafka.coordinator.common.runtime.CoordinatorRuntime)
stream-state-bench-kafka  | [2026-07-16 09:31:16,622] INFO [GroupCoordinator id=1] Scheduling loading of metadata from __consumer_offsets-4 with epoch 0 (org.apache.kafka.coordinator.common.runtime.CoordinatorRuntime)
stream-state-bench-kafka  | [2026-07-16 09:31:16,622] INFO [GroupCoordinator id=1] Scheduling loading of metadata from __consumer_offsets-33 with epoch 0 (org.apache.kafka.coordinator.common.runtime.CoordinatorRuntime)
stream-state-bench-kafka  | [2026-07-16 09:31:16,622] INFO [GroupCoordinator id=1] Scheduling loading of metadata from __consumer_offsets-15 with epoch 0 (org.apache.kafka.coordinator.common.runtime.CoordinatorRuntime)
stream-state-bench-kafka  | [2026-07-16 09:31:16,622] INFO [GroupCoordinator id=1] Scheduling loading of metadata from __consumer_offsets-48 with epoch 0 (org.apache.kafka.coordinator.common.runtime.CoordinatorRuntime)
stream-state-bench-kafka  | [2026-07-16 09:31:16,622] INFO [GroupCoordinator id=1] Scheduling loading of metadata from __consumer_offsets-11 with epoch 0 (org.apache.kafka.coordinator.common.runtime.CoordinatorRuntime)
stream-state-bench-kafka  | [2026-07-16 09:31:16,629] INFO [GroupCoordinator id=1] Scheduling loading of metadata from __consumer_offsets-44 with epoch 0 (org.apache.kafka.coordinator.common.runtime.CoordinatorRuntime)
stream-state-bench-kafka  | [2026-07-16 09:31:16,629] INFO [GroupCoordinator id=1] Scheduling loading of metadata from __consumer_offsets-23 with epoch 0 (org.apache.kafka.coordinator.common.runtime.CoordinatorRuntime)
stream-state-bench-kafka  | [2026-07-16 09:31:16,629] INFO [GroupCoordinator id=1] Scheduling loading of metadata from __consumer_offsets-19 with epoch 0 (org.apache.kafka.coordinator.common.runtime.CoordinatorRuntime)
stream-state-bench-kafka  | [2026-07-16 09:31:16,629] INFO [GroupCoordinator id=1] Scheduling loading of metadata from __consumer_offsets-32 with epoch 0 (org.apache.kafka.coordinator.common.runtime.CoordinatorRuntime)
stream-state-bench-kafka  | [2026-07-16 09:31:16,629] INFO [GroupCoordinator id=1] Scheduling loading of metadata from __consumer_offsets-28 with epoch 0 (org.apache.kafka.coordinator.common.runtime.CoordinatorRuntime)
stream-state-bench-kafka  | [2026-07-16 09:31:16,629] INFO [GroupCoordinator id=1] Scheduling loading of metadata from __consumer_offsets-7 with epoch 0 (org.apache.kafka.coordinator.common.runtime.CoordinatorRuntime)
stream-state-bench-kafka  | [2026-07-16 09:31:16,630] INFO [GroupCoordinator id=1] Scheduling loading of metadata from __consumer_offsets-40 with epoch 0 (org.apache.kafka.coordinator.common.runtime.CoordinatorRuntime)
stream-state-bench-kafka  | [2026-07-16 09:31:16,630] INFO [GroupCoordinator id=1] Scheduling loading of metadata from __consumer_offsets-3 with epoch 0 (org.apache.kafka.coordinator.common.runtime.CoordinatorRuntime)
stream-state-bench-kafka  | [2026-07-16 09:31:16,630] INFO [GroupCoordinator id=1] Scheduling loading of metadata from __consumer_offsets-36 with epoch 0 (org.apache.kafka.coordinator.common.runtime.CoordinatorRuntime)
stream-state-bench-kafka  | [2026-07-16 09:31:16,630] INFO [GroupCoordinator id=1] Scheduling loading of metadata from __consumer_offsets-47 with epoch 0 (org.apache.kafka.coordinator.common.runtime.CoordinatorRuntime)
stream-state-bench-kafka  | [2026-07-16 09:31:16,630] INFO [GroupCoordinator id=1] Scheduling loading of metadata from __consumer_offsets-14 with epoch 0 (org.apache.kafka.coordinator.common.runtime.CoordinatorRuntime)
stream-state-bench-kafka  | [2026-07-16 09:31:16,630] INFO [GroupCoordinator id=1] Scheduling loading of metadata from __consumer_offsets-43 with epoch 0 (org.apache.kafka.coordinator.common.runtime.CoordinatorRuntime)
stream-state-bench-kafka  | [2026-07-16 09:31:16,630] INFO [GroupCoordinator id=1] Scheduling loading of metadata from __consumer_offsets-10 with epoch 0 (org.apache.kafka.coordinator.common.runtime.CoordinatorRuntime)
stream-state-bench-kafka  | [2026-07-16 09:31:16,630] INFO [GroupCoordinator id=1] Scheduling loading of metadata from __consumer_offsets-22 with epoch 0 (org.apache.kafka.coordinator.common.runtime.CoordinatorRuntime)
stream-state-bench-kafka  | [2026-07-16 09:31:16,631] INFO [GroupCoordinator id=1] Scheduling loading of metadata from __consumer_offsets-18 with epoch 0 (org.apache.kafka.coordinator.common.runtime.CoordinatorRuntime)
stream-state-bench-kafka  | [2026-07-16 09:31:16,631] INFO [GroupCoordinator id=1] Scheduling loading of metadata from __consumer_offsets-31 with epoch 0 (org.apache.kafka.coordinator.common.runtime.CoordinatorRuntime)
stream-state-bench-kafka  | [2026-07-16 09:31:16,631] INFO [GroupCoordinator id=1] Scheduling loading of metadata from __consumer_offsets-27 with epoch 0 (org.apache.kafka.coordinator.common.runtime.CoordinatorRuntime)
stream-state-bench-kafka  | [2026-07-16 09:31:16,631] INFO [GroupCoordinator id=1] Scheduling loading of metadata from __consumer_offsets-39 with epoch 0 (org.apache.kafka.coordinator.common.runtime.CoordinatorRuntime)
stream-state-bench-kafka  | [2026-07-16 09:31:16,631] INFO [GroupCoordinator id=1] Scheduling loading of metadata from __consumer_offsets-6 with epoch 0 (org.apache.kafka.coordinator.common.runtime.CoordinatorRuntime)
stream-state-bench-kafka  | [2026-07-16 09:31:16,631] INFO [GroupCoordinator id=1] Scheduling loading of metadata from __consumer_offsets-35 with epoch 0 (org.apache.kafka.coordinator.common.runtime.CoordinatorRuntime)
stream-state-bench-kafka  | [2026-07-16 09:31:16,631] INFO [GroupCoordinator id=1] Scheduling loading of metadata from __consumer_offsets-2 with epoch 0 (org.apache.kafka.coordinator.common.runtime.CoordinatorRuntime)
stream-state-bench-kafka  | [2026-07-16 09:31:16,632] INFO [GroupCoordinator id=1] Finished loading of metadata from __consumer_offsets-46 with epoch 0 in 9ms where 9ms was spent in the scheduler. Loaded 0 records which total to 0 bytes. (org.apache.kafka.coordinator.common.runtime.CoordinatorRuntime)
stream-state-bench-kafka  | [2026-07-16 09:31:16,632] INFO [GroupCoordinator id=1] Finished loading of metadata from __consumer_offsets-45 with epoch 0 in 0ms where 0ms was spent in the scheduler. Loaded 0 records which total to 0 bytes. (org.apache.kafka.coordinator.common.runtime.CoordinatorRuntime)
stream-state-bench-kafka  | [2026-07-16 09:31:16,632] INFO [GroupCoordinator id=1] Finished loading of metadata from __consumer_offsets-9 with epoch 0 in 9ms where 9ms was spent in the scheduler. Loaded 0 records which total to 0 bytes. (org.apache.kafka.coordinator.common.runtime.CoordinatorRuntime)
stream-state-bench-kafka  | [2026-07-16 09:31:16,632] INFO [DynamicConfigPublisher broker id=1] Updating topic __consumer_offsets with new configuration : compression.type -> producer,cleanup.policy -> compact,segment.bytes -> 104857600 (kafka.server.metadata.DynamicConfigPublisher)
stream-state-bench-kafka  | [2026-07-16 09:31:16,632] INFO [GroupCoordinator id=1] Finished loading of metadata from __consumer_offsets-49 with epoch 0 in 1ms where 1ms was spent in the scheduler. Loaded 0 records which total to 0 bytes. (org.apache.kafka.coordinator.common.runtime.CoordinatorRuntime)
stream-state-bench-kafka  | [2026-07-16 09:31:16,632] INFO [GroupCoordinator id=1] Finished loading of metadata from __consumer_offsets-20 with epoch 0 in 1ms where 1ms was spent in the scheduler. Loaded 0 records which total to 0 bytes. (org.apache.kafka.coordinator.common.runtime.CoordinatorRuntime)
stream-state-bench-kafka  | [2026-07-16 09:31:16,632] INFO [GroupCoordinator id=1] Finished loading of metadata from __consumer_offsets-30 with epoch 0 in 1ms where 1ms was spent in the scheduler. Loaded 0 records which total to 0 bytes. (org.apache.kafka.coordinator.common.runtime.CoordinatorRuntime)
stream-state-bench-kafka  | [2026-07-16 09:31:16,632] INFO [GroupCoordinator id=1] Finished loading of metadata from __consumer_offsets-38 with epoch 0 in 1ms where 1ms was spent in the scheduler. Loaded 0 records which total to 0 bytes. (org.apache.kafka.coordinator.common.runtime.CoordinatorRuntime)
stream-state-bench-kafka  | [2026-07-16 09:31:16,632] INFO [GroupCoordinator id=1] Finished loading of metadata from __consumer_offsets-23 with epoch 0 in 1ms where 1ms was spent in the scheduler. Loaded 0 records which total to 0 bytes. (org.apache.kafka.coordinator.common.runtime.CoordinatorRuntime)
stream-state-bench-kafka  | [2026-07-16 09:31:16,633] INFO [GroupCoordinator id=1] Finished loading of metadata from __consumer_offsets-41 with epoch 0 in 1ms where 1ms was spent in the scheduler. Loaded 0 records which total to 0 bytes. (org.apache.kafka.coordinator.common.runtime.CoordinatorRuntime)
stream-state-bench-kafka  | [2026-07-16 09:31:16,633] INFO [GroupCoordinator id=1] Finished loading of metadata from __consumer_offsets-11 with epoch 0 in 1ms where 1ms was spent in the scheduler. Loaded 0 records which total to 0 bytes. (org.apache.kafka.coordinator.common.runtime.CoordinatorRuntime)
stream-state-bench-kafka  | [2026-07-16 09:31:16,633] INFO [GroupCoordinator id=1] Finished loading of metadata from __consumer_offsets-19 with epoch 0 in 1ms where 1ms was spent in the scheduler. Loaded 0 records which total to 0 bytes. (org.apache.kafka.coordinator.common.runtime.CoordinatorRuntime)
stream-state-bench-kafka  | [2026-07-16 09:31:16,633] INFO [GroupCoordinator id=1] Finished loading of metadata from __consumer_offsets-10 with epoch 0 in 1ms where 1ms was spent in the scheduler. Loaded 0 records which total to 0 bytes. (org.apache.kafka.coordinator.common.runtime.CoordinatorRuntime)
stream-state-bench-kafka  | [2026-07-16 09:31:16,633] INFO [GroupCoordinator id=1] Finished loading of metadata from __consumer_offsets-36 with epoch 0 in 1ms where 1ms was spent in the scheduler. Loaded 0 records which total to 0 bytes. (org.apache.kafka.coordinator.common.runtime.CoordinatorRuntime)
stream-state-bench-kafka  | [2026-07-16 09:31:16,633] INFO [GroupCoordinator id=1] Finished loading of metadata from __consumer_offsets-4 with epoch 0 in 1ms where 1ms was spent in the scheduler. Loaded 0 records which total to 0 bytes. (org.apache.kafka.coordinator.common.runtime.CoordinatorRuntime)
stream-state-bench-kafka  | [2026-07-16 09:31:16,633] INFO [GroupCoordinator id=1] Finished loading of metadata from __consumer_offsets-25 with epoch 0 in 1ms where 1ms was spent in the scheduler. Loaded 0 records which total to 0 bytes. (org.apache.kafka.coordinator.common.runtime.CoordinatorRuntime)
stream-state-bench-kafka  | [2026-07-16 09:31:16,633] INFO [GroupCoordinator id=1] Finished loading of metadata from __consumer_offsets-15 with epoch 0 in 0ms where 0ms was spent in the scheduler. Loaded 0 records which total to 0 bytes. (org.apache.kafka.coordinator.common.runtime.CoordinatorRuntime)
stream-state-bench-kafka  | [2026-07-16 09:31:16,633] INFO [GroupCoordinator id=1] Finished loading of metadata from __consumer_offsets-44 with epoch 0 in 1ms where 1ms was spent in the scheduler. Loaded 0 records which total to 0 bytes. (org.apache.kafka.coordinator.common.runtime.CoordinatorRuntime)
stream-state-bench-kafka  | [2026-07-16 09:31:16,633] INFO [GroupCoordinator id=1] Finished loading of metadata from __consumer_offsets-5 with epoch 0 in 0ms where 0ms was spent in the scheduler. Loaded 0 records which total to 0 bytes. (org.apache.kafka.coordinator.common.runtime.CoordinatorRuntime)
stream-state-bench-kafka  | [2026-07-16 09:31:16,633] INFO [GroupCoordinator id=1] Finished loading of metadata from __consumer_offsets-17 with epoch 0 in 0ms where 0ms was spent in the scheduler. Loaded 0 records which total to 0 bytes. (org.apache.kafka.coordinator.common.runtime.CoordinatorRuntime)
stream-state-bench-kafka  | [2026-07-16 09:31:16,633] INFO [GroupCoordinator id=1] Finished loading of metadata from __consumer_offsets-3 with epoch 0 in 0ms where 0ms was spent in the scheduler. Loaded 0 records which total to 0 bytes. (org.apache.kafka.coordinator.common.runtime.CoordinatorRuntime)
stream-state-bench-kafka  | [2026-07-16 09:31:16,633] INFO [GroupCoordinator id=1] Finished loading of metadata from __consumer_offsets-12 with epoch 0 in 1ms where 1ms was spent in the scheduler. Loaded 0 records which total to 0 bytes. (org.apache.kafka.coordinator.common.runtime.CoordinatorRuntime)
stream-state-bench-kafka  | [2026-07-16 09:31:16,634] INFO [GroupCoordinator id=1] Finished loading of metadata from __consumer_offsets-26 with epoch 0 in 1ms where 1ms was spent in the scheduler. Loaded 0 records which total to 0 bytes. (org.apache.kafka.coordinator.common.runtime.CoordinatorRuntime)
stream-state-bench-kafka  | [2026-07-16 09:31:16,634] INFO [GroupCoordinator id=1] Finished loading of metadata from __consumer_offsets-32 with epoch 0 in 0ms where 0ms was spent in the scheduler. Loaded 0 records which total to 0 bytes. (org.apache.kafka.coordinator.common.runtime.CoordinatorRuntime)
stream-state-bench-kafka  | [2026-07-16 09:31:16,634] INFO [GroupCoordinator id=1] Finished loading of metadata from __consumer_offsets-1 with epoch 0 in 1ms where 1ms was spent in the scheduler. Loaded 0 records which total to 0 bytes. (org.apache.kafka.coordinator.common.runtime.CoordinatorRuntime)
stream-state-bench-kafka  | [2026-07-16 09:31:16,634] INFO [GroupCoordinator id=1] Finished loading of metadata from __consumer_offsets-13 with epoch 0 in 10ms where 10ms was spent in the scheduler. Loaded 0 records which total to 0 bytes. (org.apache.kafka.coordinator.common.runtime.CoordinatorRuntime)
stream-state-bench-kafka  | [2026-07-16 09:31:16,634] INFO [GroupCoordinator id=1] Finished loading of metadata from __consumer_offsets-0 with epoch 0 in 1ms where 1ms was spent in the scheduler. Loaded 0 records which total to 0 bytes. (org.apache.kafka.coordinator.common.runtime.CoordinatorRuntime)
stream-state-bench-kafka  | [2026-07-16 09:31:16,635] INFO [GroupCoordinator id=1] Finished loading of metadata from __consumer_offsets-40 with epoch 0 in 1ms where 1ms was spent in the scheduler. Loaded 0 records which total to 0 bytes. (org.apache.kafka.coordinator.common.runtime.CoordinatorRuntime)
stream-state-bench-kafka  | [2026-07-16 09:31:16,635] INFO [GroupCoordinator id=1] Finished loading of metadata from __consumer_offsets-39 with epoch 0 in 1ms where 1ms was spent in the scheduler. Loaded 0 records which total to 0 bytes. (org.apache.kafka.coordinator.common.runtime.CoordinatorRuntime)
stream-state-bench-kafka  | [2026-07-16 09:31:16,635] INFO [GroupCoordinator id=1] Finished loading of metadata from __consumer_offsets-27 with epoch 0 in 1ms where 1ms was spent in the scheduler. Loaded 0 records which total to 0 bytes. (org.apache.kafka.coordinator.common.runtime.CoordinatorRuntime)
stream-state-bench-kafka  | [2026-07-16 09:31:16,635] INFO [GroupCoordinator id=1] Finished loading of metadata from __consumer_offsets-37 with epoch 0 in 0ms where 0ms was spent in the scheduler. Loaded 0 records which total to 0 bytes. (org.apache.kafka.coordinator.common.runtime.CoordinatorRuntime)
stream-state-bench-kafka  | [2026-07-16 09:31:16,635] INFO [GroupCoordinator id=1] Finished loading of metadata from __consumer_offsets-48 with epoch 0 in 1ms where 1ms was spent in the scheduler. Loaded 0 records which total to 0 bytes. (org.apache.kafka.coordinator.common.runtime.CoordinatorRuntime)
stream-state-bench-kafka  | [2026-07-16 09:31:16,635] INFO [GroupCoordinator id=1] Finished loading of metadata from __consumer_offsets-8 with epoch 0 in 0ms where 0ms was spent in the scheduler. Loaded 0 records which total to 0 bytes. (org.apache.kafka.coordinator.common.runtime.CoordinatorRuntime)
stream-state-bench-kafka  | [2026-07-16 09:31:16,635] INFO [GroupCoordinator id=1] Finished loading of metadata from __consumer_offsets-21 with epoch 0 in 0ms where 0ms was spent in the scheduler. Loaded 0 records which total to 0 bytes. (org.apache.kafka.coordinator.common.runtime.CoordinatorRuntime)
stream-state-bench-kafka  | [2026-07-16 09:31:16,635] INFO [GroupCoordinator id=1] Finished loading of metadata from __consumer_offsets-29 with epoch 0 in 0ms where 0ms was spent in the scheduler. Loaded 0 records which total to 0 bytes. (org.apache.kafka.coordinator.common.runtime.CoordinatorRuntime)
stream-state-bench-kafka  | [2026-07-16 09:31:16,635] INFO [GroupCoordinator id=1] Finished loading of metadata from __consumer_offsets-7 with epoch 0 in 0ms where 0ms was spent in the scheduler. Loaded 0 records which total to 0 bytes. (org.apache.kafka.coordinator.common.runtime.CoordinatorRuntime)
stream-state-bench-kafka  | [2026-07-16 09:31:16,635] INFO [GroupCoordinator id=1] Finished loading of metadata from __consumer_offsets-47 with epoch 0 in 0ms where 0ms was spent in the scheduler. Loaded 0 records which total to 0 bytes. (org.apache.kafka.coordinator.common.runtime.CoordinatorRuntime)
stream-state-bench-kafka  | [2026-07-16 09:31:16,636] INFO [GroupCoordinator id=1] Finished loading of metadata from __consumer_offsets-24 with epoch 0 in 1ms where 1ms was spent in the scheduler. Loaded 0 records which total to 0 bytes. (org.apache.kafka.coordinator.common.runtime.CoordinatorRuntime)
stream-state-bench-kafka  | [2026-07-16 09:31:16,636] INFO [GroupCoordinator id=1] Finished loading of metadata from __consumer_offsets-31 with epoch 0 in 0ms where 0ms was spent in the scheduler. Loaded 0 records which total to 0 bytes. (org.apache.kafka.coordinator.common.runtime.CoordinatorRuntime)
stream-state-bench-kafka  | [2026-07-16 09:31:16,636] INFO [GroupCoordinator id=1] Finished loading of metadata from __consumer_offsets-14 with epoch 0 in 0ms where 0ms was spent in the scheduler. Loaded 0 records which total to 0 bytes. (org.apache.kafka.coordinator.common.runtime.CoordinatorRuntime)
stream-state-bench-kafka  | [2026-07-16 09:31:16,636] INFO [GroupCoordinator id=1] Finished loading of metadata from __consumer_offsets-33 with epoch 0 in 0ms where 0ms was spent in the scheduler. Loaded 0 records which total to 0 bytes. (org.apache.kafka.coordinator.common.runtime.CoordinatorRuntime)
stream-state-bench-kafka  | [2026-07-16 09:31:16,636] INFO [GroupCoordinator id=1] Finished loading of metadata from __consumer_offsets-35 with epoch 0 in 0ms where 0ms was spent in the scheduler. Loaded 0 records which total to 0 bytes. (org.apache.kafka.coordinator.common.runtime.CoordinatorRuntime)
stream-state-bench-kafka  | [2026-07-16 09:31:16,636] INFO [GroupCoordinator id=1] Finished loading of metadata from __consumer_offsets-22 with epoch 0 in 0ms where 0ms was spent in the scheduler. Loaded 0 records which total to 0 bytes. (org.apache.kafka.coordinator.common.runtime.CoordinatorRuntime)
stream-state-bench-kafka  | [2026-07-16 09:31:16,636] INFO [GroupCoordinator id=1] Finished loading of metadata from __consumer_offsets-42 with epoch 0 in 9ms where 1ms was spent in the scheduler. Loaded 0 records which total to 0 bytes. (org.apache.kafka.coordinator.common.runtime.CoordinatorRuntime)
stream-state-bench-kafka  | [2026-07-16 09:31:16,636] INFO [GroupCoordinator id=1] Finished loading of metadata from __consumer_offsets-34 with epoch 0 in 0ms where 0ms was spent in the scheduler. Loaded 0 records which total to 0 bytes. (org.apache.kafka.coordinator.common.runtime.CoordinatorRuntime)
stream-state-bench-kafka  | [2026-07-16 09:31:16,636] INFO [GroupCoordinator id=1] Finished loading of metadata from __consumer_offsets-16 with epoch 0 in 0ms where 0ms was spent in the scheduler. Loaded 0 records which total to 0 bytes. (org.apache.kafka.coordinator.common.runtime.CoordinatorRuntime)
stream-state-bench-kafka  | [2026-07-16 09:31:16,637] INFO [GroupCoordinator id=1] Finished loading of metadata from __consumer_offsets-43 with epoch 0 in 0ms where 0ms was spent in the scheduler. Loaded 0 records which total to 0 bytes. (org.apache.kafka.coordinator.common.runtime.CoordinatorRuntime)
stream-state-bench-kafka  | [2026-07-16 09:31:16,637] INFO [GroupCoordinator id=1] Finished loading of metadata from __consumer_offsets-2 with epoch 0 in 0ms where 0ms was spent in the scheduler. Loaded 0 records which total to 0 bytes. (org.apache.kafka.coordinator.common.runtime.CoordinatorRuntime)
stream-state-bench-kafka  | [2026-07-16 09:31:16,637] INFO [GroupCoordinator id=1] Finished loading of metadata from __consumer_offsets-6 with epoch 0 in 0ms where 0ms was spent in the scheduler. Loaded 0 records which total to 0 bytes. (org.apache.kafka.coordinator.common.runtime.CoordinatorRuntime)
stream-state-bench-kafka  | [2026-07-16 09:31:16,637] INFO [GroupCoordinator id=1] Finished loading of metadata from __consumer_offsets-28 with epoch 0 in 0ms where 0ms was spent in the scheduler. Loaded 0 records which total to 0 bytes. (org.apache.kafka.coordinator.common.runtime.CoordinatorRuntime)
stream-state-bench-kafka  | [2026-07-16 09:31:16,637] INFO [GroupCoordinator id=1] Finished loading of metadata from __consumer_offsets-18 with epoch 0 in 0ms where 0ms was spent in the scheduler. Loaded 0 records which total to 0 bytes. (org.apache.kafka.coordinator.common.runtime.CoordinatorRuntime)
stream-state-bench-kafka  | [2026-07-16 09:31:16,831] INFO [GroupCoordinator id=1 topic=__consumer_offsets partition=33] Dynamic member with unknown member id joins group console-consumer-19084 in Empty state. Created a new member id console-consumer-0ce49de6-f9a6-416e-a0f2-8c075a414109 and requesting the member to rejoin with this id. (org.apache.kafka.coordinator.group.GroupMetadataManager)
stream-state-bench-kafka  | [2026-07-16 09:31:16,834] INFO [GroupCoordinator id=1 topic=__consumer_offsets partition=33] Pending dynamic member with id console-consumer-0ce49de6-f9a6-416e-a0f2-8c075a414109 joins group console-consumer-19084 in Empty state. Adding to the group now. (org.apache.kafka.coordinator.group.GroupMetadataManager)
stream-state-bench-kafka  | [2026-07-16 09:31:16,835] INFO [GroupCoordinator id=1 topic=__consumer_offsets partition=33] Preparing to rebalance group console-consumer-19084 in state PreparingRebalance with old generation 0 (reason: Adding new member console-consumer-0ce49de6-f9a6-416e-a0f2-8c075a414109 with group instance id null; client reason: need to re-join with the given member-id: console-consumer-0ce49de6-f9a6-416e-a0f2-8c075a414109). (org.apache.kafka.coordinator.group.GroupMetadataManager)
stream-state-bench-kafka  | [2026-07-16 09:31:16,843] INFO [GroupCoordinator id=1 topic=__consumer_offsets partition=33] Stabilized group console-consumer-19084 generation 1 with 1 members. (org.apache.kafka.coordinator.group.GroupMetadataManager)
stream-state-bench-kafka  | [2026-07-16 09:31:17,055] INFO [GroupCoordinator id=1 topic=__consumer_offsets partition=33] Assignment received from leader console-consumer-0ce49de6-f9a6-416e-a0f2-8c075a414109 for group console-consumer-19084 for generation 1. The group has 1 members, 0 of which are static. (org.apache.kafka.coordinator.group.GroupMetadataManager)
stream-state-bench-kafka  | [2026-07-16 09:31:17,535] INFO [GroupCoordinator id=1 topic=__consumer_offsets partition=18] Dynamic member with unknown member id joins group stream-state-bench-w3-latency-tumbling_count-stability_100 in Empty state. Created a new member id stream-state-bench-w3-latency-tumbling_count-stability_100-e5fb7bd3-e807-415f-9222-0e3db1b85a4b-StreamThread-1-consumer-bad964fe-cb4f-477b-8967-8bcb86a50c26 and requesting the member to rejoin with this id. (org.apache.kafka.coordinator.group.GroupMetadataManager)
stream-state-bench-kafka  | [2026-07-16 09:31:17,538] INFO [GroupCoordinator id=1 topic=__consumer_offsets partition=18] Pending dynamic member with id stream-state-bench-w3-latency-tumbling_count-stability_100-e5fb7bd3-e807-415f-9222-0e3db1b85a4b-StreamThread-1-consumer-bad964fe-cb4f-477b-8967-8bcb86a50c26 joins group stream-state-bench-w3-latency-tumbling_count-stability_100 in Empty state. Adding to the group now. (org.apache.kafka.coordinator.group.GroupMetadataManager)
stream-state-bench-kafka  | [2026-07-16 09:31:17,538] INFO [GroupCoordinator id=1 topic=__consumer_offsets partition=18] Preparing to rebalance group stream-state-bench-w3-latency-tumbling_count-stability_100 in state PreparingRebalance with old generation 0 (reason: Adding new member stream-state-bench-w3-latency-tumbling_count-stability_100-e5fb7bd3-e807-415f-9222-0e3db1b85a4b-StreamThread-1-consumer-bad964fe-cb4f-477b-8967-8bcb86a50c26 with group instance id null; client reason: need to re-join with the given member-id: stream-state-bench-w3-latency-tumbling_count-stability_100-e5fb7bd3-e807-415f-9222-0e3db1b85a4b-StreamThread-1-consumer-bad964fe-cb4f-477b-8967-8bcb86a50c26). (org.apache.kafka.coordinator.group.GroupMetadataManager)
stream-state-bench-kafka  | [2026-07-16 09:31:17,539] INFO [GroupCoordinator id=1 topic=__consumer_offsets partition=18] Stabilized group stream-state-bench-w3-latency-tumbling_count-stability_100 generation 1 with 1 members. (org.apache.kafka.coordinator.group.GroupMetadataManager)
stream-state-bench-kafka  | [2026-07-16 09:31:17,693] INFO [ReplicaFetcherManager on broker 1] Removed fetcher for partitions Set(stream-state-bench-w3-latency-tumbling_count-stability_100-tumbling-count-store-repartition-0) (kafka.server.ReplicaFetcherManager)
stream-state-bench-kafka  | [2026-07-16 09:31:17,696] INFO [LogLoader partition=stream-state-bench-w3-latency-tumbling_count-stability_100-tumbling-count-store-repartition-0, dir=/tmp/kafka-logs] Loading producer state till offset 0 (org.apache.kafka.storage.internals.log.UnifiedLog)
stream-state-bench-kafka  | [2026-07-16 09:31:17,697] INFO Created log for partition stream-state-bench-w3-latency-tumbling_count-stability_100-tumbling-count-store-repartition-0 in /tmp/kafka-logs/stream-state-bench-w3-latency-tumbling_count-stability_100-tumbling-count-store-repartition-0 with properties {cleanup.policy=delete, message.timestamp.type="CreateTime", retention.ms=-1, segment.bytes=52428800} (kafka.log.LogManager)
stream-state-bench-kafka  | [2026-07-16 09:31:17,697] INFO [Partition stream-state-bench-w3-latency-tumbling_count-stability_100-tumbling-count-store-repartition-0 broker=1] No checkpointed highwatermark is found for partition stream-state-bench-w3-latency-tumbling_count-stability_100-tumbling-count-store-repartition-0 (kafka.cluster.Partition)
stream-state-bench-kafka  | [2026-07-16 09:31:17,697] INFO [Partition stream-state-bench-w3-latency-tumbling_count-stability_100-tumbling-count-store-repartition-0 broker=1] Log loaded for partition stream-state-bench-w3-latency-tumbling_count-stability_100-tumbling-count-store-repartition-0 with initial high watermark 0 (kafka.cluster.Partition)
stream-state-bench-kafka  | [2026-07-16 09:31:17,701] INFO [DynamicConfigPublisher broker id=1] Updating topic stream-state-bench-w3-latency-tumbling_count-stability_100-tumbling-count-store-repartition with new configuration : cleanup.policy -> delete,message.timestamp.type -> CreateTime,segment.bytes -> 52428800,retention.ms -> -1 (kafka.server.metadata.DynamicConfigPublisher)
stream-state-bench-kafka  | [2026-07-16 09:31:17,737] INFO [ReplicaFetcherManager on broker 1] Removed fetcher for partitions Set(stream-state-bench-w3-latency-tumbling_count-stability_100-KTABLE-SUPPRESS-STATE-STORE-0000000007-changelog-0, stream-state-bench-w3-latency-tumbling_count-stability_100-tumbling-count-store-changelog-0) (kafka.server.ReplicaFetcherManager)
stream-state-bench-kafka  | [2026-07-16 09:31:17,740] INFO [LogLoader partition=stream-state-bench-w3-latency-tumbling_count-stability_100-KTABLE-SUPPRESS-STATE-STORE-0000000007-changelog-0, dir=/tmp/kafka-logs] Loading producer state till offset 0 (org.apache.kafka.storage.internals.log.UnifiedLog)
stream-state-bench-kafka  | [2026-07-16 09:31:17,741] INFO Created log for partition stream-state-bench-w3-latency-tumbling_count-stability_100-KTABLE-SUPPRESS-STATE-STORE-0000000007-changelog-0 in /tmp/kafka-logs/stream-state-bench-w3-latency-tumbling_count-stability_100-KTABLE-SUPPRESS-STATE-STORE-0000000007-changelog-0 with properties {cleanup.policy=compact, message.timestamp.type="CreateTime"} (kafka.log.LogManager)
stream-state-bench-kafka  | [2026-07-16 09:31:17,741] INFO [Partition stream-state-bench-w3-latency-tumbling_count-stability_100-KTABLE-SUPPRESS-STATE-STORE-0000000007-changelog-0 broker=1] No checkpointed highwatermark is found for partition stream-state-bench-w3-latency-tumbling_count-stability_100-KTABLE-SUPPRESS-STATE-STORE-0000000007-changelog-0 (kafka.cluster.Partition)
stream-state-bench-kafka  | [2026-07-16 09:31:17,741] INFO [Partition stream-state-bench-w3-latency-tumbling_count-stability_100-KTABLE-SUPPRESS-STATE-STORE-0000000007-changelog-0 broker=1] Log loaded for partition stream-state-bench-w3-latency-tumbling_count-stability_100-KTABLE-SUPPRESS-STATE-STORE-0000000007-changelog-0 with initial high watermark 0 (kafka.cluster.Partition)
stream-state-bench-kafka  | [2026-07-16 09:31:17,747] INFO [LogLoader partition=stream-state-bench-w3-latency-tumbling_count-stability_100-tumbling-count-store-changelog-0, dir=/tmp/kafka-logs] Loading producer state till offset 0 (org.apache.kafka.storage.internals.log.UnifiedLog)
stream-state-bench-kafka  | [2026-07-16 09:31:17,748] INFO Created log for partition stream-state-bench-w3-latency-tumbling_count-stability_100-tumbling-count-store-changelog-0 in /tmp/kafka-logs/stream-state-bench-w3-latency-tumbling_count-stability_100-tumbling-count-store-changelog-0 with properties {cleanup.policy=compact,delete, message.timestamp.type="CreateTime", retention.ms=86460000} (kafka.log.LogManager)
stream-state-bench-kafka  | [2026-07-16 09:31:17,748] INFO [Partition stream-state-bench-w3-latency-tumbling_count-stability_100-tumbling-count-store-changelog-0 broker=1] No checkpointed highwatermark is found for partition stream-state-bench-w3-latency-tumbling_count-stability_100-tumbling-count-store-changelog-0 (kafka.cluster.Partition)
stream-state-bench-kafka  | [2026-07-16 09:31:17,748] INFO [Partition stream-state-bench-w3-latency-tumbling_count-stability_100-tumbling-count-store-changelog-0 broker=1] Log loaded for partition stream-state-bench-w3-latency-tumbling_count-stability_100-tumbling-count-store-changelog-0 with initial high watermark 0 (kafka.cluster.Partition)
stream-state-bench-kafka  | [2026-07-16 09:31:17,753] INFO [DynamicConfigPublisher broker id=1] Updating topic stream-state-bench-w3-latency-tumbling_count-stability_100-tumbling-count-store-changelog with new configuration : cleanup.policy -> compact,delete,message.timestamp.type -> CreateTime,retention.ms -> 86460000 (kafka.server.metadata.DynamicConfigPublisher)
stream-state-bench-kafka  | [2026-07-16 09:31:17,754] INFO [DynamicConfigPublisher broker id=1] Updating topic stream-state-bench-w3-latency-tumbling_count-stability_100-KTABLE-SUPPRESS-STATE-STORE-0000000007-changelog with new configuration : cleanup.policy -> compact,message.timestamp.type -> CreateTime (kafka.server.metadata.DynamicConfigPublisher)
stream-state-bench-kafka  | [2026-07-16 09:31:17,878] INFO [GroupCoordinator id=1 topic=__consumer_offsets partition=18] Assignment received from leader stream-state-bench-w3-latency-tumbling_count-stability_100-e5fb7bd3-e807-415f-9222-0e3db1b85a4b-StreamThread-1-consumer-bad964fe-cb4f-477b-8967-8bcb86a50c26 for group stream-state-bench-w3-latency-tumbling_count-stability_100 for generation 1. The group has 1 members, 0 of which are static. (org.apache.kafka.coordinator.group.GroupMetadataManager)
stream-state-bench-kafka  | [2026-07-16 09:31:17,915] INFO [GroupCoordinator id=1 topic=__consumer_offsets partition=18] Preparing to rebalance group stream-state-bench-w3-latency-tumbling_count-stability_100 in state PreparingRebalance with old generation 1 (reason: Leader stream-state-bench-w3-latency-tumbling_count-stability_100-e5fb7bd3-e807-415f-9222-0e3db1b85a4b-StreamThread-1-consumer-bad964fe-cb4f-477b-8967-8bcb86a50c26 re-joining group during Stable; client reason: cached metadata has changed). (org.apache.kafka.coordinator.group.GroupMetadataManager)
stream-state-bench-kafka  | [2026-07-16 09:31:17,915] INFO [GroupCoordinator id=1 topic=__consumer_offsets partition=18] Stabilized group stream-state-bench-w3-latency-tumbling_count-stability_100 generation 2 with 1 members. (org.apache.kafka.coordinator.group.GroupMetadataManager)
stream-state-bench-kafka  | [2026-07-16 09:31:17,947] INFO [GroupCoordinator id=1 topic=__consumer_offsets partition=18] Assignment received from leader stream-state-bench-w3-latency-tumbling_count-stability_100-e5fb7bd3-e807-415f-9222-0e3db1b85a4b-StreamThread-1-consumer-bad964fe-cb4f-477b-8967-8bcb86a50c26 for group stream-state-bench-w3-latency-tumbling_count-stability_100 for generation 2. The group has 1 members, 0 of which are static. (org.apache.kafka.coordinator.group.GroupMetadataManager)
stream-state-bench-kafka  | [2026-07-16 09:31:17,993] INFO Sent auto-creation request for Set(__transaction_state) to the active controller. (kafka.server.DefaultAutoTopicCreationManager)
stream-state-bench-kafka  | [2026-07-16 09:31:18,027] INFO [ReplicaFetcherManager on broker 1] Removed fetcher for partitions Set(__transaction_state-42, __transaction_state-13, __transaction_state-46, __transaction_state-17, __transaction_state-34, __transaction_state-5, __transaction_state-38, __transaction_state-9, __transaction_state-26, __transaction_state-30, __transaction_state-1, __transaction_state-18, __transaction_state-22, __transaction_state-12, __transaction_state-45, __transaction_state-16, __transaction_state-49, __transaction_state-4, __transaction_state-37, __transaction_state-8, __transaction_state-41, __transaction_state-29, __transaction_state-0, __transaction_state-33, __transaction_state-21, __transaction_state-25, __transaction_state-11, __transaction_state-44, __transaction_state-15, __transaction_state-48, __transaction_state-3, __transaction_state-36, __transaction_state-7, __transaction_state-40, __transaction_state-28, __transaction_state-32, __transaction_state-20, __transaction_state-24, __transaction_state-10, __transaction_state-43, __transaction_state-14, __transaction_state-47, __transaction_state-2, __transaction_state-35, __transaction_state-6, __transaction_state-39, __transaction_state-27, __transaction_state-31, __transaction_state-19, __transaction_state-23) (kafka.server.ReplicaFetcherManager)
stream-state-bench-kafka  | [2026-07-16 09:31:18,030] INFO [LogLoader partition=__transaction_state-42, dir=/tmp/kafka-logs] Loading producer state till offset 0 (org.apache.kafka.storage.internals.log.UnifiedLog)
stream-state-bench-kafka  | [2026-07-16 09:31:18,030] INFO Created log for partition __transaction_state-42 in /tmp/kafka-logs/__transaction_state-42 with properties {cleanup.policy=compact, compression.type="uncompressed", min.insync.replicas=1, segment.bytes=104857600, unclean.leader.election.enable=false} (kafka.log.LogManager)
stream-state-bench-kafka  | [2026-07-16 09:31:18,031] INFO [Partition __transaction_state-42 broker=1] No checkpointed highwatermark is found for partition __transaction_state-42 (kafka.cluster.Partition)
stream-state-bench-kafka  | [2026-07-16 09:31:18,031] INFO [Partition __transaction_state-42 broker=1] Log loaded for partition __transaction_state-42 with initial high watermark 0 (kafka.cluster.Partition)
stream-state-bench-kafka  | [2026-07-16 09:31:18,037] INFO [LogLoader partition=__transaction_state-13, dir=/tmp/kafka-logs] Loading producer state till offset 0 (org.apache.kafka.storage.internals.log.UnifiedLog)
stream-state-bench-kafka  | [2026-07-16 09:31:18,038] INFO Created log for partition __transaction_state-13 in /tmp/kafka-logs/__transaction_state-13 with properties {cleanup.policy=compact, compression.type="uncompressed", min.insync.replicas=1, segment.bytes=104857600, unclean.leader.election.enable=false} (kafka.log.LogManager)
stream-state-bench-kafka  | [2026-07-16 09:31:18,038] INFO [Partition __transaction_state-13 broker=1] No checkpointed highwatermark is found for partition __transaction_state-13 (kafka.cluster.Partition)
stream-state-bench-kafka  | [2026-07-16 09:31:18,038] INFO [Partition __transaction_state-13 broker=1] Log loaded for partition __transaction_state-13 with initial high watermark 0 (kafka.cluster.Partition)
stream-state-bench-kafka  | [2026-07-16 09:31:18,045] INFO [LogLoader partition=__transaction_state-46, dir=/tmp/kafka-logs] Loading producer state till offset 0 (org.apache.kafka.storage.internals.log.UnifiedLog)
stream-state-bench-kafka  | [2026-07-16 09:31:18,045] INFO Created log for partition __transaction_state-46 in /tmp/kafka-logs/__transaction_state-46 with properties {cleanup.policy=compact, compression.type="uncompressed", min.insync.replicas=1, segment.bytes=104857600, unclean.leader.election.enable=false} (kafka.log.LogManager)
stream-state-bench-kafka  | [2026-07-16 09:31:18,045] INFO [Partition __transaction_state-46 broker=1] No checkpointed highwatermark is found for partition __transaction_state-46 (kafka.cluster.Partition)
stream-state-bench-kafka  | [2026-07-16 09:31:18,045] INFO [Partition __transaction_state-46 broker=1] Log loaded for partition __transaction_state-46 with initial high watermark 0 (kafka.cluster.Partition)
stream-state-bench-kafka  | [2026-07-16 09:31:18,051] INFO [LogLoader partition=__transaction_state-17, dir=/tmp/kafka-logs] Loading producer state till offset 0 (org.apache.kafka.storage.internals.log.UnifiedLog)
stream-state-bench-kafka  | [2026-07-16 09:31:18,051] INFO Created log for partition __transaction_state-17 in /tmp/kafka-logs/__transaction_state-17 with properties {cleanup.policy=compact, compression.type="uncompressed", min.insync.replicas=1, segment.bytes=104857600, unclean.leader.election.enable=false} (kafka.log.LogManager)
stream-state-bench-kafka  | [2026-07-16 09:31:18,051] INFO [Partition __transaction_state-17 broker=1] No checkpointed highwatermark is found for partition __transaction_state-17 (kafka.cluster.Partition)
stream-state-bench-kafka  | [2026-07-16 09:31:18,051] INFO [Partition __transaction_state-17 broker=1] Log loaded for partition __transaction_state-17 with initial high watermark 0 (kafka.cluster.Partition)
stream-state-bench-kafka  | [2026-07-16 09:31:18,058] INFO [LogLoader partition=__transaction_state-34, dir=/tmp/kafka-logs] Loading producer state till offset 0 (org.apache.kafka.storage.internals.log.UnifiedLog)
stream-state-bench-kafka  | [2026-07-16 09:31:18,059] INFO Created log for partition __transaction_state-34 in /tmp/kafka-logs/__transaction_state-34 with properties {cleanup.policy=compact, compression.type="uncompressed", min.insync.replicas=1, segment.bytes=104857600, unclean.leader.election.enable=false} (kafka.log.LogManager)
stream-state-bench-kafka  | [2026-07-16 09:31:18,059] INFO [Partition __transaction_state-34 broker=1] No checkpointed highwatermark is found for partition __transaction_state-34 (kafka.cluster.Partition)
stream-state-bench-kafka  | [2026-07-16 09:31:18,059] INFO [Partition __transaction_state-34 broker=1] Log loaded for partition __transaction_state-34 with initial high watermark 0 (kafka.cluster.Partition)
stream-state-bench-kafka  | [2026-07-16 09:31:18,065] INFO [LogLoader partition=__transaction_state-5, dir=/tmp/kafka-logs] Loading producer state till offset 0 (org.apache.kafka.storage.internals.log.UnifiedLog)
stream-state-bench-kafka  | [2026-07-16 09:31:18,065] INFO Created log for partition __transaction_state-5 in /tmp/kafka-logs/__transaction_state-5 with properties {cleanup.policy=compact, compression.type="uncompressed", min.insync.replicas=1, segment.bytes=104857600, unclean.leader.election.enable=false} (kafka.log.LogManager)
stream-state-bench-kafka  | [2026-07-16 09:31:18,065] INFO [Partition __transaction_state-5 broker=1] No checkpointed highwatermark is found for partition __transaction_state-5 (kafka.cluster.Partition)
stream-state-bench-kafka  | [2026-07-16 09:31:18,065] INFO [Partition __transaction_state-5 broker=1] Log loaded for partition __transaction_state-5 with initial high watermark 0 (kafka.cluster.Partition)
stream-state-bench-kafka  | [2026-07-16 09:31:18,074] INFO [LogLoader partition=__transaction_state-38, dir=/tmp/kafka-logs] Loading producer state till offset 0 (org.apache.kafka.storage.internals.log.UnifiedLog)
stream-state-bench-kafka  | [2026-07-16 09:31:18,074] INFO Created log for partition __transaction_state-38 in /tmp/kafka-logs/__transaction_state-38 with properties {cleanup.policy=compact, compression.type="uncompressed", min.insync.replicas=1, segment.bytes=104857600, unclean.leader.election.enable=false} (kafka.log.LogManager)
stream-state-bench-kafka  | [2026-07-16 09:31:18,074] INFO [Partition __transaction_state-38 broker=1] No checkpointed highwatermark is found for partition __transaction_state-38 (kafka.cluster.Partition)
stream-state-bench-kafka  | [2026-07-16 09:31:18,074] INFO [Partition __transaction_state-38 broker=1] Log loaded for partition __transaction_state-38 with initial high watermark 0 (kafka.cluster.Partition)
stream-state-bench-kafka  | [2026-07-16 09:31:18,081] INFO [LogLoader partition=__transaction_state-9, dir=/tmp/kafka-logs] Loading producer state till offset 0 (org.apache.kafka.storage.internals.log.UnifiedLog)
stream-state-bench-kafka  | [2026-07-16 09:31:18,082] INFO Created log for partition __transaction_state-9 in /tmp/kafka-logs/__transaction_state-9 with properties {cleanup.policy=compact, compression.type="uncompressed", min.insync.replicas=1, segment.bytes=104857600, unclean.leader.election.enable=false} (kafka.log.LogManager)
stream-state-bench-kafka  | [2026-07-16 09:31:18,082] INFO [Partition __transaction_state-9 broker=1] No checkpointed highwatermark is found for partition __transaction_state-9 (kafka.cluster.Partition)
stream-state-bench-kafka  | [2026-07-16 09:31:18,082] INFO [Partition __transaction_state-9 broker=1] Log loaded for partition __transaction_state-9 with initial high watermark 0 (kafka.cluster.Partition)
stream-state-bench-kafka  | [2026-07-16 09:31:18,088] INFO [LogLoader partition=__transaction_state-26, dir=/tmp/kafka-logs] Loading producer state till offset 0 (org.apache.kafka.storage.internals.log.UnifiedLog)
stream-state-bench-kafka  | [2026-07-16 09:31:18,089] INFO Created log for partition __transaction_state-26 in /tmp/kafka-logs/__transaction_state-26 with properties {cleanup.policy=compact, compression.type="uncompressed", min.insync.replicas=1, segment.bytes=104857600, unclean.leader.election.enable=false} (kafka.log.LogManager)
stream-state-bench-kafka  | [2026-07-16 09:31:18,089] INFO [Partition __transaction_state-26 broker=1] No checkpointed highwatermark is found for partition __transaction_state-26 (kafka.cluster.Partition)
stream-state-bench-kafka  | [2026-07-16 09:31:18,089] INFO [Partition __transaction_state-26 broker=1] Log loaded for partition __transaction_state-26 with initial high watermark 0 (kafka.cluster.Partition)
stream-state-bench-kafka  | [2026-07-16 09:31:18,094] INFO [LogLoader partition=__transaction_state-30, dir=/tmp/kafka-logs] Loading producer state till offset 0 (org.apache.kafka.storage.internals.log.UnifiedLog)
stream-state-bench-kafka  | [2026-07-16 09:31:18,095] INFO Created log for partition __transaction_state-30 in /tmp/kafka-logs/__transaction_state-30 with properties {cleanup.policy=compact, compression.type="uncompressed", min.insync.replicas=1, segment.bytes=104857600, unclean.leader.election.enable=false} (kafka.log.LogManager)
stream-state-bench-kafka  | [2026-07-16 09:31:18,095] INFO [Partition __transaction_state-30 broker=1] No checkpointed highwatermark is found for partition __transaction_state-30 (kafka.cluster.Partition)
stream-state-bench-kafka  | [2026-07-16 09:31:18,095] INFO [Partition __transaction_state-30 broker=1] Log loaded for partition __transaction_state-30 with initial high watermark 0 (kafka.cluster.Partition)
stream-state-bench-kafka  | [2026-07-16 09:31:18,101] INFO [LogLoader partition=__transaction_state-1, dir=/tmp/kafka-logs] Loading producer state till offset 0 (org.apache.kafka.storage.internals.log.UnifiedLog)
stream-state-bench-kafka  | [2026-07-16 09:31:18,101] INFO Created log for partition __transaction_state-1 in /tmp/kafka-logs/__transaction_state-1 with properties {cleanup.policy=compact, compression.type="uncompressed", min.insync.replicas=1, segment.bytes=104857600, unclean.leader.election.enable=false} (kafka.log.LogManager)
stream-state-bench-kafka  | [2026-07-16 09:31:18,101] INFO [Partition __transaction_state-1 broker=1] No checkpointed highwatermark is found for partition __transaction_state-1 (kafka.cluster.Partition)
stream-state-bench-kafka  | [2026-07-16 09:31:18,101] INFO [Partition __transaction_state-1 broker=1] Log loaded for partition __transaction_state-1 with initial high watermark 0 (kafka.cluster.Partition)
stream-state-bench-kafka  | [2026-07-16 09:31:18,107] INFO [LogLoader partition=__transaction_state-18, dir=/tmp/kafka-logs] Loading producer state till offset 0 (org.apache.kafka.storage.internals.log.UnifiedLog)
stream-state-bench-kafka  | [2026-07-16 09:31:18,108] INFO Created log for partition __transaction_state-18 in /tmp/kafka-logs/__transaction_state-18 with properties {cleanup.policy=compact, compression.type="uncompressed", min.insync.replicas=1, segment.bytes=104857600, unclean.leader.election.enable=false} (kafka.log.LogManager)
stream-state-bench-kafka  | [2026-07-16 09:31:18,108] INFO [Partition __transaction_state-18 broker=1] No checkpointed highwatermark is found for partition __transaction_state-18 (kafka.cluster.Partition)
stream-state-bench-kafka  | [2026-07-16 09:31:18,108] INFO [Partition __transaction_state-18 broker=1] Log loaded for partition __transaction_state-18 with initial high watermark 0 (kafka.cluster.Partition)
stream-state-bench-kafka  | [2026-07-16 09:31:18,113] INFO [LogLoader partition=__transaction_state-22, dir=/tmp/kafka-logs] Loading producer state till offset 0 (org.apache.kafka.storage.internals.log.UnifiedLog)
stream-state-bench-kafka  | [2026-07-16 09:31:18,114] INFO Created log for partition __transaction_state-22 in /tmp/kafka-logs/__transaction_state-22 with properties {cleanup.policy=compact, compression.type="uncompressed", min.insync.replicas=1, segment.bytes=104857600, unclean.leader.election.enable=false} (kafka.log.LogManager)
stream-state-bench-kafka  | [2026-07-16 09:31:18,114] INFO [Partition __transaction_state-22 broker=1] No checkpointed highwatermark is found for partition __transaction_state-22 (kafka.cluster.Partition)
stream-state-bench-kafka  | [2026-07-16 09:31:18,114] INFO [Partition __transaction_state-22 broker=1] Log loaded for partition __transaction_state-22 with initial high watermark 0 (kafka.cluster.Partition)
stream-state-bench-kafka  | [2026-07-16 09:31:18,120] INFO [LogLoader partition=__transaction_state-12, dir=/tmp/kafka-logs] Loading producer state till offset 0 (org.apache.kafka.storage.internals.log.UnifiedLog)
stream-state-bench-kafka  | [2026-07-16 09:31:18,120] INFO Created log for partition __transaction_state-12 in /tmp/kafka-logs/__transaction_state-12 with properties {cleanup.policy=compact, compression.type="uncompressed", min.insync.replicas=1, segment.bytes=104857600, unclean.leader.election.enable=false} (kafka.log.LogManager)
stream-state-bench-kafka  | [2026-07-16 09:31:18,120] INFO [Partition __transaction_state-12 broker=1] No checkpointed highwatermark is found for partition __transaction_state-12 (kafka.cluster.Partition)
stream-state-bench-kafka  | [2026-07-16 09:31:18,120] INFO [Partition __transaction_state-12 broker=1] Log loaded for partition __transaction_state-12 with initial high watermark 0 (kafka.cluster.Partition)
stream-state-bench-kafka  | [2026-07-16 09:31:18,126] INFO [LogLoader partition=__transaction_state-45, dir=/tmp/kafka-logs] Loading producer state till offset 0 (org.apache.kafka.storage.internals.log.UnifiedLog)
stream-state-bench-kafka  | [2026-07-16 09:31:18,127] INFO Created log for partition __transaction_state-45 in /tmp/kafka-logs/__transaction_state-45 with properties {cleanup.policy=compact, compression.type="uncompressed", min.insync.replicas=1, segment.bytes=104857600, unclean.leader.election.enable=false} (kafka.log.LogManager)
stream-state-bench-kafka  | [2026-07-16 09:31:18,127] INFO [Partition __transaction_state-45 broker=1] No checkpointed highwatermark is found for partition __transaction_state-45 (kafka.cluster.Partition)
stream-state-bench-kafka  | [2026-07-16 09:31:18,127] INFO [Partition __transaction_state-45 broker=1] Log loaded for partition __transaction_state-45 with initial high watermark 0 (kafka.cluster.Partition)
stream-state-bench-kafka  | [2026-07-16 09:31:18,132] INFO [LogLoader partition=__transaction_state-16, dir=/tmp/kafka-logs] Loading producer state till offset 0 (org.apache.kafka.storage.internals.log.UnifiedLog)
stream-state-bench-kafka  | [2026-07-16 09:31:18,133] INFO Created log for partition __transaction_state-16 in /tmp/kafka-logs/__transaction_state-16 with properties {cleanup.policy=compact, compression.type="uncompressed", min.insync.replicas=1, segment.bytes=104857600, unclean.leader.election.enable=false} (kafka.log.LogManager)
stream-state-bench-kafka  | [2026-07-16 09:31:18,133] INFO [Partition __transaction_state-16 broker=1] No checkpointed highwatermark is found for partition __transaction_state-16 (kafka.cluster.Partition)
stream-state-bench-kafka  | [2026-07-16 09:31:18,133] INFO [Partition __transaction_state-16 broker=1] Log loaded for partition __transaction_state-16 with initial high watermark 0 (kafka.cluster.Partition)
stream-state-bench-kafka  | [2026-07-16 09:31:18,139] INFO [LogLoader partition=__transaction_state-49, dir=/tmp/kafka-logs] Loading producer state till offset 0 (org.apache.kafka.storage.internals.log.UnifiedLog)
stream-state-bench-kafka  | [2026-07-16 09:31:18,139] INFO Created log for partition __transaction_state-49 in /tmp/kafka-logs/__transaction_state-49 with properties {cleanup.policy=compact, compression.type="uncompressed", min.insync.replicas=1, segment.bytes=104857600, unclean.leader.election.enable=false} (kafka.log.LogManager)
stream-state-bench-kafka  | [2026-07-16 09:31:18,139] INFO [Partition __transaction_state-49 broker=1] No checkpointed highwatermark is found for partition __transaction_state-49 (kafka.cluster.Partition)
stream-state-bench-kafka  | [2026-07-16 09:31:18,139] INFO [Partition __transaction_state-49 broker=1] Log loaded for partition __transaction_state-49 with initial high watermark 0 (kafka.cluster.Partition)
stream-state-bench-kafka  | [2026-07-16 09:31:18,145] INFO [LogLoader partition=__transaction_state-4, dir=/tmp/kafka-logs] Loading producer state till offset 0 (org.apache.kafka.storage.internals.log.UnifiedLog)
stream-state-bench-kafka  | [2026-07-16 09:31:18,146] INFO Created log for partition __transaction_state-4 in /tmp/kafka-logs/__transaction_state-4 with properties {cleanup.policy=compact, compression.type="uncompressed", min.insync.replicas=1, segment.bytes=104857600, unclean.leader.election.enable=false} (kafka.log.LogManager)
stream-state-bench-kafka  | [2026-07-16 09:31:18,146] INFO [Partition __transaction_state-4 broker=1] No checkpointed highwatermark is found for partition __transaction_state-4 (kafka.cluster.Partition)
stream-state-bench-kafka  | [2026-07-16 09:31:18,146] INFO [Partition __transaction_state-4 broker=1] Log loaded for partition __transaction_state-4 with initial high watermark 0 (kafka.cluster.Partition)
stream-state-bench-kafka  | [2026-07-16 09:31:18,156] INFO [LogLoader partition=__transaction_state-37, dir=/tmp/kafka-logs] Loading producer state till offset 0 (org.apache.kafka.storage.internals.log.UnifiedLog)
stream-state-bench-kafka  | [2026-07-16 09:31:18,157] INFO Created log for partition __transaction_state-37 in /tmp/kafka-logs/__transaction_state-37 with properties {cleanup.policy=compact, compression.type="uncompressed", min.insync.replicas=1, segment.bytes=104857600, unclean.leader.election.enable=false} (kafka.log.LogManager)
stream-state-bench-kafka  | [2026-07-16 09:31:18,157] INFO [Partition __transaction_state-37 broker=1] No checkpointed highwatermark is found for partition __transaction_state-37 (kafka.cluster.Partition)
stream-state-bench-kafka  | [2026-07-16 09:31:18,157] INFO [Partition __transaction_state-37 broker=1] Log loaded for partition __transaction_state-37 with initial high watermark 0 (kafka.cluster.Partition)
stream-state-bench-kafka  | [2026-07-16 09:31:18,163] INFO [LogLoader partition=__transaction_state-8, dir=/tmp/kafka-logs] Loading producer state till offset 0 (org.apache.kafka.storage.internals.log.UnifiedLog)
stream-state-bench-kafka  | [2026-07-16 09:31:18,164] INFO Created log for partition __transaction_state-8 in /tmp/kafka-logs/__transaction_state-8 with properties {cleanup.policy=compact, compression.type="uncompressed", min.insync.replicas=1, segment.bytes=104857600, unclean.leader.election.enable=false} (kafka.log.LogManager)
stream-state-bench-kafka  | [2026-07-16 09:31:18,164] INFO [Partition __transaction_state-8 broker=1] No checkpointed highwatermark is found for partition __transaction_state-8 (kafka.cluster.Partition)
stream-state-bench-kafka  | [2026-07-16 09:31:18,164] INFO [Partition __transaction_state-8 broker=1] Log loaded for partition __transaction_state-8 with initial high watermark 0 (kafka.cluster.Partition)
stream-state-bench-kafka  | [2026-07-16 09:31:18,170] INFO [LogLoader partition=__transaction_state-41, dir=/tmp/kafka-logs] Loading producer state till offset 0 (org.apache.kafka.storage.internals.log.UnifiedLog)
stream-state-bench-kafka  | [2026-07-16 09:31:18,171] INFO Created log for partition __transaction_state-41 in /tmp/kafka-logs/__transaction_state-41 with properties {cleanup.policy=compact, compression.type="uncompressed", min.insync.replicas=1, segment.bytes=104857600, unclean.leader.election.enable=false} (kafka.log.LogManager)
stream-state-bench-kafka  | [2026-07-16 09:31:18,171] INFO [Partition __transaction_state-41 broker=1] No checkpointed highwatermark is found for partition __transaction_state-41 (kafka.cluster.Partition)
stream-state-bench-kafka  | [2026-07-16 09:31:18,171] INFO [Partition __transaction_state-41 broker=1] Log loaded for partition __transaction_state-41 with initial high watermark 0 (kafka.cluster.Partition)
stream-state-bench-kafka  | [2026-07-16 09:31:18,178] INFO [LogLoader partition=__transaction_state-29, dir=/tmp/kafka-logs] Loading producer state till offset 0 (org.apache.kafka.storage.internals.log.UnifiedLog)
stream-state-bench-kafka  | [2026-07-16 09:31:18,178] INFO Created log for partition __transaction_state-29 in /tmp/kafka-logs/__transaction_state-29 with properties {cleanup.policy=compact, compression.type="uncompressed", min.insync.replicas=1, segment.bytes=104857600, unclean.leader.election.enable=false} (kafka.log.LogManager)
stream-state-bench-kafka  | [2026-07-16 09:31:18,178] INFO [Partition __transaction_state-29 broker=1] No checkpointed highwatermark is found for partition __transaction_state-29 (kafka.cluster.Partition)
stream-state-bench-kafka  | [2026-07-16 09:31:18,178] INFO [Partition __transaction_state-29 broker=1] Log loaded for partition __transaction_state-29 with initial high watermark 0 (kafka.cluster.Partition)
stream-state-bench-kafka  | [2026-07-16 09:31:18,184] INFO [LogLoader partition=__transaction_state-0, dir=/tmp/kafka-logs] Loading producer state till offset 0 (org.apache.kafka.storage.internals.log.UnifiedLog)
stream-state-bench-kafka  | [2026-07-16 09:31:18,185] INFO Created log for partition __transaction_state-0 in /tmp/kafka-logs/__transaction_state-0 with properties {cleanup.policy=compact, compression.type="uncompressed", min.insync.replicas=1, segment.bytes=104857600, unclean.leader.election.enable=false} (kafka.log.LogManager)
stream-state-bench-kafka  | [2026-07-16 09:31:18,185] INFO [Partition __transaction_state-0 broker=1] No checkpointed highwatermark is found for partition __transaction_state-0 (kafka.cluster.Partition)
stream-state-bench-kafka  | [2026-07-16 09:31:18,185] INFO [Partition __transaction_state-0 broker=1] Log loaded for partition __transaction_state-0 with initial high watermark 0 (kafka.cluster.Partition)
stream-state-bench-kafka  | [2026-07-16 09:31:18,210] INFO [LogLoader partition=__transaction_state-33, dir=/tmp/kafka-logs] Loading producer state till offset 0 (org.apache.kafka.storage.internals.log.UnifiedLog)
stream-state-bench-kafka  | [2026-07-16 09:31:18,210] INFO Created log for partition __transaction_state-33 in /tmp/kafka-logs/__transaction_state-33 with properties {cleanup.policy=compact, compression.type="uncompressed", min.insync.replicas=1, segment.bytes=104857600, unclean.leader.election.enable=false} (kafka.log.LogManager)
stream-state-bench-kafka  | [2026-07-16 09:31:18,210] INFO [Partition __transaction_state-33 broker=1] No checkpointed highwatermark is found for partition __transaction_state-33 (kafka.cluster.Partition)
stream-state-bench-kafka  | [2026-07-16 09:31:18,210] INFO [Partition __transaction_state-33 broker=1] Log loaded for partition __transaction_state-33 with initial high watermark 0 (kafka.cluster.Partition)
stream-state-bench-kafka  | [2026-07-16 09:31:18,216] INFO [LogLoader partition=__transaction_state-21, dir=/tmp/kafka-logs] Loading producer state till offset 0 (org.apache.kafka.storage.internals.log.UnifiedLog)
stream-state-bench-kafka  | [2026-07-16 09:31:18,216] INFO Created log for partition __transaction_state-21 in /tmp/kafka-logs/__transaction_state-21 with properties {cleanup.policy=compact, compression.type="uncompressed", min.insync.replicas=1, segment.bytes=104857600, unclean.leader.election.enable=false} (kafka.log.LogManager)
stream-state-bench-kafka  | [2026-07-16 09:31:18,217] INFO [Partition __transaction_state-21 broker=1] No checkpointed highwatermark is found for partition __transaction_state-21 (kafka.cluster.Partition)
stream-state-bench-kafka  | [2026-07-16 09:31:18,217] INFO [Partition __transaction_state-21 broker=1] Log loaded for partition __transaction_state-21 with initial high watermark 0 (kafka.cluster.Partition)
stream-state-bench-kafka  | [2026-07-16 09:31:18,223] INFO [LogLoader partition=__transaction_state-25, dir=/tmp/kafka-logs] Loading producer state till offset 0 (org.apache.kafka.storage.internals.log.UnifiedLog)
stream-state-bench-kafka  | [2026-07-16 09:31:18,223] INFO Created log for partition __transaction_state-25 in /tmp/kafka-logs/__transaction_state-25 with properties {cleanup.policy=compact, compression.type="uncompressed", min.insync.replicas=1, segment.bytes=104857600, unclean.leader.election.enable=false} (kafka.log.LogManager)
stream-state-bench-kafka  | [2026-07-16 09:31:18,223] INFO [Partition __transaction_state-25 broker=1] No checkpointed highwatermark is found for partition __transaction_state-25 (kafka.cluster.Partition)
stream-state-bench-kafka  | [2026-07-16 09:31:18,223] INFO [Partition __transaction_state-25 broker=1] Log loaded for partition __transaction_state-25 with initial high watermark 0 (kafka.cluster.Partition)
stream-state-bench-kafka  | [2026-07-16 09:31:18,230] INFO [LogLoader partition=__transaction_state-11, dir=/tmp/kafka-logs] Loading producer state till offset 0 (org.apache.kafka.storage.internals.log.UnifiedLog)
stream-state-bench-kafka  | [2026-07-16 09:31:18,230] INFO Created log for partition __transaction_state-11 in /tmp/kafka-logs/__transaction_state-11 with properties {cleanup.policy=compact, compression.type="uncompressed", min.insync.replicas=1, segment.bytes=104857600, unclean.leader.election.enable=false} (kafka.log.LogManager)
stream-state-bench-kafka  | [2026-07-16 09:31:18,230] INFO [Partition __transaction_state-11 broker=1] No checkpointed highwatermark is found for partition __transaction_state-11 (kafka.cluster.Partition)
stream-state-bench-kafka  | [2026-07-16 09:31:18,230] INFO [Partition __transaction_state-11 broker=1] Log loaded for partition __transaction_state-11 with initial high watermark 0 (kafka.cluster.Partition)
stream-state-bench-kafka  | [2026-07-16 09:31:18,235] INFO [LogLoader partition=__transaction_state-44, dir=/tmp/kafka-logs] Loading producer state till offset 0 (org.apache.kafka.storage.internals.log.UnifiedLog)
stream-state-bench-kafka  | [2026-07-16 09:31:18,235] INFO Created log for partition __transaction_state-44 in /tmp/kafka-logs/__transaction_state-44 with properties {cleanup.policy=compact, compression.type="uncompressed", min.insync.replicas=1, segment.bytes=104857600, unclean.leader.election.enable=false} (kafka.log.LogManager)
stream-state-bench-kafka  | [2026-07-16 09:31:18,236] INFO [Partition __transaction_state-44 broker=1] No checkpointed highwatermark is found for partition __transaction_state-44 (kafka.cluster.Partition)
stream-state-bench-kafka  | [2026-07-16 09:31:18,236] INFO [Partition __transaction_state-44 broker=1] Log loaded for partition __transaction_state-44 with initial high watermark 0 (kafka.cluster.Partition)
stream-state-bench-kafka  | [2026-07-16 09:31:18,241] INFO [LogLoader partition=__transaction_state-15, dir=/tmp/kafka-logs] Loading producer state till offset 0 (org.apache.kafka.storage.internals.log.UnifiedLog)
stream-state-bench-kafka  | [2026-07-16 09:31:18,241] INFO Created log for partition __transaction_state-15 in /tmp/kafka-logs/__transaction_state-15 with properties {cleanup.policy=compact, compression.type="uncompressed", min.insync.replicas=1, segment.bytes=104857600, unclean.leader.election.enable=false} (kafka.log.LogManager)
stream-state-bench-kafka  | [2026-07-16 09:31:18,241] INFO [Partition __transaction_state-15 broker=1] No checkpointed highwatermark is found for partition __transaction_state-15 (kafka.cluster.Partition)
stream-state-bench-kafka  | [2026-07-16 09:31:18,242] INFO [Partition __transaction_state-15 broker=1] Log loaded for partition __transaction_state-15 with initial high watermark 0 (kafka.cluster.Partition)
stream-state-bench-kafka  | [2026-07-16 09:31:18,248] INFO [LogLoader partition=__transaction_state-48, dir=/tmp/kafka-logs] Loading producer state till offset 0 (org.apache.kafka.storage.internals.log.UnifiedLog)
stream-state-bench-kafka  | [2026-07-16 09:31:18,248] INFO Created log for partition __transaction_state-48 in /tmp/kafka-logs/__transaction_state-48 with properties {cleanup.policy=compact, compression.type="uncompressed", min.insync.replicas=1, segment.bytes=104857600, unclean.leader.election.enable=false} (kafka.log.LogManager)
stream-state-bench-kafka  | [2026-07-16 09:31:18,248] INFO [Partition __transaction_state-48 broker=1] No checkpointed highwatermark is found for partition __transaction_state-48 (kafka.cluster.Partition)
stream-state-bench-kafka  | [2026-07-16 09:31:18,249] INFO [Partition __transaction_state-48 broker=1] Log loaded for partition __transaction_state-48 with initial high watermark 0 (kafka.cluster.Partition)
stream-state-bench-kafka  | [2026-07-16 09:31:18,258] INFO [LogLoader partition=__transaction_state-3, dir=/tmp/kafka-logs] Loading producer state till offset 0 (org.apache.kafka.storage.internals.log.UnifiedLog)
stream-state-bench-kafka  | [2026-07-16 09:31:18,259] INFO Created log for partition __transaction_state-3 in /tmp/kafka-logs/__transaction_state-3 with properties {cleanup.policy=compact, compression.type="uncompressed", min.insync.replicas=1, segment.bytes=104857600, unclean.leader.election.enable=false} (kafka.log.LogManager)
stream-state-bench-kafka  | [2026-07-16 09:31:18,259] INFO [Partition __transaction_state-3 broker=1] No checkpointed highwatermark is found for partition __transaction_state-3 (kafka.cluster.Partition)
stream-state-bench-kafka  | [2026-07-16 09:31:18,259] INFO [Partition __transaction_state-3 broker=1] Log loaded for partition __transaction_state-3 with initial high watermark 0 (kafka.cluster.Partition)
stream-state-bench-kafka  | [2026-07-16 09:31:18,265] INFO [LogLoader partition=__transaction_state-36, dir=/tmp/kafka-logs] Loading producer state till offset 0 (org.apache.kafka.storage.internals.log.UnifiedLog)
stream-state-bench-kafka  | [2026-07-16 09:31:18,266] INFO Created log for partition __transaction_state-36 in /tmp/kafka-logs/__transaction_state-36 with properties {cleanup.policy=compact, compression.type="uncompressed", min.insync.replicas=1, segment.bytes=104857600, unclean.leader.election.enable=false} (kafka.log.LogManager)
stream-state-bench-kafka  | [2026-07-16 09:31:18,266] INFO [Partition __transaction_state-36 broker=1] No checkpointed highwatermark is found for partition __transaction_state-36 (kafka.cluster.Partition)
stream-state-bench-kafka  | [2026-07-16 09:31:18,266] INFO [Partition __transaction_state-36 broker=1] Log loaded for partition __transaction_state-36 with initial high watermark 0 (kafka.cluster.Partition)
stream-state-bench-kafka  | [2026-07-16 09:31:18,272] INFO [LogLoader partition=__transaction_state-7, dir=/tmp/kafka-logs] Loading producer state till offset 0 (org.apache.kafka.storage.internals.log.UnifiedLog)
stream-state-bench-kafka  | [2026-07-16 09:31:18,272] INFO Created log for partition __transaction_state-7 in /tmp/kafka-logs/__transaction_state-7 with properties {cleanup.policy=compact, compression.type="uncompressed", min.insync.replicas=1, segment.bytes=104857600, unclean.leader.election.enable=false} (kafka.log.LogManager)
stream-state-bench-kafka  | [2026-07-16 09:31:18,272] INFO [Partition __transaction_state-7 broker=1] No checkpointed highwatermark is found for partition __transaction_state-7 (kafka.cluster.Partition)
stream-state-bench-kafka  | [2026-07-16 09:31:18,272] INFO [Partition __transaction_state-7 broker=1] Log loaded for partition __transaction_state-7 with initial high watermark 0 (kafka.cluster.Partition)
stream-state-bench-kafka  | [2026-07-16 09:31:18,278] INFO [LogLoader partition=__transaction_state-40, dir=/tmp/kafka-logs] Loading producer state till offset 0 (org.apache.kafka.storage.internals.log.UnifiedLog)
stream-state-bench-kafka  | [2026-07-16 09:31:18,279] INFO Created log for partition __transaction_state-40 in /tmp/kafka-logs/__transaction_state-40 with properties {cleanup.policy=compact, compression.type="uncompressed", min.insync.replicas=1, segment.bytes=104857600, unclean.leader.election.enable=false} (kafka.log.LogManager)
stream-state-bench-kafka  | [2026-07-16 09:31:18,279] INFO [Partition __transaction_state-40 broker=1] No checkpointed highwatermark is found for partition __transaction_state-40 (kafka.cluster.Partition)
stream-state-bench-kafka  | [2026-07-16 09:31:18,279] INFO [Partition __transaction_state-40 broker=1] Log loaded for partition __transaction_state-40 with initial high watermark 0 (kafka.cluster.Partition)
stream-state-bench-kafka  | [2026-07-16 09:31:18,285] INFO [LogLoader partition=__transaction_state-28, dir=/tmp/kafka-logs] Loading producer state till offset 0 (org.apache.kafka.storage.internals.log.UnifiedLog)
stream-state-bench-kafka  | [2026-07-16 09:31:18,286] INFO Created log for partition __transaction_state-28 in /tmp/kafka-logs/__transaction_state-28 with properties {cleanup.policy=compact, compression.type="uncompressed", min.insync.replicas=1, segment.bytes=104857600, unclean.leader.election.enable=false} (kafka.log.LogManager)
stream-state-bench-kafka  | [2026-07-16 09:31:18,286] INFO [Partition __transaction_state-28 broker=1] No checkpointed highwatermark is found for partition __transaction_state-28 (kafka.cluster.Partition)
stream-state-bench-kafka  | [2026-07-16 09:31:18,286] INFO [Partition __transaction_state-28 broker=1] Log loaded for partition __transaction_state-28 with initial high watermark 0 (kafka.cluster.Partition)
stream-state-bench-kafka  | [2026-07-16 09:31:18,292] INFO [LogLoader partition=__transaction_state-32, dir=/tmp/kafka-logs] Loading producer state till offset 0 (org.apache.kafka.storage.internals.log.UnifiedLog)
stream-state-bench-kafka  | [2026-07-16 09:31:18,292] INFO Created log for partition __transaction_state-32 in /tmp/kafka-logs/__transaction_state-32 with properties {cleanup.policy=compact, compression.type="uncompressed", min.insync.replicas=1, segment.bytes=104857600, unclean.leader.election.enable=false} (kafka.log.LogManager)
stream-state-bench-kafka  | [2026-07-16 09:31:18,293] INFO [Partition __transaction_state-32 broker=1] No checkpointed highwatermark is found for partition __transaction_state-32 (kafka.cluster.Partition)
stream-state-bench-kafka  | [2026-07-16 09:31:18,293] INFO [Partition __transaction_state-32 broker=1] Log loaded for partition __transaction_state-32 with initial high watermark 0 (kafka.cluster.Partition)
stream-state-bench-kafka  | [2026-07-16 09:31:18,298] INFO [LogLoader partition=__transaction_state-20, dir=/tmp/kafka-logs] Loading producer state till offset 0 (org.apache.kafka.storage.internals.log.UnifiedLog)
stream-state-bench-kafka  | [2026-07-16 09:31:18,298] INFO Created log for partition __transaction_state-20 in /tmp/kafka-logs/__transaction_state-20 with properties {cleanup.policy=compact, compression.type="uncompressed", min.insync.replicas=1, segment.bytes=104857600, unclean.leader.election.enable=false} (kafka.log.LogManager)
stream-state-bench-kafka  | [2026-07-16 09:31:18,298] INFO [Partition __transaction_state-20 broker=1] No checkpointed highwatermark is found for partition __transaction_state-20 (kafka.cluster.Partition)
stream-state-bench-kafka  | [2026-07-16 09:31:18,298] INFO [Partition __transaction_state-20 broker=1] Log loaded for partition __transaction_state-20 with initial high watermark 0 (kafka.cluster.Partition)
stream-state-bench-kafka  | [2026-07-16 09:31:18,304] INFO [LogLoader partition=__transaction_state-24, dir=/tmp/kafka-logs] Loading producer state till offset 0 (org.apache.kafka.storage.internals.log.UnifiedLog)
stream-state-bench-kafka  | [2026-07-16 09:31:18,305] INFO Created log for partition __transaction_state-24 in /tmp/kafka-logs/__transaction_state-24 with properties {cleanup.policy=compact, compression.type="uncompressed", min.insync.replicas=1, segment.bytes=104857600, unclean.leader.election.enable=false} (kafka.log.LogManager)
stream-state-bench-kafka  | [2026-07-16 09:31:18,305] INFO [Partition __transaction_state-24 broker=1] No checkpointed highwatermark is found for partition __transaction_state-24 (kafka.cluster.Partition)
stream-state-bench-kafka  | [2026-07-16 09:31:18,305] INFO [Partition __transaction_state-24 broker=1] Log loaded for partition __transaction_state-24 with initial high watermark 0 (kafka.cluster.Partition)
stream-state-bench-kafka  | [2026-07-16 09:31:18,312] INFO [LogLoader partition=__transaction_state-10, dir=/tmp/kafka-logs] Loading producer state till offset 0 (org.apache.kafka.storage.internals.log.UnifiedLog)
stream-state-bench-kafka  | [2026-07-16 09:31:18,312] INFO Created log for partition __transaction_state-10 in /tmp/kafka-logs/__transaction_state-10 with properties {cleanup.policy=compact, compression.type="uncompressed", min.insync.replicas=1, segment.bytes=104857600, unclean.leader.election.enable=false} (kafka.log.LogManager)
stream-state-bench-kafka  | [2026-07-16 09:31:18,313] INFO [Partition __transaction_state-10 broker=1] No checkpointed highwatermark is found for partition __transaction_state-10 (kafka.cluster.Partition)
stream-state-bench-kafka  | [2026-07-16 09:31:18,313] INFO [Partition __transaction_state-10 broker=1] Log loaded for partition __transaction_state-10 with initial high watermark 0 (kafka.cluster.Partition)
stream-state-bench-kafka  | [2026-07-16 09:31:18,319] INFO [LogLoader partition=__transaction_state-43, dir=/tmp/kafka-logs] Loading producer state till offset 0 (org.apache.kafka.storage.internals.log.UnifiedLog)
stream-state-bench-kafka  | [2026-07-16 09:31:18,320] INFO Created log for partition __transaction_state-43 in /tmp/kafka-logs/__transaction_state-43 with properties {cleanup.policy=compact, compression.type="uncompressed", min.insync.replicas=1, segment.bytes=104857600, unclean.leader.election.enable=false} (kafka.log.LogManager)
stream-state-bench-kafka  | [2026-07-16 09:31:18,320] INFO [Partition __transaction_state-43 broker=1] No checkpointed highwatermark is found for partition __transaction_state-43 (kafka.cluster.Partition)
stream-state-bench-kafka  | [2026-07-16 09:31:18,320] INFO [Partition __transaction_state-43 broker=1] Log loaded for partition __transaction_state-43 with initial high watermark 0 (kafka.cluster.Partition)
stream-state-bench-kafka  | [2026-07-16 09:31:18,327] INFO [LogLoader partition=__transaction_state-14, dir=/tmp/kafka-logs] Loading producer state till offset 0 (org.apache.kafka.storage.internals.log.UnifiedLog)
stream-state-bench-kafka  | [2026-07-16 09:31:18,328] INFO Created log for partition __transaction_state-14 in /tmp/kafka-logs/__transaction_state-14 with properties {cleanup.policy=compact, compression.type="uncompressed", min.insync.replicas=1, segment.bytes=104857600, unclean.leader.election.enable=false} (kafka.log.LogManager)
stream-state-bench-kafka  | [2026-07-16 09:31:18,328] INFO [Partition __transaction_state-14 broker=1] No checkpointed highwatermark is found for partition __transaction_state-14 (kafka.cluster.Partition)
stream-state-bench-kafka  | [2026-07-16 09:31:18,328] INFO [Partition __transaction_state-14 broker=1] Log loaded for partition __transaction_state-14 with initial high watermark 0 (kafka.cluster.Partition)
stream-state-bench-kafka  | [2026-07-16 09:31:18,334] INFO [LogLoader partition=__transaction_state-47, dir=/tmp/kafka-logs] Loading producer state till offset 0 (org.apache.kafka.storage.internals.log.UnifiedLog)
stream-state-bench-kafka  | [2026-07-16 09:31:18,335] INFO Created log for partition __transaction_state-47 in /tmp/kafka-logs/__transaction_state-47 with properties {cleanup.policy=compact, compression.type="uncompressed", min.insync.replicas=1, segment.bytes=104857600, unclean.leader.election.enable=false} (kafka.log.LogManager)
stream-state-bench-kafka  | [2026-07-16 09:31:18,335] INFO [Partition __transaction_state-47 broker=1] No checkpointed highwatermark is found for partition __transaction_state-47 (kafka.cluster.Partition)
stream-state-bench-kafka  | [2026-07-16 09:31:18,335] INFO [Partition __transaction_state-47 broker=1] Log loaded for partition __transaction_state-47 with initial high watermark 0 (kafka.cluster.Partition)
stream-state-bench-kafka  | [2026-07-16 09:31:18,344] INFO [LogLoader partition=__transaction_state-2, dir=/tmp/kafka-logs] Loading producer state till offset 0 (org.apache.kafka.storage.internals.log.UnifiedLog)
stream-state-bench-kafka  | [2026-07-16 09:31:18,345] INFO Created log for partition __transaction_state-2 in /tmp/kafka-logs/__transaction_state-2 with properties {cleanup.policy=compact, compression.type="uncompressed", min.insync.replicas=1, segment.bytes=104857600, unclean.leader.election.enable=false} (kafka.log.LogManager)
stream-state-bench-kafka  | [2026-07-16 09:31:18,345] INFO [Partition __transaction_state-2 broker=1] No checkpointed highwatermark is found for partition __transaction_state-2 (kafka.cluster.Partition)
stream-state-bench-kafka  | [2026-07-16 09:31:18,345] INFO [Partition __transaction_state-2 broker=1] Log loaded for partition __transaction_state-2 with initial high watermark 0 (kafka.cluster.Partition)
stream-state-bench-kafka  | [2026-07-16 09:31:18,351] INFO [LogLoader partition=__transaction_state-35, dir=/tmp/kafka-logs] Loading producer state till offset 0 (org.apache.kafka.storage.internals.log.UnifiedLog)
stream-state-bench-kafka  | [2026-07-16 09:31:18,352] INFO Created log for partition __transaction_state-35 in /tmp/kafka-logs/__transaction_state-35 with properties {cleanup.policy=compact, compression.type="uncompressed", min.insync.replicas=1, segment.bytes=104857600, unclean.leader.election.enable=false} (kafka.log.LogManager)
stream-state-bench-kafka  | [2026-07-16 09:31:18,352] INFO [Partition __transaction_state-35 broker=1] No checkpointed highwatermark is found for partition __transaction_state-35 (kafka.cluster.Partition)
stream-state-bench-kafka  | [2026-07-16 09:31:18,352] INFO [Partition __transaction_state-35 broker=1] Log loaded for partition __transaction_state-35 with initial high watermark 0 (kafka.cluster.Partition)
stream-state-bench-kafka  | [2026-07-16 09:31:18,362] INFO [LogLoader partition=__transaction_state-6, dir=/tmp/kafka-logs] Loading producer state till offset 0 (org.apache.kafka.storage.internals.log.UnifiedLog)
stream-state-bench-kafka  | [2026-07-16 09:31:18,362] INFO Created log for partition __transaction_state-6 in /tmp/kafka-logs/__transaction_state-6 with properties {cleanup.policy=compact, compression.type="uncompressed", min.insync.replicas=1, segment.bytes=104857600, unclean.leader.election.enable=false} (kafka.log.LogManager)
stream-state-bench-kafka  | [2026-07-16 09:31:18,363] INFO [Partition __transaction_state-6 broker=1] No checkpointed highwatermark is found for partition __transaction_state-6 (kafka.cluster.Partition)
stream-state-bench-kafka  | [2026-07-16 09:31:18,363] INFO [Partition __transaction_state-6 broker=1] Log loaded for partition __transaction_state-6 with initial high watermark 0 (kafka.cluster.Partition)
stream-state-bench-kafka  | [2026-07-16 09:31:18,369] INFO [LogLoader partition=__transaction_state-39, dir=/tmp/kafka-logs] Loading producer state till offset 0 (org.apache.kafka.storage.internals.log.UnifiedLog)
stream-state-bench-kafka  | [2026-07-16 09:31:18,370] INFO Created log for partition __transaction_state-39 in /tmp/kafka-logs/__transaction_state-39 with properties {cleanup.policy=compact, compression.type="uncompressed", min.insync.replicas=1, segment.bytes=104857600, unclean.leader.election.enable=false} (kafka.log.LogManager)
stream-state-bench-kafka  | [2026-07-16 09:31:18,370] INFO [Partition __transaction_state-39 broker=1] No checkpointed highwatermark is found for partition __transaction_state-39 (kafka.cluster.Partition)
stream-state-bench-kafka  | [2026-07-16 09:31:18,370] INFO [Partition __transaction_state-39 broker=1] Log loaded for partition __transaction_state-39 with initial high watermark 0 (kafka.cluster.Partition)
stream-state-bench-kafka  | [2026-07-16 09:31:18,377] INFO [LogLoader partition=__transaction_state-27, dir=/tmp/kafka-logs] Loading producer state till offset 0 (org.apache.kafka.storage.internals.log.UnifiedLog)
stream-state-bench-kafka  | [2026-07-16 09:31:18,377] INFO Created log for partition __transaction_state-27 in /tmp/kafka-logs/__transaction_state-27 with properties {cleanup.policy=compact, compression.type="uncompressed", min.insync.replicas=1, segment.bytes=104857600, unclean.leader.election.enable=false} (kafka.log.LogManager)
stream-state-bench-kafka  | [2026-07-16 09:31:18,377] INFO [Partition __transaction_state-27 broker=1] No checkpointed highwatermark is found for partition __transaction_state-27 (kafka.cluster.Partition)
stream-state-bench-kafka  | [2026-07-16 09:31:18,377] INFO [Partition __transaction_state-27 broker=1] Log loaded for partition __transaction_state-27 with initial high watermark 0 (kafka.cluster.Partition)
stream-state-bench-kafka  | [2026-07-16 09:31:18,385] INFO [LogLoader partition=__transaction_state-31, dir=/tmp/kafka-logs] Loading producer state till offset 0 (org.apache.kafka.storage.internals.log.UnifiedLog)
stream-state-bench-kafka  | [2026-07-16 09:31:18,385] INFO Created log for partition __transaction_state-31 in /tmp/kafka-logs/__transaction_state-31 with properties {cleanup.policy=compact, compression.type="uncompressed", min.insync.replicas=1, segment.bytes=104857600, unclean.leader.election.enable=false} (kafka.log.LogManager)
stream-state-bench-kafka  | [2026-07-16 09:31:18,385] INFO [Partition __transaction_state-31 broker=1] No checkpointed highwatermark is found for partition __transaction_state-31 (kafka.cluster.Partition)
stream-state-bench-kafka  | [2026-07-16 09:31:18,385] INFO [Partition __transaction_state-31 broker=1] Log loaded for partition __transaction_state-31 with initial high watermark 0 (kafka.cluster.Partition)
stream-state-bench-kafka  | [2026-07-16 09:31:18,392] INFO [LogLoader partition=__transaction_state-19, dir=/tmp/kafka-logs] Loading producer state till offset 0 (org.apache.kafka.storage.internals.log.UnifiedLog)
stream-state-bench-kafka  | [2026-07-16 09:31:18,393] INFO Created log for partition __transaction_state-19 in /tmp/kafka-logs/__transaction_state-19 with properties {cleanup.policy=compact, compression.type="uncompressed", min.insync.replicas=1, segment.bytes=104857600, unclean.leader.election.enable=false} (kafka.log.LogManager)
stream-state-bench-kafka  | [2026-07-16 09:31:18,393] INFO [Partition __transaction_state-19 broker=1] No checkpointed highwatermark is found for partition __transaction_state-19 (kafka.cluster.Partition)
stream-state-bench-kafka  | [2026-07-16 09:31:18,393] INFO [Partition __transaction_state-19 broker=1] Log loaded for partition __transaction_state-19 with initial high watermark 0 (kafka.cluster.Partition)
stream-state-bench-kafka  | [2026-07-16 09:31:18,398] INFO [LogLoader partition=__transaction_state-23, dir=/tmp/kafka-logs] Loading producer state till offset 0 (org.apache.kafka.storage.internals.log.UnifiedLog)
stream-state-bench-kafka  | [2026-07-16 09:31:18,399] INFO Created log for partition __transaction_state-23 in /tmp/kafka-logs/__transaction_state-23 with properties {cleanup.policy=compact, compression.type="uncompressed", min.insync.replicas=1, segment.bytes=104857600, unclean.leader.election.enable=false} (kafka.log.LogManager)
stream-state-bench-kafka  | [2026-07-16 09:31:18,399] INFO [Partition __transaction_state-23 broker=1] No checkpointed highwatermark is found for partition __transaction_state-23 (kafka.cluster.Partition)
stream-state-bench-kafka  | [2026-07-16 09:31:18,399] INFO [Partition __transaction_state-23 broker=1] Log loaded for partition __transaction_state-23 with initial high watermark 0 (kafka.cluster.Partition)
stream-state-bench-kafka  | [2026-07-16 09:31:18,404] INFO [TransactionCoordinator id=1] Elected as the txn coordinator for partition 42 at epoch 0 (kafka.coordinator.transaction.TransactionCoordinator)
stream-state-bench-kafka  | [2026-07-16 09:31:18,407] INFO [TransactionCoordinator id=1] Elected as the txn coordinator for partition 13 at epoch 0 (kafka.coordinator.transaction.TransactionCoordinator)
stream-state-bench-kafka  | [2026-07-16 09:31:18,407] INFO [TransactionCoordinator id=1] Elected as the txn coordinator for partition 46 at epoch 0 (kafka.coordinator.transaction.TransactionCoordinator)
stream-state-bench-kafka  | [2026-07-16 09:31:18,407] INFO [TransactionCoordinator id=1] Elected as the txn coordinator for partition 17 at epoch 0 (kafka.coordinator.transaction.TransactionCoordinator)
stream-state-bench-kafka  | [2026-07-16 09:31:18,407] INFO [TransactionCoordinator id=1] Elected as the txn coordinator for partition 34 at epoch 0 (kafka.coordinator.transaction.TransactionCoordinator)
stream-state-bench-kafka  | [2026-07-16 09:31:18,408] INFO [TransactionCoordinator id=1] Elected as the txn coordinator for partition 5 at epoch 0 (kafka.coordinator.transaction.TransactionCoordinator)
stream-state-bench-kafka  | [2026-07-16 09:31:18,408] INFO [TransactionCoordinator id=1] Elected as the txn coordinator for partition 38 at epoch 0 (kafka.coordinator.transaction.TransactionCoordinator)
stream-state-bench-kafka  | [2026-07-16 09:31:18,408] INFO [TransactionCoordinator id=1] Elected as the txn coordinator for partition 9 at epoch 0 (kafka.coordinator.transaction.TransactionCoordinator)
stream-state-bench-kafka  | [2026-07-16 09:31:18,408] INFO [TransactionCoordinator id=1] Elected as the txn coordinator for partition 26 at epoch 0 (kafka.coordinator.transaction.TransactionCoordinator)
stream-state-bench-kafka  | [2026-07-16 09:31:18,408] INFO [TransactionCoordinator id=1] Elected as the txn coordinator for partition 30 at epoch 0 (kafka.coordinator.transaction.TransactionCoordinator)
stream-state-bench-kafka  | [2026-07-16 09:31:18,408] INFO [TransactionCoordinator id=1] Elected as the txn coordinator for partition 1 at epoch 0 (kafka.coordinator.transaction.TransactionCoordinator)
stream-state-bench-kafka  | [2026-07-16 09:31:18,408] INFO [TransactionCoordinator id=1] Elected as the txn coordinator for partition 18 at epoch 0 (kafka.coordinator.transaction.TransactionCoordinator)
stream-state-bench-kafka  | [2026-07-16 09:31:18,408] INFO [Transaction State Manager 1]: Loading transaction metadata from __transaction_state-42 at epoch 0 (kafka.coordinator.transaction.TransactionStateManager)
stream-state-bench-kafka  | [2026-07-16 09:31:18,408] INFO [TransactionCoordinator id=1] Elected as the txn coordinator for partition 22 at epoch 0 (kafka.coordinator.transaction.TransactionCoordinator)
stream-state-bench-kafka  | [2026-07-16 09:31:18,408] INFO [TransactionCoordinator id=1] Elected as the txn coordinator for partition 12 at epoch 0 (kafka.coordinator.transaction.TransactionCoordinator)
stream-state-bench-kafka  | [2026-07-16 09:31:18,408] INFO [TransactionCoordinator id=1] Elected as the txn coordinator for partition 45 at epoch 0 (kafka.coordinator.transaction.TransactionCoordinator)
stream-state-bench-kafka  | [2026-07-16 09:31:18,408] INFO [TransactionCoordinator id=1] Elected as the txn coordinator for partition 16 at epoch 0 (kafka.coordinator.transaction.TransactionCoordinator)
stream-state-bench-kafka  | [2026-07-16 09:31:18,408] INFO [TransactionCoordinator id=1] Elected as the txn coordinator for partition 49 at epoch 0 (kafka.coordinator.transaction.TransactionCoordinator)
stream-state-bench-kafka  | [2026-07-16 09:31:18,408] INFO [TransactionCoordinator id=1] Elected as the txn coordinator for partition 4 at epoch 0 (kafka.coordinator.transaction.TransactionCoordinator)
stream-state-bench-kafka  | [2026-07-16 09:31:18,408] INFO [TransactionCoordinator id=1] Elected as the txn coordinator for partition 37 at epoch 0 (kafka.coordinator.transaction.TransactionCoordinator)
stream-state-bench-kafka  | [2026-07-16 09:31:18,408] INFO [TransactionCoordinator id=1] Elected as the txn coordinator for partition 8 at epoch 0 (kafka.coordinator.transaction.TransactionCoordinator)
stream-state-bench-kafka  | [2026-07-16 09:31:18,408] INFO [TransactionCoordinator id=1] Elected as the txn coordinator for partition 41 at epoch 0 (kafka.coordinator.transaction.TransactionCoordinator)
stream-state-bench-kafka  | [2026-07-16 09:31:18,408] INFO [TransactionCoordinator id=1] Elected as the txn coordinator for partition 29 at epoch 0 (kafka.coordinator.transaction.TransactionCoordinator)
stream-state-bench-kafka  | [2026-07-16 09:31:18,408] INFO [TransactionCoordinator id=1] Elected as the txn coordinator for partition 0 at epoch 0 (kafka.coordinator.transaction.TransactionCoordinator)
stream-state-bench-kafka  | [2026-07-16 09:31:18,408] INFO [TransactionCoordinator id=1] Elected as the txn coordinator for partition 33 at epoch 0 (kafka.coordinator.transaction.TransactionCoordinator)
stream-state-bench-kafka  | [2026-07-16 09:31:18,408] INFO [TransactionCoordinator id=1] Elected as the txn coordinator for partition 21 at epoch 0 (kafka.coordinator.transaction.TransactionCoordinator)
stream-state-bench-kafka  | [2026-07-16 09:31:18,408] INFO [TransactionCoordinator id=1] Elected as the txn coordinator for partition 25 at epoch 0 (kafka.coordinator.transaction.TransactionCoordinator)
stream-state-bench-kafka  | [2026-07-16 09:31:18,408] INFO [TransactionCoordinator id=1] Elected as the txn coordinator for partition 11 at epoch 0 (kafka.coordinator.transaction.TransactionCoordinator)
stream-state-bench-kafka  | [2026-07-16 09:31:18,408] INFO [TransactionCoordinator id=1] Elected as the txn coordinator for partition 44 at epoch 0 (kafka.coordinator.transaction.TransactionCoordinator)
stream-state-bench-kafka  | [2026-07-16 09:31:18,409] INFO [TransactionCoordinator id=1] Elected as the txn coordinator for partition 15 at epoch 0 (kafka.coordinator.transaction.TransactionCoordinator)
stream-state-bench-kafka  | [2026-07-16 09:31:18,409] INFO [TransactionCoordinator id=1] Elected as the txn coordinator for partition 48 at epoch 0 (kafka.coordinator.transaction.TransactionCoordinator)
stream-state-bench-kafka  | [2026-07-16 09:31:18,409] INFO [TransactionCoordinator id=1] Elected as the txn coordinator for partition 3 at epoch 0 (kafka.coordinator.transaction.TransactionCoordinator)
stream-state-bench-kafka  | [2026-07-16 09:31:18,409] INFO [TransactionCoordinator id=1] Elected as the txn coordinator for partition 36 at epoch 0 (kafka.coordinator.transaction.TransactionCoordinator)
stream-state-bench-kafka  | [2026-07-16 09:31:18,409] INFO [TransactionCoordinator id=1] Elected as the txn coordinator for partition 7 at epoch 0 (kafka.coordinator.transaction.TransactionCoordinator)
stream-state-bench-kafka  | [2026-07-16 09:31:18,409] INFO [TransactionCoordinator id=1] Elected as the txn coordinator for partition 40 at epoch 0 (kafka.coordinator.transaction.TransactionCoordinator)
stream-state-bench-kafka  | [2026-07-16 09:31:18,409] INFO [TransactionCoordinator id=1] Elected as the txn coordinator for partition 28 at epoch 0 (kafka.coordinator.transaction.TransactionCoordinator)
stream-state-bench-kafka  | [2026-07-16 09:31:18,409] INFO [TransactionCoordinator id=1] Elected as the txn coordinator for partition 32 at epoch 0 (kafka.coordinator.transaction.TransactionCoordinator)
stream-state-bench-kafka  | [2026-07-16 09:31:18,409] INFO [TransactionCoordinator id=1] Elected as the txn coordinator for partition 20 at epoch 0 (kafka.coordinator.transaction.TransactionCoordinator)
stream-state-bench-kafka  | [2026-07-16 09:31:18,409] INFO [TransactionCoordinator id=1] Elected as the txn coordinator for partition 24 at epoch 0 (kafka.coordinator.transaction.TransactionCoordinator)
stream-state-bench-kafka  | [2026-07-16 09:31:18,409] INFO [TransactionCoordinator id=1] Elected as the txn coordinator for partition 10 at epoch 0 (kafka.coordinator.transaction.TransactionCoordinator)
stream-state-bench-kafka  | [2026-07-16 09:31:18,409] INFO [TransactionCoordinator id=1] Elected as the txn coordinator for partition 43 at epoch 0 (kafka.coordinator.transaction.TransactionCoordinator)
stream-state-bench-kafka  | [2026-07-16 09:31:18,409] INFO [TransactionCoordinator id=1] Elected as the txn coordinator for partition 14 at epoch 0 (kafka.coordinator.transaction.TransactionCoordinator)
stream-state-bench-kafka  | [2026-07-16 09:31:18,409] INFO [TransactionCoordinator id=1] Elected as the txn coordinator for partition 47 at epoch 0 (kafka.coordinator.transaction.TransactionCoordinator)
stream-state-bench-kafka  | [2026-07-16 09:31:18,409] INFO [TransactionCoordinator id=1] Elected as the txn coordinator for partition 2 at epoch 0 (kafka.coordinator.transaction.TransactionCoordinator)
stream-state-bench-kafka  | [2026-07-16 09:31:18,409] INFO [TransactionCoordinator id=1] Elected as the txn coordinator for partition 35 at epoch 0 (kafka.coordinator.transaction.TransactionCoordinator)
stream-state-bench-kafka  | [2026-07-16 09:31:18,409] INFO [TransactionCoordinator id=1] Elected as the txn coordinator for partition 6 at epoch 0 (kafka.coordinator.transaction.TransactionCoordinator)
stream-state-bench-kafka  | [2026-07-16 09:31:18,409] INFO [TransactionCoordinator id=1] Elected as the txn coordinator for partition 39 at epoch 0 (kafka.coordinator.transaction.TransactionCoordinator)
stream-state-bench-kafka  | [2026-07-16 09:31:18,410] INFO [TransactionCoordinator id=1] Elected as the txn coordinator for partition 27 at epoch 0 (kafka.coordinator.transaction.TransactionCoordinator)
stream-state-bench-kafka  | [2026-07-16 09:31:18,410] INFO [TransactionCoordinator id=1] Elected as the txn coordinator for partition 31 at epoch 0 (kafka.coordinator.transaction.TransactionCoordinator)
stream-state-bench-kafka  | [2026-07-16 09:31:18,410] INFO [TransactionCoordinator id=1] Elected as the txn coordinator for partition 19 at epoch 0 (kafka.coordinator.transaction.TransactionCoordinator)
stream-state-bench-kafka  | [2026-07-16 09:31:18,410] INFO [TransactionCoordinator id=1] Elected as the txn coordinator for partition 23 at epoch 0 (kafka.coordinator.transaction.TransactionCoordinator)
stream-state-bench-kafka  | [2026-07-16 09:31:18,410] INFO [DynamicConfigPublisher broker id=1] Updating topic __transaction_state with new configuration : compression.type -> uncompressed,cleanup.policy -> compact,min.insync.replicas -> 1,segment.bytes -> 104857600,unclean.leader.election.enable -> false (kafka.server.metadata.DynamicConfigPublisher)
stream-state-bench-kafka  | [2026-07-16 09:31:18,413] INFO [Transaction State Manager 1]: Finished loading 0 transaction metadata from __transaction_state-42 in 2 milliseconds, of which 1 milliseconds was spent in the scheduler. (kafka.coordinator.transaction.TransactionStateManager)
stream-state-bench-kafka  | [2026-07-16 09:31:18,418] INFO [Transaction State Manager 1]: Completed loading transaction metadata from __transaction_state-42 for coordinator epoch 0 (kafka.coordinator.transaction.TransactionStateManager)
stream-state-bench-kafka  | [2026-07-16 09:31:18,418] INFO [Transaction State Manager 1]: Loading transaction metadata from __transaction_state-13 at epoch 0 (kafka.coordinator.transaction.TransactionStateManager)
stream-state-bench-kafka  | [2026-07-16 09:31:18,418] INFO [Transaction State Manager 1]: Finished loading 0 transaction metadata from __transaction_state-13 in 11 milliseconds, of which 11 milliseconds was spent in the scheduler. (kafka.coordinator.transaction.TransactionStateManager)
stream-state-bench-kafka  | [2026-07-16 09:31:18,418] INFO [Transaction State Manager 1]: Completed loading transaction metadata from __transaction_state-13 for coordinator epoch 0 (kafka.coordinator.transaction.TransactionStateManager)
stream-state-bench-kafka  | [2026-07-16 09:31:18,418] INFO [Transaction State Manager 1]: Loading transaction metadata from __transaction_state-46 at epoch 0 (kafka.coordinator.transaction.TransactionStateManager)
stream-state-bench-kafka  | [2026-07-16 09:31:18,418] INFO [Transaction State Manager 1]: Finished loading 0 transaction metadata from __transaction_state-46 in 11 milliseconds, of which 11 milliseconds was spent in the scheduler. (kafka.coordinator.transaction.TransactionStateManager)
stream-state-bench-kafka  | [2026-07-16 09:31:18,418] INFO [Transaction State Manager 1]: Completed loading transaction metadata from __transaction_state-46 for coordinator epoch 0 (kafka.coordinator.transaction.TransactionStateManager)
stream-state-bench-kafka  | [2026-07-16 09:31:18,418] INFO [Transaction State Manager 1]: Loading transaction metadata from __transaction_state-17 at epoch 0 (kafka.coordinator.transaction.TransactionStateManager)
stream-state-bench-kafka  | [2026-07-16 09:31:18,418] INFO [Transaction State Manager 1]: Finished loading 0 transaction metadata from __transaction_state-17 in 11 milliseconds, of which 11 milliseconds was spent in the scheduler. (kafka.coordinator.transaction.TransactionStateManager)
stream-state-bench-kafka  | [2026-07-16 09:31:18,418] INFO [Transaction State Manager 1]: Completed loading transaction metadata from __transaction_state-17 for coordinator epoch 0 (kafka.coordinator.transaction.TransactionStateManager)
stream-state-bench-kafka  | [2026-07-16 09:31:18,418] INFO [Transaction State Manager 1]: Loading transaction metadata from __transaction_state-34 at epoch 0 (kafka.coordinator.transaction.TransactionStateManager)
stream-state-bench-kafka  | [2026-07-16 09:31:18,418] INFO [Transaction State Manager 1]: Finished loading 0 transaction metadata from __transaction_state-34 in 10 milliseconds, of which 10 milliseconds was spent in the scheduler. (kafka.coordinator.transaction.TransactionStateManager)
stream-state-bench-kafka  | [2026-07-16 09:31:18,418] INFO [Transaction State Manager 1]: Completed loading transaction metadata from __transaction_state-34 for coordinator epoch 0 (kafka.coordinator.transaction.TransactionStateManager)
stream-state-bench-kafka  | [2026-07-16 09:31:18,418] INFO [Transaction State Manager 1]: Loading transaction metadata from __transaction_state-5 at epoch 0 (kafka.coordinator.transaction.TransactionStateManager)
stream-state-bench-kafka  | [2026-07-16 09:31:18,418] INFO [Transaction State Manager 1]: Finished loading 0 transaction metadata from __transaction_state-5 in 10 milliseconds, of which 10 milliseconds was spent in the scheduler. (kafka.coordinator.transaction.TransactionStateManager)
stream-state-bench-kafka  | [2026-07-16 09:31:18,418] INFO [Transaction State Manager 1]: Completed loading transaction metadata from __transaction_state-5 for coordinator epoch 0 (kafka.coordinator.transaction.TransactionStateManager)
stream-state-bench-kafka  | [2026-07-16 09:31:18,418] INFO [Transaction State Manager 1]: Loading transaction metadata from __transaction_state-38 at epoch 0 (kafka.coordinator.transaction.TransactionStateManager)
stream-state-bench-kafka  | [2026-07-16 09:31:18,419] INFO [Transaction State Manager 1]: Finished loading 0 transaction metadata from __transaction_state-38 in 11 milliseconds, of which 10 milliseconds was spent in the scheduler. (kafka.coordinator.transaction.TransactionStateManager)
stream-state-bench-kafka  | [2026-07-16 09:31:18,419] INFO [Transaction State Manager 1]: Completed loading transaction metadata from __transaction_state-38 for coordinator epoch 0 (kafka.coordinator.transaction.TransactionStateManager)
stream-state-bench-kafka  | [2026-07-16 09:31:18,419] INFO [Transaction State Manager 1]: Loading transaction metadata from __transaction_state-9 at epoch 0 (kafka.coordinator.transaction.TransactionStateManager)
stream-state-bench-kafka  | [2026-07-16 09:31:18,419] INFO [Transaction State Manager 1]: Finished loading 0 transaction metadata from __transaction_state-9 in 11 milliseconds, of which 11 milliseconds was spent in the scheduler. (kafka.coordinator.transaction.TransactionStateManager)
stream-state-bench-kafka  | [2026-07-16 09:31:18,419] INFO [Transaction State Manager 1]: Completed loading transaction metadata from __transaction_state-9 for coordinator epoch 0 (kafka.coordinator.transaction.TransactionStateManager)
stream-state-bench-kafka  | [2026-07-16 09:31:18,419] INFO [Transaction State Manager 1]: Loading transaction metadata from __transaction_state-26 at epoch 0 (kafka.coordinator.transaction.TransactionStateManager)
stream-state-bench-kafka  | [2026-07-16 09:31:18,419] INFO [Transaction State Manager 1]: Finished loading 0 transaction metadata from __transaction_state-26 in 11 milliseconds, of which 11 milliseconds was spent in the scheduler. (kafka.coordinator.transaction.TransactionStateManager)
stream-state-bench-kafka  | [2026-07-16 09:31:18,419] INFO [Transaction State Manager 1]: Completed loading transaction metadata from __transaction_state-26 for coordinator epoch 0 (kafka.coordinator.transaction.TransactionStateManager)
stream-state-bench-kafka  | [2026-07-16 09:31:18,419] INFO [Transaction State Manager 1]: Loading transaction metadata from __transaction_state-30 at epoch 0 (kafka.coordinator.transaction.TransactionStateManager)
stream-state-bench-kafka  | [2026-07-16 09:31:18,419] INFO [Transaction State Manager 1]: Finished loading 0 transaction metadata from __transaction_state-30 in 11 milliseconds, of which 11 milliseconds was spent in the scheduler. (kafka.coordinator.transaction.TransactionStateManager)
stream-state-bench-kafka  | [2026-07-16 09:31:18,419] INFO [Transaction State Manager 1]: Completed loading transaction metadata from __transaction_state-30 for coordinator epoch 0 (kafka.coordinator.transaction.TransactionStateManager)
stream-state-bench-kafka  | [2026-07-16 09:31:18,419] INFO [Transaction State Manager 1]: Loading transaction metadata from __transaction_state-1 at epoch 0 (kafka.coordinator.transaction.TransactionStateManager)
stream-state-bench-kafka  | [2026-07-16 09:31:18,419] INFO [Transaction State Manager 1]: Finished loading 0 transaction metadata from __transaction_state-1 in 11 milliseconds, of which 11 milliseconds was spent in the scheduler. (kafka.coordinator.transaction.TransactionStateManager)
stream-state-bench-kafka  | [2026-07-16 09:31:18,419] INFO [Transaction State Manager 1]: Completed loading transaction metadata from __transaction_state-1 for coordinator epoch 0 (kafka.coordinator.transaction.TransactionStateManager)
stream-state-bench-kafka  | [2026-07-16 09:31:18,419] INFO [Transaction State Manager 1]: Loading transaction metadata from __transaction_state-18 at epoch 0 (kafka.coordinator.transaction.TransactionStateManager)
stream-state-bench-kafka  | [2026-07-16 09:31:18,419] INFO [Transaction State Manager 1]: Finished loading 0 transaction metadata from __transaction_state-18 in 11 milliseconds, of which 11 milliseconds was spent in the scheduler. (kafka.coordinator.transaction.TransactionStateManager)
stream-state-bench-kafka  | [2026-07-16 09:31:18,419] INFO [Transaction State Manager 1]: Completed loading transaction metadata from __transaction_state-18 for coordinator epoch 0 (kafka.coordinator.transaction.TransactionStateManager)
stream-state-bench-kafka  | [2026-07-16 09:31:18,419] INFO [Transaction State Manager 1]: Loading transaction metadata from __transaction_state-22 at epoch 0 (kafka.coordinator.transaction.TransactionStateManager)
stream-state-bench-kafka  | [2026-07-16 09:31:18,419] INFO [Transaction State Manager 1]: Finished loading 0 transaction metadata from __transaction_state-22 in 11 milliseconds, of which 11 milliseconds was spent in the scheduler. (kafka.coordinator.transaction.TransactionStateManager)
stream-state-bench-kafka  | [2026-07-16 09:31:18,420] INFO [Transaction State Manager 1]: Completed loading transaction metadata from __transaction_state-22 for coordinator epoch 0 (kafka.coordinator.transaction.TransactionStateManager)
stream-state-bench-kafka  | [2026-07-16 09:31:18,420] INFO [Transaction State Manager 1]: Loading transaction metadata from __transaction_state-12 at epoch 0 (kafka.coordinator.transaction.TransactionStateManager)
stream-state-bench-kafka  | [2026-07-16 09:31:18,420] INFO [Transaction State Manager 1]: Finished loading 0 transaction metadata from __transaction_state-12 in 12 milliseconds, of which 12 milliseconds was spent in the scheduler. (kafka.coordinator.transaction.TransactionStateManager)
stream-state-bench-kafka  | [2026-07-16 09:31:18,420] INFO [Transaction State Manager 1]: Completed loading transaction metadata from __transaction_state-12 for coordinator epoch 0 (kafka.coordinator.transaction.TransactionStateManager)
stream-state-bench-kafka  | [2026-07-16 09:31:18,420] INFO [Transaction State Manager 1]: Loading transaction metadata from __transaction_state-45 at epoch 0 (kafka.coordinator.transaction.TransactionStateManager)
stream-state-bench-kafka  | [2026-07-16 09:31:18,420] INFO [Transaction State Manager 1]: Finished loading 0 transaction metadata from __transaction_state-45 in 12 milliseconds, of which 12 milliseconds was spent in the scheduler. (kafka.coordinator.transaction.TransactionStateManager)
stream-state-bench-kafka  | [2026-07-16 09:31:18,420] INFO [Transaction State Manager 1]: Completed loading transaction metadata from __transaction_state-45 for coordinator epoch 0 (kafka.coordinator.transaction.TransactionStateManager)
stream-state-bench-kafka  | [2026-07-16 09:31:18,420] INFO [Transaction State Manager 1]: Loading transaction metadata from __transaction_state-16 at epoch 0 (kafka.coordinator.transaction.TransactionStateManager)
stream-state-bench-kafka  | [2026-07-16 09:31:18,420] INFO [Transaction State Manager 1]: Finished loading 0 transaction metadata from __transaction_state-16 in 12 milliseconds, of which 12 milliseconds was spent in the scheduler. (kafka.coordinator.transaction.TransactionStateManager)
stream-state-bench-kafka  | [2026-07-16 09:31:18,420] INFO [Transaction State Manager 1]: Completed loading transaction metadata from __transaction_state-16 for coordinator epoch 0 (kafka.coordinator.transaction.TransactionStateManager)
stream-state-bench-kafka  | [2026-07-16 09:31:18,420] INFO [Transaction State Manager 1]: Loading transaction metadata from __transaction_state-49 at epoch 0 (kafka.coordinator.transaction.TransactionStateManager)
stream-state-bench-kafka  | [2026-07-16 09:31:18,420] INFO [Transaction State Manager 1]: Finished loading 0 transaction metadata from __transaction_state-49 in 12 milliseconds, of which 12 milliseconds was spent in the scheduler. (kafka.coordinator.transaction.TransactionStateManager)
stream-state-bench-kafka  | [2026-07-16 09:31:18,420] INFO [Transaction State Manager 1]: Completed loading transaction metadata from __transaction_state-49 for coordinator epoch 0 (kafka.coordinator.transaction.TransactionStateManager)
stream-state-bench-kafka  | [2026-07-16 09:31:18,420] INFO [Transaction State Manager 1]: Loading transaction metadata from __transaction_state-4 at epoch 0 (kafka.coordinator.transaction.TransactionStateManager)
stream-state-bench-kafka  | [2026-07-16 09:31:18,420] INFO [Transaction State Manager 1]: Finished loading 0 transaction metadata from __transaction_state-4 in 12 milliseconds, of which 12 milliseconds was spent in the scheduler. (kafka.coordinator.transaction.TransactionStateManager)
stream-state-bench-kafka  | [2026-07-16 09:31:18,420] INFO [Transaction State Manager 1]: Completed loading transaction metadata from __transaction_state-4 for coordinator epoch 0 (kafka.coordinator.transaction.TransactionStateManager)
stream-state-bench-kafka  | [2026-07-16 09:31:18,420] INFO [Transaction State Manager 1]: Loading transaction metadata from __transaction_state-37 at epoch 0 (kafka.coordinator.transaction.TransactionStateManager)
stream-state-bench-kafka  | [2026-07-16 09:31:18,420] INFO [Transaction State Manager 1]: Finished loading 0 transaction metadata from __transaction_state-37 in 12 milliseconds, of which 12 milliseconds was spent in the scheduler. (kafka.coordinator.transaction.TransactionStateManager)
stream-state-bench-kafka  | [2026-07-16 09:31:18,420] INFO [Transaction State Manager 1]: Completed loading transaction metadata from __transaction_state-37 for coordinator epoch 0 (kafka.coordinator.transaction.TransactionStateManager)
stream-state-bench-kafka  | [2026-07-16 09:31:18,421] INFO [Transaction State Manager 1]: Loading transaction metadata from __transaction_state-8 at epoch 0 (kafka.coordinator.transaction.TransactionStateManager)
stream-state-bench-kafka  | [2026-07-16 09:31:18,421] INFO [Transaction State Manager 1]: Finished loading 0 transaction metadata from __transaction_state-8 in 13 milliseconds, of which 13 milliseconds was spent in the scheduler. (kafka.coordinator.transaction.TransactionStateManager)
stream-state-bench-kafka  | [2026-07-16 09:31:18,421] INFO [Transaction State Manager 1]: Completed loading transaction metadata from __transaction_state-8 for coordinator epoch 0 (kafka.coordinator.transaction.TransactionStateManager)
stream-state-bench-kafka  | [2026-07-16 09:31:18,421] INFO [Transaction State Manager 1]: Loading transaction metadata from __transaction_state-41 at epoch 0 (kafka.coordinator.transaction.TransactionStateManager)
stream-state-bench-kafka  | [2026-07-16 09:31:18,421] INFO [Transaction State Manager 1]: Finished loading 0 transaction metadata from __transaction_state-41 in 13 milliseconds, of which 13 milliseconds was spent in the scheduler. (kafka.coordinator.transaction.TransactionStateManager)
stream-state-bench-kafka  | [2026-07-16 09:31:18,421] INFO [Transaction State Manager 1]: Completed loading transaction metadata from __transaction_state-41 for coordinator epoch 0 (kafka.coordinator.transaction.TransactionStateManager)
stream-state-bench-kafka  | [2026-07-16 09:31:18,421] INFO [Transaction State Manager 1]: Loading transaction metadata from __transaction_state-29 at epoch 0 (kafka.coordinator.transaction.TransactionStateManager)
stream-state-bench-kafka  | [2026-07-16 09:31:18,421] INFO [Transaction State Manager 1]: Finished loading 0 transaction metadata from __transaction_state-29 in 13 milliseconds, of which 13 milliseconds was spent in the scheduler. (kafka.coordinator.transaction.TransactionStateManager)
stream-state-bench-kafka  | [2026-07-16 09:31:18,421] INFO [Transaction State Manager 1]: Completed loading transaction metadata from __transaction_state-29 for coordinator epoch 0 (kafka.coordinator.transaction.TransactionStateManager)
stream-state-bench-kafka  | [2026-07-16 09:31:18,421] INFO [Transaction State Manager 1]: Loading transaction metadata from __transaction_state-0 at epoch 0 (kafka.coordinator.transaction.TransactionStateManager)
stream-state-bench-kafka  | [2026-07-16 09:31:18,421] INFO [Transaction State Manager 1]: Finished loading 0 transaction metadata from __transaction_state-0 in 13 milliseconds, of which 13 milliseconds was spent in the scheduler. (kafka.coordinator.transaction.TransactionStateManager)
stream-state-bench-kafka  | [2026-07-16 09:31:18,421] INFO [Transaction State Manager 1]: Completed loading transaction metadata from __transaction_state-0 for coordinator epoch 0 (kafka.coordinator.transaction.TransactionStateManager)
stream-state-bench-kafka  | [2026-07-16 09:31:18,421] INFO [Transaction State Manager 1]: Loading transaction metadata from __transaction_state-33 at epoch 0 (kafka.coordinator.transaction.TransactionStateManager)
stream-state-bench-kafka  | [2026-07-16 09:31:18,421] INFO [Transaction State Manager 1]: Finished loading 0 transaction metadata from __transaction_state-33 in 13 milliseconds, of which 13 milliseconds was spent in the scheduler. (kafka.coordinator.transaction.TransactionStateManager)
stream-state-bench-kafka  | [2026-07-16 09:31:18,422] INFO [Transaction State Manager 1]: Completed loading transaction metadata from __transaction_state-33 for coordinator epoch 0 (kafka.coordinator.transaction.TransactionStateManager)
stream-state-bench-kafka  | [2026-07-16 09:31:18,422] INFO [Transaction State Manager 1]: Loading transaction metadata from __transaction_state-21 at epoch 0 (kafka.coordinator.transaction.TransactionStateManager)
stream-state-bench-kafka  | [2026-07-16 09:31:18,422] INFO [Transaction State Manager 1]: Finished loading 0 transaction metadata from __transaction_state-21 in 14 milliseconds, of which 14 milliseconds was spent in the scheduler. (kafka.coordinator.transaction.TransactionStateManager)
stream-state-bench-kafka  | [2026-07-16 09:31:18,422] INFO [Transaction State Manager 1]: Completed loading transaction metadata from __transaction_state-21 for coordinator epoch 0 (kafka.coordinator.transaction.TransactionStateManager)
stream-state-bench-kafka  | [2026-07-16 09:31:18,422] INFO [Transaction State Manager 1]: Loading transaction metadata from __transaction_state-25 at epoch 0 (kafka.coordinator.transaction.TransactionStateManager)
stream-state-bench-kafka  | [2026-07-16 09:31:18,422] INFO [Transaction State Manager 1]: Finished loading 0 transaction metadata from __transaction_state-25 in 14 milliseconds, of which 14 milliseconds was spent in the scheduler. (kafka.coordinator.transaction.TransactionStateManager)
stream-state-bench-kafka  | [2026-07-16 09:31:18,422] INFO [Transaction State Manager 1]: Completed loading transaction metadata from __transaction_state-25 for coordinator epoch 0 (kafka.coordinator.transaction.TransactionStateManager)
stream-state-bench-kafka  | [2026-07-16 09:31:18,422] INFO [Transaction State Manager 1]: Loading transaction metadata from __transaction_state-11 at epoch 0 (kafka.coordinator.transaction.TransactionStateManager)
stream-state-bench-kafka  | [2026-07-16 09:31:18,422] INFO [Transaction State Manager 1]: Finished loading 0 transaction metadata from __transaction_state-11 in 14 milliseconds, of which 14 milliseconds was spent in the scheduler. (kafka.coordinator.transaction.TransactionStateManager)
stream-state-bench-kafka  | [2026-07-16 09:31:18,422] INFO [Transaction State Manager 1]: Completed loading transaction metadata from __transaction_state-11 for coordinator epoch 0 (kafka.coordinator.transaction.TransactionStateManager)
stream-state-bench-kafka  | [2026-07-16 09:31:18,422] INFO [Transaction State Manager 1]: Loading transaction metadata from __transaction_state-44 at epoch 0 (kafka.coordinator.transaction.TransactionStateManager)
stream-state-bench-kafka  | [2026-07-16 09:31:18,422] INFO [Transaction State Manager 1]: Finished loading 0 transaction metadata from __transaction_state-44 in 14 milliseconds, of which 14 milliseconds was spent in the scheduler. (kafka.coordinator.transaction.TransactionStateManager)
stream-state-bench-kafka  | [2026-07-16 09:31:18,423] INFO [Transaction State Manager 1]: Completed loading transaction metadata from __transaction_state-44 for coordinator epoch 0 (kafka.coordinator.transaction.TransactionStateManager)
stream-state-bench-kafka  | [2026-07-16 09:31:18,423] INFO [Transaction State Manager 1]: Loading transaction metadata from __transaction_state-15 at epoch 0 (kafka.coordinator.transaction.TransactionStateManager)
stream-state-bench-kafka  | [2026-07-16 09:31:18,423] INFO [Transaction State Manager 1]: Finished loading 0 transaction metadata from __transaction_state-15 in 14 milliseconds, of which 14 milliseconds was spent in the scheduler. (kafka.coordinator.transaction.TransactionStateManager)
stream-state-bench-kafka  | [2026-07-16 09:31:18,423] INFO [Transaction State Manager 1]: Completed loading transaction metadata from __transaction_state-15 for coordinator epoch 0 (kafka.coordinator.transaction.TransactionStateManager)
stream-state-bench-kafka  | [2026-07-16 09:31:18,423] INFO [Transaction State Manager 1]: Loading transaction metadata from __transaction_state-48 at epoch 0 (kafka.coordinator.transaction.TransactionStateManager)
stream-state-bench-kafka  | [2026-07-16 09:31:18,423] INFO [Transaction State Manager 1]: Finished loading 0 transaction metadata from __transaction_state-48 in 14 milliseconds, of which 14 milliseconds was spent in the scheduler. (kafka.coordinator.transaction.TransactionStateManager)
stream-state-bench-kafka  | [2026-07-16 09:31:18,423] INFO [Transaction State Manager 1]: Completed loading transaction metadata from __transaction_state-48 for coordinator epoch 0 (kafka.coordinator.transaction.TransactionStateManager)
stream-state-bench-kafka  | [2026-07-16 09:31:18,423] INFO [Transaction State Manager 1]: Loading transaction metadata from __transaction_state-3 at epoch 0 (kafka.coordinator.transaction.TransactionStateManager)
stream-state-bench-kafka  | [2026-07-16 09:31:18,423] INFO [Transaction State Manager 1]: Finished loading 0 transaction metadata from __transaction_state-3 in 14 milliseconds, of which 14 milliseconds was spent in the scheduler. (kafka.coordinator.transaction.TransactionStateManager)
stream-state-bench-kafka  | [2026-07-16 09:31:18,423] INFO [Transaction State Manager 1]: Completed loading transaction metadata from __transaction_state-3 for coordinator epoch 0 (kafka.coordinator.transaction.TransactionStateManager)
stream-state-bench-kafka  | [2026-07-16 09:31:18,423] INFO [Transaction State Manager 1]: Loading transaction metadata from __transaction_state-36 at epoch 0 (kafka.coordinator.transaction.TransactionStateManager)
stream-state-bench-kafka  | [2026-07-16 09:31:18,423] INFO [Transaction State Manager 1]: Finished loading 0 transaction metadata from __transaction_state-36 in 14 milliseconds, of which 14 milliseconds was spent in the scheduler. (kafka.coordinator.transaction.TransactionStateManager)
stream-state-bench-kafka  | [2026-07-16 09:31:18,423] INFO [Transaction State Manager 1]: Completed loading transaction metadata from __transaction_state-36 for coordinator epoch 0 (kafka.coordinator.transaction.TransactionStateManager)
stream-state-bench-kafka  | [2026-07-16 09:31:18,423] INFO [Transaction State Manager 1]: Loading transaction metadata from __transaction_state-7 at epoch 0 (kafka.coordinator.transaction.TransactionStateManager)
stream-state-bench-kafka  | [2026-07-16 09:31:18,423] INFO [Transaction State Manager 1]: Finished loading 0 transaction metadata from __transaction_state-7 in 14 milliseconds, of which 14 milliseconds was spent in the scheduler. (kafka.coordinator.transaction.TransactionStateManager)
stream-state-bench-kafka  | [2026-07-16 09:31:18,423] INFO [Transaction State Manager 1]: Completed loading transaction metadata from __transaction_state-7 for coordinator epoch 0 (kafka.coordinator.transaction.TransactionStateManager)
stream-state-bench-kafka  | [2026-07-16 09:31:18,423] INFO [Transaction State Manager 1]: Loading transaction metadata from __transaction_state-40 at epoch 0 (kafka.coordinator.transaction.TransactionStateManager)
stream-state-bench-kafka  | [2026-07-16 09:31:18,423] INFO [Transaction State Manager 1]: Finished loading 0 transaction metadata from __transaction_state-40 in 14 milliseconds, of which 14 milliseconds was spent in the scheduler. (kafka.coordinator.transaction.TransactionStateManager)
stream-state-bench-kafka  | [2026-07-16 09:31:18,423] INFO [Transaction State Manager 1]: Completed loading transaction metadata from __transaction_state-40 for coordinator epoch 0 (kafka.coordinator.transaction.TransactionStateManager)
stream-state-bench-kafka  | [2026-07-16 09:31:18,423] INFO [Transaction State Manager 1]: Loading transaction metadata from __transaction_state-28 at epoch 0 (kafka.coordinator.transaction.TransactionStateManager)
stream-state-bench-kafka  | [2026-07-16 09:31:18,423] INFO [Transaction State Manager 1]: Finished loading 0 transaction metadata from __transaction_state-28 in 14 milliseconds, of which 14 milliseconds was spent in the scheduler. (kafka.coordinator.transaction.TransactionStateManager)
stream-state-bench-kafka  | [2026-07-16 09:31:18,423] INFO [Transaction State Manager 1]: Completed loading transaction metadata from __transaction_state-28 for coordinator epoch 0 (kafka.coordinator.transaction.TransactionStateManager)
stream-state-bench-kafka  | [2026-07-16 09:31:18,424] INFO [Transaction State Manager 1]: Loading transaction metadata from __transaction_state-32 at epoch 0 (kafka.coordinator.transaction.TransactionStateManager)
stream-state-bench-kafka  | [2026-07-16 09:31:18,424] INFO [Transaction State Manager 1]: Finished loading 0 transaction metadata from __transaction_state-32 in 15 milliseconds, of which 15 milliseconds was spent in the scheduler. (kafka.coordinator.transaction.TransactionStateManager)
stream-state-bench-kafka  | [2026-07-16 09:31:18,424] INFO [Transaction State Manager 1]: Completed loading transaction metadata from __transaction_state-32 for coordinator epoch 0 (kafka.coordinator.transaction.TransactionStateManager)
stream-state-bench-kafka  | [2026-07-16 09:31:18,424] INFO [Transaction State Manager 1]: Loading transaction metadata from __transaction_state-20 at epoch 0 (kafka.coordinator.transaction.TransactionStateManager)
stream-state-bench-kafka  | [2026-07-16 09:31:18,424] INFO [Transaction State Manager 1]: Finished loading 0 transaction metadata from __transaction_state-20 in 15 milliseconds, of which 15 milliseconds was spent in the scheduler. (kafka.coordinator.transaction.TransactionStateManager)
stream-state-bench-kafka  | [2026-07-16 09:31:18,424] INFO [Transaction State Manager 1]: Completed loading transaction metadata from __transaction_state-20 for coordinator epoch 0 (kafka.coordinator.transaction.TransactionStateManager)
stream-state-bench-kafka  | [2026-07-16 09:31:18,424] INFO [Transaction State Manager 1]: Loading transaction metadata from __transaction_state-24 at epoch 0 (kafka.coordinator.transaction.TransactionStateManager)
stream-state-bench-kafka  | [2026-07-16 09:31:18,424] INFO [Transaction State Manager 1]: Finished loading 0 transaction metadata from __transaction_state-24 in 15 milliseconds, of which 15 milliseconds was spent in the scheduler. (kafka.coordinator.transaction.TransactionStateManager)
stream-state-bench-kafka  | [2026-07-16 09:31:18,424] INFO [Transaction State Manager 1]: Completed loading transaction metadata from __transaction_state-24 for coordinator epoch 0 (kafka.coordinator.transaction.TransactionStateManager)
stream-state-bench-kafka  | [2026-07-16 09:31:18,424] INFO [Transaction State Manager 1]: Loading transaction metadata from __transaction_state-10 at epoch 0 (kafka.coordinator.transaction.TransactionStateManager)
stream-state-bench-kafka  | [2026-07-16 09:31:18,424] INFO [Transaction State Manager 1]: Finished loading 0 transaction metadata from __transaction_state-10 in 15 milliseconds, of which 15 milliseconds was spent in the scheduler. (kafka.coordinator.transaction.TransactionStateManager)
stream-state-bench-kafka  | [2026-07-16 09:31:18,424] INFO [Transaction State Manager 1]: Completed loading transaction metadata from __transaction_state-10 for coordinator epoch 0 (kafka.coordinator.transaction.TransactionStateManager)
stream-state-bench-kafka  | [2026-07-16 09:31:18,424] INFO [Transaction State Manager 1]: Loading transaction metadata from __transaction_state-43 at epoch 0 (kafka.coordinator.transaction.TransactionStateManager)
stream-state-bench-kafka  | [2026-07-16 09:31:18,424] INFO [Transaction State Manager 1]: Finished loading 0 transaction metadata from __transaction_state-43 in 15 milliseconds, of which 15 milliseconds was spent in the scheduler. (kafka.coordinator.transaction.TransactionStateManager)
stream-state-bench-kafka  | [2026-07-16 09:31:18,424] INFO [Transaction State Manager 1]: Completed loading transaction metadata from __transaction_state-43 for coordinator epoch 0 (kafka.coordinator.transaction.TransactionStateManager)
stream-state-bench-kafka  | [2026-07-16 09:31:18,424] INFO [Transaction State Manager 1]: Loading transaction metadata from __transaction_state-14 at epoch 0 (kafka.coordinator.transaction.TransactionStateManager)
stream-state-bench-kafka  | [2026-07-16 09:31:18,424] INFO [Transaction State Manager 1]: Finished loading 0 transaction metadata from __transaction_state-14 in 15 milliseconds, of which 15 milliseconds was spent in the scheduler. (kafka.coordinator.transaction.TransactionStateManager)
stream-state-bench-kafka  | [2026-07-16 09:31:18,424] INFO [Transaction State Manager 1]: Completed loading transaction metadata from __transaction_state-14 for coordinator epoch 0 (kafka.coordinator.transaction.TransactionStateManager)
stream-state-bench-kafka  | [2026-07-16 09:31:18,425] INFO [Transaction State Manager 1]: Loading transaction metadata from __transaction_state-47 at epoch 0 (kafka.coordinator.transaction.TransactionStateManager)
stream-state-bench-kafka  | [2026-07-16 09:31:18,425] INFO [Transaction State Manager 1]: Finished loading 0 transaction metadata from __transaction_state-47 in 16 milliseconds, of which 16 milliseconds was spent in the scheduler. (kafka.coordinator.transaction.TransactionStateManager)
stream-state-bench-kafka  | [2026-07-16 09:31:18,425] INFO [Transaction State Manager 1]: Completed loading transaction metadata from __transaction_state-47 for coordinator epoch 0 (kafka.coordinator.transaction.TransactionStateManager)
stream-state-bench-kafka  | [2026-07-16 09:31:18,425] INFO [Transaction State Manager 1]: Loading transaction metadata from __transaction_state-2 at epoch 0 (kafka.coordinator.transaction.TransactionStateManager)
stream-state-bench-kafka  | [2026-07-16 09:31:18,425] INFO [Transaction State Manager 1]: Finished loading 0 transaction metadata from __transaction_state-2 in 16 milliseconds, of which 16 milliseconds was spent in the scheduler. (kafka.coordinator.transaction.TransactionStateManager)
stream-state-bench-kafka  | [2026-07-16 09:31:18,425] INFO [Transaction State Manager 1]: Completed loading transaction metadata from __transaction_state-2 for coordinator epoch 0 (kafka.coordinator.transaction.TransactionStateManager)
stream-state-bench-kafka  | [2026-07-16 09:31:18,425] INFO [Transaction State Manager 1]: Loading transaction metadata from __transaction_state-35 at epoch 0 (kafka.coordinator.transaction.TransactionStateManager)
stream-state-bench-kafka  | [2026-07-16 09:31:18,425] INFO [Transaction State Manager 1]: Finished loading 0 transaction metadata from __transaction_state-35 in 16 milliseconds, of which 16 milliseconds was spent in the scheduler. (kafka.coordinator.transaction.TransactionStateManager)
stream-state-bench-kafka  | [2026-07-16 09:31:18,425] INFO [Transaction State Manager 1]: Completed loading transaction metadata from __transaction_state-35 for coordinator epoch 0 (kafka.coordinator.transaction.TransactionStateManager)
stream-state-bench-kafka  | [2026-07-16 09:31:18,426] INFO [Transaction State Manager 1]: Loading transaction metadata from __transaction_state-6 at epoch 0 (kafka.coordinator.transaction.TransactionStateManager)
stream-state-bench-kafka  | [2026-07-16 09:31:18,426] INFO [Transaction State Manager 1]: Finished loading 0 transaction metadata from __transaction_state-6 in 17 milliseconds, of which 17 milliseconds was spent in the scheduler. (kafka.coordinator.transaction.TransactionStateManager)
stream-state-bench-kafka  | [2026-07-16 09:31:18,426] INFO [Transaction State Manager 1]: Completed loading transaction metadata from __transaction_state-6 for coordinator epoch 0 (kafka.coordinator.transaction.TransactionStateManager)
stream-state-bench-kafka  | [2026-07-16 09:31:18,426] INFO [Transaction State Manager 1]: Loading transaction metadata from __transaction_state-39 at epoch 0 (kafka.coordinator.transaction.TransactionStateManager)
stream-state-bench-kafka  | [2026-07-16 09:31:18,426] INFO [Transaction State Manager 1]: Finished loading 0 transaction metadata from __transaction_state-39 in 16 milliseconds, of which 16 milliseconds was spent in the scheduler. (kafka.coordinator.transaction.TransactionStateManager)
stream-state-bench-kafka  | [2026-07-16 09:31:18,426] INFO [Transaction State Manager 1]: Completed loading transaction metadata from __transaction_state-39 for coordinator epoch 0 (kafka.coordinator.transaction.TransactionStateManager)
stream-state-bench-kafka  | [2026-07-16 09:31:18,426] INFO [Transaction State Manager 1]: Loading transaction metadata from __transaction_state-27 at epoch 0 (kafka.coordinator.transaction.TransactionStateManager)
stream-state-bench-kafka  | [2026-07-16 09:31:18,426] INFO [Transaction State Manager 1]: Finished loading 0 transaction metadata from __transaction_state-27 in 16 milliseconds, of which 16 milliseconds was spent in the scheduler. (kafka.coordinator.transaction.TransactionStateManager)
stream-state-bench-kafka  | [2026-07-16 09:31:18,426] INFO [Transaction State Manager 1]: Completed loading transaction metadata from __transaction_state-27 for coordinator epoch 0 (kafka.coordinator.transaction.TransactionStateManager)
stream-state-bench-kafka  | [2026-07-16 09:31:18,426] INFO [Transaction State Manager 1]: Loading transaction metadata from __transaction_state-31 at epoch 0 (kafka.coordinator.transaction.TransactionStateManager)
stream-state-bench-kafka  | [2026-07-16 09:31:18,426] INFO [Transaction State Manager 1]: Finished loading 0 transaction metadata from __transaction_state-31 in 16 milliseconds, of which 16 milliseconds was spent in the scheduler. (kafka.coordinator.transaction.TransactionStateManager)
stream-state-bench-kafka  | [2026-07-16 09:31:18,426] INFO [Transaction State Manager 1]: Completed loading transaction metadata from __transaction_state-31 for coordinator epoch 0 (kafka.coordinator.transaction.TransactionStateManager)
stream-state-bench-kafka  | [2026-07-16 09:31:18,426] INFO [Transaction State Manager 1]: Loading transaction metadata from __transaction_state-19 at epoch 0 (kafka.coordinator.transaction.TransactionStateManager)
stream-state-bench-kafka  | [2026-07-16 09:31:18,427] INFO [Transaction State Manager 1]: Finished loading 0 transaction metadata from __transaction_state-19 in 17 milliseconds, of which 16 milliseconds was spent in the scheduler. (kafka.coordinator.transaction.TransactionStateManager)
stream-state-bench-kafka  | [2026-07-16 09:31:18,427] INFO [Transaction State Manager 1]: Completed loading transaction metadata from __transaction_state-19 for coordinator epoch 0 (kafka.coordinator.transaction.TransactionStateManager)
stream-state-bench-kafka  | [2026-07-16 09:31:18,427] INFO [Transaction State Manager 1]: Loading transaction metadata from __transaction_state-23 at epoch 0 (kafka.coordinator.transaction.TransactionStateManager)
stream-state-bench-kafka  | [2026-07-16 09:31:18,427] INFO [Transaction State Manager 1]: Finished loading 0 transaction metadata from __transaction_state-23 in 17 milliseconds, of which 17 milliseconds was spent in the scheduler. (kafka.coordinator.transaction.TransactionStateManager)
stream-state-bench-kafka  | [2026-07-16 09:31:18,427] INFO [Transaction State Manager 1]: Completed loading transaction metadata from __transaction_state-23 for coordinator epoch 0 (kafka.coordinator.transaction.TransactionStateManager)
stream-state-bench-kafka  | [2026-07-16 09:31:18,634] INFO [TransactionCoordinator id=1] Initialized transactionalId stream-state-bench-w3-latency-tumbling_count-stability_100-e5fb7bd3-e807-415f-9222-0e3db1b85a4b-1 with producerId 0 and producer epoch 0 on partition __transaction_state-39 (kafka.coordinator.transaction.TransactionCoordinator)
stream-state-bench-kafka  | [2026-07-16 09:31:23,635] INFO [GroupCoordinator id=1 topic=__consumer_offsets partition=27] Dynamic member with unknown member id joins group console-consumer-457 in Empty state. Created a new member id console-consumer-39798631-3f22-4025-b1c5-c2eb29fdb50d and requesting the member to rejoin with this id. (org.apache.kafka.coordinator.group.GroupMetadataManager)
stream-state-bench-kafka  | [2026-07-16 09:31:23,637] INFO [GroupCoordinator id=1 topic=__consumer_offsets partition=27] Pending dynamic member with id console-consumer-39798631-3f22-4025-b1c5-c2eb29fdb50d joins group console-consumer-457 in Empty state. Adding to the group now. (org.apache.kafka.coordinator.group.GroupMetadataManager)
stream-state-bench-kafka  | [2026-07-16 09:31:23,638] INFO [GroupCoordinator id=1 topic=__consumer_offsets partition=27] Preparing to rebalance group console-consumer-457 in state PreparingRebalance with old generation 0 (reason: Adding new member console-consumer-39798631-3f22-4025-b1c5-c2eb29fdb50d with group instance id null; client reason: need to re-join with the given member-id: console-consumer-39798631-3f22-4025-b1c5-c2eb29fdb50d). (org.apache.kafka.coordinator.group.GroupMetadataManager)
stream-state-bench-kafka  | [2026-07-16 09:31:23,638] INFO [GroupCoordinator id=1 topic=__consumer_offsets partition=27] Stabilized group console-consumer-457 generation 1 with 1 members. (org.apache.kafka.coordinator.group.GroupMetadataManager)
stream-state-bench-kafka  | [2026-07-16 09:31:23,648] INFO [GroupCoordinator id=1 topic=__consumer_offsets partition=36] Dynamic member with unknown member id joins group console-consumer-72231 in Empty state. Created a new member id console-consumer-58c4dca7-a65e-4815-b754-c27e3c7a965c and requesting the member to rejoin with this id. (org.apache.kafka.coordinator.group.GroupMetadataManager)
stream-state-bench-kafka  | [2026-07-16 09:31:23,651] INFO [GroupCoordinator id=1 topic=__consumer_offsets partition=36] Pending dynamic member with id console-consumer-58c4dca7-a65e-4815-b754-c27e3c7a965c joins group console-consumer-72231 in Empty state. Adding to the group now. (org.apache.kafka.coordinator.group.GroupMetadataManager)
stream-state-bench-kafka  | [2026-07-16 09:31:23,651] INFO [GroupCoordinator id=1 topic=__consumer_offsets partition=36] Preparing to rebalance group console-consumer-72231 in state PreparingRebalance with old generation 0 (reason: Adding new member console-consumer-58c4dca7-a65e-4815-b754-c27e3c7a965c with group instance id null; client reason: need to re-join with the given member-id: console-consumer-58c4dca7-a65e-4815-b754-c27e3c7a965c). (org.apache.kafka.coordinator.group.GroupMetadataManager)
stream-state-bench-kafka  | [2026-07-16 09:31:23,651] INFO [GroupCoordinator id=1 topic=__consumer_offsets partition=36] Stabilized group console-consumer-72231 generation 1 with 1 members. (org.apache.kafka.coordinator.group.GroupMetadataManager)
stream-state-bench-kafka  | [2026-07-16 09:31:23,655] INFO [GroupCoordinator id=1 topic=__consumer_offsets partition=27] Assignment received from leader console-consumer-39798631-3f22-4025-b1c5-c2eb29fdb50d for group console-consumer-457 for generation 1. The group has 1 members, 0 of which are static. (org.apache.kafka.coordinator.group.GroupMetadataManager)
stream-state-bench-kafka  | [2026-07-16 09:31:23,669] INFO [GroupCoordinator id=1 topic=__consumer_offsets partition=36] Assignment received from leader console-consumer-58c4dca7-a65e-4815-b754-c27e3c7a965c for group console-consumer-72231 for generation 1. The group has 1 members, 0 of which are static. (org.apache.kafka.coordinator.group.GroupMetadataManager)
stream-state-bench-kafka  | [2026-07-16 09:31:25,946] INFO [Transaction Marker Channel Manager 1]: Creating new marker queue map to destination broker 1 (kafka.coordinator.transaction.TransactionMarkerChannelManager)
stream-state-bench-kafka  | [2026-07-16 09:31:25,947] INFO Creating new marker queue for txn partition 39 to destination broker 1 (kafka.coordinator.transaction.TxnMarkerQueue)
stream-state-bench-kafka  | [2026-07-16 09:31:25,963] INFO [LocalLog partition=stream-state-bench-w3-latency-tumbling_count-stability_100-tumbling-count-store-repartition-0, dir=/tmp/kafka-logs/stream-state-bench-w3-latency-tumbling_count-stability_100-tumbling-count-store-repartition-0] Rolled new log segment at offset 253 in 3 ms. (org.apache.kafka.storage.internals.log.LocalLog)
stream-state-bench-kafka  | [2026-07-16 09:31:25,964] INFO [ProducerStateManager partition=stream-state-bench-w3-latency-tumbling_count-stability_100-tumbling-count-store-repartition-0] Wrote producer snapshot at offset 253 with 1 producer ids in 0 ms. (org.apache.kafka.storage.internals.log.ProducerStateManager)
stream-state-bench-kafka  | [2026-07-16 09:31:27,225] INFO [LocalLog partition=stream-state-bench-w3-latency-tumbling_count-stability_100-tumbling-count-store-changelog-0, dir=/tmp/kafka-logs/stream-state-bench-w3-latency-tumbling_count-stability_100-tumbling-count-store-changelog-0] Rolled new log segment at offset 97 in 1 ms. (org.apache.kafka.storage.internals.log.LocalLog)
stream-state-bench-kafka  | [2026-07-16 09:31:27,225] INFO [ProducerStateManager partition=stream-state-bench-w3-latency-tumbling_count-stability_100-tumbling-count-store-changelog-0] Wrote producer snapshot at offset 97 with 1 producer ids in 0 ms. (org.apache.kafka.storage.internals.log.ProducerStateManager)
stream-state-bench-kafka  | [2026-07-16 09:31:31,722] INFO [LocalLog partition=bench-w3-latency-output-0, dir=/tmp/kafka-logs/bench-w3-latency-output-0] Rolled new log segment at offset 100 in 1 ms. (org.apache.kafka.storage.internals.log.LocalLog)
stream-state-bench-kafka  | [2026-07-16 09:31:31,723] INFO [ProducerStateManager partition=bench-w3-latency-output-0] Wrote producer snapshot at offset 100 with 1 producer ids in 0 ms. (org.apache.kafka.storage.internals.log.ProducerStateManager)
stream-state-bench-kafka  | [2026-07-16 09:31:41,188] INFO [UnifiedLog partition=bench-w3-latency-output-0, dir=/tmp/kafka-logs] Incremented log start offset to 100 due to segment deletion (org.apache.kafka.storage.internals.log.UnifiedLog)
stream-state-bench-kafka  | [2026-07-16 09:31:41,192] INFO [UnifiedLog partition=bench-w3-latency-output-0, dir=/tmp/kafka-logs] Deleting segment LogSegment(baseOffset=0, size=18741, lastModifiedTime=1784194291711, largestRecordTimestamp=59900) due to log retention time 604800000ms breach based on the largest record timestamp in the segment (org.apache.kafka.storage.internals.log.UnifiedLog)
stream-state-bench-kafka  | [2026-07-16 09:31:41,340] INFO [UnifiedLog partition=stream-state-bench-w3-latency-tumbling_count-stability_100-tumbling-count-store-changelog-0, dir=/tmp/kafka-logs] Incremented log start offset to 97 due to segment deletion (org.apache.kafka.storage.internals.log.UnifiedLog)
stream-state-bench-kafka  | [2026-07-16 09:31:41,341] INFO [UnifiedLog partition=stream-state-bench-w3-latency-tumbling_count-stability_100-tumbling-count-store-changelog-0, dir=/tmp/kafka-logs] Deleting segment LogSegment(baseOffset=0, size=3609, lastModifiedTime=1784194287207, largestRecordTimestamp=25200) due to log retention time 86460000ms breach based on the largest record timestamp in the segment (org.apache.kafka.storage.internals.log.UnifiedLog)
stream-state-bench-kafka  | [2026-07-16 09:31:47,525] INFO [UnifiedLog partition=stream-state-bench-w3-latency-tumbling_count-stability_100-tumbling-count-store-repartition-0, dir=/tmp/kafka-logs] Incremented log start offset to 2292 due to client delete records request (org.apache.kafka.storage.internals.log.UnifiedLog)
stream-state-bench-kafka  | [2026-07-16 09:32:17,603] INFO [UnifiedLog partition=stream-state-bench-w3-latency-tumbling_count-stability_100-tumbling-count-store-repartition-0, dir=/tmp/kafka-logs] Incremented log start offset to 5249 due to client delete records request (org.apache.kafka.storage.internals.log.UnifiedLog)
stream-state-bench-kafka  | [2026-07-16 09:32:41,193] INFO [LocalLog partition=bench-w3-latency-output-0, dir=/tmp/kafka-logs/bench-w3-latency-output-0] Deleting segment files LogSegment(baseOffset=0, size=18741, lastModifiedTime=1784194291711, largestRecordTimestamp=59900) (org.apache.kafka.storage.internals.log.LocalLog)
stream-state-bench-kafka  | [2026-07-16 09:32:41,194] INFO Deleted log /tmp/kafka-logs/bench-w3-latency-output-0/00000000000000000000.log.deleted. (org.apache.kafka.storage.internals.log.LogSegment)
stream-state-bench-kafka  | [2026-07-16 09:32:41,194] INFO Deleted offset index /tmp/kafka-logs/bench-w3-latency-output-0/00000000000000000000.index.deleted. (org.apache.kafka.storage.internals.log.LogSegment)
stream-state-bench-kafka  | [2026-07-16 09:32:41,195] INFO Deleted time index /tmp/kafka-logs/bench-w3-latency-output-0/00000000000000000000.timeindex.deleted. (org.apache.kafka.storage.internals.log.LogSegment)
stream-state-bench-kafka  | [2026-07-16 09:32:41,329] INFO [UnifiedLog partition=stream-state-bench-w3-latency-tumbling_count-stability_100-tumbling-count-store-changelog-0, dir=/tmp/kafka-logs] Deleting segment files LogSegment(baseOffset=0, size=3609, lastModifiedTime=1784194287207, largestRecordTimestamp=25200) (org.apache.kafka.storage.internals.log.LocalLog)
stream-state-bench-kafka  | [2026-07-16 09:32:41,329] INFO Deleted log /tmp/kafka-logs/stream-state-bench-w3-latency-tumbling_count-stability_100-tumbling-count-store-changelog-0/00000000000000000000.log.deleted. (org.apache.kafka.storage.internals.log.LogSegment)
stream-state-bench-kafka  | [2026-07-16 09:32:41,329] INFO Deleted offset index /tmp/kafka-logs/stream-state-bench-w3-latency-tumbling_count-stability_100-tumbling-count-store-changelog-0/00000000000000000000.index.deleted. (org.apache.kafka.storage.internals.log.LogSegment)
stream-state-bench-kafka  | [2026-07-16 09:32:41,330] INFO Deleted time index /tmp/kafka-logs/stream-state-bench-w3-latency-tumbling_count-stability_100-tumbling-count-store-changelog-0/00000000000000000000.timeindex.deleted. (org.apache.kafka.storage.internals.log.LogSegment)
stream-state-bench-kafka  | [2026-07-16 09:32:41,341] INFO [LocalLog partition=stream-state-bench-w3-latency-tumbling_count-stability_100-tumbling-count-store-changelog-0, dir=/tmp/kafka-logs/stream-state-bench-w3-latency-tumbling_count-stability_100-tumbling-count-store-changelog-0] Deleting segment files LogSegment(baseOffset=0, size=3609, lastModifiedTime=0, largestRecordTimestamp=25200) (org.apache.kafka.storage.internals.log.LocalLog)
stream-state-bench-kafka  | [2026-07-16 09:32:41,342] INFO Failed to delete log /tmp/kafka-logs/stream-state-bench-w3-latency-tumbling_count-stability_100-tumbling-count-store-changelog-0/00000000000000000000.log.deleted because it does not exist. (org.apache.kafka.storage.internals.log.LogSegment)
stream-state-bench-kafka  | [2026-07-16 09:32:41,342] INFO Failed to delete offset index /tmp/kafka-logs/stream-state-bench-w3-latency-tumbling_count-stability_100-tumbling-count-store-changelog-0/00000000000000000000.index.deleted because it does not exist. (org.apache.kafka.storage.internals.log.LogSegment)
stream-state-bench-kafka  | [2026-07-16 09:32:41,342] INFO Failed to delete time index /tmp/kafka-logs/stream-state-bench-w3-latency-tumbling_count-stability_100-tumbling-count-store-changelog-0/00000000000000000000.timeindex.deleted because it does not exist. (org.apache.kafka.storage.internals.log.LogSegment)
stream-state-bench-kafka  | [2026-07-16 09:32:47,702] INFO [UnifiedLog partition=stream-state-bench-w3-latency-tumbling_count-stability_100-tumbling-count-store-repartition-0, dir=/tmp/kafka-logs] Incremented log start offset to 8308 due to client delete records request (org.apache.kafka.storage.internals.log.UnifiedLog)
stream-state-bench-kafka  | [2026-07-16 09:33:17,790] INFO [UnifiedLog partition=stream-state-bench-w3-latency-tumbling_count-stability_100-tumbling-count-store-repartition-0, dir=/tmp/kafka-logs] Incremented log start offset to 11366 due to client delete records request (org.apache.kafka.storage.internals.log.UnifiedLog)
stream-state-bench-kafka  | [2026-07-16 09:33:47,791] INFO [UnifiedLog partition=stream-state-bench-w3-latency-tumbling_count-stability_100-tumbling-count-store-repartition-0, dir=/tmp/kafka-logs] Incremented log start offset to 14425 due to client delete records request (org.apache.kafka.storage.internals.log.UnifiedLog)
stream-state-bench-kafka  | [2026-07-16 09:34:17,888] INFO [UnifiedLog partition=stream-state-bench-w3-latency-tumbling_count-stability_100-tumbling-count-store-repartition-0, dir=/tmp/kafka-logs] Incremented log start offset to 17484 due to client delete records request (org.apache.kafka.storage.internals.log.UnifiedLog)
stream-state-bench-kafka  | [2026-07-16 09:34:47,988] INFO [UnifiedLog partition=stream-state-bench-w3-latency-tumbling_count-stability_100-tumbling-count-store-repartition-0, dir=/tmp/kafka-logs] Incremented log start offset to 20543 due to client delete records request (org.apache.kafka.storage.internals.log.UnifiedLog)
stream-state-bench-kafka  | [2026-07-16 09:35:18,068] INFO [UnifiedLog partition=stream-state-bench-w3-latency-tumbling_count-stability_100-tumbling-count-store-repartition-0, dir=/tmp/kafka-logs] Incremented log start offset to 23500 due to client delete records request (org.apache.kafka.storage.internals.log.UnifiedLog)
stream-state-bench-kafka  | [2026-07-16 09:35:48,168] INFO [UnifiedLog partition=stream-state-bench-w3-latency-tumbling_count-stability_100-tumbling-count-store-repartition-0, dir=/tmp/kafka-logs] Incremented log start offset to 26559 due to client delete records request (org.apache.kafka.storage.internals.log.UnifiedLog)
stream-state-bench-kafka  | [2026-07-16 09:36:18,266] INFO [UnifiedLog partition=stream-state-bench-w3-latency-tumbling_count-stability_100-tumbling-count-store-repartition-0, dir=/tmp/kafka-logs] Incremented log start offset to 29619 due to client delete records request (org.apache.kafka.storage.internals.log.UnifiedLog)
stream-state-bench-kafka  | [2026-07-16 09:36:41,185] INFO [UnifiedLog partition=stream-state-bench-w3-latency-tumbling_count-stability_100-tumbling-count-store-repartition-0, dir=/tmp/kafka-logs] Deleting segments due to log start offset 29619 breach: LogSegment(baseOffset=0, size=7207, lastModifiedTime=1784194285771, largestRecordTimestamp=25200) (org.apache.kafka.storage.internals.log.UnifiedLog)
stream-state-bench-kafka  | [2026-07-16 09:36:48,366] INFO [UnifiedLog partition=stream-state-bench-w3-latency-tumbling_count-stability_100-tumbling-count-store-repartition-0, dir=/tmp/kafka-logs] Incremented log start offset to 32678 due to client delete records request (org.apache.kafka.storage.internals.log.UnifiedLog)
stream-state-bench-kafka  | [2026-07-16 09:37:18,449] INFO [UnifiedLog partition=stream-state-bench-w3-latency-tumbling_count-stability_100-tumbling-count-store-repartition-0, dir=/tmp/kafka-logs] Incremented log start offset to 35635 due to client delete records request (org.apache.kafka.storage.internals.log.UnifiedLog)
stream-state-bench-kafka  | [2026-07-16 09:37:41,185] INFO [LocalLog partition=stream-state-bench-w3-latency-tumbling_count-stability_100-tumbling-count-store-repartition-0, dir=/tmp/kafka-logs/stream-state-bench-w3-latency-tumbling_count-stability_100-tumbling-count-store-repartition-0] Deleting segment files LogSegment(baseOffset=0, size=7207, lastModifiedTime=1784194285771, largestRecordTimestamp=25200) (org.apache.kafka.storage.internals.log.LocalLog)
stream-state-bench-kafka  | [2026-07-16 09:37:41,186] INFO Deleted log /tmp/kafka-logs/stream-state-bench-w3-latency-tumbling_count-stability_100-tumbling-count-store-repartition-0/00000000000000000000.log.deleted. (org.apache.kafka.storage.internals.log.LogSegment)
stream-state-bench-kafka  | [2026-07-16 09:37:41,186] INFO Deleted offset index /tmp/kafka-logs/stream-state-bench-w3-latency-tumbling_count-stability_100-tumbling-count-store-repartition-0/00000000000000000000.index.deleted. (org.apache.kafka.storage.internals.log.LogSegment)
stream-state-bench-kafka  | [2026-07-16 09:37:41,186] INFO Deleted time index /tmp/kafka-logs/stream-state-bench-w3-latency-tumbling_count-stability_100-tumbling-count-store-repartition-0/00000000000000000000.timeindex.deleted. (org.apache.kafka.storage.internals.log.LogSegment)
stream-state-bench-kafka  | [2026-07-16 09:37:48,548] INFO [UnifiedLog partition=stream-state-bench-w3-latency-tumbling_count-stability_100-tumbling-count-store-repartition-0, dir=/tmp/kafka-logs] Incremented log start offset to 38694 due to client delete records request (org.apache.kafka.storage.internals.log.UnifiedLog)
stream-state-bench-kafka  | [2026-07-16 09:38:18,638] INFO [UnifiedLog partition=stream-state-bench-w3-latency-tumbling_count-stability_100-tumbling-count-store-repartition-0, dir=/tmp/kafka-logs] Incremented log start offset to 41753 due to client delete records request (org.apache.kafka.storage.internals.log.UnifiedLog)
stream-state-bench-kafka  | [2026-07-16 09:38:48,716] INFO [UnifiedLog partition=stream-state-bench-w3-latency-tumbling_count-stability_100-tumbling-count-store-repartition-0, dir=/tmp/kafka-logs] Incremented log start offset to 44810 due to client delete records request (org.apache.kafka.storage.internals.log.UnifiedLog)
stream-state-bench-kafka  | [2026-07-16 09:39:18,757] INFO [UnifiedLog partition=stream-state-bench-w3-latency-tumbling_count-stability_100-tumbling-count-store-repartition-0, dir=/tmp/kafka-logs] Incremented log start offset to 47869 due to client delete records request (org.apache.kafka.storage.internals.log.UnifiedLog)
stream-state-bench-kafka  | [2026-07-16 09:39:48,808] INFO [UnifiedLog partition=stream-state-bench-w3-latency-tumbling_count-stability_100-tumbling-count-store-repartition-0, dir=/tmp/kafka-logs] Incremented log start offset to 50827 due to client delete records request (org.apache.kafka.storage.internals.log.UnifiedLog)
stream-state-bench-kafka  | [2026-07-16 09:40:18,948] INFO [UnifiedLog partition=stream-state-bench-w3-latency-tumbling_count-stability_100-tumbling-count-store-repartition-0, dir=/tmp/kafka-logs] Incremented log start offset to 53988 due to client delete records request (org.apache.kafka.storage.internals.log.UnifiedLog)
stream-state-bench-kafka  | [2026-07-16 09:40:49,017] INFO [UnifiedLog partition=stream-state-bench-w3-latency-tumbling_count-stability_100-tumbling-count-store-repartition-0, dir=/tmp/kafka-logs] Incremented log start offset to 56945 due to client delete records request (org.apache.kafka.storage.internals.log.UnifiedLog)
stream-state-bench-kafka  | [2026-07-16 09:41:11,229] INFO [NodeToControllerChannelManager id=1 name=registration] Node 1 disconnected. (org.apache.kafka.clients.NetworkClient)
stream-state-bench-kafka  | [2026-07-16 09:41:18,600] INFO [NodeToControllerChannelManager id=1 name=forwarding] Node 1 disconnected. (org.apache.kafka.clients.NetworkClient)
stream-state-bench-kafka  | [2026-07-16 09:41:19,028] INFO [UnifiedLog partition=stream-state-bench-w3-latency-tumbling_count-stability_100-tumbling-count-store-repartition-0, dir=/tmp/kafka-logs] Incremented log start offset to 60004 due to client delete records request (org.apache.kafka.storage.internals.log.UnifiedLog)
stream-state-bench-kafka  | [2026-07-16 09:41:49,078] INFO [UnifiedLog partition=stream-state-bench-w3-latency-tumbling_count-stability_100-tumbling-count-store-repartition-0, dir=/tmp/kafka-logs] Incremented log start offset to 62961 due to client delete records request (org.apache.kafka.storage.internals.log.UnifiedLog)
stream-state-bench-kafka  | [2026-07-16 09:42:19,203] INFO [UnifiedLog partition=stream-state-bench-w3-latency-tumbling_count-stability_100-tumbling-count-store-repartition-0, dir=/tmp/kafka-logs] Incremented log start offset to 66121 due to client delete records request (org.apache.kafka.storage.internals.log.UnifiedLog)
stream-state-bench-kafka  | [2026-07-16 09:42:49,268] INFO [UnifiedLog partition=stream-state-bench-w3-latency-tumbling_count-stability_100-tumbling-count-store-repartition-0, dir=/tmp/kafka-logs] Incremented log start offset to 69079 due to client delete records request (org.apache.kafka.storage.internals.log.UnifiedLog)
stream-state-bench-kafka  | [2026-07-16 09:43:19,368] INFO [UnifiedLog partition=stream-state-bench-w3-latency-tumbling_count-stability_100-tumbling-count-store-repartition-0, dir=/tmp/kafka-logs] Incremented log start offset to 72136 due to client delete records request (org.apache.kafka.storage.internals.log.UnifiedLog)
stream-state-bench-kafka  | [2026-07-16 09:43:49,439] INFO [UnifiedLog partition=stream-state-bench-w3-latency-tumbling_count-stability_100-tumbling-count-store-repartition-0, dir=/tmp/kafka-logs] Incremented log start offset to 75094 due to client delete records request (org.apache.kafka.storage.internals.log.UnifiedLog)
stream-state-bench-kafka  | [2026-07-16 09:44:19,528] INFO [UnifiedLog partition=stream-state-bench-w3-latency-tumbling_count-stability_100-tumbling-count-store-repartition-0, dir=/tmp/kafka-logs] Incremented log start offset to 78151 due to client delete records request (org.apache.kafka.storage.internals.log.UnifiedLog)
stream-state-bench-kafka  | [2026-07-16 09:44:49,628] INFO [UnifiedLog partition=stream-state-bench-w3-latency-tumbling_count-stability_100-tumbling-count-store-repartition-0, dir=/tmp/kafka-logs] Incremented log start offset to 81211 due to client delete records request (org.apache.kafka.storage.internals.log.UnifiedLog)
stream-state-bench-kafka  | [2026-07-16 09:45:19,650] INFO [UnifiedLog partition=stream-state-bench-w3-latency-tumbling_count-stability_100-tumbling-count-store-repartition-0, dir=/tmp/kafka-logs] Incremented log start offset to 84270 due to client delete records request (org.apache.kafka.storage.internals.log.UnifiedLog)
stream-state-bench-kafka  | [2026-07-16 09:45:49,722] INFO [UnifiedLog partition=stream-state-bench-w3-latency-tumbling_count-stability_100-tumbling-count-store-repartition-0, dir=/tmp/kafka-logs] Incremented log start offset to 87228 due to client delete records request (org.apache.kafka.storage.internals.log.UnifiedLog)
stream-state-bench-kafka  | [2026-07-16 09:46:19,799] INFO [UnifiedLog partition=stream-state-bench-w3-latency-tumbling_count-stability_100-tumbling-count-store-repartition-0, dir=/tmp/kafka-logs] Incremented log start offset to 90285 due to client delete records request (org.apache.kafka.storage.internals.log.UnifiedLog)
stream-state-bench-kafka  | [2026-07-16 09:46:49,815] INFO [UnifiedLog partition=stream-state-bench-w3-latency-tumbling_count-stability_100-tumbling-count-store-repartition-0, dir=/tmp/kafka-logs] Incremented log start offset to 93344 due to client delete records request (org.apache.kafka.storage.internals.log.UnifiedLog)
stream-state-bench-kafka  | [2026-07-16 09:47:19,886] INFO [UnifiedLog partition=stream-state-bench-w3-latency-tumbling_count-stability_100-tumbling-count-store-repartition-0, dir=/tmp/kafka-logs] Incremented log start offset to 96403 due to client delete records request (org.apache.kafka.storage.internals.log.UnifiedLog)
stream-state-bench-kafka  | [2026-07-16 09:47:49,954] INFO [UnifiedLog partition=stream-state-bench-w3-latency-tumbling_count-stability_100-tumbling-count-store-repartition-0, dir=/tmp/kafka-logs] Incremented log start offset to 99459 due to client delete records request (org.apache.kafka.storage.internals.log.UnifiedLog)
stream-state-bench-kafka  | [2026-07-16 09:48:20,039] INFO [UnifiedLog partition=stream-state-bench-w3-latency-tumbling_count-stability_100-tumbling-count-store-repartition-0, dir=/tmp/kafka-logs] Incremented log start offset to 102416 due to client delete records request (org.apache.kafka.storage.internals.log.UnifiedLog)
stream-state-bench-kafka  | [2026-07-16 09:48:50,141] INFO [UnifiedLog partition=stream-state-bench-w3-latency-tumbling_count-stability_100-tumbling-count-store-repartition-0, dir=/tmp/kafka-logs] Incremented log start offset to 105577 due to client delete records request (org.apache.kafka.storage.internals.log.UnifiedLog)
stream-state-bench-kafka  | [2026-07-16 09:49:20,237] INFO [UnifiedLog partition=stream-state-bench-w3-latency-tumbling_count-stability_100-tumbling-count-store-repartition-0, dir=/tmp/kafka-logs] Incremented log start offset to 108535 due to client delete records request (org.apache.kafka.storage.internals.log.UnifiedLog)
stream-state-bench-kafka  | [2026-07-16 09:49:50,242] INFO [UnifiedLog partition=stream-state-bench-w3-latency-tumbling_count-stability_100-tumbling-count-store-repartition-0, dir=/tmp/kafka-logs] Incremented log start offset to 111594 due to client delete records request (org.apache.kafka.storage.internals.log.UnifiedLog)
stream-state-bench-kafka  | [2026-07-16 09:50:20,329] INFO [UnifiedLog partition=stream-state-bench-w3-latency-tumbling_count-stability_100-tumbling-count-store-repartition-0, dir=/tmp/kafka-logs] Incremented log start offset to 114552 due to client delete records request (org.apache.kafka.storage.internals.log.UnifiedLog)
stream-state-bench-kafka  | [2026-07-16 09:50:50,418] INFO [UnifiedLog partition=stream-state-bench-w3-latency-tumbling_count-stability_100-tumbling-count-store-repartition-0, dir=/tmp/kafka-logs] Incremented log start offset to 117610 due to client delete records request (org.apache.kafka.storage.internals.log.UnifiedLog)
stream-state-bench-kafka  | [2026-07-16 09:51:20,423] INFO [UnifiedLog partition=stream-state-bench-w3-latency-tumbling_count-stability_100-tumbling-count-store-repartition-0, dir=/tmp/kafka-logs] Incremented log start offset to 120670 due to client delete records request (org.apache.kafka.storage.internals.log.UnifiedLog)
stream-state-bench-kafka  | [2026-07-16 09:51:50,515] INFO [UnifiedLog partition=stream-state-bench-w3-latency-tumbling_count-stability_100-tumbling-count-store-repartition-0, dir=/tmp/kafka-logs] Incremented log start offset to 123729 due to client delete records request (org.apache.kafka.storage.internals.log.UnifiedLog)
stream-state-bench-kafka  | [2026-07-16 09:52:20,538] INFO [UnifiedLog partition=stream-state-bench-w3-latency-tumbling_count-stability_100-tumbling-count-store-repartition-0, dir=/tmp/kafka-logs] Incremented log start offset to 126687 due to client delete records request (org.apache.kafka.storage.internals.log.UnifiedLog)
stream-state-bench-kafka  | [2026-07-16 09:52:50,608] INFO [UnifiedLog partition=stream-state-bench-w3-latency-tumbling_count-stability_100-tumbling-count-store-repartition-0, dir=/tmp/kafka-logs] Incremented log start offset to 129746 due to client delete records request (org.apache.kafka.storage.internals.log.UnifiedLog)
stream-state-bench-kafka  | [2026-07-16 09:53:20,679] INFO [UnifiedLog partition=stream-state-bench-w3-latency-tumbling_count-stability_100-tumbling-count-store-repartition-0, dir=/tmp/kafka-logs] Incremented log start offset to 132802 due to client delete records request (org.apache.kafka.storage.internals.log.UnifiedLog)
stream-state-bench-kafka  | [2026-07-16 09:53:50,777] INFO [UnifiedLog partition=stream-state-bench-w3-latency-tumbling_count-stability_100-tumbling-count-store-repartition-0, dir=/tmp/kafka-logs] Incremented log start offset to 135862 due to client delete records request (org.apache.kafka.storage.internals.log.UnifiedLog)
stream-state-bench-kafka  | [2026-07-16 09:54:20,866] INFO [UnifiedLog partition=stream-state-bench-w3-latency-tumbling_count-stability_100-tumbling-count-store-repartition-0, dir=/tmp/kafka-logs] Incremented log start offset to 138920 due to client delete records request (org.apache.kafka.storage.internals.log.UnifiedLog)
stream-state-bench-kafka  | [2026-07-16 09:54:50,959] INFO [UnifiedLog partition=stream-state-bench-w3-latency-tumbling_count-stability_100-tumbling-count-store-repartition-0, dir=/tmp/kafka-logs] Incremented log start offset to 141878 due to client delete records request (org.apache.kafka.storage.internals.log.UnifiedLog)
stream-state-bench-kafka  | [2026-07-16 09:55:20,960] INFO [UnifiedLog partition=stream-state-bench-w3-latency-tumbling_count-stability_100-tumbling-count-store-repartition-0, dir=/tmp/kafka-logs] Incremented log start offset to 145039 due to client delete records request (org.apache.kafka.storage.internals.log.UnifiedLog)
stream-state-bench-kafka  | [2026-07-16 09:55:51,057] INFO [UnifiedLog partition=stream-state-bench-w3-latency-tumbling_count-stability_100-tumbling-count-store-repartition-0, dir=/tmp/kafka-logs] Incremented log start offset to 147997 due to client delete records request (org.apache.kafka.storage.internals.log.UnifiedLog)
stream-state-bench-kafka  | [2026-07-16 09:56:21,146] INFO [UnifiedLog partition=stream-state-bench-w3-latency-tumbling_count-stability_100-tumbling-count-store-repartition-0, dir=/tmp/kafka-logs] Incremented log start offset to 151055 due to client delete records request (org.apache.kafka.storage.internals.log.UnifiedLog)
stream-state-bench-kafka  | [2026-07-16 09:56:51,234] INFO [UnifiedLog partition=stream-state-bench-w3-latency-tumbling_count-stability_100-tumbling-count-store-repartition-0, dir=/tmp/kafka-logs] Incremented log start offset to 154012 due to client delete records request (org.apache.kafka.storage.internals.log.UnifiedLog)
stream-state-bench-kafka  | [2026-07-16 09:57:21,333] INFO [UnifiedLog partition=stream-state-bench-w3-latency-tumbling_count-stability_100-tumbling-count-store-repartition-0, dir=/tmp/kafka-logs] Incremented log start offset to 157173 due to client delete records request (org.apache.kafka.storage.internals.log.UnifiedLog)
stream-state-bench-kafka  | [2026-07-16 09:57:51,414] INFO [UnifiedLog partition=stream-state-bench-w3-latency-tumbling_count-stability_100-tumbling-count-store-repartition-0, dir=/tmp/kafka-logs] Incremented log start offset to 160129 due to client delete records request (org.apache.kafka.storage.internals.log.UnifiedLog)
stream-state-bench-kafka  | [2026-07-16 09:58:21,507] INFO [UnifiedLog partition=stream-state-bench-w3-latency-tumbling_count-stability_100-tumbling-count-store-repartition-0, dir=/tmp/kafka-logs] Incremented log start offset to 163187 due to client delete records request (org.apache.kafka.storage.internals.log.UnifiedLog)
stream-state-bench-kafka  | [2026-07-16 09:58:51,594] INFO [UnifiedLog partition=stream-state-bench-w3-latency-tumbling_count-stability_100-tumbling-count-store-repartition-0, dir=/tmp/kafka-logs] Incremented log start offset to 166144 due to client delete records request (org.apache.kafka.storage.internals.log.UnifiedLog)
stream-state-bench-kafka  | [2026-07-16 09:59:21,693] INFO [UnifiedLog partition=stream-state-bench-w3-latency-tumbling_count-stability_100-tumbling-count-store-repartition-0, dir=/tmp/kafka-logs] Incremented log start offset to 169305 due to client delete records request (org.apache.kafka.storage.internals.log.UnifiedLog)
stream-state-bench-kafka  | [2026-07-16 09:59:51,791] INFO [UnifiedLog partition=stream-state-bench-w3-latency-tumbling_count-stability_100-tumbling-count-store-repartition-0, dir=/tmp/kafka-logs] Incremented log start offset to 172364 due to client delete records request (org.apache.kafka.storage.internals.log.UnifiedLog)
stream-state-bench-kafka  | [2026-07-16 10:00:21,878] INFO [UnifiedLog partition=stream-state-bench-w3-latency-tumbling_count-stability_100-tumbling-count-store-repartition-0, dir=/tmp/kafka-logs] Incremented log start offset to 175321 due to client delete records request (org.apache.kafka.storage.internals.log.UnifiedLog)
stream-state-bench-kafka  | [2026-07-16 10:00:51,881] INFO [UnifiedLog partition=stream-state-bench-w3-latency-tumbling_count-stability_100-tumbling-count-store-repartition-0, dir=/tmp/kafka-logs] Incremented log start offset to 178482 due to client delete records request (org.apache.kafka.storage.internals.log.UnifiedLog)
stream-state-bench-kafka  | [2026-07-16 10:01:21,974] INFO [UnifiedLog partition=stream-state-bench-w3-latency-tumbling_count-stability_100-tumbling-count-store-repartition-0, dir=/tmp/kafka-logs] Incremented log start offset to 181440 due to client delete records request (org.apache.kafka.storage.internals.log.UnifiedLog)
stream-state-bench-kafka  | [2026-07-16 10:01:23,076] INFO [GroupCoordinator id=1 topic=__consumer_offsets partition=36] [Group console-consumer-72231] Member console-consumer-58c4dca7-a65e-4815-b754-c27e3c7a965c has left group through explicit `LeaveGroup` request; client reason: the consumer is being closed (org.apache.kafka.coordinator.group.GroupMetadataManager)
stream-state-bench-kafka  | [2026-07-16 10:01:23,077] INFO [GroupCoordinator id=1 topic=__consumer_offsets partition=36] Preparing to rebalance group console-consumer-72231 in state PreparingRebalance with old generation 1 (reason: explicit `LeaveGroup` request for (console-consumer-58c4dca7-a65e-4815-b754-c27e3c7a965c) members.). (org.apache.kafka.coordinator.group.GroupMetadataManager)
stream-state-bench-kafka  | [2026-07-16 10:01:23,077] INFO [GroupCoordinator id=1 topic=__consumer_offsets partition=36] Group console-consumer-72231 with generation 2 is now empty. (org.apache.kafka.coordinator.group.GroupMetadataManager)
stream-state-bench-kafka  | [2026-07-16 10:01:51,982] INFO [UnifiedLog partition=stream-state-bench-w3-latency-tumbling_count-stability_100-tumbling-count-store-repartition-0, dir=/tmp/kafka-logs] Incremented log start offset to 181744 due to client delete records request (org.apache.kafka.storage.internals.log.UnifiedLog)
stream-state-bench-kafka  | [2026-07-16 10:02:18,836] INFO [GroupCoordinator id=1 topic=__consumer_offsets partition=33] [Group console-consumer-19084] Member console-consumer-0ce49de6-f9a6-416e-a0f2-8c075a414109 has left group through explicit `LeaveGroup` request; client reason: the consumer is being closed (org.apache.kafka.coordinator.group.GroupMetadataManager)
stream-state-bench-kafka  | [2026-07-16 10:02:18,836] INFO [GroupCoordinator id=1 topic=__consumer_offsets partition=33] Preparing to rebalance group console-consumer-19084 in state PreparingRebalance with old generation 1 (reason: explicit `LeaveGroup` request for (console-consumer-0ce49de6-f9a6-416e-a0f2-8c075a414109) members.). (org.apache.kafka.coordinator.group.GroupMetadataManager)
stream-state-bench-kafka  | [2026-07-16 10:02:18,836] INFO [GroupCoordinator id=1 topic=__consumer_offsets partition=33] Group console-consumer-19084 with generation 2 is now empty. (org.apache.kafka.coordinator.group.GroupMetadataManager)
stream-state-bench-kafka  | [2026-07-16 10:11:16,634] INFO [GroupCoordinator id=1 topic=__consumer_offsets partition=36] Generated 1 tombstone records while cleaning up group metadata in 0 milliseconds. (org.apache.kafka.coordinator.group.GroupCoordinatorShard)
stream-state-bench-kafka  | [2026-07-16 10:11:16,636] INFO [GroupCoordinator id=1 topic=__consumer_offsets partition=33] Generated 1 tombstone records while cleaning up group metadata in 0 milliseconds. (org.apache.kafka.coordinator.group.GroupCoordinatorShard)
stream-state-bench-kafka  | [2026-07-16 10:11:25,892] INFO [TransactionCoordinator id=1] Node 1 disconnected. (org.apache.kafka.clients.NetworkClient)
stream-state-bench-kafka  | [2026-07-16 10:11:25,924] INFO [AddPartitionsToTxnManager broker=1]Node 1 disconnected. (org.apache.kafka.clients.NetworkClient)
stream-state-bench-kafka  | [2026-07-16 10:31:11,401] INFO [SnapshotGenerator id=1] Creating new KRaft snapshot file snapshot 00000000000000007345-0000000001 because we have waited at least 60 minute(s). (org.apache.kafka.image.publisher.SnapshotGenerator)
stream-state-bench-kafka  | [2026-07-16 10:31:11,432] INFO [SnapshotEmitter id=1] Successfully wrote snapshot 00000000000000007345-0000000001 (org.apache.kafka.image.publisher.SnapshotEmitter)
