flink-identity-1  | [main] WARN org.apache.flink.configuration.Configuration - Config uses deprecated configuration key 'state.checkpoints.dir' instead of proper key 'execution.checkpointing.dir'
flink-identity-1  | [main] INFO org.apache.flink.runtime.taskexecutor.TaskExecutorResourceUtils - The configuration option taskmanager.cpu.cores required for local execution is not set, setting it to the maximal possible value.
flink-identity-1  | [main] INFO org.apache.flink.runtime.taskexecutor.TaskExecutorResourceUtils - The configuration option taskmanager.memory.task.heap.size required for local execution is not set, setting it to the maximal possible value.
flink-identity-1  | [main] INFO org.apache.flink.runtime.taskexecutor.TaskExecutorResourceUtils - The configuration option taskmanager.memory.task.off-heap.size required for local execution is not set, setting it to the maximal possible value.
flink-identity-1                | [main] INFO org.apache.flink.runtime.taskexecutor.TaskExecutorResourceUtils - The configuration option taskmanager.memory.network.min required for local execution is not set, setting it to its default value 64 mb.
flink-identity-1                | [main] INFO org.apache.flink.runtime.taskexecutor.TaskExecutorResourceUtils - The configuration option taskmanager.memory.network.max required for local execution is not set, setting it to its default value 64 mb.
flink-identity-1                | [main] INFO org.apache.flink.runtime.taskexecutor.TaskExecutorResourceUtils - The configuration option taskmanager.memory.managed.size required for local execution is not set, setting it to its default value 128 mb.
stream-state-bench-flink-kafka  | ===> User
flink-identity-1                | [main] INFO org.apache.flink.runtime.minicluster.MiniCluster - Starting Flink Mini Cluster
flink-identity-1                | [main] INFO org.apache.flink.runtime.minicluster.MiniCluster - Starting Metrics Registry
flink-identity-1                | [main] INFO org.apache.flink.runtime.metrics.MetricRegistryImpl - No metrics reporter configured, no metrics will be exposed/reported.
flink-identity-1                | [main] INFO org.apache.flink.runtime.metrics.MetricRegistryImpl - No trace reporter configured, no traces will be exposed/reported.
flink-identity-1                | [main] INFO org.apache.flink.runtime.metrics.MetricRegistryImpl - No event reporter configured, no events will be exposed/reported.
flink-identity-1                | [main] INFO org.apache.flink.runtime.minicluster.MiniCluster - Starting RPC Service(s)
flink-identity-1                | [main] INFO org.apache.flink.runtime.rpc.pekko.PekkoRpcServiceUtils - Trying to start local actor system
flink-identity-1                | [flink-pekko.actor.default-dispatcher-5] INFO org.apache.pekko.event.slf4j.Slf4jLogger - Slf4jLogger started
flink-identity-1                | [main] INFO org.apache.flink.runtime.rpc.pekko.PekkoRpcServiceUtils - Actor system started at pekko://flink
flink-identity-1                | [main] INFO org.apache.flink.runtime.rpc.pekko.PekkoRpcServiceUtils - Trying to start local actor system
flink-identity-1                | [flink-metrics-5] INFO org.apache.pekko.event.slf4j.Slf4jLogger - Slf4jLogger started
flink-identity-1                | [main] INFO org.apache.flink.runtime.rpc.pekko.PekkoRpcServiceUtils - Actor system started at pekko://flink-metrics
flink-identity-1                | [main] INFO org.apache.flink.runtime.rpc.pekko.PekkoRpcService - Starting RPC endpoint for org.apache.flink.runtime.metrics.dump.MetricQueryService at pekko://flink-metrics/user/rpc/MetricQueryService .
flink-identity-1                | [main] INFO org.apache.flink.runtime.security.token.DefaultDelegationTokenManager - Loading delegation token providers
flink-identity-1                | [main] INFO org.apache.flink.runtime.security.token.hadoop.HadoopFSDelegationTokenProvider - Hadoop FS is not available (not packaged with this application): NoClassDefFoundError : "org/apache/hadoop/conf/Configuration".
flink-identity-1                | [main] INFO org.apache.flink.runtime.security.token.DefaultDelegationTokenManager - Delegation token provider hadoopfs loaded and initialized
flink-identity-1                | [main] INFO org.apache.flink.runtime.security.token.DefaultDelegationTokenManager - Delegation token provider hbase loaded and initialized
stream-state-bench-flink-kafka  | uid=1000(appuser) gid=1000(appuser) groups=1000(appuser)
stream-state-bench-flink-kafka  | ===> Setting default values of environment variables if not already set.
stream-state-bench-flink-kafka  | ===> Configuring ...
stream-state-bench-flink-kafka  | Running in KRaft mode...
flink-identity-1                | [main] INFO org.apache.flink.runtime.security.token.DefaultDelegationTokenManager - Delegation token providers loaded successfully
flink-identity-1                | [main] INFO org.apache.flink.runtime.security.token.DelegationTokenReceiverRepository - Loading delegation token receivers
flink-identity-1                | [main] INFO org.apache.flink.runtime.security.token.DelegationTokenReceiverRepository - Delegation token receiver hadoopfs loaded and initialized
flink-identity-1                | [main] INFO org.apache.flink.runtime.security.token.DelegationTokenReceiverRepository - Delegation token receiver hbase loaded and initialized
flink-identity-1                | [main] INFO org.apache.flink.runtime.security.token.DelegationTokenReceiverRepository - Delegation token receivers loaded successfully
flink-identity-1                | [main] INFO org.apache.flink.runtime.security.token.DefaultDelegationTokenManager - Checking provider and receiver instances consistency
flink-identity-1                | [main] INFO org.apache.flink.runtime.security.token.DefaultDelegationTokenManager - Provider and receiver instances are consistent
flink-identity-1                | [main] INFO org.apache.flink.runtime.security.token.DefaultDelegationTokenManager - Obtaining delegation tokens
flink-identity-1                | [main] INFO org.apache.flink.runtime.security.token.DefaultDelegationTokenManager - Delegation tokens obtained successfully
flink-identity-1                | [main] WARN org.apache.flink.runtime.security.token.DefaultDelegationTokenManager - No tokens obtained so skipping notifications
flink-identity-1                | [main] INFO org.apache.flink.runtime.security.token.DelegationTokenReceiverRepository - Loading delegation token receivers
flink-identity-1                | [main] INFO org.apache.flink.runtime.security.token.DelegationTokenReceiverRepository - Delegation token receiver hadoopfs loaded and initialized
flink-identity-1                | [main] INFO org.apache.flink.runtime.security.token.DelegationTokenReceiverRepository - Delegation token receiver hbase loaded and initialized
flink-identity-1                | [main] INFO org.apache.flink.runtime.security.token.DelegationTokenReceiverRepository - Delegation token receivers loaded successfully
flink-identity-1                | [main] INFO org.apache.flink.runtime.blob.BlobServer - Created BLOB server storage directory /tmp/minicluster_0fae0d2df2c5f18f1418c02cb2a3f16e/blobStorage
flink-identity-1                | [main] INFO org.apache.flink.runtime.blob.BlobServer - Started BLOB server at 0.0.0.0:41701 - max concurrent requests: 50 - max backlog: 1000
flink-identity-1                | [main] INFO org.apache.flink.runtime.blob.PermanentBlobCache - Created BLOB cache storage directory /tmp/minicluster_0fae0d2df2c5f18f1418c02cb2a3f16e/blobStorage
flink-identity-1                | [main] INFO org.apache.flink.runtime.blob.TransientBlobCache - Created BLOB cache storage directory /tmp/minicluster_0fae0d2df2c5f18f1418c02cb2a3f16e/blobStorage
flink-identity-1                | [main] INFO org.apache.flink.runtime.minicluster.MiniCluster - Starting 1 TaskManager(s)
flink-identity-1                | [main] INFO org.apache.flink.runtime.taskexecutor.TaskManagerRunner - Starting TaskManager with ResourceID: 75afa034-b1aa-44f9-ae4c-33dfc3554fe9
flink-identity-1                | [main] INFO org.apache.flink.runtime.taskexecutor.TaskManagerServices - Temporary file directory '/tmp': total 937 GB, usable 648 GB (69.16% usable)
flink-identity-1                | [main] INFO org.apache.flink.runtime.io.disk.iomanager.IOManager - Created a new FileChannelManager for spilling of task related data to disk (joins, sorting, ...). Used directories:
flink-identity-1                | 	/tmp/flink-io-e5ef8396-5250-464a-9a1b-be6a14db63aa
flink-identity-1                | [main] INFO org.apache.flink.runtime.io.network.NettyShuffleServiceFactory - Created a new FileChannelManager for storing result partitions of BLOCKING shuffles. Used directories:
flink-identity-1                | 	/tmp/flink-netty-shuffle-2b7bb212-778e-4add-b04f-bc3db9bbaaa3
flink-identity-1                | [main] INFO org.apache.flink.runtime.io.network.buffer.NetworkBufferPool - Allocated 64 MB for network buffer pool (number of memory segments: 2048, bytes per segment: 32768).
flink-identity-1                | [main] INFO org.apache.flink.runtime.io.network.NettyShuffleEnvironment - Starting the network environment and its components.
flink-identity-1                | [main] INFO org.apache.flink.runtime.taskexecutor.TaskManagerServices - TaskManager data connection initialized successfully; listening internally on port: -1
flink-identity-1                | [main] INFO org.apache.flink.runtime.taskexecutor.KvStateService - Starting the kvState service and its components.
flink-identity-1                | [main] INFO org.apache.flink.configuration.Configuration - Config uses fallback configuration key 'pekko.ask.timeout' instead of key 'taskmanager.slot.timeout'
flink-identity-1                | [main] INFO org.apache.flink.runtime.rpc.pekko.PekkoRpcService - Starting RPC endpoint for org.apache.flink.runtime.taskexecutor.TaskExecutor at pekko://flink/user/rpc/taskmanager_0 .
flink-identity-1                | [flink-pekko.actor.default-dispatcher-5] INFO org.apache.flink.runtime.taskexecutor.DefaultJobLeaderService - Start job leader service.
flink-identity-1                | [flink-pekko.actor.default-dispatcher-5] INFO org.apache.flink.runtime.filecache.FileCache - User file cache uses directory /tmp/flink-dist-cache-a5331453-b7f9-4013-9221-c691fd1be027
flink-identity-1                | [main] INFO org.apache.flink.runtime.dispatcher.DispatcherRestEndpoint - Upload directory /tmp/flink-web-upload does not exist. 
flink-identity-1                | [main] INFO org.apache.flink.runtime.dispatcher.DispatcherRestEndpoint - Created directory /tmp/flink-web-upload for file uploads.
flink-identity-1                | [main] INFO org.apache.flink.runtime.dispatcher.DispatcherRestEndpoint - Starting rest endpoint.
flink-identity-1                | [main] INFO org.apache.flink.runtime.dispatcher.DispatcherRestEndpoint - Failed to load web based job submission extension. Probable reason: flink-runtime-web is not in the classpath.
flink-identity-1                | [main] WARN org.apache.flink.runtime.webmonitor.WebMonitorUtils - Log file environment variable 'log.file' is not set.
stream-state-bench-flink-kafka  | ===> Launching ... 
flink-identity-1                | [main] WARN org.apache.flink.runtime.webmonitor.WebMonitorUtils - JobManager log files are unavailable in the web dashboard. Log file location not found in environment variable 'log.file' or configuration key 'web.log.path'.
stream-state-bench-flink-kafka  | ===> Using provided cluster id MkU3OEVBNTcwNTJENDM2Qk ...
stream-state-bench-flink-kafka  | [2026-07-17 19:08:28,940] INFO Registered `kafka:type=kafka.Log4jController` MBean (kafka.utils.Log4jControllerRegistration$)
stream-state-bench-flink-kafka  | [2026-07-17 19:08:29,024] INFO Registered signal handlers for TERM, INT, HUP (org.apache.kafka.common.utils.LoggingSignalHandler)
stream-state-bench-flink-kafka  | [2026-07-17 19:08:29,025] INFO [ControllerServer id=1] Starting controller (kafka.server.ControllerServer)
stream-state-bench-flink-kafka  | [2026-07-17 19:08:29,116] INFO Updated connection-accept-rate max connection creation rate to 2147483647 (kafka.network.ConnectionQuotas)
stream-state-bench-flink-kafka  | [2026-07-17 19:08:29,138] INFO [SocketServer listenerType=CONTROLLER, nodeId=1] Created data-plane acceptor and processors for endpoint : ListenerName(CONTROLLER) (kafka.network.SocketServer)
stream-state-bench-flink-kafka  | [2026-07-17 19:08:29,142] INFO authorizerStart completed for endpoint CONTROLLER. Endpoint is now READY. (org.apache.kafka.server.network.EndpointReadyFutures)
stream-state-bench-flink-kafka  | [2026-07-17 19:08:29,143] INFO [SharedServer id=1] Starting SharedServer (kafka.server.SharedServer)
stream-state-bench-flink-kafka  | [2026-07-17 19:08:29,167] INFO [LogLoader partition=__cluster_metadata-0, dir=/tmp/kafka-logs] Loading producer state till offset 0 (org.apache.kafka.storage.internals.log.UnifiedLog)
stream-state-bench-flink-kafka  | [2026-07-17 19:08:29,168] INFO [LogLoader partition=__cluster_metadata-0, dir=/tmp/kafka-logs] Reloading from producer snapshot and rebuilding producer state from offset 0 (org.apache.kafka.storage.internals.log.UnifiedLog)
stream-state-bench-flink-kafka  | [2026-07-17 19:08:29,168] INFO [LogLoader partition=__cluster_metadata-0, dir=/tmp/kafka-logs] Producer state recovery took 0ms for snapshot load and 0ms for segment recovery from offset 0 (org.apache.kafka.storage.internals.log.UnifiedLog)
stream-state-bench-flink-kafka  | [2026-07-17 19:08:29,172] INFO [RaftLog partition=__cluster_metadata-0] Initialized snapshots with IDs [] from /tmp/kafka-logs/__cluster_metadata-0 (org.apache.kafka.raft.internals.KafkaRaftLog)
stream-state-bench-flink-kafka  | [2026-07-17 19:08:29,177] INFO [raft-expiration-reaper]: Starting (org.apache.kafka.raft.TimingWheelExpirationService$ExpiredOperationReaper)
stream-state-bench-flink-kafka  | [2026-07-17 19:08:29,179] INFO [RaftManager id=1] Reading KRaft snapshot and log as part of the initialization (org.apache.kafka.raft.KafkaRaftClient)
stream-state-bench-flink-kafka  | [2026-07-17 19:08:29,180] INFO [RaftManager id=1] Starting voters are VoterSet(voters={1=VoterNode(voterKey=ReplicaKey(id=1, directoryId=<undefined>), listeners=Endpoints(endpoints={ListenerName(CONTROLLER)=kafka/<unresolved>:9093}), supportedKRaftVersion=SupportedVersionRange[min_version:0, max_version:0])}) (org.apache.kafka.raft.KafkaRaftClient)
stream-state-bench-flink-kafka  | [2026-07-17 19:08:29,183] INFO [RaftManager id=1] Starting request manager with static voters: [kafka:9093 (id: 1 rack: null isFenced: false)] (org.apache.kafka.raft.KafkaRaftClient)
stream-state-bench-flink-kafka  | [2026-07-17 19:08:29,185] INFO [RaftManager id=1] Attempting durable transition to UnattachedState(epoch=0, leaderId=OptionalInt.empty, votedKey=Optional.empty, voters=[1], electionTimeoutMs=1335, highWatermark=Optional.empty) from null (org.apache.kafka.raft.QuorumState)
stream-state-bench-flink-kafka  | [2026-07-17 19:08:29,192] INFO [RaftManager id=1] Completed transition to UnattachedState(epoch=0, leaderId=OptionalInt.empty, votedKey=Optional.empty, voters=[1], electionTimeoutMs=1335, highWatermark=Optional.empty) from null (org.apache.kafka.raft.QuorumState)
stream-state-bench-flink-kafka  | [2026-07-17 19:08:29,197] INFO [RaftManager id=1] Completed transition to ProspectiveState(epoch=0, leaderId=OptionalInt.empty, votedKey=Optional.empty, epochElection=EpochElection[voterStates={1=VoterState(replicaKey=ReplicaKey(id=1, directoryId=<undefined>), state=GRANTED)}], electionTimeoutMs=1769, highWatermark=Optional.empty) from UnattachedState(epoch=0, leaderId=OptionalInt.empty, votedKey=Optional.empty, voters=[1], electionTimeoutMs=1335, highWatermark=Optional.empty) (org.apache.kafka.raft.QuorumState)
stream-state-bench-flink-kafka  | [2026-07-17 19:08:29,198] INFO [RaftManager id=1] Attempting durable transition to CandidateState(localId=1, localDirectoryId=1uhCTUVuDO3pysYJpKzAOg, epoch=1, epochElection=EpochElection[voterStates={1=VoterState(replicaKey=ReplicaKey(id=1, directoryId=<undefined>), state=GRANTED)}], highWatermark=Optional.empty, electionTimeoutMs=1455) from ProspectiveState(epoch=0, leaderId=OptionalInt.empty, votedKey=Optional.empty, epochElection=EpochElection[voterStates={1=VoterState(replicaKey=ReplicaKey(id=1, directoryId=<undefined>), state=GRANTED)}], electionTimeoutMs=1769, highWatermark=Optional.empty) (org.apache.kafka.raft.QuorumState)
stream-state-bench-flink-kafka  | [2026-07-17 19:08:29,201] INFO [RaftManager id=1] Completed transition to CandidateState(localId=1, localDirectoryId=1uhCTUVuDO3pysYJpKzAOg, epoch=1, epochElection=EpochElection[voterStates={1=VoterState(replicaKey=ReplicaKey(id=1, directoryId=<undefined>), state=GRANTED)}], highWatermark=Optional.empty, electionTimeoutMs=1455) from ProspectiveState(epoch=0, leaderId=OptionalInt.empty, votedKey=Optional.empty, epochElection=EpochElection[voterStates={1=VoterState(replicaKey=ReplicaKey(id=1, directoryId=<undefined>), state=GRANTED)}], electionTimeoutMs=1769, highWatermark=Optional.empty) (org.apache.kafka.raft.QuorumState)
stream-state-bench-flink-kafka  | [2026-07-17 19:08:29,204] INFO [RaftManager id=1] Attempting durable transition to Leader(localVoterNode=VoterNode(voterKey=ReplicaKey(id=1, directoryId=1uhCTUVuDO3pysYJpKzAOg), listeners=Endpoints(endpoints={ListenerName(CONTROLLER)=kafka/<unresolved>:9093}), supportedKRaftVersion=SupportedVersionRange[min_version:0, max_version:1]), epoch=1, epochStartOffset=0, highWatermark=Optional.empty, voterStates={1=ReplicaState(replicaKey=ReplicaKey(id=1, directoryId=<undefined>), endOffset=Optional.empty, lastFetchTimestamp=-1, lastCaughtUpTimestamp=-1, hasAcknowledgedLeader=true)}) from CandidateState(localId=1, localDirectoryId=1uhCTUVuDO3pysYJpKzAOg, epoch=1, epochElection=EpochElection[voterStates={1=VoterState(replicaKey=ReplicaKey(id=1, directoryId=<undefined>), state=GRANTED)}], highWatermark=Optional.empty, electionTimeoutMs=1455) (org.apache.kafka.raft.QuorumState)
stream-state-bench-flink-kafka  | [2026-07-17 19:08:29,206] INFO [RaftManager id=1] Completed transition to Leader(localVoterNode=VoterNode(voterKey=ReplicaKey(id=1, directoryId=1uhCTUVuDO3pysYJpKzAOg), listeners=Endpoints(endpoints={ListenerName(CONTROLLER)=kafka/<unresolved>:9093}), supportedKRaftVersion=SupportedVersionRange[min_version:0, max_version:1]), epoch=1, epochStartOffset=0, highWatermark=Optional.empty, voterStates={1=ReplicaState(replicaKey=ReplicaKey(id=1, directoryId=<undefined>), endOffset=Optional.empty, lastFetchTimestamp=-1, lastCaughtUpTimestamp=-1, hasAcknowledgedLeader=true)}) from CandidateState(localId=1, localDirectoryId=1uhCTUVuDO3pysYJpKzAOg, epoch=1, epochElection=EpochElection[voterStates={1=VoterState(replicaKey=ReplicaKey(id=1, directoryId=<undefined>), state=GRANTED)}], highWatermark=Optional.empty, electionTimeoutMs=1455) (org.apache.kafka.raft.QuorumState)
stream-state-bench-flink-kafka  | [2026-07-17 19:08:29,220] INFO [kafka-1-raft-io-thread]: Starting (org.apache.kafka.raft.KafkaRaftClientDriver)
stream-state-bench-flink-kafka  | [2026-07-17 19:08:29,220] INFO [kafka-1-raft-outbound-request-thread]: Starting (org.apache.kafka.raft.KafkaNetworkChannel$SendThread)
stream-state-bench-flink-kafka  | [2026-07-17 19:08:29,226] INFO [MetadataLoader id=1] initializeNewPublishers: the loader is still catching up because we still don't know the high water mark yet. (org.apache.kafka.image.loader.MetadataLoader)
stream-state-bench-flink-kafka  | [2026-07-17 19:08:29,226] INFO [ControllerServer id=1] Waiting for controller quorum voters future (kafka.server.ControllerServer)
stream-state-bench-flink-kafka  | [2026-07-17 19:08:29,226] INFO [ControllerServer id=1] Finished waiting for controller quorum voters future (kafka.server.ControllerServer)
stream-state-bench-flink-kafka  | [2026-07-17 19:08:29,231] INFO [RaftManager id=1] High watermark set to LogOffsetMetadata(offset=1, metadata=Optional[(segmentBaseOffset=0,relativePositionInSegment=91)]) for the first time for epoch 1 based on indexOfHw 0 and voters [ReplicaState(replicaKey=ReplicaKey(id=1, directoryId=<undefined>), endOffset=Optional[LogOffsetMetadata(offset=1, metadata=Optional[(segmentBaseOffset=0,relativePositionInSegment=91)])], lastFetchTimestamp=-1, lastCaughtUpTimestamp=-1, hasAcknowledgedLeader=true)] (org.apache.kafka.raft.LeaderState)
stream-state-bench-flink-kafka  | [2026-07-17 19:08:29,235] INFO [controller-1-ThrottledChannelReaper-Produce]: Starting (org.apache.kafka.server.quota.ClientQuotaManager$ThrottledChannelReaper)
stream-state-bench-flink-kafka  | [2026-07-17 19:08:29,235] INFO [controller-1-ThrottledChannelReaper-Fetch]: Starting (org.apache.kafka.server.quota.ClientQuotaManager$ThrottledChannelReaper)
stream-state-bench-flink-kafka  | [2026-07-17 19:08:29,236] INFO [controller-1-ThrottledChannelReaper-Request]: Starting (org.apache.kafka.server.quota.ClientQuotaManager$ThrottledChannelReaper)
stream-state-bench-flink-kafka  | [2026-07-17 19:08:29,236] INFO [RaftManager id=1] Registered the listener org.apache.kafka.image.loader.MetadataLoader@599708519 (org.apache.kafka.raft.KafkaRaftClient)
stream-state-bench-flink-kafka  | [2026-07-17 19:08:29,236] INFO [controller-1-ThrottledChannelReaper-ControllerMutation]: Starting (org.apache.kafka.server.quota.ClientQuotaManager$ThrottledChannelReaper)
stream-state-bench-flink-kafka  | [2026-07-17 19:08:29,236] INFO [RaftManager id=1] Registered the listener org.apache.kafka.controller.QuorumController$QuorumMetaLogListener@777912293 (org.apache.kafka.raft.KafkaRaftClient)
stream-state-bench-flink-kafka  | [2026-07-17 19:08:29,237] INFO [RaftManager id=1] Setting the next offset of org.apache.kafka.controller.QuorumController$QuorumMetaLogListener@777912293 to 0 since there are no snapshots (org.apache.kafka.raft.KafkaRaftClient)
stream-state-bench-flink-kafka  | [2026-07-17 19:08:29,238] INFO [RaftManager id=1] Setting the next offset of org.apache.kafka.image.loader.MetadataLoader@599708519 to 0 since there are no snapshots (org.apache.kafka.raft.KafkaRaftClient)
stream-state-bench-flink-kafka  | [2026-07-17 19:08:29,239] INFO [ExpirationReaper-1-AlterAcls]: Starting (org.apache.kafka.server.purgatory.DelayedOperationPurgatory$ExpiredOperationReaper)
stream-state-bench-flink-kafka  | [2026-07-17 19:08:29,239] INFO [MetadataLoader id=1] maybePublishMetadata(LOG_DELTA): The loader is still catching up because we have not loaded a controller record as of offset 0 and high water mark is 1 (org.apache.kafka.image.loader.MetadataLoader)
stream-state-bench-flink-kafka  | [2026-07-17 19:08:29,253] INFO [ControllerServer id=1] Waiting for the controller metadata publishers to be installed (kafka.server.ControllerServer)
stream-state-bench-flink-kafka  | [2026-07-17 19:08:29,253] INFO [ControllerServer id=1] Finished waiting for the controller metadata publishers to be installed (kafka.server.ControllerServer)
stream-state-bench-flink-kafka  | [2026-07-17 19:08:29,253] INFO [MetadataLoader id=1] initializeNewPublishers: The loader is still catching up because we have not loaded a controller record as of offset 0 and high water mark is 1 (org.apache.kafka.image.loader.MetadataLoader)
stream-state-bench-flink-kafka  | [2026-07-17 19:08:29,254] INFO [SocketServer listenerType=CONTROLLER, nodeId=1] Enabling request processing. (kafka.network.SocketServer)
stream-state-bench-flink-kafka  | [2026-07-17 19:08:29,255] INFO Awaiting socket connections on 0.0.0.0:9093. (kafka.network.DataPlaneAcceptor)
stream-state-bench-flink-kafka  | [2026-07-17 19:08:29,259] INFO [controller-1-to-controller-registration-channel-manager]: Starting (org.apache.kafka.server.NodeToControllerRequestThread)
stream-state-bench-flink-kafka  | [2026-07-17 19:08:29,259] INFO [ControllerServer id=1] Waiting for all of the authorizer futures to be completed (kafka.server.ControllerServer)
stream-state-bench-flink-kafka  | [2026-07-17 19:08:29,259] INFO [ControllerServer id=1] Finished waiting for all of the authorizer futures to be completed (kafka.server.ControllerServer)
stream-state-bench-flink-kafka  | [2026-07-17 19:08:29,259] INFO Recorded new KRaft controller, from now on will use node kafka:9093 (id: 1 rack: null isFenced: false) (org.apache.kafka.server.NodeToControllerRequestThread)
stream-state-bench-flink-kafka  | [2026-07-17 19:08:29,259] INFO [ControllerServer id=1] Waiting for all of the SocketServer Acceptors to be started (kafka.server.ControllerServer)
stream-state-bench-flink-kafka  | [2026-07-17 19:08:29,259] INFO [ControllerServer id=1] Finished waiting for all of the SocketServer Acceptors to be started (kafka.server.ControllerServer)
stream-state-bench-flink-kafka  | [2026-07-17 19:08:29,260] INFO [ControllerRegistrationManager id=1 incarnation=mKtF4pV0S7mz1NLd5nJE5Q] initialized channel manager. (kafka.server.ControllerRegistrationManager)
stream-state-bench-flink-kafka  | [2026-07-17 19:08:29,260] INFO [ControllerRegistrationManager id=1 incarnation=mKtF4pV0S7mz1NLd5nJE5Q] maybeSendControllerRegistration: cannot register yet because the metadata.version is not known yet. (kafka.server.ControllerRegistrationManager)
stream-state-bench-flink-kafka  | [2026-07-17 19:08:29,260] INFO [BrokerServer id=1] Transition from SHUTDOWN to STARTING (kafka.server.BrokerServer)
stream-state-bench-flink-kafka  | [2026-07-17 19:08:29,260] INFO [BrokerServer id=1] Starting broker (kafka.server.BrokerServer)
stream-state-bench-flink-kafka  | [2026-07-17 19:08:29,263] INFO [broker-1-ThrottledChannelReaper-Fetch]: Starting (org.apache.kafka.server.quota.ClientQuotaManager$ThrottledChannelReaper)
stream-state-bench-flink-kafka  | [2026-07-17 19:08:29,264] INFO [broker-1-ThrottledChannelReaper-Request]: Starting (org.apache.kafka.server.quota.ClientQuotaManager$ThrottledChannelReaper)
stream-state-bench-flink-kafka  | [2026-07-17 19:08:29,264] INFO [broker-1-ThrottledChannelReaper-Produce]: Starting (org.apache.kafka.server.quota.ClientQuotaManager$ThrottledChannelReaper)
stream-state-bench-flink-kafka  | [2026-07-17 19:08:29,264] INFO [broker-1-ThrottledChannelReaper-ControllerMutation]: Starting (org.apache.kafka.server.quota.ClientQuotaManager$ThrottledChannelReaper)
stream-state-bench-flink-kafka  | [2026-07-17 19:08:29,271] INFO [BrokerServer id=1] Waiting for controller quorum voters future (kafka.server.BrokerServer)
stream-state-bench-flink-kafka  | [2026-07-17 19:08:29,271] INFO [BrokerServer id=1] Finished waiting for controller quorum voters future (kafka.server.BrokerServer)
stream-state-bench-flink-kafka  | [2026-07-17 19:08:29,272] INFO [broker-1-to-controller-forwarding-channel-manager]: Starting (org.apache.kafka.server.NodeToControllerRequestThread)
stream-state-bench-flink-kafka  | [2026-07-17 19:08:29,272] INFO Recorded new KRaft controller, from now on will use node kafka:9093 (id: 1 rack: null isFenced: false) (org.apache.kafka.server.NodeToControllerRequestThread)
stream-state-bench-flink-kafka  | [2026-07-17 19:08:29,274] INFO [client-metrics-reaper]: Starting (org.apache.kafka.server.util.timer.SystemTimerReaper$Reaper)
stream-state-bench-flink-kafka  | [2026-07-17 19:08:29,281] INFO [MetadataLoader id=1] maybePublishMetadata(LOG_DELTA): The loader finished catching up to the current high water mark of 10 (org.apache.kafka.image.loader.MetadataLoader)
stream-state-bench-flink-kafka  | [2026-07-17 19:08:29,283] INFO [MetadataLoader id=1] InitializeNewPublishers: initializing SnapshotGenerator with a snapshot at offset 9 (org.apache.kafka.image.loader.MetadataLoader)
stream-state-bench-flink-kafka  | [2026-07-17 19:08:29,284] INFO [MetadataLoader id=1] InitializeNewPublishers: initializing KRaftMetadataCachePublisher with a snapshot at offset 9 (org.apache.kafka.image.loader.MetadataLoader)
stream-state-bench-flink-kafka  | [2026-07-17 19:08:29,284] INFO [MetadataLoader id=1] InitializeNewPublishers: initializing FeaturesPublisher with a snapshot at offset 9 (org.apache.kafka.image.loader.MetadataLoader)
stream-state-bench-flink-kafka  | [2026-07-17 19:08:29,290] INFO [ControllerServer id=1] Loaded new metadata FinalizedFeatures[metadataVersion=4.3-IV0, finalizedFeatures={group.version=1, streams.version=1, transaction.version=2, eligible.leader.replicas.version=1, share.version=1, metadata.version=30}, finalizedFeaturesEpoch=9]. (org.apache.kafka.metadata.publisher.FeaturesPublisher)
stream-state-bench-flink-kafka  | [2026-07-17 19:08:29,290] INFO [MetadataLoader id=1] InitializeNewPublishers: initializing ControllerRegistrationsPublisher with a snapshot at offset 9 (org.apache.kafka.image.loader.MetadataLoader)
stream-state-bench-flink-kafka  | [2026-07-17 19:08:29,291] INFO [MetadataLoader id=1] InitializeNewPublishers: initializing ControllerRegistrationManager with a snapshot at offset 9 (org.apache.kafka.image.loader.MetadataLoader)
flink-identity-1                | [main] INFO org.apache.flink.runtime.dispatcher.DispatcherRestEndpoint - Rest endpoint listening at localhost:39367
flink-identity-1                | [main] INFO org.apache.flink.runtime.highavailability.nonha.embedded.EmbeddedLeaderService - Proposing leadership to the contender that is registered under component ID 'rest_server'.
flink-identity-1                | [mini-cluster-io-thread-1] INFO org.apache.flink.runtime.dispatcher.DispatcherRestEndpoint - http://localhost:39367 was granted leadership with leaderSessionID=ccc797fd-9925-482c-9cbe-14c95241883c
flink-identity-1                | [mini-cluster-io-thread-1] INFO org.apache.flink.runtime.highavailability.nonha.embedded.EmbeddedLeaderService - Received confirmation of leadership for leader http://localhost:39367 , session=ccc797fd-9925-482c-9cbe-14c95241883c
flink-identity-1                | [main] INFO org.apache.flink.runtime.highavailability.nonha.embedded.EmbeddedLeaderService - Proposing leadership to the contender that is registered under component ID 'dispatcher'.
flink-identity-1                | [main] INFO org.apache.flink.runtime.resourcemanager.ResourceManagerServiceImpl - Starting resource manager service.
flink-identity-1                | [main] INFO org.apache.flink.runtime.highavailability.nonha.embedded.EmbeddedLeaderService - Proposing leadership to the contender that is registered under component ID 'resource_manager'.
flink-identity-1                | [mini-cluster-io-thread-2] INFO org.apache.flink.runtime.dispatcher.runner.DefaultDispatcherRunner - DefaultDispatcherRunner was granted leadership with leader id 9af520bc-7be9-495c-9fc4-a48f950de254. Creating new DispatcherLeaderProcess.
flink-identity-1                | [pool-2-thread-1] INFO org.apache.flink.runtime.resourcemanager.ResourceManagerServiceImpl - Resource manager service is granted leadership with session id c7d36751-f28a-45e0-9a95-253878ff8e72.
flink-identity-1                | [main] INFO org.apache.flink.runtime.minicluster.MiniCluster - Flink Mini Cluster started successfully
flink-identity-1                | [mini-cluster-io-thread-2] INFO org.apache.flink.runtime.dispatcher.runner.SessionDispatcherLeaderProcess - Start SessionDispatcherLeaderProcess.
flink-identity-1                | [mini-cluster-io-thread-1] INFO org.apache.flink.runtime.dispatcher.runner.SessionDispatcherLeaderProcess - Recover all persisted job graphs that are not finished, yet.
flink-identity-1                | [mini-cluster-io-thread-1] INFO org.apache.flink.runtime.dispatcher.runner.SessionDispatcherLeaderProcess - Successfully recovered 0 persisted job graphs.
flink-identity-1                | [pool-2-thread-1] INFO org.apache.flink.runtime.rpc.pekko.PekkoRpcService - Starting RPC endpoint for org.apache.flink.runtime.resourcemanager.StandaloneResourceManager at pekko://flink/user/rpc/resourcemanager_1 .
flink-identity-1                | [mini-cluster-io-thread-1] INFO org.apache.flink.runtime.rpc.pekko.PekkoRpcService - Starting RPC endpoint for org.apache.flink.runtime.dispatcher.StandaloneDispatcher at pekko://flink/user/rpc/dispatcher_2 .
flink-identity-1                | [flink-pekko.actor.default-dispatcher-5] INFO org.apache.flink.runtime.resourcemanager.StandaloneResourceManager - Starting the resource manager.
flink-identity-1                | [flink-pekko.actor.default-dispatcher-5] INFO org.apache.flink.runtime.resourcemanager.slotmanager.FineGrainedSlotManager - Starting the slot manager.
flink-identity-1                | [flink-pekko.actor.default-dispatcher-5] INFO org.apache.flink.runtime.security.token.DefaultDelegationTokenManager - Starting tokens update task
flink-identity-1                | [flink-pekko.actor.default-dispatcher-5] WARN org.apache.flink.runtime.security.token.DefaultDelegationTokenManager - No tokens obtained so skipping notifications
flink-identity-1                | [flink-pekko.actor.default-dispatcher-5] WARN org.apache.flink.runtime.security.token.DefaultDelegationTokenManager - Tokens update task not started because either no tokens obtained or none of the tokens specified its renewal date
flink-identity-1                | [mini-cluster-io-thread-4] INFO org.apache.flink.runtime.highavailability.nonha.embedded.EmbeddedLeaderService - Received confirmation of leadership for leader pekko://flink/user/rpc/resourcemanager_1 , session=c7d36751-f28a-45e0-9a95-253878ff8e72
flink-identity-1                | [flink-pekko.actor.default-dispatcher-5] INFO org.apache.flink.runtime.taskexecutor.TaskExecutor - Connecting to ResourceManager pekko://flink/user/rpc/resourcemanager_1(9a95253878ff8e72c7d36751f28a45e0).
flink-identity-1                | [mini-cluster-io-thread-1] INFO org.apache.flink.runtime.highavailability.nonha.embedded.EmbeddedLeaderService - Received confirmation of leadership for leader pekko://flink/user/rpc/dispatcher_2 , session=9af520bc-7be9-495c-9fc4-a48f950de254
flink-identity-1                | [flink-pekko.actor.default-dispatcher-5] INFO org.apache.flink.runtime.taskexecutor.TaskExecutor - Resolved ResourceManager address, beginning registration
flink-identity-1                | [flink-pekko.actor.default-dispatcher-8] INFO org.apache.flink.runtime.resourcemanager.StandaloneResourceManager - Registering TaskManager with ResourceID 75afa034-b1aa-44f9-ae4c-33dfc3554fe9 (pekko://flink/user/rpc/taskmanager_0) at ResourceManager
flink-identity-1                | [flink-pekko.actor.default-dispatcher-5] INFO org.apache.flink.runtime.taskexecutor.TaskExecutor - Successful registration at resource manager pekko://flink/user/rpc/resourcemanager_1 under registration id ec36f9f5555e56ab8c2f6337e1350f2d.
flink-identity-1                | [flink-pekko.actor.default-dispatcher-8] INFO org.apache.flink.runtime.dispatcher.StandaloneDispatcher - Received job submission 'stream-state-bench-flink-tumbling_count' (2117d582f841473561288152aa2a3aea).
flink-identity-1                | [flink-pekko.actor.default-dispatcher-9] INFO org.apache.flink.runtime.resourcemanager.slotmanager.FineGrainedSlotManager - Registering task executor 75afa034-b1aa-44f9-ae4c-33dfc3554fe9 under ec36f9f5555e56ab8c2f6337e1350f2d at the slot manager.
flink-identity-1                | [flink-pekko.actor.default-dispatcher-8] INFO org.apache.flink.runtime.dispatcher.StandaloneDispatcher - Submitting job 'stream-state-bench-flink-tumbling_count' (2117d582f841473561288152aa2a3aea).
flink-identity-1                | [flink-pekko.actor.default-dispatcher-8] INFO org.apache.flink.runtime.highavailability.nonha.embedded.EmbeddedLeaderService - Proposing leadership to the contender that is registered under component ID 'job-2117d582f841473561288152aa2a3aea'.
flink-identity-1                | [mini-cluster-io-thread-3] INFO org.apache.flink.runtime.jobmaster.JobMasterServiceLeadershipRunner - JobMasterServiceLeadershipRunner for job 2117d582f841473561288152aa2a3aea was granted leadership with leader id facaf99c-8e41-458d-bd91-bdb99b654253. Creating new JobMasterServiceProcess.
flink-identity-1                | [jobmanager-io-thread-1] INFO org.apache.flink.runtime.rpc.pekko.PekkoRpcService - Starting RPC endpoint for org.apache.flink.runtime.jobmaster.JobMaster at pekko://flink/user/rpc/jobmanager_3 .
flink-identity-1                | [jobmanager-io-thread-1] INFO org.apache.flink.runtime.jobmaster.JobMaster - Initializing job 'stream-state-bench-flink-tumbling_count' (2117d582f841473561288152aa2a3aea).
flink-identity-1                | [jobmanager-io-thread-1] INFO org.apache.flink.runtime.jobmaster.JobMaster - Using restart back off time strategy ExponentialDelayRestartBackoffTimeStrategy(initialBackoffMS=1000, maxBackoffMS=60000, backoffMultiplier=1.5, resetBackoffThresholdMS=3600000, jitterFactor=0.1, attemptsBeforeResetBackoff=2147483647, currentRestartAttempt=0, nextRestartTimestamp=-2147483648) for stream-state-bench-flink-tumbling_count (2117d582f841473561288152aa2a3aea).
flink-identity-1                | [jobmanager-io-thread-1] INFO org.apache.flink.runtime.executiongraph.ExecutionGraph - Created execution graph 140fc017cee5acdf762f193528e2b2f9 for job 2117d582f841473561288152aa2a3aea.
flink-identity-1                | [jobmanager-io-thread-1] INFO org.apache.flink.runtime.jobmaster.JobMaster - Running initialization on master for job stream-state-bench-flink-tumbling_count (2117d582f841473561288152aa2a3aea).
flink-identity-1                | [jobmanager-io-thread-1] INFO org.apache.flink.runtime.jobmaster.JobMaster - Successfully ran initialization on master in 0 ms.
flink-identity-1                | [jobmanager-io-thread-1] INFO org.apache.flink.runtime.scheduler.adapter.DefaultExecutionTopology - Built 1 new pipelined regions in 0 ms, total 1 pipelined regions currently.
flink-identity-1                | [jobmanager-io-thread-1] INFO org.apache.flink.runtime.jobmaster.JobMaster - State backend is set to heap memory org.apache.flink.runtime.state.hashmap.HashMapStateBackend@21150ba
flink-identity-1                | [jobmanager-io-thread-1] INFO org.apache.flink.runtime.state.StateBackendLoader - State backend loader loads the state backend as HashMapStateBackend
flink-identity-1                | [jobmanager-io-thread-1] INFO org.apache.flink.runtime.jobmaster.JobMaster - Checkpoint storage is set to 'filesystem': (checkpoints "file:/tmp/flink-checkpoints")
flink-identity-1                | [jobmanager-io-thread-1] INFO org.apache.flink.core.fs.FileSystem - Hadoop is not in the classpath/dependencies. The extended set of supported File Systems via Hadoop is not available.
flink-identity-1                | [jobmanager-io-thread-1] INFO org.apache.flink.runtime.checkpoint.CheckpointCoordinator - No checkpoint found during restore.
flink-identity-1                | [jobmanager-io-thread-1] INFO org.apache.flink.runtime.jobmaster.JobMaster - Using failover strategy org.apache.flink.runtime.executiongraph.failover.RestartPipelinedRegionFailoverStrategy@2d4f8525 for stream-state-bench-flink-tumbling_count (2117d582f841473561288152aa2a3aea).
flink-identity-1                | [jobmanager-io-thread-1] INFO org.apache.flink.runtime.highavailability.nonha.embedded.EmbeddedLeaderService - Received confirmation of leadership for leader pekko://flink/user/rpc/jobmanager_3 , session=facaf99c-8e41-458d-bd91-bdb99b654253
flink-identity-1                | [flink-pekko.actor.default-dispatcher-8] INFO org.apache.flink.runtime.jobmaster.JobMaster - Starting execution of job 'stream-state-bench-flink-tumbling_count' (2117d582f841473561288152aa2a3aea) under job master id bd91bdb99b654253facaf99c8e41458d.
flink-identity-1                | [flink-pekko.actor.default-dispatcher-8] INFO org.apache.flink.runtime.source.coordinator.SourceCoordinator - Starting split enumerator for source Source: kafka-source.
flink-identity-1                | [flink-pekko.actor.default-dispatcher-8] INFO org.apache.flink.runtime.jobmaster.JobMaster - Starting scheduling with scheduling strategy [org.apache.flink.runtime.scheduler.strategy.PipelinedRegionSchedulingStrategy]
flink-identity-1                | [flink-pekko.actor.default-dispatcher-8] INFO org.apache.flink.runtime.executiongraph.ExecutionGraph - Job stream-state-bench-flink-tumbling_count (2117d582f841473561288152aa2a3aea) switched from state CREATED to RUNNING.
flink-identity-1                | [flink-pekko.actor.default-dispatcher-8] INFO org.apache.flink.runtime.executiongraph.ExecutionGraph - Source: kafka-source -> Filter (1/1) (140fc017cee5acdf762f193528e2b2f9_cbc357ccb763df2852fee8c4fc7d55f2_0_0) switched from CREATED to SCHEDULED.
flink-identity-1                | [flink-pekko.actor.default-dispatcher-8] INFO org.apache.flink.runtime.executiongraph.ExecutionGraph - TumblingEventTimeWindows -> kafka-sink: Writer -> kafka-sink: Committer (1/1) (140fc017cee5acdf762f193528e2b2f9_90bea66de1c231edf33913ecd54406c1_0_0) switched from CREATED to SCHEDULED.
flink-identity-1                | [SourceCoordinator-Source: kafka-source] INFO org.apache.kafka.common.config.AbstractConfig - AdminClientConfig values: 
flink-identity-1                | 	bootstrap.controllers = []
flink-identity-1                | 	bootstrap.servers = [kafka:9092]
flink-identity-1                | 	client.dns.lookup = use_all_dns_ips
flink-identity-1                | 	client.id = stream-state-bench-flink-w3-latency-tuning_checkpoint10s-enumerator-admin-client
flink-identity-1                | 	config.providers = []
flink-identity-1                | 	connections.max.idle.ms = 300000
flink-identity-1                | 	default.api.timeout.ms = 60000
flink-identity-1                | 	enable.metrics.push = false
flink-identity-1                | 	metadata.max.age.ms = 300000
flink-identity-1                | 	metadata.recovery.rebootstrap.trigger.ms = 300000
flink-identity-1                | 	metadata.recovery.strategy = rebootstrap
flink-identity-1                | 	metric.reporters = [org.apache.kafka.common.metrics.JmxReporter]
flink-identity-1                | 	metrics.num.samples = 2
flink-identity-1                | 	metrics.recording.level = INFO
flink-identity-1                | 	metrics.sample.window.ms = 30000
flink-identity-1                | 	receive.buffer.bytes = 65536
flink-identity-1                | 	reconnect.backoff.max.ms = 1000
flink-identity-1                | 	reconnect.backoff.ms = 50
flink-identity-1                | 	request.timeout.ms = 30000
flink-identity-1                | 	retries = 2147483647
stream-state-bench-flink-kafka  | [2026-07-17 19:08:29,291] INFO [MetadataLoader id=1] InitializeNewPublishers: initializing DynamicConfigPublisher controller id=1 with a snapshot at offset 9 (org.apache.kafka.image.loader.MetadataLoader)
stream-state-bench-flink-kafka  | [2026-07-17 19:08:29,294] INFO [DynamicConfigPublisher controller id=1] Updating cluster configuration : min.insync.replicas -> 1 (kafka.server.metadata.DynamicConfigPublisher)
stream-state-bench-flink-kafka  | [2026-07-17 19:08:29,294] INFO Updated connection-accept-rate max connection creation rate to 2147483647 (kafka.network.ConnectionQuotas)
stream-state-bench-flink-kafka  | [2026-07-17 19:08:29,297] INFO AbstractConfig values: 
stream-state-bench-flink-kafka  | 	group.consumer.assignment.interval.ms = 1000
stream-state-bench-flink-kafka  | 	group.consumer.assignors = [uniform, range]
stream-state-bench-flink-kafka  | 	group.consumer.heartbeat.interval.ms = 5000
stream-state-bench-flink-kafka  | 	group.consumer.max.assignment.interval.ms = 15000
stream-state-bench-flink-kafka  | 	group.consumer.max.heartbeat.interval.ms = 15000
stream-state-bench-flink-kafka  | 	group.consumer.max.session.timeout.ms = 60000
stream-state-bench-flink-kafka  | 	group.consumer.max.size = 2147483647
stream-state-bench-flink-kafka  | 	group.consumer.migration.policy = bidirectional
stream-state-bench-flink-kafka  | 	group.consumer.min.assignment.interval.ms = 0
stream-state-bench-flink-kafka  | 	group.consumer.min.heartbeat.interval.ms = 5000
stream-state-bench-flink-kafka  | 	group.consumer.min.session.timeout.ms = 45000
stream-state-bench-flink-kafka  | 	group.consumer.regex.refresh.interval.ms = 600000
stream-state-bench-flink-kafka  | 	group.consumer.session.timeout.ms = 45000
stream-state-bench-flink-kafka  | 	group.coordinator.append.linger.ms = -1
stream-state-bench-flink-kafka  | 	group.coordinator.background.threads = 2
flink-identity-1                | 	retry.backoff.max.ms = 1000
flink-identity-1                | 	retry.backoff.ms = 100
flink-identity-1                | 	sasl.client.callback.handler.class = null
flink-identity-1                | 	sasl.jaas.config = null
flink-identity-1                | 	sasl.kerberos.kinit.cmd = /usr/bin/kinit
flink-identity-1                | 	sasl.kerberos.min.time.before.relogin = 60000
flink-identity-1                | 	sasl.kerberos.service.name = null
flink-identity-1                | 	sasl.kerberos.ticket.renew.jitter = 0.05
flink-identity-1                | 	sasl.kerberos.ticket.renew.window.factor = 0.8
flink-identity-1                | 	sasl.login.callback.handler.class = null
flink-identity-1                | 	sasl.login.class = null
flink-identity-1                | 	sasl.login.connect.timeout.ms = null
flink-identity-1                | 	sasl.login.read.timeout.ms = null
flink-identity-1                | 	sasl.login.refresh.buffer.seconds = 300
flink-identity-1                | 	sasl.login.refresh.min.period.seconds = 60
stream-state-bench-flink-kafka  | 	group.coordinator.cached.buffer.max.bytes = 1048588
stream-state-bench-flink-kafka  | 	group.coordinator.rebalance.protocols = [classic, consumer, streams]
stream-state-bench-flink-kafka  | 	group.coordinator.threads = 4
stream-state-bench-flink-kafka  | 	group.initial.rebalance.delay.ms = 0
stream-state-bench-flink-kafka  | 	group.max.session.timeout.ms = 1800000
stream-state-bench-flink-kafka  | 	group.max.size = 2147483647
stream-state-bench-flink-kafka  | 	group.min.session.timeout.ms = 6000
stream-state-bench-flink-kafka  | 	group.share.assignment.interval.ms = 1000
stream-state-bench-flink-kafka  | 	group.share.assignors = [simple]
stream-state-bench-flink-kafka  | 	group.share.heartbeat.interval.ms = 5000
stream-state-bench-flink-kafka  | 	group.share.initialize.retry.interval.ms = 30000
stream-state-bench-flink-kafka  | 	group.share.max.assignment.interval.ms = 15000
stream-state-bench-flink-kafka  | 	group.share.max.heartbeat.interval.ms = 15000
stream-state-bench-flink-kafka  | 	group.share.max.session.timeout.ms = 60000
stream-state-bench-flink-kafka  | 	group.share.max.size = 200
stream-state-bench-flink-kafka  | 	group.share.min.assignment.interval.ms = 0
stream-state-bench-flink-kafka  | 	group.share.min.heartbeat.interval.ms = 5000
stream-state-bench-flink-kafka  | 	group.share.min.session.timeout.ms = 45000
stream-state-bench-flink-kafka  | 	group.share.session.timeout.ms = 45000
stream-state-bench-flink-kafka  | 	group.streams.assignment.interval.ms = 1000
stream-state-bench-flink-kafka  | 	group.streams.heartbeat.interval.ms = 5000
stream-state-bench-flink-kafka  | 	group.streams.initial.rebalance.delay.ms = 3000
stream-state-bench-flink-kafka  | 	group.streams.max.assignment.interval.ms = 15000
stream-state-bench-flink-kafka  | 	group.streams.max.heartbeat.interval.ms = 15000
stream-state-bench-flink-kafka  | 	group.streams.max.session.timeout.ms = 60000
stream-state-bench-flink-kafka  | 	group.streams.max.size = 2147483647
stream-state-bench-flink-kafka  | 	group.streams.max.standby.replicas = 2
stream-state-bench-flink-kafka  | 	group.streams.min.assignment.interval.ms = 0
stream-state-bench-flink-kafka  | 	group.streams.min.heartbeat.interval.ms = 5000
stream-state-bench-flink-kafka  | 	group.streams.min.session.timeout.ms = 45000
stream-state-bench-flink-kafka  | 	group.streams.num.standby.replicas = 0
stream-state-bench-flink-kafka  | 	group.streams.session.timeout.ms = 45000
stream-state-bench-flink-kafka  | 	offset.metadata.max.bytes = 4096
stream-state-bench-flink-kafka  | 	offsets.commit.timeout.ms = 5000
stream-state-bench-flink-kafka  | 	offsets.load.buffer.size = 5242880
stream-state-bench-flink-kafka  | 	offsets.retention.check.interval.ms = 600000
stream-state-bench-flink-kafka  | 	offsets.retention.minutes = 10080
stream-state-bench-flink-kafka  | 	offsets.topic.compression.codec = 0
stream-state-bench-flink-kafka  | 	offsets.topic.num.partitions = 50
stream-state-bench-flink-kafka  | 	offsets.topic.replication.factor = 1
flink-identity-1                | 	sasl.login.refresh.window.factor = 0.8
flink-identity-1                | 	sasl.login.refresh.window.jitter = 0.05
flink-identity-1                | 	sasl.login.retry.backoff.max.ms = 10000
flink-identity-1                | 	sasl.login.retry.backoff.ms = 100
flink-identity-1                | 	sasl.mechanism = GSSAPI
flink-identity-1                | 	sasl.oauthbearer.assertion.algorithm = RS256
flink-identity-1                | 	sasl.oauthbearer.assertion.claim.aud = null
flink-identity-1                | 	sasl.oauthbearer.assertion.claim.exp.seconds = 300
flink-identity-1                | 	sasl.oauthbearer.assertion.claim.iss = null
flink-identity-1                | 	sasl.oauthbearer.assertion.claim.jti.include = false
flink-identity-1                | 	sasl.oauthbearer.assertion.claim.nbf.seconds = 60
flink-identity-1                | 	sasl.oauthbearer.assertion.claim.sub = null
flink-identity-1                | 	sasl.oauthbearer.assertion.file = null
flink-identity-1                | 	sasl.oauthbearer.assertion.private.key.file = null
flink-identity-1                | 	sasl.oauthbearer.assertion.private.key.passphrase = null
flink-identity-1                | 	sasl.oauthbearer.assertion.template.file = null
flink-identity-1                | 	sasl.oauthbearer.client.credentials.client.id = null
flink-identity-1                | 	sasl.oauthbearer.client.credentials.client.secret = null
flink-identity-1                | 	sasl.oauthbearer.clock.skew.seconds = 30
flink-identity-1                | 	sasl.oauthbearer.expected.audience = []
flink-identity-1                | 	sasl.oauthbearer.expected.issuer = null
flink-identity-1                | 	sasl.oauthbearer.header.urlencode = false
stream-state-bench-flink-kafka  | 	offsets.topic.segment.bytes = 104857600
stream-state-bench-flink-kafka  |  (org.apache.kafka.common.config.AbstractConfig)
stream-state-bench-flink-kafka  | [2026-07-17 19:08:29,297] INFO [SocketServer listenerType=BROKER, nodeId=1] Created data-plane acceptor and processors for endpoint : ListenerName(PLAINTEXT) (kafka.network.SocketServer)
stream-state-bench-flink-kafka  | [2026-07-17 19:08:29,298] INFO KafkaConfig values: 
stream-state-bench-flink-kafka  | 	add.partitions.to.txn.retry.backoff.max.ms = 100
stream-state-bench-flink-kafka  | 	add.partitions.to.txn.retry.backoff.ms = 20
stream-state-bench-flink-kafka  | 	advertised.listeners = [PLAINTEXT://kafka:9092]
stream-state-bench-flink-kafka  | 	alter.config.policy.class.name = null
stream-state-bench-flink-kafka  | 	alter.log.dirs.replication.quota.window.num = 11
stream-state-bench-flink-kafka  | 	alter.log.dirs.replication.quota.window.size.seconds = 1
stream-state-bench-flink-kafka  | 	authorizer.class.name = 
stream-state-bench-flink-kafka  | 	auto.create.topics.enable = false
stream-state-bench-flink-kafka  | 	auto.leader.rebalance.enable = true
stream-state-bench-flink-kafka  | 	background.threads = 10
stream-state-bench-flink-kafka  | 	broker.heartbeat.interval.ms = 2000
stream-state-bench-flink-kafka  | 	broker.id = 1
stream-state-bench-flink-kafka  | 	broker.rack = null
stream-state-bench-flink-kafka  | 	broker.session.timeout.ms = 9000
stream-state-bench-flink-kafka  | 	client.quota.callback.class = null
stream-state-bench-flink-kafka  | 	compression.gzip.level = -1
stream-state-bench-flink-kafka  | 	compression.lz4.level = 9
stream-state-bench-flink-kafka  | 	compression.type = producer
stream-state-bench-flink-kafka  | 	compression.zstd.level = 3
stream-state-bench-flink-kafka  | 	config.providers = []
stream-state-bench-flink-kafka  | 	connection.failed.authentication.delay.ms = 100
stream-state-bench-flink-kafka  | 	connections.max.idle.ms = 600000
stream-state-bench-flink-kafka  | 	connections.max.reauth.ms = 0
stream-state-bench-flink-kafka  | 	controlled.shutdown.enable = true
stream-state-bench-flink-kafka  | 	controller.listener.names = [CONTROLLER]
stream-state-bench-flink-kafka  | 	controller.performance.always.log.threshold.ms = 2000
stream-state-bench-flink-kafka  | 	controller.performance.sample.period.ms = 60000
stream-state-bench-flink-kafka  | 	controller.quorum.append.linger.ms = 25
stream-state-bench-flink-kafka  | 	controller.quorum.auto.join.enable = false
stream-state-bench-flink-kafka  | 	controller.quorum.bootstrap.servers = []
stream-state-bench-flink-kafka  | 	controller.quorum.election.backoff.max.ms = 1000
stream-state-bench-flink-kafka  | 	controller.quorum.election.timeout.ms = 1000
stream-state-bench-flink-kafka  | 	controller.quorum.fetch.max.bytes = 1048576
stream-state-bench-flink-kafka  | 	controller.quorum.fetch.snapshot.max.bytes = 1048576
stream-state-bench-flink-kafka  | 	controller.quorum.fetch.timeout.ms = 2000
stream-state-bench-flink-kafka  | 	controller.quorum.request.timeout.ms = 2000
stream-state-bench-flink-kafka  | 	controller.quorum.retry.backoff.ms = 20
stream-state-bench-flink-kafka  | 	controller.quorum.voters = [1@kafka:9093]
stream-state-bench-flink-kafka  | 	controller.quota.window.num = 11
stream-state-bench-flink-kafka  | 	controller.quota.window.size.seconds = 1
stream-state-bench-flink-kafka  | 	controller.socket.timeout.ms = 30000
stream-state-bench-flink-kafka  | 	cordoned.log.dirs = []
stream-state-bench-flink-kafka  | 	create.topic.policy.class.name = null
stream-state-bench-flink-kafka  | 	default.replication.factor = 1
stream-state-bench-flink-kafka  | 	delegation.token.expiry.check.interval.ms = 3600000
stream-state-bench-flink-kafka  | 	delegation.token.expiry.time.ms = 86400000
stream-state-bench-flink-kafka  | 	delegation.token.max.lifetime.ms = 604800000
stream-state-bench-flink-kafka  | 	delegation.token.secret.key = null
stream-state-bench-flink-kafka  | 	delete.records.purgatory.purge.interval.requests = 1
stream-state-bench-flink-kafka  | 	delete.topic.enable = true
stream-state-bench-flink-kafka  | 	early.start.listeners = null
stream-state-bench-flink-kafka  | 	fetch.max.bytes = 57671680
stream-state-bench-flink-kafka  | 	fetch.purgatory.purge.interval.requests = 1000
stream-state-bench-flink-kafka  | 	follower.fetch.last.tiered.offset.enable = false
stream-state-bench-flink-kafka  | 	group.consumer.assignment.interval.ms = 1000
stream-state-bench-flink-kafka  | 	group.consumer.assignors = [uniform, range]
stream-state-bench-flink-kafka  | 	group.consumer.heartbeat.interval.ms = 5000
stream-state-bench-flink-kafka  | 	group.consumer.max.assignment.interval.ms = 15000
stream-state-bench-flink-kafka  | 	group.consumer.max.heartbeat.interval.ms = 15000
stream-state-bench-flink-kafka  | 	group.consumer.max.session.timeout.ms = 60000
stream-state-bench-flink-kafka  | 	group.consumer.max.size = 2147483647
stream-state-bench-flink-kafka  | 	group.consumer.migration.policy = bidirectional
stream-state-bench-flink-kafka  | 	group.consumer.min.assignment.interval.ms = 0
stream-state-bench-flink-kafka  | 	group.consumer.min.heartbeat.interval.ms = 5000
stream-state-bench-flink-kafka  | 	group.consumer.min.session.timeout.ms = 45000
stream-state-bench-flink-kafka  | 	group.consumer.regex.refresh.interval.ms = 600000
stream-state-bench-flink-kafka  | 	group.consumer.session.timeout.ms = 45000
stream-state-bench-flink-kafka  | 	group.coordinator.append.linger.ms = -1
stream-state-bench-flink-kafka  | 	group.coordinator.background.threads = 2
flink-identity-1                | 	sasl.oauthbearer.jwks.endpoint.refresh.ms = 3600000
flink-identity-1                | 	sasl.oauthbearer.jwks.endpoint.retry.backoff.max.ms = 10000
flink-identity-1                | 	sasl.oauthbearer.jwks.endpoint.retry.backoff.ms = 100
flink-identity-1                | 	sasl.oauthbearer.jwks.endpoint.url = null
flink-identity-1                | 	sasl.oauthbearer.jwt.retriever.class = class org.apache.kafka.common.security.oauthbearer.DefaultJwtRetriever
flink-identity-1                | 	sasl.oauthbearer.jwt.validator.class = class org.apache.kafka.common.security.oauthbearer.DefaultJwtValidator
flink-identity-1                | 	sasl.oauthbearer.scope = null
flink-identity-1                | 	sasl.oauthbearer.scope.claim.name = scope
flink-identity-1                | 	sasl.oauthbearer.sub.claim.name = sub
flink-identity-1                | 	sasl.oauthbearer.token.endpoint.url = null
flink-identity-1                | 	security.protocol = PLAINTEXT
flink-identity-1                | 	security.providers = null
flink-identity-1                | 	send.buffer.bytes = 131072
flink-identity-1                | 	socket.connection.setup.timeout.max.ms = 30000
flink-identity-1                | 	socket.connection.setup.timeout.ms = 10000
flink-identity-1                | 	ssl.cipher.suites = []
flink-identity-1                | 	ssl.enabled.protocols = [TLSv1.2, TLSv1.3]
flink-identity-1                | 	ssl.endpoint.identification.algorithm = https
flink-identity-1                | 	ssl.engine.factory.class = null
flink-identity-1                | 	ssl.key.password = null
flink-identity-1                | 	ssl.keymanager.algorithm = SunX509
flink-identity-1                | 	ssl.keystore.certificate.chain = null
flink-identity-1                | 	ssl.keystore.key = null
flink-identity-1                | 	ssl.keystore.location = null
flink-identity-1                | 	ssl.keystore.password = null
flink-identity-1                | 	ssl.keystore.type = JKS
flink-identity-1                | 	ssl.protocol = TLSv1.3
flink-identity-1                | 	ssl.provider = null
flink-identity-1                | 	ssl.secure.random.implementation = null
flink-identity-1                | 	ssl.trustmanager.algorithm = PKIX
flink-identity-1                | 	ssl.truststore.certificates = null
flink-identity-1                | 	ssl.truststore.location = null
flink-identity-1                | 	ssl.truststore.password = null
flink-identity-1                | 	ssl.truststore.type = JKS
flink-identity-1                | 
flink-identity-1                | [flink-pekko.actor.default-dispatcher-8] INFO org.apache.flink.runtime.jobmaster.JobMaster - Connecting to ResourceManager pekko://flink/user/rpc/resourcemanager_1(9a95253878ff8e72c7d36751f28a45e0)
flink-identity-1                | [flink-pekko.actor.default-dispatcher-8] INFO org.apache.flink.runtime.jobmaster.JobMaster - Resolved ResourceManager address, beginning registration
stream-state-bench-flink-kafka  | 	group.coordinator.cached.buffer.max.bytes = 1048588
stream-state-bench-flink-kafka  | 	group.coordinator.rebalance.protocols = [classic, consumer, streams]
stream-state-bench-flink-kafka  | 	group.coordinator.threads = 4
stream-state-bench-flink-kafka  | 	group.initial.rebalance.delay.ms = 0
stream-state-bench-flink-kafka  | 	group.max.session.timeout.ms = 1800000
stream-state-bench-flink-kafka  | 	group.max.size = 2147483647
stream-state-bench-flink-kafka  | 	group.min.session.timeout.ms = 6000
stream-state-bench-flink-kafka  | 	group.share.assignment.interval.ms = 1000
stream-state-bench-flink-kafka  | 	group.share.assignors = [simple]
stream-state-bench-flink-kafka  | 	group.share.delivery.count.limit = 5
stream-state-bench-flink-kafka  | 	group.share.heartbeat.interval.ms = 5000
stream-state-bench-flink-kafka  | 	group.share.initialize.retry.interval.ms = 30000
stream-state-bench-flink-kafka  | 	group.share.max.assignment.interval.ms = 15000
stream-state-bench-flink-kafka  | 	group.share.max.delivery.count.limit = 10
stream-state-bench-flink-kafka  | 	group.share.max.heartbeat.interval.ms = 15000
stream-state-bench-flink-kafka  | 	group.share.max.partition.max.record.locks = 4000
stream-state-bench-flink-kafka  | 	group.share.max.record.lock.duration.ms = 60000
stream-state-bench-flink-kafka  | 	group.share.max.session.timeout.ms = 60000
stream-state-bench-flink-kafka  | 	group.share.max.share.sessions = 2000
stream-state-bench-flink-kafka  | 	group.share.max.size = 200
stream-state-bench-flink-kafka  | 	group.share.min.assignment.interval.ms = 0
stream-state-bench-flink-kafka  | 	group.share.min.delivery.count.limit = 2
stream-state-bench-flink-kafka  | 	group.share.min.heartbeat.interval.ms = 5000
stream-state-bench-flink-kafka  | 	group.share.min.partition.max.record.locks = 100
stream-state-bench-flink-kafka  | 	group.share.min.record.lock.duration.ms = 15000
stream-state-bench-flink-kafka  | 	group.share.min.session.timeout.ms = 45000
stream-state-bench-flink-kafka  | 	group.share.partition.max.record.locks = 2000
stream-state-bench-flink-kafka  | 	group.share.persister.class.name = org.apache.kafka.server.share.persister.DefaultStatePersister
stream-state-bench-flink-kafka  | 	group.share.record.lock.duration.ms = 30000
stream-state-bench-flink-kafka  | 	group.share.session.timeout.ms = 45000
stream-state-bench-flink-kafka  | 	group.streams.assignment.interval.ms = 1000
stream-state-bench-flink-kafka  | 	group.streams.heartbeat.interval.ms = 5000
stream-state-bench-flink-kafka  | 	group.streams.initial.rebalance.delay.ms = 3000
flink-identity-1                | [flink-pekko.actor.default-dispatcher-5] INFO org.apache.flink.runtime.resourcemanager.StandaloneResourceManager - Registering job manager bd91bdb99b654253facaf99c8e41458d@pekko://flink/user/rpc/jobmanager_3 for job 2117d582f841473561288152aa2a3aea.
flink-identity-1                | [flink-pekko.actor.default-dispatcher-7] INFO org.apache.flink.runtime.resourcemanager.StandaloneResourceManager - Registered job manager bd91bdb99b654253facaf99c8e41458d@pekko://flink/user/rpc/jobmanager_3 for job 2117d582f841473561288152aa2a3aea.
flink-identity-1                | [flink-pekko.actor.default-dispatcher-7] INFO org.apache.flink.runtime.jobmaster.JobMaster - JobManager successfully registered at ResourceManager, leader id: 9a95253878ff8e72c7d36751f28a45e0.
flink-identity-1                | [flink-pekko.actor.default-dispatcher-8] INFO org.apache.flink.runtime.resourcemanager.slotmanager.FineGrainedSlotManager - Received resource requirements from job 2117d582f841473561288152aa2a3aea: [ResourceRequirement{resourceProfile=ResourceProfile{UNKNOWN}, numberOfRequiredSlots=1}]
flink-identity-1                | [flink-pekko.actor.default-dispatcher-8] INFO org.apache.flink.runtime.resourcemanager.slotmanager.FineGrainedSlotManager - Received resource requirements from job 2117d582f841473561288152aa2a3aea: [ResourceRequirement{resourceProfile=ResourceProfile{UNKNOWN}, numberOfRequiredSlots=1}]
flink-identity-1                | [SourceCoordinator-Source: kafka-source] INFO org.apache.kafka.common.config.AbstractConfig - These configurations '[key.deserializer, value.deserializer, commit.offsets.on.checkpoint, enable.auto.commit, group.id, client.id.prefix, auto.offset.reset]' were supplied but are not used yet.
flink-identity-1                | [SourceCoordinator-Source: kafka-source] INFO org.apache.kafka.common.utils.AppInfoParser - Kafka version: 4.2.0
flink-identity-1                | [SourceCoordinator-Source: kafka-source] INFO org.apache.kafka.common.utils.AppInfoParser - Kafka commitId: a18251bae0b825c6
flink-identity-1                | [SourceCoordinator-Source: kafka-source] INFO org.apache.kafka.common.utils.AppInfoParser - Kafka startTimeMs: 1784315316627
flink-identity-1                | [SourceCoordinator-Source: kafka-source] INFO org.apache.flink.connector.kafka.source.enumerator.KafkaSourceEnumerator - Starting the KafkaSourceEnumerator for consumer group stream-state-bench-flink-w3-latency-tuning_checkpoint10s with partition discovery interval of 300000 ms.
flink-identity-1                | [flink-pekko.actor.default-dispatcher-7] INFO org.apache.flink.runtime.resourcemanager.slotmanager.FineGrainedSlotManager - Matching resource requirements against available resources.
flink-identity-1                | Missing resources:
flink-identity-1                | 	 Job 2117d582f841473561288152aa2a3aea
flink-identity-1                | 		ResourceRequirement{resourceProfile=ResourceProfile{UNKNOWN}, numberOfRequiredSlots=1}
flink-identity-1                | Current resources:
flink-identity-1                | 	TaskManager 75afa034-b1aa-44f9-ae4c-33dfc3554fe9
stream-state-bench-flink-kafka  | 	group.streams.max.assignment.interval.ms = 15000
stream-state-bench-flink-kafka  | 	group.streams.max.heartbeat.interval.ms = 15000
stream-state-bench-flink-kafka  | 	group.streams.max.session.timeout.ms = 60000
stream-state-bench-flink-kafka  | 	group.streams.max.size = 2147483647
stream-state-bench-flink-kafka  | 	group.streams.max.standby.replicas = 2
stream-state-bench-flink-kafka  | 	group.streams.min.assignment.interval.ms = 0
stream-state-bench-flink-kafka  | 	group.streams.min.heartbeat.interval.ms = 5000
stream-state-bench-flink-kafka  | 	group.streams.min.session.timeout.ms = 45000
stream-state-bench-flink-kafka  | 	group.streams.num.standby.replicas = 0
stream-state-bench-flink-kafka  | 	group.streams.session.timeout.ms = 45000
stream-state-bench-flink-kafka  | 	initial.broker.registration.timeout.ms = 60000
stream-state-bench-flink-kafka  | 	inter.broker.listener.name = null
stream-state-bench-flink-kafka  | 	internal.metadata.delete.delay.millis = 60000
stream-state-bench-flink-kafka  | 	internal.metadata.log.segment.bytes = null
stream-state-bench-flink-kafka  | 	internal.metadata.max.batch.size.in.bytes = 8388608
stream-state-bench-flink-kafka  | 	kafka.metrics.polling.interval.secs = 10
stream-state-bench-flink-kafka  | 	kafka.metrics.reporters = []
stream-state-bench-flink-kafka  | 	leader.imbalance.check.interval.seconds = 300
stream-state-bench-flink-kafka  | 	listener.security.protocol.map = CONTROLLER:PLAINTEXT,PLAINTEXT:PLAINTEXT
stream-state-bench-flink-kafka  | 	listeners = [PLAINTEXT://:9092, CONTROLLER://:9093]
stream-state-bench-flink-kafka  | 	log.cleaner.backoff.ms = 15000
stream-state-bench-flink-kafka  | 	log.cleaner.dedupe.buffer.size = 134217728
stream-state-bench-flink-kafka  | 	log.cleaner.delete.retention.ms = 86400000
stream-state-bench-flink-kafka  | 	log.cleaner.enable = true
stream-state-bench-flink-kafka  | 	log.cleaner.io.buffer.load.factor = 0.9
flink-identity-1                | 		Available: ResourceProfile{taskHeapMemory=1024.000gb (1099511627776 bytes), taskOffHeapMemory=1024.000gb (1099511627776 bytes), managedMemory=128.000mb (134217728 bytes), networkMemory=64.000mb (67108864 bytes)}
flink-identity-1                | 		Total:     ResourceProfile{taskHeapMemory=1024.000gb (1099511627776 bytes), taskOffHeapMemory=1024.000gb (1099511627776 bytes), managedMemory=128.000mb (134217728 bytes), networkMemory=64.000mb (67108864 bytes)}
flink-identity-1                | [flink-pekko.actor.default-dispatcher-7] INFO org.apache.flink.runtime.resourcemanager.slotmanager.DefaultSlotStatusSyncer - Starting allocation of slot 6271f34b72f86fe139db4508d8893dbe from 75afa034-b1aa-44f9-ae4c-33dfc3554fe9 for job 2117d582f841473561288152aa2a3aea with resource profile ResourceProfile{taskHeapMemory=1024.000gb (1099511627776 bytes), taskOffHeapMemory=1024.000gb (1099511627776 bytes), managedMemory=128.000mb (134217728 bytes), networkMemory=64.000mb (67108864 bytes)}.
flink-identity-1                | [flink-pekko.actor.default-dispatcher-8] INFO org.apache.flink.runtime.taskexecutor.TaskExecutor - Receive slot request 6271f34b72f86fe139db4508d8893dbe for job 2117d582f841473561288152aa2a3aea from resource manager with leader id 9a95253878ff8e72c7d36751f28a45e0.
flink-identity-1                | [flink-pekko.actor.default-dispatcher-8] INFO org.apache.flink.runtime.taskexecutor.slot.TaskSlotTableImpl - Allocated slot for 6271f34b72f86fe139db4508d8893dbe with resources ResourceProfile{taskHeapMemory=1024.000gb (1099511627776 bytes), taskOffHeapMemory=1024.000gb (1099511627776 bytes), managedMemory=128.000mb (134217728 bytes), networkMemory=64.000mb (67108864 bytes)}.
flink-identity-1                | [flink-pekko.actor.default-dispatcher-8] INFO org.apache.flink.runtime.taskexecutor.DefaultJobLeaderService - Add job 2117d582f841473561288152aa2a3aea for job leader monitoring.
flink-identity-1                | [mini-cluster-io-thread-3] INFO org.apache.flink.runtime.taskexecutor.DefaultJobLeaderService - Try to register at job manager pekko://flink/user/rpc/jobmanager_3 with leader id facaf99c-8e41-458d-bd91-bdb99b654253.
flink-identity-1                | [flink-pekko.actor.default-dispatcher-8] INFO org.apache.flink.runtime.taskexecutor.DefaultJobLeaderService - Resolved JobManager address, beginning registration
flink-identity-1                | [flink-pekko.actor.default-dispatcher-5] INFO org.apache.flink.runtime.taskexecutor.DefaultJobLeaderService - Successful registration at job manager pekko://flink/user/rpc/jobmanager_3 for job 2117d582f841473561288152aa2a3aea.
flink-identity-1                | [flink-pekko.actor.default-dispatcher-5] INFO org.apache.flink.runtime.taskexecutor.TaskExecutor - Establish JobManager connection for job 2117d582f841473561288152aa2a3aea.
flink-identity-1                | [flink-pekko.actor.default-dispatcher-5] INFO org.apache.flink.runtime.taskexecutor.TaskExecutor - Offer reserved slots to the leader of job 2117d582f841473561288152aa2a3aea.
flink-identity-1                | [flink-pekko.actor.default-dispatcher-9] INFO org.apache.flink.runtime.executiongraph.ExecutionGraph - Source: kafka-source -> Filter (1/1) (140fc017cee5acdf762f193528e2b2f9_cbc357ccb763df2852fee8c4fc7d55f2_0_0) switched from SCHEDULED to DEPLOYING.
flink-identity-1                | [flink-pekko.actor.default-dispatcher-9] INFO org.apache.flink.runtime.executiongraph.ExecutionGraph - Deploying Source: kafka-source -> Filter (1/1) (attempt #0) with attempt id 140fc017cee5acdf762f193528e2b2f9_cbc357ccb763df2852fee8c4fc7d55f2_0_0 and vertex id cbc357ccb763df2852fee8c4fc7d55f2_0 to 75afa034-b1aa-44f9-ae4c-33dfc3554fe9 @ localhost (dataPort=-1) with allocation id 6271f34b72f86fe139db4508d8893dbe
flink-identity-1                | [flink-pekko.actor.default-dispatcher-9] INFO org.apache.flink.runtime.executiongraph.ExecutionGraph - TumblingEventTimeWindows -> kafka-sink: Writer -> kafka-sink: Committer (1/1) (140fc017cee5acdf762f193528e2b2f9_90bea66de1c231edf33913ecd54406c1_0_0) switched from SCHEDULED to DEPLOYING.
flink-identity-1                | [flink-pekko.actor.default-dispatcher-9] INFO org.apache.flink.runtime.executiongraph.ExecutionGraph - Deploying TumblingEventTimeWindows -> kafka-sink: Writer -> kafka-sink: Committer (1/1) (attempt #0) with attempt id 140fc017cee5acdf762f193528e2b2f9_90bea66de1c231edf33913ecd54406c1_0_0 and vertex id 90bea66de1c231edf33913ecd54406c1_0 to 75afa034-b1aa-44f9-ae4c-33dfc3554fe9 @ localhost (dataPort=-1) with allocation id 6271f34b72f86fe139db4508d8893dbe
stream-state-bench-flink-kafka  | 	log.cleaner.io.buffer.size = 524288
stream-state-bench-flink-kafka  | 	log.cleaner.io.max.bytes.per.second = 1.7976931348623157E308
stream-state-bench-flink-kafka  | 	log.cleaner.max.compaction.lag.ms = 9223372036854775807
stream-state-bench-flink-kafka  | 	log.cleaner.min.cleanable.ratio = 0.5
stream-state-bench-flink-kafka  | 	log.cleaner.min.compaction.lag.ms = 0
stream-state-bench-flink-kafka  | 	log.cleaner.threads = 1
stream-state-bench-flink-kafka  | 	log.cleanup.policy = [delete]
stream-state-bench-flink-kafka  | 	log.dir = [/tmp/kafka-logs]
stream-state-bench-flink-kafka  | 	log.dir.failure.timeout.ms = 30000
stream-state-bench-flink-kafka  | 	log.dirs = null
stream-state-bench-flink-kafka  | 	log.flush.interval.messages = 9223372036854775807
stream-state-bench-flink-kafka  | 	log.flush.interval.ms = null
stream-state-bench-flink-kafka  | 	log.flush.offset.checkpoint.interval.ms = 60000
stream-state-bench-flink-kafka  | 	log.flush.scheduler.interval.ms = 9223372036854775807
stream-state-bench-flink-kafka  | 	log.flush.start.offset.checkpoint.interval.ms = 60000
stream-state-bench-flink-kafka  | 	log.index.interval.bytes = 4096
stream-state-bench-flink-kafka  | 	log.index.size.max.bytes = 10485760
stream-state-bench-flink-kafka  | 	log.initial.task.delay.ms = 30000
stream-state-bench-flink-kafka  | 	log.local.retention.bytes = -2
stream-state-bench-flink-kafka  | 	log.local.retention.ms = -2
stream-state-bench-flink-kafka  | 	log.message.timestamp.after.max.ms = 3600000
stream-state-bench-flink-kafka  | 	log.message.timestamp.before.max.ms = 9223372036854775807
stream-state-bench-flink-kafka  | 	log.message.timestamp.type = CreateTime
stream-state-bench-flink-kafka  | 	log.preallocate = false
stream-state-bench-flink-kafka  | 	log.retention.bytes = -1
stream-state-bench-flink-kafka  | 	log.retention.check.interval.ms = 300000
stream-state-bench-flink-kafka  | 	log.retention.hours = 168
stream-state-bench-flink-kafka  | 	log.retention.minutes = null
stream-state-bench-flink-kafka  | 	log.retention.ms = null
stream-state-bench-flink-kafka  | 	log.roll.hours = 168
stream-state-bench-flink-kafka  | 	log.roll.jitter.hours = 0
stream-state-bench-flink-kafka  | 	log.roll.jitter.ms = null
flink-identity-1                | [flink-pekko.actor.default-dispatcher-8] INFO org.apache.flink.runtime.taskexecutor.slot.TaskSlotTableImpl - Activate slot 6271f34b72f86fe139db4508d8893dbe.
flink-identity-1                | [flink-pekko.actor.default-dispatcher-8] INFO org.apache.flink.runtime.taskexecutor.slot.TaskSlotTableImpl - Activate slot 6271f34b72f86fe139db4508d8893dbe.
flink-identity-1                | [flink-pekko.actor.default-dispatcher-8] INFO org.apache.flink.runtime.state.changelog.StateChangelogStorageLoader - StateChangelogStorageLoader initialized with shortcut names {memory}.
flink-identity-1                | [flink-pekko.actor.default-dispatcher-8] INFO org.apache.flink.runtime.state.changelog.StateChangelogStorageLoader - Creating a changelog storage with name 'memory'.
flink-identity-1                | [flink-pekko.actor.default-dispatcher-8] INFO org.apache.flink.runtime.state.TaskExecutorChannelStateExecutorFactoryManager - Creating the channel state executor factory for job id 2117d582f841473561288152aa2a3aea
flink-identity-1                | [flink-pekko.actor.default-dispatcher-8] INFO org.apache.flink.runtime.taskexecutor.TaskExecutor - Received task Source: kafka-source -> Filter (1/1)#0 (140fc017cee5acdf762f193528e2b2f9_cbc357ccb763df2852fee8c4fc7d55f2_0_0), deploy into slot with allocation id 6271f34b72f86fe139db4508d8893dbe.
flink-identity-1                | [Source: kafka-source -> Filter (1/1)#0] INFO org.apache.flink.runtime.taskmanager.Task - Source: kafka-source -> Filter (1/1)#0 (140fc017cee5acdf762f193528e2b2f9_cbc357ccb763df2852fee8c4fc7d55f2_0_0) switched from CREATED to DEPLOYING.
flink-identity-1                | [flink-pekko.actor.default-dispatcher-8] INFO org.apache.flink.runtime.taskexecutor.slot.TaskSlotTableImpl - Activate slot 6271f34b72f86fe139db4508d8893dbe.
flink-identity-1                | [Source: kafka-source -> Filter (1/1)#0] INFO org.apache.flink.runtime.taskmanager.Task - Loading JAR files for task Source: kafka-source -> Filter (1/1)#0 (140fc017cee5acdf762f193528e2b2f9_cbc357ccb763df2852fee8c4fc7d55f2_0_0) [DEPLOYING].
flink-identity-1                | [flink-pekko.actor.default-dispatcher-8] INFO org.apache.flink.runtime.taskexecutor.TaskExecutor - Received task TumblingEventTimeWindows -> kafka-sink: Writer -> kafka-sink: Committer (1/1)#0 (140fc017cee5acdf762f193528e2b2f9_90bea66de1c231edf33913ecd54406c1_0_0), deploy into slot with allocation id 6271f34b72f86fe139db4508d8893dbe.
flink-identity-1                | [TumblingEventTimeWindows -> kafka-sink: Writer -> kafka-sink: Committer (1/1)#0] INFO org.apache.flink.runtime.taskmanager.Task - TumblingEventTimeWindows -> kafka-sink: Writer -> kafka-sink: Committer (1/1)#0 (140fc017cee5acdf762f193528e2b2f9_90bea66de1c231edf33913ecd54406c1_0_0) switched from CREATED to DEPLOYING.
flink-identity-1                | [TumblingEventTimeWindows -> kafka-sink: Writer -> kafka-sink: Committer (1/1)#0] INFO org.apache.flink.runtime.taskmanager.Task - Loading JAR files for task TumblingEventTimeWindows -> kafka-sink: Writer -> kafka-sink: Committer (1/1)#0 (140fc017cee5acdf762f193528e2b2f9_90bea66de1c231edf33913ecd54406c1_0_0) [DEPLOYING].
flink-identity-1                | [TumblingEventTimeWindows -> kafka-sink: Writer -> kafka-sink: Committer (1/1)#0] INFO org.apache.flink.streaming.runtime.tasks.StreamTask - State backend is set to heap memory org.apache.flink.runtime.state.hashmap.HashMapStateBackend@69c0cce7
flink-identity-1                | [TumblingEventTimeWindows -> kafka-sink: Writer -> kafka-sink: Committer (1/1)#0] INFO org.apache.flink.runtime.state.StateBackendLoader - State backend loader loads the state backend as HashMapStateBackend
flink-identity-1                | [TumblingEventTimeWindows -> kafka-sink: Writer -> kafka-sink: Committer (1/1)#0] INFO org.apache.flink.streaming.runtime.tasks.StreamTask - Checkpoint storage is set to 'filesystem': (checkpoints "file:/tmp/flink-checkpoints")
flink-identity-1                | [Source: kafka-source -> Filter (1/1)#0] INFO org.apache.flink.streaming.runtime.tasks.StreamTask - State backend is set to heap memory org.apache.flink.runtime.state.hashmap.HashMapStateBackend@22d6549c
flink-identity-1                | [Source: kafka-source -> Filter (1/1)#0] INFO org.apache.flink.runtime.state.StateBackendLoader - State backend loader loads the state backend as HashMapStateBackend
flink-identity-1                | [Source: kafka-source -> Filter (1/1)#0] INFO org.apache.flink.streaming.runtime.tasks.StreamTask - Checkpoint storage is set to 'filesystem': (checkpoints "file:/tmp/flink-checkpoints")
flink-identity-1                | [Source: kafka-source -> Filter (1/1)#0] INFO org.apache.flink.runtime.taskmanager.Task - Source: kafka-source -> Filter (1/1)#0 (140fc017cee5acdf762f193528e2b2f9_cbc357ccb763df2852fee8c4fc7d55f2_0_0) switched from DEPLOYING to INITIALIZING.
flink-identity-1                | [TumblingEventTimeWindows -> kafka-sink: Writer -> kafka-sink: Committer (1/1)#0] INFO org.apache.flink.runtime.taskmanager.Task - TumblingEventTimeWindows -> kafka-sink: Writer -> kafka-sink: Committer (1/1)#0 (140fc017cee5acdf762f193528e2b2f9_90bea66de1c231edf33913ecd54406c1_0_0) switched from DEPLOYING to INITIALIZING.
flink-identity-1                | [flink-pekko.actor.default-dispatcher-9] INFO org.apache.flink.runtime.executiongraph.ExecutionGraph - Source: kafka-source -> Filter (1/1) (140fc017cee5acdf762f193528e2b2f9_cbc357ccb763df2852fee8c4fc7d55f2_0_0) switched from DEPLOYING to INITIALIZING.
flink-identity-1                | [flink-pekko.actor.default-dispatcher-9] INFO org.apache.flink.runtime.executiongraph.ExecutionGraph - TumblingEventTimeWindows -> kafka-sink: Writer -> kafka-sink: Committer (1/1) (140fc017cee5acdf762f193528e2b2f9_90bea66de1c231edf33913ecd54406c1_0_0) switched from DEPLOYING to INITIALIZING.
flink-identity-1                | [Source: kafka-source -> Filter (1/1)#0] INFO org.apache.flink.connector.base.source.reader.SourceReaderBase - Rate limiting of SourceReader is disabled
flink-identity-1                | [Source: kafka-source -> Filter (1/1)#0] INFO org.apache.flink.runtime.state.StateBackendLoader - State backend is set to heap memory org.apache.flink.runtime.state.hashmap.HashMapStateBackend@3727843c
flink-identity-1                | [TumblingEventTimeWindows -> kafka-sink: Writer -> kafka-sink: Committer (1/1)#0] INFO org.apache.flink.runtime.state.StateBackendLoader - State backend is set to heap memory org.apache.flink.runtime.state.hashmap.HashMapStateBackend@3f5b21e
flink-identity-1                | [Source: kafka-source -> Filter (1/1)#0] INFO org.apache.flink.runtime.state.StateBackendLoader - State backend is set to heap memory org.apache.flink.runtime.state.hashmap.HashMapStateBackend@59ea8c1e
flink-identity-1                | [SourceCoordinator-Source: kafka-source] INFO org.apache.flink.runtime.source.coordinator.SourceCoordinator - Source Source: kafka-source registering reader for parallel task 0 (#0) @ 
flink-identity-1                | [TumblingEventTimeWindows -> kafka-sink: Writer -> kafka-sink: Committer (1/1)#0] INFO org.apache.flink.runtime.state.StateBackendLoader - State backend is set to heap memory org.apache.flink.runtime.state.hashmap.HashMapStateBackend@3120e20a
flink-identity-1                | [Source: kafka-source -> Filter (1/1)#0] INFO org.apache.flink.runtime.taskmanager.Task - Source: kafka-source -> Filter (1/1)#0 (140fc017cee5acdf762f193528e2b2f9_cbc357ccb763df2852fee8c4fc7d55f2_0_0) switched from INITIALIZING to RUNNING.
flink-identity-1                | [flink-pekko.actor.default-dispatcher-9] INFO org.apache.flink.runtime.executiongraph.ExecutionGraph - Source: kafka-source -> Filter (1/1) (140fc017cee5acdf762f193528e2b2f9_cbc357ccb763df2852fee8c4fc7d55f2_0_0) switched from INITIALIZING to RUNNING.
flink-identity-1                | [TumblingEventTimeWindows -> kafka-sink: Writer -> kafka-sink: Committer (1/1)#0] WARN org.apache.flink.metrics.MetricGroup - Name collision: Group already contains a Metric with the name 'currentSendTime'. Metric will not be reported.[, taskmanager, 75afa034-b1aa-44f9-ae4c-33dfc3554fe9, stream-state-bench-flink-tumbling_count, kafka-sink: Writer, 0]
flink-identity-1                | [TumblingEventTimeWindows -> kafka-sink: Writer -> kafka-sink: Committer (1/1)#0] INFO org.apache.flink.connector.kafka.sink.ExactlyOnceKafkaWriter - Aborting lingering transactions from previous execution. Recovered states: [].
flink-identity-1                | [TumblingEventTimeWindows -> kafka-sink: Writer -> kafka-sink: Committer (1/1)#0] INFO org.apache.flink.connector.kafka.sink.ExactlyOnceKafkaWriter - Aborting lingering transactions with prefixes [stream-state-bench-flink-w3-latency-tuning_checkpoint10s] using PROBING
flink-identity-1                | [TumblingEventTimeWindows -> kafka-sink: Writer -> kafka-sink: Committer (1/1)#0] INFO org.apache.kafka.common.config.AbstractConfig - ProducerConfig values: 
flink-identity-1                | 	acks = -1
flink-identity-1                | 	batch.size = 16384
flink-identity-1                | 	bootstrap.servers = [kafka:9092]
flink-identity-1                | 	buffer.memory = 33554432
flink-identity-1                | 	client.dns.lookup = use_all_dns_ips
flink-identity-1                | 	client.id = producer-stream-state-bench-flink-w3-latency-tuning_checkpoint10s-0-1
flink-identity-1                | 	compression.gzip.level = -1
flink-identity-1                | 	compression.lz4.level = 9
stream-state-bench-flink-kafka  | 	log.roll.ms = null
stream-state-bench-flink-kafka  | 	log.segment.bytes = 1073741824
stream-state-bench-flink-kafka  | 	log.segment.delete.delay.ms = 60000
stream-state-bench-flink-kafka  | 	max.connection.creation.rate = 2147483647
stream-state-bench-flink-kafka  | 	max.connections = 2147483647
stream-state-bench-flink-kafka  | 	max.connections.per.ip = 2147483647
flink-identity-1                | 	compression.type = none
flink-identity-1                | 	compression.zstd.level = 3
flink-identity-1                | 	config.providers = []
flink-identity-1                | 	connections.max.idle.ms = 540000
flink-identity-1                | 	delivery.timeout.ms = 120000
flink-identity-1                | 	enable.idempotence = true
flink-identity-1                | 	enable.metrics.push = true
flink-identity-1                | 	interceptor.classes = []
flink-identity-1                | 	key.serializer = class org.apache.kafka.common.serialization.ByteArraySerializer
flink-identity-1                | 	linger.ms = 5
flink-identity-1                | 	max.block.ms = 60000
flink-identity-1                | 	max.in.flight.requests.per.connection = 5
flink-identity-1                | 	max.request.size = 1048576
flink-identity-1                | 	metadata.max.age.ms = 300000
stream-state-bench-flink-kafka  | 	max.connections.per.ip.overrides = 
stream-state-bench-flink-kafka  | 	max.incremental.fetch.session.cache.slots = 1000
stream-state-bench-flink-kafka  | 	max.request.partition.size.limit = 2000
stream-state-bench-flink-kafka  | 	message.max.bytes = 1048588
stream-state-bench-flink-kafka  | 	metadata.log.dir = null
stream-state-bench-flink-kafka  | 	metadata.log.max.record.bytes.between.snapshots = 20971520
stream-state-bench-flink-kafka  | 	metadata.log.max.snapshot.interval.ms = 3600000
stream-state-bench-flink-kafka  | 	metadata.log.segment.bytes = 1073741824
stream-state-bench-flink-kafka  | 	metadata.log.segment.ms = 604800000
stream-state-bench-flink-kafka  | 	metadata.max.idle.interval.ms = 500
stream-state-bench-flink-kafka  | 	metadata.max.retention.bytes = 104857600
stream-state-bench-flink-kafka  | 	metadata.max.retention.ms = 604800000
stream-state-bench-flink-kafka  | 	metric.reporters = [org.apache.kafka.common.metrics.JmxReporter]
stream-state-bench-flink-kafka  | 	metrics.num.samples = 2
stream-state-bench-flink-kafka  | 	metrics.recording.level = INFO
stream-state-bench-flink-kafka  | 	metrics.sample.window.ms = 30000
stream-state-bench-flink-kafka  | 	min.insync.replicas = 1
stream-state-bench-flink-kafka  | 	node.id = 1
stream-state-bench-flink-kafka  | 	num.io.threads = 8
stream-state-bench-flink-kafka  | 	num.network.threads = 3
stream-state-bench-flink-kafka  | 	num.partitions = 1
stream-state-bench-flink-kafka  | 	num.recovery.threads.per.data.dir = 2
stream-state-bench-flink-kafka  | 	num.replica.alter.log.dirs.threads = null
stream-state-bench-flink-kafka  | 	num.replica.fetchers = 1
flink-identity-1                | 	metadata.max.idle.ms = 300000
flink-identity-1                | 	metadata.recovery.rebootstrap.trigger.ms = 300000
flink-identity-1                | 	metadata.recovery.strategy = rebootstrap
flink-identity-1                | 	metric.reporters = [org.apache.kafka.common.metrics.JmxReporter]
flink-identity-1                | 	metrics.num.samples = 2
flink-identity-1                | 	metrics.recording.level = INFO
flink-identity-1                | 	metrics.sample.window.ms = 30000
flink-identity-1                | 	partitioner.adaptive.partitioning.enable = true
flink-identity-1                | 	partitioner.availability.timeout.ms = 0
flink-identity-1                | 	partitioner.class = null
flink-identity-1                | 	partitioner.ignore.keys = false
flink-identity-1                | 	receive.buffer.bytes = 32768
flink-identity-1                | 	reconnect.backoff.max.ms = 1000
flink-identity-1                | 	reconnect.backoff.ms = 50
flink-identity-1                | 	request.timeout.ms = 30000
flink-identity-1                | 	retries = 2147483647
flink-identity-1                | 	retry.backoff.max.ms = 1000
flink-identity-1                | 	retry.backoff.ms = 100
flink-identity-1                | 	sasl.client.callback.handler.class = null
flink-identity-1                | 	sasl.jaas.config = null
flink-identity-1                | 	sasl.kerberos.kinit.cmd = /usr/bin/kinit
flink-identity-1                | 	sasl.kerberos.min.time.before.relogin = 60000
flink-identity-1                | 	sasl.kerberos.service.name = null
flink-identity-1                | 	sasl.kerberos.ticket.renew.jitter = 0.05
stream-state-bench-flink-kafka  | 	offset.metadata.max.bytes = 4096
stream-state-bench-flink-kafka  | 	offsets.commit.timeout.ms = 5000
stream-state-bench-flink-kafka  | 	offsets.load.buffer.size = 5242880
stream-state-bench-flink-kafka  | 	offsets.retention.check.interval.ms = 600000
stream-state-bench-flink-kafka  | 	offsets.retention.minutes = 10080
stream-state-bench-flink-kafka  | 	offsets.topic.compression.codec = 0
stream-state-bench-flink-kafka  | 	offsets.topic.num.partitions = 50
stream-state-bench-flink-kafka  | 	offsets.topic.replication.factor = 1
stream-state-bench-flink-kafka  | 	offsets.topic.segment.bytes = 104857600
stream-state-bench-flink-kafka  | 	principal.builder.class = class org.apache.kafka.common.security.authenticator.DefaultKafkaPrincipalBuilder
stream-state-bench-flink-kafka  | 	process.roles = [broker, controller]
stream-state-bench-flink-kafka  | 	producer.id.expiration.check.interval.ms = 600000
stream-state-bench-flink-kafka  | 	producer.id.expiration.ms = 86400000
stream-state-bench-flink-kafka  | 	producer.purgatory.purge.interval.requests = 1000
stream-state-bench-flink-kafka  | 	queued.max.request.bytes = -1
stream-state-bench-flink-kafka  | 	queued.max.requests = 500
stream-state-bench-flink-kafka  | 	quota.window.num = 11
stream-state-bench-flink-kafka  | 	quota.window.size.seconds = 1
stream-state-bench-flink-kafka  | 	remote.fetch.max.wait.ms = 500
stream-state-bench-flink-kafka  | 	remote.list.offsets.request.timeout.ms = 30000
flink-identity-1                | 	sasl.kerberos.ticket.renew.window.factor = 0.8
flink-identity-1                | 	sasl.login.callback.handler.class = null
flink-identity-1                | 	sasl.login.class = null
flink-identity-1                | 	sasl.login.connect.timeout.ms = null
flink-identity-1                | 	sasl.login.read.timeout.ms = null
flink-identity-1                | 	sasl.login.refresh.buffer.seconds = 300
flink-identity-1                | 	sasl.login.refresh.min.period.seconds = 60
flink-identity-1                | 	sasl.login.refresh.window.factor = 0.8
flink-identity-1                | 	sasl.login.refresh.window.jitter = 0.05
flink-identity-1                | 	sasl.login.retry.backoff.max.ms = 10000
flink-identity-1                | 	sasl.login.retry.backoff.ms = 100
flink-identity-1                | 	sasl.mechanism = GSSAPI
flink-identity-1                | 	sasl.oauthbearer.assertion.algorithm = RS256
flink-identity-1                | 	sasl.oauthbearer.assertion.claim.aud = null
flink-identity-1                | 	sasl.oauthbearer.assertion.claim.exp.seconds = 300
flink-identity-1                | 	sasl.oauthbearer.assertion.claim.iss = null
flink-identity-1                | 	sasl.oauthbearer.assertion.claim.jti.include = false
flink-identity-1                | 	sasl.oauthbearer.assertion.claim.nbf.seconds = 60
flink-identity-1                | 	sasl.oauthbearer.assertion.claim.sub = null
flink-identity-1                | 	sasl.oauthbearer.assertion.file = null
stream-state-bench-flink-kafka  | 	remote.log.index.file.cache.total.size.bytes = 1073741824
stream-state-bench-flink-kafka  | 	remote.log.index.file.cache.ttl.ms = 900000
flink-identity-1                | 	sasl.oauthbearer.assertion.private.key.file = null
flink-identity-1                | 	sasl.oauthbearer.assertion.private.key.passphrase = null
flink-identity-1                | 	sasl.oauthbearer.assertion.template.file = null
flink-identity-1                | 	sasl.oauthbearer.client.credentials.client.id = null
flink-identity-1                | 	sasl.oauthbearer.client.credentials.client.secret = null
flink-identity-1                | 	sasl.oauthbearer.clock.skew.seconds = 30
flink-identity-1                | 	sasl.oauthbearer.expected.audience = []
flink-identity-1                | 	sasl.oauthbearer.expected.issuer = null
flink-identity-1                | 	sasl.oauthbearer.header.urlencode = false
flink-identity-1                | 	sasl.oauthbearer.jwks.endpoint.refresh.ms = 3600000
flink-identity-1                | 	sasl.oauthbearer.jwks.endpoint.retry.backoff.max.ms = 10000
flink-identity-1                | 	sasl.oauthbearer.jwks.endpoint.retry.backoff.ms = 100
flink-identity-1                | 	sasl.oauthbearer.jwks.endpoint.url = null
flink-identity-1                | 	sasl.oauthbearer.jwt.retriever.class = class org.apache.kafka.common.security.oauthbearer.DefaultJwtRetriever
stream-state-bench-flink-kafka  | 	remote.log.manager.copier.thread.pool.size = 10
stream-state-bench-flink-kafka  | 	remote.log.manager.copy.max.bytes.per.second = 9223372036854775807
stream-state-bench-flink-kafka  | 	remote.log.manager.copy.quota.window.num = 11
stream-state-bench-flink-kafka  | 	remote.log.manager.copy.quota.window.size.seconds = 1
stream-state-bench-flink-kafka  | 	remote.log.manager.expiration.thread.pool.size = 10
stream-state-bench-flink-kafka  | 	remote.log.manager.fetch.max.bytes.per.second = 9223372036854775807
stream-state-bench-flink-kafka  | 	remote.log.manager.fetch.quota.window.num = 11
stream-state-bench-flink-kafka  | 	remote.log.manager.fetch.quota.window.size.seconds = 1
stream-state-bench-flink-kafka  | 	remote.log.manager.follower.thread.pool.size = 2
stream-state-bench-flink-kafka  | 	remote.log.manager.task.interval.ms = 30000
stream-state-bench-flink-kafka  | 	remote.log.manager.task.retry.backoff.max.ms = 30000
stream-state-bench-flink-kafka  | 	remote.log.manager.task.retry.backoff.ms = 500
stream-state-bench-flink-kafka  | 	remote.log.manager.task.retry.jitter = 0.2
stream-state-bench-flink-kafka  | 	remote.log.manager.thread.pool.size = 2
stream-state-bench-flink-kafka  | 	remote.log.metadata.custom.metadata.max.bytes = 128
stream-state-bench-flink-kafka  | 	remote.log.metadata.manager.class.name = org.apache.kafka.server.log.remote.metadata.storage.TopicBasedRemoteLogMetadataManager
stream-state-bench-flink-kafka  | 	remote.log.metadata.manager.class.path = null
stream-state-bench-flink-kafka  | 	remote.log.metadata.manager.impl.prefix = rlmm.config.
stream-state-bench-flink-kafka  | 	remote.log.metadata.manager.listener.name = null
stream-state-bench-flink-kafka  | 	remote.log.reader.max.pending.tasks = 100
stream-state-bench-flink-kafka  | 	remote.log.reader.threads = 10
stream-state-bench-flink-kafka  | 	remote.log.storage.manager.class.name = null
stream-state-bench-flink-kafka  | 	remote.log.storage.manager.class.path = null
stream-state-bench-flink-kafka  | 	remote.log.storage.manager.impl.prefix = rsm.config.
flink-identity-1                | 	sasl.oauthbearer.jwt.validator.class = class org.apache.kafka.common.security.oauthbearer.DefaultJwtValidator
flink-identity-1                | 	sasl.oauthbearer.scope = null
flink-identity-1                | 	sasl.oauthbearer.scope.claim.name = scope
flink-identity-1                | 	sasl.oauthbearer.sub.claim.name = sub
flink-identity-1                | 	sasl.oauthbearer.token.endpoint.url = null
flink-identity-1                | 	security.protocol = PLAINTEXT
flink-identity-1                | 	security.providers = null
flink-identity-1                | 	send.buffer.bytes = 131072
flink-identity-1                | 	socket.connection.setup.timeout.max.ms = 30000
flink-identity-1                | 	socket.connection.setup.timeout.ms = 10000
flink-identity-1                | 	ssl.cipher.suites = []
flink-identity-1                | 	ssl.enabled.protocols = [TLSv1.2, TLSv1.3]
flink-identity-1                | 	ssl.endpoint.identification.algorithm = https
flink-identity-1                | 	ssl.engine.factory.class = null
flink-identity-1                | 	ssl.key.password = null
flink-identity-1                | 	ssl.keymanager.algorithm = SunX509
flink-identity-1                | 	ssl.keystore.certificate.chain = null
flink-identity-1                | 	ssl.keystore.key = null
flink-identity-1                | 	ssl.keystore.location = null
flink-identity-1                | 	ssl.keystore.password = null
flink-identity-1                | 	ssl.keystore.type = JKS
flink-identity-1                | 	ssl.protocol = TLSv1.3
flink-identity-1                | 	ssl.provider = null
flink-identity-1                | 	ssl.secure.random.implementation = null
flink-identity-1                | 	ssl.trustmanager.algorithm = PKIX
flink-identity-1                | 	ssl.truststore.certificates = null
flink-identity-1                | 	ssl.truststore.location = null
flink-identity-1                | 	ssl.truststore.password = null
flink-identity-1                | 	ssl.truststore.type = JKS
flink-identity-1                | 	transaction.timeout.ms = 300000
flink-identity-1                | 	transaction.two.phase.commit.enable = false
flink-identity-1                | 	transactional.id = stream-state-bench-flink-w3-latency-tuning_checkpoint10s-0-1
flink-identity-1                | 	value.serializer = class org.apache.kafka.common.serialization.ByteArraySerializer
flink-identity-1                | 
flink-identity-1                | [TumblingEventTimeWindows -> kafka-sink: Writer -> kafka-sink: Committer (1/1)#0] INFO org.apache.kafka.common.telemetry.internals.KafkaMetricsCollector - initializing Kafka metrics collector
flink-identity-1                | [TumblingEventTimeWindows -> kafka-sink: Writer -> kafka-sink: Committer (1/1)#0] INFO org.apache.kafka.clients.producer.KafkaProducer - [Producer clientId=producer-stream-state-bench-flink-w3-latency-tuning_checkpoint10s-0-1, transactionalId=stream-state-bench-flink-w3-latency-tuning_checkpoint10s-0-1] Instantiated a transactional producer.
flink-identity-1                | [TumblingEventTimeWindows -> kafka-sink: Writer -> kafka-sink: Committer (1/1)#0] INFO org.apache.kafka.common.utils.AppInfoParser - Kafka version: 4.2.0
flink-identity-1                | [TumblingEventTimeWindows -> kafka-sink: Writer -> kafka-sink: Committer (1/1)#0] INFO org.apache.kafka.common.utils.AppInfoParser - Kafka commitId: a18251bae0b825c6
flink-identity-1                | [TumblingEventTimeWindows -> kafka-sink: Writer -> kafka-sink: Committer (1/1)#0] INFO org.apache.kafka.common.utils.AppInfoParser - Kafka startTimeMs: 1784315316928
flink-identity-1                | [TumblingEventTimeWindows -> kafka-sink: Writer -> kafka-sink: Committer (1/1)#0] INFO org.apache.flink.connector.kafka.sink.internal.FlinkKafkaInternalProducer - Created transactional FlinkKafkaInternalProducer@1618927486{transactionalId='stream-state-bench-flink-w3-latency-tuning_checkpoint10s-0-1', transactionState=NOT_IN_TRANSACTION, closed=false}
flink-identity-1                | [TumblingEventTimeWindows -> kafka-sink: Writer -> kafka-sink: Committer (1/1)#0] INFO org.apache.kafka.clients.producer.internals.TransactionManager - [Producer clientId=producer-stream-state-bench-flink-w3-latency-tuning_checkpoint10s-0-1, transactionalId=stream-state-bench-flink-w3-latency-tuning_checkpoint10s-0-1] Invoking InitProducerId for the first time in order to acquire a producer ID
flink-identity-1                | [kafka-producer-network-thread | producer-stream-state-bench-flink-w3-latency-tuning_checkpoint10s-0-1] INFO org.apache.kafka.clients.Metadata - [Producer clientId=producer-stream-state-bench-flink-w3-latency-tuning_checkpoint10s-0-1, transactionalId=stream-state-bench-flink-w3-latency-tuning_checkpoint10s-0-1] Cluster ID: MkU3OEVBNTcwNTJENDM2Qk
flink-identity-1                | [SourceCoordinator-Source: kafka-source] INFO org.apache.flink.connector.kafka.source.enumerator.KafkaSourceEnumerator - Discovered new partitions: [bench-w3-latency-input-0]
flink-identity-1                | [SourceCoordinator-Source: kafka-source] INFO org.apache.flink.connector.kafka.source.enumerator.KafkaSourceEnumerator - Partition split changes: PartitionSplitChange{newPartitionSplits=[[Partition: bench-w3-latency-input-0, StartingOffset: -2, StoppingOffset: -9223372036854775808]], removedPartitions=[]}
flink-identity-1                | [SourceCoordinator-Source: kafka-source] INFO org.apache.flink.connector.kafka.source.enumerator.KafkaSourceEnumerator - Assigning splits to readers {0=[[Partition: bench-w3-latency-input-0, StartingOffset: -2, StoppingOffset: -9223372036854775808]]}
flink-identity-1                | [Source: kafka-source -> Filter (1/1)#0] INFO org.apache.flink.connector.base.source.reader.SourceReaderBase - Adding split(s) to reader: [[Partition: bench-w3-latency-input-0, StartingOffset: -2, StoppingOffset: -9223372036854775808]]
flink-identity-1                | [Source: kafka-source -> Filter (1/1)#0] INFO org.apache.kafka.common.config.AbstractConfig - ConsumerConfig values: 
flink-identity-1                | 	allow.auto.create.topics = true
flink-identity-1                | 	auto.commit.interval.ms = 5000
flink-identity-1                | 	auto.offset.reset = earliest
stream-state-bench-flink-kafka  | 	remote.log.storage.system.enable = false
flink-identity-1                | 	bootstrap.servers = [kafka:9092]
flink-identity-1                | 	check.crcs = true
flink-identity-1                | 	client.dns.lookup = use_all_dns_ips
flink-identity-1                | 	client.id = stream-state-bench-flink-w3-latency-tuning_checkpoint10s-0
flink-identity-1                | 	client.rack = 
flink-identity-1                | 	config.providers = []
flink-identity-1                | 	connections.max.idle.ms = 540000
flink-identity-1                | 	default.api.timeout.ms = 60000
flink-identity-1                | 	enable.auto.commit = false
flink-identity-1                | 	enable.metrics.push = true
flink-identity-1                | 	exclude.internal.topics = true
flink-identity-1                | 	fetch.max.bytes = 52428800
flink-identity-1                | 	fetch.max.wait.ms = 500
flink-identity-1                | 	fetch.min.bytes = 1
flink-identity-1                | 	group.id = stream-state-bench-flink-w3-latency-tuning_checkpoint10s
flink-identity-1                | 	group.instance.id = null
flink-identity-1                | 	group.protocol = classic
flink-identity-1                | 	group.remote.assignor = null
flink-identity-1                | 	heartbeat.interval.ms = 3000
flink-identity-1                | 	interceptor.classes = []
flink-identity-1                | 	internal.throw.on.fetch.stable.offset.unsupported = false
flink-identity-1                | 	isolation.level = read_uncommitted
flink-identity-1                | 	key.deserializer = class org.apache.kafka.common.serialization.ByteArrayDeserializer
flink-identity-1                | 	max.partition.fetch.bytes = 1048576
flink-identity-1                | 	max.poll.interval.ms = 300000
flink-identity-1                | 	max.poll.records = 500
flink-identity-1                | 	metadata.max.age.ms = 300000
flink-identity-1                | 	metadata.recovery.rebootstrap.trigger.ms = 300000
flink-identity-1                | 	metadata.recovery.strategy = rebootstrap
flink-identity-1                | 	metric.reporters = [org.apache.kafka.common.metrics.JmxReporter]
flink-identity-1                | 	metrics.num.samples = 2
flink-identity-1                | 	metrics.recording.level = INFO
flink-identity-1                | 	metrics.sample.window.ms = 30000
flink-identity-1                | 	partition.assignment.strategy = [class org.apache.kafka.clients.consumer.RangeAssignor, class org.apache.kafka.clients.consumer.CooperativeStickyAssignor]
stream-state-bench-flink-kafka  | 	replica.fetch.backoff.ms = 1000
stream-state-bench-flink-kafka  | 	replica.fetch.max.bytes = 1048576
stream-state-bench-flink-kafka  | 	replica.fetch.min.bytes = 1
stream-state-bench-flink-kafka  | 	replica.fetch.response.max.bytes = 10485760
stream-state-bench-flink-kafka  | 	replica.fetch.wait.max.ms = 500
stream-state-bench-flink-kafka  | 	replica.high.watermark.checkpoint.interval.ms = 5000
stream-state-bench-flink-kafka  | 	replica.lag.time.max.ms = 30000
stream-state-bench-flink-kafka  | 	replica.selector.class = null
stream-state-bench-flink-kafka  | 	replica.socket.receive.buffer.bytes = 65536
stream-state-bench-flink-kafka  | 	replica.socket.timeout.ms = 30000
stream-state-bench-flink-kafka  | 	replication.quota.window.num = 11
stream-state-bench-flink-kafka  | 	replication.quota.window.size.seconds = 1
stream-state-bench-flink-kafka  | 	request.timeout.ms = 30000
stream-state-bench-flink-kafka  | 	sasl.client.callback.handler.class = null
stream-state-bench-flink-kafka  | 	sasl.enabled.mechanisms = [GSSAPI]
stream-state-bench-flink-kafka  | 	sasl.jaas.config = null
stream-state-bench-flink-kafka  | 	sasl.kerberos.kinit.cmd = /usr/bin/kinit
stream-state-bench-flink-kafka  | 	sasl.kerberos.min.time.before.relogin = 60000
stream-state-bench-flink-kafka  | 	sasl.kerberos.principal.to.local.rules = [DEFAULT]
stream-state-bench-flink-kafka  | 	sasl.kerberos.service.name = null
stream-state-bench-flink-kafka  | 	sasl.kerberos.ticket.renew.jitter = 0.05
stream-state-bench-flink-kafka  | 	sasl.kerberos.ticket.renew.window.factor = 0.8
stream-state-bench-flink-kafka  | 	sasl.login.callback.handler.class = null
stream-state-bench-flink-kafka  | 	sasl.login.class = null
stream-state-bench-flink-kafka  | 	sasl.login.connect.timeout.ms = null
stream-state-bench-flink-kafka  | 	sasl.login.read.timeout.ms = null
stream-state-bench-flink-kafka  | 	sasl.login.refresh.buffer.seconds = 300
stream-state-bench-flink-kafka  | 	sasl.login.refresh.min.period.seconds = 60
stream-state-bench-flink-kafka  | 	sasl.login.refresh.window.factor = 0.8
stream-state-bench-flink-kafka  | 	sasl.login.refresh.window.jitter = 0.05
stream-state-bench-flink-kafka  | 	sasl.login.retry.backoff.max.ms = 10000
stream-state-bench-flink-kafka  | 	sasl.login.retry.backoff.ms = 100
stream-state-bench-flink-kafka  | 	sasl.mechanism.controller.protocol = GSSAPI
stream-state-bench-flink-kafka  | 	sasl.mechanism.inter.broker.protocol = GSSAPI
stream-state-bench-flink-kafka  | 	sasl.oauthbearer.assertion.algorithm = RS256
stream-state-bench-flink-kafka  | 	sasl.oauthbearer.assertion.claim.aud = null
stream-state-bench-flink-kafka  | 	sasl.oauthbearer.assertion.claim.exp.seconds = 300
stream-state-bench-flink-kafka  | 	sasl.oauthbearer.assertion.claim.iss = null
stream-state-bench-flink-kafka  | 	sasl.oauthbearer.assertion.claim.jti.include = false
stream-state-bench-flink-kafka  | 	sasl.oauthbearer.assertion.claim.nbf.seconds = 60
stream-state-bench-flink-kafka  | 	sasl.oauthbearer.assertion.claim.sub = null
stream-state-bench-flink-kafka  | 	sasl.oauthbearer.assertion.file = null
stream-state-bench-flink-kafka  | 	sasl.oauthbearer.assertion.private.key.file = null
stream-state-bench-flink-kafka  | 	sasl.oauthbearer.assertion.private.key.passphrase = null
stream-state-bench-flink-kafka  | 	sasl.oauthbearer.assertion.template.file = null
stream-state-bench-flink-kafka  | 	sasl.oauthbearer.client.credentials.client.id = null
stream-state-bench-flink-kafka  | 	sasl.oauthbearer.client.credentials.client.secret = null
stream-state-bench-flink-kafka  | 	sasl.oauthbearer.clock.skew.seconds = 30
stream-state-bench-flink-kafka  | 	sasl.oauthbearer.expected.audience = []
stream-state-bench-flink-kafka  | 	sasl.oauthbearer.expected.issuer = null
stream-state-bench-flink-kafka  | 	sasl.oauthbearer.jwks.endpoint.refresh.ms = 3600000
stream-state-bench-flink-kafka  | 	sasl.oauthbearer.jwks.endpoint.retry.backoff.max.ms = 10000
stream-state-bench-flink-kafka  | 	sasl.oauthbearer.jwks.endpoint.retry.backoff.ms = 100
stream-state-bench-flink-kafka  | 	sasl.oauthbearer.jwks.endpoint.url = null
stream-state-bench-flink-kafka  | 	sasl.oauthbearer.jwt.retriever.class = class org.apache.kafka.common.security.oauthbearer.DefaultJwtRetriever
stream-state-bench-flink-kafka  | 	sasl.oauthbearer.jwt.validator.class = class org.apache.kafka.common.security.oauthbearer.DefaultJwtValidator
stream-state-bench-flink-kafka  | 	sasl.oauthbearer.scope = null
stream-state-bench-flink-kafka  | 	sasl.oauthbearer.scope.claim.name = scope
stream-state-bench-flink-kafka  | 	sasl.oauthbearer.sub.claim.name = sub
stream-state-bench-flink-kafka  | 	sasl.oauthbearer.token.endpoint.url = null
stream-state-bench-flink-kafka  | 	sasl.server.callback.handler.class = null
stream-state-bench-flink-kafka  | 	sasl.server.max.receive.size = 524288
stream-state-bench-flink-kafka  | 	security.inter.broker.protocol = PLAINTEXT
stream-state-bench-flink-kafka  | 	security.providers = null
stream-state-bench-flink-kafka  | 	server.max.startup.time.ms = 9223372036854775807
stream-state-bench-flink-kafka  | 	share.coordinator.append.linger.ms = -1
stream-state-bench-flink-kafka  | 	share.coordinator.cached.buffer.max.bytes = 1048588
stream-state-bench-flink-kafka  | 	share.coordinator.cold.partition.snapshot.interval.ms = 300000
stream-state-bench-flink-kafka  | 	share.coordinator.load.buffer.size = 5242880
stream-state-bench-flink-kafka  | 	share.coordinator.snapshot.update.records.per.snapshot = 500
stream-state-bench-flink-kafka  | 	share.coordinator.state.topic.compression.codec = 0
stream-state-bench-flink-kafka  | 	share.coordinator.state.topic.min.isr = 2
stream-state-bench-flink-kafka  | 	share.coordinator.state.topic.num.partitions = 50
stream-state-bench-flink-kafka  | 	share.coordinator.state.topic.prune.interval.ms = 300000
stream-state-bench-flink-kafka  | 	share.coordinator.state.topic.replication.factor = 3
stream-state-bench-flink-kafka  | 	share.coordinator.state.topic.segment.bytes = 104857600
stream-state-bench-flink-kafka  | 	share.coordinator.threads = 1
stream-state-bench-flink-kafka  | 	share.coordinator.write.timeout.ms = 5000
stream-state-bench-flink-kafka  | 	share.fetch.purgatory.purge.interval.requests = 1000
stream-state-bench-flink-kafka  | 	socket.connection.setup.timeout.max.ms = 30000
stream-state-bench-flink-kafka  | 	socket.connection.setup.timeout.ms = 10000
flink-identity-1                | 	receive.buffer.bytes = 65536
flink-identity-1                | 	reconnect.backoff.max.ms = 1000
flink-identity-1                | 	reconnect.backoff.ms = 50
flink-identity-1                | 	request.timeout.ms = 30000
flink-identity-1                | 	retry.backoff.max.ms = 1000
flink-identity-1                | 	retry.backoff.ms = 100
flink-identity-1                | 	sasl.client.callback.handler.class = null
flink-identity-1                | 	sasl.jaas.config = null
flink-identity-1                | 	sasl.kerberos.kinit.cmd = /usr/bin/kinit
flink-identity-1                | 	sasl.kerberos.min.time.before.relogin = 60000
flink-identity-1                | 	sasl.kerberos.service.name = null
flink-identity-1                | 	sasl.kerberos.ticket.renew.jitter = 0.05
flink-identity-1                | 	sasl.kerberos.ticket.renew.window.factor = 0.8
flink-identity-1                | 	sasl.login.callback.handler.class = null
flink-identity-1                | 	sasl.login.class = null
flink-identity-1                | 	sasl.login.connect.timeout.ms = null
flink-identity-1                | 	sasl.login.read.timeout.ms = null
stream-state-bench-flink-kafka  | 	socket.listen.backlog.size = 50
stream-state-bench-flink-kafka  | 	socket.receive.buffer.bytes = 102400
stream-state-bench-flink-kafka  | 	socket.request.max.bytes = 104857600
stream-state-bench-flink-kafka  | 	socket.send.buffer.bytes = 102400
stream-state-bench-flink-kafka  | 	ssl.allow.dn.changes = false
flink-identity-1                | 	sasl.login.refresh.buffer.seconds = 300
flink-identity-1                | 	sasl.login.refresh.min.period.seconds = 60
flink-identity-1                | 	sasl.login.refresh.window.factor = 0.8
flink-identity-1                | 	sasl.login.refresh.window.jitter = 0.05
flink-identity-1                | 	sasl.login.retry.backoff.max.ms = 10000
flink-identity-1                | 	sasl.login.retry.backoff.ms = 100
flink-identity-1                | 	sasl.mechanism = GSSAPI
flink-identity-1                | 	sasl.oauthbearer.assertion.algorithm = RS256
flink-identity-1                | 	sasl.oauthbearer.assertion.claim.aud = null
flink-identity-1                | 	sasl.oauthbearer.assertion.claim.exp.seconds = 300
flink-identity-1                | 	sasl.oauthbearer.assertion.claim.iss = null
flink-identity-1                | 	sasl.oauthbearer.assertion.claim.jti.include = false
flink-identity-1                | 	sasl.oauthbearer.assertion.claim.nbf.seconds = 60
flink-identity-1                | 	sasl.oauthbearer.assertion.claim.sub = null
flink-identity-1                | 	sasl.oauthbearer.assertion.file = null
flink-identity-1                | 	sasl.oauthbearer.assertion.private.key.file = null
flink-identity-1                | 	sasl.oauthbearer.assertion.private.key.passphrase = null
stream-state-bench-flink-kafka  | 	ssl.allow.san.changes = false
stream-state-bench-flink-kafka  | 	ssl.cipher.suites = []
stream-state-bench-flink-kafka  | 	ssl.client.auth = none
stream-state-bench-flink-kafka  | 	ssl.enabled.protocols = [TLSv1.2, TLSv1.3]
stream-state-bench-flink-kafka  | 	ssl.endpoint.identification.algorithm = https
stream-state-bench-flink-kafka  | 	ssl.engine.factory.class = null
stream-state-bench-flink-kafka  | 	ssl.key.password = null
stream-state-bench-flink-kafka  | 	ssl.keymanager.algorithm = SunX509
stream-state-bench-flink-kafka  | 	ssl.keystore.certificate.chain = null
stream-state-bench-flink-kafka  | 	ssl.keystore.key = null
stream-state-bench-flink-kafka  | 	ssl.keystore.location = null
stream-state-bench-flink-kafka  | 	ssl.keystore.password = null
stream-state-bench-flink-kafka  | 	ssl.keystore.type = JKS
stream-state-bench-flink-kafka  | 	ssl.principal.mapping.rules = DEFAULT
stream-state-bench-flink-kafka  | 	ssl.protocol = TLSv1.3
stream-state-bench-flink-kafka  | 	ssl.provider = null
stream-state-bench-flink-kafka  | 	ssl.secure.random.implementation = null
stream-state-bench-flink-kafka  | 	ssl.trustmanager.algorithm = PKIX
stream-state-bench-flink-kafka  | 	ssl.truststore.certificates = null
stream-state-bench-flink-kafka  | 	ssl.truststore.location = null
stream-state-bench-flink-kafka  | 	ssl.truststore.password = null
stream-state-bench-flink-kafka  | 	ssl.truststore.type = JKS
stream-state-bench-flink-kafka  | 	telemetry.max.bytes = 1048576
stream-state-bench-flink-kafka  | 	transaction.abort.timed.out.transaction.cleanup.interval.ms = 10000
stream-state-bench-flink-kafka  | 	transaction.max.timeout.ms = 900000
stream-state-bench-flink-kafka  | 	transaction.partition.verification.enable = true
flink-identity-1                | 	sasl.oauthbearer.assertion.template.file = null
flink-identity-1                | 	sasl.oauthbearer.client.credentials.client.id = null
flink-identity-1                | 	sasl.oauthbearer.client.credentials.client.secret = null
flink-identity-1                | 	sasl.oauthbearer.clock.skew.seconds = 30
flink-identity-1                | 	sasl.oauthbearer.expected.audience = []
flink-identity-1                | 	sasl.oauthbearer.expected.issuer = null
flink-identity-1                | 	sasl.oauthbearer.header.urlencode = false
flink-identity-1                | 	sasl.oauthbearer.jwks.endpoint.refresh.ms = 3600000
flink-identity-1                | 	sasl.oauthbearer.jwks.endpoint.retry.backoff.max.ms = 10000
flink-identity-1                | 	sasl.oauthbearer.jwks.endpoint.retry.backoff.ms = 100
flink-identity-1                | 	sasl.oauthbearer.jwks.endpoint.url = null
flink-identity-1                | 	sasl.oauthbearer.jwt.retriever.class = class org.apache.kafka.common.security.oauthbearer.DefaultJwtRetriever
flink-identity-1                | 	sasl.oauthbearer.jwt.validator.class = class org.apache.kafka.common.security.oauthbearer.DefaultJwtValidator
flink-identity-1                | 	sasl.oauthbearer.scope = null
flink-identity-1                | 	sasl.oauthbearer.scope.claim.name = scope
flink-identity-1                | 	sasl.oauthbearer.sub.claim.name = sub
flink-identity-1                | 	sasl.oauthbearer.token.endpoint.url = null
flink-identity-1                | 	security.protocol = PLAINTEXT
flink-identity-1                | 	security.providers = null
flink-identity-1                | 	send.buffer.bytes = 131072
flink-identity-1                | 	session.timeout.ms = 45000
flink-identity-1                | 	share.acknowledgement.mode = implicit
flink-identity-1                | 	share.acquire.mode = BATCH_OPTIMIZED
flink-identity-1                | 	socket.connection.setup.timeout.max.ms = 30000
flink-identity-1                | 	socket.connection.setup.timeout.ms = 10000
flink-identity-1                | 	ssl.cipher.suites = []
flink-identity-1                | 	ssl.enabled.protocols = [TLSv1.2, TLSv1.3]
flink-identity-1                | 	ssl.endpoint.identification.algorithm = https
flink-identity-1                | 	ssl.engine.factory.class = null
flink-identity-1                | 	ssl.key.password = null
flink-identity-1                | 	ssl.keymanager.algorithm = SunX509
flink-identity-1                | 	ssl.keystore.certificate.chain = null
flink-identity-1                | 	ssl.keystore.key = null
flink-identity-1                | 	ssl.keystore.location = null
flink-identity-1                | 	ssl.keystore.password = null
flink-identity-1                | 	ssl.keystore.type = JKS
flink-identity-1                | 	ssl.protocol = TLSv1.3
flink-identity-1                | 	ssl.provider = null
flink-identity-1                | 	ssl.secure.random.implementation = null
flink-identity-1                | 	ssl.trustmanager.algorithm = PKIX
flink-identity-1                | 	ssl.truststore.certificates = null
flink-identity-1                | 	ssl.truststore.location = null
flink-identity-1                | 	ssl.truststore.password = null
flink-identity-1                | 	ssl.truststore.type = JKS
flink-identity-1                | 	value.deserializer = class org.apache.kafka.common.serialization.ByteArrayDeserializer
flink-identity-1                | 
flink-identity-1                | [Source: kafka-source -> Filter (1/1)#0] INFO org.apache.kafka.common.telemetry.internals.KafkaMetricsCollector - initializing Kafka metrics collector
stream-state-bench-flink-kafka  | 	transaction.remove.expired.transaction.cleanup.interval.ms = 3600000
flink-identity-1                | [Source: kafka-source -> Filter (1/1)#0] INFO org.apache.kafka.common.config.AbstractConfig - These configurations '[commit.offsets.on.checkpoint, client.id.prefix]' were supplied but are not used yet.
stream-state-bench-flink-kafka  | 	transaction.state.log.load.buffer.size = 5242880
flink-identity-1                | [Source: kafka-source -> Filter (1/1)#0] INFO org.apache.kafka.common.utils.AppInfoParser - Kafka version: 4.2.0
flink-identity-1                | [Source: kafka-source -> Filter (1/1)#0] INFO org.apache.kafka.common.utils.AppInfoParser - Kafka commitId: a18251bae0b825c6
flink-identity-1                | [Source: kafka-source -> Filter (1/1)#0] INFO org.apache.kafka.common.utils.AppInfoParser - Kafka startTimeMs: 1784315317004
flink-identity-1                | [Source Data Fetcher for Source: kafka-source -> Filter (1/1)#0] INFO org.apache.flink.connector.base.source.reader.fetcher.SplitFetcher - Starting split fetcher 0
flink-identity-1                | [Source Data Fetcher for Source: kafka-source -> Filter (1/1)#0] INFO org.apache.kafka.clients.consumer.internals.ClassicKafkaConsumer - [Consumer clientId=stream-state-bench-flink-w3-latency-tuning_checkpoint10s-0, groupId=stream-state-bench-flink-w3-latency-tuning_checkpoint10s] Assigned to partition(s): bench-w3-latency-input-0
flink-identity-1                | [Source Data Fetcher for Source: kafka-source -> Filter (1/1)#0] INFO org.apache.kafka.clients.consumer.internals.SubscriptionState - [Consumer clientId=stream-state-bench-flink-w3-latency-tuning_checkpoint10s-0, groupId=stream-state-bench-flink-w3-latency-tuning_checkpoint10s] Seeking to AutoOffsetResetStrategy{type=earliest} offset of partition bench-w3-latency-input-0
flink-identity-1                | [Source Data Fetcher for Source: kafka-source -> Filter (1/1)#0] INFO org.apache.kafka.clients.Metadata - [Consumer clientId=stream-state-bench-flink-w3-latency-tuning_checkpoint10s-0, groupId=stream-state-bench-flink-w3-latency-tuning_checkpoint10s] Cluster ID: MkU3OEVBNTcwNTJENDM2Qk
flink-identity-1                | [Source Data Fetcher for Source: kafka-source -> Filter (1/1)#0] INFO org.apache.kafka.clients.consumer.internals.SubscriptionState - [Consumer clientId=stream-state-bench-flink-w3-latency-tuning_checkpoint10s-0, groupId=stream-state-bench-flink-w3-latency-tuning_checkpoint10s] Resetting offset for partition bench-w3-latency-input-0 to position FetchPosition{offset=0, offsetEpoch=Optional.empty, currentLeader=LeaderAndEpoch{leader=Optional[kafka:9092 (id: 1 rack: null isFenced: false)], epoch=0}}.
flink-identity-1                | [kafka-producer-network-thread | producer-stream-state-bench-flink-w3-latency-tuning_checkpoint10s-0-1] INFO org.apache.kafka.clients.producer.internals.TransactionManager - [Producer clientId=producer-stream-state-bench-flink-w3-latency-tuning_checkpoint10s-0-1, transactionalId=stream-state-bench-flink-w3-latency-tuning_checkpoint10s-0-1] Discovered transaction coordinator kafka:9092 (id: 1 rack: null isFenced: false)
flink-identity-1                | [kafka-producer-network-thread | producer-stream-state-bench-flink-w3-latency-tuning_checkpoint10s-0-1] INFO org.apache.kafka.clients.producer.internals.TransactionManager - [Producer clientId=producer-stream-state-bench-flink-w3-latency-tuning_checkpoint10s-0-1, transactionalId=stream-state-bench-flink-w3-latency-tuning_checkpoint10s-0-1] Discovered transaction coordinator kafka:9092 (id: 1 rack: null isFenced: false)
flink-identity-1                | [kafka-producer-network-thread | producer-stream-state-bench-flink-w3-latency-tuning_checkpoint10s-0-1] INFO org.apache.kafka.clients.producer.internals.TransactionManager - [Producer clientId=producer-stream-state-bench-flink-w3-latency-tuning_checkpoint10s-0-1, transactionalId=stream-state-bench-flink-w3-latency-tuning_checkpoint10s-0-1] Discovered transaction coordinator kafka:9092 (id: 1 rack: null isFenced: false)
stream-state-bench-flink-kafka  | 	transaction.state.log.min.isr = 1
stream-state-bench-flink-kafka  | 	transaction.state.log.num.partitions = 50
stream-state-bench-flink-kafka  | 	transaction.state.log.replication.factor = 1
stream-state-bench-flink-kafka  | 	transaction.state.log.segment.bytes = 104857600
stream-state-bench-flink-kafka  | 	transaction.two.phase.commit.enable = false
stream-state-bench-flink-kafka  | 	transactional.id.expiration.ms = 604800000
stream-state-bench-flink-kafka  | 	unclean.leader.election.enable = false
stream-state-bench-flink-kafka  | 	unclean.leader.election.interval.ms = 300000
stream-state-bench-flink-kafka  | 	unstable.api.versions.enable = false
stream-state-bench-flink-kafka  | 	unstable.feature.versions.enable = false
stream-state-bench-flink-kafka  |  (org.apache.kafka.common.config.AbstractConfig)
stream-state-bench-flink-kafka  | [2026-07-17 19:08:29,300] INFO [broker-1-to-controller-alter-partition-channel-manager]: Starting (org.apache.kafka.server.NodeToControllerRequestThread)
stream-state-bench-flink-kafka  | [2026-07-17 19:08:29,300] INFO Recorded new KRaft controller, from now on will use node kafka:9093 (id: 1 rack: null isFenced: false) (org.apache.kafka.server.NodeToControllerRequestThread)
stream-state-bench-flink-kafka  | [2026-07-17 19:08:29,303] INFO [ControllerRegistrationManager id=1 incarnation=mKtF4pV0S7mz1NLd5nJE5Q] sendControllerRegistration: attempting to send ControllerRegistrationRequestData(controllerId=1, incarnationId=mKtF4pV0S7mz1NLd5nJE5Q, zkMigrationReady=false, listeners=[Listener(name='CONTROLLER', host='kafka', port=9093, securityProtocol=0)], features=[Feature(name='group.version', minSupportedVersion=0, maxSupportedVersion=1), Feature(name='kraft.version', minSupportedVersion=0, maxSupportedVersion=1), Feature(name='metadata.version', minSupportedVersion=7, maxSupportedVersion=30), Feature(name='share.version', minSupportedVersion=0, maxSupportedVersion=1), Feature(name='streams.version', minSupportedVersion=0, maxSupportedVersion=1), Feature(name='transaction.version', minSupportedVersion=0, maxSupportedVersion=2), Feature(name='eligible.leader.replicas.version', minSupportedVersion=0, maxSupportedVersion=1)]) (kafka.server.ControllerRegistrationManager)
stream-state-bench-flink-kafka  | [2026-07-17 19:08:29,304] INFO [broker-1-to-controller-directory-assignments-channel-manager]: Starting (org.apache.kafka.server.NodeToControllerRequestThread)
stream-state-bench-flink-kafka  | [2026-07-17 19:08:29,304] INFO Recorded new KRaft controller, from now on will use node kafka:9093 (id: 1 rack: null isFenced: false) (org.apache.kafka.server.NodeToControllerRequestThread)
stream-state-bench-flink-kafka  | [2026-07-17 19:08:29,307] INFO [MetadataLoader id=1] InitializeNewPublishers: initializing DynamicClientQuotaPublisher controller id=1 with a snapshot at offset 9 (org.apache.kafka.image.loader.MetadataLoader)
stream-state-bench-flink-kafka  | [2026-07-17 19:08:29,308] INFO [MetadataLoader id=1] InitializeNewPublishers: initializing DynamicTopicClusterQuotaPublisher controller id=1 with a snapshot at offset 9 (org.apache.kafka.image.loader.MetadataLoader)
stream-state-bench-flink-kafka  | [2026-07-17 19:08:29,308] INFO [MetadataLoader id=1] InitializeNewPublishers: initializing ScramPublisher controller id=1 with a snapshot at offset 9 (org.apache.kafka.image.loader.MetadataLoader)
stream-state-bench-flink-kafka  | [2026-07-17 19:08:29,308] INFO [ExpirationReaper-1-Produce]: Starting (org.apache.kafka.server.purgatory.DelayedOperationPurgatory$ExpiredOperationReaper)
stream-state-bench-flink-kafka  | [2026-07-17 19:08:29,308] INFO [MetadataLoader id=1] InitializeNewPublishers: initializing DelegationTokenPublisher controller id=1 with a snapshot at offset 9 (org.apache.kafka.image.loader.MetadataLoader)
stream-state-bench-flink-kafka  | [2026-07-17 19:08:29,308] INFO [ExpirationReaper-1-Fetch]: Starting (org.apache.kafka.server.purgatory.DelayedOperationPurgatory$ExpiredOperationReaper)
flink-identity-1                | [kafka-producer-network-thread | producer-stream-state-bench-flink-w3-latency-tuning_checkpoint10s-0-1] INFO org.apache.kafka.clients.producer.internals.TransactionManager - [Producer clientId=producer-stream-state-bench-flink-w3-latency-tuning_checkpoint10s-0-1, transactionalId=stream-state-bench-flink-w3-latency-tuning_checkpoint10s-0-1] ProducerId set to 0 with epoch 0
flink-identity-1                | [TumblingEventTimeWindows -> kafka-sink: Writer -> kafka-sink: Committer (1/1)#0] INFO org.apache.kafka.clients.producer.internals.TransactionManager - [Producer clientId=producer-stream-state-bench-flink-w3-latency-tuning_checkpoint10s-0-1, transactionalId=stream-state-bench-flink-w3-latency-tuning_checkpoint10s-0-1] Invoking InitProducerId for the first time in order to acquire a producer ID
flink-identity-1                | [TumblingEventTimeWindows -> kafka-sink: Writer -> kafka-sink: Committer (1/1)#0] INFO org.apache.flink.runtime.state.StateBackendLoader - State backend is set to heap memory org.apache.flink.runtime.state.hashmap.HashMapStateBackend@6c4109f1
flink-identity-1                | [TumblingEventTimeWindows -> kafka-sink: Writer -> kafka-sink: Committer (1/1)#0] INFO org.apache.flink.runtime.state.heap.HeapKeyedStateBackendBuilder - Finished to build heap keyed state-backend.
flink-identity-1                | [TumblingEventTimeWindows -> kafka-sink: Writer -> kafka-sink: Committer (1/1)#0] INFO org.apache.flink.runtime.state.heap.HeapKeyedStateBackend - Initializing heap keyed state backend with stream factory.
flink-identity-1                | [TumblingEventTimeWindows -> kafka-sink: Writer -> kafka-sink: Committer (1/1)#0] INFO org.apache.flink.runtime.taskmanager.Task - TumblingEventTimeWindows -> kafka-sink: Writer -> kafka-sink: Committer (1/1)#0 (140fc017cee5acdf762f193528e2b2f9_90bea66de1c231edf33913ecd54406c1_0_0) switched from INITIALIZING to RUNNING.
flink-identity-1                | [flink-pekko.actor.default-dispatcher-8] INFO org.apache.flink.runtime.executiongraph.ExecutionGraph - TumblingEventTimeWindows -> kafka-sink: Writer -> kafka-sink: Committer (1/1) (140fc017cee5acdf762f193528e2b2f9_90bea66de1c231edf33913ecd54406c1_0_0) switched from INITIALIZING to RUNNING.
flink-identity-1                | [Checkpoint Timer] INFO org.apache.flink.runtime.checkpoint.CheckpointCoordinator - Triggering checkpoint 1 (type=CheckpointType{name='Checkpoint', sharingFilesStrategy=FORWARD_BACKWARD}) @ 1784315321879 for job 2117d582f841473561288152aa2a3aea.
flink-identity-1                | [TumblingEventTimeWindows -> kafka-sink: Writer -> kafka-sink: Committer (1/1)#0] INFO org.apache.flink.connector.kafka.sink.internal.FlinkKafkaInternalProducer - Flushing new partitions
flink-identity-1                | [TumblingEventTimeWindows -> kafka-sink: Writer -> kafka-sink: Committer (1/1)#0] WARN org.apache.flink.metrics.MetricGroup - Name collision: Group already contains a Metric with the name 'pendingCommittables'. Metric will not be reported.[, taskmanager, 75afa034-b1aa-44f9-ae4c-33dfc3554fe9, stream-state-bench-flink-tumbling_count, kafka-sink: Committer, 0]
flink-identity-1                | [TumblingEventTimeWindows -> kafka-sink: Writer -> kafka-sink: Committer (1/1)#0] INFO org.apache.kafka.clients.producer.internals.TransactionManager - [Producer clientId=producer-stream-state-bench-flink-w3-latency-tuning_checkpoint10s-0-1, transactionalId=stream-state-bench-flink-w3-latency-tuning_checkpoint10s-0-1] Invoking InitProducerId for the first time in order to acquire a producer ID
flink-identity-1                | [kafka-producer-network-thread | producer-stream-state-bench-flink-w3-latency-tuning_checkpoint10s-0-1] INFO org.apache.kafka.clients.producer.internals.TransactionManager - [Producer clientId=producer-stream-state-bench-flink-w3-latency-tuning_checkpoint10s-0-1, transactionalId=stream-state-bench-flink-w3-latency-tuning_checkpoint10s-0-1] ProducerId set to 1 with epoch 0
flink-identity-1                | [jobmanager-io-thread-7] INFO org.apache.flink.runtime.checkpoint.CheckpointCoordinator - Completed checkpoint 1 for job 2117d582f841473561288152aa2a3aea (5017 bytes, checkpointDuration=66 ms, finalizationTime=4 ms).
flink-identity-1                | [SourceCoordinator-Source: kafka-source] INFO org.apache.flink.runtime.source.coordinator.SourceCoordinator - Marking checkpoint 1 as completed for source Source: kafka-source.
flink-identity-1                | [Checkpoint Timer] INFO org.apache.flink.runtime.checkpoint.CheckpointCoordinator - Triggering checkpoint 2 (type=CheckpointType{name='Checkpoint', sharingFilesStrategy=FORWARD_BACKWARD}) @ 1784315331879 for job 2117d582f841473561288152aa2a3aea.
flink-identity-1                | [TumblingEventTimeWindows -> kafka-sink: Writer -> kafka-sink: Committer (1/1)#0] INFO org.apache.flink.connector.kafka.sink.internal.FlinkKafkaInternalProducer - Flushing new partitions
flink-identity-1                | [TumblingEventTimeWindows -> kafka-sink: Writer -> kafka-sink: Committer (1/1)#0] WARN org.apache.flink.metrics.MetricGroup - Name collision: Group already contains a Metric with the name 'pendingCommittables'. Metric will not be reported.[, taskmanager, 75afa034-b1aa-44f9-ae4c-33dfc3554fe9, stream-state-bench-flink-tumbling_count, kafka-sink: Committer, 0]
flink-identity-1                | [TumblingEventTimeWindows -> kafka-sink: Writer -> kafka-sink: Committer (1/1)#0] INFO org.apache.kafka.common.config.AbstractConfig - ProducerConfig values: 
flink-identity-1                | 	acks = -1
flink-identity-1                | 	batch.size = 16384
flink-identity-1                | 	bootstrap.servers = [kafka:9092]
flink-identity-1                | 	buffer.memory = 33554432
flink-identity-1                | 	client.dns.lookup = use_all_dns_ips
flink-identity-1                | 	client.id = producer-stream-state-bench-flink-w3-latency-tuning_checkpoint10s-0-3
flink-identity-1                | 	compression.gzip.level = -1
flink-identity-1                | 	compression.lz4.level = 9
flink-identity-1                | 	compression.type = none
flink-identity-1                | 	compression.zstd.level = 3
flink-identity-1                | 	config.providers = []
flink-identity-1                | 	connections.max.idle.ms = 540000
flink-identity-1                | 	delivery.timeout.ms = 120000
flink-identity-1                | 	enable.idempotence = true
flink-identity-1                | 	enable.metrics.push = true
flink-identity-1                | 	interceptor.classes = []
flink-identity-1                | 	key.serializer = class org.apache.kafka.common.serialization.ByteArraySerializer
flink-identity-1                | 	linger.ms = 5
flink-identity-1                | 	max.block.ms = 60000
flink-identity-1                | 	max.in.flight.requests.per.connection = 5
flink-identity-1                | 	max.request.size = 1048576
flink-identity-1                | 	metadata.max.age.ms = 300000
flink-identity-1                | 	metadata.max.idle.ms = 300000
flink-identity-1                | 	metadata.recovery.rebootstrap.trigger.ms = 300000
flink-identity-1                | 	metadata.recovery.strategy = rebootstrap
flink-identity-1                | 	metric.reporters = [org.apache.kafka.common.metrics.JmxReporter]
flink-identity-1                | 	metrics.num.samples = 2
flink-identity-1                | 	metrics.recording.level = INFO
flink-identity-1                | 	metrics.sample.window.ms = 30000
flink-identity-1                | 	partitioner.adaptive.partitioning.enable = true
flink-identity-1                | 	partitioner.availability.timeout.ms = 0
flink-identity-1                | 	partitioner.class = null
flink-identity-1                | 	partitioner.ignore.keys = false
flink-identity-1                | 	receive.buffer.bytes = 32768
flink-identity-1                | 	reconnect.backoff.max.ms = 1000
flink-identity-1                | 	reconnect.backoff.ms = 50
flink-identity-1                | 	request.timeout.ms = 30000
flink-identity-1                | 	retries = 2147483647
flink-identity-1                | 	retry.backoff.max.ms = 1000
flink-identity-1                | 	retry.backoff.ms = 100
flink-identity-1                | 	sasl.client.callback.handler.class = null
flink-identity-1                | 	sasl.jaas.config = null
flink-identity-1                | 	sasl.kerberos.kinit.cmd = /usr/bin/kinit
flink-identity-1                | 	sasl.kerberos.min.time.before.relogin = 60000
flink-identity-1                | 	sasl.kerberos.service.name = null
flink-identity-1                | 	sasl.kerberos.ticket.renew.jitter = 0.05
flink-identity-1                | 	sasl.kerberos.ticket.renew.window.factor = 0.8
stream-state-bench-flink-kafka  | [2026-07-17 19:08:29,309] INFO [MetadataLoader id=1] InitializeNewPublishers: initializing ControllerMetadataMetricsPublisher with a snapshot at offset 9 (org.apache.kafka.image.loader.MetadataLoader)
flink-identity-1                | 	sasl.login.callback.handler.class = null
flink-identity-1                | 	sasl.login.class = null
flink-identity-1                | 	sasl.login.connect.timeout.ms = null
flink-identity-1                | 	sasl.login.read.timeout.ms = null
flink-identity-1                | 	sasl.login.refresh.buffer.seconds = 300
flink-identity-1                | 	sasl.login.refresh.min.period.seconds = 60
flink-identity-1                | 	sasl.login.refresh.window.factor = 0.8
flink-identity-1                | 	sasl.login.refresh.window.jitter = 0.05
flink-identity-1                | 	sasl.login.retry.backoff.max.ms = 10000
flink-identity-1                | 	sasl.login.retry.backoff.ms = 100
flink-identity-1                | 	sasl.mechanism = GSSAPI
flink-identity-1                | 	sasl.oauthbearer.assertion.algorithm = RS256
flink-identity-1                | 	sasl.oauthbearer.assertion.claim.aud = null
flink-identity-1                | 	sasl.oauthbearer.assertion.claim.exp.seconds = 300
flink-identity-1                | 	sasl.oauthbearer.assertion.claim.iss = null
flink-identity-1                | 	sasl.oauthbearer.assertion.claim.jti.include = false
flink-identity-1                | 	sasl.oauthbearer.assertion.claim.nbf.seconds = 60
flink-identity-1                | 	sasl.oauthbearer.assertion.claim.sub = null
flink-identity-1                | 	sasl.oauthbearer.assertion.file = null
flink-identity-1                | 	sasl.oauthbearer.assertion.private.key.file = null
flink-identity-1                | 	sasl.oauthbearer.assertion.private.key.passphrase = null
flink-identity-1                | 	sasl.oauthbearer.assertion.template.file = null
flink-identity-1                | 	sasl.oauthbearer.client.credentials.client.id = null
flink-identity-1                | 	sasl.oauthbearer.client.credentials.client.secret = null
flink-identity-1                | 	sasl.oauthbearer.clock.skew.seconds = 30
flink-identity-1                | 	sasl.oauthbearer.expected.audience = []
flink-identity-1                | 	sasl.oauthbearer.expected.issuer = null
flink-identity-1                | 	sasl.oauthbearer.header.urlencode = false
stream-state-bench-flink-kafka  | [2026-07-17 19:08:29,309] INFO [MetadataLoader id=1] InitializeNewPublishers: initializing AclPublisher controller id=1 with a snapshot at offset 9 (org.apache.kafka.image.loader.MetadataLoader)
stream-state-bench-flink-kafka  | [2026-07-17 19:08:29,309] INFO [ExpirationReaper-1-DeleteRecords]: Starting (org.apache.kafka.server.purgatory.DelayedOperationPurgatory$ExpiredOperationReaper)
stream-state-bench-flink-kafka  | [2026-07-17 19:08:29,309] INFO [ExpirationReaper-1-RemoteFetch]: Starting (org.apache.kafka.server.purgatory.DelayedOperationPurgatory$ExpiredOperationReaper)
stream-state-bench-flink-kafka  | [2026-07-17 19:08:29,310] INFO [ExpirationReaper-1-RemoteListOffsets]: Starting (org.apache.kafka.server.purgatory.DelayedOperationPurgatory$ExpiredOperationReaper)
stream-state-bench-flink-kafka  | [2026-07-17 19:08:29,310] INFO [ExpirationReaper-1-ShareFetch]: Starting (org.apache.kafka.server.purgatory.DelayedOperationPurgatory$ExpiredOperationReaper)
stream-state-bench-flink-kafka  | [2026-07-17 19:08:29,315] INFO [share-coordinator-reaper]: Starting (org.apache.kafka.server.util.timer.SystemTimerReaper$Reaper)
stream-state-bench-flink-kafka  | [2026-07-17 19:08:29,322] INFO [share-coordinator-event-processor-0]: Starting (org.apache.kafka.coordinator.common.runtime.MultiThreadedEventProcessor$EventProcessorThread)
stream-state-bench-flink-kafka  | [2026-07-17 19:08:29,325] INFO [persister-state-manager-reaper]: Starting (org.apache.kafka.server.util.timer.SystemTimerReaper$Reaper)
stream-state-bench-flink-kafka  | [2026-07-17 19:08:29,325] INFO [PersisterStateManager]: Starting (org.apache.kafka.server.share.persister.PersisterStateManager$SendThread)
stream-state-bench-flink-kafka  | [2026-07-17 19:08:29,326] INFO [network-partition-metadata-client-reaper]: Starting (org.apache.kafka.server.util.timer.SystemTimerReaper$Reaper)
stream-state-bench-flink-kafka  | [2026-07-17 19:08:29,326] INFO [group-coordinator-reaper]: Starting (org.apache.kafka.server.util.timer.SystemTimerReaper$Reaper)
stream-state-bench-flink-kafka  | [2026-07-17 19:08:29,330] INFO [group-coordinator-event-processor-1]: Starting (org.apache.kafka.coordinator.common.runtime.MultiThreadedEventProcessor$EventProcessorThread)
stream-state-bench-flink-kafka  | [2026-07-17 19:08:29,330] INFO [group-coordinator-event-processor-0]: Starting (org.apache.kafka.coordinator.common.runtime.MultiThreadedEventProcessor$EventProcessorThread)
stream-state-bench-flink-kafka  | [2026-07-17 19:08:29,330] INFO [group-coordinator-event-processor-2]: Starting (org.apache.kafka.coordinator.common.runtime.MultiThreadedEventProcessor$EventProcessorThread)
stream-state-bench-flink-kafka  | [2026-07-17 19:08:29,330] INFO [group-coordinator-event-processor-3]: Starting (org.apache.kafka.coordinator.common.runtime.MultiThreadedEventProcessor$EventProcessorThread)
stream-state-bench-flink-kafka  | [2026-07-17 19:08:29,336] INFO Unable to read the broker epoch in /tmp/kafka-logs. (kafka.log.LogManager)
stream-state-bench-flink-kafka  | [2026-07-17 19:08:29,337] INFO [broker-1-to-controller-heartbeat-channel-manager]: Starting (org.apache.kafka.server.NodeToControllerRequestThread)
stream-state-bench-flink-kafka  | [2026-07-17 19:08:29,337] INFO Recorded new KRaft controller, from now on will use node kafka:9093 (id: 1 rack: null isFenced: false) (org.apache.kafka.server.NodeToControllerRequestThread)
stream-state-bench-flink-kafka  | [2026-07-17 19:08:29,338] INFO [BrokerLifecycleManager id=1] Incarnation vxnWGntSQBKYUFo4wiwerA of broker 1 in cluster MkU3OEVBNTcwNTJENDM2Qk is now STARTING. (org.apache.kafka.server.BrokerLifecycleManager)
stream-state-bench-flink-kafka  | [2026-07-17 19:08:29,339] INFO [share-group-lock-timeout-reaper]: Starting (org.apache.kafka.server.util.timer.SystemTimerReaper$Reaper)
stream-state-bench-flink-kafka  | [2026-07-17 19:08:29,341] INFO [ExpirationReaper-1-AlterAcls]: Starting (org.apache.kafka.server.purgatory.DelayedOperationPurgatory$ExpiredOperationReaper)
stream-state-bench-flink-kafka  | [2026-07-17 19:08:29,351] INFO [BrokerServer id=1] Waiting for the broker metadata publishers to be installed (kafka.server.BrokerServer)
stream-state-bench-flink-kafka  | [2026-07-17 19:08:29,351] INFO [BrokerServer id=1] Finished waiting for the broker metadata publishers to be installed (kafka.server.BrokerServer)
stream-state-bench-flink-kafka  | [2026-07-17 19:08:29,351] INFO [BrokerServer id=1] Waiting for the controller to acknowledge that we are caught up (kafka.server.BrokerServer)
stream-state-bench-flink-kafka  | [2026-07-17 19:08:29,351] INFO [MetadataLoader id=1] InitializeNewPublishers: initializing MetadataVersionPublisher(id=1) with a snapshot at offset 9 (org.apache.kafka.image.loader.MetadataLoader)
stream-state-bench-flink-kafka  | [2026-07-17 19:08:29,352] INFO [MetadataLoader id=1] InitializeNewPublishers: initializing BrokerMetadataPublisher with a snapshot at offset 9 (org.apache.kafka.image.loader.MetadataLoader)
stream-state-bench-flink-kafka  | [2026-07-17 19:08:29,353] INFO [BrokerMetadataPublisher id=1] Publishing initial metadata at offset OffsetAndEpoch[offset=9, epoch=1] with metadata.version Optional[4.3-IV0]. (kafka.server.metadata.BrokerMetadataPublisher)
stream-state-bench-flink-kafka  | [2026-07-17 19:08:29,354] INFO Loading logs from log dirs ArrayBuffer(/tmp/kafka-logs) (kafka.log.LogManager)
stream-state-bench-flink-kafka  | [2026-07-17 19:08:29,355] INFO [ControllerRegistrationManager id=1 incarnation=mKtF4pV0S7mz1NLd5nJE5Q] RegistrationResponseHandler: controller acknowledged ControllerRegistrationRequest. (kafka.server.ControllerRegistrationManager)
stream-state-bench-flink-kafka  | [2026-07-17 19:08:29,355] INFO [BrokerLifecycleManager id=1] Successfully registered broker 1 with broker epoch 11 (org.apache.kafka.server.BrokerLifecycleManager)
stream-state-bench-flink-kafka  | [2026-07-17 19:08:29,357] INFO No logs found to be loaded in /tmp/kafka-logs (kafka.log.LogManager)
stream-state-bench-flink-kafka  | [2026-07-17 19:08:29,366] INFO Loaded 0 logs in 8ms (kafka.log.LogManager)
stream-state-bench-flink-kafka  | [2026-07-17 19:08:29,367] INFO Starting log cleanup with a period of 300000 ms. (kafka.log.LogManager)
stream-state-bench-flink-kafka  | [2026-07-17 19:08:29,367] INFO Starting log flusher with a default period of 9223372036854775807 ms. (kafka.log.LogManager)
stream-state-bench-flink-kafka  | [2026-07-17 19:08:29,438] INFO [LogDirFailureHandler]: Starting (kafka.server.ReplicaManager$LogDirFailureHandler)
stream-state-bench-flink-kafka  | [2026-07-17 19:08:29,439] INFO [AddPartitionsToTxnSenderThread-1]: Starting (org.apache.kafka.server.transaction.AddPartitionsToTxnManager)
stream-state-bench-flink-kafka  | [2026-07-17 19:08:29,439] INFO [GroupCoordinator id=1] Starting up. (org.apache.kafka.coordinator.group.GroupCoordinatorService)
stream-state-bench-flink-kafka  | [2026-07-17 19:08:29,439] INFO [GroupCoordinator id=1] Startup complete. (org.apache.kafka.coordinator.group.GroupCoordinatorService)
stream-state-bench-flink-kafka  | [2026-07-17 19:08:29,440] INFO [TransactionCoordinator id=1] Starting up. (kafka.coordinator.transaction.TransactionCoordinator)
stream-state-bench-flink-kafka  | [2026-07-17 19:08:29,440] INFO [TransactionCoordinator id=1] Startup complete. (kafka.coordinator.transaction.TransactionCoordinator)
stream-state-bench-flink-kafka  | [2026-07-17 19:08:29,440] INFO [TxnMarkerSenderThread-1]: Starting (kafka.coordinator.transaction.TransactionMarkerChannelManager)
stream-state-bench-flink-kafka  | [2026-07-17 19:08:29,440] INFO [ShareCoordinator id=1] Starting up. (org.apache.kafka.coordinator.share.ShareCoordinatorService)
stream-state-bench-flink-kafka  | [2026-07-17 19:08:29,440] INFO [ShareCoordinator id=1] Startup complete. (org.apache.kafka.coordinator.share.ShareCoordinatorService)
stream-state-bench-flink-kafka  | [2026-07-17 19:08:29,443] INFO [DynamicConfigPublisher broker id=1] Updating cluster configuration : min.insync.replicas -> 1 (kafka.server.metadata.DynamicConfigPublisher)
stream-state-bench-flink-kafka  | [2026-07-17 19:08:29,444] INFO AbstractConfig values: 
stream-state-bench-flink-kafka  | 	group.consumer.assignment.interval.ms = 1000
stream-state-bench-flink-kafka  | 	group.consumer.assignors = [uniform, range]
flink-identity-1                | 	sasl.oauthbearer.jwks.endpoint.refresh.ms = 3600000
flink-identity-1                | 	sasl.oauthbearer.jwks.endpoint.retry.backoff.max.ms = 10000
flink-identity-1                | 	sasl.oauthbearer.jwks.endpoint.retry.backoff.ms = 100
flink-identity-1                | 	sasl.oauthbearer.jwks.endpoint.url = null
flink-identity-1                | 	sasl.oauthbearer.jwt.retriever.class = class org.apache.kafka.common.security.oauthbearer.DefaultJwtRetriever
flink-identity-1                | 	sasl.oauthbearer.jwt.validator.class = class org.apache.kafka.common.security.oauthbearer.DefaultJwtValidator
flink-identity-1                | 	sasl.oauthbearer.scope = null
flink-identity-1                | 	sasl.oauthbearer.scope.claim.name = scope
flink-identity-1                | 	sasl.oauthbearer.sub.claim.name = sub
flink-identity-1                | 	sasl.oauthbearer.token.endpoint.url = null
flink-identity-1                | 	security.protocol = PLAINTEXT
flink-identity-1                | 	security.providers = null
flink-identity-1                | 	send.buffer.bytes = 131072
flink-identity-1                | 	socket.connection.setup.timeout.max.ms = 30000
flink-identity-1                | 	socket.connection.setup.timeout.ms = 10000
flink-identity-1                | 	ssl.cipher.suites = []
flink-identity-1                | 	ssl.enabled.protocols = [TLSv1.2, TLSv1.3]
flink-identity-1                | 	ssl.endpoint.identification.algorithm = https
flink-identity-1                | 	ssl.engine.factory.class = null
flink-identity-1                | 	ssl.key.password = null
flink-identity-1                | 	ssl.keymanager.algorithm = SunX509
flink-identity-1                | 	ssl.keystore.certificate.chain = null
flink-identity-1                | 	ssl.keystore.key = null
flink-identity-1                | 	ssl.keystore.location = null
flink-identity-1                | 	ssl.keystore.password = null
flink-identity-1                | 	ssl.keystore.type = JKS
flink-identity-1                | 	ssl.protocol = TLSv1.3
flink-identity-1                | 	ssl.provider = null
flink-identity-1                | 	ssl.secure.random.implementation = null
flink-identity-1                | 	ssl.trustmanager.algorithm = PKIX
flink-identity-1                | 	ssl.truststore.certificates = null
flink-identity-1                | 	ssl.truststore.location = null
flink-identity-1                | 	ssl.truststore.password = null
flink-identity-1                | 	ssl.truststore.type = JKS
flink-identity-1                | 	transaction.timeout.ms = 300000
flink-identity-1                | 	transaction.two.phase.commit.enable = false
flink-identity-1                | 	transactional.id = stream-state-bench-flink-w3-latency-tuning_checkpoint10s-0-3
flink-identity-1                | 	value.serializer = class org.apache.kafka.common.serialization.ByteArraySerializer
flink-identity-1                | 
flink-identity-1                | [TumblingEventTimeWindows -> kafka-sink: Writer -> kafka-sink: Committer (1/1)#0] INFO org.apache.kafka.common.telemetry.internals.KafkaMetricsCollector - initializing Kafka metrics collector
flink-identity-1                | [TumblingEventTimeWindows -> kafka-sink: Writer -> kafka-sink: Committer (1/1)#0] INFO org.apache.kafka.clients.producer.KafkaProducer - [Producer clientId=producer-stream-state-bench-flink-w3-latency-tuning_checkpoint10s-0-3, transactionalId=stream-state-bench-flink-w3-latency-tuning_checkpoint10s-0-3] Instantiated a transactional producer.
flink-identity-1                | [TumblingEventTimeWindows -> kafka-sink: Writer -> kafka-sink: Committer (1/1)#0] INFO org.apache.kafka.common.utils.AppInfoParser - Kafka version: 4.2.0
flink-identity-1                | [TumblingEventTimeWindows -> kafka-sink: Writer -> kafka-sink: Committer (1/1)#0] INFO org.apache.kafka.common.utils.AppInfoParser - Kafka commitId: a18251bae0b825c6
flink-identity-1                | [TumblingEventTimeWindows -> kafka-sink: Writer -> kafka-sink: Committer (1/1)#0] INFO org.apache.kafka.common.utils.AppInfoParser - Kafka startTimeMs: 1784315331889
flink-identity-1                | [TumblingEventTimeWindows -> kafka-sink: Writer -> kafka-sink: Committer (1/1)#0] INFO org.apache.flink.connector.kafka.sink.internal.FlinkKafkaInternalProducer - Created transactional FlinkKafkaInternalProducer@349333266{transactionalId='stream-state-bench-flink-w3-latency-tuning_checkpoint10s-0-3', transactionState=NOT_IN_TRANSACTION, closed=false}
flink-identity-1                | [TumblingEventTimeWindows -> kafka-sink: Writer -> kafka-sink: Committer (1/1)#0] INFO org.apache.kafka.clients.producer.internals.TransactionManager - [Producer clientId=producer-stream-state-bench-flink-w3-latency-tuning_checkpoint10s-0-3, transactionalId=stream-state-bench-flink-w3-latency-tuning_checkpoint10s-0-3] Invoking InitProducerId for the first time in order to acquire a producer ID
flink-identity-1                | [kafka-producer-network-thread | producer-stream-state-bench-flink-w3-latency-tuning_checkpoint10s-0-3] INFO org.apache.kafka.clients.Metadata - [Producer clientId=producer-stream-state-bench-flink-w3-latency-tuning_checkpoint10s-0-3, transactionalId=stream-state-bench-flink-w3-latency-tuning_checkpoint10s-0-3] Cluster ID: MkU3OEVBNTcwNTJENDM2Qk
flink-identity-1                | [kafka-producer-network-thread | producer-stream-state-bench-flink-w3-latency-tuning_checkpoint10s-0-3] INFO org.apache.kafka.clients.producer.internals.TransactionManager - [Producer clientId=producer-stream-state-bench-flink-w3-latency-tuning_checkpoint10s-0-3, transactionalId=stream-state-bench-flink-w3-latency-tuning_checkpoint10s-0-3] Discovered transaction coordinator kafka:9092 (id: 1 rack: null isFenced: false)
flink-identity-1                | [kafka-producer-network-thread | producer-stream-state-bench-flink-w3-latency-tuning_checkpoint10s-0-3] INFO org.apache.kafka.clients.producer.internals.TransactionManager - [Producer clientId=producer-stream-state-bench-flink-w3-latency-tuning_checkpoint10s-0-3, transactionalId=stream-state-bench-flink-w3-latency-tuning_checkpoint10s-0-3] ProducerId set to 3 with epoch 0
flink-identity-1                | [jobmanager-io-thread-12] INFO org.apache.flink.runtime.checkpoint.CheckpointCoordinator - Completed checkpoint 2 for job 2117d582f841473561288152aa2a3aea (5179 bytes, checkpointDuration=134 ms, finalizationTime=4 ms).
flink-identity-1                | [SourceCoordinator-Source: kafka-source] INFO org.apache.flink.runtime.source.coordinator.SourceCoordinator - Marking checkpoint 2 as completed for source Source: kafka-source.
flink-identity-1                | [Source Data Fetcher for Source: kafka-source -> Filter (1/1)#0] INFO org.apache.kafka.clients.consumer.internals.ConsumerCoordinator - [Consumer clientId=stream-state-bench-flink-w3-latency-tuning_checkpoint10s-0, groupId=stream-state-bench-flink-w3-latency-tuning_checkpoint10s] Discovered group coordinator kafka:9092 (id: 2147483646 rack: null isFenced: false)
stream-state-bench-flink-kafka  | 	group.consumer.heartbeat.interval.ms = 5000
flink-identity-1                | [Checkpoint Timer] INFO org.apache.flink.runtime.checkpoint.CheckpointCoordinator - Triggering checkpoint 3 (type=CheckpointType{name='Checkpoint', sharingFilesStrategy=FORWARD_BACKWARD}) @ 1784315341879 for job 2117d582f841473561288152aa2a3aea.
stream-state-bench-flink-kafka  | 	group.consumer.max.assignment.interval.ms = 15000
stream-state-bench-flink-kafka  | 	group.consumer.max.heartbeat.interval.ms = 15000
stream-state-bench-flink-kafka  | 	group.consumer.max.session.timeout.ms = 60000
stream-state-bench-flink-kafka  | 	group.consumer.max.size = 2147483647
stream-state-bench-flink-kafka  | 	group.consumer.migration.policy = bidirectional
stream-state-bench-flink-kafka  | 	group.consumer.min.assignment.interval.ms = 0
stream-state-bench-flink-kafka  | 	group.consumer.min.heartbeat.interval.ms = 5000
stream-state-bench-flink-kafka  | 	group.consumer.min.session.timeout.ms = 45000
stream-state-bench-flink-kafka  | 	group.consumer.regex.refresh.interval.ms = 600000
stream-state-bench-flink-kafka  | 	group.consumer.session.timeout.ms = 45000
stream-state-bench-flink-kafka  | 	group.coordinator.append.linger.ms = -1
stream-state-bench-flink-kafka  | 	group.coordinator.background.threads = 2
stream-state-bench-flink-kafka  | 	group.coordinator.cached.buffer.max.bytes = 1048588
stream-state-bench-flink-kafka  | 	group.coordinator.rebalance.protocols = [classic, consumer, streams]
stream-state-bench-flink-kafka  | 	group.coordinator.threads = 4
stream-state-bench-flink-kafka  | 	group.initial.rebalance.delay.ms = 0
stream-state-bench-flink-kafka  | 	group.max.session.timeout.ms = 1800000
stream-state-bench-flink-kafka  | 	group.max.size = 2147483647
stream-state-bench-flink-kafka  | 	group.min.session.timeout.ms = 6000
stream-state-bench-flink-kafka  | 	group.share.assignment.interval.ms = 1000
flink-identity-1                | [TumblingEventTimeWindows -> kafka-sink: Writer -> kafka-sink: Committer (1/1)#0] INFO org.apache.flink.connector.kafka.sink.internal.FlinkKafkaInternalProducer - Flushing new partitions
flink-identity-1                | [TumblingEventTimeWindows -> kafka-sink: Writer -> kafka-sink: Committer (1/1)#0] WARN org.apache.flink.metrics.MetricGroup - Name collision: Group already contains a Metric with the name 'pendingCommittables'. Metric will not be reported.[, taskmanager, 75afa034-b1aa-44f9-ae4c-33dfc3554fe9, stream-state-bench-flink-tumbling_count, kafka-sink: Committer, 0]
flink-identity-1                | [TumblingEventTimeWindows -> kafka-sink: Writer -> kafka-sink: Committer (1/1)#0] INFO org.apache.kafka.clients.producer.internals.TransactionManager - [Producer clientId=producer-stream-state-bench-flink-w3-latency-tuning_checkpoint10s-0-3, transactionalId=stream-state-bench-flink-w3-latency-tuning_checkpoint10s-0-3] Invoking InitProducerId for the first time in order to acquire a producer ID
flink-identity-1                | [kafka-producer-network-thread | producer-stream-state-bench-flink-w3-latency-tuning_checkpoint10s-0-3] INFO org.apache.kafka.clients.producer.internals.TransactionManager - [Producer clientId=producer-stream-state-bench-flink-w3-latency-tuning_checkpoint10s-0-3, transactionalId=stream-state-bench-flink-w3-latency-tuning_checkpoint10s-0-3] ProducerId set to 4 with epoch 0
flink-identity-1                | [jobmanager-io-thread-8] INFO org.apache.flink.runtime.checkpoint.CheckpointCoordinator - Completed checkpoint 3 for job 2117d582f841473561288152aa2a3aea (5017 bytes, checkpointDuration=15 ms, finalizationTime=1 ms).
flink-identity-1                | [SourceCoordinator-Source: kafka-source] INFO org.apache.flink.runtime.source.coordinator.SourceCoordinator - Marking checkpoint 3 as completed for source Source: kafka-source.
flink-identity-1                | [Checkpoint Timer] INFO org.apache.flink.runtime.checkpoint.CheckpointCoordinator - Triggering checkpoint 4 (type=CheckpointType{name='Checkpoint', sharingFilesStrategy=FORWARD_BACKWARD}) @ 1784315351879 for job 2117d582f841473561288152aa2a3aea.
flink-identity-1                | [TumblingEventTimeWindows -> kafka-sink: Writer -> kafka-sink: Committer (1/1)#0] INFO org.apache.flink.connector.kafka.sink.internal.FlinkKafkaInternalProducer - Flushing new partitions
flink-identity-1                | [TumblingEventTimeWindows -> kafka-sink: Writer -> kafka-sink: Committer (1/1)#0] WARN org.apache.flink.metrics.MetricGroup - Name collision: Group already contains a Metric with the name 'pendingCommittables'. Metric will not be reported.[, taskmanager, 75afa034-b1aa-44f9-ae4c-33dfc3554fe9, stream-state-bench-flink-tumbling_count, kafka-sink: Committer, 0]
flink-identity-1                | [TumblingEventTimeWindows -> kafka-sink: Writer -> kafka-sink: Committer (1/1)#0] INFO org.apache.kafka.clients.producer.internals.TransactionManager - [Producer clientId=producer-stream-state-bench-flink-w3-latency-tuning_checkpoint10s-0-1, transactionalId=stream-state-bench-flink-w3-latency-tuning_checkpoint10s-0-1] Invoking InitProducerId for the first time in order to acquire a producer ID
flink-identity-1                | [kafka-producer-network-thread | producer-stream-state-bench-flink-w3-latency-tuning_checkpoint10s-0-1] INFO org.apache.kafka.clients.producer.internals.TransactionManager - [Producer clientId=producer-stream-state-bench-flink-w3-latency-tuning_checkpoint10s-0-1, transactionalId=stream-state-bench-flink-w3-latency-tuning_checkpoint10s-0-1] ProducerId set to 5 with epoch 0
flink-identity-1                | [jobmanager-io-thread-13] INFO org.apache.flink.runtime.checkpoint.CheckpointCoordinator - Completed checkpoint 4 for job 2117d582f841473561288152aa2a3aea (5017 bytes, checkpointDuration=12 ms, finalizationTime=1 ms).
flink-identity-1                | [SourceCoordinator-Source: kafka-source] INFO org.apache.flink.runtime.source.coordinator.SourceCoordinator - Marking checkpoint 4 as completed for source Source: kafka-source.
flink-identity-1                | [Checkpoint Timer] INFO org.apache.flink.runtime.checkpoint.CheckpointCoordinator - Triggering checkpoint 5 (type=CheckpointType{name='Checkpoint', sharingFilesStrategy=FORWARD_BACKWARD}) @ 1784315361879 for job 2117d582f841473561288152aa2a3aea.
flink-identity-1                | [TumblingEventTimeWindows -> kafka-sink: Writer -> kafka-sink: Committer (1/1)#0] INFO org.apache.flink.connector.kafka.sink.internal.FlinkKafkaInternalProducer - Flushing new partitions
flink-identity-1                | [TumblingEventTimeWindows -> kafka-sink: Writer -> kafka-sink: Committer (1/1)#0] WARN org.apache.flink.metrics.MetricGroup - Name collision: Group already contains a Metric with the name 'pendingCommittables'. Metric will not be reported.[, taskmanager, 75afa034-b1aa-44f9-ae4c-33dfc3554fe9, stream-state-bench-flink-tumbling_count, kafka-sink: Committer, 0]
flink-identity-1                | [TumblingEventTimeWindows -> kafka-sink: Writer -> kafka-sink: Committer (1/1)#0] INFO org.apache.kafka.clients.producer.internals.TransactionManager - [Producer clientId=producer-stream-state-bench-flink-w3-latency-tuning_checkpoint10s-0-3, transactionalId=stream-state-bench-flink-w3-latency-tuning_checkpoint10s-0-3] Invoking InitProducerId for the first time in order to acquire a producer ID
flink-identity-1                | [kafka-producer-network-thread | producer-stream-state-bench-flink-w3-latency-tuning_checkpoint10s-0-3] INFO org.apache.kafka.clients.producer.internals.TransactionManager - [Producer clientId=producer-stream-state-bench-flink-w3-latency-tuning_checkpoint10s-0-3, transactionalId=stream-state-bench-flink-w3-latency-tuning_checkpoint10s-0-3] ProducerId set to 6 with epoch 0
flink-identity-1                | [jobmanager-io-thread-9] INFO org.apache.flink.runtime.checkpoint.CheckpointCoordinator - Completed checkpoint 5 for job 2117d582f841473561288152aa2a3aea (5017 bytes, checkpointDuration=13 ms, finalizationTime=1 ms).
flink-identity-1                | [SourceCoordinator-Source: kafka-source] INFO org.apache.flink.runtime.source.coordinator.SourceCoordinator - Marking checkpoint 5 as completed for source Source: kafka-source.
flink-identity-1                | [Checkpoint Timer] INFO org.apache.flink.runtime.checkpoint.CheckpointCoordinator - Triggering checkpoint 6 (type=CheckpointType{name='Checkpoint', sharingFilesStrategy=FORWARD_BACKWARD}) @ 1784315371878 for job 2117d582f841473561288152aa2a3aea.
flink-identity-1                | [TumblingEventTimeWindows -> kafka-sink: Writer -> kafka-sink: Committer (1/1)#0] INFO org.apache.flink.connector.kafka.sink.internal.FlinkKafkaInternalProducer - Flushing new partitions
flink-identity-1                | [TumblingEventTimeWindows -> kafka-sink: Writer -> kafka-sink: Committer (1/1)#0] WARN org.apache.flink.metrics.MetricGroup - Name collision: Group already contains a Metric with the name 'pendingCommittables'. Metric will not be reported.[, taskmanager, 75afa034-b1aa-44f9-ae4c-33dfc3554fe9, stream-state-bench-flink-tumbling_count, kafka-sink: Committer, 0]
flink-identity-1                | [TumblingEventTimeWindows -> kafka-sink: Writer -> kafka-sink: Committer (1/1)#0] INFO org.apache.kafka.clients.producer.internals.TransactionManager - [Producer clientId=producer-stream-state-bench-flink-w3-latency-tuning_checkpoint10s-0-1, transactionalId=stream-state-bench-flink-w3-latency-tuning_checkpoint10s-0-1] Invoking InitProducerId for the first time in order to acquire a producer ID
flink-identity-1                | [kafka-producer-network-thread | producer-stream-state-bench-flink-w3-latency-tuning_checkpoint10s-0-1] INFO org.apache.kafka.clients.producer.internals.TransactionManager - [Producer clientId=producer-stream-state-bench-flink-w3-latency-tuning_checkpoint10s-0-1, transactionalId=stream-state-bench-flink-w3-latency-tuning_checkpoint10s-0-1] ProducerId set to 7 with epoch 0
flink-identity-1                | [jobmanager-io-thread-5] INFO org.apache.flink.runtime.checkpoint.CheckpointCoordinator - Completed checkpoint 6 for job 2117d582f841473561288152aa2a3aea (5017 bytes, checkpointDuration=12 ms, finalizationTime=1 ms).
flink-identity-1                | [SourceCoordinator-Source: kafka-source] INFO org.apache.flink.runtime.source.coordinator.SourceCoordinator - Marking checkpoint 6 as completed for source Source: kafka-source.
flink-identity-1                | [Checkpoint Timer] INFO org.apache.flink.runtime.checkpoint.CheckpointCoordinator - Triggering checkpoint 7 (type=CheckpointType{name='Checkpoint', sharingFilesStrategy=FORWARD_BACKWARD}) @ 1784315381878 for job 2117d582f841473561288152aa2a3aea.
stream-state-bench-flink-kafka  | 	group.share.assignors = [simple]
stream-state-bench-flink-kafka  | 	group.share.heartbeat.interval.ms = 5000
stream-state-bench-flink-kafka  | 	group.share.initialize.retry.interval.ms = 30000
stream-state-bench-flink-kafka  | 	group.share.max.assignment.interval.ms = 15000
stream-state-bench-flink-kafka  | 	group.share.max.heartbeat.interval.ms = 15000
stream-state-bench-flink-kafka  | 	group.share.max.session.timeout.ms = 60000
stream-state-bench-flink-kafka  | 	group.share.max.size = 200
stream-state-bench-flink-kafka  | 	group.share.min.assignment.interval.ms = 0
stream-state-bench-flink-kafka  | 	group.share.min.heartbeat.interval.ms = 5000
stream-state-bench-flink-kafka  | 	group.share.min.session.timeout.ms = 45000
stream-state-bench-flink-kafka  | 	group.share.session.timeout.ms = 45000
flink-identity-1                | [TumblingEventTimeWindows -> kafka-sink: Writer -> kafka-sink: Committer (1/1)#0] INFO org.apache.flink.connector.kafka.sink.internal.FlinkKafkaInternalProducer - Flushing new partitions
flink-identity-1                | [TumblingEventTimeWindows -> kafka-sink: Writer -> kafka-sink: Committer (1/1)#0] WARN org.apache.flink.metrics.MetricGroup - Name collision: Group already contains a Metric with the name 'pendingCommittables'. Metric will not be reported.[, taskmanager, 75afa034-b1aa-44f9-ae4c-33dfc3554fe9, stream-state-bench-flink-tumbling_count, kafka-sink: Committer, 0]
flink-identity-1                | [TumblingEventTimeWindows -> kafka-sink: Writer -> kafka-sink: Committer (1/1)#0] INFO org.apache.kafka.clients.producer.internals.TransactionManager - [Producer clientId=producer-stream-state-bench-flink-w3-latency-tuning_checkpoint10s-0-3, transactionalId=stream-state-bench-flink-w3-latency-tuning_checkpoint10s-0-3] Invoking InitProducerId for the first time in order to acquire a producer ID
flink-identity-1                | [kafka-producer-network-thread | producer-stream-state-bench-flink-w3-latency-tuning_checkpoint10s-0-3] INFO org.apache.kafka.clients.producer.internals.TransactionManager - [Producer clientId=producer-stream-state-bench-flink-w3-latency-tuning_checkpoint10s-0-3, transactionalId=stream-state-bench-flink-w3-latency-tuning_checkpoint10s-0-3] ProducerId set to 8 with epoch 0
flink-identity-1                | [jobmanager-io-thread-2] INFO org.apache.flink.runtime.checkpoint.CheckpointCoordinator - Completed checkpoint 7 for job 2117d582f841473561288152aa2a3aea (5017 bytes, checkpointDuration=12 ms, finalizationTime=1 ms).
flink-identity-1                | [SourceCoordinator-Source: kafka-source] INFO org.apache.flink.runtime.source.coordinator.SourceCoordinator - Marking checkpoint 7 as completed for source Source: kafka-source.
flink-identity-1                | [Checkpoint Timer] INFO org.apache.flink.runtime.checkpoint.CheckpointCoordinator - Triggering checkpoint 8 (type=CheckpointType{name='Checkpoint', sharingFilesStrategy=FORWARD_BACKWARD}) @ 1784315391878 for job 2117d582f841473561288152aa2a3aea.
flink-identity-1                | [TumblingEventTimeWindows -> kafka-sink: Writer -> kafka-sink: Committer (1/1)#0] INFO org.apache.flink.connector.kafka.sink.internal.FlinkKafkaInternalProducer - Flushing new partitions
flink-identity-1                | [TumblingEventTimeWindows -> kafka-sink: Writer -> kafka-sink: Committer (1/1)#0] WARN org.apache.flink.metrics.MetricGroup - Name collision: Group already contains a Metric with the name 'pendingCommittables'. Metric will not be reported.[, taskmanager, 75afa034-b1aa-44f9-ae4c-33dfc3554fe9, stream-state-bench-flink-tumbling_count, kafka-sink: Committer, 0]
flink-identity-1                | [TumblingEventTimeWindows -> kafka-sink: Writer -> kafka-sink: Committer (1/1)#0] INFO org.apache.kafka.clients.producer.internals.TransactionManager - [Producer clientId=producer-stream-state-bench-flink-w3-latency-tuning_checkpoint10s-0-1, transactionalId=stream-state-bench-flink-w3-latency-tuning_checkpoint10s-0-1] Invoking InitProducerId for the first time in order to acquire a producer ID
flink-identity-1                | [kafka-producer-network-thread | producer-stream-state-bench-flink-w3-latency-tuning_checkpoint10s-0-1] INFO org.apache.kafka.clients.producer.internals.TransactionManager - [Producer clientId=producer-stream-state-bench-flink-w3-latency-tuning_checkpoint10s-0-1, transactionalId=stream-state-bench-flink-w3-latency-tuning_checkpoint10s-0-1] ProducerId set to 9 with epoch 0
flink-identity-1                | [jobmanager-io-thread-1] INFO org.apache.flink.runtime.checkpoint.CheckpointCoordinator - Completed checkpoint 8 for job 2117d582f841473561288152aa2a3aea (5017 bytes, checkpointDuration=15 ms, finalizationTime=1 ms).
flink-identity-1                | [SourceCoordinator-Source: kafka-source] INFO org.apache.flink.runtime.source.coordinator.SourceCoordinator - Marking checkpoint 8 as completed for source Source: kafka-source.
flink-identity-1                | [Checkpoint Timer] INFO org.apache.flink.runtime.checkpoint.CheckpointCoordinator - Triggering checkpoint 9 (type=CheckpointType{name='Checkpoint', sharingFilesStrategy=FORWARD_BACKWARD}) @ 1784315401879 for job 2117d582f841473561288152aa2a3aea.
flink-identity-1                | [TumblingEventTimeWindows -> kafka-sink: Writer -> kafka-sink: Committer (1/1)#0] INFO org.apache.flink.connector.kafka.sink.internal.FlinkKafkaInternalProducer - Flushing new partitions
flink-identity-1                | [TumblingEventTimeWindows -> kafka-sink: Writer -> kafka-sink: Committer (1/1)#0] WARN org.apache.flink.metrics.MetricGroup - Name collision: Group already contains a Metric with the name 'pendingCommittables'. Metric will not be reported.[, taskmanager, 75afa034-b1aa-44f9-ae4c-33dfc3554fe9, stream-state-bench-flink-tumbling_count, kafka-sink: Committer, 0]
flink-identity-1                | [TumblingEventTimeWindows -> kafka-sink: Writer -> kafka-sink: Committer (1/1)#0] INFO org.apache.kafka.clients.producer.internals.TransactionManager - [Producer clientId=producer-stream-state-bench-flink-w3-latency-tuning_checkpoint10s-0-3, transactionalId=stream-state-bench-flink-w3-latency-tuning_checkpoint10s-0-3] Invoking InitProducerId for the first time in order to acquire a producer ID
flink-identity-1                | [kafka-producer-network-thread | producer-stream-state-bench-flink-w3-latency-tuning_checkpoint10s-0-3] INFO org.apache.kafka.clients.producer.internals.TransactionManager - [Producer clientId=producer-stream-state-bench-flink-w3-latency-tuning_checkpoint10s-0-3, transactionalId=stream-state-bench-flink-w3-latency-tuning_checkpoint10s-0-3] ProducerId set to 10 with epoch 0
flink-identity-1                | [jobmanager-io-thread-4] INFO org.apache.flink.runtime.checkpoint.CheckpointCoordinator - Completed checkpoint 9 for job 2117d582f841473561288152aa2a3aea (5017 bytes, checkpointDuration=12 ms, finalizationTime=1 ms).
flink-identity-1                | [SourceCoordinator-Source: kafka-source] INFO org.apache.flink.runtime.source.coordinator.SourceCoordinator - Marking checkpoint 9 as completed for source Source: kafka-source.
flink-identity-1                | [Checkpoint Timer] INFO org.apache.flink.runtime.checkpoint.CheckpointCoordinator - Triggering checkpoint 10 (type=CheckpointType{name='Checkpoint', sharingFilesStrategy=FORWARD_BACKWARD}) @ 1784315411879 for job 2117d582f841473561288152aa2a3aea.
flink-identity-1                | [TumblingEventTimeWindows -> kafka-sink: Writer -> kafka-sink: Committer (1/1)#0] INFO org.apache.flink.connector.kafka.sink.internal.FlinkKafkaInternalProducer - Flushing new partitions
flink-identity-1                | [TumblingEventTimeWindows -> kafka-sink: Writer -> kafka-sink: Committer (1/1)#0] WARN org.apache.flink.metrics.MetricGroup - Name collision: Group already contains a Metric with the name 'pendingCommittables'. Metric will not be reported.[, taskmanager, 75afa034-b1aa-44f9-ae4c-33dfc3554fe9, stream-state-bench-flink-tumbling_count, kafka-sink: Committer, 0]
flink-identity-1                | [TumblingEventTimeWindows -> kafka-sink: Writer -> kafka-sink: Committer (1/1)#0] INFO org.apache.kafka.clients.producer.internals.TransactionManager - [Producer clientId=producer-stream-state-bench-flink-w3-latency-tuning_checkpoint10s-0-1, transactionalId=stream-state-bench-flink-w3-latency-tuning_checkpoint10s-0-1] Invoking InitProducerId for the first time in order to acquire a producer ID
stream-state-bench-flink-kafka  | 	group.streams.assignment.interval.ms = 1000
stream-state-bench-flink-kafka  | 	group.streams.heartbeat.interval.ms = 5000
stream-state-bench-flink-kafka  | 	group.streams.initial.rebalance.delay.ms = 3000
stream-state-bench-flink-kafka  | 	group.streams.max.assignment.interval.ms = 15000
stream-state-bench-flink-kafka  | 	group.streams.max.heartbeat.interval.ms = 15000
stream-state-bench-flink-kafka  | 	group.streams.max.session.timeout.ms = 60000
stream-state-bench-flink-kafka  | 	group.streams.max.size = 2147483647
stream-state-bench-flink-kafka  | 	group.streams.max.standby.replicas = 2
stream-state-bench-flink-kafka  | 	group.streams.min.assignment.interval.ms = 0
stream-state-bench-flink-kafka  | 	group.streams.min.heartbeat.interval.ms = 5000
stream-state-bench-flink-kafka  | 	group.streams.min.session.timeout.ms = 45000
stream-state-bench-flink-kafka  | 	group.streams.num.standby.replicas = 0
stream-state-bench-flink-kafka  | 	group.streams.session.timeout.ms = 45000
stream-state-bench-flink-kafka  | 	offset.metadata.max.bytes = 4096
stream-state-bench-flink-kafka  | 	offsets.commit.timeout.ms = 5000
stream-state-bench-flink-kafka  | 	offsets.load.buffer.size = 5242880
stream-state-bench-flink-kafka  | 	offsets.retention.check.interval.ms = 600000
stream-state-bench-flink-kafka  | 	offsets.retention.minutes = 10080
stream-state-bench-flink-kafka  | 	offsets.topic.compression.codec = 0
flink-identity-1                | [kafka-producer-network-thread | producer-stream-state-bench-flink-w3-latency-tuning_checkpoint10s-0-1] INFO org.apache.kafka.clients.producer.internals.TransactionManager - [Producer clientId=producer-stream-state-bench-flink-w3-latency-tuning_checkpoint10s-0-1, transactionalId=stream-state-bench-flink-w3-latency-tuning_checkpoint10s-0-1] ProducerId set to 11 with epoch 0
flink-identity-1                | [jobmanager-io-thread-3] INFO org.apache.flink.runtime.checkpoint.CheckpointCoordinator - Completed checkpoint 10 for job 2117d582f841473561288152aa2a3aea (5017 bytes, checkpointDuration=10 ms, finalizationTime=1 ms).
flink-identity-1                | [SourceCoordinator-Source: kafka-source] INFO org.apache.flink.runtime.source.coordinator.SourceCoordinator - Marking checkpoint 10 as completed for source Source: kafka-source.
flink-identity-1                | [Checkpoint Timer] INFO org.apache.flink.runtime.checkpoint.CheckpointCoordinator - Triggering checkpoint 11 (type=CheckpointType{name='Checkpoint', sharingFilesStrategy=FORWARD_BACKWARD}) @ 1784315421879 for job 2117d582f841473561288152aa2a3aea.
flink-identity-1                | [TumblingEventTimeWindows -> kafka-sink: Writer -> kafka-sink: Committer (1/1)#0] INFO org.apache.flink.connector.kafka.sink.internal.FlinkKafkaInternalProducer - Flushing new partitions
flink-identity-1                | [TumblingEventTimeWindows -> kafka-sink: Writer -> kafka-sink: Committer (1/1)#0] WARN org.apache.flink.metrics.MetricGroup - Name collision: Group already contains a Metric with the name 'pendingCommittables'. Metric will not be reported.[, taskmanager, 75afa034-b1aa-44f9-ae4c-33dfc3554fe9, stream-state-bench-flink-tumbling_count, kafka-sink: Committer, 0]
flink-identity-1                | [TumblingEventTimeWindows -> kafka-sink: Writer -> kafka-sink: Committer (1/1)#0] INFO org.apache.kafka.clients.producer.internals.TransactionManager - [Producer clientId=producer-stream-state-bench-flink-w3-latency-tuning_checkpoint10s-0-3, transactionalId=stream-state-bench-flink-w3-latency-tuning_checkpoint10s-0-3] Invoking InitProducerId for the first time in order to acquire a producer ID
flink-identity-1                | [kafka-producer-network-thread | producer-stream-state-bench-flink-w3-latency-tuning_checkpoint10s-0-3] INFO org.apache.kafka.clients.producer.internals.TransactionManager - [Producer clientId=producer-stream-state-bench-flink-w3-latency-tuning_checkpoint10s-0-3, transactionalId=stream-state-bench-flink-w3-latency-tuning_checkpoint10s-0-3] ProducerId set to 12 with epoch 0
flink-identity-1                | [jobmanager-io-thread-16] INFO org.apache.flink.runtime.checkpoint.CheckpointCoordinator - Completed checkpoint 11 for job 2117d582f841473561288152aa2a3aea (5017 bytes, checkpointDuration=12 ms, finalizationTime=1 ms).
flink-identity-1                | [SourceCoordinator-Source: kafka-source] INFO org.apache.flink.runtime.source.coordinator.SourceCoordinator - Marking checkpoint 11 as completed for source Source: kafka-source.
flink-identity-1                | [Checkpoint Timer] INFO org.apache.flink.runtime.checkpoint.CheckpointCoordinator - Triggering checkpoint 12 (type=CheckpointType{name='Checkpoint', sharingFilesStrategy=FORWARD_BACKWARD}) @ 1784315431879 for job 2117d582f841473561288152aa2a3aea.
flink-identity-1                | [TumblingEventTimeWindows -> kafka-sink: Writer -> kafka-sink: Committer (1/1)#0] INFO org.apache.flink.connector.kafka.sink.internal.FlinkKafkaInternalProducer - Flushing new partitions
flink-identity-1                | [TumblingEventTimeWindows -> kafka-sink: Writer -> kafka-sink: Committer (1/1)#0] WARN org.apache.flink.metrics.MetricGroup - Name collision: Group already contains a Metric with the name 'pendingCommittables'. Metric will not be reported.[, taskmanager, 75afa034-b1aa-44f9-ae4c-33dfc3554fe9, stream-state-bench-flink-tumbling_count, kafka-sink: Committer, 0]
flink-identity-1                | [TumblingEventTimeWindows -> kafka-sink: Writer -> kafka-sink: Committer (1/1)#0] INFO org.apache.kafka.clients.producer.internals.TransactionManager - [Producer clientId=producer-stream-state-bench-flink-w3-latency-tuning_checkpoint10s-0-1, transactionalId=stream-state-bench-flink-w3-latency-tuning_checkpoint10s-0-1] Invoking InitProducerId for the first time in order to acquire a producer ID
flink-identity-1                | [kafka-producer-network-thread | producer-stream-state-bench-flink-w3-latency-tuning_checkpoint10s-0-1] INFO org.apache.kafka.clients.producer.internals.TransactionManager - [Producer clientId=producer-stream-state-bench-flink-w3-latency-tuning_checkpoint10s-0-1, transactionalId=stream-state-bench-flink-w3-latency-tuning_checkpoint10s-0-1] ProducerId set to 13 with epoch 0
flink-identity-1                | [jobmanager-io-thread-15] INFO org.apache.flink.runtime.checkpoint.CheckpointCoordinator - Completed checkpoint 12 for job 2117d582f841473561288152aa2a3aea (5017 bytes, checkpointDuration=11 ms, finalizationTime=1 ms).
stream-state-bench-flink-kafka  | 	offsets.topic.num.partitions = 50
stream-state-bench-flink-kafka  | 	offsets.topic.replication.factor = 1
stream-state-bench-flink-kafka  | 	offsets.topic.segment.bytes = 104857600
stream-state-bench-flink-kafka  |  (org.apache.kafka.common.config.AbstractConfig)
stream-state-bench-flink-kafka  | [2026-07-17 19:08:29,445] INFO KafkaConfig values: 
stream-state-bench-flink-kafka  | 	add.partitions.to.txn.retry.backoff.max.ms = 100
stream-state-bench-flink-kafka  | 	add.partitions.to.txn.retry.backoff.ms = 20
stream-state-bench-flink-kafka  | 	advertised.listeners = [PLAINTEXT://kafka:9092]
stream-state-bench-flink-kafka  | 	alter.config.policy.class.name = null
stream-state-bench-flink-kafka  | 	alter.log.dirs.replication.quota.window.num = 11
stream-state-bench-flink-kafka  | 	alter.log.dirs.replication.quota.window.size.seconds = 1
stream-state-bench-flink-kafka  | 	authorizer.class.name = 
stream-state-bench-flink-kafka  | 	auto.create.topics.enable = false
stream-state-bench-flink-kafka  | 	auto.leader.rebalance.enable = true
stream-state-bench-flink-kafka  | 	background.threads = 10
stream-state-bench-flink-kafka  | 	broker.heartbeat.interval.ms = 2000
stream-state-bench-flink-kafka  | 	broker.id = 1
stream-state-bench-flink-kafka  | 	broker.rack = null
stream-state-bench-flink-kafka  | 	broker.session.timeout.ms = 9000
stream-state-bench-flink-kafka  | 	client.quota.callback.class = null
stream-state-bench-flink-kafka  | 	compression.gzip.level = -1
stream-state-bench-flink-kafka  | 	compression.lz4.level = 9
stream-state-bench-flink-kafka  | 	compression.type = producer
stream-state-bench-flink-kafka  | 	compression.zstd.level = 3
stream-state-bench-flink-kafka  | 	config.providers = []
stream-state-bench-flink-kafka  | 	connection.failed.authentication.delay.ms = 100
flink-identity-1                | [SourceCoordinator-Source: kafka-source] INFO org.apache.flink.runtime.source.coordinator.SourceCoordinator - Marking checkpoint 12 as completed for source Source: kafka-source.
flink-identity-1                | [Checkpoint Timer] INFO org.apache.flink.runtime.checkpoint.CheckpointCoordinator - Triggering checkpoint 13 (type=CheckpointType{name='Checkpoint', sharingFilesStrategy=FORWARD_BACKWARD}) @ 1784315441879 for job 2117d582f841473561288152aa2a3aea.
flink-identity-1                | [TumblingEventTimeWindows -> kafka-sink: Writer -> kafka-sink: Committer (1/1)#0] INFO org.apache.flink.connector.kafka.sink.internal.FlinkKafkaInternalProducer - Flushing new partitions
flink-identity-1                | [TumblingEventTimeWindows -> kafka-sink: Writer -> kafka-sink: Committer (1/1)#0] WARN org.apache.flink.metrics.MetricGroup - Name collision: Group already contains a Metric with the name 'pendingCommittables'. Metric will not be reported.[, taskmanager, 75afa034-b1aa-44f9-ae4c-33dfc3554fe9, stream-state-bench-flink-tumbling_count, kafka-sink: Committer, 0]
flink-identity-1                | [TumblingEventTimeWindows -> kafka-sink: Writer -> kafka-sink: Committer (1/1)#0] INFO org.apache.kafka.clients.producer.internals.TransactionManager - [Producer clientId=producer-stream-state-bench-flink-w3-latency-tuning_checkpoint10s-0-3, transactionalId=stream-state-bench-flink-w3-latency-tuning_checkpoint10s-0-3] Invoking InitProducerId for the first time in order to acquire a producer ID
flink-identity-1                | [kafka-producer-network-thread | producer-stream-state-bench-flink-w3-latency-tuning_checkpoint10s-0-3] INFO org.apache.kafka.clients.producer.internals.TransactionManager - [Producer clientId=producer-stream-state-bench-flink-w3-latency-tuning_checkpoint10s-0-3, transactionalId=stream-state-bench-flink-w3-latency-tuning_checkpoint10s-0-3] ProducerId set to 14 with epoch 0
flink-identity-1                | [jobmanager-io-thread-11] INFO org.apache.flink.runtime.checkpoint.CheckpointCoordinator - Completed checkpoint 13 for job 2117d582f841473561288152aa2a3aea (5017 bytes, checkpointDuration=11 ms, finalizationTime=1 ms).
flink-identity-1                | [SourceCoordinator-Source: kafka-source] INFO org.apache.flink.runtime.source.coordinator.SourceCoordinator - Marking checkpoint 13 as completed for source Source: kafka-source.
flink-identity-1                | [Checkpoint Timer] INFO org.apache.flink.runtime.checkpoint.CheckpointCoordinator - Triggering checkpoint 14 (type=CheckpointType{name='Checkpoint', sharingFilesStrategy=FORWARD_BACKWARD}) @ 1784315451879 for job 2117d582f841473561288152aa2a3aea.
flink-identity-1                | [TumblingEventTimeWindows -> kafka-sink: Writer -> kafka-sink: Committer (1/1)#0] INFO org.apache.flink.connector.kafka.sink.internal.FlinkKafkaInternalProducer - Flushing new partitions
flink-identity-1                | [TumblingEventTimeWindows -> kafka-sink: Writer -> kafka-sink: Committer (1/1)#0] WARN org.apache.flink.metrics.MetricGroup - Name collision: Group already contains a Metric with the name 'pendingCommittables'. Metric will not be reported.[, taskmanager, 75afa034-b1aa-44f9-ae4c-33dfc3554fe9, stream-state-bench-flink-tumbling_count, kafka-sink: Committer, 0]
flink-identity-1                | [TumblingEventTimeWindows -> kafka-sink: Writer -> kafka-sink: Committer (1/1)#0] INFO org.apache.kafka.clients.producer.internals.TransactionManager - [Producer clientId=producer-stream-state-bench-flink-w3-latency-tuning_checkpoint10s-0-1, transactionalId=stream-state-bench-flink-w3-latency-tuning_checkpoint10s-0-1] Invoking InitProducerId for the first time in order to acquire a producer ID
flink-identity-1                | [kafka-producer-network-thread | producer-stream-state-bench-flink-w3-latency-tuning_checkpoint10s-0-1] INFO org.apache.kafka.clients.producer.internals.TransactionManager - [Producer clientId=producer-stream-state-bench-flink-w3-latency-tuning_checkpoint10s-0-1, transactionalId=stream-state-bench-flink-w3-latency-tuning_checkpoint10s-0-1] ProducerId set to 15 with epoch 0
flink-identity-1                | [jobmanager-io-thread-13] INFO org.apache.flink.runtime.checkpoint.CheckpointCoordinator - Completed checkpoint 14 for job 2117d582f841473561288152aa2a3aea (5017 bytes, checkpointDuration=11 ms, finalizationTime=0 ms).
flink-identity-1                | [SourceCoordinator-Source: kafka-source] INFO org.apache.flink.runtime.source.coordinator.SourceCoordinator - Marking checkpoint 14 as completed for source Source: kafka-source.
stream-state-bench-flink-kafka  | 	connections.max.idle.ms = 600000
stream-state-bench-flink-kafka  | 	connections.max.reauth.ms = 0
stream-state-bench-flink-kafka  | 	controlled.shutdown.enable = true
stream-state-bench-flink-kafka  | 	controller.listener.names = [CONTROLLER]
stream-state-bench-flink-kafka  | 	controller.performance.always.log.threshold.ms = 2000
stream-state-bench-flink-kafka  | 	controller.performance.sample.period.ms = 60000
stream-state-bench-flink-kafka  | 	controller.quorum.append.linger.ms = 25
stream-state-bench-flink-kafka  | 	controller.quorum.auto.join.enable = false
stream-state-bench-flink-kafka  | 	controller.quorum.bootstrap.servers = []
stream-state-bench-flink-kafka  | 	controller.quorum.election.backoff.max.ms = 1000
stream-state-bench-flink-kafka  | 	controller.quorum.election.timeout.ms = 1000
stream-state-bench-flink-kafka  | 	controller.quorum.fetch.max.bytes = 1048576
stream-state-bench-flink-kafka  | 	controller.quorum.fetch.snapshot.max.bytes = 1048576
stream-state-bench-flink-kafka  | 	controller.quorum.fetch.timeout.ms = 2000
stream-state-bench-flink-kafka  | 	controller.quorum.request.timeout.ms = 2000
stream-state-bench-flink-kafka  | 	controller.quorum.retry.backoff.ms = 20
stream-state-bench-flink-kafka  | 	controller.quorum.voters = [1@kafka:9093]
stream-state-bench-flink-kafka  | 	controller.quota.window.num = 11
stream-state-bench-flink-kafka  | 	controller.quota.window.size.seconds = 1
stream-state-bench-flink-kafka  | 	controller.socket.timeout.ms = 30000
stream-state-bench-flink-kafka  | 	cordoned.log.dirs = []
stream-state-bench-flink-kafka  | 	create.topic.policy.class.name = null
stream-state-bench-flink-kafka  | 	default.replication.factor = 1
stream-state-bench-flink-kafka  | 	delegation.token.expiry.check.interval.ms = 3600000
stream-state-bench-flink-kafka  | 	delegation.token.expiry.time.ms = 86400000
stream-state-bench-flink-kafka  | 	delegation.token.max.lifetime.ms = 604800000
stream-state-bench-flink-kafka  | 	delegation.token.secret.key = null
stream-state-bench-flink-kafka  | 	delete.records.purgatory.purge.interval.requests = 1
stream-state-bench-flink-kafka  | 	delete.topic.enable = true
stream-state-bench-flink-kafka  | 	early.start.listeners = null
stream-state-bench-flink-kafka  | 	fetch.max.bytes = 57671680
stream-state-bench-flink-kafka  | 	fetch.purgatory.purge.interval.requests = 1000
stream-state-bench-flink-kafka  | 	follower.fetch.last.tiered.offset.enable = false
stream-state-bench-flink-kafka  | 	group.consumer.assignment.interval.ms = 1000
stream-state-bench-flink-kafka  | 	group.consumer.assignors = [uniform, range]
stream-state-bench-flink-kafka  | 	group.consumer.heartbeat.interval.ms = 5000
stream-state-bench-flink-kafka  | 	group.consumer.max.assignment.interval.ms = 15000
stream-state-bench-flink-kafka  | 	group.consumer.max.heartbeat.interval.ms = 15000
stream-state-bench-flink-kafka  | 	group.consumer.max.session.timeout.ms = 60000
stream-state-bench-flink-kafka  | 	group.consumer.max.size = 2147483647
stream-state-bench-flink-kafka  | 	group.consumer.migration.policy = bidirectional
stream-state-bench-flink-kafka  | 	group.consumer.min.assignment.interval.ms = 0
stream-state-bench-flink-kafka  | 	group.consumer.min.heartbeat.interval.ms = 5000
stream-state-bench-flink-kafka  | 	group.consumer.min.session.timeout.ms = 45000
stream-state-bench-flink-kafka  | 	group.consumer.regex.refresh.interval.ms = 600000
stream-state-bench-flink-kafka  | 	group.consumer.session.timeout.ms = 45000
stream-state-bench-flink-kafka  | 	group.coordinator.append.linger.ms = -1
stream-state-bench-flink-kafka  | 	group.coordinator.background.threads = 2
stream-state-bench-flink-kafka  | 	group.coordinator.cached.buffer.max.bytes = 1048588
stream-state-bench-flink-kafka  | 	group.coordinator.rebalance.protocols = [classic, consumer, streams]
stream-state-bench-flink-kafka  | 	group.coordinator.threads = 4
stream-state-bench-flink-kafka  | 	group.initial.rebalance.delay.ms = 0
stream-state-bench-flink-kafka  | 	group.max.session.timeout.ms = 1800000
stream-state-bench-flink-kafka  | 	group.max.size = 2147483647
stream-state-bench-flink-kafka  | 	group.min.session.timeout.ms = 6000
stream-state-bench-flink-kafka  | 	group.share.assignment.interval.ms = 1000
stream-state-bench-flink-kafka  | 	group.share.assignors = [simple]
stream-state-bench-flink-kafka  | 	group.share.delivery.count.limit = 5
stream-state-bench-flink-kafka  | 	group.share.heartbeat.interval.ms = 5000
stream-state-bench-flink-kafka  | 	group.share.initialize.retry.interval.ms = 30000
stream-state-bench-flink-kafka  | 	group.share.max.assignment.interval.ms = 15000
stream-state-bench-flink-kafka  | 	group.share.max.delivery.count.limit = 10
stream-state-bench-flink-kafka  | 	group.share.max.heartbeat.interval.ms = 15000
stream-state-bench-flink-kafka  | 	group.share.max.partition.max.record.locks = 4000
stream-state-bench-flink-kafka  | 	group.share.max.record.lock.duration.ms = 60000
stream-state-bench-flink-kafka  | 	group.share.max.session.timeout.ms = 60000
stream-state-bench-flink-kafka  | 	group.share.max.share.sessions = 2000
stream-state-bench-flink-kafka  | 	group.share.max.size = 200
stream-state-bench-flink-kafka  | 	group.share.min.assignment.interval.ms = 0
stream-state-bench-flink-kafka  | 	group.share.min.delivery.count.limit = 2
stream-state-bench-flink-kafka  | 	group.share.min.heartbeat.interval.ms = 5000
stream-state-bench-flink-kafka  | 	group.share.min.partition.max.record.locks = 100
stream-state-bench-flink-kafka  | 	group.share.min.record.lock.duration.ms = 15000
stream-state-bench-flink-kafka  | 	group.share.min.session.timeout.ms = 45000
stream-state-bench-flink-kafka  | 	group.share.partition.max.record.locks = 2000
stream-state-bench-flink-kafka  | 	group.share.persister.class.name = org.apache.kafka.server.share.persister.DefaultStatePersister
stream-state-bench-flink-kafka  | 	group.share.record.lock.duration.ms = 30000
stream-state-bench-flink-kafka  | 	group.share.session.timeout.ms = 45000
stream-state-bench-flink-kafka  | 	group.streams.assignment.interval.ms = 1000
stream-state-bench-flink-kafka  | 	group.streams.heartbeat.interval.ms = 5000
stream-state-bench-flink-kafka  | 	group.streams.initial.rebalance.delay.ms = 3000
stream-state-bench-flink-kafka  | 	group.streams.max.assignment.interval.ms = 15000
stream-state-bench-flink-kafka  | 	group.streams.max.heartbeat.interval.ms = 15000
stream-state-bench-flink-kafka  | 	group.streams.max.session.timeout.ms = 60000
stream-state-bench-flink-kafka  | 	group.streams.max.size = 2147483647
stream-state-bench-flink-kafka  | 	group.streams.max.standby.replicas = 2
stream-state-bench-flink-kafka  | 	group.streams.min.assignment.interval.ms = 0
stream-state-bench-flink-kafka  | 	group.streams.min.heartbeat.interval.ms = 5000
stream-state-bench-flink-kafka  | 	group.streams.min.session.timeout.ms = 45000
stream-state-bench-flink-kafka  | 	group.streams.num.standby.replicas = 0
stream-state-bench-flink-kafka  | 	group.streams.session.timeout.ms = 45000
stream-state-bench-flink-kafka  | 	initial.broker.registration.timeout.ms = 60000
stream-state-bench-flink-kafka  | 	inter.broker.listener.name = null
stream-state-bench-flink-kafka  | 	internal.metadata.delete.delay.millis = 60000
stream-state-bench-flink-kafka  | 	internal.metadata.log.segment.bytes = null
stream-state-bench-flink-kafka  | 	internal.metadata.max.batch.size.in.bytes = 8388608
stream-state-bench-flink-kafka  | 	kafka.metrics.polling.interval.secs = 10
stream-state-bench-flink-kafka  | 	kafka.metrics.reporters = []
stream-state-bench-flink-kafka  | 	leader.imbalance.check.interval.seconds = 300
stream-state-bench-flink-kafka  | 	listener.security.protocol.map = CONTROLLER:PLAINTEXT,PLAINTEXT:PLAINTEXT
stream-state-bench-flink-kafka  | 	listeners = [PLAINTEXT://:9092, CONTROLLER://:9093]
stream-state-bench-flink-kafka  | 	log.cleaner.backoff.ms = 15000
stream-state-bench-flink-kafka  | 	log.cleaner.dedupe.buffer.size = 134217728
stream-state-bench-flink-kafka  | 	log.cleaner.delete.retention.ms = 86400000
stream-state-bench-flink-kafka  | 	log.cleaner.enable = true
stream-state-bench-flink-kafka  | 	log.cleaner.io.buffer.load.factor = 0.9
stream-state-bench-flink-kafka  | 	log.cleaner.io.buffer.size = 524288
stream-state-bench-flink-kafka  | 	log.cleaner.io.max.bytes.per.second = 1.7976931348623157E308
stream-state-bench-flink-kafka  | 	log.cleaner.max.compaction.lag.ms = 9223372036854775807
stream-state-bench-flink-kafka  | 	log.cleaner.min.cleanable.ratio = 0.5
stream-state-bench-flink-kafka  | 	log.cleaner.min.compaction.lag.ms = 0
stream-state-bench-flink-kafka  | 	log.cleaner.threads = 1
stream-state-bench-flink-kafka  | 	log.cleanup.policy = [delete]
stream-state-bench-flink-kafka  | 	log.dir = [/tmp/kafka-logs]
stream-state-bench-flink-kafka  | 	log.dir.failure.timeout.ms = 30000
stream-state-bench-flink-kafka  | 	log.dirs = null
stream-state-bench-flink-kafka  | 	log.flush.interval.messages = 9223372036854775807
stream-state-bench-flink-kafka  | 	log.flush.interval.ms = null
stream-state-bench-flink-kafka  | 	log.flush.offset.checkpoint.interval.ms = 60000
stream-state-bench-flink-kafka  | 	log.flush.scheduler.interval.ms = 9223372036854775807
stream-state-bench-flink-kafka  | 	log.flush.start.offset.checkpoint.interval.ms = 60000
stream-state-bench-flink-kafka  | 	log.index.interval.bytes = 4096
stream-state-bench-flink-kafka  | 	log.index.size.max.bytes = 10485760
stream-state-bench-flink-kafka  | 	log.initial.task.delay.ms = 30000
stream-state-bench-flink-kafka  | 	log.local.retention.bytes = -2
stream-state-bench-flink-kafka  | 	log.local.retention.ms = -2
stream-state-bench-flink-kafka  | 	log.message.timestamp.after.max.ms = 3600000
stream-state-bench-flink-kafka  | 	log.message.timestamp.before.max.ms = 9223372036854775807
stream-state-bench-flink-kafka  | 	log.message.timestamp.type = CreateTime
stream-state-bench-flink-kafka  | 	log.preallocate = false
stream-state-bench-flink-kafka  | 	log.retention.bytes = -1
stream-state-bench-flink-kafka  | 	log.retention.check.interval.ms = 300000
stream-state-bench-flink-kafka  | 	log.retention.hours = 168
stream-state-bench-flink-kafka  | 	log.retention.minutes = null
stream-state-bench-flink-kafka  | 	log.retention.ms = null
stream-state-bench-flink-kafka  | 	log.roll.hours = 168
stream-state-bench-flink-kafka  | 	log.roll.jitter.hours = 0
stream-state-bench-flink-kafka  | 	log.roll.jitter.ms = null
stream-state-bench-flink-kafka  | 	log.roll.ms = null
stream-state-bench-flink-kafka  | 	log.segment.bytes = 1073741824
stream-state-bench-flink-kafka  | 	log.segment.delete.delay.ms = 60000
stream-state-bench-flink-kafka  | 	max.connection.creation.rate = 2147483647
stream-state-bench-flink-kafka  | 	max.connections = 2147483647
stream-state-bench-flink-kafka  | 	max.connections.per.ip = 2147483647
stream-state-bench-flink-kafka  | 	max.connections.per.ip.overrides = 
stream-state-bench-flink-kafka  | 	max.incremental.fetch.session.cache.slots = 1000
stream-state-bench-flink-kafka  | 	max.request.partition.size.limit = 2000
stream-state-bench-flink-kafka  | 	message.max.bytes = 1048588
stream-state-bench-flink-kafka  | 	metadata.log.dir = null
stream-state-bench-flink-kafka  | 	metadata.log.max.record.bytes.between.snapshots = 20971520
stream-state-bench-flink-kafka  | 	metadata.log.max.snapshot.interval.ms = 3600000
stream-state-bench-flink-kafka  | 	metadata.log.segment.bytes = 1073741824
stream-state-bench-flink-kafka  | 	metadata.log.segment.ms = 604800000
stream-state-bench-flink-kafka  | 	metadata.max.idle.interval.ms = 500
stream-state-bench-flink-kafka  | 	metadata.max.retention.bytes = 104857600
stream-state-bench-flink-kafka  | 	metadata.max.retention.ms = 604800000
stream-state-bench-flink-kafka  | 	metric.reporters = [org.apache.kafka.common.metrics.JmxReporter]
stream-state-bench-flink-kafka  | 	metrics.num.samples = 2
stream-state-bench-flink-kafka  | 	metrics.recording.level = INFO
stream-state-bench-flink-kafka  | 	metrics.sample.window.ms = 30000
stream-state-bench-flink-kafka  | 	min.insync.replicas = 1
stream-state-bench-flink-kafka  | 	node.id = 1
stream-state-bench-flink-kafka  | 	num.io.threads = 8
stream-state-bench-flink-kafka  | 	num.network.threads = 3
stream-state-bench-flink-kafka  | 	num.partitions = 1
stream-state-bench-flink-kafka  | 	num.recovery.threads.per.data.dir = 2
stream-state-bench-flink-kafka  | 	num.replica.alter.log.dirs.threads = null
stream-state-bench-flink-kafka  | 	num.replica.fetchers = 1
stream-state-bench-flink-kafka  | 	offset.metadata.max.bytes = 4096
stream-state-bench-flink-kafka  | 	offsets.commit.timeout.ms = 5000
stream-state-bench-flink-kafka  | 	offsets.load.buffer.size = 5242880
stream-state-bench-flink-kafka  | 	offsets.retention.check.interval.ms = 600000
stream-state-bench-flink-kafka  | 	offsets.retention.minutes = 10080
stream-state-bench-flink-kafka  | 	offsets.topic.compression.codec = 0
stream-state-bench-flink-kafka  | 	offsets.topic.num.partitions = 50
stream-state-bench-flink-kafka  | 	offsets.topic.replication.factor = 1
stream-state-bench-flink-kafka  | 	offsets.topic.segment.bytes = 104857600
stream-state-bench-flink-kafka  | 	principal.builder.class = class org.apache.kafka.common.security.authenticator.DefaultKafkaPrincipalBuilder
stream-state-bench-flink-kafka  | 	process.roles = [broker, controller]
stream-state-bench-flink-kafka  | 	producer.id.expiration.check.interval.ms = 600000
stream-state-bench-flink-kafka  | 	producer.id.expiration.ms = 86400000
stream-state-bench-flink-kafka  | 	producer.purgatory.purge.interval.requests = 1000
stream-state-bench-flink-kafka  | 	queued.max.request.bytes = -1
stream-state-bench-flink-kafka  | 	queued.max.requests = 500
stream-state-bench-flink-kafka  | 	quota.window.num = 11
stream-state-bench-flink-kafka  | 	quota.window.size.seconds = 1
stream-state-bench-flink-kafka  | 	remote.fetch.max.wait.ms = 500
stream-state-bench-flink-kafka  | 	remote.list.offsets.request.timeout.ms = 30000
stream-state-bench-flink-kafka  | 	remote.log.index.file.cache.total.size.bytes = 1073741824
stream-state-bench-flink-kafka  | 	remote.log.index.file.cache.ttl.ms = 900000
stream-state-bench-flink-kafka  | 	remote.log.manager.copier.thread.pool.size = 10
stream-state-bench-flink-kafka  | 	remote.log.manager.copy.max.bytes.per.second = 9223372036854775807
stream-state-bench-flink-kafka  | 	remote.log.manager.copy.quota.window.num = 11
stream-state-bench-flink-kafka  | 	remote.log.manager.copy.quota.window.size.seconds = 1
stream-state-bench-flink-kafka  | 	remote.log.manager.expiration.thread.pool.size = 10
stream-state-bench-flink-kafka  | 	remote.log.manager.fetch.max.bytes.per.second = 9223372036854775807
stream-state-bench-flink-kafka  | 	remote.log.manager.fetch.quota.window.num = 11
stream-state-bench-flink-kafka  | 	remote.log.manager.fetch.quota.window.size.seconds = 1
stream-state-bench-flink-kafka  | 	remote.log.manager.follower.thread.pool.size = 2
stream-state-bench-flink-kafka  | 	remote.log.manager.task.interval.ms = 30000
stream-state-bench-flink-kafka  | 	remote.log.manager.task.retry.backoff.max.ms = 30000
stream-state-bench-flink-kafka  | 	remote.log.manager.task.retry.backoff.ms = 500
stream-state-bench-flink-kafka  | 	remote.log.manager.task.retry.jitter = 0.2
stream-state-bench-flink-kafka  | 	remote.log.manager.thread.pool.size = 2
stream-state-bench-flink-kafka  | 	remote.log.metadata.custom.metadata.max.bytes = 128
stream-state-bench-flink-kafka  | 	remote.log.metadata.manager.class.name = org.apache.kafka.server.log.remote.metadata.storage.TopicBasedRemoteLogMetadataManager
stream-state-bench-flink-kafka  | 	remote.log.metadata.manager.class.path = null
stream-state-bench-flink-kafka  | 	remote.log.metadata.manager.impl.prefix = rlmm.config.
stream-state-bench-flink-kafka  | 	remote.log.metadata.manager.listener.name = null
stream-state-bench-flink-kafka  | 	remote.log.reader.max.pending.tasks = 100
stream-state-bench-flink-kafka  | 	remote.log.reader.threads = 10
stream-state-bench-flink-kafka  | 	remote.log.storage.manager.class.name = null
stream-state-bench-flink-kafka  | 	remote.log.storage.manager.class.path = null
stream-state-bench-flink-kafka  | 	remote.log.storage.manager.impl.prefix = rsm.config.
stream-state-bench-flink-kafka  | 	remote.log.storage.system.enable = false
stream-state-bench-flink-kafka  | 	replica.fetch.backoff.ms = 1000
stream-state-bench-flink-kafka  | 	replica.fetch.max.bytes = 1048576
stream-state-bench-flink-kafka  | 	replica.fetch.min.bytes = 1
stream-state-bench-flink-kafka  | 	replica.fetch.response.max.bytes = 10485760
stream-state-bench-flink-kafka  | 	replica.fetch.wait.max.ms = 500
stream-state-bench-flink-kafka  | 	replica.high.watermark.checkpoint.interval.ms = 5000
stream-state-bench-flink-kafka  | 	replica.lag.time.max.ms = 30000
stream-state-bench-flink-kafka  | 	replica.selector.class = null
stream-state-bench-flink-kafka  | 	replica.socket.receive.buffer.bytes = 65536
stream-state-bench-flink-kafka  | 	replica.socket.timeout.ms = 30000
stream-state-bench-flink-kafka  | 	replication.quota.window.num = 11
stream-state-bench-flink-kafka  | 	replication.quota.window.size.seconds = 1
stream-state-bench-flink-kafka  | 	request.timeout.ms = 30000
stream-state-bench-flink-kafka  | 	sasl.client.callback.handler.class = null
stream-state-bench-flink-kafka  | 	sasl.enabled.mechanisms = [GSSAPI]
stream-state-bench-flink-kafka  | 	sasl.jaas.config = null
stream-state-bench-flink-kafka  | 	sasl.kerberos.kinit.cmd = /usr/bin/kinit
stream-state-bench-flink-kafka  | 	sasl.kerberos.min.time.before.relogin = 60000
stream-state-bench-flink-kafka  | 	sasl.kerberos.principal.to.local.rules = [DEFAULT]
stream-state-bench-flink-kafka  | 	sasl.kerberos.service.name = null
stream-state-bench-flink-kafka  | 	sasl.kerberos.ticket.renew.jitter = 0.05
stream-state-bench-flink-kafka  | 	sasl.kerberos.ticket.renew.window.factor = 0.8
stream-state-bench-flink-kafka  | 	sasl.login.callback.handler.class = null
stream-state-bench-flink-kafka  | 	sasl.login.class = null
stream-state-bench-flink-kafka  | 	sasl.login.connect.timeout.ms = null
stream-state-bench-flink-kafka  | 	sasl.login.read.timeout.ms = null
stream-state-bench-flink-kafka  | 	sasl.login.refresh.buffer.seconds = 300
stream-state-bench-flink-kafka  | 	sasl.login.refresh.min.period.seconds = 60
stream-state-bench-flink-kafka  | 	sasl.login.refresh.window.factor = 0.8
stream-state-bench-flink-kafka  | 	sasl.login.refresh.window.jitter = 0.05
stream-state-bench-flink-kafka  | 	sasl.login.retry.backoff.max.ms = 10000
stream-state-bench-flink-kafka  | 	sasl.login.retry.backoff.ms = 100
stream-state-bench-flink-kafka  | 	sasl.mechanism.controller.protocol = GSSAPI
stream-state-bench-flink-kafka  | 	sasl.mechanism.inter.broker.protocol = GSSAPI
stream-state-bench-flink-kafka  | 	sasl.oauthbearer.assertion.algorithm = RS256
stream-state-bench-flink-kafka  | 	sasl.oauthbearer.assertion.claim.aud = null
stream-state-bench-flink-kafka  | 	sasl.oauthbearer.assertion.claim.exp.seconds = 300
stream-state-bench-flink-kafka  | 	sasl.oauthbearer.assertion.claim.iss = null
stream-state-bench-flink-kafka  | 	sasl.oauthbearer.assertion.claim.jti.include = false
stream-state-bench-flink-kafka  | 	sasl.oauthbearer.assertion.claim.nbf.seconds = 60
stream-state-bench-flink-kafka  | 	sasl.oauthbearer.assertion.claim.sub = null
stream-state-bench-flink-kafka  | 	sasl.oauthbearer.assertion.file = null
stream-state-bench-flink-kafka  | 	sasl.oauthbearer.assertion.private.key.file = null
stream-state-bench-flink-kafka  | 	sasl.oauthbearer.assertion.private.key.passphrase = null
stream-state-bench-flink-kafka  | 	sasl.oauthbearer.assertion.template.file = null
stream-state-bench-flink-kafka  | 	sasl.oauthbearer.client.credentials.client.id = null
stream-state-bench-flink-kafka  | 	sasl.oauthbearer.client.credentials.client.secret = null
stream-state-bench-flink-kafka  | 	sasl.oauthbearer.clock.skew.seconds = 30
stream-state-bench-flink-kafka  | 	sasl.oauthbearer.expected.audience = []
stream-state-bench-flink-kafka  | 	sasl.oauthbearer.expected.issuer = null
stream-state-bench-flink-kafka  | 	sasl.oauthbearer.jwks.endpoint.refresh.ms = 3600000
stream-state-bench-flink-kafka  | 	sasl.oauthbearer.jwks.endpoint.retry.backoff.max.ms = 10000
stream-state-bench-flink-kafka  | 	sasl.oauthbearer.jwks.endpoint.retry.backoff.ms = 100
stream-state-bench-flink-kafka  | 	sasl.oauthbearer.jwks.endpoint.url = null
stream-state-bench-flink-kafka  | 	sasl.oauthbearer.jwt.retriever.class = class org.apache.kafka.common.security.oauthbearer.DefaultJwtRetriever
stream-state-bench-flink-kafka  | 	sasl.oauthbearer.jwt.validator.class = class org.apache.kafka.common.security.oauthbearer.DefaultJwtValidator
stream-state-bench-flink-kafka  | 	sasl.oauthbearer.scope = null
stream-state-bench-flink-kafka  | 	sasl.oauthbearer.scope.claim.name = scope
stream-state-bench-flink-kafka  | 	sasl.oauthbearer.sub.claim.name = sub
stream-state-bench-flink-kafka  | 	sasl.oauthbearer.token.endpoint.url = null
stream-state-bench-flink-kafka  | 	sasl.server.callback.handler.class = null
stream-state-bench-flink-kafka  | 	sasl.server.max.receive.size = 524288
stream-state-bench-flink-kafka  | 	security.inter.broker.protocol = PLAINTEXT
stream-state-bench-flink-kafka  | 	security.providers = null
stream-state-bench-flink-kafka  | 	server.max.startup.time.ms = 9223372036854775807
stream-state-bench-flink-kafka  | 	share.coordinator.append.linger.ms = -1
stream-state-bench-flink-kafka  | 	share.coordinator.cached.buffer.max.bytes = 1048588
stream-state-bench-flink-kafka  | 	share.coordinator.cold.partition.snapshot.interval.ms = 300000
stream-state-bench-flink-kafka  | 	share.coordinator.load.buffer.size = 5242880
stream-state-bench-flink-kafka  | 	share.coordinator.snapshot.update.records.per.snapshot = 500
stream-state-bench-flink-kafka  | 	share.coordinator.state.topic.compression.codec = 0
stream-state-bench-flink-kafka  | 	share.coordinator.state.topic.min.isr = 2
stream-state-bench-flink-kafka  | 	share.coordinator.state.topic.num.partitions = 50
stream-state-bench-flink-kafka  | 	share.coordinator.state.topic.prune.interval.ms = 300000
stream-state-bench-flink-kafka  | 	share.coordinator.state.topic.replication.factor = 3
stream-state-bench-flink-kafka  | 	share.coordinator.state.topic.segment.bytes = 104857600
stream-state-bench-flink-kafka  | 	share.coordinator.threads = 1
stream-state-bench-flink-kafka  | 	share.coordinator.write.timeout.ms = 5000
stream-state-bench-flink-kafka  | 	share.fetch.purgatory.purge.interval.requests = 1000
stream-state-bench-flink-kafka  | 	socket.connection.setup.timeout.max.ms = 30000
stream-state-bench-flink-kafka  | 	socket.connection.setup.timeout.ms = 10000
stream-state-bench-flink-kafka  | 	socket.listen.backlog.size = 50
stream-state-bench-flink-kafka  | 	socket.receive.buffer.bytes = 102400
stream-state-bench-flink-kafka  | 	socket.request.max.bytes = 104857600
stream-state-bench-flink-kafka  | 	socket.send.buffer.bytes = 102400
stream-state-bench-flink-kafka  | 	ssl.allow.dn.changes = false
stream-state-bench-flink-kafka  | 	ssl.allow.san.changes = false
stream-state-bench-flink-kafka  | 	ssl.cipher.suites = []
stream-state-bench-flink-kafka  | 	ssl.client.auth = none
stream-state-bench-flink-kafka  | 	ssl.enabled.protocols = [TLSv1.2, TLSv1.3]
stream-state-bench-flink-kafka  | 	ssl.endpoint.identification.algorithm = https
stream-state-bench-flink-kafka  | 	ssl.engine.factory.class = null
stream-state-bench-flink-kafka  | 	ssl.key.password = null
stream-state-bench-flink-kafka  | 	ssl.keymanager.algorithm = SunX509
stream-state-bench-flink-kafka  | 	ssl.keystore.certificate.chain = null
stream-state-bench-flink-kafka  | 	ssl.keystore.key = null
stream-state-bench-flink-kafka  | 	ssl.keystore.location = null
stream-state-bench-flink-kafka  | 	ssl.keystore.password = null
stream-state-bench-flink-kafka  | 	ssl.keystore.type = JKS
stream-state-bench-flink-kafka  | 	ssl.principal.mapping.rules = DEFAULT
stream-state-bench-flink-kafka  | 	ssl.protocol = TLSv1.3
stream-state-bench-flink-kafka  | 	ssl.provider = null
stream-state-bench-flink-kafka  | 	ssl.secure.random.implementation = null
stream-state-bench-flink-kafka  | 	ssl.trustmanager.algorithm = PKIX
stream-state-bench-flink-kafka  | 	ssl.truststore.certificates = null
stream-state-bench-flink-kafka  | 	ssl.truststore.location = null
stream-state-bench-flink-kafka  | 	ssl.truststore.password = null
stream-state-bench-flink-kafka  | 	ssl.truststore.type = JKS
stream-state-bench-flink-kafka  | 	telemetry.max.bytes = 1048576
stream-state-bench-flink-kafka  | 	transaction.abort.timed.out.transaction.cleanup.interval.ms = 10000
stream-state-bench-flink-kafka  | 	transaction.max.timeout.ms = 900000
stream-state-bench-flink-kafka  | 	transaction.partition.verification.enable = true
stream-state-bench-flink-kafka  | 	transaction.remove.expired.transaction.cleanup.interval.ms = 3600000
stream-state-bench-flink-kafka  | 	transaction.state.log.load.buffer.size = 5242880
stream-state-bench-flink-kafka  | 	transaction.state.log.min.isr = 1
stream-state-bench-flink-kafka  | 	transaction.state.log.num.partitions = 50
stream-state-bench-flink-kafka  | 	transaction.state.log.replication.factor = 1
stream-state-bench-flink-kafka  | 	transaction.state.log.segment.bytes = 104857600
stream-state-bench-flink-kafka  | 	transaction.two.phase.commit.enable = false
stream-state-bench-flink-kafka  | 	transactional.id.expiration.ms = 604800000
stream-state-bench-flink-kafka  | 	unclean.leader.election.enable = false
stream-state-bench-flink-kafka  | 	unclean.leader.election.interval.ms = 300000
stream-state-bench-flink-kafka  | 	unstable.api.versions.enable = false
stream-state-bench-flink-kafka  | 	unstable.feature.versions.enable = false
stream-state-bench-flink-kafka  |  (org.apache.kafka.common.config.AbstractConfig)
stream-state-bench-flink-kafka  | [2026-07-17 19:08:29,452] INFO [BrokerMetadataPublisher id=1] Feature share.version has been updated to version 1 (kafka.server.metadata.BrokerMetadataPublisher)
stream-state-bench-flink-kafka  | [2026-07-17 19:08:29,452] INFO [MetadataLoader id=1] InitializeNewPublishers: initializing BrokerRegistrationTracker(id=1) with a snapshot at offset 9 (org.apache.kafka.image.loader.MetadataLoader)
stream-state-bench-flink-kafka  | [2026-07-17 19:08:29,453] INFO [ControllerRegistrationManager id=1 incarnation=mKtF4pV0S7mz1NLd5nJE5Q] Our registration has been persisted to the metadata log. (kafka.server.ControllerRegistrationManager)
stream-state-bench-flink-kafka  | [2026-07-17 19:08:29,465] INFO [BrokerLifecycleManager id=1] The broker has caught up. Transitioning from STARTING to RECOVERY. (org.apache.kafka.server.BrokerLifecycleManager)
stream-state-bench-flink-kafka  | [2026-07-17 19:08:29,465] INFO [BrokerServer id=1] Finished waiting for the controller to acknowledge that we are caught up (kafka.server.BrokerServer)
stream-state-bench-flink-kafka  | [2026-07-17 19:08:29,465] INFO [BrokerServer id=1] Waiting for the initial broker metadata update to be published (kafka.server.BrokerServer)
stream-state-bench-flink-kafka  | [2026-07-17 19:08:29,465] INFO [BrokerServer id=1] Finished waiting for the initial broker metadata update to be published (kafka.server.BrokerServer)
stream-state-bench-flink-kafka  | [2026-07-17 19:08:29,467] INFO KafkaConfig values: 
stream-state-bench-flink-kafka  | 	add.partitions.to.txn.retry.backoff.max.ms = 100
stream-state-bench-flink-kafka  | 	add.partitions.to.txn.retry.backoff.ms = 20
stream-state-bench-flink-kafka  | 	advertised.listeners = [PLAINTEXT://kafka:9092]
stream-state-bench-flink-kafka  | 	alter.config.policy.class.name = null
stream-state-bench-flink-kafka  | 	alter.log.dirs.replication.quota.window.num = 11
stream-state-bench-flink-kafka  | 	alter.log.dirs.replication.quota.window.size.seconds = 1
stream-state-bench-flink-kafka  | 	authorizer.class.name = 
stream-state-bench-flink-kafka  | 	auto.create.topics.enable = false
stream-state-bench-flink-kafka  | 	auto.leader.rebalance.enable = true
stream-state-bench-flink-kafka  | 	background.threads = 10
stream-state-bench-flink-kafka  | 	broker.heartbeat.interval.ms = 2000
stream-state-bench-flink-kafka  | 	broker.id = 1
stream-state-bench-flink-kafka  | 	broker.rack = null
stream-state-bench-flink-kafka  | 	broker.session.timeout.ms = 9000
stream-state-bench-flink-kafka  | 	client.quota.callback.class = null
stream-state-bench-flink-kafka  | 	compression.gzip.level = -1
stream-state-bench-flink-kafka  | 	compression.lz4.level = 9
stream-state-bench-flink-kafka  | 	compression.type = producer
stream-state-bench-flink-kafka  | 	compression.zstd.level = 3
stream-state-bench-flink-kafka  | 	config.providers = []
stream-state-bench-flink-kafka  | 	connection.failed.authentication.delay.ms = 100
stream-state-bench-flink-kafka  | 	connections.max.idle.ms = 600000
stream-state-bench-flink-kafka  | 	connections.max.reauth.ms = 0
stream-state-bench-flink-kafka  | 	controlled.shutdown.enable = true
stream-state-bench-flink-kafka  | 	controller.listener.names = [CONTROLLER]
stream-state-bench-flink-kafka  | 	controller.performance.always.log.threshold.ms = 2000
stream-state-bench-flink-kafka  | 	controller.performance.sample.period.ms = 60000
stream-state-bench-flink-kafka  | 	controller.quorum.append.linger.ms = 25
stream-state-bench-flink-kafka  | 	controller.quorum.auto.join.enable = false
stream-state-bench-flink-kafka  | 	controller.quorum.bootstrap.servers = []
stream-state-bench-flink-kafka  | 	controller.quorum.election.backoff.max.ms = 1000
stream-state-bench-flink-kafka  | 	controller.quorum.election.timeout.ms = 1000
stream-state-bench-flink-kafka  | 	controller.quorum.fetch.max.bytes = 1048576
stream-state-bench-flink-kafka  | 	controller.quorum.fetch.snapshot.max.bytes = 1048576
stream-state-bench-flink-kafka  | 	controller.quorum.fetch.timeout.ms = 2000
stream-state-bench-flink-kafka  | 	controller.quorum.request.timeout.ms = 2000
stream-state-bench-flink-kafka  | 	controller.quorum.retry.backoff.ms = 20
stream-state-bench-flink-kafka  | 	controller.quorum.voters = [1@kafka:9093]
stream-state-bench-flink-kafka  | 	controller.quota.window.num = 11
stream-state-bench-flink-kafka  | 	controller.quota.window.size.seconds = 1
stream-state-bench-flink-kafka  | 	controller.socket.timeout.ms = 30000
stream-state-bench-flink-kafka  | 	cordoned.log.dirs = []
stream-state-bench-flink-kafka  | 	create.topic.policy.class.name = null
stream-state-bench-flink-kafka  | 	default.replication.factor = 1
stream-state-bench-flink-kafka  | 	delegation.token.expiry.check.interval.ms = 3600000
stream-state-bench-flink-kafka  | 	delegation.token.expiry.time.ms = 86400000
stream-state-bench-flink-kafka  | 	delegation.token.max.lifetime.ms = 604800000
stream-state-bench-flink-kafka  | 	delegation.token.secret.key = null
stream-state-bench-flink-kafka  | 	delete.records.purgatory.purge.interval.requests = 1
stream-state-bench-flink-kafka  | 	delete.topic.enable = true
stream-state-bench-flink-kafka  | 	early.start.listeners = null
stream-state-bench-flink-kafka  | 	fetch.max.bytes = 57671680
stream-state-bench-flink-kafka  | 	fetch.purgatory.purge.interval.requests = 1000
stream-state-bench-flink-kafka  | 	follower.fetch.last.tiered.offset.enable = false
stream-state-bench-flink-kafka  | 	group.consumer.assignment.interval.ms = 1000
stream-state-bench-flink-kafka  | 	group.consumer.assignors = [uniform, range]
stream-state-bench-flink-kafka  | 	group.consumer.heartbeat.interval.ms = 5000
stream-state-bench-flink-kafka  | 	group.consumer.max.assignment.interval.ms = 15000
stream-state-bench-flink-kafka  | 	group.consumer.max.heartbeat.interval.ms = 15000
stream-state-bench-flink-kafka  | 	group.consumer.max.session.timeout.ms = 60000
stream-state-bench-flink-kafka  | 	group.consumer.max.size = 2147483647
stream-state-bench-flink-kafka  | 	group.consumer.migration.policy = bidirectional
stream-state-bench-flink-kafka  | 	group.consumer.min.assignment.interval.ms = 0
stream-state-bench-flink-kafka  | 	group.consumer.min.heartbeat.interval.ms = 5000
stream-state-bench-flink-kafka  | 	group.consumer.min.session.timeout.ms = 45000
stream-state-bench-flink-kafka  | 	group.consumer.regex.refresh.interval.ms = 600000
stream-state-bench-flink-kafka  | 	group.consumer.session.timeout.ms = 45000
stream-state-bench-flink-kafka  | 	group.coordinator.append.linger.ms = -1
stream-state-bench-flink-kafka  | 	group.coordinator.background.threads = 2
stream-state-bench-flink-kafka  | 	group.coordinator.cached.buffer.max.bytes = 1048588
stream-state-bench-flink-kafka  | 	group.coordinator.rebalance.protocols = [classic, consumer, streams]
stream-state-bench-flink-kafka  | 	group.coordinator.threads = 4
stream-state-bench-flink-kafka  | 	group.initial.rebalance.delay.ms = 0
stream-state-bench-flink-kafka  | 	group.max.session.timeout.ms = 1800000
stream-state-bench-flink-kafka  | 	group.max.size = 2147483647
stream-state-bench-flink-kafka  | 	group.min.session.timeout.ms = 6000
stream-state-bench-flink-kafka  | 	group.share.assignment.interval.ms = 1000
stream-state-bench-flink-kafka  | 	group.share.assignors = [simple]
stream-state-bench-flink-kafka  | 	group.share.delivery.count.limit = 5
stream-state-bench-flink-kafka  | 	group.share.heartbeat.interval.ms = 5000
stream-state-bench-flink-kafka  | 	group.share.initialize.retry.interval.ms = 30000
stream-state-bench-flink-kafka  | 	group.share.max.assignment.interval.ms = 15000
stream-state-bench-flink-kafka  | 	group.share.max.delivery.count.limit = 10
stream-state-bench-flink-kafka  | 	group.share.max.heartbeat.interval.ms = 15000
stream-state-bench-flink-kafka  | 	group.share.max.partition.max.record.locks = 4000
stream-state-bench-flink-kafka  | 	group.share.max.record.lock.duration.ms = 60000
stream-state-bench-flink-kafka  | 	group.share.max.session.timeout.ms = 60000
stream-state-bench-flink-kafka  | 	group.share.max.share.sessions = 2000
stream-state-bench-flink-kafka  | 	group.share.max.size = 200
stream-state-bench-flink-kafka  | 	group.share.min.assignment.interval.ms = 0
stream-state-bench-flink-kafka  | 	group.share.min.delivery.count.limit = 2
stream-state-bench-flink-kafka  | 	group.share.min.heartbeat.interval.ms = 5000
stream-state-bench-flink-kafka  | 	group.share.min.partition.max.record.locks = 100
stream-state-bench-flink-kafka  | 	group.share.min.record.lock.duration.ms = 15000
stream-state-bench-flink-kafka  | 	group.share.min.session.timeout.ms = 45000
stream-state-bench-flink-kafka  | 	group.share.partition.max.record.locks = 2000
stream-state-bench-flink-kafka  | 	group.share.persister.class.name = org.apache.kafka.server.share.persister.DefaultStatePersister
stream-state-bench-flink-kafka  | 	group.share.record.lock.duration.ms = 30000
stream-state-bench-flink-kafka  | 	group.share.session.timeout.ms = 45000
stream-state-bench-flink-kafka  | 	group.streams.assignment.interval.ms = 1000
stream-state-bench-flink-kafka  | 	group.streams.heartbeat.interval.ms = 5000
stream-state-bench-flink-kafka  | 	group.streams.initial.rebalance.delay.ms = 3000
stream-state-bench-flink-kafka  | 	group.streams.max.assignment.interval.ms = 15000
stream-state-bench-flink-kafka  | 	group.streams.max.heartbeat.interval.ms = 15000
stream-state-bench-flink-kafka  | 	group.streams.max.session.timeout.ms = 60000
stream-state-bench-flink-kafka  | 	group.streams.max.size = 2147483647
stream-state-bench-flink-kafka  | 	group.streams.max.standby.replicas = 2
stream-state-bench-flink-kafka  | 	group.streams.min.assignment.interval.ms = 0
stream-state-bench-flink-kafka  | 	group.streams.min.heartbeat.interval.ms = 5000
stream-state-bench-flink-kafka  | 	group.streams.min.session.timeout.ms = 45000
stream-state-bench-flink-kafka  | 	group.streams.num.standby.replicas = 0
stream-state-bench-flink-kafka  | 	group.streams.session.timeout.ms = 45000
stream-state-bench-flink-kafka  | 	initial.broker.registration.timeout.ms = 60000
stream-state-bench-flink-kafka  | 	inter.broker.listener.name = null
stream-state-bench-flink-kafka  | 	internal.metadata.delete.delay.millis = 60000
stream-state-bench-flink-kafka  | 	internal.metadata.log.segment.bytes = null
stream-state-bench-flink-kafka  | 	internal.metadata.max.batch.size.in.bytes = 8388608
stream-state-bench-flink-kafka  | 	kafka.metrics.polling.interval.secs = 10
stream-state-bench-flink-kafka  | 	kafka.metrics.reporters = []
stream-state-bench-flink-kafka  | 	leader.imbalance.check.interval.seconds = 300
stream-state-bench-flink-kafka  | 	listener.security.protocol.map = CONTROLLER:PLAINTEXT,PLAINTEXT:PLAINTEXT
stream-state-bench-flink-kafka  | 	listeners = [PLAINTEXT://:9092, CONTROLLER://:9093]
stream-state-bench-flink-kafka  | 	log.cleaner.backoff.ms = 15000
stream-state-bench-flink-kafka  | 	log.cleaner.dedupe.buffer.size = 134217728
stream-state-bench-flink-kafka  | 	log.cleaner.delete.retention.ms = 86400000
stream-state-bench-flink-kafka  | 	log.cleaner.enable = true
stream-state-bench-flink-kafka  | 	log.cleaner.io.buffer.load.factor = 0.9
stream-state-bench-flink-kafka  | 	log.cleaner.io.buffer.size = 524288
stream-state-bench-flink-kafka  | 	log.cleaner.io.max.bytes.per.second = 1.7976931348623157E308
stream-state-bench-flink-kafka  | 	log.cleaner.max.compaction.lag.ms = 9223372036854775807
stream-state-bench-flink-kafka  | 	log.cleaner.min.cleanable.ratio = 0.5
stream-state-bench-flink-kafka  | 	log.cleaner.min.compaction.lag.ms = 0
stream-state-bench-flink-kafka  | 	log.cleaner.threads = 1
stream-state-bench-flink-kafka  | 	log.cleanup.policy = [delete]
stream-state-bench-flink-kafka  | 	log.dir = [/tmp/kafka-logs]
stream-state-bench-flink-kafka  | 	log.dir.failure.timeout.ms = 30000
stream-state-bench-flink-kafka  | 	log.dirs = null
stream-state-bench-flink-kafka  | 	log.flush.interval.messages = 9223372036854775807
stream-state-bench-flink-kafka  | 	log.flush.interval.ms = null
stream-state-bench-flink-kafka  | 	log.flush.offset.checkpoint.interval.ms = 60000
stream-state-bench-flink-kafka  | 	log.flush.scheduler.interval.ms = 9223372036854775807
stream-state-bench-flink-kafka  | 	log.flush.start.offset.checkpoint.interval.ms = 60000
stream-state-bench-flink-kafka  | 	log.index.interval.bytes = 4096
stream-state-bench-flink-kafka  | 	log.index.size.max.bytes = 10485760
stream-state-bench-flink-kafka  | 	log.initial.task.delay.ms = 30000
stream-state-bench-flink-kafka  | 	log.local.retention.bytes = -2
stream-state-bench-flink-kafka  | 	log.local.retention.ms = -2
stream-state-bench-flink-kafka  | 	log.message.timestamp.after.max.ms = 3600000
stream-state-bench-flink-kafka  | 	log.message.timestamp.before.max.ms = 9223372036854775807
stream-state-bench-flink-kafka  | 	log.message.timestamp.type = CreateTime
stream-state-bench-flink-kafka  | 	log.preallocate = false
stream-state-bench-flink-kafka  | 	log.retention.bytes = -1
stream-state-bench-flink-kafka  | 	log.retention.check.interval.ms = 300000
stream-state-bench-flink-kafka  | 	log.retention.hours = 168
stream-state-bench-flink-kafka  | 	log.retention.minutes = null
stream-state-bench-flink-kafka  | 	log.retention.ms = null
stream-state-bench-flink-kafka  | 	log.roll.hours = 168
stream-state-bench-flink-kafka  | 	log.roll.jitter.hours = 0
stream-state-bench-flink-kafka  | 	log.roll.jitter.ms = null
stream-state-bench-flink-kafka  | 	log.roll.ms = null
stream-state-bench-flink-kafka  | 	log.segment.bytes = 1073741824
stream-state-bench-flink-kafka  | 	log.segment.delete.delay.ms = 60000
stream-state-bench-flink-kafka  | 	max.connection.creation.rate = 2147483647
stream-state-bench-flink-kafka  | 	max.connections = 2147483647
stream-state-bench-flink-kafka  | 	max.connections.per.ip = 2147483647
stream-state-bench-flink-kafka  | 	max.connections.per.ip.overrides = 
stream-state-bench-flink-kafka  | 	max.incremental.fetch.session.cache.slots = 1000
stream-state-bench-flink-kafka  | 	max.request.partition.size.limit = 2000
stream-state-bench-flink-kafka  | 	message.max.bytes = 1048588
stream-state-bench-flink-kafka  | 	metadata.log.dir = null
stream-state-bench-flink-kafka  | 	metadata.log.max.record.bytes.between.snapshots = 20971520
stream-state-bench-flink-kafka  | 	metadata.log.max.snapshot.interval.ms = 3600000
stream-state-bench-flink-kafka  | 	metadata.log.segment.bytes = 1073741824
stream-state-bench-flink-kafka  | 	metadata.log.segment.ms = 604800000
stream-state-bench-flink-kafka  | 	metadata.max.idle.interval.ms = 500
stream-state-bench-flink-kafka  | 	metadata.max.retention.bytes = 104857600
stream-state-bench-flink-kafka  | 	metadata.max.retention.ms = 604800000
stream-state-bench-flink-kafka  | 	metric.reporters = [org.apache.kafka.common.metrics.JmxReporter]
stream-state-bench-flink-kafka  | 	metrics.num.samples = 2
stream-state-bench-flink-kafka  | 	metrics.recording.level = INFO
stream-state-bench-flink-kafka  | 	metrics.sample.window.ms = 30000
stream-state-bench-flink-kafka  | 	min.insync.replicas = 1
stream-state-bench-flink-kafka  | 	node.id = 1
stream-state-bench-flink-kafka  | 	num.io.threads = 8
stream-state-bench-flink-kafka  | 	num.network.threads = 3
stream-state-bench-flink-kafka  | 	num.partitions = 1
stream-state-bench-flink-kafka  | 	num.recovery.threads.per.data.dir = 2
stream-state-bench-flink-kafka  | 	num.replica.alter.log.dirs.threads = null
stream-state-bench-flink-kafka  | 	num.replica.fetchers = 1
stream-state-bench-flink-kafka  | 	offset.metadata.max.bytes = 4096
stream-state-bench-flink-kafka  | 	offsets.commit.timeout.ms = 5000
stream-state-bench-flink-kafka  | 	offsets.load.buffer.size = 5242880
stream-state-bench-flink-kafka  | 	offsets.retention.check.interval.ms = 600000
stream-state-bench-flink-kafka  | 	offsets.retention.minutes = 10080
stream-state-bench-flink-kafka  | 	offsets.topic.compression.codec = 0
stream-state-bench-flink-kafka  | 	offsets.topic.num.partitions = 50
stream-state-bench-flink-kafka  | 	offsets.topic.replication.factor = 1
stream-state-bench-flink-kafka  | 	offsets.topic.segment.bytes = 104857600
stream-state-bench-flink-kafka  | 	principal.builder.class = class org.apache.kafka.common.security.authenticator.DefaultKafkaPrincipalBuilder
stream-state-bench-flink-kafka  | 	process.roles = [broker, controller]
stream-state-bench-flink-kafka  | 	producer.id.expiration.check.interval.ms = 600000
stream-state-bench-flink-kafka  | 	producer.id.expiration.ms = 86400000
stream-state-bench-flink-kafka  | 	producer.purgatory.purge.interval.requests = 1000
stream-state-bench-flink-kafka  | 	queued.max.request.bytes = -1
stream-state-bench-flink-kafka  | 	queued.max.requests = 500
stream-state-bench-flink-kafka  | 	quota.window.num = 11
stream-state-bench-flink-kafka  | 	quota.window.size.seconds = 1
stream-state-bench-flink-kafka  | 	remote.fetch.max.wait.ms = 500
stream-state-bench-flink-kafka  | 	remote.list.offsets.request.timeout.ms = 30000
stream-state-bench-flink-kafka  | 	remote.log.index.file.cache.total.size.bytes = 1073741824
stream-state-bench-flink-kafka  | 	remote.log.index.file.cache.ttl.ms = 900000
stream-state-bench-flink-kafka  | 	remote.log.manager.copier.thread.pool.size = 10
stream-state-bench-flink-kafka  | 	remote.log.manager.copy.max.bytes.per.second = 9223372036854775807
stream-state-bench-flink-kafka  | 	remote.log.manager.copy.quota.window.num = 11
stream-state-bench-flink-kafka  | 	remote.log.manager.copy.quota.window.size.seconds = 1
stream-state-bench-flink-kafka  | 	remote.log.manager.expiration.thread.pool.size = 10
stream-state-bench-flink-kafka  | 	remote.log.manager.fetch.max.bytes.per.second = 9223372036854775807
stream-state-bench-flink-kafka  | 	remote.log.manager.fetch.quota.window.num = 11
stream-state-bench-flink-kafka  | 	remote.log.manager.fetch.quota.window.size.seconds = 1
stream-state-bench-flink-kafka  | 	remote.log.manager.follower.thread.pool.size = 2
stream-state-bench-flink-kafka  | 	remote.log.manager.task.interval.ms = 30000
stream-state-bench-flink-kafka  | 	remote.log.manager.task.retry.backoff.max.ms = 30000
stream-state-bench-flink-kafka  | 	remote.log.manager.task.retry.backoff.ms = 500
stream-state-bench-flink-kafka  | 	remote.log.manager.task.retry.jitter = 0.2
stream-state-bench-flink-kafka  | 	remote.log.manager.thread.pool.size = 2
stream-state-bench-flink-kafka  | 	remote.log.metadata.custom.metadata.max.bytes = 128
stream-state-bench-flink-kafka  | 	remote.log.metadata.manager.class.name = org.apache.kafka.server.log.remote.metadata.storage.TopicBasedRemoteLogMetadataManager
stream-state-bench-flink-kafka  | 	remote.log.metadata.manager.class.path = null
stream-state-bench-flink-kafka  | 	remote.log.metadata.manager.impl.prefix = rlmm.config.
stream-state-bench-flink-kafka  | 	remote.log.metadata.manager.listener.name = null
stream-state-bench-flink-kafka  | 	remote.log.reader.max.pending.tasks = 100
stream-state-bench-flink-kafka  | 	remote.log.reader.threads = 10
stream-state-bench-flink-kafka  | 	remote.log.storage.manager.class.name = null
stream-state-bench-flink-kafka  | 	remote.log.storage.manager.class.path = null
stream-state-bench-flink-kafka  | 	remote.log.storage.manager.impl.prefix = rsm.config.
stream-state-bench-flink-kafka  | 	remote.log.storage.system.enable = false
stream-state-bench-flink-kafka  | 	replica.fetch.backoff.ms = 1000
stream-state-bench-flink-kafka  | 	replica.fetch.max.bytes = 1048576
stream-state-bench-flink-kafka  | 	replica.fetch.min.bytes = 1
stream-state-bench-flink-kafka  | 	replica.fetch.response.max.bytes = 10485760
stream-state-bench-flink-kafka  | 	replica.fetch.wait.max.ms = 500
stream-state-bench-flink-kafka  | 	replica.high.watermark.checkpoint.interval.ms = 5000
stream-state-bench-flink-kafka  | 	replica.lag.time.max.ms = 30000
stream-state-bench-flink-kafka  | 	replica.selector.class = null
stream-state-bench-flink-kafka  | 	replica.socket.receive.buffer.bytes = 65536
stream-state-bench-flink-kafka  | 	replica.socket.timeout.ms = 30000
stream-state-bench-flink-kafka  | 	replication.quota.window.num = 11
stream-state-bench-flink-kafka  | 	replication.quota.window.size.seconds = 1
stream-state-bench-flink-kafka  | 	request.timeout.ms = 30000
stream-state-bench-flink-kafka  | 	sasl.client.callback.handler.class = null
stream-state-bench-flink-kafka  | 	sasl.enabled.mechanisms = [GSSAPI]
stream-state-bench-flink-kafka  | 	sasl.jaas.config = null
stream-state-bench-flink-kafka  | 	sasl.kerberos.kinit.cmd = /usr/bin/kinit
stream-state-bench-flink-kafka  | 	sasl.kerberos.min.time.before.relogin = 60000
stream-state-bench-flink-kafka  | 	sasl.kerberos.principal.to.local.rules = [DEFAULT]
stream-state-bench-flink-kafka  | 	sasl.kerberos.service.name = null
stream-state-bench-flink-kafka  | 	sasl.kerberos.ticket.renew.jitter = 0.05
stream-state-bench-flink-kafka  | 	sasl.kerberos.ticket.renew.window.factor = 0.8
stream-state-bench-flink-kafka  | 	sasl.login.callback.handler.class = null
stream-state-bench-flink-kafka  | 	sasl.login.class = null
stream-state-bench-flink-kafka  | 	sasl.login.connect.timeout.ms = null
stream-state-bench-flink-kafka  | 	sasl.login.read.timeout.ms = null
stream-state-bench-flink-kafka  | 	sasl.login.refresh.buffer.seconds = 300
stream-state-bench-flink-kafka  | 	sasl.login.refresh.min.period.seconds = 60
stream-state-bench-flink-kafka  | 	sasl.login.refresh.window.factor = 0.8
stream-state-bench-flink-kafka  | 	sasl.login.refresh.window.jitter = 0.05
stream-state-bench-flink-kafka  | 	sasl.login.retry.backoff.max.ms = 10000
stream-state-bench-flink-kafka  | 	sasl.login.retry.backoff.ms = 100
stream-state-bench-flink-kafka  | 	sasl.mechanism.controller.protocol = GSSAPI
stream-state-bench-flink-kafka  | 	sasl.mechanism.inter.broker.protocol = GSSAPI
stream-state-bench-flink-kafka  | 	sasl.oauthbearer.assertion.algorithm = RS256
stream-state-bench-flink-kafka  | 	sasl.oauthbearer.assertion.claim.aud = null
stream-state-bench-flink-kafka  | 	sasl.oauthbearer.assertion.claim.exp.seconds = 300
stream-state-bench-flink-kafka  | 	sasl.oauthbearer.assertion.claim.iss = null
stream-state-bench-flink-kafka  | 	sasl.oauthbearer.assertion.claim.jti.include = false
stream-state-bench-flink-kafka  | 	sasl.oauthbearer.assertion.claim.nbf.seconds = 60
stream-state-bench-flink-kafka  | 	sasl.oauthbearer.assertion.claim.sub = null
stream-state-bench-flink-kafka  | 	sasl.oauthbearer.assertion.file = null
stream-state-bench-flink-kafka  | 	sasl.oauthbearer.assertion.private.key.file = null
stream-state-bench-flink-kafka  | 	sasl.oauthbearer.assertion.private.key.passphrase = null
stream-state-bench-flink-kafka  | 	sasl.oauthbearer.assertion.template.file = null
stream-state-bench-flink-kafka  | 	sasl.oauthbearer.client.credentials.client.id = null
stream-state-bench-flink-kafka  | 	sasl.oauthbearer.client.credentials.client.secret = null
stream-state-bench-flink-kafka  | 	sasl.oauthbearer.clock.skew.seconds = 30
stream-state-bench-flink-kafka  | 	sasl.oauthbearer.expected.audience = []
stream-state-bench-flink-kafka  | 	sasl.oauthbearer.expected.issuer = null
stream-state-bench-flink-kafka  | 	sasl.oauthbearer.jwks.endpoint.refresh.ms = 3600000
stream-state-bench-flink-kafka  | 	sasl.oauthbearer.jwks.endpoint.retry.backoff.max.ms = 10000
stream-state-bench-flink-kafka  | 	sasl.oauthbearer.jwks.endpoint.retry.backoff.ms = 100
stream-state-bench-flink-kafka  | 	sasl.oauthbearer.jwks.endpoint.url = null
stream-state-bench-flink-kafka  | 	sasl.oauthbearer.jwt.retriever.class = class org.apache.kafka.common.security.oauthbearer.DefaultJwtRetriever
stream-state-bench-flink-kafka  | 	sasl.oauthbearer.jwt.validator.class = class org.apache.kafka.common.security.oauthbearer.DefaultJwtValidator
stream-state-bench-flink-kafka  | 	sasl.oauthbearer.scope = null
stream-state-bench-flink-kafka  | 	sasl.oauthbearer.scope.claim.name = scope
stream-state-bench-flink-kafka  | 	sasl.oauthbearer.sub.claim.name = sub
stream-state-bench-flink-kafka  | 	sasl.oauthbearer.token.endpoint.url = null
stream-state-bench-flink-kafka  | 	sasl.server.callback.handler.class = null
stream-state-bench-flink-kafka  | 	sasl.server.max.receive.size = 524288
stream-state-bench-flink-kafka  | 	security.inter.broker.protocol = PLAINTEXT
stream-state-bench-flink-kafka  | 	security.providers = null
stream-state-bench-flink-kafka  | 	server.max.startup.time.ms = 9223372036854775807
stream-state-bench-flink-kafka  | 	share.coordinator.append.linger.ms = -1
stream-state-bench-flink-kafka  | 	share.coordinator.cached.buffer.max.bytes = 1048588
stream-state-bench-flink-kafka  | 	share.coordinator.cold.partition.snapshot.interval.ms = 300000
stream-state-bench-flink-kafka  | 	share.coordinator.load.buffer.size = 5242880
stream-state-bench-flink-kafka  | 	share.coordinator.snapshot.update.records.per.snapshot = 500
stream-state-bench-flink-kafka  | 	share.coordinator.state.topic.compression.codec = 0
stream-state-bench-flink-kafka  | 	share.coordinator.state.topic.min.isr = 2
stream-state-bench-flink-kafka  | 	share.coordinator.state.topic.num.partitions = 50
stream-state-bench-flink-kafka  | 	share.coordinator.state.topic.prune.interval.ms = 300000
stream-state-bench-flink-kafka  | 	share.coordinator.state.topic.replication.factor = 3
stream-state-bench-flink-kafka  | 	share.coordinator.state.topic.segment.bytes = 104857600
stream-state-bench-flink-kafka  | 	share.coordinator.threads = 1
stream-state-bench-flink-kafka  | 	share.coordinator.write.timeout.ms = 5000
stream-state-bench-flink-kafka  | 	share.fetch.purgatory.purge.interval.requests = 1000
stream-state-bench-flink-kafka  | 	socket.connection.setup.timeout.max.ms = 30000
stream-state-bench-flink-kafka  | 	socket.connection.setup.timeout.ms = 10000
stream-state-bench-flink-kafka  | 	socket.listen.backlog.size = 50
stream-state-bench-flink-kafka  | 	socket.receive.buffer.bytes = 102400
stream-state-bench-flink-kafka  | 	socket.request.max.bytes = 104857600
stream-state-bench-flink-kafka  | 	socket.send.buffer.bytes = 102400
stream-state-bench-flink-kafka  | 	ssl.allow.dn.changes = false
stream-state-bench-flink-kafka  | 	ssl.allow.san.changes = false
stream-state-bench-flink-kafka  | 	ssl.cipher.suites = []
stream-state-bench-flink-kafka  | 	ssl.client.auth = none
stream-state-bench-flink-kafka  | 	ssl.enabled.protocols = [TLSv1.2, TLSv1.3]
stream-state-bench-flink-kafka  | 	ssl.endpoint.identification.algorithm = https
stream-state-bench-flink-kafka  | 	ssl.engine.factory.class = null
stream-state-bench-flink-kafka  | 	ssl.key.password = null
stream-state-bench-flink-kafka  | 	ssl.keymanager.algorithm = SunX509
stream-state-bench-flink-kafka  | 	ssl.keystore.certificate.chain = null
stream-state-bench-flink-kafka  | 	ssl.keystore.key = null
stream-state-bench-flink-kafka  | 	ssl.keystore.location = null
stream-state-bench-flink-kafka  | 	ssl.keystore.password = null
stream-state-bench-flink-kafka  | 	ssl.keystore.type = JKS
stream-state-bench-flink-kafka  | 	ssl.principal.mapping.rules = DEFAULT
stream-state-bench-flink-kafka  | 	ssl.protocol = TLSv1.3
stream-state-bench-flink-kafka  | 	ssl.provider = null
stream-state-bench-flink-kafka  | 	ssl.secure.random.implementation = null
stream-state-bench-flink-kafka  | 	ssl.trustmanager.algorithm = PKIX
stream-state-bench-flink-kafka  | 	ssl.truststore.certificates = null
stream-state-bench-flink-kafka  | 	ssl.truststore.location = null
stream-state-bench-flink-kafka  | 	ssl.truststore.password = null
stream-state-bench-flink-kafka  | 	ssl.truststore.type = JKS
stream-state-bench-flink-kafka  | 	telemetry.max.bytes = 1048576
stream-state-bench-flink-kafka  | 	transaction.abort.timed.out.transaction.cleanup.interval.ms = 10000
stream-state-bench-flink-kafka  | 	transaction.max.timeout.ms = 900000
stream-state-bench-flink-kafka  | 	transaction.partition.verification.enable = true
stream-state-bench-flink-kafka  | 	transaction.remove.expired.transaction.cleanup.interval.ms = 3600000
stream-state-bench-flink-kafka  | 	transaction.state.log.load.buffer.size = 5242880
stream-state-bench-flink-kafka  | 	transaction.state.log.min.isr = 1
stream-state-bench-flink-kafka  | 	transaction.state.log.num.partitions = 50
stream-state-bench-flink-kafka  | 	transaction.state.log.replication.factor = 1
stream-state-bench-flink-kafka  | 	transaction.state.log.segment.bytes = 104857600
stream-state-bench-flink-kafka  | 	transaction.two.phase.commit.enable = false
stream-state-bench-flink-kafka  | 	transactional.id.expiration.ms = 604800000
stream-state-bench-flink-kafka  | 	unclean.leader.election.enable = false
stream-state-bench-flink-kafka  | 	unclean.leader.election.interval.ms = 300000
stream-state-bench-flink-kafka  | 	unstable.api.versions.enable = false
stream-state-bench-flink-kafka  | 	unstable.feature.versions.enable = false
stream-state-bench-flink-kafka  |  (org.apache.kafka.common.config.AbstractConfig)
stream-state-bench-flink-kafka  | [2026-07-17 19:08:29,469] INFO [BrokerServer id=1] Waiting for the broker to be unfenced (kafka.server.BrokerServer)
stream-state-bench-flink-kafka  | [2026-07-17 19:08:29,499] INFO [BrokerLifecycleManager id=1] The broker has been unfenced. Transitioning from RECOVERY to RUNNING. (org.apache.kafka.server.BrokerLifecycleManager)
stream-state-bench-flink-kafka  | [2026-07-17 19:08:29,499] INFO [BrokerServer id=1] Finished waiting for the broker to be unfenced (kafka.server.BrokerServer)
stream-state-bench-flink-kafka  | [2026-07-17 19:08:29,500] INFO authorizerStart completed for endpoint PLAINTEXT. Endpoint is now READY. (org.apache.kafka.server.network.EndpointReadyFutures)
stream-state-bench-flink-kafka  | [2026-07-17 19:08:29,501] INFO [SocketServer listenerType=BROKER, nodeId=1] Enabling request processing. (kafka.network.SocketServer)
stream-state-bench-flink-kafka  | [2026-07-17 19:08:29,501] INFO Awaiting socket connections on 0.0.0.0:9092. (kafka.network.DataPlaneAcceptor)
stream-state-bench-flink-kafka  | [2026-07-17 19:08:29,502] INFO [BrokerServer id=1] Waiting for all of the authorizer futures to be completed (kafka.server.BrokerServer)
stream-state-bench-flink-kafka  | [2026-07-17 19:08:29,502] INFO [BrokerServer id=1] Finished waiting for all of the authorizer futures to be completed (kafka.server.BrokerServer)
stream-state-bench-flink-kafka  | [2026-07-17 19:08:29,502] INFO [BrokerServer id=1] Waiting for all of the SocketServer Acceptors to be started (kafka.server.BrokerServer)
stream-state-bench-flink-kafka  | [2026-07-17 19:08:29,502] INFO [BrokerServer id=1] Finished waiting for all of the SocketServer Acceptors to be started (kafka.server.BrokerServer)
stream-state-bench-flink-kafka  | [2026-07-17 19:08:29,503] INFO [BrokerServer id=1] Transition from STARTING to STARTED (kafka.server.BrokerServer)
stream-state-bench-flink-kafka  | [2026-07-17 19:08:29,503] INFO Kafka version: 4.3.1 (org.apache.kafka.common.utils.AppInfoParser)
stream-state-bench-flink-kafka  | [2026-07-17 19:08:29,504] INFO Kafka commitId: 26b251a451ce941d (org.apache.kafka.common.utils.AppInfoParser)
stream-state-bench-flink-kafka  | [2026-07-17 19:08:29,504] INFO Kafka startTimeMs: 1784315309503 (org.apache.kafka.common.utils.AppInfoParser)
stream-state-bench-flink-kafka  | [2026-07-17 19:08:29,505] INFO [KafkaRaftServer nodeId=1] Kafka Server started (kafka.server.KafkaRaftServer)
stream-state-bench-flink-kafka  | [2026-07-17 19:08:31,737] INFO [ReplicaFetcherManager on broker 1] Removed fetcher for partitions Set(bench-w3-latency-input-0) (kafka.server.ReplicaFetcherManager)
stream-state-bench-flink-kafka  | [2026-07-17 19:08:31,756] INFO [LogLoader partition=bench-w3-latency-input-0, dir=/tmp/kafka-logs] Loading producer state till offset 0 (org.apache.kafka.storage.internals.log.UnifiedLog)
stream-state-bench-flink-kafka  | [2026-07-17 19:08:31,759] INFO Created log for partition bench-w3-latency-input-0 in /tmp/kafka-logs/bench-w3-latency-input-0 with properties {message.timestamp.type="LogAppendTime"} (kafka.log.LogManager)
stream-state-bench-flink-kafka  | [2026-07-17 19:08:31,761] INFO [Partition bench-w3-latency-input-0 broker=1] No checkpointed highwatermark is found for partition bench-w3-latency-input-0 (kafka.cluster.Partition)
stream-state-bench-flink-kafka  | [2026-07-17 19:08:31,763] INFO [Partition bench-w3-latency-input-0 broker=1] Log loaded for partition bench-w3-latency-input-0 with initial high watermark 0 (kafka.cluster.Partition)
stream-state-bench-flink-kafka  | [2026-07-17 19:08:31,775] INFO [DynamicConfigPublisher broker id=1] Updating topic bench-w3-latency-input with new configuration : message.timestamp.type -> LogAppendTime (kafka.server.metadata.DynamicConfigPublisher)
stream-state-bench-flink-kafka  | [2026-07-17 19:08:33,358] INFO [ReplicaFetcherManager on broker 1] Removed fetcher for partitions Set(bench-w3-latency-flink-output-0) (kafka.server.ReplicaFetcherManager)
stream-state-bench-flink-kafka  | [2026-07-17 19:08:33,362] INFO [LogLoader partition=bench-w3-latency-flink-output-0, dir=/tmp/kafka-logs] Loading producer state till offset 0 (org.apache.kafka.storage.internals.log.UnifiedLog)
stream-state-bench-flink-kafka  | [2026-07-17 19:08:33,363] INFO Created log for partition bench-w3-latency-flink-output-0 in /tmp/kafka-logs/bench-w3-latency-flink-output-0 with properties {} (kafka.log.LogManager)
stream-state-bench-flink-kafka  | [2026-07-17 19:08:33,363] INFO [Partition bench-w3-latency-flink-output-0 broker=1] No checkpointed highwatermark is found for partition bench-w3-latency-flink-output-0 (kafka.cluster.Partition)
stream-state-bench-flink-kafka  | [2026-07-17 19:08:33,363] INFO [Partition bench-w3-latency-flink-output-0 broker=1] Log loaded for partition bench-w3-latency-flink-output-0 with initial high watermark 0 (kafka.cluster.Partition)
stream-state-bench-flink-kafka  | [2026-07-17 19:08:36,940] INFO Sent auto-creation request for Set(__transaction_state) to the active controller. (kafka.server.DefaultAutoTopicCreationManager)
stream-state-bench-flink-kafka  | [2026-07-17 19:08:36,982] INFO [ReplicaFetcherManager on broker 1] Removed fetcher for partitions Set(__transaction_state-42, __transaction_state-13, __transaction_state-46, __transaction_state-17, __transaction_state-34, __transaction_state-5, __transaction_state-38, __transaction_state-9, __transaction_state-26, __transaction_state-30, __transaction_state-1, __transaction_state-18, __transaction_state-22, __transaction_state-12, __transaction_state-45, __transaction_state-16, __transaction_state-49, __transaction_state-4, __transaction_state-37, __transaction_state-8, __transaction_state-41, __transaction_state-29, __transaction_state-0, __transaction_state-33, __transaction_state-21, __transaction_state-25, __transaction_state-11, __transaction_state-44, __transaction_state-15, __transaction_state-48, __transaction_state-3, __transaction_state-36, __transaction_state-7, __transaction_state-40, __transaction_state-28, __transaction_state-32, __transaction_state-20, __transaction_state-24, __transaction_state-10, __transaction_state-43, __transaction_state-14, __transaction_state-47, __transaction_state-2, __transaction_state-35, __transaction_state-6, __transaction_state-39, __transaction_state-27, __transaction_state-31, __transaction_state-19, __transaction_state-23) (kafka.server.ReplicaFetcherManager)
stream-state-bench-flink-kafka  | [2026-07-17 19:08:36,986] INFO [LogLoader partition=__transaction_state-42, dir=/tmp/kafka-logs] Loading producer state till offset 0 (org.apache.kafka.storage.internals.log.UnifiedLog)
stream-state-bench-flink-kafka  | [2026-07-17 19:08:36,987] INFO Created log for partition __transaction_state-42 in /tmp/kafka-logs/__transaction_state-42 with properties {cleanup.policy=compact, compression.type="uncompressed", min.insync.replicas=1, segment.bytes=104857600, unclean.leader.election.enable=false} (kafka.log.LogManager)
stream-state-bench-flink-kafka  | [2026-07-17 19:08:36,988] INFO [Partition __transaction_state-42 broker=1] No checkpointed highwatermark is found for partition __transaction_state-42 (kafka.cluster.Partition)
stream-state-bench-flink-kafka  | [2026-07-17 19:08:36,988] INFO [Partition __transaction_state-42 broker=1] Log loaded for partition __transaction_state-42 with initial high watermark 0 (kafka.cluster.Partition)
stream-state-bench-flink-kafka  | [2026-07-17 19:08:36,996] INFO [LogLoader partition=__transaction_state-13, dir=/tmp/kafka-logs] Loading producer state till offset 0 (org.apache.kafka.storage.internals.log.UnifiedLog)
stream-state-bench-flink-kafka  | [2026-07-17 19:08:36,997] INFO Created log for partition __transaction_state-13 in /tmp/kafka-logs/__transaction_state-13 with properties {cleanup.policy=compact, compression.type="uncompressed", min.insync.replicas=1, segment.bytes=104857600, unclean.leader.election.enable=false} (kafka.log.LogManager)
stream-state-bench-flink-kafka  | [2026-07-17 19:08:36,997] INFO [Partition __transaction_state-13 broker=1] No checkpointed highwatermark is found for partition __transaction_state-13 (kafka.cluster.Partition)
stream-state-bench-flink-kafka  | [2026-07-17 19:08:36,997] INFO [Partition __transaction_state-13 broker=1] Log loaded for partition __transaction_state-13 with initial high watermark 0 (kafka.cluster.Partition)
stream-state-bench-flink-kafka  | [2026-07-17 19:08:37,007] INFO [LogLoader partition=__transaction_state-46, dir=/tmp/kafka-logs] Loading producer state till offset 0 (org.apache.kafka.storage.internals.log.UnifiedLog)
stream-state-bench-flink-kafka  | [2026-07-17 19:08:37,008] INFO Created log for partition __transaction_state-46 in /tmp/kafka-logs/__transaction_state-46 with properties {cleanup.policy=compact, compression.type="uncompressed", min.insync.replicas=1, segment.bytes=104857600, unclean.leader.election.enable=false} (kafka.log.LogManager)
stream-state-bench-flink-kafka  | [2026-07-17 19:08:37,008] INFO [Partition __transaction_state-46 broker=1] No checkpointed highwatermark is found for partition __transaction_state-46 (kafka.cluster.Partition)
stream-state-bench-flink-kafka  | [2026-07-17 19:08:37,008] INFO [Partition __transaction_state-46 broker=1] Log loaded for partition __transaction_state-46 with initial high watermark 0 (kafka.cluster.Partition)
stream-state-bench-flink-kafka  | [2026-07-17 19:08:37,015] INFO [LogLoader partition=__transaction_state-17, dir=/tmp/kafka-logs] Loading producer state till offset 0 (org.apache.kafka.storage.internals.log.UnifiedLog)
stream-state-bench-flink-kafka  | [2026-07-17 19:08:37,015] INFO Created log for partition __transaction_state-17 in /tmp/kafka-logs/__transaction_state-17 with properties {cleanup.policy=compact, compression.type="uncompressed", min.insync.replicas=1, segment.bytes=104857600, unclean.leader.election.enable=false} (kafka.log.LogManager)
stream-state-bench-flink-kafka  | [2026-07-17 19:08:37,015] INFO [Partition __transaction_state-17 broker=1] No checkpointed highwatermark is found for partition __transaction_state-17 (kafka.cluster.Partition)
stream-state-bench-flink-kafka  | [2026-07-17 19:08:37,015] INFO [Partition __transaction_state-17 broker=1] Log loaded for partition __transaction_state-17 with initial high watermark 0 (kafka.cluster.Partition)
stream-state-bench-flink-kafka  | [2026-07-17 19:08:37,024] INFO [LogLoader partition=__transaction_state-34, dir=/tmp/kafka-logs] Loading producer state till offset 0 (org.apache.kafka.storage.internals.log.UnifiedLog)
stream-state-bench-flink-kafka  | [2026-07-17 19:08:37,025] INFO Created log for partition __transaction_state-34 in /tmp/kafka-logs/__transaction_state-34 with properties {cleanup.policy=compact, compression.type="uncompressed", min.insync.replicas=1, segment.bytes=104857600, unclean.leader.election.enable=false} (kafka.log.LogManager)
stream-state-bench-flink-kafka  | [2026-07-17 19:08:37,025] INFO [Partition __transaction_state-34 broker=1] No checkpointed highwatermark is found for partition __transaction_state-34 (kafka.cluster.Partition)
stream-state-bench-flink-kafka  | [2026-07-17 19:08:37,025] INFO [Partition __transaction_state-34 broker=1] Log loaded for partition __transaction_state-34 with initial high watermark 0 (kafka.cluster.Partition)
stream-state-bench-flink-kafka  | [2026-07-17 19:08:37,032] INFO [LogLoader partition=__transaction_state-5, dir=/tmp/kafka-logs] Loading producer state till offset 0 (org.apache.kafka.storage.internals.log.UnifiedLog)
stream-state-bench-flink-kafka  | [2026-07-17 19:08:37,032] INFO Created log for partition __transaction_state-5 in /tmp/kafka-logs/__transaction_state-5 with properties {cleanup.policy=compact, compression.type="uncompressed", min.insync.replicas=1, segment.bytes=104857600, unclean.leader.election.enable=false} (kafka.log.LogManager)
stream-state-bench-flink-kafka  | [2026-07-17 19:08:37,033] INFO [Partition __transaction_state-5 broker=1] No checkpointed highwatermark is found for partition __transaction_state-5 (kafka.cluster.Partition)
stream-state-bench-flink-kafka  | [2026-07-17 19:08:37,033] INFO [Partition __transaction_state-5 broker=1] Log loaded for partition __transaction_state-5 with initial high watermark 0 (kafka.cluster.Partition)
stream-state-bench-flink-kafka  | [2026-07-17 19:08:37,042] INFO [LogLoader partition=__transaction_state-38, dir=/tmp/kafka-logs] Loading producer state till offset 0 (org.apache.kafka.storage.internals.log.UnifiedLog)
stream-state-bench-flink-kafka  | [2026-07-17 19:08:37,042] INFO Created log for partition __transaction_state-38 in /tmp/kafka-logs/__transaction_state-38 with properties {cleanup.policy=compact, compression.type="uncompressed", min.insync.replicas=1, segment.bytes=104857600, unclean.leader.election.enable=false} (kafka.log.LogManager)
stream-state-bench-flink-kafka  | [2026-07-17 19:08:37,042] INFO [Partition __transaction_state-38 broker=1] No checkpointed highwatermark is found for partition __transaction_state-38 (kafka.cluster.Partition)
stream-state-bench-flink-kafka  | [2026-07-17 19:08:37,042] INFO [Partition __transaction_state-38 broker=1] Log loaded for partition __transaction_state-38 with initial high watermark 0 (kafka.cluster.Partition)
stream-state-bench-flink-kafka  | [2026-07-17 19:08:37,049] INFO [LogLoader partition=__transaction_state-9, dir=/tmp/kafka-logs] Loading producer state till offset 0 (org.apache.kafka.storage.internals.log.UnifiedLog)
stream-state-bench-flink-kafka  | [2026-07-17 19:08:37,049] INFO Created log for partition __transaction_state-9 in /tmp/kafka-logs/__transaction_state-9 with properties {cleanup.policy=compact, compression.type="uncompressed", min.insync.replicas=1, segment.bytes=104857600, unclean.leader.election.enable=false} (kafka.log.LogManager)
stream-state-bench-flink-kafka  | [2026-07-17 19:08:37,050] INFO [Partition __transaction_state-9 broker=1] No checkpointed highwatermark is found for partition __transaction_state-9 (kafka.cluster.Partition)
stream-state-bench-flink-kafka  | [2026-07-17 19:08:37,050] INFO [Partition __transaction_state-9 broker=1] Log loaded for partition __transaction_state-9 with initial high watermark 0 (kafka.cluster.Partition)
stream-state-bench-flink-kafka  | [2026-07-17 19:08:37,057] INFO [LogLoader partition=__transaction_state-26, dir=/tmp/kafka-logs] Loading producer state till offset 0 (org.apache.kafka.storage.internals.log.UnifiedLog)
stream-state-bench-flink-kafka  | [2026-07-17 19:08:37,058] INFO Created log for partition __transaction_state-26 in /tmp/kafka-logs/__transaction_state-26 with properties {cleanup.policy=compact, compression.type="uncompressed", min.insync.replicas=1, segment.bytes=104857600, unclean.leader.election.enable=false} (kafka.log.LogManager)
stream-state-bench-flink-kafka  | [2026-07-17 19:08:37,058] INFO [Partition __transaction_state-26 broker=1] No checkpointed highwatermark is found for partition __transaction_state-26 (kafka.cluster.Partition)
stream-state-bench-flink-kafka  | [2026-07-17 19:08:37,058] INFO [Partition __transaction_state-26 broker=1] Log loaded for partition __transaction_state-26 with initial high watermark 0 (kafka.cluster.Partition)
stream-state-bench-flink-kafka  | [2026-07-17 19:08:37,064] INFO [LogLoader partition=__transaction_state-30, dir=/tmp/kafka-logs] Loading producer state till offset 0 (org.apache.kafka.storage.internals.log.UnifiedLog)
stream-state-bench-flink-kafka  | [2026-07-17 19:08:37,064] INFO Created log for partition __transaction_state-30 in /tmp/kafka-logs/__transaction_state-30 with properties {cleanup.policy=compact, compression.type="uncompressed", min.insync.replicas=1, segment.bytes=104857600, unclean.leader.election.enable=false} (kafka.log.LogManager)
stream-state-bench-flink-kafka  | [2026-07-17 19:08:37,065] INFO [Partition __transaction_state-30 broker=1] No checkpointed highwatermark is found for partition __transaction_state-30 (kafka.cluster.Partition)
stream-state-bench-flink-kafka  | [2026-07-17 19:08:37,065] INFO [Partition __transaction_state-30 broker=1] Log loaded for partition __transaction_state-30 with initial high watermark 0 (kafka.cluster.Partition)
stream-state-bench-flink-kafka  | [2026-07-17 19:08:37,072] INFO [LogLoader partition=__transaction_state-1, dir=/tmp/kafka-logs] Loading producer state till offset 0 (org.apache.kafka.storage.internals.log.UnifiedLog)
stream-state-bench-flink-kafka  | [2026-07-17 19:08:37,072] INFO Created log for partition __transaction_state-1 in /tmp/kafka-logs/__transaction_state-1 with properties {cleanup.policy=compact, compression.type="uncompressed", min.insync.replicas=1, segment.bytes=104857600, unclean.leader.election.enable=false} (kafka.log.LogManager)
stream-state-bench-flink-kafka  | [2026-07-17 19:08:37,073] INFO [Partition __transaction_state-1 broker=1] No checkpointed highwatermark is found for partition __transaction_state-1 (kafka.cluster.Partition)
stream-state-bench-flink-kafka  | [2026-07-17 19:08:37,073] INFO [Partition __transaction_state-1 broker=1] Log loaded for partition __transaction_state-1 with initial high watermark 0 (kafka.cluster.Partition)
stream-state-bench-flink-kafka  | [2026-07-17 19:08:37,079] INFO [LogLoader partition=__transaction_state-18, dir=/tmp/kafka-logs] Loading producer state till offset 0 (org.apache.kafka.storage.internals.log.UnifiedLog)
stream-state-bench-flink-kafka  | [2026-07-17 19:08:37,079] INFO Created log for partition __transaction_state-18 in /tmp/kafka-logs/__transaction_state-18 with properties {cleanup.policy=compact, compression.type="uncompressed", min.insync.replicas=1, segment.bytes=104857600, unclean.leader.election.enable=false} (kafka.log.LogManager)
stream-state-bench-flink-kafka  | [2026-07-17 19:08:37,079] INFO [Partition __transaction_state-18 broker=1] No checkpointed highwatermark is found for partition __transaction_state-18 (kafka.cluster.Partition)
stream-state-bench-flink-kafka  | [2026-07-17 19:08:37,080] INFO [Partition __transaction_state-18 broker=1] Log loaded for partition __transaction_state-18 with initial high watermark 0 (kafka.cluster.Partition)
stream-state-bench-flink-kafka  | [2026-07-17 19:08:37,086] INFO [LogLoader partition=__transaction_state-22, dir=/tmp/kafka-logs] Loading producer state till offset 0 (org.apache.kafka.storage.internals.log.UnifiedLog)
stream-state-bench-flink-kafka  | [2026-07-17 19:08:37,086] INFO Created log for partition __transaction_state-22 in /tmp/kafka-logs/__transaction_state-22 with properties {cleanup.policy=compact, compression.type="uncompressed", min.insync.replicas=1, segment.bytes=104857600, unclean.leader.election.enable=false} (kafka.log.LogManager)
stream-state-bench-flink-kafka  | [2026-07-17 19:08:37,087] INFO [Partition __transaction_state-22 broker=1] No checkpointed highwatermark is found for partition __transaction_state-22 (kafka.cluster.Partition)
stream-state-bench-flink-kafka  | [2026-07-17 19:08:37,087] INFO [Partition __transaction_state-22 broker=1] Log loaded for partition __transaction_state-22 with initial high watermark 0 (kafka.cluster.Partition)
stream-state-bench-flink-kafka  | [2026-07-17 19:08:37,093] INFO [LogLoader partition=__transaction_state-12, dir=/tmp/kafka-logs] Loading producer state till offset 0 (org.apache.kafka.storage.internals.log.UnifiedLog)
stream-state-bench-flink-kafka  | [2026-07-17 19:08:37,093] INFO Created log for partition __transaction_state-12 in /tmp/kafka-logs/__transaction_state-12 with properties {cleanup.policy=compact, compression.type="uncompressed", min.insync.replicas=1, segment.bytes=104857600, unclean.leader.election.enable=false} (kafka.log.LogManager)
stream-state-bench-flink-kafka  | [2026-07-17 19:08:37,093] INFO [Partition __transaction_state-12 broker=1] No checkpointed highwatermark is found for partition __transaction_state-12 (kafka.cluster.Partition)
stream-state-bench-flink-kafka  | [2026-07-17 19:08:37,093] INFO [Partition __transaction_state-12 broker=1] Log loaded for partition __transaction_state-12 with initial high watermark 0 (kafka.cluster.Partition)
stream-state-bench-flink-kafka  | [2026-07-17 19:08:37,103] INFO [LogLoader partition=__transaction_state-45, dir=/tmp/kafka-logs] Loading producer state till offset 0 (org.apache.kafka.storage.internals.log.UnifiedLog)
stream-state-bench-flink-kafka  | [2026-07-17 19:08:37,104] INFO Created log for partition __transaction_state-45 in /tmp/kafka-logs/__transaction_state-45 with properties {cleanup.policy=compact, compression.type="uncompressed", min.insync.replicas=1, segment.bytes=104857600, unclean.leader.election.enable=false} (kafka.log.LogManager)
stream-state-bench-flink-kafka  | [2026-07-17 19:08:37,104] INFO [Partition __transaction_state-45 broker=1] No checkpointed highwatermark is found for partition __transaction_state-45 (kafka.cluster.Partition)
stream-state-bench-flink-kafka  | [2026-07-17 19:08:37,104] INFO [Partition __transaction_state-45 broker=1] Log loaded for partition __transaction_state-45 with initial high watermark 0 (kafka.cluster.Partition)
stream-state-bench-flink-kafka  | [2026-07-17 19:08:37,110] INFO [LogLoader partition=__transaction_state-16, dir=/tmp/kafka-logs] Loading producer state till offset 0 (org.apache.kafka.storage.internals.log.UnifiedLog)
stream-state-bench-flink-kafka  | [2026-07-17 19:08:37,111] INFO Created log for partition __transaction_state-16 in /tmp/kafka-logs/__transaction_state-16 with properties {cleanup.policy=compact, compression.type="uncompressed", min.insync.replicas=1, segment.bytes=104857600, unclean.leader.election.enable=false} (kafka.log.LogManager)
stream-state-bench-flink-kafka  | [2026-07-17 19:08:37,111] INFO [Partition __transaction_state-16 broker=1] No checkpointed highwatermark is found for partition __transaction_state-16 (kafka.cluster.Partition)
stream-state-bench-flink-kafka  | [2026-07-17 19:08:37,111] INFO [Partition __transaction_state-16 broker=1] Log loaded for partition __transaction_state-16 with initial high watermark 0 (kafka.cluster.Partition)
stream-state-bench-flink-kafka  | [2026-07-17 19:08:37,116] INFO [LogLoader partition=__transaction_state-49, dir=/tmp/kafka-logs] Loading producer state till offset 0 (org.apache.kafka.storage.internals.log.UnifiedLog)
stream-state-bench-flink-kafka  | [2026-07-17 19:08:37,117] INFO Created log for partition __transaction_state-49 in /tmp/kafka-logs/__transaction_state-49 with properties {cleanup.policy=compact, compression.type="uncompressed", min.insync.replicas=1, segment.bytes=104857600, unclean.leader.election.enable=false} (kafka.log.LogManager)
stream-state-bench-flink-kafka  | [2026-07-17 19:08:37,117] INFO [Partition __transaction_state-49 broker=1] No checkpointed highwatermark is found for partition __transaction_state-49 (kafka.cluster.Partition)
stream-state-bench-flink-kafka  | [2026-07-17 19:08:37,117] INFO [Partition __transaction_state-49 broker=1] Log loaded for partition __transaction_state-49 with initial high watermark 0 (kafka.cluster.Partition)
stream-state-bench-flink-kafka  | [2026-07-17 19:08:37,123] INFO [LogLoader partition=__transaction_state-4, dir=/tmp/kafka-logs] Loading producer state till offset 0 (org.apache.kafka.storage.internals.log.UnifiedLog)
stream-state-bench-flink-kafka  | [2026-07-17 19:08:37,124] INFO Created log for partition __transaction_state-4 in /tmp/kafka-logs/__transaction_state-4 with properties {cleanup.policy=compact, compression.type="uncompressed", min.insync.replicas=1, segment.bytes=104857600, unclean.leader.election.enable=false} (kafka.log.LogManager)
stream-state-bench-flink-kafka  | [2026-07-17 19:08:37,124] INFO [Partition __transaction_state-4 broker=1] No checkpointed highwatermark is found for partition __transaction_state-4 (kafka.cluster.Partition)
stream-state-bench-flink-kafka  | [2026-07-17 19:08:37,124] INFO [Partition __transaction_state-4 broker=1] Log loaded for partition __transaction_state-4 with initial high watermark 0 (kafka.cluster.Partition)
stream-state-bench-flink-kafka  | [2026-07-17 19:08:37,132] INFO [LogLoader partition=__transaction_state-37, dir=/tmp/kafka-logs] Loading producer state till offset 0 (org.apache.kafka.storage.internals.log.UnifiedLog)
stream-state-bench-flink-kafka  | [2026-07-17 19:08:37,133] INFO Created log for partition __transaction_state-37 in /tmp/kafka-logs/__transaction_state-37 with properties {cleanup.policy=compact, compression.type="uncompressed", min.insync.replicas=1, segment.bytes=104857600, unclean.leader.election.enable=false} (kafka.log.LogManager)
stream-state-bench-flink-kafka  | [2026-07-17 19:08:37,133] INFO [Partition __transaction_state-37 broker=1] No checkpointed highwatermark is found for partition __transaction_state-37 (kafka.cluster.Partition)
stream-state-bench-flink-kafka  | [2026-07-17 19:08:37,133] INFO [Partition __transaction_state-37 broker=1] Log loaded for partition __transaction_state-37 with initial high watermark 0 (kafka.cluster.Partition)
stream-state-bench-flink-kafka  | [2026-07-17 19:08:37,139] INFO [LogLoader partition=__transaction_state-8, dir=/tmp/kafka-logs] Loading producer state till offset 0 (org.apache.kafka.storage.internals.log.UnifiedLog)
stream-state-bench-flink-kafka  | [2026-07-17 19:08:37,139] INFO Created log for partition __transaction_state-8 in /tmp/kafka-logs/__transaction_state-8 with properties {cleanup.policy=compact, compression.type="uncompressed", min.insync.replicas=1, segment.bytes=104857600, unclean.leader.election.enable=false} (kafka.log.LogManager)
stream-state-bench-flink-kafka  | [2026-07-17 19:08:37,139] INFO [Partition __transaction_state-8 broker=1] No checkpointed highwatermark is found for partition __transaction_state-8 (kafka.cluster.Partition)
stream-state-bench-flink-kafka  | [2026-07-17 19:08:37,139] INFO [Partition __transaction_state-8 broker=1] Log loaded for partition __transaction_state-8 with initial high watermark 0 (kafka.cluster.Partition)
stream-state-bench-flink-kafka  | [2026-07-17 19:08:37,145] INFO [LogLoader partition=__transaction_state-41, dir=/tmp/kafka-logs] Loading producer state till offset 0 (org.apache.kafka.storage.internals.log.UnifiedLog)
stream-state-bench-flink-kafka  | [2026-07-17 19:08:37,145] INFO Created log for partition __transaction_state-41 in /tmp/kafka-logs/__transaction_state-41 with properties {cleanup.policy=compact, compression.type="uncompressed", min.insync.replicas=1, segment.bytes=104857600, unclean.leader.election.enable=false} (kafka.log.LogManager)
stream-state-bench-flink-kafka  | [2026-07-17 19:08:37,145] INFO [Partition __transaction_state-41 broker=1] No checkpointed highwatermark is found for partition __transaction_state-41 (kafka.cluster.Partition)
stream-state-bench-flink-kafka  | [2026-07-17 19:08:37,145] INFO [Partition __transaction_state-41 broker=1] Log loaded for partition __transaction_state-41 with initial high watermark 0 (kafka.cluster.Partition)
stream-state-bench-flink-kafka  | [2026-07-17 19:08:37,151] INFO [LogLoader partition=__transaction_state-29, dir=/tmp/kafka-logs] Loading producer state till offset 0 (org.apache.kafka.storage.internals.log.UnifiedLog)
stream-state-bench-flink-kafka  | [2026-07-17 19:08:37,151] INFO Created log for partition __transaction_state-29 in /tmp/kafka-logs/__transaction_state-29 with properties {cleanup.policy=compact, compression.type="uncompressed", min.insync.replicas=1, segment.bytes=104857600, unclean.leader.election.enable=false} (kafka.log.LogManager)
stream-state-bench-flink-kafka  | [2026-07-17 19:08:37,151] INFO [Partition __transaction_state-29 broker=1] No checkpointed highwatermark is found for partition __transaction_state-29 (kafka.cluster.Partition)
stream-state-bench-flink-kafka  | [2026-07-17 19:08:37,152] INFO [Partition __transaction_state-29 broker=1] Log loaded for partition __transaction_state-29 with initial high watermark 0 (kafka.cluster.Partition)
stream-state-bench-flink-kafka  | [2026-07-17 19:08:37,157] INFO [LogLoader partition=__transaction_state-0, dir=/tmp/kafka-logs] Loading producer state till offset 0 (org.apache.kafka.storage.internals.log.UnifiedLog)
stream-state-bench-flink-kafka  | [2026-07-17 19:08:37,158] INFO Created log for partition __transaction_state-0 in /tmp/kafka-logs/__transaction_state-0 with properties {cleanup.policy=compact, compression.type="uncompressed", min.insync.replicas=1, segment.bytes=104857600, unclean.leader.election.enable=false} (kafka.log.LogManager)
stream-state-bench-flink-kafka  | [2026-07-17 19:08:37,158] INFO [Partition __transaction_state-0 broker=1] No checkpointed highwatermark is found for partition __transaction_state-0 (kafka.cluster.Partition)
stream-state-bench-flink-kafka  | [2026-07-17 19:08:37,158] INFO [Partition __transaction_state-0 broker=1] Log loaded for partition __transaction_state-0 with initial high watermark 0 (kafka.cluster.Partition)
stream-state-bench-flink-kafka  | [2026-07-17 19:08:37,163] INFO [LogLoader partition=__transaction_state-33, dir=/tmp/kafka-logs] Loading producer state till offset 0 (org.apache.kafka.storage.internals.log.UnifiedLog)
stream-state-bench-flink-kafka  | [2026-07-17 19:08:37,164] INFO Created log for partition __transaction_state-33 in /tmp/kafka-logs/__transaction_state-33 with properties {cleanup.policy=compact, compression.type="uncompressed", min.insync.replicas=1, segment.bytes=104857600, unclean.leader.election.enable=false} (kafka.log.LogManager)
stream-state-bench-flink-kafka  | [2026-07-17 19:08:37,164] INFO [Partition __transaction_state-33 broker=1] No checkpointed highwatermark is found for partition __transaction_state-33 (kafka.cluster.Partition)
stream-state-bench-flink-kafka  | [2026-07-17 19:08:37,164] INFO [Partition __transaction_state-33 broker=1] Log loaded for partition __transaction_state-33 with initial high watermark 0 (kafka.cluster.Partition)
stream-state-bench-flink-kafka  | [2026-07-17 19:08:37,170] INFO [LogLoader partition=__transaction_state-21, dir=/tmp/kafka-logs] Loading producer state till offset 0 (org.apache.kafka.storage.internals.log.UnifiedLog)
stream-state-bench-flink-kafka  | [2026-07-17 19:08:37,170] INFO Created log for partition __transaction_state-21 in /tmp/kafka-logs/__transaction_state-21 with properties {cleanup.policy=compact, compression.type="uncompressed", min.insync.replicas=1, segment.bytes=104857600, unclean.leader.election.enable=false} (kafka.log.LogManager)
stream-state-bench-flink-kafka  | [2026-07-17 19:08:37,170] INFO [Partition __transaction_state-21 broker=1] No checkpointed highwatermark is found for partition __transaction_state-21 (kafka.cluster.Partition)
stream-state-bench-flink-kafka  | [2026-07-17 19:08:37,170] INFO [Partition __transaction_state-21 broker=1] Log loaded for partition __transaction_state-21 with initial high watermark 0 (kafka.cluster.Partition)
stream-state-bench-flink-kafka  | [2026-07-17 19:08:37,176] INFO [LogLoader partition=__transaction_state-25, dir=/tmp/kafka-logs] Loading producer state till offset 0 (org.apache.kafka.storage.internals.log.UnifiedLog)
stream-state-bench-flink-kafka  | [2026-07-17 19:08:37,176] INFO Created log for partition __transaction_state-25 in /tmp/kafka-logs/__transaction_state-25 with properties {cleanup.policy=compact, compression.type="uncompressed", min.insync.replicas=1, segment.bytes=104857600, unclean.leader.election.enable=false} (kafka.log.LogManager)
stream-state-bench-flink-kafka  | [2026-07-17 19:08:37,176] INFO [Partition __transaction_state-25 broker=1] No checkpointed highwatermark is found for partition __transaction_state-25 (kafka.cluster.Partition)
stream-state-bench-flink-kafka  | [2026-07-17 19:08:37,177] INFO [Partition __transaction_state-25 broker=1] Log loaded for partition __transaction_state-25 with initial high watermark 0 (kafka.cluster.Partition)
stream-state-bench-flink-kafka  | [2026-07-17 19:08:37,182] INFO [LogLoader partition=__transaction_state-11, dir=/tmp/kafka-logs] Loading producer state till offset 0 (org.apache.kafka.storage.internals.log.UnifiedLog)
stream-state-bench-flink-kafka  | [2026-07-17 19:08:37,182] INFO Created log for partition __transaction_state-11 in /tmp/kafka-logs/__transaction_state-11 with properties {cleanup.policy=compact, compression.type="uncompressed", min.insync.replicas=1, segment.bytes=104857600, unclean.leader.election.enable=false} (kafka.log.LogManager)
stream-state-bench-flink-kafka  | [2026-07-17 19:08:37,182] INFO [Partition __transaction_state-11 broker=1] No checkpointed highwatermark is found for partition __transaction_state-11 (kafka.cluster.Partition)
stream-state-bench-flink-kafka  | [2026-07-17 19:08:37,182] INFO [Partition __transaction_state-11 broker=1] Log loaded for partition __transaction_state-11 with initial high watermark 0 (kafka.cluster.Partition)
stream-state-bench-flink-kafka  | [2026-07-17 19:08:37,188] INFO [LogLoader partition=__transaction_state-44, dir=/tmp/kafka-logs] Loading producer state till offset 0 (org.apache.kafka.storage.internals.log.UnifiedLog)
stream-state-bench-flink-kafka  | [2026-07-17 19:08:37,189] INFO Created log for partition __transaction_state-44 in /tmp/kafka-logs/__transaction_state-44 with properties {cleanup.policy=compact, compression.type="uncompressed", min.insync.replicas=1, segment.bytes=104857600, unclean.leader.election.enable=false} (kafka.log.LogManager)
stream-state-bench-flink-kafka  | [2026-07-17 19:08:37,189] INFO [Partition __transaction_state-44 broker=1] No checkpointed highwatermark is found for partition __transaction_state-44 (kafka.cluster.Partition)
stream-state-bench-flink-kafka  | [2026-07-17 19:08:37,189] INFO [Partition __transaction_state-44 broker=1] Log loaded for partition __transaction_state-44 with initial high watermark 0 (kafka.cluster.Partition)
stream-state-bench-flink-kafka  | [2026-07-17 19:08:37,195] INFO [LogLoader partition=__transaction_state-15, dir=/tmp/kafka-logs] Loading producer state till offset 0 (org.apache.kafka.storage.internals.log.UnifiedLog)
stream-state-bench-flink-kafka  | [2026-07-17 19:08:37,195] INFO Created log for partition __transaction_state-15 in /tmp/kafka-logs/__transaction_state-15 with properties {cleanup.policy=compact, compression.type="uncompressed", min.insync.replicas=1, segment.bytes=104857600, unclean.leader.election.enable=false} (kafka.log.LogManager)
stream-state-bench-flink-kafka  | [2026-07-17 19:08:37,195] INFO [Partition __transaction_state-15 broker=1] No checkpointed highwatermark is found for partition __transaction_state-15 (kafka.cluster.Partition)
stream-state-bench-flink-kafka  | [2026-07-17 19:08:37,195] INFO [Partition __transaction_state-15 broker=1] Log loaded for partition __transaction_state-15 with initial high watermark 0 (kafka.cluster.Partition)
stream-state-bench-flink-kafka  | [2026-07-17 19:08:37,205] INFO [LogLoader partition=__transaction_state-48, dir=/tmp/kafka-logs] Loading producer state till offset 0 (org.apache.kafka.storage.internals.log.UnifiedLog)
stream-state-bench-flink-kafka  | [2026-07-17 19:08:37,206] INFO Created log for partition __transaction_state-48 in /tmp/kafka-logs/__transaction_state-48 with properties {cleanup.policy=compact, compression.type="uncompressed", min.insync.replicas=1, segment.bytes=104857600, unclean.leader.election.enable=false} (kafka.log.LogManager)
stream-state-bench-flink-kafka  | [2026-07-17 19:08:37,206] INFO [Partition __transaction_state-48 broker=1] No checkpointed highwatermark is found for partition __transaction_state-48 (kafka.cluster.Partition)
stream-state-bench-flink-kafka  | [2026-07-17 19:08:37,206] INFO [Partition __transaction_state-48 broker=1] Log loaded for partition __transaction_state-48 with initial high watermark 0 (kafka.cluster.Partition)
stream-state-bench-flink-kafka  | [2026-07-17 19:08:37,214] INFO [LogLoader partition=__transaction_state-3, dir=/tmp/kafka-logs] Loading producer state till offset 0 (org.apache.kafka.storage.internals.log.UnifiedLog)
stream-state-bench-flink-kafka  | [2026-07-17 19:08:37,214] INFO Created log for partition __transaction_state-3 in /tmp/kafka-logs/__transaction_state-3 with properties {cleanup.policy=compact, compression.type="uncompressed", min.insync.replicas=1, segment.bytes=104857600, unclean.leader.election.enable=false} (kafka.log.LogManager)
stream-state-bench-flink-kafka  | [2026-07-17 19:08:37,214] INFO [Partition __transaction_state-3 broker=1] No checkpointed highwatermark is found for partition __transaction_state-3 (kafka.cluster.Partition)
stream-state-bench-flink-kafka  | [2026-07-17 19:08:37,214] INFO [Partition __transaction_state-3 broker=1] Log loaded for partition __transaction_state-3 with initial high watermark 0 (kafka.cluster.Partition)
stream-state-bench-flink-kafka  | [2026-07-17 19:08:37,220] INFO [LogLoader partition=__transaction_state-36, dir=/tmp/kafka-logs] Loading producer state till offset 0 (org.apache.kafka.storage.internals.log.UnifiedLog)
stream-state-bench-flink-kafka  | [2026-07-17 19:08:37,221] INFO Created log for partition __transaction_state-36 in /tmp/kafka-logs/__transaction_state-36 with properties {cleanup.policy=compact, compression.type="uncompressed", min.insync.replicas=1, segment.bytes=104857600, unclean.leader.election.enable=false} (kafka.log.LogManager)
stream-state-bench-flink-kafka  | [2026-07-17 19:08:37,221] INFO [Partition __transaction_state-36 broker=1] No checkpointed highwatermark is found for partition __transaction_state-36 (kafka.cluster.Partition)
stream-state-bench-flink-kafka  | [2026-07-17 19:08:37,221] INFO [Partition __transaction_state-36 broker=1] Log loaded for partition __transaction_state-36 with initial high watermark 0 (kafka.cluster.Partition)
stream-state-bench-flink-kafka  | [2026-07-17 19:08:37,227] INFO [LogLoader partition=__transaction_state-7, dir=/tmp/kafka-logs] Loading producer state till offset 0 (org.apache.kafka.storage.internals.log.UnifiedLog)
stream-state-bench-flink-kafka  | [2026-07-17 19:08:37,228] INFO Created log for partition __transaction_state-7 in /tmp/kafka-logs/__transaction_state-7 with properties {cleanup.policy=compact, compression.type="uncompressed", min.insync.replicas=1, segment.bytes=104857600, unclean.leader.election.enable=false} (kafka.log.LogManager)
stream-state-bench-flink-kafka  | [2026-07-17 19:08:37,228] INFO [Partition __transaction_state-7 broker=1] No checkpointed highwatermark is found for partition __transaction_state-7 (kafka.cluster.Partition)
stream-state-bench-flink-kafka  | [2026-07-17 19:08:37,228] INFO [Partition __transaction_state-7 broker=1] Log loaded for partition __transaction_state-7 with initial high watermark 0 (kafka.cluster.Partition)
stream-state-bench-flink-kafka  | [2026-07-17 19:08:37,234] INFO [LogLoader partition=__transaction_state-40, dir=/tmp/kafka-logs] Loading producer state till offset 0 (org.apache.kafka.storage.internals.log.UnifiedLog)
stream-state-bench-flink-kafka  | [2026-07-17 19:08:37,234] INFO Created log for partition __transaction_state-40 in /tmp/kafka-logs/__transaction_state-40 with properties {cleanup.policy=compact, compression.type="uncompressed", min.insync.replicas=1, segment.bytes=104857600, unclean.leader.election.enable=false} (kafka.log.LogManager)
stream-state-bench-flink-kafka  | [2026-07-17 19:08:37,234] INFO [Partition __transaction_state-40 broker=1] No checkpointed highwatermark is found for partition __transaction_state-40 (kafka.cluster.Partition)
stream-state-bench-flink-kafka  | [2026-07-17 19:08:37,234] INFO [Partition __transaction_state-40 broker=1] Log loaded for partition __transaction_state-40 with initial high watermark 0 (kafka.cluster.Partition)
stream-state-bench-flink-kafka  | [2026-07-17 19:08:37,240] INFO [LogLoader partition=__transaction_state-28, dir=/tmp/kafka-logs] Loading producer state till offset 0 (org.apache.kafka.storage.internals.log.UnifiedLog)
stream-state-bench-flink-kafka  | [2026-07-17 19:08:37,241] INFO Created log for partition __transaction_state-28 in /tmp/kafka-logs/__transaction_state-28 with properties {cleanup.policy=compact, compression.type="uncompressed", min.insync.replicas=1, segment.bytes=104857600, unclean.leader.election.enable=false} (kafka.log.LogManager)
stream-state-bench-flink-kafka  | [2026-07-17 19:08:37,241] INFO [Partition __transaction_state-28 broker=1] No checkpointed highwatermark is found for partition __transaction_state-28 (kafka.cluster.Partition)
stream-state-bench-flink-kafka  | [2026-07-17 19:08:37,241] INFO [Partition __transaction_state-28 broker=1] Log loaded for partition __transaction_state-28 with initial high watermark 0 (kafka.cluster.Partition)
stream-state-bench-flink-kafka  | [2026-07-17 19:08:37,247] INFO [LogLoader partition=__transaction_state-32, dir=/tmp/kafka-logs] Loading producer state till offset 0 (org.apache.kafka.storage.internals.log.UnifiedLog)
stream-state-bench-flink-kafka  | [2026-07-17 19:08:37,248] INFO Created log for partition __transaction_state-32 in /tmp/kafka-logs/__transaction_state-32 with properties {cleanup.policy=compact, compression.type="uncompressed", min.insync.replicas=1, segment.bytes=104857600, unclean.leader.election.enable=false} (kafka.log.LogManager)
stream-state-bench-flink-kafka  | [2026-07-17 19:08:37,248] INFO [Partition __transaction_state-32 broker=1] No checkpointed highwatermark is found for partition __transaction_state-32 (kafka.cluster.Partition)
stream-state-bench-flink-kafka  | [2026-07-17 19:08:37,248] INFO [Partition __transaction_state-32 broker=1] Log loaded for partition __transaction_state-32 with initial high watermark 0 (kafka.cluster.Partition)
stream-state-bench-flink-kafka  | [2026-07-17 19:08:37,257] INFO [LogLoader partition=__transaction_state-20, dir=/tmp/kafka-logs] Loading producer state till offset 0 (org.apache.kafka.storage.internals.log.UnifiedLog)
stream-state-bench-flink-kafka  | [2026-07-17 19:08:37,257] INFO Created log for partition __transaction_state-20 in /tmp/kafka-logs/__transaction_state-20 with properties {cleanup.policy=compact, compression.type="uncompressed", min.insync.replicas=1, segment.bytes=104857600, unclean.leader.election.enable=false} (kafka.log.LogManager)
stream-state-bench-flink-kafka  | [2026-07-17 19:08:37,257] INFO [Partition __transaction_state-20 broker=1] No checkpointed highwatermark is found for partition __transaction_state-20 (kafka.cluster.Partition)
stream-state-bench-flink-kafka  | [2026-07-17 19:08:37,257] INFO [Partition __transaction_state-20 broker=1] Log loaded for partition __transaction_state-20 with initial high watermark 0 (kafka.cluster.Partition)
stream-state-bench-flink-kafka  | [2026-07-17 19:08:37,263] INFO [LogLoader partition=__transaction_state-24, dir=/tmp/kafka-logs] Loading producer state till offset 0 (org.apache.kafka.storage.internals.log.UnifiedLog)
stream-state-bench-flink-kafka  | [2026-07-17 19:08:37,264] INFO Created log for partition __transaction_state-24 in /tmp/kafka-logs/__transaction_state-24 with properties {cleanup.policy=compact, compression.type="uncompressed", min.insync.replicas=1, segment.bytes=104857600, unclean.leader.election.enable=false} (kafka.log.LogManager)
stream-state-bench-flink-kafka  | [2026-07-17 19:08:37,264] INFO [Partition __transaction_state-24 broker=1] No checkpointed highwatermark is found for partition __transaction_state-24 (kafka.cluster.Partition)
stream-state-bench-flink-kafka  | [2026-07-17 19:08:37,264] INFO [Partition __transaction_state-24 broker=1] Log loaded for partition __transaction_state-24 with initial high watermark 0 (kafka.cluster.Partition)
stream-state-bench-flink-kafka  | [2026-07-17 19:08:37,269] INFO [LogLoader partition=__transaction_state-10, dir=/tmp/kafka-logs] Loading producer state till offset 0 (org.apache.kafka.storage.internals.log.UnifiedLog)
stream-state-bench-flink-kafka  | [2026-07-17 19:08:37,270] INFO Created log for partition __transaction_state-10 in /tmp/kafka-logs/__transaction_state-10 with properties {cleanup.policy=compact, compression.type="uncompressed", min.insync.replicas=1, segment.bytes=104857600, unclean.leader.election.enable=false} (kafka.log.LogManager)
stream-state-bench-flink-kafka  | [2026-07-17 19:08:37,270] INFO [Partition __transaction_state-10 broker=1] No checkpointed highwatermark is found for partition __transaction_state-10 (kafka.cluster.Partition)
stream-state-bench-flink-kafka  | [2026-07-17 19:08:37,270] INFO [Partition __transaction_state-10 broker=1] Log loaded for partition __transaction_state-10 with initial high watermark 0 (kafka.cluster.Partition)
stream-state-bench-flink-kafka  | [2026-07-17 19:08:37,276] INFO [LogLoader partition=__transaction_state-43, dir=/tmp/kafka-logs] Loading producer state till offset 0 (org.apache.kafka.storage.internals.log.UnifiedLog)
stream-state-bench-flink-kafka  | [2026-07-17 19:08:37,284] INFO Created log for partition __transaction_state-43 in /tmp/kafka-logs/__transaction_state-43 with properties {cleanup.policy=compact, compression.type="uncompressed", min.insync.replicas=1, segment.bytes=104857600, unclean.leader.election.enable=false} (kafka.log.LogManager)
stream-state-bench-flink-kafka  | [2026-07-17 19:08:37,284] INFO [Partition __transaction_state-43 broker=1] No checkpointed highwatermark is found for partition __transaction_state-43 (kafka.cluster.Partition)
stream-state-bench-flink-kafka  | [2026-07-17 19:08:37,284] INFO [Partition __transaction_state-43 broker=1] Log loaded for partition __transaction_state-43 with initial high watermark 0 (kafka.cluster.Partition)
stream-state-bench-flink-kafka  | [2026-07-17 19:08:37,289] INFO [LogLoader partition=__transaction_state-14, dir=/tmp/kafka-logs] Loading producer state till offset 0 (org.apache.kafka.storage.internals.log.UnifiedLog)
stream-state-bench-flink-kafka  | [2026-07-17 19:08:37,290] INFO Created log for partition __transaction_state-14 in /tmp/kafka-logs/__transaction_state-14 with properties {cleanup.policy=compact, compression.type="uncompressed", min.insync.replicas=1, segment.bytes=104857600, unclean.leader.election.enable=false} (kafka.log.LogManager)
stream-state-bench-flink-kafka  | [2026-07-17 19:08:37,290] INFO [Partition __transaction_state-14 broker=1] No checkpointed highwatermark is found for partition __transaction_state-14 (kafka.cluster.Partition)
stream-state-bench-flink-kafka  | [2026-07-17 19:08:37,290] INFO [Partition __transaction_state-14 broker=1] Log loaded for partition __transaction_state-14 with initial high watermark 0 (kafka.cluster.Partition)
stream-state-bench-flink-kafka  | [2026-07-17 19:08:37,296] INFO [LogLoader partition=__transaction_state-47, dir=/tmp/kafka-logs] Loading producer state till offset 0 (org.apache.kafka.storage.internals.log.UnifiedLog)
stream-state-bench-flink-kafka  | [2026-07-17 19:08:37,297] INFO Created log for partition __transaction_state-47 in /tmp/kafka-logs/__transaction_state-47 with properties {cleanup.policy=compact, compression.type="uncompressed", min.insync.replicas=1, segment.bytes=104857600, unclean.leader.election.enable=false} (kafka.log.LogManager)
stream-state-bench-flink-kafka  | [2026-07-17 19:08:37,297] INFO [Partition __transaction_state-47 broker=1] No checkpointed highwatermark is found for partition __transaction_state-47 (kafka.cluster.Partition)
stream-state-bench-flink-kafka  | [2026-07-17 19:08:37,297] INFO [Partition __transaction_state-47 broker=1] Log loaded for partition __transaction_state-47 with initial high watermark 0 (kafka.cluster.Partition)
stream-state-bench-flink-kafka  | [2026-07-17 19:08:37,304] INFO [LogLoader partition=__transaction_state-2, dir=/tmp/kafka-logs] Loading producer state till offset 0 (org.apache.kafka.storage.internals.log.UnifiedLog)
stream-state-bench-flink-kafka  | [2026-07-17 19:08:37,305] INFO Created log for partition __transaction_state-2 in /tmp/kafka-logs/__transaction_state-2 with properties {cleanup.policy=compact, compression.type="uncompressed", min.insync.replicas=1, segment.bytes=104857600, unclean.leader.election.enable=false} (kafka.log.LogManager)
stream-state-bench-flink-kafka  | [2026-07-17 19:08:37,305] INFO [Partition __transaction_state-2 broker=1] No checkpointed highwatermark is found for partition __transaction_state-2 (kafka.cluster.Partition)
stream-state-bench-flink-kafka  | [2026-07-17 19:08:37,305] INFO [Partition __transaction_state-2 broker=1] Log loaded for partition __transaction_state-2 with initial high watermark 0 (kafka.cluster.Partition)
stream-state-bench-flink-kafka  | [2026-07-17 19:08:37,310] INFO [LogLoader partition=__transaction_state-35, dir=/tmp/kafka-logs] Loading producer state till offset 0 (org.apache.kafka.storage.internals.log.UnifiedLog)
stream-state-bench-flink-kafka  | [2026-07-17 19:08:37,311] INFO Created log for partition __transaction_state-35 in /tmp/kafka-logs/__transaction_state-35 with properties {cleanup.policy=compact, compression.type="uncompressed", min.insync.replicas=1, segment.bytes=104857600, unclean.leader.election.enable=false} (kafka.log.LogManager)
stream-state-bench-flink-kafka  | [2026-07-17 19:08:37,311] INFO [Partition __transaction_state-35 broker=1] No checkpointed highwatermark is found for partition __transaction_state-35 (kafka.cluster.Partition)
stream-state-bench-flink-kafka  | [2026-07-17 19:08:37,311] INFO [Partition __transaction_state-35 broker=1] Log loaded for partition __transaction_state-35 with initial high watermark 0 (kafka.cluster.Partition)
stream-state-bench-flink-kafka  | [2026-07-17 19:08:37,316] INFO [LogLoader partition=__transaction_state-6, dir=/tmp/kafka-logs] Loading producer state till offset 0 (org.apache.kafka.storage.internals.log.UnifiedLog)
stream-state-bench-flink-kafka  | [2026-07-17 19:08:37,316] INFO Created log for partition __transaction_state-6 in /tmp/kafka-logs/__transaction_state-6 with properties {cleanup.policy=compact, compression.type="uncompressed", min.insync.replicas=1, segment.bytes=104857600, unclean.leader.election.enable=false} (kafka.log.LogManager)
stream-state-bench-flink-kafka  | [2026-07-17 19:08:37,316] INFO [Partition __transaction_state-6 broker=1] No checkpointed highwatermark is found for partition __transaction_state-6 (kafka.cluster.Partition)
stream-state-bench-flink-kafka  | [2026-07-17 19:08:37,316] INFO [Partition __transaction_state-6 broker=1] Log loaded for partition __transaction_state-6 with initial high watermark 0 (kafka.cluster.Partition)
stream-state-bench-flink-kafka  | [2026-07-17 19:08:37,321] INFO [LogLoader partition=__transaction_state-39, dir=/tmp/kafka-logs] Loading producer state till offset 0 (org.apache.kafka.storage.internals.log.UnifiedLog)
stream-state-bench-flink-kafka  | [2026-07-17 19:08:37,322] INFO Created log for partition __transaction_state-39 in /tmp/kafka-logs/__transaction_state-39 with properties {cleanup.policy=compact, compression.type="uncompressed", min.insync.replicas=1, segment.bytes=104857600, unclean.leader.election.enable=false} (kafka.log.LogManager)
stream-state-bench-flink-kafka  | [2026-07-17 19:08:37,322] INFO [Partition __transaction_state-39 broker=1] No checkpointed highwatermark is found for partition __transaction_state-39 (kafka.cluster.Partition)
stream-state-bench-flink-kafka  | [2026-07-17 19:08:37,322] INFO [Partition __transaction_state-39 broker=1] Log loaded for partition __transaction_state-39 with initial high watermark 0 (kafka.cluster.Partition)
stream-state-bench-flink-kafka  | [2026-07-17 19:08:37,327] INFO [LogLoader partition=__transaction_state-27, dir=/tmp/kafka-logs] Loading producer state till offset 0 (org.apache.kafka.storage.internals.log.UnifiedLog)
stream-state-bench-flink-kafka  | [2026-07-17 19:08:37,327] INFO Created log for partition __transaction_state-27 in /tmp/kafka-logs/__transaction_state-27 with properties {cleanup.policy=compact, compression.type="uncompressed", min.insync.replicas=1, segment.bytes=104857600, unclean.leader.election.enable=false} (kafka.log.LogManager)
stream-state-bench-flink-kafka  | [2026-07-17 19:08:37,327] INFO [Partition __transaction_state-27 broker=1] No checkpointed highwatermark is found for partition __transaction_state-27 (kafka.cluster.Partition)
stream-state-bench-flink-kafka  | [2026-07-17 19:08:37,327] INFO [Partition __transaction_state-27 broker=1] Log loaded for partition __transaction_state-27 with initial high watermark 0 (kafka.cluster.Partition)
stream-state-bench-flink-kafka  | [2026-07-17 19:08:37,332] INFO [LogLoader partition=__transaction_state-31, dir=/tmp/kafka-logs] Loading producer state till offset 0 (org.apache.kafka.storage.internals.log.UnifiedLog)
stream-state-bench-flink-kafka  | [2026-07-17 19:08:37,332] INFO Created log for partition __transaction_state-31 in /tmp/kafka-logs/__transaction_state-31 with properties {cleanup.policy=compact, compression.type="uncompressed", min.insync.replicas=1, segment.bytes=104857600, unclean.leader.election.enable=false} (kafka.log.LogManager)
stream-state-bench-flink-kafka  | [2026-07-17 19:08:37,332] INFO [Partition __transaction_state-31 broker=1] No checkpointed highwatermark is found for partition __transaction_state-31 (kafka.cluster.Partition)
stream-state-bench-flink-kafka  | [2026-07-17 19:08:37,332] INFO [Partition __transaction_state-31 broker=1] Log loaded for partition __transaction_state-31 with initial high watermark 0 (kafka.cluster.Partition)
stream-state-bench-flink-kafka  | [2026-07-17 19:08:37,337] INFO [LogLoader partition=__transaction_state-19, dir=/tmp/kafka-logs] Loading producer state till offset 0 (org.apache.kafka.storage.internals.log.UnifiedLog)
stream-state-bench-flink-kafka  | [2026-07-17 19:08:37,338] INFO Created log for partition __transaction_state-19 in /tmp/kafka-logs/__transaction_state-19 with properties {cleanup.policy=compact, compression.type="uncompressed", min.insync.replicas=1, segment.bytes=104857600, unclean.leader.election.enable=false} (kafka.log.LogManager)
stream-state-bench-flink-kafka  | [2026-07-17 19:08:37,338] INFO [Partition __transaction_state-19 broker=1] No checkpointed highwatermark is found for partition __transaction_state-19 (kafka.cluster.Partition)
stream-state-bench-flink-kafka  | [2026-07-17 19:08:37,338] INFO [Partition __transaction_state-19 broker=1] Log loaded for partition __transaction_state-19 with initial high watermark 0 (kafka.cluster.Partition)
stream-state-bench-flink-kafka  | [2026-07-17 19:08:37,343] INFO [LogLoader partition=__transaction_state-23, dir=/tmp/kafka-logs] Loading producer state till offset 0 (org.apache.kafka.storage.internals.log.UnifiedLog)
stream-state-bench-flink-kafka  | [2026-07-17 19:08:37,344] INFO Created log for partition __transaction_state-23 in /tmp/kafka-logs/__transaction_state-23 with properties {cleanup.policy=compact, compression.type="uncompressed", min.insync.replicas=1, segment.bytes=104857600, unclean.leader.election.enable=false} (kafka.log.LogManager)
stream-state-bench-flink-kafka  | [2026-07-17 19:08:37,344] INFO [Partition __transaction_state-23 broker=1] No checkpointed highwatermark is found for partition __transaction_state-23 (kafka.cluster.Partition)
stream-state-bench-flink-kafka  | [2026-07-17 19:08:37,344] INFO [Partition __transaction_state-23 broker=1] Log loaded for partition __transaction_state-23 with initial high watermark 0 (kafka.cluster.Partition)
stream-state-bench-flink-kafka  | [2026-07-17 19:08:37,349] INFO [TransactionCoordinator id=1] Elected as the txn coordinator for partition 42 at epoch 0 (kafka.coordinator.transaction.TransactionCoordinator)
stream-state-bench-flink-kafka  | [2026-07-17 19:08:37,354] INFO [TransactionCoordinator id=1] Elected as the txn coordinator for partition 13 at epoch 0 (kafka.coordinator.transaction.TransactionCoordinator)
stream-state-bench-flink-kafka  | [2026-07-17 19:08:37,354] INFO [TransactionCoordinator id=1] Elected as the txn coordinator for partition 46 at epoch 0 (kafka.coordinator.transaction.TransactionCoordinator)
stream-state-bench-flink-kafka  | [2026-07-17 19:08:37,354] INFO [TransactionCoordinator id=1] Elected as the txn coordinator for partition 17 at epoch 0 (kafka.coordinator.transaction.TransactionCoordinator)
stream-state-bench-flink-kafka  | [2026-07-17 19:08:37,354] INFO [TransactionCoordinator id=1] Elected as the txn coordinator for partition 34 at epoch 0 (kafka.coordinator.transaction.TransactionCoordinator)
stream-state-bench-flink-kafka  | [2026-07-17 19:08:37,354] INFO [TransactionCoordinator id=1] Elected as the txn coordinator for partition 5 at epoch 0 (kafka.coordinator.transaction.TransactionCoordinator)
stream-state-bench-flink-kafka  | [2026-07-17 19:08:37,354] INFO [TransactionCoordinator id=1] Elected as the txn coordinator for partition 38 at epoch 0 (kafka.coordinator.transaction.TransactionCoordinator)
stream-state-bench-flink-kafka  | [2026-07-17 19:08:37,354] INFO [TransactionCoordinator id=1] Elected as the txn coordinator for partition 9 at epoch 0 (kafka.coordinator.transaction.TransactionCoordinator)
stream-state-bench-flink-kafka  | [2026-07-17 19:08:37,354] INFO [TransactionCoordinator id=1] Elected as the txn coordinator for partition 26 at epoch 0 (kafka.coordinator.transaction.TransactionCoordinator)
stream-state-bench-flink-kafka  | [2026-07-17 19:08:37,355] INFO [TransactionCoordinator id=1] Elected as the txn coordinator for partition 30 at epoch 0 (kafka.coordinator.transaction.TransactionCoordinator)
stream-state-bench-flink-kafka  | [2026-07-17 19:08:37,355] INFO [TransactionCoordinator id=1] Elected as the txn coordinator for partition 1 at epoch 0 (kafka.coordinator.transaction.TransactionCoordinator)
stream-state-bench-flink-kafka  | [2026-07-17 19:08:37,355] INFO [TransactionCoordinator id=1] Elected as the txn coordinator for partition 18 at epoch 0 (kafka.coordinator.transaction.TransactionCoordinator)
stream-state-bench-flink-kafka  | [2026-07-17 19:08:37,355] INFO [TransactionCoordinator id=1] Elected as the txn coordinator for partition 22 at epoch 0 (kafka.coordinator.transaction.TransactionCoordinator)
stream-state-bench-flink-kafka  | [2026-07-17 19:08:37,355] INFO [TransactionCoordinator id=1] Elected as the txn coordinator for partition 12 at epoch 0 (kafka.coordinator.transaction.TransactionCoordinator)
stream-state-bench-flink-kafka  | [2026-07-17 19:08:37,355] INFO [TransactionCoordinator id=1] Elected as the txn coordinator for partition 45 at epoch 0 (kafka.coordinator.transaction.TransactionCoordinator)
stream-state-bench-flink-kafka  | [2026-07-17 19:08:37,355] INFO [TransactionCoordinator id=1] Elected as the txn coordinator for partition 16 at epoch 0 (kafka.coordinator.transaction.TransactionCoordinator)
stream-state-bench-flink-kafka  | [2026-07-17 19:08:37,355] INFO [TransactionCoordinator id=1] Elected as the txn coordinator for partition 49 at epoch 0 (kafka.coordinator.transaction.TransactionCoordinator)
stream-state-bench-flink-kafka  | [2026-07-17 19:08:37,355] INFO [Transaction State Manager 1]: Loading transaction metadata from __transaction_state-42 at epoch 0 (kafka.coordinator.transaction.TransactionStateManager)
stream-state-bench-flink-kafka  | [2026-07-17 19:08:37,355] INFO [TransactionCoordinator id=1] Elected as the txn coordinator for partition 4 at epoch 0 (kafka.coordinator.transaction.TransactionCoordinator)
stream-state-bench-flink-kafka  | [2026-07-17 19:08:37,355] INFO [TransactionCoordinator id=1] Elected as the txn coordinator for partition 37 at epoch 0 (kafka.coordinator.transaction.TransactionCoordinator)
stream-state-bench-flink-kafka  | [2026-07-17 19:08:37,355] INFO [TransactionCoordinator id=1] Elected as the txn coordinator for partition 8 at epoch 0 (kafka.coordinator.transaction.TransactionCoordinator)
stream-state-bench-flink-kafka  | [2026-07-17 19:08:37,355] INFO [TransactionCoordinator id=1] Elected as the txn coordinator for partition 41 at epoch 0 (kafka.coordinator.transaction.TransactionCoordinator)
stream-state-bench-flink-kafka  | [2026-07-17 19:08:37,355] INFO [TransactionCoordinator id=1] Elected as the txn coordinator for partition 29 at epoch 0 (kafka.coordinator.transaction.TransactionCoordinator)
stream-state-bench-flink-kafka  | [2026-07-17 19:08:37,355] INFO [TransactionCoordinator id=1] Elected as the txn coordinator for partition 0 at epoch 0 (kafka.coordinator.transaction.TransactionCoordinator)
stream-state-bench-flink-kafka  | [2026-07-17 19:08:37,355] INFO [TransactionCoordinator id=1] Elected as the txn coordinator for partition 33 at epoch 0 (kafka.coordinator.transaction.TransactionCoordinator)
stream-state-bench-flink-kafka  | [2026-07-17 19:08:37,355] INFO [TransactionCoordinator id=1] Elected as the txn coordinator for partition 21 at epoch 0 (kafka.coordinator.transaction.TransactionCoordinator)
stream-state-bench-flink-kafka  | [2026-07-17 19:08:37,355] INFO [TransactionCoordinator id=1] Elected as the txn coordinator for partition 25 at epoch 0 (kafka.coordinator.transaction.TransactionCoordinator)
stream-state-bench-flink-kafka  | [2026-07-17 19:08:37,355] INFO [TransactionCoordinator id=1] Elected as the txn coordinator for partition 11 at epoch 0 (kafka.coordinator.transaction.TransactionCoordinator)
stream-state-bench-flink-kafka  | [2026-07-17 19:08:37,355] INFO [TransactionCoordinator id=1] Elected as the txn coordinator for partition 44 at epoch 0 (kafka.coordinator.transaction.TransactionCoordinator)
stream-state-bench-flink-kafka  | [2026-07-17 19:08:37,356] INFO [TransactionCoordinator id=1] Elected as the txn coordinator for partition 15 at epoch 0 (kafka.coordinator.transaction.TransactionCoordinator)
stream-state-bench-flink-kafka  | [2026-07-17 19:08:37,356] INFO [TransactionCoordinator id=1] Elected as the txn coordinator for partition 48 at epoch 0 (kafka.coordinator.transaction.TransactionCoordinator)
stream-state-bench-flink-kafka  | [2026-07-17 19:08:37,356] INFO [TransactionCoordinator id=1] Elected as the txn coordinator for partition 3 at epoch 0 (kafka.coordinator.transaction.TransactionCoordinator)
stream-state-bench-flink-kafka  | [2026-07-17 19:08:37,356] INFO [TransactionCoordinator id=1] Elected as the txn coordinator for partition 36 at epoch 0 (kafka.coordinator.transaction.TransactionCoordinator)
stream-state-bench-flink-kafka  | [2026-07-17 19:08:37,356] INFO [TransactionCoordinator id=1] Elected as the txn coordinator for partition 7 at epoch 0 (kafka.coordinator.transaction.TransactionCoordinator)
stream-state-bench-flink-kafka  | [2026-07-17 19:08:37,356] INFO [TransactionCoordinator id=1] Elected as the txn coordinator for partition 40 at epoch 0 (kafka.coordinator.transaction.TransactionCoordinator)
stream-state-bench-flink-kafka  | [2026-07-17 19:08:37,356] INFO [TransactionCoordinator id=1] Elected as the txn coordinator for partition 28 at epoch 0 (kafka.coordinator.transaction.TransactionCoordinator)
stream-state-bench-flink-kafka  | [2026-07-17 19:08:37,356] INFO [TransactionCoordinator id=1] Elected as the txn coordinator for partition 32 at epoch 0 (kafka.coordinator.transaction.TransactionCoordinator)
stream-state-bench-flink-kafka  | [2026-07-17 19:08:37,356] INFO [TransactionCoordinator id=1] Elected as the txn coordinator for partition 20 at epoch 0 (kafka.coordinator.transaction.TransactionCoordinator)
stream-state-bench-flink-kafka  | [2026-07-17 19:08:37,356] INFO [TransactionCoordinator id=1] Elected as the txn coordinator for partition 24 at epoch 0 (kafka.coordinator.transaction.TransactionCoordinator)
stream-state-bench-flink-kafka  | [2026-07-17 19:08:37,356] INFO [TransactionCoordinator id=1] Elected as the txn coordinator for partition 10 at epoch 0 (kafka.coordinator.transaction.TransactionCoordinator)
stream-state-bench-flink-kafka  | [2026-07-17 19:08:37,356] INFO [TransactionCoordinator id=1] Elected as the txn coordinator for partition 43 at epoch 0 (kafka.coordinator.transaction.TransactionCoordinator)
stream-state-bench-flink-kafka  | [2026-07-17 19:08:37,356] INFO [TransactionCoordinator id=1] Elected as the txn coordinator for partition 14 at epoch 0 (kafka.coordinator.transaction.TransactionCoordinator)
stream-state-bench-flink-kafka  | [2026-07-17 19:08:37,356] INFO [TransactionCoordinator id=1] Elected as the txn coordinator for partition 47 at epoch 0 (kafka.coordinator.transaction.TransactionCoordinator)
stream-state-bench-flink-kafka  | [2026-07-17 19:08:37,356] INFO [TransactionCoordinator id=1] Elected as the txn coordinator for partition 2 at epoch 0 (kafka.coordinator.transaction.TransactionCoordinator)
stream-state-bench-flink-kafka  | [2026-07-17 19:08:37,356] INFO [TransactionCoordinator id=1] Elected as the txn coordinator for partition 35 at epoch 0 (kafka.coordinator.transaction.TransactionCoordinator)
stream-state-bench-flink-kafka  | [2026-07-17 19:08:37,356] INFO [TransactionCoordinator id=1] Elected as the txn coordinator for partition 6 at epoch 0 (kafka.coordinator.transaction.TransactionCoordinator)
stream-state-bench-flink-kafka  | [2026-07-17 19:08:37,356] INFO [TransactionCoordinator id=1] Elected as the txn coordinator for partition 39 at epoch 0 (kafka.coordinator.transaction.TransactionCoordinator)
stream-state-bench-flink-kafka  | [2026-07-17 19:08:37,356] INFO [TransactionCoordinator id=1] Elected as the txn coordinator for partition 27 at epoch 0 (kafka.coordinator.transaction.TransactionCoordinator)
stream-state-bench-flink-kafka  | [2026-07-17 19:08:37,356] INFO [TransactionCoordinator id=1] Elected as the txn coordinator for partition 31 at epoch 0 (kafka.coordinator.transaction.TransactionCoordinator)
stream-state-bench-flink-kafka  | [2026-07-17 19:08:37,356] INFO [TransactionCoordinator id=1] Elected as the txn coordinator for partition 19 at epoch 0 (kafka.coordinator.transaction.TransactionCoordinator)
stream-state-bench-flink-kafka  | [2026-07-17 19:08:37,356] INFO [TransactionCoordinator id=1] Elected as the txn coordinator for partition 23 at epoch 0 (kafka.coordinator.transaction.TransactionCoordinator)
stream-state-bench-flink-kafka  | [2026-07-17 19:08:37,357] INFO [DynamicConfigPublisher broker id=1] Updating topic __transaction_state with new configuration : compression.type -> uncompressed,cleanup.policy -> compact,min.insync.replicas -> 1,segment.bytes -> 104857600,unclean.leader.election.enable -> false (kafka.server.metadata.DynamicConfigPublisher)
stream-state-bench-flink-kafka  | [2026-07-17 19:08:37,359] INFO [Transaction State Manager 1]: Finished loading 0 transaction metadata from __transaction_state-42 in 2 milliseconds, of which 1 milliseconds was spent in the scheduler. (kafka.coordinator.transaction.TransactionStateManager)
stream-state-bench-flink-kafka  | [2026-07-17 19:08:37,361] INFO [Transaction State Manager 1]: Completed loading transaction metadata from __transaction_state-42 for coordinator epoch 0 (kafka.coordinator.transaction.TransactionStateManager)
stream-state-bench-flink-kafka  | [2026-07-17 19:08:37,361] INFO [Transaction State Manager 1]: Loading transaction metadata from __transaction_state-13 at epoch 0 (kafka.coordinator.transaction.TransactionStateManager)
stream-state-bench-flink-kafka  | [2026-07-17 19:08:37,361] INFO [Transaction State Manager 1]: Finished loading 0 transaction metadata from __transaction_state-13 in 7 milliseconds, of which 7 milliseconds was spent in the scheduler. (kafka.coordinator.transaction.TransactionStateManager)
stream-state-bench-flink-kafka  | [2026-07-17 19:08:37,361] INFO [Transaction State Manager 1]: Completed loading transaction metadata from __transaction_state-13 for coordinator epoch 0 (kafka.coordinator.transaction.TransactionStateManager)
stream-state-bench-flink-kafka  | [2026-07-17 19:08:37,361] INFO [Transaction State Manager 1]: Loading transaction metadata from __transaction_state-46 at epoch 0 (kafka.coordinator.transaction.TransactionStateManager)
stream-state-bench-flink-kafka  | [2026-07-17 19:08:37,361] INFO [Transaction State Manager 1]: Finished loading 0 transaction metadata from __transaction_state-46 in 7 milliseconds, of which 7 milliseconds was spent in the scheduler. (kafka.coordinator.transaction.TransactionStateManager)
stream-state-bench-flink-kafka  | [2026-07-17 19:08:37,361] INFO [Transaction State Manager 1]: Completed loading transaction metadata from __transaction_state-46 for coordinator epoch 0 (kafka.coordinator.transaction.TransactionStateManager)
stream-state-bench-flink-kafka  | [2026-07-17 19:08:37,362] INFO [Transaction State Manager 1]: Loading transaction metadata from __transaction_state-17 at epoch 0 (kafka.coordinator.transaction.TransactionStateManager)
stream-state-bench-flink-kafka  | [2026-07-17 19:08:37,362] INFO [Transaction State Manager 1]: Finished loading 0 transaction metadata from __transaction_state-17 in 8 milliseconds, of which 8 milliseconds was spent in the scheduler. (kafka.coordinator.transaction.TransactionStateManager)
stream-state-bench-flink-kafka  | [2026-07-17 19:08:37,362] INFO [Transaction State Manager 1]: Completed loading transaction metadata from __transaction_state-17 for coordinator epoch 0 (kafka.coordinator.transaction.TransactionStateManager)
stream-state-bench-flink-kafka  | [2026-07-17 19:08:37,362] INFO [Transaction State Manager 1]: Loading transaction metadata from __transaction_state-34 at epoch 0 (kafka.coordinator.transaction.TransactionStateManager)
stream-state-bench-flink-kafka  | [2026-07-17 19:08:37,362] INFO [Transaction State Manager 1]: Finished loading 0 transaction metadata from __transaction_state-34 in 8 milliseconds, of which 8 milliseconds was spent in the scheduler. (kafka.coordinator.transaction.TransactionStateManager)
stream-state-bench-flink-kafka  | [2026-07-17 19:08:37,362] INFO [Transaction State Manager 1]: Completed loading transaction metadata from __transaction_state-34 for coordinator epoch 0 (kafka.coordinator.transaction.TransactionStateManager)
stream-state-bench-flink-kafka  | [2026-07-17 19:08:37,362] INFO [Transaction State Manager 1]: Loading transaction metadata from __transaction_state-5 at epoch 0 (kafka.coordinator.transaction.TransactionStateManager)
stream-state-bench-flink-kafka  | [2026-07-17 19:08:37,362] INFO [Transaction State Manager 1]: Finished loading 0 transaction metadata from __transaction_state-5 in 8 milliseconds, of which 8 milliseconds was spent in the scheduler. (kafka.coordinator.transaction.TransactionStateManager)
stream-state-bench-flink-kafka  | [2026-07-17 19:08:37,362] INFO [Transaction State Manager 1]: Completed loading transaction metadata from __transaction_state-5 for coordinator epoch 0 (kafka.coordinator.transaction.TransactionStateManager)
stream-state-bench-flink-kafka  | [2026-07-17 19:08:37,362] INFO [Transaction State Manager 1]: Loading transaction metadata from __transaction_state-38 at epoch 0 (kafka.coordinator.transaction.TransactionStateManager)
stream-state-bench-flink-kafka  | [2026-07-17 19:08:37,362] INFO [Transaction State Manager 1]: Finished loading 0 transaction metadata from __transaction_state-38 in 8 milliseconds, of which 8 milliseconds was spent in the scheduler. (kafka.coordinator.transaction.TransactionStateManager)
stream-state-bench-flink-kafka  | [2026-07-17 19:08:37,362] INFO [Transaction State Manager 1]: Completed loading transaction metadata from __transaction_state-38 for coordinator epoch 0 (kafka.coordinator.transaction.TransactionStateManager)
stream-state-bench-flink-kafka  | [2026-07-17 19:08:37,362] INFO [Transaction State Manager 1]: Loading transaction metadata from __transaction_state-9 at epoch 0 (kafka.coordinator.transaction.TransactionStateManager)
stream-state-bench-flink-kafka  | [2026-07-17 19:08:37,362] INFO [Transaction State Manager 1]: Finished loading 0 transaction metadata from __transaction_state-9 in 8 milliseconds, of which 8 milliseconds was spent in the scheduler. (kafka.coordinator.transaction.TransactionStateManager)
stream-state-bench-flink-kafka  | [2026-07-17 19:08:37,362] INFO [Transaction State Manager 1]: Completed loading transaction metadata from __transaction_state-9 for coordinator epoch 0 (kafka.coordinator.transaction.TransactionStateManager)
stream-state-bench-flink-kafka  | [2026-07-17 19:08:37,362] INFO [Transaction State Manager 1]: Loading transaction metadata from __transaction_state-26 at epoch 0 (kafka.coordinator.transaction.TransactionStateManager)
stream-state-bench-flink-kafka  | [2026-07-17 19:08:37,362] INFO [Transaction State Manager 1]: Finished loading 0 transaction metadata from __transaction_state-26 in 8 milliseconds, of which 8 milliseconds was spent in the scheduler. (kafka.coordinator.transaction.TransactionStateManager)
stream-state-bench-flink-kafka  | [2026-07-17 19:08:37,362] INFO [Transaction State Manager 1]: Completed loading transaction metadata from __transaction_state-26 for coordinator epoch 0 (kafka.coordinator.transaction.TransactionStateManager)
stream-state-bench-flink-kafka  | [2026-07-17 19:08:37,362] INFO [Transaction State Manager 1]: Loading transaction metadata from __transaction_state-30 at epoch 0 (kafka.coordinator.transaction.TransactionStateManager)
stream-state-bench-flink-kafka  | [2026-07-17 19:08:37,362] INFO [Transaction State Manager 1]: Finished loading 0 transaction metadata from __transaction_state-30 in 7 milliseconds, of which 7 milliseconds was spent in the scheduler. (kafka.coordinator.transaction.TransactionStateManager)
stream-state-bench-flink-kafka  | [2026-07-17 19:08:37,362] INFO [Transaction State Manager 1]: Completed loading transaction metadata from __transaction_state-30 for coordinator epoch 0 (kafka.coordinator.transaction.TransactionStateManager)
stream-state-bench-flink-kafka  | [2026-07-17 19:08:37,362] INFO [Transaction State Manager 1]: Loading transaction metadata from __transaction_state-1 at epoch 0 (kafka.coordinator.transaction.TransactionStateManager)
stream-state-bench-flink-kafka  | [2026-07-17 19:08:37,362] INFO [Transaction State Manager 1]: Finished loading 0 transaction metadata from __transaction_state-1 in 7 milliseconds, of which 7 milliseconds was spent in the scheduler. (kafka.coordinator.transaction.TransactionStateManager)
stream-state-bench-flink-kafka  | [2026-07-17 19:08:37,362] INFO [Transaction State Manager 1]: Completed loading transaction metadata from __transaction_state-1 for coordinator epoch 0 (kafka.coordinator.transaction.TransactionStateManager)
stream-state-bench-flink-kafka  | [2026-07-17 19:08:37,362] INFO [Transaction State Manager 1]: Loading transaction metadata from __transaction_state-18 at epoch 0 (kafka.coordinator.transaction.TransactionStateManager)
stream-state-bench-flink-kafka  | [2026-07-17 19:08:37,362] INFO [Transaction State Manager 1]: Finished loading 0 transaction metadata from __transaction_state-18 in 7 milliseconds, of which 7 milliseconds was spent in the scheduler. (kafka.coordinator.transaction.TransactionStateManager)
stream-state-bench-flink-kafka  | [2026-07-17 19:08:37,362] INFO [Transaction State Manager 1]: Completed loading transaction metadata from __transaction_state-18 for coordinator epoch 0 (kafka.coordinator.transaction.TransactionStateManager)
stream-state-bench-flink-kafka  | [2026-07-17 19:08:37,362] INFO [Transaction State Manager 1]: Loading transaction metadata from __transaction_state-22 at epoch 0 (kafka.coordinator.transaction.TransactionStateManager)
stream-state-bench-flink-kafka  | [2026-07-17 19:08:37,362] INFO [Transaction State Manager 1]: Finished loading 0 transaction metadata from __transaction_state-22 in 7 milliseconds, of which 7 milliseconds was spent in the scheduler. (kafka.coordinator.transaction.TransactionStateManager)
stream-state-bench-flink-kafka  | [2026-07-17 19:08:37,363] INFO [Transaction State Manager 1]: Completed loading transaction metadata from __transaction_state-22 for coordinator epoch 0 (kafka.coordinator.transaction.TransactionStateManager)
stream-state-bench-flink-kafka  | [2026-07-17 19:08:37,363] INFO [Transaction State Manager 1]: Loading transaction metadata from __transaction_state-12 at epoch 0 (kafka.coordinator.transaction.TransactionStateManager)
stream-state-bench-flink-kafka  | [2026-07-17 19:08:37,363] INFO [Transaction State Manager 1]: Finished loading 0 transaction metadata from __transaction_state-12 in 8 milliseconds, of which 8 milliseconds was spent in the scheduler. (kafka.coordinator.transaction.TransactionStateManager)
stream-state-bench-flink-kafka  | [2026-07-17 19:08:37,363] INFO [Transaction State Manager 1]: Completed loading transaction metadata from __transaction_state-12 for coordinator epoch 0 (kafka.coordinator.transaction.TransactionStateManager)
stream-state-bench-flink-kafka  | [2026-07-17 19:08:37,363] INFO [Transaction State Manager 1]: Loading transaction metadata from __transaction_state-45 at epoch 0 (kafka.coordinator.transaction.TransactionStateManager)
stream-state-bench-flink-kafka  | [2026-07-17 19:08:37,363] INFO [Transaction State Manager 1]: Finished loading 0 transaction metadata from __transaction_state-45 in 8 milliseconds, of which 8 milliseconds was spent in the scheduler. (kafka.coordinator.transaction.TransactionStateManager)
stream-state-bench-flink-kafka  | [2026-07-17 19:08:37,363] INFO [Transaction State Manager 1]: Completed loading transaction metadata from __transaction_state-45 for coordinator epoch 0 (kafka.coordinator.transaction.TransactionStateManager)
stream-state-bench-flink-kafka  | [2026-07-17 19:08:37,363] INFO [Transaction State Manager 1]: Loading transaction metadata from __transaction_state-16 at epoch 0 (kafka.coordinator.transaction.TransactionStateManager)
stream-state-bench-flink-kafka  | [2026-07-17 19:08:37,363] INFO [Transaction State Manager 1]: Finished loading 0 transaction metadata from __transaction_state-16 in 8 milliseconds, of which 8 milliseconds was spent in the scheduler. (kafka.coordinator.transaction.TransactionStateManager)
stream-state-bench-flink-kafka  | [2026-07-17 19:08:37,363] INFO [Transaction State Manager 1]: Completed loading transaction metadata from __transaction_state-16 for coordinator epoch 0 (kafka.coordinator.transaction.TransactionStateManager)
stream-state-bench-flink-kafka  | [2026-07-17 19:08:37,363] INFO [Transaction State Manager 1]: Loading transaction metadata from __transaction_state-49 at epoch 0 (kafka.coordinator.transaction.TransactionStateManager)
stream-state-bench-flink-kafka  | [2026-07-17 19:08:37,363] INFO [Transaction State Manager 1]: Finished loading 0 transaction metadata from __transaction_state-49 in 8 milliseconds, of which 8 milliseconds was spent in the scheduler. (kafka.coordinator.transaction.TransactionStateManager)
stream-state-bench-flink-kafka  | [2026-07-17 19:08:37,363] INFO [Transaction State Manager 1]: Completed loading transaction metadata from __transaction_state-49 for coordinator epoch 0 (kafka.coordinator.transaction.TransactionStateManager)
stream-state-bench-flink-kafka  | [2026-07-17 19:08:37,363] INFO [Transaction State Manager 1]: Loading transaction metadata from __transaction_state-4 at epoch 0 (kafka.coordinator.transaction.TransactionStateManager)
stream-state-bench-flink-kafka  | [2026-07-17 19:08:37,363] INFO [Transaction State Manager 1]: Finished loading 0 transaction metadata from __transaction_state-4 in 8 milliseconds, of which 8 milliseconds was spent in the scheduler. (kafka.coordinator.transaction.TransactionStateManager)
stream-state-bench-flink-kafka  | [2026-07-17 19:08:37,363] INFO [Transaction State Manager 1]: Completed loading transaction metadata from __transaction_state-4 for coordinator epoch 0 (kafka.coordinator.transaction.TransactionStateManager)
stream-state-bench-flink-kafka  | [2026-07-17 19:08:37,363] INFO [Transaction State Manager 1]: Loading transaction metadata from __transaction_state-37 at epoch 0 (kafka.coordinator.transaction.TransactionStateManager)
stream-state-bench-flink-kafka  | [2026-07-17 19:08:37,363] INFO [Transaction State Manager 1]: Finished loading 0 transaction metadata from __transaction_state-37 in 8 milliseconds, of which 8 milliseconds was spent in the scheduler. (kafka.coordinator.transaction.TransactionStateManager)
stream-state-bench-flink-kafka  | [2026-07-17 19:08:37,363] INFO [Transaction State Manager 1]: Completed loading transaction metadata from __transaction_state-37 for coordinator epoch 0 (kafka.coordinator.transaction.TransactionStateManager)
stream-state-bench-flink-kafka  | [2026-07-17 19:08:37,363] INFO [Transaction State Manager 1]: Loading transaction metadata from __transaction_state-8 at epoch 0 (kafka.coordinator.transaction.TransactionStateManager)
stream-state-bench-flink-kafka  | [2026-07-17 19:08:37,363] INFO [Transaction State Manager 1]: Finished loading 0 transaction metadata from __transaction_state-8 in 8 milliseconds, of which 8 milliseconds was spent in the scheduler. (kafka.coordinator.transaction.TransactionStateManager)
stream-state-bench-flink-kafka  | [2026-07-17 19:08:37,363] INFO [Transaction State Manager 1]: Completed loading transaction metadata from __transaction_state-8 for coordinator epoch 0 (kafka.coordinator.transaction.TransactionStateManager)
stream-state-bench-flink-kafka  | [2026-07-17 19:08:37,363] INFO [Transaction State Manager 1]: Loading transaction metadata from __transaction_state-41 at epoch 0 (kafka.coordinator.transaction.TransactionStateManager)
stream-state-bench-flink-kafka  | [2026-07-17 19:08:37,363] INFO [Transaction State Manager 1]: Finished loading 0 transaction metadata from __transaction_state-41 in 8 milliseconds, of which 8 milliseconds was spent in the scheduler. (kafka.coordinator.transaction.TransactionStateManager)
stream-state-bench-flink-kafka  | [2026-07-17 19:08:37,363] INFO [Transaction State Manager 1]: Completed loading transaction metadata from __transaction_state-41 for coordinator epoch 0 (kafka.coordinator.transaction.TransactionStateManager)
stream-state-bench-flink-kafka  | [2026-07-17 19:08:37,363] INFO [Transaction State Manager 1]: Loading transaction metadata from __transaction_state-29 at epoch 0 (kafka.coordinator.transaction.TransactionStateManager)
stream-state-bench-flink-kafka  | [2026-07-17 19:08:37,363] INFO [Transaction State Manager 1]: Finished loading 0 transaction metadata from __transaction_state-29 in 8 milliseconds, of which 8 milliseconds was spent in the scheduler. (kafka.coordinator.transaction.TransactionStateManager)
stream-state-bench-flink-kafka  | [2026-07-17 19:08:37,363] INFO [Transaction State Manager 1]: Completed loading transaction metadata from __transaction_state-29 for coordinator epoch 0 (kafka.coordinator.transaction.TransactionStateManager)
stream-state-bench-flink-kafka  | [2026-07-17 19:08:37,363] INFO [Transaction State Manager 1]: Loading transaction metadata from __transaction_state-0 at epoch 0 (kafka.coordinator.transaction.TransactionStateManager)
stream-state-bench-flink-kafka  | [2026-07-17 19:08:37,363] INFO [Transaction State Manager 1]: Finished loading 0 transaction metadata from __transaction_state-0 in 8 milliseconds, of which 8 milliseconds was spent in the scheduler. (kafka.coordinator.transaction.TransactionStateManager)
stream-state-bench-flink-kafka  | [2026-07-17 19:08:37,364] INFO [Transaction State Manager 1]: Completed loading transaction metadata from __transaction_state-0 for coordinator epoch 0 (kafka.coordinator.transaction.TransactionStateManager)
stream-state-bench-flink-kafka  | [2026-07-17 19:08:37,364] INFO [Transaction State Manager 1]: Loading transaction metadata from __transaction_state-33 at epoch 0 (kafka.coordinator.transaction.TransactionStateManager)
stream-state-bench-flink-kafka  | [2026-07-17 19:08:37,364] INFO [Transaction State Manager 1]: Finished loading 0 transaction metadata from __transaction_state-33 in 9 milliseconds, of which 9 milliseconds was spent in the scheduler. (kafka.coordinator.transaction.TransactionStateManager)
stream-state-bench-flink-kafka  | [2026-07-17 19:08:37,364] INFO [Transaction State Manager 1]: Completed loading transaction metadata from __transaction_state-33 for coordinator epoch 0 (kafka.coordinator.transaction.TransactionStateManager)
stream-state-bench-flink-kafka  | [2026-07-17 19:08:37,364] INFO [Transaction State Manager 1]: Loading transaction metadata from __transaction_state-21 at epoch 0 (kafka.coordinator.transaction.TransactionStateManager)
stream-state-bench-flink-kafka  | [2026-07-17 19:08:37,364] INFO [Transaction State Manager 1]: Finished loading 0 transaction metadata from __transaction_state-21 in 9 milliseconds, of which 9 milliseconds was spent in the scheduler. (kafka.coordinator.transaction.TransactionStateManager)
stream-state-bench-flink-kafka  | [2026-07-17 19:08:37,364] INFO [Transaction State Manager 1]: Completed loading transaction metadata from __transaction_state-21 for coordinator epoch 0 (kafka.coordinator.transaction.TransactionStateManager)
stream-state-bench-flink-kafka  | [2026-07-17 19:08:37,364] INFO [Transaction State Manager 1]: Loading transaction metadata from __transaction_state-25 at epoch 0 (kafka.coordinator.transaction.TransactionStateManager)
stream-state-bench-flink-kafka  | [2026-07-17 19:08:37,364] INFO [Transaction State Manager 1]: Finished loading 0 transaction metadata from __transaction_state-25 in 9 milliseconds, of which 9 milliseconds was spent in the scheduler. (kafka.coordinator.transaction.TransactionStateManager)
stream-state-bench-flink-kafka  | [2026-07-17 19:08:37,364] INFO [Transaction State Manager 1]: Completed loading transaction metadata from __transaction_state-25 for coordinator epoch 0 (kafka.coordinator.transaction.TransactionStateManager)
stream-state-bench-flink-kafka  | [2026-07-17 19:08:37,364] INFO [Transaction State Manager 1]: Loading transaction metadata from __transaction_state-11 at epoch 0 (kafka.coordinator.transaction.TransactionStateManager)
stream-state-bench-flink-kafka  | [2026-07-17 19:08:37,364] INFO [Transaction State Manager 1]: Finished loading 0 transaction metadata from __transaction_state-11 in 9 milliseconds, of which 9 milliseconds was spent in the scheduler. (kafka.coordinator.transaction.TransactionStateManager)
stream-state-bench-flink-kafka  | [2026-07-17 19:08:37,364] INFO [Transaction State Manager 1]: Completed loading transaction metadata from __transaction_state-11 for coordinator epoch 0 (kafka.coordinator.transaction.TransactionStateManager)
stream-state-bench-flink-kafka  | [2026-07-17 19:08:37,364] INFO [Transaction State Manager 1]: Loading transaction metadata from __transaction_state-44 at epoch 0 (kafka.coordinator.transaction.TransactionStateManager)
stream-state-bench-flink-kafka  | [2026-07-17 19:08:37,364] INFO [Transaction State Manager 1]: Finished loading 0 transaction metadata from __transaction_state-44 in 8 milliseconds, of which 8 milliseconds was spent in the scheduler. (kafka.coordinator.transaction.TransactionStateManager)
stream-state-bench-flink-kafka  | [2026-07-17 19:08:37,364] INFO [Transaction State Manager 1]: Completed loading transaction metadata from __transaction_state-44 for coordinator epoch 0 (kafka.coordinator.transaction.TransactionStateManager)
stream-state-bench-flink-kafka  | [2026-07-17 19:08:37,364] INFO [Transaction State Manager 1]: Loading transaction metadata from __transaction_state-15 at epoch 0 (kafka.coordinator.transaction.TransactionStateManager)
stream-state-bench-flink-kafka  | [2026-07-17 19:08:37,364] INFO [Transaction State Manager 1]: Finished loading 0 transaction metadata from __transaction_state-15 in 8 milliseconds, of which 8 milliseconds was spent in the scheduler. (kafka.coordinator.transaction.TransactionStateManager)
stream-state-bench-flink-kafka  | [2026-07-17 19:08:37,364] INFO [Transaction State Manager 1]: Completed loading transaction metadata from __transaction_state-15 for coordinator epoch 0 (kafka.coordinator.transaction.TransactionStateManager)
stream-state-bench-flink-kafka  | [2026-07-17 19:08:37,364] INFO [Transaction State Manager 1]: Loading transaction metadata from __transaction_state-48 at epoch 0 (kafka.coordinator.transaction.TransactionStateManager)
stream-state-bench-flink-kafka  | [2026-07-17 19:08:37,364] INFO [Transaction State Manager 1]: Finished loading 0 transaction metadata from __transaction_state-48 in 8 milliseconds, of which 8 milliseconds was spent in the scheduler. (kafka.coordinator.transaction.TransactionStateManager)
stream-state-bench-flink-kafka  | [2026-07-17 19:08:37,364] INFO [Transaction State Manager 1]: Completed loading transaction metadata from __transaction_state-48 for coordinator epoch 0 (kafka.coordinator.transaction.TransactionStateManager)
stream-state-bench-flink-kafka  | [2026-07-17 19:08:37,364] INFO [Transaction State Manager 1]: Loading transaction metadata from __transaction_state-3 at epoch 0 (kafka.coordinator.transaction.TransactionStateManager)
stream-state-bench-flink-kafka  | [2026-07-17 19:08:37,364] INFO [Transaction State Manager 1]: Finished loading 0 transaction metadata from __transaction_state-3 in 8 milliseconds, of which 8 milliseconds was spent in the scheduler. (kafka.coordinator.transaction.TransactionStateManager)
stream-state-bench-flink-kafka  | [2026-07-17 19:08:37,364] INFO [Transaction State Manager 1]: Completed loading transaction metadata from __transaction_state-3 for coordinator epoch 0 (kafka.coordinator.transaction.TransactionStateManager)
stream-state-bench-flink-kafka  | [2026-07-17 19:08:37,364] INFO [Transaction State Manager 1]: Loading transaction metadata from __transaction_state-36 at epoch 0 (kafka.coordinator.transaction.TransactionStateManager)
stream-state-bench-flink-kafka  | [2026-07-17 19:08:37,364] INFO [Transaction State Manager 1]: Finished loading 0 transaction metadata from __transaction_state-36 in 8 milliseconds, of which 8 milliseconds was spent in the scheduler. (kafka.coordinator.transaction.TransactionStateManager)
stream-state-bench-flink-kafka  | [2026-07-17 19:08:37,364] INFO [Transaction State Manager 1]: Completed loading transaction metadata from __transaction_state-36 for coordinator epoch 0 (kafka.coordinator.transaction.TransactionStateManager)
stream-state-bench-flink-kafka  | [2026-07-17 19:08:37,364] INFO [Transaction State Manager 1]: Loading transaction metadata from __transaction_state-7 at epoch 0 (kafka.coordinator.transaction.TransactionStateManager)
stream-state-bench-flink-kafka  | [2026-07-17 19:08:37,365] INFO [Transaction State Manager 1]: Finished loading 0 transaction metadata from __transaction_state-7 in 9 milliseconds, of which 8 milliseconds was spent in the scheduler. (kafka.coordinator.transaction.TransactionStateManager)
stream-state-bench-flink-kafka  | [2026-07-17 19:08:37,365] INFO [Transaction State Manager 1]: Completed loading transaction metadata from __transaction_state-7 for coordinator epoch 0 (kafka.coordinator.transaction.TransactionStateManager)
stream-state-bench-flink-kafka  | [2026-07-17 19:08:37,365] INFO [Transaction State Manager 1]: Loading transaction metadata from __transaction_state-40 at epoch 0 (kafka.coordinator.transaction.TransactionStateManager)
stream-state-bench-flink-kafka  | [2026-07-17 19:08:37,365] INFO [Transaction State Manager 1]: Finished loading 0 transaction metadata from __transaction_state-40 in 9 milliseconds, of which 9 milliseconds was spent in the scheduler. (kafka.coordinator.transaction.TransactionStateManager)
stream-state-bench-flink-kafka  | [2026-07-17 19:08:37,365] INFO [Transaction State Manager 1]: Completed loading transaction metadata from __transaction_state-40 for coordinator epoch 0 (kafka.coordinator.transaction.TransactionStateManager)
stream-state-bench-flink-kafka  | [2026-07-17 19:08:37,365] INFO [Transaction State Manager 1]: Loading transaction metadata from __transaction_state-28 at epoch 0 (kafka.coordinator.transaction.TransactionStateManager)
stream-state-bench-flink-kafka  | [2026-07-17 19:08:37,365] INFO [Transaction State Manager 1]: Finished loading 0 transaction metadata from __transaction_state-28 in 9 milliseconds, of which 9 milliseconds was spent in the scheduler. (kafka.coordinator.transaction.TransactionStateManager)
stream-state-bench-flink-kafka  | [2026-07-17 19:08:37,365] INFO [Transaction State Manager 1]: Completed loading transaction metadata from __transaction_state-28 for coordinator epoch 0 (kafka.coordinator.transaction.TransactionStateManager)
stream-state-bench-flink-kafka  | [2026-07-17 19:08:37,365] INFO [Transaction State Manager 1]: Loading transaction metadata from __transaction_state-32 at epoch 0 (kafka.coordinator.transaction.TransactionStateManager)
stream-state-bench-flink-kafka  | [2026-07-17 19:08:37,365] INFO [Transaction State Manager 1]: Finished loading 0 transaction metadata from __transaction_state-32 in 9 milliseconds, of which 9 milliseconds was spent in the scheduler. (kafka.coordinator.transaction.TransactionStateManager)
stream-state-bench-flink-kafka  | [2026-07-17 19:08:37,365] INFO [Transaction State Manager 1]: Completed loading transaction metadata from __transaction_state-32 for coordinator epoch 0 (kafka.coordinator.transaction.TransactionStateManager)
stream-state-bench-flink-kafka  | [2026-07-17 19:08:37,365] INFO [Transaction State Manager 1]: Loading transaction metadata from __transaction_state-20 at epoch 0 (kafka.coordinator.transaction.TransactionStateManager)
stream-state-bench-flink-kafka  | [2026-07-17 19:08:37,365] INFO [Transaction State Manager 1]: Finished loading 0 transaction metadata from __transaction_state-20 in 9 milliseconds, of which 9 milliseconds was spent in the scheduler. (kafka.coordinator.transaction.TransactionStateManager)
stream-state-bench-flink-kafka  | [2026-07-17 19:08:37,365] INFO [Transaction State Manager 1]: Completed loading transaction metadata from __transaction_state-20 for coordinator epoch 0 (kafka.coordinator.transaction.TransactionStateManager)
stream-state-bench-flink-kafka  | [2026-07-17 19:08:37,365] INFO [Transaction State Manager 1]: Loading transaction metadata from __transaction_state-24 at epoch 0 (kafka.coordinator.transaction.TransactionStateManager)
stream-state-bench-flink-kafka  | [2026-07-17 19:08:37,365] INFO [Transaction State Manager 1]: Finished loading 0 transaction metadata from __transaction_state-24 in 9 milliseconds, of which 9 milliseconds was spent in the scheduler. (kafka.coordinator.transaction.TransactionStateManager)
stream-state-bench-flink-kafka  | [2026-07-17 19:08:37,365] INFO [Transaction State Manager 1]: Completed loading transaction metadata from __transaction_state-24 for coordinator epoch 0 (kafka.coordinator.transaction.TransactionStateManager)
stream-state-bench-flink-kafka  | [2026-07-17 19:08:37,365] INFO [Transaction State Manager 1]: Loading transaction metadata from __transaction_state-10 at epoch 0 (kafka.coordinator.transaction.TransactionStateManager)
stream-state-bench-flink-kafka  | [2026-07-17 19:08:37,365] INFO [Transaction State Manager 1]: Finished loading 0 transaction metadata from __transaction_state-10 in 9 milliseconds, of which 9 milliseconds was spent in the scheduler. (kafka.coordinator.transaction.TransactionStateManager)
stream-state-bench-flink-kafka  | [2026-07-17 19:08:37,365] INFO [Transaction State Manager 1]: Completed loading transaction metadata from __transaction_state-10 for coordinator epoch 0 (kafka.coordinator.transaction.TransactionStateManager)
stream-state-bench-flink-kafka  | [2026-07-17 19:08:37,365] INFO [Transaction State Manager 1]: Loading transaction metadata from __transaction_state-43 at epoch 0 (kafka.coordinator.transaction.TransactionStateManager)
stream-state-bench-flink-kafka  | [2026-07-17 19:08:37,365] INFO [Transaction State Manager 1]: Finished loading 0 transaction metadata from __transaction_state-43 in 9 milliseconds, of which 9 milliseconds was spent in the scheduler. (kafka.coordinator.transaction.TransactionStateManager)
stream-state-bench-flink-kafka  | [2026-07-17 19:08:37,365] INFO [Transaction State Manager 1]: Completed loading transaction metadata from __transaction_state-43 for coordinator epoch 0 (kafka.coordinator.transaction.TransactionStateManager)
stream-state-bench-flink-kafka  | [2026-07-17 19:08:37,365] INFO [Transaction State Manager 1]: Loading transaction metadata from __transaction_state-14 at epoch 0 (kafka.coordinator.transaction.TransactionStateManager)
stream-state-bench-flink-kafka  | [2026-07-17 19:08:37,365] INFO [Transaction State Manager 1]: Finished loading 0 transaction metadata from __transaction_state-14 in 9 milliseconds, of which 9 milliseconds was spent in the scheduler. (kafka.coordinator.transaction.TransactionStateManager)
stream-state-bench-flink-kafka  | [2026-07-17 19:08:37,366] INFO [Transaction State Manager 1]: Completed loading transaction metadata from __transaction_state-14 for coordinator epoch 0 (kafka.coordinator.transaction.TransactionStateManager)
stream-state-bench-flink-kafka  | [2026-07-17 19:08:37,366] INFO [Transaction State Manager 1]: Loading transaction metadata from __transaction_state-47 at epoch 0 (kafka.coordinator.transaction.TransactionStateManager)
stream-state-bench-flink-kafka  | [2026-07-17 19:08:37,366] INFO [Transaction State Manager 1]: Finished loading 0 transaction metadata from __transaction_state-47 in 10 milliseconds, of which 10 milliseconds was spent in the scheduler. (kafka.coordinator.transaction.TransactionStateManager)
stream-state-bench-flink-kafka  | [2026-07-17 19:08:37,366] INFO [Transaction State Manager 1]: Completed loading transaction metadata from __transaction_state-47 for coordinator epoch 0 (kafka.coordinator.transaction.TransactionStateManager)
stream-state-bench-flink-kafka  | [2026-07-17 19:08:37,366] INFO [Transaction State Manager 1]: Loading transaction metadata from __transaction_state-2 at epoch 0 (kafka.coordinator.transaction.TransactionStateManager)
stream-state-bench-flink-kafka  | [2026-07-17 19:08:37,366] INFO [Transaction State Manager 1]: Finished loading 0 transaction metadata from __transaction_state-2 in 10 milliseconds, of which 10 milliseconds was spent in the scheduler. (kafka.coordinator.transaction.TransactionStateManager)
stream-state-bench-flink-kafka  | [2026-07-17 19:08:37,366] INFO [Transaction State Manager 1]: Completed loading transaction metadata from __transaction_state-2 for coordinator epoch 0 (kafka.coordinator.transaction.TransactionStateManager)
stream-state-bench-flink-kafka  | [2026-07-17 19:08:37,366] INFO [Transaction State Manager 1]: Loading transaction metadata from __transaction_state-35 at epoch 0 (kafka.coordinator.transaction.TransactionStateManager)
stream-state-bench-flink-kafka  | [2026-07-17 19:08:37,366] INFO [Transaction State Manager 1]: Finished loading 0 transaction metadata from __transaction_state-35 in 10 milliseconds, of which 10 milliseconds was spent in the scheduler. (kafka.coordinator.transaction.TransactionStateManager)
stream-state-bench-flink-kafka  | [2026-07-17 19:08:37,366] INFO [Transaction State Manager 1]: Completed loading transaction metadata from __transaction_state-35 for coordinator epoch 0 (kafka.coordinator.transaction.TransactionStateManager)
stream-state-bench-flink-kafka  | [2026-07-17 19:08:37,366] INFO [Transaction State Manager 1]: Loading transaction metadata from __transaction_state-6 at epoch 0 (kafka.coordinator.transaction.TransactionStateManager)
stream-state-bench-flink-kafka  | [2026-07-17 19:08:37,366] INFO [Transaction State Manager 1]: Finished loading 0 transaction metadata from __transaction_state-6 in 10 milliseconds, of which 10 milliseconds was spent in the scheduler. (kafka.coordinator.transaction.TransactionStateManager)
stream-state-bench-flink-kafka  | [2026-07-17 19:08:37,366] INFO [Transaction State Manager 1]: Completed loading transaction metadata from __transaction_state-6 for coordinator epoch 0 (kafka.coordinator.transaction.TransactionStateManager)
stream-state-bench-flink-kafka  | [2026-07-17 19:08:37,366] INFO [Transaction State Manager 1]: Loading transaction metadata from __transaction_state-39 at epoch 0 (kafka.coordinator.transaction.TransactionStateManager)
stream-state-bench-flink-kafka  | [2026-07-17 19:08:37,366] INFO [Transaction State Manager 1]: Finished loading 0 transaction metadata from __transaction_state-39 in 10 milliseconds, of which 10 milliseconds was spent in the scheduler. (kafka.coordinator.transaction.TransactionStateManager)
stream-state-bench-flink-kafka  | [2026-07-17 19:08:37,366] INFO [Transaction State Manager 1]: Completed loading transaction metadata from __transaction_state-39 for coordinator epoch 0 (kafka.coordinator.transaction.TransactionStateManager)
stream-state-bench-flink-kafka  | [2026-07-17 19:08:37,366] INFO [Transaction State Manager 1]: Loading transaction metadata from __transaction_state-27 at epoch 0 (kafka.coordinator.transaction.TransactionStateManager)
stream-state-bench-flink-kafka  | [2026-07-17 19:08:37,366] INFO [Transaction State Manager 1]: Finished loading 0 transaction metadata from __transaction_state-27 in 10 milliseconds, of which 10 milliseconds was spent in the scheduler. (kafka.coordinator.transaction.TransactionStateManager)
stream-state-bench-flink-kafka  | [2026-07-17 19:08:37,366] INFO [Transaction State Manager 1]: Completed loading transaction metadata from __transaction_state-27 for coordinator epoch 0 (kafka.coordinator.transaction.TransactionStateManager)
stream-state-bench-flink-kafka  | [2026-07-17 19:08:37,366] INFO [Transaction State Manager 1]: Loading transaction metadata from __transaction_state-31 at epoch 0 (kafka.coordinator.transaction.TransactionStateManager)
stream-state-bench-flink-kafka  | [2026-07-17 19:08:37,366] INFO [Transaction State Manager 1]: Finished loading 0 transaction metadata from __transaction_state-31 in 10 milliseconds, of which 10 milliseconds was spent in the scheduler. (kafka.coordinator.transaction.TransactionStateManager)
stream-state-bench-flink-kafka  | [2026-07-17 19:08:37,366] INFO [Transaction State Manager 1]: Completed loading transaction metadata from __transaction_state-31 for coordinator epoch 0 (kafka.coordinator.transaction.TransactionStateManager)
stream-state-bench-flink-kafka  | [2026-07-17 19:08:37,366] INFO [Transaction State Manager 1]: Loading transaction metadata from __transaction_state-19 at epoch 0 (kafka.coordinator.transaction.TransactionStateManager)
stream-state-bench-flink-kafka  | [2026-07-17 19:08:37,366] INFO [Transaction State Manager 1]: Finished loading 0 transaction metadata from __transaction_state-19 in 10 milliseconds, of which 10 milliseconds was spent in the scheduler. (kafka.coordinator.transaction.TransactionStateManager)
stream-state-bench-flink-kafka  | [2026-07-17 19:08:37,366] INFO [Transaction State Manager 1]: Completed loading transaction metadata from __transaction_state-19 for coordinator epoch 0 (kafka.coordinator.transaction.TransactionStateManager)
stream-state-bench-flink-kafka  | [2026-07-17 19:08:37,366] INFO [Transaction State Manager 1]: Loading transaction metadata from __transaction_state-23 at epoch 0 (kafka.coordinator.transaction.TransactionStateManager)
stream-state-bench-flink-kafka  | [2026-07-17 19:08:37,366] INFO [Transaction State Manager 1]: Finished loading 0 transaction metadata from __transaction_state-23 in 10 milliseconds, of which 10 milliseconds was spent in the scheduler. (kafka.coordinator.transaction.TransactionStateManager)
stream-state-bench-flink-kafka  | [2026-07-17 19:08:37,367] INFO [Transaction State Manager 1]: Completed loading transaction metadata from __transaction_state-23 for coordinator epoch 0 (kafka.coordinator.transaction.TransactionStateManager)
stream-state-bench-flink-kafka  | [2026-07-17 19:08:37,495] INFO [TransactionCoordinator id=1] Initialized transactionalId stream-state-bench-flink-w3-latency-tuning_checkpoint10s-0-1 with producerId 0 and producer epoch 0 on partition __transaction_state-4 (kafka.coordinator.transaction.TransactionCoordinator)
stream-state-bench-flink-kafka  | [2026-07-17 19:08:37,501] INFO [TransactionCoordinator id=1] Initialized transactionalId stream-state-bench-flink-w3-latency-tuning_checkpoint10s-0-1 with producerId 0 and producer epoch 1 on partition __transaction_state-4 (kafka.coordinator.transaction.TransactionCoordinator)
stream-state-bench-flink-kafka  | [2026-07-17 19:08:41,911] INFO [TransactionCoordinator id=1] Initialized transactionalId stream-state-bench-flink-w3-latency-tuning_checkpoint10s-0-2 with producerId 1 and producer epoch 0 on partition __transaction_state-3 (kafka.coordinator.transaction.TransactionCoordinator)
stream-state-bench-flink-kafka  | [2026-07-17 19:08:44,452] INFO Sent auto-creation request for Set(__consumer_offsets) to the active controller. (kafka.server.DefaultAutoTopicCreationManager)
stream-state-bench-flink-kafka  | [2026-07-17 19:08:44,483] INFO [ReplicaFetcherManager on broker 1] Removed fetcher for partitions Set(__consumer_offsets-13, __consumer_offsets-46, __consumer_offsets-9, __consumer_offsets-42, __consumer_offsets-21, __consumer_offsets-17, __consumer_offsets-30, __consumer_offsets-26, __consumer_offsets-5, __consumer_offsets-38, __consumer_offsets-1, __consumer_offsets-34, __consumer_offsets-16, __consumer_offsets-45, __consumer_offsets-12, __consumer_offsets-41, __consumer_offsets-24, __consumer_offsets-20, __consumer_offsets-49, __consumer_offsets-0, __consumer_offsets-29, __consumer_offsets-25, __consumer_offsets-8, __consumer_offsets-37, __consumer_offsets-4, __consumer_offsets-33, __consumer_offsets-15, __consumer_offsets-48, __consumer_offsets-11, __consumer_offsets-44, __consumer_offsets-23, __consumer_offsets-19, __consumer_offsets-32, __consumer_offsets-28, __consumer_offsets-7, __consumer_offsets-40, __consumer_offsets-3, __consumer_offsets-36, __consumer_offsets-47, __consumer_offsets-14, __consumer_offsets-43, __consumer_offsets-10, __consumer_offsets-22, __consumer_offsets-18, __consumer_offsets-31, __consumer_offsets-27, __consumer_offsets-39, __consumer_offsets-6, __consumer_offsets-35, __consumer_offsets-2) (kafka.server.ReplicaFetcherManager)
stream-state-bench-flink-kafka  | [2026-07-17 19:08:44,486] INFO [LogLoader partition=__consumer_offsets-13, dir=/tmp/kafka-logs] Loading producer state till offset 0 (org.apache.kafka.storage.internals.log.UnifiedLog)
stream-state-bench-flink-kafka  | [2026-07-17 19:08:44,487] INFO Created log for partition __consumer_offsets-13 in /tmp/kafka-logs/__consumer_offsets-13 with properties {cleanup.policy=compact, compression.type="producer", segment.bytes=104857600} (kafka.log.LogManager)
stream-state-bench-flink-kafka  | [2026-07-17 19:08:44,487] INFO [Partition __consumer_offsets-13 broker=1] No checkpointed highwatermark is found for partition __consumer_offsets-13 (kafka.cluster.Partition)
stream-state-bench-flink-kafka  | [2026-07-17 19:08:44,487] INFO [Partition __consumer_offsets-13 broker=1] Log loaded for partition __consumer_offsets-13 with initial high watermark 0 (kafka.cluster.Partition)
stream-state-bench-flink-kafka  | [2026-07-17 19:08:44,493] INFO [LogLoader partition=__consumer_offsets-46, dir=/tmp/kafka-logs] Loading producer state till offset 0 (org.apache.kafka.storage.internals.log.UnifiedLog)
stream-state-bench-flink-kafka  | [2026-07-17 19:08:44,493] INFO Created log for partition __consumer_offsets-46 in /tmp/kafka-logs/__consumer_offsets-46 with properties {cleanup.policy=compact, compression.type="producer", segment.bytes=104857600} (kafka.log.LogManager)
stream-state-bench-flink-kafka  | [2026-07-17 19:08:44,493] INFO [Partition __consumer_offsets-46 broker=1] No checkpointed highwatermark is found for partition __consumer_offsets-46 (kafka.cluster.Partition)
stream-state-bench-flink-kafka  | [2026-07-17 19:08:44,494] INFO [Partition __consumer_offsets-46 broker=1] Log loaded for partition __consumer_offsets-46 with initial high watermark 0 (kafka.cluster.Partition)
stream-state-bench-flink-kafka  | [2026-07-17 19:08:44,499] INFO [LogLoader partition=__consumer_offsets-9, dir=/tmp/kafka-logs] Loading producer state till offset 0 (org.apache.kafka.storage.internals.log.UnifiedLog)
stream-state-bench-flink-kafka  | [2026-07-17 19:08:44,500] INFO Created log for partition __consumer_offsets-9 in /tmp/kafka-logs/__consumer_offsets-9 with properties {cleanup.policy=compact, compression.type="producer", segment.bytes=104857600} (kafka.log.LogManager)
stream-state-bench-flink-kafka  | [2026-07-17 19:08:44,500] INFO [Partition __consumer_offsets-9 broker=1] No checkpointed highwatermark is found for partition __consumer_offsets-9 (kafka.cluster.Partition)
stream-state-bench-flink-kafka  | [2026-07-17 19:08:44,500] INFO [Partition __consumer_offsets-9 broker=1] Log loaded for partition __consumer_offsets-9 with initial high watermark 0 (kafka.cluster.Partition)
stream-state-bench-flink-kafka  | [2026-07-17 19:08:44,507] INFO [LogLoader partition=__consumer_offsets-42, dir=/tmp/kafka-logs] Loading producer state till offset 0 (org.apache.kafka.storage.internals.log.UnifiedLog)
stream-state-bench-flink-kafka  | [2026-07-17 19:08:44,507] INFO Created log for partition __consumer_offsets-42 in /tmp/kafka-logs/__consumer_offsets-42 with properties {cleanup.policy=compact, compression.type="producer", segment.bytes=104857600} (kafka.log.LogManager)
stream-state-bench-flink-kafka  | [2026-07-17 19:08:44,508] INFO [Partition __consumer_offsets-42 broker=1] No checkpointed highwatermark is found for partition __consumer_offsets-42 (kafka.cluster.Partition)
stream-state-bench-flink-kafka  | [2026-07-17 19:08:44,508] INFO [Partition __consumer_offsets-42 broker=1] Log loaded for partition __consumer_offsets-42 with initial high watermark 0 (kafka.cluster.Partition)
stream-state-bench-flink-kafka  | [2026-07-17 19:08:44,517] INFO [LogLoader partition=__consumer_offsets-21, dir=/tmp/kafka-logs] Loading producer state till offset 0 (org.apache.kafka.storage.internals.log.UnifiedLog)
stream-state-bench-flink-kafka  | [2026-07-17 19:08:44,518] INFO Created log for partition __consumer_offsets-21 in /tmp/kafka-logs/__consumer_offsets-21 with properties {cleanup.policy=compact, compression.type="producer", segment.bytes=104857600} (kafka.log.LogManager)
stream-state-bench-flink-kafka  | [2026-07-17 19:08:44,518] INFO [Partition __consumer_offsets-21 broker=1] No checkpointed highwatermark is found for partition __consumer_offsets-21 (kafka.cluster.Partition)
stream-state-bench-flink-kafka  | [2026-07-17 19:08:44,518] INFO [Partition __consumer_offsets-21 broker=1] Log loaded for partition __consumer_offsets-21 with initial high watermark 0 (kafka.cluster.Partition)
stream-state-bench-flink-kafka  | [2026-07-17 19:08:44,526] INFO [LogLoader partition=__consumer_offsets-17, dir=/tmp/kafka-logs] Loading producer state till offset 0 (org.apache.kafka.storage.internals.log.UnifiedLog)
stream-state-bench-flink-kafka  | [2026-07-17 19:08:44,527] INFO Created log for partition __consumer_offsets-17 in /tmp/kafka-logs/__consumer_offsets-17 with properties {cleanup.policy=compact, compression.type="producer", segment.bytes=104857600} (kafka.log.LogManager)
stream-state-bench-flink-kafka  | [2026-07-17 19:08:44,527] INFO [Partition __consumer_offsets-17 broker=1] No checkpointed highwatermark is found for partition __consumer_offsets-17 (kafka.cluster.Partition)
stream-state-bench-flink-kafka  | [2026-07-17 19:08:44,527] INFO [Partition __consumer_offsets-17 broker=1] Log loaded for partition __consumer_offsets-17 with initial high watermark 0 (kafka.cluster.Partition)
stream-state-bench-flink-kafka  | [2026-07-17 19:08:44,534] INFO [LogLoader partition=__consumer_offsets-30, dir=/tmp/kafka-logs] Loading producer state till offset 0 (org.apache.kafka.storage.internals.log.UnifiedLog)
stream-state-bench-flink-kafka  | [2026-07-17 19:08:44,534] INFO Created log for partition __consumer_offsets-30 in /tmp/kafka-logs/__consumer_offsets-30 with properties {cleanup.policy=compact, compression.type="producer", segment.bytes=104857600} (kafka.log.LogManager)
stream-state-bench-flink-kafka  | [2026-07-17 19:08:44,534] INFO [Partition __consumer_offsets-30 broker=1] No checkpointed highwatermark is found for partition __consumer_offsets-30 (kafka.cluster.Partition)
stream-state-bench-flink-kafka  | [2026-07-17 19:08:44,534] INFO [Partition __consumer_offsets-30 broker=1] Log loaded for partition __consumer_offsets-30 with initial high watermark 0 (kafka.cluster.Partition)
stream-state-bench-flink-kafka  | [2026-07-17 19:08:44,541] INFO [LogLoader partition=__consumer_offsets-26, dir=/tmp/kafka-logs] Loading producer state till offset 0 (org.apache.kafka.storage.internals.log.UnifiedLog)
stream-state-bench-flink-kafka  | [2026-07-17 19:08:44,542] INFO Created log for partition __consumer_offsets-26 in /tmp/kafka-logs/__consumer_offsets-26 with properties {cleanup.policy=compact, compression.type="producer", segment.bytes=104857600} (kafka.log.LogManager)
stream-state-bench-flink-kafka  | [2026-07-17 19:08:44,542] INFO [Partition __consumer_offsets-26 broker=1] No checkpointed highwatermark is found for partition __consumer_offsets-26 (kafka.cluster.Partition)
stream-state-bench-flink-kafka  | [2026-07-17 19:08:44,542] INFO [Partition __consumer_offsets-26 broker=1] Log loaded for partition __consumer_offsets-26 with initial high watermark 0 (kafka.cluster.Partition)
stream-state-bench-flink-kafka  | [2026-07-17 19:08:44,548] INFO [LogLoader partition=__consumer_offsets-5, dir=/tmp/kafka-logs] Loading producer state till offset 0 (org.apache.kafka.storage.internals.log.UnifiedLog)
stream-state-bench-flink-kafka  | [2026-07-17 19:08:44,549] INFO Created log for partition __consumer_offsets-5 in /tmp/kafka-logs/__consumer_offsets-5 with properties {cleanup.policy=compact, compression.type="producer", segment.bytes=104857600} (kafka.log.LogManager)
stream-state-bench-flink-kafka  | [2026-07-17 19:08:44,549] INFO [Partition __consumer_offsets-5 broker=1] No checkpointed highwatermark is found for partition __consumer_offsets-5 (kafka.cluster.Partition)
stream-state-bench-flink-kafka  | [2026-07-17 19:08:44,549] INFO [Partition __consumer_offsets-5 broker=1] Log loaded for partition __consumer_offsets-5 with initial high watermark 0 (kafka.cluster.Partition)
stream-state-bench-flink-kafka  | [2026-07-17 19:08:44,555] INFO [LogLoader partition=__consumer_offsets-38, dir=/tmp/kafka-logs] Loading producer state till offset 0 (org.apache.kafka.storage.internals.log.UnifiedLog)
stream-state-bench-flink-kafka  | [2026-07-17 19:08:44,556] INFO Created log for partition __consumer_offsets-38 in /tmp/kafka-logs/__consumer_offsets-38 with properties {cleanup.policy=compact, compression.type="producer", segment.bytes=104857600} (kafka.log.LogManager)
stream-state-bench-flink-kafka  | [2026-07-17 19:08:44,556] INFO [Partition __consumer_offsets-38 broker=1] No checkpointed highwatermark is found for partition __consumer_offsets-38 (kafka.cluster.Partition)
stream-state-bench-flink-kafka  | [2026-07-17 19:08:44,556] INFO [Partition __consumer_offsets-38 broker=1] Log loaded for partition __consumer_offsets-38 with initial high watermark 0 (kafka.cluster.Partition)
stream-state-bench-flink-kafka  | [2026-07-17 19:08:44,564] INFO [LogLoader partition=__consumer_offsets-1, dir=/tmp/kafka-logs] Loading producer state till offset 0 (org.apache.kafka.storage.internals.log.UnifiedLog)
stream-state-bench-flink-kafka  | [2026-07-17 19:08:44,565] INFO Created log for partition __consumer_offsets-1 in /tmp/kafka-logs/__consumer_offsets-1 with properties {cleanup.policy=compact, compression.type="producer", segment.bytes=104857600} (kafka.log.LogManager)
stream-state-bench-flink-kafka  | [2026-07-17 19:08:44,565] INFO [Partition __consumer_offsets-1 broker=1] No checkpointed highwatermark is found for partition __consumer_offsets-1 (kafka.cluster.Partition)
stream-state-bench-flink-kafka  | [2026-07-17 19:08:44,565] INFO [Partition __consumer_offsets-1 broker=1] Log loaded for partition __consumer_offsets-1 with initial high watermark 0 (kafka.cluster.Partition)
stream-state-bench-flink-kafka  | [2026-07-17 19:08:44,571] INFO [LogLoader partition=__consumer_offsets-34, dir=/tmp/kafka-logs] Loading producer state till offset 0 (org.apache.kafka.storage.internals.log.UnifiedLog)
stream-state-bench-flink-kafka  | [2026-07-17 19:08:44,572] INFO Created log for partition __consumer_offsets-34 in /tmp/kafka-logs/__consumer_offsets-34 with properties {cleanup.policy=compact, compression.type="producer", segment.bytes=104857600} (kafka.log.LogManager)
stream-state-bench-flink-kafka  | [2026-07-17 19:08:44,572] INFO [Partition __consumer_offsets-34 broker=1] No checkpointed highwatermark is found for partition __consumer_offsets-34 (kafka.cluster.Partition)
stream-state-bench-flink-kafka  | [2026-07-17 19:08:44,572] INFO [Partition __consumer_offsets-34 broker=1] Log loaded for partition __consumer_offsets-34 with initial high watermark 0 (kafka.cluster.Partition)
stream-state-bench-flink-kafka  | [2026-07-17 19:08:44,580] INFO [LogLoader partition=__consumer_offsets-16, dir=/tmp/kafka-logs] Loading producer state till offset 0 (org.apache.kafka.storage.internals.log.UnifiedLog)
stream-state-bench-flink-kafka  | [2026-07-17 19:08:44,580] INFO Created log for partition __consumer_offsets-16 in /tmp/kafka-logs/__consumer_offsets-16 with properties {cleanup.policy=compact, compression.type="producer", segment.bytes=104857600} (kafka.log.LogManager)
stream-state-bench-flink-kafka  | [2026-07-17 19:08:44,580] INFO [Partition __consumer_offsets-16 broker=1] No checkpointed highwatermark is found for partition __consumer_offsets-16 (kafka.cluster.Partition)
stream-state-bench-flink-kafka  | [2026-07-17 19:08:44,580] INFO [Partition __consumer_offsets-16 broker=1] Log loaded for partition __consumer_offsets-16 with initial high watermark 0 (kafka.cluster.Partition)
stream-state-bench-flink-kafka  | [2026-07-17 19:08:44,590] INFO [LogLoader partition=__consumer_offsets-45, dir=/tmp/kafka-logs] Loading producer state till offset 0 (org.apache.kafka.storage.internals.log.UnifiedLog)
stream-state-bench-flink-kafka  | [2026-07-17 19:08:44,590] INFO Created log for partition __consumer_offsets-45 in /tmp/kafka-logs/__consumer_offsets-45 with properties {cleanup.policy=compact, compression.type="producer", segment.bytes=104857600} (kafka.log.LogManager)
stream-state-bench-flink-kafka  | [2026-07-17 19:08:44,590] INFO [Partition __consumer_offsets-45 broker=1] No checkpointed highwatermark is found for partition __consumer_offsets-45 (kafka.cluster.Partition)
stream-state-bench-flink-kafka  | [2026-07-17 19:08:44,590] INFO [Partition __consumer_offsets-45 broker=1] Log loaded for partition __consumer_offsets-45 with initial high watermark 0 (kafka.cluster.Partition)
stream-state-bench-flink-kafka  | [2026-07-17 19:08:44,597] INFO [LogLoader partition=__consumer_offsets-12, dir=/tmp/kafka-logs] Loading producer state till offset 0 (org.apache.kafka.storage.internals.log.UnifiedLog)
stream-state-bench-flink-kafka  | [2026-07-17 19:08:44,598] INFO Created log for partition __consumer_offsets-12 in /tmp/kafka-logs/__consumer_offsets-12 with properties {cleanup.policy=compact, compression.type="producer", segment.bytes=104857600} (kafka.log.LogManager)
stream-state-bench-flink-kafka  | [2026-07-17 19:08:44,598] INFO [Partition __consumer_offsets-12 broker=1] No checkpointed highwatermark is found for partition __consumer_offsets-12 (kafka.cluster.Partition)
stream-state-bench-flink-kafka  | [2026-07-17 19:08:44,598] INFO [Partition __consumer_offsets-12 broker=1] Log loaded for partition __consumer_offsets-12 with initial high watermark 0 (kafka.cluster.Partition)
stream-state-bench-flink-kafka  | [2026-07-17 19:08:44,604] INFO [LogLoader partition=__consumer_offsets-41, dir=/tmp/kafka-logs] Loading producer state till offset 0 (org.apache.kafka.storage.internals.log.UnifiedLog)
stream-state-bench-flink-kafka  | [2026-07-17 19:08:44,605] INFO Created log for partition __consumer_offsets-41 in /tmp/kafka-logs/__consumer_offsets-41 with properties {cleanup.policy=compact, compression.type="producer", segment.bytes=104857600} (kafka.log.LogManager)
stream-state-bench-flink-kafka  | [2026-07-17 19:08:44,605] INFO [Partition __consumer_offsets-41 broker=1] No checkpointed highwatermark is found for partition __consumer_offsets-41 (kafka.cluster.Partition)
stream-state-bench-flink-kafka  | [2026-07-17 19:08:44,605] INFO [Partition __consumer_offsets-41 broker=1] Log loaded for partition __consumer_offsets-41 with initial high watermark 0 (kafka.cluster.Partition)
stream-state-bench-flink-kafka  | [2026-07-17 19:08:44,614] INFO [LogLoader partition=__consumer_offsets-24, dir=/tmp/kafka-logs] Loading producer state till offset 0 (org.apache.kafka.storage.internals.log.UnifiedLog)
stream-state-bench-flink-kafka  | [2026-07-17 19:08:44,614] INFO Created log for partition __consumer_offsets-24 in /tmp/kafka-logs/__consumer_offsets-24 with properties {cleanup.policy=compact, compression.type="producer", segment.bytes=104857600} (kafka.log.LogManager)
stream-state-bench-flink-kafka  | [2026-07-17 19:08:44,614] INFO [Partition __consumer_offsets-24 broker=1] No checkpointed highwatermark is found for partition __consumer_offsets-24 (kafka.cluster.Partition)
stream-state-bench-flink-kafka  | [2026-07-17 19:08:44,614] INFO [Partition __consumer_offsets-24 broker=1] Log loaded for partition __consumer_offsets-24 with initial high watermark 0 (kafka.cluster.Partition)
stream-state-bench-flink-kafka  | [2026-07-17 19:08:44,622] INFO [LogLoader partition=__consumer_offsets-20, dir=/tmp/kafka-logs] Loading producer state till offset 0 (org.apache.kafka.storage.internals.log.UnifiedLog)
stream-state-bench-flink-kafka  | [2026-07-17 19:08:44,623] INFO Created log for partition __consumer_offsets-20 in /tmp/kafka-logs/__consumer_offsets-20 with properties {cleanup.policy=compact, compression.type="producer", segment.bytes=104857600} (kafka.log.LogManager)
stream-state-bench-flink-kafka  | [2026-07-17 19:08:44,624] INFO [Partition __consumer_offsets-20 broker=1] No checkpointed highwatermark is found for partition __consumer_offsets-20 (kafka.cluster.Partition)
stream-state-bench-flink-kafka  | [2026-07-17 19:08:44,624] INFO [Partition __consumer_offsets-20 broker=1] Log loaded for partition __consumer_offsets-20 with initial high watermark 0 (kafka.cluster.Partition)
stream-state-bench-flink-kafka  | [2026-07-17 19:08:44,632] INFO [LogLoader partition=__consumer_offsets-49, dir=/tmp/kafka-logs] Loading producer state till offset 0 (org.apache.kafka.storage.internals.log.UnifiedLog)
stream-state-bench-flink-kafka  | [2026-07-17 19:08:44,633] INFO Created log for partition __consumer_offsets-49 in /tmp/kafka-logs/__consumer_offsets-49 with properties {cleanup.policy=compact, compression.type="producer", segment.bytes=104857600} (kafka.log.LogManager)
stream-state-bench-flink-kafka  | [2026-07-17 19:08:44,633] INFO [Partition __consumer_offsets-49 broker=1] No checkpointed highwatermark is found for partition __consumer_offsets-49 (kafka.cluster.Partition)
stream-state-bench-flink-kafka  | [2026-07-17 19:08:44,633] INFO [Partition __consumer_offsets-49 broker=1] Log loaded for partition __consumer_offsets-49 with initial high watermark 0 (kafka.cluster.Partition)
stream-state-bench-flink-kafka  | [2026-07-17 19:08:44,640] INFO [LogLoader partition=__consumer_offsets-0, dir=/tmp/kafka-logs] Loading producer state till offset 0 (org.apache.kafka.storage.internals.log.UnifiedLog)
stream-state-bench-flink-kafka  | [2026-07-17 19:08:44,640] INFO Created log for partition __consumer_offsets-0 in /tmp/kafka-logs/__consumer_offsets-0 with properties {cleanup.policy=compact, compression.type="producer", segment.bytes=104857600} (kafka.log.LogManager)
stream-state-bench-flink-kafka  | [2026-07-17 19:08:44,640] INFO [Partition __consumer_offsets-0 broker=1] No checkpointed highwatermark is found for partition __consumer_offsets-0 (kafka.cluster.Partition)
stream-state-bench-flink-kafka  | [2026-07-17 19:08:44,640] INFO [Partition __consumer_offsets-0 broker=1] Log loaded for partition __consumer_offsets-0 with initial high watermark 0 (kafka.cluster.Partition)
stream-state-bench-flink-kafka  | [2026-07-17 19:08:44,646] INFO [LogLoader partition=__consumer_offsets-29, dir=/tmp/kafka-logs] Loading producer state till offset 0 (org.apache.kafka.storage.internals.log.UnifiedLog)
stream-state-bench-flink-kafka  | [2026-07-17 19:08:44,647] INFO Created log for partition __consumer_offsets-29 in /tmp/kafka-logs/__consumer_offsets-29 with properties {cleanup.policy=compact, compression.type="producer", segment.bytes=104857600} (kafka.log.LogManager)
stream-state-bench-flink-kafka  | [2026-07-17 19:08:44,647] INFO [Partition __consumer_offsets-29 broker=1] No checkpointed highwatermark is found for partition __consumer_offsets-29 (kafka.cluster.Partition)
stream-state-bench-flink-kafka  | [2026-07-17 19:08:44,647] INFO [Partition __consumer_offsets-29 broker=1] Log loaded for partition __consumer_offsets-29 with initial high watermark 0 (kafka.cluster.Partition)
stream-state-bench-flink-kafka  | [2026-07-17 19:08:44,653] INFO [LogLoader partition=__consumer_offsets-25, dir=/tmp/kafka-logs] Loading producer state till offset 0 (org.apache.kafka.storage.internals.log.UnifiedLog)
stream-state-bench-flink-kafka  | [2026-07-17 19:08:44,654] INFO Created log for partition __consumer_offsets-25 in /tmp/kafka-logs/__consumer_offsets-25 with properties {cleanup.policy=compact, compression.type="producer", segment.bytes=104857600} (kafka.log.LogManager)
stream-state-bench-flink-kafka  | [2026-07-17 19:08:44,654] INFO [Partition __consumer_offsets-25 broker=1] No checkpointed highwatermark is found for partition __consumer_offsets-25 (kafka.cluster.Partition)
stream-state-bench-flink-kafka  | [2026-07-17 19:08:44,654] INFO [Partition __consumer_offsets-25 broker=1] Log loaded for partition __consumer_offsets-25 with initial high watermark 0 (kafka.cluster.Partition)
stream-state-bench-flink-kafka  | [2026-07-17 19:08:44,664] INFO [LogLoader partition=__consumer_offsets-8, dir=/tmp/kafka-logs] Loading producer state till offset 0 (org.apache.kafka.storage.internals.log.UnifiedLog)
stream-state-bench-flink-kafka  | [2026-07-17 19:08:44,664] INFO Created log for partition __consumer_offsets-8 in /tmp/kafka-logs/__consumer_offsets-8 with properties {cleanup.policy=compact, compression.type="producer", segment.bytes=104857600} (kafka.log.LogManager)
stream-state-bench-flink-kafka  | [2026-07-17 19:08:44,664] INFO [Partition __consumer_offsets-8 broker=1] No checkpointed highwatermark is found for partition __consumer_offsets-8 (kafka.cluster.Partition)
stream-state-bench-flink-kafka  | [2026-07-17 19:08:44,664] INFO [Partition __consumer_offsets-8 broker=1] Log loaded for partition __consumer_offsets-8 with initial high watermark 0 (kafka.cluster.Partition)
stream-state-bench-flink-kafka  | [2026-07-17 19:08:44,671] INFO [LogLoader partition=__consumer_offsets-37, dir=/tmp/kafka-logs] Loading producer state till offset 0 (org.apache.kafka.storage.internals.log.UnifiedLog)
stream-state-bench-flink-kafka  | [2026-07-17 19:08:44,672] INFO Created log for partition __consumer_offsets-37 in /tmp/kafka-logs/__consumer_offsets-37 with properties {cleanup.policy=compact, compression.type="producer", segment.bytes=104857600} (kafka.log.LogManager)
stream-state-bench-flink-kafka  | [2026-07-17 19:08:44,672] INFO [Partition __consumer_offsets-37 broker=1] No checkpointed highwatermark is found for partition __consumer_offsets-37 (kafka.cluster.Partition)
stream-state-bench-flink-kafka  | [2026-07-17 19:08:44,672] INFO [Partition __consumer_offsets-37 broker=1] Log loaded for partition __consumer_offsets-37 with initial high watermark 0 (kafka.cluster.Partition)
stream-state-bench-flink-kafka  | [2026-07-17 19:08:44,678] INFO [LogLoader partition=__consumer_offsets-4, dir=/tmp/kafka-logs] Loading producer state till offset 0 (org.apache.kafka.storage.internals.log.UnifiedLog)
stream-state-bench-flink-kafka  | [2026-07-17 19:08:44,679] INFO Created log for partition __consumer_offsets-4 in /tmp/kafka-logs/__consumer_offsets-4 with properties {cleanup.policy=compact, compression.type="producer", segment.bytes=104857600} (kafka.log.LogManager)
stream-state-bench-flink-kafka  | [2026-07-17 19:08:44,679] INFO [Partition __consumer_offsets-4 broker=1] No checkpointed highwatermark is found for partition __consumer_offsets-4 (kafka.cluster.Partition)
stream-state-bench-flink-kafka  | [2026-07-17 19:08:44,679] INFO [Partition __consumer_offsets-4 broker=1] Log loaded for partition __consumer_offsets-4 with initial high watermark 0 (kafka.cluster.Partition)
stream-state-bench-flink-kafka  | [2026-07-17 19:08:44,684] INFO [LogLoader partition=__consumer_offsets-33, dir=/tmp/kafka-logs] Loading producer state till offset 0 (org.apache.kafka.storage.internals.log.UnifiedLog)
stream-state-bench-flink-kafka  | [2026-07-17 19:08:44,685] INFO Created log for partition __consumer_offsets-33 in /tmp/kafka-logs/__consumer_offsets-33 with properties {cleanup.policy=compact, compression.type="producer", segment.bytes=104857600} (kafka.log.LogManager)
stream-state-bench-flink-kafka  | [2026-07-17 19:08:44,685] INFO [Partition __consumer_offsets-33 broker=1] No checkpointed highwatermark is found for partition __consumer_offsets-33 (kafka.cluster.Partition)
stream-state-bench-flink-kafka  | [2026-07-17 19:08:44,685] INFO [Partition __consumer_offsets-33 broker=1] Log loaded for partition __consumer_offsets-33 with initial high watermark 0 (kafka.cluster.Partition)
stream-state-bench-flink-kafka  | [2026-07-17 19:08:44,701] INFO [LogLoader partition=__consumer_offsets-15, dir=/tmp/kafka-logs] Loading producer state till offset 0 (org.apache.kafka.storage.internals.log.UnifiedLog)
stream-state-bench-flink-kafka  | [2026-07-17 19:08:44,701] INFO Created log for partition __consumer_offsets-15 in /tmp/kafka-logs/__consumer_offsets-15 with properties {cleanup.policy=compact, compression.type="producer", segment.bytes=104857600} (kafka.log.LogManager)
stream-state-bench-flink-kafka  | [2026-07-17 19:08:44,701] INFO [Partition __consumer_offsets-15 broker=1] No checkpointed highwatermark is found for partition __consumer_offsets-15 (kafka.cluster.Partition)
stream-state-bench-flink-kafka  | [2026-07-17 19:08:44,702] INFO [Partition __consumer_offsets-15 broker=1] Log loaded for partition __consumer_offsets-15 with initial high watermark 0 (kafka.cluster.Partition)
stream-state-bench-flink-kafka  | [2026-07-17 19:08:44,712] INFO [LogLoader partition=__consumer_offsets-48, dir=/tmp/kafka-logs] Loading producer state till offset 0 (org.apache.kafka.storage.internals.log.UnifiedLog)
stream-state-bench-flink-kafka  | [2026-07-17 19:08:44,713] INFO Created log for partition __consumer_offsets-48 in /tmp/kafka-logs/__consumer_offsets-48 with properties {cleanup.policy=compact, compression.type="producer", segment.bytes=104857600} (kafka.log.LogManager)
stream-state-bench-flink-kafka  | [2026-07-17 19:08:44,713] INFO [Partition __consumer_offsets-48 broker=1] No checkpointed highwatermark is found for partition __consumer_offsets-48 (kafka.cluster.Partition)
stream-state-bench-flink-kafka  | [2026-07-17 19:08:44,713] INFO [Partition __consumer_offsets-48 broker=1] Log loaded for partition __consumer_offsets-48 with initial high watermark 0 (kafka.cluster.Partition)
stream-state-bench-flink-kafka  | [2026-07-17 19:08:44,722] INFO [LogLoader partition=__consumer_offsets-11, dir=/tmp/kafka-logs] Loading producer state till offset 0 (org.apache.kafka.storage.internals.log.UnifiedLog)
stream-state-bench-flink-kafka  | [2026-07-17 19:08:44,722] INFO Created log for partition __consumer_offsets-11 in /tmp/kafka-logs/__consumer_offsets-11 with properties {cleanup.policy=compact, compression.type="producer", segment.bytes=104857600} (kafka.log.LogManager)
stream-state-bench-flink-kafka  | [2026-07-17 19:08:44,722] INFO [Partition __consumer_offsets-11 broker=1] No checkpointed highwatermark is found for partition __consumer_offsets-11 (kafka.cluster.Partition)
stream-state-bench-flink-kafka  | [2026-07-17 19:08:44,722] INFO [Partition __consumer_offsets-11 broker=1] Log loaded for partition __consumer_offsets-11 with initial high watermark 0 (kafka.cluster.Partition)
stream-state-bench-flink-kafka  | [2026-07-17 19:08:44,729] INFO [LogLoader partition=__consumer_offsets-44, dir=/tmp/kafka-logs] Loading producer state till offset 0 (org.apache.kafka.storage.internals.log.UnifiedLog)
stream-state-bench-flink-kafka  | [2026-07-17 19:08:44,730] INFO Created log for partition __consumer_offsets-44 in /tmp/kafka-logs/__consumer_offsets-44 with properties {cleanup.policy=compact, compression.type="producer", segment.bytes=104857600} (kafka.log.LogManager)
stream-state-bench-flink-kafka  | [2026-07-17 19:08:44,730] INFO [Partition __consumer_offsets-44 broker=1] No checkpointed highwatermark is found for partition __consumer_offsets-44 (kafka.cluster.Partition)
stream-state-bench-flink-kafka  | [2026-07-17 19:08:44,730] INFO [Partition __consumer_offsets-44 broker=1] Log loaded for partition __consumer_offsets-44 with initial high watermark 0 (kafka.cluster.Partition)
stream-state-bench-flink-kafka  | [2026-07-17 19:08:44,735] INFO [LogLoader partition=__consumer_offsets-23, dir=/tmp/kafka-logs] Loading producer state till offset 0 (org.apache.kafka.storage.internals.log.UnifiedLog)
stream-state-bench-flink-kafka  | [2026-07-17 19:08:44,736] INFO Created log for partition __consumer_offsets-23 in /tmp/kafka-logs/__consumer_offsets-23 with properties {cleanup.policy=compact, compression.type="producer", segment.bytes=104857600} (kafka.log.LogManager)
stream-state-bench-flink-kafka  | [2026-07-17 19:08:44,736] INFO [Partition __consumer_offsets-23 broker=1] No checkpointed highwatermark is found for partition __consumer_offsets-23 (kafka.cluster.Partition)
stream-state-bench-flink-kafka  | [2026-07-17 19:08:44,736] INFO [Partition __consumer_offsets-23 broker=1] Log loaded for partition __consumer_offsets-23 with initial high watermark 0 (kafka.cluster.Partition)
stream-state-bench-flink-kafka  | [2026-07-17 19:08:44,742] INFO [LogLoader partition=__consumer_offsets-19, dir=/tmp/kafka-logs] Loading producer state till offset 0 (org.apache.kafka.storage.internals.log.UnifiedLog)
stream-state-bench-flink-kafka  | [2026-07-17 19:08:44,742] INFO Created log for partition __consumer_offsets-19 in /tmp/kafka-logs/__consumer_offsets-19 with properties {cleanup.policy=compact, compression.type="producer", segment.bytes=104857600} (kafka.log.LogManager)
stream-state-bench-flink-kafka  | [2026-07-17 19:08:44,742] INFO [Partition __consumer_offsets-19 broker=1] No checkpointed highwatermark is found for partition __consumer_offsets-19 (kafka.cluster.Partition)
stream-state-bench-flink-kafka  | [2026-07-17 19:08:44,742] INFO [Partition __consumer_offsets-19 broker=1] Log loaded for partition __consumer_offsets-19 with initial high watermark 0 (kafka.cluster.Partition)
stream-state-bench-flink-kafka  | [2026-07-17 19:08:44,748] INFO [LogLoader partition=__consumer_offsets-32, dir=/tmp/kafka-logs] Loading producer state till offset 0 (org.apache.kafka.storage.internals.log.UnifiedLog)
stream-state-bench-flink-kafka  | [2026-07-17 19:08:44,749] INFO Created log for partition __consumer_offsets-32 in /tmp/kafka-logs/__consumer_offsets-32 with properties {cleanup.policy=compact, compression.type="producer", segment.bytes=104857600} (kafka.log.LogManager)
stream-state-bench-flink-kafka  | [2026-07-17 19:08:44,749] INFO [Partition __consumer_offsets-32 broker=1] No checkpointed highwatermark is found for partition __consumer_offsets-32 (kafka.cluster.Partition)
stream-state-bench-flink-kafka  | [2026-07-17 19:08:44,749] INFO [Partition __consumer_offsets-32 broker=1] Log loaded for partition __consumer_offsets-32 with initial high watermark 0 (kafka.cluster.Partition)
stream-state-bench-flink-kafka  | [2026-07-17 19:08:44,756] INFO [LogLoader partition=__consumer_offsets-28, dir=/tmp/kafka-logs] Loading producer state till offset 0 (org.apache.kafka.storage.internals.log.UnifiedLog)
stream-state-bench-flink-kafka  | [2026-07-17 19:08:44,757] INFO Created log for partition __consumer_offsets-28 in /tmp/kafka-logs/__consumer_offsets-28 with properties {cleanup.policy=compact, compression.type="producer", segment.bytes=104857600} (kafka.log.LogManager)
stream-state-bench-flink-kafka  | [2026-07-17 19:08:44,757] INFO [Partition __consumer_offsets-28 broker=1] No checkpointed highwatermark is found for partition __consumer_offsets-28 (kafka.cluster.Partition)
stream-state-bench-flink-kafka  | [2026-07-17 19:08:44,757] INFO [Partition __consumer_offsets-28 broker=1] Log loaded for partition __consumer_offsets-28 with initial high watermark 0 (kafka.cluster.Partition)
stream-state-bench-flink-kafka  | [2026-07-17 19:08:44,763] INFO [LogLoader partition=__consumer_offsets-7, dir=/tmp/kafka-logs] Loading producer state till offset 0 (org.apache.kafka.storage.internals.log.UnifiedLog)
stream-state-bench-flink-kafka  | [2026-07-17 19:08:44,763] INFO Created log for partition __consumer_offsets-7 in /tmp/kafka-logs/__consumer_offsets-7 with properties {cleanup.policy=compact, compression.type="producer", segment.bytes=104857600} (kafka.log.LogManager)
stream-state-bench-flink-kafka  | [2026-07-17 19:08:44,763] INFO [Partition __consumer_offsets-7 broker=1] No checkpointed highwatermark is found for partition __consumer_offsets-7 (kafka.cluster.Partition)
stream-state-bench-flink-kafka  | [2026-07-17 19:08:44,764] INFO [Partition __consumer_offsets-7 broker=1] Log loaded for partition __consumer_offsets-7 with initial high watermark 0 (kafka.cluster.Partition)
stream-state-bench-flink-kafka  | [2026-07-17 19:08:44,769] INFO [LogLoader partition=__consumer_offsets-40, dir=/tmp/kafka-logs] Loading producer state till offset 0 (org.apache.kafka.storage.internals.log.UnifiedLog)
stream-state-bench-flink-kafka  | [2026-07-17 19:08:44,770] INFO Created log for partition __consumer_offsets-40 in /tmp/kafka-logs/__consumer_offsets-40 with properties {cleanup.policy=compact, compression.type="producer", segment.bytes=104857600} (kafka.log.LogManager)
stream-state-bench-flink-kafka  | [2026-07-17 19:08:44,770] INFO [Partition __consumer_offsets-40 broker=1] No checkpointed highwatermark is found for partition __consumer_offsets-40 (kafka.cluster.Partition)
stream-state-bench-flink-kafka  | [2026-07-17 19:08:44,770] INFO [Partition __consumer_offsets-40 broker=1] Log loaded for partition __consumer_offsets-40 with initial high watermark 0 (kafka.cluster.Partition)
stream-state-bench-flink-kafka  | [2026-07-17 19:08:44,775] INFO [LogLoader partition=__consumer_offsets-3, dir=/tmp/kafka-logs] Loading producer state till offset 0 (org.apache.kafka.storage.internals.log.UnifiedLog)
stream-state-bench-flink-kafka  | [2026-07-17 19:08:44,776] INFO Created log for partition __consumer_offsets-3 in /tmp/kafka-logs/__consumer_offsets-3 with properties {cleanup.policy=compact, compression.type="producer", segment.bytes=104857600} (kafka.log.LogManager)
stream-state-bench-flink-kafka  | [2026-07-17 19:08:44,776] INFO [Partition __consumer_offsets-3 broker=1] No checkpointed highwatermark is found for partition __consumer_offsets-3 (kafka.cluster.Partition)
stream-state-bench-flink-kafka  | [2026-07-17 19:08:44,776] INFO [Partition __consumer_offsets-3 broker=1] Log loaded for partition __consumer_offsets-3 with initial high watermark 0 (kafka.cluster.Partition)
stream-state-bench-flink-kafka  | [2026-07-17 19:08:44,781] INFO [LogLoader partition=__consumer_offsets-36, dir=/tmp/kafka-logs] Loading producer state till offset 0 (org.apache.kafka.storage.internals.log.UnifiedLog)
stream-state-bench-flink-kafka  | [2026-07-17 19:08:44,782] INFO Created log for partition __consumer_offsets-36 in /tmp/kafka-logs/__consumer_offsets-36 with properties {cleanup.policy=compact, compression.type="producer", segment.bytes=104857600} (kafka.log.LogManager)
stream-state-bench-flink-kafka  | [2026-07-17 19:08:44,782] INFO [Partition __consumer_offsets-36 broker=1] No checkpointed highwatermark is found for partition __consumer_offsets-36 (kafka.cluster.Partition)
stream-state-bench-flink-kafka  | [2026-07-17 19:08:44,782] INFO [Partition __consumer_offsets-36 broker=1] Log loaded for partition __consumer_offsets-36 with initial high watermark 0 (kafka.cluster.Partition)
stream-state-bench-flink-kafka  | [2026-07-17 19:08:44,787] INFO [LogLoader partition=__consumer_offsets-47, dir=/tmp/kafka-logs] Loading producer state till offset 0 (org.apache.kafka.storage.internals.log.UnifiedLog)
stream-state-bench-flink-kafka  | [2026-07-17 19:08:44,788] INFO Created log for partition __consumer_offsets-47 in /tmp/kafka-logs/__consumer_offsets-47 with properties {cleanup.policy=compact, compression.type="producer", segment.bytes=104857600} (kafka.log.LogManager)
stream-state-bench-flink-kafka  | [2026-07-17 19:08:44,788] INFO [Partition __consumer_offsets-47 broker=1] No checkpointed highwatermark is found for partition __consumer_offsets-47 (kafka.cluster.Partition)
stream-state-bench-flink-kafka  | [2026-07-17 19:08:44,788] INFO [Partition __consumer_offsets-47 broker=1] Log loaded for partition __consumer_offsets-47 with initial high watermark 0 (kafka.cluster.Partition)
stream-state-bench-flink-kafka  | [2026-07-17 19:08:44,793] INFO [LogLoader partition=__consumer_offsets-14, dir=/tmp/kafka-logs] Loading producer state till offset 0 (org.apache.kafka.storage.internals.log.UnifiedLog)
stream-state-bench-flink-kafka  | [2026-07-17 19:08:44,793] INFO Created log for partition __consumer_offsets-14 in /tmp/kafka-logs/__consumer_offsets-14 with properties {cleanup.policy=compact, compression.type="producer", segment.bytes=104857600} (kafka.log.LogManager)
stream-state-bench-flink-kafka  | [2026-07-17 19:08:44,793] INFO [Partition __consumer_offsets-14 broker=1] No checkpointed highwatermark is found for partition __consumer_offsets-14 (kafka.cluster.Partition)
stream-state-bench-flink-kafka  | [2026-07-17 19:08:44,793] INFO [Partition __consumer_offsets-14 broker=1] Log loaded for partition __consumer_offsets-14 with initial high watermark 0 (kafka.cluster.Partition)
stream-state-bench-flink-kafka  | [2026-07-17 19:08:44,801] INFO [LogLoader partition=__consumer_offsets-43, dir=/tmp/kafka-logs] Loading producer state till offset 0 (org.apache.kafka.storage.internals.log.UnifiedLog)
stream-state-bench-flink-kafka  | [2026-07-17 19:08:44,801] INFO Created log for partition __consumer_offsets-43 in /tmp/kafka-logs/__consumer_offsets-43 with properties {cleanup.policy=compact, compression.type="producer", segment.bytes=104857600} (kafka.log.LogManager)
stream-state-bench-flink-kafka  | [2026-07-17 19:08:44,801] INFO [Partition __consumer_offsets-43 broker=1] No checkpointed highwatermark is found for partition __consumer_offsets-43 (kafka.cluster.Partition)
stream-state-bench-flink-kafka  | [2026-07-17 19:08:44,801] INFO [Partition __consumer_offsets-43 broker=1] Log loaded for partition __consumer_offsets-43 with initial high watermark 0 (kafka.cluster.Partition)
stream-state-bench-flink-kafka  | [2026-07-17 19:08:44,807] INFO [LogLoader partition=__consumer_offsets-10, dir=/tmp/kafka-logs] Loading producer state till offset 0 (org.apache.kafka.storage.internals.log.UnifiedLog)
stream-state-bench-flink-kafka  | [2026-07-17 19:08:44,808] INFO Created log for partition __consumer_offsets-10 in /tmp/kafka-logs/__consumer_offsets-10 with properties {cleanup.policy=compact, compression.type="producer", segment.bytes=104857600} (kafka.log.LogManager)
stream-state-bench-flink-kafka  | [2026-07-17 19:08:44,808] INFO [Partition __consumer_offsets-10 broker=1] No checkpointed highwatermark is found for partition __consumer_offsets-10 (kafka.cluster.Partition)
stream-state-bench-flink-kafka  | [2026-07-17 19:08:44,808] INFO [Partition __consumer_offsets-10 broker=1] Log loaded for partition __consumer_offsets-10 with initial high watermark 0 (kafka.cluster.Partition)
stream-state-bench-flink-kafka  | [2026-07-17 19:08:44,814] INFO [LogLoader partition=__consumer_offsets-22, dir=/tmp/kafka-logs] Loading producer state till offset 0 (org.apache.kafka.storage.internals.log.UnifiedLog)
stream-state-bench-flink-kafka  | [2026-07-17 19:08:44,815] INFO Created log for partition __consumer_offsets-22 in /tmp/kafka-logs/__consumer_offsets-22 with properties {cleanup.policy=compact, compression.type="producer", segment.bytes=104857600} (kafka.log.LogManager)
stream-state-bench-flink-kafka  | [2026-07-17 19:08:44,815] INFO [Partition __consumer_offsets-22 broker=1] No checkpointed highwatermark is found for partition __consumer_offsets-22 (kafka.cluster.Partition)
stream-state-bench-flink-kafka  | [2026-07-17 19:08:44,815] INFO [Partition __consumer_offsets-22 broker=1] Log loaded for partition __consumer_offsets-22 with initial high watermark 0 (kafka.cluster.Partition)
stream-state-bench-flink-kafka  | [2026-07-17 19:08:44,821] INFO [LogLoader partition=__consumer_offsets-18, dir=/tmp/kafka-logs] Loading producer state till offset 0 (org.apache.kafka.storage.internals.log.UnifiedLog)
stream-state-bench-flink-kafka  | [2026-07-17 19:08:44,821] INFO Created log for partition __consumer_offsets-18 in /tmp/kafka-logs/__consumer_offsets-18 with properties {cleanup.policy=compact, compression.type="producer", segment.bytes=104857600} (kafka.log.LogManager)
stream-state-bench-flink-kafka  | [2026-07-17 19:08:44,821] INFO [Partition __consumer_offsets-18 broker=1] No checkpointed highwatermark is found for partition __consumer_offsets-18 (kafka.cluster.Partition)
stream-state-bench-flink-kafka  | [2026-07-17 19:08:44,821] INFO [Partition __consumer_offsets-18 broker=1] Log loaded for partition __consumer_offsets-18 with initial high watermark 0 (kafka.cluster.Partition)
stream-state-bench-flink-kafka  | [2026-07-17 19:08:44,828] INFO [LogLoader partition=__consumer_offsets-31, dir=/tmp/kafka-logs] Loading producer state till offset 0 (org.apache.kafka.storage.internals.log.UnifiedLog)
stream-state-bench-flink-kafka  | [2026-07-17 19:08:44,828] INFO Created log for partition __consumer_offsets-31 in /tmp/kafka-logs/__consumer_offsets-31 with properties {cleanup.policy=compact, compression.type="producer", segment.bytes=104857600} (kafka.log.LogManager)
stream-state-bench-flink-kafka  | [2026-07-17 19:08:44,829] INFO [Partition __consumer_offsets-31 broker=1] No checkpointed highwatermark is found for partition __consumer_offsets-31 (kafka.cluster.Partition)
stream-state-bench-flink-kafka  | [2026-07-17 19:08:44,829] INFO [Partition __consumer_offsets-31 broker=1] Log loaded for partition __consumer_offsets-31 with initial high watermark 0 (kafka.cluster.Partition)
stream-state-bench-flink-kafka  | [2026-07-17 19:08:44,834] INFO [LogLoader partition=__consumer_offsets-27, dir=/tmp/kafka-logs] Loading producer state till offset 0 (org.apache.kafka.storage.internals.log.UnifiedLog)
stream-state-bench-flink-kafka  | [2026-07-17 19:08:44,834] INFO Created log for partition __consumer_offsets-27 in /tmp/kafka-logs/__consumer_offsets-27 with properties {cleanup.policy=compact, compression.type="producer", segment.bytes=104857600} (kafka.log.LogManager)
stream-state-bench-flink-kafka  | [2026-07-17 19:08:44,834] INFO [Partition __consumer_offsets-27 broker=1] No checkpointed highwatermark is found for partition __consumer_offsets-27 (kafka.cluster.Partition)
stream-state-bench-flink-kafka  | [2026-07-17 19:08:44,834] INFO [Partition __consumer_offsets-27 broker=1] Log loaded for partition __consumer_offsets-27 with initial high watermark 0 (kafka.cluster.Partition)
stream-state-bench-flink-kafka  | [2026-07-17 19:08:44,840] INFO [LogLoader partition=__consumer_offsets-39, dir=/tmp/kafka-logs] Loading producer state till offset 0 (org.apache.kafka.storage.internals.log.UnifiedLog)
stream-state-bench-flink-kafka  | [2026-07-17 19:08:44,841] INFO Created log for partition __consumer_offsets-39 in /tmp/kafka-logs/__consumer_offsets-39 with properties {cleanup.policy=compact, compression.type="producer", segment.bytes=104857600} (kafka.log.LogManager)
stream-state-bench-flink-kafka  | [2026-07-17 19:08:44,841] INFO [Partition __consumer_offsets-39 broker=1] No checkpointed highwatermark is found for partition __consumer_offsets-39 (kafka.cluster.Partition)
stream-state-bench-flink-kafka  | [2026-07-17 19:08:44,841] INFO [Partition __consumer_offsets-39 broker=1] Log loaded for partition __consumer_offsets-39 with initial high watermark 0 (kafka.cluster.Partition)
stream-state-bench-flink-kafka  | [2026-07-17 19:08:44,846] INFO [LogLoader partition=__consumer_offsets-6, dir=/tmp/kafka-logs] Loading producer state till offset 0 (org.apache.kafka.storage.internals.log.UnifiedLog)
stream-state-bench-flink-kafka  | [2026-07-17 19:08:44,847] INFO Created log for partition __consumer_offsets-6 in /tmp/kafka-logs/__consumer_offsets-6 with properties {cleanup.policy=compact, compression.type="producer", segment.bytes=104857600} (kafka.log.LogManager)
stream-state-bench-flink-kafka  | [2026-07-17 19:08:44,847] INFO [Partition __consumer_offsets-6 broker=1] No checkpointed highwatermark is found for partition __consumer_offsets-6 (kafka.cluster.Partition)
stream-state-bench-flink-kafka  | [2026-07-17 19:08:44,847] INFO [Partition __consumer_offsets-6 broker=1] Log loaded for partition __consumer_offsets-6 with initial high watermark 0 (kafka.cluster.Partition)
stream-state-bench-flink-kafka  | [2026-07-17 19:08:44,851] INFO [LogLoader partition=__consumer_offsets-35, dir=/tmp/kafka-logs] Loading producer state till offset 0 (org.apache.kafka.storage.internals.log.UnifiedLog)
stream-state-bench-flink-kafka  | [2026-07-17 19:08:44,852] INFO Created log for partition __consumer_offsets-35 in /tmp/kafka-logs/__consumer_offsets-35 with properties {cleanup.policy=compact, compression.type="producer", segment.bytes=104857600} (kafka.log.LogManager)
stream-state-bench-flink-kafka  | [2026-07-17 19:08:44,852] INFO [Partition __consumer_offsets-35 broker=1] No checkpointed highwatermark is found for partition __consumer_offsets-35 (kafka.cluster.Partition)
stream-state-bench-flink-kafka  | [2026-07-17 19:08:44,852] INFO [Partition __consumer_offsets-35 broker=1] Log loaded for partition __consumer_offsets-35 with initial high watermark 0 (kafka.cluster.Partition)
stream-state-bench-flink-kafka  | [2026-07-17 19:08:44,857] INFO [LogLoader partition=__consumer_offsets-2, dir=/tmp/kafka-logs] Loading producer state till offset 0 (org.apache.kafka.storage.internals.log.UnifiedLog)
stream-state-bench-flink-kafka  | [2026-07-17 19:08:44,857] INFO Created log for partition __consumer_offsets-2 in /tmp/kafka-logs/__consumer_offsets-2 with properties {cleanup.policy=compact, compression.type="producer", segment.bytes=104857600} (kafka.log.LogManager)
stream-state-bench-flink-kafka  | [2026-07-17 19:08:44,857] INFO [Partition __consumer_offsets-2 broker=1] No checkpointed highwatermark is found for partition __consumer_offsets-2 (kafka.cluster.Partition)
stream-state-bench-flink-kafka  | [2026-07-17 19:08:44,858] INFO [Partition __consumer_offsets-2 broker=1] Log loaded for partition __consumer_offsets-2 with initial high watermark 0 (kafka.cluster.Partition)
stream-state-bench-flink-kafka  | [2026-07-17 19:08:44,861] INFO [GroupCoordinator id=1] Scheduling loading of metadata from __consumer_offsets-13 with epoch 0 (org.apache.kafka.coordinator.common.runtime.CoordinatorRuntime)
stream-state-bench-flink-kafka  | [2026-07-17 19:08:44,863] INFO [GroupCoordinator id=1] Scheduling loading of metadata from __consumer_offsets-46 with epoch 0 (org.apache.kafka.coordinator.common.runtime.CoordinatorRuntime)
stream-state-bench-flink-kafka  | [2026-07-17 19:08:44,863] INFO [GroupCoordinator id=1] Scheduling loading of metadata from __consumer_offsets-9 with epoch 0 (org.apache.kafka.coordinator.common.runtime.CoordinatorRuntime)
stream-state-bench-flink-kafka  | [2026-07-17 19:08:44,863] INFO [GroupCoordinator id=1] Scheduling loading of metadata from __consumer_offsets-42 with epoch 0 (org.apache.kafka.coordinator.common.runtime.CoordinatorRuntime)
stream-state-bench-flink-kafka  | [2026-07-17 19:08:44,863] INFO [GroupCoordinator id=1] Scheduling loading of metadata from __consumer_offsets-21 with epoch 0 (org.apache.kafka.coordinator.common.runtime.CoordinatorRuntime)
stream-state-bench-flink-kafka  | [2026-07-17 19:08:44,863] INFO [GroupCoordinator id=1] Scheduling loading of metadata from __consumer_offsets-17 with epoch 0 (org.apache.kafka.coordinator.common.runtime.CoordinatorRuntime)
stream-state-bench-flink-kafka  | [2026-07-17 19:08:44,863] INFO [GroupCoordinator id=1] Scheduling loading of metadata from __consumer_offsets-30 with epoch 0 (org.apache.kafka.coordinator.common.runtime.CoordinatorRuntime)
stream-state-bench-flink-kafka  | [2026-07-17 19:08:44,863] INFO [GroupCoordinator id=1] Scheduling loading of metadata from __consumer_offsets-26 with epoch 0 (org.apache.kafka.coordinator.common.runtime.CoordinatorRuntime)
stream-state-bench-flink-kafka  | [2026-07-17 19:08:44,863] INFO [GroupCoordinator id=1] Scheduling loading of metadata from __consumer_offsets-5 with epoch 0 (org.apache.kafka.coordinator.common.runtime.CoordinatorRuntime)
stream-state-bench-flink-kafka  | [2026-07-17 19:08:44,863] INFO [GroupCoordinator id=1] Scheduling loading of metadata from __consumer_offsets-38 with epoch 0 (org.apache.kafka.coordinator.common.runtime.CoordinatorRuntime)
stream-state-bench-flink-kafka  | [2026-07-17 19:08:44,863] INFO [GroupCoordinator id=1] Scheduling loading of metadata from __consumer_offsets-1 with epoch 0 (org.apache.kafka.coordinator.common.runtime.CoordinatorRuntime)
stream-state-bench-flink-kafka  | [2026-07-17 19:08:44,864] INFO [GroupCoordinator id=1] Scheduling loading of metadata from __consumer_offsets-34 with epoch 0 (org.apache.kafka.coordinator.common.runtime.CoordinatorRuntime)
stream-state-bench-flink-kafka  | [2026-07-17 19:08:44,864] INFO [GroupCoordinator id=1] Scheduling loading of metadata from __consumer_offsets-16 with epoch 0 (org.apache.kafka.coordinator.common.runtime.CoordinatorRuntime)
stream-state-bench-flink-kafka  | [2026-07-17 19:08:44,864] INFO [GroupCoordinator id=1] Scheduling loading of metadata from __consumer_offsets-45 with epoch 0 (org.apache.kafka.coordinator.common.runtime.CoordinatorRuntime)
stream-state-bench-flink-kafka  | [2026-07-17 19:08:44,864] INFO [GroupCoordinator id=1] Scheduling loading of metadata from __consumer_offsets-12 with epoch 0 (org.apache.kafka.coordinator.common.runtime.CoordinatorRuntime)
stream-state-bench-flink-kafka  | [2026-07-17 19:08:44,864] INFO [GroupCoordinator id=1] Scheduling loading of metadata from __consumer_offsets-41 with epoch 0 (org.apache.kafka.coordinator.common.runtime.CoordinatorRuntime)
stream-state-bench-flink-kafka  | [2026-07-17 19:08:44,864] INFO [GroupCoordinator id=1] Scheduling loading of metadata from __consumer_offsets-24 with epoch 0 (org.apache.kafka.coordinator.common.runtime.CoordinatorRuntime)
stream-state-bench-flink-kafka  | [2026-07-17 19:08:44,864] INFO [GroupCoordinator id=1] Scheduling loading of metadata from __consumer_offsets-20 with epoch 0 (org.apache.kafka.coordinator.common.runtime.CoordinatorRuntime)
stream-state-bench-flink-kafka  | [2026-07-17 19:08:44,864] INFO [GroupCoordinator id=1] Scheduling loading of metadata from __consumer_offsets-49 with epoch 0 (org.apache.kafka.coordinator.common.runtime.CoordinatorRuntime)
stream-state-bench-flink-kafka  | [2026-07-17 19:08:44,864] INFO [GroupCoordinator id=1] Scheduling loading of metadata from __consumer_offsets-0 with epoch 0 (org.apache.kafka.coordinator.common.runtime.CoordinatorRuntime)
stream-state-bench-flink-kafka  | [2026-07-17 19:08:44,864] INFO [GroupCoordinator id=1] Scheduling loading of metadata from __consumer_offsets-29 with epoch 0 (org.apache.kafka.coordinator.common.runtime.CoordinatorRuntime)
stream-state-bench-flink-kafka  | [2026-07-17 19:08:44,864] INFO [GroupCoordinator id=1] Scheduling loading of metadata from __consumer_offsets-25 with epoch 0 (org.apache.kafka.coordinator.common.runtime.CoordinatorRuntime)
stream-state-bench-flink-kafka  | [2026-07-17 19:08:44,865] INFO [GroupCoordinator id=1] Scheduling loading of metadata from __consumer_offsets-8 with epoch 0 (org.apache.kafka.coordinator.common.runtime.CoordinatorRuntime)
stream-state-bench-flink-kafka  | [2026-07-17 19:08:44,865] INFO [GroupCoordinator id=1] Scheduling loading of metadata from __consumer_offsets-37 with epoch 0 (org.apache.kafka.coordinator.common.runtime.CoordinatorRuntime)
stream-state-bench-flink-kafka  | [2026-07-17 19:08:44,865] INFO [GroupCoordinator id=1] Scheduling loading of metadata from __consumer_offsets-4 with epoch 0 (org.apache.kafka.coordinator.common.runtime.CoordinatorRuntime)
stream-state-bench-flink-kafka  | [2026-07-17 19:08:44,865] INFO [GroupCoordinator id=1] Scheduling loading of metadata from __consumer_offsets-33 with epoch 0 (org.apache.kafka.coordinator.common.runtime.CoordinatorRuntime)
stream-state-bench-flink-kafka  | [2026-07-17 19:08:44,865] INFO [GroupCoordinator id=1] Scheduling loading of metadata from __consumer_offsets-15 with epoch 0 (org.apache.kafka.coordinator.common.runtime.CoordinatorRuntime)
stream-state-bench-flink-kafka  | [2026-07-17 19:08:44,865] INFO [GroupCoordinator id=1] Scheduling loading of metadata from __consumer_offsets-48 with epoch 0 (org.apache.kafka.coordinator.common.runtime.CoordinatorRuntime)
stream-state-bench-flink-kafka  | [2026-07-17 19:08:44,865] INFO [GroupCoordinator id=1] Scheduling loading of metadata from __consumer_offsets-11 with epoch 0 (org.apache.kafka.coordinator.common.runtime.CoordinatorRuntime)
stream-state-bench-flink-kafka  | [2026-07-17 19:08:44,865] INFO [GroupCoordinator id=1] Scheduling loading of metadata from __consumer_offsets-44 with epoch 0 (org.apache.kafka.coordinator.common.runtime.CoordinatorRuntime)
stream-state-bench-flink-kafka  | [2026-07-17 19:08:44,865] INFO [GroupCoordinator id=1] Scheduling loading of metadata from __consumer_offsets-23 with epoch 0 (org.apache.kafka.coordinator.common.runtime.CoordinatorRuntime)
stream-state-bench-flink-kafka  | [2026-07-17 19:08:44,865] INFO [GroupCoordinator id=1] Scheduling loading of metadata from __consumer_offsets-19 with epoch 0 (org.apache.kafka.coordinator.common.runtime.CoordinatorRuntime)
stream-state-bench-flink-kafka  | [2026-07-17 19:08:44,866] INFO [GroupCoordinator id=1] Scheduling loading of metadata from __consumer_offsets-32 with epoch 0 (org.apache.kafka.coordinator.common.runtime.CoordinatorRuntime)
stream-state-bench-flink-kafka  | [2026-07-17 19:08:44,866] INFO [GroupCoordinator id=1] Scheduling loading of metadata from __consumer_offsets-28 with epoch 0 (org.apache.kafka.coordinator.common.runtime.CoordinatorRuntime)
stream-state-bench-flink-kafka  | [2026-07-17 19:08:44,866] INFO [GroupCoordinator id=1] Scheduling loading of metadata from __consumer_offsets-7 with epoch 0 (org.apache.kafka.coordinator.common.runtime.CoordinatorRuntime)
stream-state-bench-flink-kafka  | [2026-07-17 19:08:44,866] INFO [GroupCoordinator id=1] Scheduling loading of metadata from __consumer_offsets-40 with epoch 0 (org.apache.kafka.coordinator.common.runtime.CoordinatorRuntime)
stream-state-bench-flink-kafka  | [2026-07-17 19:08:44,866] INFO [GroupCoordinator id=1] Scheduling loading of metadata from __consumer_offsets-3 with epoch 0 (org.apache.kafka.coordinator.common.runtime.CoordinatorRuntime)
stream-state-bench-flink-kafka  | [2026-07-17 19:08:44,866] INFO [GroupCoordinator id=1] Scheduling loading of metadata from __consumer_offsets-36 with epoch 0 (org.apache.kafka.coordinator.common.runtime.CoordinatorRuntime)
stream-state-bench-flink-kafka  | [2026-07-17 19:08:44,866] INFO [GroupCoordinator id=1] Scheduling loading of metadata from __consumer_offsets-47 with epoch 0 (org.apache.kafka.coordinator.common.runtime.CoordinatorRuntime)
stream-state-bench-flink-kafka  | [2026-07-17 19:08:44,867] INFO [GroupCoordinator id=1] Scheduling loading of metadata from __consumer_offsets-14 with epoch 0 (org.apache.kafka.coordinator.common.runtime.CoordinatorRuntime)
stream-state-bench-flink-kafka  | [2026-07-17 19:08:44,867] INFO [GroupCoordinator id=1] Scheduling loading of metadata from __consumer_offsets-43 with epoch 0 (org.apache.kafka.coordinator.common.runtime.CoordinatorRuntime)
stream-state-bench-flink-kafka  | [2026-07-17 19:08:44,867] INFO [GroupCoordinator id=1] Scheduling loading of metadata from __consumer_offsets-10 with epoch 0 (org.apache.kafka.coordinator.common.runtime.CoordinatorRuntime)
stream-state-bench-flink-kafka  | [2026-07-17 19:08:44,867] INFO [GroupCoordinator id=1] Scheduling loading of metadata from __consumer_offsets-22 with epoch 0 (org.apache.kafka.coordinator.common.runtime.CoordinatorRuntime)
stream-state-bench-flink-kafka  | [2026-07-17 19:08:44,867] INFO [GroupCoordinator id=1] Scheduling loading of metadata from __consumer_offsets-18 with epoch 0 (org.apache.kafka.coordinator.common.runtime.CoordinatorRuntime)
stream-state-bench-flink-kafka  | [2026-07-17 19:08:44,867] INFO [GroupCoordinator id=1] Scheduling loading of metadata from __consumer_offsets-31 with epoch 0 (org.apache.kafka.coordinator.common.runtime.CoordinatorRuntime)
stream-state-bench-flink-kafka  | [2026-07-17 19:08:44,867] INFO [GroupCoordinator id=1] Scheduling loading of metadata from __consumer_offsets-27 with epoch 0 (org.apache.kafka.coordinator.common.runtime.CoordinatorRuntime)
stream-state-bench-flink-kafka  | [2026-07-17 19:08:44,867] INFO [GroupCoordinator id=1] Scheduling loading of metadata from __consumer_offsets-39 with epoch 0 (org.apache.kafka.coordinator.common.runtime.CoordinatorRuntime)
stream-state-bench-flink-kafka  | [2026-07-17 19:08:44,868] INFO [GroupCoordinator id=1] Scheduling loading of metadata from __consumer_offsets-6 with epoch 0 (org.apache.kafka.coordinator.common.runtime.CoordinatorRuntime)
stream-state-bench-flink-kafka  | [2026-07-17 19:08:44,868] INFO [GroupCoordinator id=1] Scheduling loading of metadata from __consumer_offsets-35 with epoch 0 (org.apache.kafka.coordinator.common.runtime.CoordinatorRuntime)
stream-state-bench-flink-kafka  | [2026-07-17 19:08:44,868] INFO [GroupCoordinator id=1] Scheduling loading of metadata from __consumer_offsets-2 with epoch 0 (org.apache.kafka.coordinator.common.runtime.CoordinatorRuntime)
stream-state-bench-flink-kafka  | [2026-07-17 19:08:44,868] INFO [GroupCoordinator id=1] Finished loading of metadata from __consumer_offsets-38 with epoch 0 in 1ms where 1ms was spent in the scheduler. Loaded 0 records which total to 0 bytes. (org.apache.kafka.coordinator.common.runtime.CoordinatorRuntime)
stream-state-bench-flink-kafka  | [2026-07-17 19:08:44,868] INFO [GroupCoordinator id=1] Finished loading of metadata from __consumer_offsets-16 with epoch 0 in 1ms where 1ms was spent in the scheduler. Loaded 0 records which total to 0 bytes. (org.apache.kafka.coordinator.common.runtime.CoordinatorRuntime)
stream-state-bench-flink-kafka  | [2026-07-17 19:08:44,868] INFO [GroupCoordinator id=1] Finished loading of metadata from __consumer_offsets-49 with epoch 0 in 1ms where 1ms was spent in the scheduler. Loaded 0 records which total to 0 bytes. (org.apache.kafka.coordinator.common.runtime.CoordinatorRuntime)
stream-state-bench-flink-kafka  | [2026-07-17 19:08:44,868] INFO [GroupCoordinator id=1] Finished loading of metadata from __consumer_offsets-13 with epoch 0 in 2ms where 2ms was spent in the scheduler. Loaded 0 records which total to 0 bytes. (org.apache.kafka.coordinator.common.runtime.CoordinatorRuntime)
stream-state-bench-flink-kafka  | [2026-07-17 19:08:44,868] INFO [GroupCoordinator id=1] Finished loading of metadata from __consumer_offsets-45 with epoch 0 in 0ms where 0ms was spent in the scheduler. Loaded 0 records which total to 0 bytes. (org.apache.kafka.coordinator.common.runtime.CoordinatorRuntime)
stream-state-bench-flink-kafka  | [2026-07-17 19:08:44,868] INFO [DynamicConfigPublisher broker id=1] Updating topic __consumer_offsets with new configuration : compression.type -> producer,cleanup.policy -> compact,segment.bytes -> 104857600 (kafka.server.metadata.DynamicConfigPublisher)
stream-state-bench-flink-kafka  | [2026-07-17 19:08:44,868] INFO [GroupCoordinator id=1] Finished loading of metadata from __consumer_offsets-25 with epoch 0 in 1ms where 1ms was spent in the scheduler. Loaded 0 records which total to 0 bytes. (org.apache.kafka.coordinator.common.runtime.CoordinatorRuntime)
stream-state-bench-flink-kafka  | [2026-07-17 19:08:44,868] INFO [GroupCoordinator id=1] Finished loading of metadata from __consumer_offsets-42 with epoch 0 in 2ms where 2ms was spent in the scheduler. Loaded 0 records which total to 0 bytes. (org.apache.kafka.coordinator.common.runtime.CoordinatorRuntime)
stream-state-bench-flink-kafka  | [2026-07-17 19:08:44,868] INFO [GroupCoordinator id=1] Finished loading of metadata from __consumer_offsets-8 with epoch 0 in 0ms where 0ms was spent in the scheduler. Loaded 0 records which total to 0 bytes. (org.apache.kafka.coordinator.common.runtime.CoordinatorRuntime)
stream-state-bench-flink-kafka  | [2026-07-17 19:08:44,868] INFO [GroupCoordinator id=1] Finished loading of metadata from __consumer_offsets-23 with epoch 0 in 1ms where 1ms was spent in the scheduler. Loaded 0 records which total to 0 bytes. (org.apache.kafka.coordinator.common.runtime.CoordinatorRuntime)
stream-state-bench-flink-kafka  | [2026-07-17 19:08:44,868] INFO [GroupCoordinator id=1] Finished loading of metadata from __consumer_offsets-20 with epoch 0 in 1ms where 1ms was spent in the scheduler. Loaded 0 records which total to 0 bytes. (org.apache.kafka.coordinator.common.runtime.CoordinatorRuntime)
stream-state-bench-flink-kafka  | [2026-07-17 19:08:44,869] INFO [GroupCoordinator id=1] Finished loading of metadata from __consumer_offsets-7 with epoch 0 in 1ms where 1ms was spent in the scheduler. Loaded 0 records which total to 0 bytes. (org.apache.kafka.coordinator.common.runtime.CoordinatorRuntime)
stream-state-bench-flink-kafka  | [2026-07-17 19:08:44,869] INFO [GroupCoordinator id=1] Finished loading of metadata from __consumer_offsets-5 with epoch 0 in 1ms where 1ms was spent in the scheduler. Loaded 0 records which total to 0 bytes. (org.apache.kafka.coordinator.common.runtime.CoordinatorRuntime)
stream-state-bench-flink-kafka  | [2026-07-17 19:08:44,869] INFO [GroupCoordinator id=1] Finished loading of metadata from __consumer_offsets-29 with epoch 0 in 1ms where 1ms was spent in the scheduler. Loaded 0 records which total to 0 bytes. (org.apache.kafka.coordinator.common.runtime.CoordinatorRuntime)
stream-state-bench-flink-kafka  | [2026-07-17 19:08:44,869] INFO [GroupCoordinator id=1] Finished loading of metadata from __consumer_offsets-37 with epoch 0 in 0ms where 0ms was spent in the scheduler. Loaded 0 records which total to 0 bytes. (org.apache.kafka.coordinator.common.runtime.CoordinatorRuntime)
stream-state-bench-flink-kafka  | [2026-07-17 19:08:44,869] INFO [GroupCoordinator id=1] Finished loading of metadata from __consumer_offsets-46 with epoch 0 in 2ms where 2ms was spent in the scheduler. Loaded 0 records which total to 0 bytes. (org.apache.kafka.coordinator.common.runtime.CoordinatorRuntime)
stream-state-bench-flink-kafka  | [2026-07-17 19:08:44,869] INFO [GroupCoordinator id=1] Finished loading of metadata from __consumer_offsets-26 with epoch 0 in 0ms where 0ms was spent in the scheduler. Loaded 0 records which total to 0 bytes. (org.apache.kafka.coordinator.common.runtime.CoordinatorRuntime)
stream-state-bench-flink-kafka  | [2026-07-17 19:08:44,869] INFO [GroupCoordinator id=1] Finished loading of metadata from __consumer_offsets-0 with epoch 0 in 1ms where 1ms was spent in the scheduler. Loaded 0 records which total to 0 bytes. (org.apache.kafka.coordinator.common.runtime.CoordinatorRuntime)
stream-state-bench-flink-kafka  | [2026-07-17 19:08:44,869] INFO [GroupCoordinator id=1] Finished loading of metadata from __consumer_offsets-15 with epoch 0 in 1ms where 1ms was spent in the scheduler. Loaded 0 records which total to 0 bytes. (org.apache.kafka.coordinator.common.runtime.CoordinatorRuntime)
stream-state-bench-flink-kafka  | [2026-07-17 19:08:44,869] INFO [GroupCoordinator id=1] Finished loading of metadata from __consumer_offsets-44 with epoch 0 in 1ms where 1ms was spent in the scheduler. Loaded 0 records which total to 0 bytes. (org.apache.kafka.coordinator.common.runtime.CoordinatorRuntime)
stream-state-bench-flink-kafka  | [2026-07-17 19:08:44,869] INFO [GroupCoordinator id=1] Finished loading of metadata from __consumer_offsets-4 with epoch 0 in 0ms where 0ms was spent in the scheduler. Loaded 0 records which total to 0 bytes. (org.apache.kafka.coordinator.common.runtime.CoordinatorRuntime)
stream-state-bench-flink-kafka  | [2026-07-17 19:08:44,869] INFO [GroupCoordinator id=1] Finished loading of metadata from __consumer_offsets-1 with epoch 0 in 1ms where 1ms was spent in the scheduler. Loaded 0 records which total to 0 bytes. (org.apache.kafka.coordinator.common.runtime.CoordinatorRuntime)
stream-state-bench-flink-kafka  | [2026-07-17 19:08:44,869] INFO [GroupCoordinator id=1] Finished loading of metadata from __consumer_offsets-48 with epoch 0 in 1ms where 1ms was spent in the scheduler. Loaded 0 records which total to 0 bytes. (org.apache.kafka.coordinator.common.runtime.CoordinatorRuntime)
stream-state-bench-flink-kafka  | [2026-07-17 19:08:44,869] INFO [GroupCoordinator id=1] Finished loading of metadata from __consumer_offsets-28 with epoch 0 in 1ms where 1ms was spent in the scheduler. Loaded 0 records which total to 0 bytes. (org.apache.kafka.coordinator.common.runtime.CoordinatorRuntime)
stream-state-bench-flink-kafka  | [2026-07-17 19:08:44,869] INFO [GroupCoordinator id=1] Finished loading of metadata from __consumer_offsets-11 with epoch 0 in 1ms where 1ms was spent in the scheduler. Loaded 0 records which total to 0 bytes. (org.apache.kafka.coordinator.common.runtime.CoordinatorRuntime)
stream-state-bench-flink-kafka  | [2026-07-17 19:08:44,869] INFO [GroupCoordinator id=1] Finished loading of metadata from __consumer_offsets-12 with epoch 0 in 0ms where 0ms was spent in the scheduler. Loaded 0 records which total to 0 bytes. (org.apache.kafka.coordinator.common.runtime.CoordinatorRuntime)
stream-state-bench-flink-kafka  | [2026-07-17 19:08:44,869] INFO [GroupCoordinator id=1] Finished loading of metadata from __consumer_offsets-19 with epoch 0 in 1ms where 1ms was spent in the scheduler. Loaded 0 records which total to 0 bytes. (org.apache.kafka.coordinator.common.runtime.CoordinatorRuntime)
stream-state-bench-flink-kafka  | [2026-07-17 19:08:44,869] INFO [GroupCoordinator id=1] Finished loading of metadata from __consumer_offsets-27 with epoch 0 in 0ms where 0ms was spent in the scheduler. Loaded 0 records which total to 0 bytes. (org.apache.kafka.coordinator.common.runtime.CoordinatorRuntime)
stream-state-bench-flink-kafka  | [2026-07-17 19:08:44,869] INFO [GroupCoordinator id=1] Finished loading of metadata from __consumer_offsets-36 with epoch 0 in 1ms where 1ms was spent in the scheduler. Loaded 0 records which total to 0 bytes. (org.apache.kafka.coordinator.common.runtime.CoordinatorRuntime)
stream-state-bench-flink-kafka  | [2026-07-17 19:08:44,869] INFO [GroupCoordinator id=1] Finished loading of metadata from __consumer_offsets-33 with epoch 0 in 0ms where 0ms was spent in the scheduler. Loaded 0 records which total to 0 bytes. (org.apache.kafka.coordinator.common.runtime.CoordinatorRuntime)
stream-state-bench-flink-kafka  | [2026-07-17 19:08:44,869] INFO [GroupCoordinator id=1] Finished loading of metadata from __consumer_offsets-18 with epoch 0 in 1ms where 1ms was spent in the scheduler. Loaded 0 records which total to 0 bytes. (org.apache.kafka.coordinator.common.runtime.CoordinatorRuntime)
stream-state-bench-flink-kafka  | [2026-07-17 19:08:44,869] INFO [GroupCoordinator id=1] Finished loading of metadata from __consumer_offsets-34 with epoch 0 in 1ms where 1ms was spent in the scheduler. Loaded 0 records which total to 0 bytes. (org.apache.kafka.coordinator.common.runtime.CoordinatorRuntime)
stream-state-bench-flink-kafka  | [2026-07-17 19:08:44,869] INFO [GroupCoordinator id=1] Finished loading of metadata from __consumer_offsets-40 with epoch 0 in 0ms where 0ms was spent in the scheduler. Loaded 0 records which total to 0 bytes. (org.apache.kafka.coordinator.common.runtime.CoordinatorRuntime)
stream-state-bench-flink-kafka  | [2026-07-17 19:08:44,869] INFO [GroupCoordinator id=1] Finished loading of metadata from __consumer_offsets-14 with epoch 0 in 0ms where 0ms was spent in the scheduler. Loaded 0 records which total to 0 bytes. (org.apache.kafka.coordinator.common.runtime.CoordinatorRuntime)
stream-state-bench-flink-kafka  | [2026-07-17 19:08:44,869] INFO [GroupCoordinator id=1] Finished loading of metadata from __consumer_offsets-32 with epoch 0 in 1ms where 1ms was spent in the scheduler. Loaded 0 records which total to 0 bytes. (org.apache.kafka.coordinator.common.runtime.CoordinatorRuntime)
stream-state-bench-flink-kafka  | [2026-07-17 19:08:44,869] INFO [GroupCoordinator id=1] Finished loading of metadata from __consumer_offsets-47 with epoch 0 in 0ms where 0ms was spent in the scheduler. Loaded 0 records which total to 0 bytes. (org.apache.kafka.coordinator.common.runtime.CoordinatorRuntime)
stream-state-bench-flink-kafka  | [2026-07-17 19:08:44,869] INFO [GroupCoordinator id=1] Finished loading of metadata from __consumer_offsets-39 with epoch 0 in 0ms where 0ms was spent in the scheduler. Loaded 0 records which total to 0 bytes. (org.apache.kafka.coordinator.common.runtime.CoordinatorRuntime)
stream-state-bench-flink-kafka  | [2026-07-17 19:08:44,869] INFO [GroupCoordinator id=1] Finished loading of metadata from __consumer_offsets-24 with epoch 0 in 0ms where 0ms was spent in the scheduler. Loaded 0 records which total to 0 bytes. (org.apache.kafka.coordinator.common.runtime.CoordinatorRuntime)
stream-state-bench-flink-kafka  | [2026-07-17 19:08:44,869] INFO [GroupCoordinator id=1] Finished loading of metadata from __consumer_offsets-9 with epoch 0 in 1ms where 1ms was spent in the scheduler. Loaded 0 records which total to 0 bytes. (org.apache.kafka.coordinator.common.runtime.CoordinatorRuntime)
stream-state-bench-flink-kafka  | [2026-07-17 19:08:44,870] INFO [GroupCoordinator id=1] Finished loading of metadata from __consumer_offsets-22 with epoch 0 in 0ms where 0ms was spent in the scheduler. Loaded 0 records which total to 0 bytes. (org.apache.kafka.coordinator.common.runtime.CoordinatorRuntime)
stream-state-bench-flink-kafka  | [2026-07-17 19:08:44,870] INFO [GroupCoordinator id=1] Finished loading of metadata from __consumer_offsets-31 with epoch 0 in 0ms where 0ms was spent in the scheduler. Loaded 0 records which total to 0 bytes. (org.apache.kafka.coordinator.common.runtime.CoordinatorRuntime)
stream-state-bench-flink-kafka  | [2026-07-17 19:08:44,870] INFO [GroupCoordinator id=1] Finished loading of metadata from __consumer_offsets-3 with epoch 0 in 0ms where 0ms was spent in the scheduler. Loaded 0 records which total to 0 bytes. (org.apache.kafka.coordinator.common.runtime.CoordinatorRuntime)
stream-state-bench-flink-kafka  | [2026-07-17 19:08:44,870] INFO [GroupCoordinator id=1] Finished loading of metadata from __consumer_offsets-17 with epoch 0 in 1ms where 1ms was spent in the scheduler. Loaded 0 records which total to 0 bytes. (org.apache.kafka.coordinator.common.runtime.CoordinatorRuntime)
stream-state-bench-flink-kafka  | [2026-07-17 19:08:44,870] INFO [GroupCoordinator id=1] Finished loading of metadata from __consumer_offsets-10 with epoch 0 in 0ms where 0ms was spent in the scheduler. Loaded 0 records which total to 0 bytes. (org.apache.kafka.coordinator.common.runtime.CoordinatorRuntime)
stream-state-bench-flink-kafka  | [2026-07-17 19:08:44,870] INFO [GroupCoordinator id=1] Finished loading of metadata from __consumer_offsets-30 with epoch 0 in 0ms where 0ms was spent in the scheduler. Loaded 0 records which total to 0 bytes. (org.apache.kafka.coordinator.common.runtime.CoordinatorRuntime)
stream-state-bench-flink-kafka  | [2026-07-17 19:08:44,871] INFO [GroupCoordinator id=1] Finished loading of metadata from __consumer_offsets-43 with epoch 0 in 0ms where 0ms was spent in the scheduler. Loaded 0 records which total to 0 bytes. (org.apache.kafka.coordinator.common.runtime.CoordinatorRuntime)
stream-state-bench-flink-kafka  | [2026-07-17 19:08:44,871] INFO [GroupCoordinator id=1] Finished loading of metadata from __consumer_offsets-6 with epoch 0 in 0ms where 0ms was spent in the scheduler. Loaded 0 records which total to 0 bytes. (org.apache.kafka.coordinator.common.runtime.CoordinatorRuntime)
stream-state-bench-flink-kafka  | [2026-07-17 19:08:44,871] INFO [GroupCoordinator id=1] Finished loading of metadata from __consumer_offsets-41 with epoch 0 in 0ms where 0ms was spent in the scheduler. Loaded 0 records which total to 0 bytes. (org.apache.kafka.coordinator.common.runtime.CoordinatorRuntime)
stream-state-bench-flink-kafka  | [2026-07-17 19:08:44,872] INFO [GroupCoordinator id=1] Finished loading of metadata from __consumer_offsets-35 with epoch 0 in 0ms where 0ms was spent in the scheduler. Loaded 0 records which total to 0 bytes. (org.apache.kafka.coordinator.common.runtime.CoordinatorRuntime)
stream-state-bench-flink-kafka  | [2026-07-17 19:08:44,872] INFO [GroupCoordinator id=1] Finished loading of metadata from __consumer_offsets-2 with epoch 0 in 0ms where 0ms was spent in the scheduler. Loaded 0 records which total to 0 bytes. (org.apache.kafka.coordinator.common.runtime.CoordinatorRuntime)
stream-state-bench-flink-kafka  | [2026-07-17 19:08:44,872] INFO [GroupCoordinator id=1] Finished loading of metadata from __consumer_offsets-21 with epoch 0 in 0ms where 0ms was spent in the scheduler. Loaded 0 records which total to 0 bytes. (org.apache.kafka.coordinator.common.runtime.CoordinatorRuntime)
stream-state-bench-flink-kafka  | [2026-07-17 19:08:44,933] INFO [GroupCoordinator id=1 topic=__consumer_offsets partition=7] Dynamic member with unknown member id joins group console-consumer-53017 in Empty state. Created a new member id console-consumer-39f857be-eec5-44be-acad-bd7c18a8aeee and requesting the member to rejoin with this id. (org.apache.kafka.coordinator.group.GroupMetadataManager)
stream-state-bench-flink-kafka  | [2026-07-17 19:08:44,937] INFO [GroupCoordinator id=1 topic=__consumer_offsets partition=7] Pending dynamic member with id console-consumer-39f857be-eec5-44be-acad-bd7c18a8aeee joins group console-consumer-53017 in Empty state. Adding to the group now. (org.apache.kafka.coordinator.group.GroupMetadataManager)
stream-state-bench-flink-kafka  | [2026-07-17 19:08:44,938] INFO [GroupCoordinator id=1 topic=__consumer_offsets partition=7] Preparing to rebalance group console-consumer-53017 in state PreparingRebalance with old generation 0 (reason: Adding new member console-consumer-39f857be-eec5-44be-acad-bd7c18a8aeee with group instance id null; client reason: need to re-join with the given member-id: console-consumer-39f857be-eec5-44be-acad-bd7c18a8aeee). (org.apache.kafka.coordinator.group.GroupMetadataManager)
stream-state-bench-flink-kafka  | [2026-07-17 19:08:44,941] INFO [GroupCoordinator id=1 topic=__consumer_offsets partition=7] Stabilized group console-consumer-53017 generation 1 with 1 members. (org.apache.kafka.coordinator.group.GroupMetadataManager)
stream-state-bench-flink-kafka  | [2026-07-17 19:08:44,944] INFO [GroupCoordinator id=1 topic=__consumer_offsets partition=13] Dynamic member with unknown member id joins group console-consumer-96304 in Empty state. Created a new member id console-consumer-715787d1-8aca-4711-9f72-88db3964083f and requesting the member to rejoin with this id. (org.apache.kafka.coordinator.group.GroupMetadataManager)
stream-state-bench-flink-kafka  | [2026-07-17 19:08:44,946] INFO [GroupCoordinator id=1 topic=__consumer_offsets partition=13] Pending dynamic member with id console-consumer-715787d1-8aca-4711-9f72-88db3964083f joins group console-consumer-96304 in Empty state. Adding to the group now. (org.apache.kafka.coordinator.group.GroupMetadataManager)
stream-state-bench-flink-kafka  | [2026-07-17 19:08:44,946] INFO [GroupCoordinator id=1 topic=__consumer_offsets partition=13] Preparing to rebalance group console-consumer-96304 in state PreparingRebalance with old generation 0 (reason: Adding new member console-consumer-715787d1-8aca-4711-9f72-88db3964083f with group instance id null; client reason: need to re-join with the given member-id: console-consumer-715787d1-8aca-4711-9f72-88db3964083f). (org.apache.kafka.coordinator.group.GroupMetadataManager)
stream-state-bench-flink-kafka  | [2026-07-17 19:08:44,946] INFO [GroupCoordinator id=1 topic=__consumer_offsets partition=13] Stabilized group console-consumer-96304 generation 1 with 1 members. (org.apache.kafka.coordinator.group.GroupMetadataManager)
stream-state-bench-flink-kafka  | [2026-07-17 19:08:44,955] INFO [GroupCoordinator id=1 topic=__consumer_offsets partition=7] Assignment received from leader console-consumer-39f857be-eec5-44be-acad-bd7c18a8aeee for group console-consumer-53017 for generation 1. The group has 1 members, 0 of which are static. (org.apache.kafka.coordinator.group.GroupMetadataManager)
stream-state-bench-flink-kafka  | [2026-07-17 19:08:44,958] INFO [GroupCoordinator id=1 topic=__consumer_offsets partition=13] Assignment received from leader console-consumer-715787d1-8aca-4711-9f72-88db3964083f for group console-consumer-96304 for generation 1. The group has 1 members, 0 of which are static. (org.apache.kafka.coordinator.group.GroupMetadataManager)
stream-state-bench-flink-kafka  | [2026-07-17 19:08:48,929] INFO [GroupCoordinator id=1 topic=__consumer_offsets partition=7] [Group console-consumer-53017] Member console-consumer-39f857be-eec5-44be-acad-bd7c18a8aeee has left group through explicit `LeaveGroup` request; client reason: the consumer is being closed (org.apache.kafka.coordinator.group.GroupMetadataManager)
stream-state-bench-flink-kafka  | [2026-07-17 19:08:48,929] INFO [GroupCoordinator id=1 topic=__consumer_offsets partition=7] Preparing to rebalance group console-consumer-53017 in state PreparingRebalance with old generation 1 (reason: explicit `LeaveGroup` request for (console-consumer-39f857be-eec5-44be-acad-bd7c18a8aeee) members.). (org.apache.kafka.coordinator.group.GroupMetadataManager)
stream-state-bench-flink-kafka  | [2026-07-17 19:08:48,930] INFO [GroupCoordinator id=1 topic=__consumer_offsets partition=7] Group console-consumer-53017 with generation 2 is now empty. (org.apache.kafka.coordinator.group.GroupMetadataManager)
stream-state-bench-flink-kafka  | [2026-07-17 19:08:52,001] INFO [TransactionCoordinator id=1] Initialized transactionalId stream-state-bench-flink-w3-latency-tuning_checkpoint10s-0-3 with producerId 3 and producer epoch 0 on partition __transaction_state-2 (kafka.coordinator.transaction.TransactionCoordinator)
stream-state-bench-flink-kafka  | [2026-07-17 19:08:52,029] INFO [Transaction Marker Channel Manager 1]: Creating new marker queue map to destination broker 1 (kafka.coordinator.transaction.TransactionMarkerChannelManager)
stream-state-bench-flink-kafka  | [2026-07-17 19:08:52,030] INFO Creating new marker queue for txn partition 3 to destination broker 1 (kafka.coordinator.transaction.TxnMarkerQueue)
stream-state-bench-flink-kafka  | [2026-07-17 19:08:52,041] INFO [LocalLog partition=bench-w3-latency-flink-output-0, dir=/tmp/kafka-logs/bench-w3-latency-flink-output-0] Rolled new log segment at offset 71 in 2 ms. (org.apache.kafka.storage.internals.log.LocalLog)
stream-state-bench-flink-kafka  | [2026-07-17 19:08:52,042] INFO [ProducerStateManager partition=bench-w3-latency-flink-output-0] Wrote producer snapshot at offset 71 with 1 producer ids in 1 ms. (org.apache.kafka.storage.internals.log.ProducerStateManager)
stream-state-bench-flink-kafka  | [2026-07-17 19:08:58,985] INFO [GroupCoordinator id=1 topic=__consumer_offsets partition=43] [GroupId stream-state-bench-flink-w3-latency-tuning_checkpoint10s] Creating a simple consumer group via manual offset commit. (org.apache.kafka.coordinator.group.OffsetMetadataManager)
stream-state-bench-flink-kafka  | [2026-07-17 19:08:59,372] INFO [UnifiedLog partition=bench-w3-latency-flink-output-0, dir=/tmp/kafka-logs] Incremented log start offset to 71 due to segment deletion (org.apache.kafka.storage.internals.log.UnifiedLog)
stream-state-bench-flink-kafka  | [2026-07-17 19:08:59,376] INFO [UnifiedLog partition=bench-w3-latency-flink-output-0, dir=/tmp/kafka-logs] Deleting segment LogSegment(baseOffset=0, size=10511, lastModifiedTime=1784315329154, largestRecordTimestamp=59999) due to log retention time 604800000ms breach based on the largest record timestamp in the segment (org.apache.kafka.storage.internals.log.UnifiedLog)
stream-state-bench-flink-kafka  | [2026-07-17 19:09:01,885] INFO [TransactionCoordinator id=1] Initialized transactionalId stream-state-bench-flink-w3-latency-tuning_checkpoint10s-0-4 with producerId 4 and producer epoch 0 on partition __transaction_state-1 (kafka.coordinator.transaction.TransactionCoordinator)
stream-state-bench-flink-kafka  | [2026-07-17 19:09:11,884] INFO [TransactionCoordinator id=1] Initialized transactionalId stream-state-bench-flink-w3-latency-tuning_checkpoint10s-0-5 with producerId 5 and producer epoch 0 on partition __transaction_state-0 (kafka.coordinator.transaction.TransactionCoordinator)
stream-state-bench-flink-kafka  | [2026-07-17 19:09:21,884] INFO [TransactionCoordinator id=1] Initialized transactionalId stream-state-bench-flink-w3-latency-tuning_checkpoint10s-0-6 with producerId 6 and producer epoch 0 on partition __transaction_state-49 (kafka.coordinator.transaction.TransactionCoordinator)
stream-state-bench-flink-kafka  | [2026-07-17 19:09:31,883] INFO [TransactionCoordinator id=1] Initialized transactionalId stream-state-bench-flink-w3-latency-tuning_checkpoint10s-0-7 with producerId 7 and producer epoch 0 on partition __transaction_state-48 (kafka.coordinator.transaction.TransactionCoordinator)
stream-state-bench-flink-kafka  | [2026-07-17 19:09:41,883] INFO [TransactionCoordinator id=1] Initialized transactionalId stream-state-bench-flink-w3-latency-tuning_checkpoint10s-0-8 with producerId 8 and producer epoch 0 on partition __transaction_state-47 (kafka.coordinator.transaction.TransactionCoordinator)
stream-state-bench-flink-kafka  | [2026-07-17 19:09:51,884] INFO [TransactionCoordinator id=1] Initialized transactionalId stream-state-bench-flink-w3-latency-tuning_checkpoint10s-0-9 with producerId 9 and producer epoch 0 on partition __transaction_state-46 (kafka.coordinator.transaction.TransactionCoordinator)
stream-state-bench-flink-kafka  | [2026-07-17 19:09:59,377] INFO [LocalLog partition=bench-w3-latency-flink-output-0, dir=/tmp/kafka-logs/bench-w3-latency-flink-output-0] Deleting segment files LogSegment(baseOffset=0, size=10511, lastModifiedTime=1784315329154, largestRecordTimestamp=59999) (org.apache.kafka.storage.internals.log.LocalLog)
stream-state-bench-flink-kafka  | [2026-07-17 19:09:59,379] INFO Deleted log /tmp/kafka-logs/bench-w3-latency-flink-output-0/00000000000000000000.log.deleted. (org.apache.kafka.storage.internals.log.LogSegment)
stream-state-bench-flink-kafka  | [2026-07-17 19:09:59,379] INFO Deleted offset index /tmp/kafka-logs/bench-w3-latency-flink-output-0/00000000000000000000.index.deleted. (org.apache.kafka.storage.internals.log.LogSegment)
stream-state-bench-flink-kafka  | [2026-07-17 19:09:59,380] INFO Deleted time index /tmp/kafka-logs/bench-w3-latency-flink-output-0/00000000000000000000.timeindex.deleted. (org.apache.kafka.storage.internals.log.LogSegment)
stream-state-bench-flink-kafka  | [2026-07-17 19:10:01,883] INFO [TransactionCoordinator id=1] Initialized transactionalId stream-state-bench-flink-w3-latency-tuning_checkpoint10s-0-10 with producerId 10 and producer epoch 0 on partition __transaction_state-12 (kafka.coordinator.transaction.TransactionCoordinator)
stream-state-bench-flink-kafka  | [2026-07-17 19:10:11,882] INFO [TransactionCoordinator id=1] Initialized transactionalId stream-state-bench-flink-w3-latency-tuning_checkpoint10s-0-11 with producerId 11 and producer epoch 0 on partition __transaction_state-11 (kafka.coordinator.transaction.TransactionCoordinator)
stream-state-bench-flink-kafka  | [2026-07-17 19:10:21,884] INFO [TransactionCoordinator id=1] Initialized transactionalId stream-state-bench-flink-w3-latency-tuning_checkpoint10s-0-12 with producerId 12 and producer epoch 0 on partition __transaction_state-10 (kafka.coordinator.transaction.TransactionCoordinator)
stream-state-bench-flink-kafka  | [2026-07-17 19:10:31,884] INFO [TransactionCoordinator id=1] Initialized transactionalId stream-state-bench-flink-w3-latency-tuning_checkpoint10s-0-13 with producerId 13 and producer epoch 0 on partition __transaction_state-9 (kafka.coordinator.transaction.TransactionCoordinator)
stream-state-bench-flink-kafka  | [2026-07-17 19:10:41,884] INFO [TransactionCoordinator id=1] Initialized transactionalId stream-state-bench-flink-w3-latency-tuning_checkpoint10s-0-14 with producerId 14 and producer epoch 0 on partition __transaction_state-8 (kafka.coordinator.transaction.TransactionCoordinator)
stream-state-bench-flink-kafka  | [2026-07-17 19:10:51,883] INFO [TransactionCoordinator id=1] Initialized transactionalId stream-state-bench-flink-w3-latency-tuning_checkpoint10s-0-15 with producerId 15 and producer epoch 0 on partition __transaction_state-7 (kafka.coordinator.transaction.TransactionCoordinator)
stream-state-bench-flink-kafka  | [2026-07-17 19:10:57,074] INFO [GroupCoordinator id=1 topic=__consumer_offsets partition=13] [Group console-consumer-96304] Member console-consumer-715787d1-8aca-4711-9f72-88db3964083f has left group through explicit `LeaveGroup` request; client reason: the consumer is being closed (org.apache.kafka.coordinator.group.GroupMetadataManager)
stream-state-bench-flink-kafka  | [2026-07-17 19:10:57,074] INFO [GroupCoordinator id=1 topic=__consumer_offsets partition=13] Preparing to rebalance group console-consumer-96304 in state PreparingRebalance with old generation 1 (reason: explicit `LeaveGroup` request for (console-consumer-715787d1-8aca-4711-9f72-88db3964083f) members.). (org.apache.kafka.coordinator.group.GroupMetadataManager)
stream-state-bench-flink-kafka  | [2026-07-17 19:10:57,074] INFO [GroupCoordinator id=1 topic=__consumer_offsets partition=13] Group console-consumer-96304 with generation 2 is now empty. (org.apache.kafka.coordinator.group.GroupMetadataManager)
