event_id,t0_ms,t1_ms,t2_ms,t3_ms,write_to_input_append_latency_ms,input_append_to_result_emission_latency_ms,l_visibility_ms,l_closure_ms,latency_ms
e-0,1784417732367.2295,1784417735235,1784417735265.0,1784417735616.6191,2867.771,30.0,351.619,,3249.39
e-1,1784417732416.555,1784417735235,1784417735280.0,1784417735616.622,2818.445,45.0,336.622,,3200.067
e-2,1784417732466.5706,1784417735235,1784417735281.0,1784417735616.6233,2768.429,46.0,335.623,,3150.053
e-3,1784417732516.7305,1784417735235,1784417735281.0,1784417735616.624,2718.27,46.0,335.624,,3099.894
e-4,1784417732566.554,1784417735235,1784417735281.0,1784417735616.6245,2668.446,46.0,335.625,,3050.071
e-5,1784417732616.5493,1784417735235,1784417735281.0,1784417735616.6252,2618.451,46.0,335.625,,3000.076
e-6,1784417732667.5598,1784417735235,1784417735281.0,1784417735616.6306,2567.44,46.0,335.631,,2949.071
e-7,1784417732716.5386,1784417735235,1784417735281.0,1784417735616.6348,2518.461,46.0,335.635,,2900.096
e-8,1784417732766.538,1784417735235,1784417735282.0,1784417735616.6355,2468.462,47.0,334.635,,2850.097
e-9,1784417732816.5361,1784417735235,1784417735282.0,1784417735616.6362,2418.464,47.0,334.636,,2800.1
e-10,1784417732866.538,1784417735235,1784417735282.0,1784417735616.6367,2368.462,47.0,334.637,,2750.099
e-11,1784417732916.5688,1784417735235,1784417735283.0,1784417735616.6372,2318.431,48.0,333.637,,2700.068
e-12,1784417732966.5647,1784417735235,1784417735283.0,1784417735616.6375,2268.435,48.0,333.637,,2650.073
e-13,1784417733016.5518,1784417735235,1784417735283.0,1784417735616.6404,2218.448,48.0,333.64,,2600.089
e-14,1784417733066.5403,1784417735235,1784417735283.0,1784417735616.7625,2168.46,48.0,333.762,,2550.222
e-15,1784417733116.5422,1784417735235,1784417735283.0,1784417735616.7632,2118.458,48.0,333.763,,2500.221
e-16,1784417733166.55,1784417735235,1784417735284.0,1784417735616.7637,2068.45,49.0,332.764,,2450.214
e-17,1784417733216.6077,1784417735235,1784417735284.0,1784417735616.7642,2018.392,49.0,332.764,,2400.156
e-18,1784417733266.5547,1784417735235,1784417735284.0,1784417735616.7644,1968.445,49.0,332.764,,2350.21
e-19,1784417733316.5613,1784417735235,1784417735284.0,1784417735616.7646,1918.439,49.0,332.765,,2300.203
e-20,1784417733372.9136,1784417735235,1784417735284.0,1784417735616.7651,1862.086,49.0,332.765,,2243.852
e-21,1784417733416.5547,1784417735235,1784417735284.0,1784417735616.7654,1818.445,49.0,332.765,,2200.211
e-22,1784417733466.5413,1784417735235,1784417735285.0,1784417735616.7656,1768.459,50.0,331.766,,2150.224
e-23,1784417733516.5413,1784417735235,1784417735285.0,1784417735616.7659,1718.459,50.0,331.766,,2100.225
e-24,1784417733566.5332,1784417735235,1784417735285.0,1784417735616.8987,1668.467,50.0,331.899,,2050.365
e-25,1784417733616.5242,1784417735235,1784417735285.0,1784417735616.9001,1618.476,50.0,331.9,,2000.376
e-26,1784417733666.5237,1784417735235,1784417735285.0,1784417735616.9006,1568.476,50.0,331.901,,1950.377
e-27,1784417733716.5283,1784417735235,1784417735286.0,1784417735616.901,1518.472,51.0,330.901,,1900.373
e-28,1784417733766.5298,1784417735235,1784417735286.0,1784417735616.9011,1468.47,51.0,330.901,,1850.371
e-29,1784417733816.533,1784417735235,1784417735286.0,1784417735616.9016,1418.467,51.0,330.902,,1800.369
e-30,1784417733866.5383,1784417735235,1784417735286.0,1784417735616.9019,1368.462,51.0,330.902,,1750.364
e-31,1784417733916.531,1784417735235,1784417735286.0,1784417735616.9023,1318.469,51.0,330.902,,1700.371
e-32,1784417733966.5198,1784417735235,1784417735286.0,1784417735616.9026,1268.48,51.0,330.903,,1650.383
e-33,1784417734016.5461,1784417735235,1784417735287.0,1784417735616.9033,1218.454,52.0,329.903,,1600.357
e-34,1784417734066.537,1784417735235,1784417735287.0,1784417735616.9436,1168.463,52.0,329.944,,1550.406
e-35,1784417734116.5417,1784417735235,1784417735287.0,1784417735616.9453,1118.458,52.0,329.945,,1500.404
e-36,1784417734166.5303,1784417735235,1784417735287.0,1784417735616.946,1068.47,52.0,329.946,,1450.416
e-37,1784417734216.545,1784417735235,1784417735287.0,1784417735616.9468,1018.455,52.0,329.947,,1400.402
e-38,1784417734266.5532,1784417735235,1784417735288.0,1784417735616.9475,968.447,53.0,328.948,,1350.394
e-39,1784417734316.5435,1784417735235,1784417735288.0,1784417735616.948,918.457,53.0,328.948,,1300.405
e-40,1784417734366.5361,1784417735235,1784417735288.0,1784417735616.9487,868.464,53.0,328.949,,1250.413
e-41,1784417734416.534,1784417735235,1784417735288.0,1784417735616.9697,818.466,53.0,328.97,,1200.436
e-42,1784417734466.519,1784417735235,1784417735288.0,1784417735617.0847,768.481,53.0,329.085,,1150.566
e-43,1784417734516.5405,1784417735235,1784417735288.0,1784417735617.086,718.459,53.0,329.086,,1100.545
e-44,1784417734566.5315,1784417735235,1784417735288.0,1784417735617.0867,668.469,53.0,329.087,,1050.555
e-45,1784417734616.5266,1784417735235,1784417735288.0,1784417735617.0874,618.473,53.0,329.087,,1000.561
e-46,1784417734666.5283,1784417735235,1784417735289.0,1784417735617.088,568.472,54.0,328.088,,950.56
e-47,1784417734716.527,1784417735235,1784417735289.0,1784417735617.096,518.473,54.0,328.096,,900.569
e-48,1784417734766.5457,1784417735235,1784417735289.0,1784417735617.4014,468.454,54.0,328.401,,850.856
e-49,1784417734816.527,1784417735235,1784417735289.0,1784417735617.403,418.473,54.0,328.403,,800.876
e-50,1784417734866.5325,1784417735235,1784417735289.0,1784417735617.404,368.468,54.0,328.404,,750.872
e-51,1784417734916.53,1784417735235,1784417735289.0,1784417735617.4045,318.47,54.0,328.405,,700.875
e-52,1784417734966.5315,1784417735235,1784417735289.0,1784417735617.4053,268.469,54.0,328.405,,650.874
e-53,1784417735016.533,1784417735235,1784417735289.0,1784417735617.407,218.467,54.0,328.407,,600.874
e-54,1784417735066.5303,1784417735235,1784417735289.0,1784417735617.4077,168.47,54.0,328.408,,550.877
e-55,1784417735116.5454,1784417735235,1784417735290.0,1784417735617.68,118.455,55.0,327.68,,501.135
e-56,1784417735166.542,1784417735235,1784417735290.0,1784417735617.6897,68.458,55.0,327.69,,451.148
e-57,1784417735216.5535,1784417736220,1784417736246.0,1784417736544.0737,1003.447,26.0,298.074,,1327.52
e-58,1784417735266.5598,1784417736220,1784417736250.0,1784417736544.0774,953.44,30.0,294.077,,1277.518
e-59,1784417735316.5315,1784417736220,1784417736250.0,1784417736544.079,903.469,30.0,294.079,,1227.548
e-60,1784417735366.5283,1784417736220,1784417736250.0,1784417736544.0798,853.472,30.0,294.08,,1177.552
e-61,1784417735416.549,1784417736220,1784417736250.0,1784417736544.081,803.451,30.0,294.081,,1127.532
e-62,1784417735466.5425,1784417736220,1784417736250.0,1784417736544.0818,753.458,30.0,294.082,,1077.539
e-63,1784417735516.537,1784417736220,1784417736251.0,1784417736544.0989,703.463,31.0,293.099,,1027.562
e-64,1784417735566.5557,1784417736220,1784417736251.0,1784417736544.0994,653.444,31.0,293.099,,977.544
e-65,1784417735616.527,1784417736220,1784417736251.0,1784417736544.485,603.473,31.0,293.485,,927.958
e-66,1784417735667.0947,1784417736220,1784417736251.0,1784417736544.4868,552.905,31.0,293.487,,877.392
e-67,1784417735716.5322,1784417736220,1784417736251.0,1784417736544.4875,503.468,31.0,293.488,,827.955
e-68,1784417735766.5454,1784417736220,1784417736251.0,1784417736544.4888,453.455,31.0,293.489,,777.943
e-69,1784417735816.5273,1784417736220,1784417736251.0,1784417736544.4897,403.473,31.0,293.49,,727.962
e-70,1784417735866.5618,1784417736220,1784417736251.0,1784417736544.4907,353.438,31.0,293.491,,677.929
e-71,1784417735916.5454,1784417736220,1784417736252.0,1784417736544.4915,303.455,32.0,292.491,,627.946
e-72,1784417735966.5635,1784417736220,1784417736252.0,1784417736544.4922,253.437,32.0,292.492,,577.929
e-73,1784417736016.5334,1784417736220,1784417736252.0,1784417736544.4932,203.467,32.0,292.493,,527.96
e-74,1784417736066.564,1784417736220,1784417736252.0,1784417736544.5308,153.436,32.0,292.531,,477.967
e-75,1784417736116.513,1784417736220,1784417736252.0,1784417736544.5317,103.487,32.0,292.532,,428.019
e-76,1784417736166.5396,1784417736220,1784417736252.0,1784417736544.5325,53.46,32.0,292.532,,377.993
e-77,1784417736216.5532,1784417736220,1784417736252.0,1784417736544.5396,3.447,32.0,292.54,,327.986
e-78,1784417736266.5447,1784417737268,1784417737274.0,1784417737562.617,1001.455,6.0,288.617,,1296.072
e-79,1784417736316.539,1784417737268,1784417737274.0,1784417737562.6206,951.461,6.0,288.621,,1246.082
e-80,1784417736366.5222,1784417737268,1784417737274.0,1784417737562.622,901.478,6.0,288.622,,1196.1
e-81,1784417736416.5293,1784417737268,1784417737274.0,1784417737562.6226,851.471,6.0,288.623,,1146.093
e-82,1784417736466.5288,1784417737268,1784417737275.0,1784417737562.6233,801.471,7.0,287.623,,1096.094
e-83,1784417736516.538,1784417737268,1784417737275.0,1784417737562.624,751.462,7.0,287.624,,1046.086
e-84,1784417736566.538,1784417737268,1784417737275.0,1784417737562.6248,701.462,7.0,287.625,,996.087
e-85,1784417736616.5342,1784417737268,1784417737275.0,1784417737562.6255,651.466,7.0,287.625,,946.091
e-86,1784417736666.5322,1784417737268,1784417737275.0,1784417737562.6262,601.468,7.0,287.626,,896.094
e-87,1784417736716.536,1784417737268,1784417737275.0,1784417737562.627,551.464,7.0,287.627,,846.091
e-88,1784417736766.5469,1784417737268,1784417737275.0,1784417737562.6274,501.453,7.0,287.627,,796.081
e-89,1784417736816.5312,1784417737268,1784417737275.0,1784417737562.6282,451.469,7.0,287.628,,746.097
e-90,1784417736866.533,1784417737268,1784417737275.0,1784417737562.6292,401.467,7.0,287.629,,696.096
e-91,1784417736916.5405,1784417737268,1784417737275.0,1784417737562.63,351.459,7.0,287.63,,646.089
e-92,1784417736966.542,1784417737268,1784417737276.0,1784417737562.6306,301.458,8.0,286.631,,596.089
e-93,1784417737016.5217,1784417737268,1784417737276.0,1784417737562.6323,251.478,8.0,286.632,,546.111
e-94,1784417737066.5254,1784417737268,1784417737276.0,1784417737562.646,201.475,8.0,286.646,,496.121
e-95,1784417737116.5288,1784417737268,1784417737276.0,1784417737562.6465,151.471,8.0,286.646,,446.118
e-96,1784417737166.5315,1784417737268,1784417737276.0,1784417737562.6472,101.469,8.0,286.647,,396.116
e-97,1784417737216.5156,1784417737268,1784417737276.0,1784417737562.6477,51.484,8.0,286.648,,346.132
e-98,1784417737266.5195,1784417737268,1784417737276.0,1784417737562.652,1.48,8.0,286.652,,296.133
e-99,1784417737316.5386,1784417738318,1784417738324.0,1784417738457.3914,1001.461,6.0,133.391,,1140.853
e-100,1784417737366.5356,1784417738318,1784417738324.0,1784417738457.3936,951.464,6.0,133.394,,1090.858
e-101,1784417737416.5376,1784417738318,1784417738324.0,1784417738457.3945,901.462,6.0,133.395,,1040.857
e-102,1784417737466.536,1784417738318,1784417738324.0,1784417738457.3948,851.464,6.0,133.395,,990.859
e-103,1784417737516.5305,1784417738318,1784417738325.0,1784417738457.3953,801.469,7.0,132.395,,940.865
e-104,1784417737566.532,1784417738318,1784417738325.0,1784417738457.3958,751.468,7.0,132.396,,890.864
e-105,1784417737616.5325,1784417738318,1784417738325.0,1784417738457.3962,701.468,7.0,132.396,,840.864
e-106,1784417737666.5208,1784417738318,1784417738325.0,1784417738457.3967,651.479,7.0,132.397,,790.876
e-107,1784417737716.522,1784417738318,1784417738325.0,1784417738457.5217,601.478,7.0,132.522,,741.0
e-108,1784417737766.5251,1784417738318,1784417738325.0,1784417738457.5227,551.475,7.0,132.523,,690.998
e-109,1784417737816.5347,1784417738318,1784417738325.0,1784417738457.5251,501.465,7.0,132.525,,640.99
e-110,1784417737866.5398,1784417738318,1784417738325.0,1784417738457.526,451.46,7.0,132.526,,590.986
e-111,1784417737916.5542,1784417738318,1784417738325.0,1784417738457.5266,401.446,7.0,132.527,,540.972
e-112,1784417737966.5417,1784417738318,1784417738326.0,1784417738457.5276,351.458,8.0,131.528,,490.986
e-113,1784417738016.5393,1784417738318,1784417738326.0,1784417738457.528,301.461,8.0,131.528,,440.989
e-114,1784417738066.5432,1784417738318,1784417738326.0,1784417738457.5288,251.457,8.0,131.529,,390.986
e-115,1784417738116.5273,1784417738318,1784417738326.0,1784417738457.5293,201.473,8.0,131.529,,341.002
e-116,1784417738166.5232,1784417738318,1784417738326.0,1784417738457.5295,151.477,8.0,131.53,,291.006
e-117,1784417738216.5303,1784417738318,1784417738326.0,1784417738457.53,101.47,8.0,131.53,,241.0
e-118,1784417738266.5247,1784417738318,1784417738326.0,1784417738457.5305,51.475,8.0,131.531,,191.006
e-119,1784417738316.5256,1784417739319,1784417739325.0,1784417739439.8198,1002.474,6.0,114.82,,1123.294
e-120,1784417738366.553,1784417739319,1784417739326.0,1784417739439.8235,952.447,7.0,113.823,,1073.271
e-121,1784417738416.5498,1784417739319,1784417739326.0,1784417739439.8247,902.45,7.0,113.825,,1023.275
e-122,1784417738466.5354,1784417739319,1784417739326.0,1784417739439.8254,852.465,7.0,113.825,,973.29
e-123,1784417738516.5312,1784417739319,1784417739326.0,1784417739439.8264,802.469,7.0,113.826,,923.295
e-124,1784417738566.5452,1784417739319,1784417739326.0,1784417739439.827,752.455,7.0,113.827,,873.282
e-125,1784417738616.5327,1784417739319,1784417739326.0,1784417739439.8276,702.467,7.0,113.828,,823.295
e-126,1784417738666.522,1784417739319,1784417739326.0,1784417739439.8284,652.478,7.0,113.828,,773.306
e-127,1784417738716.564,1784417739319,1784417739327.0,1784417739439.8296,602.436,8.0,112.83,,723.266
e-128,1784417738766.566,1784417739319,1784417739327.0,1784417739439.83,552.434,8.0,112.83,,673.264
e-129,1784417738816.5674,1784417739319,1784417739327.0,1784417739439.832,502.433,8.0,112.832,,623.265
e-130,1784417738866.5461,1784417739319,1784417739327.0,1784417739439.8328,452.454,8.0,112.833,,573.287
e-131,1784417738916.5623,1784417739319,1784417739327.0,1784417739439.8496,402.438,8.0,112.85,,523.287
e-132,1784417738969.2688,1784417739319,1784417739327.0,1784417739439.8503,349.731,8.0,112.85,,470.582
e-133,1784417739016.5286,1784417739319,1784417739327.0,1784417739439.851,302.471,8.0,112.851,,423.323
e-134,1784417739066.5142,1784417739319,1784417739328.0,1784417739439.8518,252.486,9.0,111.852,,373.338
e-135,1784417739116.526,1784417739319,1784417739328.0,1784417739439.8523,202.474,9.0,111.852,,323.326
e-136,1784417739166.5596,1784417739319,1784417739328.0,1784417739439.9016,152.44,9.0,111.902,,273.342
e-137,1784417739216.5415,1784417739319,1784417739328.0,1784417739439.9026,102.458,9.0,111.903,,223.361
e-138,1784417739266.528,1784417739319,1784417739328.0,1784417739439.9033,52.472,9.0,111.903,,173.375
e-139,1784417739316.5288,1784417739319,1784417739328.0,1784417739439.904,2.471,9.0,111.904,,123.375
e-140,1784417739366.5474,1784417740369,1784417740375.0,1784417740544.2083,1002.453,6.0,169.208,,1177.661
e-141,1784417739416.5583,1784417740369,1784417740375.0,1784417740544.2114,952.442,6.0,169.211,,1127.653
e-142,1784417739466.5576,1784417740369,1784417740375.0,1784417740544.2122,902.442,6.0,169.212,,1077.655
e-143,1784417739516.5417,1784417740369,1784417740375.0,1784417740544.2126,852.458,6.0,169.213,,1027.671
e-144,1784417739566.546,1784417740369,1784417740375.0,1784417740544.2131,802.454,6.0,169.213,,977.667
e-145,1784417739616.5205,1784417740369,1784417740376.0,1784417740544.2134,752.479,7.0,168.213,,927.693
e-146,1784417739666.524,1784417740369,1784417740376.0,1784417740544.2139,702.476,7.0,168.214,,877.69
e-147,1784417739716.5212,1784417740369,1784417740376.0,1784417740544.225,652.479,7.0,168.225,,827.704
e-148,1784417739766.5388,1784417740369,1784417740376.0,1784417740544.2256,602.461,7.0,168.226,,777.687
e-149,1784417739816.5312,1784417740369,1784417740376.0,1784417740544.2278,552.469,7.0,168.228,,727.697
e-150,1784417739866.5378,1784417740369,1784417740376.0,1784417740544.2283,502.462,7.0,168.228,,677.69
e-151,1784417739916.5322,1784417740369,1784417740376.0,1784417740544.2285,452.468,7.0,168.229,,627.696
e-152,1784417739966.5664,1784417740369,1784417740376.0,1784417740544.2434,402.434,7.0,168.243,,577.677
e-153,1784417740016.6177,1784417740369,1784417740376.0,1784417740544.244,352.382,7.0,168.244,,527.626
e-154,1784417740066.54,1784417740369,1784417740376.0,1784417740544.2441,302.46,7.0,168.244,,477.704
e-155,1784417740116.5361,1784417740369,1784417740376.0,1784417740544.2444,252.464,7.0,168.244,,427.708
e-156,1784417740166.5312,1784417740369,1784417740376.0,1784417740544.2449,202.469,7.0,168.245,,377.714
e-157,1784417740216.5232,1784417740369,1784417740377.0,1784417740544.245,152.477,8.0,167.245,,327.722
e-158,1784417740266.557,1784417740369,1784417740377.0,1784417740544.2456,102.443,8.0,167.246,,277.689
e-159,1784417740316.5361,1784417740369,1784417740377.0,1784417740544.2458,52.464,8.0,167.246,,227.71
e-160,1784417740366.5686,1784417740369,1784417740377.0,1784417740544.2463,2.431,8.0,167.246,,177.678
e-161,1784417740416.5571,1784417741418,1784417741425.0,1784417742545.6912,1001.443,7.0,1120.691,,2129.134
e-162,1784417740466.5598,1784417741418,1784417741425.0,1784417742545.694,951.44,7.0,1120.694,,2079.134
e-163,1784417740516.5522,1784417741418,1784417741425.0,1784417742545.695,901.448,7.0,1120.695,,2029.143
e-164,1784417740566.559,1784417741418,1784417741425.0,1784417742545.6956,851.441,7.0,1120.696,,1979.136
e-165,1784417740616.5244,1784417741418,1784417741425.0,1784417742545.7068,801.476,7.0,1120.707,,1929.182
e-166,1784417740666.5474,1784417741418,1784417741425.0,1784417742545.707,751.453,7.0,1120.707,,1879.16
e-167,1784417740716.5254,1784417741418,1784417741425.0,1784417742545.7195,701.475,7.0,1120.719,,1829.194
e-168,1784417740766.5344,1784417741418,1784417741425.0,1784417742545.72,651.466,7.0,1120.72,,1779.186
e-169,1784417740816.5327,1784417741418,1784417741425.0,1784417742545.7205,601.467,7.0,1120.72,,1729.188
e-170,1784417740866.546,1784417741418,1784417741426.0,1784417742545.721,551.454,8.0,1119.721,,1679.175
e-171,1784417740916.5303,1784417741418,1784417741426.0,1784417742545.7212,501.47,8.0,1119.721,,1629.191
e-172,1784417740966.5562,1784417741418,1784417741426.0,1784417742545.7217,451.444,8.0,1119.722,,1579.166
e-173,1784417741016.5469,1784417741418,1784417741426.0,1784417742545.7234,401.453,8.0,1119.723,,1529.177
e-174,1784417741066.5479,1784417741418,1784417741426.0,1784417742545.724,351.452,8.0,1119.724,,1479.176
e-175,1784417741116.528,1784417741418,1784417741426.0,1784417742545.7244,301.472,8.0,1119.724,,1429.196
e-176,1784417741166.547,1784417741418,1784417741426.0,1784417742545.7249,251.453,8.0,1119.725,,1379.178
e-177,1784417741216.5342,1784417741418,1784417741426.0,1784417742545.7253,201.466,8.0,1119.725,,1329.191
e-178,1784417741266.536,1784417741418,1784417741426.0,1784417742545.7256,151.464,8.0,1119.726,,1279.19
e-179,1784417741316.5344,1784417741418,1784417741426.0,1784417742545.756,101.466,8.0,1119.756,,1229.222
e-180,1784417741366.54,1784417741418,1784417741426.0,1784417742545.7566,51.46,8.0,1119.757,,1179.217
e-181,1784417741416.5337,1784417741418,1784417741427.0,1784417742545.7568,1.466,9.0,1118.757,,1129.223
e-182,1784417741466.5728,1784417742468,1784417742508.0,1784417743545.907,1001.427,40.0,1037.907,,2079.334
e-183,1784417741516.5603,1784417742468,1784417742508.0,1784417743545.9094,951.44,40.0,1037.909,,2029.349
e-184,1784417741566.5488,1784417742468,1784417742508.0,1784417743545.9106,901.451,40.0,1037.911,,1979.362
e-185,1784417741616.527,1784417742468,1784417742508.0,1784417743545.9111,851.473,40.0,1037.911,,1929.384
e-186,1784417741666.5444,1784417742468,1784417742508.0,1784417743545.9116,801.456,40.0,1037.912,,1879.367
e-187,1784417741716.5322,1784417742468,1784417742508.0,1784417743545.912,751.468,40.0,1037.912,,1829.38
e-188,1784417741766.548,1784417742468,1784417742508.0,1784417743545.9126,701.452,40.0,1037.913,,1779.365
e-189,1784417741816.5361,1784417742468,1784417742508.0,1784417743545.913,651.464,40.0,1037.913,,1729.377
e-190,1784417741866.5347,1784417742468,1784417742508.0,1784417743545.9136,601.465,40.0,1037.914,,1679.379
e-191,1784417741916.5347,1784417742468,1784417742509.0,1784417743546.3105,551.465,41.0,1037.311,,1629.776
e-192,1784417741966.5435,1784417742468,1784417742509.0,1784417743546.312,501.457,41.0,1037.312,,1579.769
e-193,1784417742016.544,1784417742468,1784417742509.0,1784417743546.313,451.456,41.0,1037.313,,1529.769
e-194,1784417742066.5376,1784417742468,1784417742509.0,1784417743546.3137,401.462,41.0,1037.314,,1479.776
e-195,1784417742116.536,1784417742468,1784417742509.0,1784417743546.3142,351.464,41.0,1037.314,,1429.778
e-196,1784417742166.7869,1784417742468,1784417742509.0,1784417743546.315,301.213,41.0,1037.315,,1379.528
e-197,1784417742216.5364,1784417742468,1784417742509.0,1784417743546.3157,251.464,41.0,1037.316,,1329.779
e-198,1784417742266.5442,1784417742468,1784417742509.0,1784417743546.3164,201.456,41.0,1037.316,,1279.772
e-199,1784417742316.5493,1784417742468,1784417742509.0,1784417743546.317,151.451,41.0,1037.317,,1229.768
e-200,1784417742366.5405,1784417742468,1784417742509.0,1784417743546.3176,101.459,41.0,1037.318,,1179.777
e-201,1784417742416.5396,1784417742468,1784417742509.0,1784417743546.3203,51.46,41.0,1037.32,,1129.781
e-202,1784417742466.5583,1784417743468,1784417743505.0,1784417744542.4297,1001.442,37.0,1037.43,,2075.871
e-203,1784417742516.5764,1784417743468,1784417743506.0,1784417744542.4324,951.424,38.0,1036.432,,2025.856
e-204,1784417742566.5344,1784417743468,1784417743506.0,1784417744542.4434,901.466,38.0,1036.443,,1975.909
e-205,1784417742616.533,1784417743468,1784417743506.0,1784417744542.444,851.467,38.0,1036.444,,1925.911
e-206,1784417742666.5522,1784417743468,1784417743506.0,1784417744542.4446,801.448,38.0,1036.445,,1875.892
e-207,1784417742716.5286,1784417743468,1784417743506.0,1784417744542.445,751.471,38.0,1036.445,,1825.917
e-208,1784417742766.5334,1784417743468,1784417743506.0,1784417744542.4456,701.467,38.0,1036.446,,1775.912
e-209,1784417742816.5269,1784417743468,1784417743506.0,1784417744542.4495,651.473,38.0,1036.449,,1725.923
e-210,1784417742866.529,1784417743468,1784417743506.0,1784417744542.45,601.471,38.0,1036.45,,1675.921
e-211,1784417742916.5483,1784417743468,1784417743506.0,1784417744542.4512,551.452,38.0,1036.451,,1625.903
e-212,1784417742966.5574,1784417743468,1784417743506.0,1784417744542.4517,501.443,38.0,1036.452,,1575.894
e-213,1784417743016.5508,1784417743468,1784417743506.0,1784417744542.4521,451.449,38.0,1036.452,,1525.901
e-214,1784417743066.526,1784417743468,1784417743506.0,1784417744542.453,401.474,38.0,1036.453,,1475.927
e-215,1784417743116.5251,1784417743468,1784417743507.0,1784417744542.4534,351.475,39.0,1035.453,,1425.928
e-216,1784417743166.5293,1784417743468,1784417743507.0,1784417744542.4539,301.471,39.0,1035.454,,1375.925
e-217,1784417743216.5383,1784417743468,1784417743507.0,1784417744542.4543,251.462,39.0,1035.454,,1325.916
e-218,1784417743266.5906,1784417743468,1784417743507.0,1784417744542.4548,201.409,39.0,1035.455,,1275.864
e-219,1784417743316.5215,1784417743468,1784417743507.0,1784417744542.4553,151.479,39.0,1035.455,,1225.934
e-220,1784417743366.5217,1784417743468,1784417743507.0,1784417744542.4595,101.478,39.0,1035.459,,1175.938
e-221,1784417743416.527,1784417743468,1784417743507.0,1784417744542.4639,51.473,39.0,1035.464,,1125.937
e-222,1784417743466.519,1784417743468,1784417743507.0,1784417744542.4644,1.481,39.0,1035.464,,1075.945
e-223,1784417743516.55,1784417744520,1784417744526.0,1784417745435.3271,1003.45,6.0,909.327,,1918.777
e-224,1784417743566.5396,1784417744520,1784417744526.0,1784417745435.3308,953.46,6.0,909.331,,1868.791
e-225,1784417743616.5342,1784417744520,1784417744526.0,1784417745435.3323,903.466,6.0,909.332,,1818.798
e-226,1784417743666.5322,1784417744520,1784417744526.0,1784417745435.3467,853.468,6.0,909.347,,1768.814
e-227,1784417743716.5193,1784417744520,1784417744526.0,1784417745435.3477,803.481,6.0,909.348,,1718.828
e-228,1784417743767.5896,1784417744520,1784417744526.0,1784417745435.3489,752.41,6.0,909.349,,1667.759
e-229,1784417743816.5242,1784417744520,1784417744526.0,1784417745435.3496,703.476,6.0,909.35,,1618.825
e-230,1784417743866.5361,1784417744520,1784417744526.0,1784417745435.3503,653.464,6.0,909.35,,1568.814
e-231,1784417743916.5347,1784417744520,1784417744526.0,1784417745435.351,603.465,6.0,909.351,,1518.816
e-232,1784417743966.5232,1784417744520,1784417744527.0,1784417745435.3516,553.477,7.0,908.352,,1468.828
e-233,1784417744016.5342,1784417744520,1784417744527.0,1784417745435.3547,503.466,7.0,908.355,,1418.821
e-234,1784417744066.5435,1784417744520,1784417744527.0,1784417745435.3555,453.457,7.0,908.355,,1368.812
e-235,1784417744116.5288,1784417744520,1784417744527.0,1784417745435.3562,403.471,7.0,908.356,,1318.827
e-236,1784417744166.5537,1784417744520,1784417744527.0,1784417745435.3567,353.446,7.0,908.357,,1268.803
e-237,1784417744216.5193,1784417744520,1784417744527.0,1784417745435.3574,303.481,7.0,908.357,,1218.838
e-238,1784417744266.5447,1784417744520,1784417744527.0,1784417745435.3582,253.455,7.0,908.358,,1168.813
e-239,1784417744316.5188,1784417744520,1784417744527.0,1784417745435.359,203.481,7.0,908.359,,1118.84
e-240,1784417744366.5383,1784417744520,1784417744527.0,1784417745435.3594,153.462,7.0,908.359,,1068.821
e-241,1784417744416.5132,1784417744520,1784417744527.0,1784417745435.36,103.487,7.0,908.36,,1018.847
e-242,1784417744466.5352,1784417744520,1784417744527.0,1784417745435.3608,53.465,7.0,908.361,,968.826
e-243,1784417744516.5508,1784417744520,1784417744534.0,1784417745435.3616,3.449,14.0,901.362,,918.811
e-244,1784417744566.5327,1784417745568,1784417745573.0,1784417746541.2627,1001.467,5.0,968.263,,1974.73
e-245,1784417744616.526,1784417745568,1784417745573.0,1784417746541.2664,951.474,5.0,968.266,,1924.74
e-246,1784417744666.543,1784417745568,1784417745573.0,1784417746541.2678,901.457,5.0,968.268,,1874.725
e-247,1784417744716.5437,1784417745568,1784417745574.0,1784417746541.2935,851.456,6.0,967.293,,1824.75
e-248,1784417744766.5398,1784417745568,1784417745574.0,1784417746541.2947,801.46,6.0,967.295,,1774.755
e-249,1784417744816.5354,1784417745568,1784417745574.0,1784417746541.2954,751.465,6.0,967.295,,1724.76
e-250,1784417744866.547,1784417745568,1784417745574.0,1784417746541.2964,701.453,6.0,967.296,,1674.749
e-251,1784417744916.5386,1784417745568,1784417745574.0,1784417746541.297,651.461,6.0,967.297,,1624.759
e-252,1784417744966.5557,1784417745568,1784417745574.0,1784417746541.2979,601.444,6.0,967.298,,1574.742
e-253,1784417745016.5378,1784417745568,1784417745574.0,1784417746541.2986,551.462,6.0,967.299,,1524.761
e-254,1784417745066.5342,1784417745568,1784417745574.0,1784417746541.3044,501.466,6.0,967.304,,1474.77
e-255,1784417745116.5308,1784417745568,1784417745574.0,1784417746541.3054,451.469,6.0,967.305,,1424.775
e-256,1784417745166.5474,1784417745568,1784417745575.0,1784417746541.3062,401.453,7.0,966.306,,1374.759
e-257,1784417745216.5232,1784417745568,1784417745575.0,1784417746541.3066,351.477,7.0,966.307,,1324.783
e-258,1784417745266.5151,1784417745568,1784417745575.0,1784417746541.3074,301.485,7.0,966.307,,1274.792
e-259,1784417745316.524,1784417745568,1784417745575.0,1784417746541.5383,251.476,7.0,966.538,,1225.014
e-260,1784417745366.521,1784417745568,1784417745575.0,1784417746541.5393,201.479,7.0,966.539,,1175.018
e-261,1784417745416.5247,1784417745568,1784417745575.0,1784417746541.5398,151.475,7.0,966.54,,1125.015
e-262,1784417745468.5427,1784417745568,1784417745575.0,1784417746541.5403,99.457,7.0,966.54,,1072.998
e-263,1784417745516.526,1784417745568,1784417745575.0,1784417746541.541,51.474,7.0,966.541,,1025.015
e-264,1784417745566.5425,1784417745568,1784417745575.0,1784417746541.5415,1.458,7.0,966.542,,974.999
e-265,1784417745616.522,1784417746618,1784417746623.0,1784417747431.3396,1001.478,5.0,808.34,,1814.818
e-266,1784417745666.535,1784417746618,1784417746623.0,1784417747431.3428,951.465,5.0,808.343,,1764.808
e-267,1784417745716.5127,1784417746618,1784417746623.0,1784417747431.3442,901.487,5.0,808.344,,1714.832
e-268,1784417745766.5398,1784417746618,1784417746623.0,1784417747431.357,851.46,5.0,808.357,,1664.817
e-269,1784417745816.521,1784417746618,1784417746623.0,1784417747431.3596,801.479,5.0,808.36,,1614.839
e-270,1784417745866.5493,1784417746618,1784417746623.0,1784417747431.3604,751.451,5.0,808.36,,1564.811
e-271,1784417745916.5347,1784417746618,1784417746623.0,1784417747431.361,701.465,5.0,808.361,,1514.826
e-272,1784417745966.546,1784417746618,1784417746624.0,1784417747431.3618,651.454,6.0,807.362,,1464.816
e-273,1784417746016.5293,1784417746618,1784417746624.0,1784417747431.3625,601.471,6.0,807.363,,1414.833
e-274,1784417746066.5579,1784417746618,1784417746624.0,1784417747431.363,551.442,6.0,807.363,,1364.805
e-275,1784417746116.5425,1784417746618,1784417746624.0,1784417747431.3638,501.458,6.0,807.364,,1314.821
e-276,1784417746166.539,1784417746618,1784417746624.0,1784417747431.3645,451.461,6.0,807.365,,1264.825
e-277,1784417746216.5356,1784417746618,1784417746624.0,1784417747431.365,401.464,6.0,807.365,,1214.829
e-278,1784417746266.542,1784417746618,1784417746624.0,1784417747431.3657,351.458,6.0,807.366,,1164.824
e-279,1784417746316.5244,1784417746618,1784417746624.0,1784417747431.3813,301.476,6.0,807.381,,1114.857
e-280,1784417746366.5474,1784417746618,1784417746624.0,1784417747431.382,251.453,6.0,807.382,,1064.835
e-281,1784417746416.5366,1784417746618,1784417746624.0,1784417747431.3828,201.463,6.0,807.383,,1014.846
e-282,1784417746466.5205,1784417746618,1784417746625.0,1784417747431.3835,151.479,7.0,806.384,,964.863
e-283,1784417746516.5447,1784417746618,1784417746625.0,1784417747431.384,101.455,7.0,806.384,,914.839
e-284,1784417746566.5261,1784417746618,1784417746625.0,1784417747431.3848,51.474,7.0,806.385,,864.859
e-285,1784417746616.5276,1784417746618,1784417746625.0,1784417747431.3945,1.472,7.0,806.395,,814.867
e-286,1784417746666.5457,1784417747668,1784417747675.0,1784417748534.588,1001.454,7.0,859.588,,1868.042
e-287,1784417746716.5198,1784417747668,1784417747675.0,1784417748534.5916,951.48,7.0,859.592,,1818.072
e-288,1784417746766.52,1784417747668,1784417747676.0,1784417748534.5928,901.48,8.0,858.593,,1768.073
e-289,1784417746816.5396,1784417747668,1784417747676.0,1784417748534.6091,851.46,8.0,858.609,,1718.07
e-290,1784417746866.5203,1784417747668,1784417747676.0,1784417748534.6104,801.48,8.0,858.61,,1668.09
e-291,1784417746916.538,1784417747668,1784417747676.0,1784417748534.6108,751.462,8.0,858.611,,1618.073
e-292,1784417746966.5332,1784417747668,1784417747676.0,1784417748534.6116,701.467,8.0,858.612,,1568.078
e-293,1784417747016.5205,1784417747668,1784417747676.0,1784417748534.6123,651.479,8.0,858.612,,1518.092
e-294,1784417747066.521,1784417747668,1784417747676.0,1784417748534.613,601.479,8.0,858.613,,1468.092
e-295,1784417747116.52,1784417747668,1784417747676.0,1784417748534.6138,551.48,8.0,858.614,,1418.094
e-296,1784417747166.5479,1784417747668,1784417747676.0,1784417748534.6147,501.452,8.0,858.615,,1368.067
e-297,1784417747216.5347,1784417747668,1784417747676.0,1784417748534.6155,451.465,8.0,858.615,,1318.081
e-298,1784417747266.5356,1784417747668,1784417747677.0,1784417748534.616,401.464,9.0,857.616,,1268.08
e-299,1784417747316.546,1784417747668,1784417747677.0,1784417748534.621,351.454,9.0,857.621,,1218.075
e-300,1784417747366.536,1784417747668,1784417747677.0,1784417748534.6218,301.464,9.0,857.622,,1168.086
e-301,1784417747416.5166,1784417747668,1784417747677.0,1784417748534.6226,251.483,9.0,857.623,,1118.106
e-302,1784417747466.5293,1784417747668,1784417747677.0,1784417748534.6233,201.471,9.0,857.623,,1068.094
e-303,1784417747516.5186,1784417747668,1784417747677.0,1784417748534.624,151.481,9.0,857.624,,1018.105
e-304,1784417747566.5261,1784417747668,1784417747677.0,1784417748534.641,101.474,9.0,857.641,,968.115
e-305,1784417747616.5361,1784417747668,1784417747677.0,1784417748534.6416,51.464,9.0,857.642,,918.105
e-306,1784417747666.5532,1784417747668,1784417747677.0,1784417748534.642,1.447,9.0,857.642,,868.089
e-307,1784417747716.5737,1784417748717,1784417748722.0,1784417749528.3933,1000.426,5.0,806.393,,1811.82
e-308,1784417747766.5496,1784417748717,1784417748723.0,1784417749528.3965,950.45,6.0,805.396,,1761.847
e-309,1784417747816.5337,1784417748717,1784417748723.0,1784417749528.3992,900.466,6.0,805.399,,1711.865
e-310,1784417747866.5356,1784417748717,1784417748723.0,1784417749528.4001,850.464,6.0,805.4,,1661.865
e-311,1784417747916.5388,1784417748717,1784417748723.0,1784417749528.4153,800.461,6.0,805.415,,1611.876
e-312,1784417747966.5366,1784417748717,1784417748723.0,1784417749528.416,750.463,6.0,805.416,,1561.879
e-313,1784417748016.5437,1784417748717,1784417748723.0,1784417749528.417,700.456,6.0,805.417,,1511.873
e-314,1784417748066.5342,1784417748717,1784417748723.0,1784417749528.4177,650.466,6.0,805.418,,1461.884
e-315,1784417748116.5413,1784417748717,1784417748723.0,1784417749528.4187,600.459,6.0,805.419,,1411.877
e-316,1784417748166.5383,1784417748717,1784417748723.0,1784417749528.4192,550.462,6.0,805.419,,1361.881
e-317,1784417748216.5483,1784417748717,1784417748723.0,1784417749528.42,500.452,6.0,805.42,,1311.872
e-318,1784417748266.5166,1784417748717,1784417748723.0,1784417749528.4207,450.483,6.0,805.421,,1261.904
e-319,1784417748316.5237,1784417748717,1784417748723.0,1784417749528.4214,400.476,6.0,805.421,,1211.898
e-320,1784417748366.5508,1784417748717,1784417748724.0,1784417749528.422,350.449,7.0,804.422,,1161.871
e-321,1784417748416.5315,1784417748717,1784417748724.0,1784417749528.4229,300.469,7.0,804.423,,1111.891
e-322,1784417748466.5286,1784417748717,1784417748724.0,1784417749528.4233,250.471,7.0,804.423,,1061.895
e-323,1784417748516.5566,1784417748717,1784417748724.0,1784417749528.424,200.443,7.0,804.424,,1011.867
e-324,1784417748566.537,1784417748717,1784417748724.0,1784417749528.4248,150.463,7.0,804.425,,961.888
e-325,1784417748616.5383,1784417748717,1784417748724.0,1784417749528.4253,100.462,7.0,804.425,,911.887
e-326,1784417748666.5244,1784417748717,1784417748724.0,1784417749528.4438,50.476,7.0,804.444,,861.919
e-327,1784417748716.5527,1784417749718,1784417749723.0,1784417750526.0916,1001.447,5.0,803.092,,1809.539
e-328,1784417748766.5403,1784417749718,1784417749723.0,1784417750526.0942,951.46,5.0,803.094,,1759.554
e-329,1784417748816.5332,1784417749718,1784417749723.0,1784417750526.0952,901.467,5.0,803.095,,1709.562
e-330,1784417748866.513,1784417749718,1784417749723.0,1784417750526.0962,851.487,5.0,803.096,,1659.583
e-331,1784417748916.514,1784417749718,1784417749724.0,1784417750526.0964,801.486,6.0,802.096,,1609.583
e-332,1784417748966.5352,1784417749718,1784417749724.0,1784417750526.1077,751.465,6.0,802.108,,1559.573
e-333,1784417749016.5144,1784417749718,1784417749724.0,1784417750526.1082,701.486,6.0,802.108,,1509.594
e-334,1784417749066.542,1784417749718,1784417749724.0,1784417750526.1084,651.458,6.0,802.108,,1459.566
e-335,1784417749116.5168,1784417749718,1784417749724.0,1784417750526.1086,601.483,6.0,802.109,,1409.592
e-336,1784417749166.5542,1784417749718,1784417749724.0,1784417750526.1091,551.446,6.0,802.109,,1359.555
e-337,1784417749216.5173,1784417749718,1784417749724.0,1784417750526.1094,501.483,6.0,802.109,,1309.592
e-338,1784417749266.5337,1784417749718,1784417749724.0,1784417750526.112,451.466,6.0,802.112,,1259.578
e-339,1784417749316.5164,1784417749718,1784417749724.0,1784417750526.1123,401.484,6.0,802.112,,1209.596
e-340,1784417749366.5361,1784417749718,1784417749724.0,1784417750526.1125,351.464,6.0,802.113,,1159.576
e-341,1784417749416.5256,1784417749718,1784417749724.0,1784417750526.1128,301.474,6.0,802.113,,1109.587
e-342,1784417749466.5107,1784417749718,1784417749724.0,1784417750526.1133,251.489,6.0,802.113,,1059.603
e-343,1784417749516.5337,1784417749718,1784417749724.0,1784417750526.1135,201.466,6.0,802.114,,1009.58
e-344,1784417749566.5308,1784417749718,1784417749724.0,1784417750526.1138,151.469,6.0,802.114,,959.583
e-345,1784417749616.5164,1784417749718,1784417749725.0,1784417750526.1167,101.484,7.0,801.117,,909.6
e-346,1784417749666.5251,1784417749718,1784417749725.0,1784417750526.117,51.475,7.0,801.117,,859.592
e-347,1784417749716.5168,1784417749718,1784417749725.0,1784417750526.1174,1.483,7.0,801.117,,809.601
e-348,1784417749766.5295,1784417750768,1784417750773.0,1784417751526.6907,1001.47,5.0,753.691,,1760.161
e-349,1784417749816.5154,1784417750768,1784417750773.0,1784417751526.6921,951.485,5.0,753.692,,1710.177
e-350,1784417749866.5093,1784417750768,1784417750773.0,1784417751526.6929,901.491,5.0,753.693,,1660.184
e-351,1784417749916.5278,1784417750768,1784417750773.0,1784417751526.693,851.472,5.0,753.693,,1610.165
e-352,1784417749966.5295,1784417750768,1784417750773.0,1784417751526.6934,801.47,5.0,753.693,,1560.164
e-353,1784417750016.528,1784417750768,1784417750773.0,1784417751526.7087,751.472,5.0,753.709,,1510.181
e-354,1784417750066.5334,1784417750768,1784417750773.0,1784417751526.709,701.467,5.0,753.709,,1460.176
e-355,1784417750116.5425,1784417750768,1784417750773.0,1784417751526.7092,651.458,5.0,753.709,,1410.167
e-356,1784417750166.5352,1784417750768,1784417750773.0,1784417751526.7095,601.465,5.0,753.709,,1360.174
e-357,1784417750216.5312,1784417750768,1784417750773.0,1784417751526.7097,551.469,5.0,753.71,,1310.178
e-358,1784417750266.5305,1784417750768,1784417750773.0,1784417751526.71,501.469,5.0,753.71,,1260.179
e-359,1784417750316.5168,1784417750768,1784417750773.0,1784417751526.7102,451.483,5.0,753.71,,1210.193
e-360,1784417750366.533,1784417750768,1784417750773.0,1784417751526.7104,401.467,5.0,753.71,,1160.177
e-361,1784417750416.5278,1784417750768,1784417750773.0,1784417751526.7104,351.472,5.0,753.71,,1110.183
e-362,1784417750466.539,1784417750768,1784417750773.0,1784417751526.7107,301.461,5.0,753.711,,1060.172
e-363,1784417750516.5508,1784417750768,1784417750774.0,1784417751526.711,251.449,6.0,752.711,,1010.16
e-364,1784417750566.5078,1784417750768,1784417750774.0,1784417751526.7114,201.492,6.0,752.711,,960.204
e-365,1784417750616.5208,1784417750768,1784417750774.0,1784417751526.7117,151.479,6.0,752.712,,910.191
e-366,1784417750666.542,1784417750768,1784417750774.0,1784417751526.712,101.458,6.0,752.712,,860.17
e-367,1784417750716.548,1784417750768,1784417750774.0,1784417751526.7122,51.452,6.0,752.712,,810.164
e-368,1784417750766.5337,1784417750768,1784417750774.0,1784417751526.7124,1.466,6.0,752.712,,760.179
e-369,1784417750816.5386,1784417751818,1784417751823.0,1784417752535.9592,1001.461,5.0,712.959,,1719.421
e-370,1784417750866.558,1784417751818,1784417751823.0,1784417752535.9622,951.442,5.0,712.962,,1669.404
e-371,1784417750916.531,1784417751818,1784417751823.0,1784417752535.9634,901.469,5.0,712.963,,1619.432
e-372,1784417750966.5347,1784417751818,1784417751823.0,1784417752535.964,851.465,5.0,712.964,,1569.429
e-373,1784417751016.5293,1784417751818,1784417751823.0,1784417752535.9646,801.471,5.0,712.965,,1519.435
e-374,1784417751066.5085,1784417751818,1784417751823.0,1784417752535.9727,751.491,5.0,712.973,,1469.464
e-375,1784417751116.5305,1784417751818,1784417751824.0,1784417752535.9734,701.469,6.0,711.973,,1419.443
e-376,1784417751166.5928,1784417751818,1784417751824.0,1784417752535.974,651.407,6.0,711.974,,1369.381
e-377,1784417751216.552,1784417751818,1784417751824.0,1784417752535.9746,601.448,6.0,711.975,,1319.423
e-378,1784417751266.5383,1784417751818,1784417751824.0,1784417752535.9753,551.462,6.0,711.975,,1269.437
e-379,1784417751316.5393,1784417751818,1784417751824.0,1784417752535.976,501.461,6.0,711.976,,1219.437
e-380,1784417751366.5483,1784417751818,1784417751824.0,1784417752535.9766,451.452,6.0,711.977,,1169.428
e-381,1784417751416.5295,1784417751818,1784417751824.0,1784417752535.9775,401.47,6.0,711.978,,1119.448
e-382,1784417751466.5374,1784417751818,1784417751824.0,1784417752535.9783,351.463,6.0,711.978,,1069.441
e-383,1784417751516.526,1784417751818,1784417751824.0,1784417752535.979,301.474,6.0,711.979,,1019.453
e-384,1784417751566.525,1784417751818,1784417751824.0,1784417752535.9797,251.475,6.0,711.98,,969.455
e-385,1784417751616.5327,1784417751818,1784417751825.0,1784417752535.9802,201.467,7.0,710.98,,919.448
e-386,1784417751666.5356,1784417751818,1784417751825.0,1784417752535.981,151.464,7.0,710.981,,869.445
e-387,1784417751716.5137,1784417751818,1784417751825.0,1784417752535.9817,101.486,7.0,710.982,,819.468
e-388,1784417751766.529,1784417751818,1784417751825.0,1784417752535.9824,51.471,7.0,710.982,,769.453
e-389,1784417751816.535,1784417751818,1784417751825.0,1784417752535.9875,1.465,7.0,710.988,,719.453
e-390,1784417751866.5325,1784417752868,1784417752872.0,1784417753534.7937,1001.468,4.0,662.794,,1668.261
e-391,1784417751916.5552,1784417752868,1784417752873.0,1784417753534.7974,951.445,5.0,661.797,,1618.242
e-392,1784417751966.5454,1784417752868,1784417752873.0,1784417753534.7988,901.455,5.0,661.799,,1568.253
e-393,1784417752016.5286,1784417752868,1784417752873.0,1784417753534.7996,851.471,5.0,661.8,,1518.271
e-394,1784417752066.5386,1784417752868,1784417752873.0,1784417753534.8005,801.461,5.0,661.801,,1468.262
e-395,1784417752116.531,1784417752868,1784417752873.0,1784417753534.8015,751.469,5.0,661.802,,1418.271
e-396,1784417752166.5435,1784417752868,1784417752873.0,1784417753534.8179,701.457,5.0,661.818,,1368.274
e-397,1784417752216.5305,1784417752868,1784417752873.0,1784417753534.8188,651.469,5.0,661.819,,1318.288
e-398,1784417752266.5193,1784417752868,1784417752873.0,1784417753534.82,601.481,5.0,661.82,,1268.301
e-399,1784417752316.5286,1784417752868,1784417752873.0,1784417753534.8208,551.471,5.0,661.821,,1218.292
e-400,1784417752366.5278,1784417752868,1784417752873.0,1784417753534.8218,501.472,5.0,661.822,,1168.294
e-401,1784417752416.5354,1784417752868,1784417752873.0,1784417753534.8237,451.465,5.0,661.824,,1118.288
e-402,1784417752466.5305,1784417752868,1784417752873.0,1784417753534.8247,401.469,5.0,661.825,,1068.294
e-403,1784417752516.571,1784417752868,1784417752874.0,1784417753534.8254,351.429,6.0,660.825,,1018.254
e-404,1784417752566.5342,1784417752868,1784417752874.0,1784417753534.8262,301.466,6.0,660.826,,968.292
e-405,1784417752616.521,1784417752868,1784417752874.0,1784417753534.8271,251.479,6.0,660.827,,918.306
e-406,1784417752666.5156,1784417752868,1784417752874.0,1784417753534.828,201.484,6.0,660.828,,868.312
e-407,1784417752716.5383,1784417752868,1784417752874.0,1784417753534.8289,151.462,6.0,660.829,,818.291
e-408,1784417752766.5293,1784417752868,1784417752874.0,1784417753534.8296,101.471,6.0,660.83,,768.3
e-409,1784417752816.5364,1784417752868,1784417752874.0,1784417753534.8357,51.464,6.0,660.836,,718.299
e-410,1784417752866.5347,1784417753868,1784417753873.0,1784417754535.0981,1001.465,5.0,662.098,,1668.563
e-411,1784417752916.5356,1784417753868,1784417753873.0,1784417754535.1008,951.464,5.0,662.101,,1618.565
e-412,1784417752966.5254,1784417753868,1784417753873.0,1784417754535.102,901.475,5.0,662.102,,1568.577
e-413,1784417753016.5332,1784417753868,1784417753873.0,1784417754535.1025,851.467,5.0,662.103,,1518.569
e-414,1784417753066.5374,1784417753868,1784417753873.0,1784417754535.103,801.463,5.0,662.103,,1468.566
e-415,1784417753116.5364,1784417753868,1784417753873.0,1784417754535.1035,751.464,5.0,662.104,,1418.567
e-416,1784417753166.5474,1784417753868,1784417753873.0,1784417754535.1042,701.453,5.0,662.104,,1368.557
e-417,1784417753216.531,1784417753868,1784417753873.0,1784417754535.1184,651.469,5.0,662.118,,1318.587
e-418,1784417753266.5286,1784417753868,1784417753873.0,1784417754535.1194,601.471,5.0,662.119,,1268.591
e-419,1784417753316.538,1784417753868,1784417753873.0,1784417754535.12,551.462,5.0,662.12,,1218.582
e-420,1784417753366.5332,1784417753868,1784417753873.0,1784417754535.1208,501.467,5.0,662.121,,1168.588
e-421,1784417753416.5308,1784417753868,1784417753873.0,1784417754535.1216,451.469,5.0,662.122,,1118.591
e-422,1784417753466.5354,1784417753868,1784417753873.0,1784417754535.1223,401.465,5.0,662.122,,1068.587
e-423,1784417753516.5334,1784417753868,1784417753873.0,1784417754535.123,351.467,5.0,662.123,,1018.59
e-424,1784417753566.5488,1784417753868,1784417753873.0,1784417754535.1238,301.451,5.0,662.124,,968.575
e-425,1784417753616.538,1784417753868,1784417753874.0,1784417754535.1245,251.462,6.0,661.125,,918.586
e-426,1784417753666.554,1784417753868,1784417753874.0,1784417754535.1252,201.446,6.0,661.125,,868.571
e-427,1784417753716.5437,1784417753868,1784417753874.0,1784417754535.126,151.456,6.0,661.126,,818.582
e-428,1784417753766.5588,1784417753868,1784417753874.0,1784417754535.1267,101.441,6.0,661.127,,768.568
e-429,1784417753816.5513,1784417753868,1784417753874.0,1784417754535.1277,51.449,6.0,661.128,,718.576
e-430,1784417753866.5579,1784417754868,1784417754873.0,1784417755530.5247,1001.442,5.0,657.525,,1663.967
e-431,1784417753916.5305,1784417754868,1784417754873.0,1784417755530.5269,951.469,5.0,657.527,,1613.996
e-432,1784417753966.53,1784417754868,1784417754873.0,1784417755530.528,901.47,5.0,657.528,,1563.998
e-433,1784417754016.5505,1784417754868,1784417754873.0,1784417755530.5288,851.449,5.0,657.529,,1513.978
e-434,1784417754066.517,1784417754868,1784417754874.0,1784417755530.5293,801.483,6.0,656.529,,1464.012
e-435,1784417754116.525,1784417754868,1784417754874.0,1784417755530.5298,751.475,6.0,656.53,,1414.005
e-436,1784417754166.5405,1784417754868,1784417754874.0,1784417755530.5303,701.459,6.0,656.53,,1363.99
e-437,1784417754216.5393,1784417754868,1784417754874.0,1784417755530.531,651.461,6.0,656.531,,1313.992
e-438,1784417754266.5332,1784417754868,1784417754874.0,1784417755530.5447,601.467,6.0,656.545,,1264.011
e-439,1784417754316.5352,1784417754868,1784417754874.0,1784417755530.5454,551.465,6.0,656.545,,1214.01
e-440,1784417754366.535,1784417754868,1784417754874.0,1784417755530.546,501.465,6.0,656.546,,1164.011
e-441,1784417754416.5425,1784417754868,1784417754874.0,1784417755530.5464,451.458,6.0,656.546,,1114.004
e-442,1784417754466.539,1784417754868,1784417754874.0,1784417755530.5469,401.461,6.0,656.547,,1064.008
e-443,1784417754516.537,1784417754868,1784417754874.0,1784417755530.5474,351.463,6.0,656.547,,1014.01
e-444,1784417754566.5176,1784417754868,1784417754874.0,1784417755530.5479,301.482,6.0,656.548,,964.03
e-445,1784417754616.524,1784417754868,1784417754875.0,1784417755530.5483,251.476,7.0,655.548,,914.024
e-446,1784417754666.5498,1784417754868,1784417754875.0,1784417755530.5488,201.45,7.0,655.549,,863.999
e-447,1784417754716.5327,1784417754868,1784417754875.0,1784417755530.5496,151.467,7.0,655.55,,814.017
e-448,1784417754766.517,1784417754868,1784417754875.0,1784417755530.55,101.483,7.0,655.55,,764.033
e-449,1784417754816.5435,1784417754868,1784417754875.0,1784417755530.5505,51.457,7.0,655.551,,714.007
e-450,1784417754866.5376,1784417754868,1784417754875.0,1784417755530.5513,1.462,7.0,655.551,,664.014
e-451,1784417754916.5137,1784417755918,1784417755923.0,1784417756531.4277,1001.486,5.0,608.428,,1614.914
e-452,1784417754966.5122,1784417755918,1784417755923.0,1784417756531.4316,951.488,5.0,608.432,,1564.919
e-453,1784417755016.5154,1784417755918,1784417755923.0,1784417756531.433,901.485,5.0,608.433,,1514.918
e-454,1784417755066.5146,1784417755918,1784417755923.0,1784417756531.434,851.485,5.0,608.434,,1464.919
e-455,1784417755116.538,1784417755918,1784417755923.0,1784417756531.4348,801.462,5.0,608.435,,1414.897
e-456,1784417755166.5342,1784417755918,1784417755923.0,1784417756531.4358,751.466,5.0,608.436,,1364.902
e-457,1784417755216.5369,1784417755918,1784417755923.0,1784417756531.4375,701.463,5.0,608.438,,1314.901
e-458,1784417755266.5242,1784417755918,1784417755923.0,1784417756531.4382,651.476,5.0,608.438,,1264.914
e-459,1784417755316.5413,1784417755918,1784417755924.0,1784417756531.452,601.459,6.0,607.452,,1214.911
e-460,1784417755366.514,1784417755918,1784417755924.0,1784417756531.453,551.486,6.0,607.453,,1164.939
e-461,1784417755416.5403,1784417755918,1784417755924.0,1784417756531.4536,501.46,6.0,607.454,,1114.913
e-462,1784417755466.5164,1784417755918,1784417755924.0,1784417756531.4546,451.484,6.0,607.455,,1064.938
e-463,1784417755516.5225,1784417755918,1784417755924.0,1784417756531.4553,401.478,6.0,607.455,,1014.933
e-464,1784417755566.514,1784417755918,1784417755924.0,1784417756531.4795,351.486,6.0,607.479,,964.966
e-465,1784417755616.546,1784417755918,1784417755924.0,1784417756531.4805,301.454,6.0,607.48,,914.935
e-466,1784417755666.5295,1784417755918,1784417755924.0,1784417756531.4817,251.47,6.0,607.482,,864.952
e-467,1784417755716.5247,1784417755918,1784417755924.0,1784417756531.4822,201.475,6.0,607.482,,814.958
e-468,1784417755766.525,1784417755918,1784417755924.0,1784417756531.483,151.475,6.0,607.483,,764.958
e-469,1784417755816.537,1784417755918,1784417755924.0,1784417756531.4834,101.463,6.0,607.483,,714.946
e-470,1784417755866.5396,1784417755918,1784417755924.0,1784417756531.484,51.46,6.0,607.484,,664.944
e-471,1784417755916.5388,1784417755918,1784417755924.0,1784417756531.4844,1.461,6.0,607.484,,614.946
e-472,1784417755966.5203,1784417756968,1784417756974.0,1784417757530.137,1001.48,6.0,556.137,,1563.617
e-473,1784417756016.5278,1784417756968,1784417756974.0,1784417757530.1396,951.472,6.0,556.14,,1513.612
e-474,1784417756066.5286,1784417756968,1784417756975.0,1784417757530.1406,901.471,7.0,555.141,,1463.612
e-475,1784417756116.526,1784417756968,1784417756975.0,1784417757530.141,851.474,7.0,555.141,,1413.615
e-476,1784417756166.5486,1784417756968,1784417756975.0,1784417757530.1416,801.451,7.0,555.142,,1363.593
e-477,1784417756216.5312,1784417756968,1784417756975.0,1784417757530.142,751.469,7.0,555.142,,1313.611
e-478,1784417756266.5261,1784417756968,1784417756975.0,1784417757530.1426,701.474,7.0,555.143,,1263.616
e-479,1784417756316.5266,1784417756968,1784417756975.0,1784417757530.143,651.473,7.0,555.143,,1213.616
e-480,1784417756366.5269,1784417756968,1784417756975.0,1784417757530.1436,601.473,7.0,555.144,,1163.617
e-481,1784417756416.5222,1784417756968,1784417756975.0,1784417757530.156,551.478,7.0,555.156,,1113.634
e-482,1784417756466.5308,1784417756968,1784417756975.0,1784417757530.1565,501.469,7.0,555.156,,1063.626
e-483,1784417756516.5474,1784417756968,1784417756975.0,1784417757530.1572,451.453,7.0,555.157,,1013.61
e-484,1784417756566.5325,1784417756968,1784417756975.0,1784417757530.1611,401.468,7.0,555.161,,963.629
e-485,1784417756616.5261,1784417756968,1784417756975.0,1784417757530.1616,351.474,7.0,555.162,,913.635
e-486,1784417756666.5437,1784417756968,1784417756976.0,1784417757530.1619,301.456,8.0,554.162,,863.618
e-487,1784417756716.5374,1784417756968,1784417756976.0,1784417757530.1624,251.463,8.0,554.162,,813.625
e-488,1784417756766.5405,1784417756968,1784417756976.0,1784417757530.1628,201.459,8.0,554.163,,763.622
e-489,1784417756816.5293,1784417756968,1784417756976.0,1784417757530.1633,151.471,8.0,554.163,,713.634
e-490,1784417756866.5615,1784417756968,1784417756976.0,1784417757530.1636,101.438,8.0,554.164,,663.602
e-491,1784417756916.559,1784417756968,1784417756976.0,1784417757530.164,51.441,8.0,554.164,,613.605
e-492,1784417756966.5632,1784417757969,1784417757974.0,1784417758528.2227,1002.437,5.0,554.223,,1561.659
e-493,1784417757017.038,1784417757969,1784417757975.0,1784417758528.2253,951.962,6.0,553.225,,1511.187
e-494,1784417757066.523,1784417757969,1784417757975.0,1784417758528.2263,902.477,6.0,553.226,,1461.703
e-495,1784417757116.5244,1784417757969,1784417757975.0,1784417758528.2268,852.476,6.0,553.227,,1411.702
e-496,1784417757166.544,1784417757969,1784417757975.0,1784417758528.2273,802.456,6.0,553.227,,1361.683
e-497,1784417757216.56,1784417757969,1784417757975.0,1784417758528.2278,752.44,6.0,553.228,,1311.668
e-498,1784417757266.5276,1784417757969,1784417757975.0,1784417758528.228,702.472,6.0,553.228,,1261.7
e-499,1784417757316.5261,1784417757969,1784417757975.0,1784417758528.2285,652.474,6.0,553.229,,1211.702
e-500,1784417757366.5276,1784417757969,1784417757975.0,1784417758528.2292,602.472,6.0,553.229,,1161.702
e-501,1784417757416.545,1784417757969,1784417757975.0,1784417758528.2297,552.455,6.0,553.23,,1111.685
e-502,1784417757466.533,1784417757969,1784417757975.0,1784417758528.2454,502.467,6.0,553.245,,1061.712
e-503,1784417757516.514,1784417757969,1784417757975.0,1784417758528.2458,452.486,6.0,553.246,,1011.732
e-504,1784417757566.5283,1784417757969,1784417757975.0,1784417758528.2463,402.472,6.0,553.246,,961.718
e-505,1784417757616.541,1784417757969,1784417757975.0,1784417758528.2468,352.459,6.0,553.247,,911.706
e-506,1784417757666.5623,1784417757969,1784417757976.0,1784417758528.247,302.438,7.0,552.247,,861.685
e-507,1784417757716.5222,1784417757969,1784417757976.0,1784417758528.2476,252.478,7.0,552.248,,811.725
e-508,1784417757766.546,1784417757969,1784417757976.0,1784417758528.248,202.454,7.0,552.248,,761.702
e-509,1784417757816.5273,1784417757969,1784417757976.0,1784417758528.2485,152.473,7.0,552.249,,711.721
e-510,1784417757866.5103,1784417757969,1784417757976.0,1784417758528.2488,102.49,7.0,552.249,,661.739
e-511,1784417757916.5125,1784417757969,1784417757976.0,1784417758528.2493,52.488,7.0,552.249,,611.737
e-512,1784417757966.5322,1784417757969,1784417757977.0,1784417758528.2498,2.468,8.0,551.25,,561.718
e-513,1784417758016.5205,1784417759018,1784417759023.0,1784417759429.8997,1001.479,5.0,406.9,,1413.379
e-514,1784417758066.5298,1784417759018,1784417759023.0,1784417759429.9023,951.47,5.0,406.902,,1363.373
e-515,1784417758116.5298,1784417759018,1784417759023.0,1784417759429.9036,901.47,5.0,406.904,,1313.374
e-516,1784417758166.555,1784417759018,1784417759023.0,1784417759429.9045,851.445,5.0,406.905,,1263.35
e-517,1784417758216.5276,1784417759018,1784417759023.0,1784417759429.9053,801.472,5.0,406.905,,1213.378
e-518,1784417758266.5273,1784417759018,1784417759024.0,1784417759429.9062,751.473,6.0,405.906,,1163.379
e-519,1784417758316.526,1784417759018,1784417759024.0,1784417759429.907,701.474,6.0,405.907,,1113.381
e-520,1784417758366.513,1784417759018,1784417759024.0,1784417759429.908,651.487,6.0,405.908,,1063.395
e-521,1784417758416.522,1784417759018,1784417759024.0,1784417759429.911,601.478,6.0,405.911,,1013.389
e-522,1784417758466.53,1784417759018,1784417759024.0,1784417759429.9116,551.47,6.0,405.912,,963.382
e-523,1784417758516.5303,1784417759018,1784417759024.0,1784417759429.925,501.47,6.0,405.925,,913.395
e-524,1784417758566.5312,1784417759018,1784417759024.0,1784417759429.9258,451.469,6.0,405.926,,863.395
e-525,1784417758616.5283,1784417759018,1784417759024.0,1784417759429.9265,401.472,6.0,405.927,,813.398
e-526,1784417758666.5535,1784417759018,1784417759024.0,1784417759429.9272,351.447,6.0,405.927,,763.374
e-527,1784417758716.5247,1784417759018,1784417759024.0,1784417759429.9277,301.475,6.0,405.928,,713.403
e-528,1784417758766.5276,1784417759018,1784417759024.0,1784417759429.9285,251.472,6.0,405.928,,663.401
e-529,1784417758816.523,1784417759018,1784417759024.0,1784417759429.9292,201.477,6.0,405.929,,613.406
e-530,1784417758866.5352,1784417759018,1784417759024.0,1784417759429.9297,151.465,6.0,405.93,,563.395
e-531,1784417758917.4182,1784417759018,1784417759024.0,1784417759429.9304,100.582,6.0,405.93,,512.512
e-532,1784417758966.5325,1784417759018,1784417759024.0,1784417759429.931,51.468,6.0,405.931,,463.398
e-533,1784417759016.5295,1784417759018,1784417759024.0,1784417759429.9316,1.47,6.0,405.932,,413.402
e-534,1784417759066.5376,1784417760068,1784417770373.0,1784417770983.9438,1001.462,10305.0,610.944,,11917.406
e-535,1784417759116.5347,1784417760068,1784417770382.0,1784417770983.946,951.465,10314.0,601.946,,11867.411
e-536,1784417759166.5452,1784417760068,1784417770382.0,1784417770983.947,901.455,10314.0,601.947,,11817.402
e-537,1784417759216.534,1784417760068,1784417770382.0,1784417770983.9475,851.466,10314.0,601.948,,11767.414
e-538,1784417759266.538,1784417760068,1784417770382.0,1784417770983.948,801.462,10314.0,601.948,,11717.41
e-539,1784417759316.5356,1784417760068,1784417770382.0,1784417770983.9485,751.464,10314.0,601.948,,11667.413
e-540,1784417759366.5374,1784417760068,1784417770383.0,1784417770983.949,701.463,10315.0,600.949,,11617.412
e-541,1784417759416.545,1784417760068,1784417770383.0,1784417770983.9495,651.455,10315.0,600.949,,11567.405
e-542,1784417759466.5562,1784417760068,1784417770383.0,1784417770983.9497,601.444,10315.0,600.95,,11517.394
e-543,1784417759516.5327,1784417760068,1784417770383.0,1784417770983.9502,551.467,10315.0,600.95,,11467.417
e-544,1784417759566.5305,1784417760068,1784417770383.0,1784417770983.9556,501.469,10315.0,600.956,,11417.425
e-545,1784417759616.5405,1784417760068,1784417770383.0,1784417770983.956,451.459,10315.0,600.956,,11367.416
e-546,1784417759666.554,1784417760068,1784417770383.0,1784417770983.9565,401.446,10315.0,600.957,,11317.403
e-547,1784417759716.5532,1784417760068,1784417770383.0,1784417770983.957,351.447,10315.0,600.957,,11267.404
e-548,1784417759766.5415,1784417760068,1784417770383.0,1784417770983.9575,301.458,10315.0,600.958,,11217.416
e-549,1784417759816.5317,1784417760068,1784417770383.0,1784417770983.9578,251.468,10315.0,600.958,,11167.426
e-550,1784417759866.5415,1784417760068,1784417770383.0,1784417770983.9583,201.458,10315.0,600.958,,11117.417
e-551,1784417759916.5393,1784417760068,1784417770383.0,1784417770983.9587,151.461,10315.0,600.959,,11067.419
e-552,1784417759966.5664,1784417760068,1784417770383.0,1784417770983.9592,101.434,10315.0,600.959,,11017.393
e-553,1784417760016.5364,1784417760068,1784417770383.0,1784417770983.9597,51.464,10315.0,600.96,,10967.423
e-554,1784417760066.5203,1784417760068,1784417770384.0,1784417770983.96,1.48,10316.0,599.96,,10917.44
e-555,1784417760116.5205,1784417761119,1784417770384.0,1784417770983.9604,1002.479,9265.0,599.96,,10867.44
e-556,1784417760166.54,1784417761119,1784417770384.0,1784417770983.961,952.46,9265.0,599.961,,10817.421
e-557,1784417760216.5925,1784417761119,1784417770384.0,1784417770983.9612,902.407,9265.0,599.961,,10767.369
e-558,1784417760266.5146,1784417761119,1784417770384.0,1784417770983.9617,852.485,9265.0,599.962,,10717.447
e-559,1784417760316.5264,1784417761119,1784417770384.0,1784417770983.9622,802.474,9265.0,599.962,,10667.436
e-560,1784417760366.5442,1784417761119,1784417770384.0,1784417770983.9626,752.456,9265.0,599.963,,10617.418
e-561,1784417760416.5918,1784417761119,1784417770384.0,1784417770983.9631,702.408,9265.0,599.963,,10567.371
e-562,1784417760466.5337,1784417761119,1784417770384.0,1784417770983.9634,652.466,9265.0,599.963,,10517.43
e-563,1784417760516.5513,1784417761119,1784417770384.0,1784417770983.9639,602.449,9265.0,599.964,,10467.413
e-564,1784417760566.5447,1784417761119,1784417770384.0,1784417770983.9644,552.455,9265.0,599.964,,10417.42
e-565,1784417760618.5417,1784417761119,1784417770384.0,1784417770983.9648,500.458,9265.0,599.965,,10365.423
e-566,1784417760666.5408,1784417761119,1784417770384.0,1784417770983.9692,452.459,9265.0,599.969,,10317.428
e-567,1784417760716.554,1784417761119,1784417770384.0,1784417770983.973,402.446,9265.0,599.973,,10267.419
e-568,1784417760766.5356,1784417761119,1784417770385.0,1784417770983.9734,352.464,9266.0,598.973,,10217.438
e-569,1784417760816.5322,1784417761119,1784417770385.0,1784417770983.9739,302.468,9266.0,598.974,,10167.442
e-570,1784417760866.5325,1784417761119,1784417770385.0,1784417770983.9744,252.468,9266.0,598.974,,10117.442
e-571,1784417760916.5403,1784417761119,1784417770385.0,1784417770983.9749,202.46,9266.0,598.975,,10067.435
e-572,1784417760966.5312,1784417761119,1784417770385.0,1784417770983.9753,152.469,9266.0,598.975,,10017.444
e-573,1784417761016.5286,1784417761119,1784417770385.0,1784417770983.9756,102.471,9266.0,598.976,,9967.447
e-574,1784417761066.5386,1784417761119,1784417770385.0,1784417770983.976,52.461,9266.0,598.976,,9917.438
e-575,1784417761116.5298,1784417761119,1784417770385.0,1784417770983.9766,2.47,9266.0,598.977,,9867.447
e-576,1784417761166.5305,1784417762169,1784417770385.0,1784417770983.9768,1002.469,8216.0,598.977,,9817.446
e-577,1784417761216.548,1784417762169,1784417770385.0,1784417770983.9773,952.452,8216.0,598.977,,9767.429
e-578,1784417761266.53,1784417762169,1784417770385.0,1784417770983.9778,902.47,8216.0,598.978,,9717.448
e-579,1784417761316.5327,1784417762169,1784417770385.0,1784417770983.9785,852.467,8216.0,598.979,,9667.446
e-580,1784417761366.531,1784417762169,1784417770385.0,1784417770983.979,802.469,8216.0,598.979,,9617.448
e-581,1784417761416.5283,1784417762169,1784417770386.0,1784417770983.9797,752.472,8217.0,597.98,,9567.451
e-582,1784417761466.5476,1784417762169,1784417770386.0,1784417770983.9802,702.452,8217.0,597.98,,9517.433
e-583,1784417761516.5576,1784417762169,1784417770386.0,1784417770983.9807,652.442,8217.0,597.981,,9467.423
e-584,1784417761566.5457,1784417762169,1784417770386.0,1784417770983.9814,602.454,8217.0,597.981,,9417.436
e-585,1784417761616.556,1784417762169,1784417770386.0,1784417770983.9822,552.444,8217.0,597.982,,9367.426
e-586,1784417761666.5576,1784417762169,1784417770386.0,1784417770983.9827,502.442,8217.0,597.983,,9317.425
e-587,1784417761719.1973,1784417762169,1784417770386.0,1784417770983.987,449.803,8217.0,597.987,,9264.79
e-588,1784417761766.531,1784417762169,1784417770386.0,1784417770983.988,402.469,8217.0,597.988,,9217.457
e-589,1784417761816.5405,1784417762169,1784417770386.0,1784417770983.9885,352.459,8217.0,597.989,,9167.448
e-590,1784417761866.5337,1784417762169,1784417770386.0,1784417770983.9893,302.466,8217.0,597.989,,9117.456
e-591,1784417761916.5388,1784417762169,1784417770387.0,1784417770983.99,252.461,8218.0,596.99,,9067.451
e-592,1784417761966.533,1784417762169,1784417770387.0,1784417770983.9907,202.467,8218.0,596.991,,9017.458
e-593,1784417762016.534,1784417762169,1784417770387.0,1784417770984.012,152.466,8218.0,597.012,,8967.478
e-594,1784417762066.5193,1784417762169,1784417770387.0,1784417770984.0125,102.481,8218.0,597.012,,8917.493
e-595,1784417762116.5276,1784417762169,1784417770387.0,1784417770984.013,52.472,8218.0,597.013,,8867.485
e-596,1784417762166.5522,1784417762169,1784417770387.0,1784417770984.0134,2.448,8218.0,597.013,,8817.461
e-597,1784417762216.5173,1784417763218,1784417770387.0,1784417770984.014,1001.483,7169.0,597.014,,8767.497
e-598,1784417762266.5317,1784417763218,1784417770387.0,1784417770984.0144,951.468,7169.0,597.014,,8717.483
e-599,1784417762316.532,1784417763218,1784417770387.0,1784417770984.015,901.468,7169.0,597.015,,8667.483
e-600,1784417762366.5146,1784417763218,1784417770387.0,1784417770984.0151,851.485,7169.0,597.015,,8617.5
e-601,1784417762416.5264,1784417763218,1784417770387.0,1784417770984.0159,801.474,7169.0,597.016,,8567.49
e-602,1784417762466.5376,1784417763218,1784417770387.0,1784417770984.016,751.462,7169.0,597.016,,8517.479
e-603,1784417762516.528,1784417763218,1784417770387.0,1784417770984.0166,701.472,7169.0,597.017,,8467.489
e-604,1784417762566.5327,1784417763218,1784417770387.0,1784417770984.017,651.467,7169.0,597.017,,8417.484
e-605,1784417762616.5334,1784417763218,1784417770387.0,1784417770984.0173,601.467,7169.0,597.017,,8367.484
e-606,1784417762666.5505,1784417763218,1784417770388.0,1784417770984.0178,551.449,7170.0,596.018,,8317.467
e-607,1784417762716.5356,1784417763218,1784417770388.0,1784417770984.0183,501.464,7170.0,596.018,,8267.483
e-608,1784417762766.5576,1784417763218,1784417770388.0,1784417770984.0225,451.442,7170.0,596.022,,8217.465
e-609,1784417762816.5754,1784417763218,1784417770388.0,1784417770984.023,401.425,7170.0,596.023,,8167.448
e-610,1784417762866.5525,1784417763218,1784417770388.0,1784417770984.0232,351.448,7170.0,596.023,,8117.471
e-611,1784417762916.578,1784417763218,1784417770388.0,1784417770984.0237,301.422,7170.0,596.024,,8067.446
e-612,1784417762966.5364,1784417763218,1784417770388.0,1784417770984.0242,251.464,7170.0,596.024,,8017.488
e-613,1784417763016.5337,1784417763218,1784417770388.0,1784417770984.0244,201.466,7170.0,596.024,,7967.491
e-614,1784417763066.5676,1784417763218,1784417770388.0,1784417770984.025,151.432,7170.0,596.025,,7917.457
e-615,1784417763116.5085,1784417763218,1784417770388.0,1784417770984.0254,101.491,7170.0,596.025,,7867.517
e-616,1784417763166.5442,1784417763218,1784417770388.0,1784417770984.0293,51.456,7170.0,596.029,,7817.485
e-617,1784417763216.5854,1784417764218,1784417770388.0,1784417770984.0298,1001.415,6170.0,596.03,,7767.444
e-618,1784417763266.5403,1784417764218,1784417770388.0,1784417770984.0303,951.46,6170.0,596.03,,7717.49
e-619,1784417763316.5266,1784417764218,1784417770388.0,1784417770984.0305,901.473,6170.0,596.031,,7667.504
e-620,1784417763366.5305,1784417764218,1784417770388.0,1784417770984.031,851.469,6170.0,596.031,,7617.5
e-621,1784417763416.536,1784417764218,1784417770389.0,1784417770984.0315,801.464,6171.0,595.031,,7567.496
e-622,1784417763466.5337,1784417764218,1784417770389.0,1784417770984.0317,751.466,6171.0,595.032,,7517.498
e-623,1784417763516.536,1784417764218,1784417770389.0,1784417770984.0322,701.464,6171.0,595.032,,7467.496
e-624,1784417763566.5261,1784417764218,1784417770389.0,1784417770984.0327,651.474,6171.0,595.033,,7417.507
e-625,1784417763616.5398,1784417764218,1784417770389.0,1784417770984.033,601.46,6171.0,595.033,,7367.493
e-626,1784417763666.5325,1784417764218,1784417770389.0,1784417770984.0334,551.468,6171.0,595.033,,7317.501
e-627,1784417763716.5288,1784417764218,1784417770389.0,1784417770984.034,501.471,6171.0,595.034,,7267.505
e-628,1784417763766.5334,1784417764218,1784417770389.0,1784417770984.0342,451.467,6171.0,595.034,,7217.501
e-629,1784417763816.5283,1784417764218,1784417770389.0,1784417770984.038,401.472,6171.0,595.038,,7167.51
e-630,1784417763866.5286,1784417764218,1784417770389.0,1784417770984.0386,351.471,6171.0,595.039,,7117.51
e-631,1784417763916.5203,1784417764218,1784417770389.0,1784417770984.0422,301.48,6171.0,595.042,,7067.522
e-632,1784417763966.5403,1784417764218,1784417770389.0,1784417770984.0427,251.46,6171.0,595.043,,7017.502
e-633,1784417764016.5356,1784417764218,1784417770389.0,1784417770984.0432,201.464,6171.0,595.043,,6967.508
e-634,1784417764066.5322,1784417764218,1784417770389.0,1784417770984.0435,151.468,6171.0,595.043,,6917.511
e-635,1784417764116.5483,1784417764218,1784417770389.0,1784417770984.044,101.452,6171.0,595.044,,6867.496
e-636,1784417764166.5347,1784417764218,1784417770389.0,1784417770984.0444,51.465,6171.0,595.044,,6817.51
e-637,1784417764216.55,1784417764218,1784417770390.0,1784417770984.0447,1.45,6172.0,594.045,,6767.495
e-638,1784417764266.5305,1784417765268,1784417770390.0,1784417770984.0452,1001.469,5122.0,594.045,,6717.515
e-639,1784417764316.5264,1784417765268,1784417770390.0,1784417770984.0457,951.474,5122.0,594.046,,6667.519
e-640,1784417764366.533,1784417765268,1784417770390.0,1784417770984.046,901.467,5122.0,594.046,,6617.513
e-641,1784417764416.5496,1784417765268,1784417770390.0,1784417770984.0464,851.45,5122.0,594.046,,6567.497
e-642,1784417764466.5283,1784417765268,1784417770390.0,1784417770984.0469,801.472,5122.0,594.047,,6517.519
e-643,1784417764516.5366,1784417765268,1784417770390.0,1784417770984.047,751.463,5122.0,594.047,,6467.51
e-644,1784417764566.5317,1784417765268,1784417770390.0,1784417770984.0476,701.468,5122.0,594.048,,6417.516
e-645,1784417764616.551,1784417765268,1784417770390.0,1784417770984.0479,651.449,5122.0,594.048,,6367.497
e-646,1784417764666.5356,1784417765268,1784417770390.0,1784417770984.0483,601.464,5122.0,594.048,,6317.513
e-647,1784417764716.5242,1784417765268,1784417770390.0,1784417770984.0488,551.476,5122.0,594.049,,6267.525
e-648,1784417764766.5269,1784417765268,1784417770390.0,1784417770984.0493,501.473,5122.0,594.049,,6217.522
e-649,1784417764816.5261,1784417765268,1784417770390.0,1784417770984.0496,451.474,5122.0,594.05,,6167.523
e-650,1784417764866.5344,1784417765268,1784417770390.0,1784417770984.05,401.466,5122.0,594.05,,6117.516
e-651,1784417764916.519,1784417765268,1784417770391.0,1784417770984.054,351.481,5123.0,593.054,,6067.535
e-652,1784417764966.5352,1784417765268,1784417770391.0,1784417770984.0642,301.465,5123.0,593.064,,6017.529
e-653,1784417765016.5176,1784417765268,1784417770391.0,1784417770984.065,251.482,5123.0,593.065,,5967.547
e-654,1784417765066.5188,1784417765268,1784417770391.0,1784417770984.0657,201.481,5123.0,593.066,,5917.547
e-655,1784417765116.5317,1784417765268,1784417770391.0,1784417770984.0664,151.468,5123.0,593.066,,5867.535
e-656,1784417765166.555,1784417765268,1784417770391.0,1784417770984.067,101.445,5123.0,593.067,,5817.512
e-657,1784417765216.538,1784417765268,1784417770391.0,1784417770984.0676,51.462,5123.0,593.068,,5767.53
e-658,1784417765266.5227,1784417765268,1784417770391.0,1784417770984.068,1.477,5123.0,593.068,,5717.545
e-659,1784417765316.5222,1784417766318,1784417770391.0,1784417770984.0688,1001.478,4073.0,593.069,,5667.547
e-660,1784417765366.5364,1784417766318,1784417770391.0,1784417770984.0693,951.464,4073.0,593.069,,5617.533
e-661,1784417765416.5332,1784417766318,1784417770391.0,1784417770984.07,901.467,4073.0,593.07,,5567.537
e-662,1784417765466.524,1784417766318,1784417770391.0,1784417770984.0706,851.476,4073.0,593.071,,5517.547
e-663,1784417765516.5315,1784417766318,1784417770391.0,1784417770984.0713,801.469,4073.0,593.071,,5467.54
e-664,1784417765566.5435,1784417766318,1784417770391.0,1784417770984.0718,751.457,4073.0,593.072,,5417.528
e-665,1784417765616.5874,1784417766318,1784417770391.0,1784417770984.0725,701.413,4073.0,593.073,,5367.485
e-666,1784417765666.5303,1784417766318,1784417770392.0,1784417770984.0732,651.47,4074.0,592.073,,5317.543
e-667,1784417765716.534,1784417766318,1784417770392.0,1784417770984.0737,601.466,4074.0,592.074,,5267.54
e-668,1784417765766.5317,1784417766318,1784417770392.0,1784417770984.0745,551.468,4074.0,592.074,,5217.543
e-669,1784417765816.5366,1784417766318,1784417770392.0,1784417770984.075,501.463,4074.0,592.075,,5167.538
e-670,1784417765866.5515,1784417766318,1784417770392.0,1784417770984.0757,451.448,4074.0,592.076,,5117.524
e-671,1784417765916.5454,1784417766318,1784417770392.0,1784417770984.0764,401.455,4074.0,592.076,,5067.531
e-672,1784417765966.5383,1784417766318,1784417770392.0,1784417770984.086,351.462,4074.0,592.086,,5017.548
e-673,1784417766016.5474,1784417766318,1784417770392.0,1784417770984.087,301.453,4074.0,592.087,,4967.54
e-674,1784417766066.544,1784417766318,1784417770392.0,1784417770984.0872,251.456,4074.0,592.087,,4917.543
e-675,1784417766116.5542,1784417766318,1784417770392.0,1784417770984.0876,201.446,4074.0,592.088,,4867.533
e-676,1784417766166.5579,1784417766318,1784417770392.0,1784417770984.0881,151.442,4074.0,592.088,,4817.53
e-677,1784417766216.5513,1784417766318,1784417770393.0,1784417770984.0884,101.449,4075.0,591.088,,4767.537
e-678,1784417766266.5974,1784417766318,1784417770393.0,1784417770984.0889,51.403,4075.0,591.089,,4717.491
e-679,1784417766316.6045,1784417767318,1784417770393.0,1784417770984.0894,1001.396,3075.0,591.089,,4667.485
e-680,1784417766366.5205,1784417767318,1784417770393.0,1784417770984.0896,951.479,3075.0,591.09,,4617.569
e-681,1784417766416.5603,1784417767318,1784417770393.0,1784417770984.09,901.44,3075.0,591.09,,4567.53
e-682,1784417766466.5408,1784417767318,1784417770393.0,1784417770984.0906,851.459,3075.0,591.091,,4517.55
e-683,1784417766516.5435,1784417767318,1784417770393.0,1784417770984.0908,801.457,3075.0,591.091,,4467.547
e-684,1784417766566.5337,1784417767318,1784417770393.0,1784417770984.0913,751.466,3075.0,591.091,,4417.558
e-685,1784417766616.5598,1784417767318,1784417770393.0,1784417770984.0918,701.44,3075.0,591.092,,4367.532
e-686,1784417766666.547,1784417767318,1784417770393.0,1784417770984.092,651.453,3075.0,591.092,,4317.545
e-687,1784417766716.5247,1784417767318,1784417770393.0,1784417770984.0925,601.475,3075.0,591.093,,4267.568
e-688,1784417766766.5574,1784417767318,1784417770393.0,1784417770984.093,551.443,3075.0,591.093,,4217.536
e-689,1784417766816.5366,1784417767318,1784417770393.0,1784417770984.0933,501.463,3075.0,591.093,,4167.557
e-690,1784417766866.556,1784417767318,1784417770393.0,1784417770984.0938,451.444,3075.0,591.094,,4117.538
e-691,1784417766916.551,1784417767318,1784417770393.0,1784417770984.0942,401.449,3075.0,591.094,,4067.543
e-692,1784417766966.5564,1784417767318,1784417770394.0,1784417770984.0945,351.444,3076.0,590.094,,4017.538
e-693,1784417767016.539,1784417767318,1784417770394.0,1784417770984.0984,301.461,3076.0,590.098,,3967.559
e-694,1784417767066.5518,1784417767318,1784417770394.0,1784417770984.0989,251.448,3076.0,590.099,,3917.547
e-695,1784417767116.5442,1784417767318,1784417770394.0,1784417770984.2122,201.456,3076.0,590.212,,3867.668
e-696,1784417767166.5417,1784417767318,1784417770394.0,1784417770984.215,151.458,3076.0,590.215,,3817.673
e-697,1784417767216.53,1784417767318,1784417770394.0,1784417770984.2158,101.47,3076.0,590.216,,3767.686
e-698,1784417767266.5535,1784417767318,1784417770394.0,1784417770984.2166,51.447,3076.0,590.217,,3717.663
e-699,1784417767316.5283,1784417767318,1784417770394.0,1784417770984.2173,1.472,3076.0,590.217,,3667.689
e-700,1784417767366.5515,1784417768368,1784417770394.0,1784417770984.2512,1001.448,2026.0,590.251,,3617.7
e-701,1784417767416.5317,1784417768368,1784417770394.0,1784417770984.252,951.468,2026.0,590.252,,3567.72
e-702,1784417767466.561,1784417768368,1784417770394.0,1784417770984.2527,901.439,2026.0,590.253,,3517.692
e-703,1784417767516.5361,1784417768368,1784417770394.0,1784417770984.2534,851.464,2026.0,590.253,,3467.717
e-704,1784417767566.5454,1784417768368,1784417770394.0,1784417770984.2542,801.455,2026.0,590.254,,3417.709
e-705,1784417767616.5337,1784417768368,1784417770394.0,1784417770984.255,751.466,2026.0,590.255,,3367.721
e-706,1784417767666.5344,1784417768368,1784417770395.0,1784417770984.2556,701.466,2027.0,589.256,,3317.721
e-707,1784417767716.5425,1784417768368,1784417770395.0,1784417770984.2563,651.458,2027.0,589.256,,3267.714
e-708,1784417767766.531,1784417768368,1784417770395.0,1784417770984.2568,601.469,2027.0,589.257,,3217.726
e-709,1784417767816.5393,1784417768368,1784417770395.0,1784417770984.2576,551.461,2027.0,589.258,,3167.718
e-710,1784417767866.5479,1784417768368,1784417770395.0,1784417770984.2583,501.452,2027.0,589.258,,3117.71
e-711,1784417767916.532,1784417768368,1784417770395.0,1784417770984.259,451.468,2027.0,589.259,,3067.727
e-712,1784417767966.5334,1784417768368,1784417770395.0,1784417770984.585,401.467,2027.0,589.585,,3018.052
e-713,1784417768016.5474,1784417768368,1784417770395.0,1784417770984.5862,351.453,2027.0,589.586,,2968.039
e-714,1784417768066.546,1784417768368,1784417770395.0,1784417770984.5935,301.454,2027.0,589.594,,2918.048
e-715,1784417768116.5312,1784417768368,1784417770395.0,1784417770984.5942,251.469,2027.0,589.594,,2868.063
e-716,1784417768166.5278,1784417768368,1784417770395.0,1784417770984.595,201.472,2027.0,589.595,,2818.067
e-717,1784417768216.5396,1784417768368,1784417770395.0,1784417770984.5957,151.46,2027.0,589.596,,2768.056
e-718,1784417768266.5537,1784417768368,1784417770395.0,1784417770984.5962,101.446,2027.0,589.596,,2718.042
e-719,1784417768316.5405,1784417768368,1784417770395.0,1784417770984.597,51.459,2027.0,589.597,,2668.056
e-720,1784417768366.5352,1784417768368,1784417770395.0,1784417770984.5974,1.465,2027.0,589.597,,2618.062
e-721,1784417768416.5283,1784417769418,1784417770395.0,1784417770984.5981,1001.472,977.0,589.598,,2568.07
e-722,1784417768466.5393,1784417769418,1784417770395.0,1784417770984.5989,951.461,977.0,589.599,,2518.06
e-723,1784417768516.5498,1784417769418,1784417770395.0,1784417770984.5994,901.45,977.0,589.599,,2468.05
e-724,1784417768566.5374,1784417769418,1784417770395.0,1784417770984.6,851.463,977.0,589.6,,2418.063
e-725,1784417768616.529,1784417769418,1784417770396.0,1784417770984.6008,801.471,978.0,588.601,,2368.072
e-726,1784417768666.5398,1784417769418,1784417770396.0,1784417770984.6013,751.46,978.0,588.601,,2318.062
e-727,1784417768716.5317,1784417769418,1784417770396.0,1784417770984.6018,701.468,978.0,588.602,,2268.07
e-728,1784417768766.5378,1784417769418,1784417770396.0,1784417770984.6025,651.462,978.0,588.603,,2218.065
e-729,1784417768816.5332,1784417769418,1784417770396.0,1784417770984.603,601.467,978.0,588.603,,2168.07
e-730,1784417768866.5383,1784417769418,1784417770396.0,1784417770984.6035,551.462,978.0,588.604,,2118.065
e-731,1784417768916.5378,1784417769418,1784417770396.0,1784417770984.6042,501.462,978.0,588.604,,2068.066
e-732,1784417768966.5564,1784417769418,1784417770396.0,1784417770984.6047,451.444,978.0,588.605,,2018.048
e-733,1784417769016.5647,1784417769418,1784417770396.0,1784417770984.6055,401.435,978.0,588.605,,1968.041
e-734,1784417769066.5413,1784417769418,1784417770396.0,1784417770984.606,351.459,978.0,588.606,,1918.065
e-735,1784417769116.5352,1784417769418,1784417770396.0,1784417770984.6067,301.465,978.0,588.607,,1868.072
e-736,1784417769166.55,1784417769418,1784417770396.0,1784417770984.612,251.45,978.0,588.612,,1818.062
e-737,1784417769216.5232,1784417769418,1784417770396.0,1784417770984.6128,201.477,978.0,588.613,,1768.09
e-738,1784417769266.5613,1784417769418,1784417770396.0,1784417770984.6135,151.439,978.0,588.614,,1718.052
e-739,1784417769316.5625,1784417769418,1784417770396.0,1784417770984.614,101.438,978.0,588.614,,1668.052
e-740,1784417769366.5486,1784417769418,1784417770396.0,1784417770984.6147,51.451,978.0,588.615,,1618.066
e-741,1784417769416.5342,1784417769418,1784417770397.0,1784417770984.6155,1.466,979.0,587.615,,1568.081
e-742,1784417769466.5515,1784417770467,1784417770471.0,1784417770984.616,1000.448,4.0,513.616,,1518.064
e-743,1784417769516.5337,1784417770467,1784417770471.0,1784417770984.6167,950.466,4.0,513.617,,1468.083
e-744,1784417769566.5513,1784417770467,1784417770471.0,1784417770984.6172,900.449,4.0,513.617,,1418.066
e-745,1784417769616.5344,1784417770467,1784417770471.0,1784417770984.6177,850.466,4.0,513.618,,1368.083
e-746,1784417769666.533,1784417770467,1784417770471.0,1784417770984.6184,800.467,4.0,513.618,,1318.085
e-747,1784417769716.533,1784417770467,1784417770471.0,1784417770984.619,750.467,4.0,513.619,,1268.086
e-748,1784417769766.533,1784417770467,1784417770472.0,1784417770984.6194,700.467,5.0,512.619,,1218.086
e-749,1784417769816.5435,1784417770467,1784417770472.0,1784417770984.62,650.457,5.0,512.62,,1168.077
e-750,1784417769866.533,1784417770467,1784417770472.0,1784417770984.6208,600.467,5.0,512.621,,1118.088
e-751,1784417769916.538,1784417770467,1784417770472.0,1784417770984.6213,550.462,5.0,512.621,,1068.083
e-752,1784417769966.5354,1784417770467,1784417770472.0,1784417770984.622,500.465,5.0,512.622,,1018.087
e-753,1784417770016.5383,1784417770467,1784417770472.0,1784417770984.6226,450.462,5.0,512.623,,968.084
e-754,1784417770066.5352,1784417770467,1784417770472.0,1784417770984.6233,400.465,5.0,512.623,,918.088
e-755,1784417770116.5364,1784417770467,1784417770472.0,1784417770984.6238,350.464,5.0,512.624,,868.087
e-756,1784417770166.5383,1784417770467,1784417770472.0,1784417770984.6245,300.462,5.0,512.625,,818.086
e-757,1784417770216.5315,1784417770467,1784417770472.0,1784417770984.6345,250.469,5.0,512.635,,768.103
e-758,1784417770266.5452,1784417770467,1784417770472.0,1784417770984.6355,200.455,5.0,512.635,,718.09
e-759,1784417770316.5571,1784417770467,1784417770472.0,1784417770984.6406,150.443,5.0,512.641,,668.083
e-760,1784417770366.519,1784417770467,1784417770472.0,1784417770984.6414,100.481,5.0,512.641,,618.122
e-761,1784417770416.5334,1784417770467,1784417770472.0,1784417770984.643,50.467,5.0,512.643,,568.11
e-762,1784417770466.5374,1784417771468,1784417771472.0,1784417771820.7097,1001.463,4.0,348.71,,1354.172
e-763,1784417770516.522,1784417771468,1784417771475.0,1784417771820.7136,951.478,7.0,345.714,,1304.192
e-764,1784417770566.5454,1784417771468,1784417771475.0,1784417771820.715,901.455,7.0,345.715,,1254.17
e-765,1784417770616.5369,1784417771468,1784417771476.0,1784417771820.7158,851.463,8.0,344.716,,1204.179
e-766,1784417770666.5466,1784417771468,1784417771476.0,1784417771820.7166,801.453,8.0,344.717,,1154.17
e-767,1784417770716.5376,1784417771468,1784417771476.0,1784417771820.7173,751.462,8.0,344.717,,1104.18
e-768,1784417770766.5415,1784417771468,1784417771476.0,1784417771820.7312,701.458,8.0,344.731,,1054.19
e-769,1784417770816.5327,1784417771468,1784417771476.0,1784417771820.732,651.467,8.0,344.732,,1004.199
e-770,1784417770866.5261,1784417771468,1784417771476.0,1784417771820.733,601.474,8.0,344.733,,954.207
e-771,1784417770916.5356,1784417771468,1784417771476.0,1784417771820.7336,551.464,8.0,344.734,,904.198
e-772,1784417770966.5813,1784417771468,1784417771476.0,1784417771820.7344,501.419,8.0,344.734,,854.153
e-773,1784417771016.529,1784417771468,1784417771476.0,1784417771820.735,451.471,8.0,344.735,,804.206
e-774,1784417771066.548,1784417771468,1784417771476.0,1784417771820.736,401.452,8.0,344.736,,754.188
e-775,1784417771116.5396,1784417771468,1784417771476.0,1784417771820.7368,351.46,8.0,344.737,,704.197
e-776,1784417771166.5369,1784417771468,1784417771477.0,1784417771820.7375,301.463,9.0,343.738,,654.201
e-777,1784417771216.5474,1784417771468,1784417771477.0,1784417771820.7383,251.453,9.0,343.738,,604.191
e-778,1784417771266.5325,1784417771468,1784417771477.0,1784417771820.7434,201.468,9.0,343.743,,554.211
e-779,1784417771316.5427,1784417771468,1784417771477.0,1784417771820.7444,151.457,9.0,343.744,,504.202
e-780,1784417771366.5415,1784417771468,1784417771477.0,1784417771820.745,101.458,9.0,343.745,,454.204
e-781,1784417771416.543,1784417771468,1784417771477.0,1784417771820.7458,51.457,9.0,343.746,,404.203
e-782,1784417771466.541,1784417771468,1784417771477.0,1784417771820.7466,1.459,9.0,343.747,,354.206
e-783,1784417771516.527,1784417772518,1784417772523.0,1784417772904.049,1001.473,5.0,381.049,,1387.522
e-784,1784417771566.5432,1784417772518,1784417772523.0,1784417772904.0518,951.457,5.0,381.052,,1337.509
e-785,1784417771616.549,1784417772518,1784417772523.0,1784417772904.0527,901.451,5.0,381.053,,1287.504
e-786,1784417771666.5352,1784417772518,1784417772523.0,1784417772904.0532,851.465,5.0,381.053,,1237.518
e-787,1784417771716.5476,1784417772518,1784417772523.0,1784417772904.0537,801.452,5.0,381.054,,1187.506
e-788,1784417771766.5425,1784417772518,1784417772523.0,1784417772904.0542,751.458,5.0,381.054,,1137.512
e-789,1784417771816.566,1784417772518,1784417772524.0,1784417772904.055,701.434,6.0,380.055,,1087.489
e-790,1784417771866.5369,1784417772518,1784417772524.0,1784417772904.0554,651.463,6.0,380.055,,1037.519
e-791,1784417771916.5386,1784417772518,1784417772524.0,1784417772904.056,601.461,6.0,380.056,,987.517
e-792,1784417771966.5469,1784417772518,1784417772524.0,1784417772904.0564,551.453,6.0,380.056,,937.51
e-793,1784417772016.5571,1784417772518,1784417772524.0,1784417772904.057,501.443,6.0,380.057,,887.5
e-794,1784417772066.5442,1784417772518,1784417772524.0,1784417772904.0574,451.456,6.0,380.057,,837.513
e-795,1784417772116.5503,1784417772518,1784417772524.0,1784417772904.0576,401.45,6.0,380.058,,787.507
e-796,1784417772166.547,1784417772518,1784417772524.0,1784417772904.058,351.453,6.0,380.058,,737.511
e-797,1784417772216.5415,1784417772518,1784417772524.0,1784417772904.0586,301.458,6.0,380.059,,687.517
e-798,1784417772266.5337,1784417772518,1784417772524.0,1784417772904.059,251.466,6.0,380.059,,637.525
e-799,1784417772316.5396,1784417772518,1784417772525.0,1784417772904.0715,201.46,7.0,379.072,,587.532
e-800,1784417772367.468,1784417772518,1784417772525.0,1784417772904.072,150.532,7.0,379.072,,536.604
e-801,1784417772416.5178,1784417772518,1784417772525.0,1784417772904.0881,101.482,7.0,379.088,,487.57
e-802,1784417772466.5378,1784417772518,1784417772525.0,1784417772904.0889,51.462,7.0,379.089,,437.551
e-803,1784417772516.5176,1784417772518,1784417772525.0,1784417772904.0894,1.482,7.0,379.089,,387.572
e-804,1784417772566.5188,1784417773568,1784417773573.0,1784417773898.5735,1001.481,5.0,325.573,,1332.055
e-805,1784417772616.5312,1784417773568,1784417773573.0,1784417773898.578,951.469,5.0,325.578,,1282.047
e-806,1784417772666.5432,1784417773568,1784417773573.0,1784417773898.58,901.457,5.0,325.58,,1232.037
e-807,1784417772716.5173,1784417773568,1784417773574.0,1784417773898.581,851.483,6.0,324.581,,1182.064
e-808,1784417772766.5205,1784417773568,1784417773574.0,1784417773898.5823,801.479,6.0,324.582,,1132.062
e-809,1784417772816.5178,1784417773568,1784417773574.0,1784417773898.5833,751.482,6.0,324.583,,1082.065
e-810,1784417772867.2148,1784417773568,1784417773574.0,1784417773898.5845,700.785,6.0,324.584,,1031.37
e-811,1784417772916.5369,1784417773568,1784417773574.0,1784417773898.5857,651.463,6.0,324.586,,982.049
e-812,1784417772966.534,1784417773568,1784417773574.0,1784417773898.6033,601.466,6.0,324.603,,932.069
e-813,1784417773016.5317,1784417773568,1784417773574.0,1784417773898.6042,551.468,6.0,324.604,,882.073
e-814,1784417773066.5393,1784417773568,1784417773574.0,1784417773898.6052,501.461,6.0,324.605,,832.066
e-815,1784417773116.5293,1784417773568,1784417773574.0,1784417773898.6064,451.471,6.0,324.606,,782.077
e-816,1784417773166.538,1784417773568,1784417773574.0,1784417773898.6074,401.462,6.0,324.607,,732.069
e-817,1784417773216.537,1784417773568,1784417773574.0,1784417773898.6084,351.463,6.0,324.608,,682.071
e-818,1784417773266.5188,1784417773568,1784417773574.0,1784417773898.6094,301.481,6.0,324.609,,632.091
e-819,1784417773316.5205,1784417773568,1784417773574.0,1784417773898.6104,251.479,6.0,324.61,,582.09
e-820,1784417773366.535,1784417773568,1784417773575.0,1784417773898.611,201.465,7.0,323.611,,532.076
e-821,1784417773416.536,1784417773568,1784417773575.0,1784417773898.6177,151.464,7.0,323.618,,482.082
e-822,1784417773466.5608,1784417773568,1784417773575.0,1784417773898.6187,101.439,7.0,323.619,,432.058
e-823,1784417773516.5222,1784417773568,1784417773575.0,1784417773898.6194,51.478,7.0,323.619,,382.097
e-824,1784417773566.5173,1784417773568,1784417773575.0,1784417773898.62,1.483,7.0,323.62,,332.103
e-825,1784417773616.5183,1784417774618,1784417774623.0,1784417774915.5552,1001.482,5.0,292.555,,1299.037
e-826,1784417773666.5503,1784417774618,1784417774623.0,1784417774915.5579,951.45,5.0,292.558,,1249.008
e-827,1784417773716.5244,1784417774618,1784417774623.0,1784417774915.5593,901.476,5.0,292.559,,1199.035
e-828,1784417773766.545,1784417774618,1784417774623.0,1784417774915.5598,851.455,5.0,292.56,,1149.015
e-829,1784417773816.5234,1784417774618,1784417774623.0,1784417774915.5605,801.477,5.0,292.561,,1099.037
e-830,1784417773866.546,1784417774618,1784417774623.0,1784417774915.561,751.454,5.0,292.561,,1049.015
e-831,1784417773916.5554,1784417774618,1784417774623.0,1784417774915.572,701.445,5.0,292.572,,999.017
e-832,1784417773966.5215,1784417774618,1784417774623.0,1784417774915.5728,651.479,5.0,292.573,,949.051
e-833,1784417774016.5298,1784417774618,1784417774623.0,1784417774915.5732,601.47,5.0,292.573,,899.043
e-834,1784417774066.527,1784417774618,1784417774624.0,1784417774915.5742,551.473,6.0,291.574,,849.047
e-835,1784417774116.5212,1784417774618,1784417774624.0,1784417774915.5747,501.479,6.0,291.575,,799.053
e-836,1784417774166.5947,1784417774618,1784417774624.0,1784417774915.5754,451.405,6.0,291.575,,748.981
e-837,1784417774216.5354,1784417774618,1784417774624.0,1784417774915.576,401.465,6.0,291.576,,699.041
e-838,1784417774266.5374,1784417774618,1784417774624.0,1784417774915.5767,351.463,6.0,291.577,,649.039
e-839,1784417774316.5369,1784417774618,1784417774624.0,1784417774915.5771,301.463,6.0,291.577,,599.04
e-840,1784417774366.5332,1784417774618,1784417774624.0,1784417774915.578,251.467,6.0,291.578,,549.045
e-841,1784417774416.5305,1784417774618,1784417774624.0,1784417774915.5786,201.469,6.0,291.579,,499.048
e-842,1784417774466.5237,1784417774618,1784417774624.0,1784417774915.582,151.476,6.0,291.582,,449.058
e-843,1784417774516.534,1784417774618,1784417774624.0,1784417774915.5828,101.466,6.0,291.583,,399.049
e-844,1784417774566.55,1784417774618,1784417774624.0,1784417774915.5833,51.45,6.0,291.583,,349.033
e-845,1784417774616.5242,1784417774618,1784417774624.0,1784417774915.5835,1.476,6.0,291.583,,299.059
e-846,1784417774666.538,1784417775667,1784417775672.0,1784417775904.3513,1000.462,5.0,232.351,,1237.813
e-847,1784417774716.5176,1784417775667,1784417775672.0,1784417775904.3555,950.482,5.0,232.355,,1187.838
e-848,1784417774766.5452,1784417775667,1784417775672.0,1784417775904.3567,900.455,5.0,232.357,,1137.812
e-849,1784417774816.54,1784417775667,1784417775672.0,1784417775904.3574,850.46,5.0,232.357,,1087.817
e-850,1784417774866.5486,1784417775667,1784417775672.0,1784417775904.3582,800.451,5.0,232.358,,1037.81
e-851,1784417774916.545,1784417775667,1784417775672.0,1784417775904.3586,750.455,5.0,232.359,,987.814
e-852,1784417774966.5757,1784417775667,1784417775673.0,1784417775904.3594,700.424,6.0,231.359,,937.784
e-853,1784417775016.539,1784417775667,1784417775673.0,1784417775904.36,650.461,6.0,231.36,,887.821
e-854,1784417775066.5574,1784417775667,1784417775673.0,1784417775904.3606,600.443,6.0,231.361,,837.803
e-855,1784417775116.5486,1784417775667,1784417775673.0,1784417775904.3613,550.451,6.0,231.361,,787.813
e-856,1784417775166.5425,1784417775667,1784417775673.0,1784417775904.362,500.458,6.0,231.362,,737.82
e-857,1784417775216.5337,1784417775667,1784417775673.0,1784417775904.3628,450.466,6.0,231.363,,687.829
e-858,1784417775266.5276,1784417775667,1784417775673.0,1784417775904.403,400.472,6.0,231.403,,637.875
e-859,1784417775316.5642,1784417775667,1784417775673.0,1784417775904.4036,350.436,6.0,231.404,,587.839
e-860,1784417775366.5632,1784417775667,1784417775673.0,1784417775904.404,300.437,6.0,231.404,,537.841
e-861,1784417775416.5378,1784417775667,1784417775673.0,1784417775904.4062,250.462,6.0,231.406,,487.868
e-862,1784417775466.536,1784417775667,1784417775674.0,1784417775904.4067,200.464,7.0,230.407,,437.871
e-863,1784417775516.5334,1784417775667,1784417775674.0,1784417775904.4116,150.467,7.0,230.412,,387.878
e-864,1784417775566.5283,1784417775667,1784417775674.0,1784417775904.412,100.472,7.0,230.412,,337.884
e-865,1784417775616.52,1784417775667,1784417775674.0,1784417775904.4126,50.48,7.0,230.413,,287.893
e-866,1784417775666.5435,1784417776668,1784417776672.0,1784417776790.135,1001.457,4.0,118.135,,1123.592
e-867,1784417775716.531,1784417776668,1784417776673.0,1784417776790.1377,951.469,5.0,117.138,,1073.607
e-868,1784417775766.5396,1784417776668,1784417776673.0,1784417776790.139,901.46,5.0,117.139,,1023.599
e-869,1784417775816.5361,1784417776668,1784417776673.0,1784417776790.1392,851.464,5.0,117.139,,973.603
e-870,1784417775866.568,1784417776668,1784417776673.0,1784417776790.1396,801.432,5.0,117.14,,923.572
e-871,1784417775916.5461,1784417776668,1784417776673.0,1784417776790.14,751.454,5.0,117.14,,873.594
e-872,1784417775966.5366,1784417776668,1784417776673.0,1784417776790.1404,701.463,5.0,117.14,,823.604
e-873,1784417776016.5474,1784417776668,1784417776673.0,1784417776790.1406,651.453,5.0,117.141,,773.593
e-874,1784417776066.52,1784417776668,1784417776673.0,1784417776790.141,601.48,5.0,117.141,,723.621
e-875,1784417776116.5232,1784417776668,1784417776673.0,1784417776790.1414,551.477,5.0,117.141,,673.618
e-876,1784417776166.55,1784417776668,1784417776673.0,1784417776790.1418,501.45,5.0,117.142,,623.592
e-877,1784417776216.519,1784417776668,1784417776673.0,1784417776790.142,451.481,5.0,117.142,,573.623
e-878,1784417776266.5334,1784417776668,1784417776673.0,1784417776790.1423,401.467,5.0,117.142,,523.609
e-879,1784417776316.529,1784417776668,1784417776674.0,1784417776790.1428,351.471,6.0,116.143,,473.614
e-880,1784417776366.5457,1784417776668,1784417776674.0,1784417776790.143,301.454,6.0,116.143,,423.597
e-881,1784417776416.5437,1784417776668,1784417776674.0,1784417776790.1436,251.456,6.0,116.144,,373.6
e-882,1784417776468.583,1784417776668,1784417776674.0,1784417776790.1438,199.417,6.0,116.144,,321.561
e-883,1784417776516.522,1784417776668,1784417776674.0,1784417776790.1443,151.478,6.0,116.144,,273.622
e-884,1784417776566.5354,1784417776668,1784417776674.0,1784417776790.1582,101.465,6.0,116.158,,223.623
e-885,1784417776616.5264,1784417776668,1784417776674.0,1784417776790.1587,51.474,6.0,116.159,,173.632
e-886,1784417776666.5264,1784417776668,1784417776674.0,1784417776790.1592,1.474,6.0,116.159,,123.633
e-887,1784417776716.5327,1784417777717,1784417777721.0,1784417777899.1243,1000.467,4.0,178.124,,1182.592
e-888,1784417776766.544,1784417777717,1784417777722.0,1784417777899.1272,950.456,5.0,177.127,,1132.583
e-889,1784417776816.5164,1784417777717,1784417777722.0,1784417777899.1284,900.484,5.0,177.128,,1082.612
e-890,1784417776866.5247,1784417777717,1784417777722.0,1784417777899.129,850.475,5.0,177.129,,1032.604
e-891,1784417776916.522,1784417777717,1784417777722.0,1784417777899.1296,800.478,5.0,177.13,,982.608
e-892,1784417776966.5195,1784417777717,1784417777722.0,1784417777899.1301,750.48,5.0,177.13,,932.611
e-893,1784417777016.5269,1784417777717,1784417777722.0,1784417777899.1309,700.473,5.0,177.131,,882.604
e-894,1784417777066.522,1784417777717,1784417777722.0,1784417777899.1313,650.478,5.0,177.131,,832.609
e-895,1784417777116.532,1784417777717,1784417777722.0,1784417777899.1318,600.468,5.0,177.132,,782.6
e-896,1784417777166.5364,1784417777717,1784417777722.0,1784417777899.1323,550.464,5.0,177.132,,732.596
e-897,1784417777216.5237,1784417777717,1784417777723.0,1784417777899.1328,500.476,6.0,176.133,,682.609
e-898,1784417777266.54,1784417777717,1784417777723.0,1784417777899.133,450.46,6.0,176.133,,632.593
e-899,1784417777316.5366,1784417777717,1784417777723.0,1784417777899.1333,400.463,6.0,176.133,,582.597
e-900,1784417777366.5244,1784417777717,1784417777723.0,1784417777899.1335,350.476,6.0,176.134,,532.609
e-901,1784417777416.5427,1784417777717,1784417777723.0,1784417777899.134,300.457,6.0,176.134,,482.591
e-902,1784417777466.5374,1784417777717,1784417777723.0,1784417777899.145,250.463,6.0,176.145,,432.608
e-903,1784417777516.5251,1784417777717,1784417777723.0,1784417777899.1453,200.475,6.0,176.145,,382.62
e-904,1784417777566.5317,1784417777717,1784417777723.0,1784417777899.1482,150.468,6.0,176.148,,332.616
e-905,1784417777616.5237,1784417777717,1784417777723.0,1784417777899.1487,100.476,6.0,176.149,,282.625
e-906,1784417777666.5474,1784417777717,1784417777723.0,1784417777899.152,50.453,6.0,176.152,,232.605
e-907,1784417777716.5264,1784417778718,1784417778722.0,1784417778894.7498,1001.474,4.0,172.75,,1178.223
e-908,1784417777766.5432,1784417778718,1784417778723.0,1784417778894.7532,951.457,5.0,171.753,,1128.21
e-909,1784417777816.5625,1784417778718,1784417778723.0,1784417778894.7551,901.438,5.0,171.755,,1078.193
e-910,1784417777866.5505,1784417778718,1784417778723.0,1784417778894.7559,851.449,5.0,171.756,,1028.205
e-911,1784417777916.5474,1784417778718,1784417778723.0,1784417778894.7566,801.453,5.0,171.757,,978.209
e-912,1784417777966.54,1784417778718,1784417778723.0,1784417778894.7573,751.46,5.0,171.757,,928.217
e-913,1784417778016.5364,1784417778718,1784417778723.0,1784417778894.758,701.464,5.0,171.758,,878.222
e-914,1784417778066.5334,1784417778718,1784417778723.0,1784417778894.7588,651.467,5.0,171.759,,828.225
e-915,1784417778116.5654,1784417778718,1784417778723.0,1784417778894.7595,601.435,5.0,171.76,,778.194
e-916,1784417778166.5457,1784417778718,1784417778723.0,1784417778894.7603,551.454,5.0,171.76,,728.215
e-917,1784417778216.534,1784417778718,1784417778723.0,1784417778894.7607,501.466,5.0,171.761,,678.227
e-918,1784417778266.5247,1784417778718,1784417778723.0,1784417778894.7615,451.475,5.0,171.761,,628.237
e-919,1784417778316.5757,1784417778718,1784417778724.0,1784417778894.7622,401.424,6.0,170.762,,578.187
e-920,1784417778366.5435,1784417778718,1784417778724.0,1784417778894.7627,351.457,6.0,170.763,,528.219
e-921,1784417778416.5098,1784417778718,1784417778724.0,1784417778894.7634,301.49,6.0,170.763,,478.254
e-922,1784417778466.5476,1784417778718,1784417778724.0,1784417778894.7642,251.452,6.0,170.764,,428.217
e-923,1784417778516.5276,1784417778718,1784417778724.0,1784417778894.7646,201.472,6.0,170.765,,378.237
e-924,1784417778566.527,1784417778718,1784417778724.0,1784417778894.7654,151.473,6.0,170.765,,328.238
e-925,1784417778616.518,1784417778718,1784417778724.0,1784417778894.766,101.482,6.0,170.766,,278.248
e-926,1784417778666.5435,1784417778718,1784417778724.0,1784417778894.7666,51.457,6.0,170.767,,228.223
e-927,1784417778716.5269,1784417778718,1784417778724.0,1784417778894.7815,1.473,6.0,170.781,,178.255
e-928,1784417778766.526,1784417779768,1784417779862.0,1784417780796.877,1001.474,94.0,934.877,,2030.351
e-929,1784417778816.5354,1784417779768,1784417779862.0,1784417780796.881,951.465,94.0,934.881,,1980.346
e-930,1784417778866.5403,1784417779768,1784417779862.0,1784417780796.8828,901.46,94.0,934.883,,1930.343
e-931,1784417778916.5325,1784417779768,1784417779863.0,1784417780796.8833,851.468,95.0,933.883,,1880.351
e-932,1784417778966.5261,1784417779768,1784417779863.0,1784417780796.8843,801.474,95.0,933.884,,1830.358
e-933,1784417779016.517,1784417779768,1784417779863.0,1784417780796.8848,751.483,95.0,933.885,,1780.368
e-934,1784417779066.5278,1784417779768,1784417779863.0,1784417780796.8855,701.472,95.0,933.885,,1730.358
e-935,1784417779116.5232,1784417779768,1784417779863.0,1784417780796.8862,651.477,95.0,933.886,,1680.363
e-936,1784417779166.5396,1784417779768,1784417779863.0,1784417780796.887,601.46,95.0,933.887,,1630.347
e-937,1784417779216.525,1784417779768,1784417779863.0,1784417780796.888,551.475,95.0,933.888,,1580.363
e-938,1784417779266.535,1784417779768,1784417779863.0,1784417780796.8884,501.465,95.0,933.888,,1530.354
e-939,1784417779316.5334,1784417779768,1784417779863.0,1784417780796.8892,451.467,95.0,933.889,,1480.356
e-940,1784417779366.5554,1784417779768,1784417779863.0,1784417780796.8896,401.445,95.0,933.89,,1430.334
e-941,1784417779416.552,1784417779768,1784417779863.0,1784417780796.8901,351.448,95.0,933.89,,1380.338
e-942,1784417779467.8582,1784417779768,1784417779864.0,1784417780796.8906,300.142,96.0,932.891,,1329.032
e-943,1784417779516.526,1784417779768,1784417779864.0,1784417780796.891,251.474,96.0,932.891,,1280.365
e-944,1784417779566.5176,1784417779768,1784417779864.0,1784417780796.8916,201.482,96.0,932.892,,1230.374
e-945,1784417779616.5283,1784417779768,1784417779864.0,1784417780796.8918,151.472,96.0,932.892,,1180.364
e-946,1784417779666.5432,1784417779768,1784417779864.0,1784417780796.8923,101.457,96.0,932.892,,1130.349
e-947,1784417779716.5247,1784417779768,1784417779864.0,1784417780796.8928,51.475,96.0,932.893,,1080.368
e-948,1784417779766.5288,1784417779768,1784417779864.0,1784417780796.9075,1.471,96.0,932.907,,1030.379
e-949,1784417779816.5442,1784417780818,1784417780823.0,1784417781917.9976,1001.456,5.0,1094.998,,2101.453
e-950,1784417779866.54,1784417780818,1784417780824.0,1784417781917.9993,951.46,6.0,1093.999,,2051.459
e-951,1784417779916.5366,1784417780818,1784417780824.0,1784417781918.0,901.463,6.0,1094.0,,2001.463
e-952,1784417779966.5278,1784417780818,1784417780824.0,1784417781918.0005,851.472,6.0,1094.0,,1951.473
e-953,1784417780016.5383,1784417780818,1784417780824.0,1784417781918.0012,801.462,6.0,1094.001,,1901.463
e-954,1784417780066.5396,1784417780818,1784417780824.0,1784417781918.0017,751.46,6.0,1094.002,,1851.462
e-955,1784417780116.5388,1784417780818,1784417780824.0,1784417781918.0022,701.461,6.0,1094.002,,1801.463
e-956,1784417780166.5483,1784417780818,1784417780824.0,1784417781918.0027,651.452,6.0,1094.003,,1751.454
e-957,1784417780216.53,1784417780818,1784417780824.0,1784417781918.0032,601.47,6.0,1094.003,,1701.473
e-958,1784417780266.5305,1784417780818,1784417780824.0,1784417781918.0037,551.469,6.0,1094.004,,1651.473
e-959,1784417780316.5413,1784417780818,1784417780824.0,1784417781918.0042,501.459,6.0,1094.004,,1601.463
e-960,1784417780366.5195,1784417780818,1784417780824.0,1784417781918.005,451.48,6.0,1094.005,,1551.485
e-961,1784417780416.512,1784417780818,1784417780824.0,1784417781918.0054,401.488,6.0,1094.005,,1501.493
e-962,1784417780466.5378,1784417780818,1784417780825.0,1784417781918.0059,351.462,7.0,1093.006,,1451.468
e-963,1784417780516.5244,1784417780818,1784417780825.0,1784417781918.0063,301.476,7.0,1093.006,,1401.482
e-964,1784417780566.534,1784417780818,1784417780825.0,1784417781918.0068,251.466,7.0,1093.007,,1351.473
e-965,1784417780616.5278,1784417780818,1784417780825.0,1784417781918.0073,201.472,7.0,1093.007,,1301.479
e-966,1784417780666.5408,1784417780818,1784417780825.0,1784417781918.0078,151.459,7.0,1093.008,,1251.467
e-967,1784417780716.5386,1784417780818,1784417780825.0,1784417781918.0083,101.461,7.0,1093.008,,1201.47
e-968,1784417780766.5366,1784417780818,1784417780825.0,1784417781918.0088,51.463,7.0,1093.009,,1151.472
e-969,1784417780816.552,1784417781818,1784417781867.0,1784417782789.8088,1001.448,49.0,922.809,,1973.257
e-970,1784417780866.552,1784417781818,1784417781868.0,1784417782789.8118,951.448,50.0,921.812,,1923.26
e-971,1784417780916.532,1784417781818,1784417781868.0,1784417782789.8132,901.468,50.0,921.813,,1873.281
e-972,1784417780966.5376,1784417781818,1784417781868.0,1784417782789.814,851.462,50.0,921.814,,1823.276
e-973,1784417781016.5364,1784417781818,1784417781868.0,1784417782789.8154,801.464,50.0,921.815,,1773.279
e-974,1784417781066.5625,1784417781818,1784417781868.0,1784417782789.8374,751.438,50.0,921.837,,1723.275
e-975,1784417781116.6604,1784417781818,1784417781868.0,1784417782789.8381,701.34,50.0,921.838,,1673.178
e-976,1784417781166.603,1784417781818,1784417781868.0,1784417782789.839,651.397,50.0,921.839,,1623.236
e-977,1784417781216.5254,1784417781818,1784417781868.0,1784417782789.8398,601.475,50.0,921.84,,1573.314
e-978,1784417781266.5288,1784417781818,1784417781868.0,1784417782789.8406,551.471,50.0,921.841,,1523.312
e-979,1784417781316.5457,1784417781818,1784417781868.0,1784417782789.8413,501.454,50.0,921.841,,1473.296
e-980,1784417781366.576,1784417781818,1784417781868.0,1784417782789.8418,451.424,50.0,921.842,,1423.266
e-981,1784417781416.5188,1784417781818,1784417781868.0,1784417782789.8425,401.481,50.0,921.843,,1373.324
e-982,1784417781466.5417,1784417781818,1784417781868.0,1784417782789.843,351.458,50.0,921.843,,1323.301
e-983,1784417781516.5142,1784417781818,1784417781868.0,1784417782789.8438,301.486,50.0,921.844,,1273.33
e-984,1784417781566.5293,1784417781818,1784417781868.0,1784417782789.8445,251.471,50.0,921.844,,1223.315
e-985,1784417781616.5308,1784417781818,1784417781868.0,1784417782789.845,201.469,50.0,921.845,,1173.314
e-986,1784417781666.5544,1784417781818,1784417781868.0,1784417782789.8457,151.446,50.0,921.846,,1123.291
e-987,1784417781716.5344,1784417781818,1784417781868.0,1784417782789.8464,101.466,50.0,921.846,,1073.312
e-988,1784417781766.5437,1784417781818,1784417781868.0,1784417782789.847,51.456,50.0,921.847,,1023.303
e-989,1784417781816.525,1784417782818,1784417782823.0,1784417783912.6084,1001.475,5.0,1089.608,,2096.083
e-990,1784417781866.5537,1784417782818,1784417782823.0,1784417783912.6123,951.446,5.0,1089.612,,2046.059
e-991,1784417781916.5586,1784417782818,1784417782823.0,1784417783912.6257,901.441,5.0,1089.626,,1996.067
e-992,1784417781966.5234,1784417782818,1784417782823.0,1784417783912.6262,851.477,5.0,1089.626,,1946.103
e-993,1784417782016.5442,1784417782818,1784417782823.0,1784417783912.6272,801.456,5.0,1089.627,,1896.083
e-994,1784417782066.5315,1784417782818,1784417782823.0,1784417783912.6277,751.469,5.0,1089.628,,1846.096
e-995,1784417782116.5356,1784417782818,1784417782823.0,1784417783912.6282,701.464,5.0,1089.628,,1796.093
e-996,1784417782166.5498,1784417782818,1784417782823.0,1784417783912.6287,651.45,5.0,1089.629,,1746.079
e-997,1784417782216.539,1784417782818,1784417782823.0,1784417783912.6292,601.461,5.0,1089.629,,1696.09
e-998,1784417782266.5352,1784417782818,1784417782823.0,1784417783912.63,551.465,5.0,1089.63,,1646.095
e-999,1784417782316.5398,1784417782818,1784417782823.0,1784417783912.6304,501.46,5.0,1089.63,,1596.091
e-1000,1784417782366.5596,1784417782818,1784417782823.0,1784417783912.6309,451.44,5.0,1089.631,,1546.071
e-1001,1784417782416.5522,1784417782818,1784417782823.0,1784417783912.6313,401.448,5.0,1089.631,,1496.079
e-1002,1784417782466.5315,1784417782818,1784417782824.0,1784417783912.632,351.469,6.0,1088.632,,1446.101
e-1003,1784417782516.5522,1784417782818,1784417782824.0,1784417783912.6326,301.448,6.0,1088.633,,1396.08
e-1004,1784417782566.5422,1784417782818,1784417782824.0,1784417783912.633,251.458,6.0,1088.633,,1346.091
e-1005,1784417782616.5386,1784417782818,1784417782824.0,1784417783912.6335,201.461,6.0,1088.634,,1296.095
e-1006,1784417782666.5369,1784417782818,1784417782824.0,1784417783912.634,151.463,6.0,1088.634,,1246.097
e-1007,1784417782716.5442,1784417782818,1784417782824.0,1784417783912.6348,101.456,6.0,1088.635,,1196.091
e-1008,1784417782766.5547,1784417782818,1784417782824.0,1784417783912.6353,51.445,6.0,1088.635,,1146.081
e-1009,1784417782816.514,1784417782818,1784417782824.0,1784417783912.6357,1.486,6.0,1088.636,,1096.122
e-1010,1784417782866.5325,1784417783868,1784417783874.0,1784417784890.1843,1001.468,6.0,1016.184,,2023.652
e-1011,1784417782916.53,1784417783868,1784417783874.0,1784417784890.1877,951.47,6.0,1016.188,,1973.658
e-1012,1784417782966.5237,1784417783868,1784417783874.0,1784417784890.203,901.476,6.0,1016.203,,1923.679
e-1013,1784417783016.5208,1784417783868,1784417783874.0,1784417784890.2036,851.479,6.0,1016.204,,1873.683
e-1014,1784417783066.539,1784417783868,1784417783875.0,1784417784890.2043,801.461,7.0,1015.204,,1823.665
e-1015,1784417783116.525,1784417783868,1784417783875.0,1784417784890.205,751.475,7.0,1015.205,,1773.68
e-1016,1784417783166.5515,1784417783868,1784417783875.0,1784417784890.2058,701.448,7.0,1015.206,,1723.654
e-1017,1784417783216.5532,1784417783868,1784417783875.0,1784417784890.2065,651.447,7.0,1015.207,,1673.653
e-1018,1784417783266.5427,1784417783868,1784417783875.0,1784417784890.2117,601.457,7.0,1015.212,,1623.669
e-1019,1784417783316.5498,1784417783868,1784417783875.0,1784417784890.2122,551.45,7.0,1015.212,,1573.662
e-1020,1784417783366.5261,1784417783868,1784417783875.0,1784417784890.2126,501.474,7.0,1015.213,,1523.687
e-1021,1784417783416.5544,1784417783868,1784417783875.0,1784417784890.2131,451.446,7.0,1015.213,,1473.659
e-1022,1784417783466.5503,1784417783868,1784417783875.0,1784417784890.2136,401.45,7.0,1015.214,,1423.663
e-1023,1784417783516.5486,1784417783868,1784417783875.0,1784417784890.2139,351.451,7.0,1015.214,,1373.665
e-1024,1784417783566.524,1784417783868,1784417783875.0,1784417784890.2144,301.476,7.0,1015.214,,1323.69
e-1025,1784417783616.5447,1784417783868,1784417783876.0,1784417784890.2148,251.455,8.0,1014.215,,1273.67
e-1026,1784417783666.5308,1784417783868,1784417783876.0,1784417784890.2188,201.469,8.0,1014.219,,1223.688
e-1027,1784417783716.5264,1784417783868,1784417783876.0,1784417784890.234,151.474,8.0,1014.234,,1173.708
e-1028,1784417783766.5427,1784417783868,1784417783876.0,1784417784890.2344,101.457,8.0,1014.234,,1123.692
e-1029,1784417783816.5544,1784417783868,1784417783876.0,1784417784890.2349,51.446,8.0,1014.235,,1073.68
e-1030,1784417783866.5432,1784417783868,1784417783876.0,1784417784890.2354,1.457,8.0,1014.235,,1023.692
e-1031,1784417783916.5388,1784417784918,1784417784922.0,1784417785897.6973,1001.461,4.0,975.697,,1981.158
e-1032,1784417783966.546,1784417784918,1784417784922.0,1784417785897.699,951.454,4.0,975.699,,1931.153
e-1033,1784417784016.5454,1784417784918,1784417784922.0,1784417785897.7104,901.455,4.0,975.71,,1881.165
e-1034,1784417784066.536,1784417784918,1784417784922.0,1784417785897.7112,851.464,4.0,975.711,,1831.175
e-1035,1784417784116.5383,1784417784918,1784417784923.0,1784417785897.7117,801.462,5.0,974.712,,1781.173
e-1036,1784417784166.553,1784417784918,1784417784923.0,1784417785897.7122,751.447,5.0,974.712,,1731.159
e-1037,1784417784216.5403,1784417784918,1784417784923.0,1784417785897.7126,701.46,5.0,974.713,,1681.172
e-1038,1784417784266.5151,1784417784918,1784417784923.0,1784417785897.7131,651.485,5.0,974.713,,1631.198
e-1039,1784417784316.5254,1784417784918,1784417784923.0,1784417785897.7134,601.475,5.0,974.713,,1581.188
e-1040,1784417784366.5432,1784417784918,1784417784923.0,1784417785897.7139,551.457,5.0,974.714,,1531.171
e-1041,1784417784416.5205,1784417784918,1784417784923.0,1784417785897.7144,501.479,5.0,974.714,,1481.194
e-1042,1784417784466.5366,1784417784918,1784417784923.0,1784417785897.7148,451.463,5.0,974.715,,1431.178
e-1043,1784417784516.532,1784417784918,1784417784923.0,1784417785897.7153,401.468,5.0,974.715,,1381.183
e-1044,1784417784566.536,1784417784918,1784417784923.0,1784417785897.7158,351.464,5.0,974.716,,1331.18
e-1045,1784417784616.5354,1784417784918,1784417784923.0,1784417785897.7163,301.465,5.0,974.716,,1281.181
e-1046,1784417784666.542,1784417784918,1784417784924.0,1784417785897.7168,251.458,6.0,973.717,,1231.175
e-1047,1784417784716.5083,1784417784918,1784417784924.0,1784417785897.7173,201.492,6.0,973.717,,1181.209
e-1048,1784417784766.541,1784417784918,1784417784924.0,1784417785897.7178,151.459,6.0,973.718,,1131.177
e-1049,1784417784816.5203,1784417784918,1784417784924.0,1784417785897.718,101.48,6.0,973.718,,1081.198
e-1050,1784417784866.5361,1784417784918,1784417784924.0,1784417785897.7185,51.464,6.0,973.719,,1031.182
e-1051,1784417784916.5337,1784417785917,1784417785922.0,1784417786786.7322,1000.466,5.0,864.732,,1870.198
e-1052,1784417784966.5278,1784417785917,1784417785922.0,1784417786786.735,950.472,5.0,864.735,,1820.207
e-1053,1784417785016.5283,1784417785917,1784417785922.0,1784417786786.7363,900.472,5.0,864.736,,1770.208
e-1054,1784417785066.5344,1784417785917,1784417785922.0,1784417786786.749,850.466,5.0,864.749,,1720.215
e-1055,1784417785116.5527,1784417785917,1784417785922.0,1784417786786.7495,800.447,5.0,864.75,,1670.197
e-1056,1784417785166.547,1784417785917,1784417785922.0,1784417786786.75,750.453,5.0,864.75,,1620.203
e-1057,1784417785216.53,1784417785917,1784417785922.0,1784417786786.7505,700.47,5.0,864.75,,1570.22
e-1058,1784417785266.524,1784417785917,1784417785922.0,1784417786786.7512,650.476,5.0,864.751,,1520.227
e-1059,1784417785316.5486,1784417785917,1784417785923.0,1784417786786.7517,600.451,6.0,863.752,,1470.203
e-1060,1784417785366.543,1784417785917,1784417785923.0,1784417786786.7522,550.457,6.0,863.752,,1420.209
e-1061,1784417785416.5244,1784417785917,1784417785923.0,1784417786786.753,500.476,6.0,863.753,,1370.229
e-1062,1784417785466.5178,1784417785917,1784417785923.0,1784417786786.7537,450.482,6.0,863.754,,1320.236
e-1063,1784417785516.537,1784417785917,1784417785923.0,1784417786786.7542,400.463,6.0,863.754,,1270.217
e-1064,1784417785566.5396,1784417785917,1784417785923.0,1784417786786.7595,350.46,6.0,863.76,,1220.22
e-1065,1784417785616.5437,1784417785917,1784417785923.0,1784417786786.76,300.456,6.0,863.76,,1170.216
e-1066,1784417785666.55,1784417785917,1784417785923.0,1784417786786.7607,250.45,6.0,863.761,,1120.211
e-1067,1784417785716.5417,1784417785917,1784417785923.0,1784417786786.7615,200.458,6.0,863.761,,1070.22
e-1068,1784417785766.5354,1784417785917,1784417785923.0,1784417786786.7625,150.465,6.0,863.762,,1020.227
e-1069,1784417785816.5195,1784417785917,1784417785923.0,1784417786786.7632,100.48,6.0,863.763,,970.244
e-1070,1784417785866.5378,1784417785917,1784417785923.0,1784417786786.764,50.462,6.0,863.764,,920.226
e-1071,1784417785916.5269,1784417786918,1784417786923.0,1784417787893.3171,1001.473,5.0,970.317,,1976.79
e-1072,1784417785966.5352,1784417786918,1784417786923.0,1784417787893.3196,951.465,5.0,970.32,,1926.784
e-1073,1784417786016.5222,1784417786918,1784417786923.0,1784417787893.3203,901.478,5.0,970.32,,1876.798
e-1074,1784417786066.5247,1784417786918,1784417786923.0,1784417787893.3208,851.475,5.0,970.321,,1826.796
e-1075,1784417786116.535,1784417786918,1784417786923.0,1784417787893.321,801.465,5.0,970.321,,1776.786
e-1076,1784417786166.5474,1784417786918,1784417786923.0,1784417787893.332,751.453,5.0,970.332,,1726.785
e-1077,1784417786216.5273,1784417786918,1784417786923.0,1784417787893.3325,701.473,5.0,970.333,,1676.805
e-1078,1784417786266.521,1784417786918,1784417786923.0,1784417787893.3333,651.479,5.0,970.333,,1626.812
e-1079,1784417786316.5276,1784417786918,1784417786924.0,1784417787893.3335,601.472,6.0,969.333,,1576.806
e-1080,1784417786366.5225,1784417786918,1784417786924.0,1784417787893.334,551.478,6.0,969.334,,1526.812
e-1081,1784417786416.5464,1784417786918,1784417786924.0,1784417787893.3342,501.454,6.0,969.334,,1476.788
e-1082,1784417786466.522,1784417786918,1784417786924.0,1784417787893.3345,451.478,6.0,969.334,,1426.812
e-1083,1784417786516.531,1784417786918,1784417786924.0,1784417787893.335,401.469,6.0,969.335,,1376.804
e-1084,1784417786566.537,1784417786918,1784417786924.0,1784417787893.3352,351.463,6.0,969.335,,1326.798
e-1085,1784417786616.5234,1784417786918,1784417786924.0,1784417787893.3354,301.477,6.0,969.335,,1276.812
e-1086,1784417786666.5474,1784417786918,1784417786924.0,1784417787893.336,251.453,6.0,969.336,,1226.789
e-1087,1784417786716.525,1784417786918,1784417786924.0,1784417787893.3362,201.475,6.0,969.336,,1176.811
e-1088,1784417786766.5525,1784417786918,1784417786924.0,1784417787893.3367,151.448,6.0,969.337,,1126.784
e-1089,1784417786816.7258,1784417786918,1784417786924.0,1784417787893.337,101.274,6.0,969.337,,1076.611
e-1090,1784417786866.5483,1784417786918,1784417786924.0,1784417787893.3372,51.452,6.0,969.337,,1026.789
e-1091,1784417786916.5476,1784417787918,1784417787922.0,1784417788892.8962,1001.452,4.0,970.896,,1976.349
e-1092,1784417786966.5337,1784417787918,1784417787922.0,1784417788892.8997,951.466,4.0,970.9,,1926.366
e-1093,1784417787016.5664,1784417787918,1784417787923.0,1784417788892.901,901.434,5.0,969.901,,1876.334
e-1094,1784417787066.5608,1784417787918,1784417787923.0,1784417788892.9014,851.439,5.0,969.901,,1826.341
e-1095,1784417787116.5286,1784417787918,1784417787923.0,1784417788892.9019,801.471,5.0,969.902,,1776.373
e-1096,1784417787166.544,1784417787918,1784417787923.0,1784417788892.9023,751.456,5.0,969.902,,1726.358
e-1097,1784417787216.535,1784417787918,1784417787923.0,1784417788892.9148,701.465,5.0,969.915,,1676.38
e-1098,1784417787266.5244,1784417787918,1784417787923.0,1784417788892.9153,651.476,5.0,969.915,,1626.391
e-1099,1784417787316.5457,1784417787918,1784417787923.0,1784417788892.9158,601.454,5.0,969.916,,1576.37
e-1100,1784417787366.5332,1784417787918,1784417787923.0,1784417788892.9163,551.467,5.0,969.916,,1526.383
e-1101,1784417787416.5293,1784417787918,1784417787923.0,1784417788892.9175,501.471,5.0,969.917,,1476.388
e-1102,1784417787466.535,1784417787918,1784417787923.0,1784417788892.918,451.465,5.0,969.918,,1426.383
e-1103,1784417787516.53,1784417787918,1784417787923.0,1784417788892.922,401.47,5.0,969.922,,1376.392
e-1104,1784417787566.5242,1784417787918,1784417787923.0,1784417788892.9226,351.476,5.0,969.923,,1326.398
e-1105,1784417787616.5435,1784417787918,1784417787923.0,1784417788892.923,301.457,5.0,969.923,,1276.38
e-1106,1784417787666.5435,1784417787918,1784417787923.0,1784417788892.9236,251.457,5.0,969.924,,1226.38
e-1107,1784417787716.5308,1784417787918,1784417787923.0,1784417788892.9272,201.469,5.0,969.927,,1176.396
e-1108,1784417787766.5361,1784417787918,1784417787923.0,1784417788892.9277,151.464,5.0,969.928,,1126.392
e-1109,1784417787816.5344,1784417787918,1784417787923.0,1784417788892.928,101.466,5.0,969.928,,1076.394
e-1110,1784417787866.5552,1784417787918,1784417787923.0,1784417788892.9285,51.445,5.0,969.928,,1026.373
e-1111,1784417787916.5354,1784417787918,1784417787923.0,1784417788892.929,1.465,5.0,969.929,,976.394
e-1112,1784417787966.5315,1784417788968,1784417788972.0,1784417789794.3738,1001.469,4.0,822.374,,1827.842
e-1113,1784417788016.5327,1784417788968,1784417788972.0,1784417789794.3757,951.467,4.0,822.376,,1777.843
e-1114,1784417788066.5288,1784417788968,1784417788972.0,1784417789794.3767,901.471,4.0,822.377,,1727.848
e-1115,1784417788116.5325,1784417788968,1784417788972.0,1784417789794.377,851.468,4.0,822.377,,1677.844
e-1116,1784417788166.5422,1784417788968,1784417788973.0,1784417789794.3774,801.458,5.0,821.377,,1627.835
e-1117,1784417788216.529,1784417788968,1784417788973.0,1784417789794.378,751.471,5.0,821.378,,1577.849
e-1118,1784417788266.53,1784417788968,1784417788973.0,1784417789794.387,701.47,5.0,821.387,,1527.857
e-1119,1784417788316.5303,1784417788968,1784417788973.0,1784417789794.3875,651.47,5.0,821.387,,1477.857
e-1120,1784417788366.5215,1784417788968,1784417788973.0,1784417789794.3877,601.479,5.0,821.388,,1427.866
e-1121,1784417788416.5312,1784417788968,1784417788973.0,1784417789794.388,551.469,5.0,821.388,,1377.857
e-1122,1784417788466.5208,1784417788968,1784417788973.0,1784417789794.3884,501.479,5.0,821.388,,1327.868
e-1123,1784417788516.5244,1784417788968,1784417788973.0,1784417789794.3887,451.476,5.0,821.389,,1277.864
e-1124,1784417788566.5295,1784417788968,1784417788973.0,1784417789794.3892,401.47,5.0,821.389,,1227.86
e-1125,1784417788616.521,1784417788968,1784417788973.0,1784417789794.3896,351.479,5.0,821.39,,1177.869
e-1126,1784417788666.54,1784417788968,1784417788973.0,1784417789794.3901,301.46,5.0,821.39,,1127.85
e-1127,1784417788716.5452,1784417788968,1784417788973.0,1784417789794.405,251.455,5.0,821.405,,1077.86
e-1128,1784417788766.5322,1784417788968,1784417788973.0,1784417789794.4055,201.468,5.0,821.406,,1027.873
e-1129,1784417788816.5244,1784417788968,1784417788973.0,1784417789794.4058,151.476,5.0,821.406,,977.881
e-1130,1784417788866.5505,1784417788968,1784417788973.0,1784417789794.4062,101.449,5.0,821.406,,927.856
e-1131,1784417788916.54,1784417788968,1784417788973.0,1784417789794.4065,51.46,5.0,821.406,,877.866
e-1132,1784417788966.5142,1784417788968,1784417788973.0,1784417789794.4067,1.486,5.0,821.407,,827.893
e-1133,1784417789016.5283,1784417790018,1784417790022.0,1784417790791.2163,1001.472,4.0,769.216,,1774.688
e-1134,1784417789066.53,1784417790018,1784417790022.0,1784417790791.219,951.47,4.0,769.219,,1724.689
e-1135,1784417789116.532,1784417790018,1784417790022.0,1784417790791.2202,901.468,4.0,769.22,,1674.688
e-1136,1784417789166.5234,1784417790018,1784417790023.0,1784417790791.2207,851.477,5.0,768.221,,1624.697
e-1137,1784417789216.525,1784417790018,1784417790023.0,1784417790791.2214,801.475,5.0,768.221,,1574.697
e-1138,1784417789266.5278,1784417790018,1784417790023.0,1784417790791.222,751.472,5.0,768.222,,1524.694
e-1139,1784417789316.5479,1784417790018,1784417790023.0,1784417790791.235,701.452,5.0,768.235,,1474.687
e-1140,1784417789366.5354,1784417790018,1784417790023.0,1784417790791.2356,651.465,5.0,768.236,,1424.7
e-1141,1784417789416.52,1784417790018,1784417790023.0,1784417790791.236,601.48,5.0,768.236,,1374.716
e-1142,1784417789466.5298,1784417790018,1784417790023.0,1784417790791.2366,551.47,5.0,768.237,,1324.707
e-1143,1784417789516.5635,1784417790018,1784417790023.0,1784417790791.237,501.437,5.0,768.237,,1274.674
e-1144,1784417789566.5222,1784417790018,1784417790023.0,1784417790791.2375,451.478,5.0,768.238,,1224.715
e-1145,1784417789616.5164,1784417790018,1784417790023.0,1784417790791.2383,401.484,5.0,768.238,,1174.722
e-1146,1784417789666.5242,1784417790018,1784417790023.0,1784417790791.2388,351.476,5.0,768.239,,1124.715
e-1147,1784417789716.536,1784417790018,1784417790023.0,1784417790791.2395,301.464,5.0,768.24,,1074.704
e-1148,1784417789766.5317,1784417790018,1784417790023.0,1784417790791.24,251.468,5.0,768.24,,1024.708
e-1149,1784417789816.518,1784417790018,1784417790023.0,1784417790791.2405,201.482,5.0,768.24,,974.722
e-1150,1784417789866.54,1784417790018,1784417790023.0,1784417790791.241,151.46,5.0,768.241,,924.701
e-1151,1784417789916.5403,1784417790018,1784417790023.0,1784417790791.2415,101.46,5.0,768.241,,874.701
e-1152,1784417789966.5413,1784417790018,1784417790023.0,1784417790791.242,51.459,5.0,768.242,,824.701
e-1153,1784417790016.5413,1784417791018,1784417791022.0,1784417791792.5964,1001.459,4.0,770.596,,1776.055
e-1154,1784417790066.5327,1784417791018,1784417791022.0,1784417791792.5999,951.467,4.0,770.6,,1726.067
e-1155,1784417790116.534,1784417791018,1784417791022.0,1784417791792.6016,901.466,4.0,770.602,,1676.068
e-1156,1784417790166.5405,1784417791018,1784417791023.0,1784417791792.602,851.459,5.0,769.602,,1626.062
e-1157,1784417790216.5557,1784417791018,1784417791023.0,1784417791792.6028,801.444,5.0,769.603,,1576.047
e-1158,1784417790266.5442,1784417791018,1784417791023.0,1784417791792.6035,751.456,5.0,769.604,,1526.059
e-1159,1784417790316.5242,1784417791018,1784417791023.0,1784417791792.604,701.476,5.0,769.604,,1476.08
e-1160,1784417790366.5444,1784417791018,1784417791023.0,1784417791792.6047,651.456,5.0,769.605,,1426.06
e-1161,1784417790416.533,1784417791018,1784417791023.0,1784417791792.6199,601.467,5.0,769.62,,1376.087
e-1162,1784417790466.514,1784417791018,1784417791023.0,1784417791792.6208,551.486,5.0,769.621,,1326.107
e-1163,1784417790516.5293,1784417791018,1784417791023.0,1784417791792.6216,501.471,5.0,769.622,,1276.092
e-1164,1784417790566.528,1784417791018,1784417791023.0,1784417791792.6223,451.472,5.0,769.622,,1226.094
e-1165,1784417790616.54,1784417791018,1784417791023.0,1784417791792.623,401.46,5.0,769.623,,1176.083
e-1166,1784417790666.5337,1784417791018,1784417791023.0,1784417791792.6235,351.466,5.0,769.624,,1126.09
e-1167,1784417790716.5261,1784417791018,1784417791023.0,1784417791792.624,301.474,5.0,769.624,,1076.098
e-1168,1784417790766.5532,1784417791018,1784417791023.0,1784417791792.6245,251.447,5.0,769.625,,1026.071
e-1169,1784417790816.5317,1784417791018,1784417791023.0,1784417791792.6252,201.468,5.0,769.625,,976.094
e-1170,1784417790866.5405,1784417791018,1784417791023.0,1784417791792.6257,151.459,5.0,769.626,,926.085
e-1171,1784417790916.5435,1784417791018,1784417791023.0,1784417791792.6262,101.457,5.0,769.626,,876.083
e-1172,1784417790966.5334,1784417791018,1784417791023.0,1784417791792.627,51.467,5.0,769.627,,826.094
e-1173,1784417791016.5151,1784417791018,1784417791024.0,1784417791792.6274,1.485,6.0,768.627,,776.112
e-1174,1784417791066.5374,1784417792067,1784417792072.0,1784417792899.8386,1000.463,5.0,827.839,,1833.301
e-1175,1784417791116.5193,1784417792067,1784417792072.0,1784417792899.8418,950.481,5.0,827.842,,1783.323
e-1176,1784417791166.5386,1784417792067,1784417792072.0,1784417792899.8428,900.461,5.0,827.843,,1733.304
e-1177,1784417791216.545,1784417792067,1784417792072.0,1784417792899.8433,850.455,5.0,827.843,,1683.298
e-1178,1784417791266.5356,1784417792067,1784417792072.0,1784417792899.8438,800.464,5.0,827.844,,1633.308
e-1179,1784417791316.5393,1784417792067,1784417792072.0,1784417792899.8445,750.461,5.0,827.844,,1583.305
e-1180,1784417791366.5405,1784417792067,1784417792072.0,1784417792899.8452,700.459,5.0,827.845,,1533.305
e-1181,1784417791416.545,1784417792067,1784417792072.0,1784417792899.8457,650.455,5.0,827.846,,1483.301
e-1182,1784417791466.518,1784417792067,1784417792072.0,1784417792899.8586,600.482,5.0,827.859,,1433.341
e-1183,1784417791516.5173,1784417792067,1784417792072.0,1784417792899.8594,550.483,5.0,827.859,,1383.342
e-1184,1784417791566.5356,1784417792067,1784417792072.0,1784417792899.8599,500.464,5.0,827.86,,1333.324
e-1185,1784417791616.546,1784417792067,1784417792072.0,1784417792899.8604,450.454,5.0,827.86,,1283.314
e-1186,1784417791666.5479,1784417792067,1784417792072.0,1784417792899.8608,400.452,5.0,827.861,,1233.313
e-1187,1784417791716.5425,1784417792067,1784417792072.0,1784417792899.8613,350.458,5.0,827.861,,1183.319
e-1188,1784417791766.534,1784417792067,1784417792072.0,1784417792899.8618,300.466,5.0,827.862,,1133.328
e-1189,1784417791816.5557,1784417792067,1784417792073.0,1784417792899.8623,250.444,6.0,826.862,,1083.307
e-1190,1784417791866.5217,1784417792067,1784417792073.0,1784417792899.8628,200.478,6.0,826.863,,1033.341
e-1191,1784417791916.5232,1784417792067,1784417792073.0,1784417792899.8635,150.477,6.0,826.864,,983.34
e-1192,1784417791966.5208,1784417792067,1784417792073.0,1784417792899.864,100.479,6.0,826.864,,933.343
e-1193,1784417792016.5388,1784417792067,1784417792073.0,1784417792899.8645,50.461,6.0,826.865,,883.326
e-1194,1784417792066.5188,1784417792067,1784417792073.0,1784417792899.865,0.481,6.0,826.865,,833.346
e-1195,1784417792116.5566,1784417793119,1784417793123.0,1784417793786.1296,1002.443,4.0,663.13,,1669.573
e-1196,1784417792166.5205,1784417793119,1784417793123.0,1784417793786.132,952.479,4.0,663.132,,1619.612
e-1197,1784417792216.5347,1784417793119,1784417793123.0,1784417793786.1335,902.465,4.0,663.134,,1569.599
e-1198,1784417792266.5242,1784417793119,1784417793123.0,1784417793786.134,852.476,4.0,663.134,,1519.61
e-1199,1784417792316.531,1784417793119,1784417793123.0,1784417793786.1345,802.469,4.0,663.135,,1469.604
e-1200,1784417792366.5227,1784417793119,1784417793124.0,1784417793786.135,752.477,5.0,662.135,,1419.612
e-1201,1784417792416.54,1784417793119,1784417793124.0,1784417793786.1357,702.46,5.0,662.136,,1369.596
e-1202,1784417792466.527,1784417793119,1784417793124.0,1784417793786.1362,652.473,5.0,662.136,,1319.609
e-1203,1784417792516.536,1784417793119,1784417793124.0,1784417793786.15,602.464,5.0,662.15,,1269.614
e-1204,1784417792566.5417,1784417793119,1784417793124.0,1784417793786.1504,552.458,5.0,662.15,,1219.609
e-1205,1784417792616.553,1784417793119,1784417793124.0,1784417793786.151,502.447,5.0,662.151,,1169.598
e-1206,1784417792666.5286,1784417793119,1784417793124.0,1784417793786.1514,452.471,5.0,662.151,,1119.623
e-1207,1784417792716.5244,1784417793119,1784417793124.0,1784417793786.152,402.476,5.0,662.152,,1069.628
e-1208,1784417792766.5437,1784417793119,1784417793124.0,1784417793786.1526,352.456,5.0,662.153,,1019.609
e-1209,1784417792816.5234,1784417793119,1784417793124.0,1784417793786.153,302.477,5.0,662.153,,969.63
e-1210,1784417792866.5435,1784417793119,1784417793124.0,1784417793786.1536,252.457,5.0,662.154,,919.61
e-1211,1784417792916.7913,1784417793119,1784417793124.0,1784417793786.154,202.209,5.0,662.154,,869.363
e-1212,1784417792966.565,1784417793119,1784417793124.0,1784417793786.1545,152.435,5.0,662.155,,819.59
e-1213,1784417793016.5347,1784417793119,1784417793124.0,1784417793786.155,102.465,5.0,662.155,,769.62
e-1214,1784417793066.5542,1784417793119,1784417793124.0,1784417793786.1558,52.446,5.0,662.156,,719.602
e-1215,1784417793116.5342,1784417793119,1784417793124.0,1784417793786.1562,2.466,5.0,662.156,,669.622
e-1216,1784417793166.5327,1784417794167,1784417794171.0,1784417794784.8508,1000.467,4.0,613.851,,1618.318
e-1217,1784417793216.5505,1784417794167,1784417794172.0,1784417794784.854,950.449,5.0,612.854,,1568.303
e-1218,1784417793266.5134,1784417794167,1784417794172.0,1784417794784.8555,900.487,5.0,612.855,,1518.342
e-1219,1784417793316.527,1784417794167,1784417794172.0,1784417794784.856,850.473,5.0,612.856,,1468.329
e-1220,1784417793366.5383,1784417794167,1784417794172.0,1784417794784.8564,800.462,5.0,612.856,,1418.318
e-1221,1784417793416.5537,1784417794167,1784417794172.0,1784417794784.857,750.446,5.0,612.857,,1368.303
e-1222,1784417793466.5237,1784417794167,1784417794172.0,1784417794784.8577,700.476,5.0,612.858,,1318.334
e-1223,1784417793516.5244,1784417794167,1784417794172.0,1784417794784.8582,650.476,5.0,612.858,,1268.334
e-1224,1784417793566.535,1784417794167,1784417794172.0,1784417794784.8755,600.465,5.0,612.875,,1218.341
e-1225,1784417793616.5415,1784417794167,1784417794172.0,1784417794784.8762,550.458,5.0,612.876,,1168.335
e-1226,1784417793666.5312,1784417794167,1784417794172.0,1784417794784.8767,500.469,5.0,612.877,,1118.345
e-1227,1784417793716.5242,1784417794167,1784417794172.0,1784417794784.8772,450.476,5.0,612.877,,1068.353
e-1228,1784417793766.5435,1784417794167,1784417794172.0,1784417794784.8777,400.457,5.0,612.878,,1018.334
e-1229,1784417793816.5225,1784417794167,1784417794172.0,1784417794784.8782,350.478,5.0,612.878,,968.356
e-1230,1784417793866.5254,1784417794167,1784417794172.0,1784417794784.8787,300.475,5.0,612.879,,918.353
e-1231,1784417793916.518,1784417794167,1784417794172.0,1784417794784.8794,250.482,5.0,612.879,,868.361
e-1232,1784417793966.5276,1784417794167,1784417794172.0,1784417794784.88,200.472,5.0,612.88,,818.352
e-1233,1784417794016.5269,1784417794167,1784417794172.0,1784417794784.8806,150.473,5.0,612.881,,768.354
e-1234,1784417794066.5503,1784417794167,1784417794173.0,1784417794784.8965,100.45,6.0,611.896,,718.346
e-1235,1784417794116.5193,1784417794167,1784417794173.0,1784417794784.8972,50.481,6.0,611.897,,668.378
e-1236,1784417794166.5552,1784417795168,1784417795173.0,1784417795894.1235,1001.445,5.0,721.124,,1727.568
e-1237,1784417794216.5151,1784417795168,1784417795173.0,1784417795894.1277,951.485,5.0,721.128,,1677.613
e-1238,1784417794266.5132,1784417795168,1784417795173.0,1784417795894.1301,901.487,5.0,721.13,,1627.617
e-1239,1784417794316.517,1784417795168,1784417795173.0,1784417795894.131,851.483,5.0,721.131,,1577.614
e-1240,1784417794366.5144,1784417795168,1784417795173.0,1784417795894.132,801.486,5.0,721.132,,1527.618
e-1241,1784417794416.5205,1784417795168,1784417795173.0,1784417795894.1333,751.479,5.0,721.133,,1477.613
e-1242,1784417794466.5225,1784417795168,1784417795173.0,1784417795894.1343,701.478,5.0,721.134,,1427.612
e-1243,1784417794516.5515,1784417795168,1784417795174.0,1784417795894.1353,651.448,6.0,720.135,,1377.584
e-1244,1784417794566.5276,1784417795168,1784417795174.0,1784417795894.1362,601.472,6.0,720.136,,1327.609
e-1245,1784417794616.528,1784417795168,1784417795174.0,1784417795894.1382,551.472,6.0,720.138,,1277.61
e-1246,1784417794666.5315,1784417795168,1784417795174.0,1784417795894.139,501.469,6.0,720.139,,1227.607
e-1247,1784417794716.5305,1784417795168,1784417795174.0,1784417795894.1533,451.469,6.0,720.153,,1177.623
e-1248,1784417794766.5466,1784417795168,1784417795174.0,1784417795894.1543,401.453,6.0,720.154,,1127.608
e-1249,1784417794816.517,1784417795168,1784417795174.0,1784417795894.1548,351.483,6.0,720.155,,1077.638
e-1250,1784417794866.509,1784417795168,1784417795174.0,1784417795894.1555,301.491,6.0,720.156,,1027.646
e-1251,1784417794916.531,1784417795168,1784417795174.0,1784417795894.156,251.469,6.0,720.156,,977.625
e-1252,1784417794966.5203,1784417795168,1784417795174.0,1784417795894.1567,201.48,6.0,720.157,,927.636
e-1253,1784417795016.528,1784417795168,1784417795174.0,1784417795894.1572,151.472,6.0,720.157,,877.629
e-1254,1784417795066.519,1784417795168,1784417795174.0,1784417795894.1577,101.481,6.0,720.158,,827.639
e-1255,1784417795116.5337,1784417795168,1784417795174.0,1784417795894.1582,51.466,6.0,720.158,,777.625
e-1256,1784417795166.5183,1784417795168,1784417795174.0,1784417795894.1587,1.482,6.0,720.159,,727.64
e-1257,1784417795216.5203,1784417796218,1784417796223.0,1784417796885.8782,1001.48,5.0,662.878,,1669.358
e-1258,1784417795266.529,1784417796218,1784417796223.0,1784417796885.8813,951.471,5.0,662.881,,1619.352
e-1259,1784417795316.5208,1784417796218,1784417796223.0,1784417796885.8828,901.479,5.0,662.883,,1569.362
e-1260,1784417795366.5298,1784417796218,1784417796223.0,1784417796885.8835,851.47,5.0,662.884,,1519.354
e-1261,1784417795416.5283,1784417796218,1784417796223.0,1784417796885.8843,801.472,5.0,662.884,,1469.356
e-1262,1784417795466.5403,1784417796218,1784417796223.0,1784417796885.885,751.46,5.0,662.885,,1419.345
e-1263,1784417795516.5508,1784417796218,1784417796223.0,1784417796885.8857,701.449,5.0,662.886,,1369.335
e-1264,1784417795566.5344,1784417796218,1784417796223.0,1784417796885.8865,651.466,5.0,662.886,,1319.352
e-1265,1784417795616.5312,1784417796218,1784417796223.0,1784417796885.8875,601.469,5.0,662.887,,1269.356
e-1266,1784417795666.521,1784417796218,1784417796223.0,1784417796885.8882,551.479,5.0,662.888,,1219.367
e-1267,1784417795716.5466,1784417796218,1784417796223.0,1784417796885.9058,501.453,5.0,662.906,,1169.359
e-1268,1784417795766.528,1784417796218,1784417796223.0,1784417796885.9065,451.472,5.0,662.906,,1119.378
e-1269,1784417795816.526,1784417796218,1784417796223.0,1784417796885.907,401.474,5.0,662.907,,1069.381
e-1270,1784417795866.5552,1784417796218,1784417796223.0,1784417796885.9075,351.445,5.0,662.907,,1019.352
e-1271,1784417795916.5417,1784417796218,1784417796223.0,1784417796885.908,301.458,5.0,662.908,,969.366
e-1272,1784417795966.5383,1784417796218,1784417796224.0,1784417796885.9087,251.462,6.0,661.909,,919.37
e-1273,1784417796016.5713,1784417796218,1784417796224.0,1784417796885.9092,201.429,6.0,661.909,,869.338
e-1274,1784417796066.5312,1784417796218,1784417796224.0,1784417796885.9097,151.469,6.0,661.91,,819.378
e-1275,1784417796116.57,1784417796218,1784417796224.0,1784417796885.9102,101.43,6.0,661.91,,769.34
e-1276,1784417796166.5513,1784417796218,1784417796224.0,1784417796885.9106,51.449,6.0,661.911,,719.359
e-1277,1784417796216.547,1784417797218,1784417797223.0,1784417797884.5776,1001.453,5.0,661.578,,1668.031
e-1278,1784417796266.5476,1784417797218,1784417797224.0,1784417797884.58,951.452,6.0,660.58,,1618.032
e-1279,1784417796316.507,1784417797218,1784417797224.0,1784417797884.5813,901.493,6.0,660.581,,1568.074
e-1280,1784417796366.5273,1784417797218,1784417797224.0,1784417797884.5818,851.473,6.0,660.582,,1518.054
e-1281,1784417796416.5762,1784417797218,1784417797224.0,1784417797884.582,801.424,6.0,660.582,,1468.006
e-1282,1784417796466.5273,1784417797218,1784417797224.0,1784417797884.5828,751.473,6.0,660.583,,1418.055
e-1283,1784417796516.5295,1784417797218,1784417797224.0,1784417797884.5833,701.47,6.0,660.583,,1368.054
e-1284,1784417796566.528,1784417797218,1784417797224.0,1784417797884.5837,651.472,6.0,660.584,,1318.056
e-1285,1784417796616.5273,1784417797218,1784417797224.0,1784417797884.584,601.473,6.0,660.584,,1268.057
e-1286,1784417796666.524,1784417797218,1784417797224.0,1784417797884.5845,551.476,6.0,660.584,,1218.061
e-1287,1784417796716.5137,1784417797218,1784417797224.0,1784417797884.585,501.486,6.0,660.585,,1168.071
e-1288,1784417796766.525,1784417797218,1784417797224.0,1784417797884.5986,451.475,6.0,660.599,,1118.074
e-1289,1784417796816.5237,1784417797218,1784417797224.0,1784417797884.599,401.476,6.0,660.599,,1068.075
e-1290,1784417796866.5295,1784417797218,1784417797224.0,1784417797884.5996,351.47,6.0,660.6,,1018.07
e-1291,1784417796916.5168,1784417797218,1784417797224.0,1784417797884.6,301.483,6.0,660.6,,968.083
e-1292,1784417796966.5405,1784417797218,1784417797224.0,1784417797884.6006,251.459,6.0,660.601,,918.06
e-1293,1784417797016.5503,1784417797218,1784417797224.0,1784417797884.6008,201.45,6.0,660.601,,868.051
e-1294,1784417797066.517,1784417797218,1784417797224.0,1784417797884.6013,151.483,6.0,660.601,,818.084
e-1295,1784417797116.5337,1784417797218,1784417797224.0,1784417797884.6018,101.466,6.0,660.602,,768.068
e-1296,1784417797166.5305,1784417797218,1784417797224.0,1784417797884.6023,51.469,6.0,660.602,,718.072
e-1297,1784417797216.5298,1784417797218,1784417797224.0,1784417797884.6028,1.47,6.0,660.603,,668.073
e-1298,1784417797266.5386,1784417798268,1784417798271.0,1784417798893.5527,1001.461,3.0,622.553,,1627.014
e-1299,1784417797316.5366,1784417798268,1784417798272.0,1784417798893.5574,951.463,4.0,621.557,,1577.021
e-1300,1784417797366.5295,1784417798268,1784417798272.0,1784417798893.559,901.47,4.0,621.559,,1527.03
e-1301,1784417797416.5366,1784417798268,1784417798272.0,1784417798893.5598,851.463,4.0,621.56,,1477.023
e-1302,1784417797466.534,1784417798268,1784417798272.0,1784417798893.5608,801.466,4.0,621.561,,1427.027
e-1303,1784417797516.5293,1784417798268,1784417798272.0,1784417798893.5615,751.471,4.0,621.562,,1377.032
e-1304,1784417797566.531,1784417798268,1784417798272.0,1784417798893.5625,701.469,4.0,621.562,,1327.031
e-1305,1784417797616.5205,1784417798268,1784417798272.0,1784417798893.5635,651.479,4.0,621.563,,1277.043
e-1306,1784417797666.5342,1784417798268,1784417798272.0,1784417798893.5645,601.466,4.0,621.564,,1227.03
e-1307,1784417797716.5603,1784417798268,1784417798272.0,1784417798893.5652,551.44,4.0,621.565,,1177.005
e-1308,1784417797766.5105,1784417798268,1784417798272.0,1784417798893.6506,501.49,4.0,621.651,,1127.14
e-1309,1784417797816.525,1784417798268,1784417798272.0,1784417798893.6667,451.475,4.0,621.667,,1077.142
e-1310,1784417797866.523,1784417798268,1784417798272.0,1784417798893.6677,401.477,4.0,621.668,,1027.145
e-1311,1784417797916.5186,1784417798268,1784417798272.0,1784417798893.6685,351.481,4.0,621.668,,977.15
e-1312,1784417797966.532,1784417798268,1784417798272.0,1784417798893.6692,301.468,4.0,621.669,,927.137
e-1313,1784417798016.5396,1784417798268,1784417798272.0,1784417798893.67,251.46,4.0,621.67,,877.13
e-1314,1784417798066.5383,1784417798268,1784417798272.0,1784417798893.6707,201.462,4.0,621.671,,827.132
e-1315,1784417798116.5369,1784417798268,1784417798273.0,1784417798893.6714,151.463,5.0,620.671,,777.135
e-1316,1784417798166.5361,1784417798268,1784417798273.0,1784417798893.6724,101.464,5.0,620.672,,727.136
e-1317,1784417798216.5166,1784417798268,1784417798273.0,1784417798893.673,51.483,5.0,620.673,,677.156
e-1318,1784417798266.5393,1784417798268,1784417798273.0,1784417798893.6785,1.461,5.0,620.678,,627.139
e-1319,1784417798316.533,1784417799318,1784417799321.0,1784417799881.5798,1001.467,3.0,560.58,,1565.047
e-1320,1784417798366.5332,1784417799318,1784417799322.0,1784417799881.583,951.467,4.0,559.583,,1515.05
e-1321,1784417798416.5334,1784417799318,1784417799322.0,1784417799881.5842,901.467,4.0,559.584,,1465.051
e-1322,1784417798466.513,1784417799318,1784417799322.0,1784417799881.5847,851.487,4.0,559.585,,1415.072
e-1323,1784417798516.5315,1784417799318,1784417799322.0,1784417799881.5852,801.469,4.0,559.585,,1365.054
e-1324,1784417798566.5405,1784417799318,1784417799322.0,1784417799881.5857,751.459,4.0,559.586,,1315.045
e-1325,1784417798616.5327,1784417799318,1784417799322.0,1784417799881.5864,701.467,4.0,559.586,,1265.054
e-1326,1784417798666.536,1784417799318,1784417799322.0,1784417799881.587,651.464,4.0,559.587,,1215.051
e-1327,1784417798716.5361,1784417799318,1784417799322.0,1784417799881.5874,601.464,4.0,559.587,,1165.051
e-1328,1784417798766.5403,1784417799318,1784417799322.0,1784417799881.588,551.46,4.0,559.588,,1115.048
e-1329,1784417798816.545,1784417799318,1784417799322.0,1784417799881.5884,501.455,4.0,559.588,,1065.043
e-1330,1784417798866.5415,1784417799318,1784417799322.0,1784417799881.5889,451.458,4.0,559.589,,1015.047
e-1331,1784417798916.5461,1784417799318,1784417799322.0,1784417799881.601,401.454,4.0,559.601,,965.055
e-1332,1784417798966.5762,1784417799318,1784417799322.0,1784417799881.6018,351.424,4.0,559.602,,915.026
e-1333,1784417799016.533,1784417799318,1784417799322.0,1784417799881.6025,301.467,4.0,559.603,,865.07
e-1334,1784417799066.5374,1784417799318,1784417799322.0,1784417799881.603,251.463,4.0,559.603,,815.066
e-1335,1784417799116.562,1784417799318,1784417799322.0,1784417799881.6035,201.438,4.0,559.604,,765.042
e-1336,1784417799166.5671,1784417799318,1784417799322.0,1784417799881.604,151.433,4.0,559.604,,715.037
e-1337,1784417799216.5361,1784417799318,1784417799322.0,1784417799881.6045,101.464,4.0,559.604,,665.068
e-1338,1784417799266.5278,1784417799318,1784417799322.0,1784417799881.605,51.472,4.0,559.605,,615.077
e-1339,1784417799316.5315,1784417799318,1784417799322.0,1784417799881.6055,1.469,4.0,559.605,,565.074
e-1340,1784417799366.5242,1784417800368,1784417800371.0,1784417800889.4243,1001.476,3.0,518.424,,1522.9
e-1341,1784417799416.562,1784417800368,1784417800372.0,1784417800889.4268,951.438,4.0,517.427,,1472.865
e-1342,1784417799466.535,1784417800368,1784417800372.0,1784417800889.4282,901.465,4.0,517.428,,1422.893
e-1343,1784417799516.526,1784417800368,1784417800372.0,1784417800889.4287,851.474,4.0,517.429,,1372.903
e-1344,1784417799566.5208,1784417800368,1784417800372.0,1784417800889.4292,801.479,4.0,517.429,,1322.908
e-1345,1784417799616.516,1784417800368,1784417800372.0,1784417800889.4297,751.484,4.0,517.43,,1272.914
e-1346,1784417799666.5164,1784417800368,1784417800372.0,1784417800889.4302,701.484,4.0,517.43,,1222.914
e-1347,1784417799716.5461,1784417800368,1784417800372.0,1784417800889.431,651.454,4.0,517.431,,1172.885
e-1348,1784417799766.5493,1784417800368,1784417800372.0,1784417800889.4314,601.451,4.0,517.431,,1122.882
e-1349,1784417799816.5461,1784417800368,1784417800372.0,1784417800889.4316,551.454,4.0,517.432,,1072.885
e-1350,1784417799866.5156,1784417800368,1784417800372.0,1784417800889.4324,501.484,4.0,517.432,,1022.917
e-1351,1784417799916.524,1784417800368,1784417800372.0,1784417800889.4329,451.476,4.0,517.433,,972.909
e-1352,1784417799966.5513,1784417800368,1784417800372.0,1784417800889.4421,401.449,4.0,517.442,,922.891
e-1353,1784417800016.5305,1784417800368,1784417800372.0,1784417800889.4426,351.469,4.0,517.443,,872.912
e-1354,1784417800066.5208,1784417800368,1784417800372.0,1784417800889.4429,301.479,4.0,517.443,,822.922
e-1355,1784417800116.5295,1784417800368,1784417800372.0,1784417800889.4434,251.47,4.0,517.443,,772.914
e-1356,1784417800166.53,1784417800368,1784417800372.0,1784417800889.4436,201.47,4.0,517.444,,722.914
e-1357,1784417800216.5151,1784417800368,1784417800372.0,1784417800889.4438,151.485,4.0,517.444,,672.929
e-1358,1784417800266.5251,1784417800368,1784417800372.0,1784417800889.444,101.475,4.0,517.444,,622.919
e-1359,1784417800316.5278,1784417800368,1784417800372.0,1784417800889.4443,51.472,4.0,517.444,,572.917
e-1360,1784417800366.5303,1784417800368,1784417800372.0,1784417800889.4448,1.47,4.0,517.445,,522.915
e-1361,1784417800416.529,1784417801417,1784417801421.0,1784417801892.0623,1000.471,4.0,471.062,,1475.533
e-1362,1784417800466.5217,1784417801417,1784417801421.0,1784417801892.0657,950.478,4.0,471.066,,1425.544
e-1363,1784417800517.5513,1784417801417,1784417801421.0,1784417801892.0674,899.449,4.0,471.067,,1374.516
e-1364,1784417800566.535,1784417801417,1784417801421.0,1784417801892.068,850.465,4.0,471.068,,1325.533
e-1365,1784417800616.53,1784417801417,1784417801421.0,1784417801892.0688,800.47,4.0,471.069,,1275.539
e-1366,1784417800666.5293,1784417801417,1784417801421.0,1784417801892.0696,750.471,4.0,471.07,,1225.54
e-1367,1784417800716.5273,1784417801417,1784417801421.0,1784417801892.0706,700.473,4.0,471.071,,1175.543
e-1368,1784417800766.5398,1784417801417,1784417801421.0,1784417801892.0713,650.46,4.0,471.071,,1125.531
e-1369,1784417800816.5483,1784417801417,1784417801421.0,1784417801892.072,600.452,4.0,471.072,,1075.524
e-1370,1784417800866.5386,1784417801417,1784417801421.0,1784417801892.073,550.461,4.0,471.073,,1025.534
e-1371,1784417800916.527,1784417801417,1784417801421.0,1784417801892.0735,500.473,4.0,471.073,,975.546
e-1372,1784417800966.5186,1784417801417,1784417801421.0,1784417801892.0742,450.481,4.0,471.074,,925.556
e-1373,1784417801016.524,1784417801417,1784417801422.0,1784417801892.0894,400.476,5.0,470.089,,875.565
e-1374,1784417801066.5337,1784417801417,1784417801422.0,1784417801892.0903,350.466,5.0,470.09,,825.557
e-1375,1784417801116.52,1784417801417,1784417801422.0,1784417801892.091,300.48,5.0,470.091,,775.571
e-1376,1784417801166.5188,1784417801417,1784417801422.0,1784417801892.0918,250.481,5.0,470.092,,725.573
e-1377,1784417801216.5308,1784417801417,1784417801422.0,1784417801892.0923,200.469,5.0,470.092,,675.562
e-1378,1784417801266.5208,1784417801417,1784417801422.0,1784417801892.093,150.479,5.0,470.093,,625.572
e-1379,1784417801316.5115,1784417801417,1784417801422.0,1784417801892.0938,100.489,5.0,470.094,,575.582
e-1380,1784417801366.5466,1784417801417,1784417801422.0,1784417801892.0945,50.453,5.0,470.094,,525.548
e-1381,1784417801416.5479,1784417801417,1784417801422.0,1784417801892.0952,0.452,5.0,470.095,,475.547
e-1382,1784417801466.5195,1784417802468,1784417802473.0,1784417802885.482,1001.48,5.0,412.482,,1418.962
e-1383,1784417801516.533,1784417802468,1784417802473.0,1784417802885.4841,951.467,5.0,412.484,,1368.951
e-1384,1784417801566.5278,1784417802468,1784417802473.0,1784417802885.4856,901.472,5.0,412.486,,1318.958
e-1385,1784417801616.5293,1784417802468,1784417802473.0,1784417802885.486,851.471,5.0,412.486,,1268.957
e-1386,1784417801666.5198,1784417802468,1784417802473.0,1784417802885.4866,801.48,5.0,412.487,,1218.967
e-1387,1784417801716.5303,1784417802468,1784417802473.0,1784417802885.4868,751.47,5.0,412.487,,1168.957
e-1388,1784417801766.5374,1784417802468,1784417802473.0,1784417802885.4873,701.463,5.0,412.487,,1118.95
e-1389,1784417801816.5295,1784417802468,1784417802473.0,1784417802885.5178,651.47,5.0,412.518,,1068.988
e-1390,1784417801866.5383,1784417802468,1784417802473.0,1784417802885.5183,601.462,5.0,412.518,,1018.98
e-1391,1784417801916.5615,1784417802468,1784417802473.0,1784417802885.5188,551.438,5.0,412.519,,968.957
e-1392,1784417801966.5427,1784417802468,1784417802473.0,1784417802885.519,501.457,5.0,412.519,,918.976
e-1393,1784417802016.5474,1784417802468,1784417802473.0,1784417802885.5195,451.453,5.0,412.52,,868.972
e-1394,1784417802066.6006,1784417802468,1784417802473.0,1784417802885.5237,401.399,5.0,412.524,,818.923
e-1395,1784417802116.5464,1784417802468,1784417802473.0,1784417802885.5242,351.454,5.0,412.524,,768.978
e-1396,1784417802166.5461,1784417802468,1784417802473.0,1784417802885.5247,301.454,5.0,412.525,,718.979
e-1397,1784417802216.5405,1784417802468,1784417802473.0,1784417802885.5251,251.459,5.0,412.525,,668.985
e-1398,1784417802266.5732,1784417802468,1784417802473.0,1784417802885.5254,201.427,5.0,412.525,,618.952
e-1399,1784417802316.5674,1784417802468,1784417802473.0,1784417802885.526,151.433,5.0,412.526,,568.958
e-1400,1784417802366.5388,1784417802468,1784417802473.0,1784417802885.5264,101.461,5.0,412.526,,518.988
e-1401,1784417802416.5352,1784417802468,1784417802473.0,1784417802885.5269,51.465,5.0,412.527,,468.992
e-1402,1784417802466.5383,1784417802468,1784417802473.0,1784417802885.5273,1.462,5.0,412.527,,418.989
e-1403,1784417802516.533,1784417803518,1784417803522.0,1784417803884.6584,1001.467,4.0,362.658,,1368.125
e-1404,1784417802566.5398,1784417803518,1784417803522.0,1784417803884.661,951.46,4.0,362.661,,1318.121
e-1405,1784417802616.5354,1784417803518,1784417803522.0,1784417803884.6624,901.465,4.0,362.662,,1268.127
e-1406,1784417802666.5483,1784417803518,1784417803522.0,1784417803884.6628,851.452,4.0,362.663,,1218.115
e-1407,1784417802716.5388,1784417803518,1784417803522.0,1784417803884.6633,801.461,4.0,362.663,,1168.125
e-1408,1784417802766.552,1784417803518,1784417803522.0,1784417803884.6638,751.448,4.0,362.664,,1118.112
e-1409,1784417802816.5332,1784417803518,1784417803522.0,1784417803884.6643,701.467,4.0,362.664,,1068.131
e-1410,1784417802866.5586,1784417803518,1784417803522.0,1784417803884.6648,651.441,4.0,362.665,,1018.106
e-1411,1784417802916.5286,1784417803518,1784417803522.0,1784417803884.6653,601.471,4.0,362.665,,968.137
e-1412,1784417802966.5337,1784417803518,1784417803522.0,1784417803884.6655,551.466,4.0,362.666,,918.132
e-1413,1784417803016.5537,1784417803518,1784417803522.0,1784417803884.666,501.446,4.0,362.666,,868.112
e-1414,1784417803066.5518,1784417803518,1784417803522.0,1784417803884.6665,451.448,4.0,362.667,,818.115
e-1415,1784417803116.5483,1784417803518,1784417803522.0,1784417803884.667,401.452,4.0,362.667,,768.119
e-1416,1784417803166.5286,1784417803518,1784417803522.0,1784417803884.678,351.471,4.0,362.678,,718.149
e-1417,1784417803216.5376,1784417803518,1784417803522.0,1784417803884.6785,301.462,4.0,362.678,,668.141
e-1418,1784417803266.5366,1784417803518,1784417803522.0,1784417803884.6792,251.463,4.0,362.679,,618.143
e-1419,1784417803316.5374,1784417803518,1784417803522.0,1784417803884.6797,201.463,4.0,362.68,,568.142
e-1420,1784417803366.5413,1784417803518,1784417803522.0,1784417803884.68,151.459,4.0,362.68,,518.139
e-1421,1784417803416.5325,1784417803518,1784417803522.0,1784417803884.6804,101.468,4.0,362.68,,468.148
e-1422,1784417803466.5488,1784417803518,1784417803522.0,1784417803884.681,51.451,4.0,362.681,,418.132
e-1423,1784417803516.5386,1784417803518,1784417803522.0,1784417803884.6814,1.461,4.0,362.681,,368.143
e-1424,1784417803566.5308,1784417804568,1784417804571.0,1784417804886.5789,1001.469,3.0,315.579,,1320.048
e-1425,1784417803616.5427,1784417804568,1784417804572.0,1784417804886.5815,951.457,4.0,314.582,,1270.039
e-1426,1784417803666.543,1784417804568,1784417804572.0,1784417804886.5823,901.457,4.0,314.582,,1220.039
e-1427,1784417803716.534,1784417804568,1784417804572.0,1784417804886.5825,851.466,4.0,314.583,,1170.049
e-1428,1784417803766.5527,1784417804568,1784417804572.0,1784417804886.583,801.447,4.0,314.583,,1120.03
e-1429,1784417803816.54,1784417804568,1784417804572.0,1784417804886.5835,751.46,4.0,314.583,,1070.043
e-1430,1784417803866.561,1784417804568,1784417804572.0,1784417804886.5837,701.439,4.0,314.584,,1020.023
e-1431,1784417803916.5525,1784417804568,1784417804572.0,1784417804886.5842,651.448,4.0,314.584,,970.032
e-1432,1784417803966.541,1784417804568,1784417804572.0,1784417804886.5845,601.459,4.0,314.584,,920.043
e-1433,1784417804016.5405,1784417804568,1784417804572.0,1784417804886.5847,551.459,4.0,314.585,,870.044
e-1434,1784417804066.5378,1784417804568,1784417804572.0,1784417804886.5852,501.462,4.0,314.585,,820.047
e-1435,1784417804116.5198,1784417804568,1784417804572.0,1784417804886.5857,451.48,4.0,314.586,,770.066
e-1436,1784417804166.5403,1784417804568,1784417804572.0,1784417804886.586,401.46,4.0,314.586,,720.046
e-1437,1784417804216.5203,1784417804568,1784417804572.0,1784417804886.5974,351.48,4.0,314.597,,670.077
e-1438,1784417804266.559,1784417804568,1784417804572.0,1784417804886.598,301.441,4.0,314.598,,620.039
e-1439,1784417804316.5393,1784417804568,1784417804572.0,1784417804886.5981,251.461,4.0,314.598,,570.059
e-1440,1784417804366.5422,1784417804568,1784417804572.0,1784417804886.5986,201.458,4.0,314.599,,520.056
e-1441,1784417804416.5315,1784417804568,1784417804572.0,1784417804886.5989,151.469,4.0,314.599,,470.067
e-1442,1784417804466.5347,1784417804568,1784417804572.0,1784417804886.599,101.465,4.0,314.599,,420.064
e-1443,1784417804516.5403,1784417804568,1784417804572.0,1784417804886.5996,51.46,4.0,314.6,,370.059
e-1444,1784417804566.531,1784417804568,1784417804572.0,1784417804886.5999,1.469,4.0,314.6,,320.069
e-1445,1784417804616.5356,1784417805618,1784417805622.0,1784417805886.3042,1001.464,4.0,264.304,,1269.769
e-1446,1784417804666.5376,1784417805618,1784417805622.0,1784417805886.307,951.462,4.0,264.307,,1219.769
e-1447,1784417804716.5225,1784417805618,1784417805623.0,1784417805886.3208,901.478,5.0,263.321,,1169.798
e-1448,1784417804766.544,1784417805618,1784417805623.0,1784417805886.3213,851.456,5.0,263.321,,1119.777
e-1449,1784417804816.5342,1784417805618,1784417805623.0,1784417805886.3218,801.466,5.0,263.322,,1069.788
e-1450,1784417804866.5354,1784417805618,1784417805623.0,1784417805886.3223,751.465,5.0,263.322,,1019.787
e-1451,1784417804916.5413,1784417805618,1784417805623.0,1784417805886.3232,701.459,5.0,263.323,,969.782
e-1452,1784417804966.5427,1784417805618,1784417805623.0,1784417805886.324,651.457,5.0,263.324,,919.781
e-1453,1784417805016.55,1784417805618,1784417805623.0,1784417805886.3245,601.45,5.0,263.324,,869.774
e-1454,1784417805066.539,1784417805618,1784417805623.0,1784417805886.325,551.461,5.0,263.325,,819.786
e-1455,1784417805116.5308,1784417805618,1784417805623.0,1784417805886.3254,501.469,5.0,263.325,,769.795
e-1456,1784417805166.5476,1784417805618,1784417805623.0,1784417805886.326,451.452,5.0,263.326,,719.778
e-1457,1784417805216.5356,1784417805618,1784417805623.0,1784417805886.3264,401.464,5.0,263.326,,669.791
e-1458,1784417805266.541,1784417805618,1784417805623.0,1784417805886.334,351.459,5.0,263.334,,619.793
e-1459,1784417805316.5393,1784417805618,1784417805623.0,1784417805886.3347,301.461,5.0,263.335,,569.795
e-1460,1784417805366.5315,1784417805618,1784417805623.0,1784417805886.3352,251.469,5.0,263.335,,519.804
e-1461,1784417805416.5342,1784417805618,1784417805623.0,1784417805886.3357,201.466,5.0,263.336,,469.802
e-1462,1784417805466.5432,1784417805618,1784417805623.0,1784417805886.3362,151.457,5.0,263.336,,419.793
e-1463,1784417805516.5183,1784417805618,1784417805623.0,1784417805886.3367,101.482,5.0,263.337,,369.818
e-1464,1784417805566.537,1784417805618,1784417805623.0,1784417805886.3372,51.463,5.0,263.337,,319.8
e-1465,1784417805616.534,1784417805618,1784417805623.0,1784417805886.338,1.466,5.0,263.338,,269.804
e-1466,1784417805666.5325,1784417806669,1784417806673.0,1784417806781.9458,1002.468,4.0,108.946,,1115.413
e-1467,1784417805716.524,1784417806669,1784417806673.0,1784417806781.949,952.476,4.0,108.949,,1065.425
e-1468,1784417805766.5547,1784417806669,1784417806673.0,1784417806781.9502,902.445,4.0,108.95,,1015.396
e-1469,1784417805816.5344,1784417806669,1784417806673.0,1784417806781.9512,852.466,4.0,108.951,,965.417
e-1470,1784417805866.545,1784417806669,1784417806673.0,1784417806781.952,802.455,4.0,108.952,,915.407
e-1471,1784417805916.5237,1784417806669,1784417806673.0,1784417806781.9526,752.476,4.0,108.953,,865.429
e-1472,1784417805966.5269,1784417806669,1784417806673.0,1784417806781.9534,702.473,4.0,108.953,,815.427
e-1473,1784417806016.5203,1784417806669,1784417806673.0,1784417806781.954,652.48,4.0,108.954,,765.434
e-1474,1784417806066.5234,1784417806669,1784417806673.0,1784417806781.9548,602.477,4.0,108.955,,715.431
e-1475,1784417806116.523,1784417806669,1784417806673.0,1784417806781.9556,552.477,4.0,108.956,,665.433
e-1476,1784417806166.5369,1784417806669,1784417806673.0,1784417806781.9563,502.463,4.0,108.956,,615.419
e-1477,1784417806216.5383,1784417806669,1784417806673.0,1784417806781.957,452.462,4.0,108.957,,565.419
e-1478,1784417806266.5298,1784417806669,1784417806673.0,1784417806781.9578,402.47,4.0,108.958,,515.428
e-1479,1784417806316.544,1784417806669,1784417806673.0,1784417806781.972,352.456,4.0,108.972,,465.428
e-1480,1784417806366.5457,1784417806669,1784417806673.0,1784417806781.973,302.454,4.0,108.973,,415.427
e-1481,1784417806416.5388,1784417806669,1784417806673.0,1784417806781.9736,252.461,4.0,108.974,,365.435
e-1482,1784417806466.5386,1784417806669,1784417806673.0,1784417806781.974,202.461,4.0,108.974,,315.436
e-1483,1784417806516.5342,1784417806669,1784417806673.0,1784417806781.9749,152.466,4.0,108.975,,265.441
e-1484,1784417806566.5386,1784417806669,1784417806673.0,1784417806781.9753,102.461,4.0,108.975,,215.437
e-1485,1784417806616.5393,1784417806669,1784417806673.0,1784417806781.976,52.461,4.0,108.976,,165.437
e-1486,1784417806666.554,1784417806669,1784417806673.0,1784417806781.9768,2.446,4.0,108.977,,115.423
e-1487,1784417806716.5361,1784417807718,1784417807721.0,1784417807887.0383,1001.464,3.0,166.038,,1170.502
e-1488,1784417806766.5405,1784417807718,1784417807722.0,1784417807887.0408,951.459,4.0,165.041,,1120.5
e-1489,1784417806816.544,1784417807718,1784417807722.0,1784417807887.0417,901.456,4.0,165.042,,1070.498
e-1490,1784417806866.5288,1784417807718,1784417807722.0,1784417807887.0425,851.471,4.0,165.042,,1020.514
e-1491,1784417806916.5269,1784417807718,1784417807722.0,1784417807887.0432,801.473,4.0,165.043,,970.516
e-1492,1784417806966.5244,1784417807718,1784417807722.0,1784417807887.0608,751.476,4.0,165.061,,920.536
e-1493,1784417807016.5215,1784417807718,1784417807722.0,1784417807887.0613,701.479,4.0,165.061,,870.54
e-1494,1784417807066.543,1784417807718,1784417807722.0,1784417807887.0618,651.457,4.0,165.062,,820.519
e-1495,1784417807116.537,1784417807718,1784417807722.0,1784417807887.0623,601.463,4.0,165.062,,770.525
e-1496,1784417807166.538,1784417807718,1784417807722.0,1784417807887.0627,551.462,4.0,165.063,,720.525
e-1497,1784417807216.547,1784417807718,1784417807722.0,1784417807887.063,501.453,4.0,165.063,,670.516
e-1498,1784417807266.5334,1784417807718,1784417807722.0,1784417807887.0635,451.467,4.0,165.063,,620.53
e-1499,1784417807316.5278,1784417807718,1784417807722.0,1784417807887.064,401.472,4.0,165.064,,570.536
e-1500,1784417807366.5256,1784417807718,1784417807722.0,1784417807887.0645,351.474,4.0,165.064,,520.539
e-1501,1784417807416.5256,1784417807718,1784417807722.0,1784417807887.069,301.474,4.0,165.069,,470.543
e-1502,1784417807466.5232,1784417807718,1784417807722.0,1784417807887.0698,251.477,4.0,165.07,,420.547
e-1503,1784417807516.5483,1784417807718,1784417807722.0,1784417807887.0703,201.452,4.0,165.07,,370.522
e-1504,1784417807566.5486,1784417807718,1784417807722.0,1784417807887.0708,151.451,4.0,165.071,,320.522
e-1505,1784417807616.5205,1784417807718,1784417807722.0,1784417807887.0713,101.479,4.0,165.071,,270.551
e-1506,1784417807666.5261,1784417807718,1784417807722.0,1784417807887.0718,51.474,4.0,165.072,,220.546
e-1507,1784417807716.5205,1784417807718,1784417807722.0,1784417807887.072,1.479,4.0,165.072,,170.552
e-1508,1784417807766.555,1784417808768,1784417808858.0,1784417809887.1353,1001.445,90.0,1029.135,,2120.58
e-1509,1784417807816.5286,1784417808768,1784417808858.0,1784417809887.1377,951.471,90.0,1029.138,,2070.609
e-1510,1784417807866.5437,1784417808768,1784417808858.0,1784417809887.139,901.456,90.0,1029.139,,2020.595
e-1511,1784417807916.5596,1784417808768,1784417808858.0,1784417809887.1392,851.44,90.0,1029.139,,1970.58
e-1512,1784417807966.562,1784417808768,1784417808858.0,1784417809887.1396,801.438,90.0,1029.14,,1920.578
e-1513,1784417808016.564,1784417808768,1784417808858.0,1784417809887.1401,751.436,90.0,1029.14,,1870.576
e-1514,1784417808066.5474,1784417808768,1784417808858.0,1784417809887.1406,701.453,90.0,1029.141,,1820.593
e-1515,1784417808116.5442,1784417808768,1784417808858.0,1784417809887.1409,651.456,90.0,1029.141,,1770.597
e-1516,1784417808166.5454,1784417808768,1784417808858.0,1784417809887.1414,601.455,90.0,1029.141,,1720.596
e-1517,1784417808216.5452,1784417808768,1784417808858.0,1784417809887.1416,551.455,90.0,1029.142,,1670.596
e-1518,1784417808266.5308,1784417808768,1784417808858.0,1784417809887.1418,501.469,90.0,1029.142,,1620.611
e-1519,1784417808316.5457,1784417808768,1784417808858.0,1784417809887.1423,451.454,90.0,1029.142,,1570.597
e-1520,1784417808366.5242,1784417808768,1784417808858.0,1784417809887.1428,401.476,90.0,1029.143,,1520.619
e-1521,1784417808416.5513,1784417808768,1784417808858.0,1784417809887.143,351.449,90.0,1029.143,,1470.592
e-1522,1784417808466.542,1784417808768,1784417808858.0,1784417809887.1528,301.458,90.0,1029.153,,1420.611
e-1523,1784417808516.5227,1784417808768,1784417808858.0,1784417809887.1533,251.477,90.0,1029.153,,1370.631
e-1524,1784417808566.5303,1784417808768,1784417808858.0,1784417809887.1536,201.47,90.0,1029.154,,1320.623
e-1525,1784417808616.5322,1784417808768,1784417808858.0,1784417809887.154,151.468,90.0,1029.154,,1270.622
e-1526,1784417808666.5378,1784417808768,1784417808858.0,1784417809887.1543,101.462,90.0,1029.154,,1220.616
e-1527,1784417808716.5261,1784417808768,1784417808858.0,1784417809887.1545,51.474,90.0,1029.155,,1170.628
e-1528,1784417808766.5227,1784417808768,1784417808858.0,1784417809887.1575,1.477,90.0,1029.157,,1120.635
e-1529,1784417808816.532,1784417809819,1784417809859.0,1784417810897.4866,1002.468,40.0,1038.487,,2080.955
e-1530,1784417808866.5393,1784417809819,1784417809859.0,1784417810897.49,952.461,40.0,1038.49,,2030.951
e-1531,1784417808916.53,1784417809819,1784417809859.0,1784417810897.4917,902.47,40.0,1038.492,,1980.962
e-1532,1784417808966.5251,1784417809819,1784417809859.0,1784417810897.4924,852.475,40.0,1038.492,,1930.967
e-1533,1784417809016.5298,1784417809819,1784417809859.0,1784417810897.4934,802.47,40.0,1038.493,,1880.964
e-1534,1784417809066.5342,1784417809819,1784417809859.0,1784417810897.4941,752.466,40.0,1038.494,,1830.96
e-1535,1784417809116.5298,1784417809819,1784417809859.0,1784417810897.4949,702.47,40.0,1038.495,,1780.965
e-1536,1784417809166.5273,1784417809819,1784417809859.0,1784417810897.522,652.473,40.0,1038.522,,1730.995
e-1537,1784417809216.516,1784417809819,1784417809859.0,1784417810897.523,602.484,40.0,1038.523,,1681.007
e-1538,1784417809266.5366,1784417809819,1784417809859.0,1784417810897.5237,552.463,40.0,1038.524,,1630.987
e-1539,1784417809316.5327,1784417809819,1784417809859.0,1784417810897.5244,502.467,40.0,1038.524,,1580.992
e-1540,1784417809366.531,1784417809819,1784417809859.0,1784417810897.525,452.469,40.0,1038.525,,1530.994
e-1541,1784417809416.5254,1784417809819,1784417809859.0,1784417810897.5256,402.475,40.0,1038.526,,1481.0
e-1542,1784417809466.5254,1784417809819,1784417809859.0,1784417810897.5261,352.475,40.0,1038.526,,1431.001
e-1543,1784417809516.53,1784417809819,1784417809859.0,1784417810897.5403,302.47,40.0,1038.54,,1381.01
e-1544,1784417809566.5325,1784417809819,1784417809859.0,1784417810897.541,252.468,40.0,1038.541,,1331.009
e-1545,1784417809616.524,1784417809819,1784417809859.0,1784417810897.5417,202.476,40.0,1038.542,,1281.018
e-1546,1784417809666.5432,1784417809819,1784417809859.0,1784417810897.5425,152.457,40.0,1038.542,,1230.999
e-1547,1784417809716.518,1784417809819,1784417809859.0,1784417810897.543,102.482,40.0,1038.543,,1181.025
e-1548,1784417809766.5356,1784417809819,1784417809859.0,1784417810897.5437,52.464,40.0,1038.544,,1131.008
e-1549,1784417809816.5283,1784417809819,1784417809859.0,1784417810897.5442,2.472,40.0,1038.544,,1081.016
e-1550,1784417809867.1528,1784417810869,1784417810873.0,1784417811889.357,1001.847,4.0,1016.357,,2022.204
e-1551,1784417809916.5405,1784417810869,1784417810873.0,1784417811889.3606,952.459,4.0,1016.361,,1972.82
e-1552,1784417809966.5273,1784417810869,1784417810873.0,1784417811889.3625,902.473,4.0,1016.363,,1922.835
e-1553,1784417810016.5186,1784417810869,1784417810873.0,1784417811889.3633,852.481,4.0,1016.363,,1872.845
e-1554,1784417810066.53,1784417810869,1784417810873.0,1784417811889.3645,802.47,4.0,1016.365,,1822.834
e-1555,1784417810116.5212,1784417810869,1784417810873.0,1784417811889.3655,752.479,4.0,1016.365,,1772.844
e-1556,1784417810166.5278,1784417810869,1784417810873.0,1784417811889.3665,702.472,4.0,1016.366,,1722.839
e-1557,1784417810216.522,1784417810869,1784417810873.0,1784417811889.3672,652.478,4.0,1016.367,,1672.845
e-1558,1784417810267.5535,1784417810869,1784417810873.0,1784417811889.3682,601.447,4.0,1016.368,,1621.815
e-1559,1784417810316.5217,1784417810869,1784417810873.0,1784417811889.369,552.478,4.0,1016.369,,1572.847
e-1560,1784417810366.543,1784417810869,1784417810873.0,1784417811889.3696,502.457,4.0,1016.37,,1522.827
e-1561,1784417810416.5269,1784417810869,1784417810873.0,1784417811889.3706,452.473,4.0,1016.371,,1472.844
e-1562,1784417810466.533,1784417810869,1784417810873.0,1784417811889.3713,402.467,4.0,1016.371,,1422.838
e-1563,1784417810516.5493,1784417810869,1784417810873.0,1784417811889.3723,352.451,4.0,1016.372,,1372.823
e-1564,1784417810566.5513,1784417810869,1784417810873.0,1784417811889.3882,302.449,4.0,1016.388,,1322.837
e-1565,1784417810616.547,1784417810869,1784417810873.0,1784417811889.3894,252.453,4.0,1016.389,,1272.842
e-1566,1784417810666.55,1784417810869,1784417810873.0,1784417811889.3901,202.45,4.0,1016.39,,1222.84
e-1567,1784417810716.5452,1784417810869,1784417810873.0,1784417811889.3909,152.455,4.0,1016.391,,1172.846
e-1568,1784417810766.5454,1784417810869,1784417810873.0,1784417811889.3918,102.455,4.0,1016.392,,1122.846
e-1569,1784417810816.549,1784417810869,1784417810873.0,1784417811889.3926,52.451,4.0,1016.393,,1072.844
e-1570,1784417810866.594,1784417810869,1784417810873.0,1784417811889.3933,2.406,4.0,1016.393,,1022.799
e-1571,1784417810916.5386,1784417811918,1784417811921.0,1784417812885.752,1001.461,3.0,964.752,,1969.213
e-1572,1784417810966.5386,1784417811918,1784417811921.0,1784417812885.7551,951.461,3.0,964.755,,1919.217
e-1573,1784417811016.5374,1784417811918,1784417811921.0,1784417812885.756,901.463,3.0,964.756,,1869.219
e-1574,1784417811066.56,1784417811918,1784417811921.0,1784417812885.7566,851.44,3.0,964.757,,1819.197
e-1575,1784417811116.5325,1784417811918,1784417811921.0,1784417812885.757,801.468,3.0,964.757,,1769.225
e-1576,1784417811166.5432,1784417811918,1784417811921.0,1784417812885.7732,751.457,3.0,964.773,,1719.23
e-1577,1784417811216.5312,1784417811918,1784417811921.0,1784417812885.774,701.469,3.0,964.774,,1669.243
e-1578,1784417811266.5435,1784417811918,1784417811921.0,1784417812885.7744,651.457,3.0,964.774,,1619.231
e-1579,1784417811316.5205,1784417811918,1784417811921.0,1784417812885.775,601.479,3.0,964.775,,1569.254
e-1580,1784417811366.5261,1784417811918,1784417811921.0,1784417812885.7754,551.474,3.0,964.775,,1519.249
e-1581,1784417811416.553,1784417811918,1784417811921.0,1784417812885.7756,501.447,3.0,964.776,,1469.223
e-1582,1784417811466.5576,1784417811918,1784417811921.0,1784417812885.7761,451.442,3.0,964.776,,1419.219
e-1583,1784417811516.5068,1784417811918,1784417811921.0,1784417812885.7766,401.493,3.0,964.777,,1369.27
e-1584,1784417811566.516,1784417811918,1784417811921.0,1784417812885.777,351.484,3.0,964.777,,1319.261
e-1585,1784417811616.5125,1784417811918,1784417811921.0,1784417812885.7786,301.488,3.0,964.779,,1269.266
e-1586,1784417811666.5107,1784417811918,1784417811921.0,1784417812885.7827,251.489,3.0,964.783,,1219.272
e-1587,1784417811716.516,1784417811918,1784417811921.0,1784417812885.7832,201.484,3.0,964.783,,1169.267
e-1588,1784417811766.5154,1784417811918,1784417811921.0,1784417812885.7837,151.485,3.0,964.784,,1119.268
e-1589,1784417811816.5273,1784417811918,1784417811922.0,1784417812885.784,101.473,4.0,963.784,,1069.257
e-1590,1784417811866.5403,1784417811918,1784417811922.0,1784417812885.7844,51.46,4.0,963.784,,1019.244
e-1591,1784417811916.5513,1784417811918,1784417811922.0,1784417812885.785,1.449,4.0,963.785,,969.234
e-1592,1784417811966.5417,1784417812968,1784417812971.0,1784417813886.6028,1001.458,3.0,915.603,,1920.061
e-1593,1784417812016.5454,1784417812968,1784417812972.0,1784417813886.6052,951.455,4.0,914.605,,1870.06
e-1594,1784417812066.5415,1784417812968,1784417812972.0,1784417813886.6064,901.458,4.0,914.606,,1820.065
e-1595,1784417812116.5596,1784417812968,1784417812972.0,1784417813886.607,851.44,4.0,914.607,,1770.047
e-1596,1784417812169.5667,1784417812968,1784417812972.0,1784417813886.6072,798.433,4.0,914.607,,1717.041
e-1597,1784417812216.5234,1784417812968,1784417812972.0,1784417813886.6077,751.477,4.0,914.608,,1670.084
e-1598,1784417812266.5303,1784417812968,1784417812972.0,1784417813886.6082,701.47,4.0,914.608,,1620.078
e-1599,1784417812316.541,1784417812968,1784417812972.0,1784417813886.6086,651.459,4.0,914.609,,1570.068
e-1600,1784417812366.542,1784417812968,1784417812972.0,1784417813886.6091,601.458,4.0,914.609,,1520.067
e-1601,1784417812416.5537,1784417812968,1784417812972.0,1784417813886.6096,551.446,4.0,914.61,,1470.056
e-1602,1784417812466.5374,1784417812968,1784417812972.0,1784417813886.61,501.463,4.0,914.61,,1420.073
e-1603,1784417812516.5393,1784417812968,1784417812972.0,1784417813886.6104,451.461,4.0,914.61,,1370.071
e-1604,1784417812566.5488,1784417812968,1784417812972.0,1784417813886.6108,401.451,4.0,914.611,,1320.062
e-1605,1784417812616.5305,1784417812968,1784417812972.0,1784417813886.6116,351.469,4.0,914.612,,1270.081
e-1606,1784417812667.5425,1784417812968,1784417812972.0,1784417813886.612,300.458,4.0,914.612,,1219.07
e-1607,1784417812716.5217,1784417812968,1784417812972.0,1784417813886.6245,251.478,4.0,914.625,,1170.103
e-1608,1784417812766.5256,1784417812968,1784417812972.0,1784417813886.625,201.474,4.0,914.625,,1120.099
e-1609,1784417812816.5208,1784417812968,1784417812972.0,1784417813886.6255,151.479,4.0,914.625,,1070.105
e-1610,1784417812866.5503,1784417812968,1784417812972.0,1784417813886.626,101.45,4.0,914.626,,1020.076
e-1611,1784417812916.5366,1784417812968,1784417812972.0,1784417813886.6265,51.463,4.0,914.626,,970.09
e-1612,1784417812966.534,1784417812968,1784417812972.0,1784417813886.627,1.466,4.0,914.627,,920.093
e-1613,1784417813016.5203,1784417814018,1784417814022.0,1784417814883.1362,1001.48,4.0,861.136,,1866.616
e-1614,1784417813066.5505,1784417814018,1784417814022.0,1784417814883.14,951.449,4.0,861.14,,1816.589
e-1615,1784417813116.5344,1784417814018,1784417814022.0,1784417814883.1414,901.466,4.0,861.141,,1766.607
e-1616,1784417813166.559,1784417814018,1784417814023.0,1784417814883.142,851.441,5.0,860.142,,1716.583
e-1617,1784417813216.5283,1784417814018,1784417814023.0,1784417814883.1428,801.472,5.0,860.143,,1666.615
e-1618,1784417813266.5383,1784417814018,1784417814023.0,1784417814883.1436,751.462,5.0,860.144,,1616.605
e-1619,1784417813316.5342,1784417814018,1784417814023.0,1784417814883.1443,701.466,5.0,860.144,,1566.61
e-1620,1784417813366.534,1784417814018,1784417814023.0,1784417814883.1448,651.466,5.0,860.145,,1516.611
e-1621,1784417813416.5305,1784417814018,1784417814023.0,1784417814883.1455,601.469,5.0,860.146,,1466.615
e-1622,1784417813466.5479,1784417814018,1784417814023.0,1784417814883.1462,551.452,5.0,860.146,,1416.598
e-1623,1784417813516.5242,1784417814018,1784417814023.0,1784417814883.147,501.476,5.0,860.147,,1366.623
e-1624,1784417813566.5222,1784417814018,1784417814023.0,1784417814883.1477,451.478,5.0,860.148,,1316.625
e-1625,1784417813616.5376,1784417814018,1784417814023.0,1784417814883.1484,401.462,5.0,860.148,,1266.611
e-1626,1784417813666.5476,1784417814018,1784417814023.0,1784417814883.149,351.452,5.0,860.149,,1216.601
e-1627,1784417813716.5332,1784417814018,1784417814023.0,1784417814883.1497,301.467,5.0,860.15,,1166.616
e-1628,1784417813766.5474,1784417814018,1784417814023.0,1784417814883.1648,251.453,5.0,860.165,,1116.617
e-1629,1784417813816.5337,1784417814018,1784417814023.0,1784417814883.1655,201.466,5.0,860.166,,1066.632
e-1630,1784417813866.5513,1784417814018,1784417814023.0,1784417814883.1663,151.449,5.0,860.166,,1016.615
e-1631,1784417813916.543,1784417814018,1784417814023.0,1784417814883.1667,101.457,5.0,860.167,,966.624
e-1632,1784417813966.5525,1784417814018,1784417814023.0,1784417814883.1675,51.448,5.0,860.167,,916.615
e-1633,1784417814016.5452,1784417814018,1784417814023.0,1784417814883.1682,1.455,5.0,860.168,,866.623
e-1634,1784417814066.545,1784417815067,1784417815072.0,1784417815888.8232,1000.455,5.0,816.823,,1822.278
e-1635,1784417814116.5605,1784417815067,1784417815072.0,1784417815888.826,950.439,5.0,816.826,,1772.265
e-1636,1784417814166.5693,1784417815067,1784417815072.0,1784417815888.8267,900.431,5.0,816.827,,1722.257
e-1637,1784417814216.5466,1784417815067,1784417815072.0,1784417815888.8271,850.453,5.0,816.827,,1672.281
e-1638,1784417814266.534,1784417815067,1784417815072.0,1784417815888.8274,800.466,5.0,816.827,,1622.293
e-1639,1784417814316.539,1784417815067,1784417815072.0,1784417815888.828,750.461,5.0,816.828,,1572.289
e-1640,1784417814366.519,1784417815067,1784417815072.0,1784417815888.8284,700.481,5.0,816.828,,1522.309
e-1641,1784417814416.538,1784417815067,1784417815072.0,1784417815888.8286,650.462,5.0,816.829,,1472.291
e-1642,1784417814466.541,1784417815067,1784417815072.0,1784417815888.829,600.459,5.0,816.829,,1422.288
e-1643,1784417814516.5264,1784417815067,1784417815072.0,1784417815888.8293,550.474,5.0,816.829,,1372.303
e-1644,1784417814566.5186,1784417815067,1784417815072.0,1784417815888.8298,500.481,5.0,816.83,,1322.311
e-1645,1784417814616.5178,1784417815067,1784417815072.0,1784417815888.842,450.482,5.0,816.842,,1272.324
e-1646,1784417814666.5203,1784417815067,1784417815072.0,1784417815888.8425,400.48,5.0,816.843,,1222.322
e-1647,1784417814716.515,1784417815067,1784417815072.0,1784417815888.8428,350.485,5.0,816.843,,1172.328
e-1648,1784417814766.536,1784417815067,1784417815072.0,1784417815888.8433,300.464,5.0,816.843,,1122.307
e-1649,1784417814816.5203,1784417815067,1784417815072.0,1784417815888.8462,250.48,5.0,816.846,,1072.326
e-1650,1784417814866.5305,1784417815067,1784417815072.0,1784417815888.8467,200.469,5.0,816.847,,1022.316
e-1651,1784417814916.5176,1784417815067,1784417815072.0,1784417815888.847,150.482,5.0,816.847,,972.329
e-1652,1784417814966.5212,1784417815067,1784417815072.0,1784417815888.8474,100.479,5.0,816.847,,922.326
e-1653,1784417815016.5225,1784417815067,1784417815072.0,1784417815888.8477,50.478,5.0,816.848,,872.325
e-1654,1784417815066.5247,1784417815067,1784417815072.0,1784417815888.8481,0.475,5.0,816.848,,822.323
e-1655,1784417815116.5217,1784417816117,1784417816121.0,1784417816886.9316,1000.478,4.0,765.932,,1770.41
e-1656,1784417815166.5203,1784417816117,1784417816121.0,1784417816886.9353,950.48,4.0,765.935,,1720.415
e-1657,1784417815216.5325,1784417816117,1784417816121.0,1784417816886.9375,900.468,4.0,765.938,,1670.405
e-1658,1784417815266.5242,1784417816117,1784417816121.0,1784417816886.9382,850.476,4.0,765.938,,1620.414
e-1659,1784417815316.529,1784417816117,1784417816121.0,1784417816886.9395,800.471,4.0,765.939,,1570.41
e-1660,1784417815366.5222,1784417816117,1784417816121.0,1784417816886.9402,750.478,4.0,765.94,,1520.418
e-1661,1784417815416.5325,1784417816117,1784417816121.0,1784417816886.9414,700.468,4.0,765.941,,1470.409
e-1662,1784417815466.5332,1784417816117,1784417816121.0,1784417816886.9424,650.467,4.0,765.942,,1420.409
e-1663,1784417815516.5215,1784417816117,1784417816121.0,1784417816886.9434,600.479,4.0,765.943,,1370.422
e-1664,1784417815566.5503,1784417816117,1784417816121.0,1784417816886.9443,550.45,4.0,765.944,,1320.394
e-1665,1784417815616.5205,1784417816117,1784417816121.0,1784417816886.9453,500.479,4.0,765.945,,1270.425
e-1666,1784417815666.5183,1784417816117,1784417816121.0,1784417816886.946,450.482,4.0,765.946,,1220.428
e-1667,1784417815716.523,1784417816117,1784417816121.0,1784417816886.9473,400.477,4.0,765.947,,1170.424
e-1668,1784417815766.5256,1784417816117,1784417816121.0,1784417816886.948,350.474,4.0,765.948,,1120.422
e-1669,1784417815816.525,1784417816117,1784417816121.0,1784417816886.949,300.475,4.0,765.949,,1070.424
e-1670,1784417815866.5554,1784417816117,1784417816121.0,1784417816886.95,250.445,4.0,765.95,,1020.395
e-1671,1784417815916.519,1784417816117,1784417816121.0,1784417816886.9653,200.481,4.0,765.965,,970.446
e-1672,1784417815966.5293,1784417816117,1784417816121.0,1784417816886.9663,150.471,4.0,765.966,,920.437
e-1673,1784417816016.5215,1784417816117,1784417816121.0,1784417816886.967,100.479,4.0,765.967,,870.446
e-1674,1784417816066.5383,1784417816117,1784417816121.0,1784417816886.968,50.462,4.0,765.968,,820.43
e-1675,1784417816116.5308,1784417817118,1784417817121.0,1784417817890.7937,1001.469,3.0,769.794,,1774.263
e-1676,1784417816166.5356,1784417817118,1784417817122.0,1784417817890.797,951.464,4.0,768.797,,1724.261
e-1677,1784417816216.5386,1784417817118,1784417817122.0,1784417817890.7986,901.461,4.0,768.799,,1674.26
e-1678,1784417816266.5308,1784417817118,1784417817122.0,1784417817890.7993,851.469,4.0,768.799,,1624.269
e-1679,1784417816316.524,1784417817118,1784417817122.0,1784417817890.8,801.476,4.0,768.8,,1574.276
e-1680,1784417816366.5535,1784417817118,1784417817122.0,1784417817890.801,751.447,4.0,768.801,,1524.248
e-1681,1784417816416.5503,1784417817118,1784417817122.0,1784417817890.8018,701.45,4.0,768.802,,1474.251
e-1682,1784417816466.5442,1784417817118,1784417817122.0,1784417817890.8025,651.456,4.0,768.802,,1424.258
e-1683,1784417816516.531,1784417817118,1784417817122.0,1784417817890.8035,601.469,4.0,768.803,,1374.272
e-1684,1784417816566.551,1784417817118,1784417817122.0,1784417817890.8042,551.449,4.0,768.804,,1324.253
e-1685,1784417816616.5273,1784417817118,1784417817122.0,1784417817890.805,501.473,4.0,768.805,,1274.278
e-1686,1784417816666.5242,1784417817118,1784417817122.0,1784417817890.8054,451.476,4.0,768.805,,1224.281
e-1687,1784417816716.53,1784417817118,1784417817122.0,1784417817890.8062,401.47,4.0,768.806,,1174.276
e-1688,1784417816766.5288,1784417817118,1784417817122.0,1784417817890.807,351.471,4.0,768.807,,1124.278
e-1689,1784417816816.56,1784417817118,1784417817122.0,1784417817890.8076,301.44,4.0,768.808,,1074.248
e-1690,1784417816866.5283,1784417817118,1784417817122.0,1784417817890.8086,251.472,4.0,768.809,,1024.28
e-1691,1784417816916.5413,1784417817118,1784417817122.0,1784417817890.8093,201.459,4.0,768.809,,974.268
e-1692,1784417816966.5383,1784417817118,1784417817122.0,1784417817890.8262,151.462,4.0,768.826,,924.288
e-1693,1784417817016.5552,1784417817118,1784417817122.0,1784417817890.8271,101.445,4.0,768.827,,874.272
e-1694,1784417817066.5676,1784417817118,1784417817122.0,1784417817890.828,51.432,4.0,768.828,,824.26
e-1695,1784417817116.5344,1784417817118,1784417817122.0,1784417817890.8289,1.466,4.0,768.829,,774.294
e-1696,1784417817166.5376,1784417818168,1784417818171.0,1784417818884.9885,1001.462,3.0,713.989,,1718.451
e-1697,1784417817216.5544,1784417818168,1784417818171.0,1784417818884.9927,951.446,3.0,713.993,,1668.438
e-1698,1784417817266.539,1784417818168,1784417818171.0,1784417818885.0115,901.461,3.0,714.011,,1618.472
e-1699,1784417817316.5242,1784417818168,1784417818172.0,1784417818885.0127,851.476,4.0,713.013,,1568.489
e-1700,1784417817366.5503,1784417818168,1784417818172.0,1784417818885.0137,801.45,4.0,713.014,,1518.463
e-1701,1784417817416.5696,1784417818168,1784417818172.0,1784417818885.0146,751.43,4.0,713.015,,1468.445
e-1702,1784417817466.5422,1784417818168,1784417818172.0,1784417818885.0159,701.458,4.0,713.016,,1418.474
e-1703,1784417817516.5232,1784417818168,1784417818172.0,1784417818885.017,651.477,4.0,713.017,,1368.494
e-1704,1784417817566.524,1784417818168,1784417818172.0,1784417818885.018,601.476,4.0,713.018,,1318.494
e-1705,1784417817616.5154,1784417818168,1784417818172.0,1784417818885.0193,551.485,4.0,713.019,,1268.504
e-1706,1784417817666.5183,1784417818168,1784417818172.0,1784417818885.0205,501.482,4.0,713.021,,1218.502
e-1707,1784417817716.5156,1784417818168,1784417818172.0,1784417818885.0217,451.484,4.0,713.022,,1168.506
e-1708,1784417817766.5083,1784417818168,1784417818172.0,1784417818885.023,401.492,4.0,713.023,,1118.515
e-1709,1784417817816.5237,1784417818168,1784417818172.0,1784417818885.0237,351.476,4.0,713.024,,1068.5
e-1710,1784417817866.541,1784417818168,1784417818172.0,1784417818885.0247,301.459,4.0,713.025,,1018.484
e-1711,1784417817916.525,1784417818168,1784417818172.0,1784417818885.0256,251.475,4.0,713.026,,968.501
e-1712,1784417817966.5234,1784417818168,1784417818172.0,1784417818885.0266,201.477,4.0,713.027,,918.503
e-1713,1784417818016.5247,1784417818168,1784417818172.0,1784417818885.033,151.475,4.0,713.033,,868.508
e-1714,1784417818066.5513,1784417818168,1784417818172.0,1784417818885.0337,101.449,4.0,713.034,,818.482
e-1715,1784417818116.5532,1784417818168,1784417818172.0,1784417818885.0347,51.447,4.0,713.035,,768.481
e-1716,1784417818166.5735,1784417818168,1784417818172.0,1784417818885.0405,1.427,4.0,713.041,,718.467
e-1717,1784417818216.5576,1784417819217,1784417819220.0,1784417819881.8284,1000.442,3.0,661.828,,1665.271
e-1718,1784417818266.532,1784417819217,1784417819220.0,1784417819881.8325,950.468,3.0,661.833,,1615.301
e-1719,1784417818316.5347,1784417819217,1784417819220.0,1784417819881.8345,900.465,3.0,661.834,,1565.3
e-1720,1784417818366.5334,1784417819217,1784417819220.0,1784417819881.8357,850.467,3.0,661.836,,1515.302
e-1721,1784417818416.5364,1784417819217,1784417819220.0,1784417819881.8367,800.464,3.0,661.837,,1465.3
e-1722,1784417818466.534,1784417819217,1784417819220.0,1784417819881.838,750.466,3.0,661.838,,1415.304
e-1723,1784417818516.5276,1784417819217,1784417819220.0,1784417819881.839,700.472,3.0,661.839,,1365.312
e-1724,1784417818566.5442,1784417819217,1784417819220.0,1784417819881.8406,650.456,3.0,661.841,,1315.296
e-1725,1784417818616.5425,1784417819217,1784417819220.0,1784417819881.8416,600.458,3.0,661.842,,1265.299
e-1726,1784417818666.5413,1784417819217,1784417819220.0,1784417819881.8425,550.459,3.0,661.843,,1215.301
e-1727,1784417818716.5315,1784417819217,1784417819220.0,1784417819881.8438,500.469,3.0,661.844,,1165.312
e-1728,1784417818766.5366,1784417819217,1784417819220.0,1784417819881.845,450.463,3.0,661.845,,1115.308
e-1729,1784417818816.5212,1784417819217,1784417819220.0,1784417819881.8462,400.479,3.0,661.846,,1065.325
e-1730,1784417818866.5454,1784417819217,1784417819220.0,1784417819881.8474,350.455,3.0,661.847,,1015.302
e-1731,1784417818916.542,1784417819217,1784417819220.0,1784417819881.8486,300.458,3.0,661.849,,965.307
e-1732,1784417818966.5322,1784417819217,1784417819220.0,1784417819881.8499,250.468,3.0,661.85,,915.318
e-1733,1784417819016.5386,1784417819217,1784417819220.0,1784417819881.8508,200.461,3.0,661.851,,865.312
e-1734,1784417819066.5334,1784417819217,1784417819220.0,1784417819881.873,150.467,3.0,661.873,,815.34
e-1735,1784417819116.5305,1784417819217,1784417819220.0,1784417819881.874,100.469,3.0,661.874,,765.344
e-1736,1784417819166.53,1784417819217,1784417819220.0,1784417819881.8936,50.47,3.0,661.894,,715.364
e-1737,1784417819216.538,1784417820220,1784417820224.0,1784417820886.9097,1003.462,4.0,662.91,,1670.372
e-1738,1784417819266.5356,1784417820220,1784417820224.0,1784417820886.9133,953.464,4.0,662.913,,1620.378
e-1739,1784417819316.5378,1784417820220,1784417820224.0,1784417820886.9148,903.462,4.0,662.915,,1570.377
e-1740,1784417819366.5378,1784417820220,1784417820224.0,1784417820886.9155,853.462,4.0,662.916,,1520.378
e-1741,1784417819416.5393,1784417820220,1784417820224.0,1784417820886.9172,803.461,4.0,662.917,,1470.378
e-1742,1784417819466.5254,1784417820220,1784417820224.0,1784417820886.9338,753.475,4.0,662.934,,1420.408
e-1743,1784417819516.5337,1784417820220,1784417820224.0,1784417820886.9343,703.466,4.0,662.934,,1370.401
e-1744,1784417819566.5198,1784417820220,1784417820224.0,1784417820886.9348,653.48,4.0,662.935,,1320.415
e-1745,1784417819616.541,1784417820220,1784417820224.0,1784417820886.9355,603.459,4.0,662.936,,1270.395
e-1746,1784417819666.52,1784417820220,1784417820224.0,1784417820886.936,553.48,4.0,662.936,,1220.416
e-1747,1784417819716.5212,1784417820220,1784417820224.0,1784417820886.9365,503.479,4.0,662.937,,1170.415
e-1748,1784417819766.554,1784417820220,1784417820224.0,1784417820886.9375,453.446,4.0,662.938,,1120.384
e-1749,1784417819816.5146,1784417820220,1784417820224.0,1784417820886.9382,403.485,4.0,662.938,,1070.424
e-1750,1784417819866.5332,1784417820220,1784417820224.0,1784417820886.939,353.467,4.0,662.939,,1020.406
e-1751,1784417819916.5693,1784417820220,1784417820224.0,1784417820886.9397,303.431,4.0,662.94,,970.37
e-1752,1784417819966.5398,1784417820220,1784417820224.0,1784417820886.9404,253.46,4.0,662.94,,920.401
e-1753,1784417820016.56,1784417820220,1784417820224.0,1784417820886.9412,203.44,4.0,662.941,,870.381
e-1754,1784417820066.5435,1784417820220,1784417820224.0,1784417820886.942,153.457,4.0,662.942,,820.398
e-1755,1784417820116.5496,1784417820220,1784417820224.0,1784417820886.9426,103.45,4.0,662.943,,770.393
e-1756,1784417820166.5403,1784417820220,1784417820225.0,1784417820886.9487,53.46,5.0,661.949,,720.408
e-1757,1784417820216.5398,1784417820220,1784417820225.0,1784417820886.9497,3.46,5.0,661.95,,670.41
e-1758,1784417820266.541,1784417821268,1784417821271.0,1784417821893.466,1001.459,3.0,622.466,,1626.925
e-1759,1784417820316.5208,1784417821268,1784417821271.0,1784417821893.4702,951.479,3.0,622.47,,1576.949
e-1760,1784417820366.531,1784417821268,1784417821271.0,1784417821893.472,901.469,3.0,622.472,,1526.941
e-1761,1784417820416.5537,1784417821268,1784417821271.0,1784417821893.4727,851.446,3.0,622.473,,1476.919
e-1762,1784417820466.5461,1784417821268,1784417821271.0,1784417821893.4731,801.454,3.0,622.473,,1426.927
e-1763,1784417820516.5132,1784417821268,1784417821271.0,1784417821893.4736,751.487,3.0,622.474,,1376.96
e-1764,1784417820566.5305,1784417821268,1784417821271.0,1784417821893.474,701.469,3.0,622.474,,1326.944
e-1765,1784417820616.5361,1784417821268,1784417821271.0,1784417821893.4744,651.464,3.0,622.474,,1276.938
e-1766,1784417820666.538,1784417821268,1784417821271.0,1784417821893.4749,601.462,3.0,622.475,,1226.937
e-1767,1784417820716.523,1784417821268,1784417821271.0,1784417821893.4753,551.477,3.0,622.475,,1176.952
e-1768,1784417820766.537,1784417821268,1784417821271.0,1784417821893.4758,501.463,3.0,622.476,,1126.939
e-1769,1784417820816.5413,1784417821268,1784417821271.0,1784417821893.4766,451.459,3.0,622.477,,1076.935
e-1770,1784417820866.5325,1784417821268,1784417821271.0,1784417821893.477,401.468,3.0,622.477,,1026.945
e-1771,1784417820916.5425,1784417821268,1784417821271.0,1784417821893.4775,351.458,3.0,622.478,,976.935
e-1772,1784417820966.54,1784417821268,1784417821271.0,1784417821893.478,301.46,3.0,622.478,,926.938
e-1773,1784417821016.5369,1784417821268,1784417821271.0,1784417821893.4783,251.463,3.0,622.478,,876.941
e-1774,1784417821066.5522,1784417821268,1784417821271.0,1784417821893.4788,201.448,3.0,622.479,,826.927
e-1775,1784417821116.5393,1784417821268,1784417821271.0,1784417821893.4792,151.461,3.0,622.479,,776.94
e-1776,1784417821166.5393,1784417821268,1784417821271.0,1784417821893.4797,101.461,3.0,622.48,,726.94
e-1777,1784417821216.5525,1784417821268,1784417821271.0,1784417821893.49,51.448,3.0,622.49,,676.938
e-1778,1784417821266.538,1784417821268,1784417821271.0,1784417821893.4905,1.462,3.0,622.49,,626.952
e-1779,1784417821316.5315,1784417822317,1784417822321.0,1784417822883.0374,1000.469,4.0,562.037,,1566.506
e-1780,1784417821366.5396,1784417822317,1784417822321.0,1784417822883.041,950.46,4.0,562.041,,1516.501
e-1781,1784417821416.5405,1784417822317,1784417822321.0,1784417822883.0422,900.459,4.0,562.042,,1466.502
e-1782,1784417821466.552,1784417822317,1784417822321.0,1784417822883.043,850.448,4.0,562.043,,1416.491
e-1783,1784417821516.5166,1784417822317,1784417822321.0,1784417822883.0437,800.483,4.0,562.044,,1366.527
e-1784,1784417821566.5396,1784417822317,1784417822321.0,1784417822883.0442,750.46,4.0,562.044,,1316.505
e-1785,1784417821616.525,1784417822317,1784417822321.0,1784417822883.045,700.475,4.0,562.045,,1266.52
e-1786,1784417821666.5466,1784417822317,1784417822321.0,1784417822883.0457,650.453,4.0,562.046,,1216.499
e-1787,1784417821716.5195,1784417822317,1784417822321.0,1784417822883.063,600.48,4.0,562.063,,1166.543
e-1788,1784417821766.5488,1784417822317,1784417822321.0,1784417822883.0637,550.451,4.0,562.064,,1116.515
e-1789,1784417821816.5483,1784417822317,1784417822321.0,1784417822883.0652,500.452,4.0,562.065,,1066.517
e-1790,1784417821866.5295,1784417822317,1784417822321.0,1784417822883.07,450.47,4.0,562.07,,1016.541
e-1791,1784417821916.523,1784417822317,1784417822321.0,1784417822883.0708,400.477,4.0,562.071,,966.548
e-1792,1784417821966.5215,1784417822317,1784417822321.0,1784417822883.0715,350.479,4.0,562.072,,916.55
e-1793,1784417822016.5234,1784417822317,1784417822321.0,1784417822883.0723,300.477,4.0,562.072,,866.549
e-1794,1784417822066.5273,1784417822317,1784417822321.0,1784417822883.0925,250.473,4.0,562.093,,816.565
e-1795,1784417822116.5925,1784417822317,1784417822321.0,1784417822883.0933,200.407,4.0,562.093,,766.501
e-1796,1784417822166.5393,1784417822317,1784417822321.0,1784417822883.094,150.461,4.0,562.094,,716.555
e-1797,1784417822216.524,1784417822317,1784417822321.0,1784417822883.0947,100.476,4.0,562.095,,666.571
e-1798,1784417822266.5388,1784417822317,1784417822321.0,1784417822883.0999,50.461,4.0,562.1,,616.561
e-1799,1784417822316.5398,1784417823318,1784417823322.0,1784417823905.7778,1001.46,4.0,583.778,,1589.238
e-1800,1784417822366.5386,1784417823318,1784417823323.0,1784417823905.7817,951.461,5.0,582.782,,1539.243
e-1801,1784417822416.5205,1784417823318,1784417823323.0,1784417823905.7834,901.479,5.0,582.783,,1489.263
e-1802,1784417822466.539,1784417823318,1784417823323.0,1784417823905.784,851.461,5.0,582.784,,1439.245
e-1803,1784417822516.522,1784417823318,1784417823323.0,1784417823905.7847,801.478,5.0,582.785,,1389.263
e-1804,1784417822566.5535,1784417823318,1784417823323.0,1784417823905.7854,751.447,5.0,582.785,,1339.232
e-1805,1784417822616.5635,1784417823318,1784417823323.0,1784417823905.786,701.437,5.0,582.786,,1289.222
e-1806,1784417822666.554,1784417823318,1784417823323.0,1784417823905.7866,651.446,5.0,582.787,,1239.233
e-1807,1784417822716.527,1784417823318,1784417823323.0,1784417823905.787,601.473,5.0,582.787,,1189.26
e-1808,1784417822766.538,1784417823318,1784417823323.0,1784417823905.7876,551.462,5.0,582.788,,1139.25
e-1809,1784417822816.5403,1784417823318,1784417823323.0,1784417823905.7886,501.46,5.0,582.789,,1089.248
e-1810,1784417822866.5408,1784417823318,1784417823323.0,1784417823905.789,451.459,5.0,582.789,,1039.248
e-1811,1784417822916.518,1784417823318,1784417823323.0,1784417823905.7896,401.482,5.0,582.79,,989.271
e-1812,1784417822966.537,1784417823318,1784417823323.0,1784417823905.7903,351.463,5.0,582.79,,939.253
e-1813,1784417823016.5425,1784417823318,1784417823323.0,1784417823905.791,301.458,5.0,582.791,,889.249
e-1814,1784417823066.5498,1784417823318,1784417823323.0,1784417823905.7915,251.45,5.0,582.792,,839.242
e-1815,1784417823116.5378,1784417823318,1784417823323.0,1784417823905.792,201.462,5.0,582.792,,789.254
e-1816,1784417823166.5383,1784417823318,1784417823323.0,1784417823905.7927,151.462,5.0,582.793,,739.254
e-1817,1784417823216.5454,1784417823318,1784417823323.0,1784417823905.7935,101.455,5.0,582.793,,689.248
e-1818,1784417823266.5369,1784417823318,1784417823323.0,1784417823905.794,51.463,5.0,582.794,,639.257
e-1819,1784417823316.5598,1784417823318,1784417823323.0,1784417823905.8025,1.44,5.0,582.802,,589.243
e-1820,1784417823366.5378,1784417824367,1784417824371.0,1784417824885.9312,1000.462,4.0,514.931,,1519.393
e-1821,1784417823416.5605,1784417824367,1784417824371.0,1784417824885.9343,950.439,4.0,514.934,,1469.374
e-1822,1784417823466.5422,1784417824367,1784417824371.0,1784417824885.9355,900.458,4.0,514.936,,1419.393
e-1823,1784417823516.5183,1784417824367,1784417824371.0,1784417824885.936,850.482,4.0,514.936,,1369.418
e-1824,1784417823566.5378,1784417824367,1784417824371.0,1784417824885.9365,800.462,4.0,514.937,,1319.399
e-1825,1784417823616.541,1784417824367,1784417824371.0,1784417824885.937,750.459,4.0,514.937,,1269.396
e-1826,1784417823666.5444,1784417824367,1784417824371.0,1784417824885.9377,700.456,4.0,514.938,,1219.393
e-1827,1784417823716.5251,1784417824367,1784417824371.0,1784417824885.9382,650.475,4.0,514.938,,1169.413
e-1828,1784417823766.5283,1784417824367,1784417824371.0,1784417824885.9387,600.472,4.0,514.939,,1119.41
e-1829,1784417823816.5164,1784417824367,1784417824371.0,1784417824885.9392,550.484,4.0,514.939,,1069.423
e-1830,1784417823866.5425,1784417824367,1784417824371.0,1784417824885.9397,500.458,4.0,514.94,,1019.397
e-1831,1784417823916.5222,1784417824367,1784417824371.0,1784417824885.9402,450.478,4.0,514.94,,969.418
e-1832,1784417823966.531,1784417824367,1784417824371.0,1784417824885.9543,400.469,4.0,514.954,,919.423
e-1833,1784417824016.5173,1784417824367,1784417824371.0,1784417824885.9548,350.483,4.0,514.955,,869.438
e-1834,1784417824066.5134,1784417824367,1784417824371.0,1784417824885.9553,300.487,4.0,514.955,,819.442
e-1835,1784417824116.5225,1784417824367,1784417824371.0,1784417824885.9558,250.478,4.0,514.956,,769.433
e-1836,1784417824166.519,1784417824367,1784417824371.0,1784417824885.9563,200.481,4.0,514.956,,719.437
e-1837,1784417824216.5215,1784417824367,1784417824371.0,1784417824885.9568,150.479,4.0,514.957,,669.435
e-1838,1784417824266.5159,1784417824367,1784417824371.0,1784417824885.9573,100.484,4.0,514.957,,619.441
e-1839,1784417824316.5288,1784417824367,1784417824371.0,1784417824885.9578,50.471,4.0,514.958,,569.429
e-1840,1784417824366.5273,1784417825368,1784417825371.0,1784417825882.5776,1001.473,3.0,511.578,,1516.05
e-1841,1784417824416.523,1784417825368,1784417825372.0,1784417825882.5798,951.477,4.0,510.58,,1466.057
e-1842,1784417824466.5225,1784417825368,1784417825372.0,1784417825882.5806,901.478,4.0,510.581,,1416.058
e-1843,1784417824516.5227,1784417825368,1784417825372.0,1784417825882.581,851.477,4.0,510.581,,1366.058
e-1844,1784417824566.5488,1784417825368,1784417825372.0,1784417825882.5815,801.451,4.0,510.582,,1316.033
e-1845,1784417824616.5286,1784417825368,1784417825372.0,1784417825882.5818,751.471,4.0,510.582,,1266.053
e-1846,1784417824666.5237,1784417825368,1784417825372.0,1784417825882.582,701.476,4.0,510.582,,1216.058
e-1847,1784417824716.5244,1784417825368,1784417825372.0,1784417825882.5825,651.476,4.0,510.583,,1166.058
e-1848,1784417824766.5347,1784417825368,1784417825372.0,1784417825882.5828,601.465,4.0,510.583,,1116.048
e-1849,1784417824816.5256,1784417825368,1784417825372.0,1784417825882.5833,551.474,4.0,510.583,,1066.058
e-1850,1784417824866.5542,1784417825368,1784417825372.0,1784417825882.5835,501.446,4.0,510.583,,1016.029
e-1851,1784417824916.5454,1784417825368,1784417825372.0,1784417825882.5837,451.455,4.0,510.584,,966.038
e-1852,1784417824966.5312,1784417825368,1784417825372.0,1784417825882.5842,401.469,4.0,510.584,,916.053
e-1853,1784417825016.542,1784417825368,1784417825372.0,1784417825882.5845,351.458,4.0,510.584,,866.042
e-1854,1784417825066.5356,1784417825368,1784417825372.0,1784417825882.585,301.464,4.0,510.585,,816.049
e-1855,1784417825116.5403,1784417825368,1784417825372.0,1784417825882.5852,251.46,4.0,510.585,,766.045
e-1856,1784417825166.5227,1784417825368,1784417825372.0,1784417825882.5854,201.477,4.0,510.585,,716.063
e-1857,1784417825216.5193,1784417825368,1784417825372.0,1784417825882.586,151.481,4.0,510.586,,666.067
e-1858,1784417825266.519,1784417825368,1784417825372.0,1784417825882.5862,101.481,4.0,510.586,,616.067
e-1859,1784417825316.5347,1784417825368,1784417825372.0,1784417825882.5864,51.465,4.0,510.586,,566.052
e-1860,1784417825366.5366,1784417825368,1784417825372.0,1784417825882.587,1.463,4.0,510.587,,516.05
e-1861,1784417825416.5293,1784417826418,1784417826422.0,1784417826881.9385,1001.471,4.0,459.938,,1465.409
e-1862,1784417825466.5208,1784417826418,1784417826422.0,1784417826881.941,951.479,4.0,459.941,,1415.42
e-1863,1784417825516.5408,1784417826418,1784417826422.0,1784417826881.942,901.459,4.0,459.942,,1365.401
e-1864,1784417825566.5261,1784417826418,1784417826422.0,1784417826881.9421,851.474,4.0,459.942,,1315.416
e-1865,1784417825616.5293,1784417826418,1784417826422.0,1784417826881.9426,801.471,4.0,459.943,,1265.413
e-1866,1784417825666.5361,1784417826418,1784417826422.0,1784417826881.9434,751.464,4.0,459.943,,1215.407
e-1867,1784417825716.5198,1784417826418,1784417826422.0,1784417826881.9438,701.48,4.0,459.944,,1165.424
e-1868,1784417825766.5217,1784417826418,1784417826422.0,1784417826881.9443,651.478,4.0,459.944,,1115.423
e-1869,1784417825816.5298,1784417826418,1784417826422.0,1784417826881.9448,601.47,4.0,459.945,,1065.415
e-1870,1784417825866.5447,1784417826418,1784417826422.0,1784417826881.9453,551.455,4.0,459.945,,1015.401
e-1871,1784417825916.5361,1784417826418,1784417826422.0,1784417826881.9458,501.464,4.0,459.946,,965.41
e-1872,1784417825966.546,1784417826418,1784417826422.0,1784417826881.946,451.454,4.0,459.946,,915.4
e-1873,1784417826016.5479,1784417826418,1784417826422.0,1784417826881.9465,401.452,4.0,459.947,,865.399
e-1874,1784417826066.5415,1784417826418,1784417826422.0,1784417826881.947,351.458,4.0,459.947,,815.406
e-1875,1784417826116.562,1784417826418,1784417826422.0,1784417826881.9475,301.438,4.0,459.948,,765.385
e-1876,1784417826166.544,1784417826418,1784417826422.0,1784417826881.948,251.456,4.0,459.948,,715.404
e-1877,1784417826216.5342,1784417826418,1784417826422.0,1784417826881.9485,201.466,4.0,459.948,,665.414
e-1878,1784417826266.5364,1784417826418,1784417826422.0,1784417826881.961,151.464,4.0,459.961,,615.425
e-1879,1784417826316.5396,1784417826418,1784417826422.0,1784417826881.9614,101.46,4.0,459.961,,565.422
e-1880,1784417826366.5388,1784417826418,1784417826422.0,1784417826881.962,51.461,4.0,459.962,,515.423
e-1881,1784417826418.2148,1784417827420,1784417827424.0,1784417827783.6257,1001.785,4.0,359.626,,1365.411
e-1882,1784417826466.554,1784417827420,1784417827424.0,1784417827783.6287,953.446,4.0,359.629,,1317.075
e-1883,1784417826516.549,1784417827420,1784417827424.0,1784417827783.6404,903.451,4.0,359.64,,1267.091
e-1884,1784417826566.5286,1784417827420,1784417827424.0,1784417827783.6409,853.471,4.0,359.641,,1217.112
e-1885,1784417826616.5264,1784417827420,1784417827424.0,1784417827783.6416,803.474,4.0,359.642,,1167.115
e-1886,1784417826666.5266,1784417827420,1784417827424.0,1784417827783.6418,753.473,4.0,359.642,,1117.115
e-1887,1784417826716.5347,1784417827420,1784417827424.0,1784417827783.6423,703.465,4.0,359.642,,1067.108
e-1888,1784417826766.5452,1784417827420,1784417827424.0,1784417827783.6428,653.455,4.0,359.643,,1017.098
e-1889,1784417826816.5457,1784417827420,1784417827424.0,1784417827783.6433,603.454,4.0,359.643,,967.098
e-1890,1784417826866.5266,1784417827420,1784417827424.0,1784417827783.6438,553.473,4.0,359.644,,917.117
e-1891,1784417826916.548,1784417827420,1784417827424.0,1784417827783.6443,503.452,4.0,359.644,,867.096
e-1892,1784417826966.5366,1784417827420,1784417827424.0,1784417827783.6448,453.463,4.0,359.645,,817.108
e-1893,1784417827016.5293,1784417827420,1784417827424.0,1784417827783.6453,403.471,4.0,359.645,,767.116
e-1894,1784417827066.534,1784417827420,1784417827424.0,1784417827783.6462,353.466,4.0,359.646,,717.112
e-1895,1784417827116.5408,1784417827420,1784417827424.0,1784417827783.6467,303.459,4.0,359.647,,667.106
e-1896,1784417827166.5344,1784417827420,1784417827424.0,1784417827783.6472,253.466,4.0,359.647,,617.113
e-1897,1784417827216.52,1784417827420,1784417827424.0,1784417827783.6477,203.48,4.0,359.648,,567.128
e-1898,1784417827266.5264,1784417827420,1784417827424.0,1784417827783.6619,153.474,4.0,359.662,,517.135
e-1899,1784417827316.5303,1784417827420,1784417827424.0,1784417827783.6624,103.47,4.0,359.662,,467.132
e-1900,1784417827366.5303,1784417827420,1784417827424.0,1784417827783.663,53.47,4.0,359.663,,417.133
e-1901,1784417827416.5574,1784417827420,1784417827424.0,1784417827783.6636,3.443,4.0,359.664,,367.106
e-1902,1784417827466.5256,1784417828468,1784417828472.0,1784417828880.3987,1001.474,4.0,408.399,,1413.873
e-1903,1784417827516.5525,1784417828468,1784417828472.0,1784417828880.4011,951.448,4.0,408.401,,1363.849
e-1904,1784417827566.5496,1784417828468,1784417828472.0,1784417828880.415,901.45,4.0,408.415,,1313.865
e-1905,1784417827616.5334,1784417828468,1784417828472.0,1784417828880.4158,851.467,4.0,408.416,,1263.882
e-1906,1784417827666.5225,1784417828468,1784417828472.0,1784417828880.4163,801.478,4.0,408.416,,1213.894
e-1907,1784417827716.5298,1784417828468,1784417828472.0,1784417828880.4167,751.47,4.0,408.417,,1163.887
e-1908,1784417827766.5244,1784417828468,1784417828472.0,1784417828880.4175,701.476,4.0,408.417,,1113.893
e-1909,1784417827816.542,1784417828468,1784417828472.0,1784417828880.418,651.458,4.0,408.418,,1063.876
e-1910,1784417827866.5276,1784417828468,1784417828472.0,1784417828880.4185,601.472,4.0,408.418,,1013.891
e-1911,1784417827916.528,1784417828468,1784417828472.0,1784417828880.4192,551.472,4.0,408.419,,963.891
e-1912,1784417827966.5212,1784417828468,1784417828472.0,1784417828880.42,501.479,4.0,408.42,,913.899
e-1913,1784417828016.5183,1784417828468,1784417828472.0,1784417828880.4204,451.482,4.0,408.42,,863.902
e-1914,1784417828066.525,1784417828468,1784417828472.0,1784417828880.421,401.475,4.0,408.421,,813.896
e-1915,1784417828116.5266,1784417828468,1784417828472.0,1784417828880.4214,351.473,4.0,408.421,,763.895
e-1916,1784417828166.5254,1784417828468,1784417828472.0,1784417828880.4219,301.475,4.0,408.422,,713.896
e-1917,1784417828216.5378,1784417828468,1784417828472.0,1784417828880.4224,251.462,4.0,408.422,,663.885
e-1918,1784417828266.516,1784417828468,1784417828472.0,1784417828880.4229,201.484,4.0,408.423,,613.907
e-1919,1784417828316.5322,1784417828468,1784417828472.0,1784417828880.4233,151.468,4.0,408.423,,563.891
e-1920,1784417828366.5283,1784417828468,1784417828472.0,1784417828880.4238,101.472,4.0,408.424,,513.896
e-1921,1784417828416.5308,1784417828468,1784417828472.0,1784417828880.4243,51.469,4.0,408.424,,463.894
e-1922,1784417828466.5317,1784417828468,1784417828472.0,1784417828880.4292,1.468,4.0,408.429,,413.897
e-1923,1784417828516.5276,1784417829519,1784417829525.0,1784417829888.9316,1002.472,6.0,363.932,,1372.404
e-1924,1784417828566.5288,1784417829519,1784417829525.0,1784417829888.9348,952.471,6.0,363.935,,1322.406
e-1925,1784417828616.5312,1784417829519,1784417829525.0,1784417829888.9358,902.469,6.0,363.936,,1272.405
e-1926,1784417828666.5505,1784417829519,1784417829525.0,1784417829888.947,852.449,6.0,363.947,,1222.396
e-1927,1784417828716.5164,1784417829519,1784417829525.0,1784417829888.9475,802.484,6.0,363.948,,1172.431
e-1928,1784417828766.532,1784417829519,1784417829525.0,1784417829888.948,752.468,6.0,363.948,,1122.416
e-1929,1784417828816.5522,1784417829519,1784417829525.0,1784417829888.9482,702.448,6.0,363.948,,1072.396
e-1930,1784417828866.5251,1784417829519,1784417829525.0,1784417829888.9485,652.475,6.0,363.948,,1022.423
e-1931,1784417828916.5266,1784417829519,1784417829525.0,1784417829888.9487,602.473,6.0,363.949,,972.422
e-1932,1784417828966.563,1784417829519,1784417829525.0,1784417829888.949,552.437,6.0,363.949,,922.386
e-1933,1784417829016.575,1784417829519,1784417829525.0,1784417829888.9492,502.425,6.0,363.949,,872.374
e-1934,1784417829066.5542,1784417829519,1784417829525.0,1784417829888.9514,452.446,6.0,363.951,,822.397
e-1935,1784417829116.5623,1784417829519,1784417829525.0,1784417829888.9517,402.438,6.0,363.952,,772.389
e-1936,1784417829166.563,1784417829519,1784417829525.0,1784417829888.9624,352.437,6.0,363.962,,722.399
e-1937,1784417829216.5344,1784417829519,1784417829525.0,1784417829888.9626,302.466,6.0,363.963,,672.428
e-1938,1784417829266.546,1784417829519,1784417829525.0,1784417829888.963,252.454,6.0,363.963,,622.417
e-1939,1784417829316.5332,1784417829519,1784417829525.0,1784417829888.9631,202.467,6.0,363.963,,572.43
e-1940,1784417829366.5396,1784417829519,1784417829525.0,1784417829888.9634,152.46,6.0,363.963,,522.424
e-1941,1784417829416.5305,1784417829519,1784417829525.0,1784417829888.9636,102.469,6.0,363.964,,472.433
e-1942,1784417829466.5293,1784417829519,1784417829525.0,1784417829888.9639,52.471,6.0,363.964,,422.435
e-1943,1784417829516.549,1784417829519,1784417829525.0,1784417829888.964,2.451,6.0,363.964,,372.415
e-1944,1784417829566.5298,1784417830568,1784417830572.0,1784417830781.0122,1001.47,4.0,209.012,,1214.482
e-1945,1784417829616.5198,1784417830568,1784417830573.0,1784417830781.0154,951.48,5.0,208.015,,1164.496
e-1946,1784417829666.5317,1784417830568,1784417830573.0,1784417830781.016,901.468,5.0,208.016,,1114.484
e-1947,1784417829716.5312,1784417830568,1784417830573.0,1784417830781.0295,851.469,5.0,208.03,,1064.498
e-1948,1784417829766.5227,1784417830568,1784417830573.0,1784417830781.03,801.477,5.0,208.03,,1014.507
e-1949,1784417829816.539,1784417830568,1784417830573.0,1784417830781.0305,751.461,5.0,208.031,,964.491
e-1950,1784417829866.5312,1784417830568,1784417830573.0,1784417830781.031,701.469,5.0,208.031,,914.5
e-1951,1784417829916.5283,1784417830568,1784417830573.0,1784417830781.0315,651.472,5.0,208.031,,864.503
e-1952,1784417829966.5193,1784417830568,1784417830573.0,1784417830781.0317,601.481,5.0,208.032,,814.512
e-1953,1784417830016.5398,1784417830568,1784417830573.0,1784417830781.0322,551.46,5.0,208.032,,764.492
e-1954,1784417830066.519,1784417830568,1784417830573.0,1784417830781.0327,501.481,5.0,208.033,,714.514
e-1955,1784417830116.5325,1784417830568,1784417830573.0,1784417830781.0332,451.468,5.0,208.033,,664.501
e-1956,1784417830166.5317,1784417830568,1784417830573.0,1784417830781.0337,401.468,5.0,208.034,,614.502
e-1957,1784417830216.5303,1784417830568,1784417830573.0,1784417830781.034,351.47,5.0,208.034,,564.504
e-1958,1784417830266.5303,1784417830568,1784417830573.0,1784417830781.0344,301.47,5.0,208.034,,514.504
e-1959,1784417830316.5571,1784417830568,1784417830573.0,1784417830781.035,251.443,5.0,208.035,,464.478
e-1960,1784417830366.5415,1784417830568,1784417830573.0,1784417830781.0354,201.458,5.0,208.035,,414.494
e-1961,1784417830416.5315,1784417830568,1784417830573.0,1784417830781.0356,151.469,5.0,208.036,,364.504
e-1962,1784417830466.5347,1784417830568,1784417830573.0,1784417830781.0361,101.465,5.0,208.036,,314.501
e-1963,1784417830516.5293,1784417830568,1784417830573.0,1784417830781.0366,51.471,5.0,208.037,,264.507
e-1964,1784417830566.5308,1784417830568,1784417830573.0,1784417830781.037,1.469,5.0,208.037,,214.506
e-1965,1784417830616.5303,1784417831618,1784417831621.0,1784417831783.0488,1001.47,3.0,162.049,,1166.519
e-1966,1784417830666.535,1784417831618,1784417831622.0,1784417831783.051,951.465,4.0,161.051,,1116.516
e-1967,1784417830716.5264,1784417831618,1784417831622.0,1784417831783.052,901.474,4.0,161.052,,1066.526
e-1968,1784417830766.5566,1784417831618,1784417831622.0,1784417831783.063,851.443,4.0,161.063,,1016.506
e-1969,1784417830816.5325,1784417831618,1784417831622.0,1784417831783.0632,801.468,4.0,161.063,,966.531
e-1970,1784417830866.5254,1784417831618,1784417831622.0,1784417831783.0637,751.475,4.0,161.064,,916.538
e-1971,1784417830916.529,1784417831618,1784417831622.0,1784417831783.064,701.471,4.0,161.064,,866.535
e-1972,1784417830966.5254,1784417831618,1784417831622.0,1784417831783.0645,651.475,4.0,161.064,,816.539
e-1973,1784417831016.5273,1784417831618,1784417831622.0,1784417831783.0647,601.473,4.0,161.065,,766.537
e-1974,1784417831066.526,1784417831618,1784417831622.0,1784417831783.0652,551.474,4.0,161.065,,716.539
e-1975,1784417831116.5479,1784417831618,1784417831622.0,1784417831783.0654,501.452,4.0,161.065,,666.518
e-1976,1784417831166.5476,1784417831618,1784417831622.0,1784417831783.066,451.452,4.0,161.066,,616.518
e-1977,1784417831216.5376,1784417831618,1784417831622.0,1784417831783.0662,401.462,4.0,161.066,,566.529
e-1978,1784417831266.5315,1784417831618,1784417831622.0,1784417831783.0664,351.469,4.0,161.066,,516.535
e-1979,1784417831316.5308,1784417831618,1784417831622.0,1784417831783.067,301.469,4.0,161.067,,466.536
e-1980,1784417831366.5378,1784417831618,1784417831622.0,1784417831783.0674,251.462,4.0,161.067,,416.53
e-1981,1784417831416.5444,1784417831618,1784417831622.0,1784417831783.0676,201.456,4.0,161.068,,366.523
e-1982,1784417831466.5317,1784417831618,1784417831622.0,1784417831783.068,151.468,4.0,161.068,,316.536
e-1983,1784417831516.5215,1784417831618,1784417831622.0,1784417831783.0684,101.479,4.0,161.068,,266.547
e-1984,1784417831566.5283,1784417831618,1784417831622.0,1784417831783.0686,51.472,4.0,161.069,,216.54
e-1985,1784417831616.5466,1784417831618,1784417831622.0,1784417831783.069,1.453,4.0,161.069,,166.522
e-1986,1784417831666.5386,1784417832320,1784417832324.0,1784417832886.546,653.461,4.0,562.546,,1220.007
e-1987,1784417831716.533,1784417832320,1784417832324.0,1784417832886.5498,603.467,4.0,562.55,,1170.017
e-1988,1784417831766.5618,1784417832320,1784417832324.0,1784417832886.5508,553.438,4.0,562.551,,1119.989
e-1989,1784417831816.5337,1784417832320,1784417832324.0,1784417832886.567,503.466,4.0,562.567,,1070.033
e-1990,1784417831866.5342,1784417832320,1784417832324.0,1784417832886.5676,453.466,4.0,562.568,,1020.033
e-1991,1784417831916.5486,1784417832320,1784417832324.0,1784417832886.5684,403.451,4.0,562.568,,970.02
e-1992,1784417831966.532,1784417832320,1784417832324.0,1784417832886.5693,353.468,4.0,562.569,,920.037
e-1993,1784417832016.5603,1784417832320,1784417832324.0,1784417832886.5703,303.44,4.0,562.57,,870.01
e-1994,1784417832066.5596,1784417832320,1784417832324.0,1784417832886.5708,253.44,4.0,562.571,,820.011
e-1995,1784417832116.5364,1784417832320,1784417832324.0,1784417832886.5715,203.464,4.0,562.572,,770.035
e-1996,1784417832166.5593,1784417832320,1784417832324.0,1784417832886.5728,153.441,4.0,562.573,,720.013
e-1997,1784417832216.531,1784417832320,1784417832324.0,1784417832886.5732,103.469,4.0,562.573,,670.042
e-1998,1784417832266.557,1784417832320,1784417832324.0,1784417832886.5737,53.443,4.0,562.574,,620.017
e-1999,1784417832316.5352,1784417832320,1784417832324.0,1784417832886.5742,3.465,4.0,562.574,,570.039
