event_id,t0_ms,t1_ms,t2_ms,t3_ms,write_to_input_append_latency_ms,input_append_to_result_emission_latency_ms,l_visibility_ms,l_closure_ms,latency_ms
tc-41-0,1784622510241.2483,1784622510813,1784622512033.0,1784622512742.1218,571.752,1220.0,709.122,1784622452033.0,2500.874
tc-19-0,1784622511141.2341,1784622511823,1784622512048.0,1784622512742.1245,681.766,225.0,694.125,1784622452048.0,1600.89
tc-9-0,1784622511321.2441,1784622511823,1784622512049.0,1784622512742.1255,501.756,226.0,693.125,1784622452049.0,1420.881
tc-64-0,1784622510731.2407,1784622510813,1784622512049.0,1784622512743.7205,81.759,1236.0,694.72,1784622452049.0,2012.48
tc-80-0,1784622510091.2458,1784622510813,1784622512049.0,1784622512743.7231,721.754,1236.0,694.723,1784622452049.0,2652.477
tc-59-0,1784622511111.2314,1784622511823,1784622512049.0,1784622512743.7378,711.769,226.0,694.738,1784622452049.0,1632.506
tc-45-0,1784622509091.2412,1784622509803,1784622512049.0,1784622512743.7393,711.759,2246.0,694.739,1784622452049.0,3652.498
tc-48-0,1784622510901.2388,1784622511823,1784622512049.0,1784622512743.7441,921.761,226.0,694.744,1784622452049.0,1842.505
tc-58-0,1784622511201.251,1784622511823,1784622512050.0,1784622512743.745,621.749,227.0,693.745,1784622452050.0,1542.494
tc-29-0,1784622509471.2415,1784622509803,1784622512050.0,1784622512743.7463,331.759,2247.0,693.746,1784622452050.0,3272.505
tc-84-0,1784622510391.2383,1784622510813,1784622512050.0,1784622512743.747,421.762,1237.0,693.747,1784622452050.0,2352.509
tc-74-0,1784622511341.2458,1784622511823,1784622512051.0,1784622512743.7473,481.754,228.0,692.747,1784622452051.0,1402.501
tc-38-0,1784622511391.252,1784622511823,1784622512051.0,1784622512743.7478,431.748,228.0,692.748,1784622452051.0,1352.496
tc-1-0,1784622511381.2324,1784622511823,1784622512051.0,1784622512743.7483,441.768,228.0,692.748,1784622452051.0,1362.516
tc-75-0,1784622511071.237,1784622511823,1784622512051.0,1784622512743.7485,751.763,228.0,692.749,1784622452051.0,1672.511
tc-23-0,1784622507631.2485,1784622507804,1784622512051.0,1784622512743.7488,172.751,4247.0,692.749,1784622452051.0,5112.5
tc-33-0,1784622510841.2542,1784622511823,1784622512051.0,1784622512743.7495,981.746,228.0,692.75,1784622452051.0,1902.495
tc-0-0,1784622511081.2314,1784622511823,1784622512051.0,1784622512743.75,741.769,228.0,692.75,1784622452051.0,1662.519
tc-4-0,1784622511251.2388,1784622511823,1784622512052.0,1784622512743.7502,571.761,229.0,691.75,1784622452052.0,1492.511
tc-6-0,1784622510581.2297,1784622510813,1784622512052.0,1784622512743.7505,231.77,1239.0,691.75,1784622452052.0,2162.521
tc-10-0,1784622510521.4475,1784622510813,1784622512052.0,1784622512743.751,291.552,1239.0,691.751,1784622452052.0,2222.303
tc-47-0,1784622510451.2378,1784622510813,1784622512052.0,1784622512743.7517,361.762,1239.0,691.752,1784622452052.0,2292.514
tc-65-0,1784622510431.2366,1784622510813,1784622512052.0,1784622512743.752,381.763,1239.0,691.752,1784622452052.0,2312.515
tc-43-0,1784622510911.2324,1784622511823,1784622512052.0,1784622512743.7524,911.768,229.0,691.752,1784622452052.0,1832.52
tc-86-0,1784622509891.2375,1784622510813,1784622512052.0,1784622512743.7527,921.762,1239.0,691.753,1784622452052.0,2852.515
tc-61-0,1784622510681.2368,1784622510813,1784622512053.0,1784622512743.7532,131.763,1240.0,690.753,1784622452053.0,2062.516
tc-71-0,1784622507921.2383,1784622508792,1784622512053.0,1784622512743.7537,870.762,3261.0,690.754,1784622452053.0,4822.515
tc-57-0,1784622511121.231,1784622511823,1784622512053.0,1784622512743.7544,701.769,230.0,690.754,1784622452053.0,1622.523
tc-26-0,1784622510511.197,1784622510813,1784622512053.0,1784622512743.759,301.803,1240.0,690.759,1784622452053.0,2232.562
tc-20-0,1784622509021.242,1784622509803,1784622512053.0,1784622512743.7595,781.758,2250.0,690.76,1784622452053.0,3722.518
tc-77-0,1784622510081.2417,1784622510813,1784622512053.0,1784622512743.76,731.758,1240.0,690.76,1784622452053.0,2662.518
tc-3-0,1784622510471.2412,1784622510813,1784622512053.0,1784622512743.7603,341.759,1240.0,690.76,1784622452053.0,2272.519
tc-81-0,1784622511291.2473,1784622511823,1784622512053.0,1784622512743.7605,531.753,230.0,690.76,1784622452053.0,1452.513
tc-68-0,1784622509611.2415,1784622509803,1784622512054.0,1784622512743.7615,191.759,2251.0,689.761,1784622452054.0,3132.52
tc-55-0,1784622506261.2644,1784622507804,1784622512054.0,1784622512743.762,1542.736,4250.0,689.762,1784622452054.0,6482.498
tc-17-0,1784622510781.236,1784622510813,1784622512054.0,1784622512743.7654,31.764,1241.0,689.765,1784622452054.0,1962.529
tc-15-0,1784622510701.249,1784622510813,1784622512054.0,1784622512743.7656,111.751,1241.0,689.766,1784622452054.0,2042.517
tc-52-0,1784622510881.2322,1784622511823,1784622512054.0,1784622512743.766,941.768,231.0,689.766,1784622452054.0,1862.534
tc-36-0,1784622510621.2422,1784622510813,1784622512054.0,1784622512743.7664,191.758,1241.0,689.766,1784622452054.0,2122.524
tc-60-0,1784622511061.2332,1784622511823,1784622512054.0,1784622512743.7668,761.767,231.0,689.767,1784622452054.0,1682.534
tc-56-0,1784622508221.2434,1784622508792,1784622512054.0,1784622512743.7673,570.757,3262.0,689.767,1784622452054.0,4522.524
tc-37-0,1784622509981.2393,1784622510813,1784622512055.0,1784622512743.768,831.761,1242.0,688.768,1784622452055.0,2762.529
tc-32-0,1784622511281.229,1784622511823,1784622512055.0,1784622512743.7686,541.771,232.0,688.769,1784622452055.0,1462.54
tc-27-0,1784622510971.2468,1784622511823,1784622512055.0,1784622512743.7693,851.753,232.0,688.769,1784622452055.0,1772.522
tc-22-0,1784622508681.2458,1784622508792,1784622512055.0,1784622512743.7698,110.754,3263.0,688.77,1784622452055.0,4062.524
tc-49-0,1784622511351.2441,1784622511823,1784622512055.0,1784622512743.77,471.756,232.0,688.77,1784622452055.0,1392.526
tc-78-0,1784622509761.2363,1784622509803,1784622512055.0,1784622512743.7703,41.764,2252.0,688.77,1784622452055.0,2982.534
tc-25-0,1784622510271.236,1784622510813,1784622512055.0,1784622512743.7708,541.764,1242.0,688.771,1784622452055.0,2472.535
tc-92-0,1784622511171.2402,1784622511823,1784622512056.0,1784622512743.771,651.76,233.0,687.771,1784622452056.0,1572.531
tc-30-0,1784622510831.2437,1784622511823,1784622512056.0,1784622512743.7715,991.756,233.0,687.771,1784622452056.0,1912.528
tc-42-0,1784622510761.237,1784622510813,1784622512056.0,1784622512743.7886,51.763,1243.0,687.789,1784622452056.0,1982.552
tc-82-0,1784622511181.2507,1784622511823,1784622512056.0,1784622512743.789,641.749,233.0,687.789,1784622452056.0,1562.538
tc-67-0,1784622511331.247,1784622511823,1784622512056.0,1784622512743.7896,491.753,233.0,687.79,1784622452056.0,1412.542
tc-66-0,1784622511151.23,1784622511823,1784622512056.0,1784622512743.7903,671.77,233.0,687.79,1784622452056.0,1592.56
tc-44-0,1784622510211.241,1784622510813,1784622512056.0,1784622512743.794,601.759,1243.0,687.794,1784622452056.0,2532.553
tc-18-0,1784622510201.247,1784622510813,1784622512056.0,1784622512743.7944,611.753,1243.0,687.794,1784622452056.0,2542.547
tc-96-0,1784622510551.2322,1784622510813,1784622512057.0,1784622512743.7947,261.768,1244.0,686.795,1784622452057.0,2192.562
tc-95-0,1784622509811.2625,1784622510813,1784622512057.0,1784622512743.795,1001.738,1244.0,686.795,1784622452057.0,2932.532
tc-94-0,1784622510641.2483,1784622510813,1784622512057.0,1784622512743.7954,171.752,1244.0,686.795,1784622452057.0,2102.547
tc-53-0,1784622510611.243,1784622510813,1784622512057.0,1784622512743.7957,201.757,1244.0,686.796,1784622452057.0,2132.553
tc-62-0,1784622510171.251,1784622510813,1784622512057.0,1784622512743.7961,641.749,1244.0,686.796,1784622452057.0,2572.545
tc-5-0,1784622511221.2458,1784622511823,1784622512057.0,1784622512743.7964,601.754,234.0,686.796,1784622452057.0,1522.551
tc-8-0,1784622510311.261,1784622510813,1784622512057.0,1784622512743.7966,501.739,1244.0,686.797,1784622452057.0,2432.536
tc-69-0,1784622508801.2175,1784622509803,1784622512057.0,1784622512743.797,1001.782,2254.0,686.797,1784622452057.0,3942.58
tc-85-0,1784622510691.2542,1784622510813,1784622512057.0,1784622512743.7976,121.746,1244.0,686.798,1784622452057.0,2052.543
tc-97-0,1784622511191.2473,1784622511823,1784622512058.0,1784622512743.7983,631.753,235.0,685.798,1784622452058.0,1552.551
tc-73-0,1784622506081.2495,1784622507804,1784622512058.0,1784622512743.7988,1722.75,4254.0,685.799,1784622452058.0,6662.549
tc-40-0,1784622510221.236,1784622510813,1784622512058.0,1784622512743.7993,591.764,1245.0,685.799,1784622452058.0,2522.563
tc-88-0,1784622509881.23,1784622510813,1784622512058.0,1784622512743.7996,931.77,1245.0,685.8,1784622452058.0,2862.57
tc-83-0,1784622510651.267,1784622510813,1784622512058.0,1784622512743.8,161.733,1245.0,685.8,1784622452058.0,2092.533
tc-46-0,1784622510941.232,1784622511823,1784622512058.0,1784622512743.807,881.768,235.0,685.807,1784622452058.0,1802.575
tc-11-0,1784622510821.2603,1784622511823,1784622512058.0,1784622512743.8074,1001.74,235.0,685.807,1784622452058.0,1922.547
tc-87-0,1784622511161.2383,1784622511823,1784622512058.0,1784622512743.8076,661.762,235.0,685.808,1784622452058.0,1582.569
tc-76-0,1784622511371.239,1784622511823,1784622512058.0,1784622512743.8103,451.761,235.0,685.81,1784622452058.0,1372.571
tc-90-0,1784622511051.2427,1784622511823,1784622512059.0,1784622512743.8108,771.757,236.0,684.811,1784622452059.0,1692.568
tc-70-0,1784622511211.2458,1784622511823,1784622512059.0,1784622512743.811,611.754,236.0,684.811,1784622452059.0,1532.565
tc-35-0,1784622510931.239,1784622511823,1784622512059.0,1784622512743.8135,891.761,236.0,684.813,1784622452059.0,1812.574
tc-51-0,1784622511001.2305,1784622511823,1784622512059.0,1784622512743.8142,821.77,236.0,684.814,1784622452059.0,1742.584
tc-50-0,1784622511091.2295,1784622511823,1784622512059.0,1784622512743.8167,731.771,236.0,684.817,1784622452059.0,1652.587
tc-31-0,1784622510991.23,1784622511823,1784622512059.0,1784622512743.817,831.77,236.0,684.817,1784622452059.0,1752.587
tc-16-0,1784622511271.2314,1784622511823,1784622512059.0,1784622512743.8171,551.769,236.0,684.817,1784622452059.0,1472.586
tc-98-0,1784622509751.235,1784622509803,1784622512059.0,1784622512743.8174,51.765,2256.0,684.817,1784622452059.0,2992.582
tc-14-0,1784622511311.2483,1784622511823,1784622512059.0,1784622512743.8176,511.752,236.0,684.818,1784622452059.0,1432.569
tc-21-0,1784622510601.2402,1784622510813,1784622512060.0,1784622512743.8179,211.76,1247.0,683.818,1784622452060.0,2142.578
tc-2-0,1784622511031.2307,1784622511823,1784622512060.0,1784622512743.8184,791.769,237.0,683.818,1784622452060.0,1712.588
tc-39-0,1784622511021.2546,1784622511823,1784622512060.0,1784622512743.8186,801.745,237.0,683.819,1784622452060.0,1722.564
tc-34-0,1784622510981.2344,1784622511823,1784622512060.0,1784622512743.8188,841.766,237.0,683.819,1784622452060.0,1762.584
tc-13-0,1784622511131.2336,1784622511823,1784622512060.0,1784622512743.819,691.766,237.0,683.819,1784622452060.0,1612.585
tc-89-0,1784622511301.2354,1784622511823,1784622512060.0,1784622512743.819,521.765,237.0,683.819,1784622452060.0,1442.584
tc-93-0,1784622510531.2815,1784622510813,1784622512061.0,1784622512743.8193,281.719,1248.0,682.819,1784622452061.0,2212.538
tc-54-0,1784622510461.2478,1784622510813,1784622512061.0,1784622512743.8196,351.752,1248.0,682.82,1784622452061.0,2282.572
tc-24-0,1784622510791.2412,1784622510813,1784622512061.0,1784622512743.8198,21.759,1248.0,682.82,1784622452061.0,1952.579
tc-12-0,1784622508101.2305,1784622508792,1784622512061.0,1784622512743.82,690.77,3269.0,682.82,1784622452061.0,4642.59
tc-7-0,1784622510921.249,1784622511823,1784622512061.0,1784622512743.8206,901.751,238.0,682.821,1784622452061.0,1822.572
tc-72-0,1784622511241.238,1784622511823,1784622512061.0,1784622512743.825,581.762,238.0,682.825,1784622452061.0,1502.587
tc-91-0,1784622511261.2415,1784622511823,1784622512062.0,1784622512743.9314,561.759,239.0,681.931,1784622452062.0,1482.69
tc-79-0,1784622508251.2383,1784622508792,1784622512062.0,1784622512743.9336,540.762,3270.0,681.934,1784622452062.0,4492.695
tc-28-0,1784622511361.2344,1784622511823,1784622512062.0,1784622512743.934,461.766,239.0,681.934,1784622452062.0,1382.7
tc-63-0,1784622510741.245,1784622510813,1784622512062.0,1784622512743.9348,71.755,1249.0,681.935,1784622452062.0,2002.69
tc-99-0,1784622508321.2375,1784622508792,1784622512062.0,1784622512743.9353,470.762,3270.0,681.935,1784622452062.0,4422.698
tc-63-60000,1784622516371.2463,1784622516874,1784622518039.0,1784622518589.7192,502.754,1165.0,550.719,1784622398039.0,2218.473
tc-33-60000,1784622517181.2412,1784622517884,1784622518041.0,1784622518589.7236,702.759,157.0,548.724,1784622398041.0,1408.482
tc-3-60000,1784622515761.2656,1784622515863,1784622518042.0,1784622518589.7375,101.734,2179.0,547.738,1784622398042.0,2828.472
tc-37-60000,1784622512931.2388,1784622513843,1784622518042.0,1784622518589.7385,911.761,4199.0,547.739,1784622398042.0,5658.5
tc-78-60000,1784622515211.2427,1784622515863,1784622518042.0,1784622518589.7393,651.757,2179.0,547.739,1784622398042.0,3378.497
tc-90-60000,1784622516171.2427,1784622516874,1784622518042.0,1784622518589.74,702.757,1168.0,547.74,1784622398042.0,2418.497
tc-30-60000,1784622515501.2493,1784622515863,1784622518042.0,1784622518589.745,361.751,2179.0,547.745,1784622398042.0,3088.496
tc-65-60000,1784622516321.2402,1784622516874,1784622518042.0,1784622518589.7458,552.76,1168.0,547.746,1784622398042.0,2268.506
tc-28-60000,1784622516991.2405,1784622517884,1784622518042.0,1784622518589.7468,892.76,158.0,547.747,1784622398042.0,1598.506
tc-20-60000,1784622517231.246,1784622517884,1784622518042.0,1784622518589.7505,652.754,158.0,547.75,1784622398042.0,1358.504
tc-61-60000,1784622515971.2476,1784622516874,1784622518042.0,1784622518589.7678,902.752,1168.0,547.768,1784622398042.0,2618.52
tc-64-60000,1784622516731.2407,1784622516874,1784622518042.0,1784622518589.7688,142.759,1168.0,547.769,1784622398042.0,1858.528
tc-59-60000,1784622517011.2446,1784622517884,1784622518043.0,1784622518589.7695,872.755,159.0,546.77,1784622398043.0,1578.525
tc-69-60000,1784622516521.2449,1784622516874,1784622518043.0,1784622518589.771,352.755,1169.0,546.771,1784622398043.0,2068.526
tc-12-60000,1784622516441.245,1784622516874,1784622518043.0,1784622518589.7717,432.755,1169.0,546.772,1784622398043.0,2148.527
tc-26-60000,1784622516941.249,1784622517884,1784622518043.0,1784622518589.7725,942.751,159.0,546.772,1784622398043.0,1648.523
tc-95-60000,1784622517081.238,1784622517884,1784622518043.0,1784622518589.7798,802.762,159.0,546.78,1784622398043.0,1508.542
tc-34-60000,1784622516741.2412,1784622516874,1784622518043.0,1784622518589.7805,132.759,1169.0,546.781,1784622398043.0,1848.539
tc-52-60000,1784622517271.2512,1784622517884,1784622518043.0,1784622518589.7812,612.749,159.0,546.781,1784622398043.0,1318.53
tc-47-60000,1784622516491.2349,1784622516874,1784622518043.0,1784622518589.782,382.765,1169.0,546.782,1784622398043.0,2098.547
tc-46-60000,1784622515841.254,1784622515863,1784622518043.0,1784622518589.7827,21.746,2180.0,546.783,1784622398043.0,2748.529
tc-36-60000,1784622516241.229,1784622516874,1784622518043.0,1784622518589.7834,632.771,1169.0,546.783,1784622398043.0,2348.554
tc-74-60000,1784622514671.237,1784622514854,1784622518044.0,1784622518589.8508,182.763,3190.0,545.851,1784622398044.0,3918.614
tc-14-60000,1784622516381.2551,1784622516874,1784622518044.0,1784622518589.8528,492.745,1170.0,545.853,1784622398044.0,2208.598
tc-9-60000,1784622515691.251,1784622515863,1784622518044.0,1784622518589.8538,171.749,2181.0,545.854,1784622398044.0,2898.603
tc-22-60000,1784622514621.2312,1784622514854,1784622518044.0,1784622518589.9067,232.769,3190.0,545.907,1784622398044.0,3968.676
tc-83-60000,1784622517301.2336,1784622517884,1784622518044.0,1784622518589.908,582.766,160.0,545.908,1784622398044.0,1288.674
tc-21-60000,1784622516851.236,1784622516874,1784622518044.0,1784622518589.9727,22.764,1170.0,545.973,1784622398044.0,1738.737
tc-44-60000,1784622517391.2454,1784622517884,1784622518044.0,1784622518589.974,492.755,160.0,545.974,1784622398044.0,1198.729
tc-4-60000,1784622516961.2485,1784622517884,1784622518045.0,1784622518589.9756,922.751,161.0,544.976,1784622398045.0,1628.727
tc-39-60000,1784622515661.254,1784622515863,1784622518045.0,1784622518589.9863,201.746,2182.0,544.986,1784622398045.0,2928.732
tc-43-60000,1784622513081.2356,1784622513843,1784622518045.0,1784622518589.9873,761.764,4202.0,544.987,1784622398045.0,5508.752
tc-5-60000,1784622515771.247,1784622515863,1784622518045.0,1784622518590.152,91.753,2182.0,545.152,1784622398045.0,2818.905
tc-98-60000,1784622516151.2466,1784622516874,1784622518045.0,1784622518590.1646,722.753,1171.0,545.165,1784622398045.0,2438.918
tc-86-60000,1784622517281.2373,1784622517884,1784622518045.0,1784622518590.1655,602.763,161.0,545.166,1784622398045.0,1308.928
tc-40-60000,1784622516011.2522,1784622516874,1784622518045.0,1784622518590.1663,862.748,1171.0,545.166,1784622398045.0,2578.914
tc-92-60000,1784622517111.2383,1784622517884,1784622518045.0,1784622518590.167,772.762,161.0,545.167,1784622398045.0,1478.929
tc-11-60000,1784622516201.203,1784622516874,1784622518045.0,1784622518590.1677,672.797,1171.0,545.168,1784622398045.0,2388.965
tc-45-60000,1784622513341.2375,1784622513843,1784622518045.0,1784622518590.1685,501.762,4202.0,545.168,1784622398045.0,5248.931
tc-56-60000,1784622515031.2576,1784622515863,1784622518046.0,1784622518590.1692,831.742,2183.0,544.169,1784622398046.0,3558.912
tc-93-60000,1784622516841.235,1784622516874,1784622518046.0,1784622518590.17,32.765,1172.0,544.17,1784622398046.0,1748.935
tc-87-60000,1784622515431.2432,1784622515863,1784622518046.0,1784622518590.171,431.757,2183.0,544.171,1784622398046.0,3158.928
tc-82-60000,1784622516711.251,1784622516874,1784622518046.0,1784622518590.1716,162.749,1172.0,544.172,1784622398046.0,1878.921
tc-38-60000,1784622516901.2395,1784622517884,1784622518046.0,1784622518590.182,982.76,162.0,544.182,1784622398046.0,1688.942
tc-68-60000,1784622516561.236,1784622516874,1784622518046.0,1784622518590.1829,312.764,1172.0,544.183,1784622398046.0,2028.947
tc-75-60000,1784622515831.248,1784622515863,1784622518046.0,1784622518590.2122,31.752,2183.0,544.212,1784622398046.0,2758.964
tc-62-60000,1784622517331.2354,1784622517884,1784622518046.0,1784622518590.213,552.765,162.0,544.213,1784622398046.0,1258.978
tc-17-60000,1784622514901.2488,1784622515863,1784622518046.0,1784622518590.2444,961.751,2183.0,544.244,1784622398046.0,3688.996
tc-2-60000,1784622516031.23,1784622516874,1784622518046.0,1784622518590.2454,842.77,1172.0,544.245,1784622398046.0,2559.015
tc-84-60000,1784622516861.2434,1784622516874,1784622518047.0,1784622518590.2468,12.757,1173.0,543.247,1784622398047.0,1729.003
tc-54-60000,1784622517241.2512,1784622517884,1784622518047.0,1784622518590.3826,642.749,163.0,543.383,1784622398047.0,1349.131
tc-58-60000,1784622517251.2505,1784622517884,1784622518047.0,1784622518590.3838,632.75,163.0,543.384,1784622398047.0,1339.133
tc-71-60000,1784622515001.2495,1784622515863,1784622518047.0,1784622518590.3848,861.75,2184.0,543.385,1784622398047.0,3589.135
tc-72-60000,1784622514811.2434,1784622514854,1784622518047.0,1784622518590.3855,42.757,3193.0,543.385,1784622398047.0,3779.142
tc-49-60000,1784622517321.239,1784622517884,1784622518047.0,1784622518590.3862,562.761,163.0,543.386,1784622398047.0,1269.147
tc-66-60000,1784622516801.2368,1784622516874,1784622518047.0,1784622518590.3872,72.763,1173.0,543.387,1784622398047.0,1789.15
tc-73-60000,1784622517071.2458,1784622517884,1784622518047.0,1784622518590.4404,812.754,163.0,543.44,1784622398047.0,1519.195
tc-24-60000,1784622516831.237,1784622516874,1784622518047.0,1784622518590.4424,42.763,1173.0,543.442,1784622398047.0,1759.205
tc-13-60000,1784622517341.231,1784622517884,1784622518048.0,1784622518590.443,542.769,164.0,542.443,1784622398048.0,1249.212
tc-16-60000,1784622515981.2454,1784622516874,1784622518048.0,1784622518590.4436,892.755,1174.0,542.444,1784622398048.0,2609.198
tc-18-60000,1784622517021.2405,1784622517884,1784622518048.0,1784622518590.454,862.76,164.0,542.454,1784622398048.0,1569.214
tc-10-60000,1784622516401.241,1784622516874,1784622518048.0,1784622518590.455,472.759,1174.0,542.455,1784622398048.0,2189.214
tc-25-60000,1784622517381.2437,1784622517884,1784622518048.0,1784622518590.4558,502.756,164.0,542.456,1784622398048.0,1209.212
tc-89-60000,1784622517191.238,1784622517884,1784622518048.0,1784622518590.4673,692.762,164.0,542.467,1784622398048.0,1399.229
tc-15-60000,1784622517161.239,1784622517884,1784622518048.0,1784622518590.474,722.761,164.0,542.474,1784622398048.0,1429.235
tc-97-60000,1784622514601.245,1784622514854,1784622518048.0,1784622518590.5596,252.755,3194.0,542.56,1784622398048.0,3989.314
tc-0-60000,1784622516261.2378,1784622516874,1784622518049.0,1784622518590.5608,612.762,1175.0,541.561,1784622398049.0,2329.323
tc-48-60000,1784622515561.2578,1784622515863,1784622518049.0,1784622518590.5613,301.742,2186.0,541.561,1784622398049.0,3029.303
tc-55-60000,1784622517171.236,1784622517884,1784622518049.0,1784622518590.5693,712.764,165.0,541.569,1784622398049.0,1419.333
tc-53-60000,1784622517201.2485,1784622517884,1784622518049.0,1784622518590.8027,682.751,165.0,541.803,1784622398049.0,1389.554
tc-91-60000,1784622517371.2441,1784622517884,1784622518049.0,1784622518590.8042,512.756,165.0,541.804,1784622398049.0,1219.56
tc-23-60000,1784622517291.2349,1784622517884,1784622518049.0,1784622518590.805,592.765,165.0,541.805,1784622398049.0,1299.57
tc-27-60000,1784622517361.24,1784622517884,1784622518049.0,1784622518590.811,522.76,165.0,541.811,1784622398049.0,1229.571
tc-6-60000,1784622515401.2478,1784622515863,1784622518049.0,1784622518590.813,461.752,2186.0,541.813,1784622398049.0,3189.565
tc-60-60000,1784622516102.5376,1784622516874,1784622518050.0,1784622518590.8137,771.462,1176.0,540.814,1784622398050.0,2488.276
tc-57-60000,1784622516631.2534,1784622516874,1784622518050.0,1784622518590.8142,242.747,1176.0,540.814,1784622398050.0,1959.561
tc-41-60000,1784622516821.2363,1784622516874,1784622518050.0,1784622518590.8154,52.764,1176.0,540.815,1784622398050.0,1769.579
tc-94-60000,1784622517051.2405,1784622517884,1784622518050.0,1784622518590.8162,832.76,166.0,540.816,1784622398050.0,1539.576
tc-19-60000,1784622516881.2646,1784622517884,1784622518050.0,1784622518590.817,1002.735,166.0,540.817,1784622398050.0,1709.552
tc-88-60000,1784622516671.244,1784622516874,1784622518050.0,1784622518590.8176,202.756,1176.0,540.818,1784622398050.0,1919.574
tc-1-60000,1784622515131.2578,1784622515863,1784622518050.0,1784622518590.8184,731.742,2187.0,540.818,1784622398050.0,3459.561
tc-99-60000,1784622517311.2378,1784622517884,1784622518050.0,1784622518590.819,572.762,166.0,540.819,1784622398050.0,1279.581
tc-29-60000,1784622517141.2456,1784622517884,1784622518051.0,1784622518590.8198,742.754,167.0,539.82,1784622398051.0,1449.574
tc-81-60000,1784622516391.2434,1784622516874,1784622518051.0,1784622518590.8203,482.757,1177.0,539.82,1784622398051.0,2199.577
tc-96-60000,1784622516751.237,1784622516874,1784622518051.0,1784622518590.827,122.763,1177.0,539.827,1784622398051.0,1839.59
tc-42-60000,1784622516701.2463,1784622516874,1784622518051.0,1784622518590.8276,172.754,1177.0,539.828,1784622398051.0,1889.581
tc-77-60000,1784622517031.2417,1784622517884,1784622518051.0,1784622518590.8286,852.758,167.0,539.829,1784622398051.0,1559.587
tc-8-60000,1784622515821.2373,1784622515863,1784622518051.0,1784622518590.8489,41.763,2188.0,539.849,1784622398051.0,2769.612
tc-50-60000,1784622516451.2305,1784622516874,1784622518051.0,1784622518590.8499,422.77,1177.0,539.85,1784622398051.0,2139.619
tc-76-60000,1784622515551.259,1784622515863,1784622518052.0,1784622518590.9084,311.741,2189.0,538.908,1784622398052.0,3039.649
tc-80-60000,1784622517001.2363,1784622517884,1784622518052.0,1784622518590.9092,882.764,168.0,538.909,1784622398052.0,1589.673
tc-51-60000,1784622517211.2437,1784622517884,1784622518052.0,1784622518590.9102,672.756,168.0,538.91,1784622398052.0,1379.667
tc-79-60000,1784622517261.2283,1784622517884,1784622518052.0,1784622518590.9106,622.772,168.0,538.911,1784622398052.0,1329.682
tc-7-60000,1784622515081.2468,1784622515863,1784622518052.0,1784622518590.9114,781.753,2189.0,538.911,1784622398052.0,3509.665
tc-70-60000,1784622516641.254,1784622516874,1784622518052.0,1784622518590.9434,232.746,1178.0,538.943,1784622398052.0,1949.689
tc-85-60000,1784622515861.2473,1784622515863,1784622518053.0,1784622518590.9443,1.753,2190.0,537.944,1784622398053.0,2729.697
tc-32-60000,1784622517351.2407,1784622517884,1784622518053.0,1784622518590.993,532.759,169.0,537.993,1784622398053.0,1239.752
tc-31-60000,1784622516781.2363,1784622516874,1784622518053.0,1784622518590.9941,92.764,1179.0,537.994,1784622398053.0,1809.758
tc-67-60000,1784622516231.2295,1784622516874,1784622518053.0,1784622518590.9949,642.771,1179.0,537.995,1784622398053.0,2359.765
tc-35-60000,1784622516911.2603,1784622517884,1784622518053.0,1784622518591.0022,972.74,169.0,538.002,1784622398053.0,1679.742
tc-65-120000,1784622523151.2432,1784622523944,1784622524047.0,1784622524660.1438,792.757,103.0,613.144,1784622344047.0,1508.901
tc-67-120000,1784622522651.2468,1784622522933,1784622524047.0,1784622524660.1501,281.753,1114.0,613.15,1784622344047.0,2008.903
tc-87-120000,1784622522601.249,1784622522933,1784622524047.0,1784622524660.1519,331.751,1114.0,613.152,1784622344047.0,2058.903
tc-16-120000,1784622522961.2402,1784622523944,1784622524047.0,1784622524660.1526,982.76,103.0,613.153,1784622344047.0,1698.912
tc-70-120000,1784622523271.2368,1784622523944,1784622524047.0,1784622524660.154,672.763,103.0,613.154,1784622344047.0,1388.917
tc-23-120000,1784622521641.2356,1784622521924,1784622524048.0,1784622524660.1548,282.764,2124.0,612.155,1784622344048.0,3018.919
tc-59-120000,1784622522921.2468,1784622522933,1784622524048.0,1784622524660.1555,11.753,1115.0,612.156,1784622344048.0,1738.909
tc-62-120000,1784622523221.2368,1784622523944,1784622524048.0,1784622524660.1565,722.763,104.0,612.156,1784622344048.0,1438.92
tc-29-120000,1784622522391.2466,1784622522933,1784622524048.0,1784622524660.1738,541.753,1115.0,612.174,1784622344048.0,2268.927
tc-20-120000,1784622521941.2434,1784622522933,1784622524048.0,1784622524660.1746,991.757,1115.0,612.175,1784622344048.0,2718.931
tc-86-120000,1784622523361.2415,1784622523944,1784622524048.0,1784622524660.175,582.759,104.0,612.175,1784622344048.0,1298.934
tc-99-120000,1784622521141.2373,1784622521924,1784622524048.0,1784622524660.1946,782.763,2124.0,612.195,1784622344048.0,3518.957
tc-85-120000,1784622522401.2505,1784622522933,1784622524048.0,1784622524660.1953,531.75,1115.0,612.195,1784622344048.0,2258.945
tc-82-120000,1784622522751.2502,1784622522933,1784622524048.0,1784622524660.1958,181.75,1115.0,612.196,1784622344048.0,1908.946
tc-2-120000,1784622523261.2363,1784622523944,1784622524048.0,1784622524660.1963,682.764,104.0,612.196,1784622344048.0,1398.96
tc-60-120000,1784622523111.2522,1784622523944,1784622524049.0,1784622524660.197,832.748,105.0,611.197,1784622344049.0,1548.945
tc-5-120000,1784622522851.23,1784622522933,1784622524049.0,1784622524660.1975,81.77,1116.0,611.198,1784622344049.0,1808.968
tc-42-120000,1784622522521.2527,1784622522933,1784622524049.0,1784622524660.198,411.747,1116.0,611.198,1784622344049.0,2138.945
tc-50-120000,1784622522711.2568,1784622522933,1784622524049.0,1784622524660.1985,221.743,1116.0,611.198,1784622344049.0,1948.942
tc-53-120000,1784622521501.246,1784622521924,1784622524049.0,1784622524660.199,422.754,2125.0,611.199,1784622344049.0,3158.953
tc-28-120000,1784622523351.246,1784622523944,1784622524049.0,1784622524660.1995,592.754,105.0,611.199,1784622344049.0,1308.953
tc-12-120000,1784622522811.2434,1784622522933,1784622524049.0,1784622524660.2083,121.757,1116.0,611.208,1784622344049.0,1848.965
tc-96-120000,1784622522061.2588,1784622522933,1784622524049.0,1784622524660.209,871.741,1116.0,611.209,1784622344049.0,2598.95
tc-89-120000,1784622522271.25,1784622522933,1784622524049.0,1784622524660.2576,661.75,1116.0,611.258,1784622344049.0,2389.008
tc-55-120000,1784622522671.252,1784622522933,1784622524049.0,1784622524660.2593,261.748,1116.0,611.259,1784622344049.0,1989.007
tc-34-120000,1784622522911.2568,1784622522933,1784622524050.0,1784622524660.2603,21.743,1117.0,610.26,1784622344050.0,1749.003
tc-97-120000,1784622522341.2485,1784622522933,1784622524050.0,1784622524660.2837,591.751,1117.0,610.284,1784622344050.0,2319.035
tc-48-120000,1784622522051.25,1784622522933,1784622524050.0,1784622524660.3633,881.75,1117.0,610.363,1784622344050.0,2609.113
tc-64-120000,1784622522681.2546,1784622522933,1784622524050.0,1784622524660.3643,251.745,1117.0,610.364,1784622344050.0,1979.11
tc-24-120000,1784622522221.25,1784622522933,1784622524050.0,1784622524660.3652,711.75,1117.0,610.365,1784622344050.0,2439.115
tc-15-120000,1784622522951.2449,1784622523944,1784622524050.0,1784622524660.374,992.755,106.0,610.374,1784622344050.0,1709.129
tc-13-120000,1784622523341.235,1784622523944,1784622524050.0,1784622524660.3752,602.765,106.0,610.375,1784622344050.0,1319.14
tc-98-120000,1784622521651.2312,1784622521924,1784622524050.0,1784622524660.3809,272.769,2126.0,610.381,1784622344050.0,3009.15
tc-33-120000,1784622521471.2322,1784622521924,1784622524050.0,1784622524660.3823,452.768,2126.0,610.382,1784622344050.0,3189.15
tc-47-120000,1784622521951.2458,1784622522933,1784622524050.0,1784622524660.3835,981.754,1117.0,610.384,1784622344050.0,2709.138
tc-91-120000,1784622522041.2551,1784622522933,1784622524050.0,1784622524660.397,891.745,1117.0,610.397,1784622344050.0,2619.142
tc-43-120000,1784622523381.2358,1784622523944,1784622524051.0,1784622524660.3977,562.764,107.0,609.398,1784622344051.0,1279.162
tc-4-120000,1784622522801.2493,1784622522933,1784622524051.0,1784622524660.3982,131.751,1118.0,609.398,1784622344051.0,1859.149
tc-83-120000,1784622520971.2407,1784622521924,1784622524051.0,1784622524660.399,952.759,2127.0,609.399,1784622344051.0,3689.158
tc-35-120000,1784622521721.2522,1784622521924,1784622524051.0,1784622524660.3994,202.748,2127.0,609.399,1784622344051.0,2939.147
tc-39-120000,1784622523121.238,1784622523944,1784622524051.0,1784622524660.425,822.762,107.0,609.425,1784622344051.0,1539.187
tc-40-120000,1784622521361.2427,1784622521924,1784622524051.0,1784622524661.9941,562.757,2127.0,610.994,1784622344051.0,3300.751
tc-81-120000,1784622522441.251,1784622522933,1784622524051.0,1784622524661.9963,491.749,1118.0,610.996,1784622344051.0,2220.745
tc-31-120000,1784622523131.238,1784622523944,1784622524051.0,1784622524662.0005,812.762,107.0,611.0,1784622344051.0,1530.762
tc-22-120000,1784622522301.2495,1784622522933,1784622524051.0,1784622524662.009,631.75,1118.0,611.009,1784622344051.0,2360.76
tc-93-120000,1784622522091.2444,1784622522933,1784622524051.0,1784622524662.01,841.756,1118.0,611.01,1784622344051.0,2570.766
tc-36-120000,1784622523231.2397,1784622523944,1784622524051.0,1784622524662.0107,712.76,107.0,611.011,1784622344051.0,1430.771
tc-21-120000,1784622522881.2454,1784622522933,1784622524051.0,1784622524662.0115,51.755,1118.0,611.011,1784622344051.0,1780.766
tc-30-120000,1784622523201.2485,1784622523944,1784622524052.0,1784622524662.0122,742.751,108.0,610.012,1784622344052.0,1460.764
tc-25-120000,1784622521671.2349,1784622521924,1784622524052.0,1784622524662.013,252.765,2128.0,610.013,1784622344052.0,2990.778
tc-3-120000,1784622522191.2534,1784622522933,1784622524052.0,1784622524662.014,741.747,1119.0,610.014,1784622344052.0,2470.76
tc-75-120000,1784622522381.2427,1784622522933,1784622524052.0,1784622524662.0144,551.757,1119.0,610.014,1784622344052.0,2280.772
tc-66-120000,1784622523311.2395,1784622523944,1784622524052.0,1784622524662.0198,632.76,108.0,610.02,1784622344052.0,1350.78
tc-80-120000,1784622522631.255,1784622522933,1784622524052.0,1784622524662.0208,301.745,1119.0,610.021,1784622344052.0,2030.766
tc-79-120000,1784622522151.2432,1784622522933,1784622524052.0,1784622524662.0212,781.757,1119.0,610.021,1784622344052.0,2510.778
tc-95-120000,1784622521131.239,1784622521924,1784622524052.0,1784622524662.022,792.761,2128.0,610.022,1784622344052.0,3530.783
tc-57-120000,1784622522101.2505,1784622522933,1784622524052.0,1784622524662.0227,831.75,1119.0,610.023,1784622344052.0,2560.772
tc-6-120000,1784622522491.23,1784622522933,1784622524052.0,1784622524662.0234,441.77,1119.0,610.023,1784622344052.0,2170.793
tc-8-120000,1784622522661.2625,1784622522933,1784622524053.0,1784622524662.024,271.738,1120.0,609.024,1784622344053.0,2000.761
tc-38-120000,1784622519131.2456,1784622519903,1784622524053.0,1784622524662.0247,771.754,4150.0,609.025,1784622344053.0,5530.779
tc-76-120000,1784622522461.254,1784622522933,1784622524053.0,1784622524662.0256,471.746,1120.0,609.026,1784622344053.0,2200.772
tc-1-120000,1784622523181.2437,1784622523944,1784622524053.0,1784622524662.0261,762.756,109.0,609.026,1784622344053.0,1480.782
tc-45-120000,1784622523391.2434,1784622523944,1784622524053.0,1784622524662.0266,552.757,109.0,609.027,1784622344053.0,1270.783
tc-78-120000,1784622523101.2505,1784622523944,1784622524053.0,1784622524662.0305,842.75,109.0,609.031,1784622344053.0,1560.78
tc-61-120000,1784622521421.25,1784622521924,1784622524053.0,1784622524662.031,502.75,2129.0,609.031,1784622344053.0,3240.781
tc-84-120000,1784622523301.2449,1784622523944,1784622524053.0,1784622524662.0317,642.755,109.0,609.032,1784622344053.0,1360.787
tc-9-120000,1784622521181.243,1784622521924,1784622524053.0,1784622524662.032,742.757,2129.0,609.032,1784622344053.0,3480.789
tc-46-120000,1784622523081.2507,1784622523944,1784622524053.0,1784622524662.0325,862.749,109.0,609.032,1784622344053.0,1580.782
tc-49-120000,1784622523161.25,1784622523944,1784622524054.0,1784622524662.0334,782.75,110.0,608.033,1784622344054.0,1500.783
tc-73-120000,1784622522251.2476,1784622522933,1784622524054.0,1784622524662.0354,681.752,1121.0,608.035,1784622344054.0,2410.788
tc-52-120000,1784622522981.2356,1784622523944,1784622524054.0,1784622524662.036,962.764,110.0,608.036,1784622344054.0,1680.8
tc-54-120000,1784622522621.549,1784622522933,1784622524054.0,1784622524662.0364,311.451,1121.0,608.036,1784622344054.0,2040.487
tc-18-120000,1784622522941.2412,1784622523944,1784622524054.0,1784622524662.037,1002.759,110.0,608.037,1784622344054.0,1720.796
tc-10-120000,1784622521681.238,1784622521924,1784622524054.0,1784622524662.0376,242.762,2130.0,608.038,1784622344054.0,2980.8
tc-72-120000,1784622522541.2454,1784622522933,1784622524054.0,1784622524662.038,391.755,1121.0,608.038,1784622344054.0,2120.793
tc-90-120000,1784622521751.2607,1784622521924,1784622524054.0,1784622524662.042,172.739,2130.0,608.042,1784622344054.0,2910.781
tc-41-120000,1784622522581.2378,1784622522933,1784622524054.0,1784622524662.0425,351.762,1121.0,608.042,1784622344054.0,2080.805
tc-17-120000,1784622522701.252,1784622522933,1784622524054.0,1784622524662.0427,231.748,1121.0,608.043,1784622344054.0,1960.791
tc-37-120000,1784622522971.2407,1784622523944,1784622524055.0,1784622524662.0432,972.759,111.0,607.043,1784622344055.0,1690.802
tc-92-120000,1784622521811.2617,1784622521924,1784622524055.0,1784622524662.0437,112.738,2131.0,607.044,1784622344055.0,2850.782
tc-44-120000,1784622523291.2363,1784622523944,1784622524055.0,1784622524662.0442,652.764,111.0,607.044,1784622344055.0,1370.808
tc-14-120000,1784622522861.2449,1784622522933,1784622524055.0,1784622524662.0447,71.755,1122.0,607.045,1784622344055.0,1800.8
tc-56-120000,1784622523321.2393,1784622523944,1784622524055.0,1784622524662.0452,622.761,111.0,607.045,1784622344055.0,1340.806
tc-63-120000,1784622521861.2449,1784622521924,1784622524055.0,1784622524662.0457,62.755,2131.0,607.046,1784622344055.0,2800.801
tc-11-120000,1784622523011.2458,1784622523944,1784622524055.0,1784622524662.1035,932.754,111.0,607.104,1784622344055.0,1650.858
tc-88-120000,1784622523041.2463,1784622523944,1784622524055.0,1784622524662.1042,902.754,111.0,607.104,1784622344055.0,1620.858
tc-68-120000,1784622522931.2495,1784622522933,1784622524055.0,1784622524662.1086,1.75,1122.0,607.109,1784622344055.0,1730.859
tc-51-120000,1784622522561.2427,1784622522933,1784622524055.0,1784622524662.1091,371.757,1122.0,607.109,1784622344055.0,2100.866
tc-19-120000,1784622523371.2366,1784622523944,1784622524055.0,1784622524662.1096,572.763,111.0,607.11,1784622344055.0,1290.873
tc-74-120000,1784622523171.238,1784622523944,1784622524056.0,1784622524662.11,772.762,112.0,606.11,1784622344056.0,1490.872
tc-0-120000,1784622521971.2498,1784622522933,1784622524056.0,1784622524662.1104,961.75,1123.0,606.11,1784622344056.0,2690.861
tc-26-120000,1784622521731.2512,1784622521924,1784622524056.0,1784622524662.1108,192.749,2132.0,606.111,1784622344056.0,2930.86
tc-77-120000,1784622523281.2366,1784622523944,1784622524056.0,1784622524662.1113,662.763,112.0,606.111,1784622344056.0,1380.875
tc-69-120000,1784622523021.2349,1784622523944,1784622524056.0,1784622524662.115,922.765,112.0,606.115,1784622344056.0,1640.88
tc-7-120000,1784622523251.2354,1784622523944,1784622524056.0,1784622524662.1155,692.765,112.0,606.115,1784622344056.0,1410.88
tc-71-120000,1784622523211.2415,1784622523944,1784622524056.0,1784622524662.116,732.759,112.0,606.116,1784622344056.0,1450.875
tc-27-120000,1784622523241.24,1784622523944,1784622524056.0,1784622524662.1165,702.76,112.0,606.116,1784622344056.0,1420.876
tc-94-120000,1784622523331.2405,1784622523944,1784622524056.0,1784622524662.117,612.76,112.0,606.117,1784622344056.0,1330.876
tc-32-120000,1784622521441.2236,1784622521924,1784622524056.0,1784622524662.1174,482.776,2132.0,606.117,1784622344056.0,3220.894
tc-58-120000,1784622523031.2478,1784622523944,1784622524056.0,1784622524662.118,912.752,112.0,606.118,1784622344056.0,1630.87
tc-94-180000,1784622529091.2488,1784622530003,1784622530052.0,1784622530570.0818,911.751,49.0,518.082,1784622290052.0,1478.833
tc-58-180000,1784622528861.2517,1784622528993,1784622530052.0,1784622530570.084,131.748,1059.0,518.084,1784622290052.0,1708.832
tc-70-180000,1784622529331.2478,1784622530003,1784622530052.0,1784622530570.085,671.752,49.0,518.085,1784622290052.0,1238.837
tc-23-180000,1784622528631.2646,1784622528993,1784622530053.0,1784622530570.0854,361.735,1060.0,517.085,1784622290053.0,1938.821
tc-54-180000,1784622529011.2312,1784622530003,1784622530053.0,1784622530570.086,991.769,50.0,517.086,1784622290053.0,1558.855
tc-68-180000,1784622527521.2595,1784622527983,1784622530053.0,1784622530570.0864,461.74,2070.0,517.086,1784622290053.0,3048.827
tc-82-180000,1784622528641.249,1784622528993,1784622530053.0,1784622530570.0874,351.751,1060.0,517.087,1784622290053.0,1928.838
tc-25-180000,1784622529001.2395,1784622530003,1784622530053.0,1784622530570.088,1001.76,50.0,517.088,1784622290053.0,1568.848
tc-1-180000,1784622526871.237,1784622526973,1784622530053.0,1784622530570.0889,101.763,3080.0,517.089,1784622290053.0,3698.852
tc-9-180000,1784622529071.2473,1784622530003,1784622530053.0,1784622530570.1016,931.753,50.0,517.102,1784622290053.0,1498.854
tc-59-180000,1784622529391.2415,1784622530003,1784622530053.0,1784622530570.102,611.759,50.0,517.102,1784622290053.0,1178.861
tc-38-180000,1784622529301.2502,1784622530003,1784622530053.0,1784622530570.1028,701.75,50.0,517.103,1784622290053.0,1268.853
tc-42-180000,1784622528841.2498,1784622528993,1784622530053.0,1784622530570.1033,151.75,1060.0,517.103,1784622290053.0,1728.854
tc-55-180000,1784622526841.2373,1784622526973,1784622530054.0,1784622530570.104,131.763,3081.0,516.104,1784622290054.0,3728.867
tc-7-180000,1784622529151.2559,1784622530003,1784622530054.0,1784622530570.1042,851.744,51.0,516.104,1784622290054.0,1418.848
tc-18-180000,1784622529061.2522,1784622530003,1784622530054.0,1784622530570.1165,941.748,51.0,516.116,1784622290054.0,1508.864
tc-91-180000,1784622526801.2395,1784622526973,1784622530054.0,1784622530570.117,171.76,3081.0,516.117,1784622290054.0,3768.877
tc-21-180000,1784622529281.2488,1784622530003,1784622530054.0,1784622530570.1174,721.751,51.0,516.117,1784622290054.0,1288.869
tc-15-180000,1784622526561.233,1784622526973,1784622530054.0,1784622530570.1177,411.767,3081.0,516.118,1784622290054.0,4008.885
tc-92-180000,1784622528031.2422,1784622528993,1784622530054.0,1784622530570.1182,961.758,1061.0,516.118,1784622290054.0,2538.876
tc-41-180000,1784622529171.2534,1784622530003,1784622530054.0,1784622530570.1187,831.747,51.0,516.119,1784622290054.0,1398.865
tc-5-180000,1784622528141.2378,1784622528993,1784622530054.0,1784622530570.1191,851.762,1061.0,516.119,1784622290054.0,2428.881
tc-30-180000,1784622529211.24,1784622530003,1784622530054.0,1784622530570.1199,791.76,51.0,516.12,1784622290054.0,1358.88
tc-37-180000,1784622528501.2415,1784622528993,1784622530055.0,1784622530570.1204,491.759,1062.0,515.12,1784622290055.0,2068.879
tc-28-180000,1784622527901.2378,1784622527983,1784622530055.0,1784622530570.1208,81.762,2072.0,515.121,1784622290055.0,2668.883
tc-32-180000,1784622528541.2424,1784622528993,1784622530055.0,1784622530570.121,451.758,1062.0,515.121,1784622290055.0,2028.879
tc-50-180000,1784622529261.2493,1784622530003,1784622530055.0,1784622530570.1216,741.751,52.0,515.122,1784622290055.0,1308.872
tc-14-180000,1784622528471.2324,1784622528993,1784622530055.0,1784622530570.122,521.768,1062.0,515.122,1784622290055.0,2098.89
tc-2-180000,1784622528851.2488,1784622528993,1784622530055.0,1784622530570.1223,141.751,1062.0,515.122,1784622290055.0,1718.874
tc-36-180000,1784622529041.2559,1784622530003,1784622530055.0,1784622530570.1228,961.744,52.0,515.123,1784622290055.0,1528.867
tc-73-180000,1784622529021.2468,1784622530003,1784622530055.0,1784622530570.123,981.753,52.0,515.123,1784622290055.0,1548.876
tc-4-180000,1784622528971.251,1784622528993,1784622530055.0,1784622530570.7434,21.749,1062.0,515.743,1784622290055.0,1599.492
tc-85-180000,1784622529241.252,1784622530003,1784622530055.0,1784622530570.7441,761.748,52.0,515.744,1784622290055.0,1329.492
tc-57-180000,1784622528681.247,1784622528993,1784622530055.0,1784622530570.7446,311.753,1062.0,515.745,1784622290055.0,1889.498
tc-66-180000,1784622525951.2388,1784622525963,1784622530056.0,1784622530570.747,11.761,4093.0,514.747,1784622290056.0,4619.508
tc-95-180000,1784622527821.251,1784622527983,1784622530056.0,1784622530570.7473,161.749,2073.0,514.747,1784622290056.0,2749.496
tc-90-180000,1784622528181.2397,1784622528993,1784622530056.0,1784622530570.7476,811.76,1063.0,514.748,1784622290056.0,2389.508
tc-19-180000,1784622529221.2349,1784622530003,1784622530056.0,1784622530570.7478,781.765,53.0,514.748,1784622290056.0,1349.513
tc-16-180000,1784622528741.2593,1784622528993,1784622530056.0,1784622530570.748,251.741,1063.0,514.748,1784622290056.0,1829.489
tc-97-180000,1784622529081.2505,1784622530003,1784622530056.0,1784622530570.7483,921.75,53.0,514.748,1784622290056.0,1489.498
tc-47-180000,1784622529191.2432,1784622530003,1784622530056.0,1784622530570.7488,811.757,53.0,514.749,1784622290056.0,1379.506
tc-27-180000,1784622528761.2466,1784622528993,1784622530056.0,1784622530570.7488,231.753,1063.0,514.749,1784622290056.0,1809.502
tc-78-180000,1784622528701.2517,1784622528993,1784622530056.0,1784622530570.749,291.748,1063.0,514.749,1784622290056.0,1869.497
tc-35-180000,1784622526671.2437,1784622526973,1784622530056.0,1784622530570.7493,301.756,3083.0,514.749,1784622290056.0,3899.506
tc-60-180000,1784622528661.2473,1784622528993,1784622530057.0,1784622530570.7495,331.753,1064.0,513.75,1784622290057.0,1909.502
tc-26-180000,1784622529231.2412,1784622530003,1784622530057.0,1784622530570.7498,771.759,54.0,513.75,1784622290057.0,1339.509
tc-86-180000,1784622528401.2283,1784622528993,1784622530057.0,1784622530570.75,591.772,1064.0,513.75,1784622290057.0,2169.522
tc-96-180000,1784622528011.239,1784622528993,1784622530057.0,1784622530570.7693,981.761,1064.0,513.769,1784622290057.0,2559.53
tc-84-180000,1784622527721.2495,1784622527983,1784622530057.0,1784622530570.7695,261.75,2074.0,513.77,1784622290057.0,2849.52
tc-79-180000,1784622528751.2502,1784622528993,1784622530057.0,1784622530570.7698,241.75,1064.0,513.77,1784622290057.0,1819.52
tc-61-180000,1784622529181.2554,1784622530003,1784622530057.0,1784622530570.7703,821.745,54.0,513.77,1784622290057.0,1389.515
tc-48-180000,1784622528522.5317,1784622528993,1784622530057.0,1784622530570.7705,470.468,1064.0,513.771,1784622290057.0,2048.239
tc-81-180000,1784622529111.2322,1784622530003,1784622530057.0,1784622530570.7708,891.768,54.0,513.771,1784622290057.0,1459.539
tc-93-180000,1784622529321.2402,1784622530003,1784622530057.0,1784622530570.7715,681.76,54.0,513.771,1784622290057.0,1249.531
tc-69-180000,1784622528061.2314,1784622528993,1784622530057.0,1784622530570.7717,931.769,1064.0,513.772,1784622290057.0,2509.54
tc-10-180000,1784622529361.2502,1784622530003,1784622530058.0,1784622530570.772,641.75,55.0,512.772,1784622290058.0,1209.522
tc-17-180000,1784622528961.2537,1784622528993,1784622530058.0,1784622530570.7742,31.746,1065.0,512.774,1784622290058.0,1609.521
tc-33-180000,1784622528931.2498,1784622528993,1784622530058.0,1784622530570.7744,61.75,1065.0,512.774,1784622290058.0,1639.525
tc-62-180000,1784622528341.2346,1784622528993,1784622530058.0,1784622530570.7747,651.765,1065.0,512.775,1784622290058.0,2229.54
tc-67-180000,1784622528951.25,1784622528993,1784622530058.0,1784622530570.775,41.75,1065.0,512.775,1784622290058.0,1619.525
tc-99-180000,1784622526341.2363,1784622526973,1784622530058.0,1784622530570.7751,631.764,3085.0,512.775,1784622290058.0,4229.539
tc-80-180000,1784622528881.2515,1784622528993,1784622530058.0,1784622530570.7756,111.749,1065.0,512.776,1784622290058.0,1689.524
tc-45-180000,1784622528811.2488,1784622528993,1784622530058.0,1784622530570.776,181.751,1065.0,512.776,1784622290058.0,1759.527
tc-89-180000,1784622528151.2363,1784622528993,1784622530058.0,1784622530570.778,841.764,1065.0,512.778,1784622290058.0,2419.542
tc-40-180000,1784622526071.235,1784622526973,1784622530059.0,1784622530570.7783,901.765,3086.0,511.778,1784622290059.0,4499.543
tc-76-180000,1784622528651.2532,1784622528993,1784622530059.0,1784622530570.7786,341.747,1066.0,511.779,1784622290059.0,1919.525
tc-53-180000,1784622527751.2402,1784622527983,1784622530059.0,1784622530570.7788,231.76,2076.0,511.779,1784622290059.0,2819.539
tc-44-180000,1784622529121.2334,1784622530003,1784622530059.0,1784622530570.779,881.767,56.0,511.779,1784622290059.0,1449.546
tc-8-180000,1784622529291.2512,1784622530003,1784622530059.0,1784622530570.7793,711.749,56.0,511.779,1784622290059.0,1279.528
tc-34-180000,1784622528561.2393,1784622528993,1784622530059.0,1784622530570.7795,431.761,1066.0,511.78,1784622290059.0,2009.54
tc-6-180000,1784622528131.2512,1784622528993,1784622530059.0,1784622530570.7798,861.749,1066.0,511.78,1784622290059.0,2439.529
tc-77-180000,1784622528871.2493,1784622528993,1784622530059.0,1784622530570.78,121.751,1066.0,511.78,1784622290059.0,1699.531
tc-63-180000,1784622525941.2466,1784622525963,1784622530059.0,1784622530570.7803,21.753,4096.0,511.78,1784622290059.0,4629.534
tc-29-180000,1784622528691.241,1784622528993,1784622530060.0,1784622530570.7822,301.759,1067.0,510.782,1784622290060.0,1879.541
tc-64-180000,1784622528601.241,1784622528993,1784622530060.0,1784622530570.7932,391.759,1067.0,510.793,1784622290060.0,1969.552
tc-11-180000,1784622528201.2444,1784622528993,1784622530060.0,1784622530570.7935,791.756,1067.0,510.793,1784622290060.0,2369.549
tc-83-180000,1784622526931.249,1784622526973,1784622530060.0,1784622530570.7937,41.751,3087.0,510.794,1784622290060.0,3639.545
tc-24-180000,1784622529351.252,1784622530003,1784622530060.0,1784622530570.794,651.748,57.0,510.794,1784622290060.0,1219.542
tc-39-180000,1784622529311.2446,1784622530003,1784622530060.0,1784622530570.7942,691.755,57.0,510.794,1784622290060.0,1259.55
tc-72-180000,1784622528941.253,1784622528993,1784622530060.0,1784622530570.8193,51.747,1067.0,510.819,1784622290060.0,1629.566
tc-51-180000,1784622529251.2573,1784622530003,1784622530060.0,1784622530570.8206,751.743,57.0,510.821,1784622290060.0,1319.563
tc-98-180000,1784622529271.2517,1784622530003,1784622530060.0,1784622530570.8208,731.748,57.0,510.821,1784622290060.0,1299.569
tc-87-180000,1784622528511.2375,1784622528993,1784622530060.0,1784622530570.821,481.762,1067.0,510.821,1784622290060.0,2059.583
tc-75-180000,1784622527941.2356,1784622527983,1784622530060.0,1784622530570.8213,41.764,2077.0,510.821,1784622290060.0,2629.586
tc-88-180000,1784622528551.234,1784622528993,1784622530061.0,1784622530570.8213,441.766,1068.0,509.821,1784622290061.0,2019.587
tc-52-180000,1784622527961.2368,1784622527983,1784622530061.0,1784622530570.8215,21.763,2078.0,509.822,1784622290061.0,2609.585
tc-56-180000,1784622528571.2383,1784622528993,1784622530061.0,1784622530570.8218,421.762,1068.0,509.822,1784622290061.0,1999.583
tc-3-180000,1784622528581.2366,1784622528993,1784622530061.0,1784622530570.822,411.763,1068.0,509.822,1784622290061.0,1989.585
tc-12-180000,1784622529031.2524,1784622530003,1784622530061.0,1784622530570.8223,971.748,58.0,509.822,1784622290061.0,1539.57
tc-0-180000,1784622528821.2517,1784622528993,1784622530061.0,1784622530570.8225,171.748,1068.0,509.823,1784622290061.0,1749.571
tc-20-180000,1784622528671.2505,1784622528993,1784622530061.0,1784622530570.8228,321.75,1068.0,509.823,1784622290061.0,1899.572
tc-65-180000,1784622529101.25,1784622530003,1784622530061.0,1784622530570.823,901.75,58.0,509.823,1784622290061.0,1469.573
tc-43-180000,1784622529342.542,1784622530003,1784622530061.0,1784622530570.8232,660.458,58.0,509.823,1784622290061.0,1228.281
tc-31-180000,1784622529201.252,1784622530003,1784622530061.0,1784622530570.8235,801.748,58.0,509.823,1784622290061.0,1369.572
tc-46-180000,1784622528771.2515,1784622528993,1784622530062.0,1784622530570.8237,221.749,1069.0,508.824,1784622290062.0,1799.572
tc-22-180000,1784622529371.249,1784622530003,1784622530062.0,1784622530570.824,631.751,59.0,508.824,1784622290062.0,1199.575
tc-74-180000,1784622529381.246,1784622530003,1784622530062.0,1784622530570.8242,621.754,59.0,508.824,1784622290062.0,1189.578
tc-13-180000,1784622528041.2383,1784622528993,1784622530062.0,1784622530570.8245,951.762,1069.0,508.824,1784622290062.0,2529.586
tc-49-180000,1784622528911.239,1784622528993,1784622530062.0,1784622530570.8247,81.761,1069.0,508.825,1784622290062.0,1659.586
tc-71-180000,1784622528981.2517,1784622528993,1784622530062.0,1784622530570.825,11.748,1069.0,508.825,1784622290062.0,1589.573
tc-0-240000,1784622534371.2368,1784622535053,1784622536258.0,1784622536653.9636,681.763,1205.0,395.964,1784622236258.0,2282.727
tc-64-240000,1784622531451.2458,1784622532023,1784622536259.0,1784622536653.9666,571.754,4236.0,394.967,1784622236259.0,5202.721
tc-16-240000,1784622533121.2358,1784622534044,1784622536259.0,1784622536653.9678,922.764,2215.0,394.968,1784622236259.0,3532.732
tc-80-240000,1784622535301.2422,1784622536063,1784622536259.0,1784622536653.9688,761.758,196.0,394.969,1784622236259.0,1352.727
tc-18-240000,1784622531421.2407,1784622532023,1784622536259.0,1784622536653.9695,601.759,4236.0,394.969,1784622236259.0,5232.729
tc-87-240000,1784622535381.2341,1784622536063,1784622536259.0,1784622536653.981,681.766,196.0,394.981,1784622236259.0,1272.747
tc-48-240000,1784622533771.2427,1784622534044,1784622536259.0,1784622536653.9824,272.757,2215.0,394.982,1784622236259.0,2882.74
tc-28-240000,1784622534991.2422,1784622535053,1784622536259.0,1784622536653.984,61.758,1206.0,394.984,1784622236259.0,1662.742
tc-98-240000,1784622535151.2566,1784622536063,1784622536259.0,1784622536653.9846,911.743,196.0,394.985,1784622236259.0,1502.728
tc-33-240000,1784622535171.2446,1784622536063,1784622536259.0,1784622536653.985,891.755,196.0,394.985,1784622236259.0,1482.74
tc-55-240000,1784622533841.2476,1784622534044,1784622536259.0,1784622536653.9856,202.752,2215.0,394.986,1784622236259.0,2812.738
tc-42-240000,1784622535001.2378,1784622535053,1784622536259.0,1784622536653.986,51.762,1206.0,394.986,1784622236259.0,1652.748
tc-78-240000,1784622531791.2322,1784622532023,1784622536260.0,1784622536653.991,231.768,4237.0,393.991,1784622236260.0,4862.759
tc-26-240000,1784622534611.233,1784622535053,1784622536260.0,1784622536653.9917,441.767,1207.0,393.992,1784622236260.0,2042.759
tc-38-240000,1784622535191.233,1784622536063,1784622536260.0,1784622536653.9966,871.767,197.0,393.997,1784622236260.0,1462.764
tc-63-240000,1784622535371.2366,1784622536063,1784622536260.0,1784622536654.0142,691.763,197.0,394.014,1784622236260.0,1282.778
tc-72-240000,1784622534691.2349,1784622535053,1784622536260.0,1784622536654.015,361.765,1207.0,394.015,1784622236260.0,1962.78
tc-20-240000,1784622535131.2412,1784622536063,1784622536260.0,1784622536654.0154,931.759,197.0,394.015,1784622236260.0,1522.774
tc-6-240000,1784622535201.2588,1784622536063,1784622536260.0,1784622536654.016,861.741,197.0,394.016,1784622236260.0,1452.757
tc-3-240000,1784622532591.2507,1784622533034,1784622536260.0,1784622536654.0166,442.749,3226.0,394.017,1784622236260.0,4062.766
tc-43-240000,1784622533191.2363,1784622534044,1784622536260.0,1784622536654.0173,852.764,2216.0,394.017,1784622236260.0,3462.781
tc-31-240000,1784622534921.2344,1784622535053,1784622536260.0,1784622536654.0178,131.766,1207.0,394.018,1784622236260.0,1732.783
tc-57-240000,1784622533651.2573,1784622534044,1784622536260.0,1784622536654.0183,392.743,2216.0,394.018,1784622236260.0,3002.761
tc-95-240000,1784622535271.2407,1784622536063,1784622536260.0,1784622536654.019,791.759,197.0,394.019,1784622236260.0,1382.778
tc-74-240000,1784622534271.2312,1784622535053,1784622536260.0,1784622536654.0198,781.769,1207.0,394.02,1784622236260.0,2382.789
tc-14-240000,1784622534681.236,1784622535053,1784622536260.0,1784622536654.0203,371.764,1207.0,394.02,1784622236260.0,1972.784
tc-9-240000,1784622533911.2363,1784622534044,1784622536261.0,1784622536654.0261,132.764,2217.0,393.026,1784622236261.0,2742.79
tc-82-240000,1784622534381.2283,1784622535053,1784622536261.0,1784622536654.0269,671.772,1208.0,393.027,1784622236261.0,2272.799
tc-45-240000,1784622534311.2288,1784622535053,1784622536261.0,1784622536654.0273,741.771,1208.0,393.027,1784622236261.0,2342.799
tc-50-240000,1784622534241.2458,1784622535053,1784622536261.0,1784622536654.0278,811.754,1208.0,393.028,1784622236261.0,2412.782
tc-73-240000,1784622532241.2393,1784622533034,1784622536261.0,1784622536654.0283,792.761,3227.0,393.028,1784622236261.0,4412.789
tc-85-240000,1784622533741.2393,1784622534044,1784622536261.0,1784622536654.0288,302.761,2217.0,393.029,1784622236261.0,2912.79
tc-4-240000,1784622534251.238,1784622535053,1784622536261.0,1784622536654.0293,801.762,1208.0,393.029,1784622236261.0,2402.791
tc-77-240000,1784622535061.264,1784622536063,1784622536261.0,1784622536654.034,1001.736,198.0,393.034,1784622236261.0,1592.77
tc-62-240000,1784622533961.2358,1784622534044,1784622536261.0,1784622536654.0432,82.764,2217.0,393.043,1784622236261.0,2692.807
tc-51-240000,1784622534521.2568,1784622535053,1784622536261.0,1784622536654.044,531.743,1208.0,393.044,1784622236261.0,2132.787
tc-12-240000,1784622534791.2297,1784622535053,1784622536261.0,1784622536654.0444,261.77,1208.0,393.044,1784622236261.0,1862.815
tc-76-240000,1784622534781.2385,1784622535053,1784622536261.0,1784622536654.045,271.761,1208.0,393.045,1784622236261.0,1872.806
tc-89-240000,1784622534601.235,1784622535053,1784622536262.0,1784622536654.0454,451.765,1209.0,392.045,1784622236262.0,2052.81
tc-25-240000,1784622535341.2373,1784622536063,1784622536262.0,1784622536654.046,721.763,199.0,392.046,1784622236262.0,1312.809
tc-93-240000,1784622534931.236,1784622535053,1784622536262.0,1784622536654.0464,121.764,1209.0,392.046,1784622236262.0,1722.81
tc-65-240000,1784622535261.2363,1784622536063,1784622536262.0,1784622536654.0469,801.764,199.0,392.047,1784622236262.0,1392.811
tc-22-240000,1784622534821.231,1784622535053,1784622536262.0,1784622536654.0476,231.769,1209.0,392.048,1784622236262.0,1832.817
tc-34-240000,1784622534441.26,1784622535053,1784622536262.0,1784622536654.053,611.74,1209.0,392.053,1784622236262.0,2212.793
tc-52-240000,1784622535101.253,1784622536063,1784622536262.0,1784622536654.054,961.747,199.0,392.054,1784622236262.0,1552.801
tc-88-240000,1784622535181.2344,1784622536063,1784622536262.0,1784622536654.0542,881.766,199.0,392.054,1784622236262.0,1472.82
tc-32-240000,1784622535321.2375,1784622536063,1784622536262.0,1784622536654.0576,741.762,199.0,392.058,1784622236262.0,1332.82
tc-69-240000,1784622534451.2473,1784622535053,1784622536262.0,1784622536654.0579,601.753,1209.0,392.058,1784622236262.0,2202.811
tc-70-240000,1784622534221.232,1784622535053,1784622536262.0,1784622536654.0583,831.768,1209.0,392.058,1784622236262.0,2432.826
tc-27-240000,1784622534801.2324,1784622535053,1784622536262.0,1784622536654.0586,251.768,1209.0,392.059,1784622236262.0,1852.826
tc-8-240000,1784622535311.2432,1784622536063,1784622536262.0,1784622536654.1755,751.757,199.0,392.176,1784622236262.0,1342.932
tc-99-240000,1784622535041.2346,1784622535053,1784622536263.0,1784622536654.1775,11.765,1210.0,391.177,1784622236263.0,1612.943
tc-58-240000,1784622535351.2507,1784622536063,1784622536263.0,1784622536654.1785,711.749,200.0,391.178,1784622236263.0,1302.928
tc-60-240000,1784622534011.2402,1784622534044,1784622536263.0,1784622536654.1794,32.76,2219.0,391.179,1784622236263.0,2642.939
tc-10-240000,1784622534841.2415,1784622535053,1784622536263.0,1784622536654.181,211.759,1210.0,391.181,1784622236263.0,1812.939
tc-13-240000,1784622534581.2473,1784622535053,1784622536263.0,1784622536654.182,471.753,1210.0,391.182,1784622236263.0,2072.935
tc-68-240000,1784622534551.2627,1784622535053,1784622536263.0,1784622536654.1826,501.737,1210.0,391.183,1784622236263.0,2102.92
tc-24-240000,1784622534091.2332,1784622535053,1784622536263.0,1784622536654.184,961.767,1210.0,391.184,1784622236263.0,2562.951
tc-15-240000,1784622534701.2532,1784622535053,1784622536263.0,1784622536654.1848,351.747,1210.0,391.185,1784622236263.0,1952.932
tc-75-240000,1784622535281.2378,1784622536063,1784622536263.0,1784622536654.1855,781.762,200.0,391.186,1784622236263.0,1372.948
tc-47-240000,1784622534321.231,1784622535053,1784622536263.0,1784622536654.1865,731.769,1210.0,391.187,1784622236263.0,2332.956
tc-37-240000,1784622532421.2366,1784622533034,1784622536263.0,1784622536654.1873,612.763,3229.0,391.187,1784622236263.0,4232.951
tc-54-240000,1784622534661.2415,1784622535053,1784622536264.0,1784622536654.188,391.759,1211.0,390.188,1784622236264.0,1992.947
tc-66-240000,1784622533531.2537,1784622534044,1784622536264.0,1784622536654.2024,512.746,2220.0,390.202,1784622236264.0,3122.949
tc-61-240000,1784622535021.2275,1784622535053,1784622536264.0,1784622536654.2036,31.772,1211.0,390.204,1784622236264.0,1632.976
tc-90-240000,1784622535391.2288,1784622536063,1784622536264.0,1784622536654.2163,671.771,201.0,390.216,1784622236264.0,1262.988
tc-2-240000,1784622533931.2334,1784622534044,1784622536264.0,1784622536654.2173,112.767,2220.0,390.217,1784622236264.0,2722.984
tc-21-240000,1784622535231.231,1784622536063,1784622536264.0,1784622536654.2183,831.769,201.0,390.218,1784622236264.0,1422.987
tc-1-240000,1784622533241.2375,1784622534044,1784622536264.0,1784622536654.2192,802.762,2220.0,390.219,1784622236264.0,3412.982
tc-46-240000,1784622535091.2373,1784622536063,1784622536264.0,1784622536654.2202,971.763,201.0,390.22,1784622236264.0,1562.983
tc-83-240000,1784622535291.237,1784622536063,1784622536264.0,1784622536654.221,771.763,201.0,390.221,1784622236264.0,1362.984
tc-92-240000,1784622533471.2373,1784622534044,1784622536264.0,1784622536654.222,572.763,2220.0,390.222,1784622236264.0,3182.985
tc-30-240000,1784622535361.2407,1784622536063,1784622536264.0,1784622536654.2642,701.759,201.0,390.264,1784622236264.0,1293.023
tc-7-240000,1784622534761.2358,1784622535053,1784622536264.0,1784622536654.266,291.764,1211.0,390.266,1784622236264.0,1893.03
tc-41-240000,1784622534461.2468,1784622535053,1784622536264.0,1784622536654.3323,591.753,1211.0,390.332,1784622236264.0,2193.085
tc-29-240000,1784622535331.2354,1784622536063,1784622536265.0,1784622536654.3333,731.765,202.0,389.333,1784622236265.0,1323.098
tc-79-240000,1784622534671.237,1784622535053,1784622536265.0,1784622536654.334,381.763,1212.0,389.334,1784622236265.0,1983.097
tc-19-240000,1784622534951.6243,1784622535053,1784622536265.0,1784622536654.3347,101.376,1212.0,389.335,1784622236265.0,1702.71
tc-5-240000,1784622534491.2388,1784622535053,1784622536265.0,1784622536654.3357,561.761,1212.0,389.336,1784622236265.0,2163.097
tc-91-240000,1784622533521.2488,1784622534044,1784622536265.0,1784622536654.3364,522.751,2221.0,389.336,1784622236265.0,3133.088
tc-97-240000,1784622534851.2373,1784622535053,1784622536265.0,1784622536654.3372,201.763,1212.0,389.337,1784622236265.0,1803.1
tc-11-240000,1784622534911.2332,1784622535053,1784622536265.0,1784622536654.3557,141.767,1212.0,389.356,1784622236265.0,1743.123
tc-39-240000,1784622533111.2346,1784622534044,1784622536265.0,1784622536654.357,932.765,2221.0,389.357,1784622236265.0,3543.122
tc-67-240000,1784622533901.2349,1784622534044,1784622536265.0,1784622536654.358,142.765,2221.0,389.358,1784622236265.0,2753.123
tc-86-240000,1784622534941.2422,1784622535053,1784622536265.0,1784622536654.3586,111.758,1212.0,389.359,1784622236265.0,1713.116
tc-44-240000,1784622535121.2358,1784622536063,1784622536265.0,1784622536654.3594,941.764,202.0,389.359,1784622236265.0,1533.124
tc-84-240000,1784622534711.2502,1784622535053,1784622536265.0,1784622536654.3604,341.75,1212.0,389.36,1784622236265.0,1943.11
tc-35-240000,1784622533281.235,1784622534044,1784622536265.0,1784622536654.361,762.765,2221.0,389.361,1784622236265.0,3373.126
tc-96-240000,1784622533991.239,1784622534044,1784622536265.0,1784622536654.3618,52.761,2221.0,389.362,1784622236265.0,2663.123
tc-71-240000,1784622534201.244,1784622535053,1784622536266.0,1784622536654.3628,851.756,1213.0,388.363,1784622236266.0,2453.119
tc-49-240000,1784622535241.2327,1784622536063,1784622536266.0,1784622536654.3708,821.767,203.0,388.371,1784622236266.0,1413.138
tc-81-240000,1784622535251.2542,1784622536063,1784622536266.0,1784622536654.3716,811.746,203.0,388.372,1784622236266.0,1403.117
tc-56-240000,1784622533601.2356,1784622534044,1784622536266.0,1784622536654.3772,442.764,2222.0,388.377,1784622236266.0,3053.142
tc-94-240000,1784622533441.258,1784622534044,1784622536266.0,1784622536654.3784,602.742,2222.0,388.378,1784622236266.0,3213.12
tc-17-240000,1784622534971.237,1784622535053,1784622536266.0,1784622536654.379,81.763,1213.0,388.379,1784622236266.0,1683.142
tc-23-240000,1784622534871.2324,1784622535053,1784622536266.0,1784622536654.3796,181.768,1213.0,388.38,1784622236266.0,1783.147
tc-53-240000,1784622534301.2307,1784622535053,1784622536266.0,1784622536654.3801,751.769,1213.0,388.38,1784622236266.0,2353.149
tc-40-240000,1784622534881.2363,1784622535053,1784622536266.0,1784622536654.3809,171.764,1213.0,388.381,1784622236266.0,1773.145
tc-59-240000,1784622535211.2456,1784622536063,1784622536266.0,1784622536654.3813,851.754,203.0,388.381,1784622236266.0,1443.136
tc-64-300000,1784622539231.2363,1784622540103,1784622542267.0,1784622542662.3003,871.764,2164.0,395.3,1784622182267.0,3431.064
tc-77-300000,1784622539401.2522,1784622540103,1784622542267.0,1784622542662.3027,701.748,2164.0,395.303,1784622182267.0,3261.051
tc-89-300000,1784622538801.2444,1784622539093,1784622542267.0,1784622542662.304,291.756,3174.0,395.304,1784622182267.0,3861.06
tc-31-300000,1784622540771.2532,1784622541113,1784622542267.0,1784622542662.305,341.747,1154.0,395.305,1784622182267.0,1891.052
tc-32-300000,1784622541331.2449,1784622542123,1784622542267.0,1784622542662.3057,791.755,144.0,395.306,1784622182267.0,1331.061
tc-90-300000,1784622539151.252,1784622540103,1784622542267.0,1784622542662.3066,951.748,2164.0,395.307,1784622182267.0,3511.055
tc-35-300000,1784622540351.2437,1784622541113,1784622542267.0,1784622542662.3074,761.756,1154.0,395.307,1784622182267.0,2311.064
tc-97-300000,1784622540801.2637,1784622541113,1784622542267.0,1784622542662.3232,311.736,1154.0,395.323,1784622182267.0,1861.06
tc-53-300000,1784622538051.235,1784622538083,1784622542267.0,1784622542662.3242,31.765,4184.0,395.324,1784622182267.0,4611.089
tc-6-300000,1784622539951.2505,1784622540103,1784622542267.0,1784622542662.325,151.75,2164.0,395.325,1784622182267.0,2711.074
tc-68-300000,1784622540281.2407,1784622541113,1784622542267.0,1784622542662.326,831.759,1154.0,395.326,1784622182267.0,2381.085
tc-72-300000,1784622538291.2432,1784622539093,1784622542267.0,1784622542662.3267,801.757,3174.0,395.327,1784622182267.0,4371.083
tc-96-300000,1784622540131.2368,1784622541113,1784622542268.0,1784622542662.381,981.763,1155.0,394.381,1784622182268.0,2531.144
tc-7-300000,1784622541161.2422,1784622542123,1784622542268.0,1784622542662.3826,961.758,145.0,394.383,1784622182268.0,1501.14
tc-49-300000,1784622540841.251,1784622541113,1784622542268.0,1784622542662.3833,271.749,1155.0,394.383,1784622182268.0,1821.132
tc-94-300000,1784622541391.2385,1784622542123,1784622542268.0,1784622542662.39,731.761,145.0,394.39,1784622182268.0,1271.151
tc-46-300000,1784622541301.238,1784622542123,1784622542268.0,1784622542662.3906,821.762,145.0,394.391,1784622182268.0,1361.153
tc-79-300000,1784622540521.252,1784622541113,1784622542268.0,1784622542662.3914,591.748,1155.0,394.391,1784622182268.0,2141.139
tc-56-300000,1784622541021.2551,1784622541113,1784622542268.0,1784622542662.4285,91.745,1155.0,394.428,1784622182268.0,1641.173
tc-78-300000,1784622541121.2551,1784622542123,1784622542268.0,1784622542662.4297,1001.745,145.0,394.43,1784622182268.0,1541.175
tc-67-300000,1784622539031.2354,1784622539093,1784622542268.0,1784622542662.431,61.765,3175.0,394.431,1784622182268.0,3631.196
tc-13-300000,1784622539001.236,1784622539093,1784622542268.0,1784622542662.4314,91.764,3175.0,394.431,1784622182268.0,3661.195
tc-33-300000,1784622540191.2434,1784622541113,1784622542268.0,1784622542662.433,921.757,1155.0,394.433,1784622182268.0,2471.19
tc-63-300000,1784622538781.2356,1784622539093,1784622542268.0,1784622542662.4338,311.764,3175.0,394.434,1784622182268.0,3881.198
tc-40-300000,1784622541271.2444,1784622542123,1784622542268.0,1784622542662.4346,851.756,145.0,394.435,1784622182268.0,1391.19
tc-36-300000,1784622540921.2468,1784622541113,1784622542268.0,1784622542662.4353,191.753,1155.0,394.435,1784622182268.0,1741.188
tc-84-300000,1784622541291.2393,1784622542123,1784622542268.0,1784622542662.4363,831.761,145.0,394.436,1784622182268.0,1371.197
tc-19-300000,1784622538211.2434,1784622539093,1784622542269.0,1784622542662.4429,881.757,3176.0,393.443,1784622182269.0,4451.199
tc-98-300000,1784622540361.2432,1784622541113,1784622542269.0,1784622542662.4436,751.757,1156.0,393.444,1784622182269.0,2301.2
tc-8-300000,1784622541041.239,1784622541113,1784622542269.0,1784622542662.4443,71.761,1156.0,393.444,1784622182269.0,1621.205
tc-30-300000,1784622539341.2434,1784622540103,1784622542269.0,1784622542662.445,761.757,2166.0,393.445,1784622182269.0,3321.202
tc-91-300000,1784622540071.2524,1784622540103,1784622542269.0,1784622542662.4539,31.748,2166.0,393.454,1784622182269.0,2591.201
tc-82-300000,1784622540861.2458,1784622541113,1784622542269.0,1784622542662.4546,251.754,1156.0,393.455,1784622182269.0,1801.209
tc-38-300000,1784622540391.2505,1784622541113,1784622542269.0,1784622542662.4553,721.75,1156.0,393.455,1784622182269.0,2271.205
tc-76-300000,1784622537491.239,1784622538083,1784622542269.0,1784622542662.456,591.761,4186.0,393.456,1784622182269.0,5171.217
tc-18-300000,1784622540591.2517,1784622541113,1784622542269.0,1784622542662.457,521.748,1156.0,393.457,1784622182269.0,2071.205
tc-4-300000,1784622539881.2383,1784622540103,1784622542269.0,1784622542662.4578,221.762,2166.0,393.458,1784622182269.0,2781.219
tc-92-300000,1784622540321.249,1784622541113,1784622542269.0,1784622542662.4585,791.751,1156.0,393.458,1784622182269.0,2341.209
tc-95-300000,1784622540121.2473,1784622541113,1784622542269.0,1784622542662.4592,991.753,1156.0,393.459,1784622182269.0,2541.212
tc-69-300000,1784622540701.259,1784622541113,1784622542269.0,1784622542662.46,411.741,1156.0,393.46,1784622182269.0,1961.201
tc-15-300000,1784622541311.2522,1784622542123,1784622542269.0,1784622542662.4607,811.748,146.0,393.461,1784622182269.0,1351.208
tc-51-300000,1784622540981.2483,1784622541113,1784622542269.0,1784622542662.4614,131.752,1156.0,393.461,1784622182269.0,1681.213
tc-54-300000,1784622539281.2358,1784622540103,1784622542269.0,1784622542662.4685,821.764,2166.0,393.469,1784622182269.0,3381.233
tc-14-300000,1784622540951.2385,1784622541113,1784622542269.0,1784622542662.4695,161.761,1156.0,393.469,1784622182269.0,1711.231
tc-55-300000,1784622541151.2498,1784622542123,1784622542269.0,1784622542662.47,971.75,146.0,393.47,1784622182269.0,1511.22
tc-93-300000,1784622541241.2437,1784622542123,1784622542269.0,1784622542662.4707,881.756,146.0,393.471,1784622182269.0,1421.227
tc-39-300000,1784622538131.2478,1784622539093,1784622542269.0,1784622542662.477,961.752,3176.0,393.477,1784622182269.0,4531.229
tc-16-300000,1784622540681.2354,1784622541113,1784622542270.0,1784622542662.4895,431.765,1157.0,392.49,1784622182270.0,1981.254
tc-28-300000,1784622540831.2488,1784622541113,1784622542270.0,1784622542662.4905,281.751,1157.0,392.49,1784622182270.0,1831.242
tc-83-300000,1784622540201.2485,1784622541113,1784622542270.0,1784622542662.5212,911.751,1157.0,392.521,1784622182270.0,2461.273
tc-50-300000,1784622540251.2446,1784622541113,1784622542270.0,1784622542662.5354,861.755,1157.0,392.535,1784622182270.0,2411.291
tc-48-300000,1784622541131.2456,1784622542123,1784622542270.0,1784622542662.5361,991.754,147.0,392.536,1784622182270.0,1531.291
tc-62-300000,1784622540991.251,1784622541113,1784622542270.0,1784622542662.5437,121.749,1157.0,392.544,1784622182270.0,1671.293
tc-1-300000,1784622540051.24,1784622540103,1784622542270.0,1784622542662.545,51.76,2167.0,392.545,1784622182270.0,2611.305
tc-29-300000,1784622541011.2598,1784622541113,1784622542270.0,1784622542662.5457,101.74,1157.0,392.546,1784622182270.0,1651.286
tc-81-300000,1784622538641.2534,1784622539093,1784622542270.0,1784622542662.5527,451.747,3177.0,392.553,1784622182270.0,4021.299
tc-3-300000,1784622541371.2473,1784622542123,1784622542270.0,1784622542662.5537,751.753,147.0,392.554,1784622182270.0,1291.306
tc-45-300000,1784622540691.25,1784622541113,1784622542270.0,1784622542662.5544,421.75,1157.0,392.554,1784622182270.0,1971.304
tc-25-300000,1784622538881.2341,1784622539093,1784622542270.0,1784622542662.561,211.766,3177.0,392.561,1784622182270.0,3781.327
tc-9-300000,1784622541251.248,1784622542123,1784622542270.0,1784622542662.5618,871.752,147.0,392.562,1784622182270.0,1411.314
tc-47-300000,1784622540911.2454,1784622541113,1784622542270.0,1784622542662.5625,201.755,1157.0,392.562,1784622182270.0,1751.317
tc-12-300000,1784622541201.25,1784622542123,1784622542270.0,1784622542662.5693,921.75,147.0,392.569,1784622182270.0,1461.319
tc-61-300000,1784622541211.2432,1784622542123,1784622542270.0,1784622542662.576,911.757,147.0,392.576,1784622182270.0,1451.333
tc-80-300000,1784622541351.2388,1784622542123,1784622542270.0,1784622542662.5825,771.761,147.0,392.583,1784622182270.0,1311.344
tc-26-300000,1784622541281.2441,1784622542123,1784622542270.0,1784622542662.5967,841.756,147.0,392.597,1784622182270.0,1381.353
tc-74-300000,1784622540641.2615,1784622541113,1784622542270.0,1784622542662.5974,471.739,1157.0,392.597,1784622182270.0,2021.336
tc-11-300000,1784622540631.256,1784622541113,1784622542270.0,1784622542662.5981,481.744,1157.0,392.598,1784622182270.0,2031.342
tc-99-300000,1784622540001.2593,1784622540103,1784622542270.0,1784622542662.605,101.741,2167.0,392.605,1784622182270.0,2661.346
tc-43-300000,1784622541071.24,1784622541113,1784622542270.0,1784622542663.069,41.76,1157.0,393.069,1784622182270.0,1591.829
tc-20-300000,1784622539871.2554,1784622540103,1784622542270.0,1784622542663.07,231.745,2167.0,393.07,1784622182270.0,2791.815
tc-86-300000,1784622539321.2454,1784622540103,1784622542270.0,1784622542663.076,781.755,2167.0,393.076,1784622182270.0,3341.831
tc-27-300000,1784622541111.249,1784622541113,1784622542271.0,1784622542663.0764,1.751,1158.0,392.076,1784622182271.0,1551.827
tc-10-300000,1784622539861.25,1784622540103,1784622542271.0,1784622542663.077,241.75,2168.0,392.077,1784622182271.0,2801.827
tc-60-300000,1784622541381.2437,1784622542123,1784622542271.0,1784622542663.078,741.756,148.0,392.078,1784622182271.0,1281.834
tc-52-300000,1784622540401.2632,1784622541113,1784622542271.0,1784622542663.0786,711.737,1158.0,392.079,1784622182271.0,2261.815
tc-34-300000,1784622540671.2488,1784622541113,1784622542271.0,1784622542663.079,441.751,1158.0,392.079,1784622182271.0,1991.83
tc-59-300000,1784622541221.244,1784622542123,1784622542271.0,1784622542663.0796,901.756,148.0,392.08,1784622182271.0,1441.836
tc-42-300000,1784622540511.2488,1784622541113,1784622542271.0,1784622542663.08,601.751,1158.0,392.08,1784622182271.0,2151.831
tc-22-300000,1784622541001.2588,1784622541113,1784622542271.0,1784622542663.0806,111.741,1158.0,392.081,1784622182271.0,1661.822
tc-44-300000,1784622540501.2476,1784622541113,1784622542271.0,1784622542663.081,611.752,1158.0,392.081,1784622182271.0,2161.833
tc-23-300000,1784622540581.245,1784622541113,1784622542271.0,1784622542663.0813,531.755,1158.0,392.081,1784622182271.0,2081.836
tc-21-300000,1784622540781.2427,1784622541113,1784622542271.0,1784622542663.0818,331.757,1158.0,392.082,1784622182271.0,1881.839
tc-0-300000,1784622540881.2417,1784622541113,1784622542271.0,1784622542663.0823,231.758,1158.0,392.082,1784622182271.0,1781.841
tc-88-300000,1784622540411.2424,1784622541113,1784622542271.0,1784622542663.0828,701.758,1158.0,392.083,1784622182271.0,2251.84
tc-2-300000,1784622539791.2493,1784622540103,1784622542271.0,1784622542663.0833,311.751,2168.0,392.083,1784622182271.0,2871.834
tc-70-300000,1784622536891.2354,1784622537073,1784622542271.0,1784622542663.0837,181.765,5198.0,392.084,1784622182271.0,5771.848
tc-66-300000,1784622541171.246,1784622542123,1784622542271.0,1784622542663.0842,951.754,148.0,392.084,1784622182271.0,1491.838
tc-17-300000,1784622539651.2446,1784622540103,1784622542271.0,1784622542663.0847,451.755,2168.0,392.085,1784622182271.0,3011.84
tc-71-300000,1784622540961.2432,1784622541113,1784622542271.0,1784622542663.0852,151.757,1158.0,392.085,1784622182271.0,1701.842
tc-75-300000,1784622540561.2473,1784622541113,1784622542271.0,1784622542663.0857,551.753,1158.0,392.086,1784622182271.0,2101.838
tc-5-300000,1784622539441.24,1784622540103,1784622542272.0,1784622542663.0862,661.76,2169.0,391.086,1784622182272.0,3221.846
tc-73-300000,1784622538951.2378,1784622539093,1784622542272.0,1784622542663.0864,141.762,3179.0,391.086,1784622182272.0,3711.849
tc-24-300000,1784622540821.2505,1784622541113,1784622542272.0,1784622542663.087,291.75,1159.0,391.087,1784622182272.0,1841.836
tc-57-300000,1784622541261.2378,1784622542123,1784622542272.0,1784622542663.0876,861.762,149.0,391.088,1784622182272.0,1401.85
tc-87-300000,1784622540101.2556,1784622540103,1784622542272.0,1784622542663.089,1.744,2169.0,391.089,1784622182272.0,2561.833
tc-58-300000,1784622541231.241,1784622542123,1784622542272.0,1784622542663.094,891.759,149.0,391.094,1784622182272.0,1431.853
tc-41-300000,1784622540451.2478,1784622541113,1784622542272.0,1784622542663.0945,661.752,1159.0,391.094,1784622182272.0,2211.847
tc-85-300000,1784622539581.2407,1784622540103,1784622542272.0,1784622542663.095,521.759,2169.0,391.095,1784622182272.0,3081.854
tc-37-300000,1784622540661.2449,1784622541113,1784622542272.0,1784622542663.0952,451.755,1159.0,391.095,1784622182272.0,2001.85
tc-65-300000,1784622541361.2495,1784622542123,1784622542272.0,1784622542663.0957,761.75,149.0,391.096,1784622182272.0,1301.846
tc-60-360000,1784622546391.2402,1784622547173,1784622548273.0,1784622548653.361,781.76,1100.0,380.361,1784622128273.0,2262.121
tc-92-360000,1784622547041.2397,1784622547173,1784622548273.0,1784622548653.3882,131.76,1100.0,380.388,1784622128273.0,1612.148
tc-8-360000,1784622546451.2341,1784622547173,1784622548274.0,1784622548653.3894,721.766,1101.0,379.389,1784622128274.0,2202.155
tc-98-360000,1784622546201.2517,1784622547173,1784622548274.0,1784622548653.3904,971.748,1101.0,379.39,1784622128274.0,2452.139
tc-54-360000,1784622547131.244,1784622547173,1784622548274.0,1784622548653.3916,41.756,1101.0,379.392,1784622128274.0,1522.148
tc-55-360000,1784622547311.2444,1784622548183,1784622548274.0,1784622548653.393,871.756,91.0,379.393,1784622128274.0,1342.149
tc-1-360000,1784622546921.237,1784622547173,1784622548274.0,1784622548653.3943,251.763,1101.0,379.394,1784622128274.0,1732.157
tc-82-360000,1784622544831.2346,1784622545154,1784622548274.0,1784622548653.3953,322.765,3120.0,379.395,1784622128274.0,3822.161
tc-10-360000,1784622546281.2502,1784622547173,1784622548274.0,1784622548653.408,891.75,1101.0,379.408,1784622128274.0,2372.158
tc-23-360000,1784622547381.2385,1784622548183,1784622548274.0,1784622548653.409,801.761,91.0,379.409,1784622128274.0,1272.17
tc-11-360000,1784622547081.233,1784622547173,1784622548274.0,1784622548653.4094,91.767,1101.0,379.409,1784622128274.0,1572.177
tc-30-360000,1784622545961.6338,1784622546163,1784622548274.0,1784622548653.4104,201.366,2111.0,379.41,1784622128274.0,2691.777
tc-91-360000,1784622546051.2454,1784622546163,1784622548274.0,1784622548653.44,111.755,2111.0,379.44,1784622128274.0,2602.195
tc-26-360000,1784622545341.2349,1784622546163,1784622548274.0,1784622548653.441,821.765,2111.0,379.441,1784622128274.0,3312.206
tc-34-360000,1784622546071.2441,1784622546163,1784622548274.0,1784622548653.4417,91.756,2111.0,379.442,1784622128274.0,2582.198
tc-0-360000,1784622546531.2332,1784622547173,1784622548274.0,1784622548653.4424,641.767,1101.0,379.442,1784622128274.0,2122.209
tc-51-360000,1784622546661.2449,1784622547173,1784622548275.0,1784622548653.4492,511.755,1102.0,378.449,1784622128275.0,1992.204
tc-42-360000,1784622546931.2354,1784622547173,1784622548275.0,1784622548653.45,241.765,1102.0,378.45,1784622128275.0,1722.215
tc-3-360000,1784622547351.2522,1784622548183,1784622548275.0,1784622548653.4607,831.748,92.0,378.461,1784622128275.0,1302.208
tc-39-360000,1784622547001.2456,1784622547173,1784622548275.0,1784622548653.4668,171.754,1102.0,378.467,1784622128275.0,1652.221
tc-52-360000,1784622546231.2349,1784622547173,1784622548275.0,1784622548653.4678,941.765,1102.0,378.468,1784622128275.0,2422.233
tc-69-360000,1784622545611.2395,1784622546163,1784622548275.0,1784622548653.4912,551.76,2112.0,378.491,1784622128275.0,3042.252
tc-44-360000,1784622545251.2393,1784622546163,1784622548275.0,1784622548653.492,911.761,2112.0,378.492,1784622128275.0,3402.253
tc-28-360000,1784622547011.2385,1784622547173,1784622548275.0,1784622548653.493,161.761,1102.0,378.493,1784622128275.0,1642.254
tc-97-360000,1784622545701.2512,1784622546163,1784622548275.0,1784622548653.4937,461.749,2112.0,378.494,1784622128275.0,2952.242
tc-40-360000,1784622546301.2349,1784622547173,1784622548275.0,1784622548653.4944,871.765,1102.0,378.494,1784622128275.0,2352.26
tc-21-360000,1784622546171.2468,1784622547173,1784622548275.0,1784622548653.542,1001.753,1102.0,378.542,1784622128275.0,2482.295
tc-79-360000,1784622546241.2373,1784622547173,1784622548275.0,1784622548653.5427,931.763,1102.0,378.543,1784622128275.0,2412.305
tc-20-360000,1784622547251.245,1784622548183,1784622548275.0,1784622548653.5767,931.755,92.0,378.577,1784622128275.0,1402.332
tc-80-360000,1784622547231.238,1784622548183,1784622548275.0,1784622548653.5774,951.762,92.0,378.577,1784622128275.0,1422.339
tc-46-360000,1784622546901.2112,1784622547173,1784622548275.0,1784622548653.5781,271.789,1102.0,378.578,1784622128275.0,1752.367
tc-70-360000,1784622547071.234,1784622547173,1784622548275.0,1784622548653.579,101.766,1102.0,378.579,1784622128275.0,1582.345
tc-31-360000,1784622546211.2395,1784622547173,1784622548276.0,1784622548653.5798,961.76,1103.0,377.58,1784622128276.0,2442.34
tc-58-360000,1784622542921.244,1784622543134,1784622548276.0,1784622548653.5867,212.756,5142.0,377.587,1784622128276.0,5732.343
tc-18-360000,1784622547061.2385,1784622547173,1784622548276.0,1784622548653.5874,111.761,1103.0,377.587,1784622128276.0,1592.349
tc-57-360000,1784622544041.236,1784622544143,1784622548276.0,1784622548653.6226,101.764,4133.0,377.623,1784622128276.0,4612.386
tc-24-360000,1784622547101.239,1784622547173,1784622548276.0,1784622548653.6235,71.761,1103.0,377.624,1784622128276.0,1552.385
tc-85-360000,1784622545631.2688,1784622546163,1784622548276.0,1784622548653.6243,531.731,2113.0,377.624,1784622128276.0,3022.355
tc-25-360000,1784622547291.2544,1784622548183,1784622548276.0,1784622548653.631,891.746,93.0,377.631,1784622128276.0,1362.377
tc-4-360000,1784622547181.2466,1784622548183,1784622548276.0,1784622548653.6318,1001.753,93.0,377.632,1784622128276.0,1472.385
tc-7-360000,1784622547191.2412,1784622548183,1784622548276.0,1784622548653.6633,991.759,93.0,377.663,1784622128276.0,1462.422
tc-93-360000,1784622547121.2441,1784622547173,1784622548276.0,1784622548653.6646,51.756,1103.0,377.665,1784622128276.0,1532.42
tc-41-360000,1784622546821.238,1784622547173,1784622548276.0,1784622548653.6711,351.762,1103.0,377.671,1784622128276.0,1832.433
tc-2-360000,1784622547211.2588,1784622548183,1784622548276.0,1784622548653.683,971.741,93.0,377.683,1784622128276.0,1442.424
tc-43-360000,1784622546191.2354,1784622547173,1784622548276.0,1784622548653.6838,981.765,1103.0,377.684,1784622128276.0,2462.448
tc-62-360000,1784622546101.24,1784622546163,1784622548276.0,1784622548653.705,61.76,2113.0,377.705,1784622128276.0,2552.465
tc-5-360000,1784622542951.243,1784622543134,1784622548276.0,1784622548653.7183,182.757,5142.0,377.718,1784622128276.0,5702.475
tc-6-360000,1784622545911.261,1784622546163,1784622548276.0,1784622548653.7952,251.739,2113.0,377.795,1784622128276.0,2742.534
tc-49-360000,1784622546891.233,1784622547173,1784622548277.0,1784622548653.7964,281.767,1104.0,376.796,1784622128277.0,1762.563
tc-89-360000,1784622544561.234,1784622545154,1784622548277.0,1784622548653.8047,592.766,3123.0,376.805,1784622128277.0,4092.571
tc-29-360000,1784622547341.2454,1784622548183,1784622548277.0,1784622548653.8054,841.755,94.0,376.805,1784622128277.0,1312.56
tc-63-360000,1784622546941.2395,1784622547173,1784622548277.0,1784622548653.814,231.76,1104.0,376.814,1784622128277.0,1712.574
tc-59-360000,1784622545791.2397,1784622546163,1784622548277.0,1784622548653.822,371.76,2114.0,376.822,1784622128277.0,2862.582
tc-81-360000,1784622545541.2385,1784622546163,1784622548277.0,1784622548653.823,621.761,2114.0,376.823,1784622128277.0,3112.584
tc-68-360000,1784622544301.2366,1784622545154,1784622548277.0,1784622548653.824,852.763,3123.0,376.824,1784622128277.0,4352.587
tc-78-360000,1784622545151.235,1784622545154,1784622548277.0,1784622548653.8843,2.765,3123.0,376.884,1784622128277.0,3502.649
tc-65-360000,1784622546401.2368,1784622547173,1784622548277.0,1784622548653.8862,771.763,1104.0,376.886,1784622128277.0,2252.649
tc-73-360000,1784622546681.2478,1784622547173,1784622548277.0,1784622548653.887,491.752,1104.0,376.887,1784622128277.0,1972.639
tc-14-360000,1784622547241.2407,1784622548183,1784622548277.0,1784622548653.8877,941.759,94.0,376.888,1784622128277.0,1412.647
tc-45-360000,1784622546551.235,1784622547173,1784622548277.0,1784622548653.908,621.765,1104.0,376.908,1784622128277.0,2102.673
tc-16-360000,1784622547171.2458,1784622547173,1784622548277.0,1784622548653.9084,1.754,1104.0,376.908,1784622128277.0,1482.663
tc-50-360000,1784622547321.2393,1784622548183,1784622548277.0,1784622548653.909,861.761,94.0,376.909,1784622128277.0,1332.67
tc-35-360000,1784622546371.2336,1784622547173,1784622548277.0,1784622548653.9094,801.766,1104.0,376.909,1784622128277.0,2282.676
tc-47-360000,1784622546881.2388,1784622547173,1784622548277.0,1784622548653.9636,291.761,1104.0,376.964,1784622128277.0,1772.725
tc-77-360000,1784622547271.238,1784622548183,1784622548277.0,1784622548653.9724,911.762,94.0,376.972,1784622128277.0,1382.734
tc-64-360000,1784622546411.2341,1784622547173,1784622548278.0,1784622548653.9731,761.766,1105.0,375.973,1784622128278.0,2242.739
tc-99-360000,1784622545921.2527,1784622546163,1784622548278.0,1784622548653.9739,241.747,2115.0,375.974,1784622128278.0,2732.721
tc-83-360000,1784622546721.242,1784622547173,1784622548278.0,1784622548653.98,451.758,1105.0,375.98,1784622128278.0,1932.738
tc-96-360000,1784622544861.2341,1784622545154,1784622548278.0,1784622548653.9807,292.766,3124.0,375.981,1784622128278.0,3792.747
tc-15-360000,1784622547301.2476,1784622548183,1784622548278.0,1784622548653.9814,881.752,95.0,375.981,1784622128278.0,1352.734
tc-27-360000,1784622546271.2336,1784622547173,1784622548278.0,1784622548653.9822,901.766,1105.0,375.982,1784622128278.0,2382.749
tc-95-360000,1784622547111.2402,1784622547173,1784622548278.0,1784622548654.0054,61.76,1105.0,376.005,1784622128278.0,1542.765
tc-56-360000,1784622546341.2378,1784622547173,1784622548278.0,1784622548654.0112,831.762,1105.0,376.011,1784622128278.0,2312.773
tc-17-360000,1784622546991.2476,1784622547173,1784622548278.0,1784622548654.034,181.752,1105.0,376.034,1784622128278.0,1662.786
tc-86-360000,1784622547281.2363,1784622548183,1784622548278.0,1784622548654.037,901.764,95.0,376.037,1784622128278.0,1372.801
tc-74-360000,1784622546021.2573,1784622546163,1784622548278.0,1784622548654.0378,141.743,2115.0,376.038,1784622128278.0,2632.781
tc-61-360000,1784622546831.2373,1784622547173,1784622548278.0,1784622548654.0437,341.763,1105.0,376.044,1784622128278.0,1822.806
tc-71-360000,1784622546141.2334,1784622546163,1784622548278.0,1784622548654.0671,21.767,2115.0,376.067,1784622128278.0,2512.834
tc-22-360000,1784622547371.2444,1784622548183,1784622548278.0,1784622548654.068,811.756,95.0,376.068,1784622128278.0,1282.824
tc-36-360000,1784622546731.2334,1784622547173,1784622548278.0,1784622548654.0894,441.767,1105.0,376.089,1784622128278.0,1922.856
tc-9-360000,1784622545551.2424,1784622546163,1784622548278.0,1784622548654.0903,611.758,2115.0,376.09,1784622128278.0,3102.848
tc-33-360000,1784622546871.2356,1784622547173,1784622548278.0,1784622548654.091,301.764,1105.0,376.091,1784622128278.0,1782.855
tc-48-360000,1784622545651.2615,1784622546163,1784622548278.0,1784622548654.1074,511.739,2115.0,376.107,1784622128278.0,3002.846
tc-38-360000,1784622546591.2356,1784622547173,1784622548279.0,1784622548654.1084,581.764,1106.0,375.108,1784622128279.0,2062.873
tc-90-360000,1784622547361.2485,1784622548183,1784622548279.0,1784622548654.1091,821.751,96.0,375.109,1784622128279.0,1292.861
tc-13-360000,1784622547051.236,1784622547173,1784622548279.0,1784622548654.1353,121.764,1106.0,375.135,1784622128279.0,1602.899
tc-12-360000,1784622546461.2302,1784622547173,1784622548279.0,1784622548654.136,711.77,1106.0,375.136,1784622128279.0,2192.906
tc-84-360000,1784622546611.2358,1784622547173,1784622548279.0,1784622548654.1367,561.764,1106.0,375.137,1784622128279.0,2042.901
tc-67-360000,1784622545451.2422,1784622546163,1784622548279.0,1784622548654.143,711.758,2116.0,375.143,1784622128279.0,3202.901
tc-37-360000,1784622543601.2415,1784622544143,1784622548279.0,1784622548654.166,541.759,4136.0,375.166,1784622128279.0,5052.925
tc-87-360000,1784622546631.2412,1784622547173,1784622548279.0,1784622548654.213,541.759,1106.0,375.213,1784622128279.0,2022.972
tc-66-360000,1784622546381.2354,1784622547173,1784622548279.0,1784622548654.2139,791.765,1106.0,375.214,1784622128279.0,2272.979
tc-72-360000,1784622545711.2493,1784622546163,1784622548279.0,1784622548654.2146,451.751,2116.0,375.215,1784622128279.0,2942.965
tc-94-360000,1784622546621.235,1784622547173,1784622548279.0,1784622548654.2153,551.765,1106.0,375.215,1784622128279.0,2032.98
tc-88-360000,1784622546951.2344,1784622547173,1784622548279.0,1784622548654.2375,221.766,1106.0,375.238,1784622128279.0,1703.003
tc-19-360000,1784622547391.236,1784622548183,1784622548279.0,1784622548654.2383,791.764,96.0,375.238,1784622128279.0,1263.002
tc-75-360000,1784622546351.239,1784622547173,1784622548279.0,1784622548654.239,821.761,1106.0,375.239,1784622128279.0,2303.0
tc-32-360000,1784622547331.245,1784622548183,1784622548279.0,1784622548654.246,851.755,96.0,375.246,1784622128279.0,1323.001
tc-53-360000,1784622546151.2373,1784622546163,1784622548279.0,1784622548654.2468,11.763,2116.0,375.247,1784622128279.0,2503.01
tc-97-420000,1784622552121.239,1784622552224,1784622554279.0,1784622554583.679,102.761,2055.0,304.679,1784622074279.0,2462.44
tc-57-420000,1784622552931.2485,1784622553233,1784622554279.0,1784622554583.6826,301.751,1046.0,304.683,1784622074279.0,1652.434
tc-42-420000,1784622552341.2375,1784622553233,1784622554279.0,1784622554583.684,891.762,1046.0,304.684,1784622074279.0,2242.447
tc-37-420000,1784622553191.2485,1784622553233,1784622554279.0,1784622554583.6855,41.751,1046.0,304.686,1784622074279.0,1392.437
tc-93-420000,1784622552591.241,1784622553233,1784622554279.0,1784622554583.6863,641.759,1046.0,304.686,1784622074279.0,1992.445
tc-47-420000,1784622553141.2502,1784622553233,1784622554279.0,1784622554583.687,91.75,1046.0,304.687,1784622074279.0,1442.437
tc-60-420000,1784622552091.2446,1784622552224,1784622554279.0,1784622554583.688,132.755,2055.0,304.688,1784622074279.0,2492.443
tc-91-420000,1784622552391.2578,1784622553233,1784622554279.0,1784622554583.6887,841.742,1046.0,304.689,1784622074279.0,2192.431
tc-83-420000,1784622549891.2524,1784622550204,1784622554279.0,1784622554583.6897,312.748,4075.0,304.69,1784622074279.0,4692.437
tc-43-420000,1784622551421.2358,1784622552224,1784622554279.0,1784622554583.6902,802.764,2055.0,304.69,1784622074279.0,3162.454
tc-77-420000,1784622553121.239,1784622553233,1784622554279.0,1784622554583.691,111.761,1046.0,304.691,1784622074279.0,1462.452
tc-64-420000,1784622552221.2483,1784622552224,1784622554280.0,1784622554583.7031,2.752,2056.0,303.703,1784622074280.0,2362.455
tc-55-420000,1784622552211.2559,1784622552224,1784622554280.0,1784622554583.704,12.744,2056.0,303.704,1784622074280.0,2372.448
tc-28-420000,1784622553381.2354,1784622554244,1784622554280.0,1784622554583.7048,862.765,36.0,303.705,1784622074280.0,1202.469
tc-98-420000,1784622551801.2522,1784622552224,1784622554280.0,1784622554583.7053,422.748,2056.0,303.705,1784622074280.0,2782.453
tc-75-420000,1784622550901.239,1784622551213,1784622554280.0,1784622554583.706,311.761,3067.0,303.706,1784622074280.0,3682.467
tc-80-420000,1784622551001.2363,1784622551213,1784622554280.0,1784622554583.7112,211.764,3067.0,303.711,1784622074280.0,3582.475
tc-68-420000,1784622553081.238,1784622553233,1784622554280.0,1784622554583.7122,151.762,1047.0,303.712,1784622074280.0,1502.474
tc-61-420000,1784622553311.2449,1784622554244,1784622554280.0,1784622554583.713,932.755,36.0,303.713,1784622074280.0,1272.468
tc-33-420000,1784622552701.2546,1784622553233,1784622554280.0,1784622554583.7136,531.745,1047.0,303.714,1784622074280.0,1882.459
tc-10-420000,1784622552381.2583,1784622553233,1784622554280.0,1784622554583.7144,851.742,1047.0,303.714,1784622074280.0,2202.456
tc-25-420000,1784622553371.2402,1784622554244,1784622554280.0,1784622554583.715,872.76,36.0,303.715,1784622074280.0,1212.475
tc-66-420000,1784622553031.2354,1784622553233,1784622554280.0,1784622554583.7158,201.765,1047.0,303.716,1784622074280.0,1552.48
tc-20-420000,1784622553181.234,1784622553233,1784622554280.0,1784622554583.7166,51.766,1047.0,303.717,1784622074280.0,1402.483
tc-21-420000,1784622552941.2434,1784622553233,1784622554280.0,1784622554583.7375,291.757,1047.0,303.738,1784622074280.0,1642.494
tc-70-420000,1784622552771.252,1784622553233,1784622554280.0,1784622554583.7385,461.748,1047.0,303.739,1784622074280.0,1812.487
tc-74-420000,1784622550561.2473,1784622551213,1784622554280.0,1784622554583.7393,651.753,3067.0,303.739,1784622074280.0,4022.492
tc-27-420000,1784622552161.2478,1784622552224,1784622554280.0,1784622554583.74,62.752,2056.0,303.74,1784622074280.0,2422.492
tc-58-420000,1784622553361.2454,1784622554244,1784622554280.0,1784622554583.7412,882.755,36.0,303.741,1784622074280.0,1222.496
tc-36-420000,1784622553281.2424,1784622554244,1784622554280.0,1784622554583.742,962.758,36.0,303.742,1784622074280.0,1302.5
tc-78-420000,1784622552971.2397,1784622553233,1784622554280.0,1784622554583.7427,261.76,1047.0,303.743,1784622074280.0,1612.503
tc-72-420000,1784622552361.2393,1784622553233,1784622554280.0,1784622554583.7434,871.761,1047.0,303.743,1784622074280.0,2222.504
tc-53-420000,1784622551451.2397,1784622552224,1784622554281.0,1784622554583.7441,772.76,2057.0,302.744,1784622074281.0,3132.504
tc-56-420000,1784622553241.2568,1784622554244,1784622554281.0,1784622554583.7449,1002.743,37.0,302.745,1784622074281.0,1342.488
tc-81-420000,1784622553111.2446,1784622553233,1784622554281.0,1784622554583.7456,121.755,1048.0,302.746,1784622074281.0,1472.501
tc-88-420000,1784622553071.2383,1784622553233,1784622554281.0,1784622554583.7515,161.762,1048.0,302.751,1784622074281.0,1512.513
tc-90-420000,1784622552561.2463,1784622553233,1784622554281.0,1784622554583.7522,671.754,1048.0,302.752,1784622074281.0,2022.506
tc-26-420000,1784622553231.237,1784622553233,1784622554281.0,1784622554583.753,1.763,1048.0,302.753,1784622074281.0,1352.516
tc-9-420000,1784622553151.236,1784622553233,1784622554281.0,1784622554583.7537,81.764,1048.0,302.754,1784622074281.0,1432.518
tc-0-420000,1784622553261.2483,1784622554244,1784622554281.0,1784622554583.7585,982.752,37.0,302.759,1784622074281.0,1322.51
tc-30-420000,1784622551961.2476,1784622552224,1784622554281.0,1784622554583.7673,262.752,2057.0,302.767,1784622074281.0,2622.52
tc-1-420000,1784622551661.2607,1784622552224,1784622554281.0,1784622554583.7683,562.739,2057.0,302.768,1784622074281.0,2922.508
tc-84-420000,1784622553301.2478,1784622554244,1784622554281.0,1784622554583.769,942.752,37.0,302.769,1784622074281.0,1282.521
tc-71-420000,1784622550801.2473,1784622551213,1784622554281.0,1784622554583.7698,411.753,3068.0,302.77,1784622074281.0,3782.522
tc-23-420000,1784622553091.2488,1784622553233,1784622554281.0,1784622554583.7708,141.751,1048.0,302.771,1784622074281.0,1492.522
tc-41-420000,1784622552621.2356,1784622553233,1784622554281.0,1784622554583.7712,611.764,1048.0,302.771,1784622074281.0,1962.536
tc-65-420000,1784622553001.2437,1784622553233,1784622554281.0,1784622554583.7725,231.756,1048.0,302.772,1784622074281.0,1582.529
tc-8-420000,1784622553021.2356,1784622553233,1784622554282.0,1784622554583.7732,211.764,1049.0,301.773,1784622074282.0,1562.538
tc-39-420000,1784622553291.2517,1784622554244,1784622554282.0,1784622554583.7808,952.748,38.0,301.781,1784622074282.0,1292.529
tc-4-420000,1784622552981.2441,1784622553233,1784622554282.0,1784622554583.7815,251.756,1049.0,301.781,1784622074282.0,1602.537
tc-67-420000,1784622552281.24,1784622553233,1784622554282.0,1784622554583.927,951.76,1049.0,301.927,1784622074282.0,2302.687
tc-73-420000,1784622552871.2388,1784622553233,1784622554282.0,1784622554583.9292,361.761,1049.0,301.929,1784622074282.0,1712.69
tc-45-420000,1784622551491.2373,1784622552224,1784622554282.0,1784622554583.93,732.763,2058.0,301.93,1784622074282.0,3092.693
tc-99-420000,1784622552861.2458,1784622553233,1784622554282.0,1784622554583.9307,371.754,1049.0,301.931,1784622074282.0,1722.685
tc-87-420000,1784622551121.24,1784622551213,1784622554282.0,1784622554583.9314,91.76,3069.0,301.931,1784622074282.0,3462.691
tc-11-420000,1784622553221.239,1784622553233,1784622554282.0,1784622554583.9324,11.761,1049.0,301.932,1784622074282.0,1362.693
tc-38-420000,1784622552001.2378,1784622552224,1784622554282.0,1784622554583.933,222.762,2058.0,301.933,1784622074282.0,2582.695
tc-62-420000,1784622551401.2488,1784622552224,1784622554282.0,1784622554583.934,822.751,2058.0,301.934,1784622074282.0,3182.685
tc-29-420000,1784622553051.238,1784622553233,1784622554282.0,1784622554583.9348,181.762,1049.0,301.935,1784622074282.0,1532.697
tc-76-420000,1784622553321.238,1784622554244,1784622554282.0,1784622554584.102,922.762,38.0,302.102,1784622074282.0,1262.864
tc-79-420000,1784622553161.2458,1784622553233,1784622554282.0,1784622554584.1033,71.754,1049.0,302.103,1784622074282.0,1422.857
tc-51-420000,1784622552631.2468,1784622553233,1784622554282.0,1784622554584.104,601.753,1049.0,302.104,1784622074282.0,1952.857
tc-13-420000,1784622552961.2478,1784622553233,1784622554283.0,1784622554584.121,271.752,1050.0,301.121,1784622074283.0,1622.873
tc-7-420000,1784622553271.2393,1784622554244,1784622554283.0,1784622554584.124,972.761,39.0,301.124,1784622074283.0,1312.885
tc-44-420000,1784622550583.5374,1784622551213,1784622554283.0,1784622554584.1248,629.463,3070.0,301.125,1784622074283.0,4000.587
tc-5-420000,1784622552641.2527,1784622553233,1784622554283.0,1784622554584.1255,591.747,1050.0,301.125,1784622074283.0,1942.873
tc-52-420000,1784622551281.235,1784622552224,1784622554283.0,1784622554584.126,942.765,2059.0,301.126,1784622074283.0,3302.891
tc-94-420000,1784622553211.2544,1784622553233,1784622554283.0,1784622554584.2437,21.746,1050.0,301.244,1784622074283.0,1372.989
tc-14-420000,1784622552451.243,1784622553233,1784622554283.0,1784622554584.2466,781.757,1050.0,301.247,1784622074283.0,2133.004
tc-35-420000,1784622553251.239,1784622554244,1784622554283.0,1784622554584.2473,992.761,39.0,301.247,1784622074283.0,1333.008
tc-46-420000,1784622552921.2395,1784622553233,1784622554283.0,1784622554584.2483,311.76,1050.0,301.248,1784622074283.0,1663.009
tc-6-420000,1784622552041.239,1784622552224,1784622554283.0,1784622554584.249,182.761,2059.0,301.249,1784622074283.0,2543.01
tc-2-420000,1784622553041.2424,1784622553233,1784622554283.0,1784622554584.2498,191.758,1050.0,301.25,1784622074283.0,1543.007
tc-18-420000,1784622553331.2422,1784622554244,1784622554283.0,1784622554584.2505,912.758,39.0,301.25,1784622074283.0,1253.008
tc-89-420000,1784622553341.245,1784622554244,1784622554283.0,1784622554584.2512,902.755,39.0,301.251,1784622074283.0,1243.006
tc-22-420000,1784622552671.2432,1784622553233,1784622554284.0,1784622554584.2607,561.757,1051.0,300.261,1784622074284.0,1913.018
tc-49-420000,1784622552331.2363,1784622553233,1784622554284.0,1784622554584.2615,901.764,1051.0,300.261,1784622074284.0,2253.025
tc-69-420000,1784622552841.245,1784622553233,1784622554284.0,1784622554584.2883,391.755,1051.0,300.288,1784622074284.0,1743.043
tc-40-420000,1784622553101.2458,1784622553233,1784622554284.0,1784622554584.2893,131.754,1051.0,300.289,1784622074284.0,1483.043
tc-24-420000,1784622551721.2478,1784622552224,1784622554284.0,1784622554584.2903,502.752,2060.0,300.29,1784622074284.0,2863.042
tc-48-420000,1784622552051.2383,1784622552224,1784622554284.0,1784622554584.291,172.762,2060.0,300.291,1784622074284.0,2533.053
tc-96-420000,1784622551171.2336,1784622551213,1784622554284.0,1784622554584.2917,41.766,3071.0,300.292,1784622074284.0,3413.058
tc-34-420000,1784622553391.2446,1784622554244,1784622554284.0,1784622554584.2922,852.755,40.0,300.292,1784622074284.0,1193.048
tc-85-420000,1784622551311.2495,1784622552224,1784622554284.0,1784622554584.293,912.75,2060.0,300.293,1784622074284.0,3273.043
tc-92-420000,1784622550571.2368,1784622551213,1784622554284.0,1784622554584.2937,641.763,3071.0,300.294,1784622074284.0,4013.057
tc-12-420000,1784622552271.239,1784622553233,1784622554284.0,1784622554584.2942,961.761,1051.0,300.294,1784622074284.0,2313.055
tc-17-420000,1784622552811.2473,1784622553233,1784622554284.0,1784622554584.2952,421.753,1051.0,300.295,1784622074284.0,1773.048
tc-19-420000,1784622551571.2388,1784622552224,1784622554284.0,1784622554584.296,652.761,2060.0,300.296,1784622074284.0,3013.057
tc-15-420000,1784622553171.2393,1784622553233,1784622554284.0,1784622554584.2966,61.761,1051.0,300.297,1784622074284.0,1413.057
tc-32-420000,1784622551231.2402,1784622552224,1784622554285.0,1784622554584.2974,992.76,2061.0,299.297,1784622074285.0,3353.057
tc-95-420000,1784622552131.244,1784622552224,1784622554285.0,1784622554584.318,92.756,2061.0,299.318,1784622074285.0,2453.074
tc-86-420000,1784622552831.2415,1784622553233,1784622554285.0,1784622554584.319,401.759,1052.0,299.319,1784622074285.0,1753.078
tc-59-420000,1784622553351.2366,1784622554244,1784622554285.0,1784622554584.3198,892.763,41.0,299.32,1784622074285.0,1233.083
tc-3-420000,1784622552601.2468,1784622553233,1784622554285.0,1784622554584.3206,631.753,1052.0,299.321,1784622074285.0,1983.074
tc-63-420000,1784622550401.2573,1784622551213,1784622554285.0,1784622554584.321,811.743,3072.0,299.321,1784622074285.0,4183.064
tc-82-420000,1784622552711.2517,1784622553233,1784622554285.0,1784622554584.3218,521.748,1052.0,299.322,1784622074285.0,1873.07
tc-16-420000,1784622553131.2498,1784622553233,1784622554285.0,1784622554584.3223,101.75,1052.0,299.322,1784622074285.0,1453.073
tc-31-420000,1784622551521.2478,1784622552224,1784622554285.0,1784622554584.323,702.752,2061.0,299.323,1784622074285.0,3063.075
tc-54-420000,1784622551941.2368,1784622552224,1784622554285.0,1784622554584.3677,282.763,2061.0,299.368,1784622074285.0,2643.131
tc-28-480000,1784622559281.2354,1784622559293,1784622560484.0,1784622560656.8582,11.765,1191.0,172.858,1784622020484.0,1375.623
tc-3-480000,1784622559091.238,1784622559293,1784622560484.0,1784622560656.861,201.762,1191.0,172.861,1784622020484.0,1565.623
tc-61-480000,1784622558871.2317,1784622559293,1784622560485.0,1784622560656.8623,421.768,1192.0,171.862,1784622020485.0,1785.631
tc-24-480000,1784622558861.2375,1784622559293,1784622560485.0,1784622560656.8635,431.762,1192.0,171.864,1784622020485.0,1795.626
tc-82-480000,1784622558901.2332,1784622559293,1784622560485.0,1784622560656.8643,391.767,1192.0,171.864,1784622020485.0,1755.631
tc-6-480000,1784622557101.2441,1784622557273,1784622560485.0,1784622560656.8652,171.756,3212.0,171.865,1784622020485.0,3555.621
tc-40-480000,1784622557301.2458,1784622558283,1784622560485.0,1784622560656.8767,981.754,2202.0,171.877,1784622020485.0,3355.631
tc-49-480000,1784622559271.2324,1784622559293,1784622560485.0,1784622560656.8774,21.768,1192.0,171.877,1784622020485.0,1385.645
tc-8-480000,1784622558771.2322,1784622559293,1784622560485.0,1784622560656.8782,521.768,1192.0,171.878,1784622020485.0,1885.646
tc-83-480000,1784622556051.2444,1784622556263,1784622560485.0,1784622560656.8792,211.756,4222.0,171.879,1784622020485.0,4605.635
tc-53-480000,1784622559351.2341,1784622560303,1784622560485.0,1784622560656.88,951.766,182.0,171.88,1784622020485.0,1305.646
tc-60-480000,1784622557521.2473,1784622558283,1784622560485.0,1784622560656.8804,761.753,2202.0,171.88,1784622020485.0,3135.633
tc-80-480000,1784622559371.2417,1784622560303,1784622560485.0,1784622560656.881,931.758,182.0,171.881,1784622020485.0,1285.639
tc-79-480000,1784622559031.2358,1784622559293,1784622560485.0,1784622560656.8862,261.764,1192.0,171.886,1784622020485.0,1625.65
tc-71-480000,1784622558911.24,1784622559293,1784622560485.0,1784622560656.887,381.76,1192.0,171.887,1784622020485.0,1745.647
tc-68-480000,1784622559101.2432,1784622559293,1784622560485.0,1784622560656.888,191.757,1192.0,171.888,1784622020485.0,1555.645
tc-15-480000,1784622558761.2395,1784622559293,1784622560485.0,1784622560656.8887,531.76,1192.0,171.889,1784622020485.0,1895.649
tc-87-480000,1784622559241.2385,1784622559293,1784622560485.0,1784622560656.8894,51.761,1192.0,171.889,1784622020485.0,1415.651
tc-48-480000,1784622558881.2346,1784622559293,1784622560485.0,1784622560656.8901,411.765,1192.0,171.89,1784622020485.0,1775.656
tc-16-480000,1784622558971.2324,1784622559293,1784622560485.0,1784622560656.8909,321.768,1192.0,171.891,1784622020485.0,1685.658
tc-59-480000,1784622559141.235,1784622559293,1784622560485.0,1784622560656.8916,151.765,1192.0,171.892,1784622020485.0,1515.656
tc-91-480000,1784622556331.243,1784622557273,1784622560485.0,1784622560656.8926,941.757,3212.0,171.893,1784622020485.0,4325.65
tc-26-480000,1784622558481.2346,1784622559293,1784622560485.0,1784622560656.8933,811.765,1192.0,171.893,1784622020485.0,2175.659
tc-99-480000,1784622559001.2317,1784622559293,1784622560485.0,1784622560656.8938,291.768,1192.0,171.894,1784622020485.0,1655.662
tc-2-480000,1784622559071.2322,1784622559293,1784622560485.0,1784622560656.8945,221.768,1192.0,171.895,1784622020485.0,1585.662
tc-41-480000,1784622558981.2336,1784622559293,1784622560485.0,1784622560656.8953,311.766,1192.0,171.895,1784622020485.0,1675.662
tc-74-480000,1784622558071.2378,1784622558283,1784622560485.0,1784622560656.896,211.762,2202.0,171.896,1784622020485.0,2585.658
tc-38-480000,1784622558051.2366,1784622558283,1784622560485.0,1784622560656.9016,231.763,2202.0,171.902,1784622020485.0,2605.665
tc-43-480000,1784622558891.2334,1784622559293,1784622560485.0,1784622560656.9023,401.767,1192.0,171.902,1784622020485.0,1765.669
tc-85-480000,1784622558511.2344,1784622559293,1784622560485.0,1784622560657.1226,781.766,1192.0,172.123,1784622020485.0,2145.888
tc-27-480000,1784622559121.247,1784622559293,1784622560486.0,1784622560657.124,171.753,1193.0,171.124,1784622020486.0,1535.877
tc-36-480000,1784622558711.2483,1784622559293,1784622560486.0,1784622560657.1248,581.752,1193.0,171.125,1784622020486.0,1945.876
tc-69-480000,1784622558431.2332,1784622559293,1784622560486.0,1784622560657.1252,861.767,1193.0,171.125,1784622020486.0,2225.892
tc-64-480000,1784622559381.243,1784622560303,1784622560486.0,1784622560657.1267,921.757,183.0,171.127,1784622020486.0,1275.884
tc-96-480000,1784622559131.2415,1784622559293,1784622560486.0,1784622560657.1272,161.759,1193.0,171.127,1784622020486.0,1525.886
tc-19-480000,1784622558951.239,1784622559293,1784622560486.0,1784622560657.1282,341.761,1193.0,171.128,1784622020486.0,1705.889
tc-45-480000,1784622553641.2595,1784622554244,1784622560486.0,1784622560657.1292,602.74,6242.0,171.129,1784622020486.0,7015.87
tc-22-480000,1784622559041.2383,1784622559293,1784622560486.0,1784622560657.1345,251.762,1193.0,171.135,1784622020486.0,1615.896
tc-50-480000,1784622558941.2354,1784622559293,1784622560486.0,1784622560657.1353,351.765,1193.0,171.135,1784622020486.0,1715.9
tc-23-480000,1784622558471.2334,1784622559293,1784622560486.0,1784622560657.136,821.767,1193.0,171.136,1784622020486.0,2185.903
tc-66-480000,1784622555681.237,1784622556263,1784622560486.0,1784622560657.1365,581.763,4223.0,171.136,1784622020486.0,4975.899
tc-29-480000,1784622558821.2363,1784622559293,1784622560486.0,1784622560657.1372,471.764,1193.0,171.137,1784622020486.0,1835.901
tc-95-480000,1784622559311.241,1784622560303,1784622560486.0,1784622560657.138,991.759,183.0,171.138,1784622020486.0,1345.897
tc-63-480000,1784622559111.2483,1784622559293,1784622560486.0,1784622560657.1428,181.752,1193.0,171.143,1784622020486.0,1545.895
tc-57-480000,1784622558561.2441,1784622559293,1784622560486.0,1784622560657.1438,731.756,1193.0,171.144,1784622020486.0,2095.9
tc-97-480000,1784622559321.249,1784622560303,1784622560486.0,1784622560657.1445,981.751,183.0,171.145,1784622020486.0,1335.896
tc-90-480000,1784622559081.2373,1784622559293,1784622560486.0,1784622560657.1453,211.763,1193.0,171.145,1784622020486.0,1575.908
tc-54-480000,1784622559391.2488,1784622560303,1784622560486.0,1784622560657.146,911.751,183.0,171.146,1784622020486.0,1265.897
tc-34-480000,1784622556641.25,1784622557273,1784622560486.0,1784622560657.1506,631.75,3213.0,171.151,1784622020486.0,4015.901
tc-56-480000,1784622558781.2368,1784622559293,1784622560486.0,1784622560657.1516,511.763,1193.0,171.152,1784622020486.0,1875.915
tc-39-480000,1784622559291.2415,1784622559293,1784622560486.0,1784622560657.1523,1.759,1193.0,171.152,1784622020486.0,1365.911
tc-47-480000,1784622559221.2388,1784622559293,1784622560486.0,1784622560657.153,71.761,1193.0,171.153,1784622020486.0,1435.914
tc-30-480000,1784622558591.2324,1784622559293,1784622560486.0,1784622560657.1536,701.768,1193.0,171.154,1784622020486.0,2065.921
tc-75-480000,1784622559011.2344,1784622559293,1784622560486.0,1784622560657.1543,281.766,1193.0,171.154,1784622020486.0,1645.92
tc-5-480000,1784622557471.241,1784622558283,1784622560486.0,1784622560657.155,811.759,2203.0,171.155,1784622020486.0,3185.914
tc-7-480000,1784622557231.2375,1784622557273,1784622560486.0,1784622560657.208,41.762,3213.0,171.208,1784622020486.0,3425.97
tc-78-480000,1784622559021.236,1784622559293,1784622560486.0,1784622560657.209,271.764,1193.0,171.209,1784622020486.0,1635.973
tc-12-480000,1784622558391.234,1784622559293,1784622560486.0,1784622560657.2102,901.766,1193.0,171.21,1784622020486.0,2265.976
tc-65-480000,1784622558851.2354,1784622559293,1784622560486.0,1784622560657.211,441.765,1193.0,171.211,1784622020486.0,1805.976
tc-46-480000,1784622558631.241,1784622559293,1784622560486.0,1784622560657.2117,661.759,1193.0,171.212,1784622020486.0,2025.971
tc-88-480000,1784622558331.238,1784622559293,1784622560486.0,1784622560657.2124,961.762,1193.0,171.212,1784622020486.0,2325.974
tc-17-480000,1784622558301.2388,1784622559293,1784622560486.0,1784622560657.2131,991.761,1193.0,171.213,1784622020486.0,2355.974
tc-21-480000,1784622559361.2458,1784622560303,1784622560486.0,1784622560657.2136,941.754,183.0,171.214,1784622020486.0,1295.968
tc-94-480000,1784622558681.235,1784622559293,1784622560487.0,1784622560657.2144,611.765,1194.0,170.214,1784622020487.0,1975.979
tc-33-480000,1784622558161.2588,1784622558283,1784622560487.0,1784622560657.2173,121.741,2204.0,170.217,1784622020487.0,2495.958
tc-77-480000,1784622557181.2366,1784622557273,1784622560487.0,1784622560657.218,91.763,3214.0,170.218,1784622020487.0,3475.981
tc-58-480000,1784622559251.2327,1784622559293,1784622560487.0,1784622560657.2185,41.767,1194.0,170.219,1784622020487.0,1405.986
tc-18-480000,1784622558251.2412,1784622558283,1784622560487.0,1784622560657.2192,31.759,2204.0,170.219,1784622020487.0,2405.978
tc-9-480000,1784622558031.2563,1784622558283,1784622560487.0,1784622560657.22,251.744,2204.0,170.22,1784622020487.0,2625.964
tc-4-480000,1784622556771.2483,1784622557273,1784622560487.0,1784622560657.2205,501.752,3214.0,170.22,1784622020487.0,3885.972
tc-52-480000,1784622559331.237,1784622560303,1784622560487.0,1784622560657.2263,971.763,184.0,170.226,1784622020487.0,1325.989
tc-35-480000,1784622555651.2444,1784622556263,1784622560487.0,1784622560657.227,611.756,4224.0,170.227,1784622020487.0,5005.983
tc-84-480000,1784622559231.2356,1784622559293,1784622560487.0,1784622560657.3088,61.764,1194.0,170.309,1784622020487.0,1426.073
tc-51-480000,1784622558461.2344,1784622559293,1784622560487.0,1784622560657.3105,831.766,1194.0,170.311,1784622020487.0,2196.076
tc-20-480000,1784622554871.2412,1784622555253,1784622560487.0,1784622560657.3115,381.759,5234.0,170.312,1784622020487.0,5786.07
tc-92-480000,1784622558921.2344,1784622559293,1784622560487.0,1784622560657.3123,371.766,1194.0,170.312,1784622020487.0,1736.078
tc-67-480000,1784622557961.2368,1784622558283,1784622560487.0,1784622560657.313,321.763,2204.0,170.313,1784622020487.0,2696.076
tc-25-480000,1784622559211.2507,1784622559293,1784622560487.0,1784622560657.3137,81.749,1194.0,170.314,1784622020487.0,1446.063
tc-86-480000,1784622558261.2424,1784622558283,1784622560487.0,1784622560657.3147,21.758,2204.0,170.315,1784622020487.0,2396.072
tc-0-480000,1784622558151.253,1784622558283,1784622560487.0,1784622560657.3154,131.747,2204.0,170.315,1784622020487.0,2506.062
tc-81-480000,1784622559191.234,1784622559293,1784622560487.0,1784622560657.3162,101.766,1194.0,170.316,1784622020487.0,1466.082
tc-55-480000,1784622559261.236,1784622559293,1784622560487.0,1784622560657.317,31.764,1194.0,170.317,1784622020487.0,1396.081
tc-37-480000,1784622558661.2405,1784622559293,1784622560487.0,1784622560657.3176,631.76,1194.0,170.318,1784622020487.0,1996.077
tc-70-480000,1784622558001.234,1784622558283,1784622560487.0,1784622560657.318,281.766,2204.0,170.318,1784622020487.0,2656.084
tc-72-480000,1784622557621.248,1784622558283,1784622560487.0,1784622560657.3188,661.752,2204.0,170.319,1784622020487.0,3036.071
tc-76-480000,1784622557491.2407,1784622558283,1784622560487.0,1784622560657.4219,791.759,2204.0,170.422,1784622020487.0,3166.181
tc-93-480000,1784622559151.235,1784622559293,1784622560487.0,1784622560657.4238,141.765,1194.0,170.424,1784622020487.0,1506.189
tc-98-480000,1784622558411.235,1784622559293,1784622560487.0,1784622560657.434,881.765,1194.0,170.434,1784622020487.0,2246.199
tc-11-480000,1784622559181.236,1784622559293,1784622560487.0,1784622560657.435,111.764,1194.0,170.435,1784622020487.0,1476.199
tc-62-480000,1784622558111.239,1784622558283,1784622560487.0,1784622560657.4358,171.761,2204.0,170.436,1784622020487.0,2546.197
tc-32-480000,1784622559051.2346,1784622559293,1784622560487.0,1784622560657.4363,241.765,1194.0,170.436,1784622020487.0,1606.202
tc-14-480000,1784622559301.2483,1784622560303,1784622560487.0,1784622560657.437,1001.752,184.0,170.437,1784622020487.0,1356.189
tc-1-480000,1784622557211.2407,1784622557273,1784622560487.0,1784622560657.4377,61.759,3214.0,170.438,1784622020487.0,3446.197
tc-73-480000,1784622557541.2407,1784622558283,1784622560487.0,1784622560657.4382,741.759,2204.0,170.438,1784622020487.0,3116.198
tc-10-480000,1784622558931.2332,1784622559293,1784622560487.0,1784622560657.439,361.767,1194.0,170.439,1784622020487.0,1726.206
tc-42-480000,1784622557591.239,1784622558283,1784622560488.0,1784622560657.4397,691.761,2205.0,169.44,1784622020488.0,3066.201
tc-13-480000,1784622557391.2344,1784622558283,1784622560488.0,1784622560657.4402,891.766,2205.0,169.44,1784622020488.0,3266.206
tc-31-480000,1784622558531.2524,1784622559293,1784622560488.0,1784622560657.4407,761.748,1195.0,169.441,1784622020488.0,2126.188
tc-89-480000,1784622559161.2366,1784622559293,1784622560488.0,1784622560657.4414,131.763,1195.0,169.441,1784622020488.0,1496.205
tc-44-480000,1784622559341.2427,1784622560303,1784622560488.0,1784622560657.467,961.757,185.0,169.467,1784622020488.0,1316.224
tc-82-540000,1784622564701.247,1784622565353,1784622565489.0,1784622565552.843,651.753,136.0,63.843,1784621965489.0,851.596
tc-9-540000,1784622565091.2349,1784622565353,1784622565489.0,1784622565552.8467,261.765,136.0,63.847,1784621965489.0,461.612
tc-78-540000,1784622563741.2402,1784622564343,1784622565489.0,1784622565552.8477,601.76,1146.0,63.848,1784621965489.0,1811.607
tc-70-540000,1784622565011.2344,1784622565353,1784622565489.0,1784622565552.8489,341.766,136.0,63.849,1784621965489.0,541.615
tc-51-540000,1784622565321.2615,1784622565353,1784622565489.0,1784622565552.8496,31.739,136.0,63.85,1784621965489.0,231.588
tc-52-540000,1784622565231.25,1784622565353,1784622565489.0,1784622565552.8557,121.75,136.0,63.856,1784621965489.0,321.606
tc-49-540000,1784622564111.25,1784622564343,1784622565489.0,1784622565552.861,231.75,1146.0,63.861,1784621965489.0,1441.611
tc-90-540000,1784622564431.2556,1784622565353,1784622565489.0,1784622565552.866,921.744,136.0,63.866,1784621965489.0,1121.61
tc-21-540000,1784622564081.2375,1784622564343,1784622565489.0,1784622565552.8665,261.762,1146.0,63.866,1784621965489.0,1471.629
tc-84-540000,1784622564951.2446,1784622565353,1784622565489.0,1784622565552.8674,401.755,136.0,63.867,1784621965489.0,601.623
tc-11-540000,1784622564661.2698,1784622565353,1784622565489.0,1784622565552.8682,691.73,136.0,63.868,1784621965489.0,891.598
tc-7-540000,1784622564461.2393,1784622565353,1784622565489.0,1784622565552.8726,891.761,136.0,63.873,1784621965489.0,1091.633
tc-53-540000,1784622565351.2505,1784622565353,1784622565489.0,1784622565552.873,1.75,136.0,63.873,1784621965489.0,201.623
tc-86-540000,1784622565361.2417,1784622565405,1784622565489.0,1784622565552.8738,43.758,84.0,63.874,1784621965489.0,191.632
tc-77-540000,1784622565191.2634,1784622565353,1784622565489.0,1784622565552.8743,161.737,136.0,63.874,1784621965489.0,361.611
tc-3-540000,1784622561571.2395,1784622562323,1784622565489.0,1784622565552.8748,751.76,3166.0,63.875,1784621965489.0,3981.635
tc-69-540000,1784622565261.235,1784622565353,1784622565489.0,1784622565552.8752,91.765,136.0,63.875,1784621965489.0,291.64
tc-13-540000,1784622564011.2517,1784622564343,1784622565489.0,1784622565552.8757,331.748,1146.0,63.876,1784621965489.0,1541.624
tc-64-540000,1784622562751.2432,1784622563333,1784622565489.0,1784622565552.8762,581.757,2156.0,63.876,1784621965489.0,2801.633
tc-19-540000,1784622564761.2349,1784622565353,1784622565489.0,1784622565552.877,591.765,136.0,63.877,1784621965489.0,791.642
tc-66-540000,1784622562341.2356,1784622563333,1784622565489.0,1784622565552.8774,991.764,2156.0,63.877,1784621965489.0,3211.642
tc-62-540000,1784622565001.242,1784622565353,1784622565489.0,1784622565552.878,351.758,136.0,63.878,1784621965489.0,551.636
tc-87-540000,1784622564681.241,1784622565353,1784622565489.0,1784622565552.8787,671.759,136.0,63.879,1784621965489.0,871.638
tc-16-540000,1784622564931.2424,1784622565353,1784622565489.0,1784622565552.8792,421.758,136.0,63.879,1784621965489.0,621.637
tc-31-540000,1784622564671.2493,1784622565353,1784622565489.0,1784622565552.8835,681.751,136.0,63.884,1784621965489.0,881.634
tc-79-540000,1784622564921.238,1784622565353,1784622565489.0,1784622565552.8843,431.762,136.0,63.884,1784621965489.0,631.646
tc-92-540000,1784622564741.2368,1784622565353,1784622565489.0,1784622565552.8848,611.763,136.0,63.885,1784621965489.0,811.648
tc-39-540000,1784622565181.2383,1784622565353,1784622565490.0,1784622565552.8853,171.762,137.0,62.885,1784621965490.0,371.647
tc-74-540000,1784622563911.2646,1784622564343,1784622565490.0,1784622565552.8857,431.735,1147.0,62.886,1784621965490.0,1641.621
tc-23-540000,1784622563981.2556,1784622564343,1784622565490.0,1784622565552.8865,361.744,1147.0,62.886,1784621965490.0,1571.631
tc-43-540000,1784622565311.2358,1784622565353,1784622565490.0,1784622565552.887,41.764,137.0,62.887,1784621965490.0,241.651
tc-99-540000,1784622563631.253,1784622564343,1784622565490.0,1784622565552.8875,711.747,1147.0,62.887,1784621965490.0,1921.635
tc-36-540000,1784622565331.243,1784622565353,1784622565490.0,1784622565552.888,21.757,137.0,62.888,1784621965490.0,221.645
tc-58-540000,1784622564391.2405,1784622565353,1784622565490.0,1784622565552.8884,961.76,137.0,62.888,1784621965490.0,1161.648
tc-65-540000,1784622565241.2402,1784622565353,1784622565490.0,1784622565552.8936,111.76,137.0,62.894,1784621965490.0,311.653
tc-14-540000,1784622563841.2573,1784622564343,1784622565490.0,1784622565552.894,501.743,1147.0,62.894,1784621965490.0,1711.637
tc-22-540000,1784622563851.2598,1784622564343,1784622565490.0,1784622565552.8945,491.74,1147.0,62.895,1784621965490.0,1701.635
tc-37-540000,1784622563421.2537,1784622564343,1784622565490.0,1784622565552.895,921.746,1147.0,62.895,1784621965490.0,2131.641
tc-2-540000,1784622563511.2432,1784622564343,1784622565490.0,1784622565552.8955,831.757,1147.0,62.896,1784621965490.0,2041.652
tc-25-540000,1784622561201.2546,1784622561314,1784622565490.0,1784622565552.8962,112.745,4176.0,62.896,1784621965490.0,4351.642
tc-89-540000,1784622563451.2493,1784622564343,1784622565490.0,1784622565552.8972,891.751,1147.0,62.897,1784621965490.0,2101.648
tc-45-540000,1784622564501.2417,1784622565353,1784622565490.0,1784622565552.898,851.758,137.0,62.898,1784621965490.0,1051.656
tc-1-540000,1784622565341.257,1784622565353,1784622565490.0,1784622565552.9307,11.743,137.0,62.931,1784621965490.0,211.674
tc-29-540000,1784622564851.2507,1784622565353,1784622565490.0,1784622565552.9314,501.749,137.0,62.931,1784621965490.0,701.681
tc-24-540000,1784622564581.2417,1784622565353,1784622565490.0,1784622565552.9321,771.758,137.0,62.932,1784621965490.0,971.69
tc-50-540000,1784622565041.2366,1784622565353,1784622565490.0,1784622565552.9326,311.763,137.0,62.933,1784621965490.0,511.696
tc-94-540000,1784622561621.2356,1784622562323,1784622565490.0,1784622565552.933,701.764,3167.0,62.933,1784621965490.0,3931.698
tc-15-540000,1784622565081.2354,1784622565353,1784622565490.0,1784622565552.9338,271.765,137.0,62.934,1784621965490.0,471.698
tc-46-540000,1784622563261.2551,1784622563333,1784622565490.0,1784622565552.9343,71.745,2157.0,62.934,1784621965490.0,2291.679
tc-67-540000,1784622564801.2405,1784622565353,1784622565490.0,1784622565552.9348,551.76,137.0,62.935,1784621965490.0,751.694
tc-68-540000,1784622565151.2393,1784622565353,1784622565490.0,1784622565552.9353,201.761,137.0,62.935,1784621965490.0,401.696
tc-63-540000,1784622563401.2515,1784622564343,1784622565490.0,1784622565552.9358,941.749,1147.0,62.936,1784621965490.0,2151.684
tc-20-540000,1784622564791.235,1784622565353,1784622565490.0,1784622565552.9365,561.765,137.0,62.937,1784621965490.0,761.701
tc-6-540000,1784622563461.2341,1784622564343,1784622565490.0,1784622565552.937,881.766,1147.0,62.937,1784621965490.0,2091.703
tc-93-540000,1784622565211.245,1784622565353,1784622565490.0,1784622565552.938,141.755,137.0,62.938,1784621965490.0,341.693
tc-26-540000,1784622565281.2478,1784622565353,1784622565490.0,1784622565552.9387,71.752,137.0,62.939,1784621965490.0,271.691
tc-10-540000,1784622565141.2402,1784622565353,1784622565490.0,1784622565552.9392,211.76,137.0,62.939,1784621965490.0,411.699
tc-38-540000,1784622565391.237,1784622565405,1784622565490.0,1784622565552.9397,13.763,85.0,62.94,1784621965490.0,161.703
tc-88-540000,1784622564711.2512,1784622565353,1784622565490.0,1784622565552.9402,641.749,137.0,62.94,1784621965490.0,841.689
tc-95-540000,1784622564341.248,1784622564343,1784622565490.0,1784622565552.941,1.752,1147.0,62.941,1784621965490.0,1211.693
tc-54-540000,1784622560971.242,1784622561314,1784622565490.0,1784622565552.9414,342.758,4176.0,62.941,1784621965490.0,4581.699
tc-80-540000,1784622564221.242,1784622564343,1784622565490.0,1784622565552.942,121.758,1147.0,62.942,1784621965490.0,1331.7
tc-91-540000,1784622565251.241,1784622565353,1784622565490.0,1784622565552.9465,101.759,137.0,62.947,1784621965490.0,301.706
tc-71-540000,1784622565371.2349,1784622565405,1784622565490.0,1784622565552.9473,33.765,85.0,62.947,1784621965490.0,181.712
tc-42-540000,1784622564961.2334,1784622565353,1784622565490.0,1784622565552.9478,391.767,137.0,62.948,1784621965490.0,591.714
tc-55-540000,1784622565221.2617,1784622565353,1784622565490.0,1784622565552.9482,131.738,137.0,62.948,1784621965490.0,331.687
tc-61-540000,1784622565031.255,1784622565353,1784622565490.0,1784622565552.9487,321.745,137.0,62.949,1784621965490.0,521.694
tc-96-540000,1784622564751.233,1784622565353,1784622565490.0,1784622565552.9495,601.767,137.0,62.949,1784621965490.0,801.717
tc-76-540000,1784622565381.2324,1784622565405,1784622565490.0,1784622565552.9536,23.768,85.0,62.954,1784621965490.0,171.721
tc-0-540000,1784622562251.2373,1784622562323,1784622565490.0,1784622565552.9543,71.763,3167.0,62.954,1784621965490.0,3301.717
tc-60-540000,1784622563881.252,1784622564343,1784622565490.0,1784622565552.9548,461.748,1147.0,62.955,1784621965490.0,1671.703
tc-75-540000,1784622564521.2559,1784622565353,1784622565490.0,1784622565552.9553,831.744,137.0,62.955,1784621965490.0,1031.699
tc-47-540000,1784622563931.251,1784622564343,1784622565490.0,1784622565552.9558,411.749,1147.0,62.956,1784621965490.0,1621.705
tc-30-540000,1784622565301.2583,1784622565353,1784622565490.0,1784622565552.9563,51.742,137.0,62.956,1784621965490.0,251.698
tc-35-540000,1784622564841.2366,1784622565353,1784622565490.0,1784622565552.957,511.763,137.0,62.957,1784621965490.0,711.72
tc-18-540000,1784622563961.2615,1784622564343,1784622565490.0,1784622565552.9575,381.739,1147.0,62.958,1784621965490.0,1591.696
tc-5-540000,1784622565071.242,1784622565353,1784622565490.0,1784622565552.973,281.758,137.0,62.973,1784621965490.0,481.731
tc-27-540000,1784622563381.2449,1784622564343,1784622565491.0,1784622565552.9734,961.755,1148.0,61.973,1784621965491.0,2171.729
tc-40-540000,1784622564861.237,1784622565353,1784622565491.0,1784622565552.974,491.763,138.0,61.974,1784621965491.0,691.737
tc-44-540000,1784622565201.262,1784622565353,1784622565491.0,1784622565552.9746,151.738,138.0,61.975,1784621965491.0,351.713
tc-85-540000,1784622565271.234,1784622565353,1784622565491.0,1784622565552.975,81.766,138.0,61.975,1784621965491.0,281.741
tc-41-540000,1784622565111.2336,1784622565353,1784622565491.0,1784622565552.9756,241.766,138.0,61.976,1784621965491.0,441.742
tc-97-540000,1784622564811.2385,1784622565353,1784622565491.0,1784622565552.9763,541.761,138.0,61.976,1784621965491.0,741.738
tc-12-540000,1784622564441.239,1784622565353,1784622565491.0,1784622565552.9873,911.761,138.0,61.987,1784621965491.0,1111.748
tc-81-540000,1784622562921.2512,1784622563333,1784622565491.0,1784622565552.9878,411.749,2158.0,61.988,1784621965491.0,2631.737
tc-83-540000,1784622565061.2356,1784622565353,1784622565491.0,1784622565552.9883,291.764,138.0,61.988,1784621965491.0,491.753
tc-33-540000,1784622565121.2432,1784622565353,1784622565491.0,1784622565552.9932,231.757,138.0,61.993,1784621965491.0,431.75
tc-73-540000,1784622564821.239,1784622565353,1784622565491.0,1784622565552.994,531.761,138.0,61.994,1784621965491.0,731.755
tc-57-540000,1784622565131.254,1784622565353,1784622565491.0,1784622565552.9944,221.746,138.0,61.994,1784621965491.0,421.74
tc-48-540000,1784622563241.2407,1784622563333,1784622565491.0,1784622565552.9949,91.759,2158.0,61.995,1784621965491.0,2311.754
tc-32-540000,1784622564241.2402,1784622564343,1784622565491.0,1784622565552.9954,101.76,1148.0,61.995,1784621965491.0,1311.755
tc-8-540000,1784622562871.2466,1784622563333,1784622565491.0,1784622565552.9958,461.753,2158.0,61.996,1784621965491.0,2681.749
tc-59-540000,1784622562501.243,1784622563333,1784622565491.0,1784622565552.9963,831.757,2158.0,61.996,1784621965491.0,3051.753
tc-28-540000,1784622564731.254,1784622565353,1784622565491.0,1784622565552.9968,621.746,138.0,61.997,1784621965491.0,821.743
tc-56-540000,1784622565171.2454,1784622565353,1784622565491.0,1784622565552.9973,181.755,138.0,61.997,1784621965491.0,381.752
tc-17-540000,1784622564541.2288,1784622565353,1784622565491.0,1784622565552.9978,811.771,138.0,61.998,1784621965491.0,1011.769
tc-4-540000,1784622564891.2358,1784622565353,1784622565491.0,1784622565552.9983,461.764,138.0,61.998,1784621965491.0,661.762
tc-34-540000,1784622563781.2458,1784622564343,1784622565491.0,1784622565552.9988,561.754,1148.0,61.999,1784621965491.0,1771.753
tc-98-540000,1784622564781.2378,1784622565353,1784622565491.0,1784622565552.9993,571.762,138.0,61.999,1784621965491.0,771.761
tc-72-540000,1784622565101.2507,1784622565353,1784622565491.0,1784622565553.0,251.749,138.0,62.0,1784621965491.0,451.749
