event_id,t0_ms,t1_ms,t2_ms,t3_ms,write_to_input_append_latency_ms,input_append_to_result_emission_latency_ms,l_visibility_ms,l_closure_ms,latency_ms
ss-0-60000,1784549640545.1772,1784549640747,1784549651560.0,1784549651694.6013,201.823,10813.0,134.601,1784548991560.0,11149.424
ss-1-60000,1784549642045.1738,1784549642847,1784549651568.0,1784549651694.6067,801.826,8721.0,126.607,1784548991568.0,9649.433
ss-10-60000,1784549637745.1807,1784549638647,1784549651568.0,1784549651694.6074,901.819,12921.0,126.607,1784548991568.0,13949.427
ss-11-60000,1784549639245.1807,1784549639697,1784549651569.0,1784549651694.6082,451.819,11872.0,125.608,1784548991569.0,12449.427
ss-12-60000,1784549625645.1802,1784549626047,1784549651569.0,1784549651694.6091,401.82,25522.0,125.609,1784548991569.0,26049.429
ss-13-60000,1784549640795.1836,1784549641798,1784549651569.0,1784549651694.83,1002.816,9771.0,125.83,1784548991569.0,10899.646
ss-14-60000,1784549641695.187,1784549641798,1784549651569.0,1784549651694.8315,102.813,9771.0,125.832,1784548991569.0,9999.645
ss-15-60000,1784549638645.188,1784549638647,1784549651569.0,1784549651694.8362,1.812,12922.0,125.836,1784548991569.0,13049.648
ss-16-60000,1784549641495.1772,1784549641798,1784549651569.0,1784549651694.8376,302.823,9771.0,125.838,1784548991569.0,10199.66
ss-17-60000,1784549639045.177,1784549639697,1784549651569.0,1784549651694.8386,651.823,11872.0,125.839,1784548991569.0,12649.662
ss-18-60000,1784549636145.1917,1784549636548,1784549651569.0,1784549651694.8389,402.808,15021.0,125.839,1784548991569.0,15549.647
ss-19-60000,1784549640845.1807,1784549641798,1784549651569.0,1784549651694.8394,952.819,9771.0,125.839,1784548991569.0,10849.659
ss-2-60000,1784549640295.1829,1784549640747,1784549651569.0,1784549651694.8452,451.817,10822.0,125.845,1784548991569.0,11399.662
ss-20-60000,1784549630245.1802,1784549630248,1784549651569.0,1784549651694.8457,2.82,21321.0,125.846,1784548991569.0,21449.666
ss-21-60000,1784549638145.1877,1784549638647,1784549651569.0,1784549651694.846,501.812,12922.0,125.846,1784548991569.0,13549.658
ss-22-60000,1784549628545.204,1784549629198,1784549651569.0,1784549651694.847,652.796,22371.0,125.847,1784548991569.0,23149.643
ss-23-60000,1784549623295.1804,1784549623948,1784549651569.0,1784549651694.8474,652.82,27621.0,125.847,1784548991569.0,28399.667
ss-24-60000,1784549639095.1824,1784549639697,1784549651569.0,1784549651694.8516,601.818,11872.0,125.852,1784548991569.0,12599.669
ss-25-60000,1784549636495.1719,1784549636548,1784549651569.0,1784549651694.8547,52.828,15021.0,125.855,1784548991569.0,15199.683
ss-26-60000,1784549637695.1777,1784549638647,1784549651569.0,1784549651694.8552,951.822,12922.0,125.855,1784548991569.0,13999.677
ss-27-60000,1784549639995.1792,1784549640747,1784549651570.0,1784549651694.8557,751.821,10823.0,124.856,1784548991570.0,11699.677
ss-28-60000,1784549641945.1812,1784549642847,1784549651570.0,1784549651694.856,901.819,8723.0,124.856,1784548991570.0,9749.675
ss-29-60000,1784549632495.1885,1784549633398,1784549651570.0,1784549651694.8562,902.812,18172.0,124.856,1784548991570.0,19199.668
ss-3-60000,1784549637495.179,1784549637597,1784549651570.0,1784549651694.8567,101.821,13973.0,124.857,1784548991570.0,14199.678
ss-30-60000,1784549639295.183,1784549639697,1784549651570.0,1784549651694.8572,401.817,11873.0,124.857,1784548991570.0,12399.674
ss-31-60000,1784549640095.1797,1784549640747,1784549651570.0,1784549651694.8574,651.82,10823.0,124.857,1784548991570.0,11599.678
ss-32-60000,1784549641545.179,1784549641798,1784549651570.0,1784549651694.8577,252.821,9772.0,124.858,1784548991570.0,10149.679
ss-33-60000,1784549639345.1826,1784549639697,1784549651570.0,1784549651694.8586,351.817,11873.0,124.859,1784548991570.0,12349.676
ss-34-60000,1784549640045.1865,1784549640747,1784549651570.0,1784549651694.8591,701.813,10823.0,124.859,1784548991570.0,11649.673
ss-35-60000,1784549639795.1804,1784549640747,1784549651570.0,1784549651694.8594,951.82,10823.0,124.859,1784548991570.0,11899.679
ss-36-60000,1784549638245.184,1784549638647,1784549651570.0,1784549651694.8599,401.816,12923.0,124.86,1784548991570.0,13449.676
ss-37-60000,1784549635045.1877,1784549635498,1784549651570.0,1784549651694.8604,452.812,16072.0,124.86,1784548991570.0,16649.673
ss-38-60000,1784549642095.1787,1784549642847,1784549651570.0,1784549651694.8606,751.821,8723.0,124.861,1784548991570.0,9599.682
ss-39-60000,1784549640245.1875,1784549640747,1784549651570.0,1784549651695.162,501.812,10823.0,125.162,1784548991570.0,11449.975
ss-4-60000,1784549641395.1812,1784549641798,1784549651570.0,1784549651695.163,402.819,9772.0,125.163,1784548991570.0,10299.982
ss-40-60000,1784549636245.1716,1784549636548,1784549651570.0,1784549651695.1636,302.828,15022.0,125.164,1784548991570.0,15449.992
ss-41-60000,1784549636345.1855,1784549636548,1784549651570.0,1784549651695.1638,202.814,15022.0,125.164,1784548991570.0,15349.978
ss-42-60000,1784549638945.1821,1784549639697,1784549651570.0,1784549651695.164,751.818,11873.0,125.164,1784548991570.0,12749.982
ss-43-60000,1784549639695.1838,1784549639697,1784549651570.0,1784549651695.1646,1.816,11873.0,125.165,1784548991570.0,11999.981
ss-44-60000,1784549636195.138,1784549636548,1784549651571.0,1784549651695.1648,352.862,15023.0,124.165,1784548991571.0,15500.027
ss-45-60000,1784549630595.1787,1784549631297,1784549651571.0,1784549651695.165,701.821,20274.0,124.165,1784548991571.0,21099.986
ss-46-60000,1784549639845.1821,1784549640747,1784549651571.0,1784549651695.169,901.818,10824.0,124.169,1784548991571.0,11849.987
ss-47-60000,1784549637395.195,1784549637597,1784549651571.0,1784549651695.1694,201.805,13974.0,124.169,1784548991571.0,14299.974
ss-48-60000,1784549639645.184,1784549639697,1784549651571.0,1784549651695.1697,51.816,11874.0,124.17,1784548991571.0,12049.986
ss-49-60000,1784549641895.1829,1784549642847,1784549651571.0,1784549651695.1724,951.817,8724.0,124.172,1784548991571.0,9799.99
ss-5-60000,1784549641245.1863,1784549641798,1784549651571.0,1784549651695.1729,552.814,9773.0,124.173,1784548991571.0,10449.987
ss-50-60000,1784549640595.1768,1784549640747,1784549651571.0,1784549651695.173,151.823,10824.0,124.173,1784548991571.0,11099.996
ss-51-60000,1784549640145.1787,1784549640747,1784549651571.0,1784549651695.1733,601.821,10824.0,124.173,1784548991571.0,11549.995
ss-52-60000,1784549639545.1787,1784549639697,1784549651571.0,1784549651695.1736,151.821,11874.0,124.174,1784548991571.0,12149.995
ss-53-60000,1784549638195.1816,1784549638647,1784549651571.0,1784549651695.1738,451.818,12924.0,124.174,1784548991571.0,13499.992
ss-54-60000,1784549637445.1812,1784549637597,1784549651571.0,1784549651695.174,151.819,13974.0,124.174,1784548991571.0,14249.993
ss-55-60000,1784549616445.1929,1784549616598,1784549651571.0,1784549651695.174,152.807,34973.0,124.174,1784548991571.0,35249.981
ss-56-60000,1784549626245.1804,1784549627098,1784549651571.0,1784549651695.1743,852.82,24473.0,124.174,1784548991571.0,25449.994
ss-57-60000,1784549640745.183,1784549640747,1784549651571.0,1784549651695.1755,1.817,10824.0,124.176,1784548991571.0,10949.992
ss-58-60000,1784549641145.1855,1784549641798,1784549651571.0,1784549651695.1758,652.814,9773.0,124.176,1784548991571.0,10549.99
ss-59-60000,1784549640695.1812,1784549640747,1784549651571.0,1784549651695.176,51.819,10824.0,124.176,1784548991571.0,10999.995
ss-6-60000,1784549638045.181,1784549638647,1784549651571.0,1784549651695.1763,601.819,12924.0,124.176,1784548991571.0,13649.995
ss-60-60000,1784549640445.1858,1784549640747,1784549651571.0,1784549651695.1765,301.814,10824.0,124.177,1784548991571.0,11249.991
ss-61-60000,1784549638545.1868,1784549638647,1784549651571.0,1784549651695.179,101.813,12924.0,124.179,1784548991571.0,13149.992
ss-62-60000,1784549635995.18,1784549636548,1784549651572.0,1784549651695.1792,552.82,15024.0,123.179,1784548991572.0,15699.999
ss-63-60000,1784549638845.17,1784549639697,1784549651572.0,1784549651695.1794,851.83,11875.0,123.179,1784548991572.0,12850.01
ss-64-60000,1784549638795.188,1784549639697,1784549651572.0,1784549651695.18,901.812,11875.0,123.18,1784548991572.0,12899.992
ss-65-60000,1784549637295.1826,1784549637597,1784549651572.0,1784549651695.1802,301.817,13975.0,123.18,1784548991572.0,14399.998
ss-66-60000,1784549640895.1838,1784549641798,1784549651572.0,1784549651695.1826,902.816,9774.0,123.183,1784548991572.0,10799.999
ss-67-60000,1784549641795.3066,1784549641798,1784549651572.0,1784549651695.183,2.693,9774.0,123.183,1784548991572.0,9899.876
ss-68-60000,1784549633195.1826,1784549633398,1784549651572.0,1784549651695.1838,202.817,18174.0,123.184,1784548991572.0,18500.001
ss-69-60000,1784549629145.181,1784549629198,1784549651572.0,1784549651695.184,52.819,22374.0,123.184,1784548991572.0,22550.003
ss-7-60000,1784549639745.1782,1784549640747,1784549651572.0,1784549651695.1843,1001.822,10825.0,123.184,1784548991572.0,11950.006
ss-70-60000,1784549641195.187,1784549641798,1784549651572.0,1784549651695.1846,602.813,9774.0,123.185,1784548991572.0,10499.998
ss-71-60000,1784549624745.1836,1784549624997,1784549651572.0,1784549651695.1848,251.816,26575.0,123.185,1784548991572.0,26950.001
ss-72-60000,1784549641345.1829,1784549641798,1784549651572.0,1784549651695.185,452.817,9774.0,123.185,1784548991572.0,10350.002
ss-73-60000,1784549615545.1812,1784549615547,1784549651572.0,1784549651695.1853,1.819,36025.0,123.185,1784548991572.0,36150.004
ss-74-60000,1784549641845.185,1784549642847,1784549651572.0,1784549651695.1855,1001.815,8725.0,123.186,1784548991572.0,9850.0
ss-75-60000,1784549640495.1797,1784549640747,1784549651572.0,1784549651695.1858,251.82,10825.0,123.186,1784548991572.0,11200.006
ss-76-60000,1784549641995.1946,1784549642847,1784549651572.0,1784549651695.186,851.805,8725.0,123.186,1784548991572.0,9699.991
ss-77-60000,1784549635545.184,1784549636548,1784549651572.0,1784549651695.1863,1002.816,15024.0,123.186,1784548991572.0,16150.002
ss-78-60000,1784549633945.1855,1784549634448,1784549651573.0,1784549651695.1885,502.814,17125.0,122.188,1784548991573.0,17750.003
ss-79-60000,1784549626395.1711,1784549627098,1784549651573.0,1784549651695.189,702.829,24475.0,122.189,1784548991573.0,25300.018
ss-8-60000,1784549636695.1865,1784549637597,1784549651573.0,1784549651696.489,901.813,13976.0,123.489,1784548991573.0,15001.302
ss-80-60000,1784549635595.1792,1784549636548,1784549651573.0,1784549651696.49,952.821,15025.0,123.49,1784548991573.0,16101.311
ss-81-60000,1784549641595.1787,1784549641798,1784549651573.0,1784549651697.6514,202.821,9775.0,124.651,1784548991573.0,10102.473
ss-82-60000,1784549641045.1775,1784549641798,1784549651573.0,1784549651697.6545,752.823,9775.0,124.655,1784548991573.0,10652.477
ss-83-60000,1784549638395.1743,1784549638647,1784549651573.0,1784549651697.6553,251.826,12926.0,124.655,1784548991573.0,13302.481
ss-84-60000,1784549637095.1777,1784549637597,1784549651573.0,1784549651697.6565,501.822,13976.0,124.656,1784548991573.0,14602.479
ss-85-60000,1784549638595.183,1784549638647,1784549651573.0,1784549651697.6572,51.817,12926.0,124.657,1784548991573.0,13102.474
ss-86-60000,1784549634595.188,1784549635498,1784549651573.0,1784549651697.6582,902.812,16075.0,124.658,1784548991573.0,17102.47
ss-87-60000,1784549640945.1824,1784549641798,1784549651573.0,1784549651697.659,852.818,9775.0,124.659,1784548991573.0,10752.477
ss-88-60000,1784549634545.1824,1784549635498,1784549651573.0,1784549651697.6594,952.818,16075.0,124.659,1784548991573.0,17152.477
ss-89-60000,1784549641645.1838,1784549641798,1784549651573.0,1784549651697.66,152.816,9775.0,124.66,1784548991573.0,10052.476
ss-9-60000,1784549641745.1746,1784549641798,1784549651573.0,1784549651697.6604,52.825,9775.0,124.66,1784548991573.0,9952.486
ss-90-60000,1784549640395.178,1784549640747,1784549651573.0,1784549651697.661,351.822,10826.0,124.661,1784548991573.0,11302.483
ss-91-60000,1784549641445.1865,1784549641798,1784549651573.0,1784549651697.6614,352.813,9775.0,124.661,1784548991573.0,10252.475
ss-92-60000,1784549640995.1802,1784549641798,1784549651573.0,1784549651697.6619,802.82,9775.0,124.662,1784548991573.0,10702.482
ss-93-60000,1784549637795.1792,1784549638647,1784549651573.0,1784549651697.6646,851.821,12926.0,124.665,1784548991573.0,13902.485
ss-94-60000,1784549638345.1802,1784549638647,1784549651573.0,1784549651697.6648,301.82,12926.0,124.665,1784548991573.0,13352.485
ss-95-60000,1784549634195.1846,1784549634448,1784549651573.0,1784549651697.6653,252.815,17125.0,124.665,1784548991573.0,17502.481
ss-96-60000,1784549637895.179,1784549638647,1784549651574.0,1784549651697.666,751.821,12927.0,123.666,1784548991574.0,13802.487
ss-97-60000,1784549641095.186,1784549641798,1784549651574.0,1784549651697.6665,702.814,9776.0,123.667,1784548991574.0,10602.48
ss-98-60000,1784549633895.1814,1784549634448,1784549651574.0,1784549651697.6667,552.819,17126.0,123.667,1784548991574.0,17802.485
ss-99-60000,1784549626745.1855,1784549627098,1784549651574.0,1784549651697.6672,352.814,24476.0,123.667,1784548991574.0,24952.482
ss-0-120000,1784549666445.1863,1784549666997,1784549674107.0,1784549674178.234,551.814,7110.0,71.234,1784548954107.0,7733.048
ss-1-120000,1784549660795.1797,1784549661747,1784549674107.0,1784549674178.2385,951.82,12360.0,71.239,1784548954107.0,13383.059
ss-10-120000,1784549667145.181,1784549668048,1784549674107.0,1784549674178.2397,902.819,6059.0,71.24,1784548954107.0,7033.059
ss-11-120000,1784549666145.182,1784549666997,1784549674107.0,1784549674178.254,851.818,7110.0,71.254,1784548954107.0,8033.072
ss-12-120000,1784549667345.1824,1784549668048,1784549674108.0,1784549674178.2551,702.818,6060.0,70.255,1784548954108.0,6833.073
ss-13-120000,1784549671845.1833,1784549672247,1784549674108.0,1784549674178.2698,401.817,1861.0,70.27,1784548954108.0,2333.086
ss-14-120000,1784549667045.1802,1784549668048,1784549674108.0,1784549674178.2708,1002.82,6060.0,70.271,1784548954108.0,7133.091
ss-15-120000,1784549670945.175,1784549671197,1784549674108.0,1784549674178.272,251.825,2911.0,70.272,1784548954108.0,3233.097
ss-16-120000,1784549665045.1943,1784549665947,1784549674108.0,1784549674178.2727,901.806,8161.0,70.273,1784548954108.0,9133.078
ss-17-120000,1784549659645.1904,1784549659648,1784549674108.0,1784549674178.275,2.81,14460.0,70.275,1784548954108.0,14533.084
ss-18-120000,1784549670245.182,1784549671197,1784549674108.0,1784549674178.276,951.818,2911.0,70.276,1784548954108.0,3933.094
ss-19-120000,1784549669545.2,1784549670148,1784549674108.0,1784549674178.2766,602.8,3960.0,70.277,1784548954108.0,4633.077
ss-2-120000,1784549665295.183,1784549665947,1784549674108.0,1784549674178.2976,651.817,8161.0,70.298,1784548954108.0,8883.115
ss-20-120000,1784549671295.1846,1784549672247,1784549674108.0,1784549674178.2996,951.815,1861.0,70.3,1784548954108.0,2883.115
ss-21-120000,1784549669395.1824,1784549670148,1784549674108.0,1784549674178.3003,752.818,3960.0,70.3,1784548954108.0,4783.118
ss-22-120000,1784549658245.1763,1784549658598,1784549674108.0,1784549674178.3018,352.824,15510.0,70.302,1784548954108.0,15933.125
ss-23-120000,1784549671595.1792,1784549672247,1784549674108.0,1784549674178.3025,651.821,1861.0,70.302,1784548954108.0,2583.123
ss-24-120000,1784549669295.1826,1784549670148,1784549674108.0,1784549674178.3032,852.817,3960.0,70.303,1784548954108.0,4883.121
ss-25-120000,1784549672045.1802,1784549672247,1784549674108.0,1784549674178.304,201.82,1861.0,70.304,1784548954108.0,2133.124
ss-26-120000,1784549669845.1748,1784549670148,1784549674108.0,1784549674178.3047,302.825,3960.0,70.305,1784548954108.0,4333.13
ss-27-120000,1784549671945.187,1784549672247,1784549674108.0,1784549674178.3054,301.813,1861.0,70.305,1784548954108.0,2233.118
ss-28-120000,1784549670095.1787,1784549670148,1784549674108.0,1784549674178.3062,52.821,3960.0,70.306,1784548954108.0,4083.127
ss-29-120000,1784549670845.1814,1784549671197,1784549674109.0,1784549674178.307,351.819,2912.0,69.307,1784548954109.0,3333.125
ss-3-120000,1784549663945.1787,1784549664898,1784549674109.0,1784549674178.3076,952.821,9211.0,69.308,1784548954109.0,10233.129
ss-30-120000,1784549662645.181,1784549662797,1784549674109.0,1784549674178.3083,151.819,11312.0,69.308,1784548954109.0,11533.127
ss-31-120000,1784549669045.181,1784549669097,1784549674109.0,1784549674178.3882,51.819,5012.0,69.388,1784548954109.0,5133.207
ss-32-120000,1784549671895.1736,1784549672247,1784549674109.0,1784549674178.3896,351.826,1862.0,69.39,1784548954109.0,2283.216
ss-33-120000,1784549671045.1826,1784549671197,1784549674109.0,1784549674178.4797,151.817,2912.0,69.48,1784548954109.0,3133.297
ss-34-120000,1784549668845.1836,1784549669097,1784549674109.0,1784549674178.481,251.816,5012.0,69.481,1784548954109.0,5333.297
ss-35-120000,1784549669695.181,1784549670148,1784549674109.0,1784549674178.4883,452.819,3961.0,69.488,1784548954109.0,4483.307
ss-36-120000,1784549666345.1865,1784549666997,1784549674109.0,1784549674178.4893,651.813,7112.0,69.489,1784548954109.0,7833.303
ss-37-120000,1784549649795.177,1784549650197,1784549674109.0,1784549674178.49,401.823,23912.0,69.49,1784548954109.0,24383.313
ss-38-120000,1784549669645.199,1784549670148,1784549674109.0,1784549674178.4907,502.801,3961.0,69.491,1784548954109.0,4533.292
ss-39-120000,1784549663445.1743,1784549663848,1784549674109.0,1784549674182.4133,402.826,10261.0,73.413,1784548954109.0,10737.239
ss-4-120000,1784549669945.188,1784549670148,1784549674109.0,1784549674182.4275,202.812,3961.0,73.427,1784548954109.0,4237.24
ss-40-120000,1784549665195.184,1784549665947,1784549674109.0,1784549674182.4282,751.816,8162.0,73.428,1784548954109.0,8987.244
ss-41-120000,1784549669245.1807,1784549670148,1784549674109.0,1784549674182.4297,902.819,3961.0,73.43,1784548954109.0,4937.249
ss-42-120000,1784549668645.18,1784549669097,1784549674109.0,1784549674182.431,451.82,5012.0,73.431,1784548954109.0,5537.251
ss-43-120000,1784549650545.1772,1784549651248,1784549674109.0,1784549674182.4314,702.823,22861.0,73.431,1784548954109.0,23637.254
ss-44-120000,1784549672095.19,1784549672247,1784549674110.0,1784549674182.4321,151.81,1863.0,72.432,1784548954110.0,2087.242
ss-45-120000,1784549651845.1855,1784549652297,1784549674110.0,1784549674182.4336,451.814,21813.0,72.434,1784548954110.0,22337.248
ss-46-120000,1784549664345.1797,1784549664898,1784549674110.0,1784549674182.4502,552.82,9212.0,72.45,1784548954110.0,9837.271
ss-47-120000,1784549667595.181,1784549668048,1784549674110.0,1784549674182.4512,452.819,6062.0,72.451,1784548954110.0,6587.27
ss-48-120000,1784549662945.1814,1784549663848,1784549674110.0,1784549674182.4521,902.819,10262.0,72.452,1784548954110.0,11237.271
ss-49-120000,1784549671745.1865,1784549672247,1784549674110.0,1784549674182.4595,501.813,1863.0,72.459,1784548954110.0,2437.273
ss-5-120000,1784549663995.1782,1784549664898,1784549674110.0,1784549674182.4602,902.822,9212.0,72.46,1784548954110.0,10187.282
ss-50-120000,1784549667395.1829,1784549668048,1784549674110.0,1784549674182.4612,652.817,6062.0,72.461,1784548954110.0,6787.278
ss-51-120000,1784549671195.1848,1784549671197,1784549674110.0,1784549674182.4697,1.815,2913.0,72.47,1784548954110.0,2987.285
ss-52-120000,1784549671495.1826,1784549672247,1784549674110.0,1784549674182.4705,751.817,1863.0,72.47,1784548954110.0,2687.288
ss-53-120000,1784549671145.187,1784549671197,1784549674110.0,1784549674182.4727,51.813,2913.0,72.473,1784548954110.0,3037.286
ss-54-120000,1784549671345.1782,1784549672247,1784549674110.0,1784549674182.4736,901.822,1863.0,72.474,1784548954110.0,2837.295
ss-55-120000,1784549670995.1816,1784549671197,1784549674110.0,1784549674182.5732,201.818,2913.0,72.573,1784548954110.0,3187.392
ss-56-120000,1784549660295.1892,1784549660698,1784549674110.0,1784549674182.574,402.811,13412.0,72.574,1784548954110.0,13887.385
ss-57-120000,1784549668295.1858,1784549669097,1784549674110.0,1784549674182.575,801.814,5013.0,72.575,1784548954110.0,5887.389
ss-58-120000,1784549671395.1873,1784549672247,1784549674110.0,1784549674182.5803,851.813,1863.0,72.58,1784548954110.0,2787.393
ss-59-120000,1784549670195.1797,1784549671197,1784549674110.0,1784549674182.5813,1001.82,2913.0,72.581,1784548954110.0,3987.402
ss-6-120000,1784549662145.1833,1784549662797,1784549674111.0,1784549674182.582,651.817,11314.0,71.582,1784548954111.0,12037.399
ss-60-120000,1784549665645.1821,1784549665947,1784549674111.0,1784549674182.5825,301.818,8164.0,71.583,1784548954111.0,8537.4
ss-61-120000,1784549664995.18,1784549665947,1784549674111.0,1784549674182.583,951.82,8164.0,71.583,1784548954111.0,9187.403
ss-62-120000,1784549671795.1792,1784549672247,1784549674111.0,1784549674182.5837,451.821,1864.0,71.584,1784548954111.0,2387.405
ss-63-120000,1784549666995.1877,1784549666997,1784549674111.0,1784549674182.605,1.812,7114.0,71.605,1784548954111.0,7187.417
ss-64-120000,1784549668795.1753,1784549669097,1784549674111.0,1784549674182.6057,301.825,5014.0,71.606,1784548954111.0,5387.43
ss-65-120000,1784549666745.1902,1784549666997,1784549674111.0,1784549674182.6125,251.81,7114.0,71.613,1784548954111.0,7437.422
ss-66-120000,1784549669145.18,1784549670148,1784549674111.0,1784549674182.6133,1002.82,3963.0,71.613,1784548954111.0,5037.433
ss-67-120000,1784549666295.1797,1784549666997,1784549674111.0,1784549674182.6138,701.82,7114.0,71.614,1784548954111.0,7887.434
ss-68-120000,1784549667945.1846,1784549668048,1784549674111.0,1784549674182.614,102.815,6063.0,71.614,1784548954111.0,6237.429
ss-69-120000,1784549667745.1807,1784549668048,1784549674111.0,1784549674182.6282,302.819,6063.0,71.628,1784548954111.0,6437.448
ss-7-120000,1784549660545.1882,1784549660698,1784549674111.0,1784549674182.6467,152.812,13413.0,71.647,1784548954111.0,13637.458
ss-70-120000,1784549668345.1816,1784549669097,1784549674111.0,1784549674182.6472,751.818,5014.0,71.647,1784548954111.0,5837.466
ss-71-120000,1784549660145.1902,1784549660698,1784549674111.0,1784549674182.672,552.81,13413.0,71.672,1784548954111.0,14037.482
ss-72-120000,1784549659195.1807,1784549659648,1784549674111.0,1784549674182.6729,452.819,14463.0,71.673,1784548954111.0,14987.492
ss-73-120000,1784549670495.1714,1784549671197,1784549674111.0,1784549674182.7307,701.829,2914.0,71.731,1784548954111.0,3687.559
ss-74-120000,1784549658495.1814,1784549658598,1784549674111.0,1784549674182.7317,102.819,15513.0,71.732,1784548954111.0,15687.55
ss-75-120000,1784549664295.1772,1784549664898,1784549674111.0,1784549674182.7332,602.823,9213.0,71.733,1784548954111.0,9887.556
ss-76-120000,1784549662895.1775,1784549663848,1784549674112.0,1784549674182.734,952.823,10264.0,70.734,1784548954112.0,11287.556
ss-77-120000,1784549670295.1777,1784549671197,1784549674112.0,1784549674182.7344,901.822,2915.0,70.734,1784548954112.0,3887.557
ss-78-120000,1784549661195.18,1784549661747,1784549674112.0,1784549674182.735,551.82,12365.0,70.735,1784548954112.0,12987.555
ss-79-120000,1784549671445.171,1784549672247,1784549674112.0,1784549674182.742,801.829,1865.0,70.742,1784548954112.0,2737.571
ss-8-120000,1784549664245.1882,1784549664898,1784549674112.0,1784549674182.7427,652.812,9214.0,70.743,1784548954112.0,9937.554
ss-80-120000,1784549670145.1782,1784549670148,1784549674112.0,1784549674182.8445,2.822,3964.0,70.844,1784548954112.0,4037.666
ss-81-120000,1784549667095.1812,1784549668048,1784549674112.0,1784549674182.8472,952.819,6064.0,70.847,1784548954112.0,7087.666
ss-82-120000,1784549668695.1912,1784549669097,1784549674112.0,1784549674182.8538,401.809,5015.0,70.854,1784548954112.0,5487.663
ss-83-120000,1784549671645.1873,1784549672247,1784549674112.0,1784549674182.8547,601.813,1865.0,70.855,1784548954112.0,2537.667
ss-84-120000,1784549669445.1833,1784549670148,1784549674112.0,1784549674182.871,702.817,3964.0,70.871,1784548954112.0,4737.688
ss-85-120000,1784549664445.18,1784549664898,1784549674112.0,1784549674182.872,452.82,9214.0,70.872,1784548954112.0,9737.692
ss-86-120000,1784549671545.1816,1784549672247,1784549674112.0,1784549674182.8735,701.818,1865.0,70.874,1784548954112.0,2637.692
ss-87-120000,1784549662295.1782,1784549662797,1784549674112.0,1784549674182.8823,501.822,11315.0,70.882,1784548954112.0,11887.704
ss-88-120000,1784549668495.1924,1784549669097,1784549674112.0,1784549674182.8835,601.808,5015.0,70.884,1784548954112.0,5687.691
ss-89-120000,1784549671095.1797,1784549671197,1784549674112.0,1784549674182.8843,101.82,2915.0,70.884,1784548954112.0,3087.705
ss-9-120000,1784549663595.178,1784549663848,1784549674112.0,1784549674182.8853,252.822,10264.0,70.885,1784548954112.0,10587.707
ss-90-120000,1784549665995.1816,1784549666997,1784549674112.0,1784549674182.886,1001.818,7115.0,70.886,1784548954112.0,8187.704
ss-91-120000,1784549671996.3137,1784549672247,1784549674112.0,1784549674182.9556,250.686,1865.0,70.956,1784548954112.0,2186.642
ss-92-120000,1784549670695.1787,1784549671197,1784549674112.0,1784549674182.9573,501.821,2915.0,70.957,1784548954112.0,3487.779
ss-93-120000,1784549669345.1829,1784549670148,1784549674112.0,1784549674182.958,802.817,3964.0,70.958,1784548954112.0,4837.775
ss-94-120000,1784549670395.1882,1784549671197,1784549674112.0,1784549674182.972,801.812,2915.0,70.972,1784548954112.0,3787.784
ss-95-120000,1784549670545.1782,1784549671197,1784549674112.0,1784549674182.9724,651.822,2915.0,70.972,1784548954112.0,3637.794
ss-96-120000,1784549668895.1824,1784549669097,1784549674112.0,1784549674182.9731,201.818,5015.0,70.973,1784548954112.0,5287.791
ss-97-120000,1784549658145.175,1784549658598,1784549674112.0,1784549674182.9739,452.825,15514.0,70.974,1784548954112.0,16037.799
ss-98-120000,1784549665895.1814,1784549665947,1784549674112.0,1784549674183.0784,51.819,8165.0,71.078,1784548954112.0,8287.897
ss-99-120000,1784549671695.1753,1784549672247,1784549674113.0,1784549674183.092,551.825,1866.0,70.092,1784548954113.0,2487.917
ss-0-180000,1784549694995.1797,1784549695347,1784549704789.0,1784549704838.214,351.82,9442.0,49.214,1784548924789.0,9843.034
ss-1-180000,1784549701045.1868,1784549701647,1784549704789.0,1784549704838.2212,601.813,3142.0,49.221,1784548924789.0,3793.034
ss-10-180000,1784549693545.1924,1784549694297,1784549704789.0,1784549704838.2227,751.808,10492.0,49.223,1784548924789.0,11293.03
ss-11-180000,1784549700195.1853,1784549700597,1784549704789.0,1784549704838.2244,401.815,4192.0,49.224,1784548924789.0,4643.039
ss-12-180000,1784549699195.174,1784549699547,1784549704789.0,1784549704838.2253,351.826,5242.0,49.225,1784548924789.0,5643.051
ss-13-180000,1784549701845.1775,1784549702697,1784549704789.0,1784549704838.24,851.823,2092.0,49.24,1784548924789.0,2993.062
ss-14-180000,1784549699445.173,1784549699547,1784549704789.0,1784549704838.2412,101.827,5242.0,49.241,1784548924789.0,5393.068
ss-15-180000,1784549699895.1936,1784549700597,1784549704789.0,1784549704838.2427,701.806,4192.0,49.243,1784548924789.0,4943.049
ss-16-180000,1784549699945.1846,1784549700597,1784549704789.0,1784549704838.2603,651.815,4192.0,49.26,1784548924789.0,4893.076
ss-17-180000,1784549698645.1816,1784549699547,1784549704789.0,1784549704838.2612,901.818,5242.0,49.261,1784548924789.0,6193.08
ss-18-180000,1784549699845.18,1784549700597,1784549704789.0,1784549704838.2622,751.82,4192.0,49.262,1784548924789.0,4993.082
ss-19-180000,1784549701995.1829,1784549702697,1784549704789.0,1784549704838.264,701.817,2092.0,49.264,1784548924789.0,2843.081
ss-2-180000,1784549701445.1824,1784549701647,1784549704790.0,1784549704838.265,201.818,3143.0,48.265,1784548924790.0,3393.083
ss-20-180000,1784549694845.1748,1784549695347,1784549704790.0,1784549704838.2656,501.825,9443.0,48.266,1784548924790.0,9993.091
ss-21-180000,1784549699545.1792,1784549699547,1784549704790.0,1784549704838.2664,1.821,5243.0,48.266,1784548924790.0,5293.087
ss-22-180000,1784549696645.196,1784549697447,1784549704790.0,1784549704838.3193,801.804,7343.0,48.319,1784548924790.0,8193.123
ss-23-180000,1784549693345.178,1784549694297,1784549704790.0,1784549704838.3203,951.822,10493.0,48.32,1784548924790.0,11493.142
ss-24-180000,1784549696245.1807,1784549696397,1784549704790.0,1784549704838.3213,151.819,8393.0,48.321,1784548924790.0,8593.141
ss-25-180000,1784549693495.1973,1784549694297,1784549704790.0,1784549704838.322,801.803,10493.0,48.322,1784548924790.0,11343.125
ss-26-180000,1784549693795.1829,1784549694297,1784549704790.0,1784549704838.3228,501.817,10493.0,48.323,1784548924790.0,11043.14
ss-27-180000,1784549701345.1921,1784549701647,1784549704790.0,1784549704838.3235,301.808,3143.0,48.323,1784548924790.0,3493.131
ss-28-180000,1784549701895.1865,1784549702697,1784549704790.0,1784549704838.3245,801.813,2093.0,48.324,1784548924790.0,2943.138
ss-29-180000,1784549697095.1843,1784549697447,1784549704790.0,1784549704838.4492,351.816,7343.0,48.449,1784548924790.0,7743.265
ss-3-180000,1784549696095.1792,1784549696397,1784549704790.0,1784549704838.4502,301.821,8393.0,48.45,1784548924790.0,8743.271
ss-30-180000,1784549701145.1797,1784549701647,1784549704790.0,1784549704838.4512,501.82,3143.0,48.451,1784548924790.0,3693.271
ss-31-180000,1784549700795.1838,1784549701647,1784549704790.0,1784549704838.452,851.816,3143.0,48.452,1784548924790.0,4043.268
ss-32-180000,1784549692345.1997,1784549693248,1784549704790.0,1784549704838.4526,902.8,11542.0,48.453,1784548924790.0,12493.253
ss-33-180000,1784549692495.1804,1784549693248,1784549704790.0,1784549704838.4543,752.82,11542.0,48.454,1784548924790.0,12343.274
ss-34-180000,1784549699695.1829,1784549700597,1784549704790.0,1784549704838.4622,901.817,4193.0,48.462,1784548924790.0,5143.279
ss-35-180000,1784549693745.18,1784549694297,1784549704790.0,1784549704838.4675,551.82,10493.0,48.468,1784548924790.0,11093.288
ss-36-180000,1784549701295.1924,1784549701647,1784549704790.0,1784549704838.4683,351.808,3143.0,48.468,1784548924790.0,3543.276
ss-37-180000,1784549699995.186,1784549700597,1784549704790.0,1784549704838.492,601.814,4193.0,48.492,1784548924790.0,4843.306
ss-38-180000,1784549680795.1792,1784549681697,1784549704790.0,1784549704838.4927,901.821,23093.0,48.493,1784548924790.0,24043.313
ss-39-180000,1784549700745.1814,1784549701647,1784549704790.0,1784549704838.494,901.819,3143.0,48.494,1784548924790.0,4093.312
ss-4-180000,1784549699145.174,1784549699547,1784549704790.0,1784549704838.523,401.826,5243.0,48.523,1784548924790.0,5693.349
ss-40-180000,1784549691945.177,1784549692197,1784549704790.0,1784549704838.5242,251.823,12593.0,48.524,1784548924790.0,12893.347
ss-41-180000,1784549698045.1797,1784549698497,1784549704790.0,1784549704838.5298,451.82,6293.0,48.53,1784548924790.0,6793.35
ss-42-180000,1784549697745.1387,1784549698497,1784549704790.0,1784549704838.5308,751.861,6293.0,48.531,1784548924790.0,7093.392
ss-43-180000,1784549702045.1877,1784549702697,1784549704790.0,1784549704838.5315,651.812,2093.0,48.531,1784548924790.0,2793.344
ss-44-180000,1784549701595.199,1784549701647,1784549704791.0,1784549704838.5322,51.801,3144.0,47.532,1784548924791.0,3243.333
ss-45-180000,1784549702095.1868,1784549702697,1784549704791.0,1784549704838.533,601.813,2094.0,47.533,1784548924791.0,2743.346
ss-46-180000,1784549700545.1826,1784549700597,1784549704791.0,1784549704838.5342,51.817,4194.0,47.534,1784548924791.0,4293.352
ss-47-180000,1784549694895.1787,1784549695347,1784549704791.0,1784549704838.535,451.821,9444.0,47.535,1784548924791.0,9943.356
ss-48-180000,1784549695395.182,1784549696397,1784549704791.0,1784549704838.5398,1001.818,8394.0,47.54,1784548924791.0,9443.358
ss-49-180000,1784549700945.181,1784549701647,1784549704791.0,1784549704838.5405,701.819,3144.0,47.541,1784548924791.0,3893.36
ss-5-180000,1784549699395.1824,1784549699547,1784549704791.0,1784549704838.5413,151.818,5244.0,47.541,1784548924791.0,5443.359
ss-50-180000,1784549698695.1787,1784549699547,1784549704791.0,1784549704838.542,851.821,5244.0,47.542,1784548924791.0,6143.363
ss-51-180000,1784549697945.1707,1784549698497,1784549704791.0,1784549704838.5427,551.829,6294.0,47.543,1784548924791.0,6893.372
ss-52-180000,1784549700045.1833,1784549700597,1784549704791.0,1784549704838.5437,551.817,4194.0,47.544,1784548924791.0,4793.36
ss-53-180000,1784549692645.1838,1784549693248,1784549704791.0,1784549704838.5444,602.816,11543.0,47.544,1784548924791.0,12193.361
ss-54-180000,1784549698245.1833,1784549698497,1784549704791.0,1784549704838.5496,251.817,6294.0,47.55,1784548924791.0,6593.366
ss-55-180000,1784549698495.182,1784549698497,1784549704791.0,1784549704838.5503,1.818,6294.0,47.55,1784548924791.0,6343.368
ss-56-180000,1784549701745.1858,1784549702697,1784549704791.0,1784549704838.551,951.814,2094.0,47.551,1784548924791.0,3093.365
ss-57-180000,1784549695645.1853,1784549696397,1784549704791.0,1784549704839.1665,751.815,8394.0,48.167,1784548924791.0,9193.981
ss-58-180000,1784549700295.1802,1784549700597,1784549704791.0,1784549704839.1724,301.82,4194.0,48.172,1784548924791.0,4543.992
ss-59-180000,1784549699745.1873,1784549700597,1784549704791.0,1784549704839.1746,851.813,4194.0,48.175,1784548924791.0,5093.987
ss-6-180000,1784549697595.1821,1784549698497,1784549704791.0,1784549704839.1755,901.818,6294.0,48.176,1784548924791.0,7243.993
ss-60-180000,1784549700695.1797,1784549701647,1784549704791.0,1784549704839.1768,951.82,3144.0,48.177,1784548924791.0,4143.997
ss-61-180000,1784549692245.1873,1784549693248,1784549704791.0,1784549704839.1782,1002.813,11543.0,48.178,1784548924791.0,12593.991
ss-62-180000,1784549701245.1814,1784549701647,1784549704791.0,1784549704839.1792,401.819,3144.0,48.179,1784548924791.0,3593.998
ss-63-180000,1784549694445.1792,1784549695347,1784549704791.0,1784549704839.1807,901.821,9444.0,48.181,1784548924791.0,10394.001
ss-64-180000,1784549698545.1853,1784549699547,1784549704791.0,1784549704839.1821,1001.815,5244.0,48.182,1784548924791.0,6293.997
ss-65-180000,1784549700895.1843,1784549701647,1784549704792.0,1784549704839.183,751.816,3145.0,47.183,1784548924792.0,3943.999
ss-66-180000,1784549701695.1824,1784549702697,1784549704792.0,1784549704839.1838,1001.818,2095.0,47.184,1784548924792.0,3144.001
ss-67-180000,1784549698395.1865,1784549698497,1784549704792.0,1784549704839.1846,101.813,6295.0,47.185,1784548924792.0,6443.998
ss-68-180000,1784549699795.1875,1784549700597,1784549704792.0,1784549704839.1855,801.812,4195.0,47.186,1784548924792.0,5043.998
ss-69-180000,1784549700245.185,1784549700597,1784549704792.0,1784549704839.1868,351.815,4195.0,47.187,1784548924792.0,4594.002
ss-7-180000,1784549701395.192,1784549701647,1784549704792.0,1784549704839.1877,251.808,3145.0,47.188,1784548924792.0,3443.996
ss-70-180000,1784549701495.1843,1784549701647,1784549704792.0,1784549704839.1882,151.816,3145.0,47.188,1784548924792.0,3344.004
ss-71-180000,1784549701195.191,1784549701647,1784549704792.0,1784549704839.191,451.809,3145.0,47.191,1784548924792.0,3644.0
ss-72-180000,1784549697845.1785,1784549698497,1784549704792.0,1784549704839.192,651.822,6295.0,47.192,1784548924792.0,6994.013
ss-73-180000,1784549696395.1853,1784549696397,1784549704792.0,1784549704839.1929,1.815,8395.0,47.193,1784548924792.0,8444.008
ss-74-180000,1784549700995.1892,1784549701647,1784549704792.0,1784549704839.1936,651.811,3145.0,47.194,1784548924792.0,3844.004
ss-75-180000,1784549697045.1887,1784549697447,1784549704792.0,1784549704839.1946,401.811,7345.0,47.195,1784548924792.0,7794.006
ss-76-180000,1784549697445.1863,1784549697447,1784549704792.0,1784549704839.1953,1.814,7345.0,47.195,1784548924792.0,7394.009
ss-77-180000,1784549701545.1833,1784549701647,1784549704792.0,1784549704839.1963,101.817,3145.0,47.196,1784548924792.0,3294.013
ss-78-180000,1784549700645.1853,1784549701647,1784549704792.0,1784549704839.197,1001.815,3145.0,47.197,1784548924792.0,4194.012
ss-79-180000,1784549695895.182,1784549696397,1784549704792.0,1784549704839.1978,501.818,8395.0,47.198,1784548924792.0,8944.016
ss-8-180000,1784549698445.1785,1784549698497,1784549704792.0,1784549704839.1985,51.822,6295.0,47.198,1784548924792.0,6394.02
ss-80-180000,1784549698295.1765,1784549698497,1784549704792.0,1784549704839.1992,201.823,6295.0,47.199,1784548924792.0,6544.023
ss-81-180000,1784549697345.18,1784549697447,1784549704792.0,1784549704839.2244,101.82,7345.0,47.224,1784548924792.0,7494.044
ss-82-180000,1784549698895.1812,1784549699547,1784549704792.0,1784549704839.2253,651.819,5245.0,47.225,1784548924792.0,5944.044
ss-83-180000,1784549689995.1748,1784549690097,1784549704792.0,1784549704839.226,101.825,14695.0,47.226,1784548924792.0,14844.051
ss-84-180000,1784549701645.1824,1784549701647,1784549704792.0,1784549704839.2268,1.818,3145.0,47.227,1784548924792.0,3194.044
ss-85-180000,1784549697145.179,1784549697447,1784549704792.0,1784549704839.2278,301.821,7345.0,47.228,1784548924792.0,7694.049
ss-86-180000,1784549701945.1892,1784549702697,1784549704792.0,1784549704839.2405,751.811,2095.0,47.24,1784548924792.0,2894.051
ss-87-180000,1784549698145.179,1784549698497,1784549704792.0,1784549704839.2468,351.821,6295.0,47.247,1784548924792.0,6694.068
ss-88-180000,1784549700345.1838,1784549700597,1784549704792.0,1784549704839.2478,251.816,4195.0,47.248,1784548924792.0,4494.064
ss-89-180000,1784549696495.184,1784549697447,1784549704792.0,1784549704839.2485,951.816,7345.0,47.249,1784548924792.0,8344.064
ss-9-180000,1784549691045.2039,1784549691148,1784549704793.0,1784549704839.2546,102.796,13645.0,46.255,1784548924793.0,13794.051
ss-90-180000,1784549693895.1802,1784549694297,1784549704793.0,1784549704839.2559,401.82,10496.0,46.256,1784548924793.0,10944.076
ss-91-180000,1784549695345.187,1784549695347,1784549704793.0,1784549704839.2568,1.813,9446.0,46.257,1784548924793.0,9494.07
ss-92-180000,1784549694195.1858,1784549694297,1784549704793.0,1784549704839.2578,101.814,10496.0,46.258,1784548924793.0,10644.072
ss-93-180000,1784549695595.1855,1784549696397,1784549704793.0,1784549704839.2595,801.814,8396.0,46.26,1784548924793.0,9244.074
ss-94-180000,1784549701795.2087,1784549702697,1784549704793.0,1784549704839.2603,901.791,2096.0,46.26,1784548924793.0,3044.052
ss-95-180000,1784549690795.1802,1784549691148,1784549704793.0,1784549704839.261,352.82,13645.0,46.261,1784548924793.0,14044.081
ss-96-180000,1784549695445.182,1784549696397,1784549704793.0,1784549704839.262,951.818,8396.0,46.262,1784548924793.0,9394.08
ss-97-180000,1784549696845.169,1784549697447,1784549704793.0,1784549704839.2627,601.831,7346.0,46.263,1784548924793.0,7994.094
ss-98-180000,1784549693395.1772,1784549694297,1784549704793.0,1784549704839.2634,901.823,10496.0,46.263,1784548924793.0,11444.086
ss-99-180000,1784549690845.1829,1784549691148,1784549704793.0,1784549704839.2642,302.817,13645.0,46.264,1784548924793.0,13994.081
ss-0-240000,1784549709195.184,1784549710047,1784549714261.0,1784549714345.0225,851.816,4214.0,84.022,1784548874261.0,5149.838
ss-1-240000,1784549708095.18,1784549708997,1784549714261.0,1784549714345.0261,901.82,5264.0,84.026,1784548874261.0,6249.846
ss-10-240000,1784549693545.1924,1784549694297,1784549714261.0,1784549714345.028,751.808,19964.0,84.028,1784548874261.0,20799.836
ss-11-240000,1784549710945.1797,1784549711097,1784549714261.0,1784549714345.0298,151.82,3164.0,84.03,1784548874261.0,3399.85
ss-12-240000,1784549708445.1785,1784549708997,1784549714261.0,1784549714345.0322,551.822,5264.0,84.032,1784548874261.0,5899.854
ss-13-240000,1784549702745.179,1784549703748,1784549714261.0,1784549714345.0432,1002.821,10513.0,84.043,1784548874261.0,11599.864
ss-14-240000,1784549710145.1863,1784549711097,1784549714261.0,1784549714345.0442,951.814,3164.0,84.044,1784548874261.0,4199.858
ss-15-240000,1784549710395.1748,1784549711097,1784549714261.0,1784549714345.0454,701.825,3164.0,84.045,1784548874261.0,3949.871
ss-16-240000,1784549711645.1843,1784549712147,1784549714261.0,1784549714345.0461,501.816,2114.0,84.046,1784548874261.0,2699.862
ss-17-240000,1784549698645.1816,1784549699547,1784549714261.0,1784549714345.0479,901.818,14714.0,84.048,1784548874261.0,15699.866
ss-18-240000,1784549707645.1877,1784549707947,1784549714261.0,1784549714345.049,301.812,6314.0,84.049,1784548874261.0,6699.861
ss-19-240000,1784549710845.1826,1784549711097,1784549714261.0,1784549714345.0498,251.817,3164.0,84.05,1784548874261.0,3499.867
ss-2-240000,1784549709795.1804,1784549710047,1784549714261.0,1784549714345.0505,251.82,4214.0,84.051,1784548874261.0,4549.87
ss-20-240000,1784549709045.2002,1784549710047,1784549714261.0,1784549714345.052,1001.8,4214.0,84.052,1784548874261.0,5299.852
ss-21-240000,1784549708345.188,1784549708997,1784549714261.0,1784549714345.0527,651.812,5264.0,84.053,1784548874261.0,5999.865
ss-22-240000,1784549709895.1816,1784549710047,1784549714261.0,1784549714345.054,151.818,4214.0,84.054,1784548874261.0,4449.872
ss-23-240000,1784549709995.192,1784549710047,1784549714261.0,1784549714345.0547,51.808,4214.0,84.055,1784548874261.0,4349.863
ss-24-240000,1784549710545.1814,1784549711097,1784549714261.0,1784549714345.0554,551.819,3164.0,84.055,1784548874261.0,3799.874
ss-25-240000,1784549707545.1853,1784549707947,1784549714261.0,1784549714345.0562,401.815,6314.0,84.056,1784548874261.0,6799.871
ss-26-240000,1784549711545.1802,1784549712147,1784549714261.0,1784549714345.057,601.82,2114.0,84.057,1784548874261.0,2799.877
ss-27-240000,1784549711995.1877,1784549712147,1784549714261.0,1784549714345.0618,151.812,2114.0,84.062,1784548874261.0,2349.874
ss-28-240000,1784549708995.1914,1784549708997,1784549714261.0,1784549714345.0796,1.809,5264.0,84.08,1784548874261.0,5349.888
ss-29-240000,1784549705145.1824,1784549705847,1784549714261.0,1784549714345.0803,701.818,8414.0,84.08,1784548874261.0,9199.898
ss-3-240000,1784549707795.1775,1784549707947,1784549714261.0,1784549714345.086,151.823,6314.0,84.086,1784548874261.0,6549.908
ss-30-240000,1784549711145.179,1784549712147,1784549714261.0,1784549714345.0867,1001.821,2114.0,84.087,1784548874261.0,3199.908
ss-31-240000,1784549711895.1873,1784549712147,1784549714262.0,1784549714345.0876,251.813,2115.0,83.088,1784548874262.0,2449.9
ss-32-240000,1784549709345.1987,1784549710047,1784549714262.0,1784549714345.0884,701.801,4215.0,83.088,1784548874262.0,4999.89
ss-33-240000,1784549692495.1804,1784549693248,1784549714262.0,1784549714345.0894,752.82,21014.0,83.089,1784548874262.0,21849.909
ss-34-240000,1784549710995.1792,1784549711097,1784549714262.0,1784549714345.09,101.821,3165.0,83.09,1784548874262.0,3349.911
ss-35-240000,1784549703095.182,1784549703748,1784549714262.0,1784549714345.0906,652.818,10514.0,83.091,1784548874262.0,11249.909
ss-36-240000,1784549710595.1792,1784549711097,1784549714262.0,1784549714345.0916,501.821,3165.0,83.092,1784548874262.0,3749.912
ss-37-240000,1784549710045.1875,1784549710047,1784549714262.0,1784549714345.0923,1.812,4215.0,83.092,1784548874262.0,4299.905
ss-38-240000,1784549711445.1843,1784549712147,1784549714262.0,1784549714345.093,701.816,2115.0,83.093,1784548874262.0,2899.909
ss-39-240000,1784549705895.2173,1784549706900,1784549714262.0,1784549714345.0938,1004.783,7362.0,83.094,1784548874262.0,8449.876
ss-4-240000,1784549710695.1782,1784549711097,1784549714262.0,1784549714345.1006,401.822,3165.0,83.101,1784548874262.0,3649.922
ss-40-240000,1784549691945.177,1784549692197,1784549714262.0,1784549714345.1506,251.823,22065.0,83.151,1784548874262.0,22399.974
ss-41-240000,1784549708195.189,1784549708997,1784549714262.0,1784549714345.1516,801.811,5265.0,83.152,1784548874262.0,6149.963
ss-42-240000,1784549704095.1829,1784549704797,1784549714262.0,1784549714345.1533,701.817,9465.0,83.153,1784548874262.0,10249.97
ss-43-240000,1784549710795.178,1784549711097,1784549714262.0,1784549714345.1543,301.822,3165.0,83.154,1784548874262.0,3549.976
ss-44-240000,1784549710445.1807,1784549711097,1784549714262.0,1784549714345.155,651.819,3165.0,83.155,1784548874262.0,3899.974
ss-45-240000,1784549709945.1765,1784549710047,1784549714262.0,1784549714345.1616,101.823,4215.0,83.162,1784548874262.0,4399.985
ss-46-240000,1784549705845.1897,1784549705847,1784549714262.0,1784549714345.17,1.81,8415.0,83.17,1784548874262.0,8499.98
ss-47-240000,1784549711845.1873,1784549712147,1784549714262.0,1784549714345.171,301.813,2115.0,83.171,1784548874262.0,2499.984
ss-48-240000,1784549695395.182,1784549696397,1784549714262.0,1784549714345.2026,1001.818,17865.0,83.203,1784548874262.0,18950.021
ss-49-240000,1784549710245.1758,1784549711097,1784549714262.0,1784549714345.2036,851.824,3165.0,83.204,1784548874262.0,4100.028
ss-5-240000,1784549708845.183,1784549708997,1784549714262.0,1784549714345.2412,151.817,5265.0,83.241,1784548874262.0,5500.058
ss-50-240000,1784549708745.1797,1784549708997,1784549714262.0,1784549714345.2417,251.82,5265.0,83.242,1784548874262.0,5600.062
ss-51-240000,1784549711295.181,1784549712147,1784549714262.0,1784549714345.2424,851.819,2115.0,83.242,1784548874262.0,3050.062
ss-52-240000,1784549709645.1833,1784549710047,1784549714262.0,1784549714345.3323,401.817,4215.0,83.332,1784548874262.0,4700.149
ss-53-240000,1784549709295.198,1784549710047,1784549714262.0,1784549714345.3337,751.802,4215.0,83.334,1784548874262.0,5050.136
ss-54-240000,1784549704295.1826,1784549704797,1784549714262.0,1784549714345.3345,501.817,9465.0,83.334,1784548874262.0,10050.152
ss-55-240000,1784549707995.1807,1784549708997,1784549714262.0,1784549714345.3433,1001.819,5265.0,83.343,1784548874262.0,6350.163
ss-56-240000,1784549711795.1904,1784549712147,1784549714262.0,1784549714345.344,351.81,2115.0,83.344,1784548874262.0,2550.154
ss-57-240000,1784549711595.186,1784549712147,1784549714262.0,1784549714345.3457,551.814,2115.0,83.346,1784548874262.0,2750.16
ss-58-240000,1784549709245.1802,1784549710047,1784549714262.0,1784549714345.3462,801.82,4215.0,83.346,1784548874262.0,5100.166
ss-59-240000,1784549707945.1826,1784549707947,1784549714262.0,1784549714345.355,1.817,6315.0,83.355,1784548874262.0,6400.172
ss-6-240000,1784549708895.1865,1784549708997,1784549714262.0,1784549714345.3557,101.813,5265.0,83.356,1784548874262.0,5450.169
ss-60-240000,1784549711495.181,1784549712147,1784549714262.0,1784549714345.3562,651.819,2115.0,83.356,1784548874262.0,2850.175
ss-61-240000,1784549692245.1873,1784549693248,1784549714262.0,1784549714345.3618,1002.813,21014.0,83.362,1784548874262.0,22100.175
ss-62-240000,1784549701245.1814,1784549701647,1784549714262.0,1784549714345.3625,401.819,12615.0,83.363,1784548874262.0,13100.181
ss-63-240000,1784549709395.1902,1784549710047,1784549714262.0,1784549714345.3784,651.81,4215.0,83.378,1784548874262.0,4950.188
ss-64-240000,1784549706395.1892,1784549706900,1784549714262.0,1784549714345.3887,504.811,7362.0,83.389,1784548874262.0,7950.199
ss-65-240000,1784549707745.175,1784549707947,1784549714262.0,1784549714345.3945,201.825,6315.0,83.395,1784548874262.0,6600.219
ss-66-240000,1784549707895.1797,1784549707947,1784549714262.0,1784549714345.4353,51.82,6315.0,83.435,1784548874262.0,6450.256
ss-67-240000,1784549698395.1865,1784549698497,1784549714262.0,1784549714345.4807,101.813,15765.0,83.481,1784548874262.0,15950.294
ss-68-240000,1784549710195.1985,1784549711097,1784549714262.0,1784549714345.4814,901.802,3165.0,83.481,1784548874262.0,4150.283
ss-69-240000,1784549700245.185,1784549700597,1784549714262.0,1784549714345.482,351.815,13665.0,83.482,1784548874262.0,14100.297
ss-7-240000,1784549708045.1829,1784549708997,1784549714262.0,1784549714345.4822,951.817,5265.0,83.482,1784548874262.0,6300.299
ss-70-240000,1784549706995.1826,1784549707947,1784549714263.0,1784549714345.487,951.817,6316.0,82.487,1784548874263.0,7350.304
ss-71-240000,1784549710095.2039,1784549711097,1784549714263.0,1784549714345.5254,1001.796,3166.0,82.525,1784548874263.0,4250.322
ss-72-240000,1784549707345.1892,1784549707947,1784549714263.0,1784549714345.526,601.811,6316.0,82.526,1784548874263.0,7000.337
ss-73-240000,1784549705345.185,1784549705847,1784549714263.0,1784549714345.5266,501.815,8416.0,82.527,1784548874263.0,9000.342
ss-74-240000,1784549711395.182,1784549712147,1784549714263.0,1784549714345.5667,751.818,2116.0,82.567,1784548874263.0,2950.385
ss-75-240000,1784549709095.1777,1784549710047,1784549714263.0,1784549714345.5674,951.822,4216.0,82.567,1784548874263.0,5250.39
ss-76-240000,1784549711745.182,1784549712147,1784549714263.0,1784549714345.5676,401.818,2116.0,82.568,1784548874263.0,2600.386
ss-77-240000,1784549711945.1816,1784549712147,1784549714263.0,1784549714345.568,201.818,2116.0,82.568,1784548874263.0,2400.386
ss-78-240000,1784549702195.1855,1784549702697,1784549714263.0,1784549714345.615,501.814,11566.0,82.615,1784548874263.0,12150.429
ss-79-240000,1784549704645.1743,1784549704797,1784549714263.0,1784549714345.6155,151.826,9466.0,82.615,1784548874263.0,9700.441
ss-8-240000,1784549710345.1858,1784549711097,1784549714263.0,1784549714345.616,751.814,3166.0,82.616,1784548874263.0,4000.43
ss-80-240000,1784549711345.185,1784549712147,1784549714263.0,1784549714345.6616,801.815,2116.0,82.662,1784548874263.0,3000.477
ss-81-240000,1784549697345.18,1784549697447,1784549714263.0,1784549714345.662,101.82,16816.0,82.662,1784548874263.0,17000.482
ss-82-240000,1784549707395.1736,1784549707947,1784549714263.0,1784549714345.7751,551.826,6316.0,82.775,1784548874263.0,6950.602
ss-83-240000,1784549705995.1887,1784549706900,1784549714263.0,1784549714345.777,904.811,7363.0,82.777,1784548874263.0,8350.588
ss-84-240000,1784549701645.1824,1784549701647,1784549714263.0,1784549714345.7776,1.818,12616.0,82.778,1784548874263.0,12700.595
ss-85-240000,1784549710745.1853,1784549711097,1784549714263.0,1784549714346.0002,351.815,3166.0,83.0,1784548874263.0,3600.815
ss-86-240000,1784549712095.1814,1784549712147,1784549714263.0,1784549714346.0012,51.819,2116.0,83.001,1784548874263.0,2250.82
ss-87-240000,1784549704795.179,1784549704797,1784549714263.0,1784549714346.002,1.821,9466.0,83.002,1784548874263.0,9550.823
ss-88-240000,1784549706795.1997,1784549706900,1784549714263.0,1784549714346.0098,104.8,7363.0,83.01,1784548874263.0,7550.81
ss-89-240000,1784549696495.184,1784549697447,1784549714263.0,1784549714346.014,951.816,16816.0,83.014,1784548874263.0,17850.83
ss-9-240000,1784549707845.1858,1784549707947,1784549714263.0,1784549714346.015,101.814,6316.0,83.015,1784548874263.0,6500.829
ss-90-240000,1784549711695.1829,1784549712147,1784549714263.0,1784549714346.0151,451.817,2116.0,83.015,1784548874263.0,2650.832
ss-91-240000,1784549709745.1848,1784549710047,1784549714263.0,1784549714346.0159,301.815,4216.0,83.016,1784548874263.0,4600.831
ss-92-240000,1784549706745.186,1784549706900,1784549714263.0,1784549714346.7769,154.814,7363.0,83.777,1784548874263.0,7601.591
ss-93-240000,1784549695595.1855,1784549696397,1784549714263.0,1784549714346.778,801.814,17866.0,83.778,1784548874263.0,18751.593
ss-94-240000,1784549702345.1868,1784549702697,1784549714263.0,1784549714346.7786,351.813,11566.0,83.779,1784548874263.0,12001.592
ss-95-240000,1784549705695.18,1784549705847,1784549714263.0,1784549714346.7793,151.82,8416.0,83.779,1784548874263.0,8651.599
ss-96-240000,1784549712045.186,1784549712147,1784549714263.0,1784549714346.7798,101.814,2116.0,83.78,1784548874263.0,2301.594
ss-97-240000,1784549708795.1897,1784549708997,1784549714263.0,1784549714346.7803,201.81,5266.0,83.78,1784548874263.0,5551.591
ss-98-240000,1784549708145.1875,1784549708997,1784549714263.0,1784549714346.7808,851.812,5266.0,83.781,1784548874263.0,6201.593
ss-99-240000,1784549690845.1829,1784549691148,1784549714263.0,1784549714346.781,302.817,23115.0,83.781,1784548874263.0,23501.598
ss-0-300000,1784549709195.184,1784549710047,1784549714263.0,1784549714346.7815,851.816,4216.0,83.781,1784548814263.0,5151.597
ss-1-300000,1784549708095.18,1784549708997,1784549714263.0,1784549714346.7832,901.82,5266.0,83.783,1784548814263.0,6251.603
ss-10-300000,1784549693545.1924,1784549694297,1784549714263.0,1784549714346.7837,751.808,19966.0,83.784,1784548814263.0,20801.591
ss-11-300000,1784549710945.1797,1784549711097,1784549714263.0,1784549714346.7842,151.82,3166.0,83.784,1784548814263.0,3401.604
ss-12-300000,1784549708445.1785,1784549708997,1784549714263.0,1784549714346.7844,551.822,5266.0,83.784,1784548814263.0,5901.606
ss-13-300000,1784549702745.179,1784549703748,1784549714263.0,1784549714346.785,1002.821,10515.0,83.785,1784548814263.0,11601.606
ss-14-300000,1784549710145.1863,1784549711097,1784549714263.0,1784549714346.792,951.814,3166.0,83.792,1784548814263.0,4201.606
ss-15-300000,1784549710395.1748,1784549711097,1784549714263.0,1784549714346.7925,701.825,3166.0,83.792,1784548814263.0,3951.618
ss-16-300000,1784549711645.1843,1784549712147,1784549714263.0,1784549714346.793,501.816,2116.0,83.793,1784548814263.0,2701.609
ss-17-300000,1784549698645.1816,1784549699547,1784549714263.0,1784549714346.7935,901.818,14716.0,83.793,1784548814263.0,15701.612
ss-18-300000,1784549707645.1877,1784549707947,1784549714263.0,1784549714346.7942,301.812,6316.0,83.794,1784548814263.0,6701.606
ss-19-300000,1784549710845.1826,1784549711097,1784549714263.0,1784549714346.7947,251.817,3166.0,83.795,1784548814263.0,3501.612
ss-2-300000,1784549709795.1804,1784549710047,1784549714263.0,1784549714346.7952,251.82,4216.0,83.795,1784548814263.0,4551.615
ss-20-300000,1784549709045.2002,1784549710047,1784549714264.0,1784549714346.7954,1001.8,4217.0,82.795,1784548814264.0,5301.595
ss-21-300000,1784549708345.188,1784549708997,1784549714264.0,1784549714346.7983,651.812,5267.0,82.798,1784548814264.0,6001.61
ss-22-300000,1784549709895.1816,1784549710047,1784549714264.0,1784549714346.7993,151.818,4217.0,82.799,1784548814264.0,4451.618
ss-23-300000,1784549709995.192,1784549710047,1784549714264.0,1784549714346.7998,51.808,4217.0,82.8,1784548814264.0,4351.608
ss-24-300000,1784549710545.1814,1784549711097,1784549714264.0,1784549714346.8,551.819,3167.0,82.8,1784548814264.0,3801.619
ss-25-300000,1784549707545.1853,1784549707947,1784549714264.0,1784549714346.8875,401.815,6317.0,82.887,1784548814264.0,6801.702
ss-26-300000,1784549711545.1802,1784549712147,1784549714264.0,1784549714346.8884,601.82,2117.0,82.888,1784548814264.0,2801.708
ss-27-300000,1784549711995.1877,1784549712147,1784549714264.0,1784549714346.8928,151.812,2117.0,82.893,1784548814264.0,2351.705
ss-28-300000,1784549708995.1914,1784549708997,1784549714264.0,1784549714346.8955,1.809,5267.0,82.896,1784548814264.0,5351.704
ss-29-300000,1784549705145.1824,1784549705847,1784549714264.0,1784549714346.896,701.818,8417.0,82.896,1784548814264.0,9201.714
ss-3-300000,1784549707795.1775,1784549707947,1784549714264.0,1784549714346.8987,151.823,6317.0,82.899,1784548814264.0,6551.721
ss-30-300000,1784549711145.179,1784549712147,1784549714264.0,1784549714346.9016,1001.821,2117.0,82.902,1784548814264.0,3201.723
ss-31-300000,1784549711895.1873,1784549712147,1784549714264.0,1784549714346.902,251.813,2117.0,82.902,1784548814264.0,2451.715
ss-32-300000,1784549709345.1987,1784549710047,1784549714264.0,1784549714346.9026,701.801,4217.0,82.903,1784548814264.0,5001.704
ss-33-300000,1784549692495.1804,1784549693248,1784549714264.0,1784549714346.9028,752.82,21016.0,82.903,1784548814264.0,21851.722
ss-34-300000,1784549710995.1792,1784549711097,1784549714264.0,1784549714346.9033,101.821,3167.0,82.903,1784548814264.0,3351.724
ss-35-300000,1784549703095.182,1784549703748,1784549714264.0,1784549714346.9038,652.818,10516.0,82.904,1784548814264.0,11251.722
ss-36-300000,1784549710595.1792,1784549711097,1784549714264.0,1784549714346.904,501.821,3167.0,82.904,1784548814264.0,3751.725
ss-37-300000,1784549710045.1875,1784549710047,1784549714264.0,1784549714346.9045,1.812,4217.0,82.905,1784548814264.0,4301.717
ss-38-300000,1784549711445.1843,1784549712147,1784549714264.0,1784549714346.9048,701.816,2117.0,82.905,1784548814264.0,2901.72
ss-39-300000,1784549705895.2173,1784549706900,1784549714264.0,1784549714346.9053,1004.783,7364.0,82.905,1784548814264.0,8451.688
ss-4-300000,1784549710695.1782,1784549711097,1784549714264.0,1784549714346.9055,401.822,3167.0,82.906,1784548814264.0,3651.727
ss-40-300000,1784549691945.177,1784549692197,1784549714264.0,1784549714346.906,251.823,22067.0,82.906,1784548814264.0,22401.729
ss-41-300000,1784549708195.189,1784549708997,1784549714264.0,1784549714346.9062,801.811,5267.0,82.906,1784548814264.0,6151.717
ss-42-300000,1784549704095.1829,1784549704797,1784549714264.0,1784549714346.9067,701.817,9467.0,82.907,1784548814264.0,10251.724
ss-43-300000,1784549710795.178,1784549711097,1784549714264.0,1784549714346.9072,301.822,3167.0,82.907,1784548814264.0,3551.729
ss-44-300000,1784549710445.1807,1784549711097,1784549714264.0,1784549714346.9077,651.819,3167.0,82.908,1784548814264.0,3901.727
ss-45-300000,1784549709945.1765,1784549710047,1784549714264.0,1784549714346.908,101.823,4217.0,82.908,1784548814264.0,4401.731
ss-46-300000,1784549705845.1897,1784549705847,1784549714264.0,1784549714346.909,1.81,8417.0,82.909,1784548814264.0,8501.719
ss-47-300000,1784549711845.1873,1784549712147,1784549714264.0,1784549714346.9092,301.813,2117.0,82.909,1784548814264.0,2501.722
ss-48-300000,1784549695395.182,1784549696397,1784549714264.0,1784549714346.9097,1001.818,17867.0,82.91,1784548814264.0,18951.728
ss-49-300000,1784549710245.1758,1784549711097,1784549714264.0,1784549714346.9204,851.824,3167.0,82.92,1784548814264.0,4101.745
ss-5-300000,1784549708845.183,1784549708997,1784549714264.0,1784549714346.921,151.817,5267.0,82.921,1784548814264.0,5501.738
ss-50-300000,1784549708745.1797,1784549708997,1784549714264.0,1784549714346.9214,251.82,5267.0,82.921,1784548814264.0,5601.742
ss-51-300000,1784549711295.181,1784549712147,1784549714264.0,1784549714346.9219,851.819,2117.0,82.922,1784548814264.0,3051.741
ss-52-300000,1784549709645.1833,1784549710047,1784549714264.0,1784549714346.9224,401.817,4217.0,82.922,1784548814264.0,4701.739
ss-53-300000,1784549709295.198,1784549710047,1784549714264.0,1784549714346.9229,751.802,4217.0,82.923,1784548814264.0,5051.725
ss-54-300000,1784549704295.1826,1784549704797,1784549714264.0,1784549714346.9282,501.817,9467.0,82.928,1784548814264.0,10051.746
ss-55-300000,1784549707995.1807,1784549708997,1784549714264.0,1784549714346.9285,1001.819,5267.0,82.928,1784548814264.0,6351.748
ss-56-300000,1784549711795.1904,1784549712147,1784549714264.0,1784549714346.929,351.81,2117.0,82.929,1784548814264.0,2551.739
ss-57-300000,1784549711595.186,1784549712147,1784549714264.0,1784549714346.9297,551.814,2117.0,82.93,1784548814264.0,2751.744
ss-58-300000,1784549709245.1802,1784549710047,1784549714264.0,1784549714346.9302,801.82,4217.0,82.93,1784548814264.0,5101.75
ss-59-300000,1784549707945.1826,1784549707947,1784549714264.0,1784549714346.9304,1.817,6317.0,82.93,1784548814264.0,6401.748
ss-6-300000,1784549708895.1865,1784549708997,1784549714264.0,1784549714346.931,101.813,5267.0,82.931,1784548814264.0,5451.744
ss-60-300000,1784549711495.181,1784549712147,1784549714264.0,1784549714346.9316,651.819,2117.0,82.932,1784548814264.0,2851.751
ss-61-300000,1784549692245.1873,1784549693248,1784549714264.0,1784549714346.932,1002.813,21016.0,82.932,1784548814264.0,22101.745
ss-62-300000,1784549701245.1814,1784549701647,1784549714264.0,1784549714346.9324,401.819,12617.0,82.932,1784548814264.0,13101.751
ss-63-300000,1784549709395.1902,1784549710047,1784549714264.0,1784549714346.9329,651.81,4217.0,82.933,1784548814264.0,4951.743
ss-64-300000,1784549706395.1892,1784549706900,1784549714264.0,1784549714346.933,504.811,7364.0,82.933,1784548814264.0,7951.744
ss-65-300000,1784549707745.175,1784549707947,1784549714264.0,1784549714346.9336,201.825,6317.0,82.934,1784548814264.0,6601.759
ss-66-300000,1784549707895.1797,1784549707947,1784549714264.0,1784549714346.9338,51.82,6317.0,82.934,1784548814264.0,6451.754
ss-67-300000,1784549698395.1865,1784549698497,1784549714265.0,1784549714346.9343,101.813,15768.0,81.934,1784548814265.0,15951.748
ss-68-300000,1784549710195.1985,1784549711097,1784549714265.0,1784549714346.9348,901.802,3168.0,81.935,1784548814265.0,4151.736
ss-69-300000,1784549700245.185,1784549700597,1784549714265.0,1784549714346.935,351.815,13668.0,81.935,1784548814265.0,14101.75
ss-7-300000,1784549708045.1829,1784549708997,1784549714265.0,1784549714346.9355,951.817,5268.0,81.936,1784548814265.0,6301.753
ss-70-300000,1784549706995.1826,1784549707947,1784549714265.0,1784549714346.9358,951.817,6318.0,81.936,1784548814265.0,7351.753
ss-71-300000,1784549710095.2039,1784549711097,1784549714265.0,1784549714346.943,1001.796,3168.0,81.943,1784548814265.0,4251.739
ss-72-300000,1784549707345.1892,1784549707947,1784549714265.0,1784549714346.9436,601.811,6318.0,81.944,1784548814265.0,7001.754
ss-73-300000,1784549705345.185,1784549705847,1784549714265.0,1784549714346.944,501.815,8418.0,81.944,1784548814265.0,9001.759
ss-74-300000,1784549711395.182,1784549712147,1784549714265.0,1784549714346.9446,751.818,2118.0,81.945,1784548814265.0,2951.763
ss-75-300000,1784549709095.1777,1784549710047,1784549714265.0,1784549714346.9448,951.822,4218.0,81.945,1784548814265.0,5251.767
ss-76-300000,1784549711745.182,1784549712147,1784549714265.0,1784549714346.9453,401.818,2118.0,81.945,1784548814265.0,2601.763
ss-77-300000,1784549711945.1816,1784549712147,1784549714265.0,1784549714346.9456,201.818,2118.0,81.946,1784548814265.0,2401.764
ss-78-300000,1784549702195.1855,1784549702697,1784549714265.0,1784549714346.946,501.814,11568.0,81.946,1784548814265.0,12151.76
ss-79-300000,1784549704645.1743,1784549704797,1784549714265.0,1784549714346.9463,151.826,9468.0,81.946,1784548814265.0,9701.772
ss-8-300000,1784549710345.1858,1784549711097,1784549714265.0,1784549714346.9468,751.814,3168.0,81.947,1784548814265.0,4001.761
ss-80-300000,1784549711345.185,1784549712147,1784549714265.0,1784549714346.947,801.815,2118.0,81.947,1784548814265.0,3001.762
ss-81-300000,1784549697345.18,1784549697447,1784549714265.0,1784549714346.9475,101.82,16818.0,81.948,1784548814265.0,17001.768
ss-82-300000,1784549707395.1736,1784549707947,1784549714265.0,1784549714346.948,551.826,6318.0,81.948,1784548814265.0,6951.774
ss-83-300000,1784549705995.1887,1784549706900,1784549714265.0,1784549714346.9482,904.811,7365.0,81.948,1784548814265.0,8351.76
ss-84-300000,1784549701645.1824,1784549701647,1784549714265.0,1784549714346.9487,1.818,12618.0,81.949,1784548814265.0,12701.766
ss-85-300000,1784549710745.1853,1784549711097,1784549714265.0,1784549714346.9517,351.815,3168.0,81.952,1784548814265.0,3601.766
ss-86-300000,1784549712095.1814,1784549712147,1784549714265.0,1784549714346.9521,51.819,2118.0,81.952,1784548814265.0,2251.771
ss-87-300000,1784549704795.179,1784549704797,1784549714265.0,1784549714346.9524,1.821,9468.0,81.952,1784548814265.0,9551.773
ss-88-300000,1784549706795.1997,1784549706900,1784549714265.0,1784549714346.953,104.8,7365.0,81.953,1784548814265.0,7551.753
ss-89-300000,1784549696495.184,1784549697447,1784549714265.0,1784549714346.9531,951.816,16818.0,81.953,1784548814265.0,17851.769
ss-9-300000,1784549707845.1858,1784549707947,1784549714265.0,1784549714346.9536,101.814,6318.0,81.954,1784548814265.0,6501.768
ss-90-300000,1784549711695.1829,1784549712147,1784549714265.0,1784549714346.9539,451.817,2118.0,81.954,1784548814265.0,2651.771
ss-91-300000,1784549709745.1848,1784549710047,1784549714265.0,1784549714347.0173,301.815,4218.0,82.017,1784548814265.0,4601.833
ss-92-300000,1784549706745.186,1784549706900,1784549714265.0,1784549714347.2476,154.814,7365.0,82.248,1784548814265.0,7602.062
ss-93-300000,1784549695595.1855,1784549696397,1784549714265.0,1784549714347.2488,801.814,17868.0,82.249,1784548814265.0,18752.063
ss-94-300000,1784549702345.1868,1784549702697,1784549714265.0,1784549714347.2493,351.813,11568.0,82.249,1784548814265.0,12002.062
ss-95-300000,1784549705695.18,1784549705847,1784549714265.0,1784549714347.2495,151.82,8418.0,82.25,1784548814265.0,8652.07
ss-96-300000,1784549712045.186,1784549712147,1784549714265.0,1784549714347.25,101.814,2118.0,82.25,1784548814265.0,2302.064
ss-97-300000,1784549708795.1897,1784549708997,1784549714265.0,1784549714347.2505,201.81,5268.0,82.25,1784548814265.0,5552.061
ss-98-300000,1784549708145.1875,1784549708997,1784549714265.0,1784549714347.251,851.812,5268.0,82.251,1784548814265.0,6202.063
ss-99-300000,1784549690845.1829,1784549691148,1784549714265.0,1784549714347.2515,302.817,23117.0,82.251,1784548814265.0,23502.069
ss-0-360000,1784549709195.184,1784549710047,1784549714265.0,1784549714347.2517,851.816,4218.0,82.252,1784548754265.0,5152.068
ss-1-360000,1784549708095.18,1784549708997,1784549714265.0,1784549714347.2522,901.82,5268.0,82.252,1784548754265.0,6252.072
ss-10-360000,1784549693545.1924,1784549694297,1784549714265.0,1784549714347.2527,751.808,19968.0,82.253,1784548754265.0,20802.06
ss-11-360000,1784549710945.1797,1784549711097,1784549714265.0,1784549714347.2532,151.82,3168.0,82.253,1784548754265.0,3402.073
ss-12-360000,1784549708445.1785,1784549708997,1784549714265.0,1784549714347.2534,551.822,5268.0,82.253,1784548754265.0,5902.075
ss-13-360000,1784549702745.179,1784549703748,1784549714265.0,1784549714347.254,1002.821,10517.0,82.254,1784548754265.0,11602.075
ss-14-360000,1784549710145.1863,1784549711097,1784549714265.0,1784549714347.2544,951.814,3168.0,82.254,1784548754265.0,4202.068
ss-15-360000,1784549710395.1748,1784549711097,1784549714265.0,1784549714347.2546,701.825,3168.0,82.255,1784548754265.0,3952.08
ss-16-360000,1784549711645.1843,1784549712147,1784549714265.0,1784549714347.2551,501.816,2118.0,82.255,1784548754265.0,2702.071
ss-17-360000,1784549698645.1816,1784549699547,1784549714265.0,1784549714347.26,901.818,14718.0,82.26,1784548754265.0,15702.078
ss-18-360000,1784549707645.1877,1784549707947,1784549714265.0,1784549714347.266,301.812,6318.0,82.266,1784548754265.0,6702.078
ss-19-360000,1784549710845.1826,1784549711097,1784549714265.0,1784549714347.2693,251.817,3168.0,82.269,1784548754265.0,3502.087
ss-2-360000,1784549709795.1804,1784549710047,1784549714265.0,1784549714347.2698,251.82,4218.0,82.27,1784548754265.0,4552.089
ss-20-360000,1784549709045.2002,1784549710047,1784549714265.0,1784549714347.2703,1001.8,4218.0,82.27,1784548754265.0,5302.07
ss-21-360000,1784549708345.188,1784549708997,1784549714265.0,1784549714347.274,651.812,5268.0,82.274,1784548754265.0,6002.086
ss-22-360000,1784549709895.1816,1784549710047,1784549714265.0,1784549714347.2744,151.818,4218.0,82.274,1784548754265.0,4452.093
ss-23-360000,1784549709995.192,1784549710047,1784549714266.0,1784549714347.306,51.808,4219.0,81.306,1784548754266.0,4352.114
ss-24-360000,1784549710545.1814,1784549711097,1784549714266.0,1784549714347.3066,551.819,3169.0,81.307,1784548754266.0,3802.125
ss-25-360000,1784549707545.1853,1784549707947,1784549714266.0,1784549714347.3147,401.815,6319.0,81.315,1784548754266.0,6802.129
ss-26-360000,1784549711545.1802,1784549712147,1784549714266.0,1784549714347.315,601.82,2119.0,81.315,1784548754266.0,2802.135
ss-27-360000,1784549711995.1877,1784549712147,1784549714266.0,1784549714347.3179,151.812,2119.0,81.318,1784548754266.0,2352.13
ss-28-360000,1784549708995.1914,1784549708997,1784549714266.0,1784549714347.3188,1.809,5269.0,81.319,1784548754266.0,5352.127
ss-29-360000,1784549705145.1824,1784549705847,1784549714266.0,1784549714347.3354,701.818,8419.0,81.335,1784548754266.0,9202.153
ss-3-360000,1784549707795.1775,1784549707947,1784549714266.0,1784549714347.336,151.823,6319.0,81.336,1784548754266.0,6552.158
ss-30-360000,1784549711145.179,1784549712147,1784549714266.0,1784549714347.3362,1001.821,2119.0,81.336,1784548754266.0,3202.157
ss-31-360000,1784549711895.1873,1784549712147,1784549714266.0,1784549714347.3677,251.813,2119.0,81.368,1784548754266.0,2452.18
ss-32-360000,1784549709345.1987,1784549710047,1784549714266.0,1784549714347.368,701.801,4219.0,81.368,1784548754266.0,5002.169
ss-33-360000,1784549692495.1804,1784549693248,1784549714266.0,1784549714347.3684,752.82,21018.0,81.368,1784548754266.0,21852.188
ss-34-360000,1784549710995.1792,1784549711097,1784549714266.0,1784549714347.3838,101.821,3169.0,81.384,1784548754266.0,3352.205
ss-35-360000,1784549703095.182,1784549703748,1784549714266.0,1784549714347.384,652.818,10518.0,81.384,1784548754266.0,11252.202
ss-36-360000,1784549710595.1792,1784549711097,1784549714266.0,1784549714347.3877,501.821,3169.0,81.388,1784548754266.0,3752.208
ss-37-360000,1784549710045.1875,1784549710047,1784549714266.0,1784549714347.388,1.812,4219.0,81.388,1784548754266.0,4302.2
ss-38-360000,1784549711445.1843,1784549712147,1784549714266.0,1784549714347.4163,701.816,2119.0,81.416,1784548754266.0,2902.232
ss-39-360000,1784549705895.2173,1784549706900,1784549714266.0,1784549714347.4167,1004.783,7366.0,81.417,1784548754266.0,8452.199
ss-4-360000,1784549710695.1782,1784549711097,1784549714266.0,1784549714347.4202,401.822,3169.0,81.42,1784548754266.0,3652.242
ss-40-360000,1784549691945.177,1784549692197,1784549714266.0,1784549714347.4233,251.823,22069.0,81.423,1784548754266.0,22402.246
ss-41-360000,1784549708195.189,1784549708997,1784549714266.0,1784549714347.4468,801.811,5269.0,81.447,1784548754266.0,6152.258
ss-42-360000,1784549704095.1829,1784549704797,1784549714266.0,1784549714347.447,701.817,9469.0,81.447,1784548754266.0,10252.264
ss-43-360000,1784549710795.178,1784549711097,1784549714266.0,1784549714347.5242,301.822,3169.0,81.524,1784548754266.0,3552.346
ss-44-360000,1784549710445.1807,1784549711097,1784549714266.0,1784549714347.5251,651.819,3169.0,81.525,1784548754266.0,3902.344
ss-45-360000,1784549709945.1765,1784549710047,1784549714266.0,1784549714347.5256,101.823,4219.0,81.526,1784548754266.0,4402.349
ss-46-360000,1784549705845.1897,1784549705847,1784549714266.0,1784549714347.529,1.81,8419.0,81.529,1784548754266.0,8502.339
ss-47-360000,1784549711845.1873,1784549712147,1784549714266.0,1784549714347.5298,301.813,2119.0,81.53,1784548754266.0,2502.343
ss-48-360000,1784549695395.182,1784549696397,1784549714266.0,1784549714347.5303,1001.818,17869.0,81.53,1784548754266.0,18952.348
ss-49-360000,1784549710245.1758,1784549711097,1784549714266.0,1784549714347.5452,851.824,3169.0,81.545,1784548754266.0,4102.369
ss-5-360000,1784549708845.183,1784549708997,1784549714266.0,1784549714347.5457,151.817,5269.0,81.546,1784548754266.0,5502.363
ss-50-360000,1784549708745.1797,1784549708997,1784549714266.0,1784549714347.5461,251.82,5269.0,81.546,1784548754266.0,5602.366
ss-51-360000,1784549711295.181,1784549712147,1784549714266.0,1784549714347.5793,851.819,2119.0,81.579,1784548754266.0,3052.398
ss-52-360000,1784549709645.1833,1784549710047,1784549714266.0,1784549714347.5798,401.817,4219.0,81.58,1784548754266.0,4702.396
ss-53-360000,1784549709295.198,1784549710047,1784549714266.0,1784549714347.5803,751.802,4219.0,81.58,1784548754266.0,5052.382
ss-54-360000,1784549704295.1826,1784549704797,1784549714266.0,1784549714347.5806,501.817,9469.0,81.581,1784548754266.0,10052.398
ss-55-360000,1784549707995.1807,1784549708997,1784549714266.0,1784549714347.5845,1001.819,5269.0,81.584,1784548754266.0,6352.404
ss-56-360000,1784549711795.1904,1784549712147,1784549714266.0,1784549714347.5938,351.81,2119.0,81.594,1784548754266.0,2552.403
ss-57-360000,1784549711595.186,1784549712147,1784549714266.0,1784549714347.6147,551.814,2119.0,81.615,1784548754266.0,2752.429
ss-58-360000,1784549709245.1802,1784549710047,1784549714266.0,1784549714347.6326,801.82,4219.0,81.633,1784548754266.0,5102.452
ss-59-360000,1784549707945.1826,1784549707947,1784549714266.0,1784549714347.633,1.817,6319.0,81.633,1784548754266.0,6402.45
ss-6-360000,1784549708895.1865,1784549708997,1784549714266.0,1784549714347.6375,101.813,5269.0,81.637,1784548754266.0,5452.451
ss-60-360000,1784549711495.181,1784549712147,1784549714266.0,1784549714347.638,651.819,2119.0,81.638,1784548754266.0,2852.457
ss-61-360000,1784549692245.1873,1784549693248,1784549714266.0,1784549714347.6384,1002.813,21018.0,81.638,1784548754266.0,22102.451
ss-62-360000,1784549701245.1814,1784549701647,1784549714266.0,1784549714347.6677,401.819,12619.0,81.668,1784548754266.0,13102.486
ss-63-360000,1784549709395.1902,1784549710047,1784549714266.0,1784549714347.6685,651.81,4219.0,81.668,1784548754266.0,4952.478
ss-64-360000,1784549706395.1892,1784549706900,1784549714266.0,1784549714347.6763,504.811,7366.0,81.676,1784548754266.0,7952.487
ss-65-360000,1784549707745.175,1784549707947,1784549714266.0,1784549714347.6768,201.825,6319.0,81.677,1784548754266.0,6602.502
ss-66-360000,1784549707895.1797,1784549707947,1784549714267.0,1784549714347.698,51.82,6320.0,80.698,1784548754267.0,6452.518
ss-67-360000,1784549698395.1865,1784549698497,1784549714267.0,1784549714347.7014,101.813,15770.0,80.701,1784548754267.0,15952.515
ss-68-360000,1784549710195.1985,1784549711097,1784549714267.0,1784549714347.702,901.802,3170.0,80.702,1784548754267.0,4152.503
ss-69-360000,1784549700245.185,1784549700597,1784549714267.0,1784549714347.7056,351.815,13670.0,80.706,1784548754267.0,14102.521
ss-7-360000,1784549708045.1829,1784549708997,1784549714267.0,1784549714347.7148,951.817,5270.0,80.715,1784548754267.0,6302.532
ss-70-360000,1784549706995.1826,1784549707947,1784549714267.0,1784549714347.7915,951.817,6320.0,80.792,1784548754267.0,7352.609
ss-71-360000,1784549710095.2039,1784549711097,1784549714267.0,1784549714347.793,1001.796,3170.0,80.793,1784548754267.0,4252.589
ss-72-360000,1784549707345.1892,1784549707947,1784549714267.0,1784549714347.7942,601.811,6320.0,80.794,1784548754267.0,7002.605
ss-73-360000,1784549705345.185,1784549705847,1784549714267.0,1784549714347.795,501.815,8420.0,80.795,1784548754267.0,9002.61
ss-74-360000,1784549711395.182,1784549712147,1784549714267.0,1784549714347.8074,751.818,2120.0,80.807,1784548754267.0,2952.625
ss-75-360000,1784549709095.1777,1784549710047,1784549714267.0,1784549714347.8083,951.822,4220.0,80.808,1784548754267.0,5252.631
ss-76-360000,1784549711745.182,1784549712147,1784549714267.0,1784549714347.8088,401.818,2120.0,80.809,1784548754267.0,2602.627
ss-77-360000,1784549711945.1816,1784549712147,1784549714267.0,1784549714347.8093,201.818,2120.0,80.809,1784548754267.0,2402.628
ss-78-360000,1784549702195.1855,1784549702697,1784549714267.0,1784549714347.8132,501.814,11570.0,80.813,1784548754267.0,12152.628
ss-79-360000,1784549704645.1743,1784549704797,1784549714267.0,1784549714347.8137,151.826,9470.0,80.814,1784548754267.0,9702.639
ss-8-360000,1784549710345.1858,1784549711097,1784549714267.0,1784549714347.8281,751.814,3170.0,80.828,1784548754267.0,4002.642
ss-80-360000,1784549711345.185,1784549712147,1784549714267.0,1784549714347.8286,801.815,2120.0,80.829,1784548754267.0,3002.644
ss-81-360000,1784549697345.18,1784549697447,1784549714267.0,1784549714347.832,101.82,16820.0,80.832,1784548754267.0,17002.652
ss-82-360000,1784549707395.1736,1784549707947,1784549714267.0,1784549714347.9375,551.826,6320.0,80.938,1784548754267.0,6952.764
ss-83-360000,1784549705995.1887,1784549706900,1784549714267.0,1784549714347.9382,904.811,7367.0,80.938,1784548754267.0,8352.75
ss-84-360000,1784549701645.1824,1784549701647,1784549714267.0,1784549714347.9387,1.818,12620.0,80.939,1784548754267.0,12702.756
ss-85-360000,1784549710745.1853,1784549711097,1784549714267.0,1784549714347.939,351.815,3170.0,80.939,1784548754267.0,3602.754
ss-86-360000,1784549712095.1814,1784549712147,1784549714267.0,1784549714347.9395,51.819,2120.0,80.939,1784548754267.0,2252.758
ss-87-360000,1784549704795.179,1784549704797,1784549714267.0,1784549714347.94,1.821,9470.0,80.94,1784548754267.0,9552.761
ss-88-360000,1784549706795.1997,1784549706900,1784549714267.0,1784549714347.9404,104.8,7367.0,80.94,1784548754267.0,7552.741
ss-89-360000,1784549696495.184,1784549697447,1784549714267.0,1784549714347.9407,951.816,16820.0,80.941,1784548754267.0,17852.757
ss-9-360000,1784549707845.1858,1784549707947,1784549714267.0,1784549714347.9412,101.814,6320.0,80.941,1784548754267.0,6502.755
ss-90-360000,1784549711695.1829,1784549712147,1784549714267.0,1784549714347.9456,451.817,2120.0,80.946,1784548754267.0,2652.763
ss-91-360000,1784549709745.1848,1784549710047,1784549714267.0,1784549714347.9497,301.815,4220.0,80.95,1784548754267.0,4602.765
ss-92-360000,1784549706745.186,1784549706900,1784549714267.0,1784549714347.9575,154.814,7367.0,80.958,1784548754267.0,7602.771
ss-93-360000,1784549695595.1855,1784549696397,1784549714267.0,1784549714347.962,801.814,17870.0,80.962,1784548754267.0,18752.776
ss-94-360000,1784549702345.1868,1784549702697,1784549714267.0,1784549714348.0146,351.813,11570.0,81.015,1784548754267.0,12002.828
ss-95-360000,1784549705695.18,1784549705847,1784549714267.0,1784549714348.0159,151.82,8420.0,81.016,1784548754267.0,8652.836
ss-96-360000,1784549712045.186,1784549712147,1784549714267.0,1784549714348.0215,101.814,2120.0,81.021,1784548754267.0,2302.835
ss-97-360000,1784549708795.1897,1784549708997,1784549714267.0,1784549714348.0225,201.81,5270.0,81.022,1784548754267.0,5552.833
ss-98-360000,1784549708145.1875,1784549708997,1784549714267.0,1784549714348.0234,851.812,5270.0,81.023,1784548754267.0,6202.836
ss-99-360000,1784549690845.1829,1784549691148,1784549714267.0,1784549714348.0237,302.817,23119.0,81.024,1784548754267.0,23502.841
ss-0-420000,1784549709195.184,1784549710047,1784549714267.0,1784549714348.0242,851.816,4220.0,81.024,1784548694267.0,5152.84
ss-1-420000,1784549708095.18,1784549708997,1784549714267.0,1784549714348.0298,901.82,5270.0,81.03,1784548694267.0,6252.85
ss-10-420000,1784549693545.1924,1784549694297,1784549714267.0,1784549714348.0308,751.808,19970.0,81.031,1784548694267.0,20802.838
ss-11-420000,1784549710945.1797,1784549711097,1784549714267.0,1784549714348.0315,151.82,3170.0,81.031,1784548694267.0,3402.852
ss-12-420000,1784549708445.1785,1784549708997,1784549714267.0,1784549714348.0571,551.822,5270.0,81.057,1784548694267.0,5902.879
ss-13-420000,1784549702745.179,1784549703748,1784549714267.0,1784549714348.0576,1002.821,10519.0,81.058,1784548694267.0,11602.879
ss-14-420000,1784549710145.1863,1784549711097,1784549714267.0,1784549714348.0579,951.814,3170.0,81.058,1784548694267.0,4202.872
ss-15-420000,1784549710395.1748,1784549711097,1784549714267.0,1784549714348.0586,701.825,3170.0,81.059,1784548694267.0,3952.884
ss-16-420000,1784549711645.1843,1784549712147,1784549714267.0,1784549714348.075,501.816,2120.0,81.075,1784548694267.0,2702.891
ss-17-420000,1784549698645.1816,1784549699547,1784549714267.0,1784549714348.0752,901.818,14720.0,81.075,1784548694267.0,15702.894
ss-18-420000,1784549707645.1877,1784549707947,1784549714267.0,1784549714348.0754,301.812,6320.0,81.075,1784548694267.0,6702.888
ss-19-420000,1784549710845.1826,1784549711097,1784549714267.0,1784549714348.0784,251.817,3170.0,81.078,1784548694267.0,3502.896
ss-2-420000,1784549709795.1804,1784549710047,1784549714267.0,1784549714348.1033,251.82,4220.0,81.103,1784548694267.0,4552.923
ss-20-420000,1784549709045.2002,1784549710047,1784549714267.0,1784549714348.104,1001.8,4220.0,81.104,1784548694267.0,5302.904
ss-21-420000,1784549708345.188,1784549708997,1784549714267.0,1784549714348.1594,651.812,5270.0,81.159,1784548694267.0,6002.971
ss-22-420000,1784549709895.1816,1784549710047,1784549714268.0,1784549714348.169,151.818,4221.0,80.169,1784548694268.0,4452.987
ss-23-420000,1784549709995.192,1784549710047,1784549714268.0,1784549714348.17,51.808,4221.0,80.17,1784548694268.0,4352.978
ss-24-420000,1784549710545.1814,1784549711097,1784549714268.0,1784549714348.1707,551.819,3171.0,80.171,1784548694268.0,3802.989
ss-25-420000,1784549707545.1853,1784549707947,1784549714268.0,1784549714348.1804,401.815,6321.0,80.18,1784548694268.0,6802.995
ss-26-420000,1784549711545.1802,1784549712147,1784549714268.0,1784549714348.1814,601.82,2121.0,80.181,1784548694268.0,2803.001
ss-27-420000,1784549711995.1877,1784549712147,1784549714268.0,1784549714348.1863,151.812,2121.0,80.186,1784548694268.0,2352.999
ss-28-420000,1784549708995.1914,1784549708997,1784549714268.0,1784549714348.1873,1.809,5271.0,80.187,1784548694268.0,5352.996
ss-29-420000,1784549705145.1824,1784549705847,1784549714268.0,1784549714348.1877,701.818,8421.0,80.188,1784548694268.0,9203.005
ss-3-420000,1784549707795.1775,1784549707947,1784549714268.0,1784549714348.2083,151.823,6321.0,80.208,1784548694268.0,6553.031
ss-30-420000,1784549711145.179,1784549712147,1784549714268.0,1784549714348.2092,1001.821,2121.0,80.209,1784548694268.0,3203.03
ss-31-420000,1784549711895.1873,1784549712147,1784549714268.0,1784549714348.2188,251.813,2121.0,80.219,1784548694268.0,2453.031
ss-32-420000,1784549709345.1987,1784549710047,1784549714268.0,1784549714348.2192,701.801,4221.0,80.219,1784548694268.0,5003.021
ss-33-420000,1784549692495.1804,1784549693248,1784549714268.0,1784549714348.2478,752.82,21020.0,80.248,1784548694268.0,21853.067
ss-34-420000,1784549710995.1792,1784549711097,1784549714268.0,1784549714348.2485,101.821,3171.0,80.249,1784548694268.0,3353.069
ss-35-420000,1784549703095.182,1784549703748,1784549714268.0,1784549714348.2534,652.818,10520.0,80.253,1784548694268.0,11253.072
ss-36-420000,1784549710595.1792,1784549711097,1784549714268.0,1784549714348.2542,501.821,3171.0,80.254,1784548694268.0,3753.075
ss-37-420000,1784549710045.1875,1784549710047,1784549714268.0,1784549714348.2688,1.812,4221.0,80.269,1784548694268.0,4303.081
ss-38-420000,1784549711445.1843,1784549712147,1784549714268.0,1784549714348.2695,701.816,2121.0,80.27,1784548694268.0,2903.085
ss-39-420000,1784549705895.2173,1784549706900,1784549714268.0,1784549714348.27,1004.783,7368.0,80.27,1784548694268.0,8453.053
ss-4-420000,1784549710695.1782,1784549711097,1784549714268.0,1784549714348.2751,401.822,3171.0,80.275,1784548694268.0,3653.097
ss-40-420000,1784549691945.177,1784549692197,1784549714268.0,1784549714348.3074,251.823,22071.0,80.307,1784548694268.0,22403.13
ss-41-420000,1784549708195.189,1784549708997,1784549714268.0,1784549714348.3083,801.811,5271.0,80.308,1784548694268.0,6153.119
ss-42-420000,1784549704095.1829,1784549704797,1784549714268.0,1784549714348.331,701.817,9471.0,80.331,1784548694268.0,10253.148
ss-43-420000,1784549710795.178,1784549711097,1784549714268.0,1784549714348.3315,301.822,3171.0,80.332,1784548694268.0,3553.154
ss-44-420000,1784549710445.1807,1784549711097,1784549714268.0,1784549714348.3354,651.819,3171.0,80.335,1784548694268.0,3903.155
ss-45-420000,1784549709945.1765,1784549710047,1784549714268.0,1784549714348.3452,101.823,4221.0,80.345,1784548694268.0,4403.169
ss-46-420000,1784549705845.1897,1784549705847,1784549714268.0,1784549714348.346,1.81,8421.0,80.346,1784548694268.0,8503.156
ss-47-420000,1784549711845.1873,1784549712147,1784549714268.0,1784549714348.3494,301.813,2121.0,80.349,1784548694268.0,2503.162
ss-48-420000,1784549695395.182,1784549696397,1784549714268.0,1784549714348.353,1001.818,17871.0,80.353,1784548694268.0,18953.171
ss-49-420000,1784549710245.1758,1784549711097,1784549714268.0,1784549714348.363,851.824,3171.0,80.363,1784548694268.0,4103.187
ss-5-420000,1784549708845.183,1784549708997,1784549714268.0,1784549714348.3987,151.817,5271.0,80.399,1784548694268.0,5503.216
ss-50-420000,1784549708745.1797,1784549708997,1784549714268.0,1784549714348.3992,251.82,5271.0,80.399,1784548694268.0,5603.219
ss-51-420000,1784549711295.181,1784549712147,1784549714268.0,1784549714348.3997,851.819,2121.0,80.4,1784548694268.0,3053.219
ss-52-420000,1784549709645.1833,1784549710047,1784549714268.0,1784549714348.4165,401.817,4221.0,80.417,1784548694268.0,4703.233
ss-53-420000,1784549709295.198,1784549710047,1784549714268.0,1784549714348.417,751.802,4221.0,80.417,1784548694268.0,5053.219
ss-54-420000,1784549704295.1826,1784549704797,1784549714268.0,1784549714348.4417,501.817,9471.0,80.442,1784548694268.0,10053.259
ss-55-420000,1784549707995.1807,1784549708997,1784549714268.0,1784549714348.4487,1001.819,5271.0,80.449,1784548694268.0,6353.268
ss-56-420000,1784549711795.1904,1784549712147,1784549714268.0,1784549714348.4521,351.81,2121.0,80.452,1784548694268.0,2553.262
ss-57-420000,1784549711595.186,1784549712147,1784549714268.0,1784549714348.4526,551.814,2121.0,80.453,1784548694268.0,2753.267
ss-58-420000,1784549709245.1802,1784549710047,1784549714268.0,1784549714348.4556,801.82,4221.0,80.456,1784548694268.0,5103.275
ss-59-420000,1784549707945.1826,1784549707947,1784549714268.0,1784549714348.4841,1.817,6321.0,80.484,1784548694268.0,6403.302
ss-6-420000,1784549708895.1865,1784549708997,1784549714268.0,1784549714348.4846,101.813,5271.0,80.485,1784548694268.0,5453.298
ss-60-420000,1784549711495.181,1784549712147,1784549714268.0,1784549714348.4888,651.819,2121.0,80.489,1784548694268.0,2853.308
ss-61-420000,1784549692245.1873,1784549693248,1784549714268.0,1784549714348.5208,1002.813,21020.0,80.521,1784548694268.0,22103.333
ss-62-420000,1784549701245.1814,1784549701647,1784549714269.0,1784549714348.521,401.819,12622.0,79.521,1784548694269.0,13103.34
ss-63-420000,1784549709395.1902,1784549710047,1784549714269.0,1784549714348.5872,651.81,4222.0,79.587,1784548694269.0,4953.397
ss-64-420000,1784549706395.1892,1784549706900,1784549714269.0,1784549714348.6387,504.811,7369.0,79.639,1784548694269.0,7953.449
ss-65-420000,1784549707745.175,1784549707947,1784549714269.0,1784549714348.6392,201.825,6322.0,79.639,1784548694269.0,6603.464
ss-66-420000,1784549707895.1797,1784549707947,1784549714269.0,1784549714348.6394,51.82,6322.0,79.639,1784548694269.0,6453.46
ss-67-420000,1784549698395.1865,1784549698497,1784549714269.0,1784549714348.6396,101.813,15772.0,79.64,1784548694269.0,15953.453
ss-68-420000,1784549710195.1985,1784549711097,1784549714269.0,1784549714348.6428,901.802,3172.0,79.643,1784548694269.0,4153.444
ss-69-420000,1784549700245.185,1784549700597,1784549714269.0,1784549714348.643,351.815,13672.0,79.643,1784548694269.0,14103.458
ss-7-420000,1784549708045.1829,1784549708997,1784549714269.0,1784549714348.6482,951.817,5272.0,79.648,1784548694269.0,6303.465
ss-70-420000,1784549706995.1826,1784549707947,1784549714269.0,1784549714348.6577,951.817,6322.0,79.658,1784548694269.0,7353.475
ss-71-420000,1784549710095.2039,1784549711097,1784549714269.0,1784549714348.6604,1001.796,3172.0,79.66,1784548694269.0,4253.457
ss-72-420000,1784549707345.1892,1784549707947,1784549714269.0,1784549714348.6724,601.811,6322.0,79.672,1784548694269.0,7003.483
ss-73-420000,1784549705345.185,1784549705847,1784549714269.0,1784549714348.6726,501.815,8422.0,79.673,1784548694269.0,9003.488
ss-74-420000,1784549711395.182,1784549712147,1784549714269.0,1784549714348.6777,751.818,2122.0,79.678,1784548694269.0,2953.496
ss-75-420000,1784549709095.1777,1784549710047,1784549714269.0,1784549714348.6792,951.822,4222.0,79.679,1784548694269.0,5253.501
ss-76-420000,1784549711745.182,1784549712147,1784549714269.0,1784549714348.6934,401.818,2122.0,79.693,1784548694269.0,2603.511
ss-77-420000,1784549711945.1816,1784549712147,1784549714269.0,1784549714348.6956,201.818,2122.0,79.696,1784548694269.0,2403.514
ss-78-420000,1784549702195.1855,1784549702697,1784549714269.0,1784549714348.696,501.814,11572.0,79.696,1784548694269.0,12153.51
ss-79-420000,1784549704645.1743,1784549704797,1784549714269.0,1784549714348.7214,151.826,9472.0,79.721,1784548694269.0,9703.547
ss-8-420000,1784549710345.1858,1784549711097,1784549714269.0,1784549714348.722,751.814,3172.0,79.722,1784548694269.0,4003.536
ss-80-420000,1784549711345.185,1784549712147,1784549714269.0,1784549714348.7222,801.815,2122.0,79.722,1784548694269.0,3003.537
ss-81-420000,1784549697345.18,1784549697447,1784549714269.0,1784549714348.725,101.82,16822.0,79.725,1784548694269.0,17003.545
ss-82-420000,1784549707395.1736,1784549707947,1784549714269.0,1784549714348.728,551.826,6322.0,79.728,1784548694269.0,6953.554
ss-83-420000,1784549705995.1887,1784549706900,1784549714269.0,1784549714348.76,904.811,7369.0,79.76,1784548694269.0,8353.571
ss-84-420000,1784549701645.1824,1784549701647,1784549714269.0,1784549714348.7603,1.818,12622.0,79.76,1784548694269.0,12703.578
ss-85-420000,1784549710745.1853,1784549711097,1784549714269.0,1784549714348.7605,351.815,3172.0,79.76,1784548694269.0,3603.575
ss-86-420000,1784549712095.1814,1784549712147,1784549714269.0,1784549714348.7686,51.819,2122.0,79.769,1784548694269.0,2253.587
ss-87-420000,1784549704795.179,1784549704797,1784549714269.0,1784549714348.7708,1.821,9472.0,79.771,1784548694269.0,9553.592
ss-88-420000,1784549706795.1997,1784549706900,1784549714269.0,1784549714348.813,104.8,7369.0,79.813,1784548694269.0,7553.613
ss-89-420000,1784549696495.184,1784549697447,1784549714269.0,1784549714348.8137,951.816,16822.0,79.814,1784548694269.0,17853.63
ss-9-420000,1784549707845.1858,1784549707947,1784549714269.0,1784549714348.8145,101.814,6322.0,79.814,1784548694269.0,6503.629
ss-90-420000,1784549711695.1829,1784549712147,1784549714269.0,1784549714348.815,451.817,2122.0,79.815,1784548694269.0,2653.632
ss-91-420000,1784549709745.1848,1784549710047,1784549714269.0,1784549714348.8203,301.815,4222.0,79.82,1784548694269.0,4603.635
ss-92-420000,1784549706745.186,1784549706900,1784549714269.0,1784549714348.8208,154.814,7369.0,79.821,1784548694269.0,7603.635
ss-93-420000,1784549695595.1855,1784549696397,1784549714269.0,1784549714348.8215,801.814,17872.0,79.822,1784548694269.0,18753.636
ss-94-420000,1784549702345.1868,1784549702697,1784549714269.0,1784549714348.825,351.813,11572.0,79.825,1784548694269.0,12003.638
ss-95-420000,1784549705695.18,1784549705847,1784549714269.0,1784549714348.8372,151.82,8422.0,79.837,1784548694269.0,8653.657
ss-96-420000,1784549712045.186,1784549712147,1784549714269.0,1784549714348.8416,101.814,2122.0,79.842,1784548694269.0,2303.656
ss-97-420000,1784549708795.1897,1784549708997,1784549714270.0,1784549714348.8447,201.81,5273.0,78.845,1784548694270.0,5553.655
ss-98-420000,1784549708145.1875,1784549708997,1784549714270.0,1784549714348.862,851.812,5273.0,78.862,1784548694270.0,6203.675
ss-99-420000,1784549690845.1829,1784549691148,1784549714270.0,1784549714348.9297,302.817,23122.0,78.93,1784548694270.0,23503.747
ss-0-480000,1784549709195.184,1784549710047,1784549714270.0,1784549714348.931,851.816,4223.0,78.931,1784548634270.0,5153.747
ss-1-480000,1784549708095.18,1784549708997,1784549714270.0,1784549714348.9316,901.82,5273.0,78.932,1784548634270.0,6253.752
ss-10-480000,1784549693545.1924,1784549694297,1784549714270.0,1784549714348.9321,751.808,19973.0,78.932,1784548634270.0,20803.74
ss-11-480000,1784549710945.1797,1784549711097,1784549714270.0,1784549714348.9478,151.82,3173.0,78.948,1784548634270.0,3403.768
ss-12-480000,1784549708445.1785,1784549708997,1784549714270.0,1784549714348.9485,551.822,5273.0,78.948,1784548634270.0,5903.77
ss-13-480000,1784549702745.179,1784549703748,1784549714270.0,1784549714348.957,1002.821,10522.0,78.957,1784548634270.0,11603.778
ss-14-480000,1784549710145.1863,1784549711097,1784549714270.0,1784549714348.9575,951.814,3173.0,78.958,1784548634270.0,4203.771
ss-15-480000,1784549710395.1748,1784549711097,1784549714270.0,1784549714348.962,701.825,3173.0,78.962,1784548634270.0,3953.787
ss-16-480000,1784549711645.1843,1784549712147,1784549714270.0,1784549714348.9626,501.816,2123.0,78.963,1784548634270.0,2703.778
ss-17-480000,1784549698645.1816,1784549699547,1784549714270.0,1784549714348.9631,901.818,14723.0,78.963,1784548634270.0,15703.781
ss-18-480000,1784549707645.1877,1784549707947,1784549714270.0,1784549714348.9697,301.812,6323.0,78.97,1784548634270.0,6703.782
ss-19-480000,1784549710845.1826,1784549711097,1784549714270.0,1784549714349.0393,251.817,3173.0,79.039,1784548634270.0,3503.857
ss-2-480000,1784549709795.1804,1784549710047,1784549714270.0,1784549714349.0403,251.82,4223.0,79.04,1784548634270.0,4553.86
ss-20-480000,1784549709045.2002,1784549710047,1784549714270.0,1784549714349.041,1001.8,4223.0,79.041,1784548634270.0,5303.841
ss-21-480000,1784549708345.188,1784549708997,1784549714270.0,1784549714349.0417,651.812,5273.0,79.042,1784548634270.0,6003.854
ss-22-480000,1784549709895.1816,1784549710047,1784549714270.0,1784549714349.0422,151.818,4223.0,79.042,1784548634270.0,4453.861
ss-23-480000,1784549709995.192,1784549710047,1784549714270.0,1784549714349.043,51.808,4223.0,79.043,1784548634270.0,4353.851
ss-24-480000,1784549710545.1814,1784549711097,1784549714270.0,1784549714349.0437,551.819,3173.0,79.044,1784548634270.0,3803.862
ss-25-480000,1784549707545.1853,1784549707947,1784549714270.0,1784549714349.0498,401.815,6323.0,79.05,1784548634270.0,6803.865
ss-26-480000,1784549711545.1802,1784549712147,1784549714270.0,1784549714349.0503,601.82,2123.0,79.05,1784548634270.0,2803.87
ss-27-480000,1784549711995.1877,1784549712147,1784549714270.0,1784549714349.0725,151.812,2123.0,79.073,1784548634270.0,2353.885
ss-28-480000,1784549708995.1914,1784549708997,1784549714270.0,1784549714349.073,1.809,5273.0,79.073,1784548634270.0,5353.882
ss-29-480000,1784549705145.1824,1784549705847,1784549714270.0,1784549714349.0913,701.818,8423.0,79.091,1784548634270.0,9203.909
ss-3-480000,1784549707795.1775,1784549707947,1784549714270.0,1784549714349.097,151.823,6323.0,79.097,1784548634270.0,6553.919
ss-30-480000,1784549711145.179,1784549712147,1784549714270.0,1784549714349.0977,1001.821,2123.0,79.098,1784548634270.0,3203.919
ss-31-480000,1784549711895.1873,1784549712147,1784549714270.0,1784549714349.0981,251.813,2123.0,79.098,1784548634270.0,2453.911
ss-32-480000,1784549709345.1987,1784549710047,1784549714270.0,1784549714349.116,701.801,4223.0,79.116,1784548634270.0,5003.917
ss-33-480000,1784549692495.1804,1784549693248,1784549714270.0,1784549714349.1167,752.82,21022.0,79.117,1784548634270.0,21853.936
ss-34-480000,1784549710995.1792,1784549711097,1784549714271.0,1784549714349.1172,101.821,3174.0,78.117,1784548634271.0,3353.938
ss-35-480000,1784549703095.182,1784549703748,1784549714271.0,1784549714349.1912,652.818,10523.0,78.191,1784548634271.0,11254.009
ss-36-480000,1784549710595.1792,1784549711097,1784549714271.0,1784549714349.192,501.821,3174.0,78.192,1784548634271.0,3754.013
ss-37-480000,1784549710045.1875,1784549710047,1784549714271.0,1784549714349.202,1.812,4224.0,78.202,1784548634271.0,4304.014
ss-38-480000,1784549711445.1843,1784549712147,1784549714271.0,1784549714349.2104,701.816,2124.0,78.21,1784548634271.0,2904.026
ss-39-480000,1784549705895.2173,1784549706900,1784549714271.0,1784549714349.2366,1004.783,7371.0,78.237,1784548634271.0,8454.019
ss-4-480000,1784549710695.1782,1784549711097,1784549714271.0,1784549714349.2373,401.822,3174.0,78.237,1784548634271.0,3654.059
ss-40-480000,1784549691945.177,1784549692197,1784549714271.0,1784549714349.238,251.823,22074.0,78.238,1784548634271.0,22404.061
ss-41-480000,1784549708195.189,1784549708997,1784549714271.0,1784549714349.3293,801.811,5274.0,78.329,1784548634271.0,6154.14
ss-42-480000,1784549704095.1829,1784549704797,1784549714271.0,1784549714349.33,701.817,9474.0,78.33,1784548634271.0,10254.147
ss-43-480000,1784549710795.178,1784549711097,1784549714271.0,1784549714349.3308,301.822,3174.0,78.331,1784548634271.0,3554.153
ss-44-480000,1784549710445.1807,1784549711097,1784549714271.0,1784549714349.3313,651.819,3174.0,78.331,1784548634271.0,3904.151
ss-45-480000,1784549709945.1765,1784549710047,1784549714271.0,1784549714349.332,101.823,4224.0,78.332,1784548634271.0,4404.156
ss-46-480000,1784549705845.1897,1784549705847,1784549714271.0,1784549714349.3325,1.81,8424.0,78.333,1784548634271.0,8504.143
ss-47-480000,1784549711845.1873,1784549712147,1784549714271.0,1784549714349.333,301.813,2124.0,78.333,1784548634271.0,2504.146
ss-48-480000,1784549695395.182,1784549696397,1784549714271.0,1784549714349.3337,1001.818,17874.0,78.334,1784548634271.0,18954.152
ss-49-480000,1784549710245.1758,1784549711097,1784549714271.0,1784549714349.3662,851.824,3174.0,78.366,1784548634271.0,4104.19
ss-5-480000,1784549708845.183,1784549708997,1784549714271.0,1784549714349.367,151.817,5274.0,78.367,1784548634271.0,5504.184
ss-50-480000,1784549708745.1797,1784549708997,1784549714271.0,1784549714349.3674,251.82,5274.0,78.367,1784548634271.0,5604.188
ss-51-480000,1784549711295.181,1784549712147,1784549714271.0,1784549714349.3882,851.819,2124.0,78.388,1784548634271.0,3054.207
ss-52-480000,1784549709645.1833,1784549710047,1784549714271.0,1784549714349.389,401.817,4224.0,78.389,1784548634271.0,4704.206
ss-53-480000,1784549709295.198,1784549710047,1784549714271.0,1784549714349.3894,751.802,4224.0,78.389,1784548634271.0,5054.191
ss-54-480000,1784549704295.1826,1784549704797,1784549714271.0,1784549714349.3901,501.817,9474.0,78.39,1784548634271.0,10054.208
ss-55-480000,1784549707995.1807,1784549708997,1784549714271.0,1784549714349.3906,1001.819,5274.0,78.391,1784548634271.0,6354.21
ss-56-480000,1784549711795.1904,1784549712147,1784549714271.0,1784549714349.391,351.81,2124.0,78.391,1784548634271.0,2554.201
ss-57-480000,1784549711595.186,1784549712147,1784549714271.0,1784549714349.4187,551.814,2124.0,78.419,1784548634271.0,2754.233
ss-58-480000,1784549709245.1802,1784549710047,1784549714271.0,1784549714349.4194,801.82,4224.0,78.419,1784548634271.0,5104.239
ss-59-480000,1784549707945.1826,1784549707947,1784549714271.0,1784549714349.4202,1.817,6324.0,78.42,1784548634271.0,6404.238
ss-6-480000,1784549708895.1865,1784549708997,1784549714271.0,1784549714349.4253,101.813,5274.0,78.425,1784548634271.0,5454.239
ss-60-480000,1784549711495.181,1784549712147,1784549714271.0,1784549714349.4944,651.819,2124.0,78.494,1784548634271.0,2854.313
ss-61-480000,1784549692245.1873,1784549693248,1784549714271.0,1784549714349.4949,1002.813,21023.0,78.495,1784548634271.0,22104.308
ss-62-480000,1784549701245.1814,1784549701647,1784549714271.0,1784549714349.4954,401.819,12624.0,78.495,1784548634271.0,13104.314
ss-63-480000,1784549709395.1902,1784549710047,1784549714271.0,1784549714349.5007,651.81,4224.0,78.501,1784548634271.0,4954.311
ss-64-480000,1784549706395.1892,1784549706900,1784549714271.0,1784549714349.5017,504.811,7371.0,78.502,1784548634271.0,7954.312
ss-65-480000,1784549707745.175,1784549707947,1784549714272.0,1784549714349.5022,201.825,6325.0,77.502,1784548634272.0,6604.327
ss-66-480000,1784549707895.1797,1784549707947,1784549714272.0,1784549714349.513,51.82,6325.0,77.513,1784548634272.0,6454.333
ss-67-480000,1784549698395.1865,1784549698497,1784549714272.0,1784549714349.516,101.813,15775.0,77.516,1784548634272.0,15954.33
ss-68-480000,1784549710195.1985,1784549711097,1784549714272.0,1784549714349.55,901.802,3175.0,77.55,1784548634272.0,4154.352
ss-69-480000,1784549700245.185,1784549700597,1784549714272.0,1784549714349.5505,351.815,13675.0,77.551,1784548634272.0,14104.365
ss-7-480000,1784549708045.1829,1784549708997,1784549714272.0,1784549714349.5508,951.817,5275.0,77.551,1784548634272.0,6304.368
ss-70-480000,1784549706995.1826,1784549707947,1784549714272.0,1784549714349.556,951.817,6325.0,77.556,1784548634272.0,7354.373
ss-71-480000,1784549710095.2039,1784549711097,1784549714272.0,1784549714349.5562,1001.796,3175.0,77.556,1784548634272.0,4254.352
ss-72-480000,1784549707345.1892,1784549707947,1784549714272.0,1784549714349.8276,601.811,6325.0,77.828,1784548634272.0,7004.638
ss-73-480000,1784549705345.185,1784549705847,1784549714272.0,1784549714349.828,501.815,8425.0,77.828,1784548634272.0,9004.643
ss-74-480000,1784549711395.182,1784549712147,1784549714272.0,1784549714349.8281,751.818,2125.0,77.828,1784548634272.0,2954.646
ss-75-480000,1784549709095.1777,1784549710047,1784549714272.0,1784549714349.8284,951.822,4225.0,77.828,1784548634272.0,5254.651
ss-76-480000,1784549711745.182,1784549712147,1784549714272.0,1784549714349.8286,401.818,2125.0,77.829,1784548634272.0,2604.647
ss-77-480000,1784549711945.1816,1784549712147,1784549714272.0,1784549714349.8289,201.818,2125.0,77.829,1784548634272.0,2404.647
ss-78-480000,1784549702195.1855,1784549702697,1784549714272.0,1784549714349.829,501.814,11575.0,77.829,1784548634272.0,12154.644
ss-79-480000,1784549704645.1743,1784549704797,1784549714272.0,1784549714349.8293,151.826,9475.0,77.829,1784548634272.0,9704.655
ss-8-480000,1784549710345.1858,1784549711097,1784549714272.0,1784549714349.8296,751.814,3175.0,77.83,1784548634272.0,4004.644
ss-80-480000,1784549711345.185,1784549712147,1784549714272.0,1784549714349.8298,801.815,2125.0,77.83,1784548634272.0,3004.645
ss-81-480000,1784549697345.18,1784549697447,1784549714272.0,1784549714349.83,101.82,16825.0,77.83,1784548634272.0,17004.65
ss-82-480000,1784549707395.1736,1784549707947,1784549714272.0,1784549714349.8306,551.826,6325.0,77.831,1784548634272.0,6954.657
ss-83-480000,1784549705995.1887,1784549706900,1784549714272.0,1784549714349.8308,904.811,7372.0,77.831,1784548634272.0,8354.642
ss-84-480000,1784549701645.1824,1784549701647,1784549714272.0,1784549714349.831,1.818,12625.0,77.831,1784548634272.0,12704.649
ss-85-480000,1784549710745.1853,1784549711097,1784549714272.0,1784549714350.1523,351.815,3175.0,78.152,1784548634272.0,3604.967
ss-86-480000,1784549712095.1814,1784549712147,1784549714272.0,1784549714350.1555,51.819,2125.0,78.156,1784548634272.0,2254.974
ss-87-480000,1784549704795.179,1784549704797,1784549714272.0,1784549714350.1558,1.821,9475.0,78.156,1784548634272.0,9554.977
ss-88-480000,1784549706795.1997,1784549706900,1784549714272.0,1784549714350.158,104.8,7372.0,78.158,1784548634272.0,7554.958
ss-89-480000,1784549696495.184,1784549697447,1784549714272.0,1784549714350.16,951.816,16825.0,78.16,1784548634272.0,17854.976
ss-9-480000,1784549707845.1858,1784549707947,1784549714272.0,1784549714350.1602,101.814,6325.0,78.16,1784548634272.0,6504.974
ss-90-480000,1784549711695.1829,1784549712147,1784549714272.0,1784549714350.1606,451.817,2125.0,78.161,1784548634272.0,2654.978
ss-91-480000,1784549709745.1848,1784549710047,1784549714272.0,1784549714350.161,301.815,4225.0,78.161,1784548634272.0,4604.976
ss-92-480000,1784549706745.186,1784549706900,1784549714272.0,1784549714350.1611,154.814,7372.0,78.161,1784548634272.0,7604.975
ss-93-480000,1784549695595.1855,1784549696397,1784549714272.0,1784549714350.1614,801.814,17875.0,78.161,1784548634272.0,18754.976
ss-94-480000,1784549702345.1868,1784549702697,1784549714272.0,1784549714350.1616,351.813,11575.0,78.162,1784548634272.0,12004.975
ss-95-480000,1784549705695.18,1784549705847,1784549714272.0,1784549714350.1619,151.82,8425.0,78.162,1784548634272.0,8654.982
ss-96-480000,1784549712045.186,1784549712147,1784549714273.0,1784549714350.162,101.814,2126.0,77.162,1784548634273.0,2304.976
ss-97-480000,1784549708795.1897,1784549708997,1784549714273.0,1784549714350.169,201.81,5276.0,77.169,1784548634273.0,5554.979
ss-98-480000,1784549708145.1875,1784549708997,1784549714273.0,1784549714350.1692,851.812,5276.0,77.169,1784548634273.0,6204.982
ss-99-480000,1784549690845.1829,1784549691148,1784549714273.0,1784549714350.1694,302.817,23125.0,77.169,1784548634273.0,23504.987
ss-0-540000,1784549709195.184,1784549710047,1784549714273.0,1784549714352.3816,851.816,4226.0,79.382,1784548574273.0,5157.198
ss-1-540000,1784549708095.18,1784549708997,1784549714273.0,1784549714352.3838,901.82,5276.0,79.384,1784548574273.0,6257.204
ss-10-540000,1784549693545.1924,1784549694297,1784549714273.0,1784549714352.3848,751.808,19976.0,79.385,1784548574273.0,20807.192
ss-11-540000,1784549710945.1797,1784549711097,1784549714273.0,1784549714352.386,151.82,3176.0,79.386,1784548574273.0,3407.206
ss-12-540000,1784549708445.1785,1784549708997,1784549714273.0,1784549714352.3867,551.822,5276.0,79.387,1784548574273.0,5907.208
ss-13-540000,1784549702745.179,1784549703748,1784549714273.0,1784549714352.3875,1002.821,10525.0,79.387,1784548574273.0,11607.208
ss-14-540000,1784549710145.1863,1784549711097,1784549714273.0,1784549714352.3994,951.814,3176.0,79.399,1784548574273.0,4207.213
ss-15-540000,1784549710395.1748,1784549711097,1784549714273.0,1784549714352.4136,701.825,3176.0,79.414,1784548574273.0,3957.239
ss-16-540000,1784549711645.1843,1784549712147,1784549714273.0,1784549714352.4148,501.816,2126.0,79.415,1784548574273.0,2707.23
ss-17-540000,1784549698645.1816,1784549699547,1784549714273.0,1784549714352.4155,901.818,14726.0,79.416,1784548574273.0,15707.234
ss-18-540000,1784549707645.1877,1784549707947,1784549714273.0,1784549714352.4224,301.812,6326.0,79.422,1784548574273.0,6707.235
ss-19-540000,1784549710845.1826,1784549711097,1784549714273.0,1784549714352.4304,251.817,3176.0,79.43,1784548574273.0,3507.248
ss-2-540000,1784549709795.1804,1784549710047,1784549714273.0,1784549714352.4314,251.82,4226.0,79.431,1784548574273.0,4557.251
ss-20-540000,1784549709045.2002,1784549710047,1784549714273.0,1784549714352.4321,1001.8,4226.0,79.432,1784548574273.0,5307.232
ss-21-540000,1784549708345.188,1784549708997,1784549714273.0,1784549714352.4377,651.812,5276.0,79.438,1784548574273.0,6007.25
ss-22-540000,1784549709895.1816,1784549710047,1784549714273.0,1784549714352.4392,151.818,4226.0,79.439,1784548574273.0,4457.258
ss-23-540000,1784549709995.192,1784549710047,1784549714273.0,1784549714352.4465,51.808,4226.0,79.447,1784548574273.0,4357.255
ss-24-540000,1784549710545.1814,1784549711097,1784549714273.0,1784549714352.4902,551.819,3176.0,79.49,1784548574273.0,3807.309
ss-25-540000,1784549707545.1853,1784549707947,1784549714273.0,1784549714352.4915,401.815,6326.0,79.491,1784548574273.0,6807.306
ss-26-540000,1784549711545.1802,1784549712147,1784549714273.0,1784549714352.4922,601.82,2126.0,79.492,1784548574273.0,2807.312
ss-27-540000,1784549711995.1877,1784549712147,1784549714273.0,1784549714352.493,151.812,2126.0,79.493,1784548574273.0,2357.305
ss-28-540000,1784549708995.1914,1784549708997,1784549714273.0,1784549714352.5076,1.809,5276.0,79.508,1784548574273.0,5357.316
ss-29-540000,1784549705145.1824,1784549705847,1784549714273.0,1784549714352.509,701.818,8426.0,79.509,1784548574273.0,9207.327
ss-3-540000,1784549707795.1775,1784549707947,1784549714273.0,1784549714352.51,151.823,6326.0,79.51,1784548574273.0,6557.333
ss-30-540000,1784549711145.179,1784549712147,1784549714273.0,1784549714352.511,1001.821,2126.0,79.511,1784548574273.0,3207.332
ss-31-540000,1784549711895.1873,1784549712147,1784549714273.0,1784549714352.5203,251.813,2126.0,79.52,1784548574273.0,2457.333
ss-32-540000,1784549709345.1987,1784549710047,1784549714273.0,1784549714352.571,701.801,4226.0,79.571,1784548574273.0,5007.372
ss-33-540000,1784549692495.1804,1784549693248,1784549714274.0,1784549714352.5771,752.82,21026.0,78.577,1784548574274.0,21857.397
ss-34-540000,1784549710995.1792,1784549711097,1784549714274.0,1784549714352.5776,101.821,3177.0,78.578,1784548574274.0,3357.398
ss-35-540000,1784549703095.182,1784549703748,1784549714274.0,1784549714352.5781,652.818,10526.0,78.578,1784548574274.0,11257.396
ss-36-540000,1784549710595.1792,1784549711097,1784549714274.0,1784549714352.6113,501.821,3177.0,78.611,1784548574274.0,3757.432
ss-37-540000,1784549710045.1875,1784549710047,1784549714274.0,1784549714352.6123,1.812,4227.0,78.612,1784548574274.0,4307.425
ss-38-540000,1784549711445.1843,1784549712147,1784549714274.0,1784549714352.6128,701.816,2127.0,78.613,1784548574274.0,2907.428
ss-39-540000,1784549705895.2173,1784549706900,1784549714274.0,1784549714352.6162,1004.783,7374.0,78.616,1784548574274.0,8457.399
ss-4-540000,1784549710695.1782,1784549711097,1784549714274.0,1784549714352.6167,401.822,3177.0,78.617,1784548574274.0,3657.438
ss-40-540000,1784549691945.177,1784549692197,1784549714274.0,1784549714352.629,251.823,22077.0,78.629,1784548574274.0,22407.452
ss-41-540000,1784549708195.189,1784549708997,1784549714274.0,1784549714352.6292,801.811,5277.0,78.629,1784548574274.0,6157.44
ss-42-540000,1784549704095.1829,1784549704797,1784549714274.0,1784549714352.6938,701.817,9477.0,78.694,1784548574274.0,10257.511
ss-43-540000,1784549710795.178,1784549711097,1784549714274.0,1784549714352.6948,301.822,3177.0,78.695,1784548574274.0,3557.517
ss-44-540000,1784549710445.1807,1784549711097,1784549714274.0,1784549714352.6978,651.819,3177.0,78.698,1784548574274.0,3907.517
ss-45-540000,1784549709945.1765,1784549710047,1784549714274.0,1784549714352.6985,101.823,4227.0,78.698,1784548574274.0,4407.522
ss-46-540000,1784549705845.1897,1784549705847,1784549714274.0,1784549714352.6992,1.81,8427.0,78.699,1784548574274.0,8507.51
ss-47-540000,1784549711845.1873,1784549712147,1784549714274.0,1784549714352.6997,301.813,2127.0,78.7,1784548574274.0,2507.512
ss-48-540000,1784549695395.182,1784549696397,1784549714274.0,1784549714352.7046,1001.818,17877.0,78.705,1784548574274.0,18957.523
ss-49-540000,1784549710245.1758,1784549711097,1784549714274.0,1784549714352.705,851.824,3177.0,78.705,1784548574274.0,4107.529
ss-5-540000,1784549708845.183,1784549708997,1784549714274.0,1784549714352.722,151.817,5277.0,78.722,1784548574274.0,5507.539
ss-50-540000,1784549708745.1797,1784549708997,1784549714274.0,1784549714352.7224,251.82,5277.0,78.722,1784548574274.0,5607.543
ss-51-540000,1784549711295.181,1784549712147,1784549714274.0,1784549714352.7869,851.819,2127.0,78.787,1784548574274.0,3057.606
ss-52-540000,1784549709645.1833,1784549710047,1784549714274.0,1784549714352.7876,401.817,4227.0,78.788,1784548574274.0,4707.604
ss-53-540000,1784549709295.198,1784549710047,1784549714274.0,1784549714352.7922,751.802,4227.0,78.792,1784548574274.0,5057.594
ss-54-540000,1784549704295.1826,1784549704797,1784549714274.0,1784549714352.7927,501.817,9477.0,78.793,1784548574274.0,10057.61
ss-55-540000,1784549707995.1807,1784549708997,1784549714274.0,1784549714352.7932,1001.819,5277.0,78.793,1784548574274.0,6357.613
ss-56-540000,1784549711795.1904,1784549712147,1784549714274.0,1784549714352.7937,351.81,2127.0,78.794,1784548574274.0,2557.603
ss-57-540000,1784549711595.186,1784549712147,1784549714274.0,1784549714352.7944,551.814,2127.0,78.794,1784548574274.0,2757.608
ss-58-540000,1784549709245.1802,1784549710047,1784549714274.0,1784549714352.7947,801.82,4227.0,78.795,1784548574274.0,5107.615
ss-59-540000,1784549707945.1826,1784549707947,1784549714274.0,1784549714352.8232,1.817,6327.0,78.823,1784548574274.0,6407.641
ss-6-540000,1784549708895.1865,1784549708997,1784549714274.0,1784549714352.824,101.813,5277.0,78.824,1784548574274.0,5457.637
ss-60-540000,1784549711495.181,1784549712147,1784549714275.0,1784549714352.8245,651.819,2128.0,77.824,1784548574275.0,2857.644
ss-61-540000,1784549692245.1873,1784549693248,1784549714275.0,1784549714352.839,1002.813,21027.0,77.839,1784548574275.0,22107.652
ss-62-540000,1784549701245.1814,1784549701647,1784549714275.0,1784549714352.8396,401.819,12628.0,77.84,1784548574275.0,13107.658
ss-63-540000,1784549709395.1902,1784549710047,1784549714275.0,1784549714352.843,651.81,4228.0,77.843,1784548574275.0,4957.653
ss-64-540000,1784549706395.1892,1784549706900,1784549714275.0,1784549714352.8655,504.811,7375.0,77.865,1784548574275.0,7957.676
ss-65-540000,1784549707745.175,1784549707947,1784549714275.0,1784549714352.866,201.825,6328.0,77.866,1784548574275.0,6607.691
ss-66-540000,1784549707895.1797,1784549707947,1784549714275.0,1784549714352.883,51.82,6328.0,77.883,1784548574275.0,6457.703
ss-67-540000,1784549698395.1865,1784549698497,1784549714275.0,1784549714352.8904,101.813,15778.0,77.89,1784548574275.0,15957.704
ss-68-540000,1784549710195.1985,1784549711097,1784549714275.0,1784549714352.8909,901.802,3178.0,77.891,1784548574275.0,4157.692
ss-69-540000,1784549700245.185,1784549700597,1784549714275.0,1784549714352.9138,351.815,13678.0,77.914,1784548574275.0,14107.729
ss-7-540000,1784549708045.1829,1784549708997,1784549714275.0,1784549714352.9143,951.817,5278.0,77.914,1784548574275.0,6307.731
ss-70-540000,1784549706995.1826,1784549707947,1784549714275.0,1784549714352.9287,951.817,6328.0,77.929,1784548574275.0,7357.746
ss-71-540000,1784549710095.2039,1784549711097,1784549714275.0,1784549714352.9292,1001.796,3178.0,77.929,1784548574275.0,4257.725
ss-72-540000,1784549707345.1892,1784549707947,1784549714275.0,1784549714352.945,601.811,6328.0,77.945,1784548574275.0,7007.756
ss-73-540000,1784549705345.185,1784549705847,1784549714275.0,1784549714352.9456,501.815,8428.0,77.946,1784548574275.0,9007.76
ss-74-540000,1784549711395.182,1784549712147,1784549714275.0,1784549714352.9656,751.818,2128.0,77.966,1784548574275.0,2957.784
ss-75-540000,1784549709095.1777,1784549710047,1784549714275.0,1784549714352.973,951.822,4228.0,77.973,1784548574275.0,5257.795
ss-76-540000,1784549711745.182,1784549712147,1784549714275.0,1784549714352.9734,401.818,2128.0,77.973,1784548574275.0,2607.792
ss-77-540000,1784549711945.1816,1784549712147,1784549714275.0,1784549714352.9944,201.818,2128.0,77.994,1784548574275.0,2407.813
ss-78-540000,1784549702195.1855,1784549702697,1784549714275.0,1784549714352.9949,501.814,11578.0,77.995,1784548574275.0,12157.809
ss-79-540000,1784549704645.1743,1784549704797,1784549714275.0,1784549714353.0168,151.826,9478.0,78.017,1784548574275.0,9707.843
ss-8-540000,1784549710345.1858,1784549711097,1784549714275.0,1784549714353.0173,751.814,3178.0,78.017,1784548574275.0,4007.832
ss-80-540000,1784549711345.185,1784549712147,1784549714275.0,1784549714353.0176,801.815,2128.0,78.018,1784548574275.0,3007.833
ss-81-540000,1784549697345.18,1784549697447,1784549714275.0,1784549714353.0354,101.82,16828.0,78.035,1784548574275.0,17007.855
ss-82-540000,1784549707395.1736,1784549707947,1784549714275.0,1784549714353.0537,551.826,6328.0,78.054,1784548574275.0,6957.88
ss-83-540000,1784549705995.1887,1784549706900,1784549714275.0,1784549714353.837,904.811,7375.0,78.837,1784548574275.0,8358.648
ss-84-540000,1784549701645.1824,1784549701647,1784549714275.0,1784549714353.8381,1.818,12628.0,78.838,1784548574275.0,12708.656
ss-85-540000,1784549710745.1853,1784549711097,1784549714275.0,1784549714353.8384,351.815,3178.0,78.838,1784548574275.0,3608.653
ss-86-540000,1784549712095.1814,1784549712147,1784549714275.0,1784549714353.8389,51.819,2128.0,78.839,1784548574275.0,2258.657
ss-87-540000,1784549704795.179,1784549704797,1784549714275.0,1784549714353.8394,1.821,9478.0,78.839,1784548574275.0,9558.66
ss-88-540000,1784549706795.1997,1784549706900,1784549714275.0,1784549714353.8398,104.8,7375.0,78.84,1784548574275.0,7558.64
ss-89-540000,1784549696495.184,1784549697447,1784549714275.0,1784549714353.8403,951.816,16828.0,78.84,1784548574275.0,17858.656
ss-9-540000,1784549707845.1858,1784549707947,1784549714275.0,1784549714353.8408,101.814,6328.0,78.841,1784548574275.0,6508.655
ss-90-540000,1784549711695.1829,1784549712147,1784549714275.0,1784549714353.8413,451.817,2128.0,78.841,1784548574275.0,2658.658
ss-91-540000,1784549709745.1848,1784549710047,1784549714275.0,1784549714353.8418,301.815,4228.0,78.842,1784548574275.0,4608.657
ss-92-540000,1784549706745.186,1784549706900,1784549714275.0,1784549714353.8477,154.814,7375.0,78.848,1784548574275.0,7608.662
ss-93-540000,1784549695595.1855,1784549696397,1784549714275.0,1784549714353.855,801.814,17878.0,78.855,1784548574275.0,18758.669
ss-94-540000,1784549702345.1868,1784549702697,1784549714276.0,1784549714353.8555,351.813,11579.0,77.855,1784548574276.0,12008.669
ss-95-540000,1784549705695.18,1784549705847,1784549714276.0,1784549714353.856,151.82,8429.0,77.856,1784548574276.0,8658.676
ss-96-540000,1784549712045.186,1784549712147,1784549714276.0,1784549714353.8625,101.814,2129.0,77.863,1784548574276.0,2308.677
ss-97-540000,1784549708795.1897,1784549708997,1784549714276.0,1784549714353.8628,201.81,5279.0,77.863,1784548574276.0,5558.673
ss-98-540000,1784549708145.1875,1784549708997,1784549714276.0,1784549714353.8633,851.812,5279.0,77.863,1784548574276.0,6208.676
ss-99-540000,1784549690845.1829,1784549691148,1784549714276.0,1784549714353.8635,302.817,23128.0,77.864,1784548574276.0,23508.681
ss-0-600000,1784549709195.184,1784549710047,1784549714276.0,1784549714353.8945,851.816,4229.0,77.895,1784548514276.0,5158.71
ss-1-600000,1784549708095.18,1784549708997,1784549714276.0,1784549714353.898,901.82,5279.0,77.898,1784548514276.0,6258.718
ss-10-600000,1784549693545.1924,1784549694297,1784549714276.0,1784549714353.8984,751.808,19979.0,77.898,1784548514276.0,20808.706
ss-11-600000,1784549710945.1797,1784549711097,1784549714276.0,1784549714353.8987,151.82,3179.0,77.899,1784548514276.0,3408.719
ss-12-600000,1784549708445.1785,1784549708997,1784549714276.0,1784549714353.9036,551.822,5279.0,77.904,1784548514276.0,5908.725
ss-13-600000,1784549702745.179,1784549703748,1784549714276.0,1784549714353.9038,1002.821,10528.0,77.904,1784548514276.0,11608.725
ss-14-600000,1784549710145.1863,1784549711097,1784549714276.0,1784549714353.9043,951.814,3179.0,77.904,1784548514276.0,4208.718
ss-15-600000,1784549710395.1748,1784549711097,1784549714276.0,1784549714353.916,701.825,3179.0,77.916,1784548514276.0,3958.741
ss-16-600000,1784549711645.1843,1784549712147,1784549714276.0,1784549714353.9165,501.816,2129.0,77.917,1784548514276.0,2708.732
ss-17-600000,1784549698645.1816,1784549699547,1784549714276.0,1784549714353.9353,901.818,14729.0,77.935,1784548514276.0,15708.754
ss-18-600000,1784549707645.1877,1784549707947,1784549714276.0,1784549714353.9358,301.812,6329.0,77.936,1784548514276.0,6708.748
ss-19-600000,1784549710845.1826,1784549711097,1784549714276.0,1784549714353.9392,251.817,3179.0,77.939,1784548514276.0,3508.757
ss-2-600000,1784549709795.1804,1784549710047,1784549714276.0,1784549714353.955,251.82,4229.0,77.955,1784548514276.0,4558.775
ss-20-600000,1784549709045.2002,1784549710047,1784549714276.0,1784549714353.9746,1001.8,4229.0,77.975,1784548514276.0,5308.774
ss-21-600000,1784549708345.188,1784549708997,1784549714276.0,1784549714353.975,651.812,5279.0,77.975,1784548514276.0,6008.787
ss-22-600000,1784549709895.1816,1784549710047,1784549714276.0,1784549714353.9792,151.818,4229.0,77.979,1784548514276.0,4458.798
ss-23-600000,1784549709995.192,1784549710047,1784549714276.0,1784549714354.0093,51.808,4229.0,78.009,1784548514276.0,4358.817
ss-24-600000,1784549710545.1814,1784549711097,1784549714276.0,1784549714354.0098,551.819,3179.0,78.01,1784548514276.0,3808.828
ss-25-600000,1784549707545.1853,1784549707947,1784549714276.0,1784549714354.01,401.815,6329.0,78.01,1784548514276.0,6808.825
ss-26-600000,1784549711545.1802,1784549712147,1784549714276.0,1784549714354.0105,601.82,2129.0,78.01,1784548514276.0,2808.83
ss-27-600000,1784549711995.1877,1784549712147,1784549714276.0,1784549714354.0137,151.812,2129.0,78.014,1784548514276.0,2358.826
ss-28-600000,1784549708995.1914,1784549708997,1784549714276.0,1784549714354.0286,1.809,5279.0,78.029,1784548514276.0,5358.837
ss-29-600000,1784549705145.1824,1784549705847,1784549714276.0,1784549714354.0293,701.818,8429.0,78.029,1784548514276.0,9208.847
ss-3-600000,1784549707795.1775,1784549707947,1784549714276.0,1784549714354.0432,151.823,6329.0,78.043,1784548514276.0,6558.866
ss-30-600000,1784549711145.179,1784549712147,1784549714276.0,1784549714354.0437,1001.821,2129.0,78.044,1784548514276.0,3208.865
ss-31-600000,1784549711895.1873,1784549712147,1784549714276.0,1784549714354.047,251.813,2129.0,78.047,1784548514276.0,2458.86
ss-32-600000,1784549709345.1987,1784549710047,1784549714277.0,1784549714354.0671,701.801,4230.0,77.067,1784548514277.0,5008.868
ss-33-600000,1784549692495.1804,1784549693248,1784549714277.0,1784549714354.0676,752.82,21029.0,77.068,1784548514277.0,21858.887
ss-34-600000,1784549710995.1792,1784549711097,1784549714277.0,1784549714354.068,101.821,3180.0,77.068,1784548514277.0,3358.889
ss-35-600000,1784549703095.182,1784549703748,1784549714277.0,1784549714354.0857,652.818,10529.0,77.086,1784548514277.0,11258.904
ss-36-600000,1784549710595.1792,1784549711097,1784549714277.0,1784549714354.0862,501.821,3180.0,77.086,1784548514277.0,3758.907
ss-37-600000,1784549710045.1875,1784549710047,1784549714277.0,1784549714354.1008,1.812,4230.0,77.101,1784548514277.0,4308.913
ss-38-600000,1784549711445.1843,1784549712147,1784549714277.0,1784549714354.1013,701.816,2130.0,77.101,1784548514277.0,2908.917
ss-39-600000,1784549705895.2173,1784549706900,1784549714277.0,1784549714354.116,1004.783,7377.0,77.116,1784548514277.0,8458.899
ss-4-600000,1784549710695.1782,1784549711097,1784549714277.0,1784549714354.1184,401.822,3180.0,77.118,1784548514277.0,3658.94
ss-40-600000,1784549691945.177,1784549692197,1784549714277.0,1784549714354.1414,251.823,22080.0,77.141,1784548514277.0,22408.964
ss-41-600000,1784549708195.189,1784549708997,1784549714277.0,1784549714354.1448,801.811,5280.0,77.145,1784548514277.0,6158.956
ss-42-600000,1784549704095.1829,1784549704797,1784549714277.0,1784549714354.1453,701.817,9480.0,77.145,1784548514277.0,10258.962
ss-43-600000,1784549710795.178,1784549711097,1784549714277.0,1784549714354.149,301.822,3180.0,77.149,1784548514277.0,3558.971
ss-44-600000,1784549710445.1807,1784549711097,1784549714277.0,1784549714354.1492,651.819,3180.0,77.149,1784548514277.0,3908.969
ss-45-600000,1784549709945.1765,1784549710047,1784549714277.0,1784549714354.1653,101.823,4230.0,77.165,1784548514277.0,4408.989
ss-46-600000,1784549705845.1897,1784549705847,1784549714277.0,1784549714354.1692,1.81,8430.0,77.169,1784548514277.0,8508.979
ss-47-600000,1784549711845.1873,1784549712147,1784549714277.0,1784549714354.1726,301.813,2130.0,77.173,1784548514277.0,2508.985
ss-48-600000,1784549695395.182,1784549696397,1784549714277.0,1784549714354.1973,1001.818,17880.0,77.197,1784548514277.0,18959.015
ss-49-600000,1784549710245.1758,1784549711097,1784549714277.0,1784549714354.1978,851.824,3180.0,77.198,1784548514277.0,4109.022
ss-5-600000,1784549708845.183,1784549708997,1784549714277.0,1784549714354.2039,151.817,5280.0,77.204,1784548514277.0,5509.021
ss-50-600000,1784549708745.1797,1784549708997,1784549714277.0,1784549714354.2153,251.82,5280.0,77.215,1784548514277.0,5609.036
ss-51-600000,1784549711295.181,1784549712147,1784549714277.0,1784549714356.2502,851.819,2130.0,79.25,1784548514277.0,3061.069
ss-52-600000,1784549709645.1833,1784549710047,1784549714277.0,1784549714356.2527,401.817,4230.0,79.253,1784548514277.0,4711.069
ss-53-600000,1784549709295.198,1784549710047,1784549714277.0,1784549714356.258,751.802,4230.0,79.258,1784548514277.0,5061.06
ss-54-600000,1784549704295.1826,1784549704797,1784549714277.0,1784549714356.2593,501.817,9480.0,79.259,1784548514277.0,10061.077
ss-55-600000,1784549707995.1807,1784549708997,1784549714277.0,1784549714356.2598,1001.819,5280.0,79.26,1784548514277.0,6361.079
ss-56-600000,1784549711795.1904,1784549712147,1784549714277.0,1784549714356.2651,351.81,2130.0,79.265,1784548514277.0,2561.075
ss-57-600000,1784549711595.186,1784549712147,1784549714277.0,1784549714356.2698,551.814,2130.0,79.27,1784548514277.0,2761.084
ss-58-600000,1784549709245.1802,1784549710047,1784549714277.0,1784549714356.2705,801.82,4230.0,79.271,1784548514277.0,5111.09
ss-59-600000,1784549707945.1826,1784549707947,1784549714277.0,1784549714356.2717,1.817,6330.0,79.272,1784548514277.0,6411.089
ss-6-600000,1784549708895.1865,1784549708997,1784549714277.0,1784549714356.2727,101.813,5280.0,79.273,1784548514277.0,5461.086
ss-60-600000,1784549711495.181,1784549712147,1784549714278.0,1784549714356.2734,651.819,2131.0,78.273,1784548514278.0,2861.093
ss-61-600000,1784549692245.1873,1784549693248,1784549714278.0,1784549714356.274,1002.813,21030.0,78.274,1784548514278.0,22111.087
ss-62-600000,1784549701245.1814,1784549701647,1784549714278.0,1784549714356.2783,401.819,12631.0,78.278,1784548514278.0,13111.097
ss-63-600000,1784549709395.1902,1784549710047,1784549714278.0,1784549714356.283,651.81,4231.0,78.283,1784548514278.0,4961.093
ss-64-600000,1784549706395.1892,1784549706900,1784549714278.0,1784549714356.2834,504.811,7378.0,78.283,1784548514278.0,7961.094
ss-65-600000,1784549707745.175,1784549707947,1784549714278.0,1784549714356.284,201.825,6331.0,78.284,1784548514278.0,6611.109
ss-66-600000,1784549707895.1797,1784549707947,1784549714278.0,1784549714356.2844,51.82,6331.0,78.284,1784548514278.0,6461.105
ss-67-600000,1784549698395.1865,1784549698497,1784549714278.0,1784549714356.285,101.813,15781.0,78.285,1784548514278.0,15961.098
ss-68-600000,1784549710195.1985,1784549711097,1784549714278.0,1784549714356.2854,901.802,3181.0,78.285,1784548514278.0,4161.087
ss-69-600000,1784549700245.185,1784549700597,1784549714278.0,1784549714356.2864,351.815,13681.0,78.286,1784548514278.0,14111.101
ss-7-600000,1784549708045.1829,1784549708997,1784549714278.0,1784549714356.2869,951.817,5281.0,78.287,1784548514278.0,6311.104
ss-70-600000,1784549706995.1826,1784549707947,1784549714278.0,1784549714356.2874,951.817,6331.0,78.287,1784548514278.0,7361.105
ss-71-600000,1784549710095.2039,1784549711097,1784549714278.0,1784549714356.2883,1001.796,3181.0,78.288,1784548514278.0,4261.084
ss-72-600000,1784549707345.1892,1784549707947,1784549714278.0,1784549714356.2886,601.811,6331.0,78.289,1784548514278.0,7011.099
ss-73-600000,1784549705345.185,1784549705847,1784549714278.0,1784549714356.2893,501.815,8431.0,78.289,1784548514278.0,9011.104
ss-74-600000,1784549711395.182,1784549712147,1784549714278.0,1784549714356.3074,751.818,2131.0,78.307,1784548514278.0,2961.125
ss-75-600000,1784549709095.1777,1784549710047,1784549714278.0,1784549714356.3254,951.822,4231.0,78.325,1784548514278.0,5261.148
ss-76-600000,1784549711745.182,1784549712147,1784549714278.0,1784549714356.326,401.818,2131.0,78.326,1784548514278.0,2611.144
ss-77-600000,1784549711945.1816,1784549712147,1784549714278.0,1784549714356.3267,201.818,2131.0,78.327,1784548514278.0,2411.145
ss-78-600000,1784549702195.1855,1784549702697,1784549714278.0,1784549714356.3306,501.814,11581.0,78.331,1784548514278.0,12161.145
ss-79-600000,1784549704645.1743,1784549704797,1784549714278.0,1784549714356.331,151.826,9481.0,78.331,1784548514278.0,9711.157
ss-8-600000,1784549710345.1858,1784549711097,1784549714278.0,1784549714356.3315,751.814,3181.0,78.332,1784548514278.0,4011.146
ss-80-600000,1784549711345.185,1784549712147,1784549714278.0,1784549714356.332,801.815,2131.0,78.332,1784548514278.0,3011.147
ss-81-600000,1784549697345.18,1784549697447,1784549714278.0,1784549714356.3325,101.82,16831.0,78.333,1784548514278.0,17011.153
ss-82-600000,1784549707395.1736,1784549707947,1784549714278.0,1784549714356.333,551.826,6331.0,78.333,1784548514278.0,6961.159
ss-83-600000,1784549705995.1887,1784549706900,1784549714278.0,1784549714356.3335,904.811,7378.0,78.333,1784548514278.0,8361.145
ss-84-600000,1784549701645.1824,1784549701647,1784549714278.0,1784549714356.334,1.818,12631.0,78.334,1784548514278.0,12711.152
ss-85-600000,1784549710745.1853,1784549711097,1784549714278.0,1784549714356.3345,351.815,3181.0,78.334,1784548514278.0,3611.149
ss-86-600000,1784549712095.1814,1784549712147,1784549714278.0,1784549714356.335,51.819,2131.0,78.335,1784548514278.0,2261.154
ss-87-600000,1784549704795.179,1784549704797,1784549714278.0,1784549714356.3354,1.821,9481.0,78.335,1784548514278.0,9561.156
ss-88-600000,1784549706795.1997,1784549706900,1784549714278.0,1784549714356.336,104.8,7378.0,78.336,1784548514278.0,7561.136
ss-89-600000,1784549696495.184,1784549697447,1784549714278.0,1784549714356.3364,951.816,16831.0,78.336,1784548514278.0,17861.152
ss-9-600000,1784549707845.1858,1784549707947,1784549714278.0,1784549714356.337,101.814,6331.0,78.337,1784548514278.0,6511.151
ss-90-600000,1784549711695.1829,1784549712147,1784549714278.0,1784549714356.3374,451.817,2131.0,78.337,1784548514278.0,2661.155
ss-91-600000,1784549709745.1848,1784549710047,1784549714278.0,1784549714356.338,301.815,4231.0,78.338,1784548514278.0,4611.153
ss-92-600000,1784549706745.186,1784549706900,1784549714278.0,1784549714356.3384,154.814,7378.0,78.338,1784548514278.0,7611.152
ss-93-600000,1784549695595.1855,1784549696397,1784549714279.0,1784549714356.339,801.814,17882.0,77.339,1784548514279.0,18761.154
ss-94-600000,1784549702345.1868,1784549702697,1784549714279.0,1784549714356.3396,351.813,11582.0,77.34,1784548514279.0,12011.153
ss-95-600000,1784549705695.18,1784549705847,1784549714279.0,1784549714356.34,151.82,8432.0,77.34,1784548514279.0,8661.16
ss-96-600000,1784549712045.186,1784549712147,1784549714279.0,1784549714356.3406,101.814,2132.0,77.341,1784548514279.0,2311.155
ss-97-600000,1784549708795.1897,1784549708997,1784549714279.0,1784549714356.341,201.81,5282.0,77.341,1784548514279.0,5561.151
ss-98-600000,1784549708145.1875,1784549708997,1784549714279.0,1784549714356.3416,851.812,5282.0,77.342,1784548514279.0,6211.154
ss-99-600000,1784549690845.1829,1784549691148,1784549714279.0,1784549714356.3513,302.817,23131.0,77.351,1784548514279.0,23511.168
ss-0-660000,1784549709195.184,1784549710047,1784549714279.0,1784549714356.352,851.816,4232.0,77.352,1784548454279.0,5161.168
ss-1-660000,1784549708095.18,1784549708997,1784549714279.0,1784549714356.3525,901.82,5282.0,77.353,1784548454279.0,6261.173
ss-10-660000,1784549693545.1924,1784549694297,1784549714279.0,1784549714356.353,751.808,19982.0,77.353,1784548454279.0,20811.161
ss-11-660000,1784549710945.1797,1784549711097,1784549714279.0,1784549714356.3535,151.82,3182.0,77.354,1784548454279.0,3411.174
ss-12-660000,1784549708445.1785,1784549708997,1784549714279.0,1784549714356.354,551.822,5282.0,77.354,1784548454279.0,5911.176
ss-13-660000,1784549702745.179,1784549703748,1784549714279.0,1784549714356.3545,1002.821,10531.0,77.354,1784548454279.0,11611.176
ss-14-660000,1784549710145.1863,1784549711097,1784549714279.0,1784549714356.355,951.814,3182.0,77.355,1784548454279.0,4211.169
ss-15-660000,1784549710395.1748,1784549711097,1784549714279.0,1784549714356.3555,701.825,3182.0,77.355,1784548454279.0,3961.181
ss-16-660000,1784549711645.1843,1784549712147,1784549714279.0,1784549714356.3557,501.816,2132.0,77.356,1784548454279.0,2711.171
ss-17-660000,1784549698645.1816,1784549699547,1784549714279.0,1784549714356.3564,901.818,14732.0,77.356,1784548454279.0,15711.175
ss-18-660000,1784549707645.1877,1784549707947,1784549714279.0,1784549714356.3572,301.812,6332.0,77.357,1784548454279.0,6711.169
ss-19-660000,1784549710845.1826,1784549711097,1784549714279.0,1784549714356.3577,251.817,3182.0,77.358,1784548454279.0,3511.175
ss-2-660000,1784549709795.1804,1784549710047,1784549714279.0,1784549714356.3586,251.82,4232.0,77.359,1784548454279.0,4561.178
ss-20-660000,1784549709045.2002,1784549710047,1784549714279.0,1784549714356.3628,1001.8,4232.0,77.363,1784548454279.0,5311.163
ss-21-660000,1784549708345.188,1784549708997,1784549714279.0,1784549714356.3633,651.812,5282.0,77.363,1784548454279.0,6011.175
ss-22-660000,1784549709895.1816,1784549710047,1784549714279.0,1784549714356.3638,151.818,4232.0,77.364,1784548454279.0,4461.182
ss-23-660000,1784549709995.192,1784549710047,1784549714279.0,1784549714356.3643,51.808,4232.0,77.364,1784548454279.0,4361.172
ss-24-660000,1784549710545.1814,1784549711097,1784549714279.0,1784549714356.3647,551.819,3182.0,77.365,1784548454279.0,3811.183
ss-25-660000,1784549707545.1853,1784549707947,1784549714279.0,1784549714356.3687,401.815,6332.0,77.369,1784548454279.0,6811.183
ss-26-660000,1784549711545.1802,1784549712147,1784549714279.0,1784549714356.3694,601.82,2132.0,77.369,1784548454279.0,2811.189
ss-27-660000,1784549711995.1877,1784549712147,1784549714279.0,1784549714356.3782,151.812,2132.0,77.378,1784548454279.0,2361.19
ss-28-660000,1784549708995.1914,1784549708997,1784549714279.0,1784549714356.3787,1.809,5282.0,77.379,1784548454279.0,5361.187
ss-29-660000,1784549705145.1824,1784549705847,1784549714279.0,1784549714356.3792,701.818,8432.0,77.379,1784548454279.0,9211.197
ss-3-660000,1784549707795.1775,1784549707947,1784549714279.0,1784549714356.3796,151.823,6332.0,77.38,1784548454279.0,6561.202
ss-30-660000,1784549711145.179,1784549712147,1784549714279.0,1784549714356.3835,1001.821,2132.0,77.384,1784548454279.0,3211.205
ss-31-660000,1784549711895.1873,1784549712147,1784549714279.0,1784549714356.3875,251.813,2132.0,77.387,1784548454279.0,2461.2
ss-32-660000,1784549709345.1987,1784549710047,1784549714279.0,1784549714356.388,701.801,4232.0,77.388,1784548454279.0,5011.189
ss-33-660000,1784549692495.1804,1784549693248,1784549714279.0,1784549714356.3887,752.82,21031.0,77.389,1784548454279.0,21861.208
ss-34-660000,1784549710995.1792,1784549711097,1784549714279.0,1784549714356.389,101.821,3182.0,77.389,1784548454279.0,3361.21
ss-35-660000,1784549703095.182,1784549703748,1784549714279.0,1784549714356.3894,652.818,10531.0,77.389,1784548454279.0,11261.208
ss-36-660000,1784549710595.1792,1784549711097,1784549714279.0,1784549714356.3994,501.821,3182.0,77.399,1784548454279.0,3761.22
ss-37-660000,1784549710045.1875,1784549710047,1784549714279.0,1784549714356.4,1.812,4232.0,77.4,1784548454279.0,4311.212
ss-38-660000,1784549711445.1843,1784549712147,1784549714279.0,1784549714356.4004,701.816,2132.0,77.4,1784548454279.0,2911.216
ss-39-660000,1784549705895.2173,1784549706900,1784549714279.0,1784549714356.401,1004.783,7379.0,77.401,1784548454279.0,8461.184
ss-4-660000,1784549710695.1782,1784549711097,1784549714279.0,1784549714356.4053,401.822,3182.0,77.405,1784548454279.0,3661.227
ss-40-660000,1784549691945.177,1784549692197,1784549714279.0,1784549714356.4058,251.823,22082.0,77.406,1784548454279.0,22411.229
ss-41-660000,1784549708195.189,1784549708997,1784549714280.0,1784549714356.4062,801.811,5283.0,76.406,1784548454280.0,6161.217
ss-42-660000,1784549704095.1829,1784549704797,1784549714280.0,1784549714356.4104,701.817,9483.0,76.41,1784548454280.0,10261.228
ss-43-660000,1784549710795.178,1784549711097,1784549714280.0,1784549714356.411,301.822,3183.0,76.411,1784548454280.0,3561.233
ss-44-660000,1784549710445.1807,1784549711097,1784549714280.0,1784549714356.4116,651.819,3183.0,76.412,1784548454280.0,3911.231
ss-45-660000,1784549709945.1765,1784549710047,1784549714280.0,1784549714356.4119,101.823,4233.0,76.412,1784548454280.0,4411.235
ss-46-660000,1784549705845.1897,1784549705847,1784549714280.0,1784549714356.4124,1.81,8433.0,76.412,1784548454280.0,8511.223
ss-47-660000,1784549711845.1873,1784549712147,1784549714280.0,1784549714356.4128,301.813,2133.0,76.413,1784548454280.0,2511.226
ss-48-660000,1784549695395.182,1784549696397,1784549714280.0,1784549714356.4133,1001.818,17883.0,76.413,1784548454280.0,18961.231
ss-49-660000,1784549710245.1758,1784549711097,1784549714280.0,1784549714356.4138,851.824,3183.0,76.414,1784548454280.0,4111.238
ss-5-660000,1784549708845.183,1784549708997,1784549714280.0,1784549714356.4146,151.817,5283.0,76.415,1784548454280.0,5511.231
ss-50-660000,1784549708745.1797,1784549708997,1784549714280.0,1784549714356.415,251.82,5283.0,76.415,1784548454280.0,5611.235
ss-51-660000,1784549711295.181,1784549712147,1784549714280.0,1784549714356.4155,851.819,2133.0,76.416,1784548454280.0,3061.235
ss-52-660000,1784549709645.1833,1784549710047,1784549714280.0,1784549714356.416,401.817,4233.0,76.416,1784548454280.0,4711.233
ss-53-660000,1784549709295.198,1784549710047,1784549714280.0,1784549714356.4165,751.802,4233.0,76.417,1784548454280.0,5061.219
ss-54-660000,1784549704295.1826,1784549704797,1784549714280.0,1784549714356.4204,501.817,9483.0,76.42,1784548454280.0,10061.238
ss-55-660000,1784549707995.1807,1784549708997,1784549714280.0,1784549714356.421,1001.819,5283.0,76.421,1784548454280.0,6361.24
ss-56-660000,1784549711795.1904,1784549712147,1784549714280.0,1784549714356.4214,351.81,2133.0,76.421,1784548454280.0,2561.231
ss-57-660000,1784549711595.186,1784549712147,1784549714280.0,1784549714356.4219,551.814,2133.0,76.422,1784548454280.0,2761.236
ss-58-660000,1784549709245.1802,1784549710047,1784549714280.0,1784549714356.4224,801.82,4233.0,76.422,1784548454280.0,5111.242
ss-59-660000,1784549707945.1826,1784549707947,1784549714280.0,1784549714356.423,1.817,6333.0,76.423,1784548454280.0,6411.24
ss-6-660000,1784549708895.1865,1784549708997,1784549714280.0,1784549714356.4236,101.813,5283.0,76.424,1784548454280.0,5461.237
ss-60-660000,1784549711495.181,1784549712147,1784549714280.0,1784549714356.4238,651.819,2133.0,76.424,1784548454280.0,2861.243
ss-61-660000,1784549692245.1873,1784549693248,1784549714280.0,1784549714356.4243,1002.813,21032.0,76.424,1784548454280.0,22111.237
ss-62-660000,1784549701245.1814,1784549701647,1784549714280.0,1784549714356.4248,401.819,12633.0,76.425,1784548454280.0,13111.243
ss-63-660000,1784549709395.1902,1784549710047,1784549714280.0,1784549714356.4343,651.81,4233.0,76.434,1784548454280.0,4961.244
ss-64-660000,1784549706395.1892,1784549706900,1784549714280.0,1784549714356.4355,504.811,7380.0,76.436,1784548454280.0,7961.246
ss-65-660000,1784549707745.175,1784549707947,1784549714280.0,1784549714356.436,201.825,6333.0,76.436,1784548454280.0,6611.261
ss-66-660000,1784549707895.1797,1784549707947,1784549714280.0,1784549714356.4402,51.82,6333.0,76.44,1784548454280.0,6461.26
ss-67-660000,1784549698395.1865,1784549698497,1784549714280.0,1784549714356.4407,101.813,15783.0,76.441,1784548454280.0,15961.254
ss-68-660000,1784549710195.1985,1784549711097,1784549714280.0,1784549714356.4412,901.802,3183.0,76.441,1784548454280.0,4161.243
ss-69-660000,1784549700245.185,1784549700597,1784549714280.0,1784549714356.4417,351.815,13683.0,76.442,1784548454280.0,14111.257
ss-7-660000,1784549708045.1829,1784549708997,1784549714280.0,1784549714356.4421,951.817,5283.0,76.442,1784548454280.0,6311.259
ss-70-660000,1784549706995.1826,1784549707947,1784549714280.0,1784549714356.4426,951.817,6333.0,76.443,1784548454280.0,7361.26
ss-71-660000,1784549710095.2039,1784549711097,1784549714280.0,1784549714356.443,1001.796,3183.0,76.443,1784548454280.0,4261.239
ss-72-660000,1784549707345.1892,1784549707947,1784549714280.0,1784549714356.4436,601.811,6333.0,76.444,1784548454280.0,7011.254
ss-73-660000,1784549705345.185,1784549705847,1784549714280.0,1784549714356.444,501.815,8433.0,76.444,1784548454280.0,9011.259
ss-74-660000,1784549711395.182,1784549712147,1784549714280.0,1784549714356.4446,751.818,2133.0,76.445,1784548454280.0,2961.263
ss-75-660000,1784549709095.1777,1784549710047,1784549714280.0,1784549714356.445,951.822,4233.0,76.445,1784548454280.0,5261.267
ss-76-660000,1784549711745.182,1784549712147,1784549714280.0,1784549714356.4456,401.818,2133.0,76.446,1784548454280.0,2611.264
ss-77-660000,1784549711945.1816,1784549712147,1784549714281.0,1784549714356.446,201.818,2134.0,75.446,1784548454281.0,2411.264
ss-78-660000,1784549702195.1855,1784549702697,1784549714281.0,1784549714356.4463,501.814,11584.0,75.446,1784548454281.0,12161.261
ss-79-660000,1784549704645.1743,1784549704797,1784549714281.0,1784549714356.4468,151.826,9484.0,75.447,1784548454281.0,9711.272
ss-8-660000,1784549710345.1858,1784549711097,1784549714281.0,1784549714356.4473,751.814,3184.0,75.447,1784548454281.0,4011.261
ss-80-660000,1784549711345.185,1784549712147,1784549714281.0,1784549714356.4478,801.815,2134.0,75.448,1784548454281.0,3011.263
ss-81-660000,1784549697345.18,1784549697447,1784549714281.0,1784549714356.4482,101.82,16834.0,75.448,1784548454281.0,17011.268
ss-82-660000,1784549707395.1736,1784549707947,1784549714281.0,1784549714356.4521,551.826,6334.0,75.452,1784548454281.0,6961.279
ss-83-660000,1784549705995.1887,1784549706900,1784549714281.0,1784549714356.4526,904.811,7381.0,75.453,1784548454281.0,8361.264
ss-84-660000,1784549701645.1824,1784549701647,1784549714281.0,1784549714356.4531,1.818,12634.0,75.453,1784548454281.0,12711.271
ss-85-660000,1784549710745.1853,1784549711097,1784549714281.0,1784549714356.4536,351.815,3184.0,75.454,1784548454281.0,3611.268
ss-86-660000,1784549712095.1814,1784549712147,1784549714281.0,1784549714356.454,51.819,2134.0,75.454,1784548454281.0,2261.273
ss-87-660000,1784549704795.179,1784549704797,1784549714281.0,1784549714356.4546,1.821,9484.0,75.455,1784548454281.0,9561.276
ss-88-660000,1784549706795.1997,1784549706900,1784549714281.0,1784549714356.455,104.8,7381.0,75.455,1784548454281.0,7561.255
ss-89-660000,1784549696495.184,1784549697447,1784549714281.0,1784549714356.459,951.816,16834.0,75.459,1784548454281.0,17861.275
ss-9-660000,1784549707845.1858,1784549707947,1784549714281.0,1784549714356.4624,101.814,6334.0,75.462,1784548454281.0,6511.277
ss-90-660000,1784549711695.1829,1784549712147,1784549714281.0,1784549714356.4631,451.817,2134.0,75.463,1784548454281.0,2661.28
ss-91-660000,1784549709745.1848,1784549710047,1784549714281.0,1784549714356.4636,301.815,4234.0,75.464,1784548454281.0,4611.279
ss-92-660000,1784549706745.186,1784549706900,1784549714281.0,1784549714356.473,154.814,7381.0,75.473,1784548454281.0,7611.287
ss-93-660000,1784549695595.1855,1784549696397,1784549714281.0,1784549714356.4744,801.814,17884.0,75.474,1784548454281.0,18761.289
ss-94-660000,1784549702345.1868,1784549702697,1784549714281.0,1784549714356.4749,351.813,11584.0,75.475,1784548454281.0,12011.288
ss-95-660000,1784549705695.18,1784549705847,1784549714281.0,1784549714356.4753,151.82,8434.0,75.475,1784548454281.0,8661.295
ss-96-660000,1784549712045.186,1784549712147,1784549714281.0,1784549714356.4758,101.814,2134.0,75.476,1784548454281.0,2311.29
ss-97-660000,1784549708795.1897,1784549708997,1784549714281.0,1784549714356.4763,201.81,5284.0,75.476,1784548454281.0,5561.287
ss-98-660000,1784549708145.1875,1784549708997,1784549714281.0,1784549714356.4768,851.812,5284.0,75.477,1784548454281.0,6211.289
ss-99-660000,1784549690845.1829,1784549691148,1784549714281.0,1784549714356.4773,302.817,23133.0,75.477,1784548454281.0,23511.294
ss-0-720000,1784549709195.184,1784549710047,1784549714281.0,1784549714356.4775,851.816,4234.0,75.478,1784548394281.0,5161.293
ss-1-720000,1784549708095.18,1784549708997,1784549714281.0,1784549714356.5083,901.82,5284.0,75.508,1784548394281.0,6261.328
ss-10-720000,1784549693545.1924,1784549694297,1784549714281.0,1784549714356.509,751.808,19984.0,75.509,1784548394281.0,20811.317
ss-11-720000,1784549710945.1797,1784549711097,1784549714281.0,1784549714356.5132,151.82,3184.0,75.513,1784548394281.0,3411.333
ss-12-720000,1784549708445.1785,1784549708997,1784549714281.0,1784549714356.517,551.822,5284.0,75.517,1784548394281.0,5911.339
ss-13-720000,1784549702745.179,1784549703748,1784549714281.0,1784549714356.5176,1002.821,10533.0,75.518,1784548394281.0,11611.339
ss-14-720000,1784549710145.1863,1784549711097,1784549714281.0,1784549714356.518,951.814,3184.0,75.518,1784548394281.0,4211.332
ss-15-720000,1784549710395.1748,1784549711097,1784549714281.0,1784549714356.5186,701.825,3184.0,75.519,1784548394281.0,3961.344
ss-16-720000,1784549711645.1843,1784549712147,1784549714281.0,1784549714356.519,501.816,2134.0,75.519,1784548394281.0,2711.335
ss-17-720000,1784549698645.1816,1784549699547,1784549714281.0,1784549714356.5195,901.818,14734.0,75.52,1784548394281.0,15711.338
ss-18-720000,1784549707645.1877,1784549707947,1784549714281.0,1784549714356.52,301.812,6334.0,75.52,1784548394281.0,6711.332
ss-19-720000,1784549710845.1826,1784549711097,1784549714281.0,1784549714356.5203,251.817,3184.0,75.52,1784548394281.0,3511.338
ss-2-720000,1784549709795.1804,1784549710047,1784549714281.0,1784549714356.5208,251.82,4234.0,75.521,1784548394281.0,4561.34
ss-20-720000,1784549709045.2002,1784549710047,1784549714281.0,1784549714356.5212,1001.8,4234.0,75.521,1784548394281.0,5311.321
ss-21-720000,1784549708345.188,1784549708997,1784549714281.0,1784549714356.5254,651.812,5284.0,75.525,1784548394281.0,6011.337
ss-22-720000,1784549709895.1816,1784549710047,1784549714281.0,1784549714356.526,151.818,4234.0,75.526,1784548394281.0,4461.344
ss-23-720000,1784549709995.192,1784549710047,1784549714281.0,1784549714356.5342,51.808,4234.0,75.534,1784548394281.0,4361.342
ss-24-720000,1784549710545.1814,1784549711097,1784549714281.0,1784549714356.5347,551.819,3184.0,75.535,1784548394281.0,3811.353
ss-25-720000,1784549707545.1853,1784549707947,1784549714281.0,1784549714356.5352,401.815,6334.0,75.535,1784548394281.0,6811.35
ss-26-720000,1784549711545.1802,1784549712147,1784549714281.0,1784549714356.5356,601.82,2134.0,75.536,1784548394281.0,2811.355
ss-27-720000,1784549711995.1877,1784549712147,1784549714281.0,1784549714356.5361,151.812,2134.0,75.536,1784548394281.0,2361.348
ss-28-720000,1784549708995.1914,1784549708997,1784549714281.0,1784549714356.5366,1.809,5284.0,75.537,1784548394281.0,5361.345
ss-29-720000,1784549705145.1824,1784549705847,1784549714281.0,1784549714356.537,701.818,8434.0,75.537,1784548394281.0,9211.355
ss-3-720000,1784549707795.1775,1784549707947,1784549714281.0,1784549714356.5376,151.823,6334.0,75.538,1784548394281.0,6561.36
ss-30-720000,1784549711145.179,1784549712147,1784549714281.0,1784549714356.538,1001.821,2134.0,75.538,1784548394281.0,3211.359
ss-31-720000,1784549711895.1873,1784549712147,1784549714282.0,1784549714356.5386,251.813,2135.0,74.539,1784548394282.0,2461.351
ss-32-720000,1784549709345.1987,1784549710047,1784549714282.0,1784549714356.539,701.801,4235.0,74.539,1784548394282.0,5011.34
ss-33-720000,1784549692495.1804,1784549693248,1784549714282.0,1784549714356.5396,752.82,21034.0,74.54,1784548394282.0,21861.359
ss-34-720000,1784549710995.1792,1784549711097,1784549714282.0,1784549714356.5508,101.821,3185.0,74.551,1784548394282.0,3361.372
ss-35-720000,1784549703095.182,1784549703748,1784549714282.0,1784549714356.5513,652.818,10534.0,74.551,1784548394282.0,11261.369
ss-36-720000,1784549710595.1792,1784549711097,1784549714282.0,1784549714356.5518,501.821,3185.0,74.552,1784548394282.0,3761.373
ss-37-720000,1784549710045.1875,1784549710047,1784549714282.0,1784549714356.5522,1.812,4235.0,74.552,1784548394282.0,4311.365
ss-38-720000,1784549711445.1843,1784549712147,1784549714282.0,1784549714356.5527,701.816,2135.0,74.553,1784548394282.0,2911.368
ss-39-720000,1784549705895.2173,1784549706900,1784549714282.0,1784549714356.557,1004.783,7382.0,74.557,1784548394282.0,8461.34
ss-4-720000,1784549710695.1782,1784549711097,1784549714282.0,1784549714356.5574,401.822,3185.0,74.557,1784548394282.0,3661.379
ss-40-720000,1784549691945.177,1784549692197,1784549714282.0,1784549714356.5579,251.823,22085.0,74.558,1784548394282.0,22411.381
ss-41-720000,1784549708195.189,1784549708997,1784549714282.0,1784549714356.5583,801.811,5285.0,74.558,1784548394282.0,6161.369
ss-42-720000,1784549704095.1829,1784549704797,1784549714282.0,1784549714356.5588,701.817,9485.0,74.559,1784548394282.0,10261.376
ss-43-720000,1784549710795.178,1784549711097,1784549714282.0,1784549714356.5593,301.822,3185.0,74.559,1784548394282.0,3561.381
ss-44-720000,1784549710445.1807,1784549711097,1784549714282.0,1784549714356.5598,651.819,3185.0,74.56,1784548394282.0,3911.379
ss-45-720000,1784549709945.1765,1784549710047,1784549714282.0,1784549714356.5603,101.823,4235.0,74.56,1784548394282.0,4411.384
ss-46-720000,1784549705845.1897,1784549705847,1784549714282.0,1784549714356.5608,1.81,8435.0,74.561,1784548394282.0,8511.371
ss-47-720000,1784549711845.1873,1784549712147,1784549714282.0,1784549714356.5613,301.813,2135.0,74.561,1784548394282.0,2511.374
ss-48-720000,1784549695395.182,1784549696397,1784549714282.0,1784549714356.5618,1001.818,17885.0,74.562,1784548394282.0,18961.38
ss-49-720000,1784549710245.1758,1784549711097,1784549714282.0,1784549714356.5623,851.824,3185.0,74.562,1784548394282.0,4111.386
ss-5-720000,1784549708845.183,1784549708997,1784549714282.0,1784549714356.5625,151.817,5285.0,74.562,1784548394282.0,5511.379
ss-50-720000,1784549708745.1797,1784549708997,1784549714282.0,1784549714356.5632,251.82,5285.0,74.563,1784548394282.0,5611.384
ss-51-720000,1784549711295.181,1784549712147,1784549714282.0,1784549714356.5635,851.819,2135.0,74.563,1784548394282.0,3061.383
ss-52-720000,1784549709645.1833,1784549710047,1784549714282.0,1784549714356.564,401.817,4235.0,74.564,1784548394282.0,4711.381
ss-53-720000,1784549709295.198,1784549710047,1784549714282.0,1784549714356.5645,751.802,4235.0,74.564,1784548394282.0,5061.366
ss-54-720000,1784549704295.1826,1784549704797,1784549714282.0,1784549714356.565,501.817,9485.0,74.565,1784548394282.0,10061.382
ss-55-720000,1784549707995.1807,1784549708997,1784549714282.0,1784549714356.5654,1001.819,5285.0,74.565,1784548394282.0,6361.385
ss-56-720000,1784549711795.1904,1784549712147,1784549714282.0,1784549714356.5693,351.81,2135.0,74.569,1784548394282.0,2561.379
ss-57-720000,1784549711595.186,1784549712147,1784549714282.0,1784549714356.5698,551.814,2135.0,74.57,1784548394282.0,2761.384
ss-58-720000,1784549709245.1802,1784549710047,1784549714282.0,1784549714356.5703,801.82,4235.0,74.57,1784548394282.0,5111.39
ss-59-720000,1784549707945.1826,1784549707947,1784549714282.0,1784549714356.5708,1.817,6335.0,74.571,1784548394282.0,6411.388
ss-6-720000,1784549708895.1865,1784549708997,1784549714282.0,1784549714356.5713,101.813,5285.0,74.571,1784548394282.0,5461.385
ss-60-720000,1784549711495.181,1784549712147,1784549714282.0,1784549714356.5718,651.819,2135.0,74.572,1784548394282.0,2861.391
ss-61-720000,1784549692245.1873,1784549693248,1784549714282.0,1784549714356.5723,1002.813,21034.0,74.572,1784548394282.0,22111.385
ss-62-720000,1784549701245.1814,1784549701647,1784549714282.0,1784549714356.5725,401.819,12635.0,74.573,1784548394282.0,13111.391
ss-63-720000,1784549709395.1902,1784549710047,1784549714282.0,1784549714356.5732,651.81,4235.0,74.573,1784548394282.0,4961.383
ss-64-720000,1784549706395.1892,1784549706900,1784549714282.0,1784549714356.5771,504.811,7382.0,74.577,1784548394282.0,7961.388
ss-65-720000,1784549707745.175,1784549707947,1784549714282.0,1784549714356.5776,201.825,6335.0,74.578,1784548394282.0,6611.403
ss-66-720000,1784549707895.1797,1784549707947,1784549714282.0,1784549714356.5813,51.82,6335.0,74.581,1784548394282.0,6461.402
ss-67-720000,1784549698395.1865,1784549698497,1784549714282.0,1784549714356.5818,101.813,15785.0,74.582,1784548394282.0,15961.395
ss-68-720000,1784549710195.1985,1784549711097,1784549714282.0,1784549714356.5823,901.802,3185.0,74.582,1784548394282.0,4161.384
ss-69-720000,1784549700245.185,1784549700597,1784549714282.0,1784549714356.5923,351.815,13685.0,74.592,1784548394282.0,14111.407
ss-7-720000,1784549708045.1829,1784549708997,1784549714282.0,1784549714356.5928,951.817,5285.0,74.593,1784548394282.0,6311.41
ss-70-720000,1784549706995.1826,1784549707947,1784549714282.0,1784549714356.5933,951.817,6335.0,74.593,1784548394282.0,7361.411
ss-71-720000,1784549710095.2039,1784549711097,1784549714282.0,1784549714356.5938,1001.796,3185.0,74.594,1784548394282.0,4261.39
ss-72-720000,1784549707345.1892,1784549707947,1784549714282.0,1784549714356.5942,601.811,6335.0,74.594,1784548394282.0,7011.405
ss-73-720000,1784549705345.185,1784549705847,1784549714282.0,1784549714356.5947,501.815,8435.0,74.595,1784548394282.0,9011.41
ss-74-720000,1784549711395.182,1784549712147,1784549714283.0,1784549714356.5952,751.818,2136.0,73.595,1784548394283.0,2961.413
ss-75-720000,1784549709095.1777,1784549710047,1784549714283.0,1784549714356.5957,951.822,4236.0,73.596,1784548394283.0,5261.418
ss-76-720000,1784549711745.182,1784549712147,1784549714283.0,1784549714356.5962,401.818,2136.0,73.596,1784548394283.0,2611.414
ss-77-720000,1784549711945.1816,1784549712147,1784549714283.0,1784549714356.5964,201.818,2136.0,73.596,1784548394283.0,2411.415
ss-78-720000,1784549702195.1855,1784549702697,1784549714283.0,1784549714356.597,501.814,11586.0,73.597,1784548394283.0,12161.411
ss-79-720000,1784549704645.1743,1784549704797,1784549714283.0,1784549714356.5974,151.826,9486.0,73.597,1784548394283.0,9711.423
ss-8-720000,1784549710345.1858,1784549711097,1784549714283.0,1784549714356.598,751.814,3186.0,73.598,1784548394283.0,4011.412
ss-80-720000,1784549711345.185,1784549712147,1784549714283.0,1784549714356.5984,801.815,2136.0,73.598,1784548394283.0,3011.413
ss-81-720000,1784549697345.18,1784549697447,1784549714283.0,1784549714356.6028,101.82,16836.0,73.603,1784548394283.0,17011.423
ss-82-720000,1784549707395.1736,1784549707947,1784549714283.0,1784549714356.6033,551.826,6336.0,73.603,1784548394283.0,6961.43
ss-83-720000,1784549705995.1887,1784549706900,1784549714283.0,1784549714356.6038,904.811,7383.0,73.604,1784548394283.0,8361.415
ss-84-720000,1784549701645.1824,1784549701647,1784549714283.0,1784549714356.6042,1.818,12636.0,73.604,1784548394283.0,12711.422
ss-85-720000,1784549710745.1853,1784549711097,1784549714283.0,1784549714356.6047,351.815,3186.0,73.605,1784548394283.0,3611.419
ss-86-720000,1784549712095.1814,1784549712147,1784549714283.0,1784549714356.6052,51.819,2136.0,73.605,1784548394283.0,2261.424
ss-87-720000,1784549704795.179,1784549704797,1784549714283.0,1784549714356.6055,1.821,9486.0,73.605,1784548394283.0,9561.427
ss-88-720000,1784549706795.1997,1784549706900,1784549714283.0,1784549714356.606,104.8,7383.0,73.606,1784548394283.0,7561.406
ss-89-720000,1784549696495.184,1784549697447,1784549714283.0,1784549714356.6064,951.816,16836.0,73.606,1784548394283.0,17861.422
ss-9-720000,1784549707845.1858,1784549707947,1784549714283.0,1784549714356.6104,101.814,6336.0,73.61,1784548394283.0,6511.425
ss-90-720000,1784549711695.1829,1784549712147,1784549714283.0,1784549714356.6106,451.817,2136.0,73.611,1784548394283.0,2661.428
ss-91-720000,1784549709745.1848,1784549710047,1784549714283.0,1784549714356.611,301.815,4236.0,73.611,1784548394283.0,4611.426
ss-92-720000,1784549706745.186,1784549706900,1784549714283.0,1784549714356.6116,154.814,7383.0,73.612,1784548394283.0,7611.426
ss-93-720000,1784549695595.1855,1784549696397,1784549714283.0,1784549714356.612,801.814,17886.0,73.612,1784548394283.0,18761.427
ss-94-720000,1784549702345.1868,1784549702697,1784549714283.0,1784549714356.6125,351.813,11586.0,73.613,1784548394283.0,12011.426
ss-95-720000,1784549705695.18,1784549705847,1784549714283.0,1784549714356.613,151.82,8436.0,73.613,1784548394283.0,8661.433
ss-96-720000,1784549712045.186,1784549712147,1784549714283.0,1784549714356.6135,101.814,2136.0,73.614,1784548394283.0,2311.427
ss-97-720000,1784549708795.1897,1784549708997,1784549714283.0,1784549714356.614,201.81,5286.0,73.614,1784548394283.0,5561.424
ss-98-720000,1784549708145.1875,1784549708997,1784549714283.0,1784549714356.6145,851.812,5286.0,73.615,1784548394283.0,6211.427
ss-99-720000,1784549690845.1829,1784549691148,1784549714283.0,1784549714356.615,302.817,23135.0,73.615,1784548394283.0,23511.432
ss-0-780000,1784549709195.184,1784549710047,1784549714283.0,1784549714356.6152,851.816,4236.0,73.615,1784548334283.0,5161.431
ss-1-780000,1784549708095.18,1784549708997,1784549714283.0,1784549714356.6157,901.82,5286.0,73.616,1784548334283.0,6261.436
ss-11-780000,1784549710945.1797,1784549711097,1784549714283.0,1784549714356.6162,151.82,3186.0,73.616,1784548334283.0,3411.437
ss-12-780000,1784549708445.1785,1784549708997,1784549714283.0,1784549714356.62,551.822,5286.0,73.62,1784548334283.0,5911.442
ss-13-780000,1784549702745.179,1784549703748,1784549714283.0,1784549714356.6206,1002.821,10535.0,73.621,1784548334283.0,11611.442
ss-14-780000,1784549710145.1863,1784549711097,1784549714283.0,1784549714356.621,951.814,3186.0,73.621,1784548334283.0,4211.435
ss-15-780000,1784549710395.1748,1784549711097,1784549714283.0,1784549714356.6304,701.825,3186.0,73.63,1784548334283.0,3961.456
ss-16-780000,1784549711645.1843,1784549712147,1784549714283.0,1784549714356.6309,501.816,2136.0,73.631,1784548334283.0,2711.447
ss-18-780000,1784549707645.1877,1784549707947,1784549714283.0,1784549714356.631,301.812,6336.0,73.631,1784548334283.0,6711.443
ss-19-780000,1784549710845.1826,1784549711097,1784549714283.0,1784549714356.6316,251.817,3186.0,73.632,1784548334283.0,3511.449
ss-2-780000,1784549709795.1804,1784549710047,1784549714283.0,1784549714356.632,251.82,4236.0,73.632,1784548334283.0,4561.452
ss-20-780000,1784549709045.2002,1784549710047,1784549714283.0,1784549714356.6326,1001.8,4236.0,73.633,1784548334283.0,5311.432
ss-21-780000,1784549708345.188,1784549708997,1784549714283.0,1784549714356.633,651.812,5286.0,73.633,1784548334283.0,6011.445
ss-22-780000,1784549709895.1816,1784549710047,1784549714283.0,1784549714356.6335,151.818,4236.0,73.634,1784548334283.0,4461.452
ss-23-780000,1784549709995.192,1784549710047,1784549714283.0,1784549714356.634,51.808,4236.0,73.634,1784548334283.0,4361.442
ss-24-780000,1784549710545.1814,1784549711097,1784549714283.0,1784549714356.638,551.819,3186.0,73.638,1784548334283.0,3811.457
ss-25-780000,1784549707545.1853,1784549707947,1784549714283.0,1784549714356.6418,401.815,6336.0,73.642,1784548334283.0,6811.457
ss-26-780000,1784549711545.1802,1784549712147,1784549714283.0,1784549714356.6423,601.82,2136.0,73.642,1784548334283.0,2811.462
ss-27-780000,1784549711995.1877,1784549712147,1784549714283.0,1784549714356.6428,151.812,2136.0,73.643,1784548334283.0,2361.455
ss-28-780000,1784549708995.1914,1784549708997,1784549714283.0,1784549714356.6433,1.809,5286.0,73.643,1784548334283.0,5361.452
ss-29-780000,1784549705145.1824,1784549705847,1784549714283.0,1784549714356.6438,701.818,8436.0,73.644,1784548334283.0,9211.461
ss-3-780000,1784549707795.1775,1784549707947,1784549714283.0,1784549714356.644,151.823,6336.0,73.644,1784548334283.0,6561.467
ss-30-780000,1784549711145.179,1784549712147,1784549714283.0,1784549714356.6445,1001.821,2136.0,73.645,1784548334283.0,3211.466
ss-31-780000,1784549711895.1873,1784549712147,1784549714283.0,1784549714356.645,251.813,2136.0,73.645,1784548334283.0,2461.458
ss-32-780000,1784549709345.1987,1784549710047,1784549714283.0,1784549714356.6455,701.801,4236.0,73.646,1784548334283.0,5011.447
ss-34-780000,1784549710995.1792,1784549711097,1784549714283.0,1784549714356.646,101.821,3186.0,73.646,1784548334283.0,3361.467
ss-35-780000,1784549703095.182,1784549703748,1784549714283.0,1784549714356.6465,652.818,10535.0,73.646,1784548334283.0,11261.465
ss-36-780000,1784549710595.1792,1784549711097,1784549714283.0,1784549714356.647,501.821,3186.0,73.647,1784548334283.0,3761.468
ss-37-780000,1784549710045.1875,1784549710047,1784549714283.0,1784549714356.6472,1.812,4236.0,73.647,1784548334283.0,4311.46
ss-38-780000,1784549711445.1843,1784549712147,1784549714283.0,1784549714356.6477,701.816,2136.0,73.648,1784548334283.0,2911.463
ss-39-780000,1784549705895.2173,1784549706900,1784549714283.0,1784549714356.6482,1004.783,7383.0,73.648,1784548334283.0,8461.431
ss-4-780000,1784549710695.1782,1784549711097,1784549714283.0,1784549714356.6487,401.822,3186.0,73.649,1784548334283.0,3661.47
ss-41-780000,1784549708195.189,1784549708997,1784549714283.0,1784549714356.6492,801.811,5286.0,73.649,1784548334283.0,6161.46
ss-42-780000,1784549704095.1829,1784549704797,1784549714283.0,1784549714356.6497,701.817,9486.0,73.65,1784548334283.0,10261.467
ss-43-780000,1784549710795.178,1784549711097,1784549714283.0,1784549714356.65,301.822,3186.0,73.65,1784548334283.0,3561.472
ss-44-780000,1784549710445.1807,1784549711097,1784549714283.0,1784549714356.6504,651.819,3186.0,73.65,1784548334283.0,3911.47
ss-45-780000,1784549709945.1765,1784549710047,1784549714284.0,1784549714356.651,101.823,4237.0,72.651,1784548334284.0,4411.474
ss-46-780000,1784549705845.1897,1784549705847,1784549714284.0,1784549714356.6514,1.81,8437.0,72.651,1784548334284.0,8511.462
ss-47-780000,1784549711845.1873,1784549712147,1784549714284.0,1784549714356.6519,301.813,2137.0,72.652,1784548334284.0,2511.465
ss-49-780000,1784549710245.1758,1784549711097,1784549714284.0,1784549714356.6523,851.824,3187.0,72.652,1784548334284.0,4111.477
ss-5-780000,1784549708845.183,1784549708997,1784549714284.0,1784549714356.6528,151.817,5287.0,72.653,1784548334284.0,5511.47
ss-50-780000,1784549708745.1797,1784549708997,1784549714284.0,1784549714356.653,251.82,5287.0,72.653,1784548334284.0,5611.473
ss-51-780000,1784549711295.181,1784549712147,1784549714284.0,1784549714356.6536,851.819,2137.0,72.654,1784548334284.0,3061.473
ss-52-780000,1784549709645.1833,1784549710047,1784549714284.0,1784549714356.6575,401.817,4237.0,72.657,1784548334284.0,4711.474
ss-53-780000,1784549709295.198,1784549710047,1784549714284.0,1784549714356.658,751.802,4237.0,72.658,1784548334284.0,5061.46
ss-54-780000,1784549704295.1826,1784549704797,1784549714284.0,1784549714356.6587,501.817,9487.0,72.659,1784548334284.0,10061.476
ss-55-780000,1784549707995.1807,1784549708997,1784549714284.0,1784549714356.6592,1001.819,5287.0,72.659,1784548334284.0,6361.479
ss-56-780000,1784549711795.1904,1784549712147,1784549714284.0,1784549714356.6594,351.81,2137.0,72.659,1784548334284.0,2561.469
ss-57-780000,1784549711595.186,1784549712147,1784549714284.0,1784549714356.66,551.814,2137.0,72.66,1784548334284.0,2761.474
ss-58-780000,1784549709245.1802,1784549710047,1784549714284.0,1784549714356.6604,801.82,4237.0,72.66,1784548334284.0,5111.48
ss-59-780000,1784549707945.1826,1784549707947,1784549714284.0,1784549714356.661,1.817,6337.0,72.661,1784548334284.0,6411.478
ss-6-780000,1784549708895.1865,1784549708997,1784549714284.0,1784549714356.6614,101.813,5287.0,72.661,1784548334284.0,5461.475
ss-60-780000,1784549711495.181,1784549712147,1784549714284.0,1784549714356.6619,651.819,2137.0,72.662,1784548334284.0,2861.481
ss-63-780000,1784549709395.1902,1784549710047,1784549714284.0,1784549714356.6658,651.81,4237.0,72.666,1784548334284.0,4961.476
ss-64-780000,1784549706395.1892,1784549706900,1784549714284.0,1784549714356.6663,504.811,7384.0,72.666,1784548334284.0,7961.477
ss-65-780000,1784549707745.175,1784549707947,1784549714284.0,1784549714356.6667,201.825,6337.0,72.667,1784548334284.0,6611.492
ss-66-780000,1784549707895.1797,1784549707947,1784549714284.0,1784549714356.6758,51.82,6337.0,72.676,1784548334284.0,6461.496
ss-68-780000,1784549710195.1985,1784549711097,1784549714284.0,1784549714356.6763,901.802,3187.0,72.676,1784548334284.0,4161.478
ss-7-780000,1784549708045.1829,1784549708997,1784549714284.0,1784549714356.6768,951.817,5287.0,72.677,1784548334284.0,6311.494
ss-70-780000,1784549706995.1826,1784549707947,1784549714284.0,1784549714356.6772,951.817,6337.0,72.677,1784548334284.0,7361.495
ss-71-780000,1784549710095.2039,1784549711097,1784549714284.0,1784549714356.6812,1001.796,3187.0,72.681,1784548334284.0,4261.477
ss-72-780000,1784549707345.1892,1784549707947,1784549714284.0,1784549714356.6816,601.811,6337.0,72.682,1784548334284.0,7011.492
ss-73-780000,1784549705345.185,1784549705847,1784549714284.0,1784549714356.6821,501.815,8437.0,72.682,1784548334284.0,9011.497
ss-74-780000,1784549711395.182,1784549712147,1784549714284.0,1784549714356.6826,751.818,2137.0,72.683,1784548334284.0,2961.501
ss-75-780000,1784549709095.1777,1784549710047,1784549714284.0,1784549714356.683,951.822,4237.0,72.683,1784548334284.0,5261.505
ss-76-780000,1784549711745.182,1784549712147,1784549714284.0,1784549714356.6833,401.818,2137.0,72.683,1784548334284.0,2611.501
ss-77-780000,1784549711945.1816,1784549712147,1784549714284.0,1784549714356.6838,201.818,2137.0,72.684,1784548334284.0,2411.502
ss-78-780000,1784549702195.1855,1784549702697,1784549714284.0,1784549714356.6843,501.814,11587.0,72.684,1784548334284.0,12161.499
ss-79-780000,1784549704645.1743,1784549704797,1784549714284.0,1784549714356.6848,151.826,9487.0,72.685,1784548334284.0,9711.51
ss-8-780000,1784549710345.1858,1784549711097,1784549714284.0,1784549714356.6853,751.814,3187.0,72.685,1784548334284.0,4011.5
ss-80-780000,1784549711345.185,1784549712147,1784549714284.0,1784549714356.6858,801.815,2137.0,72.686,1784548334284.0,3011.501
ss-82-780000,1784549707395.1736,1784549707947,1784549714284.0,1784549714356.6863,551.826,6337.0,72.686,1784548334284.0,6961.513
ss-83-780000,1784549705995.1887,1784549706900,1784549714284.0,1784549714356.6865,904.811,7384.0,72.687,1784548334284.0,8361.498
ss-85-780000,1784549710745.1853,1784549711097,1784549714284.0,1784549714356.687,351.815,3187.0,72.687,1784548334284.0,3611.502
ss-86-780000,1784549712095.1814,1784549712147,1784549714284.0,1784549714356.691,51.819,2137.0,72.691,1784548334284.0,2261.51
ss-87-780000,1784549704795.179,1784549704797,1784549714284.0,1784549714356.6914,1.821,9487.0,72.691,1784548334284.0,9561.512
ss-88-780000,1784549706795.1997,1784549706900,1784549714284.0,1784549714356.692,104.8,7384.0,72.692,1784548334284.0,7561.492
ss-9-780000,1784549707845.1858,1784549707947,1784549714284.0,1784549714356.6924,101.814,6337.0,72.692,1784548334284.0,6511.507
ss-90-780000,1784549711695.1829,1784549712147,1784549714284.0,1784549714356.6929,451.817,2137.0,72.693,1784548334284.0,2661.51
ss-91-780000,1784549709745.1848,1784549710047,1784549714284.0,1784549714356.6965,301.815,4237.0,72.697,1784548334284.0,4611.512
ss-92-780000,1784549706745.186,1784549706900,1784549714284.0,1784549714356.697,154.814,7384.0,72.697,1784548334284.0,7611.511
ss-94-780000,1784549702345.1868,1784549702697,1784549714284.0,1784549714356.6975,351.813,11587.0,72.698,1784548334284.0,12011.511
ss-95-780000,1784549705695.18,1784549705847,1784549714284.0,1784549714356.698,151.82,8437.0,72.698,1784548334284.0,8661.518
ss-96-780000,1784549712045.186,1784549712147,1784549714284.0,1784549714356.6985,101.814,2137.0,72.698,1784548334284.0,2311.512
ss-97-780000,1784549708795.1897,1784549708997,1784549714284.0,1784549714356.699,201.81,5287.0,72.699,1784548334284.0,5561.509
ss-98-780000,1784549708145.1875,1784549708997,1784549714284.0,1784549714356.6995,851.812,5287.0,72.699,1784548334284.0,6211.512
