event_id,t0_ms,t1_ms,t2_ms,t3_ms,write_to_input_append_latency_ms,input_append_to_result_emission_latency_ms,l_visibility_ms,l_closure_ms,latency_ms
e-0,1784538231218.165,1784538233635,1784538233743.0,1784538234851.414,2416.835,108.0,1108.414,,3633.249
e-1,1784538231268.2297,1784538233635,1784538233757.0,1784538234851.4182,2366.77,122.0,1094.418,,3583.188
e-2,1784538231318.2266,1784538233635,1784538233758.0,1784538234851.4197,2316.773,123.0,1093.42,,3533.193
e-3,1784538231368.237,1784538233635,1784538233759.0,1784538234851.421,2266.763,124.0,1092.421,,3483.184
e-4,1784538231418.2212,1784538233635,1784538233759.0,1784538234851.4219,2216.779,124.0,1092.422,,3433.201
e-5,1784538231468.2244,1784538233635,1784538233759.0,1784538234851.4233,2166.776,124.0,1092.423,,3383.199
e-6,1784538231518.2217,1784538233635,1784538233759.0,1784538234851.4243,2116.778,124.0,1092.424,,3333.203
e-7,1784538231568.222,1784538233635,1784538233759.0,1784538234851.43,2066.778,124.0,1092.43,,3283.208
e-8,1784538231618.2222,1784538233635,1784538233759.0,1784538234851.4316,2016.778,124.0,1092.432,,3233.209
e-9,1784538231668.221,1784538233635,1784538233759.0,1784538234851.4478,1966.779,124.0,1092.448,,3183.227
e-10,1784538231718.2273,1784538233635,1784538233759.0,1784538234851.4485,1916.773,124.0,1092.448,,3133.221
e-11,1784538231768.2344,1784538233635,1784538233760.0,1784538234851.4492,1866.766,125.0,1091.449,,3083.215
e-12,1784538231818.2173,1784538233635,1784538233760.0,1784538234851.45,1816.783,125.0,1091.45,,3033.233
e-13,1784538231868.2273,1784538233635,1784538233760.0,1784538234851.4507,1766.773,125.0,1091.451,,2983.223
e-14,1784538231918.2283,1784538233635,1784538233760.0,1784538234851.458,1716.772,125.0,1091.458,,2933.23
e-15,1784538231968.2256,1784538233635,1784538233760.0,1784538234851.4587,1666.774,125.0,1091.459,,2883.233
e-16,1784538232018.2288,1784538233635,1784538233760.0,1784538234851.4595,1616.771,125.0,1091.459,,2833.231
e-17,1784538232068.2297,1784538233635,1784538233760.0,1784538234851.4604,1566.77,125.0,1091.46,,2783.231
e-18,1784538232118.234,1784538233635,1784538233760.0,1784538234851.4612,1516.766,125.0,1091.461,,2733.227
e-19,1784538232168.2283,1784538233635,1784538233760.0,1784538234851.4617,1466.772,125.0,1091.462,,2683.233
e-20,1784538232218.2275,1784538233635,1784538233761.0,1784538234851.4624,1416.772,126.0,1090.462,,2633.235
e-21,1784538232268.228,1784538233635,1784538233761.0,1784538234851.4631,1366.772,126.0,1090.463,,2583.235
e-22,1784538232318.2266,1784538233635,1784538233761.0,1784538234851.4636,1316.773,126.0,1090.464,,2533.237
e-23,1784538232368.2234,1784538233635,1784538233761.0,1784538234851.4644,1266.777,126.0,1090.464,,2483.241
e-24,1784538232418.2258,1784538233635,1784538233761.0,1784538234851.465,1216.774,126.0,1090.465,,2433.239
e-25,1784538232468.2378,1784538233635,1784538233761.0,1784538234851.4663,1166.762,126.0,1090.466,,2383.229
e-26,1784538232518.2312,1784538233635,1784538233761.0,1784538234851.4668,1116.769,126.0,1090.467,,2333.236
e-27,1784538232568.229,1784538233635,1784538233761.0,1784538234851.4675,1066.771,126.0,1090.468,,2283.239
e-28,1784538232620.612,1784538233635,1784538233762.0,1784538234851.511,1014.388,127.0,1089.511,,2230.899
e-29,1784538232668.2246,1784538233635,1784538233762.0,1784538234851.512,966.775,127.0,1089.512,,2183.287
e-30,1784538232718.2258,1784538233635,1784538233765.0,1784538234851.518,916.774,130.0,1086.518,,2133.292
e-31,1784538232768.2273,1784538233635,1784538233766.0,1784538234851.5679,866.773,131.0,1085.568,,2083.341
e-32,1784538232818.228,1784538233635,1784538233766.0,1784538234851.5684,816.772,131.0,1085.568,,2033.34
e-33,1784538232868.237,1784538233635,1784538233766.0,1784538234851.5688,766.763,131.0,1085.569,,1983.332
e-34,1784538232918.228,1784538233635,1784538233766.0,1784538234851.569,716.772,131.0,1085.569,,1933.341
e-35,1784538232968.2273,1784538233635,1784538233767.0,1784538234851.5742,666.773,132.0,1084.574,,1883.347
e-36,1784538233018.2297,1784538233635,1784538233767.0,1784538234851.5745,616.77,132.0,1084.574,,1833.345
e-37,1784538233068.229,1784538233635,1784538233767.0,1784538234851.5747,566.771,132.0,1084.575,,1783.346
e-38,1784538233118.2285,1784538233635,1784538233767.0,1784538234851.575,516.771,132.0,1084.575,,1733.346
e-39,1784538233168.232,1784538233635,1784538233767.0,1784538234851.5752,466.768,132.0,1084.575,,1683.343
e-40,1784538233218.227,1784538233635,1784538233767.0,1784538234851.5754,416.773,132.0,1084.575,,1633.348
e-41,1784538233268.2275,1784538233635,1784538233767.0,1784538234851.5964,366.772,132.0,1084.596,,1583.369
e-42,1784538233318.227,1784538233635,1784538233767.0,1784538234851.5967,316.773,132.0,1084.597,,1533.37
e-43,1784538233368.2302,1784538233635,1784538233767.0,1784538234851.5972,266.77,132.0,1084.597,,1483.367
e-44,1784538233418.2288,1784538233635,1784538233767.0,1784538234851.601,216.771,132.0,1084.601,,1433.372
e-45,1784538233468.2283,1784538233635,1784538233767.0,1784538234851.6016,166.772,132.0,1084.602,,1383.373
e-46,1784538233518.2314,1784538233635,1784538233767.0,1784538234851.626,116.769,132.0,1084.626,,1333.395
e-47,1784538233568.2268,1784538233635,1784538233767.0,1784538234851.6265,66.773,132.0,1084.626,,1283.4
e-48,1784538233618.2334,1784538234621,1784538234629.0,1784538234851.682,1002.767,8.0,222.682,,1233.448
e-49,1784538233668.2444,1784538234621,1784538234629.0,1784538234851.6824,952.756,8.0,222.682,,1183.438
e-50,1784538233718.233,1784538234621,1784538234629.0,1784538234851.6829,902.767,8.0,222.683,,1133.45
e-51,1784538233768.2415,1784538234621,1784538234629.0,1784538234851.683,852.759,8.0,222.683,,1083.442
e-52,1784538233818.2188,1784538234621,1784538234629.0,1784538234851.6833,802.781,8.0,222.683,,1033.465
e-53,1784538233868.2295,1784538234621,1784538234630.0,1784538234851.684,752.771,9.0,221.684,,983.455
e-54,1784538233918.2336,1784538234621,1784538234630.0,1784538234851.6846,702.766,9.0,221.685,,933.451
e-55,1784538233968.2336,1784538234621,1784538234630.0,1784538234851.6848,652.766,9.0,221.685,,883.451
e-56,1784538234018.2275,1784538234621,1784538234630.0,1784538234851.7307,602.772,9.0,221.731,,833.503
e-57,1784538234068.235,1784538234621,1784538234630.0,1784538234851.7314,552.765,9.0,221.731,,783.496
e-58,1784538234118.231,1784538234621,1784538234630.0,1784538234851.767,502.769,9.0,221.767,,733.536
e-59,1784538234168.2317,1784538234621,1784538234631.0,1784538234851.7678,452.768,10.0,220.768,,683.536
e-60,1784538234218.2236,1784538234621,1784538234631.0,1784538234851.7683,402.776,10.0,220.768,,633.545
e-61,1784538234268.2378,1784538234621,1784538234631.0,1784538234851.7742,352.762,10.0,220.774,,583.536
e-62,1784538234318.2266,1784538234621,1784538234631.0,1784538234851.7747,302.773,10.0,220.775,,533.548
e-63,1784538234368.236,1784538234621,1784538234631.0,1784538234851.862,252.764,10.0,220.862,,483.626
e-64,1784538234418.2332,1784538234621,1784538234631.0,1784538234851.867,202.767,10.0,220.867,,433.634
e-65,1784538234468.2227,1784538234621,1784538234631.0,1784538234851.8704,152.777,10.0,220.87,,383.648
e-66,1784538234518.2212,1784538234621,1784538234631.0,1784538234851.8708,102.779,10.0,220.871,,333.65
e-67,1784538234568.2246,1784538234621,1784538234631.0,1784538234851.871,52.775,10.0,220.871,,283.646
e-68,1784538234618.2366,1784538234621,1784538234632.0,1784538234851.8713,2.763,11.0,219.871,,233.635
e-69,1784538234668.2285,1784538235671,1784538235679.0,1784538236703.542,1002.771,8.0,1024.542,,2035.313
e-70,1784538234718.231,1784538235671,1784538235681.0,1784538236703.5447,952.769,10.0,1022.545,,1985.314
e-71,1784538234768.235,1784538235671,1784538235681.0,1784538236703.5454,902.765,10.0,1022.545,,1935.31
e-72,1784538234818.2336,1784538235671,1784538235681.0,1784538236703.546,852.766,10.0,1022.546,,1885.312
e-73,1784538234868.224,1784538235671,1784538235681.0,1784538236703.5464,802.776,10.0,1022.546,,1835.322
e-74,1784538234918.2292,1784538235671,1784538235681.0,1784538236703.5469,752.771,10.0,1022.547,,1785.318
e-75,1784538234968.2356,1784538235671,1784538235681.0,1784538236703.5474,702.764,10.0,1022.547,,1735.312
e-76,1784538235018.2322,1784538235671,1784538235681.0,1784538236704.0815,652.768,10.0,1023.082,,1685.849
e-77,1784538235068.2324,1784538235671,1784538235681.0,1784538236704.0854,602.768,10.0,1023.085,,1635.853
e-78,1784538235118.232,1784538235671,1784538235681.0,1784538236704.1052,552.768,10.0,1023.105,,1585.873
e-79,1784538235168.2366,1784538235671,1784538235681.0,1784538236704.106,502.763,10.0,1023.106,,1535.869
e-80,1784538235218.229,1784538235671,1784538235681.0,1784538236704.107,452.771,10.0,1023.107,,1485.878
e-81,1784538235268.2324,1784538235671,1784538235681.0,1784538236704.108,402.768,10.0,1023.108,,1435.875
e-82,1784538235318.231,1784538235671,1784538235681.0,1784538236704.1086,352.769,10.0,1023.109,,1385.878
e-83,1784538235368.2285,1784538235671,1784538235681.0,1784538236704.1145,302.771,10.0,1023.115,,1335.886
e-84,1784538235418.2314,1784538235671,1784538235681.0,1784538236704.1152,252.769,10.0,1023.115,,1285.884
e-85,1784538235468.2312,1784538235671,1784538235681.0,1784538236704.116,202.769,10.0,1023.116,,1235.885
e-86,1784538235518.2314,1784538235671,1784538235682.0,1784538236704.1167,152.769,11.0,1022.117,,1185.885
e-87,1784538235568.2366,1784538235671,1784538235682.0,1784538236704.1172,102.763,11.0,1022.117,,1135.881
e-88,1784538235618.2336,1784538235671,1784538235682.0,1784538236704.1182,52.766,11.0,1022.118,,1085.885
e-89,1784538235668.2278,1784538235671,1784538235682.0,1784538236704.1187,2.772,11.0,1022.119,,1035.891
e-90,1784538235718.228,1784538236721,1784538236727.0,1784538237792.2847,1002.772,6.0,1065.285,,2074.057
e-91,1784538235768.231,1784538236721,1784538236728.0,1784538237792.288,952.769,7.0,1064.288,,2024.057
e-92,1784538235818.235,1784538236721,1784538236728.0,1784538237792.2898,902.765,7.0,1064.29,,1974.055
e-93,1784538235868.2305,1784538236721,1784538236728.0,1784538237792.293,852.77,7.0,1064.293,,1924.062
e-94,1784538235918.2273,1784538236721,1784538236728.0,1784538237792.2942,802.773,7.0,1064.294,,1874.067
e-95,1784538235968.2378,1784538236721,1784538236728.0,1784538237792.295,752.762,7.0,1064.295,,1824.057
e-96,1784538236018.2285,1784538236721,1784538236728.0,1784538237792.2954,702.771,7.0,1064.295,,1774.067
e-97,1784538236068.2322,1784538236721,1784538236728.0,1784538237792.2964,652.768,7.0,1064.296,,1724.064
e-98,1784538236118.229,1784538236721,1784538236728.0,1784538237792.297,602.771,7.0,1064.297,,1674.068
e-99,1784538236168.232,1784538236721,1784538236728.0,1784538237792.3132,552.768,7.0,1064.313,,1624.081
e-100,1784538236218.2327,1784538236721,1784538236728.0,1784538237792.3186,502.767,7.0,1064.319,,1574.086
e-101,1784538236268.234,1784538236721,1784538236728.0,1784538237792.3193,452.766,7.0,1064.319,,1524.085
e-102,1784538236318.2288,1784538236721,1784538236728.0,1784538237792.3203,402.771,7.0,1064.32,,1474.092
e-103,1784538236368.2322,1784538236721,1784538236728.0,1784538237792.321,352.768,7.0,1064.321,,1424.089
e-104,1784538236418.2285,1784538236721,1784538236728.0,1784538237792.3218,302.771,7.0,1064.322,,1374.093
e-105,1784538236468.2297,1784538236721,1784538236729.0,1784538237792.3225,252.77,8.0,1063.323,,1324.093
e-106,1784538236518.2307,1784538236721,1784538236729.0,1784538237792.3232,202.769,8.0,1063.323,,1274.093
e-107,1784538236568.2307,1784538236721,1784538236729.0,1784538237792.324,152.769,8.0,1063.324,,1224.093
e-108,1784538236618.2354,1784538236721,1784538236729.0,1784538237792.3247,102.765,8.0,1063.325,,1174.089
e-109,1784538236668.238,1784538236721,1784538236729.0,1784538237792.3257,52.762,8.0,1063.326,,1124.088
e-110,1784538236718.236,1784538236721,1784538236729.0,1784538237792.3264,2.764,8.0,1063.326,,1074.09
e-111,1784538236768.23,1784538237771,1784538237783.0,1784538238800.8684,1002.77,12.0,1017.868,,2032.638
e-112,1784538236818.2268,1784538237771,1784538237783.0,1784538238800.8708,952.773,12.0,1017.871,,1982.644
e-113,1784538236868.2273,1784538237771,1784538237783.0,1784538238800.8716,902.773,12.0,1017.872,,1932.644
e-114,1784538236918.23,1784538237771,1784538237783.0,1784538238800.872,852.77,12.0,1017.872,,1882.642
e-115,1784538236968.2246,1784538237771,1784538237784.0,1784538238800.8772,802.775,13.0,1016.877,,1832.653
e-116,1784538237018.2295,1784538237771,1784538237784.0,1784538238800.8782,752.771,13.0,1016.878,,1782.649
e-117,1784538237068.2278,1784538237771,1784538237784.0,1784538238800.879,702.772,13.0,1016.879,,1732.651
e-118,1784538237118.2307,1784538237771,1784538237784.0,1784538238800.8796,652.769,13.0,1016.88,,1682.649
e-119,1784538237168.2275,1784538237771,1784538237784.0,1784538238800.8801,602.772,13.0,1016.88,,1632.653
e-120,1784538237218.2332,1784538237771,1784538237784.0,1784538238800.893,552.767,13.0,1016.893,,1582.66
e-121,1784538237268.2256,1784538237771,1784538237784.0,1784538238800.8938,502.774,13.0,1016.894,,1532.668
e-122,1784538237318.2283,1784538237771,1784538237784.0,1784538238800.8945,452.772,13.0,1016.895,,1482.666
e-123,1784538237368.2275,1784538237771,1784538237784.0,1784538238800.8953,402.772,13.0,1016.895,,1432.668
e-124,1784538237418.2356,1784538237771,1784538237784.0,1784538238800.8958,352.764,13.0,1016.896,,1382.66
e-125,1784538237468.2327,1784538237771,1784538237784.0,1784538238800.8965,302.767,13.0,1016.896,,1332.664
e-126,1784538237518.231,1784538237771,1784538237785.0,1784538238800.902,252.769,14.0,1015.902,,1282.671
e-127,1784538237568.2336,1784538237771,1784538237785.0,1784538238800.918,202.766,14.0,1015.918,,1232.684
e-128,1784538237618.2312,1784538237771,1784538237785.0,1784538238800.9185,152.769,14.0,1015.918,,1182.687
e-129,1784538237668.2292,1784538237771,1784538237785.0,1784538238800.92,102.771,14.0,1015.92,,1132.691
e-130,1784538237718.231,1784538237771,1784538237785.0,1784538238800.9204,52.769,14.0,1015.92,,1082.689
e-131,1784538237768.232,1784538237771,1784538237785.0,1784538238800.921,2.768,14.0,1015.921,,1032.689
e-132,1784538237818.2288,1784538238821,1784538238827.0,1784538239679.7422,1002.771,6.0,852.742,,1861.513
e-133,1784538237868.228,1784538238821,1784538238827.0,1784538239679.7449,952.772,6.0,852.745,,1811.517
e-134,1784538237918.2288,1784538238821,1784538238827.0,1784538239679.7454,902.771,6.0,852.745,,1761.517
e-135,1784538237968.2368,1784538238821,1784538238828.0,1784538239679.7458,852.763,7.0,851.746,,1711.509
e-136,1784538238018.2239,1784538238821,1784538238828.0,1784538239679.746,802.776,7.0,851.746,,1661.522
e-137,1784538238068.2246,1784538238821,1784538238828.0,1784538239679.7463,752.775,7.0,851.746,,1611.522
e-138,1784538238118.225,1784538238821,1784538238828.0,1784538239679.7466,702.775,7.0,851.747,,1561.521
e-139,1784538238168.2322,1784538238821,1784538238828.0,1784538239679.7468,652.768,7.0,851.747,,1511.515
e-140,1784538238218.2368,1784538238821,1784538238828.0,1784538239679.747,602.763,7.0,851.747,,1461.51
e-141,1784538238268.2334,1784538238821,1784538238828.0,1784538239679.7473,552.767,7.0,851.747,,1411.514
e-142,1784538238318.228,1784538238821,1784538238828.0,1784538239679.7576,502.772,7.0,851.758,,1361.53
e-143,1784538238368.2292,1784538238821,1784538238829.0,1784538239679.7578,452.771,8.0,850.758,,1311.529
e-144,1784538238418.2295,1784538238821,1784538238829.0,1784538239679.758,402.771,8.0,850.758,,1261.529
e-145,1784538238468.232,1784538238821,1784538238829.0,1784538239679.7583,352.768,8.0,850.758,,1211.526
e-146,1784538238518.2239,1784538238821,1784538238829.0,1784538239679.7585,302.776,8.0,850.759,,1161.535
e-147,1784538238568.224,1784538238821,1784538238829.0,1784538239679.761,252.776,8.0,850.761,,1111.537
e-148,1784538238618.2249,1784538238821,1784538238829.0,1784538239679.7717,202.775,8.0,850.772,,1061.547
e-149,1784538238668.2327,1784538238821,1784538238829.0,1784538239679.7732,152.767,8.0,850.773,,1011.541
e-150,1784538238718.2322,1784538238821,1784538238829.0,1784538239679.7734,102.768,8.0,850.773,,961.541
e-151,1784538238768.2297,1784538238821,1784538238829.0,1784538239679.7737,52.77,8.0,850.774,,911.544
e-152,1784538238818.2273,1784538238821,1784538238830.0,1784538239679.774,2.773,9.0,849.774,,861.547
e-153,1784538238868.2292,1784538239870,1784538239876.0,1784538240681.9556,1001.771,6.0,805.956,,1813.726
e-154,1784538238918.2231,1784538239870,1784538239876.0,1784538240681.9592,951.777,6.0,805.959,,1763.736
e-155,1784538238968.2314,1784538239870,1784538239876.0,1784538240681.9604,901.769,6.0,805.96,,1713.729
e-156,1784538239018.2317,1784538239870,1784538239876.0,1784538240681.9612,851.768,6.0,805.961,,1663.729
e-157,1784538239068.2239,1784538239870,1784538239877.0,1784538240681.9614,801.776,7.0,804.961,,1613.738
e-158,1784538239118.229,1784538239870,1784538239877.0,1784538240681.9622,751.771,7.0,804.962,,1563.733
e-159,1784538239168.2266,1784538239870,1784538239877.0,1784538240681.963,701.773,7.0,804.963,,1513.736
e-160,1784538239218.2283,1784538239870,1784538239877.0,1784538240681.9636,651.772,7.0,804.964,,1463.735
e-161,1784538239268.2324,1784538239870,1784538239877.0,1784538240681.9644,601.768,7.0,804.964,,1413.732
e-162,1784538239318.2295,1784538239870,1784538239877.0,1784538240681.9802,551.771,7.0,804.98,,1363.751
e-163,1784538239368.2317,1784538239870,1784538239877.0,1784538240681.9946,501.768,7.0,804.995,,1313.763
e-164,1784538239418.2349,1784538239870,1784538239877.0,1784538240681.9956,451.765,7.0,804.996,,1263.761
e-165,1784538239468.2483,1784538239870,1784538239877.0,1784538240681.996,401.752,7.0,804.996,,1213.748
e-166,1784538239518.2373,1784538239870,1784538239877.0,1784538240681.9968,351.763,7.0,804.997,,1163.76
e-167,1784538239568.2341,1784538239870,1784538239877.0,1784538240681.9973,301.766,7.0,804.997,,1113.763
e-168,1784538239618.2317,1784538239870,1784538239878.0,1784538240681.998,251.768,8.0,803.998,,1063.766
e-169,1784538239668.2268,1784538239870,1784538239878.0,1784538240681.9985,201.773,8.0,803.999,,1013.772
e-170,1784538239718.2358,1784538239870,1784538239878.0,1784538240682.0264,151.764,8.0,804.026,,963.791
e-171,1784538239768.2295,1784538239870,1784538239878.0,1784538240682.0273,101.771,8.0,804.027,,913.798
e-172,1784538239818.2266,1784538239870,1784538239878.0,1784538240682.0278,51.773,8.0,804.028,,863.801
e-173,1784538239868.2292,1784538239870,1784538239878.0,1784538240682.0776,1.771,8.0,804.078,,813.848
e-174,1784538239918.2283,1784538240921,1784538240927.0,1784538241784.6997,1002.772,6.0,857.7,,1866.471
e-175,1784538239968.244,1784538240921,1784538240927.0,1784538241784.7024,952.756,6.0,857.702,,1816.458
e-176,1784538240018.235,1784538240921,1784538240927.0,1784538241784.7031,902.765,6.0,857.703,,1766.468
e-177,1784538240068.232,1784538240921,1784538240927.0,1784538241784.7039,852.768,6.0,857.704,,1716.472
e-178,1784538240118.222,1784538240921,1784538240928.0,1784538241784.7043,802.778,7.0,856.704,,1666.482
e-179,1784538240168.2305,1784538240921,1784538240928.0,1784538241784.7046,752.77,7.0,856.705,,1616.474
e-180,1784538240218.2302,1784538240921,1784538240928.0,1784538241784.705,702.77,7.0,856.705,,1566.475
e-181,1784538240268.2324,1784538240921,1784538240928.0,1784538241784.7056,652.768,7.0,856.706,,1516.473
e-182,1784538240318.2427,1784538240921,1784538240928.0,1784538241784.706,602.757,7.0,856.706,,1466.463
e-183,1784538240368.239,1784538240921,1784538240928.0,1784538241784.7065,552.761,7.0,856.707,,1416.468
e-184,1784538240418.2317,1784538240921,1784538240928.0,1784538241784.719,502.768,7.0,856.719,,1366.487
e-185,1784538240468.2327,1784538240921,1784538240928.0,1784538241784.737,452.767,7.0,856.737,,1316.504
e-186,1784538240518.2295,1784538240921,1784538240928.0,1784538241784.7375,402.771,7.0,856.738,,1266.508
e-187,1784538240568.2278,1784538240921,1784538240929.0,1784538241784.738,352.772,8.0,855.738,,1216.51
e-188,1784538240618.2231,1784538240921,1784538240929.0,1784538241784.7385,302.777,8.0,855.739,,1166.515
e-189,1784538240668.226,1784538240921,1784538240929.0,1784538241784.739,252.774,8.0,855.739,,1116.513
e-190,1784538240718.2268,1784538240921,1784538240929.0,1784538241784.7395,202.773,8.0,855.74,,1066.513
e-191,1784538240768.2305,1784538240921,1784538240929.0,1784538241784.7449,152.77,8.0,855.745,,1016.514
e-192,1784538240818.227,1784538240921,1784538240929.0,1784538241784.7454,102.773,8.0,855.745,,966.518
e-193,1784538240868.2314,1784538240921,1784538240929.0,1784538241784.7456,52.769,8.0,855.746,,916.514
e-194,1784538240918.2334,1784538240921,1784538240929.0,1784538241784.746,2.767,8.0,855.746,,866.513
e-195,1784538240968.229,1784538241970,1784538241976.0,1784538242690.5564,1001.771,6.0,714.556,,1722.327
e-196,1784538241018.2292,1784538241970,1784538241977.0,1784538242690.5608,951.771,7.0,713.561,,1672.332
e-197,1784538241068.2285,1784538241970,1784538241977.0,1784538242690.562,901.771,7.0,713.562,,1622.333
e-198,1784538241118.2268,1784538241970,1784538241977.0,1784538242690.5632,851.773,7.0,713.563,,1572.336
e-199,1784538241168.2292,1784538241970,1784538241977.0,1784538242690.5642,801.771,7.0,713.564,,1522.335
e-200,1784538241218.226,1784538241970,1784538241977.0,1784538242690.5652,751.774,7.0,713.565,,1472.339
e-201,1784538241268.235,1784538241970,1784538241977.0,1784538242690.5688,701.765,7.0,713.569,,1422.334
e-202,1784538241318.2305,1784538241970,1784538241977.0,1784538242690.5698,651.77,7.0,713.57,,1372.339
e-203,1784538241368.2373,1784538241970,1784538241977.0,1784538242690.571,601.763,7.0,713.571,,1322.334
e-204,1784538241418.2344,1784538241970,1784538241977.0,1784538242690.572,551.766,7.0,713.572,,1272.338
e-205,1784538241468.2366,1784538241970,1784538241978.0,1784538242690.5881,501.763,8.0,712.588,,1222.352
e-206,1784538241518.2246,1784538241970,1784538241978.0,1784538242690.589,451.775,8.0,712.589,,1172.365
e-207,1784538241568.2273,1784538241970,1784538241978.0,1784538242690.5898,401.773,8.0,712.59,,1122.363
e-208,1784538241618.2344,1784538241970,1784538241978.0,1784538242690.591,351.766,8.0,712.591,,1072.357
e-209,1784538241668.2314,1784538241970,1784538241978.0,1784538242690.5918,301.769,8.0,712.592,,1022.36
e-210,1784538241718.231,1784538241970,1784538241978.0,1784538242690.5928,251.769,8.0,712.593,,972.362
e-211,1784538241768.2373,1784538241970,1784538241978.0,1784538242690.594,201.763,8.0,712.594,,922.357
e-212,1784538241818.228,1784538241970,1784538241978.0,1784538242690.595,151.772,8.0,712.595,,872.367
e-213,1784538241868.2295,1784538241970,1784538241978.0,1784538242690.5957,101.771,8.0,712.596,,822.366
e-214,1784538241918.2283,1784538241970,1784538241978.0,1784538242690.5967,51.772,8.0,712.597,,772.368
e-215,1784538241968.231,1784538241970,1784538241978.0,1784538242691.0989,1.769,8.0,713.099,,722.868
e-216,1784538242018.2395,1784538243021,1784538243027.0,1784538243781.7312,1002.76,6.0,754.731,,1763.492
e-217,1784538242068.2368,1784538243021,1784538243028.0,1784538243781.7336,952.763,7.0,753.734,,1713.497
e-218,1784538242118.2402,1784538243021,1784538243028.0,1784538243781.7344,902.76,7.0,753.734,,1663.494
e-219,1784538242168.231,1784538243021,1784538243028.0,1784538243781.7349,852.769,7.0,753.735,,1613.504
e-220,1784538242218.2266,1784538243021,1784538243028.0,1784538243781.7354,802.773,7.0,753.735,,1563.509
e-221,1784538242268.2244,1784538243021,1784538243028.0,1784538243781.736,752.776,7.0,753.736,,1513.512
e-222,1784538242318.537,1784538243021,1784538243028.0,1784538243781.7363,702.463,7.0,753.736,,1463.199
e-223,1784538242368.229,1784538243021,1784538243028.0,1784538243781.7368,652.771,7.0,753.737,,1413.508
e-224,1784538242418.2322,1784538243021,1784538243028.0,1784538243781.7373,602.768,7.0,753.737,,1363.505
e-225,1784538242468.231,1784538243021,1784538243028.0,1784538243781.7378,552.769,7.0,753.738,,1313.507
e-226,1784538242518.2314,1784538243021,1784538243028.0,1784538243781.7383,502.769,7.0,753.738,,1263.507
e-227,1784538242568.235,1784538243021,1784538243028.0,1784538243781.751,452.765,7.0,753.751,,1213.516
e-228,1784538242618.2283,1784538243021,1784538243028.0,1784538243781.7517,402.772,7.0,753.752,,1163.523
e-229,1784538242668.237,1784538243021,1784538243028.0,1784538243781.7693,352.763,7.0,753.769,,1113.532
e-230,1784538242718.2554,1784538243021,1784538243029.0,1784538243781.7698,302.745,8.0,752.77,,1063.514
e-231,1784538242768.2324,1784538243021,1784538243029.0,1784538243781.7703,252.768,8.0,752.77,,1013.538
e-232,1784538242818.2307,1784538243021,1784538243029.0,1784538243781.7708,202.769,8.0,752.771,,963.54
e-233,1784538242868.231,1784538243021,1784538243029.0,1784538243781.7727,152.769,8.0,752.773,,913.542
e-234,1784538242918.23,1784538243021,1784538243029.0,1784538243781.7732,102.77,8.0,752.773,,863.543
e-235,1784538242968.2288,1784538243021,1784538243029.0,1784538243781.7737,52.771,8.0,752.774,,813.545
e-236,1784538243018.2324,1784538243021,1784538243029.0,1784538243781.7742,2.768,8.0,752.774,,763.542
e-237,1784538243068.2305,1784538244070,1784538244075.0,1784538244782.0784,1001.77,5.0,707.078,,1713.848
e-238,1784538243118.2266,1784538244070,1784538244076.0,1784538244782.08,951.773,6.0,706.08,,1663.854
e-239,1784538243168.227,1784538244070,1784538244076.0,1784538244782.0803,901.773,6.0,706.08,,1613.853
e-240,1784538243218.2263,1784538244070,1784538244076.0,1784538244782.0808,851.774,6.0,706.081,,1563.854
e-241,1784538243268.2295,1784538244070,1784538244076.0,1784538244782.0813,801.771,6.0,706.081,,1513.852
e-242,1784538243318.23,1784538244070,1784538244076.0,1784538244782.0815,751.77,6.0,706.082,,1463.852
e-243,1784538243368.2278,1784538244070,1784538244076.0,1784538244782.0823,701.772,6.0,706.082,,1413.854
e-244,1784538243418.2256,1784538244070,1784538244076.0,1784538244782.0825,651.774,6.0,706.083,,1363.857
e-245,1784538243468.2292,1784538244070,1784538244076.0,1784538244782.083,601.771,6.0,706.083,,1313.854
e-246,1784538243518.2275,1784538244070,1784538244076.0,1784538244782.0833,551.772,6.0,706.083,,1263.856
e-247,1784538243568.227,1784538244070,1784538244077.0,1784538244782.0837,501.773,7.0,705.084,,1213.857
e-248,1784538243618.2297,1784538244070,1784538244077.0,1784538244782.095,451.77,7.0,705.095,,1163.865
e-249,1784538243668.2292,1784538244070,1784538244077.0,1784538244782.0955,401.771,7.0,705.095,,1113.866
e-250,1784538243718.233,1784538244070,1784538244077.0,1784538244782.096,351.767,7.0,705.096,,1063.863
e-251,1784538243768.2273,1784538244070,1784538244077.0,1784538244782.0962,301.773,7.0,705.096,,1013.869
e-252,1784538243818.2349,1784538244070,1784538244077.0,1784538244782.0964,251.765,7.0,705.096,,963.862
e-253,1784538243868.2275,1784538244070,1784538244077.0,1784538244782.097,201.772,7.0,705.097,,913.869
e-254,1784538243918.2302,1784538244070,1784538244077.0,1784538244782.0972,151.77,7.0,705.097,,863.867
e-255,1784538243968.2275,1784538244070,1784538244077.0,1784538244782.1167,101.772,7.0,705.117,,813.889
e-256,1784538244018.2349,1784538244070,1784538244077.0,1784538244782.1172,51.765,7.0,705.117,,763.882
e-257,1784538244068.2266,1784538244070,1784538244077.0,1784538244782.1174,1.773,7.0,705.117,,713.891
e-258,1784538244118.2273,1784538245120,1784538245125.0,1784538245776.8447,1001.773,5.0,651.845,,1658.617
e-259,1784538244168.2273,1784538245120,1784538245126.0,1784538245776.8481,951.773,6.0,650.848,,1608.621
e-260,1784538244218.2273,1784538245120,1784538245126.0,1784538245776.8494,901.773,6.0,650.849,,1558.622
e-261,1784538244268.2285,1784538245120,1784538245126.0,1784538245776.85,851.771,6.0,650.85,,1508.622
e-262,1784538244318.2278,1784538245120,1784538245126.0,1784538245776.8508,801.772,6.0,650.851,,1458.623
e-263,1784538244368.2246,1784538245120,1784538245126.0,1784538245776.8518,751.775,6.0,650.852,,1408.627
e-264,1784538244418.2278,1784538245120,1784538245126.0,1784538245776.8523,701.772,6.0,650.852,,1358.625
e-265,1784538244468.2202,1784538245120,1784538245126.0,1784538245776.8533,651.78,6.0,650.853,,1308.633
e-266,1784538244518.2249,1784538245120,1784538245126.0,1784538245776.854,601.775,6.0,650.854,,1258.629
e-267,1784538244568.225,1784538245120,1784538245126.0,1784538245776.8545,551.775,6.0,650.854,,1208.629
e-268,1784538244618.2256,1784538245120,1784538245126.0,1784538245776.8552,501.774,6.0,650.855,,1158.63
e-269,1784538244669.54,1784538245120,1784538245126.0,1784538245776.8704,450.46,6.0,650.87,,1107.33
e-270,1784538244718.2332,1784538245120,1784538245126.0,1784538245776.8713,401.767,6.0,650.871,,1058.638
e-271,1784538244768.2317,1784538245120,1784538245126.0,1784538245776.872,351.768,6.0,650.872,,1008.64
e-272,1784538244818.2236,1784538245120,1784538245127.0,1784538245776.8728,301.776,7.0,649.873,,958.649
e-273,1784538244868.232,1784538245120,1784538245127.0,1784538245776.8735,251.768,7.0,649.874,,908.642
e-274,1784538244918.2288,1784538245120,1784538245127.0,1784538245776.874,201.771,7.0,649.874,,858.645
e-275,1784538244968.2292,1784538245120,1784538245127.0,1784538245776.8748,151.771,7.0,649.875,,808.646
e-276,1784538245018.228,1784538245120,1784538245127.0,1784538245777.0696,101.772,7.0,650.07,,758.842
e-277,1784538245068.2302,1784538245120,1784538245127.0,1784538245777.071,51.77,7.0,650.071,,708.841
e-278,1784538245118.2334,1784538245120,1784538245127.0,1784538245777.0715,1.767,7.0,650.072,,658.838
e-279,1784538245168.23,1784538246171,1784538246180.0,1784538246790.7354,1002.77,9.0,610.735,,1622.505
e-280,1784538245218.224,1784538246171,1784538246180.0,1784538246790.7385,952.776,9.0,610.739,,1572.514
e-281,1784538245268.2422,1784538246171,1784538246181.0,1784538246790.739,902.758,10.0,609.739,,1522.497
e-282,1784538245318.234,1784538246171,1784538246181.0,1784538246790.7393,852.766,10.0,609.739,,1472.505
e-283,1784538245368.2373,1784538246171,1784538246181.0,1784538246790.7395,802.763,10.0,609.74,,1422.502
e-284,1784538245418.24,1784538246171,1784538246181.0,1784538246790.7397,752.76,10.0,609.74,,1372.5
e-285,1784538245468.2288,1784538246171,1784538246181.0,1784538246790.748,702.771,10.0,609.748,,1322.519
e-286,1784538245518.23,1784538246171,1784538246181.0,1784538246790.7483,652.77,10.0,609.748,,1272.518
e-287,1784538245568.2324,1784538246171,1784538246181.0,1784538246790.7485,602.768,10.0,609.749,,1222.516
e-288,1784538245618.2288,1784538246171,1784538246181.0,1784538246790.749,552.771,10.0,609.749,,1172.52
e-289,1784538245669.0532,1784538246171,1784538246181.0,1784538246790.7493,501.947,10.0,609.749,,1121.696
e-290,1784538245718.2275,1784538246171,1784538246181.0,1784538246790.7515,452.772,10.0,609.751,,1072.524
e-291,1784538245768.236,1784538246171,1784538246181.0,1784538246790.7517,402.764,10.0,609.752,,1022.516
e-292,1784538245818.228,1784538246171,1784538246181.0,1784538246790.752,352.772,10.0,609.752,,972.524
e-293,1784538245868.2332,1784538246171,1784538246181.0,1784538246790.7522,302.767,10.0,609.752,,922.519
e-294,1784538245918.2273,1784538246171,1784538246182.0,1784538246790.7524,252.773,11.0,608.752,,872.525
e-295,1784538245968.2358,1784538246171,1784538246182.0,1784538246790.7527,202.764,11.0,608.753,,822.517
e-296,1784538246018.2332,1784538246171,1784538246182.0,1784538246790.753,152.767,11.0,608.753,,772.52
e-297,1784538246068.237,1784538246171,1784538246182.0,1784538246790.7532,102.763,11.0,608.753,,722.516
e-298,1784538246118.2275,1784538246171,1784538246182.0,1784538246790.7537,52.772,11.0,608.754,,672.526
e-299,1784538246169.2507,1784538246171,1784538246182.0,1784538246790.7537,1.749,11.0,608.754,,621.503
e-300,1784538246218.2283,1784538247220,1784538247225.0,1784538247779.9507,1001.772,5.0,554.951,,1561.722
e-301,1784538246268.229,1784538247220,1784538247225.0,1784538247779.954,951.771,5.0,554.954,,1511.725
e-302,1784538246318.2278,1784538247220,1784538247225.0,1784538247779.955,901.772,5.0,554.955,,1461.727
e-303,1784538246368.2283,1784538247220,1784538247225.0,1784538247779.9556,851.772,5.0,554.956,,1411.727
e-304,1784538246418.226,1784538247220,1784538247225.0,1784538247779.956,801.774,5.0,554.956,,1361.73
e-305,1784538246469.742,1784538247220,1784538247226.0,1784538247779.9568,750.258,6.0,553.957,,1310.215
e-306,1784538246518.233,1784538247220,1784538247226.0,1784538247779.9573,701.767,6.0,553.957,,1261.724
e-307,1784538246568.2332,1784538247220,1784538247226.0,1784538247779.9578,651.767,6.0,553.958,,1211.725
e-308,1784538246618.2249,1784538247220,1784538247226.0,1784538247779.9583,601.775,6.0,553.958,,1161.733
e-309,1784538246668.2268,1784538247220,1784538247226.0,1784538247779.9604,551.773,6.0,553.96,,1111.734
e-310,1784538246718.2444,1784538247220,1784538247226.0,1784538247780.05,501.756,6.0,554.05,,1061.806
e-311,1784538246768.2395,1784538247220,1784538247226.0,1784538247780.0508,451.76,6.0,554.051,,1011.811
e-312,1784538246818.2227,1784538247220,1784538247226.0,1784538247780.0789,401.777,6.0,554.079,,961.856
e-313,1784538246868.225,1784538247220,1784538247226.0,1784538247780.0796,351.775,6.0,554.08,,911.854
e-314,1784538246918.2278,1784538247220,1784538247226.0,1784538247780.08,301.772,6.0,554.08,,861.852
e-315,1784538246968.2317,1784538247220,1784538247226.0,1784538247780.0806,251.768,6.0,554.081,,811.849
e-316,1784538247018.226,1784538247220,1784538247226.0,1784538247780.081,201.774,6.0,554.081,,761.855
e-317,1784538247068.2283,1784538247220,1784538247226.0,1784538247780.0818,151.772,6.0,554.082,,711.854
e-318,1784538247118.228,1784538247220,1784538247227.0,1784538247780.0823,101.772,7.0,553.082,,661.854
e-319,1784538247168.237,1784538247220,1784538247227.0,1784538247780.0828,51.763,7.0,553.083,,611.846
e-320,1784538247218.2292,1784538247220,1784538247227.0,1784538247780.0833,1.771,7.0,553.083,,561.854
e-321,1784538247268.2402,1784538248271,1784538248276.0,1784538248677.7522,1002.76,5.0,401.752,,1409.512
e-322,1784538247318.2288,1784538248271,1784538248276.0,1784538248677.7556,952.771,5.0,401.756,,1359.527
e-323,1784538247368.2314,1784538248271,1784538248276.0,1784538248677.7563,902.769,5.0,401.756,,1309.525
e-324,1784538247418.2305,1784538248271,1784538248277.0,1784538248677.757,852.77,6.0,400.757,,1259.527
e-325,1784538247468.224,1784538248271,1784538248277.0,1784538248677.7578,802.776,6.0,400.758,,1209.534
e-326,1784538247518.2227,1784538248271,1784538248277.0,1784538248677.7588,752.777,6.0,400.759,,1159.536
e-327,1784538247568.2302,1784538248271,1784538248277.0,1784538248677.7595,702.77,6.0,400.76,,1109.529
e-328,1784538247618.2336,1784538248271,1784538248277.0,1784538248677.7603,652.766,6.0,400.76,,1059.527
e-329,1784538247668.227,1784538248271,1784538248277.0,1784538248677.761,602.773,6.0,400.761,,1009.534
e-330,1784538247718.2268,1784538248271,1784538248277.0,1784538248677.7617,552.773,6.0,400.762,,959.535
e-331,1784538247768.235,1784538248271,1784538248277.0,1784538248677.7625,502.765,6.0,400.762,,909.527
e-332,1784538247818.2363,1784538248271,1784538248277.0,1784538248677.763,452.764,6.0,400.763,,859.527
e-333,1784538247868.2275,1784538248271,1784538248277.0,1784538248677.7754,402.772,6.0,400.775,,809.548
e-334,1784538247918.2258,1784538248271,1784538248277.0,1784538248677.776,352.774,6.0,400.776,,759.55
e-335,1784538247968.226,1784538248271,1784538248277.0,1784538248677.7764,302.774,6.0,400.776,,709.55
e-336,1784538248018.2266,1784538248271,1784538248278.0,1784538248677.7769,252.773,7.0,399.777,,659.55
e-337,1784538248068.2307,1784538248271,1784538248278.0,1784538248677.7927,202.769,7.0,399.793,,609.562
e-338,1784538248118.2288,1784538248271,1784538248278.0,1784538248677.7932,152.771,7.0,399.793,,559.564
e-339,1784538248168.2266,1784538248271,1784538248278.0,1784538248677.7937,102.773,7.0,399.794,,509.567
e-340,1784538248218.2266,1784538248271,1784538248278.0,1784538248677.7942,52.773,7.0,399.794,,459.568
e-341,1784538248268.2324,1784538248271,1784538248278.0,1784538248677.7947,2.768,7.0,399.795,,409.562
e-342,1784538248318.228,1784538249321,1784538259545.0,1784538260042.3655,1002.772,10224.0,497.365,,11724.137
e-343,1784538248368.2258,1784538249321,1784538259558.0,1784538260042.3684,952.774,10237.0,484.368,,11674.143
e-344,1784538248418.2288,1784538249321,1784538259558.0,1784538260042.3691,902.771,10237.0,484.369,,11624.14
e-345,1784538248468.222,1784538249321,1784538259558.0,1784538260042.3694,852.778,10237.0,484.369,,11574.147
e-346,1784538248518.2253,1784538249321,1784538259558.0,1784538260042.3699,802.775,10237.0,484.37,,11524.145
e-347,1784538248568.226,1784538249321,1784538259558.0,1784538260042.3704,752.774,10237.0,484.37,,11474.144
e-348,1784538248618.2283,1784538249321,1784538259558.0,1784538260042.3706,702.772,10237.0,484.371,,11424.142
e-349,1784538248668.269,1784538249321,1784538259558.0,1784538260042.3909,652.731,10237.0,484.391,,11374.122
e-350,1784538248718.2292,1784538249321,1784538259558.0,1784538260042.391,602.771,10237.0,484.391,,11324.162
e-351,1784538248768.2244,1784538249321,1784538259558.0,1784538260042.3916,552.776,10237.0,484.392,,11274.167
e-352,1784538248818.2244,1784538249321,1784538259558.0,1784538260042.3918,502.776,10237.0,484.392,,11224.167
e-353,1784538248868.228,1784538249321,1784538259559.0,1784538260042.3936,452.772,10238.0,483.394,,11174.166
e-354,1784538248918.2349,1784538249321,1784538259559.0,1784538260042.397,402.765,10238.0,483.397,,11124.162
e-355,1784538248968.2288,1784538249321,1784538259559.0,1784538260042.3975,352.771,10238.0,483.397,,11074.169
e-356,1784538249018.2239,1784538249321,1784538259559.0,1784538260042.3977,302.776,10238.0,483.398,,11024.174
e-357,1784538249068.2324,1784538249321,1784538259559.0,1784538260042.398,252.768,10238.0,483.398,,10974.166
e-358,1784538249118.2278,1784538249321,1784538259559.0,1784538260042.3982,202.772,10238.0,483.398,,10924.17
e-359,1784538249168.2278,1784538249321,1784538259559.0,1784538260042.3987,152.772,10238.0,483.399,,10874.171
e-360,1784538249218.227,1784538249321,1784538259559.0,1784538260042.399,102.773,10238.0,483.399,,10824.172
e-361,1784538249268.2087,1784538249321,1784538259559.0,1784538260042.3994,52.791,10238.0,483.399,,10774.191
e-362,1784538249318.231,1784538249321,1784538259559.0,1784538260042.3997,2.769,10238.0,483.4,,10724.169
e-363,1784538249368.2266,1784538250371,1784538259559.0,1784538260042.4001,1002.773,9188.0,483.4,,10674.174
e-364,1784538249418.2214,1784538250371,1784538259559.0,1784538260042.4004,952.779,9188.0,483.4,,10624.179
e-365,1784538249468.223,1784538250371,1784538259559.0,1784538260042.4006,902.777,9188.0,483.401,,10574.178
e-366,1784538249518.228,1784538250371,1784538259559.0,1784538260042.4011,852.772,9188.0,483.401,,10524.173
e-367,1784538249568.2322,1784538250371,1784538259560.0,1784538260042.4922,802.768,9189.0,482.492,,10474.26
e-368,1784538249618.368,1784538250371,1784538259560.0,1784538260042.495,752.632,9189.0,482.495,,10424.127
e-369,1784538249668.2354,1784538250371,1784538259560.0,1784538260042.5234,702.765,9189.0,482.523,,10374.288
e-370,1784538249718.2341,1784538250371,1784538259560.0,1784538260042.5242,652.766,9189.0,482.524,,10324.29
e-371,1784538249768.2444,1784538250371,1784538259560.0,1784538260042.525,602.756,9189.0,482.525,,10274.281
e-372,1784538249818.2432,1784538250371,1784538259560.0,1784538260042.5767,552.757,9189.0,482.577,,10224.333
e-373,1784538249868.2253,1784538250371,1784538259584.0,1784538260042.578,502.775,9213.0,458.578,,10174.353
e-374,1784538249918.234,1784538250371,1784538259584.0,1784538260042.5784,452.766,9213.0,458.578,,10124.344
e-375,1784538249968.2278,1784538250371,1784538259585.0,1784538260042.589,402.772,9214.0,457.589,,10074.361
e-376,1784538250018.2468,1784538250371,1784538259586.0,1784538260042.5898,352.753,9215.0,456.59,,10024.343
e-377,1784538250068.2324,1784538250371,1784538259586.0,1784538260042.5903,302.768,9215.0,456.59,,9974.358
e-378,1784538250118.682,1784538250371,1784538259586.0,1784538260042.5906,252.318,9215.0,456.591,,9923.909
e-379,1784538250168.2363,1784538250371,1784538259586.0,1784538260043.1145,202.764,9215.0,457.115,,9874.878
e-380,1784538250218.2292,1784538250371,1784538259586.0,1784538260043.116,152.771,9215.0,457.116,,9824.887
e-381,1784538250268.2297,1784538250371,1784538259586.0,1784538260043.121,102.77,9215.0,457.121,,9774.891
e-382,1784538250318.228,1784538250371,1784538259586.0,1784538260043.1216,52.772,9215.0,457.122,,9724.894
e-383,1784538250368.238,1784538250371,1784538259586.0,1784538260043.1223,2.762,9215.0,457.122,,9674.884
e-384,1784538250418.2373,1784538251420,1784538259586.0,1784538260043.1228,1001.763,8166.0,457.123,,9624.885
e-385,1784538250468.2275,1784538251420,1784538259587.0,1784538260043.1235,951.772,8167.0,456.124,,9574.896
e-386,1784538250518.2288,1784538251420,1784538259587.0,1784538260043.124,901.771,8167.0,456.124,,9524.895
e-387,1784538250568.2295,1784538251420,1784538259587.0,1784538260043.1248,851.771,8167.0,456.125,,9474.895
e-388,1784538250618.2246,1784538251420,1784538259587.0,1784538260043.1252,801.775,8167.0,456.125,,9424.901
e-389,1784538250668.228,1784538251420,1784538259587.0,1784538260043.1257,751.772,8167.0,456.126,,9374.898
e-390,1784538250718.2263,1784538251420,1784538259587.0,1784538260043.1265,701.774,8167.0,456.126,,9324.9
e-391,1784538250768.237,1784538251420,1784538259587.0,1784538260043.127,651.763,8167.0,456.127,,9274.89
e-392,1784538250818.255,1784538251420,1784538259587.0,1784538260043.1274,601.745,8167.0,456.127,,9224.873
e-393,1784538250868.23,1784538251420,1784538259587.0,1784538260043.1282,551.77,8167.0,456.128,,9174.898
e-394,1784538250918.2307,1784538251420,1784538259587.0,1784538260043.1287,501.769,8167.0,456.129,,9124.898
e-395,1784538250968.22,1784538251420,1784538259587.0,1784538260043.1292,451.78,8167.0,456.129,,9074.909
e-396,1784538251018.2249,1784538251420,1784538259588.0,1784538260043.13,401.775,8168.0,455.13,,9024.905
e-397,1784538251068.2268,1784538251420,1784538259588.0,1784538260043.1345,351.773,8168.0,455.135,,8974.908
e-398,1784538251118.2214,1784538251420,1784538259588.0,1784538260043.1353,301.779,8168.0,455.135,,8924.914
e-399,1784538251168.2222,1784538251420,1784538259588.0,1784538260043.1357,251.778,8168.0,455.136,,8874.914
e-400,1784538251218.221,1784538251420,1784538259588.0,1784538260043.1365,201.779,8168.0,455.136,,8824.916
e-401,1784538251268.2332,1784538251420,1784538259588.0,1784538260043.1392,151.767,8168.0,455.139,,8774.906
e-402,1784538251318.2278,1784538251420,1784538259588.0,1784538260043.1396,101.772,8168.0,455.14,,8724.912
e-403,1784538251368.229,1784538251420,1784538259588.0,1784538260043.1404,51.771,8168.0,455.14,,8674.911
e-404,1784538251418.2302,1784538251420,1784538259589.0,1784538260043.1409,1.77,8169.0,454.141,,8624.911
e-405,1784538251468.2217,1784538252470,1784538259589.0,1784538260043.1416,1001.778,7119.0,454.142,,8574.92
e-406,1784538251518.2324,1784538252470,1784538259589.0,1784538260043.142,951.768,7119.0,454.142,,8524.91
e-407,1784538251568.229,1784538252470,1784538259589.0,1784538260043.1428,901.771,7119.0,454.143,,8474.914
e-408,1784538251618.2263,1784538252470,1784538259589.0,1784538260043.1433,851.774,7119.0,454.143,,8424.917
e-409,1784538251668.233,1784538252470,1784538259589.0,1784538260043.144,801.767,7119.0,454.144,,8374.911
e-410,1784538251718.227,1784538252470,1784538259589.0,1784538260043.1445,751.773,7119.0,454.145,,8324.917
e-411,1784538251768.2305,1784538252470,1784538259589.0,1784538260043.1453,701.77,7119.0,454.145,,8274.915
e-412,1784538251818.2314,1784538252470,1784538259590.0,1784538260043.1458,651.769,7120.0,453.146,,8224.914
e-413,1784538251868.2295,1784538252470,1784538259590.0,1784538260043.1462,601.771,7120.0,453.146,,8174.917
e-414,1784538251918.229,1784538252470,1784538259590.0,1784538260043.147,551.771,7120.0,453.147,,8124.918
e-415,1784538251968.2273,1784538252470,1784538259590.0,1784538260043.1475,501.773,7120.0,453.147,,8074.92
e-416,1784538252018.231,1784538252470,1784538259590.0,1784538260043.1482,451.769,7120.0,453.148,,8024.917
e-417,1784538252068.2288,1784538252470,1784538259590.0,1784538260043.1487,401.771,7120.0,453.149,,7974.92
e-418,1784538252118.227,1784538252470,1784538259590.0,1784538260043.1528,351.773,7120.0,453.153,,7924.926
e-419,1784538252168.2297,1784538252470,1784538259590.0,1784538260043.1533,301.77,7120.0,453.153,,7874.924
e-420,1784538252218.2283,1784538252470,1784538259590.0,1784538260043.154,251.772,7120.0,453.154,,7824.926
e-421,1784538252268.237,1784538252470,1784538259590.0,1784538260043.1545,201.763,7120.0,453.155,,7774.917
e-422,1784538252318.2283,1784538252470,1784538259590.0,1784538260043.1553,151.772,7120.0,453.155,,7724.927
e-423,1784538252368.2314,1784538252470,1784538259590.0,1784538260043.1558,101.769,7120.0,453.156,,7674.924
e-424,1784538252418.2324,1784538252470,1784538259591.0,1784538260043.1562,51.768,7121.0,452.156,,7624.924
e-425,1784538252468.2327,1784538252470,1784538259591.0,1784538260043.157,1.767,7121.0,452.157,,7574.924
e-426,1784538252518.23,1784538253521,1784538259591.0,1784538260043.1575,1002.77,6070.0,452.157,,7524.927
e-427,1784538252568.2332,1784538253521,1784538259591.0,1784538260043.158,952.767,6070.0,452.158,,7474.925
e-428,1784538252618.2344,1784538253521,1784538259591.0,1784538260043.1587,902.766,6070.0,452.159,,7424.924
e-429,1784538252668.2256,1784538253521,1784538259591.0,1784538260043.1592,852.774,6070.0,452.159,,7374.934
e-430,1784538252718.2366,1784538253521,1784538259591.0,1784538260043.1636,802.763,6070.0,452.164,,7324.927
e-431,1784538252768.2256,1784538253521,1784538259591.0,1784538260043.3877,752.774,6070.0,452.388,,7275.162
e-432,1784538252818.2288,1784538253521,1784538259591.0,1784538260043.389,702.771,6070.0,452.389,,7225.16
e-433,1784538252868.2312,1784538253521,1784538259591.0,1784538260043.3894,652.769,6070.0,452.389,,7175.158
e-434,1784538252918.2402,1784538253521,1784538259591.0,1784538260043.3901,602.76,6070.0,452.39,,7125.15
e-435,1784538252968.2253,1784538253521,1784538259591.0,1784538260043.3909,552.775,6070.0,452.391,,7075.166
e-436,1784538253018.2283,1784538253521,1784538259591.0,1784538260043.3914,502.772,6070.0,452.391,,7025.163
e-437,1784538253068.231,1784538253521,1784538259591.0,1784538260043.3918,452.769,6070.0,452.392,,6975.161
e-438,1784538253118.2275,1784538253521,1784538259592.0,1784538260043.3926,402.772,6071.0,451.393,,6925.165
e-439,1784538253168.2324,1784538253521,1784538259592.0,1784538260043.4143,352.768,6071.0,451.414,,6875.182
e-440,1784538253218.228,1784538253521,1784538259592.0,1784538260043.415,302.772,6071.0,451.415,,6825.187
e-441,1784538253268.2307,1784538253521,1784538259592.0,1784538260043.4158,252.769,6071.0,451.416,,6775.185
e-442,1784538253318.2288,1784538253521,1784538259592.0,1784538260043.416,202.771,6071.0,451.416,,6725.187
e-443,1784538253368.2314,1784538253521,1784538259592.0,1784538260043.4165,152.769,6071.0,451.417,,6675.185
e-444,1784538253418.233,1784538253521,1784538259592.0,1784538260043.4167,102.767,6071.0,451.417,,6625.184
e-445,1784538253468.2307,1784538253521,1784538259592.0,1784538260043.4172,52.769,6071.0,451.417,,6575.187
e-446,1784538253518.2324,1784538253521,1784538259592.0,1784538260043.4177,2.768,6071.0,451.418,,6525.185
e-447,1784538253568.2295,1784538254571,1784538259592.0,1784538260043.418,1002.771,5021.0,451.418,,6475.188
e-448,1784538253618.2341,1784538254571,1784538259592.0,1784538260043.4185,952.766,5021.0,451.418,,6425.184
e-449,1784538253668.236,1784538254571,1784538259592.0,1784538260043.419,902.764,5021.0,451.419,,6375.183
e-450,1784538253718.23,1784538254571,1784538259592.0,1784538260043.4192,852.77,5021.0,451.419,,6325.189
e-451,1784538253768.2375,1784538254571,1784538259592.0,1784538260043.4197,802.762,5021.0,451.42,,6275.182
e-452,1784538253818.2341,1784538254571,1784538259592.0,1784538260043.42,752.766,5021.0,451.42,,6225.186
e-453,1784538253868.2312,1784538254571,1784538259592.0,1784538260043.4204,702.769,5021.0,451.42,,6175.189
e-454,1784538253918.2292,1784538254571,1784538259592.0,1784538260043.421,652.771,5021.0,451.421,,6125.192
e-455,1784538253968.226,1784538254571,1784538259592.0,1784538260043.4211,602.774,5021.0,451.421,,6075.195
e-456,1784538254018.248,1784538254571,1784538259593.0,1784538260043.4216,552.752,5022.0,450.422,,6025.174
e-457,1784538254068.252,1784538254571,1784538259593.0,1784538260043.4229,502.748,5022.0,450.423,,5975.171
e-458,1784538254118.2334,1784538254571,1784538259593.0,1784538260043.4233,452.767,5022.0,450.423,,5925.19
e-459,1784538254168.234,1784538254571,1784538259593.0,1784538260043.719,402.766,5022.0,450.719,,5875.485
e-460,1784538254218.2285,1784538254571,1784538259593.0,1784538260043.7278,352.771,5022.0,450.728,,5825.499
e-461,1784538254268.2,1784538254571,1784538259593.0,1784538260043.7285,302.8,5022.0,450.729,,5775.529
e-462,1784538254318.2375,1784538254571,1784538259593.0,1784538260043.7292,252.762,5022.0,450.729,,5725.492
e-463,1784538254368.2288,1784538254571,1784538259593.0,1784538260043.7297,202.771,5022.0,450.73,,5675.501
e-464,1784538254418.23,1784538254571,1784538259593.0,1784538260043.7305,152.77,5022.0,450.73,,5625.5
e-465,1784538254468.2295,1784538254571,1784538259593.0,1784538260043.731,102.771,5022.0,450.731,,5575.501
e-466,1784538254518.2278,1784538254571,1784538259593.0,1784538260043.7317,52.772,5022.0,450.732,,5525.504
e-467,1784538254568.231,1784538254571,1784538259593.0,1784538260043.736,2.769,5022.0,450.736,,5475.505
e-468,1784538254618.227,1784538255623,1784538259593.0,1784538260043.7366,1004.773,3970.0,450.737,,5425.51
e-469,1784538254668.2244,1784538255623,1784538259593.0,1784538260043.737,954.776,3970.0,450.737,,5375.513
e-470,1784538254718.2314,1784538255623,1784538259593.0,1784538260043.7378,904.769,3970.0,450.738,,5325.506
e-471,1784538254768.2327,1784538255623,1784538259593.0,1784538260043.7383,854.767,3970.0,450.738,,5275.506
e-472,1784538254818.2734,1784538255623,1784538259594.0,1784538260043.7388,804.727,3971.0,449.739,,5225.465
e-473,1784538254868.2324,1784538255623,1784538259594.0,1784538260043.7393,754.768,3971.0,449.739,,5175.507
e-474,1784538254918.2273,1784538255623,1784538259594.0,1784538260043.74,704.773,3971.0,449.74,,5125.513
e-475,1784538254968.2273,1784538255623,1784538259594.0,1784538260043.7405,654.773,3971.0,449.74,,5075.513
e-476,1784538255018.2283,1784538255623,1784538259594.0,1784538260043.741,604.772,3971.0,449.741,,5025.513
e-477,1784538255068.2266,1784538255623,1784538259594.0,1784538260043.7417,554.773,3971.0,449.742,,4975.515
e-478,1784538255118.2236,1784538255623,1784538259594.0,1784538260043.7422,504.776,3971.0,449.742,,4925.519
e-479,1784538255168.2202,1784538255623,1784538259594.0,1784538260043.7427,454.78,3971.0,449.743,,4875.522
e-480,1784538255218.2861,1784538255623,1784538259594.0,1784538260043.7434,404.714,3971.0,449.743,,4825.457
e-481,1784538255268.2466,1784538255623,1784538259594.0,1784538260043.744,354.753,3971.0,449.744,,4775.497
e-482,1784538255318.2292,1784538255623,1784538259594.0,1784538260043.748,304.771,3971.0,449.748,,4725.519
e-483,1784538255368.2302,1784538255623,1784538259594.0,1784538260043.7485,254.77,3971.0,449.749,,4675.518
e-484,1784538255418.2383,1784538255623,1784538259594.0,1784538260043.7493,204.762,3971.0,449.749,,4625.511
e-485,1784538255468.2383,1784538255623,1784538259594.0,1784538260043.8298,154.762,3971.0,449.83,,4575.592
e-486,1784538255518.2393,1784538255623,1784538259594.0,1784538260043.8308,104.761,3971.0,449.831,,4525.592
e-487,1784538255568.238,1784538255623,1784538259594.0,1784538260043.8315,54.762,3971.0,449.832,,4475.594
e-488,1784538255618.232,1784538255623,1784538259594.0,1784538260043.832,4.768,3971.0,449.832,,4425.6
e-489,1784538255668.2332,1784538256671,1784538259594.0,1784538260043.8325,1002.767,2923.0,449.833,,4375.599
e-490,1784538255718.2239,1784538256671,1784538259594.0,1784538260043.8333,952.776,2923.0,449.833,,4325.609
e-491,1784538255768.234,1784538256671,1784538259594.0,1784538260043.8376,902.766,2923.0,449.838,,4275.604
e-492,1784538255818.236,1784538256671,1784538259595.0,1784538260043.8381,852.764,2924.0,448.838,,4225.602
e-493,1784538255868.232,1784538256671,1784538259595.0,1784538260043.8389,802.768,2924.0,448.839,,4175.607
e-494,1784538255918.228,1784538256671,1784538259595.0,1784538260043.8452,752.772,2924.0,448.845,,4125.617
e-495,1784538255968.231,1784538256671,1784538259595.0,1784538260043.846,702.769,2924.0,448.846,,4075.615
e-496,1784538256018.2268,1784538256671,1784538259595.0,1784538260043.8467,652.773,2924.0,448.847,,4025.62
e-497,1784538256068.2263,1784538256671,1784538259595.0,1784538260043.847,602.774,2924.0,448.847,,3975.621
e-498,1784538256118.2356,1784538256671,1784538259595.0,1784538260043.8474,552.764,2924.0,448.847,,3925.612
e-499,1784538256168.2397,1784538256671,1784538259595.0,1784538260043.936,502.76,2924.0,448.936,,3875.696
e-500,1784538256218.2285,1784538256671,1784538259595.0,1784538260043.9377,452.771,2924.0,448.938,,3825.709
e-501,1784538256268.2275,1784538256671,1784538259595.0,1784538260043.9387,402.772,2924.0,448.939,,3775.711
e-502,1784538256318.229,1784538256671,1784538259595.0,1784538260043.9395,352.771,2924.0,448.939,,3725.71
e-503,1784538256368.2305,1784538256671,1784538259595.0,1784538260043.9502,302.77,2924.0,448.95,,3675.72
e-504,1784538256418.232,1784538256671,1784538259595.0,1784538260043.9783,252.768,2924.0,448.978,,3625.746
e-505,1784538256468.2288,1784538256671,1784538259595.0,1784538260043.9792,202.771,2924.0,448.979,,3575.75
e-506,1784538256518.2305,1784538256671,1784538259595.0,1784538260043.98,152.77,2924.0,448.98,,3525.75
e-507,1784538256568.2363,1784538256671,1784538259595.0,1784538260043.981,102.764,2924.0,448.981,,3475.745
e-508,1784538256618.2341,1784538256671,1784538259595.0,1784538260043.9817,52.766,2924.0,448.982,,3425.748
e-509,1784538256668.2373,1784538256671,1784538259595.0,1784538260044.036,2.763,2924.0,449.036,,3375.799
e-510,1784538256718.237,1784538257720,1784538259595.0,1784538260044.0369,1001.763,1875.0,449.037,,3325.8
e-511,1784538256768.23,1784538257720,1784538259595.0,1784538260044.0378,951.77,1875.0,449.038,,3275.808
e-512,1784538256818.2305,1784538257720,1784538259595.0,1784538260044.1252,901.77,1875.0,449.125,,3225.895
e-513,1784538256868.2422,1784538257720,1784538259596.0,1784538260044.1267,851.758,1876.0,448.127,,3175.885
e-514,1784538256918.231,1784538257720,1784538259596.0,1784538260044.1274,801.769,1876.0,448.127,,3125.896
e-515,1784538256968.227,1784538257720,1784538259596.0,1784538260044.128,751.773,1876.0,448.128,,3075.901
e-516,1784538257018.238,1784538257720,1784538259596.0,1784538260044.1287,701.762,1876.0,448.129,,3025.891
e-517,1784538257068.229,1784538257720,1784538259596.0,1784538260044.1292,651.771,1876.0,448.129,,2975.9
e-518,1784538257118.2449,1784538257720,1784538259596.0,1784538260044.13,601.755,1876.0,448.13,,2925.885
e-519,1784538257168.2317,1784538257720,1784538259596.0,1784538260044.1304,551.768,1876.0,448.13,,2875.899
e-520,1784538257218.2344,1784538257720,1784538259596.0,1784538260044.131,501.766,1876.0,448.131,,2825.897
e-521,1784538257268.2288,1784538257720,1784538259596.0,1784538260044.132,451.771,1876.0,448.132,,2775.903
e-522,1784538257318.225,1784538257720,1784538259596.0,1784538260044.1326,401.775,1876.0,448.133,,2725.907
e-523,1784538257368.2356,1784538257720,1784538259596.0,1784538260044.239,351.764,1876.0,448.239,,2676.003
e-524,1784538257418.2322,1784538257720,1784538259596.0,1784538260044.2478,301.768,1876.0,448.248,,2626.016
e-525,1784538257468.2354,1784538257720,1784538259596.0,1784538260044.2483,251.765,1876.0,448.248,,2576.013
e-526,1784538257518.2363,1784538257720,1784538259596.0,1784538260044.249,201.764,1876.0,448.249,,2526.013
e-527,1784538257568.233,1784538257720,1784538259596.0,1784538260044.2495,151.767,1876.0,448.25,,2476.017
e-528,1784538257618.228,1784538257720,1784538259596.0,1784538260044.386,101.772,1876.0,448.386,,2426.158
e-529,1784538257668.2268,1784538257720,1784538259596.0,1784538260044.3872,51.773,1876.0,448.387,,2376.16
e-530,1784538257718.2356,1784538257720,1784538259596.0,1784538260044.3877,1.764,1876.0,448.388,,2326.152
e-531,1784538257768.2246,1784538258770,1784538259596.0,1784538260044.3884,1001.775,826.0,448.388,,2276.164
e-532,1784538257818.234,1784538258770,1784538259597.0,1784538260044.389,951.766,827.0,447.389,,2226.155
e-533,1784538257868.2356,1784538258770,1784538259597.0,1784538260044.3894,901.764,827.0,447.389,,2176.154
e-534,1784538257918.2341,1784538258770,1784538259597.0,1784538260044.3901,851.766,827.0,447.39,,2126.156
e-535,1784538257969.6667,1784538258770,1784538259597.0,1784538260044.3906,800.333,827.0,447.391,,2074.724
e-536,1784538258018.2397,1784538258770,1784538259597.0,1784538260044.3914,751.76,827.0,447.391,,2026.152
e-537,1784538258068.2354,1784538258770,1784538259597.0,1784538260044.3918,701.765,827.0,447.392,,1976.156
e-538,1784538258118.2395,1784538258770,1784538259597.0,1784538260044.3923,651.76,827.0,447.392,,1926.153
e-539,1784538258168.246,1784538258770,1784538259597.0,1784538260044.393,601.754,827.0,447.393,,1876.147
e-540,1784538258219.1523,1784538258770,1784538259597.0,1784538260044.3936,550.848,827.0,447.394,,1825.241
e-541,1784538258268.2317,1784538258770,1784538259597.0,1784538260044.401,501.768,827.0,447.401,,1776.169
e-542,1784538258318.3088,1784538258770,1784538259597.0,1784538260044.4016,451.691,827.0,447.402,,1726.093
e-543,1784538258368.2346,1784538258770,1784538259597.0,1784538260044.402,401.765,827.0,447.402,,1676.167
e-544,1784538258418.388,1784538258770,1784538259597.0,1784538260044.4026,351.612,827.0,447.403,,1626.015
e-545,1784538258468.252,1784538258770,1784538259597.0,1784538260044.5369,301.748,827.0,447.537,,1576.285
e-546,1784538258518.2915,1784538258770,1784538259597.0,1784538260044.5378,251.708,827.0,447.538,,1526.246
e-547,1784538258568.249,1784538258770,1784538259597.0,1784538260044.5386,201.751,827.0,447.539,,1476.29
e-548,1784538258618.5403,1784538258770,1784538259597.0,1784538260044.539,151.46,827.0,447.539,,1425.999
e-549,1784538258668.2295,1784538258770,1784538259597.0,1784538260044.5398,101.771,827.0,447.54,,1376.31
e-550,1784538258718.2185,1784538258770,1784538259597.0,1784538260044.5403,51.781,827.0,447.54,,1326.322
e-551,1784538258768.2285,1784538258770,1784538259597.0,1784538260044.5469,1.771,827.0,447.547,,1276.318
e-552,1784538258818.2285,1784538259820,1784538259825.0,1784538260044.5544,1001.771,5.0,219.554,,1226.326
e-553,1784538258868.233,1784538259820,1784538259825.0,1784538260044.555,951.767,5.0,219.555,,1176.322
e-554,1784538258918.2305,1784538259820,1784538259825.0,1784538260044.5557,901.77,5.0,219.556,,1126.325
e-555,1784538258968.2227,1784538259820,1784538259826.0,1784538260044.579,851.777,6.0,218.579,,1076.356
e-556,1784538259018.2268,1784538259820,1784538259826.0,1784538260044.5796,801.773,6.0,218.58,,1026.353
e-557,1784538259068.2234,1784538259820,1784538259826.0,1784538260044.5803,751.777,6.0,218.58,,976.357
e-558,1784538259118.228,1784538259820,1784538259826.0,1784538260044.6465,701.772,6.0,218.646,,926.418
e-559,1784538259168.2354,1784538259820,1784538259826.0,1784538260044.6475,651.765,6.0,218.647,,876.412
e-560,1784538259218.227,1784538259820,1784538259826.0,1784538260044.648,601.773,6.0,218.648,,826.421
e-561,1784538259268.2249,1784538259820,1784538259826.0,1784538260044.6482,551.775,6.0,218.648,,776.423
e-562,1784538259318.2334,1784538259820,1784538259826.0,1784538260044.6487,501.767,6.0,218.649,,726.415
e-563,1784538259368.2278,1784538259820,1784538259827.0,1784538260044.649,451.772,7.0,217.649,,676.421
e-564,1784538259418.2334,1784538259820,1784538259827.0,1784538260044.7097,401.767,7.0,217.71,,626.476
e-565,1784538259468.232,1784538259820,1784538259827.0,1784538260044.7102,351.768,7.0,217.71,,576.478
e-566,1784538259518.2004,1784538259820,1784538259827.0,1784538260044.7104,301.8,7.0,217.71,,526.51
e-567,1784538259568.234,1784538259820,1784538259827.0,1784538260044.717,251.766,7.0,217.717,,476.483
e-568,1784538259618.2346,1784538259820,1784538259827.0,1784538260044.7175,201.765,7.0,217.718,,426.483
e-569,1784538259668.2312,1784538259820,1784538259827.0,1784538260044.7178,151.769,7.0,217.718,,376.487
e-570,1784538259718.2324,1784538259820,1784538259827.0,1784538260044.787,101.768,7.0,217.787,,326.555
e-571,1784538259768.2305,1784538259820,1784538259827.0,1784538260044.788,51.77,7.0,217.788,,276.558
e-572,1784538259818.233,1784538259820,1784538259828.0,1784538260044.7886,1.767,8.0,216.789,,226.556
e-573,1784538259868.231,1784538260870,1784538260940.0,1784538261978.6497,1001.769,70.0,1038.65,,2110.419
e-574,1784538259918.2395,1784538260870,1784538260944.0,1784538261978.6523,951.76,74.0,1034.652,,2060.413
e-575,1784538259968.2317,1784538260870,1784538260944.0,1784538261978.653,901.768,74.0,1034.653,,2010.421
e-576,1784538260018.2258,1784538260870,1784538260944.0,1784538261978.6536,851.774,74.0,1034.654,,1960.428
e-577,1784538260068.2332,1784538260870,1784538260944.0,1784538261978.654,801.767,74.0,1034.654,,1910.421
e-578,1784538260118.225,1784538260870,1784538260944.0,1784538261978.6545,751.775,74.0,1034.655,,1860.429
e-579,1784538260168.225,1784538260870,1784538260944.0,1784538261978.655,701.775,74.0,1034.655,,1810.43
e-580,1784538260218.2405,1784538260870,1784538260944.0,1784538261978.6555,651.76,74.0,1034.656,,1760.415
e-581,1784538260268.2295,1784538260870,1784538260945.0,1784538261978.656,601.771,75.0,1033.656,,1710.427
e-582,1784538260318.2275,1784538260870,1784538260945.0,1784538261978.6562,551.772,75.0,1033.656,,1660.429
e-583,1784538260368.228,1784538260870,1784538260945.0,1784538261978.6567,501.772,75.0,1033.657,,1610.429
e-584,1784538260418.2354,1784538260870,1784538260945.0,1784538261978.6572,451.765,75.0,1033.657,,1560.422
e-585,1784538260468.2266,1784538260870,1784538260945.0,1784538261978.6577,401.773,75.0,1033.658,,1510.431
e-586,1784538260518.2302,1784538260870,1784538260945.0,1784538261978.6582,351.77,75.0,1033.658,,1460.428
e-587,1784538260568.231,1784538260870,1784538260945.0,1784538261978.6587,301.769,75.0,1033.659,,1410.428
e-588,1784538260618.2346,1784538260870,1784538260945.0,1784538261978.6694,251.765,75.0,1033.669,,1360.435
e-589,1784538260668.2375,1784538260870,1784538260945.0,1784538261978.67,201.762,75.0,1033.67,,1310.432
e-590,1784538260719.3755,1784538260870,1784538260945.0,1784538261978.6702,150.625,75.0,1033.67,,1259.295
e-591,1784538260768.2317,1784538260870,1784538260945.0,1784538261978.6707,101.768,75.0,1033.671,,1210.439
e-592,1784538260818.2402,1784538260870,1784538260946.0,1784538261978.6711,51.76,76.0,1032.671,,1160.431
e-593,1784538260868.2363,1784538260870,1784538260946.0,1784538261978.6726,1.764,76.0,1032.673,,1110.436
e-594,1784538260918.243,1784538261921,1784538261936.0,1784538262978.898,1002.757,15.0,1042.898,,2060.655
e-595,1784538260968.2341,1784538261921,1784538261937.0,1784538262978.9001,952.766,16.0,1041.9,,2010.666
e-596,1784538261018.2397,1784538261921,1784538261937.0,1784538262978.901,902.76,16.0,1041.901,,1960.661
e-597,1784538261068.2373,1784538261921,1784538261937.0,1784538262978.9011,852.763,16.0,1041.901,,1910.664
e-598,1784538261118.2417,1784538261921,1784538261937.0,1784538262978.9014,802.758,16.0,1041.901,,1860.66
e-599,1784538261168.2383,1784538261921,1784538261937.0,1784538262978.9019,752.762,16.0,1041.902,,1810.664
e-600,1784538261218.2388,1784538261921,1784538261937.0,1784538262978.902,702.761,16.0,1041.902,,1760.663
e-601,1784538261268.2317,1784538261921,1784538261937.0,1784538262978.9023,652.768,16.0,1041.902,,1710.671
e-602,1784538261318.2346,1784538261921,1784538261938.0,1784538262978.9028,602.765,17.0,1040.903,,1660.668
e-603,1784538261368.2354,1784538261921,1784538261938.0,1784538262978.903,552.765,17.0,1040.903,,1610.668
e-604,1784538261418.2317,1784538261921,1784538261938.0,1784538262978.9033,502.768,17.0,1040.903,,1560.672
e-605,1784538261468.2317,1784538261921,1784538261938.0,1784538262978.9038,452.768,17.0,1040.904,,1510.672
e-606,1784538261518.2473,1784538261921,1784538261938.0,1784538262978.904,402.753,17.0,1040.904,,1460.657
e-607,1784538261568.2356,1784538261921,1784538261938.0,1784538262978.9043,352.764,17.0,1040.904,,1410.669
e-608,1784538261618.2336,1784538261921,1784538261938.0,1784538262978.9045,302.766,17.0,1040.905,,1360.671
e-609,1784538261668.228,1784538261921,1784538261938.0,1784538262978.9146,252.772,17.0,1040.915,,1310.687
e-610,1784538261718.236,1784538261921,1784538261938.0,1784538262978.9148,202.764,17.0,1040.915,,1260.679
e-611,1784538261768.2312,1784538261921,1784538261938.0,1784538262978.915,152.769,17.0,1040.915,,1210.684
e-612,1784538261818.2432,1784538261921,1784538261938.0,1784538262978.9153,102.757,17.0,1040.915,,1160.672
e-613,1784538261868.24,1784538261921,1784538261938.0,1784538262978.9153,52.76,17.0,1040.915,,1110.675
e-614,1784538261918.2327,1784538261921,1784538261939.0,1784538262978.9155,2.767,18.0,1039.916,,1060.683
e-615,1784538261968.225,1784538262971,1784538262976.0,1784538263874.9607,1002.775,5.0,898.961,,1906.736
e-616,1784538262018.2349,1784538262971,1784538262977.0,1784538263874.9636,952.765,6.0,897.964,,1856.729
e-617,1784538262068.2312,1784538262971,1784538262977.0,1784538263874.9646,902.769,6.0,897.965,,1806.733
e-618,1784538262118.2297,1784538262971,1784538262977.0,1784538263874.965,852.77,6.0,897.965,,1756.735
e-619,1784538262168.2295,1784538262971,1784538262977.0,1784538263874.966,802.771,6.0,897.966,,1706.737
e-620,1784538262218.2388,1784538262971,1784538262977.0,1784538263874.9666,752.761,6.0,897.967,,1656.728
e-621,1784538262268.2344,1784538262971,1784538262977.0,1784538263874.9668,702.766,6.0,897.967,,1606.732
e-622,1784538262318.2273,1784538262971,1784538262977.0,1784538263874.9673,652.773,6.0,897.967,,1556.74
e-623,1784538262368.2483,1784538262971,1784538262977.0,1784538263874.9678,602.752,6.0,897.968,,1506.719
e-624,1784538262418.2297,1784538262971,1784538262977.0,1784538263874.9683,552.77,6.0,897.968,,1456.739
e-625,1784538262468.2292,1784538262971,1784538262977.0,1784538263874.9688,502.771,6.0,897.969,,1406.74
e-626,1784538262519.3977,1784538262971,1784538262977.0,1784538263874.969,451.602,6.0,897.969,,1355.571
e-627,1784538262568.2292,1784538262971,1784538262977.0,1784538263874.9695,402.771,6.0,897.969,,1306.74
e-628,1784538262618.2307,1784538262971,1784538262978.0,1784538263874.97,352.769,7.0,896.97,,1256.739
e-629,1784538262668.212,1784538262971,1784538262978.0,1784538263874.9702,302.788,7.0,896.97,,1206.758
e-630,1784538262718.2527,1784538262971,1784538262978.0,1784538263874.9827,252.747,7.0,896.983,,1156.73
e-631,1784538262768.2256,1784538262971,1784538262978.0,1784538263874.9834,202.774,7.0,896.983,,1106.758
e-632,1784538262818.2263,1784538262971,1784538262978.0,1784538263874.9841,152.774,7.0,896.984,,1056.758
e-633,1784538262868.2332,1784538262971,1784538262978.0,1784538263874.9846,102.767,7.0,896.985,,1006.751
e-634,1784538262918.2307,1784538262971,1784538262978.0,1784538263874.9854,52.769,7.0,896.985,,956.755
e-635,1784538262968.3323,1784538262971,1784538262978.0,1784538263874.9858,2.668,7.0,896.986,,906.654
e-636,1784538263018.2366,1784538264021,1784538264026.0,1784538264872.1067,1002.763,5.0,846.107,,1853.87
e-637,1784538263068.2334,1784538264021,1784538264026.0,1784538264872.11,952.767,5.0,846.11,,1803.877
e-638,1784538263118.244,1784538264021,1784538264026.0,1784538264872.1108,902.756,5.0,846.111,,1753.867
e-639,1784538263168.24,1784538264021,1784538264027.0,1784538264872.1116,852.76,6.0,845.112,,1703.872
e-640,1784538263218.242,1784538264021,1784538264027.0,1784538264872.1123,802.758,6.0,845.112,,1653.87
e-641,1784538263268.2288,1784538264021,1784538264027.0,1784538264872.1128,752.771,6.0,845.113,,1603.884
e-642,1784538263318.227,1784538264021,1784538264027.0,1784538264872.1133,702.773,6.0,845.113,,1553.886
e-643,1784538263368.2295,1784538264021,1784538264027.0,1784538264872.1138,652.771,6.0,845.114,,1503.884
e-644,1784538263418.2268,1784538264021,1784538264027.0,1784538264872.1143,602.773,6.0,845.114,,1453.887
e-645,1784538263468.2344,1784538264021,1784538264027.0,1784538264872.1147,552.766,6.0,845.115,,1403.88
e-646,1784538263518.4497,1784538264021,1784538264027.0,1784538264872.1152,502.55,6.0,845.115,,1353.666
e-647,1784538263568.2278,1784538264021,1784538264027.0,1784538264872.116,452.772,6.0,845.116,,1303.888
e-648,1784538263618.2292,1784538264021,1784538264027.0,1784538264872.1165,402.771,6.0,845.116,,1253.887
e-649,1784538263668.2273,1784538264021,1784538264027.0,1784538264872.117,352.773,6.0,845.117,,1203.89
e-650,1784538263718.2266,1784538264021,1784538264028.0,1784538264872.39,302.773,7.0,844.39,,1154.163
e-651,1784538263768.226,1784538264021,1784538264028.0,1784538264872.3933,252.774,7.0,844.393,,1104.167
e-652,1784538263818.227,1784538264021,1784538264028.0,1784538264872.4067,202.773,7.0,844.407,,1054.18
e-653,1784538263868.2341,1784538264021,1784538264028.0,1784538264872.408,152.766,7.0,844.408,,1004.174
e-654,1784538263918.232,1784538264021,1784538264028.0,1784538264872.409,102.768,7.0,844.409,,954.177
e-655,1784538263968.2285,1784538264021,1784538264028.0,1784538264872.4097,52.771,7.0,844.41,,904.181
e-656,1784538264018.2295,1784538264021,1784538264028.0,1784538264872.4106,2.771,7.0,844.411,,854.181
e-657,1784538264068.2307,1784538265071,1784538265077.0,1784538265874.6216,1002.769,6.0,797.622,,1806.391
e-658,1784538264118.23,1784538265071,1784538265077.0,1784538265874.6252,952.77,6.0,797.625,,1756.395
e-659,1784538264168.2266,1784538265071,1784538265077.0,1784538265874.6265,902.773,6.0,797.626,,1706.4
e-660,1784538264218.228,1784538265071,1784538265077.0,1784538265874.6274,852.772,6.0,797.627,,1656.399
e-661,1784538264268.2266,1784538265071,1784538265077.0,1784538265874.6287,802.773,6.0,797.629,,1606.402
e-662,1784538264318.2234,1784538265071,1784538265077.0,1784538265874.6296,752.777,6.0,797.63,,1556.406
e-663,1784538264368.2344,1784538265071,1784538265077.0,1784538265874.6309,702.766,6.0,797.631,,1506.396
e-664,1784538264418.2324,1784538265071,1784538265077.0,1784538265874.6318,652.768,6.0,797.632,,1456.399
e-665,1784538264468.2302,1784538265071,1784538265078.0,1784538265874.6333,602.77,7.0,796.633,,1406.403
e-666,1784538264518.2295,1784538265071,1784538265078.0,1784538265874.6343,552.771,7.0,796.634,,1356.405
e-667,1784538264568.2292,1784538265071,1784538265078.0,1784538265874.6355,502.771,7.0,796.635,,1306.406
e-668,1784538264618.2273,1784538265071,1784538265078.0,1784538265874.6365,452.773,7.0,796.636,,1256.409
e-669,1784538264668.2256,1784538265071,1784538265078.0,1784538265874.6375,402.774,7.0,796.637,,1206.412
e-670,1784538264718.2314,1784538265071,1784538265078.0,1784538265874.639,352.769,7.0,796.639,,1156.407
e-671,1784538264768.227,1784538265071,1784538265078.0,1784538265874.6401,302.773,7.0,796.64,,1106.413
e-672,1784538264818.2258,1784538265071,1784538265078.0,1784538265874.6409,252.774,7.0,796.641,,1056.415
e-673,1784538264868.2395,1784538265071,1784538265078.0,1784538265874.6582,202.76,7.0,796.658,,1006.419
e-674,1784538264918.2258,1784538265071,1784538265078.0,1784538265874.659,152.774,7.0,796.659,,956.433
e-675,1784538264968.2244,1784538265071,1784538265078.0,1784538265874.6597,102.776,7.0,796.66,,906.435
e-676,1784538265018.2256,1784538265071,1784538265078.0,1784538265874.6602,52.774,7.0,796.66,,856.435
e-677,1784538265068.2346,1784538265071,1784538265078.0,1784538265874.6653,2.765,7.0,796.665,,806.431
e-678,1784538265118.2268,1784538266121,1784538266127.0,1784538266871.6611,1002.773,6.0,744.661,,1753.434
e-679,1784538265168.2258,1784538266121,1784538266127.0,1784538266871.6643,952.774,6.0,744.664,,1703.438
e-680,1784538265218.2283,1784538266121,1784538266127.0,1784538266871.6648,902.772,6.0,744.665,,1653.437
e-681,1784538265268.2407,1784538266121,1784538266127.0,1784538266871.6653,852.759,6.0,744.665,,1603.425
e-682,1784538265318.2356,1784538266121,1784538266128.0,1784538266871.6655,802.764,7.0,743.666,,1553.43
e-683,1784538265368.225,1784538266121,1784538266128.0,1784538266871.6658,752.775,7.0,743.666,,1503.441
e-684,1784538265418.2256,1784538266121,1784538266128.0,1784538266871.6663,702.774,7.0,743.666,,1453.441
e-685,1784538265468.2288,1784538266121,1784538266128.0,1784538266871.6665,652.771,7.0,743.667,,1403.438
e-686,1784538265518.227,1784538266121,1784538266128.0,1784538266871.667,602.773,7.0,743.667,,1353.44
e-687,1784538265568.2283,1784538266121,1784538266128.0,1784538266871.6675,552.772,7.0,743.667,,1303.439
e-688,1784538265618.231,1784538266121,1784538266128.0,1784538266871.668,502.769,7.0,743.668,,1253.437
e-689,1784538265668.2322,1784538266121,1784538266128.0,1784538266871.6682,452.768,7.0,743.668,,1203.436
e-690,1784538265718.2297,1784538266121,1784538266128.0,1784538266871.6685,402.77,7.0,743.668,,1153.439
e-691,1784538265768.2307,1784538266121,1784538266128.0,1784538266871.669,352.769,7.0,743.669,,1103.438
e-692,1784538265818.2332,1784538266121,1784538266128.0,1784538266871.6692,302.767,7.0,743.669,,1053.436
e-693,1784538265868.2388,1784538266121,1784538266128.0,1784538266871.6694,252.761,7.0,743.669,,1003.431
e-694,1784538265918.2317,1784538266121,1784538266128.0,1784538266871.6787,202.768,7.0,743.679,,953.447
e-695,1784538265968.231,1784538266121,1784538266129.0,1784538266871.679,152.769,8.0,742.679,,903.448
e-696,1784538266018.2295,1784538266121,1784538266129.0,1784538266871.6794,102.771,8.0,742.679,,853.45
e-697,1784538266068.2324,1784538266121,1784538266129.0,1784538266871.6797,52.768,8.0,742.68,,803.447
e-698,1784538266118.227,1784538266121,1784538266129.0,1784538266871.68,2.773,8.0,742.68,,753.453
e-699,1784538266168.2317,1784538267170,1784538267175.0,1784538267970.2944,1001.768,5.0,795.294,,1802.063
e-700,1784538266218.231,1784538267170,1784538267175.0,1784538267970.2961,951.769,5.0,795.296,,1752.065
e-701,1784538266268.238,1784538267170,1784538267175.0,1784538267970.2964,901.762,5.0,795.296,,1702.058
e-702,1784538266318.2324,1784538267170,1784538267175.0,1784538267970.2966,851.768,5.0,795.297,,1652.064
e-703,1784538266368.2292,1784538267170,1784538267176.0,1784538267970.2969,801.771,6.0,794.297,,1602.068
e-704,1784538266418.2324,1784538267170,1784538267176.0,1784538267970.2974,751.768,6.0,794.297,,1552.065
e-705,1784538266468.2275,1784538267170,1784538267176.0,1784538267970.2976,701.772,6.0,794.298,,1502.07
e-706,1784538266518.228,1784538267170,1784538267176.0,1784538267970.2976,651.772,6.0,794.298,,1452.07
e-707,1784538266568.2266,1784538267170,1784538267176.0,1784538267970.2979,601.773,6.0,794.298,,1402.071
e-708,1784538266618.2295,1784538267170,1784538267176.0,1784538267970.298,551.771,6.0,794.298,,1352.069
e-709,1784538266668.2292,1784538267170,1784538267176.0,1784538267970.2983,501.771,6.0,794.298,,1302.069
e-710,1784538266718.2278,1784538267170,1784538267176.0,1784538267970.2986,451.772,6.0,794.299,,1252.071
e-711,1784538266768.225,1784538267170,1784538267176.0,1784538267970.2988,401.775,6.0,794.299,,1202.074
e-712,1784538266818.227,1784538267170,1784538267176.0,1784538267970.2993,351.773,6.0,794.299,,1152.072
e-713,1784538266868.2268,1784538267170,1784538267176.0,1784538267970.2998,301.773,6.0,794.3,,1102.073
e-714,1784538266918.2366,1784538267170,1784538267177.0,1784538267970.3,251.763,7.0,793.3,,1052.063
e-715,1784538266968.2456,1784538267170,1784538267177.0,1784538267970.3176,201.754,7.0,793.318,,1002.072
e-716,1784538267018.2268,1784538267170,1784538267177.0,1784538267970.318,151.773,7.0,793.318,,952.091
e-717,1784538267068.2268,1784538267170,1784538267177.0,1784538267970.318,101.773,7.0,793.318,,902.091
e-718,1784538267118.2312,1784538267170,1784538267177.0,1784538267970.3186,51.769,7.0,793.319,,852.087
e-719,1784538267168.2266,1784538267170,1784538267177.0,1784538267970.3188,1.773,7.0,793.319,,802.092
e-720,1784538267218.229,1784538268220,1784538268226.0,1784538268872.8013,1001.771,6.0,646.801,,1654.572
e-721,1784538267268.2258,1784538268220,1784538268227.0,1784538268872.8047,951.774,7.0,645.805,,1604.579
e-722,1784538267318.2305,1784538268220,1784538268227.0,1784538268872.8054,901.77,7.0,645.805,,1554.575
e-723,1784538267368.2292,1784538268220,1784538268227.0,1784538268872.8062,851.771,7.0,645.806,,1504.577
e-724,1784538267418.2283,1784538268220,1784538268227.0,1784538268872.8066,801.772,7.0,645.807,,1454.578
e-725,1784538267468.227,1784538268220,1784538268227.0,1784538268872.8071,751.773,7.0,645.807,,1404.58
e-726,1784538267518.2283,1784538268220,1784538268227.0,1784538268872.8076,701.772,7.0,645.808,,1354.579
e-727,1784538267568.2327,1784538268220,1784538268227.0,1784538268872.808,651.767,7.0,645.808,,1304.575
e-728,1784538267618.2273,1784538268220,1784538268227.0,1784538268872.8086,601.773,7.0,645.809,,1254.581
e-729,1784538267668.2341,1784538268220,1784538268228.0,1784538268872.809,551.766,8.0,644.809,,1204.575
e-730,1784538267718.2317,1784538268220,1784538268228.0,1784538268872.8096,501.768,8.0,644.81,,1154.578
e-731,1784538267768.2334,1784538268220,1784538268228.0,1784538268872.8103,451.767,8.0,644.81,,1104.577
e-732,1784538267818.227,1784538268220,1784538268228.0,1784538268872.8108,401.773,8.0,644.811,,1054.584
e-733,1784538267868.2322,1784538268220,1784538268228.0,1784538268872.8113,351.768,8.0,644.811,,1004.579
e-734,1784538267919.5452,1784538268220,1784538268228.0,1784538268872.812,300.455,8.0,644.812,,953.267
e-735,1784538267968.228,1784538268220,1784538268228.0,1784538268872.8125,251.772,8.0,644.812,,904.584
e-736,1784538268018.2256,1784538268220,1784538268228.0,1784538268872.813,201.774,8.0,644.813,,854.587
e-737,1784538268068.2312,1784538268220,1784538268228.0,1784538268872.829,151.769,8.0,644.829,,804.598
e-738,1784538268118.2253,1784538268220,1784538268228.0,1784538268872.8298,101.775,8.0,644.83,,754.604
e-739,1784538268168.2285,1784538268220,1784538268228.0,1784538268872.8303,51.771,8.0,644.83,,704.602
e-740,1784538268218.229,1784538268220,1784538268228.0,1784538268872.8308,1.771,8.0,644.831,,654.602
e-741,1784538268268.2312,1784538269270,1784538269275.0,1784538269872.4202,1001.769,5.0,597.42,,1604.189
e-742,1784538268318.2266,1784538269270,1784538269275.0,1784538269872.4229,951.773,5.0,597.423,,1554.196
e-743,1784538268368.228,1784538269270,1784538269276.0,1784538269872.4236,901.772,6.0,596.424,,1504.196
e-744,1784538268418.2256,1784538269270,1784538269276.0,1784538269872.424,851.774,6.0,596.424,,1454.198
e-745,1784538268468.2273,1784538269270,1784538269276.0,1784538269872.4248,801.773,6.0,596.425,,1404.198
e-746,1784538268518.222,1784538269270,1784538269276.0,1784538269872.4253,751.778,6.0,596.425,,1354.203
e-747,1784538268568.2256,1784538269270,1784538269276.0,1784538269872.4255,701.774,6.0,596.426,,1304.2
e-748,1784538268618.2256,1784538269270,1784538269276.0,1784538269872.4377,651.774,6.0,596.438,,1254.212
e-749,1784538268668.2263,1784538269270,1784538269276.0,1784538269872.4382,601.774,6.0,596.438,,1204.212
e-750,1784538268718.229,1784538269270,1784538269276.0,1784538269872.4387,551.771,6.0,596.439,,1154.21
e-751,1784538268768.2285,1784538269270,1784538269276.0,1784538269872.4392,501.771,6.0,596.439,,1104.211
e-752,1784538268818.2324,1784538269270,1784538269276.0,1784538269872.4397,451.768,6.0,596.44,,1054.207
e-753,1784538268868.2292,1784538269270,1784538269276.0,1784538269872.44,401.771,6.0,596.44,,1004.211
e-754,1784538268918.2354,1784538269270,1784538269277.0,1784538269872.4404,351.765,7.0,595.44,,954.205
e-755,1784538268968.2266,1784538269270,1784538269277.0,1784538269872.441,301.773,7.0,595.441,,904.214
e-756,1784538269018.2083,1784538269270,1784538269277.0,1784538269872.4414,251.792,7.0,595.441,,854.233
e-757,1784538269068.2273,1784538269270,1784538269277.0,1784538269872.442,201.773,7.0,595.442,,804.215
e-758,1784538269118.2258,1784538269270,1784538269277.0,1784538269872.4595,151.774,7.0,595.459,,754.234
e-759,1784538269168.227,1784538269270,1784538269277.0,1784538269872.46,101.773,7.0,595.46,,704.233
e-760,1784538269218.2214,1784538269270,1784538269277.0,1784538269872.4604,51.779,7.0,595.46,,654.239
e-761,1784538269268.2266,1784538269270,1784538269277.0,1784538269872.462,1.773,7.0,595.462,,604.235
e-762,1784538269318.1882,1784538270320,1784538270327.0,1784538270981.6565,1001.812,7.0,654.656,,1663.468
e-763,1784538269368.2278,1784538270320,1784538270328.0,1784538270981.6597,951.772,8.0,653.66,,1613.432
e-764,1784538269418.228,1784538270320,1784538270328.0,1784538270981.6606,901.772,8.0,653.661,,1563.433
e-765,1784538269468.219,1784538270320,1784538270328.0,1784538270981.6619,851.781,8.0,653.662,,1513.443
e-766,1784538269518.2202,1784538270320,1784538270328.0,1784538270981.6626,801.78,8.0,653.663,,1463.442
e-767,1784538269568.2214,1784538270320,1784538270328.0,1784538270981.6638,751.779,8.0,653.664,,1413.442
e-768,1784538269618.2288,1784538270320,1784538270328.0,1784538270981.6643,701.771,8.0,653.664,,1363.436
e-769,1784538269668.222,1784538270320,1784538270328.0,1784538270981.665,651.778,8.0,653.665,,1313.443
e-770,1784538269718.237,1784538270320,1784538270328.0,1784538270981.6658,601.763,8.0,653.666,,1263.429
e-771,1784538269768.2273,1784538270320,1784538270328.0,1784538270981.6665,551.773,8.0,653.667,,1213.439
e-772,1784538269818.223,1784538270320,1784538270328.0,1784538270981.6675,501.777,8.0,653.667,,1163.445
e-773,1784538269868.2356,1784538270320,1784538270328.0,1784538270981.6682,451.764,8.0,653.668,,1113.433
e-774,1784538269918.2292,1784538270320,1784538270328.0,1784538270981.6692,401.771,8.0,653.669,,1063.44
e-775,1784538269968.235,1784538270320,1784538270328.0,1784538270981.67,351.765,8.0,653.67,,1013.435
e-776,1784538270018.2288,1784538270320,1784538270328.0,1784538270981.6707,301.771,8.0,653.671,,963.442
e-777,1784538270068.2305,1784538270320,1784538270328.0,1784538270981.6711,251.77,8.0,653.671,,913.441
e-778,1784538270118.2258,1784538270320,1784538270328.0,1784538270981.672,201.774,8.0,653.672,,863.446
e-779,1784538270168.2256,1784538270320,1784538270328.0,1784538270981.6865,151.774,8.0,653.687,,813.461
e-780,1784538270218.2292,1784538270320,1784538270328.0,1784538270981.6873,101.771,8.0,653.687,,763.458
e-781,1784538270268.232,1784538270320,1784538270328.0,1784538270981.6877,51.768,8.0,653.688,,713.456
e-782,1784538270318.2278,1784538270320,1784538270328.0,1784538270981.6887,1.772,8.0,653.689,,663.461
e-783,1784538270368.2312,1784538271371,1784538271376.0,1784538271969.7126,1002.769,5.0,593.713,,1601.481
e-784,1784538270418.2273,1784538271371,1784538271376.0,1784538271969.7153,952.773,5.0,593.715,,1551.488
e-785,1784538270468.2268,1784538271371,1784538271376.0,1784538271969.716,902.773,5.0,593.716,,1501.489
e-786,1784538270518.2273,1784538271371,1784538271376.0,1784538271969.7166,852.773,5.0,593.717,,1451.489
e-787,1784538270568.2285,1784538271371,1784538271376.0,1784538271969.7173,802.771,5.0,593.717,,1401.489
e-788,1784538270618.227,1784538271371,1784538271376.0,1784538271969.7178,752.773,5.0,593.718,,1351.491
e-789,1784538270668.2295,1784538271371,1784538271376.0,1784538271969.7185,702.771,5.0,593.719,,1301.489
e-790,1784538270718.2324,1784538271371,1784538271376.0,1784538271969.7192,652.768,5.0,593.719,,1251.487
e-791,1784538270768.2356,1784538271371,1784538271376.0,1784538271969.72,602.764,5.0,593.72,,1201.484
e-792,1784538270818.2175,1784538271371,1784538271376.0,1784538271969.7207,552.782,5.0,593.721,,1151.503
e-793,1784538270868.2307,1784538271371,1784538271377.0,1784538271969.7214,502.769,6.0,592.721,,1101.491
e-794,1784538270918.2317,1784538271371,1784538271377.0,1784538271969.722,452.768,6.0,592.722,,1051.49
e-795,1784538270968.2278,1784538271371,1784538271377.0,1784538271969.7224,402.772,6.0,592.722,,1001.495
e-796,1784538271018.2356,1784538271371,1784538271377.0,1784538271969.723,352.764,6.0,592.723,,951.487
e-797,1784538271068.2312,1784538271371,1784538271377.0,1784538271969.7236,302.769,6.0,592.724,,901.492
e-798,1784538271118.23,1784538271371,1784538271377.0,1784538271969.724,252.77,6.0,592.724,,851.494
e-799,1784538271168.2358,1784538271371,1784538271377.0,1784538271969.7246,202.764,6.0,592.725,,801.489
e-800,1784538271218.2285,1784538271371,1784538271377.0,1784538271969.737,152.771,6.0,592.737,,751.509
e-801,1784538271268.2327,1784538271371,1784538271377.0,1784538271969.7378,102.767,6.0,592.738,,701.505
e-802,1784538271318.2283,1784538271371,1784538271377.0,1784538271969.7383,52.772,6.0,592.738,,651.51
e-803,1784538271368.2295,1784538271371,1784538271377.0,1784538271969.739,2.771,6.0,592.739,,601.51
e-804,1784538271418.2273,1784538272420,1784538272425.0,1784538272975.782,1001.773,5.0,550.782,,1557.555
e-805,1784538271468.2278,1784538272420,1784538272425.0,1784538272975.7844,951.772,5.0,550.784,,1507.557
e-806,1784538271518.2336,1784538272420,1784538272425.0,1784538272975.7854,901.766,5.0,550.785,,1457.552
e-807,1784538271568.2354,1784538272420,1784538272425.0,1784538272975.786,851.765,5.0,550.786,,1407.551
e-808,1784538271618.1914,1784538272420,1784538272425.0,1784538272975.7864,801.809,5.0,550.786,,1357.595
e-809,1784538271668.2285,1784538272420,1784538272425.0,1784538272975.7869,751.771,5.0,550.787,,1307.558
e-810,1784538271718.2322,1784538272420,1784538272426.0,1784538272975.7874,701.768,6.0,549.787,,1257.555
e-811,1784538271768.2317,1784538272420,1784538272426.0,1784538272975.7878,651.768,6.0,549.788,,1207.556
e-812,1784538271818.2256,1784538272420,1784538272426.0,1784538272975.788,601.774,6.0,549.788,,1157.562
e-813,1784538271868.2314,1784538272420,1784538272426.0,1784538272975.7886,551.769,6.0,549.789,,1107.557
e-814,1784538271918.2336,1784538272420,1784538272426.0,1784538272975.789,501.766,6.0,549.789,,1057.555
e-815,1784538271968.2617,1784538272420,1784538272426.0,1784538272975.8,451.738,6.0,549.8,,1007.538
e-816,1784538272018.2297,1784538272420,1784538272426.0,1784538272975.8005,401.77,6.0,549.801,,957.571
e-817,1784538272068.2324,1784538272420,1784538272426.0,1784538272975.8008,351.768,6.0,549.801,,907.568
e-818,1784538272118.229,1784538272420,1784538272426.0,1784538272975.8013,301.771,6.0,549.801,,857.572
e-819,1784538272168.2358,1784538272420,1784538272426.0,1784538272975.8018,251.764,6.0,549.802,,807.566
e-820,1784538272218.232,1784538272420,1784538272426.0,1784538272975.8022,201.768,6.0,549.802,,757.57
e-821,1784538272268.2297,1784538272420,1784538272426.0,1784538272975.8027,151.77,6.0,549.803,,707.573
e-822,1784538272318.231,1784538272420,1784538272426.0,1784538272975.8071,101.769,6.0,549.807,,657.576
e-823,1784538272368.2266,1784538272420,1784538272426.0,1784538272975.8079,51.773,6.0,549.808,,607.581
e-824,1784538272418.2327,1784538272420,1784538272426.0,1784538272975.8083,1.767,6.0,549.808,,557.576
e-825,1784538272468.2292,1784538273470,1784538273475.0,1784538273966.8662,1001.771,5.0,491.866,,1498.637
e-826,1784538272518.2275,1784538273470,1784538273475.0,1784538273966.8687,951.772,5.0,491.869,,1448.641
e-827,1784538272568.2227,1784538273470,1784538273475.0,1784538273966.8694,901.777,5.0,491.869,,1398.647
e-828,1784538272618.227,1784538273470,1784538273475.0,1784538273966.8699,851.773,5.0,491.87,,1348.643
e-829,1784538272668.2292,1784538273470,1784538273476.0,1784538273966.8704,801.771,6.0,490.87,,1298.641
e-830,1784538272718.2349,1784538273470,1784538273476.0,1784538273966.8706,751.765,6.0,490.871,,1248.636
e-831,1784538272768.2305,1784538273470,1784538273476.0,1784538273966.871,701.77,6.0,490.871,,1198.641
e-832,1784538272818.2236,1784538273470,1784538273476.0,1784538273966.8716,651.776,6.0,490.872,,1148.648
e-833,1784538272868.23,1784538273470,1784538273476.0,1784538273966.872,601.77,6.0,490.872,,1098.642
e-834,1784538272918.2275,1784538273470,1784538273476.0,1784538273966.8726,551.772,6.0,490.873,,1048.645
e-835,1784538272968.231,1784538273470,1784538273476.0,1784538273966.873,501.769,6.0,490.873,,998.642
e-836,1784538273018.2356,1784538273470,1784538273476.0,1784538273966.8735,451.764,6.0,490.874,,948.638
e-837,1784538273068.2344,1784538273470,1784538273476.0,1784538273966.8738,401.766,6.0,490.874,,898.639
e-838,1784538273118.233,1784538273470,1784538273476.0,1784538273966.8743,351.767,6.0,490.874,,848.641
e-839,1784538273168.2334,1784538273470,1784538273476.0,1784538273966.8748,301.767,6.0,490.875,,798.641
e-840,1784538273218.2349,1784538273470,1784538273476.0,1784538273966.8755,251.765,6.0,490.875,,748.641
e-841,1784538273268.2332,1784538273470,1784538273476.0,1784538273966.876,201.767,6.0,490.876,,698.643
e-842,1784538273318.2327,1784538273470,1784538273476.0,1784538273966.8762,151.767,6.0,490.876,,648.644
e-843,1784538273368.2314,1784538273470,1784538273477.0,1784538273966.8884,101.769,7.0,489.888,,598.657
e-844,1784538273418.23,1784538273470,1784538273477.0,1784538273966.889,51.77,7.0,489.889,,548.659
e-845,1784538273468.23,1784538273470,1784538273477.0,1784538273966.8894,1.77,7.0,489.889,,498.659
e-846,1784538273518.2327,1784538274521,1784538274528.0,1784538274864.2874,1002.767,7.0,336.287,,1346.055
e-847,1784538273568.2334,1784538274521,1784538274528.0,1784538274864.2905,952.767,7.0,336.291,,1296.057
e-848,1784538273618.2312,1784538274521,1784538274528.0,1784538274864.2915,902.769,7.0,336.292,,1246.06
e-849,1784538273668.2292,1784538274521,1784538274528.0,1784538274864.2922,852.771,7.0,336.292,,1196.063
e-850,1784538273718.2244,1784538274521,1784538274528.0,1784538274864.293,802.776,7.0,336.293,,1146.069
e-851,1784538273768.2334,1784538274521,1784538274529.0,1784538274864.3079,752.767,8.0,335.308,,1096.074
e-852,1784538273818.2297,1784538274521,1784538274529.0,1784538274864.3086,702.77,8.0,335.309,,1046.079
e-853,1784538273868.2278,1784538274521,1784538274529.0,1784538274864.3096,652.772,8.0,335.31,,996.082
e-854,1784538273918.2344,1784538274521,1784538274529.0,1784538274864.3103,602.766,8.0,335.31,,946.076
e-855,1784538273968.2302,1784538274521,1784538274529.0,1784538274864.311,552.77,8.0,335.311,,896.081
e-856,1784538274018.2302,1784538274521,1784538274529.0,1784538274864.3118,502.77,8.0,335.312,,846.082
e-857,1784538274068.2273,1784538274521,1784538274529.0,1784538274864.3127,452.773,8.0,335.313,,796.085
e-858,1784538274118.2288,1784538274521,1784538274529.0,1784538274864.3132,402.771,8.0,335.313,,746.084
e-859,1784538274168.2275,1784538274521,1784538274529.0,1784538274864.314,352.772,8.0,335.314,,696.086
e-860,1784538274218.2266,1784538274521,1784538274529.0,1784538274864.3147,302.773,8.0,335.315,,646.088
e-861,1784538274268.2417,1784538274521,1784538274529.0,1784538274864.3179,252.758,8.0,335.318,,596.076
e-862,1784538274318.235,1784538274521,1784538274529.0,1784538274864.3186,202.765,8.0,335.319,,546.083
e-863,1784538274368.2292,1784538274521,1784538274529.0,1784538274864.3193,152.771,8.0,335.319,,496.09
e-864,1784538274418.2302,1784538274521,1784538274529.0,1784538274864.3242,102.77,8.0,335.324,,446.094
e-865,1784538274468.2312,1784538274521,1784538274529.0,1784538274864.325,52.769,8.0,335.325,,396.094
e-866,1784538274518.243,1784538274521,1784538274529.0,1784538274864.3257,2.757,8.0,335.326,,346.083
e-867,1784538274568.2283,1784538275570,1784538275575.0,1784538275968.5798,1001.772,5.0,393.58,,1400.352
e-868,1784538274618.2314,1784538275570,1784538275575.0,1784538275968.5852,951.769,5.0,393.585,,1350.354
e-869,1784538274668.2285,1784538275570,1784538275575.0,1784538275968.5857,901.771,5.0,393.586,,1300.357
e-870,1784538274718.228,1784538275570,1784538275575.0,1784538275968.5862,851.772,5.0,393.586,,1250.358
e-871,1784538274768.2288,1784538275570,1784538275575.0,1784538275968.5864,801.771,5.0,393.586,,1200.358
e-872,1784538274818.2278,1784538275570,1784538275575.0,1784538275968.587,751.772,5.0,393.587,,1150.359
e-873,1784538274868.225,1784538275570,1784538275575.0,1784538275968.5872,701.775,5.0,393.587,,1100.362
e-874,1784538274918.2334,1784538275570,1784538275575.0,1784538275968.5876,651.767,5.0,393.588,,1050.354
e-875,1784538274968.2317,1784538275570,1784538275575.0,1784538275968.588,601.768,5.0,393.588,,1000.356
e-876,1784538275018.2356,1784538275570,1784538275575.0,1784538275968.5884,551.764,5.0,393.588,,950.353
e-877,1784538275068.223,1784538275570,1784538275575.0,1784538275968.5886,501.777,5.0,393.589,,900.366
e-878,1784538275118.2349,1784538275570,1784538275575.0,1784538275968.5889,451.765,5.0,393.589,,850.354
e-879,1784538275168.2275,1784538275570,1784538275576.0,1784538275968.589,401.772,6.0,392.589,,800.362
e-880,1784538275218.2349,1784538275570,1784538275576.0,1784538275968.5894,351.765,6.0,392.589,,750.354
e-881,1784538275268.2305,1784538275570,1784538275576.0,1784538275968.5898,301.77,6.0,392.59,,700.359
e-882,1784538275318.232,1784538275570,1784538275576.0,1784538275968.59,251.768,6.0,392.59,,650.358
e-883,1784538275368.2378,1784538275570,1784538275576.0,1784538275968.5903,201.762,6.0,392.59,,600.353
e-884,1784538275418.23,1784538275570,1784538275576.0,1784538275968.5977,151.77,6.0,392.598,,550.368
e-885,1784538275468.2332,1784538275570,1784538275576.0,1784538275968.6,101.767,6.0,392.6,,500.367
e-886,1784538275518.2266,1784538275570,1784538275576.0,1784538275968.6003,51.773,6.0,392.6,,450.374
e-887,1784538275568.2302,1784538275570,1784538275576.0,1784538275968.6006,1.77,6.0,392.601,,400.37
e-888,1784538275618.2336,1784538276620,1784538276625.0,1784538276965.41,1001.766,5.0,340.41,,1347.176
e-889,1784538275668.2231,1784538276620,1784538276625.0,1784538276965.4128,951.777,5.0,340.413,,1297.19
e-890,1784538275718.2278,1784538276620,1784538276625.0,1784538276965.4136,901.772,5.0,340.414,,1247.186
e-891,1784538275768.2314,1784538276620,1784538276625.0,1784538276965.414,851.769,5.0,340.414,,1197.183
e-892,1784538275818.2214,1784538276620,1784538276625.0,1784538276965.4146,801.779,5.0,340.415,,1147.193
e-893,1784538275868.2324,1784538276620,1784538276625.0,1784538276965.4258,751.768,5.0,340.426,,1097.193
e-894,1784538275918.2349,1784538276620,1784538276625.0,1784538276965.426,701.765,5.0,340.426,,1047.191
e-895,1784538275968.2375,1784538276620,1784538276625.0,1784538276965.4265,651.762,5.0,340.427,,997.189
e-896,1784538276018.225,1784538276620,1784538276625.0,1784538276965.4268,601.775,5.0,340.427,,947.202
e-897,1784538276068.2332,1784538276620,1784538276625.0,1784538276965.4272,551.767,5.0,340.427,,897.194
e-898,1784538276118.2312,1784538276620,1784538276626.0,1784538276965.4275,501.769,6.0,339.427,,847.196
e-899,1784538276168.2344,1784538276620,1784538276626.0,1784538276965.428,451.766,6.0,339.428,,797.194
e-900,1784538276218.2268,1784538276620,1784538276626.0,1784538276965.4285,401.773,6.0,339.428,,747.202
e-901,1784538276268.2292,1784538276620,1784538276626.0,1784538276965.4287,351.771,6.0,339.429,,697.199
e-902,1784538276318.2283,1784538276620,1784538276626.0,1784538276965.4292,301.772,6.0,339.429,,647.201
e-903,1784538276368.2336,1784538276620,1784538276626.0,1784538276965.4294,251.766,6.0,339.429,,597.196
e-904,1784538276418.2278,1784538276620,1784538276626.0,1784538276965.43,201.772,6.0,339.43,,547.202
e-905,1784538276468.2476,1784538276620,1784538276626.0,1784538276965.4302,151.752,6.0,339.43,,497.183
e-906,1784538276518.2322,1784538276620,1784538276626.0,1784538276965.4307,101.768,6.0,339.431,,447.198
e-907,1784538276568.23,1784538276620,1784538276626.0,1784538276965.4343,51.77,6.0,339.434,,397.204
e-908,1784538276618.2317,1784538276620,1784538276626.0,1784538276965.4346,1.768,6.0,339.435,,347.203
e-909,1784538276668.2302,1784538277670,1784538277674.0,1784538277865.7896,1001.77,4.0,191.79,,1197.559
e-910,1784538276718.231,1784538277670,1784538277675.0,1784538277865.7917,951.769,5.0,190.792,,1147.561
e-911,1784538276768.2275,1784538277670,1784538277675.0,1784538277865.7925,901.772,5.0,190.792,,1097.565
e-912,1784538276818.229,1784538277670,1784538277675.0,1784538277865.793,851.771,5.0,190.793,,1047.564
e-913,1784538276868.229,1784538277670,1784538277675.0,1784538277865.7937,801.771,5.0,190.794,,997.565
e-914,1784538276918.2231,1784538277670,1784538277675.0,1784538277865.7942,751.777,5.0,190.794,,947.571
e-915,1784538276968.2356,1784538277670,1784538277675.0,1784538277865.7947,701.764,5.0,190.795,,897.559
e-916,1784538277018.23,1784538277670,1784538277675.0,1784538277865.7952,651.77,5.0,190.795,,847.565
e-917,1784538277068.2341,1784538277670,1784538277675.0,1784538277865.7957,601.766,5.0,190.796,,797.562
e-918,1784538277118.2256,1784538277670,1784538277675.0,1784538277865.796,551.774,5.0,190.796,,747.57
e-919,1784538277168.2317,1784538277670,1784538277675.0,1784538277865.7964,501.768,5.0,190.796,,697.565
e-920,1784538277218.229,1784538277670,1784538277675.0,1784538277865.7969,451.771,5.0,190.797,,647.568
e-921,1784538277268.2324,1784538277670,1784538277675.0,1784538277865.7974,401.768,5.0,190.797,,597.565
e-922,1784538277318.233,1784538277670,1784538277675.0,1784538277865.7979,351.767,5.0,190.798,,547.565
e-923,1784538277368.2305,1784538277670,1784538277675.0,1784538277865.798,301.77,5.0,190.798,,497.568
e-924,1784538277418.2312,1784538277670,1784538277675.0,1784538277865.7986,251.769,5.0,190.799,,447.567
e-925,1784538277468.2336,1784538277670,1784538277676.0,1784538277865.7993,201.766,6.0,189.799,,397.566
e-926,1784538277518.2278,1784538277670,1784538277676.0,1784538277865.7998,151.772,6.0,189.8,,347.572
e-927,1784538277568.2327,1784538277670,1784538277676.0,1784538277865.8,101.767,6.0,189.8,,297.567
e-928,1784538277618.2346,1784538277670,1784538277676.0,1784538277865.8137,51.765,6.0,189.814,,247.579
e-929,1784538277668.2336,1784538277670,1784538277676.0,1784538277865.8142,1.766,6.0,189.814,,197.581
e-930,1784538277718.2349,1784538278719,1784538278724.0,1784538278966.58,1000.765,5.0,242.58,,1248.345
e-931,1784538277768.2305,1784538278719,1784538278724.0,1784538278966.5825,950.77,5.0,242.583,,1198.352
e-932,1784538277818.2322,1784538278719,1784538278724.0,1784538278966.5835,900.768,5.0,242.583,,1148.351
e-933,1784538277868.2415,1784538278719,1784538278724.0,1784538278966.5845,850.759,5.0,242.584,,1098.343
e-934,1784538277918.224,1784538278719,1784538278724.0,1784538278966.585,800.776,5.0,242.585,,1048.361
e-935,1784538277968.2332,1784538278719,1784538278724.0,1784538278966.5857,750.767,5.0,242.586,,998.353
e-936,1784538278018.228,1784538278719,1784538278724.0,1784538278966.5867,700.772,5.0,242.587,,948.359
e-937,1784538278068.226,1784538278719,1784538278724.0,1784538278966.5874,650.774,5.0,242.587,,898.361
e-938,1784538278118.2266,1784538278719,1784538278724.0,1784538278966.6033,600.773,5.0,242.603,,848.377
e-939,1784538278168.2288,1784538278719,1784538278724.0,1784538278966.604,550.771,5.0,242.604,,798.375
e-940,1784538278218.2268,1784538278719,1784538278724.0,1784538278966.6047,500.773,5.0,242.605,,748.378
e-941,1784538278268.227,1784538278719,1784538278724.0,1784538278966.6055,450.773,5.0,242.605,,698.378
e-942,1784538278318.2375,1784538278719,1784538278724.0,1784538278966.6062,400.762,5.0,242.606,,648.369
e-943,1784538278368.2332,1784538278719,1784538278724.0,1784538278966.607,350.767,5.0,242.607,,598.374
e-944,1784538278418.2302,1784538278719,1784538278724.0,1784538278966.6077,300.77,5.0,242.608,,548.377
e-945,1784538278468.2327,1784538278719,1784538278724.0,1784538278966.6084,250.767,5.0,242.608,,498.376
e-946,1784538278518.2275,1784538278719,1784538278724.0,1784538278966.6091,200.772,5.0,242.609,,448.382
e-947,1784538278568.2332,1784538278719,1784538278724.0,1784538278966.6099,150.767,5.0,242.61,,398.377
e-948,1784538278618.226,1784538278719,1784538278724.0,1784538278966.6104,100.774,5.0,242.61,,348.384
e-949,1784538278668.2302,1784538278719,1784538278724.0,1784538278966.6138,50.77,5.0,242.614,,298.384
e-950,1784538278718.2263,1784538278719,1784538278724.0,1784538278966.6143,0.774,5.0,242.614,,248.388
e-951,1784538278768.23,1784538279770,1784538279774.0,1784538279963.822,1001.77,4.0,189.822,,1195.592
e-952,1784538278818.2346,1784538279770,1784538279774.0,1784538279963.8247,951.765,4.0,189.825,,1145.59
e-953,1784538278868.2212,1784538279770,1784538279775.0,1784538279963.8257,901.779,5.0,188.826,,1095.604
e-954,1784538278918.2207,1784538279770,1784538279775.0,1784538279963.8264,851.779,5.0,188.826,,1045.606
e-955,1784538278968.2278,1784538279770,1784538279775.0,1784538279963.827,801.772,5.0,188.827,,995.599
e-956,1784538279018.2324,1784538279770,1784538279775.0,1784538279963.84,751.768,5.0,188.84,,945.608
e-957,1784538279068.23,1784538279770,1784538279775.0,1784538279963.8406,701.77,5.0,188.841,,895.611
e-958,1784538279118.2205,1784538279770,1784538279775.0,1784538279963.841,651.78,5.0,188.841,,845.621
e-959,1784538279168.2253,1784538279770,1784538279775.0,1784538279963.8416,601.775,5.0,188.842,,795.616
e-960,1784538279218.2275,1784538279770,1784538279775.0,1784538279963.842,551.772,5.0,188.842,,745.615
e-961,1784538279268.2268,1784538279770,1784538279775.0,1784538279963.8423,501.773,5.0,188.842,,695.615
e-962,1784538279318.2266,1784538279770,1784538279775.0,1784538279963.8428,451.773,5.0,188.843,,645.616
e-963,1784538279368.2292,1784538279770,1784538279775.0,1784538279963.8433,401.771,5.0,188.843,,595.614
e-964,1784538279418.2368,1784538279770,1784538279775.0,1784538279963.8438,351.763,5.0,188.844,,545.607
e-965,1784538279468.2317,1784538279770,1784538279775.0,1784538279963.8442,301.768,5.0,188.844,,495.613
e-966,1784538279518.236,1784538279770,1784538279776.0,1784538279963.8445,251.764,6.0,187.844,,445.608
e-967,1784538279568.2249,1784538279770,1784538279776.0,1784538279963.845,201.775,6.0,187.845,,395.62
e-968,1784538279618.2292,1784538279770,1784538279776.0,1784538279963.8455,151.771,6.0,187.845,,345.616
e-969,1784538279668.2314,1784538279770,1784538279776.0,1784538279963.8457,101.769,6.0,187.846,,295.614
e-970,1784538279718.2273,1784538279770,1784538279776.0,1784538279963.8506,51.773,6.0,187.851,,245.623
e-971,1784538279768.2288,1784538279770,1784538279776.0,1784538279963.851,1.771,6.0,187.851,,195.622
e-972,1784538279818.2297,1784538280820,1784538280833.0,1784538281862.5488,1001.77,13.0,1029.549,,2044.319
e-973,1784538279868.2295,1784538280820,1784538280833.0,1784538281862.5518,951.771,13.0,1029.552,,1994.322
e-974,1784538279918.2312,1784538280820,1784538280833.0,1784538281862.5525,901.769,13.0,1029.552,,1944.321
e-975,1784538279968.228,1784538280820,1784538280833.0,1784538281862.5532,851.772,13.0,1029.553,,1894.325
e-976,1784538280018.2285,1784538280820,1784538280833.0,1784538281862.5537,801.771,13.0,1029.554,,1844.325
e-977,1784538280068.228,1784538280820,1784538280833.0,1784538281862.5542,751.772,13.0,1029.554,,1794.326
e-978,1784538280118.232,1784538280820,1784538280833.0,1784538281862.5547,701.768,13.0,1029.555,,1744.323
e-979,1784538280168.2302,1784538280820,1784538280833.0,1784538281862.5552,651.77,13.0,1029.555,,1694.325
e-980,1784538280218.2283,1784538280820,1784538280833.0,1784538281862.5554,601.772,13.0,1029.555,,1644.327
e-981,1784538280268.2256,1784538280820,1784538280833.0,1784538281862.556,551.774,13.0,1029.556,,1594.33
e-982,1784538280318.225,1784538280820,1784538280834.0,1784538281862.5564,501.775,14.0,1028.556,,1544.331
e-983,1784538280368.227,1784538280820,1784538280834.0,1784538281862.557,451.773,14.0,1028.557,,1494.33
e-984,1784538280418.2324,1784538280820,1784538280834.0,1784538281862.5571,401.768,14.0,1028.557,,1444.325
e-985,1784538280468.2349,1784538280820,1784538280834.0,1784538281862.5576,351.765,14.0,1028.558,,1394.323
e-986,1784538280518.2278,1784538280820,1784538280834.0,1784538281862.558,301.772,14.0,1028.558,,1344.33
e-987,1784538280568.2334,1784538280820,1784538280834.0,1784538281862.5586,251.767,14.0,1028.559,,1294.325
e-988,1784538280618.2327,1784538280820,1784538280834.0,1784538281862.5588,201.767,14.0,1028.559,,1244.326
e-989,1784538280668.232,1784538280820,1784538280834.0,1784538281862.5593,151.768,14.0,1028.559,,1194.327
e-990,1784538280718.2397,1784538280820,1784538280834.0,1784538281862.5598,101.76,14.0,1028.56,,1144.32
e-991,1784538280768.231,1784538280820,1784538280834.0,1784538281862.5603,51.769,14.0,1028.56,,1094.329
e-992,1784538280818.2324,1784538280820,1784538280834.0,1784538281862.5747,1.768,14.0,1028.575,,1044.342
e-993,1784538280868.2246,1784538281870,1784538281874.0,1784538282967.7217,1001.775,4.0,1093.722,,2099.497
e-994,1784538280918.2354,1784538281870,1784538281874.0,1784538282967.7246,951.765,4.0,1093.725,,2049.489
e-995,1784538280968.2283,1784538281870,1784538281875.0,1784538282967.7253,901.772,5.0,1092.725,,1999.497
e-996,1784538281019.5422,1784538281870,1784538281875.0,1784538282967.7258,850.458,5.0,1092.726,,1948.184
e-997,1784538281068.2366,1784538281870,1784538281875.0,1784538282967.7263,801.763,5.0,1092.726,,1899.49
e-998,1784538281118.2288,1784538281870,1784538281875.0,1784538282967.7805,751.771,5.0,1092.781,,1849.552
e-999,1784538281168.2358,1784538281870,1784538281875.0,1784538282967.7812,701.764,5.0,1092.781,,1799.545
e-1000,1784538281218.2275,1784538281870,1784538281875.0,1784538282967.7817,651.772,5.0,1092.782,,1749.554
e-1001,1784538281268.231,1784538281870,1784538281875.0,1784538282967.782,601.769,5.0,1092.782,,1699.551
e-1002,1784538281318.225,1784538281870,1784538281875.0,1784538282967.7825,551.775,5.0,1092.782,,1649.557
e-1003,1784538281368.2307,1784538281870,1784538281875.0,1784538282967.783,501.769,5.0,1092.783,,1599.552
e-1004,1784538281418.234,1784538281870,1784538281875.0,1784538282967.7834,451.766,5.0,1092.783,,1549.55
e-1005,1784538281468.2292,1784538281870,1784538281875.0,1784538282967.7837,401.771,5.0,1092.784,,1499.554
e-1006,1784538281518.2468,1784538281870,1784538281875.0,1784538282967.7842,351.753,5.0,1092.784,,1449.537
e-1007,1784538281568.2307,1784538281870,1784538281875.0,1784538282967.7847,301.769,5.0,1092.785,,1399.554
e-1008,1784538281618.2273,1784538281870,1784538281875.0,1784538282967.785,251.773,5.0,1092.785,,1349.558
e-1009,1784538281668.2332,1784538281870,1784538281875.0,1784538282967.7854,201.767,5.0,1092.785,,1299.552
e-1010,1784538281718.241,1784538281870,1784538281875.0,1784538282967.786,151.759,5.0,1092.786,,1249.545
e-1011,1784538281768.2341,1784538281870,1784538281876.0,1784538282967.7864,101.766,6.0,1091.786,,1199.552
e-1012,1784538281818.2383,1784538281870,1784538281876.0,1784538282967.7869,51.762,6.0,1091.787,,1149.549
e-1013,1784538281868.2214,1784538281870,1784538281876.0,1784538282967.7942,1.779,6.0,1091.794,,1099.573
e-1014,1784538281918.2354,1784538282920,1784538282931.0,1784538283961.165,1001.765,11.0,1030.165,,2042.93
e-1015,1784538281968.2341,1784538282920,1784538282931.0,1784538283961.169,951.766,11.0,1030.169,,1992.935
e-1016,1784538282018.2283,1784538282920,1784538282931.0,1784538283961.1697,901.772,11.0,1030.17,,1942.941
e-1017,1784538282068.2275,1784538282920,1784538282931.0,1784538283961.1704,851.772,11.0,1030.17,,1892.943
e-1018,1784538282118.2205,1784538282920,1784538282931.0,1784538283961.171,801.78,11.0,1030.171,,1842.95
e-1019,1784538282168.2288,1784538282920,1784538282931.0,1784538283961.1714,751.771,11.0,1030.171,,1792.943
e-1020,1784538282218.238,1784538282920,1784538282931.0,1784538283961.172,701.762,11.0,1030.172,,1742.934
e-1021,1784538282268.2312,1784538282920,1784538282931.0,1784538283961.1726,651.769,11.0,1030.173,,1692.941
e-1022,1784538282318.222,1784538282920,1784538282931.0,1784538283961.173,601.778,11.0,1030.173,,1642.951
e-1023,1784538282368.2402,1784538282920,1784538282931.0,1784538283961.1736,551.76,11.0,1030.174,,1592.933
e-1024,1784538282418.2354,1784538282920,1784538282931.0,1784538283961.174,501.765,11.0,1030.174,,1542.939
e-1025,1784538282468.2285,1784538282920,1784538282931.0,1784538283961.1748,451.771,11.0,1030.175,,1492.946
e-1026,1784538282518.2278,1784538282920,1784538282931.0,1784538283961.1753,401.772,11.0,1030.175,,1442.948
e-1027,1784538282568.2305,1784538282920,1784538282931.0,1784538283961.176,351.77,11.0,1030.176,,1392.946
e-1028,1784538282618.228,1784538282920,1784538282931.0,1784538283961.1765,301.772,11.0,1030.177,,1342.948
e-1029,1784538282668.2327,1784538282920,1784538282931.0,1784538283961.177,251.767,11.0,1030.177,,1292.944
e-1030,1784538282718.2273,1784538282920,1784538282931.0,1784538283961.1775,201.773,11.0,1030.177,,1242.95
e-1031,1784538282768.2356,1784538282920,1784538282932.0,1784538283961.178,151.764,12.0,1029.178,,1192.942
e-1032,1784538282818.31,1784538282920,1784538282932.0,1784538283961.1785,101.69,12.0,1029.178,,1142.868
e-1033,1784538282868.2395,1784538282920,1784538282932.0,1784538283961.179,51.76,12.0,1029.179,,1092.939
e-1034,1784538282918.2244,1784538282920,1784538282932.0,1784538283961.1914,1.776,12.0,1029.191,,1042.967
e-1035,1784538282968.218,1784538283970,1784538283975.0,1784538284960.8987,1001.782,5.0,985.899,,1992.681
e-1036,1784538283018.235,1784538283970,1784538283975.0,1784538284960.9023,951.765,5.0,985.902,,1942.667
e-1037,1784538283068.2437,1784538283970,1784538283975.0,1784538284960.9038,901.756,5.0,985.904,,1892.66
e-1038,1784538283118.23,1784538283970,1784538283975.0,1784538284960.9045,851.77,5.0,985.905,,1842.675
e-1039,1784538283168.2324,1784538283970,1784538283975.0,1784538284960.9055,801.768,5.0,985.906,,1792.673
e-1040,1784538283218.236,1784538283970,1784538283975.0,1784538284960.9126,751.764,5.0,985.913,,1742.677
e-1041,1784538283268.2273,1784538283970,1784538283975.0,1784538284960.9136,701.773,5.0,985.914,,1692.686
e-1042,1784538283318.2275,1784538283970,1784538283975.0,1784538284960.9146,651.772,5.0,985.915,,1642.687
e-1043,1784538283368.233,1784538283970,1784538283975.0,1784538284960.9158,601.767,5.0,985.916,,1592.683
e-1044,1784538283418.227,1784538283970,1784538283975.0,1784538284960.917,551.773,5.0,985.917,,1542.69
e-1045,1784538283468.238,1784538283970,1784538283975.0,1784538284960.918,501.762,5.0,985.918,,1492.68
e-1046,1784538283518.2236,1784538283970,1784538283975.0,1784538284960.919,451.776,5.0,985.919,,1442.695
e-1047,1784538283568.228,1784538283970,1784538283975.0,1784538284960.92,401.772,5.0,985.92,,1392.692
e-1048,1784538283618.2266,1784538283970,1784538283975.0,1784538284960.9207,351.773,5.0,985.921,,1342.694
e-1049,1784538283668.218,1784538283970,1784538283976.0,1784538284960.9216,301.782,6.0,984.922,,1292.704
e-1050,1784538283718.2163,1784538283970,1784538283976.0,1784538284960.9224,251.784,6.0,984.922,,1242.706
e-1051,1784538283768.2256,1784538283970,1784538283976.0,1784538284960.9233,201.774,6.0,984.923,,1192.698
e-1052,1784538283818.221,1784538283970,1784538283976.0,1784538284960.924,151.779,6.0,984.924,,1142.703
e-1053,1784538283868.2292,1784538283970,1784538283976.0,1784538284960.9248,101.771,6.0,984.925,,1092.696
e-1054,1784538283918.2341,1784538283970,1784538283976.0,1784538284960.9258,51.766,6.0,984.926,,1042.692
e-1055,1784538283968.2388,1784538283970,1784538283976.0,1784538284960.9417,1.761,6.0,984.942,,992.703
e-1056,1784538284018.2358,1784538285020,1784538285024.0,1784538285857.4624,1001.764,4.0,833.462,,1839.227
e-1057,1784538284068.2358,1784538285020,1784538285024.0,1784538285857.4646,951.764,4.0,833.465,,1789.229
e-1058,1784538284118.2253,1784538285020,1784538285024.0,1784538285857.4656,901.775,4.0,833.466,,1739.24
e-1059,1784538284168.2297,1784538285020,1784538285024.0,1784538285857.466,851.77,4.0,833.466,,1689.236
e-1060,1784538284218.23,1784538285020,1784538285024.0,1784538285857.4663,801.77,4.0,833.466,,1639.236
e-1061,1784538284268.2266,1784538285020,1784538285024.0,1784538285857.467,751.773,4.0,833.467,,1589.24
e-1062,1784538284318.2249,1784538285020,1784538285024.0,1784538285857.4675,701.775,4.0,833.468,,1539.243
e-1063,1784538284368.2363,1784538285020,1784538285024.0,1784538285857.468,651.764,4.0,833.468,,1489.232
e-1064,1784538284418.2341,1784538285020,1784538285025.0,1784538285857.4685,601.766,5.0,832.469,,1439.234
e-1065,1784538284468.2363,1784538285020,1784538285025.0,1784538285857.4688,551.764,5.0,832.469,,1389.232
e-1066,1784538284518.2292,1784538285020,1784538285025.0,1784538285857.4692,501.771,5.0,832.469,,1339.24
e-1067,1784538284568.227,1784538285020,1784538285025.0,1784538285857.4697,451.773,5.0,832.47,,1289.243
e-1068,1784538284618.2314,1784538285020,1784538285025.0,1784538285857.4702,401.769,5.0,832.47,,1239.239
e-1069,1784538284668.2349,1784538285020,1784538285025.0,1784538285857.4705,351.765,5.0,832.47,,1189.236
e-1070,1784538284718.2278,1784538285020,1784538285025.0,1784538285857.471,301.772,5.0,832.471,,1139.243
e-1071,1784538284768.234,1784538285020,1784538285025.0,1784538285857.4714,251.766,5.0,832.471,,1089.238
e-1072,1784538284818.2283,1784538285020,1784538285025.0,1784538285857.472,201.772,5.0,832.472,,1039.244
e-1073,1784538284868.2295,1784538285020,1784538285025.0,1784538285857.4724,151.771,5.0,832.472,,989.243
e-1074,1784538284918.233,1784538285020,1784538285025.0,1784538285857.4824,101.767,5.0,832.482,,939.25
e-1075,1784538284968.2295,1784538285020,1784538285025.0,1784538285857.483,51.771,5.0,832.483,,889.253
e-1076,1784538285018.2288,1784538285020,1784538285025.0,1784538285857.4834,1.771,5.0,832.483,,839.255
e-1077,1784538285068.2615,1784538286070,1784538286074.0,1784538286968.322,1001.739,4.0,894.322,,1900.061
e-1078,1784538285118.2295,1784538286070,1784538286075.0,1784538286968.3237,951.771,5.0,893.324,,1850.094
e-1079,1784538285168.221,1784538286070,1784538286075.0,1784538286968.324,901.779,5.0,893.324,,1800.103
e-1080,1784538285218.2268,1784538286070,1784538286075.0,1784538286968.3245,851.773,5.0,893.324,,1750.098
e-1081,1784538285268.2297,1784538286070,1784538286075.0,1784538286968.3247,801.77,5.0,893.325,,1700.095
e-1082,1784538285318.2222,1784538286070,1784538286075.0,1784538286968.3252,751.778,5.0,893.325,,1650.103
e-1083,1784538285368.2207,1784538286070,1784538286075.0,1784538286968.3254,701.779,5.0,893.325,,1600.105
e-1084,1784538285418.2288,1784538286070,1784538286075.0,1784538286968.3257,651.771,5.0,893.326,,1550.097
e-1085,1784538285468.2295,1784538286070,1784538286075.0,1784538286968.326,601.771,5.0,893.326,,1500.096
e-1086,1784538285518.233,1784538286070,1784538286075.0,1784538286968.3262,551.767,5.0,893.326,,1450.093
e-1087,1784538285568.2346,1784538286070,1784538286075.0,1784538286968.3264,501.765,5.0,893.326,,1400.092
e-1088,1784538285618.2295,1784538286070,1784538286075.0,1784538286968.327,451.771,5.0,893.327,,1350.097
e-1089,1784538285668.2231,1784538286070,1784538286075.0,1784538286968.3274,401.777,5.0,893.327,,1300.104
e-1090,1784538285718.2295,1784538286070,1784538286075.0,1784538286968.3276,351.771,5.0,893.328,,1250.098
e-1091,1784538285768.2334,1784538286070,1784538286076.0,1784538286968.3276,301.767,6.0,892.328,,1200.094
e-1092,1784538285818.231,1784538286070,1784538286076.0,1784538286968.328,251.769,6.0,892.328,,1150.097
e-1093,1784538285868.231,1784538286070,1784538286076.0,1784538286968.3281,201.769,6.0,892.328,,1100.097
e-1094,1784538285918.2312,1784538286070,1784538286076.0,1784538286968.3284,151.769,6.0,892.328,,1050.097
e-1095,1784538285968.2288,1784538286070,1784538286076.0,1784538286968.3286,101.771,6.0,892.329,,1000.1
e-1096,1784538286018.2295,1784538286070,1784538286076.0,1784538286968.3289,51.771,6.0,892.329,,950.099
e-1097,1784538286068.2283,1784538286070,1784538286076.0,1784538286968.329,1.772,6.0,892.329,,900.101
e-1098,1784538286118.2312,1784538287120,1784538287125.0,1784538287960.579,1001.769,5.0,835.579,,1842.348
e-1099,1784538286168.224,1784538287120,1784538287125.0,1784538287960.5818,951.776,5.0,835.582,,1792.358
e-1100,1784538286218.2314,1784538287120,1784538287125.0,1784538287960.5823,901.769,5.0,835.582,,1742.351
e-1101,1784538286268.22,1784538287120,1784538287125.0,1784538287960.5835,851.78,5.0,835.583,,1692.364
e-1102,1784538286318.2317,1784538287120,1784538287125.0,1784538287960.5842,801.768,5.0,835.584,,1642.353
e-1103,1784538286368.2227,1784538287120,1784538287125.0,1784538287960.5845,751.777,5.0,835.584,,1592.362
e-1104,1784538286418.2334,1784538287120,1784538287125.0,1784538287960.585,701.767,5.0,835.585,,1542.352
e-1105,1784538286468.2312,1784538287120,1784538287125.0,1784538287960.5854,651.769,5.0,835.585,,1492.354
e-1106,1784538286518.2307,1784538287120,1784538287125.0,1784538287960.586,601.769,5.0,835.586,,1442.355
e-1107,1784538286568.2314,1784538287120,1784538287125.0,1784538287960.5864,551.769,5.0,835.586,,1392.355
e-1108,1784538286618.232,1784538287120,1784538287126.0,1784538287960.587,501.768,6.0,834.587,,1342.355
e-1109,1784538286668.2283,1784538287120,1784538287126.0,1784538287960.5874,451.772,6.0,834.587,,1292.359
e-1110,1784538286718.2305,1784538287120,1784538287126.0,1784538287960.6016,401.77,6.0,834.602,,1242.371
e-1111,1784538286768.236,1784538287120,1784538287126.0,1784538287960.602,351.764,6.0,834.602,,1192.366
e-1112,1784538286818.2332,1784538287120,1784538287126.0,1784538287960.6028,301.767,6.0,834.603,,1142.37
e-1113,1784538286868.231,1784538287120,1784538287126.0,1784538287960.6033,251.769,6.0,834.603,,1092.372
e-1114,1784538286918.2302,1784538287120,1784538287126.0,1784538287960.6038,201.77,6.0,834.604,,1042.374
e-1115,1784538286968.2295,1784538287120,1784538287126.0,1784538287960.6042,151.771,6.0,834.604,,992.375
e-1116,1784538287018.2307,1784538287120,1784538287126.0,1784538287960.6047,101.769,6.0,834.605,,942.374
e-1117,1784538287068.2288,1784538287120,1784538287126.0,1784538287960.605,51.771,6.0,834.605,,892.376
e-1118,1784538287118.2385,1784538287120,1784538287126.0,1784538287960.6055,1.761,6.0,834.605,,842.367
e-1119,1784538287168.22,1784538288170,1784538288174.0,1784538288961.5427,1001.78,4.0,787.543,,1793.323
e-1120,1784538287218.234,1784538288170,1784538288175.0,1784538288961.5454,951.766,5.0,786.545,,1743.312
e-1121,1784538287268.2239,1784538288170,1784538288175.0,1784538288961.5461,901.776,5.0,786.546,,1693.322
e-1122,1784538287318.2266,1784538288170,1784538288175.0,1784538288961.5466,851.773,5.0,786.547,,1643.32
e-1123,1784538287368.2278,1784538288170,1784538288175.0,1784538288961.547,801.772,5.0,786.547,,1593.319
e-1124,1784538287418.2224,1784538288170,1784538288175.0,1784538288961.5476,751.778,5.0,786.548,,1543.325
e-1125,1784538287468.228,1784538288170,1784538288175.0,1784538288961.5479,701.772,5.0,786.548,,1493.32
e-1126,1784538287518.2302,1784538288170,1784538288175.0,1784538288961.5483,651.77,5.0,786.548,,1443.318
e-1127,1784538287568.227,1784538288170,1784538288175.0,1784538288961.5488,601.773,5.0,786.549,,1393.322
e-1128,1784538287618.2307,1784538288170,1784538288175.0,1784538288961.549,551.769,5.0,786.549,,1343.318
e-1129,1784538287668.226,1784538288170,1784538288175.0,1784538288961.5498,501.774,5.0,786.55,,1293.324
e-1130,1784538287718.2278,1784538288170,1784538288175.0,1784538288961.5503,451.772,5.0,786.55,,1243.323
e-1131,1784538287768.2285,1784538288170,1784538288175.0,1784538288961.5508,401.771,5.0,786.551,,1193.322
e-1132,1784538287818.2302,1784538288170,1784538288175.0,1784538288961.5513,351.77,5.0,786.551,,1143.321
e-1133,1784538287868.2256,1784538288170,1784538288175.0,1784538288961.5515,301.774,5.0,786.552,,1093.326
e-1134,1784538287918.2388,1784538288170,1784538288175.0,1784538288961.552,251.761,5.0,786.552,,1043.313
e-1135,1784538287968.2344,1784538288170,1784538288175.0,1784538288961.5525,201.766,5.0,786.552,,993.318
e-1136,1784538288018.2268,1784538288170,1784538288175.0,1784538288961.553,151.773,5.0,786.553,,943.326
e-1137,1784538288068.222,1784538288170,1784538288175.0,1784538288961.5535,101.778,5.0,786.553,,893.332
e-1138,1784538288118.2249,1784538288170,1784538288175.0,1784538288961.5537,51.775,5.0,786.554,,843.329
e-1139,1784538288168.2266,1784538288170,1784538288175.0,1784538288961.5542,1.773,5.0,786.554,,793.328
e-1140,1784538288218.2278,1784538289220,1784538289224.0,1784538289962.996,1001.772,4.0,738.996,,1744.768
e-1141,1784538288268.2334,1784538289220,1784538289224.0,1784538289962.9993,951.767,4.0,738.999,,1694.766
e-1142,1784538288318.2346,1784538289220,1784538289224.0,1784538289963.0005,901.765,4.0,739.0,,1644.766
e-1143,1784538288368.2317,1784538289220,1784538289224.0,1784538289963.014,851.768,4.0,739.014,,1594.782
e-1144,1784538288418.2317,1784538289220,1784538289224.0,1784538289963.0144,801.768,4.0,739.014,,1544.783
e-1145,1784538288468.222,1784538289220,1784538289224.0,1784538289963.015,751.778,4.0,739.015,,1494.793
e-1146,1784538288518.2275,1784538289220,1784538289224.0,1784538289963.0156,701.772,4.0,739.016,,1444.788
e-1147,1784538288568.23,1784538289220,1784538289224.0,1784538289963.0159,651.77,4.0,739.016,,1394.786
e-1148,1784538288618.228,1784538289220,1784538289224.0,1784538289963.0164,601.772,4.0,739.016,,1344.788
e-1149,1784538288668.232,1784538289220,1784538289224.0,1784538289963.017,551.768,4.0,739.017,,1294.785
e-1150,1784538288718.2292,1784538289220,1784538289224.0,1784538289963.0176,501.771,4.0,739.018,,1244.788
e-1151,1784538288768.2356,1784538289220,1784538289224.0,1784538289963.018,451.764,4.0,739.018,,1194.782
e-1152,1784538288818.233,1784538289220,1784538289224.0,1784538289963.0186,401.767,4.0,739.019,,1144.786
e-1153,1784538288868.2266,1784538289220,1784538289224.0,1784538289963.019,351.773,4.0,739.019,,1094.792
e-1154,1784538288918.2273,1784538289220,1784538289224.0,1784538289963.0195,301.773,4.0,739.02,,1044.792
e-1155,1784538288968.2314,1784538289220,1784538289224.0,1784538289963.0198,251.769,4.0,739.02,,994.788
e-1156,1784538289018.2263,1784538289220,1784538289224.0,1784538289963.0203,201.774,4.0,739.02,,944.794
e-1157,1784538289068.2336,1784538289220,1784538289224.0,1784538289963.0208,151.766,4.0,739.021,,894.787
e-1158,1784538289118.2268,1784538289220,1784538289224.0,1784538289963.021,101.773,4.0,739.021,,844.794
e-1159,1784538289168.225,1784538289220,1784538289225.0,1784538289963.0215,51.775,5.0,738.021,,794.796
e-1160,1784538289218.2302,1784538289220,1784538289225.0,1784538289963.022,1.77,5.0,738.022,,744.792
e-1161,1784538289268.2297,1784538290270,1784538290274.0,1784538290962.1125,1001.77,4.0,688.113,,1693.883
e-1162,1784538289318.2222,1784538290270,1784538290274.0,1784538290962.1157,951.778,4.0,688.116,,1643.894
e-1163,1784538289368.2278,1784538290270,1784538290274.0,1784538290962.117,901.772,4.0,688.117,,1593.889
e-1164,1784538289418.2297,1784538290270,1784538290274.0,1784538290962.1174,851.77,4.0,688.117,,1543.888
e-1165,1784538289468.226,1784538290270,1784538290274.0,1784538290962.1182,801.774,4.0,688.118,,1493.892
e-1166,1784538289518.2297,1784538290270,1784538290274.0,1784538290962.1187,751.77,4.0,688.119,,1443.889
e-1167,1784538289568.228,1784538290270,1784538290274.0,1784538290962.1191,701.772,4.0,688.119,,1393.891
e-1168,1784538289618.2322,1784538290270,1784538290274.0,1784538290962.1199,651.768,4.0,688.12,,1343.888
e-1169,1784538289668.2249,1784538290270,1784538290274.0,1784538290962.1204,601.775,4.0,688.12,,1293.896
e-1170,1784538289718.227,1784538290270,1784538290274.0,1784538290962.1208,551.773,4.0,688.121,,1243.894
e-1171,1784538289768.248,1784538290270,1784538290274.0,1784538290962.1213,501.752,4.0,688.121,,1193.873
e-1172,1784538289818.2444,1784538290270,1784538290274.0,1784538290962.1218,451.756,4.0,688.122,,1143.877
e-1173,1784538289868.23,1784538290270,1784538290274.0,1784538290962.1223,401.77,4.0,688.122,,1093.892
e-1174,1784538289918.2322,1784538290270,1784538290274.0,1784538290962.1228,351.768,4.0,688.123,,1043.891
e-1175,1784538289968.236,1784538290270,1784538290275.0,1784538290962.1235,301.764,5.0,687.124,,993.887
e-1176,1784538290018.2507,1784538290270,1784538290275.0,1784538290962.124,251.749,5.0,687.124,,943.873
e-1177,1784538290068.235,1784538290270,1784538290275.0,1784538290962.1245,201.765,5.0,687.125,,893.889
e-1178,1784538290118.2356,1784538290270,1784538290275.0,1784538290962.125,151.764,5.0,687.125,,843.889
e-1179,1784538290168.2307,1784538290270,1784538290275.0,1784538290962.1255,101.769,5.0,687.125,,793.895
e-1180,1784538290218.229,1784538290270,1784538290275.0,1784538290962.126,51.771,5.0,687.126,,743.897
e-1181,1784538290268.2395,1784538290270,1784538290275.0,1784538290962.1265,1.76,5.0,687.126,,693.887
e-1182,1784538290318.228,1784538291320,1784538291324.0,1784538291858.4895,1001.772,4.0,534.49,,1540.261
e-1183,1784538290368.2275,1784538291320,1784538291324.0,1784538291858.4924,951.772,4.0,534.492,,1490.265
e-1184,1784538290418.227,1784538291320,1784538291324.0,1784538291858.4932,901.773,4.0,534.493,,1440.266
e-1185,1784538290468.231,1784538291320,1784538291324.0,1784538291858.4937,851.769,4.0,534.494,,1390.263
e-1186,1784538290518.2285,1784538291320,1784538291324.0,1784538291858.4946,801.771,4.0,534.495,,1340.266
e-1187,1784538290568.2295,1784538291320,1784538291324.0,1784538291858.4949,751.771,4.0,534.495,,1290.265
e-1188,1784538290618.232,1784538291320,1784538291324.0,1784538291858.5156,701.768,4.0,534.516,,1240.284
e-1189,1784538290668.2327,1784538291320,1784538291324.0,1784538291858.5164,651.767,4.0,534.516,,1190.284
e-1190,1784538290718.2312,1784538291320,1784538291324.0,1784538291858.5168,601.769,4.0,534.517,,1140.286
e-1191,1784538290768.2332,1784538291320,1784538291324.0,1784538291858.5298,551.767,4.0,534.53,,1090.297
e-1192,1784538290818.233,1784538291320,1784538291324.0,1784538291858.5303,501.767,4.0,534.53,,1040.297
e-1193,1784538290868.2336,1784538291320,1784538291324.0,1784538291858.5308,451.766,4.0,534.531,,990.297
e-1194,1784538290918.2268,1784538291320,1784538291324.0,1784538291858.5312,401.773,4.0,534.531,,940.304
e-1195,1784538290968.2239,1784538291320,1784538291324.0,1784538291858.5317,351.776,4.0,534.532,,890.308
e-1196,1784538291018.232,1784538291320,1784538291325.0,1784538291858.5322,301.768,5.0,533.532,,840.3
e-1197,1784538291068.2278,1784538291320,1784538291325.0,1784538291858.5327,251.772,5.0,533.533,,790.305
e-1198,1784538291118.2305,1784538291320,1784538291325.0,1784538291858.5334,201.77,5.0,533.533,,740.303
e-1199,1784538291168.2346,1784538291320,1784538291325.0,1784538291858.5337,151.765,5.0,533.534,,690.299
e-1200,1784538291218.2234,1784538291320,1784538291325.0,1784538291858.5342,101.777,5.0,533.534,,640.311
e-1201,1784538291268.229,1784538291320,1784538291325.0,1784538291858.5347,51.771,5.0,533.535,,590.306
e-1202,1784538291318.2395,1784538291320,1784538291325.0,1784538291858.5352,1.76,5.0,533.535,,540.296
e-1203,1784538291368.2388,1784538292370,1784538292374.0,1784538292958.3481,1001.761,4.0,584.348,,1590.109
e-1204,1784538291418.2292,1784538292370,1784538292375.0,1784538292958.3513,951.771,5.0,583.351,,1540.122
e-1205,1784538291468.2493,1784538292370,1784538292375.0,1784538292958.3525,901.751,5.0,583.353,,1490.103
e-1206,1784538291518.2378,1784538292370,1784538292375.0,1784538292958.3533,851.762,5.0,583.353,,1440.115
e-1207,1784538291568.233,1784538292370,1784538292375.0,1784538292958.3538,801.767,5.0,583.354,,1390.121
e-1208,1784538291618.2236,1784538292370,1784538292375.0,1784538292958.3545,751.776,5.0,583.354,,1340.131
e-1209,1784538291668.2275,1784538292370,1784538292375.0,1784538292958.3555,701.772,5.0,583.355,,1290.128
e-1210,1784538291718.231,1784538292370,1784538292375.0,1784538292958.3562,651.769,5.0,583.356,,1240.125
e-1211,1784538291768.229,1784538292370,1784538292375.0,1784538292958.357,601.771,5.0,583.357,,1190.128
e-1212,1784538291818.2314,1784538292370,1784538292375.0,1784538292958.3708,551.769,5.0,583.371,,1140.139
e-1213,1784538291868.227,1784538292370,1784538292375.0,1784538292958.3716,501.773,5.0,583.372,,1090.145
e-1214,1784538291918.2478,1784538292370,1784538292375.0,1784538292958.3723,451.752,5.0,583.372,,1040.125
e-1215,1784538291968.2332,1784538292370,1784538292375.0,1784538292958.373,401.767,5.0,583.373,,990.14
e-1216,1784538292018.2363,1784538292370,1784538292375.0,1784538292958.3738,351.764,5.0,583.374,,940.137
e-1217,1784538292068.2278,1784538292370,1784538292375.0,1784538292958.3748,301.772,5.0,583.375,,890.147
e-1218,1784538292118.237,1784538292370,1784538292375.0,1784538292958.3755,251.763,5.0,583.375,,840.138
e-1219,1784538292168.2263,1784538292370,1784538292375.0,1784538292958.3762,201.774,5.0,583.376,,790.15
e-1220,1784538292218.2393,1784538292370,1784538292375.0,1784538292958.3767,151.761,5.0,583.377,,740.137
e-1221,1784538292268.2285,1784538292370,1784538292375.0,1784538292958.3774,101.771,5.0,583.377,,690.149
e-1222,1784538292318.2239,1784538292370,1784538292375.0,1784538292958.3782,51.776,5.0,583.378,,640.154
e-1223,1784538292368.227,1784538292370,1784538292375.0,1784538292958.379,1.773,5.0,583.379,,590.152
e-1224,1784538292418.229,1784538293420,1784538293424.0,1784538293959.1064,1001.771,4.0,535.106,,1540.877
e-1225,1784538292468.2068,1784538293420,1784538293424.0,1784538293959.1086,951.793,4.0,535.109,,1490.902
e-1226,1784538292518.2297,1784538293420,1784538293424.0,1784538293959.1094,901.77,4.0,535.109,,1440.88
e-1227,1784538292568.2253,1784538293420,1784538293424.0,1784538293959.1123,851.775,4.0,535.112,,1390.887
e-1228,1784538292618.2253,1784538293420,1784538293424.0,1784538293959.1125,801.775,4.0,535.113,,1340.887
e-1229,1784538292668.2231,1784538293420,1784538293424.0,1784538293959.1128,751.777,4.0,535.113,,1290.89
e-1230,1784538292718.2288,1784538293420,1784538293424.0,1784538293959.113,701.771,4.0,535.113,,1240.884
e-1231,1784538292768.2224,1784538293420,1784538293424.0,1784538293959.1133,651.778,4.0,535.113,,1190.891
e-1232,1784538292818.233,1784538293420,1784538293424.0,1784538293959.1135,601.767,4.0,535.114,,1140.881
e-1233,1784538292868.2273,1784538293420,1784538293424.0,1784538293959.1218,551.773,4.0,535.122,,1090.895
e-1234,1784538292918.2278,1784538293420,1784538293424.0,1784538293959.122,501.772,4.0,535.122,,1040.894
e-1235,1784538292968.2202,1784538293420,1784538293424.0,1784538293959.1223,451.78,4.0,535.122,,990.902
e-1236,1784538293018.232,1784538293420,1784538293424.0,1784538293959.1226,401.768,4.0,535.123,,940.891
e-1237,1784538293068.2358,1784538293420,1784538293424.0,1784538293959.1228,351.764,4.0,535.123,,890.887
e-1238,1784538293118.2292,1784538293420,1784538293425.0,1784538293959.123,301.771,5.0,534.123,,840.894
e-1239,1784538293168.2307,1784538293420,1784538293425.0,1784538293959.1233,251.769,5.0,534.123,,790.893
e-1240,1784538293218.2317,1784538293420,1784538293425.0,1784538293959.1235,201.768,5.0,534.124,,740.892
e-1241,1784538293268.229,1784538293420,1784538293425.0,1784538293959.1238,151.771,5.0,534.124,,690.895
e-1242,1784538293318.2368,1784538293420,1784538293425.0,1784538293959.1243,101.763,5.0,534.124,,640.887
e-1243,1784538293368.2288,1784538293420,1784538293425.0,1784538293959.1245,51.771,5.0,534.125,,590.896
e-1244,1784538293418.2275,1784538293420,1784538293425.0,1784538293959.1338,1.772,5.0,534.134,,540.906
e-1245,1784538293468.225,1784538294471,1784538294475.0,1784538294961.9783,1002.775,4.0,486.978,,1493.753
e-1246,1784538293518.2305,1784538294471,1784538294476.0,1784538294961.981,952.77,5.0,485.981,,1443.75
e-1247,1784538293568.2322,1784538294471,1784538294476.0,1784538294961.994,902.768,5.0,485.994,,1393.762
e-1248,1784538293618.2314,1784538294471,1784538294476.0,1784538294961.9946,852.769,5.0,485.995,,1343.763
e-1249,1784538293668.2297,1784538294471,1784538294476.0,1784538294961.995,802.77,5.0,485.995,,1293.765
e-1250,1784538293718.223,1784538294471,1784538294476.0,1784538294961.9956,752.777,5.0,485.996,,1243.773
e-1251,1784538293768.2288,1784538294471,1784538294476.0,1784538294961.9958,702.771,5.0,485.996,,1193.767
e-1252,1784538293818.2378,1784538294471,1784538294476.0,1784538294961.9963,652.762,5.0,485.996,,1143.759
e-1253,1784538293868.2346,1784538294471,1784538294476.0,1784538294961.9966,602.765,5.0,485.997,,1093.762
e-1254,1784538293918.2405,1784538294471,1784538294476.0,1784538294961.997,552.76,5.0,485.997,,1043.757
e-1255,1784538293968.2253,1784538294471,1784538294476.0,1784538294961.9973,502.775,5.0,485.997,,993.772
e-1256,1784538294018.2356,1784538294471,1784538294476.0,1784538294961.9976,452.764,5.0,485.998,,943.762
e-1257,1784538294068.2275,1784538294471,1784538294476.0,1784538294961.998,402.772,5.0,485.998,,893.771
e-1258,1784538294118.2341,1784538294471,1784538294476.0,1784538294961.9983,352.766,5.0,485.998,,843.764
e-1259,1784538294168.2336,1784538294471,1784538294476.0,1784538294961.9988,302.766,5.0,485.999,,793.765
e-1260,1784538294218.2385,1784538294471,1784538294476.0,1784538294961.999,252.761,5.0,485.999,,743.76
e-1261,1784538294268.233,1784538294471,1784538294476.0,1784538294961.9995,202.767,5.0,486.0,,693.767
e-1262,1784538294318.2312,1784538294471,1784538294476.0,1784538294961.9998,152.769,5.0,486.0,,643.769
e-1263,1784538294368.236,1784538294471,1784538294476.0,1784538294962.0,102.764,5.0,486.0,,593.764
e-1264,1784538294418.2402,1784538294471,1784538294476.0,1784538294962.0005,52.76,5.0,486.0,,543.76
e-1265,1784538294468.2473,1784538294471,1784538294476.0,1784538294962.0007,2.753,5.0,486.001,,493.753
e-1266,1784538294518.2385,1784538295520,1784538295524.0,1784538295962.185,1001.761,4.0,438.185,,1443.947
e-1267,1784538294568.236,1784538295520,1784538295524.0,1784538295962.1868,951.764,4.0,438.187,,1393.951
e-1268,1784538294618.233,1784538295520,1784538295524.0,1784538295962.1958,901.767,4.0,438.196,,1343.963
e-1269,1784538294668.2307,1784538295520,1784538295524.0,1784538295962.196,851.769,4.0,438.196,,1293.965
e-1270,1784538294718.231,1784538295520,1784538295524.0,1784538295962.1963,801.769,4.0,438.196,,1243.965
e-1271,1784538294768.226,1784538295520,1784538295524.0,1784538295962.1965,751.774,4.0,438.197,,1193.97
e-1272,1784538294818.2275,1784538295520,1784538295524.0,1784538295962.1968,701.772,4.0,438.197,,1143.969
e-1273,1784538294868.2336,1784538295520,1784538295524.0,1784538295962.197,651.766,4.0,438.197,,1093.963
e-1274,1784538294918.2344,1784538295520,1784538295524.0,1784538295962.1973,601.766,4.0,438.197,,1043.963
e-1275,1784538294968.2422,1784538295520,1784538295524.0,1784538295962.1975,551.758,4.0,438.198,,993.955
e-1276,1784538295018.2297,1784538295520,1784538295524.0,1784538295962.1978,501.77,4.0,438.198,,943.968
e-1277,1784538295068.2393,1784538295520,1784538295524.0,1784538295962.198,451.761,4.0,438.198,,893.959
e-1278,1784538295118.2327,1784538295520,1784538295524.0,1784538295962.2007,401.767,4.0,438.201,,843.968
e-1279,1784538295168.2383,1784538295520,1784538295524.0,1784538295962.201,351.762,4.0,438.201,,793.963
e-1280,1784538295218.241,1784538295520,1784538295524.0,1784538295962.2012,301.759,4.0,438.201,,743.96
e-1281,1784538295268.236,1784538295520,1784538295524.0,1784538295962.2039,251.764,4.0,438.204,,693.968
e-1282,1784538295318.2244,1784538295520,1784538295524.0,1784538295962.204,201.776,4.0,438.204,,643.98
e-1283,1784538295368.232,1784538295520,1784538295524.0,1784538295962.2043,151.768,4.0,438.204,,593.972
e-1284,1784538295418.234,1784538295520,1784538295525.0,1784538295962.2046,101.766,5.0,437.205,,543.971
e-1285,1784538295468.2285,1784538295520,1784538295525.0,1784538295962.2048,51.771,5.0,437.205,,493.976
e-1286,1784538295518.2273,1784538295520,1784538295525.0,1784538295962.205,1.773,5.0,437.205,,443.978
e-1287,1784538295568.232,1784538296570,1784538296574.0,1784538296955.1125,1001.768,4.0,381.113,,1386.881
e-1288,1784538295618.2297,1784538296570,1784538296574.0,1784538296955.115,951.77,4.0,381.115,,1336.885
e-1289,1784538295668.2297,1784538296570,1784538296574.0,1784538296955.1287,901.77,4.0,381.129,,1286.899
e-1290,1784538295718.2297,1784538296570,1784538296574.0,1784538296955.1292,851.77,4.0,381.129,,1236.899
e-1291,1784538295768.226,1784538296570,1784538296574.0,1784538296955.1296,801.774,4.0,381.13,,1186.904
e-1292,1784538295818.221,1784538296570,1784538296574.0,1784538296955.1301,751.779,4.0,381.13,,1136.909
e-1293,1784538295868.2292,1784538296570,1784538296574.0,1784538296955.1306,701.771,4.0,381.131,,1086.901
e-1294,1784538295918.2295,1784538296570,1784538296574.0,1784538296955.131,651.771,4.0,381.131,,1036.902
e-1295,1784538295968.2332,1784538296570,1784538296574.0,1784538296955.1313,601.767,4.0,381.131,,986.898
e-1296,1784538296018.2302,1784538296570,1784538296574.0,1784538296955.1318,551.77,4.0,381.132,,936.902
e-1297,1784538296068.2312,1784538296570,1784538296574.0,1784538296955.1323,501.769,4.0,381.132,,886.901
e-1298,1784538296118.2283,1784538296570,1784538296574.0,1784538296955.1328,451.772,4.0,381.133,,836.905
e-1299,1784538296168.2263,1784538296570,1784538296574.0,1784538296955.1335,401.774,4.0,381.134,,786.907
e-1300,1784538296218.229,1784538296570,1784538296574.0,1784538296955.134,351.771,4.0,381.134,,736.905
e-1301,1784538296268.225,1784538296570,1784538296574.0,1784538296955.1345,301.775,4.0,381.135,,686.909
e-1302,1784538296318.2236,1784538296570,1784538296574.0,1784538296955.135,251.776,4.0,381.135,,636.911
e-1303,1784538296368.23,1784538296570,1784538296574.0,1784538296955.1355,201.77,4.0,381.135,,586.906
e-1304,1784538296418.2327,1784538296570,1784538296574.0,1784538296955.1357,151.767,4.0,381.136,,536.903
e-1305,1784538296468.2327,1784538296570,1784538296574.0,1784538296955.1362,101.767,4.0,381.136,,486.904
e-1306,1784538296518.228,1784538296570,1784538296574.0,1784538296955.1367,51.772,4.0,381.137,,436.909
e-1307,1784538296568.2334,1784538296570,1784538296574.0,1784538296955.1372,1.767,4.0,381.137,,386.904
e-1308,1784538296618.2346,1784538297621,1784538297624.0,1784538297856.1714,1002.765,3.0,232.171,,1237.937
e-1309,1784538296668.234,1784538297621,1784538297624.0,1784538297856.1733,952.766,3.0,232.173,,1187.939
e-1310,1784538296718.2273,1784538297621,1784538297624.0,1784538297856.1846,902.773,3.0,232.185,,1137.957
e-1311,1784538296768.232,1784538297621,1784538297624.0,1784538297856.1848,852.768,3.0,232.185,,1087.953
e-1312,1784538296818.24,1784538297621,1784538297625.0,1784538297856.1853,802.76,4.0,231.185,,1037.945
e-1313,1784538296868.223,1784538297621,1784538297625.0,1784538297856.1855,752.777,4.0,231.186,,987.963
e-1314,1784538296918.2344,1784538297621,1784538297625.0,1784538297856.186,702.766,4.0,231.186,,937.952
e-1315,1784538296968.2266,1784538297621,1784538297625.0,1784538297856.1865,652.773,4.0,231.187,,887.96
e-1316,1784538297018.2317,1784538297621,1784538297625.0,1784538297856.187,602.768,4.0,231.187,,837.955
e-1317,1784538297068.246,1784538297621,1784538297625.0,1784538297856.1873,552.754,4.0,231.187,,787.941
e-1318,1784538297118.23,1784538297621,1784538297625.0,1784538297856.1877,502.77,4.0,231.188,,737.958
e-1319,1784538297168.2307,1784538297621,1784538297625.0,1784538297856.188,452.769,4.0,231.188,,687.957
e-1320,1784538297218.2266,1784538297621,1784538297625.0,1784538297856.1882,402.773,4.0,231.188,,637.962
e-1321,1784538297268.244,1784538297621,1784538297625.0,1784538297856.1887,352.756,4.0,231.189,,587.945
e-1322,1784538297318.2249,1784538297621,1784538297625.0,1784538297856.189,302.775,4.0,231.189,,537.964
e-1323,1784538297368.2288,1784538297621,1784538297625.0,1784538297856.1892,252.771,4.0,231.189,,487.96
e-1324,1784538297418.221,1784538297621,1784538297625.0,1784538297856.1897,202.779,4.0,231.19,,437.969
e-1325,1784538297468.2283,1784538297621,1784538297625.0,1784538297856.1929,152.772,4.0,231.193,,387.965
e-1326,1784538297518.2278,1784538297621,1784538297625.0,1784538297856.193,102.772,4.0,231.193,,337.965
e-1327,1784538297568.2307,1784538297621,1784538297625.0,1784538297856.1936,52.769,4.0,231.194,,287.963
e-1328,1784538297618.2278,1784538297621,1784538297625.0,1784538297856.206,2.772,4.0,231.206,,237.978
e-1329,1784538297668.2273,1784538298670,1784538298674.0,1784538298956.2686,1001.773,4.0,282.269,,1288.041
e-1330,1784538297718.219,1784538298670,1784538298674.0,1784538298956.2705,951.781,4.0,282.271,,1238.052
e-1331,1784538297768.2397,1784538298670,1784538298674.0,1784538298956.2712,901.76,4.0,282.271,,1188.031
e-1332,1784538297818.2256,1784538298670,1784538298674.0,1784538298956.2852,851.774,4.0,282.285,,1138.06
e-1333,1784538297868.2195,1784538298670,1784538298674.0,1784538298956.2861,801.781,4.0,282.286,,1088.067
e-1334,1784538297918.2246,1784538298670,1784538298674.0,1784538298956.2864,751.775,4.0,282.286,,1038.062
e-1335,1784538297968.232,1784538298670,1784538298674.0,1784538298956.2869,701.768,4.0,282.287,,988.055
e-1336,1784538298018.2305,1784538298670,1784538298674.0,1784538298956.2874,651.77,4.0,282.287,,938.057
e-1337,1784538298068.2244,1784538298670,1784538298674.0,1784538298956.2878,601.776,4.0,282.288,,888.063
e-1338,1784538298118.2292,1784538298670,1784538298674.0,1784538298956.2883,551.771,4.0,282.288,,838.059
e-1339,1784538298168.2358,1784538298670,1784538298674.0,1784538298956.2888,501.764,4.0,282.289,,788.053
e-1340,1784538298218.2295,1784538298670,1784538298674.0,1784538298956.2893,451.771,4.0,282.289,,738.06
e-1341,1784538298268.2334,1784538298670,1784538298674.0,1784538298956.2898,401.767,4.0,282.29,,688.056
e-1342,1784538298318.2249,1784538298670,1784538298674.0,1784538298956.29,351.775,4.0,282.29,,638.065
e-1343,1784538298368.2334,1784538298670,1784538298674.0,1784538298956.2905,301.767,4.0,282.291,,588.057
e-1344,1784538298418.229,1784538298670,1784538298674.0,1784538298956.291,251.771,4.0,282.291,,538.062
e-1345,1784538298468.2292,1784538298670,1784538298674.0,1784538298956.2913,201.771,4.0,282.291,,488.062
e-1346,1784538298518.2312,1784538298670,1784538298674.0,1784538298956.2917,151.769,4.0,282.292,,438.061
e-1347,1784538298568.2302,1784538298670,1784538298674.0,1784538298956.2922,101.77,4.0,282.292,,388.062
e-1348,1784538298618.2324,1784538298670,1784538298674.0,1784538298956.2925,51.768,4.0,282.292,,338.06
e-1349,1784538298668.231,1784538298670,1784538298674.0,1784538298956.293,1.769,4.0,282.293,,288.062
e-1350,1784538298718.2275,1784538299721,1784538299726.0,1784538299957.7366,1002.772,5.0,231.737,,1239.509
e-1351,1784538298768.2317,1784538299721,1784538299726.0,1784538299957.7397,952.768,5.0,231.74,,1189.508
e-1352,1784538298818.2292,1784538299721,1784538299726.0,1784538299957.7405,902.771,5.0,231.74,,1139.511
e-1353,1784538298868.231,1784538299721,1784538299726.0,1784538299957.7542,852.769,5.0,231.754,,1089.523
e-1354,1784538298918.225,1784538299721,1784538299726.0,1784538299957.755,802.775,5.0,231.755,,1039.53
e-1355,1784538298968.2383,1784538299721,1784538299726.0,1784538299957.7556,752.762,5.0,231.756,,989.517
e-1356,1784538299018.2227,1784538299721,1784538299726.0,1784538299957.756,702.777,5.0,231.756,,939.533
e-1357,1784538299068.226,1784538299721,1784538299726.0,1784538299957.7566,652.774,5.0,231.757,,889.531
e-1358,1784538299118.2385,1784538299721,1784538299726.0,1784538299957.757,602.761,5.0,231.757,,839.519
e-1359,1784538299168.2288,1784538299721,1784538299726.0,1784538299957.7576,552.771,5.0,231.758,,789.529
e-1360,1784538299218.228,1784538299721,1784538299726.0,1784538299957.758,502.772,5.0,231.758,,739.53
e-1361,1784538299268.2278,1784538299721,1784538299726.0,1784538299957.7585,452.772,5.0,231.759,,689.531
e-1362,1784538299318.2283,1784538299721,1784538299726.0,1784538299957.759,402.772,5.0,231.759,,639.531
e-1363,1784538299368.228,1784538299721,1784538299726.0,1784538299957.8125,352.772,5.0,231.812,,589.584
e-1364,1784538299418.2285,1784538299721,1784538299726.0,1784538299957.813,302.771,5.0,231.813,,539.584
e-1365,1784538299468.2312,1784538299721,1784538299726.0,1784538299957.8135,252.769,5.0,231.813,,489.582
e-1366,1784538299518.236,1784538299721,1784538299726.0,1784538299957.814,202.764,5.0,231.814,,439.578
e-1367,1784538299568.2314,1784538299721,1784538299726.0,1784538299957.8147,152.769,5.0,231.815,,389.583
e-1368,1784538299618.2366,1784538299721,1784538299726.0,1784538299957.8152,102.763,5.0,231.815,,339.579
e-1369,1784538299668.2368,1784538299721,1784538299726.0,1784538299957.8213,52.763,5.0,231.821,,289.584
e-1370,1784538299718.2363,1784538299721,1784538299726.0,1784538299957.822,2.764,5.0,231.822,,239.586
e-1371,1784538299768.2373,1784538300771,1784538300773.0,1784538300968.0154,1002.763,2.0,195.015,,1199.778
e-1372,1784538299819.5562,1784538300771,1784538300774.0,1784538300968.0195,951.444,3.0,194.02,,1148.463
e-1373,1784538299868.2297,1784538300771,1784538300774.0,1784538300968.0205,902.77,3.0,194.021,,1099.791
e-1374,1784538299918.229,1784538300771,1784538300774.0,1784538300968.0403,852.771,3.0,194.04,,1049.811
e-1375,1784538299968.226,1784538300771,1784538300774.0,1784538300968.0413,802.774,3.0,194.041,,999.815
e-1376,1784538300018.2456,1784538300771,1784538300774.0,1784538300968.042,752.754,3.0,194.042,,949.796
e-1377,1784538300068.236,1784538300771,1784538300774.0,1784538300968.0427,702.764,3.0,194.043,,899.807
e-1378,1784538300118.23,1784538300771,1784538300774.0,1784538300968.0435,652.77,3.0,194.043,,849.813
e-1379,1784538300168.2305,1784538300771,1784538300774.0,1784538300968.0442,602.77,3.0,194.044,,799.814
e-1380,1784538300218.2388,1784538300771,1784538300774.0,1784538300968.0452,552.761,3.0,194.045,,749.806
e-1381,1784538300268.2327,1784538300771,1784538300774.0,1784538300968.0457,502.767,3.0,194.046,,699.813
e-1382,1784538300318.233,1784538300771,1784538300774.0,1784538300968.0464,452.767,3.0,194.046,,649.813
e-1383,1784538300368.2297,1784538300771,1784538300774.0,1784538300968.047,402.77,3.0,194.047,,599.817
e-1384,1784538300418.236,1784538300771,1784538300774.0,1784538300968.0479,352.764,3.0,194.048,,549.812
e-1385,1784538300468.2344,1784538300771,1784538300774.0,1784538300968.0486,302.766,3.0,194.049,,499.814
e-1386,1784538300518.2373,1784538300771,1784538300774.0,1784538300968.0493,252.763,3.0,194.049,,449.812
e-1387,1784538300568.2302,1784538300771,1784538300774.0,1784538300968.05,202.77,3.0,194.05,,399.82
e-1388,1784538300618.2383,1784538300771,1784538300774.0,1784538300968.0508,152.762,3.0,194.051,,349.812
e-1389,1784538300668.2354,1784538300771,1784538300774.0,1784538300968.0513,102.765,3.0,194.051,,299.816
e-1390,1784538300718.2363,1784538300771,1784538300774.0,1784538300968.052,52.764,3.0,194.052,,249.816
e-1391,1784538300768.2263,1784538300771,1784538300774.0,1784538300968.0527,2.774,3.0,194.053,,199.826
e-1392,1784538300818.2268,1784538301821,1784538301933.0,1784538302961.1907,1002.773,112.0,1028.191,,2142.964
e-1393,1784538300868.2288,1784538301821,1784538301933.0,1784538302961.1926,952.771,112.0,1028.193,,2092.964
e-1394,1784538300918.247,1784538301821,1784538301933.0,1784538302961.1929,902.753,112.0,1028.193,,2042.946
e-1395,1784538300968.2273,1784538301821,1784538301933.0,1784538302961.2,852.773,112.0,1028.2,,1992.973
e-1396,1784538301018.228,1784538301821,1784538301933.0,1784538302961.2002,802.772,112.0,1028.2,,1942.972
e-1397,1784538301068.2292,1784538301821,1784538301933.0,1784538302961.2004,752.771,112.0,1028.2,,1892.971
e-1398,1784538301118.226,1784538301821,1784538301933.0,1784538302961.2007,702.774,112.0,1028.201,,1842.975
e-1399,1784538301168.231,1784538301821,1784538301933.0,1784538302961.201,652.769,112.0,1028.201,,1792.97
e-1400,1784538301218.2292,1784538301821,1784538301933.0,1784538302961.2012,602.771,112.0,1028.201,,1742.972
e-1401,1784538301268.2346,1784538301821,1784538301934.0,1784538302961.2014,552.765,113.0,1027.201,,1692.967
e-1402,1784538301318.224,1784538301821,1784538301934.0,1784538302961.2017,502.776,113.0,1027.202,,1642.978
e-1403,1784538301368.2302,1784538301821,1784538301934.0,1784538302961.202,452.77,113.0,1027.202,,1592.972
e-1404,1784538301418.2266,1784538301821,1784538301934.0,1784538302961.2021,402.773,113.0,1027.202,,1542.976
e-1405,1784538301468.2456,1784538301821,1784538301934.0,1784538302961.203,352.754,113.0,1027.203,,1492.957
e-1406,1784538301518.231,1784538301821,1784538301934.0,1784538302961.2031,302.769,113.0,1027.203,,1442.972
e-1407,1784538301568.2307,1784538301821,1784538301934.0,1784538302961.2034,252.769,113.0,1027.203,,1392.973
e-1408,1784538301618.229,1784538301821,1784538301934.0,1784538302961.2036,202.771,113.0,1027.204,,1342.975
e-1409,1784538301668.2283,1784538301821,1784538301934.0,1784538302961.2039,152.772,113.0,1027.204,,1292.976
e-1410,1784538301718.2295,1784538301821,1784538301934.0,1784538302961.204,102.771,113.0,1027.204,,1242.975
e-1411,1784538301768.2292,1784538301821,1784538301934.0,1784538302961.2043,52.771,113.0,1027.204,,1192.975
e-1412,1784538301818.2239,1784538301821,1784538301934.0,1784538302961.2046,2.776,113.0,1027.205,,1142.981
e-1413,1784538301868.2256,1784538302870,1784538302930.0,1784538303957.4756,1001.774,60.0,1027.476,,2089.25
e-1414,1784538301918.2275,1784538302870,1784538302931.0,1784538303957.4788,951.772,61.0,1026.479,,2039.251
e-1415,1784538301968.226,1784538302870,1784538302931.0,1784538303957.4802,901.774,61.0,1026.48,,1989.254
e-1416,1784538302018.226,1784538302870,1784538302931.0,1784538303957.4812,851.774,61.0,1026.481,,1939.255
e-1417,1784538302068.2268,1784538302870,1784538302931.0,1784538303957.5205,801.773,61.0,1026.521,,1889.294
e-1418,1784538302118.2273,1784538302870,1784538302931.0,1784538303957.5217,751.773,61.0,1026.522,,1839.294
e-1419,1784538302168.2324,1784538302870,1784538302931.0,1784538303957.5225,701.768,61.0,1026.522,,1789.29
e-1420,1784538302218.2283,1784538302870,1784538302931.0,1784538303957.5232,651.772,61.0,1026.523,,1739.295
e-1421,1784538302268.237,1784538302870,1784538302931.0,1784538303957.524,601.763,61.0,1026.524,,1689.287
e-1422,1784538302318.2202,1784538302870,1784538302931.0,1784538303957.5308,551.78,61.0,1026.531,,1639.311
e-1423,1784538302368.2283,1784538302870,1784538302931.0,1784538303957.5317,501.772,61.0,1026.532,,1589.303
e-1424,1784538302418.2224,1784538302870,1784538302931.0,1784538303957.5325,451.778,61.0,1026.532,,1539.31
e-1425,1784538302468.2285,1784538302870,1784538302931.0,1784538303957.5332,401.771,61.0,1026.533,,1489.305
e-1426,1784538302518.226,1784538302870,1784538302931.0,1784538303957.5342,351.774,61.0,1026.534,,1439.308
e-1427,1784538302568.2244,1784538302870,1784538302931.0,1784538303957.535,301.776,61.0,1026.535,,1389.311
e-1428,1784538302618.237,1784538302870,1784538302931.0,1784538303957.5356,251.763,61.0,1026.536,,1339.299
e-1429,1784538302668.2368,1784538302870,1784538302931.0,1784538303957.5364,201.763,61.0,1026.536,,1289.3
e-1430,1784538302718.226,1784538302870,1784538302931.0,1784538303957.5374,151.774,61.0,1026.537,,1239.311
e-1431,1784538302768.2341,1784538302870,1784538302931.0,1784538303957.538,101.766,61.0,1026.538,,1189.304
e-1432,1784538302818.2222,1784538302870,1784538302931.0,1784538303957.5386,51.778,61.0,1026.539,,1139.316
e-1433,1784538302868.2356,1784538302870,1784538302931.0,1784538303957.5393,1.764,61.0,1026.539,,1089.304
e-1434,1784538302918.214,1784538303920,1784538303929.0,1784538304975.043,1001.786,9.0,1046.043,,2056.829
e-1435,1784538302968.2297,1784538303920,1784538303929.0,1784538304975.0469,951.77,9.0,1046.047,,2006.817
e-1436,1784538303018.2288,1784538303920,1784538303929.0,1784538304975.0479,901.771,9.0,1046.048,,1956.819
e-1437,1784538303068.2314,1784538303920,1784538303929.0,1784538304975.0625,851.769,9.0,1046.062,,1906.831
e-1438,1784538303118.2288,1784538303920,1784538303929.0,1784538304975.0657,801.771,9.0,1046.066,,1856.837
e-1439,1784538303168.2285,1784538303920,1784538303929.0,1784538304975.0667,751.771,9.0,1046.067,,1806.838
e-1440,1784538303218.2278,1784538303920,1784538303929.0,1784538304975.0671,701.772,9.0,1046.067,,1756.839
e-1441,1784538303268.2336,1784538303920,1784538303929.0,1784538304975.0676,651.766,9.0,1046.068,,1706.834
e-1442,1784538303318.226,1784538303920,1784538303929.0,1784538304975.0679,601.774,9.0,1046.068,,1656.842
e-1443,1784538303368.2278,1784538303920,1784538303929.0,1784538304975.0686,551.772,9.0,1046.069,,1606.841
e-1444,1784538303418.2278,1784538303920,1784538303929.0,1784538304975.0688,501.772,9.0,1046.069,,1556.841
e-1445,1784538303468.2292,1784538303920,1784538303930.0,1784538304975.069,451.771,10.0,1045.069,,1506.84
e-1446,1784538303518.23,1784538303920,1784538303930.0,1784538304975.0696,401.77,10.0,1045.07,,1456.84
e-1447,1784538303568.2336,1784538303920,1784538303930.0,1784538304975.0698,351.766,10.0,1045.07,,1406.836
e-1448,1784538303618.2285,1784538303920,1784538303930.0,1784538304975.07,301.771,10.0,1045.07,,1356.842
e-1449,1784538303668.234,1784538303920,1784538303930.0,1784538304975.0703,251.766,10.0,1045.07,,1306.836
e-1450,1784538303718.26,1784538303920,1784538303930.0,1784538304975.0708,201.74,10.0,1045.071,,1256.811
e-1451,1784538303768.2327,1784538303920,1784538303930.0,1784538304975.0713,151.767,10.0,1045.071,,1206.839
e-1452,1784538303818.2288,1784538303920,1784538303930.0,1784538304975.0715,101.771,10.0,1045.072,,1156.843
e-1453,1784538303868.2344,1784538303920,1784538303930.0,1784538304975.072,51.766,10.0,1045.072,,1106.838
e-1454,1784538303918.2354,1784538303920,1784538303930.0,1784538304975.0723,1.765,10.0,1045.072,,1056.837
e-1455,1784538303968.2258,1784538304971,1784538304978.0,1784538305963.9656,1002.774,7.0,985.966,,1995.74
e-1456,1784538304018.2344,1784538304971,1784538304978.0,1784538305963.9697,952.766,7.0,985.97,,1945.735
e-1457,1784538304068.2334,1784538304971,1784538304978.0,1784538305963.9712,902.767,7.0,985.971,,1895.738
e-1458,1784538304118.2612,1784538304971,1784538304978.0,1784538305963.972,852.739,7.0,985.972,,1845.711
e-1459,1784538304168.2305,1784538304971,1784538304978.0,1784538305964.0017,802.77,7.0,986.002,,1795.771
e-1460,1784538304218.2327,1784538304971,1784538304978.0,1784538305964.0022,752.767,7.0,986.002,,1745.77
e-1461,1784538304268.3948,1784538304971,1784538304978.0,1784538305964.003,702.605,7.0,986.003,,1695.608
e-1462,1784538304318.2312,1784538304971,1784538304978.0,1784538305964.0034,652.769,7.0,986.003,,1645.772
e-1463,1784538304368.231,1784538304971,1784538304978.0,1784538305964.004,602.769,7.0,986.004,,1595.773
e-1464,1784538304418.2344,1784538304971,1784538304978.0,1784538305964.0044,552.766,7.0,986.004,,1545.77
e-1465,1784538304468.2295,1784538304971,1784538304978.0,1784538305964.005,502.771,7.0,986.005,,1495.775
e-1466,1784538304518.2417,1784538304971,1784538304978.0,1784538305964.0054,452.758,7.0,986.005,,1445.764
e-1467,1784538304568.2424,1784538304971,1784538304978.0,1784538305964.0059,402.758,7.0,986.006,,1395.763
e-1468,1784538304618.2395,1784538304971,1784538304978.0,1784538305964.0115,352.76,7.0,986.011,,1345.772
e-1469,1784538304668.2349,1784538304971,1784538304978.0,1784538305964.0122,302.765,7.0,986.012,,1295.777
e-1470,1784538304718.244,1784538304971,1784538304978.0,1784538305964.013,252.756,7.0,986.013,,1245.769
e-1471,1784538304768.2275,1784538304971,1784538304978.0,1784538305964.0317,202.772,7.0,986.032,,1195.804
e-1472,1784538304818.232,1784538304971,1784538304978.0,1784538305964.0325,152.768,7.0,986.032,,1145.801
e-1473,1784538304868.2314,1784538304971,1784538304978.0,1784538305964.033,102.769,7.0,986.033,,1095.802
e-1474,1784538304918.2478,1784538304971,1784538304978.0,1784538305964.0334,52.752,7.0,986.033,,1045.786
e-1475,1784538304968.2422,1784538304971,1784538304978.0,1784538305964.034,2.758,7.0,986.034,,995.792
e-1476,1784538305018.2256,1784538306021,1784538306024.0,1784538306958.247,1002.774,3.0,934.247,,1940.021
e-1477,1784538305068.2334,1784538306021,1784538306024.0,1784538306958.2507,952.767,3.0,934.251,,1890.017
e-1478,1784538305118.234,1784538306021,1784538306024.0,1784538306958.2515,902.766,3.0,934.251,,1840.018
e-1479,1784538305168.231,1784538306021,1784538306024.0,1784538306958.2522,852.769,3.0,934.252,,1790.021
e-1480,1784538305218.229,1784538306021,1784538306024.0,1784538306958.2678,802.771,3.0,934.268,,1740.039
e-1481,1784538305268.229,1784538306021,1784538306025.0,1784538306958.2686,752.771,4.0,933.269,,1690.04
e-1482,1784538305318.2222,1784538306021,1784538306025.0,1784538306958.269,702.778,4.0,933.269,,1640.047
e-1483,1784538305368.2275,1784538306021,1784538306025.0,1784538306958.274,652.772,4.0,933.274,,1590.046
e-1484,1784538305418.2288,1784538306021,1784538306025.0,1784538306958.2747,602.771,4.0,933.275,,1540.046
e-1485,1784538305468.2222,1784538306021,1784538306025.0,1784538306958.2751,552.778,4.0,933.275,,1490.053
e-1486,1784538305518.2324,1784538306021,1784538306025.0,1784538306958.276,502.768,4.0,933.276,,1440.043
e-1487,1784538305568.2302,1784538306021,1784538306025.0,1784538306958.2766,452.77,4.0,933.277,,1390.046
e-1488,1784538305618.2292,1784538306021,1784538306025.0,1784538306958.277,402.771,4.0,933.277,,1340.048
e-1489,1784538305668.226,1784538306021,1784538306025.0,1784538306958.2776,352.774,4.0,933.278,,1290.052
e-1490,1784538305718.2275,1784538306021,1784538306025.0,1784538306958.2783,302.772,4.0,933.278,,1240.051
e-1491,1784538305768.2197,1784538306021,1784538306025.0,1784538306958.2788,252.78,4.0,933.279,,1190.059
e-1492,1784538305818.225,1784538306021,1784538306025.0,1784538306958.2793,202.775,4.0,933.279,,1140.054
e-1493,1784538305868.2273,1784538306021,1784538306025.0,1784538306958.2798,152.773,4.0,933.28,,1090.052
e-1494,1784538305918.2336,1784538306021,1784538306025.0,1784538306958.2803,102.766,4.0,933.28,,1040.047
e-1495,1784538305968.222,1784538306021,1784538306025.0,1784538306958.2808,52.778,4.0,933.281,,990.059
e-1496,1784538306018.2332,1784538306021,1784538306025.0,1784538306958.2815,2.767,4.0,933.281,,940.048
e-1497,1784538306068.2327,1784538307071,1784538307076.0,1784538307958.994,1002.767,5.0,882.994,,1890.761
e-1498,1784538306118.2314,1784538307071,1784538307076.0,1784538307958.9963,952.769,5.0,882.996,,1840.765
e-1499,1784538306168.2236,1784538307071,1784538307076.0,1784538307958.997,902.776,5.0,882.997,,1790.773
e-1500,1784538306218.225,1784538307071,1784538307076.0,1784538307958.9978,852.775,5.0,882.998,,1740.773
e-1501,1784538306268.225,1784538307071,1784538307076.0,1784538307958.9985,802.775,5.0,882.999,,1690.773
e-1502,1784538306318.2288,1784538307071,1784538307076.0,1784538307959.0142,752.771,5.0,883.014,,1640.785
e-1503,1784538306368.2207,1784538307071,1784538307076.0,1784538307959.015,702.779,5.0,883.015,,1590.794
e-1504,1784538306418.2285,1784538307071,1784538307076.0,1784538307959.0156,652.771,5.0,883.016,,1540.787
e-1505,1784538306468.2366,1784538307071,1784538307076.0,1784538307959.016,602.763,5.0,883.016,,1490.78
e-1506,1784538306518.2327,1784538307071,1784538307076.0,1784538307959.0166,552.767,5.0,883.017,,1440.784
e-1507,1784538306568.229,1784538307071,1784538307076.0,1784538307959.017,502.771,5.0,883.017,,1390.788
e-1508,1784538306618.2307,1784538307071,1784538307076.0,1784538307959.0176,452.769,5.0,883.018,,1340.787
e-1509,1784538306668.2305,1784538307071,1784538307076.0,1784538307959.018,402.77,5.0,883.018,,1290.788
e-1510,1784538306718.2278,1784538307071,1784538307076.0,1784538307959.0186,352.772,5.0,883.019,,1240.791
e-1511,1784538306768.2239,1784538307071,1784538307076.0,1784538307959.019,302.776,5.0,883.019,,1190.795
e-1512,1784538306818.249,1784538307071,1784538307076.0,1784538307959.0195,252.751,5.0,883.02,,1140.771
e-1513,1784538306868.2302,1784538307071,1784538307076.0,1784538307959.02,202.77,5.0,883.02,,1090.79
e-1514,1784538306918.2266,1784538307071,1784538307076.0,1784538307959.0369,152.773,5.0,883.037,,1040.81
e-1515,1784538306968.2302,1784538307071,1784538307076.0,1784538307959.0378,102.77,5.0,883.038,,990.808
e-1516,1784538307018.2334,1784538307071,1784538307076.0,1784538307959.0383,52.767,5.0,883.038,,940.805
e-1517,1784538307068.2314,1784538307071,1784538307076.0,1784538307959.0388,2.769,5.0,883.039,,890.807
e-1518,1784538307118.225,1784538308121,1784538308124.0,1784538308857.816,1002.775,3.0,733.816,,1739.591
e-1519,1784538307168.2275,1784538308121,1784538308125.0,1784538308857.8188,952.772,4.0,732.819,,1689.591
e-1520,1784538307218.2288,1784538308121,1784538308125.0,1784538308857.8196,902.771,4.0,732.82,,1639.591
e-1521,1784538307268.231,1784538308121,1784538308125.0,1784538308857.82,852.769,4.0,732.82,,1589.589
e-1522,1784538307318.2156,1784538308121,1784538308125.0,1784538308857.8208,802.784,4.0,732.821,,1539.605
e-1523,1784538307368.2239,1784538308121,1784538308125.0,1784538308857.8333,752.776,4.0,732.833,,1489.609
e-1524,1784538307418.2246,1784538308121,1784538308125.0,1784538308857.8337,702.775,4.0,732.834,,1439.609
e-1525,1784538307468.2349,1784538308121,1784538308125.0,1784538308857.834,652.765,4.0,732.834,,1389.599
e-1526,1784538307518.2156,1784538308121,1784538308125.0,1784538308857.8342,602.784,4.0,732.834,,1339.619
e-1527,1784538307568.227,1784538308121,1784538308125.0,1784538308857.8347,552.773,4.0,732.835,,1289.608
e-1528,1784538307618.2307,1784538308121,1784538308125.0,1784538308857.835,502.769,4.0,732.835,,1239.604
e-1529,1784538307668.2305,1784538308121,1784538308125.0,1784538308857.8352,452.77,4.0,732.835,,1189.605
e-1530,1784538307718.2278,1784538308121,1784538308125.0,1784538308857.8354,402.772,4.0,732.835,,1139.608
e-1531,1784538307768.231,1784538308121,1784538308125.0,1784538308857.8472,352.769,4.0,732.847,,1089.616
e-1532,1784538307818.2332,1784538308121,1784538308125.0,1784538308857.8474,302.767,4.0,732.847,,1039.614
e-1533,1784538307868.2305,1784538308121,1784538308125.0,1784538308857.8477,252.77,4.0,732.848,,989.617
e-1534,1784538307918.2322,1784538308121,1784538308125.0,1784538308857.8481,202.768,4.0,732.848,,939.616
e-1535,1784538307968.222,1784538308121,1784538308125.0,1784538308857.8484,152.778,4.0,732.848,,889.626
e-1536,1784538308018.226,1784538308121,1784538308125.0,1784538308857.8486,102.774,4.0,732.849,,839.623
e-1537,1784538308068.2332,1784538308121,1784538308125.0,1784538308857.849,52.767,4.0,732.849,,789.616
e-1538,1784538308118.2253,1784538308121,1784538308125.0,1784538308857.8494,2.775,4.0,732.849,,739.624
e-1539,1784538308168.2312,1784538309171,1784538309175.0,1784538309859.1335,1002.769,4.0,684.134,,1690.902
e-1540,1784538308218.2283,1784538309171,1784538309175.0,1784538309859.137,952.772,4.0,684.137,,1640.909
e-1541,1784538308268.2302,1784538309171,1784538309175.0,1784538309859.1382,902.77,4.0,684.138,,1590.908
e-1542,1784538308318.226,1784538309171,1784538309175.0,1784538309859.1392,852.774,4.0,684.139,,1540.913
e-1543,1784538308368.232,1784538309171,1784538309175.0,1784538309859.1401,802.768,4.0,684.14,,1490.908
e-1544,1784538308418.228,1784538309171,1784538309175.0,1784538309859.1565,752.772,4.0,684.156,,1440.928
e-1545,1784538308468.2285,1784538309171,1784538309175.0,1784538309859.1575,702.771,4.0,684.157,,1390.929
e-1546,1784538308518.2285,1784538309171,1784538309175.0,1784538309859.1582,652.771,4.0,684.158,,1340.93
e-1547,1784538308568.2344,1784538309171,1784538309175.0,1784538309859.159,602.766,4.0,684.159,,1290.925
e-1548,1784538308618.2346,1784538309171,1784538309175.0,1784538309859.1597,552.765,4.0,684.16,,1240.925
e-1549,1784538308668.2275,1784538309171,1784538309175.0,1784538309859.1604,502.772,4.0,684.16,,1190.933
e-1550,1784538308718.236,1784538309171,1784538309175.0,1784538309859.1611,452.764,4.0,684.161,,1140.925
e-1551,1784538308768.2278,1784538309171,1784538309175.0,1784538309859.1619,402.772,4.0,684.162,,1090.934
e-1552,1784538308818.2258,1784538309171,1784538309175.0,1784538309859.1626,352.774,4.0,684.163,,1040.937
e-1553,1784538308868.2322,1784538309171,1784538309175.0,1784538309859.1636,302.768,4.0,684.164,,990.931
e-1554,1784538308918.2292,1784538309171,1784538309175.0,1784538309859.1646,252.771,4.0,684.165,,940.935
e-1555,1784538308968.235,1784538309171,1784538309175.0,1784538309859.1653,202.765,4.0,684.165,,890.93
e-1556,1784538309018.2395,1784538309171,1784538309175.0,1784538309859.1663,152.76,4.0,684.166,,840.927
e-1557,1784538309068.2212,1784538309171,1784538309175.0,1784538309859.167,102.779,4.0,684.167,,790.946
e-1558,1784538309118.2246,1784538309171,1784538309175.0,1784538309859.1675,52.775,4.0,684.167,,740.943
e-1559,1784538309168.2273,1784538309171,1784538309175.0,1784538309859.1682,2.773,4.0,684.168,,690.941
e-1560,1784538309218.2295,1784538310221,1784538310224.0,1784538310966.427,1002.771,3.0,742.427,,1748.198
e-1561,1784538309268.2266,1784538310221,1784538310224.0,1784538310966.43,952.773,3.0,742.43,,1698.203
e-1562,1784538309318.2263,1784538310221,1784538310224.0,1784538310966.4307,902.774,3.0,742.431,,1648.204
e-1563,1784538309368.2275,1784538310221,1784538310224.0,1784538310966.4312,852.772,3.0,742.431,,1598.204
e-1564,1784538309418.2273,1784538310221,1784538310224.0,1784538310966.432,802.773,3.0,742.432,,1548.205
e-1565,1784538309468.2297,1784538310221,1784538310224.0,1784538310966.4443,752.77,3.0,742.444,,1498.215
e-1566,1784538309518.2295,1784538310221,1784538310224.0,1784538310966.4448,702.771,3.0,742.445,,1448.215
e-1567,1784538309568.2268,1784538310221,1784538310224.0,1784538310966.4453,652.773,3.0,742.445,,1398.219
e-1568,1784538309618.2268,1784538310221,1784538310224.0,1784538310966.4456,602.773,3.0,742.446,,1348.219
e-1569,1784538309668.2295,1784538310221,1784538310224.0,1784538310966.446,552.771,3.0,742.446,,1298.217
e-1570,1784538309718.2266,1784538310221,1784538310224.0,1784538310966.4465,502.773,3.0,742.447,,1248.22
e-1571,1784538309768.2292,1784538310221,1784538310224.0,1784538310966.447,452.771,3.0,742.447,,1198.218
e-1572,1784538309818.224,1784538310221,1784538310224.0,1784538310966.4475,402.776,3.0,742.448,,1148.223
e-1573,1784538309868.2334,1784538310221,1784538310224.0,1784538310966.4517,352.767,3.0,742.452,,1098.218
e-1574,1784538309918.2283,1784538310221,1784538310224.0,1784538310966.452,302.772,3.0,742.452,,1048.224
e-1575,1784538309968.2305,1784538310221,1784538310224.0,1784538310966.4524,252.77,3.0,742.452,,998.222
e-1576,1784538310018.2283,1784538310221,1784538310224.0,1784538310966.453,202.772,3.0,742.453,,948.225
e-1577,1784538310068.23,1784538310221,1784538310224.0,1784538310966.4534,152.77,3.0,742.453,,898.223
e-1578,1784538310118.2258,1784538310221,1784538310224.0,1784538310966.4536,102.774,3.0,742.454,,848.228
e-1579,1784538310169.3936,1784538310221,1784538310224.0,1784538310966.454,51.606,3.0,742.454,,797.061
e-1580,1784538310218.2283,1784538310221,1784538310224.0,1784538310966.4546,2.772,3.0,742.455,,748.226
e-1581,1784538310268.229,1784538311271,1784538311274.0,1784538311959.6333,1002.771,3.0,685.633,,1691.404
e-1582,1784538310318.228,1784538311271,1784538311274.0,1784538311959.636,952.772,3.0,685.636,,1641.408
e-1583,1784538310368.2266,1784538311271,1784538311274.0,1784538311959.6365,902.773,3.0,685.636,,1591.41
e-1584,1784538310418.227,1784538311271,1784538311274.0,1784538311959.6367,852.773,3.0,685.637,,1541.41
e-1585,1784538310468.2295,1784538311271,1784538311274.0,1784538311959.647,802.771,3.0,685.647,,1491.417
e-1586,1784538310518.2336,1784538311271,1784538311274.0,1784538311959.6472,752.766,3.0,685.647,,1441.414
e-1587,1784538310568.2278,1784538311271,1784538311274.0,1784538311959.652,702.772,3.0,685.652,,1391.424
e-1588,1784538310618.2363,1784538311271,1784538311274.0,1784538311959.6526,652.764,3.0,685.653,,1341.416
e-1589,1784538310668.2266,1784538311271,1784538311274.0,1784538311959.6528,602.773,3.0,685.653,,1291.426
e-1590,1784538310718.2344,1784538311271,1784538311274.0,1784538311959.653,552.766,3.0,685.653,,1241.419
e-1591,1784538310768.2292,1784538311271,1784538311274.0,1784538311959.6536,502.771,3.0,685.654,,1191.424
e-1592,1784538310818.2268,1784538311271,1784538311274.0,1784538311959.6538,452.773,3.0,685.654,,1141.427
e-1593,1784538310868.226,1784538311271,1784538311274.0,1784538311959.654,402.774,3.0,685.654,,1091.428
e-1594,1784538310918.2305,1784538311271,1784538311274.0,1784538311959.6543,352.77,3.0,685.654,,1041.424
e-1595,1784538310968.2273,1784538311271,1784538311274.0,1784538311959.6545,302.773,3.0,685.655,,991.427
e-1596,1784538311018.2327,1784538311271,1784538311274.0,1784538311959.6548,252.767,3.0,685.655,,941.422
e-1597,1784538311068.2275,1784538311271,1784538311274.0,1784538311959.655,202.772,3.0,685.655,,891.427
e-1598,1784538311118.2278,1784538311271,1784538311274.0,1784538311959.6555,152.772,3.0,685.656,,841.428
e-1599,1784538311168.2253,1784538311271,1784538311274.0,1784538311959.6558,102.775,3.0,685.656,,791.43
e-1600,1784538311218.2278,1784538311271,1784538311274.0,1784538311959.656,52.772,3.0,685.656,,741.428
e-1601,1784538311268.2288,1784538311271,1784538311274.0,1784538311959.6562,2.771,3.0,685.656,,691.427
e-1602,1784538311318.2341,1784538312320,1784538312325.0,1784538312960.1729,1001.766,5.0,635.173,,1641.939
e-1603,1784538311368.2278,1784538312320,1784538312325.0,1784538312960.1763,951.772,5.0,635.176,,1591.948
e-1604,1784538311418.2295,1784538312320,1784538312325.0,1784538312960.1772,901.771,5.0,635.177,,1541.948
e-1605,1784538311468.2278,1784538312320,1784538312325.0,1784538312960.178,851.772,5.0,635.178,,1491.95
e-1606,1784538311518.2302,1784538312320,1784538312325.0,1784538312960.1787,801.77,5.0,635.179,,1441.948
e-1607,1784538311568.2268,1784538312320,1784538312325.0,1784538312960.1902,751.773,5.0,635.19,,1391.963
e-1608,1784538311618.2273,1784538312320,1784538312325.0,1784538312960.1946,701.773,5.0,635.195,,1341.967
e-1609,1784538311668.227,1784538312320,1784538312325.0,1784538312960.195,651.773,5.0,635.195,,1291.968
e-1610,1784538311718.2275,1784538312320,1784538312325.0,1784538312960.1956,601.772,5.0,635.196,,1241.968
e-1611,1784538311768.2278,1784538312320,1784538312325.0,1784538312960.196,551.772,5.0,635.196,,1191.968
e-1612,1784538311818.2249,1784538312320,1784538312325.0,1784538312960.1965,501.775,5.0,635.197,,1141.972
e-1613,1784538311868.227,1784538312320,1784538312325.0,1784538312960.1968,451.773,5.0,635.197,,1091.97
e-1614,1784538311918.23,1784538312320,1784538312325.0,1784538312960.1973,401.77,5.0,635.197,,1041.967
e-1615,1784538311968.2268,1784538312320,1784538312325.0,1784538312960.1978,351.773,5.0,635.198,,991.971
e-1616,1784538312018.2222,1784538312320,1784538312325.0,1784538312960.1982,301.778,5.0,635.198,,941.976
e-1617,1784538312068.218,1784538312320,1784538312325.0,1784538312960.1987,251.782,5.0,635.199,,891.981
e-1618,1784538312118.2236,1784538312320,1784538312325.0,1784538312960.2031,201.776,5.0,635.203,,841.979
e-1619,1784538312168.2283,1784538312320,1784538312325.0,1784538312960.2036,151.772,5.0,635.204,,791.975
e-1620,1784538312218.2246,1784538312320,1784538312325.0,1784538312960.204,101.775,5.0,635.204,,741.979
e-1621,1784538312268.228,1784538312320,1784538312325.0,1784538312960.2046,51.772,5.0,635.205,,691.977
e-1622,1784538312318.229,1784538312320,1784538312325.0,1784538312960.205,1.771,5.0,635.205,,641.976
e-1623,1784538312368.2322,1784538313371,1784538313374.0,1784538313956.3826,1002.768,3.0,582.383,,1588.15
e-1624,1784538312418.2324,1784538313371,1784538313374.0,1784538313956.3853,952.768,3.0,582.385,,1538.153
e-1625,1784538312468.2263,1784538313371,1784538313374.0,1784538313956.386,902.774,3.0,582.386,,1488.16
e-1626,1784538312518.2283,1784538313371,1784538313374.0,1784538313956.3862,852.772,3.0,582.386,,1438.158
e-1627,1784538312568.2283,1784538313371,1784538313374.0,1784538313956.387,802.772,3.0,582.387,,1388.159
e-1628,1784538312618.224,1784538313371,1784538313374.0,1784538313956.3875,752.776,3.0,582.387,,1338.163
e-1629,1784538312668.2312,1784538313371,1784538313374.0,1784538313956.4011,702.769,3.0,582.401,,1288.17
e-1630,1784538312718.2253,1784538313371,1784538313374.0,1784538313956.4016,652.775,3.0,582.402,,1238.176
e-1631,1784538312768.2266,1784538313371,1784538313374.0,1784538313956.402,602.773,3.0,582.402,,1188.176
e-1632,1784538312818.2278,1784538313371,1784538313374.0,1784538313956.4026,552.772,3.0,582.403,,1138.175
e-1633,1784538312868.2266,1784538313371,1784538313374.0,1784538313956.403,502.773,3.0,582.403,,1088.177
e-1634,1784538312918.2307,1784538313371,1784538313374.0,1784538313956.4033,452.769,3.0,582.403,,1038.173
e-1635,1784538312968.2336,1784538313371,1784538313374.0,1784538313956.4038,402.766,3.0,582.404,,988.17
e-1636,1784538313018.2532,1784538313371,1784538313374.0,1784538313956.4043,352.747,3.0,582.404,,938.151
e-1637,1784538313068.2327,1784538313371,1784538313374.0,1784538313956.4048,302.767,3.0,582.405,,888.172
e-1638,1784538313118.2275,1784538313371,1784538313374.0,1784538313956.405,252.772,3.0,582.405,,838.177
e-1639,1784538313168.2275,1784538313371,1784538313374.0,1784538313956.4058,202.772,3.0,582.406,,788.178
e-1640,1784538313218.2197,1784538313371,1784538313374.0,1784538313956.4062,152.78,3.0,582.406,,738.187
e-1641,1784538313268.225,1784538313371,1784538313374.0,1784538313956.4065,102.775,3.0,582.406,,688.181
e-1642,1784538313318.222,1784538313371,1784538313374.0,1784538313956.407,52.778,3.0,582.407,,638.185
e-1643,1784538313368.2263,1784538313371,1784538313374.0,1784538313956.4246,2.774,3.0,582.425,,588.198
e-1644,1784538313418.2258,1784538314421,1784538314424.0,1784538314855.9307,1002.774,3.0,431.931,,1437.705
e-1645,1784538313468.2322,1784538314421,1784538314424.0,1784538314855.9338,952.768,3.0,431.934,,1387.702
e-1646,1784538313518.2244,1784538314421,1784538314424.0,1784538314855.9348,902.776,3.0,431.935,,1337.71
e-1647,1784538313568.2295,1784538314421,1784538314424.0,1784538314855.9355,852.771,3.0,431.936,,1287.706
e-1648,1784538313618.2256,1784538314421,1784538314424.0,1784538314855.9363,802.774,3.0,431.936,,1237.711
e-1649,1784538313668.234,1784538314421,1784538314424.0,1784538314855.9368,752.766,3.0,431.937,,1187.703
e-1650,1784538313718.2273,1784538314421,1784538314424.0,1784538314855.9512,702.773,3.0,431.951,,1137.724
e-1651,1784538313768.2327,1784538314421,1784538314424.0,1784538314855.9521,652.767,3.0,431.952,,1087.719
e-1652,1784538313818.221,1784538314421,1784538314424.0,1784538314855.9526,602.779,3.0,431.953,,1037.732
e-1653,1784538313868.2253,1784538314421,1784538314424.0,1784538314855.9534,552.775,3.0,431.953,,987.728
e-1654,1784538313918.2273,1784538314421,1784538314424.0,1784538314855.954,502.773,3.0,431.954,,937.727
e-1655,1784538313968.2288,1784538314421,1784538314424.0,1784538314855.9546,452.771,3.0,431.955,,887.726
e-1656,1784538314018.2246,1784538314421,1784538314424.0,1784538314855.9556,402.775,3.0,431.956,,837.731
e-1657,1784538314068.2253,1784538314421,1784538314424.0,1784538314855.956,352.775,3.0,431.956,,787.731
e-1658,1784538314118.2227,1784538314421,1784538314424.0,1784538314855.9568,302.777,3.0,431.957,,737.734
e-1659,1784538314168.2295,1784538314421,1784538314424.0,1784538314855.9573,252.771,3.0,431.957,,687.728
e-1660,1784538314218.2236,1784538314421,1784538314424.0,1784538314855.9578,202.776,3.0,431.958,,637.734
e-1661,1784538314268.23,1784538314421,1784538314424.0,1784538314855.9585,152.77,3.0,431.958,,587.729
e-1662,1784538314318.2234,1784538314421,1784538314424.0,1784538314855.959,102.777,3.0,431.959,,537.736
e-1663,1784538314368.228,1784538314421,1784538314424.0,1784538314855.9595,52.772,3.0,431.959,,487.731
e-1664,1784538314418.2278,1784538314421,1784538314424.0,1784538314855.9602,2.772,3.0,431.96,,437.732
e-1665,1784538314468.23,1784538315471,1784538315474.0,1784538315954.1804,1002.77,3.0,480.18,,1485.95
e-1666,1784538314518.227,1784538315471,1784538315474.0,1784538315954.184,952.773,3.0,480.184,,1435.957
e-1667,1784538314568.229,1784538315471,1784538315474.0,1784538315954.185,902.771,3.0,480.185,,1385.956
e-1668,1784538314618.2283,1784538315471,1784538315474.0,1784538315954.1858,852.772,3.0,480.186,,1335.958
e-1669,1784538314668.2312,1784538315471,1784538315474.0,1784538315954.1863,802.769,3.0,480.186,,1285.955
e-1670,1784538314718.2031,1784538315471,1784538315474.0,1784538315954.187,752.797,3.0,480.187,,1235.984
e-1671,1784538314768.2285,1784538315471,1784538315474.0,1784538315954.1877,702.771,3.0,480.188,,1185.959
e-1672,1784538314818.2231,1784538315471,1784538315474.0,1784538315954.204,652.777,3.0,480.204,,1135.981
e-1673,1784538314868.2288,1784538315471,1784538315474.0,1784538315954.2053,602.771,3.0,480.205,,1085.977
e-1674,1784538314918.2275,1784538315471,1784538315474.0,1784538315954.206,552.772,3.0,480.206,,1035.979
e-1675,1784538314968.2327,1784538315471,1784538315474.0,1784538315954.2068,502.767,3.0,480.207,,985.974
e-1676,1784538315018.2283,1784538315471,1784538315474.0,1784538315954.2122,452.772,3.0,480.212,,935.984
e-1677,1784538315068.231,1784538315471,1784538315474.0,1784538315954.213,402.769,3.0,480.213,,885.982
e-1678,1784538315118.2273,1784538315471,1784538315474.0,1784538315954.2136,352.773,3.0,480.214,,835.986
e-1679,1784538315168.2285,1784538315471,1784538315474.0,1784538315954.214,302.771,3.0,480.214,,785.986
e-1680,1784538315218.228,1784538315471,1784538315474.0,1784538315954.2148,252.772,3.0,480.215,,735.987
e-1681,1784538315268.2275,1784538315471,1784538315474.0,1784538315954.2153,202.772,3.0,480.215,,685.988
e-1682,1784538315318.2244,1784538315471,1784538315474.0,1784538315954.216,152.776,3.0,480.216,,635.992
e-1683,1784538315368.23,1784538315471,1784538315474.0,1784538315954.2166,102.77,3.0,480.217,,585.987
e-1684,1784538315418.2283,1784538315471,1784538315474.0,1784538315954.2173,52.772,3.0,480.217,,535.989
e-1685,1784538315468.2275,1784538315471,1784538315474.0,1784538315954.218,2.772,3.0,480.218,,485.99
e-1686,1784538315518.2285,1784538316520,1784538316524.0,1784538316871.3245,1001.771,4.0,347.324,,1353.096
e-1687,1784538315568.2285,1784538316520,1784538316524.0,1784538316871.3289,951.771,4.0,347.329,,1303.1
e-1688,1784538315618.2268,1784538316520,1784538316524.0,1784538316871.3298,901.773,4.0,347.33,,1253.103
e-1689,1784538315668.2295,1784538316520,1784538316524.0,1784538316871.331,851.771,4.0,347.331,,1203.102
e-1690,1784538315718.2249,1784538316520,1784538316524.0,1784538316871.332,801.775,4.0,347.332,,1153.107
e-1691,1784538315768.226,1784538316520,1784538316524.0,1784538316871.3333,751.774,4.0,347.333,,1103.107
e-1692,1784538315818.1863,1784538316520,1784538316524.0,1784538316871.3342,701.814,4.0,347.334,,1053.148
e-1693,1784538315868.2332,1784538316520,1784538316524.0,1784538316871.3499,651.767,4.0,347.35,,1003.117
e-1694,1784538315918.2295,1784538316520,1784538316524.0,1784538316871.3503,601.771,4.0,347.35,,953.121
e-1695,1784538315968.2356,1784538316520,1784538316524.0,1784538316871.3513,551.764,4.0,347.351,,903.116
e-1696,1784538316018.2268,1784538316520,1784538316524.0,1784538316871.3516,501.773,4.0,347.352,,853.125
e-1697,1784538316068.231,1784538316520,1784538316524.0,1784538316871.3518,451.769,4.0,347.352,,803.121
e-1698,1784538316118.2258,1784538316520,1784538316524.0,1784538316871.3525,401.774,4.0,347.353,,753.127
e-1699,1784538316168.2297,1784538316520,1784538316524.0,1784538316871.353,351.77,4.0,347.353,,703.123
e-1700,1784538316218.2263,1784538316520,1784538316524.0,1784538316871.3535,301.774,4.0,347.354,,653.127
e-1701,1784538316268.2292,1784538316520,1784538316524.0,1784538316871.3538,251.771,4.0,347.354,,603.125
e-1702,1784538316318.2375,1784538316520,1784538316524.0,1784538316871.3542,201.762,4.0,347.354,,553.117
e-1703,1784538316368.2444,1784538316520,1784538316524.0,1784538316871.3547,151.756,4.0,347.355,,503.11
e-1704,1784538316418.2305,1784538316520,1784538316524.0,1784538316871.3552,101.77,4.0,347.355,,453.125
e-1705,1784538316468.254,1784538316520,1784538316524.0,1784538316871.3555,51.746,4.0,347.355,,403.102
e-1706,1784538316518.23,1784538316520,1784538316524.0,1784538316871.356,1.77,4.0,347.356,,353.126
e-1707,1784538316568.2378,1784538317570,1784538317574.0,1784538317950.0771,1001.762,4.0,376.077,,1381.839
e-1708,1784538316618.2288,1784538317570,1784538317574.0,1784538317950.0793,951.771,4.0,376.079,,1331.851
e-1709,1784538316668.2307,1784538317570,1784538317574.0,1784538317950.0798,901.769,4.0,376.08,,1281.849
e-1710,1784538316718.2266,1784538317570,1784538317574.0,1784538317950.0803,851.773,4.0,376.08,,1231.854
e-1711,1784538316768.2278,1784538317570,1784538317574.0,1784538317950.0806,801.772,4.0,376.081,,1181.853
e-1712,1784538316818.2295,1784538317570,1784538317574.0,1784538317950.0808,751.771,4.0,376.081,,1131.851
e-1713,1784538316868.2532,1784538317570,1784538317574.0,1784538317950.0813,701.747,4.0,376.081,,1081.828
e-1714,1784538316918.2283,1784538317570,1784538317574.0,1784538317950.0923,651.772,4.0,376.092,,1031.864
e-1715,1784538316968.23,1784538317570,1784538317574.0,1784538317950.0928,601.77,4.0,376.093,,981.863
e-1716,1784538317018.229,1784538317570,1784538317574.0,1784538317950.093,551.771,4.0,376.093,,931.864
e-1717,1784538317068.2334,1784538317570,1784538317574.0,1784538317950.0933,501.767,4.0,376.093,,881.86
e-1718,1784538317118.222,1784538317570,1784538317574.0,1784538317950.0935,451.778,4.0,376.094,,831.872
e-1719,1784538317168.2288,1784538317570,1784538317574.0,1784538317950.0938,401.771,4.0,376.094,,781.865
e-1720,1784538317218.2258,1784538317570,1784538317574.0,1784538317950.0942,351.774,4.0,376.094,,731.868
e-1721,1784538317268.2258,1784538317570,1784538317574.0,1784538317950.0945,301.774,4.0,376.094,,681.869
e-1722,1784538317318.2244,1784538317570,1784538317574.0,1784538317950.0947,251.776,4.0,376.095,,631.87
e-1723,1784538317368.2058,1784538317570,1784538317574.0,1784538317950.095,201.794,4.0,376.095,,581.889
e-1724,1784538317418.228,1784538317570,1784538317574.0,1784538317950.0955,151.772,4.0,376.095,,531.867
e-1725,1784538317468.231,1784538317570,1784538317574.0,1784538317950.0957,101.769,4.0,376.096,,481.865
e-1726,1784538317518.23,1784538317570,1784538317574.0,1784538317950.096,51.77,4.0,376.096,,431.866
e-1727,1784538317568.2292,1784538317570,1784538317574.0,1784538317950.0962,1.771,4.0,376.096,,381.867
e-1728,1784538317618.2275,1784538318620,1784538318623.0,1784538318951.992,1001.772,3.0,328.992,,1333.764
e-1729,1784538317668.2249,1784538318620,1784538318624.0,1784538318951.9946,951.775,4.0,327.995,,1283.77
e-1730,1784538317718.2275,1784538318620,1784538318624.0,1784538318951.9956,901.772,4.0,327.996,,1233.768
e-1731,1784538317768.2266,1784538318620,1784538318624.0,1784538318951.996,851.773,4.0,327.996,,1183.77
e-1732,1784538317818.2258,1784538318620,1784538318624.0,1784538318951.9963,801.774,4.0,327.996,,1133.771
e-1733,1784538317868.2302,1784538318620,1784538318624.0,1784538318951.9968,751.77,4.0,327.997,,1083.767
e-1734,1784538317918.2256,1784538318620,1784538318624.0,1784538318951.9973,701.774,4.0,327.997,,1033.772
e-1735,1784538317968.2312,1784538318620,1784538318624.0,1784538318952.0083,651.769,4.0,328.008,,983.777
e-1736,1784538318018.228,1784538318620,1784538318624.0,1784538318952.0085,601.772,4.0,328.009,,933.781
e-1737,1784538318068.2397,1784538318620,1784538318624.0,1784538318952.009,551.76,4.0,328.009,,883.769
e-1738,1784538318118.226,1784538318620,1784538318624.0,1784538318952.0095,501.774,4.0,328.01,,833.783
e-1739,1784538318168.2273,1784538318620,1784538318624.0,1784538318952.0098,451.773,4.0,328.01,,783.782
e-1740,1784538318218.2207,1784538318620,1784538318624.0,1784538318952.0103,401.779,4.0,328.01,,733.79
e-1741,1784538318268.2283,1784538318620,1784538318624.0,1784538318952.0107,351.772,4.0,328.011,,683.782
e-1742,1784538318318.2256,1784538318620,1784538318624.0,1784538318952.011,301.774,4.0,328.011,,633.785
e-1743,1784538318368.2288,1784538318620,1784538318624.0,1784538318952.0115,251.771,4.0,328.011,,583.783
e-1744,1784538318418.2231,1784538318620,1784538318624.0,1784538318952.0117,201.777,4.0,328.012,,533.789
e-1745,1784538318468.2278,1784538318620,1784538318624.0,1784538318952.015,151.772,4.0,328.015,,483.787
e-1746,1784538318518.2263,1784538318620,1784538318624.0,1784538318952.0154,101.774,4.0,328.015,,433.789
e-1747,1784538318568.2214,1784538318620,1784538318624.0,1784538318952.0156,51.779,4.0,328.016,,383.794
e-1748,1784538318618.2258,1784538318620,1784538318624.0,1784538318952.016,1.774,4.0,328.016,,333.79
e-1749,1784538318668.227,1784538319670,1784538319674.0,1784538319853.3696,1001.773,4.0,179.37,,1185.143
e-1750,1784538318718.2268,1784538319670,1784538319674.0,1784538319853.3726,951.773,4.0,179.373,,1135.146
e-1751,1784538318768.2256,1784538319670,1784538319674.0,1784538319853.3733,901.774,4.0,179.373,,1085.148
e-1752,1784538318818.2253,1784538319670,1784538319674.0,1784538319853.374,851.775,4.0,179.374,,1035.149
e-1753,1784538318868.2334,1784538319670,1784538319674.0,1784538319853.3748,801.767,4.0,179.375,,985.141
e-1754,1784538318918.228,1784538319670,1784538319674.0,1784538319853.3752,751.772,4.0,179.375,,935.147
e-1755,1784538318968.2378,1784538319670,1784538319674.0,1784538319853.376,701.762,4.0,179.376,,885.138
e-1756,1784538319018.2278,1784538319670,1784538319674.0,1784538319853.3765,651.772,4.0,179.376,,835.149
e-1757,1784538319069.7976,1784538319670,1784538319674.0,1784538319853.3926,600.202,4.0,179.393,,783.595
e-1758,1784538319118.2285,1784538319670,1784538319674.0,1784538319853.3933,551.771,4.0,179.393,,735.165
e-1759,1784538319168.2295,1784538319670,1784538319674.0,1784538319853.3938,501.771,4.0,179.394,,685.164
e-1760,1784538319218.2312,1784538319670,1784538319674.0,1784538319853.3943,451.769,4.0,179.394,,635.163
e-1761,1784538319268.2334,1784538319670,1784538319674.0,1784538319853.3945,401.767,4.0,179.395,,585.161
e-1762,1784538319318.2295,1784538319670,1784538319674.0,1784538319853.395,351.771,4.0,179.395,,535.166
e-1763,1784538319368.2314,1784538319670,1784538319674.0,1784538319853.3955,301.769,4.0,179.396,,485.164
e-1764,1784538319418.2344,1784538319670,1784538319674.0,1784538319853.396,251.766,4.0,179.396,,435.162
e-1765,1784538319468.2317,1784538319670,1784538319674.0,1784538319853.4116,201.768,4.0,179.412,,385.18
e-1766,1784538319518.2292,1784538319670,1784538319674.0,1784538319853.412,151.771,4.0,179.412,,335.183
e-1767,1784538319568.2292,1784538319670,1784538319674.0,1784538319853.4126,101.771,4.0,179.413,,285.183
e-1768,1784538319618.228,1784538319670,1784538319674.0,1784538319853.413,51.772,4.0,179.413,,235.185
e-1769,1784538319668.2278,1784538319670,1784538319674.0,1784538319853.4133,1.772,4.0,179.413,,185.186
e-1770,1784538319718.2275,1784538320720,1784538320725.0,1784538320856.1,1001.772,5.0,131.1,,1137.873
e-1771,1784538319768.2239,1784538320720,1784538320725.0,1784538320856.1033,951.776,5.0,131.103,,1087.879
e-1772,1784538319818.2654,1784538320720,1784538320725.0,1784538320856.104,901.735,5.0,131.104,,1037.839
e-1773,1784538319868.2454,1784538320720,1784538320725.0,1784538320856.1047,851.755,5.0,131.105,,987.859
e-1774,1784538319918.23,1784538320720,1784538320725.0,1784538320856.1055,801.77,5.0,131.105,,937.875
e-1775,1784538319968.2334,1784538320720,1784538320725.0,1784538320856.107,751.767,5.0,131.107,,887.874
e-1776,1784538320018.2266,1784538320720,1784538320725.0,1784538320856.108,701.773,5.0,131.108,,837.881
e-1777,1784538320068.229,1784538320720,1784538320725.0,1784538320856.1084,651.771,5.0,131.108,,787.879
e-1778,1784538320118.2332,1784538320720,1784538320725.0,1784538320856.126,601.767,5.0,131.126,,737.893
e-1779,1784538320168.2344,1784538320720,1784538320725.0,1784538320856.1267,551.766,5.0,131.127,,687.892
e-1780,1784538320218.233,1784538320720,1784538320725.0,1784538320856.127,501.767,5.0,131.127,,637.894
e-1781,1784538320268.227,1784538320720,1784538320725.0,1784538320856.1272,451.773,5.0,131.127,,587.9
e-1782,1784538320318.234,1784538320720,1784538320725.0,1784538320856.1274,401.766,5.0,131.127,,537.894
e-1783,1784538320368.238,1784538320720,1784538320725.0,1784538320856.128,351.762,5.0,131.128,,487.89
e-1784,1784538320418.2302,1784538320720,1784538320725.0,1784538320856.1284,301.77,5.0,131.128,,437.898
e-1785,1784538320468.2266,1784538320720,1784538320725.0,1784538320856.129,251.773,5.0,131.129,,387.902
e-1786,1784538320518.2292,1784538320720,1784538320725.0,1784538320856.1292,201.771,5.0,131.129,,337.9
e-1787,1784538320568.2356,1784538320720,1784538320725.0,1784538320856.1294,151.764,5.0,131.129,,287.894
e-1788,1784538320618.2354,1784538320720,1784538320725.0,1784538320856.13,101.765,5.0,131.13,,237.895
e-1789,1784538320668.2063,1784538320720,1784538320725.0,1784538320856.1309,51.794,5.0,131.131,,187.925
e-1790,1784538320718.2297,1784538320720,1784538320725.0,1784538320856.131,1.77,5.0,131.131,,137.901
e-1791,1784538320768.2349,1784538321770,1784538321774.0,1784538321955.768,1001.765,4.0,181.768,,1187.533
e-1792,1784538320818.227,1784538321770,1784538321774.0,1784538321955.771,951.773,4.0,181.771,,1137.544
e-1793,1784538320868.2422,1784538321770,1784538321774.0,1784538321955.7717,901.758,4.0,181.772,,1087.53
e-1794,1784538320918.2305,1784538321770,1784538321774.0,1784538321955.7725,851.77,4.0,181.772,,1037.542
e-1795,1784538320968.2344,1784538321770,1784538321774.0,1784538321955.773,801.766,4.0,181.773,,987.539
e-1796,1784538321018.2288,1784538321770,1784538321774.0,1784538321955.7737,751.771,4.0,181.774,,937.545
e-1797,1784538321068.2332,1784538321770,1784538321774.0,1784538321955.7742,701.767,4.0,181.774,,887.541
e-1798,1784538321118.2324,1784538321770,1784538321774.0,1784538321955.7747,651.768,4.0,181.775,,837.542
e-1799,1784538321168.2246,1784538321770,1784538321774.0,1784538321955.7817,601.775,4.0,181.782,,787.557
e-1800,1784538321218.2197,1784538321770,1784538321774.0,1784538321955.7822,551.78,4.0,181.782,,737.562
e-1801,1784538321268.2266,1784538321770,1784538321774.0,1784538321955.783,501.773,4.0,181.783,,687.556
e-1802,1784538321318.2266,1784538321770,1784538321774.0,1784538321955.7834,451.773,4.0,181.783,,637.557
e-1803,1784538321368.2349,1784538321770,1784538321774.0,1784538321955.7837,401.765,4.0,181.784,,587.549
e-1804,1784538321418.2266,1784538321770,1784538321774.0,1784538321955.7844,351.773,4.0,181.784,,537.558
e-1805,1784538321468.223,1784538321770,1784538321774.0,1784538321955.785,301.777,4.0,181.785,,487.562
e-1806,1784538321518.2268,1784538321770,1784538321774.0,1784538321955.7854,251.773,4.0,181.785,,437.559
e-1807,1784538321568.2222,1784538321770,1784538321774.0,1784538321955.786,201.778,4.0,181.786,,387.564
e-1808,1784538321618.222,1784538321770,1784538321774.0,1784538321955.7864,151.778,4.0,181.786,,337.564
e-1809,1784538321668.2217,1784538321770,1784538321774.0,1784538321955.7869,101.778,4.0,181.787,,287.565
e-1810,1784538321718.2212,1784538321770,1784538321774.0,1784538321955.7874,51.779,4.0,181.787,,237.566
e-1811,1784538321768.2288,1784538321770,1784538321774.0,1784538321955.7878,1.771,4.0,181.788,,187.559
e-1812,1784538321818.231,1784538322820,1784538322929.0,1784538323950.7847,1001.769,109.0,1021.785,,2132.554
e-1813,1784538321868.229,1784538322820,1784538322929.0,1784538323950.7878,951.771,109.0,1021.788,,2082.559
e-1814,1784538321918.23,1784538322820,1784538322929.0,1784538323950.7888,901.77,109.0,1021.789,,2032.559
e-1815,1784538321968.2227,1784538322820,1784538322929.0,1784538323950.7896,851.777,109.0,1021.79,,1982.567
e-1816,1784538322018.1934,1784538322820,1784538322929.0,1784538323950.79,801.807,109.0,1021.79,,1932.597
e-1817,1784538322068.2275,1784538322820,1784538322929.0,1784538323950.7908,751.772,109.0,1021.791,,1882.563
e-1818,1784538322118.2283,1784538322820,1784538322929.0,1784538323950.8062,701.772,109.0,1021.806,,1832.578
e-1819,1784538322168.2312,1784538322820,1784538322929.0,1784538323950.807,651.769,109.0,1021.807,,1782.576
e-1820,1784538322218.2227,1784538322820,1784538322929.0,1784538323950.8118,601.777,109.0,1021.812,,1732.589
e-1821,1784538322268.2324,1784538322820,1784538322929.0,1784538323950.8125,551.768,109.0,1021.812,,1682.58
e-1822,1784538322318.2295,1784538322820,1784538322929.0,1784538323950.8132,501.771,109.0,1021.813,,1632.584
e-1823,1784538322368.229,1784538322820,1784538322929.0,1784538323950.8179,451.771,109.0,1021.818,,1582.589
e-1824,1784538322418.2317,1784538322820,1784538322929.0,1784538323950.8184,401.768,109.0,1021.818,,1532.587
e-1825,1784538322468.23,1784538322820,1784538322929.0,1784538323950.819,351.77,109.0,1021.819,,1482.589
e-1826,1784538322518.2205,1784538322820,1784538322929.0,1784538323950.82,301.78,109.0,1021.82,,1432.6
e-1827,1784538322568.2263,1784538322820,1784538322929.0,1784538323950.8206,251.774,109.0,1021.821,,1382.594
e-1828,1784538322618.227,1784538322820,1784538322929.0,1784538323950.8213,201.773,109.0,1021.821,,1332.594
e-1829,1784538322668.2224,1784538322820,1784538322930.0,1784538323950.822,151.778,110.0,1020.822,,1282.6
e-1830,1784538322718.2183,1784538322820,1784538322930.0,1784538323950.8225,101.782,110.0,1020.823,,1232.604
e-1831,1784538322768.2275,1784538322820,1784538322930.0,1784538323950.823,51.772,110.0,1020.823,,1182.595
e-1832,1784538322818.228,1784538322820,1784538322930.0,1784538323950.8237,1.772,110.0,1020.824,,1132.596
e-1833,1784538322868.2292,1784538323870,1784538323929.0,1784538324960.7957,1001.771,59.0,1031.796,,2092.566
e-1834,1784538322918.2285,1784538323870,1784538323929.0,1784538324960.7988,951.771,59.0,1031.799,,2042.57
e-1835,1784538322968.2295,1784538323870,1784538323929.0,1784538324960.7998,901.771,59.0,1031.8,,1992.57
e-1836,1784538323018.22,1784538323870,1784538323929.0,1784538324960.8003,851.78,59.0,1031.8,,1942.58
e-1837,1784538323068.221,1784538323870,1784538323929.0,1784538324960.801,801.779,59.0,1031.801,,1892.58
e-1838,1784538323118.2273,1784538323870,1784538323929.0,1784538324960.8018,751.773,59.0,1031.802,,1842.574
e-1839,1784538323168.226,1784538323870,1784538323929.0,1784538324960.803,701.774,59.0,1031.803,,1792.577
e-1840,1784538323218.225,1784538323870,1784538323929.0,1784538324960.8037,651.775,59.0,1031.804,,1742.579
e-1841,1784538323268.2244,1784538323870,1784538323929.0,1784538324960.8044,601.776,59.0,1031.804,,1692.58
e-1842,1784538323318.228,1784538323870,1784538323929.0,1784538324960.8167,551.772,59.0,1031.817,,1642.589
e-1843,1784538323368.227,1784538323870,1784538323929.0,1784538324960.8174,501.773,59.0,1031.817,,1592.59
e-1844,1784538323418.23,1784538323870,1784538323929.0,1784538324960.8176,451.77,59.0,1031.818,,1542.588
e-1845,1784538323468.2332,1784538323870,1784538323929.0,1784538324960.818,401.767,59.0,1031.818,,1492.585
e-1846,1784538323518.2231,1784538323870,1784538323929.0,1784538324960.8188,351.777,59.0,1031.819,,1442.596
e-1847,1784538323568.222,1784538323870,1784538323929.0,1784538324960.8193,301.778,59.0,1031.819,,1392.597
e-1848,1784538323618.226,1784538323870,1784538323929.0,1784538324960.8196,251.774,59.0,1031.82,,1342.594
e-1849,1784538323668.2202,1784538323870,1784538323929.0,1784538324960.8203,201.78,59.0,1031.82,,1292.6
e-1850,1784538323718.2205,1784538323870,1784538323929.0,1784538324960.8208,151.78,59.0,1031.821,,1242.6
e-1851,1784538323768.2278,1784538323870,1784538323929.0,1784538324960.8213,101.772,59.0,1031.821,,1192.594
e-1852,1784538323818.2273,1784538323870,1784538323929.0,1784538324960.8215,51.773,59.0,1031.822,,1142.594
e-1853,1784538323868.2268,1784538323870,1784538323929.0,1784538324960.822,1.773,59.0,1031.822,,1092.595
e-1854,1784538323918.2273,1784538324920,1784538324929.0,1784538325956.5679,1001.773,9.0,1027.568,,2038.341
e-1855,1784538323968.228,1784538324920,1784538324929.0,1784538325956.57,951.772,9.0,1027.57,,1988.342
e-1856,1784538324018.227,1784538324920,1784538324929.0,1784538325956.5706,901.773,9.0,1027.571,,1938.344
e-1857,1784538324068.2278,1784538324920,1784538324929.0,1784538325956.5713,851.772,9.0,1027.571,,1888.344
e-1858,1784538324118.2292,1784538324920,1784538324929.0,1784538325956.5718,801.771,9.0,1027.572,,1838.343
e-1859,1784538324168.2212,1784538324920,1784538324929.0,1784538325956.5723,751.779,9.0,1027.572,,1788.351
e-1860,1784538324218.2236,1784538324920,1784538324929.0,1784538325956.573,701.776,9.0,1027.573,,1738.349
e-1861,1784538324268.2253,1784538324920,1784538324929.0,1784538325956.5732,651.775,9.0,1027.573,,1688.348
e-1862,1784538324318.2275,1784538324920,1784538324929.0,1784538325956.5737,601.772,9.0,1027.574,,1638.346
e-1863,1784538324368.2266,1784538324920,1784538324929.0,1784538325956.59,551.773,9.0,1027.59,,1588.364
e-1864,1784538324418.2292,1784538324920,1784538324929.0,1784538325956.5906,501.771,9.0,1027.591,,1538.361
e-1865,1784538324468.2466,1784538324920,1784538324929.0,1784538325956.5908,451.753,9.0,1027.591,,1488.344
e-1866,1784538324518.2292,1784538324920,1784538324929.0,1784538325956.5913,401.771,9.0,1027.591,,1438.362
e-1867,1784538324568.2295,1784538324920,1784538324929.0,1784538325956.5918,351.771,9.0,1027.592,,1388.362
e-1868,1784538324618.2283,1784538324920,1784538324929.0,1784538325956.5923,301.772,9.0,1027.592,,1338.364
e-1869,1784538324668.234,1784538324920,1784538324929.0,1784538325956.597,251.766,9.0,1027.597,,1288.363
e-1870,1784538324718.2314,1784538324920,1784538324929.0,1784538325956.5974,201.769,9.0,1027.597,,1238.366
e-1871,1784538324768.233,1784538324920,1784538324929.0,1784538325956.5977,151.767,9.0,1027.598,,1188.365
e-1872,1784538324818.2297,1784538324920,1784538324929.0,1784538325956.5981,101.77,9.0,1027.598,,1138.368
e-1873,1784538324868.2292,1784538324920,1784538324929.0,1784538325956.5986,51.771,9.0,1027.599,,1088.369
e-1874,1784538324918.2292,1784538324920,1784538324929.0,1784538325956.599,1.771,9.0,1027.599,,1038.37
e-1875,1784538324968.2292,1784538325970,1784538325974.0,1784538326953.1465,1001.771,4.0,979.146,,1984.917
e-1876,1784538325018.2288,1784538325970,1784538325974.0,1784538326953.1494,951.771,4.0,979.149,,1934.921
e-1877,1784538325068.234,1784538325970,1784538325974.0,1784538326953.1504,901.766,4.0,979.15,,1884.917
e-1878,1784538325118.235,1784538325970,1784538325974.0,1784538326953.151,851.765,4.0,979.151,,1834.916
e-1879,1784538325168.2346,1784538325970,1784538325974.0,1784538326953.1514,801.765,4.0,979.151,,1784.917
e-1880,1784538325218.2222,1784538325970,1784538325974.0,1784538326953.152,751.778,4.0,979.152,,1734.93
e-1881,1784538325268.2222,1784538325970,1784538325974.0,1784538326953.1526,701.778,4.0,979.153,,1684.93
e-1882,1784538325318.2278,1784538325970,1784538325974.0,1784538326953.153,651.772,4.0,979.153,,1634.925
e-1883,1784538325368.228,1784538325970,1784538325974.0,1784538326953.1536,601.772,4.0,979.154,,1584.926
e-1884,1784538325418.228,1784538325970,1784538325974.0,1784538326953.167,551.772,4.0,979.167,,1534.939
e-1885,1784538325468.229,1784538325970,1784538325974.0,1784538326953.1675,501.771,4.0,979.167,,1484.938
e-1886,1784538325518.2222,1784538325970,1784538325974.0,1784538326953.168,451.778,4.0,979.168,,1434.946
e-1887,1784538325568.2268,1784538325970,1784538325974.0,1784538326953.1685,401.773,4.0,979.168,,1384.942
e-1888,1784538325618.2273,1784538325970,1784538325974.0,1784538326953.1692,351.773,4.0,979.169,,1334.942
e-1889,1784538325668.2278,1784538325970,1784538325974.0,1784538326953.1697,301.772,4.0,979.17,,1284.942
e-1890,1784538325718.237,1784538325970,1784538325974.0,1784538326953.1702,251.763,4.0,979.17,,1234.933
e-1891,1784538325768.2256,1784538325970,1784538325974.0,1784538326953.1707,201.774,4.0,979.171,,1184.945
e-1892,1784538325818.2292,1784538325970,1784538325974.0,1784538326953.1711,151.771,4.0,979.171,,1134.942
e-1893,1784538325868.2292,1784538325970,1784538325974.0,1784538326953.1716,101.771,4.0,979.172,,1084.942
e-1894,1784538325918.2263,1784538325970,1784538325974.0,1784538326953.172,51.774,4.0,979.172,,1034.946
e-1895,1784538325968.2297,1784538325970,1784538325974.0,1784538326953.1726,1.77,4.0,979.173,,984.943
e-1896,1784538326018.2332,1784538327020,1784538327023.0,1784538327853.0508,1001.767,3.0,830.051,,1834.818
e-1897,1784538326068.2305,1784538327020,1784538327023.0,1784538327853.054,951.77,3.0,830.054,,1784.823
e-1898,1784538326118.2273,1784538327020,1784538327023.0,1784538327853.055,901.773,3.0,830.055,,1734.828
e-1899,1784538326168.226,1784538327020,1784538327023.0,1784538327853.0557,851.774,3.0,830.056,,1684.83
e-1900,1784538326218.227,1784538327020,1784538327023.0,1784538327853.0562,801.773,3.0,830.056,,1634.829
e-1901,1784538326268.2266,1784538327020,1784538327023.0,1784538327853.0566,751.773,3.0,830.057,,1584.83
e-1902,1784538326318.2288,1784538327020,1784538327023.0,1784538327853.0574,701.771,3.0,830.057,,1534.829
e-1903,1784538326368.1934,1784538327020,1784538327023.0,1784538327853.0579,651.807,3.0,830.058,,1484.865
e-1904,1784538326418.2356,1784538327020,1784538327023.0,1784538327853.0586,601.764,3.0,830.059,,1434.823
e-1905,1784538326468.2676,1784538327020,1784538327023.0,1784538327853.071,551.732,3.0,830.071,,1384.803
e-1906,1784538326518.2378,1784538327020,1784538327023.0,1784538327853.0715,501.762,3.0,830.072,,1334.834
e-1907,1784538326568.2322,1784538327020,1784538327023.0,1784538327853.0723,451.768,3.0,830.072,,1284.84
e-1908,1784538326618.2305,1784538327020,1784538327023.0,1784538327853.0728,401.77,3.0,830.073,,1234.842
e-1909,1784538326668.229,1784538327020,1784538327023.0,1784538327853.0732,351.771,3.0,830.073,,1184.844
e-1910,1784538326718.2273,1784538327020,1784538327023.0,1784538327853.0737,301.773,3.0,830.074,,1134.846
e-1911,1784538326768.231,1784538327020,1784538327023.0,1784538327853.0745,251.769,3.0,830.074,,1084.844
e-1912,1784538326818.2305,1784538327020,1784538327023.0,1784538327853.075,201.77,3.0,830.075,,1034.844
e-1913,1784538326868.232,1784538327020,1784538327023.0,1784538327853.0754,151.768,3.0,830.075,,984.844
e-1914,1784538326918.2288,1784538327020,1784538327023.0,1784538327853.0757,101.771,3.0,830.076,,934.847
e-1915,1784538326968.2437,1784538327020,1784538327023.0,1784538327853.08,51.756,3.0,830.08,,884.836
e-1916,1784538327018.2292,1784538327020,1784538327023.0,1784538327853.0806,1.771,3.0,830.081,,834.851
e-1917,1784538327068.232,1784538328070,1784538328074.0,1784538328854.0168,1001.768,4.0,780.017,,1785.785
e-1918,1784538327118.2322,1784538328070,1784538328075.0,1784538328854.0198,951.768,5.0,779.02,,1735.788
e-1919,1784538327168.2178,1784538328070,1784538328075.0,1784538328854.021,901.782,5.0,779.021,,1685.803
e-1920,1784538327218.246,1784538328070,1784538328075.0,1784538328854.0212,851.754,5.0,779.021,,1635.775
e-1921,1784538327268.2295,1784538328070,1784538328075.0,1784538328854.0217,801.771,5.0,779.022,,1585.792
e-1922,1784538327318.2305,1784538328070,1784538328075.0,1784538328854.022,751.77,5.0,779.022,,1535.792
e-1923,1784538327368.2295,1784538328070,1784538328075.0,1784538328854.0227,701.771,5.0,779.023,,1485.793
e-1924,1784538327418.2256,1784538328070,1784538328075.0,1784538328854.0232,651.774,5.0,779.023,,1435.798
e-1925,1784538327468.2354,1784538328070,1784538328075.0,1784538328854.0234,601.765,5.0,779.023,,1385.788
e-1926,1784538327518.2285,1784538328070,1784538328075.0,1784538328854.024,551.771,5.0,779.024,,1335.795
e-1927,1784538327568.2297,1784538328070,1784538328075.0,1784538328854.0352,501.77,5.0,779.035,,1285.805
e-1928,1784538327618.2415,1784538328070,1784538328075.0,1784538328854.036,451.759,5.0,779.036,,1235.794
e-1929,1784538327668.2324,1784538328070,1784538328075.0,1784538328854.0361,401.768,5.0,779.036,,1185.804
e-1930,1784538327718.2307,1784538328070,1784538328075.0,1784538328854.0366,351.769,5.0,779.037,,1135.806
e-1931,1784538327768.2307,1784538328070,1784538328075.0,1784538328854.0369,301.769,5.0,779.037,,1085.806
e-1932,1784538327818.2305,1784538328070,1784538328075.0,1784538328854.037,251.77,5.0,779.037,,1035.807
e-1933,1784538327868.229,1784538328070,1784538328075.0,1784538328854.0374,201.771,5.0,779.037,,985.808
e-1934,1784538327918.2366,1784538328070,1784538328075.0,1784538328854.0378,151.763,5.0,779.038,,935.801
e-1935,1784538327968.2336,1784538328070,1784538328075.0,1784538328854.038,101.766,5.0,779.038,,885.804
e-1936,1784538328018.2324,1784538328070,1784538328075.0,1784538328854.0415,51.768,5.0,779.042,,835.809
e-1937,1784538328069.5713,1784538329071,1784538329074.0,1784538329953.6824,1001.429,3.0,879.682,,1884.111
e-1938,1784538328118.2324,1784538329071,1784538329074.0,1784538329953.684,952.768,3.0,879.684,,1835.452
e-1939,1784538328168.2305,1784538329071,1784538329074.0,1784538329953.6846,902.77,3.0,879.685,,1785.454
e-1940,1784538328218.2314,1784538329071,1784538329074.0,1784538329953.6848,852.769,3.0,879.685,,1735.453
e-1941,1784538328268.237,1784538329071,1784538329074.0,1784538329953.685,802.763,3.0,879.685,,1685.448
e-1942,1784538328318.2344,1784538329071,1784538329074.0,1784538329953.6853,752.766,3.0,879.685,,1635.451
e-1943,1784538328368.2305,1784538329071,1784538329074.0,1784538329953.6855,702.77,3.0,879.686,,1585.455
e-1944,1784538328418.2288,1784538329071,1784538329074.0,1784538329953.6858,652.771,3.0,879.686,,1535.457
e-1945,1784538328468.2354,1784538329071,1784538329074.0,1784538329953.6863,602.765,3.0,879.686,,1485.451
e-1946,1784538328518.2314,1784538329071,1784538329074.0,1784538329953.6863,552.769,3.0,879.686,,1435.455
e-1947,1784538328568.2336,1784538329071,1784538329074.0,1784538329953.6865,502.766,3.0,879.687,,1385.453
e-1948,1784538328618.228,1784538329071,1784538329074.0,1784538329953.6958,452.772,3.0,879.696,,1335.468
e-1949,1784538328668.2285,1784538329071,1784538329074.0,1784538329953.696,402.771,3.0,879.696,,1285.468
e-1950,1784538328718.2273,1784538329071,1784538329074.0,1784538329953.6963,352.773,3.0,879.696,,1235.469
e-1951,1784538328768.2295,1784538329071,1784538329074.0,1784538329953.6965,302.771,3.0,879.697,,1185.467
e-1952,1784538328818.2317,1784538329071,1784538329074.0,1784538329953.6968,252.768,3.0,879.697,,1135.465
e-1953,1784538328868.2324,1784538329071,1784538329074.0,1784538329953.697,202.768,3.0,879.697,,1085.465
e-1954,1784538328918.229,1784538329071,1784538329075.0,1784538329953.6973,152.771,4.0,878.697,,1035.468
e-1955,1784538328968.2292,1784538329071,1784538329075.0,1784538329953.6975,102.771,4.0,878.698,,985.468
e-1956,1784538329018.2266,1784538329071,1784538329075.0,1784538329953.6978,52.773,4.0,878.698,,935.471
e-1957,1784538329068.2307,1784538329071,1784538329075.0,1784538329953.698,2.769,4.0,878.698,,885.467
e-1958,1784538329118.2356,1784538330120,1784538330123.0,1784538330852.704,1001.764,3.0,729.704,,1734.469
e-1959,1784538329168.2402,1784538330120,1784538330123.0,1784538330852.7073,951.76,3.0,729.707,,1684.467
e-1960,1784538329218.2368,1784538330120,1784538330123.0,1784538330852.7087,901.763,3.0,729.709,,1634.472
e-1961,1784538329268.2263,1784538330120,1784538330123.0,1784538330852.7095,851.774,3.0,729.709,,1584.483
e-1962,1784538329318.2297,1784538330120,1784538330123.0,1784538330852.71,801.77,3.0,729.71,,1534.48
e-1963,1784538329368.2366,1784538330120,1784538330123.0,1784538330852.7107,751.763,3.0,729.711,,1484.474
e-1964,1784538329418.2295,1784538330120,1784538330123.0,1784538330852.7112,701.771,3.0,729.711,,1434.482
e-1965,1784538329468.226,1784538330120,1784538330123.0,1784538330852.712,651.774,3.0,729.712,,1384.486
e-1966,1784538329518.226,1784538330120,1784538330123.0,1784538330852.7124,601.774,3.0,729.712,,1334.486
e-1967,1784538329568.2258,1784538330120,1784538330123.0,1784538330852.713,551.774,3.0,729.713,,1284.487
e-1968,1784538329618.2283,1784538330120,1784538330123.0,1784538330852.7136,501.772,3.0,729.714,,1234.485
e-1969,1784538329668.222,1784538330120,1784538330123.0,1784538330852.7285,451.778,3.0,729.729,,1184.507
e-1970,1784538329718.2346,1784538330120,1784538330123.0,1784538330852.729,401.765,3.0,729.729,,1134.494
e-1971,1784538329768.2368,1784538330120,1784538330123.0,1784538330852.7297,351.763,3.0,729.73,,1084.493
e-1972,1784538329818.2302,1784538330120,1784538330123.0,1784538330852.7302,301.77,3.0,729.73,,1034.5
e-1973,1784538329868.2312,1784538330120,1784538330123.0,1784538330852.7307,251.769,3.0,729.731,,984.5
e-1974,1784538329918.2327,1784538330120,1784538330123.0,1784538330852.7312,201.767,3.0,729.731,,934.499
e-1975,1784538329968.222,1784538330120,1784538330123.0,1784538330852.7317,151.778,3.0,729.732,,884.51
e-1976,1784538330018.2258,1784538330120,1784538330123.0,1784538330852.7322,101.774,3.0,729.732,,834.506
e-1977,1784538330068.2314,1784538330120,1784538330123.0,1784538330852.7324,51.769,3.0,729.732,,784.501
e-1978,1784538330118.2163,1784538330120,1784538330124.0,1784538330852.7332,1.784,4.0,728.733,,734.517
e-1979,1784538330168.2368,1784538331170,1784538331174.0,1784538331855.2744,1001.763,4.0,681.274,,1687.038
e-1980,1784538330218.2378,1784538331170,1784538331174.0,1784538331855.2776,951.762,4.0,681.278,,1637.04
e-1981,1784538330268.235,1784538331170,1784538331174.0,1784538331855.2788,901.765,4.0,681.279,,1587.044
e-1982,1784538330318.2412,1784538331170,1784538331174.0,1784538331855.28,851.759,4.0,681.28,,1537.039
e-1983,1784538330368.2356,1784538331170,1784538331174.0,1784538331855.2808,801.764,4.0,681.281,,1487.045
e-1984,1784538330418.2397,1784538331170,1784538331174.0,1784538331855.2815,751.76,4.0,681.281,,1437.042
e-1985,1784538330468.2302,1784538331170,1784538331174.0,1784538331855.2822,701.77,4.0,681.282,,1387.052
e-1986,1784538330518.2322,1784538331170,1784538331174.0,1784538331855.283,651.768,4.0,681.283,,1337.051
e-1987,1784538330568.2217,1784538331170,1784538331174.0,1784538331855.2842,601.778,4.0,681.284,,1287.062
e-1988,1784538330618.2327,1784538331170,1784538331174.0,1784538331855.285,551.767,4.0,681.285,,1237.052
e-1989,1784538330668.2368,1784538331170,1784538331174.0,1784538331855.2856,501.763,4.0,681.286,,1187.049
e-1990,1784538330718.2605,1784538331170,1784538331174.0,1784538331855.2986,451.74,4.0,681.299,,1137.038
e-1991,1784538330768.2292,1784538331170,1784538331174.0,1784538331855.2993,401.771,4.0,681.299,,1087.07
e-1992,1784538330818.2368,1784538331170,1784538331174.0,1784538331855.3,351.763,4.0,681.3,,1037.063
e-1993,1784538330868.232,1784538331170,1784538331174.0,1784538331855.3008,301.768,4.0,681.301,,987.069
e-1994,1784538330918.2305,1784538331170,1784538331174.0,1784538331855.3015,251.77,4.0,681.302,,937.071
e-1995,1784538330968.2375,1784538331170,1784538331174.0,1784538331855.302,201.762,4.0,681.302,,887.064
e-1996,1784538331018.2341,1784538331170,1784538331174.0,1784538331855.3027,151.766,4.0,681.303,,837.069
e-1997,1784538331068.2087,1784538331170,1784538331174.0,1784538331855.3035,101.791,4.0,681.303,,787.095
e-1998,1784538331118.2366,1784538331170,1784538331174.0,1784538331855.3042,51.763,4.0,681.304,,737.068
e-1999,1784538331168.2063,1784538331170,1784538331174.0,1784538331855.305,1.794,4.0,681.305,,687.099
