event_id,t0_ms,t1_ms,t2_ms,t3_ms,write_to_input_append_latency_ms,input_append_to_result_emission_latency_ms,l_visibility_ms,l_closure_ms,latency_ms
ss-0-60000,1784420711831.245,1784420712283,1784420715545.0,1784420715683.7046,451.755,3262.0,138.705,1784420055545.0,3852.459
ss-1-60000,1784420713331.2537,1784420713333,1784420715553.0,1784420715683.709,1.746,2220.0,130.709,1784420055553.0,2352.455
ss-10-60000,1784420709031.2366,1784420709133,1784420715553.0,1784420715683.711,101.763,6420.0,130.711,1784420055553.0,6652.474
ss-11-60000,1784420710531.2544,1784420711233,1784420715553.0,1784420715683.7122,701.746,4320.0,130.712,1784420055553.0,5152.458
ss-12-60000,1784420696931.2341,1784420697585,1784420715553.0,1784420715683.7136,653.766,17968.0,130.714,1784420055553.0,18752.479
ss-13-60000,1784420712081.2346,1784420712283,1784420715554.0,1784420715683.715,201.765,3271.0,129.715,1784420055554.0,3602.48
ss-14-60000,1784420712981.2375,1784420713333,1784420715554.0,1784420715683.7166,351.762,2221.0,129.717,1784420055554.0,2702.479
ss-15-60000,1784420709931.2356,1784420710183,1784420715554.0,1784420715683.7222,251.764,5371.0,129.722,1784420055554.0,5752.487
ss-16-60000,1784420712781.23,1784420713333,1784420715554.0,1784420715683.724,551.77,2221.0,129.724,1784420055554.0,2902.494
ss-17-60000,1784420710331.27,1784420711233,1784420715554.0,1784420715683.7253,901.73,4321.0,129.725,1784420055554.0,5352.455
ss-18-60000,1784420707431.2275,1784420708083,1784420715554.0,1784420715683.726,651.772,7471.0,129.726,1784420055554.0,8252.499
ss-19-60000,1784420712131.244,1784420712283,1784420715554.0,1784420715683.727,151.756,3271.0,129.727,1784420055554.0,3552.483
ss-2-60000,1784420711581.233,1784420712283,1784420715554.0,1784420715683.7285,701.767,3271.0,129.729,1784420055554.0,4102.496
ss-20-60000,1784420701531.2957,1784420701785,1784420715554.0,1784420715683.735,253.704,13769.0,129.735,1784420055554.0,14152.439
ss-21-60000,1784420709431.237,1784420710183,1784420715554.0,1784420715683.736,751.763,5371.0,129.736,1784420055554.0,6252.499
ss-22-60000,1784420699831.268,1784420700734,1784420715554.0,1784420715683.7373,902.732,14820.0,129.737,1784420055554.0,15852.469
ss-23-60000,1784420694581.2654,1784420695484,1784420715554.0,1784420715683.738,902.735,20070.0,129.738,1784420055554.0,21102.473
ss-24-60000,1784420710381.237,1784420711233,1784420715555.0,1784420715683.7388,851.763,4322.0,128.739,1784420055555.0,5302.502
ss-25-60000,1784420707781.2383,1784420708083,1784420715555.0,1784420715683.7444,301.762,7472.0,128.744,1784420055555.0,7902.506
ss-26-60000,1784420708981.2393,1784420709133,1784420715555.0,1784420715683.745,151.761,6422.0,128.745,1784420055555.0,6702.506
ss-27-60000,1784420711281.258,1784420712283,1784420715555.0,1784420715683.746,1001.742,3272.0,128.746,1784420055555.0,4402.488
ss-28-60000,1784420713231.2344,1784420713333,1784420715555.0,1784420715683.7468,101.766,2222.0,128.747,1784420055555.0,2452.512
ss-29-60000,1784420703781.2354,1784420703884,1784420715555.0,1784420715683.7476,102.765,11671.0,128.748,1784420055555.0,11902.512
ss-3-60000,1784420708781.2302,1784420709133,1784420715555.0,1784420715683.7483,351.77,6422.0,128.748,1784420055555.0,6902.518
ss-30-60000,1784420710581.2349,1784420711233,1784420715555.0,1784420715683.7493,651.765,4322.0,128.749,1784420055555.0,5102.514
ss-31-60000,1784420711381.2651,1784420712283,1784420715555.0,1784420715683.7502,901.735,3272.0,128.75,1784420055555.0,4302.485
ss-32-60000,1784420712831.2485,1784420713333,1784420715555.0,1784420715683.751,501.751,2222.0,128.751,1784420055555.0,2852.502
ss-33-60000,1784420710631.2375,1784420711233,1784420715555.0,1784420715683.7524,601.762,4322.0,128.752,1784420055555.0,5052.515
ss-34-60000,1784420711331.2725,1784420712283,1784420715555.0,1784420715683.7532,951.728,3272.0,128.753,1784420055555.0,4352.481
ss-35-60000,1784420711081.2344,1784420711233,1784420715555.0,1784420715683.754,151.766,4322.0,128.754,1784420055555.0,4602.52
ss-36-60000,1784420709531.2437,1784420710183,1784420715555.0,1784420715683.7546,651.756,5372.0,128.755,1784420055555.0,6152.511
ss-37-60000,1784420706331.2585,1784420707034,1784420715556.0,1784420715683.7554,702.741,8522.0,127.755,1784420055556.0,9352.497
ss-38-60000,1784420713381.2373,1784420714384,1784420715556.0,1784420715683.756,1002.763,1172.0,127.756,1784420055556.0,2302.519
ss-39-60000,1784420711531.2551,1784420712283,1784420715556.0,1784420715683.7793,751.745,3273.0,127.779,1784420055556.0,4152.524
ss-4-60000,1784420712681.2283,1784420713333,1784420715556.0,1784420715683.78,651.772,2223.0,127.78,1784420055556.0,3002.552
ss-40-60000,1784420707531.2312,1784420708083,1784420715556.0,1784420715683.7808,551.769,7473.0,127.781,1784420055556.0,8152.55
ss-41-60000,1784420707631.2341,1784420708083,1784420715556.0,1784420715683.7815,451.766,7473.0,127.781,1784420055556.0,8052.547
ss-42-60000,1784420710231.237,1784420711233,1784420715556.0,1784420715683.7822,1001.763,4323.0,127.782,1784420055556.0,5452.545
ss-43-60000,1784420710981.2378,1784420711233,1784420715556.0,1784420715683.7832,251.762,4323.0,127.783,1784420055556.0,4702.545
ss-44-60000,1784420707481.234,1784420708083,1784420715556.0,1784420715683.784,601.766,7473.0,127.784,1784420055556.0,8202.55
ss-45-60000,1784420701881.2422,1784420702834,1784420715556.0,1784420715683.7847,952.758,12722.0,127.785,1784420055556.0,13802.542
ss-46-60000,1784420711131.2776,1784420711233,1784420715556.0,1784420715683.786,101.722,4323.0,127.786,1784420055556.0,4552.508
ss-47-60000,1784420708681.2617,1784420709133,1784420715556.0,1784420715683.7866,451.738,6423.0,127.787,1784420055556.0,7002.525
ss-48-60000,1784420710931.2415,1784420711233,1784420715556.0,1784420715683.7876,301.759,4323.0,127.788,1784420055556.0,4752.546
ss-49-60000,1784420713181.228,1784420713333,1784420715556.0,1784420715683.7883,151.772,2223.0,127.788,1784420055556.0,2502.56
ss-5-60000,1784420712531.2678,1784420713333,1784420715556.0,1784420715683.789,801.732,2223.0,127.789,1784420055556.0,3152.521
ss-50-60000,1784420711881.251,1784420712283,1784420715556.0,1784420715683.7898,401.749,3273.0,127.79,1784420055556.0,3802.539
ss-51-60000,1784420711431.2693,1784420712283,1784420715557.0,1784420715683.7905,851.731,3274.0,126.791,1784420055557.0,4252.521
ss-52-60000,1784420710831.2654,1784420711233,1784420715557.0,1784420715683.7913,401.735,4324.0,126.791,1784420055557.0,4852.526
ss-53-60000,1784420709481.248,1784420710183,1784420715557.0,1784420715683.7922,701.752,5374.0,126.792,1784420055557.0,6202.544
ss-54-60000,1784420708731.2527,1784420709133,1784420715557.0,1784420715683.793,401.747,6424.0,126.793,1784420055557.0,6952.54
ss-55-60000,1784420687731.2288,1784420688134,1784420715557.0,1784420715683.7937,402.771,27423.0,126.794,1784420055557.0,27952.565
ss-56-60000,1784420697531.2373,1784420697585,1784420715557.0,1784420715683.7944,53.763,17972.0,126.794,1784420055557.0,18152.557
ss-57-60000,1784420712031.2285,1784420712283,1784420715557.0,1784420715683.7957,251.771,3274.0,126.796,1784420055557.0,3652.567
ss-58-60000,1784420712431.2732,1784420713333,1784420715557.0,1784420715683.7964,901.727,2224.0,126.796,1784420055557.0,3252.523
ss-59-60000,1784420711981.2273,1784420712283,1784420715557.0,1784420715683.797,301.773,3274.0,126.797,1784420055557.0,3702.57
ss-6-60000,1784420709331.2473,1784420710183,1784420715557.0,1784420715683.7976,851.753,5374.0,126.798,1784420055557.0,6352.55
ss-60-60000,1784420711731.2551,1784420712283,1784420715557.0,1784420715683.805,551.745,3274.0,126.805,1784420055557.0,3952.55
ss-61-60000,1784420709831.2424,1784420710183,1784420715557.0,1784420715683.8108,351.758,5374.0,126.811,1784420055557.0,5852.568
ss-62-60000,1784420707281.2485,1784420708083,1784420715557.0,1784420715683.8115,801.751,7474.0,126.812,1784420055557.0,8402.563
ss-63-60000,1784420710131.2346,1784420710183,1784420715557.0,1784420715683.9329,51.765,5374.0,126.933,1784420055557.0,5552.698
ss-64-60000,1784420710081.238,1784420710183,1784420715558.0,1784420715683.935,101.762,5375.0,125.935,1784420055558.0,5602.697
ss-65-60000,1784420708581.2327,1784420709133,1784420715558.0,1784420715683.936,551.767,6425.0,125.936,1784420055558.0,7102.703
ss-66-60000,1784420712181.2356,1784420712283,1784420715558.0,1784420715683.949,101.764,3275.0,125.949,1784420055558.0,3502.713
ss-67-60000,1784420713081.2346,1784420713333,1784420715558.0,1784420715683.95,251.765,2225.0,125.95,1784420055558.0,2602.715
ss-68-60000,1784420704481.2512,1784420704933,1784420715558.0,1784420715683.952,451.749,10625.0,125.952,1784420055558.0,11202.701
ss-69-60000,1784420700431.2449,1784420700734,1784420715558.0,1784420715683.9578,302.755,14824.0,125.958,1784420055558.0,15252.713
ss-7-60000,1784420711031.2473,1784420711233,1784420715558.0,1784420715683.9587,201.753,4325.0,125.959,1784420055558.0,4652.711
ss-70-60000,1784420712481.2456,1784420713333,1784420715558.0,1784420715683.964,851.754,2225.0,125.964,1784420055558.0,3202.719
ss-71-60000,1784420696031.275,1784420696534,1784420715558.0,1784420715683.9648,502.725,19024.0,125.965,1784420055558.0,19652.69
ss-72-60000,1784420712631.2434,1784420713333,1784420715558.0,1784420715683.9656,701.757,2225.0,125.966,1784420055558.0,3052.722
ss-73-60000,1784420686831.2732,1784420687084,1784420715558.0,1784420715684.0132,252.727,28474.0,126.013,1784420055558.0,28852.74
ss-74-60000,1784420713131.2437,1784420713333,1784420715558.0,1784420715684.0142,201.756,2225.0,126.014,1784420055558.0,2552.771
ss-75-60000,1784420711781.2383,1784420712283,1784420715558.0,1784420715684.015,501.762,3275.0,126.015,1784420055558.0,3902.777
ss-76-60000,1784420713281.2332,1784420713333,1784420715558.0,1784420715684.0156,51.767,2225.0,126.016,1784420055558.0,2402.782
ss-77-60000,1784420706831.2568,1784420707034,1784420715558.0,1784420715684.104,202.743,8524.0,126.104,1784420055558.0,8852.847
ss-78-60000,1784420705231.259,1784420705983,1784420715558.0,1784420715684.1052,751.741,9575.0,126.105,1784420055558.0,10452.846
ss-79-60000,1784420697681.251,1784420698633,1784420715558.0,1784420715684.1145,951.749,16925.0,126.115,1784420055558.0,18002.864
ss-8-60000,1784420707981.2388,1784420708083,1784420715559.0,1784420715684.1155,101.761,7476.0,125.115,1784420055559.0,7702.877
ss-80-60000,1784420706881.2292,1784420707034,1784420715559.0,1784420715684.1162,152.771,8525.0,125.116,1784420055559.0,8802.887
ss-81-60000,1784420712881.233,1784420713333,1784420715559.0,1784420715686.3135,451.767,2226.0,127.313,1784420055559.0,2805.081
ss-82-60000,1784420712331.2485,1784420713333,1784420715559.0,1784420715686.3147,1001.751,2226.0,127.315,1784420055559.0,3355.066
ss-83-60000,1784420709681.234,1784420710183,1784420715559.0,1784420715686.32,501.766,5376.0,127.32,1784420055559.0,6005.086
ss-84-60000,1784420708381.261,1784420709133,1784420715559.0,1784420715686.3206,751.739,6426.0,127.321,1784420055559.0,7305.06
ss-85-60000,1784420709881.235,1784420710183,1784420715559.0,1784420715686.321,301.765,5376.0,127.321,1784420055559.0,5805.086
ss-86-60000,1784420705881.2302,1784420705983,1784420715559.0,1784420715686.3218,101.77,9576.0,127.322,1784420055559.0,9805.092
ss-87-60000,1784420712231.2354,1784420712283,1784420715559.0,1784420715686.322,51.765,3276.0,127.322,1784420055559.0,3455.087
ss-88-60000,1784420705831.2544,1784420705983,1784420715559.0,1784420715686.3225,151.746,9576.0,127.323,1784420055559.0,9855.068
ss-89-60000,1784420712931.2375,1784420713333,1784420715559.0,1784420715686.3228,401.762,2226.0,127.323,1784420055559.0,2755.085
ss-9-60000,1784420713031.2385,1784420713333,1784420715559.0,1784420715686.3232,301.761,2226.0,127.323,1784420055559.0,2655.085
ss-90-60000,1784420711681.2686,1784420712283,1784420715559.0,1784420715686.3235,601.731,3276.0,127.323,1784420055559.0,4005.055
ss-91-60000,1784420712731.2432,1784420713333,1784420715559.0,1784420715686.324,601.757,2226.0,127.324,1784420055559.0,2955.081
ss-92-60000,1784420712281.2346,1784420712283,1784420715560.0,1784420715686.3245,1.765,3277.0,126.324,1784420055560.0,3405.09
ss-93-60000,1784420709081.2312,1784420709133,1784420715560.0,1784420715686.3252,51.769,6427.0,126.325,1784420055560.0,6605.094
ss-94-60000,1784420709631.2397,1784420710183,1784420715560.0,1784420715686.3257,551.76,5377.0,126.326,1784420055560.0,6055.086
ss-95-60000,1784420705481.2458,1784420705983,1784420715560.0,1784420715686.326,501.754,9577.0,126.326,1784420055560.0,10205.08
ss-96-60000,1784420709181.2437,1784420710183,1784420715560.0,1784420715686.3264,1001.756,5377.0,126.326,1784420055560.0,6505.083
ss-97-60000,1784420712381.2463,1784420713333,1784420715560.0,1784420715686.3267,951.754,2227.0,126.327,1784420055560.0,3305.08
ss-98-60000,1784420705181.2644,1784420705983,1784420715560.0,1784420715686.3271,801.736,9577.0,126.327,1784420055560.0,10505.063
ss-99-60000,1784420698031.2456,1784420698633,1784420715560.0,1784420715686.3276,601.754,16927.0,126.328,1784420055560.0,17655.082
ss-0-120000,1784420737731.9219,1784420738484,1784420745192.0,1784420745260.3494,752.078,6708.0,68.349,1784420025192.0,7528.427
ss-1-120000,1784420732081.2236,1784420732184,1784420745192.0,1784420745260.3535,102.776,13008.0,68.354,1784420025192.0,13179.13
ss-10-120000,1784420738431.2507,1784420738484,1784420745193.0,1784420745260.3547,52.749,6709.0,67.355,1784420025193.0,6829.104
ss-11-120000,1784420737431.2512,1784420737434,1784420745193.0,1784420745260.3706,2.749,7759.0,67.371,1784420025193.0,7829.119
ss-12-120000,1784420738631.2595,1784420739533,1784420745193.0,1784420745260.3716,901.74,5660.0,67.372,1784420025193.0,6629.112
ss-13-120000,1784420743131.2708,1784420743738,1784420745193.0,1784420745260.3784,606.729,1455.0,67.378,1784420025193.0,2129.108
ss-14-120000,1784420738331.2412,1784420738484,1784420745193.0,1784420745260.3794,152.759,6709.0,67.379,1784420025193.0,6929.138
ss-15-120000,1784420742231.2441,1784420742683,1784420745193.0,1784420745260.3806,451.756,2510.0,67.381,1784420025193.0,3029.136
ss-16-120000,1784420736331.2515,1784420736383,1784420745193.0,1784420745260.3813,51.749,8810.0,67.381,1784420025193.0,8929.13
ss-17-120000,1784420730931.2349,1784420731133,1784420745193.0,1784420745260.3833,201.765,14060.0,67.383,1784420025193.0,14329.148
ss-18-120000,1784420741531.8958,1784420741633,1784420745193.0,1784420745260.3838,101.104,3560.0,67.384,1784420025193.0,3728.488
ss-19-120000,1784420740831.2544,1784420741633,1784420745193.0,1784420745260.4028,801.746,3560.0,67.403,1784420025193.0,4429.148
ss-2-120000,1784420736581.2295,1784420737434,1784420745193.0,1784420745260.4036,852.771,7759.0,67.404,1784420025193.0,8679.174
ss-20-120000,1784420742581.248,1784420742683,1784420745193.0,1784420745260.4045,101.752,2510.0,67.405,1784420025193.0,2679.156
ss-21-120000,1784420740681.2395,1784420741633,1784420745193.0,1784420745260.405,951.76,3560.0,67.405,1784420025193.0,4579.166
ss-22-120000,1784420729531.2659,1784420730083,1784420745193.0,1784420745260.453,551.734,15110.0,67.453,1784420025193.0,15729.187
ss-23-120000,1784420742881.2283,1784420743738,1784420745193.0,1784420745260.4534,856.772,1455.0,67.453,1784420025193.0,2379.225
ss-24-120000,1784420740581.2356,1784420740583,1784420745193.0,1784420745260.4539,1.764,4610.0,67.454,1784420025193.0,4679.218
ss-25-120000,1784420743331.257,1784420743738,1784420745193.0,1784420745260.4543,406.743,1455.0,67.454,1784420025193.0,1929.197
ss-26-120000,1784420741131.248,1784420741633,1784420745193.0,1784420745260.455,501.752,3560.0,67.455,1784420025193.0,4129.207
ss-27-120000,1784420743231.27,1784420743738,1784420745193.0,1784420745260.5762,506.73,1455.0,67.576,1784420025193.0,2029.306
ss-28-120000,1784420741381.2375,1784420741633,1784420745193.0,1784420745260.5767,251.762,3560.0,67.577,1784420025193.0,3879.339
ss-29-120000,1784420742131.2373,1784420742683,1784420745193.0,1784420745260.5771,551.763,2510.0,67.577,1784420025193.0,3129.34
ss-3-120000,1784420735231.234,1784420735333,1784420745194.0,1784420745260.5776,101.766,9861.0,66.578,1784420025194.0,10029.344
ss-30-120000,1784420733931.241,1784420734283,1784420745194.0,1784420745260.5781,351.759,10911.0,66.578,1784420025194.0,11329.337
ss-31-120000,1784420740331.2473,1784420740583,1784420745194.0,1784420745260.5874,251.753,4611.0,66.587,1784420025194.0,4929.34
ss-32-120000,1784420743181.2517,1784420743738,1784420745194.0,1784420745260.588,556.748,1456.0,66.588,1784420025194.0,2079.336
ss-33-120000,1784420742331.2356,1784420742683,1784420745194.0,1784420745260.7817,351.764,2511.0,66.782,1784420025194.0,2929.546
ss-34-120000,1784420740131.2654,1784420740583,1784420745194.0,1784420745260.7854,451.735,4611.0,66.785,1784420025194.0,5129.52
ss-35-120000,1784420740981.2288,1784420741633,1784420745194.0,1784420745260.7888,651.771,3561.0,66.789,1784420025194.0,4279.56
ss-36-120000,1784420737631.2515,1784420738484,1784420745194.0,1784420745260.79,852.749,6710.0,66.79,1784420025194.0,7629.539
ss-37-120000,1784420721081.2576,1784420721733,1784420745194.0,1784420745260.7908,651.742,23461.0,66.791,1784420025194.0,24179.533
ss-38-120000,1784420740931.2407,1784420741633,1784420745194.0,1784420745260.7915,701.759,3561.0,66.792,1784420025194.0,4329.551
ss-39-120000,1784420734731.2463,1784420735333,1784420745194.0,1784420745260.7927,601.754,9861.0,66.793,1784420025194.0,10529.546
ss-4-120000,1784420741231.2483,1784420741633,1784420745194.0,1784420745260.807,401.752,3561.0,66.807,1784420025194.0,4029.559
ss-40-120000,1784420736481.248,1784420737434,1784420745194.0,1784420745260.8674,952.752,7760.0,66.867,1784420025194.0,8779.619
ss-41-120000,1784420740531.245,1784420740583,1784420745194.0,1784420745260.8694,51.755,4611.0,66.869,1784420025194.0,4729.624
ss-42-120000,1784420739931.2473,1784420740583,1784420745194.0,1784420745260.8706,651.753,4611.0,66.871,1784420025194.0,5329.623
ss-43-120000,1784420721831.258,1784420722783,1784420745194.0,1784420745260.945,951.742,22411.0,66.945,1784420025194.0,23429.687
ss-44-120000,1784420743381.2368,1784420743738,1784420745194.0,1784420745260.947,356.763,1456.0,66.947,1784420025194.0,1879.71
ss-45-120000,1784420723131.2402,1784420723834,1784420745194.0,1784420745260.9482,702.76,21360.0,66.948,1784420025194.0,22129.708
ss-46-120000,1784420735631.2637,1784420736383,1784420745194.0,1784420745260.9495,751.736,8811.0,66.949,1784420025194.0,9629.686
ss-47-120000,1784420738881.282,1784420739533,1784420745194.0,1784420745260.95,651.718,5661.0,66.95,1784420025194.0,6379.668
ss-48-120000,1784420734231.2385,1784420734283,1784420745195.0,1784420745260.9507,51.761,10912.0,65.951,1784420025195.0,11029.712
ss-49-120000,1784420743031.2402,1784420743738,1784420745195.0,1784420745260.9512,706.76,1457.0,65.951,1784420025195.0,2229.711
ss-5-120000,1784420735281.2537,1784420735333,1784420745195.0,1784420745262.131,51.746,9862.0,67.131,1784420025195.0,9980.877
ss-50-120000,1784420738681.266,1784420739533,1784420745195.0,1784420745262.1326,851.734,5662.0,67.133,1784420025195.0,6580.866
ss-51-120000,1784420742481.2332,1784420742683,1784420745195.0,1784420745262.1333,201.767,2512.0,67.133,1784420025195.0,2780.9
ss-52-120000,1784420742781.2385,1784420743738,1784420745195.0,1784420745262.134,956.761,1457.0,67.134,1784420025195.0,2480.896
ss-53-120000,1784420742431.258,1784420742683,1784420745195.0,1784420745262.1365,251.742,2512.0,67.136,1784420025195.0,2830.878
ss-54-120000,1784420742631.2393,1784420742683,1784420745195.0,1784420745262.1375,51.761,2512.0,67.137,1784420025195.0,2630.898
ss-55-120000,1784420742281.2368,1784420742683,1784420745195.0,1784420745262.138,401.763,2512.0,67.138,1784420025195.0,2980.901
ss-56-120000,1784420731581.235,1784420732184,1784420745195.0,1784420745262.1387,602.765,13011.0,67.139,1784420025195.0,13680.904
ss-57-120000,1784420739581.2427,1784420740583,1784420745195.0,1784420745262.1396,1001.757,4612.0,67.14,1784420025195.0,5680.897
ss-58-120000,1784420742681.193,1784420742683,1784420745195.0,1784420745262.1445,1.807,2512.0,67.145,1784420025195.0,2580.951
ss-59-120000,1784420741481.2998,1784420741633,1784420745195.0,1784420745262.1453,151.7,3562.0,67.145,1784420025195.0,3780.845
ss-6-120000,1784420733431.2344,1784420734283,1784420745195.0,1784420745262.1458,851.766,10912.0,67.146,1784420025195.0,11830.911
ss-60-120000,1784420736931.2375,1784420737434,1784420745195.0,1784420745262.1465,502.762,7761.0,67.146,1784420025195.0,8330.909
ss-61-120000,1784420736281.248,1784420736383,1784420745195.0,1784420745262.147,101.752,8812.0,67.147,1784420025195.0,8980.899
ss-62-120000,1784420743081.2578,1784420743738,1784420745195.0,1784420745262.1477,656.742,1457.0,67.148,1784420025195.0,2180.89
ss-63-120000,1784420738281.244,1784420738484,1784420745195.0,1784420745262.152,202.756,6711.0,67.152,1784420025195.0,6980.908
ss-64-120000,1784420740081.2424,1784420740583,1784420745195.0,1784420745262.1528,501.758,4612.0,67.153,1784420025195.0,5180.91
ss-65-120000,1784420738031.2405,1784420738484,1784420745196.0,1784420745262.1567,452.76,6712.0,66.157,1784420025196.0,7230.916
ss-66-120000,1784420740431.2336,1784420740583,1784420745196.0,1784420745262.1575,151.766,4613.0,66.157,1784420025196.0,4830.924
ss-67-120000,1784420737581.2437,1784420738484,1784420745196.0,1784420745262.1582,902.756,6712.0,66.158,1784420025196.0,7680.915
ss-68-120000,1784420739231.2554,1784420739533,1784420745196.0,1784420745262.159,301.745,5663.0,66.159,1784420025196.0,6030.904
ss-69-120000,1784420739031.2915,1784420739533,1784420745196.0,1784420745262.16,501.708,5663.0,66.16,1784420025196.0,6230.868
ss-7-120000,1784420731831.232,1784420732184,1784420745196.0,1784420745262.1604,352.768,13012.0,66.16,1784420025196.0,13430.928
ss-70-120000,1784420739631.2686,1784420740583,1784420745196.0,1784420745262.1611,951.731,4613.0,66.161,1784420025196.0,5630.893
ss-71-120000,1784420731431.25,1784420732184,1784420745196.0,1784420745262.1653,752.75,13012.0,66.165,1784420025196.0,13830.915
ss-72-120000,1784420730481.2563,1784420731133,1784420745196.0,1784420745262.166,651.744,14063.0,66.166,1784420025196.0,14780.91
ss-73-120000,1784420741781.2588,1784420742683,1784420745196.0,1784420745262.1702,901.741,2513.0,66.17,1784420025196.0,3480.911
ss-74-120000,1784420729781.2556,1784420730083,1784420745196.0,1784420745262.1707,301.744,15113.0,66.171,1784420025196.0,15480.915
ss-75-120000,1784420735581.2615,1784420736383,1784420745196.0,1784420745262.1716,801.739,8813.0,66.172,1784420025196.0,9680.91
ss-76-120000,1784420734181.2136,1784420734283,1784420745196.0,1784420745262.172,101.786,10913.0,66.172,1784420025196.0,11080.958
ss-77-120000,1784420741581.2634,1784420741633,1784420745196.0,1784420745262.1726,51.737,3563.0,66.173,1784420025196.0,3680.909
ss-78-120000,1784420732481.2627,1784420733233,1784420745196.0,1784420745262.173,751.737,11963.0,66.173,1784420025196.0,12780.91
ss-79-120000,1784420742733.5437,1784420743738,1784420745196.0,1784420745262.1738,1004.456,1458.0,66.174,1784420025196.0,2528.63
ss-8-120000,1784420735531.266,1784420736383,1784420745196.0,1784420745262.1743,851.734,8813.0,66.174,1784420025196.0,9730.908
ss-80-120000,1784420741431.2395,1784420741633,1784420745196.0,1784420745262.1895,201.76,3563.0,66.189,1784420025196.0,3830.95
ss-81-120000,1784420738381.248,1784420738484,1784420745196.0,1784420745262.1902,102.752,6712.0,66.19,1784420025196.0,6880.942
ss-82-120000,1784420739981.2585,1784420740583,1784420745196.0,1784420745262.191,601.741,4613.0,66.191,1784420025196.0,5280.932
ss-83-120000,1784420742931.244,1784420743738,1784420745196.0,1784420745262.1914,806.756,1458.0,66.191,1784420025196.0,2330.948
ss-84-120000,1784420740731.2266,1784420741633,1784420745196.0,1784420745262.192,901.773,3563.0,66.192,1784420025196.0,4530.965
ss-85-120000,1784420735731.2703,1784420736383,1784420745197.0,1784420745262.1924,651.73,8814.0,65.192,1784420025197.0,9530.922
ss-86-120000,1784420742831.236,1784420743738,1784420745197.0,1784420745262.1929,906.764,1459.0,65.193,1784420025197.0,2430.957
ss-87-120000,1784420733581.266,1784420734283,1784420745197.0,1784420745262.1934,701.734,10914.0,65.193,1784420025197.0,11680.927
ss-88-120000,1784420739781.2502,1784420740583,1784420745197.0,1784420745262.194,801.75,4614.0,65.194,1784420025197.0,5480.944
ss-89-120000,1784420742381.2295,1784420742683,1784420745197.0,1784420745262.1946,301.771,2514.0,65.195,1784420025197.0,2880.965
ss-9-120000,1784420734881.2395,1784420735333,1784420745197.0,1784420745262.195,451.76,9864.0,65.195,1784420025197.0,10380.956
ss-90-120000,1784420737281.248,1784420737434,1784420745197.0,1784420745262.1956,152.752,7763.0,65.196,1784420025197.0,7980.948
ss-91-120000,1784420743281.231,1784420743738,1784420745197.0,1784420745262.1963,456.769,1459.0,65.196,1784420025197.0,1980.965
ss-92-120000,1784420741981.2705,1784420742683,1784420745197.0,1784420745262.1968,701.729,2514.0,65.197,1784420025197.0,3280.926
ss-93-120000,1784420740631.2385,1784420741633,1784420745197.0,1784420745262.1973,1001.761,3564.0,65.197,1784420025197.0,4630.959
ss-94-120000,1784420741681.2705,1784420742683,1784420745197.0,1784420745262.198,1001.729,2514.0,65.198,1784420025197.0,3580.927
ss-95-120000,1784420741831.2783,1784420742683,1784420745197.0,1784420745262.1985,851.722,2514.0,65.198,1784420025197.0,3430.92
ss-96-120000,1784420740181.2573,1784420740583,1784420745197.0,1784420745262.199,401.743,4614.0,65.199,1784420025197.0,5080.942
ss-97-120000,1784420729431.2603,1784420730083,1784420745197.0,1784420745262.1995,651.74,15114.0,65.199,1784420025197.0,15830.939
ss-98-120000,1784420737181.2383,1784420737434,1784420745197.0,1784420745262.2002,252.762,7763.0,65.2,1784420025197.0,8080.962
ss-99-120000,1784420742981.2405,1784420743738,1784420745197.0,1784420745262.2043,756.76,1459.0,65.204,1784420025197.0,2280.964
ss-0-180000,1784420766281.2793,1784420766833,1784420775740.0,1784420775793.1729,551.721,8907.0,53.173,1784419995740.0,9511.894
ss-1-180000,1784420772331.276,1784420773133,1784420775740.0,1784420775793.1865,801.724,2607.0,53.187,1784419995740.0,3461.911
ss-10-180000,1784420764831.2324,1784420765783,1784420775740.0,1784420775793.188,951.768,9957.0,53.188,1784419995740.0,10961.956
ss-11-180000,1784420771481.246,1784420772083,1784420775740.0,1784420775793.2017,601.754,3657.0,53.202,1784419995740.0,4311.956
ss-12-180000,1784420770481.23,1784420771033,1784420775740.0,1784420775793.223,551.77,4707.0,53.223,1784419995740.0,5311.993
ss-13-180000,1784420773131.2522,1784420773133,1784420775740.0,1784420775793.2239,1.748,2607.0,53.224,1784419995740.0,2661.972
ss-14-180000,1784420770731.2437,1784420771033,1784420775740.0,1784420775793.2246,301.756,4707.0,53.225,1784419995740.0,5061.981
ss-15-180000,1784420771181.2488,1784420772083,1784420775740.0,1784420775793.2258,901.751,3657.0,53.226,1784419995740.0,4611.977
ss-16-180000,1784420771231.2434,1784420772083,1784420775740.0,1784420775793.2266,851.757,3657.0,53.227,1784419995740.0,4561.983
ss-17-180000,1784420769931.2498,1784420769984,1784420775740.0,1784420775793.2273,52.75,5756.0,53.227,1784419995740.0,5861.978
ss-18-180000,1784420771131.231,1784420772083,1784420775740.0,1784420775793.2283,951.769,3657.0,53.228,1784419995740.0,4661.997
ss-19-180000,1784420773281.2554,1784420774183,1784420775740.0,1784420775793.2295,901.745,1557.0,53.229,1784419995740.0,2511.974
ss-2-180000,1784420772731.2617,1784420773133,1784420775740.0,1784420775793.2302,401.738,2607.0,53.23,1784419995740.0,3061.969
ss-20-180000,1784420766131.2307,1784420766833,1784420775740.0,1784420775793.231,701.769,8907.0,53.231,1784419995740.0,9662.0
ss-21-180000,1784420770831.251,1784420771033,1784420775740.0,1784420775793.232,201.749,4707.0,53.232,1784419995740.0,4961.981
ss-22-180000,1784420767931.2397,1784420768933,1784420775740.0,1784420775793.2405,1001.76,6807.0,53.24,1784419995740.0,7862.001
ss-23-180000,1784420764631.2556,1784420764733,1784420775740.0,1784420775793.2415,101.744,11007.0,53.241,1784419995740.0,11161.986
ss-24-180000,1784420767531.2358,1784420767884,1784420775741.0,1784420775793.2422,352.764,7857.0,52.242,1784419995741.0,8262.006
ss-25-180000,1784420764781.2322,1784420765783,1784420775741.0,1784420775793.2778,1001.768,9958.0,52.278,1784419995741.0,11012.046
ss-26-180000,1784420765081.242,1784420765783,1784420775741.0,1784420775793.2788,701.758,9958.0,52.279,1784419995741.0,10712.037
ss-27-180000,1784420772631.2595,1784420773133,1784420775741.0,1784420775793.2795,501.74,2608.0,52.28,1784419995741.0,3162.02
ss-28-180000,1784420773181.254,1784420774183,1784420775741.0,1784420775793.2803,1001.746,1558.0,52.28,1784419995741.0,2612.026
ss-29-180000,1784420768381.2363,1784420768933,1784420775741.0,1784420775793.288,551.764,6808.0,52.288,1784419995741.0,7412.052
ss-3-180000,1784420767381.2505,1784420767884,1784420775741.0,1784420775793.2964,502.75,7857.0,52.296,1784419995741.0,8412.046
ss-30-180000,1784420772431.251,1784420773133,1784420775741.0,1784420775793.3037,701.749,2608.0,52.304,1784419995741.0,3362.053
ss-31-180000,1784420772081.2725,1784420772083,1784420775741.0,1784420775793.353,1.728,3658.0,52.353,1784419995741.0,3712.081
ss-32-180000,1784420763631.2495,1784420763683,1784420775741.0,1784420775793.3625,51.75,12058.0,52.363,1784419995741.0,12162.113
ss-33-180000,1784420763781.2463,1784420764733,1784420775741.0,1784420775793.4834,951.754,11008.0,52.483,1784419995741.0,12012.237
ss-34-180000,1784420770981.24,1784420771033,1784420775741.0,1784420775793.485,51.76,4708.0,52.485,1784419995741.0,4812.245
ss-35-180000,1784420765031.2483,1784420765783,1784420775741.0,1784420775793.486,751.752,9958.0,52.486,1784419995741.0,10762.238
ss-36-180000,1784420772581.2505,1784420773133,1784420775741.0,1784420775793.487,551.75,2608.0,52.487,1784419995741.0,3212.237
ss-37-180000,1784420771281.254,1784420772083,1784420775741.0,1784420775793.4878,801.746,3658.0,52.488,1784419995741.0,4512.234
ss-38-180000,1784420752081.247,1784420752133,1784420775741.0,1784420775793.4885,51.753,23608.0,52.489,1784419995741.0,23712.241
ss-39-180000,1784420772031.2676,1784420772083,1784420775741.0,1784420775793.5276,51.732,3658.0,52.528,1784419995741.0,3762.26
ss-4-180000,1784420770431.2302,1784420771033,1784420775741.0,1784420775793.5288,601.77,4708.0,52.529,1784419995741.0,5362.299
ss-40-180000,1784420763231.2803,1784420763683,1784420775741.0,1784420775793.543,451.72,12058.0,52.543,1784419995741.0,12562.263
ss-41-180000,1784420769331.2568,1784420769984,1784420775741.0,1784420775793.5496,652.743,5757.0,52.55,1784419995741.0,6462.293
ss-42-180000,1784420769031.2622,1784420769984,1784420775741.0,1784420775793.5505,952.738,5757.0,52.551,1784419995741.0,6762.288
ss-43-180000,1784420773331.2551,1784420774183,1784420775741.0,1784420775793.5518,851.745,1558.0,52.552,1784419995741.0,2462.297
ss-44-180000,1784420772881.2478,1784420773133,1784420775741.0,1784420775793.5522,251.752,2608.0,52.552,1784419995741.0,2912.304
ss-45-180000,1784420773381.2522,1784420774183,1784420775741.0,1784420775793.5574,801.748,1558.0,52.557,1784419995741.0,2412.305
ss-46-180000,1784420771831.2683,1784420772083,1784420775741.0,1784420775793.5588,251.732,3658.0,52.559,1784419995741.0,3962.291
ss-47-180000,1784420766181.2505,1784420766833,1784420775741.0,1784420775793.5596,651.75,8908.0,52.56,1784419995741.0,9612.309
ss-48-180000,1784420766681.2622,1784420766833,1784420775742.0,1784420775793.56,151.738,8909.0,51.56,1784419995742.0,9112.298
ss-49-180000,1784420772231.2507,1784420773133,1784420775742.0,1784420775793.5652,901.749,2609.0,51.565,1784419995742.0,3562.314
ss-5-180000,1784420770681.2476,1784420771033,1784420775742.0,1784420775793.5662,351.752,4709.0,51.566,1784419995742.0,5112.319
ss-50-180000,1784420769981.2437,1784420769984,1784420775742.0,1784420775793.5745,2.756,5758.0,51.574,1784419995742.0,5812.331
ss-51-180000,1784420769231.2468,1784420769984,1784420775742.0,1784420775793.5752,752.753,5758.0,51.575,1784419995742.0,6562.328
ss-52-180000,1784420771331.2458,1784420772083,1784420775742.0,1784420775793.6558,751.754,3659.0,51.656,1784419995742.0,4462.41
ss-53-180000,1784420763931.2437,1784420764733,1784420775742.0,1784420775793.6572,801.756,11009.0,51.657,1784419995742.0,11862.414
ss-54-180000,1784420769531.238,1784420769984,1784420775742.0,1784420775793.6582,452.762,5758.0,51.658,1784419995742.0,6262.42
ss-55-180000,1784420769781.2463,1784420769984,1784420775742.0,1784420775793.673,202.754,5758.0,51.673,1784419995742.0,6012.427
ss-56-180000,1784420773031.242,1784420773133,1784420775742.0,1784420775793.674,101.758,2609.0,51.674,1784419995742.0,2762.432
ss-57-180000,1784420766931.2485,1784420767884,1784420775742.0,1784420775793.6755,952.751,7858.0,51.676,1784419995742.0,8862.427
ss-58-180000,1784420771581.2615,1784420772083,1784420775742.0,1784420775793.6763,501.739,3659.0,51.676,1784419995742.0,4212.415
ss-59-180000,1784420771031.2388,1784420771033,1784420775742.0,1784420775793.6843,1.761,4709.0,51.684,1784419995742.0,4762.446
ss-6-180000,1784420768881.265,1784420768933,1784420775742.0,1784420775793.6853,51.735,6809.0,51.685,1784419995742.0,6912.42
ss-60-180000,1784420771981.2654,1784420772083,1784420775742.0,1784420775793.6936,101.735,3659.0,51.694,1784419995742.0,3812.428
ss-61-180000,1784420763531.2446,1784420763683,1784420775742.0,1784420775793.6946,151.755,12059.0,51.695,1784419995742.0,12262.45
ss-62-180000,1784420772531.256,1784420773133,1784420775742.0,1784420775793.6953,601.744,2609.0,51.695,1784419995742.0,3262.439
ss-63-180000,1784420765731.2537,1784420765783,1784420775742.0,1784420775793.7192,51.746,9959.0,51.719,1784419995742.0,10062.466
ss-64-180000,1784420769831.2424,1784420769984,1784420775742.0,1784420775793.7817,152.758,5758.0,51.782,1784419995742.0,5962.539
ss-65-180000,1784420772181.2358,1784420773133,1784420775742.0,1784420775793.7832,951.764,2609.0,51.783,1784419995742.0,3612.547
ss-66-180000,1784420772981.2412,1784420773133,1784420775742.0,1784420775793.784,151.759,2609.0,51.784,1784419995742.0,2812.543
ss-67-180000,1784420769681.24,1784420769984,1784420775742.0,1784420775793.785,302.76,5758.0,51.785,1784419995742.0,6112.545
ss-68-180000,1784420771081.2349,1784420772083,1784420775742.0,1784420775793.794,1001.765,3659.0,51.794,1784419995742.0,4712.559
ss-69-180000,1784420771531.2502,1784420772083,1784420775742.0,1784420775793.8215,551.75,3659.0,51.822,1784419995742.0,4262.571
ss-7-180000,1784420772681.253,1784420773133,1784420775742.0,1784420775793.8223,451.747,2609.0,51.822,1784419995742.0,3112.569
ss-70-180000,1784420772781.2444,1784420773133,1784420775742.0,1784420775793.823,351.756,2609.0,51.823,1784419995742.0,3012.579
ss-71-180000,1784420772481.2578,1784420773133,1784420775742.0,1784420775793.8247,651.742,2609.0,51.825,1784419995742.0,3312.567
ss-72-180000,1784420769131.2603,1784420769984,1784420775742.0,1784420775793.8533,852.74,5758.0,51.853,1784419995742.0,6662.593
ss-73-180000,1784420767681.2334,1784420767884,1784420775743.0,1784420775793.854,202.767,7859.0,50.854,1784419995743.0,8112.621
ss-74-180000,1784420772281.27,1784420773133,1784420775743.0,1784420775793.8547,851.73,2610.0,50.855,1784419995743.0,3512.585
ss-75-180000,1784420768331.237,1784420768933,1784420775743.0,1784420775793.8557,601.763,6810.0,50.856,1784419995743.0,7462.619
ss-76-180000,1784420768731.2336,1784420768933,1784420775743.0,1784420775793.8564,201.766,6810.0,50.856,1784419995743.0,7062.623
ss-77-180000,1784420772831.2422,1784420773133,1784420775743.0,1784420775793.8857,301.758,2610.0,50.886,1784419995743.0,2962.644
ss-78-180000,1784420771931.266,1784420772083,1784420775743.0,1784420775793.8865,151.734,3660.0,50.886,1784419995743.0,3862.62
ss-79-180000,1784420767181.2358,1784420767884,1784420775743.0,1784420775793.887,702.764,7859.0,50.887,1784419995743.0,8612.651
ss-8-180000,1784420769731.2358,1784420769984,1784420775743.0,1784420775793.9524,252.764,5759.0,50.952,1784419995743.0,6062.717
ss-80-180000,1784420769581.2437,1784420769984,1784420775743.0,1784420775793.9534,402.756,5759.0,50.953,1784419995743.0,6212.71
ss-81-180000,1784420768631.2314,1784420768933,1784420775743.0,1784420775793.9543,301.769,6810.0,50.954,1784419995743.0,7162.723
ss-82-180000,1784420770181.2424,1784420771033,1784420775743.0,1784420775793.9553,851.758,4710.0,50.955,1784419995743.0,5612.713
ss-83-180000,1784420761281.231,1784420761583,1784420775743.0,1784420775793.9622,301.769,14160.0,50.962,1784419995743.0,14512.731
ss-84-180000,1784420772931.2585,1784420773133,1784420775743.0,1784420775793.963,201.741,2610.0,50.963,1784419995743.0,2862.704
ss-85-180000,1784420768431.247,1784420768933,1784420775743.0,1784420775793.9639,501.753,6810.0,50.964,1784419995743.0,7362.717
ss-86-180000,1784420773231.2646,1784420774183,1784420775743.0,1784420775793.9788,951.735,1560.0,50.979,1784419995743.0,2562.714
ss-87-180000,1784420769431.2373,1784420769984,1784420775743.0,1784420775793.984,552.763,5759.0,50.984,1784419995743.0,6362.747
ss-88-180000,1784420771631.2554,1784420772083,1784420775743.0,1784420775793.9915,451.745,3660.0,50.991,1784419995743.0,4162.736
ss-89-180000,1784420767781.2432,1784420767884,1784420775743.0,1784420775793.9924,102.757,7859.0,50.992,1784419995743.0,8012.749
ss-9-180000,1784420762331.2324,1784420762633,1784420775743.0,1784420775793.9973,301.768,13110.0,50.997,1784419995743.0,13462.765
ss-90-180000,1784420765181.239,1784420765783,1784420775743.0,1784420775794.0483,601.761,9960.0,51.048,1784419995743.0,10612.809
ss-91-180000,1784420766631.256,1784420766833,1784420775743.0,1784420775794.0496,201.744,8910.0,51.05,1784419995743.0,9162.793
ss-92-180000,1784420765481.2622,1784420765783,1784420775743.0,1784420775794.0503,301.738,9960.0,51.05,1784419995743.0,10312.788
ss-93-180000,1784420766881.2456,1784420767884,1784420775743.0,1784420775794.0515,1002.754,7859.0,51.052,1784419995743.0,8912.806
ss-94-180000,1784420773081.2556,1784420773133,1784420775743.0,1784420775794.0522,51.744,2610.0,51.052,1784419995743.0,2712.797
ss-95-180000,1784420762081.238,1784420762633,1784420775743.0,1784420775794.053,551.762,13110.0,51.053,1784419995743.0,13712.815
ss-96-180000,1784420766731.266,1784420766833,1784420775743.0,1784420775794.0596,101.734,8910.0,51.06,1784419995743.0,9062.793
ss-97-180000,1784420768131.2322,1784420768933,1784420775743.0,1784420775794.1023,801.768,6810.0,51.102,1784419995743.0,7662.87
ss-98-180000,1784420764681.2534,1784420764733,1784420775743.0,1784420775794.1033,51.747,11010.0,51.103,1784419995743.0,11112.85
ss-99-180000,1784420762131.2556,1784420762633,1784420775743.0,1784420775794.104,501.744,13110.0,51.104,1784419995743.0,13662.848
ss-0-240000,1784420780481.2424,1784420780483,1784420785229.0,1784420785333.319,1.758,4746.0,104.319,1784419945229.0,4852.077
ss-1-240000,1784420779381.2158,1784420779433,1784420785229.0,1784420785333.3228,51.784,5796.0,104.323,1784419945229.0,5952.107
ss-10-240000,1784420764831.2324,1784420765783,1784420785229.0,1784420785333.3242,951.768,19446.0,104.324,1784419945229.0,20502.092
ss-11-240000,1784420782231.2542,1784420782583,1784420785229.0,1784420785333.326,351.746,2646.0,104.326,1784419945229.0,3102.072
ss-12-240000,1784420779731.248,1784420780483,1784420785229.0,1784420785333.3281,751.752,4746.0,104.328,1784419945229.0,5602.08
ss-13-240000,1784420774031.2532,1784420774183,1784420785229.0,1784420785333.3335,151.747,11046.0,104.333,1784419945229.0,11302.08
ss-14-240000,1784420781431.267,1784420781533,1784420785229.0,1784420785333.3345,101.733,3696.0,104.334,1784419945229.0,3902.067
ss-15-240000,1784420781681.2312,1784420782583,1784420785229.0,1784420785333.3362,901.769,2646.0,104.336,1784419945229.0,3652.105
ss-16-240000,1784420782931.247,1784420783435,1784420785229.0,1784420785333.3367,503.753,1794.0,104.337,1784419945229.0,2402.09
ss-17-240000,1784420769931.2498,1784420769984,1784420785229.0,1784420785333.3394,52.75,15245.0,104.339,1784419945229.0,15402.09
ss-18-240000,1784420778931.2585,1784420779433,1784420785229.0,1784420785333.3406,501.741,5796.0,104.341,1784419945229.0,6402.082
ss-19-240000,1784420782131.2478,1784420782583,1784420785229.0,1784420785333.3413,451.752,2646.0,104.341,1784419945229.0,3202.094
ss-2-240000,1784420781081.2627,1784420781533,1784420785229.0,1784420785333.3418,451.737,3696.0,104.342,1784419945229.0,4252.079
ss-20-240000,1784420780331.243,1784420780483,1784420785229.0,1784420785333.3428,151.757,4746.0,104.343,1784419945229.0,5002.1
ss-21-240000,1784420779631.2441,1784420780483,1784420785229.0,1784420785333.3435,851.756,4746.0,104.344,1784419945229.0,5702.099
ss-22-240000,1784420781181.2627,1784420781533,1784420785229.0,1784420785333.3447,351.737,3696.0,104.345,1784419945229.0,4152.082
ss-23-240000,1784420781281.2537,1784420781533,1784420785229.0,1784420785333.3452,251.746,3696.0,104.345,1784419945229.0,4052.092
ss-24-240000,1784420781831.2397,1784420782583,1784420785229.0,1784420785333.346,751.76,2646.0,104.346,1784419945229.0,3502.106
ss-25-240000,1784420778831.247,1784420779433,1784420785229.0,1784420785333.35,601.753,5796.0,104.35,1784419945229.0,6502.103
ss-26-240000,1784420782831.2388,1784420783435,1784420785229.0,1784420785333.3508,603.761,1794.0,104.351,1784419945229.0,2502.112
ss-27-240000,1784420783281.2383,1784420783435,1784420785229.0,1784420785333.3516,153.762,1794.0,104.352,1784419945229.0,2052.113
ss-28-240000,1784420780281.2385,1784420780483,1784420785229.0,1784420785333.3523,201.761,4746.0,104.352,1784419945229.0,5052.114
ss-29-240000,1784420776431.2488,1784420777333,1784420785229.0,1784420785333.3528,901.751,7896.0,104.353,1784419945229.0,8902.104
ss-3-240000,1784420779081.243,1784420779433,1784420785229.0,1784420785333.3535,351.757,5796.0,104.354,1784419945229.0,6252.111
ss-30-240000,1784420782431.2378,1784420782583,1784420785229.0,1784420785333.354,151.762,2646.0,104.354,1784419945229.0,2902.116
ss-31-240000,1784420783181.239,1784420783435,1784420785229.0,1784420785333.3545,253.761,1794.0,104.354,1784419945229.0,2152.115
ss-32-240000,1784420780631.2395,1784420781533,1784420785230.0,1784420785333.3772,901.76,3697.0,103.377,1784419945230.0,4702.138
ss-33-240000,1784420763781.2463,1784420764733,1784420785230.0,1784420785333.3782,951.754,20497.0,103.378,1784419945230.0,21552.132
ss-34-240000,1784420782281.2385,1784420782583,1784420785230.0,1784420785333.3787,301.761,2647.0,103.379,1784419945230.0,3052.14
ss-35-240000,1784420774381.2627,1784420775233,1784420785230.0,1784420785333.3792,851.737,9997.0,103.379,1784419945230.0,10952.116
ss-36-240000,1784420781881.2314,1784420782583,1784420785230.0,1784420785333.38,701.769,2647.0,103.38,1784419945230.0,3452.148
ss-37-240000,1784420781331.2546,1784420781533,1784420785230.0,1784420785333.3804,201.745,3697.0,103.38,1784419945230.0,4002.126
ss-38-240000,1784420782731.2454,1784420783435,1784420785230.0,1784420785333.381,703.755,1795.0,103.381,1784419945230.0,2602.136
ss-39-240000,1784420777181.2356,1784420777333,1784420785230.0,1784420785333.3816,151.764,7897.0,103.382,1784419945230.0,8152.146
ss-4-240000,1784420781981.239,1784420782583,1784420785230.0,1784420785333.382,601.761,2647.0,103.382,1784419945230.0,3352.143
ss-40-240000,1784420763231.2803,1784420763683,1784420785230.0,1784420785333.3826,451.72,21547.0,103.383,1784419945230.0,22102.102
ss-41-240000,1784420779481.2397,1784420780483,1784420785230.0,1784420785333.3833,1001.76,4747.0,103.383,1784419945230.0,5852.144
ss-42-240000,1784420775381.2502,1784420776283,1784420785230.0,1784420785333.3843,901.75,8947.0,103.384,1784419945230.0,9952.134
ss-43-240000,1784420782081.25,1784420782583,1784420785230.0,1784420785333.385,501.75,2647.0,103.385,1784419945230.0,3252.135
ss-44-240000,1784420781731.243,1784420782583,1784420785230.0,1784420785333.3855,851.757,2647.0,103.385,1784419945230.0,3602.143
ss-45-240000,1784420781231.2666,1784420781533,1784420785230.0,1784420785333.386,301.733,3697.0,103.386,1784419945230.0,4102.119
ss-46-240000,1784420777131.2498,1784420777333,1784420785230.0,1784420785333.3914,201.75,7897.0,103.391,1784419945230.0,8202.142
ss-47-240000,1784420783131.2524,1784420783435,1784420785230.0,1784420785333.392,303.748,1795.0,103.392,1784419945230.0,2202.14
ss-48-240000,1784420766681.2622,1784420766833,1784420785230.0,1784420785333.3926,151.738,18397.0,103.393,1784419945230.0,18652.13
ss-49-240000,1784420781531.248,1784420781533,1784420785230.0,1784420785333.3933,1.752,3697.0,103.393,1784419945230.0,3802.145
ss-5-240000,1784420780131.2458,1784420780483,1784420785230.0,1784420785333.3972,351.754,4747.0,103.397,1784419945230.0,5202.151
ss-50-240000,1784420780031.2385,1784420780483,1784420785230.0,1784420785333.398,451.761,4747.0,103.398,1784419945230.0,5302.159
ss-51-240000,1784420782581.237,1784420782583,1784420785230.0,1784420785333.405,1.763,2647.0,103.405,1784419945230.0,2752.168
ss-52-240000,1784420780931.2795,1784420781533,1784420785230.0,1784420785333.4094,601.72,3697.0,103.409,1784419945230.0,4402.13
ss-53-240000,1784420780581.2324,1784420781533,1784420785230.0,1784420785333.4102,951.768,3697.0,103.41,1784419945230.0,4752.178
ss-54-240000,1784420775581.256,1784420776283,1784420785230.0,1784420785333.47,701.744,8947.0,103.47,1784419945230.0,9752.214
ss-55-240000,1784420779281.2375,1784420779433,1784420785230.0,1784420785333.4712,151.762,5797.0,103.471,1784419945230.0,6052.234
ss-56-240000,1784420783081.2437,1784420783435,1784420785230.0,1784420785333.472,353.756,1795.0,103.472,1784419945230.0,2252.228
ss-57-240000,1784420782881.2378,1784420783435,1784420785230.0,1784420785333.4736,553.762,1795.0,103.474,1784419945230.0,2452.236
ss-58-240000,1784420780531.2598,1784420781533,1784420785230.0,1784420785333.4746,1001.74,3697.0,103.475,1784419945230.0,4802.215
ss-59-240000,1784420779231.2466,1784420779433,1784420785230.0,1784420785333.475,201.753,5797.0,103.475,1784419945230.0,6102.229
ss-6-240000,1784420780181.2368,1784420780483,1784420785230.0,1784420785333.4758,301.763,4747.0,103.476,1784419945230.0,5152.239
ss-60-240000,1784420782781.2397,1784420783435,1784420785230.0,1784420785333.6084,653.76,1795.0,103.608,1784419945230.0,2552.369
ss-61-240000,1784420763531.2446,1784420763683,1784420785230.0,1784420785333.612,151.755,21547.0,103.612,1784419945230.0,21802.367
ss-62-240000,1784420772531.256,1784420773133,1784420785230.0,1784420785333.6135,601.744,12097.0,103.614,1784419945230.0,12802.357
ss-63-240000,1784420780681.2322,1784420781533,1784420785231.0,1784420785333.615,851.768,3698.0,102.615,1784419945231.0,4652.383
ss-64-240000,1784420777681.2305,1784420778384,1784420785231.0,1784420785333.6265,702.77,6847.0,102.626,1784419945231.0,7652.396
ss-65-240000,1784420779031.243,1784420779433,1784420785231.0,1784420785333.6274,401.757,5798.0,102.627,1784419945231.0,6302.385
ss-66-240000,1784420779181.2458,1784420779433,1784420785231.0,1784420785333.6284,251.754,5798.0,102.628,1784419945231.0,6152.383
ss-67-240000,1784420769681.24,1784420769984,1784420785231.0,1784420785333.63,302.76,15247.0,102.63,1784419945231.0,15652.39
ss-68-240000,1784420781481.2458,1784420781533,1784420785231.0,1784420785333.645,51.754,3698.0,102.645,1784419945231.0,3852.399
ss-69-240000,1784420771531.2502,1784420772083,1784420785231.0,1784420785333.6462,551.75,13148.0,102.646,1784419945231.0,13802.396
ss-7-240000,1784420779331.2415,1784420779433,1784420785231.0,1784420785333.647,101.759,5798.0,102.647,1784419945231.0,6002.406
ss-70-240000,1784420778281.2551,1784420778384,1784420785231.0,1784420785333.6484,102.745,6847.0,102.648,1784419945231.0,7052.393
ss-71-240000,1784420781381.2712,1784420781533,1784420785231.0,1784420785333.6497,151.729,3698.0,102.65,1784419945231.0,3952.378
ss-72-240000,1784420778631.2534,1784420779433,1784420785231.0,1784420785333.6567,801.747,5798.0,102.657,1784419945231.0,6702.403
ss-73-240000,1784420776631.2522,1784420777333,1784420785231.0,1784420785333.6577,701.748,7898.0,102.658,1784419945231.0,8702.406
ss-74-240000,1784420782681.2373,1784420783435,1784420785231.0,1784420785333.6584,753.763,1796.0,102.658,1784419945231.0,2652.421
ss-75-240000,1784420780381.2356,1784420780483,1784420785231.0,1784420785333.6592,101.764,4748.0,102.659,1784419945231.0,4952.424
ss-76-240000,1784420783031.271,1784420783435,1784420785231.0,1784420785333.695,403.729,1796.0,102.695,1784419945231.0,2302.424
ss-77-240000,1784420783231.2488,1784420783435,1784420785231.0,1784420785333.6958,203.751,1796.0,102.696,1784419945231.0,2102.447
ss-78-240000,1784420773481.2554,1784420774183,1784420785231.0,1784420785333.6965,701.745,11048.0,102.697,1784419945231.0,11852.441
ss-79-240000,1784420775931.268,1784420776283,1784420785231.0,1784420785333.7473,351.732,8948.0,102.747,1784419945231.0,9402.479
ss-8-240000,1784420781631.2349,1784420782583,1784420785231.0,1784420785333.7485,951.765,2648.0,102.749,1784419945231.0,3702.514
ss-80-240000,1784420782631.265,1784420783435,1784420785231.0,1784420785333.9536,803.735,1796.0,102.954,1784419945231.0,2702.689
ss-81-240000,1784420768631.2314,1784420768933,1784420785231.0,1784420785333.9553,301.769,16298.0,102.955,1784419945231.0,16702.724
ss-82-240000,1784420778681.2502,1784420779433,1784420785231.0,1784420785333.9648,751.75,5798.0,102.965,1784419945231.0,6652.715
ss-83-240000,1784420777281.2395,1784420777333,1784420785231.0,1784420785333.966,51.76,7898.0,102.966,1784419945231.0,8052.727
ss-84-240000,1784420772931.2585,1784420773133,1784420785231.0,1784420785334.0146,201.741,12098.0,103.015,1784419945231.0,12402.756
ss-85-240000,1784420782031.2505,1784420782583,1784420785231.0,1784420785334.0166,551.75,2648.0,103.017,1784419945231.0,3302.766
ss-86-240000,1784420783381.2454,1784420783435,1784420785231.0,1784420785334.018,53.755,1796.0,103.018,1784419945231.0,1952.773
ss-87-240000,1784420776081.259,1784420776283,1784420785231.0,1784420785334.0269,201.741,8948.0,103.027,1784419945231.0,9252.768
ss-88-240000,1784420778081.265,1784420778384,1784420785231.0,1784420785334.0283,302.735,6847.0,103.028,1784419945231.0,7252.763
ss-89-240000,1784420767781.2432,1784420767884,1784420785231.0,1784420785334.0288,102.757,17347.0,103.029,1784419945231.0,17552.786
ss-9-240000,1784420779131.2522,1784420779433,1784420785231.0,1784420785334.0535,301.748,5798.0,103.053,1784419945231.0,6202.801
ss-90-240000,1784420782981.2444,1784420783435,1784420785231.0,1784420785334.0544,453.756,1796.0,103.054,1784419945231.0,2352.81
ss-91-240000,1784420781031.2627,1784420781533,1784420785231.0,1784420785334.056,501.737,3698.0,103.056,1784419945231.0,4302.793
ss-92-240000,1784420778031.2676,1784420778384,1784420785231.0,1784420785334.0566,352.732,6847.0,103.057,1784419945231.0,7302.789
ss-93-240000,1784420766881.2456,1784420767884,1784420785231.0,1784420785334.0647,1002.754,17347.0,103.065,1784419945231.0,18452.819
ss-94-240000,1784420773631.2551,1784420774183,1784420785231.0,1784420785334.0654,551.745,11048.0,103.065,1784419945231.0,11702.81
ss-95-240000,1784420776981.2837,1784420777333,1784420785231.0,1784420785334.0662,351.716,7898.0,103.066,1784419945231.0,8352.782
ss-96-240000,1784420783331.2368,1784420783435,1784420785231.0,1784420785334.0718,103.763,1796.0,103.072,1784419945231.0,2002.835
ss-97-240000,1784420780081.2393,1784420780483,1784420785231.0,1784420785334.1838,401.761,4748.0,103.184,1784419945231.0,5252.945
ss-98-240000,1784420779431.2434,1784420779433,1784420785231.0,1784420785334.1865,1.757,5798.0,103.187,1784419945231.0,5902.943
ss-99-240000,1784420762131.2556,1784420762633,1784420785231.0,1784420785334.188,501.744,22598.0,103.188,1784419945231.0,23202.932
ss-0-300000,1784420780481.2424,1784420780483,1784420785231.0,1784420785334.189,1.758,4748.0,103.189,1784419885231.0,4852.947
ss-1-300000,1784420779381.2158,1784420779433,1784420785232.0,1784420785334.203,51.784,5799.0,102.203,1784419885232.0,5952.987
ss-10-300000,1784420764831.2324,1784420765783,1784420785232.0,1784420785334.204,951.768,19449.0,102.204,1784419885232.0,20502.972
ss-11-300000,1784420782231.2542,1784420782583,1784420785232.0,1784420785334.2102,351.746,2649.0,102.21,1784419885232.0,3102.956
ss-12-300000,1784420779731.248,1784420780483,1784420785232.0,1784420785334.215,751.752,4749.0,102.215,1784419885232.0,5602.967
ss-13-300000,1784420774031.2532,1784420774183,1784420785232.0,1784420785334.3923,151.747,11049.0,102.392,1784419885232.0,11303.139
ss-14-300000,1784420781431.267,1784420781533,1784420785232.0,1784420785334.399,101.733,3699.0,102.399,1784419885232.0,3903.132
ss-15-300000,1784420781681.2312,1784420782583,1784420785232.0,1784420785334.4004,901.769,2649.0,102.4,1784419885232.0,3653.169
ss-16-300000,1784420782931.247,1784420783435,1784420785232.0,1784420785334.4014,503.753,1797.0,102.401,1784419885232.0,2403.154
ss-17-300000,1784420769931.2498,1784420769984,1784420785232.0,1784420785334.4023,52.75,15248.0,102.402,1784419885232.0,15403.153
ss-18-300000,1784420778931.2585,1784420779433,1784420785232.0,1784420785334.403,501.741,5799.0,102.403,1784419885232.0,6403.145
ss-19-300000,1784420782131.2478,1784420782583,1784420785232.0,1784420785334.4038,451.752,2649.0,102.404,1784419885232.0,3203.156
ss-2-300000,1784420781081.2627,1784420781533,1784420785232.0,1784420785334.4045,451.737,3699.0,102.405,1784419885232.0,4253.142
ss-20-300000,1784420780331.243,1784420780483,1784420785232.0,1784420785334.4055,151.757,4749.0,102.406,1784419885232.0,5003.163
ss-21-300000,1784420779631.2441,1784420780483,1784420785232.0,1784420785334.411,851.756,4749.0,102.411,1784419885232.0,5703.167
ss-22-300000,1784420781181.2627,1784420781533,1784420785232.0,1784420785334.4124,351.737,3699.0,102.412,1784419885232.0,4153.15
ss-23-300000,1784420781281.2537,1784420781533,1784420785232.0,1784420785334.4133,251.746,3699.0,102.413,1784419885232.0,4053.16
ss-24-300000,1784420781831.2397,1784420782583,1784420785232.0,1784420785334.4143,751.76,2649.0,102.414,1784419885232.0,3503.175
ss-25-300000,1784420778831.247,1784420779433,1784420785232.0,1784420785334.4194,601.753,5799.0,102.419,1784419885232.0,6503.172
ss-26-300000,1784420782831.2388,1784420783435,1784420785232.0,1784420785334.4204,603.761,1797.0,102.42,1784419885232.0,2503.182
ss-27-300000,1784420783281.2383,1784420783435,1784420785232.0,1784420785334.4211,153.762,1797.0,102.421,1784419885232.0,2053.183
ss-28-300000,1784420780281.2385,1784420780483,1784420785232.0,1784420785334.4258,201.761,4749.0,102.426,1784419885232.0,5053.187
ss-29-300000,1784420776431.2488,1784420777333,1784420785232.0,1784420785334.4268,901.751,7899.0,102.427,1784419885232.0,8903.178
ss-3-300000,1784420779081.243,1784420779433,1784420785232.0,1784420785334.4846,351.757,5799.0,102.485,1784419885232.0,6253.242
ss-30-300000,1784420782431.2378,1784420782583,1784420785232.0,1784420785334.4858,151.762,2649.0,102.486,1784419885232.0,2903.248
ss-31-300000,1784420783181.239,1784420783435,1784420785232.0,1784420785334.487,253.761,1797.0,102.487,1784419885232.0,2153.248
ss-32-300000,1784420780631.2395,1784420781533,1784420785232.0,1784420785334.488,901.76,3699.0,102.488,1784419885232.0,4703.249
ss-33-300000,1784420763781.2463,1784420764733,1784420785232.0,1784420785334.5237,951.754,20499.0,102.524,1784419885232.0,21553.277
ss-34-300000,1784420782281.2385,1784420782583,1784420785232.0,1784420785334.5247,301.761,2649.0,102.525,1784419885232.0,3053.286
ss-35-300000,1784420774381.2627,1784420775233,1784420785232.0,1784420785334.532,851.737,9999.0,102.532,1784419885232.0,10953.269
ss-36-300000,1784420781881.2314,1784420782583,1784420785232.0,1784420785334.533,701.769,2649.0,102.533,1784419885232.0,3453.302
ss-37-300000,1784420781331.2546,1784420781533,1784420785232.0,1784420785334.5337,201.745,3699.0,102.534,1784419885232.0,4003.279
ss-38-300000,1784420782731.2454,1784420783435,1784420785232.0,1784420785334.5344,703.755,1797.0,102.534,1784419885232.0,2603.289
ss-39-300000,1784420777181.2356,1784420777333,1784420785232.0,1784420785334.5352,151.764,7899.0,102.535,1784419885232.0,8153.3
ss-4-300000,1784420781981.239,1784420782583,1784420785232.0,1784420785334.5361,601.761,2649.0,102.536,1784419885232.0,3353.297
ss-40-300000,1784420763231.2803,1784420763683,1784420785232.0,1784420785334.5369,451.72,21549.0,102.537,1784419885232.0,22103.257
ss-41-300000,1784420779481.2397,1784420780483,1784420785232.0,1784420785334.7688,1001.76,4749.0,102.769,1784419885232.0,5853.529
ss-42-300000,1784420775381.2502,1784420776283,1784420785233.0,1784420785335.0051,901.75,8950.0,102.005,1784419885233.0,9953.755
ss-43-300000,1784420782081.25,1784420782583,1784420785233.0,1784420785335.0068,501.75,2650.0,102.007,1784419885233.0,3253.757
ss-44-300000,1784420781731.243,1784420782583,1784420785233.0,1784420785335.0078,851.757,2650.0,102.008,1784419885233.0,3603.765
ss-45-300000,1784420781231.2666,1784420781533,1784420785233.0,1784420785335.0085,301.733,3700.0,102.009,1784419885233.0,4103.742
ss-46-300000,1784420777131.2498,1784420777333,1784420785233.0,1784420785335.0103,201.75,7900.0,102.01,1784419885233.0,8203.76
ss-47-300000,1784420783131.2524,1784420783435,1784420785233.0,1784420785335.011,303.748,1798.0,102.011,1784419885233.0,2203.759
ss-48-300000,1784420766681.2622,1784420766833,1784420785233.0,1784420785335.0117,151.738,18400.0,102.012,1784419885233.0,18653.75
ss-49-300000,1784420781531.248,1784420781533,1784420785233.0,1784420785335.0125,1.752,3700.0,102.012,1784419885233.0,3803.764
ss-5-300000,1784420780131.2458,1784420780483,1784420785233.0,1784420785335.0176,351.754,4750.0,102.018,1784419885233.0,5203.772
ss-50-300000,1784420780031.2385,1784420780483,1784420785233.0,1784420785335.0183,451.761,4750.0,102.018,1784419885233.0,5303.78
ss-51-300000,1784420782581.237,1784420782583,1784420785233.0,1784420785335.0188,1.763,2650.0,102.019,1784419885233.0,2753.782
ss-52-300000,1784420780931.2795,1784420781533,1784420785233.0,1784420785335.0195,601.72,3700.0,102.02,1784419885233.0,4403.74
ss-53-300000,1784420780581.2324,1784420781533,1784420785233.0,1784420785335.0244,951.768,3700.0,102.024,1784419885233.0,4753.792
ss-54-300000,1784420775581.256,1784420776283,1784420785233.0,1784420785335.0251,701.744,8950.0,102.025,1784419885233.0,9753.769
ss-55-300000,1784420779281.2375,1784420779433,1784420785233.0,1784420785335.026,151.762,5800.0,102.026,1784419885233.0,6053.788
ss-56-300000,1784420783081.2437,1784420783435,1784420785233.0,1784420785335.0266,353.756,1798.0,102.027,1784419885233.0,2253.783
ss-57-300000,1784420782881.2378,1784420783435,1784420785233.0,1784420785335.028,553.762,1798.0,102.028,1784419885233.0,2453.79
ss-58-300000,1784420780531.2598,1784420781533,1784420785233.0,1784420785335.0286,1001.74,3700.0,102.029,1784419885233.0,4803.769
ss-59-300000,1784420779231.2466,1784420779433,1784420785233.0,1784420785335.0293,201.753,5800.0,102.029,1784419885233.0,6103.783
ss-6-300000,1784420780181.2368,1784420780483,1784420785233.0,1784420785335.03,301.763,4750.0,102.03,1784419885233.0,5153.793
ss-60-300000,1784420782781.2397,1784420783435,1784420785233.0,1784420785335.0315,653.76,1798.0,102.031,1784419885233.0,2553.792
ss-61-300000,1784420763531.2446,1784420763683,1784420785233.0,1784420785335.0322,151.755,21550.0,102.032,1784419885233.0,21803.788
ss-62-300000,1784420772531.256,1784420773133,1784420785233.0,1784420785335.033,601.744,12100.0,102.033,1784419885233.0,12803.777
ss-63-300000,1784420780681.2322,1784420781533,1784420785233.0,1784420785335.034,851.768,3700.0,102.034,1784419885233.0,4653.802
ss-64-300000,1784420777681.2305,1784420778384,1784420785233.0,1784420785335.0347,702.77,6849.0,102.035,1784419885233.0,7653.804
ss-65-300000,1784420779031.243,1784420779433,1784420785233.0,1784420785335.051,401.757,5800.0,102.051,1784419885233.0,6303.808
ss-66-300000,1784420779181.2458,1784420779433,1784420785233.0,1784420785335.052,251.754,5800.0,102.052,1784419885233.0,6153.806
ss-67-300000,1784420769681.24,1784420769984,1784420785233.0,1784420785335.0527,302.76,15249.0,102.053,1784419885233.0,15653.813
ss-68-300000,1784420781481.2458,1784420781533,1784420785233.0,1784420785335.0535,51.754,3700.0,102.053,1784419885233.0,3853.808
ss-69-300000,1784420771531.2502,1784420772083,1784420785233.0,1784420785335.0542,551.75,13150.0,102.054,1784419885233.0,13803.804
ss-7-300000,1784420779331.2415,1784420779433,1784420785233.0,1784420785335.055,101.759,5800.0,102.055,1784419885233.0,6003.813
ss-70-300000,1784420778281.2551,1784420778384,1784420785233.0,1784420785335.0603,102.745,6849.0,102.06,1784419885233.0,7053.805
ss-71-300000,1784420781381.2712,1784420781533,1784420785233.0,1784420785335.0613,151.729,3700.0,102.061,1784419885233.0,3953.79
ss-72-300000,1784420778631.2534,1784420779433,1784420785233.0,1784420785335.062,801.747,5800.0,102.062,1784419885233.0,6703.809
ss-73-300000,1784420776631.2522,1784420777333,1784420785233.0,1784420785335.0627,701.748,7900.0,102.063,1784419885233.0,8703.811
ss-74-300000,1784420782681.2373,1784420783435,1784420785233.0,1784420785335.0635,753.763,1798.0,102.063,1784419885233.0,2653.826
ss-75-300000,1784420780381.2356,1784420780483,1784420785234.0,1784420785335.0642,101.764,4751.0,101.064,1784419885234.0,4953.829
ss-76-300000,1784420783031.271,1784420783435,1784420785234.0,1784420785335.065,403.729,1799.0,101.065,1784419885234.0,2303.794
ss-77-300000,1784420783231.2488,1784420783435,1784420785234.0,1784420785335.0657,203.751,1799.0,101.066,1784419885234.0,2103.817
ss-78-300000,1784420773481.2554,1784420774183,1784420785234.0,1784420785335.0662,701.745,11051.0,101.066,1784419885234.0,11853.811
ss-79-300000,1784420775931.268,1784420776283,1784420785234.0,1784420785335.067,351.732,8951.0,101.067,1784419885234.0,9403.799
ss-8-300000,1784420781631.2349,1784420782583,1784420785234.0,1784420785335.2058,951.765,2651.0,101.206,1784419885234.0,3703.971
ss-80-300000,1784420782631.265,1784420783435,1784420785234.0,1784420785335.2146,803.735,1799.0,101.215,1784419885234.0,2703.95
ss-81-300000,1784420768631.2314,1784420768933,1784420785234.0,1784420785335.2153,301.769,16301.0,101.215,1784419885234.0,16703.984
ss-82-300000,1784420778681.2502,1784420779433,1784420785234.0,1784420785335.2163,751.75,5801.0,101.216,1784419885234.0,6653.966
ss-83-300000,1784420777281.2395,1784420777333,1784420785234.0,1784420785335.2173,51.76,7901.0,101.217,1784419885234.0,8053.978
ss-84-300000,1784420772931.2585,1784420773133,1784420785234.0,1784420785335.218,201.741,12101.0,101.218,1784419885234.0,12403.959
ss-85-300000,1784420782031.2505,1784420782583,1784420785234.0,1784420785335.2188,551.75,2651.0,101.219,1784419885234.0,3303.968
ss-86-300000,1784420783381.2454,1784420783435,1784420785234.0,1784420785335.2195,53.755,1799.0,101.219,1784419885234.0,1953.974
ss-87-300000,1784420776081.259,1784420776283,1784420785234.0,1784420785335.2202,201.741,8951.0,101.22,1784419885234.0,9253.961
ss-88-300000,1784420778081.265,1784420778384,1784420785234.0,1784420785335.2207,302.735,6850.0,101.221,1784419885234.0,7253.956
ss-89-300000,1784420767781.2432,1784420767884,1784420785234.0,1784420785335.2314,102.757,17350.0,101.231,1784419885234.0,17553.988
ss-9-300000,1784420779131.2522,1784420779433,1784420785234.0,1784420785335.2324,301.748,5801.0,101.232,1784419885234.0,6203.98
ss-90-300000,1784420782981.2444,1784420783435,1784420785234.0,1784420785335.2332,453.756,1799.0,101.233,1784419885234.0,2353.989
ss-91-300000,1784420781031.2627,1784420781533,1784420785234.0,1784420785335.238,501.737,3701.0,101.238,1784419885234.0,4303.975
ss-92-300000,1784420778031.2676,1784420778384,1784420785234.0,1784420785335.239,352.732,6850.0,101.239,1784419885234.0,7303.971
ss-93-300000,1784420766881.2456,1784420767884,1784420785234.0,1784420785335.2402,1002.754,17350.0,101.24,1784419885234.0,18453.995
ss-94-300000,1784420773631.2551,1784420774183,1784420785234.0,1784420785335.241,551.745,11051.0,101.241,1784419885234.0,11703.986
ss-95-300000,1784420776981.2837,1784420777333,1784420785234.0,1784420785335.2417,351.716,7901.0,101.242,1784419885234.0,8353.958
ss-96-300000,1784420783331.2368,1784420783435,1784420785234.0,1784420785335.2424,103.763,1799.0,101.242,1784419885234.0,2004.006
ss-97-300000,1784420780081.2393,1784420780483,1784420785234.0,1784420785335.2432,401.761,4751.0,101.243,1784419885234.0,5254.004
ss-98-300000,1784420779431.2434,1784420779433,1784420785234.0,1784420785335.244,1.757,5801.0,101.244,1784419885234.0,5904.0
ss-99-300000,1784420762131.2556,1784420762633,1784420785234.0,1784420785335.3635,501.744,22601.0,101.364,1784419885234.0,23204.108
ss-0-360000,1784420780481.2424,1784420780483,1784420785234.0,1784420785335.3655,1.758,4751.0,101.365,1784419825234.0,4854.123
ss-1-360000,1784420779381.2158,1784420779433,1784420785234.0,1784420785335.3667,51.784,5801.0,101.367,1784419825234.0,5954.151
ss-10-360000,1784420764831.2324,1784420765783,1784420785234.0,1784420785335.3677,951.768,19451.0,101.368,1784419825234.0,20504.135
ss-11-360000,1784420782231.2542,1784420782583,1784420785234.0,1784420785335.3687,351.746,2651.0,101.369,1784419825234.0,3104.115
ss-12-360000,1784420779731.248,1784420780483,1784420785234.0,1784420785335.3694,751.752,4751.0,101.369,1784419825234.0,5604.121
ss-13-360000,1784420774031.2532,1784420774183,1784420785234.0,1784420785335.37,151.747,11051.0,101.37,1784419825234.0,11304.117
ss-14-360000,1784420781431.267,1784420781533,1784420785234.0,1784420785335.3708,101.733,3701.0,101.371,1784419825234.0,3904.104
ss-15-360000,1784420781681.2312,1784420782583,1784420785234.0,1784420785335.3718,901.769,2651.0,101.372,1784419825234.0,3654.141
ss-16-360000,1784420782931.247,1784420783435,1784420785234.0,1784420785335.3726,503.753,1799.0,101.373,1784419825234.0,2404.125
ss-17-360000,1784420769931.2498,1784420769984,1784420785234.0,1784420785335.3735,52.75,15250.0,101.374,1784419825234.0,15404.124
ss-18-360000,1784420778931.2585,1784420779433,1784420785234.0,1784420785335.3826,501.741,5801.0,101.383,1784419825234.0,6404.124
ss-19-360000,1784420782131.2478,1784420782583,1784420785235.0,1784420785335.3884,451.752,2652.0,100.388,1784419825235.0,3204.141
ss-2-360000,1784420781081.2627,1784420781533,1784420785235.0,1784420785335.3894,451.737,3702.0,100.389,1784419825235.0,4254.127
ss-20-360000,1784420780331.243,1784420780483,1784420785235.0,1784420785335.3904,151.757,4752.0,100.39,1784419825235.0,5004.147
ss-21-360000,1784420779631.2441,1784420780483,1784420785235.0,1784420785335.6506,851.756,4752.0,100.651,1784419825235.0,5704.406
ss-22-360000,1784420781181.2627,1784420781533,1784420785235.0,1784420785335.6526,351.737,3702.0,100.653,1784419825235.0,4154.39
ss-23-360000,1784420781281.2537,1784420781533,1784420785235.0,1784420785335.6536,251.746,3702.0,100.654,1784419825235.0,4054.4
ss-24-360000,1784420781831.2397,1784420782583,1784420785235.0,1784420785335.6543,751.76,2652.0,100.654,1784419825235.0,3504.415
ss-25-360000,1784420778831.247,1784420779433,1784420785235.0,1784420785335.6633,601.753,5802.0,100.663,1784419825235.0,6504.416
ss-26-360000,1784420782831.2388,1784420783435,1784420785235.0,1784420785335.6643,603.761,1800.0,100.664,1784419825235.0,2504.426
ss-27-360000,1784420783281.2383,1784420783435,1784420785235.0,1784420785335.6648,153.762,1800.0,100.665,1784419825235.0,2054.427
ss-28-360000,1784420780281.2385,1784420780483,1784420785235.0,1784420785335.667,201.761,4752.0,100.667,1784419825235.0,5054.428
ss-29-360000,1784420776431.2488,1784420777333,1784420785235.0,1784420785335.6677,901.751,7902.0,100.668,1784419825235.0,8904.419
ss-3-360000,1784420779081.243,1784420779433,1784420785235.0,1784420785335.6685,351.757,5802.0,100.668,1784419825235.0,6254.426
ss-30-360000,1784420782431.2378,1784420782583,1784420785235.0,1784420785335.6694,151.762,2652.0,100.669,1784419825235.0,2904.432
ss-31-360000,1784420783181.239,1784420783435,1784420785235.0,1784420785335.6702,253.761,1800.0,100.67,1784419825235.0,2154.431
ss-32-360000,1784420780631.2395,1784420781533,1784420785235.0,1784420785335.6711,901.76,3702.0,100.671,1784419825235.0,4704.432
ss-33-360000,1784420763781.2463,1784420764733,1784420785235.0,1784420785335.6719,951.754,20502.0,100.672,1784419825235.0,21554.426
ss-34-360000,1784420782281.2385,1784420782583,1784420785235.0,1784420785335.6726,301.761,2652.0,100.673,1784419825235.0,3054.434
ss-35-360000,1784420774381.2627,1784420775233,1784420785235.0,1784420785335.6733,851.737,10002.0,100.673,1784419825235.0,10954.411
ss-36-360000,1784420781881.2314,1784420782583,1784420785235.0,1784420785335.6743,701.769,2652.0,100.674,1784419825235.0,3454.443
ss-37-360000,1784420781331.2546,1784420781533,1784420785235.0,1784420785335.675,201.745,3702.0,100.675,1784419825235.0,4004.42
ss-38-360000,1784420782731.2454,1784420783435,1784420785235.0,1784420785335.6797,703.755,1800.0,100.68,1784419825235.0,2604.434
ss-39-360000,1784420777181.2356,1784420777333,1784420785236.0,1784420785335.6804,151.764,7903.0,99.68,1784419825236.0,8154.445
ss-4-360000,1784420781981.239,1784420782583,1784420785236.0,1784420785335.6812,601.761,2653.0,99.681,1784419825236.0,3354.442
ss-40-360000,1784420763231.2803,1784420763683,1784420785236.0,1784420785335.682,451.72,21553.0,99.682,1784419825236.0,22104.402
ss-41-360000,1784420779481.2397,1784420780483,1784420785236.0,1784420785335.6826,1001.76,4753.0,99.683,1784419825236.0,5854.443
ss-42-360000,1784420775381.2502,1784420776283,1784420785236.0,1784420785335.6833,901.75,8953.0,99.683,1784419825236.0,9954.433
ss-43-360000,1784420782081.25,1784420782583,1784420785236.0,1784420785335.6882,501.75,2653.0,99.688,1784419825236.0,3254.438
ss-44-360000,1784420781731.243,1784420782583,1784420785236.0,1784420785335.689,851.757,2653.0,99.689,1784419825236.0,3604.446
ss-45-360000,1784420781231.2666,1784420781533,1784420785236.0,1784420785335.7126,301.733,3703.0,99.713,1784419825236.0,4104.446
ss-46-360000,1784420777131.2498,1784420777333,1784420785236.0,1784420785335.7317,201.75,7903.0,99.732,1784419825236.0,8204.482
ss-47-360000,1784420783131.2524,1784420783435,1784420785236.0,1784420785335.7327,303.748,1801.0,99.733,1784419825236.0,2204.48
ss-48-360000,1784420766681.2622,1784420766833,1784420785236.0,1784420785335.7334,151.738,18403.0,99.733,1784419825236.0,18654.471
ss-49-360000,1784420781531.248,1784420781533,1784420785236.0,1784420785335.7341,1.752,3703.0,99.734,1784419825236.0,3804.486
ss-5-360000,1784420780131.2458,1784420780483,1784420785236.0,1784420785335.7349,351.754,4753.0,99.735,1784419825236.0,5204.489
ss-50-360000,1784420780031.2385,1784420780483,1784420785236.0,1784420785335.7356,451.761,4753.0,99.736,1784419825236.0,5304.497
ss-51-360000,1784420782581.237,1784420782583,1784420785236.0,1784420785335.7366,1.763,2653.0,99.737,1784419825236.0,2754.5
ss-52-360000,1784420780931.2795,1784420781533,1784420785236.0,1784420785335.7373,601.72,3703.0,99.737,1784419825236.0,4404.458
ss-53-360000,1784420780581.2324,1784420781533,1784420785236.0,1784420785335.738,951.768,3703.0,99.738,1784419825236.0,4754.506
ss-54-360000,1784420775581.256,1784420776283,1784420785236.0,1784420785335.7437,701.744,8953.0,99.744,1784419825236.0,9754.488
ss-55-360000,1784420779281.2375,1784420779433,1784420785236.0,1784420785335.7444,151.762,5803.0,99.744,1784419825236.0,6054.507
ss-56-360000,1784420783081.2437,1784420783435,1784420785236.0,1784420785335.749,353.756,1801.0,99.749,1784419825236.0,2254.505
ss-57-360000,1784420782881.2378,1784420783435,1784420785236.0,1784420785335.75,553.762,1801.0,99.75,1784419825236.0,2454.512
ss-58-360000,1784420780531.2598,1784420781533,1784420785236.0,1784420785335.7507,1001.74,3703.0,99.751,1784419825236.0,4804.491
ss-59-360000,1784420779231.2466,1784420779433,1784420785236.0,1784420785335.7554,201.753,5803.0,99.755,1784419825236.0,6104.509
ss-6-360000,1784420780181.2368,1784420780483,1784420785236.0,1784420785335.756,301.763,4753.0,99.756,1784419825236.0,5154.519
ss-60-360000,1784420782781.2397,1784420783435,1784420785236.0,1784420785335.8174,653.76,1801.0,99.817,1784419825236.0,2554.578
ss-61-360000,1784420763531.2446,1784420763683,1784420785236.0,1784420785335.8193,151.755,21553.0,99.819,1784419825236.0,21804.575
ss-62-360000,1784420772531.256,1784420773133,1784420785236.0,1784420785335.8203,601.744,12103.0,99.82,1784419825236.0,12804.564
ss-63-360000,1784420780681.2322,1784420781533,1784420785236.0,1784420785335.8213,851.768,3703.0,99.821,1784419825236.0,4654.589
ss-64-360000,1784420777681.2305,1784420778384,1784420785236.0,1784420785335.8223,702.77,6852.0,99.822,1784419825236.0,7654.592
ss-65-360000,1784420779031.243,1784420779433,1784420785236.0,1784420785335.823,401.757,5803.0,99.823,1784419825236.0,6304.58
ss-66-360000,1784420779181.2458,1784420779433,1784420785236.0,1784420785335.8237,251.754,5803.0,99.824,1784419825236.0,6154.578
ss-67-360000,1784420769681.24,1784420769984,1784420785236.0,1784420785336.133,302.76,15252.0,100.133,1784419825236.0,15654.893
ss-68-360000,1784420781481.2458,1784420781533,1784420785236.0,1784420785336.1348,51.754,3703.0,100.135,1784419825236.0,3854.889
ss-69-360000,1784420771531.2502,1784420772083,1784420785236.0,1784420785336.1355,551.75,13153.0,100.135,1784419825236.0,13804.885
ss-7-360000,1784420779331.2415,1784420779433,1784420785236.0,1784420785336.1362,101.759,5803.0,100.136,1784419825236.0,6004.895
ss-70-360000,1784420778281.2551,1784420778384,1784420785236.0,1784420785336.1372,102.745,6852.0,100.137,1784419825236.0,7054.882
ss-71-360000,1784420781381.2712,1784420781533,1784420785236.0,1784420785336.1565,151.729,3703.0,100.156,1784419825236.0,3954.885
ss-72-360000,1784420778631.2534,1784420779433,1784420785237.0,1784420785336.1575,801.747,5804.0,99.157,1784419825237.0,6704.904
ss-73-360000,1784420776631.2522,1784420777333,1784420785237.0,1784420785336.1624,701.748,7904.0,99.162,1784419825237.0,8704.91
ss-74-360000,1784420782681.2373,1784420783435,1784420785237.0,1784420785336.1633,753.763,1802.0,99.163,1784419825237.0,2654.926
ss-75-360000,1784420780381.2356,1784420780483,1784420785237.0,1784420785336.1643,101.764,4754.0,99.164,1784419825237.0,4954.929
ss-76-360000,1784420783031.271,1784420783435,1784420785237.0,1784420785336.165,403.729,1802.0,99.165,1784419825237.0,2304.894
ss-77-360000,1784420783231.2488,1784420783435,1784420785237.0,1784420785336.1658,203.751,1802.0,99.166,1784419825237.0,2104.917
ss-78-360000,1784420773481.2554,1784420774183,1784420785237.0,1784420785336.1665,701.745,11054.0,99.167,1784419825237.0,11854.911
ss-79-360000,1784420775931.268,1784420776283,1784420785237.0,1784420785336.1672,351.732,8954.0,99.167,1784419825237.0,9404.899
ss-8-360000,1784420781631.2349,1784420782583,1784420785237.0,1784420785336.1682,951.765,2654.0,99.168,1784419825237.0,3704.933
ss-80-360000,1784420782631.265,1784420783435,1784420785237.0,1784420785336.1687,803.735,1802.0,99.169,1784419825237.0,2704.904
ss-81-360000,1784420768631.2314,1784420768933,1784420785237.0,1784420785336.1697,301.769,16304.0,99.17,1784419825237.0,16704.938
ss-82-360000,1784420778681.2502,1784420779433,1784420785237.0,1784420785336.1704,751.75,5804.0,99.17,1784419825237.0,6654.92
ss-83-360000,1784420777281.2395,1784420777333,1784420785237.0,1784420785336.1711,51.76,7904.0,99.171,1784419825237.0,8054.932
ss-84-360000,1784420772931.2585,1784420773133,1784420785237.0,1784420785336.1719,201.741,12104.0,99.172,1784419825237.0,12404.913
ss-85-360000,1784420782031.2505,1784420782583,1784420785237.0,1784420785336.1726,551.75,2654.0,99.173,1784419825237.0,3304.922
ss-86-360000,1784420783381.2454,1784420783435,1784420785237.0,1784420785336.1733,53.755,1802.0,99.173,1784419825237.0,1954.928
ss-87-360000,1784420776081.259,1784420776283,1784420785237.0,1784420785336.174,201.741,8954.0,99.174,1784419825237.0,9254.915
ss-88-360000,1784420778081.265,1784420778384,1784420785237.0,1784420785336.1748,302.735,6853.0,99.175,1784419825237.0,7254.91
ss-89-360000,1784420767781.2432,1784420767884,1784420785237.0,1784420785336.1755,102.757,17353.0,99.176,1784419825237.0,17554.932
ss-9-360000,1784420779131.2522,1784420779433,1784420785237.0,1784420785336.1763,301.748,5804.0,99.176,1784419825237.0,6204.924
ss-90-360000,1784420782981.2444,1784420783435,1784420785237.0,1784420785336.177,453.756,1802.0,99.177,1784419825237.0,2354.933
ss-91-360000,1784420781031.2627,1784420781533,1784420785237.0,1784420785336.1821,501.737,3704.0,99.182,1784419825237.0,4304.919
ss-92-360000,1784420778031.2676,1784420778384,1784420785237.0,1784420785336.2,352.732,6853.0,99.2,1784419825237.0,7304.932
ss-93-360000,1784420766881.2456,1784420767884,1784420785237.0,1784420785336.2014,1002.754,17353.0,99.201,1784419825237.0,18454.956
ss-94-360000,1784420773631.2551,1784420774183,1784420785237.0,1784420785336.2021,551.745,11054.0,99.202,1784419825237.0,11704.947
ss-95-360000,1784420776981.2837,1784420777333,1784420785237.0,1784420785336.2031,351.716,7904.0,99.203,1784419825237.0,8354.919
ss-96-360000,1784420783331.2368,1784420783435,1784420785237.0,1784420785336.2122,103.763,1802.0,99.212,1784419825237.0,2004.975
ss-97-360000,1784420780081.2393,1784420780483,1784420785237.0,1784420785336.2131,401.761,4754.0,99.213,1784419825237.0,5254.974
ss-98-360000,1784420779431.2434,1784420779433,1784420785237.0,1784420785336.2136,1.757,5804.0,99.214,1784419825237.0,5904.97
ss-99-360000,1784420762131.2556,1784420762633,1784420785237.0,1784420785336.2183,501.744,22604.0,99.218,1784419825237.0,23204.963
ss-0-420000,1784420780481.2424,1784420780483,1784420785237.0,1784420785336.219,1.758,4754.0,99.219,1784419765237.0,4854.977
ss-1-420000,1784420779381.2158,1784420779433,1784420785237.0,1784420785336.2195,51.784,5804.0,99.219,1784419765237.0,5955.004
ss-10-420000,1784420764831.2324,1784420765783,1784420785237.0,1784420785336.2202,951.768,19454.0,99.22,1784419765237.0,20504.988
ss-11-420000,1784420782231.2542,1784420782583,1784420785237.0,1784420785336.221,351.746,2654.0,99.221,1784419765237.0,3104.967
ss-12-420000,1784420779731.248,1784420780483,1784420785237.0,1784420785336.2217,751.752,4754.0,99.222,1784419765237.0,5604.974
ss-13-420000,1784420774031.2532,1784420774183,1784420785237.0,1784420785336.2224,151.747,11054.0,99.222,1784419765237.0,11304.969
ss-14-420000,1784420781431.267,1784420781533,1784420785237.0,1784420785336.223,101.733,3704.0,99.223,1784419765237.0,3904.956
ss-15-420000,1784420781681.2312,1784420782583,1784420785237.0,1784420785336.2236,901.769,2654.0,99.224,1784419765237.0,3654.992
ss-16-420000,1784420782931.247,1784420783435,1784420785237.0,1784420785336.2244,503.753,1802.0,99.224,1784419765237.0,2404.977
ss-17-420000,1784420769931.2498,1784420769984,1784420785237.0,1784420785336.225,52.75,15253.0,99.225,1784419765237.0,15404.975
ss-18-420000,1784420778931.2585,1784420779433,1784420785238.0,1784420785336.2258,501.741,5805.0,98.226,1784419765238.0,6404.967
ss-19-420000,1784420782131.2478,1784420782583,1784420785238.0,1784420785336.2266,451.752,2655.0,98.227,1784419765238.0,3204.979
ss-2-420000,1784420781081.2627,1784420781533,1784420785238.0,1784420785336.2273,451.737,3705.0,98.227,1784419765238.0,4254.965
ss-20-420000,1784420780331.243,1784420780483,1784420785238.0,1784420785336.228,151.757,4755.0,98.228,1784419765238.0,5004.985
ss-21-420000,1784420779631.2441,1784420780483,1784420785238.0,1784420785336.2288,851.756,4755.0,98.229,1784419765238.0,5704.985
ss-22-420000,1784420781181.2627,1784420781533,1784420785238.0,1784420785336.2417,351.737,3705.0,98.242,1784419765238.0,4154.979
ss-23-420000,1784420781281.2537,1784420781533,1784420785238.0,1784420785336.2427,251.746,3705.0,98.243,1784419765238.0,4054.989
ss-24-420000,1784420781831.2397,1784420782583,1784420785238.0,1784420785336.2512,751.76,2655.0,98.251,1784419765238.0,3505.011
ss-25-420000,1784420778831.247,1784420779433,1784420785238.0,1784420785336.2563,601.753,5805.0,98.256,1784419765238.0,6505.009
ss-26-420000,1784420782831.2388,1784420783435,1784420785238.0,1784420785336.2573,603.761,1803.0,98.257,1784419765238.0,2505.019
ss-27-420000,1784420783281.2383,1784420783435,1784420785238.0,1784420785336.258,153.762,1803.0,98.258,1784419765238.0,2055.02
ss-28-420000,1784420780281.2385,1784420780483,1784420785238.0,1784420785336.2588,201.761,4755.0,98.259,1784419765238.0,5055.02
ss-29-420000,1784420776431.2488,1784420777333,1784420785238.0,1784420785336.2595,901.751,7905.0,98.26,1784419765238.0,8905.011
ss-3-420000,1784420779081.243,1784420779433,1784420785238.0,1784420785336.2603,351.757,5805.0,98.26,1784419765238.0,6255.017
ss-30-420000,1784420782431.2378,1784420782583,1784420785238.0,1784420785336.2676,151.762,2655.0,98.268,1784419765238.0,2905.03
ss-31-420000,1784420783181.239,1784420783435,1784420785238.0,1784420785336.2683,253.761,1803.0,98.268,1784419765238.0,2155.029
ss-32-420000,1784420780631.2395,1784420781533,1784420785238.0,1784420785336.309,901.76,3705.0,98.309,1784419765238.0,4705.07
ss-33-420000,1784420763781.2463,1784420764733,1784420785238.0,1784420785336.3103,951.754,20505.0,98.31,1784419765238.0,21555.064
ss-34-420000,1784420782281.2385,1784420782583,1784420785238.0,1784420785336.3176,301.761,2655.0,98.318,1784419765238.0,3055.079
ss-35-420000,1784420774381.2627,1784420775233,1784420785238.0,1784420785336.3245,851.737,10005.0,98.324,1784419765238.0,10955.062
ss-36-420000,1784420781881.2314,1784420782583,1784420785238.0,1784420785336.3323,701.769,2655.0,98.332,1784419765238.0,3455.101
ss-37-420000,1784420781331.2546,1784420781533,1784420785238.0,1784420785336.333,201.745,3705.0,98.333,1784419765238.0,4005.078
ss-38-420000,1784420782731.2454,1784420783435,1784420785238.0,1784420785336.4119,703.755,1803.0,98.412,1784419765238.0,2605.167
ss-39-420000,1784420777181.2356,1784420777333,1784420785238.0,1784420785336.529,151.764,7905.0,98.529,1784419765238.0,8155.293
ss-4-420000,1784420781981.239,1784420782583,1784420785238.0,1784420785336.5305,601.761,2655.0,98.531,1784419765238.0,3355.292
ss-40-420000,1784420763231.2803,1784420763683,1784420785238.0,1784420785336.5315,451.72,21555.0,98.531,1784419765238.0,22105.251
ss-41-420000,1784420779481.2397,1784420780483,1784420785238.0,1784420785336.5325,1001.76,4755.0,98.532,1784419765238.0,5855.293
ss-42-420000,1784420775381.2502,1784420776283,1784420785238.0,1784420785336.5332,901.75,8955.0,98.533,1784419765238.0,9955.283
ss-43-420000,1784420782081.25,1784420782583,1784420785238.0,1784420785336.534,501.75,2655.0,98.534,1784419765238.0,3255.284
ss-44-420000,1784420781731.243,1784420782583,1784420785238.0,1784420785336.5344,851.757,2655.0,98.534,1784419765238.0,3605.292
ss-45-420000,1784420781231.2666,1784420781533,1784420785238.0,1784420785336.5486,301.733,3705.0,98.549,1784419765238.0,4105.282
ss-46-420000,1784420777131.2498,1784420777333,1784420785238.0,1784420785336.5493,201.75,7905.0,98.549,1784419765238.0,8205.3
ss-47-420000,1784420783131.2524,1784420783435,1784420785238.0,1784420785336.5503,303.748,1803.0,98.55,1784419765238.0,2205.298
ss-48-420000,1784420766681.2622,1784420766833,1784420785238.0,1784420785336.5508,151.738,18405.0,98.551,1784419765238.0,18655.289
ss-49-420000,1784420781531.248,1784420781533,1784420785238.0,1784420785336.5515,1.752,3705.0,98.552,1784419765238.0,3805.303
ss-5-420000,1784420780131.2458,1784420780483,1784420785238.0,1784420785336.5522,351.754,4755.0,98.552,1784419765238.0,5205.306
ss-50-420000,1784420780031.2385,1784420780483,1784420785238.0,1784420785336.553,451.761,4755.0,98.553,1784419765238.0,5305.314
ss-51-420000,1784420782581.237,1784420782583,1784420785238.0,1784420785336.5537,1.763,2655.0,98.554,1784419765238.0,2755.317
ss-52-420000,1784420780931.2795,1784420781533,1784420785238.0,1784420785336.5686,601.72,3705.0,98.569,1784419765238.0,4405.289
ss-53-420000,1784420780581.2324,1784420781533,1784420785238.0,1784420785336.5696,951.768,3705.0,98.57,1784419765238.0,4755.337
ss-54-420000,1784420775581.256,1784420776283,1784420785239.0,1784420785336.653,701.744,8956.0,97.653,1784419765239.0,9755.397
ss-55-420000,1784420779281.2375,1784420779433,1784420785239.0,1784420785336.6545,151.762,5806.0,97.655,1784419765239.0,6055.417
ss-56-420000,1784420783081.2437,1784420783435,1784420785239.0,1784420785336.6553,353.756,1804.0,97.655,1784419765239.0,2255.412
ss-57-420000,1784420782881.2378,1784420783435,1784420785239.0,1784420785336.6562,553.762,1804.0,97.656,1784419765239.0,2455.418
ss-58-420000,1784420780531.2598,1784420781533,1784420785239.0,1784420785336.6843,1001.74,3706.0,97.684,1784419765239.0,4805.425
ss-59-420000,1784420779231.2466,1784420779433,1784420785239.0,1784420785336.685,201.753,5806.0,97.685,1784419765239.0,6105.438
ss-6-420000,1784420780181.2368,1784420780483,1784420785239.0,1784420785336.6855,301.763,4756.0,97.686,1784419765239.0,5155.449
ss-60-420000,1784420782781.2397,1784420783435,1784420785239.0,1784420785336.686,653.76,1804.0,97.686,1784419765239.0,2555.446
ss-61-420000,1784420763531.2446,1784420763683,1784420785239.0,1784420785336.6868,151.755,21556.0,97.687,1784419765239.0,21805.442
ss-62-420000,1784420772531.256,1784420773133,1784420785239.0,1784420785336.7068,601.744,12106.0,97.707,1784419765239.0,12805.451
ss-63-420000,1784420780681.2322,1784420781533,1784420785239.0,1784420785336.7078,851.768,3706.0,97.708,1784419765239.0,4655.476
ss-64-420000,1784420777681.2305,1784420778384,1784420785239.0,1784420785336.7747,702.77,6855.0,97.775,1784419765239.0,7655.544
ss-65-420000,1784420779031.243,1784420779433,1784420785239.0,1784420785336.7756,401.757,5806.0,97.776,1784419765239.0,6305.533
ss-66-420000,1784420779181.2458,1784420779433,1784420785239.0,1784420785336.7764,251.754,5806.0,97.776,1784419765239.0,6155.531
ss-67-420000,1784420769681.24,1784420769984,1784420785239.0,1784420785336.7773,302.76,15255.0,97.777,1784419765239.0,15655.537
ss-68-420000,1784420781481.2458,1784420781533,1784420785239.0,1784420785336.778,51.754,3706.0,97.778,1784419765239.0,3855.532
ss-69-420000,1784420771531.2502,1784420772083,1784420785239.0,1784420785336.7788,551.75,13156.0,97.779,1784419765239.0,13805.529
ss-7-420000,1784420779331.2415,1784420779433,1784420785239.0,1784420785336.785,101.759,5806.0,97.785,1784419765239.0,6005.543
ss-70-420000,1784420778281.2551,1784420778384,1784420785239.0,1784420785336.7856,102.745,6855.0,97.786,1784419765239.0,7055.531
ss-71-420000,1784420781381.2712,1784420781533,1784420785239.0,1784420785336.7864,151.729,3706.0,97.786,1784419765239.0,3955.515
ss-72-420000,1784420778631.2534,1784420779433,1784420785239.0,1784420785336.7942,801.747,5806.0,97.794,1784419765239.0,6705.541
ss-73-420000,1784420776631.2522,1784420777333,1784420785239.0,1784420785336.795,701.748,7906.0,97.795,1784419765239.0,8705.543
ss-74-420000,1784420782681.2373,1784420783435,1784420785239.0,1784420785336.7957,753.763,1804.0,97.796,1784419765239.0,2655.558
ss-75-420000,1784420780381.2356,1784420780483,1784420785239.0,1784420785336.8079,101.764,4756.0,97.808,1784419765239.0,4955.572
ss-76-420000,1784420783031.271,1784420783435,1784420785239.0,1784420785336.8086,403.729,1804.0,97.809,1784419765239.0,2305.538
ss-77-420000,1784420783231.2488,1784420783435,1784420785239.0,1784420785336.8147,203.751,1804.0,97.815,1784419765239.0,2105.566
ss-78-420000,1784420773481.2554,1784420774183,1784420785239.0,1784420785336.8398,701.745,11056.0,97.84,1784419765239.0,11855.584
ss-79-420000,1784420775931.268,1784420776283,1784420785239.0,1784420785336.8406,351.732,8956.0,97.841,1784419765239.0,9405.573
ss-8-420000,1784420781631.2349,1784420782583,1784420785239.0,1784420785336.8477,951.765,2656.0,97.848,1784419765239.0,3705.613
ss-80-420000,1784420782631.265,1784420783435,1784420785239.0,1784420785336.8484,803.735,1804.0,97.848,1784419765239.0,2705.583
ss-81-420000,1784420768631.2314,1784420768933,1784420785239.0,1784420785336.8542,301.769,16306.0,97.854,1784419765239.0,16705.623
ss-82-420000,1784420778681.2502,1784420779433,1784420785239.0,1784420785336.89,751.75,5806.0,97.89,1784419765239.0,6655.64
ss-83-420000,1784420777281.2395,1784420777333,1784420785239.0,1784420785336.8953,51.76,7906.0,97.895,1784419765239.0,8055.656
ss-84-420000,1784420772931.2585,1784420773133,1784420785239.0,1784420785337.0706,201.741,12106.0,98.071,1784419765239.0,12405.812
ss-85-420000,1784420782031.2505,1784420782583,1784420785239.0,1784420785337.0718,551.75,2656.0,98.072,1784419765239.0,3305.821
ss-86-420000,1784420783381.2454,1784420783435,1784420785239.0,1784420785337.0771,53.755,1804.0,98.077,1784419765239.0,1955.832
ss-87-420000,1784420776081.259,1784420776283,1784420785239.0,1784420785337.082,201.741,8956.0,98.082,1784419765239.0,9255.823
ss-88-420000,1784420778081.265,1784420778384,1784420785239.0,1784420785337.083,302.735,6855.0,98.083,1784419765239.0,7255.818
ss-89-420000,1784420767781.2432,1784420767884,1784420785239.0,1784420785337.0837,102.757,17355.0,98.084,1784419765239.0,17555.841
ss-9-420000,1784420779131.2522,1784420779433,1784420785240.0,1784420785337.0847,301.748,5807.0,97.085,1784419765240.0,6205.833
ss-90-420000,1784420782981.2444,1784420783435,1784420785240.0,1784420785337.0854,453.756,1805.0,97.085,1784419765240.0,2355.841
ss-91-420000,1784420781031.2627,1784420781533,1784420785240.0,1784420785337.0862,501.737,3707.0,97.086,1784419765240.0,4305.823
ss-92-420000,1784420778031.2676,1784420778384,1784420785240.0,1784420785337.087,352.732,6856.0,97.087,1784419765240.0,7305.819
ss-93-420000,1784420766881.2456,1784420767884,1784420785240.0,1784420785337.088,1002.754,17356.0,97.088,1784419765240.0,18455.842
ss-94-420000,1784420773631.2551,1784420774183,1784420785240.0,1784420785337.0886,551.745,11057.0,97.089,1784419765240.0,11705.833
ss-95-420000,1784420776981.2837,1784420777333,1784420785240.0,1784420785337.0894,351.716,7907.0,97.089,1784419765240.0,8355.806
ss-96-420000,1784420783331.2368,1784420783435,1784420785240.0,1784420785337.0903,103.763,1805.0,97.09,1784419765240.0,2005.854
ss-97-420000,1784420780081.2393,1784420780483,1784420785240.0,1784420785337.091,401.761,4757.0,97.091,1784419765240.0,5255.852
ss-98-420000,1784420779431.2434,1784420779433,1784420785240.0,1784420785337.0918,1.757,5807.0,97.092,1784419765240.0,5905.848
ss-99-420000,1784420762131.2556,1784420762633,1784420785240.0,1784420785337.0925,501.744,22607.0,97.093,1784419765240.0,23205.837
ss-0-480000,1784420780481.2424,1784420780483,1784420785240.0,1784420785337.0933,1.758,4757.0,97.093,1784419705240.0,4855.851
ss-1-480000,1784420779381.2158,1784420779433,1784420785240.0,1784420785337.094,51.784,5807.0,97.094,1784419705240.0,5955.878
ss-10-480000,1784420764831.2324,1784420765783,1784420785240.0,1784420785337.0947,951.768,19457.0,97.095,1784419705240.0,20505.862
ss-11-480000,1784420782231.2542,1784420782583,1784420785240.0,1784420785337.1052,351.746,2657.0,97.105,1784419705240.0,3105.851
ss-12-480000,1784420779731.248,1784420780483,1784420785240.0,1784420785337.1106,751.752,4757.0,97.111,1784419705240.0,5605.863
ss-13-480000,1784420774031.2532,1784420774183,1784420785240.0,1784420785337.1113,151.747,11057.0,97.111,1784419705240.0,11305.858
ss-14-480000,1784420781431.267,1784420781533,1784420785240.0,1784420785337.112,101.733,3707.0,97.112,1784419705240.0,3905.845
ss-15-480000,1784420781681.2312,1784420782583,1784420785240.0,1784420785337.117,901.769,2657.0,97.117,1784419705240.0,3655.886
ss-16-480000,1784420782931.247,1784420783435,1784420785240.0,1784420785337.1177,503.753,1805.0,97.118,1784419705240.0,2405.871
ss-17-480000,1784420769931.2498,1784420769984,1784420785240.0,1784420785337.1184,52.75,15256.0,97.118,1784419705240.0,15405.869
ss-18-480000,1784420778931.2585,1784420779433,1784420785240.0,1784420785337.1191,501.741,5807.0,97.119,1784419705240.0,6405.861
ss-19-480000,1784420782131.2478,1784420782583,1784420785240.0,1784420785337.124,451.752,2657.0,97.124,1784419705240.0,3205.876
ss-2-480000,1784420781081.2627,1784420781533,1784420785240.0,1784420785337.132,451.737,3707.0,97.132,1784419705240.0,4255.869
ss-20-480000,1784420780331.243,1784420780483,1784420785240.0,1784420785337.1328,151.757,4757.0,97.133,1784419705240.0,5005.89
ss-21-480000,1784420779631.2441,1784420780483,1784420785240.0,1784420785337.1333,851.756,4757.0,97.133,1784419705240.0,5705.889
ss-22-480000,1784420781181.2627,1784420781533,1784420785240.0,1784420785337.1343,351.737,3707.0,97.134,1784419705240.0,4155.872
ss-23-480000,1784420781281.2537,1784420781533,1784420785240.0,1784420785337.1812,251.746,3707.0,97.181,1784419705240.0,4055.927
ss-24-480000,1784420781831.2397,1784420782583,1784420785240.0,1784420785337.1833,751.76,2657.0,97.183,1784419705240.0,3505.944
ss-25-480000,1784420778831.247,1784420779433,1784420785240.0,1784420785337.1843,601.753,5807.0,97.184,1784419705240.0,6505.937
ss-26-480000,1784420782831.2388,1784420783435,1784420785240.0,1784420785337.294,603.761,1805.0,97.294,1784419705240.0,2506.055
ss-27-480000,1784420783281.2383,1784420783435,1784420785240.0,1784420785337.2961,153.762,1805.0,97.296,1784419705240.0,2056.058
ss-28-480000,1784420780281.2385,1784420780483,1784420785240.0,1784420785337.297,201.761,4757.0,97.297,1784419705240.0,5056.059
ss-29-480000,1784420776431.2488,1784420777333,1784420785240.0,1784420785337.2979,901.751,7907.0,97.298,1784419705240.0,8906.049
ss-3-480000,1784420779081.243,1784420779433,1784420785241.0,1784420785337.3076,351.757,5808.0,96.308,1784419705241.0,6256.065
ss-30-480000,1784420782431.2378,1784420782583,1784420785241.0,1784420785337.3083,151.762,2658.0,96.308,1784419705241.0,2906.071
ss-31-480000,1784420783181.239,1784420783435,1784420785241.0,1784420785337.309,253.761,1806.0,96.309,1784419705241.0,2156.07
ss-32-480000,1784420780631.2395,1784420781533,1784420785241.0,1784420785337.3242,901.76,3708.0,96.324,1784419705241.0,4706.085
ss-33-480000,1784420763781.2463,1784420764733,1784420785241.0,1784420785337.3252,951.754,20508.0,96.325,1784419705241.0,21556.079
ss-34-480000,1784420782281.2385,1784420782583,1784420785241.0,1784420785337.3308,301.761,2658.0,96.331,1784419705241.0,3056.092
ss-35-480000,1784420774381.2627,1784420775233,1784420785241.0,1784420785337.3318,851.737,10008.0,96.332,1784419705241.0,10956.069
ss-36-480000,1784420781881.2314,1784420782583,1784420785241.0,1784420785337.3325,701.769,2658.0,96.333,1784419705241.0,3456.101
ss-37-480000,1784420781331.2546,1784420781533,1784420785241.0,1784420785337.3333,201.745,3708.0,96.333,1784419705241.0,4006.079
ss-38-480000,1784420782731.2454,1784420783435,1784420785241.0,1784420785337.334,703.755,1806.0,96.334,1784419705241.0,2606.089
ss-39-480000,1784420777181.2356,1784420777333,1784420785241.0,1784420785337.3809,151.764,7908.0,96.381,1784419705241.0,8156.145
ss-4-480000,1784420781981.239,1784420782583,1784420785241.0,1784420785337.3828,601.761,2658.0,96.383,1784419705241.0,3356.144
ss-40-480000,1784420763231.2803,1784420763683,1784420785241.0,1784420785337.3838,451.72,21558.0,96.384,1784419705241.0,22106.104
ss-41-480000,1784420779481.2397,1784420780483,1784420785241.0,1784420785337.3845,1001.76,4758.0,96.385,1784419705241.0,5856.145
ss-42-480000,1784420775381.2502,1784420776283,1784420785241.0,1784420785337.3853,901.75,8958.0,96.385,1784419705241.0,9956.135
ss-43-480000,1784420782081.25,1784420782583,1784420785241.0,1784420785337.386,501.75,2658.0,96.386,1784419705241.0,3256.136
ss-44-480000,1784420781731.243,1784420782583,1784420785241.0,1784420785337.387,851.757,2658.0,96.387,1784419705241.0,3606.144
ss-45-480000,1784420781231.2666,1784420781533,1784420785241.0,1784420785337.3877,301.733,3708.0,96.388,1784419705241.0,4106.121
ss-46-480000,1784420777131.2498,1784420777333,1784420785241.0,1784420785337.398,201.75,7908.0,96.398,1784419705241.0,8206.148
ss-47-480000,1784420783131.2524,1784420783435,1784420785241.0,1784420785337.399,303.748,1806.0,96.399,1784419705241.0,2206.146
ss-48-480000,1784420766681.2622,1784420766833,1784420785241.0,1784420785337.3997,151.738,18408.0,96.4,1784419705241.0,18656.137
ss-49-480000,1784420781531.248,1784420781533,1784420785241.0,1784420785337.4004,1.752,3708.0,96.4,1784419705241.0,3806.152
ss-5-480000,1784420780131.2458,1784420780483,1784420785241.0,1784420785337.4011,351.754,4758.0,96.401,1784419705241.0,5206.155
ss-50-480000,1784420780031.2385,1784420780483,1784420785241.0,1784420785337.4087,451.761,4758.0,96.409,1784419705241.0,5306.17
ss-51-480000,1784420782581.237,1784420782583,1784420785241.0,1784420785337.4097,1.763,2658.0,96.41,1784419705241.0,2756.173
ss-52-480000,1784420780931.2795,1784420781533,1784420785241.0,1784420785337.4177,601.72,3708.0,96.418,1784419705241.0,4406.138
ss-53-480000,1784420780581.2324,1784420781533,1784420785241.0,1784420785337.4185,951.768,3708.0,96.418,1784419705241.0,4756.186
ss-54-480000,1784420775581.256,1784420776283,1784420785241.0,1784420785337.4255,701.744,8958.0,96.426,1784419705241.0,9756.169
ss-55-480000,1784420779281.2375,1784420779433,1784420785241.0,1784420785337.5088,151.762,5808.0,96.509,1784419705241.0,6056.271
ss-56-480000,1784420783081.2437,1784420783435,1784420785241.0,1784420785337.5107,353.756,1806.0,96.511,1784419705241.0,2256.267
ss-57-480000,1784420782881.2378,1784420783435,1784420785241.0,1784420785337.512,553.762,1806.0,96.512,1784419705241.0,2456.274
ss-58-480000,1784420780531.2598,1784420781533,1784420785241.0,1784420785337.5127,1001.74,3708.0,96.513,1784419705241.0,4806.253
ss-59-480000,1784420779231.2466,1784420779433,1784420785241.0,1784420785337.5137,201.753,5808.0,96.514,1784419705241.0,6106.267
ss-6-480000,1784420780181.2368,1784420780483,1784420785242.0,1784420785337.5747,301.763,4759.0,95.575,1784419705242.0,5156.338
ss-60-480000,1784420782781.2397,1784420783435,1784420785242.0,1784420785337.576,653.76,1807.0,95.576,1784419705242.0,2556.336
ss-61-480000,1784420763531.2446,1784420763683,1784420785242.0,1784420785337.5767,151.755,21559.0,95.577,1784419705242.0,21806.332
ss-62-480000,1784420772531.256,1784420773133,1784420785242.0,1784420785337.5776,601.744,12109.0,95.578,1784419705242.0,12806.322
ss-63-480000,1784420780681.2322,1784420781533,1784420785242.0,1784420785337.5784,851.768,3709.0,95.578,1784419705242.0,4656.346
ss-64-480000,1784420777681.2305,1784420778384,1784420785242.0,1784420785337.6064,702.77,6858.0,95.606,1784419705242.0,7656.376
ss-65-480000,1784420779031.243,1784420779433,1784420785242.0,1784420785337.6072,401.757,5809.0,95.607,1784419705242.0,6306.364
ss-66-480000,1784420779181.2458,1784420779433,1784420785242.0,1784420785337.6082,251.754,5809.0,95.608,1784419705242.0,6156.362
ss-67-480000,1784420769681.24,1784420769984,1784420785242.0,1784420785337.609,302.76,15258.0,95.609,1784419705242.0,15656.369
ss-68-480000,1784420781481.2458,1784420781533,1784420785242.0,1784420785337.9126,51.754,3709.0,95.913,1784419705242.0,3856.667
ss-69-480000,1784420771531.2502,1784420772083,1784420785242.0,1784420785337.914,551.75,13159.0,95.914,1784419705242.0,13806.664
ss-7-480000,1784420779331.2415,1784420779433,1784420785242.0,1784420785337.9146,101.759,5809.0,95.915,1784419705242.0,6006.673
ss-70-480000,1784420778281.2551,1784420778384,1784420785242.0,1784420785337.915,102.745,6858.0,95.915,1784419705242.0,7056.66
ss-71-480000,1784420781381.2712,1784420781533,1784420785242.0,1784420785337.923,151.729,3709.0,95.923,1784419705242.0,3956.652
ss-72-480000,1784420778631.2534,1784420779433,1784420785242.0,1784420785337.9236,801.747,5809.0,95.924,1784419705242.0,6706.67
ss-73-480000,1784420776631.2522,1784420777333,1784420785242.0,1784420785337.924,701.748,7909.0,95.924,1784419705242.0,8706.672
ss-74-480000,1784420782681.2373,1784420783435,1784420785242.0,1784420785337.9248,753.763,1807.0,95.925,1784419705242.0,2656.688
ss-75-480000,1784420780381.2356,1784420780483,1784420785242.0,1784420785337.9253,101.764,4759.0,95.925,1784419705242.0,4956.69
ss-76-480000,1784420783031.271,1784420783435,1784420785242.0,1784420785337.9258,403.729,1807.0,95.926,1784419705242.0,2306.655
ss-77-480000,1784420783231.2488,1784420783435,1784420785242.0,1784420785337.9263,203.751,1807.0,95.926,1784419705242.0,2106.677
ss-78-480000,1784420773481.2554,1784420774183,1784420785242.0,1784420785337.9268,701.745,11059.0,95.927,1784419705242.0,11856.671
ss-79-480000,1784420775931.268,1784420776283,1784420785242.0,1784420785337.9272,351.732,8959.0,95.927,1784419705242.0,9406.659
ss-8-480000,1784420781631.2349,1784420782583,1784420785242.0,1784420785337.931,951.765,2659.0,95.931,1784419705242.0,3706.696
ss-80-480000,1784420782631.265,1784420783435,1784420785242.0,1784420785337.9314,803.735,1807.0,95.931,1784419705242.0,2706.667
ss-81-480000,1784420768631.2314,1784420768933,1784420785242.0,1784420785337.932,301.769,16309.0,95.932,1784419705242.0,16706.7
ss-82-480000,1784420778681.2502,1784420779433,1784420785242.0,1784420785337.9324,751.75,5809.0,95.932,1784419705242.0,6656.682
ss-83-480000,1784420777281.2395,1784420777333,1784420785242.0,1784420785337.9329,51.76,7909.0,95.933,1784419705242.0,8056.693
ss-84-480000,1784420772931.2585,1784420773133,1784420785242.0,1784420785337.9333,201.741,12109.0,95.933,1784419705242.0,12406.675
ss-85-480000,1784420782031.2505,1784420782583,1784420785242.0,1784420785337.937,551.75,2659.0,95.937,1784419705242.0,3306.687
ss-86-480000,1784420783381.2454,1784420783435,1784420785242.0,1784420785337.9375,53.755,1807.0,95.938,1784419705242.0,1956.692
ss-87-480000,1784420776081.259,1784420776283,1784420785242.0,1784420785337.938,201.741,8959.0,95.938,1784419705242.0,9256.679
ss-88-480000,1784420778081.265,1784420778384,1784420785242.0,1784420785337.942,302.735,6858.0,95.942,1784419705242.0,7256.677
ss-89-480000,1784420767781.2432,1784420767884,1784420785242.0,1784420785337.9424,102.757,17358.0,95.942,1784419705242.0,17556.699
ss-9-480000,1784420779131.2522,1784420779433,1784420785242.0,1784420785337.9429,301.748,5809.0,95.943,1784419705242.0,6206.691
ss-90-480000,1784420782981.2444,1784420783435,1784420785242.0,1784420785337.9434,453.756,1807.0,95.943,1784419705242.0,2356.699
ss-91-480000,1784420781031.2627,1784420781533,1784420785242.0,1784420785337.9438,501.737,3709.0,95.944,1784419705242.0,4306.681
ss-92-480000,1784420778031.2676,1784420778384,1784420785242.0,1784420785337.9548,352.732,6858.0,95.955,1784419705242.0,7306.687
ss-93-480000,1784420766881.2456,1784420767884,1784420785242.0,1784420785337.9556,1002.754,17358.0,95.956,1784419705242.0,18456.71
ss-94-480000,1784420773631.2551,1784420774183,1784420785242.0,1784420785337.956,551.745,11059.0,95.956,1784419705242.0,11706.701
ss-95-480000,1784420776981.2837,1784420777333,1784420785242.0,1784420785337.9563,351.716,7909.0,95.956,1784419705242.0,8356.673
ss-96-480000,1784420783331.2368,1784420783435,1784420785242.0,1784420785337.9568,103.763,1807.0,95.957,1784419705242.0,2006.72
ss-97-480000,1784420780081.2393,1784420780483,1784420785242.0,1784420785337.9573,401.761,4759.0,95.957,1784419705242.0,5256.718
ss-98-480000,1784420779431.2434,1784420779433,1784420785242.0,1784420785337.9578,1.757,5809.0,95.958,1784419705242.0,5906.714
ss-99-480000,1784420762131.2556,1784420762633,1784420785242.0,1784420785337.9583,501.744,22609.0,95.958,1784419705242.0,23206.703
ss-0-540000,1784420780481.2424,1784420780483,1784420785242.0,1784420785340.7153,1.758,4759.0,98.715,1784419645242.0,4859.473
ss-1-540000,1784420779381.2158,1784420779433,1784420785242.0,1784420785340.7178,51.784,5809.0,98.718,1784419645242.0,5959.502
ss-10-540000,1784420764831.2324,1784420765783,1784420785242.0,1784420785340.7188,951.768,19459.0,98.719,1784419645242.0,20509.486
ss-11-540000,1784420782231.2542,1784420782583,1784420785242.0,1784420785340.7266,351.746,2659.0,98.727,1784419645242.0,3109.472
ss-12-540000,1784420779731.248,1784420780483,1784420785242.0,1784420785340.7275,751.752,4759.0,98.728,1784419645242.0,5609.479
ss-13-540000,1784420774031.2532,1784420774183,1784420785243.0,1784420785340.7285,151.747,11060.0,97.729,1784419645243.0,11309.475
ss-14-540000,1784420781431.267,1784420781533,1784420785243.0,1784420785340.7334,101.733,3710.0,97.733,1784419645243.0,3909.466
ss-15-540000,1784420781681.2312,1784420782583,1784420785243.0,1784420785340.7341,901.769,2660.0,97.734,1784419645243.0,3659.503
ss-16-540000,1784420782931.247,1784420783435,1784420785243.0,1784420785340.7349,503.753,1808.0,97.735,1784419645243.0,2409.488
ss-17-540000,1784420769931.2498,1784420769984,1784420785243.0,1784420785340.7356,52.75,15259.0,97.736,1784419645243.0,15409.486
ss-18-540000,1784420778931.2585,1784420779433,1784420785243.0,1784420785340.741,501.741,5810.0,97.741,1784419645243.0,6409.482
ss-19-540000,1784420782131.2478,1784420782583,1784420785243.0,1784420785340.742,451.752,2660.0,97.742,1784419645243.0,3209.494
ss-2-540000,1784420781081.2627,1784420781533,1784420785243.0,1784420785340.7427,451.737,3710.0,97.743,1784419645243.0,4259.48
ss-20-540000,1784420780331.243,1784420780483,1784420785243.0,1784420785340.7568,151.757,4760.0,97.757,1784419645243.0,5009.514
ss-21-540000,1784420779631.2441,1784420780483,1784420785243.0,1784420785340.762,851.756,4760.0,97.762,1784419645243.0,5709.518
ss-22-540000,1784420781181.2627,1784420781533,1784420785243.0,1784420785340.763,351.737,3710.0,97.763,1784419645243.0,4159.5
ss-23-540000,1784420781281.2537,1784420781533,1784420785243.0,1784420785340.7637,251.746,3710.0,97.764,1784419645243.0,4059.51
ss-24-540000,1784420781831.2397,1784420782583,1784420785243.0,1784420785340.7644,751.76,2660.0,97.764,1784419645243.0,3509.525
ss-25-540000,1784420778831.247,1784420779433,1784420785243.0,1784420785340.7651,601.753,5810.0,97.765,1784419645243.0,6509.518
ss-26-540000,1784420782831.2388,1784420783435,1784420785243.0,1784420785340.7659,603.761,1808.0,97.766,1784419645243.0,2509.527
ss-27-540000,1784420783281.2383,1784420783435,1784420785243.0,1784420785340.7666,153.762,1808.0,97.767,1784419645243.0,2059.528
ss-28-540000,1784420780281.2385,1784420780483,1784420785243.0,1784420785340.7712,201.761,4760.0,97.771,1784419645243.0,5059.533
ss-29-540000,1784420776431.2488,1784420777333,1784420785243.0,1784420785340.772,901.751,7910.0,97.772,1784419645243.0,8909.523
ss-3-540000,1784420779081.243,1784420779433,1784420785243.0,1784420785340.7727,351.757,5810.0,97.773,1784419645243.0,6259.53
ss-30-540000,1784420782431.2378,1784420782583,1784420785243.0,1784420785340.7737,151.762,2660.0,97.774,1784419645243.0,2909.536
ss-31-540000,1784420783181.239,1784420783435,1784420785243.0,1784420785340.7742,253.761,1808.0,97.774,1784419645243.0,2159.535
ss-32-540000,1784420780631.2395,1784420781533,1784420785243.0,1784420785340.775,901.76,3710.0,97.775,1784419645243.0,4709.535
ss-33-540000,1784420763781.2463,1784420764733,1784420785243.0,1784420785340.7795,951.754,20510.0,97.78,1784419645243.0,21559.533
ss-34-540000,1784420782281.2385,1784420782583,1784420785243.0,1784420785340.7803,301.761,2660.0,97.78,1784419645243.0,3059.542
ss-35-540000,1784420774381.2627,1784420775233,1784420785243.0,1784420785340.781,851.737,10010.0,97.781,1784419645243.0,10959.518
ss-36-540000,1784420781881.2314,1784420782583,1784420785243.0,1784420785340.7817,701.769,2660.0,97.782,1784419645243.0,3459.55
ss-37-540000,1784420781331.2546,1784420781533,1784420785243.0,1784420785340.7825,201.745,3710.0,97.782,1784419645243.0,4009.528
ss-38-540000,1784420782731.2454,1784420783435,1784420785243.0,1784420785340.7874,703.755,1808.0,97.787,1784419645243.0,2609.542
ss-39-540000,1784420777181.2356,1784420777333,1784420785243.0,1784420785340.7974,151.764,7910.0,97.797,1784419645243.0,8159.562
ss-4-540000,1784420781981.239,1784420782583,1784420785243.0,1784420785340.7983,601.761,2660.0,97.798,1784419645243.0,3359.559
ss-40-540000,1784420763231.2803,1784420763683,1784420785243.0,1784420785340.7988,451.72,21560.0,97.799,1784419645243.0,22109.519
ss-41-540000,1784420779481.2397,1784420780483,1784420785243.0,1784420785340.7998,1001.76,4760.0,97.8,1784419645243.0,5859.56
ss-42-540000,1784420775381.2502,1784420776283,1784420785243.0,1784420785340.805,901.75,8960.0,97.805,1784419645243.0,9959.555
ss-43-540000,1784420782081.25,1784420782583,1784420785243.0,1784420785340.8057,501.75,2660.0,97.806,1784419645243.0,3259.556
ss-44-540000,1784420781731.243,1784420782583,1784420785243.0,1784420785341.3682,851.757,2660.0,98.368,1784419645243.0,3610.125
ss-45-540000,1784420781231.2666,1784420781533,1784420785243.0,1784420785341.3699,301.733,3710.0,98.37,1784419645243.0,4110.103
ss-46-540000,1784420777131.2498,1784420777333,1784420785243.0,1784420785341.371,201.75,7910.0,98.371,1784419645243.0,8210.121
ss-47-540000,1784420783131.2524,1784420783435,1784420785243.0,1784420785341.3718,303.748,1808.0,98.372,1784419645243.0,2210.119
ss-48-540000,1784420766681.2622,1784420766833,1784420785243.0,1784420785341.3726,151.738,18410.0,98.373,1784419645243.0,18660.11
ss-49-540000,1784420781531.248,1784420781533,1784420785243.0,1784420785341.3733,1.752,3710.0,98.373,1784419645243.0,3810.125
ss-5-540000,1784420780131.2458,1784420780483,1784420785243.0,1784420785341.374,351.754,4760.0,98.374,1784419645243.0,5210.128
ss-50-540000,1784420780031.2385,1784420780483,1784420785243.0,1784420785341.3745,451.761,4760.0,98.375,1784419645243.0,5310.136
ss-51-540000,1784420782581.237,1784420782583,1784420785243.0,1784420785341.3752,1.763,2660.0,98.375,1784419645243.0,2760.138
ss-52-540000,1784420780931.2795,1784420781533,1784420785243.0,1784420785341.3762,601.72,3710.0,98.376,1784419645243.0,4410.097
ss-53-540000,1784420780581.2324,1784420781533,1784420785243.0,1784420785341.377,951.768,3710.0,98.377,1784419645243.0,4760.145
ss-54-540000,1784420775581.256,1784420776283,1784420785243.0,1784420785341.3777,701.744,8960.0,98.378,1784419645243.0,9760.122
ss-55-540000,1784420779281.2375,1784420779433,1784420785243.0,1784420785341.3867,151.762,5810.0,98.387,1784419645243.0,6060.149
ss-56-540000,1784420783081.2437,1784420783435,1784420785243.0,1784420785341.3875,353.756,1808.0,98.387,1784419645243.0,2260.144
ss-57-540000,1784420782881.2378,1784420783435,1784420785243.0,1784420785341.389,553.762,1808.0,98.389,1784419645243.0,2460.151
ss-58-540000,1784420780531.2598,1784420781533,1784420785243.0,1784420785341.394,1001.74,3710.0,98.394,1784419645243.0,4810.134
ss-59-540000,1784420779231.2466,1784420779433,1784420785243.0,1784420785341.395,201.753,5810.0,98.395,1784419645243.0,6110.148
ss-6-540000,1784420780181.2368,1784420780483,1784420785244.0,1784420785341.3958,301.763,4761.0,97.396,1784419645244.0,5160.159
ss-60-540000,1784420782781.2397,1784420783435,1784420785244.0,1784420785341.3965,653.76,1809.0,97.396,1784419645244.0,2560.157
ss-61-540000,1784420763531.2446,1784420763683,1784420785244.0,1784420785341.397,151.755,21561.0,97.397,1784419645244.0,21810.152
ss-62-540000,1784420772531.256,1784420773133,1784420785244.0,1784420785341.3977,601.744,12111.0,97.398,1784419645244.0,12810.142
ss-63-540000,1784420780681.2322,1784420781533,1784420785244.0,1784420785341.3987,851.768,3711.0,97.399,1784419645244.0,4660.167
ss-64-540000,1784420777681.2305,1784420778384,1784420785244.0,1784420785341.4004,702.77,6860.0,97.4,1784419645244.0,7660.17
ss-65-540000,1784420779031.243,1784420779433,1784420785244.0,1784420785341.4011,401.757,5811.0,97.401,1784419645244.0,6310.158
ss-66-540000,1784420779181.2458,1784420779433,1784420785244.0,1784420785341.4177,251.754,5811.0,97.418,1784419645244.0,6160.172
ss-67-540000,1784420769681.24,1784420769984,1784420785244.0,1784420785341.4185,302.76,15260.0,97.418,1784419645244.0,15660.178
ss-68-540000,1784420781481.2458,1784420781533,1784420785244.0,1784420785341.4192,51.754,3711.0,97.419,1784419645244.0,3860.173
ss-69-540000,1784420771531.2502,1784420772083,1784420785244.0,1784420785341.4202,551.75,13161.0,97.42,1784419645244.0,13810.17
ss-7-540000,1784420779331.2415,1784420779433,1784420785244.0,1784420785341.421,101.759,5811.0,97.421,1784419645244.0,6010.179
ss-70-540000,1784420778281.2551,1784420778384,1784420785244.0,1784420785341.4219,102.745,6860.0,97.422,1784419645244.0,7060.167
ss-71-540000,1784420781381.2712,1784420781533,1784420785244.0,1784420785341.4226,151.729,3711.0,97.423,1784419645244.0,3960.151
ss-72-540000,1784420778631.2534,1784420779433,1784420785244.0,1784420785341.4233,801.747,5811.0,97.423,1784419645244.0,6710.17
ss-73-540000,1784420776631.2522,1784420777333,1784420785244.0,1784420785341.4238,701.748,7911.0,97.424,1784419645244.0,8710.172
ss-74-540000,1784420782681.2373,1784420783435,1784420785244.0,1784420785341.43,753.763,1809.0,97.43,1784419645244.0,2660.193
ss-75-540000,1784420780381.2356,1784420780483,1784420785244.0,1784420785341.4307,101.764,4761.0,97.431,1784419645244.0,4960.195
ss-76-540000,1784420783031.271,1784420783435,1784420785244.0,1784420785341.4314,403.729,1809.0,97.431,1784419645244.0,2310.16
ss-77-540000,1784420783231.2488,1784420783435,1784420785244.0,1784420785341.4321,203.751,1809.0,97.432,1784419645244.0,2110.183
ss-78-540000,1784420773481.2554,1784420774183,1784420785244.0,1784420785341.4326,701.745,11061.0,97.433,1784419645244.0,11860.177
ss-79-540000,1784420775931.268,1784420776283,1784420785244.0,1784420785341.4333,351.732,8961.0,97.433,1784419645244.0,9410.165
ss-8-540000,1784420781631.2349,1784420782583,1784420785244.0,1784420785341.434,951.765,2661.0,97.434,1784419645244.0,3710.199
ss-80-540000,1784420782631.265,1784420783435,1784420785244.0,1784420785341.4348,803.735,1809.0,97.435,1784419645244.0,2710.17
ss-81-540000,1784420768631.2314,1784420768933,1784420785244.0,1784420785341.4355,301.769,16311.0,97.436,1784419645244.0,16710.204
ss-82-540000,1784420778681.2502,1784420779433,1784420785244.0,1784420785341.436,751.75,5811.0,97.436,1784419645244.0,6660.186
ss-83-540000,1784420777281.2395,1784420777333,1784420785244.0,1784420785341.4368,51.76,7911.0,97.437,1784419645244.0,8060.197
ss-84-540000,1784420772931.2585,1784420773133,1784420785244.0,1784420785341.4375,201.741,12111.0,97.438,1784419645244.0,12410.179
ss-85-540000,1784420782031.2505,1784420782583,1784420785244.0,1784420785341.4382,551.75,2661.0,97.438,1784419645244.0,3310.188
ss-86-540000,1784420783381.2454,1784420783435,1784420785244.0,1784420785341.4482,53.755,1809.0,97.448,1784419645244.0,1960.203
ss-87-540000,1784420776081.259,1784420776283,1784420785244.0,1784420785341.4492,201.741,8961.0,97.449,1784419645244.0,9260.19
ss-88-540000,1784420778081.265,1784420778384,1784420785244.0,1784420785341.45,302.735,6860.0,97.45,1784419645244.0,7260.185
ss-89-540000,1784420767781.2432,1784420767884,1784420785244.0,1784420785341.4504,102.757,17360.0,97.45,1784419645244.0,17560.207
ss-9-540000,1784420779131.2522,1784420779433,1784420785244.0,1784420785341.4512,301.748,5811.0,97.451,1784419645244.0,6210.199
ss-90-540000,1784420782981.2444,1784420783435,1784420785244.0,1784420785341.4521,453.756,1809.0,97.452,1784419645244.0,2360.208
ss-91-540000,1784420781031.2627,1784420781533,1784420785244.0,1784420785341.4653,501.737,3711.0,97.465,1784419645244.0,4310.203
ss-92-540000,1784420778031.2676,1784420778384,1784420785244.0,1784420785341.4663,352.732,6860.0,97.466,1784419645244.0,7310.199
ss-93-540000,1784420766881.2456,1784420767884,1784420785244.0,1784420785341.4675,1002.754,17360.0,97.468,1784419645244.0,18460.222
ss-94-540000,1784420773631.2551,1784420774183,1784420785244.0,1784420785341.468,551.745,11061.0,97.468,1784419645244.0,11710.213
ss-95-540000,1784420776981.2837,1784420777333,1784420785244.0,1784420785341.469,351.716,7911.0,97.469,1784419645244.0,8360.185
ss-96-540000,1784420783331.2368,1784420783435,1784420785244.0,1784420785341.4695,103.763,1809.0,97.469,1784419645244.0,2010.233
ss-97-540000,1784420780081.2393,1784420780483,1784420785244.0,1784420785341.4702,401.761,4761.0,97.47,1784419645244.0,5260.231
ss-98-540000,1784420779431.2434,1784420779433,1784420785244.0,1784420785341.471,1.757,5811.0,97.471,1784419645244.0,5910.228
ss-99-540000,1784420762131.2556,1784420762633,1784420785244.0,1784420785341.4717,501.744,22611.0,97.472,1784419645244.0,23210.216
ss-0-600000,1784420780481.2424,1784420780483,1784420785244.0,1784420785341.4724,1.758,4761.0,97.472,1784419585244.0,4860.23
ss-1-600000,1784420779381.2158,1784420779433,1784420785244.0,1784420785341.4773,51.784,5811.0,97.477,1784419585244.0,5960.261
ss-10-600000,1784420764831.2324,1784420765783,1784420785244.0,1784420785341.478,951.768,19461.0,97.478,1784419585244.0,20510.246
ss-11-600000,1784420782231.2542,1784420782583,1784420785244.0,1784420785341.4788,351.746,2661.0,97.479,1784419585244.0,3110.225
ss-12-600000,1784420779731.248,1784420780483,1784420785244.0,1784420785341.4795,751.752,4761.0,97.479,1784419585244.0,5610.231
ss-13-600000,1784420774031.2532,1784420774183,1784420785245.0,1784420785341.4802,151.747,11062.0,96.48,1784419585245.0,11310.227
ss-14-600000,1784420781431.267,1784420781533,1784420785245.0,1784420785341.4807,101.733,3712.0,96.481,1784419585245.0,3910.214
ss-15-600000,1784420781681.2312,1784420782583,1784420785245.0,1784420785341.4814,901.769,2662.0,96.481,1784419585245.0,3660.25
ss-16-600000,1784420782931.247,1784420783435,1784420785245.0,1784420785341.4822,503.753,1810.0,96.482,1784419585245.0,2410.235
ss-17-600000,1784420769931.2498,1784420769984,1784420785245.0,1784420785341.483,52.75,15261.0,96.483,1784419585245.0,15410.233
ss-18-600000,1784420778931.2585,1784420779433,1784420785245.0,1784420785341.4836,501.741,5812.0,96.484,1784419585245.0,6410.225
ss-19-600000,1784420782131.2478,1784420782583,1784420785245.0,1784420785341.4844,451.752,2662.0,96.484,1784419585245.0,3210.237
ss-2-600000,1784420781081.2627,1784420781533,1784420785245.0,1784420785341.485,451.737,3712.0,96.485,1784419585245.0,4260.222
ss-20-600000,1784420780331.243,1784420780483,1784420785245.0,1784420785341.4856,151.757,4762.0,96.486,1784419585245.0,5010.243
ss-21-600000,1784420779631.2441,1784420780483,1784420785245.0,1784420785341.4907,851.756,4762.0,96.491,1784419585245.0,5710.247
ss-22-600000,1784420781181.2627,1784420781533,1784420785245.0,1784420785341.4915,351.737,3712.0,96.491,1784419585245.0,4160.229
ss-23-600000,1784420781281.2537,1784420781533,1784420785245.0,1784420785341.4922,251.746,3712.0,96.492,1784419585245.0,4060.239
ss-24-600000,1784420781831.2397,1784420782583,1784420785245.0,1784420785341.5168,751.76,2662.0,96.517,1784419585245.0,3510.277
ss-25-600000,1784420778831.247,1784420779433,1784420785245.0,1784420785341.5176,601.753,5812.0,96.518,1784419585245.0,6510.271
ss-26-600000,1784420782831.2388,1784420783435,1784420785245.0,1784420785341.5183,603.761,1810.0,96.518,1784419585245.0,2510.28
ss-27-600000,1784420783281.2383,1784420783435,1784420785245.0,1784420785341.519,153.762,1810.0,96.519,1784419585245.0,2060.281
ss-28-600000,1784420780281.2385,1784420780483,1784420785245.0,1784420785341.5198,201.761,4762.0,96.52,1784419585245.0,5060.281
ss-29-600000,1784420776431.2488,1784420777333,1784420785245.0,1784420785341.5203,901.751,7912.0,96.52,1784419585245.0,8910.271
ss-3-600000,1784420779081.243,1784420779433,1784420785245.0,1784420785341.521,351.757,5812.0,96.521,1784419585245.0,6260.278
ss-30-600000,1784420782431.2378,1784420782583,1784420785245.0,1784420785341.5217,151.762,2662.0,96.522,1784419585245.0,2910.284
ss-31-600000,1784420783181.239,1784420783435,1784420785245.0,1784420785341.5225,253.761,1810.0,96.522,1784419585245.0,2160.283
ss-32-600000,1784420780631.2395,1784420781533,1784420785245.0,1784420785342.1863,901.76,3712.0,97.186,1784419585245.0,4710.947
ss-33-600000,1784420763781.2463,1784420764733,1784420785245.0,1784420785342.1877,951.754,20512.0,97.188,1784419585245.0,21560.941
ss-34-600000,1784420782281.2385,1784420782583,1784420785245.0,1784420785342.1885,301.761,2662.0,97.188,1784419585245.0,3060.95
ss-35-600000,1784420774381.2627,1784420775233,1784420785245.0,1784420785342.1892,851.737,10012.0,97.189,1784419585245.0,10960.927
ss-36-600000,1784420781881.2314,1784420782583,1784420785245.0,1784420785342.1902,701.769,2662.0,97.19,1784419585245.0,3460.959
ss-37-600000,1784420781331.2546,1784420781533,1784420785245.0,1784420785342.191,201.745,3712.0,97.191,1784419585245.0,4010.936
ss-38-600000,1784420782731.2454,1784420783435,1784420785245.0,1784420785342.1917,703.755,1810.0,97.192,1784419585245.0,2610.946
ss-39-600000,1784420777181.2356,1784420777333,1784420785245.0,1784420785342.1924,151.764,7912.0,97.192,1784419585245.0,8160.957
ss-4-600000,1784420781981.239,1784420782583,1784420785245.0,1784420785342.193,601.761,2662.0,97.193,1784419585245.0,3360.954
ss-40-600000,1784420763231.2803,1784420763683,1784420785245.0,1784420785342.1938,451.72,21562.0,97.194,1784419585245.0,22110.914
ss-41-600000,1784420779481.2397,1784420780483,1784420785245.0,1784420785342.2024,1001.76,4762.0,97.202,1784419585245.0,5860.963
ss-42-600000,1784420775381.2502,1784420776283,1784420785245.0,1784420785342.2036,901.75,8962.0,97.204,1784419585245.0,9960.953
ss-43-600000,1784420782081.25,1784420782583,1784420785245.0,1784420785342.2043,501.75,2662.0,97.204,1784419585245.0,3260.954
ss-44-600000,1784420781731.243,1784420782583,1784420785245.0,1784420785342.2092,851.757,2662.0,97.209,1784419585245.0,3610.966
ss-45-600000,1784420781231.2666,1784420781533,1784420785245.0,1784420785342.2102,301.733,3712.0,97.21,1784419585245.0,4110.944
ss-46-600000,1784420777131.2498,1784420777333,1784420785245.0,1784420785342.2153,201.75,7912.0,97.215,1784419585245.0,8210.966
ss-47-600000,1784420783131.2524,1784420783435,1784420785245.0,1784420785342.22,303.748,1810.0,97.22,1784419585245.0,2210.968
ss-48-600000,1784420766681.2622,1784420766833,1784420785245.0,1784420785342.225,151.738,18412.0,97.225,1784419585245.0,18660.963
ss-49-600000,1784420781531.248,1784420781533,1784420785245.0,1784420785342.2258,1.752,3712.0,97.226,1784419585245.0,3810.978
ss-5-600000,1784420780131.2458,1784420780483,1784420785245.0,1784420785342.2266,351.754,4762.0,97.227,1784419585245.0,5210.981
ss-50-600000,1784420780031.2385,1784420780483,1784420785245.0,1784420785342.2273,451.761,4762.0,97.227,1784419585245.0,5310.989
ss-51-600000,1784420782581.237,1784420782583,1784420785245.0,1784420785342.2673,1.763,2662.0,97.267,1784419585245.0,2761.03
ss-52-600000,1784420780931.2795,1784420781533,1784420785245.0,1784420785342.2683,601.72,3712.0,97.268,1784419585245.0,4410.989
ss-53-600000,1784420780581.2324,1784420781533,1784420785245.0,1784420785342.269,951.768,3712.0,97.269,1784419585245.0,4761.037
ss-54-600000,1784420775581.256,1784420776283,1784420785245.0,1784420785342.27,701.744,8962.0,97.27,1784419585245.0,9761.014
ss-55-600000,1784420779281.2375,1784420779433,1784420785245.0,1784420785342.2756,151.762,5812.0,97.276,1784419585245.0,6061.038
ss-56-600000,1784420783081.2437,1784420783435,1784420785246.0,1784420785342.2766,353.756,1811.0,96.277,1784419585246.0,2261.033
ss-57-600000,1784420782881.2378,1784420783435,1784420785246.0,1784420785342.2815,553.762,1811.0,96.281,1784419585246.0,2461.044
ss-58-600000,1784420780531.2598,1784420781533,1784420785246.0,1784420785342.2825,1001.74,3713.0,96.282,1784419585246.0,4811.023
ss-59-600000,1784420779231.2466,1784420779433,1784420785246.0,1784420785342.2832,201.753,5813.0,96.283,1784419585246.0,6111.037
ss-6-600000,1784420780181.2368,1784420780483,1784420785246.0,1784420785342.284,301.763,4763.0,96.284,1784419585246.0,5161.047
ss-60-600000,1784420782781.2397,1784420783435,1784420785246.0,1784420785342.2847,653.76,1811.0,96.285,1784419585246.0,2561.045
ss-61-600000,1784420763531.2446,1784420763683,1784420785246.0,1784420785342.2854,151.755,21563.0,96.285,1784419585246.0,21811.041
ss-62-600000,1784420772531.256,1784420773133,1784420785246.0,1784420785342.2903,601.744,12113.0,96.29,1784419585246.0,12811.034
ss-63-600000,1784420780681.2322,1784420781533,1784420785246.0,1784420785342.2913,851.768,3713.0,96.291,1784419585246.0,4661.059
ss-64-600000,1784420777681.2305,1784420778384,1784420785246.0,1784420785342.292,702.77,6862.0,96.292,1784419585246.0,7661.062
ss-65-600000,1784420779031.243,1784420779433,1784420785246.0,1784420785342.2927,401.757,5813.0,96.293,1784419585246.0,6311.05
ss-66-600000,1784420779181.2458,1784420779433,1784420785246.0,1784420785342.3015,251.754,5813.0,96.302,1784419585246.0,6161.056
ss-67-600000,1784420769681.24,1784420769984,1784420785246.0,1784420785342.3022,302.76,15262.0,96.302,1784419585246.0,15661.062
ss-68-600000,1784420781481.2458,1784420781533,1784420785246.0,1784420785342.303,51.754,3713.0,96.303,1784419585246.0,3861.057
ss-69-600000,1784420771531.2502,1784420772083,1784420785246.0,1784420785342.3096,551.75,13163.0,96.31,1784419585246.0,13811.059
ss-7-600000,1784420779331.2415,1784420779433,1784420785246.0,1784420785342.3103,101.759,5813.0,96.31,1784419585246.0,6011.069
ss-70-600000,1784420778281.2551,1784420778384,1784420785246.0,1784420785342.3206,102.745,6862.0,96.321,1784419585246.0,7061.065
ss-71-600000,1784420781381.2712,1784420781533,1784420785246.0,1784420785342.3218,151.729,3713.0,96.322,1784419585246.0,3961.051
ss-72-600000,1784420778631.2534,1784420779433,1784420785246.0,1784420785342.3225,801.747,5813.0,96.323,1784419585246.0,6711.069
ss-73-600000,1784420776631.2522,1784420777333,1784420785246.0,1784420785342.3289,701.748,7913.0,96.329,1784419585246.0,8711.077
ss-74-600000,1784420782681.2373,1784420783435,1784420785246.0,1784420785342.3296,753.763,1811.0,96.33,1784419585246.0,2661.092
ss-75-600000,1784420780381.2356,1784420780483,1784420785246.0,1784420785342.3765,101.764,4763.0,96.376,1784419585246.0,4961.141
ss-76-600000,1784420783031.271,1784420783435,1784420785246.0,1784420785342.3774,403.729,1811.0,96.377,1784419585246.0,2311.106
ss-77-600000,1784420783231.2488,1784420783435,1784420785246.0,1784420785342.3782,203.751,1811.0,96.378,1784419585246.0,2111.129
ss-78-600000,1784420773481.2554,1784420774183,1784420785246.0,1784420785342.3843,701.745,11063.0,96.384,1784419585246.0,11861.129
ss-79-600000,1784420775931.268,1784420776283,1784420785246.0,1784420785342.3853,351.732,8963.0,96.385,1784419585246.0,9411.117
ss-8-600000,1784420781631.2349,1784420782583,1784420785246.0,1784420785342.3901,951.765,2663.0,96.39,1784419585246.0,3711.155
ss-80-600000,1784420782631.265,1784420783435,1784420785246.0,1784420785342.4788,803.735,1811.0,96.479,1784419585246.0,2711.214
ss-81-600000,1784420768631.2314,1784420768933,1784420785246.0,1784420785342.4805,301.769,16313.0,96.48,1784419585246.0,16711.249
ss-82-600000,1784420778681.2502,1784420779433,1784420785246.0,1784420785342.4814,751.75,5813.0,96.481,1784419585246.0,6661.231
ss-83-600000,1784420777281.2395,1784420777333,1784420785246.0,1784420785342.4822,51.76,7913.0,96.482,1784419585246.0,8061.243
ss-84-600000,1784420772931.2585,1784420773133,1784420785246.0,1784420785342.483,201.741,12113.0,96.483,1784419585246.0,12411.224
ss-85-600000,1784420782031.2505,1784420782583,1784420785246.0,1784420785342.4836,551.75,2663.0,96.484,1784419585246.0,3311.233
ss-86-600000,1784420783381.2454,1784420783435,1784420785246.0,1784420785342.4844,53.755,1811.0,96.484,1784419585246.0,1961.239
ss-87-600000,1784420776081.259,1784420776283,1784420785246.0,1784420785342.485,201.741,8963.0,96.485,1784419585246.0,9261.226
ss-88-600000,1784420778081.265,1784420778384,1784420785246.0,1784420785342.4858,302.735,6862.0,96.486,1784419585246.0,7261.221
ss-89-600000,1784420767781.2432,1784420767884,1784420785246.0,1784420785342.5503,102.757,17362.0,96.55,1784419585246.0,17561.307
ss-9-600000,1784420779131.2522,1784420779433,1784420785246.0,1784420785342.5518,301.748,5813.0,96.552,1784419585246.0,6211.3
ss-90-600000,1784420782981.2444,1784420783435,1784420785246.0,1784420785342.5525,453.756,1811.0,96.552,1784419585246.0,2361.308
ss-91-600000,1784420781031.2627,1784420781533,1784420785246.0,1784420785342.5535,501.737,3713.0,96.553,1784419585246.0,4311.291
ss-92-600000,1784420778031.2676,1784420778384,1784420785246.0,1784420785342.5542,352.732,6862.0,96.554,1784419585246.0,7311.287
ss-93-600000,1784420766881.2456,1784420767884,1784420785246.0,1784420785342.5552,1002.754,17362.0,96.555,1784419585246.0,18461.31
ss-94-600000,1784420773631.2551,1784420774183,1784420785246.0,1784420785342.5647,551.745,11063.0,96.565,1784419585246.0,11711.31
ss-95-600000,1784420776981.2837,1784420777333,1784420785246.0,1784420785342.5752,351.716,7913.0,96.575,1784419585246.0,8361.292
ss-96-600000,1784420783331.2368,1784420783435,1784420785246.0,1784420785342.576,103.763,1811.0,96.576,1784419585246.0,2011.339
ss-97-600000,1784420780081.2393,1784420780483,1784420785246.0,1784420785342.5767,401.761,4763.0,96.577,1784419585246.0,5261.337
ss-98-600000,1784420779431.2434,1784420779433,1784420785246.0,1784420785342.5776,1.757,5813.0,96.578,1784419585246.0,5911.334
ss-99-600000,1784420762131.2556,1784420762633,1784420785246.0,1784420785342.5784,501.744,22613.0,96.578,1784419585246.0,23211.323
ss-0-660000,1784420780481.2424,1784420780483,1784420785246.0,1784420785342.5864,1.758,4763.0,96.586,1784419525246.0,4861.344
ss-1-660000,1784420779381.2158,1784420779433,1784420785247.0,1784420785342.5872,51.784,5814.0,95.587,1784419525247.0,5961.371
ss-10-660000,1784420764831.2324,1784420765783,1784420785247.0,1784420785342.5994,951.768,19464.0,95.599,1784419525247.0,20511.367
ss-11-660000,1784420782231.2542,1784420782583,1784420785247.0,1784420785342.6003,351.746,2664.0,95.6,1784419525247.0,3111.346
ss-12-660000,1784420779731.248,1784420780483,1784420785247.0,1784420785342.607,751.752,4764.0,95.607,1784419525247.0,5611.359
ss-13-660000,1784420774031.2532,1784420774183,1784420785247.0,1784420785342.6077,151.747,11064.0,95.608,1784419525247.0,11311.354
ss-14-660000,1784420781431.267,1784420781533,1784420785247.0,1784420785342.6084,101.733,3714.0,95.608,1784419525247.0,3911.341
ss-15-660000,1784420781681.2312,1784420782583,1784420785247.0,1784420785342.6091,901.769,2664.0,95.609,1784419525247.0,3661.378
ss-16-660000,1784420782931.247,1784420783435,1784420785247.0,1784420785342.635,503.753,1812.0,95.635,1784419525247.0,2411.388
ss-17-660000,1784420769931.2498,1784420769984,1784420785247.0,1784420785342.636,52.75,15263.0,95.636,1784419525247.0,15411.386
ss-18-660000,1784420778931.2585,1784420779433,1784420785247.0,1784420785342.643,501.741,5814.0,95.643,1784419525247.0,6411.385
ss-19-660000,1784420782131.2478,1784420782583,1784420785247.0,1784420785342.6438,451.752,2664.0,95.644,1784419525247.0,3211.396
ss-2-660000,1784420781081.2627,1784420781533,1784420785247.0,1784420785342.6445,451.737,3714.0,95.645,1784419525247.0,4261.382
ss-20-660000,1784420780331.243,1784420780483,1784420785247.0,1784420785342.6646,151.757,4764.0,95.665,1784419525247.0,5011.422
ss-21-660000,1784420779631.2441,1784420780483,1784420785247.0,1784420785342.6653,851.756,4764.0,95.665,1784419525247.0,5711.421
ss-22-660000,1784420781181.2627,1784420781533,1784420785247.0,1784420785342.6719,351.737,3714.0,95.672,1784419525247.0,4161.409
ss-23-660000,1784420781281.2537,1784420781533,1784420785247.0,1784420785342.6846,251.746,3714.0,95.685,1784419525247.0,4061.431
ss-24-660000,1784420781831.2397,1784420782583,1784420785247.0,1784420785342.6853,751.76,2664.0,95.685,1784419525247.0,3511.446
ss-25-660000,1784420778831.247,1784420779433,1784420785247.0,1784420785342.6958,601.753,5814.0,95.696,1784419525247.0,6511.449
ss-26-660000,1784420782831.2388,1784420783435,1784420785247.0,1784420785342.6965,603.761,1812.0,95.697,1784419525247.0,2511.458
ss-27-660000,1784420783281.2383,1784420783435,1784420785247.0,1784420785342.7026,153.762,1812.0,95.703,1784419525247.0,2061.464
ss-28-660000,1784420780281.2385,1784420780483,1784420785247.0,1784420785342.7034,201.761,4764.0,95.703,1784419525247.0,5061.465
ss-29-660000,1784420776431.2488,1784420777333,1784420785247.0,1784420785342.7297,901.751,7914.0,95.73,1784419525247.0,8911.481
ss-3-660000,1784420779081.243,1784420779433,1784420785247.0,1784420785342.7307,351.757,5814.0,95.731,1784419525247.0,6261.488
ss-30-660000,1784420782431.2378,1784420782583,1784420785247.0,1784420785342.8347,151.762,2664.0,95.835,1784419525247.0,2911.597
ss-31-660000,1784420783181.239,1784420783435,1784420785247.0,1784420785342.8464,253.761,1812.0,95.846,1784419525247.0,2161.607
ss-32-660000,1784420780631.2395,1784420781533,1784420785247.0,1784420785342.8474,901.76,3714.0,95.847,1784419525247.0,4711.608
ss-33-660000,1784420763781.2463,1784420764733,1784420785247.0,1784420785342.8484,951.754,20514.0,95.848,1784419525247.0,21561.602
ss-34-660000,1784420782281.2385,1784420782583,1784420785247.0,1784420785342.849,301.761,2664.0,95.849,1784419525247.0,3061.611
ss-35-660000,1784420774381.2627,1784420775233,1784420785247.0,1784420785342.8496,851.737,10014.0,95.85,1784419525247.0,10961.587
ss-36-660000,1784420781881.2314,1784420782583,1784420785250.0,1784420785342.8499,701.769,2667.0,92.85,1784419525250.0,3461.618
ss-37-660000,1784420781331.2546,1784420781533,1784420785250.0,1784420785342.8623,201.745,3717.0,92.862,1784419525250.0,4011.608
ss-38-660000,1784420782731.2454,1784420783435,1784420785250.0,1784420785342.8628,703.755,1815.0,92.863,1784419525250.0,2611.617
ss-39-660000,1784420777181.2356,1784420777333,1784420785251.0,1784420785342.8635,151.764,7918.0,91.864,1784419525251.0,8161.628
ss-4-660000,1784420781981.239,1784420782583,1784420785251.0,1784420785342.8665,601.761,2668.0,91.866,1784419525251.0,3361.627
ss-40-660000,1784420763231.2803,1784420763683,1784420785251.0,1784420785342.8672,451.72,21568.0,91.867,1784419525251.0,22111.587
ss-41-660000,1784420779481.2397,1784420780483,1784420785251.0,1784420785342.868,1001.76,4768.0,91.868,1784419525251.0,5861.628
ss-42-660000,1784420775381.2502,1784420776283,1784420785251.0,1784420785342.869,901.75,8968.0,91.869,1784419525251.0,9961.619
ss-43-660000,1784420782081.25,1784420782583,1784420785251.0,1784420785342.8696,501.75,2668.0,91.87,1784419525251.0,3261.62
ss-44-660000,1784420781731.243,1784420782583,1784420785251.0,1784420785342.8699,851.757,2668.0,91.87,1784419525251.0,3611.627
ss-45-660000,1784420781231.2666,1784420781533,1784420785251.0,1784420785342.8704,301.733,3718.0,91.87,1784419525251.0,4111.604
ss-46-660000,1784420777131.2498,1784420777333,1784420785251.0,1784420785342.8713,201.75,7918.0,91.871,1784419525251.0,8211.622
ss-47-660000,1784420783131.2524,1784420783435,1784420785251.0,1784420785342.874,303.748,1816.0,91.874,1784419525251.0,2211.622
ss-48-660000,1784420766681.2622,1784420766833,1784420785251.0,1784420785342.8745,151.738,18418.0,91.875,1784419525251.0,18661.612
ss-49-660000,1784420781531.248,1784420781533,1784420785251.0,1784420785342.875,1.752,3718.0,91.875,1784419525251.0,3811.627
ss-5-660000,1784420780131.2458,1784420780483,1784420785251.0,1784420785342.882,351.754,4768.0,91.882,1784419525251.0,5211.636
ss-50-660000,1784420780031.2385,1784420780483,1784420785251.0,1784420785342.8826,451.761,4768.0,91.883,1784419525251.0,5311.644
ss-51-660000,1784420782581.237,1784420782583,1784420785251.0,1784420785342.883,1.763,2668.0,91.883,1784419525251.0,2761.646
ss-52-660000,1784420780931.2795,1784420781533,1784420785251.0,1784420785342.8835,601.72,3718.0,91.884,1784419525251.0,4411.604
ss-53-660000,1784420780581.2324,1784420781533,1784420785251.0,1784420785342.9172,951.768,3718.0,91.917,1784419525251.0,4761.685
ss-54-660000,1784420775581.256,1784420776283,1784420785251.0,1784420785342.9202,701.744,8968.0,91.92,1784419525251.0,9761.664
ss-55-660000,1784420779281.2375,1784420779433,1784420785251.0,1784420785342.9207,151.762,5818.0,91.921,1784419525251.0,6061.683
ss-56-660000,1784420783081.2437,1784420783435,1784420785251.0,1784420785342.921,353.756,1816.0,91.921,1784419525251.0,2261.677
ss-57-660000,1784420782881.2378,1784420783435,1784420785251.0,1784420785342.9211,553.762,1816.0,91.921,1784419525251.0,2461.683
ss-58-660000,1784420780531.2598,1784420781533,1784420785251.0,1784420785342.9243,1001.74,3718.0,91.924,1784419525251.0,4811.665
ss-59-660000,1784420779231.2466,1784420779433,1784420785251.0,1784420785343.0002,201.753,5818.0,92.0,1784419525251.0,6111.754
ss-6-660000,1784420780181.2368,1784420780483,1784420785251.0,1784420785343.003,301.763,4768.0,92.003,1784419525251.0,5161.766
ss-60-660000,1784420782781.2397,1784420783435,1784420785251.0,1784420785343.004,653.76,1816.0,92.004,1784419525251.0,2561.764
ss-61-660000,1784420763531.2446,1784420763683,1784420785251.0,1784420785343.0051,151.755,21568.0,92.005,1784419525251.0,21811.76
ss-62-660000,1784420772531.256,1784420773133,1784420785251.0,1784420785343.0063,601.744,12118.0,92.006,1784419525251.0,12811.75
ss-63-660000,1784420780681.2322,1784420781533,1784420785251.0,1784420785343.0076,851.768,3718.0,92.008,1784419525251.0,4661.775
ss-64-660000,1784420777681.2305,1784420778384,1784420785251.0,1784420785343.0088,702.77,6867.0,92.009,1784419525251.0,7661.778
ss-65-660000,1784420779031.243,1784420779433,1784420785251.0,1784420785343.0269,401.757,5818.0,92.027,1784419525251.0,6311.784
ss-66-660000,1784420779181.2458,1784420779433,1784420785251.0,1784420785343.0383,251.754,5818.0,92.038,1784419525251.0,6161.792
ss-67-660000,1784420769681.24,1784420769984,1784420785251.0,1784420785343.0454,302.76,15267.0,92.045,1784419525251.0,15661.805
ss-68-660000,1784420781481.2458,1784420781533,1784420785251.0,1784420785343.0464,51.754,3718.0,92.046,1784419525251.0,3861.801
ss-69-660000,1784420771531.2502,1784420772083,1784420785251.0,1784420785343.047,551.75,13168.0,92.047,1784419525251.0,13811.797
ss-7-660000,1784420779331.2415,1784420779433,1784420785251.0,1784420785343.0562,101.759,5818.0,92.056,1784419525251.0,6011.815
ss-70-660000,1784420778281.2551,1784420778384,1784420785251.0,1784420785343.0571,102.745,6867.0,92.057,1784419525251.0,7061.802
ss-71-660000,1784420781381.2712,1784420781533,1784420785251.0,1784420785343.0579,151.729,3718.0,92.058,1784419525251.0,3961.787
ss-72-660000,1784420778631.2534,1784420779433,1784420785251.0,1784420785343.0588,801.747,5818.0,92.059,1784419525251.0,6711.805
ss-73-660000,1784420776631.2522,1784420777333,1784420785251.0,1784420785343.0596,701.748,7918.0,92.06,1784419525251.0,8711.807
ss-74-660000,1784420782681.2373,1784420783435,1784420785251.0,1784420785343.1018,753.763,1816.0,92.102,1784419525251.0,2661.865
ss-75-660000,1784420780381.2356,1784420780483,1784420785251.0,1784420785343.1033,101.764,4768.0,92.103,1784419525251.0,4961.868
ss-76-660000,1784420783031.271,1784420783435,1784420785251.0,1784420785343.104,403.729,1816.0,92.104,1784419525251.0,2311.833
ss-77-660000,1784420783231.2488,1784420783435,1784420785251.0,1784420785343.1143,203.751,1816.0,92.114,1784419525251.0,2111.865
ss-78-660000,1784420773481.2554,1784420774183,1784420785251.0,1784420785343.115,701.745,11068.0,92.115,1784419525251.0,11861.86
ss-79-660000,1784420775931.268,1784420776283,1784420785251.0,1784420785343.1157,351.732,8968.0,92.116,1784419525251.0,9411.848
ss-8-660000,1784420781631.2349,1784420782583,1784420785251.0,1784420785343.1167,951.765,2668.0,92.117,1784419525251.0,3711.882
ss-80-660000,1784420782631.265,1784420783435,1784420785251.0,1784420785343.1235,803.735,1816.0,92.124,1784419525251.0,2711.859
ss-81-660000,1784420768631.2314,1784420768933,1784420785251.0,1784420785343.1245,301.769,16318.0,92.125,1784419525251.0,16711.893
ss-82-660000,1784420778681.2502,1784420779433,1784420785251.0,1784420785343.185,751.75,5818.0,92.185,1784419525251.0,6661.935
ss-83-660000,1784420777281.2395,1784420777333,1784420785251.0,1784420785343.1863,51.76,7918.0,92.186,1784419525251.0,8061.947
ss-84-660000,1784420772931.2585,1784420773133,1784420785251.0,1784420785343.1873,201.741,12118.0,92.187,1784419525251.0,12411.929
ss-85-660000,1784420782031.2505,1784420782583,1784420785251.0,1784420785343.188,551.75,2668.0,92.188,1784419525251.0,3311.938
ss-86-660000,1784420783381.2454,1784420783435,1784420785251.0,1784420785343.1953,53.755,1816.0,92.195,1784419525251.0,1961.95
ss-87-660000,1784420776081.259,1784420776283,1784420785251.0,1784420785343.1958,201.741,8968.0,92.196,1784419525251.0,9261.937
ss-88-660000,1784420778081.265,1784420778384,1784420785251.0,1784420785343.1963,302.735,6867.0,92.196,1784419525251.0,7261.931
ss-89-660000,1784420767781.2432,1784420767884,1784420785251.0,1784420785343.1968,102.757,17367.0,92.197,1784419525251.0,17561.954
ss-9-660000,1784420779131.2522,1784420779433,1784420785251.0,1784420785343.6245,301.748,5818.0,92.625,1784419525251.0,6212.372
ss-90-660000,1784420782981.2444,1784420783435,1784420785251.0,1784420785343.6257,453.756,1816.0,92.626,1784419525251.0,2362.381
ss-91-660000,1784420781031.2627,1784420781533,1784420785252.0,1784420785343.6262,501.737,3719.0,91.626,1784419525252.0,4312.364
ss-92-660000,1784420778031.2676,1784420778384,1784420785252.0,1784420785343.6267,352.732,6868.0,91.627,1784419525252.0,7312.359
ss-93-660000,1784420766881.2456,1784420767884,1784420785252.0,1784420785343.628,1002.754,17368.0,91.628,1784419525252.0,18462.382
ss-94-660000,1784420773631.2551,1784420774183,1784420785252.0,1784420785343.6287,551.745,11069.0,91.629,1784419525252.0,11712.374
ss-95-660000,1784420776981.2837,1784420777333,1784420785252.0,1784420785343.6294,351.716,7919.0,91.629,1784419525252.0,8362.346
ss-96-660000,1784420783331.2368,1784420783435,1784420785252.0,1784420785343.6306,103.763,1817.0,91.631,1784419525252.0,2012.394
ss-97-660000,1784420780081.2393,1784420780483,1784420785252.0,1784420785343.6313,401.761,4769.0,91.631,1784419525252.0,5262.392
ss-98-660000,1784420779431.2434,1784420779433,1784420785252.0,1784420785343.632,1.757,5819.0,91.632,1784419525252.0,5912.389
ss-99-660000,1784420762131.2556,1784420762633,1784420785252.0,1784420785343.6326,501.744,22619.0,91.633,1784419525252.0,23212.377
ss-0-720000,1784420780481.2424,1784420780483,1784420785252.0,1784420785343.6333,1.758,4769.0,91.633,1784419465252.0,4862.391
ss-1-720000,1784420779381.2158,1784420779433,1784420785252.0,1784420785343.6519,51.784,5819.0,91.652,1784419465252.0,5962.436
ss-10-720000,1784420764831.2324,1784420765783,1784420785252.0,1784420785343.6528,951.768,19469.0,91.653,1784419465252.0,20512.42
ss-11-720000,1784420782231.2542,1784420782583,1784420785252.0,1784420785343.658,351.746,2669.0,91.658,1784419465252.0,3112.404
ss-12-720000,1784420779731.248,1784420780483,1784420785252.0,1784420785343.6587,751.752,4769.0,91.659,1784419465252.0,5612.411
ss-13-720000,1784420774031.2532,1784420774183,1784420785252.0,1784420785343.6594,151.747,11069.0,91.659,1784419465252.0,11312.406
ss-14-720000,1784420781431.267,1784420781533,1784420785252.0,1784420785343.664,101.733,3719.0,91.664,1784419465252.0,3912.397
ss-15-720000,1784420781681.2312,1784420782583,1784420785252.0,1784420785343.6648,901.769,2669.0,91.665,1784419465252.0,3662.434
ss-16-720000,1784420782931.247,1784420783435,1784420785252.0,1784420785343.6655,503.753,1817.0,91.666,1784419465252.0,2412.418
ss-17-720000,1784420769931.2498,1784420769984,1784420785252.0,1784420785343.6702,52.75,15268.0,91.67,1784419465252.0,15412.42
ss-18-720000,1784420778931.2585,1784420779433,1784420785252.0,1784420785343.671,501.741,5819.0,91.671,1784419465252.0,6412.412
ss-19-720000,1784420782131.2478,1784420782583,1784420785252.0,1784420785343.6716,451.752,2669.0,91.672,1784419465252.0,3212.424
ss-2-720000,1784420781081.2627,1784420781533,1784420785252.0,1784420785343.6724,451.737,3719.0,91.672,1784419465252.0,4262.41
ss-20-720000,1784420780331.243,1784420780483,1784420785252.0,1784420785343.673,151.757,4769.0,91.673,1784419465252.0,5012.43
ss-21-720000,1784420779631.2441,1784420780483,1784420785252.0,1784420785343.6775,851.756,4769.0,91.677,1784419465252.0,5712.433
ss-22-720000,1784420781181.2627,1784420781533,1784420785252.0,1784420785343.6782,351.737,3719.0,91.678,1784419465252.0,4162.416
ss-23-720000,1784420781281.2537,1784420781533,1784420785252.0,1784420785343.6829,251.746,3719.0,91.683,1784419465252.0,4062.429
ss-24-720000,1784420781831.2397,1784420782583,1784420785252.0,1784420785343.6836,751.76,2669.0,91.684,1784419465252.0,3512.444
ss-25-720000,1784420778831.247,1784420779433,1784420785252.0,1784420785343.6843,601.753,5819.0,91.684,1784419465252.0,6512.437
ss-26-720000,1784420782831.2388,1784420783435,1784420785252.0,1784420785343.685,603.761,1817.0,91.685,1784419465252.0,2512.446
ss-27-720000,1784420783281.2383,1784420783435,1784420785252.0,1784420785343.6858,153.762,1817.0,91.686,1784419465252.0,2062.448
ss-28-720000,1784420780281.2385,1784420780483,1784420785252.0,1784420785343.6865,201.761,4769.0,91.687,1784419465252.0,5062.448
ss-29-720000,1784420776431.2488,1784420777333,1784420785252.0,1784420785343.6873,901.751,7919.0,91.687,1784419465252.0,8912.438
ss-3-720000,1784420779081.243,1784420779433,1784420785252.0,1784420785343.6882,351.757,5819.0,91.688,1784419465252.0,6262.445
ss-30-720000,1784420782431.2378,1784420782583,1784420785252.0,1784420785343.6887,151.762,2669.0,91.689,1784419465252.0,2912.451
ss-31-720000,1784420783181.239,1784420783435,1784420785252.0,1784420785343.704,253.761,1817.0,91.704,1784419465252.0,2162.465
ss-32-720000,1784420780631.2395,1784420781533,1784420785252.0,1784420785343.705,901.76,3719.0,91.705,1784419465252.0,4712.466
ss-33-720000,1784420763781.2463,1784420764733,1784420785252.0,1784420785343.706,951.754,20519.0,91.706,1784419465252.0,21562.46
ss-34-720000,1784420782281.2385,1784420782583,1784420785252.0,1784420785343.7068,301.761,2669.0,91.707,1784419465252.0,3062.468
ss-35-720000,1784420774381.2627,1784420775233,1784420785252.0,1784420785343.7075,851.737,10019.0,91.708,1784419465252.0,10962.445
ss-36-720000,1784420781881.2314,1784420782583,1784420785252.0,1784420785343.7083,701.769,2669.0,91.708,1784419465252.0,3462.477
ss-37-720000,1784420781331.2546,1784420781533,1784420785252.0,1784420785343.709,201.745,3719.0,91.709,1784419465252.0,4012.454
ss-38-720000,1784420782731.2454,1784420783435,1784420785252.0,1784420785343.7097,703.755,1817.0,91.71,1784419465252.0,2612.464
ss-39-720000,1784420777181.2356,1784420777333,1784420785252.0,1784420785343.7104,151.764,7919.0,91.71,1784419465252.0,8162.475
ss-4-720000,1784420781981.239,1784420782583,1784420785252.0,1784420785343.7158,601.761,2669.0,91.716,1784419465252.0,3362.477
ss-40-720000,1784420763231.2803,1784420763683,1784420785252.0,1784420785343.7166,451.72,21569.0,91.717,1784419465252.0,22112.436
ss-41-720000,1784420779481.2397,1784420780483,1784420785252.0,1784420785343.7173,1001.76,4769.0,91.717,1784419465252.0,5862.478
ss-42-720000,1784420775381.2502,1784420776283,1784420785252.0,1784420785343.718,901.75,8969.0,91.718,1784419465252.0,9962.468
ss-43-720000,1784420782081.25,1784420782583,1784420785252.0,1784420785343.7185,501.75,2669.0,91.719,1784419465252.0,3262.469
ss-44-720000,1784420781731.243,1784420782583,1784420785252.0,1784420785343.7192,851.757,2669.0,91.719,1784419465252.0,3612.476
ss-45-720000,1784420781231.2666,1784420781533,1784420785252.0,1784420785343.72,301.733,3719.0,91.72,1784419465252.0,4112.453
ss-46-720000,1784420777131.2498,1784420777333,1784420785252.0,1784420785343.7207,201.75,7919.0,91.721,1784419465252.0,8212.471
ss-47-720000,1784420783131.2524,1784420783435,1784420785252.0,1784420785343.7214,303.748,1817.0,91.721,1784419465252.0,2212.469
ss-48-720000,1784420766681.2622,1784420766833,1784420785252.0,1784420785343.7222,151.738,18419.0,91.722,1784419465252.0,18662.46
ss-49-720000,1784420781531.248,1784420781533,1784420785252.0,1784420785343.7227,1.752,3719.0,91.723,1784419465252.0,3812.475
ss-5-720000,1784420780131.2458,1784420780483,1784420785252.0,1784420785343.7234,351.754,4769.0,91.723,1784419465252.0,5212.478
ss-50-720000,1784420780031.2385,1784420780483,1784420785252.0,1784420785343.724,451.761,4769.0,91.724,1784419465252.0,5312.486
ss-51-720000,1784420782581.237,1784420782583,1784420785252.0,1784420785343.7249,1.763,2669.0,91.725,1784419465252.0,2762.488
ss-52-720000,1784420780931.2795,1784420781533,1784420785252.0,1784420785343.7256,601.72,3719.0,91.726,1784419465252.0,4412.446
ss-53-720000,1784420780581.2324,1784420781533,1784420785252.0,1784420785343.7263,951.768,3719.0,91.726,1784419465252.0,4762.494
ss-54-720000,1784420775581.256,1784420776283,1784420785252.0,1784420785343.727,701.744,8969.0,91.727,1784419465252.0,9762.471
ss-55-720000,1784420779281.2375,1784420779433,1784420785252.0,1784420785343.7278,151.762,5819.0,91.728,1784419465252.0,6062.49
ss-56-720000,1784420783081.2437,1784420783435,1784420785252.0,1784420785343.7285,353.756,1817.0,91.729,1784419465252.0,2262.485
ss-57-720000,1784420782881.2378,1784420783435,1784420785252.0,1784420785343.729,553.762,1817.0,91.729,1784419465252.0,2462.491
ss-58-720000,1784420780531.2598,1784420781533,1784420785252.0,1784420785343.7297,1001.74,3719.0,91.73,1784419465252.0,4812.47
ss-59-720000,1784420779231.2466,1784420779433,1784420785252.0,1784420785343.7305,201.753,5819.0,91.73,1784419465252.0,6112.484
ss-6-720000,1784420780181.2368,1784420780483,1784420785252.0,1784420785343.731,301.763,4769.0,91.731,1784419465252.0,5162.494
ss-60-720000,1784420782781.2397,1784420783435,1784420785252.0,1784420785343.7317,653.76,1817.0,91.732,1784419465252.0,2562.492
ss-61-720000,1784420763531.2446,1784420763683,1784420785252.0,1784420785343.7322,151.755,21569.0,91.732,1784419465252.0,21812.488
ss-62-720000,1784420772531.256,1784420773133,1784420785252.0,1784420785343.7327,601.744,12119.0,91.733,1784419465252.0,12812.477
ss-63-720000,1784420780681.2322,1784420781533,1784420785252.0,1784420785343.7334,851.768,3719.0,91.733,1784419465252.0,4662.501
ss-64-720000,1784420777681.2305,1784420778384,1784420785252.0,1784420785343.74,702.77,6868.0,91.74,1784419465252.0,7662.51
ss-65-720000,1784420779031.243,1784420779433,1784420785252.0,1784420785343.741,401.757,5819.0,91.741,1784419465252.0,6312.498
ss-66-720000,1784420779181.2458,1784420779433,1784420785252.0,1784420785343.7568,251.754,5819.0,91.757,1784419465252.0,6162.511
ss-67-720000,1784420769681.24,1784420769984,1784420785252.0,1784420785343.7578,302.76,15268.0,91.758,1784419465252.0,15662.518
ss-68-720000,1784420781481.2458,1784420781533,1784420785252.0,1784420785343.7585,51.754,3719.0,91.759,1784419465252.0,3862.513
ss-69-720000,1784420771531.2502,1784420772083,1784420785252.0,1784420785343.7593,551.75,13169.0,91.759,1784419465252.0,13812.509
ss-7-720000,1784420779331.2415,1784420779433,1784420785252.0,1784420785343.7598,101.759,5819.0,91.76,1784419465252.0,6012.518
ss-70-720000,1784420778281.2551,1784420778384,1784420785252.0,1784420785343.7605,102.745,6868.0,91.76,1784419465252.0,7062.505
ss-71-720000,1784420781381.2712,1784420781533,1784420785252.0,1784420785343.7703,151.729,3719.0,91.77,1784419465252.0,3962.499
ss-72-720000,1784420778631.2534,1784420779433,1784420785252.0,1784420785343.771,801.747,5819.0,91.771,1784419465252.0,6712.518
ss-73-720000,1784420776631.2522,1784420777333,1784420785252.0,1784420785343.772,701.748,7919.0,91.772,1784419465252.0,8712.52
ss-74-720000,1784420782681.2373,1784420783435,1784420785252.0,1784420785343.7727,753.763,1817.0,91.773,1784419465252.0,2662.535
ss-75-720000,1784420780381.2356,1784420780483,1784420785252.0,1784420785343.7732,101.764,4769.0,91.773,1784419465252.0,4962.538
ss-76-720000,1784420783031.271,1784420783435,1784420785252.0,1784420785343.774,403.729,1817.0,91.774,1784419465252.0,2312.503
ss-77-720000,1784420783231.2488,1784420783435,1784420785252.0,1784420785343.7747,203.751,1817.0,91.775,1784419465252.0,2112.526
ss-78-720000,1784420773481.2554,1784420774183,1784420785252.0,1784420785343.7754,701.745,11069.0,91.775,1784419465252.0,11862.52
ss-79-720000,1784420775931.268,1784420776283,1784420785252.0,1784420785343.7761,351.732,8969.0,91.776,1784419465252.0,9412.508
ss-8-720000,1784420781631.2349,1784420782583,1784420785252.0,1784420785343.7766,951.765,2669.0,91.777,1784419465252.0,3712.542
ss-80-720000,1784420782631.265,1784420783435,1784420785252.0,1784420785343.7773,803.735,1817.0,91.777,1784419465252.0,2712.512
ss-81-720000,1784420768631.2314,1784420768933,1784420785252.0,1784420785343.7898,301.769,16319.0,91.79,1784419465252.0,16712.558
ss-82-720000,1784420778681.2502,1784420779433,1784420785252.0,1784420785343.7905,751.75,5819.0,91.791,1784419465252.0,6662.54
ss-83-720000,1784420777281.2395,1784420777333,1784420785252.0,1784420785343.7913,51.76,7919.0,91.791,1784419465252.0,8062.552
ss-84-720000,1784420772931.2585,1784420773133,1784420785252.0,1784420785343.792,201.741,12119.0,91.792,1784419465252.0,12412.533
ss-85-720000,1784420782031.2505,1784420782583,1784420785252.0,1784420785343.7927,551.75,2669.0,91.793,1784419465252.0,3312.542
ss-86-720000,1784420783381.2454,1784420783435,1784420785252.0,1784420785343.7935,53.755,1817.0,91.793,1784419465252.0,1962.548
ss-87-720000,1784420776081.259,1784420776283,1784420785253.0,1784420785343.794,201.741,8970.0,90.794,1784419465253.0,9262.535
ss-88-720000,1784420778081.265,1784420778384,1784420785253.0,1784420785343.83,302.735,6869.0,90.83,1784419465253.0,7262.565
ss-89-720000,1784420767781.2432,1784420767884,1784420785253.0,1784420785343.831,102.757,17369.0,90.831,1784419465253.0,17562.588
ss-9-720000,1784420779131.2522,1784420779433,1784420785253.0,1784420785343.8315,301.748,5820.0,90.832,1784419465253.0,6212.579
ss-90-720000,1784420782981.2444,1784420783435,1784420785253.0,1784420785343.8323,453.756,1818.0,90.832,1784419465253.0,2362.588
ss-91-720000,1784420781031.2627,1784420781533,1784420785253.0,1784420785343.833,501.737,3720.0,90.833,1784419465253.0,4312.57
ss-92-720000,1784420778031.2676,1784420778384,1784420785253.0,1784420785343.84,352.732,6869.0,90.84,1784419465253.0,7312.573
ss-93-720000,1784420766881.2456,1784420767884,1784420785253.0,1784420785343.8408,1002.754,17369.0,90.841,1784419465253.0,18462.595
ss-94-720000,1784420773631.2551,1784420774183,1784420785253.0,1784420785343.8528,551.745,11070.0,90.853,1784419465253.0,11712.598
ss-95-720000,1784420776981.2837,1784420777333,1784420785253.0,1784420785343.8594,351.716,7920.0,90.859,1784419465253.0,8362.576
ss-96-720000,1784420783331.2368,1784420783435,1784420785253.0,1784420785343.8657,103.763,1818.0,90.866,1784419465253.0,2012.629
ss-97-720000,1784420780081.2393,1784420780483,1784420785253.0,1784420785343.889,401.761,4770.0,90.889,1784419465253.0,5262.65
ss-98-720000,1784420779431.2434,1784420779433,1784420785253.0,1784420785343.89,1.757,5820.0,90.89,1784419465253.0,5912.646
ss-99-720000,1784420762131.2556,1784420762633,1784420785253.0,1784420785343.8906,501.744,22620.0,90.891,1784419465253.0,23212.635
ss-0-780000,1784420780481.2424,1784420780483,1784420785253.0,1784420785343.8975,1.758,4770.0,90.897,1784419405253.0,4862.655
ss-1-780000,1784420779381.2158,1784420779433,1784420785253.0,1784420785343.8982,51.784,5820.0,90.898,1784419405253.0,5962.682
ss-11-780000,1784420782231.2542,1784420782583,1784420785253.0,1784420785343.899,351.746,2670.0,90.899,1784419405253.0,3112.645
ss-12-780000,1784420779731.248,1784420780483,1784420785253.0,1784420785343.8997,751.752,4770.0,90.9,1784419405253.0,5612.652
ss-13-780000,1784420774031.2532,1784420774183,1784420785253.0,1784420785343.9404,151.747,11070.0,90.94,1784419405253.0,11312.687
ss-14-780000,1784420781431.267,1784420781533,1784420785253.0,1784420785343.9412,101.733,3720.0,90.941,1784419405253.0,3912.674
ss-15-780000,1784420781681.2312,1784420782583,1784420785253.0,1784420785343.942,901.769,2670.0,90.942,1784419405253.0,3662.711
ss-16-780000,1784420782931.247,1784420783435,1784420785253.0,1784420785343.9426,503.753,1818.0,90.943,1784419405253.0,2412.696
ss-18-780000,1784420778931.2585,1784420779433,1784420785253.0,1784420785343.9558,501.741,5820.0,90.956,1784419405253.0,6412.697
ss-19-780000,1784420782131.2478,1784420782583,1784420785253.0,1784420785343.9568,451.752,2670.0,90.957,1784419405253.0,3212.709
ss-2-780000,1784420781081.2627,1784420781533,1784420785253.0,1784420785343.963,451.737,3720.0,90.963,1784419405253.0,4262.7
ss-20-780000,1784420780331.243,1784420780483,1784420785253.0,1784420785343.9688,151.757,4770.0,90.969,1784419405253.0,5012.726
ss-21-780000,1784420779631.2441,1784420780483,1784420785253.0,1784420785343.9753,851.756,4770.0,90.975,1784419405253.0,5712.731
ss-22-780000,1784420781181.2627,1784420781533,1784420785253.0,1784420785343.976,351.737,3720.0,90.976,1784419405253.0,4162.713
ss-23-780000,1784420781281.2537,1784420781533,1784420785253.0,1784420785343.977,251.746,3720.0,90.977,1784419405253.0,4062.723
ss-24-780000,1784420781831.2397,1784420782583,1784420785253.0,1784420785343.9832,751.76,2670.0,90.983,1784419405253.0,3512.743
ss-25-780000,1784420778831.247,1784420779433,1784420785253.0,1784420785344.018,601.753,5820.0,91.018,1784419405253.0,6512.771
ss-26-780000,1784420782831.2388,1784420783435,1784420785253.0,1784420785344.025,603.761,1818.0,91.025,1784419405253.0,2512.786
ss-27-780000,1784420783281.2383,1784420783435,1784420785253.0,1784420785344.026,153.762,1818.0,91.026,1784419405253.0,2062.788
ss-28-780000,1784420780281.2385,1784420780483,1784420785253.0,1784420785344.0264,201.761,4770.0,91.026,1784419405253.0,5062.788
ss-29-780000,1784420776431.2488,1784420777333,1784420785253.0,1784420785344.027,901.751,7920.0,91.027,1784419405253.0,8912.778
ss-3-780000,1784420779081.243,1784420779433,1784420785253.0,1784420785344.0278,351.757,5820.0,91.028,1784419405253.0,6262.785
ss-30-780000,1784420782431.2378,1784420782583,1784420785253.0,1784420785344.0515,151.762,2670.0,91.052,1784419405253.0,2912.814
ss-31-780000,1784420783181.239,1784420783435,1784420785253.0,1784420785344.0525,253.761,1818.0,91.052,1784419405253.0,2162.813
ss-32-780000,1784420780631.2395,1784420781533,1784420785253.0,1784420785344.0532,901.76,3720.0,91.053,1784419405253.0,4712.814
ss-34-780000,1784420782281.2385,1784420782583,1784420785253.0,1784420785344.0596,301.761,2670.0,91.06,1784419405253.0,3062.821
ss-35-780000,1784420774381.2627,1784420775233,1784420785253.0,1784420785344.0603,851.737,10020.0,91.06,1784419405253.0,10962.798
ss-36-780000,1784420781881.2314,1784420782583,1784420785253.0,1784420785344.0808,701.769,2670.0,91.081,1784419405253.0,3462.849
ss-37-780000,1784420781331.2546,1784420781533,1784420785253.0,1784420785344.0815,201.745,3720.0,91.082,1784419405253.0,4012.827
ss-38-780000,1784420782731.2454,1784420783435,1784420785253.0,1784420785344.0823,703.755,1818.0,91.082,1784419405253.0,2612.837
ss-39-780000,1784420777181.2356,1784420777333,1784420785253.0,1784420785344.0884,151.764,7920.0,91.088,1784419405253.0,8162.853
ss-4-780000,1784420781981.239,1784420782583,1784420785253.0,1784420785344.0942,601.761,2670.0,91.094,1784419405253.0,3362.855
ss-41-780000,1784420779481.2397,1784420780483,1784420785253.0,1784420785344.106,1001.76,4770.0,91.106,1784419405253.0,5862.866
ss-42-780000,1784420775381.2502,1784420776283,1784420785253.0,1784420785344.1367,901.75,8970.0,91.137,1784419405253.0,9962.886
ss-43-780000,1784420782081.25,1784420782583,1784420785253.0,1784420785344.1377,501.75,2670.0,91.138,1784419405253.0,3262.888
ss-44-780000,1784420781731.243,1784420782583,1784420785253.0,1784420785344.1384,851.757,2670.0,91.138,1784419405253.0,3612.896
ss-45-780000,1784420781231.2666,1784420781533,1784420785253.0,1784420785344.145,301.733,3720.0,91.145,1784419405253.0,4112.878
ss-46-780000,1784420777131.2498,1784420777333,1784420785253.0,1784420785344.1458,201.75,7920.0,91.146,1784419405253.0,8212.896
ss-47-780000,1784420783131.2524,1784420783435,1784420785253.0,1784420785344.1758,303.748,1818.0,91.176,1784419405253.0,2212.923
ss-49-780000,1784420781531.248,1784420781533,1784420785253.0,1784420785344.1768,1.752,3720.0,91.177,1784419405253.0,3812.929
ss-5-780000,1784420780131.2458,1784420780483,1784420785253.0,1784420785344.1772,351.754,4770.0,91.177,1784419405253.0,5212.931
ss-50-780000,1784420780031.2385,1784420780483,1784420785253.0,1784420785344.178,451.761,4770.0,91.178,1784419405253.0,5312.939
ss-51-780000,1784420782581.237,1784420782583,1784420785253.0,1784420785344.1787,1.763,2670.0,91.179,1784419405253.0,2762.942
ss-52-780000,1784420780931.2795,1784420781533,1784420785253.0,1784420785344.1853,601.72,3720.0,91.185,1784419405253.0,4412.906
ss-53-780000,1784420780581.2324,1784420781533,1784420785253.0,1784420785344.1863,951.768,3720.0,91.186,1784419405253.0,4762.954
ss-54-780000,1784420775581.256,1784420776283,1784420785253.0,1784420785344.1936,701.744,8970.0,91.194,1784419405253.0,9762.938
ss-55-780000,1784420779281.2375,1784420779433,1784420785253.0,1784420785344.1943,151.762,5820.0,91.194,1784419405253.0,6062.957
ss-56-780000,1784420783081.2437,1784420783435,1784420785253.0,1784420785344.2202,353.756,1818.0,91.22,1784419405253.0,2262.977
ss-57-780000,1784420782881.2378,1784420783435,1784420785253.0,1784420785344.2212,553.762,1818.0,91.221,1784419405253.0,2462.983
ss-58-780000,1784420780531.2598,1784420781533,1784420785253.0,1784420785344.222,1001.74,3720.0,91.222,1784419405253.0,4812.962
ss-59-780000,1784420779231.2466,1784420779433,1784420785253.0,1784420785344.2227,201.753,5820.0,91.223,1784419405253.0,6112.976
ss-6-780000,1784420780181.2368,1784420780483,1784420785253.0,1784420785344.2234,301.763,4770.0,91.223,1784419405253.0,5162.987
ss-60-780000,1784420782781.2397,1784420783435,1784420785253.0,1784420785344.2595,653.76,1818.0,91.26,1784419405253.0,2563.02
ss-63-780000,1784420780681.2322,1784420781533,1784420785253.0,1784420785344.2603,851.768,3720.0,91.26,1784419405253.0,4663.028
ss-64-780000,1784420777681.2305,1784420778384,1784420785253.0,1784420785344.261,702.77,6869.0,91.261,1784419405253.0,7663.031
ss-65-780000,1784420779031.243,1784420779433,1784420785253.0,1784420785344.266,401.757,5820.0,91.266,1784419405253.0,6313.023
ss-66-780000,1784420779181.2458,1784420779433,1784420785253.0,1784420785344.2766,251.754,5820.0,91.277,1784419405253.0,6163.031
ss-68-780000,1784420781481.2458,1784420781533,1784420785253.0,1784420785344.2776,51.754,3720.0,91.278,1784419405253.0,3863.032
ss-7-780000,1784420779331.2415,1784420779433,1784420785253.0,1784420785344.2998,101.759,5820.0,91.3,1784419405253.0,6013.058
ss-70-780000,1784420778281.2551,1784420778384,1784420785253.0,1784420785344.3005,102.745,6869.0,91.301,1784419405253.0,7063.045
ss-71-780000,1784420781381.2712,1784420781533,1784420785253.0,1784420785344.3013,151.729,3720.0,91.301,1784419405253.0,3963.03
ss-72-780000,1784420778631.2534,1784420779433,1784420785253.0,1784420785344.302,801.747,5820.0,91.302,1784419405253.0,6713.049
ss-73-780000,1784420776631.2522,1784420777333,1784420785253.0,1784420785344.3025,701.748,7920.0,91.302,1784419405253.0,8713.05
ss-74-780000,1784420782681.2373,1784420783435,1784420785253.0,1784420785344.3032,753.763,1818.0,91.303,1784419405253.0,2663.066
ss-75-780000,1784420780381.2356,1784420780483,1784420785253.0,1784420785344.3096,101.764,4770.0,91.31,1784419405253.0,4963.074
ss-76-780000,1784420783031.271,1784420783435,1784420785253.0,1784420785344.3152,403.729,1818.0,91.315,1784419405253.0,2313.044
ss-77-780000,1784420783231.2488,1784420783435,1784420785253.0,1784420785344.3545,203.751,1818.0,91.354,1784419405253.0,2113.106
ss-78-780000,1784420773481.2554,1784420774183,1784420785253.0,1784420785344.3613,701.745,11070.0,91.361,1784419405253.0,11863.106
ss-79-780000,1784420775931.268,1784420776283,1784420785253.0,1784420785344.362,351.732,8970.0,91.362,1784419405253.0,9413.094
ss-8-780000,1784420781631.2349,1784420782583,1784420785253.0,1784420785344.3628,951.765,2670.0,91.363,1784419405253.0,3713.128
ss-80-780000,1784420782631.265,1784420783435,1784420785253.0,1784420785344.3635,803.735,1818.0,91.364,1784419405253.0,2713.099
ss-82-780000,1784420778681.2502,1784420779433,1784420785253.0,1784420785344.3716,751.75,5820.0,91.372,1784419405253.0,6663.121
ss-83-780000,1784420777281.2395,1784420777333,1784420785253.0,1784420785344.3723,51.76,7920.0,91.372,1784419405253.0,8063.133
ss-85-780000,1784420782031.2505,1784420782583,1784420785253.0,1784420785344.4392,551.75,2670.0,91.439,1784419405253.0,3313.189
ss-86-780000,1784420783381.2454,1784420783435,1784420785253.0,1784420785344.4407,53.755,1818.0,91.441,1784419405253.0,1963.195
ss-87-780000,1784420776081.259,1784420776283,1784420785253.0,1784420785344.4412,201.741,8970.0,91.441,1784419405253.0,9263.182
ss-88-780000,1784420778081.265,1784420778384,1784420785253.0,1784420785344.4417,302.735,6869.0,91.442,1784419405253.0,7263.177
ss-9-780000,1784420779131.2522,1784420779433,1784420785253.0,1784420785344.4424,301.748,5820.0,91.442,1784419405253.0,6213.19
ss-90-780000,1784420782981.2444,1784420783435,1784420785253.0,1784420785344.4426,453.756,1818.0,91.443,1784419405253.0,2363.198
ss-91-780000,1784420781031.2627,1784420781533,1784420785253.0,1784420785344.4531,501.737,3720.0,91.453,1784419405253.0,4313.19
ss-92-780000,1784420778031.2676,1784420778384,1784420785253.0,1784420785344.4717,352.732,6869.0,91.472,1784419405253.0,7313.204
ss-94-780000,1784420773631.2551,1784420774183,1784420785253.0,1784420785344.4724,551.745,11070.0,91.472,1784419405253.0,11713.217
ss-95-780000,1784420776981.2837,1784420777333,1784420785253.0,1784420785344.473,351.716,7920.0,91.473,1784419405253.0,8363.189
ss-96-780000,1784420783331.2368,1784420783435,1784420785253.0,1784420785344.4734,103.763,1818.0,91.473,1784419405253.0,2013.237
ss-97-780000,1784420780081.2393,1784420780483,1784420785253.0,1784420785344.4739,401.761,4770.0,91.474,1784419405253.0,5263.235
ss-98-780000,1784420779431.2434,1784420779433,1784420785253.0,1784420785344.4744,1.757,5820.0,91.474,1784419405253.0,5913.231
