event_id,t0_ms,t1_ms,t2_ms,t3_ms,write_to_input_append_latency_ms,input_append_to_result_emission_latency_ms,l_visibility_ms,l_closure_ms,latency_ms
e-0,1784566329846.3066,1784566332305,1784566332330.0,1784566333314.785,2458.693,25.0,984.785,,3468.478
e-1,1784566329896.384,1784566332305,1784566332345.0,1784566333314.7893,2408.616,40.0,969.789,,3418.405
e-2,1784566329946.3738,1784566332305,1784566332346.0,1784566333314.7905,2358.626,41.0,968.791,,3368.417
e-3,1784566329996.376,1784566332305,1784566332346.0,1784566333314.7913,2308.624,41.0,968.791,,3318.415
e-4,1784566330046.361,1784566332305,1784566332346.0,1784566333314.7917,2258.639,41.0,968.792,,3268.431
e-5,1784566330096.3584,1784566332305,1784566332346.0,1784566333314.7927,2208.642,41.0,968.793,,3218.434
e-6,1784566330146.3633,1784566332305,1784566332346.0,1784566333314.7935,2158.637,41.0,968.793,,3168.43
e-7,1784566330196.3584,1784566332305,1784566332346.0,1784566333314.7988,2108.642,41.0,968.799,,3118.44
e-8,1784566330246.3708,1784566332305,1784566332347.0,1784566333314.7998,2058.629,42.0,967.8,,3068.429
e-9,1784566330296.3623,1784566332305,1784566332347.0,1784566333314.8008,2008.638,42.0,967.801,,3018.438
e-10,1784566330346.37,1784566332305,1784566332347.0,1784566333314.8013,1958.63,42.0,967.801,,2968.431
e-11,1784566330396.374,1784566332305,1784566332347.0,1784566333314.8018,1908.626,42.0,967.802,,2918.428
e-12,1784566330446.3713,1784566332305,1784566332348.0,1784566333314.8022,1858.629,43.0,966.802,,2868.431
e-13,1784566330496.3682,1784566332305,1784566332348.0,1784566333314.8032,1808.632,43.0,966.803,,2818.435
e-14,1784566330546.3706,1784566332305,1784566332348.0,1784566333314.8108,1758.629,43.0,966.811,,2768.44
e-15,1784566330596.365,1784566332305,1784566332348.0,1784566333314.8171,1708.635,43.0,966.817,,2718.452
e-16,1784566330646.357,1784566332305,1784566332348.0,1784566333315.1157,1658.643,43.0,967.116,,2668.759
e-17,1784566330696.3633,1784566332305,1784566332348.0,1784566333315.1177,1608.637,43.0,967.118,,2618.754
e-18,1784566330746.3674,1784566332305,1784566332348.0,1784566333315.1184,1558.633,43.0,967.118,,2568.751
e-19,1784566330796.3657,1784566332305,1784566332349.0,1784566333315.1191,1508.634,44.0,966.119,,2518.753
e-20,1784566330846.3635,1784566332305,1784566332349.0,1784566333315.1199,1458.636,44.0,966.12,,2468.756
e-21,1784566330896.3662,1784566332305,1784566332349.0,1784566333315.1204,1408.634,44.0,966.12,,2418.754
e-22,1784566330946.3767,1784566332305,1784566332349.0,1784566333315.121,1358.623,44.0,966.121,,2368.744
e-23,1784566330996.3735,1784566332305,1784566332349.0,1784566333315.1216,1308.626,44.0,966.122,,2318.748
e-24,1784566331046.3652,1784566332305,1784566332349.0,1784566333315.1223,1258.635,44.0,966.122,,2268.757
e-25,1784566331096.3726,1784566332305,1784566332349.0,1784566333315.1238,1208.627,44.0,966.124,,2218.751
e-26,1784566331148.4126,1784566332305,1784566332349.0,1784566333315.1245,1156.587,44.0,966.125,,2166.712
e-27,1784566331196.3887,1784566332305,1784566332350.0,1784566333315.125,1108.611,45.0,965.125,,2118.736
e-28,1784566331246.399,1784566332305,1784566332350.0,1784566333315.1257,1058.601,45.0,965.126,,2068.727
e-29,1784566331298.544,1784566332305,1784566332350.0,1784566333315.1265,1006.456,45.0,965.126,,2016.583
e-30,1784566331346.3713,1784566332305,1784566332350.0,1784566333315.1272,958.629,45.0,965.127,,1968.756
e-31,1784566331396.3691,1784566332305,1784566332350.0,1784566333315.1277,908.631,45.0,965.128,,1918.759
e-32,1784566331446.3752,1784566332305,1784566332350.0,1784566333315.1284,858.625,45.0,965.128,,1868.753
e-33,1784566331496.405,1784566332305,1784566332350.0,1784566333315.1294,808.595,45.0,965.129,,1818.724
e-34,1784566331546.3694,1784566332305,1784566332350.0,1784566333315.13,758.631,45.0,965.13,,1768.76
e-35,1784566331596.3684,1784566332305,1784566332350.0,1784566333315.138,708.632,45.0,965.138,,1718.77
e-36,1784566331646.3604,1784566332305,1784566332351.0,1784566333315.1384,658.64,46.0,964.138,,1668.778
e-37,1784566331696.3657,1784566332305,1784566332351.0,1784566333315.139,608.634,46.0,964.139,,1618.773
e-38,1784566331746.3728,1784566332305,1784566332351.0,1784566333315.1436,558.627,46.0,964.144,,1568.771
e-39,1784566331796.3713,1784566332305,1784566332351.0,1784566333315.144,508.629,46.0,964.144,,1518.773
e-40,1784566331846.3518,1784566332305,1784566332351.0,1784566333315.1448,458.648,46.0,964.145,,1468.793
e-41,1784566331896.3547,1784566332305,1784566332351.0,1784566333315.2031,408.645,46.0,964.203,,1418.848
e-42,1784566331946.3499,1784566332305,1784566332351.0,1784566333315.205,358.65,46.0,964.205,,1368.855
e-43,1784566331996.3755,1784566332305,1784566332352.0,1784566333315.2058,308.625,47.0,963.206,,1318.83
e-44,1784566332046.3826,1784566332305,1784566332352.0,1784566333315.2065,258.617,47.0,963.207,,1268.824
e-45,1784566332096.3767,1784566332305,1784566332352.0,1784566333315.2073,208.623,47.0,963.207,,1218.831
e-46,1784566332146.3838,1784566332305,1784566332352.0,1784566333315.208,158.616,47.0,963.208,,1168.824
e-47,1784566332196.391,1784566332305,1784566332352.0,1784566333315.2085,108.609,47.0,963.208,,1118.817
e-48,1784566332246.3665,1784566332305,1784566332352.0,1784566333315.2095,58.634,47.0,963.209,,1068.843
e-49,1784566332296.3743,1784566333299,1784566333308.0,1784566334273.7937,1002.626,9.0,965.794,,1977.419
e-50,1784566332346.3738,1784566333299,1784566333310.0,1784566334273.7966,952.626,11.0,963.797,,1927.423
e-51,1784566332396.378,1784566333299,1784566333310.0,1784566334273.7979,902.622,11.0,963.798,,1877.42
e-52,1784566332446.377,1784566333299,1784566333311.0,1784566334273.7983,852.623,12.0,962.798,,1827.421
e-53,1784566332496.367,1784566333299,1784566333311.0,1784566334273.8,802.633,12.0,962.8,,1777.433
e-54,1784566332546.3718,1784566333299,1784566333311.0,1784566334273.8008,752.628,12.0,962.801,,1727.429
e-55,1784566332596.3943,1784566333299,1784566333311.0,1784566334273.8015,702.606,12.0,962.802,,1677.407
e-56,1784566332646.3652,1784566333299,1784566333311.0,1784566334273.8022,652.635,12.0,962.802,,1627.437
e-57,1784566332696.3647,1784566333299,1784566333311.0,1784566334273.816,602.635,12.0,962.816,,1577.451
e-58,1784566332746.3633,1784566333299,1784566333311.0,1784566334273.8315,552.637,12.0,962.832,,1527.468
e-59,1784566332796.3809,1784566333299,1784566333311.0,1784566334273.8323,502.619,12.0,962.832,,1477.451
e-60,1784566332846.3655,1784566333299,1784566333311.0,1784566334273.8374,452.635,12.0,962.837,,1427.472
e-61,1784566332896.3743,1784566333299,1784566333312.0,1784566334273.838,402.626,13.0,961.838,,1377.464
e-62,1784566332946.3655,1784566333299,1784566333312.0,1784566334273.8384,352.635,13.0,961.838,,1327.473
e-63,1784566332996.3767,1784566333299,1784566333312.0,1784566334273.9978,302.623,13.0,961.998,,1277.621
e-64,1784566333046.3647,1784566333299,1784566333312.0,1784566334273.9985,252.635,13.0,961.999,,1227.634
e-65,1784566333096.3704,1784566333299,1784566333312.0,1784566334273.9995,202.63,13.0,962.0,,1177.629
e-66,1784566333146.367,1784566333299,1784566333312.0,1784566334274.1528,152.633,13.0,962.153,,1127.786
e-67,1784566333196.3772,1784566333299,1784566333312.0,1784566334274.1555,102.623,13.0,962.156,,1077.778
e-68,1784566333246.3645,1784566333299,1784566333312.0,1784566334274.1562,52.635,13.0,962.156,,1027.792
e-69,1784566333296.3699,1784566333299,1784566333312.0,1784566334274.157,2.63,13.0,962.157,,977.787
e-70,1784566333346.3672,1784566334348,1784566334354.0,1784566335167.0127,1001.633,6.0,813.013,,1820.646
e-71,1784566333396.3665,1784566334348,1784566334355.0,1784566335167.0156,951.634,7.0,812.016,,1770.649
e-72,1784566333446.3696,1784566334348,1784566334355.0,1784566335167.0166,901.63,7.0,812.017,,1720.647
e-73,1784566333496.3591,1784566334348,1784566334355.0,1784566335167.0173,851.641,7.0,812.017,,1670.658
e-74,1784566333546.3691,1784566334348,1784566334355.0,1784566335167.018,801.631,7.0,812.018,,1620.649
e-75,1784566333596.3618,1784566334348,1784566334355.0,1784566335167.0188,751.638,7.0,812.019,,1570.657
e-76,1784566333646.363,1784566334348,1784566334355.0,1784566335167.0195,701.637,7.0,812.02,,1520.656
e-77,1784566333696.3608,1784566334348,1784566334355.0,1784566335167.0232,651.639,7.0,812.023,,1470.662
e-78,1784566333746.3567,1784566334348,1784566334356.0,1784566335167.038,601.643,8.0,811.038,,1420.681
e-79,1784566333796.3804,1784566334348,1784566334356.0,1784566335167.0388,551.62,8.0,811.039,,1370.658
e-80,1784566333846.3674,1784566334348,1784566334356.0,1784566335167.058,501.633,8.0,811.058,,1320.691
e-81,1784566333896.4026,1784566334348,1784566334356.0,1784566335167.0588,451.597,8.0,811.059,,1270.656
e-82,1784566333946.3652,1784566334348,1784566334356.0,1784566335167.0667,401.635,8.0,811.067,,1220.701
e-83,1784566333996.3738,1784566334348,1784566334356.0,1784566335167.0671,351.626,8.0,811.067,,1170.693
e-84,1784566334046.3682,1784566334348,1784566334356.0,1784566335167.0679,301.632,8.0,811.068,,1120.7
e-85,1784566334096.3608,1784566334348,1784566334357.0,1784566335167.5503,251.639,9.0,810.55,,1071.189
e-86,1784566334146.3572,1784566334348,1784566334357.0,1784566335167.5657,201.643,9.0,810.566,,1021.208
e-87,1784566334196.3608,1784566334348,1784566334357.0,1784566335167.5667,151.639,9.0,810.567,,971.206
e-88,1784566334246.3684,1784566334348,1784566334357.0,1784566335167.5671,101.632,9.0,810.567,,921.199
e-89,1784566334296.3691,1784566334348,1784566334357.0,1784566335167.5679,51.631,9.0,810.568,,871.199
e-90,1784566334346.3652,1784566334348,1784566334357.0,1784566335167.5688,1.635,9.0,810.569,,821.204
e-91,1784566334396.3657,1784566335398,1784566335407.0,1784566336249.3862,1001.634,9.0,842.386,,1853.021
e-92,1784566334446.3582,1784566335398,1784566335407.0,1784566336249.389,951.642,9.0,842.389,,1803.031
e-93,1784566334496.3596,1784566335398,1784566335407.0,1784566336249.3916,901.64,9.0,842.392,,1753.032
e-94,1784566334546.363,1784566335398,1784566335407.0,1784566336249.392,851.637,9.0,842.392,,1703.029
e-95,1784566334597.8596,1784566335398,1784566335407.0,1784566336249.3923,800.14,9.0,842.392,,1651.533
e-96,1784566334646.3647,1784566335398,1784566335407.0,1784566336249.3928,751.635,9.0,842.393,,1603.028
e-97,1784566334696.3635,1784566335398,1784566335407.0,1784566336249.393,701.636,9.0,842.393,,1553.03
e-98,1784566334746.3616,1784566335398,1784566335407.0,1784566336249.3933,651.638,9.0,842.393,,1503.032
e-99,1784566334796.3652,1784566335398,1784566335408.0,1784566336249.402,601.635,10.0,841.402,,1453.037
e-100,1784566334846.3604,1784566335398,1784566335408.0,1784566336249.4026,551.64,10.0,841.403,,1403.042
e-101,1784566334896.3704,1784566335398,1784566335408.0,1784566336249.4028,501.63,10.0,841.403,,1353.032
e-102,1784566334946.3596,1784566335398,1784566335408.0,1784566336249.4033,451.64,10.0,841.403,,1303.044
e-103,1784566334996.3608,1784566335398,1784566335408.0,1784566336249.4036,401.639,10.0,841.404,,1253.043
e-104,1784566335046.3635,1784566335398,1784566335408.0,1784566336249.404,351.636,10.0,841.404,,1203.041
e-105,1784566335096.3652,1784566335398,1784566335408.0,1784566336249.4817,301.635,10.0,841.482,,1153.116
e-106,1784566335146.3704,1784566335398,1784566335408.0,1784566336249.4822,251.63,10.0,841.482,,1103.112
e-107,1784566335196.356,1784566335398,1784566335408.0,1784566336249.4827,201.644,10.0,841.483,,1053.127
e-108,1784566335246.3694,1784566335398,1784566335409.0,1784566336249.483,151.631,11.0,840.483,,1003.114
e-109,1784566335296.363,1784566335398,1784566335409.0,1784566336249.4836,101.637,11.0,840.484,,953.121
e-110,1784566335346.3704,1784566335398,1784566335409.0,1784566336249.484,51.63,11.0,840.484,,903.114
e-111,1784566335396.3647,1784566335398,1784566335409.0,1784566336249.4841,1.635,11.0,840.484,,853.119
e-112,1784566335446.3652,1784566336448,1784566336454.0,1784566337251.6306,1001.635,6.0,797.631,,1805.265
e-113,1784566335496.3665,1784566336448,1784566336454.0,1784566337251.6345,951.634,6.0,797.635,,1755.268
e-114,1784566335546.3616,1784566336448,1784566336454.0,1784566337251.6355,901.638,6.0,797.635,,1705.274
e-115,1784566335597.551,1784566336448,1784566336455.0,1784566337251.6365,850.449,7.0,796.636,,1654.085
e-116,1784566335646.366,1784566336448,1784566336455.0,1784566337251.6375,801.634,7.0,796.637,,1605.271
e-117,1784566335696.371,1784566336448,1784566336455.0,1784566337251.6382,751.629,7.0,796.638,,1555.267
e-118,1784566335746.3652,1784566336448,1784566336455.0,1784566337251.639,701.635,7.0,796.639,,1505.274
e-119,1784566335796.3674,1784566336448,1784566336455.0,1784566337251.6396,651.633,7.0,796.64,,1455.272
e-120,1784566335846.3623,1784566336448,1784566336455.0,1784566337251.6562,601.638,7.0,796.656,,1405.294
e-121,1784566335896.3572,1784566336448,1784566336455.0,1784566337251.6572,551.643,7.0,796.657,,1355.3
e-122,1784566335946.358,1784566336448,1784566336455.0,1784566337251.6765,501.642,7.0,796.677,,1305.319
e-123,1784566335996.3662,1784566336448,1784566336456.0,1784566337251.6775,451.634,8.0,795.677,,1255.311
e-124,1784566336046.3687,1784566336448,1784566336456.0,1784566337251.6785,401.631,8.0,795.678,,1205.31
e-125,1784566336096.3528,1784566336448,1784566336456.0,1784566337251.6792,351.647,8.0,795.679,,1155.326
e-126,1784566336146.3616,1784566336448,1784566336456.0,1784566337251.6802,301.638,8.0,795.68,,1105.319
e-127,1784566336196.36,1784566336448,1784566336456.0,1784566337252.1636,251.64,8.0,796.164,,1055.803
e-128,1784566336246.361,1784566336448,1784566336456.0,1784566337252.1694,201.639,8.0,796.169,,1005.808
e-129,1784566336296.368,1784566336448,1784566336456.0,1784566337252.183,151.632,8.0,796.183,,955.815
e-130,1784566336346.3628,1784566336448,1784566336457.0,1784566337252.1836,101.637,9.0,795.184,,905.821
e-131,1784566336396.3638,1784566336448,1784566336457.0,1784566337252.184,51.636,9.0,795.184,,855.82
e-132,1784566336446.363,1784566336448,1784566336457.0,1784566337252.1846,1.637,9.0,795.185,,805.822
e-133,1784566336496.363,1784566337499,1784566337504.0,1784566338138.1963,1002.637,5.0,634.196,,1641.833
e-134,1784566336546.3647,1784566337499,1784566337505.0,1784566338138.1992,952.635,6.0,633.199,,1591.834
e-135,1784566336596.3652,1784566337499,1784566337505.0,1784566338138.2004,902.635,6.0,633.2,,1541.835
e-136,1784566336646.3682,1784566337499,1784566337505.0,1784566338138.2012,852.632,6.0,633.201,,1491.833
e-137,1784566336696.3699,1784566337499,1784566337505.0,1784566338138.202,802.63,6.0,633.202,,1441.832
e-138,1784566336746.3743,1784566337499,1784566337505.0,1784566338138.2026,752.626,6.0,633.203,,1391.828
e-139,1784566336796.3647,1784566337499,1784566337505.0,1784566338138.2031,702.635,6.0,633.203,,1341.838
e-140,1784566336846.3633,1784566337499,1784566337505.0,1784566338138.2039,652.637,6.0,633.204,,1291.841
e-141,1784566336896.3616,1784566337499,1784566337505.0,1784566338138.2212,602.638,6.0,633.221,,1241.86
e-142,1784566336946.364,1784566337499,1784566337506.0,1784566338138.2346,552.636,7.0,632.235,,1191.871
e-143,1784566336996.3625,1784566337499,1784566337506.0,1784566338138.2358,502.637,7.0,632.236,,1141.873
e-144,1784566337046.3672,1784566337499,1784566337506.0,1784566338138.2363,452.633,7.0,632.236,,1091.869
e-145,1784566337096.3647,1784566337499,1784566337506.0,1784566338138.237,402.635,7.0,632.237,,1041.872
e-146,1784566337146.3657,1784566337499,1784566337506.0,1784566338138.2378,352.634,7.0,632.238,,991.872
e-147,1784566337196.3608,1784566337499,1784566337506.0,1784566338138.2383,302.639,7.0,632.238,,941.877
e-148,1784566337246.3875,1784566337499,1784566337506.0,1784566338138.239,252.613,7.0,632.239,,891.852
e-149,1784566337296.3657,1784566337499,1784566337506.0,1784566338138.2405,202.634,7.0,632.24,,841.875
e-150,1784566337346.3726,1784566337499,1784566337506.0,1784566338138.248,152.627,7.0,632.248,,791.875
e-151,1784566337396.3655,1784566337499,1784566337506.0,1784566338138.2551,102.635,7.0,632.255,,741.89
e-152,1784566337446.3647,1784566337499,1784566337506.0,1784566338138.2559,52.635,7.0,632.256,,691.891
e-153,1784566337496.362,1784566337499,1784566337506.0,1784566338138.2844,2.638,7.0,632.284,,641.922
e-154,1784566337546.3718,1784566338548,1784566338554.0,1784566339242.2612,1001.628,6.0,688.261,,1695.889
e-155,1784566337596.3713,1784566338548,1784566338554.0,1784566339242.2644,951.629,6.0,688.264,,1645.893
e-156,1784566337646.3748,1784566338548,1784566338554.0,1784566339242.2659,901.625,6.0,688.266,,1595.891
e-157,1784566337696.3704,1784566338548,1784566338554.0,1784566339242.2664,851.63,6.0,688.266,,1545.896
e-158,1784566337746.3694,1784566338548,1784566338554.0,1784566339242.267,801.631,6.0,688.267,,1495.898
e-159,1784566337796.3687,1784566338548,1784566338555.0,1784566339242.2678,751.631,7.0,687.268,,1445.899
e-160,1784566337846.3752,1784566338548,1784566338555.0,1784566339242.2686,701.625,7.0,687.269,,1395.893
e-161,1784566337896.3657,1784566338548,1784566338555.0,1784566339242.2695,651.634,7.0,687.27,,1345.904
e-162,1784566337946.3694,1784566338548,1784566338555.0,1784566339242.27,601.631,7.0,687.27,,1295.901
e-163,1784566337996.3635,1784566338548,1784566338555.0,1784566339242.2834,551.636,7.0,687.283,,1245.92
e-164,1784566338046.3655,1784566338548,1784566338555.0,1784566339242.2842,501.635,7.0,687.284,,1195.919
e-165,1784566338096.359,1784566338548,1784566338555.0,1784566339242.285,451.641,7.0,687.285,,1145.926
e-166,1784566338146.3555,1784566338548,1784566338555.0,1784566339242.2856,401.645,7.0,687.286,,1095.93
e-167,1784566338196.361,1784566338548,1784566338556.0,1784566339242.2864,351.639,8.0,686.286,,1045.925
e-168,1784566338246.3691,1784566338548,1784566338556.0,1784566339242.287,301.631,8.0,686.287,,995.918
e-169,1784566338296.3638,1784566338548,1784566338556.0,1784566339242.2876,251.636,8.0,686.288,,945.924
e-170,1784566338346.3684,1784566338548,1784566338556.0,1784566339242.2883,201.632,8.0,686.288,,895.92
e-171,1784566338396.368,1784566338548,1784566338556.0,1784566339242.289,151.632,8.0,686.289,,845.921
e-172,1784566338446.3696,1784566338548,1784566338556.0,1784566339242.2898,101.63,8.0,686.29,,795.92
e-173,1784566338496.3706,1784566338548,1784566338556.0,1784566339242.3096,51.629,8.0,686.31,,745.939
e-174,1784566338546.3672,1784566338548,1784566338556.0,1784566339242.3105,1.633,8.0,686.311,,695.943
e-175,1784566338596.3733,1784566339599,1784566339606.0,1784566340250.224,1002.627,7.0,644.224,,1653.851
e-176,1784566338646.3643,1784566339599,1784566339606.0,1784566340250.2278,952.636,7.0,644.228,,1603.864
e-177,1784566338696.3677,1784566339599,1784566339607.0,1784566340250.229,902.632,8.0,643.229,,1553.861
e-178,1784566338746.3638,1784566339599,1784566339607.0,1784566340250.2297,852.636,8.0,643.23,,1503.866
e-179,1784566338796.3633,1784566339599,1784566339607.0,1784566340250.2305,802.637,8.0,643.23,,1453.867
e-180,1784566338846.3574,1784566339599,1784566339607.0,1784566340250.2312,752.643,8.0,643.231,,1403.874
e-181,1784566338896.3718,1784566339599,1784566339607.0,1784566340250.232,702.628,8.0,643.232,,1353.86
e-182,1784566338946.3665,1784566339599,1784566339607.0,1784566340250.2324,652.634,8.0,643.232,,1303.866
e-183,1784566338996.3665,1784566339599,1784566339607.0,1784566340250.2332,602.634,8.0,643.233,,1253.867
e-184,1784566339046.3572,1784566339599,1784566339607.0,1784566340250.2437,552.643,8.0,643.244,,1203.886
e-185,1784566339096.368,1784566339599,1784566339607.0,1784566340250.2444,502.632,8.0,643.244,,1153.876
e-186,1784566339146.3738,1784566339599,1784566339607.0,1784566340250.2449,452.626,8.0,643.245,,1103.871
e-187,1784566339196.359,1784566339599,1784566339607.0,1784566340250.2456,402.641,8.0,643.246,,1053.887
e-188,1784566339246.3706,1784566339599,1784566339607.0,1784566340250.246,352.629,8.0,643.246,,1003.875
e-189,1784566339296.372,1784566339599,1784566339607.0,1784566340250.2466,302.628,8.0,643.247,,953.875
e-190,1784566339346.3708,1784566339599,1784566339607.0,1784566340250.2468,252.629,8.0,643.247,,903.876
e-191,1784566339396.367,1784566339599,1784566339607.0,1784566340250.2473,202.633,8.0,643.247,,853.88
e-192,1784566339446.3682,1784566339599,1784566339607.0,1784566340250.248,152.632,8.0,643.248,,803.88
e-193,1784566339496.378,1784566339599,1784566339607.0,1784566340250.2483,102.622,8.0,643.248,,753.87
e-194,1784566339546.383,1784566339599,1784566339607.0,1784566340250.2488,52.617,8.0,643.249,,703.866
e-195,1784566339596.3726,1784566339599,1784566339608.0,1784566340250.2495,2.627,9.0,642.25,,653.877
e-196,1784566339646.3708,1784566340648,1784566340654.0,1784566341239.2388,1001.629,6.0,585.239,,1592.868
e-197,1784566339696.3638,1784566340648,1784566340654.0,1784566341239.241,951.636,6.0,585.241,,1542.877
e-198,1784566339746.3662,1784566340648,1784566340654.0,1784566341239.2422,901.634,6.0,585.242,,1492.876
e-199,1784566339796.3633,1784566340648,1784566340655.0,1784566341239.2761,851.637,7.0,584.276,,1442.913
e-200,1784566339846.365,1784566340648,1784566340655.0,1784566341239.277,801.635,7.0,584.277,,1392.912
e-201,1784566339896.3635,1784566340648,1784566340655.0,1784566341239.28,751.636,7.0,584.28,,1342.917
e-202,1784566339946.3696,1784566340648,1784566340655.0,1784566341239.2805,701.63,7.0,584.281,,1292.911
e-203,1784566339996.3655,1784566340648,1784566340655.0,1784566341239.2812,651.635,7.0,584.281,,1242.916
e-204,1784566340046.3643,1784566340648,1784566340655.0,1784566341239.282,601.636,7.0,584.282,,1192.918
e-205,1784566340096.3606,1784566340648,1784566340655.0,1784566341239.3386,551.639,7.0,584.339,,1142.978
e-206,1784566340146.3574,1784566340648,1784566340655.0,1784566341239.3403,501.643,7.0,584.34,,1092.983
e-207,1784566340196.3608,1784566340648,1784566340655.0,1784566341239.341,451.639,7.0,584.341,,1042.98
e-208,1784566340246.3794,1784566340648,1784566340655.0,1784566341239.3416,401.621,7.0,584.342,,992.962
e-209,1784566340296.3704,1784566340648,1784566340655.0,1784566341239.3423,351.63,7.0,584.342,,942.972
e-210,1784566340346.373,1784566340648,1784566340656.0,1784566341239.343,301.627,8.0,583.343,,892.97
e-211,1784566340396.363,1784566340648,1784566340656.0,1784566341239.3438,251.637,8.0,583.344,,842.981
e-212,1784566340446.368,1784566340648,1784566340656.0,1784566341239.5203,201.632,8.0,583.52,,793.152
e-213,1784566340496.3613,1784566340648,1784566340656.0,1784566341239.523,151.639,8.0,583.523,,743.162
e-214,1784566340546.3647,1784566340648,1784566340656.0,1784566341239.5237,101.635,8.0,583.524,,693.159
e-215,1784566340596.3591,1784566340648,1784566340656.0,1784566341239.5242,51.641,8.0,583.524,,643.165
e-216,1784566340646.3638,1784566340648,1784566340656.0,1784566341239.525,1.636,8.0,583.525,,593.161
e-217,1784566340696.3633,1784566341699,1784566341705.0,1784566342239.3892,1002.637,6.0,534.389,,1543.026
e-218,1784566340746.3635,1784566341699,1784566341705.0,1784566342239.3914,952.636,6.0,534.391,,1493.028
e-219,1784566340796.362,1784566341699,1784566341705.0,1784566342239.3918,902.638,6.0,534.392,,1443.03
e-220,1784566340846.3623,1784566341699,1784566341705.0,1784566342239.392,852.638,6.0,534.392,,1393.03
e-221,1784566340896.3574,1784566341699,1784566341705.0,1784566342239.3923,802.643,6.0,534.392,,1343.035
e-222,1784566340946.3687,1784566341699,1784566341705.0,1784566342239.3926,752.631,6.0,534.393,,1293.024
e-223,1784566340996.37,1784566341699,1784566341706.0,1784566342239.3928,702.63,7.0,533.393,,1243.023
e-224,1784566341046.3633,1784566341699,1784566341706.0,1784566342239.393,652.637,7.0,533.393,,1193.03
e-225,1784566341096.6648,1784566341699,1784566341706.0,1784566342239.3933,602.335,7.0,533.393,,1142.729
e-226,1784566341146.363,1784566341699,1784566341706.0,1784566342239.3936,552.637,7.0,533.394,,1093.031
e-227,1784566341196.3586,1784566341699,1784566341706.0,1784566342239.4026,502.641,7.0,533.403,,1043.044
e-228,1784566341246.3557,1784566341699,1784566341706.0,1784566342239.403,452.644,7.0,533.403,,993.047
e-229,1784566341296.362,1784566341699,1784566341706.0,1784566342239.416,402.638,7.0,533.416,,943.054
e-230,1784566341346.3623,1784566341699,1784566341706.0,1784566342239.4165,352.638,7.0,533.417,,893.054
e-231,1784566341396.3633,1784566341699,1784566341706.0,1784566342239.4167,302.637,7.0,533.417,,843.053
e-232,1784566341446.37,1784566341699,1784566341706.0,1784566342239.4172,252.63,7.0,533.417,,793.047
e-233,1784566341496.3586,1784566341699,1784566341706.0,1784566342239.4192,202.641,7.0,533.419,,743.061
e-234,1784566341546.3655,1784566341699,1784566341706.0,1784566342239.4194,152.635,7.0,533.419,,693.054
e-235,1784566341596.3672,1784566341699,1784566341706.0,1784566342239.4197,102.633,7.0,533.42,,643.052
e-236,1784566341646.3647,1784566341699,1784566341707.0,1784566342239.42,52.635,8.0,532.42,,593.055
e-237,1784566341696.3628,1784566341699,1784566341707.0,1784566342239.4202,2.637,8.0,532.42,,543.057
e-238,1784566341746.3672,1784566342747,1784566342753.0,1784566343147.9258,1000.633,6.0,394.926,,1401.559
e-239,1784566341796.3677,1784566342747,1784566342753.0,1784566343147.9297,950.632,6.0,394.93,,1351.562
e-240,1784566341846.3691,1784566342747,1784566342753.0,1784566343148.0903,900.631,6.0,395.09,,1301.721
e-241,1784566341896.3684,1784566342747,1784566342753.0,1784566343148.0933,850.632,6.0,395.093,,1251.725
e-242,1784566341946.3606,1784566342747,1784566342753.0,1784566343148.094,800.639,6.0,395.094,,1201.733
e-243,1784566341996.3564,1784566342747,1784566342753.0,1784566343148.095,750.644,6.0,395.095,,1151.739
e-244,1784566342046.3718,1784566342747,1784566342753.0,1784566343148.0957,700.628,6.0,395.096,,1101.724
e-245,1784566342096.3677,1784566342747,1784566342754.0,1784566343148.097,650.632,7.0,394.097,,1051.729
e-246,1784566342146.3657,1784566342747,1784566342754.0,1784566343148.0977,600.634,7.0,394.098,,1001.732
e-247,1784566342196.3647,1784566342747,1784566342754.0,1784566343148.0984,550.635,7.0,394.098,,951.734
e-248,1784566342246.354,1784566342747,1784566342754.0,1784566343148.11,500.646,7.0,394.11,,901.756
e-249,1784566342296.3655,1784566342747,1784566342754.0,1784566343148.1108,450.635,7.0,394.111,,851.745
e-250,1784566342346.3635,1784566342747,1784566342754.0,1784566343148.1113,400.636,7.0,394.111,,801.748
e-251,1784566342396.3657,1784566342747,1784566342754.0,1784566343148.1118,350.634,7.0,394.112,,751.746
e-252,1784566342446.3682,1784566342747,1784566342754.0,1784566343148.1125,300.632,7.0,394.113,,701.744
e-253,1784566342496.3591,1784566342747,1784566342755.0,1784566343148.113,250.641,8.0,393.113,,651.754
e-254,1784566342546.365,1784566342747,1784566342755.0,1784566343148.1138,200.635,8.0,393.114,,601.749
e-255,1784566342596.364,1784566342747,1784566342755.0,1784566343148.1143,150.636,8.0,393.114,,551.75
e-256,1784566342646.3682,1784566342747,1784566342755.0,1784566343148.1147,100.632,8.0,393.115,,501.747
e-257,1784566342696.3652,1784566342747,1784566342755.0,1784566343148.1152,50.635,8.0,393.115,,451.75
e-258,1784566342746.3606,1784566342747,1784566342755.0,1784566343148.116,0.639,8.0,393.116,,401.755
e-259,1784566342796.3655,1784566343799,1784566343807.0,1784566344252.5698,1002.635,8.0,445.57,,1456.204
e-260,1784566342846.363,1784566343799,1784566343808.0,1784566344252.572,952.637,9.0,444.572,,1406.209
e-261,1784566342896.3586,1784566343799,1784566343808.0,1784566344252.5725,902.641,9.0,444.573,,1356.214
e-262,1784566342946.3643,1784566343799,1784566343808.0,1784566344252.573,852.636,9.0,444.573,,1306.209
e-263,1784566342996.3628,1784566343799,1784566343808.0,1784566344252.5732,802.637,9.0,444.573,,1256.21
e-264,1784566343046.3655,1784566343799,1784566343808.0,1784566344252.5735,752.635,9.0,444.573,,1206.208
e-265,1784566343096.3584,1784566343799,1784566343808.0,1784566344252.5737,702.642,9.0,444.574,,1156.215
e-266,1784566343146.378,1784566343799,1784566343808.0,1784566344252.574,652.622,9.0,444.574,,1106.196
e-267,1784566343196.369,1784566343799,1784566343808.0,1784566344252.574,602.631,9.0,444.574,,1056.205
e-268,1784566343246.3618,1784566343799,1784566343808.0,1784566344252.5828,552.638,9.0,444.583,,1006.221
e-269,1784566343296.3643,1784566343799,1784566343809.0,1784566344252.5867,502.636,10.0,443.587,,956.222
e-270,1784566343346.3618,1784566343799,1784566343809.0,1784566344252.587,452.638,10.0,443.587,,906.225
e-271,1784566343396.3606,1784566343799,1784566343809.0,1784566344252.5872,402.639,10.0,443.587,,856.227
e-272,1784566343446.3699,1784566343799,1784566343809.0,1784566344252.5874,352.63,10.0,443.587,,806.218
e-273,1784566343496.362,1784566343799,1784566343809.0,1784566344252.5876,302.638,10.0,443.588,,756.226
e-274,1784566343546.3604,1784566343799,1784566343809.0,1784566344252.588,252.64,10.0,443.588,,706.228
e-275,1784566343596.3591,1784566343799,1784566343809.0,1784566344252.5881,202.641,10.0,443.588,,656.229
e-276,1784566343646.3728,1784566343799,1784566343809.0,1784566344252.5881,152.627,10.0,443.588,,606.215
e-277,1784566343696.3643,1784566343799,1784566343809.0,1784566344252.5884,102.636,10.0,443.588,,556.224
e-278,1784566343746.359,1784566343799,1784566343809.0,1784566344252.5886,52.641,10.0,443.589,,506.23
e-279,1784566343796.3708,1784566343799,1784566343810.0,1784566344252.5889,2.629,11.0,442.589,,456.218
e-280,1784566343846.3655,1784566344847,1784566344852.0,1784566345245.1035,1000.635,5.0,393.104,,1398.738
e-281,1784566343896.3635,1784566344847,1784566344852.0,1784566345245.1062,950.636,5.0,393.106,,1348.743
e-282,1784566343946.3635,1784566344847,1784566344852.0,1784566345245.1072,900.636,5.0,393.107,,1298.744
e-283,1784566343996.3613,1784566344847,1784566344852.0,1784566345245.1077,850.639,5.0,393.108,,1248.746
e-284,1784566344046.3638,1784566344847,1784566344852.0,1784566345245.108,800.636,5.0,393.108,,1198.744
e-285,1784566344096.3608,1784566344847,1784566344852.0,1784566345245.1084,750.639,5.0,393.108,,1148.748
e-286,1784566344146.3613,1784566344847,1784566344852.0,1784566345245.109,700.639,5.0,393.109,,1098.748
e-287,1784566344196.3647,1784566344847,1784566344853.0,1784566345245.1094,650.635,6.0,392.109,,1048.745
e-288,1784566344246.3718,1784566344847,1784566344853.0,1784566345245.1099,600.628,6.0,392.11,,998.738
e-289,1784566344296.3652,1784566344847,1784566344853.0,1784566345245.1104,550.635,6.0,392.11,,948.745
e-290,1784566344346.372,1784566344847,1784566344853.0,1784566345245.1228,500.628,6.0,392.123,,898.751
e-291,1784566344396.3657,1784566344847,1784566344853.0,1784566345245.1233,450.634,6.0,392.123,,848.758
e-292,1784566344446.3718,1784566344847,1784566344853.0,1784566345245.1238,400.628,6.0,392.124,,798.752
e-293,1784566344496.3809,1784566344847,1784566344853.0,1784566345245.1243,350.619,6.0,392.124,,748.743
e-294,1784566344546.3635,1784566344847,1784566344853.0,1784566345245.1248,300.636,6.0,392.125,,698.761
e-295,1784566344596.373,1784566344847,1784566344853.0,1784566345245.125,250.627,6.0,392.125,,648.752
e-296,1784566344646.3733,1784566344847,1784566344853.0,1784566345245.1257,200.627,6.0,392.126,,598.752
e-297,1784566344696.367,1784566344847,1784566344853.0,1784566345245.1262,150.633,6.0,392.126,,548.759
e-298,1784566344746.3599,1784566344847,1784566344853.0,1784566345245.1267,100.64,6.0,392.127,,498.767
e-299,1784566344796.3657,1784566344847,1784566344853.0,1784566345245.1272,50.634,6.0,392.127,,448.761
e-300,1784566344846.3628,1784566344847,1784566344853.0,1784566345245.1277,0.637,6.0,392.128,,398.765
e-301,1784566344896.3667,1784566345898,1784566345903.0,1784566346247.616,1001.633,5.0,344.616,,1351.249
e-302,1784566344946.3677,1784566345898,1784566345904.0,1784566346247.619,951.632,6.0,343.619,,1301.251
e-303,1784566344996.3677,1784566345898,1784566345904.0,1784566346247.6199,901.632,6.0,343.62,,1251.252
e-304,1784566345046.3682,1784566345898,1784566345904.0,1784566346247.6208,851.632,6.0,343.621,,1201.253
e-305,1784566345096.3638,1784566345898,1784566345904.0,1784566346247.6216,801.636,6.0,343.622,,1151.258
e-306,1784566345146.3684,1784566345898,1784566345904.0,1784566346247.6223,751.632,6.0,343.622,,1101.254
e-307,1784566345196.366,1784566345898,1784566345904.0,1784566346247.623,701.634,6.0,343.623,,1051.257
e-308,1784566345246.3508,1784566345898,1784566345904.0,1784566346247.6238,651.649,6.0,343.624,,1001.273
e-309,1784566345296.363,1784566345898,1784566345904.0,1784566346247.7063,601.637,6.0,343.706,,951.343
e-310,1784566345346.3606,1784566345898,1784566345904.0,1784566346247.707,551.639,6.0,343.707,,901.346
e-311,1784566345396.3572,1784566345898,1784566345904.0,1784566346247.7075,501.643,6.0,343.708,,851.35
e-312,1784566345446.3586,1784566345898,1784566345904.0,1784566346247.7205,451.641,6.0,343.72,,801.362
e-313,1784566345496.3638,1784566345898,1784566345905.0,1784566346247.7212,401.636,7.0,342.721,,751.357
e-314,1784566345546.3633,1784566345898,1784566345905.0,1784566346247.722,351.637,7.0,342.722,,701.359
e-315,1784566345596.3662,1784566345898,1784566345905.0,1784566346247.737,301.634,7.0,342.737,,651.371
e-316,1784566345646.3662,1784566345898,1784566345905.0,1784566346247.738,251.634,7.0,342.738,,601.372
e-317,1784566345696.3618,1784566345898,1784566345905.0,1784566346247.7388,201.638,7.0,342.739,,551.377
e-318,1784566345746.366,1784566345898,1784566345905.0,1784566346247.7393,151.634,7.0,342.739,,501.373
e-319,1784566345796.367,1784566345898,1784566345905.0,1784566346247.7397,101.633,7.0,342.74,,451.373
e-320,1784566345846.3718,1784566345898,1784566345905.0,1784566346247.7402,51.628,7.0,342.74,,401.368
e-321,1784566345896.3696,1784566345898,1784566345905.0,1784566346247.7407,1.63,7.0,342.741,,351.371
e-322,1784566345946.3665,1784566346949,1784566346954.0,1784566347243.0198,1002.634,5.0,289.02,,1296.653
e-323,1784566345996.3735,1784566346949,1784566346954.0,1784566347243.023,952.626,5.0,289.023,,1246.649
e-324,1784566346046.3662,1784566346949,1784566346954.0,1784566347243.0237,902.634,5.0,289.024,,1196.657
e-325,1784566346096.3652,1784566346949,1784566346955.0,1784566347243.024,852.635,6.0,288.024,,1146.659
e-326,1784566346146.3643,1784566346949,1784566346955.0,1784566347243.0244,802.636,6.0,288.024,,1096.66
e-327,1784566346196.3706,1784566346949,1784566346955.0,1784566347243.025,752.629,6.0,288.025,,1046.654
e-328,1784566346246.3723,1784566346949,1784566346955.0,1784566347243.0254,702.628,6.0,288.025,,996.653
e-329,1784566346296.369,1784566346949,1784566346955.0,1784566347243.0256,652.631,6.0,288.026,,946.657
e-330,1784566346346.3643,1784566346949,1784566346955.0,1784566347243.0264,602.636,6.0,288.026,,896.662
e-331,1784566346396.3674,1784566346949,1784566346955.0,1784566347243.0269,552.633,6.0,288.027,,846.659
e-332,1784566346446.3684,1784566346949,1784566346955.0,1784566347243.027,502.632,6.0,288.027,,796.659
e-333,1784566346496.3599,1784566346949,1784566346955.0,1784566347243.0415,452.64,6.0,288.042,,746.682
e-334,1784566346546.36,1784566346949,1784566346955.0,1784566347243.042,402.64,6.0,288.042,,696.682
e-335,1784566346596.369,1784566346949,1784566346955.0,1784566347243.0425,352.631,6.0,288.042,,646.674
e-336,1784566346646.3623,1784566346949,1784566346955.0,1784566347243.043,302.638,6.0,288.043,,596.681
e-337,1784566346696.3645,1784566346949,1784566346955.0,1784566347243.0432,252.635,6.0,288.043,,546.679
e-338,1784566346746.363,1784566346949,1784566346955.0,1784566347243.0474,202.637,6.0,288.047,,496.684
e-339,1784566346796.369,1784566346949,1784566346956.0,1784566347243.0479,152.631,7.0,287.048,,446.679
e-340,1784566346846.3625,1784566346949,1784566346956.0,1784566347243.0483,102.637,7.0,287.048,,396.686
e-341,1784566346896.37,1784566346949,1784566346956.0,1784566347243.0486,52.63,7.0,287.049,,346.678
e-342,1784566346946.3672,1784566346949,1784566346956.0,1784566347243.049,2.633,7.0,287.049,,296.682
e-343,1784566346996.368,1784566347999,1784566358055.0,1784566358848.481,1002.632,10056.0,793.481,,11852.113
e-344,1784566347046.3623,1784566347999,1784566358071.0,1784566358848.4834,952.638,10072.0,777.483,,11802.121
e-345,1784566347096.3655,1784566347999,1784566358072.0,1784566358848.4841,902.635,10073.0,776.484,,11752.119
e-346,1784566347146.365,1784566347999,1784566358073.0,1784566358848.4846,852.635,10074.0,775.485,,11702.12
e-347,1784566347196.3665,1784566347999,1784566358073.0,1784566358848.485,802.634,10074.0,775.485,,11652.119
e-348,1784566347246.3752,1784566347999,1784566358073.0,1784566358848.4856,752.625,10074.0,775.486,,11602.11
e-349,1784566347296.3713,1784566347999,1784566358073.0,1784566358848.4858,702.629,10074.0,775.486,,11552.115
e-350,1784566347346.364,1784566347999,1784566358073.0,1784566358848.4863,652.636,10074.0,775.486,,11502.122
e-351,1784566347396.3677,1784566347999,1784566358074.0,1784566358848.4866,602.632,10075.0,774.487,,11452.119
e-352,1784566347446.3604,1784566347999,1784566358074.0,1784566358848.5085,552.64,10075.0,774.509,,11402.148
e-353,1784566347496.3694,1784566347999,1784566358074.0,1784566358848.5103,502.631,10075.0,774.51,,11352.141
e-354,1784566347546.3728,1784566347999,1784566358074.0,1784566358848.5186,452.627,10075.0,774.519,,11302.146
e-355,1784566347596.3667,1784566347999,1784566358074.0,1784566358848.5188,402.633,10075.0,774.519,,11252.152
e-356,1784566347646.3706,1784566347999,1784566358074.0,1784566358848.6738,352.629,10075.0,774.674,,11202.303
e-357,1784566347696.3718,1784566347999,1784566358075.0,1784566358848.6746,302.628,10076.0,773.675,,11152.303
e-358,1784566347746.3628,1784566347999,1784566358075.0,1784566358848.675,252.637,10076.0,773.675,,11102.312
e-359,1784566347796.3662,1784566347999,1784566358075.0,1784566358848.6753,202.634,10076.0,773.675,,11052.309
e-360,1784566347846.3704,1784566347999,1784566358075.0,1784566358848.6758,152.63,10076.0,773.676,,11002.305
e-361,1784566347896.3672,1784566347999,1784566358075.0,1784566358848.676,102.633,10076.0,773.676,,10952.309
e-362,1784566347946.3628,1784566347999,1784566358075.0,1784566358848.6765,52.637,10076.0,773.677,,10902.314
e-363,1784566347996.363,1784566347999,1784566358075.0,1784566358848.6768,2.637,10076.0,773.677,,10852.314
e-364,1784566348046.3787,1784566349050,1784566358076.0,1784566358848.6772,1003.621,9026.0,772.677,,10802.299
e-365,1784566348096.3684,1784566349050,1784566358076.0,1784566358848.6775,953.632,9026.0,772.677,,10752.309
e-366,1784566348146.3674,1784566349050,1784566358076.0,1784566358848.6777,903.633,9026.0,772.678,,10702.31
e-367,1784566348196.362,1784566349050,1784566358076.0,1784566358848.6782,853.638,9026.0,772.678,,10652.316
e-368,1784566348247.8252,1784566349050,1784566358076.0,1784566358848.6785,802.175,9026.0,772.678,,10600.853
e-369,1784566348296.3833,1784566349050,1784566358077.0,1784566358848.6787,753.617,9027.0,771.679,,10552.295
e-370,1784566348346.3782,1784566349050,1784566358077.0,1784566358848.679,703.622,9027.0,771.679,,10502.301
e-371,1784566348396.3745,1784566349050,1784566358077.0,1784566358848.6794,653.625,9027.0,771.679,,10452.305
e-372,1784566348446.3638,1784566349050,1784566358077.0,1784566358848.68,603.636,9027.0,771.68,,10402.316
e-373,1784566348496.3674,1784566349050,1784566358077.0,1784566358848.6802,553.633,9027.0,771.68,,10352.313
e-374,1784566348546.3638,1784566349050,1784566358077.0,1784566358848.681,503.636,9027.0,771.681,,10302.317
e-375,1784566348596.365,1784566349050,1784566358078.0,1784566358848.6848,453.635,9028.0,770.685,,10252.32
e-376,1784566348646.359,1784566349050,1784566358078.0,1784566358848.685,403.641,9028.0,770.685,,10202.326
e-377,1784566348696.3608,1784566349050,1784566358078.0,1784566358848.687,353.639,9028.0,770.687,,10152.326
e-378,1784566348746.364,1784566349050,1784566358078.0,1784566358848.6873,303.636,9028.0,770.687,,10102.323
e-379,1784566348796.3662,1784566349050,1784566358078.0,1784566358848.6875,253.634,9028.0,770.688,,10052.321
e-380,1784566348846.376,1784566349050,1784566358079.0,1784566358848.6877,203.624,9029.0,769.688,,10002.312
e-381,1784566348896.3696,1784566349050,1784566358079.0,1784566358848.688,153.63,9029.0,769.688,,9952.318
e-382,1784566348946.363,1784566349050,1784566358079.0,1784566358848.6882,103.637,9029.0,769.688,,9902.325
e-383,1784566348996.3655,1784566349050,1784566358079.0,1784566358848.6885,53.635,9029.0,769.688,,9852.323
e-384,1784566349046.3643,1784566349050,1784566358079.0,1784566358848.6887,3.636,9029.0,769.689,,9802.324
e-385,1784566349096.3643,1784566350097,1784566358080.0,1784566358848.689,1000.636,7983.0,768.689,,9752.325
e-386,1784566349146.372,1784566350097,1784566358080.0,1784566358848.6892,950.628,7983.0,768.689,,9702.317
e-387,1784566349196.3633,1784566350097,1784566358080.0,1784566358848.693,900.637,7983.0,768.693,,9652.33
e-388,1784566349246.3726,1784566350097,1784566358080.0,1784566358848.6934,850.627,7983.0,768.693,,9602.321
e-389,1784566349296.3623,1784566350097,1784566358080.0,1784566358848.6934,800.638,7983.0,768.693,,9552.331
e-390,1784566349346.7263,1784566350097,1784566358081.0,1784566358848.751,750.274,7984.0,767.751,,9502.025
e-391,1784566349396.3647,1784566350097,1784566358081.0,1784566358848.7517,700.635,7984.0,767.752,,9452.387
e-392,1784566349446.3665,1784566350097,1784566358081.0,1784566358848.752,650.634,7984.0,767.752,,9402.385
e-393,1784566349496.3625,1784566350097,1784566358081.0,1784566358848.7522,600.637,7984.0,767.752,,9352.39
e-394,1784566349546.3638,1784566350097,1784566358081.0,1784566358848.7524,550.636,7984.0,767.752,,9302.389
e-395,1784566349596.3591,1784566350097,1784566358081.0,1784566358848.7527,500.641,7984.0,767.753,,9252.394
e-396,1784566349646.3616,1784566350097,1784566358082.0,1784566358848.753,450.638,7985.0,766.753,,9202.391
e-397,1784566349696.3652,1784566350097,1784566358082.0,1784566358848.7588,400.635,7985.0,766.759,,9152.394
e-398,1784566349746.367,1784566350097,1784566358082.0,1784566358848.8071,350.633,7985.0,766.807,,9102.44
e-399,1784566349796.3682,1784566350097,1784566358082.0,1784566358848.8076,300.632,7985.0,766.808,,9052.439
e-400,1784566349846.3772,1784566350097,1784566358082.0,1784566358848.808,250.623,7985.0,766.808,,9002.431
e-401,1784566349896.3616,1784566350097,1784566358083.0,1784566358848.8088,200.638,7986.0,765.809,,8952.447
e-402,1784566349946.3733,1784566350097,1784566358083.0,1784566358848.809,150.627,7986.0,765.809,,8902.436
e-403,1784566349996.3665,1784566350097,1784566358083.0,1784566358848.8096,100.634,7986.0,765.81,,8852.443
e-404,1784566350046.3691,1784566350097,1784566358083.0,1784566358848.8098,50.631,7986.0,765.81,,8802.441
e-405,1784566350096.3625,1784566350097,1784566358083.0,1784566358848.951,0.637,7986.0,765.951,,8752.588
e-406,1784566350146.365,1784566351149,1784566358084.0,1784566358848.9548,1002.635,6935.0,764.955,,8702.59
e-407,1784566350196.3633,1784566351149,1784566358084.0,1784566358848.9558,952.637,6935.0,764.956,,8652.593
e-408,1784566350246.3682,1784566351149,1784566358084.0,1784566358848.971,902.632,6935.0,764.971,,8602.603
e-409,1784566350296.3625,1784566351149,1784566358084.0,1784566358848.9966,852.637,6935.0,764.997,,8552.634
e-410,1784566350346.367,1784566351149,1784566358084.0,1784566358848.9976,802.633,6935.0,764.998,,8502.631
e-411,1784566350396.3613,1784566351149,1784566358084.0,1784566358849.0076,752.639,6935.0,765.008,,8452.646
e-412,1784566350446.3708,1784566351149,1784566358084.0,1784566358849.0085,702.629,6935.0,765.009,,8402.638
e-413,1784566350496.3643,1784566351149,1784566358085.0,1784566358849.0095,652.636,6936.0,764.01,,8352.645
e-414,1784566350546.3713,1784566351149,1784566358085.0,1784566358849.01,602.629,6936.0,764.01,,8302.639
e-415,1784566350596.3638,1784566351149,1784566358085.0,1784566358849.0112,552.636,6936.0,764.011,,8252.647
e-416,1784566350646.362,1784566351149,1784566358108.0,1784566358849.012,502.638,6959.0,741.012,,8202.65
e-417,1784566350696.359,1784566351149,1784566358108.0,1784566358849.0127,452.641,6959.0,741.013,,8152.654
e-418,1784566350746.3613,1784566351149,1784566358108.0,1784566358849.0188,402.639,6959.0,741.019,,8102.657
e-419,1784566350796.3635,1784566351149,1784566358108.0,1784566358849.02,352.636,6959.0,741.02,,8052.656
e-420,1784566350846.3667,1784566351149,1784566358108.0,1784566358849.0208,302.633,6959.0,741.021,,8002.654
e-421,1784566350896.3633,1784566351149,1784566358109.0,1784566358849.0215,252.637,6960.0,740.021,,7952.658
e-422,1784566350946.3655,1784566351149,1784566358109.0,1784566358849.0222,202.635,6960.0,740.022,,7902.657
e-423,1784566350996.363,1784566351149,1784566358109.0,1784566358849.1157,152.637,6960.0,740.116,,7852.753
e-424,1784566351046.4011,1784566351149,1784566358109.0,1784566358849.126,102.599,6960.0,740.126,,7802.725
e-425,1784566351096.3638,1784566351149,1784566358109.0,1784566358849.1272,52.636,6960.0,740.127,,7752.763
e-426,1784566351146.3674,1784566351149,1784566358109.0,1784566358849.1282,2.633,6960.0,740.128,,7702.761
e-427,1784566351196.3623,1784566352199,1784566358110.0,1784566358849.129,1002.638,5911.0,739.129,,7652.767
e-428,1784566351246.363,1784566352199,1784566358110.0,1784566358849.1296,952.637,5911.0,739.13,,7602.767
e-429,1784566351296.3633,1784566352199,1784566358110.0,1784566358849.1306,902.637,5911.0,739.131,,7552.767
e-430,1784566351346.3645,1784566352199,1784566358110.0,1784566358849.1313,852.635,5911.0,739.131,,7502.767
e-431,1784566351396.3633,1784566352199,1784566358110.0,1784566358849.132,802.637,5911.0,739.132,,7452.769
e-432,1784566351446.3682,1784566352199,1784566358110.0,1784566358849.147,752.632,5911.0,739.147,,7402.779
e-433,1784566351496.3718,1784566352199,1784566358110.0,1784566358849.1482,702.628,5911.0,739.148,,7352.776
e-434,1784566351546.3647,1784566352199,1784566358110.0,1784566358849.149,652.635,5911.0,739.149,,7302.784
e-435,1784566351596.364,1784566352199,1784566358111.0,1784566358849.1497,602.636,5912.0,738.15,,7252.786
e-436,1784566351646.363,1784566352199,1784566358111.0,1784566358849.1504,552.637,5912.0,738.15,,7202.787
e-437,1784566351696.3552,1784566352199,1784566358111.0,1784566358849.1514,502.645,5912.0,738.151,,7152.796
e-438,1784566351746.3625,1784566352199,1784566358111.0,1784566358849.152,452.637,5912.0,738.152,,7102.79
e-439,1784566351796.3618,1784566352199,1784566358111.0,1784566358849.1719,402.638,5912.0,738.172,,7052.81
e-440,1784566351846.3635,1784566352199,1784566358111.0,1784566358849.1726,352.636,5912.0,738.173,,7002.809
e-441,1784566351896.3633,1784566352199,1784566358111.0,1784566358849.1736,302.637,5912.0,738.174,,6952.81
e-442,1784566351946.3628,1784566352199,1784566358112.0,1784566358849.1743,252.637,5913.0,737.174,,6902.812
e-443,1784566351996.3618,1784566352199,1784566358112.0,1784566358849.1753,202.638,5913.0,737.175,,6852.813
e-444,1784566352046.3618,1784566352199,1784566358112.0,1784566358849.176,152.638,5913.0,737.176,,6802.814
e-445,1784566352096.3674,1784566352199,1784566358112.0,1784566358849.1768,102.633,5913.0,737.177,,6752.809
e-446,1784566352146.3716,1784566352199,1784566358112.0,1784566358849.1775,52.628,5913.0,737.177,,6702.806
e-447,1784566352196.3682,1784566352199,1784566358112.0,1784566358849.2512,2.632,5913.0,737.251,,6652.883
e-448,1784566352246.363,1784566353249,1784566358112.0,1784566358849.253,1002.637,4863.0,737.253,,6602.89
e-449,1784566352296.3716,1784566353249,1784566358113.0,1784566358849.254,952.628,4864.0,736.254,,6552.882
e-450,1784566352346.367,1784566353249,1784566358113.0,1784566358849.2546,902.633,4864.0,736.255,,6502.888
e-451,1784566352396.3743,1784566353249,1784566358113.0,1784566358849.2554,852.626,4864.0,736.255,,6452.881
e-452,1784566352446.3699,1784566353249,1784566358113.0,1784566358849.256,802.63,4864.0,736.256,,6402.886
e-453,1784566352496.3704,1784566353249,1784566358113.0,1784566358849.2566,752.63,4864.0,736.257,,6352.886
e-454,1784566352546.3674,1784566353249,1784566358113.0,1784566358849.2627,702.633,4864.0,736.263,,6302.895
e-455,1784566352596.3638,1784566353249,1784566358113.0,1784566358849.4011,652.636,4864.0,736.401,,6253.037
e-456,1784566352646.3704,1784566353249,1784566358113.0,1784566358849.4026,602.63,4864.0,736.403,,6203.032
e-457,1784566352696.3655,1784566353249,1784566358114.0,1784566358849.405,552.635,4865.0,735.405,,6153.04
e-458,1784566352747.5303,1784566353249,1784566358114.0,1784566358849.4058,501.47,4865.0,735.406,,6101.875
e-459,1784566352796.3694,1784566353249,1784566358114.0,1784566358849.4062,452.631,4865.0,735.406,,6053.037
e-460,1784566352846.3694,1784566353249,1784566358114.0,1784566358849.4177,402.631,4865.0,735.418,,6003.048
e-461,1784566352896.3677,1784566353249,1784566358114.0,1784566358849.4187,352.632,4865.0,735.419,,5953.051
e-462,1784566352946.368,1784566353249,1784566358114.0,1784566358849.4192,302.632,4865.0,735.419,,5903.051
e-463,1784566352996.3652,1784566353249,1784566358114.0,1784566358849.4255,252.635,4865.0,735.426,,5853.06
e-464,1784566353046.371,1784566353249,1784566358115.0,1784566358849.4263,202.629,4866.0,734.426,,5803.055
e-465,1784566353096.3767,1784566353249,1784566358115.0,1784566358849.427,152.623,4866.0,734.427,,5753.05
e-466,1784566353146.3699,1784566353249,1784566358115.0,1784566358849.4277,102.63,4866.0,734.428,,5703.058
e-467,1784566353196.3713,1784566353249,1784566358115.0,1784566358849.4287,52.629,4866.0,734.429,,5653.057
e-468,1784566353246.3655,1784566353249,1784566358115.0,1784566358849.4292,2.635,4866.0,734.429,,5603.064
e-469,1784566353296.367,1784566354299,1784566358115.0,1784566358849.5076,1002.633,3816.0,734.508,,5553.141
e-470,1784566353346.358,1784566354299,1784566358115.0,1784566358849.5088,952.642,3816.0,734.509,,5503.151
e-471,1784566353396.3582,1784566354299,1784566358116.0,1784566358849.5095,902.642,3817.0,733.51,,5453.151
e-472,1784566353446.3643,1784566354299,1784566358116.0,1784566358849.517,852.636,3817.0,733.517,,5403.153
e-473,1784566353496.3594,1784566354299,1784566358116.0,1784566358849.518,802.641,3817.0,733.518,,5353.159
e-474,1784566353546.358,1784566354299,1784566358116.0,1784566358849.5186,752.642,3817.0,733.519,,5303.161
e-475,1784566353596.366,1784566354299,1784566358116.0,1784566358849.5193,702.634,3817.0,733.519,,5253.153
e-476,1784566353646.3738,1784566354299,1784566358116.0,1784566358849.6118,652.626,3817.0,733.612,,5203.238
e-477,1784566353696.3586,1784566354299,1784566358116.0,1784566358849.613,602.641,3817.0,733.613,,5153.254
e-478,1784566353746.3572,1784566354299,1784566358117.0,1784566358849.6135,552.643,3818.0,732.614,,5103.256
e-479,1784566353796.3582,1784566354299,1784566358117.0,1784566358849.6143,502.642,3818.0,732.614,,5053.256
e-480,1784566353846.3567,1784566354299,1784566358117.0,1784566358849.615,452.643,3818.0,732.615,,5003.258
e-481,1784566353896.374,1784566354299,1784566358117.0,1784566358849.6157,402.626,3818.0,732.616,,4953.242
e-482,1784566353946.3677,1784566354299,1784566358117.0,1784566358849.6238,352.632,3818.0,732.624,,4903.256
e-483,1784566353997.3147,1784566354299,1784566358117.0,1784566358849.6245,301.685,3818.0,732.625,,4852.31
e-484,1784566354046.359,1784566354299,1784566358117.0,1784566358849.6252,252.641,3818.0,732.625,,4803.266
e-485,1784566354096.3713,1784566354299,1784566358117.0,1784566358849.626,202.629,3818.0,732.626,,4753.255
e-486,1784566354146.385,1784566354299,1784566358117.0,1784566358849.6353,152.615,3818.0,732.635,,4703.25
e-487,1784566354196.431,1784566354299,1784566358117.0,1784566358849.636,102.569,3818.0,732.636,,4653.205
e-488,1784566354246.3625,1784566354299,1784566358118.0,1784566358849.7788,52.637,3819.0,731.779,,4603.416
e-489,1784566354296.3635,1784566354299,1784566358118.0,1784566358849.7803,2.636,3819.0,731.78,,4553.417
e-490,1784566354346.3628,1784566355348,1784566358118.0,1784566358849.7808,1001.637,2770.0,731.781,,4503.418
e-491,1784566354396.3704,1784566355348,1784566358118.0,1784566358849.7812,951.63,2770.0,731.781,,4453.411
e-492,1784566354446.3643,1784566355348,1784566358118.0,1784566358849.782,901.636,2770.0,731.782,,4403.418
e-493,1784566354496.359,1784566355348,1784566358118.0,1784566358849.7825,851.641,2770.0,731.782,,4353.424
e-494,1784566354546.3694,1784566355348,1784566358118.0,1784566358849.783,801.631,2770.0,731.783,,4303.414
e-495,1784566354596.3645,1784566355348,1784566358118.0,1784566358849.7834,751.635,2770.0,731.783,,4253.419
e-496,1784566354646.365,1784566355348,1784566358118.0,1784566358849.784,701.635,2770.0,731.784,,4203.419
e-497,1784566354696.3647,1784566355348,1784566358118.0,1784566358849.7844,651.635,2770.0,731.784,,4153.42
e-498,1784566354746.3635,1784566355348,1784566358119.0,1784566358849.785,601.636,2771.0,730.785,,4103.421
e-499,1784566354796.3572,1784566355348,1784566358119.0,1784566358849.7854,551.643,2771.0,730.785,,4053.428
e-500,1784566354846.3616,1784566355348,1784566358119.0,1784566358849.7861,501.638,2771.0,730.786,,4003.425
e-501,1784566354896.365,1784566355348,1784566358119.0,1784566358849.7866,451.635,2771.0,730.787,,3953.422
e-502,1784566354946.3645,1784566355348,1784566358119.0,1784566358849.787,401.635,2771.0,730.787,,3903.423
e-503,1784566354996.3618,1784566355348,1784566358119.0,1784566358849.7993,351.638,2771.0,730.799,,3853.438
e-504,1784566355046.366,1784566355348,1784566358119.0,1784566358849.8003,301.634,2771.0,730.8,,3803.434
e-505,1784566355096.3665,1784566355348,1784566358120.0,1784566358849.801,251.634,2772.0,729.801,,3753.435
e-506,1784566355146.3662,1784566355348,1784566358120.0,1784566358849.802,201.634,2772.0,729.802,,3703.436
e-507,1784566355196.3652,1784566355348,1784566358120.0,1784566358849.8904,151.635,2772.0,729.89,,3653.525
e-508,1784566355246.3652,1784566355348,1784566358120.0,1784566358849.8918,101.635,2772.0,729.892,,3603.527
e-509,1784566355296.3662,1784566355348,1784566358120.0,1784566358849.8923,51.634,2772.0,729.892,,3553.526
e-510,1784566355346.368,1784566355348,1784566358120.0,1784566358849.8928,1.632,2772.0,729.893,,3503.525
e-511,1784566355396.366,1784566356397,1784566358120.0,1784566358850.16,1000.634,1723.0,730.16,,3453.794
e-512,1784566355446.3667,1784566356397,1784566358120.0,1784566358850.1619,950.633,1723.0,730.162,,3403.795
e-513,1784566355496.364,1784566356397,1784566358120.0,1784566358850.1628,900.636,1723.0,730.163,,3353.799
e-514,1784566355546.3694,1784566356397,1784566358120.0,1784566358850.1638,850.631,1723.0,730.164,,3303.794
e-515,1784566355596.3655,1784566356397,1784566358120.0,1784566358850.1646,800.635,1723.0,730.165,,3253.799
e-516,1784566355646.3643,1784566356397,1784566358120.0,1784566358850.1653,750.636,1723.0,730.165,,3203.801
e-517,1784566355696.367,1784566356397,1784566358121.0,1784566358850.166,700.633,1724.0,729.166,,3153.799
e-518,1784566355746.3674,1784566356397,1784566358121.0,1784566358850.1667,650.633,1724.0,729.167,,3103.799
e-519,1784566355796.3696,1784566356397,1784566358121.0,1784566358850.1675,600.63,1724.0,729.167,,3053.798
e-520,1784566355846.3655,1784566356397,1784566358121.0,1784566358850.1682,550.635,1724.0,729.168,,3003.803
e-521,1784566355896.3572,1784566356397,1784566358121.0,1784566358850.1704,500.643,1724.0,729.17,,2953.813
e-522,1784566355946.3591,1784566356397,1784566358121.0,1784566358850.1714,450.641,1724.0,729.171,,2903.812
e-523,1784566355996.3616,1784566356397,1784566358121.0,1784566358850.172,400.638,1724.0,729.172,,2853.811
e-524,1784566356046.364,1784566356397,1784566358121.0,1784566358850.1833,350.636,1724.0,729.183,,2803.819
e-525,1784566356096.3735,1784566356397,1784566358121.0,1784566358850.1843,300.626,1724.0,729.184,,2753.811
e-526,1784566356146.362,1784566356397,1784566358121.0,1784566358850.185,250.638,1724.0,729.185,,2703.823
e-527,1784566356196.3635,1784566356397,1784566358122.0,1784566358850.1858,200.636,1725.0,728.186,,2653.822
e-528,1784566356246.367,1784566356397,1784566358122.0,1784566358850.1865,150.633,1725.0,728.187,,2603.82
e-529,1784566356296.3623,1784566356397,1784566358122.0,1784566358850.1873,100.638,1725.0,728.187,,2553.825
e-530,1784566356346.3647,1784566356397,1784566358122.0,1784566358850.188,50.635,1725.0,728.188,,2503.823
e-531,1784566356396.3638,1784566356397,1784566358122.0,1784566358850.1887,0.636,1725.0,728.189,,2453.825
e-532,1784566356446.3713,1784566357448,1784566358122.0,1784566358850.655,1001.629,674.0,728.655,,2404.284
e-533,1784566356496.3667,1784566357448,1784566358122.0,1784566358850.6567,951.633,674.0,728.657,,2354.29
e-534,1784566356546.3586,1784566357448,1784566358122.0,1784566358850.6575,901.641,674.0,728.657,,2304.299
e-535,1784566356596.3706,1784566357448,1784566358122.0,1784566358850.658,851.629,674.0,728.658,,2254.287
e-536,1784566356646.378,1784566357448,1784566358122.0,1784566358850.6619,801.622,674.0,728.662,,2204.284
e-537,1784566356696.362,1784566357448,1784566358123.0,1784566358850.662,751.638,675.0,727.662,,2154.3
e-538,1784566356746.371,1784566357448,1784566358123.0,1784566358850.6626,701.629,675.0,727.663,,2104.292
e-539,1784566356796.3662,1784566357448,1784566358123.0,1784566358850.6628,651.634,675.0,727.663,,2054.297
e-540,1784566356846.367,1784566357448,1784566358123.0,1784566358850.663,601.633,675.0,727.663,,2004.296
e-541,1784566356896.3643,1784566357448,1784566358123.0,1784566358850.6638,551.636,675.0,727.664,,1954.3
e-542,1784566356946.8586,1784566357448,1784566358123.0,1784566358850.664,501.141,675.0,727.664,,1903.805
e-543,1784566356996.3647,1784566357448,1784566358123.0,1784566358850.6646,451.635,675.0,727.665,,1854.3
e-544,1784566357046.3752,1784566357448,1784566358123.0,1784566358850.6648,401.625,675.0,727.665,,1804.29
e-545,1784566357096.3652,1784566357448,1784566358123.0,1784566358850.6672,351.635,675.0,727.667,,1754.302
e-546,1784566357146.3616,1784566357448,1784566358123.0,1784566358850.6677,301.638,675.0,727.668,,1704.306
e-547,1784566357196.364,1784566357448,1784566358123.0,1784566358850.6702,251.636,675.0,727.67,,1654.306
e-548,1784566357246.3628,1784566357448,1784566358123.0,1784566358850.6707,201.637,675.0,727.671,,1604.308
e-549,1784566357296.3723,1784566357448,1784566358124.0,1784566358850.6711,151.628,676.0,726.671,,1554.299
e-550,1784566357346.3616,1784566357448,1784566358124.0,1784566358850.6714,101.638,676.0,726.671,,1504.31
e-551,1784566357396.3748,1784566357448,1784566358124.0,1784566358850.6719,51.625,676.0,726.672,,1454.297
e-552,1784566357446.335,1784566357448,1784566358124.0,1784566358850.672,1.665,676.0,726.672,,1404.337
e-553,1784566357496.3728,1784566358498,1784566358503.0,1784566358850.6726,1001.627,5.0,347.673,,1354.3
e-554,1784566357546.367,1784566358498,1784566358503.0,1784566358850.6729,951.633,5.0,347.673,,1304.306
e-555,1784566357596.3645,1784566358498,1784566358503.0,1784566358850.6733,901.635,5.0,347.673,,1254.309
e-556,1784566357646.367,1784566358498,1784566358503.0,1784566358850.6736,851.633,5.0,347.674,,1204.307
e-557,1784566357696.3674,1784566358498,1784566358503.0,1784566358850.674,801.633,5.0,347.674,,1154.307
e-558,1784566357746.37,1784566358498,1784566358503.0,1784566358850.6746,751.63,5.0,347.675,,1104.304
e-559,1784566357796.367,1784566358498,1784566358503.0,1784566358850.6748,701.633,5.0,347.675,,1054.308
e-560,1784566357846.3684,1784566358498,1784566358504.0,1784566358850.675,651.632,6.0,346.675,,1004.307
e-561,1784566357896.371,1784566358498,1784566358504.0,1784566358850.6755,601.629,6.0,346.676,,954.304
e-562,1784566357946.3633,1784566358498,1784566358504.0,1784566358850.6758,551.637,6.0,346.676,,904.312
e-563,1784566357996.365,1784566358498,1784566358504.0,1784566358850.6763,501.635,6.0,346.676,,854.311
e-564,1784566358046.376,1784566358498,1784566358504.0,1784566358850.6765,451.624,6.0,346.677,,804.301
e-565,1784566358096.373,1784566358498,1784566358504.0,1784566358850.677,401.627,6.0,346.677,,754.304
e-566,1784566358146.3699,1784566358498,1784566358504.0,1784566358850.6775,351.63,6.0,346.677,,704.308
e-567,1784566358196.383,1784566358498,1784566358504.0,1784566358850.6804,301.617,6.0,346.68,,654.297
e-568,1784566358246.3772,1784566358498,1784566358505.0,1784566358850.681,251.623,7.0,345.681,,604.304
e-569,1784566358296.3706,1784566358498,1784566358505.0,1784566358850.6814,201.629,7.0,345.681,,554.311
e-570,1784566358346.3665,1784566358498,1784566358505.0,1784566358850.6816,151.634,7.0,345.682,,504.315
e-571,1784566358396.3699,1784566358498,1784566358505.0,1784566358850.682,101.63,7.0,345.682,,454.312
e-572,1784566358446.3623,1784566358498,1784566358505.0,1784566358850.6824,51.638,7.0,345.682,,404.32
e-573,1784566358496.3706,1784566358498,1784566358505.0,1784566358850.6826,1.629,7.0,345.683,,354.312
e-574,1784566358546.3713,1784566359548,1784566359553.0,1784566359796.4138,1001.629,5.0,243.414,,1250.042
e-575,1784566358596.3677,1784566359548,1784566359555.0,1784566359796.4175,951.632,7.0,241.417,,1200.05
e-576,1784566358646.3657,1784566359548,1784566359555.0,1784566359796.4182,901.634,7.0,241.418,,1150.052
e-577,1784566358696.3618,1784566359548,1784566359555.0,1784566359796.419,851.638,7.0,241.419,,1100.057
e-578,1784566358746.3726,1784566359548,1784566359555.0,1784566359796.4197,801.627,7.0,241.42,,1050.047
e-579,1784566358796.3682,1784566359548,1784566359555.0,1784566359796.4202,751.632,7.0,241.42,,1000.052
e-580,1784566358846.3757,1784566359548,1784566359556.0,1784566359796.4211,701.624,8.0,240.421,,950.045
e-581,1784566358896.3718,1784566359548,1784566359556.0,1784566359796.4219,651.628,8.0,240.422,,900.05
e-582,1784566358946.366,1784566359548,1784566359556.0,1784566359796.4224,601.634,8.0,240.422,,850.056
e-583,1784566358996.3713,1784566359548,1784566359556.0,1784566359796.4229,551.629,8.0,240.423,,800.052
e-584,1784566359046.3618,1784566359548,1784566359556.0,1784566359796.4236,501.638,8.0,240.424,,750.062
e-585,1784566359096.3691,1784566359548,1784566359556.0,1784566359796.4243,451.631,8.0,240.424,,700.055
e-586,1784566359146.3628,1784566359548,1784566359556.0,1784566359796.4248,401.637,8.0,240.425,,650.062
e-587,1784566359196.3699,1784566359548,1784566359556.0,1784566359796.4255,351.63,8.0,240.426,,600.056
e-588,1784566359246.3704,1784566359548,1784566359556.0,1784566359796.4392,301.63,8.0,240.439,,550.069
e-589,1784566359296.3726,1784566359548,1784566359556.0,1784566359796.4402,251.627,8.0,240.44,,500.068
e-590,1784566359346.3762,1784566359548,1784566359556.0,1784566359796.4407,201.624,8.0,240.441,,450.064
e-591,1784566359396.3662,1784566359548,1784566359556.0,1784566359796.4412,151.634,8.0,240.441,,400.075
e-592,1784566359446.3704,1784566359548,1784566359556.0,1784566359796.442,101.63,8.0,240.442,,350.072
e-593,1784566359496.3662,1784566359548,1784566359556.0,1784566359796.4644,51.634,8.0,240.464,,300.098
e-594,1784566359546.3726,1784566359548,1784566359556.0,1784566359796.465,1.627,8.0,240.465,,250.093
e-595,1784566359596.3726,1784566360597,1784566360603.0,1784566360794.0007,1000.627,6.0,191.001,,1197.628
e-596,1784566359646.367,1784566360597,1784566360603.0,1784566360794.0034,950.633,6.0,191.003,,1147.636
e-597,1784566359696.3643,1784566360597,1784566360603.0,1784566360794.0037,900.636,6.0,191.004,,1097.639
e-598,1784566359746.3677,1784566360597,1784566360603.0,1784566360794.004,850.632,6.0,191.004,,1047.636
e-599,1784566359796.4922,1784566360597,1784566360604.0,1784566360794.0042,800.508,7.0,190.004,,997.512
e-600,1784566359846.3826,1784566360597,1784566360604.0,1784566360794.0044,750.617,7.0,190.004,,947.622
e-601,1784566359896.38,1784566360597,1784566360604.0,1784566360794.0046,700.62,7.0,190.005,,897.625
e-602,1784566359946.363,1784566360597,1784566360604.0,1784566360794.0051,650.637,7.0,190.005,,847.642
e-603,1784566359996.3809,1784566360597,1784566360604.0,1784566360794.0054,600.619,7.0,190.005,,797.625
e-604,1784566360046.3652,1784566360597,1784566360604.0,1784566360794.0056,550.635,7.0,190.006,,747.64
e-605,1784566360096.3645,1784566360597,1784566360604.0,1784566360794.0144,500.635,7.0,190.014,,697.65
e-606,1784566360146.3708,1784566360597,1784566360604.0,1784566360794.0146,450.629,7.0,190.015,,647.644
e-607,1784566360196.3662,1784566360597,1784566360604.0,1784566360794.015,400.634,7.0,190.015,,597.649
e-608,1784566360246.3818,1784566360597,1784566360605.0,1784566360794.0151,350.618,8.0,189.015,,547.633
e-609,1784566360296.369,1784566360597,1784566360605.0,1784566360794.0168,300.631,8.0,189.017,,497.648
e-610,1784566360346.3672,1784566360597,1784566360605.0,1784566360794.017,250.633,8.0,189.017,,447.65
e-611,1784566360396.372,1784566360597,1784566360605.0,1784566360794.0173,200.628,8.0,189.017,,397.645
e-612,1784566360446.3828,1784566360597,1784566360605.0,1784566360794.0176,150.617,8.0,189.018,,347.635
e-613,1784566360496.368,1784566360597,1784566360605.0,1784566360794.0178,100.632,8.0,189.018,,297.65
e-614,1784566360546.3677,1784566360597,1784566360605.0,1784566360794.018,50.632,8.0,189.018,,247.65
e-615,1784566360596.3643,1784566360597,1784566360605.0,1784566360794.0298,0.636,8.0,189.03,,197.666
e-616,1784566360646.3684,1784566361649,1784566361747.0,1784566362786.8403,1002.632,98.0,1039.84,,2140.472
e-617,1784566360696.3674,1784566361649,1784566361747.0,1784566362786.8428,952.633,98.0,1039.843,,2090.475
e-618,1784566360746.3762,1784566361649,1784566361747.0,1784566362786.8435,902.624,98.0,1039.844,,2040.467
e-619,1784566360796.36,1784566361649,1784566361747.0,1784566362786.844,852.64,98.0,1039.844,,1990.484
e-620,1784566360846.3625,1784566361649,1784566361747.0,1784566362786.8447,802.637,98.0,1039.845,,1940.482
e-621,1784566360896.3718,1784566361649,1784566361747.0,1784566362786.8452,752.628,98.0,1039.845,,1890.473
e-622,1784566360946.3787,1784566361649,1784566361747.0,1784566362786.8457,702.621,98.0,1039.846,,1840.467
e-623,1784566360996.3677,1784566361649,1784566361747.0,1784566362786.8462,652.632,98.0,1039.846,,1790.479
e-624,1784566361046.3733,1784566361649,1784566361747.0,1784566362786.8464,602.627,98.0,1039.846,,1740.473
e-625,1784566361096.3613,1784566361649,1784566361747.0,1784566362786.847,552.639,98.0,1039.847,,1690.486
e-626,1784566361146.3665,1784566361649,1784566361747.0,1784566362786.8474,502.634,98.0,1039.847,,1640.481
e-627,1784566361196.3633,1784566361649,1784566361747.0,1784566362786.848,452.637,98.0,1039.848,,1590.485
e-628,1784566361246.3704,1784566361649,1784566361748.0,1784566362786.8484,402.63,99.0,1038.848,,1540.478
e-629,1784566361296.3677,1784566361649,1784566361748.0,1784566362786.8489,352.632,99.0,1038.849,,1490.481
e-630,1784566361346.3677,1784566361649,1784566361748.0,1784566362786.86,302.632,99.0,1038.86,,1440.492
e-631,1784566361396.368,1784566361649,1784566361748.0,1784566362786.8606,252.632,99.0,1038.861,,1390.493
e-632,1784566361446.3687,1784566361649,1784566361748.0,1784566362786.861,202.631,99.0,1038.861,,1340.492
e-633,1784566361496.3635,1784566361649,1784566361748.0,1784566362786.8613,152.636,99.0,1038.861,,1290.498
e-634,1784566361546.3599,1784566361649,1784566361748.0,1784566362786.8618,102.64,99.0,1038.862,,1240.502
e-635,1784566361596.3599,1784566361649,1784566361748.0,1784566362786.8623,52.64,99.0,1038.862,,1190.502
e-636,1784566361646.3699,1784566361649,1784566361748.0,1784566362786.8628,2.63,99.0,1038.863,,1140.493
e-637,1784566361696.3667,1784566362698,1784566362743.0,1784566363788.5464,1001.633,45.0,1045.546,,2092.18
e-638,1784566361746.3713,1784566362698,1784566362744.0,1784566363788.549,951.629,46.0,1044.549,,2042.178
e-639,1784566361796.3604,1784566362698,1784566362744.0,1784566363788.5498,901.64,46.0,1044.55,,1992.189
e-640,1784566361846.3616,1784566362698,1784566362744.0,1784566363788.5503,851.638,46.0,1044.55,,1942.189
e-641,1784566361896.3647,1784566362698,1784566362744.0,1784566363788.5505,801.635,46.0,1044.551,,1892.186
e-642,1784566361946.3645,1784566362698,1784566362744.0,1784566363788.551,751.635,46.0,1044.551,,1842.187
e-643,1784566361996.3655,1784566362698,1784566362744.0,1784566363788.5515,701.635,46.0,1044.552,,1792.186
e-644,1784566362046.3694,1784566362698,1784566362744.0,1784566363788.552,651.631,46.0,1044.552,,1742.183
e-645,1784566362096.3645,1784566362698,1784566362744.0,1784566363788.5527,601.635,46.0,1044.553,,1692.188
e-646,1784566362146.3657,1784566362698,1784566362744.0,1784566363788.5532,551.634,46.0,1044.553,,1642.188
e-647,1784566362196.3574,1784566362698,1784566362744.0,1784566363788.5535,501.643,46.0,1044.553,,1592.196
e-648,1784566362246.3652,1784566362698,1784566362744.0,1784566363788.554,451.635,46.0,1044.554,,1542.189
e-649,1784566362296.3645,1784566362698,1784566362744.0,1784566363788.5544,401.635,46.0,1044.554,,1492.19
e-650,1784566362346.3635,1784566362698,1784566362744.0,1784566363788.555,351.636,46.0,1044.555,,1442.191
e-651,1784566362396.3645,1784566362698,1784566362744.0,1784566363788.5554,301.635,46.0,1044.555,,1392.191
e-652,1784566362446.3652,1784566362698,1784566362745.0,1784566363788.5657,251.635,47.0,1043.566,,1342.2
e-653,1784566362496.362,1784566362698,1784566362745.0,1784566363788.949,201.638,47.0,1043.949,,1292.587
e-654,1784566362546.3652,1784566362698,1784566362745.0,1784566363788.95,151.635,47.0,1043.95,,1242.585
e-655,1784566362596.3645,1784566362698,1784566362745.0,1784566363788.9507,101.635,47.0,1043.951,,1192.586
e-656,1784566362646.3643,1784566362698,1784566362745.0,1784566363788.9512,51.636,47.0,1043.951,,1142.587
e-657,1784566362696.3643,1784566362698,1784566362745.0,1784566363788.9517,1.636,47.0,1043.952,,1092.587
e-658,1784566362746.3684,1784566363750,1784566363754.0,1784566364782.7964,1003.632,4.0,1028.796,,2036.428
e-659,1784566362796.373,1784566363750,1784566363754.0,1784566364782.8008,953.627,4.0,1028.801,,1986.428
e-660,1784566362846.3635,1784566363750,1784566363754.0,1784566364782.802,903.636,4.0,1028.802,,1936.438
e-661,1784566362896.3618,1784566363750,1784566363755.0,1784566364782.8027,853.638,5.0,1027.803,,1886.441
e-662,1784566362946.3623,1784566363750,1784566363755.0,1784566364782.8037,803.638,5.0,1027.804,,1836.441
e-663,1784566362996.3604,1784566363750,1784566363755.0,1784566364782.8047,753.64,5.0,1027.805,,1786.444
e-664,1784566363046.365,1784566363750,1784566363755.0,1784566364782.8054,703.635,5.0,1027.805,,1736.44
e-665,1784566363096.3618,1784566363750,1784566363755.0,1784566364782.8064,653.638,5.0,1027.806,,1686.445
e-666,1784566363146.3616,1784566363750,1784566363755.0,1784566364782.8071,603.638,5.0,1027.807,,1636.446
e-667,1784566363196.3564,1784566363750,1784566363755.0,1784566364782.8079,553.644,5.0,1027.808,,1586.451
e-668,1784566363246.3809,1784566363750,1784566363755.0,1784566364782.8086,503.619,5.0,1027.809,,1536.428
e-669,1784566363296.3713,1784566363750,1784566363755.0,1784566364782.8096,453.629,5.0,1027.81,,1486.438
e-670,1784566363346.385,1784566363750,1784566363755.0,1784566364782.8108,403.615,5.0,1027.811,,1436.426
e-671,1784566363396.3677,1784566363750,1784566363755.0,1784566364782.8115,353.632,5.0,1027.812,,1386.444
e-672,1784566363446.3616,1784566363750,1784566363755.0,1784566364782.8123,303.638,5.0,1027.812,,1336.451
e-673,1784566363496.3684,1784566363750,1784566363756.0,1784566364782.8306,253.632,6.0,1026.831,,1286.462
e-674,1784566363546.3845,1784566363750,1784566363756.0,1784566364782.8313,203.615,6.0,1026.831,,1236.447
e-675,1784566363596.3674,1784566363750,1784566363756.0,1784566364782.8323,153.633,6.0,1026.832,,1186.465
e-676,1784566363646.3684,1784566363750,1784566363756.0,1784566364782.8328,103.632,6.0,1026.833,,1136.464
e-677,1784566363696.3667,1784566363750,1784566363756.0,1784566364782.8335,53.633,6.0,1026.833,,1086.467
e-678,1784566363746.3728,1784566363750,1784566363756.0,1784566364782.8345,3.627,6.0,1026.834,,1036.462
e-679,1784566363796.3743,1784566364799,1784566364804.0,1784566365680.6487,1002.626,5.0,876.649,,1884.274
e-680,1784566363846.3687,1784566364799,1784566364804.0,1784566365680.652,952.631,5.0,876.652,,1834.283
e-681,1784566363896.3628,1784566364799,1784566364805.0,1784566365680.653,902.637,6.0,875.653,,1784.29
e-682,1784566363946.359,1784566364799,1784566364805.0,1784566365680.654,852.641,6.0,875.654,,1734.295
e-683,1784566363996.3652,1784566364799,1784566364805.0,1784566365680.655,802.635,6.0,875.655,,1684.29
e-684,1784566364046.3657,1784566364799,1784566364805.0,1784566365680.6558,752.634,6.0,875.656,,1634.29
e-685,1784566364096.366,1784566364799,1784566364805.0,1784566365680.6565,702.634,6.0,875.656,,1584.291
e-686,1784566364146.359,1784566364799,1784566364805.0,1784566365680.6572,652.641,6.0,875.657,,1534.298
e-687,1784566364196.3684,1784566364799,1784566364805.0,1784566365680.6584,602.632,6.0,875.658,,1484.29
e-688,1784566364246.3657,1784566364799,1784566364805.0,1784566365680.6592,552.634,6.0,875.659,,1434.293
e-689,1784566364296.3638,1784566364799,1784566364805.0,1784566365680.6597,502.636,6.0,875.66,,1384.296
e-690,1784566364346.365,1784566364799,1784566364806.0,1784566365680.6604,452.635,7.0,874.66,,1334.295
e-691,1784566364396.365,1784566364799,1784566364806.0,1784566365680.6611,402.635,7.0,874.661,,1284.296
e-692,1784566364446.3635,1784566364799,1784566364806.0,1784566365680.6619,352.636,7.0,874.662,,1234.298
e-693,1784566364496.3691,1784566364799,1784566364806.0,1784566365680.6626,302.631,7.0,874.663,,1184.293
e-694,1784566364546.3652,1784566364799,1784566364806.0,1784566365680.6724,252.635,7.0,874.672,,1134.307
e-695,1784566364596.3652,1784566364799,1784566364806.0,1784566365680.673,202.635,7.0,874.673,,1084.308
e-696,1784566364646.372,1784566364799,1784566364806.0,1784566365680.6736,152.628,7.0,874.674,,1034.302
e-697,1784566364696.3665,1784566364799,1784566364806.0,1784566365680.674,102.634,7.0,874.674,,984.308
e-698,1784566364746.3733,1784566364799,1784566364806.0,1784566365680.6748,52.627,7.0,874.675,,934.302
e-699,1784566364796.373,1784566364799,1784566364807.0,1784566365680.6758,2.627,8.0,873.676,,884.303
e-700,1784566364846.3674,1784566365848,1784566365852.0,1784566366782.3525,1001.633,4.0,930.353,,1935.985
e-701,1784566364896.3616,1784566365848,1784566365853.0,1784566366782.3552,951.638,5.0,929.355,,1885.994
e-702,1784566364946.363,1784566365848,1784566365853.0,1784566366782.356,901.637,5.0,929.356,,1835.993
e-703,1784566364996.3633,1784566365848,1784566365853.0,1784566366782.357,851.637,5.0,929.357,,1785.994
e-704,1784566365046.365,1784566365848,1784566365853.0,1784566366782.3577,801.635,5.0,929.358,,1735.993
e-705,1784566365096.3616,1784566365848,1784566365853.0,1784566366782.3582,751.638,5.0,929.358,,1685.997
e-706,1784566365146.3635,1784566365848,1784566365853.0,1784566366782.359,701.636,5.0,929.359,,1635.995
e-707,1784566365196.3638,1784566365848,1784566365853.0,1784566366782.3599,651.636,5.0,929.36,,1585.996
e-708,1784566365246.3645,1784566365848,1784566365853.0,1784566366782.3606,601.635,5.0,929.361,,1535.996
e-709,1784566365296.371,1784566365848,1784566365853.0,1784566366782.3613,551.629,5.0,929.361,,1485.99
e-710,1784566365346.3774,1784566365848,1784566365854.0,1784566366782.3623,501.623,6.0,928.362,,1435.985
e-711,1784566365396.3743,1784566365848,1784566365854.0,1784566366782.3628,451.626,6.0,928.363,,1385.989
e-712,1784566365446.3694,1784566365848,1784566365854.0,1784566366782.3635,401.631,6.0,928.364,,1335.994
e-713,1784566365496.3684,1784566365848,1784566365854.0,1784566366782.3643,351.632,6.0,928.364,,1285.996
e-714,1784566365546.3633,1784566365848,1784566365854.0,1784566366782.3652,301.637,6.0,928.365,,1236.002
e-715,1784566365596.3684,1784566365848,1784566365854.0,1784566366782.3801,251.632,6.0,928.38,,1186.012
e-716,1784566365646.3674,1784566365848,1784566365854.0,1784566366782.3809,201.633,6.0,928.381,,1136.013
e-717,1784566365696.7046,1784566365848,1784566365854.0,1784566366782.3818,151.295,6.0,928.382,,1085.677
e-718,1784566365746.3743,1784566365848,1784566365854.0,1784566366782.4048,101.626,6.0,928.405,,1036.031
e-719,1784566365796.3665,1784566365848,1784566365854.0,1784566366782.4055,51.634,6.0,928.406,,986.039
e-720,1784566365846.372,1784566365848,1784566365854.0,1784566366782.4065,1.628,6.0,928.406,,936.034
e-721,1784566365896.3635,1784566366899,1784566366904.0,1784566367781.0835,1002.636,5.0,877.083,,1884.72
e-722,1784566365946.3655,1784566366899,1784566366904.0,1784566367781.0874,952.635,5.0,877.087,,1834.722
e-723,1784566365996.3708,1784566366899,1784566366904.0,1784566367781.0886,902.629,5.0,877.089,,1784.718
e-724,1784566366046.369,1784566366899,1784566366904.0,1784566367781.0894,852.631,5.0,877.089,,1734.72
e-725,1784566366096.3723,1784566366899,1784566366904.0,1784566367781.0903,802.628,5.0,877.09,,1684.718
e-726,1784566366146.3687,1784566366899,1784566366904.0,1784566367781.0913,752.631,5.0,877.091,,1634.723
e-727,1784566366196.3818,1784566366899,1784566366904.0,1784566367781.0925,702.618,5.0,877.093,,1584.711
e-728,1784566366246.3613,1784566366899,1784566366904.0,1784566367781.0933,652.639,5.0,877.093,,1534.732
e-729,1784566366296.379,1784566366899,1784566366904.0,1784566367781.0945,602.621,5.0,877.094,,1484.716
e-730,1784566366346.449,1784566366899,1784566366904.0,1784566367781.0955,552.551,5.0,877.095,,1434.646
e-731,1784566366396.3726,1784566366899,1784566366905.0,1784566367781.0967,502.627,6.0,876.097,,1384.724
e-732,1784566366446.3674,1784566366899,1784566366905.0,1784566367781.0974,452.633,6.0,876.097,,1334.73
e-733,1784566366496.3706,1784566366899,1784566366905.0,1784566367781.0984,402.629,6.0,876.098,,1284.728
e-734,1784566366546.368,1784566366899,1784566366905.0,1784566367781.0994,352.632,6.0,876.099,,1234.731
e-735,1784566366596.3613,1784566366899,1784566366905.0,1784566367781.1003,302.639,6.0,876.1,,1184.739
e-736,1784566366646.3826,1784566366899,1784566366905.0,1784566367781.1013,252.617,6.0,876.101,,1134.719
e-737,1784566366696.3787,1784566366899,1784566366905.0,1784566367781.1145,202.621,6.0,876.115,,1084.736
e-738,1784566366746.3699,1784566366899,1784566366905.0,1784566367781.1155,152.63,6.0,876.115,,1034.746
e-739,1784566366796.3835,1784566366899,1784566366905.0,1784566367781.1165,102.616,6.0,876.116,,984.733
e-740,1784566366846.365,1784566366899,1784566366905.0,1784566367781.1172,52.635,6.0,876.117,,934.752
e-741,1784566366896.365,1784566366899,1784566366905.0,1784566367781.118,2.635,6.0,876.118,,884.753
e-742,1784566366946.3662,1784566367948,1784566367953.0,1784566368773.577,1001.634,5.0,820.577,,1827.211
e-743,1784566366996.3757,1784566367948,1784566367953.0,1784566368773.5789,951.624,5.0,820.579,,1777.203
e-744,1784566367046.367,1784566367948,1784566367953.0,1784566368773.5793,901.633,5.0,820.579,,1727.212
e-745,1784566367096.364,1784566367948,1784566367954.0,1784566368773.5796,851.636,6.0,819.58,,1677.216
e-746,1784566367146.3667,1784566367948,1784566367954.0,1784566368773.5798,801.633,6.0,819.58,,1627.213
e-747,1784566367196.3755,1784566367948,1784566367954.0,1784566368773.5803,751.625,6.0,819.58,,1577.205
e-748,1784566367246.3655,1784566367948,1784566367954.0,1784566368773.5806,701.635,6.0,819.581,,1527.215
e-749,1784566367296.3672,1784566367948,1784566367954.0,1784566368773.5808,651.633,6.0,819.581,,1477.214
e-750,1784566367346.3625,1784566367948,1784566367954.0,1784566368773.5808,601.637,6.0,819.581,,1427.218
e-751,1784566367396.3635,1784566367948,1784566367954.0,1784566368773.581,551.636,6.0,819.581,,1377.218
e-752,1784566367446.3625,1784566367948,1784566367954.0,1784566368773.5813,501.637,6.0,819.581,,1327.219
e-753,1784566367496.3765,1784566367948,1784566367954.0,1784566368773.5815,451.624,6.0,819.582,,1277.205
e-754,1784566367546.3733,1784566367948,1784566367954.0,1784566368773.5818,401.627,6.0,819.582,,1227.208
e-755,1784566367596.3777,1784566367948,1784566367954.0,1784566368773.5823,351.622,6.0,819.582,,1177.205
e-756,1784566367646.3687,1784566367948,1784566367954.0,1784566368773.5825,301.631,6.0,819.583,,1127.214
e-757,1784566367696.3796,1784566367948,1784566367955.0,1784566368773.5828,251.62,7.0,818.583,,1077.203
e-758,1784566367746.3643,1784566367948,1784566367955.0,1784566368773.599,201.636,7.0,818.599,,1027.235
e-759,1784566367796.374,1784566367948,1784566367955.0,1784566368773.5994,151.626,7.0,818.599,,977.225
e-760,1784566367846.3625,1784566367948,1784566367955.0,1784566368773.5996,101.637,7.0,818.6,,927.237
e-761,1784566367896.3635,1784566367948,1784566367955.0,1784566368773.6013,51.636,7.0,818.601,,877.238
e-762,1784566367946.3657,1784566367948,1784566367955.0,1784566368773.6016,1.634,7.0,818.602,,827.236
e-763,1784566367996.369,1784566368998,1784566369003.0,1784566369779.5898,1001.631,5.0,776.59,,1783.221
e-764,1784566368046.3677,1784566368998,1784566369003.0,1784566369779.5925,951.632,5.0,776.593,,1733.225
e-765,1784566368096.3716,1784566368998,1784566369003.0,1784566369779.593,901.628,5.0,776.593,,1683.221
e-766,1784566368146.369,1784566368998,1784566369003.0,1784566369779.5935,851.631,5.0,776.594,,1633.225
e-767,1784566368196.3755,1784566368998,1784566369003.0,1784566369779.594,801.625,5.0,776.594,,1583.219
e-768,1784566368246.3728,1784566368998,1784566369003.0,1784566369779.5942,751.627,5.0,776.594,,1533.221
e-769,1784566368296.3708,1784566368998,1784566369003.0,1784566369779.5945,701.629,5.0,776.594,,1483.224
e-770,1784566368346.37,1784566368998,1784566369004.0,1784566369779.5947,651.63,6.0,775.595,,1433.225
e-771,1784566368396.3774,1784566368998,1784566369004.0,1784566369779.595,601.623,6.0,775.595,,1383.218
e-772,1784566368446.368,1784566368998,1784566369004.0,1784566369779.5955,551.632,6.0,775.595,,1333.228
e-773,1784566368496.3667,1784566368998,1784566369004.0,1784566369779.5957,501.633,6.0,775.596,,1283.229
e-774,1784566368546.3984,1784566368998,1784566369004.0,1784566369779.596,451.602,6.0,775.596,,1233.198
e-775,1784566368596.3694,1784566368998,1784566369004.0,1784566369779.5962,401.631,6.0,775.596,,1183.227
e-776,1784566368646.374,1784566368998,1784566369004.0,1784566369779.5964,351.626,6.0,775.596,,1133.222
e-777,1784566368696.4006,1784566368998,1784566369004.0,1784566369779.5967,301.599,6.0,775.597,,1083.196
e-778,1784566368746.377,1784566368998,1784566369004.0,1784566369779.597,251.623,6.0,775.597,,1033.22
e-779,1784566368796.3594,1784566368998,1784566369004.0,1784566369779.6006,201.641,6.0,775.601,,983.241
e-780,1784566368846.367,1784566368998,1784566369004.0,1784566369779.6008,151.633,6.0,775.601,,933.234
e-781,1784566368896.3662,1784566368998,1784566369004.0,1784566369779.601,101.634,6.0,775.601,,883.235
e-782,1784566368946.3662,1784566368998,1784566369004.0,1784566369779.6013,51.634,6.0,775.601,,833.235
e-783,1784566368996.3708,1784566368998,1784566369004.0,1784566369779.6016,1.629,6.0,775.602,,783.231
e-784,1784566369046.3672,1784566370048,1784566370052.0,1784566370775.3672,1001.633,4.0,723.367,,1729.0
e-785,1784566369096.377,1784566370048,1784566370052.0,1784566370775.3708,951.623,4.0,723.371,,1678.994
e-786,1784566369146.3687,1784566370048,1784566370053.0,1784566370775.3718,901.631,5.0,722.372,,1629.003
e-787,1784566369196.3699,1784566370048,1784566370053.0,1784566370775.3728,851.63,5.0,722.373,,1579.003
e-788,1784566369246.3691,1784566370048,1784566370053.0,1784566370775.3735,801.631,5.0,722.374,,1529.004
e-789,1784566369296.3677,1784566370048,1784566370053.0,1784566370775.375,751.632,5.0,722.375,,1479.007
e-790,1784566369346.3323,1784566370048,1784566370053.0,1784566370775.376,701.668,5.0,722.376,,1429.044
e-791,1784566369396.3645,1784566370048,1784566370053.0,1784566370775.3767,651.635,5.0,722.377,,1379.012
e-792,1784566369446.3696,1784566370048,1784566370053.0,1784566370775.392,601.63,5.0,722.392,,1329.022
e-793,1784566369496.3645,1784566370048,1784566370053.0,1784566370775.393,551.635,5.0,722.393,,1279.029
e-794,1784566369546.3708,1784566370048,1784566370053.0,1784566370775.3938,501.629,5.0,722.394,,1229.023
e-795,1784566369596.3765,1784566370048,1784566370053.0,1784566370775.3945,451.624,5.0,722.395,,1179.018
e-796,1784566369646.3801,1784566370048,1784566370053.0,1784566370775.3953,401.62,5.0,722.395,,1129.015
e-797,1784566369696.3735,1784566370048,1784566370053.0,1784566370775.396,351.626,5.0,722.396,,1079.022
e-798,1784566369746.3708,1784566370048,1784566370053.0,1784566370775.3965,301.629,5.0,722.396,,1029.026
e-799,1784566369796.3762,1784566370048,1784566370053.0,1784566370775.397,251.624,5.0,722.397,,979.021
e-800,1784566369846.3691,1784566370048,1784566370053.0,1784566370775.4016,201.631,5.0,722.402,,929.032
e-801,1784566369896.423,1784566370048,1784566370053.0,1784566370775.4023,151.577,5.0,722.402,,878.979
e-802,1784566369946.3755,1784566370048,1784566370053.0,1784566370775.4028,101.625,5.0,722.403,,829.027
e-803,1784566369996.41,1784566370048,1784566370053.0,1784566370775.4033,51.59,5.0,722.403,,778.993
e-804,1784566370046.3708,1784566370048,1784566370053.0,1784566370775.4038,1.629,5.0,722.404,,729.033
e-805,1784566370096.3665,1784566371099,1784566371103.0,1784566371767.401,1002.634,4.0,664.401,,1671.034
e-806,1784566370146.3794,1784566371099,1784566371104.0,1784566371767.4038,952.621,5.0,663.404,,1621.024
e-807,1784566370198.8652,1784566371099,1784566371104.0,1784566371767.4045,900.135,5.0,663.405,,1568.539
e-808,1784566370246.3765,1784566371099,1784566371104.0,1784566371767.4053,852.624,5.0,663.405,,1521.029
e-809,1784566370296.3645,1784566371099,1784566371104.0,1784566371767.4058,802.635,5.0,663.406,,1471.041
e-810,1784566370346.376,1784566371099,1784566371104.0,1784566371767.406,752.624,5.0,663.406,,1421.03
e-811,1784566370396.365,1784566371099,1784566371104.0,1784566371767.4065,702.635,5.0,663.406,,1371.042
e-812,1784566370446.3694,1784566371099,1784566371104.0,1784566371767.407,652.631,5.0,663.407,,1321.038
e-813,1784566370496.3655,1784566371099,1784566371104.0,1784566371767.4075,602.635,5.0,663.407,,1271.042
e-814,1784566370546.3652,1784566371099,1784566371104.0,1784566371767.408,552.635,5.0,663.408,,1221.043
e-815,1784566370596.3594,1784566371099,1784566371104.0,1784566371767.4084,502.641,5.0,663.408,,1171.049
e-816,1784566370646.3564,1784566371099,1784566371104.0,1784566371767.4087,452.644,5.0,663.409,,1121.052
e-817,1784566370696.3716,1784566371099,1784566371104.0,1784566371767.4092,402.628,5.0,663.409,,1071.038
e-818,1784566370746.3694,1784566371099,1784566371104.0,1784566371767.4097,352.631,5.0,663.41,,1021.04
e-819,1784566370796.3767,1784566371099,1784566371104.0,1784566371767.4104,302.623,5.0,663.41,,971.034
e-820,1784566370846.4,1784566371099,1784566371105.0,1784566371767.4111,252.6,6.0,662.411,,921.011
e-821,1784566370896.3696,1784566371099,1784566371105.0,1784566371767.4119,202.63,6.0,662.412,,871.042
e-822,1784566370946.369,1784566371099,1784566371105.0,1784566371767.425,152.631,6.0,662.425,,821.056
e-823,1784566370996.3713,1784566371099,1784566371105.0,1784566371767.4258,102.629,6.0,662.426,,771.054
e-824,1784566371046.3699,1784566371099,1784566371105.0,1784566371767.4265,52.63,6.0,662.427,,721.057
e-825,1784566371096.363,1784566371099,1784566371105.0,1784566371767.427,2.637,6.0,662.427,,671.064
e-826,1784566371146.371,1784566372148,1784566372153.0,1784566372777.4465,1001.629,5.0,624.447,,1631.075
e-827,1784566371196.3699,1784566372148,1784566372153.0,1784566372777.4492,951.63,5.0,624.449,,1581.079
e-828,1784566371246.368,1784566372148,1784566372153.0,1784566372777.45,901.632,5.0,624.45,,1531.082
e-829,1784566371296.3682,1784566372148,1784566372153.0,1784566372777.4502,851.632,5.0,624.45,,1481.082
e-830,1784566371346.3726,1784566372148,1784566372153.0,1784566372777.451,801.627,5.0,624.451,,1431.078
e-831,1784566371396.364,1784566372148,1784566372153.0,1784566372777.4514,751.636,5.0,624.451,,1381.087
e-832,1784566371446.364,1784566372148,1784566372153.0,1784566372777.4517,701.636,5.0,624.452,,1331.088
e-833,1784566371496.3645,1784566372148,1784566372153.0,1784566372777.4521,651.635,5.0,624.452,,1281.088
e-834,1784566371546.3694,1784566372148,1784566372153.0,1784566372777.4526,601.631,5.0,624.453,,1231.083
e-835,1784566371596.3645,1784566372148,1784566372153.0,1784566372777.4531,551.635,5.0,624.453,,1181.089
e-836,1784566371646.358,1784566372148,1784566372154.0,1784566372777.4534,501.642,6.0,623.453,,1131.095
e-837,1784566371696.364,1784566372148,1784566372154.0,1784566372777.4539,451.636,6.0,623.454,,1081.09
e-838,1784566371746.3738,1784566372148,1784566372154.0,1784566372777.4543,401.626,6.0,623.454,,1031.081
e-839,1784566371796.363,1784566372148,1784566372154.0,1784566372777.4548,351.637,6.0,623.455,,981.092
e-840,1784566371846.366,1784566372148,1784566372154.0,1784566372777.4556,301.634,6.0,623.456,,931.09
e-841,1784566371896.3655,1784566372148,1784566372154.0,1784566372777.456,251.635,6.0,623.456,,881.091
e-842,1784566371946.3662,1784566372148,1784566372154.0,1784566372777.4563,201.634,6.0,623.456,,831.09
e-843,1784566371996.3755,1784566372148,1784566372154.0,1784566372777.4675,151.625,6.0,623.468,,781.092
e-844,1784566372046.3645,1784566372148,1784566372154.0,1784566372777.468,101.635,6.0,623.468,,731.104
e-845,1784566372096.3706,1784566372148,1784566372154.0,1784566372777.4683,51.629,6.0,623.468,,681.098
e-846,1784566372146.3643,1784566372148,1784566372154.0,1784566372777.4688,1.636,6.0,623.469,,631.104
e-847,1784566372196.3647,1784566373198,1784566373203.0,1784566373791.829,1001.635,5.0,588.829,,1595.464
e-848,1784566372246.361,1784566373198,1784566373203.0,1784566373791.8325,951.639,5.0,588.833,,1545.471
e-849,1784566372296.3625,1784566373198,1784566373204.0,1784566373791.833,901.637,6.0,587.833,,1495.47
e-850,1784566372346.3674,1784566373198,1784566373204.0,1784566373791.834,851.633,6.0,587.834,,1445.467
e-851,1784566372396.3638,1784566373198,1784566373204.0,1784566373791.8345,801.636,6.0,587.834,,1395.471
e-852,1784566372446.3584,1784566373198,1784566373204.0,1784566373791.8347,751.642,6.0,587.835,,1345.476
e-853,1784566372496.3584,1784566373198,1784566373204.0,1784566373791.8354,701.642,6.0,587.835,,1295.477
e-854,1784566372546.367,1784566373198,1784566373204.0,1784566373791.8364,651.633,6.0,587.836,,1245.469
e-855,1784566372596.3665,1784566373198,1784566373204.0,1784566373791.8374,601.634,6.0,587.837,,1195.471
e-856,1784566372646.3726,1784566373198,1784566373205.0,1784566373791.838,551.627,7.0,586.838,,1145.465
e-857,1784566372696.3699,1784566373198,1784566373205.0,1784566373791.8386,501.63,7.0,586.839,,1095.469
e-858,1784566372746.3606,1784566373198,1784566373205.0,1784566373791.8396,451.639,7.0,586.84,,1045.479
e-859,1784566372796.3665,1784566373198,1784566373205.0,1784566373791.84,401.634,7.0,586.84,,995.474
e-860,1784566372846.365,1784566373198,1784566373205.0,1784566373791.8406,351.635,7.0,586.841,,945.476
e-861,1784566372896.3633,1784566373198,1784566373205.0,1784566373791.8557,301.637,7.0,586.856,,895.492
e-862,1784566372946.3613,1784566373198,1784566373205.0,1784566373791.856,251.639,7.0,586.856,,845.495
e-863,1784566372996.361,1784566373198,1784566373205.0,1784566373791.8564,201.639,7.0,586.856,,795.495
e-864,1784566373046.3677,1784566373198,1784566373205.0,1784566373791.8599,151.632,7.0,586.86,,745.492
e-865,1784566373096.3635,1784566373198,1784566373205.0,1784566373791.8604,101.636,7.0,586.86,,695.497
e-866,1784566373146.3667,1784566373198,1784566373205.0,1784566373791.8606,51.633,7.0,586.861,,645.494
e-867,1784566373196.3652,1784566373198,1784566373205.0,1784566373791.8608,1.635,7.0,586.861,,595.496
e-868,1784566373246.3643,1784566374248,1784566374253.0,1784566374662.4268,1001.636,5.0,409.427,,1416.062
e-869,1784566373296.3625,1784566374248,1784566374253.0,1784566374662.4294,951.637,5.0,409.429,,1366.067
e-870,1784566373346.3691,1784566374248,1784566374253.0,1784566374662.4302,901.631,5.0,409.43,,1316.061
e-871,1784566373396.3638,1784566374248,1784566374253.0,1784566374662.4307,851.636,5.0,409.431,,1266.067
e-872,1784566373446.3647,1784566374248,1784566374253.0,1784566374662.4312,801.635,5.0,409.431,,1216.066
e-873,1784566373496.366,1784566374248,1784566374253.0,1784566374662.4316,751.634,5.0,409.432,,1166.066
e-874,1784566373546.3655,1784566374248,1784566374253.0,1784566374662.4324,701.635,5.0,409.432,,1116.067
e-875,1784566373596.3625,1784566374248,1784566374253.0,1784566374662.4326,651.637,5.0,409.433,,1066.07
e-876,1784566373646.3635,1784566374248,1784566374253.0,1784566374662.433,601.636,5.0,409.433,,1016.07
e-877,1784566373696.3635,1784566374248,1784566374253.0,1784566374662.4336,551.636,5.0,409.434,,966.07
e-878,1784566373746.3704,1784566374248,1784566374253.0,1784566374662.434,501.63,5.0,409.434,,916.064
e-879,1784566373796.3608,1784566374248,1784566374253.0,1784566374662.4346,451.639,5.0,409.435,,866.074
e-880,1784566373846.367,1784566374248,1784566374253.0,1784566374662.4348,401.633,5.0,409.435,,816.068
e-881,1784566373896.3755,1784566374248,1784566374253.0,1784566374662.4353,351.625,5.0,409.435,,766.06
e-882,1784566373946.3738,1784566374248,1784566374254.0,1784566374662.4358,301.626,6.0,408.436,,716.062
e-883,1784566373996.3655,1784566374248,1784566374254.0,1784566374662.436,251.635,6.0,408.436,,666.071
e-884,1784566374046.3647,1784566374248,1784566374254.0,1784566374662.4365,201.635,6.0,408.437,,616.072
e-885,1784566374096.3652,1784566374248,1784566374254.0,1784566374662.4434,151.635,6.0,408.443,,566.078
e-886,1784566374146.3655,1784566374248,1784566374254.0,1784566374662.4438,101.635,6.0,408.444,,516.078
e-887,1784566374196.3667,1784566374248,1784566374254.0,1784566374662.4443,51.633,6.0,408.444,,466.078
e-888,1784566374246.3647,1784566374248,1784566374254.0,1784566374662.4448,1.635,6.0,408.445,,416.08
e-889,1784566374296.5488,1784566375299,1784566375303.0,1784566375773.6443,1002.451,4.0,470.644,,1477.095
e-890,1784566374346.3728,1784566375299,1784566375304.0,1784566375773.6477,952.627,5.0,469.648,,1427.275
e-891,1784566374396.3623,1784566375299,1784566375304.0,1784566375773.6484,902.638,5.0,469.648,,1377.286
e-892,1784566374446.3696,1784566375299,1784566375304.0,1784566375773.6492,852.63,5.0,469.649,,1327.28
e-893,1784566374496.3826,1784566375299,1784566375304.0,1784566375773.6497,802.617,5.0,469.65,,1277.267
e-894,1784566374546.379,1784566375299,1784566375304.0,1784566375773.6501,752.621,5.0,469.65,,1227.271
e-895,1784566374596.3572,1784566375299,1784566375304.0,1784566375773.6506,702.643,5.0,469.651,,1177.293
e-896,1784566374646.3662,1784566375299,1784566375304.0,1784566375773.651,652.634,5.0,469.651,,1127.285
e-897,1784566374696.3665,1784566375299,1784566375304.0,1784566375773.6514,602.634,5.0,469.651,,1077.285
e-898,1784566374746.3635,1784566375299,1784566375304.0,1784566375773.6519,552.636,5.0,469.652,,1027.288
e-899,1784566374796.3682,1784566375299,1784566375304.0,1784566375773.6523,502.632,5.0,469.652,,977.284
e-900,1784566374846.3647,1784566375299,1784566375304.0,1784566375773.6528,452.635,5.0,469.653,,927.288
e-901,1784566374896.3645,1784566375299,1784566375304.0,1784566375773.653,402.635,5.0,469.653,,877.289
e-902,1784566374946.3618,1784566375299,1784566375305.0,1784566375773.6536,352.638,6.0,468.654,,827.292
e-903,1784566374996.3606,1784566375299,1784566375305.0,1784566375773.654,302.639,6.0,468.654,,777.293
e-904,1784566375046.3652,1784566375299,1784566375305.0,1784566375773.6545,252.635,6.0,468.655,,727.289
e-905,1784566375096.3662,1784566375299,1784566375305.0,1784566375773.6548,202.634,6.0,468.655,,677.289
e-906,1784566375146.3643,1784566375299,1784566375305.0,1784566375773.6555,152.636,6.0,468.656,,627.291
e-907,1784566375196.3662,1784566375299,1784566375305.0,1784566375773.668,102.634,6.0,468.668,,577.302
e-908,1784566375246.3657,1784566375299,1784566375305.0,1784566375773.6685,52.634,6.0,468.668,,527.303
e-909,1784566375296.3657,1784566375299,1784566375305.0,1784566375773.669,2.634,6.0,468.669,,477.303
e-910,1784566375346.3662,1784566376348,1784566376353.0,1784566376772.2986,1001.634,5.0,419.299,,1425.932
e-911,1784566375396.3635,1784566376348,1784566376353.0,1784566376772.3008,951.636,5.0,419.301,,1375.937
e-912,1784566375446.3655,1784566376348,1784566376353.0,1784566376772.3015,901.635,5.0,419.302,,1325.936
e-913,1784566375496.3638,1784566376348,1784566376353.0,1784566376772.302,851.636,5.0,419.302,,1275.938
e-914,1784566375546.368,1784566376348,1784566376353.0,1784566376772.3025,801.632,5.0,419.302,,1225.935
e-915,1784566375596.3628,1784566376348,1784566376353.0,1784566376772.303,751.637,5.0,419.303,,1175.94
e-916,1784566375646.3647,1784566376348,1784566376354.0,1784566376772.3035,701.635,6.0,418.303,,1125.939
e-917,1784566375696.3682,1784566376348,1784566376354.0,1784566376772.304,651.632,6.0,418.304,,1075.936
e-918,1784566375746.3323,1784566376348,1784566376354.0,1784566376772.3044,601.668,6.0,418.304,,1025.972
e-919,1784566375796.368,1784566376348,1784566376354.0,1784566376772.305,551.632,6.0,418.305,,975.937
e-920,1784566375846.3618,1784566376348,1784566376354.0,1784566376772.3054,501.638,6.0,418.305,,925.944
e-921,1784566375896.3674,1784566376348,1784566376354.0,1784566376772.306,451.633,6.0,418.306,,875.938
e-922,1784566375946.3657,1784566376348,1784566376354.0,1784566376772.3062,401.634,6.0,418.306,,825.94
e-923,1784566375996.3655,1784566376348,1784566376354.0,1784566376772.3066,351.635,6.0,418.307,,775.941
e-924,1784566376046.3647,1784566376348,1784566376354.0,1784566376772.3071,301.635,6.0,418.307,,725.942
e-925,1784566376096.362,1784566376348,1784566376354.0,1784566376772.3079,251.638,6.0,418.308,,675.946
e-926,1784566376146.3665,1784566376348,1784566376354.0,1784566376772.3083,201.634,6.0,418.308,,625.942
e-927,1784566376196.3672,1784566376348,1784566376354.0,1784566376772.3086,151.633,6.0,418.309,,575.941
e-928,1784566376246.3596,1784566376348,1784566376354.0,1784566376772.3186,101.64,6.0,418.319,,525.959
e-929,1784566376296.3623,1784566376348,1784566376354.0,1784566376772.319,51.638,6.0,418.319,,475.957
e-930,1784566376346.3647,1784566376348,1784566376354.0,1784566376772.323,1.635,6.0,418.323,,425.958
e-931,1784566376396.364,1784566377398,1784566377403.0,1784566377769.0725,1001.636,5.0,366.073,,1372.708
e-932,1784566376446.3647,1784566377398,1784566377403.0,1784566377769.076,951.635,5.0,366.076,,1322.711
e-933,1784566376496.3604,1784566377398,1784566377403.0,1784566377769.077,901.64,5.0,366.077,,1272.717
e-934,1784566376546.3677,1784566377398,1784566377403.0,1784566377769.0918,851.632,5.0,366.092,,1222.724
e-935,1784566376596.3657,1784566377398,1784566377403.0,1784566377769.0925,801.634,5.0,366.093,,1172.727
e-936,1784566376646.3645,1784566377398,1784566377403.0,1784566377769.0933,751.635,5.0,366.093,,1122.729
e-937,1784566376696.3599,1784566377398,1784566377404.0,1784566377769.094,701.64,6.0,365.094,,1072.734
e-938,1784566376746.3706,1784566377398,1784566377404.0,1784566377769.0947,651.629,6.0,365.095,,1022.724
e-939,1784566376796.365,1784566377398,1784566377404.0,1784566377769.0955,601.635,6.0,365.095,,972.73
e-940,1784566376846.3638,1784566377398,1784566377404.0,1784566377769.0962,551.636,6.0,365.096,,922.732
e-941,1784566376896.3633,1784566377398,1784566377404.0,1784566377769.097,501.637,6.0,365.097,,872.734
e-942,1784566376946.3628,1784566377398,1784566377404.0,1784566377769.098,451.637,6.0,365.098,,822.735
e-943,1784566376996.3645,1784566377398,1784566377404.0,1784566377769.0984,401.635,6.0,365.098,,772.734
e-944,1784566377046.3684,1784566377398,1784566377404.0,1784566377769.099,351.632,6.0,365.099,,722.731
e-945,1784566377096.3633,1784566377398,1784566377404.0,1784566377769.0999,301.637,6.0,365.1,,672.737
e-946,1784566377146.3662,1784566377398,1784566377404.0,1784566377769.1006,251.634,6.0,365.101,,622.734
e-947,1784566377196.363,1784566377398,1784566377404.0,1784566377769.1013,201.637,6.0,365.101,,572.738
e-948,1784566377246.366,1784566377398,1784566377404.0,1784566377769.102,151.634,6.0,365.102,,522.736
e-949,1784566377296.368,1784566377398,1784566377404.0,1784566377769.1077,101.632,6.0,365.108,,472.74
e-950,1784566377346.3665,1784566377398,1784566377405.0,1784566377769.1084,51.634,7.0,364.108,,422.742
e-951,1784566377396.3655,1784566377398,1784566377405.0,1784566377769.1091,1.635,7.0,364.109,,372.744
e-952,1784566377446.3706,1784566378448,1784566378452.0,1784566378780.8042,1001.629,4.0,328.804,,1334.434
e-953,1784566377496.3645,1784566378448,1784566378453.0,1784566378780.8071,951.635,5.0,327.807,,1284.443
e-954,1784566377546.367,1784566378448,1784566378453.0,1784566378780.8076,901.633,5.0,327.808,,1234.441
e-955,1784566377596.364,1784566378448,1784566378453.0,1784566378780.8083,851.636,5.0,327.808,,1184.444
e-956,1784566377646.3662,1784566378448,1784566378453.0,1784566378780.8086,801.634,5.0,327.809,,1134.442
e-957,1784566377696.3665,1784566378448,1784566378453.0,1784566378780.8088,751.634,5.0,327.809,,1084.442
e-958,1784566377746.3708,1784566378448,1784566378453.0,1784566378780.8093,701.629,5.0,327.809,,1034.438
e-959,1784566377796.3723,1784566378448,1784566378453.0,1784566378780.81,651.628,5.0,327.81,,984.438
e-960,1784566377846.3633,1784566378448,1784566378453.0,1784566378780.8105,601.637,5.0,327.811,,934.447
e-961,1784566377896.368,1784566378448,1784566378453.0,1784566378780.8113,551.632,5.0,327.811,,884.443
e-962,1784566377946.3638,1784566378448,1784566378453.0,1784566378780.8118,501.636,5.0,327.812,,834.448
e-963,1784566377996.369,1784566378448,1784566378453.0,1784566378780.8667,451.631,5.0,327.867,,784.498
e-964,1784566378046.3665,1784566378448,1784566378453.0,1784566378780.8672,401.634,5.0,327.867,,734.501
e-965,1784566378096.3647,1784566378448,1784566378453.0,1784566378780.868,351.635,5.0,327.868,,684.503
e-966,1784566378146.3608,1784566378448,1784566378453.0,1784566378780.8682,301.639,5.0,327.868,,634.507
e-967,1784566378196.3628,1784566378448,1784566378453.0,1784566378780.8687,251.637,5.0,327.869,,584.506
e-968,1784566378246.3662,1784566378448,1784566378453.0,1784566378780.8691,201.634,5.0,327.869,,534.503
e-969,1784566378296.3657,1784566378448,1784566378453.0,1784566378780.8696,151.634,5.0,327.87,,484.504
e-970,1784566378346.365,1784566378448,1784566378453.0,1784566378780.8804,101.635,5.0,327.88,,434.515
e-971,1784566378396.3662,1784566378448,1784566378453.0,1784566378780.8809,51.634,5.0,327.881,,384.515
e-972,1784566378446.3635,1784566378448,1784566378453.0,1784566378780.881,1.636,5.0,327.881,,334.518
e-973,1784566378496.3652,1784566379499,1784566379503.0,1784566379775.7087,1002.635,4.0,272.709,,1279.344
e-974,1784566378546.3677,1784566379499,1784566379503.0,1784566379775.712,952.632,4.0,272.712,,1229.344
e-975,1784566378596.3633,1784566379499,1784566379503.0,1784566379775.7124,902.637,4.0,272.712,,1179.349
e-976,1784566378646.3625,1784566379499,1784566379503.0,1784566379775.7131,852.637,4.0,272.713,,1129.351
e-977,1784566378696.3762,1784566379499,1784566379503.0,1784566379775.7136,802.624,4.0,272.714,,1079.337
e-978,1784566378746.3433,1784566379499,1784566379503.0,1784566379775.714,752.657,4.0,272.714,,1029.371
e-979,1784566378796.3806,1784566379499,1784566379503.0,1784566379775.7246,702.619,4.0,272.725,,979.344
e-980,1784566378846.3572,1784566379499,1784566379503.0,1784566379775.7249,652.643,4.0,272.725,,929.368
e-981,1784566378896.362,1784566379499,1784566379503.0,1784566379775.7253,602.638,4.0,272.725,,879.363
e-982,1784566378946.3662,1784566379499,1784566379504.0,1784566379775.7258,552.634,5.0,271.726,,829.36
e-983,1784566378996.3667,1784566379499,1784566379504.0,1784566379775.7263,502.633,5.0,271.726,,779.36
e-984,1784566379046.359,1784566379499,1784566379504.0,1784566379775.7268,452.641,5.0,271.727,,729.368
e-985,1784566379096.3584,1784566379499,1784566379504.0,1784566379775.727,402.642,5.0,271.727,,679.369
e-986,1784566379146.3684,1784566379499,1784566379504.0,1784566379775.7275,352.632,5.0,271.728,,629.359
e-987,1784566379196.3677,1784566379499,1784566379504.0,1784566379775.728,302.632,5.0,271.728,,579.36
e-988,1784566379246.3586,1784566379499,1784566379504.0,1784566379775.7285,252.641,5.0,271.729,,529.37
e-989,1784566379296.364,1784566379499,1784566379504.0,1784566379775.7288,202.636,5.0,271.729,,479.365
e-990,1784566379346.3687,1784566379499,1784566379504.0,1784566379775.7292,152.631,5.0,271.729,,429.361
e-991,1784566379396.368,1784566379499,1784566379504.0,1784566379775.7505,102.632,5.0,271.75,,379.383
e-992,1784566379446.3647,1784566379499,1784566379504.0,1784566379775.751,52.635,5.0,271.751,,329.386
e-993,1784566379496.3667,1784566379499,1784566379504.0,1784566379775.7517,2.633,5.0,271.752,,279.385
e-994,1784566379546.368,1784566380549,1784566380553.0,1784566380771.365,1002.632,4.0,218.365,,1224.997
e-995,1784566379596.3662,1784566380549,1784566380553.0,1784566380771.3684,952.634,4.0,218.368,,1175.002
e-996,1784566379646.3662,1784566380549,1784566380553.0,1784566380771.3694,902.634,4.0,218.369,,1125.003
e-997,1784566379696.3662,1784566380549,1784566380553.0,1784566380771.3704,852.634,4.0,218.37,,1075.004
e-998,1784566379746.3733,1784566380549,1784566380553.0,1784566380771.3713,802.627,4.0,218.371,,1024.998
e-999,1784566379796.3674,1784566380549,1784566380553.0,1784566380771.372,752.633,4.0,218.372,,975.005
e-1000,1784566379846.3662,1784566380549,1784566380553.0,1784566380771.3728,702.634,4.0,218.373,,925.007
e-1001,1784566379896.3657,1784566380549,1784566380554.0,1784566380771.3867,652.634,5.0,217.387,,875.021
e-1002,1784566379946.3635,1784566380549,1784566380554.0,1784566380771.3872,602.636,5.0,217.387,,825.024
e-1003,1784566379996.3716,1784566380549,1784566380554.0,1784566380771.388,552.628,5.0,217.388,,775.016
e-1004,1784566380046.3625,1784566380549,1784566380554.0,1784566380771.3884,502.637,5.0,217.388,,725.026
e-1005,1784566380096.3599,1784566380549,1784566380554.0,1784566380771.3892,452.64,5.0,217.389,,675.029
e-1006,1784566380146.369,1784566380549,1784566380554.0,1784566380771.3896,402.631,5.0,217.39,,625.021
e-1007,1784566380196.363,1784566380549,1784566380554.0,1784566380771.3901,352.637,5.0,217.39,,575.027
e-1008,1784566380246.3633,1784566380549,1784566380554.0,1784566380771.3906,302.637,5.0,217.391,,525.027
e-1009,1784566380296.362,1784566380549,1784566380554.0,1784566380771.391,252.638,5.0,217.391,,475.029
e-1010,1784566380346.363,1784566380549,1784566380554.0,1784566380771.392,202.637,5.0,217.392,,425.029
e-1011,1784566380396.3677,1784566380549,1784566380554.0,1784566380771.4102,152.632,5.0,217.41,,375.042
e-1012,1784566380446.3623,1784566380549,1784566380554.0,1784566380771.4111,102.638,5.0,217.411,,325.049
e-1013,1784566380496.3694,1784566380549,1784566380554.0,1784566380771.4163,52.631,5.0,217.416,,275.047
e-1014,1784566380546.3708,1784566380549,1784566380554.0,1784566380771.4167,2.629,5.0,217.417,,225.046
e-1015,1784566380596.3687,1784566381599,1784566381602.0,1784566381766.9998,1002.631,3.0,165.0,,1170.631
e-1016,1784566380646.3674,1784566381599,1784566381603.0,1784566381767.0032,952.633,4.0,164.003,,1120.636
e-1017,1784566380696.366,1784566381599,1784566381603.0,1784566381767.0037,902.634,4.0,164.004,,1070.638
e-1018,1784566380746.367,1784566381599,1784566381603.0,1784566381767.0042,852.633,4.0,164.004,,1020.637
e-1019,1784566380796.3638,1784566381599,1784566381603.0,1784566381767.0046,802.636,4.0,164.005,,970.641
e-1020,1784566380846.365,1784566381599,1784566381603.0,1784566381767.0051,752.635,4.0,164.005,,920.64
e-1021,1784566380896.363,1784566381599,1784566381603.0,1784566381767.0056,702.637,4.0,164.006,,870.643
e-1022,1784566380946.3616,1784566381599,1784566381603.0,1784566381767.006,652.638,4.0,164.006,,820.645
e-1023,1784566380996.3616,1784566381599,1784566381603.0,1784566381767.0066,602.638,4.0,164.007,,770.645
e-1024,1784566381046.3625,1784566381599,1784566381603.0,1784566381767.007,552.637,4.0,164.007,,720.645
e-1025,1784566381096.368,1784566381599,1784566381603.0,1784566381767.0178,502.632,4.0,164.018,,670.65
e-1026,1784566381146.3638,1784566381599,1784566381603.0,1784566381767.0183,452.636,4.0,164.018,,620.655
e-1027,1784566381196.365,1784566381599,1784566381603.0,1784566381767.0188,402.635,4.0,164.019,,570.654
e-1028,1784566381246.3628,1784566381599,1784566381603.0,1784566381767.0193,352.637,4.0,164.019,,520.656
e-1029,1784566381296.365,1784566381599,1784566381603.0,1784566381767.0198,302.635,4.0,164.02,,470.655
e-1030,1784566381346.3618,1784566381599,1784566381603.0,1784566381767.0203,252.638,4.0,164.02,,420.658
e-1031,1784566381396.3635,1784566381599,1784566381604.0,1784566381767.0208,202.636,5.0,163.021,,370.657
e-1032,1784566381446.3633,1784566381599,1784566381604.0,1784566381767.0212,152.637,5.0,163.021,,320.658
e-1033,1784566381496.3625,1784566381599,1784566381604.0,1784566381767.0217,102.637,5.0,163.022,,270.659
e-1034,1784566381546.3645,1784566381599,1784566381604.0,1784566381767.0256,52.635,5.0,163.026,,220.661
e-1035,1784566381596.3625,1784566381599,1784566381604.0,1784566381767.0261,2.637,5.0,163.026,,170.664
e-1036,1784566381646.3665,1784566382648,1784566382739.0,1784566383768.011,1001.634,91.0,1029.011,,2121.645
e-1037,1784566381696.3699,1784566382648,1784566382740.0,1784566383768.014,951.63,92.0,1028.014,,2071.644
e-1038,1784566381746.3665,1784566382648,1784566382740.0,1784566383768.0146,901.634,92.0,1028.015,,2021.648
e-1039,1784566381796.3635,1784566382648,1784566382740.0,1784566383768.0154,851.636,92.0,1028.015,,1971.652
e-1040,1784566381846.3618,1784566382648,1784566382740.0,1784566383768.016,801.638,92.0,1028.016,,1921.654
e-1041,1784566381896.362,1784566382648,1784566382740.0,1784566383768.0168,751.638,92.0,1028.017,,1871.655
e-1042,1784566381946.3604,1784566382648,1784566382740.0,1784566383768.0173,701.64,92.0,1028.017,,1821.657
e-1043,1784566381996.3613,1784566382648,1784566382740.0,1784566383768.018,651.639,92.0,1028.018,,1771.657
e-1044,1784566382046.357,1784566382648,1784566382740.0,1784566383768.0188,601.643,92.0,1028.019,,1721.662
e-1045,1784566382096.357,1784566382648,1784566382740.0,1784566383768.019,551.643,92.0,1028.019,,1671.662
e-1046,1784566382146.3613,1784566382648,1784566382740.0,1784566383768.0195,501.639,92.0,1028.02,,1621.658
e-1047,1784566382196.3655,1784566382648,1784566382740.0,1784566383768.02,451.635,92.0,1028.02,,1571.655
e-1048,1784566382246.3667,1784566382648,1784566382740.0,1784566383768.0205,401.633,92.0,1028.021,,1521.654
e-1049,1784566382296.3655,1784566382648,1784566382740.0,1784566383768.0208,351.635,92.0,1028.021,,1471.655
e-1050,1784566382346.3684,1784566382648,1784566382740.0,1784566383768.0212,301.632,92.0,1028.021,,1421.653
e-1051,1784566382396.364,1784566382648,1784566382740.0,1784566383768.0217,251.636,92.0,1028.022,,1371.658
e-1052,1784566382446.3662,1784566382648,1784566382740.0,1784566383768.0222,201.634,92.0,1028.022,,1321.656
e-1053,1784566382496.3672,1784566382648,1784566382740.0,1784566383768.0225,151.633,92.0,1028.022,,1271.655
e-1054,1784566382546.371,1784566382648,1784566382741.0,1784566383768.023,101.629,93.0,1027.023,,1221.652
e-1055,1784566382596.3694,1784566382648,1784566382741.0,1784566383768.033,51.631,93.0,1027.033,,1171.664
e-1056,1784566382646.364,1784566382648,1784566382741.0,1784566383768.0334,1.636,93.0,1027.033,,1121.669
e-1057,1784566382696.3616,1784566383698,1784566383739.0,1784566384773.734,1001.638,41.0,1034.734,,2077.372
e-1058,1784566382746.3718,1784566383698,1784566383739.0,1784566384773.7368,951.628,41.0,1034.737,,2027.365
e-1059,1784566382796.3718,1784566383698,1784566383739.0,1784566384773.7375,901.628,41.0,1034.738,,1977.366
e-1060,1784566382846.3657,1784566383698,1784566383739.0,1784566384773.738,851.634,41.0,1034.738,,1927.372
e-1061,1784566382896.3572,1784566383698,1784566383739.0,1784566384773.7388,801.643,41.0,1034.739,,1877.382
e-1062,1784566382946.3718,1784566383698,1784566383739.0,1784566384773.7393,751.628,41.0,1034.739,,1827.367
e-1063,1784566382996.37,1784566383698,1784566383739.0,1784566384773.74,701.63,41.0,1034.74,,1777.37
e-1064,1784566383046.3733,1784566383698,1784566383739.0,1784566384773.7405,651.627,41.0,1034.74,,1727.367
e-1065,1784566383096.356,1784566383698,1784566383739.0,1784566384773.741,601.644,41.0,1034.741,,1677.385
e-1066,1784566383146.3662,1784566383698,1784566383739.0,1784566384773.7415,551.634,41.0,1034.741,,1627.375
e-1067,1784566383196.3628,1784566383698,1784566383739.0,1784566384773.742,501.637,41.0,1034.742,,1577.379
e-1068,1784566383246.364,1784566383698,1784566383739.0,1784566384773.7424,451.636,41.0,1034.742,,1527.378
e-1069,1784566383296.3638,1784566383698,1784566383740.0,1784566384773.743,401.636,42.0,1033.743,,1477.379
e-1070,1784566383346.3647,1784566383698,1784566383740.0,1784566384773.7437,351.635,42.0,1033.744,,1427.379
e-1071,1784566383396.3604,1784566383698,1784566383740.0,1784566384773.7441,301.64,42.0,1033.744,,1377.384
e-1072,1784566383446.3684,1784566383698,1784566383740.0,1784566384773.758,251.632,42.0,1033.758,,1327.39
e-1073,1784566383496.3496,1784566383698,1784566383740.0,1784566384773.7588,201.65,42.0,1033.759,,1277.409
e-1074,1784566383546.363,1784566383698,1784566383740.0,1784566384773.7593,151.637,42.0,1033.759,,1227.396
e-1075,1784566383596.3586,1784566383698,1784566383740.0,1784566384773.7598,101.641,42.0,1033.76,,1177.401
e-1076,1784566383646.368,1784566383698,1784566383740.0,1784566384773.7603,51.632,42.0,1033.76,,1127.392
e-1077,1784566383696.3616,1784566383698,1784566383740.0,1784566384773.765,1.638,42.0,1033.765,,1077.403
e-1078,1784566383746.3723,1784566384747,1784566384751.0,1784566385765.1743,1000.628,4.0,1014.174,,2018.802
e-1079,1784566383796.368,1784566384747,1784566384751.0,1784566385765.1768,950.632,4.0,1014.177,,1968.809
e-1080,1784566383846.3633,1784566384747,1784566384752.0,1784566385765.1772,900.637,5.0,1013.177,,1918.814
e-1081,1784566383896.3562,1784566384747,1784566384752.0,1784566385765.1777,850.644,5.0,1013.178,,1868.822
e-1082,1784566383946.3608,1784566384747,1784566384752.0,1784566385765.178,800.639,5.0,1013.178,,1818.817
e-1083,1784566383996.3618,1784566384747,1784566384752.0,1784566385765.1785,750.638,5.0,1013.178,,1768.817
e-1084,1784566384046.364,1784566384747,1784566384752.0,1784566385765.1787,700.636,5.0,1013.179,,1718.815
e-1085,1784566384096.3625,1784566384747,1784566384752.0,1784566385765.1792,650.637,5.0,1013.179,,1668.817
e-1086,1784566384146.3608,1784566384747,1784566384752.0,1784566385765.1794,600.639,5.0,1013.179,,1618.819
e-1087,1784566384196.3652,1784566384747,1784566384752.0,1784566385765.18,550.635,5.0,1013.18,,1568.815
e-1088,1784566384246.3674,1784566384747,1784566384752.0,1784566385765.1802,500.633,5.0,1013.18,,1518.813
e-1089,1784566384296.3577,1784566384747,1784566384752.0,1784566385765.1807,450.642,5.0,1013.181,,1468.823
e-1090,1784566384346.3677,1784566384747,1784566384752.0,1784566385765.181,400.632,5.0,1013.181,,1418.813
e-1091,1784566384396.3645,1784566384747,1784566384752.0,1784566385765.1814,350.635,5.0,1013.181,,1368.817
e-1092,1784566384446.361,1784566384747,1784566384752.0,1784566385765.1816,300.639,5.0,1013.182,,1318.821
e-1093,1784566384496.3628,1784566384747,1784566384752.0,1784566385765.182,250.637,5.0,1013.182,,1268.819
e-1094,1784566384546.3662,1784566384747,1784566384752.0,1784566385765.1824,200.634,5.0,1013.182,,1218.816
e-1095,1784566384596.3662,1784566384747,1784566384752.0,1784566385765.1826,150.634,5.0,1013.183,,1168.816
e-1096,1784566384646.3635,1784566384747,1784566384753.0,1784566385765.1956,100.636,6.0,1012.196,,1118.832
e-1097,1784566384696.3628,1784566384747,1784566384753.0,1784566385765.1958,50.637,6.0,1012.196,,1068.833
e-1098,1784566384746.3682,1784566384747,1784566384753.0,1784566385765.205,0.632,6.0,1012.205,,1018.837
e-1099,1784566384796.3623,1784566385799,1784566385802.0,1784566386770.1296,1002.638,3.0,968.13,,1973.767
e-1100,1784566384846.3652,1784566385799,1784566385802.0,1784566386770.133,952.635,3.0,968.133,,1923.768
e-1101,1784566384896.3557,1784566385799,1784566385803.0,1784566386770.1367,902.644,4.0,967.137,,1873.781
e-1102,1784566384946.358,1784566385799,1784566385803.0,1784566386770.1372,852.642,4.0,967.137,,1823.779
e-1103,1784566384996.3672,1784566385799,1784566385803.0,1784566386770.1375,802.633,4.0,967.137,,1773.77
e-1104,1784566385046.3687,1784566385799,1784566385803.0,1784566386770.138,752.631,4.0,967.138,,1723.769
e-1105,1784566385096.362,1784566385799,1784566385803.0,1784566386770.4634,702.638,4.0,967.463,,1674.101
e-1106,1784566385146.3792,1784566385799,1784566385803.0,1784566386770.4644,652.621,4.0,967.464,,1624.085
e-1107,1784566385196.3691,1784566385799,1784566385803.0,1784566386770.5186,602.631,4.0,967.519,,1574.149
e-1108,1784566385246.3652,1784566385799,1784566385803.0,1784566386771.3003,552.635,4.0,968.3,,1524.935
e-1109,1784566385296.3623,1784566385799,1784566385803.0,1784566386771.3013,502.638,4.0,968.301,,1474.939
e-1110,1784566385346.358,1784566385799,1784566385803.0,1784566386771.3018,452.642,4.0,968.302,,1424.944
e-1111,1784566385396.3608,1784566385799,1784566385803.0,1784566386771.302,402.639,4.0,968.302,,1374.941
e-1112,1784566385446.364,1784566385799,1784566385803.0,1784566386771.3025,352.636,4.0,968.302,,1324.938
e-1113,1784566385496.364,1784566385799,1784566385803.0,1784566386771.3027,302.636,4.0,968.303,,1274.939
e-1114,1784566385546.3657,1784566385799,1784566385803.0,1784566386771.303,252.634,4.0,968.303,,1224.937
e-1115,1784566385596.3667,1784566385799,1784566385803.0,1784566386771.3035,202.633,4.0,968.303,,1174.937
e-1116,1784566385646.3638,1784566385799,1784566385804.0,1784566386771.3037,152.636,5.0,967.304,,1124.94
e-1117,1784566385696.3628,1784566385799,1784566385804.0,1784566386771.3196,102.637,5.0,967.32,,1074.957
e-1118,1784566385746.367,1784566385799,1784566385804.0,1784566386771.3198,52.633,5.0,967.32,,1024.953
e-1119,1784566385796.3647,1784566385799,1784566385804.0,1784566386771.3228,2.635,5.0,967.323,,974.958
e-1120,1784566385846.3638,1784566386848,1784566386853.0,1784566387766.994,1001.636,5.0,913.994,,1920.63
e-1121,1784566385896.3608,1784566386848,1784566386853.0,1784566387766.9966,951.639,5.0,913.997,,1870.636
e-1122,1784566385946.3635,1784566386848,1784566386853.0,1784566387766.9976,901.636,5.0,913.998,,1820.634
e-1123,1784566385996.3628,1784566386848,1784566386853.0,1784566387766.9983,851.637,5.0,913.998,,1770.635
e-1124,1784566386046.3662,1784566386848,1784566386853.0,1784566387766.999,801.634,5.0,913.999,,1720.633
e-1125,1784566386096.3616,1784566386848,1784566386853.0,1784566387766.9998,751.638,5.0,914.0,,1670.638
e-1126,1784566386146.413,1784566386848,1784566386853.0,1784566387767.0002,701.587,5.0,914.0,,1620.587
e-1127,1784566386196.3906,1784566386848,1784566386853.0,1784566387767.001,651.609,5.0,914.001,,1570.61
e-1128,1784566386246.3643,1784566386848,1784566386853.0,1784566387767.0015,601.636,5.0,914.001,,1520.637
e-1129,1784566386296.3638,1784566386848,1784566386853.0,1784566387767.0024,551.636,5.0,914.002,,1470.639
e-1130,1784566386346.366,1784566386848,1784566386853.0,1784566387767.003,501.634,5.0,914.003,,1420.637
e-1131,1784566386396.3616,1784566386848,1784566386854.0,1784566387767.0037,451.638,6.0,913.004,,1370.642
e-1132,1784566386446.3643,1784566386848,1784566386854.0,1784566387767.0042,401.636,6.0,913.004,,1320.64
e-1133,1784566386496.3743,1784566386848,1784566386854.0,1784566387767.005,351.626,6.0,913.005,,1270.631
e-1134,1784566386546.3682,1784566386848,1784566386854.0,1784566387767.0054,301.632,6.0,913.005,,1220.637
e-1135,1784566386596.3667,1784566386848,1784566386854.0,1784566387767.006,251.633,6.0,913.006,,1170.639
e-1136,1784566386646.368,1784566386848,1784566386854.0,1784566387767.0066,201.632,6.0,913.007,,1120.639
e-1137,1784566386696.367,1784566386848,1784566386854.0,1784566387767.007,151.633,6.0,913.007,,1070.64
e-1138,1784566386746.3655,1784566386848,1784566386854.0,1784566387767.0215,101.635,6.0,913.021,,1020.656
e-1139,1784566386796.367,1784566386848,1784566386854.0,1784566387767.022,51.633,6.0,913.022,,970.655
e-1140,1784566386846.365,1784566386848,1784566386854.0,1784566387767.0369,1.635,6.0,913.037,,920.672
e-1141,1784566386896.3728,1784566387897,1784566387901.0,1784566388767.8433,1000.627,4.0,866.843,,1871.47
e-1142,1784566386946.3652,1784566387897,1784566387901.0,1784566388767.8457,950.635,4.0,866.846,,1821.48
e-1143,1784566386996.3718,1784566387897,1784566387901.0,1784566388767.8467,900.628,4.0,866.847,,1771.475
e-1144,1784566387046.3628,1784566387897,1784566387901.0,1784566388767.8472,850.637,4.0,866.847,,1721.484
e-1145,1784566387096.3657,1784566387897,1784566387901.0,1784566388767.848,800.634,4.0,866.848,,1671.482
e-1146,1784566387146.3623,1784566387897,1784566387901.0,1784566388767.8486,750.638,4.0,866.849,,1621.486
e-1147,1784566387196.3667,1784566387897,1784566387901.0,1784566388767.849,700.633,4.0,866.849,,1571.482
e-1148,1784566387246.3752,1784566387897,1784566387901.0,1784566388767.8499,650.625,4.0,866.85,,1521.475
e-1149,1784566387296.3726,1784566387897,1784566387901.0,1784566388767.8503,600.627,4.0,866.85,,1471.478
e-1150,1784566387346.3613,1784566387897,1784566387901.0,1784566388767.851,550.639,4.0,866.851,,1421.49
e-1151,1784566387396.3652,1784566387897,1784566387901.0,1784566388767.8516,500.635,4.0,866.852,,1371.486
e-1152,1784566387446.361,1784566387897,1784566387901.0,1784566388767.852,450.639,4.0,866.852,,1321.491
e-1153,1784566387496.3728,1784566387897,1784566387901.0,1784566388767.8525,400.627,4.0,866.853,,1271.48
e-1154,1784566387546.3687,1784566387897,1784566387901.0,1784566388767.8533,350.631,4.0,866.853,,1221.485
e-1155,1784566387596.3691,1784566387897,1784566387901.0,1784566388767.8538,300.631,4.0,866.854,,1171.485
e-1156,1784566387646.369,1784566387897,1784566387901.0,1784566388767.8545,250.631,4.0,866.854,,1121.486
e-1157,1784566387696.367,1784566387897,1784566387901.0,1784566388767.855,200.633,4.0,866.855,,1071.488
e-1158,1784566387746.3672,1784566387897,1784566387902.0,1784566388767.8555,150.633,5.0,865.855,,1021.488
e-1159,1784566387796.3667,1784566387897,1784566387902.0,1784566388767.856,100.633,5.0,865.856,,971.489
e-1160,1784566387846.3643,1784566387897,1784566387902.0,1784566388767.8564,50.636,5.0,865.856,,921.492
e-1161,1784566387896.3657,1784566387897,1784566387902.0,1784566388767.869,0.634,5.0,865.869,,871.503
e-1162,1784566387946.3647,1784566388948,1784566388952.0,1784566389770.6028,1001.635,4.0,818.603,,1824.238
e-1163,1784566387996.3618,1784566388948,1784566388953.0,1784566389770.6057,951.638,5.0,817.606,,1774.244
e-1164,1784566388047.4175,1784566388948,1784566388953.0,1784566389770.6062,900.583,5.0,817.606,,1723.189
e-1165,1784566388096.3687,1784566388948,1784566388953.0,1784566389770.607,851.631,5.0,817.607,,1674.238
e-1166,1784566388146.3616,1784566388948,1784566388953.0,1784566389770.6074,801.638,5.0,817.607,,1624.246
e-1167,1784566388196.365,1784566388948,1784566388953.0,1784566389770.608,751.635,5.0,817.608,,1574.243
e-1168,1784566388246.3625,1784566388948,1784566388953.0,1784566389770.6084,701.637,5.0,817.608,,1524.246
e-1169,1784566388296.3647,1784566388948,1784566388953.0,1784566389770.609,651.635,5.0,817.609,,1474.244
e-1170,1784566388346.3572,1784566388948,1784566388953.0,1784566389770.6094,601.643,5.0,817.609,,1424.252
e-1171,1784566388396.3687,1784566388948,1784566388953.0,1784566389770.6099,551.631,5.0,817.61,,1374.241
e-1172,1784566388446.3667,1784566388948,1784566388953.0,1784566389770.61,501.633,5.0,817.61,,1324.243
e-1173,1784566388496.3594,1784566388948,1784566388953.0,1784566389770.6106,451.641,5.0,817.611,,1274.251
e-1174,1784566388546.3682,1784566388948,1784566388953.0,1784566389770.611,401.632,5.0,817.611,,1224.243
e-1175,1784566388596.3623,1784566388948,1784566388953.0,1784566389770.6116,351.638,5.0,817.612,,1174.249
e-1176,1784566388646.366,1784566388948,1784566388953.0,1784566389770.612,301.634,5.0,817.612,,1124.246
e-1177,1784566388696.3682,1784566388948,1784566388953.0,1784566389770.6123,251.632,5.0,817.612,,1074.244
e-1178,1784566388746.3645,1784566388948,1784566388953.0,1784566389770.6128,201.635,5.0,817.613,,1024.248
e-1179,1784566388796.364,1784566388948,1784566388953.0,1784566389770.6133,151.636,5.0,817.613,,974.249
e-1180,1784566388846.363,1784566388948,1784566388953.0,1784566389770.6138,101.637,5.0,817.614,,924.251
e-1181,1784566388896.36,1784566388948,1784566388953.0,1784566389770.626,51.64,5.0,817.626,,874.266
e-1182,1784566388946.364,1784566388948,1784566388953.0,1784566389770.6265,1.636,5.0,817.626,,824.262
e-1183,1784566388996.3623,1784566389998,1784566390002.0,1784566390780.6748,1001.638,4.0,778.675,,1784.312
e-1184,1784566389046.3677,1784566389998,1784566390002.0,1784566390780.6777,951.632,4.0,778.678,,1734.31
e-1185,1784566389096.3628,1784566389998,1784566390002.0,1784566390780.6902,901.637,4.0,778.69,,1684.327
e-1186,1784566389146.364,1784566389998,1784566390002.0,1784566390780.6907,851.636,4.0,778.691,,1634.327
e-1187,1784566389196.3633,1784566389998,1784566390002.0,1784566390780.6912,801.637,4.0,778.691,,1584.328
e-1188,1784566389246.3625,1784566389998,1784566390002.0,1784566390780.695,751.637,4.0,778.695,,1534.333
e-1189,1784566389296.3616,1784566389998,1784566390002.0,1784566390780.6956,701.638,4.0,778.696,,1484.334
e-1190,1784566389346.3616,1784566389998,1784566390002.0,1784566390780.6963,651.638,4.0,778.696,,1434.335
e-1191,1784566389396.3616,1784566389998,1784566390002.0,1784566390780.7493,601.638,4.0,778.749,,1384.388
e-1192,1784566389446.3625,1784566389998,1784566390002.0,1784566390780.75,551.637,4.0,778.75,,1334.387
e-1193,1784566389496.3647,1784566389998,1784566390002.0,1784566390780.7505,501.635,4.0,778.75,,1284.386
e-1194,1784566389546.3572,1784566389998,1784566390002.0,1784566390780.751,451.643,4.0,778.751,,1234.394
e-1195,1784566389596.3643,1784566389998,1784566390002.0,1784566390780.7517,401.636,4.0,778.752,,1184.387
e-1196,1784566389646.364,1784566389998,1784566390002.0,1784566390780.7524,351.636,4.0,778.752,,1134.388
e-1197,1784566389696.368,1784566389998,1784566390002.0,1784566390780.7532,301.632,4.0,778.753,,1084.385
e-1198,1784566389746.3704,1784566389998,1784566390002.0,1784566390780.7537,251.63,4.0,778.754,,1034.383
e-1199,1784566389796.367,1784566389998,1784566390002.0,1784566390780.7546,201.633,4.0,778.755,,984.388
e-1200,1784566389846.3643,1784566389998,1784566390002.0,1784566390780.7554,151.636,4.0,778.755,,934.391
e-1201,1784566389896.358,1784566389998,1784566390002.0,1784566390780.7559,101.642,4.0,778.756,,884.398
e-1202,1784566389946.3665,1784566389998,1784566390002.0,1784566390780.7563,51.634,4.0,778.756,,834.39
e-1203,1784566389996.3638,1784566389998,1784566390003.0,1784566390780.7573,1.636,5.0,777.757,,784.394
e-1204,1784566390046.3645,1784566391048,1784566391052.0,1784566391767.2454,1001.635,4.0,715.245,,1720.881
e-1205,1784566390096.3645,1784566391048,1784566391052.0,1784566391767.248,951.635,4.0,715.248,,1670.884
e-1206,1784566390148.5334,1784566391048,1784566391052.0,1784566391767.249,899.467,4.0,715.249,,1618.716
e-1207,1784566390196.3623,1784566391048,1784566391052.0,1784566391767.2498,851.638,4.0,715.25,,1570.887
e-1208,1784566390246.3557,1784566391048,1784566391052.0,1784566391767.2505,801.644,4.0,715.25,,1520.895
e-1209,1784566390296.361,1784566391048,1784566391052.0,1784566391767.2512,751.639,4.0,715.251,,1470.89
e-1210,1784566390346.36,1784566391048,1784566391052.0,1784566391767.2517,701.64,4.0,715.252,,1420.892
e-1211,1784566390396.3628,1784566391048,1784566391052.0,1784566391767.2524,651.637,4.0,715.252,,1370.89
e-1212,1784566390446.3647,1784566391048,1784566391052.0,1784566391767.253,601.635,4.0,715.253,,1320.888
e-1213,1784566390496.363,1784566391048,1784566391052.0,1784566391767.254,551.637,4.0,715.254,,1270.891
e-1214,1784566390546.3625,1784566391048,1784566391052.0,1784566391767.2551,501.637,4.0,715.255,,1220.893
e-1215,1784566390596.3586,1784566391048,1784566391052.0,1784566391767.2556,451.641,4.0,715.256,,1170.897
e-1216,1784566390646.3657,1784566391048,1784566391052.0,1784566391767.2566,401.634,4.0,715.257,,1120.891
e-1217,1784566390696.3657,1784566391048,1784566391052.0,1784566391767.2573,351.634,4.0,715.257,,1070.892
e-1218,1784566390746.3757,1784566391048,1784566391052.0,1784566391767.258,301.624,4.0,715.258,,1020.882
e-1219,1784566390796.3699,1784566391048,1784566391052.0,1784566391767.2585,251.63,4.0,715.259,,970.889
e-1220,1784566390846.3635,1784566391048,1784566391052.0,1784566391767.2593,201.636,4.0,715.259,,920.896
e-1221,1784566390896.3645,1784566391048,1784566391052.0,1784566391767.26,151.635,4.0,715.26,,870.896
e-1222,1784566390946.3645,1784566391048,1784566391052.0,1784566391767.2607,101.635,4.0,715.261,,820.896
e-1223,1784566390996.3625,1784566391048,1784566391052.0,1784566391767.2612,51.637,4.0,715.261,,770.899
e-1224,1784566391046.363,1784566391048,1784566391052.0,1784566391767.262,1.637,4.0,715.262,,720.899
e-1225,1784566391096.3625,1784566392099,1784566392102.0,1784566392767.222,1002.637,3.0,665.222,,1670.859
e-1226,1784566391146.3638,1784566392099,1784566392102.0,1784566392767.2244,952.636,3.0,665.224,,1620.861
e-1227,1784566391196.3645,1784566392099,1784566392102.0,1784566392767.225,902.635,3.0,665.225,,1570.861
e-1228,1784566391246.3672,1784566392099,1784566392102.0,1784566392767.2253,852.633,3.0,665.225,,1520.858
e-1229,1784566391296.3596,1784566392099,1784566392102.0,1784566392767.2358,802.64,3.0,665.236,,1470.876
e-1230,1784566391346.3591,1784566392099,1784566392102.0,1784566392767.2363,752.641,3.0,665.236,,1420.877
e-1231,1784566391396.3667,1784566392099,1784566392102.0,1784566392767.2368,702.633,3.0,665.237,,1370.87
e-1232,1784566391446.3848,1784566392099,1784566392102.0,1784566392767.2373,652.615,3.0,665.237,,1320.853
e-1233,1784566391496.3774,1784566392099,1784566392102.0,1784566392767.2378,602.623,3.0,665.238,,1270.86
e-1234,1784566391546.3696,1784566392099,1784566392102.0,1784566392767.2383,552.63,3.0,665.238,,1220.869
e-1235,1784566391596.3674,1784566392099,1784566392102.0,1784566392767.2388,502.633,3.0,665.239,,1170.871
e-1236,1784566391646.3594,1784566392099,1784566392102.0,1784566392767.2393,452.641,3.0,665.239,,1120.88
e-1237,1784566391696.3635,1784566392099,1784566392102.0,1784566392767.2395,402.636,3.0,665.24,,1070.876
e-1238,1784566391746.3667,1784566392099,1784566392102.0,1784566392767.24,352.633,3.0,665.24,,1020.873
e-1239,1784566391796.3647,1784566392099,1784566392102.0,1784566392767.2405,302.635,3.0,665.24,,970.876
e-1240,1784566391846.3596,1784566392099,1784566392102.0,1784566392767.2407,252.64,3.0,665.241,,920.881
e-1241,1784566391896.3628,1784566392099,1784566392103.0,1784566392767.241,202.637,4.0,664.241,,870.878
e-1242,1784566391946.3582,1784566392099,1784566392103.0,1784566392767.2415,152.642,4.0,664.241,,820.883
e-1243,1784566391996.368,1784566392099,1784566392103.0,1784566392767.2417,102.632,4.0,664.242,,770.874
e-1244,1784566392046.365,1784566392099,1784566392103.0,1784566392767.242,52.635,4.0,664.242,,720.877
e-1245,1784566392096.3645,1784566392099,1784566392103.0,1784566392767.2483,2.635,4.0,664.248,,670.884
e-1246,1784566392146.3667,1784566393148,1784566393152.0,1784566393767.1736,1001.633,4.0,615.174,,1620.807
e-1247,1784566392196.3699,1784566393148,1784566393152.0,1784566393767.1765,951.63,4.0,615.177,,1570.807
e-1248,1784566392246.3586,1784566393148,1784566393152.0,1784566393767.1772,901.641,4.0,615.177,,1520.819
e-1249,1784566392296.366,1784566393148,1784566393152.0,1784566393767.178,851.634,4.0,615.178,,1470.812
e-1250,1784566392346.3645,1784566393148,1784566393152.0,1784566393767.1787,801.635,4.0,615.179,,1420.814
e-1251,1784566392396.3635,1784566393148,1784566393152.0,1784566393767.18,751.636,4.0,615.18,,1370.816
e-1252,1784566392446.3591,1784566393148,1784566393152.0,1784566393767.181,701.641,4.0,615.181,,1320.822
e-1253,1784566392496.3694,1784566393148,1784566393152.0,1784566393767.1814,651.631,4.0,615.181,,1270.812
e-1254,1784566392546.3628,1784566393148,1784566393152.0,1784566393767.1816,601.637,4.0,615.182,,1220.819
e-1255,1784566392596.3655,1784566393148,1784566393152.0,1784566393767.1821,551.635,4.0,615.182,,1170.817
e-1256,1784566392646.363,1784566393148,1784566393152.0,1784566393767.1829,501.637,4.0,615.183,,1120.82
e-1257,1784566392696.3584,1784566393148,1784566393153.0,1784566393767.1934,451.642,5.0,614.193,,1070.835
e-1258,1784566392746.3813,1784566393148,1784566393153.0,1784566393767.1936,401.619,5.0,614.194,,1020.812
e-1259,1784566392796.3657,1784566393148,1784566393153.0,1784566393767.1938,351.634,5.0,614.194,,970.828
e-1260,1784566392846.3596,1784566393148,1784566393153.0,1784566393767.194,301.64,5.0,614.194,,920.834
e-1261,1784566392896.366,1784566393148,1784566393153.0,1784566393767.1943,251.634,5.0,614.194,,870.828
e-1262,1784566392946.367,1784566393148,1784566393153.0,1784566393767.1946,201.633,5.0,614.195,,820.828
e-1263,1784566392996.3743,1784566393148,1784566393153.0,1784566393767.1948,151.626,5.0,614.195,,770.821
e-1264,1784566393046.3657,1784566393148,1784566393153.0,1784566393767.195,101.634,5.0,614.195,,720.829
e-1265,1784566393096.3677,1784566393148,1784566393153.0,1784566393767.1953,51.632,5.0,614.195,,670.828
e-1266,1784566393146.366,1784566393148,1784566393153.0,1784566393767.1956,1.634,5.0,614.196,,620.83
e-1267,1784566393196.3667,1784566394198,1784566394202.0,1784566394663.7383,1001.633,4.0,461.738,,1467.372
e-1268,1784566393246.3662,1784566394198,1784566394202.0,1784566394663.7402,951.634,4.0,461.74,,1417.374
e-1269,1784566393296.3657,1784566394198,1784566394202.0,1784566394663.741,901.634,4.0,461.741,,1367.375
e-1270,1784566393346.3652,1784566394198,1784566394202.0,1784566394663.7415,851.635,4.0,461.741,,1317.376
e-1271,1784566393396.3696,1784566394198,1784566394202.0,1784566394663.742,801.63,4.0,461.742,,1267.372
e-1272,1784566393446.3655,1784566394198,1784566394202.0,1784566394663.7424,751.635,4.0,461.742,,1217.377
e-1273,1784566393496.365,1784566394198,1784566394202.0,1784566394663.743,701.635,4.0,461.743,,1167.378
e-1274,1784566393546.366,1784566394198,1784566394202.0,1784566394663.7434,651.634,4.0,461.743,,1117.377
e-1275,1784566393596.3652,1784566394198,1784566394202.0,1784566394663.744,601.635,4.0,461.744,,1067.379
e-1276,1784566393646.366,1784566394198,1784566394202.0,1784566394663.758,551.634,4.0,461.758,,1017.392
e-1277,1784566393696.3726,1784566394198,1784566394202.0,1784566394663.7583,501.627,4.0,461.758,,967.386
e-1278,1784566393746.3684,1784566394198,1784566394202.0,1784566394663.7588,451.632,4.0,461.759,,917.39
e-1279,1784566393796.3594,1784566394198,1784566394202.0,1784566394663.7593,401.641,4.0,461.759,,867.4
e-1280,1784566393846.3582,1784566394198,1784566394202.0,1784566394663.7598,351.642,4.0,461.76,,817.402
e-1281,1784566393896.3584,1784566394198,1784566394202.0,1784566394663.7603,301.642,4.0,461.76,,767.402
e-1282,1784566393946.3596,1784566394198,1784566394202.0,1784566394663.7607,251.64,4.0,461.761,,717.401
e-1283,1784566393996.361,1784566394198,1784566394202.0,1784566394663.7612,201.639,4.0,461.761,,667.4
e-1284,1784566394046.3684,1784566394198,1784566394202.0,1784566394663.7617,151.632,4.0,461.762,,617.393
e-1285,1784566394096.3674,1784566394198,1784566394202.0,1784566394663.7622,101.633,4.0,461.762,,567.395
e-1286,1784566394146.3606,1784566394198,1784566394202.0,1784566394663.7625,51.639,4.0,461.762,,517.402
e-1287,1784566394196.3665,1784566394198,1784566394202.0,1784566394663.763,1.634,4.0,461.763,,467.396
e-1288,1784566394246.3677,1784566395248,1784566395252.0,1784566395771.72,1001.632,4.0,519.72,,1525.352
e-1289,1784566394296.3699,1784566395248,1784566395252.0,1784566395771.7236,951.63,4.0,519.724,,1475.354
e-1290,1784566394346.3652,1784566395248,1784566395252.0,1784566395771.7246,901.635,4.0,519.725,,1425.359
e-1291,1784566394396.3647,1784566395248,1784566395252.0,1784566395771.7253,851.635,4.0,519.725,,1375.361
e-1292,1784566394446.366,1784566395248,1784566395252.0,1784566395771.726,801.634,4.0,519.726,,1325.36
e-1293,1784566394496.3696,1784566395248,1784566395252.0,1784566395771.727,751.63,4.0,519.727,,1275.357
e-1294,1784566394546.368,1784566395248,1784566395252.0,1784566395771.7283,701.632,4.0,519.728,,1225.36
e-1295,1784566394596.3682,1784566395248,1784566395252.0,1784566395771.7295,651.632,4.0,519.729,,1175.361
e-1296,1784566394646.3752,1784566395248,1784566395252.0,1784566395771.7302,601.625,4.0,519.73,,1125.355
e-1297,1784566394696.365,1784566395248,1784566395252.0,1784566395771.7312,551.635,4.0,519.731,,1075.366
e-1298,1784566394746.3655,1784566395248,1784566395252.0,1784566395771.7322,501.635,4.0,519.732,,1025.367
e-1299,1784566394796.3645,1784566395248,1784566395252.0,1784566395771.7336,451.635,4.0,519.734,,975.369
e-1300,1784566394846.3691,1784566395248,1784566395252.0,1784566395771.7344,401.631,4.0,519.734,,925.365
e-1301,1784566394896.367,1784566395248,1784566395252.0,1784566395771.7354,351.633,4.0,519.735,,875.368
e-1302,1784566394946.368,1784566395248,1784566395252.0,1784566395771.7363,301.632,4.0,519.736,,825.368
e-1303,1784566394996.373,1784566395248,1784566395252.0,1784566395771.737,251.627,4.0,519.737,,775.364
e-1304,1784566395046.3694,1784566395248,1784566395252.0,1784566395771.7375,201.631,4.0,519.738,,725.368
e-1305,1784566395096.3647,1784566395248,1784566395252.0,1784566395771.7385,151.635,4.0,519.739,,675.374
e-1306,1784566395146.367,1784566395248,1784566395252.0,1784566395771.739,101.633,4.0,519.739,,625.372
e-1307,1784566395196.366,1784566395248,1784566395252.0,1784566395771.7405,51.634,4.0,519.74,,575.375
e-1308,1784566395246.365,1784566395248,1784566395252.0,1784566395771.7412,1.635,4.0,519.741,,525.376
e-1309,1784566395296.3652,1784566396299,1784566396302.0,1784566396769.0366,1002.635,3.0,467.037,,1472.671
e-1310,1784566395346.3638,1784566396299,1784566396303.0,1784566396769.0396,952.636,4.0,466.04,,1422.676
e-1311,1784566395396.3655,1784566396299,1784566396303.0,1784566396769.0405,902.635,4.0,466.041,,1372.675
e-1312,1784566395446.3662,1784566396299,1784566396303.0,1784566396769.0413,852.634,4.0,466.041,,1322.675
e-1313,1784566395496.367,1784566396299,1784566396303.0,1784566396769.042,802.633,4.0,466.042,,1272.675
e-1314,1784566395546.3696,1784566396299,1784566396303.0,1784566396769.0427,752.63,4.0,466.043,,1222.673
e-1315,1784566395596.3696,1784566396299,1784566396303.0,1784566396769.0435,702.63,4.0,466.043,,1172.674
e-1316,1784566395646.3738,1784566396299,1784566396303.0,1784566396769.0444,652.626,4.0,466.044,,1122.671
e-1317,1784566395696.3755,1784566396299,1784566396303.0,1784566396769.0452,602.625,4.0,466.045,,1072.67
e-1318,1784566395746.381,1784566396299,1784566396303.0,1784566396769.046,552.619,4.0,466.046,,1022.665
e-1319,1784566395796.369,1784566396299,1784566396303.0,1784566396769.0618,502.631,4.0,466.062,,972.693
e-1320,1784566395846.371,1784566396299,1784566396303.0,1784566396769.0623,452.629,4.0,466.062,,922.691
e-1321,1784566395896.3772,1784566396299,1784566396303.0,1784566396769.0632,402.623,4.0,466.063,,872.686
e-1322,1784566395946.3662,1784566396299,1784566396303.0,1784566396769.064,352.634,4.0,466.064,,822.698
e-1323,1784566395996.3616,1784566396299,1784566396303.0,1784566396769.0647,302.638,4.0,466.065,,772.703
e-1324,1784566396046.366,1784566396299,1784566396303.0,1784566396769.0652,252.634,4.0,466.065,,722.699
e-1325,1784566396096.3628,1784566396299,1784566396303.0,1784566396769.066,202.637,4.0,466.066,,672.703
e-1326,1784566396146.37,1784566396299,1784566396303.0,1784566396769.071,152.63,4.0,466.071,,622.701
e-1327,1784566396196.3608,1784566396299,1784566396303.0,1784566396769.0718,102.639,4.0,466.072,,572.711
e-1328,1784566396246.371,1784566396299,1784566396303.0,1784566396769.0723,52.629,4.0,466.072,,522.701
e-1329,1784566396296.371,1784566396299,1784566396303.0,1784566396769.073,2.629,4.0,466.073,,472.702
e-1330,1784566396346.3662,1784566397348,1784566397352.0,1784566397767.773,1001.634,4.0,415.773,,1421.407
e-1331,1784566396396.3643,1784566397348,1784566397352.0,1784566397767.7754,951.636,4.0,415.775,,1371.411
e-1332,1784566396446.3726,1784566397348,1784566397352.0,1784566397767.7866,901.627,4.0,415.787,,1321.414
e-1333,1784566396496.371,1784566397348,1784566397353.0,1784566397767.7874,851.629,5.0,414.787,,1271.416
e-1334,1784566396546.3738,1784566397348,1784566397353.0,1784566397767.7878,801.626,5.0,414.788,,1221.414
e-1335,1784566396596.366,1784566397348,1784566397353.0,1784566397767.7886,751.634,5.0,414.789,,1171.423
e-1336,1784566396646.3665,1784566397348,1784566397353.0,1784566397767.7888,701.634,5.0,414.789,,1121.422
e-1337,1784566396696.3667,1784566397348,1784566397353.0,1784566397767.7893,651.633,5.0,414.789,,1071.423
e-1338,1784566396746.3906,1784566397348,1784566397353.0,1784566397767.7898,601.609,5.0,414.79,,1021.399
e-1339,1784566396796.3801,1784566397348,1784566397353.0,1784566397767.7903,551.62,5.0,414.79,,971.41
e-1340,1784566396846.3718,1784566397348,1784566397353.0,1784566397767.7905,501.628,5.0,414.791,,921.419
e-1341,1784566396896.3706,1784566397348,1784566397353.0,1784566397767.791,451.629,5.0,414.791,,871.42
e-1342,1784566396946.3804,1784566397348,1784566397353.0,1784566397767.7915,401.62,5.0,414.792,,821.411
e-1343,1784566396996.3665,1784566397348,1784566397353.0,1784566397767.792,351.634,5.0,414.792,,771.426
e-1344,1784566397046.3853,1784566397348,1784566397353.0,1784566397767.7922,301.615,5.0,414.792,,721.407
e-1345,1784566397096.3684,1784566397348,1784566397353.0,1784566397767.7927,251.632,5.0,414.793,,671.424
e-1346,1784566397146.3647,1784566397348,1784566397353.0,1784566397767.7932,201.635,5.0,414.793,,621.428
e-1347,1784566397196.3638,1784566397348,1784566397353.0,1784566397767.805,151.636,5.0,414.805,,571.441
e-1348,1784566397246.3638,1784566397348,1784566397353.0,1784566397767.8054,101.636,5.0,414.805,,521.442
e-1349,1784566397296.3665,1784566397348,1784566397353.0,1784566397767.806,51.634,5.0,414.806,,471.439
e-1350,1784566397346.3677,1784566397348,1784566397353.0,1784566397767.8062,1.632,5.0,414.806,,421.438
e-1351,1784566397396.372,1784566398398,1784566398402.0,1784566398667.997,1001.628,4.0,265.997,,1271.625
e-1352,1784566397446.3667,1784566398398,1784566398402.0,1784566398667.9995,951.633,4.0,266.0,,1221.633
e-1353,1784566397496.367,1784566398398,1784566398402.0,1784566398668.0107,901.633,4.0,266.011,,1171.644
e-1354,1784566397546.3657,1784566398398,1784566398402.0,1784566398668.011,851.634,4.0,266.011,,1121.645
e-1355,1784566397596.3677,1784566398398,1784566398402.0,1784566398668.0115,801.632,4.0,266.011,,1071.644
e-1356,1784566397646.3682,1784566398398,1784566398402.0,1784566398668.0117,751.632,4.0,266.012,,1021.644
e-1357,1784566397696.368,1784566398398,1784566398402.0,1784566398668.0122,701.632,4.0,266.012,,971.644
e-1358,1784566397746.3638,1784566398398,1784566398402.0,1784566398668.0125,651.636,4.0,266.012,,921.649
e-1359,1784566397796.3645,1784566398398,1784566398402.0,1784566398668.0476,601.635,4.0,266.048,,871.683
e-1360,1784566397846.3638,1784566398398,1784566398402.0,1784566398668.0479,551.636,4.0,266.048,,821.684
e-1361,1784566397896.3628,1784566398398,1784566398402.0,1784566398668.048,501.637,4.0,266.048,,771.685
e-1362,1784566397946.3694,1784566398398,1784566398402.0,1784566398668.0483,451.631,4.0,266.048,,721.679
e-1363,1784566397996.363,1784566398398,1784566398402.0,1784566398668.0583,401.637,4.0,266.058,,671.695
e-1364,1784566398046.363,1784566398398,1784566398402.0,1784566398668.0586,351.637,4.0,266.059,,621.696
e-1365,1784566398096.363,1784566398398,1784566398402.0,1784566398668.0588,301.637,4.0,266.059,,571.696
e-1366,1784566398146.3655,1784566398398,1784566398402.0,1784566398668.059,251.635,4.0,266.059,,521.694
e-1367,1784566398196.3655,1784566398398,1784566398402.0,1784566398668.0623,201.635,4.0,266.062,,471.697
e-1368,1784566398246.3665,1784566398398,1784566398402.0,1784566398668.0625,151.634,4.0,266.062,,421.696
e-1369,1784566398296.3662,1784566398398,1784566398402.0,1784566398668.0627,101.634,4.0,266.063,,371.697
e-1370,1784566398346.3643,1784566398398,1784566398403.0,1784566398668.063,51.636,5.0,265.063,,321.699
e-1371,1784566398396.3672,1784566398398,1784566398403.0,1784566398668.0632,1.633,5.0,265.063,,271.696
e-1372,1784566398446.3643,1784566399448,1784566399452.0,1784566399667.3357,1001.636,4.0,215.336,,1220.971
e-1373,1784566398496.3647,1784566399448,1784566399452.0,1784566399667.3386,951.635,4.0,215.339,,1170.974
e-1374,1784566398546.365,1784566399448,1784566399452.0,1784566399667.3513,901.635,4.0,215.351,,1120.986
e-1375,1784566398596.3674,1784566399448,1784566399452.0,1784566399667.3518,851.633,4.0,215.352,,1070.984
e-1376,1784566398646.3684,1784566399448,1784566399452.0,1784566399667.3525,801.632,4.0,215.353,,1020.984
e-1377,1784566398696.3699,1784566399448,1784566399452.0,1784566399667.353,751.63,4.0,215.353,,970.983
e-1378,1784566398746.3645,1784566399448,1784566399452.0,1784566399667.3535,701.635,4.0,215.354,,920.989
e-1379,1784566398796.3655,1784566399448,1784566399452.0,1784566399667.3542,651.635,4.0,215.354,,870.989
e-1380,1784566398846.363,1784566399448,1784566399452.0,1784566399667.355,601.637,4.0,215.355,,820.992
e-1381,1784566398896.3643,1784566399448,1784566399452.0,1784566399667.3557,551.636,4.0,215.356,,770.991
e-1382,1784566398946.3638,1784566399448,1784566399452.0,1784566399667.3562,501.636,4.0,215.356,,720.992
e-1383,1784566398996.3657,1784566399448,1784566399452.0,1784566399667.357,451.634,4.0,215.357,,670.991
e-1384,1784566399046.3784,1784566399448,1784566399452.0,1784566399667.358,401.622,4.0,215.358,,620.979
e-1385,1784566399096.366,1784566399448,1784566399452.0,1784566399667.3586,351.634,4.0,215.359,,570.993
e-1386,1784566399146.3577,1784566399448,1784566399452.0,1784566399667.3594,301.642,4.0,215.359,,521.002
e-1387,1784566399196.3633,1784566399448,1784566399452.0,1784566399667.36,251.637,4.0,215.36,,470.997
e-1388,1784566399246.3794,1784566399448,1784566399452.0,1784566399667.3606,201.621,4.0,215.361,,420.981
e-1389,1784566399296.3672,1784566399448,1784566399452.0,1784566399667.3613,151.633,4.0,215.361,,370.994
e-1390,1784566399346.3694,1784566399448,1784566399452.0,1784566399667.3618,101.631,4.0,215.362,,320.992
e-1391,1784566399396.3735,1784566399448,1784566399452.0,1784566399667.3625,51.626,4.0,215.363,,270.989
e-1392,1784566399446.368,1784566399448,1784566399452.0,1784566399667.3633,1.632,4.0,215.363,,220.995
e-1393,1784566399496.5522,1784566400498,1784566400501.0,1784566400770.3474,1001.448,3.0,269.347,,1273.795
e-1394,1784566399546.366,1784566400498,1784566400501.0,1784566400770.35,951.634,3.0,269.35,,1223.984
e-1395,1784566399596.3948,1784566400498,1784566400501.0,1784566400770.3638,901.605,3.0,269.364,,1173.969
e-1396,1784566399646.3752,1784566400498,1784566400501.0,1784566400770.3645,851.625,3.0,269.365,,1123.989
e-1397,1784566399696.3665,1784566400498,1784566400501.0,1784566400770.3687,801.634,3.0,269.369,,1074.002
e-1398,1784566399746.3665,1784566400498,1784566400501.0,1784566400770.3694,751.634,3.0,269.369,,1024.003
e-1399,1784566399796.3928,1784566400498,1784566400501.0,1784566400770.3696,701.607,3.0,269.37,,973.977
e-1400,1784566399846.3638,1784566400498,1784566400501.0,1784566400770.37,651.636,3.0,269.37,,924.006
e-1401,1784566399896.3733,1784566400498,1784566400501.0,1784566400770.3708,601.627,3.0,269.371,,873.998
e-1402,1784566399946.3691,1784566400498,1784566400501.0,1784566400770.3713,551.631,3.0,269.371,,824.002
e-1403,1784566399996.3784,1784566400498,1784566400501.0,1784566400770.3718,501.622,3.0,269.372,,773.993
e-1404,1784566400046.3726,1784566400498,1784566400501.0,1784566400770.372,451.627,3.0,269.372,,724.0
e-1405,1784566400096.3625,1784566400498,1784566400501.0,1784566400770.3774,401.637,3.0,269.377,,674.015
e-1406,1784566400146.3625,1784566400498,1784566400501.0,1784566400770.378,351.637,3.0,269.378,,624.015
e-1407,1784566400196.3623,1784566400498,1784566400501.0,1784566400770.3782,301.638,3.0,269.378,,574.016
e-1408,1784566400246.361,1784566400498,1784566400501.0,1784566400770.3787,251.639,3.0,269.379,,524.018
e-1409,1784566400296.3633,1784566400498,1784566400501.0,1784566400770.3823,201.637,3.0,269.382,,474.019
e-1410,1784566400346.3726,1784566400498,1784566400501.0,1784566400770.3828,151.627,3.0,269.383,,424.01
e-1411,1784566400396.3728,1784566400498,1784566400501.0,1784566400770.3833,101.627,3.0,269.383,,374.01
e-1412,1784566400446.373,1784566400498,1784566400501.0,1784566400770.3982,51.627,3.0,269.398,,324.025
e-1413,1784566400496.3757,1784566400498,1784566400501.0,1784566400770.399,1.624,3.0,269.399,,274.023
e-1414,1784566400546.3665,1784566401548,1784566401551.0,1784566401764.2466,1001.634,3.0,213.247,,1217.88
e-1415,1784566400596.365,1784566401548,1784566401552.0,1784566401764.25,951.635,4.0,212.25,,1167.885
e-1416,1784566400646.367,1784566401548,1784566401552.0,1784566401764.2507,901.633,4.0,212.251,,1117.884
e-1417,1784566400696.371,1784566401548,1784566401552.0,1784566401764.2688,851.629,4.0,212.269,,1067.898
e-1418,1784566400746.3765,1784566401548,1784566401552.0,1784566401764.2698,801.624,4.0,212.27,,1017.893
e-1419,1784566400796.3818,1784566401548,1784566401552.0,1784566401764.2703,751.618,4.0,212.27,,967.888
e-1420,1784566400846.3682,1784566401548,1784566401552.0,1784566401764.2708,701.632,4.0,212.271,,917.903
e-1421,1784566400896.3699,1784566401548,1784566401552.0,1784566401764.2712,651.63,4.0,212.271,,867.901
e-1422,1784566400946.3665,1784566401548,1784566401552.0,1784566401764.272,601.634,4.0,212.272,,817.906
e-1423,1784566400996.3657,1784566401548,1784566401552.0,1784566401764.2725,551.634,4.0,212.272,,767.907
e-1424,1784566401046.367,1784566401548,1784566401552.0,1784566401764.273,501.633,4.0,212.273,,717.906
e-1425,1784566401096.3975,1784566401548,1784566401552.0,1784566401764.2734,451.603,4.0,212.273,,667.876
e-1426,1784566401146.3633,1784566401548,1784566401552.0,1784566401764.274,401.637,4.0,212.274,,617.911
e-1427,1784566401196.3699,1784566401548,1784566401552.0,1784566401764.2744,351.63,4.0,212.274,,567.905
e-1428,1784566401246.3735,1784566401548,1784566401552.0,1784566401764.275,301.626,4.0,212.275,,517.901
e-1429,1784566401296.3647,1784566401548,1784566401552.0,1784566401764.2756,251.635,4.0,212.276,,467.911
e-1430,1784566401346.3657,1784566401548,1784566401552.0,1784566401764.2761,201.634,4.0,212.276,,417.91
e-1431,1784566401396.3665,1784566401548,1784566401552.0,1784566401764.2766,151.634,4.0,212.277,,367.91
e-1432,1784566401446.3677,1784566401548,1784566401552.0,1784566401764.277,101.632,4.0,212.277,,317.909
e-1433,1784566401496.365,1784566401548,1784566401552.0,1784566401764.2776,51.635,4.0,212.278,,267.913
e-1434,1784566401546.369,1784566401548,1784566401552.0,1784566401764.278,1.631,4.0,212.278,,217.909
e-1435,1784566401596.364,1784566402598,1784566402602.0,1784566402663.727,1001.636,4.0,61.727,,1067.363
e-1436,1784566401646.3655,1784566402598,1784566402602.0,1784566402663.731,951.635,4.0,61.731,,1017.365
e-1437,1784566401696.3657,1784566402598,1784566402602.0,1784566402663.732,901.634,4.0,61.732,,967.366
e-1438,1784566401746.3733,1784566402598,1784566402602.0,1784566402663.7466,851.627,4.0,61.747,,917.373
e-1439,1784566401796.3696,1784566402598,1784566402602.0,1784566402663.7476,801.63,4.0,61.748,,867.378
e-1440,1784566401846.367,1784566402598,1784566402602.0,1784566402663.7483,751.633,4.0,61.748,,817.381
e-1441,1784566401896.3662,1784566402598,1784566402602.0,1784566402663.7488,701.634,4.0,61.749,,767.383
e-1442,1784566401946.3704,1784566402598,1784566402602.0,1784566402663.7495,651.63,4.0,61.75,,717.379
e-1443,1784566401996.363,1784566402598,1784566402602.0,1784566402663.75,601.637,4.0,61.75,,667.387
e-1444,1784566402046.3694,1784566402598,1784566402602.0,1784566402663.751,551.631,4.0,61.751,,617.382
e-1445,1784566402096.3718,1784566402598,1784566402602.0,1784566402663.7517,501.628,4.0,61.752,,567.38
e-1446,1784566402146.3704,1784566402598,1784566402602.0,1784566402663.7522,451.63,4.0,61.752,,517.382
e-1447,1784566402196.368,1784566402598,1784566402602.0,1784566402663.753,401.632,4.0,61.753,,467.385
e-1448,1784566402246.3684,1784566402598,1784566402602.0,1784566402663.7537,351.632,4.0,61.754,,417.385
e-1449,1784566402296.3801,1784566402598,1784566402602.0,1784566402663.7542,301.62,4.0,61.754,,367.374
e-1450,1784566402346.3652,1784566402598,1784566402602.0,1784566402663.755,251.635,4.0,61.755,,317.39
e-1451,1784566402396.3708,1784566402598,1784566402602.0,1784566402663.7556,201.629,4.0,61.756,,267.385
e-1452,1784566402446.3765,1784566402598,1784566402602.0,1784566402663.7563,151.624,4.0,61.756,,217.38
e-1453,1784566402496.3628,1784566402598,1784566402602.0,1784566402663.7568,101.637,4.0,61.757,,167.394
e-1454,1784566402546.3677,1784566402598,1784566402602.0,1784566402663.7576,51.632,4.0,61.758,,117.39
e-1455,1784566402596.3618,1784566402598,1784566402602.0,1784566402663.7583,1.638,4.0,61.758,,67.396
e-1456,1784566402646.3718,1784566403649,1784566403737.0,1784566404763.9272,1002.628,88.0,1026.927,,2117.555
e-1457,1784566402696.382,1784566403649,1784566403738.0,1784566404763.9302,952.618,89.0,1025.93,,2067.548
e-1458,1784566402746.3687,1784566403649,1784566403738.0,1784566404763.931,902.631,89.0,1025.931,,2017.562
e-1459,1784566402796.3818,1784566403649,1784566403738.0,1784566404763.9436,852.618,89.0,1025.944,,1967.562
e-1460,1784566402846.38,1784566403649,1784566403738.0,1784566404763.9443,802.62,89.0,1025.944,,1917.564
e-1461,1784566402896.373,1784566403649,1784566403738.0,1784566404763.9446,752.627,89.0,1025.945,,1867.572
e-1462,1784566402946.3667,1784566403649,1784566403738.0,1784566404763.9453,702.633,89.0,1025.945,,1817.579
e-1463,1784566402996.3672,1784566403649,1784566403738.0,1784566404763.9458,652.633,89.0,1025.946,,1767.579
e-1464,1784566403046.3672,1784566403649,1784566403738.0,1784566404763.9463,602.633,89.0,1025.946,,1717.579
e-1465,1784566403096.3643,1784566403649,1784566403738.0,1784566404763.9468,552.636,89.0,1025.947,,1667.583
e-1466,1784566403146.3716,1784566403649,1784566403738.0,1784566404763.9473,502.628,89.0,1025.947,,1617.576
e-1467,1784566403196.3667,1784566403649,1784566403738.0,1784566404763.952,452.633,89.0,1025.952,,1567.585
e-1468,1784566403246.3574,1784566403649,1784566403738.0,1784566404763.9524,402.643,89.0,1025.952,,1517.595
e-1469,1784566403296.3628,1784566403649,1784566403738.0,1784566404763.9531,352.637,89.0,1025.953,,1467.59
e-1470,1784566403346.366,1784566403649,1784566403738.0,1784566404763.9539,302.634,89.0,1025.954,,1417.588
e-1471,1784566403396.363,1784566403649,1784566403738.0,1784566404763.9543,252.637,89.0,1025.954,,1367.591
e-1472,1784566403446.3787,1784566403649,1784566403738.0,1784566404763.9546,202.621,89.0,1025.955,,1317.576
e-1473,1784566403496.3755,1784566403649,1784566403738.0,1784566404763.9553,152.625,89.0,1025.955,,1267.58
e-1474,1784566403546.3835,1784566403649,1784566403738.0,1784566404763.9558,102.616,89.0,1025.956,,1217.572
e-1475,1784566403596.578,1784566403649,1784566403738.0,1784566404763.956,52.422,89.0,1025.956,,1167.378
e-1476,1784566403646.3809,1784566403649,1784566403738.0,1784566404763.972,2.619,89.0,1025.972,,1117.591
e-1477,1784566403696.3691,1784566404699,1784566404736.0,1784566405660.9268,1002.631,37.0,924.927,,1964.558
e-1478,1784566403746.3723,1784566404699,1784566404736.0,1784566405660.9297,952.628,37.0,924.93,,1914.557
e-1479,1784566403796.3767,1784566404699,1784566404736.0,1784566405660.931,902.623,37.0,924.931,,1864.554
e-1480,1784566403846.364,1784566404699,1784566404736.0,1784566405660.9458,852.636,37.0,924.946,,1814.582
e-1481,1784566403896.363,1784566404699,1784566404736.0,1784566405660.9514,802.637,37.0,924.951,,1764.588
e-1482,1784566403946.367,1784566404699,1784566404736.0,1784566405660.9521,752.633,37.0,924.952,,1714.585
e-1483,1784566403996.3657,1784566404699,1784566404736.0,1784566405660.9531,702.634,37.0,924.953,,1664.587
e-1484,1784566404046.3665,1784566404699,1784566404736.0,1784566405660.9539,652.634,37.0,924.954,,1614.587
e-1485,1784566404096.3762,1784566404699,1784566404736.0,1784566405660.9546,602.624,37.0,924.955,,1564.578
e-1486,1784566404146.362,1784566404699,1784566404736.0,1784566405660.9553,552.638,37.0,924.955,,1514.593
e-1487,1784566404196.3643,1784566404699,1784566404736.0,1784566405660.956,502.636,37.0,924.956,,1464.592
e-1488,1784566404246.3828,1784566404699,1784566404736.0,1784566405660.957,452.617,37.0,924.957,,1414.574
e-1489,1784566404296.3796,1784566404699,1784566404736.0,1784566405660.9578,402.62,37.0,924.958,,1364.578
e-1490,1784566404346.3694,1784566404699,1784566404736.0,1784566405660.9585,352.631,37.0,924.958,,1314.589
e-1491,1784566404396.37,1784566404699,1784566404736.0,1784566405660.9592,302.63,37.0,924.959,,1264.589
e-1492,1784566404446.3586,1784566404699,1784566404736.0,1784566405660.96,252.641,37.0,924.96,,1214.601
e-1493,1784566404496.3728,1784566404699,1784566404736.0,1784566405660.9607,202.627,37.0,924.961,,1164.588
e-1494,1784566404546.3726,1784566404699,1784566404736.0,1784566405660.9614,152.627,37.0,924.961,,1114.589
e-1495,1784566404596.3623,1784566404699,1784566404736.0,1784566405660.9622,102.638,37.0,924.962,,1064.6
e-1496,1784566404646.362,1784566404699,1784566404736.0,1784566405660.963,52.638,37.0,924.963,,1014.601
e-1497,1784566404696.3643,1784566404699,1784566404736.0,1784566405660.9636,2.636,37.0,924.964,,964.599
e-1498,1784566404746.3745,1784566405748,1784566405752.0,1784566406762.855,1001.625,4.0,1010.855,,2016.48
e-1499,1784566404796.3872,1784566405748,1784566405752.0,1784566406762.8577,951.613,4.0,1010.858,,1966.47
e-1500,1784566404846.3608,1784566405748,1784566405752.0,1784566406762.8584,901.639,4.0,1010.858,,1916.498
e-1501,1784566404896.3572,1784566405748,1784566405752.0,1784566406762.8591,851.643,4.0,1010.859,,1866.502
e-1502,1784566404946.365,1784566405748,1784566405752.0,1784566406762.8784,801.635,4.0,1010.878,,1816.513
e-1503,1784566404996.3674,1784566405748,1784566405752.0,1784566406762.8794,751.633,4.0,1010.879,,1766.512
e-1504,1784566405046.3643,1784566405748,1784566405752.0,1784566406762.88,701.636,4.0,1010.88,,1716.516
e-1505,1784566405096.3716,1784566405748,1784566405752.0,1784566406762.8804,651.628,4.0,1010.88,,1666.509
e-1506,1784566405146.3591,1784566405748,1784566405752.0,1784566406762.881,601.641,4.0,1010.881,,1616.522
e-1507,1784566405196.3735,1784566405748,1784566405752.0,1784566406762.8816,551.626,4.0,1010.882,,1566.508
e-1508,1784566405246.3794,1784566405748,1784566405752.0,1784566406762.882,501.621,4.0,1010.882,,1516.503
e-1509,1784566405296.3606,1784566405748,1784566405752.0,1784566406762.8826,451.639,4.0,1010.883,,1466.522
e-1510,1784566405346.367,1784566405748,1784566405752.0,1784566406762.9001,401.633,4.0,1010.9,,1416.533
e-1511,1784566405396.3691,1784566405748,1784566405752.0,1784566406762.9006,351.631,4.0,1010.901,,1366.531
e-1512,1784566405446.3542,1784566405748,1784566405752.0,1784566406762.9011,301.646,4.0,1010.901,,1316.547
e-1513,1784566405496.3745,1784566405748,1784566405752.0,1784566406762.9055,251.625,4.0,1010.906,,1266.531
e-1514,1784566405546.365,1784566405748,1784566405752.0,1784566406762.906,201.635,4.0,1010.906,,1216.541
e-1515,1784566405596.3718,1784566405748,1784566405752.0,1784566406762.9065,151.628,4.0,1010.906,,1166.535
e-1516,1784566405646.37,1784566405748,1784566405752.0,1784566406762.907,101.63,4.0,1010.907,,1116.537
e-1517,1784566405696.37,1784566405748,1784566405752.0,1784566406762.9075,51.63,4.0,1010.907,,1066.537
e-1518,1784566405746.3672,1784566405748,1784566405752.0,1784566406762.9082,1.633,4.0,1010.908,,1016.541
e-1519,1784566405796.3643,1784566406798,1784566406802.0,1784566407660.2563,1001.636,4.0,858.256,,1863.892
e-1520,1784566405846.3594,1784566406798,1784566406802.0,1784566407660.2598,951.641,4.0,858.26,,1813.9
e-1521,1784566405896.3584,1784566406798,1784566406802.0,1784566407660.2605,901.642,4.0,858.26,,1763.902
e-1522,1784566405946.3481,1784566406798,1784566406802.0,1784566407660.2612,851.652,4.0,858.261,,1713.913
e-1523,1784566405996.3574,1784566406798,1784566406802.0,1784566407660.2742,801.643,4.0,858.274,,1663.917
e-1524,1784566406046.362,1784566406798,1784566406802.0,1784566407660.2747,751.638,4.0,858.275,,1613.913
e-1525,1784566406096.377,1784566406798,1784566406802.0,1784566407660.2751,701.623,4.0,858.275,,1563.898
e-1526,1784566406146.3616,1784566406798,1784566406802.0,1784566407660.276,651.638,4.0,858.276,,1513.914
e-1527,1784566406196.368,1784566406798,1784566406802.0,1784566407660.2808,601.632,4.0,858.281,,1463.913
e-1528,1784566406246.3591,1784566406798,1784566406802.0,1784566407660.2815,551.641,4.0,858.281,,1413.922
e-1529,1784566406296.3838,1784566406798,1784566406802.0,1784566407660.282,501.616,4.0,858.282,,1363.898
e-1530,1784566406346.374,1784566406798,1784566406802.0,1784566407660.2825,451.626,4.0,858.282,,1313.908
e-1531,1784566406396.3599,1784566406798,1784566406802.0,1784566407660.283,401.64,4.0,858.283,,1263.923
e-1532,1784566406446.3628,1784566406798,1784566406802.0,1784566407660.2834,351.637,4.0,858.283,,1213.921
e-1533,1784566406496.3665,1784566406798,1784566406802.0,1784566407660.284,301.634,4.0,858.284,,1163.917
e-1534,1784566406546.3616,1784566406798,1784566406802.0,1784566407660.2844,251.638,4.0,858.284,,1113.923
e-1535,1784566406596.3835,1784566406798,1784566406802.0,1784566407660.285,201.616,4.0,858.285,,1063.901
e-1536,1784566406646.3748,1784566406798,1784566406802.0,1784566407660.2854,151.625,4.0,858.285,,1013.911
e-1537,1784566406696.3713,1784566406798,1784566406802.0,1784566407660.2861,101.629,4.0,858.286,,963.915
e-1538,1784566406746.374,1784566406798,1784566406803.0,1784566407660.2866,51.626,5.0,857.287,,913.913
e-1539,1784566406796.3672,1784566406798,1784566406803.0,1784566407660.287,1.633,5.0,857.287,,863.92
e-1540,1784566406846.3682,1784566407849,1784566407853.0,1784566408762.8586,1002.632,4.0,909.859,,1916.49
e-1541,1784566406896.3787,1784566407849,1784566407853.0,1784566408762.861,952.621,4.0,909.861,,1866.482
e-1542,1784566406946.377,1784566407849,1784566407853.0,1784566408762.8616,902.623,4.0,909.862,,1816.485
e-1543,1784566406996.3843,1784566407849,1784566407853.0,1784566408762.8618,852.616,4.0,909.862,,1766.478
e-1544,1784566407046.37,1784566407849,1784566407853.0,1784566408762.8718,802.63,4.0,909.872,,1716.502
e-1545,1784566407096.381,1784566407849,1784566407853.0,1784566408762.8723,752.619,4.0,909.872,,1666.491
e-1546,1784566407146.3633,1784566407849,1784566407853.0,1784566408762.8726,702.637,4.0,909.873,,1616.509
e-1547,1784566407196.3835,1784566407849,1784566407853.0,1784566408762.873,652.616,4.0,909.873,,1566.49
e-1548,1784566407246.3645,1784566407849,1784566407853.0,1784566408762.8733,602.635,4.0,909.873,,1516.509
e-1549,1784566407296.3713,1784566407849,1784566407853.0,1784566408762.8738,552.629,4.0,909.874,,1466.502
e-1550,1784566407346.3677,1784566407849,1784566407853.0,1784566408762.874,502.632,4.0,909.874,,1416.506
e-1551,1784566407396.3813,1784566407849,1784566407853.0,1784566408762.8743,452.619,4.0,909.874,,1366.493
e-1552,1784566407446.3584,1784566407849,1784566407853.0,1784566408762.8748,402.642,4.0,909.875,,1316.516
e-1553,1784566407496.3652,1784566407849,1784566407853.0,1784566408762.875,352.635,4.0,909.875,,1266.51
e-1554,1784566407546.368,1784566407849,1784566407853.0,1784566408762.8755,302.632,4.0,909.875,,1216.508
e-1555,1784566407596.3613,1784566407849,1784566407853.0,1784566408762.876,252.639,4.0,909.876,,1166.515
e-1556,1784566407646.3596,1784566407849,1784566407853.0,1784566408762.8762,202.64,4.0,909.876,,1116.517
e-1557,1784566407696.3672,1784566407849,1784566407853.0,1784566408762.8765,152.633,4.0,909.876,,1066.509
e-1558,1784566407746.3582,1784566407849,1784566407853.0,1784566408762.877,102.642,4.0,909.877,,1016.519
e-1559,1784566407796.403,1784566407849,1784566407853.0,1784566408762.8772,52.597,4.0,909.877,,966.474
e-1560,1784566407846.3813,1784566407849,1784566407854.0,1784566408762.8777,2.619,5.0,908.878,,916.496
e-1561,1784566407896.3914,1784566408897,1784566408901.0,1784566409765.6533,1000.609,4.0,864.653,,1869.262
e-1562,1784566407946.3657,1784566408897,1784566408901.0,1784566409765.656,950.634,4.0,864.656,,1819.29
e-1563,1784566407996.3748,1784566408897,1784566408901.0,1784566409765.6565,900.625,4.0,864.656,,1769.282
e-1564,1784566408046.3694,1784566408897,1784566408901.0,1784566409765.657,850.631,4.0,864.657,,1719.288
e-1565,1784566408096.3704,1784566408897,1784566408901.0,1784566409765.6675,800.63,4.0,864.667,,1669.297
e-1566,1784566408146.38,1784566408897,1784566408901.0,1784566409765.668,750.62,4.0,864.668,,1619.288
e-1567,1784566408196.365,1784566408897,1784566408901.0,1784566409765.6682,700.635,4.0,864.668,,1569.303
e-1568,1784566408246.3677,1784566408897,1784566408901.0,1784566409765.6687,650.632,4.0,864.669,,1519.301
e-1569,1784566408296.3752,1784566408897,1784566408901.0,1784566409765.6716,600.625,4.0,864.672,,1469.296
e-1570,1784566408346.363,1784566408897,1784566408901.0,1784566409765.672,550.637,4.0,864.672,,1419.309
e-1571,1784566408396.3645,1784566408897,1784566408901.0,1784566409765.6726,500.635,4.0,864.673,,1369.308
e-1572,1784566408446.3665,1784566408897,1784566408901.0,1784566409765.6729,450.634,4.0,864.673,,1319.306
e-1573,1784566408496.369,1784566408897,1784566408901.0,1784566409765.6733,400.631,4.0,864.673,,1269.304
e-1574,1784566408546.3699,1784566408897,1784566408901.0,1784566409765.6736,350.63,4.0,864.674,,1219.304
e-1575,1784566408596.3596,1784566408897,1784566408901.0,1784566409765.674,300.64,4.0,864.674,,1169.314
e-1576,1784566408646.3625,1784566408897,1784566408901.0,1784566409765.6743,250.637,4.0,864.674,,1119.312
e-1577,1784566408696.3545,1784566408897,1784566408901.0,1784566409765.6746,200.646,4.0,864.675,,1069.32
e-1578,1784566408746.365,1784566408897,1784566408901.0,1784566409765.675,150.635,4.0,864.675,,1019.31
e-1579,1784566408796.3647,1784566408897,1784566408901.0,1784566409765.6753,100.635,4.0,864.675,,969.311
e-1580,1784566408846.3633,1784566408897,1784566408901.0,1784566409765.6758,50.637,4.0,864.676,,919.312
e-1581,1784566408896.3684,1784566409899,1784566409902.0,1784566410767.8545,1002.632,3.0,865.854,,1871.486
e-1582,1784566408947.6758,1784566409899,1784566409903.0,1784566410767.8582,951.324,4.0,864.858,,1820.182
e-1583,1784566408996.3674,1784566409899,1784566409903.0,1784566410767.8591,902.633,4.0,864.859,,1771.492
e-1584,1784566409046.3748,1784566409899,1784566409903.0,1784566410767.86,852.625,4.0,864.86,,1721.485
e-1585,1784566409096.361,1784566409899,1784566409903.0,1784566410767.862,802.639,4.0,864.862,,1671.501
e-1586,1784566409146.3743,1784566409899,1784566409903.0,1784566410767.8782,752.626,4.0,864.878,,1621.504
e-1587,1784566409196.357,1784566409899,1784566409903.0,1784566410767.884,702.643,4.0,864.884,,1571.527
e-1588,1784566409246.3796,1784566409899,1784566409903.0,1784566410767.885,652.62,4.0,864.885,,1521.505
e-1589,1784566409296.3599,1784566409899,1784566409903.0,1784566410767.886,602.64,4.0,864.886,,1471.526
e-1590,1784566409346.3518,1784566409899,1784566409903.0,1784566410767.8867,552.648,4.0,864.887,,1421.535
e-1591,1784566409396.3516,1784566409899,1784566409903.0,1784566410767.8877,502.648,4.0,864.888,,1371.536
e-1592,1784566409446.3625,1784566409899,1784566409903.0,1784566410767.8887,452.637,4.0,864.889,,1321.526
e-1593,1784566409496.3528,1784566409899,1784566409903.0,1784566410767.8894,402.647,4.0,864.889,,1271.537
e-1594,1784566409546.3538,1784566409899,1784566409903.0,1784566410767.8904,352.646,4.0,864.89,,1221.537
e-1595,1784566409596.3647,1784566409899,1784566409903.0,1784566410767.8916,302.635,4.0,864.892,,1171.527
e-1596,1784566409646.3633,1784566409899,1784566409903.0,1784566410767.8923,252.637,4.0,864.892,,1121.529
e-1597,1784566409696.3503,1784566409899,1784566409903.0,1784566410767.893,202.65,4.0,864.893,,1071.543
e-1598,1784566409746.3662,1784566409899,1784566409903.0,1784566410767.894,152.634,4.0,864.894,,1021.528
e-1599,1784566409796.3674,1784566409899,1784566409903.0,1784566410767.8948,102.633,4.0,864.895,,971.527
e-1600,1784566409846.362,1784566409899,1784566409903.0,1784566410767.8955,52.638,4.0,864.896,,921.533
e-1601,1784566409896.3599,1784566409899,1784566409903.0,1784566410767.8962,2.64,4.0,864.896,,871.536
e-1602,1784566409946.3645,1784566410949,1784566410952.0,1784566411762.6934,1002.635,3.0,810.693,,1816.329
e-1603,1784566409996.3582,1784566410949,1784566410953.0,1784566411762.6958,952.642,4.0,809.696,,1766.338
e-1604,1784566410046.3643,1784566410949,1784566410953.0,1784566411762.6965,902.636,4.0,809.697,,1716.332
e-1605,1784566410096.3608,1784566410949,1784566410953.0,1784566411762.6973,852.639,4.0,809.697,,1666.336
e-1606,1784566410146.3564,1784566410949,1784566410953.0,1784566411762.698,802.644,4.0,809.698,,1616.342
e-1607,1784566410196.3704,1784566410949,1784566410953.0,1784566411762.6985,752.63,4.0,809.698,,1566.328
e-1608,1784566410246.3782,1784566410949,1784566410953.0,1784566411762.711,702.622,4.0,809.711,,1516.333
e-1609,1784566410296.3743,1784566410949,1784566410953.0,1784566411762.7117,652.626,4.0,809.712,,1466.337
e-1610,1784566410346.3608,1784566410949,1784566410953.0,1784566411762.7122,602.639,4.0,809.712,,1416.351
e-1611,1784566410396.3816,1784566410949,1784566410953.0,1784566411762.7126,552.618,4.0,809.713,,1366.331
e-1612,1784566410446.3618,1784566410949,1784566410953.0,1784566411762.7131,502.638,4.0,809.713,,1316.351
e-1613,1784566410496.371,1784566410949,1784566410953.0,1784566411762.7136,452.629,4.0,809.714,,1266.343
e-1614,1784566410546.3599,1784566410949,1784566410953.0,1784566411762.719,402.64,4.0,809.719,,1216.359
e-1615,1784566410596.3635,1784566410949,1784566410953.0,1784566411762.7197,352.636,4.0,809.72,,1166.356
e-1616,1784566410646.3638,1784566410949,1784566410953.0,1784566411762.7205,302.636,4.0,809.72,,1116.357
e-1617,1784566410696.3672,1784566410949,1784566410953.0,1784566411762.7212,252.633,4.0,809.721,,1066.354
e-1618,1784566410746.3635,1784566410949,1784566410953.0,1784566411762.722,202.636,4.0,809.722,,1016.358
e-1619,1784566410796.3726,1784566410949,1784566410953.0,1784566411762.7227,152.627,4.0,809.723,,966.35
e-1620,1784566410846.3635,1784566410949,1784566410953.0,1784566411762.7231,102.636,4.0,809.723,,916.36
e-1621,1784566410896.3328,1784566410949,1784566410953.0,1784566411762.7239,52.667,4.0,809.724,,866.391
e-1622,1784566410946.3599,1784566410949,1784566410953.0,1784566411762.7249,2.64,4.0,809.725,,816.365
e-1623,1784566410996.3655,1784566411999,1784566412004.0,1784566412661.1748,1002.635,5.0,657.175,,1664.809
e-1624,1784566411046.3638,1784566411999,1784566412004.0,1784566412661.1772,952.636,5.0,657.177,,1614.813
e-1625,1784566411096.367,1784566411999,1784566412004.0,1784566412661.178,902.633,5.0,657.178,,1564.811
e-1626,1784566411146.3628,1784566411999,1784566412004.0,1784566412661.1785,852.637,5.0,657.178,,1514.816
e-1627,1784566411196.3645,1784566411999,1784566412004.0,1784566412661.179,802.635,5.0,657.179,,1464.814
e-1628,1784566411246.3613,1784566411999,1784566412004.0,1784566412661.1794,752.639,5.0,657.179,,1414.818
e-1629,1784566411296.3525,1784566411999,1784566412004.0,1784566412661.1921,702.647,5.0,657.192,,1364.84
e-1630,1784566411346.3618,1784566411999,1784566412004.0,1784566412661.1926,652.638,5.0,657.193,,1314.831
e-1631,1784566411396.3691,1784566411999,1784566412004.0,1784566412661.193,602.631,5.0,657.193,,1264.824
e-1632,1784566411446.3416,1784566411999,1784566412004.0,1784566412661.1936,552.658,5.0,657.194,,1214.852
e-1633,1784566411496.3682,1784566411999,1784566412004.0,1784566412661.1938,502.632,5.0,657.194,,1164.826
e-1634,1784566411546.3625,1784566411999,1784566412004.0,1784566412661.1943,452.637,5.0,657.194,,1114.832
e-1635,1784566411596.364,1784566411999,1784566412004.0,1784566412661.1948,402.636,5.0,657.195,,1064.831
e-1636,1784566411646.364,1784566411999,1784566412004.0,1784566412661.1953,352.636,5.0,657.195,,1014.831
e-1637,1784566411696.3691,1784566411999,1784566412004.0,1784566412661.1958,302.631,5.0,657.196,,964.827
e-1638,1784566411746.3735,1784566411999,1784566412004.0,1784566412661.1963,252.626,5.0,657.196,,914.823
e-1639,1784566411796.365,1784566411999,1784566412004.0,1784566412661.1968,202.635,5.0,657.197,,864.832
e-1640,1784566411846.3616,1784566411999,1784566412004.0,1784566412661.1973,152.638,5.0,657.197,,814.836
e-1641,1784566411896.3665,1784566411999,1784566412004.0,1784566412661.1978,102.634,5.0,657.198,,764.831
e-1642,1784566411946.363,1784566411999,1784566412004.0,1784566412661.1982,52.637,5.0,657.198,,714.835
e-1643,1784566411996.368,1784566411999,1784566412004.0,1784566412661.1987,2.632,5.0,657.199,,664.831
e-1644,1784566412046.3667,1784566413048,1784566413052.0,1784566413763.8386,1001.633,4.0,711.839,,1717.472
e-1645,1784566412096.3662,1784566413048,1784566413052.0,1784566413763.8406,951.634,4.0,711.841,,1667.474
e-1646,1784566412146.3665,1784566413048,1784566413052.0,1784566413763.841,901.634,4.0,711.841,,1617.475
e-1647,1784566412196.3657,1784566413048,1784566413052.0,1784566413763.8413,851.634,4.0,711.841,,1567.476
e-1648,1784566412246.3645,1784566413048,1784566413052.0,1784566413763.8418,801.635,4.0,711.842,,1517.477
e-1649,1784566412296.3623,1784566413048,1784566413052.0,1784566413763.8423,751.638,4.0,711.842,,1467.48
e-1650,1784566412346.363,1784566413048,1784566413052.0,1784566413763.8528,701.637,4.0,711.853,,1417.49
e-1651,1784566412396.3657,1784566413048,1784566413052.0,1784566413763.8533,651.634,4.0,711.853,,1367.488
e-1652,1784566412446.3643,1784566413048,1784566413052.0,1784566413763.8535,601.636,4.0,711.854,,1317.489
e-1653,1784566412496.3745,1784566413048,1784566413052.0,1784566413763.854,551.625,4.0,711.854,,1267.479
e-1654,1784566412546.3667,1784566413048,1784566413052.0,1784566413763.8542,501.633,4.0,711.854,,1217.488
e-1655,1784566412596.366,1784566413048,1784566413052.0,1784566413763.858,451.634,4.0,711.858,,1167.492
e-1656,1784566412646.3682,1784566413048,1784566413052.0,1784566413763.8586,401.632,4.0,711.859,,1117.49
e-1657,1784566412696.3906,1784566413048,1784566413052.0,1784566413763.859,351.609,4.0,711.859,,1067.468
e-1658,1784566412746.362,1784566413048,1784566413052.0,1784566413763.8594,301.638,4.0,711.859,,1017.497
e-1659,1784566412796.3865,1784566413048,1784566413052.0,1784566413763.8623,251.614,4.0,711.862,,967.476
e-1660,1784566412846.362,1784566413048,1784566413052.0,1784566413763.8628,201.638,4.0,711.863,,917.501
e-1661,1784566412896.3628,1784566413048,1784566413052.0,1784566413763.863,151.637,4.0,711.863,,867.5
e-1662,1784566412946.3625,1784566413048,1784566413052.0,1784566413763.8635,101.637,4.0,711.864,,817.501
e-1663,1784566412996.3682,1784566413048,1784566413052.0,1784566413763.8638,51.632,4.0,711.864,,767.496
e-1664,1784566413046.362,1784566413048,1784566413052.0,1784566413763.864,1.638,4.0,711.864,,717.502
e-1665,1784566413096.3774,1784566414098,1784566414102.0,1784566414763.2866,1001.623,4.0,661.287,,1666.909
e-1666,1784566413146.3625,1784566414098,1784566414102.0,1784566414763.2903,951.637,4.0,661.29,,1616.928
e-1667,1784566413196.368,1784566414098,1784566414102.0,1784566414763.2915,901.632,4.0,661.292,,1566.924
e-1668,1784566413246.3633,1784566414098,1784566414102.0,1784566414763.2922,851.637,4.0,661.292,,1516.929
e-1669,1784566413296.3618,1784566414098,1784566414102.0,1784566414763.293,801.638,4.0,661.293,,1466.931
e-1670,1784566413346.3613,1784566414098,1784566414102.0,1784566414763.294,751.639,4.0,661.294,,1416.933
e-1671,1784566413396.3694,1784566414098,1784566414102.0,1784566414763.2947,701.631,4.0,661.295,,1366.925
e-1672,1784566413446.367,1784566414098,1784566414102.0,1784566414763.3103,651.633,4.0,661.31,,1316.943
e-1673,1784566413496.364,1784566414098,1784566414102.0,1784566414763.3113,601.636,4.0,661.311,,1266.947
e-1674,1784566413546.3604,1784566414098,1784566414102.0,1784566414763.3118,551.64,4.0,661.312,,1216.951
e-1675,1784566413596.3667,1784566414098,1784566414102.0,1784566414763.3125,501.633,4.0,661.312,,1166.946
e-1676,1784566413646.3674,1784566414098,1784566414102.0,1784566414763.329,451.633,4.0,661.329,,1116.962
e-1677,1784566413696.3704,1784566414098,1784566414102.0,1784566414763.3298,401.63,4.0,661.33,,1066.959
e-1678,1784566413746.363,1784566414098,1784566414102.0,1784566414763.3303,351.637,4.0,661.33,,1016.967
e-1679,1784566413796.3704,1784566414098,1784566414102.0,1784566414763.3308,301.63,4.0,661.331,,966.96
e-1680,1784566413846.3647,1784566414098,1784566414102.0,1784566414763.3313,251.635,4.0,661.331,,916.967
e-1681,1784566413896.366,1784566414098,1784566414102.0,1784566414763.3318,201.634,4.0,661.332,,866.966
e-1682,1784566413946.3662,1784566414098,1784566414102.0,1784566414763.3323,151.634,4.0,661.332,,816.966
e-1683,1784566413996.3682,1784566414098,1784566414102.0,1784566414763.3328,101.632,4.0,661.333,,766.965
e-1684,1784566414046.3677,1784566414098,1784566414102.0,1784566414763.3333,51.632,4.0,661.333,,716.966
e-1685,1784566414096.3691,1784566414098,1784566414102.0,1784566414763.3337,1.631,4.0,661.334,,666.965
e-1686,1784566414146.363,1784566415148,1784566415152.0,1784566415663.1062,1001.637,4.0,511.106,,1516.743
e-1687,1784566414196.3665,1784566415148,1784566415152.0,1784566415663.1094,951.634,4.0,511.109,,1466.743
e-1688,1784566414246.3682,1784566415148,1784566415152.0,1784566415663.1104,901.632,4.0,511.11,,1416.742
e-1689,1784566414296.3584,1784566415148,1784566415152.0,1784566415663.1108,851.642,4.0,511.111,,1366.752
e-1690,1784566414346.3623,1784566415148,1784566415152.0,1784566415663.1118,801.638,4.0,511.112,,1316.75
e-1691,1784566414396.3645,1784566415148,1784566415152.0,1784566415663.1125,751.635,4.0,511.113,,1266.748
e-1692,1784566414446.3655,1784566415148,1784566415152.0,1784566415663.113,701.635,4.0,511.113,,1216.748
e-1693,1784566414496.364,1784566415148,1784566415152.0,1784566415663.1265,651.636,4.0,511.126,,1166.762
e-1694,1784566414546.3606,1784566415148,1784566415152.0,1784566415663.127,601.639,4.0,511.127,,1116.766
e-1695,1784566414596.3643,1784566415148,1784566415152.0,1784566415663.1274,551.636,4.0,511.127,,1066.763
e-1696,1784566414646.3616,1784566415148,1784566415152.0,1784566415663.1277,501.638,4.0,511.128,,1016.766
e-1697,1784566414696.3618,1784566415148,1784566415152.0,1784566415663.1282,451.638,4.0,511.128,,966.766
e-1698,1784566414746.3687,1784566415148,1784566415152.0,1784566415663.1287,401.631,4.0,511.129,,916.76
e-1699,1784566414796.364,1784566415148,1784566415152.0,1784566415663.129,351.636,4.0,511.129,,866.765
e-1700,1784566414846.356,1784566415148,1784566415152.0,1784566415663.1294,301.644,4.0,511.129,,816.773
e-1701,1784566414896.361,1784566415148,1784566415152.0,1784566415663.13,251.639,4.0,511.13,,766.769
e-1702,1784566414946.3672,1784566415148,1784566415152.0,1784566415663.1304,201.633,4.0,511.13,,716.763
e-1703,1784566414996.3691,1784566415148,1784566415152.0,1784566415663.1306,151.631,4.0,511.131,,666.761
e-1704,1784566415046.3655,1784566415148,1784566415152.0,1784566415663.131,101.635,4.0,511.131,,616.766
e-1705,1784566415096.3667,1784566415148,1784566415152.0,1784566415663.1316,51.633,4.0,511.132,,566.765
e-1706,1784566415146.364,1784566415148,1784566415152.0,1784566415663.132,1.636,4.0,511.132,,516.768
e-1707,1784566415196.3716,1784566416198,1784566416202.0,1784566416765.2502,1001.628,4.0,563.25,,1568.879
e-1708,1784566415246.3674,1784566416198,1784566416202.0,1784566416765.253,951.633,4.0,563.253,,1518.885
e-1709,1784566415296.3657,1784566416198,1784566416202.0,1784566416765.2534,901.634,4.0,563.253,,1468.888
e-1710,1784566415346.3618,1784566416198,1784566416202.0,1784566416765.254,851.638,4.0,563.254,,1418.892
e-1711,1784566415396.3684,1784566416198,1784566416202.0,1784566416765.2544,801.632,4.0,563.254,,1368.886
e-1712,1784566415446.3674,1784566416198,1784566416202.0,1784566416765.2546,751.633,4.0,563.255,,1318.887
e-1713,1784566415496.3728,1784566416198,1784566416202.0,1784566416765.2551,701.627,4.0,563.255,,1268.882
e-1714,1784566415546.365,1784566416198,1784566416202.0,1784566416765.265,651.635,4.0,563.265,,1218.9
e-1715,1784566415596.3662,1784566416198,1784566416202.0,1784566416765.2654,601.634,4.0,563.265,,1168.899
e-1716,1784566415646.364,1784566416198,1784566416202.0,1784566416765.2656,551.636,4.0,563.266,,1118.902
e-1717,1784566415696.369,1784566416198,1784566416202.0,1784566416765.2659,501.631,4.0,563.266,,1068.897
e-1718,1784566415746.364,1784566416198,1784566416202.0,1784566416765.2664,451.636,4.0,563.266,,1018.902
e-1719,1784566415796.3699,1784566416198,1784566416202.0,1784566416765.2668,401.63,4.0,563.267,,968.897
e-1720,1784566415846.3625,1784566416198,1784566416202.0,1784566416765.267,351.637,4.0,563.267,,918.905
e-1721,1784566415896.369,1784566416198,1784566416202.0,1784566416765.2676,301.631,4.0,563.268,,868.899
e-1722,1784566415946.365,1784566416198,1784566416202.0,1784566416765.2678,251.635,4.0,563.268,,818.903
e-1723,1784566415996.371,1784566416198,1784566416202.0,1784566416765.2683,201.629,4.0,563.268,,768.897
e-1724,1784566416046.3645,1784566416198,1784566416202.0,1784566416765.2712,151.635,4.0,563.271,,718.907
e-1725,1784566416096.37,1784566416198,1784566416202.0,1784566416765.2717,101.63,4.0,563.272,,668.902
e-1726,1784566416146.3691,1784566416198,1784566416202.0,1784566416765.272,51.631,4.0,563.272,,618.903
e-1727,1784566416196.3713,1784566416198,1784566416202.0,1784566416765.2722,1.629,4.0,563.272,,568.901
e-1728,1784566416246.3674,1784566417248,1784566417251.0,1784566417762.6135,1001.633,3.0,511.614,,1516.246
e-1729,1784566416296.3745,1784566417248,1784566417251.0,1784566417762.6157,951.625,3.0,511.616,,1466.241
e-1730,1784566416346.3665,1784566417248,1784566417251.0,1784566417762.6165,901.634,3.0,511.616,,1416.25
e-1731,1784566416396.366,1784566417248,1784566417251.0,1784566417762.617,851.634,3.0,511.617,,1366.251
e-1732,1784566416446.364,1784566417248,1784566417251.0,1784566417762.6174,801.636,3.0,511.617,,1316.253
e-1733,1784566416496.369,1784566417248,1784566417251.0,1784566417762.618,751.631,3.0,511.618,,1266.249
e-1734,1784566416546.3665,1784566417248,1784566417251.0,1784566417762.6184,701.634,3.0,511.618,,1216.252
e-1735,1784566416596.3733,1784566417248,1784566417251.0,1784566417762.6301,651.627,3.0,511.63,,1166.257
e-1736,1784566416646.3613,1784566417248,1784566417251.0,1784566417762.6306,601.639,3.0,511.631,,1116.269
e-1737,1784566416696.3628,1784566417248,1784566417251.0,1784566417762.631,551.637,3.0,511.631,,1066.268
e-1738,1784566416746.363,1784566417248,1784566417251.0,1784566417762.6316,501.637,3.0,511.632,,1016.269
e-1739,1784566416796.3628,1784566417248,1784566417251.0,1784566417762.632,451.637,3.0,511.632,,966.269
e-1740,1784566416846.3696,1784566417248,1784566417251.0,1784566417762.6326,401.63,3.0,511.633,,916.263
e-1741,1784566416896.3586,1784566417248,1784566417251.0,1784566417762.633,351.641,3.0,511.633,,866.274
e-1742,1784566416946.361,1784566417248,1784566417251.0,1784566417762.6335,301.639,3.0,511.634,,816.272
e-1743,1784566416996.3606,1784566417248,1784566417251.0,1784566417762.634,251.639,3.0,511.634,,766.273
e-1744,1784566417046.368,1784566417248,1784566417251.0,1784566417762.6345,201.632,3.0,511.635,,716.267
e-1745,1784566417096.3672,1784566417248,1784566417251.0,1784566417762.6348,151.633,3.0,511.635,,666.268
e-1746,1784566417146.372,1784566417248,1784566417251.0,1784566417762.6353,101.628,3.0,511.635,,616.263
e-1747,1784566417196.3655,1784566417248,1784566417251.0,1784566417762.6357,51.635,3.0,511.636,,566.27
e-1748,1784566417246.3655,1784566417248,1784566417251.0,1784566417762.6362,1.635,3.0,511.636,,516.271
e-1749,1784566417296.3606,1784566418298,1784566418301.0,1784566418761.2473,1001.639,3.0,460.247,,1464.887
e-1750,1784566417346.3577,1784566418298,1784566418301.0,1784566418761.2505,951.642,3.0,460.25,,1414.893
e-1751,1784566417396.3577,1784566418298,1784566418301.0,1784566418761.2517,901.642,3.0,460.252,,1364.894
e-1752,1784566417446.357,1784566418298,1784566418301.0,1784566418761.2524,851.643,3.0,460.252,,1314.896
e-1753,1784566417496.3633,1784566418298,1784566418301.0,1784566418761.2534,801.637,3.0,460.253,,1264.89
e-1754,1784566417546.3599,1784566418298,1784566418301.0,1784566418761.2542,751.64,3.0,460.254,,1214.894
e-1755,1784566417596.3625,1784566418298,1784566418301.0,1784566418761.255,701.637,3.0,460.255,,1164.892
e-1756,1784566417646.3704,1784566418298,1784566418301.0,1784566418761.2556,651.63,3.0,460.256,,1114.885
e-1757,1784566417696.3635,1784566418298,1784566418302.0,1784566418761.271,601.636,4.0,459.271,,1064.907
e-1758,1784566417746.3625,1784566418298,1784566418302.0,1784566418761.2722,551.637,4.0,459.272,,1014.91
e-1759,1784566417796.3643,1784566418298,1784566418302.0,1784566418761.273,501.636,4.0,459.273,,964.909
e-1760,1784566417846.364,1784566418298,1784566418302.0,1784566418761.2737,451.636,4.0,459.274,,914.91
e-1761,1784566417896.3623,1784566418298,1784566418302.0,1784566418761.2744,401.638,4.0,459.274,,864.912
e-1762,1784566417946.3655,1784566418298,1784566418302.0,1784566418761.2964,351.635,4.0,459.296,,814.931
e-1763,1784566417996.3647,1784566418298,1784566418302.0,1784566418761.2974,301.635,4.0,459.297,,764.933
e-1764,1784566418046.3643,1784566418298,1784566418302.0,1784566418761.298,251.636,4.0,459.298,,714.934
e-1765,1784566418096.3633,1784566418298,1784566418302.0,1784566418761.2988,201.637,4.0,459.299,,664.936
e-1766,1784566418146.3647,1784566418298,1784566418302.0,1784566418761.2996,151.635,4.0,459.3,,614.935
e-1767,1784566418196.3618,1784566418298,1784566418302.0,1784566418761.3003,101.638,4.0,459.3,,564.938
e-1768,1784566418246.3613,1784566418298,1784566418302.0,1784566418761.301,51.639,4.0,459.301,,514.94
e-1769,1784566418296.368,1784566418298,1784566418302.0,1784566418761.3018,1.632,4.0,459.302,,464.934
e-1770,1784566418346.3608,1784566419348,1784566419351.0,1784566419763.2244,1001.639,3.0,412.224,,1416.864
e-1771,1784566418396.3638,1784566419348,1784566419351.0,1784566419763.2263,951.636,3.0,412.226,,1366.863
e-1772,1784566418446.3616,1784566419348,1784566419351.0,1784566419763.2268,901.638,3.0,412.227,,1316.865
e-1773,1784566418496.3591,1784566419348,1784566419351.0,1784566419763.2273,851.641,3.0,412.227,,1266.868
e-1774,1784566418546.3638,1784566419348,1784566419351.0,1784566419763.2278,801.636,3.0,412.228,,1216.864
e-1775,1784566418596.363,1784566419348,1784566419351.0,1784566419763.2283,751.637,3.0,412.228,,1166.865
e-1776,1784566418646.3652,1784566419348,1784566419351.0,1784566419763.2288,701.635,3.0,412.229,,1116.864
e-1777,1784566418696.3704,1784566419348,1784566419351.0,1784566419763.229,651.63,3.0,412.229,,1066.859
e-1778,1784566418746.373,1784566419348,1784566419351.0,1784566419763.234,601.627,3.0,412.234,,1016.861
e-1779,1784566418796.3684,1784566419348,1784566419351.0,1784566419763.2344,551.632,3.0,412.234,,966.866
e-1780,1784566418846.3645,1784566419348,1784566419351.0,1784566419763.2346,501.635,3.0,412.235,,916.87
e-1781,1784566418896.3618,1784566419348,1784566419351.0,1784566419763.235,451.638,3.0,412.235,,866.873
e-1782,1784566418946.3613,1784566419348,1784566419351.0,1784566419763.2354,401.639,3.0,412.235,,816.874
e-1783,1784566418996.3694,1784566419348,1784566419351.0,1784566419763.2356,351.631,3.0,412.236,,766.866
e-1784,1784566419046.3594,1784566419348,1784566419351.0,1784566419763.236,301.641,3.0,412.236,,716.877
e-1785,1784566419096.3635,1784566419348,1784566419351.0,1784566419763.2363,251.636,3.0,412.236,,666.873
e-1786,1784566419146.361,1784566419348,1784566419352.0,1784566419763.2366,201.639,4.0,411.237,,616.875
e-1787,1784566419196.3616,1784566419348,1784566419352.0,1784566419763.237,151.638,4.0,411.237,,566.875
e-1788,1784566419246.3613,1784566419348,1784566419352.0,1784566419763.2373,101.639,4.0,411.237,,516.876
e-1789,1784566419296.3787,1784566419348,1784566419352.0,1784566419763.2385,51.621,4.0,411.239,,466.86
e-1790,1784566419346.3677,1784566419348,1784566419352.0,1784566419763.2388,1.632,4.0,411.239,,416.871
e-1791,1784566419396.372,1784566420399,1784566420403.0,1784566420773.601,1002.628,4.0,370.601,,1377.229
e-1792,1784566419446.3594,1784566420399,1784566420403.0,1784566420773.6042,952.641,4.0,370.604,,1327.245
e-1793,1784566419496.3704,1784566420399,1784566420403.0,1784566420773.6055,902.63,4.0,370.605,,1277.235
e-1794,1784566419546.363,1784566420399,1784566420403.0,1784566420773.6064,852.637,4.0,370.606,,1227.243
e-1795,1784566419596.363,1784566420399,1784566420403.0,1784566420774.335,802.637,4.0,371.335,,1177.972
e-1796,1784566419646.361,1784566420399,1784566420403.0,1784566420774.3367,752.639,4.0,371.337,,1127.976
e-1797,1784566419696.3682,1784566420399,1784566420403.0,1784566420774.3374,702.632,4.0,371.337,,1077.969
e-1798,1784566419746.3298,1784566420399,1784566420403.0,1784566420774.3381,652.67,4.0,371.338,,1028.008
e-1799,1784566419796.3691,1784566420399,1784566420403.0,1784566420774.3523,602.631,4.0,371.352,,977.983
e-1800,1784566419846.3584,1784566420399,1784566420403.0,1784566420774.353,552.642,4.0,371.353,,927.995
e-1801,1784566419896.363,1784566420399,1784566420403.0,1784566420774.354,502.637,4.0,371.354,,877.991
e-1802,1784566419946.3618,1784566420399,1784566420403.0,1784566420774.3547,452.638,4.0,371.355,,827.993
e-1803,1784566419996.3494,1784566420399,1784566420403.0,1784566420774.3557,402.651,4.0,371.356,,778.006
e-1804,1784566420046.356,1784566420399,1784566420403.0,1784566420774.3564,352.644,4.0,371.356,,728.0
e-1805,1784566420096.3567,1784566420399,1784566420403.0,1784566420774.3574,302.643,4.0,371.357,,678.001
e-1806,1784566420146.3564,1784566420399,1784566420403.0,1784566420774.3584,252.644,4.0,371.358,,628.002
e-1807,1784566420196.3547,1784566420399,1784566420403.0,1784566420774.3591,202.645,4.0,371.359,,578.004
e-1808,1784566420246.361,1784566420399,1784566420403.0,1784566420774.3599,152.639,4.0,371.36,,527.999
e-1809,1784566420296.3672,1784566420399,1784566420403.0,1784566420774.3608,102.633,4.0,371.361,,477.994
e-1810,1784566420346.3608,1784566420399,1784566420403.0,1784566420774.3618,52.639,4.0,371.362,,428.001
e-1811,1784566420396.3665,1784566420399,1784566420403.0,1784566420774.3625,2.634,4.0,371.363,,377.996
e-1812,1784566420446.3613,1784566421448,1784566421450.0,1784566421765.4497,1001.639,2.0,315.45,,1319.088
e-1813,1784566420496.3572,1784566421448,1784566421451.0,1784566421765.4536,951.643,3.0,314.454,,1269.096
e-1814,1784566420546.3643,1784566421448,1784566421451.0,1784566421765.4548,901.636,3.0,314.455,,1219.091
e-1815,1784566420596.3765,1784566421448,1784566421451.0,1784566421765.4553,851.624,3.0,314.455,,1169.079
e-1816,1784566420646.3694,1784566421448,1784566421451.0,1784566421765.4563,801.631,3.0,314.456,,1119.087
e-1817,1784566420696.3723,1784566421448,1784566421451.0,1784566421765.457,751.628,3.0,314.457,,1069.085
e-1818,1784566420746.3738,1784566421448,1784566421451.0,1784566421765.4578,701.626,3.0,314.458,,1019.084
e-1819,1784566420796.3645,1784566421448,1784566421451.0,1784566421765.4585,651.635,3.0,314.458,,969.094
e-1820,1784566420846.3674,1784566421448,1784566421451.0,1784566421765.4753,601.633,3.0,314.475,,919.108
e-1821,1784566420896.3633,1784566421448,1784566421451.0,1784566421765.4758,551.637,3.0,314.476,,869.113
e-1822,1784566420946.3652,1784566421448,1784566421451.0,1784566421765.4763,501.635,3.0,314.476,,819.111
e-1823,1784566420996.375,1784566421448,1784566421451.0,1784566421765.4768,451.625,3.0,314.477,,769.102
e-1824,1784566421046.364,1784566421448,1784566421451.0,1784566421765.4775,401.636,3.0,314.478,,719.114
e-1825,1784566421096.3713,1784566421448,1784566421451.0,1784566421765.4934,351.629,3.0,314.493,,669.122
e-1826,1784566421146.3647,1784566421448,1784566421451.0,1784566421765.4941,301.635,3.0,314.494,,619.129
e-1827,1784566421196.363,1784566421448,1784566421451.0,1784566421765.4949,251.637,3.0,314.495,,569.132
e-1828,1784566421246.3596,1784566421448,1784566421451.0,1784566421765.4954,201.64,3.0,314.495,,519.136
e-1829,1784566421296.3513,1784566421448,1784566421451.0,1784566421765.5247,151.649,3.0,314.525,,469.173
e-1830,1784566421346.3667,1784566421448,1784566421451.0,1784566421765.5254,101.633,3.0,314.525,,419.159
e-1831,1784566421396.3718,1784566421448,1784566421451.0,1784566421765.526,51.628,3.0,314.526,,369.154
e-1832,1784566421446.372,1784566421448,1784566421451.0,1784566421765.5264,1.628,3.0,314.526,,319.154
e-1833,1784566421496.3706,1784566422498,1784566422501.0,1784566422762.1519,1001.629,3.0,261.152,,1265.781
e-1834,1784566421546.374,1784566422498,1784566422501.0,1784566422762.1548,951.626,3.0,261.155,,1215.781
e-1835,1784566421596.3662,1784566422498,1784566422501.0,1784566422762.1558,901.634,3.0,261.156,,1165.79
e-1836,1784566421646.3667,1784566422498,1784566422501.0,1784566422762.1565,851.633,3.0,261.156,,1115.79
e-1837,1784566421696.3594,1784566422498,1784566422501.0,1784566422762.157,801.641,3.0,261.157,,1065.798
e-1838,1784566421746.3723,1784566422498,1784566422501.0,1784566422762.1577,751.628,3.0,261.158,,1015.785
e-1839,1784566421796.362,1784566422498,1784566422501.0,1784566422762.1584,701.638,3.0,261.158,,965.796
e-1840,1784566421846.3584,1784566422498,1784566422501.0,1784566422762.159,651.642,3.0,261.159,,915.801
e-1841,1784566421896.3503,1784566422498,1784566422501.0,1784566422762.1597,601.65,3.0,261.16,,865.809
e-1842,1784566421946.3647,1784566422498,1784566422501.0,1784566422762.1733,551.635,3.0,261.173,,815.809
e-1843,1784566421996.3684,1784566422498,1784566422501.0,1784566422762.1743,501.632,3.0,261.174,,765.806
e-1844,1784566422046.368,1784566422498,1784566422501.0,1784566422762.175,451.632,3.0,261.175,,715.807
e-1845,1784566422096.3635,1784566422498,1784566422501.0,1784566422762.1758,401.636,3.0,261.176,,665.812
e-1846,1784566422146.3643,1784566422498,1784566422501.0,1784566422762.1763,351.636,3.0,261.176,,615.812
e-1847,1784566422196.3613,1784566422498,1784566422501.0,1784566422762.177,301.639,3.0,261.177,,565.816
e-1848,1784566422246.3647,1784566422498,1784566422501.0,1784566422762.1777,251.635,3.0,261.178,,515.813
e-1849,1784566422296.3708,1784566422498,1784566422501.0,1784566422762.1782,201.629,3.0,261.178,,465.807
e-1850,1784566422346.3682,1784566422498,1784566422501.0,1784566422762.1787,151.632,3.0,261.179,,415.811
e-1851,1784566422396.3674,1784566422498,1784566422501.0,1784566422762.1794,101.633,3.0,261.179,,365.812
e-1852,1784566422446.37,1784566422498,1784566422501.0,1784566422762.18,51.63,3.0,261.18,,315.81
e-1853,1784566422496.3755,1784566422498,1784566422501.0,1784566422762.1807,1.625,3.0,261.181,,265.805
e-1854,1784566422546.3813,1784566423547,1784566423551.0,1784566423761.77,1000.619,4.0,210.77,,1215.389
e-1855,1784566422596.366,1784566423547,1784566423551.0,1784566423761.773,950.634,4.0,210.773,,1165.407
e-1856,1784566422646.3767,1784566423547,1784566423551.0,1784566423761.7734,900.623,4.0,210.773,,1115.397
e-1857,1784566422696.3613,1784566423547,1784566423551.0,1784566423761.774,850.639,4.0,210.774,,1065.413
e-1858,1784566422746.369,1784566423547,1784566423551.0,1784566423761.7742,800.631,4.0,210.774,,1015.405
e-1859,1784566422796.366,1784566423547,1784566423551.0,1784566423761.7747,750.634,4.0,210.775,,965.409
e-1860,1784566422846.3633,1784566423547,1784566423551.0,1784566423761.7751,700.637,4.0,210.775,,915.412
e-1861,1784566422896.3574,1784566423547,1784566423551.0,1784566423761.7754,650.643,4.0,210.775,,865.418
e-1862,1784566422946.3647,1784566423547,1784566423551.0,1784566423761.776,600.635,4.0,210.776,,815.411
e-1863,1784566422996.3523,1784566423547,1784566423551.0,1784566423761.7883,550.648,4.0,210.788,,765.436
e-1864,1784566423046.3645,1784566423547,1784566423551.0,1784566423761.7886,500.635,4.0,210.789,,715.424
e-1865,1784566423096.3657,1784566423547,1784566423551.0,1784566423761.789,450.634,4.0,210.789,,665.423
e-1866,1784566423146.3804,1784566423547,1784566423551.0,1784566423761.7893,400.62,4.0,210.789,,615.409
e-1867,1784566423196.3672,1784566423547,1784566423551.0,1784566423761.7896,350.633,4.0,210.79,,565.422
e-1868,1784566423246.363,1784566423547,1784566423551.0,1784566423761.79,300.637,4.0,210.79,,515.427
e-1869,1784566423296.3687,1784566423547,1784566423551.0,1784566423761.7903,250.631,4.0,210.79,,465.422
e-1870,1784566423346.3647,1784566423547,1784566423551.0,1784566423761.7905,200.635,4.0,210.791,,415.426
e-1871,1784566423396.3623,1784566423547,1784566423551.0,1784566423761.791,150.638,4.0,210.791,,365.429
e-1872,1784566423446.3633,1784566423547,1784566423551.0,1784566423761.7913,100.637,4.0,210.791,,315.428
e-1873,1784566423496.3682,1784566423547,1784566423551.0,1784566423761.7917,50.632,4.0,210.792,,265.424
e-1874,1784566423546.3706,1784566423547,1784566423551.0,1784566423761.792,0.629,4.0,210.792,,215.421
e-1875,1784566423596.365,1784566424599,1784566424602.0,1784566424763.1753,1002.635,3.0,161.175,,1166.81
e-1876,1784566423646.3643,1784566424599,1784566424602.0,1784566424763.1775,952.636,3.0,161.177,,1116.813
e-1877,1784566423696.3716,1784566424599,1784566424602.0,1784566424763.178,902.628,3.0,161.178,,1066.806
e-1878,1784566423746.3677,1784566424599,1784566424602.0,1784566424763.1785,852.632,3.0,161.178,,1016.811
e-1879,1784566423796.366,1784566424599,1784566424602.0,1784566424763.1787,802.634,3.0,161.179,,966.813
e-1880,1784566423846.3665,1784566424599,1784566424602.0,1784566424763.1792,752.634,3.0,161.179,,916.813
e-1881,1784566423896.3574,1784566424599,1784566424602.0,1784566424763.1797,702.643,3.0,161.18,,866.822
e-1882,1784566423946.364,1784566424599,1784566424602.0,1784566424763.18,652.636,3.0,161.18,,816.816
e-1883,1784566423996.3667,1784566424599,1784566424602.0,1784566424763.1804,602.633,3.0,161.18,,766.814
e-1884,1784566424046.3662,1784566424599,1784566424602.0,1784566424763.1907,552.634,3.0,161.191,,716.824
e-1885,1784566424096.3584,1784566424599,1784566424602.0,1784566424763.1912,502.642,3.0,161.191,,666.833
e-1886,1784566424146.358,1784566424599,1784566424602.0,1784566424763.1914,452.642,3.0,161.191,,616.833
e-1887,1784566424196.3657,1784566424599,1784566424602.0,1784566424763.1917,402.634,3.0,161.192,,566.826
e-1888,1784566424246.3657,1784566424599,1784566424602.0,1784566424763.1921,352.634,3.0,161.192,,516.826
e-1889,1784566424296.359,1784566424599,1784566424602.0,1784566424763.1924,302.641,3.0,161.192,,466.833
e-1890,1784566424346.3645,1784566424599,1784566424602.0,1784566424763.1929,252.635,3.0,161.193,,416.828
e-1891,1784566424396.3645,1784566424599,1784566424602.0,1784566424763.193,202.635,3.0,161.193,,366.829
e-1892,1784566424446.361,1784566424599,1784566424602.0,1784566424763.1934,152.639,3.0,161.193,,316.832
e-1893,1784566424496.3647,1784566424599,1784566424602.0,1784566424763.1938,102.635,3.0,161.194,,266.829
e-1894,1784566424546.3706,1784566424599,1784566424602.0,1784566424763.194,52.629,3.0,161.194,,216.823
e-1895,1784566424596.3665,1784566424599,1784566424602.0,1784566424763.1946,2.634,3.0,161.195,,166.828
e-1896,1784566424646.3718,1784566425649,1784566425735.0,1784566426665.8877,1002.628,86.0,930.888,,2019.516
e-1897,1784566424696.3677,1784566425649,1784566425735.0,1784566426665.8901,952.632,86.0,930.89,,1969.522
e-1898,1784566424746.3655,1784566425649,1784566425735.0,1784566426665.8906,902.635,86.0,930.891,,1919.525
e-1899,1784566424796.3645,1784566425649,1784566425735.0,1784566426665.891,852.635,86.0,930.891,,1869.527
e-1900,1784566424846.372,1784566425649,1784566425735.0,1784566426665.8914,802.628,86.0,930.891,,1819.519
e-1901,1784566424896.3718,1784566425649,1784566425735.0,1784566426665.8918,752.628,86.0,930.892,,1769.52
e-1902,1784566424946.3706,1784566425649,1784566425735.0,1784566426665.892,702.629,86.0,930.892,,1719.521
e-1903,1784566424996.3672,1784566425649,1784566425735.0,1784566426665.8923,652.633,86.0,930.892,,1669.525
e-1904,1784566425046.3652,1784566425649,1784566425735.0,1784566426665.8928,602.635,86.0,930.893,,1619.528
e-1905,1784566425096.3638,1784566425649,1784566425735.0,1784566426665.9033,552.636,86.0,930.903,,1569.54
e-1906,1784566425146.37,1784566425649,1784566425735.0,1784566426665.9038,502.63,86.0,930.904,,1519.534
e-1907,1784566425196.3662,1784566425649,1784566425735.0,1784566426665.904,452.634,86.0,930.904,,1469.538
e-1908,1784566425246.373,1784566425649,1784566425735.0,1784566426665.9043,402.627,86.0,930.904,,1419.531
e-1909,1784566425296.3643,1784566425649,1784566425735.0,1784566426665.9048,352.636,86.0,930.905,,1369.541
e-1910,1784566425346.3643,1784566425649,1784566425735.0,1784566426665.905,302.636,86.0,930.905,,1319.541
e-1911,1784566425396.3652,1784566425649,1784566425735.0,1784566426665.913,252.635,86.0,930.913,,1269.548
e-1912,1784566425446.3667,1784566425649,1784566425735.0,1784566426665.9133,202.633,86.0,930.913,,1219.547
e-1913,1784566425496.3652,1784566425649,1784566425735.0,1784566426665.9172,152.635,86.0,930.917,,1169.552
e-1914,1784566425546.3618,1784566425649,1784566425735.0,1784566426665.9175,102.638,86.0,930.917,,1119.556
e-1915,1784566425596.3647,1784566425649,1784566425735.0,1784566426665.918,52.635,86.0,930.918,,1069.553
e-1916,1784566425646.3762,1784566425649,1784566425735.0,1784566426665.9314,2.624,86.0,930.931,,1019.555
e-1917,1784566425696.3733,1784566426698,1784566426701.0,1784566427660.7778,1001.627,3.0,959.778,,1964.405
e-1918,1784566425746.3694,1784566426698,1784566426702.0,1784566427660.7805,951.631,4.0,958.781,,1914.411
e-1919,1784566425796.3691,1784566426698,1784566426702.0,1784566427660.7812,901.631,4.0,958.781,,1864.412
e-1920,1784566425846.3708,1784566426698,1784566426702.0,1784566427660.7817,851.629,4.0,958.782,,1814.411
e-1921,1784566425896.3699,1784566426698,1784566426702.0,1784566427660.7825,801.63,4.0,958.782,,1764.413
e-1922,1784566425946.366,1784566426698,1784566426702.0,1784566427660.783,751.634,4.0,958.783,,1714.417
e-1923,1784566425996.3643,1784566426698,1784566426702.0,1784566427660.7834,701.636,4.0,958.783,,1664.419
e-1924,1784566426046.3745,1784566426698,1784566426702.0,1784566427660.784,651.625,4.0,958.784,,1614.409
e-1925,1784566426096.3655,1784566426698,1784566426702.0,1784566427660.7847,601.635,4.0,958.785,,1564.419
e-1926,1784566426146.361,1784566426698,1784566426702.0,1784566427660.7852,551.639,4.0,958.785,,1514.424
e-1927,1784566426196.3662,1784566426698,1784566426702.0,1784566427660.7983,501.634,4.0,958.798,,1464.432
e-1928,1784566426246.3677,1784566426698,1784566426702.0,1784566427660.799,451.632,4.0,958.799,,1414.431
e-1929,1784566426296.361,1784566426698,1784566426702.0,1784566427660.7998,401.639,4.0,958.8,,1364.439
e-1930,1784566426346.3513,1784566426698,1784566426702.0,1784566427660.8003,351.649,4.0,958.8,,1314.449
e-1931,1784566426396.3591,1784566426698,1784566426702.0,1784566427660.8008,301.641,4.0,958.801,,1264.442
e-1932,1784566426446.3655,1784566426698,1784566426702.0,1784566427660.8013,251.635,4.0,958.801,,1214.436
e-1933,1784566426496.3677,1784566426698,1784566426702.0,1784566427660.8018,201.632,4.0,958.802,,1164.434
e-1934,1784566426546.375,1784566426698,1784566426702.0,1784566427660.8025,151.625,4.0,958.802,,1114.427
e-1935,1784566426596.3643,1784566426698,1784566426702.0,1784566427660.803,101.636,4.0,958.803,,1064.439
e-1936,1784566426646.3682,1784566426698,1784566426702.0,1784566427660.8035,51.632,4.0,958.803,,1014.435
e-1937,1784566426696.3699,1784566426698,1784566426702.0,1784566427660.804,1.63,4.0,958.804,,964.434
e-1938,1784566426746.3645,1784566427748,1784566427751.0,1784566428761.2214,1001.635,3.0,1010.221,,2014.857
e-1939,1784566426796.3635,1784566427748,1784566427751.0,1784566428761.2246,951.636,3.0,1010.225,,1964.861
e-1940,1784566426846.3699,1784566427748,1784566427751.0,1784566428761.2258,901.63,3.0,1010.226,,1914.856
e-1941,1784566426896.3672,1784566427748,1784566427751.0,1784566428761.2263,851.633,3.0,1010.226,,1864.859
e-1942,1784566426946.3723,1784566427748,1784566427751.0,1784566428761.2268,801.628,3.0,1010.227,,1814.854
e-1943,1784566426996.3643,1784566427748,1784566427751.0,1784566428761.2273,751.636,3.0,1010.227,,1764.863
e-1944,1784566427046.3713,1784566427748,1784566427751.0,1784566428761.2278,701.629,3.0,1010.228,,1714.856
e-1945,1784566427096.3713,1784566427748,1784566427751.0,1784566428761.2285,651.629,3.0,1010.229,,1664.857
e-1946,1784566427146.3645,1784566427748,1784566427752.0,1784566428761.229,601.635,4.0,1009.229,,1614.865
e-1947,1784566427196.3645,1784566427748,1784566427752.0,1784566428761.23,551.635,4.0,1009.23,,1564.865
e-1948,1784566427246.3696,1784566427748,1784566427752.0,1784566428761.2573,501.63,4.0,1009.257,,1514.888
e-1949,1784566427296.3682,1784566427748,1784566427752.0,1784566428761.258,451.632,4.0,1009.258,,1464.89
e-1950,1784566427346.383,1784566427748,1784566427752.0,1784566428761.259,401.617,4.0,1009.259,,1414.876
e-1951,1784566427396.367,1784566427748,1784566427752.0,1784566428761.2598,351.633,4.0,1009.26,,1364.893
e-1952,1784566427446.3848,1784566427748,1784566427752.0,1784566428761.2605,301.615,4.0,1009.26,,1314.876
e-1953,1784566427496.358,1784566427748,1784566427752.0,1784566428761.2612,251.642,4.0,1009.261,,1264.903
e-1954,1784566427546.3718,1784566427748,1784566427752.0,1784566428761.2668,201.628,4.0,1009.267,,1214.895
e-1955,1784566427596.365,1784566427748,1784566427752.0,1784566428761.2676,151.635,4.0,1009.268,,1164.903
e-1956,1784566427646.3801,1784566427748,1784566427752.0,1784566428761.2683,101.62,4.0,1009.268,,1114.888
e-1957,1784566427696.3635,1784566427748,1784566427752.0,1784566428761.269,51.636,4.0,1009.269,,1064.906
e-1958,1784566427746.372,1784566427748,1784566427752.0,1784566428761.27,1.628,4.0,1009.27,,1014.898
e-1959,1784566427796.3606,1784566428798,1784566428801.0,1784566429760.463,1001.639,3.0,959.463,,1964.102
e-1960,1784566427846.3662,1784566428798,1784566428801.0,1784566429760.4666,951.634,3.0,959.467,,1914.1
e-1961,1784566427896.3625,1784566428798,1784566428801.0,1784566429760.4678,901.637,3.0,959.468,,1864.105
e-1962,1784566427946.3628,1784566428798,1784566428801.0,1784566429760.4685,851.637,3.0,959.469,,1814.106
e-1963,1784566427996.3623,1784566428798,1784566428801.0,1784566429760.4692,801.638,3.0,959.469,,1764.107
e-1964,1784566428046.3677,1784566428798,1784566428801.0,1784566429760.47,751.632,3.0,959.47,,1714.102
e-1965,1784566428096.36,1784566428798,1784566428801.0,1784566429760.4707,701.64,3.0,959.471,,1664.111
e-1966,1784566428146.3574,1784566428798,1784566428801.0,1784566429760.4714,651.643,3.0,959.471,,1614.114
e-1967,1784566428196.3606,1784566428798,1784566428801.0,1784566429760.4722,601.639,3.0,959.472,,1564.112
e-1968,1784566428246.366,1784566428798,1784566428801.0,1784566429760.473,551.634,3.0,959.473,,1514.107
e-1969,1784566428296.3613,1784566428798,1784566428801.0,1784566429760.4856,501.639,3.0,959.486,,1464.124
e-1970,1784566428346.368,1784566428798,1784566428801.0,1784566429760.4866,451.632,3.0,959.487,,1414.119
e-1971,1784566428396.3635,1784566428798,1784566428801.0,1784566429760.4873,401.636,3.0,959.487,,1364.124
e-1972,1784566428446.3635,1784566428798,1784566428801.0,1784566429760.488,351.636,3.0,959.488,,1314.125
e-1973,1784566428496.3625,1784566428798,1784566428801.0,1784566429760.4885,301.637,3.0,959.489,,1264.126
e-1974,1784566428546.3564,1784566428798,1784566428801.0,1784566429760.4893,251.644,3.0,959.489,,1214.133
e-1975,1784566428596.361,1784566428798,1784566428801.0,1784566429760.4897,201.639,3.0,959.49,,1164.129
e-1976,1784566428646.3677,1784566428798,1784566428801.0,1784566429760.4902,151.632,3.0,959.49,,1114.123
e-1977,1784566428696.33,1784566428798,1784566428801.0,1784566429760.491,101.67,3.0,959.491,,1064.161
e-1978,1784566428746.3694,1784566428798,1784566428801.0,1784566429760.4915,51.631,3.0,959.491,,1014.122
e-1979,1784566428796.3633,1784566428798,1784566428801.0,1784566429760.4922,1.637,3.0,959.492,,964.129
e-1980,1784566428846.373,1784566429799,1784566429802.0,1784566430759.4187,952.627,3.0,957.419,,1913.046
e-1981,1784566428896.362,1784566429799,1784566429802.0,1784566430759.4216,902.638,3.0,957.422,,1863.06
e-1982,1784566428946.3613,1784566429799,1784566429802.0,1784566430759.422,852.639,3.0,957.422,,1813.061
e-1983,1784566428996.3862,1784566429799,1784566429802.0,1784566430759.423,802.614,3.0,957.423,,1763.037
e-1984,1784566429046.3945,1784566429799,1784566429802.0,1784566430759.4233,752.605,3.0,957.423,,1713.029
e-1985,1784566429096.3733,1784566429799,1784566429802.0,1784566430759.4236,702.627,3.0,957.424,,1663.05
e-1986,1784566429146.3699,1784566429799,1784566429802.0,1784566430759.424,652.63,3.0,957.424,,1613.054
e-1987,1784566429196.3723,1784566429799,1784566429802.0,1784566430759.4246,602.628,3.0,957.425,,1563.052
e-1988,1784566429246.3713,1784566429799,1784566429802.0,1784566430759.4248,552.629,3.0,957.425,,1513.053
e-1989,1784566429296.3682,1784566429799,1784566429802.0,1784566430759.425,502.632,3.0,957.425,,1463.057
e-1990,1784566429346.366,1784566429799,1784566429802.0,1784566430759.438,452.634,3.0,957.438,,1413.072
e-1991,1784566429396.368,1784566429799,1784566429802.0,1784566430759.4382,402.632,3.0,957.438,,1363.07
e-1992,1784566429446.366,1784566429799,1784566429802.0,1784566430759.4387,352.634,3.0,957.439,,1313.073
e-1993,1784566429496.37,1784566429799,1784566429802.0,1784566430759.439,302.63,3.0,957.439,,1263.069
e-1994,1784566429546.3657,1784566429799,1784566429802.0,1784566430759.4395,252.634,3.0,957.439,,1213.074
e-1995,1784566429596.3674,1784566429799,1784566429802.0,1784566430759.4397,202.633,3.0,957.44,,1163.072
e-1996,1784566429646.3667,1784566429799,1784566429802.0,1784566430759.4402,152.633,3.0,957.44,,1113.073
e-1997,1784566429696.372,1784566429799,1784566429802.0,1784566430759.4407,102.628,3.0,957.441,,1063.069
e-1998,1784566429746.3606,1784566429799,1784566429802.0,1784566430759.441,52.639,3.0,957.441,,1013.08
e-1999,1784566429796.3672,1784566429799,1784566429802.0,1784566430759.4414,2.633,3.0,957.441,,963.074
