event_id,t0_ms,t1_ms,t2_ms,t3_ms,write_to_input_append_latency_ms,input_append_to_result_emission_latency_ms,l_visibility_ms,l_closure_ms,latency_ms
ss-41-60000,1784590251629.172,1784590251781,1784590258282.0,1784590259409.9565,151.828,6501.0,1127.957,1784589598282.0,7780.784
ss-19-60000,1784590256129.1687,1784590257032,1784590258298.0,1784590259409.9597,902.831,1266.0,1111.96,1784589598298.0,3280.791
ss-7-60000,1784590255029.1711,1784590255982,1784590258298.0,1784590259409.9612,952.829,2316.0,1111.961,1784589598298.0,4380.79
ss-54-60000,1784590252729.1768,1784590252832,1784590258299.0,1784590259409.962,102.823,5467.0,1110.962,1784589598299.0,6680.785
ss-24-60000,1784590254379.1743,1784590254932,1784590258299.0,1784590259409.9624,552.826,3367.0,1110.962,1784589598299.0,5030.788
ss-39-60000,1784590255529.1738,1784590255982,1784590258299.0,1784590259409.9731,452.826,2317.0,1110.973,1784589598299.0,3880.799
ss-12-60000,1784590240929.1726,1784590241282,1784590258299.0,1784590259409.9739,352.827,17017.0,1110.974,1784589598299.0,18480.801
ss-2-60000,1784590255579.1714,1784590255982,1784590258299.0,1784590259409.9775,402.829,2317.0,1110.978,1784589598299.0,3830.806
ss-21-60000,1784590253429.17,1784590253881,1784590258299.0,1784590259409.9783,451.83,4418.0,1110.978,1784589598299.0,5980.808
ss-72-60000,1784590256629.1763,1784590257032,1784590258299.0,1784590259409.9788,402.824,1267.0,1110.979,1784589598299.0,2780.802
ss-14-60000,1784590256979.1816,1784590257032,1784590258300.0,1784590259409.9792,52.818,1268.0,1109.979,1784589598300.0,2430.798
ss-91-60000,1784590256729.175,1784590257032,1784590258300.0,1784590259409.9797,302.825,1268.0,1109.98,1784589598300.0,2680.805
ss-98-60000,1784590249179.175,1784590249681,1784590258300.0,1784590259409.98,501.825,8619.0,1109.98,1784589598300.0,10230.805
ss-16-60000,1784590256779.1702,1784590257032,1784590258300.0,1784590259409.9805,252.83,1268.0,1109.98,1784589598300.0,2630.81
ss-28-60000,1784590257229.1697,1784590258082,1784590258300.0,1784590259409.9807,852.83,218.0,1109.981,1784589598300.0,2180.811
ss-79-60000,1784590241679.1697,1784590242331,1784590258300.0,1784590259409.9812,651.83,15969.0,1109.981,1784589598300.0,17730.812
ss-31-60000,1784590255379.1707,1784590255982,1784590258300.0,1784590259409.9949,602.829,2318.0,1109.995,1784589598300.0,4030.824
ss-50-60000,1784590255879.1726,1784590255982,1784590258301.0,1784590259409.9954,102.827,2319.0,1108.995,1784589598301.0,3530.823
ss-63-60000,1784590254129.1736,1784590254932,1784590258301.0,1784590259410.071,802.826,3369.0,1109.071,1784589598301.0,5280.897
ss-51-60000,1784590255429.1846,1784590255982,1784590258301.0,1784590259410.0715,552.815,2319.0,1109.072,1784589598301.0,3980.887
ss-99-60000,1784590242029.174,1784590242331,1784590258301.0,1784590259410.072,301.826,15970.0,1109.072,1784589598301.0,17380.898
ss-35-60000,1784590255079.171,1784590255982,1784590258301.0,1784590259410.0723,902.829,2319.0,1109.072,1784589598301.0,4330.901
ss-70-60000,1784590256479.1746,1784590257032,1784590258301.0,1784590259410.1008,552.825,1269.0,1109.101,1784589598301.0,2930.926
ss-90-60000,1784590255679.173,1784590255982,1784590258301.0,1784590259410.1677,302.827,2319.0,1109.168,1784589598301.0,3730.995
ss-9-60000,1784590257029.1697,1784590257032,1784590258302.0,1784590259410.168,2.83,1270.0,1108.168,1784589598302.0,2380.998
ss-64-60000,1784590254079.1694,1784590254932,1784590258302.0,1784590259410.1687,852.831,3370.0,1108.169,1784589598302.0,5330.999
ss-80-60000,1784590250879.156,1784590251781,1784590258302.0,1784590259410.1694,901.844,6521.0,1108.169,1784589598302.0,8531.013
ss-59-60000,1784590255979.175,1784590255982,1784590258302.0,1784590259410.1697,2.825,2320.0,1108.17,1784589598302.0,3430.995
ss-45-60000,1784590245879.1655,1784590246531,1784590258302.0,1784590259410.172,651.834,11771.0,1108.172,1784589598302.0,13531.007
ss-48-60000,1784590254929.1716,1784590254932,1784590258302.0,1784590259410.1724,2.828,3370.0,1108.172,1784589598302.0,4481.001
ss-58-60000,1784590256429.1802,1784590257032,1784590258303.0,1784590259410.1726,602.82,1271.0,1107.173,1784589598303.0,2980.992
ss-29-60000,1784590247779.1729,1784590248632,1784590258303.0,1784590259410.183,852.827,9671.0,1107.183,1784589598303.0,11631.01
ss-84-60000,1784590252379.1697,1784590252832,1784590258303.0,1784590259410.1836,452.83,5471.0,1107.184,1784589598303.0,7031.014
ss-74-60000,1784590257129.1675,1784590258082,1784590258303.0,1784590259410.2183,952.833,221.0,1107.218,1784589598303.0,2281.051
ss-38-60000,1784590257379.1716,1784590258082,1784590258303.0,1784590259410.2188,702.828,221.0,1107.219,1784589598303.0,2031.047
ss-1-60000,1784590257329.1765,1784590258082,1784590258303.0,1784590259410.2188,752.823,221.0,1107.219,1784589598303.0,2081.042
ss-23-60000,1784590238579.189,1784590239182,1784590258304.0,1784590259410.2495,602.811,19122.0,1106.25,1784589598304.0,20831.061
ss-75-60000,1784590255779.177,1784590255982,1784590258304.0,1784590259410.2498,202.823,2322.0,1106.25,1784589598304.0,3631.073
ss-33-60000,1784590254629.1753,1784590254932,1784590258304.0,1784590259410.259,302.825,3372.0,1106.259,1784589598304.0,4781.084
ss-4-60000,1784590256679.18,1784590257032,1784590258304.0,1784590259410.2593,352.82,1272.0,1106.259,1784589598304.0,2731.079
ss-6-60000,1784590253329.1753,1784590253881,1784590258304.0,1784590259410.32,551.825,4423.0,1106.32,1784589598304.0,6081.145
ss-0-60000,1784590255829.194,1784590255982,1784590258304.0,1784590259410.3213,152.806,2322.0,1106.321,1784589598304.0,3581.127
ss-10-60000,1784590253029.1697,1784590253881,1784590258304.0,1784590259410.3215,851.83,4423.0,1106.322,1784589598304.0,6381.152
ss-47-60000,1784590252679.173,1784590252832,1784590258305.0,1784590259410.3218,152.827,5473.0,1105.322,1784589598305.0,6731.149
ss-65-60000,1784590252579.1724,1784590252832,1784590258305.0,1784590259410.3289,252.828,5473.0,1105.329,1784589598305.0,6831.156
ss-71-60000,1784590240029.1711,1784590240232,1784590258305.0,1784590259410.3293,202.829,18073.0,1105.329,1784589598305.0,19381.158
ss-43-60000,1784590254979.1702,1784590255982,1784590258305.0,1784590259410.3606,1002.83,2323.0,1105.361,1784589598305.0,4431.19
ss-86-60000,1784590249879.1772,1784590250731,1784590258305.0,1784590259410.3638,851.823,7574.0,1105.364,1784589598305.0,9531.187
ss-61-60000,1784590253829.1704,1784590253881,1784590258305.0,1784590259410.3992,51.83,4424.0,1105.399,1784589598305.0,5581.229
ss-57-60000,1784590256029.1748,1784590257032,1784590258305.0,1784590259410.3997,1002.825,1273.0,1105.4,1784589598305.0,3381.225
ss-26-60000,1784590252979.1843,1784590253881,1784590258305.0,1784590259410.4,901.816,4424.0,1105.4,1784589598305.0,6431.216
ss-83-60000,1784590253679.168,1784590253881,1784590258306.0,1784590259410.4023,201.832,4425.0,1104.402,1784589598306.0,5731.234
ss-68-60000,1784590248479.1692,1784590248632,1784590258306.0,1784590259410.4146,152.831,9674.0,1104.415,1784589598306.0,10931.245
ss-55-60000,1784590231729.167,1784590231831,1784590258306.0,1784590259410.4387,101.833,26475.0,1104.439,1784589598306.0,27681.272
ss-77-60000,1784590250829.1726,1784590251781,1784590258306.0,1784590259410.4758,951.827,6525.0,1104.476,1784589598306.0,8581.303
ss-20-60000,1784590245529.1619,1784590246531,1784590258306.0,1784590259410.4763,1001.838,11775.0,1104.476,1784589598306.0,13881.314
ss-3-60000,1784590252779.1692,1784590252832,1784590258306.0,1784590259410.6138,52.831,5474.0,1104.614,1784589598306.0,6631.445
ss-81-60000,1784590256879.1775,1784590257032,1784590258306.0,1784590259410.6162,152.823,1274.0,1104.616,1784589598306.0,2531.439
ss-17-60000,1784590254329.1738,1784590254932,1784590258306.0,1784590259410.617,602.826,3374.0,1104.617,1784589598306.0,5081.443
ss-15-60000,1784590253929.169,1784590254932,1784590258307.0,1784590259410.6182,1002.831,3375.0,1103.618,1784589598307.0,5481.449
ss-44-60000,1784590251479.1736,1784590251781,1784590258307.0,1784590259410.644,301.826,6526.0,1103.644,1784589598307.0,7931.47
ss-18-60000,1784590251429.1694,1784590251781,1784590258307.0,1784590259410.6448,351.831,6526.0,1103.645,1784589598307.0,7981.475
ss-96-60000,1784590253179.1702,1784590253881,1784590258307.0,1784590259410.646,701.83,4426.0,1103.646,1784589598307.0,6231.476
ss-95-60000,1784590249479.1565,1784590249681,1784590258307.0,1784590259410.7224,201.844,8626.0,1103.722,1784589598307.0,9931.566
ss-94-60000,1784590253629.8865,1784590253881,1784590258307.0,1784590259410.7249,251.114,4426.0,1103.725,1784589598307.0,5780.838
ss-8-60000,1784590251979.1707,1784590252832,1784590258307.0,1784590259410.7268,852.829,5475.0,1103.727,1784589598307.0,7431.556
ss-53-60000,1784590253479.1648,1784590253881,1784590258307.0,1784590259410.7388,401.835,4426.0,1103.739,1784589598307.0,5931.574
ss-62-60000,1784590251279.1682,1784590251781,1784590258308.0,1784590259410.74,501.832,6527.0,1102.74,1784589598308.0,8131.572
ss-66-60000,1784590256179.1626,1784590257032,1784590258308.0,1784590259410.7407,852.837,1276.0,1102.741,1784589598308.0,3231.578
ss-5-60000,1784590256530.0715,1784590257032,1784590258308.0,1784590259410.7766,501.928,1276.0,1102.777,1784589598308.0,2880.705
ss-67-60000,1784590257079.1667,1784590258082,1784590258308.0,1784590259410.778,1002.833,226.0,1102.778,1784589598308.0,2331.611
ss-82-60000,1784590256329.1753,1784590257032,1784590258308.0,1784590259410.779,702.825,1276.0,1102.779,1784589598308.0,3081.604
ss-69-60000,1784590244429.1694,1784590244431,1784590258308.0,1784590259410.78,1.831,13877.0,1102.78,1784589598308.0,14981.611
ss-42-60000,1784590254229.1714,1784590254932,1784590258308.0,1784590259410.8455,702.829,3376.0,1102.845,1784589598308.0,5181.674
ss-85-60000,1784590253879.1658,1784590253881,1784590258308.0,1784590259410.8467,1.834,4427.0,1102.847,1784589598308.0,5531.681
ss-30-60000,1784590254579.1729,1784590254932,1784590258309.0,1784590259410.8477,352.827,3377.0,1101.848,1784589598309.0,4831.675
ss-92-60000,1784590256279.1733,1784590257032,1784590258309.0,1784590259410.8484,752.827,1277.0,1101.848,1784589598309.0,3131.675
ss-46-60000,1784590255129.1702,1784590255982,1784590258309.0,1784590259410.8818,852.83,2327.0,1101.882,1784589598309.0,4281.712
ss-73-60000,1784590230829.1714,1784590231831,1784590258309.0,1784590259410.883,1001.829,26478.0,1101.883,1784589598309.0,28581.712
ss-97-60000,1784590256379.1733,1784590257032,1784590258309.0,1784590259410.891,652.827,1277.0,1101.891,1784589598309.0,3031.718
ss-25-60000,1784590251779.177,1784590251781,1784590258309.0,1784590259411.0022,1.823,6528.0,1102.002,1784589598309.0,7631.825
ss-78-60000,1784590249229.1714,1784590249681,1784590258309.0,1784590259411.011,451.829,8628.0,1102.011,1784589598309.0,10181.84
ss-40-60000,1784590251529.1716,1784590251781,1784590258309.0,1784590259411.0115,251.828,6528.0,1102.011,1784589598309.0,7881.84
ss-49-60000,1784590257179.1707,1784590258082,1784590258310.0,1784590259411.0117,902.829,228.0,1101.012,1784589598310.0,2231.841
ss-88-60000,1784590249829.1782,1784590250731,1784590258310.0,1784590259411.0122,901.822,7579.0,1101.012,1784589598310.0,9581.834
ss-22-60000,1784590243829.1685,1784590244431,1784590258310.0,1784590259411.0127,601.832,13879.0,1101.013,1784589598310.0,15581.844
ss-27-60000,1784590255279.1719,1784590255982,1784590258310.0,1784590259411.0198,702.828,2328.0,1101.02,1784589598310.0,4131.848
ss-32-60000,1784590256829.1716,1784590257032,1784590258310.0,1784590259411.02,202.828,1278.0,1101.02,1784589598310.0,2581.848
ss-11-60000,1784590254529.1694,1784590254932,1784590258310.0,1784590259411.0205,402.831,3378.0,1101.021,1784589598310.0,4881.851
ss-87-60000,1784590256229.1714,1784590257032,1784590258310.0,1784590259411.0244,802.829,1278.0,1101.024,1784589598310.0,3181.853
ss-76-60000,1784590257279.1855,1784590258082,1784590258310.0,1784590259411.033,802.814,228.0,1101.033,1784589598310.0,2131.847
ss-37-60000,1784590250329.1633,1784590250731,1784590258310.0,1784590259411.0657,401.837,7579.0,1101.066,1784589598310.0,9081.902
ss-56-60000,1784590241529.1677,1784590242331,1784590258310.0,1784590259411.1597,801.832,15979.0,1101.16,1784589598310.0,17881.992
ss-34-60000,1784590255329.1804,1784590255982,1784590258311.0,1784590259411.1626,652.82,2329.0,1100.163,1784589598311.0,4081.982
ss-60-60000,1784590255729.1765,1784590255982,1784590258311.0,1784590259411.1638,252.823,2329.0,1100.164,1784589598311.0,3681.987
ss-36-60000,1784590253529.1687,1784590253881,1784590258311.0,1784590259411.1643,351.831,4430.0,1100.164,1784589598311.0,5881.996
ss-13-60000,1784590256079.1768,1784590257032,1784590258311.0,1784590259411.165,952.823,1279.0,1100.165,1784589598311.0,3331.988
ss-89-60000,1784590256929.177,1784590257032,1784590258311.0,1784590259411.1858,102.823,1279.0,1100.186,1784589598311.0,2482.009
ss-52-60000,1784590254829.1829,1784590254932,1784590258311.0,1784590259411.1865,102.817,3379.0,1100.187,1784589598311.0,4582.004
ss-93-60000,1784590253079.1746,1784590253881,1784590258311.0,1784590259411.187,801.825,4430.0,1100.187,1784589598311.0,6332.012
ss-24-120000,1784590284579.1736,1784590285281,1784590288637.0,1784590289323.415,701.826,3356.0,686.415,1784589568637.0,4744.241
ss-39-120000,1784590278729.1685,1784590279082,1784590288639.0,1784590289323.4187,352.832,9557.0,684.419,1784589568639.0,10594.25
ss-19-120000,1784590284829.1821,1784590285281,1784590288639.0,1784590289323.4204,451.818,3358.0,684.42,1784589568639.0,4494.238
ss-54-120000,1784590286629.1765,1784590287381,1784590288639.0,1784590289323.4214,751.823,1258.0,684.421,1784589568639.0,2694.245
ss-2-120000,1784590280579.175,1784590281132,1784590288639.0,1784590289323.422,552.825,7507.0,684.422,1784589568639.0,8744.247
ss-21-120000,1784590284679.175,1784590285281,1784590288639.0,1784590289323.4233,601.825,3358.0,684.423,1784589568639.0,4644.248
ss-12-120000,1784590282629.166,1784590283182,1784590288639.0,1784590289323.4243,552.834,5457.0,684.424,1784589568639.0,6694.258
ss-72-120000,1784590274479.1638,1784590274881,1784590288639.0,1784590289323.4302,401.836,13758.0,684.43,1784589568639.0,14844.266
ss-14-120000,1784590282329.1643,1784590283182,1784590288640.0,1784590289323.4314,852.836,5458.0,683.431,1784589568640.0,6994.267
ss-91-120000,1784590287279.1838,1784590287381,1784590288640.0,1784590289323.4353,101.816,1259.0,683.435,1784589568640.0,2044.251
ss-98-120000,1784590281179.1643,1784590282133,1784590288640.0,1784590289323.4363,953.836,6507.0,683.436,1784589568640.0,8144.272
ss-7-120000,1784590275829.1724,1784590275931,1784590288640.0,1784590289323.437,101.828,12709.0,683.437,1784589568640.0,13494.265
ss-16-120000,1784590280329.1724,1784590281132,1784590288640.0,1784590289323.4502,802.828,7508.0,683.45,1784589568640.0,8994.278
ss-9-120000,1784590278880.5718,1784590279082,1784590288640.0,1784590289323.4512,201.428,9558.0,683.451,1784589568640.0,10442.879
ss-31-120000,1784590284329.18,1784590285281,1784590288640.0,1784590289323.452,951.82,3359.0,683.452,1784589568640.0,4994.272
ss-79-120000,1784590286729.1548,1784590287381,1784590288640.0,1784590289323.4526,651.845,1259.0,683.453,1784589568640.0,2594.298
ss-50-120000,1784590282679.168,1784590283182,1784590288641.0,1784590289323.4534,502.832,5459.0,682.453,1784589568641.0,6644.285
ss-63-120000,1784590282279.1814,1784590283182,1784590288641.0,1784590289323.454,902.819,5459.0,682.454,1784589568641.0,7044.273
ss-51-120000,1784590286479.159,1784590287381,1784590288641.0,1784590289323.4548,901.841,1260.0,682.455,1784589568641.0,2844.296
ss-28-120000,1784590285379.1614,1784590286331,1784590288641.0,1784590289323.4556,951.839,2310.0,682.456,1784589568641.0,3944.294
ss-64-120000,1784590284079.1638,1784590284234,1784590288641.0,1784590289323.4568,154.836,4407.0,682.457,1784589568641.0,5244.293
ss-35-120000,1784590284979.174,1784590285281,1784590288641.0,1784590289323.4868,301.826,3360.0,682.487,1784589568641.0,4344.313
ss-70-120000,1784590283629.173,1784590284234,1784590288641.0,1784590289323.4878,604.827,4407.0,682.488,1784589568641.0,5694.315
ss-99-120000,1784590286979.153,1784590287381,1784590288641.0,1784590289323.4885,401.847,1260.0,682.489,1784589568641.0,2344.335
ss-80-120000,1784590285429.1592,1784590286331,1784590288641.0,1784590289323.4895,901.841,2310.0,682.49,1784589568641.0,3894.33
ss-90-120000,1784590281279.1567,1784590282133,1784590288642.0,1784590289323.4902,853.843,6509.0,681.49,1784589568642.0,8044.333
ss-59-120000,1784590285479.1694,1784590286331,1784590288642.0,1784590289323.4912,851.831,2311.0,681.491,1784589568642.0,3844.322
ss-45-120000,1784590267129.1755,1784590267531,1784590288642.0,1784590289323.4922,401.824,21111.0,681.492,1784589568642.0,22194.317
ss-41-120000,1784590284529.176,1784590285281,1784590288642.0,1784590289323.493,751.824,3361.0,681.493,1784589568642.0,4794.317
ss-48-120000,1784590278229.1797,1784590279082,1784590288642.0,1784590289323.4941,852.82,9560.0,681.494,1784589568642.0,11094.314
ss-29-120000,1784590286129.1643,1784590286331,1784590288642.0,1784590289323.4949,201.836,2311.0,681.495,1784589568642.0,3194.331
ss-58-120000,1784590286679.1719,1784590287381,1784590288642.0,1784590289323.521,701.828,1261.0,681.521,1784589568642.0,2644.349
ss-84-120000,1784590284729.178,1784590285281,1784590288642.0,1784590289323.522,551.822,3361.0,681.522,1784589568642.0,4594.344
ss-38-120000,1784590284929.1748,1784590285281,1784590288643.0,1784590289323.5227,351.825,3362.0,680.523,1784589568643.0,4394.348
ss-1-120000,1784590276079.1694,1784590276982,1784590288643.0,1784590289323.5234,902.831,11661.0,680.523,1784589568643.0,13244.354
ss-74-120000,1784590273779.1858,1784590273831,1784590288643.0,1784590289323.5244,51.814,14812.0,680.524,1784589568643.0,15544.339
ss-75-120000,1784590279579.1716,1784590280083,1784590288643.0,1784590289323.526,503.828,8560.0,680.526,1784589568643.0,9744.354
ss-33-120000,1784590286329.1753,1784590286331,1784590288643.0,1784590289323.5273,1.825,2312.0,680.527,1784589568643.0,2994.352
ss-23-120000,1784590286879.1658,1784590287381,1784590288643.0,1784590289323.5283,501.834,1262.0,680.528,1784589568643.0,2444.363
ss-6-120000,1784590277429.173,1784590278031,1784590288643.0,1784590289323.529,601.827,10612.0,680.529,1784589568643.0,11894.356
ss-0-120000,1784590281729.1675,1784590282133,1784590288643.0,1784590289323.5298,403.833,6510.0,680.53,1784589568643.0,7594.362
ss-10-120000,1784590282429.1685,1784590283182,1784590288643.0,1784590289323.5303,752.832,5461.0,680.53,1784589568643.0,6894.362
ss-47-120000,1784590282879.1729,1784590283182,1784590288644.0,1784590289323.531,302.827,5462.0,679.531,1784589568644.0,6444.358
ss-4-120000,1784590285229.1748,1784590285281,1784590288644.0,1784590289323.5317,51.825,3363.0,679.532,1784589568644.0,4094.357
ss-65-120000,1784590282029.1675,1784590282133,1784590288644.0,1784590289323.5325,103.833,6511.0,679.532,1784589568644.0,7294.365
ss-86-120000,1784590286829.1697,1784590287381,1784590288644.0,1784590289323.5332,551.83,1263.0,679.533,1784589568644.0,2494.364
ss-43-120000,1784590265829.195,1784590266481,1784590288644.0,1784590289323.5396,651.805,22163.0,679.54,1784589568644.0,23494.344
ss-61-120000,1784590280279.1794,1784590281132,1784590288644.0,1784590289323.5403,852.821,7512.0,679.54,1784589568644.0,9044.361
ss-57-120000,1784590283579.1638,1784590284234,1784590288644.0,1784590289323.5413,654.836,4410.0,679.541,1784589568644.0,5744.377
ss-26-120000,1784590285129.1687,1784590285281,1784590288644.0,1784590289323.5425,151.831,3363.0,679.542,1784589568644.0,4194.374
ss-71-120000,1784590275429.1648,1784590275931,1784590288644.0,1784590289323.543,501.835,12713.0,679.543,1784589568644.0,13894.378
ss-55-120000,1784590286279.1711,1784590286331,1784590288645.0,1784590289323.544,51.829,2314.0,678.544,1784589568645.0,3044.373
ss-20-120000,1784590286579.181,1784590287381,1784590288645.0,1784590289323.5447,801.819,1264.0,678.545,1784589568645.0,2744.364
ss-3-120000,1784590279229.178,1784590280083,1784590288645.0,1784590289323.6223,853.822,8562.0,678.622,1784589568645.0,10094.444
ss-77-120000,1784590285579.1667,1784590286331,1784590288645.0,1784590289323.6233,751.833,2314.0,678.623,1784589568645.0,3744.457
ss-17-120000,1784590274929.1677,1784590275931,1784590288645.0,1784590289323.624,1001.832,12714.0,678.624,1784589568645.0,14394.456
ss-81-120000,1784590282379.1626,1784590283182,1784590288645.0,1784590289323.6248,802.837,5463.0,678.625,1784589568645.0,6944.462
ss-15-120000,1784590286229.5703,1784590286331,1784590288645.0,1784590289323.6255,101.43,2314.0,678.625,1784589568645.0,3094.055
ss-44-120000,1784590287379.1697,1784590287381,1784590288645.0,1784590289323.6316,1.83,1264.0,678.632,1784589568645.0,1944.462
ss-68-120000,1784590283229.1748,1784590284234,1784590288645.0,1784590289323.6326,1004.825,4411.0,678.633,1784589568645.0,6094.458
ss-18-120000,1784590285529.173,1784590286331,1784590288646.0,1784590289323.6375,801.827,2315.0,677.637,1784589568646.0,3794.464
ss-95-120000,1784590285829.1633,1784590286331,1784590288646.0,1784590289323.6384,501.837,2315.0,677.638,1784589568646.0,3494.475
ss-96-120000,1784590284179.1694,1784590284234,1784590288646.0,1784590289323.6392,54.831,4412.0,677.639,1784589568646.0,5144.47
ss-94-120000,1784590285679.149,1784590286331,1784590288646.0,1784590289323.6443,651.851,2315.0,677.644,1784589568646.0,3644.495
ss-62-120000,1784590287079.1562,1784590287381,1784590288646.0,1784590289323.645,301.844,1265.0,677.645,1784589568646.0,2244.489
ss-66-120000,1784590284429.1707,1784590285281,1784590288646.0,1784590289323.6458,851.829,3365.0,677.646,1784589568646.0,4894.475
ss-53-120000,1784590286429.166,1784590287381,1784590288646.0,1784590289323.6467,951.834,1265.0,677.647,1784589568646.0,2894.481
ss-67-120000,1784590281579.175,1784590282133,1784590288646.0,1784590289323.6475,553.825,6513.0,677.647,1784589568646.0,7744.472
ss-82-120000,1784590283979.1758,1784590284234,1784590288646.0,1784590289323.6482,254.824,4412.0,677.648,1784589568646.0,5344.472
ss-5-120000,1784590279279.1794,1784590280083,1784590288647.0,1784590289323.649,803.821,8564.0,676.649,1784589568647.0,10044.469
ss-69-120000,1784590283029.172,1784590283182,1784590288647.0,1784590289323.6497,152.828,5465.0,676.65,1784589568647.0,6294.478
ss-42-120000,1784590283929.1777,1784590284234,1784590288647.0,1784590289323.6545,304.822,4413.0,676.655,1784589568647.0,5394.477
ss-85-120000,1784590279731.55,1784590280083,1784590288647.0,1784590289323.7537,351.45,8564.0,676.754,1784589568647.0,9592.204
ss-30-120000,1784590277929.183,1784590278031,1784590288647.0,1784590289323.7642,101.817,10616.0,676.764,1784589568647.0,11394.581
ss-8-120000,1784590279529.2544,1784590280083,1784590288647.0,1784590289323.7654,553.746,8564.0,676.765,1784589568647.0,9794.511
ss-92-120000,1784590285979.155,1784590286331,1784590288647.0,1784590289323.766,351.845,2316.0,676.766,1784589568647.0,3344.611
ss-46-120000,1784590279629.1743,1784590280083,1784590288647.0,1784590289323.7673,453.826,8564.0,676.767,1784589568647.0,9694.593
ss-25-120000,1784590287329.182,1784590287381,1784590288647.0,1784590289323.7683,51.818,1266.0,676.768,1784589568647.0,1994.586
ss-97-120000,1784590273429.1667,1784590273831,1784590288647.0,1784590289323.769,401.833,14816.0,676.769,1784589568647.0,15894.602
ss-78-120000,1784590276479.1611,1784590276982,1784590288648.0,1784590289323.7698,502.839,11666.0,675.77,1784589568648.0,12844.609
ss-40-120000,1784590280479.2202,1784590281132,1784590288648.0,1784590289323.7703,652.78,7516.0,675.77,1784589568648.0,8844.55
ss-49-120000,1784590287029.1519,1784590287381,1784590288648.0,1784590289323.771,351.848,1267.0,675.771,1784589568648.0,2294.619
ss-73-120000,1784590285779.1597,1784590286331,1784590288648.0,1784590289323.7717,551.84,2317.0,675.772,1784589568648.0,3544.612
ss-11-120000,1784590281429.1733,1784590282133,1784590288648.0,1784590289323.7725,703.827,6515.0,675.772,1784589568648.0,7894.599
ss-22-120000,1784590273529.1687,1784590273831,1784590288648.0,1784590289323.7734,301.831,14817.0,675.773,1784589568648.0,15794.605
ss-27-120000,1784590287229.1704,1784590287381,1784590288648.0,1784590289323.7742,151.83,1267.0,675.774,1784589568648.0,2094.604
ss-88-120000,1784590283779.1694,1784590284234,1784590288648.0,1784590289323.775,454.831,4414.0,675.775,1784589568648.0,5544.605
ss-87-120000,1784590277579.1611,1784590278031,1784590288648.0,1784590289323.7756,451.839,10617.0,675.776,1784589568648.0,11744.615
ss-32-120000,1784590287179.1895,1784590287381,1784590288649.0,1784590289323.7764,201.811,1268.0,674.776,1784589568649.0,2144.587
ss-76-120000,1784590278179.1697,1784590279082,1784590288649.0,1784590289323.7769,902.83,9567.0,674.777,1784589568649.0,11144.607
ss-37-120000,1784590265079.1792,1784590265431,1784590288649.0,1784590289323.7776,351.821,23218.0,674.778,1784589568649.0,24244.598
ss-83-120000,1784590286929.1572,1784590287381,1784590288649.0,1784590289323.7783,451.843,1268.0,674.778,1784589568649.0,2394.621
ss-56-120000,1784590275579.1448,1784590275931,1784590288649.0,1784590289323.779,351.855,12718.0,674.779,1784589568649.0,13744.634
ss-60-120000,1784590280929.4229,1784590281132,1784590288649.0,1784590289323.7795,202.577,7517.0,674.78,1784589568649.0,8394.357
ss-34-120000,1784590284129.1729,1784590284234,1784590288649.0,1784590289323.791,104.827,4415.0,674.791,1784589568649.0,5194.618
ss-36-120000,1784590281629.1697,1784590282133,1784590288649.0,1784590289323.7917,503.83,6516.0,674.792,1784589568649.0,7694.622
ss-89-120000,1784590286379.1636,1784590287381,1784590288650.0,1784590289323.7922,1001.836,1269.0,673.792,1784589568650.0,2944.629
ss-52-120000,1784590286779.1658,1784590287381,1784590288650.0,1784590289323.793,601.834,1269.0,673.793,1784589568650.0,2544.627
ss-13-120000,1784590287129.1855,1784590287381,1784590288650.0,1784590289323.7986,251.814,1269.0,673.799,1784589568650.0,2194.613
ss-93-120000,1784590284629.1633,1784590285281,1784590288650.0,1784590289323.7996,651.837,3369.0,673.8,1784589568650.0,4694.636
ss-24-180000,1784590311529.1682,1784590311531,1784590317860.0,1784590318360.4202,1.832,6329.0,500.42,1784589537860.0,6831.252
ss-39-180000,1784590316029.1895,1784590316781,1784590317861.0,1784590318360.4253,751.811,1080.0,499.425,1784589537861.0,2331.236
ss-54-180000,1784590313529.1885,1784590313631,1784590317861.0,1784590318360.4443,101.812,4230.0,499.444,1784589537861.0,4831.256
ss-2-180000,1784590316729.1663,1784590316781,1784590317861.0,1784590318360.4458,51.834,1080.0,499.446,1784589537861.0,1631.28
ss-21-180000,1784590314829.17,1784590315731,1784590317861.0,1784590318360.447,901.83,2130.0,499.447,1784589537861.0,3531.277
ss-12-180000,1784590314479.1555,1784590314681,1784590317861.0,1784590318360.448,201.844,3180.0,499.448,1784589537861.0,3881.292
ss-14-180000,1784590314729.164,1784590315731,1784590317861.0,1784590318360.4487,1001.836,2130.0,499.449,1784589537861.0,3631.285
ss-72-180000,1784590313129.1763,1784590313631,1784590317861.0,1784590318360.4495,501.824,4230.0,499.449,1784589537861.0,5231.273
ss-98-180000,1784590308679.1682,1784590309431,1784590317861.0,1784590318360.4507,751.832,8430.0,499.451,1784589537861.0,9681.282
ss-91-180000,1784590310629.1782,1784590311531,1784590317862.0,1784590318360.452,901.822,6331.0,498.452,1784589537862.0,7731.274
ss-7-180000,1784590316679.1753,1784590316781,1784590317862.0,1784590318360.453,101.825,1081.0,498.453,1784589537862.0,1681.278
ss-16-180000,1784590315229.1702,1784590315731,1784590317862.0,1784590318360.454,501.83,2131.0,498.454,1784589537862.0,3131.284
ss-31-180000,1784590316079.182,1784590316781,1784590317862.0,1784590318360.8098,701.818,1081.0,498.81,1784589537862.0,2281.628
ss-52-180000,1784590315329.1729,1784590315731,1784590317862.0,1784590318360.8118,401.827,2131.0,498.812,1784589537862.0,3031.639
ss-79-180000,1784590311179.1902,1784590311531,1784590317862.0,1784590318360.8132,351.81,6331.0,498.813,1784589537862.0,7181.623
ss-50-180000,1784590313979.1567,1784590314681,1784590317862.0,1784590318360.8142,701.843,3181.0,498.814,1784589537862.0,4381.657
ss-63-180000,1784590309729.1702,1784590310481,1784590317862.0,1784590318360.8154,751.83,7381.0,498.815,1784589537862.0,8631.645
ss-51-180000,1784590313229.1907,1784590313631,1784590317863.0,1784590318360.8162,401.809,4232.0,497.816,1784589537863.0,5131.625
ss-28-180000,1784590317179.1785,1784590317831,1784590317863.0,1784590318360.817,651.822,32.0,497.817,1784589537863.0,1181.638
ss-35-180000,1784590309029.1887,1784590309431,1784590317863.0,1784590318360.8176,401.811,8432.0,497.818,1784589537863.0,9331.629
ss-70-180000,1784590316779.172,1784590316781,1784590317863.0,1784590318360.823,1.828,1082.0,497.823,1784589537863.0,1581.651
ss-99-180000,1784590306129.168,1784590306281,1784590317863.0,1784590318360.824,151.832,11582.0,497.824,1784589537863.0,12231.656
ss-90-180000,1784590309179.171,1784590309431,1784590317863.0,1784590318360.8252,251.829,8432.0,497.825,1784589537863.0,9181.654
ss-64-180000,1784590313829.1724,1784590314681,1784590317863.0,1784590318360.8262,851.828,3182.0,497.826,1784589537863.0,4531.654
ss-80-180000,1784590313579.1558,1784590313631,1784590317864.0,1784590318360.8271,51.844,4233.0,496.827,1784589537864.0,4781.671
ss-59-180000,1784590315029.1858,1784590315731,1784590317864.0,1784590318360.828,701.814,2133.0,496.828,1784589537864.0,3331.642
ss-19-180000,1784590317279.1875,1784590317831,1784590317864.0,1784590318360.8289,551.812,33.0,496.829,1784589537864.0,1081.641
ss-45-180000,1784590317379.1572,1784590317831,1784590317864.0,1784590318360.8296,451.843,33.0,496.83,1784589537864.0,981.672
ss-9-180000,1784590306329.1633,1784590307331,1784590317864.0,1784590318360.8306,1001.837,10533.0,496.831,1784589537864.0,12031.667
ss-41-180000,1784590313329.1685,1784590313631,1784590317864.0,1784590318360.8313,301.832,4233.0,496.831,1784589537864.0,5031.663
ss-48-180000,1784590310679.177,1784590311531,1784590317864.0,1784590318360.832,851.823,6333.0,496.832,1784589537864.0,7681.655
ss-29-180000,1784590312379.177,1784590312582,1784590317864.0,1784590318360.8328,202.823,5282.0,496.833,1784589537864.0,5981.656
ss-58-180000,1784590315579.1655,1784590315731,1784590317864.0,1784590318360.8333,151.834,2133.0,496.833,1784589537864.0,2781.668
ss-84-180000,1784590316929.1746,1784590317831,1784590317865.0,1784590318360.8406,901.825,34.0,495.841,1784589537865.0,1431.666
ss-38-180000,1784590296079.1658,1784590296831,1784590317865.0,1784590318360.8413,751.834,21034.0,495.841,1784589537865.0,22281.676
ss-1-180000,1784590316329.1743,1784590316781,1784590317865.0,1784590318360.842,451.826,1084.0,495.842,1784589537865.0,2031.668
ss-74-180000,1784590316279.1775,1784590316781,1784590317865.0,1784590318360.8428,501.823,1084.0,495.843,1784589537865.0,2081.665
ss-75-180000,1784590312329.1704,1784590312582,1784590317865.0,1784590318360.8435,252.83,5283.0,495.844,1784589537865.0,6031.673
ss-33-180000,1784590307779.1724,1784590308381,1784590317865.0,1784590318360.8445,601.828,9484.0,495.844,1784589537865.0,10581.672
ss-23-180000,1784590308629.1716,1784590309431,1784590317865.0,1784590318360.8613,801.828,8434.0,495.861,1784589537865.0,9731.69
ss-0-180000,1784590310279.1736,1784590310481,1784590317865.0,1784590318360.8623,201.826,7384.0,495.862,1784589537865.0,8081.689
ss-6-180000,1784590312879.1787,1784590313631,1784590317866.0,1784590318360.863,751.821,4235.0,494.863,1784589537866.0,5481.684
ss-47-180000,1784590310179.1758,1784590310481,1784590317866.0,1784590318361.0764,301.824,7385.0,495.076,1784589537866.0,8181.901
ss-10-180000,1784590308829.1897,1784590309431,1784590317866.0,1784590318361.0781,601.81,8435.0,495.078,1784589537866.0,9531.888
ss-4-180000,1784590314429.1663,1784590314681,1784590317866.0,1784590318361.0789,251.834,3185.0,495.079,1784589537866.0,3931.913
ss-65-180000,1784590316179.1714,1784590316781,1784590317866.0,1784590318361.0842,601.829,1085.0,495.084,1784589537866.0,2181.913
ss-86-180000,1784590317229.1714,1784590317831,1784590317866.0,1784590318361.085,601.829,35.0,495.085,1784589537866.0,1131.914
ss-43-180000,1784590317329.172,1784590317831,1784590317866.0,1784590318361.086,501.828,35.0,495.086,1784589537866.0,1031.914
ss-61-180000,1784590307529.1643,1784590308381,1784590317866.0,1784590318361.0864,851.836,9485.0,495.086,1784589537866.0,10831.922
ss-57-180000,1784590310929.1868,1784590311531,1784590317866.0,1784590318361.088,601.813,6335.0,495.088,1784589537866.0,7431.901
ss-26-180000,1784590309079.182,1784590309431,1784590317866.0,1784590318361.0884,351.818,8435.0,495.088,1784589537866.0,9281.906
ss-71-180000,1784590316479.17,1784590316781,1784590317867.0,1784590318361.0894,301.83,1086.0,494.089,1784589537867.0,1881.919
ss-20-180000,1784590310129.1694,1784590310481,1784590317867.0,1784590318361.0898,351.831,7386.0,494.09,1784589537867.0,8231.92
ss-3-180000,1784590311379.1707,1784590311531,1784590317867.0,1784590318361.0906,151.829,6336.0,494.091,1784589537867.0,6981.92
ss-77-180000,1784590316829.1772,1784590317831,1784590317867.0,1784590318361.0916,1001.823,36.0,494.092,1784589537867.0,1531.914
ss-81-180000,1784590312629.1748,1784590313631,1784590317867.0,1784590318361.0925,1001.825,4236.0,494.093,1784589537867.0,5731.918
ss-15-180000,1784590315179.1746,1784590315731,1784590317867.0,1784590318361.0938,551.825,2136.0,494.094,1784589537867.0,3181.919
ss-55-180000,1784590313779.173,1784590314681,1784590317867.0,1784590318361.0942,901.827,3186.0,494.094,1784589537867.0,4581.921
ss-44-180000,1784590316879.1738,1784590317831,1784590317867.0,1784590318361.095,951.826,36.0,494.095,1784589537867.0,1481.921
ss-17-180000,1784590313929.1636,1784590314681,1784590317867.0,1784590318361.0957,751.836,3186.0,494.096,1784589537867.0,4431.932
ss-37-180000,1784590315279.1729,1784590315731,1784590317867.0,1784590318361.0964,451.827,2136.0,494.096,1784589537867.0,3081.924
ss-68-180000,1784590315079.1804,1784590315731,1784590317868.0,1784590318361.0972,651.82,2137.0,493.097,1784589537868.0,3281.917
ss-11-180000,1784590315479.155,1784590315731,1784590317868.0,1784590318361.1099,251.845,2137.0,493.11,1784589537868.0,2881.955
ss-18-180000,1784590315129.1702,1784590315731,1784590317868.0,1784590318361.1106,601.83,2137.0,493.111,1784589537868.0,3231.94
ss-95-180000,1784590306079.184,1784590306281,1784590317868.0,1784590318361.1113,201.816,11587.0,493.111,1784589537868.0,12281.927
ss-96-180000,1784590310729.1758,1784590311531,1784590317868.0,1784590318361.112,801.824,6337.0,493.112,1784589537868.0,7631.936
ss-94-180000,1784590317079.1719,1784590317831,1784590317868.0,1784590318361.1777,751.828,37.0,493.178,1784589537868.0,1282.006
ss-62-180000,1784590316529.1772,1784590316781,1784590317868.0,1784590318361.1787,251.823,1087.0,493.179,1784589537868.0,1832.001
ss-66-180000,1784590316979.1682,1784590317831,1784590317868.0,1784590318361.1794,851.832,37.0,493.179,1784589537868.0,1382.011
ss-53-180000,1784590307929.179,1784590308381,1784590317868.0,1784590318361.1987,451.821,9487.0,493.199,1784589537868.0,10432.02
ss-67-180000,1784590313679.17,1784590314681,1784590317869.0,1784590318361.1997,1001.83,3188.0,492.2,1784589537869.0,4682.03
ss-82-180000,1784590314179.1719,1784590314681,1784590317869.0,1784590318361.2004,501.828,3188.0,492.2,1784589537869.0,4182.029
ss-5-180000,1784590314679.1626,1784590314681,1784590317869.0,1784590318361.201,1.837,3188.0,492.201,1784589537869.0,3682.038
ss-42-180000,1784590313029.174,1784590313631,1784590317869.0,1784590318361.202,601.826,4238.0,492.202,1784589537869.0,5332.028
ss-69-180000,1784590315529.175,1784590315731,1784590317869.0,1784590318361.3025,201.825,2138.0,492.302,1784589537869.0,2832.127
ss-30-180000,1784590316429.1758,1784590316781,1784590317869.0,1784590318361.4177,351.824,1088.0,492.418,1784589537869.0,1932.242
ss-85-180000,1784590312429.1863,1784590312582,1784590317869.0,1784590318361.42,152.814,5287.0,492.42,1784589537869.0,5932.234
ss-8-180000,1784590313729.1685,1784590314681,1784590317869.0,1784590318361.421,951.832,3188.0,492.421,1784589537869.0,4632.252
ss-92-180000,1784590309479.167,1784590310481,1784590317869.0,1784590318361.4219,1001.833,7388.0,492.422,1784589537869.0,8882.255
ss-25-180000,1784590308779.1914,1784590309431,1784590317869.0,1784590318361.6062,651.809,8438.0,492.606,1784589537869.0,9582.415
ss-97-180000,1784590312129.167,1784590312582,1784590317870.0,1784590318361.6082,452.833,5288.0,491.608,1784589537870.0,6232.441
ss-78-180000,1784590315929.172,1784590316781,1784590317870.0,1784590318361.6091,851.828,1089.0,491.609,1784589537870.0,2432.437
ss-40-180000,1784590307229.1687,1784590307331,1784590317870.0,1784590318361.6099,101.831,10539.0,491.61,1784589537870.0,11132.441
ss-49-180000,1784590316229.1736,1784590316781,1784590317870.0,1784590318361.6106,551.826,1089.0,491.611,1784589537870.0,2132.437
ss-73-180000,1784590311679.1738,1784590312582,1784590317870.0,1784590318361.6187,902.826,5288.0,491.619,1784589537870.0,6682.445
ss-22-180000,1784590311929.163,1784590312582,1784590317870.0,1784590318361.6199,652.837,5288.0,491.62,1784589537870.0,6432.457
ss-27-180000,1784590316629.1714,1784590316781,1784590317870.0,1784590318361.6206,151.829,1089.0,491.621,1784589537870.0,1732.449
ss-88-180000,1784590315629.1836,1784590315731,1784590317870.0,1784590318361.6213,101.816,2139.0,491.621,1784589537870.0,2732.438
ss-32-180000,1784590307629.1252,1784590308381,1784590317870.0,1784590318361.622,751.875,9489.0,491.622,1784589537870.0,10732.497
ss-87-180000,1784590313429.1753,1784590313631,1784590317870.0,1784590318361.6228,201.825,4239.0,491.623,1784589537870.0,4932.448
ss-76-180000,1784590312729.1763,1784590313631,1784590317870.0,1784590318361.6233,901.824,4239.0,491.623,1784589537870.0,5632.447
ss-46-180000,1784590315829.1719,1784590316781,1784590317871.0,1784590318361.6245,951.828,1090.0,490.625,1784589537871.0,2532.453
ss-83-180000,1784590305279.1711,1784590306281,1784590317871.0,1784590318361.6255,1001.829,11590.0,490.625,1784589537871.0,13082.454
ss-56-180000,1784590317029.175,1784590317831,1784590317871.0,1784590318361.6301,801.825,40.0,490.63,1784589537871.0,1332.455
ss-60-180000,1784590315979.1575,1784590316781,1784590317871.0,1784590318361.6309,801.843,1090.0,490.631,1784589537871.0,2382.473
ss-34-180000,1784590314979.1755,1784590315731,1784590317871.0,1784590318361.6316,751.824,2140.0,490.632,1784589537871.0,3382.456
ss-36-180000,1784590316579.161,1784590316781,1784590317871.0,1784590318361.6323,201.839,1090.0,490.632,1784589537871.0,1782.471
ss-89-180000,1784590311779.1685,1784590312582,1784590317871.0,1784590318361.633,802.832,5289.0,490.633,1784589537871.0,6582.465
ss-13-180000,1784590317129.1716,1784590317831,1784590317871.0,1784590318361.6338,701.828,40.0,490.634,1784589537871.0,1232.462
ss-93-180000,1784590310879.1777,1784590311531,1784590317871.0,1784590318361.6345,651.822,6340.0,490.635,1784589537871.0,7482.457
ss-24-240000,1784590325829.374,1784590326231,1784590327469.0,1784590328302.6543,401.626,1238.0,833.654,1784589487469.0,2473.28
ss-39-240000,1784590321179.1697,1784590322031,1784590327469.0,1784590328302.657,851.83,5438.0,833.657,1784589487469.0,7123.487
ss-7-240000,1784590323329.1697,1784590324131,1784590327469.0,1784590328302.6577,801.83,3338.0,833.658,1784589487469.0,4973.488
ss-2-240000,1784590325079.1848,1784590325181,1784590327469.0,1784590328302.6653,101.815,2288.0,833.665,1784589487469.0,3223.48
ss-21-240000,1784590323629.1687,1784590324131,1784590327469.0,1784590328302.6663,501.831,3338.0,833.666,1784589487469.0,4673.498
ss-12-240000,1784590323729.1763,1784590324131,1784590327469.0,1784590328302.6675,401.824,3338.0,833.667,1784589487469.0,4573.491
ss-14-240000,1784590325429.1687,1784590326231,1784590327469.0,1784590328302.668,801.831,1238.0,833.668,1784589487469.0,2873.499
ss-72-240000,1784590322629.1746,1784590323081,1784590327470.0,1784590328302.6687,451.825,4389.0,832.669,1784589487470.0,5673.494
ss-91-240000,1784590325029.161,1784590325181,1784590327470.0,1784590328302.6697,151.839,2289.0,832.67,1784589487470.0,3273.509
ss-19-240000,1784590326129.1902,1784590326231,1784590327470.0,1784590328302.671,101.81,1239.0,832.671,1784589487470.0,2173.481
ss-98-240000,1784590323429.1638,1784590324131,1784590327470.0,1784590328302.6714,701.836,3339.0,832.671,1784589487470.0,4873.508
ss-16-240000,1784590326929.1663,1784590327281,1784590327470.0,1784590328302.6716,351.834,189.0,832.672,1784589487470.0,1373.505
ss-79-240000,1784590319929.169,1784590319931,1784590327470.0,1784590328302.6719,1.831,7539.0,832.672,1784589487470.0,8373.503
ss-31-240000,1784590327179.1711,1784590327281,1784590327470.0,1784590328302.6724,101.829,189.0,832.672,1784589487470.0,1123.501
ss-28-240000,1784590324279.1633,1784590325181,1784590327470.0,1784590328302.6726,901.837,2289.0,832.673,1784589487470.0,4023.509
ss-50-240000,1784590324029.19,1784590324131,1784590327470.0,1784590328302.673,101.81,3339.0,832.673,1784589487470.0,4273.483
ss-63-240000,1784590324679.1765,1784590325181,1784590327470.0,1784590328302.6738,501.823,2289.0,832.674,1784589487470.0,3623.497
ss-51-240000,1784590326579.1697,1784590327281,1784590327470.0,1784590328302.6746,701.83,189.0,832.675,1784589487470.0,1723.505
ss-9-240000,1784590323129.1724,1784590324131,1784590327470.0,1784590328302.6753,1001.828,3339.0,832.675,1784589487470.0,5173.503
ss-35-240000,1784590318379.17,1784590318881,1784590327471.0,1784590328302.6755,501.83,8590.0,831.676,1784589487471.0,9923.506
ss-99-240000,1784590306129.168,1784590306281,1784590327471.0,1784590328302.6758,151.832,21190.0,831.676,1784589487471.0,22173.508
ss-70-240000,1784590322279.157,1784590323081,1784590327471.0,1784590328302.676,801.843,4390.0,831.676,1784589487471.0,6023.519
ss-54-240000,1784590319579.1804,1784590319931,1784590327471.0,1784590328302.6782,351.82,7540.0,831.678,1784589487471.0,8723.498
ss-64-240000,1784590321679.1555,1784590322031,1784590327471.0,1784590328302.6787,351.844,5440.0,831.679,1784589487471.0,6623.523
ss-41-240000,1784590323479.1672,1784590324131,1784590327471.0,1784590328302.6904,651.833,3340.0,831.69,1784589487471.0,4823.523
ss-90-240000,1784590326979.1687,1784590327281,1784590327471.0,1784590328302.6907,301.831,190.0,831.691,1784589487471.0,1323.522
ss-80-240000,1784590326629.1729,1784590327281,1784590327471.0,1784590328302.6912,651.827,190.0,831.691,1784589487471.0,1673.518
ss-59-240000,1784590323229.1743,1784590324131,1784590327471.0,1784590328303.648,901.826,3340.0,832.648,1784589487471.0,5074.474
ss-45-240000,1784590325229.1772,1784590326231,1784590327471.0,1784590328303.6487,1001.823,1240.0,832.649,1784589487471.0,3074.471
ss-13-240000,1784590318029.1687,1784590318881,1784590327471.0,1784590328303.6492,851.831,8590.0,832.649,1784589487471.0,10274.48
ss-48-240000,1784590310679.177,1784590311531,1784590327471.0,1784590328303.6497,851.823,15940.0,832.65,1784589487471.0,17624.473
ss-58-240000,1784590324529.1624,1784590325181,1784590327471.0,1784590328303.6501,651.838,2290.0,832.65,1784589487471.0,3774.488
ss-29-240000,1784590320429.1672,1784590320981,1784590327471.0,1784590328303.6504,551.833,6490.0,832.65,1784589487471.0,7874.483
ss-74-240000,1784590326679.1685,1784590327281,1784590327471.0,1784590328303.651,601.832,190.0,832.651,1784589487471.0,1624.482
ss-84-240000,1784590316929.1746,1784590317831,1784590327471.0,1784590328303.6514,901.825,9640.0,832.651,1784589487471.0,11374.477
ss-38-240000,1784590326729.188,1784590327281,1784590327471.0,1784590328303.657,551.812,190.0,832.657,1784589487471.0,1574.469
ss-1-240000,1784590323379.1724,1784590324131,1784590327471.0,1784590328303.6575,751.828,3340.0,832.657,1784589487471.0,4924.485
ss-4-240000,1784590325979.1868,1784590326231,1784590327471.0,1784590328303.6606,251.813,1240.0,832.661,1784589487471.0,2324.474
ss-75-240000,1784590324379.1697,1784590325181,1784590327472.0,1784590328303.6611,801.83,2291.0,831.661,1784589487472.0,3924.491
ss-33-240000,1784590307779.1724,1784590308381,1784590327472.0,1784590328303.6616,601.828,19091.0,831.662,1784589487472.0,20524.489
ss-23-240000,1784590325279.1807,1784590326231,1784590327472.0,1784590328303.662,951.819,1241.0,831.662,1784589487472.0,3024.481
ss-0-240000,1784590324479.1565,1784590325181,1784590327472.0,1784590328303.6624,701.844,2291.0,831.662,1784589487472.0,3824.506
ss-6-240000,1784590324179.1748,1784590325181,1784590327472.0,1784590328303.6628,1001.825,2291.0,831.663,1784589487472.0,4124.488
ss-10-240000,1784590308829.1897,1784590309431,1784590327472.0,1784590328303.6633,601.81,18041.0,831.663,1784589487472.0,19474.474
ss-68-240000,1784590325479.1694,1784590326231,1784590327472.0,1784590328303.6636,751.831,1241.0,831.664,1784589487472.0,2824.494
ss-47-240000,1784590327129.166,1784590327281,1784590327472.0,1784590328303.664,151.834,191.0,831.664,1784589487472.0,1174.498
ss-65-240000,1784590323029.1917,1784590323081,1784590327472.0,1784590328303.6646,51.808,4391.0,831.665,1784589487472.0,5274.473
ss-43-240000,1784590326079.1902,1784590326231,1784590327472.0,1784590328303.665,151.81,1241.0,831.665,1784589487472.0,2224.475
ss-86-240000,1784590327379.1711,1784590327433,1784590327472.0,1784590328303.6653,53.829,39.0,831.665,1784589487472.0,924.494
ss-61-240000,1784590307529.1643,1784590308381,1784590327472.0,1784590328303.6658,851.836,19091.0,831.666,1784589487472.0,20774.501
ss-57-240000,1784590326879.1763,1784590327281,1784590327472.0,1784590328303.6675,401.824,191.0,831.667,1784589487472.0,1424.491
ss-26-240000,1784590326829.19,1784590327281,1784590327472.0,1784590328303.6682,451.81,191.0,831.668,1784589487472.0,1474.478
ss-71-240000,1784590325379.1682,1784590326231,1784590327472.0,1784590328303.6685,851.832,1241.0,831.668,1784589487472.0,2924.5
ss-20-240000,1784590324329.1846,1784590325181,1784590327472.0,1784590328303.6714,851.815,2291.0,831.671,1784589487472.0,3974.487
ss-3-240000,1784590323079.1687,1784590323081,1784590327472.0,1784590328303.6804,1.831,4391.0,831.68,1784589487472.0,5224.512
ss-77-240000,1784590327229.166,1784590327281,1784590327472.0,1784590328303.6807,51.834,191.0,831.681,1784589487472.0,1074.515
ss-81-240000,1784590312629.1748,1784590313631,1784590327473.0,1784590328303.6812,1001.825,13842.0,830.681,1784589487473.0,15674.506
ss-17-240000,1784590313929.1636,1784590314681,1784590327473.0,1784590328303.6816,751.836,12792.0,830.682,1784589487473.0,14374.518
ss-55-240000,1784590323279.1802,1784590324131,1784590327473.0,1784590328303.682,851.82,3342.0,830.682,1784589487473.0,5024.502
ss-15-240000,1784590325679.1714,1784590326231,1784590327473.0,1784590328303.6858,551.829,1242.0,830.686,1784589487473.0,2624.514
ss-44-240000,1784590325729.173,1784590326231,1784590327473.0,1784590328303.6865,501.827,1242.0,830.687,1784589487473.0,2574.513
ss-18-240000,1784590322929.1716,1784590323081,1784590327473.0,1784590328303.6868,151.828,4392.0,830.687,1784589487473.0,5374.515
ss-96-240000,1784590327329.168,1784590327433,1784590327473.0,1784590328303.6892,103.832,40.0,830.689,1784589487473.0,974.521
ss-95-240000,1784590320979.171,1784590320981,1784590327473.0,1784590328303.6902,1.829,6492.0,830.69,1784589487473.0,7324.519
ss-37-240000,1784590325329.1724,1784590326231,1784590327473.0,1784590328303.6904,901.828,1242.0,830.69,1784589487473.0,2974.518
ss-53-240000,1784590324579.188,1784590325181,1784590327473.0,1784590328303.6914,601.812,2292.0,830.691,1784589487473.0,3724.503
ss-94-240000,1784590317629.1946,1784590317831,1784590327473.0,1784590328303.692,201.805,9642.0,830.692,1784589487473.0,10674.497
ss-66-240000,1784590323179.172,1784590324131,1784590327473.0,1784590328303.6921,951.828,3342.0,830.692,1784589487473.0,5124.52
ss-62-240000,1784590316529.1772,1784590316781,1784590327474.0,1784590328303.6926,251.823,10693.0,829.693,1784589487474.0,11774.515
ss-67-240000,1784590313679.17,1784590314681,1784590327474.0,1784590328303.6953,1001.83,12793.0,829.695,1784589487474.0,14624.525
ss-82-240000,1784590322679.1694,1784590323081,1784590327474.0,1784590328303.6956,401.831,4393.0,829.696,1784589487474.0,5624.526
ss-87-240000,1784590320079.1755,1784590320981,1784590327474.0,1784590328303.696,901.824,6493.0,829.696,1784589487474.0,8224.521
ss-5-240000,1784590324129.1626,1784590324131,1784590327474.0,1784590328303.6963,1.837,3343.0,829.696,1784589487474.0,4174.534
ss-42-240000,1784590319379.164,1784590319931,1784590327474.0,1784590328303.6965,551.836,7543.0,829.697,1784589487474.0,8924.532
ss-69-240000,1784590315529.175,1784590315731,1784590327474.0,1784590328303.697,201.825,11743.0,829.697,1784589487474.0,12774.522
ss-85-240000,1784590326029.1904,1784590326231,1784590327474.0,1784590328303.6975,201.81,1243.0,829.698,1784589487474.0,2274.507
ss-8-240000,1784590325629.1753,1784590326231,1784590327474.0,1784590328303.6978,601.825,1243.0,829.698,1784589487474.0,2674.522
ss-30-240000,1784590326429.1702,1784590327281,1784590327474.0,1784590328303.6982,851.83,193.0,829.698,1784589487474.0,1874.528
ss-92-240000,1784590322029.1648,1784590322031,1784590327474.0,1784590328303.6987,1.835,5443.0,829.699,1784589487474.0,6274.534
ss-97-240000,1784590324079.1692,1784590324131,1784590327475.0,1784590328303.6992,51.831,3344.0,828.699,1784589487475.0,4224.53
ss-25-240000,1784590322829.1768,1784590323081,1784590327475.0,1784590328303.7068,251.823,4394.0,828.707,1784589487475.0,5474.53
ss-73-240000,1784590320629.1726,1784590320981,1784590327475.0,1784590328303.7073,351.827,6494.0,828.707,1784589487475.0,7674.535
ss-78-240000,1784590317479.1628,1784590317831,1784590327475.0,1784590328303.708,351.837,9644.0,828.708,1784589487475.0,10824.545
ss-11-240000,1784590326229.171,1784590326231,1784590327475.0,1784590328303.7083,1.829,1244.0,828.708,1784589487475.0,2074.537
ss-40-240000,1784590307229.1687,1784590307331,1784590327475.0,1784590328303.7087,101.831,20144.0,828.709,1784589487475.0,21074.54
ss-49-240000,1784590325529.1604,1784590326231,1784590327475.0,1784590328303.7092,701.84,1244.0,828.709,1784589487475.0,2774.549
ss-22-240000,1784590325179.1653,1784590325181,1784590327475.0,1784590328303.7097,1.835,2294.0,828.71,1784589487475.0,3124.544
ss-88-240000,1784590322079.1692,1784590323081,1784590327475.0,1784590328303.7136,1001.831,4394.0,828.714,1784589487475.0,6224.544
ss-27-240000,1784590327279.1672,1784590327281,1784590327475.0,1784590328303.7139,1.833,194.0,828.714,1784589487475.0,1024.547
ss-32-240000,1784590324629.1729,1784590325181,1784590327476.0,1784590328303.7144,551.827,2295.0,827.714,1784589487476.0,3674.542
ss-83-240000,1784590321279.1746,1784590322031,1784590327476.0,1784590328303.715,751.825,5445.0,827.715,1784589487476.0,7024.541
ss-76-240000,1784590327029.1704,1784590327281,1784590327476.0,1784590328303.7153,251.83,195.0,827.715,1784589487476.0,1274.545
ss-46-240000,1784590321129.171,1784590322031,1784590327476.0,1784590328303.7158,901.829,5445.0,827.716,1784589487476.0,7174.545
ss-56-240000,1784590327079.155,1784590327281,1784590327476.0,1784590328303.7163,201.845,195.0,827.716,1784589487476.0,1224.561
ss-34-240000,1784590326279.1758,1784590327281,1784590327476.0,1784590328303.7168,1001.824,195.0,827.717,1784589487476.0,2024.541
ss-60-240000,1784590326779.1895,1784590327281,1784590327476.0,1784590328303.7173,501.811,195.0,827.717,1784589487476.0,1524.528
ss-36-240000,1784590325879.1711,1784590326231,1784590327476.0,1784590328303.7175,351.829,1245.0,827.718,1784589487476.0,2424.546
ss-89-240000,1784590311779.1685,1784590312582,1784590327476.0,1784590328303.718,802.832,14894.0,827.718,1784589487476.0,16524.55
ss-52-240000,1784590324929.1848,1784590325181,1784590327477.0,1784590328303.7185,251.815,2296.0,826.719,1784589487477.0,3374.534
ss-93-240000,1784590310879.1777,1784590311531,1784590327477.0,1784590328303.7214,651.822,15946.0,826.721,1784589487477.0,17424.544
ss-24-300000,1784590325829.374,1784590326231,1784590327477.0,1784590328303.722,401.626,1246.0,826.722,1784589427477.0,2474.348
ss-39-300000,1784590321179.1697,1784590322031,1784590327477.0,1784590328303.7224,851.83,5446.0,826.722,1784589427477.0,7124.553
ss-2-300000,1784590325079.1848,1784590325181,1784590327477.0,1784590328303.723,101.815,2296.0,826.723,1784589427477.0,3224.538
ss-7-300000,1784590323329.1697,1784590324131,1784590327477.0,1784590328303.7234,801.83,3346.0,826.723,1784589427477.0,4974.554
ss-12-300000,1784590323729.1763,1784590324131,1784590327477.0,1784590328303.7236,401.824,3346.0,826.724,1784589427477.0,4574.547
ss-21-300000,1784590323629.1687,1784590324131,1784590327477.0,1784590328303.724,501.831,3346.0,826.724,1784589427477.0,4674.555
ss-14-300000,1784590325429.1687,1784590326231,1784590327477.0,1784590328303.7268,801.831,1246.0,826.727,1784589427477.0,2874.558
ss-72-300000,1784590322629.1746,1784590323081,1784590327477.0,1784590328303.7273,451.825,4396.0,826.727,1784589427477.0,5674.553
ss-91-300000,1784590325029.161,1784590325181,1784590327477.0,1784590328303.7341,151.839,2296.0,826.734,1784589427477.0,3274.573
ss-19-300000,1784590326129.1902,1784590326231,1784590327477.0,1784590328303.7346,101.81,1246.0,826.735,1784589427477.0,2174.544
ss-98-300000,1784590323429.1638,1784590324131,1784590327477.0,1784590328303.7349,701.836,3346.0,826.735,1784589427477.0,4874.571
ss-16-300000,1784590326929.1663,1784590327281,1784590327477.0,1784590328303.7354,351.834,196.0,826.735,1784589427477.0,1374.569
ss-79-300000,1784590319929.169,1784590319931,1784590327477.0,1784590328303.7356,1.831,7546.0,826.736,1784589427477.0,8374.567
ss-31-300000,1784590327179.1711,1784590327281,1784590327478.0,1784590328303.736,101.829,197.0,825.736,1784589427478.0,1124.565
ss-28-300000,1784590324279.1633,1784590325181,1784590327478.0,1784590328303.7363,901.837,2297.0,825.736,1784589427478.0,4024.573
ss-50-300000,1784590324029.19,1784590324131,1784590327478.0,1784590328303.7368,101.81,3347.0,825.737,1784589427478.0,4274.547
ss-63-300000,1784590324679.1765,1784590325181,1784590327478.0,1784590328303.737,501.823,2297.0,825.737,1784589427478.0,3624.561
ss-51-300000,1784590326579.1697,1784590327281,1784590327478.0,1784590328303.7375,701.83,197.0,825.738,1784589427478.0,1724.568
ss-9-300000,1784590323129.1724,1784590324131,1784590327478.0,1784590328303.7378,1001.828,3347.0,825.738,1784589427478.0,5174.565
ss-35-300000,1784590318379.17,1784590318881,1784590327478.0,1784590328303.7383,501.83,8597.0,825.738,1784589427478.0,9924.568
ss-52-300000,1784590324929.1848,1784590325181,1784590327478.0,1784590328303.7412,251.815,2297.0,825.741,1784589427478.0,3374.556
ss-64-300000,1784590321679.1555,1784590322031,1784590327478.0,1784590328303.7473,351.844,5447.0,825.747,1784589427478.0,6624.592
ss-99-300000,1784590306129.168,1784590306281,1784590327478.0,1784590328303.7478,151.832,21197.0,825.748,1784589427478.0,22174.58
ss-70-300000,1784590322279.157,1784590323081,1784590327478.0,1784590328303.748,801.843,4397.0,825.748,1784589427478.0,6024.591
ss-80-300000,1784590326629.1729,1784590327281,1784590327478.0,1784590328303.7485,651.827,197.0,825.749,1784589427478.0,1674.576
ss-90-300000,1784590326979.1687,1784590327281,1784590327478.0,1784590328303.749,301.831,197.0,825.749,1784589427478.0,1324.58
ss-59-300000,1784590323229.1743,1784590324131,1784590327478.0,1784590328303.7493,901.826,3347.0,825.749,1784589427478.0,5074.575
ss-45-300000,1784590325229.1772,1784590326231,1784590327478.0,1784590328303.7498,1001.823,1247.0,825.75,1784589427478.0,3074.573
ss-48-300000,1784590310679.177,1784590311531,1784590327478.0,1784590328303.7524,851.823,15947.0,825.752,1784589427478.0,17624.575
ss-58-300000,1784590324529.1624,1784590325181,1784590327478.0,1784590328303.753,651.838,2297.0,825.753,1784589427478.0,3774.591
ss-29-300000,1784590320429.1672,1784590320981,1784590327478.0,1784590328303.7532,551.833,6497.0,825.753,1784589427478.0,7874.586
ss-74-300000,1784590326679.1685,1784590327281,1784590327478.0,1784590328303.7537,601.832,197.0,825.754,1784589427478.0,1624.585
ss-84-300000,1784590316929.1746,1784590317831,1784590327478.0,1784590328303.7542,901.825,9647.0,825.754,1784589427478.0,11374.58
ss-38-300000,1784590326729.188,1784590327281,1784590327478.0,1784590328303.7612,551.812,197.0,825.761,1784589427478.0,1574.573
ss-1-300000,1784590323379.1724,1784590324131,1784590327478.0,1784590328303.7617,751.828,3347.0,825.762,1784589427478.0,4924.589
ss-75-300000,1784590324379.1697,1784590325181,1784590327478.0,1784590328303.7622,801.83,2297.0,825.762,1784589427478.0,3924.593
ss-4-300000,1784590325979.1868,1784590326231,1784590327479.0,1784590328303.7625,251.813,1248.0,824.762,1784589427479.0,2324.576
ss-23-300000,1784590325279.1807,1784590326231,1784590327479.0,1784590328303.763,951.819,1248.0,824.763,1784589427479.0,3024.582
ss-33-300000,1784590307779.1724,1784590308381,1784590327479.0,1784590328303.7632,601.828,19098.0,824.763,1784589427479.0,20524.591
ss-0-300000,1784590324479.1565,1784590325181,1784590327479.0,1784590328303.7637,701.844,2298.0,824.764,1784589427479.0,3824.607
ss-6-300000,1784590324179.1748,1784590325181,1784590327479.0,1784590328303.7642,1001.825,2298.0,824.764,1784589427479.0,4124.589
ss-10-300000,1784590308829.1897,1784590309431,1784590327479.0,1784590328303.7668,601.81,18048.0,824.767,1784589427479.0,19474.577
ss-47-300000,1784590327129.166,1784590327281,1784590327479.0,1784590328303.7698,151.834,198.0,824.77,1784589427479.0,1174.604
ss-60-300000,1784590326779.1895,1784590327281,1784590327479.0,1784590328303.7703,501.811,198.0,824.77,1784589427479.0,1524.581
ss-65-300000,1784590323029.1917,1784590323081,1784590327479.0,1784590328303.7705,51.808,4398.0,824.771,1784589427479.0,5274.579
ss-43-300000,1784590326079.1902,1784590326231,1784590327479.0,1784590328303.771,151.81,1248.0,824.771,1784589427479.0,2224.581
ss-68-300000,1784590325479.1694,1784590326231,1784590327479.0,1784590328303.7712,751.831,1248.0,824.771,1784589427479.0,2824.602
ss-86-300000,1784590327379.1711,1784590327433,1784590327479.0,1784590328303.7717,53.829,46.0,824.772,1784589427479.0,924.601
ss-71-300000,1784590325379.1682,1784590326231,1784590327479.0,1784590328303.772,851.832,1248.0,824.772,1784589427479.0,2924.604
ss-61-300000,1784590307529.1643,1784590308381,1784590327479.0,1784590328303.7725,851.836,19098.0,824.772,1784589427479.0,20774.608
ss-57-300000,1784590326879.1763,1784590327281,1784590327479.0,1784590328303.7732,401.824,198.0,824.773,1784589427479.0,1424.597
ss-26-300000,1784590326829.19,1784590327281,1784590327479.0,1784590328303.7734,451.81,198.0,824.773,1784589427479.0,1474.583
ss-20-300000,1784590324329.1846,1784590325181,1784590327479.0,1784590328303.774,851.815,2298.0,824.774,1784589427479.0,3974.589
ss-49-300000,1784590325529.1604,1784590326231,1784590327479.0,1784590328303.7742,701.84,1248.0,824.774,1784589427479.0,2774.614
ss-41-300000,1784590323479.1672,1784590324131,1784590327479.0,1784590328303.7747,651.833,3348.0,824.775,1784589427479.0,4824.607
ss-77-300000,1784590327229.166,1784590327281,1784590327479.0,1784590328303.7751,51.834,198.0,824.775,1784589427479.0,1074.609
ss-3-300000,1784590323079.1687,1784590323081,1784590327479.0,1784590328303.7754,1.831,4398.0,824.775,1784589427479.0,5224.607
ss-55-300000,1784590323279.1802,1784590324131,1784590327479.0,1784590328303.7766,851.82,3348.0,824.777,1784589427479.0,5024.596
ss-81-300000,1784590312629.1748,1784590313631,1784590327480.0,1784590328303.7769,1001.825,13849.0,823.777,1784589427480.0,15674.602
ss-17-300000,1784590313929.1636,1784590314681,1784590327480.0,1784590328303.7832,751.836,12799.0,823.783,1784589427480.0,14374.62
ss-15-300000,1784590325679.1714,1784590326231,1784590327480.0,1784590328303.7861,551.829,1249.0,823.786,1784589427480.0,2624.615
ss-44-300000,1784590325729.173,1784590326231,1784590327480.0,1784590328303.7864,501.827,1249.0,823.786,1784589427480.0,2574.613
ss-18-300000,1784590322929.1716,1784590323081,1784590327480.0,1784590328303.789,151.828,4399.0,823.789,1784589427480.0,5374.617
ss-96-300000,1784590327329.168,1784590327433,1784590327480.0,1784590328303.7896,103.832,47.0,823.79,1784589427480.0,974.622
ss-95-300000,1784590320979.171,1784590320981,1784590327480.0,1784590328303.79,1.829,6499.0,823.79,1784589427480.0,7324.619
ss-53-300000,1784590324579.188,1784590325181,1784590327480.0,1784590328303.7903,601.812,2299.0,823.79,1784589427480.0,3724.602
ss-94-300000,1784590317629.1946,1784590317831,1784590327480.0,1784590328303.7908,201.805,9649.0,823.791,1784589427480.0,10674.596
ss-37-300000,1784590325329.1724,1784590326231,1784590327480.0,1784590328303.8162,901.828,1249.0,823.816,1784589427480.0,2974.644
ss-83-300000,1784590321279.1746,1784590322031,1784590327480.0,1784590328303.8167,751.825,5449.0,823.817,1784589427480.0,7024.642
ss-62-300000,1784590316529.1772,1784590316781,1784590327480.0,1784590328303.8171,251.823,10699.0,823.817,1784589427480.0,11774.64
ss-66-300000,1784590323179.172,1784590324131,1784590327480.0,1784590328303.8176,951.828,3349.0,823.818,1784589427480.0,5124.646
ss-32-300000,1784590324629.1729,1784590325181,1784590327480.0,1784590328303.818,551.827,2299.0,823.818,1784589427480.0,3674.645
ss-67-300000,1784590313679.17,1784590314681,1784590327480.0,1784590328303.821,1001.83,12799.0,823.821,1784589427480.0,14624.651
ss-8-300000,1784590325629.1753,1784590326231,1784590327480.0,1784590328303.8215,601.825,1249.0,823.822,1784589427480.0,2674.646
ss-5-300000,1784590324129.1626,1784590324131,1784590327480.0,1784590328303.8218,1.837,3349.0,823.822,1784589427480.0,4174.659
ss-82-300000,1784590322679.1694,1784590323081,1784590327480.0,1784590328303.8223,401.831,4399.0,823.822,1784589427480.0,5624.653
ss-42-300000,1784590319379.164,1784590319931,1784590327480.0,1784590328303.8228,551.836,7549.0,823.823,1784589427480.0,8924.659
ss-69-300000,1784590315529.175,1784590315731,1784590327480.0,1784590328303.8232,201.825,11749.0,823.823,1784589427480.0,12774.648
ss-85-300000,1784590326029.1904,1784590326231,1784590327480.0,1784590328303.8235,201.81,1249.0,823.823,1784589427480.0,2274.633
ss-30-300000,1784590326429.1702,1784590327281,1784590327480.0,1784590328303.824,851.83,199.0,823.824,1784589427480.0,1874.654
ss-92-300000,1784590322029.1648,1784590322031,1784590327481.0,1784590328303.8245,1.835,5450.0,822.824,1784589427481.0,6274.66
ss-97-300000,1784590324079.1692,1784590324131,1784590327481.0,1784590328303.8247,51.831,3350.0,822.825,1784589427481.0,4224.656
ss-25-300000,1784590322829.1768,1784590323081,1784590327481.0,1784590328303.8252,251.823,4400.0,822.825,1784589427481.0,5474.648
ss-11-300000,1784590326229.171,1784590326231,1784590327481.0,1784590328303.8254,1.829,1250.0,822.825,1784589427481.0,2074.655
ss-73-300000,1784590320629.1726,1784590320981,1784590327481.0,1784590328303.828,351.827,6500.0,822.828,1784589427481.0,7674.655
ss-78-300000,1784590317479.1628,1784590317831,1784590327481.0,1784590328303.8374,351.837,9650.0,822.837,1784589427481.0,10824.675
ss-46-300000,1784590321129.171,1784590322031,1784590327481.0,1784590328303.838,901.829,5450.0,822.838,1784589427481.0,7174.667
ss-40-300000,1784590307229.1687,1784590307331,1784590327481.0,1784590328303.8384,101.831,20150.0,822.838,1784589427481.0,21074.67
ss-27-300000,1784590327279.1672,1784590327281,1784590327481.0,1784590328303.8389,1.833,200.0,822.839,1784589427481.0,1024.672
ss-22-300000,1784590325179.1653,1784590325181,1784590327481.0,1784590328303.8394,1.835,2300.0,822.839,1784589427481.0,3124.674
ss-88-300000,1784590322079.1692,1784590323081,1784590327481.0,1784590328303.8398,1001.831,4400.0,822.84,1784589427481.0,6224.671
ss-87-300000,1784590320079.1755,1784590320981,1784590327481.0,1784590328303.8403,901.824,6500.0,822.84,1784589427481.0,8224.665
ss-76-300000,1784590327029.1704,1784590327281,1784590327481.0,1784590328303.8406,251.83,200.0,822.841,1784589427481.0,1274.67
ss-56-300000,1784590327079.155,1784590327281,1784590327481.0,1784590328303.841,201.845,200.0,822.841,1784589427481.0,1224.686
ss-34-300000,1784590326279.1758,1784590327281,1784590327481.0,1784590328303.8416,1001.824,200.0,822.842,1784589427481.0,2024.666
ss-13-300000,1784590318029.1687,1784590318881,1784590327481.0,1784590328303.8418,851.831,8600.0,822.842,1784589427481.0,10274.673
ss-36-300000,1784590325879.1711,1784590326231,1784590327481.0,1784590328303.8423,351.829,1250.0,822.842,1784589427481.0,2424.671
ss-89-300000,1784590311779.1685,1784590312582,1784590327481.0,1784590328303.8425,802.832,14899.0,822.843,1784589427481.0,16524.674
ss-54-300000,1784590319579.1804,1784590319931,1784590327481.0,1784590328303.843,351.82,7550.0,822.843,1784589427481.0,8724.663
ss-93-300000,1784590310879.1777,1784590311531,1784590327481.0,1784590328303.8435,651.822,15950.0,822.844,1784589427481.0,17424.666
ss-39-360000,1784590321179.1697,1784590322031,1784590327481.0,1784590328303.8438,851.83,5450.0,822.844,1784589367481.0,7124.674
ss-2-360000,1784590325079.1848,1784590325181,1784590327481.0,1784590328303.8442,101.815,2300.0,822.844,1784589367481.0,3224.659
ss-12-360000,1784590323729.1763,1784590324131,1784590327481.0,1784590328303.8445,401.824,3350.0,822.844,1784589367481.0,4574.668
ss-21-360000,1784590323629.1687,1784590324131,1784590327482.0,1784590328303.845,501.831,3351.0,821.845,1784589367482.0,4674.676
ss-7-360000,1784590323329.1697,1784590324131,1784590327482.0,1784590328303.8452,801.83,3351.0,821.845,1784589367482.0,4974.676
ss-49-360000,1784590325529.1604,1784590326231,1784590327482.0,1784590328303.846,701.84,1251.0,821.846,1784589367482.0,2774.686
ss-72-360000,1784590322629.1746,1784590323081,1784590327482.0,1784590328303.8486,451.825,4401.0,821.849,1784589367482.0,5674.674
ss-14-360000,1784590325429.1687,1784590326231,1784590327482.0,1784590328303.849,801.831,1251.0,821.849,1784589367482.0,2874.68
ss-91-360000,1784590325029.161,1784590325181,1784590327482.0,1784590328303.8496,151.839,2301.0,821.85,1784589367482.0,3274.689
ss-98-360000,1784590323429.1638,1784590324131,1784590327482.0,1784590328303.852,701.836,3351.0,821.852,1784589367482.0,4874.688
ss-9-360000,1784590323129.1724,1784590324131,1784590327482.0,1784590328303.8525,1001.828,3351.0,821.853,1784589367482.0,5174.68
ss-16-360000,1784590326929.1663,1784590327281,1784590327482.0,1784590328303.853,351.834,201.0,821.853,1784589367482.0,1374.687
ss-79-360000,1784590319929.169,1784590319931,1784590327482.0,1784590328303.8535,1.831,7551.0,821.854,1784589367482.0,8374.685
ss-31-360000,1784590327179.1711,1784590327281,1784590327482.0,1784590328303.859,101.829,201.0,821.859,1784589367482.0,1124.688
ss-50-360000,1784590324029.19,1784590324131,1784590327482.0,1784590328303.8594,101.81,3351.0,821.859,1784589367482.0,4274.669
ss-28-360000,1784590324279.1633,1784590325181,1784590327482.0,1784590328303.8599,901.837,2301.0,821.86,1784589367482.0,4024.697
ss-63-360000,1784590324679.1765,1784590325181,1784590327482.0,1784590328303.8628,501.823,2301.0,821.863,1784589367482.0,3624.686
ss-51-360000,1784590326579.1697,1784590327281,1784590327483.0,1784590328303.9336,701.83,202.0,820.934,1784589367483.0,1724.764
ss-64-360000,1784590321679.1555,1784590322031,1784590327483.0,1784590328303.9343,351.844,5452.0,820.934,1784589367483.0,6624.779
ss-35-360000,1784590318379.17,1784590318881,1784590327483.0,1784590328303.9536,501.83,8602.0,820.954,1784589367483.0,9924.784
ss-52-360000,1784590324929.1848,1784590325181,1784590327483.0,1784590328303.9543,251.815,2302.0,820.954,1784589367483.0,3374.77
ss-99-360000,1784590306129.168,1784590306281,1784590327483.0,1784590328303.9622,151.832,21202.0,820.962,1784589367483.0,22174.794
ss-70-360000,1784590322279.157,1784590323081,1784590327483.0,1784590328303.963,801.843,4402.0,820.963,1784589367483.0,6024.806
ss-80-360000,1784590326629.1729,1784590327281,1784590327483.0,1784590328303.9636,651.827,202.0,820.964,1784589367483.0,1674.791
ss-90-360000,1784590326979.1687,1784590327281,1784590327483.0,1784590328303.964,301.831,202.0,820.964,1784589367483.0,1324.795
ss-59-360000,1784590323229.1743,1784590324131,1784590327483.0,1784590328303.9673,901.826,3352.0,820.967,1784589367483.0,5074.793
ss-45-360000,1784590325229.1772,1784590326231,1784590327483.0,1784590328303.9705,1001.823,1252.0,820.97,1784589367483.0,3074.793
ss-89-360000,1784590311779.1685,1784590312582,1784590327483.0,1784590328303.9766,802.832,14901.0,820.977,1784589367483.0,16524.808
ss-48-360000,1784590310679.177,1784590311531,1784590327483.0,1784590328303.9795,851.823,15952.0,820.979,1784589367483.0,17624.802
ss-58-360000,1784590324529.1624,1784590325181,1784590327483.0,1784590328303.98,651.838,2302.0,820.98,1784589367483.0,3774.818
ss-29-360000,1784590320429.1672,1784590320981,1784590327483.0,1784590328303.9802,551.833,6502.0,820.98,1784589367483.0,7874.813
ss-13-360000,1784590318029.1687,1784590318881,1784590327483.0,1784590328303.9807,851.831,8602.0,820.981,1784589367483.0,10274.812
ss-36-360000,1784590325879.1711,1784590326231,1784590327483.0,1784590328303.9812,351.829,1252.0,820.981,1784589367483.0,2424.81
ss-84-360000,1784590316929.1746,1784590317831,1784590327483.0,1784590328303.9814,901.825,9652.0,820.981,1784589367483.0,11374.807
ss-74-360000,1784590326679.1685,1784590327281,1784590327483.0,1784590328303.982,601.832,202.0,820.982,1784589367483.0,1624.813
ss-38-360000,1784590326729.188,1784590327281,1784590327483.0,1784590328303.9822,551.812,202.0,820.982,1784589367483.0,1574.794
ss-1-360000,1784590323379.1724,1784590324131,1784590327483.0,1784590328303.9827,751.828,3352.0,820.983,1784589367483.0,4924.81
ss-75-360000,1784590324379.1697,1784590325181,1784590327483.0,1784590328303.9856,801.83,2302.0,820.986,1784589367483.0,3924.816
ss-23-360000,1784590325279.1807,1784590326231,1784590327483.0,1784590328303.986,951.819,1252.0,820.986,1784589367483.0,3024.805
ss-33-360000,1784590307779.1724,1784590308381,1784590327483.0,1784590328303.9863,601.828,19102.0,820.986,1784589367483.0,20524.814
ss-4-360000,1784590325979.1868,1784590326231,1784590327483.0,1784590328304.0679,251.813,1252.0,821.068,1784589367483.0,2324.881
ss-6-360000,1784590324179.1748,1784590325181,1784590327484.0,1784590328304.0688,1001.825,2303.0,820.069,1784589367484.0,4124.894
ss-0-360000,1784590324479.1565,1784590325181,1784590327484.0,1784590328304.0693,701.844,2303.0,820.069,1784589367484.0,3824.913
ss-10-360000,1784590308829.1897,1784590309431,1784590327484.0,1784590328304.0698,601.81,18053.0,820.07,1784589367484.0,19474.88
ss-47-360000,1784590327129.166,1784590327281,1784590327484.0,1784590328304.0703,151.834,203.0,820.07,1784589367484.0,1174.904
ss-56-360000,1784590327079.155,1784590327281,1784590327484.0,1784590328304.0708,201.845,203.0,820.071,1784589367484.0,1224.916
ss-60-360000,1784590326779.1895,1784590327281,1784590327484.0,1784590328304.0713,501.811,203.0,820.071,1784589367484.0,1524.882
ss-65-360000,1784590323029.1917,1784590323081,1784590327484.0,1784590328304.0718,51.808,4403.0,820.072,1784589367484.0,5274.88
ss-43-360000,1784590326079.1902,1784590326231,1784590327484.0,1784590328304.072,151.81,1253.0,820.072,1784589367484.0,2224.882
ss-86-360000,1784590327379.1711,1784590327433,1784590327484.0,1784590328304.0725,53.829,51.0,820.073,1784589367484.0,924.901
ss-61-360000,1784590307529.1643,1784590308381,1784590327484.0,1784590328304.0774,851.836,19103.0,820.077,1784589367484.0,20774.913
ss-71-360000,1784590325379.1682,1784590326231,1784590327484.0,1784590328304.08,851.832,1253.0,820.08,1784589367484.0,2924.912
ss-57-360000,1784590326879.1763,1784590327281,1784590327484.0,1784590328304.0806,401.824,203.0,820.081,1784589367484.0,1424.904
ss-26-360000,1784590326829.19,1784590327281,1784590327484.0,1784590328304.081,451.81,203.0,820.081,1784589367484.0,1474.891
ss-68-360000,1784590325479.1694,1784590326231,1784590327484.0,1784590328304.0815,751.831,1253.0,820.082,1784589367484.0,2824.912
ss-55-360000,1784590323279.1802,1784590324131,1784590327484.0,1784590328304.0818,851.82,3353.0,820.082,1784589367484.0,5024.902
ss-20-360000,1784590324329.1846,1784590325181,1784590327484.0,1784590328304.0823,851.815,2303.0,820.082,1784589367484.0,3974.898
ss-77-360000,1784590327229.166,1784590327281,1784590327484.0,1784590328304.0828,51.834,203.0,820.083,1784589367484.0,1074.917
ss-3-360000,1784590323079.1687,1784590323081,1784590327484.0,1784590328304.083,1.831,4403.0,820.083,1784589367484.0,5224.914
ss-87-360000,1784590320079.1755,1784590320981,1784590327484.0,1784590328304.0835,901.824,6503.0,820.083,1784589367484.0,8224.908
ss-17-360000,1784590313929.1636,1784590314681,1784590327484.0,1784590328304.084,751.836,12803.0,820.084,1784589367484.0,14374.92
ss-81-360000,1784590312629.1748,1784590313631,1784590327484.0,1784590328304.0842,1001.825,13853.0,820.084,1784589367484.0,15674.909
ss-15-360000,1784590325679.1714,1784590326231,1784590327485.0,1784590328304.0847,551.829,1254.0,819.085,1784589367485.0,2624.913
ss-44-360000,1784590325729.173,1784590326231,1784590327485.0,1784590328304.085,501.827,1254.0,819.085,1784589367485.0,2574.912
ss-19-360000,1784590326129.1902,1784590326231,1784590327485.0,1784590328304.0854,101.81,1254.0,819.085,1784589367485.0,2174.895
ss-18-360000,1784590322929.1716,1784590323081,1784590327485.0,1784590328304.086,151.828,4404.0,819.086,1784589367485.0,5374.914
ss-96-360000,1784590327329.168,1784590327433,1784590327485.0,1784590328304.094,103.832,52.0,819.094,1784589367485.0,974.926
ss-95-360000,1784590320979.171,1784590320981,1784590327485.0,1784590328304.0947,1.829,6504.0,819.095,1784589367485.0,7324.924
ss-37-360000,1784590325329.1724,1784590326231,1784590327485.0,1784590328304.0952,901.828,1254.0,819.095,1784589367485.0,2974.923
ss-94-360000,1784590317629.1946,1784590317831,1784590327485.0,1784590328304.099,201.805,9654.0,819.099,1784589367485.0,10674.905
ss-53-360000,1784590324579.188,1784590325181,1784590327485.0,1784590328304.102,601.812,2304.0,819.102,1784589367485.0,3724.914
ss-62-360000,1784590316529.1772,1784590316781,1784590327485.0,1784590328304.1025,251.823,10704.0,819.103,1784589367485.0,11774.925
ss-66-360000,1784590323179.172,1784590324131,1784590327485.0,1784590328304.103,951.828,3354.0,819.103,1784589367485.0,5124.931
ss-67-360000,1784590313679.17,1784590314681,1784590327485.0,1784590328304.1035,1001.83,12804.0,819.104,1784589367485.0,14624.934
ss-76-360000,1784590327029.1704,1784590327281,1784590327485.0,1784590328304.104,251.83,204.0,819.104,1784589367485.0,1274.934
ss-5-360000,1784590324129.1626,1784590324131,1784590327485.0,1784590328304.2917,1.837,3354.0,819.292,1784589367485.0,4175.129
ss-82-360000,1784590322679.1694,1784590323081,1784590327485.0,1784590328304.2944,401.831,4404.0,819.294,1784589367485.0,5625.125
ss-8-360000,1784590325629.1753,1784590326231,1784590327485.0,1784590328304.295,601.825,1254.0,819.295,1784589367485.0,2675.12
ss-69-360000,1784590315529.175,1784590315731,1784590327485.0,1784590328304.2954,201.825,11754.0,819.295,1784589367485.0,12775.12
ss-42-360000,1784590319379.164,1784590319931,1784590327485.0,1784590328304.2957,551.836,7554.0,819.296,1784589367485.0,8925.132
ss-85-360000,1784590326029.1904,1784590326231,1784590327485.0,1784590328304.2961,201.81,1254.0,819.296,1784589367485.0,2275.106
ss-83-360000,1784590321279.1746,1784590322031,1784590327485.0,1784590328304.2966,751.825,5454.0,819.297,1784589367485.0,7025.122
ss-30-360000,1784590326429.1702,1784590327281,1784590327485.0,1784590328304.297,851.83,204.0,819.297,1784589367485.0,1875.127
ss-46-360000,1784590321129.171,1784590322031,1784590327485.0,1784590328304.2974,901.829,5454.0,819.297,1784589367485.0,7175.126
ss-92-360000,1784590322029.1648,1784590322031,1784590327485.0,1784590328304.2979,1.835,5454.0,819.298,1784589367485.0,6275.133
ss-97-360000,1784590324079.1692,1784590324131,1784590327486.0,1784590328304.298,51.831,3355.0,818.298,1784589367486.0,4225.129
ss-25-360000,1784590322829.1768,1784590323081,1784590327486.0,1784590328304.2986,251.823,4405.0,818.299,1784589367486.0,5475.122
ss-27-360000,1784590327279.1672,1784590327281,1784590327486.0,1784590328304.299,1.833,205.0,818.299,1784589367486.0,1025.132
ss-78-360000,1784590317479.1628,1784590317831,1784590327486.0,1784590328304.2993,351.837,9655.0,818.299,1784589367486.0,10825.136
ss-73-360000,1784590320629.1726,1784590320981,1784590327486.0,1784590328304.2998,351.827,6505.0,818.3,1784589367486.0,7675.127
ss-40-360000,1784590307229.1687,1784590307331,1784590327486.0,1784590328304.302,101.831,20155.0,818.302,1784589367486.0,21075.133
ss-88-360000,1784590322079.1692,1784590323081,1784590327486.0,1784590328304.3047,1001.831,4405.0,818.305,1784589367486.0,6225.135
ss-41-360000,1784590323479.1672,1784590324131,1784590327486.0,1784590328304.3071,651.833,3355.0,818.307,1784589367486.0,4825.14
ss-32-360000,1784590324629.1729,1784590325181,1784590327486.0,1784590328304.314,551.827,2305.0,818.314,1784589367486.0,3675.141
ss-22-360000,1784590325179.1653,1784590325181,1784590327486.0,1784590328304.3145,1.835,2305.0,818.314,1784589367486.0,3125.149
ss-34-360000,1784590326279.1758,1784590327281,1784590327486.0,1784590328304.315,1001.824,205.0,818.315,1784589367486.0,2025.139
ss-93-360000,1784590310879.1777,1784590311531,1784590327486.0,1784590328304.3152,651.822,15955.0,818.315,1784589367486.0,17425.137
ss-54-360000,1784590319579.1804,1784590319931,1784590327486.0,1784590328304.3157,351.82,7555.0,818.316,1784589367486.0,8725.135
ss-11-360000,1784590326229.171,1784590326231,1784590327486.0,1784590328304.316,1.829,1255.0,818.316,1784589367486.0,2075.145
ss-24-360000,1784590325829.374,1784590326231,1784590327486.0,1784590328304.3164,401.626,1255.0,818.316,1784589367486.0,2474.942
ss-39-420000,1784590321179.1697,1784590322031,1784590327486.0,1784590328304.317,851.83,5455.0,818.317,1784589307486.0,7125.147
ss-7-420000,1784590323329.1697,1784590324131,1784590327486.0,1784590328304.3171,801.83,3355.0,818.317,1784589307486.0,4975.147
ss-2-420000,1784590325079.1848,1784590325181,1784590327486.0,1784590328304.3176,101.815,2305.0,818.318,1784589307486.0,3225.133
ss-12-420000,1784590323729.1763,1784590324131,1784590327486.0,1784590328304.3179,401.824,3355.0,818.318,1784589307486.0,4575.142
ss-21-420000,1784590323629.1687,1784590324131,1784590327486.0,1784590328304.3184,501.831,3355.0,818.318,1784589307486.0,4675.15
ss-72-420000,1784590322629.1746,1784590323081,1784590327486.0,1784590328304.3186,451.825,4405.0,818.319,1784589307486.0,5675.144
ss-9-420000,1784590323129.1724,1784590324131,1784590327486.0,1784590328304.319,1001.828,3355.0,818.319,1784589307486.0,5175.147
ss-14-420000,1784590325429.1687,1784590326231,1784590327486.0,1784590328304.3235,801.831,1255.0,818.323,1784589307486.0,2875.155
ss-91-420000,1784590325029.161,1784590325181,1784590327487.0,1784590328304.324,151.839,2306.0,817.324,1784589307487.0,3275.163
ss-98-420000,1784590323429.1638,1784590324131,1784590327487.0,1784590328304.3242,701.836,3356.0,817.324,1784589307487.0,4875.16
ss-16-420000,1784590326929.1663,1784590327281,1784590327487.0,1784590328304.3247,351.834,206.0,817.325,1784589307487.0,1375.158
ss-79-420000,1784590319929.169,1784590319931,1784590327487.0,1784590328304.325,1.831,7556.0,817.325,1784589307487.0,8375.156
ss-31-420000,1784590327179.1711,1784590327281,1784590327487.0,1784590328304.41,101.829,206.0,817.41,1784589307487.0,1125.239
ss-52-420000,1784590324929.1848,1784590325181,1784590327487.0,1784590328304.411,251.815,2306.0,817.411,1784589307487.0,3375.226
ss-41-420000,1784590323479.1672,1784590324131,1784590327487.0,1784590328304.4114,651.833,3356.0,817.411,1784589307487.0,4825.244
ss-28-420000,1784590324279.1633,1784590325181,1784590327487.0,1784590328304.4116,901.837,2306.0,817.412,1784589307487.0,4025.248
ss-50-420000,1784590324029.19,1784590324131,1784590327487.0,1784590328304.412,101.81,3356.0,817.412,1784589307487.0,4275.222
ss-63-420000,1784590324679.1765,1784590325181,1784590327487.0,1784590328304.4126,501.823,2306.0,817.413,1784589307487.0,3625.236
ss-30-420000,1784590326429.1702,1784590327281,1784590327487.0,1784590328304.4128,851.83,206.0,817.413,1784589307487.0,1875.243
ss-64-420000,1784590321679.1555,1784590322031,1784590327487.0,1784590328304.4133,351.844,5456.0,817.413,1784589307487.0,6625.258
ss-51-420000,1784590326579.1697,1784590327281,1784590327487.0,1784590328304.4138,701.83,206.0,817.414,1784589307487.0,1725.244
ss-35-420000,1784590318379.17,1784590318881,1784590327487.0,1784590328304.414,501.83,8606.0,817.414,1784589307487.0,9925.244
ss-99-420000,1784590306129.168,1784590306281,1784590327487.0,1784590328304.4146,151.832,21206.0,817.415,1784589307487.0,22175.247
ss-70-420000,1784590322279.157,1784590323081,1784590327487.0,1784590328304.415,801.843,4406.0,817.415,1784589307487.0,6025.258
ss-80-420000,1784590326629.1729,1784590327281,1784590327487.0,1784590328304.4153,651.827,206.0,817.415,1784589307487.0,1675.242
ss-90-420000,1784590326979.1687,1784590327281,1784590327487.0,1784590328304.4158,301.831,206.0,817.416,1784589307487.0,1325.247
ss-59-420000,1784590323229.1743,1784590324131,1784590327487.0,1784590328304.4163,901.826,3356.0,817.416,1784589307487.0,5075.242
ss-54-420000,1784590319579.1804,1784590319931,1784590327487.0,1784590328304.4214,351.82,7556.0,817.421,1784589307487.0,8725.241
ss-45-420000,1784590325229.1772,1784590326231,1784590327487.0,1784590328304.4219,1001.823,1256.0,817.422,1784589307487.0,3075.245
ss-48-420000,1784590310679.177,1784590311531,1784590327487.0,1784590328304.422,851.823,15956.0,817.422,1784589307487.0,17625.245
ss-58-420000,1784590324529.1624,1784590325181,1784590327487.0,1784590328304.4226,651.838,2306.0,817.423,1784589307487.0,3775.26
ss-29-420000,1784590320429.1672,1784590320981,1784590327488.0,1784590328304.4229,551.833,6507.0,816.423,1784589307488.0,7875.256
ss-74-420000,1784590326679.1685,1784590327281,1784590327488.0,1784590328304.4233,601.832,207.0,816.423,1784589307488.0,1625.255
ss-84-420000,1784590316929.1746,1784590317831,1784590327488.0,1784590328304.4236,901.825,9657.0,816.424,1784589307488.0,11375.249
ss-38-420000,1784590326729.188,1784590327281,1784590327488.0,1784590328304.424,551.812,207.0,816.424,1784589307488.0,1575.236
ss-89-420000,1784590311779.1685,1784590312582,1784590327488.0,1784590328304.4268,802.832,14906.0,816.427,1784589307488.0,16525.258
ss-1-420000,1784590323379.1724,1784590324131,1784590327488.0,1784590328304.4272,751.828,3357.0,816.427,1784589307488.0,4925.255
ss-4-420000,1784590325979.1868,1784590326231,1784590327488.0,1784590328304.439,251.813,1257.0,816.439,1784589307488.0,2325.252
ss-75-420000,1784590324379.1697,1784590325181,1784590327488.0,1784590328304.4395,801.83,2307.0,816.439,1784589307488.0,3925.27
ss-23-420000,1784590325279.1807,1784590326231,1784590327488.0,1784590328304.4397,951.819,1257.0,816.44,1784589307488.0,3025.259
ss-33-420000,1784590307779.1724,1784590308381,1784590327488.0,1784590328304.4402,601.828,19107.0,816.44,1784589307488.0,20525.268
ss-82-420000,1784590322679.1694,1784590323081,1784590327488.0,1784590328304.4407,401.831,4407.0,816.441,1784589307488.0,5625.271
ss-6-420000,1784590324179.1748,1784590325181,1784590327488.0,1784590328304.441,1001.825,2307.0,816.441,1784589307488.0,4125.266
ss-0-420000,1784590324479.1565,1784590325181,1784590327488.0,1784590328304.4414,701.844,2307.0,816.441,1784589307488.0,3825.285
ss-5-420000,1784590324129.1626,1784590324131,1784590327488.0,1784590328304.442,1.837,3357.0,816.442,1784589307488.0,4175.279
ss-10-420000,1784590308829.1897,1784590309431,1784590327488.0,1784590328304.4424,601.81,18057.0,816.442,1784589307488.0,19475.253
ss-60-420000,1784590326779.1895,1784590327281,1784590327488.0,1784590328304.4426,501.811,207.0,816.443,1784589307488.0,1525.253
ss-13-420000,1784590318029.1687,1784590318881,1784590327488.0,1784590328304.4458,851.831,8607.0,816.446,1784589307488.0,10275.277
ss-68-420000,1784590325479.1694,1784590326231,1784590327488.0,1784590328304.4463,751.831,1257.0,816.446,1784589307488.0,2825.277
ss-47-420000,1784590327129.166,1784590327281,1784590327488.0,1784590328304.4465,151.834,207.0,816.447,1784589307488.0,1175.281
ss-65-420000,1784590323029.1917,1784590323081,1784590327488.0,1784590328304.447,51.808,4407.0,816.447,1784589307488.0,5275.255
ss-43-420000,1784590326079.1902,1784590326231,1784590327488.0,1784590328304.4473,151.81,1257.0,816.447,1784589307488.0,2225.257
ss-86-420000,1784590327379.1711,1784590327433,1784590327488.0,1784590328304.4478,53.829,55.0,816.448,1784589307488.0,925.277
ss-71-420000,1784590325379.1682,1784590326231,1784590327488.0,1784590328304.448,851.832,1257.0,816.448,1784589307488.0,2925.28
ss-61-420000,1784590307529.1643,1784590308381,1784590327489.0,1784590328304.451,851.836,19108.0,815.451,1784589307489.0,20775.287
ss-57-420000,1784590326879.1763,1784590327281,1784590327489.0,1784590328304.4512,401.824,208.0,815.451,1784589307489.0,1425.275
ss-55-420000,1784590323279.1802,1784590324131,1784590327489.0,1784590328304.4517,851.82,3358.0,815.452,1784589307489.0,5025.271
ss-26-420000,1784590326829.19,1784590327281,1784590327489.0,1784590328304.452,451.81,208.0,815.452,1784589307489.0,1475.262
ss-34-420000,1784590326279.1758,1784590327281,1784590327489.0,1784590328304.4563,1001.824,208.0,815.456,1784589307489.0,2025.281
ss-20-420000,1784590324329.1846,1784590325181,1784590327489.0,1784590328304.4568,851.815,2308.0,815.457,1784589307489.0,3975.272
ss-77-420000,1784590327229.166,1784590327281,1784590327489.0,1784590328304.4814,51.834,208.0,815.481,1784589307489.0,1075.315
ss-3-420000,1784590323079.1687,1784590323081,1784590327489.0,1784590328304.482,1.831,4408.0,815.482,1784589307489.0,5225.313
ss-17-420000,1784590313929.1636,1784590314681,1784590327489.0,1784590328304.4822,751.836,12808.0,815.482,1784589307489.0,14375.319
ss-83-420000,1784590321279.1746,1784590322031,1784590327489.0,1784590328304.4858,751.825,5458.0,815.486,1784589307489.0,7025.311
ss-81-420000,1784590312629.1748,1784590313631,1784590327489.0,1784590328304.544,1001.825,13858.0,815.544,1784589307489.0,15675.369
ss-15-420000,1784590325679.1714,1784590326231,1784590327489.0,1784590328304.5447,551.829,1258.0,815.545,1784589307489.0,2625.373
ss-44-420000,1784590325729.173,1784590326231,1784590327489.0,1784590328304.5452,501.827,1258.0,815.545,1784589307489.0,2575.372
ss-62-420000,1784590316529.1772,1784590316781,1784590327489.0,1784590328304.5457,251.823,10708.0,815.546,1784589307489.0,11775.368
ss-18-420000,1784590322929.1716,1784590323081,1784590327489.0,1784590328304.546,151.828,4408.0,815.546,1784589307489.0,5375.374
ss-96-420000,1784590327329.168,1784590327433,1784590327489.0,1784590328304.5464,103.832,56.0,815.546,1784589307489.0,975.378
ss-37-420000,1784590325329.1724,1784590326231,1784590327489.0,1784590328304.5469,901.828,1258.0,815.547,1784589307489.0,2975.375
ss-95-420000,1784590320979.171,1784590320981,1784590327489.0,1784590328304.5515,1.829,6508.0,815.552,1784589307489.0,7325.381
ss-53-420000,1784590324579.188,1784590325181,1784590327489.0,1784590328304.552,601.812,2308.0,815.552,1784589307489.0,3725.364
ss-94-420000,1784590317629.1946,1784590317831,1784590327489.0,1784590328304.553,201.805,9658.0,815.553,1784589307489.0,10675.358
ss-66-420000,1784590323179.172,1784590324131,1784590327489.0,1784590328304.5532,951.828,3358.0,815.553,1784589307489.0,5125.381
ss-8-420000,1784590325629.1753,1784590326231,1784590327489.0,1784590328304.6199,601.825,1258.0,815.62,1784589307489.0,2675.445
ss-67-420000,1784590313679.17,1784590314681,1784590327489.0,1784590328304.6208,1001.83,12808.0,815.621,1784589307489.0,14625.451
ss-76-420000,1784590327029.1704,1784590327281,1784590327490.0,1784590328304.6243,251.83,209.0,814.624,1784589307490.0,1275.454
ss-69-420000,1784590315529.175,1784590315731,1784590327490.0,1784590328304.6248,201.825,11759.0,814.625,1784589307490.0,12775.45
ss-46-420000,1784590321129.171,1784590322031,1784590327490.0,1784590328304.6252,901.829,5459.0,814.625,1784589307490.0,7175.454
ss-42-420000,1784590319379.164,1784590319931,1784590327490.0,1784590328304.6255,551.836,7559.0,814.625,1784589307490.0,8925.461
ss-85-420000,1784590326029.1904,1784590326231,1784590327490.0,1784590328304.626,201.81,1259.0,814.626,1784589307490.0,2275.436
ss-32-420000,1784590324629.1729,1784590325181,1784590327490.0,1784590328304.6265,551.827,2309.0,814.626,1784589307490.0,3675.454
ss-92-420000,1784590322029.1648,1784590322031,1784590327490.0,1784590328304.6267,1.835,5459.0,814.627,1784589307490.0,6275.462
ss-97-420000,1784590324079.1692,1784590324131,1784590327490.0,1784590328304.6272,51.831,3359.0,814.627,1784589307490.0,4225.458
ss-40-420000,1784590307229.1687,1784590307331,1784590327490.0,1784590328304.6277,101.831,20159.0,814.628,1784589307490.0,21075.459
ss-19-420000,1784590326129.1902,1784590326231,1784590327490.0,1784590328304.628,101.81,1259.0,814.628,1784589307490.0,2175.438
ss-73-420000,1784590320629.1726,1784590320981,1784590327490.0,1784590328304.6284,351.827,6509.0,814.628,1784589307490.0,7675.456
ss-78-420000,1784590317479.1628,1784590317831,1784590327490.0,1784590328304.6343,351.837,9659.0,814.634,1784589307490.0,10825.471
ss-11-420000,1784590326229.171,1784590326231,1784590327490.0,1784590328304.637,1.829,1259.0,814.637,1784589307490.0,2075.466
ss-49-420000,1784590325529.1604,1784590326231,1784590327490.0,1784590328304.6375,701.84,1259.0,814.637,1784589307490.0,2775.477
ss-22-420000,1784590325179.1653,1784590325181,1784590327490.0,1784590328304.6401,1.835,2309.0,814.64,1784589307490.0,3125.475
ss-88-420000,1784590322079.1692,1784590323081,1784590327490.0,1784590328304.6455,1001.831,4409.0,814.646,1784589307490.0,6225.476
ss-27-420000,1784590327279.1672,1784590327281,1784590327490.0,1784590328304.646,1.833,209.0,814.646,1784589307490.0,1025.479
ss-56-420000,1784590327079.155,1784590327281,1784590327490.0,1784590328304.6465,201.845,209.0,814.646,1784589307490.0,1225.491
ss-25-420000,1784590322829.1768,1784590323081,1784590327490.0,1784590328304.6467,251.823,4409.0,814.647,1784589307490.0,5475.47
ss-36-420000,1784590325879.1711,1784590326231,1784590327490.0,1784590328304.6492,351.829,1259.0,814.649,1784589307490.0,2425.478
ss-87-420000,1784590320079.1755,1784590320981,1784590327490.0,1784590328304.654,901.824,6509.0,814.654,1784589307490.0,8225.479
ss-93-420000,1784590310879.1777,1784590311531,1784590327490.0,1784590328304.6548,651.822,15959.0,814.655,1784589307490.0,17425.477
ss-24-420000,1784590325829.374,1784590326231,1784590327490.0,1784590328304.6553,401.626,1259.0,814.655,1784589307490.0,2475.281
ss-39-480000,1784590321179.1697,1784590322031,1784590327490.0,1784590328304.6555,851.83,5459.0,814.656,1784589247490.0,7125.486
ss-34-480000,1784590326279.1758,1784590327281,1784590327491.0,1784590328304.656,1001.824,210.0,813.656,1784589247491.0,2025.48
ss-9-480000,1784590323129.1724,1784590324131,1784590327491.0,1784590328304.6562,1001.828,3360.0,813.656,1784589247491.0,5175.484
ss-2-480000,1784590325079.1848,1784590325181,1784590327491.0,1784590328304.6567,101.815,2310.0,813.657,1784589247491.0,3225.472
ss-97-480000,1784590324079.1692,1784590324131,1784590327491.0,1784590328304.6572,51.831,3360.0,813.657,1784589247491.0,4225.488
ss-12-480000,1784590323729.1763,1784590324131,1784590327491.0,1784590328304.66,401.824,3360.0,813.66,1784589247491.0,4575.484
ss-72-480000,1784590322629.1746,1784590323081,1784590327491.0,1784590328304.6606,451.825,4410.0,813.661,1784589247491.0,5675.486
ss-21-480000,1784590323629.1687,1784590324131,1784590327491.0,1784590328304.664,501.831,3360.0,813.664,1784589247491.0,4675.495
ss-14-480000,1784590325429.1687,1784590326231,1784590327491.0,1784590328304.6646,801.831,1260.0,813.665,1784589247491.0,2875.496
ss-91-480000,1784590325029.161,1784590325181,1784590327491.0,1784590328304.6675,151.839,2310.0,813.667,1784589247491.0,3275.507
ss-98-480000,1784590323429.1638,1784590324131,1784590327491.0,1784590328304.668,701.836,3360.0,813.668,1784589247491.0,4875.504
ss-16-480000,1784590326929.1663,1784590327281,1784590327491.0,1784590328304.6714,351.834,210.0,813.671,1784589247491.0,1375.505
ss-79-480000,1784590319929.169,1784590319931,1784590327491.0,1784590328304.6716,1.831,7560.0,813.672,1784589247491.0,8375.503
ss-28-480000,1784590324279.1633,1784590325181,1784590327491.0,1784590328304.6743,901.837,2310.0,813.674,1784589247491.0,4025.511
ss-31-480000,1784590327179.1711,1784590327281,1784590327491.0,1784590328304.7065,101.829,210.0,813.707,1784589247491.0,1125.535
ss-50-480000,1784590324029.19,1784590324131,1784590327491.0,1784590328304.7073,101.81,3360.0,813.707,1784589247491.0,4275.517
ss-64-480000,1784590321679.1555,1784590322031,1784590327491.0,1784590328304.7075,351.844,5460.0,813.708,1784589247491.0,6625.552
ss-63-480000,1784590324679.1765,1784590325181,1784590327491.0,1784590328304.712,501.823,2310.0,813.712,1784589247491.0,3625.535
ss-51-480000,1784590326579.1697,1784590327281,1784590327491.0,1784590328304.7122,701.83,210.0,813.712,1784589247491.0,1725.542
ss-7-480000,1784590323329.1697,1784590324131,1784590327491.0,1784590328304.7126,801.83,3360.0,813.713,1784589247491.0,4975.543
ss-35-480000,1784590318379.17,1784590318881,1784590327491.0,1784590328304.713,501.83,8610.0,813.713,1784589247491.0,9925.543
ss-99-480000,1784590306129.168,1784590306281,1784590327491.0,1784590328304.7185,151.832,21210.0,813.719,1784589247491.0,22175.551
ss-80-480000,1784590326629.1729,1784590327281,1784590327491.0,1784590328304.719,651.827,210.0,813.719,1784589247491.0,1675.546
ss-70-480000,1784590322279.157,1784590323081,1784590327491.0,1784590328304.7195,801.843,4410.0,813.719,1784589247491.0,6025.562
ss-90-480000,1784590326979.1687,1784590327281,1784590327492.0,1784590328304.7324,301.831,211.0,812.732,1784589247492.0,1325.564
ss-59-480000,1784590323229.1743,1784590324131,1784590327492.0,1784590328304.7327,901.826,3361.0,812.733,1784589247492.0,5075.558
ss-77-480000,1784590327229.166,1784590327281,1784590327492.0,1784590328304.7366,51.834,211.0,812.737,1784589247492.0,1075.571
ss-45-480000,1784590325229.1772,1784590326231,1784590327492.0,1784590328304.737,1001.823,1261.0,812.737,1784589247492.0,3075.56
ss-41-480000,1784590323479.1672,1784590324131,1784590327492.0,1784590328304.7375,651.833,3361.0,812.738,1784589247492.0,4825.57
ss-48-480000,1784590310679.177,1784590311531,1784590327492.0,1784590328304.7407,851.823,15961.0,812.741,1784589247492.0,17625.564
ss-58-480000,1784590324529.1624,1784590325181,1784590327492.0,1784590328304.749,651.838,2311.0,812.749,1784589247492.0,3775.587
ss-74-480000,1784590326679.1685,1784590327281,1784590327492.0,1784590328304.7493,601.832,211.0,812.749,1784589247492.0,1625.581
ss-29-480000,1784590320429.1672,1784590320981,1784590327492.0,1784590328304.7637,551.833,6511.0,812.764,1784589247492.0,7875.596
ss-4-480000,1784590325979.1868,1784590326231,1784590327492.0,1784590328304.7642,251.813,1261.0,812.764,1784589247492.0,2325.577
ss-84-480000,1784590316929.1746,1784590317831,1784590327492.0,1784590328304.7646,901.825,9661.0,812.765,1784589247492.0,11375.59
ss-38-480000,1784590326729.188,1784590327281,1784590327492.0,1784590328304.768,551.812,211.0,812.768,1784589247492.0,1575.58
ss-1-480000,1784590323379.1724,1784590324131,1784590327492.0,1784590328304.7686,751.828,3361.0,812.769,1784589247492.0,4925.596
ss-54-480000,1784590319579.1804,1784590319931,1784590327492.0,1784590328304.769,351.82,7561.0,812.769,1784589247492.0,8725.589
ss-89-480000,1784590311779.1685,1784590312582,1784590327492.0,1784590328304.7693,802.832,14910.0,812.769,1784589247492.0,16525.601
ss-68-480000,1784590325479.1694,1784590326231,1784590327492.0,1784590328304.7993,751.831,1261.0,812.799,1784589247492.0,2825.63
ss-75-480000,1784590324379.1697,1784590325181,1784590327492.0,1784590328304.7998,801.83,2311.0,812.8,1784589247492.0,3925.63
ss-23-480000,1784590325279.1807,1784590326231,1784590327492.0,1784590328304.8,951.819,1261.0,812.8,1784589247492.0,3025.619
ss-6-480000,1784590324179.1748,1784590325181,1784590327492.0,1784590328304.8005,1001.825,2311.0,812.801,1784589247492.0,4125.626
ss-33-480000,1784590307779.1724,1784590308381,1784590327492.0,1784590328304.8008,601.828,19111.0,812.801,1784589247492.0,20525.628
ss-0-480000,1784590324479.1565,1784590325181,1784590327492.0,1784590328304.8044,701.844,2311.0,812.804,1784589247492.0,3825.648
ss-5-480000,1784590324129.1626,1784590324131,1784590327492.0,1784590328304.805,1.837,3361.0,812.805,1784589247492.0,4175.642
ss-10-480000,1784590308829.1897,1784590309431,1784590327492.0,1784590328304.8115,601.81,18061.0,812.812,1784589247492.0,19475.622
ss-47-480000,1784590327129.166,1784590327281,1784590327492.0,1784590328304.812,151.834,211.0,812.812,1784589247492.0,1175.646
ss-83-480000,1784590321279.1746,1784590322031,1784590327492.0,1784590328304.849,751.825,5461.0,812.849,1784589247492.0,7025.675
ss-65-480000,1784590323029.1917,1784590323081,1784590327493.0,1784590328304.856,51.808,4412.0,811.856,1784589247493.0,5275.664
ss-43-480000,1784590326079.1902,1784590326231,1784590327493.0,1784590328304.8564,151.81,1262.0,811.856,1784589247493.0,2225.666
ss-71-480000,1784590325379.1682,1784590326231,1784590327493.0,1784590328304.857,851.832,1262.0,811.857,1784589247493.0,2925.689
ss-86-480000,1784590327379.1711,1784590327433,1784590327493.0,1784590328304.8574,53.829,60.0,811.857,1784589247493.0,925.686
ss-55-480000,1784590323279.1802,1784590324131,1784590327493.0,1784590328304.8577,851.82,3362.0,811.858,1784589247493.0,5025.677
ss-61-480000,1784590307529.1643,1784590308381,1784590327493.0,1784590328304.8582,851.836,19112.0,811.858,1784589247493.0,20775.694
ss-57-480000,1784590326879.1763,1784590327281,1784590327493.0,1784590328304.859,401.824,212.0,811.859,1784589247493.0,1425.683
ss-26-480000,1784590326829.19,1784590327281,1784590327493.0,1784590328304.8977,451.81,212.0,811.898,1784589247493.0,1475.708
ss-13-480000,1784590318029.1687,1784590318881,1784590327493.0,1784590328304.8987,851.831,8612.0,811.899,1784589247493.0,10275.73
ss-20-480000,1784590324329.1846,1784590325181,1784590327493.0,1784590328304.8992,851.815,2312.0,811.899,1784589247493.0,3975.715
ss-17-480000,1784590313929.1636,1784590314681,1784590327493.0,1784590328304.8997,751.836,12812.0,811.9,1784589247493.0,14375.736
ss-3-480000,1784590323079.1687,1784590323081,1784590327493.0,1784590328304.9,1.831,4412.0,811.9,1784589247493.0,5225.731
ss-37-480000,1784590325329.1724,1784590326231,1784590327493.0,1784590328304.9055,901.828,1262.0,811.906,1784589247493.0,2975.733
ss-81-480000,1784590312629.1748,1784590313631,1784590327493.0,1784590328304.906,1001.825,13862.0,811.906,1784589247493.0,15675.731
ss-15-480000,1784590325679.1714,1784590326231,1784590327493.0,1784590328304.9065,551.829,1262.0,811.906,1784589247493.0,2625.735
ss-44-480000,1784590325729.173,1784590326231,1784590327493.0,1784590328304.9067,501.827,1262.0,811.907,1784589247493.0,2575.734
ss-19-480000,1784590326129.1902,1784590326231,1784590327493.0,1784590328304.9072,101.81,1262.0,811.907,1784589247493.0,2175.717
ss-18-480000,1784590322929.1716,1784590323081,1784590327493.0,1784590328304.9075,151.828,4412.0,811.907,1784589247493.0,5375.736
ss-96-480000,1784590327329.168,1784590327433,1784590327493.0,1784590328304.9155,103.832,60.0,811.916,1784589247493.0,975.748
ss-95-480000,1784590320979.171,1784590320981,1784590327493.0,1784590328304.916,1.829,6512.0,811.916,1784589247493.0,7325.745
ss-8-480000,1784590325629.1753,1784590326231,1784590327494.0,1784590328304.9163,601.825,1263.0,810.916,1784589247494.0,2675.741
ss-94-480000,1784590317629.1946,1784590317831,1784590327494.0,1784590328304.9167,201.805,9663.0,810.917,1784589247494.0,10675.722
ss-62-480000,1784590316529.1772,1784590316781,1784590327494.0,1784590328304.9172,251.823,10713.0,810.917,1784589247494.0,11775.74
ss-66-480000,1784590323179.172,1784590324131,1784590327494.0,1784590328305.0645,951.828,3363.0,811.064,1784589247494.0,5125.892
ss-46-480000,1784590321129.171,1784590322031,1784590327494.0,1784590328305.0671,901.829,5463.0,811.067,1784589247494.0,7175.896
ss-67-480000,1784590313679.17,1784590314681,1784590327494.0,1784590328305.075,1001.83,12813.0,811.075,1784589247494.0,14625.905
ss-69-480000,1784590315529.175,1784590315731,1784590327494.0,1784590328305.076,201.825,11763.0,811.076,1784589247494.0,12775.901
ss-82-480000,1784590322679.1694,1784590323081,1784590327494.0,1784590328305.0767,401.831,4413.0,811.077,1784589247494.0,5625.907
ss-42-480000,1784590319379.164,1784590319931,1784590327494.0,1784590328305.0793,551.836,7563.0,811.079,1784589247494.0,8925.915
ss-85-480000,1784590326029.1904,1784590326231,1784590327494.0,1784590328305.6184,201.81,1263.0,811.618,1784589247494.0,2276.428
ss-76-480000,1784590327029.1704,1784590327281,1784590327494.0,1784590328305.6194,251.83,213.0,811.619,1784589247494.0,1276.449
ss-30-480000,1784590326429.1702,1784590327281,1784590327494.0,1784590328305.6204,851.83,213.0,811.62,1784589247494.0,1876.45
ss-92-480000,1784590322029.1648,1784590322031,1784590327494.0,1784590328305.63,1.835,5463.0,811.63,1784589247494.0,6276.465
ss-53-480000,1784590324579.188,1784590325181,1784590327494.0,1784590328305.6304,601.812,2313.0,811.63,1784589247494.0,3726.442
ss-73-480000,1784590320629.1726,1784590320981,1784590327494.0,1784590328305.631,351.827,6513.0,811.631,1784589247494.0,7676.458
ss-25-480000,1784590322829.1768,1784590323081,1784590327494.0,1784590328305.6318,251.823,4413.0,811.632,1784589247494.0,5476.455
ss-27-480000,1784590327279.1672,1784590327281,1784590327494.0,1784590328305.6543,1.833,213.0,811.654,1784589247494.0,1026.487
ss-78-480000,1784590317479.1628,1784590317831,1784590327494.0,1784590328305.655,351.837,9663.0,811.655,1784589247494.0,10826.492
ss-11-480000,1784590326229.171,1784590326231,1784590327494.0,1784590328305.6562,1.829,1263.0,811.656,1784589247494.0,2076.485
ss-40-480000,1784590307229.1687,1784590307331,1784590327494.0,1784590328305.6567,101.831,20163.0,811.657,1784589247494.0,21076.488
ss-22-480000,1784590325179.1653,1784590325181,1784590327494.0,1784590328305.6577,1.835,2313.0,811.658,1784589247494.0,3126.492
ss-87-480000,1784590320079.1755,1784590320981,1784590327494.0,1784590328305.6582,901.824,6513.0,811.658,1784589247494.0,8226.483
ss-32-480000,1784590324629.1729,1784590325181,1784590327494.0,1784590328305.659,551.827,2313.0,811.659,1784589247494.0,3676.486
ss-56-480000,1784590327079.155,1784590327281,1784590327494.0,1784590328305.663,201.845,213.0,811.663,1784589247494.0,1226.508
ss-60-480000,1784590326779.1895,1784590327281,1784590327494.0,1784590328305.6638,501.811,213.0,811.664,1784589247494.0,1526.474
ss-49-480000,1784590325529.1604,1784590326231,1784590327495.0,1784590328305.6648,701.84,1264.0,810.665,1784589247495.0,2776.504
ss-36-480000,1784590325879.1711,1784590326231,1784590327495.0,1784590328305.6655,351.829,1264.0,810.666,1784589247495.0,2426.494
ss-88-480000,1784590322079.1692,1784590323081,1784590327495.0,1784590328305.6663,1001.831,4414.0,810.666,1784589247495.0,6226.497
ss-52-480000,1784590324929.1848,1784590325181,1784590327495.0,1784590328305.6667,251.815,2314.0,810.667,1784589247495.0,3376.482
ss-93-480000,1784590310879.1777,1784590311531,1784590327495.0,1784590328305.668,651.822,15964.0,810.668,1784589247495.0,17426.49
ss-24-480000,1784590325829.374,1784590326231,1784590327495.0,1784590328305.6711,401.626,1264.0,810.671,1784589247495.0,2476.297
ss-15-540000,1784590325679.1714,1784590326231,1784590327495.0,1784590328306.8745,551.829,1264.0,811.875,1784589187495.0,2627.703
ss-39-540000,1784590321179.1697,1784590322031,1784590327495.0,1784590328306.8755,851.83,5464.0,811.875,1784589187495.0,7127.706
ss-52-540000,1784590324929.1848,1784590325181,1784590327495.0,1784590328306.876,251.815,2314.0,811.876,1784589187495.0,3377.691
ss-2-540000,1784590325079.1848,1784590325181,1784590327495.0,1784590328306.8762,101.815,2314.0,811.876,1784589187495.0,3227.691
ss-12-540000,1784590323729.1763,1784590324131,1784590327495.0,1784590328306.8765,401.824,3364.0,811.876,1784589187495.0,4577.7
ss-72-540000,1784590322629.1746,1784590323081,1784590327495.0,1784590328306.8809,451.825,4414.0,811.881,1784589187495.0,5677.706
ss-46-540000,1784590321129.171,1784590322031,1784590327495.0,1784590328306.8816,901.829,5464.0,811.882,1784589187495.0,7177.711
ss-21-540000,1784590323629.1687,1784590324131,1784590327495.0,1784590328306.8818,501.831,3364.0,811.882,1784589187495.0,4677.713
ss-9-540000,1784590323129.1724,1784590324131,1784590327495.0,1784590328306.8826,1001.828,3364.0,811.883,1784589187495.0,5177.71
ss-14-540000,1784590325429.1687,1784590326231,1784590327495.0,1784590328306.8828,801.831,1264.0,811.883,1784589187495.0,2877.714
ss-91-540000,1784590325029.161,1784590325181,1784590327495.0,1784590328306.8853,151.839,2314.0,811.885,1784589187495.0,3277.724
ss-75-540000,1784590324379.1697,1784590325181,1784590327495.0,1784590328306.8857,801.83,2314.0,811.886,1784589187495.0,3927.716
ss-81-540000,1784590312629.1748,1784590313631,1784590327495.0,1784590328306.886,1001.825,13864.0,811.886,1784589187495.0,15677.711
ss-98-540000,1784590323429.1638,1784590324131,1784590327495.0,1784590328306.8862,701.836,3364.0,811.886,1784589187495.0,4877.722
ss-92-540000,1784590322029.1648,1784590322031,1784590327495.0,1784590328306.8867,1.835,5464.0,811.887,1784589187495.0,6277.722
ss-16-540000,1784590326929.1663,1784590327281,1784590327495.0,1784590328306.887,351.834,214.0,811.887,1784589187495.0,1377.721
ss-79-540000,1784590319929.169,1784590319931,1784590327495.0,1784590328306.8872,1.831,7564.0,811.887,1784589187495.0,8377.718
ss-31-540000,1784590327179.1711,1784590327281,1784590327495.0,1784590328306.8875,101.829,214.0,811.887,1784589187495.0,1127.716
ss-28-540000,1784590324279.1633,1784590325181,1784590327495.0,1784590328306.888,901.837,2314.0,811.888,1784589187495.0,4027.725
ss-64-540000,1784590321679.1555,1784590322031,1784590327496.0,1784590328306.895,351.844,5465.0,810.895,1784589187496.0,6627.74
ss-20-540000,1784590324329.1846,1784590325181,1784590327496.0,1784590328306.8955,851.815,2315.0,810.896,1784589187496.0,3977.711
ss-50-540000,1784590324029.19,1784590324131,1784590327496.0,1784590328306.8958,101.81,3365.0,810.896,1784589187496.0,4277.706
ss-63-540000,1784590324679.1765,1784590325181,1784590327496.0,1784590328306.8987,501.823,2315.0,810.899,1784589187496.0,3627.722
ss-51-540000,1784590326579.1697,1784590327281,1784590327496.0,1784590328306.8992,701.83,215.0,810.899,1784589187496.0,1727.729
ss-30-540000,1784590326429.1702,1784590327281,1784590327496.0,1784590328306.8994,851.83,215.0,810.899,1784589187496.0,1877.729
ss-35-540000,1784590318379.17,1784590318881,1784590327496.0,1784590328306.8997,501.83,8615.0,810.9,1784589187496.0,9927.73
ss-19-540000,1784590326129.1902,1784590326231,1784590327496.0,1784590328306.9,101.81,1265.0,810.9,1784589187496.0,2177.71
ss-99-540000,1784590306129.168,1784590306281,1784590327496.0,1784590328306.9001,151.832,21215.0,810.9,1784589187496.0,22177.732
ss-80-540000,1784590326629.1729,1784590327281,1784590327496.0,1784590328306.9004,651.827,215.0,810.9,1784589187496.0,1677.728
ss-70-540000,1784590322279.157,1784590323081,1784590327496.0,1784590328306.9006,801.843,4415.0,810.901,1784589187496.0,6027.744
ss-42-540000,1784590319379.164,1784590319931,1784590327496.0,1784590328306.901,551.836,7565.0,810.901,1784589187496.0,8927.737
ss-90-540000,1784590326979.1687,1784590327281,1784590327496.0,1784590328306.9011,301.831,215.0,810.901,1784589187496.0,1327.732
ss-59-540000,1784590323229.1743,1784590324131,1784590327496.0,1784590328306.9045,901.826,3365.0,810.905,1784589187496.0,5077.73
ss-85-540000,1784590326029.1904,1784590326231,1784590327496.0,1784590328306.9048,201.81,1265.0,810.905,1784589187496.0,2277.714
ss-45-540000,1784590325229.1772,1784590326231,1784590327496.0,1784590328306.917,1001.823,1265.0,810.917,1784589187496.0,3077.74
ss-86-540000,1784590327379.1711,1784590327433,1784590327496.0,1784590328306.9172,53.829,63.0,810.917,1784589187496.0,927.746
ss-48-540000,1784590310679.177,1784590311531,1784590327496.0,1784590328306.9175,851.823,15965.0,810.917,1784589187496.0,17627.74
ss-58-540000,1784590324529.1624,1784590325181,1784590327496.0,1784590328306.9177,651.838,2315.0,810.918,1784589187496.0,3777.755
ss-54-540000,1784590319579.1804,1784590319931,1784590327496.0,1784590328306.918,351.82,7565.0,810.918,1784589187496.0,8727.738
ss-29-540000,1784590320429.1672,1784590320981,1784590327496.0,1784590328306.9204,551.833,6515.0,810.92,1784589187496.0,7877.753
ss-34-540000,1784590326279.1758,1784590327281,1784590327496.0,1784590328306.9207,1001.824,215.0,810.921,1784589187496.0,2027.745
ss-84-540000,1784590316929.1746,1784590317831,1784590327496.0,1784590328306.9238,901.825,9665.0,810.924,1784589187496.0,11377.749
ss-38-540000,1784590326729.188,1784590327281,1784590327496.0,1784590328306.924,551.812,215.0,810.924,1784589187496.0,1577.736
ss-4-540000,1784590325979.1868,1784590326231,1784590327496.0,1784590328306.9597,251.813,1265.0,810.96,1784589187496.0,2327.773
ss-1-540000,1784590323379.1724,1784590324131,1784590327496.0,1784590328306.9612,751.828,3365.0,810.961,1784589187496.0,4927.789
ss-74-540000,1784590326679.1685,1784590327281,1784590327496.0,1784590328306.9739,601.832,215.0,810.974,1784589187496.0,1627.805
ss-89-540000,1784590311779.1685,1784590312582,1784590327497.0,1784590328306.977,802.832,14915.0,809.977,1784589187497.0,16527.809
ss-82-540000,1784590322679.1694,1784590323081,1784590327497.0,1784590328306.9778,401.831,4416.0,809.978,1784589187497.0,5627.808
ss-23-540000,1784590325279.1807,1784590326231,1784590327497.0,1784590328306.9805,951.819,1266.0,809.98,1784589187497.0,3027.8
ss-6-540000,1784590324179.1748,1784590325181,1784590327497.0,1784590328306.9814,1001.825,2316.0,809.981,1784589187497.0,4127.807
ss-36-540000,1784590325879.1711,1784590326231,1784590327497.0,1784590328306.9844,351.829,1266.0,809.984,1784589187497.0,2427.813
ss-33-540000,1784590307779.1724,1784590308381,1784590327497.0,1784590328306.9849,601.828,19116.0,809.985,1784589187497.0,20527.812
ss-41-540000,1784590323479.1672,1784590324131,1784590327497.0,1784590328306.9854,651.833,3366.0,809.985,1784589187497.0,4827.818
ss-26-540000,1784590326829.19,1784590327281,1784590327497.0,1784590328306.9858,451.81,216.0,809.986,1784589187497.0,1477.796
ss-10-540000,1784590308829.1897,1784590309431,1784590327497.0,1784590328306.9905,601.81,18066.0,809.99,1784589187497.0,19477.801
ss-71-540000,1784590325379.1682,1784590326231,1784590327497.0,1784590328306.991,851.832,1266.0,809.991,1784589187497.0,2927.823
ss-69-540000,1784590315529.175,1784590315731,1784590327497.0,1784590328306.9917,201.825,11766.0,809.992,1784589187497.0,12777.817
ss-65-540000,1784590323029.1917,1784590323081,1784590327497.0,1784590328306.9922,51.808,4416.0,809.992,1784589187497.0,5277.801
ss-67-540000,1784590313679.17,1784590314681,1784590327497.0,1784590328306.9927,1001.83,12816.0,809.993,1784589187497.0,14627.823
ss-43-540000,1784590326079.1902,1784590326231,1784590327497.0,1784590328306.993,151.81,1266.0,809.993,1784589187497.0,2227.803
ss-61-540000,1784590307529.1643,1784590308381,1784590327497.0,1784590328306.9958,851.836,19116.0,809.996,1784589187497.0,20777.832
ss-57-540000,1784590326879.1763,1784590327281,1784590327497.0,1784590328306.997,401.824,216.0,809.997,1784589187497.0,1427.821
ss-55-540000,1784590323279.1802,1784590324131,1784590327497.0,1784590328306.9973,851.82,3366.0,809.997,1784589187497.0,5027.817
ss-13-540000,1784590318029.1687,1784590318881,1784590327497.0,1784590328306.9978,851.831,8616.0,809.998,1784589187497.0,10277.829
ss-83-540000,1784590321279.1746,1784590322031,1784590327497.0,1784590328307.0137,751.825,5466.0,810.014,1784589187497.0,7027.839
ss-60-540000,1784590326779.1895,1784590327281,1784590327497.0,1784590328307.0144,501.811,216.0,810.014,1784589187497.0,1527.825
ss-77-540000,1784590327229.166,1784590327281,1784590327497.0,1784590328307.0146,51.834,216.0,810.015,1784589187497.0,1077.849
ss-17-540000,1784590313929.1636,1784590314681,1784590327497.0,1784590328307.022,751.836,12816.0,810.022,1784589187497.0,14377.858
ss-56-540000,1784590327079.155,1784590327281,1784590327497.0,1784590328307.0225,201.845,216.0,810.022,1784589187497.0,1227.867
ss-3-540000,1784590323079.1687,1784590323081,1784590327497.0,1784590328307.023,1.831,4416.0,810.023,1784589187497.0,5227.854
ss-66-540000,1784590323179.172,1784590324131,1784590327498.0,1784590328307.0237,951.828,3367.0,809.024,1784589187498.0,5127.852
ss-96-540000,1784590327329.168,1784590327433,1784590327498.0,1784590328307.055,103.832,65.0,809.055,1784589187498.0,977.887
ss-62-540000,1784590316529.1772,1784590316781,1784590327498.0,1784590328307.0557,251.823,10717.0,809.056,1784589187498.0,11777.878
ss-8-540000,1784590325629.1753,1784590326231,1784590327498.0,1784590328307.0562,601.825,1267.0,809.056,1784589187498.0,2677.881
ss-47-540000,1784590327129.166,1784590327281,1784590327498.0,1784590328307.057,151.834,217.0,809.057,1784589187498.0,1177.891
ss-37-540000,1784590325329.1724,1784590326231,1784590327498.0,1784590328307.0571,901.828,1267.0,809.057,1784589187498.0,2977.885
ss-0-540000,1784590324479.1565,1784590325181,1784590327498.0,1784590328307.0767,701.844,2317.0,809.077,1784589187498.0,3827.92
ss-5-540000,1784590324129.1626,1784590324131,1784590327498.0,1784590328307.0776,1.837,3367.0,809.078,1784589187498.0,4177.915
ss-95-540000,1784590320979.171,1784590320981,1784590327498.0,1784590328307.0781,1.829,6517.0,809.078,1784589187498.0,7327.907
ss-53-540000,1784590324579.188,1784590325181,1784590327498.0,1784590328307.1445,601.812,2317.0,809.145,1784589187498.0,3727.957
ss-25-540000,1784590322829.1768,1784590323081,1784590327498.0,1784590328307.146,251.823,4417.0,809.146,1784589187498.0,5477.969
ss-32-540000,1784590324629.1729,1784590325181,1784590327498.0,1784590328307.1467,551.827,2317.0,809.147,1784589187498.0,3677.974
ss-97-540000,1784590324079.1692,1784590324131,1784590327498.0,1784590328307.147,51.831,3367.0,809.147,1784589187498.0,4227.978
ss-94-540000,1784590317629.1946,1784590317831,1784590327498.0,1784590328307.1475,201.805,9667.0,809.147,1784589187498.0,10677.953
ss-40-540000,1784590307229.1687,1784590307331,1784590327498.0,1784590328307.1477,101.831,20167.0,809.148,1784589187498.0,21077.979
ss-49-540000,1784590325529.1604,1784590326231,1784590327498.0,1784590328307.1482,701.84,1267.0,809.148,1784589187498.0,2777.988
ss-18-540000,1784590322929.1716,1784590323081,1784590327498.0,1784590328307.1487,151.828,4417.0,809.149,1784589187498.0,5377.977
ss-78-540000,1784590317479.1628,1784590317831,1784590327498.0,1784590328307.1492,351.837,9667.0,809.149,1784589187498.0,10827.986
ss-27-540000,1784590327279.1672,1784590327281,1784590327498.0,1784590328307.1526,1.833,217.0,809.153,1784589187498.0,1027.985
ss-76-540000,1784590327029.1704,1784590327281,1784590327498.0,1784590328307.153,251.83,217.0,809.153,1784589187498.0,1277.983
ss-22-540000,1784590325179.1653,1784590325181,1784590327498.0,1784590328307.1538,1.835,2317.0,809.154,1784589187498.0,3127.989
ss-87-540000,1784590320079.1755,1784590320981,1784590327498.0,1784590328307.1543,901.824,6517.0,809.154,1784589187498.0,8227.979
ss-88-540000,1784590322079.1692,1784590323081,1784590327498.0,1784590328307.155,1001.831,4417.0,809.155,1784589187498.0,6227.986
ss-11-540000,1784590326229.171,1784590326231,1784590327498.0,1784590328307.1558,1.829,1267.0,809.156,1784589187498.0,2077.985
ss-73-540000,1784590320629.1726,1784590320981,1784590327498.0,1784590328307.156,351.827,6517.0,809.156,1784589187498.0,7677.983
ss-93-540000,1784590310879.1777,1784590311531,1784590327498.0,1784590328307.1567,651.822,15967.0,809.157,1784589187498.0,17427.979
ss-24-540000,1784590325829.374,1784590326231,1784590327498.0,1784590328307.1572,401.626,1267.0,809.157,1784589187498.0,2477.783
ss-44-540000,1784590325729.173,1784590326231,1784590327498.0,1784590328307.1575,501.827,1267.0,809.157,1784589187498.0,2577.984
ss-7-540000,1784590323329.1697,1784590324131,1784590327499.0,1784590328307.158,801.83,3368.0,808.158,1784589187499.0,4977.988
ss-68-540000,1784590325479.1694,1784590326231,1784590327499.0,1784590328307.1675,751.831,1268.0,808.167,1784589187499.0,2827.998
ss-63-600000,1784590324679.1765,1784590325181,1784590327499.0,1784590328307.168,501.823,2318.0,808.168,1784589127499.0,3627.991
ss-41-600000,1784590323479.1672,1784590324131,1784590327499.0,1784590328307.1685,651.833,3368.0,808.168,1784589127499.0,4828.001
ss-77-600000,1784590327229.166,1784590327281,1784590327499.0,1784590328307.1687,51.834,218.0,808.169,1784589127499.0,1078.003
ss-2-600000,1784590325079.1848,1784590325181,1784590327499.0,1784590328307.1719,101.815,2318.0,808.172,1784589127499.0,3227.987
ss-12-600000,1784590323729.1763,1784590324131,1784590327499.0,1784590328307.1724,401.824,3368.0,808.172,1784589127499.0,4577.996
ss-72-600000,1784590322629.1746,1784590323081,1784590327499.0,1784590328307.1726,451.825,4418.0,808.173,1784589127499.0,5677.998
ss-86-600000,1784590327379.1711,1784590327433,1784590327499.0,1784590328307.173,53.829,66.0,808.173,1784589127499.0,928.002
ss-21-600000,1784590323629.1687,1784590324131,1784590327499.0,1784590328307.1733,501.831,3368.0,808.173,1784589127499.0,4678.005
ss-14-600000,1784590325429.1687,1784590326231,1784590327499.0,1784590328307.1738,801.831,1268.0,808.174,1784589127499.0,2878.005
ss-91-600000,1784590325029.161,1784590325181,1784590327499.0,1784590328307.1765,151.839,2318.0,808.177,1784589127499.0,3278.016
ss-23-600000,1784590325279.1807,1784590326231,1784590327499.0,1784590328307.177,951.819,1268.0,808.177,1784589127499.0,3027.996
ss-6-600000,1784590324179.1748,1784590325181,1784590327499.0,1784590328307.179,1001.825,2318.0,808.179,1784589127499.0,4128.004
ss-15-600000,1784590325679.1714,1784590326231,1784590327499.0,1784590328307.1792,551.829,1268.0,808.179,1784589127499.0,2628.008
ss-92-600000,1784590322029.1648,1784590322031,1784590327499.0,1784590328307.1794,1.835,5468.0,808.179,1784589127499.0,6278.015
ss-98-600000,1784590323429.1638,1784590324131,1784590327499.0,1784590328307.2017,701.836,3368.0,808.202,1784589127499.0,4878.038
ss-97-600000,1784590324079.1692,1784590324131,1784590327499.0,1784590328307.2021,51.831,3368.0,808.202,1784589127499.0,4228.033
ss-16-600000,1784590326929.1663,1784590327281,1784590327499.0,1784590328307.2026,351.834,218.0,808.203,1784589127499.0,1378.036
ss-79-600000,1784590319929.169,1784590319931,1784590327499.0,1784590328307.203,1.831,7568.0,808.203,1784589127499.0,8378.034
ss-81-600000,1784590312629.1748,1784590313631,1784590327499.0,1784590328307.2034,1001.825,13868.0,808.203,1784589127499.0,15678.029
ss-28-600000,1784590324279.1633,1784590325181,1784590327499.0,1784590328307.2036,901.837,2318.0,808.204,1784589127499.0,4028.04
ss-64-600000,1784590321679.1555,1784590322031,1784590327500.0,1784590328307.204,351.844,5469.0,807.204,1784589127500.0,6628.049
ss-31-600000,1784590327179.1711,1784590327281,1784590327500.0,1784590328307.2073,101.829,219.0,807.207,1784589127500.0,1128.036
ss-75-600000,1784590324379.1697,1784590325181,1784590327500.0,1784590328307.2078,801.83,2319.0,807.208,1784589127500.0,3928.038
ss-50-600000,1784590324029.19,1784590324131,1784590327500.0,1784590328307.2156,101.81,3369.0,807.216,1784589127500.0,4278.026
ss-85-600000,1784590326029.1904,1784590326231,1784590327500.0,1784590328307.2158,201.81,1269.0,807.216,1784589127500.0,2278.025
ss-30-600000,1784590326429.1702,1784590327281,1784590327500.0,1784590328307.219,851.83,219.0,807.219,1784589127500.0,1878.049
ss-51-600000,1784590326579.1697,1784590327281,1784590327500.0,1784590328307.2195,701.83,219.0,807.219,1784589127500.0,1728.05
ss-35-600000,1784590318379.17,1784590318881,1784590327500.0,1784590328307.2231,501.83,8619.0,807.223,1784589127500.0,9928.053
ss-1-600000,1784590323379.1724,1784590324131,1784590327500.0,1784590328307.2236,751.828,3369.0,807.224,1784589127500.0,4928.051
ss-38-600000,1784590326729.188,1784590327281,1784590327500.0,1784590328307.2476,551.812,219.0,807.248,1784589127500.0,1578.06
ss-70-600000,1784590322279.157,1784590323081,1784590327500.0,1784590328307.2483,801.843,4419.0,807.248,1784589127500.0,6028.091
ss-17-600000,1784590313929.1636,1784590314681,1784590327500.0,1784590328307.2532,751.836,12819.0,807.253,1784589127500.0,14378.09
ss-56-600000,1784590327079.155,1784590327281,1784590327500.0,1784590328307.2534,201.845,219.0,807.253,1784589127500.0,1228.098
ss-90-600000,1784590326979.1687,1784590327281,1784590327500.0,1784590328307.2537,301.831,219.0,807.254,1784589127500.0,1328.085
ss-59-600000,1784590323229.1743,1784590324131,1784590327500.0,1784590328307.254,901.826,3369.0,807.254,1784589127500.0,5078.08
ss-45-600000,1784590325229.1772,1784590326231,1784590327500.0,1784590328307.259,1001.823,1269.0,807.259,1784589127500.0,3078.082
ss-9-600000,1784590323129.1724,1784590324131,1784590327500.0,1784590328307.2593,1001.828,3369.0,807.259,1784589127500.0,5178.087
ss-58-600000,1784590324529.1624,1784590325181,1784590327500.0,1784590328307.2595,651.838,2319.0,807.26,1784589127500.0,3778.097
ss-74-600000,1784590326679.1685,1784590327281,1784590327500.0,1784590328307.26,601.832,219.0,807.26,1784589127500.0,1628.092
ss-4-600000,1784590325979.1868,1784590326231,1784590327500.0,1784590328307.2727,251.813,1269.0,807.273,1784589127500.0,2328.086
ss-52-600000,1784590324929.1848,1784590325181,1784590327500.0,1784590328307.2732,251.815,2319.0,807.273,1784589127500.0,3378.088
ss-82-600000,1784590322679.1694,1784590323081,1784590327500.0,1784590328307.276,401.831,4419.0,807.276,1784589127500.0,5628.106
ss-68-600000,1784590325479.1694,1784590326231,1784590327500.0,1784590328307.2764,751.831,1269.0,807.276,1784589127500.0,2828.107
ss-84-600000,1784590316929.1746,1784590317831,1784590327500.0,1784590328307.2766,901.825,9669.0,807.277,1784589127500.0,11378.102
ss-83-600000,1784590321279.1746,1784590322031,1784590327500.0,1784590328307.2793,751.825,5469.0,807.279,1784589127500.0,7028.105
ss-73-600000,1784590320629.1726,1784590320981,1784590327500.0,1784590328307.2915,351.827,6519.0,807.292,1784589127500.0,7678.119
ss-29-600000,1784590320429.1672,1784590320981,1784590327500.0,1784590328307.292,551.833,6519.0,807.292,1784589127500.0,7878.125
ss-26-600000,1784590326829.19,1784590327281,1784590327500.0,1784590328307.2925,451.81,219.0,807.292,1784589127500.0,1478.103
ss-89-600000,1784590311779.1685,1784590312582,1784590327500.0,1784590328307.3037,802.832,14918.0,807.304,1784589127500.0,16528.135
ss-0-600000,1784590324479.1565,1784590325181,1784590327500.0,1784590328307.3042,701.844,2319.0,807.304,1784589127500.0,3828.148
ss-61-600000,1784590307529.1643,1784590308381,1784590327501.0,1784590328307.3044,851.836,19120.0,806.304,1784589127501.0,20778.14
ss-20-600000,1784590324329.1846,1784590325181,1784590327501.0,1784590328307.3315,851.815,2320.0,806.332,1784589127501.0,3978.147
ss-55-600000,1784590323279.1802,1784590324131,1784590327501.0,1784590328307.332,851.82,3370.0,806.332,1784589127501.0,5028.152
ss-48-600000,1784590310679.177,1784590311531,1784590327501.0,1784590328307.3323,851.823,15970.0,806.332,1784589127501.0,17628.155
ss-60-600000,1784590326779.1895,1784590327281,1784590327501.0,1784590328307.3325,501.811,220.0,806.333,1784589127501.0,1528.143
ss-54-600000,1784590319579.1804,1784590319931,1784590327501.0,1784590328307.3328,351.82,7570.0,806.333,1784589127501.0,8728.152
ss-3-600000,1784590323079.1687,1784590323081,1784590327501.0,1784590328307.333,1.831,4420.0,806.333,1784589127501.0,5228.164
ss-32-600000,1784590324629.1729,1784590325181,1784590327501.0,1784590328307.336,551.827,2320.0,806.336,1784589127501.0,3678.163
ss-5-600000,1784590324129.1626,1784590324131,1784590327501.0,1784590328307.3364,1.837,3370.0,806.336,1784589127501.0,4178.174
ss-10-600000,1784590308829.1897,1784590309431,1784590327501.0,1784590328307.3367,601.81,18070.0,806.337,1784589127501.0,19478.147
ss-80-600000,1784590326629.1729,1784590327281,1784590327501.0,1784590328307.3396,651.827,220.0,806.34,1784589127501.0,1678.167
ss-13-600000,1784590318029.1687,1784590318881,1784590327501.0,1784590328307.3398,851.831,8620.0,806.34,1784589127501.0,10278.171
ss-62-600000,1784590316529.1772,1784590316781,1784590327501.0,1784590328307.3425,251.823,10720.0,806.343,1784589127501.0,11778.165
ss-7-600000,1784590323329.1697,1784590324131,1784590327501.0,1784590328307.3447,801.83,3370.0,806.345,1784589127501.0,4978.175
ss-34-600000,1784590326279.1758,1784590327281,1784590327501.0,1784590328307.3472,1001.824,220.0,806.347,1784589127501.0,2028.171
ss-66-600000,1784590323179.172,1784590324131,1784590327501.0,1784590328307.3496,951.828,3370.0,806.35,1784589127501.0,5128.177
ss-18-600000,1784590322929.1716,1784590323081,1784590327501.0,1784590328307.3582,151.828,4420.0,806.358,1784589127501.0,5378.187
ss-71-600000,1784590325379.1682,1784590326231,1784590327501.0,1784590328307.3584,851.832,1270.0,806.358,1784589127501.0,2928.19
ss-76-600000,1784590327029.1704,1784590327281,1784590327501.0,1784590328307.365,251.83,220.0,806.365,1784589127501.0,1278.195
ss-8-600000,1784590325629.1753,1784590326231,1784590327501.0,1784590328307.3652,601.825,1270.0,806.365,1784589127501.0,2678.19
ss-46-600000,1784590321129.171,1784590322031,1784590327501.0,1784590328307.375,901.829,5470.0,806.375,1784589127501.0,7178.204
ss-94-600000,1784590317629.1946,1784590317831,1784590327501.0,1784590328307.3755,201.805,9670.0,806.375,1784589127501.0,10678.181
ss-65-600000,1784590323029.1917,1784590323081,1784590327501.0,1784590328307.3843,51.808,4420.0,806.384,1784589127501.0,5278.193
ss-43-600000,1784590326079.1902,1784590326231,1784590327501.0,1784590328307.385,151.81,1270.0,806.385,1784589127501.0,2228.195
ss-37-600000,1784590325329.1724,1784590326231,1784590327501.0,1784590328307.4116,901.828,1270.0,806.412,1784589127501.0,2978.239
ss-57-600000,1784590326879.1763,1784590327281,1784590327501.0,1784590328307.4165,401.824,220.0,806.417,1784589127501.0,1428.24
ss-42-600000,1784590319379.164,1784590319931,1784590327501.0,1784590328307.417,551.836,7570.0,806.417,1784589127501.0,8928.253
ss-39-600000,1784590321179.1697,1784590322031,1784590327502.0,1784590328307.5674,851.83,5471.0,805.567,1784589127502.0,7128.398
ss-69-600000,1784590315529.175,1784590315731,1784590327502.0,1784590328307.5679,201.825,11771.0,805.568,1784589127502.0,12778.393
ss-19-600000,1784590326129.1902,1784590326231,1784590327502.0,1784590328307.5684,101.81,1271.0,805.568,1784589127502.0,2178.378
ss-49-600000,1784590325529.1604,1784590326231,1784590327502.0,1784590328307.5688,701.84,1271.0,805.569,1784589127502.0,2778.408
ss-47-600000,1784590327129.166,1784590327281,1784590327506.0,1784590328307.569,151.834,225.0,801.569,1784589127506.0,1178.403
ss-11-600000,1784590326229.171,1784590326231,1784590327506.0,1784590328307.5696,1.829,1275.0,801.57,1784589127506.0,2078.399
ss-95-600000,1784590320979.171,1784590320981,1784590327506.0,1784590328307.5698,1.829,6525.0,801.57,1784589127506.0,7328.399
ss-93-600000,1784590310879.1777,1784590311531,1784590327506.0,1784590328307.5703,651.822,15975.0,801.57,1784589127506.0,17428.393
ss-36-600000,1784590325879.1711,1784590326231,1784590327507.0,1784590328307.5708,351.829,1276.0,800.571,1784589127507.0,2428.4
ss-99-600000,1784590306129.168,1784590306281,1784590327507.0,1784590328307.571,151.832,21226.0,800.571,1784589127507.0,22178.403
ss-96-600000,1784590327329.168,1784590327433,1784590327507.0,1784590328307.5715,103.832,74.0,800.572,1784589127507.0,978.404
ss-53-600000,1784590324579.188,1784590325181,1784590327507.0,1784590328307.5771,601.812,2326.0,800.577,1784589127507.0,3728.389
ss-22-600000,1784590325179.1653,1784590325181,1784590327507.0,1784590328307.5776,1.835,2326.0,800.578,1784589127507.0,3128.412
ss-40-600000,1784590307229.1687,1784590307331,1784590327507.0,1784590328307.5803,101.831,20176.0,800.58,1784589127507.0,21078.412
ss-78-600000,1784590317479.1628,1784590317831,1784590327507.0,1784590328307.5808,351.837,9676.0,800.581,1784589127507.0,10828.418
ss-27-600000,1784590327279.1672,1784590327281,1784590327507.0,1784590328307.5813,1.833,226.0,800.581,1784589127507.0,1028.414
ss-67-600000,1784590313679.17,1784590314681,1784590327507.0,1784590328307.5815,1001.83,12826.0,800.582,1784589127507.0,14628.412
ss-87-600000,1784590320079.1755,1784590320981,1784590327507.0,1784590328307.582,901.824,6526.0,800.582,1784589127507.0,8228.406
ss-25-600000,1784590322829.1768,1784590323081,1784590327507.0,1784590328307.5823,251.823,4426.0,800.582,1784589127507.0,5478.406
ss-33-600000,1784590307779.1724,1784590308381,1784590327507.0,1784590328307.5828,601.828,19126.0,800.583,1784589127507.0,20528.41
ss-88-600000,1784590322079.1692,1784590323081,1784590327507.0,1784590328307.583,1001.831,4426.0,800.583,1784589127507.0,6228.414
ss-24-600000,1784590325829.374,1784590326231,1784590327507.0,1784590328307.5835,401.626,1276.0,800.583,1784589127507.0,2478.209
ss-44-600000,1784590325729.173,1784590326231,1784590327507.0,1784590328307.5837,501.827,1276.0,800.584,1784589127507.0,2578.411
ss-90-660000,1784590326979.1687,1784590327281,1784590327507.0,1784590328307.5842,301.831,226.0,800.584,1784589067507.0,1328.416
ss-96-660000,1784590327329.168,1784590327433,1784590327507.0,1784590328307.5864,103.832,74.0,800.586,1784589067507.0,978.418
ss-64-660000,1784590321679.1555,1784590322031,1784590327507.0,1784590328307.587,351.844,5476.0,800.587,1784589067507.0,6628.431
ss-62-660000,1784590316529.1772,1784590316781,1784590327507.0,1784590328307.5874,251.823,10726.0,800.587,1784589067507.0,11778.41
ss-67-660000,1784590313679.17,1784590314681,1784590327507.0,1784590328307.5876,1001.83,12826.0,800.588,1784589067507.0,14628.418
ss-3-660000,1784590323079.1687,1784590323081,1784590327507.0,1784590328307.5964,1.831,4426.0,800.596,1784589067507.0,5228.428
ss-89-660000,1784590311779.1685,1784590312582,1784590327507.0,1784590328307.597,802.832,14925.0,800.597,1784589067507.0,16528.428
ss-86-660000,1784590327379.1711,1784590327433,1784590327507.0,1784590328307.5972,53.829,74.0,800.597,1784589067507.0,928.426
ss-31-660000,1784590327179.1711,1784590327281,1784590327507.0,1784590328307.5974,101.829,226.0,800.597,1784589067507.0,1128.426
ss-41-660000,1784590323479.1672,1784590324131,1784590327507.0,1784590328307.5977,651.833,3376.0,800.598,1784589067507.0,4828.43
ss-27-660000,1784590327279.1672,1784590327281,1784590327507.0,1784590328307.598,1.833,226.0,800.598,1784589067507.0,1028.431
ss-34-660000,1784590326279.1758,1784590327281,1784590327507.0,1784590328307.5981,1001.824,226.0,800.598,1784589067507.0,2028.422
ss-26-660000,1784590326829.19,1784590327281,1784590327508.0,1784590328307.5981,451.81,227.0,799.598,1784589067508.0,1478.408
ss-8-660000,1784590325629.1753,1784590326231,1784590327508.0,1784590328307.5986,601.825,1277.0,799.599,1784589067508.0,2678.423
ss-57-660000,1784590326879.1763,1784590327281,1784590327508.0,1784590328307.5989,401.824,227.0,799.599,1784589067508.0,1428.423
ss-70-660000,1784590322279.157,1784590323081,1784590327508.0,1784590328307.599,801.843,4427.0,799.599,1784589067508.0,6028.442
ss-23-660000,1784590325279.1807,1784590326231,1784590327508.0,1784590328307.5994,951.819,1277.0,799.599,1784589067508.0,3028.419
ss-83-660000,1784590321279.1746,1784590322031,1784590327508.0,1784590328307.6018,751.825,5477.0,799.602,1784589067508.0,7028.427
ss-6-660000,1784590324179.1748,1784590325181,1784590327508.0,1784590328307.6038,1001.825,2327.0,799.604,1784589067508.0,4128.429
ss-54-660000,1784590319579.1804,1784590319931,1784590327508.0,1784590328307.6042,351.82,7577.0,799.604,1784589067508.0,8728.424
ss-21-660000,1784590323629.1687,1784590324131,1784590327508.0,1784590328307.6045,501.831,3377.0,799.604,1784589067508.0,4678.436
ss-20-660000,1784590324329.1846,1784590325181,1784590327508.0,1784590328307.6047,851.815,2327.0,799.605,1784589067508.0,3978.42
ss-75-660000,1784590324379.1697,1784590325181,1784590327508.0,1784590328307.605,801.83,2327.0,799.605,1784589067508.0,3928.435
ss-40-660000,1784590307229.1687,1784590307331,1784590327508.0,1784590328307.6052,101.831,20177.0,799.605,1784589067508.0,21078.437
ss-99-660000,1784590306129.168,1784590306281,1784590327508.0,1784590328307.6055,151.832,21227.0,799.605,1784589067508.0,22178.438
ss-56-660000,1784590327079.155,1784590327281,1784590327508.0,1784590328307.6057,201.845,227.0,799.606,1784589067508.0,1228.451
ss-52-660000,1784590324929.1848,1784590325181,1784590327508.0,1784590328307.606,251.815,2327.0,799.606,1784589067508.0,3378.421
ss-19-660000,1784590326129.1902,1784590326231,1784590327508.0,1784590328307.6062,101.81,1277.0,799.606,1784589067508.0,2178.416
ss-25-660000,1784590322829.1768,1784590323081,1784590327508.0,1784590328307.611,251.823,4427.0,799.611,1784589067508.0,5478.434
ss-35-660000,1784590318379.17,1784590318881,1784590327508.0,1784590328307.6113,501.83,8627.0,799.611,1784589067508.0,9928.441
ss-81-660000,1784590312629.1748,1784590313631,1784590327508.0,1784590328307.6116,1001.825,13877.0,799.612,1784589067508.0,15678.437
ss-97-660000,1784590324079.1692,1784590324131,1784590327508.0,1784590328307.6118,51.831,3377.0,799.612,1784589067508.0,4228.443
ss-38-660000,1784590326729.188,1784590327281,1784590327508.0,1784590328307.612,551.812,227.0,799.612,1784589067508.0,1578.424
ss-63-660000,1784590324679.1765,1784590325181,1784590327508.0,1784590328307.6123,501.823,2327.0,799.612,1784589067508.0,3628.436
ss-51-660000,1784590326579.1697,1784590327281,1784590327508.0,1784590328307.6145,701.83,227.0,799.615,1784589067508.0,1728.445
ss-87-660000,1784590320079.1755,1784590320981,1784590327508.0,1784590328307.6196,901.824,6527.0,799.62,1784589067508.0,8228.444
ss-98-660000,1784590323429.1638,1784590324131,1784590327508.0,1784590328307.6199,701.836,3377.0,799.62,1784589067508.0,4878.456
ss-18-660000,1784590322929.1716,1784590323081,1784590327508.0,1784590328307.62,151.828,4427.0,799.62,1784589067508.0,5378.448
ss-32-660000,1784590324629.1729,1784590325181,1784590327508.0,1784590328307.6228,551.827,2327.0,799.623,1784589067508.0,3678.45
ss-36-660000,1784590325879.1711,1784590326231,1784590327508.0,1784590328307.623,351.829,1277.0,799.623,1784589067508.0,2428.452
ss-28-660000,1784590324279.1633,1784590325181,1784590327508.0,1784590328307.6409,901.837,2327.0,799.641,1784589067508.0,4028.478
ss-44-660000,1784590325729.173,1784590326231,1784590327508.0,1784590328307.6414,501.827,1277.0,799.641,1784589067508.0,2578.468
ss-17-660000,1784590313929.1636,1784590314681,1784590327508.0,1784590328307.6448,751.836,12827.0,799.645,1784589067508.0,14378.481
ss-73-660000,1784590320629.1726,1784590320981,1784590327508.0,1784590328307.6472,351.827,6527.0,799.647,1784589067508.0,7678.475
ss-66-660000,1784590323179.172,1784590324131,1784590327508.0,1784590328307.6514,951.828,3377.0,799.651,1784589067508.0,5128.479
ss-58-660000,1784590324529.1624,1784590325181,1784590327509.0,1784590328307.6519,651.838,2328.0,798.652,1784589067509.0,3778.49
ss-7-660000,1784590323329.1697,1784590324131,1784590327509.0,1784590328307.6885,801.83,3378.0,798.688,1784589067509.0,4978.519
ss-84-660000,1784590316929.1746,1784590317831,1784590327509.0,1784590328307.689,901.825,9678.0,798.689,1784589067509.0,11378.514
ss-14-660000,1784590325429.1687,1784590326231,1784590327509.0,1784590328307.6895,801.831,1278.0,798.689,1784589067509.0,2878.521
ss-0-660000,1784590324479.1565,1784590325181,1784590327509.0,1784590328307.6895,701.844,2328.0,798.689,1784589067509.0,3828.533
ss-74-660000,1784590326679.1685,1784590327281,1784590327509.0,1784590328307.6897,601.832,228.0,798.69,1784589067509.0,1628.521
ss-11-660000,1784590326229.171,1784590326231,1784590327509.0,1784590328307.69,1.829,1278.0,798.69,1784589067509.0,2078.519
ss-72-660000,1784590322629.1746,1784590323081,1784590327509.0,1784590328307.6902,451.825,4428.0,798.69,1784589067509.0,5678.516
ss-53-660000,1784590324579.188,1784590325181,1784590327509.0,1784590328307.7283,601.812,2328.0,798.728,1784589067509.0,3728.54
ss-61-660000,1784590307529.1643,1784590308381,1784590327509.0,1784590328307.729,851.836,19128.0,798.729,1784589067509.0,20778.565
ss-9-660000,1784590323129.1724,1784590324131,1784590327509.0,1784590328307.7295,1001.828,3378.0,798.729,1784589067509.0,5178.557
ss-50-660000,1784590324029.19,1784590324131,1784590327509.0,1784590328307.7297,101.81,3378.0,798.73,1784589067509.0,4278.54
ss-43-660000,1784590326079.1902,1784590326231,1784590327509.0,1784590328307.734,151.81,1278.0,798.734,1784589067509.0,2228.544
ss-77-660000,1784590327229.166,1784590327281,1784590327509.0,1784590328307.7341,51.834,228.0,798.734,1784589067509.0,1078.568
ss-22-660000,1784590325179.1653,1784590325181,1784590327509.0,1784590328307.7344,1.835,2328.0,798.734,1784589067509.0,3128.569
ss-4-660000,1784590325979.1868,1784590326231,1784590327509.0,1784590328307.7346,251.813,1278.0,798.735,1784589067509.0,2328.548
ss-45-660000,1784590325229.1772,1784590326231,1784590327509.0,1784590328307.7349,1001.823,1278.0,798.735,1784589067509.0,3078.558
ss-80-660000,1784590326629.1729,1784590327281,1784590327509.0,1784590328307.735,651.827,228.0,798.735,1784589067509.0,1678.562
ss-24-660000,1784590325829.374,1784590326231,1784590327509.0,1784590328307.7354,401.626,1278.0,798.735,1784589067509.0,2478.361
ss-55-660000,1784590323279.1802,1784590324131,1784590327509.0,1784590328307.7356,851.82,3378.0,798.736,1784589067509.0,5028.555
ss-95-660000,1784590320979.171,1784590320981,1784590327509.0,1784590328307.736,1.829,6528.0,798.736,1784589067509.0,7328.565
ss-93-660000,1784590310879.1777,1784590311531,1784590327509.0,1784590328307.7368,651.822,15978.0,798.737,1784589067509.0,17428.559
ss-12-660000,1784590323729.1763,1784590324131,1784590327509.0,1784590328307.7686,401.824,3378.0,798.769,1784589067509.0,4578.592
ss-82-660000,1784590322679.1694,1784590323081,1784590327509.0,1784590328307.769,401.831,4428.0,798.769,1784589067509.0,5628.6
ss-16-660000,1784590326929.1663,1784590327281,1784590327509.0,1784590328307.7693,351.834,228.0,798.769,1784589067509.0,1378.603
ss-85-660000,1784590326029.1904,1784590326231,1784590327509.0,1784590328307.773,201.81,1278.0,798.773,1784589067509.0,2278.583
ss-68-660000,1784590325479.1694,1784590326231,1784590327509.0,1784590328307.7732,751.831,1278.0,798.773,1784589067509.0,2828.604
ss-29-660000,1784590320429.1672,1784590320981,1784590327509.0,1784590328307.7734,551.833,6528.0,798.773,1784589067509.0,7878.606
ss-88-660000,1784590322079.1692,1784590323081,1784590327509.0,1784590328307.774,1001.831,4428.0,798.774,1784589067509.0,6228.605
ss-42-660000,1784590319379.164,1784590319931,1784590327509.0,1784590328307.848,551.836,7578.0,798.848,1784589067509.0,8928.684
ss-30-660000,1784590326429.1702,1784590327281,1784590327509.0,1784590328307.8494,851.83,228.0,798.849,1784589067509.0,1878.679
ss-60-660000,1784590326779.1895,1784590327281,1784590327510.0,1784590328307.8503,501.811,229.0,797.85,1784589067510.0,1528.661
ss-47-660000,1784590327129.166,1784590327281,1784590327510.0,1784590328307.8513,151.834,229.0,797.851,1784589067510.0,1178.685
ss-71-660000,1784590325379.1682,1784590326231,1784590327510.0,1784590328307.8518,851.832,1279.0,797.852,1784589067510.0,2928.684
ss-2-660000,1784590325079.1848,1784590325181,1784590327510.0,1784590328307.859,101.815,2329.0,797.859,1784589067510.0,3228.674
ss-94-660000,1784590317629.1946,1784590317831,1784590327510.0,1784590328307.8596,201.805,9679.0,797.86,1784589067510.0,10678.665
ss-1-660000,1784590323379.1724,1784590324131,1784590327510.0,1784590328307.86,751.828,3379.0,797.86,1784589067510.0,4928.688
ss-10-660000,1784590308829.1897,1784590309431,1784590327510.0,1784590328307.8606,601.81,18079.0,797.861,1784589067510.0,19478.671
ss-15-660000,1784590325679.1714,1784590326231,1784590327510.0,1784590328307.861,551.829,1279.0,797.861,1784589067510.0,2628.69
ss-33-660000,1784590307779.1724,1784590308381,1784590327510.0,1784590328307.8618,601.828,19129.0,797.862,1784589067510.0,20528.689
ss-39-660000,1784590321179.1697,1784590322031,1784590327510.0,1784590328307.8623,851.83,5479.0,797.862,1784589067510.0,7128.693
ss-13-660000,1784590318029.1687,1784590318881,1784590327510.0,1784590328307.8652,851.831,8629.0,797.865,1784589067510.0,10278.697
ss-92-660000,1784590322029.1648,1784590322031,1784590327510.0,1784590328307.8657,1.835,5479.0,797.866,1784589067510.0,6278.701
ss-48-660000,1784590310679.177,1784590311531,1784590327510.0,1784590328307.8662,851.823,15979.0,797.866,1784589067510.0,17628.689
ss-37-660000,1784590325329.1724,1784590326231,1784590327510.0,1784590328307.8667,901.828,1279.0,797.867,1784589067510.0,2978.694
ss-65-660000,1784590323029.1917,1784590323081,1784590327510.0,1784590328307.8672,51.808,4429.0,797.867,1784589067510.0,5278.676
ss-59-660000,1784590323229.1743,1784590324131,1784590327510.0,1784590328307.8674,901.826,3379.0,797.867,1784589067510.0,5078.693
ss-91-660000,1784590325029.161,1784590325181,1784590327510.0,1784590328307.868,151.839,2329.0,797.868,1784589067510.0,3278.707
ss-79-660000,1784590319929.169,1784590319931,1784590327510.0,1784590328307.8684,1.831,7579.0,797.868,1784589067510.0,8378.699
ss-76-660000,1784590327029.1704,1784590327281,1784590327510.0,1784590328307.869,251.83,229.0,797.869,1784589067510.0,1278.698
ss-46-660000,1784590321129.171,1784590322031,1784590327510.0,1784590328307.877,901.829,5479.0,797.877,1784589067510.0,7178.706
ss-69-660000,1784590315529.175,1784590315731,1784590327510.0,1784590328307.8774,201.825,11779.0,797.877,1784589067510.0,12778.702
ss-78-660000,1784590317479.1628,1784590317831,1784590327510.0,1784590328307.878,351.837,9679.0,797.878,1784589067510.0,10828.715
ss-49-660000,1784590325529.1604,1784590326231,1784590327510.0,1784590328307.8816,701.84,1279.0,797.882,1784589067510.0,2778.721
ss-5-660000,1784590324129.1626,1784590324131,1784590327510.0,1784590328307.882,1.837,3379.0,797.882,1784589067510.0,4178.719
ss-28-720000,1784590324279.1633,1784590325181,1784590327510.0,1784590328307.885,901.837,2329.0,797.885,1784589007510.0,4028.722
ss-96-720000,1784590327329.168,1784590327433,1784590327510.0,1784590328307.889,103.832,77.0,797.889,1784589007510.0,978.721
ss-57-720000,1784590326879.1763,1784590327281,1784590327510.0,1784590328307.8894,401.824,229.0,797.889,1784589007510.0,1428.713
ss-9-720000,1784590323129.1724,1784590324131,1784590327510.0,1784590328307.8901,1001.828,3379.0,797.89,1784589007510.0,5178.718
ss-74-720000,1784590326679.1685,1784590327281,1784590327510.0,1784590328307.8906,601.832,229.0,797.891,1784589007510.0,1628.722
ss-35-720000,1784590318379.17,1784590318881,1784590327510.0,1784590328307.8909,501.83,8629.0,797.891,1784589007510.0,9928.721
ss-88-720000,1784590322079.1692,1784590323081,1784590327510.0,1784590328307.8914,1001.831,4429.0,797.891,1784589007510.0,6228.722
ss-45-720000,1784590325229.1772,1784590326231,1784590327510.0,1784590328307.8943,1001.823,1279.0,797.894,1784589007510.0,3078.717
ss-21-720000,1784590323629.1687,1784590324131,1784590327510.0,1784590328307.8948,501.831,3379.0,797.895,1784589007510.0,4678.726
ss-40-720000,1784590307229.1687,1784590307331,1784590327510.0,1784590328307.9067,101.831,20179.0,797.907,1784589007510.0,21078.738
ss-97-720000,1784590324079.1692,1784590324131,1784590327510.0,1784590328307.9072,51.831,3379.0,797.907,1784589007510.0,4228.738
ss-19-720000,1784590326129.1902,1784590326231,1784590327511.0,1784590328307.9077,101.81,1280.0,796.908,1784589007511.0,2178.718
ss-62-720000,1784590316529.1772,1784590316781,1784590327511.0,1784590328307.9082,251.823,10730.0,796.908,1784589007511.0,11778.731
ss-90-720000,1784590326979.1687,1784590327281,1784590327511.0,1784590328307.9087,301.831,230.0,796.909,1784589007511.0,1328.74
ss-42-720000,1784590319379.164,1784590319931,1784590327511.0,1784590328307.9138,551.836,7580.0,796.914,1784589007511.0,8928.75
ss-15-720000,1784590325679.1714,1784590326231,1784590327511.0,1784590328307.9143,551.829,1280.0,796.914,1784589007511.0,2628.743
ss-37-720000,1784590325329.1724,1784590326231,1784590327511.0,1784590328307.9148,901.828,1280.0,796.915,1784589007511.0,2978.742
ss-22-720000,1784590325179.1653,1784590325181,1784590327511.0,1784590328307.9153,1.835,2330.0,796.915,1784589007511.0,3128.75
ss-64-720000,1784590321679.1555,1784590322031,1784590327511.0,1784590328307.9155,351.844,5480.0,796.916,1784589007511.0,6628.76
ss-27-720000,1784590327279.1672,1784590327281,1784590327511.0,1784590328307.916,1.833,230.0,796.916,1784589007511.0,1028.749
ss-34-720000,1784590326279.1758,1784590327281,1784590327511.0,1784590328307.9165,1001.824,230.0,796.917,1784589007511.0,2028.741
ss-83-720000,1784590321279.1746,1784590322031,1784590327511.0,1784590328307.9167,751.825,5480.0,796.917,1784589007511.0,7028.742
ss-13-720000,1784590318029.1687,1784590318881,1784590327511.0,1784590328307.921,851.831,8630.0,796.921,1784589007511.0,10278.752
ss-16-720000,1784590326929.1663,1784590327281,1784590327511.0,1784590328307.9214,351.834,230.0,796.921,1784589007511.0,1378.755
ss-84-720000,1784590316929.1746,1784590317831,1784590327511.0,1784590328307.9412,901.825,9680.0,796.941,1784589007511.0,11378.767
ss-67-720000,1784590313679.17,1784590314681,1784590327511.0,1784590328307.942,1001.83,12830.0,796.942,1784589007511.0,14628.772
ss-81-720000,1784590312629.1748,1784590313631,1784590327511.0,1784590328307.9492,1001.825,13880.0,796.949,1784589007511.0,15678.774
ss-25-720000,1784590322829.1768,1784590323081,1784590327511.0,1784590328307.9497,251.823,4430.0,796.95,1784589007511.0,5478.773
ss-69-720000,1784590315529.175,1784590315731,1784590327511.0,1784590328307.9502,201.825,11780.0,796.95,1784589007511.0,12778.775
ss-38-720000,1784590326729.188,1784590327281,1784590327511.0,1784590328307.9543,551.812,230.0,796.954,1784589007511.0,1578.766
ss-55-720000,1784590323279.1802,1784590324131,1784590327511.0,1784590328307.9548,851.82,3380.0,796.955,1784589007511.0,5028.775
ss-77-720000,1784590327229.166,1784590327281,1784590327511.0,1784590328308.0095,51.834,230.0,797.01,1784589007511.0,1078.844
ss-79-720000,1784590319929.169,1784590319931,1784590327511.0,1784590328308.0105,1.831,7580.0,797.01,1784589007511.0,8378.842
ss-43-720000,1784590326079.1902,1784590326231,1784590327511.0,1784590328308.0112,151.81,1280.0,797.011,1784589007511.0,2228.821
ss-14-720000,1784590325429.1687,1784590326231,1784590327511.0,1784590328308.0117,801.831,1280.0,797.012,1784589007511.0,2878.843
ss-94-720000,1784590317629.1946,1784590317831,1784590327511.0,1784590328308.0127,201.805,9680.0,797.013,1784589007511.0,10678.818
ss-26-720000,1784590326829.19,1784590327281,1784590327511.0,1784590328308.013,451.81,230.0,797.013,1784589007511.0,1478.823
ss-99-720000,1784590306129.168,1784590306281,1784590327511.0,1784590328308.0137,151.832,21230.0,797.014,1784589007511.0,22178.846
ss-5-720000,1784590324129.1626,1784590324131,1784590327511.0,1784590328308.0144,1.837,3380.0,797.014,1784589007511.0,4178.852
ss-56-720000,1784590327079.155,1784590327281,1784590327511.0,1784590328308.0151,201.845,230.0,797.015,1784589007511.0,1228.86
ss-4-720000,1784590325979.1868,1784590326231,1784590327511.0,1784590328308.0154,251.813,1280.0,797.015,1784589007511.0,2328.829
ss-63-720000,1784590324679.1765,1784590325181,1784590327511.0,1784590328308.0164,501.823,2330.0,797.016,1784589007511.0,3628.84
ss-59-720000,1784590323229.1743,1784590324131,1784590327511.0,1784590328308.0168,901.826,3380.0,797.017,1784589007511.0,5078.843
ss-70-720000,1784590322279.157,1784590323081,1784590327511.0,1784590328308.0173,801.843,4430.0,797.017,1784589007511.0,6028.86
ss-17-720000,1784590313929.1636,1784590314681,1784590327511.0,1784590328308.0178,751.836,12830.0,797.018,1784589007511.0,14378.854
ss-48-720000,1784590310679.177,1784590311531,1784590327511.0,1784590328308.0283,851.823,15980.0,797.028,1784589007511.0,17628.851
ss-58-720000,1784590324529.1624,1784590325181,1784590327511.0,1784590328308.0288,651.838,2330.0,797.029,1784589007511.0,3778.866
ss-71-720000,1784590325379.1682,1784590326231,1784590327511.0,1784590328308.0293,851.832,1280.0,797.029,1784589007511.0,2928.861
ss-92-720000,1784590322029.1648,1784590322031,1784590327511.0,1784590328308.0295,1.835,5480.0,797.03,1784589007511.0,6278.865
ss-24-720000,1784590325829.374,1784590326231,1784590327512.0,1784590328308.0334,401.626,1281.0,796.033,1784589007512.0,2478.659
ss-85-720000,1784590326029.1904,1784590326231,1784590327512.0,1784590328308.034,201.81,1281.0,796.034,1784589007512.0,2278.844
ss-52-720000,1784590324929.1848,1784590325181,1784590327512.0,1784590328308.0344,251.815,2331.0,796.034,1784589007512.0,3378.85
ss-86-720000,1784590327379.1711,1784590327433,1784590327512.0,1784590328308.0347,53.829,79.0,796.035,1784589007512.0,928.864
ss-82-720000,1784590322679.1694,1784590323081,1784590327512.0,1784590328308.0352,401.831,4431.0,796.035,1784589007512.0,5628.866
ss-53-720000,1784590324579.188,1784590325181,1784590327512.0,1784590328308.0356,601.812,2331.0,796.036,1784589007512.0,3728.848
ss-32-720000,1784590324629.1729,1784590325181,1784590327512.0,1784590328308.036,551.827,2331.0,796.036,1784589007512.0,3678.863
ss-54-720000,1784590319579.1804,1784590319931,1784590327512.0,1784590328308.0398,351.82,7581.0,796.04,1784589007512.0,8728.859
ss-49-720000,1784590325529.1604,1784590326231,1784590327512.0,1784590328308.0723,701.84,1281.0,796.072,1784589007512.0,2778.912
ss-80-720000,1784590326629.1729,1784590327281,1784590327512.0,1784590328308.0732,651.827,231.0,796.073,1784589007512.0,1678.9
ss-61-720000,1784590307529.1643,1784590308381,1784590327512.0,1784590328308.074,851.836,19131.0,796.074,1784589007512.0,20778.91
ss-73-720000,1784590320629.1726,1784590320981,1784590327512.0,1784590328308.0745,351.827,6531.0,796.074,1784589007512.0,7678.902
ss-68-720000,1784590325479.1694,1784590326231,1784590327512.0,1784590328308.075,751.831,1281.0,796.075,1784589007512.0,2828.906
ss-6-720000,1784590324179.1748,1784590325181,1784590327512.0,1784590328308.0754,1001.825,2331.0,796.075,1784589007512.0,4128.901
ss-23-720000,1784590325279.1807,1784590326231,1784590327512.0,1784590328308.0862,951.819,1281.0,796.086,1784589007512.0,3028.906
ss-11-720000,1784590326229.171,1784590326231,1784590327512.0,1784590328308.0903,1.829,1281.0,796.09,1784589007512.0,2078.919
ss-87-720000,1784590320079.1755,1784590320981,1784590327512.0,1784590328308.0908,901.824,6531.0,796.091,1784589007512.0,8228.915
ss-33-720000,1784590307779.1724,1784590308381,1784590327512.0,1784590328308.0916,601.828,19131.0,796.092,1784589007512.0,20528.919
ss-76-720000,1784590327029.1704,1784590327281,1784590327512.0,1784590328308.092,251.83,231.0,796.092,1784589007512.0,1278.922
ss-89-720000,1784590311779.1685,1784590312582,1784590327512.0,1784590328308.0923,802.832,14930.0,796.092,1784589007512.0,16528.924
ss-0-720000,1784590324479.1565,1784590325181,1784590327512.0,1784590328308.096,701.844,2331.0,796.096,1784589007512.0,3828.939
ss-20-720000,1784590324329.1846,1784590325181,1784590327512.0,1784590328308.0964,851.815,2331.0,796.096,1784589007512.0,3978.912
ss-1-720000,1784590323379.1724,1784590324131,1784590327512.0,1784590328308.0967,751.828,3381.0,796.097,1784589007512.0,4928.924
ss-98-720000,1784590323429.1638,1784590324131,1784590327512.0,1784590328308.139,701.836,3381.0,796.139,1784589007512.0,4878.975
ss-39-720000,1784590321179.1697,1784590322031,1784590327512.0,1784590328308.14,851.83,5481.0,796.14,1784589007512.0,7128.97
ss-66-720000,1784590323179.172,1784590324131,1784590327512.0,1784590328308.1443,951.828,3381.0,796.144,1784589007512.0,5128.972
ss-7-720000,1784590323329.1697,1784590324131,1784590327512.0,1784590328308.145,801.83,3381.0,796.145,1784589007512.0,4978.975
ss-18-720000,1784590322929.1716,1784590323081,1784590327512.0,1784590328308.1458,151.828,4431.0,796.146,1784589007512.0,5378.974
ss-3-720000,1784590323079.1687,1784590323081,1784590327512.0,1784590328308.1462,1.831,4431.0,796.146,1784589007512.0,5228.978
ss-65-720000,1784590323029.1917,1784590323081,1784590327512.0,1784590328308.1575,51.808,4431.0,796.157,1784589007512.0,5278.966
ss-29-720000,1784590320429.1672,1784590320981,1784590327512.0,1784590328308.158,551.833,6531.0,796.158,1784589007512.0,7878.991
ss-31-720000,1784590327179.1711,1784590327281,1784590327512.0,1784590328308.1584,101.829,231.0,796.158,1784589007512.0,1128.987
ss-46-720000,1784590321129.171,1784590322031,1784590327512.0,1784590328308.1587,901.829,5481.0,796.159,1784589007512.0,7178.988
ss-10-720000,1784590308829.1897,1784590309431,1784590327512.0,1784590328308.1592,601.81,18081.0,796.159,1784589007512.0,19478.969
ss-95-720000,1784590320979.171,1784590320981,1784590327512.0,1784590328308.1594,1.829,6531.0,796.159,1784589007512.0,7328.989
ss-12-720000,1784590323729.1763,1784590324131,1784590327512.0,1784590328308.1597,401.824,3381.0,796.16,1784589007512.0,4578.983
ss-41-720000,1784590323479.1672,1784590324131,1784590327512.0,1784590328308.1758,651.833,3381.0,796.176,1784589007512.0,4829.009
ss-8-720000,1784590325629.1753,1784590326231,1784590327512.0,1784590328308.1794,601.825,1281.0,796.179,1784589007512.0,2679.004
ss-93-720000,1784590310879.1777,1784590311531,1784590327512.0,1784590328308.1802,651.822,15981.0,796.18,1784589007512.0,17429.002
ss-75-720000,1784590324379.1697,1784590325181,1784590327512.0,1784590328308.1804,801.83,2331.0,796.18,1784589007512.0,3929.011
ss-91-720000,1784590325029.161,1784590325181,1784590327512.0,1784590328308.181,151.839,2331.0,796.181,1784589007512.0,3279.02
ss-72-720000,1784590322629.1746,1784590323081,1784590327513.0,1784590328308.1812,451.825,4432.0,795.181,1784589007513.0,5679.007
ss-60-720000,1784590326779.1895,1784590327281,1784590327513.0,1784590328308.186,501.811,232.0,795.186,1784589007513.0,1528.997
ss-30-720000,1784590326429.1702,1784590327281,1784590327513.0,1784590328308.1865,851.83,232.0,795.187,1784589007513.0,1879.016
ss-47-720000,1784590327129.166,1784590327281,1784590327513.0,1784590328308.1868,151.834,232.0,795.187,1784589007513.0,1179.021
ss-44-720000,1784590325729.173,1784590326231,1784590327513.0,1784590328308.1873,501.827,1282.0,795.187,1784589007513.0,2579.014
ss-2-720000,1784590325079.1848,1784590325181,1784590327513.0,1784590328308.1936,101.815,2332.0,795.194,1784589007513.0,3229.009
ss-78-720000,1784590317479.1628,1784590317831,1784590327513.0,1784590328308.194,351.837,9682.0,795.194,1784589007513.0,10829.031
ss-51-720000,1784590326579.1697,1784590327281,1784590327513.0,1784590328308.1946,701.83,232.0,795.195,1784589007513.0,1729.025
ss-50-720000,1784590324029.19,1784590324131,1784590327513.0,1784590328308.1948,101.81,3382.0,795.195,1784589007513.0,4279.005
ss-36-720000,1784590325879.1711,1784590326231,1784590327513.0,1784590328308.1953,351.829,1282.0,795.195,1784589007513.0,2429.024
ss-18-780000,1784590322929.1716,1784590323081,1784590327513.0,1784590328308.1987,151.828,4432.0,795.199,1784588947513.0,5379.027
ss-80-780000,1784590326629.1729,1784590327281,1784590327513.0,1784590328308.199,651.827,232.0,795.199,1784588947513.0,1679.026
ss-38-780000,1784590326729.188,1784590327281,1784590327513.0,1784590328308.274,551.812,232.0,795.274,1784588947513.0,1579.086
ss-28-780000,1784590324279.1633,1784590325181,1784590327513.0,1784590328308.2747,901.837,2332.0,795.275,1784588947513.0,4029.111
ss-52-780000,1784590324929.1848,1784590325181,1784590327513.0,1784590328308.275,251.815,2332.0,795.275,1784588947513.0,3379.09
ss-76-780000,1784590327029.1704,1784590327281,1784590327513.0,1784590328308.2754,251.83,232.0,795.275,1784588947513.0,1279.105
ss-43-780000,1784590326079.1902,1784590326231,1784590327513.0,1784590328308.276,151.81,1282.0,795.276,1784588947513.0,2229.086
ss-13-780000,1784590318029.1687,1784590318881,1784590327513.0,1784590328308.2761,851.831,8632.0,795.276,1784588947513.0,10279.107
ss-68-780000,1784590325479.1694,1784590326231,1784590327513.0,1784590328308.2764,751.831,1282.0,795.276,1784588947513.0,2829.107
ss-24-780000,1784590325829.374,1784590326231,1784590327513.0,1784590328308.2769,401.626,1282.0,795.277,1784588947513.0,2478.903
ss-1-780000,1784590323379.1724,1784590324131,1784590327513.0,1784590328308.277,751.828,3382.0,795.277,1784588947513.0,4929.105
ss-60-780000,1784590326779.1895,1784590327281,1784590327513.0,1784590328308.2776,501.811,232.0,795.278,1784588947513.0,1529.088
ss-92-780000,1784590322029.1648,1784590322031,1784590327513.0,1784590328308.2778,1.835,5482.0,795.278,1784588947513.0,6279.113
ss-71-780000,1784590325379.1682,1784590326231,1784590327513.0,1784590328308.278,851.832,1282.0,795.278,1784588947513.0,2929.11
ss-88-780000,1784590322079.1692,1784590323081,1784590327513.0,1784590328308.2786,1001.831,4432.0,795.279,1784588947513.0,6229.109
ss-3-780000,1784590323079.1687,1784590323081,1784590327513.0,1784590328308.2788,1.831,4432.0,795.279,1784588947513.0,5229.11
ss-8-780000,1784590325629.1753,1784590326231,1784590327513.0,1784590328308.2793,601.825,1282.0,795.279,1784588947513.0,2679.104
ss-29-780000,1784590320429.1672,1784590320981,1784590327513.0,1784590328308.2822,551.833,6532.0,795.282,1784588947513.0,7879.115
ss-44-780000,1784590325729.173,1784590326231,1784590327513.0,1784590328308.2917,501.827,1282.0,795.292,1784588947513.0,2579.119
ss-82-780000,1784590322679.1694,1784590323081,1784590327513.0,1784590328308.2922,401.831,4432.0,795.292,1784588947513.0,5629.123
ss-79-780000,1784590319929.169,1784590319931,1784590327513.0,1784590328308.2925,1.831,7582.0,795.292,1784588947513.0,8379.124
ss-78-780000,1784590317479.1628,1784590317831,1784590327513.0,1784590328308.293,351.837,9682.0,795.293,1784588947513.0,10829.13
ss-55-780000,1784590323279.1802,1784590324131,1784590327513.0,1784590328308.2932,851.82,3382.0,795.293,1784588947513.0,5029.113
ss-2-780000,1784590325079.1848,1784590325181,1784590327513.0,1784590328308.2935,101.815,2332.0,795.293,1784588947513.0,3229.109
ss-5-780000,1784590324129.1626,1784590324131,1784590327513.0,1784590328308.294,1.837,3382.0,795.294,1784588947513.0,4179.131
ss-22-780000,1784590325179.1653,1784590325181,1784590327513.0,1784590328308.2942,1.835,2332.0,795.294,1784588947513.0,3129.129
ss-19-780000,1784590326129.1902,1784590326231,1784590327513.0,1784590328308.2947,101.81,1282.0,795.295,1784588947513.0,2179.104
ss-59-780000,1784590323229.1743,1784590324131,1784590327513.0,1784590328308.3015,901.826,3382.0,795.302,1784588947513.0,5079.127
ss-47-780000,1784590327129.166,1784590327281,1784590327513.0,1784590328308.3018,151.834,232.0,795.302,1784588947513.0,1179.136
ss-26-780000,1784590326829.19,1784590327281,1784590327513.0,1784590328308.3052,451.81,232.0,795.305,1784588947513.0,1479.115
ss-45-780000,1784590325229.1772,1784590326231,1784590327513.0,1784590328308.3057,1001.823,1282.0,795.306,1784588947513.0,3079.128
ss-6-780000,1784590324179.1748,1784590325181,1784590327513.0,1784590328308.3062,1001.825,2332.0,795.306,1784588947513.0,4129.131
ss-87-780000,1784590320079.1755,1784590320981,1784590327513.0,1784590328308.3098,901.824,6532.0,795.31,1784588947513.0,8229.134
ss-72-780000,1784590322629.1746,1784590323081,1784590327513.0,1784590328308.3132,451.825,4432.0,795.313,1784588947513.0,5679.139
ss-85-780000,1784590326029.1904,1784590326231,1784590327513.0,1784590328308.3289,201.81,1282.0,795.329,1784588947513.0,2279.138
ss-34-780000,1784590326279.1758,1784590327281,1784590327513.0,1784590328308.329,1001.824,232.0,795.329,1784588947513.0,2029.153
ss-83-780000,1784590321279.1746,1784590322031,1784590327513.0,1784590328308.333,751.825,5482.0,795.333,1784588947513.0,7029.158
ss-65-780000,1784590323029.1917,1784590323081,1784590327513.0,1784590328308.3364,51.808,4432.0,795.336,1784588947513.0,5279.145
ss-41-780000,1784590323479.1672,1784590324131,1784590327514.0,1784590328308.3367,651.833,3383.0,794.337,1784588947514.0,4829.169
ss-57-780000,1784590326879.1763,1784590327281,1784590327514.0,1784590328308.34,401.824,233.0,794.34,1784588947514.0,1429.164
ss-64-780000,1784590321679.1555,1784590322031,1784590327514.0,1784590328308.3403,351.844,5483.0,794.34,1784588947514.0,6629.185
ss-77-780000,1784590327229.166,1784590327281,1784590327514.0,1784590328308.3435,51.834,233.0,794.344,1784588947514.0,1079.177
ss-27-780000,1784590327279.1672,1784590327281,1784590327514.0,1784590328308.3467,1.833,233.0,794.347,1784588947514.0,1029.179
ss-97-780000,1784590324079.1692,1784590324131,1784590327514.0,1784590328308.3499,51.831,3383.0,794.35,1784588947514.0,4229.181
ss-50-780000,1784590324029.19,1784590324131,1784590327514.0,1784590328308.3672,101.81,3383.0,794.367,1784588947514.0,4279.177
ss-42-780000,1784590319379.164,1784590319931,1784590327514.0,1784590328308.3752,551.836,7583.0,794.375,1784588947514.0,8929.211
ss-96-780000,1784590327329.168,1784590327433,1784590327514.0,1784590328308.3755,103.832,81.0,794.375,1784588947514.0,979.208
ss-74-780000,1784590326679.1685,1784590327281,1784590327514.0,1784590328308.376,601.832,233.0,794.376,1784588947514.0,1629.208
ss-54-780000,1784590319579.1804,1784590319931,1784590327514.0,1784590328308.3765,351.82,7583.0,794.376,1784588947514.0,8729.196
ss-25-780000,1784590322829.1768,1784590323081,1784590327514.0,1784590328308.377,251.823,4433.0,794.377,1784588947514.0,5479.2
ss-11-780000,1784590326229.171,1784590326231,1784590327514.0,1784590328308.4048,1.829,1283.0,794.405,1784588947514.0,2079.234
ss-94-780000,1784590317629.1946,1784590317831,1784590327514.0,1784590328308.4055,201.805,9683.0,794.406,1784588947514.0,10679.211
ss-31-780000,1784590327179.1711,1784590327281,1784590327514.0,1784590328308.492,101.829,233.0,794.492,1784588947514.0,1129.321
ss-15-780000,1784590325679.1714,1784590326231,1784590327514.0,1784590328308.493,551.829,1283.0,794.493,1784588947514.0,2629.322
ss-49-780000,1784590325529.1604,1784590326231,1784590327514.0,1784590328308.4934,701.84,1283.0,794.493,1784588947514.0,2779.333
ss-63-780000,1784590324679.1765,1784590325181,1784590327514.0,1784590328308.494,501.823,2333.0,794.494,1784588947514.0,3629.317
ss-12-780000,1784590323729.1763,1784590324131,1784590327514.0,1784590328308.4944,401.824,3383.0,794.494,1784588947514.0,4579.318
ss-14-780000,1784590325429.1687,1784590326231,1784590327514.0,1784590328308.4946,801.831,1283.0,794.495,1784588947514.0,2879.326
ss-0-780000,1784590324479.1565,1784590325181,1784590327514.0,1784590328308.5098,701.844,2333.0,794.51,1784588947514.0,3829.353
ss-35-780000,1784590318379.17,1784590318881,1784590327514.0,1784590328308.5103,501.83,8633.0,794.51,1784588947514.0,9929.34
ss-73-780000,1784590320629.1726,1784590320981,1784590327514.0,1784590328308.5107,351.827,6533.0,794.511,1784588947514.0,7679.338
ss-98-780000,1784590323429.1638,1784590324131,1784590327514.0,1784590328308.511,701.836,3383.0,794.511,1784588947514.0,4879.347
ss-66-780000,1784590323179.172,1784590324131,1784590327514.0,1784590328308.5115,951.828,3383.0,794.511,1784588947514.0,5129.339
ss-20-780000,1784590324329.1846,1784590325181,1784590327514.0,1784590328308.512,851.815,2333.0,794.512,1784588947514.0,3979.327
ss-7-780000,1784590323329.1697,1784590324131,1784590327514.0,1784590328308.5122,801.83,3383.0,794.512,1784588947514.0,4979.343
ss-46-780000,1784590321129.171,1784590322031,1784590327514.0,1784590328308.5127,901.829,5483.0,794.513,1784588947514.0,7179.342
ss-9-780000,1784590323129.1724,1784590324131,1784590327514.0,1784590328308.513,1001.828,3383.0,794.513,1784588947514.0,5179.341
ss-90-780000,1784590326979.1687,1784590327281,1784590327514.0,1784590328308.5132,301.831,233.0,794.513,1784588947514.0,1329.344
ss-30-780000,1784590326429.1702,1784590327281,1784590327514.0,1784590328308.5137,851.83,233.0,794.514,1784588947514.0,1879.344
ss-37-780000,1784590325329.1724,1784590326231,1784590327514.0,1784590328308.514,901.828,1283.0,794.514,1784588947514.0,2979.342
ss-32-780000,1784590324629.1729,1784590325181,1784590327514.0,1784590328308.5144,551.827,2333.0,794.514,1784588947514.0,3679.342
ss-16-780000,1784590326929.1663,1784590327281,1784590327514.0,1784590328308.517,351.834,233.0,794.517,1784588947514.0,1379.351
ss-39-780000,1784590321179.1697,1784590322031,1784590327514.0,1784590328308.5176,851.83,5483.0,794.518,1784588947514.0,7129.348
ss-36-780000,1784590325879.1711,1784590326231,1784590327514.0,1784590328308.5178,351.829,1283.0,794.518,1784588947514.0,2429.347
ss-86-780000,1784590327379.1711,1784590327433,1784590327514.0,1784590328308.5264,53.829,81.0,794.526,1784588947514.0,929.355
ss-53-780000,1784590324579.188,1784590325181,1784590327514.0,1784590328308.5269,601.812,2333.0,794.527,1784588947514.0,3729.339
ss-58-780000,1784590324529.1624,1784590325181,1784590327514.0,1784590328308.5273,651.838,2333.0,794.527,1784588947514.0,3779.365
ss-95-780000,1784590320979.171,1784590320981,1784590327514.0,1784590328308.5273,1.829,6533.0,794.527,1784588947514.0,7329.356
ss-70-780000,1784590322279.157,1784590323081,1784590327514.0,1784590328308.5276,801.843,4433.0,794.528,1784588947514.0,6029.371
ss-23-780000,1784590325279.1807,1784590326231,1784590327514.0,1784590328308.528,951.819,1283.0,794.528,1784588947514.0,3029.347
ss-56-780000,1784590327079.155,1784590327281,1784590327514.0,1784590328308.5283,201.845,233.0,794.528,1784588947514.0,1229.373
ss-4-780000,1784590325979.1868,1784590326231,1784590327514.0,1784590328308.5286,251.813,1283.0,794.529,1784588947514.0,2329.342
ss-21-780000,1784590323629.1687,1784590324131,1784590327515.0,1784590328308.5288,501.831,3384.0,793.529,1784588947515.0,4679.36
ss-75-780000,1784590324379.1697,1784590325181,1784590327515.0,1784590328308.5315,801.83,2334.0,793.531,1784588947515.0,3929.362
ss-51-780000,1784590326579.1697,1784590327281,1784590327515.0,1784590328308.5317,701.83,234.0,793.532,1784588947515.0,1729.362
ss-91-780000,1784590325029.161,1784590325181,1784590327515.0,1784590328308.532,151.839,2334.0,793.532,1784588947515.0,3279.371
