event_id,t0_ms,t1_ms,t2_ms,t3_ms,write_to_input_append_latency_ms,input_append_to_result_emission_latency_ms,l_visibility_ms,l_closure_ms,latency_ms
e-0,1784557187897.9307,1784557190591,1784557190619.0,1784557191000.5916,2693.069,28.0,381.592,,3102.661
e-1,1784557187949.132,1784557190591,1784557190636.0,1784557191000.596,2641.868,45.0,364.596,,3051.464
e-2,1784557187997.9944,1784557190591,1784557190636.0,1784557191000.5972,2593.006,45.0,364.597,,3002.603
e-3,1784557188048.012,1784557190591,1784557190636.0,1784557191000.5984,2542.988,45.0,364.598,,2952.586
e-4,1784557188097.9976,1784557190591,1784557190636.0,1784557191000.5994,2493.002,45.0,364.599,,2902.602
e-5,1784557188147.9902,1784557190591,1784557190636.0,1784557191000.6006,2443.01,45.0,364.601,,2852.61
e-6,1784557188198.0056,1784557190591,1784557190637.0,1784557191000.6016,2392.994,46.0,363.602,,2802.596
e-7,1784557188248.0022,1784557190591,1784557190637.0,1784557191000.6147,2342.998,46.0,363.615,,2752.613
e-8,1784557188297.9924,1784557190591,1784557190637.0,1784557191000.616,2293.008,46.0,363.616,,2702.624
e-9,1784557188348.0027,1784557190591,1784557190637.0,1784557191000.6172,2242.997,46.0,363.617,,2652.615
e-10,1784557188397.995,1784557190591,1784557190637.0,1784557191000.6177,2193.005,46.0,363.618,,2602.623
e-11,1784557188448.0037,1784557190591,1784557190637.0,1784557191000.6182,2142.996,46.0,363.618,,2552.615
e-12,1784557188497.9875,1784557190591,1784557190637.0,1784557191000.6187,2093.012,46.0,363.619,,2502.631
e-13,1784557188548.0012,1784557190591,1784557190637.0,1784557191000.634,2042.999,46.0,363.634,,2452.633
e-14,1784557188597.9985,1784557190591,1784557190638.0,1784557191000.6401,1993.001,47.0,362.64,,2402.642
e-15,1784557188648.0208,1784557190591,1784557190638.0,1784557191000.6409,1942.979,47.0,362.641,,2352.62
e-16,1784557188698.0107,1784557190591,1784557190638.0,1784557191000.6416,1892.989,47.0,362.642,,2302.631
e-17,1784557188747.9963,1784557190591,1784557190638.0,1784557191000.6423,1843.004,47.0,362.642,,2252.646
e-18,1784557188797.9937,1784557190591,1784557190638.0,1784557191000.643,1793.006,47.0,362.643,,2202.649
e-19,1784557188847.9963,1784557190591,1784557190638.0,1784557191000.6438,1743.004,47.0,362.644,,2152.647
e-20,1784557188897.9944,1784557190591,1784557190638.0,1784557191000.6445,1693.006,47.0,362.645,,2102.65
e-21,1784557188948.0093,1784557190591,1784557190638.0,1784557191000.6453,1642.991,47.0,362.645,,2052.636
e-22,1784557188998.0,1784557190591,1784557190639.0,1784557191000.646,1593.0,48.0,361.646,,2002.646
e-23,1784557189048.005,1784557190591,1784557190639.0,1784557191000.6467,1542.995,48.0,361.647,,1952.642
e-24,1784557189098.2993,1784557190591,1784557190639.0,1784557191000.6475,1492.701,48.0,361.647,,1902.348
e-25,1784557189148.0583,1784557190591,1784557190639.0,1784557191000.6558,1442.942,48.0,361.656,,1852.597
e-26,1784557189197.9968,1784557190591,1784557190639.0,1784557191000.6565,1393.003,48.0,361.656,,1802.66
e-27,1784557189247.9968,1784557190591,1784557190639.0,1784557191000.657,1343.003,48.0,361.657,,1752.66
e-28,1784557189298.0059,1784557190591,1784557190639.0,1784557191000.6577,1292.994,48.0,361.658,,1702.652
e-29,1784557189348.01,1784557190591,1784557190639.0,1784557191000.6582,1242.99,48.0,361.658,,1652.648
e-30,1784557189397.9963,1784557190591,1784557190640.0,1784557191000.67,1193.004,49.0,360.67,,1602.674
e-31,1784557189448.013,1784557190591,1784557190640.0,1784557191000.676,1142.987,49.0,360.676,,1552.663
e-32,1784557189498.002,1784557190591,1784557190640.0,1784557191000.6902,1092.998,49.0,360.69,,1502.688
e-33,1784557189548.0037,1784557190591,1784557190640.0,1784557191000.6917,1042.996,49.0,360.692,,1452.688
e-34,1784557189598.0095,1784557190591,1784557190640.0,1784557191000.7178,992.99,49.0,360.718,,1402.708
e-35,1784557189647.9966,1784557190591,1784557190640.0,1784557191000.7285,943.003,49.0,360.729,,1352.732
e-36,1784557189698.0002,1784557190591,1784557190640.0,1784557191000.8389,893.0,49.0,360.839,,1302.839
e-37,1784557189748.0225,1784557190591,1784557190640.0,1784557191000.8396,842.978,49.0,360.84,,1252.817
e-38,1784557189798.0078,1784557190591,1784557190640.0,1784557191000.8398,792.992,49.0,360.84,,1202.832
e-39,1784557189847.9946,1784557190591,1784557190641.0,1784557191000.8403,743.005,50.0,359.84,,1152.846
e-40,1784557189897.9995,1784557190591,1784557190641.0,1784557191000.8406,693.0,50.0,359.841,,1102.841
e-41,1784557189948.0183,1784557190591,1784557190641.0,1784557191000.8416,642.982,50.0,359.842,,1052.823
e-42,1784557189998.0283,1784557190591,1784557190641.0,1784557191000.8696,592.972,50.0,359.87,,1002.841
e-43,1784557190048.004,1784557190591,1784557190641.0,1784557191000.87,542.996,50.0,359.87,,952.866
e-44,1784557190098.0093,1784557190591,1784557190641.0,1784557191000.9966,492.991,50.0,359.997,,902.987
e-45,1784557190148.0083,1784557190591,1784557190641.0,1784557191000.997,442.992,50.0,359.997,,852.989
e-46,1784557190198.004,1784557190591,1784557190641.0,1784557191000.9973,392.996,50.0,359.997,,802.993
e-47,1784557190248.228,1784557190591,1784557190641.0,1784557191001.0032,342.772,50.0,360.003,,752.775
e-48,1784557190297.9983,1784557190591,1784557190641.0,1784557191001.0034,293.002,50.0,360.003,,703.005
e-49,1784557190348.0017,1784557190591,1784557190642.0,1784557191001.004,242.998,51.0,359.004,,653.002
e-50,1784557190397.999,1784557190591,1784557190642.0,1784557191001.0042,193.001,51.0,359.004,,603.005
e-51,1784557190448.0032,1784557190591,1784557190642.0,1784557191001.005,142.997,51.0,359.005,,553.002
e-52,1784557190497.9988,1784557190591,1784557190642.0,1784557191001.202,93.001,51.0,359.202,,503.203
e-53,1784557190547.9968,1784557190591,1784557190642.0,1784557191001.2031,43.003,51.0,359.203,,453.206
e-54,1784557190597.9937,1784557191601,1784557191610.0,1784557192041.3823,1003.006,9.0,431.382,,1443.389
e-55,1784557190647.993,1784557191601,1784557191610.0,1784557192041.3853,953.007,9.0,431.385,,1393.392
e-56,1784557190697.9973,1784557191601,1784557191611.0,1784557192041.3862,903.003,10.0,430.386,,1343.389
e-57,1784557190748.0056,1784557191601,1784557191611.0,1784557192041.3994,852.994,10.0,430.399,,1293.394
e-58,1784557190798.01,1784557191601,1784557191611.0,1784557192041.4004,802.99,10.0,430.4,,1243.39
e-59,1784557190848.0107,1784557191601,1784557191611.0,1784557192041.401,752.989,10.0,430.401,,1193.39
e-60,1784557190898.0088,1784557191601,1784557191612.0,1784557192041.4016,702.991,11.0,429.402,,1143.393
e-61,1784557190947.9983,1784557191601,1784557191612.0,1784557192041.402,653.002,11.0,429.402,,1093.404
e-62,1784557190998.0012,1784557191601,1784557191612.0,1784557192041.4026,602.999,11.0,429.403,,1043.401
e-63,1784557191048.013,1784557191601,1784557191612.0,1784557192041.4033,552.987,11.0,429.403,,993.39
e-64,1784557191098.0,1784557191601,1784557191613.0,1784557192041.4043,503.0,12.0,428.404,,943.404
e-65,1784557191147.995,1784557191601,1784557191613.0,1784557192041.426,453.005,12.0,428.426,,893.431
e-66,1784557191198.0007,1784557191601,1784557191613.0,1784557192041.4265,402.999,12.0,428.427,,843.426
e-67,1784557191248.0146,1784557191601,1784557191613.0,1784557192041.427,352.985,12.0,428.427,,793.412
e-68,1784557191297.9988,1784557191601,1784557191613.0,1784557192041.4277,303.001,12.0,428.428,,743.429
e-69,1784557191347.9993,1784557191601,1784557191613.0,1784557192041.4456,253.001,12.0,428.446,,693.446
e-70,1784557191398.0046,1784557191601,1784557191613.0,1784557192041.446,202.995,12.0,428.446,,643.441
e-71,1784557191447.992,1784557191601,1784557191613.0,1784557192041.4465,153.008,12.0,428.447,,593.455
e-72,1784557191498.006,1784557191601,1784557191614.0,1784557192041.6123,102.994,13.0,427.612,,543.606
e-73,1784557191548.001,1784557191601,1784557191614.0,1784557192041.6155,52.999,13.0,427.615,,493.615
e-74,1784557191597.9985,1784557191601,1784557191614.0,1784557192041.6165,3.001,13.0,427.616,,443.618
e-75,1784557191648.0024,1784557192651,1784557192656.0,1784557193091.1648,1002.998,5.0,435.165,,1443.162
e-76,1784557191697.9995,1784557192651,1784557192656.0,1784557193091.1675,953.0,5.0,435.167,,1393.168
e-77,1784557191748.0056,1784557192651,1784557192657.0,1784557193091.1697,902.994,6.0,434.17,,1343.164
e-78,1784557191797.9983,1784557192651,1784557192657.0,1784557193091.1812,853.002,6.0,434.181,,1293.183
e-79,1784557191848.005,1784557192651,1784557192657.0,1784557193091.1816,802.995,6.0,434.182,,1243.177
e-80,1784557191897.9988,1784557192651,1784557192657.0,1784557193091.1821,753.001,6.0,434.182,,1193.183
e-81,1784557191948.0034,1784557192651,1784557192658.0,1784557193091.1824,702.997,7.0,433.182,,1143.179
e-82,1784557191997.9966,1784557192651,1784557192658.0,1784557193091.1975,653.003,7.0,433.198,,1093.201
e-83,1784557192047.9731,1784557192651,1784557192658.0,1784557193091.1978,603.027,7.0,433.198,,1043.225
e-84,1784557192098.003,1784557192651,1784557192658.0,1784557193091.198,552.997,7.0,433.198,,993.195
e-85,1784557192148.0063,1784557192651,1784557192659.0,1784557193091.1982,502.994,8.0,432.198,,943.192
e-86,1784557192198.1963,1784557192651,1784557192659.0,1784557193091.1985,452.804,8.0,432.198,,893.002
e-87,1784557192248.013,1784557192651,1784557192659.0,1784557193091.1987,402.987,8.0,432.199,,843.186
e-88,1784557192298.0032,1784557192651,1784557192659.0,1784557193091.1992,352.997,8.0,432.199,,793.196
e-89,1784557192347.9998,1784557192651,1784557192660.0,1784557193091.2024,303.0,9.0,431.202,,743.203
e-90,1784557192398.0144,1784557192651,1784557192660.0,1784557193091.2026,252.986,9.0,431.203,,693.188
e-91,1784557192447.9937,1784557192651,1784557192660.0,1784557193091.205,203.006,9.0,431.205,,643.211
e-92,1784557192498.0127,1784557192651,1784557192660.0,1784557193091.2053,152.987,9.0,431.205,,593.193
e-93,1784557192547.9949,1784557192651,1784557192660.0,1784557193091.2427,103.005,9.0,431.243,,543.248
e-94,1784557192598.0154,1784557192651,1784557192661.0,1784557193091.243,52.985,10.0,430.243,,493.228
e-95,1784557192647.9993,1784557192651,1784557192661.0,1784557193091.2432,3.001,10.0,430.243,,443.244
e-96,1784557192697.9944,1784557193701,1784557193708.0,1784557194149.879,1003.006,7.0,441.879,,1451.885
e-97,1784557192747.999,1784557193701,1784557193708.0,1784557194149.8828,953.001,7.0,441.883,,1401.884
e-98,1784557192797.997,1784557193701,1784557193708.0,1784557194149.8843,903.003,7.0,441.884,,1351.887
e-99,1784557192847.9983,1784557193701,1784557193708.0,1784557194149.8994,853.002,7.0,441.899,,1301.901
e-100,1784557192897.999,1784557193701,1784557193708.0,1784557194149.9004,803.001,7.0,441.9,,1251.901
e-101,1784557192948.0012,1784557193701,1784557193708.0,1784557194149.901,752.999,7.0,441.901,,1201.9
e-102,1784557192997.997,1784557193701,1784557193709.0,1784557194149.9019,703.003,8.0,440.902,,1151.905
e-103,1784557193048.0007,1784557193701,1784557193709.0,1784557194149.9026,652.999,8.0,440.903,,1101.902
e-104,1784557193097.9976,1784557193701,1784557193709.0,1784557194149.903,603.002,8.0,440.903,,1051.906
e-105,1784557193147.9966,1784557193701,1784557193709.0,1784557194149.9033,553.003,8.0,440.903,,1001.907
e-106,1784557193197.9958,1784557193701,1784557193709.0,1784557194149.9043,503.004,8.0,440.904,,951.908
e-107,1784557193247.9924,1784557193701,1784557193709.0,1784557194149.9045,453.008,8.0,440.905,,901.912
e-108,1784557193298.0142,1784557193701,1784557193709.0,1784557194149.9053,402.986,8.0,440.905,,851.891
e-109,1784557193348.0193,1784557193701,1784557193709.0,1784557194149.9106,352.981,8.0,440.911,,801.891
e-110,1784557193398.0068,1784557193701,1784557193709.0,1784557194149.9116,302.993,8.0,440.912,,751.905
e-111,1784557193448.0144,1784557193701,1784557193710.0,1784557194149.912,252.986,9.0,439.912,,701.898
e-112,1784557193498.008,1784557193701,1784557193710.0,1784557194149.913,202.992,9.0,439.913,,651.905
e-113,1784557193548.007,1784557193701,1784557193710.0,1784557194149.9136,152.993,9.0,439.914,,601.906
e-114,1784557193598.0042,1784557193701,1784557193710.0,1784557194149.914,102.996,9.0,439.914,,551.91
e-115,1784557193647.998,1784557193701,1784557193710.0,1784557194149.9143,53.002,9.0,439.914,,501.916
e-116,1784557193698.0044,1784557193701,1784557193710.0,1784557194149.9148,2.996,9.0,439.915,,451.91
e-117,1784557193747.9934,1784557194751,1784557194757.0,1784557195182.5225,1003.007,6.0,425.522,,1434.529
e-118,1784557193797.9988,1784557194751,1784557194758.0,1784557195182.5254,953.001,7.0,424.525,,1384.527
e-119,1784557193847.9941,1784557194751,1784557194758.0,1784557195182.5261,903.006,7.0,424.526,,1334.532
e-120,1784557193898.2021,1784557194751,1784557194758.0,1784557195182.5457,852.798,7.0,424.546,,1284.344
e-121,1784557193947.994,1784557194751,1784557194758.0,1784557195182.5461,803.006,7.0,424.546,,1234.552
e-122,1784557193999.6367,1784557194751,1784557194758.0,1784557195182.5466,751.363,7.0,424.547,,1182.91
e-123,1784557194048.001,1784557194751,1784557194758.0,1784557195182.547,702.999,7.0,424.547,,1134.546
e-124,1784557194097.996,1784557194751,1784557194759.0,1784557195182.5476,653.004,8.0,423.548,,1084.552
e-125,1784557194148.0112,1784557194751,1784557194759.0,1784557195182.548,602.989,8.0,423.548,,1034.537
e-126,1784557194198.0027,1784557194751,1784557194759.0,1784557195182.549,552.997,8.0,423.549,,984.546
e-127,1784557194247.9956,1784557194751,1784557194759.0,1784557195182.5645,503.004,8.0,423.564,,934.569
e-128,1784557194297.9844,1784557194751,1784557194759.0,1784557195182.5652,453.016,8.0,423.565,,884.581
e-129,1784557194348.0037,1784557194751,1784557194759.0,1784557195182.567,402.996,8.0,423.567,,834.563
e-130,1784557194398.013,1784557194751,1784557194760.0,1784557195182.5674,352.987,9.0,422.567,,784.554
e-131,1784557194448.0176,1784557194751,1784557194760.0,1784557195182.5676,302.982,9.0,422.568,,734.55
e-132,1784557194497.9993,1784557194751,1784557194760.0,1784557195182.568,253.001,9.0,422.568,,684.569
e-133,1784557194547.9963,1784557194751,1784557194760.0,1784557195182.5686,203.004,9.0,422.569,,634.572
e-134,1784557194597.999,1784557194751,1784557194760.0,1784557195182.6833,153.001,9.0,422.683,,584.684
e-135,1784557194648.0093,1784557194751,1784557194760.0,1784557195182.686,102.991,9.0,422.686,,534.677
e-136,1784557194698.008,1784557194751,1784557194761.0,1784557195182.6868,52.992,10.0,421.687,,484.679
e-137,1784557194747.9995,1784557194751,1784557194761.0,1784557195182.6873,3.0,10.0,421.687,,434.688
e-138,1784557194797.998,1784557195801,1784557195807.0,1784557196242.822,1003.002,6.0,435.822,,1444.824
e-139,1784557194847.9946,1784557195801,1784557195807.0,1784557196242.8245,953.005,6.0,435.824,,1394.83
e-140,1784557194898.0046,1784557195801,1784557195807.0,1784557196242.825,902.995,6.0,435.825,,1344.82
e-141,1784557194947.999,1784557195801,1784557195807.0,1784557196242.8254,853.001,6.0,435.825,,1294.826
e-142,1784557194997.999,1784557195801,1784557195808.0,1784557196242.8345,803.001,7.0,434.834,,1244.835
e-143,1784557195047.9941,1784557195801,1784557195817.0,1784557196242.835,753.006,16.0,425.835,,1194.841
e-144,1784557195097.9934,1784557195801,1784557195818.0,1784557196242.8354,703.007,17.0,424.835,,1144.842
e-145,1784557195147.997,1784557195801,1784557195818.0,1784557196242.8357,653.003,17.0,424.836,,1094.839
e-146,1784557195198.005,1784557195801,1784557195818.0,1784557196242.847,602.995,17.0,424.847,,1044.842
e-147,1784557195247.9941,1784557195801,1784557195818.0,1784557196242.8474,553.006,17.0,424.847,,994.853
e-148,1784557195299.5415,1784557195801,1784557195818.0,1784557196242.848,501.458,17.0,424.848,,943.306
e-149,1784557195347.9995,1784557195801,1784557195819.0,1784557196242.849,453.0,18.0,423.849,,894.85
e-150,1784557195398.0,1784557195801,1784557195819.0,1784557196242.8496,403.0,18.0,423.85,,844.85
e-151,1784557195447.992,1784557195801,1784557195819.0,1784557196242.8499,353.008,18.0,423.85,,794.858
e-152,1784557195497.9954,1784557195801,1784557195819.0,1784557196242.85,303.005,18.0,423.85,,744.855
e-153,1784557195547.9927,1784557195801,1784557195819.0,1784557196242.8503,253.007,18.0,423.85,,694.858
e-154,1784557195597.9963,1784557195801,1784557195819.0,1784557196242.8508,203.004,18.0,423.851,,644.854
e-155,1784557195647.9648,1784557195801,1784557195819.0,1784557196242.9106,153.035,18.0,423.911,,594.946
e-156,1784557195698.0,1784557195801,1784557195819.0,1784557196242.9111,103.0,18.0,423.911,,544.911
e-157,1784557195747.9885,1784557195801,1784557195820.0,1784557196242.9116,53.011,19.0,422.912,,494.923
e-158,1784557195797.9922,1784557195801,1784557195820.0,1784557196242.9119,3.008,19.0,422.912,,444.92
e-159,1784557195847.9944,1784557196851,1784557196856.0,1784557197281.9001,1003.006,5.0,425.9,,1433.906
e-160,1784557195897.9927,1784557196851,1784557196856.0,1784557197281.9038,953.007,5.0,425.904,,1383.911
e-161,1784557195947.9941,1784557196851,1784557196856.0,1784557197281.9048,903.006,5.0,425.905,,1333.911
e-162,1784557195998.004,1784557196851,1784557196857.0,1784557197281.9058,852.996,6.0,424.906,,1283.902
e-163,1784557196048.0073,1784557196851,1784557196857.0,1784557197281.9219,802.993,6.0,424.922,,1233.915
e-164,1784557196097.9922,1784557196851,1784557196857.0,1784557197281.9229,753.008,6.0,424.923,,1183.931
e-165,1784557196147.9973,1784557196851,1784557196857.0,1784557197281.9236,703.003,6.0,424.924,,1133.926
e-166,1784557196197.9946,1784557196851,1784557196857.0,1784557197281.9243,653.005,6.0,424.924,,1083.93
e-167,1784557196247.9932,1784557196851,1784557196857.0,1784557197281.9248,603.007,6.0,424.925,,1033.932
e-168,1784557196297.9812,1784557196851,1784557196857.0,1784557197281.9258,553.019,6.0,424.926,,983.945
e-169,1784557196347.9932,1784557196851,1784557196858.0,1784557197281.9263,503.007,7.0,423.926,,933.933
e-170,1784557196397.9966,1784557196851,1784557196858.0,1784557197281.9272,453.003,7.0,423.927,,883.931
e-171,1784557196447.995,1784557196851,1784557196858.0,1784557197281.928,403.005,7.0,423.928,,833.933
e-172,1784557196497.9927,1784557196851,1784557196858.0,1784557197281.9485,353.007,7.0,423.948,,783.956
e-173,1784557196547.9963,1784557196851,1784557196858.0,1784557197281.951,303.004,7.0,423.951,,733.955
e-174,1784557196597.9922,1784557196851,1784557196858.0,1784557197281.952,253.008,7.0,423.952,,683.96
e-175,1784557196647.9922,1784557196851,1784557196858.0,1784557197281.9526,203.008,7.0,423.953,,633.96
e-176,1784557196697.9949,1784557196851,1784557196858.0,1784557197281.9531,153.005,7.0,423.953,,583.958
e-177,1784557196747.9941,1784557196851,1784557196859.0,1784557197281.954,103.006,8.0,422.954,,533.96
e-178,1784557196797.994,1784557196851,1784557196859.0,1784557197281.9612,53.006,8.0,422.961,,483.967
e-179,1784557196847.9995,1784557196851,1784557196859.0,1784557197281.9622,3.0,8.0,422.962,,433.963
e-180,1784557196898.0002,1784557197901,1784557197906.0,1784557198330.266,1003.0,5.0,424.266,,1432.266
e-181,1784557196948.0005,1784557197901,1784557197906.0,1784557198330.2698,953.0,5.0,424.27,,1382.269
e-182,1784557196997.9976,1784557197901,1784557197906.0,1784557198330.2705,903.002,5.0,424.271,,1332.273
e-183,1784557197048.001,1784557197901,1784557197906.0,1784557198330.271,852.999,5.0,424.271,,1282.27
e-184,1784557197098.0046,1784557197901,1784557197907.0,1784557198330.28,802.995,6.0,423.28,,1232.275
e-185,1784557197147.9976,1784557197901,1784557197907.0,1784557198330.2803,753.002,6.0,423.28,,1182.283
e-186,1784557197197.9995,1784557197901,1784557197907.0,1784557198330.2808,703.0,6.0,423.281,,1132.281
e-187,1784557197247.9995,1784557197901,1784557197907.0,1784557198330.281,653.0,6.0,423.281,,1082.281
e-188,1784557197297.9995,1784557197901,1784557197907.0,1784557198330.2812,603.0,6.0,423.281,,1032.282
e-189,1784557197347.9944,1784557197901,1784557197907.0,1784557198330.2817,553.006,6.0,423.282,,982.287
e-190,1784557197397.985,1784557197901,1784557197907.0,1784557198330.282,503.015,6.0,423.282,,932.297
e-191,1784557197447.9937,1784557197901,1784557197907.0,1784557198330.2825,453.006,6.0,423.282,,882.289
e-192,1784557197497.996,1784557197901,1784557197907.0,1784557198330.2827,403.004,6.0,423.283,,832.287
e-193,1784557197547.9954,1784557197901,1784557197907.0,1784557198330.283,353.005,6.0,423.283,,782.288
e-194,1784557197597.9983,1784557197901,1784557197907.0,1784557198330.2834,303.002,6.0,423.283,,732.285
e-195,1784557197647.9968,1784557197901,1784557197907.0,1784557198330.2837,253.003,6.0,423.284,,682.287
e-196,1784557197697.9932,1784557197901,1784557197908.0,1784557198330.284,203.007,7.0,422.284,,632.291
e-197,1784557197747.9868,1784557197901,1784557197908.0,1784557198330.2842,153.013,7.0,422.284,,582.297
e-198,1784557197797.998,1784557197901,1784557197908.0,1784557198330.2844,103.002,7.0,422.284,,532.286
e-199,1784557197848.3232,1784557197901,1784557197908.0,1784557198330.285,52.677,7.0,422.285,,481.962
e-200,1784557197897.9968,1784557197901,1784557197908.0,1784557198330.2852,3.003,7.0,422.285,,432.288
e-201,1784557197947.9937,1784557198950,1784557198955.0,1784557199378.6326,1002.006,5.0,423.633,,1430.639
e-202,1784557197997.9985,1784557198950,1784557198955.0,1784557199378.6365,952.001,5.0,423.636,,1380.638
e-203,1784557198048.0256,1784557198950,1784557198956.0,1784557199378.6375,901.974,6.0,422.637,,1330.612
e-204,1784557198098.0156,1784557198950,1784557198956.0,1784557199378.6382,851.984,6.0,422.638,,1280.623
e-205,1784557198148.083,1784557198950,1784557198956.0,1784557199378.6514,801.917,6.0,422.651,,1230.568
e-206,1784557198198.0007,1784557198950,1784557198956.0,1784557199379.0945,751.999,6.0,423.094,,1181.094
e-207,1784557198248.0156,1784557198950,1784557198956.0,1784557199379.0962,701.984,6.0,423.096,,1131.081
e-208,1784557198298.0098,1784557198950,1784557198957.0,1784557199379.0972,651.99,7.0,422.097,,1081.087
e-209,1784557198348.0122,1784557198950,1784557198957.0,1784557199379.098,601.988,7.0,422.098,,1031.086
e-210,1784557198397.9907,1784557198950,1784557198957.0,1784557199379.0986,552.009,7.0,422.099,,981.108
e-211,1784557198447.9907,1784557198950,1784557198957.0,1784557199379.0994,502.009,7.0,422.099,,931.109
e-212,1784557198497.9927,1784557198950,1784557198957.0,1784557199379.1003,452.007,7.0,422.1,,881.108
e-213,1784557198548.002,1784557198950,1784557198957.0,1784557199379.101,401.998,7.0,422.101,,831.099
e-214,1784557198598.001,1784557198950,1784557198958.0,1784557199379.1016,351.999,8.0,421.102,,781.101
e-215,1784557198648.0005,1784557198950,1784557198958.0,1784557199379.1023,302.0,8.0,421.102,,731.102
e-216,1784557198697.988,1784557198950,1784557198958.0,1784557199379.103,252.012,8.0,421.103,,681.115
e-217,1784557198747.9866,1784557198950,1784557198958.0,1784557199379.1038,202.013,8.0,421.104,,631.117
e-218,1784557198798.7747,1784557198950,1784557198958.0,1784557199379.1042,151.225,8.0,421.104,,580.33
e-219,1784557198847.995,1784557198950,1784557198958.0,1784557199379.105,102.005,8.0,421.105,,531.11
e-220,1784557198897.9866,1784557198950,1784557198959.0,1784557199379.1106,52.013,9.0,420.111,,481.124
e-221,1784557198947.9934,1784557198950,1784557198959.0,1784557199379.1113,2.007,9.0,420.111,,431.118
e-222,1784557198997.9932,1784557200001,1784557200007.0,1784557200434.1514,1003.007,6.0,427.151,,1436.158
e-223,1784557199047.9944,1784557200001,1784557200007.0,1784557200434.154,953.006,6.0,427.154,,1386.16
e-224,1784557199097.995,1784557200001,1784557200007.0,1784557200434.1548,903.005,6.0,427.155,,1336.16
e-225,1784557199147.9893,1784557200001,1784557200008.0,1784557200434.1553,853.011,7.0,426.155,,1286.166
e-226,1784557199197.9978,1784557200001,1784557200008.0,1784557200434.156,803.002,7.0,426.156,,1236.158
e-227,1784557199247.9946,1784557200001,1784557200008.0,1784557200434.1707,753.005,7.0,426.171,,1186.176
e-228,1784557199298.0066,1784557200001,1784557200008.0,1784557200434.1716,702.993,7.0,426.172,,1136.165
e-229,1784557199347.9932,1784557200001,1784557200008.0,1784557200434.1724,653.007,7.0,426.172,,1086.179
e-230,1784557199397.9937,1784557200001,1784557200008.0,1784557200434.1729,603.006,7.0,426.173,,1036.179
e-231,1784557199447.9944,1784557200001,1784557200008.0,1784557200434.1733,553.006,7.0,426.173,,986.179
e-232,1784557199497.995,1784557200001,1784557200008.0,1784557200434.1738,503.005,7.0,426.174,,936.179
e-233,1784557199547.9949,1784557200001,1784557200009.0,1784557200434.176,453.005,8.0,425.176,,886.181
e-234,1784557199597.9973,1784557200001,1784557200009.0,1784557200434.1765,403.003,8.0,425.177,,836.179
e-235,1784557199647.9956,1784557200001,1784557200009.0,1784557200434.177,353.004,8.0,425.177,,786.181
e-236,1784557199698.0269,1784557200001,1784557200009.0,1784557200434.1775,302.973,8.0,425.177,,736.151
e-237,1784557199748.0674,1784557200001,1784557200009.0,1784557200434.1782,252.933,8.0,425.178,,686.111
e-238,1784557199797.9924,1784557200001,1784557200009.0,1784557200434.201,203.008,8.0,425.201,,636.208
e-239,1784557199848.0208,1784557200001,1784557200009.0,1784557200434.2017,152.979,8.0,425.202,,586.181
e-240,1784557199897.9985,1784557200001,1784557200009.0,1784557200434.2021,103.001,8.0,425.202,,536.204
e-241,1784557199947.995,1784557200001,1784557200010.0,1784557200434.2026,53.005,9.0,424.203,,486.208
e-242,1784557199998.013,1784557200001,1784557200010.0,1784557200434.2031,2.987,9.0,424.203,,436.19
e-243,1784557200048.0063,1784557201053,1784557201058.0,1784557201481.697,1004.994,5.0,423.697,,1433.691
e-244,1784557200098.0027,1784557201053,1784557201058.0,1784557201481.7004,954.997,5.0,423.7,,1383.698
e-245,1784557200148.014,1784557201053,1784557201059.0,1784557201481.702,904.986,6.0,422.702,,1333.688
e-246,1784557200198.0146,1784557201053,1784557201059.0,1784557201481.7026,854.985,6.0,422.703,,1283.688
e-247,1784557200248.0063,1784557201053,1784557201059.0,1784557201481.7034,804.994,6.0,422.703,,1233.697
e-248,1784557200298.0127,1784557201053,1784557201059.0,1784557201481.7185,754.987,6.0,422.719,,1183.706
e-249,1784557200348.009,1784557201053,1784557201059.0,1784557201481.7192,704.991,6.0,422.719,,1133.71
e-250,1784557200398.5732,1784557201053,1784557201059.0,1784557201481.72,654.427,6.0,422.72,,1083.147
e-251,1784557200448.0032,1784557201053,1784557201059.0,1784557201481.7207,604.997,6.0,422.721,,1033.718
e-252,1784557200500.04,1784557201053,1784557201059.0,1784557201481.7212,552.96,6.0,422.721,,981.681
e-253,1784557200548.0095,1784557201053,1784557201059.0,1784557201481.722,504.99,6.0,422.722,,933.712
e-254,1784557200597.998,1784557201053,1784557201060.0,1784557201481.7227,455.002,7.0,421.723,,883.725
e-255,1784557200647.9917,1784557201053,1784557201060.0,1784557201482.0269,405.008,7.0,422.027,,834.035
e-256,1784557200697.992,1784557201053,1784557201060.0,1784557201482.0286,355.008,7.0,422.029,,784.037
e-257,1784557200747.9934,1784557201053,1784557201060.0,1784557201482.029,305.007,7.0,422.029,,734.036
e-258,1784557200797.9941,1784557201053,1784557201060.0,1784557201482.0298,255.006,7.0,422.03,,684.036
e-259,1784557200847.9944,1784557201053,1784557201061.0,1784557201482.0303,205.006,8.0,421.03,,634.036
e-260,1784557200897.9849,1784557201053,1784557201061.0,1784557201482.031,155.015,8.0,421.031,,584.046
e-261,1784557200947.9915,1784557201053,1784557201061.0,1784557201482.0315,105.009,8.0,421.031,,534.04
e-262,1784557200997.9949,1784557201053,1784557201061.0,1784557201482.032,55.005,8.0,421.032,,484.037
e-263,1784557201047.9958,1784557201053,1784557201061.0,1784557201482.0432,5.004,8.0,421.043,,434.047
e-264,1784557201097.999,1784557202101,1784557202122.0,1784557202545.865,1003.001,21.0,423.865,,1447.866
e-265,1784557201147.9968,1784557202101,1784557202123.0,1784557202545.8677,953.003,22.0,422.868,,1397.871
e-266,1784557201198.0015,1784557202101,1784557202123.0,1784557202545.8682,902.999,22.0,422.868,,1347.867
e-267,1784557201247.996,1784557202101,1784557202123.0,1784557202545.8687,853.004,22.0,422.869,,1297.873
e-268,1784557201297.9963,1784557202101,1784557202123.0,1784557202545.869,803.004,22.0,422.869,,1247.873
e-269,1784557201347.9941,1784557202101,1784557202123.0,1784557202545.88,753.006,22.0,422.88,,1197.886
e-270,1784557201397.9985,1784557202101,1784557202123.0,1784557202545.8804,703.001,22.0,422.88,,1147.882
e-271,1784557201448.0059,1784557202101,1784557202123.0,1784557202545.8806,652.994,22.0,422.881,,1097.875
e-272,1784557201498.0027,1784557202101,1784557202123.0,1784557202545.8809,602.997,22.0,422.881,,1047.878
e-273,1784557201547.999,1784557202101,1784557202123.0,1784557202545.884,553.001,22.0,422.884,,997.885
e-274,1784557201598.004,1784557202101,1784557202123.0,1784557202545.8843,502.996,22.0,422.884,,947.88
e-275,1784557201648.0,1784557202101,1784557202124.0,1784557202545.8848,453.0,23.0,421.885,,897.885
e-276,1784557201698.0159,1784557202101,1784557202124.0,1784557202545.885,402.984,23.0,421.885,,847.869
e-277,1784557201748.0054,1784557202101,1784557202124.0,1784557202545.8855,352.995,23.0,421.885,,797.88
e-278,1784557201797.9917,1784557202101,1784557202124.0,1784557202545.8857,303.008,23.0,421.886,,747.894
e-279,1784557201848.01,1784557202101,1784557202124.0,1784557202545.8865,252.99,23.0,421.886,,697.876
e-280,1784557201897.9978,1784557202101,1784557202124.0,1784557202545.887,203.002,23.0,421.887,,647.889
e-281,1784557201948.0012,1784557202101,1784557202124.0,1784557202545.8872,152.999,23.0,421.887,,597.886
e-282,1784557201998.0063,1784557202101,1784557202124.0,1784557202545.8875,102.994,23.0,421.887,,547.881
e-283,1784557202047.9976,1784557202101,1784557202124.0,1784557202545.888,53.002,23.0,421.888,,497.89
e-284,1784557202097.9934,1784557202101,1784557202124.0,1784557202545.8882,3.007,23.0,421.888,,447.895
e-285,1784557202147.9988,1784557203151,1784557203155.0,1784557203577.7395,1003.001,4.0,422.74,,1429.741
e-286,1784557202198.0,1784557203151,1784557203155.0,1784557203577.7427,953.0,4.0,422.743,,1379.743
e-287,1784557202247.9993,1784557203151,1784557203155.0,1784557203577.7432,903.001,4.0,422.743,,1329.744
e-288,1784557202297.9985,1784557203151,1784557203155.0,1784557203577.744,853.001,4.0,422.744,,1279.745
e-289,1784557202348.0012,1784557203151,1784557203156.0,1784557203577.7444,802.999,5.0,421.744,,1229.743
e-290,1784557202398.118,1784557203151,1784557203156.0,1784557203577.7559,752.882,5.0,421.756,,1179.638
e-291,1784557202447.9993,1784557203151,1784557203156.0,1784557203577.756,703.001,5.0,421.756,,1129.757
e-292,1784557202497.9954,1784557203151,1784557203156.0,1784557203577.7566,653.005,5.0,421.757,,1079.761
e-293,1784557202547.9817,1784557203151,1784557203156.0,1784557203577.7568,603.018,5.0,421.757,,1029.775
e-294,1784557202598.0366,1784557203151,1784557203156.0,1784557203577.757,552.963,5.0,421.757,,979.72
e-295,1784557202648.0093,1784557203151,1784557203156.0,1784557203577.7576,502.991,5.0,421.758,,929.748
e-296,1784557202698.0056,1784557203151,1784557203157.0,1784557203577.758,452.994,6.0,420.758,,879.752
e-297,1784557202748.0144,1784557203151,1784557203157.0,1784557203577.7583,402.986,6.0,420.758,,829.744
e-298,1784557202798.0046,1784557203151,1784557203157.0,1784557203577.7588,352.995,6.0,420.759,,779.754
e-299,1784557202847.9976,1784557203151,1784557203157.0,1784557203577.7722,303.002,6.0,420.772,,729.775
e-300,1784557202897.988,1784557203151,1784557203157.0,1784557203577.7727,253.012,6.0,420.773,,679.785
e-301,1784557202947.996,1784557203151,1784557203157.0,1784557203577.773,203.004,6.0,420.773,,629.777
e-302,1784557202997.9949,1784557203151,1784557203157.0,1784557203577.7732,153.005,6.0,420.773,,579.778
e-303,1784557203048.078,1784557203151,1784557203157.0,1784557203577.7737,102.922,6.0,420.774,,529.696
e-304,1784557203097.9993,1784557203151,1784557203158.0,1784557203577.774,53.001,7.0,419.774,,479.775
e-305,1784557203148.0024,1784557203151,1784557203158.0,1784557203577.7744,2.998,7.0,419.774,,429.772
e-306,1784557203198.0032,1784557204201,1784557204206.0,1784557204628.253,1002.997,5.0,422.253,,1430.25
e-307,1784557203248.093,1784557204201,1784557204206.0,1784557204628.2551,952.907,5.0,422.255,,1380.162
e-308,1784557203297.9968,1784557204201,1784557204206.0,1784557204628.2559,903.003,5.0,422.256,,1330.259
e-309,1784557203347.993,1784557204201,1784557204207.0,1784557204628.2576,853.007,6.0,421.258,,1280.265
e-310,1784557203398.1306,1784557204201,1784557204207.0,1784557204628.258,802.869,6.0,421.258,,1230.127
e-311,1784557203447.9924,1784557204201,1784557204207.0,1784557204628.2585,753.008,6.0,421.259,,1180.266
e-312,1784557203497.9946,1784557204201,1784557204207.0,1784557204628.2703,703.005,6.0,421.27,,1130.276
e-313,1784557203548.013,1784557204201,1784557204207.0,1784557204628.271,652.987,6.0,421.271,,1080.258
e-314,1784557203597.9995,1784557204201,1784557204207.0,1784557204628.2715,603.0,6.0,421.271,,1030.272
e-315,1784557203647.988,1784557204201,1784557204207.0,1784557204628.272,553.012,6.0,421.272,,980.284
e-316,1784557203697.9922,1784557204201,1784557204207.0,1784557204628.2725,503.008,6.0,421.272,,930.28
e-317,1784557203747.9924,1784557204201,1784557204207.0,1784557204628.2727,453.008,6.0,421.273,,880.28
e-318,1784557203797.9988,1784557204201,1784557204207.0,1784557204628.2732,403.001,6.0,421.273,,830.274
e-319,1784557203847.9917,1784557204201,1784557204208.0,1784557204628.2737,353.008,7.0,420.274,,780.282
e-320,1784557203897.9976,1784557204201,1784557204208.0,1784557204628.2742,303.002,7.0,420.274,,730.277
e-321,1784557203947.9954,1784557204201,1784557204208.0,1784557204628.2744,253.005,7.0,420.274,,680.279
e-322,1784557203998.0017,1784557204201,1784557204208.0,1784557204628.275,202.998,7.0,420.275,,630.273
e-323,1784557204047.9954,1784557204201,1784557204208.0,1784557204628.2754,153.005,7.0,420.275,,580.28
e-324,1784557204097.9885,1784557204201,1784557204208.0,1784557204628.276,103.011,7.0,420.276,,530.287
e-325,1784557204147.9897,1784557204201,1784557204208.0,1784557204628.2764,53.01,7.0,420.276,,480.287
e-326,1784557204197.9937,1784557204201,1784557204208.0,1784557204628.2769,3.006,7.0,420.277,,430.283
e-327,1784557204247.9949,1784557205251,1784557205255.0,1784557205676.1943,1003.005,4.0,421.194,,1428.199
e-328,1784557204298.0085,1784557205251,1784557205255.0,1784557205676.1978,952.991,4.0,421.198,,1378.189
e-329,1784557204347.9998,1784557205251,1784557205256.0,1784557205676.1985,903.0,5.0,420.198,,1328.199
e-330,1784557204397.9946,1784557205251,1784557205256.0,1784557205676.1995,853.005,5.0,420.199,,1278.205
e-331,1784557204447.9941,1784557205251,1784557205256.0,1784557205676.2002,803.006,5.0,420.2,,1228.206
e-332,1784557204498.0007,1784557205251,1784557205256.0,1784557205676.201,752.999,5.0,420.201,,1178.2
e-333,1784557204547.9966,1784557205251,1784557205256.0,1784557205676.2148,703.003,5.0,420.215,,1128.218
e-334,1784557204597.9956,1784557205251,1784557205256.0,1784557205676.2158,653.004,5.0,420.216,,1078.22
e-335,1784557204647.9912,1784557205251,1784557205256.0,1784557205676.2166,603.009,5.0,420.217,,1028.225
e-336,1784557204697.9956,1784557205251,1784557205256.0,1784557205676.217,553.004,5.0,420.217,,978.221
e-337,1784557204747.9924,1784557205251,1784557205256.0,1784557205676.2178,503.008,5.0,420.218,,928.225
e-338,1784557204797.994,1784557205251,1784557205256.0,1784557205676.2185,453.006,5.0,420.219,,878.225
e-339,1784557204847.994,1784557205251,1784557205256.0,1784557205676.2239,403.006,5.0,420.224,,828.23
e-340,1784557204897.9924,1784557205251,1784557205257.0,1784557205676.2246,353.008,6.0,419.225,,778.232
e-341,1784557204948.0002,1784557205251,1784557205257.0,1784557205676.2253,303.0,6.0,419.225,,728.225
e-342,1784557204997.9978,1784557205251,1784557205257.0,1784557205676.2258,253.002,6.0,419.226,,678.228
e-343,1784557205047.9915,1784557205251,1784557205257.0,1784557205676.2266,203.009,6.0,419.227,,628.235
e-344,1784557205097.9937,1784557205251,1784557205257.0,1784557205676.2273,153.006,6.0,419.227,,578.234
e-345,1784557205147.9944,1784557205251,1784557205257.0,1784557205676.2278,103.006,6.0,419.228,,528.233
e-346,1784557205197.9993,1784557205251,1784557205257.0,1784557205676.2285,53.001,6.0,419.229,,478.229
e-347,1784557205247.9934,1784557205251,1784557205257.0,1784557205676.2292,3.007,6.0,419.229,,428.236
e-348,1784557205297.9973,1784557206301,1784557206307.0,1784557206737.9702,1003.003,6.0,430.97,,1439.973
e-349,1784557205347.9932,1784557206301,1784557206308.0,1784557206737.9731,953.007,7.0,429.973,,1389.98
e-350,1784557205397.9917,1784557206301,1784557206308.0,1784557206737.9736,903.008,7.0,429.974,,1339.982
e-351,1784557205447.999,1784557206301,1784557206308.0,1784557206737.974,853.001,7.0,429.974,,1289.975
e-352,1784557205497.9912,1784557206301,1784557206308.0,1784557206737.9744,803.009,7.0,429.974,,1239.983
e-353,1784557205547.9983,1784557206301,1784557206308.0,1784557206737.9758,753.002,7.0,429.976,,1189.978
e-354,1784557205597.9937,1784557206301,1784557206308.0,1784557206737.9846,703.006,7.0,429.985,,1139.991
e-355,1784557205647.989,1784557206301,1784557206308.0,1784557206737.985,653.011,7.0,429.985,,1089.996
e-356,1784557205697.9927,1784557206301,1784557206308.0,1784557206737.9854,603.007,7.0,429.985,,1039.993
e-357,1784557205747.9946,1784557206301,1784557206308.0,1784557206737.9856,553.005,7.0,429.986,,989.991
e-358,1784557205797.9932,1784557206301,1784557206308.0,1784557206737.986,503.007,7.0,429.986,,939.993
e-359,1784557205847.9932,1784557206301,1784557206308.0,1784557206737.9863,453.007,7.0,429.986,,889.993
e-360,1784557205897.9922,1784557206301,1784557206308.0,1784557206737.9905,403.008,7.0,429.99,,839.998
e-361,1784557205947.9976,1784557206301,1784557206308.0,1784557206737.9907,353.002,7.0,429.991,,789.993
e-362,1784557205997.996,1784557206301,1784557206309.0,1784557206737.991,303.004,8.0,428.991,,739.995
e-363,1784557206047.9922,1784557206301,1784557206309.0,1784557206737.9915,253.008,8.0,428.991,,689.999
e-364,1784557206097.9941,1784557206301,1784557206309.0,1784557206737.9922,203.006,8.0,428.992,,639.998
e-365,1784557206147.9946,1784557206301,1784557206309.0,1784557206737.9924,153.005,8.0,428.992,,589.998
e-366,1784557206197.9875,1784557206301,1784557206309.0,1784557206737.9927,103.012,8.0,428.993,,540.005
e-367,1784557206247.9963,1784557206301,1784557206309.0,1784557206737.9932,53.004,8.0,428.993,,489.997
e-368,1784557206297.9822,1784557206301,1784557206309.0,1784557206737.9934,3.018,8.0,428.993,,440.011
e-369,1784557206348.0422,1784557207350,1784557207355.0,1784557207777.5774,1001.958,5.0,422.577,,1429.535
e-370,1784557206397.9966,1784557207350,1784557207356.0,1784557207777.5806,952.003,6.0,421.581,,1379.584
e-371,1784557206447.9946,1784557207350,1784557207356.0,1784557207777.5813,902.005,6.0,421.581,,1329.587
e-372,1784557206497.9949,1784557207350,1784557207356.0,1784557207777.582,852.005,6.0,421.582,,1279.587
e-373,1784557206547.9932,1784557207350,1784557207356.0,1784557207777.5825,802.007,6.0,421.583,,1229.589
e-374,1784557206597.9934,1784557207350,1784557207356.0,1784557207777.583,752.007,6.0,421.583,,1179.59
e-375,1784557206647.9934,1784557207350,1784557207356.0,1784557207777.5981,702.007,6.0,421.598,,1129.605
e-376,1784557206697.9954,1784557207350,1784557207357.0,1784557207778.2239,652.005,7.0,421.224,,1080.229
e-377,1784557206747.993,1784557207350,1784557207357.0,1784557207778.2258,602.007,7.0,421.226,,1030.233
e-378,1784557206797.9897,1784557207350,1784557207357.0,1784557207778.2266,552.01,7.0,421.227,,980.237
e-379,1784557206847.9878,1784557207350,1784557207357.0,1784557207778.2273,502.012,7.0,421.227,,930.24
e-380,1784557206897.992,1784557207350,1784557207357.0,1784557207778.228,452.008,7.0,421.228,,880.236
e-381,1784557206947.9968,1784557207350,1784557207357.0,1784557207778.2285,402.003,7.0,421.229,,830.232
e-382,1784557206998.0005,1784557207350,1784557207357.0,1784557207778.229,352.0,7.0,421.229,,780.229
e-383,1784557207047.9976,1784557207350,1784557207358.0,1784557207778.2292,302.002,8.0,420.229,,730.232
e-384,1784557207097.9937,1784557207350,1784557207358.0,1784557207778.2297,252.006,8.0,420.23,,680.236
e-385,1784557207147.9927,1784557207350,1784557207358.0,1784557207778.2302,202.007,8.0,420.23,,630.238
e-386,1784557207197.9941,1784557207350,1784557207358.0,1784557207778.2307,152.006,8.0,420.231,,580.237
e-387,1784557207247.9902,1784557207350,1784557207358.0,1784557207778.2312,102.01,8.0,420.231,,530.241
e-388,1784557207297.9946,1784557207350,1784557207358.0,1784557207778.2314,52.005,8.0,420.231,,480.237
e-389,1784557207347.993,1784557207350,1784557207358.0,1784557207778.232,2.007,8.0,420.232,,430.239
e-390,1784557207397.995,1784557208401,1784557208407.0,1784557208827.154,1003.005,6.0,420.154,,1429.159
e-391,1784557207447.9956,1784557208401,1784557208407.0,1784557208827.1567,953.004,6.0,420.157,,1379.161
e-392,1784557207497.9993,1784557208401,1784557208407.0,1784557208827.1572,903.001,6.0,420.157,,1329.158
e-393,1784557207547.9932,1784557208401,1784557208408.0,1784557208827.1577,853.007,7.0,419.158,,1279.165
e-394,1784557207597.9941,1784557208401,1784557208408.0,1784557208827.1582,803.006,7.0,419.158,,1229.164
e-395,1784557207648.0005,1784557208401,1784557208408.0,1784557208827.1587,753.0,7.0,419.159,,1179.158
e-396,1784557207697.9963,1784557208401,1784557208408.0,1784557208827.1592,703.004,7.0,419.159,,1129.163
e-397,1784557207747.9949,1784557208401,1784557208408.0,1784557208827.1719,653.005,7.0,419.172,,1079.177
e-398,1784557207797.989,1784557208401,1784557208408.0,1784557208827.1726,603.011,7.0,419.173,,1029.184
e-399,1784557207848.0027,1784557208401,1784557208408.0,1784557208827.173,552.997,7.0,419.173,,979.17
e-400,1784557207897.995,1784557208401,1784557208408.0,1784557208827.1736,503.005,7.0,419.174,,929.178
e-401,1784557207947.9897,1784557208401,1784557208408.0,1784557208827.1755,453.01,7.0,419.176,,879.186
e-402,1784557207997.996,1784557208401,1784557208409.0,1784557208827.176,403.004,8.0,418.176,,829.18
e-403,1784557208047.9937,1784557208401,1784557208409.0,1784557208827.1943,353.006,8.0,418.194,,779.201
e-404,1784557208097.9937,1784557208401,1784557208409.0,1784557208827.195,303.006,8.0,418.195,,729.201
e-405,1784557208147.9888,1784557208401,1784557208409.0,1784557208827.2,253.011,8.0,418.2,,679.211
e-406,1784557208197.9941,1784557208401,1784557208409.0,1784557208827.2007,203.006,8.0,418.201,,629.207
e-407,1784557208247.9956,1784557208401,1784557208409.0,1784557208827.2012,153.004,8.0,418.201,,579.206
e-408,1784557208297.9941,1784557208401,1784557208409.0,1784557208827.202,103.006,8.0,418.202,,529.208
e-409,1784557208347.9927,1784557208401,1784557208409.0,1784557208827.2024,53.007,8.0,418.202,,479.21
e-410,1784557208397.9954,1784557208401,1784557208409.0,1784557208827.2031,3.005,8.0,418.203,,429.208
e-411,1784557208447.9917,1784557209450,1784557209455.0,1784557209875.8098,1002.008,5.0,420.81,,1427.818
e-412,1784557208497.9893,1784557209450,1784557209455.0,1784557209875.8137,952.011,5.0,420.814,,1377.824
e-413,1784557208547.994,1784557209450,1784557209455.0,1784557209875.8147,902.006,5.0,420.815,,1327.821
e-414,1784557208597.9937,1784557209450,1784557209456.0,1784557209875.8157,852.006,6.0,419.816,,1277.822
e-415,1784557208647.9949,1784557209450,1784557209456.0,1784557209875.817,802.005,6.0,419.817,,1227.822
e-416,1784557208697.9924,1784557209450,1784557209456.0,1784557209875.8179,752.008,6.0,419.818,,1177.825
e-417,1784557208747.9956,1784557209450,1784557209456.0,1784557209875.8188,702.004,6.0,419.819,,1127.823
e-418,1784557208797.9944,1784557209450,1784557209456.0,1784557209875.8337,652.006,6.0,419.834,,1077.839
e-419,1784557208847.9995,1784557209450,1784557209456.0,1784557209875.8347,602.0,6.0,419.835,,1027.835
e-420,1784557208897.9954,1784557209450,1784557209456.0,1784557209875.8354,552.005,6.0,419.835,,977.84
e-421,1784557208947.9958,1784557209450,1784557209456.0,1784557209875.8362,502.004,6.0,419.836,,927.84
e-422,1784557208997.9954,1784557209450,1784557209456.0,1784557209875.8367,452.005,6.0,419.837,,877.841
e-423,1784557209047.9944,1784557209450,1784557209457.0,1784557209875.8376,402.006,7.0,418.838,,827.843
e-424,1784557209097.9922,1784557209450,1784557209457.0,1784557209875.8384,352.008,7.0,418.838,,777.846
e-425,1784557209147.985,1784557209450,1784557209457.0,1784557209875.8389,302.015,7.0,418.839,,727.854
e-426,1784557209197.9988,1784557209450,1784557209457.0,1784557209875.8396,252.001,7.0,418.84,,677.841
e-427,1784557209247.9912,1784557209450,1784557209457.0,1784557209875.8403,202.009,7.0,418.84,,627.849
e-428,1784557209298.001,1784557209450,1784557209457.0,1784557209875.8408,151.999,7.0,418.841,,577.84
e-429,1784557209347.9924,1784557209450,1784557209457.0,1784557209875.8416,102.008,7.0,418.842,,527.849
e-430,1784557209397.989,1784557209450,1784557209457.0,1784557209875.8423,52.011,7.0,418.842,,477.853
e-431,1784557209447.9937,1784557209450,1784557209457.0,1784557209875.843,2.006,7.0,418.843,,427.849
e-432,1784557209497.9934,1784557210500,1784557210505.0,1784557210931.5745,1002.007,5.0,426.574,,1433.581
e-433,1784557209547.9917,1784557210500,1784557210506.0,1784557210931.5771,952.008,6.0,425.577,,1383.585
e-434,1784557209597.993,1784557210500,1784557210506.0,1784557210931.5776,902.007,6.0,425.578,,1333.585
e-435,1784557209647.99,1784557210500,1784557210506.0,1784557210931.5786,852.01,6.0,425.579,,1283.589
e-436,1784557209697.995,1784557210500,1784557210506.0,1784557210931.579,802.005,6.0,425.579,,1233.584
e-437,1784557209747.9883,1784557210500,1784557210506.0,1784557210931.5796,752.012,6.0,425.58,,1183.591
e-438,1784557209797.999,1784557210500,1784557210506.0,1784557210931.58,702.001,6.0,425.58,,1133.581
e-439,1784557209847.9915,1784557210500,1784557210506.0,1784557210931.591,652.009,6.0,425.591,,1083.6
e-440,1784557209897.9958,1784557210500,1784557210506.0,1784557210931.5916,602.004,6.0,425.592,,1033.596
e-441,1784557209947.9937,1784557210500,1784557210506.0,1784557210931.5918,552.006,6.0,425.592,,983.598
e-442,1784557209997.9944,1784557210500,1784557210506.0,1784557210931.592,502.006,6.0,425.592,,933.598
e-443,1784557210048.0,1784557210500,1784557210506.0,1784557210931.5925,452.0,6.0,425.593,,883.593
e-444,1784557210097.9917,1784557210500,1784557210506.0,1784557210931.5928,402.008,6.0,425.593,,833.601
e-445,1784557210147.9941,1784557210500,1784557210506.0,1784557210931.593,352.006,6.0,425.593,,783.599
e-446,1784557210197.9937,1784557210500,1784557210506.0,1784557210931.5933,302.006,6.0,425.593,,733.6
e-447,1784557210247.9946,1784557210500,1784557210507.0,1784557210931.5938,252.005,7.0,424.594,,683.599
e-448,1784557210297.9934,1784557210500,1784557210507.0,1784557210931.5942,202.007,7.0,424.594,,633.601
e-449,1784557210347.9941,1784557210500,1784557210507.0,1784557210931.5947,152.006,7.0,424.595,,583.601
e-450,1784557210397.995,1784557210500,1784557210507.0,1784557210931.595,102.005,7.0,424.595,,533.6
e-451,1784557210447.998,1784557210500,1784557210507.0,1784557210931.5952,52.002,7.0,424.595,,483.597
e-452,1784557210497.9954,1784557210500,1784557210507.0,1784557210931.5957,2.005,7.0,424.596,,433.6
e-453,1784557210547.994,1784557211550,1784557255104.0,1784557256211.333,1002.006,43554.0,1107.333,,45663.339
e-454,1784557210597.9946,1784557211550,1784557255121.0,1784557256211.3381,952.005,43571.0,1090.338,,45613.344
e-455,1784557210647.9932,1784557211550,1784557255121.0,1784557256211.3386,902.007,43571.0,1090.339,,45563.345
e-456,1784557210697.995,1784557211550,1784557255121.0,1784557256211.339,852.005,43571.0,1090.339,,45513.344
e-457,1784557210747.9934,1784557211550,1784557255121.0,1784557256211.3398,802.007,43571.0,1090.34,,45463.346
e-458,1784557210797.9963,1784557211550,1784557255121.0,1784557256211.3403,752.004,43571.0,1090.34,,45413.344
e-459,1784557210847.9978,1784557211550,1784557255121.0,1784557256211.3406,702.002,43571.0,1090.341,,45363.343
e-460,1784557210898.0068,1784557211550,1784557255122.0,1784557256211.3552,651.993,43572.0,1089.355,,45313.348
e-461,1784557210948.0112,1784557211550,1784557255122.0,1784557256211.9097,601.989,43572.0,1089.91,,45263.898
e-462,1784557210998.0056,1784557211550,1784557255122.0,1784557256211.9104,551.994,43572.0,1089.91,,45213.905
e-463,1784557211047.9912,1784557211550,1784557255122.0,1784557256211.9106,502.009,43572.0,1089.911,,45163.919
e-464,1784557211097.99,1784557211550,1784557255122.0,1784557256211.911,452.01,43572.0,1089.911,,45113.921
e-465,1784557211148.002,1784557211550,1784557255122.0,1784557256211.9111,401.998,43572.0,1089.911,,45063.909
e-466,1784557211197.9998,1784557211550,1784557255122.0,1784557256211.9116,352.0,43572.0,1089.912,,45013.912
e-467,1784557211247.9902,1784557211550,1784557255123.0,1784557256211.9119,302.01,43573.0,1088.912,,44963.922
e-468,1784557211297.984,1784557211550,1784557255123.0,1784557256211.912,252.016,43573.0,1088.912,,44913.928
e-469,1784557211347.9954,1784557211550,1784557255123.0,1784557256211.9124,202.005,43573.0,1088.912,,44863.917
e-470,1784557211397.9902,1784557211550,1784557255123.0,1784557256211.9126,152.01,43573.0,1088.913,,44813.922
e-471,1784557211447.9749,1784557211550,1784557255123.0,1784557256211.9128,102.025,43573.0,1088.913,,44763.938
e-472,1784557211497.997,1784557211550,1784557255123.0,1784557256211.913,52.003,43573.0,1088.913,,44713.916
e-473,1784557211547.9922,1784557211550,1784557255123.0,1784557256211.9133,2.008,43573.0,1088.913,,44663.921
e-474,1784557211597.9868,1784557212599,1784557255124.0,1784557256211.9136,1001.013,42525.0,1087.914,,44613.927
e-475,1784557211647.9937,1784557212599,1784557255124.0,1784557256211.9138,951.006,42525.0,1087.914,,44563.92
e-476,1784557211698.0042,1784557212599,1784557255124.0,1784557256211.914,900.996,42525.0,1087.914,,44513.91
e-477,1784557211748.0015,1784557212599,1784557255124.0,1784557256211.9143,850.999,42525.0,1087.914,,44463.913
e-478,1784557211797.9949,1784557212599,1784557255124.0,1784557256211.9146,801.005,42525.0,1087.915,,44413.92
e-479,1784557211847.997,1784557212599,1784557255124.0,1784557256211.9148,751.003,42525.0,1087.915,,44363.918
e-480,1784557211897.9883,1784557212599,1784557255125.0,1784557256211.915,701.012,42526.0,1086.915,,44313.927
e-481,1784557211947.997,1784557212599,1784557255125.0,1784557256211.9153,651.003,42526.0,1086.915,,44263.918
e-482,1784557211997.9922,1784557212599,1784557255125.0,1784557256211.9187,601.008,42526.0,1086.919,,44213.927
e-483,1784557212047.9893,1784557212599,1784557255125.0,1784557256211.919,551.011,42526.0,1086.919,,44163.93
e-484,1784557212098.0005,1784557212599,1784557255125.0,1784557256211.9192,501.0,42526.0,1086.919,,44113.919
e-485,1784557212148.0044,1784557212599,1784557255125.0,1784557256211.9194,450.996,42526.0,1086.919,,44063.915
e-486,1784557212198.0034,1784557212599,1784557255125.0,1784557256211.9197,400.997,42526.0,1086.92,,44013.916
e-487,1784557212248.3064,1784557212599,1784557255126.0,1784557256211.92,350.694,42527.0,1085.92,,43963.614
e-488,1784557212297.9958,1784557212599,1784557255126.0,1784557256211.9202,301.004,42527.0,1085.92,,43913.924
e-489,1784557212347.9917,1784557212599,1784557255126.0,1784557256211.9204,251.008,42527.0,1085.92,,43863.929
e-490,1784557212397.9937,1784557212599,1784557255126.0,1784557256211.9207,201.006,42527.0,1085.921,,43813.927
e-491,1784557212447.9993,1784557212599,1784557255126.0,1784557256211.921,151.001,42527.0,1085.921,,43763.922
e-492,1784557212497.9944,1784557212599,1784557255126.0,1784557256211.9211,101.006,42527.0,1085.921,,43713.927
e-493,1784557212547.9917,1784557212599,1784557255126.0,1784557256211.9211,51.008,42527.0,1085.921,,43663.929
e-494,1784557212597.9917,1784557212599,1784557255126.0,1784557256211.9214,1.008,42527.0,1085.921,,43613.93
e-495,1784557212647.9954,1784557213650,1784557255127.0,1784557256211.9216,1002.005,41477.0,1084.922,,43563.926
e-496,1784557212697.9937,1784557213650,1784557255127.0,1784557256211.9219,952.006,41477.0,1084.922,,43513.928
e-497,1784557212747.9976,1784557213650,1784557255127.0,1784557256211.922,902.002,41477.0,1084.922,,43463.925
e-498,1784557212797.997,1784557213650,1784557255127.0,1784557256211.9224,852.003,41477.0,1084.922,,43413.925
e-499,1784557212847.9966,1784557213650,1784557255127.0,1784557256211.9226,802.003,41477.0,1084.923,,43363.926
e-500,1784557212897.9927,1784557213650,1784557255127.0,1784557256211.9246,752.007,41477.0,1084.925,,43313.932
e-501,1784557212947.998,1784557213650,1784557255127.0,1784557256211.9248,702.002,41477.0,1084.925,,43263.927
e-502,1784557212997.999,1784557213650,1784557255127.0,1784557256211.925,652.001,41477.0,1084.925,,43213.926
e-503,1784557213047.9927,1784557213650,1784557255128.0,1784557256211.9302,602.007,41478.0,1083.93,,43163.938
e-504,1784557213097.9983,1784557213650,1784557255128.0,1784557256211.9304,552.002,41478.0,1083.93,,43113.932
e-505,1784557213148.0,1784557213650,1784557255128.0,1784557256211.9304,502.0,41478.0,1083.93,,43063.93
e-506,1784557213197.9966,1784557213650,1784557255128.0,1784557256211.9307,452.003,41478.0,1083.931,,43013.934
e-507,1784557213247.9968,1784557213650,1784557255128.0,1784557256211.931,402.003,41478.0,1083.931,,42963.934
e-508,1784557213297.999,1784557213650,1784557255128.0,1784557256211.9312,352.001,41478.0,1083.931,,42913.932
e-509,1784557213348.0002,1784557213650,1784557255128.0,1784557256211.9314,302.0,41478.0,1083.931,,42863.931
e-510,1784557213397.9956,1784557213650,1784557255128.0,1784557256211.9316,252.004,41478.0,1083.932,,42813.936
e-511,1784557213447.9993,1784557213650,1784557255129.0,1784557256211.932,202.001,41479.0,1082.932,,42763.933
e-512,1784557213497.9973,1784557213650,1784557255129.0,1784557256211.9321,152.003,41479.0,1082.932,,42713.935
e-513,1784557213547.9946,1784557213650,1784557255129.0,1784557256211.9324,102.005,41479.0,1082.932,,42663.938
e-514,1784557213597.9866,1784557213650,1784557255129.0,1784557256211.9326,52.013,41479.0,1082.933,,42613.946
e-515,1784557213647.9917,1784557213650,1784557255129.0,1784557256211.9329,2.008,41479.0,1082.933,,42563.941
e-516,1784557213697.9976,1784557214700,1784557255129.0,1784557256211.933,1002.002,40429.0,1082.933,,42513.936
e-517,1784557213748.0042,1784557214700,1784557255129.0,1784557256211.9333,951.996,40429.0,1082.933,,42463.929
e-518,1784557213797.9966,1784557214700,1784557255129.0,1784557256211.9333,902.003,40429.0,1082.933,,42413.937
e-519,1784557213847.9917,1784557214700,1784557255129.0,1784557256211.9336,852.008,40429.0,1082.934,,42363.942
e-520,1784557213897.9995,1784557214700,1784557255130.0,1784557256211.9407,802.0,40430.0,1081.941,,42313.941
e-521,1784557213947.9924,1784557214700,1784557255130.0,1784557256212.4375,752.008,40430.0,1082.438,,42264.445
e-522,1784557213997.999,1784557214700,1784557255130.0,1784557256212.4382,702.001,40430.0,1082.438,,42214.439
e-523,1784557214047.9978,1784557214700,1784557255130.0,1784557256212.4387,652.002,40430.0,1082.439,,42164.441
e-524,1784557214097.9976,1784557214700,1784557255130.0,1784557256212.4417,602.002,40430.0,1082.442,,42114.444
e-525,1784557214147.992,1784557214700,1784557255130.0,1784557256212.4421,552.008,40430.0,1082.442,,42064.45
e-526,1784557214197.9966,1784557214700,1784557255130.0,1784557256212.4424,502.003,40430.0,1082.442,,42014.446
e-527,1784557214247.9915,1784557214700,1784557255130.0,1784557256212.4429,452.009,40430.0,1082.443,,41964.451
e-528,1784557214297.9922,1784557214700,1784557255130.0,1784557256212.4456,402.008,40430.0,1082.446,,41914.453
e-529,1784557214347.9956,1784557214700,1784557255130.0,1784557256212.4458,352.004,40430.0,1082.446,,41864.45
e-530,1784557214397.9937,1784557214700,1784557255131.0,1784557256212.4463,302.006,40431.0,1081.446,,41814.453
e-531,1784557214447.9873,1784557214700,1784557255131.0,1784557256212.4465,252.013,40431.0,1081.447,,41764.459
e-532,1784557214497.9888,1784557214700,1784557255131.0,1784557256212.4468,202.011,40431.0,1081.447,,41714.458
e-533,1784557214547.99,1784557214700,1784557255131.0,1784557256212.4473,152.01,40431.0,1081.447,,41664.457
e-534,1784557214598.0146,1784557214700,1784557255131.0,1784557256212.4475,101.985,40431.0,1081.448,,41614.433
e-535,1784557214647.9934,1784557214700,1784557255131.0,1784557256212.4478,52.007,40431.0,1081.448,,41564.454
e-536,1784557214697.9985,1784557214700,1784557255131.0,1784557256212.4482,2.001,40431.0,1081.448,,41514.45
e-537,1784557214747.9968,1784557215751,1784557255131.0,1784557256212.4485,1003.003,39380.0,1081.448,,41464.452
e-538,1784557214797.9934,1784557215751,1784557255131.0,1784557256212.4487,953.007,39380.0,1081.449,,41414.455
e-539,1784557214847.99,1784557215751,1784557255132.0,1784557256212.4492,903.01,39381.0,1080.449,,41364.459
e-540,1784557214897.9954,1784557215751,1784557255132.0,1784557256212.4495,853.005,39381.0,1080.449,,41314.454
e-541,1784557214948.0005,1784557215751,1784557255132.0,1784557256212.4497,803.0,39381.0,1080.45,,41264.449
e-542,1784557214997.9958,1784557215751,1784557255132.0,1784557256212.4502,753.004,39381.0,1080.45,,41214.454
e-543,1784557215047.9993,1784557215751,1784557255132.0,1784557256212.4504,703.001,39381.0,1080.45,,41164.451
e-544,1784557215098.0005,1784557215751,1784557255132.0,1784557256212.4507,653.0,39381.0,1080.451,,41114.45
e-545,1784557215148.0125,1784557215751,1784557255132.0,1784557256212.4534,602.988,39381.0,1080.453,,41064.441
e-546,1784557215197.9893,1784557215751,1784557255132.0,1784557256212.4539,553.011,39381.0,1080.454,,41014.465
e-547,1784557215247.9963,1784557215751,1784557255132.0,1784557256212.454,503.004,39381.0,1080.454,,40964.458
e-548,1784557215298.0015,1784557215751,1784557255132.0,1784557256212.4546,452.999,39381.0,1080.455,,40914.453
e-549,1784557215348.0051,1784557215751,1784557255133.0,1784557256212.4548,402.995,39382.0,1079.455,,40864.45
e-550,1784557215398.0034,1784557215751,1784557255133.0,1784557256212.455,352.997,39382.0,1079.455,,40814.452
e-551,1784557215447.9888,1784557215751,1784557255133.0,1784557256212.4556,303.011,39382.0,1079.456,,40764.467
e-552,1784557215497.9973,1784557215751,1784557255133.0,1784557256212.4558,253.003,39382.0,1079.456,,40714.458
e-553,1784557215547.9934,1784557215751,1784557255133.0,1784557256212.456,203.007,39382.0,1079.456,,40664.463
e-554,1784557215597.9878,1784557215751,1784557255133.0,1784557256212.4565,153.012,39382.0,1079.457,,40614.469
e-555,1784557215647.9897,1784557215751,1784557255133.0,1784557256212.4568,103.01,39382.0,1079.457,,40564.467
e-556,1784557215697.9924,1784557215751,1784557255133.0,1784557256212.457,53.008,39382.0,1079.457,,40514.465
e-557,1784557215747.9941,1784557215751,1784557255133.0,1784557256212.4575,3.006,39382.0,1079.458,,40464.463
e-558,1784557215797.9875,1784557216800,1784557255133.0,1784557256212.4578,1002.012,38333.0,1079.458,,40414.47
e-559,1784557215847.9922,1784557216800,1784557255134.0,1784557256212.4583,952.008,38334.0,1078.458,,40364.466
e-560,1784557215897.9873,1784557216800,1784557255134.0,1784557256212.4585,902.013,38334.0,1078.458,,40314.471
e-561,1784557215947.9907,1784557216800,1784557255134.0,1784557256212.4587,852.009,38334.0,1078.459,,40264.468
e-562,1784557215997.9924,1784557216800,1784557255134.0,1784557256212.4592,802.008,38334.0,1078.459,,40214.467
e-563,1784557216047.9966,1784557216800,1784557255134.0,1784557256212.4595,752.003,38334.0,1078.459,,40164.463
e-564,1784557216097.9934,1784557216800,1784557255134.0,1784557256212.4624,702.007,38334.0,1078.462,,40114.469
e-565,1784557216147.995,1784557216800,1784557255134.0,1784557256212.4626,652.005,38334.0,1078.463,,40064.468
e-566,1784557216197.9934,1784557216800,1784557255134.0,1784557256212.4631,602.007,38334.0,1078.463,,40014.47
e-567,1784557216250.3892,1784557216800,1784557255134.0,1784557256212.4658,549.611,38334.0,1078.466,,39962.077
e-568,1784557216297.997,1784557216800,1784557255135.0,1784557256212.466,502.003,38335.0,1077.466,,39914.469
e-569,1784557216347.989,1784557216800,1784557255135.0,1784557256212.4666,452.011,38335.0,1077.467,,39864.478
e-570,1784557216397.9905,1784557216800,1784557255135.0,1784557256212.4668,402.01,38335.0,1077.467,,39814.476
e-571,1784557216447.9917,1784557216800,1784557255135.0,1784557256212.4673,352.008,38335.0,1077.467,,39764.476
e-572,1784557216497.9985,1784557216800,1784557255135.0,1784557256212.4675,302.001,38335.0,1077.468,,39714.469
e-573,1784557216548.0017,1784557216800,1784557255135.0,1784557256212.4678,251.998,38335.0,1077.468,,39664.466
e-574,1784557216597.9976,1784557216800,1784557255135.0,1784557256212.4683,202.002,38335.0,1077.468,,39614.471
e-575,1784557216647.997,1784557216800,1784557255135.0,1784557256212.4685,152.003,38335.0,1077.469,,39564.471
e-576,1784557216697.9968,1784557216800,1784557255136.0,1784557256212.4688,102.003,38336.0,1076.469,,39514.472
e-577,1784557216747.988,1784557216800,1784557255136.0,1784557256212.4692,52.012,38336.0,1076.469,,39464.481
e-578,1784557216797.9875,1784557216800,1784557255136.0,1784557256212.4695,2.012,38336.0,1076.469,,39414.482
e-579,1784557216847.983,1784557217851,1784557255136.0,1784557256212.4697,1003.017,37285.0,1076.47,,39364.487
e-580,1784557216897.9932,1784557217851,1784557255136.0,1784557256212.4702,953.007,37285.0,1076.47,,39314.477
e-581,1784557216947.9978,1784557217851,1784557255136.0,1784557256212.4795,903.002,37285.0,1076.479,,39264.482
e-582,1784557216997.9915,1784557217851,1784557255136.0,1784557256212.4797,853.009,37285.0,1076.48,,39214.488
e-583,1784557217047.9954,1784557217851,1784557255136.0,1784557256212.4802,803.005,37285.0,1076.48,,39164.485
e-584,1784557217097.997,1784557217851,1784557255136.0,1784557256212.4805,753.003,37285.0,1076.48,,39114.483
e-585,1784557217147.996,1784557217851,1784557255136.0,1784557256212.4807,703.004,37285.0,1076.481,,39064.485
e-586,1784557217197.9922,1784557217851,1784557255137.0,1784557256212.4812,653.008,37286.0,1075.481,,39014.489
e-587,1784557217247.9988,1784557217851,1784557255137.0,1784557256212.4814,603.001,37286.0,1075.481,,38964.483
e-588,1784557217297.9922,1784557217851,1784557255137.0,1784557256212.4846,553.008,37286.0,1075.485,,38914.492
e-589,1784557217347.9954,1784557217851,1784557255137.0,1784557256212.485,503.005,37286.0,1075.485,,38864.49
e-590,1784557217397.987,1784557217851,1784557255137.0,1784557256212.4854,453.013,37286.0,1075.485,,38814.498
e-591,1784557217447.9915,1784557217851,1784557255137.0,1784557256212.4856,403.009,37286.0,1075.486,,38764.494
e-592,1784557217497.9993,1784557217851,1784557255137.0,1784557256212.4858,353.001,37286.0,1075.486,,38714.487
e-593,1784557217547.993,1784557217851,1784557255137.0,1784557256212.4863,303.007,37286.0,1075.486,,38664.493
e-594,1784557217597.99,1784557217851,1784557255138.0,1784557256212.4868,253.01,37287.0,1074.487,,38614.497
e-595,1784557217647.9932,1784557217851,1784557255138.0,1784557256212.487,203.007,37287.0,1074.487,,38564.494
e-596,1784557217697.9824,1784557217851,1784557255138.0,1784557256212.4873,153.018,37287.0,1074.487,,38514.505
e-597,1784557217748.007,1784557217851,1784557255138.0,1784557256212.4875,102.993,37287.0,1074.488,,38464.48
e-598,1784557217797.9978,1784557217851,1784557255138.0,1784557256212.488,53.002,37287.0,1074.488,,38414.49
e-599,1784557217847.9905,1784557217851,1784557255138.0,1784557256212.4885,3.01,37287.0,1074.489,,38364.498
e-600,1784557217897.999,1784557218900,1784557255138.0,1784557256212.4888,1002.001,36238.0,1074.489,,38314.49
e-601,1784557217947.9985,1784557218900,1784557255138.0,1784557256212.6409,952.001,36238.0,1074.641,,38264.642
e-602,1784557217997.9993,1784557218900,1784557255139.0,1784557256212.6418,902.001,36239.0,1073.642,,38214.643
e-603,1784557218048.0,1784557218900,1784557255139.0,1784557256212.642,852.0,36239.0,1073.642,,38164.642
e-604,1784557218098.0146,1784557218900,1784557255140.0,1784557256212.6426,801.985,36240.0,1072.643,,38114.628
e-605,1784557218150.5535,1784557218900,1784557255140.0,1784557256212.6428,749.447,36240.0,1072.643,,38062.089
e-606,1784557218197.9922,1784557218900,1784557255148.0,1784557256212.6433,702.008,36248.0,1064.643,,38014.651
e-607,1784557218247.9907,1784557218900,1784557255148.0,1784557256212.6436,652.009,36248.0,1064.644,,37964.653
e-608,1784557218297.9958,1784557218900,1784557255148.0,1784557256212.644,602.004,36248.0,1064.644,,37914.648
e-609,1784557218347.9912,1784557218900,1784557255149.0,1784557256212.6494,552.009,36249.0,1063.649,,37864.658
e-610,1784557218397.9927,1784557218900,1784557255149.0,1784557256212.6497,502.007,36249.0,1063.65,,37814.657
e-611,1784557218447.997,1784557218900,1784557255149.0,1784557256212.7283,452.003,36249.0,1063.728,,37764.731
e-612,1784557218497.996,1784557218900,1784557255149.0,1784557256212.7292,402.004,36249.0,1063.729,,37714.733
e-613,1784557218547.997,1784557218900,1784557255149.0,1784557256212.735,352.003,36249.0,1063.735,,37664.738
e-614,1784557218597.9893,1784557218900,1784557255149.0,1784557256212.7356,302.011,36249.0,1063.736,,37614.746
e-615,1784557218647.994,1784557218900,1784557255149.0,1784557256212.7358,252.006,36249.0,1063.736,,37564.742
e-616,1784557218697.9934,1784557218900,1784557255149.0,1784557256212.7363,202.007,36249.0,1063.736,,37514.743
e-617,1784557218747.9956,1784557218900,1784557255149.0,1784557256212.7366,152.004,36249.0,1063.737,,37464.741
e-618,1784557218797.9993,1784557218900,1784557255150.0,1784557256212.737,102.001,36250.0,1062.737,,37414.738
e-619,1784557218848.0083,1784557218900,1784557255150.0,1784557256212.7373,51.992,36250.0,1062.737,,37364.729
e-620,1784557218897.9924,1784557218900,1784557255150.0,1784557256212.7378,2.008,36250.0,1062.738,,37314.745
e-621,1784557218947.9946,1784557219952,1784557255150.0,1784557256212.7383,1004.005,35198.0,1062.738,,37264.744
e-622,1784557218998.004,1784557219952,1784557255150.0,1784557256212.7385,953.996,35198.0,1062.739,,37214.735
e-623,1784557219048.0093,1784557219952,1784557255150.0,1784557256212.8232,903.991,35198.0,1062.823,,37164.814
e-624,1784557219097.9963,1784557219952,1784557255151.0,1784557256212.824,854.004,35199.0,1061.824,,37114.828
e-625,1784557219147.9993,1784557219952,1784557255151.0,1784557256212.8245,804.001,35199.0,1061.824,,37064.825
e-626,1784557219198.0012,1784557219952,1784557255151.0,1784557256212.8247,753.999,35199.0,1061.825,,37014.823
e-627,1784557219248.0085,1784557219952,1784557255151.0,1784557256212.8289,703.991,35199.0,1061.829,,36964.82
e-628,1784557219297.9988,1784557219952,1784557255151.0,1784557256212.8293,654.001,35199.0,1061.829,,36914.831
e-629,1784557219347.991,1784557219952,1784557255151.0,1784557256212.8298,604.009,35199.0,1061.83,,36864.839
e-630,1784557219397.9973,1784557219952,1784557255151.0,1784557256212.8333,554.003,35199.0,1061.833,,36814.836
e-631,1784557219447.9956,1784557219952,1784557255151.0,1784557256212.8335,504.004,35199.0,1061.833,,36764.838
e-632,1784557219497.9993,1784557219952,1784557255151.0,1784557256212.834,454.001,35199.0,1061.834,,36714.835
e-633,1784557219547.9932,1784557219952,1784557255152.0,1784557256212.9438,404.007,35200.0,1060.944,,36664.951
e-634,1784557219597.992,1784557219952,1784557255152.0,1784557256212.9446,354.008,35200.0,1060.945,,36614.953
e-635,1784557219647.9944,1784557219952,1784557255152.0,1784557256212.9448,304.006,35200.0,1060.945,,36564.95
e-636,1784557219697.9954,1784557219952,1784557255152.0,1784557256212.945,254.005,35200.0,1060.945,,36514.95
e-637,1784557219747.994,1784557219952,1784557255152.0,1784557256212.9453,204.006,35200.0,1060.945,,36464.951
e-638,1784557219797.9902,1784557219952,1784557255152.0,1784557256213.0361,154.01,35200.0,1061.036,,36415.046
e-639,1784557219847.9993,1784557219952,1784557255152.0,1784557256213.037,104.001,35200.0,1061.037,,36365.038
e-640,1784557219897.9927,1784557219952,1784557255152.0,1784557256213.0374,54.007,35200.0,1061.037,,36315.045
e-641,1784557219948.01,1784557219952,1784557255152.0,1784557256213.0378,3.99,35200.0,1061.038,,36265.028
e-642,1784557219997.9983,1784557221001,1784557255152.0,1784557256213.038,1003.002,34151.0,1061.038,,36215.04
e-643,1784557220048.0007,1784557221001,1784557255152.0,1784557256213.0386,952.999,34151.0,1061.039,,36165.038
e-644,1784557220097.9875,1784557221001,1784557255153.0,1784557256213.0388,903.012,34152.0,1060.039,,36115.051
e-645,1784557220147.9915,1784557221001,1784557255153.0,1784557256213.039,853.009,34152.0,1060.039,,36065.048
e-646,1784557220197.996,1784557221001,1784557255153.0,1784557256213.0396,803.004,34152.0,1060.04,,36015.043
e-647,1784557220247.9949,1784557221001,1784557255153.0,1784557256213.1562,753.005,34152.0,1060.156,,35965.161
e-648,1784557220297.9941,1784557221001,1784557255153.0,1784557256213.157,703.006,34152.0,1060.157,,35915.163
e-649,1784557220348.0005,1784557221001,1784557255153.0,1784557256213.1572,653.0,34152.0,1060.157,,35865.157
e-650,1784557220397.9937,1784557221001,1784557255153.0,1784557256213.1575,603.006,34152.0,1060.157,,35815.164
e-651,1784557220448.0166,1784557221001,1784557255153.0,1784557256213.1577,552.983,34152.0,1060.158,,35765.141
e-652,1784557220497.9985,1784557221001,1784557255153.0,1784557256213.1624,503.001,34152.0,1060.162,,35715.164
e-653,1784557220547.9937,1784557221001,1784557255153.0,1784557256213.1628,453.006,34152.0,1060.163,,35665.169
e-654,1784557220597.9949,1784557221001,1784557255153.0,1784557256213.1633,403.005,34152.0,1060.163,,35615.168
e-655,1784557220647.995,1784557221001,1784557255153.0,1784557256213.1636,353.005,34152.0,1060.164,,35565.168
e-656,1784557220697.9932,1784557221001,1784557255154.0,1784557256213.164,303.007,34153.0,1059.164,,35515.171
e-657,1784557220747.9988,1784557221001,1784557255154.0,1784557256213.1643,253.001,34153.0,1059.164,,35465.166
e-658,1784557220797.9912,1784557221001,1784557255154.0,1784557256213.1646,203.009,34153.0,1059.165,,35415.173
e-659,1784557220847.9932,1784557221001,1784557255154.0,1784557256213.1648,153.007,34153.0,1059.165,,35365.172
e-660,1784557220897.9941,1784557221001,1784557255154.0,1784557256213.165,103.006,34153.0,1059.165,,35315.171
e-661,1784557220947.993,1784557221001,1784557255154.0,1784557256213.1655,53.007,34153.0,1059.166,,35265.173
e-662,1784557220997.9976,1784557221001,1784557255154.0,1784557256213.1658,3.002,34153.0,1059.166,,35215.168
e-663,1784557221047.9985,1784557222051,1784557255154.0,1784557256213.166,1003.001,33103.0,1059.166,,35165.167
e-664,1784557221097.9995,1784557222051,1784557255154.0,1784557256213.1665,953.0,33103.0,1059.167,,35115.167
e-665,1784557221148.0005,1784557222051,1784557255154.0,1784557256213.229,903.0,33103.0,1059.229,,35065.229
e-666,1784557221197.9976,1784557222051,1784557255154.0,1784557256213.23,853.002,33103.0,1059.23,,35015.232
e-667,1784557221247.9968,1784557222051,1784557255155.0,1784557256213.2302,803.003,33104.0,1058.23,,34965.233
e-668,1784557221297.9946,1784557222051,1784557255155.0,1784557256213.2307,753.005,33104.0,1058.231,,34915.236
e-669,1784557221347.9949,1784557222051,1784557255155.0,1784557256216.7075,703.005,33104.0,1061.708,,34868.713
e-670,1784557221397.996,1784557222051,1784557255155.0,1784557256216.7095,653.004,33104.0,1061.709,,34818.713
e-671,1784557221447.9917,1784557222051,1784557255155.0,1784557256216.71,603.008,33104.0,1061.71,,34768.718
e-672,1784557221497.9941,1784557222051,1784557255155.0,1784557256216.7102,553.006,33104.0,1061.71,,34718.716
e-673,1784557221547.9934,1784557222051,1784557255155.0,1784557256216.719,503.007,33104.0,1061.719,,34668.726
e-674,1784557221597.997,1784557222051,1784557255155.0,1784557256216.7192,453.003,33104.0,1061.719,,34618.722
e-675,1784557221647.9934,1784557222051,1784557255155.0,1784557256216.7197,403.007,33104.0,1061.72,,34568.726
e-676,1784557221697.9978,1784557222051,1784557255155.0,1784557256216.72,353.002,33104.0,1061.72,,34518.722
e-677,1784557221747.998,1784557222051,1784557255155.0,1784557256216.777,303.002,33104.0,1061.777,,34468.779
e-678,1784557221797.9978,1784557222051,1784557255156.0,1784557256216.7776,253.002,33105.0,1060.778,,34418.78
e-679,1784557221847.9963,1784557222051,1784557255156.0,1784557256216.7778,203.004,33105.0,1060.778,,34368.781
e-680,1784557221897.9995,1784557222051,1784557255156.0,1784557256216.7783,153.0,33105.0,1060.778,,34318.779
e-681,1784557221947.998,1784557222051,1784557255156.0,1784557256216.7786,103.002,33105.0,1060.779,,34268.781
e-682,1784557221997.9873,1784557222051,1784557255156.0,1784557256216.7788,53.013,33105.0,1060.779,,34218.792
e-683,1784557222047.9946,1784557222051,1784557255156.0,1784557256216.7793,3.005,33105.0,1060.779,,34168.785
e-684,1784557222097.9973,1784557223100,1784557255156.0,1784557256216.7795,1002.003,32056.0,1060.78,,34118.782
e-685,1784557222147.9924,1784557223100,1784557255156.0,1784557256216.7798,952.008,32056.0,1060.78,,34068.787
e-686,1784557222198.0044,1784557223100,1784557255157.0,1784557256216.7803,901.996,32057.0,1059.78,,34018.776
e-687,1784557222247.9966,1784557223100,1784557255157.0,1784557256216.7805,852.003,32057.0,1059.781,,33968.784
e-688,1784557222297.9922,1784557223100,1784557255157.0,1784557256216.7808,802.008,32057.0,1059.781,,33918.789
e-689,1784557222348.0032,1784557223100,1784557255157.0,1784557256216.781,751.997,32057.0,1059.781,,33868.778
e-690,1784557222397.9954,1784557223100,1784557255157.0,1784557256216.7815,702.005,32057.0,1059.781,,33818.786
e-691,1784557222448.0002,1784557223100,1784557255157.0,1784557256216.7964,652.0,32057.0,1059.796,,33768.796
e-692,1784557222498.0002,1784557223100,1784557255157.0,1784557256216.7966,602.0,32057.0,1059.797,,33718.796
e-693,1784557222547.9932,1784557223100,1784557255157.0,1784557256216.797,552.007,32057.0,1059.797,,33668.804
e-694,1784557222597.9937,1784557223100,1784557255157.0,1784557256216.8147,502.006,32057.0,1059.815,,33618.821
e-695,1784557222647.9912,1784557223100,1784557255157.0,1784557256216.8208,452.009,32057.0,1059.821,,33568.83
e-696,1784557222697.9897,1784557223100,1784557255158.0,1784557256216.869,402.01,32058.0,1058.869,,33518.879
e-697,1784557222747.993,1784557223100,1784557255158.0,1784557256217.1355,352.007,32058.0,1059.135,,33469.143
e-698,1784557222798.008,1784557223100,1784557255158.0,1784557256217.138,301.992,32058.0,1059.138,,33419.13
e-699,1784557222847.9949,1784557223100,1784557255158.0,1784557256217.1487,252.005,32058.0,1059.149,,33369.154
e-700,1784557222897.9944,1784557223100,1784557255158.0,1784557256217.1497,202.006,32058.0,1059.15,,33319.155
e-701,1784557222948.2554,1784557223100,1784557255158.0,1784557256217.1506,151.745,32058.0,1059.151,,33268.895
e-702,1784557222997.9937,1784557223100,1784557255158.0,1784557256217.1514,102.006,32058.0,1059.151,,33219.158
e-703,1784557223047.9927,1784557223100,1784557255158.0,1784557256217.152,52.007,32058.0,1059.152,,33169.159
e-704,1784557223098.001,1784557223100,1784557255158.0,1784557256217.1528,1.999,32058.0,1059.153,,33119.152
e-705,1784557223147.997,1784557224151,1784557255158.0,1784557256217.1538,1003.003,31007.0,1059.154,,33069.157
e-706,1784557223197.9937,1784557224151,1784557255158.0,1784557256217.1545,953.006,31007.0,1059.155,,33019.161
e-707,1784557223248.0012,1784557224151,1784557255159.0,1784557256217.155,902.999,31008.0,1058.155,,32969.154
e-708,1784557223297.9954,1784557224151,1784557255159.0,1784557256217.156,853.005,31008.0,1058.156,,32919.161
e-709,1784557223348.024,1784557224151,1784557255159.0,1784557256217.1567,802.976,31008.0,1058.157,,32869.133
e-710,1784557223397.9941,1784557224151,1784557255159.0,1784557256217.1575,753.006,31008.0,1058.157,,32819.163
e-711,1784557223448.017,1784557224151,1784557255159.0,1784557256217.1582,702.983,31008.0,1058.158,,32769.141
e-712,1784557223498.0034,1784557224151,1784557255159.0,1784557256217.159,652.997,31008.0,1058.159,,32719.156
e-713,1784557223547.9934,1784557224151,1784557255159.0,1784557256217.1597,603.007,31008.0,1058.16,,32669.166
e-714,1784557223597.9917,1784557224151,1784557255159.0,1784557256217.1602,553.008,31008.0,1058.16,,32619.168
e-715,1784557223647.9905,1784557224151,1784557255159.0,1784557256217.1658,503.01,31008.0,1058.166,,32569.175
e-716,1784557223697.9941,1784557224151,1784557255159.0,1784557256217.1667,453.006,31008.0,1058.167,,32519.173
e-717,1784557223748.0144,1784557224151,1784557255159.0,1784557256217.1672,402.986,31008.0,1058.167,,32469.153
e-718,1784557223797.999,1784557224151,1784557255159.0,1784557256217.168,353.001,31008.0,1058.168,,32419.169
e-719,1784557223847.9866,1784557224151,1784557255160.0,1784557256217.1685,303.013,31009.0,1057.168,,32369.182
e-720,1784557223897.992,1784557224151,1784557255160.0,1784557256217.1826,253.008,31009.0,1057.183,,32319.191
e-721,1784557223947.997,1784557224151,1784557255160.0,1784557256217.1836,203.003,31009.0,1057.184,,32269.187
e-722,1784557223997.9941,1784557224151,1784557255160.0,1784557256217.184,153.006,31009.0,1057.184,,32219.19
e-723,1784557224047.996,1784557224151,1784557255160.0,1784557256217.1848,103.004,31009.0,1057.185,,32169.189
e-724,1784557224097.987,1784557224151,1784557255160.0,1784557256217.1855,53.013,31009.0,1057.186,,32119.198
e-725,1784557224147.9966,1784557224151,1784557255160.0,1784557256217.186,3.003,31009.0,1057.186,,32069.189
e-726,1784557224197.9927,1784557225200,1784557255160.0,1784557256217.1868,1002.007,29960.0,1057.187,,32019.194
e-727,1784557224247.9927,1784557225200,1784557255160.0,1784557256217.1875,952.007,29960.0,1057.188,,31969.195
e-728,1784557224297.9983,1784557225200,1784557255160.0,1784557256217.1882,902.002,29960.0,1057.188,,31919.19
e-729,1784557224347.9963,1784557225200,1784557255160.0,1784557256217.2212,852.004,29960.0,1057.221,,31869.225
e-730,1784557224397.9995,1784557225200,1784557255160.0,1784557256217.222,802.0,29960.0,1057.222,,31819.222
e-731,1784557224447.9995,1784557225200,1784557255161.0,1784557256217.2224,752.0,29961.0,1056.222,,31769.223
e-732,1784557224497.9988,1784557225200,1784557255161.0,1784557256217.3247,702.001,29961.0,1056.325,,31719.326
e-733,1784557224547.991,1784557225200,1784557255161.0,1784557256217.3254,652.009,29961.0,1056.325,,31669.334
e-734,1784557224597.996,1784557225200,1784557255161.0,1784557256217.326,602.004,29961.0,1056.326,,31619.33
e-735,1784557224647.991,1784557225200,1784557255161.0,1784557256217.3264,552.009,29961.0,1056.326,,31569.335
e-736,1784557224697.9934,1784557225200,1784557255161.0,1784557256217.3267,502.007,29961.0,1056.327,,31519.333
e-737,1784557224747.9956,1784557225200,1784557255161.0,1784557256217.3318,452.004,29961.0,1056.332,,31469.336
e-738,1784557224797.9954,1784557225200,1784557255161.0,1784557256217.3323,402.005,29961.0,1056.332,,31419.337
e-739,1784557224847.9944,1784557225200,1784557255161.0,1784557256217.3706,352.006,29961.0,1056.371,,31369.376
e-740,1784557224897.9949,1784557225200,1784557255161.0,1784557256217.3713,302.005,29961.0,1056.371,,31319.376
e-741,1784557224947.9949,1784557225200,1784557255161.0,1784557256217.3716,252.005,29961.0,1056.372,,31269.377
e-742,1784557224997.9968,1784557225200,1784557255161.0,1784557256217.372,202.003,29961.0,1056.372,,31219.375
e-743,1784557225047.993,1784557225200,1784557255161.0,1784557256217.3723,152.007,29961.0,1056.372,,31169.379
e-744,1784557225097.9958,1784557225200,1784557255162.0,1784557256217.3726,102.004,29962.0,1055.373,,31119.377
e-745,1784557225147.999,1784557225200,1784557255162.0,1784557256217.373,52.001,29962.0,1055.373,,31069.374
e-746,1784557225197.996,1784557225200,1784557255162.0,1784557256217.3733,2.004,29962.0,1055.373,,31019.377
e-747,1784557225247.9973,1784557226250,1784557255162.0,1784557256217.3738,1002.003,28912.0,1055.374,,30969.376
e-748,1784557225297.9954,1784557226250,1784557255162.0,1784557256217.395,952.005,28912.0,1055.395,,30919.4
e-749,1784557225347.9922,1784557226250,1784557255162.0,1784557256217.3958,902.008,28912.0,1055.396,,30869.404
e-750,1784557225397.9968,1784557226250,1784557255162.0,1784557256217.3994,852.003,28912.0,1055.399,,30819.403
e-751,1784557225447.9878,1784557226250,1784557255162.0,1784557256217.3997,802.012,28912.0,1055.4,,30769.412
e-752,1784557225498.0007,1784557226250,1784557255162.0,1784557256217.436,751.999,28912.0,1055.436,,30719.435
e-753,1784557225547.9893,1784557226250,1784557255162.0,1784557256217.4368,702.011,28912.0,1055.437,,30669.448
e-754,1784557225597.9934,1784557226250,1784557255163.0,1784557256217.4565,652.007,28913.0,1054.457,,30619.463
e-755,1784557225647.9895,1784557226250,1784557255163.0,1784557256217.4573,602.01,28913.0,1054.457,,30569.468
e-756,1784557225697.9976,1784557226250,1784557255163.0,1784557256217.4692,552.002,28913.0,1054.469,,30519.472
e-757,1784557225747.9946,1784557226250,1784557255163.0,1784557256217.4697,502.005,28913.0,1054.47,,30469.475
e-758,1784557225797.9885,1784557226250,1784557255163.0,1784557256217.4846,452.011,28913.0,1054.485,,30419.496
e-759,1784557225847.9927,1784557226250,1784557255163.0,1784557256217.4895,402.007,28913.0,1054.49,,30369.497
e-760,1784557225898.0002,1784557226250,1784557255163.0,1784557256217.4897,352.0,28913.0,1054.49,,30319.49
e-761,1784557225947.9983,1784557226250,1784557255163.0,1784557256217.628,302.002,28913.0,1054.628,,30269.63
e-762,1784557225997.9998,1784557226250,1784557255163.0,1784557256217.6296,252.0,28913.0,1054.63,,30219.63
e-763,1784557226047.9937,1784557226250,1784557255163.0,1784557256217.6304,202.006,28913.0,1054.63,,30169.637
e-764,1784557226097.9973,1784557226250,1784557255163.0,1784557256217.6313,152.003,28913.0,1054.631,,30119.634
e-765,1784557226147.9976,1784557226250,1784557255164.0,1784557256217.632,102.002,28914.0,1053.632,,30069.635
e-766,1784557226198.0007,1784557226250,1784557255164.0,1784557256217.6326,51.999,28914.0,1053.633,,30019.632
e-767,1784557226247.9944,1784557226250,1784557255164.0,1784557256217.6333,2.006,28914.0,1053.633,,29969.639
e-768,1784557226297.997,1784557227300,1784557255164.0,1784557256217.634,1002.003,27864.0,1053.634,,29919.637
e-769,1784557226347.996,1784557227300,1784557255164.0,1784557256217.6348,952.004,27864.0,1053.635,,29869.639
e-770,1784557226398.0046,1784557227300,1784557255164.0,1784557256217.6355,901.995,27864.0,1053.635,,29819.631
e-771,1784557226448.002,1784557227300,1784557255164.0,1784557256217.6658,851.998,27864.0,1053.666,,29769.664
e-772,1784557226497.9973,1784557227300,1784557255164.0,1784557256217.667,802.003,27864.0,1053.667,,29719.67
e-773,1784557226547.9978,1784557227300,1784557255164.0,1784557256217.6677,752.002,27864.0,1053.668,,29669.67
e-774,1784557226597.9954,1784557227300,1784557255164.0,1784557256217.6685,702.005,27864.0,1053.668,,29619.673
e-775,1784557226647.9885,1784557227300,1784557255165.0,1784557256217.6768,652.011,27865.0,1052.677,,29569.688
e-776,1784557226697.9944,1784557227300,1784557255165.0,1784557256217.7122,602.006,27865.0,1052.712,,29519.718
e-777,1784557226747.9983,1784557227300,1784557255165.0,1784557256217.7407,552.002,27865.0,1052.741,,29469.742
e-778,1784557226797.9924,1784557227300,1784557255165.0,1784557256217.7417,502.008,27865.0,1052.742,,29419.749
e-779,1784557226847.9973,1784557227300,1784557255165.0,1784557256217.7603,452.003,27865.0,1052.76,,29369.763
e-780,1784557226897.9944,1784557227300,1784557255165.0,1784557256217.761,402.006,27865.0,1052.761,,29319.767
e-781,1784557226947.9968,1784557227300,1784557255165.0,1784557256217.7617,352.003,27865.0,1052.762,,29269.765
e-782,1784557226997.9963,1784557227300,1784557255165.0,1784557256217.8481,302.004,27865.0,1052.848,,29219.852
e-783,1784557227047.993,1784557227300,1784557255165.0,1784557256217.8557,252.007,27865.0,1052.856,,29169.863
e-784,1784557227097.9944,1784557227300,1784557255165.0,1784557256217.8564,202.006,27865.0,1052.856,,29119.862
e-785,1784557227147.9973,1784557227300,1784557255165.0,1784557256217.8572,152.003,27865.0,1052.857,,29069.86
e-786,1784557227198.0068,1784557227300,1784557255166.0,1784557256217.858,101.993,27866.0,1051.858,,29019.851
e-787,1784557227247.992,1784557227300,1784557255166.0,1784557256217.8586,52.008,27866.0,1051.859,,28969.867
e-788,1784557227297.988,1784557227300,1784557255166.0,1784557256217.9421,2.012,27866.0,1051.942,,28919.954
e-789,1784557227347.9978,1784557228351,1784557255166.0,1784557256217.9434,1003.002,26815.0,1051.943,,28869.946
e-790,1784557227398.0002,1784557228351,1784557255166.0,1784557256217.944,953.0,26815.0,1051.944,,28819.944
e-791,1784557227447.999,1784557228351,1784557255166.0,1784557256217.9448,903.001,26815.0,1051.945,,28769.946
e-792,1784557227497.9949,1784557228351,1784557255166.0,1784557256217.9453,853.005,26815.0,1051.945,,28719.95
e-793,1784557227547.9932,1784557228351,1784557255166.0,1784557256217.946,803.007,26815.0,1051.946,,28669.953
e-794,1784557227598.0002,1784557228351,1784557255166.0,1784557256217.9468,753.0,26815.0,1051.947,,28619.947
e-795,1784557227648.0005,1784557228351,1784557255167.0,1784557256217.9473,703.0,26816.0,1050.947,,28569.947
e-796,1784557227698.0054,1784557228351,1784557255167.0,1784557256217.948,652.995,26816.0,1050.948,,28519.943
e-797,1784557227748.0066,1784557228351,1784557255167.0,1784557256217.9487,602.993,26816.0,1050.949,,28469.942
e-798,1784557227797.9954,1784557228351,1784557255167.0,1784557256217.9495,553.005,26816.0,1050.949,,28419.954
e-799,1784557227847.9915,1784557228351,1784557255167.0,1784557256217.958,503.009,26816.0,1050.958,,28369.967
e-800,1784557227898.0222,1784557228351,1784557255167.0,1784557256217.966,452.978,26816.0,1050.966,,28319.944
e-801,1784557227948.0056,1784557228351,1784557255167.0,1784557256217.967,402.994,26816.0,1050.967,,28269.961
e-802,1784557227998.0046,1784557228351,1784557255167.0,1784557256217.9912,352.995,26816.0,1050.991,,28219.987
e-803,1784557228047.9922,1784557228351,1784557255167.0,1784557256217.992,303.008,26816.0,1050.992,,28170.0
e-804,1784557228097.9946,1784557228351,1784557255167.0,1784557256217.9922,253.005,26816.0,1050.992,,28119.998
e-805,1784557228147.995,1784557228351,1784557255168.0,1784557256218.063,203.005,26817.0,1050.063,,28070.068
e-806,1784557228197.9924,1784557228351,1784557255168.0,1784557256218.0637,153.008,26817.0,1050.064,,28020.071
e-807,1784557228247.992,1784557228351,1784557255168.0,1784557256218.0642,103.008,26817.0,1050.064,,27970.072
e-808,1784557228297.9546,1784557228351,1784557255168.0,1784557256218.0645,53.045,26817.0,1050.064,,27920.11
e-809,1784557228347.9988,1784557228351,1784557255168.0,1784557256218.065,3.001,26817.0,1050.065,,27870.066
e-810,1784557228397.9917,1784557229400,1784557255168.0,1784557256218.0852,1002.008,25768.0,1050.085,,27820.094
e-811,1784557228447.9927,1784557229400,1784557255168.0,1784557256218.0857,952.007,25768.0,1050.086,,27770.093
e-812,1784557228497.994,1784557229400,1784557255168.0,1784557256218.1238,902.006,25768.0,1050.124,,27720.13
e-813,1784557228547.9946,1784557229400,1784557255168.0,1784557256218.1245,852.005,25768.0,1050.125,,27670.13
e-814,1784557228597.9963,1784557229400,1784557255168.0,1784557256218.1248,802.004,25768.0,1050.125,,27620.128
e-815,1784557228647.993,1784557229400,1784557255168.0,1784557256218.125,752.007,25768.0,1050.125,,27570.132
e-816,1784557228697.9958,1784557229400,1784557255168.0,1784557256218.1865,702.004,25768.0,1050.187,,27520.191
e-817,1784557228747.9922,1784557229400,1784557255169.0,1784557256218.1873,652.008,25769.0,1049.187,,27470.195
e-818,1784557228797.9941,1784557229400,1784557255169.0,1784557256218.1877,602.006,25769.0,1049.188,,27420.194
e-819,1784557228847.9954,1784557229400,1784557255169.0,1784557256218.1965,552.005,25769.0,1049.197,,27370.201
e-820,1784557228897.9941,1784557229400,1784557255169.0,1784557256218.197,502.006,25769.0,1049.197,,27320.203
e-821,1784557228947.9946,1784557229400,1784557255169.0,1784557256218.1973,452.005,25769.0,1049.197,,27270.203
e-822,1784557228997.9954,1784557229400,1784557255169.0,1784557256218.2053,402.005,25769.0,1049.205,,27220.21
e-823,1784557229047.9946,1784557229400,1784557255169.0,1784557256218.2058,352.005,25769.0,1049.206,,27170.211
e-824,1784557229097.9934,1784557229400,1784557255169.0,1784557256218.209,302.007,25769.0,1049.209,,27120.216
e-825,1784557229147.9963,1784557229400,1784557255169.0,1784557256218.2092,252.004,25769.0,1049.209,,27070.213
e-826,1784557229197.9958,1784557229400,1784557255169.0,1784557256218.2727,202.004,25769.0,1049.273,,27020.277
e-827,1784557229248.0024,1784557229400,1784557255169.0,1784557256218.2744,151.998,25769.0,1049.274,,26970.272
e-828,1784557229297.9937,1784557229400,1784557255169.0,1784557256218.2754,102.006,25769.0,1049.275,,26920.282
e-829,1784557229348.006,1784557229400,1784557255170.0,1784557256218.2761,51.994,25770.0,1048.276,,26870.27
e-830,1784557229397.9949,1784557229400,1784557255170.0,1784557256218.2769,2.005,25770.0,1048.277,,26820.282
e-831,1784557229447.9941,1784557230451,1784557255170.0,1784557256218.2773,1003.006,24719.0,1048.277,,26770.283
e-832,1784557229497.988,1784557230451,1784557255170.0,1784557256218.278,953.012,24719.0,1048.278,,26720.29
e-833,1784557229548.005,1784557230451,1784557255170.0,1784557256218.2988,902.995,24719.0,1048.299,,26670.294
e-834,1784557229597.9954,1784557230451,1784557255170.0,1784557256218.2996,853.005,24719.0,1048.3,,26620.304
e-835,1784557229647.9915,1784557230451,1784557255170.0,1784557256218.3003,803.009,24719.0,1048.3,,26570.309
e-836,1784557229697.9978,1784557230451,1784557255170.0,1784557256218.3345,753.002,24719.0,1048.334,,26520.337
e-837,1784557229747.9983,1784557230451,1784557255170.0,1784557256218.3354,703.002,24719.0,1048.335,,26470.337
e-838,1784557229798.0002,1784557230451,1784557255170.0,1784557256218.3357,653.0,24719.0,1048.336,,26420.335
e-839,1784557229848.008,1784557230451,1784557255171.0,1784557256218.3362,602.992,24720.0,1047.336,,26370.328
e-840,1784557229897.9963,1784557230451,1784557255171.0,1784557256218.411,553.004,24720.0,1047.411,,26320.415
e-841,1784557229947.9995,1784557230451,1784557255171.0,1784557256218.4126,503.0,24720.0,1047.413,,26270.413
e-842,1784557229997.9995,1784557230451,1784557255171.0,1784557256218.5862,453.0,24720.0,1047.586,,26220.587
e-843,1784557230047.9888,1784557230451,1784557255171.0,1784557256218.5964,403.011,24720.0,1047.596,,26170.608
e-844,1784557230097.994,1784557230451,1784557255171.0,1784557256218.5974,353.006,24720.0,1047.597,,26120.604
e-845,1784557230147.9858,1784557230451,1784557255171.0,1784557256218.598,303.014,24720.0,1047.598,,26070.612
e-846,1784557230197.9846,1784557230451,1784557255171.0,1784557256218.5986,253.015,24720.0,1047.599,,26020.614
e-847,1784557230248.0024,1784557230451,1784557255171.0,1784557256218.599,202.998,24720.0,1047.599,,25970.597
e-848,1784557230297.9922,1784557230451,1784557255171.0,1784557256218.5999,153.008,24720.0,1047.6,,25920.608
e-849,1784557230351.565,1784557230451,1784557255171.0,1784557256218.6003,99.435,24720.0,1047.6,,25867.035
e-850,1784557230397.996,1784557230451,1784557255172.0,1784557256218.601,53.004,24721.0,1046.601,,25820.605
e-851,1784557230447.9941,1784557230451,1784557255172.0,1784557256218.6016,3.006,24721.0,1046.602,,25770.607
e-852,1784557230497.999,1784557231500,1784557255172.0,1784557256218.6023,1002.001,23672.0,1046.602,,25720.603
e-853,1784557230547.9963,1784557231500,1784557255172.0,1784557256218.603,952.004,23672.0,1046.603,,25670.607
e-854,1784557230597.9985,1784557231500,1784557255172.0,1784557256218.6035,902.001,23672.0,1046.604,,25620.605
e-855,1784557230647.99,1784557231500,1784557255172.0,1784557256218.6042,852.01,23672.0,1046.604,,25570.614
e-856,1784557230697.9949,1784557231500,1784557255172.0,1784557256218.6047,802.005,23672.0,1046.605,,25520.61
e-857,1784557230747.988,1784557231500,1784557255172.0,1784557256218.6055,752.012,23672.0,1046.605,,25470.617
e-858,1784557230797.9873,1784557231500,1784557255172.0,1784557256218.606,702.013,23672.0,1046.606,,25420.619
e-859,1784557230847.9878,1784557231500,1784557255172.0,1784557256218.6067,652.012,23672.0,1046.607,,25370.619
e-860,1784557230897.9907,1784557231500,1784557255173.0,1784557256218.6072,602.009,23673.0,1045.607,,25320.616
e-861,1784557230947.99,1784557231500,1784557255173.0,1784557256218.6091,552.01,23673.0,1045.609,,25270.619
e-862,1784557230997.9934,1784557231500,1784557255173.0,1784557256218.6099,502.007,23673.0,1045.61,,25220.616
e-863,1784557231047.9998,1784557231500,1784557255173.0,1784557256218.6106,452.0,23673.0,1045.611,,25170.611
e-864,1784557231097.998,1784557231500,1784557255173.0,1784557256218.6155,402.002,23673.0,1045.615,,25120.617
e-865,1784557231147.992,1784557231500,1784557255173.0,1784557256218.6162,352.008,23673.0,1045.616,,25070.624
e-866,1784557231197.9937,1784557231500,1784557255173.0,1784557256218.617,302.006,23673.0,1045.617,,25020.623
e-867,1784557231247.994,1784557231500,1784557255173.0,1784557256218.6719,252.006,23673.0,1045.672,,24970.678
e-868,1784557231297.9934,1784557231500,1784557255173.0,1784557256218.6777,202.007,23673.0,1045.678,,24920.684
e-869,1784557231347.9973,1784557231500,1784557255173.0,1784557256218.6785,152.003,23673.0,1045.678,,24870.681
e-870,1784557231397.999,1784557231500,1784557255173.0,1784557256218.6792,102.001,23673.0,1045.679,,24820.68
e-871,1784557231448.0034,1784557231500,1784557255173.0,1784557256218.6802,51.997,23673.0,1045.68,,24770.677
e-872,1784557231497.9934,1784557231500,1784557255173.0,1784557256218.6877,2.007,23673.0,1045.688,,24720.694
e-873,1784557231547.9897,1784557232550,1784557255173.0,1784557256218.6885,1002.01,22623.0,1045.688,,24670.699
e-874,1784557231597.9932,1784557232550,1784557255174.0,1784557256218.6895,952.007,22624.0,1044.689,,24620.696
e-875,1784557231647.993,1784557232550,1784557255174.0,1784557256218.6902,902.007,22624.0,1044.69,,24570.697
e-876,1784557231697.9944,1784557232550,1784557255174.0,1784557256218.691,852.006,22624.0,1044.691,,24520.697
e-877,1784557231747.994,1784557232550,1784557255174.0,1784557256218.6978,802.006,22624.0,1044.698,,24470.704
e-878,1784557231797.9927,1784557232550,1784557255174.0,1784557256218.6985,752.007,22624.0,1044.698,,24420.706
e-879,1784557231847.992,1784557232550,1784557255174.0,1784557256218.6992,702.008,22624.0,1044.699,,24370.707
e-880,1784557231897.9924,1784557232550,1784557255174.0,1784557256218.7,652.008,22624.0,1044.7,,24320.708
e-881,1784557231947.9917,1784557232550,1784557255174.0,1784557256218.7124,602.008,22624.0,1044.712,,24270.721
e-882,1784557231997.997,1784557232550,1784557255174.0,1784557256218.7131,552.003,22624.0,1044.713,,24220.716
e-883,1784557232047.9934,1784557232550,1784557255174.0,1784557256218.7139,502.007,22624.0,1044.714,,24170.72
e-884,1784557232098.0051,1784557232550,1784557255174.0,1784557256218.7205,451.995,22624.0,1044.72,,24120.715
e-885,1784557232148.0059,1784557232550,1784557255174.0,1784557256218.7314,401.994,22624.0,1044.731,,24070.726
e-886,1784557232197.994,1784557232550,1784557255174.0,1784557256218.828,352.006,22624.0,1044.828,,24020.834
e-887,1784557232247.9912,1784557232550,1784557255175.0,1784557256218.8286,302.009,22625.0,1043.829,,23970.837
e-888,1784557232297.9937,1784557232550,1784557255175.0,1784557256218.8289,252.006,22625.0,1043.829,,23920.835
e-889,1784557232347.9956,1784557232550,1784557255175.0,1784557256218.829,202.004,22625.0,1043.829,,23870.833
e-890,1784557232397.994,1784557232550,1784557255175.0,1784557256218.8293,152.006,22625.0,1043.829,,23820.835
e-891,1784557232447.9902,1784557232550,1784557255175.0,1784557256218.834,102.01,22625.0,1043.834,,23770.844
e-892,1784557232497.9988,1784557232550,1784557255175.0,1784557256218.8342,52.001,22625.0,1043.834,,23720.835
e-893,1784557232547.9937,1784557232550,1784557255175.0,1784557256218.8345,2.006,22625.0,1043.834,,23670.841
e-894,1784557232598.0078,1784557233601,1784557255175.0,1784557256218.8347,1002.992,21574.0,1043.835,,23620.827
e-895,1784557232648.0012,1784557233601,1784557255175.0,1784557256218.8787,952.999,21574.0,1043.879,,23570.877
e-896,1784557232697.9958,1784557233601,1784557255176.0,1784557256218.8796,903.004,21575.0,1042.88,,23520.884
e-897,1784557232747.9941,1784557233601,1784557255176.0,1784557256218.8801,853.006,21575.0,1042.88,,23470.886
e-898,1784557232797.993,1784557233601,1784557255176.0,1784557256218.8804,803.007,21575.0,1042.88,,23420.887
e-899,1784557232847.9893,1784557233601,1784557255176.0,1784557256218.8809,753.011,21575.0,1042.881,,23370.892
e-900,1784557232897.9949,1784557233601,1784557255176.0,1784557256218.881,703.005,21575.0,1042.881,,23320.886
e-901,1784557232947.9897,1784557233601,1784557255176.0,1784557256218.8813,653.01,21575.0,1042.881,,23270.892
e-902,1784557232999.3013,1784557233601,1784557255176.0,1784557256218.8818,601.699,21575.0,1042.882,,23219.581
e-903,1784557233047.992,1784557233601,1784557255176.0,1784557256218.882,553.008,21575.0,1042.882,,23170.89
e-904,1784557233097.995,1784557233601,1784557255176.0,1784557256219.0056,503.005,21575.0,1043.006,,23121.01
e-905,1784557233147.9956,1784557233601,1784557255176.0,1784557256219.0076,453.004,21575.0,1043.008,,23071.012
e-906,1784557233198.0002,1784557233601,1784557255177.0,1784557256219.0085,403.0,21576.0,1042.009,,23021.008
e-907,1784557233247.994,1784557233601,1784557255177.0,1784557256219.018,353.006,21576.0,1042.018,,22971.024
e-908,1784557233297.994,1784557233601,1784557255177.0,1784557256219.019,303.006,21576.0,1042.019,,22921.025
e-909,1784557233347.9934,1784557233601,1784557255177.0,1784557256219.0198,253.007,21576.0,1042.02,,22871.026
e-910,1784557233397.9946,1784557233601,1784557255177.0,1784557256219.0203,203.005,21576.0,1042.02,,22821.026
e-911,1784557233447.9963,1784557233601,1784557255177.0,1784557256219.0208,153.004,21576.0,1042.021,,22771.024
e-912,1784557233497.9932,1784557233601,1784557255177.0,1784557256219.0215,103.007,21576.0,1042.021,,22721.028
e-913,1784557233547.996,1784557233601,1784557255177.0,1784557256219.0222,53.004,21576.0,1042.022,,22671.026
e-914,1784557233597.996,1784557233601,1784557255177.0,1784557256219.0232,3.004,21576.0,1042.023,,22621.027
e-915,1784557233648.0142,1784557234650,1784557255177.0,1784557256219.024,1001.986,20527.0,1042.024,,22571.01
e-916,1784557233697.9934,1784557234650,1784557255177.0,1784557256219.0244,952.007,20527.0,1042.024,,22521.031
e-917,1784557233748.0002,1784557234650,1784557255177.0,1784557256219.0352,902.0,20527.0,1042.035,,22471.035
e-918,1784557233797.995,1784557234650,1784557255178.0,1784557256219.0425,852.005,20528.0,1041.042,,22421.047
e-919,1784557233847.9954,1784557234650,1784557255178.0,1784557256219.0432,802.005,20528.0,1041.043,,22371.048
e-920,1784557233897.9912,1784557234650,1784557255178.0,1784557256219.044,752.009,20528.0,1041.044,,22321.053
e-921,1784557233947.9954,1784557234650,1784557255178.0,1784557256219.045,702.005,20528.0,1041.045,,22271.05
e-922,1784557233998.0012,1784557234650,1784557255178.0,1784557256219.0457,651.999,20528.0,1041.046,,22221.044
e-923,1784557234047.9968,1784557234650,1784557255178.0,1784557256219.0464,602.003,20528.0,1041.046,,22171.05
e-924,1784557234098.003,1784557234650,1784557255178.0,1784557256219.053,551.997,20528.0,1041.053,,22121.05
e-925,1784557234148.0044,1784557234650,1784557255178.0,1784557256219.0537,501.996,20528.0,1041.054,,22071.049
e-926,1784557234198.0032,1784557234650,1784557255178.0,1784557256219.0603,451.997,20528.0,1041.06,,22021.057
e-927,1784557234247.9978,1784557234650,1784557255178.0,1784557256219.0974,402.002,20528.0,1041.097,,21971.1
e-928,1784557234297.9941,1784557234650,1784557255178.0,1784557256219.1113,352.006,20528.0,1041.111,,21921.117
e-929,1784557234348.0098,1784557234650,1784557255178.0,1784557256219.1123,301.99,20528.0,1041.112,,21871.103
e-930,1784557234398.0032,1784557234650,1784557255178.0,1784557256219.1252,251.997,20528.0,1041.125,,21821.122
e-931,1784557234447.997,1784557234650,1784557255178.0,1784557256219.1262,202.003,20528.0,1041.126,,21771.129
e-932,1784557234497.9941,1784557234650,1784557255178.0,1784557256219.127,152.006,20528.0,1041.127,,21721.133
e-933,1784557234547.9978,1784557234650,1784557255178.0,1784557256219.1387,102.002,20528.0,1041.139,,21671.141
e-934,1784557234597.9712,1784557234650,1784557255178.0,1784557256219.1394,52.029,20528.0,1041.139,,21621.168
e-935,1784557234647.9966,1784557234650,1784557255179.0,1784557256219.1594,2.003,20529.0,1040.159,,21571.163
e-936,1784557234697.994,1784557235700,1784557255179.0,1784557256219.1602,1002.006,19479.0,1040.16,,21521.166
e-937,1784557234747.9956,1784557235700,1784557255179.0,1784557256219.161,952.004,19479.0,1040.161,,21471.165
e-938,1784557234797.9905,1784557235700,1784557255179.0,1784557256219.5967,902.01,19479.0,1040.597,,21421.606
e-939,1784557234847.9941,1784557235700,1784557255179.0,1784557256219.5974,852.006,19479.0,1040.597,,21371.603
e-940,1784557234898.0017,1784557235700,1784557255179.0,1784557256219.598,801.998,19479.0,1040.598,,21321.596
e-941,1784557234947.9976,1784557235700,1784557255179.0,1784557256219.5981,752.002,19479.0,1040.598,,21271.601
e-942,1784557234998.0027,1784557235700,1784557255179.0,1784557256219.5986,701.997,19479.0,1040.599,,21221.596
e-943,1784557235047.9946,1784557235700,1784557255179.0,1784557256219.5989,652.005,19479.0,1040.599,,21171.604
e-944,1784557235097.9973,1784557235700,1784557255179.0,1784557256219.599,602.003,19479.0,1040.599,,21121.602
e-945,1784557235147.9944,1784557235700,1784557255179.0,1784557256219.5994,552.006,19479.0,1040.599,,21071.605
e-946,1784557235198.0027,1784557235700,1784557255179.0,1784557256219.604,501.997,19479.0,1040.604,,21021.601
e-947,1784557235248.0105,1784557235700,1784557255179.0,1784557256219.6042,451.99,19479.0,1040.604,,20971.594
e-948,1784557235298.0037,1784557235700,1784557255180.0,1784557256219.6045,401.996,19480.0,1039.604,,20921.601
e-949,1784557235347.9988,1784557235700,1784557255180.0,1784557256219.6067,352.001,19480.0,1039.607,,20871.608
e-950,1784557235397.9993,1784557235700,1784557255180.0,1784557256219.607,302.001,19480.0,1039.607,,20821.608
e-951,1784557235448.002,1784557235700,1784557255180.0,1784557256219.6072,251.998,19480.0,1039.607,,20771.605
e-952,1784557235497.9985,1784557235700,1784557255180.0,1784557256219.6074,202.001,19480.0,1039.607,,20721.609
e-953,1784557235547.9792,1784557235700,1784557255180.0,1784557256221.1277,152.021,19480.0,1041.128,,20673.148
e-954,1784557235597.9958,1784557235700,1784557255180.0,1784557256221.1296,102.004,19480.0,1041.13,,20623.134
e-955,1784557235648.0017,1784557235700,1784557255180.0,1784557256221.1304,51.998,19480.0,1041.13,,20573.129
e-956,1784557235697.9905,1784557235700,1784557255180.0,1784557256221.1313,2.01,19480.0,1041.131,,20523.141
e-957,1784557235747.9922,1784557236750,1784557255180.0,1784557256221.1418,1002.008,18430.0,1041.142,,20473.15
e-958,1784557235797.9922,1784557236750,1784557255181.0,1784557256221.1426,952.008,18431.0,1040.143,,20423.15
e-959,1784557235847.9917,1784557236750,1784557255181.0,1784557256221.1433,902.008,18431.0,1040.143,,20373.152
e-960,1784557235897.9934,1784557236750,1784557255181.0,1784557256221.2192,852.007,18431.0,1040.219,,20323.226
e-961,1784557235947.9917,1784557236750,1784557255181.0,1784557256221.22,802.008,18431.0,1040.22,,20273.228
e-962,1784557235997.995,1784557236750,1784557255181.0,1784557256221.2205,752.005,18431.0,1040.22,,20223.225
e-963,1784557236047.9934,1784557236750,1784557255181.0,1784557256221.221,702.007,18431.0,1040.221,,20173.228
e-964,1784557236097.9924,1784557236750,1784557255181.0,1784557256221.2214,652.008,18431.0,1040.221,,20123.229
e-965,1784557236147.994,1784557236750,1784557255182.0,1784557256221.2666,602.006,18432.0,1039.267,,20073.273
e-966,1784557236197.993,1784557236750,1784557255182.0,1784557256221.267,552.007,18432.0,1039.267,,20023.274
e-967,1784557236247.9946,1784557236750,1784557255182.0,1784557256221.2676,502.005,18432.0,1039.268,,19973.273
e-968,1784557236298.0007,1784557236750,1784557255182.0,1784557256221.2678,451.999,18432.0,1039.268,,19923.267
e-969,1784557236347.996,1784557236750,1784557255182.0,1784557256221.2683,402.004,18432.0,1039.268,,19873.272
e-970,1784557236397.9917,1784557236750,1784557255182.0,1784557256221.2793,352.008,18432.0,1039.279,,19823.288
e-971,1784557236447.9905,1784557236750,1784557255182.0,1784557256221.3257,302.01,18432.0,1039.326,,19773.335
e-972,1784557236497.9944,1784557236750,1784557255182.0,1784557256221.3262,252.006,18432.0,1039.326,,19723.332
e-973,1784557236547.9922,1784557236750,1784557255182.0,1784557256221.3276,202.008,18432.0,1039.328,,19673.335
e-974,1784557236597.987,1784557236750,1784557255182.0,1784557256221.3281,152.013,18432.0,1039.328,,19623.341
e-975,1784557236647.9922,1784557236750,1784557255182.0,1784557256221.3284,102.008,18432.0,1039.328,,19573.336
e-976,1784557236697.9927,1784557236750,1784557255182.0,1784557256221.3289,52.007,18432.0,1039.329,,19523.336
e-977,1784557236748.0034,1784557236750,1784557255182.0,1784557256221.3367,1.997,18432.0,1039.337,,19473.333
e-978,1784557236797.9912,1784557237801,1784557255183.0,1784557256221.3372,1003.009,17382.0,1038.337,,19423.346
e-979,1784557236847.989,1784557237801,1784557255183.0,1784557256221.3877,953.011,17382.0,1038.388,,19373.399
e-980,1784557236897.9834,1784557237801,1784557255183.0,1784557256221.4143,903.017,17382.0,1038.414,,19323.431
e-981,1784557236947.9878,1784557237801,1784557255183.0,1784557256221.415,853.012,17382.0,1038.415,,19273.427
e-982,1784557236998.0015,1784557237801,1784557255183.0,1784557256221.4153,802.999,17382.0,1038.415,,19223.414
e-983,1784557237047.991,1784557237801,1784557255183.0,1784557256221.4158,753.009,17382.0,1038.416,,19173.425
e-984,1784557237098.0005,1784557237801,1784557255183.0,1784557256221.416,703.0,17382.0,1038.416,,19123.416
e-985,1784557237147.992,1784557237801,1784557255183.0,1784557256221.4163,653.008,17382.0,1038.416,,19073.424
e-986,1784557237197.994,1784557237801,1784557255183.0,1784557256221.4167,603.006,17382.0,1038.417,,19023.423
e-987,1784557237247.993,1784557237801,1784557255184.0,1784557256221.4624,553.007,17383.0,1037.462,,18973.469
e-988,1784557237297.9966,1784557237801,1784557255184.0,1784557256221.463,503.003,17383.0,1037.463,,18923.466
e-989,1784557237347.9993,1784557237801,1784557255184.0,1784557256221.4634,453.001,17383.0,1037.463,,18873.464
e-990,1784557237398.0054,1784557237801,1784557255184.0,1784557256221.4636,402.995,17383.0,1037.464,,18823.458
e-991,1784557237447.9985,1784557237801,1784557255184.0,1784557256221.464,353.001,17383.0,1037.464,,18773.466
e-992,1784557237498.0076,1784557237801,1784557255184.0,1784557256221.4683,302.992,17383.0,1037.468,,18723.461
e-993,1784557237547.9958,1784557237801,1784557255184.0,1784557256221.544,253.004,17383.0,1037.544,,18673.548
e-994,1784557237597.9932,1784557237801,1784557255184.0,1784557256221.5454,203.007,17383.0,1037.545,,18623.552
e-995,1784557237647.993,1784557237801,1784557255184.0,1784557256221.5464,153.007,17383.0,1037.546,,18573.553
e-996,1784557237697.991,1784557237801,1784557255184.0,1784557256221.547,103.009,17383.0,1037.547,,18523.556
e-997,1784557237747.9924,1784557237801,1784557255184.0,1784557256221.6658,53.008,17383.0,1037.666,,18473.673
e-998,1784557237797.9917,1784557237801,1784557255184.0,1784557256221.667,3.008,17383.0,1037.667,,18423.675
e-999,1784557237847.9949,1784557238850,1784557255184.0,1784557256221.6677,1002.005,16334.0,1037.668,,18373.673
e-1000,1784557237898.002,1784557238850,1784557255185.0,1784557256221.6687,951.998,16335.0,1036.669,,18323.667
e-1001,1784557237947.992,1784557238850,1784557255185.0,1784557256221.6694,902.008,16335.0,1036.669,,18273.677
e-1002,1784557237998.0007,1784557238850,1784557255185.0,1784557256221.6702,851.999,16335.0,1036.67,,18223.669
e-1003,1784557238047.9976,1784557238850,1784557255185.0,1784557256221.671,802.002,16335.0,1036.671,,18173.673
e-1004,1784557238097.9976,1784557238850,1784557255185.0,1784557256221.6716,752.002,16335.0,1036.672,,18123.674
e-1005,1784557238147.995,1784557238850,1784557255185.0,1784557256221.6724,702.005,16335.0,1036.672,,18073.677
e-1006,1784557238197.9958,1784557238850,1784557255185.0,1784557256221.6812,652.004,16335.0,1036.681,,18023.685
e-1007,1784557238247.9946,1784557238850,1784557255185.0,1784557256221.6824,602.005,16335.0,1036.682,,17973.688
e-1008,1784557238297.9976,1784557238850,1784557255185.0,1784557256221.707,552.002,16335.0,1036.707,,17923.709
e-1009,1784557238347.9946,1784557238850,1784557255185.0,1784557256221.708,502.005,16335.0,1036.708,,17873.713
e-1010,1784557238398.0142,1784557238850,1784557255185.0,1784557256221.7234,451.986,16335.0,1036.723,,17823.709
e-1011,1784557238447.9949,1784557238850,1784557255186.0,1784557256221.7244,402.005,16336.0,1035.724,,17773.729
e-1012,1784557238498.0103,1784557238850,1784557255186.0,1784557256221.725,351.99,16336.0,1035.725,,17723.715
e-1013,1784557238547.9978,1784557238850,1784557255186.0,1784557256221.7305,302.002,16336.0,1035.73,,17673.733
e-1014,1784557238597.992,1784557238850,1784557255186.0,1784557256222.0483,252.008,16336.0,1036.048,,17624.056
e-1015,1784557238648.0137,1784557238850,1784557255186.0,1784557256222.05,201.986,16336.0,1036.05,,17574.036
e-1016,1784557238698.0125,1784557238850,1784557255186.0,1784557256222.0508,151.988,16336.0,1036.051,,17524.038
e-1017,1784557238747.994,1784557238850,1784557255186.0,1784557256222.0515,102.006,16336.0,1036.052,,17474.058
e-1018,1784557238797.9941,1784557238850,1784557255186.0,1784557256222.0522,52.006,16336.0,1036.052,,17424.058
e-1019,1784557238847.9873,1784557238850,1784557255186.0,1784557256222.053,2.013,16336.0,1036.053,,17374.066
e-1020,1784557238897.996,1784557239901,1784557255186.0,1784557256222.0537,1003.004,15285.0,1036.054,,17324.058
e-1021,1784557238948.0032,1784557239901,1784557255186.0,1784557256222.0542,952.997,15285.0,1036.054,,17274.051
e-1022,1784557238998.0046,1784557239901,1784557255187.0,1784557256222.055,902.995,15286.0,1035.055,,17224.05
e-1023,1784557239047.9946,1784557239901,1784557255187.0,1784557256222.056,853.005,15286.0,1035.056,,17174.061
e-1024,1784557239098.0027,1784557239901,1784557255187.0,1784557256222.0564,802.997,15286.0,1035.056,,17124.054
e-1025,1784557239148.004,1784557239901,1784557255187.0,1784557256222.0574,752.996,15286.0,1035.057,,17074.053
e-1026,1784557239198.0054,1784557239901,1784557255187.0,1784557256222.058,702.995,15286.0,1035.058,,17024.053
e-1027,1784557239247.9995,1784557239901,1784557255187.0,1784557256222.0588,653.0,15286.0,1035.059,,16974.059
e-1028,1784557239298.0051,1784557239901,1784557255187.0,1784557256222.0596,602.995,15286.0,1035.06,,16924.054
e-1029,1784557239347.9966,1784557239901,1784557255187.0,1784557256222.0603,553.003,15286.0,1035.06,,16874.064
e-1030,1784557239398.0046,1784557239901,1784557255187.0,1784557256222.0608,502.995,15286.0,1035.061,,16824.056
e-1031,1784557239448.0005,1784557239901,1784557255187.0,1784557256222.0615,453.0,15286.0,1035.062,,16774.061
e-1032,1784557239498.053,1784557239901,1784557255187.0,1784557256222.0623,402.947,15286.0,1035.062,,16724.009
e-1033,1784557239548.0046,1784557239901,1784557255187.0,1784557256222.063,352.995,15286.0,1035.063,,16674.058
e-1034,1784557239598.07,1784557239901,1784557255187.0,1784557256222.0725,302.93,15286.0,1035.073,,16624.002
e-1035,1784557239648.0273,1784557239901,1784557255188.0,1784557256222.0735,252.973,15287.0,1034.073,,16574.046
e-1036,1784557239697.9998,1784557239901,1784557255188.0,1784557256222.0742,203.0,15287.0,1034.074,,16524.074
e-1037,1784557239748.0105,1784557239901,1784557255188.0,1784557256222.075,152.99,15287.0,1034.075,,16474.064
e-1038,1784557239798.0127,1784557239901,1784557255188.0,1784557256222.0757,102.987,15287.0,1034.076,,16424.063
e-1039,1784557239847.9988,1784557239901,1784557255188.0,1784557256222.0815,53.001,15287.0,1034.082,,16374.083
e-1040,1784557239897.9995,1784557239901,1784557255188.0,1784557256222.0823,3.0,15287.0,1034.082,,16324.083
e-1041,1784557239947.9946,1784557240950,1784557255188.0,1784557256222.083,1002.005,14238.0,1034.083,,16274.088
e-1042,1784557239998.0044,1784557240950,1784557255188.0,1784557256222.0835,951.996,14238.0,1034.083,,16224.079
e-1043,1784557240048.0112,1784557240950,1784557255188.0,1784557256222.084,901.989,14238.0,1034.084,,16174.073
e-1044,1784557240098.0237,1784557240950,1784557255188.0,1784557256222.0845,851.976,14238.0,1034.084,,16124.061
e-1045,1784557240148.0034,1784557240950,1784557255188.0,1784557256222.0852,801.997,14238.0,1034.085,,16074.082
e-1046,1784557240198.0027,1784557240950,1784557255188.0,1784557256222.086,751.997,14238.0,1034.086,,16024.083
e-1047,1784557240248.0083,1784557240950,1784557255188.0,1784557256222.0867,701.992,14238.0,1034.087,,15974.078
e-1048,1784557240297.998,1784557240950,1784557255189.0,1784557256222.0874,652.002,14239.0,1033.087,,15924.089
e-1049,1784557240347.9905,1784557240950,1784557255189.0,1784557256222.0881,602.01,14239.0,1033.088,,15874.098
e-1050,1784557240397.995,1784557240950,1784557255189.0,1784557256222.0886,552.005,14239.0,1033.089,,15824.094
e-1051,1784557240447.9941,1784557240950,1784557255189.0,1784557256222.0894,502.006,14239.0,1033.089,,15774.095
e-1052,1784557240498.0083,1784557240950,1784557255189.0,1784557256222.0903,451.992,14239.0,1033.09,,15724.082
e-1053,1784557240547.9983,1784557240950,1784557255189.0,1784557256222.1013,402.002,14239.0,1033.101,,15674.103
e-1054,1784557240597.998,1784557240950,1784557255189.0,1784557256222.102,352.002,14239.0,1033.102,,15624.104
e-1055,1784557240647.994,1784557240950,1784557255189.0,1784557256222.1072,302.006,14239.0,1033.107,,15574.113
e-1056,1784557240697.9949,1784557240950,1784557255189.0,1784557256222.1082,252.005,14239.0,1033.108,,15524.113
e-1057,1784557240748.0022,1784557240950,1784557255189.0,1784557256222.109,201.998,14239.0,1033.109,,15474.107
e-1058,1784557240798.0002,1784557240950,1784557255189.0,1784557256222.1096,152.0,14239.0,1033.11,,15424.109
e-1059,1784557240847.992,1784557240950,1784557255189.0,1784557256222.1104,102.008,14239.0,1033.11,,15374.118
e-1060,1784557240897.9941,1784557240950,1784557255190.0,1784557256222.1182,52.006,14240.0,1032.118,,15324.124
e-1061,1784557240947.9893,1784557240950,1784557255190.0,1784557256222.119,2.011,14240.0,1032.119,,15274.13
e-1062,1784557240997.996,1784557242000,1784557255190.0,1784557256222.1196,1002.004,13190.0,1032.12,,15224.124
e-1063,1784557241047.9946,1784557242000,1784557255190.0,1784557256222.1204,952.005,13190.0,1032.12,,15174.126
e-1064,1784557241097.9978,1784557242000,1784557255190.0,1784557256222.1208,902.002,13190.0,1032.121,,15124.123
e-1065,1784557241147.9917,1784557242000,1784557255190.0,1784557256222.1543,852.008,13190.0,1032.154,,15074.163
e-1066,1784557241197.995,1784557242000,1784557255190.0,1784557256222.1553,802.005,13190.0,1032.155,,15024.16
e-1067,1784557241247.9946,1784557242000,1784557255190.0,1784557256222.1772,752.005,13190.0,1032.177,,14974.183
e-1068,1784557241297.9934,1784557242000,1784557255190.0,1784557256222.1782,702.007,13190.0,1032.178,,14924.185
e-1069,1784557241347.993,1784557242000,1784557255190.0,1784557256222.2507,652.007,13190.0,1032.251,,14874.258
e-1070,1784557241397.9946,1784557242000,1784557255190.0,1784557256222.2524,602.005,13190.0,1032.252,,14824.258
e-1071,1784557241447.9946,1784557242000,1784557255190.0,1784557256222.2532,552.005,13190.0,1032.253,,14774.259
e-1072,1784557241497.995,1784557242000,1784557255190.0,1784557256222.254,502.005,13190.0,1032.254,,14724.259
e-1073,1784557241548.0017,1784557242000,1784557255191.0,1784557256222.2546,451.998,13191.0,1031.255,,14674.253
e-1074,1784557241597.9963,1784557242000,1784557255191.0,1784557256222.2646,402.004,13191.0,1031.265,,14624.268
e-1075,1784557241647.9927,1784557242000,1784557255191.0,1784557256222.2656,352.007,13191.0,1031.266,,14574.273
e-1076,1784557241697.9954,1784557242000,1784557255191.0,1784557256222.2764,302.005,13191.0,1031.276,,14524.281
e-1077,1784557241747.9963,1784557242000,1784557255191.0,1784557256222.282,252.004,13191.0,1031.282,,14474.286
e-1078,1784557241798.0005,1784557242000,1784557255191.0,1784557256222.283,202.0,13191.0,1031.283,,14424.282
e-1079,1784557241847.9958,1784557242000,1784557255191.0,1784557256222.2837,152.004,13191.0,1031.284,,14374.288
e-1080,1784557241897.9915,1784557242000,1784557255191.0,1784557256222.2844,102.009,13191.0,1031.284,,14324.293
e-1081,1784557241947.998,1784557242000,1784557255191.0,1784557256222.2852,52.002,13191.0,1031.285,,14274.287
e-1082,1784557241997.9883,1784557242000,1784557255191.0,1784557256222.2856,2.012,13191.0,1031.286,,14224.297
e-1083,1784557242047.9922,1784557243050,1784557255191.0,1784557256222.3037,1002.008,12141.0,1031.304,,14174.312
e-1084,1784557242097.99,1784557243050,1784557255191.0,1784557256222.4248,952.01,12141.0,1031.425,,14124.435
e-1085,1784557242147.9937,1784557243050,1784557255191.0,1784557256222.4268,902.006,12141.0,1031.427,,14074.433
e-1086,1784557242197.987,1784557243050,1784557255191.0,1784557256222.4275,852.013,12141.0,1031.427,,14024.44
e-1087,1784557242247.9922,1784557243050,1784557255191.0,1784557256222.4282,802.008,12141.0,1031.428,,13974.436
e-1088,1784557242297.9956,1784557243050,1784557255192.0,1784557256222.429,752.004,12142.0,1030.429,,13924.433
e-1089,1784557242347.9888,1784557243050,1784557255192.0,1784557256222.4297,702.011,12142.0,1030.43,,13874.441
e-1090,1784557242397.9944,1784557243050,1784557255192.0,1784557256222.4304,652.006,12142.0,1030.43,,13824.436
e-1091,1784557242447.995,1784557243050,1784557255192.0,1784557256222.4312,602.005,12142.0,1030.431,,13774.436
e-1092,1784557242497.994,1784557243050,1784557255192.0,1784557256222.432,552.006,12142.0,1030.432,,13724.438
e-1093,1784557242547.9966,1784557243050,1784557255192.0,1784557256222.4326,502.003,12142.0,1030.433,,13674.436
e-1094,1784557242598.0022,1784557243050,1784557255192.0,1784557256222.4333,451.998,12142.0,1030.433,,13624.431
e-1095,1784557242647.99,1784557243050,1784557255192.0,1784557256222.434,402.01,12142.0,1030.434,,13574.444
e-1096,1784557242700.5383,1784557243050,1784557255192.0,1784557256222.4348,349.462,12142.0,1030.435,,13521.896
e-1097,1784557242748.0007,1784557243050,1784557255192.0,1784557256222.4355,301.999,12142.0,1030.436,,13474.435
e-1098,1784557242797.9534,1784557243050,1784557255192.0,1784557256222.4517,252.047,12142.0,1030.452,,13424.498
e-1099,1784557242847.991,1784557243050,1784557255192.0,1784557256222.4524,202.009,12142.0,1030.452,,13374.461
e-1100,1784557242897.9863,1784557243050,1784557255192.0,1784557256222.4587,152.014,12142.0,1030.459,,13324.472
e-1101,1784557242947.993,1784557243050,1784557255192.0,1784557256222.461,102.007,12142.0,1030.461,,13274.468
e-1102,1784557242997.995,1784557243050,1784557255192.0,1784557256222.4617,52.005,12142.0,1030.462,,13224.467
e-1103,1784557243047.9878,1784557243050,1784557255192.0,1784557256222.4624,2.012,12142.0,1030.462,,13174.475
e-1104,1784557243097.9495,1784557244099,1784557255192.0,1784557256222.7246,1001.051,11093.0,1030.725,,13124.775
e-1105,1784557243147.9968,1784557244099,1784557255192.0,1784557256222.726,951.003,11093.0,1030.726,,13074.729
e-1106,1784557243197.9917,1784557244099,1784557255193.0,1784557256222.7268,901.008,11094.0,1029.727,,13024.735
e-1107,1784557243247.9878,1784557244099,1784557255193.0,1784557256222.7275,851.012,11094.0,1029.728,,12974.74
e-1108,1784557243297.9849,1784557244099,1784557255193.0,1784557256222.728,801.015,11094.0,1029.728,,12924.743
e-1109,1784557243347.998,1784557244099,1784557255193.0,1784557256222.7288,751.002,11094.0,1029.729,,12874.731
e-1110,1784557243397.9946,1784557244099,1784557255193.0,1784557256222.7292,701.005,11094.0,1029.729,,12824.735
e-1111,1784557243447.9954,1784557244099,1784557255193.0,1784557256222.73,651.005,11094.0,1029.73,,12774.735
e-1112,1784557243498.0098,1784557244099,1784557255193.0,1784557256222.7307,600.99,11094.0,1029.731,,12724.721
e-1113,1784557243547.995,1784557244099,1784557255193.0,1784557256222.7312,551.005,11094.0,1029.731,,12674.736
e-1114,1784557243597.9976,1784557244099,1784557255193.0,1784557256222.732,501.002,11094.0,1029.732,,12624.734
e-1115,1784557243647.9924,1784557244099,1784557255193.0,1784557256222.7327,451.008,11094.0,1029.733,,12574.74
e-1116,1784557243697.9958,1784557244099,1784557255193.0,1784557256222.7334,401.004,11094.0,1029.733,,12524.738
e-1117,1784557243747.9937,1784557244099,1784557255193.0,1784557256222.734,351.006,11094.0,1029.734,,12474.74
e-1118,1784557243797.9944,1784557244099,1784557255193.0,1784557256222.7346,301.006,11094.0,1029.735,,12424.74
e-1119,1784557243847.9885,1784557244099,1784557255193.0,1784557256222.744,251.011,11094.0,1029.744,,12374.755
e-1120,1784557243897.9944,1784557244099,1784557255193.0,1784557256222.7449,201.006,11094.0,1029.745,,12324.75
e-1121,1784557243947.99,1784557244099,1784557255194.0,1784557256222.7456,151.01,11095.0,1028.746,,12274.756
e-1122,1784557243997.9988,1784557244099,1784557255194.0,1784557256222.746,101.001,11095.0,1028.746,,12224.747
e-1123,1784557244047.997,1784557244099,1784557255194.0,1784557256222.7512,51.003,11095.0,1028.751,,12174.754
e-1124,1784557244098.0032,1784557244099,1784557255194.0,1784557256222.752,0.997,11095.0,1028.752,,12124.749
e-1125,1784557244147.9993,1784557245150,1784557255194.0,1784557256222.7527,1002.001,10044.0,1028.753,,12074.753
e-1126,1784557244197.9949,1784557245150,1784557255194.0,1784557256222.7534,952.005,10044.0,1028.753,,12024.759
e-1127,1784557244248.0037,1784557245150,1784557255194.0,1784557256222.7542,901.996,10044.0,1028.754,,11974.75
e-1128,1784557244298.0103,1784557245150,1784557255194.0,1784557256222.755,851.99,10044.0,1028.755,,11924.745
e-1129,1784557244347.993,1784557245150,1784557255194.0,1784557256222.7554,802.007,10044.0,1028.755,,11874.762
e-1130,1784557244398.0063,1784557245150,1784557255194.0,1784557256222.756,751.994,10044.0,1028.756,,11824.75
e-1131,1784557244447.995,1784557245150,1784557255194.0,1784557256222.7668,702.005,10044.0,1028.767,,11774.772
e-1132,1784557244498.0046,1784557245150,1784557255194.0,1784557256222.7678,651.995,10044.0,1028.768,,11724.763
e-1133,1784557244547.995,1784557245150,1784557255194.0,1784557256222.7683,602.005,10044.0,1028.768,,11674.773
e-1134,1784557244597.9868,1784557245150,1784557255194.0,1784557256222.769,552.013,10044.0,1028.769,,11624.782
e-1135,1784557244647.9995,1784557245150,1784557255194.0,1784557256222.7698,502.0,10044.0,1028.77,,11574.77
e-1136,1784557244698.0105,1784557245150,1784557255194.0,1784557256222.7703,451.99,10044.0,1028.77,,11524.76
e-1137,1784557244747.9966,1784557245150,1784557255194.0,1784557256222.7856,402.003,10044.0,1028.786,,11474.789
e-1138,1784557244797.9902,1784557245150,1784557255194.0,1784557256222.7866,352.01,10044.0,1028.787,,11424.796
e-1139,1784557244847.9897,1784557245150,1784557255194.0,1784557256222.7874,302.01,10044.0,1028.787,,11374.798
e-1140,1784557244897.9934,1784557245150,1784557255194.0,1784557256222.7925,252.007,10044.0,1028.792,,11324.799
e-1141,1784557244947.9946,1784557245150,1784557255194.0,1784557256222.856,202.005,10044.0,1028.856,,11274.861
e-1142,1784557244997.9932,1784557245150,1784557255195.0,1784557256222.8572,152.007,10045.0,1027.857,,11224.864
e-1143,1784557245047.9927,1784557245150,1784557255195.0,1784557256222.858,102.007,10045.0,1027.858,,11174.865
e-1144,1784557245097.9963,1784557245150,1784557255195.0,1784557256222.8586,52.004,10045.0,1027.859,,11124.862
e-1145,1784557245147.9912,1784557245150,1784557255195.0,1784557256222.8591,2.009,10045.0,1027.859,,11074.868
e-1146,1784557245197.9998,1784557246200,1784557255195.0,1784557256222.8599,1002.0,8995.0,1027.86,,11024.86
e-1147,1784557245247.9963,1784557246200,1784557255195.0,1784557256222.872,952.004,8995.0,1027.872,,10974.876
e-1148,1784557245297.9944,1784557246200,1784557255195.0,1784557256222.935,902.006,8995.0,1027.935,,10924.941
e-1149,1784557245347.9917,1784557246200,1784557255195.0,1784557256222.9924,852.008,8995.0,1027.992,,10875.001
e-1150,1784557245397.9944,1784557246200,1784557255195.0,1784557256222.9934,802.006,8995.0,1027.993,,10824.999
e-1151,1784557245447.9988,1784557246200,1784557255195.0,1784557256222.9941,752.001,8995.0,1027.994,,10774.995
e-1152,1784557245497.9949,1784557246200,1784557255195.0,1784557256223.0024,702.005,8995.0,1028.002,,10725.008
e-1153,1784557245547.9976,1784557246200,1784557255195.0,1784557256223.0032,652.002,8995.0,1028.003,,10675.006
e-1154,1784557245597.9958,1784557246200,1784557255195.0,1784557256223.4597,602.004,8995.0,1028.46,,10625.464
e-1155,1784557245647.992,1784557246200,1784557255195.0,1784557256223.4612,552.008,8995.0,1028.461,,10575.469
e-1156,1784557245697.9912,1784557246200,1784557255195.0,1784557256223.4622,502.009,8995.0,1028.462,,10525.471
e-1157,1784557245747.9988,1784557246200,1784557255195.0,1784557256223.4626,452.001,8995.0,1028.463,,10475.464
e-1158,1784557245797.9917,1784557246200,1784557255195.0,1784557256223.4634,402.008,8995.0,1028.463,,10425.472
e-1159,1784557245847.994,1784557246200,1784557255195.0,1784557256223.464,352.006,8995.0,1028.464,,10375.47
e-1160,1784557245897.9895,1784557246200,1784557255195.0,1784557256223.4648,302.01,8995.0,1028.465,,10325.475
e-1161,1784557245947.992,1784557246200,1784557255196.0,1784557256223.4653,252.008,8996.0,1027.465,,10275.473
e-1162,1784557245997.9954,1784557246200,1784557255196.0,1784557256223.4705,202.005,8996.0,1027.47,,10225.475
e-1163,1784557246047.995,1784557246200,1784557255196.0,1784557256223.4714,152.005,8996.0,1027.471,,10175.476
e-1164,1784557246097.994,1784557246200,1784557255196.0,1784557256223.4722,102.006,8996.0,1027.472,,10125.478
e-1165,1784557246147.9949,1784557246200,1784557255196.0,1784557256223.473,52.005,8996.0,1027.473,,10075.478
e-1166,1784557246197.996,1784557246200,1784557255196.0,1784557256223.4734,2.004,8996.0,1027.473,,10025.477
e-1167,1784557246247.9927,1784557247250,1784557255196.0,1784557256223.474,1002.007,7946.0,1027.474,,9975.481
e-1168,1784557246297.9956,1784557247250,1784557255196.0,1784557256223.4749,952.004,7946.0,1027.475,,9925.479
e-1169,1784557246348.0024,1784557247250,1784557255196.0,1784557256223.4756,901.998,7946.0,1027.476,,9875.473
e-1170,1784557246397.9988,1784557247250,1784557255196.0,1784557256223.4763,852.001,7946.0,1027.476,,9825.478
e-1171,1784557246447.998,1784557247250,1784557255196.0,1784557256223.4768,802.002,7946.0,1027.477,,9775.479
e-1172,1784557246497.9963,1784557247250,1784557255230.0,1784557256223.4775,752.004,7980.0,993.478,,9725.481
e-1173,1784557246547.9922,1784557247250,1784557255230.0,1784557256223.4783,702.008,7980.0,993.478,,9675.486
e-1174,1784557246597.9946,1784557247250,1784557255230.0,1784557256223.4788,652.005,7980.0,993.479,,9625.484
e-1175,1784557246647.9983,1784557247250,1784557255230.0,1784557256223.4795,602.002,7980.0,993.479,,9575.481
e-1176,1784557246697.9978,1784557247250,1784557255230.0,1784557256223.4802,552.002,7980.0,993.48,,9525.482
e-1177,1784557246747.9976,1784557247250,1784557255230.0,1784557256223.481,502.002,7980.0,993.481,,9475.483
e-1178,1784557246797.994,1784557247250,1784557255230.0,1784557256223.4814,452.006,7980.0,993.481,,9425.488
e-1179,1784557246847.9907,1784557247250,1784557255230.0,1784557256223.4822,402.009,7980.0,993.482,,9375.491
e-1180,1784557246897.9941,1784557247250,1784557255230.0,1784557256223.483,352.006,7980.0,993.483,,9325.489
e-1181,1784557246947.9973,1784557247250,1784557255230.0,1784557256223.4836,302.003,7980.0,993.484,,9275.486
e-1182,1784557246997.9946,1784557247250,1784557255230.0,1784557256223.4844,252.005,7980.0,993.484,,9225.49
e-1183,1784557247047.9998,1784557247250,1784557255230.0,1784557256223.489,202.0,7980.0,993.489,,9175.489
e-1184,1784557247098.0027,1784557247250,1784557255230.0,1784557256223.49,151.997,7980.0,993.49,,9125.487
e-1185,1784557247148.0017,1784557247250,1784557255230.0,1784557256223.4905,101.998,7980.0,993.49,,9075.489
e-1186,1784557247197.996,1784557247250,1784557255231.0,1784557256223.4912,52.004,7981.0,992.491,,9025.495
e-1187,1784557247247.993,1784557247250,1784557255231.0,1784557256223.492,2.007,7981.0,992.492,,8975.499
e-1188,1784557247297.992,1784557248300,1784557255231.0,1784557256223.4927,1002.008,6931.0,992.493,,8925.501
e-1189,1784557247348.0022,1784557248300,1784557255231.0,1784557256223.4934,951.998,6931.0,992.493,,8875.491
e-1190,1784557247397.9988,1784557248300,1784557255231.0,1784557256223.494,902.001,6931.0,992.494,,8825.495
e-1191,1784557247447.997,1784557248300,1784557255231.0,1784557256223.4949,852.003,6931.0,992.495,,8775.498
e-1192,1784557247497.9956,1784557248300,1784557255231.0,1784557256223.5188,802.004,6931.0,992.519,,8725.523
e-1193,1784557247547.9976,1784557248300,1784557255231.0,1784557256223.52,752.002,6931.0,992.52,,8675.522
e-1194,1784557247597.9976,1784557248300,1784557255231.0,1784557256223.5205,702.002,6931.0,992.521,,8625.523
e-1195,1784557247647.9973,1784557248300,1784557255231.0,1784557256223.5212,652.003,6931.0,992.521,,8575.524
e-1196,1784557247697.99,1784557248300,1784557255231.0,1784557256223.522,602.01,6931.0,992.522,,8525.532
e-1197,1784557247747.9927,1784557248300,1784557255231.0,1784557256223.5227,552.007,6931.0,992.523,,8475.53
e-1198,1784557247797.995,1784557248300,1784557255231.0,1784557256223.5234,502.005,6931.0,992.523,,8425.528
e-1199,1784557247847.9941,1784557248300,1784557255231.0,1784557256223.524,452.006,6931.0,992.524,,8375.53
e-1200,1784557247898.013,1784557248300,1784557255231.0,1784557256223.5247,401.987,6931.0,992.525,,8325.512
e-1201,1784557247947.9963,1784557248300,1784557255231.0,1784557256223.53,352.004,6931.0,992.53,,8275.534
e-1202,1784557247997.9963,1784557248300,1784557255231.0,1784557256223.5308,302.004,6931.0,992.531,,8225.534
e-1203,1784557248047.9958,1784557248300,1784557255231.0,1784557256223.5315,252.004,6931.0,992.531,,8175.536
e-1204,1784557248097.994,1784557248300,1784557255231.0,1784557256223.5361,202.006,6931.0,992.536,,8125.542
e-1205,1784557248148.0042,1784557248300,1784557255232.0,1784557256223.5369,151.996,6932.0,991.537,,8075.533
e-1206,1784557248198.0088,1784557248300,1784557255232.0,1784557256223.5376,101.991,6932.0,991.538,,8025.529
e-1207,1784557248247.9976,1784557248300,1784557255232.0,1784557256223.5383,52.002,6932.0,991.538,,7975.541
e-1208,1784557248298.006,1784557248300,1784557255232.0,1784557256223.5488,1.994,6932.0,991.549,,7925.543
e-1209,1784557248347.9954,1784557249350,1784557255232.0,1784557256223.5493,1002.005,5882.0,991.549,,7875.554
e-1210,1784557248397.9937,1784557249350,1784557255232.0,1784557256223.55,952.006,5882.0,991.55,,7825.556
e-1211,1784557248447.994,1784557249350,1784557255232.0,1784557256223.5508,902.006,5882.0,991.551,,7775.557
e-1212,1784557248498.0044,1784557249350,1784557255232.0,1784557256223.5632,851.996,5882.0,991.563,,7725.559
e-1213,1784557248547.9932,1784557249350,1784557255232.0,1784557256223.564,802.007,5882.0,991.564,,7675.571
e-1214,1784557248597.9934,1784557249350,1784557255232.0,1784557256223.5647,752.007,5882.0,991.565,,7625.571
e-1215,1784557248647.9946,1784557249350,1784557255232.0,1784557256223.5652,702.005,5882.0,991.565,,7575.571
e-1216,1784557248698.0046,1784557249350,1784557255232.0,1784557256223.566,651.995,5882.0,991.566,,7525.561
e-1217,1784557248747.9917,1784557249350,1784557255232.0,1784557256223.5664,602.008,5882.0,991.566,,7475.575
e-1218,1784557248797.986,1784557249350,1784557255232.0,1784557256223.5671,552.014,5882.0,991.567,,7425.581
e-1219,1784557248847.9976,1784557249350,1784557255232.0,1784557256223.5679,502.002,5882.0,991.568,,7375.57
e-1220,1784557248897.9946,1784557249350,1784557255232.0,1784557256223.5684,452.005,5882.0,991.568,,7325.574
e-1221,1784557248947.9946,1784557249350,1784557255232.0,1784557256223.569,402.005,5882.0,991.569,,7275.574
e-1222,1784557248997.9922,1784557249350,1784557255232.0,1784557256223.5696,352.008,5882.0,991.57,,7225.577
e-1223,1784557249047.994,1784557249350,1784557255232.0,1784557256223.5703,302.006,5882.0,991.57,,7175.576
e-1224,1784557249097.9963,1784557249350,1784557255232.0,1784557256223.571,252.004,5882.0,991.571,,7125.575
e-1225,1784557249147.9934,1784557249350,1784557255233.0,1784557256223.5762,202.007,5883.0,990.576,,7075.583
e-1226,1784557249197.978,1784557249350,1784557255233.0,1784557256223.577,152.022,5883.0,990.577,,7025.599
e-1227,1784557249247.9941,1784557249350,1784557255233.0,1784557256223.5837,102.006,5883.0,990.584,,6975.59
e-1228,1784557249297.9956,1784557249350,1784557255233.0,1784557256223.5845,52.004,5883.0,990.584,,6925.589
e-1229,1784557249347.9941,1784557249350,1784557255233.0,1784557256223.6648,2.006,5883.0,990.665,,6875.671
e-1230,1784557249397.9998,1784557250400,1784557255233.0,1784557256223.6667,1002.0,4833.0,990.667,,6825.667
e-1231,1784557249447.9944,1784557250400,1784557255233.0,1784557256223.6675,952.006,4833.0,990.667,,6775.673
e-1232,1784557249497.997,1784557250400,1784557255233.0,1784557256223.6682,902.003,4833.0,990.668,,6725.671
e-1233,1784557249547.9988,1784557250400,1784557255233.0,1784557256223.669,852.001,4833.0,990.669,,6675.67
e-1234,1784557249597.9941,1784557250400,1784557255233.0,1784557256223.6697,802.006,4833.0,990.67,,6625.676
e-1235,1784557249647.9993,1784557250400,1784557255233.0,1784557256223.6704,752.001,4833.0,990.67,,6575.671
e-1236,1784557249697.994,1784557250400,1784557255233.0,1784557256223.68,702.006,4833.0,990.68,,6525.686
e-1237,1784557249747.9885,1784557250400,1784557255233.0,1784557256223.7278,652.011,4833.0,990.728,,6475.739
e-1238,1784557249798.0002,1784557250400,1784557255233.0,1784557256223.7285,602.0,4833.0,990.729,,6425.728
e-1239,1784557249847.995,1784557250400,1784557255233.0,1784557256223.734,552.005,4833.0,990.734,,6375.739
e-1240,1784557249897.995,1784557250400,1784557255233.0,1784557256223.7344,502.005,4833.0,990.734,,6325.739
e-1241,1784557249947.9988,1784557250400,1784557255233.0,1784557256223.7346,452.001,4833.0,990.735,,6275.736
e-1242,1784557249998.0,1784557250400,1784557255233.0,1784557256223.735,402.0,4833.0,990.735,,6225.735
e-1243,1784557250047.9944,1784557250400,1784557255233.0,1784557256223.738,352.006,4833.0,990.738,,6175.744
e-1244,1784557250097.9978,1784557250400,1784557255233.0,1784557256223.8342,302.002,4833.0,990.834,,6125.836
e-1245,1784557250147.995,1784557250400,1784557255234.0,1784557256223.847,252.005,4834.0,989.847,,6075.852
e-1246,1784557250197.9966,1784557250400,1784557255234.0,1784557256223.848,202.003,4834.0,989.848,,6025.851
e-1247,1784557250247.9932,1784557250400,1784557255234.0,1784557256223.8533,152.007,4834.0,989.853,,5975.86
e-1248,1784557250297.995,1784557250400,1784557255234.0,1784557256223.8542,102.005,4834.0,989.854,,5925.859
e-1249,1784557250347.9924,1784557250400,1784557255234.0,1784557256223.855,52.008,4834.0,989.855,,5875.863
e-1250,1784557250397.9941,1784557250400,1784557255234.0,1784557256223.8557,2.006,4834.0,989.856,,5825.862
e-1251,1784557250447.9937,1784557251450,1784557255234.0,1784557256223.8564,1002.006,3784.0,989.856,,5775.863
e-1252,1784557250497.9873,1784557251450,1784557255234.0,1784557256223.8572,952.013,3784.0,989.857,,5725.87
e-1253,1784557250547.9983,1784557251450,1784557255234.0,1784557256223.858,902.002,3784.0,989.858,,5675.86
e-1254,1784557250597.9998,1784557251450,1784557255234.0,1784557256223.8677,852.0,3784.0,989.868,,5625.868
e-1255,1784557250648.0046,1784557251450,1784557255234.0,1784557256223.8684,801.995,3784.0,989.868,,5575.864
e-1256,1784557250697.99,1784557251450,1784557255234.0,1784557256223.8691,752.01,3784.0,989.869,,5525.879
e-1257,1784557250747.9937,1784557251450,1784557255234.0,1784557256223.8699,702.006,3784.0,989.87,,5475.876
e-1258,1784557250797.9885,1784557251450,1784557255234.0,1784557256223.8767,652.011,3784.0,989.877,,5425.888
e-1259,1784557250847.9937,1784557251450,1784557255234.0,1784557256223.8774,602.006,3784.0,989.877,,5375.884
e-1260,1784557250898.0012,1784557251450,1784557255234.0,1784557256223.8835,551.999,3784.0,989.884,,5325.882
e-1261,1784557250947.996,1784557251450,1784557255234.0,1784557256223.894,502.004,3784.0,989.894,,5275.898
e-1262,1784557250997.996,1784557251450,1784557255234.0,1784557256223.8948,452.004,3784.0,989.895,,5225.899
e-1263,1784557251047.995,1784557251450,1784557255234.0,1784557256223.9226,402.005,3784.0,989.923,,5175.927
e-1264,1784557251097.9985,1784557251450,1784557255234.0,1784557256223.9233,352.001,3784.0,989.923,,5125.925
e-1265,1784557251147.9963,1784557251450,1784557255234.0,1784557256223.9297,302.004,3784.0,989.93,,5075.933
e-1266,1784557251198.0007,1784557251450,1784557255234.0,1784557256223.9363,251.999,3784.0,989.936,,5025.936
e-1267,1784557251247.9958,1784557251450,1784557255234.0,1784557256223.9583,202.004,3784.0,989.958,,4975.962
e-1268,1784557251297.9944,1784557251450,1784557255235.0,1784557256223.964,152.006,3785.0,988.964,,4925.97
e-1269,1784557251347.999,1784557251450,1784557255235.0,1784557256224.0012,102.001,3785.0,989.001,,4876.002
e-1270,1784557251397.998,1784557251450,1784557255235.0,1784557256224.002,52.002,3785.0,989.002,,4826.004
e-1271,1784557251447.9998,1784557251450,1784557255235.0,1784557256224.0024,2.0,3785.0,989.002,,4776.003
e-1272,1784557251497.994,1784557252500,1784557255235.0,1784557256224.0027,1002.006,2735.0,989.003,,4726.009
e-1273,1784557251547.9983,1784557252500,1784557255235.0,1784557256224.003,952.002,2735.0,989.003,,4676.005
e-1274,1784557251597.9944,1784557252500,1784557255235.0,1784557256224.0034,902.006,2735.0,989.003,,4626.009
e-1275,1784557251647.997,1784557252500,1784557255235.0,1784557256224.0378,852.003,2735.0,989.038,,4576.041
e-1276,1784557251697.9922,1784557252500,1784557255235.0,1784557256224.0383,802.008,2735.0,989.038,,4526.046
e-1277,1784557251747.994,1784557252500,1784557255235.0,1784557256224.0386,752.006,2735.0,989.039,,4476.045
e-1278,1784557251797.992,1784557252500,1784557255235.0,1784557256224.039,702.008,2735.0,989.039,,4426.047
e-1279,1784557251847.9905,1784557252500,1784557255235.0,1784557256224.0393,652.01,2735.0,989.039,,4376.049
e-1280,1784557251897.9902,1784557252500,1784557255235.0,1784557256224.0894,602.01,2735.0,989.089,,4326.099
e-1281,1784557251947.9954,1784557252500,1784557255235.0,1784557256224.0898,552.005,2735.0,989.09,,4276.094
e-1282,1784557251997.9937,1784557252500,1784557255235.0,1784557256224.0903,502.006,2735.0,989.09,,4226.097
e-1283,1784557252048.0,1784557252500,1784557255235.0,1784557256224.0906,452.0,2735.0,989.091,,4176.091
e-1284,1784557252097.9941,1784557252500,1784557255235.0,1784557256224.0908,402.006,2735.0,989.091,,4126.097
e-1285,1784557252147.9968,1784557252500,1784557255235.0,1784557256224.0913,352.003,2735.0,989.091,,4076.094
e-1286,1784557252197.999,1784557252500,1784557255235.0,1784557256224.1301,302.001,2735.0,989.13,,4026.131
e-1287,1784557252247.9944,1784557252500,1784557255235.0,1784557256224.1304,252.006,2735.0,989.13,,3976.136
e-1288,1784557252297.9932,1784557252500,1784557255235.0,1784557256224.1306,202.007,2735.0,989.131,,3926.137
e-1289,1784557252348.003,1784557252500,1784557255235.0,1784557256224.1355,151.997,2735.0,989.135,,3876.133
e-1290,1784557252397.994,1784557252500,1784557255236.0,1784557256224.139,102.006,2736.0,988.139,,3826.145
e-1291,1784557252447.9978,1784557252500,1784557255236.0,1784557256224.1392,52.002,2736.0,988.139,,3776.141
e-1292,1784557252498.0044,1784557252500,1784557255236.0,1784557256224.1445,1.996,2736.0,988.145,,3726.14
e-1293,1784557252547.993,1784557253551,1784557255236.0,1784557256224.1626,1003.007,1685.0,988.163,,3676.17
e-1294,1784557252597.988,1784557253551,1784557255236.0,1784557256224.1628,953.012,1685.0,988.163,,3626.175
e-1295,1784557252647.9949,1784557253551,1784557255236.0,1784557256224.166,903.005,1685.0,988.166,,3576.171
e-1296,1784557252697.9983,1784557253551,1784557255236.0,1784557256224.1763,853.002,1685.0,988.176,,3526.178
e-1297,1784557252748.008,1784557253551,1784557255236.0,1784557256224.208,802.992,1685.0,988.208,,3476.2
e-1298,1784557252797.9968,1784557253551,1784557255236.0,1784557256224.2085,753.003,1685.0,988.208,,3426.212
e-1299,1784557252847.9998,1784557253551,1784557255236.0,1784557256224.2087,703.0,1685.0,988.209,,3376.209
e-1300,1784557252897.997,1784557253551,1784557255236.0,1784557256224.2207,653.003,1685.0,988.221,,3326.224
e-1301,1784557252947.9893,1784557253551,1784557255236.0,1784557256224.2212,603.011,1685.0,988.221,,3276.232
e-1302,1784557252997.9958,1784557253551,1784557255236.0,1784557256224.2314,553.004,1685.0,988.231,,3226.236
e-1303,1784557253047.9956,1784557253551,1784557255236.0,1784557256224.2393,503.004,1685.0,988.239,,3176.244
e-1304,1784557253097.999,1784557253551,1784557255236.0,1784557256224.2505,453.001,1685.0,988.25,,3126.251
e-1305,1784557253148.0037,1784557253551,1784557255236.0,1784557256224.2646,402.996,1685.0,988.265,,3076.261
e-1306,1784557253197.9934,1784557253551,1784557255236.0,1784557256224.265,353.007,1685.0,988.265,,3026.271
e-1307,1784557253247.997,1784557253551,1784557255236.0,1784557256224.2673,303.003,1685.0,988.267,,2976.27
e-1308,1784557253297.996,1784557253551,1784557255236.0,1784557256224.3284,253.004,1685.0,988.328,,2926.332
e-1309,1784557253347.9968,1784557253551,1784557255236.0,1784557256224.3289,203.003,1685.0,988.329,,2876.332
e-1310,1784557253397.9915,1784557253551,1784557255236.0,1784557256224.3484,153.009,1685.0,988.348,,2826.357
e-1311,1784557253447.9988,1784557253551,1784557255236.0,1784557256224.3486,103.001,1685.0,988.349,,2776.35
e-1312,1784557253497.9912,1784557253551,1784557255236.0,1784557256224.349,53.009,1685.0,988.349,,2726.358
e-1313,1784557253548.31,1784557253551,1784557255237.0,1784557256224.3494,2.69,1686.0,987.349,,2676.039
e-1314,1784557253597.9932,1784557254601,1784557255237.0,1784557256224.3496,1003.007,636.0,987.35,,2626.356
e-1315,1784557253648.0095,1784557254601,1784557255237.0,1784557256224.4016,952.99,636.0,987.402,,2576.392
e-1316,1784557253697.992,1784557254601,1784557255237.0,1784557256224.4026,903.008,636.0,987.403,,2526.411
e-1317,1784557253748.0005,1784557254601,1784557255237.0,1784557256224.403,853.0,636.0,987.403,,2476.403
e-1318,1784557253797.9927,1784557254601,1784557255237.0,1784557256224.4036,803.007,636.0,987.404,,2426.411
e-1319,1784557253847.995,1784557254601,1784557255237.0,1784557256224.4038,753.005,636.0,987.404,,2376.409
e-1320,1784557253897.9917,1784557254601,1784557255237.0,1784557256224.404,703.008,636.0,987.404,,2326.412
e-1321,1784557253947.9932,1784557254601,1784557255237.0,1784557256224.42,653.007,636.0,987.42,,2276.427
e-1322,1784557253998.003,1784557254601,1784557255237.0,1784557256224.4204,602.997,636.0,987.42,,2226.417
e-1323,1784557254048.0007,1784557254601,1784557255237.0,1784557256224.4207,552.999,636.0,987.421,,2176.42
e-1324,1784557254097.9932,1784557254601,1784557255237.0,1784557256224.442,503.007,636.0,987.442,,2126.449
e-1325,1784557254147.9958,1784557254601,1784557255237.0,1784557256224.4424,453.004,636.0,987.442,,2076.447
e-1326,1784557254197.996,1784557254601,1784557255238.0,1784557256224.4426,403.004,637.0,986.443,,2026.447
e-1327,1784557254247.991,1784557254601,1784557255238.0,1784557256224.49,353.009,637.0,986.49,,1976.499
e-1328,1784557254297.9895,1784557254601,1784557255238.0,1784557256224.4907,303.01,637.0,986.491,,1926.501
e-1329,1784557254347.9895,1784557254601,1784557255238.0,1784557256224.5051,253.01,637.0,986.505,,1876.516
e-1330,1784557254397.9924,1784557254601,1784557255238.0,1784557256224.5056,203.008,637.0,986.506,,1826.513
e-1331,1784557254447.986,1784557254601,1784557255238.0,1784557256224.5059,153.014,637.0,986.506,,1776.52
e-1332,1784557254497.9907,1784557254601,1784557255238.0,1784557256224.5168,103.009,637.0,986.517,,1726.526
e-1333,1784557254547.9895,1784557254601,1784557255238.0,1784557256224.517,53.01,637.0,986.517,,1676.528
e-1334,1784557254597.9958,1784557254601,1784557255238.0,1784557256224.5173,3.004,637.0,986.517,,1626.521
e-1335,1784557254647.9937,1784557255650,1784557255655.0,1784557256224.538,1002.006,5.0,569.538,,1576.544
e-1336,1784557254697.992,1784557255650,1784557255655.0,1784557256224.5386,952.008,5.0,569.539,,1526.547
e-1337,1784557254747.9917,1784557255650,1784557255655.0,1784557256224.5388,902.008,5.0,569.539,,1476.547
e-1338,1784557254797.991,1784557255650,1784557255655.0,1784557256224.5393,852.009,5.0,569.539,,1426.548
e-1339,1784557254847.9854,1784557255650,1784557255655.0,1784557256224.5396,802.015,5.0,569.54,,1376.554
e-1340,1784557254897.9949,1784557255650,1784557255655.0,1784557256224.5942,752.005,5.0,569.594,,1326.599
e-1341,1784557254947.9924,1784557255650,1784557255655.0,1784557256224.5947,702.008,5.0,569.595,,1276.602
e-1342,1784557254998.085,1784557255650,1784557255655.0,1784557256224.5952,651.915,5.0,569.595,,1226.51
e-1343,1784557255047.9956,1784557255650,1784557255655.0,1784557256224.5989,602.004,5.0,569.599,,1176.603
e-1344,1784557255097.9934,1784557255650,1784557255656.0,1784557256224.5994,552.007,6.0,568.599,,1126.606
e-1345,1784557255147.9902,1784557255650,1784557255656.0,1784557256224.5996,502.01,6.0,568.6,,1076.609
e-1346,1784557255197.9934,1784557255650,1784557255656.0,1784557256224.625,452.007,6.0,568.625,,1026.632
e-1347,1784557255247.9924,1784557255650,1784557255656.0,1784557256224.6255,402.008,6.0,568.625,,976.633
e-1348,1784557255297.9949,1784557255650,1784557255656.0,1784557256224.7036,352.005,6.0,568.704,,926.709
e-1349,1784557255347.9937,1784557255650,1784557255656.0,1784557256224.7039,302.006,6.0,568.704,,876.71
e-1350,1784557255397.9949,1784557255650,1784557255656.0,1784557256224.7043,252.005,6.0,568.704,,826.709
e-1351,1784557255447.9858,1784557255650,1784557255656.0,1784557256224.7078,202.014,6.0,568.708,,776.722
e-1352,1784557255498.0522,1784557255650,1784557255656.0,1784557256224.708,151.948,6.0,568.708,,726.656
e-1353,1784557255547.9956,1784557255650,1784557255656.0,1784557256224.7114,102.004,6.0,568.711,,676.716
e-1354,1784557255597.9954,1784557255650,1784557255656.0,1784557256224.714,52.005,6.0,568.714,,626.719
e-1355,1784557255648.0032,1784557255650,1784557255656.0,1784557256224.7144,1.997,6.0,568.714,,576.711
e-1356,1784557255697.995,1784557256701,1784557256705.0,1784557257229.3232,1003.005,4.0,524.323,,1531.328
e-1357,1784557255748.001,1784557256701,1784557256706.0,1784557257229.3254,952.999,5.0,523.325,,1481.324
e-1358,1784557255797.9944,1784557256701,1784557256706.0,1784557257229.3262,903.006,5.0,523.326,,1431.332
e-1359,1784557255847.9922,1784557256701,1784557256706.0,1784557257229.3418,853.008,5.0,523.342,,1381.35
e-1360,1784557255897.9954,1784557256701,1784557256706.0,1784557257229.3425,803.005,5.0,523.343,,1331.347
e-1361,1784557255947.9956,1784557256701,1784557256706.0,1784557257229.343,753.004,5.0,523.343,,1281.347
e-1362,1784557255998.002,1784557256701,1784557256706.0,1784557257229.3435,702.998,5.0,523.344,,1231.342
e-1363,1784557256048.003,1784557256701,1784557256706.0,1784557257229.3438,652.997,5.0,523.344,,1181.341
e-1364,1784557256097.9958,1784557256701,1784557256706.0,1784557257229.3442,603.004,5.0,523.344,,1131.348
e-1365,1784557256147.99,1784557256701,1784557256706.0,1784557257229.3447,553.01,5.0,523.345,,1081.355
e-1366,1784557256197.995,1784557256701,1784557256706.0,1784557257229.3452,503.005,5.0,523.345,,1031.35
e-1367,1784557256247.9946,1784557256701,1784557256706.0,1784557257229.346,453.005,5.0,523.346,,981.351
e-1368,1784557256297.992,1784557256701,1784557256706.0,1784557257229.3464,403.008,5.0,523.346,,931.354
e-1369,1784557256347.9993,1784557256701,1784557256706.0,1784557257229.347,353.001,5.0,523.347,,881.348
e-1370,1784557256397.9941,1784557256701,1784557256706.0,1784557257229.3474,303.006,5.0,523.347,,831.353
e-1371,1784557256448.02,1784557256701,1784557256706.0,1784557257229.3477,252.98,5.0,523.348,,781.328
e-1372,1784557256498.002,1784557256701,1784557256706.0,1784557257229.3481,202.998,5.0,523.348,,731.346
e-1373,1784557256547.9983,1784557256701,1784557256706.0,1784557257229.3486,153.002,5.0,523.349,,681.35
e-1374,1784557256597.9985,1784557256701,1784557256706.0,1784557257229.3538,103.001,5.0,523.354,,631.355
e-1375,1784557256648.053,1784557256701,1784557256706.0,1784557257229.3542,52.947,5.0,523.354,,581.301
e-1376,1784557256697.9988,1784557256701,1784557256707.0,1784557257229.3547,3.001,6.0,522.355,,531.356
e-1377,1784557256748.0889,1784557257750,1784557257754.0,1784557258275.5896,1001.911,4.0,521.59,,1527.501
e-1378,1784557256797.9944,1784557257750,1784557257754.0,1784557258275.5913,952.006,4.0,521.591,,1477.597
e-1379,1784557256847.9954,1784557257750,1784557257754.0,1784557258275.5918,902.005,4.0,521.592,,1427.596
e-1380,1784557256898.0107,1784557257750,1784557257755.0,1784557258275.5923,851.989,5.0,520.592,,1377.582
e-1381,1784557256948.0115,1784557257750,1784557257755.0,1784557258275.5925,801.989,5.0,520.593,,1327.581
e-1382,1784557256998.0007,1784557257750,1784557257755.0,1784557258275.5928,751.999,5.0,520.593,,1277.592
e-1383,1784557257048.0056,1784557257750,1784557257755.0,1784557258275.593,701.994,5.0,520.593,,1227.587
e-1384,1784557257097.9893,1784557257750,1784557257755.0,1784557258275.5935,652.011,5.0,520.594,,1177.604
e-1385,1784557257147.9944,1784557257750,1784557257755.0,1784557258275.5938,602.006,5.0,520.594,,1127.599
e-1386,1784557257197.996,1784557257750,1784557257755.0,1784557258275.594,552.004,5.0,520.594,,1077.598
e-1387,1784557257249.5557,1784557257750,1784557257755.0,1784557258275.5942,500.444,5.0,520.594,,1026.039
e-1388,1784557257298.0022,1784557257750,1784557257755.0,1784557258275.5945,451.998,5.0,520.594,,977.592
e-1389,1784557257348.0474,1784557257750,1784557257755.0,1784557258275.5947,401.953,5.0,520.595,,927.547
e-1390,1784557257398.0068,1784557257750,1784557257755.0,1784557258275.5947,351.993,5.0,520.595,,877.588
e-1391,1784557257447.9907,1784557257750,1784557257755.0,1784557258275.595,302.009,5.0,520.595,,827.604
e-1392,1784557257497.994,1784557257750,1784557257755.0,1784557258275.5952,252.006,5.0,520.595,,777.601
e-1393,1784557257547.997,1784557257750,1784557257755.0,1784557258275.5955,202.003,5.0,520.595,,727.598
e-1394,1784557257597.997,1784557257750,1784557257756.0,1784557258275.5957,152.003,6.0,519.596,,677.599
e-1395,1784557257647.994,1784557257750,1784557257756.0,1784557258275.606,102.006,6.0,519.606,,627.612
e-1396,1784557257697.989,1784557257750,1784557257756.0,1784557258275.6064,52.011,6.0,519.606,,577.617
e-1397,1784557257747.996,1784557257750,1784557257756.0,1784557258275.6067,2.004,6.0,519.607,,527.611
e-1398,1784557257797.9998,1784557258800,1784557258804.0,1784557259323.6362,1002.0,4.0,519.636,,1525.636
e-1399,1784557257847.996,1784557258800,1784557258804.0,1784557259323.6401,952.004,4.0,519.64,,1475.644
e-1400,1784557257897.994,1784557258800,1784557258804.0,1784557259323.641,902.006,4.0,519.641,,1425.647
e-1401,1784557257947.9973,1784557258800,1784557258805.0,1784557259323.6577,852.003,5.0,518.658,,1375.66
e-1402,1784557257997.9993,1784557258800,1784557258805.0,1784557259323.6582,802.001,5.0,518.658,,1325.659
e-1403,1784557258048.0005,1784557258800,1784557258805.0,1784557259323.659,752.0,5.0,518.659,,1275.658
e-1404,1784557258097.9998,1784557258800,1784557258805.0,1784557259323.6594,702.0,5.0,518.659,,1225.66
e-1405,1784557258148.007,1784557258800,1784557258805.0,1784557259323.669,651.993,5.0,518.669,,1175.662
e-1406,1784557258197.9941,1784557258800,1784557258805.0,1784557259323.6697,602.006,5.0,518.67,,1125.676
e-1407,1784557258247.997,1784557258800,1784557258805.0,1784557259323.6702,552.003,5.0,518.67,,1075.673
e-1408,1784557258297.9995,1784557258800,1784557258805.0,1784557259323.671,502.0,5.0,518.671,,1025.671
e-1409,1784557258348.005,1784557258800,1784557258805.0,1784557259323.6714,451.995,5.0,518.671,,975.667
e-1410,1784557258397.9973,1784557258800,1784557258805.0,1784557259323.672,402.003,5.0,518.672,,925.675
e-1411,1784557258448.0137,1784557258800,1784557258805.0,1784557259323.6726,351.986,5.0,518.673,,875.659
e-1412,1784557258497.996,1784557258800,1784557258805.0,1784557259323.673,302.004,5.0,518.673,,825.677
e-1413,1784557258548.0024,1784557258800,1784557258805.0,1784557259323.6738,251.998,5.0,518.674,,775.671
e-1414,1784557258597.9985,1784557258800,1784557258805.0,1784557259323.6743,202.001,5.0,518.674,,725.676
e-1415,1784557258647.9958,1784557258800,1784557258805.0,1784557259323.6748,152.004,5.0,518.675,,675.679
e-1416,1784557258697.9954,1784557258800,1784557258805.0,1784557259323.6755,102.005,5.0,518.676,,625.68
e-1417,1784557258748.0176,1784557258800,1784557258806.0,1784557259323.681,51.982,6.0,517.681,,575.663
e-1418,1784557258797.9941,1784557258800,1784557258806.0,1784557259323.6816,2.006,6.0,517.682,,525.688
e-1419,1784557258847.9954,1784557259850,1784557259854.0,1784557260376.804,1002.005,4.0,522.804,,1528.809
e-1420,1784557258897.9888,1784557259850,1784557259855.0,1784557260376.8071,952.011,5.0,521.807,,1478.818
e-1421,1784557258948.004,1784557259850,1784557259855.0,1784557260376.8079,901.996,5.0,521.808,,1428.804
e-1422,1784557258998.0154,1784557259850,1784557259855.0,1784557260376.8083,851.985,5.0,521.808,,1378.793
e-1423,1784557259048.0,1784557259850,1784557259855.0,1784557260376.8088,802.0,5.0,521.809,,1328.809
e-1424,1784557259097.9937,1784557259850,1784557259855.0,1784557260376.8093,752.006,5.0,521.809,,1278.816
e-1425,1784557259148.0042,1784557259850,1784557259855.0,1784557260376.8096,701.996,5.0,521.81,,1228.805
e-1426,1784557259197.998,1784557259850,1784557259855.0,1784557260376.81,652.002,5.0,521.81,,1178.812
e-1427,1784557259248.0093,1784557259850,1784557259855.0,1784557260376.8105,601.991,5.0,521.811,,1128.801
e-1428,1784557259297.9973,1784557259850,1784557259855.0,1784557260376.8113,552.003,5.0,521.811,,1078.814
e-1429,1784557259347.9907,1784557259850,1784557259855.0,1784557260376.8118,502.009,5.0,521.812,,1028.821
e-1430,1784557259397.9998,1784557259850,1784557259855.0,1784557260376.8123,452.0,5.0,521.812,,978.812
e-1431,1784557259447.996,1784557259850,1784557259855.0,1784557260376.8127,402.004,5.0,521.813,,928.817
e-1432,1784557259498.0002,1784557259850,1784557259856.0,1784557260376.813,352.0,6.0,520.813,,878.813
e-1433,1784557259547.9927,1784557259850,1784557259856.0,1784557260376.8135,302.007,6.0,520.813,,828.821
e-1434,1784557259597.9983,1784557259850,1784557259856.0,1784557260376.814,252.002,6.0,520.814,,778.816
e-1435,1784557259647.9973,1784557259850,1784557259856.0,1784557260376.8145,202.003,6.0,520.814,,728.817
e-1436,1784557259697.9988,1784557259850,1784557259856.0,1784557260376.815,152.001,6.0,520.815,,678.816
e-1437,1784557259748.0117,1784557259850,1784557259856.0,1784557260376.8157,101.988,6.0,520.816,,628.804
e-1438,1784557259797.9937,1784557259850,1784557259856.0,1784557260376.8274,52.006,6.0,520.827,,578.834
e-1439,1784557259848.0034,1784557259850,1784557259856.0,1784557260376.828,1.997,6.0,520.828,,528.824
e-1440,1784557259897.989,1784557260899,1784557260903.0,1784557261421.9624,1001.011,4.0,518.962,,1523.973
e-1441,1784557259947.9941,1784557260899,1784557260904.0,1784557261421.965,951.006,5.0,517.965,,1473.971
e-1442,1784557259997.9963,1784557260899,1784557260904.0,1784557261421.9656,901.004,5.0,517.966,,1423.969
e-1443,1784557260047.9976,1784557260899,1784557260904.0,1784557261421.9658,851.002,5.0,517.966,,1373.968
e-1444,1784557260097.9985,1784557260899,1784557260904.0,1784557261421.9758,801.001,5.0,517.976,,1323.977
e-1445,1784557260148.002,1784557260899,1784557260904.0,1784557261421.9763,750.998,5.0,517.976,,1273.974
e-1446,1784557260198.0012,1784557260899,1784557260904.0,1784557261421.9766,700.999,5.0,517.977,,1223.975
e-1447,1784557260248.0027,1784557260899,1784557260904.0,1784557261421.9768,650.997,5.0,517.977,,1173.974
e-1448,1784557260297.9988,1784557260899,1784557260904.0,1784557261421.9773,601.001,5.0,517.977,,1123.979
e-1449,1784557260348.0002,1784557260899,1784557260904.0,1784557261421.9778,551.0,5.0,517.978,,1073.978
e-1450,1784557260398.0005,1784557260899,1784557260904.0,1784557261421.978,501.0,5.0,517.978,,1023.978
e-1451,1784557260448.002,1784557260899,1784557260904.0,1784557261421.9783,450.998,5.0,517.978,,973.976
e-1452,1784557260498.0032,1784557260899,1784557260904.0,1784557261421.9788,400.997,5.0,517.979,,923.976
e-1453,1784557260547.9897,1784557260899,1784557260904.0,1784557261421.979,351.01,5.0,517.979,,873.989
e-1454,1784557260597.9963,1784557260899,1784557260904.0,1784557261421.9792,301.004,5.0,517.979,,823.983
e-1455,1784557260647.9958,1784557260899,1784557260904.0,1784557261421.9797,251.004,5.0,517.98,,773.984
e-1456,1784557260697.995,1784557260899,1784557260904.0,1784557261421.98,201.005,5.0,517.98,,723.985
e-1457,1784557260747.9954,1784557260899,1784557260904.0,1784557261421.9805,151.005,5.0,517.98,,673.985
e-1458,1784557260798.007,1784557260899,1784557260904.0,1784557261421.9807,100.993,5.0,517.981,,623.974
e-1459,1784557260847.997,1784557260899,1784557260904.0,1784557261421.9836,51.003,5.0,517.984,,573.987
e-1460,1784557260898.0034,1784557260899,1784557260904.0,1784557261421.984,0.997,5.0,517.984,,523.98
e-1461,1784557260948.5398,1784557261951,1784557261956.0,1784557262477.9392,1002.46,5.0,521.939,,1529.399
e-1462,1784557260997.9978,1784557261951,1784557261956.0,1784557262477.9417,953.002,5.0,521.942,,1479.944
e-1463,1784557261047.9988,1784557261951,1784557261956.0,1784557262477.9424,903.001,5.0,521.942,,1429.944
e-1464,1784557261097.9946,1784557261951,1784557261957.0,1784557262477.9429,853.005,6.0,520.943,,1379.948
e-1465,1784557261147.9966,1784557261951,1784557261957.0,1784557262477.9434,803.003,6.0,520.943,,1329.947
e-1466,1784557261198.0002,1784557261951,1784557261957.0,1784557262477.9438,753.0,6.0,520.944,,1279.944
e-1467,1784557261248.0051,1784557261951,1784557261957.0,1784557262477.9443,702.995,6.0,520.944,,1229.939
e-1468,1784557261297.9958,1784557261951,1784557261957.0,1784557262477.9448,653.004,6.0,520.945,,1179.949
e-1469,1784557261347.998,1784557261951,1784557261957.0,1784557262477.9458,603.002,6.0,520.946,,1129.948
e-1470,1784557261397.996,1784557261951,1784557261957.0,1784557262477.9463,553.004,6.0,520.946,,1079.95
e-1471,1784557261447.9878,1784557261951,1784557261957.0,1784557262477.9468,503.012,6.0,520.947,,1029.959
e-1472,1784557261498.0012,1784557261951,1784557261957.0,1784557262477.9473,452.999,6.0,520.947,,979.946
e-1473,1784557261548.0122,1784557261951,1784557261957.0,1784557262477.9478,402.988,6.0,520.948,,929.936
e-1474,1784557261597.9985,1784557261951,1784557261957.0,1784557262477.9482,353.001,6.0,520.948,,879.95
e-1475,1784557261647.99,1784557261951,1784557261957.0,1784557262477.9485,303.01,6.0,520.948,,829.958
e-1476,1784557261697.9849,1784557261951,1784557261957.0,1784557262477.949,253.015,6.0,520.949,,779.964
e-1477,1784557261747.9912,1784557261951,1784557261958.0,1784557262477.9495,203.009,7.0,519.949,,729.958
e-1478,1784557261797.9883,1784557261951,1784557261958.0,1784557262477.95,153.012,7.0,519.95,,679.962
e-1479,1784557261847.9905,1784557261951,1784557261958.0,1784557262477.9504,103.01,7.0,519.95,,629.96
e-1480,1784557261897.9841,1784557261951,1784557261958.0,1784557262477.9614,53.016,7.0,519.961,,579.977
e-1481,1784557261947.9912,1784557261951,1784557261958.0,1784557262477.962,3.009,7.0,519.962,,529.971
e-1482,1784557261997.993,1784557263000,1784557263004.0,1784557263523.777,1002.007,4.0,519.777,,1525.784
e-1483,1784557262049.0168,1784557263000,1784557263004.0,1784557263523.7795,950.983,4.0,519.78,,1474.763
e-1484,1784557262097.99,1784557263000,1784557263004.0,1784557263523.78,902.01,4.0,519.78,,1425.79
e-1485,1784557262147.9958,1784557263000,1784557263004.0,1784557263523.7805,852.004,4.0,519.781,,1375.785
e-1486,1784557262197.9907,1784557263000,1784557263004.0,1784557263523.7815,802.009,4.0,519.781,,1325.791
e-1487,1784557262247.9941,1784557263000,1784557263004.0,1784557263523.8147,752.006,4.0,519.815,,1275.821
e-1488,1784557262297.9922,1784557263000,1784557263004.0,1784557263523.815,702.008,4.0,519.815,,1225.823
e-1489,1784557262347.9944,1784557263000,1784557263004.0,1784557263523.8154,652.006,4.0,519.815,,1175.821
e-1490,1784557262397.9912,1784557263000,1784557263004.0,1784557263523.816,602.009,4.0,519.816,,1125.825
e-1491,1784557262447.997,1784557263000,1784557263004.0,1784557263523.8164,552.003,4.0,519.816,,1075.819
e-1492,1784557262497.9941,1784557263000,1784557263004.0,1784557263523.817,502.006,4.0,519.817,,1025.823
e-1493,1784557262548.0107,1784557263000,1784557263004.0,1784557263523.8171,451.989,4.0,519.817,,975.806
e-1494,1784557262597.998,1784557263000,1784557263004.0,1784557263523.8176,402.002,4.0,519.818,,925.82
e-1495,1784557262648.004,1784557263000,1784557263005.0,1784557263523.818,351.996,5.0,518.818,,875.814
e-1496,1784557262697.989,1784557263000,1784557263005.0,1784557263523.8186,302.011,5.0,518.819,,825.83
e-1497,1784557262748.0063,1784557263000,1784557263005.0,1784557263523.819,251.994,5.0,518.819,,775.813
e-1498,1784557262797.9924,1784557263000,1784557263005.0,1784557263523.8193,202.008,5.0,518.819,,725.827
e-1499,1784557262847.9956,1784557263000,1784557263005.0,1784557263523.8198,152.004,5.0,518.82,,675.824
e-1500,1784557262897.995,1784557263000,1784557263005.0,1784557263523.8203,102.005,5.0,518.82,,625.825
e-1501,1784557262947.9978,1784557263000,1784557263005.0,1784557263523.8208,52.002,5.0,518.821,,575.823
e-1502,1784557262997.9858,1784557263000,1784557263005.0,1784557263523.8252,2.014,5.0,518.825,,525.839
e-1503,1784557263047.993,1784557264050,1784557264055.0,1784557264575.8623,1002.007,5.0,520.862,,1527.869
e-1504,1784557263097.99,1784557264050,1784557264055.0,1784557264575.865,952.01,5.0,520.865,,1477.875
e-1505,1784557263148.004,1784557264050,1784557264055.0,1784557264575.8657,901.996,5.0,520.866,,1427.862
e-1506,1784557263197.9985,1784557264050,1784557264055.0,1784557264575.8662,852.001,5.0,520.866,,1377.868
e-1507,1784557263248.0002,1784557264050,1784557264055.0,1784557264575.8667,802.0,5.0,520.867,,1327.866
e-1508,1784557263297.9927,1784557264050,1784557264055.0,1784557264575.8672,752.007,5.0,520.867,,1277.875
e-1509,1784557263347.9946,1784557264050,1784557264055.0,1784557264575.8677,702.005,5.0,520.868,,1227.873
e-1510,1784557263398.0037,1784557264050,1784557264055.0,1784557264575.868,651.996,5.0,520.868,,1177.864
e-1511,1784557263447.997,1784557264050,1784557264055.0,1784557264575.8684,602.003,5.0,520.868,,1127.871
e-1512,1784557263497.9973,1784557264050,1784557264055.0,1784557264575.869,552.003,5.0,520.869,,1077.872
e-1513,1784557263548.0034,1784557264050,1784557264055.0,1784557264575.8694,501.997,5.0,520.869,,1027.866
e-1514,1784557263597.998,1784557264050,1784557264055.0,1784557264575.8696,452.002,5.0,520.87,,977.872
e-1515,1784557263647.9902,1784557264050,1784557264055.0,1784557264575.87,402.01,5.0,520.87,,927.88
e-1516,1784557263697.9976,1784557264050,1784557264055.0,1784557264575.8706,352.002,5.0,520.871,,877.873
e-1517,1784557263747.9941,1784557264050,1784557264056.0,1784557264575.871,302.006,6.0,519.871,,827.877
e-1518,1784557263797.9963,1784557264050,1784557264056.0,1784557264575.8713,252.004,6.0,519.871,,777.875
e-1519,1784557263847.9956,1784557264050,1784557264056.0,1784557264575.8718,202.004,6.0,519.872,,727.876
e-1520,1784557263897.9958,1784557264050,1784557264056.0,1784557264575.8723,152.004,6.0,519.872,,677.876
e-1521,1784557263947.9958,1784557264050,1784557264056.0,1784557264575.8728,102.004,6.0,519.873,,627.877
e-1522,1784557263997.9963,1784557264050,1784557264056.0,1784557264575.8733,52.004,6.0,519.873,,577.877
e-1523,1784557264047.9905,1784557264050,1784557264056.0,1784557264575.8857,2.01,6.0,519.886,,527.895
e-1524,1784557264097.9885,1784557265101,1784557265105.0,1784557265629.7861,1003.011,4.0,524.786,,1531.798
e-1525,1784557264147.989,1784557265101,1784557265105.0,1784557265629.7896,953.011,4.0,524.79,,1481.801
e-1526,1784557264197.995,1784557265101,1784557265105.0,1784557265629.79,903.005,4.0,524.79,,1431.795
e-1527,1784557264247.9895,1784557265101,1784557265105.0,1784557265629.7908,853.01,4.0,524.791,,1381.801
e-1528,1784557264297.9949,1784557265101,1784557265106.0,1784557265629.8064,803.005,5.0,523.806,,1331.812
e-1529,1784557264347.988,1784557265101,1784557265106.0,1784557265629.807,753.012,5.0,523.807,,1281.819
e-1530,1784557264397.995,1784557265101,1784557265106.0,1784557265629.8071,703.005,5.0,523.807,,1231.812
e-1531,1784557264447.998,1784557265101,1784557265106.0,1784557265629.81,653.002,5.0,523.81,,1181.812
e-1532,1784557264497.9932,1784557265101,1784557265106.0,1784557265629.8105,603.007,5.0,523.811,,1131.817
e-1533,1784557264547.996,1784557265101,1784557265106.0,1784557265629.811,553.004,5.0,523.811,,1081.815
e-1534,1784557264597.9963,1784557265101,1784557265106.0,1784557265629.8115,503.004,5.0,523.812,,1031.815
e-1535,1784557264647.9966,1784557265101,1784557265106.0,1784557265629.8118,453.003,5.0,523.812,,981.815
e-1536,1784557264697.9885,1784557265101,1784557265106.0,1784557265629.8123,403.011,5.0,523.812,,931.824
e-1537,1784557264748.0051,1784557265101,1784557265106.0,1784557265629.8127,352.995,5.0,523.813,,881.808
e-1538,1784557264797.9949,1784557265101,1784557265106.0,1784557265629.8132,303.005,5.0,523.813,,831.818
e-1539,1784557264847.9941,1784557265101,1784557265106.0,1784557265629.8137,253.006,5.0,523.814,,781.82
e-1540,1784557264897.9946,1784557265101,1784557265106.0,1784557265629.814,203.005,5.0,523.814,,731.819
e-1541,1784557264947.9878,1784557265101,1784557265106.0,1784557265629.8147,153.012,5.0,523.815,,681.827
e-1542,1784557264998.0012,1784557265101,1784557265106.0,1784557265629.815,102.999,5.0,523.815,,631.814
e-1543,1784557265048.001,1784557265101,1784557265106.0,1784557265629.8154,52.999,5.0,523.815,,581.814
e-1544,1784557265098.0098,1784557265101,1784557265106.0,1784557265629.8176,2.99,5.0,523.818,,531.808
e-1545,1784557265147.998,1784557266150,1784557266154.0,1784557266674.2588,1002.002,4.0,520.259,,1526.261
e-1546,1784557265197.9995,1784557266150,1784557266154.0,1784557266674.261,952.0,4.0,520.261,,1476.261
e-1547,1784557265247.9983,1784557266150,1784557266154.0,1784557266674.2617,902.002,4.0,520.262,,1426.263
e-1548,1784557265297.9973,1784557266150,1784557266154.0,1784557266674.2622,852.003,4.0,520.262,,1376.265
e-1549,1784557265347.997,1784557266150,1784557266154.0,1784557266674.2627,802.003,4.0,520.263,,1326.266
e-1550,1784557265397.997,1784557266150,1784557266154.0,1784557266674.2632,752.003,4.0,520.263,,1276.266
e-1551,1784557265448.5388,1784557266150,1784557266154.0,1784557266674.2637,701.461,4.0,520.264,,1225.725
e-1552,1784557265497.994,1784557266150,1784557266154.0,1784557266674.2642,652.006,4.0,520.264,,1176.27
e-1553,1784557265547.9958,1784557266150,1784557266154.0,1784557266674.2644,602.004,4.0,520.264,,1126.269
e-1554,1784557265597.995,1784557266150,1784557266154.0,1784557266674.2651,552.005,4.0,520.265,,1076.27
e-1555,1784557265647.9978,1784557266150,1784557266154.0,1784557266674.2659,502.002,4.0,520.266,,1026.268
e-1556,1784557265697.9912,1784557266150,1784557266154.0,1784557266674.2664,452.009,4.0,520.266,,976.275
e-1557,1784557265747.9905,1784557266150,1784557266154.0,1784557266674.2668,402.01,4.0,520.267,,926.276
e-1558,1784557265798.003,1784557266150,1784557266154.0,1784557266674.267,351.997,4.0,520.267,,876.264
e-1559,1784557265848.5415,1784557266150,1784557266155.0,1784557266674.2676,301.458,5.0,519.268,,825.726
e-1560,1784557265898.0012,1784557266150,1784557266155.0,1784557266674.268,251.999,5.0,519.268,,776.267
e-1561,1784557265947.9983,1784557266150,1784557266155.0,1784557266674.2686,202.002,5.0,519.269,,726.27
e-1562,1784557265997.9968,1784557266150,1784557266155.0,1784557266674.269,152.003,5.0,519.269,,676.272
e-1563,1784557266047.9878,1784557266150,1784557266155.0,1784557266674.2695,102.012,5.0,519.27,,626.282
e-1564,1784557266097.9949,1784557266150,1784557266155.0,1784557266674.27,52.005,5.0,519.27,,576.275
e-1565,1784557266147.9897,1784557266150,1784557266155.0,1784557266674.2815,2.01,5.0,519.281,,526.292
e-1566,1784557266197.9976,1784557267200,1784557267203.0,1784557267721.2764,1002.002,3.0,518.276,,1523.279
e-1567,1784557266247.988,1784557267200,1784557267203.0,1784557267721.2793,952.012,3.0,518.279,,1473.291
e-1568,1784557266297.9946,1784557267200,1784557267203.0,1784557267721.2803,902.005,3.0,518.28,,1423.286
e-1569,1784557266349.5422,1784557267200,1784557267203.0,1784557267721.2808,850.458,3.0,518.281,,1371.739
e-1570,1784557266397.996,1784557267200,1784557267203.0,1784557267721.2815,802.004,3.0,518.281,,1323.285
e-1571,1784557266448.0083,1784557267200,1784557267204.0,1784557267721.2825,751.992,4.0,517.282,,1273.274
e-1572,1784557266498.0032,1784557267200,1784557267204.0,1784557267721.2832,701.997,4.0,517.283,,1223.28
e-1573,1784557266547.998,1784557267200,1784557267204.0,1784557267721.2996,652.002,4.0,517.3,,1173.302
e-1574,1784557266597.9973,1784557267200,1784557267204.0,1784557267721.3,602.003,4.0,517.3,,1123.303
e-1575,1784557266647.9988,1784557267200,1784557267204.0,1784557267721.3005,552.001,4.0,517.301,,1073.302
e-1576,1784557266697.9875,1784557267200,1784557267204.0,1784557267721.301,502.012,4.0,517.301,,1023.313
e-1577,1784557266747.9922,1784557267200,1784557267204.0,1784557267721.3013,452.008,4.0,517.301,,973.309
e-1578,1784557266798.001,1784557267200,1784557267204.0,1784557267721.3018,401.999,4.0,517.302,,923.301
e-1579,1784557266847.9932,1784557267200,1784557267204.0,1784557267721.3022,352.007,4.0,517.302,,873.309
e-1580,1784557266897.9932,1784557267200,1784557267204.0,1784557267721.3027,302.007,4.0,517.303,,823.31
e-1581,1784557266947.9907,1784557267200,1784557267204.0,1784557267721.3032,252.009,4.0,517.303,,773.312
e-1582,1784557266997.995,1784557267200,1784557267204.0,1784557267721.3035,202.005,4.0,517.303,,723.308
e-1583,1784557267047.993,1784557267200,1784557267204.0,1784557267721.304,152.007,4.0,517.304,,673.311
e-1584,1784557267097.995,1784557267200,1784557267204.0,1784557267721.3196,102.005,4.0,517.32,,623.324
e-1585,1784557267147.9963,1784557267200,1784557267204.0,1784557267721.3208,52.004,4.0,517.321,,573.324
e-1586,1784557267197.9917,1784557267200,1784557267204.0,1784557267721.3213,2.008,4.0,517.321,,523.33
e-1587,1784557267247.9905,1784557268255,1784557268258.0,1784557268779.9644,1007.01,3.0,521.964,,1531.974
e-1588,1784557267297.9868,1784557268255,1784557268259.0,1784557268779.9668,957.013,4.0,520.967,,1481.98
e-1589,1784557267347.9958,1784557268255,1784557268259.0,1784557268779.9673,907.004,4.0,520.967,,1431.971
e-1590,1784557267397.9993,1784557268255,1784557268259.0,1784557268779.9678,857.001,4.0,520.968,,1381.969
e-1591,1784557267447.995,1784557268255,1784557268259.0,1784557268779.968,807.005,4.0,520.968,,1331.973
e-1592,1784557267497.996,1784557268255,1784557268259.0,1784557268779.9683,757.004,4.0,520.968,,1281.972
e-1593,1784557267547.9988,1784557268255,1784557268259.0,1784557268779.9688,707.001,4.0,520.969,,1231.97
e-1594,1784557267597.997,1784557268255,1784557268259.0,1784557268779.9836,657.003,4.0,520.984,,1181.987
e-1595,1784557267647.9976,1784557268255,1784557268259.0,1784557268779.9841,607.002,4.0,520.984,,1131.987
e-1596,1784557267697.9973,1784557268255,1784557268259.0,1784557268779.9844,557.003,4.0,520.984,,1081.987
e-1597,1784557267747.99,1784557268255,1784557268259.0,1784557268779.9849,507.01,4.0,520.985,,1031.995
e-1598,1784557267798.004,1784557268255,1784557268259.0,1784557268779.985,456.996,4.0,520.985,,981.981
e-1599,1784557267847.998,1784557268255,1784557268259.0,1784557268779.9854,407.002,4.0,520.985,,931.987
e-1600,1784557267898.0005,1784557268255,1784557268259.0,1784557268779.9856,357.0,4.0,520.986,,881.985
e-1601,1784557267947.9941,1784557268255,1784557268259.0,1784557268779.986,307.006,4.0,520.986,,831.992
e-1602,1784557267998.0022,1784557268255,1784557268259.0,1784557268779.9863,256.998,4.0,520.986,,781.984
e-1603,1784557268047.9897,1784557268255,1784557268259.0,1784557268779.9866,207.01,4.0,520.987,,731.997
e-1604,1784557268098.0178,1784557268255,1784557268259.0,1784557268779.9868,156.982,4.0,520.987,,681.969
e-1605,1784557268147.9915,1784557268255,1784557268259.0,1784557268779.9873,107.009,4.0,520.987,,631.996
e-1606,1784557268198.005,1784557268255,1784557268259.0,1784557268779.9875,56.995,4.0,520.988,,581.983
e-1607,1784557268247.9915,1784557268255,1784557268259.0,1784557268779.9878,7.009,4.0,520.988,,531.996
e-1608,1784557268298.0,1784557269300,1784557269304.0,1784557269826.0254,1002.0,4.0,522.025,,1528.025
e-1609,1784557268347.9993,1784557269300,1784557269305.0,1784557269826.028,952.001,5.0,521.028,,1478.029
e-1610,1784557268397.9968,1784557269300,1784557269305.0,1784557269826.0286,902.003,5.0,521.029,,1428.032
e-1611,1784557268448.0007,1784557269300,1784557269305.0,1784557269826.0293,851.999,5.0,521.029,,1378.029
e-1612,1784557268498.0015,1784557269300,1784557269305.0,1784557269826.0295,801.999,5.0,521.03,,1328.028
e-1613,1784557268547.995,1784557269300,1784557269305.0,1784557269826.03,752.005,5.0,521.03,,1278.035
e-1614,1784557268597.9954,1784557269300,1784557269305.0,1784557269826.0303,702.005,5.0,521.03,,1228.035
e-1615,1784557268647.9937,1784557269300,1784557269305.0,1784557269826.0305,652.006,5.0,521.031,,1178.037
e-1616,1784557268698.0005,1784557269300,1784557269305.0,1784557269826.039,602.0,5.0,521.039,,1128.039
e-1617,1784557268748.0,1784557269300,1784557269305.0,1784557269826.0393,552.0,5.0,521.039,,1078.039
e-1618,1784557268798.002,1784557269300,1784557269305.0,1784557269826.0398,501.998,5.0,521.04,,1028.038
e-1619,1784557268848.0051,1784557269300,1784557269305.0,1784557269826.0403,451.995,5.0,521.04,,978.035
e-1620,1784557268897.9927,1784557269300,1784557269305.0,1784557269826.0405,402.007,5.0,521.041,,928.048
e-1621,1784557268947.9956,1784557269300,1784557269306.0,1784557269826.0405,352.004,6.0,520.041,,878.045
e-1622,1784557268997.9922,1784557269300,1784557269306.0,1784557269826.0413,302.008,6.0,520.041,,828.049
e-1623,1784557269047.9946,1784557269300,1784557269306.0,1784557269826.0415,252.005,6.0,520.042,,778.047
e-1624,1784557269098.0,1784557269300,1784557269306.0,1784557269826.0417,202.0,6.0,520.042,,728.042
e-1625,1784557269147.9917,1784557269300,1784557269306.0,1784557269826.042,152.008,6.0,520.042,,678.05
e-1626,1784557269197.996,1784557269300,1784557269306.0,1784557269826.0422,102.004,6.0,520.042,,628.046
e-1627,1784557269247.9966,1784557269300,1784557269306.0,1784557269826.0425,52.003,6.0,520.042,,578.046
e-1628,1784557269298.011,1784557269300,1784557269306.0,1784557269826.0427,1.989,6.0,520.043,,528.032
e-1629,1784557269348.021,1784557270350,1784557270354.0,1784557270877.7349,1001.979,4.0,523.735,,1529.714
e-1630,1784557269397.994,1784557270350,1784557270354.0,1784557270877.7375,952.006,4.0,523.738,,1479.744
e-1631,1784557269448.01,1784557270350,1784557270354.0,1784557270877.738,901.99,4.0,523.738,,1429.728
e-1632,1784557269498.0146,1784557270350,1784557270354.0,1784557270877.7383,851.985,4.0,523.738,,1379.724
e-1633,1784557269548.0002,1784557270350,1784557270354.0,1784557270877.7385,802.0,4.0,523.739,,1329.738
e-1634,1784557269597.9944,1784557270350,1784557270354.0,1784557270877.7388,752.006,4.0,523.739,,1279.744
e-1635,1784557269647.997,1784557270350,1784557270354.0,1784557270877.739,702.003,4.0,523.739,,1229.742
e-1636,1784557269697.9944,1784557270350,1784557270354.0,1784557270877.7393,652.006,4.0,523.739,,1179.745
e-1637,1784557269747.998,1784557270350,1784557270354.0,1784557270877.7395,602.002,4.0,523.74,,1129.741
e-1638,1784557269798.0078,1784557270350,1784557270354.0,1784557270877.7397,551.992,4.0,523.74,,1079.732
e-1639,1784557269847.9905,1784557270350,1784557270354.0,1784557270877.7402,502.01,4.0,523.74,,1029.75
e-1640,1784557269898.002,1784557270350,1784557270354.0,1784557270877.7405,451.998,4.0,523.74,,979.739
e-1641,1784557269947.994,1784557270350,1784557270354.0,1784557270877.7407,402.006,4.0,523.741,,929.747
e-1642,1784557269998.0078,1784557270350,1784557270354.0,1784557270877.741,351.992,4.0,523.741,,879.733
e-1643,1784557270047.9944,1784557270350,1784557270354.0,1784557270877.7412,302.006,4.0,523.741,,829.747
e-1644,1784557270097.9934,1784557270350,1784557270354.0,1784557270877.7415,252.007,4.0,523.741,,779.748
e-1645,1784557270147.9946,1784557270350,1784557270354.0,1784557270877.7417,202.005,4.0,523.742,,729.747
e-1646,1784557270198.0056,1784557270350,1784557270354.0,1784557270877.742,151.994,4.0,523.742,,679.736
e-1647,1784557270247.9941,1784557270350,1784557270354.0,1784557270877.7422,102.006,4.0,523.742,,629.748
e-1648,1784557270297.9998,1784557270350,1784557270354.0,1784557270877.7424,52.0,4.0,523.742,,579.743
e-1649,1784557270348.0,1784557270350,1784557270355.0,1784557270877.7427,2.0,5.0,522.743,,529.743
e-1650,1784557270397.9883,1784557271401,1784557271405.0,1784557271923.3772,1003.012,4.0,518.377,,1525.389
e-1651,1784557270447.999,1784557271401,1784557271405.0,1784557271923.3796,953.001,4.0,518.38,,1475.381
e-1652,1784557270497.9902,1784557271401,1784557271405.0,1784557271923.3801,903.01,4.0,518.38,,1425.39
e-1653,1784557270547.9907,1784557271401,1784557271405.0,1784557271923.3804,853.009,4.0,518.38,,1375.39
e-1654,1784557270597.9917,1784557271401,1784557271405.0,1784557271923.3809,803.008,4.0,518.381,,1325.389
e-1655,1784557270647.9927,1784557271401,1784557271405.0,1784557271923.3813,753.007,4.0,518.381,,1275.389
e-1656,1784557270697.9998,1784557271401,1784557271405.0,1784557271923.3818,703.0,4.0,518.382,,1225.382
e-1657,1784557270747.9963,1784557271401,1784557271405.0,1784557271923.3823,653.004,4.0,518.382,,1175.386
e-1658,1784557270798.0002,1784557271401,1784557271405.0,1784557271923.3826,603.0,4.0,518.383,,1125.382
e-1659,1784557270847.9993,1784557271401,1784557271405.0,1784557271923.404,553.001,4.0,518.404,,1075.405
e-1660,1784557270898.0007,1784557271401,1784557271405.0,1784557271923.4067,502.999,4.0,518.407,,1025.406
e-1661,1784557270948.0593,1784557271401,1784557271405.0,1784557271923.407,452.941,4.0,518.407,,975.348
e-1662,1784557270998.0256,1784557271401,1784557271405.0,1784557271923.4072,402.974,4.0,518.407,,925.382
e-1663,1784557271048.993,1784557271401,1784557271405.0,1784557271923.4075,352.007,4.0,518.407,,874.415
e-1664,1784557271098.0015,1784557271401,1784557271405.0,1784557271923.4077,302.999,4.0,518.408,,825.406
e-1665,1784557271148.0159,1784557271401,1784557271405.0,1784557271923.408,252.984,4.0,518.408,,775.392
e-1666,1784557271197.9968,1784557271401,1784557271405.0,1784557271923.4082,203.003,4.0,518.408,,725.411
e-1667,1784557271248.0022,1784557271401,1784557271405.0,1784557271923.4084,152.998,4.0,518.408,,675.406
e-1668,1784557271298.0164,1784557271401,1784557271405.0,1784557271923.4087,102.984,4.0,518.409,,625.392
e-1669,1784557271348.0125,1784557271401,1784557271405.0,1784557271923.409,52.988,4.0,518.409,,575.396
e-1670,1784557271398.0112,1784557271401,1784557271406.0,1784557271923.409,2.989,5.0,517.409,,525.398
e-1671,1784557271448.0066,1784557272450,1784557272454.0,1784557272972.7876,1001.993,4.0,518.788,,1524.781
e-1672,1784557271498.0115,1784557272450,1784557272454.0,1784557272972.791,951.989,4.0,518.791,,1474.78
e-1673,1784557271547.9968,1784557272450,1784557272454.0,1784557272972.792,902.003,4.0,518.792,,1424.795
e-1674,1784557271598.03,1784557272450,1784557272454.0,1784557272972.7925,851.97,4.0,518.792,,1374.762
e-1675,1784557271648.0105,1784557272450,1784557272454.0,1784557272972.793,801.99,4.0,518.793,,1324.782
e-1676,1784557271698.004,1784557272450,1784557272454.0,1784557272972.7937,751.996,4.0,518.794,,1274.79
e-1677,1784557271748.008,1784557272450,1784557272454.0,1784557272972.794,701.992,4.0,518.794,,1224.786
e-1678,1784557271797.9927,1784557272450,1784557272454.0,1784557272972.7944,652.007,4.0,518.794,,1174.802
e-1679,1784557271848.006,1784557272450,1784557272454.0,1784557272972.795,601.994,4.0,518.795,,1124.789
e-1680,1784557271898.0037,1784557272450,1784557272454.0,1784557272972.7954,551.996,4.0,518.795,,1074.792
e-1681,1784557271947.999,1784557272450,1784557272454.0,1784557272972.7957,502.001,4.0,518.796,,1024.797
e-1682,1784557271997.9985,1784557272450,1784557272454.0,1784557272972.7961,452.001,4.0,518.796,,974.798
e-1683,1784557272047.9956,1784557272450,1784557272454.0,1784557272972.7966,402.004,4.0,518.797,,924.801
e-1684,1784557272097.9944,1784557272450,1784557272455.0,1784557272972.797,352.006,5.0,517.797,,874.803
e-1685,1784557272147.9941,1784557272450,1784557272455.0,1784557272972.7976,302.006,5.0,517.798,,824.803
e-1686,1784557272197.9956,1784557272450,1784557272455.0,1784557272972.798,252.004,5.0,517.798,,774.802
e-1687,1784557272247.9932,1784557272450,1784557272455.0,1784557272972.7986,202.007,5.0,517.799,,724.805
e-1688,1784557272297.9956,1784557272450,1784557272455.0,1784557272972.799,152.004,5.0,517.799,,674.803
e-1689,1784557272347.9934,1784557272450,1784557272455.0,1784557272972.7993,102.007,5.0,517.799,,624.806
e-1690,1784557272397.994,1784557272450,1784557272455.0,1784557272972.7998,52.006,5.0,517.8,,574.806
e-1691,1784557272448.0005,1784557272450,1784557272455.0,1784557272972.8003,2.0,5.0,517.8,,524.8
e-1692,1784557272497.9922,1784557273501,1784557273505.0,1784557274025.6277,1003.008,4.0,520.628,,1527.635
e-1693,1784557272547.9917,1784557273501,1784557273505.0,1784557274025.631,953.008,4.0,520.631,,1477.639
e-1694,1784557272597.997,1784557273501,1784557273505.0,1784557274025.6323,903.003,4.0,520.632,,1427.635
e-1695,1784557272647.998,1784557273501,1784557273505.0,1784557274025.633,853.002,4.0,520.633,,1377.635
e-1696,1784557272697.9946,1784557273501,1784557273505.0,1784557274025.6338,803.005,4.0,520.634,,1327.639
e-1697,1784557272747.9944,1784557273501,1784557273505.0,1784557274025.6345,753.006,4.0,520.635,,1277.64
e-1698,1784557272797.9932,1784557273501,1784557273505.0,1784557274025.6355,703.007,4.0,520.635,,1227.642
e-1699,1784557272848.0127,1784557273501,1784557273505.0,1784557274025.6362,652.987,4.0,520.636,,1177.624
e-1700,1784557272897.9966,1784557273501,1784557273505.0,1784557274025.6372,603.003,4.0,520.637,,1127.641
e-1701,1784557272947.9941,1784557273501,1784557273505.0,1784557274025.638,553.006,4.0,520.638,,1077.644
e-1702,1784557272997.9976,1784557273501,1784557273505.0,1784557274025.6387,503.002,4.0,520.639,,1027.641
e-1703,1784557273048.002,1784557273501,1784557273505.0,1784557274025.6528,452.998,4.0,520.653,,977.651
e-1704,1784557273097.9983,1784557273501,1784557273505.0,1784557274025.6533,403.002,4.0,520.653,,927.655
e-1705,1784557273147.9976,1784557273501,1784557273505.0,1784557274025.6543,353.002,4.0,520.654,,877.657
e-1706,1784557273198.0012,1784557273501,1784557273505.0,1784557274025.655,302.999,4.0,520.655,,827.654
e-1707,1784557273248.0002,1784557273501,1784557273505.0,1784557274025.656,253.0,4.0,520.656,,777.656
e-1708,1784557273298.0005,1784557273501,1784557273505.0,1784557274025.6567,203.0,4.0,520.657,,727.656
e-1709,1784557273347.9973,1784557273501,1784557273505.0,1784557274025.6575,153.003,4.0,520.657,,677.66
e-1710,1784557273397.9924,1784557273501,1784557273505.0,1784557274025.6582,103.008,4.0,520.658,,627.666
e-1711,1784557273448.0283,1784557273501,1784557273505.0,1784557274025.659,52.972,4.0,520.659,,577.631
e-1712,1784557273498.0017,1784557273501,1784557273505.0,1784557274025.6594,2.998,4.0,520.659,,527.658
e-1713,1784557273548.0125,1784557274551,1784557274555.0,1784557275072.7402,1002.988,4.0,517.74,,1524.728
e-1714,1784557273597.995,1784557274551,1784557274555.0,1784557275072.7422,953.005,4.0,517.742,,1474.747
e-1715,1784557273647.998,1784557274551,1784557274555.0,1784557275072.7424,903.002,4.0,517.742,,1424.744
e-1716,1784557273698.0388,1784557274551,1784557274555.0,1784557275072.743,852.961,4.0,517.743,,1374.704
e-1717,1784557273748.0151,1784557274551,1784557274555.0,1784557275072.7434,802.985,4.0,517.743,,1324.728
e-1718,1784557273797.9954,1784557274551,1784557274555.0,1784557275072.7437,753.005,4.0,517.744,,1274.748
e-1719,1784557273847.9978,1784557274551,1784557274555.0,1784557275072.744,703.002,4.0,517.744,,1224.746
e-1720,1784557273897.9983,1784557274551,1784557274555.0,1784557275072.7441,653.002,4.0,517.744,,1174.746
e-1721,1784557273947.9973,1784557274551,1784557274555.0,1784557275072.7444,603.003,4.0,517.744,,1124.747
e-1722,1784557273998.0164,1784557274551,1784557274555.0,1784557275072.7446,552.984,4.0,517.745,,1074.728
e-1723,1784557274047.9932,1784557274551,1784557274555.0,1784557275072.7449,503.007,4.0,517.745,,1024.752
e-1724,1784557274098.012,1784557274551,1784557274555.0,1784557275072.745,452.988,4.0,517.745,,974.733
e-1725,1784557274147.9937,1784557274551,1784557274555.0,1784557275072.7456,403.006,4.0,517.746,,924.752
e-1726,1784557274198.0083,1784557274551,1784557274556.0,1784557275072.753,352.992,5.0,516.753,,874.745
e-1727,1784557274248.0215,1784557274551,1784557274556.0,1784557275072.7534,302.979,5.0,516.753,,824.732
e-1728,1784557274297.989,1784557274551,1784557274556.0,1784557275072.7534,253.011,5.0,516.753,,774.764
e-1729,1784557274347.994,1784557274551,1784557274556.0,1784557275072.7537,203.006,5.0,516.754,,724.76
e-1730,1784557274397.9949,1784557274551,1784557274556.0,1784557275072.754,153.005,5.0,516.754,,674.759
e-1731,1784557274448.0034,1784557274551,1784557274556.0,1784557275072.7542,102.997,5.0,516.754,,624.751
e-1732,1784557274498.0017,1784557274551,1784557274556.0,1784557275072.7544,52.998,5.0,516.754,,574.753
e-1733,1784557274548.01,1784557274551,1784557274556.0,1784557275072.7546,2.99,5.0,516.755,,524.745
e-1734,1784557274597.9934,1784557275600,1784557275604.0,1784557276122.0637,1002.007,4.0,518.064,,1524.07
e-1735,1784557274647.9888,1784557275600,1784557275604.0,1784557276122.0664,952.011,4.0,518.066,,1474.078
e-1736,1784557274697.9954,1784557275600,1784557275604.0,1784557276122.0671,902.005,4.0,518.067,,1424.072
e-1737,1784557274747.9941,1784557275600,1784557275604.0,1784557276122.0676,852.006,4.0,518.068,,1374.073
e-1738,1784557274798.0044,1784557275600,1784557275604.0,1784557276122.068,801.996,4.0,518.068,,1324.064
e-1739,1784557274848.0002,1784557275600,1784557275604.0,1784557276122.0684,752.0,4.0,518.068,,1274.068
e-1740,1784557274897.998,1784557275600,1784557275604.0,1784557276122.0688,702.002,4.0,518.069,,1224.071
e-1741,1784557274947.9946,1784557275600,1784557275605.0,1784557276122.0696,652.005,5.0,517.07,,1174.075
e-1742,1784557274998.0022,1784557275600,1784557275605.0,1784557276122.07,601.998,5.0,517.07,,1124.068
e-1743,1784557275047.9976,1784557275600,1784557275605.0,1784557276122.0706,552.002,5.0,517.071,,1074.073
e-1744,1784557275097.9998,1784557275600,1784557275605.0,1784557276122.0708,502.0,5.0,517.071,,1024.071
e-1745,1784557275148.0037,1784557275600,1784557275605.0,1784557276122.0833,451.996,5.0,517.083,,974.08
e-1746,1784557275198.0024,1784557275600,1784557275605.0,1784557276122.0837,401.998,5.0,517.084,,924.081
e-1747,1784557275248.003,1784557275600,1784557275605.0,1784557276122.084,351.997,5.0,517.084,,874.081
e-1748,1784557275297.9993,1784557275600,1784557275605.0,1784557276122.0845,302.001,5.0,517.084,,824.085
e-1749,1784557275348.0095,1784557275600,1784557275605.0,1784557276122.085,251.99,5.0,517.085,,774.075
e-1750,1784557275397.9797,1784557275600,1784557275605.0,1784557276122.0854,202.02,5.0,517.085,,724.106
e-1751,1784557275448.0017,1784557275600,1784557275605.0,1784557276122.0857,151.998,5.0,517.086,,674.084
e-1752,1784557275498.006,1784557275600,1784557275605.0,1784557276122.0862,101.994,5.0,517.086,,624.08
e-1753,1784557275547.9978,1784557275600,1784557275605.0,1784557276122.0867,52.002,5.0,517.087,,574.089
e-1754,1784557275597.998,1784557275600,1784557275605.0,1784557276122.0872,2.002,5.0,517.087,,524.089
e-1755,1784557275647.9934,1784557276650,1784557276654.0,1784557277171.557,1002.007,4.0,517.557,,1523.563
e-1756,1784557275697.9949,1784557276650,1784557276655.0,1784557277171.5596,952.005,5.0,516.56,,1473.565
e-1757,1784557275747.9988,1784557276650,1784557276655.0,1784557277171.5723,902.001,5.0,516.572,,1423.573
e-1758,1784557275797.9958,1784557276650,1784557276655.0,1784557277171.573,852.004,5.0,516.573,,1373.577
e-1759,1784557275847.9978,1784557276650,1784557276655.0,1784557277171.5735,802.002,5.0,516.573,,1323.576
e-1760,1784557275897.9934,1784557276650,1784557276655.0,1784557277171.574,752.007,5.0,516.574,,1273.581
e-1761,1784557275947.9973,1784557276650,1784557276655.0,1784557277171.5745,702.003,5.0,516.574,,1223.577
e-1762,1784557275998.0037,1784557276650,1784557276655.0,1784557277171.575,651.996,5.0,516.575,,1173.571
e-1763,1784557276047.996,1784557276650,1784557276655.0,1784557277171.5752,602.004,5.0,516.575,,1123.579
e-1764,1784557276097.9983,1784557276650,1784557276655.0,1784557277171.576,552.002,5.0,516.576,,1073.578
e-1765,1784557276147.9968,1784557276650,1784557276655.0,1784557277171.5764,502.003,5.0,516.576,,1023.58
e-1766,1784557276197.9448,1784557276650,1784557276655.0,1784557277171.5767,452.055,5.0,516.577,,973.632
e-1767,1784557276247.9956,1784557276650,1784557276655.0,1784557277171.5771,402.004,5.0,516.577,,923.582
e-1768,1784557276297.9954,1784557276650,1784557276655.0,1784557277171.5776,352.005,5.0,516.578,,873.582
e-1769,1784557276347.9885,1784557276650,1784557276655.0,1784557277171.5781,302.011,5.0,516.578,,823.59
e-1770,1784557276397.9941,1784557276650,1784557276655.0,1784557277171.5784,252.006,5.0,516.578,,773.584
e-1771,1784557276447.9993,1784557276650,1784557276655.0,1784557277171.5789,202.001,5.0,516.579,,723.58
e-1772,1784557276497.9998,1784557276650,1784557276655.0,1784557277171.5793,152.0,5.0,516.579,,673.58
e-1773,1784557276547.9956,1784557276650,1784557276655.0,1784557277171.5798,102.004,5.0,516.58,,623.584
e-1774,1784557276597.9985,1784557276650,1784557276655.0,1784557277171.5803,52.001,5.0,516.58,,573.582
e-1775,1784557276648.0017,1784557276650,1784557276655.0,1784557277171.5808,1.998,5.0,516.581,,523.579
e-1776,1784557276697.995,1784557277700,1784557277705.0,1784557278228.467,1002.005,5.0,523.467,,1530.472
e-1777,1784557276748.0012,1784557277700,1784557277705.0,1784557278228.4695,951.999,5.0,523.469,,1480.468
e-1778,1784557276798.0127,1784557277700,1784557277705.0,1784557278228.4778,901.987,5.0,523.478,,1430.465
e-1779,1784557276847.9958,1784557277700,1784557277705.0,1784557278228.478,852.004,5.0,523.478,,1380.482
e-1780,1784557276897.9983,1784557277700,1784557277705.0,1784557278228.4785,802.002,5.0,523.479,,1330.48
e-1781,1784557276948.5425,1784557277700,1784557277705.0,1784557278228.4788,751.458,5.0,523.479,,1279.936
e-1782,1784557276998.0088,1784557277700,1784557277705.0,1784557278228.479,701.991,5.0,523.479,,1230.47
e-1783,1784557277047.9976,1784557277700,1784557277705.0,1784557278228.4792,652.002,5.0,523.479,,1180.482
e-1784,1784557277097.9995,1784557277700,1784557277705.0,1784557278228.4795,602.0,5.0,523.479,,1130.48
e-1785,1784557277148.0059,1784557277700,1784557277705.0,1784557278228.4797,551.994,5.0,523.48,,1080.474
e-1786,1784557277197.9927,1784557277700,1784557277705.0,1784557278228.48,502.007,5.0,523.48,,1030.487
e-1787,1784557277247.995,1784557277700,1784557277705.0,1784557278228.4802,452.005,5.0,523.48,,980.485
e-1788,1784557277297.9976,1784557277700,1784557277705.0,1784557278228.483,402.002,5.0,523.483,,930.485
e-1789,1784557277348.0032,1784557277700,1784557277705.0,1784557278228.5151,351.997,5.0,523.515,,880.512
e-1790,1784557277398.02,1784557277700,1784557277705.0,1784557278228.5156,301.98,5.0,523.516,,830.496
e-1791,1784557277447.9998,1784557277700,1784557277705.0,1784557278228.5159,252.0,5.0,523.516,,780.516
e-1792,1784557277498.003,1784557277700,1784557277705.0,1784557278228.5186,201.997,5.0,523.519,,730.516
e-1793,1784557277548.01,1784557277700,1784557277705.0,1784557278228.5188,151.99,5.0,523.519,,680.509
e-1794,1784557277598.0051,1784557277700,1784557277706.0,1784557278228.5193,101.995,6.0,522.519,,630.514
e-1795,1784557277649.707,1784557277700,1784557277706.0,1784557278228.5193,50.293,6.0,522.519,,578.812
e-1796,1784557277697.9988,1784557277700,1784557277706.0,1784557278228.5198,2.001,6.0,522.52,,530.521
e-1797,1784557277747.999,1784557278750,1784557278754.0,1784557279269.9817,1002.001,4.0,515.982,,1521.983
e-1798,1784557277797.997,1784557278750,1784557278754.0,1784557279269.985,952.003,4.0,515.985,,1471.988
e-1799,1784557277847.9937,1784557278750,1784557278754.0,1784557279269.997,902.006,4.0,515.997,,1422.003
e-1800,1784557277897.9976,1784557278750,1784557278754.0,1784557279269.9976,852.002,4.0,515.998,,1372.0
e-1801,1784557277947.9998,1784557278750,1784557278754.0,1784557279269.998,802.0,4.0,515.998,,1321.998
e-1802,1784557277997.9993,1784557278750,1784557278754.0,1784557279269.9985,752.001,4.0,515.999,,1271.999
e-1803,1784557278047.9993,1784557278750,1784557278754.0,1784557279269.999,702.001,4.0,515.999,,1222.0
e-1804,1784557278098.0034,1784557278750,1784557278754.0,1784557279269.9995,651.997,4.0,516.0,,1171.996
e-1805,1784557278147.9924,1784557278750,1784557278754.0,1784557279269.9998,602.008,4.0,516.0,,1122.007
e-1806,1784557278198.0012,1784557278750,1784557278754.0,1784557279270.0002,551.999,4.0,516.0,,1071.999
e-1807,1784557278248.003,1784557278750,1784557278754.0,1784557279270.0007,501.997,4.0,516.001,,1021.998
e-1808,1784557278297.9968,1784557278750,1784557278754.0,1784557279270.001,452.003,4.0,516.001,,972.004
e-1809,1784557278347.9985,1784557278750,1784557278754.0,1784557279270.0017,402.001,4.0,516.002,,922.003
e-1810,1784557278398.0024,1784557278750,1784557278754.0,1784557279270.0022,351.998,4.0,516.002,,872.0
e-1811,1784557278447.9966,1784557278750,1784557278754.0,1784557279270.0027,302.003,4.0,516.003,,822.006
e-1812,1784557278498.0042,1784557278750,1784557278754.0,1784557279270.003,251.996,4.0,516.003,,771.999
e-1813,1784557278547.9968,1784557278750,1784557278754.0,1784557279270.0034,202.003,4.0,516.003,,722.007
e-1814,1784557278597.9976,1784557278750,1784557278754.0,1784557279270.0037,152.002,4.0,516.004,,672.006
e-1815,1784557278647.9849,1784557278750,1784557278754.0,1784557279270.0042,102.015,4.0,516.004,,622.019
e-1816,1784557278697.9934,1784557278750,1784557278754.0,1784557279270.0046,52.007,4.0,516.005,,572.011
e-1817,1784557278747.9937,1784557278750,1784557278754.0,1784557279270.0051,2.006,4.0,516.005,,522.011
e-1818,1784557278798.0027,1784557279800,1784557279804.0,1784557280322.2637,1001.997,4.0,518.264,,1524.261
e-1819,1784557278847.9954,1784557279800,1784557279804.0,1784557280322.2668,952.005,4.0,518.267,,1474.271
e-1820,1784557278897.9941,1784557279800,1784557279804.0,1784557280322.2805,902.006,4.0,518.281,,1424.286
e-1821,1784557278947.9932,1784557279800,1784557279804.0,1784557280322.2812,852.007,4.0,518.281,,1374.288
e-1822,1784557278998.004,1784557279800,1784557279805.0,1784557280322.282,801.996,5.0,517.282,,1324.278
e-1823,1784557279048.0103,1784557279800,1784557279805.0,1784557280322.2827,751.99,5.0,517.283,,1274.272
e-1824,1784557279098.015,1784557279800,1784557279805.0,1784557280322.2832,701.985,5.0,517.283,,1224.268
e-1825,1784557279148.0132,1784557279800,1784557279805.0,1784557280322.284,651.987,5.0,517.284,,1174.271
e-1826,1784557279197.9917,1784557279800,1784557279805.0,1784557280322.285,602.008,5.0,517.285,,1124.293
e-1827,1784557279247.9934,1784557279800,1784557279805.0,1784557280322.2856,552.007,5.0,517.286,,1074.292
e-1828,1784557279298.001,1784557279800,1784557279805.0,1784557280322.2864,501.999,5.0,517.286,,1024.285
e-1829,1784557279347.994,1784557279800,1784557279805.0,1784557280322.2869,452.006,5.0,517.287,,974.293
e-1830,1784557279398.006,1784557279800,1784557279805.0,1784557280322.2876,401.994,5.0,517.288,,924.281
e-1831,1784557279447.995,1784557279800,1784557279805.0,1784557280322.2925,352.005,5.0,517.292,,874.297
e-1832,1784557279498.0088,1784557279800,1784557279805.0,1784557280322.2932,301.991,5.0,517.293,,824.284
e-1833,1784557279547.996,1784557279800,1784557279805.0,1784557280322.2937,252.004,5.0,517.294,,774.298
e-1834,1784557279597.997,1784557279800,1784557279805.0,1784557280322.2942,202.003,5.0,517.294,,724.297
e-1835,1784557279647.9897,1784557279800,1784557279805.0,1784557280322.295,152.01,5.0,517.295,,674.305
e-1836,1784557279697.9924,1784557279800,1784557279805.0,1784557280322.2954,102.008,5.0,517.295,,624.303
e-1837,1784557279747.9902,1784557279800,1784557279805.0,1784557280322.2961,52.01,5.0,517.296,,574.306
e-1838,1784557279797.9946,1784557279800,1784557279805.0,1784557280322.312,2.005,5.0,517.312,,524.317
e-1839,1784557279848.0002,1784557280850,1784557280854.0,1784557281370.3196,1002.0,4.0,516.32,,1522.319
e-1840,1784557279897.994,1784557280850,1784557280854.0,1784557281370.3228,952.006,4.0,516.323,,1472.329
e-1841,1784557279948.0166,1784557280850,1784557280854.0,1784557281370.3237,901.983,4.0,516.324,,1422.307
e-1842,1784557279997.9912,1784557280850,1784557280854.0,1784557281370.339,852.009,4.0,516.339,,1372.348
e-1843,1784557280048.0342,1784557280850,1784557280854.0,1784557281370.3403,801.966,4.0,516.34,,1322.306
e-1844,1784557280097.9944,1784557280850,1784557280854.0,1784557281370.3406,752.006,4.0,516.341,,1272.346
e-1845,1784557280147.994,1784557280850,1784557280854.0,1784557281370.341,702.006,4.0,516.341,,1222.347
e-1846,1784557280197.9934,1784557280850,1784557280854.0,1784557281370.3416,652.007,4.0,516.342,,1172.348
e-1847,1784557280247.9941,1784557280850,1784557280854.0,1784557281370.342,602.006,4.0,516.342,,1122.348
e-1848,1784557280297.9946,1784557280850,1784557280854.0,1784557281370.3425,552.005,4.0,516.343,,1072.348
e-1849,1784557280347.9966,1784557280850,1784557280854.0,1784557281370.3428,502.003,4.0,516.343,,1022.346
e-1850,1784557280397.9963,1784557280850,1784557280854.0,1784557281370.3433,452.004,4.0,516.343,,972.347
e-1851,1784557280447.9937,1784557280850,1784557280854.0,1784557281370.3438,402.006,4.0,516.344,,922.35
e-1852,1784557280499.7544,1784557280850,1784557280854.0,1784557281370.3442,350.246,4.0,516.344,,870.59
e-1853,1784557280547.9697,1784557280850,1784557280854.0,1784557281370.3447,302.03,4.0,516.345,,822.375
e-1854,1784557280597.997,1784557280850,1784557280854.0,1784557281370.345,252.003,4.0,516.345,,772.348
e-1855,1784557280647.9905,1784557280850,1784557280854.0,1784557281370.3455,202.01,4.0,516.345,,722.355
e-1856,1784557280697.9932,1784557280850,1784557280854.0,1784557281370.346,152.007,4.0,516.346,,672.353
e-1857,1784557280747.9917,1784557280850,1784557280854.0,1784557281370.3464,102.008,4.0,516.346,,622.355
e-1858,1784557280797.9893,1784557280850,1784557280854.0,1784557281370.3503,52.011,4.0,516.35,,572.361
e-1859,1784557280847.9937,1784557280850,1784557280854.0,1784557281370.3508,2.006,4.0,516.351,,522.357
e-1860,1784557280897.9858,1784557281901,1784557281906.0,1784557282423.2507,1003.014,5.0,517.251,,1525.265
e-1861,1784557280947.9893,1784557281901,1784557281906.0,1784557282423.2534,953.011,5.0,517.253,,1475.264
e-1862,1784557280998.283,1784557281901,1784557281906.0,1784557282423.254,902.717,5.0,517.254,,1424.971
e-1863,1784557281047.9941,1784557281901,1784557281906.0,1784557282423.265,853.006,5.0,517.265,,1375.271
e-1864,1784557281097.988,1784557281901,1784557281906.0,1784557282423.2654,803.012,5.0,517.265,,1325.277
e-1865,1784557281147.9958,1784557281901,1784557281906.0,1784557282423.2656,753.004,5.0,517.266,,1275.27
e-1866,1784557281197.9924,1784557281901,1784557281906.0,1784557282423.266,703.008,5.0,517.266,,1225.274
e-1867,1784557281247.997,1784557281901,1784557281906.0,1784557282423.2664,653.003,5.0,517.266,,1175.269
e-1868,1784557281300.7168,1784557281901,1784557281906.0,1784557282423.2666,600.283,5.0,517.267,,1122.55
e-1869,1784557281347.9976,1784557281901,1784557281906.0,1784557282423.267,553.002,5.0,517.267,,1075.27
e-1870,1784557281397.9922,1784557281901,1784557281906.0,1784557282423.2673,503.008,5.0,517.267,,1025.275
e-1871,1784557281447.9968,1784557281901,1784557281906.0,1784557282423.2676,453.003,5.0,517.268,,975.271
e-1872,1784557281498.0093,1784557281901,1784557281906.0,1784557282423.2678,402.991,5.0,517.268,,925.259
e-1873,1784557281547.9944,1784557281901,1784557281906.0,1784557282423.2683,353.006,5.0,517.268,,875.274
e-1874,1784557281598.0007,1784557281901,1784557281906.0,1784557282423.2686,302.999,5.0,517.269,,825.268
e-1875,1784557281647.9922,1784557281901,1784557281906.0,1784557282423.2715,253.008,5.0,517.271,,775.279
e-1876,1784557281697.9946,1784557281901,1784557281906.0,1784557282423.2717,203.005,5.0,517.272,,725.277
e-1877,1784557281747.999,1784557281901,1784557281906.0,1784557282423.272,153.001,5.0,517.272,,675.273
e-1878,1784557281798.0012,1784557281901,1784557281906.0,1784557282423.2725,102.999,5.0,517.272,,625.271
e-1879,1784557281847.9946,1784557281901,1784557281906.0,1784557282423.2727,53.005,5.0,517.273,,575.278
e-1880,1784557281899.0015,1784557282903,1784557282907.0,1784557283522.5435,1003.999,4.0,615.543,,1623.542
e-1881,1784557281947.9983,1784557282903,1784557282907.0,1784557283522.5466,955.002,4.0,615.547,,1574.548
e-1882,1784557281997.9922,1784557282903,1784557282907.0,1784557283522.5474,905.008,4.0,615.547,,1524.555
e-1883,1784557282047.9958,1784557282903,1784557282907.0,1784557283522.548,855.004,4.0,615.548,,1474.552
e-1884,1784557282097.9932,1784557282903,1784557282907.0,1784557283522.5618,805.007,4.0,615.562,,1424.569
e-1885,1784557282147.9912,1784557282903,1784557282907.0,1784557283522.5623,755.009,4.0,615.562,,1374.571
e-1886,1784557282198.0024,1784557282903,1784557282907.0,1784557283522.5627,704.998,4.0,615.563,,1324.56
e-1887,1784557282247.9912,1784557282903,1784557282907.0,1784557283522.5632,655.009,4.0,615.563,,1274.572
e-1888,1784557282297.9966,1784557282903,1784557282907.0,1784557283522.5637,605.003,4.0,615.564,,1224.567
e-1889,1784557282347.997,1784557282903,1784557282907.0,1784557283522.5642,555.003,4.0,615.564,,1174.567
e-1890,1784557282397.999,1784557282903,1784557282907.0,1784557283522.5645,505.001,4.0,615.564,,1124.565
e-1891,1784557282447.996,1784557282903,1784557282907.0,1784557283522.565,455.004,4.0,615.565,,1074.569
e-1892,1784557282497.992,1784557282903,1784557282907.0,1784557283522.5654,405.008,4.0,615.565,,1024.573
e-1893,1784557282547.9868,1784557282903,1784557282907.0,1784557283522.5657,355.013,4.0,615.566,,974.579
e-1894,1784557282597.9968,1784557282903,1784557282907.0,1784557283522.5662,305.003,4.0,615.566,,924.569
e-1895,1784557282647.9956,1784557282903,1784557282907.0,1784557283522.5667,255.004,4.0,615.567,,874.571
e-1896,1784557282697.9917,1784557282903,1784557282907.0,1784557283522.5671,205.008,4.0,615.567,,824.575
e-1897,1784557282747.9873,1784557282903,1784557282907.0,1784557283522.5674,155.013,4.0,615.567,,774.58
e-1898,1784557282797.9985,1784557282903,1784557282907.0,1784557283522.5679,105.001,4.0,615.568,,724.569
e-1899,1784557282847.9897,1784557282903,1784557282907.0,1784557283522.5684,55.01,4.0,615.568,,674.579
e-1900,1784557282897.9873,1784557282903,1784557282907.0,1784557283522.5688,5.013,4.0,615.569,,624.582
e-1901,1784557282947.9922,1784557283949,1784557283953.0,1784557284572.0168,1001.008,4.0,619.017,,1624.025
e-1902,1784557282997.996,1784557283949,1784557283953.0,1784557284572.0205,951.004,4.0,619.021,,1574.024
e-1903,1784557283047.989,1784557283949,1784557283953.0,1784557284572.0215,901.011,4.0,619.021,,1524.032
e-1904,1784557283097.9978,1784557283949,1784557283953.0,1784557284572.0222,851.002,4.0,619.022,,1474.024
e-1905,1784557283147.9934,1784557283949,1784557283953.0,1784557284572.0352,801.007,4.0,619.035,,1424.042
e-1906,1784557283197.9934,1784557283949,1784557283953.0,1784557284572.0361,751.007,4.0,619.036,,1374.043
e-1907,1784557283247.998,1784557283949,1784557283953.0,1784557284572.0369,701.002,4.0,619.037,,1324.039
e-1908,1784557283297.9934,1784557283949,1784557283953.0,1784557284572.0376,651.007,4.0,619.038,,1274.044
e-1909,1784557283347.9963,1784557283949,1784557283953.0,1784557284572.0383,601.004,4.0,619.038,,1224.042
e-1910,1784557283398.0134,1784557283949,1784557283953.0,1784557284572.039,550.987,4.0,619.039,,1174.026
e-1911,1784557283447.9941,1784557283949,1784557283953.0,1784557284572.04,501.006,4.0,619.04,,1124.046
e-1912,1784557283497.9954,1784557283949,1784557283953.0,1784557284572.0408,451.005,4.0,619.041,,1074.045
e-1913,1784557283547.992,1784557283949,1784557283953.0,1784557284572.0415,401.008,4.0,619.042,,1024.05
e-1914,1784557283597.9968,1784557283949,1784557283953.0,1784557284572.0422,351.003,4.0,619.042,,974.045
e-1915,1784557283647.9941,1784557283949,1784557283953.0,1784557284572.043,301.006,4.0,619.043,,924.049
e-1916,1784557283697.9956,1784557283949,1784557283953.0,1784557284572.048,251.004,4.0,619.048,,874.052
e-1917,1784557283747.992,1784557283949,1784557283953.0,1784557284572.0488,201.008,4.0,619.049,,824.057
e-1918,1784557283797.9946,1784557283949,1784557283953.0,1784557284572.0496,151.005,4.0,619.05,,774.055
e-1919,1784557283847.9944,1784557283949,1784557283953.0,1784557284572.0503,101.006,4.0,619.05,,724.056
e-1920,1784557283897.989,1784557283949,1784557283953.0,1784557284572.051,51.011,4.0,619.051,,674.062
e-1921,1784557283947.9905,1784557283949,1784557283953.0,1784557284572.0515,1.01,4.0,619.052,,624.061
e-1922,1784557283997.994,1784557285000,1784557285005.0,1784557285622.1472,1002.006,5.0,617.147,,1624.153
e-1923,1784557284048.009,1784557285000,1784557285005.0,1784557285622.15,951.991,5.0,617.15,,1574.141
e-1924,1784557284097.993,1784557285000,1784557285005.0,1784557285622.1504,902.007,5.0,617.15,,1524.157
e-1925,1784557284147.9917,1784557285000,1784557285005.0,1784557285622.151,852.008,5.0,617.151,,1474.159
e-1926,1784557284197.9854,1784557285000,1784557285005.0,1784557285622.1514,802.015,5.0,617.151,,1424.166
e-1927,1784557284247.9856,1784557285000,1784557285005.0,1784557285622.165,752.014,5.0,617.165,,1374.179
e-1928,1784557284297.992,1784557285000,1784557285005.0,1784557285622.1658,702.008,5.0,617.166,,1324.174
e-1929,1784557284347.9946,1784557285000,1784557285005.0,1784557285622.1665,652.005,5.0,617.167,,1274.172
e-1930,1784557284397.9932,1784557285000,1784557285005.0,1784557285622.1667,602.007,5.0,617.167,,1224.174
e-1931,1784557284447.9944,1784557285000,1784557285005.0,1784557285622.1672,552.006,5.0,617.167,,1174.173
e-1932,1784557284497.9932,1784557285000,1784557285005.0,1784557285622.1677,502.007,5.0,617.168,,1124.175
e-1933,1784557284547.9941,1784557285000,1784557285005.0,1784557285622.1682,452.006,5.0,617.168,,1074.174
e-1934,1784557284597.9895,1784557285000,1784557285005.0,1784557285622.1687,402.01,5.0,617.169,,1024.179
e-1935,1784557284647.9934,1784557285000,1784557285005.0,1784557285622.169,352.007,5.0,617.169,,974.176
e-1936,1784557284697.9922,1784557285000,1784557285005.0,1784557285622.1694,302.008,5.0,617.169,,924.177
e-1937,1784557284747.9834,1784557285000,1784557285005.0,1784557285622.17,252.017,5.0,617.17,,874.187
e-1938,1784557284797.9934,1784557285000,1784557285005.0,1784557285622.1704,202.007,5.0,617.17,,824.177
e-1939,1784557284847.9915,1784557285000,1784557285005.0,1784557285622.1707,152.009,5.0,617.171,,774.179
e-1940,1784557284897.9863,1784557285000,1784557285006.0,1784557285622.1711,102.014,6.0,616.171,,724.185
e-1941,1784557284947.9917,1784557285000,1784557285006.0,1784557285622.1716,52.008,6.0,616.172,,674.18
e-1942,1784557284997.9932,1784557285000,1784557285006.0,1784557285622.172,2.007,6.0,616.172,,624.179
e-1943,1784557285047.992,1784557286050,1784557286054.0,1784557286670.4707,1002.008,4.0,616.471,,1622.479
e-1944,1784557285097.9937,1784557286050,1784557286054.0,1784557286670.4727,952.006,4.0,616.473,,1572.479
e-1945,1784557285147.995,1784557286050,1784557286054.0,1784557286670.4731,902.005,4.0,616.473,,1522.478
e-1946,1784557285197.9985,1784557286050,1784557286054.0,1784557286670.4736,852.001,4.0,616.474,,1472.475
e-1947,1784557285247.998,1784557286050,1784557286054.0,1784557286670.4739,802.002,4.0,616.474,,1422.476
e-1948,1784557285297.9956,1784557286050,1784557286054.0,1784557286670.4827,752.004,4.0,616.483,,1372.487
e-1949,1784557285347.9966,1784557286050,1784557286054.0,1784557286670.483,702.003,4.0,616.483,,1322.486
e-1950,1784557285397.9932,1784557286050,1784557286054.0,1784557286670.4832,652.007,4.0,616.483,,1272.49
e-1951,1784557285447.994,1784557286050,1784557286054.0,1784557286670.4834,602.006,4.0,616.483,,1222.49
e-1952,1784557285498.0024,1784557286050,1784557286054.0,1784557286670.4836,551.998,4.0,616.484,,1172.481
e-1953,1784557285547.9958,1784557286050,1784557286054.0,1784557286670.484,502.004,4.0,616.484,,1122.488
e-1954,1784557285597.9968,1784557286050,1784557286054.0,1784557286670.4841,452.003,4.0,616.484,,1072.487
e-1955,1784557285647.994,1784557286050,1784557286054.0,1784557286670.4844,402.006,4.0,616.484,,1022.49
e-1956,1784557285697.9954,1784557286050,1784557286054.0,1784557286670.4846,352.005,4.0,616.485,,972.489
e-1957,1784557285747.997,1784557286050,1784557286054.0,1784557286670.4849,302.003,4.0,616.485,,922.488
e-1958,1784557285798.0022,1784557286050,1784557286054.0,1784557286670.485,251.998,4.0,616.485,,872.483
e-1959,1784557285847.998,1784557286050,1784557286054.0,1784557286670.4873,202.002,4.0,616.487,,822.489
e-1960,1784557285897.9949,1784557286050,1784557286054.0,1784557286670.4875,152.005,4.0,616.488,,772.493
e-1961,1784557285947.992,1784557286050,1784557286054.0,1784557286670.4878,102.008,4.0,616.488,,722.496
e-1962,1784557285997.9937,1784557286050,1784557286054.0,1784557286670.4878,52.006,4.0,616.488,,672.494
e-1963,1784557286047.9985,1784557286050,1784557286054.0,1784557286670.4883,2.001,4.0,616.488,,622.49
e-1964,1784557286098.004,1784557287100,1784557287103.0,1784557287722.0115,1001.996,3.0,619.011,,1624.008
e-1965,1784557286148.0002,1784557287100,1784557287104.0,1784557287722.015,952.0,4.0,618.015,,1574.015
e-1966,1784557286197.999,1784557287100,1784557287104.0,1784557287722.0159,902.001,4.0,618.016,,1524.017
e-1967,1784557286247.9917,1784557287100,1784557287104.0,1784557287722.0166,852.008,4.0,618.017,,1474.025
e-1968,1784557286297.9944,1784557287100,1784557287104.0,1784557287722.0173,802.006,4.0,618.017,,1424.023
e-1969,1784557286347.9973,1784557287100,1784557287104.0,1784557287722.0347,752.003,4.0,618.035,,1374.037
e-1970,1784557286398.0083,1784557287100,1784557287104.0,1784557287722.0352,701.992,4.0,618.035,,1324.027
e-1971,1784557286448.0032,1784557287100,1784557287104.0,1784557287722.0356,651.997,4.0,618.036,,1274.032
e-1972,1784557286498.0002,1784557287100,1784557287104.0,1784557287722.0361,602.0,4.0,618.036,,1224.036
e-1973,1784557286548.0022,1784557287100,1784557287104.0,1784557287722.0366,551.998,4.0,618.037,,1174.034
e-1974,1784557286597.9988,1784557287100,1784557287104.0,1784557287722.037,502.001,4.0,618.037,,1124.038
e-1975,1784557286648.014,1784557287100,1784557287104.0,1784557287722.0376,451.986,4.0,618.038,,1074.024
e-1976,1784557286697.9956,1784557287100,1784557287104.0,1784557287722.0378,402.004,4.0,618.038,,1024.042
e-1977,1784557286747.981,1784557287100,1784557287104.0,1784557287722.0383,352.019,4.0,618.038,,974.057
e-1978,1784557286798.0042,1784557287100,1784557287104.0,1784557287722.0388,301.996,4.0,618.039,,924.035
e-1979,1784557286848.0007,1784557287100,1784557287104.0,1784557287722.0396,251.999,4.0,618.04,,874.039
e-1980,1784557286898.0059,1784557287100,1784557287104.0,1784557287722.0398,201.994,4.0,618.04,,824.034
e-1981,1784557286947.9924,1784557287100,1784557287104.0,1784557287722.0403,152.008,4.0,618.04,,774.048
e-1982,1784557286998.0012,1784557287100,1784557287104.0,1784557287722.0408,101.999,4.0,618.041,,724.04
e-1983,1784557287048.0007,1784557287100,1784557287104.0,1784557287722.041,51.999,4.0,618.041,,674.04
e-1984,1784557287097.9922,1784557287100,1784557287104.0,1784557287722.0415,2.008,4.0,618.042,,624.049
e-1985,1784557287147.9995,1784557287851,1784557287855.0,1784557288774.5728,703.0,4.0,919.573,,1626.573
e-1986,1784557287198.0002,1784557287851,1784557287855.0,1784557288774.575,653.0,4.0,919.575,,1576.575
e-1987,1784557287247.9912,1784557287851,1784557287856.0,1784557288774.5757,603.009,5.0,918.576,,1526.584
e-1988,1784557287297.9917,1784557287851,1784557287856.0,1784557288774.5764,553.008,5.0,918.576,,1476.585
e-1989,1784557287347.9973,1784557287851,1784557287856.0,1784557288774.577,503.003,5.0,918.577,,1426.58
e-1990,1784557287397.9895,1784557287851,1784557287856.0,1784557288774.5884,453.01,5.0,918.588,,1376.599
e-1991,1784557287447.999,1784557287851,1784557287856.0,1784557288774.5889,403.001,5.0,918.589,,1326.59
e-1992,1784557287498.0005,1784557287851,1784557287856.0,1784557288774.5894,353.0,5.0,918.589,,1276.589
e-1993,1784557287547.9995,1784557287851,1784557287856.0,1784557288774.5898,303.0,5.0,918.59,,1226.59
e-1994,1784557287597.9966,1784557287851,1784557287856.0,1784557288774.5903,253.003,5.0,918.59,,1176.594
e-1995,1784557287647.9983,1784557287851,1784557287856.0,1784557288774.5906,203.002,5.0,918.591,,1126.592
e-1996,1784557287697.9956,1784557287851,1784557287856.0,1784557288774.5916,153.004,5.0,918.592,,1076.596
e-1997,1784557287747.9995,1784557287851,1784557287856.0,1784557288774.592,103.0,5.0,918.592,,1026.593
e-1998,1784557287797.995,1784557287851,1784557287856.0,1784557288774.5923,53.005,5.0,918.592,,976.597
e-1999,1784557287848.0,1784557287851,1784557287856.0,1784557288774.5928,3.0,5.0,918.593,,926.593
