event_id,t0_ms,t1_ms,t2_ms,t3_ms,write_to_input_append_latency_ms,input_append_to_result_emission_latency_ms,l_visibility_ms,l_closure_ms,latency_ms
e-0,1784578444990.2104,1784578447413,1784578447443.0,1784578447983.1006,2422.79,30.0,540.101,,2992.89
e-1,1784578445040.2744,1784578447413,1784578447465.0,1784578447983.1042,2372.726,52.0,518.104,,2942.83
e-2,1784578445090.544,1784578447413,1784578447465.0,1784578447983.1052,2322.456,52.0,518.105,,2892.561
e-3,1784578445140.2878,1784578447413,1784578447466.0,1784578447983.106,2272.712,53.0,517.106,,2842.818
e-4,1784578445190.267,1784578447413,1784578447466.0,1784578447983.1067,2222.733,53.0,517.107,,2792.84
e-5,1784578445240.2766,1784578447413,1784578447466.0,1784578447983.1077,2172.723,53.0,517.108,,2742.831
e-6,1784578445290.2673,1784578447413,1784578447466.0,1784578447983.1267,2122.733,53.0,517.127,,2692.859
e-7,1784578445340.272,1784578447413,1784578447466.0,1784578447983.1316,2072.728,53.0,517.132,,2642.86
e-8,1784578445390.2712,1784578447413,1784578447467.0,1784578447983.1328,2022.729,54.0,516.133,,2592.862
e-9,1784578445440.2708,1784578447413,1784578447467.0,1784578447983.1338,1972.729,54.0,516.134,,2542.863
e-10,1784578445490.2742,1784578447413,1784578447467.0,1784578447983.1343,1922.726,54.0,516.134,,2492.86
e-11,1784578445540.2732,1784578447413,1784578447467.0,1784578447985.0134,1872.727,54.0,518.013,,2444.74
e-12,1784578445590.2764,1784578447413,1784578447467.0,1784578447985.0151,1822.724,54.0,518.015,,2394.739
e-13,1784578445640.2754,1784578447413,1784578447468.0,1784578447985.0159,1772.725,55.0,517.016,,2344.74
e-14,1784578445690.2754,1784578447413,1784578447468.0,1784578447985.0205,1722.725,55.0,517.021,,2294.745
e-15,1784578445740.2744,1784578447413,1784578447468.0,1784578447985.021,1672.726,55.0,517.021,,2244.747
e-16,1784578445790.2678,1784578447413,1784578447468.0,1784578447985.0215,1622.732,55.0,517.021,,2194.754
e-17,1784578445840.2722,1784578447413,1784578447468.0,1784578447985.0225,1572.728,55.0,517.022,,2144.75
e-18,1784578445890.2847,1784578447413,1784578447468.0,1784578447985.023,1522.715,55.0,517.023,,2094.738
e-19,1784578445940.2786,1784578447413,1784578447469.0,1784578447985.0234,1472.721,56.0,516.023,,2044.745
e-20,1784578445990.2732,1784578447413,1784578447469.0,1784578447985.024,1422.727,56.0,516.024,,1994.751
e-21,1784578446040.2786,1784578447413,1784578447469.0,1784578447985.0244,1372.721,56.0,516.024,,1944.746
e-22,1784578446090.2751,1784578447413,1784578447469.0,1784578447985.028,1322.725,56.0,516.028,,1894.753
e-23,1784578446140.2798,1784578447413,1784578447469.0,1784578447985.0286,1272.72,56.0,516.029,,1844.749
e-24,1784578446190.281,1784578447413,1784578447470.0,1784578447985.029,1222.719,57.0,515.029,,1794.748
e-25,1784578446240.2815,1784578447413,1784578447470.0,1784578447985.0298,1172.719,57.0,515.03,,1744.748
e-26,1784578446290.2778,1784578447413,1784578447470.0,1784578447985.0303,1122.722,57.0,515.03,,1694.752
e-27,1784578446340.2776,1784578447413,1784578447470.0,1784578447985.0308,1072.722,57.0,515.031,,1644.753
e-28,1784578446390.275,1784578447413,1784578447470.0,1784578447985.0312,1022.725,57.0,515.031,,1594.756
e-29,1784578446440.2747,1784578447413,1784578447470.0,1784578447985.0317,972.725,57.0,515.032,,1544.757
e-30,1784578446490.2761,1784578447413,1784578447471.0,1784578447985.032,922.724,58.0,514.032,,1494.756
e-31,1784578446540.2803,1784578447413,1784578447471.0,1784578447985.0325,872.72,58.0,514.032,,1444.752
e-32,1784578446590.2783,1784578447413,1784578447471.0,1784578447985.033,822.722,58.0,514.033,,1394.755
e-33,1784578446640.2742,1784578447413,1784578447471.0,1784578447985.0337,772.726,58.0,514.034,,1344.76
e-34,1784578446690.274,1784578447413,1784578447471.0,1784578447985.0342,722.726,58.0,514.034,,1294.76
e-35,1784578446740.2737,1784578447413,1784578447471.0,1784578447985.0378,672.726,58.0,514.038,,1244.764
e-36,1784578446790.2712,1784578447413,1784578447472.0,1784578447985.0383,622.729,59.0,513.038,,1194.767
e-37,1784578446840.2773,1784578447413,1784578447472.0,1784578447985.0388,572.723,59.0,513.039,,1144.761
e-38,1784578446890.2778,1784578447413,1784578447472.0,1784578447985.039,522.722,59.0,513.039,,1094.761
e-39,1784578446940.2786,1784578447413,1784578447472.0,1784578447985.0396,472.721,59.0,513.04,,1044.761
e-40,1784578446990.276,1784578447413,1784578447472.0,1784578447985.04,422.724,59.0,513.04,,994.764
e-41,1784578447040.282,1784578447413,1784578447472.0,1784578447985.041,372.718,59.0,513.041,,944.759
e-42,1784578447090.2705,1784578447413,1784578447472.0,1784578447985.0415,322.729,59.0,513.042,,894.771
e-43,1784578447140.2783,1784578447413,1784578447473.0,1784578447985.0417,272.722,60.0,512.042,,844.763
e-44,1784578447190.2737,1784578447413,1784578447473.0,1784578447985.0422,222.726,60.0,512.042,,794.769
e-45,1784578447240.2737,1784578447413,1784578447473.0,1784578447985.0427,172.726,60.0,512.043,,744.769
e-46,1784578447290.2751,1784578447413,1784578447473.0,1784578447985.0432,122.725,60.0,512.043,,694.768
e-47,1784578447340.27,1784578447413,1784578447473.0,1784578447985.0435,72.73,60.0,512.043,,644.773
e-48,1784578447390.2832,1784578447413,1784578447474.0,1784578447985.044,22.717,61.0,511.044,,594.761
e-49,1784578447440.2551,1784578448443,1784578448450.0,1784578448981.7422,1002.745,7.0,531.742,,1541.487
e-50,1784578447490.2666,1784578448443,1784578448450.0,1784578448981.7456,952.733,7.0,531.746,,1491.479
e-51,1784578447540.2725,1784578448443,1784578448451.0,1784578448981.7468,902.728,8.0,530.747,,1441.474
e-52,1784578447590.2805,1784578448443,1784578448451.0,1784578448981.7473,852.719,8.0,530.747,,1391.467
e-53,1784578447640.28,1784578448443,1784578448451.0,1784578448981.7488,802.72,8.0,530.749,,1341.469
e-54,1784578447690.2712,1784578448443,1784578448451.0,1784578448981.7493,752.729,8.0,530.749,,1291.478
e-55,1784578447740.2734,1784578448443,1784578448451.0,1784578448981.7495,702.727,8.0,530.75,,1241.476
e-56,1784578447790.2693,1784578448443,1784578448452.0,1784578448981.7498,652.731,9.0,529.75,,1191.48
e-57,1784578447840.2659,1784578448443,1784578448452.0,1784578448981.7627,602.734,9.0,529.763,,1141.497
e-58,1784578447890.2715,1784578448443,1784578448452.0,1784578448981.7632,552.729,9.0,529.763,,1091.492
e-59,1784578447940.295,1784578448443,1784578448452.0,1784578448981.7637,502.705,9.0,529.764,,1041.469
e-60,1784578447990.2817,1784578448443,1784578448452.0,1784578448981.764,452.718,9.0,529.764,,991.482
e-61,1784578448040.2725,1784578448443,1784578448453.0,1784578448981.8772,402.728,10.0,528.877,,941.605
e-62,1784578448090.2764,1784578448443,1784578448453.0,1784578448981.878,352.724,10.0,528.878,,891.602
e-63,1784578448140.2766,1784578448443,1784578448453.0,1784578448981.8784,302.723,10.0,528.878,,841.602
e-64,1784578448190.2722,1784578448443,1784578448453.0,1784578448981.8794,252.728,10.0,528.879,,791.607
e-65,1784578448240.272,1784578448443,1784578448454.0,1784578448981.8806,202.728,11.0,527.881,,741.609
e-66,1784578448290.2705,1784578448443,1784578448454.0,1784578448981.8813,152.729,11.0,527.881,,691.611
e-67,1784578448340.2732,1784578448443,1784578448454.0,1784578448981.8818,102.727,11.0,527.882,,641.609
e-68,1784578448390.266,1784578448443,1784578448454.0,1784578448981.8823,52.734,11.0,527.882,,591.616
e-69,1784578448440.273,1784578448443,1784578448454.0,1784578448981.8828,2.727,11.0,527.883,,541.61
e-70,1784578448490.273,1784578449496,1784578449502.0,1784578450030.6838,1005.727,6.0,528.684,,1540.411
e-71,1784578448540.276,1784578449496,1784578449502.0,1784578450030.6863,955.724,6.0,528.686,,1490.41
e-72,1784578448590.289,1784578449496,1784578449503.0,1784578450030.6873,905.711,7.0,527.687,,1440.398
e-73,1784578448640.282,1784578449496,1784578449503.0,1784578450030.6877,855.718,7.0,527.688,,1390.406
e-74,1784578448690.2722,1784578449496,1784578449503.0,1784578450030.6885,805.728,7.0,527.688,,1340.416
e-75,1784578448740.276,1784578449496,1784578449503.0,1784578450030.6892,755.724,7.0,527.689,,1290.413
e-76,1784578448790.2744,1784578449496,1784578449504.0,1784578450030.6897,705.726,8.0,526.69,,1240.415
e-77,1784578448840.2793,1784578449496,1784578449504.0,1784578450030.6917,655.721,8.0,526.692,,1190.412
e-78,1784578448890.2896,1784578449496,1784578449504.0,1784578450030.704,605.71,8.0,526.704,,1140.415
e-79,1784578448940.272,1784578449496,1784578449504.0,1784578450030.718,555.728,8.0,526.718,,1090.446
e-80,1784578448990.2727,1784578449496,1784578449504.0,1784578450030.745,505.727,8.0,526.745,,1040.472
e-81,1784578449040.2764,1784578449496,1784578449504.0,1784578450030.7456,455.724,8.0,526.746,,990.469
e-82,1784578449090.4443,1784578449496,1784578449504.0,1784578450030.751,405.556,8.0,526.751,,940.307
e-83,1784578449140.276,1784578449496,1784578449505.0,1784578450030.7515,355.724,9.0,525.751,,890.476
e-84,1784578449190.2808,1784578449496,1784578449505.0,1784578450030.823,305.719,9.0,525.823,,840.542
e-85,1784578449240.274,1784578449496,1784578449505.0,1784578450030.8235,255.726,9.0,525.823,,790.55
e-86,1784578449290.2708,1784578449496,1784578449505.0,1784578450030.824,205.729,9.0,525.824,,740.553
e-87,1784578449340.27,1784578449496,1784578449505.0,1784578450031.007,155.73,9.0,526.007,,690.737
e-88,1784578449390.2935,1784578449496,1784578449505.0,1784578450031.0107,105.707,9.0,526.011,,640.717
e-89,1784578449440.2751,1784578449496,1784578449505.0,1784578450031.012,55.725,9.0,526.012,,590.737
e-90,1784578449490.2703,1784578449496,1784578449505.0,1784578450031.0803,5.73,9.0,526.08,,540.81
e-91,1784578449540.2954,1784578450543,1784578450549.0,1784578451076.621,1002.705,6.0,527.621,,1536.326
e-92,1784578449590.2764,1784578450543,1784578450549.0,1784578451076.624,952.724,6.0,527.624,,1486.348
e-93,1784578449640.2776,1784578450543,1784578450550.0,1784578451076.626,902.722,7.0,526.626,,1436.348
e-94,1784578449690.274,1784578450543,1784578450550.0,1784578451076.6267,852.726,7.0,526.627,,1386.353
e-95,1784578449740.2773,1784578450543,1784578450550.0,1784578451076.6272,802.723,7.0,526.627,,1336.35
e-96,1784578449790.2695,1784578450543,1784578450550.0,1784578451076.6274,752.73,7.0,526.627,,1286.358
e-97,1784578449840.2815,1784578450543,1784578450550.0,1784578451076.628,702.719,7.0,526.628,,1236.346
e-98,1784578449890.2722,1784578450543,1784578450551.0,1784578451076.6284,652.728,8.0,525.628,,1186.356
e-99,1784578449940.2766,1784578450543,1784578450551.0,1784578451076.64,602.723,8.0,525.64,,1136.363
e-100,1784578449990.274,1784578450543,1784578450551.0,1784578451076.6548,552.726,8.0,525.655,,1086.381
e-101,1784578450040.2805,1784578450543,1784578450551.0,1784578451076.6555,502.719,8.0,525.656,,1036.375
e-102,1784578450090.28,1784578450543,1784578450551.0,1784578451076.6562,452.72,8.0,525.656,,986.376
e-103,1784578450140.2861,1784578450543,1784578450552.0,1784578451076.657,402.714,9.0,524.657,,936.371
e-104,1784578450190.2788,1784578450543,1784578450552.0,1784578451076.6575,352.721,9.0,524.657,,886.379
e-105,1784578450240.2866,1784578450543,1784578450552.0,1784578451076.6582,302.713,9.0,524.658,,836.372
e-106,1784578450290.2686,1784578450543,1784578450552.0,1784578451076.659,252.731,9.0,524.659,,786.39
e-107,1784578450340.2742,1784578450543,1784578450553.0,1784578451076.6594,202.726,10.0,523.659,,736.385
e-108,1784578450390.2698,1784578450543,1784578450553.0,1784578451076.7207,152.73,10.0,523.721,,686.451
e-109,1784578450440.2703,1784578450543,1784578450553.0,1784578451076.7217,102.73,10.0,523.722,,636.451
e-110,1784578450490.271,1784578450543,1784578450553.0,1784578451076.7222,52.729,10.0,523.722,,586.451
e-111,1784578450540.2744,1784578450543,1784578450553.0,1784578451076.7227,2.726,10.0,523.723,,536.448
e-112,1784578450590.264,1784578451593,1784578451600.0,1784578452125.7642,1002.736,7.0,525.764,,1535.5
e-113,1784578450640.271,1784578451593,1784578451600.0,1784578452125.7678,952.729,7.0,525.768,,1485.497
e-114,1784578450690.269,1784578451593,1784578451600.0,1784578452125.7688,902.731,7.0,525.769,,1435.5
e-115,1784578450740.2754,1784578451593,1784578451600.0,1784578452125.7695,852.725,7.0,525.77,,1385.494
e-116,1784578450790.2703,1784578451593,1784578451600.0,1784578452125.77,802.73,7.0,525.77,,1335.5
e-117,1784578450840.277,1784578451593,1784578451600.0,1784578452125.7708,752.723,7.0,525.771,,1285.494
e-118,1784578450890.2717,1784578451593,1784578451601.0,1784578452125.7715,702.728,8.0,524.771,,1235.5
e-119,1784578450940.274,1784578451593,1784578451601.0,1784578452125.772,652.726,8.0,524.772,,1185.498
e-120,1784578450990.279,1784578451593,1784578451601.0,1784578452125.7844,602.721,8.0,524.784,,1135.505
e-121,1784578451040.2773,1784578451593,1784578451601.0,1784578452125.785,552.723,8.0,524.785,,1085.508
e-122,1784578451090.2737,1784578451593,1784578451601.0,1784578452125.7852,502.726,8.0,524.785,,1035.511
e-123,1784578451140.2725,1784578451593,1784578451601.0,1784578452125.7856,452.728,8.0,524.786,,985.513
e-124,1784578451190.2803,1784578451593,1784578451602.0,1784578452125.7861,402.72,9.0,523.786,,935.506
e-125,1784578451240.2764,1784578451593,1784578451602.0,1784578452125.7866,352.724,9.0,523.787,,885.51
e-126,1784578451290.2722,1784578451593,1784578451602.0,1784578452125.787,302.728,9.0,523.787,,835.515
e-127,1784578451340.2688,1784578451593,1784578451602.0,1784578452125.8018,252.731,9.0,523.802,,785.533
e-128,1784578451390.2695,1784578451593,1784578451602.0,1784578452125.8022,202.73,9.0,523.802,,735.533
e-129,1784578451440.2695,1784578451593,1784578451603.0,1784578452125.9402,152.73,10.0,522.94,,685.671
e-130,1784578451490.266,1784578451593,1784578451603.0,1784578452125.9436,102.734,10.0,522.944,,635.677
e-131,1784578451540.2917,1784578451593,1784578451603.0,1784578452125.9446,52.708,10.0,522.945,,585.653
e-132,1784578451590.2778,1784578451593,1784578451603.0,1784578452125.9456,2.722,10.0,522.946,,535.668
e-133,1784578451640.2705,1784578452642,1784578452647.0,1784578453173.8674,1001.729,5.0,526.867,,1533.597
e-134,1784578451690.2783,1784578452642,1784578452648.0,1784578453173.8708,951.722,6.0,525.871,,1483.593
e-135,1784578451740.2715,1784578452642,1784578452648.0,1784578453173.8718,901.729,6.0,525.872,,1433.6
e-136,1784578451790.2693,1784578452642,1784578452648.0,1784578453173.8728,851.731,6.0,525.873,,1383.604
e-137,1784578451840.2683,1784578452642,1784578452648.0,1784578453173.8735,801.732,6.0,525.874,,1333.605
e-138,1784578451890.2744,1784578452642,1784578452648.0,1784578453173.8743,751.726,6.0,525.874,,1283.6
e-139,1784578451940.2737,1784578452642,1784578452649.0,1784578453173.875,701.726,7.0,524.875,,1233.601
e-140,1784578451990.271,1784578452642,1784578452649.0,1784578453173.8755,651.729,7.0,524.875,,1183.604
e-141,1784578452040.2725,1784578452642,1784578452649.0,1784578453173.8762,601.728,7.0,524.876,,1133.604
e-142,1784578452090.2786,1784578452642,1784578452649.0,1784578453173.8984,551.721,7.0,524.898,,1083.62
e-143,1784578452140.276,1784578452642,1784578452649.0,1784578453173.8997,501.724,7.0,524.9,,1033.624
e-144,1784578452190.2773,1784578452642,1784578452650.0,1784578453173.9006,451.723,8.0,523.901,,983.623
e-145,1784578452240.2778,1784578452642,1784578452650.0,1784578453173.9014,401.722,8.0,523.901,,933.624
e-146,1784578452290.2747,1784578452642,1784578452650.0,1784578453173.9019,351.725,8.0,523.902,,883.627
e-147,1784578452340.2717,1784578452642,1784578452650.0,1784578453173.9026,301.728,8.0,523.903,,833.631
e-148,1784578452390.2693,1784578452642,1784578452650.0,1784578453173.903,251.731,8.0,523.903,,783.634
e-149,1784578452440.272,1784578452642,1784578452650.0,1784578453173.906,201.728,8.0,523.906,,733.634
e-150,1784578452490.2664,1784578452642,1784578452651.0,1784578453173.9067,151.734,9.0,522.907,,683.64
e-151,1784578452540.277,1784578452642,1784578452651.0,1784578453173.9263,101.723,9.0,522.926,,633.649
e-152,1784578452590.2703,1784578452642,1784578452651.0,1784578453173.9272,51.73,9.0,522.927,,583.657
e-153,1784578452640.2737,1784578452642,1784578452651.0,1784578453173.9277,1.726,9.0,522.928,,533.654
e-154,1784578452690.267,1784578453693,1784578453699.0,1784578454225.6277,1002.733,6.0,526.628,,1535.361
e-155,1784578452740.2722,1784578453693,1784578453699.0,1784578454225.631,952.728,6.0,526.631,,1485.359
e-156,1784578452790.2766,1784578453693,1784578453699.0,1784578454225.6318,902.723,6.0,526.632,,1435.355
e-157,1784578452840.2722,1784578453693,1784578453699.0,1784578454225.6323,852.728,6.0,526.632,,1385.36
e-158,1784578452890.271,1784578453693,1784578453699.0,1784578454225.6328,802.729,6.0,526.633,,1335.362
e-159,1784578452940.2744,1784578453693,1784578453700.0,1784578454225.6333,752.726,7.0,525.633,,1285.359
e-160,1784578452993.1404,1784578453693,1784578453700.0,1784578454225.6343,699.86,7.0,525.634,,1232.494
e-161,1784578453040.2715,1784578453693,1784578453700.0,1784578454225.6348,652.729,7.0,525.635,,1185.363
e-162,1784578453090.264,1784578453693,1784578453700.0,1784578454225.6353,602.736,7.0,525.635,,1135.371
e-163,1784578453140.276,1784578453693,1784578453700.0,1784578454225.6467,552.724,7.0,525.647,,1085.371
e-164,1784578453190.273,1784578453693,1784578453700.0,1784578454225.6472,502.727,7.0,525.647,,1035.374
e-165,1784578453240.272,1784578453693,1784578453700.0,1784578454225.6477,452.728,7.0,525.648,,985.376
e-166,1784578453290.2559,1784578453693,1784578453700.0,1784578454225.6614,402.744,7.0,525.661,,935.406
e-167,1784578453340.2686,1784578453693,1784578453701.0,1784578454225.662,352.731,8.0,524.662,,885.394
e-168,1784578453390.2761,1784578453693,1784578453701.0,1784578454225.6626,302.724,8.0,524.663,,835.386
e-169,1784578453440.264,1784578453693,1784578453701.0,1784578454225.6628,252.736,8.0,524.663,,785.399
e-170,1784578453490.264,1784578453693,1784578453701.0,1784578454225.6633,202.736,8.0,524.663,,735.399
e-171,1784578453541.3315,1784578453693,1784578453701.0,1784578454225.6638,151.668,8.0,524.664,,684.332
e-172,1784578453590.2703,1784578453693,1784578453701.0,1784578454225.6643,102.73,8.0,524.664,,635.394
e-173,1784578453640.2717,1784578453693,1784578453701.0,1784578454225.666,52.728,8.0,524.666,,585.394
e-174,1784578453690.2761,1784578453693,1784578453701.0,1784578454225.6665,2.724,8.0,524.667,,535.39
e-175,1784578453740.2717,1784578454742,1784578454748.0,1784578455272.6116,1001.728,6.0,524.612,,1532.34
e-176,1784578453790.262,1784578454742,1784578454748.0,1784578455272.6157,951.738,6.0,524.616,,1482.354
e-177,1784578453840.2703,1784578454742,1784578454749.0,1784578455272.617,901.73,7.0,523.617,,1432.347
e-178,1784578453890.2595,1784578454742,1784578454749.0,1784578455272.6177,851.74,7.0,523.618,,1382.358
e-179,1784578453940.2708,1784578454742,1784578454749.0,1784578455272.6182,801.729,7.0,523.618,,1332.347
e-180,1784578453990.261,1784578454742,1784578454749.0,1784578455272.619,751.739,7.0,523.619,,1282.358
e-181,1784578454040.2773,1784578454742,1784578454749.0,1784578455272.6194,701.723,7.0,523.619,,1232.342
e-182,1784578454090.2769,1784578454742,1784578454749.0,1784578455272.62,651.723,7.0,523.62,,1182.343
e-183,1784578454140.2756,1784578454742,1784578454749.0,1784578455272.6208,601.724,7.0,523.621,,1132.345
e-184,1784578454190.2705,1784578454742,1784578454749.0,1784578455272.6353,551.729,7.0,523.635,,1082.365
e-185,1784578454240.282,1784578454742,1784578454750.0,1784578455272.636,501.718,8.0,522.636,,1032.354
e-186,1784578454290.2705,1784578454742,1784578454750.0,1784578455272.6367,451.729,8.0,522.637,,982.366
e-187,1784578454340.2678,1784578454742,1784578454750.0,1784578455272.6372,401.732,8.0,522.637,,932.369
e-188,1784578454390.2556,1784578454742,1784578454750.0,1784578455272.638,351.744,8.0,522.638,,882.382
e-189,1784578454440.2722,1784578454742,1784578454750.0,1784578455272.6562,301.728,8.0,522.656,,832.384
e-190,1784578454490.2551,1784578454742,1784578454750.0,1784578455272.657,251.745,8.0,522.657,,782.402
e-191,1784578454540.2712,1784578454742,1784578454750.0,1784578455272.7632,201.729,8.0,522.763,,732.492
e-192,1784578454590.2834,1784578454742,1784578454751.0,1784578455272.7656,151.717,9.0,521.766,,682.482
e-193,1784578454640.2854,1784578454742,1784578454751.0,1784578455272.7666,101.715,9.0,521.767,,632.481
e-194,1784578454692.5386,1784578454742,1784578454751.0,1784578455272.7676,49.461,9.0,521.768,,580.229
e-195,1784578454740.2751,1784578454742,1784578454751.0,1784578455272.7686,1.725,9.0,521.769,,532.493
e-196,1784578454790.2625,1784578455793,1784578455799.0,1784578456325.4705,1002.738,6.0,526.47,,1535.208
e-197,1784578454840.2693,1784578455793,1784578455799.0,1784578456325.4727,952.731,6.0,526.473,,1485.203
e-198,1784578454890.271,1784578455793,1784578455800.0,1784578456325.4731,902.729,7.0,525.473,,1435.202
e-199,1784578454940.2754,1784578455793,1784578455800.0,1784578456325.4731,852.725,7.0,525.473,,1385.198
e-200,1784578454990.2576,1784578455793,1784578455800.0,1784578456325.4734,802.742,7.0,525.473,,1335.216
e-201,1784578455040.2625,1784578455793,1784578455800.0,1784578456325.4749,752.738,7.0,525.475,,1285.212
e-202,1784578455090.2776,1784578455793,1784578455800.0,1784578456325.475,702.722,7.0,525.475,,1235.198
e-203,1784578455140.2698,1784578455793,1784578455800.0,1784578456325.4753,652.73,7.0,525.475,,1185.206
e-204,1784578455190.2556,1784578455793,1784578455801.0,1784578456325.4756,602.744,8.0,524.476,,1135.22
e-205,1784578455240.2688,1784578455793,1784578455801.0,1784578456325.4922,552.731,8.0,524.492,,1085.223
e-206,1784578455290.2847,1784578455793,1784578455801.0,1784578456325.4924,502.715,8.0,524.492,,1035.208
e-207,1784578455340.2722,1784578455793,1784578455801.0,1784578456325.4927,452.728,8.0,524.493,,985.22
e-208,1784578455390.2612,1784578455793,1784578455801.0,1784578456325.493,402.739,8.0,524.493,,935.232
e-209,1784578455440.27,1784578455793,1784578455801.0,1784578456325.4932,352.73,8.0,524.493,,885.223
e-210,1784578455490.2559,1784578455793,1784578455802.0,1784578456325.512,302.744,9.0,523.512,,835.256
e-211,1784578455540.2617,1784578455793,1784578455802.0,1784578456325.516,252.738,9.0,523.516,,785.254
e-212,1784578455590.2688,1784578455793,1784578455802.0,1784578456325.5164,202.731,9.0,523.516,,735.248
e-213,1784578455640.2651,1784578455793,1784578455802.0,1784578456325.5166,152.735,9.0,523.517,,685.251
e-214,1784578455690.2666,1784578455793,1784578455802.0,1784578456325.634,102.733,9.0,523.634,,635.367
e-215,1784578455740.2715,1784578455793,1784578455802.0,1784578456325.6372,52.729,9.0,523.637,,585.366
e-216,1784578455790.2725,1784578455793,1784578455802.0,1784578456325.6382,2.728,9.0,523.638,,535.366
e-217,1784578455840.262,1784578456843,1784578456848.0,1784578457370.5918,1002.738,5.0,522.592,,1530.33
e-218,1784578455890.2668,1784578456843,1784578456848.0,1784578457370.5952,952.733,5.0,522.595,,1480.328
e-219,1784578455940.2698,1784578456843,1784578456848.0,1784578457370.5962,902.73,5.0,522.596,,1430.326
e-220,1784578455990.261,1784578456843,1784578456848.0,1784578457370.597,852.739,5.0,522.597,,1380.336
e-221,1784578456040.277,1784578456843,1784578456848.0,1784578457370.611,802.723,5.0,522.611,,1330.334
e-222,1784578456090.277,1784578456843,1784578456849.0,1784578457370.6118,752.723,6.0,521.612,,1280.335
e-223,1784578456140.2903,1784578456843,1784578456849.0,1784578457370.6123,702.71,6.0,521.612,,1230.322
e-224,1784578456190.278,1784578456843,1784578456849.0,1784578457370.613,652.722,6.0,521.613,,1180.335
e-225,1784578456240.277,1784578456843,1784578456849.0,1784578457370.6138,602.723,6.0,521.614,,1130.337
e-226,1784578456290.281,1784578456843,1784578456849.0,1784578457370.6145,552.719,6.0,521.615,,1080.333
e-227,1784578456340.2744,1784578456843,1784578456849.0,1784578457370.6196,502.726,6.0,521.62,,1030.345
e-228,1784578456390.2712,1784578456843,1784578456849.0,1784578457370.6206,452.729,6.0,521.621,,980.349
e-229,1784578456440.277,1784578456843,1784578456849.0,1784578457370.6213,402.723,6.0,521.621,,930.344
e-230,1784578456490.2686,1784578456843,1784578456850.0,1784578457370.622,352.731,7.0,520.622,,880.354
e-231,1784578456540.2842,1784578456843,1784578456850.0,1784578457370.6228,302.716,7.0,520.623,,830.339
e-232,1784578456590.2815,1784578456843,1784578456850.0,1784578457370.6233,252.719,7.0,520.623,,780.342
e-233,1784578456640.2744,1784578456843,1784578456850.0,1784578457370.6252,202.726,7.0,520.625,,730.351
e-234,1784578456690.2732,1784578456843,1784578456850.0,1784578457370.6438,152.727,7.0,520.644,,680.371
e-235,1784578456740.276,1784578456843,1784578456850.0,1784578457370.6445,102.724,7.0,520.645,,630.369
e-236,1784578456790.284,1784578456843,1784578456850.0,1784578457370.6453,52.716,7.0,520.645,,580.361
e-237,1784578456840.269,1784578456843,1784578456850.0,1784578457370.6458,2.731,7.0,520.646,,530.377
e-238,1784578456890.2634,1784578457892,1784578457897.0,1784578458422.652,1001.737,5.0,525.652,,1532.389
e-239,1784578456940.2688,1784578457892,1784578457897.0,1784578458422.6545,951.731,5.0,525.655,,1482.386
e-240,1784578456990.2654,1784578457892,1784578457897.0,1784578458422.6553,901.735,5.0,525.655,,1432.39
e-241,1784578457040.263,1784578457892,1784578457898.0,1784578458422.6558,851.737,6.0,524.656,,1382.393
e-242,1784578457090.265,1784578457892,1784578457898.0,1784578458422.6562,801.735,6.0,524.656,,1332.391
e-243,1784578457140.2747,1784578457892,1784578457898.0,1784578458422.6567,751.725,6.0,524.657,,1282.382
e-244,1784578457190.2754,1784578457892,1784578457898.0,1784578458422.6572,701.725,6.0,524.657,,1232.382
e-245,1784578457240.271,1784578457892,1784578457898.0,1784578458422.658,651.729,6.0,524.658,,1182.387
e-246,1784578457290.2583,1784578457892,1784578457898.0,1784578458422.6584,601.742,6.0,524.658,,1132.4
e-247,1784578457340.2678,1784578457892,1784578457898.0,1784578458422.659,551.732,6.0,524.659,,1082.391
e-248,1784578457390.2766,1784578457892,1784578457899.0,1784578458422.672,501.723,7.0,523.672,,1032.396
e-249,1784578457440.2754,1784578457892,1784578457899.0,1784578458422.6726,451.725,7.0,523.673,,982.397
e-250,1784578457490.2659,1784578457892,1784578457899.0,1784578458422.673,401.734,7.0,523.673,,932.407
e-251,1784578457540.2693,1784578457892,1784578457899.0,1784578458422.6736,351.731,7.0,523.674,,882.404
e-252,1784578457590.28,1784578457892,1784578457899.0,1784578458422.6738,301.72,7.0,523.674,,832.394
e-253,1784578457640.274,1784578457892,1784578457899.0,1784578458422.6743,251.726,7.0,523.674,,782.4
e-254,1784578457690.2634,1784578457892,1784578457899.0,1784578458422.675,201.737,7.0,523.675,,732.412
e-255,1784578457740.2659,1784578457892,1784578457899.0,1784578458422.6755,151.734,7.0,523.676,,682.41
e-256,1784578457790.2832,1784578457892,1784578457900.0,1784578458422.6758,101.717,8.0,522.676,,632.393
e-257,1784578457840.258,1784578457892,1784578457900.0,1784578458422.6763,51.742,8.0,522.676,,582.418
e-258,1784578457890.2693,1784578457892,1784578457900.0,1784578458422.6768,1.731,8.0,522.677,,532.407
e-259,1784578457940.2727,1784578458942,1784578458948.0,1784578459469.942,1001.727,6.0,521.942,,1529.669
e-260,1784578457990.2651,1784578458942,1784578458948.0,1784578459469.9453,951.735,6.0,521.945,,1479.68
e-261,1784578458040.2664,1784578458942,1784578458948.0,1784578459469.9463,901.734,6.0,521.946,,1429.68
e-262,1784578458090.269,1784578458942,1784578458948.0,1784578459469.9473,851.731,6.0,521.947,,1379.678
e-263,1784578458140.278,1784578458942,1784578458948.0,1784578459469.948,801.722,6.0,521.948,,1329.67
e-264,1784578458190.273,1784578458942,1784578458949.0,1784578459469.9487,751.727,7.0,520.949,,1279.676
e-265,1784578458240.2715,1784578458942,1784578458949.0,1784578459469.9495,701.729,7.0,520.949,,1229.678
e-266,1784578458290.2673,1784578458942,1784578458949.0,1784578459469.9502,651.733,7.0,520.95,,1179.683
e-267,1784578458340.2585,1784578458942,1784578458949.0,1784578459469.951,601.741,7.0,520.951,,1129.692
e-268,1784578458390.2866,1784578458942,1784578458949.0,1784578459469.9517,551.713,7.0,520.952,,1079.665
e-269,1784578458440.2783,1784578458942,1784578458949.0,1784578459469.9675,501.722,7.0,520.968,,1029.689
e-270,1784578458490.2642,1784578458942,1784578458949.0,1784578459469.9685,451.736,7.0,520.969,,979.704
e-271,1784578458540.272,1784578458942,1784578458949.0,1784578459469.9692,401.728,7.0,520.969,,929.697
e-272,1784578458590.2646,1784578458942,1784578458949.0,1784578459469.9697,351.735,7.0,520.97,,879.705
e-273,1784578458640.2708,1784578458942,1784578458950.0,1784578459469.9705,301.729,8.0,519.97,,829.7
e-274,1784578458690.2588,1784578458942,1784578458950.0,1784578459469.9712,251.741,8.0,519.971,,779.712
e-275,1784578458740.2717,1784578458942,1784578458950.0,1784578459469.972,201.728,8.0,519.972,,729.7
e-276,1784578458790.2756,1784578458942,1784578458950.0,1784578459469.9727,151.724,8.0,519.973,,679.697
e-277,1784578458840.2651,1784578458942,1784578458950.0,1784578459469.9731,101.735,8.0,519.973,,629.708
e-278,1784578458890.2576,1784578458942,1784578458950.0,1784578459469.9915,51.742,8.0,519.991,,579.734
e-279,1784578458940.2703,1784578458942,1784578458950.0,1784578459469.9922,1.73,8.0,519.992,,529.722
e-280,1784578458990.2708,1784578459992,1784578459997.0,1784578460521.1023,1001.729,5.0,524.102,,1530.832
e-281,1784578459040.2373,1784578459992,1784578459997.0,1784578460521.1055,951.763,5.0,524.105,,1480.868
e-282,1784578459090.2717,1784578459992,1784578459998.0,1784578460521.1064,901.728,6.0,523.106,,1430.835
e-283,1784578459140.2766,1784578459992,1784578459998.0,1784578460521.107,851.723,6.0,523.107,,1380.83
e-284,1784578459190.2642,1784578459992,1784578459998.0,1784578460521.1074,801.736,6.0,523.107,,1330.843
e-285,1784578459240.2717,1784578459992,1784578459998.0,1784578460521.108,751.728,6.0,523.108,,1280.836
e-286,1784578459290.2742,1784578459992,1784578459998.0,1784578460521.1084,701.726,6.0,523.108,,1230.834
e-287,1784578459340.273,1784578459992,1784578459998.0,1784578460521.122,651.727,6.0,523.122,,1180.849
e-288,1784578459390.2651,1784578459992,1784578459998.0,1784578460521.1226,601.735,6.0,523.123,,1130.857
e-289,1784578459440.2708,1784578459992,1784578459998.0,1784578460521.123,551.729,6.0,523.123,,1080.852
e-290,1784578459490.2717,1784578459992,1784578459999.0,1784578460521.1277,501.728,7.0,522.128,,1030.856
e-291,1784578459540.27,1784578459992,1784578459999.0,1784578460521.1282,451.73,7.0,522.128,,980.858
e-292,1784578459590.2615,1784578459992,1784578459999.0,1784578460521.1287,401.739,7.0,522.129,,930.867
e-293,1784578459640.2708,1784578459992,1784578459999.0,1784578460521.1292,351.729,7.0,522.129,,880.858
e-294,1784578459690.283,1784578459992,1784578459999.0,1784578460521.1296,301.717,7.0,522.13,,830.847
e-295,1784578459740.293,1784578459992,1784578459999.0,1784578460521.1301,251.707,7.0,522.13,,780.837
e-296,1784578459790.2866,1784578459992,1784578459999.0,1784578460521.1309,201.713,7.0,522.131,,730.844
e-297,1784578459840.275,1784578459992,1784578459999.0,1784578460521.1462,151.725,7.0,522.146,,680.871
e-298,1784578459890.2627,1784578459992,1784578459999.0,1784578460521.147,101.737,7.0,522.147,,630.884
e-299,1784578459940.2766,1784578459992,1784578460000.0,1784578460521.1475,51.723,8.0,521.147,,580.871
e-300,1784578459990.2754,1784578459992,1784578460000.0,1784578460521.148,1.725,8.0,521.148,,530.873
e-301,1784578460040.267,1784578461042,1784578461047.0,1784578461568.9333,1001.733,5.0,521.933,,1528.666
e-302,1784578460090.267,1784578461042,1784578461047.0,1784578461568.9358,951.733,5.0,521.936,,1478.669
e-303,1784578460140.2834,1784578461042,1784578461047.0,1784578461568.9363,901.717,5.0,521.936,,1428.653
e-304,1784578460190.2734,1784578461042,1784578461047.0,1784578461568.9368,851.727,5.0,521.937,,1378.663
e-305,1784578460240.2642,1784578461042,1784578461048.0,1784578461568.9373,801.736,6.0,520.937,,1328.673
e-306,1784578460290.279,1784578461042,1784578461048.0,1784578461568.9375,751.721,6.0,520.938,,1278.658
e-307,1784578460340.283,1784578461042,1784578461048.0,1784578461568.938,701.717,6.0,520.938,,1228.655
e-308,1784578460390.2783,1784578461042,1784578461048.0,1784578461568.9385,651.722,6.0,520.938,,1178.66
e-309,1784578460440.2761,1784578461042,1784578461048.0,1784578461569.009,601.724,6.0,521.009,,1128.733
e-310,1784578460490.2756,1784578461042,1784578461048.0,1784578461569.0095,551.724,6.0,521.01,,1078.734
e-311,1784578460540.2744,1784578461042,1784578461048.0,1784578461569.01,501.726,6.0,521.01,,1028.736
e-312,1784578460590.2627,1784578461042,1784578461049.0,1784578461569.0327,451.737,7.0,520.033,,978.77
e-313,1784578460640.284,1784578461042,1784578461049.0,1784578461569.0334,401.716,7.0,520.033,,928.75
e-314,1784578460690.2742,1784578461042,1784578461049.0,1784578461569.034,351.726,7.0,520.034,,878.76
e-315,1784578460740.2717,1784578461042,1784578461049.0,1784578461569.0342,301.728,7.0,520.034,,828.762
e-316,1784578460790.2705,1784578461042,1784578461049.0,1784578461569.0347,251.729,7.0,520.035,,778.764
e-317,1784578460840.268,1784578461042,1784578461049.0,1784578461569.035,201.732,7.0,520.035,,728.767
e-318,1784578460890.268,1784578461042,1784578461049.0,1784578461569.0354,151.732,7.0,520.035,,678.767
e-319,1784578460940.2725,1784578461042,1784578461049.0,1784578461569.036,101.728,7.0,520.036,,628.763
e-320,1784578460990.2673,1784578461042,1784578461049.0,1784578461569.0361,51.733,7.0,520.036,,578.769
e-321,1784578461040.2717,1784578461042,1784578461050.0,1784578461569.0364,1.728,8.0,519.036,,528.765
e-322,1784578461090.2727,1784578462093,1784578462098.0,1784578462622.004,1002.727,5.0,524.004,,1531.731
e-323,1784578461140.2776,1784578462093,1784578462098.0,1784578462622.0068,952.722,5.0,524.007,,1481.729
e-324,1784578461190.2712,1784578462093,1784578462098.0,1784578462622.0076,902.729,5.0,524.008,,1431.736
e-325,1784578461240.2732,1784578462093,1784578462098.0,1784578462622.0083,852.727,5.0,524.008,,1381.735
e-326,1784578461290.2656,1784578462093,1784578462099.0,1784578462622.009,802.734,6.0,523.009,,1331.743
e-327,1784578461340.2754,1784578462093,1784578462099.0,1784578462622.0098,752.725,6.0,523.01,,1281.734
e-328,1784578461390.2595,1784578462093,1784578462099.0,1784578462622.0105,702.74,6.0,523.01,,1231.751
e-329,1784578461440.276,1784578462093,1784578462099.0,1784578462622.0115,652.724,6.0,523.011,,1181.736
e-330,1784578461490.2712,1784578462093,1784578462099.0,1784578462622.0122,602.729,6.0,523.012,,1131.741
e-331,1784578461540.2722,1784578462093,1784578462099.0,1784578462622.013,552.728,6.0,523.013,,1081.741
e-332,1784578461590.2666,1784578462093,1784578462099.0,1784578462622.0137,502.733,6.0,523.014,,1031.747
e-333,1784578461640.2698,1784578462093,1784578462100.0,1784578462622.0264,452.73,7.0,522.026,,981.757
e-334,1784578461690.272,1784578462093,1784578462100.0,1784578462622.0269,402.728,7.0,522.027,,931.755
e-335,1784578461740.2722,1784578462093,1784578462100.0,1784578462622.0276,352.728,7.0,522.028,,881.755
e-336,1784578461790.287,1784578462093,1784578462100.0,1784578462622.028,302.713,7.0,522.028,,831.741
e-337,1784578461840.272,1784578462093,1784578462100.0,1784578462622.0286,252.728,7.0,522.029,,781.757
e-338,1784578461890.2727,1784578462093,1784578462100.0,1784578462622.029,202.727,7.0,522.029,,731.756
e-339,1784578461940.277,1784578462093,1784578462100.0,1784578462622.0298,152.723,7.0,522.03,,681.753
e-340,1784578461990.2773,1784578462093,1784578462100.0,1784578462622.0303,102.723,7.0,522.03,,631.753
e-341,1784578462040.2756,1784578462093,1784578462101.0,1784578462622.031,52.724,8.0,521.031,,581.755
e-342,1784578462090.273,1784578462093,1784578462101.0,1784578462622.0461,2.727,8.0,521.046,,531.773
e-343,1784578462140.2695,1784578463143,1784578463147.0,1784578463668.976,1002.73,4.0,521.976,,1528.707
e-344,1784578462190.2764,1784578463143,1784578463148.0,1784578463668.9785,952.724,5.0,520.979,,1478.702
e-345,1784578462240.2668,1784578463143,1784578463148.0,1784578463668.979,902.733,5.0,520.979,,1428.712
e-346,1784578462290.275,1784578463143,1784578463148.0,1784578463668.9792,852.725,5.0,520.979,,1378.704
e-347,1784578462340.2761,1784578463143,1784578463148.0,1784578463668.9797,802.724,5.0,520.98,,1328.704
e-348,1784578462390.2659,1784578463143,1784578463148.0,1784578463668.98,752.734,5.0,520.98,,1278.714
e-349,1784578462440.2656,1784578463143,1784578463148.0,1784578463668.9802,702.734,5.0,520.98,,1228.715
e-350,1784578462490.279,1784578463143,1784578463148.0,1784578463668.9805,652.721,5.0,520.98,,1178.701
e-351,1784578462540.2773,1784578463143,1784578463148.0,1784578463668.9917,602.723,5.0,520.992,,1128.714
e-352,1784578462590.2559,1784578463143,1784578463148.0,1784578463668.9922,552.744,5.0,520.992,,1078.736
e-353,1784578462640.2678,1784578463143,1784578463149.0,1784578463669.0024,502.732,6.0,520.002,,1028.735
e-354,1784578462690.2722,1784578463143,1784578463149.0,1784578463669.0046,452.728,6.0,520.005,,978.732
e-355,1784578462740.272,1784578463143,1784578463149.0,1784578463669.005,402.728,6.0,520.005,,928.733
e-356,1784578462790.2803,1784578463143,1784578463149.0,1784578463669.0051,352.72,6.0,520.005,,878.725
e-357,1784578462840.2742,1784578463143,1784578463149.0,1784578463669.0054,302.726,6.0,520.005,,828.731
e-358,1784578462890.26,1784578463143,1784578463149.0,1784578463669.0056,252.74,6.0,520.006,,778.746
e-359,1784578462940.272,1784578463143,1784578463149.0,1784578463669.0059,202.728,6.0,520.006,,728.734
e-360,1784578462990.2825,1784578463143,1784578463149.0,1784578463669.006,152.718,6.0,520.006,,678.724
e-361,1784578463040.2864,1784578463143,1784578463150.0,1784578463669.0935,102.714,7.0,519.094,,628.807
e-362,1784578463090.28,1784578463143,1784578463150.0,1784578463669.0962,52.72,7.0,519.096,,578.816
e-363,1784578463140.2559,1784578463143,1784578463150.0,1784578463669.097,2.744,7.0,519.097,,528.841
e-364,1784578463190.2915,1784578464193,1784578464197.0,1784578464719.0022,1002.708,4.0,522.002,,1528.711
e-365,1784578463240.2754,1784578464193,1784578464198.0,1784578464719.0059,952.725,5.0,521.006,,1478.73
e-366,1784578463290.2732,1784578464193,1784578464198.0,1784578464719.007,902.727,5.0,521.007,,1428.734
e-367,1784578463340.266,1784578464193,1784578464198.0,1784578464719.0078,852.734,5.0,521.008,,1378.742
e-368,1784578463390.2832,1784578464193,1784578464198.0,1784578464719.0088,802.717,5.0,521.009,,1328.726
e-369,1784578463440.292,1784578464193,1784578464198.0,1784578464719.01,752.708,5.0,521.01,,1278.718
e-370,1784578463490.2622,1784578464193,1784578464198.0,1784578464719.0115,702.738,5.0,521.011,,1228.749
e-371,1784578463540.2747,1784578464193,1784578464199.0,1784578464719.0127,652.725,6.0,520.013,,1178.738
e-372,1784578463590.2832,1784578464193,1784578464199.0,1784578464719.0137,602.717,6.0,520.014,,1128.73
e-373,1784578463640.2783,1784578464193,1784578464199.0,1784578464719.0146,552.722,6.0,520.015,,1078.736
e-374,1784578463690.2737,1784578464193,1784578464199.0,1784578464719.0154,502.726,6.0,520.015,,1028.742
e-375,1784578463740.267,1784578464193,1784578464199.0,1784578464719.0417,452.733,6.0,520.042,,978.775
e-376,1784578463790.264,1784578464193,1784578464199.0,1784578464719.059,402.736,6.0,520.059,,928.795
e-377,1784578463840.261,1784578464193,1784578464199.0,1784578464719.0596,352.739,6.0,520.06,,878.799
e-378,1784578463890.2551,1784578464193,1784578464199.0,1784578464719.06,302.745,6.0,520.06,,828.805
e-379,1784578463940.2798,1784578464193,1784578464199.0,1784578464719.0605,252.72,6.0,520.061,,778.781
e-380,1784578463990.2642,1784578464193,1784578464200.0,1784578464719.0613,202.736,7.0,519.061,,728.797
e-381,1784578464040.2708,1784578464193,1784578464200.0,1784578464719.0618,152.729,7.0,519.062,,678.791
e-382,1784578464090.2627,1784578464193,1784578464200.0,1784578464719.0623,102.737,7.0,519.062,,628.8
e-383,1784578464140.278,1784578464193,1784578464200.0,1784578464719.0627,52.722,7.0,519.063,,578.785
e-384,1784578464190.2766,1784578464193,1784578464200.0,1784578464719.0632,2.723,7.0,519.063,,528.787
e-385,1784578464240.271,1784578465242,1784578465247.0,1784578465768.042,1001.729,5.0,521.042,,1527.771
e-386,1784578464290.2617,1784578465242,1784578465247.0,1784578465768.0454,951.738,5.0,521.045,,1477.784
e-387,1784578464340.2793,1784578465242,1784578465247.0,1784578465768.0461,901.721,5.0,521.046,,1427.767
e-388,1784578464390.2632,1784578465242,1784578465247.0,1784578465768.0466,851.737,5.0,521.047,,1377.783
e-389,1784578464440.263,1784578465242,1784578465247.0,1784578465768.047,801.737,5.0,521.047,,1327.784
e-390,1784578464490.2559,1784578465242,1784578465247.0,1784578465768.0476,751.744,5.0,521.048,,1277.792
e-391,1784578464540.257,1784578465242,1784578465247.0,1784578465768.048,701.743,5.0,521.048,,1227.791
e-392,1784578464590.277,1784578465242,1784578465248.0,1784578465768.0486,651.723,6.0,520.049,,1177.771
e-393,1784578464640.272,1784578465242,1784578465248.0,1784578465768.0488,601.728,6.0,520.049,,1127.777
e-394,1784578464690.2693,1784578465242,1784578465248.0,1784578465768.0493,551.731,6.0,520.049,,1077.78
e-395,1784578464740.2754,1784578465242,1784578465248.0,1784578465768.0498,501.725,6.0,520.05,,1027.774
e-396,1784578464790.2603,1784578465242,1784578465248.0,1784578465768.0503,451.74,6.0,520.05,,977.79
e-397,1784578464840.2637,1784578465242,1784578465248.0,1784578465768.0627,401.736,6.0,520.063,,927.799
e-398,1784578464890.265,1784578465242,1784578465248.0,1784578465768.0635,351.735,6.0,520.063,,877.799
e-399,1784578464940.274,1784578465242,1784578465248.0,1784578465768.064,301.726,6.0,520.064,,827.79
e-400,1784578464990.2705,1784578465242,1784578465248.0,1784578465768.0645,251.729,6.0,520.064,,777.794
e-401,1784578465040.2917,1784578465242,1784578465248.0,1784578465768.0806,201.708,6.0,520.081,,727.789
e-402,1784578465090.2646,1784578465242,1784578465248.0,1784578465768.081,151.735,6.0,520.081,,677.816
e-403,1784578465140.285,1784578465242,1784578465248.0,1784578465768.0815,101.715,6.0,520.082,,627.797
e-404,1784578465190.287,1784578465242,1784578465249.0,1784578465768.082,51.713,7.0,519.082,,577.795
e-405,1784578465240.2727,1784578465242,1784578465249.0,1784578465768.0825,1.727,7.0,519.083,,527.81
e-406,1784578465290.2725,1784578466292,1784578466297.0,1784578466816.085,1001.728,5.0,519.085,,1525.812
e-407,1784578465340.2732,1784578466292,1784578466297.0,1784578466816.0884,951.727,5.0,519.088,,1475.815
e-408,1784578465390.2673,1784578466292,1784578466297.0,1784578466816.0894,901.733,5.0,519.089,,1425.822
e-409,1784578465440.2693,1784578466292,1784578466297.0,1784578466816.0898,851.731,5.0,519.09,,1375.821
e-410,1784578465490.2644,1784578466292,1784578466297.0,1784578466816.0906,801.736,5.0,519.091,,1325.826
e-411,1784578465540.2734,1784578466292,1784578466297.0,1784578466816.0913,751.727,5.0,519.091,,1275.818
e-412,1784578465590.2637,1784578466292,1784578466297.0,1784578466816.092,701.736,5.0,519.092,,1225.828
e-413,1784578465640.2725,1784578466292,1784578466297.0,1784578466816.0928,651.728,5.0,519.093,,1175.82
e-414,1784578465690.271,1784578466292,1784578466298.0,1784578466816.0935,601.729,6.0,518.094,,1125.823
e-415,1784578465740.2761,1784578466292,1784578466298.0,1784578466816.0942,551.724,6.0,518.094,,1075.818
e-416,1784578465790.2664,1784578466292,1784578466298.0,1784578466816.095,501.734,6.0,518.095,,1025.829
e-417,1784578465840.2666,1784578466292,1784578466298.0,1784578466816.0957,451.733,6.0,518.096,,975.829
e-418,1784578465890.2617,1784578466292,1784578466298.0,1784578466816.109,401.738,6.0,518.109,,925.847
e-419,1784578465940.2761,1784578466292,1784578466298.0,1784578466816.1143,351.724,6.0,518.114,,875.838
e-420,1784578465990.2673,1784578466292,1784578466298.0,1784578466816.115,301.733,6.0,518.115,,825.848
e-421,1784578466040.287,1784578466292,1784578466298.0,1784578466816.116,251.713,6.0,518.116,,775.829
e-422,1784578466090.2815,1784578466292,1784578466298.0,1784578466816.1167,201.719,6.0,518.117,,725.835
e-423,1784578466140.2717,1784578466292,1784578466298.0,1784578466816.1172,151.728,6.0,518.117,,675.845
e-424,1784578466190.2783,1784578466292,1784578466298.0,1784578466816.118,101.722,6.0,518.118,,625.84
e-425,1784578466240.2415,1784578466292,1784578466298.0,1784578466816.1184,51.759,6.0,518.118,,575.877
e-426,1784578466290.2705,1784578466292,1784578466299.0,1784578466816.119,1.729,7.0,517.119,,525.848
e-427,1784578466340.273,1784578467343,1784578467346.0,1784578467866.8171,1002.727,3.0,520.817,,1526.544
e-428,1784578466390.2646,1784578467343,1784578467347.0,1784578467866.8198,952.735,4.0,519.82,,1476.555
e-429,1784578466440.2686,1784578467343,1784578467347.0,1784578467866.8206,902.731,4.0,519.821,,1426.552
e-430,1784578466490.2744,1784578467343,1784578467347.0,1784578467866.8208,852.726,4.0,519.821,,1376.546
e-431,1784578466540.2654,1784578467343,1784578467347.0,1784578467866.8213,802.735,4.0,519.821,,1326.556
e-432,1784578466590.2578,1784578467343,1784578467347.0,1784578467866.822,752.742,4.0,519.822,,1276.564
e-433,1784578466640.2664,1784578467343,1784578467347.0,1784578467866.8223,702.734,4.0,519.822,,1226.556
e-434,1784578466690.2651,1784578467343,1784578467347.0,1784578467866.8228,652.735,4.0,519.823,,1176.558
e-435,1784578466740.2659,1784578467343,1784578467347.0,1784578467866.8235,602.734,4.0,519.823,,1126.558
e-436,1784578466790.278,1784578467343,1784578467347.0,1784578467866.8237,552.722,4.0,519.824,,1076.546
e-437,1784578466840.2686,1784578467343,1784578467347.0,1784578467866.8242,502.731,4.0,519.824,,1026.556
e-438,1784578466890.2634,1784578467343,1784578467348.0,1784578467866.8247,452.737,5.0,518.825,,976.561
e-439,1784578466940.2683,1784578467343,1784578467348.0,1784578467866.8357,402.732,5.0,518.836,,926.567
e-440,1784578466990.2686,1784578467343,1784578467348.0,1784578467866.8362,352.731,5.0,518.836,,876.568
e-441,1784578467040.2456,1784578467343,1784578467348.0,1784578467866.8367,302.754,5.0,518.837,,826.591
e-442,1784578467090.2717,1784578467343,1784578467348.0,1784578467866.8372,252.728,5.0,518.837,,776.565
e-443,1784578467140.2747,1784578467343,1784578467348.0,1784578467866.8374,202.725,5.0,518.837,,726.563
e-444,1784578467190.2725,1784578467343,1784578467348.0,1784578467866.838,152.728,5.0,518.838,,676.565
e-445,1784578467240.2773,1784578467343,1784578467348.0,1784578467866.8384,102.723,5.0,518.838,,626.561
e-446,1784578467290.2703,1784578467343,1784578467348.0,1784578467866.8386,52.73,5.0,518.839,,576.568
e-447,1784578467340.2722,1784578467343,1784578467348.0,1784578467866.839,2.728,5.0,518.839,,526.567
e-448,1784578467390.2678,1784578468392,1784578511963.0,1784578513152.352,1001.732,43571.0,1189.352,,45762.084
e-449,1784578467440.2769,1784578468392,1784578511994.0,1784578513152.3557,951.723,43602.0,1158.356,,45712.079
e-450,1784578467490.2664,1784578468392,1784578511994.0,1784578513152.3567,901.734,43602.0,1158.357,,45662.09
e-451,1784578467540.267,1784578468392,1784578511994.0,1784578513152.3577,851.733,43602.0,1158.358,,45612.091
e-452,1784578467590.266,1784578468392,1784578511995.0,1784578513152.3584,801.734,43603.0,1157.358,,45562.092
e-453,1784578467640.2732,1784578468392,1784578511995.0,1784578513152.3591,751.727,43603.0,1157.359,,45512.086
e-454,1784578467690.27,1784578468392,1784578511995.0,1784578513152.36,701.73,43603.0,1157.36,,45462.09
e-455,1784578467740.2754,1784578468392,1784578511996.0,1784578513152.3606,651.725,43604.0,1156.361,,45412.085
e-456,1784578467790.4775,1784578468392,1784578511996.0,1784578513152.3613,601.522,43604.0,1156.361,,45361.884
e-457,1784578467840.2896,1784578468392,1784578511996.0,1784578513152.3633,551.71,43604.0,1156.363,,45312.074
e-458,1784578467890.2754,1784578468392,1784578511996.0,1784578513152.364,501.725,43604.0,1156.364,,45262.089
e-459,1784578467940.276,1784578468392,1784578511996.0,1784578513152.3647,451.724,43604.0,1156.365,,45212.089
e-460,1784578467990.2693,1784578468392,1784578511997.0,1784578513152.378,401.731,43605.0,1155.378,,45162.109
e-461,1784578468040.2756,1784578468392,1784578511997.0,1784578513152.3787,351.724,43605.0,1155.379,,45112.103
e-462,1784578468090.2678,1784578468392,1784578511997.0,1784578513152.3792,301.732,43605.0,1155.379,,45062.111
e-463,1784578468140.2717,1784578468392,1784578511997.0,1784578513152.38,251.728,43605.0,1155.38,,45012.108
e-464,1784578468190.2756,1784578468392,1784578511998.0,1784578513152.3804,201.724,43606.0,1154.38,,44962.105
e-465,1784578468240.2722,1784578468392,1784578511998.0,1784578513152.381,151.728,43606.0,1154.381,,44912.109
e-466,1784578468290.2676,1784578468392,1784578511998.0,1784578513152.3816,101.732,43606.0,1154.382,,44862.114
e-467,1784578468340.2607,1784578468392,1784578511998.0,1784578513152.3823,51.739,43606.0,1154.382,,44812.122
e-468,1784578468390.275,1784578468392,1784578511999.0,1784578513152.383,1.725,43607.0,1153.383,,44762.108
e-469,1784578468440.2732,1784578469442,1784578511999.0,1784578513152.3835,1001.727,42557.0,1153.384,,44712.11
e-470,1784578468490.2617,1784578469442,1784578511999.0,1784578513152.3843,951.738,42557.0,1153.384,,44662.123
e-471,1784578468540.2705,1784578469442,1784578511999.0,1784578513152.3848,901.729,42557.0,1153.385,,44612.114
e-472,1784578468590.2766,1784578469442,1784578512000.0,1784578513152.3853,851.723,42558.0,1152.385,,44562.109
e-473,1784578468640.2905,1784578469442,1784578512000.0,1784578513152.386,801.709,42558.0,1152.386,,44512.095
e-474,1784578468690.2803,1784578469442,1784578512000.0,1784578513152.3865,751.72,42558.0,1152.386,,44462.106
e-475,1784578468740.2683,1784578469442,1784578512000.0,1784578513152.3872,701.732,42558.0,1152.387,,44412.119
e-476,1784578468790.2673,1784578469442,1784578512001.0,1784578513152.388,651.733,42559.0,1151.388,,44362.121
e-477,1784578468840.2903,1784578469442,1784578512001.0,1784578513152.4102,601.71,42559.0,1151.41,,44312.12
e-478,1784578468890.2705,1784578469442,1784578512001.0,1784578513152.411,551.729,42559.0,1151.411,,44262.14
e-479,1784578468940.2734,1784578469442,1784578512001.0,1784578513152.4116,501.727,42559.0,1151.412,,44212.138
e-480,1784578468990.2659,1784578469442,1784578512001.0,1784578513152.4124,451.734,42559.0,1151.412,,44162.146
e-481,1784578469040.2659,1784578469442,1784578512002.0,1784578513152.413,401.734,42560.0,1150.413,,44112.147
e-482,1784578469090.2715,1784578469442,1784578512002.0,1784578513152.4207,351.729,42560.0,1150.421,,44062.149
e-483,1784578469140.2742,1784578469442,1784578512002.0,1784578513152.4214,301.726,42560.0,1150.421,,44012.147
e-484,1784578469190.2654,1784578469442,1784578512002.0,1784578513152.422,251.735,42560.0,1150.422,,43962.157
e-485,1784578469240.2625,1784578469442,1784578512003.0,1784578513152.4226,201.738,42561.0,1149.423,,43912.16
e-486,1784578469290.29,1784578469442,1784578512003.0,1784578513152.4233,151.71,42561.0,1149.423,,43862.133
e-487,1784578469340.278,1784578469442,1784578512003.0,1784578513152.4238,101.722,42561.0,1149.424,,43812.146
e-488,1784578469390.2622,1784578469442,1784578512003.0,1784578513152.4246,51.738,42561.0,1149.425,,43762.162
e-489,1784578469440.2898,1784578469442,1784578512004.0,1784578513152.4883,1.71,42562.0,1148.488,,43712.198
e-490,1784578469490.2666,1784578470492,1784578512004.0,1784578513152.4895,1001.733,41512.0,1148.49,,43662.223
e-491,1784578469540.2847,1784578470492,1784578512004.0,1784578513152.4902,951.715,41512.0,1148.49,,43612.206
e-492,1784578469590.2646,1784578470492,1784578512005.0,1784578513152.4907,901.735,41513.0,1147.491,,43562.226
e-493,1784578469640.2717,1784578470492,1784578512005.0,1784578513152.4915,851.728,41513.0,1147.491,,43512.22
e-494,1784578469690.266,1784578470492,1784578512005.0,1784578513152.4922,801.734,41513.0,1147.492,,43462.226
e-495,1784578469740.2637,1784578470492,1784578512005.0,1784578513152.4927,751.736,41513.0,1147.493,,43412.229
e-496,1784578469790.2622,1784578470492,1784578512006.0,1784578513152.4934,701.738,41514.0,1146.493,,43362.231
e-497,1784578469840.2646,1784578470492,1784578512006.0,1784578513152.4941,651.735,41514.0,1146.494,,43312.229
e-498,1784578469890.2573,1784578470492,1784578512006.0,1784578513152.4946,601.743,41514.0,1146.495,,43262.237
e-499,1784578469940.2712,1784578470492,1784578512006.0,1784578513152.5195,551.729,41514.0,1146.52,,43212.248
e-500,1784578469990.2756,1784578470492,1784578512007.0,1784578513152.5208,501.724,41515.0,1145.521,,43162.245
e-501,1784578470040.2722,1784578470492,1784578512007.0,1784578513152.5215,451.728,41515.0,1145.521,,43112.249
e-502,1784578470090.2715,1784578470492,1784578512007.0,1784578513152.522,401.729,41515.0,1145.522,,43062.25
e-503,1784578470140.2715,1784578470492,1784578512007.0,1784578513152.529,351.729,41515.0,1145.529,,43012.258
e-504,1784578470190.2686,1784578470492,1784578512008.0,1784578513152.5298,301.731,41516.0,1144.53,,42962.261
e-505,1784578470241.5464,1784578470492,1784578512008.0,1784578513152.5305,250.454,41516.0,1144.531,,42910.984
e-506,1784578470290.274,1784578470492,1784578512008.0,1784578513152.531,201.726,41516.0,1144.531,,42862.257
e-507,1784578470340.2712,1784578470492,1784578512008.0,1784578513152.5425,151.729,41516.0,1144.542,,42812.271
e-508,1784578470390.2837,1784578470492,1784578512008.0,1784578513152.5432,101.716,41516.0,1144.543,,42762.26
e-509,1784578470440.2695,1784578470492,1784578512009.0,1784578513152.5437,51.73,41517.0,1143.544,,42712.274
e-510,1784578470490.271,1784578470492,1784578512009.0,1784578513152.5444,1.729,41517.0,1143.544,,42662.273
e-511,1784578470540.274,1784578471542,1784578512009.0,1784578513152.545,1001.726,40467.0,1143.545,,42612.271
e-512,1784578470590.269,1784578471542,1784578512009.0,1784578513152.5457,951.731,40467.0,1143.546,,42562.277
e-513,1784578470640.2747,1784578471542,1784578512009.0,1784578513152.551,901.725,40467.0,1143.551,,42512.276
e-514,1784578470690.271,1784578471542,1784578512010.0,1784578513152.5518,851.729,40468.0,1142.552,,42462.281
e-515,1784578470740.273,1784578471542,1784578512010.0,1784578513152.5525,801.727,40468.0,1142.552,,42412.28
e-516,1784578470790.2646,1784578471542,1784578512010.0,1784578513152.5598,751.735,40468.0,1142.56,,42362.295
e-517,1784578470840.2654,1784578471542,1784578512010.0,1784578513152.5605,701.735,40468.0,1142.561,,42312.295
e-518,1784578470890.2576,1784578471542,1784578512011.0,1784578513152.5613,651.742,40469.0,1141.561,,42262.304
e-519,1784578470940.2703,1784578471542,1784578512011.0,1784578513152.5618,601.73,40469.0,1141.562,,42212.292
e-520,1784578470990.2678,1784578471542,1784578512011.0,1784578513152.5625,551.732,40469.0,1141.562,,42162.295
e-521,1784578471040.2734,1784578471542,1784578512011.0,1784578513152.5645,501.727,40469.0,1141.564,,42112.291
e-522,1784578471090.2722,1784578471542,1784578512012.0,1784578513152.5652,451.728,40470.0,1140.565,,42062.293
e-523,1784578471140.2722,1784578471542,1784578512012.0,1784578513152.6885,401.728,40470.0,1140.688,,42012.416
e-524,1784578471190.271,1784578471542,1784578512012.0,1784578513152.6897,351.729,40470.0,1140.69,,41962.419
e-525,1784578471240.3054,1784578471542,1784578512012.0,1784578513152.6904,301.695,40470.0,1140.69,,41912.385
e-526,1784578471290.269,1784578471542,1784578512012.0,1784578513152.6912,251.731,40470.0,1140.691,,41862.422
e-527,1784578471340.2705,1784578471542,1784578512013.0,1784578513152.692,201.729,40471.0,1139.692,,41812.421
e-528,1784578471390.2695,1784578471542,1784578512013.0,1784578513152.6926,151.73,40471.0,1139.693,,41762.423
e-529,1784578471440.275,1784578471542,1784578512013.0,1784578513152.693,101.725,40471.0,1139.693,,41712.418
e-530,1784578471490.2705,1784578471542,1784578512013.0,1784578513152.6938,51.729,40471.0,1139.694,,41662.423
e-531,1784578471540.2756,1784578471542,1784578512013.0,1784578513152.7012,1.724,40471.0,1139.701,,41612.426
e-532,1784578471590.2703,1784578472593,1784578512014.0,1784578513152.7017,1002.73,39421.0,1138.702,,41562.431
e-533,1784578471640.2722,1784578472593,1784578512014.0,1784578513152.7024,952.728,39421.0,1138.702,,41512.43
e-534,1784578471690.271,1784578472593,1784578512014.0,1784578513152.7031,902.729,39421.0,1138.703,,41462.432
e-535,1784578471740.266,1784578472593,1784578512014.0,1784578513152.7039,852.734,39421.0,1138.704,,41412.438
e-536,1784578471790.2693,1784578472593,1784578512014.0,1784578513152.7043,802.731,39421.0,1138.704,,41362.435
e-537,1784578471840.2698,1784578472593,1784578512014.0,1784578513152.7048,752.73,39421.0,1138.705,,41312.435
e-538,1784578471890.2659,1784578472593,1784578512015.0,1784578513152.7053,702.734,39422.0,1137.705,,41262.439
e-539,1784578471940.286,1784578472593,1784578512015.0,1784578513152.706,652.714,39422.0,1137.706,,41212.42
e-540,1784578471990.2808,1784578472593,1784578512015.0,1784578513152.7065,602.719,39422.0,1137.707,,41162.426
e-541,1784578472040.2703,1784578472593,1784578512015.0,1784578513152.707,552.73,39422.0,1137.707,,41112.437
e-542,1784578472090.2727,1784578472593,1784578512015.0,1784578513152.7078,502.727,39422.0,1137.708,,41062.435
e-543,1784578472140.273,1784578472593,1784578512016.0,1784578513152.7083,452.727,39423.0,1136.708,,41012.435
e-544,1784578472190.2761,1784578472593,1784578512016.0,1784578513152.709,402.724,39423.0,1136.709,,40962.433
e-545,1784578472240.275,1784578472593,1784578512016.0,1784578513152.8086,352.725,39423.0,1136.809,,40912.534
e-546,1784578472290.2676,1784578472593,1784578512016.0,1784578513152.81,302.732,39423.0,1136.81,,40862.542
e-547,1784578472340.2668,1784578472593,1784578512016.0,1784578513152.8108,252.733,39423.0,1136.811,,40812.544
e-548,1784578472390.2812,1784578472593,1784578512016.0,1784578513152.8115,202.719,39423.0,1136.812,,40762.53
e-549,1784578472440.284,1784578472593,1784578512017.0,1784578513152.8123,152.716,39424.0,1135.812,,40712.528
e-550,1784578472490.2688,1784578472593,1784578512017.0,1784578513152.813,102.731,39424.0,1135.813,,40662.544
e-551,1784578472540.2822,1784578472593,1784578512017.0,1784578513152.8137,52.718,39424.0,1135.814,,40612.531
e-552,1784578472590.2864,1784578472593,1784578512017.0,1784578513152.8145,2.714,39424.0,1135.814,,40562.528
e-553,1784578472640.2825,1784578473643,1784578512017.0,1784578513152.815,1002.718,38374.0,1135.815,,40512.532
e-554,1784578472690.2737,1784578473643,1784578512018.0,1784578513152.8157,952.726,38375.0,1134.816,,40462.542
e-555,1784578472740.2798,1784578473643,1784578512018.0,1784578513152.8164,902.72,38375.0,1134.816,,40412.537
e-556,1784578472790.2683,1784578473643,1784578512018.0,1784578513152.817,852.732,38375.0,1134.817,,40362.549
e-557,1784578472840.2788,1784578473643,1784578512018.0,1784578513152.8174,802.721,38375.0,1134.817,,40312.539
e-558,1784578472890.2756,1784578473643,1784578512018.0,1784578513152.818,752.724,38375.0,1134.818,,40262.542
e-559,1784578472940.2798,1784578473643,1784578512018.0,1784578513152.8188,702.72,38375.0,1134.819,,40212.539
e-560,1784578472990.2744,1784578473643,1784578512019.0,1784578513152.8762,652.726,38376.0,1133.876,,40162.602
e-561,1784578473040.2786,1784578473643,1784578512019.0,1784578513152.8777,602.721,38376.0,1133.878,,40112.599
e-562,1784578473090.2754,1784578473643,1784578512019.0,1784578513152.8784,552.725,38376.0,1133.878,,40062.603
e-563,1784578473140.272,1784578473643,1784578512019.0,1784578513152.8792,502.728,38376.0,1133.879,,40012.607
e-564,1784578473190.2734,1784578473643,1784578512019.0,1784578513152.88,452.727,38376.0,1133.88,,39962.606
e-565,1784578473240.274,1784578473643,1784578512019.0,1784578513152.8804,402.726,38376.0,1133.88,,39912.606
e-566,1784578473290.269,1784578473643,1784578512020.0,1784578513152.881,352.731,38377.0,1132.881,,39862.612
e-567,1784578473340.2722,1784578473643,1784578512020.0,1784578513152.8887,302.728,38377.0,1132.889,,39812.616
e-568,1784578473390.2727,1784578473643,1784578512020.0,1784578513152.8894,252.727,38377.0,1132.889,,39762.617
e-569,1784578473440.2773,1784578473643,1784578512020.0,1784578513152.8901,202.723,38377.0,1132.89,,39712.613
e-570,1784578473490.2705,1784578473643,1784578512021.0,1784578513152.9597,152.729,38378.0,1131.96,,39662.689
e-571,1784578473540.273,1784578473643,1784578512021.0,1784578513152.9607,102.727,38378.0,1131.961,,39612.688
e-572,1784578473590.2668,1784578473643,1784578512021.0,1784578513152.9614,52.733,38378.0,1131.961,,39562.695
e-573,1784578473640.293,1784578473643,1784578512021.0,1784578513152.9622,2.707,38378.0,1131.962,,39512.669
e-574,1784578473690.2734,1784578474692,1784578512021.0,1784578513152.963,1001.727,37329.0,1131.963,,39462.689
e-575,1784578473740.2766,1784578474692,1784578512021.0,1784578513152.9634,951.723,37329.0,1131.963,,39412.687
e-576,1784578473790.2708,1784578474692,1784578512022.0,1784578513152.964,901.729,37330.0,1130.964,,39362.693
e-577,1784578473840.2712,1784578474692,1784578512022.0,1784578513152.972,851.729,37330.0,1130.972,,39312.701
e-578,1784578473890.275,1784578474692,1784578512022.0,1784578513152.983,801.725,37330.0,1130.983,,39262.708
e-579,1784578473940.274,1784578474692,1784578512022.0,1784578513152.9944,751.726,37330.0,1130.994,,39212.72
e-580,1784578473990.2666,1784578474692,1784578512022.0,1784578513152.995,701.733,37330.0,1130.995,,39162.729
e-581,1784578474040.2776,1784578474692,1784578512023.0,1784578513152.9958,651.722,37331.0,1129.996,,39112.718
e-582,1784578474090.2727,1784578474692,1784578512023.0,1784578513152.9963,601.727,37331.0,1129.996,,39062.724
e-583,1784578474140.274,1784578474692,1784578512023.0,1784578513152.997,551.726,37331.0,1129.997,,39012.723
e-584,1784578474190.2715,1784578474692,1784578512024.0,1784578513152.9976,501.729,37332.0,1128.998,,38962.726
e-585,1784578474240.2766,1784578474692,1784578512024.0,1784578513152.9983,451.723,37332.0,1128.998,,38912.722
e-586,1784578474290.2693,1784578474692,1784578512024.0,1784578513152.999,401.731,37332.0,1128.999,,38862.73
e-587,1784578474340.269,1784578474692,1784578512024.0,1784578513153.0752,351.731,37332.0,1129.075,,38812.806
e-588,1784578474390.268,1784578474692,1784578512024.0,1784578513153.0764,301.732,37332.0,1129.076,,38762.808
e-589,1784578474440.2683,1784578474692,1784578512025.0,1784578513153.0771,251.732,37333.0,1128.077,,38712.809
e-590,1784578474490.2703,1784578474692,1784578512025.0,1784578513153.078,201.73,37333.0,1128.078,,38662.808
e-591,1784578474540.2686,1784578474692,1784578512025.0,1784578513153.0784,151.731,37333.0,1128.078,,38612.81
e-592,1784578474590.2659,1784578474692,1784578512025.0,1784578513153.079,101.734,37333.0,1128.079,,38562.813
e-593,1784578474640.275,1784578474692,1784578512025.0,1784578513153.1116,51.725,37333.0,1128.112,,38512.837
e-594,1784578474690.2979,1784578474692,1784578512025.0,1784578513153.1292,1.702,37333.0,1128.129,,38462.831
e-595,1784578474740.2773,1784578475742,1784578512025.0,1784578513153.13,1001.723,36283.0,1128.13,,38412.853
e-596,1784578474790.2712,1784578475742,1784578512025.0,1784578513153.1306,951.729,36283.0,1128.131,,38362.859
e-597,1784578474840.2717,1784578475742,1784578512026.0,1784578513153.1313,901.728,36284.0,1127.131,,38312.86
e-598,1784578474890.2637,1784578475742,1784578512026.0,1784578513153.1318,851.736,36284.0,1127.132,,38262.868
e-599,1784578474940.2732,1784578475742,1784578512026.0,1784578513153.1326,801.727,36284.0,1127.133,,38212.859
e-600,1784578474990.2773,1784578475742,1784578512026.0,1784578513153.133,751.723,36284.0,1127.133,,38162.856
e-601,1784578475040.2737,1784578475742,1784578512026.0,1784578513153.1338,701.726,36284.0,1127.134,,38112.86
e-602,1784578475090.272,1784578475742,1784578512026.0,1784578513153.1345,651.728,36284.0,1127.135,,38062.863
e-603,1784578475140.2722,1784578475742,1784578512026.0,1784578513153.135,601.728,36284.0,1127.135,,38012.863
e-604,1784578475190.2798,1784578475742,1784578512027.0,1784578513153.1423,551.72,36285.0,1126.142,,37962.863
e-605,1784578475240.2744,1784578475742,1784578512027.0,1784578513153.143,501.726,36285.0,1126.143,,37912.869
e-606,1784578475290.2695,1784578475742,1784578512027.0,1784578513153.1436,451.73,36285.0,1126.144,,37862.874
e-607,1784578475340.2725,1784578475742,1784578512027.0,1784578513153.1443,401.728,36285.0,1126.144,,37812.872
e-608,1784578475390.2686,1784578475742,1784578512027.0,1784578513153.196,351.731,36285.0,1126.196,,37762.927
e-609,1784578475440.2798,1784578475742,1784578512027.0,1784578513153.2036,301.72,36285.0,1126.204,,37712.924
e-610,1784578475490.2773,1784578475742,1784578512027.0,1784578513153.2043,251.723,36285.0,1126.204,,37662.927
e-611,1784578475540.273,1784578475742,1784578512027.0,1784578513153.2048,201.727,36285.0,1126.205,,37612.932
e-612,1784578475590.272,1784578475742,1784578512028.0,1784578513153.2056,151.728,36286.0,1125.206,,37562.934
e-613,1784578475640.2747,1784578475742,1784578512028.0,1784578513153.2063,101.725,36286.0,1125.206,,37512.932
e-614,1784578475690.2717,1784578475742,1784578512028.0,1784578513153.207,51.728,36286.0,1125.207,,37462.935
e-615,1784578475740.2666,1784578475742,1784578512028.0,1784578513153.2075,1.733,36286.0,1125.208,,37412.941
e-616,1784578475790.2725,1784578476792,1784578512028.0,1784578513153.2258,1001.728,35236.0,1125.226,,37362.953
e-617,1784578475840.2666,1784578476792,1784578512028.0,1784578513153.2266,951.733,35236.0,1125.227,,37312.96
e-618,1784578475890.2715,1784578476792,1784578512028.0,1784578513153.227,901.729,35236.0,1125.227,,37262.956
e-619,1784578475940.2712,1784578476792,1784578512028.0,1784578513153.2278,851.729,35236.0,1125.228,,37212.957
e-620,1784578475990.2734,1784578476792,1784578512029.0,1784578513153.303,801.727,35237.0,1124.303,,37163.03
e-621,1784578476040.2744,1784578476792,1784578512029.0,1784578513153.3042,751.726,35237.0,1124.304,,37113.03
e-622,1784578476090.272,1784578476792,1784578512029.0,1784578513153.3047,701.728,35237.0,1124.305,,37063.033
e-623,1784578476140.476,1784578476792,1784578512029.0,1784578513153.3054,651.524,35237.0,1124.305,,37012.829
e-624,1784578476190.286,1784578476792,1784578512029.0,1784578513153.3142,601.714,35237.0,1124.314,,36963.028
e-625,1784578476240.293,1784578476792,1784578512029.0,1784578513153.315,551.707,35237.0,1124.315,,36913.022
e-626,1784578476290.2803,1784578476792,1784578512029.0,1784578513153.322,501.72,35237.0,1124.322,,36863.042
e-627,1784578476340.2783,1784578476792,1784578512029.0,1784578513153.3228,451.722,35237.0,1124.323,,36813.044
e-628,1784578476390.2769,1784578476792,1784578512030.0,1784578513153.3347,401.723,35238.0,1123.335,,36763.058
e-629,1784578476440.2798,1784578476792,1784578512030.0,1784578513153.3354,351.72,35238.0,1123.335,,36713.056
e-630,1784578476490.272,1784578476792,1784578512030.0,1784578513153.342,301.728,35238.0,1123.342,,36663.07
e-631,1784578476540.273,1784578476792,1784578512030.0,1784578513153.343,251.727,35238.0,1123.343,,36613.07
e-632,1784578476590.2957,1784578476792,1784578512050.0,1784578513153.3435,201.704,35258.0,1103.344,,36563.048
e-633,1784578476640.276,1784578476792,1784578512050.0,1784578513153.3508,151.724,35258.0,1103.351,,36513.075
e-634,1784578476690.293,1784578476792,1784578512050.0,1784578513153.3516,101.707,35258.0,1103.352,,36463.059
e-635,1784578476740.2708,1784578476792,1784578512050.0,1784578513153.3523,51.729,35258.0,1103.352,,36413.082
e-636,1784578476790.2805,1784578476792,1784578512050.0,1784578513153.353,1.719,35258.0,1103.353,,36363.073
e-637,1784578476840.2756,1784578477842,1784578512050.0,1784578513153.3594,1001.724,34208.0,1103.359,,36313.084
e-638,1784578476890.2593,1784578477842,1784578512051.0,1784578513153.36,951.741,34209.0,1102.36,,36263.101
e-639,1784578476940.2732,1784578477842,1784578512051.0,1784578513153.4019,901.727,34209.0,1102.402,,36213.129
e-640,1784578476990.2764,1784578477842,1784578512051.0,1784578513153.403,851.724,34209.0,1102.403,,36163.127
e-641,1784578477040.2788,1784578477842,1784578512051.0,1784578513153.4036,801.721,34209.0,1102.404,,36113.125
e-642,1784578477090.262,1784578477842,1784578512051.0,1784578513153.4043,751.738,34209.0,1102.404,,36063.142
e-643,1784578477140.2788,1784578477842,1784578512051.0,1784578513153.4167,701.721,34209.0,1102.417,,36013.138
e-644,1784578477190.2722,1784578477842,1784578512052.0,1784578513153.4175,651.728,34210.0,1101.417,,35963.145
e-645,1784578477240.2778,1784578477842,1784578512052.0,1784578513153.424,601.722,34210.0,1101.424,,35913.146
e-646,1784578477290.264,1784578477842,1784578512052.0,1784578513153.4248,551.736,34210.0,1101.425,,35863.161
e-647,1784578477340.2676,1784578477842,1784578512052.0,1784578513153.4326,501.732,34210.0,1101.433,,35813.165
e-648,1784578477390.282,1784578477842,1784578512052.0,1784578513153.4336,451.718,34210.0,1101.434,,35763.152
e-649,1784578477440.2717,1784578477842,1784578512052.0,1784578513153.4802,401.728,34210.0,1101.48,,35713.208
e-650,1784578477490.2756,1784578477842,1784578512052.0,1784578513153.4812,351.724,34210.0,1101.481,,35663.206
e-651,1784578477540.273,1784578477842,1784578512052.0,1784578513153.482,301.727,34210.0,1101.482,,35613.209
e-652,1784578477590.2803,1784578477842,1784578512053.0,1784578513153.4885,251.72,34211.0,1100.489,,35563.208
e-653,1784578477640.2751,1784578477842,1784578512053.0,1784578513153.4893,201.725,34211.0,1100.489,,35513.214
e-654,1784578477690.2856,1784578477842,1784578512053.0,1784578513153.49,151.714,34211.0,1100.49,,35463.204
e-655,1784578477740.2732,1784578477842,1784578512053.0,1784578513153.4907,101.727,34211.0,1100.491,,35413.218
e-656,1784578477790.2717,1784578477842,1784578512053.0,1784578513153.642,51.728,34211.0,1100.642,,35363.37
e-657,1784578477840.2737,1784578477842,1784578512053.0,1784578513153.6448,1.726,34211.0,1100.645,,35313.371
e-658,1784578477890.2712,1784578478892,1784578512053.0,1784578513153.6453,1001.729,33161.0,1100.645,,35263.374
e-659,1784578477940.2773,1784578478892,1784578512054.0,1784578513153.6458,951.723,33162.0,1099.646,,35213.368
e-660,1784578477990.271,1784578478892,1784578512054.0,1784578513153.6462,901.729,33162.0,1099.646,,35163.375
e-661,1784578478040.276,1784578478892,1784578512054.0,1784578513153.6467,851.724,33162.0,1099.647,,35113.371
e-662,1784578478090.2737,1784578478892,1784578512054.0,1784578513153.6472,801.726,33162.0,1099.647,,35063.374
e-663,1784578478140.2778,1784578478892,1784578512054.0,1784578513153.6477,751.722,33162.0,1099.648,,35013.37
e-664,1784578478190.275,1784578478892,1784578512054.0,1784578513153.6482,701.725,33162.0,1099.648,,34963.373
e-665,1784578478240.2708,1784578478892,1784578512054.0,1784578513153.6487,651.729,33162.0,1099.649,,34913.378
e-666,1784578478290.2793,1784578478892,1784578512055.0,1784578513153.6624,601.721,33163.0,1098.662,,34863.383
e-667,1784578478340.2708,1784578478892,1784578512055.0,1784578513153.663,551.729,33163.0,1098.663,,34813.392
e-668,1784578478390.266,1784578478892,1784578512055.0,1784578513153.6633,501.734,33163.0,1098.663,,34763.397
e-669,1784578478440.2815,1784578478892,1784578512055.0,1784578513153.6638,451.719,33163.0,1098.664,,34713.382
e-670,1784578478490.268,1784578478892,1784578512055.0,1784578513153.6646,401.732,33163.0,1098.665,,34663.396
e-671,1784578478540.2722,1784578478892,1784578512055.0,1784578513153.6648,351.728,33163.0,1098.665,,34613.393
e-672,1784578478590.2717,1784578478892,1784578512055.0,1784578513153.6653,301.728,33163.0,1098.665,,34563.394
e-673,1784578478640.2712,1784578478892,1784578512056.0,1784578513153.6787,251.729,33164.0,1097.679,,34513.407
e-674,1784578478690.2751,1784578478892,1784578512056.0,1784578513153.6792,201.725,33164.0,1097.679,,34463.404
e-675,1784578478740.2722,1784578478892,1784578512056.0,1784578513153.6797,151.728,33164.0,1097.68,,34413.407
e-676,1784578478790.2673,1784578478892,1784578512056.0,1784578513153.6802,101.733,33164.0,1097.68,,34363.413
e-677,1784578478840.26,1784578478892,1784578512056.0,1784578513153.6807,51.74,33164.0,1097.681,,34313.421
e-678,1784578478890.2676,1784578478892,1784578512056.0,1784578513153.681,1.732,33164.0,1097.681,,34263.413
e-679,1784578478940.2747,1784578479942,1784578512056.0,1784578513153.6814,1001.725,32114.0,1097.681,,34213.407
e-680,1784578478990.273,1784578479942,1784578512057.0,1784578513153.7395,951.727,32115.0,1096.74,,34163.467
e-681,1784578479040.274,1784578479942,1784578512057.0,1784578513153.74,901.726,32115.0,1096.74,,34113.466
e-682,1784578479090.271,1784578479942,1784578512057.0,1784578513153.7405,851.729,32115.0,1096.74,,34063.469
e-683,1784578479140.2698,1784578479942,1784578512057.0,1784578513153.741,801.73,32115.0,1096.741,,34013.471
e-684,1784578479190.2715,1784578479942,1784578512057.0,1784578513153.7412,751.729,32115.0,1096.741,,33963.47
e-685,1784578479240.2698,1784578479942,1784578512057.0,1784578513153.7417,701.73,32115.0,1096.742,,33913.472
e-686,1784578479290.27,1784578479942,1784578512057.0,1784578513153.7422,651.73,32115.0,1096.742,,33863.472
e-687,1784578479340.2695,1784578479942,1784578512057.0,1784578513153.7427,601.73,32115.0,1096.743,,33813.473
e-688,1784578479390.267,1784578479942,1784578512057.0,1784578513153.7432,551.733,32115.0,1096.743,,33763.476
e-689,1784578479440.2798,1784578479942,1784578512058.0,1784578513153.8752,501.72,32116.0,1095.875,,33713.595
e-690,1784578479490.2744,1784578479942,1784578512058.0,1784578513153.877,451.726,32116.0,1095.877,,33663.603
e-691,1784578479540.277,1784578479942,1784578512058.0,1784578513153.878,401.723,32116.0,1095.878,,33613.601
e-692,1784578479590.2786,1784578479942,1784578512058.0,1784578513153.879,351.721,32116.0,1095.879,,33563.6
e-693,1784578479640.2698,1784578479942,1784578512058.0,1784578513153.8796,301.73,32116.0,1095.88,,33513.61
e-694,1784578479690.2695,1784578479942,1784578512058.0,1784578513153.8906,251.73,32116.0,1095.891,,33463.621
e-695,1784578479740.2727,1784578479942,1784578512058.0,1784578513153.8918,201.727,32116.0,1095.892,,33413.619
e-696,1784578479790.274,1784578479942,1784578512058.0,1784578513153.8926,151.726,32116.0,1095.893,,33363.619
e-697,1784578479840.2712,1784578479942,1784578512059.0,1784578513153.8933,101.729,32117.0,1094.893,,33313.622
e-698,1784578479890.2727,1784578479942,1784578512059.0,1784578513153.8943,51.727,32117.0,1094.894,,33263.622
e-699,1784578479940.265,1784578479942,1784578512059.0,1784578513153.8953,1.735,32117.0,1094.895,,33213.63
e-700,1784578479990.2444,1784578480992,1784578512059.0,1784578513153.896,1001.756,31067.0,1094.896,,33163.652
e-701,1784578480040.286,1784578480992,1784578512059.0,1784578513153.8967,951.714,31067.0,1094.897,,33113.611
e-702,1784578480090.2727,1784578480992,1784578512059.0,1784578513153.902,901.727,31067.0,1094.902,,33063.629
e-703,1784578480140.268,1784578480992,1784578512060.0,1784578513153.9204,851.732,31068.0,1093.92,,33013.652
e-704,1784578480190.2722,1784578480992,1784578512060.0,1784578513153.9214,801.728,31068.0,1093.921,,32963.649
e-705,1784578480240.273,1784578480992,1784578512060.0,1784578513153.922,751.727,31068.0,1093.922,,32913.649
e-706,1784578480290.246,1784578480992,1784578512060.0,1784578513153.9229,701.754,31068.0,1093.923,,32863.677
e-707,1784578480340.2754,1784578480992,1784578512060.0,1784578513153.9238,651.725,31068.0,1093.924,,32813.648
e-708,1784578480390.2654,1784578480992,1784578512060.0,1784578513153.9246,601.735,31068.0,1093.925,,32763.659
e-709,1784578480440.2693,1784578480992,1784578512060.0,1784578513153.9321,551.731,31068.0,1093.932,,32713.663
e-710,1784578480490.2722,1784578480992,1784578512061.0,1784578513153.9329,501.728,31069.0,1092.933,,32663.661
e-711,1784578480540.264,1784578480992,1784578512061.0,1784578513153.9336,451.736,31069.0,1092.934,,32613.67
e-712,1784578480590.2888,1784578480992,1784578512061.0,1784578513153.934,401.711,31069.0,1092.934,,32563.645
e-713,1784578480640.2578,1784578480992,1784578512061.0,1784578513153.9348,351.742,31069.0,1092.935,,32513.677
e-714,1784578480690.293,1784578480992,1784578512061.0,1784578513153.9353,301.707,31069.0,1092.935,,32463.642
e-715,1784578480740.2705,1784578480992,1784578512061.0,1784578513153.9646,251.729,31069.0,1092.965,,32413.694
e-716,1784578480790.272,1784578480992,1784578512061.0,1784578513154.016,201.728,31069.0,1093.016,,32363.744
e-717,1784578480840.2761,1784578480992,1784578512061.0,1784578513154.0178,151.724,31069.0,1093.018,,32313.742
e-718,1784578480890.2756,1784578480992,1784578512062.0,1784578513154.0186,101.724,31070.0,1092.019,,32263.743
e-719,1784578480940.2747,1784578480992,1784578512062.0,1784578513154.0193,51.725,31070.0,1092.019,,32213.745
e-720,1784578480990.2844,1784578480992,1784578512062.0,1784578513154.02,1.716,31070.0,1092.02,,32163.736
e-721,1784578481040.277,1784578482042,1784578512062.0,1784578513154.041,1001.723,30020.0,1092.041,,32113.764
e-722,1784578481090.2805,1784578482042,1784578512062.0,1784578513154.13,951.719,30020.0,1092.13,,32063.849
e-723,1784578481140.2764,1784578482042,1784578512062.0,1784578513154.1313,901.724,30020.0,1092.131,,32013.855
e-724,1784578481190.2693,1784578482042,1784578512062.0,1784578513154.132,851.731,30020.0,1092.132,,31963.863
e-725,1784578481240.271,1784578482042,1784578512062.0,1784578513154.1326,801.729,30020.0,1092.133,,31913.862
e-726,1784578481290.2712,1784578482042,1784578512062.0,1784578513154.1333,751.729,30020.0,1092.133,,31863.862
e-727,1784578481340.263,1784578482042,1784578512063.0,1784578513154.134,701.737,30021.0,1091.134,,31813.871
e-728,1784578481390.2695,1784578482042,1784578512063.0,1784578513154.1345,651.73,30021.0,1091.135,,31763.865
e-729,1784578481440.2727,1784578482042,1784578512063.0,1784578513154.1353,601.727,30021.0,1091.135,,31713.863
e-730,1784578481490.274,1784578482042,1784578512063.0,1784578513154.1357,551.726,30021.0,1091.136,,31663.862
e-731,1784578481540.2644,1784578482042,1784578512063.0,1784578513154.1367,501.736,30021.0,1091.137,,31613.872
e-732,1784578481590.2722,1784578482042,1784578512063.0,1784578513154.1372,451.728,30021.0,1091.137,,31563.865
e-733,1784578481640.2686,1784578482042,1784578512063.0,1784578513154.138,401.731,30021.0,1091.138,,31513.869
e-734,1784578481690.275,1784578482042,1784578512063.0,1784578513154.1384,351.725,30021.0,1091.138,,31463.864
e-735,1784578481740.2773,1784578482042,1784578512063.0,1784578513154.1392,301.723,30021.0,1091.139,,31413.862
e-736,1784578481790.2817,1784578482042,1784578512064.0,1784578513154.1602,251.718,30022.0,1090.16,,31363.878
e-737,1784578481840.2854,1784578482042,1784578512064.0,1784578513154.1611,201.715,30022.0,1090.161,,31313.876
e-738,1784578481890.2783,1784578482042,1784578512064.0,1784578513154.1619,151.722,30022.0,1090.162,,31263.884
e-739,1784578481940.2432,1784578482042,1784578512064.0,1784578513154.1628,101.757,30022.0,1090.163,,31213.92
e-740,1784578481990.2727,1784578482042,1784578512064.0,1784578513154.1636,51.727,30022.0,1090.164,,31163.891
e-741,1784578482040.2693,1784578482042,1784578512064.0,1784578513154.164,1.731,30022.0,1090.164,,31113.895
e-742,1784578482090.2717,1784578483092,1784578512064.0,1784578513154.1648,1001.728,28972.0,1090.165,,31063.893
e-743,1784578482140.2695,1784578483092,1784578512064.0,1784578513154.1653,951.73,28972.0,1090.165,,31013.896
e-744,1784578482190.2708,1784578483092,1784578512064.0,1784578513154.166,901.729,28972.0,1090.166,,30963.895
e-745,1784578482240.2708,1784578483092,1784578512065.0,1784578513154.1667,851.729,28973.0,1089.167,,30913.896
e-746,1784578482290.2683,1784578483092,1784578512065.0,1784578513154.2012,801.732,28973.0,1089.201,,30863.933
e-747,1784578482340.2627,1784578483092,1784578512065.0,1784578513154.2021,751.737,28973.0,1089.202,,30813.939
e-748,1784578482390.2627,1784578483092,1784578512065.0,1784578513154.2026,701.737,28973.0,1089.203,,30763.94
e-749,1784578482440.2732,1784578483092,1784578512065.0,1784578513154.2034,651.727,28973.0,1089.203,,30713.93
e-750,1784578482490.2734,1784578483092,1784578512065.0,1784578513154.2039,601.727,28973.0,1089.204,,30663.93
e-751,1784578482540.2686,1784578483092,1784578512065.0,1784578513154.2046,551.731,28973.0,1089.205,,30613.936
e-752,1784578482590.2715,1784578483092,1784578512065.0,1784578513154.2117,501.729,28973.0,1089.212,,30563.94
e-753,1784578482640.2666,1784578483092,1784578512066.0,1784578513154.2124,451.733,28974.0,1088.212,,30513.946
e-754,1784578482690.292,1784578483092,1784578512066.0,1784578513154.2637,401.708,28974.0,1088.264,,30463.972
e-755,1784578482740.2764,1784578483092,1784578512066.0,1784578513154.2646,351.724,28974.0,1088.265,,30413.988
e-756,1784578482790.2952,1784578483092,1784578512066.0,1784578513154.2654,301.705,28974.0,1088.265,,30363.97
e-757,1784578482840.2817,1784578483092,1784578512066.0,1784578513154.2659,251.718,28974.0,1088.266,,30313.984
e-758,1784578482890.2747,1784578483092,1784578512066.0,1784578513154.2734,201.725,28974.0,1088.273,,30263.999
e-759,1784578482940.2783,1784578483092,1784578512066.0,1784578513154.274,151.722,28974.0,1088.274,,30213.996
e-760,1784578482990.2827,1784578483092,1784578512066.0,1784578513154.2744,101.717,28974.0,1088.274,,30163.992
e-761,1784578483040.278,1784578483092,1784578512066.0,1784578513154.2898,51.722,28974.0,1088.29,,30114.012
e-762,1784578483090.2842,1784578483092,1784578512067.0,1784578513154.2908,1.716,28975.0,1087.291,,30064.007
e-763,1784578483140.284,1784578484142,1784578512067.0,1784578513154.2913,1001.716,27925.0,1087.291,,30014.007
e-764,1784578483190.427,1784578484142,1784578512067.0,1784578513154.292,951.573,27925.0,1087.292,,29963.865
e-765,1784578483240.2925,1784578484142,1784578512067.0,1784578513154.2927,901.708,27925.0,1087.293,,29914.0
e-766,1784578483290.276,1784578484142,1784578512067.0,1784578513154.3086,851.724,27925.0,1087.309,,29864.033
e-767,1784578483340.273,1784578484142,1784578512067.0,1784578513154.3093,801.727,27925.0,1087.309,,29814.036
e-768,1784578483390.2756,1784578484142,1784578512067.0,1784578513154.3157,751.724,27925.0,1087.316,,29764.04
e-769,1784578483440.2715,1784578484142,1784578512067.0,1784578513154.3235,701.729,27925.0,1087.323,,29714.052
e-770,1784578483490.2688,1784578484142,1784578512067.0,1784578513154.324,651.731,27925.0,1087.324,,29664.055
e-771,1784578483540.28,1784578484142,1784578512068.0,1784578513154.3306,601.72,27926.0,1086.331,,29614.051
e-772,1784578483590.2612,1784578484142,1784578512068.0,1784578513154.3787,551.739,27926.0,1086.379,,29564.117
e-773,1784578483640.2717,1784578484142,1784578512068.0,1784578513154.4126,501.728,27926.0,1086.413,,29514.141
e-774,1784578483690.2935,1784578484142,1784578512068.0,1784578513154.4136,451.707,27926.0,1086.414,,29464.12
e-775,1784578483740.2783,1784578484142,1784578512068.0,1784578513154.4143,401.722,27926.0,1086.414,,29414.136
e-776,1784578483790.2756,1784578484142,1784578512068.0,1784578513154.415,351.724,27926.0,1086.415,,29364.139
e-777,1784578483840.267,1784578484142,1784578512068.0,1784578513154.4158,301.733,27926.0,1086.416,,29314.149
e-778,1784578483890.2708,1784578484142,1784578512068.0,1784578513154.4165,251.729,27926.0,1086.417,,29264.146
e-779,1784578483940.2751,1784578484142,1784578512069.0,1784578513154.4265,201.725,27927.0,1085.427,,29214.151
e-780,1784578483990.2717,1784578484142,1784578512069.0,1784578513154.4275,151.728,27927.0,1085.427,,29164.156
e-781,1784578484040.2622,1784578484142,1784578512069.0,1784578513154.4353,101.738,27927.0,1085.435,,29114.173
e-782,1784578484090.2893,1784578484142,1784578512069.0,1784578513154.436,51.711,27927.0,1085.436,,29064.147
e-783,1784578484140.2915,1784578484142,1784578512069.0,1784578513154.4368,1.708,27927.0,1085.437,,29014.145
e-784,1784578484190.2732,1784578485192,1784578512069.0,1784578513154.4375,1001.727,26877.0,1085.438,,28964.164
e-785,1784578484240.27,1784578485192,1784578512069.0,1784578513154.4443,951.73,26877.0,1085.444,,28914.174
e-786,1784578484290.2725,1784578485192,1784578512069.0,1784578513154.4497,901.728,26877.0,1085.45,,28864.177
e-787,1784578484340.2622,1784578485192,1784578512069.0,1784578513154.4504,851.738,26877.0,1085.45,,28814.188
e-788,1784578484390.2686,1784578485192,1784578512070.0,1784578513154.4832,801.731,26878.0,1084.483,,28764.215
e-789,1784578484440.275,1784578485192,1784578512070.0,1784578513154.484,751.725,26878.0,1084.484,,28714.209
e-790,1784578484490.271,1784578485192,1784578512070.0,1784578513154.4846,701.729,26878.0,1084.485,,28664.214
e-791,1784578484540.273,1784578485192,1784578512070.0,1784578513154.4915,651.727,26878.0,1084.491,,28614.219
e-792,1784578484590.275,1784578485192,1784578512070.0,1784578513154.4922,601.725,26878.0,1084.492,,28564.217
e-793,1784578484640.2754,1784578485192,1784578512070.0,1784578513154.4927,551.725,26878.0,1084.493,,28514.217
e-794,1784578484690.271,1784578485192,1784578512070.0,1784578513154.5574,501.729,26878.0,1084.557,,28464.286
e-795,1784578484740.2725,1784578485192,1784578512070.0,1784578513154.5588,451.728,26878.0,1084.559,,28414.286
e-796,1784578484790.271,1784578485192,1784578512071.0,1784578513154.5596,401.729,26879.0,1083.56,,28364.289
e-797,1784578484840.2686,1784578485192,1784578512071.0,1784578513154.56,351.731,26879.0,1083.56,,28314.292
e-798,1784578484890.2722,1784578485192,1784578512071.0,1784578513154.7183,301.728,26879.0,1083.718,,28264.446
e-799,1784578484940.274,1784578485192,1784578512071.0,1784578513154.7197,251.726,26879.0,1083.72,,28214.446
e-800,1784578484990.2742,1784578485192,1784578512071.0,1784578513154.7258,201.726,26879.0,1083.726,,28164.452
e-801,1784578485040.2722,1784578485192,1784578512071.0,1784578513154.7266,151.728,26879.0,1083.727,,28114.454
e-802,1784578485090.2722,1784578485192,1784578512071.0,1784578513154.7273,101.728,26879.0,1083.727,,28064.455
e-803,1784578485140.2664,1784578485192,1784578512071.0,1784578513154.7278,51.734,26879.0,1083.728,,28014.461
e-804,1784578485190.276,1784578485192,1784578512072.0,1784578513154.7285,1.724,26880.0,1082.729,,27964.453
e-805,1784578485240.2747,1784578486242,1784578512072.0,1784578513154.729,1001.725,25830.0,1082.729,,27914.454
e-806,1784578485290.2766,1784578486242,1784578512072.0,1784578513154.7297,951.723,25830.0,1082.73,,27864.453
e-807,1784578485340.2588,1784578486242,1784578512072.0,1784578513154.7305,901.741,25830.0,1082.73,,27814.472
e-808,1784578485390.2705,1784578486242,1784578512072.0,1784578513154.7312,851.729,25830.0,1082.731,,27764.461
e-809,1784578485440.2737,1784578486242,1784578512072.0,1784578513154.7317,801.726,25830.0,1082.732,,27714.458
e-810,1784578485490.2776,1784578486242,1784578512072.0,1784578513154.7322,751.722,25830.0,1082.732,,27664.455
e-811,1784578485540.2659,1784578486242,1784578512072.0,1784578513154.733,701.734,25830.0,1082.733,,27614.467
e-812,1784578485590.274,1784578486242,1784578512072.0,1784578513154.7334,651.726,25830.0,1082.733,,27564.459
e-813,1784578485640.2622,1784578486242,1784578512072.0,1784578513154.7341,601.738,25830.0,1082.734,,27514.472
e-814,1784578485690.2686,1784578486242,1784578512072.0,1784578513154.7993,551.731,25830.0,1082.799,,27464.531
e-815,1784578485740.2712,1784578486242,1784578512073.0,1784578513154.8003,501.729,25831.0,1081.8,,27414.529
e-816,1784578485790.27,1784578486242,1784578512073.0,1784578513154.801,451.73,25831.0,1081.801,,27364.531
e-817,1784578485840.2722,1784578486242,1784578512073.0,1784578513154.8018,401.728,25831.0,1081.802,,27314.53
e-818,1784578485890.2737,1784578486242,1784578512073.0,1784578513154.8025,351.726,25831.0,1081.802,,27264.529
e-819,1784578485940.2778,1784578486242,1784578512073.0,1784578513154.803,301.722,25831.0,1081.803,,27214.525
e-820,1784578485990.2722,1784578486242,1784578512073.0,1784578513154.8037,251.728,25831.0,1081.804,,27164.531
e-821,1784578486040.229,1784578486242,1784578512073.0,1784578513154.8044,201.771,25831.0,1081.804,,27114.575
e-822,1784578486090.264,1784578486242,1784578512073.0,1784578513154.8115,151.736,25831.0,1081.812,,27064.548
e-823,1784578486140.2375,1784578486242,1784578512073.0,1784578513154.8123,101.762,25831.0,1081.812,,27014.575
e-824,1784578486190.2715,1784578486242,1784578512074.0,1784578513154.813,51.729,25832.0,1080.813,,26964.542
e-825,1784578486240.2405,1784578486242,1784578512074.0,1784578513154.8137,1.76,25832.0,1080.814,,26914.573
e-826,1784578486290.272,1784578487292,1784578512074.0,1784578513154.8142,1001.728,24782.0,1080.814,,26864.542
e-827,1784578486340.2703,1784578487292,1784578512074.0,1784578513154.8235,951.73,24782.0,1080.823,,26814.553
e-828,1784578486390.267,1784578487292,1784578512074.0,1784578513154.8242,901.733,24782.0,1080.824,,26764.557
e-829,1784578486440.2747,1784578487292,1784578512074.0,1784578513154.8247,851.725,24782.0,1080.825,,26714.55
e-830,1784578486490.3145,1784578487292,1784578512074.0,1784578513154.8254,801.686,24782.0,1080.825,,26664.511
e-831,1784578486540.2678,1784578487292,1784578512074.0,1784578513154.8262,751.732,24782.0,1080.826,,26614.558
e-832,1784578486590.27,1784578487292,1784578512074.0,1784578513154.8594,701.73,24782.0,1080.859,,26564.589
e-833,1784578486640.261,1784578487292,1784578512075.0,1784578513154.86,651.739,24783.0,1079.86,,26514.599
e-834,1784578486690.2532,1784578487292,1784578512075.0,1784578513154.8608,601.747,24783.0,1079.861,,26464.608
e-835,1784578486740.262,1784578487292,1784578512075.0,1784578513154.8616,551.738,24783.0,1079.862,,26414.6
e-836,1784578486790.2734,1784578487292,1784578512075.0,1784578513154.873,501.727,24783.0,1079.873,,26364.6
e-837,1784578486840.2625,1784578487292,1784578512075.0,1784578513154.8738,451.738,24783.0,1079.874,,26314.611
e-838,1784578486890.2812,1784578487292,1784578512075.0,1784578513154.8745,401.719,24783.0,1079.875,,26264.593
e-839,1784578486940.2903,1784578487292,1784578512075.0,1784578513154.8809,351.71,24783.0,1079.881,,26214.591
e-840,1784578486990.2896,1784578487292,1784578512075.0,1784578513154.9143,301.71,24783.0,1079.914,,26164.625
e-841,1784578487040.2908,1784578487292,1784578512075.0,1784578513154.9153,251.709,24783.0,1079.915,,26114.625
e-842,1784578487090.2886,1784578487292,1784578512075.0,1784578513154.9219,201.711,24783.0,1079.922,,26064.633
e-843,1784578487140.2847,1784578487292,1784578512075.0,1784578513154.9282,151.715,24783.0,1079.928,,26014.644
e-844,1784578487190.2727,1784578487292,1784578512075.0,1784578513154.929,101.727,24783.0,1079.929,,25964.656
e-845,1784578487240.277,1784578487292,1784578512076.0,1784578513154.9348,51.723,24784.0,1078.935,,25914.658
e-846,1784578487290.2717,1784578487292,1784578512076.0,1784578513154.9355,1.728,24784.0,1078.936,,25864.664
e-847,1784578487340.2607,1784578488342,1784578512076.0,1784578513154.9363,1001.739,23734.0,1078.936,,25814.676
e-848,1784578487390.289,1784578488342,1784578512076.0,1784578513154.967,951.711,23734.0,1078.967,,25764.678
e-849,1784578487440.2878,1784578488342,1784578512076.0,1784578513154.968,901.712,23734.0,1078.968,,25714.68
e-850,1784578487490.2747,1784578488342,1784578512076.0,1784578513154.9746,851.725,23734.0,1078.975,,25664.7
e-851,1784578487540.271,1784578488342,1784578512076.0,1784578513154.9753,801.729,23734.0,1078.975,,25614.704
e-852,1784578487590.2795,1784578488342,1784578512076.0,1784578513154.9758,751.72,23734.0,1078.976,,25564.696
e-853,1784578487640.2786,1784578488342,1784578512076.0,1784578513154.9824,701.721,23734.0,1078.982,,25514.704
e-854,1784578487690.2786,1784578488342,1784578512076.0,1784578513154.9832,651.721,23734.0,1078.983,,25464.705
e-855,1784578487740.2898,1784578488342,1784578512077.0,1784578513154.984,601.71,23735.0,1077.984,,25414.694
e-856,1784578487790.2896,1784578488342,1784578512077.0,1784578513155.0059,551.71,23735.0,1078.006,,25364.716
e-857,1784578487840.2795,1784578488342,1784578512077.0,1784578513155.0066,501.72,23735.0,1078.007,,25314.727
e-858,1784578487890.2847,1784578488342,1784578512077.0,1784578513155.007,451.715,23735.0,1078.007,,25264.722
e-859,1784578487940.2937,1784578488342,1784578512077.0,1784578513155.0076,401.706,23735.0,1078.008,,25214.714
e-860,1784578487990.2734,1784578488342,1784578512077.0,1784578513155.008,351.727,23735.0,1078.008,,25164.735
e-861,1784578488040.2712,1784578488342,1784578512077.0,1784578513155.0276,301.729,23735.0,1078.028,,25114.756
e-862,1784578488090.273,1784578488342,1784578512077.0,1784578513155.0283,251.727,23735.0,1078.028,,25064.755
e-863,1784578488140.2866,1784578488342,1784578512077.0,1784578513155.029,201.713,23735.0,1078.029,,25014.742
e-864,1784578488190.2922,1784578488342,1784578512077.0,1784578513155.1194,151.708,23735.0,1078.119,,24964.827
e-865,1784578488240.2725,1784578488342,1784578512077.0,1784578513155.121,101.728,23735.0,1078.121,,24914.849
e-866,1784578488290.2732,1784578488342,1784578512077.0,1784578513155.1218,51.727,23735.0,1078.122,,24864.849
e-867,1784578488340.2708,1784578488342,1784578512078.0,1784578513155.1223,1.729,23736.0,1077.122,,24814.852
e-868,1784578488390.272,1784578489392,1784578512078.0,1784578513155.123,1001.728,22686.0,1077.123,,24764.851
e-869,1784578488440.2756,1784578489392,1784578512078.0,1784578513155.1235,951.724,22686.0,1077.124,,24714.848
e-870,1784578488490.2676,1784578489392,1784578512078.0,1784578513155.124,901.732,22686.0,1077.124,,24664.856
e-871,1784578488540.2637,1784578489392,1784578512078.0,1784578513155.743,851.736,22686.0,1077.743,,24615.479
e-872,1784578488590.275,1784578489392,1784578512078.0,1784578513155.7454,801.725,22686.0,1077.745,,24565.47
e-873,1784578488640.2676,1784578489392,1784578512078.0,1784578513155.7466,751.732,22686.0,1077.747,,24515.479
e-874,1784578488690.2769,1784578489392,1784578512078.0,1784578513155.7476,701.723,22686.0,1077.748,,24465.471
e-875,1784578488740.2705,1784578489392,1784578512078.0,1784578513155.7485,651.729,22686.0,1077.749,,24415.478
e-876,1784578488790.2932,1784578489392,1784578512078.0,1784578513155.7493,601.707,22686.0,1077.749,,24365.456
e-877,1784578488840.2803,1784578489392,1784578512078.0,1784578513155.75,551.72,22686.0,1077.75,,24315.47
e-878,1784578488890.26,1784578489392,1784578512078.0,1784578513155.7507,501.74,22686.0,1077.751,,24265.491
e-879,1784578488940.2908,1784578489392,1784578512079.0,1784578513155.7517,451.709,22687.0,1076.752,,24215.461
e-880,1784578488990.2734,1784578489392,1784578512079.0,1784578513155.7522,401.727,22687.0,1076.752,,24165.479
e-881,1784578489040.2852,1784578489392,1784578512079.0,1784578513155.7524,351.715,22687.0,1076.752,,24115.467
e-882,1784578489090.2676,1784578489392,1784578512079.0,1784578513155.753,301.732,22687.0,1076.753,,24065.485
e-883,1784578489140.2717,1784578489392,1784578512079.0,1784578513155.7534,251.728,22687.0,1076.753,,24015.482
e-884,1784578489192.7205,1784578489392,1784578512079.0,1784578513155.754,199.28,22687.0,1076.754,,23963.033
e-885,1784578489240.2747,1784578489392,1784578512079.0,1784578513155.7588,151.725,22687.0,1076.759,,23915.484
e-886,1784578489290.2754,1784578489392,1784578512079.0,1784578513155.759,101.725,22687.0,1076.759,,23865.484
e-887,1784578489340.2705,1784578489392,1784578512079.0,1784578513155.7595,51.729,22687.0,1076.76,,23815.489
e-888,1784578489390.2756,1784578489392,1784578512079.0,1784578513155.76,1.724,22687.0,1076.76,,23765.484
e-889,1784578489440.2708,1784578490443,1784578512079.0,1784578513155.7605,1002.729,21636.0,1076.76,,23715.49
e-890,1784578489490.2754,1784578490443,1784578512080.0,1784578513155.761,952.725,21637.0,1075.761,,23665.486
e-891,1784578489540.492,1784578490443,1784578512080.0,1784578513155.7612,902.508,21637.0,1075.761,,23615.269
e-892,1784578489590.2766,1784578490443,1784578512080.0,1784578513155.7617,852.723,21637.0,1075.762,,23565.485
e-893,1784578489640.2812,1784578490443,1784578512080.0,1784578513155.7622,802.719,21637.0,1075.762,,23515.481
e-894,1784578489690.2708,1784578490443,1784578512080.0,1784578513155.7627,752.729,21637.0,1075.763,,23465.492
e-895,1784578489740.2751,1784578490443,1784578512080.0,1784578513155.7727,702.725,21637.0,1075.773,,23415.498
e-896,1784578489790.2722,1784578490443,1784578512080.0,1784578513155.7732,652.728,21637.0,1075.773,,23365.501
e-897,1784578489840.266,1784578490443,1784578512080.0,1784578513155.7734,602.734,21637.0,1075.773,,23315.507
e-898,1784578489890.267,1784578490443,1784578512080.0,1784578513155.774,552.733,21637.0,1075.774,,23265.507
e-899,1784578489940.276,1784578490443,1784578512080.0,1784578513155.7744,502.724,21637.0,1075.774,,23215.499
e-900,1784578489990.2712,1784578490443,1784578512080.0,1784578513155.7747,452.729,21637.0,1075.775,,23165.503
e-901,1784578490040.476,1784578490443,1784578512081.0,1784578513155.7751,402.524,21638.0,1074.775,,23115.299
e-902,1784578490090.2715,1784578490443,1784578512081.0,1784578513155.7756,352.729,21638.0,1074.776,,23065.504
e-903,1784578490140.286,1784578490443,1784578512081.0,1784578513155.7761,302.714,21638.0,1074.776,,23015.49
e-904,1784578490190.2693,1784578490443,1784578512081.0,1784578513155.7764,252.731,21638.0,1074.776,,22965.507
e-905,1784578490240.276,1784578490443,1784578512081.0,1784578513155.7769,202.724,21638.0,1074.777,,22915.501
e-906,1784578490290.2705,1784578490443,1784578512081.0,1784578513155.7773,152.729,21638.0,1074.777,,22865.507
e-907,1784578490340.409,1784578490443,1784578512081.0,1784578513155.7817,102.591,21638.0,1074.782,,22815.373
e-908,1784578490390.3254,1784578490443,1784578512081.0,1784578513155.7822,52.675,21638.0,1074.782,,22765.457
e-909,1784578490440.2747,1784578490443,1784578512081.0,1784578513155.7827,2.725,21638.0,1074.783,,22715.508
e-910,1784578490490.2717,1784578491492,1784578512081.0,1784578513155.7832,1001.728,20589.0,1074.783,,22665.511
e-911,1784578490540.274,1784578491492,1784578512081.0,1784578513155.7837,951.726,20589.0,1074.784,,22615.51
e-912,1784578490590.27,1784578491492,1784578512081.0,1784578513155.784,901.73,20589.0,1074.784,,22565.514
e-913,1784578490640.2678,1784578491492,1784578512082.0,1784578513155.7844,851.732,20590.0,1073.784,,22515.517
e-914,1784578490690.265,1784578491492,1784578512082.0,1784578513155.7847,801.735,20590.0,1073.785,,22465.52
e-915,1784578490740.2754,1784578491492,1784578512082.0,1784578513155.7852,751.725,20590.0,1073.785,,22415.51
e-916,1784578490790.27,1784578491492,1784578512082.0,1784578513155.7856,701.73,20590.0,1073.786,,22365.516
e-917,1784578490840.2712,1784578491492,1784578512082.0,1784578513155.786,651.729,20590.0,1073.786,,22315.515
e-918,1784578490890.272,1784578491492,1784578512082.0,1784578513155.7864,601.728,20590.0,1073.786,,22265.514
e-919,1784578490940.2754,1784578491492,1784578512082.0,1784578513155.7869,551.725,20590.0,1073.787,,22215.511
e-920,1784578490990.2722,1784578491492,1784578512082.0,1784578513155.7874,501.728,20590.0,1073.787,,22165.515
e-921,1784578491040.2766,1784578491492,1784578512082.0,1784578513155.7876,451.723,20590.0,1073.788,,22115.511
e-922,1784578491090.2693,1784578491492,1784578512082.0,1784578513155.788,401.731,20590.0,1073.788,,22065.519
e-923,1784578491140.274,1784578491492,1784578512082.0,1784578513155.7883,351.726,20590.0,1073.788,,22015.514
e-924,1784578491190.277,1784578491492,1784578512082.0,1784578513155.7888,301.723,20590.0,1073.789,,21965.512
e-925,1784578491240.2766,1784578491492,1784578512083.0,1784578513155.7893,251.723,20591.0,1072.789,,21915.513
e-926,1784578491290.2703,1784578491492,1784578512083.0,1784578513155.7898,201.73,20591.0,1072.79,,21865.52
e-927,1784578491340.2673,1784578491492,1784578512083.0,1784578513155.79,151.733,20591.0,1072.79,,21815.523
e-928,1784578491390.273,1784578491492,1784578512083.0,1784578513155.7937,101.727,20591.0,1072.794,,21765.521
e-929,1784578491440.2756,1784578491492,1784578512083.0,1784578513155.7942,51.724,20591.0,1072.794,,21715.519
e-930,1784578491490.2703,1784578491492,1784578512083.0,1784578513155.8108,1.73,20591.0,1072.811,,21665.541
e-931,1784578491540.2715,1784578492543,1784578512083.0,1784578513155.8113,1002.729,19540.0,1072.811,,21615.54
e-932,1784578491590.9116,1784578492543,1784578512083.0,1784578513155.8118,952.088,19540.0,1072.812,,21564.9
e-933,1784578491640.267,1784578492543,1784578512083.0,1784578513155.8123,902.733,19540.0,1072.812,,21515.545
e-934,1784578491690.2764,1784578492543,1784578512083.0,1784578513155.8125,852.724,19540.0,1072.812,,21465.536
e-935,1784578491740.2766,1784578492543,1784578512083.0,1784578513155.813,802.723,19540.0,1072.813,,21415.536
e-936,1784578491790.2778,1784578492543,1784578512083.0,1784578513155.8135,752.722,19540.0,1072.813,,21365.536
e-937,1784578491840.236,1784578492543,1784578512084.0,1784578513155.814,702.764,19541.0,1071.814,,21315.578
e-938,1784578491890.269,1784578492543,1784578512084.0,1784578513155.8145,652.731,19541.0,1071.814,,21265.545
e-939,1784578491940.2766,1784578492543,1784578512084.0,1784578513155.8147,602.723,19541.0,1071.815,,21215.538
e-940,1784578491990.272,1784578492543,1784578512084.0,1784578513155.8152,552.728,19541.0,1071.815,,21165.543
e-941,1784578492040.2703,1784578492543,1784578512084.0,1784578513155.8157,502.73,19541.0,1071.816,,21115.545
e-942,1784578492091.537,1784578492543,1784578512084.0,1784578513155.816,451.463,19541.0,1071.816,,21064.279
e-943,1784578492140.2717,1784578492543,1784578512084.0,1784578513155.8164,402.728,19541.0,1071.816,,21015.545
e-944,1784578492190.2756,1784578492543,1784578512084.0,1784578513155.817,352.724,19541.0,1071.817,,20965.541
e-945,1784578492240.2751,1784578492543,1784578512084.0,1784578513155.8171,302.725,19541.0,1071.817,,20915.542
e-946,1784578492290.2725,1784578492543,1784578512084.0,1784578513155.8176,252.728,19541.0,1071.818,,20865.545
e-947,1784578492340.2725,1784578492543,1784578512085.0,1784578513155.818,202.728,19542.0,1070.818,,20815.546
e-948,1784578492390.267,1784578492543,1784578512085.0,1784578513161.4583,152.733,19542.0,1076.458,,20771.191
e-949,1784578492440.278,1784578492543,1784578512085.0,1784578513161.469,102.722,19542.0,1076.469,,20721.191
e-950,1784578492490.2776,1784578492543,1784578512085.0,1784578513161.4695,52.722,19542.0,1076.469,,20671.192
e-951,1784578492540.281,1784578492543,1784578512085.0,1784578513161.47,2.719,19542.0,1076.47,,20621.189
e-952,1784578492590.2825,1784578493593,1784578512085.0,1784578513161.4705,1002.718,18492.0,1076.47,,20571.188
e-953,1784578492640.2747,1784578493593,1784578512085.0,1784578513161.471,952.725,18492.0,1076.471,,20521.196
e-954,1784578492690.2756,1784578493593,1784578512085.0,1784578513161.4714,902.724,18492.0,1076.471,,20471.196
e-955,1784578492740.2795,1784578493593,1784578512085.0,1784578513161.472,852.72,18492.0,1076.472,,20421.192
e-956,1784578492790.28,1784578493593,1784578512085.0,1784578513161.476,802.72,18492.0,1076.476,,20371.196
e-957,1784578492840.266,1784578493593,1784578512085.0,1784578513161.4875,752.734,18492.0,1076.488,,20321.221
e-958,1784578492890.2808,1784578493593,1784578512086.0,1784578513161.488,702.719,18493.0,1075.488,,20271.207
e-959,1784578492940.2708,1784578493593,1784578512086.0,1784578513161.493,652.729,18493.0,1075.493,,20221.222
e-960,1784578492990.2886,1784578493593,1784578512086.0,1784578513161.4937,602.711,18493.0,1075.494,,20171.205
e-961,1784578493040.288,1784578493593,1784578512086.0,1784578513161.4941,552.712,18493.0,1075.494,,20121.206
e-962,1784578493090.2925,1784578493593,1784578512087.0,1784578513161.4946,502.708,18494.0,1074.495,,20071.202
e-963,1784578493140.2896,1784578493593,1784578512087.0,1784578513161.4954,452.71,18494.0,1074.495,,20021.206
e-964,1784578493190.294,1784578493593,1784578512087.0,1784578513161.5046,402.706,18494.0,1074.505,,19971.211
e-965,1784578493240.2932,1784578493593,1784578512087.0,1784578513161.5054,352.707,18494.0,1074.505,,19921.212
e-966,1784578493290.2947,1784578493593,1784578512087.0,1784578513161.506,302.705,18494.0,1074.506,,19871.211
e-967,1784578493340.2778,1784578493593,1784578512087.0,1784578513161.5068,252.722,18494.0,1074.507,,19821.229
e-968,1784578493390.532,1784578493593,1784578512087.0,1784578513161.5613,202.468,18494.0,1074.561,,19771.029
e-969,1784578493440.2917,1784578493593,1784578512087.0,1784578513161.5627,152.708,18494.0,1074.563,,19721.271
e-970,1784578493490.2905,1784578493593,1784578512087.0,1784578513161.5728,102.709,18494.0,1074.573,,19671.282
e-971,1784578493540.2712,1784578493593,1784578512087.0,1784578513161.5737,52.729,18494.0,1074.574,,19621.302
e-972,1784578493590.2578,1784578493593,1784578512087.0,1784578513161.5742,2.742,18494.0,1074.574,,19571.316
e-973,1784578493640.2654,1784578494642,1784578512087.0,1784578513161.578,1001.735,17445.0,1074.578,,19521.312
e-974,1784578493690.2834,1784578494642,1784578512088.0,1784578513161.5786,951.717,17446.0,1073.579,,19471.295
e-975,1784578493740.2864,1784578494642,1784578512088.0,1784578513161.579,901.714,17446.0,1073.579,,19421.293
e-976,1784578493790.2834,1784578494642,1784578512088.0,1784578513161.5798,851.717,17446.0,1073.58,,19371.296
e-977,1784578493840.2808,1784578494642,1784578512088.0,1784578513161.5806,801.719,17446.0,1073.581,,19321.3
e-978,1784578493890.2651,1784578494642,1784578512088.0,1784578513161.6033,751.735,17446.0,1073.603,,19271.338
e-979,1784578493940.2764,1784578494642,1784578512088.0,1784578513161.6042,701.724,17446.0,1073.604,,19221.328
e-980,1784578493990.29,1784578494642,1784578512088.0,1784578513161.605,651.71,17446.0,1073.605,,19171.315
e-981,1784578494040.277,1784578494642,1784578512088.0,1784578513161.6057,601.723,17446.0,1073.606,,19121.329
e-982,1784578494090.2695,1784578494642,1784578512088.0,1784578513161.6062,551.73,17446.0,1073.606,,19071.337
e-983,1784578494140.2937,1784578494642,1784578512088.0,1784578513161.607,501.706,17446.0,1073.607,,19021.313
e-984,1784578494190.271,1784578494642,1784578512088.0,1784578513161.6077,451.729,17446.0,1073.608,,18971.337
e-985,1784578494240.2942,1784578494642,1784578512088.0,1784578513161.6084,401.706,17446.0,1073.608,,18921.314
e-986,1784578494290.2712,1784578494642,1784578512088.0,1784578513161.609,351.729,17446.0,1073.609,,18871.338
e-987,1784578494340.2805,1784578494642,1784578512088.0,1784578513161.6096,301.719,17446.0,1073.61,,18821.329
e-988,1784578494390.2583,1784578494642,1784578512088.0,1784578513161.6672,251.742,17446.0,1073.667,,18771.409
e-989,1784578494440.2722,1784578494642,1784578512088.0,1784578513161.6682,201.728,17446.0,1073.668,,18721.396
e-990,1784578494490.2727,1784578494642,1784578512089.0,1784578513161.669,151.727,17447.0,1072.669,,18671.396
e-991,1784578494540.2769,1784578494642,1784578512089.0,1784578513161.6697,101.723,17447.0,1072.67,,18621.393
e-992,1784578494590.2722,1784578494642,1784578512089.0,1784578513161.6775,51.728,17447.0,1072.677,,18571.405
e-993,1784578494640.2693,1784578494642,1784578512089.0,1784578513161.6782,1.731,17447.0,1072.678,,18521.409
e-994,1784578494690.2683,1784578495693,1784578512089.0,1784578513161.679,1002.732,16396.0,1072.679,,18471.411
e-995,1784578494740.2698,1784578495693,1784578512089.0,1784578513161.6965,952.73,16396.0,1072.697,,18421.427
e-996,1784578494790.2925,1784578495693,1784578512089.0,1784578513161.6975,902.708,16396.0,1072.698,,18371.405
e-997,1784578494840.283,1784578495693,1784578512089.0,1784578513161.6982,852.717,16396.0,1072.698,,18321.415
e-998,1784578494890.2678,1784578495693,1784578512089.0,1784578513161.6987,802.732,16396.0,1072.699,,18271.431
e-999,1784578494940.276,1784578495693,1784578512089.0,1784578513161.707,752.724,16396.0,1072.707,,18221.431
e-1000,1784578494990.272,1784578495693,1784578512089.0,1784578513161.7078,702.728,16396.0,1072.708,,18171.436
e-1001,1784578495040.272,1784578495693,1784578512089.0,1784578513161.7085,652.728,16396.0,1072.708,,18121.437
e-1002,1784578495090.2744,1784578495693,1784578512089.0,1784578513161.7092,602.726,16396.0,1072.709,,18071.435
e-1003,1784578495140.2693,1784578495693,1784578512089.0,1784578513161.7097,552.731,16396.0,1072.71,,18021.44
e-1004,1784578495190.2722,1784578495693,1784578512089.0,1784578513161.7104,502.728,16396.0,1072.71,,17971.438
e-1005,1784578495240.253,1784578495693,1784578512089.0,1784578513161.717,452.747,16396.0,1072.717,,17921.464
e-1006,1784578495290.2722,1784578495693,1784578512089.0,1784578513161.7578,402.728,16396.0,1072.758,,17871.486
e-1007,1784578495340.271,1784578495693,1784578512089.0,1784578513161.7588,352.729,16396.0,1072.759,,17821.488
e-1008,1784578495390.268,1784578495693,1784578512090.0,1784578513161.7595,302.732,16397.0,1071.76,,17771.491
e-1009,1784578495440.244,1784578495693,1784578512090.0,1784578513161.7603,252.756,16397.0,1071.76,,17721.516
e-1010,1784578495490.27,1784578495693,1784578512090.0,1784578513161.7607,202.73,16397.0,1071.761,,17671.491
e-1011,1784578495540.2751,1784578495693,1784578512090.0,1784578513161.7737,152.725,16397.0,1071.774,,17621.499
e-1012,1784578495590.2764,1784578495693,1784578512090.0,1784578513161.7798,102.724,16397.0,1071.78,,17571.503
e-1013,1784578495640.2725,1784578495693,1784578512090.0,1784578513161.7803,52.728,16397.0,1071.78,,17521.508
e-1014,1784578495690.3079,1784578495693,1784578512090.0,1784578513161.786,2.692,16397.0,1071.786,,17471.478
e-1015,1784578495740.2795,1784578496743,1784578512090.0,1784578513161.7922,1002.72,15347.0,1071.792,,17421.513
e-1016,1784578495790.2795,1784578496743,1784578512090.0,1784578513161.8381,952.72,15347.0,1071.838,,17371.559
e-1017,1784578495840.2812,1784578496743,1784578512090.0,1784578513161.8389,902.719,15347.0,1071.839,,17321.558
e-1018,1784578495890.2761,1784578496743,1784578512090.0,1784578513161.8396,852.724,15347.0,1071.84,,17271.563
e-1019,1784578495940.267,1784578496743,1784578512090.0,1784578513161.8403,802.733,15347.0,1071.84,,17221.573
e-1020,1784578495990.271,1784578496743,1784578512090.0,1784578513161.841,752.729,15347.0,1071.841,,17171.57
e-1021,1784578496040.2705,1784578496743,1784578512090.0,1784578513161.8418,702.729,15347.0,1071.842,,17121.571
e-1022,1784578496090.2705,1784578496743,1784578512090.0,1784578513161.8425,652.729,15347.0,1071.843,,17071.572
e-1023,1784578496140.27,1784578496743,1784578512090.0,1784578513161.8489,602.73,15347.0,1071.849,,17021.579
e-1024,1784578496190.277,1784578496743,1784578512091.0,1784578513161.856,552.723,15348.0,1070.856,,16971.579
e-1025,1784578496240.271,1784578496743,1784578512091.0,1784578513161.8806,502.729,15348.0,1070.881,,16921.61
e-1026,1784578496290.2734,1784578496743,1784578512091.0,1784578513161.8816,452.727,15348.0,1070.882,,16871.608
e-1027,1784578496340.271,1784578496743,1784578512091.0,1784578513161.882,402.729,15348.0,1070.882,,16821.611
e-1028,1784578496390.2666,1784578496743,1784578512091.0,1784578513161.8828,352.733,15348.0,1070.883,,16771.616
e-1029,1784578496440.2651,1784578496743,1784578512091.0,1784578513161.9087,302.735,15348.0,1070.909,,16721.644
e-1030,1784578496490.2393,1784578496743,1784578512091.0,1784578513161.9092,252.761,15348.0,1070.909,,16671.67
e-1031,1784578496540.2715,1784578496743,1784578512091.0,1784578513161.9146,202.729,15348.0,1070.915,,16621.643
e-1032,1784578496590.2766,1784578496743,1784578512091.0,1784578513162.0044,152.723,15348.0,1071.004,,16571.728
e-1033,1784578496640.2715,1784578496743,1784578512091.0,1784578513162.0063,102.729,15348.0,1071.006,,16521.735
e-1034,1784578496690.2722,1784578496743,1784578512091.0,1784578513162.0242,52.728,15348.0,1071.024,,16471.752
e-1035,1784578496740.273,1784578496743,1784578512091.0,1784578513162.025,2.727,15348.0,1071.025,,16421.752
e-1036,1784578496790.2656,1784578497792,1784578512091.0,1784578513162.026,1001.734,14299.0,1071.026,,16371.76
e-1037,1784578496840.268,1784578497792,1784578512091.0,1784578513162.0266,951.732,14299.0,1071.027,,16321.759
e-1038,1784578496890.2705,1784578497792,1784578512091.0,1784578513162.0273,901.729,14299.0,1071.027,,16271.757
e-1039,1784578496940.273,1784578497792,1784578512091.0,1784578513162.0278,851.727,14299.0,1071.028,,16221.755
e-1040,1784578496990.261,1784578497792,1784578512092.0,1784578513162.0288,801.739,14300.0,1070.029,,16171.768
e-1041,1784578497040.272,1784578497792,1784578512092.0,1784578513162.0413,751.728,14300.0,1070.041,,16121.769
e-1042,1784578497090.2612,1784578497792,1784578512092.0,1784578513162.0474,701.739,14300.0,1070.047,,16071.786
e-1043,1784578497140.2612,1784578497792,1784578512092.0,1784578513162.048,651.739,14300.0,1070.048,,16021.787
e-1044,1784578497190.2747,1784578497792,1784578512092.0,1784578513162.0488,601.725,14300.0,1070.049,,15971.774
e-1045,1784578497240.2761,1784578497792,1784578512092.0,1784578513162.0498,551.724,14300.0,1070.05,,15921.774
e-1046,1784578497290.2688,1784578497792,1784578512092.0,1784578513162.0503,501.731,14300.0,1070.05,,15871.781
e-1047,1784578497340.2793,1784578497792,1784578512092.0,1784578513162.051,451.721,14300.0,1070.051,,15821.772
e-1048,1784578497390.2888,1784578497792,1784578512092.0,1784578513162.0515,401.711,14300.0,1070.052,,15771.763
e-1049,1784578497440.2715,1784578497792,1784578512092.0,1784578513162.0522,351.729,14300.0,1070.052,,15721.781
e-1050,1784578497490.27,1784578497792,1784578512092.0,1784578513162.053,301.73,14300.0,1070.053,,15671.783
e-1051,1784578497540.2637,1784578497792,1784578512092.0,1784578513162.1277,251.736,14300.0,1070.128,,15621.864
e-1052,1784578497590.2805,1784578497792,1784578512092.0,1784578513162.1294,201.719,14300.0,1070.129,,15571.849
e-1053,1784578497640.268,1784578497792,1784578512092.0,1784578513162.1301,151.732,14300.0,1070.13,,15521.862
e-1054,1784578497690.2844,1784578497792,1784578512092.0,1784578513162.1309,101.716,14300.0,1070.131,,15471.846
e-1055,1784578497740.2693,1784578497792,1784578512092.0,1784578513162.1409,51.731,14300.0,1070.141,,15421.872
e-1056,1784578497790.276,1784578497792,1784578512092.0,1784578513162.1418,1.724,14300.0,1070.142,,15371.866
e-1057,1784578497840.271,1784578498842,1784578512092.0,1784578513162.1426,1001.729,13250.0,1070.143,,15321.872
e-1058,1784578497890.269,1784578498842,1784578512093.0,1784578513162.1433,951.731,13251.0,1069.143,,15271.874
e-1059,1784578497940.2722,1784578498842,1784578512093.0,1784578513162.144,901.728,13251.0,1069.144,,15221.872
e-1060,1784578497990.2686,1784578498842,1784578512093.0,1784578513162.1973,851.731,13251.0,1069.197,,15171.929
e-1061,1784578498040.2642,1784578498842,1784578512093.0,1784578513162.198,801.736,13251.0,1069.198,,15121.934
e-1062,1784578498090.2761,1784578498842,1784578512093.0,1784578513162.1985,751.724,13251.0,1069.198,,15071.922
e-1063,1784578498140.274,1784578498842,1784578512093.0,1784578513162.199,701.726,13251.0,1069.199,,15021.925
e-1064,1784578498190.2742,1784578498842,1784578512093.0,1784578513162.1992,651.726,13251.0,1069.199,,14971.925
e-1065,1784578498240.2695,1784578498842,1784578512093.0,1784578513162.1997,601.73,13251.0,1069.2,,14921.93
e-1066,1784578498290.2703,1784578498842,1784578512093.0,1784578513162.2002,551.73,13251.0,1069.2,,14871.93
e-1067,1784578498340.2693,1784578498842,1784578512093.0,1784578513162.2007,501.731,13251.0,1069.201,,14821.931
e-1068,1784578498390.2654,1784578498842,1784578512093.0,1784578513162.201,451.735,13251.0,1069.201,,14771.936
e-1069,1784578498440.2695,1784578498842,1784578512093.0,1784578513162.2073,401.73,13251.0,1069.207,,14721.938
e-1070,1784578498490.2688,1784578498842,1784578512093.0,1784578513162.2078,351.731,13251.0,1069.208,,14671.939
e-1071,1784578498540.259,1784578498842,1784578512093.0,1784578513162.2083,301.741,13251.0,1069.208,,14621.949
e-1072,1784578498590.2678,1784578498842,1784578512093.0,1784578513162.2087,251.732,13251.0,1069.209,,14571.941
e-1073,1784578498640.2725,1784578498842,1784578512093.0,1784578513162.209,201.728,13251.0,1069.209,,14521.937
e-1074,1784578498690.2615,1784578498842,1784578512093.0,1784578513162.2095,151.739,13251.0,1069.209,,14471.948
e-1075,1784578498740.2515,1784578498842,1784578512093.0,1784578513162.21,101.749,13251.0,1069.21,,14421.958
e-1076,1784578498790.258,1784578498842,1784578512094.0,1784578513162.2104,51.742,13252.0,1068.21,,14371.952
e-1077,1784578498840.269,1784578498842,1784578512094.0,1784578513162.2478,1.731,13252.0,1068.248,,14321.979
e-1078,1784578498890.273,1784578499892,1784578512094.0,1784578513162.2485,1001.727,12202.0,1068.249,,14271.976
e-1079,1784578498940.2747,1784578499892,1784578512094.0,1784578513162.2493,951.725,12202.0,1068.249,,14221.975
e-1080,1784578498990.2725,1784578499892,1784578512094.0,1784578513162.2498,901.728,12202.0,1068.25,,14171.977
e-1081,1784578499040.2761,1784578499892,1784578512094.0,1784578513162.3315,851.724,12202.0,1068.332,,14122.055
e-1082,1784578499090.2698,1784578499892,1784578512094.0,1784578513162.3328,801.73,12202.0,1068.333,,14072.063
e-1083,1784578499140.2776,1784578499892,1784578512094.0,1784578513162.3333,751.722,12202.0,1068.333,,14022.056
e-1084,1784578499190.2676,1784578499892,1784578512094.0,1784578513162.3337,701.732,12202.0,1068.334,,13972.066
e-1085,1784578499240.2769,1784578499892,1784578512094.0,1784578513162.3342,651.723,12202.0,1068.334,,13922.057
e-1086,1784578499290.2683,1784578499892,1784578512094.0,1784578513162.3347,601.732,12202.0,1068.335,,13872.066
e-1087,1784578499340.2668,1784578499892,1784578512094.0,1784578513162.345,551.733,12202.0,1068.345,,13822.078
e-1088,1784578499390.289,1784578499892,1784578512094.0,1784578513162.3457,501.711,12202.0,1068.346,,13772.057
e-1089,1784578499440.2708,1784578499892,1784578512094.0,1784578513162.3464,451.729,12202.0,1068.346,,13722.076
e-1090,1784578499490.271,1784578499892,1784578512094.0,1784578513162.347,401.729,12202.0,1068.347,,13672.076
e-1091,1784578499540.2744,1784578499892,1784578512094.0,1784578513162.3477,351.726,12202.0,1068.348,,13622.073
e-1092,1784578499590.287,1784578499892,1784578512095.0,1784578513162.3574,301.713,12203.0,1067.357,,13572.07
e-1093,1784578499640.273,1784578499892,1784578512095.0,1784578513162.3582,251.727,12203.0,1067.358,,13522.085
e-1094,1784578499690.2898,1784578499892,1784578512095.0,1784578513162.359,201.71,12203.0,1067.359,,13472.069
e-1095,1784578499740.5725,1784578499892,1784578512095.0,1784578513162.3596,151.427,12203.0,1067.36,,13421.787
e-1096,1784578499790.2932,1784578499892,1784578512095.0,1784578513162.3604,101.707,12203.0,1067.36,,13372.067
e-1097,1784578499840.293,1784578499892,1784578512095.0,1784578513162.3665,51.707,12203.0,1067.366,,13322.073
e-1098,1784578499890.2583,1784578499892,1784578512095.0,1784578513162.3787,1.742,12203.0,1067.379,,13272.12
e-1099,1784578499940.2715,1784578500942,1784578512095.0,1784578513162.4329,1001.729,11153.0,1067.433,,13222.161
e-1100,1784578499990.2666,1784578500942,1784578512095.0,1784578513162.4336,951.733,11153.0,1067.434,,13172.167
e-1101,1784578500040.273,1784578500942,1784578512095.0,1784578513162.4404,901.727,11153.0,1067.44,,13122.167
e-1102,1784578500090.273,1784578500942,1784578512095.0,1784578513162.4412,851.727,11153.0,1067.441,,13072.168
e-1103,1784578500140.2705,1784578500942,1784578512095.0,1784578513162.6682,801.729,11153.0,1067.668,,13022.398
e-1104,1784578500190.2712,1784578500942,1784578512095.0,1784578513162.6694,751.729,11153.0,1067.669,,12972.398
e-1105,1784578500240.2727,1784578500942,1784578512095.0,1784578513162.6702,701.727,11153.0,1067.67,,12922.397
e-1106,1784578500290.2693,1784578500942,1784578512095.0,1784578513162.6792,651.731,11153.0,1067.679,,12872.41
e-1107,1784578500340.2903,1784578500942,1784578512095.0,1784578513162.68,601.71,11153.0,1067.68,,12822.39
e-1108,1784578500390.2805,1784578500942,1784578512095.0,1784578513162.6807,551.719,11153.0,1067.681,,12772.4
e-1109,1784578500440.287,1784578500942,1784578512095.0,1784578513162.6814,501.713,11153.0,1067.681,,12722.394
e-1110,1784578500490.2957,1784578500942,1784578512095.0,1784578513162.682,451.704,11153.0,1067.682,,12672.386
e-1111,1784578500540.292,1784578500942,1784578512095.0,1784578513162.6826,401.708,11153.0,1067.683,,12622.391
e-1112,1784578500590.2803,1784578500942,1784578512096.0,1784578513162.6833,351.72,11154.0,1066.683,,12572.403
e-1113,1784578500640.2717,1784578500942,1784578512096.0,1784578513162.684,301.728,11154.0,1066.684,,12522.412
e-1114,1784578500690.2595,1784578500942,1784578512096.0,1784578513162.6848,251.74,11154.0,1066.685,,12472.425
e-1115,1784578500740.6287,1784578500942,1784578512096.0,1784578513162.694,201.371,11154.0,1066.694,,12422.065
e-1116,1784578500790.6118,1784578500942,1784578512096.0,1784578513162.6948,151.388,11154.0,1066.695,,12372.083
e-1117,1784578500840.6155,1784578500942,1784578512096.0,1784578513162.6956,101.385,11154.0,1066.696,,12322.08
e-1118,1784578500890.257,1784578500942,1784578512096.0,1784578513162.696,51.743,11154.0,1066.696,,12272.439
e-1119,1784578500940.2712,1784578500942,1784578512096.0,1784578513162.7031,1.729,11154.0,1066.703,,12222.432
e-1120,1784578500990.2935,1784578501993,1784578512096.0,1784578513162.7039,1002.707,10103.0,1066.704,,12172.41
e-1121,1784578501040.2798,1784578501993,1784578512096.0,1784578513162.7043,952.72,10103.0,1066.704,,12122.425
e-1122,1784578501090.2908,1784578501993,1784578512096.0,1784578513162.705,902.709,10103.0,1066.705,,12072.414
e-1123,1784578501140.2935,1784578501993,1784578512096.0,1784578513162.7134,852.707,10103.0,1066.713,,12022.42
e-1124,1784578501190.2705,1784578501993,1784578512096.0,1784578513162.714,802.729,10103.0,1066.714,,11972.444
e-1125,1784578501240.2693,1784578501993,1784578512096.0,1784578513162.7146,752.731,10103.0,1066.715,,11922.445
e-1126,1784578501290.2676,1784578501993,1784578512096.0,1784578513162.7197,702.732,10103.0,1066.72,,11872.452
e-1127,1784578501340.293,1784578501993,1784578512096.0,1784578513162.7205,652.707,10103.0,1066.72,,11822.427
e-1128,1784578501390.2786,1784578501993,1784578512096.0,1784578513162.732,602.721,10103.0,1066.732,,11772.453
e-1129,1784578501440.2664,1784578501993,1784578512096.0,1784578513162.7327,552.734,10103.0,1066.733,,11722.466
e-1130,1784578501490.2903,1784578501993,1784578512097.0,1784578513162.7334,502.71,10104.0,1065.733,,11672.443
e-1131,1784578501540.2761,1784578501993,1784578512097.0,1784578513162.7793,452.724,10104.0,1065.779,,11622.503
e-1132,1784578501590.2827,1784578501993,1784578512097.0,1784578513162.7805,402.717,10104.0,1065.781,,11572.498
e-1133,1784578501640.2734,1784578501993,1784578512097.0,1784578513162.781,352.727,10104.0,1065.781,,11522.508
e-1134,1784578501690.2795,1784578501993,1784578512097.0,1784578513162.7817,302.72,10104.0,1065.782,,11472.502
e-1135,1784578501740.2725,1784578501993,1784578512097.0,1784578513162.7822,252.728,10104.0,1065.782,,11422.51
e-1136,1784578501790.28,1784578501993,1784578512097.0,1784578513162.7825,202.72,10104.0,1065.782,,11372.502
e-1137,1784578501840.2783,1784578501993,1784578512097.0,1784578513162.783,152.722,10104.0,1065.783,,11322.505
e-1138,1784578501890.2761,1784578501993,1784578512097.0,1784578513162.7834,102.724,10104.0,1065.783,,11272.507
e-1139,1784578501940.255,1784578501993,1784578512097.0,1784578513162.784,52.745,10104.0,1065.784,,11222.529
e-1140,1784578501990.2664,1784578501993,1784578512097.0,1784578513162.7925,2.734,10104.0,1065.792,,11172.526
e-1141,1784578502040.2827,1784578503043,1784578512097.0,1784578513162.7932,1002.717,9054.0,1065.793,,11122.51
e-1142,1784578502090.2651,1784578503043,1784578512097.0,1784578513162.7935,952.735,9054.0,1065.793,,11072.528
e-1143,1784578502140.2678,1784578503043,1784578512097.0,1784578513162.794,902.732,9054.0,1065.794,,11022.526
e-1144,1784578502190.2876,1784578503043,1784578512097.0,1784578513162.7944,852.712,9054.0,1065.794,,10972.507
e-1145,1784578502240.2793,1784578503043,1784578512097.0,1784578513162.795,802.721,9054.0,1065.795,,10922.516
e-1146,1784578502290.2827,1784578503043,1784578512097.0,1784578513162.7954,752.717,9054.0,1065.795,,10872.513
e-1147,1784578502340.2917,1784578503043,1784578512097.0,1784578513162.796,702.708,9054.0,1065.796,,10822.504
e-1148,1784578502390.2795,1784578503043,1784578512097.0,1784578513162.7964,652.72,9054.0,1065.796,,10772.517
e-1149,1784578502440.288,1784578503043,1784578512097.0,1784578513162.7969,602.712,9054.0,1065.797,,10722.509
e-1150,1784578502490.2737,1784578503043,1784578512098.0,1784578513162.8018,552.726,9055.0,1064.802,,10672.528
e-1151,1784578502540.293,1784578503043,1784578512098.0,1784578513162.8025,502.707,9055.0,1064.802,,10622.51
e-1152,1784578502590.2805,1784578503043,1784578512098.0,1784578513162.8032,452.719,9055.0,1064.803,,10572.523
e-1153,1784578502640.2717,1784578503043,1784578512098.0,1784578513162.8037,402.728,9055.0,1064.804,,10522.532
e-1154,1784578502690.2637,1784578503043,1784578512098.0,1784578513162.8154,352.736,9055.0,1064.815,,10472.552
e-1155,1784578502740.2786,1784578503043,1784578512098.0,1784578513162.8162,302.721,9055.0,1064.816,,10422.538
e-1156,1784578502790.2642,1784578503043,1784578512098.0,1784578513162.817,252.736,9055.0,1064.817,,10372.553
e-1157,1784578502840.2837,1784578503043,1784578512098.0,1784578513162.8174,202.716,9055.0,1064.817,,10322.534
e-1158,1784578502890.2568,1784578503043,1784578512098.0,1784578513162.9692,152.743,9055.0,1064.969,,10272.712
e-1159,1784578502940.2742,1784578503043,1784578512098.0,1784578513162.97,102.726,9055.0,1064.97,,10222.696
e-1160,1784578502990.2664,1784578503043,1784578512098.0,1784578513162.971,52.734,9055.0,1064.971,,10172.705
e-1161,1784578503040.2915,1784578503043,1784578512098.0,1784578513162.9717,2.708,9055.0,1064.972,,10122.68
e-1162,1784578503090.283,1784578504092,1784578512098.0,1784578513162.9788,1001.717,8006.0,1064.979,,10072.696
e-1163,1784578503140.2783,1784578504092,1784578512098.0,1784578513162.9795,951.722,8006.0,1064.979,,10022.701
e-1164,1784578503190.2698,1784578504092,1784578512098.0,1784578513162.9802,901.73,8006.0,1064.98,,9972.71
e-1165,1784578503240.2935,1784578504092,1784578512098.0,1784578513162.9807,851.707,8006.0,1064.981,,9922.687
e-1166,1784578503290.2798,1784578504092,1784578512098.0,1784578513162.9814,801.72,8006.0,1064.981,,9872.702
e-1167,1784578503340.2705,1784578504092,1784578512098.0,1784578513162.982,751.729,8006.0,1064.982,,9822.711
e-1168,1784578503390.2585,1784578504092,1784578512098.0,1784578513162.9827,701.741,8006.0,1064.983,,9772.724
e-1169,1784578503440.266,1784578504092,1784578512099.0,1784578513162.9834,651.734,8007.0,1063.983,,9722.717
e-1170,1784578503490.256,1784578504092,1784578512099.0,1784578513162.9915,601.744,8007.0,1063.991,,9672.735
e-1171,1784578503540.2856,1784578504092,1784578512099.0,1784578513162.992,551.714,8007.0,1063.992,,9622.706
e-1172,1784578503590.271,1784578504092,1784578512099.0,1784578513162.9924,501.729,8007.0,1063.992,,9572.721
e-1173,1784578503640.291,1784578504092,1784578512099.0,1784578513162.9927,451.709,8007.0,1063.993,,9522.702
e-1174,1784578503690.2659,1784578504092,1784578512099.0,1784578513162.9932,401.734,8007.0,1063.993,,9472.727
e-1175,1784578503740.755,1784578504092,1784578512099.0,1784578513163.0312,351.245,8007.0,1064.031,,9422.276
e-1176,1784578503790.2632,1784578504092,1784578512099.0,1784578513163.0327,301.737,8007.0,1064.033,,9372.77
e-1177,1784578503840.264,1784578504092,1784578512099.0,1784578513163.0432,251.736,8007.0,1064.043,,9322.779
e-1178,1784578503890.2568,1784578504092,1784578512099.0,1784578513163.044,201.743,8007.0,1064.044,,9272.787
e-1179,1784578503940.2732,1784578504092,1784578512099.0,1784578513163.0447,151.727,8007.0,1064.045,,9222.771
e-1180,1784578503990.2673,1784578504092,1784578512099.0,1784578513163.0454,101.733,8007.0,1064.045,,9172.778
e-1181,1784578504040.2932,1784578504092,1784578512099.0,1784578513163.0515,51.707,8007.0,1064.052,,9122.758
e-1182,1784578504090.2805,1784578504092,1784578512099.0,1784578513163.0522,1.719,8007.0,1064.052,,9072.772
e-1183,1784578504140.296,1784578505142,1784578512099.0,1784578513163.1292,1001.704,6957.0,1064.129,,9022.833
e-1184,1784578504190.2903,1784578505142,1784578512099.0,1784578513163.1304,951.71,6957.0,1064.13,,8972.84
e-1185,1784578504240.2737,1784578505142,1784578512099.0,1784578513163.1306,901.726,6957.0,1064.131,,8922.857
e-1186,1784578504290.283,1784578505142,1784578512099.0,1784578513163.131,851.717,6957.0,1064.131,,8872.848
e-1187,1784578504340.2654,1784578505142,1784578512099.0,1784578513163.1316,801.735,6957.0,1064.132,,8822.866
e-1188,1784578504390.2737,1784578505142,1784578512099.0,1784578513163.132,751.726,6957.0,1064.132,,8772.858
e-1189,1784578504440.269,1784578505142,1784578512100.0,1784578513163.1326,701.731,6958.0,1063.133,,8722.864
e-1190,1784578504490.2788,1784578505142,1784578512100.0,1784578513163.133,651.721,6958.0,1063.133,,8672.854
e-1191,1784578504540.2925,1784578505142,1784578512100.0,1784578513163.1333,601.708,6958.0,1063.133,,8622.841
e-1192,1784578504590.28,1784578505142,1784578512100.0,1784578513163.1338,551.72,6958.0,1063.134,,8572.854
e-1193,1784578504640.2698,1784578505142,1784578512100.0,1784578513163.1343,501.73,6958.0,1063.134,,8522.865
e-1194,1784578504690.2798,1784578505142,1784578512100.0,1784578513163.1348,451.72,6958.0,1063.135,,8472.855
e-1195,1784578504740.2937,1784578505142,1784578512100.0,1784578513163.1665,401.706,6958.0,1063.167,,8422.873
e-1196,1784578504790.2815,1784578505142,1784578512100.0,1784578513163.1677,351.719,6958.0,1063.168,,8372.886
e-1197,1784578504840.2769,1784578505142,1784578512100.0,1784578513163.1685,301.723,6958.0,1063.168,,8322.892
e-1198,1784578504890.2766,1784578505142,1784578512100.0,1784578513163.1865,251.723,6958.0,1063.187,,8272.91
e-1199,1784578504940.2595,1784578505142,1784578512100.0,1784578513163.1873,201.74,6958.0,1063.187,,8222.928
e-1200,1784578504990.2776,1784578505142,1784578512100.0,1784578513163.1877,151.722,6958.0,1063.188,,8172.91
e-1201,1784578505040.293,1784578505142,1784578512100.0,1784578513163.212,101.707,6958.0,1063.212,,8122.919
e-1202,1784578505090.2947,1784578505142,1784578512100.0,1784578513163.213,51.705,6958.0,1063.213,,8072.918
e-1203,1784578505140.2747,1784578505142,1784578512100.0,1784578513163.2136,1.725,6958.0,1063.214,,8022.939
e-1204,1784578505190.286,1784578506193,1784578512100.0,1784578513163.2212,1002.714,5907.0,1063.221,,7972.935
e-1205,1784578505240.2659,1784578506193,1784578512100.0,1784578513163.229,952.734,5907.0,1063.229,,7922.963
e-1206,1784578505290.2961,1784578506193,1784578512100.0,1784578513163.2297,902.704,5907.0,1063.23,,7872.934
e-1207,1784578505340.2627,1784578506193,1784578512100.0,1784578513163.2358,852.737,5907.0,1063.236,,7822.973
e-1208,1784578505390.271,1784578506193,1784578512100.0,1784578513163.2366,802.729,5907.0,1063.237,,7772.966
e-1209,1784578505440.2688,1784578506193,1784578512101.0,1784578513163.2427,752.731,5908.0,1062.243,,7722.974
e-1210,1784578505490.2625,1784578506193,1784578512101.0,1784578513163.2434,702.738,5908.0,1062.243,,7672.981
e-1211,1784578505540.2659,1784578506193,1784578512101.0,1784578513163.2705,652.734,5908.0,1062.271,,7623.005
e-1212,1784578505590.2793,1784578506193,1784578512101.0,1784578513163.2712,602.721,5908.0,1062.271,,7572.992
e-1213,1784578505640.2798,1784578506193,1784578512101.0,1784578513163.3113,552.72,5908.0,1062.311,,7523.031
e-1214,1784578505690.2559,1784578506193,1784578512101.0,1784578513163.3123,502.744,5908.0,1062.312,,7473.056
e-1215,1784578505740.2725,1784578506193,1784578512101.0,1784578513163.313,452.728,5908.0,1062.313,,7423.041
e-1216,1784578505790.265,1784578506193,1784578512101.0,1784578513163.3135,402.735,5908.0,1062.313,,7373.049
e-1217,1784578505840.2617,1784578506193,1784578512101.0,1784578513163.3142,352.738,5908.0,1062.314,,7323.052
e-1218,1784578505890.2563,1784578506193,1784578512101.0,1784578513163.315,302.744,5908.0,1062.315,,7273.059
e-1219,1784578505940.2708,1784578506193,1784578512101.0,1784578513163.3225,252.729,5908.0,1062.323,,7223.052
e-1220,1784578505990.2568,1784578506193,1784578512101.0,1784578513163.3232,202.743,5908.0,1062.323,,7173.066
e-1221,1784578506040.2588,1784578506193,1784578512101.0,1784578513163.324,152.741,5908.0,1062.324,,7123.065
e-1222,1784578506090.2583,1784578506193,1784578512101.0,1784578513163.3296,102.742,5908.0,1062.33,,7073.071
e-1223,1784578506140.2803,1784578506193,1784578512101.0,1784578513163.3303,52.72,5908.0,1062.33,,7023.05
e-1224,1784578506190.2896,1784578506193,1784578512101.0,1784578513163.359,2.71,5908.0,1062.359,,6973.069
e-1225,1784578506240.2803,1784578507242,1784578512101.0,1784578513163.3645,1001.72,4859.0,1062.365,,6923.084
e-1226,1784578506290.2605,1784578507242,1784578512101.0,1784578513163.3652,951.74,4859.0,1062.365,,6873.105
e-1227,1784578506340.2837,1784578507242,1784578512102.0,1784578513163.372,901.716,4860.0,1061.372,,6823.088
e-1228,1784578506390.2786,1784578507242,1784578512102.0,1784578513163.3728,851.721,4860.0,1061.373,,6773.094
e-1229,1784578506440.262,1784578507242,1784578512102.0,1784578513163.4148,801.738,4860.0,1061.415,,6723.153
e-1230,1784578506490.266,1784578507242,1784578512102.0,1784578513163.4155,751.734,4860.0,1061.416,,6673.149
e-1231,1784578506540.2698,1784578507242,1784578512102.0,1784578513163.416,701.73,4860.0,1061.416,,6623.146
e-1232,1784578506590.258,1784578507242,1784578512102.0,1784578513163.4165,651.742,4860.0,1061.417,,6573.158
e-1233,1784578506640.2715,1784578507242,1784578512102.0,1784578513163.417,601.729,4860.0,1061.417,,6523.146
e-1234,1784578506690.2588,1784578507242,1784578512102.0,1784578513163.4175,551.741,4860.0,1061.417,,6473.159
e-1235,1784578506740.2761,1784578507242,1784578512102.0,1784578513163.531,501.724,4860.0,1061.531,,6423.255
e-1236,1784578506790.2534,1784578507242,1784578512102.0,1784578513163.533,451.747,4860.0,1061.533,,6373.28
e-1237,1784578506840.2834,1784578507242,1784578512102.0,1784578513163.5337,401.717,4860.0,1061.534,,6323.25
e-1238,1784578506890.256,1784578507242,1784578512102.0,1784578513163.5344,351.744,4860.0,1061.534,,6273.278
e-1239,1784578506940.2883,1784578507242,1784578512102.0,1784578513163.5352,301.712,4860.0,1061.535,,6223.247
e-1240,1784578506990.2773,1784578507242,1784578512102.0,1784578513163.536,251.723,4860.0,1061.536,,6173.259
e-1241,1784578507040.2917,1784578507242,1784578512102.0,1784578513163.5366,201.708,4860.0,1061.537,,6123.245
e-1242,1784578507090.2673,1784578507242,1784578512102.0,1784578513163.537,151.733,4860.0,1061.537,,6073.27
e-1243,1784578507140.2952,1784578507242,1784578512102.0,1784578513163.5378,101.705,4860.0,1061.538,,6023.243
e-1244,1784578507190.2898,1784578507242,1784578512102.0,1784578513163.5386,51.71,4860.0,1061.539,,5973.249
e-1245,1784578507240.2925,1784578507242,1784578512102.0,1784578513163.5405,1.708,4860.0,1061.541,,5923.248
e-1246,1784578507290.2617,1784578508293,1784578512102.0,1784578513163.5415,1002.738,3809.0,1061.542,,5873.28
e-1247,1784578507340.273,1784578508293,1784578512103.0,1784578513163.5781,952.727,3810.0,1060.578,,5823.305
e-1248,1784578507390.28,1784578508293,1784578512103.0,1784578513163.579,902.72,3810.0,1060.579,,5773.299
e-1249,1784578507440.2751,1784578508293,1784578512103.0,1784578513163.6338,852.725,3810.0,1060.634,,5723.359
e-1250,1784578507490.2815,1784578508293,1784578512103.0,1784578513163.6345,802.719,3810.0,1060.635,,5673.353
e-1251,1784578507540.2737,1784578508293,1784578512103.0,1784578513163.6353,752.726,3810.0,1060.635,,5623.362
e-1252,1784578507590.2734,1784578508293,1784578512103.0,1784578513163.636,702.727,3810.0,1060.636,,5573.363
e-1253,1784578507640.279,1784578508293,1784578512103.0,1784578513163.6365,652.721,3810.0,1060.636,,5523.357
e-1254,1784578507690.2688,1784578508293,1784578512103.0,1784578513163.6372,602.731,3810.0,1060.637,,5473.368
e-1255,1784578507740.2734,1784578508293,1784578512103.0,1784578513163.638,552.727,3810.0,1060.638,,5423.365
e-1256,1784578507790.2776,1784578508293,1784578512103.0,1784578513163.6387,502.722,3810.0,1060.639,,5373.361
e-1257,1784578507840.2766,1784578508293,1784578512103.0,1784578513163.6392,452.723,3810.0,1060.639,,5323.363
e-1258,1784578507890.2632,1784578508293,1784578512103.0,1784578513163.6396,402.737,3810.0,1060.64,,5273.376
e-1259,1784578507940.2583,1784578508293,1784578512103.0,1784578513163.6404,352.742,3810.0,1060.64,,5223.382
e-1260,1784578507990.2776,1784578508293,1784578512103.0,1784578513163.641,302.722,3810.0,1060.641,,5173.364
e-1261,1784578508040.2896,1784578508293,1784578512103.0,1784578513163.6416,252.71,3810.0,1060.642,,5123.352
e-1262,1784578508090.251,1784578508293,1784578512103.0,1784578513163.6423,202.749,3810.0,1060.642,,5073.391
e-1263,1784578508140.2688,1784578508293,1784578512103.0,1784578513163.6492,152.731,3810.0,1060.649,,5023.38
e-1264,1784578508190.2935,1784578508293,1784578512103.0,1784578513163.65,102.707,3810.0,1060.65,,4973.356
e-1265,1784578508240.2932,1784578508293,1784578512103.0,1784578513163.6506,52.707,3810.0,1060.651,,4923.357
e-1266,1784578508290.2832,1784578508293,1784578512103.0,1784578513163.6511,2.717,3810.0,1060.651,,4873.368
e-1267,1784578508340.2703,1784578509343,1784578512104.0,1784578513163.6777,1002.73,2761.0,1059.678,,4823.407
e-1268,1784578508390.28,1784578509343,1784578512104.0,1784578513163.6843,952.72,2761.0,1059.684,,4773.404
e-1269,1784578508440.2764,1784578509343,1784578512104.0,1784578513163.685,902.724,2761.0,1059.685,,4723.409
e-1270,1784578508490.2727,1784578509343,1784578512104.0,1784578513163.6855,852.727,2761.0,1059.686,,4673.413
e-1271,1784578508540.27,1784578509343,1784578512104.0,1784578513163.6863,802.73,2761.0,1059.686,,4623.416
e-1272,1784578508590.272,1784578509343,1784578512104.0,1784578513163.706,752.728,2761.0,1059.706,,4573.434
e-1273,1784578508640.2773,1784578509343,1784578512104.0,1784578513163.707,702.723,2761.0,1059.707,,4523.43
e-1274,1784578508690.2595,1784578509343,1784578512104.0,1784578513163.7078,652.74,2761.0,1059.708,,4473.448
e-1275,1784578508740.2896,1784578509343,1784578512104.0,1784578513163.7083,602.71,2761.0,1059.708,,4423.419
e-1276,1784578508790.281,1784578509343,1784578512104.0,1784578513163.709,552.719,2761.0,1059.709,,4373.428
e-1277,1784578508840.289,1784578509343,1784578512104.0,1784578513163.745,502.711,2761.0,1059.745,,4323.456
e-1278,1784578508890.2896,1784578509343,1784578512104.0,1784578513163.7458,452.71,2761.0,1059.746,,4273.456
e-1279,1784578508940.3408,1784578509343,1784578512104.0,1784578513163.7532,402.659,2761.0,1059.753,,4223.412
e-1280,1784578508990.2773,1784578509343,1784578512104.0,1784578513163.754,352.723,2761.0,1059.754,,4173.477
e-1281,1784578509040.2903,1784578509343,1784578512104.0,1784578513163.7546,302.71,2761.0,1059.755,,4123.464
e-1282,1784578509090.2805,1784578509343,1784578512104.0,1784578513163.774,252.719,2761.0,1059.774,,4073.493
e-1283,1784578509140.2805,1784578509343,1784578512104.0,1784578513163.7744,202.719,2761.0,1059.774,,4023.494
e-1284,1784578509190.2898,1784578509343,1784578512104.0,1784578513163.7974,152.71,2761.0,1059.797,,3973.508
e-1285,1784578509240.2905,1784578509343,1784578512104.0,1784578513163.798,102.709,2761.0,1059.798,,3923.508
e-1286,1784578509290.287,1784578509343,1784578512105.0,1784578513163.8047,52.713,2762.0,1058.805,,3873.518
e-1287,1784578509340.2847,1784578509343,1784578512105.0,1784578513163.8054,2.715,2762.0,1058.805,,3823.521
e-1288,1784578509390.2744,1784578510393,1784578512105.0,1784578513163.806,1002.726,1712.0,1058.806,,3773.531
e-1289,1784578509440.269,1784578510393,1784578512105.0,1784578513163.8335,952.731,1712.0,1058.833,,3723.564
e-1290,1784578509490.2856,1784578510393,1784578512105.0,1784578513163.8342,902.714,1712.0,1058.834,,3673.549
e-1291,1784578509540.29,1784578510393,1784578512105.0,1784578513163.835,852.71,1712.0,1058.835,,3623.545
e-1292,1784578509590.2708,1784578510393,1784578512105.0,1784578513163.8547,802.729,1712.0,1058.855,,3573.584
e-1293,1784578509640.267,1784578510393,1784578512105.0,1784578513163.8555,752.733,1712.0,1058.855,,3523.588
e-1294,1784578509690.2683,1784578510393,1784578512105.0,1784578513163.906,702.732,1712.0,1058.906,,3473.638
e-1295,1784578509740.2756,1784578510393,1784578512105.0,1784578513163.9072,652.724,1712.0,1058.907,,3423.632
e-1296,1784578509790.2673,1784578510393,1784578512105.0,1784578513163.9158,602.733,1712.0,1058.916,,3373.648
e-1297,1784578509840.2705,1784578510393,1784578512105.0,1784578513163.924,552.729,1712.0,1058.924,,3323.654
e-1298,1784578509890.263,1784578510393,1784578512105.0,1784578513163.9246,502.737,1712.0,1058.925,,3273.662
e-1299,1784578509940.2693,1784578510393,1784578512105.0,1784578513163.9297,452.731,1712.0,1058.93,,3223.66
e-1300,1784578509990.2532,1784578510393,1784578512105.0,1784578513163.9302,402.747,1712.0,1058.93,,3173.677
e-1301,1784578510040.2744,1784578510393,1784578512105.0,1784578513163.9307,352.726,1712.0,1058.931,,3123.656
e-1302,1784578510090.2659,1784578510393,1784578512105.0,1784578513164.0144,302.734,1712.0,1059.014,,3073.749
e-1303,1784578510140.2676,1784578510393,1784578512105.0,1784578513164.0154,252.732,1712.0,1059.015,,3023.748
e-1304,1784578510190.2703,1784578510393,1784578512105.0,1784578513164.016,202.73,1712.0,1059.016,,2973.746
e-1305,1784578510240.2876,1784578510393,1784578512106.0,1784578513164.0166,152.712,1713.0,1058.017,,2923.729
e-1306,1784578510290.2756,1784578510393,1784578512106.0,1784578513164.0173,102.724,1713.0,1058.017,,2873.742
e-1307,1784578510340.2903,1784578510393,1784578512106.0,1784578513164.018,52.71,1713.0,1058.018,,2823.728
e-1308,1784578510390.2637,1784578510393,1784578512106.0,1784578513164.0188,2.736,1713.0,1058.019,,2773.755
e-1309,1784578510440.2722,1784578511442,1784578512106.0,1784578513164.0193,1001.728,664.0,1058.019,,2723.747
e-1310,1784578510490.2725,1784578511442,1784578512106.0,1784578513164.0264,951.728,664.0,1058.026,,2673.754
e-1311,1784578510540.2742,1784578511442,1784578512106.0,1784578513164.027,901.726,664.0,1058.027,,2623.753
e-1312,1784578510590.2822,1784578511442,1784578512106.0,1784578513164.0278,851.718,664.0,1058.028,,2573.746
e-1313,1784578510640.231,1784578511442,1784578512106.0,1784578513164.0286,801.769,664.0,1058.029,,2523.798
e-1314,1784578510690.2742,1784578511442,1784578512106.0,1784578513164.029,751.726,664.0,1058.029,,2473.755
e-1315,1784578510740.2913,1784578511442,1784578512106.0,1784578513164.0295,701.709,664.0,1058.03,,2423.738
e-1316,1784578510790.2776,1784578511442,1784578512106.0,1784578513164.0305,651.722,664.0,1058.031,,2373.753
e-1317,1784578510840.264,1784578511442,1784578512106.0,1784578513164.0466,601.736,664.0,1058.047,,2323.783
e-1318,1784578510890.256,1784578511442,1784578512106.0,1784578513164.0474,551.744,664.0,1058.047,,2273.791
e-1319,1784578510940.268,1784578511442,1784578512106.0,1784578513164.048,501.732,664.0,1058.048,,2223.78
e-1320,1784578510990.28,1784578511442,1784578512106.0,1784578513164.0488,451.72,664.0,1058.049,,2173.769
e-1321,1784578511040.2886,1784578511442,1784578512106.0,1784578513164.086,401.711,664.0,1058.086,,2123.797
e-1322,1784578511090.2893,1784578511442,1784578512106.0,1784578513164.0876,351.711,664.0,1058.088,,2073.798
e-1323,1784578511140.2856,1784578511442,1784578512106.0,1784578513164.0957,301.714,664.0,1058.096,,2023.81
e-1324,1784578511190.2905,1784578511442,1784578512106.0,1784578513164.0964,251.709,664.0,1058.096,,1973.806
e-1325,1784578511240.2812,1784578511442,1784578512107.0,1784578513164.0967,201.719,665.0,1057.097,,1923.815
e-1326,1784578511290.2788,1784578511442,1784578512107.0,1784578513164.0972,151.721,665.0,1057.097,,1873.818
e-1327,1784578511342.1233,1784578511442,1784578512107.0,1784578513164.1245,99.877,665.0,1057.125,,1822.001
e-1328,1784578511390.2773,1784578511442,1784578512107.0,1784578513164.125,51.723,665.0,1057.125,,1773.848
e-1329,1784578511440.2764,1784578511442,1784578512107.0,1784578513164.1255,1.724,665.0,1057.125,,1723.849
e-1330,1784578511490.2725,1784578512492,1784578512497.0,1784578513164.126,1001.728,5.0,667.126,,1673.854
e-1331,1784578511540.2727,1784578512492,1784578512497.0,1784578513164.1265,951.727,5.0,667.126,,1623.854
e-1332,1784578511590.2708,1784578512492,1784578512497.0,1784578513164.1362,901.729,5.0,667.136,,1573.865
e-1333,1784578511640.2722,1784578512492,1784578512498.0,1784578513164.1372,851.728,6.0,666.137,,1523.865
e-1334,1784578511690.2732,1784578512492,1784578512498.0,1784578513164.1614,801.727,6.0,666.161,,1473.888
e-1335,1784578511740.2659,1784578512492,1784578512498.0,1784578513164.1619,751.734,6.0,666.162,,1423.896
e-1336,1784578511790.2732,1784578512492,1784578512498.0,1784578513164.1624,701.727,6.0,666.162,,1373.889
e-1337,1784578511840.2793,1784578512492,1784578512498.0,1784578513164.1628,651.721,6.0,666.163,,1323.884
e-1338,1784578511890.2732,1784578512492,1784578512498.0,1784578513164.1633,601.727,6.0,666.163,,1273.89
e-1339,1784578511940.2769,1784578512492,1784578512498.0,1784578513164.169,551.723,6.0,666.169,,1223.892
e-1340,1784578511990.2734,1784578512492,1784578512498.0,1784578513164.1697,501.727,6.0,666.17,,1173.896
e-1341,1784578512040.2778,1784578512492,1784578512498.0,1784578513164.1702,451.722,6.0,666.17,,1123.892
e-1342,1784578512090.2778,1784578512492,1784578512498.0,1784578513164.2122,401.722,6.0,666.212,,1073.934
e-1343,1784578512140.279,1784578512492,1784578512498.0,1784578513164.2227,351.721,6.0,666.223,,1023.944
e-1344,1784578512190.278,1784578512492,1784578512498.0,1784578513164.234,301.722,6.0,666.234,,973.956
e-1345,1784578512240.2756,1784578512492,1784578512498.0,1784578513164.2349,251.724,6.0,666.235,,923.959
e-1346,1784578512290.2788,1784578512492,1784578512498.0,1784578513164.2354,201.721,6.0,666.235,,873.957
e-1347,1784578512340.2776,1784578512492,1784578512498.0,1784578513164.236,151.722,6.0,666.236,,823.958
e-1348,1784578512390.2703,1784578512492,1784578512499.0,1784578513164.2368,101.73,7.0,665.237,,773.967
e-1349,1784578512440.274,1784578512492,1784578512499.0,1784578513164.2773,51.726,7.0,665.277,,724.003
e-1350,1784578512490.2537,1784578512492,1784578512499.0,1784578513164.2783,1.746,7.0,665.278,,674.025
e-1351,1784578512540.2754,1784578513542,1784578513557.0,1784578514178.6821,1001.725,15.0,621.682,,1638.407
e-1352,1784578512590.2727,1784578513542,1784578513557.0,1784578514178.6848,951.727,15.0,621.685,,1588.412
e-1353,1784578512640.2722,1784578513542,1784578513557.0,1784578514178.697,901.728,15.0,621.697,,1538.425
e-1354,1784578512690.267,1784578513542,1784578513557.0,1784578514178.6978,851.733,15.0,621.698,,1488.431
e-1355,1784578512740.2686,1784578513542,1784578513558.0,1784578514178.6982,801.731,16.0,620.698,,1438.43
e-1356,1784578512790.27,1784578513542,1784578513558.0,1784578514178.6987,751.73,16.0,620.699,,1388.429
e-1357,1784578512840.2712,1784578513542,1784578513558.0,1784578514178.6992,701.729,16.0,620.699,,1338.428
e-1358,1784578512890.281,1784578513542,1784578513558.0,1784578514178.7,651.719,16.0,620.7,,1288.419
e-1359,1784578512940.288,1784578513542,1784578513558.0,1784578514178.7004,601.712,16.0,620.7,,1238.412
e-1360,1784578512990.2725,1784578513542,1784578513558.0,1784578514178.75,551.728,16.0,620.75,,1188.478
e-1361,1784578513040.271,1784578513542,1784578513558.0,1784578514178.7507,501.729,16.0,620.751,,1138.48
e-1362,1784578513090.2712,1784578513542,1784578513558.0,1784578514178.7559,451.729,16.0,620.756,,1088.485
e-1363,1784578513140.281,1784578513542,1784578513558.0,1784578514178.7566,401.719,16.0,620.757,,1038.476
e-1364,1784578513190.274,1784578513542,1784578513558.0,1784578514178.757,351.726,16.0,620.757,,988.483
e-1365,1784578513240.2754,1784578513542,1784578513558.0,1784578514178.7576,301.725,16.0,620.758,,938.482
e-1366,1784578513290.2634,1784578513542,1784578513558.0,1784578514178.758,251.737,16.0,620.758,,888.495
e-1367,1784578513340.271,1784578513542,1784578513558.0,1784578514178.7588,201.729,16.0,620.759,,838.488
e-1368,1784578513390.2708,1784578513542,1784578513558.0,1784578514178.7593,151.729,16.0,620.759,,788.489
e-1369,1784578513440.2773,1784578513542,1784578513558.0,1784578514178.7598,101.723,16.0,620.76,,738.482
e-1370,1784578513490.2795,1784578513542,1784578513559.0,1784578514178.7603,51.72,17.0,619.76,,688.481
e-1371,1784578513540.2747,1784578513542,1784578513559.0,1784578514178.7607,1.725,17.0,619.761,,638.486
e-1372,1784578513590.27,1784578514593,1784578514596.0,1784578515217.0464,1002.73,3.0,621.046,,1626.776
e-1373,1784578513640.2817,1784578514593,1784578514597.0,1784578515217.0488,952.718,4.0,620.049,,1576.767
e-1374,1784578513690.2603,1784578514593,1784578514597.0,1784578515217.0767,902.74,4.0,620.077,,1526.816
e-1375,1784578513740.2644,1784578514593,1784578514597.0,1784578515217.0771,852.736,4.0,620.077,,1476.813
e-1376,1784578513790.267,1784578514593,1784578514597.0,1784578515217.0776,802.733,4.0,620.078,,1426.811
e-1377,1784578513840.2727,1784578514593,1784578514597.0,1784578515217.0781,752.727,4.0,620.078,,1376.805
e-1378,1784578513890.2637,1784578514593,1784578514597.0,1784578515217.0786,702.736,4.0,620.079,,1326.815
e-1379,1784578513940.261,1784578514593,1784578514597.0,1784578515217.079,652.739,4.0,620.079,,1276.818
e-1380,1784578513990.281,1784578514593,1784578514597.0,1784578515217.0796,602.719,4.0,620.08,,1226.799
e-1381,1784578514040.2651,1784578514593,1784578514597.0,1784578515217.08,552.735,4.0,620.08,,1176.815
e-1382,1784578514090.2715,1784578514593,1784578514597.0,1784578515217.0803,502.729,4.0,620.08,,1126.809
e-1383,1784578514140.261,1784578514593,1784578514597.0,1784578515217.0808,452.739,4.0,620.081,,1076.82
e-1384,1784578514190.2634,1784578514593,1784578514597.0,1784578515217.0815,402.737,4.0,620.082,,1026.818
e-1385,1784578514240.2656,1784578514593,1784578514597.0,1784578515217.082,352.734,4.0,620.082,,976.816
e-1386,1784578514290.2642,1784578514593,1784578514598.0,1784578515217.0823,302.736,5.0,619.082,,926.818
e-1387,1784578514340.2686,1784578514593,1784578514598.0,1784578515217.0828,252.731,5.0,619.083,,876.814
e-1388,1784578514390.28,1784578514593,1784578514598.0,1784578515217.0833,202.72,5.0,619.083,,826.803
e-1389,1784578514440.2617,1784578514593,1784578514598.0,1784578515217.0837,152.738,5.0,619.084,,776.822
e-1390,1784578514490.2817,1784578514593,1784578514598.0,1784578515217.084,102.718,5.0,619.084,,726.802
e-1391,1784578514540.2878,1784578514593,1784578514598.0,1784578515217.0845,52.712,5.0,619.084,,676.797
e-1392,1784578514590.2925,1784578514593,1784578514598.0,1784578515217.085,2.708,5.0,619.085,,626.792
e-1393,1784578514640.2842,1784578515642,1784578515646.0,1784578516267.4465,1001.716,4.0,621.447,,1627.162
e-1394,1784578514690.2866,1784578515642,1784578515647.0,1784578516267.4495,951.713,5.0,620.449,,1577.163
e-1395,1784578514740.276,1784578515642,1784578515647.0,1784578516267.462,901.724,5.0,620.462,,1527.186
e-1396,1784578514790.2808,1784578515642,1784578515647.0,1784578516267.4624,851.719,5.0,620.462,,1477.182
e-1397,1784578514840.2778,1784578515642,1784578515647.0,1784578516267.463,801.722,5.0,620.463,,1427.185
e-1398,1784578514890.2712,1784578515642,1784578515647.0,1784578516267.4634,751.729,5.0,620.463,,1377.192
e-1399,1784578514940.2834,1784578515642,1784578515647.0,1784578516267.4636,701.717,5.0,620.464,,1327.18
e-1400,1784578514990.2825,1784578515642,1784578515647.0,1784578516267.464,651.718,5.0,620.464,,1277.182
e-1401,1784578515040.2593,1784578515642,1784578515647.0,1784578516267.4646,601.741,5.0,620.465,,1227.205
e-1402,1784578515090.2583,1784578515642,1784578515647.0,1784578516267.465,551.742,5.0,620.465,,1177.207
e-1403,1784578515140.2698,1784578515642,1784578515647.0,1784578516267.4656,501.73,5.0,620.466,,1127.196
e-1404,1784578515190.273,1784578515642,1784578515647.0,1784578516267.4695,451.727,5.0,620.469,,1077.197
e-1405,1784578515240.2676,1784578515642,1784578515647.0,1784578516267.4746,401.732,5.0,620.475,,1027.207
e-1406,1784578515290.273,1784578515642,1784578515647.0,1784578516267.475,351.727,5.0,620.475,,977.202
e-1407,1784578515340.26,1784578515642,1784578515647.0,1784578516267.4753,301.74,5.0,620.475,,927.215
e-1408,1784578515390.259,1784578515642,1784578515647.0,1784578516267.4758,251.741,5.0,620.476,,877.217
e-1409,1784578515440.2734,1784578515642,1784578515647.0,1784578516267.4802,201.727,5.0,620.48,,827.207
e-1410,1784578515490.2654,1784578515642,1784578515648.0,1784578516267.4807,151.735,6.0,619.481,,777.215
e-1411,1784578515540.2795,1784578515642,1784578515648.0,1784578516267.4812,101.72,6.0,619.481,,727.202
e-1412,1784578515590.2664,1784578515642,1784578515648.0,1784578516267.4814,51.734,6.0,619.481,,677.215
e-1413,1784578515640.2708,1784578515642,1784578515648.0,1784578516267.482,1.729,6.0,619.482,,627.211
e-1414,1784578515690.2686,1784578516692,1784578516696.0,1784578517315.7854,1001.731,4.0,619.785,,1625.517
e-1415,1784578515740.2646,1784578516692,1784578516696.0,1784578517315.787,951.735,4.0,619.787,,1575.522
e-1416,1784578515790.274,1784578516692,1784578516696.0,1784578517315.7876,901.726,4.0,619.788,,1525.514
e-1417,1784578515840.2637,1784578516692,1784578516696.0,1784578517315.7964,851.736,4.0,619.796,,1475.533
e-1418,1784578515890.2603,1784578516692,1784578516696.0,1784578517315.7969,801.74,4.0,619.797,,1425.537
e-1419,1784578515940.2815,1784578516692,1784578516696.0,1784578517315.797,751.719,4.0,619.797,,1375.516
e-1420,1784578515990.274,1784578516692,1784578516697.0,1784578517315.7974,701.726,5.0,618.797,,1325.523
e-1421,1784578516040.269,1784578516692,1784578516697.0,1784578517315.7976,651.731,5.0,618.798,,1275.529
e-1422,1784578516090.269,1784578516692,1784578516697.0,1784578517315.7979,601.731,5.0,618.798,,1225.529
e-1423,1784578516140.28,1784578516692,1784578516697.0,1784578517315.798,551.72,5.0,618.798,,1175.518
e-1424,1784578516190.2925,1784578516692,1784578516697.0,1784578517315.7983,501.708,5.0,618.798,,1125.506
e-1425,1784578516240.27,1784578516692,1784578516697.0,1784578517315.7986,451.73,5.0,618.799,,1075.529
e-1426,1784578516290.2827,1784578516692,1784578516697.0,1784578517315.7988,401.717,5.0,618.799,,1025.516
e-1427,1784578516340.2786,1784578516692,1784578516697.0,1784578517315.799,351.721,5.0,618.799,,975.521
e-1428,1784578516390.2769,1784578516692,1784578516697.0,1784578517315.7993,301.723,5.0,618.799,,925.522
e-1429,1784578516440.2815,1784578516692,1784578516697.0,1784578517315.7996,251.719,5.0,618.8,,875.518
e-1430,1784578516490.293,1784578516692,1784578516697.0,1784578517315.7998,201.707,5.0,618.8,,825.507
e-1431,1784578516540.272,1784578516692,1784578516697.0,1784578517315.8,151.728,5.0,618.8,,775.528
e-1432,1784578516590.2915,1784578516692,1784578516697.0,1784578517315.8,101.708,5.0,618.8,,725.509
e-1433,1784578516640.279,1784578516692,1784578516697.0,1784578517315.8003,51.721,5.0,618.8,,675.521
e-1434,1784578516690.286,1784578516692,1784578516697.0,1784578517315.8005,1.714,5.0,618.801,,625.515
e-1435,1784578516740.282,1784578517742,1784578517747.0,1784578518368.4775,1001.718,5.0,621.478,,1628.196
e-1436,1784578516790.2722,1784578517742,1784578517747.0,1784578518368.48,951.728,5.0,621.48,,1578.208
e-1437,1784578516840.2744,1784578517742,1784578517747.0,1784578518368.4807,901.726,5.0,621.481,,1528.206
e-1438,1784578516890.2656,1784578517742,1784578517747.0,1784578518368.4924,851.734,5.0,621.492,,1478.227
e-1439,1784578516940.27,1784578517742,1784578517747.0,1784578518368.493,801.73,5.0,621.493,,1428.223
e-1440,1784578516990.266,1784578517742,1784578517747.0,1784578518368.4934,751.734,5.0,621.493,,1378.227
e-1441,1784578517040.274,1784578517742,1784578517747.0,1784578518368.494,701.726,5.0,621.494,,1328.22
e-1442,1784578517090.2654,1784578517742,1784578517747.0,1784578518368.4941,651.735,5.0,621.494,,1278.229
e-1443,1784578517140.256,1784578517742,1784578517747.0,1784578518368.4946,601.744,5.0,621.495,,1228.239
e-1444,1784578517190.27,1784578517742,1784578517747.0,1784578518368.495,551.73,5.0,621.495,,1178.225
e-1445,1784578517240.2722,1784578517742,1784578517747.0,1784578518368.517,501.728,5.0,621.517,,1128.245
e-1446,1784578517290.2656,1784578517742,1784578517747.0,1784578518368.5176,451.734,5.0,621.518,,1078.252
e-1447,1784578517340.2637,1784578517742,1784578517747.0,1784578518368.5222,401.736,5.0,621.522,,1028.259
e-1448,1784578517390.2642,1784578517742,1784578517748.0,1784578518368.5227,351.736,6.0,620.523,,978.259
e-1449,1784578517440.275,1784578517742,1784578517748.0,1784578518368.5232,301.725,6.0,620.523,,928.248
e-1450,1784578517490.266,1784578517742,1784578517748.0,1784578518368.5234,251.734,6.0,620.523,,878.257
e-1451,1784578517540.2761,1784578517742,1784578517748.0,1784578518368.524,201.724,6.0,620.524,,828.248
e-1452,1784578517590.272,1784578517742,1784578517748.0,1784578518368.5244,151.728,6.0,620.524,,778.252
e-1453,1784578517640.269,1784578517742,1784578517748.0,1784578518368.525,101.731,6.0,620.525,,728.256
e-1454,1784578517690.2712,1784578517742,1784578517748.0,1784578518368.5254,51.729,6.0,620.525,,678.254
e-1455,1784578517740.2747,1784578517742,1784578517748.0,1784578518368.526,1.725,6.0,620.526,,628.251
e-1456,1784578517790.2688,1784578518792,1784578518797.0,1784578519418.6956,1001.731,5.0,621.696,,1628.427
e-1457,1784578517840.2668,1784578518792,1784578518797.0,1784578519418.6982,951.733,5.0,621.698,,1578.431
e-1458,1784578517890.2732,1784578518792,1784578518797.0,1784578519418.699,901.727,5.0,621.699,,1528.426
e-1459,1784578517940.2773,1784578518792,1784578518797.0,1784578519418.7112,851.723,5.0,621.711,,1478.434
e-1460,1784578517990.274,1784578518792,1784578518797.0,1784578519418.7117,801.726,5.0,621.712,,1428.438
e-1461,1784578518040.2717,1784578518792,1784578518797.0,1784578519418.7122,751.728,5.0,621.712,,1378.44
e-1462,1784578518090.2695,1784578518792,1784578518797.0,1784578519418.7126,701.73,5.0,621.713,,1328.443
e-1463,1784578518140.272,1784578518792,1784578518797.0,1784578519418.713,651.728,5.0,621.713,,1278.441
e-1464,1784578518190.2688,1784578518792,1784578518797.0,1784578519418.7134,601.731,5.0,621.713,,1228.445
e-1465,1784578518240.2705,1784578518792,1784578518797.0,1784578519418.7139,551.729,5.0,621.714,,1178.443
e-1466,1784578518290.2717,1784578518792,1784578518797.0,1784578519418.7144,501.728,5.0,621.714,,1128.443
e-1467,1784578518340.2688,1784578518792,1784578518797.0,1784578519418.7146,451.731,5.0,621.715,,1078.446
e-1468,1784578518390.2625,1784578518792,1784578518797.0,1784578519418.715,401.738,5.0,621.715,,1028.453
e-1469,1784578518440.2776,1784578518792,1784578518798.0,1784578519418.7158,351.722,6.0,620.716,,978.438
e-1470,1784578518490.2747,1784578518792,1784578518798.0,1784578519418.7163,301.725,6.0,620.716,,928.442
e-1471,1784578518540.2761,1784578518792,1784578518798.0,1784578519418.7166,251.724,6.0,620.717,,878.44
e-1472,1784578518590.2732,1784578518792,1784578518798.0,1784578519418.717,201.727,6.0,620.717,,828.444
e-1473,1784578518640.2795,1784578518792,1784578518798.0,1784578519418.7175,151.72,6.0,620.718,,778.438
e-1474,1784578518690.268,1784578518792,1784578518798.0,1784578519418.718,101.732,6.0,620.718,,728.45
e-1475,1784578518740.2715,1784578518792,1784578518798.0,1784578519418.723,51.729,6.0,620.723,,678.451
e-1476,1784578518790.2747,1784578518792,1784578518798.0,1784578519418.7234,1.725,6.0,620.723,,628.449
e-1477,1784578518840.272,1784578519843,1784578519847.0,1784578520467.8032,1002.728,4.0,620.803,,1627.531
e-1478,1784578518890.2732,1784578519843,1784578519847.0,1784578520467.8057,952.727,4.0,620.806,,1577.532
e-1479,1784578518940.28,1784578519843,1784578519847.0,1784578520467.8066,902.72,4.0,620.807,,1527.527
e-1480,1784578518990.2705,1784578519843,1784578519847.0,1784578520467.819,852.729,4.0,620.819,,1477.549
e-1481,1784578519040.2603,1784578519843,1784578519847.0,1784578520467.8198,802.74,4.0,620.82,,1427.56
e-1482,1784578519090.2605,1784578519843,1784578519847.0,1784578520467.8203,752.74,4.0,620.82,,1377.56
e-1483,1784578519140.2664,1784578519843,1784578519847.0,1784578520467.8208,702.734,4.0,620.821,,1327.554
e-1484,1784578519190.2703,1784578519843,1784578519847.0,1784578520467.8213,652.73,4.0,620.821,,1277.551
e-1485,1784578519240.2607,1784578519843,1784578519847.0,1784578520467.8218,602.739,4.0,620.822,,1227.561
e-1486,1784578519290.2593,1784578519843,1784578519847.0,1784578520467.8225,552.741,4.0,620.823,,1177.563
e-1487,1784578519340.2683,1784578519843,1784578519847.0,1784578520467.823,502.732,4.0,620.823,,1127.555
e-1488,1784578519390.2725,1784578519843,1784578519847.0,1784578520467.8237,452.728,4.0,620.824,,1077.551
e-1489,1784578519440.2793,1784578519843,1784578519847.0,1784578520467.8242,402.721,4.0,620.824,,1027.545
e-1490,1784578519490.272,1784578519843,1784578519848.0,1784578520467.8289,352.728,5.0,619.829,,977.557
e-1491,1784578519540.2603,1784578519843,1784578519848.0,1784578520467.8293,302.74,5.0,619.829,,927.569
e-1492,1784578519590.268,1784578519843,1784578519848.0,1784578520467.8298,252.732,5.0,619.83,,877.562
e-1493,1784578519640.2644,1784578519843,1784578519848.0,1784578520467.8303,202.736,5.0,619.83,,827.566
e-1494,1784578519690.2722,1784578519843,1784578519848.0,1784578520467.8308,152.728,5.0,619.831,,777.559
e-1495,1784578519740.289,1784578519843,1784578519848.0,1784578520467.8313,102.711,5.0,619.831,,727.542
e-1496,1784578519790.2798,1784578519843,1784578519848.0,1784578520467.8318,52.72,5.0,619.832,,677.552
e-1497,1784578519840.2534,1784578519843,1784578519848.0,1784578520467.8325,2.747,5.0,619.833,,627.579
e-1498,1784578519890.275,1784578520892,1784578520896.0,1784578521517.164,1001.725,4.0,621.164,,1626.889
e-1499,1784578519940.2803,1784578520892,1784578520896.0,1784578521517.1685,951.72,4.0,621.168,,1576.888
e-1500,1784578519990.2676,1784578520892,1784578520896.0,1784578521517.1694,901.732,4.0,621.169,,1526.902
e-1501,1784578520040.2676,1784578520892,1784578520896.0,1784578521517.1704,851.732,4.0,621.17,,1476.903
e-1502,1784578520090.2708,1784578520892,1784578520897.0,1784578521517.1843,801.729,5.0,620.184,,1426.914
e-1503,1784578520140.2715,1784578520892,1784578520897.0,1784578521517.1855,751.729,5.0,620.186,,1376.914
e-1504,1784578520190.275,1784578520892,1784578520897.0,1784578521517.1863,701.725,5.0,620.186,,1326.911
e-1505,1784578520240.2734,1784578520892,1784578520897.0,1784578521517.187,651.727,5.0,620.187,,1276.914
e-1506,1784578520290.2637,1784578520892,1784578520897.0,1784578521517.1877,601.736,5.0,620.188,,1226.924
e-1507,1784578520340.2776,1784578520892,1784578520897.0,1784578521517.1882,551.722,5.0,620.188,,1176.911
e-1508,1784578520390.2708,1784578520892,1784578520897.0,1784578521517.1887,501.729,5.0,620.189,,1126.918
e-1509,1784578520440.27,1784578520892,1784578520897.0,1784578521517.1892,451.73,5.0,620.189,,1076.919
e-1510,1784578520490.2612,1784578520892,1784578520897.0,1784578521517.1897,401.739,5.0,620.19,,1026.928
e-1511,1784578520540.2664,1784578520892,1784578520897.0,1784578521517.1902,351.734,5.0,620.19,,976.924
e-1512,1784578520590.2727,1784578520892,1784578520897.0,1784578521517.1907,301.727,5.0,620.191,,926.918
e-1513,1784578520640.263,1784578520892,1784578520897.0,1784578521517.1912,251.737,5.0,620.191,,876.928
e-1514,1784578520690.2788,1784578520892,1784578520897.0,1784578521517.1917,201.721,5.0,620.192,,826.913
e-1515,1784578520740.277,1784578520892,1784578520897.0,1784578521517.1921,151.723,5.0,620.192,,776.915
e-1516,1784578520790.286,1784578520892,1784578520897.0,1784578521517.1924,101.714,5.0,620.192,,726.906
e-1517,1784578520840.261,1784578520892,1784578520897.0,1784578521517.1929,51.739,5.0,620.193,,676.932
e-1518,1784578520890.2664,1784578520892,1784578520897.0,1784578521517.1934,1.734,5.0,620.193,,626.927
e-1519,1784578520940.2778,1784578521941,1784578521945.0,1784578522564.789,1000.722,4.0,619.789,,1624.511
e-1520,1784578520990.2742,1784578521941,1784578521946.0,1784578522564.7922,950.726,5.0,618.792,,1574.518
e-1521,1784578521040.279,1784578521941,1784578521946.0,1784578522564.7932,900.721,5.0,618.793,,1524.514
e-1522,1784578521090.276,1784578521941,1784578521946.0,1784578522564.794,850.724,5.0,618.794,,1474.518
e-1523,1784578521140.2646,1784578521941,1784578521946.0,1784578522564.8108,800.735,5.0,618.811,,1424.546
e-1524,1784578521190.2732,1784578521941,1784578521946.0,1784578522564.8118,750.727,5.0,618.812,,1374.539
e-1525,1784578521240.2783,1784578521941,1784578521946.0,1784578522564.8123,700.722,5.0,618.812,,1324.534
e-1526,1784578521290.2627,1784578521941,1784578521946.0,1784578522564.8127,650.737,5.0,618.813,,1274.55
e-1527,1784578521340.2625,1784578521941,1784578521946.0,1784578522564.813,600.738,5.0,618.813,,1224.551
e-1528,1784578521390.2642,1784578521941,1784578521946.0,1784578522564.8137,550.736,5.0,618.814,,1174.55
e-1529,1784578521440.2827,1784578521941,1784578521946.0,1784578522564.8142,500.717,5.0,618.814,,1124.531
e-1530,1784578521490.2722,1784578521941,1784578521946.0,1784578522564.8147,450.728,5.0,618.815,,1074.542
e-1531,1784578521540.2646,1784578521941,1784578521947.0,1784578522564.8152,400.735,6.0,617.815,,1024.551
e-1532,1784578521590.2664,1784578521941,1784578521947.0,1784578522564.8154,350.734,6.0,617.815,,974.549
e-1533,1784578521640.2744,1784578521941,1784578521947.0,1784578522564.816,300.726,6.0,617.816,,924.542
e-1534,1784578521690.267,1784578521941,1784578521947.0,1784578522564.8208,250.733,6.0,617.821,,874.554
e-1535,1784578521740.262,1784578521941,1784578521947.0,1784578522564.8213,200.738,6.0,617.821,,824.559
e-1536,1784578521790.2725,1784578521941,1784578521947.0,1784578522564.8218,150.728,6.0,617.822,,774.549
e-1537,1784578521840.276,1784578521941,1784578521947.0,1784578522564.8223,100.724,6.0,617.822,,724.546
e-1538,1784578521890.2712,1784578521941,1784578521947.0,1784578522564.8228,50.729,6.0,617.823,,674.552
e-1539,1784578521940.26,1784578521941,1784578521947.0,1784578522564.8232,0.74,6.0,617.823,,624.563
e-1540,1784578521990.2612,1784578522993,1784578522996.0,1784578523616.4023,1002.739,3.0,620.402,,1626.141
e-1541,1784578522040.276,1784578522993,1784578522997.0,1784578523616.4058,952.724,4.0,619.406,,1576.13
e-1542,1784578522090.2734,1784578522993,1784578522997.0,1784578523616.407,902.727,4.0,619.407,,1526.134
e-1543,1784578522140.2727,1784578522993,1784578522997.0,1784578523616.4075,852.727,4.0,619.407,,1476.135
e-1544,1784578522190.2734,1784578522993,1784578522997.0,1784578523616.4187,802.727,4.0,619.419,,1426.145
e-1545,1784578522240.2664,1784578522993,1784578522997.0,1784578523616.4194,752.734,4.0,619.419,,1376.153
e-1546,1784578522290.2722,1784578522993,1784578522997.0,1784578523616.42,702.728,4.0,619.42,,1326.148
e-1547,1784578522340.268,1784578522993,1784578522997.0,1784578523616.4204,652.732,4.0,619.42,,1276.152
e-1548,1784578522390.2737,1784578522993,1784578522997.0,1784578523616.4207,602.726,4.0,619.421,,1226.147
e-1549,1784578522440.2656,1784578522993,1784578522997.0,1784578523616.4211,552.734,4.0,619.421,,1176.156
e-1550,1784578522490.2703,1784578522993,1784578522997.0,1784578523616.4216,502.73,4.0,619.422,,1126.151
e-1551,1784578522540.276,1784578522993,1784578522997.0,1784578523616.422,452.724,4.0,619.422,,1076.146
e-1552,1784578522590.268,1784578522993,1784578522997.0,1784578523616.4226,402.732,4.0,619.423,,1026.155
e-1553,1784578522640.2712,1784578522993,1784578522997.0,1784578523616.4229,352.729,4.0,619.423,,976.152
e-1554,1784578522690.2634,1784578522993,1784578522997.0,1784578523616.4236,302.737,4.0,619.424,,926.16
e-1555,1784578522740.2222,1784578522993,1784578522997.0,1784578523616.424,252.778,4.0,619.424,,876.202
e-1556,1784578522790.2734,1784578522993,1784578522997.0,1784578523616.4246,202.727,4.0,619.425,,826.151
e-1557,1784578522840.2637,1784578522993,1784578522997.0,1784578523616.425,152.736,4.0,619.425,,776.161
e-1558,1784578522890.27,1784578522993,1784578522998.0,1784578523616.4253,102.73,5.0,618.425,,726.155
e-1559,1784578522940.2815,1784578522993,1784578522998.0,1784578523616.4258,52.719,5.0,618.426,,676.144
e-1560,1784578522990.2893,1784578522993,1784578522998.0,1784578523616.4263,2.711,5.0,618.426,,626.137
e-1561,1784578523040.2715,1784578524043,1784578524046.0,1784578524665.8423,1002.729,3.0,619.842,,1625.571
e-1562,1784578523090.2686,1784578524043,1784578524046.0,1784578524665.8452,952.731,3.0,619.845,,1575.577
e-1563,1784578523140.272,1784578524043,1784578524047.0,1784578524665.8462,902.728,4.0,618.846,,1525.574
e-1564,1784578523190.267,1784578524043,1784578524047.0,1784578524665.8467,852.733,4.0,618.847,,1475.58
e-1565,1784578523240.2725,1784578524043,1784578524047.0,1784578524665.856,802.728,4.0,618.856,,1425.583
e-1566,1784578523290.269,1784578524043,1784578524047.0,1784578524665.8567,752.731,4.0,618.857,,1375.588
e-1567,1784578523340.2773,1784578524043,1784578524047.0,1784578524665.857,702.723,4.0,618.857,,1325.58
e-1568,1784578523390.2644,1784578524043,1784578524047.0,1784578524665.8572,652.736,4.0,618.857,,1275.593
e-1569,1784578523440.2683,1784578524043,1784578524047.0,1784578524665.8577,602.732,4.0,618.858,,1225.589
e-1570,1784578523490.2708,1784578524043,1784578524047.0,1784578524665.8582,552.729,4.0,618.858,,1175.587
e-1571,1784578523540.2734,1784578524043,1784578524047.0,1784578524665.8586,502.727,4.0,618.859,,1125.585
e-1572,1784578523590.2617,1784578524043,1784578524047.0,1784578524665.8591,452.738,4.0,618.859,,1075.597
e-1573,1784578523640.2747,1784578524043,1784578524047.0,1784578524665.8594,402.725,4.0,618.859,,1025.585
e-1574,1784578523690.2708,1784578524043,1784578524047.0,1784578524665.8596,352.729,4.0,618.86,,975.589
e-1575,1784578523740.2683,1784578524043,1784578524047.0,1784578524665.86,302.732,4.0,618.86,,925.592
e-1576,1784578523790.2747,1784578524043,1784578524047.0,1784578524665.863,252.725,4.0,618.863,,875.588
e-1577,1784578523840.2607,1784578524043,1784578524047.0,1784578524665.8633,202.739,4.0,618.863,,825.603
e-1578,1784578523890.2625,1784578524043,1784578524047.0,1784578524665.8638,152.738,4.0,618.864,,775.601
e-1579,1784578523940.2598,1784578524043,1784578524047.0,1784578524665.864,102.74,4.0,618.864,,725.604
e-1580,1784578523990.2761,1784578524043,1784578524047.0,1784578524665.8645,52.724,4.0,618.865,,675.588
e-1581,1784578524040.2764,1784578524043,1784578524047.0,1784578524665.8647,2.724,4.0,618.865,,625.588
e-1582,1784578524090.2695,1784578525093,1784578525097.0,1784578525715.9187,1002.73,4.0,618.919,,1625.649
e-1583,1784578524140.2742,1784578525093,1784578525097.0,1784578525715.9211,952.726,4.0,618.921,,1575.647
e-1584,1784578524190.271,1784578525093,1784578525097.0,1784578525715.9219,902.729,4.0,618.922,,1525.651
e-1585,1784578524240.287,1784578525093,1784578525097.0,1784578525715.923,852.713,4.0,618.923,,1475.636
e-1586,1784578524290.272,1784578525093,1784578525097.0,1784578525715.9236,802.728,4.0,618.924,,1425.652
e-1587,1784578524340.2632,1784578525093,1784578525097.0,1784578525715.9368,752.737,4.0,618.937,,1375.674
e-1588,1784578524390.2722,1784578525093,1784578525097.0,1784578525715.9375,702.728,4.0,618.938,,1325.665
e-1589,1784578524440.2793,1784578525093,1784578525097.0,1784578525715.938,652.721,4.0,618.938,,1275.659
e-1590,1784578524490.2654,1784578525093,1784578525097.0,1784578525715.9385,602.735,4.0,618.938,,1225.673
e-1591,1784578524540.2778,1784578525093,1784578525097.0,1784578525715.939,552.722,4.0,618.939,,1175.661
e-1592,1784578524590.292,1784578525093,1784578525097.0,1784578525715.9395,502.708,4.0,618.939,,1125.647
e-1593,1784578524640.272,1784578525093,1784578525097.0,1784578525715.94,452.728,4.0,618.94,,1075.668
e-1594,1784578524690.265,1784578525093,1784578525097.0,1784578525715.9404,402.735,4.0,618.94,,1025.676
e-1595,1784578524740.2722,1784578525093,1784578525097.0,1784578525715.9407,352.728,4.0,618.941,,975.668
e-1596,1784578524790.264,1784578525093,1784578525098.0,1784578525715.9412,302.736,5.0,617.941,,925.677
e-1597,1784578524840.2659,1784578525093,1784578525098.0,1784578525715.9417,252.734,5.0,617.942,,875.676
e-1598,1784578524890.2644,1784578525093,1784578525098.0,1784578525715.942,202.736,5.0,617.942,,825.677
e-1599,1784578524940.2798,1784578525093,1784578525098.0,1784578525715.9424,152.72,5.0,617.942,,775.663
e-1600,1784578524990.2705,1784578525093,1784578525098.0,1784578525715.9429,102.729,5.0,617.943,,725.672
e-1601,1784578525040.2598,1784578525093,1784578525098.0,1784578525715.9434,52.74,5.0,617.943,,675.684
e-1602,1784578525090.2693,1784578525093,1784578525098.0,1784578525715.9438,2.731,5.0,617.944,,625.675
e-1603,1784578525140.27,1784578526143,1784578526147.0,1784578526767.5342,1002.73,4.0,620.534,,1627.264
e-1604,1784578525190.274,1784578526143,1784578526147.0,1784578526767.5374,952.726,4.0,620.537,,1577.263
e-1605,1784578525240.2727,1784578526143,1784578526148.0,1784578526767.5383,902.727,5.0,619.538,,1527.266
e-1606,1784578525290.2761,1784578526143,1784578526148.0,1784578526767.539,852.724,5.0,619.539,,1477.263
e-1607,1784578525340.267,1784578526143,1784578526148.0,1784578526767.5513,802.733,5.0,619.551,,1427.284
e-1608,1784578525390.2654,1784578526143,1784578526148.0,1784578526767.5554,752.735,5.0,619.555,,1377.29
e-1609,1784578525440.2678,1784578526143,1784578526148.0,1784578526767.556,702.732,5.0,619.556,,1327.288
e-1610,1784578525490.2634,1784578526143,1784578526148.0,1784578526767.5564,652.737,5.0,619.556,,1277.293
e-1611,1784578525540.264,1784578526143,1784578526148.0,1784578526767.5571,602.736,5.0,619.557,,1227.293
e-1612,1784578525590.2893,1784578526143,1784578526148.0,1784578526767.5576,552.711,5.0,619.558,,1177.268
e-1613,1784578525640.2927,1784578526143,1784578526148.0,1784578526767.558,502.707,5.0,619.558,,1127.265
e-1614,1784578525690.272,1784578526143,1784578526148.0,1784578526767.5583,452.728,5.0,619.558,,1077.286
e-1615,1784578525740.2715,1784578526143,1784578526148.0,1784578526767.5588,402.729,5.0,619.559,,1027.287
e-1616,1784578525790.2722,1784578526143,1784578526148.0,1784578526767.5593,352.728,5.0,619.559,,977.287
e-1617,1784578525840.2603,1784578526143,1784578526148.0,1784578526767.5598,302.74,5.0,619.56,,927.3
e-1618,1784578525890.2603,1784578526143,1784578526148.0,1784578526767.56,252.74,5.0,619.56,,877.3
e-1619,1784578525940.2651,1784578526143,1784578526148.0,1784578526767.5645,202.735,5.0,619.564,,827.299
e-1620,1784578525990.2761,1784578526143,1784578526148.0,1784578526767.5647,152.724,5.0,619.565,,777.289
e-1621,1784578526040.2776,1784578526143,1784578526148.0,1784578526767.5652,102.722,5.0,619.565,,727.288
e-1622,1784578526090.269,1784578526143,1784578526148.0,1784578526767.5657,52.731,5.0,619.566,,677.297
e-1623,1784578526140.2732,1784578526143,1784578526148.0,1784578526767.5662,2.727,5.0,619.566,,627.293
e-1624,1784578526190.2737,1784578527192,1784578527196.0,1784578527814.3318,1001.726,4.0,618.332,,1624.058
e-1625,1784578526240.275,1784578527192,1784578527196.0,1784578527814.3354,951.725,4.0,618.335,,1574.061
e-1626,1784578526290.2776,1784578527192,1784578527196.0,1784578527814.3364,901.722,4.0,618.336,,1524.059
e-1627,1784578526340.2595,1784578527192,1784578527196.0,1784578527814.337,851.74,4.0,618.337,,1474.077
e-1628,1784578526390.2734,1784578527192,1784578527196.0,1784578527814.338,801.727,4.0,618.338,,1424.064
e-1629,1784578526440.2642,1784578527192,1784578527196.0,1784578527814.3564,751.736,4.0,618.356,,1374.092
e-1630,1784578526490.2627,1784578527192,1784578527196.0,1784578527814.3572,701.737,4.0,618.357,,1324.094
e-1631,1784578526540.2727,1784578527192,1784578527196.0,1784578527814.3582,651.727,4.0,618.358,,1274.085
e-1632,1784578526590.2725,1784578527192,1784578527196.0,1784578527814.3586,601.728,4.0,618.359,,1224.086
e-1633,1784578526640.2732,1784578527192,1784578527196.0,1784578527814.359,551.727,4.0,618.359,,1174.086
e-1634,1784578526690.2722,1784578527192,1784578527196.0,1784578527814.3594,501.728,4.0,618.359,,1124.087
e-1635,1784578526740.2432,1784578527192,1784578527196.0,1784578527814.3599,451.757,4.0,618.36,,1074.117
e-1636,1784578526790.2727,1784578527192,1784578527196.0,1784578527814.3604,401.727,4.0,618.36,,1024.088
e-1637,1784578526840.2737,1784578527192,1784578527197.0,1784578527814.3608,351.726,5.0,617.361,,974.087
e-1638,1784578526890.2705,1784578527192,1784578527197.0,1784578527814.3613,301.729,5.0,617.361,,924.091
e-1639,1784578526940.2654,1784578527192,1784578527197.0,1784578527814.362,251.735,5.0,617.362,,874.097
e-1640,1784578526990.272,1784578527192,1784578527197.0,1784578527814.3625,201.728,5.0,617.363,,824.091
e-1641,1784578527040.27,1784578527192,1784578527197.0,1784578527814.3628,151.73,5.0,617.363,,774.093
e-1642,1784578527090.2622,1784578527192,1784578527197.0,1784578527814.3633,101.738,5.0,617.363,,724.101
e-1643,1784578527140.4832,1784578527192,1784578527197.0,1784578527814.3792,51.517,5.0,617.379,,673.896
e-1644,1784578527190.2832,1784578527192,1784578527197.0,1784578527814.38,1.717,5.0,617.38,,624.097
e-1645,1784578527240.25,1784578528243,1784578528247.0,1784578528866.129,1002.75,4.0,619.129,,1625.879
e-1646,1784578527290.2744,1784578528243,1784578528247.0,1784578528866.132,952.726,4.0,619.132,,1575.858
e-1647,1784578527340.269,1784578528243,1784578528247.0,1784578528866.133,902.731,4.0,619.133,,1525.864
e-1648,1784578527390.2737,1784578528243,1784578528247.0,1784578528866.1338,852.726,4.0,619.134,,1475.86
e-1649,1784578527440.2708,1784578528243,1784578528247.0,1784578528866.1345,802.729,4.0,619.135,,1425.864
e-1650,1784578527490.2827,1784578528243,1784578528247.0,1784578528866.1494,752.717,4.0,619.149,,1375.867
e-1651,1784578527540.2664,1784578528243,1784578528247.0,1784578528866.1501,702.734,4.0,619.15,,1325.884
e-1652,1784578527590.2734,1784578528243,1784578528247.0,1784578528866.151,652.727,4.0,619.151,,1275.877
e-1653,1784578527640.2727,1784578528243,1784578528247.0,1784578528866.1516,602.727,4.0,619.152,,1225.879
e-1654,1784578527690.2788,1784578528243,1784578528247.0,1784578528866.1523,552.721,4.0,619.152,,1175.874
e-1655,1784578527740.2917,1784578528243,1784578528247.0,1784578528866.1528,502.708,4.0,619.153,,1125.861
e-1656,1784578527790.2922,1784578528243,1784578528247.0,1784578528866.1538,452.708,4.0,619.154,,1075.862
e-1657,1784578527840.2727,1784578528243,1784578528247.0,1784578528866.1545,402.727,4.0,619.155,,1025.882
e-1658,1784578527890.265,1784578528243,1784578528247.0,1784578528866.1553,352.735,4.0,619.155,,975.89
e-1659,1784578527940.2837,1784578528243,1784578528247.0,1784578528866.1558,302.716,4.0,619.156,,925.872
e-1660,1784578527990.292,1784578528243,1784578528247.0,1784578528866.1565,252.708,4.0,619.156,,875.865
e-1661,1784578528040.2922,1784578528243,1784578528247.0,1784578528866.157,202.708,4.0,619.157,,825.865
e-1662,1784578528090.2717,1784578528243,1784578528247.0,1784578528866.1624,152.728,4.0,619.162,,775.891
e-1663,1784578528140.2744,1784578528243,1784578528247.0,1784578528866.1628,102.726,4.0,619.163,,725.888
e-1664,1784578528190.2712,1784578528243,1784578528247.0,1784578528866.163,52.729,4.0,619.163,,675.892
e-1665,1784578528240.2705,1784578528243,1784578528248.0,1784578528866.1636,2.729,5.0,618.164,,625.893
e-1666,1784578528290.27,1784578529293,1784578529296.0,1784578529914.3381,1002.73,3.0,618.338,,1624.068
e-1667,1784578528340.2742,1784578529293,1784578529297.0,1784578529914.3408,952.726,4.0,617.341,,1574.067
e-1668,1784578528390.2722,1784578529293,1784578529297.0,1784578529914.3416,902.728,4.0,617.342,,1524.069
e-1669,1784578528440.2615,1784578529293,1784578529297.0,1784578529914.342,852.739,4.0,617.342,,1474.081
e-1670,1784578528490.2654,1784578529293,1784578529297.0,1784578529914.3425,802.735,4.0,617.343,,1424.077
e-1671,1784578528540.2664,1784578529293,1784578529297.0,1784578529914.343,752.734,4.0,617.343,,1374.077
e-1672,1784578528590.2788,1784578529293,1784578529297.0,1784578529914.3542,702.721,4.0,617.354,,1324.075
e-1673,1784578528640.272,1784578529293,1784578529297.0,1784578529914.3584,652.728,4.0,617.358,,1274.086
e-1674,1784578528690.2698,1784578529293,1784578529297.0,1784578529914.359,602.73,4.0,617.359,,1224.089
e-1675,1784578528740.2654,1784578529293,1784578529297.0,1784578529914.3594,552.735,4.0,617.359,,1174.094
e-1676,1784578528790.2732,1784578529293,1784578529297.0,1784578529914.3599,502.727,4.0,617.36,,1124.087
e-1677,1784578528840.266,1784578529293,1784578529297.0,1784578529914.3604,452.734,4.0,617.36,,1074.094
e-1678,1784578528890.2654,1784578529293,1784578529297.0,1784578529914.3608,402.735,4.0,617.361,,1024.095
e-1679,1784578528940.2646,1784578529293,1784578529297.0,1784578529914.361,352.735,4.0,617.361,,974.096
e-1680,1784578528990.2756,1784578529293,1784578529297.0,1784578529914.3616,302.724,4.0,617.362,,924.086
e-1681,1784578529040.2854,1784578529293,1784578529297.0,1784578529914.362,252.715,4.0,617.362,,874.077
e-1682,1784578529090.2603,1784578529293,1784578529297.0,1784578529914.3625,202.74,4.0,617.363,,824.102
e-1683,1784578529140.2832,1784578529293,1784578529297.0,1784578529914.3628,152.717,4.0,617.363,,774.08
e-1684,1784578529190.2708,1784578529293,1784578529297.0,1784578529914.3633,102.729,4.0,617.363,,724.093
e-1685,1784578529240.2625,1784578529293,1784578529297.0,1784578529914.3638,52.738,4.0,617.364,,674.101
e-1686,1784578529290.2747,1784578529293,1784578529297.0,1784578529914.3643,2.725,4.0,617.364,,624.09
e-1687,1784578529340.266,1784578530343,1784578530346.0,1784578530964.3481,1002.734,3.0,618.348,,1624.082
e-1688,1784578529390.2727,1784578530343,1784578530347.0,1784578530964.3557,952.727,4.0,617.356,,1574.083
e-1689,1784578529440.274,1784578530343,1784578530347.0,1784578530964.3564,902.726,4.0,617.356,,1524.083
e-1690,1784578529490.272,1784578530343,1784578530347.0,1784578530964.3572,852.728,4.0,617.357,,1474.085
e-1691,1784578529540.289,1784578530343,1784578530347.0,1784578530964.3577,802.711,4.0,617.358,,1424.069
e-1692,1784578529590.2756,1784578530343,1784578530347.0,1784578530964.358,752.724,4.0,617.358,,1374.082
e-1693,1784578529640.2712,1784578530343,1784578530347.0,1784578530964.3735,702.729,4.0,617.374,,1324.102
e-1694,1784578529690.2683,1784578530343,1784578530347.0,1784578530964.374,652.732,4.0,617.374,,1274.106
e-1695,1784578529740.2634,1784578530343,1784578530347.0,1784578530964.3743,602.737,4.0,617.374,,1224.111
e-1696,1784578529790.2705,1784578530343,1784578530347.0,1784578530964.3748,552.729,4.0,617.375,,1174.104
e-1697,1784578529840.267,1784578530343,1784578530347.0,1784578530964.3752,502.733,4.0,617.375,,1124.108
e-1698,1784578529890.2676,1784578530343,1784578530347.0,1784578530964.3757,452.732,4.0,617.376,,1074.108
e-1699,1784578529940.2642,1784578530343,1784578530347.0,1784578530964.376,402.736,4.0,617.376,,1024.112
e-1700,1784578529990.2695,1784578530343,1784578530347.0,1784578530964.3765,352.73,4.0,617.376,,974.107
e-1701,1784578530040.2615,1784578530343,1784578530347.0,1784578530964.377,302.739,4.0,617.377,,924.115
e-1702,1784578530090.2688,1784578530343,1784578530347.0,1784578530964.3774,252.731,4.0,617.377,,874.109
e-1703,1784578530140.2695,1784578530343,1784578530347.0,1784578530964.3777,202.73,4.0,617.378,,824.108
e-1704,1784578530190.2236,1784578530343,1784578530347.0,1784578530964.3782,152.776,4.0,617.378,,774.155
e-1705,1784578530240.2817,1784578530343,1784578530347.0,1784578530964.3787,102.718,4.0,617.379,,724.097
e-1706,1784578530290.268,1784578530343,1784578530347.0,1784578530964.3843,52.732,4.0,617.384,,674.116
e-1707,1784578530340.2786,1784578530343,1784578530347.0,1784578530964.3848,2.721,4.0,617.385,,624.106
e-1708,1784578530390.2793,1784578531393,1784578531397.0,1784578532014.3044,1002.721,4.0,617.304,,1624.025
e-1709,1784578530440.2793,1784578531393,1784578531397.0,1784578532014.3074,952.721,4.0,617.307,,1574.028
e-1710,1784578530490.2876,1784578531393,1784578531397.0,1784578532014.308,902.712,4.0,617.308,,1524.021
e-1711,1784578530540.2917,1784578531393,1784578531397.0,1784578532014.3086,852.708,4.0,617.309,,1474.017
e-1712,1784578530590.2776,1784578531393,1784578531397.0,1784578532014.309,802.722,4.0,617.309,,1424.031
e-1713,1784578530640.272,1784578531393,1784578531397.0,1784578532014.3096,752.728,4.0,617.31,,1374.038
e-1714,1784578530690.2715,1784578531393,1784578531397.0,1784578532014.325,702.729,4.0,617.325,,1324.053
e-1715,1784578530740.282,1784578531393,1784578531397.0,1784578532014.3257,652.718,4.0,617.326,,1274.044
e-1716,1784578530790.295,1784578531393,1784578531397.0,1784578532014.326,602.705,4.0,617.326,,1224.031
e-1717,1784578530840.2805,1784578531393,1784578531397.0,1784578532014.3264,552.719,4.0,617.326,,1174.046
e-1718,1784578530890.257,1784578531393,1784578531397.0,1784578532014.327,502.743,4.0,617.327,,1124.07
e-1719,1784578530940.2812,1784578531393,1784578531397.0,1784578532014.3274,452.719,4.0,617.327,,1074.046
e-1720,1784578530990.2715,1784578531393,1784578531397.0,1784578532014.328,402.729,4.0,617.328,,1024.056
e-1721,1784578531040.2913,1784578531393,1784578531397.0,1784578532014.3284,352.709,4.0,617.328,,974.037
e-1722,1784578531090.2705,1784578531393,1784578531397.0,1784578532014.3289,302.729,4.0,617.329,,924.058
e-1723,1784578531140.2837,1784578531393,1784578531397.0,1784578532014.329,252.716,4.0,617.329,,874.045
e-1724,1784578531190.2888,1784578531393,1784578531397.0,1784578532014.3298,202.711,4.0,617.33,,824.041
e-1725,1784578531240.282,1784578531393,1784578531398.0,1784578532014.3303,152.718,5.0,616.33,,774.048
e-1726,1784578531290.2737,1784578531393,1784578531398.0,1784578532014.3308,102.726,5.0,616.331,,724.057
e-1727,1784578531340.2664,1784578531393,1784578531398.0,1784578532014.331,52.734,5.0,616.331,,674.065
e-1728,1784578531390.2727,1784578531393,1784578531398.0,1784578532014.3315,2.727,5.0,616.332,,624.059
e-1729,1784578531440.2778,1784578532442,1784578532446.0,1784578533062.27,1001.722,4.0,616.27,,1621.992
e-1730,1784578531490.268,1784578532442,1784578532446.0,1784578533062.273,951.732,4.0,616.273,,1572.005
e-1731,1784578531540.2725,1784578532442,1784578532446.0,1784578533062.274,901.728,4.0,616.274,,1522.001
e-1732,1784578531590.2734,1784578532442,1784578532446.0,1784578533062.2744,851.727,4.0,616.274,,1472.001
e-1733,1784578531640.2751,1784578532442,1784578532446.0,1784578533062.2751,801.725,4.0,616.275,,1422.0
e-1734,1784578531690.2666,1784578532442,1784578532446.0,1784578533062.276,751.733,4.0,616.276,,1372.009
e-1735,1784578531740.2659,1784578532442,1784578532446.0,1784578533062.2957,701.734,4.0,616.296,,1322.03
e-1736,1784578531790.2754,1784578532442,1784578532446.0,1784578533062.2961,651.725,4.0,616.296,,1272.021
e-1737,1784578531840.2717,1784578532442,1784578532446.0,1784578533062.2966,601.728,4.0,616.297,,1222.025
e-1738,1784578531890.2646,1784578532442,1784578532446.0,1784578533062.297,551.735,4.0,616.297,,1172.032
e-1739,1784578531940.2898,1784578532442,1784578532446.0,1784578533062.3013,501.71,4.0,616.301,,1122.011
e-1740,1784578531990.2705,1784578532442,1784578532446.0,1784578533062.3015,451.729,4.0,616.302,,1072.031
e-1741,1784578532040.292,1784578532442,1784578532446.0,1784578533062.3022,401.708,4.0,616.302,,1022.01
e-1742,1784578532090.2598,1784578532442,1784578532446.0,1784578533062.3027,351.74,4.0,616.303,,972.043
e-1743,1784578532140.2776,1784578532442,1784578532446.0,1784578533062.303,301.722,4.0,616.303,,922.025
e-1744,1784578532191.947,1784578532442,1784578532446.0,1784578533062.3035,250.053,4.0,616.303,,870.356
e-1745,1784578532240.2783,1784578532442,1784578532446.0,1784578533062.304,201.722,4.0,616.304,,822.026
e-1746,1784578532290.2717,1784578532442,1784578532446.0,1784578533062.3044,151.728,4.0,616.304,,772.033
e-1747,1784578532340.2712,1784578532442,1784578532446.0,1784578533062.305,101.729,4.0,616.305,,722.034
e-1748,1784578532390.2932,1784578532442,1784578532446.0,1784578533062.3086,51.707,4.0,616.309,,672.015
e-1749,1784578532440.2805,1784578532442,1784578532446.0,1784578533062.309,1.719,4.0,616.309,,622.029
e-1750,1784578532490.2783,1784578533493,1784578533497.0,1784578534113.8633,1002.722,4.0,616.863,,1623.585
e-1751,1784578532540.2725,1784578533493,1784578533497.0,1784578534113.8657,952.728,4.0,616.866,,1573.593
e-1752,1784578532590.2776,1784578533493,1784578533497.0,1784578534113.8665,902.722,4.0,616.866,,1523.589
e-1753,1784578532640.2693,1784578533493,1784578533497.0,1784578534113.867,852.731,4.0,616.867,,1473.598
e-1754,1784578532690.2832,1784578533493,1784578533497.0,1784578534113.8674,802.717,4.0,616.867,,1423.584
e-1755,1784578532740.2678,1784578533493,1784578533497.0,1784578534113.868,752.732,4.0,616.868,,1373.6
e-1756,1784578532790.9075,1784578533493,1784578533497.0,1784578534113.8684,702.093,4.0,616.868,,1322.961
e-1757,1784578532840.283,1784578533493,1784578533497.0,1784578534113.886,652.717,4.0,616.886,,1273.603
e-1758,1784578532890.279,1784578533493,1784578533497.0,1784578534113.8867,602.721,4.0,616.887,,1223.608
e-1759,1784578532940.2588,1784578533493,1784578533497.0,1784578534113.8872,552.741,4.0,616.887,,1173.628
e-1760,1784578532990.2905,1784578533493,1784578533497.0,1784578534113.8877,502.709,4.0,616.888,,1123.597
e-1761,1784578533040.2913,1784578533493,1784578533497.0,1784578534113.8882,452.709,4.0,616.888,,1073.597
e-1762,1784578533090.2944,1784578533493,1784578533497.0,1784578534113.8887,402.706,4.0,616.889,,1023.594
e-1763,1784578533140.2842,1784578533493,1784578533497.0,1784578534113.8892,352.716,4.0,616.889,,973.605
e-1764,1784578533190.2878,1784578533493,1784578533497.0,1784578534113.8896,302.712,4.0,616.89,,923.602
e-1765,1784578533240.2861,1784578533493,1784578533497.0,1784578534113.89,252.714,4.0,616.89,,873.604
e-1766,1784578533290.2766,1784578533493,1784578533497.0,1784578534113.8904,202.723,4.0,616.89,,823.614
e-1767,1784578533340.2622,1784578533493,1784578533497.0,1784578534113.9053,152.738,4.0,616.905,,773.643
e-1768,1784578533390.258,1784578533493,1784578533497.0,1784578534113.9058,102.742,4.0,616.906,,723.648
e-1769,1784578533440.2932,1784578533493,1784578533497.0,1784578534113.9062,52.707,4.0,616.906,,673.613
e-1770,1784578533490.2827,1784578533493,1784578533497.0,1784578534113.9065,2.717,4.0,616.906,,623.624
e-1771,1784578533540.271,1784578534542,1784578534546.0,1784578535162.7117,1001.729,4.0,616.712,,1622.441
e-1772,1784578533590.291,1784578534542,1784578534546.0,1784578535162.7146,951.709,4.0,616.715,,1572.424
e-1773,1784578533640.2786,1784578534542,1784578534546.0,1784578535162.7153,901.721,4.0,616.715,,1522.437
e-1774,1784578533690.2812,1784578534542,1784578534546.0,1784578535162.716,851.719,4.0,616.716,,1472.435
e-1775,1784578533740.266,1784578534542,1784578534546.0,1784578535162.7168,801.734,4.0,616.717,,1422.451
e-1776,1784578533790.264,1784578534542,1784578534546.0,1784578535162.7173,751.736,4.0,616.717,,1372.453
e-1777,1784578533840.2688,1784578534542,1784578534546.0,1784578535162.718,701.731,4.0,616.718,,1322.449
e-1778,1784578533891.8845,1784578534542,1784578534546.0,1784578535162.7354,650.115,4.0,616.735,,1270.851
e-1779,1784578533940.2812,1784578534542,1784578534546.0,1784578535162.7358,601.719,4.0,616.736,,1222.455
e-1780,1784578533990.2852,1784578534542,1784578534546.0,1784578535162.7363,551.715,4.0,616.736,,1172.451
e-1781,1784578534040.2695,1784578534542,1784578534546.0,1784578535162.7368,501.73,4.0,616.737,,1122.467
e-1782,1784578534090.2942,1784578534542,1784578534546.0,1784578535162.737,451.706,4.0,616.737,,1072.443
e-1783,1784578534140.2722,1784578534542,1784578534546.0,1784578535162.7375,401.728,4.0,616.738,,1022.465
e-1784,1784578534190.278,1784578534542,1784578534546.0,1784578535162.738,351.722,4.0,616.738,,972.46
e-1785,1784578534240.2764,1784578534542,1784578534546.0,1784578535162.7385,301.724,4.0,616.739,,922.462
e-1786,1784578534290.2747,1784578534542,1784578534546.0,1784578535162.739,251.725,4.0,616.739,,872.464
e-1787,1784578534340.264,1784578534542,1784578534546.0,1784578535162.7393,201.736,4.0,616.739,,822.475
e-1788,1784578534390.2805,1784578534542,1784578534546.0,1784578535162.7397,151.719,4.0,616.74,,772.459
e-1789,1784578534440.2874,1784578534542,1784578534546.0,1784578535162.745,101.713,4.0,616.745,,722.458
e-1790,1784578534490.2712,1784578534542,1784578534546.0,1784578535162.7456,51.729,4.0,616.746,,672.474
e-1791,1784578534540.2915,1784578534542,1784578534546.0,1784578535162.7495,1.708,4.0,616.75,,622.458
e-1792,1784578534590.2917,1784578535592,1784578535595.0,1784578536213.8052,1001.708,3.0,618.805,,1623.513
e-1793,1784578534640.294,1784578535592,1784578535596.0,1784578536213.8076,951.706,4.0,617.808,,1573.514
e-1794,1784578534690.2786,1784578535592,1784578535596.0,1784578536213.808,901.721,4.0,617.808,,1523.53
e-1795,1784578534740.289,1784578535592,1784578535596.0,1784578536213.8086,851.711,4.0,617.809,,1473.52
e-1796,1784578534790.294,1784578535592,1784578535596.0,1784578536213.809,801.706,4.0,617.809,,1423.515
e-1797,1784578534840.265,1784578535592,1784578535596.0,1784578536213.8096,751.735,4.0,617.81,,1373.545
e-1798,1784578534890.273,1784578535592,1784578535596.0,1784578536213.81,701.727,4.0,617.81,,1323.537
e-1799,1784578534940.265,1784578535592,1784578535596.0,1784578536213.8257,651.735,4.0,617.826,,1273.561
e-1800,1784578534990.2842,1784578535592,1784578535596.0,1784578536213.8262,601.716,4.0,617.826,,1223.542
e-1801,1784578535040.2793,1784578535592,1784578535596.0,1784578536213.8267,551.721,4.0,617.827,,1173.547
e-1802,1784578535090.28,1784578535592,1784578535596.0,1784578536213.8271,501.72,4.0,617.827,,1123.547
e-1803,1784578535140.2727,1784578535592,1784578535596.0,1784578536213.8274,451.727,4.0,617.827,,1073.555
e-1804,1784578535190.2659,1784578535592,1784578535596.0,1784578536213.828,401.734,4.0,617.828,,1023.562
e-1805,1784578535240.276,1784578535592,1784578535596.0,1784578536213.8318,351.724,4.0,617.832,,973.556
e-1806,1784578535290.2683,1784578535592,1784578535596.0,1784578536213.8323,301.732,4.0,617.832,,923.564
e-1807,1784578535340.268,1784578535592,1784578535596.0,1784578536213.8328,251.732,4.0,617.833,,873.565
e-1808,1784578535390.2607,1784578535592,1784578535596.0,1784578536213.847,201.739,4.0,617.847,,823.586
e-1809,1784578535440.2683,1784578535592,1784578535596.0,1784578536213.8474,151.732,4.0,617.847,,773.579
e-1810,1784578535490.2593,1784578535592,1784578535596.0,1784578536213.848,101.741,4.0,617.848,,723.589
e-1811,1784578535540.2898,1784578535592,1784578535596.0,1784578536213.8484,51.71,4.0,617.848,,673.559
e-1812,1784578535590.2861,1784578535592,1784578535596.0,1784578536213.8486,1.714,4.0,617.849,,623.562
e-1813,1784578535640.2927,1784578536642,1784578536646.0,1784578537262.54,1001.707,4.0,616.54,,1622.247
e-1814,1784578535690.2883,1784578536642,1784578536646.0,1784578537262.5427,951.712,4.0,616.543,,1572.254
e-1815,1784578535740.2732,1784578536642,1784578536646.0,1784578537262.5435,901.727,4.0,616.543,,1522.27
e-1816,1784578535792.3206,1784578536642,1784578536646.0,1784578537262.544,849.679,4.0,616.544,,1470.223
e-1817,1784578535840.2705,1784578536642,1784578536646.0,1784578537262.5442,801.729,4.0,616.544,,1422.274
e-1818,1784578535890.2664,1784578536642,1784578536646.0,1784578537262.5447,751.734,4.0,616.545,,1372.278
e-1819,1784578535940.277,1784578536642,1784578536646.0,1784578537262.637,701.723,4.0,616.637,,1322.36
e-1820,1784578535990.2766,1784578536642,1784578536646.0,1784578537262.6543,651.723,4.0,616.654,,1272.378
e-1821,1784578536040.2712,1784578536642,1784578536646.0,1784578537262.6548,601.729,4.0,616.655,,1222.384
e-1822,1784578536090.2651,1784578536642,1784578536646.0,1784578537262.6553,551.735,4.0,616.655,,1172.39
e-1823,1784578536140.2783,1784578536642,1784578536646.0,1784578537262.6558,501.722,4.0,616.656,,1122.377
e-1824,1784578536190.2756,1784578536642,1784578536646.0,1784578537262.6565,451.724,4.0,616.656,,1072.381
e-1825,1784578536240.2693,1784578536642,1784578536646.0,1784578537262.657,401.731,4.0,616.657,,1022.388
e-1826,1784578536290.268,1784578536642,1784578536646.0,1784578537262.6575,351.732,4.0,616.657,,972.389
e-1827,1784578536340.268,1784578536642,1784578536646.0,1784578537262.658,301.732,4.0,616.658,,922.39
e-1828,1784578536390.267,1784578536642,1784578536646.0,1784578537262.6584,251.733,4.0,616.658,,872.391
e-1829,1784578536440.2695,1784578536642,1784578536646.0,1784578537262.659,201.73,4.0,616.659,,822.389
e-1830,1784578536490.2703,1784578536642,1784578536646.0,1784578537262.6594,151.73,4.0,616.659,,772.389
e-1831,1784578536540.2615,1784578536642,1784578536646.0,1784578537262.66,101.739,4.0,616.66,,722.398
e-1832,1784578536590.2568,1784578536642,1784578536646.0,1784578537262.6604,51.743,4.0,616.66,,672.404
e-1833,1784578536640.2678,1784578536642,1784578536646.0,1784578537262.6606,1.732,4.0,616.661,,622.393
e-1834,1784578536690.2703,1784578537692,1784578537696.0,1784578538324.1235,1001.73,4.0,628.124,,1633.853
e-1835,1784578536740.2717,1784578537692,1784578537696.0,1784578538324.1265,951.728,4.0,628.126,,1583.855
e-1836,1784578536790.2705,1784578537692,1784578537696.0,1784578538324.1272,901.729,4.0,628.127,,1533.857
e-1837,1784578536840.2715,1784578537692,1784578537696.0,1784578538324.1277,851.729,4.0,628.128,,1483.856
e-1838,1784578536890.2654,1784578537692,1784578537696.0,1784578538324.1282,801.735,4.0,628.128,,1433.863
e-1839,1784578536940.2698,1784578537692,1784578537696.0,1784578538324.1287,751.73,4.0,628.129,,1383.859
e-1840,1784578536990.2732,1784578537692,1784578537696.0,1784578538324.1292,701.727,4.0,628.129,,1333.856
e-1841,1784578537040.2695,1784578537692,1784578537696.0,1784578538324.1296,651.73,4.0,628.13,,1283.86
e-1842,1784578537090.2678,1784578537692,1784578537696.0,1784578538324.143,601.732,4.0,628.143,,1233.875
e-1843,1784578537140.2722,1784578537692,1784578537696.0,1784578538324.1438,551.728,4.0,628.144,,1183.872
e-1844,1784578537190.2725,1784578537692,1784578537696.0,1784578538324.1445,501.728,4.0,628.145,,1133.872
e-1845,1784578537240.2722,1784578537692,1784578537696.0,1784578538324.1448,451.728,4.0,628.145,,1083.873
e-1846,1784578537290.267,1784578537692,1784578537696.0,1784578538324.1453,401.733,4.0,628.145,,1033.878
e-1847,1784578537340.27,1784578537692,1784578537696.0,1784578538324.1458,351.73,4.0,628.146,,983.876
e-1848,1784578537390.2712,1784578537692,1784578537696.0,1784578538324.1462,301.729,4.0,628.146,,933.875
e-1849,1784578537440.2705,1784578537692,1784578537696.0,1784578538324.1467,251.729,4.0,628.147,,883.876
e-1850,1784578537490.2703,1784578537692,1784578537696.0,1784578538324.1472,201.73,4.0,628.147,,833.877
e-1851,1784578537540.2686,1784578537692,1784578537696.0,1784578538324.1477,151.731,4.0,628.148,,783.879
e-1852,1784578537590.2705,1784578537692,1784578537696.0,1784578538324.1482,101.729,4.0,628.148,,733.878
e-1853,1784578537640.268,1784578537692,1784578537696.0,1784578538324.1484,51.732,4.0,628.148,,683.88
e-1854,1784578537690.2715,1784578537692,1784578537696.0,1784578538324.149,1.729,4.0,628.149,,633.877
e-1855,1784578537740.2703,1784578538742,1784578538745.0,1784578539362.2463,1001.73,3.0,617.246,,1621.976
e-1856,1784578537790.2712,1784578538742,1784578538746.0,1784578539362.2495,951.729,4.0,616.25,,1571.978
e-1857,1784578537840.2715,1784578538742,1784578538746.0,1784578539362.2502,901.729,4.0,616.25,,1521.979
e-1858,1784578537890.258,1784578538742,1784578538746.0,1784578539362.251,851.742,4.0,616.251,,1471.993
e-1859,1784578537940.27,1784578538742,1784578538746.0,1784578539362.2515,801.73,4.0,616.251,,1421.981
e-1860,1784578537990.2715,1784578538742,1784578538746.0,1784578539362.2522,751.729,4.0,616.252,,1371.981
e-1861,1784578538040.266,1784578538742,1784578538746.0,1784578539362.2532,701.734,4.0,616.253,,1321.987
e-1862,1784578538090.2605,1784578538742,1784578538746.0,1784578539362.254,651.74,4.0,616.254,,1271.993
e-1863,1784578538140.2915,1784578538742,1784578538746.0,1784578539362.267,601.708,4.0,616.267,,1221.976
e-1864,1784578538190.284,1784578538742,1784578538746.0,1784578539362.2676,551.716,4.0,616.268,,1171.984
e-1865,1784578538240.2942,1784578538742,1784578538746.0,1784578539362.268,501.706,4.0,616.268,,1121.974
e-1866,1784578538290.2827,1784578538742,1784578538746.0,1784578539362.2683,451.717,4.0,616.268,,1071.986
e-1867,1784578538340.2615,1784578538742,1784578538746.0,1784578539362.2688,401.739,4.0,616.269,,1022.007
e-1868,1784578538390.2583,1784578538742,1784578538746.0,1784578539362.2693,351.742,4.0,616.269,,972.011
e-1869,1784578538440.2705,1784578538742,1784578538746.0,1784578539362.2698,301.729,4.0,616.27,,921.999
e-1870,1784578538490.2708,1784578538742,1784578538746.0,1784578539362.27,251.729,4.0,616.27,,871.999
e-1871,1784578538540.2732,1784578538742,1784578538746.0,1784578539362.2742,201.727,4.0,616.274,,822.001
e-1872,1784578538590.2607,1784578538742,1784578538746.0,1784578539362.2747,151.739,4.0,616.275,,772.014
e-1873,1784578538640.2712,1784578538742,1784578538746.0,1784578539362.2751,101.729,4.0,616.275,,722.004
e-1874,1784578538690.279,1784578538742,1784578538746.0,1784578539362.2756,51.721,4.0,616.276,,671.997
e-1875,1784578538740.2761,1784578538742,1784578538746.0,1784578539362.276,1.724,4.0,616.276,,622.0
e-1876,1784578538790.2766,1784578539792,1784578539796.0,1784578540415.369,1001.723,4.0,619.369,,1625.092
e-1877,1784578538840.276,1784578539792,1784578539796.0,1784578540415.372,951.724,4.0,619.372,,1575.096
e-1878,1784578538890.273,1784578539792,1784578539796.0,1784578540415.373,901.727,4.0,619.373,,1525.1
e-1879,1784578538940.275,1784578539792,1784578539796.0,1784578540415.3738,851.725,4.0,619.374,,1475.099
e-1880,1784578538990.2742,1784578539792,1784578539796.0,1784578540415.3743,801.726,4.0,619.374,,1425.1
e-1881,1784578539040.272,1784578539792,1784578539796.0,1784578540415.375,751.728,4.0,619.375,,1375.103
e-1882,1784578539090.2708,1784578539792,1784578539796.0,1784578540415.3755,701.729,4.0,619.375,,1325.105
e-1883,1784578539140.2651,1784578539792,1784578539796.0,1784578540415.3762,651.735,4.0,619.376,,1275.111
e-1884,1784578539190.2708,1784578539792,1784578539796.0,1784578540415.3928,601.729,4.0,619.393,,1225.122
e-1885,1784578539240.2754,1784578539792,1784578539796.0,1784578540415.3936,551.725,4.0,619.394,,1175.118
e-1886,1784578539290.2708,1784578539792,1784578539796.0,1784578540415.3943,501.729,4.0,619.394,,1125.124
e-1887,1784578539340.2737,1784578539792,1784578539796.0,1784578540415.3948,451.726,4.0,619.395,,1075.121
e-1888,1784578539390.2698,1784578539792,1784578539796.0,1784578540415.3955,401.73,4.0,619.396,,1025.126
e-1889,1784578539440.274,1784578539792,1784578539796.0,1784578540415.3962,351.726,4.0,619.396,,975.122
e-1890,1784578539490.2722,1784578539792,1784578539796.0,1784578540415.3967,301.728,4.0,619.397,,925.125
e-1891,1784578539540.2725,1784578539792,1784578539796.0,1784578540415.3975,251.728,4.0,619.397,,875.125
e-1892,1784578539590.2815,1784578539792,1784578539796.0,1784578540415.398,201.719,4.0,619.398,,825.116
e-1893,1784578539640.274,1784578539792,1784578539796.0,1784578540415.3987,151.726,4.0,619.399,,775.125
e-1894,1784578539690.293,1784578539792,1784578539796.0,1784578540415.3992,101.707,4.0,619.399,,725.106
e-1895,1784578539740.2734,1784578539792,1784578539796.0,1784578540415.4,51.727,4.0,619.4,,675.126
e-1896,1784578539790.2935,1784578539792,1784578539796.0,1784578540415.4006,1.707,4.0,619.401,,625.107
e-1897,1784578539840.2773,1784578540842,1784578540845.0,1784578541462.7686,1001.723,3.0,617.769,,1622.491
e-1898,1784578539890.2717,1784578540842,1784578540846.0,1784578541462.771,951.728,4.0,616.771,,1572.499
e-1899,1784578539940.2773,1784578540842,1784578540846.0,1784578541462.7717,901.723,4.0,616.772,,1522.494
e-1900,1784578539990.276,1784578540842,1784578540846.0,1784578541462.7722,851.724,4.0,616.772,,1472.496
e-1901,1784578540040.2764,1784578540842,1784578540846.0,1784578541462.7727,801.724,4.0,616.773,,1422.496
e-1902,1784578540090.2708,1784578540842,1784578540846.0,1784578541462.773,751.729,4.0,616.773,,1372.502
e-1903,1784578540140.2832,1784578540842,1784578540846.0,1784578541462.7734,701.717,4.0,616.773,,1322.49
e-1904,1784578540190.2793,1784578540842,1784578540846.0,1784578541462.774,651.721,4.0,616.774,,1272.495
e-1905,1784578540240.2805,1784578540842,1784578540846.0,1784578541462.7874,601.719,4.0,616.787,,1222.507
e-1906,1784578540290.2708,1784578540842,1784578540846.0,1784578541462.7878,551.729,4.0,616.788,,1172.517
e-1907,1784578540340.2734,1784578540842,1784578540846.0,1784578541462.7883,501.727,4.0,616.788,,1122.515
e-1908,1784578540390.269,1784578540842,1784578540846.0,1784578541462.7886,451.731,4.0,616.789,,1072.52
e-1909,1784578540440.2793,1784578540842,1784578540846.0,1784578541462.789,401.721,4.0,616.789,,1022.51
e-1910,1784578540490.2744,1784578540842,1784578540846.0,1784578541462.7896,351.726,4.0,616.79,,972.515
e-1911,1784578540540.2744,1784578540842,1784578540846.0,1784578541462.79,301.726,4.0,616.79,,922.516
e-1912,1784578540590.2705,1784578540842,1784578540846.0,1784578541462.7905,251.729,4.0,616.791,,872.52
e-1913,1784578540640.2717,1784578540842,1784578540846.0,1784578541462.791,201.728,4.0,616.791,,822.519
e-1914,1784578540690.2463,1784578540842,1784578540846.0,1784578541462.7915,151.754,4.0,616.792,,772.545
e-1915,1784578540740.2673,1784578540842,1784578540846.0,1784578541462.7917,101.733,4.0,616.792,,722.524
e-1916,1784578540790.267,1784578540842,1784578540846.0,1784578541462.7922,51.733,4.0,616.792,,672.525
e-1917,1784578540840.2678,1784578540842,1784578540846.0,1784578541462.7927,1.732,4.0,616.793,,622.525
e-1918,1784578540890.2615,1784578541892,1784578541896.0,1784578542512.9873,1001.739,4.0,616.987,,1622.726
e-1919,1784578540940.2615,1784578541892,1784578541896.0,1784578542512.99,951.739,4.0,616.99,,1572.729
e-1920,1784578540990.274,1784578541892,1784578541896.0,1784578542512.9907,901.726,4.0,616.991,,1522.717
e-1921,1784578541040.264,1784578541892,1784578541896.0,1784578542512.9912,851.736,4.0,616.991,,1472.727
e-1922,1784578541090.259,1784578541892,1784578541896.0,1784578542512.9917,801.741,4.0,616.992,,1422.733
e-1923,1784578541140.2695,1784578541892,1784578541896.0,1784578542512.9922,751.73,4.0,616.992,,1372.723
e-1924,1784578541190.2805,1784578541892,1784578541896.0,1784578542512.9927,701.719,4.0,616.993,,1322.712
e-1925,1784578541240.2651,1784578541892,1784578541896.0,1784578542512.9932,651.735,4.0,616.993,,1272.728
e-1926,1784578541290.273,1784578541892,1784578541896.0,1784578542512.9937,601.727,4.0,616.994,,1222.721
e-1927,1784578541340.2703,1784578541892,1784578541896.0,1784578542513.0073,551.73,4.0,617.007,,1172.737
e-1928,1784578541390.2686,1784578541892,1784578541896.0,1784578542513.008,501.731,4.0,617.008,,1122.74
e-1929,1784578541440.2705,1784578541892,1784578541896.0,1784578542513.0085,451.729,4.0,617.009,,1072.738
e-1930,1784578541490.2712,1784578541892,1784578541896.0,1784578542513.009,401.729,4.0,617.009,,1022.738
e-1931,1784578541540.2727,1784578541892,1784578541896.0,1784578542513.0093,351.727,4.0,617.009,,972.737
e-1932,1784578541590.2725,1784578541892,1784578541896.0,1784578542513.0098,301.728,4.0,617.01,,922.737
e-1933,1784578541640.2737,1784578541892,1784578541896.0,1784578542513.0103,251.726,4.0,617.01,,872.737
e-1934,1784578541690.269,1784578541892,1784578541896.0,1784578542513.0107,201.731,4.0,617.011,,822.742
e-1935,1784578541740.277,1784578541892,1784578541896.0,1784578542513.011,151.723,4.0,617.011,,772.734
e-1936,1784578541790.2769,1784578541892,1784578541896.0,1784578542513.0115,101.723,4.0,617.011,,722.735
e-1937,1784578541840.2703,1784578541892,1784578541896.0,1784578542513.0156,51.73,4.0,617.016,,672.745
e-1938,1784578541890.269,1784578541892,1784578541896.0,1784578542513.016,1.731,4.0,617.016,,622.747
e-1939,1784578541940.2756,1784578542943,1784578542947.0,1784578543563.576,1002.724,4.0,616.576,,1623.3
e-1940,1784578541990.27,1784578542943,1784578542947.0,1784578543563.578,952.73,4.0,616.578,,1573.308
e-1941,1784578542040.2742,1784578542943,1784578542947.0,1784578543563.5786,902.726,4.0,616.579,,1523.304
e-1942,1784578542090.2695,1784578542943,1784578542947.0,1784578543563.579,852.73,4.0,616.579,,1473.31
e-1943,1784578542140.2798,1784578542943,1784578542947.0,1784578543563.5793,802.72,4.0,616.579,,1423.3
e-1944,1784578542190.2688,1784578542943,1784578542947.0,1784578543563.5798,752.731,4.0,616.58,,1373.311
e-1945,1784578542240.2683,1784578542943,1784578542947.0,1784578543563.5806,702.732,4.0,616.581,,1323.312
e-1946,1784578542290.2705,1784578542943,1784578542947.0,1784578543563.581,652.729,4.0,616.581,,1273.311
e-1947,1784578542340.2751,1784578542943,1784578542947.0,1784578543563.5815,602.725,4.0,616.582,,1223.306
e-1948,1784578542390.264,1784578542943,1784578542947.0,1784578543563.597,552.736,4.0,616.597,,1173.333
e-1949,1784578542440.2717,1784578542943,1784578542947.0,1784578543563.5974,502.728,4.0,616.597,,1123.326
e-1950,1784578542490.2742,1784578542943,1784578542947.0,1784578543563.5977,452.726,4.0,616.598,,1073.323
e-1951,1784578542540.2656,1784578542943,1784578542947.0,1784578543563.5981,402.734,4.0,616.598,,1023.333
e-1952,1784578542590.2654,1784578542943,1784578542947.0,1784578543563.5986,352.735,4.0,616.599,,973.333
e-1953,1784578542640.2695,1784578542943,1784578542947.0,1784578543563.599,302.73,4.0,616.599,,923.33
e-1954,1784578542690.2646,1784578542943,1784578542947.0,1784578543563.5994,252.735,4.0,616.599,,873.335
e-1955,1784578542740.2708,1784578542943,1784578542947.0,1784578543563.5999,202.729,4.0,616.6,,823.329
e-1956,1784578542790.2642,1784578542943,1784578542947.0,1784578543563.6003,152.736,4.0,616.6,,773.336
e-1957,1784578542840.2693,1784578542943,1784578542947.0,1784578543563.6008,102.731,4.0,616.601,,723.332
e-1958,1784578542890.2815,1784578542943,1784578542947.0,1784578543563.6013,52.719,4.0,616.601,,673.32
e-1959,1784578542940.272,1784578542943,1784578542947.0,1784578543563.6016,2.728,4.0,616.602,,623.33
e-1960,1784578542990.2722,1784578543992,1784578543995.0,1784578544611.147,1001.728,3.0,616.147,,1620.875
e-1961,1784578543040.2715,1784578543992,1784578543996.0,1784578544611.1494,951.729,4.0,615.149,,1570.878
e-1962,1784578543090.272,1784578543992,1784578543996.0,1784578544611.1501,901.728,4.0,615.15,,1520.878
e-1963,1784578543140.2761,1784578543992,1784578543996.0,1784578544611.151,851.724,4.0,615.151,,1470.875
e-1964,1784578543190.272,1784578543992,1784578543996.0,1784578544611.1514,801.728,4.0,615.151,,1420.879
e-1965,1784578543240.268,1784578543992,1784578543996.0,1784578544611.1519,751.732,4.0,615.152,,1370.884
e-1966,1784578543290.27,1784578543992,1784578543996.0,1784578544611.1526,701.73,4.0,615.153,,1320.883
e-1967,1784578543340.2668,1784578543992,1784578543996.0,1784578544611.153,651.733,4.0,615.153,,1270.886
e-1968,1784578543390.2703,1784578543992,1784578543996.0,1784578544611.1533,601.73,4.0,615.153,,1220.883
e-1969,1784578543440.2695,1784578543992,1784578543996.0,1784578544611.1653,551.73,4.0,615.165,,1170.896
e-1970,1784578543490.2715,1784578543992,1784578543996.0,1784578544611.1658,501.729,4.0,615.166,,1120.894
e-1971,1784578543540.274,1784578543992,1784578543996.0,1784578544611.1663,451.726,4.0,615.166,,1070.892
e-1972,1784578543590.2678,1784578543992,1784578543996.0,1784578544611.1667,401.732,4.0,615.167,,1020.899
e-1973,1784578543640.2754,1784578543992,1784578543996.0,1784578544611.167,351.725,4.0,615.167,,970.892
e-1974,1784578543690.2764,1784578543992,1784578543996.0,1784578544611.1675,301.724,4.0,615.167,,920.891
e-1975,1784578543740.2705,1784578543992,1784578543996.0,1784578544611.168,251.729,4.0,615.168,,870.897
e-1976,1784578543790.2695,1784578543992,1784578543996.0,1784578544611.1685,201.73,4.0,615.168,,820.899
e-1977,1784578543840.273,1784578543992,1784578543996.0,1784578544611.1687,151.727,4.0,615.169,,770.896
e-1978,1784578543890.2625,1784578543992,1784578543996.0,1784578544611.1692,101.738,4.0,615.169,,720.907
e-1979,1784578543940.2642,1784578543992,1784578543996.0,1784578544611.1697,51.736,4.0,615.17,,670.906
e-1980,1784578543990.2703,1784578543992,1784578543996.0,1784578544611.1702,1.73,4.0,615.17,,620.9
e-1981,1784578544040.2727,1784578544944,1784578544947.0,1784578545664.1575,903.727,3.0,717.157,,1623.885
e-1982,1784578544090.2776,1784578544944,1784578544948.0,1784578545664.1602,853.722,4.0,716.16,,1573.883
e-1983,1784578544140.2766,1784578544944,1784578544948.0,1784578545664.161,803.723,4.0,716.161,,1523.884
e-1984,1784578544190.2698,1784578544944,1784578544948.0,1784578545664.162,753.73,4.0,716.162,,1473.892
e-1985,1784578544240.2722,1784578544944,1784578544948.0,1784578545664.1624,703.728,4.0,716.162,,1423.89
e-1986,1784578544290.2744,1784578544944,1784578544948.0,1784578545664.1628,653.726,4.0,716.163,,1373.888
e-1987,1784578544340.2664,1784578544944,1784578544948.0,1784578545664.1633,603.734,4.0,716.163,,1323.897
e-1988,1784578544390.2668,1784578544944,1784578544948.0,1784578545664.1638,553.733,4.0,716.164,,1273.897
e-1989,1784578544440.2734,1784578544944,1784578544948.0,1784578545664.164,503.727,4.0,716.164,,1223.891
e-1990,1784578544490.2769,1784578544944,1784578544948.0,1784578545664.1768,453.723,4.0,716.177,,1173.9
e-1991,1784578544540.2773,1784578544944,1784578544948.0,1784578545664.1772,403.723,4.0,716.177,,1123.9
e-1992,1784578544590.2642,1784578544944,1784578544948.0,1784578545664.1775,353.736,4.0,716.177,,1073.913
e-1993,1784578544640.2734,1784578544944,1784578544948.0,1784578545664.178,303.727,4.0,716.178,,1023.905
e-1994,1784578544690.263,1784578544944,1784578544948.0,1784578545664.1785,253.737,4.0,716.178,,973.916
e-1995,1784578544740.275,1784578544944,1784578544948.0,1784578545664.179,203.725,4.0,716.179,,923.904
e-1996,1784578544790.2642,1784578544944,1784578544948.0,1784578545664.1794,153.736,4.0,716.179,,873.915
e-1997,1784578544840.2773,1784578544944,1784578544948.0,1784578545664.18,103.723,4.0,716.18,,823.903
e-1998,1784578544890.257,1784578544944,1784578544948.0,1784578545664.1804,53.743,4.0,716.18,,773.923
e-1999,1784578544940.2688,1784578544944,1784578544948.0,1784578545664.181,3.731,4.0,716.181,,723.912
