event_id,t0_ms,t1_ms,t2_ms,t3_ms,write_to_input_append_latency_ms,input_append_to_result_emission_latency_ms,l_visibility_ms,l_closure_ms,latency_ms
ss-41-60000,1784534826470.2744,1784534826723,1784534833211.0,1784534833731.0886,252.726,6488.0,520.089,1784534173211.0,7260.814
ss-19-60000,1784534830970.2969,1784534831973,1784534833230.0,1784534833731.092,1002.703,1257.0,501.092,1784534173230.0,2760.795
ss-7-60000,1784534829870.2883,1784534829873,1784534833230.0,1784534833731.0935,2.712,3357.0,501.094,1784534173230.0,3860.805
ss-54-60000,1784534827570.2812,1784534827772,1784534833231.0,1784534833731.3247,201.719,5459.0,500.325,1784534173231.0,6161.043
ss-24-60000,1784534829220.29,1784534829873,1784534833231.0,1784534833731.3262,652.71,3358.0,500.326,1784534173231.0,4511.036
ss-39-60000,1784534830370.2947,1784534830923,1784534833232.0,1784534833731.327,552.705,2309.0,499.327,1784534173232.0,3361.032
ss-12-60000,1784534815770.283,1784534816223,1784534833232.0,1784534833731.3276,452.717,17009.0,499.328,1784534173232.0,17961.045
ss-2-60000,1784534830420.291,1784534830923,1784534833232.0,1784534833731.3403,502.709,2309.0,499.34,1784534173232.0,3311.049
ss-21-60000,1784534828270.2861,1784534828822,1784534833232.0,1784534833731.3413,551.714,4410.0,499.341,1784534173232.0,5461.055
ss-72-60000,1784534831470.288,1784534831973,1784534833232.0,1784534833731.342,502.712,1259.0,499.342,1784534173232.0,2261.054
ss-14-60000,1784534831820.2837,1784534831973,1784534833233.0,1784534833731.3425,152.716,1260.0,498.343,1784534173233.0,1911.059
ss-91-60000,1784534831570.276,1784534831973,1784534833233.0,1784534833731.343,402.724,1260.0,498.343,1784534173233.0,2161.067
ss-98-60000,1784534824020.293,1784534824623,1784534833233.0,1784534833731.6636,602.707,8610.0,498.664,1784534173233.0,9711.371
ss-16-60000,1784534831620.2837,1784534831973,1784534833233.0,1784534833731.6797,352.716,1260.0,498.68,1784534173233.0,2111.396
ss-28-60000,1784534832070.2903,1784534833023,1784534833233.0,1784534833731.761,952.71,210.0,498.761,1784534173233.0,1661.471
ss-79-60000,1784534816520.2883,1784534817273,1784534833234.0,1784534833731.8115,752.712,15961.0,497.812,1784534173234.0,17211.523
ss-31-60000,1784534830220.2888,1784534830923,1784534833234.0,1784534833731.816,702.711,2311.0,497.816,1784534173234.0,3511.527
ss-50-60000,1784534830720.2878,1784534830923,1784534833234.0,1784534833731.8164,202.712,2311.0,497.816,1784534173234.0,3011.529
ss-63-60000,1784534828970.3096,1784534829873,1784534833234.0,1784534833731.8167,902.69,3361.0,497.817,1784534173234.0,4761.507
ss-51-60000,1784534830270.2874,1784534830923,1784534833234.0,1784534833731.8171,652.713,2311.0,497.817,1784534173234.0,3461.53
ss-99-60000,1784534816870.2869,1784534817273,1784534833235.0,1784534833731.8174,402.713,15962.0,496.817,1784534173235.0,16861.531
ss-35-60000,1784534829920.295,1784534830923,1784534833235.0,1784534833731.8176,1002.705,2312.0,496.818,1784534173235.0,3811.523
ss-70-60000,1784534831320.2937,1784534831973,1784534833235.0,1784534833731.8179,652.706,1262.0,496.818,1784534173235.0,2411.524
ss-90-60000,1784534830520.2808,1784534830923,1784534833235.0,1784534833731.818,402.719,2312.0,496.818,1784534173235.0,3211.537
ss-9-60000,1784534831870.283,1784534831973,1784534833235.0,1784534833731.8914,102.717,1262.0,496.891,1784534173235.0,1861.608
ss-64-60000,1784534828920.2883,1784534829873,1784534833236.0,1784534833731.8923,952.712,3363.0,495.892,1784534173236.0,4811.604
ss-80-60000,1784534825720.2915,1784534826723,1784534833236.0,1784534833731.8933,1002.708,6513.0,495.893,1784534173236.0,8011.602
ss-59-60000,1784534830820.287,1784534830923,1784534833236.0,1784534833731.9546,102.713,2313.0,495.955,1784534173236.0,2911.667
ss-45-60000,1784534820720.31,1784534821473,1784534833236.0,1784534833731.958,752.69,11763.0,495.958,1784534173236.0,13011.648
ss-48-60000,1784534829770.2903,1784534829873,1784534833236.0,1784534833732.05,102.71,3363.0,496.05,1784534173236.0,3961.76
ss-58-60000,1784534831270.289,1784534831973,1784534833237.0,1784534833732.0503,702.711,1264.0,495.05,1784534173237.0,2461.761
ss-29-60000,1784534822620.286,1784534823573,1784534833237.0,1784534833732.0786,952.714,9664.0,495.079,1784534173237.0,11111.793
ss-84-60000,1784534827220.289,1784534827772,1784534833237.0,1784534833732.122,551.711,5465.0,495.122,1784534173237.0,6511.833
ss-74-60000,1784534831970.2903,1784534831973,1784534833237.0,1784534833732.1226,2.71,1264.0,495.123,1784534173237.0,1761.832
ss-38-60000,1784534832220.2888,1784534833023,1784534833237.0,1784534833732.1995,802.711,214.0,495.199,1784534173237.0,1511.911
ss-1-60000,1784534832170.29,1784534833023,1784534833238.0,1784534833732.1997,852.71,215.0,494.2,1784534173238.0,1561.91
ss-23-60000,1784534813420.2947,1784534814123,1784534833238.0,1784534833732.277,702.705,19115.0,494.277,1784534173238.0,20311.982
ss-75-60000,1784534830620.2878,1784534830923,1784534833238.0,1784534833732.2773,302.712,2315.0,494.277,1784534173238.0,3111.99
ss-33-60000,1784534829470.287,1784534829873,1784534833238.0,1784534833732.3484,402.713,3365.0,494.348,1784534173238.0,4262.061
ss-4-60000,1784534831520.2937,1784534831973,1784534833239.0,1784534833732.3896,452.706,1266.0,493.39,1784534173239.0,2212.096
ss-6-60000,1784534828170.2837,1784534828822,1784534833239.0,1784534833732.3901,651.716,4417.0,493.39,1784534173239.0,5562.106
ss-0-60000,1784534830670.2922,1784534830923,1784534833239.0,1784534833732.4417,252.708,2316.0,493.442,1784534173239.0,3062.149
ss-10-60000,1784534827870.2913,1784534828822,1784534833239.0,1784534833732.4421,951.709,4417.0,493.442,1784534173239.0,5862.151
ss-47-60000,1784534827520.2869,1784534827772,1784534833239.0,1784534833732.563,251.713,5467.0,493.563,1784534173239.0,6212.276
ss-65-60000,1784534827420.2861,1784534827772,1784534833239.0,1784534833732.5635,351.714,5467.0,493.563,1784534173239.0,6312.277
ss-71-60000,1784534814870.2903,1784534815172,1784534833239.0,1784534833732.5674,301.71,18067.0,493.567,1784534173239.0,18862.277
ss-43-60000,1784534829820.2866,1784534829873,1784534833239.0,1784534833732.6428,52.713,3366.0,493.643,1784534173239.0,3912.356
ss-86-60000,1784534824720.287,1784534825672,1784534833240.0,1784534833732.65,951.713,7568.0,492.65,1784534173240.0,9012.363
ss-61-60000,1784534828670.287,1784534828822,1784534833240.0,1784534833732.6526,151.713,4418.0,492.653,1784534173240.0,5062.365
ss-57-60000,1784534830870.2888,1784534830923,1784534833240.0,1784534833732.7236,52.711,2317.0,492.724,1784534173240.0,2862.435
ss-26-60000,1784534827820.2925,1784534828822,1784534833240.0,1784534833732.7239,1001.708,4418.0,492.724,1784534173240.0,5912.431
ss-83-60000,1784534828520.2898,1784534828822,1784534833240.0,1784534833732.8088,301.71,4418.0,492.809,1784534173240.0,5212.519
ss-68-60000,1784534823320.2888,1784534823573,1784534833240.0,1784534833732.8147,252.711,9667.0,492.815,1784534173240.0,10412.526
ss-55-60000,1784534806570.2927,1784534806772,1784534833240.0,1784534833732.896,201.707,26468.0,492.896,1784534173240.0,27162.603
ss-77-60000,1784534825670.2888,1784534825672,1784534833240.0,1784534833732.8962,1.711,7568.0,492.896,1784534173240.0,8062.607
ss-20-60000,1784534820370.286,1784534820423,1784534833241.0,1784534833732.9019,52.714,12818.0,491.902,1784534173241.0,13362.616
ss-3-60000,1784534827620.2847,1784534827772,1784534833241.0,1784534833732.9766,151.715,5469.0,491.977,1784534173241.0,6112.692
ss-81-60000,1784534831720.2854,1784534831973,1784534833241.0,1784534833732.977,252.715,1268.0,491.977,1784534173241.0,2012.692
ss-17-60000,1784534829170.2866,1784534829873,1784534833241.0,1784534833733.0457,702.713,3368.0,492.046,1784534173241.0,4562.759
ss-15-60000,1784534828770.283,1784534828822,1784534833241.0,1784534833733.0461,51.717,4419.0,492.046,1784534173241.0,4962.763
ss-44-60000,1784534826320.2856,1784534826723,1784534833241.0,1784534833733.114,402.714,6518.0,492.114,1784534173241.0,7412.828
ss-18-60000,1784534826270.2795,1784534826723,1784534833241.0,1784534833733.146,452.72,6518.0,492.146,1784534173241.0,7462.866
ss-96-60000,1784534828022.5623,1784534828822,1784534833241.0,1784534833733.1465,799.438,4419.0,492.146,1784534173241.0,5710.584
ss-95-60000,1784534824320.2847,1784534824623,1784534833242.0,1784534833733.263,302.715,8619.0,491.263,1784534173242.0,9412.978
ss-94-60000,1784534828470.288,1784534828822,1784534833242.0,1784534833733.3462,351.712,4420.0,491.346,1784534173242.0,5263.058
ss-8-60000,1784534826820.29,1784534827772,1784534833242.0,1784534833733.3467,951.71,5470.0,491.347,1784534173242.0,6913.057
ss-53-60000,1784534828320.2869,1784534828822,1784534833242.0,1784534833733.4065,501.713,4420.0,491.406,1784534173242.0,5413.12
ss-62-60000,1784534826120.2847,1784534826723,1784534833242.0,1784534833733.4067,602.715,6519.0,491.407,1784534173242.0,7613.122
ss-66-60000,1784534831020.2942,1784534831973,1784534833242.0,1784534833733.407,952.706,1269.0,491.407,1784534173242.0,2713.113
ss-5-60000,1784534831370.2876,1784534831973,1784534833242.0,1784534833733.4702,602.712,1269.0,491.47,1784534173242.0,2363.183
ss-67-60000,1784534831920.2869,1784534831973,1784534833243.0,1784534833733.6177,52.713,1270.0,490.618,1784534173243.0,1813.331
ss-82-60000,1784534831170.2915,1784534831973,1784534833243.0,1784534833733.6182,802.708,1270.0,490.618,1784534173243.0,2563.327
ss-69-60000,1784534819270.2954,1784534819372,1784534833243.0,1784534833733.6184,101.705,13871.0,490.618,1784534173243.0,14463.323
ss-42-60000,1784534829070.2905,1784534829873,1784534833243.0,1784534833733.6187,802.709,3370.0,490.619,1784534173243.0,4663.328
ss-85-60000,1784534828720.28,1784534828822,1784534833243.0,1784534833733.892,101.72,4421.0,490.892,1784534173243.0,5013.612
ss-30-60000,1784534829420.2896,1784534829873,1784534833243.0,1784534833733.8926,452.71,3370.0,490.893,1784534173243.0,4313.603
ss-92-60000,1784534831120.2888,1784534831973,1784534833243.0,1784534833733.8928,852.711,1270.0,490.893,1784534173243.0,2613.604
ss-46-60000,1784534829970.2944,1784534830923,1784534833244.0,1784534833733.8938,952.706,2321.0,489.894,1784534173244.0,3763.599
ss-73-60000,1784534805670.2905,1784534805722,1784534833244.0,1784534833733.894,51.709,27522.0,489.894,1784534173244.0,28063.604
ss-97-60000,1784534831220.2876,1784534831973,1784534833244.0,1784534833733.8943,752.712,1271.0,489.894,1784534173244.0,2513.607
ss-25-60000,1784534826620.2883,1784534826723,1784534833244.0,1784534833733.8945,102.712,6521.0,489.895,1784534173244.0,7113.606
ss-78-60000,1784534824070.2888,1784534824623,1784534833244.0,1784534833733.8948,552.711,8621.0,489.895,1784534173244.0,9663.606
ss-40-60000,1784534826370.2876,1784534826723,1784534833245.0,1784534833733.895,352.712,6522.0,488.895,1784534173245.0,7363.607
ss-49-60000,1784534832020.2878,1784534833023,1784534833245.0,1784534833733.8953,1002.712,222.0,488.895,1784534173245.0,1713.607
ss-88-60000,1784534824670.2932,1784534825672,1784534833245.0,1784534833733.8955,1001.707,7573.0,488.896,1784534173245.0,9063.602
ss-22-60000,1784534818670.3086,1784534819372,1784534833245.0,1784534833733.8958,701.691,13873.0,488.896,1784534173245.0,15063.587
ss-27-60000,1784534830120.2866,1784534830923,1784534833245.0,1784534833733.896,802.713,2322.0,488.896,1784534173245.0,3613.609
ss-32-60000,1784534831670.2864,1784534831973,1784534833245.0,1784534833733.8962,302.714,1272.0,488.896,1784534173245.0,2063.61
ss-11-60000,1784534829370.289,1784534829873,1784534833245.0,1784534833733.8967,502.711,3372.0,488.897,1784534173245.0,4363.608
ss-87-60000,1784534831070.2874,1784534831973,1784534833245.0,1784534833733.897,902.713,1272.0,488.897,1784534173245.0,2663.61
ss-76-60000,1784534832120.29,1784534833023,1784534833245.0,1784534833733.8972,902.71,222.0,488.897,1784534173245.0,1613.607
ss-37-60000,1784534825170.2896,1784534825672,1784534833246.0,1784534833733.9006,501.71,7574.0,487.901,1784534173246.0,8563.611
ss-56-60000,1784534816370.2888,1784534817273,1784534833246.0,1784534833733.901,902.711,15973.0,487.901,1784534173246.0,17363.612
ss-34-60000,1784534830170.293,1784534830923,1784534833246.0,1784534833733.9014,752.707,2323.0,487.901,1784534173246.0,3563.608
ss-60-60000,1784534830570.2935,1784534830923,1784534833246.0,1784534833733.9048,352.707,2323.0,487.905,1784534173246.0,3163.611
ss-36-60000,1784534828370.287,1784534828822,1784534833246.0,1784534833733.905,451.713,4424.0,487.905,1784534173246.0,5363.618
ss-13-60000,1784534830920.2917,1784534830923,1784534833246.0,1784534833733.9053,2.708,2323.0,487.905,1784534173246.0,2813.614
ss-89-60000,1784534831770.2913,1784534831973,1784534833246.0,1784534833733.9055,202.709,1273.0,487.906,1784534173246.0,1963.614
ss-52-60000,1784534829670.2898,1784534829873,1784534833246.0,1784534833733.9058,202.71,3373.0,487.906,1784534173246.0,4063.616
ss-93-60000,1784534827920.2869,1784534828822,1784534833246.0,1784534833733.9597,901.713,4424.0,487.96,1784534173246.0,5813.673
ss-24-120000,1784534859420.2935,1784534860323,1784534862545.0,1784534863546.7378,902.707,2222.0,1001.738,1784534142545.0,4126.444
ss-39-120000,1784534853570.5364,1784534854023,1784534862547.0,1784534863546.7412,452.464,8524.0,999.741,1784534142547.0,9976.205
ss-19-120000,1784534859670.2864,1784534860323,1784534862547.0,1784534863546.7427,652.714,2224.0,999.743,1784534142547.0,3876.456
ss-54-120000,1784534861470.2935,1784534862422,1784534862547.0,1784534863547.2822,951.707,125.0,1000.282,1784534142547.0,2076.989
ss-2-120000,1784534855420.283,1784534856122,1784534862547.0,1784534863547.2852,701.717,6425.0,1000.285,1784534142547.0,8127.002
ss-21-120000,1784534859521.6428,1784534860323,1784534862547.0,1784534863547.2861,801.357,2224.0,1000.286,1784534142547.0,4025.643
ss-12-120000,1784534857470.2961,1784534858222,1784534862547.0,1784534863547.2874,751.704,4325.0,1000.287,1784534142547.0,6076.991
ss-72-120000,1784534849320.2908,1784534849823,1784534862547.0,1784534863547.2878,502.709,12724.0,1000.288,1784534142547.0,14226.997
ss-14-120000,1784534857170.2878,1784534857172,1784534862547.0,1784534863547.289,1.712,5375.0,1000.289,1784534142547.0,6377.001
ss-91-120000,1784534862120.2588,1784534862422,1784534862547.0,1784534863547.2922,301.741,125.0,1000.292,1784534142547.0,1427.033
ss-98-120000,1784534856020.3062,1784534856122,1784534862548.0,1784534863547.293,101.694,6426.0,999.293,1784534142548.0,7526.987
ss-7-120000,1784534850670.297,1784534850873,1784534862548.0,1784534863547.2937,202.703,11675.0,999.294,1784534142548.0,12876.997
ss-16-120000,1784534855170.2903,1784534856122,1784534862548.0,1784534863547.2998,951.71,6426.0,999.3,1784534142548.0,8377.01
ss-9-120000,1784534853720.2896,1784534854023,1784534862548.0,1784534863547.3005,302.71,8525.0,999.301,1784534142548.0,9827.011
ss-31-120000,1784534859170.2932,1784534859272,1784534862548.0,1784534863547.3013,101.707,3276.0,999.301,1784534142548.0,4377.008
ss-79-120000,1784534861570.2866,1784534862422,1784534862548.0,1784534863547.302,851.713,126.0,999.302,1784534142548.0,1977.015
ss-50-120000,1784534857522.1736,1784534858222,1784534862548.0,1784534863547.3025,699.826,4326.0,999.302,1784534142548.0,6025.129
ss-63-120000,1784534857120.2905,1784534857172,1784534862548.0,1784534863547.3032,51.709,5376.0,999.303,1784534142548.0,6427.013
ss-51-120000,1784534861320.283,1784534861373,1784534862548.0,1784534863547.3037,52.717,1175.0,999.304,1784534142548.0,2227.021
ss-28-120000,1784534860220.2905,1784534860323,1784534862549.0,1784534863547.3044,102.709,2226.0,998.304,1784534142549.0,3327.014
ss-64-120000,1784534858920.2969,1784534859272,1784534862549.0,1784534863547.3054,351.703,3277.0,998.305,1784534142549.0,4627.009
ss-35-120000,1784534859820.2932,1784534860323,1784534862549.0,1784534863547.3062,502.707,2226.0,998.306,1784534142549.0,3727.013
ss-70-120000,1784534858470.2874,1784534859272,1784534862549.0,1784534863547.3066,801.713,3277.0,998.307,1784534142549.0,5077.019
ss-99-120000,1784534861820.2876,1784534862422,1784534862549.0,1784534863547.3071,601.712,127.0,998.307,1784534142549.0,1727.02
ss-80-120000,1784534860270.2795,1784534860323,1784534862549.0,1784534863547.3079,52.72,2226.0,998.308,1784534142549.0,3277.028
ss-90-120000,1784534856120.299,1784534856122,1784534862549.0,1784534863547.3083,1.701,6427.0,998.308,1784534142549.0,7427.009
ss-59-120000,1784534860320.2913,1784534860323,1784534862549.0,1784534863547.309,2.709,2226.0,998.309,1784534142549.0,3227.018
ss-45-120000,1784534841970.2917,1784534842473,1784534862549.0,1784534863547.31,502.708,20076.0,998.31,1784534142549.0,21577.018
ss-41-120000,1784534859370.2888,1784534860323,1784534862550.0,1784534863547.3105,952.711,2227.0,997.311,1784534142550.0,4177.022
ss-48-120000,1784534853070.2915,1784534854023,1784534862550.0,1784534863547.3113,952.708,8527.0,997.311,1784534142550.0,10477.02
ss-29-120000,1784534860970.2886,1784534861373,1784534862550.0,1784534863547.312,402.711,1177.0,997.312,1784534142550.0,2577.023
ss-58-120000,1784534861520.2905,1784534862422,1784534862550.0,1784534863547.3125,901.709,128.0,997.312,1784534142550.0,2027.022
ss-84-120000,1784534859570.2913,1784534860323,1784534862550.0,1784534863547.313,752.709,2227.0,997.313,1784534142550.0,3977.022
ss-38-120000,1784534859770.2815,1784534860323,1784534862550.0,1784534863547.3135,552.719,2227.0,997.313,1784534142550.0,3777.032
ss-1-120000,1784534850920.298,1784534851922,1784534862550.0,1784534863547.314,1001.702,10628.0,997.314,1784534142550.0,12627.016
ss-74-120000,1784534848620.2937,1784534848773,1784534862550.0,1784534863547.3147,152.706,13777.0,997.315,1784534142550.0,14927.021
ss-75-120000,1784534854420.294,1784534855072,1784534862550.0,1784534863547.329,651.706,7478.0,997.329,1784534142550.0,9127.035
ss-33-120000,1784534861170.2927,1784534861373,1784534862551.0,1784534863547.3308,202.707,1178.0,996.331,1784534142551.0,2377.038
ss-23-120000,1784534861720.2942,1784534862422,1784534862551.0,1784534863547.331,701.706,129.0,996.331,1784534142551.0,1827.037
ss-6-120000,1784534852270.286,1784534852973,1784534862551.0,1784534863547.3318,702.714,9578.0,996.332,1784534142551.0,11277.046
ss-0-120000,1784534856570.2898,1784534857172,1784534862551.0,1784534863547.3367,601.71,5379.0,996.337,1784534142551.0,6977.047
ss-10-120000,1784534857270.2888,1784534858222,1784534862551.0,1784534863547.3372,951.711,4329.0,996.337,1784534142551.0,6277.048
ss-47-120000,1784534857720.295,1784534858222,1784534862551.0,1784534863547.338,501.705,4329.0,996.338,1784534142551.0,5827.043
ss-4-120000,1784534860070.2893,1784534860323,1784534862551.0,1784534863547.4155,252.711,2228.0,996.416,1784534142551.0,3477.126
ss-65-120000,1784534856870.2842,1784534857172,1784534862551.0,1784534863547.4163,301.716,5379.0,996.416,1784534142551.0,6677.132
ss-86-120000,1784534861670.2878,1784534862422,1784534862551.0,1784534863547.4172,751.712,129.0,996.417,1784534142551.0,1877.129
ss-43-120000,1784534840670.2942,1784534841423,1784534862551.0,1784534863547.423,752.706,21128.0,996.423,1784534142551.0,22877.129
ss-61-120000,1784534855120.2878,1784534856122,1784534862552.0,1784534863547.4238,1001.712,6430.0,995.424,1784534142552.0,8427.136
ss-57-120000,1784534858420.2944,1784534859272,1784534862552.0,1784534863547.4248,851.706,3280.0,995.425,1784534142552.0,5127.13
ss-26-120000,1784534859970.2842,1784534860323,1784534862552.0,1784534863547.5952,352.716,2229.0,995.595,1784534142552.0,3577.311
ss-71-120000,1784534850270.2874,1784534850873,1784534862552.0,1784534863547.5967,602.713,11679.0,995.597,1784534142552.0,13277.309
ss-55-120000,1784534861120.308,1784534861373,1784534862552.0,1784534863547.5974,252.692,1179.0,995.597,1784534142552.0,2427.289
ss-20-120000,1784534861420.2964,1784534862422,1784534862552.0,1784534863547.5981,1001.704,130.0,995.598,1784534142552.0,2127.302
ss-3-120000,1784534854070.2905,1784534855072,1784534862552.0,1784534863547.5989,1001.709,7480.0,995.599,1784534142552.0,9477.308
ss-77-120000,1784534860420.2886,1784534861373,1784534862552.0,1784534863547.5996,952.711,1179.0,995.6,1784534142552.0,3127.311
ss-17-120000,1784534849770.297,1784534849823,1784534862552.0,1784534863547.6006,52.703,12729.0,995.601,1784534142552.0,13777.303
ss-81-120000,1784534857220.2832,1784534858222,1784534862553.0,1784534863547.6013,1001.717,4331.0,994.601,1784534142553.0,6327.318
ss-15-120000,1784534861070.2905,1784534861373,1784534862553.0,1784534863547.6018,302.709,1180.0,994.602,1784534142553.0,2477.311
ss-44-120000,1784534862220.2808,1784534862422,1784534862553.0,1784534863547.6113,201.719,131.0,994.611,1784534142553.0,1327.331
ss-68-120000,1784534858070.2878,1784534858222,1784534862553.0,1784534863547.6218,151.712,4331.0,994.622,1784534142553.0,5477.334
ss-18-120000,1784534860370.288,1784534861373,1784534862553.0,1784534863547.626,1002.712,1180.0,994.626,1784534142553.0,3177.338
ss-95-120000,1784534860670.2935,1784534861373,1784534862553.0,1784534863547.6265,702.707,1180.0,994.626,1784534142553.0,2877.333
ss-96-120000,1784534859020.2876,1784534859272,1784534862553.0,1784534863547.627,251.712,3281.0,994.627,1784534142553.0,4527.339
ss-94-120000,1784534860520.2893,1784534861373,1784534862553.0,1784534863547.765,852.711,1180.0,994.765,1784534142553.0,3027.476
ss-62-120000,1784534861920.2915,1784534862422,1784534862553.0,1784534863547.766,501.708,131.0,994.766,1784534142553.0,1627.475
ss-66-120000,1784534859270.2925,1784534859272,1784534862553.0,1784534863547.7668,1.708,3281.0,994.767,1784534142553.0,4277.474
ss-53-120000,1784534861270.2864,1784534861373,1784534862554.0,1784534863547.7676,102.714,1181.0,993.768,1784534142554.0,2277.481
ss-67-120000,1784534856420.2996,1784534857172,1784534862554.0,1784534863547.7683,751.7,5382.0,993.768,1784534142554.0,7127.469
ss-82-120000,1784534858820.2952,1784534859272,1784534862554.0,1784534863547.7688,451.705,3282.0,993.769,1784534142554.0,4727.474
ss-5-120000,1784534854120.2896,1784534855072,1784534862554.0,1784534863547.7695,951.71,7482.0,993.77,1784534142554.0,9427.48
ss-69-120000,1784534857870.288,1784534858222,1784534862554.0,1784534863547.77,351.712,4332.0,993.77,1784534142554.0,5677.482
ss-42-120000,1784534858770.2908,1784534859272,1784534862554.0,1784534863547.995,501.709,3282.0,993.995,1784534142554.0,4777.704
ss-85-120000,1784534854570.2942,1784534855072,1784534862554.0,1784534863547.9966,501.706,7482.0,993.997,1784534142554.0,8977.702
ss-30-120000,1784534852770.2937,1784534852973,1784534862554.0,1784534863548.0051,202.706,9581.0,994.005,1784534142554.0,10777.711
ss-8-120000,1784534854370.2935,1784534855072,1784534862554.0,1784534863548.0059,701.707,7482.0,994.006,1784534142554.0,9177.712
ss-92-120000,1784534860822.557,1784534861373,1784534862555.0,1784534863548.0098,550.443,1182.0,993.01,1784534142555.0,2725.453
ss-46-120000,1784534854470.2932,1784534855072,1784534862555.0,1784534863548.0107,601.707,7483.0,993.011,1784534142555.0,9077.718
ss-25-120000,1784534862170.2927,1784534862422,1784534862555.0,1784534863548.0115,251.707,133.0,993.011,1784534142555.0,1377.719
ss-97-120000,1784534848270.289,1784534848773,1784534862555.0,1784534863548.012,502.711,13782.0,993.012,1784534142555.0,15277.723
ss-78-120000,1784534851320.2917,1784534851922,1784534862555.0,1784534863548.0127,601.708,10633.0,993.013,1784534142555.0,12227.721
ss-40-120000,1784534855320.2878,1784534856122,1784534862555.0,1784534863548.0132,801.712,6433.0,993.013,1784534142555.0,8227.725
ss-49-120000,1784534861870.288,1784534862422,1784534862555.0,1784534863548.014,551.712,133.0,993.014,1784534142555.0,1677.726
ss-73-120000,1784534860620.2966,1784534861373,1784534862555.0,1784534863548.0144,752.703,1182.0,993.014,1784534142555.0,2927.718
ss-11-120000,1784534856270.2935,1784534857172,1784534862555.0,1784534863548.0962,901.707,5383.0,993.096,1784534142555.0,7277.803
ss-22-120000,1784534848370.294,1784534848773,1784534862556.0,1784534863548.0972,402.706,13783.0,992.097,1784534142556.0,15177.803
ss-27-120000,1784534862070.2935,1784534862422,1784534862556.0,1784534863548.098,351.707,134.0,992.098,1784534142556.0,1477.804
ss-88-120000,1784534858620.292,1784534859272,1784534862556.0,1784534863548.0986,651.708,3284.0,992.099,1784534142556.0,4927.807
ss-87-120000,1784534852420.292,1784534852973,1784534862556.0,1784534863548.2349,552.708,9583.0,992.235,1784534142556.0,11127.943
ss-32-120000,1784534862020.2915,1784534862422,1784534862556.0,1784534863548.2417,401.708,134.0,992.242,1784534142556.0,1527.95
ss-76-120000,1784534853020.2988,1784534854023,1784534862556.0,1784534863548.2651,1002.701,8533.0,992.265,1784534142556.0,10527.966
ss-37-120000,1784534839920.2915,1784534840373,1784534862556.0,1784534863548.2659,452.708,22183.0,992.266,1784534142556.0,23627.974
ss-83-120000,1784534861770.2888,1784534862422,1784534862557.0,1784534863548.361,651.711,135.0,991.361,1784534142557.0,1778.072
ss-56-120000,1784534850420.288,1784534850873,1784534862557.0,1784534863548.362,452.712,11684.0,991.362,1784534142557.0,13128.074
ss-60-120000,1784534855770.2961,1784534856122,1784534862557.0,1784534863548.4255,351.704,6435.0,991.426,1784534142557.0,7778.129
ss-34-120000,1784534858970.286,1784534859272,1784534862557.0,1784534863548.4263,301.714,3285.0,991.426,1784534142557.0,4578.14
ss-36-120000,1784534856470.2927,1784534857172,1784534862557.0,1784534863548.4268,701.707,5385.0,991.427,1784534142557.0,7078.134
ss-89-120000,1784534861220.279,1784534861373,1784534862557.0,1784534863548.4272,152.721,1184.0,991.427,1784534142557.0,2328.148
ss-52-120000,1784534861620.2896,1784534862422,1784534862558.0,1784534863548.494,801.71,136.0,990.494,1784534142558.0,1928.204
ss-13-120000,1784534861970.2861,1784534862422,1784534862558.0,1784534863548.511,451.714,136.0,990.511,1784534142558.0,1578.225
ss-93-120000,1784534859470.289,1784534860323,1784534862558.0,1784534863548.512,852.711,2235.0,990.512,1784534142558.0,4078.223
ss-24-180000,1784534886370.2903,1784534886572,1784534892973.0,1784534893545.0586,201.71,6401.0,572.059,1784534112973.0,7174.768
ss-39-180000,1784534890870.291,1784534891823,1784534892973.0,1784534893545.0635,952.709,1150.0,572.063,1784534112973.0,2674.772
ss-54-180000,1784534888370.2944,1784534888673,1784534892973.0,1784534893545.0745,302.706,4300.0,572.074,1784534112973.0,5174.78
ss-2-180000,1784534891570.252,1784534891823,1784534892973.0,1784534893545.0757,252.748,1150.0,572.076,1784534112973.0,1974.824
ss-21-180000,1784534889670.2898,1784534889722,1784534892974.0,1784534893545.0767,51.71,3252.0,571.077,1784534112974.0,3874.787
ss-12-180000,1784534889320.2957,1784534889722,1784534892974.0,1784534893545.0771,401.704,3252.0,571.077,1784534112974.0,4224.781
ss-14-180000,1784534889570.303,1784534889722,1784534892974.0,1784534893545.0776,151.697,3252.0,571.078,1784534112974.0,3974.775
ss-72-180000,1784534887970.2896,1784534888673,1784534892974.0,1784534893545.078,702.71,4301.0,571.078,1784534112974.0,5574.788
ss-98-180000,1784534883520.291,1784534884472,1784534892974.0,1784534893545.0789,951.709,8502.0,571.079,1784534112974.0,10024.788
ss-91-180000,1784534885470.2822,1784534885523,1784534892974.0,1784534893545.0798,52.718,7451.0,571.08,1784534112974.0,8074.798
ss-7-180000,1784534891520.2913,1784534891823,1784534892974.0,1784534893545.0803,302.709,1151.0,571.08,1784534112974.0,2024.789
ss-16-180000,1784534890070.293,1784534890773,1784534892974.0,1784534893545.081,702.707,2201.0,571.081,1784534112974.0,3474.788
ss-31-180000,1784534890920.2908,1784534891823,1784534892974.0,1784534893545.0815,902.709,1151.0,571.082,1784534112974.0,2624.791
ss-79-180000,1784534886020.2942,1784534886572,1784534892975.0,1784534893545.083,551.706,6403.0,570.083,1784534112975.0,7524.789
ss-50-180000,1784534888820.2854,1784534889722,1784534892975.0,1784534893545.0835,901.715,3253.0,570.083,1784534112975.0,4724.798
ss-63-180000,1784534884570.2942,1784534885523,1784534892975.0,1784534893545.0847,952.706,7452.0,570.085,1784534112975.0,8974.791
ss-51-180000,1784534888070.296,1784534888673,1784534892975.0,1784534893545.0852,602.704,4302.0,570.085,1784534112975.0,5474.789
ss-28-180000,1784534892020.2932,1784534892873,1784534892975.0,1784534893545.102,852.707,102.0,570.102,1784534112975.0,1524.809
ss-52-180000,1784534890170.2942,1784534890773,1784534892975.0,1784534893545.1025,602.706,2202.0,570.103,1784534112975.0,3374.808
ss-35-180000,1784534883870.3037,1784534884472,1784534892975.0,1784534893545.103,601.696,8503.0,570.103,1784534112975.0,9674.799
ss-70-180000,1784534891620.2773,1784534891823,1784534892975.0,1784534893545.1074,202.723,1152.0,570.107,1784534112975.0,1924.83
ss-99-180000,1784534880970.2915,1784534881322,1784534892975.0,1784534893545.1082,351.708,11653.0,570.108,1784534112975.0,12574.817
ss-90-180000,1784534884020.289,1784534884472,1784534892976.0,1784534893545.4211,451.711,8504.0,569.421,1784534112976.0,9525.132
ss-64-180000,1784534888670.2964,1784534888673,1784534892976.0,1784534893545.4248,2.704,4303.0,569.425,1784534112976.0,4875.128
ss-80-180000,1784534888420.2852,1784534888673,1784534892976.0,1784534893545.4263,252.715,4303.0,569.426,1784534112976.0,5125.141
ss-59-180000,1784534889870.2893,1784534890773,1784534892976.0,1784534893545.4272,902.711,2203.0,569.427,1784534112976.0,3675.138
ss-19-180000,1784534892120.2898,1784534892873,1784534892976.0,1784534893545.428,752.71,103.0,569.428,1784534112976.0,1425.138
ss-45-180000,1784534892220.308,1784534892873,1784534892976.0,1784534893545.429,652.692,103.0,569.429,1784534112976.0,1325.121
ss-9-180000,1784534881170.28,1784534881322,1784534892976.0,1784534893545.4297,151.72,11654.0,569.43,1784534112976.0,12375.15
ss-41-180000,1784534888170.295,1784534888673,1784534892976.0,1784534893545.4307,502.705,4303.0,569.431,1784534112976.0,5375.136
ss-48-180000,1784534885520.2932,1784534885523,1784534892976.0,1784534893545.432,2.707,7453.0,569.432,1784534112976.0,8025.139
ss-29-180000,1784534887220.2954,1784534887622,1784534892977.0,1784534893545.4329,401.705,5355.0,568.433,1784534112977.0,6325.137
ss-58-180000,1784534890420.2896,1784534890773,1784534892977.0,1784534893545.434,352.71,2204.0,568.434,1784534112977.0,3125.145
ss-84-180000,1784534891770.2803,1784534891823,1784534892977.0,1784534893545.4465,52.72,1154.0,568.447,1784534112977.0,1775.166
ss-38-180000,1784534870920.2864,1784534871872,1784534892977.0,1784534893545.4475,951.714,21105.0,568.448,1784534112977.0,22625.161
ss-1-180000,1784534891170.2917,1784534891823,1784534892977.0,1784534893545.4482,652.708,1154.0,568.448,1784534112977.0,2375.156
ss-74-180000,1784534891120.294,1784534891823,1784534892977.0,1784534893545.4539,702.706,1154.0,568.454,1784534112977.0,2425.16
ss-75-180000,1784534887170.2883,1784534887622,1784534892977.0,1784534893545.4546,451.712,5355.0,568.455,1784534112977.0,6375.166
ss-33-180000,1784534882620.29,1784534883422,1784534892977.0,1784534893545.4558,801.71,9555.0,568.456,1784534112977.0,10925.166
ss-23-180000,1784534883470.2896,1784534884472,1784534892977.0,1784534893545.457,1001.71,8505.0,568.457,1784534112977.0,10075.167
ss-0-180000,1784534885120.2925,1784534885523,1784534892978.0,1784534893545.6611,402.708,7455.0,567.661,1784534112978.0,8425.369
ss-6-180000,1784534887720.2922,1784534888673,1784534892978.0,1784534893545.663,952.708,4305.0,567.663,1784534112978.0,5825.371
ss-47-180000,1784534885020.3027,1784534885523,1784534892978.0,1784534893545.664,502.697,7455.0,567.664,1784534112978.0,8525.361
ss-10-180000,1784534883670.2869,1784534884472,1784534892978.0,1784534893545.6653,801.713,8506.0,567.665,1784534112978.0,9875.378
ss-4-180000,1784534889270.2883,1784534889722,1784534892978.0,1784534893545.666,451.712,3256.0,567.666,1784534112978.0,4275.378
ss-65-180000,1784534891020.2888,1784534891823,1784534892978.0,1784534893545.6726,802.711,1155.0,567.673,1784534112978.0,2525.384
ss-86-180000,1784534892070.2827,1784534892873,1784534892978.0,1784534893545.6736,802.717,105.0,567.674,1784534112978.0,1475.391
ss-43-180000,1784534892170.2917,1784534892873,1784534892978.0,1784534893545.6746,702.708,105.0,567.675,1784534112978.0,1375.383
ss-61-180000,1784534882370.2815,1784534882372,1784534892978.0,1784534893545.6753,1.719,10606.0,567.675,1784534112978.0,11175.394
ss-57-180000,1784534885770.2898,1784534886572,1784534892979.0,1784534893545.6765,801.71,6407.0,566.677,1784534112979.0,7775.387
ss-26-180000,1784534883920.2983,1784534884472,1784534892979.0,1784534893545.6775,551.702,8507.0,566.677,1784534112979.0,9625.379
ss-71-180000,1784534891320.2883,1784534891823,1784534892979.0,1784534893545.6782,502.712,1156.0,566.678,1784534112979.0,2225.39
ss-20-180000,1784534884970.2896,1784534885523,1784534892979.0,1784534893545.679,552.71,7456.0,566.679,1784534112979.0,8575.389
ss-3-180000,1784534886220.3008,1784534886572,1784534892979.0,1784534893545.6797,351.699,6407.0,566.68,1784534112979.0,7325.379
ss-77-180000,1784534891670.284,1784534891823,1784534892979.0,1784534893545.6807,152.716,1156.0,566.681,1784534112979.0,1875.397
ss-81-180000,1784534887470.2908,1784534887622,1784534892979.0,1784534893545.686,151.709,5357.0,566.686,1784534112979.0,6075.395
ss-15-180000,1784534890020.2927,1784534890773,1784534892979.0,1784534893545.6868,752.707,2206.0,566.687,1784534112979.0,3525.394
ss-55-180000,1784534888620.2944,1784534888673,1784534892980.0,1784534893545.6875,52.706,4307.0,565.688,1784534112980.0,4925.393
ss-44-180000,1784534891720.2832,1784534891823,1784534892980.0,1784534893545.6882,102.717,1157.0,565.688,1784534112980.0,1825.405
ss-17-180000,1784534888770.2874,1784534889722,1784534892980.0,1784534893545.6892,951.713,3258.0,565.689,1784534112980.0,4775.402
ss-68-180000,1784534889920.2861,1784534890773,1784534892980.0,1784534893545.6897,852.714,2207.0,565.69,1784534112980.0,3625.404
ss-18-180000,1784534889970.2554,1784534890773,1784534892980.0,1784534893545.6907,802.745,2207.0,565.691,1784534112980.0,3575.435
ss-11-180000,1784534890320.295,1784534890773,1784534892980.0,1784534893545.761,452.705,2207.0,565.761,1784534112980.0,3225.466
ss-95-180000,1784534880920.3123,1784534881322,1784534892980.0,1784534893545.7622,401.688,11658.0,565.762,1784534112980.0,12625.45
ss-96-180000,1784534885570.298,1784534886572,1784534892980.0,1784534893545.7627,1001.702,6408.0,565.763,1784534112980.0,7975.465
ss-37-180000,1784534890120.2927,1784534890773,1784534892980.0,1784534893545.7634,652.707,2207.0,565.763,1784534112980.0,3425.471
ss-94-180000,1784534891920.2888,1784534892873,1784534892981.0,1784534893545.7642,952.711,108.0,564.764,1784534112981.0,1625.475
ss-62-180000,1784534891370.2744,1784534891823,1784534892981.0,1784534893545.7832,452.726,1158.0,564.783,1784534112981.0,2175.509
ss-66-180000,1784534891820.29,1784534891823,1784534892981.0,1784534893545.7842,2.71,1158.0,564.784,1784534112981.0,1725.494
ss-53-180000,1784534882770.2878,1784534883422,1784534892981.0,1784534893545.7856,651.712,9559.0,564.786,1784534112981.0,10775.498
ss-67-180000,1784534888520.29,1784534888673,1784534892981.0,1784534893545.7861,152.71,4308.0,564.786,1784534112981.0,5025.496
ss-82-180000,1784534889020.2854,1784534889722,1784534892981.0,1784534893545.787,701.715,3259.0,564.787,1784534112981.0,4525.502
ss-5-180000,1784534889520.2908,1784534889722,1784534892981.0,1784534893545.7878,201.709,3259.0,564.788,1784534112981.0,4025.497
ss-42-180000,1784534887870.2966,1784534888673,1784534892981.0,1784534893545.7886,802.703,4308.0,564.789,1784534112981.0,5675.492
ss-69-180000,1784534890370.2966,1784534890773,1784534892981.0,1784534893545.7893,402.703,2208.0,564.789,1784534112981.0,3175.493
ss-30-180000,1784534891270.2866,1784534891823,1784534892982.0,1784534893545.7957,552.713,1159.0,563.796,1784534112982.0,2275.509
ss-85-180000,1784534887270.287,1784534887622,1784534892982.0,1784534893545.7966,351.713,5360.0,563.797,1784534112982.0,6275.51
ss-8-180000,1784534888570.2905,1784534888673,1784534892982.0,1784534893545.7976,102.709,4309.0,563.798,1784534112982.0,4975.507
ss-92-180000,1784534884320.2952,1784534884472,1784534892982.0,1784534893545.7983,151.705,8510.0,563.798,1784534112982.0,9225.503
ss-25-180000,1784534883620.301,1784534884472,1784534892982.0,1784534893545.799,851.699,8510.0,563.799,1784534112982.0,9925.498
ss-97-180000,1784534886970.2898,1784534887622,1784534892982.0,1784534893545.809,651.71,5360.0,563.809,1784534112982.0,6575.519
ss-78-180000,1784534890770.2908,1784534890773,1784534892982.0,1784534893545.8098,2.709,2209.0,563.81,1784534112982.0,2775.519
ss-40-180000,1784534882070.2905,1784534882372,1784534892982.0,1784534893545.8105,301.709,10610.0,563.811,1784534112982.0,11475.52
ss-49-180000,1784534891070.2822,1784534891823,1784534892982.0,1784534893545.8113,752.718,1159.0,563.811,1784534112982.0,2475.529
ss-73-180000,1784534886520.2866,1784534886572,1784534892983.0,1784534893545.8167,51.713,6411.0,562.817,1784534112983.0,7025.53
ss-22-180000,1784534886770.2898,1784534887622,1784534892983.0,1784534893545.818,851.71,5361.0,562.818,1784534112983.0,6775.528
ss-27-180000,1784534891470.2832,1784534891823,1784534892983.0,1784534893545.8188,352.717,1160.0,562.819,1784534112983.0,2075.536
ss-88-180000,1784534890470.3103,1784534890773,1784534892983.0,1784534893545.8196,302.69,2210.0,562.82,1784534112983.0,3075.509
ss-32-180000,1784534882470.2856,1784534883422,1784534892983.0,1784534893545.8206,951.714,9561.0,562.821,1784534112983.0,11075.535
ss-87-180000,1784534888270.29,1784534888673,1784534892983.0,1784534893545.821,402.71,4310.0,562.821,1784534112983.0,5275.531
ss-76-180000,1784534887570.2937,1784534887622,1784534892983.0,1784534893545.8218,51.706,5361.0,562.822,1784534112983.0,5975.528
ss-46-180000,1784534890670.2886,1784534890773,1784534892983.0,1784534893545.8232,102.711,2210.0,562.823,1784534112983.0,2875.535
ss-83-180000,1784534880120.2903,1784534880272,1784534892983.0,1784534893545.824,151.71,12711.0,562.824,1784534112983.0,13425.534
ss-56-180000,1784534891870.2864,1784534892873,1784534892983.0,1784534893545.8381,1002.714,110.0,562.838,1784534112983.0,1675.552
ss-60-180000,1784534890820.2905,1784534891823,1784534892983.0,1784534893545.8389,1002.709,1160.0,562.839,1784534112983.0,2725.548
ss-34-180000,1784534889820.294,1784534890773,1784534892984.0,1784534893545.8396,952.706,2211.0,561.84,1784534112984.0,3725.546
ss-36-180000,1784534891420.289,1784534891823,1784534892984.0,1784534893545.8403,402.711,1161.0,561.84,1784534112984.0,2125.551
ss-89-180000,1784534886620.2874,1784534887622,1784534892984.0,1784534893546.1492,1001.713,5362.0,562.149,1784534112984.0,6925.862
ss-13-180000,1784534891970.2878,1784534892873,1784534892984.0,1784534893546.1506,902.712,111.0,562.151,1784534112984.0,1575.863
ss-93-180000,1784534885720.289,1784534886572,1784534892984.0,1784534893546.1514,851.711,6412.0,562.151,1784534112984.0,7825.862
ss-24-240000,1784534900670.2905,1784534901273,1784534902380.0,1784534902538.6045,602.709,1107.0,158.604,1784534062380.0,1868.314
ss-39-240000,1784534896020.2964,1784534896022,1784534902381.0,1784534902538.609,1.704,6359.0,157.609,1784534062381.0,6518.312
ss-7-240000,1784534898170.2827,1784534899173,1784534902381.0,1784534902538.6108,1002.717,3208.0,157.611,1784534062381.0,4368.328
ss-2-240000,1784534899920.2947,1784534900222,1784534902381.0,1784534902538.6235,301.705,2159.0,157.624,1784534062381.0,2618.329
ss-21-240000,1784534898470.284,1784534899173,1784534902381.0,1784534902538.625,702.716,3208.0,157.625,1784534062381.0,4068.341
ss-12-240000,1784534898570.2893,1784534899173,1784534902381.0,1784534902538.627,602.711,3208.0,157.627,1784534062381.0,3968.338
ss-14-240000,1784534900270.2864,1784534901273,1784534902381.0,1784534902538.6282,1002.714,1108.0,157.628,1784534062381.0,2268.342
ss-72-240000,1784534897470.286,1784534898123,1784534902381.0,1784534902538.629,652.714,4258.0,157.629,1784534062381.0,5068.343
ss-91-240000,1784534899870.2964,1784534900222,1784534902381.0,1784534902538.6304,351.704,2159.0,157.63,1784534062381.0,2668.334
ss-19-240000,1784534900970.2878,1784534901273,1784534902381.0,1784534902538.6323,302.712,1108.0,157.632,1784534062381.0,1568.344
ss-98-240000,1784534898270.296,1784534899173,1784534902381.0,1784534902538.6333,902.704,3208.0,157.633,1784534062381.0,4268.337
ss-16-240000,1784534901770.2896,1784534902275,1784534902381.0,1784534902538.634,504.71,106.0,157.634,1784534062381.0,768.344
ss-79-240000,1784534894770.2874,1784534894972,1784534902381.0,1784534902538.635,201.713,7409.0,157.635,1784534062381.0,7768.348
ss-31-240000,1784534902020.2869,1784534902275,1784534902381.0,1784534902538.636,254.713,106.0,157.636,1784534062381.0,518.349
ss-28-240000,1784534899120.287,1784534899173,1784534902381.0,1784534902538.6367,52.713,3208.0,157.637,1784534062381.0,3418.35
ss-50-240000,1784534898870.286,1784534899173,1784534902381.0,1784534902538.6375,302.714,3208.0,157.637,1784534062381.0,3668.352
ss-63-240000,1784534899520.2856,1784534900222,1784534902381.0,1784534902538.6387,701.714,2159.0,157.639,1784534062381.0,3018.353
ss-51-240000,1784534901420.2898,1784534902275,1784534902382.0,1784534902538.6396,854.71,107.0,156.64,1784534062382.0,1118.35
ss-9-240000,1784534897970.2905,1784534898123,1784534902382.0,1784534902538.6409,152.709,4259.0,156.641,1784534062382.0,4568.35
ss-35-240000,1784534893220.2944,1784534893922,1784534902382.0,1784534902538.6416,701.706,8460.0,156.642,1784534062382.0,9318.347
ss-99-240000,1784534880970.2915,1784534881322,1784534902382.0,1784534902538.6423,351.708,21060.0,156.642,1784534062382.0,21568.351
ss-70-240000,1784534897120.2944,1784534898123,1784534902382.0,1784534902538.6433,1002.706,4259.0,156.643,1784534062382.0,5418.349
ss-64-240000,1784534896520.2927,1784534897075,1784534902382.0,1784534902538.6672,554.707,5307.0,156.667,1784534062382.0,6018.375
ss-41-240000,1784534898320.2932,1784534899173,1784534902382.0,1784534902538.6685,852.707,3209.0,156.668,1784534062382.0,4218.375
ss-90-240000,1784534901820.2935,1784534902275,1784534902382.0,1784534902538.6692,454.707,107.0,156.669,1784534062382.0,718.376
ss-54-240000,1784534894420.2993,1784534894972,1784534902382.0,1784534902538.674,551.701,7410.0,156.674,1784534062382.0,8118.375
ss-80-240000,1784534901470.2864,1784534902275,1784534902382.0,1784534902538.6753,804.714,107.0,156.675,1784534062382.0,1068.389
ss-59-240000,1784534898070.2908,1784534898123,1784534902382.0,1784534902538.676,52.709,4259.0,156.676,1784534062382.0,4468.385
ss-45-240000,1784534900070.295,1784534900222,1784534902382.0,1784534902538.6768,151.705,2160.0,156.677,1784534062382.0,2468.382
ss-48-240000,1784534885520.2932,1784534885523,1784534902382.0,1784534902538.6775,2.707,16859.0,156.677,1784534062382.0,17018.384
ss-58-240000,1784534899370.2876,1784534900222,1784534902382.0,1784534902538.6782,851.712,2160.0,156.678,1784534062382.0,3168.391
ss-29-240000,1784534895270.2957,1784534896022,1784534902382.0,1784534902538.679,751.704,6360.0,156.679,1784534062382.0,7268.383
ss-74-240000,1784534901520.3079,1784534902275,1784534902382.0,1784534902538.6797,754.692,107.0,156.68,1784534062382.0,1018.372
ss-84-240000,1784534891770.2803,1784534891823,1784534902382.0,1784534902538.6804,52.72,10559.0,156.68,1784534062382.0,10768.4
ss-38-240000,1784534901570.2947,1784534902275,1784534902382.0,1784534902538.6855,704.705,107.0,156.686,1784534062382.0,968.391
ss-1-240000,1784534898220.2913,1784534899173,1784534902382.0,1784534902538.6865,952.709,3209.0,156.687,1784534062382.0,4318.395
ss-4-240000,1784534900820.28,1784534901273,1784534902382.0,1784534902538.6875,452.72,1109.0,156.688,1784534062382.0,1718.407
ss-75-240000,1784534899220.2883,1784534900222,1784534902382.0,1784534902538.7004,1001.712,2160.0,156.7,1784534062382.0,3318.412
ss-33-240000,1784534882620.29,1784534883422,1784534902383.0,1784534902538.7014,801.71,18961.0,155.701,1784534062383.0,19918.411
ss-23-240000,1784534900120.2925,1784534900222,1784534902383.0,1784534902538.7021,101.708,2161.0,155.702,1784534062383.0,2418.41
ss-0-240000,1784534899320.3066,1784534900222,1784534902383.0,1784534902538.703,901.693,2161.0,155.703,1784534062383.0,3218.396
ss-6-240000,1784534899020.281,1784534899173,1784534902383.0,1784534902538.7039,152.719,3210.0,155.704,1784534062383.0,3518.423
ss-10-240000,1784534883670.2869,1784534884472,1784534902383.0,1784534902538.7046,801.713,17911.0,155.705,1784534062383.0,18868.418
ss-68-240000,1784534900320.28,1784534901273,1784534902383.0,1784534902538.7053,952.72,1110.0,155.705,1784534062383.0,2218.425
ss-47-240000,1784534901970.2874,1784534902275,1784534902383.0,1784534902538.706,304.713,108.0,155.706,1784534062383.0,568.419
ss-13-240000,1784534892870.2908,1784534892873,1784534902383.0,1784534902538.7068,2.709,9510.0,155.707,1784534062383.0,9668.416
ss-65-240000,1784534897870.2893,1784534898123,1784534902383.0,1784534902538.7075,252.711,4260.0,155.708,1784534062383.0,4668.418
ss-43-240000,1784534900920.2869,1784534901273,1784534902383.0,1784534902538.7083,352.713,1110.0,155.708,1784534062383.0,1618.421
ss-86-240000,1784534902220.2898,1784534902275,1784534902383.0,1784534902538.7217,54.71,108.0,155.722,1784534062383.0,318.432
ss-61-240000,1784534882370.2815,1784534882372,1784534902383.0,1784534902538.7227,1.719,20011.0,155.723,1784534062383.0,20168.441
ss-57-240000,1784534901720.2917,1784534902275,1784534902383.0,1784534902538.7239,554.708,108.0,155.724,1784534062383.0,818.432
ss-26-240000,1784534901670.3064,1784534902275,1784534902383.0,1784534902538.7249,604.694,108.0,155.725,1784534062383.0,868.418
ss-71-240000,1784534900220.2898,1784534900222,1784534902383.0,1784534902538.7256,1.71,2161.0,155.726,1784534062383.0,2318.436
ss-20-240000,1784534899170.2878,1784534899173,1784534902383.0,1784534902538.727,2.712,3210.0,155.727,1784534062383.0,3368.439
ss-46-240000,1784534895970.2937,1784534896022,1784534902383.0,1784534902538.7285,51.706,6361.0,155.729,1784534062383.0,6568.435
ss-3-240000,1784534897920.2922,1784534898123,1784534902384.0,1784534902538.7295,202.708,4261.0,154.729,1784534062384.0,4618.437
ss-77-240000,1784534902070.8896,1784534902275,1784534902384.0,1784534902538.7302,204.11,109.0,154.73,1784534062384.0,467.841
ss-81-240000,1784534887470.2908,1784534887622,1784534902384.0,1784534902538.7314,151.709,14762.0,154.731,1784534062384.0,15068.441
ss-17-240000,1784534888770.2874,1784534889722,1784534902384.0,1784534902538.7322,951.713,12662.0,154.732,1784534062384.0,13768.445
ss-55-240000,1784534898120.2942,1784534898123,1784534902384.0,1784534902538.733,2.706,4261.0,154.733,1784534062384.0,4418.439
ss-15-240000,1784534900520.287,1784534901273,1784534902384.0,1784534902538.7395,752.713,1111.0,154.74,1784534062384.0,2018.452
ss-44-240000,1784534900570.2927,1784534901273,1784534902384.0,1784534902538.8167,702.707,1111.0,154.817,1784534062384.0,1968.524
ss-18-240000,1784534897770.2883,1784534898123,1784534902384.0,1784534902538.8176,352.712,4261.0,154.818,1784534062384.0,4768.529
ss-96-240000,1784534902170.2905,1784534902275,1784534902384.0,1784534902538.8237,104.709,109.0,154.824,1784534062384.0,368.533
ss-95-240000,1784534895820.2917,1784534896022,1784534902384.0,1784534902538.8242,201.708,6362.0,154.824,1784534062384.0,6718.532
ss-53-240000,1784534899420.291,1784534900222,1784534902384.0,1784534902538.8247,801.709,2162.0,154.825,1784534062384.0,3118.534
ss-37-240000,1784534900170.289,1784534900222,1784534902384.0,1784534902538.8252,51.711,2162.0,154.825,1784534062384.0,2368.536
ss-94-240000,1784534892470.2937,1784534892873,1784534902384.0,1784534902538.8257,402.706,9511.0,154.826,1784534062384.0,10068.532
ss-66-240000,1784534898021.5464,1784534898123,1784534902384.0,1784534902538.826,101.454,4261.0,154.826,1784534062384.0,4517.28
ss-87-240000,1784534894920.2869,1784534894972,1784534902384.0,1784534902538.8264,51.713,7412.0,154.826,1784534062384.0,7618.54
ss-62-240000,1784534891370.2744,1784534891823,1784534902384.0,1784534902538.827,452.726,10561.0,154.827,1784534062384.0,11168.552
ss-67-240000,1784534888520.29,1784534888673,1784534902384.0,1784534902538.8293,152.71,13711.0,154.829,1784534062384.0,14018.539
ss-82-240000,1784534897520.2903,1784534898123,1784534902384.0,1784534902538.8296,602.71,4261.0,154.83,1784534062384.0,5018.539
ss-5-240000,1784534898970.285,1784534899173,1784534902384.0,1784534902538.8298,202.715,3211.0,154.83,1784534062384.0,3568.545
ss-42-240000,1784534894220.2993,1784534894972,1784534902384.0,1784534902538.83,751.701,7412.0,154.83,1784534062384.0,8318.531
ss-69-240000,1784534890370.2966,1784534890773,1784534902385.0,1784534902538.8303,402.703,11612.0,153.83,1784534062385.0,12168.534
ss-85-240000,1784534900870.283,1784534901273,1784534902385.0,1784534902538.8306,402.717,1112.0,153.831,1784534062385.0,1668.548
ss-8-240000,1784534900470.2864,1784534901273,1784534902385.0,1784534902538.831,802.714,1112.0,153.831,1784534062385.0,2068.545
ss-30-240000,1784534901270.2866,1784534901273,1784534902385.0,1784534902538.8313,2.713,1112.0,153.831,1784534062385.0,1268.545
ss-92-240000,1784534896870.2876,1784534897075,1784534902385.0,1784534902538.8606,204.712,5310.0,153.861,1784534062385.0,5668.573
ss-97-240000,1784534898920.2812,1784534899173,1784534902385.0,1784534902538.861,252.719,3212.0,153.861,1784534062385.0,3618.58
ss-25-240000,1784534897670.295,1784534898123,1784534902385.0,1784534902538.8616,452.705,4262.0,153.862,1784534062385.0,4868.567
ss-73-240000,1784534895470.298,1784534896022,1784534902385.0,1784534902538.8618,551.702,6363.0,153.862,1784534062385.0,7068.564
ss-78-240000,1784534892320.295,1784534892873,1784534902385.0,1784534902538.9148,552.705,9512.0,153.915,1784534062385.0,10218.62
ss-40-240000,1784534882070.2905,1784534882372,1784534902385.0,1784534902538.9158,301.709,20013.0,153.916,1784534062385.0,20468.625
ss-49-240000,1784534900370.283,1784534901273,1784534902385.0,1784534902538.916,902.717,1112.0,153.916,1784534062385.0,2168.633
ss-11-240000,1784534901070.2866,1784534901273,1784534902385.0,1784534902539.0312,202.713,1112.0,154.031,1784534062385.0,1468.745
ss-22-240000,1784534900020.2852,1784534900222,1784534902385.0,1784534902539.0347,201.715,2163.0,154.035,1784534062385.0,2518.75
ss-88-240000,1784534896920.2878,1784534897075,1784534902385.0,1784534902539.0417,154.712,5310.0,154.042,1784534062385.0,5618.754
ss-27-240000,1784534902120.3042,1784534902275,1784534902385.0,1784534902539.0435,154.696,110.0,154.043,1784534062385.0,418.739
ss-32-240000,1784534899470.2861,1784534900222,1784534902385.0,1784534902539.1062,751.714,2163.0,154.106,1784534062385.0,3068.82
ss-83-240000,1784534896120.2952,1784534897075,1784534902385.0,1784534902539.1077,954.705,5310.0,154.108,1784534062385.0,6418.812
ss-76-240000,1784534901870.2964,1784534902275,1784534902385.0,1784534902539.1086,404.704,110.0,154.109,1784534062385.0,668.812
ss-56-240000,1784534901920.295,1784534902275,1784534902386.0,1784534902539.1094,354.705,111.0,153.109,1784534062386.0,618.814
ss-34-240000,1784534901120.2883,1784534901273,1784534902386.0,1784534902539.11,152.712,1113.0,153.11,1784534062386.0,1418.822
ss-60-240000,1784534901620.2861,1784534902275,1784534902386.0,1784534902539.1106,654.714,111.0,153.111,1784534062386.0,918.824
ss-36-240000,1784534900720.2837,1784534901273,1784534902386.0,1784534902539.1174,552.716,1113.0,153.117,1784534062386.0,1818.834
ss-89-240000,1784534886620.2874,1784534887622,1784534902386.0,1784534902539.1182,1001.713,14764.0,153.118,1784534062386.0,15918.831
ss-52-240000,1784534899770.2883,1784534900222,1784534902386.0,1784534902539.46,451.712,2164.0,153.46,1784534062386.0,2769.172
ss-93-240000,1784534885720.289,1784534886572,1784534902386.0,1784534902539.4614,851.711,15814.0,153.461,1784534062386.0,16819.172
ss-24-300000,1784534900670.2905,1784534901273,1784534902386.0,1784534902539.4622,602.709,1113.0,153.462,1784534002386.0,1869.172
ss-39-300000,1784534896020.2964,1784534896022,1784534902386.0,1784534902539.4639,1.704,6364.0,153.464,1784534002386.0,6519.167
ss-2-300000,1784534899920.2947,1784534900222,1784534902386.0,1784534902539.4644,301.705,2164.0,153.464,1784534002386.0,2619.17
ss-7-300000,1784534898170.2827,1784534899173,1784534902386.0,1784534902539.4648,1002.717,3213.0,153.465,1784534002386.0,4369.182
ss-12-300000,1784534898570.2893,1784534899173,1784534902386.0,1784534902539.4653,602.711,3213.0,153.465,1784534002386.0,3969.176
ss-21-300000,1784534898470.284,1784534899173,1784534902386.0,1784534902539.4658,702.716,3213.0,153.466,1784534002386.0,4069.182
ss-46-300000,1784534895970.2937,1784534896022,1784534902386.0,1784534902539.4666,51.706,6364.0,153.467,1784534002386.0,6569.173
ss-14-300000,1784534900270.2864,1784534901273,1784534902386.0,1784534902539.4697,1002.714,1113.0,153.47,1784534002386.0,2269.183
ss-72-300000,1784534897470.286,1784534898123,1784534902387.0,1784534902539.4702,652.714,4264.0,152.47,1784534002387.0,5069.184
ss-91-300000,1784534899870.2964,1784534900222,1784534902387.0,1784534902539.471,351.704,2165.0,152.471,1784534002387.0,2669.175
ss-19-300000,1784534900970.2878,1784534901273,1784534902387.0,1784534902539.4712,302.712,1114.0,152.471,1784534002387.0,1569.183
ss-98-300000,1784534898270.296,1784534899173,1784534902387.0,1784534902539.4717,902.704,3214.0,152.472,1784534002387.0,4269.176
ss-16-300000,1784534901770.2896,1784534902275,1784534902387.0,1784534902539.472,504.71,112.0,152.472,1784534002387.0,769.182
ss-79-300000,1784534894770.2874,1784534894972,1784534902387.0,1784534902539.4724,201.713,7415.0,152.472,1784534002387.0,7769.185
ss-31-300000,1784534902020.2869,1784534902275,1784534902387.0,1784534902539.4727,254.713,112.0,152.473,1784534002387.0,519.186
ss-28-300000,1784534899120.287,1784534899173,1784534902387.0,1784534902539.4734,52.713,3214.0,152.473,1784534002387.0,3419.186
ss-50-300000,1784534898870.286,1784534899173,1784534902387.0,1784534902539.4739,302.714,3214.0,152.474,1784534002387.0,3669.188
ss-63-300000,1784534899520.2856,1784534900222,1784534902387.0,1784534902539.4749,701.714,2165.0,152.475,1784534002387.0,3019.189
ss-51-300000,1784534901420.2898,1784534902275,1784534902387.0,1784534902539.475,854.71,112.0,152.475,1784534002387.0,1119.185
ss-9-300000,1784534897970.2905,1784534898123,1784534902387.0,1784534902539.4758,152.709,4264.0,152.476,1784534002387.0,4569.185
ss-35-300000,1784534893220.2944,1784534893922,1784534902387.0,1784534902539.476,701.706,8465.0,152.476,1784534002387.0,9319.182
ss-52-300000,1784534899770.2883,1784534900222,1784534902387.0,1784534902539.4788,451.712,2165.0,152.479,1784534002387.0,2769.19
ss-64-300000,1784534896520.2927,1784534897075,1784534902387.0,1784534902539.4792,554.707,5312.0,152.479,1784534002387.0,6019.187
ss-99-300000,1784534880970.2915,1784534881322,1784534902387.0,1784534902539.4797,351.708,21065.0,152.48,1784534002387.0,21569.188
ss-70-300000,1784534897120.2944,1784534898123,1784534902387.0,1784534902539.4883,1002.706,4264.0,152.488,1784534002387.0,5419.194
ss-80-300000,1784534901470.2864,1784534902275,1784534902387.0,1784534902539.4888,804.714,112.0,152.489,1784534002387.0,1069.202
ss-90-300000,1784534901820.2935,1784534902275,1784534902387.0,1784534902539.4893,454.707,112.0,152.489,1784534002387.0,719.196
ss-59-300000,1784534898070.2908,1784534898123,1784534902387.0,1784534902539.4895,52.709,4264.0,152.49,1784534002387.0,4469.199
ss-45-300000,1784534900070.295,1784534900222,1784534902388.0,1784534902539.49,151.705,2166.0,151.49,1784534002388.0,2469.195
ss-48-300000,1784534885520.2932,1784534885523,1784534902388.0,1784534902539.493,2.707,16865.0,151.493,1784534002388.0,17019.2
ss-58-300000,1784534899370.2876,1784534900222,1784534902388.0,1784534902539.4934,851.712,2166.0,151.493,1784534002388.0,3169.206
ss-29-300000,1784534895270.2957,1784534896022,1784534902388.0,1784534902539.494,751.704,6366.0,151.494,1784534002388.0,7269.198
ss-74-300000,1784534901520.3079,1784534902275,1784534902388.0,1784534902539.4944,754.692,113.0,151.494,1784534002388.0,1019.187
ss-84-300000,1784534891770.2803,1784534891823,1784534902388.0,1784534902539.4946,52.72,10565.0,151.495,1784534002388.0,10769.214
ss-38-300000,1784534901570.2947,1784534902275,1784534902388.0,1784534902539.4949,704.705,113.0,151.495,1784534002388.0,969.2
ss-1-300000,1784534898220.2913,1784534899173,1784534902388.0,1784534902539.5706,952.709,3215.0,151.571,1784534002388.0,4319.279
ss-75-300000,1784534899220.2883,1784534900222,1784534902388.0,1784534902539.5837,1001.712,2166.0,151.584,1784534002388.0,3319.295
ss-4-300000,1784534900820.28,1784534901273,1784534902388.0,1784534902539.5842,452.72,1115.0,151.584,1784534002388.0,1719.304
ss-23-300000,1784534900120.2925,1784534900222,1784534902388.0,1784534902539.5847,101.708,2166.0,151.585,1784534002388.0,2419.292
ss-33-300000,1784534882620.29,1784534883422,1784534902388.0,1784534902539.5852,801.71,18966.0,151.585,1784534002388.0,19919.295
ss-0-300000,1784534899320.3066,1784534900222,1784534902388.0,1784534902539.5857,901.693,2166.0,151.586,1784534002388.0,3219.279
ss-6-300000,1784534899020.281,1784534899173,1784534902388.0,1784534902539.586,152.719,3215.0,151.586,1784534002388.0,3519.305
ss-10-300000,1784534883670.2869,1784534884472,1784534902388.0,1784534902539.5903,801.713,17916.0,151.59,1784534002388.0,18869.303
ss-47-300000,1784534901970.2874,1784534902275,1784534902388.0,1784534902539.593,304.713,113.0,151.593,1784534002388.0,569.306
ss-60-300000,1784534901620.2861,1784534902275,1784534902388.0,1784534902539.5935,654.714,113.0,151.594,1784534002388.0,919.307
ss-65-300000,1784534897870.2893,1784534898123,1784534902388.0,1784534902539.594,252.711,4265.0,151.594,1784534002388.0,4669.305
ss-43-300000,1784534900920.2869,1784534901273,1784534902388.0,1784534902539.5942,352.713,1115.0,151.594,1784534002388.0,1619.307
ss-68-300000,1784534900320.28,1784534901273,1784534902388.0,1784534902539.5947,952.72,1115.0,151.595,1784534002388.0,2219.315
ss-86-300000,1784534902220.2898,1784534902275,1784534902388.0,1784534902539.595,54.71,113.0,151.595,1784534002388.0,319.305
ss-71-300000,1784534900220.2898,1784534900222,1784534902388.0,1784534902539.5955,1.71,2166.0,151.595,1784534002388.0,2319.306
ss-61-300000,1784534882370.2815,1784534882372,1784534902389.0,1784534902539.5981,1.719,20017.0,150.598,1784534002389.0,20169.317
ss-57-300000,1784534901720.2917,1784534902275,1784534902389.0,1784534902539.599,554.708,114.0,150.599,1784534002389.0,819.307
ss-26-300000,1784534901670.3064,1784534902275,1784534902389.0,1784534902539.6042,604.694,114.0,150.604,1784534002389.0,869.298
ss-20-300000,1784534899170.2878,1784534899173,1784534902389.0,1784534902539.6047,2.712,3216.0,150.605,1784534002389.0,3369.317
ss-41-300000,1784534898320.2932,1784534899173,1784534902389.0,1784534902539.6052,852.707,3216.0,150.605,1784534002389.0,4219.312
ss-77-300000,1784534902070.8896,1784534902275,1784534902389.0,1784534902539.61,204.11,114.0,150.61,1784534002389.0,468.72
ss-3-300000,1784534897920.2922,1784534898123,1784534902389.0,1784534902539.6104,202.708,4266.0,150.61,1784534002389.0,4619.318
ss-55-300000,1784534898120.2942,1784534898123,1784534902389.0,1784534902539.6113,2.706,4266.0,150.611,1784534002389.0,4419.317
ss-81-300000,1784534887470.2908,1784534887622,1784534902389.0,1784534902539.6152,151.709,14767.0,150.615,1784534002389.0,15069.324
ss-17-300000,1784534888770.2874,1784534889722,1784534902389.0,1784534902539.6711,951.713,12667.0,150.671,1784534002389.0,13769.384
ss-15-300000,1784534900520.287,1784534901273,1784534902389.0,1784534902539.6736,752.713,1116.0,150.674,1784534002389.0,2019.386
ss-44-300000,1784534900570.2927,1784534901273,1784534902389.0,1784534902539.675,702.707,1116.0,150.675,1784534002389.0,1969.382
ss-18-300000,1784534897770.2883,1784534898123,1784534902389.0,1784534902539.6921,352.712,4266.0,150.692,1784534002389.0,4769.404
ss-37-300000,1784534900170.289,1784534900222,1784534902389.0,1784534902539.6934,51.711,2167.0,150.693,1784534002389.0,2369.404
ss-96-300000,1784534902170.2905,1784534902275,1784534902389.0,1784534902539.6948,104.709,114.0,150.695,1784534002389.0,369.404
ss-95-300000,1784534895820.2917,1784534896022,1784534902389.0,1784534902539.703,201.708,6367.0,150.703,1784534002389.0,6719.411
ss-53-300000,1784534899420.291,1784534900222,1784534902390.0,1784534902539.704,801.709,2168.0,149.704,1784534002390.0,3119.413
ss-94-300000,1784534892470.2937,1784534892873,1784534902390.0,1784534902539.705,402.706,9517.0,149.705,1784534002390.0,10069.411
ss-83-300000,1784534896120.2952,1784534897075,1784534902390.0,1784534902539.7063,954.705,5315.0,149.706,1784534002390.0,6419.411
ss-62-300000,1784534891370.2744,1784534891823,1784534902390.0,1784534902539.8264,452.726,10567.0,149.826,1784534002390.0,11169.552
ss-66-300000,1784534898021.5464,1784534898123,1784534902390.0,1784534902539.829,101.454,4267.0,149.829,1784534002390.0,4518.283
ss-67-300000,1784534888520.29,1784534888673,1784534902390.0,1784534902539.84,152.71,13717.0,149.84,1784534002390.0,14019.55
ss-8-300000,1784534900470.2864,1784534901273,1784534902390.0,1784534902539.8413,802.714,1117.0,149.841,1784534002390.0,2069.555
ss-5-300000,1784534898970.285,1784534899173,1784534902390.0,1784534902539.8423,202.715,3217.0,149.842,1784534002390.0,3569.557
ss-82-300000,1784534897520.2903,1784534898123,1784534902390.0,1784534902539.8435,602.71,4267.0,149.844,1784534002390.0,5019.553
ss-42-300000,1784534894220.2993,1784534894972,1784534902390.0,1784534902539.8445,751.701,7418.0,149.844,1784534002390.0,8319.545
ss-69-300000,1784534890370.2966,1784534890773,1784534902390.0,1784534902539.8455,402.703,11617.0,149.845,1784534002390.0,12169.549
ss-85-300000,1784534900870.283,1784534901273,1784534902390.0,1784534902539.8467,402.717,1117.0,149.847,1784534002390.0,1669.564
ss-30-300000,1784534901270.2866,1784534901273,1784534902390.0,1784534902539.875,2.713,1117.0,149.875,1784534002390.0,1269.588
ss-32-300000,1784534899470.2861,1784534900222,1784534902390.0,1784534902539.8762,751.714,2168.0,149.876,1784534002390.0,3069.59
ss-92-300000,1784534896870.2876,1784534897075,1784534902390.0,1784534902539.8772,204.712,5315.0,149.877,1784534002390.0,5669.59
ss-97-300000,1784534898920.2812,1784534899173,1784534902390.0,1784534902539.878,252.719,3217.0,149.878,1784534002390.0,3619.597
ss-25-300000,1784534897670.295,1784534898123,1784534902390.0,1784534902539.8787,452.705,4267.0,149.879,1784534002390.0,4869.584
ss-27-300000,1784534902120.3042,1784534902275,1784534902390.0,1784534902539.8796,154.696,115.0,149.88,1784534002390.0,419.575
ss-73-300000,1784534895470.298,1784534896022,1784534902390.0,1784534902539.886,551.702,6368.0,149.886,1784534002390.0,7069.588
ss-78-300000,1784534892320.295,1784534892873,1784534902390.0,1784534902539.8875,552.705,9517.0,149.887,1784534002390.0,10219.593
ss-11-300000,1784534901070.2866,1784534901273,1784534902390.0,1784534902539.9053,202.713,1117.0,149.905,1784534002390.0,1469.619
ss-40-300000,1784534882070.2905,1784534882372,1784534902390.0,1784534902539.97,301.709,20018.0,149.97,1784534002390.0,20469.679
ss-49-300000,1784534900370.283,1784534901273,1784534902391.0,1784534902540.3933,902.717,1118.0,149.393,1784534002391.0,2170.11
ss-22-300000,1784534900020.2852,1784534900222,1784534902391.0,1784534902540.3958,201.715,2169.0,149.396,1784534002391.0,2520.111
ss-88-300000,1784534896920.2878,1784534897075,1784534902391.0,1784534902540.3972,154.712,5316.0,149.397,1784534002391.0,5620.109
ss-87-300000,1784534894920.2869,1784534894972,1784534902391.0,1784534902540.3984,51.713,7419.0,149.398,1784534002391.0,7620.112
ss-76-300000,1784534901870.2964,1784534902275,1784534902391.0,1784534902540.3994,404.704,116.0,149.399,1784534002391.0,670.103
ss-56-300000,1784534901920.295,1784534902275,1784534902391.0,1784534902540.4004,354.705,116.0,149.4,1784534002391.0,620.105
ss-34-300000,1784534901120.2883,1784534901273,1784534902391.0,1784534902540.4014,152.712,1118.0,149.401,1784534002391.0,1420.113
ss-13-300000,1784534892870.2908,1784534892873,1784534902391.0,1784534902540.402,2.709,9518.0,149.402,1784534002391.0,9670.111
ss-36-300000,1784534900720.2837,1784534901273,1784534902391.0,1784534902540.5256,552.716,1118.0,149.526,1784534002391.0,1820.242
ss-89-300000,1784534886620.2874,1784534887622,1784534902391.0,1784534902540.5269,1001.713,14769.0,149.527,1784534002391.0,15920.24
ss-54-300000,1784534894420.2993,1784534894972,1784534902391.0,1784534902540.5276,551.701,7419.0,149.528,1784534002391.0,8120.228
ss-93-300000,1784534885720.289,1784534886572,1784534902391.0,1784534902540.5286,851.711,15819.0,149.529,1784534002391.0,16820.24
ss-39-360000,1784534896020.2964,1784534896022,1784534902391.0,1784534902540.5293,1.704,6369.0,149.529,1784533942391.0,6520.233
ss-56-360000,1784534901920.295,1784534902275,1784534902391.0,1784534902540.5303,354.705,116.0,149.53,1784533942391.0,620.235
ss-52-360000,1784534899770.2883,1784534900222,1784534902391.0,1784534902540.531,451.712,2169.0,149.531,1784533942391.0,2770.243
ss-2-360000,1784534899920.2947,1784534900222,1784534902391.0,1784534902540.5317,301.705,2169.0,149.532,1784533942391.0,2620.237
ss-12-360000,1784534898570.2893,1784534899173,1784534902391.0,1784534902540.5325,602.711,3218.0,149.532,1784533942391.0,3970.243
ss-21-360000,1784534898470.284,1784534899173,1784534902391.0,1784534902540.5332,702.716,3218.0,149.533,1784533942391.0,4070.249
ss-7-360000,1784534898170.2827,1784534899173,1784534902392.0,1784534902540.54,1002.717,3219.0,148.54,1784533942392.0,4370.257
ss-72-360000,1784534897470.286,1784534898123,1784534902392.0,1784534902540.541,652.714,4269.0,148.541,1784533942392.0,5070.255
ss-14-360000,1784534900270.2864,1784534901273,1784534902392.0,1784534902540.552,1002.714,1119.0,148.552,1784533942392.0,2270.266
ss-91-360000,1784534899870.2964,1784534900222,1784534902392.0,1784534902540.5605,351.704,2170.0,148.561,1784533942392.0,2670.264
ss-98-360000,1784534898270.296,1784534899173,1784534902392.0,1784534902540.5615,902.704,3219.0,148.562,1784533942392.0,4270.266
ss-9-360000,1784534897970.2905,1784534898123,1784534902392.0,1784534902540.76,152.709,4269.0,148.76,1784533942392.0,4570.469
ss-16-360000,1784534901770.2896,1784534902275,1784534902392.0,1784534902540.808,504.71,117.0,148.808,1784533942392.0,770.519
ss-79-360000,1784534894770.2874,1784534894972,1784534902392.0,1784534902540.809,201.713,7420.0,148.809,1784533942392.0,7770.522
ss-31-360000,1784534902020.2869,1784534902275,1784534902392.0,1784534902540.8174,254.713,117.0,148.817,1784533942392.0,520.531
ss-50-360000,1784534898870.286,1784534899173,1784534902392.0,1784534902540.8184,302.714,3219.0,148.818,1784533942392.0,3670.532
ss-28-360000,1784534899120.287,1784534899173,1784534902392.0,1784534902540.819,52.713,3219.0,148.819,1784533942392.0,3420.532
ss-63-360000,1784534899520.2856,1784534900222,1784534902392.0,1784534902540.8252,701.714,2170.0,148.825,1784533942392.0,3020.54
ss-51-360000,1784534901420.2898,1784534902275,1784534902392.0,1784534902541.0535,854.71,117.0,149.053,1784533942392.0,1120.764
ss-64-360000,1784534896520.2927,1784534897075,1784534902392.0,1784534902541.0544,554.707,5317.0,149.054,1784533942392.0,6020.762
ss-35-360000,1784534893220.2944,1784534893922,1784534902392.0,1784534902541.055,701.706,8470.0,149.055,1784533942392.0,9320.76
ss-99-360000,1784534880970.2915,1784534881322,1784534902393.0,1784534902541.0583,351.708,21071.0,148.058,1784533942393.0,21570.767
ss-70-360000,1784534897120.2944,1784534898123,1784534902393.0,1784534902541.0588,1002.706,4270.0,148.059,1784533942393.0,5420.764
ss-80-360000,1784534901470.2864,1784534902275,1784534902393.0,1784534902541.0593,804.714,118.0,148.059,1784533942393.0,1070.773
ss-90-360000,1784534901820.2935,1784534902275,1784534902393.0,1784534902541.0598,454.707,118.0,148.06,1784533942393.0,720.766
ss-59-360000,1784534898070.2908,1784534898123,1784534902393.0,1784534902541.06,52.709,4270.0,148.06,1784533942393.0,4470.769
ss-45-360000,1784534900070.295,1784534900222,1784534902393.0,1784534902541.0605,151.705,2171.0,148.061,1784533942393.0,2470.766
ss-48-360000,1784534885520.2932,1784534885523,1784534902393.0,1784534902541.0632,2.707,16870.0,148.063,1784533942393.0,17020.77
ss-58-360000,1784534899370.2876,1784534900222,1784534902393.0,1784534902541.0635,851.712,2171.0,148.063,1784533942393.0,3170.776
ss-29-360000,1784534895270.2957,1784534896022,1784534902393.0,1784534902541.066,751.704,6371.0,148.066,1784533942393.0,7270.77
ss-13-360000,1784534892870.2908,1784534892873,1784534902393.0,1784534902541.0664,2.709,9520.0,148.066,1784533942393.0,9670.776
ss-84-360000,1784534891770.2803,1784534891823,1784534902393.0,1784534902541.0667,52.72,10570.0,148.067,1784533942393.0,10770.786
ss-74-360000,1784534901520.3079,1784534902275,1784534902393.0,1784534902541.0671,754.692,118.0,148.067,1784533942393.0,1020.759
ss-89-360000,1784534886620.2874,1784534887622,1784534902393.0,1784534902541.0674,1001.713,14771.0,148.067,1784533942393.0,15920.78
ss-38-360000,1784534901570.2947,1784534902275,1784534902393.0,1784534902541.0679,704.705,118.0,148.068,1784533942393.0,970.773
ss-1-360000,1784534898220.2913,1784534899173,1784534902393.0,1784534902541.0684,952.709,3220.0,148.068,1784533942393.0,4320.777
ss-36-360000,1784534900720.2837,1784534901273,1784534902393.0,1784534902541.0686,552.716,1120.0,148.069,1784533942393.0,1820.785
ss-75-360000,1784534899220.2883,1784534900222,1784534902393.0,1784534902541.0713,1001.712,2171.0,148.071,1784533942393.0,3320.783
ss-23-360000,1784534900120.2925,1784534900222,1784534902393.0,1784534902541.0718,101.708,2171.0,148.072,1784533942393.0,2420.779
ss-33-360000,1784534882620.29,1784534883422,1784534902393.0,1784534902541.072,801.71,18971.0,148.072,1784533942393.0,19920.782
ss-4-360000,1784534900820.28,1784534901273,1784534902393.0,1784534902541.0725,452.72,1120.0,148.073,1784533942393.0,1720.792
ss-6-360000,1784534899020.281,1784534899173,1784534902393.0,1784534902541.0784,152.719,3220.0,148.078,1784533942393.0,3520.797
ss-0-360000,1784534899320.3066,1784534900222,1784534902393.0,1784534902541.0789,901.693,2171.0,148.079,1784533942393.0,3220.772
ss-10-360000,1784534883670.2869,1784534884472,1784534902393.0,1784534902541.079,801.713,17921.0,148.079,1784533942393.0,18870.792
ss-47-360000,1784534901970.2874,1784534902275,1784534902393.0,1784534902541.1714,304.713,118.0,148.171,1784533942393.0,570.884
ss-65-360000,1784534897870.2893,1784534898123,1784534902394.0,1784534902541.1724,252.711,4271.0,147.172,1784533942394.0,4670.883
ss-43-360000,1784534900920.2869,1784534901273,1784534902394.0,1784534902541.173,352.713,1121.0,147.173,1784533942394.0,1620.886
ss-86-360000,1784534902220.2898,1784534902275,1784534902394.0,1784534902541.1738,54.71,119.0,147.174,1784533942394.0,320.884
ss-60-360000,1784534901620.2861,1784534902275,1784534902394.0,1784534902541.1746,654.714,119.0,147.175,1784533942394.0,920.888
ss-61-360000,1784534882370.2815,1784534882372,1784534902394.0,1784534902541.1816,1.719,20022.0,147.182,1784533942394.0,20170.9
ss-71-360000,1784534900220.2898,1784534900222,1784534902394.0,1784534902541.1868,1.71,2172.0,147.187,1784533942394.0,2320.897
ss-57-360000,1784534901720.2917,1784534902275,1784534902394.0,1784534902541.268,554.708,119.0,147.268,1784533942394.0,820.976
ss-26-360000,1784534901670.3064,1784534902275,1784534902394.0,1784534902541.269,604.694,119.0,147.269,1784533942394.0,870.963
ss-68-360000,1784534900320.28,1784534901273,1784534902394.0,1784534902541.2698,952.72,1121.0,147.27,1784533942394.0,2220.99
ss-55-360000,1784534898120.2942,1784534898123,1784534902394.0,1784534902541.2705,2.706,4271.0,147.271,1784533942394.0,4420.976
ss-20-360000,1784534899170.2878,1784534899173,1784534902394.0,1784534902541.2712,2.712,3221.0,147.271,1784533942394.0,3370.983
ss-77-360000,1784534902070.8896,1784534902275,1784534902394.0,1784534902541.272,204.11,119.0,147.272,1784533942394.0,470.382
ss-3-360000,1784534897920.2922,1784534898123,1784534902394.0,1784534902541.2783,202.708,4271.0,147.278,1784533942394.0,4620.986
ss-37-360000,1784534900170.289,1784534900222,1784534902394.0,1784534902541.3638,51.711,2172.0,147.364,1784533942394.0,2371.075
ss-17-360000,1784534888770.2874,1784534889722,1784534902394.0,1784534902541.3647,951.713,12672.0,147.365,1784533942394.0,13771.077
ss-81-360000,1784534887470.2908,1784534887622,1784534902394.0,1784534902541.3652,151.709,14772.0,147.365,1784533942394.0,15071.074
ss-15-360000,1784534900520.287,1784534901273,1784534902394.0,1784534902541.3657,752.713,1121.0,147.366,1784533942394.0,2021.079
ss-44-360000,1784534900570.2927,1784534901273,1784534902394.0,1784534902541.3872,702.707,1121.0,147.387,1784533942394.0,1971.094
ss-19-360000,1784534900970.2878,1784534901273,1784534902394.0,1784534902541.4414,302.712,1121.0,147.441,1784533942394.0,1571.154
ss-18-360000,1784534897770.2883,1784534898123,1784534902395.0,1784534902541.4421,352.712,4272.0,146.442,1784533942395.0,4771.154
ss-96-360000,1784534902170.2905,1784534902275,1784534902395.0,1784534902541.4426,104.709,120.0,146.443,1784533942395.0,371.152
ss-95-360000,1784534895820.2917,1784534896022,1784534902395.0,1784534902541.4429,201.708,6373.0,146.443,1784533942395.0,6721.151
ss-94-360000,1784534892470.2937,1784534892873,1784534902395.0,1784534902541.4482,402.706,9522.0,146.448,1784533942395.0,10071.155
ss-53-360000,1784534899420.291,1784534900222,1784534902395.0,1784534902541.4539,801.709,2173.0,146.454,1784533942395.0,3121.163
ss-62-360000,1784534891370.2744,1784534891823,1784534902395.0,1784534902541.51,452.726,10572.0,146.51,1784533942395.0,11171.236
ss-66-360000,1784534898021.5464,1784534898123,1784534902395.0,1784534902541.5107,101.454,4272.0,146.511,1784533942395.0,4519.964
ss-67-360000,1784534888520.29,1784534888673,1784534902395.0,1784534902541.5112,152.71,13722.0,146.511,1784533942395.0,14021.221
ss-76-360000,1784534901870.2964,1784534902275,1784534902395.0,1784534902541.5117,404.704,120.0,146.512,1784533942395.0,671.215
ss-5-360000,1784534898970.285,1784534899173,1784534902395.0,1784534902541.516,202.715,3222.0,146.516,1784533942395.0,3571.231
ss-82-360000,1784534897520.2903,1784534898123,1784534902395.0,1784534902541.5186,602.71,4272.0,146.519,1784533942395.0,5021.228
ss-8-360000,1784534900470.2864,1784534901273,1784534902395.0,1784534902541.5188,802.714,1122.0,146.519,1784533942395.0,2071.232
ss-69-360000,1784534890370.2966,1784534890773,1784534902395.0,1784534902541.5447,402.703,11622.0,146.545,1784533942395.0,12171.248
ss-42-360000,1784534894220.2993,1784534894972,1784534902395.0,1784534902541.5452,751.701,7423.0,146.545,1784533942395.0,8321.246
ss-85-360000,1784534900870.283,1784534901273,1784534902395.0,1784534902541.5813,402.717,1122.0,146.581,1784533942395.0,1671.298
ss-83-360000,1784534896120.2952,1784534897075,1784534902395.0,1784534902541.5815,954.705,5320.0,146.582,1784533942395.0,6421.286
ss-30-360000,1784534901270.2866,1784534901273,1784534902395.0,1784534902541.582,2.713,1122.0,146.582,1784533942395.0,1271.295
ss-46-360000,1784534895970.2937,1784534896022,1784534902395.0,1784534902541.5823,51.706,6373.0,146.582,1784533942395.0,6571.289
ss-92-360000,1784534896870.2876,1784534897075,1784534902395.0,1784534902541.5825,204.712,5320.0,146.583,1784533942395.0,5671.295
ss-97-360000,1784534898920.2812,1784534899173,1784534902395.0,1784534902541.6196,252.719,3222.0,146.62,1784533942395.0,3621.338
ss-25-360000,1784534897670.295,1784534898123,1784534902396.0,1784534902541.6199,452.705,4273.0,145.62,1784533942396.0,4871.325
ss-78-360000,1784534892320.295,1784534892873,1784534902396.0,1784534902541.6262,552.705,9523.0,145.626,1784533942396.0,10221.331
ss-87-360000,1784534894920.2869,1784534894972,1784534902396.0,1784534902541.6267,51.713,7424.0,145.627,1784533942396.0,7621.34
ss-73-360000,1784534895470.298,1784534896022,1784534902396.0,1784534902541.6272,551.702,6374.0,145.627,1784533942396.0,7071.329
ss-40-360000,1784534882070.2905,1784534882372,1784534902396.0,1784534902541.6514,301.709,20024.0,145.651,1784533942396.0,20471.361
ss-88-360000,1784534896920.2878,1784534897075,1784534902396.0,1784534902541.6519,154.712,5321.0,145.652,1784533942396.0,5621.364
ss-27-360000,1784534902120.3042,1784534902275,1784534902396.0,1784534902541.6523,154.696,121.0,145.652,1784533942396.0,421.348
ss-41-360000,1784534898320.2932,1784534899173,1784534902396.0,1784534902541.659,852.707,3223.0,145.659,1784533942396.0,4221.366
ss-32-360000,1784534899470.2861,1784534900222,1784534902396.0,1784534902541.6594,751.714,2174.0,145.659,1784533942396.0,3071.373
ss-11-360000,1784534901070.2866,1784534901273,1784534902396.0,1784534902541.6748,202.713,1123.0,145.675,1784533942396.0,1471.388
ss-34-360000,1784534901120.2883,1784534901273,1784534902396.0,1784534902541.6755,152.712,1123.0,145.676,1784533942396.0,1421.387
ss-49-360000,1784534900370.283,1784534901273,1784534902396.0,1784534902541.872,902.717,1123.0,145.872,1784533942396.0,2171.589
ss-22-360000,1784534900020.2852,1784534900222,1784534902396.0,1784534902541.873,201.715,2174.0,145.873,1784533942396.0,2521.588
ss-93-360000,1784534885720.289,1784534886572,1784534902396.0,1784534902541.8735,851.711,15824.0,145.874,1784533942396.0,16821.584
ss-54-360000,1784534894420.2993,1784534894972,1784534902396.0,1784534902541.874,551.701,7424.0,145.874,1784533942396.0,8121.575
ss-24-360000,1784534900670.2905,1784534901273,1784534902396.0,1784534902541.8745,602.709,1123.0,145.875,1784533942396.0,1871.584
ss-39-420000,1784534896020.2964,1784534896022,1784534902396.0,1784534902541.875,1.704,6374.0,145.875,1784533882396.0,6521.579
ss-7-420000,1784534898170.2827,1784534899173,1784534902396.0,1784534902541.8755,1002.717,3223.0,145.875,1784533882396.0,4371.593
ss-2-420000,1784534899920.2947,1784534900222,1784534902396.0,1784534902541.876,301.705,2174.0,145.876,1784533882396.0,2621.581
ss-12-420000,1784534898570.2893,1784534899173,1784534902396.0,1784534902541.8762,602.711,3223.0,145.876,1784533882396.0,3971.587
ss-21-420000,1784534898470.284,1784534899173,1784534902397.0,1784534902541.8767,702.716,3224.0,144.877,1784533882397.0,4071.593
ss-72-420000,1784534897470.286,1784534898123,1784534902397.0,1784534902541.8772,652.714,4274.0,144.877,1784533882397.0,5071.591
ss-9-420000,1784534897970.2905,1784534898123,1784534902397.0,1784534902541.8826,152.709,4274.0,144.883,1784533882397.0,4571.592
ss-14-420000,1784534900270.2864,1784534901273,1784534902397.0,1784534902541.8828,1002.714,1124.0,144.883,1784533882397.0,2271.596
ss-91-420000,1784534899870.2964,1784534900222,1784534902397.0,1784534902541.8833,351.704,2175.0,144.883,1784533882397.0,2671.587
ss-98-420000,1784534898270.296,1784534899173,1784534902397.0,1784534902541.8835,902.704,3224.0,144.884,1784533882397.0,4271.588
ss-16-420000,1784534901770.2896,1784534902275,1784534902397.0,1784534902541.884,504.71,122.0,144.884,1784533882397.0,771.594
ss-79-420000,1784534894770.2874,1784534894972,1784534902397.0,1784534902541.8877,201.713,7425.0,144.888,1784533882397.0,7771.6
ss-31-420000,1784534902020.2869,1784534902275,1784534902397.0,1784534902541.888,254.713,122.0,144.888,1784533882397.0,521.601
ss-54-420000,1784534894420.2993,1784534894972,1784534902397.0,1784534902541.8945,551.701,7425.0,144.895,1784533882397.0,8121.595
ss-41-420000,1784534898320.2932,1784534899173,1784534902397.0,1784534902541.895,852.707,3224.0,144.895,1784533882397.0,4221.602
ss-28-420000,1784534899120.287,1784534899173,1784534902397.0,1784534902541.8984,52.713,3224.0,144.898,1784533882397.0,3421.611
ss-50-420000,1784534898870.286,1784534899173,1784534902397.0,1784534902541.899,302.714,3224.0,144.899,1784533882397.0,3671.613
ss-63-420000,1784534899520.2856,1784534900222,1784534902397.0,1784534902541.9575,701.714,2175.0,144.958,1784533882397.0,3021.672
ss-64-420000,1784534896520.2927,1784534897075,1784534902397.0,1784534902541.9587,554.707,5322.0,144.959,1784533882397.0,6021.666
ss-51-420000,1784534901420.2898,1784534902275,1784534902398.0,1784534902541.9597,854.71,123.0,143.96,1784533882398.0,1121.67
ss-30-420000,1784534901270.2866,1784534901273,1784534902398.0,1784534902541.9602,2.713,1125.0,143.96,1784533882398.0,1271.674
ss-35-420000,1784534893220.2944,1784534893922,1784534902398.0,1784534902541.9683,701.706,8476.0,143.968,1784533882398.0,9321.674
ss-99-420000,1784534880970.2915,1784534881322,1784534902398.0,1784534902542.044,351.708,21076.0,144.044,1784533882398.0,21571.752
ss-70-420000,1784534897120.2944,1784534898123,1784534902398.0,1784534902542.0444,1002.706,4275.0,144.044,1784533882398.0,5421.75
ss-80-420000,1784534901470.2864,1784534902275,1784534902398.0,1784534902542.0447,804.714,123.0,144.045,1784533882398.0,1071.758
ss-90-420000,1784534901820.2935,1784534902275,1784534902398.0,1784534902542.0452,454.707,123.0,144.045,1784533882398.0,721.752
ss-59-420000,1784534898070.2908,1784534898123,1784534902398.0,1784534902542.0454,52.709,4275.0,144.045,1784533882398.0,4471.755
ss-45-420000,1784534900070.295,1784534900222,1784534902398.0,1784534902542.0457,151.705,2176.0,144.046,1784533882398.0,2471.751
ss-52-420000,1784534899770.2883,1784534900222,1784534902398.0,1784534902542.046,451.712,2176.0,144.046,1784533882398.0,2771.758
ss-48-420000,1784534885520.2932,1784534885523,1784534902398.0,1784534902542.0461,2.707,16875.0,144.046,1784533882398.0,17021.753
ss-89-420000,1784534886620.2874,1784534887622,1784534902398.0,1784534902542.0464,1001.713,14776.0,144.046,1784533882398.0,15921.759
ss-58-420000,1784534899370.2876,1784534900222,1784534902398.0,1784534902542.0466,851.712,2176.0,144.047,1784533882398.0,3171.759
ss-29-420000,1784534895270.2957,1784534896022,1784534902398.0,1784534902542.0508,751.704,6376.0,144.051,1784533882398.0,7271.755
ss-74-420000,1784534901520.3079,1784534902275,1784534902398.0,1784534902542.055,754.692,123.0,144.055,1784533882398.0,1021.747
ss-84-420000,1784534891770.2803,1784534891823,1784534902398.0,1784534902542.0574,52.72,10575.0,144.057,1784533882398.0,10771.777
ss-38-420000,1784534901570.2947,1784534902275,1784534902398.0,1784534902542.0576,704.705,123.0,144.058,1784533882398.0,971.763
ss-1-420000,1784534898220.2913,1784534899173,1784534902398.0,1784534902542.1067,952.709,3225.0,144.107,1784533882398.0,4321.815
ss-4-420000,1784534900820.28,1784534901273,1784534902398.0,1784534902542.1074,452.72,1125.0,144.107,1784533882398.0,1721.827
ss-75-420000,1784534899220.2883,1784534900222,1784534902398.0,1784534902542.1543,1001.712,2176.0,144.154,1784533882398.0,3321.866
ss-23-420000,1784534900120.2925,1784534900222,1784534902399.0,1784534902542.1548,101.708,2177.0,143.155,1784533882399.0,2421.862
ss-82-420000,1784534897520.2903,1784534898123,1784534902399.0,1784534902542.1553,602.71,4276.0,143.155,1784533882399.0,5021.865
ss-33-420000,1784534882620.29,1784534883422,1784534902399.0,1784534902542.1558,801.71,18977.0,143.156,1784533882399.0,19921.866
ss-6-420000,1784534899020.281,1784534899173,1784534902399.0,1784534902542.16,152.719,3226.0,143.16,1784533882399.0,3521.879
ss-0-420000,1784534899320.3066,1784534900222,1784534902399.0,1784534902542.1604,901.693,2177.0,143.16,1784533882399.0,3221.854
ss-10-420000,1784534883670.2869,1784534884472,1784534902399.0,1784534902542.161,801.713,17927.0,143.161,1784533882399.0,18871.874
ss-68-420000,1784534900320.28,1784534901273,1784534902399.0,1784534902542.1697,952.72,1126.0,143.17,1784533882399.0,2221.89
ss-47-420000,1784534901970.2874,1784534902275,1784534902399.0,1784534902542.172,304.713,124.0,143.172,1784533882399.0,571.885
ss-34-420000,1784534901120.2883,1784534901273,1784534902399.0,1784534902542.1726,152.712,1126.0,143.173,1784533882399.0,1421.884
ss-65-420000,1784534897870.2893,1784534898123,1784534902399.0,1784534902542.175,252.711,4276.0,143.175,1784533882399.0,4671.886
ss-43-420000,1784534900920.2869,1784534901273,1784534902399.0,1784534902542.1907,352.713,1126.0,143.191,1784533882399.0,1621.904
ss-13-420000,1784534892870.2908,1784534892873,1784534902399.0,1784534902542.1912,2.709,9526.0,143.191,1784533882399.0,9671.9
ss-86-420000,1784534902220.2898,1784534902275,1784534902399.0,1784534902542.2368,54.71,124.0,143.237,1784533882399.0,321.947
ss-71-420000,1784534900220.2898,1784534900222,1784534902399.0,1784534902542.238,1.71,2177.0,143.238,1784533882399.0,2321.948
ss-61-420000,1784534882370.2815,1784534882372,1784534902399.0,1784534902542.2388,1.719,20027.0,143.239,1784533882399.0,20171.957
ss-57-420000,1784534901720.2917,1784534902275,1784534902399.0,1784534902542.2712,554.708,124.0,143.271,1784533882399.0,821.979
ss-60-420000,1784534901620.2861,1784534902275,1784534902399.0,1784534902542.2722,654.714,124.0,143.272,1784533882399.0,921.986
ss-55-420000,1784534898120.2942,1784534898123,1784534902399.0,1784534902542.2727,2.706,4276.0,143.273,1784533882399.0,4421.979
ss-26-420000,1784534901670.3064,1784534902275,1784534902399.0,1784534902542.273,604.694,124.0,143.273,1784533882399.0,871.967
ss-20-420000,1784534899170.2878,1784534899173,1784534902399.0,1784534902542.3013,2.712,3226.0,143.301,1784533882399.0,3372.013
ss-77-420000,1784534902070.8896,1784534902275,1784534902399.0,1784534902542.3015,204.11,124.0,143.302,1784533882399.0,471.412
ss-3-420000,1784534897920.2922,1784534898123,1784534902400.0,1784534902542.302,202.708,4277.0,142.302,1784533882400.0,4622.01
ss-17-420000,1784534888770.2874,1784534889722,1784534902400.0,1784534902542.3022,951.713,12678.0,142.302,1784533882400.0,13772.015
ss-83-420000,1784534896120.2952,1784534897075,1784534902400.0,1784534902542.3162,954.705,5325.0,142.316,1784533882400.0,6422.021
ss-81-420000,1784534887470.2908,1784534887622,1784534902400.0,1784534902542.319,151.709,14778.0,142.319,1784533882400.0,15072.028
ss-15-420000,1784534900520.287,1784534901273,1784534902400.0,1784534902542.3254,752.713,1127.0,142.325,1784533882400.0,2022.038
ss-44-420000,1784534900570.2927,1784534901273,1784534902400.0,1784534902542.326,702.707,1127.0,142.326,1784533882400.0,1972.033
ss-18-420000,1784534897770.2883,1784534898123,1784534902400.0,1784534902542.3389,352.712,4277.0,142.339,1784533882400.0,4772.051
ss-96-420000,1784534902170.2905,1784534902275,1784534902400.0,1784534902542.3394,104.709,125.0,142.339,1784533882400.0,372.049
ss-95-420000,1784534895820.2917,1784534896022,1784534902400.0,1784534902542.3396,201.708,6378.0,142.34,1784533882400.0,6722.048
ss-53-420000,1784534899420.291,1784534900222,1784534902400.0,1784534902542.3481,801.709,2178.0,142.348,1784533882400.0,3122.057
ss-94-420000,1784534892470.2937,1784534892873,1784534902400.0,1784534902542.3613,402.706,9527.0,142.361,1784533882400.0,10072.068
ss-62-420000,1784534891370.2744,1784534891823,1784534902400.0,1784534902542.3618,452.726,10577.0,142.362,1784533882400.0,11172.087
ss-66-420000,1784534898021.5464,1784534898123,1784534902400.0,1784534902542.3723,101.454,4277.0,142.372,1784533882400.0,4520.826
ss-8-420000,1784534900470.2864,1784534901273,1784534902400.0,1784534902542.3818,802.714,1127.0,142.382,1784533882400.0,2072.095
ss-37-420000,1784534900170.289,1784534900222,1784534902400.0,1784534902542.3853,51.711,2178.0,142.385,1784533882400.0,2372.096
ss-67-420000,1784534888520.29,1784534888673,1784534902400.0,1784534902542.4307,152.71,13727.0,142.431,1784533882400.0,14022.141
ss-5-420000,1784534898970.285,1784534899173,1784534902400.0,1784534902542.431,202.715,3227.0,142.431,1784533882400.0,3572.146
ss-69-420000,1784534890370.2966,1784534890773,1784534902400.0,1784534902542.434,402.703,11627.0,142.434,1784533882400.0,12172.137
ss-46-420000,1784534895970.2937,1784534896022,1784534902400.0,1784534902542.4343,51.706,6378.0,142.434,1784533882400.0,6572.141
ss-42-420000,1784534894220.2993,1784534894972,1784534902400.0,1784534902542.4375,751.701,7428.0,142.438,1784533882400.0,8322.138
ss-85-420000,1784534900870.283,1784534901273,1784534902401.0,1784534902542.4377,402.717,1128.0,141.438,1784533882401.0,1672.155
ss-76-420000,1784534901870.2964,1784534902275,1784534902401.0,1784534902542.441,404.704,126.0,141.441,1784533882401.0,672.145
ss-32-420000,1784534899470.2861,1784534900222,1784534902401.0,1784534902542.4932,751.714,2179.0,141.493,1784533882401.0,3072.207
ss-92-420000,1784534896870.2876,1784534897075,1784534902401.0,1784534902542.494,204.712,5326.0,141.494,1784533882401.0,5672.206
ss-97-420000,1784534898920.2812,1784534899173,1784534902401.0,1784534902542.4941,252.719,3228.0,141.494,1784533882401.0,3622.213
ss-19-420000,1784534900970.2878,1784534901273,1784534902401.0,1784534902542.4944,302.712,1128.0,141.494,1784533882401.0,1572.207
ss-73-420000,1784534895470.298,1784534896022,1784534902401.0,1784534902542.5935,551.702,6379.0,141.594,1784533882401.0,7072.295
ss-78-420000,1784534892320.295,1784534892873,1784534902401.0,1784534902542.5942,552.705,9528.0,141.594,1784533882401.0,10222.299
ss-11-420000,1784534901070.2866,1784534901273,1784534902401.0,1784534902542.5947,202.713,1128.0,141.595,1784533882401.0,1472.308
ss-22-420000,1784534900020.2852,1784534900222,1784534902401.0,1784534902542.5994,201.715,2179.0,141.599,1784533882401.0,2522.314
ss-87-420000,1784534894920.2869,1784534894972,1784534902401.0,1784534902542.6,51.713,7429.0,141.6,1784533882401.0,7622.313
ss-27-420000,1784534902120.3042,1784534902275,1784534902401.0,1784534902542.6003,154.696,126.0,141.6,1784533882401.0,422.296
ss-56-420000,1784534901920.295,1784534902275,1784534902401.0,1784534902542.6008,354.705,126.0,141.601,1784533882401.0,622.306
ss-40-420000,1784534882070.2905,1784534882372,1784534902401.0,1784534902542.6086,301.709,20029.0,141.609,1784533882401.0,20472.318
ss-88-420000,1784534896920.2878,1784534897075,1784534902401.0,1784534902542.6091,154.712,5326.0,141.609,1784533882401.0,5622.321
ss-25-420000,1784534897670.295,1784534898123,1784534902401.0,1784534902542.6094,452.705,4278.0,141.609,1784533882401.0,4872.314
ss-49-420000,1784534900370.283,1784534901273,1784534902401.0,1784534902542.6099,902.717,1128.0,141.61,1784533882401.0,2172.327
ss-36-420000,1784534900720.2837,1784534901273,1784534902401.0,1784534902542.61,552.716,1128.0,141.61,1784533882401.0,1822.326
ss-93-420000,1784534885720.289,1784534886572,1784534902401.0,1784534902542.6108,851.711,15829.0,141.611,1784533882401.0,16822.322
ss-24-420000,1784534900670.2905,1784534901273,1784534902401.0,1784534902542.6113,602.709,1128.0,141.611,1784533882401.0,1872.321
ss-39-480000,1784534896020.2964,1784534896022,1784534902402.0,1784534902542.6116,1.704,6380.0,140.612,1784533822402.0,6522.315
ss-9-480000,1784534897970.2905,1784534898123,1784534902402.0,1784534902542.6155,152.709,4279.0,140.615,1784533822402.0,4572.325
ss-2-480000,1784534899920.2947,1784534900222,1784534902402.0,1784534902542.6191,301.705,2180.0,140.619,1784533822402.0,2622.324
ss-12-480000,1784534898570.2893,1784534899173,1784534902402.0,1784534902542.6196,602.711,3229.0,140.62,1784533822402.0,3972.33
ss-72-480000,1784534897470.286,1784534898123,1784534902402.0,1784534902542.6829,652.714,4279.0,140.683,1784533822402.0,5072.397
ss-21-480000,1784534898470.284,1784534899173,1784534902402.0,1784534902542.684,702.716,3229.0,140.684,1784533822402.0,4072.4
ss-97-480000,1784534898920.2812,1784534899173,1784534902402.0,1784534902542.6882,252.719,3229.0,140.688,1784533822402.0,3622.407
ss-11-480000,1784534901070.2866,1784534901273,1784534902402.0,1784534902542.6958,202.713,1129.0,140.696,1784533822402.0,1472.409
ss-14-480000,1784534900270.2864,1784534901273,1784534902402.0,1784534902542.6965,1002.714,1129.0,140.697,1784533822402.0,2272.41
ss-91-480000,1784534899870.2964,1784534900222,1784534902402.0,1784534902542.7004,351.704,2180.0,140.7,1784533822402.0,2672.404
ss-98-480000,1784534898270.296,1784534899173,1784534902402.0,1784534902542.721,902.704,3229.0,140.721,1784533822402.0,4272.425
ss-16-480000,1784534901770.2896,1784534902275,1784534902402.0,1784534902542.7217,504.71,127.0,140.722,1784533822402.0,772.432
ss-79-480000,1784534894770.2874,1784534894972,1784534902402.0,1784534902542.7268,201.713,7430.0,140.727,1784533822402.0,7772.439
ss-28-480000,1784534899120.287,1784534899173,1784534902402.0,1784534902542.7312,52.713,3229.0,140.731,1784533822402.0,3422.444
ss-31-480000,1784534902020.2869,1784534902275,1784534902402.0,1784534902542.777,254.713,127.0,140.777,1784533822402.0,522.49
ss-50-480000,1784534898870.286,1784534899173,1784534902402.0,1784534902542.7776,302.714,3229.0,140.778,1784533822402.0,3672.492
ss-64-480000,1784534896520.2927,1784534897075,1784534902403.0,1784534902542.778,554.707,5328.0,139.778,1784533822403.0,6022.485
ss-63-480000,1784534899520.2856,1784534900222,1784534902403.0,1784534902542.7783,701.714,2181.0,139.778,1784533822403.0,3022.493
ss-51-480000,1784534901420.2898,1784534902275,1784534902403.0,1784534902542.7817,854.71,128.0,139.782,1784533822403.0,1122.492
ss-35-480000,1784534893220.2944,1784534893922,1784534902403.0,1784534902542.782,701.706,8481.0,139.782,1784533822403.0,9322.488
ss-99-480000,1784534880970.2915,1784534881322,1784534902403.0,1784534902542.8342,351.708,21081.0,139.834,1784533822403.0,21572.543
ss-80-480000,1784534901470.2864,1784534902275,1784534902403.0,1784534902542.8352,804.714,128.0,139.835,1784533822403.0,1072.549
ss-70-480000,1784534897120.2944,1784534898123,1784534902403.0,1784534902542.8357,1002.706,4280.0,139.836,1784533822403.0,5422.541
ss-7-480000,1784534898170.2827,1784534899173,1784534902403.0,1784534902542.8362,1002.717,3230.0,139.836,1784533822403.0,4372.553
ss-90-480000,1784534901820.2935,1784534902275,1784534902403.0,1784534902542.8364,454.707,128.0,139.836,1784533822403.0,722.543
ss-59-480000,1784534898070.2908,1784534898123,1784534902403.0,1784534902542.837,52.709,4280.0,139.837,1784533822403.0,4472.546
ss-77-480000,1784534902070.8896,1784534902275,1784534902403.0,1784534902542.8372,204.11,128.0,139.837,1784533822403.0,471.948
ss-45-480000,1784534900070.295,1784534900222,1784534902403.0,1784534902543.0784,151.705,2181.0,140.078,1784533822403.0,2472.783
ss-41-480000,1784534898320.2932,1784534899173,1784534902403.0,1784534902543.0813,852.707,3230.0,140.081,1784533822403.0,4222.788
ss-48-480000,1784534885520.2932,1784534885523,1784534902403.0,1784534902543.0823,2.707,16880.0,140.082,1784533822403.0,17022.789
ss-58-480000,1784534899370.2876,1784534900222,1784534902403.0,1784534902543.0835,851.712,2181.0,140.083,1784533822403.0,3172.796
ss-74-480000,1784534901520.3079,1784534902275,1784534902403.0,1784534902543.0842,754.692,128.0,140.084,1784533822403.0,1022.776
ss-29-480000,1784534895270.2957,1784534896022,1784534902403.0,1784534902543.0857,751.704,6381.0,140.086,1784533822403.0,7272.79
ss-4-480000,1784534900820.28,1784534901273,1784534902403.0,1784534902543.0864,452.72,1130.0,140.086,1784533822403.0,1722.806
ss-84-480000,1784534891770.2803,1784534891823,1784534902403.0,1784534902543.0872,52.72,10580.0,140.087,1784533822403.0,10772.807
ss-38-480000,1784534901570.2947,1784534902275,1784534902403.0,1784534902543.088,704.705,128.0,140.088,1784533822403.0,972.793
ss-1-480000,1784534898220.2913,1784534899173,1784534902403.0,1784534902543.0884,952.709,3230.0,140.088,1784533822403.0,4322.797
ss-68-480000,1784534900320.28,1784534901273,1784534902404.0,1784534902543.089,952.72,1131.0,139.089,1784533822404.0,2222.809
ss-75-480000,1784534899220.2883,1784534900222,1784534902404.0,1784534902543.0903,1001.712,2182.0,139.09,1784533822404.0,3322.802
ss-23-480000,1784534900120.2925,1784534900222,1784534902404.0,1784534902543.0957,101.708,2182.0,139.096,1784533822404.0,2422.803
ss-89-480000,1784534886620.2874,1784534887622,1784534902404.0,1784534902543.0967,1001.713,14782.0,139.097,1784533822404.0,15922.809
ss-6-480000,1784534899020.281,1784534899173,1784534902404.0,1784534902543.0974,152.719,3231.0,139.097,1784533822404.0,3522.816
ss-33-480000,1784534882620.29,1784534883422,1784534902404.0,1784534902543.098,801.71,18982.0,139.098,1784533822404.0,19922.808
ss-0-480000,1784534899320.3066,1784534900222,1784534902404.0,1784534902543.0986,901.693,2182.0,139.099,1784533822404.0,3222.792
ss-10-480000,1784534883670.2869,1784534884472,1784534902404.0,1784534902543.0996,801.713,17932.0,139.1,1784533822404.0,18872.813
ss-54-480000,1784534894420.2993,1784534894972,1784534902404.0,1784534902543.1003,551.701,7432.0,139.1,1784533822404.0,8122.801
ss-47-480000,1784534901970.2874,1784534902275,1784534902404.0,1784534902543.1008,304.713,129.0,139.101,1784533822404.0,572.813
ss-83-480000,1784534896120.2952,1784534897075,1784534902404.0,1784534902543.1016,954.705,5329.0,139.102,1784533822404.0,6422.806
ss-65-480000,1784534897870.2893,1784534898123,1784534902404.0,1784534902543.1174,252.711,4281.0,139.117,1784533822404.0,4672.828
ss-5-480000,1784534898970.285,1784534899173,1784534902404.0,1784534902543.1182,202.715,3231.0,139.118,1784533822404.0,3572.833
ss-43-480000,1784534900920.2869,1784534901273,1784534902404.0,1784534902543.1187,352.713,1131.0,139.119,1784533822404.0,1622.832
ss-71-480000,1784534900220.2898,1784534900222,1784534902404.0,1784534902543.1196,1.71,2182.0,139.12,1784533822404.0,2322.83
ss-86-480000,1784534902220.2898,1784534902275,1784534902404.0,1784534902543.12,54.71,129.0,139.12,1784533822404.0,322.83
ss-13-480000,1784534892870.2908,1784534892873,1784534902404.0,1784534902543.1208,2.709,9531.0,139.121,1784533822404.0,9672.83
ss-55-480000,1784534898120.2942,1784534898123,1784534902404.0,1784534902543.1213,2.706,4281.0,139.121,1784533822404.0,4422.827
ss-61-480000,1784534882370.2815,1784534882372,1784534902404.0,1784534902543.122,1.719,20032.0,139.122,1784533822404.0,20172.841
ss-57-480000,1784534901720.2917,1784534902275,1784534902405.0,1784534902543.123,554.708,130.0,138.123,1784533822405.0,822.831
ss-26-480000,1784534901670.3064,1784534902275,1784534902405.0,1784534902543.1238,604.694,130.0,138.124,1784533822405.0,872.817
ss-20-480000,1784534899170.2878,1784534899173,1784534902405.0,1784534902543.1248,2.712,3232.0,138.125,1784533822405.0,3372.837
ss-34-480000,1784534901120.2883,1784534901273,1784534902405.0,1784534902543.1255,152.712,1132.0,138.125,1784533822405.0,1422.837
ss-17-480000,1784534888770.2874,1784534889722,1784534902405.0,1784534902543.1262,951.713,12683.0,138.126,1784533822405.0,13772.839
ss-3-480000,1784534897920.2922,1784534898123,1784534902405.0,1784534902543.1614,202.708,4282.0,138.161,1784533822405.0,4622.869
ss-81-480000,1784534887470.2908,1784534887622,1784534902405.0,1784534902543.1626,151.709,14783.0,138.163,1784533822405.0,15072.872
ss-15-480000,1784534900520.287,1784534901273,1784534902405.0,1784534902543.1633,752.713,1132.0,138.163,1784533822405.0,2022.876
ss-44-480000,1784534900570.2927,1784534901273,1784534902405.0,1784534902543.1638,702.707,1132.0,138.164,1784533822405.0,1972.871
ss-40-480000,1784534882070.2905,1784534882372,1784534902405.0,1784534902543.1648,301.709,20033.0,138.165,1784533822405.0,20472.874
ss-19-480000,1784534900970.2878,1784534901273,1784534902405.0,1784534902543.1711,302.712,1132.0,138.171,1784533822405.0,1572.883
ss-18-480000,1784534897770.2883,1784534898123,1784534902405.0,1784534902543.1724,352.712,4282.0,138.172,1784533822405.0,4772.884
ss-96-480000,1784534902170.2905,1784534902275,1784534902405.0,1784534902543.178,104.709,130.0,138.178,1784533822405.0,372.887
ss-53-480000,1784534899420.291,1784534900222,1784534902405.0,1784534902543.1882,801.709,2183.0,138.188,1784533822405.0,3122.897
ss-95-480000,1784534895820.2917,1784534896022,1784534902405.0,1784534902543.189,201.708,6383.0,138.189,1784533822405.0,6722.897
ss-8-480000,1784534900470.2864,1784534901273,1784534902405.0,1784534902543.1946,802.714,1132.0,138.195,1784533822405.0,2072.908
ss-94-480000,1784534892470.2937,1784534892873,1784534902406.0,1784534902543.1995,402.706,9533.0,137.199,1784533822406.0,10072.906
ss-62-480000,1784534891370.2744,1784534891823,1784534902406.0,1784534902543.2488,452.726,10583.0,137.249,1784533822406.0,11172.974
ss-66-480000,1784534898021.5464,1784534898123,1784534902406.0,1784534902543.25,101.454,4283.0,137.25,1784533822406.0,4521.704
ss-37-480000,1784534900170.289,1784534900222,1784534902406.0,1784534902543.2505,51.711,2184.0,137.25,1784533822406.0,2372.961
ss-46-480000,1784534895970.2937,1784534896022,1784534902406.0,1784534902543.6077,51.706,6384.0,137.608,1784533822406.0,6573.314
ss-67-480000,1784534888520.29,1784534888673,1784534902406.0,1784534902543.6262,152.71,13733.0,137.626,1784533822406.0,14023.336
ss-69-480000,1784534890370.2966,1784534890773,1784534902406.0,1784534902543.627,402.703,11633.0,137.627,1784533822406.0,12173.33
ss-82-480000,1784534897520.2903,1784534898123,1784534902406.0,1784534902543.6274,602.71,4283.0,137.627,1784533822406.0,5023.337
ss-42-480000,1784534894220.2993,1784534894972,1784534902406.0,1784534902543.6296,751.701,7434.0,137.63,1784533822406.0,8323.33
ss-85-480000,1784534900870.283,1784534901273,1784534902406.0,1784534902543.6301,402.717,1133.0,137.63,1784533822406.0,1673.347
ss-30-480000,1784534901270.2866,1784534901273,1784534902406.0,1784534902543.6304,2.713,1133.0,137.63,1784533822406.0,1273.344
ss-92-480000,1784534896870.2876,1784534897075,1784534902406.0,1784534902543.6306,204.712,5331.0,137.631,1784533822406.0,5673.343
ss-76-480000,1784534901870.2964,1784534902275,1784534902406.0,1784534902543.631,404.704,131.0,137.631,1784533822406.0,673.335
ss-25-480000,1784534897670.295,1784534898123,1784534902406.0,1784534902543.6313,452.705,4283.0,137.631,1784533822406.0,4873.336
ss-78-480000,1784534892320.295,1784534892873,1784534902406.0,1784534902543.6316,552.705,9533.0,137.632,1784533822406.0,10223.337
ss-22-480000,1784534900020.2852,1784534900222,1784534902406.0,1784534902543.6318,201.715,2184.0,137.632,1784533822406.0,2523.347
ss-87-480000,1784534894920.2869,1784534894972,1784534902406.0,1784534902543.632,51.713,7434.0,137.632,1784533822406.0,7623.345
ss-32-480000,1784534899470.2861,1784534900222,1784534902406.0,1784534902543.6326,751.714,2184.0,137.633,1784533822406.0,3073.346
ss-27-480000,1784534902120.3042,1784534902275,1784534902407.0,1784534902543.6328,154.696,132.0,136.633,1784533822407.0,423.329
ss-56-480000,1784534901920.295,1784534902275,1784534902407.0,1784534902543.633,354.705,132.0,136.633,1784533822407.0,623.338
ss-73-480000,1784534895470.298,1784534896022,1784534902407.0,1784534902543.6333,551.702,6385.0,136.633,1784533822407.0,7073.335
ss-88-480000,1784534896920.2878,1784534897075,1784534902407.0,1784534902543.634,154.712,5332.0,136.634,1784533822407.0,5623.346
ss-49-480000,1784534900370.283,1784534901273,1784534902407.0,1784534902543.6348,902.717,1134.0,136.635,1784533822407.0,2173.352
ss-60-480000,1784534901620.2861,1784534902275,1784534902407.0,1784534902543.6353,654.714,132.0,136.635,1784533822407.0,923.349
ss-36-480000,1784534900720.2837,1784534901273,1784534902407.0,1784534902543.6355,552.716,1134.0,136.635,1784533822407.0,1823.352
ss-52-480000,1784534899770.2883,1784534900222,1784534902407.0,1784534902543.6377,451.712,2185.0,136.638,1784533822407.0,2773.349
ss-93-480000,1784534885720.289,1784534886572,1784534902407.0,1784534902543.638,851.711,15835.0,136.638,1784533822407.0,16823.349
ss-24-480000,1784534900670.2905,1784534901273,1784534902407.0,1784534902543.6404,602.709,1134.0,136.64,1784533822407.0,1873.35
ss-39-540000,1784534896020.2964,1784534896022,1784534902407.0,1784534902546.14,1.704,6385.0,139.14,1784533762407.0,6525.844
ss-2-540000,1784534899920.2947,1784534900222,1784534902407.0,1784534902546.1418,301.705,2185.0,139.142,1784533762407.0,2625.847
ss-12-540000,1784534898570.2893,1784534899173,1784534902407.0,1784534902546.143,602.711,3234.0,139.143,1784533762407.0,3975.854
ss-86-540000,1784534902220.2898,1784534902275,1784534902407.0,1784534902546.1438,54.71,132.0,139.144,1784533762407.0,325.854
ss-72-540000,1784534897470.286,1784534898123,1784534902407.0,1784534902546.152,652.714,4284.0,139.152,1784533762407.0,5075.866
ss-15-540000,1784534900520.287,1784534901273,1784534902407.0,1784534902546.153,752.713,1134.0,139.153,1784533762407.0,2025.866
ss-21-540000,1784534898470.284,1784534899173,1784534902407.0,1784534902546.154,702.716,3234.0,139.154,1784533762407.0,4075.87
ss-46-540000,1784534895970.2937,1784534896022,1784534902407.0,1784534902546.1548,51.706,6385.0,139.155,1784533762407.0,6575.861
ss-14-540000,1784534900270.2864,1784534901273,1784534902407.0,1784534902546.1553,1002.714,1134.0,139.155,1784533762407.0,2275.869
ss-91-540000,1784534899870.2964,1784534900222,1784534902407.0,1784534902546.159,351.704,2185.0,139.159,1784533762407.0,2675.863
ss-75-540000,1784534899220.2883,1784534900222,1784534902407.0,1784534902546.16,1001.712,2185.0,139.16,1784533762407.0,3325.872
ss-98-540000,1784534898270.296,1784534899173,1784534902408.0,1784534902546.1606,902.704,3235.0,138.161,1784533762408.0,4275.865
ss-92-540000,1784534896870.2876,1784534897075,1784534902408.0,1784534902546.1611,204.712,5333.0,138.161,1784533762408.0,5675.874
ss-16-540000,1784534901770.2896,1784534902275,1784534902408.0,1784534902546.1619,504.71,133.0,138.162,1784533762408.0,775.872
ss-79-540000,1784534894770.2874,1784534894972,1784534902408.0,1784534902546.1733,201.713,7436.0,138.173,1784533762408.0,7775.886
ss-31-540000,1784534902020.2869,1784534902275,1784534902408.0,1784534902546.1738,254.713,133.0,138.174,1784533762408.0,525.887
ss-28-540000,1784534899120.287,1784534899173,1784534902408.0,1784534902546.1746,52.713,3235.0,138.175,1784533762408.0,3425.887
ss-64-540000,1784534896520.2927,1784534897075,1784534902408.0,1784534902546.1753,554.707,5333.0,138.175,1784533762408.0,6025.883
ss-50-540000,1784534898870.286,1784534899173,1784534902408.0,1784534902546.1758,302.714,3235.0,138.176,1784533762408.0,3675.89
ss-63-540000,1784534899520.2856,1784534900222,1784534902408.0,1784534902546.1807,701.714,2186.0,138.181,1784533762408.0,3025.895
ss-51-540000,1784534901420.2898,1784534902275,1784534902408.0,1784534902546.1814,854.71,133.0,138.181,1784533762408.0,1125.892
ss-30-540000,1784534901270.2866,1784534901273,1784534902408.0,1784534902546.1821,2.713,1135.0,138.182,1784533762408.0,1275.896
ss-35-540000,1784534893220.2944,1784534893922,1784534902408.0,1784534902546.1826,701.706,8486.0,138.183,1784533762408.0,9325.888
ss-19-540000,1784534900970.2878,1784534901273,1784534902408.0,1784534902546.183,302.712,1135.0,138.183,1784533762408.0,1575.895
ss-99-540000,1784534880970.2915,1784534881322,1784534902408.0,1784534902546.1836,351.708,21086.0,138.184,1784533762408.0,21575.892
ss-80-540000,1784534901470.2864,1784534902275,1784534902408.0,1784534902546.2449,804.714,133.0,138.245,1784533762408.0,1075.958
ss-76-540000,1784534901870.2964,1784534902275,1784534902408.0,1784534902546.247,404.704,133.0,138.247,1784533762408.0,675.951
ss-70-540000,1784534897120.2944,1784534898123,1784534902408.0,1784534902546.248,1002.706,4285.0,138.248,1784533762408.0,5425.954
ss-56-540000,1784534901920.295,1784534902275,1784534902408.0,1784534902546.249,354.705,133.0,138.249,1784533762408.0,625.954
ss-90-540000,1784534901820.2935,1784534902275,1784534902408.0,1784534902546.25,454.707,133.0,138.25,1784533762408.0,725.957
ss-59-540000,1784534898070.2908,1784534898123,1784534902409.0,1784534902546.251,52.709,4286.0,137.251,1784533762409.0,4475.96
ss-42-540000,1784534894220.2993,1784534894972,1784534902409.0,1784534902546.252,751.701,7437.0,137.252,1784533762409.0,8325.953
ss-45-540000,1784534900070.295,1784534900222,1784534902409.0,1784534902546.253,151.705,2187.0,137.253,1784533762409.0,2475.958
ss-85-540000,1784534900870.283,1784534901273,1784534902409.0,1784534902546.2795,402.717,1136.0,137.28,1784533762409.0,1675.997
ss-48-540000,1784534885520.2932,1784534885523,1784534902409.0,1784534902546.2805,2.707,16886.0,137.281,1784533762409.0,17025.987
ss-58-540000,1784534899370.2876,1784534900222,1784534902409.0,1784534902546.2815,851.712,2187.0,137.281,1784533762409.0,3175.994
ss-37-540000,1784534900170.289,1784534900222,1784534902409.0,1784534902546.2822,51.711,2187.0,137.282,1784533762409.0,2375.993
ss-52-540000,1784534899770.2883,1784534900222,1784534902409.0,1784534902546.2832,451.712,2187.0,137.283,1784533762409.0,2775.995
ss-71-540000,1784534900220.2898,1784534900222,1784534902409.0,1784534902546.2966,1.71,2187.0,137.297,1784533762409.0,2326.007
ss-84-540000,1784534891770.2803,1784534891823,1784534902409.0,1784534902546.2976,52.72,10586.0,137.298,1784533762409.0,10776.017
ss-38-540000,1784534901570.2947,1784534902275,1784534902409.0,1784534902546.4111,704.705,134.0,137.411,1784533762409.0,976.116
ss-4-540000,1784534900820.28,1784534901273,1784534902409.0,1784534902546.4136,452.72,1136.0,137.414,1784533762409.0,1726.134
ss-74-540000,1784534901520.3079,1784534902275,1784534902409.0,1784534902546.4153,754.692,134.0,137.415,1784533762409.0,1026.107
ss-1-540000,1784534898220.2913,1784534899173,1784534902409.0,1784534902546.4314,952.709,3236.0,137.431,1784533762409.0,4326.14
ss-54-540000,1784534894420.2993,1784534894972,1784534902409.0,1784534902546.4329,551.701,7437.0,137.433,1784533762409.0,8126.134
ss-23-540000,1784534900120.2925,1784534900222,1784534902409.0,1784534902546.4392,101.708,2187.0,137.439,1784533762409.0,2426.147
ss-6-540000,1784534899020.281,1784534899173,1784534902409.0,1784534902546.4456,152.719,3236.0,137.446,1784533762409.0,3526.165
ss-29-540000,1784534895270.2957,1784534896022,1784534902409.0,1784534902546.4465,751.704,6387.0,137.447,1784533762409.0,7276.151
ss-82-540000,1784534897520.2903,1784534898123,1784534902409.0,1784534902546.4612,602.71,4286.0,137.461,1784533762409.0,5026.171
ss-41-540000,1784534898320.2932,1784534899173,1784534902409.0,1784534902546.4622,852.707,3236.0,137.462,1784533762409.0,4226.169
ss-89-540000,1784534886620.2874,1784534887622,1784534902409.0,1784534902546.468,1001.713,14787.0,137.468,1784533762409.0,15926.181
ss-26-540000,1784534901670.3064,1784534902275,1784534902409.0,1784534902546.4695,604.694,134.0,137.469,1784533762409.0,876.163
ss-61-540000,1784534882370.2815,1784534882372,1784534902410.0,1784534902546.4702,1.719,20038.0,136.47,1784533762410.0,20176.189
ss-10-540000,1784534883670.2869,1784534884472,1784534902410.0,1784534902546.4712,801.713,17938.0,136.471,1784533762410.0,18876.184
ss-69-540000,1784534890370.2966,1784534890773,1784534902410.0,1784534902546.4722,402.703,11637.0,136.472,1784533762410.0,12176.176
ss-47-540000,1784534901970.2874,1784534902275,1784534902410.0,1784534902546.4731,304.713,135.0,136.473,1784533762410.0,576.186
ss-57-540000,1784534901720.2917,1784534902275,1784534902410.0,1784534902546.4746,554.708,135.0,136.475,1784533762410.0,826.183
ss-43-540000,1784534900920.2869,1784534901273,1784534902410.0,1784534902546.4756,352.713,1137.0,136.476,1784533762410.0,1626.189
ss-83-540000,1784534896120.2952,1784534897075,1784534902410.0,1784534902546.578,954.705,5335.0,136.578,1784533762410.0,6426.283
ss-55-540000,1784534898120.2942,1784534898123,1784534902410.0,1784534902546.5793,2.706,4287.0,136.579,1784533762410.0,4426.285
ss-13-540000,1784534892870.2908,1784534892873,1784534902410.0,1784534902546.5803,2.709,9537.0,136.58,1784533762410.0,9676.29
ss-67-540000,1784534888520.29,1784534888673,1784534902410.0,1784534902546.5835,152.71,13737.0,136.583,1784533762410.0,14026.293
ss-9-540000,1784534897970.2905,1784534898123,1784534902410.0,1784534902546.5847,152.709,4287.0,136.585,1784533762410.0,4576.294
ss-60-540000,1784534901620.2861,1784534902275,1784534902410.0,1784534902546.5854,654.714,135.0,136.585,1784533762410.0,926.299
ss-20-540000,1784534899170.2878,1784534899173,1784534902410.0,1784534902546.5867,2.712,3237.0,136.587,1784533762410.0,3376.299
ss-77-540000,1784534902070.8896,1784534902275,1784534902410.0,1784534902546.5876,204.11,135.0,136.588,1784533762410.0,475.698
ss-17-540000,1784534888770.2874,1784534889722,1784534902410.0,1784534902546.5994,951.713,12688.0,136.599,1784533762410.0,13776.312
ss-3-540000,1784534897920.2922,1784534898123,1784534902410.0,1784534902546.6003,202.708,4287.0,136.6,1784533762410.0,4626.308
ss-34-540000,1784534901120.2883,1784534901273,1784534902410.0,1784534902546.6013,152.712,1137.0,136.601,1784533762410.0,1426.313
ss-81-540000,1784534887470.2908,1784534887622,1784534902411.0,1784534902546.602,151.709,14789.0,135.602,1784533762411.0,15076.311
ss-66-540000,1784534898021.5464,1784534898123,1784534902411.0,1784534902546.603,101.454,4288.0,135.603,1784533762411.0,4525.057
ss-94-540000,1784534892470.2937,1784534892873,1784534902411.0,1784534902547.4048,402.706,9538.0,136.405,1784533762411.0,10077.111
ss-96-540000,1784534902170.2905,1784534902275,1784534902411.0,1784534902547.4062,104.709,136.0,136.406,1784533762411.0,377.116
ss-65-540000,1784534897870.2893,1784534898123,1784534902411.0,1784534902547.407,252.711,4288.0,136.407,1784533762411.0,4677.118
ss-8-540000,1784534900470.2864,1784534901273,1784534902411.0,1784534902547.4077,802.714,1138.0,136.408,1784533762411.0,2077.121
ss-62-540000,1784534891370.2744,1784534891823,1784534902411.0,1784534902547.4082,452.726,10588.0,136.408,1784533762411.0,11177.134
ss-5-540000,1784534898970.285,1784534899173,1784534902411.0,1784534902547.409,202.715,3238.0,136.409,1784533762411.0,3577.124
ss-44-540000,1784534900570.2927,1784534901273,1784534902411.0,1784534902547.4094,702.707,1138.0,136.409,1784533762411.0,1977.117
ss-53-540000,1784534899420.291,1784534900222,1784534902411.0,1784534902547.41,801.709,2189.0,136.41,1784533762411.0,3127.119
ss-95-540000,1784534895820.2917,1784534896022,1784534902411.0,1784534902547.4106,201.708,6389.0,136.411,1784533762411.0,6727.119
ss-97-540000,1784534898920.2812,1784534899173,1784534902411.0,1784534902547.4111,252.719,3238.0,136.411,1784533762411.0,3627.13
ss-25-540000,1784534897670.295,1784534898123,1784534902411.0,1784534902547.4116,452.705,4288.0,136.412,1784533762411.0,4877.117
ss-36-540000,1784534900720.2837,1784534901273,1784534902411.0,1784534902547.4124,552.716,1138.0,136.412,1784533762411.0,1827.129
ss-11-540000,1784534901070.2866,1784534901273,1784534902411.0,1784534902547.413,202.713,1138.0,136.413,1784533762411.0,1477.126
ss-0-540000,1784534899320.3066,1784534900222,1784534902411.0,1784534902547.4167,901.693,2189.0,136.417,1784533762411.0,3227.11
ss-27-540000,1784534902120.3042,1784534902275,1784534902411.0,1784534902547.4175,154.696,136.0,136.417,1784533762411.0,427.113
ss-40-540000,1784534882070.2905,1784534882372,1784534902411.0,1784534902547.418,301.709,20039.0,136.418,1784533762411.0,20477.127
ss-18-540000,1784534897770.2883,1784534898123,1784534902411.0,1784534902547.4185,352.712,4288.0,136.418,1784533762411.0,4777.13
ss-78-540000,1784534892320.295,1784534892873,1784534902411.0,1784534902547.419,552.705,9538.0,136.419,1784533762411.0,10227.124
ss-32-540000,1784534899470.2861,1784534900222,1784534902411.0,1784534902547.4263,751.714,2189.0,136.426,1784533762411.0,3077.14
ss-87-540000,1784534894920.2869,1784534894972,1784534902411.0,1784534902547.427,51.713,7439.0,136.427,1784533762411.0,7627.14
ss-88-540000,1784534896920.2878,1784534897075,1784534902412.0,1784534902547.4275,154.712,5337.0,135.427,1784533762412.0,5627.14
ss-73-540000,1784534895470.298,1784534896022,1784534902412.0,1784534902547.428,551.702,6390.0,135.428,1784533762412.0,7077.13
ss-22-540000,1784534900020.2852,1784534900222,1784534902412.0,1784534902547.4287,201.715,2190.0,135.429,1784533762412.0,2527.144
ss-49-540000,1784534900370.283,1784534901273,1784534902412.0,1784534902547.4294,902.717,1139.0,135.429,1784533762412.0,2177.146
ss-93-540000,1784534885720.289,1784534886572,1784534902412.0,1784534902547.4302,851.711,15840.0,135.43,1784533762412.0,16827.141
ss-33-540000,1784534882620.29,1784534883422,1784534902412.0,1784534902547.431,801.71,18990.0,135.431,1784533762412.0,19927.141
ss-24-540000,1784534900670.2905,1784534901273,1784534902412.0,1784534902547.447,602.709,1139.0,135.447,1784533762412.0,1877.156
ss-7-540000,1784534898170.2827,1784534899173,1784534902412.0,1784534902547.4478,1002.717,3239.0,135.448,1784533762412.0,4377.165
ss-68-540000,1784534900320.28,1784534901273,1784534902412.0,1784534902547.4485,952.72,1139.0,135.448,1784533762412.0,2227.168
ss-77-600000,1784534902070.8896,1784534902275,1784534902412.0,1784534902547.449,204.11,137.0,135.449,1784533702412.0,476.559
ss-62-600000,1784534891370.2744,1784534891823,1784534902412.0,1784534902547.4495,452.726,10589.0,135.449,1784533702412.0,11177.175
ss-41-600000,1784534898320.2932,1784534899173,1784534902412.0,1784534902547.45,852.707,3239.0,135.45,1784533702412.0,4227.157
ss-73-600000,1784534895470.298,1784534896022,1784534902412.0,1784534902547.4507,551.702,6390.0,135.451,1784533702412.0,7077.153
ss-2-600000,1784534899920.2947,1784534900222,1784534902412.0,1784534902547.4548,301.705,2190.0,135.455,1784533702412.0,2627.16
ss-82-600000,1784534897520.2903,1784534898123,1784534902412.0,1784534902547.4553,602.71,4289.0,135.455,1784533702412.0,5027.165
ss-12-600000,1784534898570.2893,1784534899173,1784534902412.0,1784534902547.4558,602.711,3239.0,135.456,1784533702412.0,3977.167
ss-72-600000,1784534897470.286,1784534898123,1784534902412.0,1784534902547.4565,652.714,4289.0,135.457,1784533702412.0,5077.171
ss-21-600000,1784534898470.284,1784534899173,1784534902412.0,1784534902547.457,702.716,3239.0,135.457,1784533702412.0,4077.173
ss-14-600000,1784534900270.2864,1784534901273,1784534902413.0,1784534902547.4575,1002.714,1140.0,134.458,1784533702413.0,2277.171
ss-91-600000,1784534899870.2964,1784534900222,1784534902413.0,1784534902547.4583,351.704,2191.0,134.458,1784533702413.0,2677.162
ss-23-600000,1784534900120.2925,1784534900222,1784534902413.0,1784534902547.4587,101.708,2191.0,134.459,1784533702413.0,2427.166
ss-98-600000,1784534898270.296,1784534899173,1784534902413.0,1784534902547.4626,902.704,3240.0,134.463,1784533702413.0,4277.167
ss-15-600000,1784534900520.287,1784534901273,1784534902413.0,1784534902547.4663,752.713,1140.0,134.466,1784533702413.0,2027.179
ss-92-600000,1784534896870.2876,1784534897075,1784534902413.0,1784534902547.467,204.712,5338.0,134.467,1784533702413.0,5677.179
ss-97-600000,1784534898920.2812,1784534899173,1784534902413.0,1784534902547.4675,252.719,3240.0,134.468,1784533702413.0,3627.186
ss-16-600000,1784534901770.2896,1784534902275,1784534902413.0,1784534902547.4683,504.71,138.0,134.468,1784533702413.0,777.179
ss-79-600000,1784534894770.2874,1784534894972,1784534902413.0,1784534902547.4688,201.713,7441.0,134.469,1784533702413.0,7777.181
ss-28-600000,1784534899120.287,1784534899173,1784534902413.0,1784534902547.4692,52.713,3240.0,134.469,1784533702413.0,3427.182
ss-64-600000,1784534896520.2927,1784534897075,1784534902413.0,1784534902547.4697,554.707,5338.0,134.47,1784533702413.0,6027.177
ss-31-600000,1784534902020.2869,1784534902275,1784534902413.0,1784534902547.4705,254.713,138.0,134.47,1784533702413.0,527.184
ss-50-600000,1784534898870.286,1784534899173,1784534902413.0,1784534902547.471,302.714,3240.0,134.471,1784533702413.0,3677.185
ss-63-600000,1784534899520.2856,1784534900222,1784534902413.0,1784534902547.4802,701.714,2191.0,134.48,1784533702413.0,3027.195
ss-38-600000,1784534901570.2947,1784534902275,1784534902413.0,1784534902547.481,704.705,138.0,134.481,1784533702413.0,977.186
ss-51-600000,1784534901420.2898,1784534902275,1784534902413.0,1784534902547.4814,854.71,138.0,134.481,1784533702413.0,1127.192
ss-3-600000,1784534897920.2922,1784534898123,1784534902413.0,1784534902547.4822,202.708,4290.0,134.482,1784533702413.0,4627.19
ss-30-600000,1784534901270.2866,1784534901273,1784534902413.0,1784534902547.4827,2.713,1140.0,134.483,1784533702413.0,1277.196
ss-35-600000,1784534893220.2944,1784534893922,1784534902413.0,1784534902547.4834,701.706,8491.0,134.483,1784533702413.0,9327.189
ss-85-600000,1784534900870.283,1784534901273,1784534902414.0,1784534902547.484,402.717,1141.0,133.484,1784533702414.0,1677.201
ss-70-600000,1784534897120.2944,1784534898123,1784534902414.0,1784534902547.4875,1002.706,4291.0,133.488,1784533702414.0,5427.193
ss-17-600000,1784534888770.2874,1784534889722,1784534902414.0,1784534902547.4883,951.713,12692.0,133.488,1784533702414.0,13777.201
ss-90-600000,1784534901820.2935,1784534902275,1784534902414.0,1784534902547.492,454.707,139.0,133.492,1784533702414.0,727.198
ss-45-600000,1784534900070.295,1784534900222,1784534902414.0,1784534902547.4927,151.705,2192.0,133.493,1784533702414.0,2477.198
ss-9-600000,1784534897970.2905,1784534898123,1784534902414.0,1784534902547.4932,152.709,4291.0,133.493,1784533702414.0,4577.203
ss-48-600000,1784534885520.2932,1784534885523,1784534902414.0,1784534902547.494,2.707,16891.0,133.494,1784533702414.0,17027.201
ss-58-600000,1784534899370.2876,1784534900222,1784534902414.0,1784534902547.512,851.712,2192.0,133.512,1784533702414.0,3177.224
ss-74-600000,1784534901520.3079,1784534902275,1784534902414.0,1784534902547.5127,754.692,139.0,133.513,1784533702414.0,1027.205
ss-36-600000,1784534900720.2837,1784534901273,1784534902414.0,1784534902547.5132,552.716,1141.0,133.513,1784533702414.0,1827.229
ss-4-600000,1784534900820.28,1784534901273,1784534902414.0,1784534902547.514,452.72,1141.0,133.514,1784533702414.0,1727.234
ss-68-600000,1784534900320.28,1784534901273,1784534902414.0,1784534902547.5144,952.72,1141.0,133.514,1784533702414.0,2227.234
ss-54-600000,1784534894420.2993,1784534894972,1784534902414.0,1784534902547.515,551.701,7442.0,133.515,1784533702414.0,8127.216
ss-52-600000,1784534899770.2883,1784534900222,1784534902414.0,1784534902547.5154,451.712,2192.0,133.515,1784533702414.0,2777.227
ss-84-600000,1784534891770.2803,1784534891823,1784534902414.0,1784534902547.5159,52.72,10591.0,133.516,1784533702414.0,10777.236
ss-10-600000,1784534883670.2869,1784534884472,1784534902414.0,1784534902547.5164,801.713,17942.0,133.516,1784533702414.0,18877.229
ss-20-600000,1784534899170.2878,1784534899173,1784534902414.0,1784534902547.5168,2.712,3241.0,133.517,1784533702414.0,3377.229
ss-83-600000,1784534896120.2952,1784534897075,1784534902414.0,1784534902547.5173,954.705,5339.0,133.517,1784533702414.0,6427.222
ss-89-600000,1784534886620.2874,1784534887622,1784534902414.0,1784534902547.5178,1001.713,14792.0,133.518,1784533702414.0,15927.23
ss-95-600000,1784534895820.2917,1784534896022,1784534902414.0,1784534902547.5183,201.708,6392.0,133.518,1784533702414.0,6727.227
ss-75-600000,1784534899220.2883,1784534900222,1784534902414.0,1784534902547.519,1001.712,2192.0,133.519,1784533702414.0,3327.231
ss-6-600000,1784534899020.281,1784534899173,1784534902414.0,1784534902547.5195,152.719,3241.0,133.52,1784533702414.0,3527.239
ss-29-600000,1784534895270.2957,1784534896022,1784534902414.0,1784534902547.532,751.704,6392.0,133.532,1784533702414.0,7277.236
ss-26-600000,1784534901670.3064,1784534902275,1784534902414.0,1784534902547.5327,604.694,139.0,133.533,1784533702414.0,877.226
ss-0-600000,1784534899320.3066,1784534900222,1784534902415.0,1784534902547.5332,901.693,2193.0,132.533,1784533702415.0,3227.227
ss-69-600000,1784534890370.2966,1784534890773,1784534902415.0,1784534902547.5337,402.703,11642.0,132.534,1784533702415.0,12177.237
ss-47-600000,1784534901970.2874,1784534902275,1784534902415.0,1784534902547.5342,304.713,140.0,132.534,1784533702415.0,577.247
ss-65-600000,1784534897870.2893,1784534898123,1784534902415.0,1784534902547.5347,252.711,4292.0,132.535,1784533702415.0,4677.245
ss-55-600000,1784534898120.2942,1784534898123,1784534902415.0,1784534902547.5352,2.706,4292.0,132.535,1784533702415.0,4427.241
ss-67-600000,1784534888520.29,1784534888673,1784534902419.0,1784534902547.536,152.71,13746.0,128.536,1784533702419.0,14027.246
ss-61-600000,1784534882370.2815,1784534882372,1784534902419.0,1784534902547.5364,1.719,20047.0,128.536,1784533702419.0,20177.255
ss-57-600000,1784534901720.2917,1784534902275,1784534902419.0,1784534902547.5454,554.708,144.0,128.545,1784533702419.0,827.254
ss-60-600000,1784534901620.2861,1784534902275,1784534902419.0,1784534902547.552,654.714,144.0,128.552,1784533702419.0,927.266
ss-19-600000,1784534900970.2878,1784534901273,1784534902419.0,1784534902547.5527,302.712,1146.0,128.553,1784533702419.0,1577.265
ss-80-600000,1784534901470.2864,1784534902275,1784534902419.0,1784534902547.5532,804.714,144.0,128.553,1784533702419.0,1077.267
ss-76-600000,1784534901870.2964,1784534902275,1784534902419.0,1784534902547.5537,404.704,144.0,128.554,1784533702419.0,677.257
ss-81-600000,1784534887470.2908,1784534887622,1784534902419.0,1784534902547.5544,151.709,14797.0,128.554,1784533702419.0,15077.264
ss-86-600000,1784534902220.2898,1784534902275,1784534902419.0,1784534902547.5579,54.71,144.0,128.558,1784533702419.0,327.268
ss-13-600000,1784534892870.2908,1784534892873,1784534902420.0,1784534902547.5586,2.709,9547.0,127.559,1784533702420.0,9677.268
ss-5-600000,1784534898970.285,1784534899173,1784534902420.0,1784534902547.559,202.715,3247.0,127.559,1784533702420.0,3577.274
ss-66-600000,1784534898021.5464,1784534898123,1784534902420.0,1784534902547.5596,101.454,4297.0,127.56,1784533702420.0,4526.013
ss-34-600000,1784534901120.2883,1784534901273,1784534902420.0,1784534902547.5603,152.712,1147.0,127.56,1784533702420.0,1427.272
ss-8-600000,1784534900470.2864,1784534901273,1784534902420.0,1784534902547.5608,802.714,1147.0,127.561,1784533702420.0,2077.274
ss-46-600000,1784534895970.2937,1784534896022,1784534902420.0,1784534902547.5613,51.706,6398.0,127.561,1784533702420.0,6577.268
ss-94-600000,1784534892470.2937,1784534892873,1784534902420.0,1784534902547.5618,402.706,9547.0,127.562,1784533702420.0,10077.268
ss-43-600000,1784534900920.2869,1784534901273,1784534902420.0,1784534902547.563,352.713,1147.0,127.563,1784533702420.0,1627.276
ss-71-600000,1784534900220.2898,1784534900222,1784534902420.0,1784534902547.5635,1.71,2198.0,127.563,1784533702420.0,2327.274
ss-59-600000,1784534898070.2908,1784534898123,1784534902420.0,1784534902547.564,52.709,4297.0,127.564,1784533702420.0,4477.273
ss-88-600000,1784534896920.2878,1784534897075,1784534902420.0,1784534902547.578,154.712,5345.0,127.578,1784533702420.0,5627.29
ss-39-600000,1784534896020.2964,1784534896022,1784534902420.0,1784534902547.5786,1.704,6398.0,127.579,1784533702420.0,6527.282
ss-37-600000,1784534900170.289,1784534900222,1784534902420.0,1784534902547.5793,51.711,2198.0,127.579,1784533702420.0,2377.29
ss-42-600000,1784534894220.2993,1784534894972,1784534902420.0,1784534902547.5798,751.701,7448.0,127.58,1784533702420.0,8327.281
ss-32-600000,1784534899470.2861,1784534900222,1784534902420.0,1784534902547.5803,751.714,2198.0,127.58,1784533702420.0,3077.294
ss-56-600000,1784534901920.295,1784534902275,1784534902420.0,1784534902547.5808,354.705,145.0,127.581,1784533702420.0,627.286
ss-11-600000,1784534901070.2866,1784534901273,1784534902420.0,1784534902547.5815,202.713,1147.0,127.582,1784533702420.0,1477.295
ss-7-600000,1784534898170.2827,1784534899173,1784534902420.0,1784534902547.582,1002.717,3247.0,127.582,1784533702420.0,4377.299
ss-18-600000,1784534897770.2883,1784534898123,1784534902421.0,1784534902547.5825,352.712,4298.0,126.583,1784533702421.0,4777.294
ss-78-600000,1784534892320.295,1784534892873,1784534902421.0,1784534902547.5862,552.705,9548.0,126.586,1784533702421.0,10227.291
ss-53-600000,1784534899420.291,1784534900222,1784534902421.0,1784534902547.5898,801.709,2199.0,126.59,1784533702421.0,3127.299
ss-96-600000,1784534902170.2905,1784534902275,1784534902421.0,1784534902547.5906,104.709,146.0,126.591,1784533702421.0,377.3
ss-1-600000,1784534898220.2913,1784534899173,1784534902421.0,1784534902547.591,952.709,3248.0,126.591,1784533702421.0,4327.3
ss-99-600000,1784534880970.2915,1784534881322,1784534902421.0,1784534902547.5916,351.708,21099.0,126.592,1784533702421.0,21577.3
ss-93-600000,1784534885720.289,1784534886572,1784534902421.0,1784534902547.5923,851.711,15849.0,126.592,1784533702421.0,16827.303
ss-24-600000,1784534900670.2905,1784534901273,1784534902421.0,1784534902547.5928,602.709,1148.0,126.593,1784533702421.0,1877.302
ss-40-600000,1784534882070.2905,1784534882372,1784534902421.0,1784534902547.5933,301.709,20049.0,126.593,1784533702421.0,20477.303
ss-27-600000,1784534902120.3042,1784534902275,1784534902421.0,1784534902547.5938,154.696,146.0,126.594,1784533702421.0,427.29
ss-49-600000,1784534900370.283,1784534901273,1784534902421.0,1784534902547.5945,902.717,1148.0,126.594,1784533702421.0,2177.312
ss-22-600000,1784534900020.2852,1784534900222,1784534902421.0,1784534902547.595,201.715,2199.0,126.595,1784533702421.0,2527.31
ss-25-600000,1784534897670.295,1784534898123,1784534902421.0,1784534902547.5955,452.705,4298.0,126.595,1784533702421.0,4877.301
ss-87-600000,1784534894920.2869,1784534894972,1784534902421.0,1784534902547.596,51.713,7449.0,126.596,1784533702421.0,7627.309
ss-33-600000,1784534882620.29,1784534883422,1784534902421.0,1784534902547.5967,801.71,18999.0,126.597,1784533702421.0,19927.307
ss-44-600000,1784534900570.2927,1784534901273,1784534902421.0,1784534902547.5972,702.707,1148.0,126.597,1784533702421.0,1977.304
ss-5-660000,1784534898970.285,1784534899173,1784534902421.0,1784534902547.5977,202.715,3248.0,126.598,1784533642421.0,3577.313
ss-53-660000,1784534899420.291,1784534900222,1784534902421.0,1784534902547.5984,801.709,2199.0,126.598,1784533642421.0,3127.307
ss-3-660000,1784534897920.2922,1784534898123,1784534902421.0,1784534902547.607,202.708,4298.0,126.607,1784533642421.0,4627.315
ss-13-660000,1784534892870.2908,1784534892873,1784534902421.0,1784534902547.6077,2.709,9548.0,126.608,1784533642421.0,9677.317
ss-62-660000,1784534891370.2744,1784534891823,1784534902421.0,1784534902547.6082,452.726,10598.0,126.608,1784533642421.0,11177.334
ss-32-660000,1784534899470.2861,1784534900222,1784534902422.0,1784534902547.6086,751.714,2200.0,125.609,1784533642422.0,3077.323
ss-47-660000,1784534901970.2874,1784534902275,1784534902422.0,1784534902547.6128,304.713,147.0,125.613,1784533642422.0,577.325
ss-85-660000,1784534900870.283,1784534901273,1784534902422.0,1784534902547.6133,402.717,1149.0,125.613,1784533642422.0,1677.33
ss-2-660000,1784534899920.2947,1784534900222,1784534902422.0,1784534902547.614,301.705,2200.0,125.614,1784533642422.0,2627.319
ss-82-660000,1784534897520.2903,1784534898123,1784534902422.0,1784534902547.6145,602.71,4299.0,125.615,1784533642422.0,5027.324
ss-52-660000,1784534899770.2883,1784534900222,1784534902422.0,1784534902547.615,451.712,2200.0,125.615,1784533642422.0,2777.327
ss-86-660000,1784534902220.2898,1784534902275,1784534902422.0,1784534902547.6157,54.71,147.0,125.616,1784533642422.0,327.326
ss-39-660000,1784534896020.2964,1784534896022,1784534902422.0,1784534902547.6162,1.704,6400.0,125.616,1784533642422.0,6527.32
ss-75-660000,1784534899220.2883,1784534900222,1784534902422.0,1784534902547.617,1001.712,2200.0,125.617,1784533642422.0,3327.329
ss-35-660000,1784534893220.2944,1784534893922,1784534902422.0,1784534902547.6174,701.706,8500.0,125.617,1784533642422.0,9327.323
ss-41-660000,1784534898320.2932,1784534899173,1784534902422.0,1784534902547.618,852.707,3249.0,125.618,1784533642422.0,4227.325
ss-68-660000,1784534900320.28,1784534901273,1784534902422.0,1784534902547.6243,952.72,1149.0,125.624,1784533642422.0,2227.344
ss-22-660000,1784534900020.2852,1784534900222,1784534902422.0,1784534902547.6328,201.715,2200.0,125.633,1784533642422.0,2527.348
ss-14-660000,1784534900270.2864,1784534901273,1784534902422.0,1784534902547.6985,1002.714,1149.0,125.698,1784533642422.0,2277.412
ss-90-660000,1784534901820.2935,1784534902275,1784534902422.0,1784534902547.7004,454.707,147.0,125.7,1784533642422.0,727.407
ss-71-660000,1784534900220.2898,1784534900222,1784534902422.0,1784534902547.7117,1.71,2200.0,125.712,1784533642422.0,2327.422
ss-67-660000,1784534888520.29,1784534888673,1784534902422.0,1784534902547.7236,152.71,13749.0,125.724,1784533642422.0,14027.434
ss-7-660000,1784534898170.2827,1784534899173,1784534902422.0,1784534902547.7312,1002.717,3249.0,125.731,1784533642422.0,4377.448
ss-11-660000,1784534901070.2866,1784534901273,1784534902422.0,1784534902547.7327,202.713,1149.0,125.733,1784533642422.0,1477.446
ss-70-660000,1784534897120.2944,1784534898123,1784534902422.0,1784534902547.7751,1002.706,4299.0,125.775,1784533642422.0,5427.481
ss-99-660000,1784534880970.2915,1784534881322,1784534902422.0,1784534902547.7761,351.708,21100.0,125.776,1784533642422.0,21577.485
ss-15-660000,1784534900520.287,1784534901273,1784534902422.0,1784534902547.7769,752.713,1149.0,125.777,1784533642422.0,2027.49
ss-58-660000,1784534899370.2876,1784534900222,1784534902422.0,1784534902547.7778,851.712,2200.0,125.778,1784533642422.0,3177.49
ss-91-660000,1784534899870.2964,1784534900222,1784534902422.0,1784534902547.7788,351.704,2200.0,125.779,1784533642422.0,2677.482
ss-25-660000,1784534897670.295,1784534898123,1784534902422.0,1784534902547.7795,452.705,4299.0,125.78,1784533642422.0,4877.485
ss-57-660000,1784534901720.2917,1784534902275,1784534902423.0,1784534902547.7803,554.708,148.0,124.78,1784533642423.0,827.489
ss-49-660000,1784534900370.283,1784534901273,1784534902423.0,1784534902547.7812,902.717,1150.0,124.781,1784533642423.0,2177.498
ss-64-660000,1784534896520.2927,1784534897075,1784534902423.0,1784534902547.782,554.707,5348.0,124.782,1784533642423.0,6027.489
ss-38-660000,1784534901570.2947,1784534902275,1784534902423.0,1784534902547.788,704.705,148.0,124.788,1784533642423.0,977.493
ss-30-660000,1784534901270.2866,1784534901273,1784534902423.0,1784534902547.7961,2.713,1150.0,124.796,1784533642423.0,1277.51
ss-1-660000,1784534898220.2913,1784534899173,1784534902423.0,1784534902547.797,952.709,3250.0,124.797,1784533642423.0,4327.506
ss-79-660000,1784534894770.2874,1784534894972,1784534902423.0,1784534902547.798,201.713,7451.0,124.798,1784533642423.0,7777.511
ss-33-660000,1784534882620.29,1784534883422,1784534902423.0,1784534902547.8271,801.71,19001.0,124.827,1784533642423.0,19927.537
ss-16-660000,1784534901770.2896,1784534902275,1784534902423.0,1784534902547.8281,504.71,148.0,124.828,1784533642423.0,777.539
ss-87-660000,1784534894920.2869,1784534894972,1784534902423.0,1784534902547.829,51.713,7451.0,124.829,1784533642423.0,7627.542
ss-24-660000,1784534900670.2905,1784534901273,1784534902423.0,1784534902547.8298,602.709,1150.0,124.83,1784533642423.0,1877.539
ss-18-660000,1784534897770.2883,1784534898123,1784534902423.0,1784534902547.8372,352.712,4300.0,124.837,1784533642423.0,4777.549
ss-56-660000,1784534901920.295,1784534902275,1784534902423.0,1784534902547.8381,354.705,148.0,124.838,1784533642423.0,627.543
ss-17-660000,1784534888770.2874,1784534889722,1784534902423.0,1784534902547.8389,951.713,12701.0,124.839,1784533642423.0,13777.552
ss-43-660000,1784534900920.2869,1784534901273,1784534902423.0,1784534902547.8474,352.713,1150.0,124.847,1784533642423.0,1627.561
ss-42-660000,1784534894220.2993,1784534894972,1784534902423.0,1784534902547.8855,751.701,7451.0,124.885,1784533642423.0,8327.586
ss-95-660000,1784534895820.2917,1784534896022,1784534902423.0,1784534902547.8865,201.708,6401.0,124.886,1784533642423.0,6727.595
ss-9-660000,1784534897970.2905,1784534898123,1784534902423.0,1784534902547.9,152.709,4300.0,124.9,1784533642423.0,4577.609
ss-0-660000,1784534899320.3066,1784534900222,1784534902423.0,1784534902547.9011,901.693,2201.0,124.901,1784533642423.0,3227.594
ss-50-660000,1784534898870.286,1784534899173,1784534902423.0,1784534902547.9065,302.714,3250.0,124.906,1784533642423.0,3677.621
ss-37-660000,1784534900170.289,1784534900222,1784534902423.0,1784534902547.9153,51.711,2201.0,124.915,1784533642423.0,2377.626
ss-46-660000,1784534895970.2937,1784534896022,1784534902423.0,1784534902547.916,51.706,6401.0,124.916,1784533642423.0,6577.622
ss-74-660000,1784534901520.3079,1784534902275,1784534902423.0,1784534902547.9236,754.692,148.0,124.924,1784533642423.0,1027.616
ss-26-660000,1784534901670.3064,1784534902275,1784534902423.0,1784534902547.9243,604.694,148.0,124.924,1784533642423.0,877.618
ss-4-660000,1784534900820.28,1784534901273,1784534902424.0,1784534902547.9312,452.72,1151.0,123.931,1784533642424.0,1727.651
ss-44-660000,1784534900570.2927,1784534901273,1784534902424.0,1784534902547.932,702.707,1151.0,123.932,1784533642424.0,1977.639
ss-61-660000,1784534882370.2815,1784534882372,1784534902424.0,1784534902547.9392,1.719,20052.0,123.939,1784533642424.0,20177.658
ss-94-660000,1784534892470.2937,1784534892873,1784534902424.0,1784534902547.9814,402.706,9551.0,123.981,1784533642424.0,10077.688
ss-12-660000,1784534898570.2893,1784534899173,1784534902424.0,1784534902547.9827,602.711,3251.0,123.983,1784533642424.0,3977.693
ss-96-660000,1784534902170.2905,1784534902275,1784534902424.0,1784534902547.9836,104.709,149.0,123.984,1784533642424.0,377.693
ss-77-660000,1784534902070.8896,1784534902275,1784534902424.0,1784534902547.9846,204.11,149.0,123.985,1784533642424.0,477.095
ss-88-660000,1784534896920.2878,1784534897075,1784534902424.0,1784534902547.9854,154.712,5349.0,123.985,1784533642424.0,5627.698
ss-73-660000,1784534895470.298,1784534896022,1784534902424.0,1784534902548.0103,551.702,6402.0,124.01,1784533642424.0,7077.712
ss-29-660000,1784534895270.2957,1784534896022,1784534902424.0,1784534902548.016,751.704,6402.0,124.016,1784533642424.0,7277.72
ss-81-660000,1784534887470.2908,1784534887622,1784534902424.0,1784534902548.022,151.709,14802.0,124.022,1784533642424.0,15077.731
ss-89-660000,1784534886620.2874,1784534887622,1784534902424.0,1784534902548.0222,1001.713,14802.0,124.022,1784533642424.0,15927.735
ss-60-660000,1784534901620.2861,1784534902275,1784534902424.0,1784534902548.0227,654.714,149.0,124.023,1784533642424.0,927.737
ss-65-660000,1784534897870.2893,1784534898123,1784534902424.0,1784534902548.0232,252.711,4301.0,124.023,1784533642424.0,4677.734
ss-27-660000,1784534902120.3042,1784534902275,1784534902424.0,1784534902548.0261,154.696,149.0,124.026,1784533642424.0,427.722
ss-20-660000,1784534899170.2878,1784534899173,1784534902424.0,1784534902548.0298,2.712,3251.0,124.03,1784533642424.0,3377.742
ss-55-660000,1784534898120.2942,1784534898123,1784534902424.0,1784534902548.055,2.706,4301.0,124.055,1784533642424.0,4427.761
ss-51-660000,1784534901420.2898,1784534902275,1784534902424.0,1784534902548.0637,854.71,149.0,124.064,1784533642424.0,1127.774
ss-76-660000,1784534901870.2964,1784534902275,1784534902424.0,1784534902548.0647,404.704,149.0,124.065,1784533642424.0,677.768
ss-48-660000,1784534885520.2932,1784534885523,1784534902424.0,1784534902548.0654,2.707,16901.0,124.065,1784533642424.0,17027.772
ss-21-660000,1784534898470.284,1784534899173,1784534902424.0,1784534902548.0664,702.716,3251.0,124.066,1784533642424.0,4077.782
ss-63-660000,1784534899520.2856,1784534900222,1784534902424.0,1784534902548.078,701.714,2202.0,124.078,1784533642424.0,3027.792
ss-19-660000,1784534900970.2878,1784534901273,1784534902424.0,1784534902548.0847,302.712,1151.0,124.085,1784533642424.0,1577.797
ss-28-660000,1784534899120.287,1784534899173,1784534902425.0,1784534902548.1296,52.713,3252.0,123.13,1784533642425.0,3427.843
ss-10-660000,1784534883670.2869,1784534884472,1784534902425.0,1784534902548.1306,801.713,17953.0,123.131,1784533642425.0,18877.844
ss-83-660000,1784534896120.2952,1784534897075,1784534902425.0,1784534902548.1316,954.705,5350.0,123.132,1784533642425.0,6427.836
ss-69-660000,1784534890370.2966,1784534890773,1784534902425.0,1784534902548.1323,402.703,11652.0,123.132,1784533642425.0,12177.836
ss-93-660000,1784534885720.289,1784534886572,1784534902425.0,1784534902548.1338,851.711,15853.0,123.134,1784533642425.0,16827.845
ss-6-660000,1784534899020.281,1784534899173,1784534902425.0,1784534902548.1348,152.719,3252.0,123.135,1784533642425.0,3527.854
ss-97-660000,1784534898920.2812,1784534899173,1784534902425.0,1784534902548.1858,252.719,3252.0,123.186,1784533642425.0,3627.905
ss-45-660000,1784534900070.295,1784534900222,1784534902425.0,1784534902548.1875,151.705,2203.0,123.188,1784533642425.0,2477.893
ss-92-660000,1784534896870.2876,1784534897075,1784534902425.0,1784534902548.1885,204.712,5350.0,123.188,1784533642425.0,5677.901
ss-72-660000,1784534897470.286,1784534898123,1784534902425.0,1784534902548.1892,652.714,4302.0,123.189,1784533642425.0,5077.903
ss-66-660000,1784534898021.5464,1784534898123,1784534902425.0,1784534902548.1992,101.454,4302.0,123.199,1784533642425.0,4526.653
ss-54-660000,1784534894420.2993,1784534894972,1784534902425.0,1784534902548.2146,551.701,7453.0,123.215,1784533642425.0,8127.915
ss-36-660000,1784534900720.2837,1784534901273,1784534902425.0,1784534902548.2156,552.716,1152.0,123.216,1784533642425.0,1827.932
ss-8-660000,1784534900470.2864,1784534901273,1784534902425.0,1784534902548.2163,802.714,1152.0,123.216,1784533642425.0,2077.93
ss-23-660000,1784534900120.2925,1784534900222,1784534902425.0,1784534902548.217,101.708,2203.0,123.217,1784533642425.0,2427.925
ss-84-660000,1784534891770.2803,1784534891823,1784534902425.0,1784534902548.2178,52.72,10602.0,123.218,1784533642425.0,10777.938
ss-80-660000,1784534901470.2864,1784534902275,1784534902425.0,1784534902548.2188,804.714,150.0,123.219,1784533642425.0,1077.932
ss-40-660000,1784534882070.2905,1784534882372,1784534902425.0,1784534902548.2236,301.709,20053.0,123.224,1784533642425.0,20477.933
ss-31-660000,1784534902020.2869,1784534902275,1784534902425.0,1784534902548.3047,254.713,150.0,123.305,1784533642425.0,528.018
ss-98-660000,1784534898270.296,1784534899173,1784534902425.0,1784534902548.3062,902.704,3252.0,123.306,1784533642425.0,4278.01
ss-78-660000,1784534892320.295,1784534892873,1784534902425.0,1784534902548.307,552.705,9552.0,123.307,1784533642425.0,10228.012
ss-59-660000,1784534898070.2908,1784534898123,1784534902425.0,1784534902548.3076,52.709,4302.0,123.308,1784533642425.0,4478.017
ss-34-660000,1784534901120.2883,1784534901273,1784534902425.0,1784534902548.3086,152.712,1152.0,123.309,1784533642425.0,1428.02
ss-69-720000,1784534890370.2966,1784534890773,1784534902425.0,1784534902548.3096,402.703,11652.0,123.31,1784533582425.0,12178.013
ss-56-720000,1784534901920.295,1784534902275,1784534902425.0,1784534902548.319,354.705,150.0,123.319,1784533582425.0,628.024
ss-19-720000,1784534900970.2878,1784534901273,1784534902425.0,1784534902548.32,302.712,1152.0,123.32,1784533582425.0,1578.032
ss-84-720000,1784534891770.2803,1784534891823,1784534902425.0,1784534902548.321,52.72,10602.0,123.321,1784533582425.0,10778.041
ss-7-720000,1784534898170.2827,1784534899173,1784534902426.0,1784534902548.3218,1002.717,3253.0,122.322,1784533582426.0,4378.039
ss-89-720000,1784534886620.2874,1784534887622,1784534902426.0,1784534902548.3318,1001.713,14804.0,122.332,1784533582426.0,15928.044
ss-39-720000,1784534896020.2964,1784534896022,1784534902426.0,1784534902548.3328,1.704,6404.0,122.333,1784533582426.0,6528.036
ss-50-720000,1784534898870.286,1784534899173,1784534902426.0,1784534902548.3335,302.714,3253.0,122.333,1784533582426.0,3678.048
ss-49-720000,1784534900370.283,1784534901273,1784534902426.0,1784534902548.3345,902.717,1153.0,122.334,1784533582426.0,2178.052
ss-60-720000,1784534901620.2861,1784534902275,1784534902426.0,1784534902548.3352,654.714,151.0,122.335,1784533582426.0,928.049
ss-82-720000,1784534897520.2903,1784534898123,1784534902426.0,1784534902548.3362,602.71,4303.0,122.336,1784533582426.0,5028.046
ss-63-720000,1784534899520.2856,1784534900222,1784534902426.0,1784534902548.3372,701.714,2204.0,122.337,1784533582426.0,3028.052
ss-71-720000,1784534900220.2898,1784534900222,1784534902426.0,1784534902548.3533,1.71,2204.0,122.353,1784533582426.0,2328.063
ss-16-720000,1784534901770.2896,1784534902275,1784534902426.0,1784534902548.354,504.71,151.0,122.354,1784533582426.0,778.064
ss-55-720000,1784534898120.2942,1784534898123,1784534902426.0,1784534902548.3933,2.706,4303.0,122.393,1784533582426.0,4428.099
ss-30-720000,1784534901270.2866,1784534901273,1784534902426.0,1784534902548.3943,2.713,1153.0,122.394,1784533582426.0,1278.108
ss-99-720000,1784534880970.2915,1784534881322,1784534902426.0,1784534902548.395,351.708,21104.0,122.395,1784533582426.0,21578.104
ss-78-720000,1784534892320.295,1784534892873,1784534902426.0,1784534902548.3958,552.705,9553.0,122.396,1784533582426.0,10228.101
ss-61-720000,1784534882370.2815,1784534882372,1784534902426.0,1784534902548.4019,1.719,20054.0,122.402,1784533582426.0,20178.12
ss-20-720000,1784534899170.2878,1784534899173,1784534902426.0,1784534902548.4314,2.712,3253.0,122.431,1784533582426.0,3378.144
ss-45-720000,1784534900070.295,1784534900222,1784534902426.0,1784534902548.4324,151.705,2204.0,122.432,1784533582426.0,2478.137
ss-46-720000,1784534895970.2937,1784534896022,1784534902426.0,1784534902548.4329,51.706,6404.0,122.433,1784533582426.0,6578.139
ss-73-720000,1784534895470.298,1784534896022,1784534902426.0,1784534902548.4333,551.702,6404.0,122.433,1784533582426.0,7078.135
ss-18-720000,1784534897770.2883,1784534898123,1784534902426.0,1784534902548.452,352.712,4303.0,122.452,1784533582426.0,4778.164
ss-27-720000,1784534902120.3042,1784534902275,1784534902426.0,1784534902548.4521,154.696,151.0,122.452,1784533582426.0,428.148
ss-81-720000,1784534887470.2908,1784534887622,1784534902426.0,1784534902548.467,151.709,14804.0,122.467,1784533582426.0,15078.176
ss-83-720000,1784534896120.2952,1784534897075,1784534902426.0,1784534902548.4673,954.705,5351.0,122.467,1784533582426.0,6428.172
ss-29-720000,1784534895270.2957,1784534896022,1784534902426.0,1784534902548.4722,751.704,6404.0,122.472,1784533582426.0,7278.177
ss-8-720000,1784534900470.2864,1784534901273,1784534902426.0,1784534902548.4727,802.714,1153.0,122.473,1784533582426.0,2078.186
ss-23-720000,1784534900120.2925,1784534900222,1784534902426.0,1784534902548.4731,101.708,2204.0,122.473,1784533582426.0,2428.181
ss-37-720000,1784534900170.289,1784534900222,1784534902426.0,1784534902548.4736,51.711,2204.0,122.474,1784533582426.0,2378.185
ss-95-720000,1784534895820.2917,1784534896022,1784534902426.0,1784534902548.4773,201.708,6404.0,122.477,1784533582426.0,6728.186
ss-11-720000,1784534901070.2866,1784534901273,1784534902426.0,1784534902548.4778,202.713,1153.0,122.478,1784533582426.0,1478.191
ss-52-720000,1784534899770.2883,1784534900222,1784534902426.0,1784534902548.492,451.712,2204.0,122.492,1784533582426.0,2778.204
ss-67-720000,1784534888520.29,1784534888673,1784534902426.0,1784534902548.4927,152.71,13753.0,122.493,1784533582426.0,14028.203
ss-15-720000,1784534900520.287,1784534901273,1784534902426.0,1784534902548.5327,752.713,1153.0,122.533,1784533582426.0,2028.246
ss-74-720000,1784534901520.3079,1784534902275,1784534902427.0,1784534902548.5334,754.692,152.0,121.533,1784533582427.0,1028.226
ss-97-720000,1784534898920.2812,1784534899173,1784534902427.0,1784534902548.534,252.719,3254.0,121.534,1784533582427.0,3628.253
ss-5-720000,1784534898970.285,1784534899173,1784534902427.0,1784534902548.5342,202.715,3254.0,121.534,1784533582427.0,3578.249
ss-88-720000,1784534896920.2878,1784534897075,1784534902427.0,1784534902548.5623,154.712,5352.0,121.562,1784533582427.0,5628.274
ss-91-720000,1784534899870.2964,1784534900222,1784534902427.0,1784534902548.5625,351.704,2205.0,121.562,1784533582427.0,2678.266
ss-31-720000,1784534902020.2869,1784534902275,1784534902427.0,1784534902548.5627,254.713,152.0,121.563,1784533582427.0,528.276
ss-9-720000,1784534897970.2905,1784534898123,1784534902427.0,1784534902548.5686,152.709,4304.0,121.569,1784533582427.0,4578.278
ss-51-720000,1784534901420.2898,1784534902275,1784534902427.0,1784534902548.5713,854.71,152.0,121.571,1784533582427.0,1128.281
ss-48-720000,1784534885520.2932,1784534885523,1784534902427.0,1784534902548.5715,2.707,16904.0,121.572,1784533582427.0,17028.278
ss-94-720000,1784534892470.2937,1784534892873,1784534902427.0,1784534902548.5718,402.706,9554.0,121.572,1784533582427.0,10078.278
ss-75-720000,1784534899220.2883,1784534900222,1784534902427.0,1784534902548.618,1001.712,2205.0,121.618,1784533582427.0,3328.33
ss-54-720000,1784534894420.2993,1784534894972,1784534902427.0,1784534902548.6187,551.701,7455.0,121.619,1784533582427.0,8128.319
ss-64-720000,1784534896520.2927,1784534897075,1784534902427.0,1784534902548.6191,554.707,5352.0,121.619,1784533582427.0,6028.326
ss-0-720000,1784534899320.3066,1784534900222,1784534902427.0,1784534902548.6196,901.693,2205.0,121.62,1784533582427.0,3228.313
ss-62-720000,1784534891370.2744,1784534891823,1784534902427.0,1784534902548.6199,452.726,10604.0,121.62,1784533582427.0,11178.345
ss-42-720000,1784534894220.2993,1784534894972,1784534902427.0,1784534902548.6301,751.701,7455.0,121.63,1784533582427.0,8328.331
ss-40-720000,1784534882070.2905,1784534882372,1784534902427.0,1784534902548.6306,301.709,20055.0,121.631,1784533582427.0,20478.34
ss-65-720000,1784534897870.2893,1784534898123,1784534902427.0,1784534902548.631,252.711,4304.0,121.631,1784533582427.0,4678.342
ss-80-720000,1784534901470.2864,1784534902275,1784534902427.0,1784534902548.646,804.714,152.0,121.646,1784533582427.0,1078.36
ss-3-720000,1784534897920.2922,1784534898123,1784534902427.0,1784534902548.6511,202.708,4304.0,121.651,1784533582427.0,4628.359
ss-14-720000,1784534900270.2864,1784534901273,1784534902427.0,1784534902548.6565,1002.714,1154.0,121.656,1784533582427.0,2278.37
ss-2-720000,1784534899920.2947,1784534900222,1784534902427.0,1784534902548.6594,301.705,2205.0,121.659,1784533582427.0,2628.365
ss-59-720000,1784534898070.2908,1784534898123,1784534902427.0,1784534902548.6736,52.709,4304.0,121.674,1784533582427.0,4478.383
ss-86-720000,1784534902220.2898,1784534902275,1784534902427.0,1784534902548.6738,54.71,152.0,121.674,1784533582427.0,328.384
ss-1-720000,1784534898220.2913,1784534899173,1784534902427.0,1784534902548.6848,952.709,3254.0,121.685,1784533582427.0,4328.394
ss-98-720000,1784534898270.296,1784534899173,1784534902427.0,1784534902548.6853,902.704,3254.0,121.685,1784533582427.0,4278.389
ss-76-720000,1784534901870.2964,1784534902275,1784534902427.0,1784534902548.6858,404.704,152.0,121.686,1784533582427.0,678.389
ss-25-720000,1784534897670.295,1784534898123,1784534902427.0,1784534902548.689,452.705,4304.0,121.689,1784533582427.0,4878.394
ss-13-720000,1784534892870.2908,1784534892873,1784534902427.0,1784534902548.709,2.709,9554.0,121.709,1784533582427.0,9678.418
ss-28-720000,1784534899120.287,1784534899173,1784534902427.0,1784534902548.7117,52.713,3254.0,121.712,1784533582427.0,3428.425
ss-53-720000,1784534899420.291,1784534900222,1784534902428.0,1784534902548.7139,801.709,2206.0,120.714,1784533582428.0,3128.423
ss-57-720000,1784534901720.2917,1784534902275,1784534902428.0,1784534902548.7615,554.708,153.0,120.761,1784533582428.0,828.47
ss-96-720000,1784534902170.2905,1784534902275,1784534902428.0,1784534902548.762,104.709,153.0,120.762,1784533582428.0,378.471
ss-92-720000,1784534896870.2876,1784534897075,1784534902428.0,1784534902548.7622,204.712,5353.0,120.762,1784533582428.0,5678.475
ss-70-720000,1784534897120.2944,1784534898123,1784534902428.0,1784534902548.7627,1002.706,4305.0,120.763,1784533582428.0,5428.468
ss-36-720000,1784534900720.2837,1784534901273,1784534902428.0,1784534902548.763,552.716,1155.0,120.763,1784533582428.0,1828.479
ss-85-720000,1784534900870.283,1784534901273,1784534902428.0,1784534902548.7668,402.717,1155.0,120.767,1784533582428.0,1678.484
ss-22-720000,1784534900020.2852,1784534900222,1784534902428.0,1784534902548.77,201.715,2206.0,120.77,1784533582428.0,2528.485
ss-93-720000,1784534885720.289,1784534886572,1784534902428.0,1784534902548.7817,851.711,15856.0,120.782,1784533582428.0,16828.493
ss-41-720000,1784534898320.2932,1784534899173,1784534902428.0,1784534902548.7822,852.707,3255.0,120.782,1784533582428.0,4228.489
ss-21-720000,1784534898470.284,1784534899173,1784534902428.0,1784534902548.7825,702.716,3255.0,120.782,1784533582428.0,4078.499
ss-58-720000,1784534899370.2876,1784534900222,1784534902428.0,1784534902548.7976,851.712,2206.0,120.798,1784533582428.0,3178.51
ss-79-720000,1784534894770.2874,1784534894972,1784534902428.0,1784534902548.798,201.713,7456.0,120.798,1784533582428.0,7778.511
ss-66-720000,1784534898021.5464,1784534898123,1784534902428.0,1784534902548.8125,101.454,4305.0,120.812,1784533582428.0,4527.266
ss-44-720000,1784534900570.2927,1784534901273,1784534902428.0,1784534902548.8152,702.707,1155.0,120.815,1784533582428.0,1978.522
ss-77-720000,1784534902070.8896,1784534902275,1784534902428.0,1784534902548.8186,204.11,153.0,120.819,1784533582428.0,477.929
ss-68-720000,1784534900320.28,1784534901273,1784534902428.0,1784534902548.8425,952.72,1155.0,120.843,1784533582428.0,2228.562
ss-17-720000,1784534888770.2874,1784534889722,1784534902428.0,1784534902548.8452,951.713,12706.0,120.845,1784533582428.0,13778.558
ss-34-720000,1784534901120.2883,1784534901273,1784534902428.0,1784534902548.8499,152.712,1155.0,120.85,1784533582428.0,1428.562
ss-90-720000,1784534901820.2935,1784534902275,1784534902428.0,1784534902548.8523,454.707,153.0,120.852,1784533582428.0,728.559
ss-87-720000,1784534894920.2869,1784534894972,1784534902428.0,1784534902548.859,51.713,7456.0,120.859,1784533582428.0,7628.572
ss-47-720000,1784534901970.2874,1784534902275,1784534902428.0,1784534902548.8762,304.713,153.0,120.876,1784533582428.0,578.589
ss-6-720000,1784534899020.281,1784534899173,1784534902428.0,1784534902548.8765,152.719,3255.0,120.876,1784533582428.0,3528.595
ss-10-720000,1784534883670.2869,1784534884472,1784534902428.0,1784534902548.8767,801.713,17956.0,120.877,1784533582428.0,18878.59
ss-4-720000,1784534900820.28,1784534901273,1784534902428.0,1784534902548.8816,452.72,1155.0,120.882,1784533582428.0,1728.602
ss-12-720000,1784534898570.2893,1784534899173,1784534902428.0,1784534902548.9036,602.711,3255.0,120.904,1784533582428.0,3978.614
ss-38-720000,1784534901570.2947,1784534902275,1784534902428.0,1784534902548.9075,704.705,153.0,120.907,1784533582428.0,978.613
ss-72-720000,1784534897470.286,1784534898123,1784534902428.0,1784534902548.9077,652.714,4305.0,120.908,1784533582428.0,5078.622
ss-33-720000,1784534882620.29,1784534883422,1784534902428.0,1784534902548.9263,801.71,19006.0,120.926,1784533582428.0,19928.636
ss-24-720000,1784534900670.2905,1784534901273,1784534902428.0,1784534902548.9302,602.709,1155.0,120.93,1784533582428.0,1878.64
ss-35-720000,1784534893220.2944,1784534893922,1784534902428.0,1784534902548.9307,701.706,8506.0,120.931,1784533582428.0,9328.636
ss-26-720000,1784534901670.3064,1784534902275,1784534902428.0,1784534902548.9487,604.694,153.0,120.949,1784533582428.0,878.642
ss-43-720000,1784534900920.2869,1784534901273,1784534902428.0,1784534902548.949,352.713,1155.0,120.949,1784533582428.0,1628.662
ss-32-720000,1784534899470.2861,1784534900222,1784534902428.0,1784534902548.9492,751.714,2206.0,120.949,1784533582428.0,3078.663
ss-20-780000,1784534899170.2878,1784534899173,1784534902428.0,1784534902548.9622,2.712,3255.0,120.962,1784533522428.0,3378.674
ss-13-780000,1784534892870.2908,1784534892873,1784534902428.0,1784534902548.9626,2.709,9555.0,120.963,1784533522428.0,9678.672
ss-21-780000,1784534898470.284,1784534899173,1784534902428.0,1784534902549.0623,702.716,3255.0,121.062,1784533522428.0,4078.778
ss-55-780000,1784534898120.2942,1784534898123,1784534902429.0,1784534902549.0632,2.706,4306.0,120.063,1784533522429.0,4428.769
ss-78-780000,1784534892320.295,1784534892873,1784534902429.0,1784534902549.0637,552.705,9556.0,120.064,1784533522429.0,10228.769
ss-56-780000,1784534901920.295,1784534902275,1784534902429.0,1784534902549.0703,354.705,154.0,120.07,1784533522429.0,628.775
ss-98-780000,1784534898270.296,1784534899173,1784534902429.0,1784534902549.0706,902.704,3256.0,120.071,1784533522429.0,4278.775
ss-52-780000,1784534899770.2883,1784534900222,1784534902429.0,1784534902549.0713,451.712,2207.0,120.071,1784533522429.0,2778.783
ss-68-780000,1784534900320.28,1784534901273,1784534902429.0,1784534902549.0715,952.72,1156.0,120.072,1784533522429.0,2228.792
ss-58-780000,1784534899370.2876,1784534900222,1784534902429.0,1784534902549.0718,851.712,2207.0,120.072,1784533522429.0,3178.784
ss-11-780000,1784534901070.2866,1784534901273,1784534902429.0,1784534902549.0774,202.713,1156.0,120.077,1784533522429.0,1478.791
ss-80-780000,1784534901470.2864,1784534902275,1784534902429.0,1784534902549.078,804.714,154.0,120.078,1784533522429.0,1078.792
ss-86-780000,1784534902220.2898,1784534902275,1784534902429.0,1784534902549.0781,54.71,154.0,120.078,1784533522429.0,328.788
ss-3-780000,1784534897920.2922,1784534898123,1784534902429.0,1784534902549.0784,202.708,4306.0,120.078,1784533522429.0,4628.786
ss-75-780000,1784534899220.2883,1784534900222,1784534902429.0,1784534902549.0786,1001.712,2207.0,120.079,1784533522429.0,3328.79
ss-63-780000,1784534899520.2856,1784534900222,1784534902429.0,1784534902549.081,701.714,2207.0,120.081,1784533522429.0,3028.795
ss-4-780000,1784534900820.28,1784534901273,1784534902429.0,1784534902549.0813,452.72,1156.0,120.081,1784533522429.0,1728.801
ss-27-780000,1784534902120.3042,1784534902275,1784534902429.0,1784534902549.0815,154.696,154.0,120.082,1784533522429.0,428.777
ss-14-780000,1784534900270.2864,1784534901273,1784534902429.0,1784534902549.1165,1002.714,1156.0,120.116,1784533522429.0,2278.83
ss-0-780000,1784534899320.3066,1784534900222,1784534902429.0,1784534902549.117,901.693,2207.0,120.117,1784533522429.0,3228.81
ss-34-780000,1784534901120.2883,1784534901273,1784534902429.0,1784534902549.1172,152.712,1156.0,120.117,1784533522429.0,1428.829
ss-90-780000,1784534901820.2935,1784534902275,1784534902429.0,1784534902549.1174,454.707,154.0,120.117,1784533522429.0,728.824
ss-16-780000,1784534901770.2896,1784534902275,1784534902429.0,1784534902549.1177,504.71,154.0,120.118,1784533522429.0,778.828
ss-18-780000,1784534897770.2883,1784534898123,1784534902429.0,1784534902549.1204,352.712,4306.0,120.12,1784533522429.0,4778.832
ss-2-780000,1784534899920.2947,1784534900222,1784534902429.0,1784534902549.1775,301.705,2207.0,120.177,1784533522429.0,2628.883
ss-8-780000,1784534900470.2864,1784534901273,1784534902429.0,1784534902549.1782,802.714,1156.0,120.178,1784533522429.0,2078.892
ss-64-780000,1784534896520.2927,1784534897075,1784534902429.0,1784534902549.1785,554.707,5354.0,120.178,1784533522429.0,6028.886
ss-77-780000,1784534902070.8896,1784534902275,1784534902429.0,1784534902549.1787,204.11,154.0,120.179,1784533522429.0,478.289
ss-66-780000,1784534898021.5464,1784534898123,1784534902429.0,1784534902549.179,101.454,4306.0,120.179,1784533522429.0,4527.633
ss-35-780000,1784534893220.2944,1784534893922,1784534902429.0,1784534902549.1855,701.706,8507.0,120.186,1784533522429.0,9328.891
ss-43-780000,1784534900920.2869,1784534901273,1784534902429.0,1784534902549.186,352.713,1156.0,120.186,1784533522429.0,1628.899
ss-97-780000,1784534898920.2812,1784534899173,1784534902429.0,1784534902549.1929,252.719,3256.0,120.193,1784533522429.0,3628.912
ss-95-780000,1784534895820.2917,1784534896022,1784534902429.0,1784534902549.1987,201.708,6407.0,120.199,1784533522429.0,6728.907
ss-30-780000,1784534901270.2866,1784534901273,1784534902429.0,1784534902549.221,2.713,1156.0,120.221,1784533522429.0,1278.934
ss-26-780000,1784534901670.3064,1784534902275,1784534902429.0,1784534902549.2214,604.694,154.0,120.221,1784533522429.0,878.915
ss-19-780000,1784534900970.2878,1784534901273,1784534902429.0,1784534902549.222,302.712,1156.0,120.222,1784533522429.0,1578.934
ss-57-780000,1784534901720.2917,1784534902275,1784534902429.0,1784534902549.2222,554.708,154.0,120.222,1784533522429.0,828.93
ss-79-780000,1784534894770.2874,1784534894972,1784534902429.0,1784534902549.231,201.713,7457.0,120.231,1784533522429.0,7778.944
ss-87-780000,1784534894920.2869,1784534894972,1784534902429.0,1784534902549.2341,51.713,7457.0,120.234,1784533522429.0,7628.947
ss-92-780000,1784534896870.2876,1784534897075,1784534902429.0,1784534902549.2463,204.712,5354.0,120.246,1784533522429.0,5678.959
ss-83-780000,1784534896120.2952,1784534897075,1784534902430.0,1784534902549.2468,954.705,5355.0,119.247,1784533522430.0,6428.952
ss-12-780000,1784534898570.2893,1784534899173,1784534902430.0,1784534902549.2664,602.711,3257.0,119.266,1784533522430.0,3978.977
ss-31-780000,1784534902020.2869,1784534902275,1784534902430.0,1784534902549.2668,254.713,155.0,119.267,1784533522430.0,528.98
ss-76-780000,1784534901870.2964,1784534902275,1784534902430.0,1784534902549.271,404.704,155.0,119.271,1784533522430.0,678.975
ss-39-780000,1784534896020.2964,1784534896022,1784534902430.0,1784534902549.2715,1.704,6408.0,119.271,1784533522430.0,6528.975
ss-38-780000,1784534901570.2947,1784534902275,1784534902430.0,1784534902549.2957,704.705,155.0,119.296,1784533522430.0,979.001
ss-73-780000,1784534895470.298,1784534896022,1784534902430.0,1784534902549.2961,551.702,6408.0,119.296,1784533522430.0,7078.998
ss-70-780000,1784534897120.2944,1784534898123,1784534902430.0,1784534902549.2964,1002.706,4307.0,119.296,1784533522430.0,5429.002
ss-1-780000,1784534898220.2913,1784534899173,1784534902430.0,1784534902549.2988,952.709,3257.0,119.299,1784533522430.0,4329.008
ss-60-780000,1784534901620.2861,1784534902275,1784534902430.0,1784534902549.353,654.714,155.0,119.353,1784533522430.0,929.067
ss-24-780000,1784534900670.2905,1784534901273,1784534902430.0,1784534902549.3533,602.709,1157.0,119.353,1784533522430.0,1879.063
ss-23-780000,1784534900120.2925,1784534900222,1784534902430.0,1784534902549.3535,101.708,2208.0,119.354,1784533522430.0,2429.061
ss-36-780000,1784534900720.2837,1784534901273,1784534902430.0,1784534902549.3538,552.716,1157.0,119.354,1784533522430.0,1829.07
ss-44-780000,1784534900570.2927,1784534901273,1784534902430.0,1784534902549.354,702.707,1157.0,119.354,1784533522430.0,1979.061
ss-51-780000,1784534901420.2898,1784534902275,1784534902430.0,1784534902549.3542,854.71,155.0,119.354,1784533522430.0,1129.064
ss-91-780000,1784534899870.2964,1784534900222,1784534902430.0,1784534902549.357,351.704,2208.0,119.357,1784533522430.0,2679.061
ss-53-780000,1784534899420.291,1784534900222,1784534902430.0,1784534902549.3594,801.709,2208.0,119.359,1784533522430.0,3129.068
ss-71-780000,1784534900220.2898,1784534900222,1784534902430.0,1784534902549.377,1.71,2208.0,119.377,1784533522430.0,2329.087
ss-46-780000,1784534895970.2937,1784534896022,1784534902430.0,1784534902549.3796,51.706,6408.0,119.38,1784533522430.0,6579.086
ss-29-780000,1784534895270.2957,1784534896022,1784534902430.0,1784534902549.3823,751.704,6408.0,119.382,1784533522430.0,7279.087
ss-49-780000,1784534900370.283,1784534901273,1784534902430.0,1784534902549.3926,902.717,1157.0,119.393,1784533522430.0,2179.11
ss-85-780000,1784534900870.283,1784534901273,1784534902430.0,1784534902549.402,402.717,1157.0,119.402,1784533522430.0,1679.119
ss-47-780000,1784534901970.2874,1784534902275,1784534902430.0,1784534902549.4023,304.713,155.0,119.402,1784533522430.0,579.115
ss-37-780000,1784534900170.289,1784534900222,1784534902430.0,1784534902549.4026,51.711,2208.0,119.403,1784533522430.0,2379.114
ss-25-780000,1784534897670.295,1784534898123,1784534902430.0,1784534902549.421,452.705,4307.0,119.421,1784533522430.0,4879.126
ss-54-780000,1784534894420.2993,1784534894972,1784534902430.0,1784534902549.424,551.701,7458.0,119.424,1784533522430.0,8129.125
ss-88-780000,1784534896920.2878,1784534897075,1784534902430.0,1784534902549.44,154.712,5355.0,119.44,1784533522430.0,5629.152
ss-42-780000,1784534894220.2993,1784534894972,1784534902430.0,1784534902549.4678,751.701,7458.0,119.468,1784533522430.0,8329.168
ss-9-780000,1784534897970.2905,1784534898123,1784534902430.0,1784534902549.468,152.709,4307.0,119.468,1784533522430.0,4579.177
ss-65-780000,1784534897870.2893,1784534898123,1784534902430.0,1784534902549.4683,252.711,4307.0,119.468,1784533522430.0,4679.179
ss-41-780000,1784534898320.2932,1784534899173,1784534902430.0,1784534902549.4685,852.707,3257.0,119.469,1784533522430.0,4229.175
ss-72-780000,1784534897470.286,1784534898123,1784534902430.0,1784534902549.4812,652.714,4307.0,119.481,1784533522430.0,5079.195
ss-5-780000,1784534898970.285,1784534899173,1784534902430.0,1784534902549.4817,202.715,3257.0,119.482,1784533522430.0,3579.197
ss-82-780000,1784534897520.2903,1784534898123,1784534902430.0,1784534902549.5054,602.71,4307.0,119.505,1784533522430.0,5029.215
ss-94-780000,1784534892470.2937,1784534892873,1784534902430.0,1784534902549.5059,402.706,9557.0,119.506,1784533522430.0,10079.212
ss-50-780000,1784534898870.286,1784534899173,1784534902430.0,1784534902549.5063,302.714,3257.0,119.506,1784533522430.0,3679.22
ss-59-780000,1784534898070.2908,1784534898123,1784534902431.0,1784534902549.5242,52.709,4308.0,118.524,1784533522431.0,4479.233
ss-32-780000,1784534899470.2861,1784534900222,1784534902431.0,1784534902549.5247,751.714,2209.0,118.525,1784533522431.0,3079.239
ss-15-780000,1784534900520.287,1784534901273,1784534902431.0,1784534902549.525,752.713,1158.0,118.525,1784533522431.0,2029.238
ss-22-780000,1784534900020.2852,1784534900222,1784534902431.0,1784534902549.5317,201.715,2209.0,118.532,1784533522431.0,2529.247
ss-6-780000,1784534899020.281,1784534899173,1784534902431.0,1784534902549.5344,152.719,3258.0,118.534,1784533522431.0,3529.253
ss-74-780000,1784534901520.3079,1784534902275,1784534902431.0,1784534902549.5369,754.692,156.0,118.537,1784533522431.0,1029.229
ss-28-780000,1784534899120.287,1784534899173,1784534902431.0,1784534902549.6018,52.713,3258.0,118.602,1784533522431.0,3429.315
ss-7-780000,1784534898170.2827,1784534899173,1784534902431.0,1784534902549.6025,1002.717,3258.0,118.603,1784533522431.0,4379.32
ss-45-780000,1784534900070.295,1784534900222,1784534902431.0,1784534902549.603,151.705,2209.0,118.603,1784533522431.0,2479.308
ss-96-780000,1784534902170.2905,1784534902275,1784534902431.0,1784534902549.6033,104.709,156.0,118.603,1784533522431.0,379.313
