stream-state-bench-flink-kafka  | ===> User
stream-state-bench-flink-kafka  | uid=1000(appuser) gid=1000(appuser) groups=1000(appuser)
stream-state-bench-flink-kafka  | ===> Setting default values of environment variables if not already set.
stream-state-bench-flink-kafka  | ===> Configuring ...
stream-state-bench-flink-kafka  | Running in KRaft mode...
stream-state-bench-flink-kafka  | ===> Launching ... 
stream-state-bench-flink-kafka  | ===> Using provided cluster id MkU3OEVBNTcwNTJENDM2Qk ...
stream-state-bench-flink-kafka  | [2026-07-17 19:05:57,100] INFO Registered `kafka:type=kafka.Log4jController` MBean (kafka.utils.Log4jControllerRegistration$)
stream-state-bench-flink-kafka  | [2026-07-17 19:05:57,194] INFO Registered signal handlers for TERM, INT, HUP (org.apache.kafka.common.utils.LoggingSignalHandler)
stream-state-bench-flink-kafka  | [2026-07-17 19:05:57,195] INFO [ControllerServer id=1] Starting controller (kafka.server.ControllerServer)
stream-state-bench-flink-kafka  | [2026-07-17 19:05:57,293] INFO Updated connection-accept-rate max connection creation rate to 2147483647 (kafka.network.ConnectionQuotas)
stream-state-bench-flink-kafka  | [2026-07-17 19:05:57,316] INFO [SocketServer listenerType=CONTROLLER, nodeId=1] Created data-plane acceptor and processors for endpoint : ListenerName(CONTROLLER) (kafka.network.SocketServer)
stream-state-bench-flink-kafka  | [2026-07-17 19:05:57,321] INFO authorizerStart completed for endpoint CONTROLLER. Endpoint is now READY. (org.apache.kafka.server.network.EndpointReadyFutures)
stream-state-bench-flink-kafka  | [2026-07-17 19:05:57,322] INFO [SharedServer id=1] Starting SharedServer (kafka.server.SharedServer)
stream-state-bench-flink-kafka  | [2026-07-17 19:05:57,351] INFO [LogLoader partition=__cluster_metadata-0, dir=/tmp/kafka-logs] Loading producer state till offset 0 (org.apache.kafka.storage.internals.log.UnifiedLog)
stream-state-bench-flink-kafka  | [2026-07-17 19:05:57,352] INFO [LogLoader partition=__cluster_metadata-0, dir=/tmp/kafka-logs] Reloading from producer snapshot and rebuilding producer state from offset 0 (org.apache.kafka.storage.internals.log.UnifiedLog)
stream-state-bench-flink-kafka  | [2026-07-17 19:05:57,352] INFO [LogLoader partition=__cluster_metadata-0, dir=/tmp/kafka-logs] Producer state recovery took 0ms for snapshot load and 0ms for segment recovery from offset 0 (org.apache.kafka.storage.internals.log.UnifiedLog)
stream-state-bench-flink-kafka  | [2026-07-17 19:05:57,358] INFO [RaftLog partition=__cluster_metadata-0] Initialized snapshots with IDs [] from /tmp/kafka-logs/__cluster_metadata-0 (org.apache.kafka.raft.internals.KafkaRaftLog)
stream-state-bench-flink-kafka  | [2026-07-17 19:05:57,363] INFO [raft-expiration-reaper]: Starting (org.apache.kafka.raft.TimingWheelExpirationService$ExpiredOperationReaper)
stream-state-bench-flink-kafka  | [2026-07-17 19:05:57,365] INFO [RaftManager id=1] Reading KRaft snapshot and log as part of the initialization (org.apache.kafka.raft.KafkaRaftClient)
stream-state-bench-flink-kafka  | [2026-07-17 19:05:57,366] INFO [RaftManager id=1] Starting voters are VoterSet(voters={1=VoterNode(voterKey=ReplicaKey(id=1, directoryId=<undefined>), listeners=Endpoints(endpoints={ListenerName(CONTROLLER)=kafka/<unresolved>:9093}), supportedKRaftVersion=SupportedVersionRange[min_version:0, max_version:0])}) (org.apache.kafka.raft.KafkaRaftClient)
stream-state-bench-flink-kafka  | [2026-07-17 19:05:57,369] INFO [RaftManager id=1] Starting request manager with static voters: [kafka:9093 (id: 1 rack: null isFenced: false)] (org.apache.kafka.raft.KafkaRaftClient)
stream-state-bench-flink-kafka  | [2026-07-17 19:05:57,371] INFO [RaftManager id=1] Attempting durable transition to UnattachedState(epoch=0, leaderId=OptionalInt.empty, votedKey=Optional.empty, voters=[1], electionTimeoutMs=1993, highWatermark=Optional.empty) from null (org.apache.kafka.raft.QuorumState)
stream-state-bench-flink-kafka  | [2026-07-17 19:05:57,381] INFO [RaftManager id=1] Completed transition to UnattachedState(epoch=0, leaderId=OptionalInt.empty, votedKey=Optional.empty, voters=[1], electionTimeoutMs=1993, highWatermark=Optional.empty) from null (org.apache.kafka.raft.QuorumState)
stream-state-bench-flink-kafka  | [2026-07-17 19:05:57,387] INFO [RaftManager id=1] Completed transition to ProspectiveState(epoch=0, leaderId=OptionalInt.empty, votedKey=Optional.empty, epochElection=EpochElection[voterStates={1=VoterState(replicaKey=ReplicaKey(id=1, directoryId=<undefined>), state=GRANTED)}], electionTimeoutMs=1156, highWatermark=Optional.empty) from UnattachedState(epoch=0, leaderId=OptionalInt.empty, votedKey=Optional.empty, voters=[1], electionTimeoutMs=1993, highWatermark=Optional.empty) (org.apache.kafka.raft.QuorumState)
stream-state-bench-flink-kafka  | [2026-07-17 19:05:57,388] INFO [RaftManager id=1] Attempting durable transition to CandidateState(localId=1, localDirectoryId=jxMxRHQ_VMKTqE5s5LzFJw, epoch=1, epochElection=EpochElection[voterStates={1=VoterState(replicaKey=ReplicaKey(id=1, directoryId=<undefined>), state=GRANTED)}], highWatermark=Optional.empty, electionTimeoutMs=1617) from ProspectiveState(epoch=0, leaderId=OptionalInt.empty, votedKey=Optional.empty, epochElection=EpochElection[voterStates={1=VoterState(replicaKey=ReplicaKey(id=1, directoryId=<undefined>), state=GRANTED)}], electionTimeoutMs=1156, highWatermark=Optional.empty) (org.apache.kafka.raft.QuorumState)
stream-state-bench-flink-kafka  | [2026-07-17 19:05:57,392] INFO [RaftManager id=1] Completed transition to CandidateState(localId=1, localDirectoryId=jxMxRHQ_VMKTqE5s5LzFJw, epoch=1, epochElection=EpochElection[voterStates={1=VoterState(replicaKey=ReplicaKey(id=1, directoryId=<undefined>), state=GRANTED)}], highWatermark=Optional.empty, electionTimeoutMs=1617) from ProspectiveState(epoch=0, leaderId=OptionalInt.empty, votedKey=Optional.empty, epochElection=EpochElection[voterStates={1=VoterState(replicaKey=ReplicaKey(id=1, directoryId=<undefined>), state=GRANTED)}], electionTimeoutMs=1156, highWatermark=Optional.empty) (org.apache.kafka.raft.QuorumState)
stream-state-bench-flink-kafka  | [2026-07-17 19:05:57,395] INFO [RaftManager id=1] Attempting durable transition to Leader(localVoterNode=VoterNode(voterKey=ReplicaKey(id=1, directoryId=jxMxRHQ_VMKTqE5s5LzFJw), listeners=Endpoints(endpoints={ListenerName(CONTROLLER)=kafka/<unresolved>:9093}), supportedKRaftVersion=SupportedVersionRange[min_version:0, max_version:1]), epoch=1, epochStartOffset=0, highWatermark=Optional.empty, voterStates={1=ReplicaState(replicaKey=ReplicaKey(id=1, directoryId=<undefined>), endOffset=Optional.empty, lastFetchTimestamp=-1, lastCaughtUpTimestamp=-1, hasAcknowledgedLeader=true)}) from CandidateState(localId=1, localDirectoryId=jxMxRHQ_VMKTqE5s5LzFJw, epoch=1, epochElection=EpochElection[voterStates={1=VoterState(replicaKey=ReplicaKey(id=1, directoryId=<undefined>), state=GRANTED)}], highWatermark=Optional.empty, electionTimeoutMs=1617) (org.apache.kafka.raft.QuorumState)
stream-state-bench-flink-kafka  | [2026-07-17 19:05:57,399] INFO [RaftManager id=1] Completed transition to Leader(localVoterNode=VoterNode(voterKey=ReplicaKey(id=1, directoryId=jxMxRHQ_VMKTqE5s5LzFJw), listeners=Endpoints(endpoints={ListenerName(CONTROLLER)=kafka/<unresolved>:9093}), supportedKRaftVersion=SupportedVersionRange[min_version:0, max_version:1]), epoch=1, epochStartOffset=0, highWatermark=Optional.empty, voterStates={1=ReplicaState(replicaKey=ReplicaKey(id=1, directoryId=<undefined>), endOffset=Optional.empty, lastFetchTimestamp=-1, lastCaughtUpTimestamp=-1, hasAcknowledgedLeader=true)}) from CandidateState(localId=1, localDirectoryId=jxMxRHQ_VMKTqE5s5LzFJw, epoch=1, epochElection=EpochElection[voterStates={1=VoterState(replicaKey=ReplicaKey(id=1, directoryId=<undefined>), state=GRANTED)}], highWatermark=Optional.empty, electionTimeoutMs=1617) (org.apache.kafka.raft.QuorumState)
stream-state-bench-flink-kafka  | [2026-07-17 19:05:57,417] INFO [kafka-1-raft-io-thread]: Starting (org.apache.kafka.raft.KafkaRaftClientDriver)
stream-state-bench-flink-kafka  | [2026-07-17 19:05:57,417] INFO [kafka-1-raft-outbound-request-thread]: Starting (org.apache.kafka.raft.KafkaNetworkChannel$SendThread)
stream-state-bench-flink-kafka  | [2026-07-17 19:05:57,426] INFO [MetadataLoader id=1] initializeNewPublishers: The loader is still catching up because we have loaded up to offset -1, but the high water mark is 1 (org.apache.kafka.image.loader.MetadataLoader)
stream-state-bench-flink-kafka  | [2026-07-17 19:05:57,427] INFO [ControllerServer id=1] Waiting for controller quorum voters future (kafka.server.ControllerServer)
stream-state-bench-flink-kafka  | [2026-07-17 19:05:57,427] INFO [ControllerServer id=1] Finished waiting for controller quorum voters future (kafka.server.ControllerServer)
stream-state-bench-flink-kafka  | [2026-07-17 19:05:57,429] INFO [RaftManager id=1] High watermark set to LogOffsetMetadata(offset=1, metadata=Optional[(segmentBaseOffset=0,relativePositionInSegment=91)]) for the first time for epoch 1 based on indexOfHw 0 and voters [ReplicaState(replicaKey=ReplicaKey(id=1, directoryId=<undefined>), endOffset=Optional[LogOffsetMetadata(offset=1, metadata=Optional[(segmentBaseOffset=0,relativePositionInSegment=91)])], lastFetchTimestamp=-1, lastCaughtUpTimestamp=-1, hasAcknowledgedLeader=true)] (org.apache.kafka.raft.LeaderState)
stream-state-bench-flink-kafka  | [2026-07-17 19:05:57,434] INFO [RaftManager id=1] Registered the listener org.apache.kafka.image.loader.MetadataLoader@777912293 (org.apache.kafka.raft.KafkaRaftClient)
stream-state-bench-flink-kafka  | [2026-07-17 19:05:57,435] INFO [RaftManager id=1] Setting the next offset of org.apache.kafka.image.loader.MetadataLoader@777912293 to 0 since there are no snapshots (org.apache.kafka.raft.KafkaRaftClient)
stream-state-bench-flink-kafka  | [2026-07-17 19:05:57,436] INFO [MetadataLoader id=1] maybePublishMetadata(LOG_DELTA): The loader is still catching up because we have not loaded a controller record as of offset 0 and high water mark is 1 (org.apache.kafka.image.loader.MetadataLoader)
stream-state-bench-flink-kafka  | [2026-07-17 19:05:57,438] INFO [RaftManager id=1] Registered the listener org.apache.kafka.controller.QuorumController$QuorumMetaLogListener@2048471211 (org.apache.kafka.raft.KafkaRaftClient)
stream-state-bench-flink-kafka  | [2026-07-17 19:05:57,439] INFO [RaftManager id=1] Setting the next offset of org.apache.kafka.controller.QuorumController$QuorumMetaLogListener@2048471211 to 0 since there are no snapshots (org.apache.kafka.raft.KafkaRaftClient)
stream-state-bench-flink-kafka  | [2026-07-17 19:05:57,440] INFO [controller-1-ThrottledChannelReaper-Fetch]: Starting (org.apache.kafka.server.quota.ClientQuotaManager$ThrottledChannelReaper)
stream-state-bench-flink-kafka  | [2026-07-17 19:05:57,440] INFO [controller-1-ThrottledChannelReaper-Produce]: Starting (org.apache.kafka.server.quota.ClientQuotaManager$ThrottledChannelReaper)
stream-state-bench-flink-kafka  | [2026-07-17 19:05:57,441] INFO [controller-1-ThrottledChannelReaper-Request]: Starting (org.apache.kafka.server.quota.ClientQuotaManager$ThrottledChannelReaper)
stream-state-bench-flink-kafka  | [2026-07-17 19:05:57,441] INFO [controller-1-ThrottledChannelReaper-ControllerMutation]: Starting (org.apache.kafka.server.quota.ClientQuotaManager$ThrottledChannelReaper)
stream-state-bench-flink-kafka  | [2026-07-17 19:05:57,444] INFO [ExpirationReaper-1-AlterAcls]: Starting (org.apache.kafka.server.purgatory.DelayedOperationPurgatory$ExpiredOperationReaper)
stream-state-bench-flink-kafka  | [2026-07-17 19:05:57,461] INFO [ControllerServer id=1] Waiting for the controller metadata publishers to be installed (kafka.server.ControllerServer)
stream-state-bench-flink-kafka  | [2026-07-17 19:05:57,461] INFO [ControllerServer id=1] Finished waiting for the controller metadata publishers to be installed (kafka.server.ControllerServer)
stream-state-bench-flink-kafka  | [2026-07-17 19:05:57,461] INFO [MetadataLoader id=1] initializeNewPublishers: The loader is still catching up because we have not loaded a controller record as of offset 0 and high water mark is 1 (org.apache.kafka.image.loader.MetadataLoader)
stream-state-bench-flink-kafka  | [2026-07-17 19:05:57,461] INFO [SocketServer listenerType=CONTROLLER, nodeId=1] Enabling request processing. (kafka.network.SocketServer)
stream-state-bench-flink-kafka  | [2026-07-17 19:05:57,463] INFO Awaiting socket connections on 0.0.0.0:9093. (kafka.network.DataPlaneAcceptor)
stream-state-bench-flink-kafka  | [2026-07-17 19:05:57,466] INFO [controller-1-to-controller-registration-channel-manager]: Starting (org.apache.kafka.server.NodeToControllerRequestThread)
stream-state-bench-flink-kafka  | [2026-07-17 19:05:57,466] INFO [ControllerServer id=1] Waiting for all of the authorizer futures to be completed (kafka.server.ControllerServer)
stream-state-bench-flink-kafka  | [2026-07-17 19:05:57,466] INFO [ControllerServer id=1] Finished waiting for all of the authorizer futures to be completed (kafka.server.ControllerServer)
stream-state-bench-flink-kafka  | [2026-07-17 19:05:57,466] INFO [ControllerServer id=1] Waiting for all of the SocketServer Acceptors to be started (kafka.server.ControllerServer)
stream-state-bench-flink-kafka  | [2026-07-17 19:05:57,466] INFO Recorded new KRaft controller, from now on will use node kafka:9093 (id: 1 rack: null isFenced: false) (org.apache.kafka.server.NodeToControllerRequestThread)
stream-state-bench-flink-kafka  | [2026-07-17 19:05:57,467] INFO [ControllerServer id=1] Finished waiting for all of the SocketServer Acceptors to be started (kafka.server.ControllerServer)
stream-state-bench-flink-kafka  | [2026-07-17 19:05:57,467] INFO [ControllerRegistrationManager id=1 incarnation=2UIcfqx3QeGU1COFLjVEZA] initialized channel manager. (kafka.server.ControllerRegistrationManager)
stream-state-bench-flink-kafka  | [2026-07-17 19:05:57,467] INFO [ControllerRegistrationManager id=1 incarnation=2UIcfqx3QeGU1COFLjVEZA] maybeSendControllerRegistration: cannot register yet because the metadata.version is not known yet. (kafka.server.ControllerRegistrationManager)
stream-state-bench-flink-kafka  | [2026-07-17 19:05:57,467] INFO [BrokerServer id=1] Transition from SHUTDOWN to STARTING (kafka.server.BrokerServer)
stream-state-bench-flink-kafka  | [2026-07-17 19:05:57,468] INFO [BrokerServer id=1] Starting broker (kafka.server.BrokerServer)
stream-state-bench-flink-kafka  | [2026-07-17 19:05:57,468] INFO [MetadataLoader id=1] maybePublishMetadata(LOG_DELTA): The loader finished catching up to the current high water mark of 10 (org.apache.kafka.image.loader.MetadataLoader)
stream-state-bench-flink-kafka  | [2026-07-17 19:05:57,470] INFO [MetadataLoader id=1] InitializeNewPublishers: initializing SnapshotGenerator with a snapshot at offset 9 (org.apache.kafka.image.loader.MetadataLoader)
stream-state-bench-flink-kafka  | [2026-07-17 19:05:57,470] INFO [broker-1-ThrottledChannelReaper-Fetch]: Starting (org.apache.kafka.server.quota.ClientQuotaManager$ThrottledChannelReaper)
stream-state-bench-flink-kafka  | [2026-07-17 19:05:57,470] INFO [broker-1-ThrottledChannelReaper-Produce]: Starting (org.apache.kafka.server.quota.ClientQuotaManager$ThrottledChannelReaper)
stream-state-bench-flink-kafka  | [2026-07-17 19:05:57,471] INFO [broker-1-ThrottledChannelReaper-Request]: Starting (org.apache.kafka.server.quota.ClientQuotaManager$ThrottledChannelReaper)
stream-state-bench-flink-kafka  | [2026-07-17 19:05:57,471] INFO [MetadataLoader id=1] InitializeNewPublishers: initializing KRaftMetadataCachePublisher with a snapshot at offset 9 (org.apache.kafka.image.loader.MetadataLoader)
stream-state-bench-flink-kafka  | [2026-07-17 19:05:57,471] INFO [broker-1-ThrottledChannelReaper-ControllerMutation]: Starting (org.apache.kafka.server.quota.ClientQuotaManager$ThrottledChannelReaper)
stream-state-bench-flink-kafka  | [2026-07-17 19:05:57,471] INFO [MetadataLoader id=1] InitializeNewPublishers: initializing FeaturesPublisher with a snapshot at offset 9 (org.apache.kafka.image.loader.MetadataLoader)
stream-state-bench-flink-kafka  | [2026-07-17 19:05:57,475] INFO [ControllerServer id=1] Loaded new metadata FinalizedFeatures[metadataVersion=4.3-IV0, finalizedFeatures={group.version=1, streams.version=1, transaction.version=2, eligible.leader.replicas.version=1, share.version=1, metadata.version=30}, finalizedFeaturesEpoch=9]. (org.apache.kafka.metadata.publisher.FeaturesPublisher)
stream-state-bench-flink-kafka  | [2026-07-17 19:05:57,475] INFO [MetadataLoader id=1] InitializeNewPublishers: initializing ControllerRegistrationsPublisher with a snapshot at offset 9 (org.apache.kafka.image.loader.MetadataLoader)
stream-state-bench-flink-kafka  | [2026-07-17 19:05:57,475] INFO [MetadataLoader id=1] InitializeNewPublishers: initializing ControllerRegistrationManager with a snapshot at offset 9 (org.apache.kafka.image.loader.MetadataLoader)
stream-state-bench-flink-kafka  | [2026-07-17 19:05:57,476] INFO [MetadataLoader id=1] InitializeNewPublishers: initializing DynamicConfigPublisher controller id=1 with a snapshot at offset 9 (org.apache.kafka.image.loader.MetadataLoader)
stream-state-bench-flink-kafka  | [2026-07-17 19:05:57,478] INFO [DynamicConfigPublisher controller id=1] Updating cluster configuration : min.insync.replicas -> 1 (kafka.server.metadata.DynamicConfigPublisher)
stream-state-bench-flink-kafka  | [2026-07-17 19:05:57,479] INFO [BrokerServer id=1] Waiting for controller quorum voters future (kafka.server.BrokerServer)
stream-state-bench-flink-kafka  | [2026-07-17 19:05:57,479] INFO [BrokerServer id=1] Finished waiting for controller quorum voters future (kafka.server.BrokerServer)
stream-state-bench-flink-kafka  | [2026-07-17 19:05:57,480] INFO [broker-1-to-controller-forwarding-channel-manager]: Starting (org.apache.kafka.server.NodeToControllerRequestThread)
stream-state-bench-flink-kafka  | [2026-07-17 19:05:57,480] INFO Recorded new KRaft controller, from now on will use node kafka:9093 (id: 1 rack: null isFenced: false) (org.apache.kafka.server.NodeToControllerRequestThread)
stream-state-bench-flink-kafka  | [2026-07-17 19:05:57,481] INFO AbstractConfig values: 
stream-state-bench-flink-kafka  | 	group.consumer.assignment.interval.ms = 1000
stream-state-bench-flink-kafka  | 	group.consumer.assignors = [uniform, range]
stream-state-bench-flink-kafka  | 	group.consumer.heartbeat.interval.ms = 5000
stream-state-bench-flink-kafka  | 	group.consumer.max.assignment.interval.ms = 15000
stream-state-bench-flink-kafka  | 	group.consumer.max.heartbeat.interval.ms = 15000
stream-state-bench-flink-kafka  | 	group.consumer.max.session.timeout.ms = 60000
stream-state-bench-flink-kafka  | 	group.consumer.max.size = 2147483647
stream-state-bench-flink-kafka  | 	group.consumer.migration.policy = bidirectional
stream-state-bench-flink-kafka  | 	group.consumer.min.assignment.interval.ms = 0
stream-state-bench-flink-kafka  | 	group.consumer.min.heartbeat.interval.ms = 5000
stream-state-bench-flink-kafka  | 	group.consumer.min.session.timeout.ms = 45000
stream-state-bench-flink-kafka  | 	group.consumer.regex.refresh.interval.ms = 600000
stream-state-bench-flink-kafka  | 	group.consumer.session.timeout.ms = 45000
stream-state-bench-flink-kafka  | 	group.coordinator.append.linger.ms = -1
stream-state-bench-flink-kafka  | 	group.coordinator.background.threads = 2
stream-state-bench-flink-kafka  | 	group.coordinator.cached.buffer.max.bytes = 1048588
stream-state-bench-flink-kafka  | 	group.coordinator.rebalance.protocols = [classic, consumer, streams]
stream-state-bench-flink-kafka  | 	group.coordinator.threads = 4
stream-state-bench-flink-kafka  | 	group.initial.rebalance.delay.ms = 0
stream-state-bench-flink-kafka  | 	group.max.session.timeout.ms = 1800000
stream-state-bench-flink-kafka  | 	group.max.size = 2147483647
stream-state-bench-flink-kafka  | 	group.min.session.timeout.ms = 6000
stream-state-bench-flink-kafka  | 	group.share.assignment.interval.ms = 1000
stream-state-bench-flink-kafka  | 	group.share.assignors = [simple]
stream-state-bench-flink-kafka  | 	group.share.heartbeat.interval.ms = 5000
stream-state-bench-flink-kafka  | 	group.share.initialize.retry.interval.ms = 30000
stream-state-bench-flink-kafka  | 	group.share.max.assignment.interval.ms = 15000
stream-state-bench-flink-kafka  | 	group.share.max.heartbeat.interval.ms = 15000
stream-state-bench-flink-kafka  | 	group.share.max.session.timeout.ms = 60000
stream-state-bench-flink-kafka  | 	group.share.max.size = 200
stream-state-bench-flink-kafka  | 	group.share.min.assignment.interval.ms = 0
stream-state-bench-flink-kafka  | 	group.share.min.heartbeat.interval.ms = 5000
stream-state-bench-flink-kafka  | 	group.share.min.session.timeout.ms = 45000
stream-state-bench-flink-kafka  | 	group.share.session.timeout.ms = 45000
stream-state-bench-flink-kafka  | 	group.streams.assignment.interval.ms = 1000
stream-state-bench-flink-kafka  | 	group.streams.heartbeat.interval.ms = 5000
stream-state-bench-flink-kafka  | 	group.streams.initial.rebalance.delay.ms = 3000
stream-state-bench-flink-kafka  | 	group.streams.max.assignment.interval.ms = 15000
stream-state-bench-flink-kafka  | 	group.streams.max.heartbeat.interval.ms = 15000
stream-state-bench-flink-kafka  | 	group.streams.max.session.timeout.ms = 60000
stream-state-bench-flink-kafka  | 	group.streams.max.size = 2147483647
stream-state-bench-flink-kafka  | 	group.streams.max.standby.replicas = 2
stream-state-bench-flink-kafka  | 	group.streams.min.assignment.interval.ms = 0
stream-state-bench-flink-kafka  | 	group.streams.min.heartbeat.interval.ms = 5000
stream-state-bench-flink-kafka  | 	group.streams.min.session.timeout.ms = 45000
stream-state-bench-flink-kafka  | 	group.streams.num.standby.replicas = 0
stream-state-bench-flink-kafka  | 	group.streams.session.timeout.ms = 45000
stream-state-bench-flink-kafka  | 	offset.metadata.max.bytes = 4096
stream-state-bench-flink-kafka  | 	offsets.commit.timeout.ms = 5000
stream-state-bench-flink-kafka  | 	offsets.load.buffer.size = 5242880
stream-state-bench-flink-kafka  | 	offsets.retention.check.interval.ms = 600000
stream-state-bench-flink-kafka  | 	offsets.retention.minutes = 10080
stream-state-bench-flink-kafka  | 	offsets.topic.compression.codec = 0
stream-state-bench-flink-kafka  | 	offsets.topic.num.partitions = 50
stream-state-bench-flink-kafka  | 	offsets.topic.replication.factor = 1
stream-state-bench-flink-kafka  | 	offsets.topic.segment.bytes = 104857600
stream-state-bench-flink-kafka  |  (org.apache.kafka.common.config.AbstractConfig)
stream-state-bench-flink-kafka  | [2026-07-17 19:05:57,482] INFO KafkaConfig values: 
stream-state-bench-flink-kafka  | 	add.partitions.to.txn.retry.backoff.max.ms = 100
stream-state-bench-flink-kafka  | 	add.partitions.to.txn.retry.backoff.ms = 20
stream-state-bench-flink-kafka  | 	advertised.listeners = [PLAINTEXT://kafka:9092]
stream-state-bench-flink-kafka  | 	alter.config.policy.class.name = null
stream-state-bench-flink-kafka  | 	alter.log.dirs.replication.quota.window.num = 11
stream-state-bench-flink-kafka  | 	alter.log.dirs.replication.quota.window.size.seconds = 1
stream-state-bench-flink-kafka  | 	authorizer.class.name = 
stream-state-bench-flink-kafka  | 	auto.create.topics.enable = false
stream-state-bench-flink-kafka  | 	auto.leader.rebalance.enable = true
stream-state-bench-flink-kafka  | 	background.threads = 10
stream-state-bench-flink-kafka  | 	broker.heartbeat.interval.ms = 2000
stream-state-bench-flink-kafka  | 	broker.id = 1
stream-state-bench-flink-kafka  | 	broker.rack = null
stream-state-bench-flink-kafka  | 	broker.session.timeout.ms = 9000
stream-state-bench-flink-kafka  | 	client.quota.callback.class = null
stream-state-bench-flink-kafka  | 	compression.gzip.level = -1
stream-state-bench-flink-kafka  | 	compression.lz4.level = 9
stream-state-bench-flink-kafka  | 	compression.type = producer
stream-state-bench-flink-kafka  | 	compression.zstd.level = 3
stream-state-bench-flink-kafka  | 	config.providers = []
stream-state-bench-flink-kafka  | 	connection.failed.authentication.delay.ms = 100
stream-state-bench-flink-kafka  | 	connections.max.idle.ms = 600000
stream-state-bench-flink-kafka  | 	connections.max.reauth.ms = 0
stream-state-bench-flink-kafka  | 	controlled.shutdown.enable = true
stream-state-bench-flink-kafka  | 	controller.listener.names = [CONTROLLER]
stream-state-bench-flink-kafka  | 	controller.performance.always.log.threshold.ms = 2000
stream-state-bench-flink-kafka  | 	controller.performance.sample.period.ms = 60000
stream-state-bench-flink-kafka  | 	controller.quorum.append.linger.ms = 25
stream-state-bench-flink-kafka  | 	controller.quorum.auto.join.enable = false
stream-state-bench-flink-kafka  | 	controller.quorum.bootstrap.servers = []
stream-state-bench-flink-kafka  | 	controller.quorum.election.backoff.max.ms = 1000
stream-state-bench-flink-kafka  | 	controller.quorum.election.timeout.ms = 1000
stream-state-bench-flink-kafka  | 	controller.quorum.fetch.max.bytes = 1048576
stream-state-bench-flink-kafka  | 	controller.quorum.fetch.snapshot.max.bytes = 1048576
stream-state-bench-flink-kafka  | 	controller.quorum.fetch.timeout.ms = 2000
stream-state-bench-flink-kafka  | 	controller.quorum.request.timeout.ms = 2000
stream-state-bench-flink-kafka  | 	controller.quorum.retry.backoff.ms = 20
stream-state-bench-flink-kafka  | 	controller.quorum.voters = [1@kafka:9093]
stream-state-bench-flink-kafka  | 	controller.quota.window.num = 11
stream-state-bench-flink-kafka  | 	controller.quota.window.size.seconds = 1
stream-state-bench-flink-kafka  | 	controller.socket.timeout.ms = 30000
stream-state-bench-flink-kafka  | 	cordoned.log.dirs = []
stream-state-bench-flink-kafka  | 	create.topic.policy.class.name = null
stream-state-bench-flink-kafka  | 	default.replication.factor = 1
stream-state-bench-flink-kafka  | 	delegation.token.expiry.check.interval.ms = 3600000
stream-state-bench-flink-kafka  | 	delegation.token.expiry.time.ms = 86400000
stream-state-bench-flink-kafka  | 	delegation.token.max.lifetime.ms = 604800000
stream-state-bench-flink-kafka  | 	delegation.token.secret.key = null
stream-state-bench-flink-kafka  | 	delete.records.purgatory.purge.interval.requests = 1
stream-state-bench-flink-kafka  | 	delete.topic.enable = true
stream-state-bench-flink-kafka  | 	early.start.listeners = null
stream-state-bench-flink-kafka  | 	fetch.max.bytes = 57671680
stream-state-bench-flink-kafka  | 	fetch.purgatory.purge.interval.requests = 1000
stream-state-bench-flink-kafka  | 	follower.fetch.last.tiered.offset.enable = false
stream-state-bench-flink-kafka  | 	group.consumer.assignment.interval.ms = 1000
stream-state-bench-flink-kafka  | 	group.consumer.assignors = [uniform, range]
stream-state-bench-flink-kafka  | 	group.consumer.heartbeat.interval.ms = 5000
stream-state-bench-flink-kafka  | 	group.consumer.max.assignment.interval.ms = 15000
stream-state-bench-flink-kafka  | 	group.consumer.max.heartbeat.interval.ms = 15000
stream-state-bench-flink-kafka  | 	group.consumer.max.session.timeout.ms = 60000
stream-state-bench-flink-kafka  | 	group.consumer.max.size = 2147483647
stream-state-bench-flink-kafka  | 	group.consumer.migration.policy = bidirectional
stream-state-bench-flink-kafka  | 	group.consumer.min.assignment.interval.ms = 0
stream-state-bench-flink-kafka  | 	group.consumer.min.heartbeat.interval.ms = 5000
stream-state-bench-flink-kafka  | 	group.consumer.min.session.timeout.ms = 45000
stream-state-bench-flink-kafka  | 	group.consumer.regex.refresh.interval.ms = 600000
stream-state-bench-flink-kafka  | 	group.consumer.session.timeout.ms = 45000
stream-state-bench-flink-kafka  | 	group.coordinator.append.linger.ms = -1
stream-state-bench-flink-kafka  | 	group.coordinator.background.threads = 2
stream-state-bench-flink-kafka  | 	group.coordinator.cached.buffer.max.bytes = 1048588
stream-state-bench-flink-kafka  | 	group.coordinator.rebalance.protocols = [classic, consumer, streams]
stream-state-bench-flink-kafka  | 	group.coordinator.threads = 4
stream-state-bench-flink-kafka  | 	group.initial.rebalance.delay.ms = 0
stream-state-bench-flink-kafka  | 	group.max.session.timeout.ms = 1800000
stream-state-bench-flink-kafka  | 	group.max.size = 2147483647
stream-state-bench-flink-kafka  | 	group.min.session.timeout.ms = 6000
stream-state-bench-flink-kafka  | 	group.share.assignment.interval.ms = 1000
stream-state-bench-flink-kafka  | 	group.share.assignors = [simple]
stream-state-bench-flink-kafka  | 	group.share.delivery.count.limit = 5
stream-state-bench-flink-kafka  | 	group.share.heartbeat.interval.ms = 5000
stream-state-bench-flink-kafka  | 	group.share.initialize.retry.interval.ms = 30000
stream-state-bench-flink-kafka  | 	group.share.max.assignment.interval.ms = 15000
stream-state-bench-flink-kafka  | 	group.share.max.delivery.count.limit = 10
stream-state-bench-flink-kafka  | 	group.share.max.heartbeat.interval.ms = 15000
stream-state-bench-flink-kafka  | 	group.share.max.partition.max.record.locks = 4000
stream-state-bench-flink-kafka  | 	group.share.max.record.lock.duration.ms = 60000
stream-state-bench-flink-kafka  | 	group.share.max.session.timeout.ms = 60000
stream-state-bench-flink-kafka  | 	group.share.max.share.sessions = 2000
stream-state-bench-flink-kafka  | 	group.share.max.size = 200
stream-state-bench-flink-kafka  | 	group.share.min.assignment.interval.ms = 0
stream-state-bench-flink-kafka  | 	group.share.min.delivery.count.limit = 2
stream-state-bench-flink-kafka  | 	group.share.min.heartbeat.interval.ms = 5000
stream-state-bench-flink-kafka  | 	group.share.min.partition.max.record.locks = 100
stream-state-bench-flink-kafka  | 	group.share.min.record.lock.duration.ms = 15000
stream-state-bench-flink-kafka  | 	group.share.min.session.timeout.ms = 45000
stream-state-bench-flink-kafka  | 	group.share.partition.max.record.locks = 2000
stream-state-bench-flink-kafka  | 	group.share.persister.class.name = org.apache.kafka.server.share.persister.DefaultStatePersister
stream-state-bench-flink-kafka  | 	group.share.record.lock.duration.ms = 30000
stream-state-bench-flink-kafka  | 	group.share.session.timeout.ms = 45000
stream-state-bench-flink-kafka  | 	group.streams.assignment.interval.ms = 1000
stream-state-bench-flink-kafka  | 	group.streams.heartbeat.interval.ms = 5000
stream-state-bench-flink-kafka  | 	group.streams.initial.rebalance.delay.ms = 3000
stream-state-bench-flink-kafka  | 	group.streams.max.assignment.interval.ms = 15000
stream-state-bench-flink-kafka  | 	group.streams.max.heartbeat.interval.ms = 15000
stream-state-bench-flink-kafka  | 	group.streams.max.session.timeout.ms = 60000
stream-state-bench-flink-kafka  | 	group.streams.max.size = 2147483647
stream-state-bench-flink-kafka  | 	group.streams.max.standby.replicas = 2
stream-state-bench-flink-kafka  | 	group.streams.min.assignment.interval.ms = 0
stream-state-bench-flink-kafka  | 	group.streams.min.heartbeat.interval.ms = 5000
stream-state-bench-flink-kafka  | 	group.streams.min.session.timeout.ms = 45000
stream-state-bench-flink-kafka  | 	group.streams.num.standby.replicas = 0
stream-state-bench-flink-kafka  | 	group.streams.session.timeout.ms = 45000
stream-state-bench-flink-kafka  | 	initial.broker.registration.timeout.ms = 60000
stream-state-bench-flink-kafka  | 	inter.broker.listener.name = null
stream-state-bench-flink-kafka  | 	internal.metadata.delete.delay.millis = 60000
stream-state-bench-flink-kafka  | 	internal.metadata.log.segment.bytes = null
stream-state-bench-flink-kafka  | 	internal.metadata.max.batch.size.in.bytes = 8388608
stream-state-bench-flink-kafka  | 	kafka.metrics.polling.interval.secs = 10
stream-state-bench-flink-kafka  | 	kafka.metrics.reporters = []
stream-state-bench-flink-kafka  | 	leader.imbalance.check.interval.seconds = 300
stream-state-bench-flink-kafka  | 	listener.security.protocol.map = CONTROLLER:PLAINTEXT,PLAINTEXT:PLAINTEXT
stream-state-bench-flink-kafka  | 	listeners = [PLAINTEXT://:9092, CONTROLLER://:9093]
stream-state-bench-flink-kafka  | 	log.cleaner.backoff.ms = 15000
stream-state-bench-flink-kafka  | 	log.cleaner.dedupe.buffer.size = 134217728
stream-state-bench-flink-kafka  | 	log.cleaner.delete.retention.ms = 86400000
stream-state-bench-flink-kafka  | 	log.cleaner.enable = true
stream-state-bench-flink-kafka  | 	log.cleaner.io.buffer.load.factor = 0.9
stream-state-bench-flink-kafka  | 	log.cleaner.io.buffer.size = 524288
stream-state-bench-flink-kafka  | 	log.cleaner.io.max.bytes.per.second = 1.7976931348623157E308
stream-state-bench-flink-kafka  | 	log.cleaner.max.compaction.lag.ms = 9223372036854775807
stream-state-bench-flink-kafka  | 	log.cleaner.min.cleanable.ratio = 0.5
stream-state-bench-flink-kafka  | 	log.cleaner.min.compaction.lag.ms = 0
stream-state-bench-flink-kafka  | 	log.cleaner.threads = 1
stream-state-bench-flink-kafka  | 	log.cleanup.policy = [delete]
stream-state-bench-flink-kafka  | 	log.dir = [/tmp/kafka-logs]
stream-state-bench-flink-kafka  | 	log.dir.failure.timeout.ms = 30000
stream-state-bench-flink-kafka  | 	log.dirs = null
stream-state-bench-flink-kafka  | 	log.flush.interval.messages = 9223372036854775807
stream-state-bench-flink-kafka  | 	log.flush.interval.ms = null
stream-state-bench-flink-kafka  | 	log.flush.offset.checkpoint.interval.ms = 60000
stream-state-bench-flink-kafka  | 	log.flush.scheduler.interval.ms = 9223372036854775807
stream-state-bench-flink-kafka  | 	log.flush.start.offset.checkpoint.interval.ms = 60000
stream-state-bench-flink-kafka  | 	log.index.interval.bytes = 4096
stream-state-bench-flink-kafka  | 	log.index.size.max.bytes = 10485760
stream-state-bench-flink-kafka  | 	log.initial.task.delay.ms = 30000
stream-state-bench-flink-kafka  | 	log.local.retention.bytes = -2
stream-state-bench-flink-kafka  | 	log.local.retention.ms = -2
stream-state-bench-flink-kafka  | 	log.message.timestamp.after.max.ms = 3600000
stream-state-bench-flink-kafka  | 	log.message.timestamp.before.max.ms = 9223372036854775807
stream-state-bench-flink-kafka  | 	log.message.timestamp.type = CreateTime
stream-state-bench-flink-kafka  | 	log.preallocate = false
stream-state-bench-flink-kafka  | 	log.retention.bytes = -1
stream-state-bench-flink-kafka  | 	log.retention.check.interval.ms = 300000
stream-state-bench-flink-kafka  | 	log.retention.hours = 168
stream-state-bench-flink-kafka  | 	log.retention.minutes = null
stream-state-bench-flink-kafka  | 	log.retention.ms = null
stream-state-bench-flink-kafka  | 	log.roll.hours = 168
stream-state-bench-flink-kafka  | 	log.roll.jitter.hours = 0
stream-state-bench-flink-kafka  | 	log.roll.jitter.ms = null
stream-state-bench-flink-kafka  | 	log.roll.ms = null
stream-state-bench-flink-kafka  | 	log.segment.bytes = 1073741824
stream-state-bench-flink-kafka  | 	log.segment.delete.delay.ms = 60000
stream-state-bench-flink-kafka  | 	max.connection.creation.rate = 2147483647
stream-state-bench-flink-kafka  | 	max.connections = 2147483647
stream-state-bench-flink-kafka  | 	max.connections.per.ip = 2147483647
stream-state-bench-flink-kafka  | 	max.connections.per.ip.overrides = 
stream-state-bench-flink-kafka  | 	max.incremental.fetch.session.cache.slots = 1000
stream-state-bench-flink-kafka  | 	max.request.partition.size.limit = 2000
stream-state-bench-flink-kafka  | 	message.max.bytes = 1048588
stream-state-bench-flink-kafka  | 	metadata.log.dir = null
stream-state-bench-flink-kafka  | 	metadata.log.max.record.bytes.between.snapshots = 20971520
stream-state-bench-flink-kafka  | 	metadata.log.max.snapshot.interval.ms = 3600000
stream-state-bench-flink-kafka  | 	metadata.log.segment.bytes = 1073741824
stream-state-bench-flink-kafka  | 	metadata.log.segment.ms = 604800000
stream-state-bench-flink-kafka  | 	metadata.max.idle.interval.ms = 500
stream-state-bench-flink-kafka  | 	metadata.max.retention.bytes = 104857600
stream-state-bench-flink-kafka  | 	metadata.max.retention.ms = 604800000
stream-state-bench-flink-kafka  | 	metric.reporters = [org.apache.kafka.common.metrics.JmxReporter]
stream-state-bench-flink-kafka  | 	metrics.num.samples = 2
stream-state-bench-flink-kafka  | 	metrics.recording.level = INFO
stream-state-bench-flink-kafka  | 	metrics.sample.window.ms = 30000
stream-state-bench-flink-kafka  | 	min.insync.replicas = 1
stream-state-bench-flink-kafka  | 	node.id = 1
stream-state-bench-flink-kafka  | 	num.io.threads = 8
stream-state-bench-flink-kafka  | 	num.network.threads = 3
stream-state-bench-flink-kafka  | 	num.partitions = 1
stream-state-bench-flink-kafka  | 	num.recovery.threads.per.data.dir = 2
stream-state-bench-flink-kafka  | 	num.replica.alter.log.dirs.threads = null
stream-state-bench-flink-kafka  | 	num.replica.fetchers = 1
stream-state-bench-flink-kafka  | 	offset.metadata.max.bytes = 4096
stream-state-bench-flink-kafka  | 	offsets.commit.timeout.ms = 5000
stream-state-bench-flink-kafka  | 	offsets.load.buffer.size = 5242880
stream-state-bench-flink-kafka  | 	offsets.retention.check.interval.ms = 600000
stream-state-bench-flink-kafka  | 	offsets.retention.minutes = 10080
stream-state-bench-flink-kafka  | 	offsets.topic.compression.codec = 0
stream-state-bench-flink-kafka  | 	offsets.topic.num.partitions = 50
stream-state-bench-flink-kafka  | 	offsets.topic.replication.factor = 1
stream-state-bench-flink-kafka  | 	offsets.topic.segment.bytes = 104857600
stream-state-bench-flink-kafka  | 	principal.builder.class = class org.apache.kafka.common.security.authenticator.DefaultKafkaPrincipalBuilder
stream-state-bench-flink-kafka  | 	process.roles = [broker, controller]
stream-state-bench-flink-kafka  | 	producer.id.expiration.check.interval.ms = 600000
stream-state-bench-flink-kafka  | 	producer.id.expiration.ms = 86400000
stream-state-bench-flink-kafka  | 	producer.purgatory.purge.interval.requests = 1000
stream-state-bench-flink-kafka  | 	queued.max.request.bytes = -1
stream-state-bench-flink-kafka  | 	queued.max.requests = 500
stream-state-bench-flink-kafka  | 	quota.window.num = 11
stream-state-bench-flink-kafka  | 	quota.window.size.seconds = 1
stream-state-bench-flink-kafka  | 	remote.fetch.max.wait.ms = 500
stream-state-bench-flink-kafka  | 	remote.list.offsets.request.timeout.ms = 30000
stream-state-bench-flink-kafka  | 	remote.log.index.file.cache.total.size.bytes = 1073741824
stream-state-bench-flink-kafka  | 	remote.log.index.file.cache.ttl.ms = 900000
stream-state-bench-flink-kafka  | 	remote.log.manager.copier.thread.pool.size = 10
stream-state-bench-flink-kafka  | 	remote.log.manager.copy.max.bytes.per.second = 9223372036854775807
stream-state-bench-flink-kafka  | 	remote.log.manager.copy.quota.window.num = 11
stream-state-bench-flink-kafka  | 	remote.log.manager.copy.quota.window.size.seconds = 1
stream-state-bench-flink-kafka  | 	remote.log.manager.expiration.thread.pool.size = 10
stream-state-bench-flink-kafka  | 	remote.log.manager.fetch.max.bytes.per.second = 9223372036854775807
stream-state-bench-flink-kafka  | 	remote.log.manager.fetch.quota.window.num = 11
stream-state-bench-flink-kafka  | 	remote.log.manager.fetch.quota.window.size.seconds = 1
stream-state-bench-flink-kafka  | 	remote.log.manager.follower.thread.pool.size = 2
stream-state-bench-flink-kafka  | 	remote.log.manager.task.interval.ms = 30000
stream-state-bench-flink-kafka  | 	remote.log.manager.task.retry.backoff.max.ms = 30000
stream-state-bench-flink-kafka  | 	remote.log.manager.task.retry.backoff.ms = 500
stream-state-bench-flink-kafka  | 	remote.log.manager.task.retry.jitter = 0.2
stream-state-bench-flink-kafka  | 	remote.log.manager.thread.pool.size = 2
stream-state-bench-flink-kafka  | 	remote.log.metadata.custom.metadata.max.bytes = 128
stream-state-bench-flink-kafka  | 	remote.log.metadata.manager.class.name = org.apache.kafka.server.log.remote.metadata.storage.TopicBasedRemoteLogMetadataManager
stream-state-bench-flink-kafka  | 	remote.log.metadata.manager.class.path = null
stream-state-bench-flink-kafka  | 	remote.log.metadata.manager.impl.prefix = rlmm.config.
stream-state-bench-flink-kafka  | 	remote.log.metadata.manager.listener.name = null
stream-state-bench-flink-kafka  | 	remote.log.reader.max.pending.tasks = 100
stream-state-bench-flink-kafka  | 	remote.log.reader.threads = 10
stream-state-bench-flink-kafka  | 	remote.log.storage.manager.class.name = null
stream-state-bench-flink-kafka  | 	remote.log.storage.manager.class.path = null
stream-state-bench-flink-kafka  | 	remote.log.storage.manager.impl.prefix = rsm.config.
stream-state-bench-flink-kafka  | 	remote.log.storage.system.enable = false
stream-state-bench-flink-kafka  | 	replica.fetch.backoff.ms = 1000
stream-state-bench-flink-kafka  | 	replica.fetch.max.bytes = 1048576
stream-state-bench-flink-kafka  | 	replica.fetch.min.bytes = 1
stream-state-bench-flink-kafka  | 	replica.fetch.response.max.bytes = 10485760
stream-state-bench-flink-kafka  | 	replica.fetch.wait.max.ms = 500
stream-state-bench-flink-kafka  | 	replica.high.watermark.checkpoint.interval.ms = 5000
stream-state-bench-flink-kafka  | 	replica.lag.time.max.ms = 30000
stream-state-bench-flink-kafka  | 	replica.selector.class = null
stream-state-bench-flink-kafka  | 	replica.socket.receive.buffer.bytes = 65536
stream-state-bench-flink-kafka  | 	replica.socket.timeout.ms = 30000
stream-state-bench-flink-kafka  | 	replication.quota.window.num = 11
stream-state-bench-flink-kafka  | 	replication.quota.window.size.seconds = 1
stream-state-bench-flink-kafka  | 	request.timeout.ms = 30000
stream-state-bench-flink-kafka  | 	sasl.client.callback.handler.class = null
stream-state-bench-flink-kafka  | 	sasl.enabled.mechanisms = [GSSAPI]
stream-state-bench-flink-kafka  | 	sasl.jaas.config = null
stream-state-bench-flink-kafka  | 	sasl.kerberos.kinit.cmd = /usr/bin/kinit
stream-state-bench-flink-kafka  | 	sasl.kerberos.min.time.before.relogin = 60000
stream-state-bench-flink-kafka  | 	sasl.kerberos.principal.to.local.rules = [DEFAULT]
stream-state-bench-flink-kafka  | 	sasl.kerberos.service.name = null
stream-state-bench-flink-kafka  | 	sasl.kerberos.ticket.renew.jitter = 0.05
stream-state-bench-flink-kafka  | 	sasl.kerberos.ticket.renew.window.factor = 0.8
stream-state-bench-flink-kafka  | 	sasl.login.callback.handler.class = null
stream-state-bench-flink-kafka  | 	sasl.login.class = null
stream-state-bench-flink-kafka  | 	sasl.login.connect.timeout.ms = null
stream-state-bench-flink-kafka  | 	sasl.login.read.timeout.ms = null
stream-state-bench-flink-kafka  | 	sasl.login.refresh.buffer.seconds = 300
stream-state-bench-flink-kafka  | 	sasl.login.refresh.min.period.seconds = 60
stream-state-bench-flink-kafka  | 	sasl.login.refresh.window.factor = 0.8
stream-state-bench-flink-kafka  | 	sasl.login.refresh.window.jitter = 0.05
stream-state-bench-flink-kafka  | 	sasl.login.retry.backoff.max.ms = 10000
stream-state-bench-flink-kafka  | 	sasl.login.retry.backoff.ms = 100
stream-state-bench-flink-kafka  | 	sasl.mechanism.controller.protocol = GSSAPI
stream-state-bench-flink-kafka  | 	sasl.mechanism.inter.broker.protocol = GSSAPI
stream-state-bench-flink-kafka  | 	sasl.oauthbearer.assertion.algorithm = RS256
stream-state-bench-flink-kafka  | 	sasl.oauthbearer.assertion.claim.aud = null
stream-state-bench-flink-kafka  | 	sasl.oauthbearer.assertion.claim.exp.seconds = 300
stream-state-bench-flink-kafka  | 	sasl.oauthbearer.assertion.claim.iss = null
stream-state-bench-flink-kafka  | 	sasl.oauthbearer.assertion.claim.jti.include = false
stream-state-bench-flink-kafka  | 	sasl.oauthbearer.assertion.claim.nbf.seconds = 60
stream-state-bench-flink-kafka  | 	sasl.oauthbearer.assertion.claim.sub = null
stream-state-bench-flink-kafka  | 	sasl.oauthbearer.assertion.file = null
stream-state-bench-flink-kafka  | 	sasl.oauthbearer.assertion.private.key.file = null
stream-state-bench-flink-kafka  | 	sasl.oauthbearer.assertion.private.key.passphrase = null
stream-state-bench-flink-kafka  | 	sasl.oauthbearer.assertion.template.file = null
stream-state-bench-flink-kafka  | 	sasl.oauthbearer.client.credentials.client.id = null
stream-state-bench-flink-kafka  | 	sasl.oauthbearer.client.credentials.client.secret = null
stream-state-bench-flink-kafka  | 	sasl.oauthbearer.clock.skew.seconds = 30
stream-state-bench-flink-kafka  | 	sasl.oauthbearer.expected.audience = []
stream-state-bench-flink-kafka  | 	sasl.oauthbearer.expected.issuer = null
stream-state-bench-flink-kafka  | 	sasl.oauthbearer.jwks.endpoint.refresh.ms = 3600000
stream-state-bench-flink-kafka  | 	sasl.oauthbearer.jwks.endpoint.retry.backoff.max.ms = 10000
stream-state-bench-flink-kafka  | 	sasl.oauthbearer.jwks.endpoint.retry.backoff.ms = 100
stream-state-bench-flink-kafka  | 	sasl.oauthbearer.jwks.endpoint.url = null
stream-state-bench-flink-kafka  | 	sasl.oauthbearer.jwt.retriever.class = class org.apache.kafka.common.security.oauthbearer.DefaultJwtRetriever
stream-state-bench-flink-kafka  | 	sasl.oauthbearer.jwt.validator.class = class org.apache.kafka.common.security.oauthbearer.DefaultJwtValidator
stream-state-bench-flink-kafka  | 	sasl.oauthbearer.scope = null
stream-state-bench-flink-kafka  | 	sasl.oauthbearer.scope.claim.name = scope
stream-state-bench-flink-kafka  | 	sasl.oauthbearer.sub.claim.name = sub
stream-state-bench-flink-kafka  | 	sasl.oauthbearer.token.endpoint.url = null
stream-state-bench-flink-kafka  | 	sasl.server.callback.handler.class = null
stream-state-bench-flink-kafka  | 	sasl.server.max.receive.size = 524288
stream-state-bench-flink-kafka  | 	security.inter.broker.protocol = PLAINTEXT
stream-state-bench-flink-kafka  | 	security.providers = null
stream-state-bench-flink-kafka  | 	server.max.startup.time.ms = 9223372036854775807
stream-state-bench-flink-kafka  | 	share.coordinator.append.linger.ms = -1
stream-state-bench-flink-kafka  | 	share.coordinator.cached.buffer.max.bytes = 1048588
stream-state-bench-flink-kafka  | 	share.coordinator.cold.partition.snapshot.interval.ms = 300000
stream-state-bench-flink-kafka  | 	share.coordinator.load.buffer.size = 5242880
stream-state-bench-flink-kafka  | 	share.coordinator.snapshot.update.records.per.snapshot = 500
stream-state-bench-flink-kafka  | 	share.coordinator.state.topic.compression.codec = 0
stream-state-bench-flink-kafka  | 	share.coordinator.state.topic.min.isr = 2
stream-state-bench-flink-kafka  | 	share.coordinator.state.topic.num.partitions = 50
stream-state-bench-flink-kafka  | 	share.coordinator.state.topic.prune.interval.ms = 300000
stream-state-bench-flink-kafka  | 	share.coordinator.state.topic.replication.factor = 3
stream-state-bench-flink-kafka  | 	share.coordinator.state.topic.segment.bytes = 104857600
stream-state-bench-flink-kafka  | 	share.coordinator.threads = 1
stream-state-bench-flink-kafka  | 	share.coordinator.write.timeout.ms = 5000
stream-state-bench-flink-kafka  | 	share.fetch.purgatory.purge.interval.requests = 1000
stream-state-bench-flink-kafka  | 	socket.connection.setup.timeout.max.ms = 30000
stream-state-bench-flink-kafka  | 	socket.connection.setup.timeout.ms = 10000
stream-state-bench-flink-kafka  | 	socket.listen.backlog.size = 50
stream-state-bench-flink-kafka  | 	socket.receive.buffer.bytes = 102400
stream-state-bench-flink-kafka  | 	socket.request.max.bytes = 104857600
stream-state-bench-flink-kafka  | 	socket.send.buffer.bytes = 102400
stream-state-bench-flink-kafka  | 	ssl.allow.dn.changes = false
stream-state-bench-flink-kafka  | 	ssl.allow.san.changes = false
stream-state-bench-flink-kafka  | 	ssl.cipher.suites = []
stream-state-bench-flink-kafka  | 	ssl.client.auth = none
stream-state-bench-flink-kafka  | 	ssl.enabled.protocols = [TLSv1.2, TLSv1.3]
stream-state-bench-flink-kafka  | 	ssl.endpoint.identification.algorithm = https
stream-state-bench-flink-kafka  | 	ssl.engine.factory.class = null
stream-state-bench-flink-kafka  | 	ssl.key.password = null
stream-state-bench-flink-kafka  | 	ssl.keymanager.algorithm = SunX509
stream-state-bench-flink-kafka  | 	ssl.keystore.certificate.chain = null
stream-state-bench-flink-kafka  | 	ssl.keystore.key = null
stream-state-bench-flink-kafka  | 	ssl.keystore.location = null
stream-state-bench-flink-kafka  | 	ssl.keystore.password = null
stream-state-bench-flink-kafka  | 	ssl.keystore.type = JKS
stream-state-bench-flink-kafka  | 	ssl.principal.mapping.rules = DEFAULT
stream-state-bench-flink-kafka  | 	ssl.protocol = TLSv1.3
stream-state-bench-flink-kafka  | 	ssl.provider = null
stream-state-bench-flink-kafka  | 	ssl.secure.random.implementation = null
stream-state-bench-flink-kafka  | 	ssl.trustmanager.algorithm = PKIX
stream-state-bench-flink-kafka  | 	ssl.truststore.certificates = null
stream-state-bench-flink-kafka  | 	ssl.truststore.location = null
stream-state-bench-flink-kafka  | 	ssl.truststore.password = null
stream-state-bench-flink-kafka  | 	ssl.truststore.type = JKS
stream-state-bench-flink-kafka  | 	telemetry.max.bytes = 1048576
stream-state-bench-flink-kafka  | 	transaction.abort.timed.out.transaction.cleanup.interval.ms = 10000
stream-state-bench-flink-kafka  | 	transaction.max.timeout.ms = 900000
stream-state-bench-flink-kafka  | 	transaction.partition.verification.enable = true
stream-state-bench-flink-kafka  | 	transaction.remove.expired.transaction.cleanup.interval.ms = 3600000
stream-state-bench-flink-kafka  | 	transaction.state.log.load.buffer.size = 5242880
stream-state-bench-flink-kafka  | 	transaction.state.log.min.isr = 1
stream-state-bench-flink-kafka  | 	transaction.state.log.num.partitions = 50
stream-state-bench-flink-kafka  | 	transaction.state.log.replication.factor = 1
stream-state-bench-flink-kafka  | 	transaction.state.log.segment.bytes = 104857600
stream-state-bench-flink-kafka  | 	transaction.two.phase.commit.enable = false
stream-state-bench-flink-kafka  | 	transactional.id.expiration.ms = 604800000
stream-state-bench-flink-kafka  | 	unclean.leader.election.enable = false
stream-state-bench-flink-kafka  | 	unclean.leader.election.interval.ms = 300000
stream-state-bench-flink-kafka  | 	unstable.api.versions.enable = false
stream-state-bench-flink-kafka  | 	unstable.feature.versions.enable = false
stream-state-bench-flink-kafka  |  (org.apache.kafka.common.config.AbstractConfig)
stream-state-bench-flink-kafka  | [2026-07-17 19:05:57,483] INFO [client-metrics-reaper]: Starting (org.apache.kafka.server.util.timer.SystemTimerReaper$Reaper)
stream-state-bench-flink-kafka  | [2026-07-17 19:05:57,484] INFO [ControllerRegistrationManager id=1 incarnation=2UIcfqx3QeGU1COFLjVEZA] sendControllerRegistration: attempting to send ControllerRegistrationRequestData(controllerId=1, incarnationId=2UIcfqx3QeGU1COFLjVEZA, zkMigrationReady=false, listeners=[Listener(name='CONTROLLER', host='kafka', port=9093, securityProtocol=0)], features=[Feature(name='group.version', minSupportedVersion=0, maxSupportedVersion=1), Feature(name='kraft.version', minSupportedVersion=0, maxSupportedVersion=1), Feature(name='metadata.version', minSupportedVersion=7, maxSupportedVersion=30), Feature(name='share.version', minSupportedVersion=0, maxSupportedVersion=1), Feature(name='streams.version', minSupportedVersion=0, maxSupportedVersion=1), Feature(name='transaction.version', minSupportedVersion=0, maxSupportedVersion=2), Feature(name='eligible.leader.replicas.version', minSupportedVersion=0, maxSupportedVersion=1)]) (kafka.server.ControllerRegistrationManager)
stream-state-bench-flink-kafka  | [2026-07-17 19:05:57,491] INFO [MetadataLoader id=1] InitializeNewPublishers: initializing DynamicClientQuotaPublisher controller id=1 with a snapshot at offset 9 (org.apache.kafka.image.loader.MetadataLoader)
stream-state-bench-flink-kafka  | [2026-07-17 19:05:57,492] INFO [MetadataLoader id=1] InitializeNewPublishers: initializing DynamicTopicClusterQuotaPublisher controller id=1 with a snapshot at offset 9 (org.apache.kafka.image.loader.MetadataLoader)
stream-state-bench-flink-kafka  | [2026-07-17 19:05:57,492] INFO [MetadataLoader id=1] InitializeNewPublishers: initializing ScramPublisher controller id=1 with a snapshot at offset 9 (org.apache.kafka.image.loader.MetadataLoader)
stream-state-bench-flink-kafka  | [2026-07-17 19:05:57,493] INFO [MetadataLoader id=1] InitializeNewPublishers: initializing DelegationTokenPublisher controller id=1 with a snapshot at offset 9 (org.apache.kafka.image.loader.MetadataLoader)
stream-state-bench-flink-kafka  | [2026-07-17 19:05:57,493] INFO [MetadataLoader id=1] InitializeNewPublishers: initializing ControllerMetadataMetricsPublisher with a snapshot at offset 9 (org.apache.kafka.image.loader.MetadataLoader)
stream-state-bench-flink-kafka  | [2026-07-17 19:05:57,493] INFO [MetadataLoader id=1] InitializeNewPublishers: initializing AclPublisher controller id=1 with a snapshot at offset 9 (org.apache.kafka.image.loader.MetadataLoader)
stream-state-bench-flink-kafka  | [2026-07-17 19:05:57,510] INFO Updated connection-accept-rate max connection creation rate to 2147483647 (kafka.network.ConnectionQuotas)
stream-state-bench-flink-kafka  | [2026-07-17 19:05:57,517] INFO [SocketServer listenerType=BROKER, nodeId=1] Created data-plane acceptor and processors for endpoint : ListenerName(PLAINTEXT) (kafka.network.SocketServer)
stream-state-bench-flink-kafka  | [2026-07-17 19:05:57,520] INFO [broker-1-to-controller-alter-partition-channel-manager]: Starting (org.apache.kafka.server.NodeToControllerRequestThread)
stream-state-bench-flink-kafka  | [2026-07-17 19:05:57,521] INFO Recorded new KRaft controller, from now on will use node kafka:9093 (id: 1 rack: null isFenced: false) (org.apache.kafka.server.NodeToControllerRequestThread)
stream-state-bench-flink-kafka  | [2026-07-17 19:05:57,526] INFO [broker-1-to-controller-directory-assignments-channel-manager]: Starting (org.apache.kafka.server.NodeToControllerRequestThread)
stream-state-bench-flink-kafka  | [2026-07-17 19:05:57,526] INFO Recorded new KRaft controller, from now on will use node kafka:9093 (id: 1 rack: null isFenced: false) (org.apache.kafka.server.NodeToControllerRequestThread)
stream-state-bench-flink-kafka  | [2026-07-17 19:05:57,531] INFO [ExpirationReaper-1-Produce]: Starting (org.apache.kafka.server.purgatory.DelayedOperationPurgatory$ExpiredOperationReaper)
stream-state-bench-flink-kafka  | [2026-07-17 19:05:57,531] INFO [ExpirationReaper-1-Fetch]: Starting (org.apache.kafka.server.purgatory.DelayedOperationPurgatory$ExpiredOperationReaper)
stream-state-bench-flink-kafka  | [2026-07-17 19:05:57,532] INFO [ExpirationReaper-1-DeleteRecords]: Starting (org.apache.kafka.server.purgatory.DelayedOperationPurgatory$ExpiredOperationReaper)
stream-state-bench-flink-kafka  | [2026-07-17 19:05:57,536] INFO [ExpirationReaper-1-RemoteFetch]: Starting (org.apache.kafka.server.purgatory.DelayedOperationPurgatory$ExpiredOperationReaper)
stream-state-bench-flink-kafka  | [2026-07-17 19:05:57,537] INFO [ExpirationReaper-1-RemoteListOffsets]: Starting (org.apache.kafka.server.purgatory.DelayedOperationPurgatory$ExpiredOperationReaper)
stream-state-bench-flink-kafka  | [2026-07-17 19:05:57,538] INFO [ExpirationReaper-1-ShareFetch]: Starting (org.apache.kafka.server.purgatory.DelayedOperationPurgatory$ExpiredOperationReaper)
stream-state-bench-flink-kafka  | [2026-07-17 19:05:57,544] INFO [share-coordinator-reaper]: Starting (org.apache.kafka.server.util.timer.SystemTimerReaper$Reaper)
stream-state-bench-flink-kafka  | [2026-07-17 19:05:57,546] INFO [ControllerRegistrationManager id=1 incarnation=2UIcfqx3QeGU1COFLjVEZA] Our registration has been persisted to the metadata log. (kafka.server.ControllerRegistrationManager)
stream-state-bench-flink-kafka  | [2026-07-17 19:05:57,549] INFO [ControllerRegistrationManager id=1 incarnation=2UIcfqx3QeGU1COFLjVEZA] RegistrationResponseHandler: controller acknowledged ControllerRegistrationRequest. (kafka.server.ControllerRegistrationManager)
stream-state-bench-flink-kafka  | [2026-07-17 19:05:57,554] INFO [share-coordinator-event-processor-0]: Starting (org.apache.kafka.coordinator.common.runtime.MultiThreadedEventProcessor$EventProcessorThread)
stream-state-bench-flink-kafka  | [2026-07-17 19:05:57,557] INFO [persister-state-manager-reaper]: Starting (org.apache.kafka.server.util.timer.SystemTimerReaper$Reaper)
stream-state-bench-flink-kafka  | [2026-07-17 19:05:57,557] INFO [PersisterStateManager]: Starting (org.apache.kafka.server.share.persister.PersisterStateManager$SendThread)
stream-state-bench-flink-kafka  | [2026-07-17 19:05:57,558] INFO [network-partition-metadata-client-reaper]: Starting (org.apache.kafka.server.util.timer.SystemTimerReaper$Reaper)
stream-state-bench-flink-kafka  | [2026-07-17 19:05:57,558] INFO [group-coordinator-reaper]: Starting (org.apache.kafka.server.util.timer.SystemTimerReaper$Reaper)
stream-state-bench-flink-kafka  | [2026-07-17 19:05:57,561] INFO [group-coordinator-event-processor-0]: Starting (org.apache.kafka.coordinator.common.runtime.MultiThreadedEventProcessor$EventProcessorThread)
stream-state-bench-flink-kafka  | [2026-07-17 19:05:57,561] INFO [group-coordinator-event-processor-1]: Starting (org.apache.kafka.coordinator.common.runtime.MultiThreadedEventProcessor$EventProcessorThread)
stream-state-bench-flink-kafka  | [2026-07-17 19:05:57,561] INFO [group-coordinator-event-processor-2]: Starting (org.apache.kafka.coordinator.common.runtime.MultiThreadedEventProcessor$EventProcessorThread)
stream-state-bench-flink-kafka  | [2026-07-17 19:05:57,561] INFO [group-coordinator-event-processor-3]: Starting (org.apache.kafka.coordinator.common.runtime.MultiThreadedEventProcessor$EventProcessorThread)
stream-state-bench-flink-kafka  | [2026-07-17 19:05:57,569] INFO Unable to read the broker epoch in /tmp/kafka-logs. (kafka.log.LogManager)
stream-state-bench-flink-kafka  | [2026-07-17 19:05:57,569] INFO [broker-1-to-controller-heartbeat-channel-manager]: Starting (org.apache.kafka.server.NodeToControllerRequestThread)
stream-state-bench-flink-kafka  | [2026-07-17 19:05:57,570] INFO Recorded new KRaft controller, from now on will use node kafka:9093 (id: 1 rack: null isFenced: false) (org.apache.kafka.server.NodeToControllerRequestThread)
stream-state-bench-flink-kafka  | [2026-07-17 19:05:57,570] INFO [BrokerLifecycleManager id=1] Incarnation iIQHg_34SQ-_RJYPc2pqgQ of broker 1 in cluster MkU3OEVBNTcwNTJENDM2Qk is now STARTING. (org.apache.kafka.server.BrokerLifecycleManager)
stream-state-bench-flink-kafka  | [2026-07-17 19:05:57,573] INFO [share-group-lock-timeout-reaper]: Starting (org.apache.kafka.server.util.timer.SystemTimerReaper$Reaper)
stream-state-bench-flink-kafka  | [2026-07-17 19:05:57,573] INFO [ExpirationReaper-1-AlterAcls]: Starting (org.apache.kafka.server.purgatory.DelayedOperationPurgatory$ExpiredOperationReaper)
stream-state-bench-flink-kafka  | [2026-07-17 19:05:57,583] INFO [BrokerServer id=1] Waiting for the broker metadata publishers to be installed (kafka.server.BrokerServer)
stream-state-bench-flink-kafka  | [2026-07-17 19:05:57,584] INFO [BrokerServer id=1] Finished waiting for the broker metadata publishers to be installed (kafka.server.BrokerServer)
stream-state-bench-flink-kafka  | [2026-07-17 19:05:57,584] INFO [BrokerServer id=1] Waiting for the controller to acknowledge that we are caught up (kafka.server.BrokerServer)
stream-state-bench-flink-kafka  | [2026-07-17 19:05:57,584] INFO [MetadataLoader id=1] InitializeNewPublishers: initializing MetadataVersionPublisher(id=1) with a snapshot at offset 10 (org.apache.kafka.image.loader.MetadataLoader)
stream-state-bench-flink-kafka  | [2026-07-17 19:05:57,584] INFO [MetadataLoader id=1] InitializeNewPublishers: initializing BrokerMetadataPublisher with a snapshot at offset 10 (org.apache.kafka.image.loader.MetadataLoader)
stream-state-bench-flink-kafka  | [2026-07-17 19:05:57,586] INFO [BrokerMetadataPublisher id=1] Publishing initial metadata at offset OffsetAndEpoch[offset=10, epoch=1] with metadata.version Optional[4.3-IV0]. (kafka.server.metadata.BrokerMetadataPublisher)
stream-state-bench-flink-kafka  | [2026-07-17 19:05:57,588] INFO Loading logs from log dirs ArrayBuffer(/tmp/kafka-logs) (kafka.log.LogManager)
stream-state-bench-flink-kafka  | [2026-07-17 19:05:57,591] INFO No logs found to be loaded in /tmp/kafka-logs (kafka.log.LogManager)
stream-state-bench-flink-kafka  | [2026-07-17 19:05:57,597] INFO Loaded 0 logs in 7ms (kafka.log.LogManager)
stream-state-bench-flink-kafka  | [2026-07-17 19:05:57,597] INFO Starting log cleanup with a period of 300000 ms. (kafka.log.LogManager)
stream-state-bench-flink-kafka  | [2026-07-17 19:05:57,597] INFO Starting log flusher with a default period of 9223372036854775807 ms. (kafka.log.LogManager)
stream-state-bench-flink-kafka  | [2026-07-17 19:05:57,606] INFO [BrokerLifecycleManager id=1] Successfully registered broker 1 with broker epoch 11 (org.apache.kafka.server.BrokerLifecycleManager)
stream-state-bench-flink-kafka  | [2026-07-17 19:05:57,666] INFO [LogDirFailureHandler]: Starting (kafka.server.ReplicaManager$LogDirFailureHandler)
stream-state-bench-flink-kafka  | [2026-07-17 19:05:57,666] INFO [AddPartitionsToTxnSenderThread-1]: Starting (org.apache.kafka.server.transaction.AddPartitionsToTxnManager)
stream-state-bench-flink-kafka  | [2026-07-17 19:05:57,667] INFO [GroupCoordinator id=1] Starting up. (org.apache.kafka.coordinator.group.GroupCoordinatorService)
stream-state-bench-flink-kafka  | [2026-07-17 19:05:57,667] INFO [GroupCoordinator id=1] Startup complete. (org.apache.kafka.coordinator.group.GroupCoordinatorService)
stream-state-bench-flink-kafka  | [2026-07-17 19:05:57,667] INFO [TransactionCoordinator id=1] Starting up. (kafka.coordinator.transaction.TransactionCoordinator)
stream-state-bench-flink-kafka  | [2026-07-17 19:05:57,668] INFO [TxnMarkerSenderThread-1]: Starting (kafka.coordinator.transaction.TransactionMarkerChannelManager)
stream-state-bench-flink-kafka  | [2026-07-17 19:05:57,668] INFO [TransactionCoordinator id=1] Startup complete. (kafka.coordinator.transaction.TransactionCoordinator)
stream-state-bench-flink-kafka  | [2026-07-17 19:05:57,668] INFO [ShareCoordinator id=1] Starting up. (org.apache.kafka.coordinator.share.ShareCoordinatorService)
stream-state-bench-flink-kafka  | [2026-07-17 19:05:57,669] INFO [ShareCoordinator id=1] Startup complete. (org.apache.kafka.coordinator.share.ShareCoordinatorService)
stream-state-bench-flink-kafka  | [2026-07-17 19:05:57,671] INFO [DynamicConfigPublisher broker id=1] Updating cluster configuration : min.insync.replicas -> 1 (kafka.server.metadata.DynamicConfigPublisher)
stream-state-bench-flink-kafka  | [2026-07-17 19:05:57,672] INFO AbstractConfig values: 
stream-state-bench-flink-kafka  | 	group.consumer.assignment.interval.ms = 1000
stream-state-bench-flink-kafka  | 	group.consumer.assignors = [uniform, range]
stream-state-bench-flink-kafka  | 	group.consumer.heartbeat.interval.ms = 5000
stream-state-bench-flink-kafka  | 	group.consumer.max.assignment.interval.ms = 15000
stream-state-bench-flink-kafka  | 	group.consumer.max.heartbeat.interval.ms = 15000
stream-state-bench-flink-kafka  | 	group.consumer.max.session.timeout.ms = 60000
stream-state-bench-flink-kafka  | 	group.consumer.max.size = 2147483647
stream-state-bench-flink-kafka  | 	group.consumer.migration.policy = bidirectional
stream-state-bench-flink-kafka  | 	group.consumer.min.assignment.interval.ms = 0
stream-state-bench-flink-kafka  | 	group.consumer.min.heartbeat.interval.ms = 5000
stream-state-bench-flink-kafka  | 	group.consumer.min.session.timeout.ms = 45000
stream-state-bench-flink-kafka  | 	group.consumer.regex.refresh.interval.ms = 600000
stream-state-bench-flink-kafka  | 	group.consumer.session.timeout.ms = 45000
stream-state-bench-flink-kafka  | 	group.coordinator.append.linger.ms = -1
stream-state-bench-flink-kafka  | 	group.coordinator.background.threads = 2
stream-state-bench-flink-kafka  | 	group.coordinator.cached.buffer.max.bytes = 1048588
stream-state-bench-flink-kafka  | 	group.coordinator.rebalance.protocols = [classic, consumer, streams]
stream-state-bench-flink-kafka  | 	group.coordinator.threads = 4
stream-state-bench-flink-kafka  | 	group.initial.rebalance.delay.ms = 0
stream-state-bench-flink-kafka  | 	group.max.session.timeout.ms = 1800000
stream-state-bench-flink-kafka  | 	group.max.size = 2147483647
stream-state-bench-flink-kafka  | 	group.min.session.timeout.ms = 6000
stream-state-bench-flink-kafka  | 	group.share.assignment.interval.ms = 1000
stream-state-bench-flink-kafka  | 	group.share.assignors = [simple]
stream-state-bench-flink-kafka  | 	group.share.heartbeat.interval.ms = 5000
stream-state-bench-flink-kafka  | 	group.share.initialize.retry.interval.ms = 30000
stream-state-bench-flink-kafka  | 	group.share.max.assignment.interval.ms = 15000
stream-state-bench-flink-kafka  | 	group.share.max.heartbeat.interval.ms = 15000
stream-state-bench-flink-kafka  | 	group.share.max.session.timeout.ms = 60000
stream-state-bench-flink-kafka  | 	group.share.max.size = 200
stream-state-bench-flink-kafka  | 	group.share.min.assignment.interval.ms = 0
stream-state-bench-flink-kafka  | 	group.share.min.heartbeat.interval.ms = 5000
stream-state-bench-flink-kafka  | 	group.share.min.session.timeout.ms = 45000
stream-state-bench-flink-kafka  | 	group.share.session.timeout.ms = 45000
stream-state-bench-flink-kafka  | 	group.streams.assignment.interval.ms = 1000
stream-state-bench-flink-kafka  | 	group.streams.heartbeat.interval.ms = 5000
stream-state-bench-flink-kafka  | 	group.streams.initial.rebalance.delay.ms = 3000
stream-state-bench-flink-kafka  | 	group.streams.max.assignment.interval.ms = 15000
stream-state-bench-flink-kafka  | 	group.streams.max.heartbeat.interval.ms = 15000
stream-state-bench-flink-kafka  | 	group.streams.max.session.timeout.ms = 60000
stream-state-bench-flink-kafka  | 	group.streams.max.size = 2147483647
stream-state-bench-flink-kafka  | 	group.streams.max.standby.replicas = 2
stream-state-bench-flink-kafka  | 	group.streams.min.assignment.interval.ms = 0
stream-state-bench-flink-kafka  | 	group.streams.min.heartbeat.interval.ms = 5000
stream-state-bench-flink-kafka  | 	group.streams.min.session.timeout.ms = 45000
stream-state-bench-flink-kafka  | 	group.streams.num.standby.replicas = 0
stream-state-bench-flink-kafka  | 	group.streams.session.timeout.ms = 45000
stream-state-bench-flink-kafka  | 	offset.metadata.max.bytes = 4096
stream-state-bench-flink-kafka  | 	offsets.commit.timeout.ms = 5000
stream-state-bench-flink-kafka  | 	offsets.load.buffer.size = 5242880
stream-state-bench-flink-kafka  | 	offsets.retention.check.interval.ms = 600000
stream-state-bench-flink-kafka  | 	offsets.retention.minutes = 10080
stream-state-bench-flink-kafka  | 	offsets.topic.compression.codec = 0
stream-state-bench-flink-kafka  | 	offsets.topic.num.partitions = 50
stream-state-bench-flink-kafka  | 	offsets.topic.replication.factor = 1
stream-state-bench-flink-kafka  | 	offsets.topic.segment.bytes = 104857600
stream-state-bench-flink-kafka  |  (org.apache.kafka.common.config.AbstractConfig)
stream-state-bench-flink-kafka  | [2026-07-17 19:05:57,673] INFO KafkaConfig values: 
stream-state-bench-flink-kafka  | 	add.partitions.to.txn.retry.backoff.max.ms = 100
stream-state-bench-flink-kafka  | 	add.partitions.to.txn.retry.backoff.ms = 20
stream-state-bench-flink-kafka  | 	advertised.listeners = [PLAINTEXT://kafka:9092]
stream-state-bench-flink-kafka  | 	alter.config.policy.class.name = null
stream-state-bench-flink-kafka  | 	alter.log.dirs.replication.quota.window.num = 11
stream-state-bench-flink-kafka  | 	alter.log.dirs.replication.quota.window.size.seconds = 1
stream-state-bench-flink-kafka  | 	authorizer.class.name = 
stream-state-bench-flink-kafka  | 	auto.create.topics.enable = false
stream-state-bench-flink-kafka  | 	auto.leader.rebalance.enable = true
stream-state-bench-flink-kafka  | 	background.threads = 10
stream-state-bench-flink-kafka  | 	broker.heartbeat.interval.ms = 2000
stream-state-bench-flink-kafka  | 	broker.id = 1
stream-state-bench-flink-kafka  | 	broker.rack = null
stream-state-bench-flink-kafka  | 	broker.session.timeout.ms = 9000
stream-state-bench-flink-kafka  | 	client.quota.callback.class = null
stream-state-bench-flink-kafka  | 	compression.gzip.level = -1
stream-state-bench-flink-kafka  | 	compression.lz4.level = 9
stream-state-bench-flink-kafka  | 	compression.type = producer
stream-state-bench-flink-kafka  | 	compression.zstd.level = 3
stream-state-bench-flink-kafka  | 	config.providers = []
stream-state-bench-flink-kafka  | 	connection.failed.authentication.delay.ms = 100
stream-state-bench-flink-kafka  | 	connections.max.idle.ms = 600000
stream-state-bench-flink-kafka  | 	connections.max.reauth.ms = 0
stream-state-bench-flink-kafka  | 	controlled.shutdown.enable = true
stream-state-bench-flink-kafka  | 	controller.listener.names = [CONTROLLER]
stream-state-bench-flink-kafka  | 	controller.performance.always.log.threshold.ms = 2000
stream-state-bench-flink-kafka  | 	controller.performance.sample.period.ms = 60000
stream-state-bench-flink-kafka  | 	controller.quorum.append.linger.ms = 25
stream-state-bench-flink-kafka  | 	controller.quorum.auto.join.enable = false
stream-state-bench-flink-kafka  | 	controller.quorum.bootstrap.servers = []
stream-state-bench-flink-kafka  | 	controller.quorum.election.backoff.max.ms = 1000
stream-state-bench-flink-kafka  | 	controller.quorum.election.timeout.ms = 1000
stream-state-bench-flink-kafka  | 	controller.quorum.fetch.max.bytes = 1048576
stream-state-bench-flink-kafka  | 	controller.quorum.fetch.snapshot.max.bytes = 1048576
stream-state-bench-flink-kafka  | 	controller.quorum.fetch.timeout.ms = 2000
stream-state-bench-flink-kafka  | 	controller.quorum.request.timeout.ms = 2000
stream-state-bench-flink-kafka  | 	controller.quorum.retry.backoff.ms = 20
stream-state-bench-flink-kafka  | 	controller.quorum.voters = [1@kafka:9093]
stream-state-bench-flink-kafka  | 	controller.quota.window.num = 11
stream-state-bench-flink-kafka  | 	controller.quota.window.size.seconds = 1
stream-state-bench-flink-kafka  | 	controller.socket.timeout.ms = 30000
stream-state-bench-flink-kafka  | 	cordoned.log.dirs = []
stream-state-bench-flink-kafka  | 	create.topic.policy.class.name = null
stream-state-bench-flink-kafka  | 	default.replication.factor = 1
stream-state-bench-flink-kafka  | 	delegation.token.expiry.check.interval.ms = 3600000
stream-state-bench-flink-kafka  | 	delegation.token.expiry.time.ms = 86400000
stream-state-bench-flink-kafka  | 	delegation.token.max.lifetime.ms = 604800000
stream-state-bench-flink-kafka  | 	delegation.token.secret.key = null
stream-state-bench-flink-kafka  | 	delete.records.purgatory.purge.interval.requests = 1
stream-state-bench-flink-kafka  | 	delete.topic.enable = true
stream-state-bench-flink-kafka  | 	early.start.listeners = null
stream-state-bench-flink-kafka  | 	fetch.max.bytes = 57671680
stream-state-bench-flink-kafka  | 	fetch.purgatory.purge.interval.requests = 1000
stream-state-bench-flink-kafka  | 	follower.fetch.last.tiered.offset.enable = false
stream-state-bench-flink-kafka  | 	group.consumer.assignment.interval.ms = 1000
stream-state-bench-flink-kafka  | 	group.consumer.assignors = [uniform, range]
stream-state-bench-flink-kafka  | 	group.consumer.heartbeat.interval.ms = 5000
stream-state-bench-flink-kafka  | 	group.consumer.max.assignment.interval.ms = 15000
stream-state-bench-flink-kafka  | 	group.consumer.max.heartbeat.interval.ms = 15000
stream-state-bench-flink-kafka  | 	group.consumer.max.session.timeout.ms = 60000
stream-state-bench-flink-kafka  | 	group.consumer.max.size = 2147483647
stream-state-bench-flink-kafka  | 	group.consumer.migration.policy = bidirectional
stream-state-bench-flink-kafka  | 	group.consumer.min.assignment.interval.ms = 0
stream-state-bench-flink-kafka  | 	group.consumer.min.heartbeat.interval.ms = 5000
stream-state-bench-flink-kafka  | 	group.consumer.min.session.timeout.ms = 45000
stream-state-bench-flink-kafka  | 	group.consumer.regex.refresh.interval.ms = 600000
stream-state-bench-flink-kafka  | 	group.consumer.session.timeout.ms = 45000
stream-state-bench-flink-kafka  | 	group.coordinator.append.linger.ms = -1
stream-state-bench-flink-kafka  | 	group.coordinator.background.threads = 2
stream-state-bench-flink-kafka  | 	group.coordinator.cached.buffer.max.bytes = 1048588
stream-state-bench-flink-kafka  | 	group.coordinator.rebalance.protocols = [classic, consumer, streams]
stream-state-bench-flink-kafka  | 	group.coordinator.threads = 4
stream-state-bench-flink-kafka  | 	group.initial.rebalance.delay.ms = 0
stream-state-bench-flink-kafka  | 	group.max.session.timeout.ms = 1800000
stream-state-bench-flink-kafka  | 	group.max.size = 2147483647
stream-state-bench-flink-kafka  | 	group.min.session.timeout.ms = 6000
stream-state-bench-flink-kafka  | 	group.share.assignment.interval.ms = 1000
stream-state-bench-flink-kafka  | 	group.share.assignors = [simple]
stream-state-bench-flink-kafka  | 	group.share.delivery.count.limit = 5
stream-state-bench-flink-kafka  | 	group.share.heartbeat.interval.ms = 5000
stream-state-bench-flink-kafka  | 	group.share.initialize.retry.interval.ms = 30000
stream-state-bench-flink-kafka  | 	group.share.max.assignment.interval.ms = 15000
stream-state-bench-flink-kafka  | 	group.share.max.delivery.count.limit = 10
stream-state-bench-flink-kafka  | 	group.share.max.heartbeat.interval.ms = 15000
stream-state-bench-flink-kafka  | 	group.share.max.partition.max.record.locks = 4000
stream-state-bench-flink-kafka  | 	group.share.max.record.lock.duration.ms = 60000
stream-state-bench-flink-kafka  | 	group.share.max.session.timeout.ms = 60000
stream-state-bench-flink-kafka  | 	group.share.max.share.sessions = 2000
stream-state-bench-flink-kafka  | 	group.share.max.size = 200
stream-state-bench-flink-kafka  | 	group.share.min.assignment.interval.ms = 0
stream-state-bench-flink-kafka  | 	group.share.min.delivery.count.limit = 2
stream-state-bench-flink-kafka  | 	group.share.min.heartbeat.interval.ms = 5000
stream-state-bench-flink-kafka  | 	group.share.min.partition.max.record.locks = 100
flink-identity-1                | [main] WARN org.apache.flink.configuration.Configuration - Config uses deprecated configuration key 'state.checkpoints.dir' instead of proper key 'execution.checkpointing.dir'
flink-identity-1                | [main] INFO org.apache.flink.runtime.taskexecutor.TaskExecutorResourceUtils - The configuration option taskmanager.cpu.cores required for local execution is not set, setting it to the maximal possible value.
flink-identity-1                | [main] INFO org.apache.flink.runtime.taskexecutor.TaskExecutorResourceUtils - The configuration option taskmanager.memory.task.heap.size required for local execution is not set, setting it to the maximal possible value.
flink-identity-1                | [main] INFO org.apache.flink.runtime.taskexecutor.TaskExecutorResourceUtils - The configuration option taskmanager.memory.task.off-heap.size required for local execution is not set, setting it to the maximal possible value.
flink-identity-1                | [main] INFO org.apache.flink.runtime.taskexecutor.TaskExecutorResourceUtils - The configuration option taskmanager.memory.network.min required for local execution is not set, setting it to its default value 64 mb.
flink-identity-1                | [main] INFO org.apache.flink.runtime.taskexecutor.TaskExecutorResourceUtils - The configuration option taskmanager.memory.network.max required for local execution is not set, setting it to its default value 64 mb.
flink-identity-1                | [main] INFO org.apache.flink.runtime.taskexecutor.TaskExecutorResourceUtils - The configuration option taskmanager.memory.managed.size required for local execution is not set, setting it to its default value 128 mb.
flink-identity-1                | [main] INFO org.apache.flink.runtime.minicluster.MiniCluster - Starting Flink Mini Cluster
flink-identity-1                | [main] INFO org.apache.flink.runtime.minicluster.MiniCluster - Starting Metrics Registry
flink-identity-1                | [main] INFO org.apache.flink.runtime.metrics.MetricRegistryImpl - No metrics reporter configured, no metrics will be exposed/reported.
flink-identity-1                | [main] INFO org.apache.flink.runtime.metrics.MetricRegistryImpl - No trace reporter configured, no traces will be exposed/reported.
flink-identity-1                | [main] INFO org.apache.flink.runtime.metrics.MetricRegistryImpl - No event reporter configured, no events will be exposed/reported.
flink-identity-1                | [main] INFO org.apache.flink.runtime.minicluster.MiniCluster - Starting RPC Service(s)
flink-identity-1                | [main] INFO org.apache.flink.runtime.rpc.pekko.PekkoRpcServiceUtils - Trying to start local actor system
flink-identity-1                | [flink-pekko.actor.default-dispatcher-6] INFO org.apache.pekko.event.slf4j.Slf4jLogger - Slf4jLogger started
flink-identity-1                | [main] INFO org.apache.flink.runtime.rpc.pekko.PekkoRpcServiceUtils - Actor system started at pekko://flink
flink-identity-1                | [main] INFO org.apache.flink.runtime.rpc.pekko.PekkoRpcServiceUtils - Trying to start local actor system
flink-identity-1                | [flink-metrics-6] INFO org.apache.pekko.event.slf4j.Slf4jLogger - Slf4jLogger started
flink-identity-1                | [main] INFO org.apache.flink.runtime.rpc.pekko.PekkoRpcServiceUtils - Actor system started at pekko://flink-metrics
flink-identity-1                | [main] INFO org.apache.flink.runtime.rpc.pekko.PekkoRpcService - Starting RPC endpoint for org.apache.flink.runtime.metrics.dump.MetricQueryService at pekko://flink-metrics/user/rpc/MetricQueryService .
flink-identity-1                | [main] INFO org.apache.flink.runtime.security.token.DefaultDelegationTokenManager - Loading delegation token providers
flink-identity-1                | [main] INFO org.apache.flink.runtime.security.token.hadoop.HadoopFSDelegationTokenProvider - Hadoop FS is not available (not packaged with this application): NoClassDefFoundError : "org/apache/hadoop/conf/Configuration".
flink-identity-1                | [main] INFO org.apache.flink.runtime.security.token.DefaultDelegationTokenManager - Delegation token provider hadoopfs loaded and initialized
flink-identity-1                | [main] INFO org.apache.flink.runtime.security.token.DefaultDelegationTokenManager - Delegation token provider hbase loaded and initialized
flink-identity-1                | [main] INFO org.apache.flink.runtime.security.token.DefaultDelegationTokenManager - Delegation token providers loaded successfully
flink-identity-1                | [main] INFO org.apache.flink.runtime.security.token.DelegationTokenReceiverRepository - Loading delegation token receivers
flink-identity-1                | [main] INFO org.apache.flink.runtime.security.token.DelegationTokenReceiverRepository - Delegation token receiver hadoopfs loaded and initialized
flink-identity-1                | [main] INFO org.apache.flink.runtime.security.token.DelegationTokenReceiverRepository - Delegation token receiver hbase loaded and initialized
flink-identity-1                | [main] INFO org.apache.flink.runtime.security.token.DelegationTokenReceiverRepository - Delegation token receivers loaded successfully
flink-identity-1                | [main] INFO org.apache.flink.runtime.security.token.DefaultDelegationTokenManager - Checking provider and receiver instances consistency
flink-identity-1                | [main] INFO org.apache.flink.runtime.security.token.DefaultDelegationTokenManager - Provider and receiver instances are consistent
flink-identity-1                | [main] INFO org.apache.flink.runtime.security.token.DefaultDelegationTokenManager - Obtaining delegation tokens
flink-identity-1                | [main] INFO org.apache.flink.runtime.security.token.DefaultDelegationTokenManager - Delegation tokens obtained successfully
flink-identity-1                | [main] WARN org.apache.flink.runtime.security.token.DefaultDelegationTokenManager - No tokens obtained so skipping notifications
flink-identity-1                | [main] INFO org.apache.flink.runtime.security.token.DelegationTokenReceiverRepository - Loading delegation token receivers
flink-identity-1                | [main] INFO org.apache.flink.runtime.security.token.DelegationTokenReceiverRepository - Delegation token receiver hadoopfs loaded and initialized
flink-identity-1                | [main] INFO org.apache.flink.runtime.security.token.DelegationTokenReceiverRepository - Delegation token receiver hbase loaded and initialized
flink-identity-1                | [main] INFO org.apache.flink.runtime.security.token.DelegationTokenReceiverRepository - Delegation token receivers loaded successfully
flink-identity-1                | [main] INFO org.apache.flink.runtime.blob.BlobServer - Created BLOB server storage directory /tmp/minicluster_a950f4c3ccc7d448ec197fc94921301e/blobStorage
flink-identity-1                | [main] INFO org.apache.flink.runtime.blob.BlobServer - Started BLOB server at 0.0.0.0:33707 - max concurrent requests: 50 - max backlog: 1000
flink-identity-1                | [main] INFO org.apache.flink.runtime.blob.PermanentBlobCache - Created BLOB cache storage directory /tmp/minicluster_a950f4c3ccc7d448ec197fc94921301e/blobStorage
flink-identity-1                | [main] INFO org.apache.flink.runtime.blob.TransientBlobCache - Created BLOB cache storage directory /tmp/minicluster_a950f4c3ccc7d448ec197fc94921301e/blobStorage
flink-identity-1                | [main] INFO org.apache.flink.runtime.minicluster.MiniCluster - Starting 1 TaskManager(s)
flink-identity-1                | [main] INFO org.apache.flink.runtime.taskexecutor.TaskManagerRunner - Starting TaskManager with ResourceID: d44d9eab-0b38-467a-a923-d7180ca87ff1
flink-identity-1                | [main] INFO org.apache.flink.runtime.taskexecutor.TaskManagerServices - Temporary file directory '/tmp': total 937 GB, usable 648 GB (69.16% usable)
flink-identity-1                | [main] INFO org.apache.flink.runtime.io.disk.iomanager.IOManager - Created a new FileChannelManager for spilling of task related data to disk (joins, sorting, ...). Used directories:
flink-identity-1                | 	/tmp/flink-io-6767ce12-7619-464d-b0ea-8237f72847cc
flink-identity-1                | [main] INFO org.apache.flink.runtime.io.network.NettyShuffleServiceFactory - Created a new FileChannelManager for storing result partitions of BLOCKING shuffles. Used directories:
flink-identity-1                | 	/tmp/flink-netty-shuffle-e873afd8-0571-4e48-be17-cd2762926d65
flink-identity-1                | [main] INFO org.apache.flink.runtime.io.network.buffer.NetworkBufferPool - Allocated 64 MB for network buffer pool (number of memory segments: 2048, bytes per segment: 32768).
flink-identity-1                | [main] INFO org.apache.flink.runtime.io.network.NettyShuffleEnvironment - Starting the network environment and its components.
flink-identity-1                | [main] INFO org.apache.flink.runtime.taskexecutor.TaskManagerServices - TaskManager data connection initialized successfully; listening internally on port: -1
flink-identity-1                | [main] INFO org.apache.flink.runtime.taskexecutor.KvStateService - Starting the kvState service and its components.
flink-identity-1                | [main] INFO org.apache.flink.configuration.Configuration - Config uses fallback configuration key 'pekko.ask.timeout' instead of key 'taskmanager.slot.timeout'
flink-identity-1                | [main] INFO org.apache.flink.runtime.rpc.pekko.PekkoRpcService - Starting RPC endpoint for org.apache.flink.runtime.taskexecutor.TaskExecutor at pekko://flink/user/rpc/taskmanager_0 .
flink-identity-1                | [flink-pekko.actor.default-dispatcher-6] INFO org.apache.flink.runtime.taskexecutor.DefaultJobLeaderService - Start job leader service.
flink-identity-1                | [flink-pekko.actor.default-dispatcher-6] INFO org.apache.flink.runtime.filecache.FileCache - User file cache uses directory /tmp/flink-dist-cache-318b1c1b-09da-43fe-bbcc-a364fa89aacb
flink-identity-1                | [main] INFO org.apache.flink.runtime.dispatcher.DispatcherRestEndpoint - Upload directory /tmp/flink-web-upload does not exist. 
flink-identity-1                | [main] INFO org.apache.flink.runtime.dispatcher.DispatcherRestEndpoint - Created directory /tmp/flink-web-upload for file uploads.
flink-identity-1                | [main] INFO org.apache.flink.runtime.dispatcher.DispatcherRestEndpoint - Starting rest endpoint.
flink-identity-1                | [main] INFO org.apache.flink.runtime.dispatcher.DispatcherRestEndpoint - Failed to load web based job submission extension. Probable reason: flink-runtime-web is not in the classpath.
flink-identity-1                | [main] WARN org.apache.flink.runtime.webmonitor.WebMonitorUtils - Log file environment variable 'log.file' is not set.
flink-identity-1                | [main] WARN org.apache.flink.runtime.webmonitor.WebMonitorUtils - JobManager log files are unavailable in the web dashboard. Log file location not found in environment variable 'log.file' or configuration key 'web.log.path'.
flink-identity-1                | [main] INFO org.apache.flink.runtime.dispatcher.DispatcherRestEndpoint - Rest endpoint listening at localhost:35557
flink-identity-1                | [main] INFO org.apache.flink.runtime.highavailability.nonha.embedded.EmbeddedLeaderService - Proposing leadership to the contender that is registered under component ID 'rest_server'.
flink-identity-1                | [mini-cluster-io-thread-1] INFO org.apache.flink.runtime.dispatcher.DispatcherRestEndpoint - http://localhost:35557 was granted leadership with leaderSessionID=156d805b-7f1f-4026-a430-34c2517898a4
flink-identity-1                | [mini-cluster-io-thread-1] INFO org.apache.flink.runtime.highavailability.nonha.embedded.EmbeddedLeaderService - Received confirmation of leadership for leader http://localhost:35557 , session=156d805b-7f1f-4026-a430-34c2517898a4
flink-identity-1                | [main] INFO org.apache.flink.runtime.highavailability.nonha.embedded.EmbeddedLeaderService - Proposing leadership to the contender that is registered under component ID 'dispatcher'.
flink-identity-1                | [main] INFO org.apache.flink.runtime.resourcemanager.ResourceManagerServiceImpl - Starting resource manager service.
flink-identity-1                | [main] INFO org.apache.flink.runtime.highavailability.nonha.embedded.EmbeddedLeaderService - Proposing leadership to the contender that is registered under component ID 'resource_manager'.
flink-identity-1                | [mini-cluster-io-thread-2] INFO org.apache.flink.runtime.dispatcher.runner.DefaultDispatcherRunner - DefaultDispatcherRunner was granted leadership with leader id e6d341d8-2d27-4128-a3af-255f4104d269. Creating new DispatcherLeaderProcess.
flink-identity-1                | [pool-2-thread-1] INFO org.apache.flink.runtime.resourcemanager.ResourceManagerServiceImpl - Resource manager service is granted leadership with session id db24b039-467b-40c8-9c48-51ff48e90453.
flink-identity-1                | [main] INFO org.apache.flink.runtime.minicluster.MiniCluster - Flink Mini Cluster started successfully
flink-identity-1                | [mini-cluster-io-thread-2] INFO org.apache.flink.runtime.dispatcher.runner.SessionDispatcherLeaderProcess - Start SessionDispatcherLeaderProcess.
flink-identity-1                | [mini-cluster-io-thread-1] INFO org.apache.flink.runtime.dispatcher.runner.SessionDispatcherLeaderProcess - Recover all persisted job graphs that are not finished, yet.
flink-identity-1                | [mini-cluster-io-thread-1] INFO org.apache.flink.runtime.dispatcher.runner.SessionDispatcherLeaderProcess - Successfully recovered 0 persisted job graphs.
flink-identity-1                | [pool-2-thread-1] INFO org.apache.flink.runtime.rpc.pekko.PekkoRpcService - Starting RPC endpoint for org.apache.flink.runtime.resourcemanager.StandaloneResourceManager at pekko://flink/user/rpc/resourcemanager_1 .
flink-identity-1                | [mini-cluster-io-thread-1] INFO org.apache.flink.runtime.rpc.pekko.PekkoRpcService - Starting RPC endpoint for org.apache.flink.runtime.dispatcher.StandaloneDispatcher at pekko://flink/user/rpc/dispatcher_2 .
flink-identity-1                | [flink-pekko.actor.default-dispatcher-6] INFO org.apache.flink.runtime.resourcemanager.StandaloneResourceManager - Starting the resource manager.
flink-identity-1                | [flink-pekko.actor.default-dispatcher-6] INFO org.apache.flink.runtime.resourcemanager.slotmanager.FineGrainedSlotManager - Starting the slot manager.
flink-identity-1                | [flink-pekko.actor.default-dispatcher-6] INFO org.apache.flink.runtime.security.token.DefaultDelegationTokenManager - Starting tokens update task
flink-identity-1                | [flink-pekko.actor.default-dispatcher-6] WARN org.apache.flink.runtime.security.token.DefaultDelegationTokenManager - No tokens obtained so skipping notifications
flink-identity-1                | [flink-pekko.actor.default-dispatcher-6] WARN org.apache.flink.runtime.security.token.DefaultDelegationTokenManager - Tokens update task not started because either no tokens obtained or none of the tokens specified its renewal date
flink-identity-1                | [mini-cluster-io-thread-4] INFO org.apache.flink.runtime.highavailability.nonha.embedded.EmbeddedLeaderService - Received confirmation of leadership for leader pekko://flink/user/rpc/resourcemanager_1 , session=db24b039-467b-40c8-9c48-51ff48e90453
flink-identity-1                | [flink-pekko.actor.default-dispatcher-6] INFO org.apache.flink.runtime.taskexecutor.TaskExecutor - Connecting to ResourceManager pekko://flink/user/rpc/resourcemanager_1(9c4851ff48e90453db24b039467b40c8).
flink-identity-1                | [mini-cluster-io-thread-1] INFO org.apache.flink.runtime.highavailability.nonha.embedded.EmbeddedLeaderService - Received confirmation of leadership for leader pekko://flink/user/rpc/dispatcher_2 , session=e6d341d8-2d27-4128-a3af-255f4104d269
flink-identity-1                | [flink-pekko.actor.default-dispatcher-6] INFO org.apache.flink.runtime.taskexecutor.TaskExecutor - Resolved ResourceManager address, beginning registration
flink-identity-1                | [flink-pekko.actor.default-dispatcher-6] INFO org.apache.flink.runtime.resourcemanager.StandaloneResourceManager - Registering TaskManager with ResourceID d44d9eab-0b38-467a-a923-d7180ca87ff1 (pekko://flink/user/rpc/taskmanager_0) at ResourceManager
flink-identity-1                | [flink-pekko.actor.default-dispatcher-10] INFO org.apache.flink.runtime.dispatcher.StandaloneDispatcher - Received job submission 'stream-state-bench-flink-tumbling_count' (685071a0544567112a6ecd8db0ecbc0f).
flink-identity-1                | [flink-pekko.actor.default-dispatcher-9] INFO org.apache.flink.runtime.taskexecutor.TaskExecutor - Successful registration at resource manager pekko://flink/user/rpc/resourcemanager_1 under registration id 1a677cd2594d284f0f0d772e05638089.
flink-identity-1                | [flink-pekko.actor.default-dispatcher-8] INFO org.apache.flink.runtime.resourcemanager.slotmanager.FineGrainedSlotManager - Registering task executor d44d9eab-0b38-467a-a923-d7180ca87ff1 under 1a677cd2594d284f0f0d772e05638089 at the slot manager.
flink-identity-1                | [flink-pekko.actor.default-dispatcher-10] INFO org.apache.flink.runtime.dispatcher.StandaloneDispatcher - Submitting job 'stream-state-bench-flink-tumbling_count' (685071a0544567112a6ecd8db0ecbc0f).
flink-identity-1                | [flink-pekko.actor.default-dispatcher-10] INFO org.apache.flink.runtime.highavailability.nonha.embedded.EmbeddedLeaderService - Proposing leadership to the contender that is registered under component ID 'job-685071a0544567112a6ecd8db0ecbc0f'.
flink-identity-1                | [mini-cluster-io-thread-2] INFO org.apache.flink.runtime.jobmaster.JobMasterServiceLeadershipRunner - JobMasterServiceLeadershipRunner for job 685071a0544567112a6ecd8db0ecbc0f was granted leadership with leader id a3340107-2fa9-4a2e-864b-718fa4415e31. Creating new JobMasterServiceProcess.
flink-identity-1                | [jobmanager-io-thread-1] INFO org.apache.flink.runtime.rpc.pekko.PekkoRpcService - Starting RPC endpoint for org.apache.flink.runtime.jobmaster.JobMaster at pekko://flink/user/rpc/jobmanager_3 .
flink-identity-1                | [jobmanager-io-thread-1] INFO org.apache.flink.runtime.jobmaster.JobMaster - Initializing job 'stream-state-bench-flink-tumbling_count' (685071a0544567112a6ecd8db0ecbc0f).
flink-identity-1                | [jobmanager-io-thread-1] INFO org.apache.flink.runtime.jobmaster.JobMaster - Using restart back off time strategy ExponentialDelayRestartBackoffTimeStrategy(initialBackoffMS=1000, maxBackoffMS=60000, backoffMultiplier=1.5, resetBackoffThresholdMS=3600000, jitterFactor=0.1, attemptsBeforeResetBackoff=2147483647, currentRestartAttempt=0, nextRestartTimestamp=-2147483648) for stream-state-bench-flink-tumbling_count (685071a0544567112a6ecd8db0ecbc0f).
flink-identity-1                | [jobmanager-io-thread-1] INFO org.apache.flink.runtime.executiongraph.ExecutionGraph - Created execution graph d967640c3b0c28632abb78eb7f649aaf for job 685071a0544567112a6ecd8db0ecbc0f.
flink-identity-1                | [jobmanager-io-thread-1] INFO org.apache.flink.runtime.jobmaster.JobMaster - Running initialization on master for job stream-state-bench-flink-tumbling_count (685071a0544567112a6ecd8db0ecbc0f).
flink-identity-1                | [jobmanager-io-thread-1] INFO org.apache.flink.runtime.jobmaster.JobMaster - Successfully ran initialization on master in 0 ms.
flink-identity-1                | [jobmanager-io-thread-1] INFO org.apache.flink.runtime.scheduler.adapter.DefaultExecutionTopology - Built 1 new pipelined regions in 0 ms, total 1 pipelined regions currently.
flink-identity-1                | [jobmanager-io-thread-1] INFO org.apache.flink.runtime.jobmaster.JobMaster - State backend is set to heap memory org.apache.flink.runtime.state.hashmap.HashMapStateBackend@2510956f
flink-identity-1                | [jobmanager-io-thread-1] INFO org.apache.flink.runtime.state.StateBackendLoader - State backend loader loads the state backend as HashMapStateBackend
flink-identity-1                | [jobmanager-io-thread-1] INFO org.apache.flink.runtime.jobmaster.JobMaster - Checkpoint storage is set to 'filesystem': (checkpoints "file:/tmp/flink-checkpoints")
flink-identity-1                | [jobmanager-io-thread-1] INFO org.apache.flink.core.fs.FileSystem - Hadoop is not in the classpath/dependencies. The extended set of supported File Systems via Hadoop is not available.
flink-identity-1                | [jobmanager-io-thread-1] INFO org.apache.flink.runtime.checkpoint.CheckpointCoordinator - No checkpoint found during restore.
flink-identity-1                | [jobmanager-io-thread-1] INFO org.apache.flink.runtime.jobmaster.JobMaster - Using failover strategy org.apache.flink.runtime.executiongraph.failover.RestartPipelinedRegionFailoverStrategy@7b872e02 for stream-state-bench-flink-tumbling_count (685071a0544567112a6ecd8db0ecbc0f).
flink-identity-1                | [jobmanager-io-thread-1] INFO org.apache.flink.runtime.highavailability.nonha.embedded.EmbeddedLeaderService - Received confirmation of leadership for leader pekko://flink/user/rpc/jobmanager_3 , session=a3340107-2fa9-4a2e-864b-718fa4415e31
flink-identity-1                | [flink-pekko.actor.default-dispatcher-10] INFO org.apache.flink.runtime.jobmaster.JobMaster - Starting execution of job 'stream-state-bench-flink-tumbling_count' (685071a0544567112a6ecd8db0ecbc0f) under job master id 864b718fa4415e31a33401072fa94a2e.
flink-identity-1                | [flink-pekko.actor.default-dispatcher-10] INFO org.apache.flink.runtime.source.coordinator.SourceCoordinator - Starting split enumerator for source Source: kafka-source.
flink-identity-1                | [flink-pekko.actor.default-dispatcher-10] INFO org.apache.flink.runtime.jobmaster.JobMaster - Starting scheduling with scheduling strategy [org.apache.flink.runtime.scheduler.strategy.PipelinedRegionSchedulingStrategy]
flink-identity-1                | [flink-pekko.actor.default-dispatcher-10] INFO org.apache.flink.runtime.executiongraph.ExecutionGraph - Job stream-state-bench-flink-tumbling_count (685071a0544567112a6ecd8db0ecbc0f) switched from state CREATED to RUNNING.
flink-identity-1                | [flink-pekko.actor.default-dispatcher-10] INFO org.apache.flink.runtime.executiongraph.ExecutionGraph - Source: kafka-source -> Filter (1/1) (d967640c3b0c28632abb78eb7f649aaf_cbc357ccb763df2852fee8c4fc7d55f2_0_0) switched from CREATED to SCHEDULED.
flink-identity-1                | [flink-pekko.actor.default-dispatcher-10] INFO org.apache.flink.runtime.executiongraph.ExecutionGraph - TumblingEventTimeWindows -> kafka-sink: Writer -> kafka-sink: Committer (1/1) (d967640c3b0c28632abb78eb7f649aaf_90bea66de1c231edf33913ecd54406c1_0_0) switched from CREATED to SCHEDULED.
flink-identity-1                | [flink-pekko.actor.default-dispatcher-10] INFO org.apache.flink.runtime.jobmaster.JobMaster - Connecting to ResourceManager pekko://flink/user/rpc/resourcemanager_1(9c4851ff48e90453db24b039467b40c8)
flink-identity-1                | [SourceCoordinator-Source: kafka-source] INFO org.apache.kafka.common.config.AbstractConfig - AdminClientConfig values: 
flink-identity-1                | 	bootstrap.controllers = []
flink-identity-1                | 	bootstrap.servers = [kafka:9092]
flink-identity-1                | 	client.dns.lookup = use_all_dns_ips
flink-identity-1                | 	client.id = stream-state-bench-flink-w3-latency-tuning_control-enumerator-admin-client
flink-identity-1                | 	config.providers = []
flink-identity-1                | 	connections.max.idle.ms = 300000
flink-identity-1                | 	default.api.timeout.ms = 60000
flink-identity-1                | 	enable.metrics.push = false
flink-identity-1                | 	metadata.max.age.ms = 300000
flink-identity-1                | 	metadata.recovery.rebootstrap.trigger.ms = 300000
flink-identity-1                | 	metadata.recovery.strategy = rebootstrap
flink-identity-1                | 	metric.reporters = [org.apache.kafka.common.metrics.JmxReporter]
flink-identity-1                | 	metrics.num.samples = 2
flink-identity-1                | 	metrics.recording.level = INFO
flink-identity-1                | 	metrics.sample.window.ms = 30000
flink-identity-1                | 	receive.buffer.bytes = 65536
flink-identity-1                | 	reconnect.backoff.max.ms = 1000
flink-identity-1                | 	reconnect.backoff.ms = 50
flink-identity-1                | 	request.timeout.ms = 30000
flink-identity-1                | 	retries = 2147483647
flink-identity-1                | 	retry.backoff.max.ms = 1000
flink-identity-1                | 	retry.backoff.ms = 100
flink-identity-1                | 	sasl.client.callback.handler.class = null
flink-identity-1                | 	sasl.jaas.config = null
flink-identity-1                | 	sasl.kerberos.kinit.cmd = /usr/bin/kinit
flink-identity-1                | 	sasl.kerberos.min.time.before.relogin = 60000
flink-identity-1                | 	sasl.kerberos.service.name = null
flink-identity-1                | 	sasl.kerberos.ticket.renew.jitter = 0.05
flink-identity-1                | 	sasl.kerberos.ticket.renew.window.factor = 0.8
flink-identity-1                | 	sasl.login.callback.handler.class = null
flink-identity-1                | 	sasl.login.class = null
flink-identity-1                | 	sasl.login.connect.timeout.ms = null
flink-identity-1                | 	sasl.login.read.timeout.ms = null
flink-identity-1                | 	sasl.login.refresh.buffer.seconds = 300
flink-identity-1                | 	sasl.login.refresh.min.period.seconds = 60
flink-identity-1                | 	sasl.login.refresh.window.factor = 0.8
flink-identity-1                | 	sasl.login.refresh.window.jitter = 0.05
flink-identity-1                | 	sasl.login.retry.backoff.max.ms = 10000
flink-identity-1                | 	sasl.login.retry.backoff.ms = 100
flink-identity-1                | 	sasl.mechanism = GSSAPI
flink-identity-1                | 	sasl.oauthbearer.assertion.algorithm = RS256
flink-identity-1                | 	sasl.oauthbearer.assertion.claim.aud = null
flink-identity-1                | 	sasl.oauthbearer.assertion.claim.exp.seconds = 300
flink-identity-1                | 	sasl.oauthbearer.assertion.claim.iss = null
flink-identity-1                | 	sasl.oauthbearer.assertion.claim.jti.include = false
flink-identity-1                | 	sasl.oauthbearer.assertion.claim.nbf.seconds = 60
flink-identity-1                | 	sasl.oauthbearer.assertion.claim.sub = null
flink-identity-1                | 	sasl.oauthbearer.assertion.file = null
flink-identity-1                | 	sasl.oauthbearer.assertion.private.key.file = null
flink-identity-1                | 	sasl.oauthbearer.assertion.private.key.passphrase = null
flink-identity-1                | 	sasl.oauthbearer.assertion.template.file = null
flink-identity-1                | 	sasl.oauthbearer.client.credentials.client.id = null
flink-identity-1                | 	sasl.oauthbearer.client.credentials.client.secret = null
flink-identity-1                | 	sasl.oauthbearer.clock.skew.seconds = 30
flink-identity-1                | 	sasl.oauthbearer.expected.audience = []
flink-identity-1                | 	sasl.oauthbearer.expected.issuer = null
flink-identity-1                | 	sasl.oauthbearer.header.urlencode = false
flink-identity-1                | 	sasl.oauthbearer.jwks.endpoint.refresh.ms = 3600000
flink-identity-1                | 	sasl.oauthbearer.jwks.endpoint.retry.backoff.max.ms = 10000
flink-identity-1                | 	sasl.oauthbearer.jwks.endpoint.retry.backoff.ms = 100
flink-identity-1                | 	sasl.oauthbearer.jwks.endpoint.url = null
flink-identity-1                | 	sasl.oauthbearer.jwt.retriever.class = class org.apache.kafka.common.security.oauthbearer.DefaultJwtRetriever
flink-identity-1                | 	sasl.oauthbearer.jwt.validator.class = class org.apache.kafka.common.security.oauthbearer.DefaultJwtValidator
flink-identity-1                | 	sasl.oauthbearer.scope = null
flink-identity-1                | 	sasl.oauthbearer.scope.claim.name = scope
flink-identity-1                | 	sasl.oauthbearer.sub.claim.name = sub
flink-identity-1                | 	sasl.oauthbearer.token.endpoint.url = null
flink-identity-1                | 	security.protocol = PLAINTEXT
flink-identity-1                | 	security.providers = null
flink-identity-1                | 	send.buffer.bytes = 131072
flink-identity-1                | 	socket.connection.setup.timeout.max.ms = 30000
flink-identity-1                | 	socket.connection.setup.timeout.ms = 10000
flink-identity-1                | 	ssl.cipher.suites = []
flink-identity-1                | 	ssl.enabled.protocols = [TLSv1.2, TLSv1.3]
flink-identity-1                | 	ssl.endpoint.identification.algorithm = https
flink-identity-1                | 	ssl.engine.factory.class = null
flink-identity-1                | 	ssl.key.password = null
flink-identity-1                | 	ssl.keymanager.algorithm = SunX509
flink-identity-1                | 	ssl.keystore.certificate.chain = null
flink-identity-1                | 	ssl.keystore.key = null
flink-identity-1                | 	ssl.keystore.location = null
flink-identity-1                | 	ssl.keystore.password = null
flink-identity-1                | 	ssl.keystore.type = JKS
flink-identity-1                | 	ssl.protocol = TLSv1.3
flink-identity-1                | 	ssl.provider = null
flink-identity-1                | 	ssl.secure.random.implementation = null
flink-identity-1                | 	ssl.trustmanager.algorithm = PKIX
flink-identity-1                | 	ssl.truststore.certificates = null
flink-identity-1                | 	ssl.truststore.location = null
flink-identity-1                | 	ssl.truststore.password = null
flink-identity-1                | 	ssl.truststore.type = JKS
flink-identity-1                | 
flink-identity-1                | [flink-pekko.actor.default-dispatcher-10] INFO org.apache.flink.runtime.jobmaster.JobMaster - Resolved ResourceManager address, beginning registration
flink-identity-1                | [flink-pekko.actor.default-dispatcher-9] INFO org.apache.flink.runtime.resourcemanager.StandaloneResourceManager - Registering job manager 864b718fa4415e31a33401072fa94a2e@pekko://flink/user/rpc/jobmanager_3 for job 685071a0544567112a6ecd8db0ecbc0f.
flink-identity-1                | [flink-pekko.actor.default-dispatcher-8] INFO org.apache.flink.runtime.resourcemanager.StandaloneResourceManager - Registered job manager 864b718fa4415e31a33401072fa94a2e@pekko://flink/user/rpc/jobmanager_3 for job 685071a0544567112a6ecd8db0ecbc0f.
flink-identity-1                | [flink-pekko.actor.default-dispatcher-8] INFO org.apache.flink.runtime.jobmaster.JobMaster - JobManager successfully registered at ResourceManager, leader id: 9c4851ff48e90453db24b039467b40c8.
flink-identity-1                | [flink-pekko.actor.default-dispatcher-9] INFO org.apache.flink.runtime.resourcemanager.slotmanager.FineGrainedSlotManager - Received resource requirements from job 685071a0544567112a6ecd8db0ecbc0f: [ResourceRequirement{resourceProfile=ResourceProfile{UNKNOWN}, numberOfRequiredSlots=1}]
flink-identity-1                | [flink-pekko.actor.default-dispatcher-9] INFO org.apache.flink.runtime.resourcemanager.slotmanager.FineGrainedSlotManager - Received resource requirements from job 685071a0544567112a6ecd8db0ecbc0f: [ResourceRequirement{resourceProfile=ResourceProfile{UNKNOWN}, numberOfRequiredSlots=1}]
flink-identity-1                | [SourceCoordinator-Source: kafka-source] INFO org.apache.kafka.common.config.AbstractConfig - These configurations '[key.deserializer, value.deserializer, commit.offsets.on.checkpoint, enable.auto.commit, group.id, client.id.prefix, auto.offset.reset]' were supplied but are not used yet.
flink-identity-1                | [SourceCoordinator-Source: kafka-source] INFO org.apache.kafka.common.utils.AppInfoParser - Kafka version: 4.2.0
flink-identity-1                | [SourceCoordinator-Source: kafka-source] INFO org.apache.kafka.common.utils.AppInfoParser - Kafka commitId: a18251bae0b825c6
flink-identity-1                | [SourceCoordinator-Source: kafka-source] INFO org.apache.kafka.common.utils.AppInfoParser - Kafka startTimeMs: 1784315165219
flink-identity-1                | [SourceCoordinator-Source: kafka-source] INFO org.apache.flink.connector.kafka.source.enumerator.KafkaSourceEnumerator - Starting the KafkaSourceEnumerator for consumer group stream-state-bench-flink-w3-latency-tuning_control with partition discovery interval of 300000 ms.
flink-identity-1                | [flink-pekko.actor.default-dispatcher-9] INFO org.apache.flink.runtime.resourcemanager.slotmanager.FineGrainedSlotManager - Matching resource requirements against available resources.
flink-identity-1                | Missing resources:
flink-identity-1                | 	 Job 685071a0544567112a6ecd8db0ecbc0f
flink-identity-1                | 		ResourceRequirement{resourceProfile=ResourceProfile{UNKNOWN}, numberOfRequiredSlots=1}
flink-identity-1                | Current resources:
flink-identity-1                | 	TaskManager d44d9eab-0b38-467a-a923-d7180ca87ff1
flink-identity-1                | 		Available: ResourceProfile{taskHeapMemory=1024.000gb (1099511627776 bytes), taskOffHeapMemory=1024.000gb (1099511627776 bytes), managedMemory=128.000mb (134217728 bytes), networkMemory=64.000mb (67108864 bytes)}
flink-identity-1                | 		Total:     ResourceProfile{taskHeapMemory=1024.000gb (1099511627776 bytes), taskOffHeapMemory=1024.000gb (1099511627776 bytes), managedMemory=128.000mb (134217728 bytes), networkMemory=64.000mb (67108864 bytes)}
flink-identity-1                | [flink-pekko.actor.default-dispatcher-9] INFO org.apache.flink.runtime.resourcemanager.slotmanager.DefaultSlotStatusSyncer - Starting allocation of slot 0ff7eb439f140bb09ed94b07befc0faa from d44d9eab-0b38-467a-a923-d7180ca87ff1 for job 685071a0544567112a6ecd8db0ecbc0f with resource profile ResourceProfile{taskHeapMemory=1024.000gb (1099511627776 bytes), taskOffHeapMemory=1024.000gb (1099511627776 bytes), managedMemory=128.000mb (134217728 bytes), networkMemory=64.000mb (67108864 bytes)}.
flink-identity-1                | [flink-pekko.actor.default-dispatcher-8] INFO org.apache.flink.runtime.taskexecutor.TaskExecutor - Receive slot request 0ff7eb439f140bb09ed94b07befc0faa for job 685071a0544567112a6ecd8db0ecbc0f from resource manager with leader id 9c4851ff48e90453db24b039467b40c8.
flink-identity-1                | [flink-pekko.actor.default-dispatcher-8] INFO org.apache.flink.runtime.taskexecutor.slot.TaskSlotTableImpl - Allocated slot for 0ff7eb439f140bb09ed94b07befc0faa with resources ResourceProfile{taskHeapMemory=1024.000gb (1099511627776 bytes), taskOffHeapMemory=1024.000gb (1099511627776 bytes), managedMemory=128.000mb (134217728 bytes), networkMemory=64.000mb (67108864 bytes)}.
flink-identity-1                | [flink-pekko.actor.default-dispatcher-8] INFO org.apache.flink.runtime.taskexecutor.DefaultJobLeaderService - Add job 685071a0544567112a6ecd8db0ecbc0f for job leader monitoring.
flink-identity-1                | [mini-cluster-io-thread-2] INFO org.apache.flink.runtime.taskexecutor.DefaultJobLeaderService - Try to register at job manager pekko://flink/user/rpc/jobmanager_3 with leader id a3340107-2fa9-4a2e-864b-718fa4415e31.
flink-identity-1                | [flink-pekko.actor.default-dispatcher-8] INFO org.apache.flink.runtime.taskexecutor.DefaultJobLeaderService - Resolved JobManager address, beginning registration
flink-identity-1                | [flink-pekko.actor.default-dispatcher-8] INFO org.apache.flink.runtime.taskexecutor.DefaultJobLeaderService - Successful registration at job manager pekko://flink/user/rpc/jobmanager_3 for job 685071a0544567112a6ecd8db0ecbc0f.
flink-identity-1                | [flink-pekko.actor.default-dispatcher-8] INFO org.apache.flink.runtime.taskexecutor.TaskExecutor - Establish JobManager connection for job 685071a0544567112a6ecd8db0ecbc0f.
flink-identity-1                | [flink-pekko.actor.default-dispatcher-8] INFO org.apache.flink.runtime.taskexecutor.TaskExecutor - Offer reserved slots to the leader of job 685071a0544567112a6ecd8db0ecbc0f.
flink-identity-1                | [flink-pekko.actor.default-dispatcher-9] INFO org.apache.flink.runtime.executiongraph.ExecutionGraph - Source: kafka-source -> Filter (1/1) (d967640c3b0c28632abb78eb7f649aaf_cbc357ccb763df2852fee8c4fc7d55f2_0_0) switched from SCHEDULED to DEPLOYING.
flink-identity-1                | [flink-pekko.actor.default-dispatcher-9] INFO org.apache.flink.runtime.executiongraph.ExecutionGraph - Deploying Source: kafka-source -> Filter (1/1) (attempt #0) with attempt id d967640c3b0c28632abb78eb7f649aaf_cbc357ccb763df2852fee8c4fc7d55f2_0_0 and vertex id cbc357ccb763df2852fee8c4fc7d55f2_0 to d44d9eab-0b38-467a-a923-d7180ca87ff1 @ localhost (dataPort=-1) with allocation id 0ff7eb439f140bb09ed94b07befc0faa
flink-identity-1                | [flink-pekko.actor.default-dispatcher-9] INFO org.apache.flink.runtime.executiongraph.ExecutionGraph - TumblingEventTimeWindows -> kafka-sink: Writer -> kafka-sink: Committer (1/1) (d967640c3b0c28632abb78eb7f649aaf_90bea66de1c231edf33913ecd54406c1_0_0) switched from SCHEDULED to DEPLOYING.
flink-identity-1                | [flink-pekko.actor.default-dispatcher-9] INFO org.apache.flink.runtime.executiongraph.ExecutionGraph - Deploying TumblingEventTimeWindows -> kafka-sink: Writer -> kafka-sink: Committer (1/1) (attempt #0) with attempt id d967640c3b0c28632abb78eb7f649aaf_90bea66de1c231edf33913ecd54406c1_0_0 and vertex id 90bea66de1c231edf33913ecd54406c1_0 to d44d9eab-0b38-467a-a923-d7180ca87ff1 @ localhost (dataPort=-1) with allocation id 0ff7eb439f140bb09ed94b07befc0faa
flink-identity-1                | [flink-pekko.actor.default-dispatcher-10] INFO org.apache.flink.runtime.taskexecutor.slot.TaskSlotTableImpl - Activate slot 0ff7eb439f140bb09ed94b07befc0faa.
flink-identity-1                | [flink-pekko.actor.default-dispatcher-10] INFO org.apache.flink.runtime.taskexecutor.slot.TaskSlotTableImpl - Activate slot 0ff7eb439f140bb09ed94b07befc0faa.
flink-identity-1                | [flink-pekko.actor.default-dispatcher-10] INFO org.apache.flink.runtime.state.changelog.StateChangelogStorageLoader - StateChangelogStorageLoader initialized with shortcut names {memory}.
flink-identity-1                | [flink-pekko.actor.default-dispatcher-10] INFO org.apache.flink.runtime.state.changelog.StateChangelogStorageLoader - Creating a changelog storage with name 'memory'.
flink-identity-1                | [flink-pekko.actor.default-dispatcher-10] INFO org.apache.flink.runtime.state.TaskExecutorChannelStateExecutorFactoryManager - Creating the channel state executor factory for job id 685071a0544567112a6ecd8db0ecbc0f
flink-identity-1                | [flink-pekko.actor.default-dispatcher-10] INFO org.apache.flink.runtime.taskexecutor.TaskExecutor - Received task Source: kafka-source -> Filter (1/1)#0 (d967640c3b0c28632abb78eb7f649aaf_cbc357ccb763df2852fee8c4fc7d55f2_0_0), deploy into slot with allocation id 0ff7eb439f140bb09ed94b07befc0faa.
flink-identity-1                | [Source: kafka-source -> Filter (1/1)#0] INFO org.apache.flink.runtime.taskmanager.Task - Source: kafka-source -> Filter (1/1)#0 (d967640c3b0c28632abb78eb7f649aaf_cbc357ccb763df2852fee8c4fc7d55f2_0_0) switched from CREATED to DEPLOYING.
flink-identity-1                | [Source: kafka-source -> Filter (1/1)#0] INFO org.apache.flink.runtime.taskmanager.Task - Loading JAR files for task Source: kafka-source -> Filter (1/1)#0 (d967640c3b0c28632abb78eb7f649aaf_cbc357ccb763df2852fee8c4fc7d55f2_0_0) [DEPLOYING].
flink-identity-1                | [flink-pekko.actor.default-dispatcher-10] INFO org.apache.flink.runtime.taskexecutor.slot.TaskSlotTableImpl - Activate slot 0ff7eb439f140bb09ed94b07befc0faa.
flink-identity-1                | [flink-pekko.actor.default-dispatcher-10] INFO org.apache.flink.runtime.taskexecutor.TaskExecutor - Received task TumblingEventTimeWindows -> kafka-sink: Writer -> kafka-sink: Committer (1/1)#0 (d967640c3b0c28632abb78eb7f649aaf_90bea66de1c231edf33913ecd54406c1_0_0), deploy into slot with allocation id 0ff7eb439f140bb09ed94b07befc0faa.
flink-identity-1                | [TumblingEventTimeWindows -> kafka-sink: Writer -> kafka-sink: Committer (1/1)#0] INFO org.apache.flink.runtime.taskmanager.Task - TumblingEventTimeWindows -> kafka-sink: Writer -> kafka-sink: Committer (1/1)#0 (d967640c3b0c28632abb78eb7f649aaf_90bea66de1c231edf33913ecd54406c1_0_0) switched from CREATED to DEPLOYING.
flink-identity-1                | [TumblingEventTimeWindows -> kafka-sink: Writer -> kafka-sink: Committer (1/1)#0] INFO org.apache.flink.runtime.taskmanager.Task - Loading JAR files for task TumblingEventTimeWindows -> kafka-sink: Writer -> kafka-sink: Committer (1/1)#0 (d967640c3b0c28632abb78eb7f649aaf_90bea66de1c231edf33913ecd54406c1_0_0) [DEPLOYING].
flink-identity-1                | [TumblingEventTimeWindows -> kafka-sink: Writer -> kafka-sink: Committer (1/1)#0] INFO org.apache.flink.streaming.runtime.tasks.StreamTask - State backend is set to heap memory org.apache.flink.runtime.state.hashmap.HashMapStateBackend@78068b5
flink-identity-1                | [TumblingEventTimeWindows -> kafka-sink: Writer -> kafka-sink: Committer (1/1)#0] INFO org.apache.flink.runtime.state.StateBackendLoader - State backend loader loads the state backend as HashMapStateBackend
flink-identity-1                | [TumblingEventTimeWindows -> kafka-sink: Writer -> kafka-sink: Committer (1/1)#0] INFO org.apache.flink.streaming.runtime.tasks.StreamTask - Checkpoint storage is set to 'filesystem': (checkpoints "file:/tmp/flink-checkpoints")
flink-identity-1                | [Source: kafka-source -> Filter (1/1)#0] INFO org.apache.flink.streaming.runtime.tasks.StreamTask - State backend is set to heap memory org.apache.flink.runtime.state.hashmap.HashMapStateBackend@3ef6313a
flink-identity-1                | [Source: kafka-source -> Filter (1/1)#0] INFO org.apache.flink.runtime.state.StateBackendLoader - State backend loader loads the state backend as HashMapStateBackend
flink-identity-1                | [Source: kafka-source -> Filter (1/1)#0] INFO org.apache.flink.streaming.runtime.tasks.StreamTask - Checkpoint storage is set to 'filesystem': (checkpoints "file:/tmp/flink-checkpoints")
flink-identity-1                | [Source: kafka-source -> Filter (1/1)#0] INFO org.apache.flink.runtime.taskmanager.Task - Source: kafka-source -> Filter (1/1)#0 (d967640c3b0c28632abb78eb7f649aaf_cbc357ccb763df2852fee8c4fc7d55f2_0_0) switched from DEPLOYING to INITIALIZING.
flink-identity-1                | [TumblingEventTimeWindows -> kafka-sink: Writer -> kafka-sink: Committer (1/1)#0] INFO org.apache.flink.runtime.taskmanager.Task - TumblingEventTimeWindows -> kafka-sink: Writer -> kafka-sink: Committer (1/1)#0 (d967640c3b0c28632abb78eb7f649aaf_90bea66de1c231edf33913ecd54406c1_0_0) switched from DEPLOYING to INITIALIZING.
flink-identity-1                | [flink-pekko.actor.default-dispatcher-10] INFO org.apache.flink.runtime.executiongraph.ExecutionGraph - Source: kafka-source -> Filter (1/1) (d967640c3b0c28632abb78eb7f649aaf_cbc357ccb763df2852fee8c4fc7d55f2_0_0) switched from DEPLOYING to INITIALIZING.
flink-identity-1                | [flink-pekko.actor.default-dispatcher-10] INFO org.apache.flink.runtime.executiongraph.ExecutionGraph - TumblingEventTimeWindows -> kafka-sink: Writer -> kafka-sink: Committer (1/1) (d967640c3b0c28632abb78eb7f649aaf_90bea66de1c231edf33913ecd54406c1_0_0) switched from DEPLOYING to INITIALIZING.
flink-identity-1                | [Source: kafka-source -> Filter (1/1)#0] INFO org.apache.flink.connector.base.source.reader.SourceReaderBase - Rate limiting of SourceReader is disabled
flink-identity-1                | [Source: kafka-source -> Filter (1/1)#0] INFO org.apache.flink.runtime.state.StateBackendLoader - State backend is set to heap memory org.apache.flink.runtime.state.hashmap.HashMapStateBackend@29c0b780
flink-identity-1                | [TumblingEventTimeWindows -> kafka-sink: Writer -> kafka-sink: Committer (1/1)#0] INFO org.apache.flink.runtime.state.StateBackendLoader - State backend is set to heap memory org.apache.flink.runtime.state.hashmap.HashMapStateBackend@19a7d0d0
flink-identity-1                | [Source: kafka-source -> Filter (1/1)#0] INFO org.apache.flink.runtime.state.StateBackendLoader - State backend is set to heap memory org.apache.flink.runtime.state.hashmap.HashMapStateBackend@11692d88
flink-identity-1                | [TumblingEventTimeWindows -> kafka-sink: Writer -> kafka-sink: Committer (1/1)#0] INFO org.apache.flink.runtime.state.StateBackendLoader - State backend is set to heap memory org.apache.flink.runtime.state.hashmap.HashMapStateBackend@74bf63d
flink-identity-1                | [SourceCoordinator-Source: kafka-source] INFO org.apache.flink.runtime.source.coordinator.SourceCoordinator - Source Source: kafka-source registering reader for parallel task 0 (#0) @ 
flink-identity-1                | [Source: kafka-source -> Filter (1/1)#0] INFO org.apache.flink.runtime.taskmanager.Task - Source: kafka-source -> Filter (1/1)#0 (d967640c3b0c28632abb78eb7f649aaf_cbc357ccb763df2852fee8c4fc7d55f2_0_0) switched from INITIALIZING to RUNNING.
flink-identity-1                | [flink-pekko.actor.default-dispatcher-8] INFO org.apache.flink.runtime.executiongraph.ExecutionGraph - Source: kafka-source -> Filter (1/1) (d967640c3b0c28632abb78eb7f649aaf_cbc357ccb763df2852fee8c4fc7d55f2_0_0) switched from INITIALIZING to RUNNING.
flink-identity-1                | [TumblingEventTimeWindows -> kafka-sink: Writer -> kafka-sink: Committer (1/1)#0] WARN org.apache.flink.metrics.MetricGroup - Name collision: Group already contains a Metric with the name 'currentSendTime'. Metric will not be reported.[, taskmanager, d44d9eab-0b38-467a-a923-d7180ca87ff1, stream-state-bench-flink-tumbling_count, kafka-sink: Writer, 0]
flink-identity-1                | [TumblingEventTimeWindows -> kafka-sink: Writer -> kafka-sink: Committer (1/1)#0] INFO org.apache.flink.connector.kafka.sink.ExactlyOnceKafkaWriter - Aborting lingering transactions from previous execution. Recovered states: [].
flink-identity-1                | [TumblingEventTimeWindows -> kafka-sink: Writer -> kafka-sink: Committer (1/1)#0] INFO org.apache.flink.connector.kafka.sink.ExactlyOnceKafkaWriter - Aborting lingering transactions with prefixes [stream-state-bench-flink-w3-latency-tuning_control] using PROBING
flink-identity-1                | [TumblingEventTimeWindows -> kafka-sink: Writer -> kafka-sink: Committer (1/1)#0] INFO org.apache.kafka.common.config.AbstractConfig - ProducerConfig values: 
flink-identity-1                | 	acks = -1
flink-identity-1                | 	batch.size = 16384
flink-identity-1                | 	bootstrap.servers = [kafka:9092]
flink-identity-1                | 	buffer.memory = 33554432
flink-identity-1                | 	client.dns.lookup = use_all_dns_ips
flink-identity-1                | 	client.id = producer-stream-state-bench-flink-w3-latency-tuning_control-0-1
flink-identity-1                | 	compression.gzip.level = -1
flink-identity-1                | 	compression.lz4.level = 9
flink-identity-1                | 	compression.type = none
flink-identity-1                | 	compression.zstd.level = 3
flink-identity-1                | 	config.providers = []
flink-identity-1                | 	connections.max.idle.ms = 540000
flink-identity-1                | 	delivery.timeout.ms = 120000
flink-identity-1                | 	enable.idempotence = true
flink-identity-1                | 	enable.metrics.push = true
flink-identity-1                | 	interceptor.classes = []
flink-identity-1                | 	key.serializer = class org.apache.kafka.common.serialization.ByteArraySerializer
flink-identity-1                | 	linger.ms = 5
flink-identity-1                | 	max.block.ms = 60000
flink-identity-1                | 	max.in.flight.requests.per.connection = 5
flink-identity-1                | 	max.request.size = 1048576
flink-identity-1                | 	metadata.max.age.ms = 300000
flink-identity-1                | 	metadata.max.idle.ms = 300000
flink-identity-1                | 	metadata.recovery.rebootstrap.trigger.ms = 300000
flink-identity-1                | 	metadata.recovery.strategy = rebootstrap
flink-identity-1                | 	metric.reporters = [org.apache.kafka.common.metrics.JmxReporter]
flink-identity-1                | 	metrics.num.samples = 2
flink-identity-1                | 	metrics.recording.level = INFO
flink-identity-1                | 	metrics.sample.window.ms = 30000
flink-identity-1                | 	partitioner.adaptive.partitioning.enable = true
flink-identity-1                | 	partitioner.availability.timeout.ms = 0
flink-identity-1                | 	partitioner.class = null
flink-identity-1                | 	partitioner.ignore.keys = false
flink-identity-1                | 	receive.buffer.bytes = 32768
flink-identity-1                | 	reconnect.backoff.max.ms = 1000
flink-identity-1                | 	reconnect.backoff.ms = 50
flink-identity-1                | 	request.timeout.ms = 30000
flink-identity-1                | 	retries = 2147483647
flink-identity-1                | 	retry.backoff.max.ms = 1000
flink-identity-1                | 	retry.backoff.ms = 100
flink-identity-1                | 	sasl.client.callback.handler.class = null
flink-identity-1                | 	sasl.jaas.config = null
flink-identity-1                | 	sasl.kerberos.kinit.cmd = /usr/bin/kinit
flink-identity-1                | 	sasl.kerberos.min.time.before.relogin = 60000
flink-identity-1                | 	sasl.kerberos.service.name = null
flink-identity-1                | 	sasl.kerberos.ticket.renew.jitter = 0.05
flink-identity-1                | 	sasl.kerberos.ticket.renew.window.factor = 0.8
flink-identity-1                | 	sasl.login.callback.handler.class = null
flink-identity-1                | 	sasl.login.class = null
flink-identity-1                | 	sasl.login.connect.timeout.ms = null
flink-identity-1                | 	sasl.login.read.timeout.ms = null
flink-identity-1                | 	sasl.login.refresh.buffer.seconds = 300
flink-identity-1                | 	sasl.login.refresh.min.period.seconds = 60
flink-identity-1                | 	sasl.login.refresh.window.factor = 0.8
flink-identity-1                | 	sasl.login.refresh.window.jitter = 0.05
flink-identity-1                | 	sasl.login.retry.backoff.max.ms = 10000
flink-identity-1                | 	sasl.login.retry.backoff.ms = 100
flink-identity-1                | 	sasl.mechanism = GSSAPI
flink-identity-1                | 	sasl.oauthbearer.assertion.algorithm = RS256
flink-identity-1                | 	sasl.oauthbearer.assertion.claim.aud = null
flink-identity-1                | 	sasl.oauthbearer.assertion.claim.exp.seconds = 300
flink-identity-1                | 	sasl.oauthbearer.assertion.claim.iss = null
flink-identity-1                | 	sasl.oauthbearer.assertion.claim.jti.include = false
flink-identity-1                | 	sasl.oauthbearer.assertion.claim.nbf.seconds = 60
flink-identity-1                | 	sasl.oauthbearer.assertion.claim.sub = null
flink-identity-1                | 	sasl.oauthbearer.assertion.file = null
flink-identity-1                | 	sasl.oauthbearer.assertion.private.key.file = null
flink-identity-1                | 	sasl.oauthbearer.assertion.private.key.passphrase = null
flink-identity-1                | 	sasl.oauthbearer.assertion.template.file = null
flink-identity-1                | 	sasl.oauthbearer.client.credentials.client.id = null
flink-identity-1                | 	sasl.oauthbearer.client.credentials.client.secret = null
flink-identity-1                | 	sasl.oauthbearer.clock.skew.seconds = 30
flink-identity-1                | 	sasl.oauthbearer.expected.audience = []
flink-identity-1                | 	sasl.oauthbearer.expected.issuer = null
flink-identity-1                | 	sasl.oauthbearer.header.urlencode = false
flink-identity-1                | 	sasl.oauthbearer.jwks.endpoint.refresh.ms = 3600000
flink-identity-1                | 	sasl.oauthbearer.jwks.endpoint.retry.backoff.max.ms = 10000
flink-identity-1                | 	sasl.oauthbearer.jwks.endpoint.retry.backoff.ms = 100
flink-identity-1                | 	sasl.oauthbearer.jwks.endpoint.url = null
flink-identity-1                | 	sasl.oauthbearer.jwt.retriever.class = class org.apache.kafka.common.security.oauthbearer.DefaultJwtRetriever
flink-identity-1                | 	sasl.oauthbearer.jwt.validator.class = class org.apache.kafka.common.security.oauthbearer.DefaultJwtValidator
flink-identity-1                | 	sasl.oauthbearer.scope = null
flink-identity-1                | 	sasl.oauthbearer.scope.claim.name = scope
flink-identity-1                | 	sasl.oauthbearer.sub.claim.name = sub
flink-identity-1                | 	sasl.oauthbearer.token.endpoint.url = null
flink-identity-1                | 	security.protocol = PLAINTEXT
flink-identity-1                | 	security.providers = null
flink-identity-1                | 	send.buffer.bytes = 131072
flink-identity-1                | 	socket.connection.setup.timeout.max.ms = 30000
flink-identity-1                | 	socket.connection.setup.timeout.ms = 10000
flink-identity-1                | 	ssl.cipher.suites = []
flink-identity-1                | 	ssl.enabled.protocols = [TLSv1.2, TLSv1.3]
flink-identity-1                | 	ssl.endpoint.identification.algorithm = https
flink-identity-1                | 	ssl.engine.factory.class = null
flink-identity-1                | 	ssl.key.password = null
flink-identity-1                | 	ssl.keymanager.algorithm = SunX509
flink-identity-1                | 	ssl.keystore.certificate.chain = null
flink-identity-1                | 	ssl.keystore.key = null
flink-identity-1                | 	ssl.keystore.location = null
flink-identity-1                | 	ssl.keystore.password = null
flink-identity-1                | 	ssl.keystore.type = JKS
flink-identity-1                | 	ssl.protocol = TLSv1.3
flink-identity-1                | 	ssl.provider = null
flink-identity-1                | 	ssl.secure.random.implementation = null
flink-identity-1                | 	ssl.trustmanager.algorithm = PKIX
flink-identity-1                | 	ssl.truststore.certificates = null
flink-identity-1                | 	ssl.truststore.location = null
flink-identity-1                | 	ssl.truststore.password = null
flink-identity-1                | 	ssl.truststore.type = JKS
flink-identity-1                | 	transaction.timeout.ms = 300000
flink-identity-1                | 	transaction.two.phase.commit.enable = false
flink-identity-1                | 	transactional.id = stream-state-bench-flink-w3-latency-tuning_control-0-1
flink-identity-1                | 	value.serializer = class org.apache.kafka.common.serialization.ByteArraySerializer
flink-identity-1                | 
flink-identity-1                | [TumblingEventTimeWindows -> kafka-sink: Writer -> kafka-sink: Committer (1/1)#0] INFO org.apache.kafka.common.telemetry.internals.KafkaMetricsCollector - initializing Kafka metrics collector
flink-identity-1                | [TumblingEventTimeWindows -> kafka-sink: Writer -> kafka-sink: Committer (1/1)#0] INFO org.apache.kafka.clients.producer.KafkaProducer - [Producer clientId=producer-stream-state-bench-flink-w3-latency-tuning_control-0-1, transactionalId=stream-state-bench-flink-w3-latency-tuning_control-0-1] Instantiated a transactional producer.
flink-identity-1                | [TumblingEventTimeWindows -> kafka-sink: Writer -> kafka-sink: Committer (1/1)#0] INFO org.apache.kafka.common.utils.AppInfoParser - Kafka version: 4.2.0
flink-identity-1                | [TumblingEventTimeWindows -> kafka-sink: Writer -> kafka-sink: Committer (1/1)#0] INFO org.apache.kafka.common.utils.AppInfoParser - Kafka commitId: a18251bae0b825c6
flink-identity-1                | [TumblingEventTimeWindows -> kafka-sink: Writer -> kafka-sink: Committer (1/1)#0] INFO org.apache.kafka.common.utils.AppInfoParser - Kafka startTimeMs: 1784315165452
flink-identity-1                | [TumblingEventTimeWindows -> kafka-sink: Writer -> kafka-sink: Committer (1/1)#0] INFO org.apache.flink.connector.kafka.sink.internal.FlinkKafkaInternalProducer - Created transactional FlinkKafkaInternalProducer@1225160015{transactionalId='stream-state-bench-flink-w3-latency-tuning_control-0-1', transactionState=NOT_IN_TRANSACTION, closed=false}
flink-identity-1                | [TumblingEventTimeWindows -> kafka-sink: Writer -> kafka-sink: Committer (1/1)#0] INFO org.apache.kafka.clients.producer.internals.TransactionManager - [Producer clientId=producer-stream-state-bench-flink-w3-latency-tuning_control-0-1, transactionalId=stream-state-bench-flink-w3-latency-tuning_control-0-1] Invoking InitProducerId for the first time in order to acquire a producer ID
flink-identity-1                | [kafka-producer-network-thread | producer-stream-state-bench-flink-w3-latency-tuning_control-0-1] INFO org.apache.kafka.clients.Metadata - [Producer clientId=producer-stream-state-bench-flink-w3-latency-tuning_control-0-1, transactionalId=stream-state-bench-flink-w3-latency-tuning_control-0-1] Cluster ID: MkU3OEVBNTcwNTJENDM2Qk
flink-identity-1                | [SourceCoordinator-Source: kafka-source] INFO org.apache.flink.connector.kafka.source.enumerator.KafkaSourceEnumerator - Discovered new partitions: [bench-w3-latency-input-0]
flink-identity-1                | [SourceCoordinator-Source: kafka-source] INFO org.apache.flink.connector.kafka.source.enumerator.KafkaSourceEnumerator - Partition split changes: PartitionSplitChange{newPartitionSplits=[[Partition: bench-w3-latency-input-0, StartingOffset: -2, StoppingOffset: -9223372036854775808]], removedPartitions=[]}
flink-identity-1                | [SourceCoordinator-Source: kafka-source] INFO org.apache.flink.connector.kafka.source.enumerator.KafkaSourceEnumerator - Assigning splits to readers {0=[[Partition: bench-w3-latency-input-0, StartingOffset: -2, StoppingOffset: -9223372036854775808]]}
flink-identity-1                | [Source: kafka-source -> Filter (1/1)#0] INFO org.apache.flink.connector.base.source.reader.SourceReaderBase - Adding split(s) to reader: [[Partition: bench-w3-latency-input-0, StartingOffset: -2, StoppingOffset: -9223372036854775808]]
flink-identity-1                | [Source: kafka-source -> Filter (1/1)#0] INFO org.apache.kafka.common.config.AbstractConfig - ConsumerConfig values: 
flink-identity-1                | 	allow.auto.create.topics = true
flink-identity-1                | 	auto.commit.interval.ms = 5000
flink-identity-1                | 	auto.offset.reset = earliest
flink-identity-1                | 	bootstrap.servers = [kafka:9092]
flink-identity-1                | 	check.crcs = true
flink-identity-1                | 	client.dns.lookup = use_all_dns_ips
flink-identity-1                | 	client.id = stream-state-bench-flink-w3-latency-tuning_control-0
flink-identity-1                | 	client.rack = 
flink-identity-1                | 	config.providers = []
flink-identity-1                | 	connections.max.idle.ms = 540000
flink-identity-1                | 	default.api.timeout.ms = 60000
flink-identity-1                | 	enable.auto.commit = false
flink-identity-1                | 	enable.metrics.push = true
flink-identity-1                | 	exclude.internal.topics = true
flink-identity-1                | 	fetch.max.bytes = 52428800
flink-identity-1                | 	fetch.max.wait.ms = 500
flink-identity-1                | 	fetch.min.bytes = 1
flink-identity-1                | 	group.id = stream-state-bench-flink-w3-latency-tuning_control
flink-identity-1                | 	group.instance.id = null
flink-identity-1                | 	group.protocol = classic
flink-identity-1                | 	group.remote.assignor = null
flink-identity-1                | 	heartbeat.interval.ms = 3000
flink-identity-1                | 	interceptor.classes = []
flink-identity-1                | 	internal.throw.on.fetch.stable.offset.unsupported = false
flink-identity-1                | 	isolation.level = read_uncommitted
flink-identity-1                | 	key.deserializer = class org.apache.kafka.common.serialization.ByteArrayDeserializer
flink-identity-1                | 	max.partition.fetch.bytes = 1048576
flink-identity-1                | 	max.poll.interval.ms = 300000
flink-identity-1                | 	max.poll.records = 500
flink-identity-1                | 	metadata.max.age.ms = 300000
flink-identity-1                | 	metadata.recovery.rebootstrap.trigger.ms = 300000
flink-identity-1                | 	metadata.recovery.strategy = rebootstrap
flink-identity-1                | 	metric.reporters = [org.apache.kafka.common.metrics.JmxReporter]
flink-identity-1                | 	metrics.num.samples = 2
flink-identity-1                | 	metrics.recording.level = INFO
flink-identity-1                | 	metrics.sample.window.ms = 30000
flink-identity-1                | 	partition.assignment.strategy = [class org.apache.kafka.clients.consumer.RangeAssignor, class org.apache.kafka.clients.consumer.CooperativeStickyAssignor]
flink-identity-1                | 	receive.buffer.bytes = 65536
flink-identity-1                | 	reconnect.backoff.max.ms = 1000
flink-identity-1                | 	reconnect.backoff.ms = 50
flink-identity-1                | 	request.timeout.ms = 30000
flink-identity-1                | 	retry.backoff.max.ms = 1000
flink-identity-1                | 	retry.backoff.ms = 100
flink-identity-1                | 	sasl.client.callback.handler.class = null
flink-identity-1                | 	sasl.jaas.config = null
flink-identity-1                | 	sasl.kerberos.kinit.cmd = /usr/bin/kinit
flink-identity-1                | 	sasl.kerberos.min.time.before.relogin = 60000
flink-identity-1                | 	sasl.kerberos.service.name = null
flink-identity-1                | 	sasl.kerberos.ticket.renew.jitter = 0.05
flink-identity-1                | 	sasl.kerberos.ticket.renew.window.factor = 0.8
flink-identity-1                | 	sasl.login.callback.handler.class = null
flink-identity-1                | 	sasl.login.class = null
flink-identity-1                | 	sasl.login.connect.timeout.ms = null
flink-identity-1                | 	sasl.login.read.timeout.ms = null
flink-identity-1                | 	sasl.login.refresh.buffer.seconds = 300
flink-identity-1                | 	sasl.login.refresh.min.period.seconds = 60
flink-identity-1                | 	sasl.login.refresh.window.factor = 0.8
flink-identity-1                | 	sasl.login.refresh.window.jitter = 0.05
flink-identity-1                | 	sasl.login.retry.backoff.max.ms = 10000
flink-identity-1                | 	sasl.login.retry.backoff.ms = 100
flink-identity-1                | 	sasl.mechanism = GSSAPI
flink-identity-1                | 	sasl.oauthbearer.assertion.algorithm = RS256
flink-identity-1                | 	sasl.oauthbearer.assertion.claim.aud = null
flink-identity-1                | 	sasl.oauthbearer.assertion.claim.exp.seconds = 300
flink-identity-1                | 	sasl.oauthbearer.assertion.claim.iss = null
flink-identity-1                | 	sasl.oauthbearer.assertion.claim.jti.include = false
flink-identity-1                | 	sasl.oauthbearer.assertion.claim.nbf.seconds = 60
flink-identity-1                | 	sasl.oauthbearer.assertion.claim.sub = null
flink-identity-1                | 	sasl.oauthbearer.assertion.file = null
flink-identity-1                | 	sasl.oauthbearer.assertion.private.key.file = null
flink-identity-1                | 	sasl.oauthbearer.assertion.private.key.passphrase = null
flink-identity-1                | 	sasl.oauthbearer.assertion.template.file = null
flink-identity-1                | 	sasl.oauthbearer.client.credentials.client.id = null
flink-identity-1                | 	sasl.oauthbearer.client.credentials.client.secret = null
flink-identity-1                | 	sasl.oauthbearer.clock.skew.seconds = 30
flink-identity-1                | 	sasl.oauthbearer.expected.audience = []
flink-identity-1                | 	sasl.oauthbearer.expected.issuer = null
flink-identity-1                | 	sasl.oauthbearer.header.urlencode = false
flink-identity-1                | 	sasl.oauthbearer.jwks.endpoint.refresh.ms = 3600000
flink-identity-1                | 	sasl.oauthbearer.jwks.endpoint.retry.backoff.max.ms = 10000
flink-identity-1                | 	sasl.oauthbearer.jwks.endpoint.retry.backoff.ms = 100
flink-identity-1                | 	sasl.oauthbearer.jwks.endpoint.url = null
flink-identity-1                | 	sasl.oauthbearer.jwt.retriever.class = class org.apache.kafka.common.security.oauthbearer.DefaultJwtRetriever
flink-identity-1                | 	sasl.oauthbearer.jwt.validator.class = class org.apache.kafka.common.security.oauthbearer.DefaultJwtValidator
flink-identity-1                | 	sasl.oauthbearer.scope = null
flink-identity-1                | 	sasl.oauthbearer.scope.claim.name = scope
flink-identity-1                | 	sasl.oauthbearer.sub.claim.name = sub
flink-identity-1                | 	sasl.oauthbearer.token.endpoint.url = null
flink-identity-1                | 	security.protocol = PLAINTEXT
flink-identity-1                | 	security.providers = null
flink-identity-1                | 	send.buffer.bytes = 131072
flink-identity-1                | 	session.timeout.ms = 45000
flink-identity-1                | 	share.acknowledgement.mode = implicit
flink-identity-1                | 	share.acquire.mode = BATCH_OPTIMIZED
flink-identity-1                | 	socket.connection.setup.timeout.max.ms = 30000
flink-identity-1                | 	socket.connection.setup.timeout.ms = 10000
flink-identity-1                | 	ssl.cipher.suites = []
flink-identity-1                | 	ssl.enabled.protocols = [TLSv1.2, TLSv1.3]
flink-identity-1                | 	ssl.endpoint.identification.algorithm = https
flink-identity-1                | 	ssl.engine.factory.class = null
flink-identity-1                | 	ssl.key.password = null
flink-identity-1                | 	ssl.keymanager.algorithm = SunX509
flink-identity-1                | 	ssl.keystore.certificate.chain = null
stream-state-bench-flink-kafka  | 	group.share.min.record.lock.duration.ms = 15000
stream-state-bench-flink-kafka  | 	group.share.min.session.timeout.ms = 45000
stream-state-bench-flink-kafka  | 	group.share.partition.max.record.locks = 2000
stream-state-bench-flink-kafka  | 	group.share.persister.class.name = org.apache.kafka.server.share.persister.DefaultStatePersister
stream-state-bench-flink-kafka  | 	group.share.record.lock.duration.ms = 30000
stream-state-bench-flink-kafka  | 	group.share.session.timeout.ms = 45000
stream-state-bench-flink-kafka  | 	group.streams.assignment.interval.ms = 1000
stream-state-bench-flink-kafka  | 	group.streams.heartbeat.interval.ms = 5000
stream-state-bench-flink-kafka  | 	group.streams.initial.rebalance.delay.ms = 3000
stream-state-bench-flink-kafka  | 	group.streams.max.assignment.interval.ms = 15000
stream-state-bench-flink-kafka  | 	group.streams.max.heartbeat.interval.ms = 15000
stream-state-bench-flink-kafka  | 	group.streams.max.session.timeout.ms = 60000
stream-state-bench-flink-kafka  | 	group.streams.max.size = 2147483647
stream-state-bench-flink-kafka  | 	group.streams.max.standby.replicas = 2
stream-state-bench-flink-kafka  | 	group.streams.min.assignment.interval.ms = 0
stream-state-bench-flink-kafka  | 	group.streams.min.heartbeat.interval.ms = 5000
stream-state-bench-flink-kafka  | 	group.streams.min.session.timeout.ms = 45000
stream-state-bench-flink-kafka  | 	group.streams.num.standby.replicas = 0
stream-state-bench-flink-kafka  | 	group.streams.session.timeout.ms = 45000
stream-state-bench-flink-kafka  | 	initial.broker.registration.timeout.ms = 60000
stream-state-bench-flink-kafka  | 	inter.broker.listener.name = null
stream-state-bench-flink-kafka  | 	internal.metadata.delete.delay.millis = 60000
stream-state-bench-flink-kafka  | 	internal.metadata.log.segment.bytes = null
stream-state-bench-flink-kafka  | 	internal.metadata.max.batch.size.in.bytes = 8388608
stream-state-bench-flink-kafka  | 	kafka.metrics.polling.interval.secs = 10
stream-state-bench-flink-kafka  | 	kafka.metrics.reporters = []
stream-state-bench-flink-kafka  | 	leader.imbalance.check.interval.seconds = 300
stream-state-bench-flink-kafka  | 	listener.security.protocol.map = CONTROLLER:PLAINTEXT,PLAINTEXT:PLAINTEXT
stream-state-bench-flink-kafka  | 	listeners = [PLAINTEXT://:9092, CONTROLLER://:9093]
stream-state-bench-flink-kafka  | 	log.cleaner.backoff.ms = 15000
stream-state-bench-flink-kafka  | 	log.cleaner.dedupe.buffer.size = 134217728
stream-state-bench-flink-kafka  | 	log.cleaner.delete.retention.ms = 86400000
stream-state-bench-flink-kafka  | 	log.cleaner.enable = true
stream-state-bench-flink-kafka  | 	log.cleaner.io.buffer.load.factor = 0.9
stream-state-bench-flink-kafka  | 	log.cleaner.io.buffer.size = 524288
stream-state-bench-flink-kafka  | 	log.cleaner.io.max.bytes.per.second = 1.7976931348623157E308
stream-state-bench-flink-kafka  | 	log.cleaner.max.compaction.lag.ms = 9223372036854775807
stream-state-bench-flink-kafka  | 	log.cleaner.min.cleanable.ratio = 0.5
stream-state-bench-flink-kafka  | 	log.cleaner.min.compaction.lag.ms = 0
stream-state-bench-flink-kafka  | 	log.cleaner.threads = 1
stream-state-bench-flink-kafka  | 	log.cleanup.policy = [delete]
stream-state-bench-flink-kafka  | 	log.dir = [/tmp/kafka-logs]
stream-state-bench-flink-kafka  | 	log.dir.failure.timeout.ms = 30000
stream-state-bench-flink-kafka  | 	log.dirs = null
stream-state-bench-flink-kafka  | 	log.flush.interval.messages = 9223372036854775807
stream-state-bench-flink-kafka  | 	log.flush.interval.ms = null
stream-state-bench-flink-kafka  | 	log.flush.offset.checkpoint.interval.ms = 60000
stream-state-bench-flink-kafka  | 	log.flush.scheduler.interval.ms = 9223372036854775807
stream-state-bench-flink-kafka  | 	log.flush.start.offset.checkpoint.interval.ms = 60000
stream-state-bench-flink-kafka  | 	log.index.interval.bytes = 4096
stream-state-bench-flink-kafka  | 	log.index.size.max.bytes = 10485760
stream-state-bench-flink-kafka  | 	log.initial.task.delay.ms = 30000
stream-state-bench-flink-kafka  | 	log.local.retention.bytes = -2
stream-state-bench-flink-kafka  | 	log.local.retention.ms = -2
stream-state-bench-flink-kafka  | 	log.message.timestamp.after.max.ms = 3600000
stream-state-bench-flink-kafka  | 	log.message.timestamp.before.max.ms = 9223372036854775807
stream-state-bench-flink-kafka  | 	log.message.timestamp.type = CreateTime
stream-state-bench-flink-kafka  | 	log.preallocate = false
stream-state-bench-flink-kafka  | 	log.retention.bytes = -1
stream-state-bench-flink-kafka  | 	log.retention.check.interval.ms = 300000
stream-state-bench-flink-kafka  | 	log.retention.hours = 168
stream-state-bench-flink-kafka  | 	log.retention.minutes = null
stream-state-bench-flink-kafka  | 	log.retention.ms = null
stream-state-bench-flink-kafka  | 	log.roll.hours = 168
stream-state-bench-flink-kafka  | 	log.roll.jitter.hours = 0
stream-state-bench-flink-kafka  | 	log.roll.jitter.ms = null
stream-state-bench-flink-kafka  | 	log.roll.ms = null
stream-state-bench-flink-kafka  | 	log.segment.bytes = 1073741824
stream-state-bench-flink-kafka  | 	log.segment.delete.delay.ms = 60000
stream-state-bench-flink-kafka  | 	max.connection.creation.rate = 2147483647
stream-state-bench-flink-kafka  | 	max.connections = 2147483647
stream-state-bench-flink-kafka  | 	max.connections.per.ip = 2147483647
stream-state-bench-flink-kafka  | 	max.connections.per.ip.overrides = 
stream-state-bench-flink-kafka  | 	max.incremental.fetch.session.cache.slots = 1000
stream-state-bench-flink-kafka  | 	max.request.partition.size.limit = 2000
stream-state-bench-flink-kafka  | 	message.max.bytes = 1048588
stream-state-bench-flink-kafka  | 	metadata.log.dir = null
stream-state-bench-flink-kafka  | 	metadata.log.max.record.bytes.between.snapshots = 20971520
stream-state-bench-flink-kafka  | 	metadata.log.max.snapshot.interval.ms = 3600000
stream-state-bench-flink-kafka  | 	metadata.log.segment.bytes = 1073741824
stream-state-bench-flink-kafka  | 	metadata.log.segment.ms = 604800000
stream-state-bench-flink-kafka  | 	metadata.max.idle.interval.ms = 500
stream-state-bench-flink-kafka  | 	metadata.max.retention.bytes = 104857600
stream-state-bench-flink-kafka  | 	metadata.max.retention.ms = 604800000
stream-state-bench-flink-kafka  | 	metric.reporters = [org.apache.kafka.common.metrics.JmxReporter]
stream-state-bench-flink-kafka  | 	metrics.num.samples = 2
stream-state-bench-flink-kafka  | 	metrics.recording.level = INFO
stream-state-bench-flink-kafka  | 	metrics.sample.window.ms = 30000
stream-state-bench-flink-kafka  | 	min.insync.replicas = 1
stream-state-bench-flink-kafka  | 	node.id = 1
stream-state-bench-flink-kafka  | 	num.io.threads = 8
stream-state-bench-flink-kafka  | 	num.network.threads = 3
stream-state-bench-flink-kafka  | 	num.partitions = 1
stream-state-bench-flink-kafka  | 	num.recovery.threads.per.data.dir = 2
stream-state-bench-flink-kafka  | 	num.replica.alter.log.dirs.threads = null
stream-state-bench-flink-kafka  | 	num.replica.fetchers = 1
stream-state-bench-flink-kafka  | 	offset.metadata.max.bytes = 4096
stream-state-bench-flink-kafka  | 	offsets.commit.timeout.ms = 5000
stream-state-bench-flink-kafka  | 	offsets.load.buffer.size = 5242880
stream-state-bench-flink-kafka  | 	offsets.retention.check.interval.ms = 600000
stream-state-bench-flink-kafka  | 	offsets.retention.minutes = 10080
stream-state-bench-flink-kafka  | 	offsets.topic.compression.codec = 0
stream-state-bench-flink-kafka  | 	offsets.topic.num.partitions = 50
stream-state-bench-flink-kafka  | 	offsets.topic.replication.factor = 1
stream-state-bench-flink-kafka  | 	offsets.topic.segment.bytes = 104857600
stream-state-bench-flink-kafka  | 	principal.builder.class = class org.apache.kafka.common.security.authenticator.DefaultKafkaPrincipalBuilder
stream-state-bench-flink-kafka  | 	process.roles = [broker, controller]
stream-state-bench-flink-kafka  | 	producer.id.expiration.check.interval.ms = 600000
stream-state-bench-flink-kafka  | 	producer.id.expiration.ms = 86400000
stream-state-bench-flink-kafka  | 	producer.purgatory.purge.interval.requests = 1000
stream-state-bench-flink-kafka  | 	queued.max.request.bytes = -1
stream-state-bench-flink-kafka  | 	queued.max.requests = 500
stream-state-bench-flink-kafka  | 	quota.window.num = 11
stream-state-bench-flink-kafka  | 	quota.window.size.seconds = 1
stream-state-bench-flink-kafka  | 	remote.fetch.max.wait.ms = 500
stream-state-bench-flink-kafka  | 	remote.list.offsets.request.timeout.ms = 30000
stream-state-bench-flink-kafka  | 	remote.log.index.file.cache.total.size.bytes = 1073741824
stream-state-bench-flink-kafka  | 	remote.log.index.file.cache.ttl.ms = 900000
stream-state-bench-flink-kafka  | 	remote.log.manager.copier.thread.pool.size = 10
stream-state-bench-flink-kafka  | 	remote.log.manager.copy.max.bytes.per.second = 9223372036854775807
stream-state-bench-flink-kafka  | 	remote.log.manager.copy.quota.window.num = 11
stream-state-bench-flink-kafka  | 	remote.log.manager.copy.quota.window.size.seconds = 1
stream-state-bench-flink-kafka  | 	remote.log.manager.expiration.thread.pool.size = 10
stream-state-bench-flink-kafka  | 	remote.log.manager.fetch.max.bytes.per.second = 9223372036854775807
stream-state-bench-flink-kafka  | 	remote.log.manager.fetch.quota.window.num = 11
stream-state-bench-flink-kafka  | 	remote.log.manager.fetch.quota.window.size.seconds = 1
stream-state-bench-flink-kafka  | 	remote.log.manager.follower.thread.pool.size = 2
stream-state-bench-flink-kafka  | 	remote.log.manager.task.interval.ms = 30000
stream-state-bench-flink-kafka  | 	remote.log.manager.task.retry.backoff.max.ms = 30000
stream-state-bench-flink-kafka  | 	remote.log.manager.task.retry.backoff.ms = 500
stream-state-bench-flink-kafka  | 	remote.log.manager.task.retry.jitter = 0.2
stream-state-bench-flink-kafka  | 	remote.log.manager.thread.pool.size = 2
stream-state-bench-flink-kafka  | 	remote.log.metadata.custom.metadata.max.bytes = 128
stream-state-bench-flink-kafka  | 	remote.log.metadata.manager.class.name = org.apache.kafka.server.log.remote.metadata.storage.TopicBasedRemoteLogMetadataManager
stream-state-bench-flink-kafka  | 	remote.log.metadata.manager.class.path = null
stream-state-bench-flink-kafka  | 	remote.log.metadata.manager.impl.prefix = rlmm.config.
stream-state-bench-flink-kafka  | 	remote.log.metadata.manager.listener.name = null
stream-state-bench-flink-kafka  | 	remote.log.reader.max.pending.tasks = 100
stream-state-bench-flink-kafka  | 	remote.log.reader.threads = 10
stream-state-bench-flink-kafka  | 	remote.log.storage.manager.class.name = null
stream-state-bench-flink-kafka  | 	remote.log.storage.manager.class.path = null
stream-state-bench-flink-kafka  | 	remote.log.storage.manager.impl.prefix = rsm.config.
stream-state-bench-flink-kafka  | 	remote.log.storage.system.enable = false
stream-state-bench-flink-kafka  | 	replica.fetch.backoff.ms = 1000
stream-state-bench-flink-kafka  | 	replica.fetch.max.bytes = 1048576
stream-state-bench-flink-kafka  | 	replica.fetch.min.bytes = 1
stream-state-bench-flink-kafka  | 	replica.fetch.response.max.bytes = 10485760
stream-state-bench-flink-kafka  | 	replica.fetch.wait.max.ms = 500
stream-state-bench-flink-kafka  | 	replica.high.watermark.checkpoint.interval.ms = 5000
stream-state-bench-flink-kafka  | 	replica.lag.time.max.ms = 30000
stream-state-bench-flink-kafka  | 	replica.selector.class = null
stream-state-bench-flink-kafka  | 	replica.socket.receive.buffer.bytes = 65536
stream-state-bench-flink-kafka  | 	replica.socket.timeout.ms = 30000
stream-state-bench-flink-kafka  | 	replication.quota.window.num = 11
stream-state-bench-flink-kafka  | 	replication.quota.window.size.seconds = 1
stream-state-bench-flink-kafka  | 	request.timeout.ms = 30000
stream-state-bench-flink-kafka  | 	sasl.client.callback.handler.class = null
stream-state-bench-flink-kafka  | 	sasl.enabled.mechanisms = [GSSAPI]
stream-state-bench-flink-kafka  | 	sasl.jaas.config = null
stream-state-bench-flink-kafka  | 	sasl.kerberos.kinit.cmd = /usr/bin/kinit
stream-state-bench-flink-kafka  | 	sasl.kerberos.min.time.before.relogin = 60000
stream-state-bench-flink-kafka  | 	sasl.kerberos.principal.to.local.rules = [DEFAULT]
stream-state-bench-flink-kafka  | 	sasl.kerberos.service.name = null
stream-state-bench-flink-kafka  | 	sasl.kerberos.ticket.renew.jitter = 0.05
stream-state-bench-flink-kafka  | 	sasl.kerberos.ticket.renew.window.factor = 0.8
stream-state-bench-flink-kafka  | 	sasl.login.callback.handler.class = null
stream-state-bench-flink-kafka  | 	sasl.login.class = null
stream-state-bench-flink-kafka  | 	sasl.login.connect.timeout.ms = null
stream-state-bench-flink-kafka  | 	sasl.login.read.timeout.ms = null
stream-state-bench-flink-kafka  | 	sasl.login.refresh.buffer.seconds = 300
stream-state-bench-flink-kafka  | 	sasl.login.refresh.min.period.seconds = 60
stream-state-bench-flink-kafka  | 	sasl.login.refresh.window.factor = 0.8
stream-state-bench-flink-kafka  | 	sasl.login.refresh.window.jitter = 0.05
stream-state-bench-flink-kafka  | 	sasl.login.retry.backoff.max.ms = 10000
stream-state-bench-flink-kafka  | 	sasl.login.retry.backoff.ms = 100
stream-state-bench-flink-kafka  | 	sasl.mechanism.controller.protocol = GSSAPI
stream-state-bench-flink-kafka  | 	sasl.mechanism.inter.broker.protocol = GSSAPI
stream-state-bench-flink-kafka  | 	sasl.oauthbearer.assertion.algorithm = RS256
stream-state-bench-flink-kafka  | 	sasl.oauthbearer.assertion.claim.aud = null
stream-state-bench-flink-kafka  | 	sasl.oauthbearer.assertion.claim.exp.seconds = 300
stream-state-bench-flink-kafka  | 	sasl.oauthbearer.assertion.claim.iss = null
stream-state-bench-flink-kafka  | 	sasl.oauthbearer.assertion.claim.jti.include = false
stream-state-bench-flink-kafka  | 	sasl.oauthbearer.assertion.claim.nbf.seconds = 60
stream-state-bench-flink-kafka  | 	sasl.oauthbearer.assertion.claim.sub = null
stream-state-bench-flink-kafka  | 	sasl.oauthbearer.assertion.file = null
stream-state-bench-flink-kafka  | 	sasl.oauthbearer.assertion.private.key.file = null
stream-state-bench-flink-kafka  | 	sasl.oauthbearer.assertion.private.key.passphrase = null
stream-state-bench-flink-kafka  | 	sasl.oauthbearer.assertion.template.file = null
stream-state-bench-flink-kafka  | 	sasl.oauthbearer.client.credentials.client.id = null
stream-state-bench-flink-kafka  | 	sasl.oauthbearer.client.credentials.client.secret = null
stream-state-bench-flink-kafka  | 	sasl.oauthbearer.clock.skew.seconds = 30
stream-state-bench-flink-kafka  | 	sasl.oauthbearer.expected.audience = []
stream-state-bench-flink-kafka  | 	sasl.oauthbearer.expected.issuer = null
stream-state-bench-flink-kafka  | 	sasl.oauthbearer.jwks.endpoint.refresh.ms = 3600000
stream-state-bench-flink-kafka  | 	sasl.oauthbearer.jwks.endpoint.retry.backoff.max.ms = 10000
stream-state-bench-flink-kafka  | 	sasl.oauthbearer.jwks.endpoint.retry.backoff.ms = 100
stream-state-bench-flink-kafka  | 	sasl.oauthbearer.jwks.endpoint.url = null
stream-state-bench-flink-kafka  | 	sasl.oauthbearer.jwt.retriever.class = class org.apache.kafka.common.security.oauthbearer.DefaultJwtRetriever
stream-state-bench-flink-kafka  | 	sasl.oauthbearer.jwt.validator.class = class org.apache.kafka.common.security.oauthbearer.DefaultJwtValidator
stream-state-bench-flink-kafka  | 	sasl.oauthbearer.scope = null
stream-state-bench-flink-kafka  | 	sasl.oauthbearer.scope.claim.name = scope
stream-state-bench-flink-kafka  | 	sasl.oauthbearer.sub.claim.name = sub
stream-state-bench-flink-kafka  | 	sasl.oauthbearer.token.endpoint.url = null
stream-state-bench-flink-kafka  | 	sasl.server.callback.handler.class = null
stream-state-bench-flink-kafka  | 	sasl.server.max.receive.size = 524288
stream-state-bench-flink-kafka  | 	security.inter.broker.protocol = PLAINTEXT
stream-state-bench-flink-kafka  | 	security.providers = null
stream-state-bench-flink-kafka  | 	server.max.startup.time.ms = 9223372036854775807
stream-state-bench-flink-kafka  | 	share.coordinator.append.linger.ms = -1
stream-state-bench-flink-kafka  | 	share.coordinator.cached.buffer.max.bytes = 1048588
stream-state-bench-flink-kafka  | 	share.coordinator.cold.partition.snapshot.interval.ms = 300000
stream-state-bench-flink-kafka  | 	share.coordinator.load.buffer.size = 5242880
stream-state-bench-flink-kafka  | 	share.coordinator.snapshot.update.records.per.snapshot = 500
stream-state-bench-flink-kafka  | 	share.coordinator.state.topic.compression.codec = 0
stream-state-bench-flink-kafka  | 	share.coordinator.state.topic.min.isr = 2
stream-state-bench-flink-kafka  | 	share.coordinator.state.topic.num.partitions = 50
stream-state-bench-flink-kafka  | 	share.coordinator.state.topic.prune.interval.ms = 300000
stream-state-bench-flink-kafka  | 	share.coordinator.state.topic.replication.factor = 3
stream-state-bench-flink-kafka  | 	share.coordinator.state.topic.segment.bytes = 104857600
stream-state-bench-flink-kafka  | 	share.coordinator.threads = 1
stream-state-bench-flink-kafka  | 	share.coordinator.write.timeout.ms = 5000
stream-state-bench-flink-kafka  | 	share.fetch.purgatory.purge.interval.requests = 1000
stream-state-bench-flink-kafka  | 	socket.connection.setup.timeout.max.ms = 30000
stream-state-bench-flink-kafka  | 	socket.connection.setup.timeout.ms = 10000
stream-state-bench-flink-kafka  | 	socket.listen.backlog.size = 50
stream-state-bench-flink-kafka  | 	socket.receive.buffer.bytes = 102400
stream-state-bench-flink-kafka  | 	socket.request.max.bytes = 104857600
stream-state-bench-flink-kafka  | 	socket.send.buffer.bytes = 102400
stream-state-bench-flink-kafka  | 	ssl.allow.dn.changes = false
stream-state-bench-flink-kafka  | 	ssl.allow.san.changes = false
stream-state-bench-flink-kafka  | 	ssl.cipher.suites = []
stream-state-bench-flink-kafka  | 	ssl.client.auth = none
stream-state-bench-flink-kafka  | 	ssl.enabled.protocols = [TLSv1.2, TLSv1.3]
stream-state-bench-flink-kafka  | 	ssl.endpoint.identification.algorithm = https
stream-state-bench-flink-kafka  | 	ssl.engine.factory.class = null
stream-state-bench-flink-kafka  | 	ssl.key.password = null
stream-state-bench-flink-kafka  | 	ssl.keymanager.algorithm = SunX509
stream-state-bench-flink-kafka  | 	ssl.keystore.certificate.chain = null
stream-state-bench-flink-kafka  | 	ssl.keystore.key = null
stream-state-bench-flink-kafka  | 	ssl.keystore.location = null
stream-state-bench-flink-kafka  | 	ssl.keystore.password = null
stream-state-bench-flink-kafka  | 	ssl.keystore.type = JKS
stream-state-bench-flink-kafka  | 	ssl.principal.mapping.rules = DEFAULT
stream-state-bench-flink-kafka  | 	ssl.protocol = TLSv1.3
stream-state-bench-flink-kafka  | 	ssl.provider = null
stream-state-bench-flink-kafka  | 	ssl.secure.random.implementation = null
stream-state-bench-flink-kafka  | 	ssl.trustmanager.algorithm = PKIX
stream-state-bench-flink-kafka  | 	ssl.truststore.certificates = null
stream-state-bench-flink-kafka  | 	ssl.truststore.location = null
stream-state-bench-flink-kafka  | 	ssl.truststore.password = null
stream-state-bench-flink-kafka  | 	ssl.truststore.type = JKS
stream-state-bench-flink-kafka  | 	telemetry.max.bytes = 1048576
stream-state-bench-flink-kafka  | 	transaction.abort.timed.out.transaction.cleanup.interval.ms = 10000
stream-state-bench-flink-kafka  | 	transaction.max.timeout.ms = 900000
stream-state-bench-flink-kafka  | 	transaction.partition.verification.enable = true
stream-state-bench-flink-kafka  | 	transaction.remove.expired.transaction.cleanup.interval.ms = 3600000
stream-state-bench-flink-kafka  | 	transaction.state.log.load.buffer.size = 5242880
stream-state-bench-flink-kafka  | 	transaction.state.log.min.isr = 1
stream-state-bench-flink-kafka  | 	transaction.state.log.num.partitions = 50
stream-state-bench-flink-kafka  | 	transaction.state.log.replication.factor = 1
stream-state-bench-flink-kafka  | 	transaction.state.log.segment.bytes = 104857600
stream-state-bench-flink-kafka  | 	transaction.two.phase.commit.enable = false
stream-state-bench-flink-kafka  | 	transactional.id.expiration.ms = 604800000
stream-state-bench-flink-kafka  | 	unclean.leader.election.enable = false
stream-state-bench-flink-kafka  | 	unclean.leader.election.interval.ms = 300000
stream-state-bench-flink-kafka  | 	unstable.api.versions.enable = false
stream-state-bench-flink-kafka  | 	unstable.feature.versions.enable = false
stream-state-bench-flink-kafka  |  (org.apache.kafka.common.config.AbstractConfig)
stream-state-bench-flink-kafka  | [2026-07-17 19:05:57,678] INFO [BrokerMetadataPublisher id=1] Feature share.version has been updated to version 1 (kafka.server.metadata.BrokerMetadataPublisher)
stream-state-bench-flink-kafka  | [2026-07-17 19:05:57,678] INFO [MetadataLoader id=1] InitializeNewPublishers: initializing BrokerRegistrationTracker(id=1) with a snapshot at offset 10 (org.apache.kafka.image.loader.MetadataLoader)
stream-state-bench-flink-kafka  | [2026-07-17 19:05:57,690] INFO [BrokerLifecycleManager id=1] The broker has caught up. Transitioning from STARTING to RECOVERY. (org.apache.kafka.server.BrokerLifecycleManager)
stream-state-bench-flink-kafka  | [2026-07-17 19:05:57,690] INFO [BrokerServer id=1] Finished waiting for the controller to acknowledge that we are caught up (kafka.server.BrokerServer)
stream-state-bench-flink-kafka  | [2026-07-17 19:05:57,690] INFO [BrokerServer id=1] Waiting for the initial broker metadata update to be published (kafka.server.BrokerServer)
stream-state-bench-flink-kafka  | [2026-07-17 19:05:57,690] INFO [BrokerServer id=1] Finished waiting for the initial broker metadata update to be published (kafka.server.BrokerServer)
stream-state-bench-flink-kafka  | [2026-07-17 19:05:57,691] INFO KafkaConfig values: 
stream-state-bench-flink-kafka  | 	add.partitions.to.txn.retry.backoff.max.ms = 100
stream-state-bench-flink-kafka  | 	add.partitions.to.txn.retry.backoff.ms = 20
stream-state-bench-flink-kafka  | 	advertised.listeners = [PLAINTEXT://kafka:9092]
stream-state-bench-flink-kafka  | 	alter.config.policy.class.name = null
stream-state-bench-flink-kafka  | 	alter.log.dirs.replication.quota.window.num = 11
stream-state-bench-flink-kafka  | 	alter.log.dirs.replication.quota.window.size.seconds = 1
stream-state-bench-flink-kafka  | 	authorizer.class.name = 
stream-state-bench-flink-kafka  | 	auto.create.topics.enable = false
stream-state-bench-flink-kafka  | 	auto.leader.rebalance.enable = true
stream-state-bench-flink-kafka  | 	background.threads = 10
stream-state-bench-flink-kafka  | 	broker.heartbeat.interval.ms = 2000
stream-state-bench-flink-kafka  | 	broker.id = 1
stream-state-bench-flink-kafka  | 	broker.rack = null
stream-state-bench-flink-kafka  | 	broker.session.timeout.ms = 9000
stream-state-bench-flink-kafka  | 	client.quota.callback.class = null
stream-state-bench-flink-kafka  | 	compression.gzip.level = -1
stream-state-bench-flink-kafka  | 	compression.lz4.level = 9
stream-state-bench-flink-kafka  | 	compression.type = producer
stream-state-bench-flink-kafka  | 	compression.zstd.level = 3
stream-state-bench-flink-kafka  | 	config.providers = []
stream-state-bench-flink-kafka  | 	connection.failed.authentication.delay.ms = 100
stream-state-bench-flink-kafka  | 	connections.max.idle.ms = 600000
stream-state-bench-flink-kafka  | 	connections.max.reauth.ms = 0
stream-state-bench-flink-kafka  | 	controlled.shutdown.enable = true
stream-state-bench-flink-kafka  | 	controller.listener.names = [CONTROLLER]
stream-state-bench-flink-kafka  | 	controller.performance.always.log.threshold.ms = 2000
stream-state-bench-flink-kafka  | 	controller.performance.sample.period.ms = 60000
stream-state-bench-flink-kafka  | 	controller.quorum.append.linger.ms = 25
stream-state-bench-flink-kafka  | 	controller.quorum.auto.join.enable = false
stream-state-bench-flink-kafka  | 	controller.quorum.bootstrap.servers = []
stream-state-bench-flink-kafka  | 	controller.quorum.election.backoff.max.ms = 1000
stream-state-bench-flink-kafka  | 	controller.quorum.election.timeout.ms = 1000
stream-state-bench-flink-kafka  | 	controller.quorum.fetch.max.bytes = 1048576
stream-state-bench-flink-kafka  | 	controller.quorum.fetch.snapshot.max.bytes = 1048576
stream-state-bench-flink-kafka  | 	controller.quorum.fetch.timeout.ms = 2000
stream-state-bench-flink-kafka  | 	controller.quorum.request.timeout.ms = 2000
stream-state-bench-flink-kafka  | 	controller.quorum.retry.backoff.ms = 20
stream-state-bench-flink-kafka  | 	controller.quorum.voters = [1@kafka:9093]
stream-state-bench-flink-kafka  | 	controller.quota.window.num = 11
stream-state-bench-flink-kafka  | 	controller.quota.window.size.seconds = 1
stream-state-bench-flink-kafka  | 	controller.socket.timeout.ms = 30000
stream-state-bench-flink-kafka  | 	cordoned.log.dirs = []
stream-state-bench-flink-kafka  | 	create.topic.policy.class.name = null
stream-state-bench-flink-kafka  | 	default.replication.factor = 1
stream-state-bench-flink-kafka  | 	delegation.token.expiry.check.interval.ms = 3600000
stream-state-bench-flink-kafka  | 	delegation.token.expiry.time.ms = 86400000
stream-state-bench-flink-kafka  | 	delegation.token.max.lifetime.ms = 604800000
stream-state-bench-flink-kafka  | 	delegation.token.secret.key = null
stream-state-bench-flink-kafka  | 	delete.records.purgatory.purge.interval.requests = 1
stream-state-bench-flink-kafka  | 	delete.topic.enable = true
stream-state-bench-flink-kafka  | 	early.start.listeners = null
stream-state-bench-flink-kafka  | 	fetch.max.bytes = 57671680
stream-state-bench-flink-kafka  | 	fetch.purgatory.purge.interval.requests = 1000
stream-state-bench-flink-kafka  | 	follower.fetch.last.tiered.offset.enable = false
stream-state-bench-flink-kafka  | 	group.consumer.assignment.interval.ms = 1000
stream-state-bench-flink-kafka  | 	group.consumer.assignors = [uniform, range]
stream-state-bench-flink-kafka  | 	group.consumer.heartbeat.interval.ms = 5000
stream-state-bench-flink-kafka  | 	group.consumer.max.assignment.interval.ms = 15000
stream-state-bench-flink-kafka  | 	group.consumer.max.heartbeat.interval.ms = 15000
stream-state-bench-flink-kafka  | 	group.consumer.max.session.timeout.ms = 60000
stream-state-bench-flink-kafka  | 	group.consumer.max.size = 2147483647
stream-state-bench-flink-kafka  | 	group.consumer.migration.policy = bidirectional
stream-state-bench-flink-kafka  | 	group.consumer.min.assignment.interval.ms = 0
stream-state-bench-flink-kafka  | 	group.consumer.min.heartbeat.interval.ms = 5000
stream-state-bench-flink-kafka  | 	group.consumer.min.session.timeout.ms = 45000
stream-state-bench-flink-kafka  | 	group.consumer.regex.refresh.interval.ms = 600000
stream-state-bench-flink-kafka  | 	group.consumer.session.timeout.ms = 45000
stream-state-bench-flink-kafka  | 	group.coordinator.append.linger.ms = -1
stream-state-bench-flink-kafka  | 	group.coordinator.background.threads = 2
stream-state-bench-flink-kafka  | 	group.coordinator.cached.buffer.max.bytes = 1048588
stream-state-bench-flink-kafka  | 	group.coordinator.rebalance.protocols = [classic, consumer, streams]
stream-state-bench-flink-kafka  | 	group.coordinator.threads = 4
stream-state-bench-flink-kafka  | 	group.initial.rebalance.delay.ms = 0
stream-state-bench-flink-kafka  | 	group.max.session.timeout.ms = 1800000
stream-state-bench-flink-kafka  | 	group.max.size = 2147483647
stream-state-bench-flink-kafka  | 	group.min.session.timeout.ms = 6000
stream-state-bench-flink-kafka  | 	group.share.assignment.interval.ms = 1000
stream-state-bench-flink-kafka  | 	group.share.assignors = [simple]
stream-state-bench-flink-kafka  | 	group.share.delivery.count.limit = 5
stream-state-bench-flink-kafka  | 	group.share.heartbeat.interval.ms = 5000
stream-state-bench-flink-kafka  | 	group.share.initialize.retry.interval.ms = 30000
stream-state-bench-flink-kafka  | 	group.share.max.assignment.interval.ms = 15000
stream-state-bench-flink-kafka  | 	group.share.max.delivery.count.limit = 10
stream-state-bench-flink-kafka  | 	group.share.max.heartbeat.interval.ms = 15000
stream-state-bench-flink-kafka  | 	group.share.max.partition.max.record.locks = 4000
stream-state-bench-flink-kafka  | 	group.share.max.record.lock.duration.ms = 60000
stream-state-bench-flink-kafka  | 	group.share.max.session.timeout.ms = 60000
stream-state-bench-flink-kafka  | 	group.share.max.share.sessions = 2000
stream-state-bench-flink-kafka  | 	group.share.max.size = 200
stream-state-bench-flink-kafka  | 	group.share.min.assignment.interval.ms = 0
stream-state-bench-flink-kafka  | 	group.share.min.delivery.count.limit = 2
stream-state-bench-flink-kafka  | 	group.share.min.heartbeat.interval.ms = 5000
stream-state-bench-flink-kafka  | 	group.share.min.partition.max.record.locks = 100
stream-state-bench-flink-kafka  | 	group.share.min.record.lock.duration.ms = 15000
stream-state-bench-flink-kafka  | 	group.share.min.session.timeout.ms = 45000
stream-state-bench-flink-kafka  | 	group.share.partition.max.record.locks = 2000
stream-state-bench-flink-kafka  | 	group.share.persister.class.name = org.apache.kafka.server.share.persister.DefaultStatePersister
stream-state-bench-flink-kafka  | 	group.share.record.lock.duration.ms = 30000
stream-state-bench-flink-kafka  | 	group.share.session.timeout.ms = 45000
stream-state-bench-flink-kafka  | 	group.streams.assignment.interval.ms = 1000
stream-state-bench-flink-kafka  | 	group.streams.heartbeat.interval.ms = 5000
stream-state-bench-flink-kafka  | 	group.streams.initial.rebalance.delay.ms = 3000
stream-state-bench-flink-kafka  | 	group.streams.max.assignment.interval.ms = 15000
stream-state-bench-flink-kafka  | 	group.streams.max.heartbeat.interval.ms = 15000
stream-state-bench-flink-kafka  | 	group.streams.max.session.timeout.ms = 60000
stream-state-bench-flink-kafka  | 	group.streams.max.size = 2147483647
stream-state-bench-flink-kafka  | 	group.streams.max.standby.replicas = 2
stream-state-bench-flink-kafka  | 	group.streams.min.assignment.interval.ms = 0
stream-state-bench-flink-kafka  | 	group.streams.min.heartbeat.interval.ms = 5000
stream-state-bench-flink-kafka  | 	group.streams.min.session.timeout.ms = 45000
stream-state-bench-flink-kafka  | 	group.streams.num.standby.replicas = 0
stream-state-bench-flink-kafka  | 	group.streams.session.timeout.ms = 45000
stream-state-bench-flink-kafka  | 	initial.broker.registration.timeout.ms = 60000
stream-state-bench-flink-kafka  | 	inter.broker.listener.name = null
stream-state-bench-flink-kafka  | 	internal.metadata.delete.delay.millis = 60000
stream-state-bench-flink-kafka  | 	internal.metadata.log.segment.bytes = null
stream-state-bench-flink-kafka  | 	internal.metadata.max.batch.size.in.bytes = 8388608
stream-state-bench-flink-kafka  | 	kafka.metrics.polling.interval.secs = 10
stream-state-bench-flink-kafka  | 	kafka.metrics.reporters = []
stream-state-bench-flink-kafka  | 	leader.imbalance.check.interval.seconds = 300
stream-state-bench-flink-kafka  | 	listener.security.protocol.map = CONTROLLER:PLAINTEXT,PLAINTEXT:PLAINTEXT
stream-state-bench-flink-kafka  | 	listeners = [PLAINTEXT://:9092, CONTROLLER://:9093]
stream-state-bench-flink-kafka  | 	log.cleaner.backoff.ms = 15000
stream-state-bench-flink-kafka  | 	log.cleaner.dedupe.buffer.size = 134217728
stream-state-bench-flink-kafka  | 	log.cleaner.delete.retention.ms = 86400000
stream-state-bench-flink-kafka  | 	log.cleaner.enable = true
stream-state-bench-flink-kafka  | 	log.cleaner.io.buffer.load.factor = 0.9
stream-state-bench-flink-kafka  | 	log.cleaner.io.buffer.size = 524288
stream-state-bench-flink-kafka  | 	log.cleaner.io.max.bytes.per.second = 1.7976931348623157E308
stream-state-bench-flink-kafka  | 	log.cleaner.max.compaction.lag.ms = 9223372036854775807
stream-state-bench-flink-kafka  | 	log.cleaner.min.cleanable.ratio = 0.5
stream-state-bench-flink-kafka  | 	log.cleaner.min.compaction.lag.ms = 0
stream-state-bench-flink-kafka  | 	log.cleaner.threads = 1
stream-state-bench-flink-kafka  | 	log.cleanup.policy = [delete]
stream-state-bench-flink-kafka  | 	log.dir = [/tmp/kafka-logs]
stream-state-bench-flink-kafka  | 	log.dir.failure.timeout.ms = 30000
stream-state-bench-flink-kafka  | 	log.dirs = null
stream-state-bench-flink-kafka  | 	log.flush.interval.messages = 9223372036854775807
stream-state-bench-flink-kafka  | 	log.flush.interval.ms = null
stream-state-bench-flink-kafka  | 	log.flush.offset.checkpoint.interval.ms = 60000
stream-state-bench-flink-kafka  | 	log.flush.scheduler.interval.ms = 9223372036854775807
stream-state-bench-flink-kafka  | 	log.flush.start.offset.checkpoint.interval.ms = 60000
stream-state-bench-flink-kafka  | 	log.index.interval.bytes = 4096
stream-state-bench-flink-kafka  | 	log.index.size.max.bytes = 10485760
stream-state-bench-flink-kafka  | 	log.initial.task.delay.ms = 30000
stream-state-bench-flink-kafka  | 	log.local.retention.bytes = -2
stream-state-bench-flink-kafka  | 	log.local.retention.ms = -2
stream-state-bench-flink-kafka  | 	log.message.timestamp.after.max.ms = 3600000
stream-state-bench-flink-kafka  | 	log.message.timestamp.before.max.ms = 9223372036854775807
stream-state-bench-flink-kafka  | 	log.message.timestamp.type = CreateTime
stream-state-bench-flink-kafka  | 	log.preallocate = false
stream-state-bench-flink-kafka  | 	log.retention.bytes = -1
stream-state-bench-flink-kafka  | 	log.retention.check.interval.ms = 300000
stream-state-bench-flink-kafka  | 	log.retention.hours = 168
stream-state-bench-flink-kafka  | 	log.retention.minutes = null
stream-state-bench-flink-kafka  | 	log.retention.ms = null
stream-state-bench-flink-kafka  | 	log.roll.hours = 168
stream-state-bench-flink-kafka  | 	log.roll.jitter.hours = 0
stream-state-bench-flink-kafka  | 	log.roll.jitter.ms = null
flink-identity-1                | 	ssl.keystore.key = null
flink-identity-1                | 	ssl.keystore.location = null
flink-identity-1                | 	ssl.keystore.password = null
flink-identity-1                | 	ssl.keystore.type = JKS
flink-identity-1                | 	ssl.protocol = TLSv1.3
flink-identity-1                | 	ssl.provider = null
flink-identity-1                | 	ssl.secure.random.implementation = null
flink-identity-1                | 	ssl.trustmanager.algorithm = PKIX
flink-identity-1                | 	ssl.truststore.certificates = null
flink-identity-1                | 	ssl.truststore.location = null
flink-identity-1                | 	ssl.truststore.password = null
flink-identity-1                | 	ssl.truststore.type = JKS
flink-identity-1                | 	value.deserializer = class org.apache.kafka.common.serialization.ByteArrayDeserializer
flink-identity-1                | 
flink-identity-1                | [Source: kafka-source -> Filter (1/1)#0] INFO org.apache.kafka.common.telemetry.internals.KafkaMetricsCollector - initializing Kafka metrics collector
flink-identity-1                | [Source: kafka-source -> Filter (1/1)#0] INFO org.apache.kafka.common.config.AbstractConfig - These configurations '[commit.offsets.on.checkpoint, client.id.prefix]' were supplied but are not used yet.
flink-identity-1                | [Source: kafka-source -> Filter (1/1)#0] INFO org.apache.kafka.common.utils.AppInfoParser - Kafka version: 4.2.0
flink-identity-1                | [Source: kafka-source -> Filter (1/1)#0] INFO org.apache.kafka.common.utils.AppInfoParser - Kafka commitId: a18251bae0b825c6
flink-identity-1                | [Source: kafka-source -> Filter (1/1)#0] INFO org.apache.kafka.common.utils.AppInfoParser - Kafka startTimeMs: 1784315165537
flink-identity-1                | [Source Data Fetcher for Source: kafka-source -> Filter (1/1)#0] INFO org.apache.flink.connector.base.source.reader.fetcher.SplitFetcher - Starting split fetcher 0
flink-identity-1                | [Source Data Fetcher for Source: kafka-source -> Filter (1/1)#0] INFO org.apache.kafka.clients.consumer.internals.ClassicKafkaConsumer - [Consumer clientId=stream-state-bench-flink-w3-latency-tuning_control-0, groupId=stream-state-bench-flink-w3-latency-tuning_control] Assigned to partition(s): bench-w3-latency-input-0
flink-identity-1                | [Source Data Fetcher for Source: kafka-source -> Filter (1/1)#0] INFO org.apache.kafka.clients.consumer.internals.SubscriptionState - [Consumer clientId=stream-state-bench-flink-w3-latency-tuning_control-0, groupId=stream-state-bench-flink-w3-latency-tuning_control] Seeking to AutoOffsetResetStrategy{type=earliest} offset of partition bench-w3-latency-input-0
flink-identity-1                | [Source Data Fetcher for Source: kafka-source -> Filter (1/1)#0] INFO org.apache.kafka.clients.Metadata - [Consumer clientId=stream-state-bench-flink-w3-latency-tuning_control-0, groupId=stream-state-bench-flink-w3-latency-tuning_control] Cluster ID: MkU3OEVBNTcwNTJENDM2Qk
flink-identity-1                | [kafka-producer-network-thread | producer-stream-state-bench-flink-w3-latency-tuning_control-0-1] INFO org.apache.kafka.clients.producer.internals.TransactionManager - [Producer clientId=producer-stream-state-bench-flink-w3-latency-tuning_control-0-1, transactionalId=stream-state-bench-flink-w3-latency-tuning_control-0-1] Discovered transaction coordinator kafka:9092 (id: 1 rack: null isFenced: false)
flink-identity-1                | [Source Data Fetcher for Source: kafka-source -> Filter (1/1)#0] INFO org.apache.kafka.clients.consumer.internals.SubscriptionState - [Consumer clientId=stream-state-bench-flink-w3-latency-tuning_control-0, groupId=stream-state-bench-flink-w3-latency-tuning_control] Resetting offset for partition bench-w3-latency-input-0 to position FetchPosition{offset=0, offsetEpoch=Optional.empty, currentLeader=LeaderAndEpoch{leader=Optional[kafka:9092 (id: 1 rack: null isFenced: false)], epoch=0}}.
flink-identity-1                | [kafka-producer-network-thread | producer-stream-state-bench-flink-w3-latency-tuning_control-0-1] INFO org.apache.kafka.clients.producer.internals.TransactionManager - [Producer clientId=producer-stream-state-bench-flink-w3-latency-tuning_control-0-1, transactionalId=stream-state-bench-flink-w3-latency-tuning_control-0-1] Discovered transaction coordinator kafka:9092 (id: 1 rack: null isFenced: false)
flink-identity-1                | [Checkpoint Timer] INFO org.apache.flink.runtime.checkpoint.CheckpointFailureManager - Failed to trigger checkpoint for job 685071a0544567112a6ecd8db0ecbc0f since Checkpoint triggering task TumblingEventTimeWindows -> kafka-sink: Writer -> kafka-sink: Committer (1/1) of job 685071a0544567112a6ecd8db0ecbc0f is not being executed at the moment. Aborting checkpoint. Failure reason: Not all required tasks are currently running..
flink-identity-1                | [kafka-producer-network-thread | producer-stream-state-bench-flink-w3-latency-tuning_control-0-1] INFO org.apache.kafka.clients.producer.internals.TransactionManager - [Producer clientId=producer-stream-state-bench-flink-w3-latency-tuning_control-0-1, transactionalId=stream-state-bench-flink-w3-latency-tuning_control-0-1] Discovered transaction coordinator kafka:9092 (id: 1 rack: null isFenced: false)
flink-identity-1                | [kafka-producer-network-thread | producer-stream-state-bench-flink-w3-latency-tuning_control-0-1] INFO org.apache.kafka.clients.producer.internals.TransactionManager - [Producer clientId=producer-stream-state-bench-flink-w3-latency-tuning_control-0-1, transactionalId=stream-state-bench-flink-w3-latency-tuning_control-0-1] ProducerId set to 0 with epoch 0
flink-identity-1                | [TumblingEventTimeWindows -> kafka-sink: Writer -> kafka-sink: Committer (1/1)#0] INFO org.apache.kafka.clients.producer.internals.TransactionManager - [Producer clientId=producer-stream-state-bench-flink-w3-latency-tuning_control-0-1, transactionalId=stream-state-bench-flink-w3-latency-tuning_control-0-1] Invoking InitProducerId for the first time in order to acquire a producer ID
flink-identity-1                | [TumblingEventTimeWindows -> kafka-sink: Writer -> kafka-sink: Committer (1/1)#0] INFO org.apache.flink.runtime.state.StateBackendLoader - State backend is set to heap memory org.apache.flink.runtime.state.hashmap.HashMapStateBackend@57b1f492
flink-identity-1                | [TumblingEventTimeWindows -> kafka-sink: Writer -> kafka-sink: Committer (1/1)#0] INFO org.apache.flink.runtime.state.heap.HeapKeyedStateBackendBuilder - Finished to build heap keyed state-backend.
flink-identity-1                | [TumblingEventTimeWindows -> kafka-sink: Writer -> kafka-sink: Committer (1/1)#0] INFO org.apache.flink.runtime.state.heap.HeapKeyedStateBackend - Initializing heap keyed state backend with stream factory.
flink-identity-1                | [TumblingEventTimeWindows -> kafka-sink: Writer -> kafka-sink: Committer (1/1)#0] INFO org.apache.flink.runtime.taskmanager.Task - TumblingEventTimeWindows -> kafka-sink: Writer -> kafka-sink: Committer (1/1)#0 (d967640c3b0c28632abb78eb7f649aaf_90bea66de1c231edf33913ecd54406c1_0_0) switched from INITIALIZING to RUNNING.
flink-identity-1                | [flink-pekko.actor.default-dispatcher-9] INFO org.apache.flink.runtime.executiongraph.ExecutionGraph - TumblingEventTimeWindows -> kafka-sink: Writer -> kafka-sink: Committer (1/1) (d967640c3b0c28632abb78eb7f649aaf_90bea66de1c231edf33913ecd54406c1_0_0) switched from INITIALIZING to RUNNING.
flink-identity-1                | [Checkpoint Timer] INFO org.apache.flink.runtime.checkpoint.CheckpointCoordinator - Triggering checkpoint 1 (type=CheckpointType{name='Checkpoint', sharingFilesStrategy=FORWARD_BACKWARD}) @ 1784315166743 for job 685071a0544567112a6ecd8db0ecbc0f.
flink-identity-1                | [TumblingEventTimeWindows -> kafka-sink: Writer -> kafka-sink: Committer (1/1)#0] INFO org.apache.flink.connector.kafka.sink.internal.FlinkKafkaInternalProducer - Flushing new partitions
flink-identity-1                | [TumblingEventTimeWindows -> kafka-sink: Writer -> kafka-sink: Committer (1/1)#0] WARN org.apache.flink.metrics.MetricGroup - Name collision: Group already contains a Metric with the name 'pendingCommittables'. Metric will not be reported.[, taskmanager, d44d9eab-0b38-467a-a923-d7180ca87ff1, stream-state-bench-flink-tumbling_count, kafka-sink: Committer, 0]
flink-identity-1                | [TumblingEventTimeWindows -> kafka-sink: Writer -> kafka-sink: Committer (1/1)#0] INFO org.apache.kafka.clients.producer.internals.TransactionManager - [Producer clientId=producer-stream-state-bench-flink-w3-latency-tuning_control-0-1, transactionalId=stream-state-bench-flink-w3-latency-tuning_control-0-1] Invoking InitProducerId for the first time in order to acquire a producer ID
flink-identity-1                | [kafka-producer-network-thread | producer-stream-state-bench-flink-w3-latency-tuning_control-0-1] INFO org.apache.kafka.clients.producer.internals.TransactionManager - [Producer clientId=producer-stream-state-bench-flink-w3-latency-tuning_control-0-1, transactionalId=stream-state-bench-flink-w3-latency-tuning_control-0-1] ProducerId set to 1 with epoch 0
flink-identity-1                | [jobmanager-io-thread-7] INFO org.apache.flink.runtime.checkpoint.CheckpointCoordinator - Completed checkpoint 1 for job 685071a0544567112a6ecd8db0ecbc0f (5011 bytes, checkpointDuration=64 ms, finalizationTime=4 ms).
flink-identity-1                | [SourceCoordinator-Source: kafka-source] INFO org.apache.flink.runtime.source.coordinator.SourceCoordinator - Marking checkpoint 1 as completed for source Source: kafka-source.
flink-identity-1                | [Checkpoint Timer] INFO org.apache.flink.runtime.checkpoint.CheckpointCoordinator - Triggering checkpoint 2 (type=CheckpointType{name='Checkpoint', sharingFilesStrategy=FORWARD_BACKWARD}) @ 1784315167743 for job 685071a0544567112a6ecd8db0ecbc0f.
flink-identity-1                | [TumblingEventTimeWindows -> kafka-sink: Writer -> kafka-sink: Committer (1/1)#0] INFO org.apache.flink.connector.kafka.sink.internal.FlinkKafkaInternalProducer - Flushing new partitions
flink-identity-1                | [TumblingEventTimeWindows -> kafka-sink: Writer -> kafka-sink: Committer (1/1)#0] WARN org.apache.flink.metrics.MetricGroup - Name collision: Group already contains a Metric with the name 'pendingCommittables'. Metric will not be reported.[, taskmanager, d44d9eab-0b38-467a-a923-d7180ca87ff1, stream-state-bench-flink-tumbling_count, kafka-sink: Committer, 0]
flink-identity-1                | [TumblingEventTimeWindows -> kafka-sink: Writer -> kafka-sink: Committer (1/1)#0] INFO org.apache.kafka.clients.producer.internals.TransactionManager - [Producer clientId=producer-stream-state-bench-flink-w3-latency-tuning_control-0-1, transactionalId=stream-state-bench-flink-w3-latency-tuning_control-0-1] Invoking InitProducerId for the first time in order to acquire a producer ID
flink-identity-1                | [kafka-producer-network-thread | producer-stream-state-bench-flink-w3-latency-tuning_control-0-1] INFO org.apache.kafka.clients.producer.internals.TransactionManager - [Producer clientId=producer-stream-state-bench-flink-w3-latency-tuning_control-0-1, transactionalId=stream-state-bench-flink-w3-latency-tuning_control-0-1] ProducerId set to 2 with epoch 0
flink-identity-1                | [jobmanager-io-thread-12] INFO org.apache.flink.runtime.checkpoint.CheckpointCoordinator - Completed checkpoint 2 for job 685071a0544567112a6ecd8db0ecbc0f (5011 bytes, checkpointDuration=13 ms, finalizationTime=4 ms).
flink-identity-1                | [SourceCoordinator-Source: kafka-source] INFO org.apache.flink.runtime.source.coordinator.SourceCoordinator - Marking checkpoint 2 as completed for source Source: kafka-source.
flink-identity-1                | [Checkpoint Timer] INFO org.apache.flink.runtime.checkpoint.CheckpointCoordinator - Triggering checkpoint 3 (type=CheckpointType{name='Checkpoint', sharingFilesStrategy=FORWARD_BACKWARD}) @ 1784315168743 for job 685071a0544567112a6ecd8db0ecbc0f.
flink-identity-1                | [TumblingEventTimeWindows -> kafka-sink: Writer -> kafka-sink: Committer (1/1)#0] INFO org.apache.flink.connector.kafka.sink.internal.FlinkKafkaInternalProducer - Flushing new partitions
flink-identity-1                | [TumblingEventTimeWindows -> kafka-sink: Writer -> kafka-sink: Committer (1/1)#0] WARN org.apache.flink.metrics.MetricGroup - Name collision: Group already contains a Metric with the name 'pendingCommittables'. Metric will not be reported.[, taskmanager, d44d9eab-0b38-467a-a923-d7180ca87ff1, stream-state-bench-flink-tumbling_count, kafka-sink: Committer, 0]
flink-identity-1                | [TumblingEventTimeWindows -> kafka-sink: Writer -> kafka-sink: Committer (1/1)#0] INFO org.apache.kafka.clients.producer.internals.TransactionManager - [Producer clientId=producer-stream-state-bench-flink-w3-latency-tuning_control-0-1, transactionalId=stream-state-bench-flink-w3-latency-tuning_control-0-1] Invoking InitProducerId for the first time in order to acquire a producer ID
flink-identity-1                | [kafka-producer-network-thread | producer-stream-state-bench-flink-w3-latency-tuning_control-0-1] INFO org.apache.kafka.clients.producer.internals.TransactionManager - [Producer clientId=producer-stream-state-bench-flink-w3-latency-tuning_control-0-1, transactionalId=stream-state-bench-flink-w3-latency-tuning_control-0-1] ProducerId set to 3 with epoch 0
flink-identity-1                | [jobmanager-io-thread-8] INFO org.apache.flink.runtime.checkpoint.CheckpointCoordinator - Completed checkpoint 3 for job 685071a0544567112a6ecd8db0ecbc0f (5011 bytes, checkpointDuration=15 ms, finalizationTime=1 ms).
flink-identity-1                | [SourceCoordinator-Source: kafka-source] INFO org.apache.flink.runtime.source.coordinator.SourceCoordinator - Marking checkpoint 3 as completed for source Source: kafka-source.
flink-identity-1                | [Checkpoint Timer] INFO org.apache.flink.runtime.checkpoint.CheckpointCoordinator - Triggering checkpoint 4 (type=CheckpointType{name='Checkpoint', sharingFilesStrategy=FORWARD_BACKWARD}) @ 1784315169742 for job 685071a0544567112a6ecd8db0ecbc0f.
flink-identity-1                | [TumblingEventTimeWindows -> kafka-sink: Writer -> kafka-sink: Committer (1/1)#0] INFO org.apache.flink.connector.kafka.sink.internal.FlinkKafkaInternalProducer - Flushing new partitions
flink-identity-1                | [TumblingEventTimeWindows -> kafka-sink: Writer -> kafka-sink: Committer (1/1)#0] WARN org.apache.flink.metrics.MetricGroup - Name collision: Group already contains a Metric with the name 'pendingCommittables'. Metric will not be reported.[, taskmanager, d44d9eab-0b38-467a-a923-d7180ca87ff1, stream-state-bench-flink-tumbling_count, kafka-sink: Committer, 0]
flink-identity-1                | [TumblingEventTimeWindows -> kafka-sink: Writer -> kafka-sink: Committer (1/1)#0] INFO org.apache.kafka.clients.producer.internals.TransactionManager - [Producer clientId=producer-stream-state-bench-flink-w3-latency-tuning_control-0-1, transactionalId=stream-state-bench-flink-w3-latency-tuning_control-0-1] Invoking InitProducerId for the first time in order to acquire a producer ID
flink-identity-1                | [kafka-producer-network-thread | producer-stream-state-bench-flink-w3-latency-tuning_control-0-1] INFO org.apache.kafka.clients.producer.internals.TransactionManager - [Producer clientId=producer-stream-state-bench-flink-w3-latency-tuning_control-0-1, transactionalId=stream-state-bench-flink-w3-latency-tuning_control-0-1] ProducerId set to 4 with epoch 0
flink-identity-1                | [jobmanager-io-thread-13] INFO org.apache.flink.runtime.checkpoint.CheckpointCoordinator - Completed checkpoint 4 for job 685071a0544567112a6ecd8db0ecbc0f (5011 bytes, checkpointDuration=14 ms, finalizationTime=1 ms).
flink-identity-1                | [SourceCoordinator-Source: kafka-source] INFO org.apache.flink.runtime.source.coordinator.SourceCoordinator - Marking checkpoint 4 as completed for source Source: kafka-source.
flink-identity-1                | [Checkpoint Timer] INFO org.apache.flink.runtime.checkpoint.CheckpointCoordinator - Triggering checkpoint 5 (type=CheckpointType{name='Checkpoint', sharingFilesStrategy=FORWARD_BACKWARD}) @ 1784315170742 for job 685071a0544567112a6ecd8db0ecbc0f.
flink-identity-1                | [TumblingEventTimeWindows -> kafka-sink: Writer -> kafka-sink: Committer (1/1)#0] INFO org.apache.flink.connector.kafka.sink.internal.FlinkKafkaInternalProducer - Flushing new partitions
flink-identity-1                | [TumblingEventTimeWindows -> kafka-sink: Writer -> kafka-sink: Committer (1/1)#0] WARN org.apache.flink.metrics.MetricGroup - Name collision: Group already contains a Metric with the name 'pendingCommittables'. Metric will not be reported.[, taskmanager, d44d9eab-0b38-467a-a923-d7180ca87ff1, stream-state-bench-flink-tumbling_count, kafka-sink: Committer, 0]
flink-identity-1                | [TumblingEventTimeWindows -> kafka-sink: Writer -> kafka-sink: Committer (1/1)#0] INFO org.apache.kafka.clients.producer.internals.TransactionManager - [Producer clientId=producer-stream-state-bench-flink-w3-latency-tuning_control-0-1, transactionalId=stream-state-bench-flink-w3-latency-tuning_control-0-1] Invoking InitProducerId for the first time in order to acquire a producer ID
flink-identity-1                | [kafka-producer-network-thread | producer-stream-state-bench-flink-w3-latency-tuning_control-0-1] INFO org.apache.kafka.clients.producer.internals.TransactionManager - [Producer clientId=producer-stream-state-bench-flink-w3-latency-tuning_control-0-1, transactionalId=stream-state-bench-flink-w3-latency-tuning_control-0-1] ProducerId set to 5 with epoch 0
flink-identity-1                | [jobmanager-io-thread-9] INFO org.apache.flink.runtime.checkpoint.CheckpointCoordinator - Completed checkpoint 5 for job 685071a0544567112a6ecd8db0ecbc0f (5011 bytes, checkpointDuration=14 ms, finalizationTime=1 ms).
flink-identity-1                | [SourceCoordinator-Source: kafka-source] INFO org.apache.flink.runtime.source.coordinator.SourceCoordinator - Marking checkpoint 5 as completed for source Source: kafka-source.
flink-identity-1                | [Checkpoint Timer] INFO org.apache.flink.runtime.checkpoint.CheckpointCoordinator - Triggering checkpoint 6 (type=CheckpointType{name='Checkpoint', sharingFilesStrategy=FORWARD_BACKWARD}) @ 1784315171742 for job 685071a0544567112a6ecd8db0ecbc0f.
flink-identity-1                | [TumblingEventTimeWindows -> kafka-sink: Writer -> kafka-sink: Committer (1/1)#0] INFO org.apache.flink.connector.kafka.sink.internal.FlinkKafkaInternalProducer - Flushing new partitions
flink-identity-1                | [TumblingEventTimeWindows -> kafka-sink: Writer -> kafka-sink: Committer (1/1)#0] WARN org.apache.flink.metrics.MetricGroup - Name collision: Group already contains a Metric with the name 'pendingCommittables'. Metric will not be reported.[, taskmanager, d44d9eab-0b38-467a-a923-d7180ca87ff1, stream-state-bench-flink-tumbling_count, kafka-sink: Committer, 0]
flink-identity-1                | [TumblingEventTimeWindows -> kafka-sink: Writer -> kafka-sink: Committer (1/1)#0] INFO org.apache.kafka.clients.producer.internals.TransactionManager - [Producer clientId=producer-stream-state-bench-flink-w3-latency-tuning_control-0-1, transactionalId=stream-state-bench-flink-w3-latency-tuning_control-0-1] Invoking InitProducerId for the first time in order to acquire a producer ID
flink-identity-1                | [kafka-producer-network-thread | producer-stream-state-bench-flink-w3-latency-tuning_control-0-1] INFO org.apache.kafka.clients.producer.internals.TransactionManager - [Producer clientId=producer-stream-state-bench-flink-w3-latency-tuning_control-0-1, transactionalId=stream-state-bench-flink-w3-latency-tuning_control-0-1] ProducerId set to 6 with epoch 0
flink-identity-1                | [jobmanager-io-thread-5] INFO org.apache.flink.runtime.checkpoint.CheckpointCoordinator - Completed checkpoint 6 for job 685071a0544567112a6ecd8db0ecbc0f (5011 bytes, checkpointDuration=11 ms, finalizationTime=0 ms).
flink-identity-1                | [SourceCoordinator-Source: kafka-source] INFO org.apache.flink.runtime.source.coordinator.SourceCoordinator - Marking checkpoint 6 as completed for source Source: kafka-source.
flink-identity-1                | [Checkpoint Timer] INFO org.apache.flink.runtime.checkpoint.CheckpointCoordinator - Triggering checkpoint 7 (type=CheckpointType{name='Checkpoint', sharingFilesStrategy=FORWARD_BACKWARD}) @ 1784315172743 for job 685071a0544567112a6ecd8db0ecbc0f.
flink-identity-1                | [TumblingEventTimeWindows -> kafka-sink: Writer -> kafka-sink: Committer (1/1)#0] INFO org.apache.flink.connector.kafka.sink.internal.FlinkKafkaInternalProducer - Flushing new partitions
flink-identity-1                | [TumblingEventTimeWindows -> kafka-sink: Writer -> kafka-sink: Committer (1/1)#0] WARN org.apache.flink.metrics.MetricGroup - Name collision: Group already contains a Metric with the name 'pendingCommittables'. Metric will not be reported.[, taskmanager, d44d9eab-0b38-467a-a923-d7180ca87ff1, stream-state-bench-flink-tumbling_count, kafka-sink: Committer, 0]
flink-identity-1                | [TumblingEventTimeWindows -> kafka-sink: Writer -> kafka-sink: Committer (1/1)#0] INFO org.apache.kafka.clients.producer.internals.TransactionManager - [Producer clientId=producer-stream-state-bench-flink-w3-latency-tuning_control-0-1, transactionalId=stream-state-bench-flink-w3-latency-tuning_control-0-1] Invoking InitProducerId for the first time in order to acquire a producer ID
flink-identity-1                | [kafka-producer-network-thread | producer-stream-state-bench-flink-w3-latency-tuning_control-0-1] INFO org.apache.kafka.clients.producer.internals.TransactionManager - [Producer clientId=producer-stream-state-bench-flink-w3-latency-tuning_control-0-1, transactionalId=stream-state-bench-flink-w3-latency-tuning_control-0-1] ProducerId set to 7 with epoch 0
flink-identity-1                | [jobmanager-io-thread-4] INFO org.apache.flink.runtime.checkpoint.CheckpointCoordinator - Completed checkpoint 7 for job 685071a0544567112a6ecd8db0ecbc0f (5011 bytes, checkpointDuration=21 ms, finalizationTime=1 ms).
flink-identity-1                | [SourceCoordinator-Source: kafka-source] INFO org.apache.flink.runtime.source.coordinator.SourceCoordinator - Marking checkpoint 7 as completed for source Source: kafka-source.
flink-identity-1                | [Checkpoint Timer] INFO org.apache.flink.runtime.checkpoint.CheckpointCoordinator - Triggering checkpoint 8 (type=CheckpointType{name='Checkpoint', sharingFilesStrategy=FORWARD_BACKWARD}) @ 1784315173743 for job 685071a0544567112a6ecd8db0ecbc0f.
flink-identity-1                | [TumblingEventTimeWindows -> kafka-sink: Writer -> kafka-sink: Committer (1/1)#0] INFO org.apache.flink.connector.kafka.sink.internal.FlinkKafkaInternalProducer - Flushing new partitions
flink-identity-1                | [TumblingEventTimeWindows -> kafka-sink: Writer -> kafka-sink: Committer (1/1)#0] WARN org.apache.flink.metrics.MetricGroup - Name collision: Group already contains a Metric with the name 'pendingCommittables'. Metric will not be reported.[, taskmanager, d44d9eab-0b38-467a-a923-d7180ca87ff1, stream-state-bench-flink-tumbling_count, kafka-sink: Committer, 0]
flink-identity-1                | [TumblingEventTimeWindows -> kafka-sink: Writer -> kafka-sink: Committer (1/1)#0] INFO org.apache.kafka.clients.producer.internals.TransactionManager - [Producer clientId=producer-stream-state-bench-flink-w3-latency-tuning_control-0-1, transactionalId=stream-state-bench-flink-w3-latency-tuning_control-0-1] Invoking InitProducerId for the first time in order to acquire a producer ID
flink-identity-1                | [kafka-producer-network-thread | producer-stream-state-bench-flink-w3-latency-tuning_control-0-1] INFO org.apache.kafka.clients.producer.internals.TransactionManager - [Producer clientId=producer-stream-state-bench-flink-w3-latency-tuning_control-0-1, transactionalId=stream-state-bench-flink-w3-latency-tuning_control-0-1] ProducerId set to 8 with epoch 0
flink-identity-1                | [jobmanager-io-thread-2] INFO org.apache.flink.runtime.checkpoint.CheckpointCoordinator - Completed checkpoint 8 for job 685071a0544567112a6ecd8db0ecbc0f (5011 bytes, checkpointDuration=12 ms, finalizationTime=1 ms).
flink-identity-1                | [SourceCoordinator-Source: kafka-source] INFO org.apache.flink.runtime.source.coordinator.SourceCoordinator - Marking checkpoint 8 as completed for source Source: kafka-source.
flink-identity-1                | [Checkpoint Timer] INFO org.apache.flink.runtime.checkpoint.CheckpointCoordinator - Triggering checkpoint 9 (type=CheckpointType{name='Checkpoint', sharingFilesStrategy=FORWARD_BACKWARD}) @ 1784315174743 for job 685071a0544567112a6ecd8db0ecbc0f.
flink-identity-1                | [TumblingEventTimeWindows -> kafka-sink: Writer -> kafka-sink: Committer (1/1)#0] INFO org.apache.flink.connector.kafka.sink.internal.FlinkKafkaInternalProducer - Flushing new partitions
flink-identity-1                | [TumblingEventTimeWindows -> kafka-sink: Writer -> kafka-sink: Committer (1/1)#0] WARN org.apache.flink.metrics.MetricGroup - Name collision: Group already contains a Metric with the name 'pendingCommittables'. Metric will not be reported.[, taskmanager, d44d9eab-0b38-467a-a923-d7180ca87ff1, stream-state-bench-flink-tumbling_count, kafka-sink: Committer, 0]
flink-identity-1                | [TumblingEventTimeWindows -> kafka-sink: Writer -> kafka-sink: Committer (1/1)#0] INFO org.apache.kafka.clients.producer.internals.TransactionManager - [Producer clientId=producer-stream-state-bench-flink-w3-latency-tuning_control-0-1, transactionalId=stream-state-bench-flink-w3-latency-tuning_control-0-1] Invoking InitProducerId for the first time in order to acquire a producer ID
flink-identity-1                | [kafka-producer-network-thread | producer-stream-state-bench-flink-w3-latency-tuning_control-0-1] INFO org.apache.kafka.clients.producer.internals.TransactionManager - [Producer clientId=producer-stream-state-bench-flink-w3-latency-tuning_control-0-1, transactionalId=stream-state-bench-flink-w3-latency-tuning_control-0-1] ProducerId set to 10 with epoch 0
flink-identity-1                | [jobmanager-io-thread-7] INFO org.apache.flink.runtime.checkpoint.CheckpointCoordinator - Completed checkpoint 9 for job 685071a0544567112a6ecd8db0ecbc0f (5011 bytes, checkpointDuration=11 ms, finalizationTime=1 ms).
flink-identity-1                | [SourceCoordinator-Source: kafka-source] INFO org.apache.flink.runtime.source.coordinator.SourceCoordinator - Marking checkpoint 9 as completed for source Source: kafka-source.
flink-identity-1                | [Checkpoint Timer] INFO org.apache.flink.runtime.checkpoint.CheckpointCoordinator - Triggering checkpoint 10 (type=CheckpointType{name='Checkpoint', sharingFilesStrategy=FORWARD_BACKWARD}) @ 1784315175743 for job 685071a0544567112a6ecd8db0ecbc0f.
flink-identity-1                | [TumblingEventTimeWindows -> kafka-sink: Writer -> kafka-sink: Committer (1/1)#0] INFO org.apache.flink.connector.kafka.sink.internal.FlinkKafkaInternalProducer - Flushing new partitions
flink-identity-1                | [TumblingEventTimeWindows -> kafka-sink: Writer -> kafka-sink: Committer (1/1)#0] WARN org.apache.flink.metrics.MetricGroup - Name collision: Group already contains a Metric with the name 'pendingCommittables'. Metric will not be reported.[, taskmanager, d44d9eab-0b38-467a-a923-d7180ca87ff1, stream-state-bench-flink-tumbling_count, kafka-sink: Committer, 0]
flink-identity-1                | [TumblingEventTimeWindows -> kafka-sink: Writer -> kafka-sink: Committer (1/1)#0] INFO org.apache.kafka.clients.producer.internals.TransactionManager - [Producer clientId=producer-stream-state-bench-flink-w3-latency-tuning_control-0-1, transactionalId=stream-state-bench-flink-w3-latency-tuning_control-0-1] Invoking InitProducerId for the first time in order to acquire a producer ID
flink-identity-1                | [kafka-producer-network-thread | producer-stream-state-bench-flink-w3-latency-tuning_control-0-1] INFO org.apache.kafka.clients.producer.internals.TransactionManager - [Producer clientId=producer-stream-state-bench-flink-w3-latency-tuning_control-0-1, transactionalId=stream-state-bench-flink-w3-latency-tuning_control-0-1] ProducerId set to 11 with epoch 0
flink-identity-1                | [jobmanager-io-thread-10] INFO org.apache.flink.runtime.checkpoint.CheckpointCoordinator - Completed checkpoint 10 for job 685071a0544567112a6ecd8db0ecbc0f (7882 bytes, checkpointDuration=15 ms, finalizationTime=1 ms).
flink-identity-1                | [SourceCoordinator-Source: kafka-source] INFO org.apache.flink.runtime.source.coordinator.SourceCoordinator - Marking checkpoint 10 as completed for source Source: kafka-source.
flink-identity-1                | [Source Data Fetcher for Source: kafka-source -> Filter (1/1)#0] INFO org.apache.kafka.clients.consumer.internals.ConsumerCoordinator - [Consumer clientId=stream-state-bench-flink-w3-latency-tuning_control-0, groupId=stream-state-bench-flink-w3-latency-tuning_control] Discovered group coordinator kafka:9092 (id: 2147483646 rack: null isFenced: false)
flink-identity-1                | [Checkpoint Timer] INFO org.apache.flink.runtime.checkpoint.CheckpointCoordinator - Triggering checkpoint 11 (type=CheckpointType{name='Checkpoint', sharingFilesStrategy=FORWARD_BACKWARD}) @ 1784315176742 for job 685071a0544567112a6ecd8db0ecbc0f.
flink-identity-1                | [TumblingEventTimeWindows -> kafka-sink: Writer -> kafka-sink: Committer (1/1)#0] INFO org.apache.flink.connector.kafka.sink.internal.FlinkKafkaInternalProducer - Flushing new partitions
flink-identity-1                | [TumblingEventTimeWindows -> kafka-sink: Writer -> kafka-sink: Committer (1/1)#0] WARN org.apache.flink.metrics.MetricGroup - Name collision: Group already contains a Metric with the name 'pendingCommittables'. Metric will not be reported.[, taskmanager, d44d9eab-0b38-467a-a923-d7180ca87ff1, stream-state-bench-flink-tumbling_count, kafka-sink: Committer, 0]
flink-identity-1                | [TumblingEventTimeWindows -> kafka-sink: Writer -> kafka-sink: Committer (1/1)#0] INFO org.apache.kafka.clients.producer.internals.TransactionManager - [Producer clientId=producer-stream-state-bench-flink-w3-latency-tuning_control-0-1, transactionalId=stream-state-bench-flink-w3-latency-tuning_control-0-1] Invoking InitProducerId for the first time in order to acquire a producer ID
flink-identity-1                | [kafka-producer-network-thread | producer-stream-state-bench-flink-w3-latency-tuning_control-0-1] INFO org.apache.kafka.clients.producer.internals.TransactionManager - [Producer clientId=producer-stream-state-bench-flink-w3-latency-tuning_control-0-1, transactionalId=stream-state-bench-flink-w3-latency-tuning_control-0-1] ProducerId set to 12 with epoch 0
flink-identity-1                | [jobmanager-io-thread-1] INFO org.apache.flink.runtime.checkpoint.CheckpointCoordinator - Completed checkpoint 11 for job 685071a0544567112a6ecd8db0ecbc0f (8782 bytes, checkpointDuration=16 ms, finalizationTime=1 ms).
flink-identity-1                | [SourceCoordinator-Source: kafka-source] INFO org.apache.flink.runtime.source.coordinator.SourceCoordinator - Marking checkpoint 11 as completed for source Source: kafka-source.
flink-identity-1                | [Checkpoint Timer] INFO org.apache.flink.runtime.checkpoint.CheckpointCoordinator - Triggering checkpoint 12 (type=CheckpointType{name='Checkpoint', sharingFilesStrategy=FORWARD_BACKWARD}) @ 1784315177742 for job 685071a0544567112a6ecd8db0ecbc0f.
flink-identity-1                | [TumblingEventTimeWindows -> kafka-sink: Writer -> kafka-sink: Committer (1/1)#0] INFO org.apache.flink.connector.kafka.sink.internal.FlinkKafkaInternalProducer - Flushing new partitions
flink-identity-1                | [TumblingEventTimeWindows -> kafka-sink: Writer -> kafka-sink: Committer (1/1)#0] WARN org.apache.flink.metrics.MetricGroup - Name collision: Group already contains a Metric with the name 'pendingCommittables'. Metric will not be reported.[, taskmanager, d44d9eab-0b38-467a-a923-d7180ca87ff1, stream-state-bench-flink-tumbling_count, kafka-sink: Committer, 0]
flink-identity-1                | [TumblingEventTimeWindows -> kafka-sink: Writer -> kafka-sink: Committer (1/1)#0] INFO org.apache.kafka.common.config.AbstractConfig - ProducerConfig values: 
flink-identity-1                | 	acks = -1
flink-identity-1                | 	batch.size = 16384
flink-identity-1                | 	bootstrap.servers = [kafka:9092]
flink-identity-1                | 	buffer.memory = 33554432
flink-identity-1                | 	client.dns.lookup = use_all_dns_ips
flink-identity-1                | 	client.id = producer-stream-state-bench-flink-w3-latency-tuning_control-0-13
flink-identity-1                | 	compression.gzip.level = -1
flink-identity-1                | 	compression.lz4.level = 9
flink-identity-1                | 	compression.type = none
flink-identity-1                | 	compression.zstd.level = 3
flink-identity-1                | 	config.providers = []
flink-identity-1                | 	connections.max.idle.ms = 540000
flink-identity-1                | 	delivery.timeout.ms = 120000
flink-identity-1                | 	enable.idempotence = true
flink-identity-1                | 	enable.metrics.push = true
flink-identity-1                | 	interceptor.classes = []
flink-identity-1                | 	key.serializer = class org.apache.kafka.common.serialization.ByteArraySerializer
flink-identity-1                | 	linger.ms = 5
flink-identity-1                | 	max.block.ms = 60000
flink-identity-1                | 	max.in.flight.requests.per.connection = 5
flink-identity-1                | 	max.request.size = 1048576
flink-identity-1                | 	metadata.max.age.ms = 300000
flink-identity-1                | 	metadata.max.idle.ms = 300000
flink-identity-1                | 	metadata.recovery.rebootstrap.trigger.ms = 300000
flink-identity-1                | 	metadata.recovery.strategy = rebootstrap
flink-identity-1                | 	metric.reporters = [org.apache.kafka.common.metrics.JmxReporter]
flink-identity-1                | 	metrics.num.samples = 2
flink-identity-1                | 	metrics.recording.level = INFO
flink-identity-1                | 	metrics.sample.window.ms = 30000
flink-identity-1                | 	partitioner.adaptive.partitioning.enable = true
flink-identity-1                | 	partitioner.availability.timeout.ms = 0
flink-identity-1                | 	partitioner.class = null
flink-identity-1                | 	partitioner.ignore.keys = false
flink-identity-1                | 	receive.buffer.bytes = 32768
flink-identity-1                | 	reconnect.backoff.max.ms = 1000
flink-identity-1                | 	reconnect.backoff.ms = 50
flink-identity-1                | 	request.timeout.ms = 30000
flink-identity-1                | 	retries = 2147483647
flink-identity-1                | 	retry.backoff.max.ms = 1000
flink-identity-1                | 	retry.backoff.ms = 100
flink-identity-1                | 	sasl.client.callback.handler.class = null
flink-identity-1                | 	sasl.jaas.config = null
flink-identity-1                | 	sasl.kerberos.kinit.cmd = /usr/bin/kinit
flink-identity-1                | 	sasl.kerberos.min.time.before.relogin = 60000
flink-identity-1                | 	sasl.kerberos.service.name = null
flink-identity-1                | 	sasl.kerberos.ticket.renew.jitter = 0.05
flink-identity-1                | 	sasl.kerberos.ticket.renew.window.factor = 0.8
flink-identity-1                | 	sasl.login.callback.handler.class = null
flink-identity-1                | 	sasl.login.class = null
flink-identity-1                | 	sasl.login.connect.timeout.ms = null
flink-identity-1                | 	sasl.login.read.timeout.ms = null
flink-identity-1                | 	sasl.login.refresh.buffer.seconds = 300
flink-identity-1                | 	sasl.login.refresh.min.period.seconds = 60
flink-identity-1                | 	sasl.login.refresh.window.factor = 0.8
flink-identity-1                | 	sasl.login.refresh.window.jitter = 0.05
flink-identity-1                | 	sasl.login.retry.backoff.max.ms = 10000
flink-identity-1                | 	sasl.login.retry.backoff.ms = 100
flink-identity-1                | 	sasl.mechanism = GSSAPI
flink-identity-1                | 	sasl.oauthbearer.assertion.algorithm = RS256
flink-identity-1                | 	sasl.oauthbearer.assertion.claim.aud = null
flink-identity-1                | 	sasl.oauthbearer.assertion.claim.exp.seconds = 300
flink-identity-1                | 	sasl.oauthbearer.assertion.claim.iss = null
flink-identity-1                | 	sasl.oauthbearer.assertion.claim.jti.include = false
flink-identity-1                | 	sasl.oauthbearer.assertion.claim.nbf.seconds = 60
flink-identity-1                | 	sasl.oauthbearer.assertion.claim.sub = null
flink-identity-1                | 	sasl.oauthbearer.assertion.file = null
flink-identity-1                | 	sasl.oauthbearer.assertion.private.key.file = null
flink-identity-1                | 	sasl.oauthbearer.assertion.private.key.passphrase = null
flink-identity-1                | 	sasl.oauthbearer.assertion.template.file = null
flink-identity-1                | 	sasl.oauthbearer.client.credentials.client.id = null
flink-identity-1                | 	sasl.oauthbearer.client.credentials.client.secret = null
flink-identity-1                | 	sasl.oauthbearer.clock.skew.seconds = 30
flink-identity-1                | 	sasl.oauthbearer.expected.audience = []
flink-identity-1                | 	sasl.oauthbearer.expected.issuer = null
flink-identity-1                | 	sasl.oauthbearer.header.urlencode = false
flink-identity-1                | 	sasl.oauthbearer.jwks.endpoint.refresh.ms = 3600000
flink-identity-1                | 	sasl.oauthbearer.jwks.endpoint.retry.backoff.max.ms = 10000
flink-identity-1                | 	sasl.oauthbearer.jwks.endpoint.retry.backoff.ms = 100
flink-identity-1                | 	sasl.oauthbearer.jwks.endpoint.url = null
flink-identity-1                | 	sasl.oauthbearer.jwt.retriever.class = class org.apache.kafka.common.security.oauthbearer.DefaultJwtRetriever
flink-identity-1                | 	sasl.oauthbearer.jwt.validator.class = class org.apache.kafka.common.security.oauthbearer.DefaultJwtValidator
flink-identity-1                | 	sasl.oauthbearer.scope = null
flink-identity-1                | 	sasl.oauthbearer.scope.claim.name = scope
flink-identity-1                | 	sasl.oauthbearer.sub.claim.name = sub
flink-identity-1                | 	sasl.oauthbearer.token.endpoint.url = null
flink-identity-1                | 	security.protocol = PLAINTEXT
flink-identity-1                | 	security.providers = null
flink-identity-1                | 	send.buffer.bytes = 131072
flink-identity-1                | 	socket.connection.setup.timeout.max.ms = 30000
flink-identity-1                | 	socket.connection.setup.timeout.ms = 10000
flink-identity-1                | 	ssl.cipher.suites = []
flink-identity-1                | 	ssl.enabled.protocols = [TLSv1.2, TLSv1.3]
flink-identity-1                | 	ssl.endpoint.identification.algorithm = https
flink-identity-1                | 	ssl.engine.factory.class = null
flink-identity-1                | 	ssl.key.password = null
flink-identity-1                | 	ssl.keymanager.algorithm = SunX509
flink-identity-1                | 	ssl.keystore.certificate.chain = null
flink-identity-1                | 	ssl.keystore.key = null
flink-identity-1                | 	ssl.keystore.location = null
flink-identity-1                | 	ssl.keystore.password = null
flink-identity-1                | 	ssl.keystore.type = JKS
flink-identity-1                | 	ssl.protocol = TLSv1.3
flink-identity-1                | 	ssl.provider = null
flink-identity-1                | 	ssl.secure.random.implementation = null
flink-identity-1                | 	ssl.trustmanager.algorithm = PKIX
flink-identity-1                | 	ssl.truststore.certificates = null
flink-identity-1                | 	ssl.truststore.location = null
flink-identity-1                | 	ssl.truststore.password = null
flink-identity-1                | 	ssl.truststore.type = JKS
flink-identity-1                | 	transaction.timeout.ms = 300000
flink-identity-1                | 	transaction.two.phase.commit.enable = false
flink-identity-1                | 	transactional.id = stream-state-bench-flink-w3-latency-tuning_control-0-13
flink-identity-1                | 	value.serializer = class org.apache.kafka.common.serialization.ByteArraySerializer
flink-identity-1                | 
flink-identity-1                | [TumblingEventTimeWindows -> kafka-sink: Writer -> kafka-sink: Committer (1/1)#0] INFO org.apache.kafka.common.telemetry.internals.KafkaMetricsCollector - initializing Kafka metrics collector
flink-identity-1                | [TumblingEventTimeWindows -> kafka-sink: Writer -> kafka-sink: Committer (1/1)#0] INFO org.apache.kafka.clients.producer.KafkaProducer - [Producer clientId=producer-stream-state-bench-flink-w3-latency-tuning_control-0-13, transactionalId=stream-state-bench-flink-w3-latency-tuning_control-0-13] Instantiated a transactional producer.
flink-identity-1                | [TumblingEventTimeWindows -> kafka-sink: Writer -> kafka-sink: Committer (1/1)#0] INFO org.apache.kafka.common.utils.AppInfoParser - Kafka version: 4.2.0
flink-identity-1                | [TumblingEventTimeWindows -> kafka-sink: Writer -> kafka-sink: Committer (1/1)#0] INFO org.apache.kafka.common.utils.AppInfoParser - Kafka commitId: a18251bae0b825c6
flink-identity-1                | [TumblingEventTimeWindows -> kafka-sink: Writer -> kafka-sink: Committer (1/1)#0] INFO org.apache.kafka.common.utils.AppInfoParser - Kafka startTimeMs: 1784315177755
flink-identity-1                | [TumblingEventTimeWindows -> kafka-sink: Writer -> kafka-sink: Committer (1/1)#0] INFO org.apache.flink.connector.kafka.sink.internal.FlinkKafkaInternalProducer - Created transactional FlinkKafkaInternalProducer@2104123471{transactionalId='stream-state-bench-flink-w3-latency-tuning_control-0-13', transactionState=NOT_IN_TRANSACTION, closed=false}
flink-identity-1                | [TumblingEventTimeWindows -> kafka-sink: Writer -> kafka-sink: Committer (1/1)#0] INFO org.apache.kafka.clients.producer.internals.TransactionManager - [Producer clientId=producer-stream-state-bench-flink-w3-latency-tuning_control-0-13, transactionalId=stream-state-bench-flink-w3-latency-tuning_control-0-13] Invoking InitProducerId for the first time in order to acquire a producer ID
flink-identity-1                | [kafka-producer-network-thread | producer-stream-state-bench-flink-w3-latency-tuning_control-0-13] INFO org.apache.kafka.clients.Metadata - [Producer clientId=producer-stream-state-bench-flink-w3-latency-tuning_control-0-13, transactionalId=stream-state-bench-flink-w3-latency-tuning_control-0-13] Cluster ID: MkU3OEVBNTcwNTJENDM2Qk
flink-identity-1                | [kafka-producer-network-thread | producer-stream-state-bench-flink-w3-latency-tuning_control-0-13] INFO org.apache.kafka.clients.producer.internals.TransactionManager - [Producer clientId=producer-stream-state-bench-flink-w3-latency-tuning_control-0-13, transactionalId=stream-state-bench-flink-w3-latency-tuning_control-0-13] Discovered transaction coordinator kafka:9092 (id: 1 rack: null isFenced: false)
flink-identity-1                | [kafka-producer-network-thread | producer-stream-state-bench-flink-w3-latency-tuning_control-0-13] INFO org.apache.kafka.clients.producer.internals.TransactionManager - [Producer clientId=producer-stream-state-bench-flink-w3-latency-tuning_control-0-13, transactionalId=stream-state-bench-flink-w3-latency-tuning_control-0-13] ProducerId set to 13 with epoch 0
flink-identity-1                | [jobmanager-io-thread-12] INFO org.apache.flink.runtime.checkpoint.CheckpointCoordinator - Completed checkpoint 12 for job 685071a0544567112a6ecd8db0ecbc0f (5163 bytes, checkpointDuration=129 ms, finalizationTime=0 ms).
flink-identity-1                | [SourceCoordinator-Source: kafka-source] INFO org.apache.flink.runtime.source.coordinator.SourceCoordinator - Marking checkpoint 12 as completed for source Source: kafka-source.
flink-identity-1                | [Checkpoint Timer] INFO org.apache.flink.runtime.checkpoint.CheckpointCoordinator - Triggering checkpoint 13 (type=CheckpointType{name='Checkpoint', sharingFilesStrategy=FORWARD_BACKWARD}) @ 1784315178743 for job 685071a0544567112a6ecd8db0ecbc0f.
flink-identity-1                | [TumblingEventTimeWindows -> kafka-sink: Writer -> kafka-sink: Committer (1/1)#0] INFO org.apache.flink.connector.kafka.sink.internal.FlinkKafkaInternalProducer - Flushing new partitions
flink-identity-1                | [TumblingEventTimeWindows -> kafka-sink: Writer -> kafka-sink: Committer (1/1)#0] WARN org.apache.flink.metrics.MetricGroup - Name collision: Group already contains a Metric with the name 'pendingCommittables'. Metric will not be reported.[, taskmanager, d44d9eab-0b38-467a-a923-d7180ca87ff1, stream-state-bench-flink-tumbling_count, kafka-sink: Committer, 0]
flink-identity-1                | [TumblingEventTimeWindows -> kafka-sink: Writer -> kafka-sink: Committer (1/1)#0] INFO org.apache.kafka.clients.producer.internals.TransactionManager - [Producer clientId=producer-stream-state-bench-flink-w3-latency-tuning_control-0-13, transactionalId=stream-state-bench-flink-w3-latency-tuning_control-0-13] Invoking InitProducerId for the first time in order to acquire a producer ID
flink-identity-1                | [kafka-producer-network-thread | producer-stream-state-bench-flink-w3-latency-tuning_control-0-13] INFO org.apache.kafka.clients.producer.internals.TransactionManager - [Producer clientId=producer-stream-state-bench-flink-w3-latency-tuning_control-0-13, transactionalId=stream-state-bench-flink-w3-latency-tuning_control-0-13] ProducerId set to 14 with epoch 0
flink-identity-1                | [jobmanager-io-thread-8] INFO org.apache.flink.runtime.checkpoint.CheckpointCoordinator - Completed checkpoint 13 for job 685071a0544567112a6ecd8db0ecbc0f (5011 bytes, checkpointDuration=14 ms, finalizationTime=1 ms).
flink-identity-1                | [SourceCoordinator-Source: kafka-source] INFO org.apache.flink.runtime.source.coordinator.SourceCoordinator - Marking checkpoint 13 as completed for source Source: kafka-source.
flink-identity-1                | [Checkpoint Timer] INFO org.apache.flink.runtime.checkpoint.CheckpointCoordinator - Triggering checkpoint 14 (type=CheckpointType{name='Checkpoint', sharingFilesStrategy=FORWARD_BACKWARD}) @ 1784315179743 for job 685071a0544567112a6ecd8db0ecbc0f.
flink-identity-1                | [TumblingEventTimeWindows -> kafka-sink: Writer -> kafka-sink: Committer (1/1)#0] INFO org.apache.flink.connector.kafka.sink.internal.FlinkKafkaInternalProducer - Flushing new partitions
flink-identity-1                | [TumblingEventTimeWindows -> kafka-sink: Writer -> kafka-sink: Committer (1/1)#0] WARN org.apache.flink.metrics.MetricGroup - Name collision: Group already contains a Metric with the name 'pendingCommittables'. Metric will not be reported.[, taskmanager, d44d9eab-0b38-467a-a923-d7180ca87ff1, stream-state-bench-flink-tumbling_count, kafka-sink: Committer, 0]
flink-identity-1                | [TumblingEventTimeWindows -> kafka-sink: Writer -> kafka-sink: Committer (1/1)#0] INFO org.apache.kafka.clients.producer.internals.TransactionManager - [Producer clientId=producer-stream-state-bench-flink-w3-latency-tuning_control-0-1, transactionalId=stream-state-bench-flink-w3-latency-tuning_control-0-1] Invoking InitProducerId for the first time in order to acquire a producer ID
flink-identity-1                | [kafka-producer-network-thread | producer-stream-state-bench-flink-w3-latency-tuning_control-0-1] INFO org.apache.kafka.clients.producer.internals.TransactionManager - [Producer clientId=producer-stream-state-bench-flink-w3-latency-tuning_control-0-1, transactionalId=stream-state-bench-flink-w3-latency-tuning_control-0-1] ProducerId set to 15 with epoch 0
flink-identity-1                | [jobmanager-io-thread-14] INFO org.apache.flink.runtime.checkpoint.CheckpointCoordinator - Completed checkpoint 14 for job 685071a0544567112a6ecd8db0ecbc0f (5011 bytes, checkpointDuration=12 ms, finalizationTime=0 ms).
flink-identity-1                | [SourceCoordinator-Source: kafka-source] INFO org.apache.flink.runtime.source.coordinator.SourceCoordinator - Marking checkpoint 14 as completed for source Source: kafka-source.
flink-identity-1                | [Checkpoint Timer] INFO org.apache.flink.runtime.checkpoint.CheckpointCoordinator - Triggering checkpoint 15 (type=CheckpointType{name='Checkpoint', sharingFilesStrategy=FORWARD_BACKWARD}) @ 1784315180743 for job 685071a0544567112a6ecd8db0ecbc0f.
flink-identity-1                | [TumblingEventTimeWindows -> kafka-sink: Writer -> kafka-sink: Committer (1/1)#0] INFO org.apache.flink.connector.kafka.sink.internal.FlinkKafkaInternalProducer - Flushing new partitions
flink-identity-1                | [TumblingEventTimeWindows -> kafka-sink: Writer -> kafka-sink: Committer (1/1)#0] WARN org.apache.flink.metrics.MetricGroup - Name collision: Group already contains a Metric with the name 'pendingCommittables'. Metric will not be reported.[, taskmanager, d44d9eab-0b38-467a-a923-d7180ca87ff1, stream-state-bench-flink-tumbling_count, kafka-sink: Committer, 0]
flink-identity-1                | [TumblingEventTimeWindows -> kafka-sink: Writer -> kafka-sink: Committer (1/1)#0] INFO org.apache.kafka.clients.producer.internals.TransactionManager - [Producer clientId=producer-stream-state-bench-flink-w3-latency-tuning_control-0-13, transactionalId=stream-state-bench-flink-w3-latency-tuning_control-0-13] Invoking InitProducerId for the first time in order to acquire a producer ID
flink-identity-1                | [kafka-producer-network-thread | producer-stream-state-bench-flink-w3-latency-tuning_control-0-13] INFO org.apache.kafka.clients.producer.internals.TransactionManager - [Producer clientId=producer-stream-state-bench-flink-w3-latency-tuning_control-0-13, transactionalId=stream-state-bench-flink-w3-latency-tuning_control-0-13] ProducerId set to 16 with epoch 0
flink-identity-1                | [jobmanager-io-thread-5] INFO org.apache.flink.runtime.checkpoint.CheckpointCoordinator - Completed checkpoint 15 for job 685071a0544567112a6ecd8db0ecbc0f (5011 bytes, checkpointDuration=18 ms, finalizationTime=1 ms).
flink-identity-1                | [SourceCoordinator-Source: kafka-source] INFO org.apache.flink.runtime.source.coordinator.SourceCoordinator - Marking checkpoint 15 as completed for source Source: kafka-source.
flink-identity-1                | [Checkpoint Timer] INFO org.apache.flink.runtime.checkpoint.CheckpointCoordinator - Triggering checkpoint 16 (type=CheckpointType{name='Checkpoint', sharingFilesStrategy=FORWARD_BACKWARD}) @ 1784315181743 for job 685071a0544567112a6ecd8db0ecbc0f.
flink-identity-1                | [TumblingEventTimeWindows -> kafka-sink: Writer -> kafka-sink: Committer (1/1)#0] INFO org.apache.flink.connector.kafka.sink.internal.FlinkKafkaInternalProducer - Flushing new partitions
flink-identity-1                | [TumblingEventTimeWindows -> kafka-sink: Writer -> kafka-sink: Committer (1/1)#0] WARN org.apache.flink.metrics.MetricGroup - Name collision: Group already contains a Metric with the name 'pendingCommittables'. Metric will not be reported.[, taskmanager, d44d9eab-0b38-467a-a923-d7180ca87ff1, stream-state-bench-flink-tumbling_count, kafka-sink: Committer, 0]
flink-identity-1                | [TumblingEventTimeWindows -> kafka-sink: Writer -> kafka-sink: Committer (1/1)#0] INFO org.apache.kafka.clients.producer.internals.TransactionManager - [Producer clientId=producer-stream-state-bench-flink-w3-latency-tuning_control-0-1, transactionalId=stream-state-bench-flink-w3-latency-tuning_control-0-1] Invoking InitProducerId for the first time in order to acquire a producer ID
flink-identity-1                | [kafka-producer-network-thread | producer-stream-state-bench-flink-w3-latency-tuning_control-0-1] INFO org.apache.kafka.clients.producer.internals.TransactionManager - [Producer clientId=producer-stream-state-bench-flink-w3-latency-tuning_control-0-1, transactionalId=stream-state-bench-flink-w3-latency-tuning_control-0-1] ProducerId set to 17 with epoch 0
flink-identity-1                | [jobmanager-io-thread-16] INFO org.apache.flink.runtime.checkpoint.CheckpointCoordinator - Completed checkpoint 16 for job 685071a0544567112a6ecd8db0ecbc0f (5011 bytes, checkpointDuration=12 ms, finalizationTime=1 ms).
flink-identity-1                | [SourceCoordinator-Source: kafka-source] INFO org.apache.flink.runtime.source.coordinator.SourceCoordinator - Marking checkpoint 16 as completed for source Source: kafka-source.
flink-identity-1                | [Checkpoint Timer] INFO org.apache.flink.runtime.checkpoint.CheckpointCoordinator - Triggering checkpoint 17 (type=CheckpointType{name='Checkpoint', sharingFilesStrategy=FORWARD_BACKWARD}) @ 1784315182743 for job 685071a0544567112a6ecd8db0ecbc0f.
flink-identity-1                | [TumblingEventTimeWindows -> kafka-sink: Writer -> kafka-sink: Committer (1/1)#0] INFO org.apache.flink.connector.kafka.sink.internal.FlinkKafkaInternalProducer - Flushing new partitions
flink-identity-1                | [TumblingEventTimeWindows -> kafka-sink: Writer -> kafka-sink: Committer (1/1)#0] WARN org.apache.flink.metrics.MetricGroup - Name collision: Group already contains a Metric with the name 'pendingCommittables'. Metric will not be reported.[, taskmanager, d44d9eab-0b38-467a-a923-d7180ca87ff1, stream-state-bench-flink-tumbling_count, kafka-sink: Committer, 0]
flink-identity-1                | [TumblingEventTimeWindows -> kafka-sink: Writer -> kafka-sink: Committer (1/1)#0] INFO org.apache.kafka.clients.producer.internals.TransactionManager - [Producer clientId=producer-stream-state-bench-flink-w3-latency-tuning_control-0-13, transactionalId=stream-state-bench-flink-w3-latency-tuning_control-0-13] Invoking InitProducerId for the first time in order to acquire a producer ID
flink-identity-1                | [kafka-producer-network-thread | producer-stream-state-bench-flink-w3-latency-tuning_control-0-13] INFO org.apache.kafka.clients.producer.internals.TransactionManager - [Producer clientId=producer-stream-state-bench-flink-w3-latency-tuning_control-0-13, transactionalId=stream-state-bench-flink-w3-latency-tuning_control-0-13] ProducerId set to 18 with epoch 0
flink-identity-1                | [jobmanager-io-thread-4] INFO org.apache.flink.runtime.checkpoint.CheckpointCoordinator - Completed checkpoint 17 for job 685071a0544567112a6ecd8db0ecbc0f (5011 bytes, checkpointDuration=12 ms, finalizationTime=0 ms).
flink-identity-1                | [SourceCoordinator-Source: kafka-source] INFO org.apache.flink.runtime.source.coordinator.SourceCoordinator - Marking checkpoint 17 as completed for source Source: kafka-source.
flink-identity-1                | [Checkpoint Timer] INFO org.apache.flink.runtime.checkpoint.CheckpointCoordinator - Triggering checkpoint 18 (type=CheckpointType{name='Checkpoint', sharingFilesStrategy=FORWARD_BACKWARD}) @ 1784315183742 for job 685071a0544567112a6ecd8db0ecbc0f.
flink-identity-1                | [TumblingEventTimeWindows -> kafka-sink: Writer -> kafka-sink: Committer (1/1)#0] INFO org.apache.flink.connector.kafka.sink.internal.FlinkKafkaInternalProducer - Flushing new partitions
flink-identity-1                | [TumblingEventTimeWindows -> kafka-sink: Writer -> kafka-sink: Committer (1/1)#0] WARN org.apache.flink.metrics.MetricGroup - Name collision: Group already contains a Metric with the name 'pendingCommittables'. Metric will not be reported.[, taskmanager, d44d9eab-0b38-467a-a923-d7180ca87ff1, stream-state-bench-flink-tumbling_count, kafka-sink: Committer, 0]
flink-identity-1                | [TumblingEventTimeWindows -> kafka-sink: Writer -> kafka-sink: Committer (1/1)#0] INFO org.apache.kafka.clients.producer.internals.TransactionManager - [Producer clientId=producer-stream-state-bench-flink-w3-latency-tuning_control-0-1, transactionalId=stream-state-bench-flink-w3-latency-tuning_control-0-1] Invoking InitProducerId for the first time in order to acquire a producer ID
flink-identity-1                | [kafka-producer-network-thread | producer-stream-state-bench-flink-w3-latency-tuning_control-0-1] INFO org.apache.kafka.clients.producer.internals.TransactionManager - [Producer clientId=producer-stream-state-bench-flink-w3-latency-tuning_control-0-1, transactionalId=stream-state-bench-flink-w3-latency-tuning_control-0-1] ProducerId set to 19 with epoch 0
flink-identity-1                | [jobmanager-io-thread-2] INFO org.apache.flink.runtime.checkpoint.CheckpointCoordinator - Completed checkpoint 18 for job 685071a0544567112a6ecd8db0ecbc0f (5011 bytes, checkpointDuration=11 ms, finalizationTime=1 ms).
flink-identity-1                | [SourceCoordinator-Source: kafka-source] INFO org.apache.flink.runtime.source.coordinator.SourceCoordinator - Marking checkpoint 18 as completed for source Source: kafka-source.
flink-identity-1                | [Checkpoint Timer] INFO org.apache.flink.runtime.checkpoint.CheckpointCoordinator - Triggering checkpoint 19 (type=CheckpointType{name='Checkpoint', sharingFilesStrategy=FORWARD_BACKWARD}) @ 1784315184742 for job 685071a0544567112a6ecd8db0ecbc0f.
flink-identity-1                | [TumblingEventTimeWindows -> kafka-sink: Writer -> kafka-sink: Committer (1/1)#0] INFO org.apache.flink.connector.kafka.sink.internal.FlinkKafkaInternalProducer - Flushing new partitions
stream-state-bench-flink-kafka  | 	log.roll.ms = null
stream-state-bench-flink-kafka  | 	log.segment.bytes = 1073741824
stream-state-bench-flink-kafka  | 	log.segment.delete.delay.ms = 60000
stream-state-bench-flink-kafka  | 	max.connection.creation.rate = 2147483647
stream-state-bench-flink-kafka  | 	max.connections = 2147483647
stream-state-bench-flink-kafka  | 	max.connections.per.ip = 2147483647
stream-state-bench-flink-kafka  | 	max.connections.per.ip.overrides = 
stream-state-bench-flink-kafka  | 	max.incremental.fetch.session.cache.slots = 1000
stream-state-bench-flink-kafka  | 	max.request.partition.size.limit = 2000
stream-state-bench-flink-kafka  | 	message.max.bytes = 1048588
stream-state-bench-flink-kafka  | 	metadata.log.dir = null
stream-state-bench-flink-kafka  | 	metadata.log.max.record.bytes.between.snapshots = 20971520
stream-state-bench-flink-kafka  | 	metadata.log.max.snapshot.interval.ms = 3600000
stream-state-bench-flink-kafka  | 	metadata.log.segment.bytes = 1073741824
stream-state-bench-flink-kafka  | 	metadata.log.segment.ms = 604800000
stream-state-bench-flink-kafka  | 	metadata.max.idle.interval.ms = 500
stream-state-bench-flink-kafka  | 	metadata.max.retention.bytes = 104857600
stream-state-bench-flink-kafka  | 	metadata.max.retention.ms = 604800000
stream-state-bench-flink-kafka  | 	metric.reporters = [org.apache.kafka.common.metrics.JmxReporter]
stream-state-bench-flink-kafka  | 	metrics.num.samples = 2
stream-state-bench-flink-kafka  | 	metrics.recording.level = INFO
stream-state-bench-flink-kafka  | 	metrics.sample.window.ms = 30000
stream-state-bench-flink-kafka  | 	min.insync.replicas = 1
stream-state-bench-flink-kafka  | 	node.id = 1
stream-state-bench-flink-kafka  | 	num.io.threads = 8
stream-state-bench-flink-kafka  | 	num.network.threads = 3
stream-state-bench-flink-kafka  | 	num.partitions = 1
stream-state-bench-flink-kafka  | 	num.recovery.threads.per.data.dir = 2
stream-state-bench-flink-kafka  | 	num.replica.alter.log.dirs.threads = null
stream-state-bench-flink-kafka  | 	num.replica.fetchers = 1
stream-state-bench-flink-kafka  | 	offset.metadata.max.bytes = 4096
stream-state-bench-flink-kafka  | 	offsets.commit.timeout.ms = 5000
stream-state-bench-flink-kafka  | 	offsets.load.buffer.size = 5242880
stream-state-bench-flink-kafka  | 	offsets.retention.check.interval.ms = 600000
stream-state-bench-flink-kafka  | 	offsets.retention.minutes = 10080
stream-state-bench-flink-kafka  | 	offsets.topic.compression.codec = 0
stream-state-bench-flink-kafka  | 	offsets.topic.num.partitions = 50
stream-state-bench-flink-kafka  | 	offsets.topic.replication.factor = 1
stream-state-bench-flink-kafka  | 	offsets.topic.segment.bytes = 104857600
stream-state-bench-flink-kafka  | 	principal.builder.class = class org.apache.kafka.common.security.authenticator.DefaultKafkaPrincipalBuilder
stream-state-bench-flink-kafka  | 	process.roles = [broker, controller]
stream-state-bench-flink-kafka  | 	producer.id.expiration.check.interval.ms = 600000
stream-state-bench-flink-kafka  | 	producer.id.expiration.ms = 86400000
stream-state-bench-flink-kafka  | 	producer.purgatory.purge.interval.requests = 1000
stream-state-bench-flink-kafka  | 	queued.max.request.bytes = -1
stream-state-bench-flink-kafka  | 	queued.max.requests = 500
stream-state-bench-flink-kafka  | 	quota.window.num = 11
stream-state-bench-flink-kafka  | 	quota.window.size.seconds = 1
stream-state-bench-flink-kafka  | 	remote.fetch.max.wait.ms = 500
stream-state-bench-flink-kafka  | 	remote.list.offsets.request.timeout.ms = 30000
stream-state-bench-flink-kafka  | 	remote.log.index.file.cache.total.size.bytes = 1073741824
stream-state-bench-flink-kafka  | 	remote.log.index.file.cache.ttl.ms = 900000
stream-state-bench-flink-kafka  | 	remote.log.manager.copier.thread.pool.size = 10
stream-state-bench-flink-kafka  | 	remote.log.manager.copy.max.bytes.per.second = 9223372036854775807
stream-state-bench-flink-kafka  | 	remote.log.manager.copy.quota.window.num = 11
stream-state-bench-flink-kafka  | 	remote.log.manager.copy.quota.window.size.seconds = 1
stream-state-bench-flink-kafka  | 	remote.log.manager.expiration.thread.pool.size = 10
stream-state-bench-flink-kafka  | 	remote.log.manager.fetch.max.bytes.per.second = 9223372036854775807
stream-state-bench-flink-kafka  | 	remote.log.manager.fetch.quota.window.num = 11
stream-state-bench-flink-kafka  | 	remote.log.manager.fetch.quota.window.size.seconds = 1
stream-state-bench-flink-kafka  | 	remote.log.manager.follower.thread.pool.size = 2
stream-state-bench-flink-kafka  | 	remote.log.manager.task.interval.ms = 30000
stream-state-bench-flink-kafka  | 	remote.log.manager.task.retry.backoff.max.ms = 30000
stream-state-bench-flink-kafka  | 	remote.log.manager.task.retry.backoff.ms = 500
stream-state-bench-flink-kafka  | 	remote.log.manager.task.retry.jitter = 0.2
stream-state-bench-flink-kafka  | 	remote.log.manager.thread.pool.size = 2
stream-state-bench-flink-kafka  | 	remote.log.metadata.custom.metadata.max.bytes = 128
stream-state-bench-flink-kafka  | 	remote.log.metadata.manager.class.name = org.apache.kafka.server.log.remote.metadata.storage.TopicBasedRemoteLogMetadataManager
stream-state-bench-flink-kafka  | 	remote.log.metadata.manager.class.path = null
stream-state-bench-flink-kafka  | 	remote.log.metadata.manager.impl.prefix = rlmm.config.
stream-state-bench-flink-kafka  | 	remote.log.metadata.manager.listener.name = null
stream-state-bench-flink-kafka  | 	remote.log.reader.max.pending.tasks = 100
stream-state-bench-flink-kafka  | 	remote.log.reader.threads = 10
stream-state-bench-flink-kafka  | 	remote.log.storage.manager.class.name = null
stream-state-bench-flink-kafka  | 	remote.log.storage.manager.class.path = null
stream-state-bench-flink-kafka  | 	remote.log.storage.manager.impl.prefix = rsm.config.
stream-state-bench-flink-kafka  | 	remote.log.storage.system.enable = false
stream-state-bench-flink-kafka  | 	replica.fetch.backoff.ms = 1000
stream-state-bench-flink-kafka  | 	replica.fetch.max.bytes = 1048576
stream-state-bench-flink-kafka  | 	replica.fetch.min.bytes = 1
stream-state-bench-flink-kafka  | 	replica.fetch.response.max.bytes = 10485760
stream-state-bench-flink-kafka  | 	replica.fetch.wait.max.ms = 500
stream-state-bench-flink-kafka  | 	replica.high.watermark.checkpoint.interval.ms = 5000
stream-state-bench-flink-kafka  | 	replica.lag.time.max.ms = 30000
stream-state-bench-flink-kafka  | 	replica.selector.class = null
stream-state-bench-flink-kafka  | 	replica.socket.receive.buffer.bytes = 65536
stream-state-bench-flink-kafka  | 	replica.socket.timeout.ms = 30000
stream-state-bench-flink-kafka  | 	replication.quota.window.num = 11
stream-state-bench-flink-kafka  | 	replication.quota.window.size.seconds = 1
stream-state-bench-flink-kafka  | 	request.timeout.ms = 30000
stream-state-bench-flink-kafka  | 	sasl.client.callback.handler.class = null
stream-state-bench-flink-kafka  | 	sasl.enabled.mechanisms = [GSSAPI]
stream-state-bench-flink-kafka  | 	sasl.jaas.config = null
stream-state-bench-flink-kafka  | 	sasl.kerberos.kinit.cmd = /usr/bin/kinit
stream-state-bench-flink-kafka  | 	sasl.kerberos.min.time.before.relogin = 60000
stream-state-bench-flink-kafka  | 	sasl.kerberos.principal.to.local.rules = [DEFAULT]
stream-state-bench-flink-kafka  | 	sasl.kerberos.service.name = null
stream-state-bench-flink-kafka  | 	sasl.kerberos.ticket.renew.jitter = 0.05
stream-state-bench-flink-kafka  | 	sasl.kerberos.ticket.renew.window.factor = 0.8
stream-state-bench-flink-kafka  | 	sasl.login.callback.handler.class = null
stream-state-bench-flink-kafka  | 	sasl.login.class = null
stream-state-bench-flink-kafka  | 	sasl.login.connect.timeout.ms = null
stream-state-bench-flink-kafka  | 	sasl.login.read.timeout.ms = null
stream-state-bench-flink-kafka  | 	sasl.login.refresh.buffer.seconds = 300
stream-state-bench-flink-kafka  | 	sasl.login.refresh.min.period.seconds = 60
stream-state-bench-flink-kafka  | 	sasl.login.refresh.window.factor = 0.8
stream-state-bench-flink-kafka  | 	sasl.login.refresh.window.jitter = 0.05
stream-state-bench-flink-kafka  | 	sasl.login.retry.backoff.max.ms = 10000
stream-state-bench-flink-kafka  | 	sasl.login.retry.backoff.ms = 100
stream-state-bench-flink-kafka  | 	sasl.mechanism.controller.protocol = GSSAPI
stream-state-bench-flink-kafka  | 	sasl.mechanism.inter.broker.protocol = GSSAPI
stream-state-bench-flink-kafka  | 	sasl.oauthbearer.assertion.algorithm = RS256
stream-state-bench-flink-kafka  | 	sasl.oauthbearer.assertion.claim.aud = null
stream-state-bench-flink-kafka  | 	sasl.oauthbearer.assertion.claim.exp.seconds = 300
stream-state-bench-flink-kafka  | 	sasl.oauthbearer.assertion.claim.iss = null
stream-state-bench-flink-kafka  | 	sasl.oauthbearer.assertion.claim.jti.include = false
stream-state-bench-flink-kafka  | 	sasl.oauthbearer.assertion.claim.nbf.seconds = 60
stream-state-bench-flink-kafka  | 	sasl.oauthbearer.assertion.claim.sub = null
stream-state-bench-flink-kafka  | 	sasl.oauthbearer.assertion.file = null
stream-state-bench-flink-kafka  | 	sasl.oauthbearer.assertion.private.key.file = null
stream-state-bench-flink-kafka  | 	sasl.oauthbearer.assertion.private.key.passphrase = null
stream-state-bench-flink-kafka  | 	sasl.oauthbearer.assertion.template.file = null
stream-state-bench-flink-kafka  | 	sasl.oauthbearer.client.credentials.client.id = null
stream-state-bench-flink-kafka  | 	sasl.oauthbearer.client.credentials.client.secret = null
stream-state-bench-flink-kafka  | 	sasl.oauthbearer.clock.skew.seconds = 30
stream-state-bench-flink-kafka  | 	sasl.oauthbearer.expected.audience = []
stream-state-bench-flink-kafka  | 	sasl.oauthbearer.expected.issuer = null
stream-state-bench-flink-kafka  | 	sasl.oauthbearer.jwks.endpoint.refresh.ms = 3600000
stream-state-bench-flink-kafka  | 	sasl.oauthbearer.jwks.endpoint.retry.backoff.max.ms = 10000
stream-state-bench-flink-kafka  | 	sasl.oauthbearer.jwks.endpoint.retry.backoff.ms = 100
stream-state-bench-flink-kafka  | 	sasl.oauthbearer.jwks.endpoint.url = null
stream-state-bench-flink-kafka  | 	sasl.oauthbearer.jwt.retriever.class = class org.apache.kafka.common.security.oauthbearer.DefaultJwtRetriever
stream-state-bench-flink-kafka  | 	sasl.oauthbearer.jwt.validator.class = class org.apache.kafka.common.security.oauthbearer.DefaultJwtValidator
stream-state-bench-flink-kafka  | 	sasl.oauthbearer.scope = null
stream-state-bench-flink-kafka  | 	sasl.oauthbearer.scope.claim.name = scope
stream-state-bench-flink-kafka  | 	sasl.oauthbearer.sub.claim.name = sub
stream-state-bench-flink-kafka  | 	sasl.oauthbearer.token.endpoint.url = null
stream-state-bench-flink-kafka  | 	sasl.server.callback.handler.class = null
stream-state-bench-flink-kafka  | 	sasl.server.max.receive.size = 524288
stream-state-bench-flink-kafka  | 	security.inter.broker.protocol = PLAINTEXT
stream-state-bench-flink-kafka  | 	security.providers = null
stream-state-bench-flink-kafka  | 	server.max.startup.time.ms = 9223372036854775807
stream-state-bench-flink-kafka  | 	share.coordinator.append.linger.ms = -1
stream-state-bench-flink-kafka  | 	share.coordinator.cached.buffer.max.bytes = 1048588
stream-state-bench-flink-kafka  | 	share.coordinator.cold.partition.snapshot.interval.ms = 300000
stream-state-bench-flink-kafka  | 	share.coordinator.load.buffer.size = 5242880
stream-state-bench-flink-kafka  | 	share.coordinator.snapshot.update.records.per.snapshot = 500
stream-state-bench-flink-kafka  | 	share.coordinator.state.topic.compression.codec = 0
stream-state-bench-flink-kafka  | 	share.coordinator.state.topic.min.isr = 2
stream-state-bench-flink-kafka  | 	share.coordinator.state.topic.num.partitions = 50
stream-state-bench-flink-kafka  | 	share.coordinator.state.topic.prune.interval.ms = 300000
stream-state-bench-flink-kafka  | 	share.coordinator.state.topic.replication.factor = 3
stream-state-bench-flink-kafka  | 	share.coordinator.state.topic.segment.bytes = 104857600
stream-state-bench-flink-kafka  | 	share.coordinator.threads = 1
stream-state-bench-flink-kafka  | 	share.coordinator.write.timeout.ms = 5000
stream-state-bench-flink-kafka  | 	share.fetch.purgatory.purge.interval.requests = 1000
stream-state-bench-flink-kafka  | 	socket.connection.setup.timeout.max.ms = 30000
stream-state-bench-flink-kafka  | 	socket.connection.setup.timeout.ms = 10000
stream-state-bench-flink-kafka  | 	socket.listen.backlog.size = 50
stream-state-bench-flink-kafka  | 	socket.receive.buffer.bytes = 102400
stream-state-bench-flink-kafka  | 	socket.request.max.bytes = 104857600
stream-state-bench-flink-kafka  | 	socket.send.buffer.bytes = 102400
stream-state-bench-flink-kafka  | 	ssl.allow.dn.changes = false
stream-state-bench-flink-kafka  | 	ssl.allow.san.changes = false
stream-state-bench-flink-kafka  | 	ssl.cipher.suites = []
stream-state-bench-flink-kafka  | 	ssl.client.auth = none
stream-state-bench-flink-kafka  | 	ssl.enabled.protocols = [TLSv1.2, TLSv1.3]
stream-state-bench-flink-kafka  | 	ssl.endpoint.identification.algorithm = https
stream-state-bench-flink-kafka  | 	ssl.engine.factory.class = null
stream-state-bench-flink-kafka  | 	ssl.key.password = null
stream-state-bench-flink-kafka  | 	ssl.keymanager.algorithm = SunX509
stream-state-bench-flink-kafka  | 	ssl.keystore.certificate.chain = null
stream-state-bench-flink-kafka  | 	ssl.keystore.key = null
stream-state-bench-flink-kafka  | 	ssl.keystore.location = null
stream-state-bench-flink-kafka  | 	ssl.keystore.password = null
stream-state-bench-flink-kafka  | 	ssl.keystore.type = JKS
stream-state-bench-flink-kafka  | 	ssl.principal.mapping.rules = DEFAULT
stream-state-bench-flink-kafka  | 	ssl.protocol = TLSv1.3
stream-state-bench-flink-kafka  | 	ssl.provider = null
stream-state-bench-flink-kafka  | 	ssl.secure.random.implementation = null
stream-state-bench-flink-kafka  | 	ssl.trustmanager.algorithm = PKIX
stream-state-bench-flink-kafka  | 	ssl.truststore.certificates = null
stream-state-bench-flink-kafka  | 	ssl.truststore.location = null
stream-state-bench-flink-kafka  | 	ssl.truststore.password = null
stream-state-bench-flink-kafka  | 	ssl.truststore.type = JKS
stream-state-bench-flink-kafka  | 	telemetry.max.bytes = 1048576
stream-state-bench-flink-kafka  | 	transaction.abort.timed.out.transaction.cleanup.interval.ms = 10000
stream-state-bench-flink-kafka  | 	transaction.max.timeout.ms = 900000
stream-state-bench-flink-kafka  | 	transaction.partition.verification.enable = true
stream-state-bench-flink-kafka  | 	transaction.remove.expired.transaction.cleanup.interval.ms = 3600000
stream-state-bench-flink-kafka  | 	transaction.state.log.load.buffer.size = 5242880
stream-state-bench-flink-kafka  | 	transaction.state.log.min.isr = 1
stream-state-bench-flink-kafka  | 	transaction.state.log.num.partitions = 50
stream-state-bench-flink-kafka  | 	transaction.state.log.replication.factor = 1
stream-state-bench-flink-kafka  | 	transaction.state.log.segment.bytes = 104857600
stream-state-bench-flink-kafka  | 	transaction.two.phase.commit.enable = false
stream-state-bench-flink-kafka  | 	transactional.id.expiration.ms = 604800000
stream-state-bench-flink-kafka  | 	unclean.leader.election.enable = false
stream-state-bench-flink-kafka  | 	unclean.leader.election.interval.ms = 300000
stream-state-bench-flink-kafka  | 	unstable.api.versions.enable = false
stream-state-bench-flink-kafka  | 	unstable.feature.versions.enable = false
stream-state-bench-flink-kafka  |  (org.apache.kafka.common.config.AbstractConfig)
stream-state-bench-flink-kafka  | [2026-07-17 19:05:57,693] INFO [BrokerServer id=1] Waiting for the broker to be unfenced (kafka.server.BrokerServer)
stream-state-bench-flink-kafka  | [2026-07-17 19:05:57,721] INFO [BrokerLifecycleManager id=1] The broker has been unfenced. Transitioning from RECOVERY to RUNNING. (org.apache.kafka.server.BrokerLifecycleManager)
stream-state-bench-flink-kafka  | [2026-07-17 19:05:57,722] INFO [BrokerServer id=1] Finished waiting for the broker to be unfenced (kafka.server.BrokerServer)
stream-state-bench-flink-kafka  | [2026-07-17 19:05:57,722] INFO authorizerStart completed for endpoint PLAINTEXT. Endpoint is now READY. (org.apache.kafka.server.network.EndpointReadyFutures)
stream-state-bench-flink-kafka  | [2026-07-17 19:05:57,723] INFO [SocketServer listenerType=BROKER, nodeId=1] Enabling request processing. (kafka.network.SocketServer)
stream-state-bench-flink-kafka  | [2026-07-17 19:05:57,723] INFO Awaiting socket connections on 0.0.0.0:9092. (kafka.network.DataPlaneAcceptor)
stream-state-bench-flink-kafka  | [2026-07-17 19:05:57,724] INFO [BrokerServer id=1] Waiting for all of the authorizer futures to be completed (kafka.server.BrokerServer)
stream-state-bench-flink-kafka  | [2026-07-17 19:05:57,724] INFO [BrokerServer id=1] Finished waiting for all of the authorizer futures to be completed (kafka.server.BrokerServer)
stream-state-bench-flink-kafka  | [2026-07-17 19:05:57,724] INFO [BrokerServer id=1] Waiting for all of the SocketServer Acceptors to be started (kafka.server.BrokerServer)
stream-state-bench-flink-kafka  | [2026-07-17 19:05:57,724] INFO [BrokerServer id=1] Finished waiting for all of the SocketServer Acceptors to be started (kafka.server.BrokerServer)
stream-state-bench-flink-kafka  | [2026-07-17 19:05:57,724] INFO [BrokerServer id=1] Transition from STARTING to STARTED (kafka.server.BrokerServer)
stream-state-bench-flink-kafka  | [2026-07-17 19:05:57,725] INFO Kafka version: 4.3.1 (org.apache.kafka.common.utils.AppInfoParser)
stream-state-bench-flink-kafka  | [2026-07-17 19:05:57,725] INFO Kafka commitId: 26b251a451ce941d (org.apache.kafka.common.utils.AppInfoParser)
stream-state-bench-flink-kafka  | [2026-07-17 19:05:57,725] INFO Kafka startTimeMs: 1784315157724 (org.apache.kafka.common.utils.AppInfoParser)
stream-state-bench-flink-kafka  | [2026-07-17 19:05:57,726] INFO [KafkaRaftServer nodeId=1] Kafka Server started (kafka.server.KafkaRaftServer)
stream-state-bench-flink-kafka  | [2026-07-17 19:06:00,189] INFO [ReplicaFetcherManager on broker 1] Removed fetcher for partitions Set(bench-w3-latency-input-0) (kafka.server.ReplicaFetcherManager)
stream-state-bench-flink-kafka  | [2026-07-17 19:06:00,205] INFO [LogLoader partition=bench-w3-latency-input-0, dir=/tmp/kafka-logs] Loading producer state till offset 0 (org.apache.kafka.storage.internals.log.UnifiedLog)
stream-state-bench-flink-kafka  | [2026-07-17 19:06:00,208] INFO Created log for partition bench-w3-latency-input-0 in /tmp/kafka-logs/bench-w3-latency-input-0 with properties {message.timestamp.type="LogAppendTime"} (kafka.log.LogManager)
stream-state-bench-flink-kafka  | [2026-07-17 19:06:00,209] INFO [Partition bench-w3-latency-input-0 broker=1] No checkpointed highwatermark is found for partition bench-w3-latency-input-0 (kafka.cluster.Partition)
stream-state-bench-flink-kafka  | [2026-07-17 19:06:00,211] INFO [Partition bench-w3-latency-input-0 broker=1] Log loaded for partition bench-w3-latency-input-0 with initial high watermark 0 (kafka.cluster.Partition)
stream-state-bench-flink-kafka  | [2026-07-17 19:06:00,224] INFO [DynamicConfigPublisher broker id=1] Updating topic bench-w3-latency-input with new configuration : message.timestamp.type -> LogAppendTime (kafka.server.metadata.DynamicConfigPublisher)
stream-state-bench-flink-kafka  | [2026-07-17 19:06:01,830] INFO [ReplicaFetcherManager on broker 1] Removed fetcher for partitions Set(bench-w3-latency-flink-output-0) (kafka.server.ReplicaFetcherManager)
stream-state-bench-flink-kafka  | [2026-07-17 19:06:01,834] INFO [LogLoader partition=bench-w3-latency-flink-output-0, dir=/tmp/kafka-logs] Loading producer state till offset 0 (org.apache.kafka.storage.internals.log.UnifiedLog)
stream-state-bench-flink-kafka  | [2026-07-17 19:06:01,835] INFO Created log for partition bench-w3-latency-flink-output-0 in /tmp/kafka-logs/bench-w3-latency-flink-output-0 with properties {} (kafka.log.LogManager)
stream-state-bench-flink-kafka  | [2026-07-17 19:06:01,835] INFO [Partition bench-w3-latency-flink-output-0 broker=1] No checkpointed highwatermark is found for partition bench-w3-latency-flink-output-0 (kafka.cluster.Partition)
stream-state-bench-flink-kafka  | [2026-07-17 19:06:01,835] INFO [Partition bench-w3-latency-flink-output-0 broker=1] Log loaded for partition bench-w3-latency-flink-output-0 with initial high watermark 0 (kafka.cluster.Partition)
stream-state-bench-flink-kafka  | [2026-07-17 19:06:05,467] INFO Sent auto-creation request for Set(__transaction_state) to the active controller. (kafka.server.DefaultAutoTopicCreationManager)
stream-state-bench-flink-kafka  | [2026-07-17 19:06:05,484] INFO [ReplicaFetcherManager on broker 1] Removed fetcher for partitions Set(__transaction_state-42, __transaction_state-13, __transaction_state-46, __transaction_state-17, __transaction_state-34, __transaction_state-5, __transaction_state-38, __transaction_state-9, __transaction_state-26, __transaction_state-30, __transaction_state-1, __transaction_state-18, __transaction_state-22, __transaction_state-12, __transaction_state-45, __transaction_state-16, __transaction_state-49, __transaction_state-4, __transaction_state-37, __transaction_state-8, __transaction_state-41, __transaction_state-29, __transaction_state-0, __transaction_state-33, __transaction_state-21, __transaction_state-25, __transaction_state-11, __transaction_state-44, __transaction_state-15, __transaction_state-48, __transaction_state-3, __transaction_state-36, __transaction_state-7, __transaction_state-40, __transaction_state-28, __transaction_state-32, __transaction_state-20, __transaction_state-24, __transaction_state-10, __transaction_state-43, __transaction_state-14, __transaction_state-47, __transaction_state-2, __transaction_state-35, __transaction_state-6, __transaction_state-39, __transaction_state-27, __transaction_state-31, __transaction_state-19, __transaction_state-23) (kafka.server.ReplicaFetcherManager)
stream-state-bench-flink-kafka  | [2026-07-17 19:06:05,488] INFO [LogLoader partition=__transaction_state-42, dir=/tmp/kafka-logs] Loading producer state till offset 0 (org.apache.kafka.storage.internals.log.UnifiedLog)
stream-state-bench-flink-kafka  | [2026-07-17 19:06:05,488] INFO Created log for partition __transaction_state-42 in /tmp/kafka-logs/__transaction_state-42 with properties {cleanup.policy=compact, compression.type="uncompressed", min.insync.replicas=1, segment.bytes=104857600, unclean.leader.election.enable=false} (kafka.log.LogManager)
stream-state-bench-flink-kafka  | [2026-07-17 19:06:05,489] INFO [Partition __transaction_state-42 broker=1] No checkpointed highwatermark is found for partition __transaction_state-42 (kafka.cluster.Partition)
stream-state-bench-flink-kafka  | [2026-07-17 19:06:05,489] INFO [Partition __transaction_state-42 broker=1] Log loaded for partition __transaction_state-42 with initial high watermark 0 (kafka.cluster.Partition)
stream-state-bench-flink-kafka  | [2026-07-17 19:06:05,495] INFO [LogLoader partition=__transaction_state-13, dir=/tmp/kafka-logs] Loading producer state till offset 0 (org.apache.kafka.storage.internals.log.UnifiedLog)
stream-state-bench-flink-kafka  | [2026-07-17 19:06:05,496] INFO Created log for partition __transaction_state-13 in /tmp/kafka-logs/__transaction_state-13 with properties {cleanup.policy=compact, compression.type="uncompressed", min.insync.replicas=1, segment.bytes=104857600, unclean.leader.election.enable=false} (kafka.log.LogManager)
stream-state-bench-flink-kafka  | [2026-07-17 19:06:05,496] INFO [Partition __transaction_state-13 broker=1] No checkpointed highwatermark is found for partition __transaction_state-13 (kafka.cluster.Partition)
stream-state-bench-flink-kafka  | [2026-07-17 19:06:05,496] INFO [Partition __transaction_state-13 broker=1] Log loaded for partition __transaction_state-13 with initial high watermark 0 (kafka.cluster.Partition)
stream-state-bench-flink-kafka  | [2026-07-17 19:06:05,502] INFO [LogLoader partition=__transaction_state-46, dir=/tmp/kafka-logs] Loading producer state till offset 0 (org.apache.kafka.storage.internals.log.UnifiedLog)
stream-state-bench-flink-kafka  | [2026-07-17 19:06:05,503] INFO Created log for partition __transaction_state-46 in /tmp/kafka-logs/__transaction_state-46 with properties {cleanup.policy=compact, compression.type="uncompressed", min.insync.replicas=1, segment.bytes=104857600, unclean.leader.election.enable=false} (kafka.log.LogManager)
stream-state-bench-flink-kafka  | [2026-07-17 19:06:05,503] INFO [Partition __transaction_state-46 broker=1] No checkpointed highwatermark is found for partition __transaction_state-46 (kafka.cluster.Partition)
stream-state-bench-flink-kafka  | [2026-07-17 19:06:05,504] INFO [Partition __transaction_state-46 broker=1] Log loaded for partition __transaction_state-46 with initial high watermark 0 (kafka.cluster.Partition)
stream-state-bench-flink-kafka  | [2026-07-17 19:06:05,510] INFO [LogLoader partition=__transaction_state-17, dir=/tmp/kafka-logs] Loading producer state till offset 0 (org.apache.kafka.storage.internals.log.UnifiedLog)
stream-state-bench-flink-kafka  | [2026-07-17 19:06:05,511] INFO Created log for partition __transaction_state-17 in /tmp/kafka-logs/__transaction_state-17 with properties {cleanup.policy=compact, compression.type="uncompressed", min.insync.replicas=1, segment.bytes=104857600, unclean.leader.election.enable=false} (kafka.log.LogManager)
stream-state-bench-flink-kafka  | [2026-07-17 19:06:05,511] INFO [Partition __transaction_state-17 broker=1] No checkpointed highwatermark is found for partition __transaction_state-17 (kafka.cluster.Partition)
stream-state-bench-flink-kafka  | [2026-07-17 19:06:05,511] INFO [Partition __transaction_state-17 broker=1] Log loaded for partition __transaction_state-17 with initial high watermark 0 (kafka.cluster.Partition)
stream-state-bench-flink-kafka  | [2026-07-17 19:06:05,518] INFO [LogLoader partition=__transaction_state-34, dir=/tmp/kafka-logs] Loading producer state till offset 0 (org.apache.kafka.storage.internals.log.UnifiedLog)
stream-state-bench-flink-kafka  | [2026-07-17 19:06:05,519] INFO Created log for partition __transaction_state-34 in /tmp/kafka-logs/__transaction_state-34 with properties {cleanup.policy=compact, compression.type="uncompressed", min.insync.replicas=1, segment.bytes=104857600, unclean.leader.election.enable=false} (kafka.log.LogManager)
stream-state-bench-flink-kafka  | [2026-07-17 19:06:05,519] INFO [Partition __transaction_state-34 broker=1] No checkpointed highwatermark is found for partition __transaction_state-34 (kafka.cluster.Partition)
stream-state-bench-flink-kafka  | [2026-07-17 19:06:05,519] INFO [Partition __transaction_state-34 broker=1] Log loaded for partition __transaction_state-34 with initial high watermark 0 (kafka.cluster.Partition)
stream-state-bench-flink-kafka  | [2026-07-17 19:06:05,525] INFO [LogLoader partition=__transaction_state-5, dir=/tmp/kafka-logs] Loading producer state till offset 0 (org.apache.kafka.storage.internals.log.UnifiedLog)
stream-state-bench-flink-kafka  | [2026-07-17 19:06:05,526] INFO Created log for partition __transaction_state-5 in /tmp/kafka-logs/__transaction_state-5 with properties {cleanup.policy=compact, compression.type="uncompressed", min.insync.replicas=1, segment.bytes=104857600, unclean.leader.election.enable=false} (kafka.log.LogManager)
stream-state-bench-flink-kafka  | [2026-07-17 19:06:05,526] INFO [Partition __transaction_state-5 broker=1] No checkpointed highwatermark is found for partition __transaction_state-5 (kafka.cluster.Partition)
stream-state-bench-flink-kafka  | [2026-07-17 19:06:05,526] INFO [Partition __transaction_state-5 broker=1] Log loaded for partition __transaction_state-5 with initial high watermark 0 (kafka.cluster.Partition)
stream-state-bench-flink-kafka  | [2026-07-17 19:06:05,532] INFO [LogLoader partition=__transaction_state-38, dir=/tmp/kafka-logs] Loading producer state till offset 0 (org.apache.kafka.storage.internals.log.UnifiedLog)
stream-state-bench-flink-kafka  | [2026-07-17 19:06:05,533] INFO Created log for partition __transaction_state-38 in /tmp/kafka-logs/__transaction_state-38 with properties {cleanup.policy=compact, compression.type="uncompressed", min.insync.replicas=1, segment.bytes=104857600, unclean.leader.election.enable=false} (kafka.log.LogManager)
stream-state-bench-flink-kafka  | [2026-07-17 19:06:05,533] INFO [Partition __transaction_state-38 broker=1] No checkpointed highwatermark is found for partition __transaction_state-38 (kafka.cluster.Partition)
stream-state-bench-flink-kafka  | [2026-07-17 19:06:05,533] INFO [Partition __transaction_state-38 broker=1] Log loaded for partition __transaction_state-38 with initial high watermark 0 (kafka.cluster.Partition)
stream-state-bench-flink-kafka  | [2026-07-17 19:06:05,539] INFO [LogLoader partition=__transaction_state-9, dir=/tmp/kafka-logs] Loading producer state till offset 0 (org.apache.kafka.storage.internals.log.UnifiedLog)
stream-state-bench-flink-kafka  | [2026-07-17 19:06:05,540] INFO Created log for partition __transaction_state-9 in /tmp/kafka-logs/__transaction_state-9 with properties {cleanup.policy=compact, compression.type="uncompressed", min.insync.replicas=1, segment.bytes=104857600, unclean.leader.election.enable=false} (kafka.log.LogManager)
stream-state-bench-flink-kafka  | [2026-07-17 19:06:05,540] INFO [Partition __transaction_state-9 broker=1] No checkpointed highwatermark is found for partition __transaction_state-9 (kafka.cluster.Partition)
stream-state-bench-flink-kafka  | [2026-07-17 19:06:05,540] INFO [Partition __transaction_state-9 broker=1] Log loaded for partition __transaction_state-9 with initial high watermark 0 (kafka.cluster.Partition)
stream-state-bench-flink-kafka  | [2026-07-17 19:06:05,546] INFO [LogLoader partition=__transaction_state-26, dir=/tmp/kafka-logs] Loading producer state till offset 0 (org.apache.kafka.storage.internals.log.UnifiedLog)
stream-state-bench-flink-kafka  | [2026-07-17 19:06:05,547] INFO Created log for partition __transaction_state-26 in /tmp/kafka-logs/__transaction_state-26 with properties {cleanup.policy=compact, compression.type="uncompressed", min.insync.replicas=1, segment.bytes=104857600, unclean.leader.election.enable=false} (kafka.log.LogManager)
stream-state-bench-flink-kafka  | [2026-07-17 19:06:05,547] INFO [Partition __transaction_state-26 broker=1] No checkpointed highwatermark is found for partition __transaction_state-26 (kafka.cluster.Partition)
stream-state-bench-flink-kafka  | [2026-07-17 19:06:05,547] INFO [Partition __transaction_state-26 broker=1] Log loaded for partition __transaction_state-26 with initial high watermark 0 (kafka.cluster.Partition)
stream-state-bench-flink-kafka  | [2026-07-17 19:06:05,555] INFO [LogLoader partition=__transaction_state-30, dir=/tmp/kafka-logs] Loading producer state till offset 0 (org.apache.kafka.storage.internals.log.UnifiedLog)
stream-state-bench-flink-kafka  | [2026-07-17 19:06:05,555] INFO Created log for partition __transaction_state-30 in /tmp/kafka-logs/__transaction_state-30 with properties {cleanup.policy=compact, compression.type="uncompressed", min.insync.replicas=1, segment.bytes=104857600, unclean.leader.election.enable=false} (kafka.log.LogManager)
stream-state-bench-flink-kafka  | [2026-07-17 19:06:05,556] INFO [Partition __transaction_state-30 broker=1] No checkpointed highwatermark is found for partition __transaction_state-30 (kafka.cluster.Partition)
stream-state-bench-flink-kafka  | [2026-07-17 19:06:05,556] INFO [Partition __transaction_state-30 broker=1] Log loaded for partition __transaction_state-30 with initial high watermark 0 (kafka.cluster.Partition)
stream-state-bench-flink-kafka  | [2026-07-17 19:06:05,561] INFO [LogLoader partition=__transaction_state-1, dir=/tmp/kafka-logs] Loading producer state till offset 0 (org.apache.kafka.storage.internals.log.UnifiedLog)
stream-state-bench-flink-kafka  | [2026-07-17 19:06:05,562] INFO Created log for partition __transaction_state-1 in /tmp/kafka-logs/__transaction_state-1 with properties {cleanup.policy=compact, compression.type="uncompressed", min.insync.replicas=1, segment.bytes=104857600, unclean.leader.election.enable=false} (kafka.log.LogManager)
stream-state-bench-flink-kafka  | [2026-07-17 19:06:05,562] INFO [Partition __transaction_state-1 broker=1] No checkpointed highwatermark is found for partition __transaction_state-1 (kafka.cluster.Partition)
stream-state-bench-flink-kafka  | [2026-07-17 19:06:05,562] INFO [Partition __transaction_state-1 broker=1] Log loaded for partition __transaction_state-1 with initial high watermark 0 (kafka.cluster.Partition)
stream-state-bench-flink-kafka  | [2026-07-17 19:06:05,571] INFO [LogLoader partition=__transaction_state-18, dir=/tmp/kafka-logs] Loading producer state till offset 0 (org.apache.kafka.storage.internals.log.UnifiedLog)
stream-state-bench-flink-kafka  | [2026-07-17 19:06:05,572] INFO Created log for partition __transaction_state-18 in /tmp/kafka-logs/__transaction_state-18 with properties {cleanup.policy=compact, compression.type="uncompressed", min.insync.replicas=1, segment.bytes=104857600, unclean.leader.election.enable=false} (kafka.log.LogManager)
stream-state-bench-flink-kafka  | [2026-07-17 19:06:05,572] INFO [Partition __transaction_state-18 broker=1] No checkpointed highwatermark is found for partition __transaction_state-18 (kafka.cluster.Partition)
stream-state-bench-flink-kafka  | [2026-07-17 19:06:05,572] INFO [Partition __transaction_state-18 broker=1] Log loaded for partition __transaction_state-18 with initial high watermark 0 (kafka.cluster.Partition)
stream-state-bench-flink-kafka  | [2026-07-17 19:06:05,579] INFO [LogLoader partition=__transaction_state-22, dir=/tmp/kafka-logs] Loading producer state till offset 0 (org.apache.kafka.storage.internals.log.UnifiedLog)
stream-state-bench-flink-kafka  | [2026-07-17 19:06:05,579] INFO Created log for partition __transaction_state-22 in /tmp/kafka-logs/__transaction_state-22 with properties {cleanup.policy=compact, compression.type="uncompressed", min.insync.replicas=1, segment.bytes=104857600, unclean.leader.election.enable=false} (kafka.log.LogManager)
stream-state-bench-flink-kafka  | [2026-07-17 19:06:05,580] INFO [Partition __transaction_state-22 broker=1] No checkpointed highwatermark is found for partition __transaction_state-22 (kafka.cluster.Partition)
stream-state-bench-flink-kafka  | [2026-07-17 19:06:05,580] INFO [Partition __transaction_state-22 broker=1] Log loaded for partition __transaction_state-22 with initial high watermark 0 (kafka.cluster.Partition)
stream-state-bench-flink-kafka  | [2026-07-17 19:06:05,586] INFO [LogLoader partition=__transaction_state-12, dir=/tmp/kafka-logs] Loading producer state till offset 0 (org.apache.kafka.storage.internals.log.UnifiedLog)
stream-state-bench-flink-kafka  | [2026-07-17 19:06:05,586] INFO Created log for partition __transaction_state-12 in /tmp/kafka-logs/__transaction_state-12 with properties {cleanup.policy=compact, compression.type="uncompressed", min.insync.replicas=1, segment.bytes=104857600, unclean.leader.election.enable=false} (kafka.log.LogManager)
stream-state-bench-flink-kafka  | [2026-07-17 19:06:05,586] INFO [Partition __transaction_state-12 broker=1] No checkpointed highwatermark is found for partition __transaction_state-12 (kafka.cluster.Partition)
stream-state-bench-flink-kafka  | [2026-07-17 19:06:05,587] INFO [Partition __transaction_state-12 broker=1] Log loaded for partition __transaction_state-12 with initial high watermark 0 (kafka.cluster.Partition)
stream-state-bench-flink-kafka  | [2026-07-17 19:06:05,593] INFO [LogLoader partition=__transaction_state-45, dir=/tmp/kafka-logs] Loading producer state till offset 0 (org.apache.kafka.storage.internals.log.UnifiedLog)
stream-state-bench-flink-kafka  | [2026-07-17 19:06:05,593] INFO Created log for partition __transaction_state-45 in /tmp/kafka-logs/__transaction_state-45 with properties {cleanup.policy=compact, compression.type="uncompressed", min.insync.replicas=1, segment.bytes=104857600, unclean.leader.election.enable=false} (kafka.log.LogManager)
stream-state-bench-flink-kafka  | [2026-07-17 19:06:05,593] INFO [Partition __transaction_state-45 broker=1] No checkpointed highwatermark is found for partition __transaction_state-45 (kafka.cluster.Partition)
stream-state-bench-flink-kafka  | [2026-07-17 19:06:05,593] INFO [Partition __transaction_state-45 broker=1] Log loaded for partition __transaction_state-45 with initial high watermark 0 (kafka.cluster.Partition)
stream-state-bench-flink-kafka  | [2026-07-17 19:06:05,599] INFO [LogLoader partition=__transaction_state-16, dir=/tmp/kafka-logs] Loading producer state till offset 0 (org.apache.kafka.storage.internals.log.UnifiedLog)
stream-state-bench-flink-kafka  | [2026-07-17 19:06:05,599] INFO Created log for partition __transaction_state-16 in /tmp/kafka-logs/__transaction_state-16 with properties {cleanup.policy=compact, compression.type="uncompressed", min.insync.replicas=1, segment.bytes=104857600, unclean.leader.election.enable=false} (kafka.log.LogManager)
stream-state-bench-flink-kafka  | [2026-07-17 19:06:05,599] INFO [Partition __transaction_state-16 broker=1] No checkpointed highwatermark is found for partition __transaction_state-16 (kafka.cluster.Partition)
stream-state-bench-flink-kafka  | [2026-07-17 19:06:05,599] INFO [Partition __transaction_state-16 broker=1] Log loaded for partition __transaction_state-16 with initial high watermark 0 (kafka.cluster.Partition)
stream-state-bench-flink-kafka  | [2026-07-17 19:06:05,605] INFO [LogLoader partition=__transaction_state-49, dir=/tmp/kafka-logs] Loading producer state till offset 0 (org.apache.kafka.storage.internals.log.UnifiedLog)
stream-state-bench-flink-kafka  | [2026-07-17 19:06:05,606] INFO Created log for partition __transaction_state-49 in /tmp/kafka-logs/__transaction_state-49 with properties {cleanup.policy=compact, compression.type="uncompressed", min.insync.replicas=1, segment.bytes=104857600, unclean.leader.election.enable=false} (kafka.log.LogManager)
stream-state-bench-flink-kafka  | [2026-07-17 19:06:05,606] INFO [Partition __transaction_state-49 broker=1] No checkpointed highwatermark is found for partition __transaction_state-49 (kafka.cluster.Partition)
stream-state-bench-flink-kafka  | [2026-07-17 19:06:05,606] INFO [Partition __transaction_state-49 broker=1] Log loaded for partition __transaction_state-49 with initial high watermark 0 (kafka.cluster.Partition)
stream-state-bench-flink-kafka  | [2026-07-17 19:06:05,611] INFO [LogLoader partition=__transaction_state-4, dir=/tmp/kafka-logs] Loading producer state till offset 0 (org.apache.kafka.storage.internals.log.UnifiedLog)
stream-state-bench-flink-kafka  | [2026-07-17 19:06:05,612] INFO Created log for partition __transaction_state-4 in /tmp/kafka-logs/__transaction_state-4 with properties {cleanup.policy=compact, compression.type="uncompressed", min.insync.replicas=1, segment.bytes=104857600, unclean.leader.election.enable=false} (kafka.log.LogManager)
stream-state-bench-flink-kafka  | [2026-07-17 19:06:05,612] INFO [Partition __transaction_state-4 broker=1] No checkpointed highwatermark is found for partition __transaction_state-4 (kafka.cluster.Partition)
stream-state-bench-flink-kafka  | [2026-07-17 19:06:05,612] INFO [Partition __transaction_state-4 broker=1] Log loaded for partition __transaction_state-4 with initial high watermark 0 (kafka.cluster.Partition)
stream-state-bench-flink-kafka  | [2026-07-17 19:06:05,617] INFO [LogLoader partition=__transaction_state-37, dir=/tmp/kafka-logs] Loading producer state till offset 0 (org.apache.kafka.storage.internals.log.UnifiedLog)
stream-state-bench-flink-kafka  | [2026-07-17 19:06:05,618] INFO Created log for partition __transaction_state-37 in /tmp/kafka-logs/__transaction_state-37 with properties {cleanup.policy=compact, compression.type="uncompressed", min.insync.replicas=1, segment.bytes=104857600, unclean.leader.election.enable=false} (kafka.log.LogManager)
stream-state-bench-flink-kafka  | [2026-07-17 19:06:05,618] INFO [Partition __transaction_state-37 broker=1] No checkpointed highwatermark is found for partition __transaction_state-37 (kafka.cluster.Partition)
stream-state-bench-flink-kafka  | [2026-07-17 19:06:05,618] INFO [Partition __transaction_state-37 broker=1] Log loaded for partition __transaction_state-37 with initial high watermark 0 (kafka.cluster.Partition)
stream-state-bench-flink-kafka  | [2026-07-17 19:06:05,623] INFO [LogLoader partition=__transaction_state-8, dir=/tmp/kafka-logs] Loading producer state till offset 0 (org.apache.kafka.storage.internals.log.UnifiedLog)
stream-state-bench-flink-kafka  | [2026-07-17 19:06:05,624] INFO Created log for partition __transaction_state-8 in /tmp/kafka-logs/__transaction_state-8 with properties {cleanup.policy=compact, compression.type="uncompressed", min.insync.replicas=1, segment.bytes=104857600, unclean.leader.election.enable=false} (kafka.log.LogManager)
stream-state-bench-flink-kafka  | [2026-07-17 19:06:05,624] INFO [Partition __transaction_state-8 broker=1] No checkpointed highwatermark is found for partition __transaction_state-8 (kafka.cluster.Partition)
stream-state-bench-flink-kafka  | [2026-07-17 19:06:05,624] INFO [Partition __transaction_state-8 broker=1] Log loaded for partition __transaction_state-8 with initial high watermark 0 (kafka.cluster.Partition)
stream-state-bench-flink-kafka  | [2026-07-17 19:06:05,629] INFO [LogLoader partition=__transaction_state-41, dir=/tmp/kafka-logs] Loading producer state till offset 0 (org.apache.kafka.storage.internals.log.UnifiedLog)
stream-state-bench-flink-kafka  | [2026-07-17 19:06:05,629] INFO Created log for partition __transaction_state-41 in /tmp/kafka-logs/__transaction_state-41 with properties {cleanup.policy=compact, compression.type="uncompressed", min.insync.replicas=1, segment.bytes=104857600, unclean.leader.election.enable=false} (kafka.log.LogManager)
stream-state-bench-flink-kafka  | [2026-07-17 19:06:05,630] INFO [Partition __transaction_state-41 broker=1] No checkpointed highwatermark is found for partition __transaction_state-41 (kafka.cluster.Partition)
stream-state-bench-flink-kafka  | [2026-07-17 19:06:05,630] INFO [Partition __transaction_state-41 broker=1] Log loaded for partition __transaction_state-41 with initial high watermark 0 (kafka.cluster.Partition)
stream-state-bench-flink-kafka  | [2026-07-17 19:06:05,638] INFO [LogLoader partition=__transaction_state-29, dir=/tmp/kafka-logs] Loading producer state till offset 0 (org.apache.kafka.storage.internals.log.UnifiedLog)
stream-state-bench-flink-kafka  | [2026-07-17 19:06:05,639] INFO Created log for partition __transaction_state-29 in /tmp/kafka-logs/__transaction_state-29 with properties {cleanup.policy=compact, compression.type="uncompressed", min.insync.replicas=1, segment.bytes=104857600, unclean.leader.election.enable=false} (kafka.log.LogManager)
stream-state-bench-flink-kafka  | [2026-07-17 19:06:05,639] INFO [Partition __transaction_state-29 broker=1] No checkpointed highwatermark is found for partition __transaction_state-29 (kafka.cluster.Partition)
stream-state-bench-flink-kafka  | [2026-07-17 19:06:05,639] INFO [Partition __transaction_state-29 broker=1] Log loaded for partition __transaction_state-29 with initial high watermark 0 (kafka.cluster.Partition)
stream-state-bench-flink-kafka  | [2026-07-17 19:06:05,645] INFO [LogLoader partition=__transaction_state-0, dir=/tmp/kafka-logs] Loading producer state till offset 0 (org.apache.kafka.storage.internals.log.UnifiedLog)
stream-state-bench-flink-kafka  | [2026-07-17 19:06:05,646] INFO Created log for partition __transaction_state-0 in /tmp/kafka-logs/__transaction_state-0 with properties {cleanup.policy=compact, compression.type="uncompressed", min.insync.replicas=1, segment.bytes=104857600, unclean.leader.election.enable=false} (kafka.log.LogManager)
stream-state-bench-flink-kafka  | [2026-07-17 19:06:05,646] INFO [Partition __transaction_state-0 broker=1] No checkpointed highwatermark is found for partition __transaction_state-0 (kafka.cluster.Partition)
stream-state-bench-flink-kafka  | [2026-07-17 19:06:05,646] INFO [Partition __transaction_state-0 broker=1] Log loaded for partition __transaction_state-0 with initial high watermark 0 (kafka.cluster.Partition)
stream-state-bench-flink-kafka  | [2026-07-17 19:06:05,654] INFO [LogLoader partition=__transaction_state-33, dir=/tmp/kafka-logs] Loading producer state till offset 0 (org.apache.kafka.storage.internals.log.UnifiedLog)
stream-state-bench-flink-kafka  | [2026-07-17 19:06:05,654] INFO Created log for partition __transaction_state-33 in /tmp/kafka-logs/__transaction_state-33 with properties {cleanup.policy=compact, compression.type="uncompressed", min.insync.replicas=1, segment.bytes=104857600, unclean.leader.election.enable=false} (kafka.log.LogManager)
stream-state-bench-flink-kafka  | [2026-07-17 19:06:05,654] INFO [Partition __transaction_state-33 broker=1] No checkpointed highwatermark is found for partition __transaction_state-33 (kafka.cluster.Partition)
stream-state-bench-flink-kafka  | [2026-07-17 19:06:05,655] INFO [Partition __transaction_state-33 broker=1] Log loaded for partition __transaction_state-33 with initial high watermark 0 (kafka.cluster.Partition)
stream-state-bench-flink-kafka  | [2026-07-17 19:06:05,660] INFO [LogLoader partition=__transaction_state-21, dir=/tmp/kafka-logs] Loading producer state till offset 0 (org.apache.kafka.storage.internals.log.UnifiedLog)
stream-state-bench-flink-kafka  | [2026-07-17 19:06:05,660] INFO Created log for partition __transaction_state-21 in /tmp/kafka-logs/__transaction_state-21 with properties {cleanup.policy=compact, compression.type="uncompressed", min.insync.replicas=1, segment.bytes=104857600, unclean.leader.election.enable=false} (kafka.log.LogManager)
stream-state-bench-flink-kafka  | [2026-07-17 19:06:05,660] INFO [Partition __transaction_state-21 broker=1] No checkpointed highwatermark is found for partition __transaction_state-21 (kafka.cluster.Partition)
stream-state-bench-flink-kafka  | [2026-07-17 19:06:05,660] INFO [Partition __transaction_state-21 broker=1] Log loaded for partition __transaction_state-21 with initial high watermark 0 (kafka.cluster.Partition)
stream-state-bench-flink-kafka  | [2026-07-17 19:06:05,666] INFO [LogLoader partition=__transaction_state-25, dir=/tmp/kafka-logs] Loading producer state till offset 0 (org.apache.kafka.storage.internals.log.UnifiedLog)
stream-state-bench-flink-kafka  | [2026-07-17 19:06:05,666] INFO Created log for partition __transaction_state-25 in /tmp/kafka-logs/__transaction_state-25 with properties {cleanup.policy=compact, compression.type="uncompressed", min.insync.replicas=1, segment.bytes=104857600, unclean.leader.election.enable=false} (kafka.log.LogManager)
stream-state-bench-flink-kafka  | [2026-07-17 19:06:05,666] INFO [Partition __transaction_state-25 broker=1] No checkpointed highwatermark is found for partition __transaction_state-25 (kafka.cluster.Partition)
stream-state-bench-flink-kafka  | [2026-07-17 19:06:05,666] INFO [Partition __transaction_state-25 broker=1] Log loaded for partition __transaction_state-25 with initial high watermark 0 (kafka.cluster.Partition)
stream-state-bench-flink-kafka  | [2026-07-17 19:06:05,672] INFO [LogLoader partition=__transaction_state-11, dir=/tmp/kafka-logs] Loading producer state till offset 0 (org.apache.kafka.storage.internals.log.UnifiedLog)
stream-state-bench-flink-kafka  | [2026-07-17 19:06:05,672] INFO Created log for partition __transaction_state-11 in /tmp/kafka-logs/__transaction_state-11 with properties {cleanup.policy=compact, compression.type="uncompressed", min.insync.replicas=1, segment.bytes=104857600, unclean.leader.election.enable=false} (kafka.log.LogManager)
stream-state-bench-flink-kafka  | [2026-07-17 19:06:05,672] INFO [Partition __transaction_state-11 broker=1] No checkpointed highwatermark is found for partition __transaction_state-11 (kafka.cluster.Partition)
stream-state-bench-flink-kafka  | [2026-07-17 19:06:05,672] INFO [Partition __transaction_state-11 broker=1] Log loaded for partition __transaction_state-11 with initial high watermark 0 (kafka.cluster.Partition)
stream-state-bench-flink-kafka  | [2026-07-17 19:06:05,678] INFO [LogLoader partition=__transaction_state-44, dir=/tmp/kafka-logs] Loading producer state till offset 0 (org.apache.kafka.storage.internals.log.UnifiedLog)
stream-state-bench-flink-kafka  | [2026-07-17 19:06:05,678] INFO Created log for partition __transaction_state-44 in /tmp/kafka-logs/__transaction_state-44 with properties {cleanup.policy=compact, compression.type="uncompressed", min.insync.replicas=1, segment.bytes=104857600, unclean.leader.election.enable=false} (kafka.log.LogManager)
stream-state-bench-flink-kafka  | [2026-07-17 19:06:05,678] INFO [Partition __transaction_state-44 broker=1] No checkpointed highwatermark is found for partition __transaction_state-44 (kafka.cluster.Partition)
stream-state-bench-flink-kafka  | [2026-07-17 19:06:05,678] INFO [Partition __transaction_state-44 broker=1] Log loaded for partition __transaction_state-44 with initial high watermark 0 (kafka.cluster.Partition)
stream-state-bench-flink-kafka  | [2026-07-17 19:06:05,687] INFO [LogLoader partition=__transaction_state-15, dir=/tmp/kafka-logs] Loading producer state till offset 0 (org.apache.kafka.storage.internals.log.UnifiedLog)
stream-state-bench-flink-kafka  | [2026-07-17 19:06:05,687] INFO Created log for partition __transaction_state-15 in /tmp/kafka-logs/__transaction_state-15 with properties {cleanup.policy=compact, compression.type="uncompressed", min.insync.replicas=1, segment.bytes=104857600, unclean.leader.election.enable=false} (kafka.log.LogManager)
stream-state-bench-flink-kafka  | [2026-07-17 19:06:05,688] INFO [Partition __transaction_state-15 broker=1] No checkpointed highwatermark is found for partition __transaction_state-15 (kafka.cluster.Partition)
stream-state-bench-flink-kafka  | [2026-07-17 19:06:05,688] INFO [Partition __transaction_state-15 broker=1] Log loaded for partition __transaction_state-15 with initial high watermark 0 (kafka.cluster.Partition)
stream-state-bench-flink-kafka  | [2026-07-17 19:06:05,693] INFO [LogLoader partition=__transaction_state-48, dir=/tmp/kafka-logs] Loading producer state till offset 0 (org.apache.kafka.storage.internals.log.UnifiedLog)
stream-state-bench-flink-kafka  | [2026-07-17 19:06:05,694] INFO Created log for partition __transaction_state-48 in /tmp/kafka-logs/__transaction_state-48 with properties {cleanup.policy=compact, compression.type="uncompressed", min.insync.replicas=1, segment.bytes=104857600, unclean.leader.election.enable=false} (kafka.log.LogManager)
stream-state-bench-flink-kafka  | [2026-07-17 19:06:05,694] INFO [Partition __transaction_state-48 broker=1] No checkpointed highwatermark is found for partition __transaction_state-48 (kafka.cluster.Partition)
stream-state-bench-flink-kafka  | [2026-07-17 19:06:05,694] INFO [Partition __transaction_state-48 broker=1] Log loaded for partition __transaction_state-48 with initial high watermark 0 (kafka.cluster.Partition)
stream-state-bench-flink-kafka  | [2026-07-17 19:06:05,699] INFO [LogLoader partition=__transaction_state-3, dir=/tmp/kafka-logs] Loading producer state till offset 0 (org.apache.kafka.storage.internals.log.UnifiedLog)
stream-state-bench-flink-kafka  | [2026-07-17 19:06:05,700] INFO Created log for partition __transaction_state-3 in /tmp/kafka-logs/__transaction_state-3 with properties {cleanup.policy=compact, compression.type="uncompressed", min.insync.replicas=1, segment.bytes=104857600, unclean.leader.election.enable=false} (kafka.log.LogManager)
stream-state-bench-flink-kafka  | [2026-07-17 19:06:05,700] INFO [Partition __transaction_state-3 broker=1] No checkpointed highwatermark is found for partition __transaction_state-3 (kafka.cluster.Partition)
stream-state-bench-flink-kafka  | [2026-07-17 19:06:05,700] INFO [Partition __transaction_state-3 broker=1] Log loaded for partition __transaction_state-3 with initial high watermark 0 (kafka.cluster.Partition)
stream-state-bench-flink-kafka  | [2026-07-17 19:06:05,706] INFO [LogLoader partition=__transaction_state-36, dir=/tmp/kafka-logs] Loading producer state till offset 0 (org.apache.kafka.storage.internals.log.UnifiedLog)
stream-state-bench-flink-kafka  | [2026-07-17 19:06:05,706] INFO Created log for partition __transaction_state-36 in /tmp/kafka-logs/__transaction_state-36 with properties {cleanup.policy=compact, compression.type="uncompressed", min.insync.replicas=1, segment.bytes=104857600, unclean.leader.election.enable=false} (kafka.log.LogManager)
stream-state-bench-flink-kafka  | [2026-07-17 19:06:05,706] INFO [Partition __transaction_state-36 broker=1] No checkpointed highwatermark is found for partition __transaction_state-36 (kafka.cluster.Partition)
stream-state-bench-flink-kafka  | [2026-07-17 19:06:05,706] INFO [Partition __transaction_state-36 broker=1] Log loaded for partition __transaction_state-36 with initial high watermark 0 (kafka.cluster.Partition)
stream-state-bench-flink-kafka  | [2026-07-17 19:06:05,712] INFO [LogLoader partition=__transaction_state-7, dir=/tmp/kafka-logs] Loading producer state till offset 0 (org.apache.kafka.storage.internals.log.UnifiedLog)
stream-state-bench-flink-kafka  | [2026-07-17 19:06:05,713] INFO Created log for partition __transaction_state-7 in /tmp/kafka-logs/__transaction_state-7 with properties {cleanup.policy=compact, compression.type="uncompressed", min.insync.replicas=1, segment.bytes=104857600, unclean.leader.election.enable=false} (kafka.log.LogManager)
stream-state-bench-flink-kafka  | [2026-07-17 19:06:05,713] INFO [Partition __transaction_state-7 broker=1] No checkpointed highwatermark is found for partition __transaction_state-7 (kafka.cluster.Partition)
stream-state-bench-flink-kafka  | [2026-07-17 19:06:05,713] INFO [Partition __transaction_state-7 broker=1] Log loaded for partition __transaction_state-7 with initial high watermark 0 (kafka.cluster.Partition)
stream-state-bench-flink-kafka  | [2026-07-17 19:06:05,719] INFO [LogLoader partition=__transaction_state-40, dir=/tmp/kafka-logs] Loading producer state till offset 0 (org.apache.kafka.storage.internals.log.UnifiedLog)
stream-state-bench-flink-kafka  | [2026-07-17 19:06:05,720] INFO Created log for partition __transaction_state-40 in /tmp/kafka-logs/__transaction_state-40 with properties {cleanup.policy=compact, compression.type="uncompressed", min.insync.replicas=1, segment.bytes=104857600, unclean.leader.election.enable=false} (kafka.log.LogManager)
stream-state-bench-flink-kafka  | [2026-07-17 19:06:05,720] INFO [Partition __transaction_state-40 broker=1] No checkpointed highwatermark is found for partition __transaction_state-40 (kafka.cluster.Partition)
stream-state-bench-flink-kafka  | [2026-07-17 19:06:05,720] INFO [Partition __transaction_state-40 broker=1] Log loaded for partition __transaction_state-40 with initial high watermark 0 (kafka.cluster.Partition)
stream-state-bench-flink-kafka  | [2026-07-17 19:06:05,726] INFO [LogLoader partition=__transaction_state-28, dir=/tmp/kafka-logs] Loading producer state till offset 0 (org.apache.kafka.storage.internals.log.UnifiedLog)
stream-state-bench-flink-kafka  | [2026-07-17 19:06:05,726] INFO Created log for partition __transaction_state-28 in /tmp/kafka-logs/__transaction_state-28 with properties {cleanup.policy=compact, compression.type="uncompressed", min.insync.replicas=1, segment.bytes=104857600, unclean.leader.election.enable=false} (kafka.log.LogManager)
stream-state-bench-flink-kafka  | [2026-07-17 19:06:05,726] INFO [Partition __transaction_state-28 broker=1] No checkpointed highwatermark is found for partition __transaction_state-28 (kafka.cluster.Partition)
stream-state-bench-flink-kafka  | [2026-07-17 19:06:05,726] INFO [Partition __transaction_state-28 broker=1] Log loaded for partition __transaction_state-28 with initial high watermark 0 (kafka.cluster.Partition)
stream-state-bench-flink-kafka  | [2026-07-17 19:06:05,734] INFO [LogLoader partition=__transaction_state-32, dir=/tmp/kafka-logs] Loading producer state till offset 0 (org.apache.kafka.storage.internals.log.UnifiedLog)
stream-state-bench-flink-kafka  | [2026-07-17 19:06:05,735] INFO Created log for partition __transaction_state-32 in /tmp/kafka-logs/__transaction_state-32 with properties {cleanup.policy=compact, compression.type="uncompressed", min.insync.replicas=1, segment.bytes=104857600, unclean.leader.election.enable=false} (kafka.log.LogManager)
stream-state-bench-flink-kafka  | [2026-07-17 19:06:05,735] INFO [Partition __transaction_state-32 broker=1] No checkpointed highwatermark is found for partition __transaction_state-32 (kafka.cluster.Partition)
stream-state-bench-flink-kafka  | [2026-07-17 19:06:05,735] INFO [Partition __transaction_state-32 broker=1] Log loaded for partition __transaction_state-32 with initial high watermark 0 (kafka.cluster.Partition)
stream-state-bench-flink-kafka  | [2026-07-17 19:06:05,740] INFO [LogLoader partition=__transaction_state-20, dir=/tmp/kafka-logs] Loading producer state till offset 0 (org.apache.kafka.storage.internals.log.UnifiedLog)
stream-state-bench-flink-kafka  | [2026-07-17 19:06:05,740] INFO Created log for partition __transaction_state-20 in /tmp/kafka-logs/__transaction_state-20 with properties {cleanup.policy=compact, compression.type="uncompressed", min.insync.replicas=1, segment.bytes=104857600, unclean.leader.election.enable=false} (kafka.log.LogManager)
stream-state-bench-flink-kafka  | [2026-07-17 19:06:05,740] INFO [Partition __transaction_state-20 broker=1] No checkpointed highwatermark is found for partition __transaction_state-20 (kafka.cluster.Partition)
stream-state-bench-flink-kafka  | [2026-07-17 19:06:05,740] INFO [Partition __transaction_state-20 broker=1] Log loaded for partition __transaction_state-20 with initial high watermark 0 (kafka.cluster.Partition)
stream-state-bench-flink-kafka  | [2026-07-17 19:06:05,746] INFO [LogLoader partition=__transaction_state-24, dir=/tmp/kafka-logs] Loading producer state till offset 0 (org.apache.kafka.storage.internals.log.UnifiedLog)
stream-state-bench-flink-kafka  | [2026-07-17 19:06:05,746] INFO Created log for partition __transaction_state-24 in /tmp/kafka-logs/__transaction_state-24 with properties {cleanup.policy=compact, compression.type="uncompressed", min.insync.replicas=1, segment.bytes=104857600, unclean.leader.election.enable=false} (kafka.log.LogManager)
stream-state-bench-flink-kafka  | [2026-07-17 19:06:05,747] INFO [Partition __transaction_state-24 broker=1] No checkpointed highwatermark is found for partition __transaction_state-24 (kafka.cluster.Partition)
stream-state-bench-flink-kafka  | [2026-07-17 19:06:05,747] INFO [Partition __transaction_state-24 broker=1] Log loaded for partition __transaction_state-24 with initial high watermark 0 (kafka.cluster.Partition)
stream-state-bench-flink-kafka  | [2026-07-17 19:06:05,755] INFO [LogLoader partition=__transaction_state-10, dir=/tmp/kafka-logs] Loading producer state till offset 0 (org.apache.kafka.storage.internals.log.UnifiedLog)
stream-state-bench-flink-kafka  | [2026-07-17 19:06:05,756] INFO Created log for partition __transaction_state-10 in /tmp/kafka-logs/__transaction_state-10 with properties {cleanup.policy=compact, compression.type="uncompressed", min.insync.replicas=1, segment.bytes=104857600, unclean.leader.election.enable=false} (kafka.log.LogManager)
stream-state-bench-flink-kafka  | [2026-07-17 19:06:05,756] INFO [Partition __transaction_state-10 broker=1] No checkpointed highwatermark is found for partition __transaction_state-10 (kafka.cluster.Partition)
stream-state-bench-flink-kafka  | [2026-07-17 19:06:05,756] INFO [Partition __transaction_state-10 broker=1] Log loaded for partition __transaction_state-10 with initial high watermark 0 (kafka.cluster.Partition)
stream-state-bench-flink-kafka  | [2026-07-17 19:06:05,761] INFO [LogLoader partition=__transaction_state-43, dir=/tmp/kafka-logs] Loading producer state till offset 0 (org.apache.kafka.storage.internals.log.UnifiedLog)
stream-state-bench-flink-kafka  | [2026-07-17 19:06:05,761] INFO Created log for partition __transaction_state-43 in /tmp/kafka-logs/__transaction_state-43 with properties {cleanup.policy=compact, compression.type="uncompressed", min.insync.replicas=1, segment.bytes=104857600, unclean.leader.election.enable=false} (kafka.log.LogManager)
stream-state-bench-flink-kafka  | [2026-07-17 19:06:05,761] INFO [Partition __transaction_state-43 broker=1] No checkpointed highwatermark is found for partition __transaction_state-43 (kafka.cluster.Partition)
stream-state-bench-flink-kafka  | [2026-07-17 19:06:05,761] INFO [Partition __transaction_state-43 broker=1] Log loaded for partition __transaction_state-43 with initial high watermark 0 (kafka.cluster.Partition)
stream-state-bench-flink-kafka  | [2026-07-17 19:06:05,766] INFO [LogLoader partition=__transaction_state-14, dir=/tmp/kafka-logs] Loading producer state till offset 0 (org.apache.kafka.storage.internals.log.UnifiedLog)
stream-state-bench-flink-kafka  | [2026-07-17 19:06:05,767] INFO Created log for partition __transaction_state-14 in /tmp/kafka-logs/__transaction_state-14 with properties {cleanup.policy=compact, compression.type="uncompressed", min.insync.replicas=1, segment.bytes=104857600, unclean.leader.election.enable=false} (kafka.log.LogManager)
stream-state-bench-flink-kafka  | [2026-07-17 19:06:05,767] INFO [Partition __transaction_state-14 broker=1] No checkpointed highwatermark is found for partition __transaction_state-14 (kafka.cluster.Partition)
stream-state-bench-flink-kafka  | [2026-07-17 19:06:05,767] INFO [Partition __transaction_state-14 broker=1] Log loaded for partition __transaction_state-14 with initial high watermark 0 (kafka.cluster.Partition)
stream-state-bench-flink-kafka  | [2026-07-17 19:06:05,772] INFO [LogLoader partition=__transaction_state-47, dir=/tmp/kafka-logs] Loading producer state till offset 0 (org.apache.kafka.storage.internals.log.UnifiedLog)
stream-state-bench-flink-kafka  | [2026-07-17 19:06:05,773] INFO Created log for partition __transaction_state-47 in /tmp/kafka-logs/__transaction_state-47 with properties {cleanup.policy=compact, compression.type="uncompressed", min.insync.replicas=1, segment.bytes=104857600, unclean.leader.election.enable=false} (kafka.log.LogManager)
stream-state-bench-flink-kafka  | [2026-07-17 19:06:05,773] INFO [Partition __transaction_state-47 broker=1] No checkpointed highwatermark is found for partition __transaction_state-47 (kafka.cluster.Partition)
stream-state-bench-flink-kafka  | [2026-07-17 19:06:05,773] INFO [Partition __transaction_state-47 broker=1] Log loaded for partition __transaction_state-47 with initial high watermark 0 (kafka.cluster.Partition)
stream-state-bench-flink-kafka  | [2026-07-17 19:06:05,778] INFO [LogLoader partition=__transaction_state-2, dir=/tmp/kafka-logs] Loading producer state till offset 0 (org.apache.kafka.storage.internals.log.UnifiedLog)
stream-state-bench-flink-kafka  | [2026-07-17 19:06:05,786] INFO Created log for partition __transaction_state-2 in /tmp/kafka-logs/__transaction_state-2 with properties {cleanup.policy=compact, compression.type="uncompressed", min.insync.replicas=1, segment.bytes=104857600, unclean.leader.election.enable=false} (kafka.log.LogManager)
stream-state-bench-flink-kafka  | [2026-07-17 19:06:05,786] INFO [Partition __transaction_state-2 broker=1] No checkpointed highwatermark is found for partition __transaction_state-2 (kafka.cluster.Partition)
stream-state-bench-flink-kafka  | [2026-07-17 19:06:05,786] INFO [Partition __transaction_state-2 broker=1] Log loaded for partition __transaction_state-2 with initial high watermark 0 (kafka.cluster.Partition)
stream-state-bench-flink-kafka  | [2026-07-17 19:06:05,792] INFO [LogLoader partition=__transaction_state-35, dir=/tmp/kafka-logs] Loading producer state till offset 0 (org.apache.kafka.storage.internals.log.UnifiedLog)
stream-state-bench-flink-kafka  | [2026-07-17 19:06:05,793] INFO Created log for partition __transaction_state-35 in /tmp/kafka-logs/__transaction_state-35 with properties {cleanup.policy=compact, compression.type="uncompressed", min.insync.replicas=1, segment.bytes=104857600, unclean.leader.election.enable=false} (kafka.log.LogManager)
stream-state-bench-flink-kafka  | [2026-07-17 19:06:05,793] INFO [Partition __transaction_state-35 broker=1] No checkpointed highwatermark is found for partition __transaction_state-35 (kafka.cluster.Partition)
stream-state-bench-flink-kafka  | [2026-07-17 19:06:05,793] INFO [Partition __transaction_state-35 broker=1] Log loaded for partition __transaction_state-35 with initial high watermark 0 (kafka.cluster.Partition)
stream-state-bench-flink-kafka  | [2026-07-17 19:06:05,798] INFO [LogLoader partition=__transaction_state-6, dir=/tmp/kafka-logs] Loading producer state till offset 0 (org.apache.kafka.storage.internals.log.UnifiedLog)
stream-state-bench-flink-kafka  | [2026-07-17 19:06:05,798] INFO Created log for partition __transaction_state-6 in /tmp/kafka-logs/__transaction_state-6 with properties {cleanup.policy=compact, compression.type="uncompressed", min.insync.replicas=1, segment.bytes=104857600, unclean.leader.election.enable=false} (kafka.log.LogManager)
stream-state-bench-flink-kafka  | [2026-07-17 19:06:05,798] INFO [Partition __transaction_state-6 broker=1] No checkpointed highwatermark is found for partition __transaction_state-6 (kafka.cluster.Partition)
stream-state-bench-flink-kafka  | [2026-07-17 19:06:05,798] INFO [Partition __transaction_state-6 broker=1] Log loaded for partition __transaction_state-6 with initial high watermark 0 (kafka.cluster.Partition)
stream-state-bench-flink-kafka  | [2026-07-17 19:06:05,804] INFO [LogLoader partition=__transaction_state-39, dir=/tmp/kafka-logs] Loading producer state till offset 0 (org.apache.kafka.storage.internals.log.UnifiedLog)
stream-state-bench-flink-kafka  | [2026-07-17 19:06:05,805] INFO Created log for partition __transaction_state-39 in /tmp/kafka-logs/__transaction_state-39 with properties {cleanup.policy=compact, compression.type="uncompressed", min.insync.replicas=1, segment.bytes=104857600, unclean.leader.election.enable=false} (kafka.log.LogManager)
stream-state-bench-flink-kafka  | [2026-07-17 19:06:05,805] INFO [Partition __transaction_state-39 broker=1] No checkpointed highwatermark is found for partition __transaction_state-39 (kafka.cluster.Partition)
stream-state-bench-flink-kafka  | [2026-07-17 19:06:05,805] INFO [Partition __transaction_state-39 broker=1] Log loaded for partition __transaction_state-39 with initial high watermark 0 (kafka.cluster.Partition)
stream-state-bench-flink-kafka  | [2026-07-17 19:06:05,811] INFO [LogLoader partition=__transaction_state-27, dir=/tmp/kafka-logs] Loading producer state till offset 0 (org.apache.kafka.storage.internals.log.UnifiedLog)
stream-state-bench-flink-kafka  | [2026-07-17 19:06:05,811] INFO Created log for partition __transaction_state-27 in /tmp/kafka-logs/__transaction_state-27 with properties {cleanup.policy=compact, compression.type="uncompressed", min.insync.replicas=1, segment.bytes=104857600, unclean.leader.election.enable=false} (kafka.log.LogManager)
stream-state-bench-flink-kafka  | [2026-07-17 19:06:05,812] INFO [Partition __transaction_state-27 broker=1] No checkpointed highwatermark is found for partition __transaction_state-27 (kafka.cluster.Partition)
stream-state-bench-flink-kafka  | [2026-07-17 19:06:05,812] INFO [Partition __transaction_state-27 broker=1] Log loaded for partition __transaction_state-27 with initial high watermark 0 (kafka.cluster.Partition)
stream-state-bench-flink-kafka  | [2026-07-17 19:06:05,819] INFO [LogLoader partition=__transaction_state-31, dir=/tmp/kafka-logs] Loading producer state till offset 0 (org.apache.kafka.storage.internals.log.UnifiedLog)
stream-state-bench-flink-kafka  | [2026-07-17 19:06:05,819] INFO Created log for partition __transaction_state-31 in /tmp/kafka-logs/__transaction_state-31 with properties {cleanup.policy=compact, compression.type="uncompressed", min.insync.replicas=1, segment.bytes=104857600, unclean.leader.election.enable=false} (kafka.log.LogManager)
stream-state-bench-flink-kafka  | [2026-07-17 19:06:05,819] INFO [Partition __transaction_state-31 broker=1] No checkpointed highwatermark is found for partition __transaction_state-31 (kafka.cluster.Partition)
stream-state-bench-flink-kafka  | [2026-07-17 19:06:05,820] INFO [Partition __transaction_state-31 broker=1] Log loaded for partition __transaction_state-31 with initial high watermark 0 (kafka.cluster.Partition)
stream-state-bench-flink-kafka  | [2026-07-17 19:06:05,826] INFO [LogLoader partition=__transaction_state-19, dir=/tmp/kafka-logs] Loading producer state till offset 0 (org.apache.kafka.storage.internals.log.UnifiedLog)
stream-state-bench-flink-kafka  | [2026-07-17 19:06:05,827] INFO Created log for partition __transaction_state-19 in /tmp/kafka-logs/__transaction_state-19 with properties {cleanup.policy=compact, compression.type="uncompressed", min.insync.replicas=1, segment.bytes=104857600, unclean.leader.election.enable=false} (kafka.log.LogManager)
stream-state-bench-flink-kafka  | [2026-07-17 19:06:05,827] INFO [Partition __transaction_state-19 broker=1] No checkpointed highwatermark is found for partition __transaction_state-19 (kafka.cluster.Partition)
stream-state-bench-flink-kafka  | [2026-07-17 19:06:05,827] INFO [Partition __transaction_state-19 broker=1] Log loaded for partition __transaction_state-19 with initial high watermark 0 (kafka.cluster.Partition)
stream-state-bench-flink-kafka  | [2026-07-17 19:06:05,835] INFO [LogLoader partition=__transaction_state-23, dir=/tmp/kafka-logs] Loading producer state till offset 0 (org.apache.kafka.storage.internals.log.UnifiedLog)
stream-state-bench-flink-kafka  | [2026-07-17 19:06:05,835] INFO Created log for partition __transaction_state-23 in /tmp/kafka-logs/__transaction_state-23 with properties {cleanup.policy=compact, compression.type="uncompressed", min.insync.replicas=1, segment.bytes=104857600, unclean.leader.election.enable=false} (kafka.log.LogManager)
stream-state-bench-flink-kafka  | [2026-07-17 19:06:05,835] INFO [Partition __transaction_state-23 broker=1] No checkpointed highwatermark is found for partition __transaction_state-23 (kafka.cluster.Partition)
stream-state-bench-flink-kafka  | [2026-07-17 19:06:05,835] INFO [Partition __transaction_state-23 broker=1] Log loaded for partition __transaction_state-23 with initial high watermark 0 (kafka.cluster.Partition)
stream-state-bench-flink-kafka  | [2026-07-17 19:06:05,843] INFO [TransactionCoordinator id=1] Elected as the txn coordinator for partition 42 at epoch 0 (kafka.coordinator.transaction.TransactionCoordinator)
stream-state-bench-flink-kafka  | [2026-07-17 19:06:05,850] INFO [TransactionCoordinator id=1] Elected as the txn coordinator for partition 13 at epoch 0 (kafka.coordinator.transaction.TransactionCoordinator)
stream-state-bench-flink-kafka  | [2026-07-17 19:06:05,851] INFO [TransactionCoordinator id=1] Elected as the txn coordinator for partition 46 at epoch 0 (kafka.coordinator.transaction.TransactionCoordinator)
stream-state-bench-flink-kafka  | [2026-07-17 19:06:05,851] INFO [TransactionCoordinator id=1] Elected as the txn coordinator for partition 17 at epoch 0 (kafka.coordinator.transaction.TransactionCoordinator)
stream-state-bench-flink-kafka  | [2026-07-17 19:06:05,851] INFO [TransactionCoordinator id=1] Elected as the txn coordinator for partition 34 at epoch 0 (kafka.coordinator.transaction.TransactionCoordinator)
stream-state-bench-flink-kafka  | [2026-07-17 19:06:05,851] INFO [TransactionCoordinator id=1] Elected as the txn coordinator for partition 5 at epoch 0 (kafka.coordinator.transaction.TransactionCoordinator)
stream-state-bench-flink-kafka  | [2026-07-17 19:06:05,851] INFO [TransactionCoordinator id=1] Elected as the txn coordinator for partition 38 at epoch 0 (kafka.coordinator.transaction.TransactionCoordinator)
stream-state-bench-flink-kafka  | [2026-07-17 19:06:05,851] INFO [TransactionCoordinator id=1] Elected as the txn coordinator for partition 9 at epoch 0 (kafka.coordinator.transaction.TransactionCoordinator)
stream-state-bench-flink-kafka  | [2026-07-17 19:06:05,851] INFO [Transaction State Manager 1]: Loading transaction metadata from __transaction_state-42 at epoch 0 (kafka.coordinator.transaction.TransactionStateManager)
stream-state-bench-flink-kafka  | [2026-07-17 19:06:05,851] INFO [TransactionCoordinator id=1] Elected as the txn coordinator for partition 26 at epoch 0 (kafka.coordinator.transaction.TransactionCoordinator)
stream-state-bench-flink-kafka  | [2026-07-17 19:06:05,851] INFO [TransactionCoordinator id=1] Elected as the txn coordinator for partition 30 at epoch 0 (kafka.coordinator.transaction.TransactionCoordinator)
stream-state-bench-flink-kafka  | [2026-07-17 19:06:05,851] INFO [TransactionCoordinator id=1] Elected as the txn coordinator for partition 1 at epoch 0 (kafka.coordinator.transaction.TransactionCoordinator)
stream-state-bench-flink-kafka  | [2026-07-17 19:06:05,851] INFO [TransactionCoordinator id=1] Elected as the txn coordinator for partition 18 at epoch 0 (kafka.coordinator.transaction.TransactionCoordinator)
stream-state-bench-flink-kafka  | [2026-07-17 19:06:05,851] INFO [TransactionCoordinator id=1] Elected as the txn coordinator for partition 22 at epoch 0 (kafka.coordinator.transaction.TransactionCoordinator)
stream-state-bench-flink-kafka  | [2026-07-17 19:06:05,852] INFO [TransactionCoordinator id=1] Elected as the txn coordinator for partition 12 at epoch 0 (kafka.coordinator.transaction.TransactionCoordinator)
stream-state-bench-flink-kafka  | [2026-07-17 19:06:05,852] INFO [TransactionCoordinator id=1] Elected as the txn coordinator for partition 45 at epoch 0 (kafka.coordinator.transaction.TransactionCoordinator)
stream-state-bench-flink-kafka  | [2026-07-17 19:06:05,852] INFO [TransactionCoordinator id=1] Elected as the txn coordinator for partition 16 at epoch 0 (kafka.coordinator.transaction.TransactionCoordinator)
stream-state-bench-flink-kafka  | [2026-07-17 19:06:05,852] INFO [TransactionCoordinator id=1] Elected as the txn coordinator for partition 49 at epoch 0 (kafka.coordinator.transaction.TransactionCoordinator)
stream-state-bench-flink-kafka  | [2026-07-17 19:06:05,852] INFO [TransactionCoordinator id=1] Elected as the txn coordinator for partition 4 at epoch 0 (kafka.coordinator.transaction.TransactionCoordinator)
stream-state-bench-flink-kafka  | [2026-07-17 19:06:05,852] INFO [TransactionCoordinator id=1] Elected as the txn coordinator for partition 37 at epoch 0 (kafka.coordinator.transaction.TransactionCoordinator)
stream-state-bench-flink-kafka  | [2026-07-17 19:06:05,852] INFO [TransactionCoordinator id=1] Elected as the txn coordinator for partition 8 at epoch 0 (kafka.coordinator.transaction.TransactionCoordinator)
stream-state-bench-flink-kafka  | [2026-07-17 19:06:05,852] INFO [TransactionCoordinator id=1] Elected as the txn coordinator for partition 41 at epoch 0 (kafka.coordinator.transaction.TransactionCoordinator)
stream-state-bench-flink-kafka  | [2026-07-17 19:06:05,852] INFO [TransactionCoordinator id=1] Elected as the txn coordinator for partition 29 at epoch 0 (kafka.coordinator.transaction.TransactionCoordinator)
stream-state-bench-flink-kafka  | [2026-07-17 19:06:05,852] INFO [TransactionCoordinator id=1] Elected as the txn coordinator for partition 0 at epoch 0 (kafka.coordinator.transaction.TransactionCoordinator)
stream-state-bench-flink-kafka  | [2026-07-17 19:06:05,852] INFO [TransactionCoordinator id=1] Elected as the txn coordinator for partition 33 at epoch 0 (kafka.coordinator.transaction.TransactionCoordinator)
stream-state-bench-flink-kafka  | [2026-07-17 19:06:05,852] INFO [TransactionCoordinator id=1] Elected as the txn coordinator for partition 21 at epoch 0 (kafka.coordinator.transaction.TransactionCoordinator)
stream-state-bench-flink-kafka  | [2026-07-17 19:06:05,853] INFO [TransactionCoordinator id=1] Elected as the txn coordinator for partition 25 at epoch 0 (kafka.coordinator.transaction.TransactionCoordinator)
stream-state-bench-flink-kafka  | [2026-07-17 19:06:05,853] INFO [TransactionCoordinator id=1] Elected as the txn coordinator for partition 11 at epoch 0 (kafka.coordinator.transaction.TransactionCoordinator)
stream-state-bench-flink-kafka  | [2026-07-17 19:06:05,853] INFO [TransactionCoordinator id=1] Elected as the txn coordinator for partition 44 at epoch 0 (kafka.coordinator.transaction.TransactionCoordinator)
stream-state-bench-flink-kafka  | [2026-07-17 19:06:05,853] INFO [TransactionCoordinator id=1] Elected as the txn coordinator for partition 15 at epoch 0 (kafka.coordinator.transaction.TransactionCoordinator)
stream-state-bench-flink-kafka  | [2026-07-17 19:06:05,853] INFO [TransactionCoordinator id=1] Elected as the txn coordinator for partition 48 at epoch 0 (kafka.coordinator.transaction.TransactionCoordinator)
stream-state-bench-flink-kafka  | [2026-07-17 19:06:05,854] INFO [TransactionCoordinator id=1] Elected as the txn coordinator for partition 3 at epoch 0 (kafka.coordinator.transaction.TransactionCoordinator)
stream-state-bench-flink-kafka  | [2026-07-17 19:06:05,854] INFO [TransactionCoordinator id=1] Elected as the txn coordinator for partition 36 at epoch 0 (kafka.coordinator.transaction.TransactionCoordinator)
stream-state-bench-flink-kafka  | [2026-07-17 19:06:05,854] INFO [TransactionCoordinator id=1] Elected as the txn coordinator for partition 7 at epoch 0 (kafka.coordinator.transaction.TransactionCoordinator)
stream-state-bench-flink-kafka  | [2026-07-17 19:06:05,854] INFO [TransactionCoordinator id=1] Elected as the txn coordinator for partition 40 at epoch 0 (kafka.coordinator.transaction.TransactionCoordinator)
stream-state-bench-flink-kafka  | [2026-07-17 19:06:05,854] INFO [TransactionCoordinator id=1] Elected as the txn coordinator for partition 28 at epoch 0 (kafka.coordinator.transaction.TransactionCoordinator)
stream-state-bench-flink-kafka  | [2026-07-17 19:06:05,854] INFO [TransactionCoordinator id=1] Elected as the txn coordinator for partition 32 at epoch 0 (kafka.coordinator.transaction.TransactionCoordinator)
stream-state-bench-flink-kafka  | [2026-07-17 19:06:05,855] INFO [TransactionCoordinator id=1] Elected as the txn coordinator for partition 20 at epoch 0 (kafka.coordinator.transaction.TransactionCoordinator)
stream-state-bench-flink-kafka  | [2026-07-17 19:06:05,855] INFO [TransactionCoordinator id=1] Elected as the txn coordinator for partition 24 at epoch 0 (kafka.coordinator.transaction.TransactionCoordinator)
stream-state-bench-flink-kafka  | [2026-07-17 19:06:05,855] INFO [TransactionCoordinator id=1] Elected as the txn coordinator for partition 10 at epoch 0 (kafka.coordinator.transaction.TransactionCoordinator)
stream-state-bench-flink-kafka  | [2026-07-17 19:06:05,855] INFO [TransactionCoordinator id=1] Elected as the txn coordinator for partition 43 at epoch 0 (kafka.coordinator.transaction.TransactionCoordinator)
stream-state-bench-flink-kafka  | [2026-07-17 19:06:05,855] INFO [TransactionCoordinator id=1] Elected as the txn coordinator for partition 14 at epoch 0 (kafka.coordinator.transaction.TransactionCoordinator)
stream-state-bench-flink-kafka  | [2026-07-17 19:06:05,855] INFO [TransactionCoordinator id=1] Elected as the txn coordinator for partition 47 at epoch 0 (kafka.coordinator.transaction.TransactionCoordinator)
stream-state-bench-flink-kafka  | [2026-07-17 19:06:05,855] INFO [TransactionCoordinator id=1] Elected as the txn coordinator for partition 2 at epoch 0 (kafka.coordinator.transaction.TransactionCoordinator)
stream-state-bench-flink-kafka  | [2026-07-17 19:06:05,855] INFO [TransactionCoordinator id=1] Elected as the txn coordinator for partition 35 at epoch 0 (kafka.coordinator.transaction.TransactionCoordinator)
stream-state-bench-flink-kafka  | [2026-07-17 19:06:05,855] INFO [TransactionCoordinator id=1] Elected as the txn coordinator for partition 6 at epoch 0 (kafka.coordinator.transaction.TransactionCoordinator)
stream-state-bench-flink-kafka  | [2026-07-17 19:06:05,855] INFO [TransactionCoordinator id=1] Elected as the txn coordinator for partition 39 at epoch 0 (kafka.coordinator.transaction.TransactionCoordinator)
stream-state-bench-flink-kafka  | [2026-07-17 19:06:05,855] INFO [TransactionCoordinator id=1] Elected as the txn coordinator for partition 27 at epoch 0 (kafka.coordinator.transaction.TransactionCoordinator)
stream-state-bench-flink-kafka  | [2026-07-17 19:06:05,855] INFO [TransactionCoordinator id=1] Elected as the txn coordinator for partition 31 at epoch 0 (kafka.coordinator.transaction.TransactionCoordinator)
stream-state-bench-flink-kafka  | [2026-07-17 19:06:05,855] INFO [TransactionCoordinator id=1] Elected as the txn coordinator for partition 19 at epoch 0 (kafka.coordinator.transaction.TransactionCoordinator)
stream-state-bench-flink-kafka  | [2026-07-17 19:06:05,856] INFO [TransactionCoordinator id=1] Elected as the txn coordinator for partition 23 at epoch 0 (kafka.coordinator.transaction.TransactionCoordinator)
stream-state-bench-flink-kafka  | [2026-07-17 19:06:05,856] INFO [DynamicConfigPublisher broker id=1] Updating topic __transaction_state with new configuration : compression.type -> uncompressed,cleanup.policy -> compact,min.insync.replicas -> 1,segment.bytes -> 104857600,unclean.leader.election.enable -> false (kafka.server.metadata.DynamicConfigPublisher)
stream-state-bench-flink-kafka  | [2026-07-17 19:06:05,860] INFO [Transaction State Manager 1]: Finished loading 0 transaction metadata from __transaction_state-42 in 3 milliseconds, of which 1 milliseconds was spent in the scheduler. (kafka.coordinator.transaction.TransactionStateManager)
stream-state-bench-flink-kafka  | [2026-07-17 19:06:05,864] INFO [Transaction State Manager 1]: Completed loading transaction metadata from __transaction_state-42 for coordinator epoch 0 (kafka.coordinator.transaction.TransactionStateManager)
stream-state-bench-flink-kafka  | [2026-07-17 19:06:05,864] INFO [Transaction State Manager 1]: Loading transaction metadata from __transaction_state-13 at epoch 0 (kafka.coordinator.transaction.TransactionStateManager)
stream-state-bench-flink-kafka  | [2026-07-17 19:06:05,865] INFO [Transaction State Manager 1]: Finished loading 0 transaction metadata from __transaction_state-13 in 13 milliseconds, of which 13 milliseconds was spent in the scheduler. (kafka.coordinator.transaction.TransactionStateManager)
stream-state-bench-flink-kafka  | [2026-07-17 19:06:05,865] INFO [Transaction State Manager 1]: Completed loading transaction metadata from __transaction_state-13 for coordinator epoch 0 (kafka.coordinator.transaction.TransactionStateManager)
stream-state-bench-flink-kafka  | [2026-07-17 19:06:05,865] INFO [Transaction State Manager 1]: Loading transaction metadata from __transaction_state-46 at epoch 0 (kafka.coordinator.transaction.TransactionStateManager)
stream-state-bench-flink-kafka  | [2026-07-17 19:06:05,865] INFO [Transaction State Manager 1]: Finished loading 0 transaction metadata from __transaction_state-46 in 14 milliseconds, of which 14 milliseconds was spent in the scheduler. (kafka.coordinator.transaction.TransactionStateManager)
stream-state-bench-flink-kafka  | [2026-07-17 19:06:05,865] INFO [Transaction State Manager 1]: Completed loading transaction metadata from __transaction_state-46 for coordinator epoch 0 (kafka.coordinator.transaction.TransactionStateManager)
stream-state-bench-flink-kafka  | [2026-07-17 19:06:05,865] INFO [Transaction State Manager 1]: Loading transaction metadata from __transaction_state-17 at epoch 0 (kafka.coordinator.transaction.TransactionStateManager)
stream-state-bench-flink-kafka  | [2026-07-17 19:06:05,865] INFO [Transaction State Manager 1]: Finished loading 0 transaction metadata from __transaction_state-17 in 14 milliseconds, of which 14 milliseconds was spent in the scheduler. (kafka.coordinator.transaction.TransactionStateManager)
stream-state-bench-flink-kafka  | [2026-07-17 19:06:05,865] INFO [Transaction State Manager 1]: Completed loading transaction metadata from __transaction_state-17 for coordinator epoch 0 (kafka.coordinator.transaction.TransactionStateManager)
stream-state-bench-flink-kafka  | [2026-07-17 19:06:05,865] INFO [Transaction State Manager 1]: Loading transaction metadata from __transaction_state-34 at epoch 0 (kafka.coordinator.transaction.TransactionStateManager)
stream-state-bench-flink-kafka  | [2026-07-17 19:06:05,865] INFO [Transaction State Manager 1]: Finished loading 0 transaction metadata from __transaction_state-34 in 14 milliseconds, of which 14 milliseconds was spent in the scheduler. (kafka.coordinator.transaction.TransactionStateManager)
stream-state-bench-flink-kafka  | [2026-07-17 19:06:05,865] INFO [Transaction State Manager 1]: Completed loading transaction metadata from __transaction_state-34 for coordinator epoch 0 (kafka.coordinator.transaction.TransactionStateManager)
stream-state-bench-flink-kafka  | [2026-07-17 19:06:05,865] INFO [Transaction State Manager 1]: Loading transaction metadata from __transaction_state-5 at epoch 0 (kafka.coordinator.transaction.TransactionStateManager)
stream-state-bench-flink-kafka  | [2026-07-17 19:06:05,865] INFO [Transaction State Manager 1]: Finished loading 0 transaction metadata from __transaction_state-5 in 14 milliseconds, of which 14 milliseconds was spent in the scheduler. (kafka.coordinator.transaction.TransactionStateManager)
stream-state-bench-flink-kafka  | [2026-07-17 19:06:05,865] INFO [Transaction State Manager 1]: Completed loading transaction metadata from __transaction_state-5 for coordinator epoch 0 (kafka.coordinator.transaction.TransactionStateManager)
stream-state-bench-flink-kafka  | [2026-07-17 19:06:05,866] INFO [Transaction State Manager 1]: Loading transaction metadata from __transaction_state-38 at epoch 0 (kafka.coordinator.transaction.TransactionStateManager)
stream-state-bench-flink-kafka  | [2026-07-17 19:06:05,866] INFO [Transaction State Manager 1]: Finished loading 0 transaction metadata from __transaction_state-38 in 15 milliseconds, of which 15 milliseconds was spent in the scheduler. (kafka.coordinator.transaction.TransactionStateManager)
stream-state-bench-flink-kafka  | [2026-07-17 19:06:05,866] INFO [Transaction State Manager 1]: Completed loading transaction metadata from __transaction_state-38 for coordinator epoch 0 (kafka.coordinator.transaction.TransactionStateManager)
stream-state-bench-flink-kafka  | [2026-07-17 19:06:05,866] INFO [Transaction State Manager 1]: Loading transaction metadata from __transaction_state-9 at epoch 0 (kafka.coordinator.transaction.TransactionStateManager)
stream-state-bench-flink-kafka  | [2026-07-17 19:06:05,866] INFO [Transaction State Manager 1]: Finished loading 0 transaction metadata from __transaction_state-9 in 15 milliseconds, of which 15 milliseconds was spent in the scheduler. (kafka.coordinator.transaction.TransactionStateManager)
stream-state-bench-flink-kafka  | [2026-07-17 19:06:05,866] INFO [Transaction State Manager 1]: Completed loading transaction metadata from __transaction_state-9 for coordinator epoch 0 (kafka.coordinator.transaction.TransactionStateManager)
stream-state-bench-flink-kafka  | [2026-07-17 19:06:05,866] INFO [Transaction State Manager 1]: Loading transaction metadata from __transaction_state-26 at epoch 0 (kafka.coordinator.transaction.TransactionStateManager)
stream-state-bench-flink-kafka  | [2026-07-17 19:06:05,866] INFO [Transaction State Manager 1]: Finished loading 0 transaction metadata from __transaction_state-26 in 15 milliseconds, of which 15 milliseconds was spent in the scheduler. (kafka.coordinator.transaction.TransactionStateManager)
stream-state-bench-flink-kafka  | [2026-07-17 19:06:05,866] INFO [Transaction State Manager 1]: Completed loading transaction metadata from __transaction_state-26 for coordinator epoch 0 (kafka.coordinator.transaction.TransactionStateManager)
stream-state-bench-flink-kafka  | [2026-07-17 19:06:05,866] INFO [Transaction State Manager 1]: Loading transaction metadata from __transaction_state-30 at epoch 0 (kafka.coordinator.transaction.TransactionStateManager)
stream-state-bench-flink-kafka  | [2026-07-17 19:06:05,866] INFO [Transaction State Manager 1]: Finished loading 0 transaction metadata from __transaction_state-30 in 15 milliseconds, of which 15 milliseconds was spent in the scheduler. (kafka.coordinator.transaction.TransactionStateManager)
stream-state-bench-flink-kafka  | [2026-07-17 19:06:05,866] INFO [Transaction State Manager 1]: Completed loading transaction metadata from __transaction_state-30 for coordinator epoch 0 (kafka.coordinator.transaction.TransactionStateManager)
stream-state-bench-flink-kafka  | [2026-07-17 19:06:05,866] INFO [Transaction State Manager 1]: Loading transaction metadata from __transaction_state-1 at epoch 0 (kafka.coordinator.transaction.TransactionStateManager)
stream-state-bench-flink-kafka  | [2026-07-17 19:06:05,867] INFO [Transaction State Manager 1]: Finished loading 0 transaction metadata from __transaction_state-1 in 16 milliseconds, of which 15 milliseconds was spent in the scheduler. (kafka.coordinator.transaction.TransactionStateManager)
stream-state-bench-flink-kafka  | [2026-07-17 19:06:05,867] INFO [Transaction State Manager 1]: Completed loading transaction metadata from __transaction_state-1 for coordinator epoch 0 (kafka.coordinator.transaction.TransactionStateManager)
stream-state-bench-flink-kafka  | [2026-07-17 19:06:05,867] INFO [Transaction State Manager 1]: Loading transaction metadata from __transaction_state-18 at epoch 0 (kafka.coordinator.transaction.TransactionStateManager)
stream-state-bench-flink-kafka  | [2026-07-17 19:06:05,867] INFO [Transaction State Manager 1]: Finished loading 0 transaction metadata from __transaction_state-18 in 16 milliseconds, of which 16 milliseconds was spent in the scheduler. (kafka.coordinator.transaction.TransactionStateManager)
stream-state-bench-flink-kafka  | [2026-07-17 19:06:05,867] INFO [Transaction State Manager 1]: Completed loading transaction metadata from __transaction_state-18 for coordinator epoch 0 (kafka.coordinator.transaction.TransactionStateManager)
stream-state-bench-flink-kafka  | [2026-07-17 19:06:05,867] INFO [Transaction State Manager 1]: Loading transaction metadata from __transaction_state-22 at epoch 0 (kafka.coordinator.transaction.TransactionStateManager)
stream-state-bench-flink-kafka  | [2026-07-17 19:06:05,867] INFO [Transaction State Manager 1]: Finished loading 0 transaction metadata from __transaction_state-22 in 15 milliseconds, of which 15 milliseconds was spent in the scheduler. (kafka.coordinator.transaction.TransactionStateManager)
stream-state-bench-flink-kafka  | [2026-07-17 19:06:05,867] INFO [Transaction State Manager 1]: Completed loading transaction metadata from __transaction_state-22 for coordinator epoch 0 (kafka.coordinator.transaction.TransactionStateManager)
stream-state-bench-flink-kafka  | [2026-07-17 19:06:05,867] INFO [Transaction State Manager 1]: Loading transaction metadata from __transaction_state-12 at epoch 0 (kafka.coordinator.transaction.TransactionStateManager)
stream-state-bench-flink-kafka  | [2026-07-17 19:06:05,867] INFO [Transaction State Manager 1]: Finished loading 0 transaction metadata from __transaction_state-12 in 15 milliseconds, of which 15 milliseconds was spent in the scheduler. (kafka.coordinator.transaction.TransactionStateManager)
stream-state-bench-flink-kafka  | [2026-07-17 19:06:05,867] INFO [Transaction State Manager 1]: Completed loading transaction metadata from __transaction_state-12 for coordinator epoch 0 (kafka.coordinator.transaction.TransactionStateManager)
stream-state-bench-flink-kafka  | [2026-07-17 19:06:05,867] INFO [Transaction State Manager 1]: Loading transaction metadata from __transaction_state-45 at epoch 0 (kafka.coordinator.transaction.TransactionStateManager)
stream-state-bench-flink-kafka  | [2026-07-17 19:06:05,867] INFO [Transaction State Manager 1]: Finished loading 0 transaction metadata from __transaction_state-45 in 15 milliseconds, of which 15 milliseconds was spent in the scheduler. (kafka.coordinator.transaction.TransactionStateManager)
stream-state-bench-flink-kafka  | [2026-07-17 19:06:05,867] INFO [Transaction State Manager 1]: Completed loading transaction metadata from __transaction_state-45 for coordinator epoch 0 (kafka.coordinator.transaction.TransactionStateManager)
stream-state-bench-flink-kafka  | [2026-07-17 19:06:05,867] INFO [Transaction State Manager 1]: Loading transaction metadata from __transaction_state-16 at epoch 0 (kafka.coordinator.transaction.TransactionStateManager)
stream-state-bench-flink-kafka  | [2026-07-17 19:06:05,867] INFO [Transaction State Manager 1]: Finished loading 0 transaction metadata from __transaction_state-16 in 15 milliseconds, of which 15 milliseconds was spent in the scheduler. (kafka.coordinator.transaction.TransactionStateManager)
stream-state-bench-flink-kafka  | [2026-07-17 19:06:05,867] INFO [Transaction State Manager 1]: Completed loading transaction metadata from __transaction_state-16 for coordinator epoch 0 (kafka.coordinator.transaction.TransactionStateManager)
stream-state-bench-flink-kafka  | [2026-07-17 19:06:05,868] INFO [Transaction State Manager 1]: Loading transaction metadata from __transaction_state-49 at epoch 0 (kafka.coordinator.transaction.TransactionStateManager)
stream-state-bench-flink-kafka  | [2026-07-17 19:06:05,868] INFO [Transaction State Manager 1]: Finished loading 0 transaction metadata from __transaction_state-49 in 16 milliseconds, of which 16 milliseconds was spent in the scheduler. (kafka.coordinator.transaction.TransactionStateManager)
stream-state-bench-flink-kafka  | [2026-07-17 19:06:05,868] INFO [Transaction State Manager 1]: Completed loading transaction metadata from __transaction_state-49 for coordinator epoch 0 (kafka.coordinator.transaction.TransactionStateManager)
stream-state-bench-flink-kafka  | [2026-07-17 19:06:05,868] INFO [Transaction State Manager 1]: Loading transaction metadata from __transaction_state-4 at epoch 0 (kafka.coordinator.transaction.TransactionStateManager)
stream-state-bench-flink-kafka  | [2026-07-17 19:06:05,868] INFO [Transaction State Manager 1]: Finished loading 0 transaction metadata from __transaction_state-4 in 16 milliseconds, of which 16 milliseconds was spent in the scheduler. (kafka.coordinator.transaction.TransactionStateManager)
stream-state-bench-flink-kafka  | [2026-07-17 19:06:05,868] INFO [Transaction State Manager 1]: Completed loading transaction metadata from __transaction_state-4 for coordinator epoch 0 (kafka.coordinator.transaction.TransactionStateManager)
stream-state-bench-flink-kafka  | [2026-07-17 19:06:05,868] INFO [Transaction State Manager 1]: Loading transaction metadata from __transaction_state-37 at epoch 0 (kafka.coordinator.transaction.TransactionStateManager)
stream-state-bench-flink-kafka  | [2026-07-17 19:06:05,868] INFO [Transaction State Manager 1]: Finished loading 0 transaction metadata from __transaction_state-37 in 16 milliseconds, of which 16 milliseconds was spent in the scheduler. (kafka.coordinator.transaction.TransactionStateManager)
stream-state-bench-flink-kafka  | [2026-07-17 19:06:05,868] INFO [Transaction State Manager 1]: Completed loading transaction metadata from __transaction_state-37 for coordinator epoch 0 (kafka.coordinator.transaction.TransactionStateManager)
stream-state-bench-flink-kafka  | [2026-07-17 19:06:05,868] INFO [Transaction State Manager 1]: Loading transaction metadata from __transaction_state-8 at epoch 0 (kafka.coordinator.transaction.TransactionStateManager)
stream-state-bench-flink-kafka  | [2026-07-17 19:06:05,868] INFO [Transaction State Manager 1]: Finished loading 0 transaction metadata from __transaction_state-8 in 16 milliseconds, of which 16 milliseconds was spent in the scheduler. (kafka.coordinator.transaction.TransactionStateManager)
stream-state-bench-flink-kafka  | [2026-07-17 19:06:05,868] INFO [Transaction State Manager 1]: Completed loading transaction metadata from __transaction_state-8 for coordinator epoch 0 (kafka.coordinator.transaction.TransactionStateManager)
stream-state-bench-flink-kafka  | [2026-07-17 19:06:05,868] INFO [Transaction State Manager 1]: Loading transaction metadata from __transaction_state-41 at epoch 0 (kafka.coordinator.transaction.TransactionStateManager)
stream-state-bench-flink-kafka  | [2026-07-17 19:06:05,868] INFO [Transaction State Manager 1]: Finished loading 0 transaction metadata from __transaction_state-41 in 16 milliseconds, of which 16 milliseconds was spent in the scheduler. (kafka.coordinator.transaction.TransactionStateManager)
stream-state-bench-flink-kafka  | [2026-07-17 19:06:05,868] INFO [Transaction State Manager 1]: Completed loading transaction metadata from __transaction_state-41 for coordinator epoch 0 (kafka.coordinator.transaction.TransactionStateManager)
stream-state-bench-flink-kafka  | [2026-07-17 19:06:05,868] INFO [Transaction State Manager 1]: Loading transaction metadata from __transaction_state-29 at epoch 0 (kafka.coordinator.transaction.TransactionStateManager)
stream-state-bench-flink-kafka  | [2026-07-17 19:06:05,869] INFO [Transaction State Manager 1]: Finished loading 0 transaction metadata from __transaction_state-29 in 16 milliseconds, of which 16 milliseconds was spent in the scheduler. (kafka.coordinator.transaction.TransactionStateManager)
stream-state-bench-flink-kafka  | [2026-07-17 19:06:05,869] INFO [Transaction State Manager 1]: Completed loading transaction metadata from __transaction_state-29 for coordinator epoch 0 (kafka.coordinator.transaction.TransactionStateManager)
stream-state-bench-flink-kafka  | [2026-07-17 19:06:05,869] INFO [Transaction State Manager 1]: Loading transaction metadata from __transaction_state-0 at epoch 0 (kafka.coordinator.transaction.TransactionStateManager)
stream-state-bench-flink-kafka  | [2026-07-17 19:06:05,869] INFO [Transaction State Manager 1]: Finished loading 0 transaction metadata from __transaction_state-0 in 17 milliseconds, of which 17 milliseconds was spent in the scheduler. (kafka.coordinator.transaction.TransactionStateManager)
stream-state-bench-flink-kafka  | [2026-07-17 19:06:05,869] INFO [Transaction State Manager 1]: Completed loading transaction metadata from __transaction_state-0 for coordinator epoch 0 (kafka.coordinator.transaction.TransactionStateManager)
stream-state-bench-flink-kafka  | [2026-07-17 19:06:05,869] INFO [Transaction State Manager 1]: Loading transaction metadata from __transaction_state-33 at epoch 0 (kafka.coordinator.transaction.TransactionStateManager)
stream-state-bench-flink-kafka  | [2026-07-17 19:06:05,869] INFO [Transaction State Manager 1]: Finished loading 0 transaction metadata from __transaction_state-33 in 17 milliseconds, of which 17 milliseconds was spent in the scheduler. (kafka.coordinator.transaction.TransactionStateManager)
stream-state-bench-flink-kafka  | [2026-07-17 19:06:05,869] INFO [Transaction State Manager 1]: Completed loading transaction metadata from __transaction_state-33 for coordinator epoch 0 (kafka.coordinator.transaction.TransactionStateManager)
stream-state-bench-flink-kafka  | [2026-07-17 19:06:05,869] INFO [Transaction State Manager 1]: Loading transaction metadata from __transaction_state-21 at epoch 0 (kafka.coordinator.transaction.TransactionStateManager)
stream-state-bench-flink-kafka  | [2026-07-17 19:06:05,869] INFO [Transaction State Manager 1]: Finished loading 0 transaction metadata from __transaction_state-21 in 17 milliseconds, of which 17 milliseconds was spent in the scheduler. (kafka.coordinator.transaction.TransactionStateManager)
stream-state-bench-flink-kafka  | [2026-07-17 19:06:05,869] INFO [Transaction State Manager 1]: Completed loading transaction metadata from __transaction_state-21 for coordinator epoch 0 (kafka.coordinator.transaction.TransactionStateManager)
stream-state-bench-flink-kafka  | [2026-07-17 19:06:05,869] INFO [Transaction State Manager 1]: Loading transaction metadata from __transaction_state-25 at epoch 0 (kafka.coordinator.transaction.TransactionStateManager)
stream-state-bench-flink-kafka  | [2026-07-17 19:06:05,869] INFO [Transaction State Manager 1]: Finished loading 0 transaction metadata from __transaction_state-25 in 16 milliseconds, of which 16 milliseconds was spent in the scheduler. (kafka.coordinator.transaction.TransactionStateManager)
stream-state-bench-flink-kafka  | [2026-07-17 19:06:05,869] INFO [Transaction State Manager 1]: Completed loading transaction metadata from __transaction_state-25 for coordinator epoch 0 (kafka.coordinator.transaction.TransactionStateManager)
stream-state-bench-flink-kafka  | [2026-07-17 19:06:05,869] INFO [Transaction State Manager 1]: Loading transaction metadata from __transaction_state-11 at epoch 0 (kafka.coordinator.transaction.TransactionStateManager)
stream-state-bench-flink-kafka  | [2026-07-17 19:06:05,870] INFO [Transaction State Manager 1]: Finished loading 0 transaction metadata from __transaction_state-11 in 17 milliseconds, of which 16 milliseconds was spent in the scheduler. (kafka.coordinator.transaction.TransactionStateManager)
stream-state-bench-flink-kafka  | [2026-07-17 19:06:05,870] INFO [Transaction State Manager 1]: Completed loading transaction metadata from __transaction_state-11 for coordinator epoch 0 (kafka.coordinator.transaction.TransactionStateManager)
stream-state-bench-flink-kafka  | [2026-07-17 19:06:05,870] INFO [Transaction State Manager 1]: Loading transaction metadata from __transaction_state-44 at epoch 0 (kafka.coordinator.transaction.TransactionStateManager)
stream-state-bench-flink-kafka  | [2026-07-17 19:06:05,870] INFO [Transaction State Manager 1]: Finished loading 0 transaction metadata from __transaction_state-44 in 17 milliseconds, of which 17 milliseconds was spent in the scheduler. (kafka.coordinator.transaction.TransactionStateManager)
stream-state-bench-flink-kafka  | [2026-07-17 19:06:05,870] INFO [Transaction State Manager 1]: Completed loading transaction metadata from __transaction_state-44 for coordinator epoch 0 (kafka.coordinator.transaction.TransactionStateManager)
stream-state-bench-flink-kafka  | [2026-07-17 19:06:05,870] INFO [Transaction State Manager 1]: Loading transaction metadata from __transaction_state-15 at epoch 0 (kafka.coordinator.transaction.TransactionStateManager)
stream-state-bench-flink-kafka  | [2026-07-17 19:06:05,870] INFO [Transaction State Manager 1]: Finished loading 0 transaction metadata from __transaction_state-15 in 17 milliseconds, of which 17 milliseconds was spent in the scheduler. (kafka.coordinator.transaction.TransactionStateManager)
stream-state-bench-flink-kafka  | [2026-07-17 19:06:05,870] INFO [Transaction State Manager 1]: Completed loading transaction metadata from __transaction_state-15 for coordinator epoch 0 (kafka.coordinator.transaction.TransactionStateManager)
stream-state-bench-flink-kafka  | [2026-07-17 19:06:05,870] INFO [Transaction State Manager 1]: Loading transaction metadata from __transaction_state-48 at epoch 0 (kafka.coordinator.transaction.TransactionStateManager)
stream-state-bench-flink-kafka  | [2026-07-17 19:06:05,870] INFO [Transaction State Manager 1]: Finished loading 0 transaction metadata from __transaction_state-48 in 17 milliseconds, of which 17 milliseconds was spent in the scheduler. (kafka.coordinator.transaction.TransactionStateManager)
stream-state-bench-flink-kafka  | [2026-07-17 19:06:05,870] INFO [Transaction State Manager 1]: Completed loading transaction metadata from __transaction_state-48 for coordinator epoch 0 (kafka.coordinator.transaction.TransactionStateManager)
stream-state-bench-flink-kafka  | [2026-07-17 19:06:05,870] INFO [Transaction State Manager 1]: Loading transaction metadata from __transaction_state-3 at epoch 0 (kafka.coordinator.transaction.TransactionStateManager)
stream-state-bench-flink-kafka  | [2026-07-17 19:06:05,870] INFO [Transaction State Manager 1]: Finished loading 0 transaction metadata from __transaction_state-3 in 16 milliseconds, of which 16 milliseconds was spent in the scheduler. (kafka.coordinator.transaction.TransactionStateManager)
stream-state-bench-flink-kafka  | [2026-07-17 19:06:05,870] INFO [Transaction State Manager 1]: Completed loading transaction metadata from __transaction_state-3 for coordinator epoch 0 (kafka.coordinator.transaction.TransactionStateManager)
stream-state-bench-flink-kafka  | [2026-07-17 19:06:05,870] INFO [Transaction State Manager 1]: Loading transaction metadata from __transaction_state-36 at epoch 0 (kafka.coordinator.transaction.TransactionStateManager)
stream-state-bench-flink-kafka  | [2026-07-17 19:06:05,870] INFO [Transaction State Manager 1]: Finished loading 0 transaction metadata from __transaction_state-36 in 16 milliseconds, of which 16 milliseconds was spent in the scheduler. (kafka.coordinator.transaction.TransactionStateManager)
stream-state-bench-flink-kafka  | [2026-07-17 19:06:05,871] INFO [Transaction State Manager 1]: Completed loading transaction metadata from __transaction_state-36 for coordinator epoch 0 (kafka.coordinator.transaction.TransactionStateManager)
stream-state-bench-flink-kafka  | [2026-07-17 19:06:05,871] INFO [Transaction State Manager 1]: Loading transaction metadata from __transaction_state-7 at epoch 0 (kafka.coordinator.transaction.TransactionStateManager)
stream-state-bench-flink-kafka  | [2026-07-17 19:06:05,871] INFO [Transaction State Manager 1]: Finished loading 0 transaction metadata from __transaction_state-7 in 17 milliseconds, of which 17 milliseconds was spent in the scheduler. (kafka.coordinator.transaction.TransactionStateManager)
stream-state-bench-flink-kafka  | [2026-07-17 19:06:05,871] INFO [Transaction State Manager 1]: Completed loading transaction metadata from __transaction_state-7 for coordinator epoch 0 (kafka.coordinator.transaction.TransactionStateManager)
stream-state-bench-flink-kafka  | [2026-07-17 19:06:05,871] INFO [Transaction State Manager 1]: Loading transaction metadata from __transaction_state-40 at epoch 0 (kafka.coordinator.transaction.TransactionStateManager)
stream-state-bench-flink-kafka  | [2026-07-17 19:06:05,871] INFO [Transaction State Manager 1]: Finished loading 0 transaction metadata from __transaction_state-40 in 17 milliseconds, of which 17 milliseconds was spent in the scheduler. (kafka.coordinator.transaction.TransactionStateManager)
stream-state-bench-flink-kafka  | [2026-07-17 19:06:05,871] INFO [Transaction State Manager 1]: Completed loading transaction metadata from __transaction_state-40 for coordinator epoch 0 (kafka.coordinator.transaction.TransactionStateManager)
stream-state-bench-flink-kafka  | [2026-07-17 19:06:05,871] INFO [Transaction State Manager 1]: Loading transaction metadata from __transaction_state-28 at epoch 0 (kafka.coordinator.transaction.TransactionStateManager)
stream-state-bench-flink-kafka  | [2026-07-17 19:06:05,871] INFO [Transaction State Manager 1]: Finished loading 0 transaction metadata from __transaction_state-28 in 17 milliseconds, of which 17 milliseconds was spent in the scheduler. (kafka.coordinator.transaction.TransactionStateManager)
stream-state-bench-flink-kafka  | [2026-07-17 19:06:05,871] INFO [Transaction State Manager 1]: Completed loading transaction metadata from __transaction_state-28 for coordinator epoch 0 (kafka.coordinator.transaction.TransactionStateManager)
stream-state-bench-flink-kafka  | [2026-07-17 19:06:05,871] INFO [Transaction State Manager 1]: Loading transaction metadata from __transaction_state-32 at epoch 0 (kafka.coordinator.transaction.TransactionStateManager)
stream-state-bench-flink-kafka  | [2026-07-17 19:06:05,871] INFO [Transaction State Manager 1]: Finished loading 0 transaction metadata from __transaction_state-32 in 16 milliseconds, of which 16 milliseconds was spent in the scheduler. (kafka.coordinator.transaction.TransactionStateManager)
stream-state-bench-flink-kafka  | [2026-07-17 19:06:05,871] INFO [Transaction State Manager 1]: Completed loading transaction metadata from __transaction_state-32 for coordinator epoch 0 (kafka.coordinator.transaction.TransactionStateManager)
stream-state-bench-flink-kafka  | [2026-07-17 19:06:05,871] INFO [Transaction State Manager 1]: Loading transaction metadata from __transaction_state-20 at epoch 0 (kafka.coordinator.transaction.TransactionStateManager)
stream-state-bench-flink-kafka  | [2026-07-17 19:06:05,871] INFO [Transaction State Manager 1]: Finished loading 0 transaction metadata from __transaction_state-20 in 16 milliseconds, of which 16 milliseconds was spent in the scheduler. (kafka.coordinator.transaction.TransactionStateManager)
stream-state-bench-flink-kafka  | [2026-07-17 19:06:05,872] INFO [Transaction State Manager 1]: Completed loading transaction metadata from __transaction_state-20 for coordinator epoch 0 (kafka.coordinator.transaction.TransactionStateManager)
stream-state-bench-flink-kafka  | [2026-07-17 19:06:05,872] INFO [Transaction State Manager 1]: Loading transaction metadata from __transaction_state-24 at epoch 0 (kafka.coordinator.transaction.TransactionStateManager)
stream-state-bench-flink-kafka  | [2026-07-17 19:06:05,872] INFO [Transaction State Manager 1]: Finished loading 0 transaction metadata from __transaction_state-24 in 17 milliseconds, of which 17 milliseconds was spent in the scheduler. (kafka.coordinator.transaction.TransactionStateManager)
stream-state-bench-flink-kafka  | [2026-07-17 19:06:05,872] INFO [Transaction State Manager 1]: Completed loading transaction metadata from __transaction_state-24 for coordinator epoch 0 (kafka.coordinator.transaction.TransactionStateManager)
stream-state-bench-flink-kafka  | [2026-07-17 19:06:05,872] INFO [Transaction State Manager 1]: Loading transaction metadata from __transaction_state-10 at epoch 0 (kafka.coordinator.transaction.TransactionStateManager)
stream-state-bench-flink-kafka  | [2026-07-17 19:06:05,872] INFO [Transaction State Manager 1]: Finished loading 0 transaction metadata from __transaction_state-10 in 17 milliseconds, of which 17 milliseconds was spent in the scheduler. (kafka.coordinator.transaction.TransactionStateManager)
stream-state-bench-flink-kafka  | [2026-07-17 19:06:05,872] INFO [Transaction State Manager 1]: Completed loading transaction metadata from __transaction_state-10 for coordinator epoch 0 (kafka.coordinator.transaction.TransactionStateManager)
stream-state-bench-flink-kafka  | [2026-07-17 19:06:05,872] INFO [Transaction State Manager 1]: Loading transaction metadata from __transaction_state-43 at epoch 0 (kafka.coordinator.transaction.TransactionStateManager)
stream-state-bench-flink-kafka  | [2026-07-17 19:06:05,872] INFO [Transaction State Manager 1]: Finished loading 0 transaction metadata from __transaction_state-43 in 17 milliseconds, of which 17 milliseconds was spent in the scheduler. (kafka.coordinator.transaction.TransactionStateManager)
stream-state-bench-flink-kafka  | [2026-07-17 19:06:05,872] INFO [Transaction State Manager 1]: Completed loading transaction metadata from __transaction_state-43 for coordinator epoch 0 (kafka.coordinator.transaction.TransactionStateManager)
stream-state-bench-flink-kafka  | [2026-07-17 19:06:05,872] INFO [Transaction State Manager 1]: Loading transaction metadata from __transaction_state-14 at epoch 0 (kafka.coordinator.transaction.TransactionStateManager)
stream-state-bench-flink-kafka  | [2026-07-17 19:06:05,873] INFO [Transaction State Manager 1]: Finished loading 0 transaction metadata from __transaction_state-14 in 18 milliseconds, of which 17 milliseconds was spent in the scheduler. (kafka.coordinator.transaction.TransactionStateManager)
stream-state-bench-flink-kafka  | [2026-07-17 19:06:05,873] INFO [Transaction State Manager 1]: Completed loading transaction metadata from __transaction_state-14 for coordinator epoch 0 (kafka.coordinator.transaction.TransactionStateManager)
stream-state-bench-flink-kafka  | [2026-07-17 19:06:05,873] INFO [Transaction State Manager 1]: Loading transaction metadata from __transaction_state-47 at epoch 0 (kafka.coordinator.transaction.TransactionStateManager)
stream-state-bench-flink-kafka  | [2026-07-17 19:06:05,873] INFO [Transaction State Manager 1]: Finished loading 0 transaction metadata from __transaction_state-47 in 18 milliseconds, of which 18 milliseconds was spent in the scheduler. (kafka.coordinator.transaction.TransactionStateManager)
stream-state-bench-flink-kafka  | [2026-07-17 19:06:05,873] INFO [Transaction State Manager 1]: Completed loading transaction metadata from __transaction_state-47 for coordinator epoch 0 (kafka.coordinator.transaction.TransactionStateManager)
stream-state-bench-flink-kafka  | [2026-07-17 19:06:05,873] INFO [Transaction State Manager 1]: Loading transaction metadata from __transaction_state-2 at epoch 0 (kafka.coordinator.transaction.TransactionStateManager)
stream-state-bench-flink-kafka  | [2026-07-17 19:06:05,873] INFO [Transaction State Manager 1]: Finished loading 0 transaction metadata from __transaction_state-2 in 18 milliseconds, of which 18 milliseconds was spent in the scheduler. (kafka.coordinator.transaction.TransactionStateManager)
stream-state-bench-flink-kafka  | [2026-07-17 19:06:05,873] INFO [Transaction State Manager 1]: Completed loading transaction metadata from __transaction_state-2 for coordinator epoch 0 (kafka.coordinator.transaction.TransactionStateManager)
stream-state-bench-flink-kafka  | [2026-07-17 19:06:05,873] INFO [Transaction State Manager 1]: Loading transaction metadata from __transaction_state-35 at epoch 0 (kafka.coordinator.transaction.TransactionStateManager)
stream-state-bench-flink-kafka  | [2026-07-17 19:06:05,873] INFO [Transaction State Manager 1]: Finished loading 0 transaction metadata from __transaction_state-35 in 18 milliseconds, of which 18 milliseconds was spent in the scheduler. (kafka.coordinator.transaction.TransactionStateManager)
stream-state-bench-flink-kafka  | [2026-07-17 19:06:05,873] INFO [Transaction State Manager 1]: Completed loading transaction metadata from __transaction_state-35 for coordinator epoch 0 (kafka.coordinator.transaction.TransactionStateManager)
stream-state-bench-flink-kafka  | [2026-07-17 19:06:05,873] INFO [Transaction State Manager 1]: Loading transaction metadata from __transaction_state-6 at epoch 0 (kafka.coordinator.transaction.TransactionStateManager)
stream-state-bench-flink-kafka  | [2026-07-17 19:06:05,873] INFO [Transaction State Manager 1]: Finished loading 0 transaction metadata from __transaction_state-6 in 18 milliseconds, of which 18 milliseconds was spent in the scheduler. (kafka.coordinator.transaction.TransactionStateManager)
stream-state-bench-flink-kafka  | [2026-07-17 19:06:05,873] INFO [Transaction State Manager 1]: Completed loading transaction metadata from __transaction_state-6 for coordinator epoch 0 (kafka.coordinator.transaction.TransactionStateManager)
stream-state-bench-flink-kafka  | [2026-07-17 19:06:05,873] INFO [Transaction State Manager 1]: Loading transaction metadata from __transaction_state-39 at epoch 0 (kafka.coordinator.transaction.TransactionStateManager)
stream-state-bench-flink-kafka  | [2026-07-17 19:06:05,874] INFO [Transaction State Manager 1]: Finished loading 0 transaction metadata from __transaction_state-39 in 18 milliseconds, of which 18 milliseconds was spent in the scheduler. (kafka.coordinator.transaction.TransactionStateManager)
stream-state-bench-flink-kafka  | [2026-07-17 19:06:05,874] INFO [Transaction State Manager 1]: Completed loading transaction metadata from __transaction_state-39 for coordinator epoch 0 (kafka.coordinator.transaction.TransactionStateManager)
stream-state-bench-flink-kafka  | [2026-07-17 19:06:05,874] INFO [Transaction State Manager 1]: Loading transaction metadata from __transaction_state-27 at epoch 0 (kafka.coordinator.transaction.TransactionStateManager)
stream-state-bench-flink-kafka  | [2026-07-17 19:06:05,874] INFO [Transaction State Manager 1]: Finished loading 0 transaction metadata from __transaction_state-27 in 19 milliseconds, of which 19 milliseconds was spent in the scheduler. (kafka.coordinator.transaction.TransactionStateManager)
stream-state-bench-flink-kafka  | [2026-07-17 19:06:05,874] INFO [Transaction State Manager 1]: Completed loading transaction metadata from __transaction_state-27 for coordinator epoch 0 (kafka.coordinator.transaction.TransactionStateManager)
stream-state-bench-flink-kafka  | [2026-07-17 19:06:05,874] INFO [Transaction State Manager 1]: Loading transaction metadata from __transaction_state-31 at epoch 0 (kafka.coordinator.transaction.TransactionStateManager)
stream-state-bench-flink-kafka  | [2026-07-17 19:06:05,874] INFO [Transaction State Manager 1]: Finished loading 0 transaction metadata from __transaction_state-31 in 19 milliseconds, of which 19 milliseconds was spent in the scheduler. (kafka.coordinator.transaction.TransactionStateManager)
stream-state-bench-flink-kafka  | [2026-07-17 19:06:05,874] INFO [Transaction State Manager 1]: Completed loading transaction metadata from __transaction_state-31 for coordinator epoch 0 (kafka.coordinator.transaction.TransactionStateManager)
stream-state-bench-flink-kafka  | [2026-07-17 19:06:05,874] INFO [Transaction State Manager 1]: Loading transaction metadata from __transaction_state-19 at epoch 0 (kafka.coordinator.transaction.TransactionStateManager)
stream-state-bench-flink-kafka  | [2026-07-17 19:06:05,874] INFO [Transaction State Manager 1]: Finished loading 0 transaction metadata from __transaction_state-19 in 19 milliseconds, of which 19 milliseconds was spent in the scheduler. (kafka.coordinator.transaction.TransactionStateManager)
stream-state-bench-flink-kafka  | [2026-07-17 19:06:05,874] INFO [Transaction State Manager 1]: Completed loading transaction metadata from __transaction_state-19 for coordinator epoch 0 (kafka.coordinator.transaction.TransactionStateManager)
stream-state-bench-flink-kafka  | [2026-07-17 19:06:05,874] INFO [Transaction State Manager 1]: Loading transaction metadata from __transaction_state-23 at epoch 0 (kafka.coordinator.transaction.TransactionStateManager)
stream-state-bench-flink-kafka  | [2026-07-17 19:06:05,874] INFO [Transaction State Manager 1]: Finished loading 0 transaction metadata from __transaction_state-23 in 18 milliseconds, of which 18 milliseconds was spent in the scheduler. (kafka.coordinator.transaction.TransactionStateManager)
stream-state-bench-flink-kafka  | [2026-07-17 19:06:05,874] INFO [Transaction State Manager 1]: Completed loading transaction metadata from __transaction_state-23 for coordinator epoch 0 (kafka.coordinator.transaction.TransactionStateManager)
stream-state-bench-flink-kafka  | [2026-07-17 19:06:06,017] INFO [TransactionCoordinator id=1] Initialized transactionalId stream-state-bench-flink-w3-latency-tuning_control-0-1 with producerId 0 and producer epoch 0 on partition __transaction_state-33 (kafka.coordinator.transaction.TransactionCoordinator)
stream-state-bench-flink-kafka  | [2026-07-17 19:06:06,024] INFO [TransactionCoordinator id=1] Initialized transactionalId stream-state-bench-flink-w3-latency-tuning_control-0-1 with producerId 0 and producer epoch 1 on partition __transaction_state-33 (kafka.coordinator.transaction.TransactionCoordinator)
stream-state-bench-flink-kafka  | [2026-07-17 19:06:06,770] INFO [TransactionCoordinator id=1] Initialized transactionalId stream-state-bench-flink-w3-latency-tuning_control-0-2 with producerId 1 and producer epoch 0 on partition __transaction_state-34 (kafka.coordinator.transaction.TransactionCoordinator)
stream-state-bench-flink-kafka  | [2026-07-17 19:06:07,749] INFO [TransactionCoordinator id=1] Initialized transactionalId stream-state-bench-flink-w3-latency-tuning_control-0-3 with producerId 2 and producer epoch 0 on partition __transaction_state-35 (kafka.coordinator.transaction.TransactionCoordinator)
stream-state-bench-flink-kafka  | [2026-07-17 19:06:08,749] INFO [TransactionCoordinator id=1] Initialized transactionalId stream-state-bench-flink-w3-latency-tuning_control-0-4 with producerId 3 and producer epoch 0 on partition __transaction_state-36 (kafka.coordinator.transaction.TransactionCoordinator)
stream-state-bench-flink-kafka  | [2026-07-17 19:06:09,748] INFO [TransactionCoordinator id=1] Initialized transactionalId stream-state-bench-flink-w3-latency-tuning_control-0-5 with producerId 4 and producer epoch 0 on partition __transaction_state-37 (kafka.coordinator.transaction.TransactionCoordinator)
stream-state-bench-flink-kafka  | [2026-07-17 19:06:10,748] INFO [TransactionCoordinator id=1] Initialized transactionalId stream-state-bench-flink-w3-latency-tuning_control-0-6 with producerId 5 and producer epoch 0 on partition __transaction_state-38 (kafka.coordinator.transaction.TransactionCoordinator)
stream-state-bench-flink-kafka  | [2026-07-17 19:06:11,747] INFO [TransactionCoordinator id=1] Initialized transactionalId stream-state-bench-flink-w3-latency-tuning_control-0-7 with producerId 6 and producer epoch 0 on partition __transaction_state-39 (kafka.coordinator.transaction.TransactionCoordinator)
stream-state-bench-flink-kafka  | [2026-07-17 19:06:12,753] INFO [TransactionCoordinator id=1] Initialized transactionalId stream-state-bench-flink-w3-latency-tuning_control-0-8 with producerId 7 and producer epoch 0 on partition __transaction_state-40 (kafka.coordinator.transaction.TransactionCoordinator)
stream-state-bench-flink-kafka  | [2026-07-17 19:06:13,061] INFO Sent auto-creation request for Set(__consumer_offsets) to the active controller. (kafka.server.DefaultAutoTopicCreationManager)
stream-state-bench-flink-kafka  | [2026-07-17 19:06:13,092] INFO [ReplicaFetcherManager on broker 1] Removed fetcher for partitions Set(__consumer_offsets-13, __consumer_offsets-46, __consumer_offsets-9, __consumer_offsets-42, __consumer_offsets-21, __consumer_offsets-17, __consumer_offsets-30, __consumer_offsets-26, __consumer_offsets-5, __consumer_offsets-38, __consumer_offsets-1, __consumer_offsets-34, __consumer_offsets-16, __consumer_offsets-45, __consumer_offsets-12, __consumer_offsets-41, __consumer_offsets-24, __consumer_offsets-20, __consumer_offsets-49, __consumer_offsets-0, __consumer_offsets-29, __consumer_offsets-25, __consumer_offsets-8, __consumer_offsets-37, __consumer_offsets-4, __consumer_offsets-33, __consumer_offsets-15, __consumer_offsets-48, __consumer_offsets-11, __consumer_offsets-44, __consumer_offsets-23, __consumer_offsets-19, __consumer_offsets-32, __consumer_offsets-28, __consumer_offsets-7, __consumer_offsets-40, __consumer_offsets-3, __consumer_offsets-36, __consumer_offsets-47, __consumer_offsets-14, __consumer_offsets-43, __consumer_offsets-10, __consumer_offsets-22, __consumer_offsets-18, __consumer_offsets-31, __consumer_offsets-27, __consumer_offsets-39, __consumer_offsets-6, __consumer_offsets-35, __consumer_offsets-2) (kafka.server.ReplicaFetcherManager)
stream-state-bench-flink-kafka  | [2026-07-17 19:06:13,095] INFO [LogLoader partition=__consumer_offsets-13, dir=/tmp/kafka-logs] Loading producer state till offset 0 (org.apache.kafka.storage.internals.log.UnifiedLog)
stream-state-bench-flink-kafka  | [2026-07-17 19:06:13,095] INFO Created log for partition __consumer_offsets-13 in /tmp/kafka-logs/__consumer_offsets-13 with properties {cleanup.policy=compact, compression.type="producer", segment.bytes=104857600} (kafka.log.LogManager)
stream-state-bench-flink-kafka  | [2026-07-17 19:06:13,096] INFO [Partition __consumer_offsets-13 broker=1] No checkpointed highwatermark is found for partition __consumer_offsets-13 (kafka.cluster.Partition)
stream-state-bench-flink-kafka  | [2026-07-17 19:06:13,096] INFO [Partition __consumer_offsets-13 broker=1] Log loaded for partition __consumer_offsets-13 with initial high watermark 0 (kafka.cluster.Partition)
stream-state-bench-flink-kafka  | [2026-07-17 19:06:13,102] INFO [LogLoader partition=__consumer_offsets-46, dir=/tmp/kafka-logs] Loading producer state till offset 0 (org.apache.kafka.storage.internals.log.UnifiedLog)
stream-state-bench-flink-kafka  | [2026-07-17 19:06:13,102] INFO Created log for partition __consumer_offsets-46 in /tmp/kafka-logs/__consumer_offsets-46 with properties {cleanup.policy=compact, compression.type="producer", segment.bytes=104857600} (kafka.log.LogManager)
stream-state-bench-flink-kafka  | [2026-07-17 19:06:13,102] INFO [Partition __consumer_offsets-46 broker=1] No checkpointed highwatermark is found for partition __consumer_offsets-46 (kafka.cluster.Partition)
stream-state-bench-flink-kafka  | [2026-07-17 19:06:13,102] INFO [Partition __consumer_offsets-46 broker=1] Log loaded for partition __consumer_offsets-46 with initial high watermark 0 (kafka.cluster.Partition)
stream-state-bench-flink-kafka  | [2026-07-17 19:06:13,112] INFO [LogLoader partition=__consumer_offsets-9, dir=/tmp/kafka-logs] Loading producer state till offset 0 (org.apache.kafka.storage.internals.log.UnifiedLog)
stream-state-bench-flink-kafka  | [2026-07-17 19:06:13,113] INFO Created log for partition __consumer_offsets-9 in /tmp/kafka-logs/__consumer_offsets-9 with properties {cleanup.policy=compact, compression.type="producer", segment.bytes=104857600} (kafka.log.LogManager)
stream-state-bench-flink-kafka  | [2026-07-17 19:06:13,113] INFO [Partition __consumer_offsets-9 broker=1] No checkpointed highwatermark is found for partition __consumer_offsets-9 (kafka.cluster.Partition)
stream-state-bench-flink-kafka  | [2026-07-17 19:06:13,113] INFO [Partition __consumer_offsets-9 broker=1] Log loaded for partition __consumer_offsets-9 with initial high watermark 0 (kafka.cluster.Partition)
stream-state-bench-flink-kafka  | [2026-07-17 19:06:13,119] INFO [LogLoader partition=__consumer_offsets-42, dir=/tmp/kafka-logs] Loading producer state till offset 0 (org.apache.kafka.storage.internals.log.UnifiedLog)
stream-state-bench-flink-kafka  | [2026-07-17 19:06:13,120] INFO Created log for partition __consumer_offsets-42 in /tmp/kafka-logs/__consumer_offsets-42 with properties {cleanup.policy=compact, compression.type="producer", segment.bytes=104857600} (kafka.log.LogManager)
stream-state-bench-flink-kafka  | [2026-07-17 19:06:13,120] INFO [Partition __consumer_offsets-42 broker=1] No checkpointed highwatermark is found for partition __consumer_offsets-42 (kafka.cluster.Partition)
stream-state-bench-flink-kafka  | [2026-07-17 19:06:13,120] INFO [Partition __consumer_offsets-42 broker=1] Log loaded for partition __consumer_offsets-42 with initial high watermark 0 (kafka.cluster.Partition)
stream-state-bench-flink-kafka  | [2026-07-17 19:06:13,127] INFO [LogLoader partition=__consumer_offsets-21, dir=/tmp/kafka-logs] Loading producer state till offset 0 (org.apache.kafka.storage.internals.log.UnifiedLog)
stream-state-bench-flink-kafka  | [2026-07-17 19:06:13,127] INFO Created log for partition __consumer_offsets-21 in /tmp/kafka-logs/__consumer_offsets-21 with properties {cleanup.policy=compact, compression.type="producer", segment.bytes=104857600} (kafka.log.LogManager)
stream-state-bench-flink-kafka  | [2026-07-17 19:06:13,127] INFO [Partition __consumer_offsets-21 broker=1] No checkpointed highwatermark is found for partition __consumer_offsets-21 (kafka.cluster.Partition)
stream-state-bench-flink-kafka  | [2026-07-17 19:06:13,127] INFO [Partition __consumer_offsets-21 broker=1] Log loaded for partition __consumer_offsets-21 with initial high watermark 0 (kafka.cluster.Partition)
stream-state-bench-flink-kafka  | [2026-07-17 19:06:13,133] INFO [LogLoader partition=__consumer_offsets-17, dir=/tmp/kafka-logs] Loading producer state till offset 0 (org.apache.kafka.storage.internals.log.UnifiedLog)
stream-state-bench-flink-kafka  | [2026-07-17 19:06:13,134] INFO Created log for partition __consumer_offsets-17 in /tmp/kafka-logs/__consumer_offsets-17 with properties {cleanup.policy=compact, compression.type="producer", segment.bytes=104857600} (kafka.log.LogManager)
stream-state-bench-flink-kafka  | [2026-07-17 19:06:13,134] INFO [Partition __consumer_offsets-17 broker=1] No checkpointed highwatermark is found for partition __consumer_offsets-17 (kafka.cluster.Partition)
stream-state-bench-flink-kafka  | [2026-07-17 19:06:13,134] INFO [Partition __consumer_offsets-17 broker=1] Log loaded for partition __consumer_offsets-17 with initial high watermark 0 (kafka.cluster.Partition)
stream-state-bench-flink-kafka  | [2026-07-17 19:06:13,140] INFO [LogLoader partition=__consumer_offsets-30, dir=/tmp/kafka-logs] Loading producer state till offset 0 (org.apache.kafka.storage.internals.log.UnifiedLog)
stream-state-bench-flink-kafka  | [2026-07-17 19:06:13,141] INFO Created log for partition __consumer_offsets-30 in /tmp/kafka-logs/__consumer_offsets-30 with properties {cleanup.policy=compact, compression.type="producer", segment.bytes=104857600} (kafka.log.LogManager)
stream-state-bench-flink-kafka  | [2026-07-17 19:06:13,141] INFO [Partition __consumer_offsets-30 broker=1] No checkpointed highwatermark is found for partition __consumer_offsets-30 (kafka.cluster.Partition)
stream-state-bench-flink-kafka  | [2026-07-17 19:06:13,141] INFO [Partition __consumer_offsets-30 broker=1] Log loaded for partition __consumer_offsets-30 with initial high watermark 0 (kafka.cluster.Partition)
stream-state-bench-flink-kafka  | [2026-07-17 19:06:13,149] INFO [LogLoader partition=__consumer_offsets-26, dir=/tmp/kafka-logs] Loading producer state till offset 0 (org.apache.kafka.storage.internals.log.UnifiedLog)
stream-state-bench-flink-kafka  | [2026-07-17 19:06:13,150] INFO Created log for partition __consumer_offsets-26 in /tmp/kafka-logs/__consumer_offsets-26 with properties {cleanup.policy=compact, compression.type="producer", segment.bytes=104857600} (kafka.log.LogManager)
stream-state-bench-flink-kafka  | [2026-07-17 19:06:13,150] INFO [Partition __consumer_offsets-26 broker=1] No checkpointed highwatermark is found for partition __consumer_offsets-26 (kafka.cluster.Partition)
stream-state-bench-flink-kafka  | [2026-07-17 19:06:13,150] INFO [Partition __consumer_offsets-26 broker=1] Log loaded for partition __consumer_offsets-26 with initial high watermark 0 (kafka.cluster.Partition)
stream-state-bench-flink-kafka  | [2026-07-17 19:06:13,161] INFO [LogLoader partition=__consumer_offsets-5, dir=/tmp/kafka-logs] Loading producer state till offset 0 (org.apache.kafka.storage.internals.log.UnifiedLog)
stream-state-bench-flink-kafka  | [2026-07-17 19:06:13,161] INFO Created log for partition __consumer_offsets-5 in /tmp/kafka-logs/__consumer_offsets-5 with properties {cleanup.policy=compact, compression.type="producer", segment.bytes=104857600} (kafka.log.LogManager)
stream-state-bench-flink-kafka  | [2026-07-17 19:06:13,162] INFO [Partition __consumer_offsets-5 broker=1] No checkpointed highwatermark is found for partition __consumer_offsets-5 (kafka.cluster.Partition)
stream-state-bench-flink-kafka  | [2026-07-17 19:06:13,162] INFO [Partition __consumer_offsets-5 broker=1] Log loaded for partition __consumer_offsets-5 with initial high watermark 0 (kafka.cluster.Partition)
stream-state-bench-flink-kafka  | [2026-07-17 19:06:13,170] INFO [LogLoader partition=__consumer_offsets-38, dir=/tmp/kafka-logs] Loading producer state till offset 0 (org.apache.kafka.storage.internals.log.UnifiedLog)
stream-state-bench-flink-kafka  | [2026-07-17 19:06:13,171] INFO Created log for partition __consumer_offsets-38 in /tmp/kafka-logs/__consumer_offsets-38 with properties {cleanup.policy=compact, compression.type="producer", segment.bytes=104857600} (kafka.log.LogManager)
stream-state-bench-flink-kafka  | [2026-07-17 19:06:13,171] INFO [Partition __consumer_offsets-38 broker=1] No checkpointed highwatermark is found for partition __consumer_offsets-38 (kafka.cluster.Partition)
stream-state-bench-flink-kafka  | [2026-07-17 19:06:13,171] INFO [Partition __consumer_offsets-38 broker=1] Log loaded for partition __consumer_offsets-38 with initial high watermark 0 (kafka.cluster.Partition)
stream-state-bench-flink-kafka  | [2026-07-17 19:06:13,179] INFO [LogLoader partition=__consumer_offsets-1, dir=/tmp/kafka-logs] Loading producer state till offset 0 (org.apache.kafka.storage.internals.log.UnifiedLog)
stream-state-bench-flink-kafka  | [2026-07-17 19:06:13,180] INFO Created log for partition __consumer_offsets-1 in /tmp/kafka-logs/__consumer_offsets-1 with properties {cleanup.policy=compact, compression.type="producer", segment.bytes=104857600} (kafka.log.LogManager)
stream-state-bench-flink-kafka  | [2026-07-17 19:06:13,180] INFO [Partition __consumer_offsets-1 broker=1] No checkpointed highwatermark is found for partition __consumer_offsets-1 (kafka.cluster.Partition)
stream-state-bench-flink-kafka  | [2026-07-17 19:06:13,180] INFO [Partition __consumer_offsets-1 broker=1] Log loaded for partition __consumer_offsets-1 with initial high watermark 0 (kafka.cluster.Partition)
stream-state-bench-flink-kafka  | [2026-07-17 19:06:13,187] INFO [LogLoader partition=__consumer_offsets-34, dir=/tmp/kafka-logs] Loading producer state till offset 0 (org.apache.kafka.storage.internals.log.UnifiedLog)
stream-state-bench-flink-kafka  | [2026-07-17 19:06:13,187] INFO Created log for partition __consumer_offsets-34 in /tmp/kafka-logs/__consumer_offsets-34 with properties {cleanup.policy=compact, compression.type="producer", segment.bytes=104857600} (kafka.log.LogManager)
stream-state-bench-flink-kafka  | [2026-07-17 19:06:13,188] INFO [Partition __consumer_offsets-34 broker=1] No checkpointed highwatermark is found for partition __consumer_offsets-34 (kafka.cluster.Partition)
stream-state-bench-flink-kafka  | [2026-07-17 19:06:13,188] INFO [Partition __consumer_offsets-34 broker=1] Log loaded for partition __consumer_offsets-34 with initial high watermark 0 (kafka.cluster.Partition)
stream-state-bench-flink-kafka  | [2026-07-17 19:06:13,195] INFO [LogLoader partition=__consumer_offsets-16, dir=/tmp/kafka-logs] Loading producer state till offset 0 (org.apache.kafka.storage.internals.log.UnifiedLog)
stream-state-bench-flink-kafka  | [2026-07-17 19:06:13,196] INFO Created log for partition __consumer_offsets-16 in /tmp/kafka-logs/__consumer_offsets-16 with properties {cleanup.policy=compact, compression.type="producer", segment.bytes=104857600} (kafka.log.LogManager)
stream-state-bench-flink-kafka  | [2026-07-17 19:06:13,196] INFO [Partition __consumer_offsets-16 broker=1] No checkpointed highwatermark is found for partition __consumer_offsets-16 (kafka.cluster.Partition)
stream-state-bench-flink-kafka  | [2026-07-17 19:06:13,196] INFO [Partition __consumer_offsets-16 broker=1] Log loaded for partition __consumer_offsets-16 with initial high watermark 0 (kafka.cluster.Partition)
stream-state-bench-flink-kafka  | [2026-07-17 19:06:13,206] INFO [LogLoader partition=__consumer_offsets-45, dir=/tmp/kafka-logs] Loading producer state till offset 0 (org.apache.kafka.storage.internals.log.UnifiedLog)
stream-state-bench-flink-kafka  | [2026-07-17 19:06:13,207] INFO Created log for partition __consumer_offsets-45 in /tmp/kafka-logs/__consumer_offsets-45 with properties {cleanup.policy=compact, compression.type="producer", segment.bytes=104857600} (kafka.log.LogManager)
stream-state-bench-flink-kafka  | [2026-07-17 19:06:13,207] INFO [Partition __consumer_offsets-45 broker=1] No checkpointed highwatermark is found for partition __consumer_offsets-45 (kafka.cluster.Partition)
stream-state-bench-flink-kafka  | [2026-07-17 19:06:13,207] INFO [Partition __consumer_offsets-45 broker=1] Log loaded for partition __consumer_offsets-45 with initial high watermark 0 (kafka.cluster.Partition)
stream-state-bench-flink-kafka  | [2026-07-17 19:06:13,217] INFO [LogLoader partition=__consumer_offsets-12, dir=/tmp/kafka-logs] Loading producer state till offset 0 (org.apache.kafka.storage.internals.log.UnifiedLog)
stream-state-bench-flink-kafka  | [2026-07-17 19:06:13,218] INFO Created log for partition __consumer_offsets-12 in /tmp/kafka-logs/__consumer_offsets-12 with properties {cleanup.policy=compact, compression.type="producer", segment.bytes=104857600} (kafka.log.LogManager)
stream-state-bench-flink-kafka  | [2026-07-17 19:06:13,218] INFO [Partition __consumer_offsets-12 broker=1] No checkpointed highwatermark is found for partition __consumer_offsets-12 (kafka.cluster.Partition)
stream-state-bench-flink-kafka  | [2026-07-17 19:06:13,218] INFO [Partition __consumer_offsets-12 broker=1] Log loaded for partition __consumer_offsets-12 with initial high watermark 0 (kafka.cluster.Partition)
stream-state-bench-flink-kafka  | [2026-07-17 19:06:13,225] INFO [LogLoader partition=__consumer_offsets-41, dir=/tmp/kafka-logs] Loading producer state till offset 0 (org.apache.kafka.storage.internals.log.UnifiedLog)
stream-state-bench-flink-kafka  | [2026-07-17 19:06:13,226] INFO Created log for partition __consumer_offsets-41 in /tmp/kafka-logs/__consumer_offsets-41 with properties {cleanup.policy=compact, compression.type="producer", segment.bytes=104857600} (kafka.log.LogManager)
stream-state-bench-flink-kafka  | [2026-07-17 19:06:13,226] INFO [Partition __consumer_offsets-41 broker=1] No checkpointed highwatermark is found for partition __consumer_offsets-41 (kafka.cluster.Partition)
stream-state-bench-flink-kafka  | [2026-07-17 19:06:13,226] INFO [Partition __consumer_offsets-41 broker=1] Log loaded for partition __consumer_offsets-41 with initial high watermark 0 (kafka.cluster.Partition)
stream-state-bench-flink-kafka  | [2026-07-17 19:06:13,233] INFO [LogLoader partition=__consumer_offsets-24, dir=/tmp/kafka-logs] Loading producer state till offset 0 (org.apache.kafka.storage.internals.log.UnifiedLog)
stream-state-bench-flink-kafka  | [2026-07-17 19:06:13,233] INFO Created log for partition __consumer_offsets-24 in /tmp/kafka-logs/__consumer_offsets-24 with properties {cleanup.policy=compact, compression.type="producer", segment.bytes=104857600} (kafka.log.LogManager)
stream-state-bench-flink-kafka  | [2026-07-17 19:06:13,233] INFO [Partition __consumer_offsets-24 broker=1] No checkpointed highwatermark is found for partition __consumer_offsets-24 (kafka.cluster.Partition)
stream-state-bench-flink-kafka  | [2026-07-17 19:06:13,233] INFO [Partition __consumer_offsets-24 broker=1] Log loaded for partition __consumer_offsets-24 with initial high watermark 0 (kafka.cluster.Partition)
stream-state-bench-flink-kafka  | [2026-07-17 19:06:13,240] INFO [LogLoader partition=__consumer_offsets-20, dir=/tmp/kafka-logs] Loading producer state till offset 0 (org.apache.kafka.storage.internals.log.UnifiedLog)
stream-state-bench-flink-kafka  | [2026-07-17 19:06:13,240] INFO Created log for partition __consumer_offsets-20 in /tmp/kafka-logs/__consumer_offsets-20 with properties {cleanup.policy=compact, compression.type="producer", segment.bytes=104857600} (kafka.log.LogManager)
stream-state-bench-flink-kafka  | [2026-07-17 19:06:13,241] INFO [Partition __consumer_offsets-20 broker=1] No checkpointed highwatermark is found for partition __consumer_offsets-20 (kafka.cluster.Partition)
stream-state-bench-flink-kafka  | [2026-07-17 19:06:13,241] INFO [Partition __consumer_offsets-20 broker=1] Log loaded for partition __consumer_offsets-20 with initial high watermark 0 (kafka.cluster.Partition)
stream-state-bench-flink-kafka  | [2026-07-17 19:06:13,247] INFO [LogLoader partition=__consumer_offsets-49, dir=/tmp/kafka-logs] Loading producer state till offset 0 (org.apache.kafka.storage.internals.log.UnifiedLog)
stream-state-bench-flink-kafka  | [2026-07-17 19:06:13,247] INFO Created log for partition __consumer_offsets-49 in /tmp/kafka-logs/__consumer_offsets-49 with properties {cleanup.policy=compact, compression.type="producer", segment.bytes=104857600} (kafka.log.LogManager)
stream-state-bench-flink-kafka  | [2026-07-17 19:06:13,247] INFO [Partition __consumer_offsets-49 broker=1] No checkpointed highwatermark is found for partition __consumer_offsets-49 (kafka.cluster.Partition)
stream-state-bench-flink-kafka  | [2026-07-17 19:06:13,247] INFO [Partition __consumer_offsets-49 broker=1] Log loaded for partition __consumer_offsets-49 with initial high watermark 0 (kafka.cluster.Partition)
stream-state-bench-flink-kafka  | [2026-07-17 19:06:13,257] INFO [LogLoader partition=__consumer_offsets-0, dir=/tmp/kafka-logs] Loading producer state till offset 0 (org.apache.kafka.storage.internals.log.UnifiedLog)
stream-state-bench-flink-kafka  | [2026-07-17 19:06:13,257] INFO Created log for partition __consumer_offsets-0 in /tmp/kafka-logs/__consumer_offsets-0 with properties {cleanup.policy=compact, compression.type="producer", segment.bytes=104857600} (kafka.log.LogManager)
stream-state-bench-flink-kafka  | [2026-07-17 19:06:13,257] INFO [Partition __consumer_offsets-0 broker=1] No checkpointed highwatermark is found for partition __consumer_offsets-0 (kafka.cluster.Partition)
stream-state-bench-flink-kafka  | [2026-07-17 19:06:13,258] INFO [Partition __consumer_offsets-0 broker=1] Log loaded for partition __consumer_offsets-0 with initial high watermark 0 (kafka.cluster.Partition)
stream-state-bench-flink-kafka  | [2026-07-17 19:06:13,265] INFO [LogLoader partition=__consumer_offsets-29, dir=/tmp/kafka-logs] Loading producer state till offset 0 (org.apache.kafka.storage.internals.log.UnifiedLog)
stream-state-bench-flink-kafka  | [2026-07-17 19:06:13,266] INFO Created log for partition __consumer_offsets-29 in /tmp/kafka-logs/__consumer_offsets-29 with properties {cleanup.policy=compact, compression.type="producer", segment.bytes=104857600} (kafka.log.LogManager)
stream-state-bench-flink-kafka  | [2026-07-17 19:06:13,266] INFO [Partition __consumer_offsets-29 broker=1] No checkpointed highwatermark is found for partition __consumer_offsets-29 (kafka.cluster.Partition)
stream-state-bench-flink-kafka  | [2026-07-17 19:06:13,266] INFO [Partition __consumer_offsets-29 broker=1] Log loaded for partition __consumer_offsets-29 with initial high watermark 0 (kafka.cluster.Partition)
stream-state-bench-flink-kafka  | [2026-07-17 19:06:13,273] INFO [LogLoader partition=__consumer_offsets-25, dir=/tmp/kafka-logs] Loading producer state till offset 0 (org.apache.kafka.storage.internals.log.UnifiedLog)
stream-state-bench-flink-kafka  | [2026-07-17 19:06:13,274] INFO Created log for partition __consumer_offsets-25 in /tmp/kafka-logs/__consumer_offsets-25 with properties {cleanup.policy=compact, compression.type="producer", segment.bytes=104857600} (kafka.log.LogManager)
stream-state-bench-flink-kafka  | [2026-07-17 19:06:13,274] INFO [Partition __consumer_offsets-25 broker=1] No checkpointed highwatermark is found for partition __consumer_offsets-25 (kafka.cluster.Partition)
stream-state-bench-flink-kafka  | [2026-07-17 19:06:13,274] INFO [Partition __consumer_offsets-25 broker=1] Log loaded for partition __consumer_offsets-25 with initial high watermark 0 (kafka.cluster.Partition)
stream-state-bench-flink-kafka  | [2026-07-17 19:06:13,280] INFO [LogLoader partition=__consumer_offsets-8, dir=/tmp/kafka-logs] Loading producer state till offset 0 (org.apache.kafka.storage.internals.log.UnifiedLog)
stream-state-bench-flink-kafka  | [2026-07-17 19:06:13,281] INFO Created log for partition __consumer_offsets-8 in /tmp/kafka-logs/__consumer_offsets-8 with properties {cleanup.policy=compact, compression.type="producer", segment.bytes=104857600} (kafka.log.LogManager)
stream-state-bench-flink-kafka  | [2026-07-17 19:06:13,281] INFO [Partition __consumer_offsets-8 broker=1] No checkpointed highwatermark is found for partition __consumer_offsets-8 (kafka.cluster.Partition)
stream-state-bench-flink-kafka  | [2026-07-17 19:06:13,281] INFO [Partition __consumer_offsets-8 broker=1] Log loaded for partition __consumer_offsets-8 with initial high watermark 0 (kafka.cluster.Partition)
stream-state-bench-flink-kafka  | [2026-07-17 19:06:13,287] INFO [LogLoader partition=__consumer_offsets-37, dir=/tmp/kafka-logs] Loading producer state till offset 0 (org.apache.kafka.storage.internals.log.UnifiedLog)
stream-state-bench-flink-kafka  | [2026-07-17 19:06:13,287] INFO Created log for partition __consumer_offsets-37 in /tmp/kafka-logs/__consumer_offsets-37 with properties {cleanup.policy=compact, compression.type="producer", segment.bytes=104857600} (kafka.log.LogManager)
stream-state-bench-flink-kafka  | [2026-07-17 19:06:13,287] INFO [Partition __consumer_offsets-37 broker=1] No checkpointed highwatermark is found for partition __consumer_offsets-37 (kafka.cluster.Partition)
stream-state-bench-flink-kafka  | [2026-07-17 19:06:13,288] INFO [Partition __consumer_offsets-37 broker=1] Log loaded for partition __consumer_offsets-37 with initial high watermark 0 (kafka.cluster.Partition)
stream-state-bench-flink-kafka  | [2026-07-17 19:06:13,294] INFO [LogLoader partition=__consumer_offsets-4, dir=/tmp/kafka-logs] Loading producer state till offset 0 (org.apache.kafka.storage.internals.log.UnifiedLog)
stream-state-bench-flink-kafka  | [2026-07-17 19:06:13,294] INFO Created log for partition __consumer_offsets-4 in /tmp/kafka-logs/__consumer_offsets-4 with properties {cleanup.policy=compact, compression.type="producer", segment.bytes=104857600} (kafka.log.LogManager)
stream-state-bench-flink-kafka  | [2026-07-17 19:06:13,294] INFO [Partition __consumer_offsets-4 broker=1] No checkpointed highwatermark is found for partition __consumer_offsets-4 (kafka.cluster.Partition)
stream-state-bench-flink-kafka  | [2026-07-17 19:06:13,294] INFO [Partition __consumer_offsets-4 broker=1] Log loaded for partition __consumer_offsets-4 with initial high watermark 0 (kafka.cluster.Partition)
stream-state-bench-flink-kafka  | [2026-07-17 19:06:13,300] INFO [LogLoader partition=__consumer_offsets-33, dir=/tmp/kafka-logs] Loading producer state till offset 0 (org.apache.kafka.storage.internals.log.UnifiedLog)
stream-state-bench-flink-kafka  | [2026-07-17 19:06:13,300] INFO Created log for partition __consumer_offsets-33 in /tmp/kafka-logs/__consumer_offsets-33 with properties {cleanup.policy=compact, compression.type="producer", segment.bytes=104857600} (kafka.log.LogManager)
stream-state-bench-flink-kafka  | [2026-07-17 19:06:13,300] INFO [Partition __consumer_offsets-33 broker=1] No checkpointed highwatermark is found for partition __consumer_offsets-33 (kafka.cluster.Partition)
stream-state-bench-flink-kafka  | [2026-07-17 19:06:13,300] INFO [Partition __consumer_offsets-33 broker=1] Log loaded for partition __consumer_offsets-33 with initial high watermark 0 (kafka.cluster.Partition)
stream-state-bench-flink-kafka  | [2026-07-17 19:06:13,312] INFO [LogLoader partition=__consumer_offsets-15, dir=/tmp/kafka-logs] Loading producer state till offset 0 (org.apache.kafka.storage.internals.log.UnifiedLog)
stream-state-bench-flink-kafka  | [2026-07-17 19:06:13,313] INFO Created log for partition __consumer_offsets-15 in /tmp/kafka-logs/__consumer_offsets-15 with properties {cleanup.policy=compact, compression.type="producer", segment.bytes=104857600} (kafka.log.LogManager)
stream-state-bench-flink-kafka  | [2026-07-17 19:06:13,313] INFO [Partition __consumer_offsets-15 broker=1] No checkpointed highwatermark is found for partition __consumer_offsets-15 (kafka.cluster.Partition)
stream-state-bench-flink-kafka  | [2026-07-17 19:06:13,313] INFO [Partition __consumer_offsets-15 broker=1] Log loaded for partition __consumer_offsets-15 with initial high watermark 0 (kafka.cluster.Partition)
stream-state-bench-flink-kafka  | [2026-07-17 19:06:13,320] INFO [LogLoader partition=__consumer_offsets-48, dir=/tmp/kafka-logs] Loading producer state till offset 0 (org.apache.kafka.storage.internals.log.UnifiedLog)
stream-state-bench-flink-kafka  | [2026-07-17 19:06:13,321] INFO Created log for partition __consumer_offsets-48 in /tmp/kafka-logs/__consumer_offsets-48 with properties {cleanup.policy=compact, compression.type="producer", segment.bytes=104857600} (kafka.log.LogManager)
stream-state-bench-flink-kafka  | [2026-07-17 19:06:13,321] INFO [Partition __consumer_offsets-48 broker=1] No checkpointed highwatermark is found for partition __consumer_offsets-48 (kafka.cluster.Partition)
stream-state-bench-flink-kafka  | [2026-07-17 19:06:13,321] INFO [Partition __consumer_offsets-48 broker=1] Log loaded for partition __consumer_offsets-48 with initial high watermark 0 (kafka.cluster.Partition)
stream-state-bench-flink-kafka  | [2026-07-17 19:06:13,332] INFO [LogLoader partition=__consumer_offsets-11, dir=/tmp/kafka-logs] Loading producer state till offset 0 (org.apache.kafka.storage.internals.log.UnifiedLog)
stream-state-bench-flink-kafka  | [2026-07-17 19:06:13,332] INFO Created log for partition __consumer_offsets-11 in /tmp/kafka-logs/__consumer_offsets-11 with properties {cleanup.policy=compact, compression.type="producer", segment.bytes=104857600} (kafka.log.LogManager)
stream-state-bench-flink-kafka  | [2026-07-17 19:06:13,332] INFO [Partition __consumer_offsets-11 broker=1] No checkpointed highwatermark is found for partition __consumer_offsets-11 (kafka.cluster.Partition)
stream-state-bench-flink-kafka  | [2026-07-17 19:06:13,332] INFO [Partition __consumer_offsets-11 broker=1] Log loaded for partition __consumer_offsets-11 with initial high watermark 0 (kafka.cluster.Partition)
stream-state-bench-flink-kafka  | [2026-07-17 19:06:13,339] INFO [LogLoader partition=__consumer_offsets-44, dir=/tmp/kafka-logs] Loading producer state till offset 0 (org.apache.kafka.storage.internals.log.UnifiedLog)
stream-state-bench-flink-kafka  | [2026-07-17 19:06:13,339] INFO Created log for partition __consumer_offsets-44 in /tmp/kafka-logs/__consumer_offsets-44 with properties {cleanup.policy=compact, compression.type="producer", segment.bytes=104857600} (kafka.log.LogManager)
stream-state-bench-flink-kafka  | [2026-07-17 19:06:13,339] INFO [Partition __consumer_offsets-44 broker=1] No checkpointed highwatermark is found for partition __consumer_offsets-44 (kafka.cluster.Partition)
stream-state-bench-flink-kafka  | [2026-07-17 19:06:13,340] INFO [Partition __consumer_offsets-44 broker=1] Log loaded for partition __consumer_offsets-44 with initial high watermark 0 (kafka.cluster.Partition)
stream-state-bench-flink-kafka  | [2026-07-17 19:06:13,346] INFO [LogLoader partition=__consumer_offsets-23, dir=/tmp/kafka-logs] Loading producer state till offset 0 (org.apache.kafka.storage.internals.log.UnifiedLog)
stream-state-bench-flink-kafka  | [2026-07-17 19:06:13,347] INFO Created log for partition __consumer_offsets-23 in /tmp/kafka-logs/__consumer_offsets-23 with properties {cleanup.policy=compact, compression.type="producer", segment.bytes=104857600} (kafka.log.LogManager)
stream-state-bench-flink-kafka  | [2026-07-17 19:06:13,347] INFO [Partition __consumer_offsets-23 broker=1] No checkpointed highwatermark is found for partition __consumer_offsets-23 (kafka.cluster.Partition)
stream-state-bench-flink-kafka  | [2026-07-17 19:06:13,347] INFO [Partition __consumer_offsets-23 broker=1] Log loaded for partition __consumer_offsets-23 with initial high watermark 0 (kafka.cluster.Partition)
stream-state-bench-flink-kafka  | [2026-07-17 19:06:13,357] INFO [LogLoader partition=__consumer_offsets-19, dir=/tmp/kafka-logs] Loading producer state till offset 0 (org.apache.kafka.storage.internals.log.UnifiedLog)
stream-state-bench-flink-kafka  | [2026-07-17 19:06:13,358] INFO Created log for partition __consumer_offsets-19 in /tmp/kafka-logs/__consumer_offsets-19 with properties {cleanup.policy=compact, compression.type="producer", segment.bytes=104857600} (kafka.log.LogManager)
stream-state-bench-flink-kafka  | [2026-07-17 19:06:13,358] INFO [Partition __consumer_offsets-19 broker=1] No checkpointed highwatermark is found for partition __consumer_offsets-19 (kafka.cluster.Partition)
stream-state-bench-flink-kafka  | [2026-07-17 19:06:13,358] INFO [Partition __consumer_offsets-19 broker=1] Log loaded for partition __consumer_offsets-19 with initial high watermark 0 (kafka.cluster.Partition)
stream-state-bench-flink-kafka  | [2026-07-17 19:06:13,366] INFO [LogLoader partition=__consumer_offsets-32, dir=/tmp/kafka-logs] Loading producer state till offset 0 (org.apache.kafka.storage.internals.log.UnifiedLog)
stream-state-bench-flink-kafka  | [2026-07-17 19:06:13,367] INFO Created log for partition __consumer_offsets-32 in /tmp/kafka-logs/__consumer_offsets-32 with properties {cleanup.policy=compact, compression.type="producer", segment.bytes=104857600} (kafka.log.LogManager)
stream-state-bench-flink-kafka  | [2026-07-17 19:06:13,367] INFO [Partition __consumer_offsets-32 broker=1] No checkpointed highwatermark is found for partition __consumer_offsets-32 (kafka.cluster.Partition)
stream-state-bench-flink-kafka  | [2026-07-17 19:06:13,367] INFO [Partition __consumer_offsets-32 broker=1] Log loaded for partition __consumer_offsets-32 with initial high watermark 0 (kafka.cluster.Partition)
stream-state-bench-flink-kafka  | [2026-07-17 19:06:13,373] INFO [LogLoader partition=__consumer_offsets-28, dir=/tmp/kafka-logs] Loading producer state till offset 0 (org.apache.kafka.storage.internals.log.UnifiedLog)
stream-state-bench-flink-kafka  | [2026-07-17 19:06:13,374] INFO Created log for partition __consumer_offsets-28 in /tmp/kafka-logs/__consumer_offsets-28 with properties {cleanup.policy=compact, compression.type="producer", segment.bytes=104857600} (kafka.log.LogManager)
stream-state-bench-flink-kafka  | [2026-07-17 19:06:13,374] INFO [Partition __consumer_offsets-28 broker=1] No checkpointed highwatermark is found for partition __consumer_offsets-28 (kafka.cluster.Partition)
stream-state-bench-flink-kafka  | [2026-07-17 19:06:13,374] INFO [Partition __consumer_offsets-28 broker=1] Log loaded for partition __consumer_offsets-28 with initial high watermark 0 (kafka.cluster.Partition)
stream-state-bench-flink-kafka  | [2026-07-17 19:06:13,380] INFO [LogLoader partition=__consumer_offsets-7, dir=/tmp/kafka-logs] Loading producer state till offset 0 (org.apache.kafka.storage.internals.log.UnifiedLog)
stream-state-bench-flink-kafka  | [2026-07-17 19:06:13,381] INFO Created log for partition __consumer_offsets-7 in /tmp/kafka-logs/__consumer_offsets-7 with properties {cleanup.policy=compact, compression.type="producer", segment.bytes=104857600} (kafka.log.LogManager)
stream-state-bench-flink-kafka  | [2026-07-17 19:06:13,381] INFO [Partition __consumer_offsets-7 broker=1] No checkpointed highwatermark is found for partition __consumer_offsets-7 (kafka.cluster.Partition)
stream-state-bench-flink-kafka  | [2026-07-17 19:06:13,381] INFO [Partition __consumer_offsets-7 broker=1] Log loaded for partition __consumer_offsets-7 with initial high watermark 0 (kafka.cluster.Partition)
stream-state-bench-flink-kafka  | [2026-07-17 19:06:13,390] INFO [LogLoader partition=__consumer_offsets-40, dir=/tmp/kafka-logs] Loading producer state till offset 0 (org.apache.kafka.storage.internals.log.UnifiedLog)
stream-state-bench-flink-kafka  | [2026-07-17 19:06:13,391] INFO Created log for partition __consumer_offsets-40 in /tmp/kafka-logs/__consumer_offsets-40 with properties {cleanup.policy=compact, compression.type="producer", segment.bytes=104857600} (kafka.log.LogManager)
stream-state-bench-flink-kafka  | [2026-07-17 19:06:13,391] INFO [Partition __consumer_offsets-40 broker=1] No checkpointed highwatermark is found for partition __consumer_offsets-40 (kafka.cluster.Partition)
stream-state-bench-flink-kafka  | [2026-07-17 19:06:13,391] INFO [Partition __consumer_offsets-40 broker=1] Log loaded for partition __consumer_offsets-40 with initial high watermark 0 (kafka.cluster.Partition)
stream-state-bench-flink-kafka  | [2026-07-17 19:06:13,397] INFO [LogLoader partition=__consumer_offsets-3, dir=/tmp/kafka-logs] Loading producer state till offset 0 (org.apache.kafka.storage.internals.log.UnifiedLog)
stream-state-bench-flink-kafka  | [2026-07-17 19:06:13,397] INFO Created log for partition __consumer_offsets-3 in /tmp/kafka-logs/__consumer_offsets-3 with properties {cleanup.policy=compact, compression.type="producer", segment.bytes=104857600} (kafka.log.LogManager)
stream-state-bench-flink-kafka  | [2026-07-17 19:06:13,397] INFO [Partition __consumer_offsets-3 broker=1] No checkpointed highwatermark is found for partition __consumer_offsets-3 (kafka.cluster.Partition)
stream-state-bench-flink-kafka  | [2026-07-17 19:06:13,397] INFO [Partition __consumer_offsets-3 broker=1] Log loaded for partition __consumer_offsets-3 with initial high watermark 0 (kafka.cluster.Partition)
stream-state-bench-flink-kafka  | [2026-07-17 19:06:13,402] INFO [LogLoader partition=__consumer_offsets-36, dir=/tmp/kafka-logs] Loading producer state till offset 0 (org.apache.kafka.storage.internals.log.UnifiedLog)
stream-state-bench-flink-kafka  | [2026-07-17 19:06:13,403] INFO Created log for partition __consumer_offsets-36 in /tmp/kafka-logs/__consumer_offsets-36 with properties {cleanup.policy=compact, compression.type="producer", segment.bytes=104857600} (kafka.log.LogManager)
stream-state-bench-flink-kafka  | [2026-07-17 19:06:13,403] INFO [Partition __consumer_offsets-36 broker=1] No checkpointed highwatermark is found for partition __consumer_offsets-36 (kafka.cluster.Partition)
stream-state-bench-flink-kafka  | [2026-07-17 19:06:13,403] INFO [Partition __consumer_offsets-36 broker=1] Log loaded for partition __consumer_offsets-36 with initial high watermark 0 (kafka.cluster.Partition)
stream-state-bench-flink-kafka  | [2026-07-17 19:06:13,408] INFO [LogLoader partition=__consumer_offsets-47, dir=/tmp/kafka-logs] Loading producer state till offset 0 (org.apache.kafka.storage.internals.log.UnifiedLog)
stream-state-bench-flink-kafka  | [2026-07-17 19:06:13,409] INFO Created log for partition __consumer_offsets-47 in /tmp/kafka-logs/__consumer_offsets-47 with properties {cleanup.policy=compact, compression.type="producer", segment.bytes=104857600} (kafka.log.LogManager)
stream-state-bench-flink-kafka  | [2026-07-17 19:06:13,409] INFO [Partition __consumer_offsets-47 broker=1] No checkpointed highwatermark is found for partition __consumer_offsets-47 (kafka.cluster.Partition)
stream-state-bench-flink-kafka  | [2026-07-17 19:06:13,409] INFO [Partition __consumer_offsets-47 broker=1] Log loaded for partition __consumer_offsets-47 with initial high watermark 0 (kafka.cluster.Partition)
stream-state-bench-flink-kafka  | [2026-07-17 19:06:13,414] INFO [LogLoader partition=__consumer_offsets-14, dir=/tmp/kafka-logs] Loading producer state till offset 0 (org.apache.kafka.storage.internals.log.UnifiedLog)
stream-state-bench-flink-kafka  | [2026-07-17 19:06:13,415] INFO Created log for partition __consumer_offsets-14 in /tmp/kafka-logs/__consumer_offsets-14 with properties {cleanup.policy=compact, compression.type="producer", segment.bytes=104857600} (kafka.log.LogManager)
stream-state-bench-flink-kafka  | [2026-07-17 19:06:13,415] INFO [Partition __consumer_offsets-14 broker=1] No checkpointed highwatermark is found for partition __consumer_offsets-14 (kafka.cluster.Partition)
stream-state-bench-flink-kafka  | [2026-07-17 19:06:13,415] INFO [Partition __consumer_offsets-14 broker=1] Log loaded for partition __consumer_offsets-14 with initial high watermark 0 (kafka.cluster.Partition)
stream-state-bench-flink-kafka  | [2026-07-17 19:06:13,421] INFO [LogLoader partition=__consumer_offsets-43, dir=/tmp/kafka-logs] Loading producer state till offset 0 (org.apache.kafka.storage.internals.log.UnifiedLog)
stream-state-bench-flink-kafka  | [2026-07-17 19:06:13,421] INFO Created log for partition __consumer_offsets-43 in /tmp/kafka-logs/__consumer_offsets-43 with properties {cleanup.policy=compact, compression.type="producer", segment.bytes=104857600} (kafka.log.LogManager)
stream-state-bench-flink-kafka  | [2026-07-17 19:06:13,421] INFO [Partition __consumer_offsets-43 broker=1] No checkpointed highwatermark is found for partition __consumer_offsets-43 (kafka.cluster.Partition)
stream-state-bench-flink-kafka  | [2026-07-17 19:06:13,421] INFO [Partition __consumer_offsets-43 broker=1] Log loaded for partition __consumer_offsets-43 with initial high watermark 0 (kafka.cluster.Partition)
stream-state-bench-flink-kafka  | [2026-07-17 19:06:13,428] INFO [LogLoader partition=__consumer_offsets-10, dir=/tmp/kafka-logs] Loading producer state till offset 0 (org.apache.kafka.storage.internals.log.UnifiedLog)
stream-state-bench-flink-kafka  | [2026-07-17 19:06:13,428] INFO Created log for partition __consumer_offsets-10 in /tmp/kafka-logs/__consumer_offsets-10 with properties {cleanup.policy=compact, compression.type="producer", segment.bytes=104857600} (kafka.log.LogManager)
stream-state-bench-flink-kafka  | [2026-07-17 19:06:13,428] INFO [Partition __consumer_offsets-10 broker=1] No checkpointed highwatermark is found for partition __consumer_offsets-10 (kafka.cluster.Partition)
stream-state-bench-flink-kafka  | [2026-07-17 19:06:13,428] INFO [Partition __consumer_offsets-10 broker=1] Log loaded for partition __consumer_offsets-10 with initial high watermark 0 (kafka.cluster.Partition)
stream-state-bench-flink-kafka  | [2026-07-17 19:06:13,433] INFO [LogLoader partition=__consumer_offsets-22, dir=/tmp/kafka-logs] Loading producer state till offset 0 (org.apache.kafka.storage.internals.log.UnifiedLog)
stream-state-bench-flink-kafka  | [2026-07-17 19:06:13,433] INFO Created log for partition __consumer_offsets-22 in /tmp/kafka-logs/__consumer_offsets-22 with properties {cleanup.policy=compact, compression.type="producer", segment.bytes=104857600} (kafka.log.LogManager)
stream-state-bench-flink-kafka  | [2026-07-17 19:06:13,433] INFO [Partition __consumer_offsets-22 broker=1] No checkpointed highwatermark is found for partition __consumer_offsets-22 (kafka.cluster.Partition)
stream-state-bench-flink-kafka  | [2026-07-17 19:06:13,433] INFO [Partition __consumer_offsets-22 broker=1] Log loaded for partition __consumer_offsets-22 with initial high watermark 0 (kafka.cluster.Partition)
stream-state-bench-flink-kafka  | [2026-07-17 19:06:13,441] INFO [LogLoader partition=__consumer_offsets-18, dir=/tmp/kafka-logs] Loading producer state till offset 0 (org.apache.kafka.storage.internals.log.UnifiedLog)
stream-state-bench-flink-kafka  | [2026-07-17 19:06:13,441] INFO Created log for partition __consumer_offsets-18 in /tmp/kafka-logs/__consumer_offsets-18 with properties {cleanup.policy=compact, compression.type="producer", segment.bytes=104857600} (kafka.log.LogManager)
stream-state-bench-flink-kafka  | [2026-07-17 19:06:13,441] INFO [Partition __consumer_offsets-18 broker=1] No checkpointed highwatermark is found for partition __consumer_offsets-18 (kafka.cluster.Partition)
stream-state-bench-flink-kafka  | [2026-07-17 19:06:13,441] INFO [Partition __consumer_offsets-18 broker=1] Log loaded for partition __consumer_offsets-18 with initial high watermark 0 (kafka.cluster.Partition)
stream-state-bench-flink-kafka  | [2026-07-17 19:06:13,447] INFO [LogLoader partition=__consumer_offsets-31, dir=/tmp/kafka-logs] Loading producer state till offset 0 (org.apache.kafka.storage.internals.log.UnifiedLog)
stream-state-bench-flink-kafka  | [2026-07-17 19:06:13,448] INFO Created log for partition __consumer_offsets-31 in /tmp/kafka-logs/__consumer_offsets-31 with properties {cleanup.policy=compact, compression.type="producer", segment.bytes=104857600} (kafka.log.LogManager)
stream-state-bench-flink-kafka  | [2026-07-17 19:06:13,448] INFO [Partition __consumer_offsets-31 broker=1] No checkpointed highwatermark is found for partition __consumer_offsets-31 (kafka.cluster.Partition)
stream-state-bench-flink-kafka  | [2026-07-17 19:06:13,448] INFO [Partition __consumer_offsets-31 broker=1] Log loaded for partition __consumer_offsets-31 with initial high watermark 0 (kafka.cluster.Partition)
stream-state-bench-flink-kafka  | [2026-07-17 19:06:13,453] INFO [LogLoader partition=__consumer_offsets-27, dir=/tmp/kafka-logs] Loading producer state till offset 0 (org.apache.kafka.storage.internals.log.UnifiedLog)
stream-state-bench-flink-kafka  | [2026-07-17 19:06:13,453] INFO Created log for partition __consumer_offsets-27 in /tmp/kafka-logs/__consumer_offsets-27 with properties {cleanup.policy=compact, compression.type="producer", segment.bytes=104857600} (kafka.log.LogManager)
stream-state-bench-flink-kafka  | [2026-07-17 19:06:13,453] INFO [Partition __consumer_offsets-27 broker=1] No checkpointed highwatermark is found for partition __consumer_offsets-27 (kafka.cluster.Partition)
stream-state-bench-flink-kafka  | [2026-07-17 19:06:13,453] INFO [Partition __consumer_offsets-27 broker=1] Log loaded for partition __consumer_offsets-27 with initial high watermark 0 (kafka.cluster.Partition)
stream-state-bench-flink-kafka  | [2026-07-17 19:06:13,458] INFO [LogLoader partition=__consumer_offsets-39, dir=/tmp/kafka-logs] Loading producer state till offset 0 (org.apache.kafka.storage.internals.log.UnifiedLog)
stream-state-bench-flink-kafka  | [2026-07-17 19:06:13,458] INFO Created log for partition __consumer_offsets-39 in /tmp/kafka-logs/__consumer_offsets-39 with properties {cleanup.policy=compact, compression.type="producer", segment.bytes=104857600} (kafka.log.LogManager)
stream-state-bench-flink-kafka  | [2026-07-17 19:06:13,458] INFO [Partition __consumer_offsets-39 broker=1] No checkpointed highwatermark is found for partition __consumer_offsets-39 (kafka.cluster.Partition)
stream-state-bench-flink-kafka  | [2026-07-17 19:06:13,458] INFO [Partition __consumer_offsets-39 broker=1] Log loaded for partition __consumer_offsets-39 with initial high watermark 0 (kafka.cluster.Partition)
stream-state-bench-flink-kafka  | [2026-07-17 19:06:13,464] INFO [LogLoader partition=__consumer_offsets-6, dir=/tmp/kafka-logs] Loading producer state till offset 0 (org.apache.kafka.storage.internals.log.UnifiedLog)
stream-state-bench-flink-kafka  | [2026-07-17 19:06:13,464] INFO Created log for partition __consumer_offsets-6 in /tmp/kafka-logs/__consumer_offsets-6 with properties {cleanup.policy=compact, compression.type="producer", segment.bytes=104857600} (kafka.log.LogManager)
stream-state-bench-flink-kafka  | [2026-07-17 19:06:13,464] INFO [Partition __consumer_offsets-6 broker=1] No checkpointed highwatermark is found for partition __consumer_offsets-6 (kafka.cluster.Partition)
stream-state-bench-flink-kafka  | [2026-07-17 19:06:13,464] INFO [Partition __consumer_offsets-6 broker=1] Log loaded for partition __consumer_offsets-6 with initial high watermark 0 (kafka.cluster.Partition)
stream-state-bench-flink-kafka  | [2026-07-17 19:06:13,469] INFO [LogLoader partition=__consumer_offsets-35, dir=/tmp/kafka-logs] Loading producer state till offset 0 (org.apache.kafka.storage.internals.log.UnifiedLog)
stream-state-bench-flink-kafka  | [2026-07-17 19:06:13,469] INFO Created log for partition __consumer_offsets-35 in /tmp/kafka-logs/__consumer_offsets-35 with properties {cleanup.policy=compact, compression.type="producer", segment.bytes=104857600} (kafka.log.LogManager)
stream-state-bench-flink-kafka  | [2026-07-17 19:06:13,469] INFO [Partition __consumer_offsets-35 broker=1] No checkpointed highwatermark is found for partition __consumer_offsets-35 (kafka.cluster.Partition)
stream-state-bench-flink-kafka  | [2026-07-17 19:06:13,469] INFO [Partition __consumer_offsets-35 broker=1] Log loaded for partition __consumer_offsets-35 with initial high watermark 0 (kafka.cluster.Partition)
stream-state-bench-flink-kafka  | [2026-07-17 19:06:13,475] INFO [LogLoader partition=__consumer_offsets-2, dir=/tmp/kafka-logs] Loading producer state till offset 0 (org.apache.kafka.storage.internals.log.UnifiedLog)
stream-state-bench-flink-kafka  | [2026-07-17 19:06:13,476] INFO Created log for partition __consumer_offsets-2 in /tmp/kafka-logs/__consumer_offsets-2 with properties {cleanup.policy=compact, compression.type="producer", segment.bytes=104857600} (kafka.log.LogManager)
stream-state-bench-flink-kafka  | [2026-07-17 19:06:13,476] INFO [Partition __consumer_offsets-2 broker=1] No checkpointed highwatermark is found for partition __consumer_offsets-2 (kafka.cluster.Partition)
stream-state-bench-flink-kafka  | [2026-07-17 19:06:13,476] INFO [Partition __consumer_offsets-2 broker=1] Log loaded for partition __consumer_offsets-2 with initial high watermark 0 (kafka.cluster.Partition)
stream-state-bench-flink-kafka  | [2026-07-17 19:06:13,480] INFO [GroupCoordinator id=1] Scheduling loading of metadata from __consumer_offsets-13 with epoch 0 (org.apache.kafka.coordinator.common.runtime.CoordinatorRuntime)
stream-state-bench-flink-kafka  | [2026-07-17 19:06:13,482] INFO [GroupCoordinator id=1] Scheduling loading of metadata from __consumer_offsets-46 with epoch 0 (org.apache.kafka.coordinator.common.runtime.CoordinatorRuntime)
stream-state-bench-flink-kafka  | [2026-07-17 19:06:13,482] INFO [GroupCoordinator id=1] Scheduling loading of metadata from __consumer_offsets-9 with epoch 0 (org.apache.kafka.coordinator.common.runtime.CoordinatorRuntime)
stream-state-bench-flink-kafka  | [2026-07-17 19:06:13,482] INFO [GroupCoordinator id=1] Scheduling loading of metadata from __consumer_offsets-42 with epoch 0 (org.apache.kafka.coordinator.common.runtime.CoordinatorRuntime)
stream-state-bench-flink-kafka  | [2026-07-17 19:06:13,482] INFO [GroupCoordinator id=1] Scheduling loading of metadata from __consumer_offsets-21 with epoch 0 (org.apache.kafka.coordinator.common.runtime.CoordinatorRuntime)
stream-state-bench-flink-kafka  | [2026-07-17 19:06:13,482] INFO [GroupCoordinator id=1] Scheduling loading of metadata from __consumer_offsets-17 with epoch 0 (org.apache.kafka.coordinator.common.runtime.CoordinatorRuntime)
stream-state-bench-flink-kafka  | [2026-07-17 19:06:13,483] INFO [GroupCoordinator id=1] Scheduling loading of metadata from __consumer_offsets-30 with epoch 0 (org.apache.kafka.coordinator.common.runtime.CoordinatorRuntime)
stream-state-bench-flink-kafka  | [2026-07-17 19:06:13,483] INFO [GroupCoordinator id=1] Scheduling loading of metadata from __consumer_offsets-26 with epoch 0 (org.apache.kafka.coordinator.common.runtime.CoordinatorRuntime)
stream-state-bench-flink-kafka  | [2026-07-17 19:06:13,483] INFO [GroupCoordinator id=1] Scheduling loading of metadata from __consumer_offsets-5 with epoch 0 (org.apache.kafka.coordinator.common.runtime.CoordinatorRuntime)
stream-state-bench-flink-kafka  | [2026-07-17 19:06:13,483] INFO [GroupCoordinator id=1] Scheduling loading of metadata from __consumer_offsets-38 with epoch 0 (org.apache.kafka.coordinator.common.runtime.CoordinatorRuntime)
stream-state-bench-flink-kafka  | [2026-07-17 19:06:13,483] INFO [GroupCoordinator id=1] Scheduling loading of metadata from __consumer_offsets-1 with epoch 0 (org.apache.kafka.coordinator.common.runtime.CoordinatorRuntime)
stream-state-bench-flink-kafka  | [2026-07-17 19:06:13,483] INFO [GroupCoordinator id=1] Scheduling loading of metadata from __consumer_offsets-34 with epoch 0 (org.apache.kafka.coordinator.common.runtime.CoordinatorRuntime)
stream-state-bench-flink-kafka  | [2026-07-17 19:06:13,483] INFO [GroupCoordinator id=1] Scheduling loading of metadata from __consumer_offsets-16 with epoch 0 (org.apache.kafka.coordinator.common.runtime.CoordinatorRuntime)
stream-state-bench-flink-kafka  | [2026-07-17 19:06:13,483] INFO [GroupCoordinator id=1] Scheduling loading of metadata from __consumer_offsets-45 with epoch 0 (org.apache.kafka.coordinator.common.runtime.CoordinatorRuntime)
stream-state-bench-flink-kafka  | [2026-07-17 19:06:13,483] INFO [GroupCoordinator id=1] Scheduling loading of metadata from __consumer_offsets-12 with epoch 0 (org.apache.kafka.coordinator.common.runtime.CoordinatorRuntime)
stream-state-bench-flink-kafka  | [2026-07-17 19:06:13,484] INFO [GroupCoordinator id=1] Scheduling loading of metadata from __consumer_offsets-41 with epoch 0 (org.apache.kafka.coordinator.common.runtime.CoordinatorRuntime)
stream-state-bench-flink-kafka  | [2026-07-17 19:06:13,484] INFO [GroupCoordinator id=1] Scheduling loading of metadata from __consumer_offsets-24 with epoch 0 (org.apache.kafka.coordinator.common.runtime.CoordinatorRuntime)
stream-state-bench-flink-kafka  | [2026-07-17 19:06:13,484] INFO [GroupCoordinator id=1] Scheduling loading of metadata from __consumer_offsets-20 with epoch 0 (org.apache.kafka.coordinator.common.runtime.CoordinatorRuntime)
stream-state-bench-flink-kafka  | [2026-07-17 19:06:13,484] INFO [GroupCoordinator id=1] Scheduling loading of metadata from __consumer_offsets-49 with epoch 0 (org.apache.kafka.coordinator.common.runtime.CoordinatorRuntime)
stream-state-bench-flink-kafka  | [2026-07-17 19:06:13,484] INFO [GroupCoordinator id=1] Scheduling loading of metadata from __consumer_offsets-0 with epoch 0 (org.apache.kafka.coordinator.common.runtime.CoordinatorRuntime)
stream-state-bench-flink-kafka  | [2026-07-17 19:06:13,484] INFO [GroupCoordinator id=1] Scheduling loading of metadata from __consumer_offsets-29 with epoch 0 (org.apache.kafka.coordinator.common.runtime.CoordinatorRuntime)
stream-state-bench-flink-kafka  | [2026-07-17 19:06:13,484] INFO [GroupCoordinator id=1] Scheduling loading of metadata from __consumer_offsets-25 with epoch 0 (org.apache.kafka.coordinator.common.runtime.CoordinatorRuntime)
stream-state-bench-flink-kafka  | [2026-07-17 19:06:13,484] INFO [GroupCoordinator id=1] Scheduling loading of metadata from __consumer_offsets-8 with epoch 0 (org.apache.kafka.coordinator.common.runtime.CoordinatorRuntime)
stream-state-bench-flink-kafka  | [2026-07-17 19:06:13,484] INFO [GroupCoordinator id=1] Scheduling loading of metadata from __consumer_offsets-37 with epoch 0 (org.apache.kafka.coordinator.common.runtime.CoordinatorRuntime)
stream-state-bench-flink-kafka  | [2026-07-17 19:06:13,485] INFO [GroupCoordinator id=1] Scheduling loading of metadata from __consumer_offsets-4 with epoch 0 (org.apache.kafka.coordinator.common.runtime.CoordinatorRuntime)
stream-state-bench-flink-kafka  | [2026-07-17 19:06:13,485] INFO [GroupCoordinator id=1] Scheduling loading of metadata from __consumer_offsets-33 with epoch 0 (org.apache.kafka.coordinator.common.runtime.CoordinatorRuntime)
stream-state-bench-flink-kafka  | [2026-07-17 19:06:13,485] INFO [GroupCoordinator id=1] Scheduling loading of metadata from __consumer_offsets-15 with epoch 0 (org.apache.kafka.coordinator.common.runtime.CoordinatorRuntime)
stream-state-bench-flink-kafka  | [2026-07-17 19:06:13,485] INFO [GroupCoordinator id=1] Scheduling loading of metadata from __consumer_offsets-48 with epoch 0 (org.apache.kafka.coordinator.common.runtime.CoordinatorRuntime)
stream-state-bench-flink-kafka  | [2026-07-17 19:06:13,485] INFO [GroupCoordinator id=1] Scheduling loading of metadata from __consumer_offsets-11 with epoch 0 (org.apache.kafka.coordinator.common.runtime.CoordinatorRuntime)
stream-state-bench-flink-kafka  | [2026-07-17 19:06:13,485] INFO [GroupCoordinator id=1] Scheduling loading of metadata from __consumer_offsets-44 with epoch 0 (org.apache.kafka.coordinator.common.runtime.CoordinatorRuntime)
stream-state-bench-flink-kafka  | [2026-07-17 19:06:13,485] INFO [GroupCoordinator id=1] Scheduling loading of metadata from __consumer_offsets-23 with epoch 0 (org.apache.kafka.coordinator.common.runtime.CoordinatorRuntime)
stream-state-bench-flink-kafka  | [2026-07-17 19:06:13,485] INFO [GroupCoordinator id=1] Scheduling loading of metadata from __consumer_offsets-19 with epoch 0 (org.apache.kafka.coordinator.common.runtime.CoordinatorRuntime)
stream-state-bench-flink-kafka  | [2026-07-17 19:06:13,486] INFO [GroupCoordinator id=1] Scheduling loading of metadata from __consumer_offsets-32 with epoch 0 (org.apache.kafka.coordinator.common.runtime.CoordinatorRuntime)
stream-state-bench-flink-kafka  | [2026-07-17 19:06:13,486] INFO [GroupCoordinator id=1] Scheduling loading of metadata from __consumer_offsets-28 with epoch 0 (org.apache.kafka.coordinator.common.runtime.CoordinatorRuntime)
stream-state-bench-flink-kafka  | [2026-07-17 19:06:13,486] INFO [GroupCoordinator id=1] Scheduling loading of metadata from __consumer_offsets-7 with epoch 0 (org.apache.kafka.coordinator.common.runtime.CoordinatorRuntime)
stream-state-bench-flink-kafka  | [2026-07-17 19:06:13,486] INFO [GroupCoordinator id=1] Scheduling loading of metadata from __consumer_offsets-40 with epoch 0 (org.apache.kafka.coordinator.common.runtime.CoordinatorRuntime)
stream-state-bench-flink-kafka  | [2026-07-17 19:06:13,486] INFO [GroupCoordinator id=1] Scheduling loading of metadata from __consumer_offsets-3 with epoch 0 (org.apache.kafka.coordinator.common.runtime.CoordinatorRuntime)
stream-state-bench-flink-kafka  | [2026-07-17 19:06:13,486] INFO [GroupCoordinator id=1] Scheduling loading of metadata from __consumer_offsets-36 with epoch 0 (org.apache.kafka.coordinator.common.runtime.CoordinatorRuntime)
stream-state-bench-flink-kafka  | [2026-07-17 19:06:13,486] INFO [GroupCoordinator id=1] Scheduling loading of metadata from __consumer_offsets-47 with epoch 0 (org.apache.kafka.coordinator.common.runtime.CoordinatorRuntime)
stream-state-bench-flink-kafka  | [2026-07-17 19:06:13,487] INFO [GroupCoordinator id=1] Scheduling loading of metadata from __consumer_offsets-14 with epoch 0 (org.apache.kafka.coordinator.common.runtime.CoordinatorRuntime)
stream-state-bench-flink-kafka  | [2026-07-17 19:06:13,487] INFO [GroupCoordinator id=1] Scheduling loading of metadata from __consumer_offsets-43 with epoch 0 (org.apache.kafka.coordinator.common.runtime.CoordinatorRuntime)
stream-state-bench-flink-kafka  | [2026-07-17 19:06:13,487] INFO [GroupCoordinator id=1] Scheduling loading of metadata from __consumer_offsets-10 with epoch 0 (org.apache.kafka.coordinator.common.runtime.CoordinatorRuntime)
stream-state-bench-flink-kafka  | [2026-07-17 19:06:13,487] INFO [GroupCoordinator id=1] Scheduling loading of metadata from __consumer_offsets-22 with epoch 0 (org.apache.kafka.coordinator.common.runtime.CoordinatorRuntime)
stream-state-bench-flink-kafka  | [2026-07-17 19:06:13,487] INFO [GroupCoordinator id=1] Scheduling loading of metadata from __consumer_offsets-18 with epoch 0 (org.apache.kafka.coordinator.common.runtime.CoordinatorRuntime)
stream-state-bench-flink-kafka  | [2026-07-17 19:06:13,487] INFO [GroupCoordinator id=1] Scheduling loading of metadata from __consumer_offsets-31 with epoch 0 (org.apache.kafka.coordinator.common.runtime.CoordinatorRuntime)
stream-state-bench-flink-kafka  | [2026-07-17 19:06:13,487] INFO [GroupCoordinator id=1] Scheduling loading of metadata from __consumer_offsets-27 with epoch 0 (org.apache.kafka.coordinator.common.runtime.CoordinatorRuntime)
stream-state-bench-flink-kafka  | [2026-07-17 19:06:13,487] INFO [GroupCoordinator id=1] Scheduling loading of metadata from __consumer_offsets-39 with epoch 0 (org.apache.kafka.coordinator.common.runtime.CoordinatorRuntime)
stream-state-bench-flink-kafka  | [2026-07-17 19:06:13,488] INFO [GroupCoordinator id=1] Scheduling loading of metadata from __consumer_offsets-6 with epoch 0 (org.apache.kafka.coordinator.common.runtime.CoordinatorRuntime)
stream-state-bench-flink-kafka  | [2026-07-17 19:06:13,488] INFO [GroupCoordinator id=1] Scheduling loading of metadata from __consumer_offsets-35 with epoch 0 (org.apache.kafka.coordinator.common.runtime.CoordinatorRuntime)
stream-state-bench-flink-kafka  | [2026-07-17 19:06:13,488] INFO [GroupCoordinator id=1] Scheduling loading of metadata from __consumer_offsets-2 with epoch 0 (org.apache.kafka.coordinator.common.runtime.CoordinatorRuntime)
stream-state-bench-flink-kafka  | [2026-07-17 19:06:13,488] INFO [DynamicConfigPublisher broker id=1] Updating topic __consumer_offsets with new configuration : compression.type -> producer,cleanup.policy -> compact,segment.bytes -> 104857600 (kafka.server.metadata.DynamicConfigPublisher)
stream-state-bench-flink-kafka  | [2026-07-17 19:06:13,488] INFO [GroupCoordinator id=1] Finished loading of metadata from __consumer_offsets-34 with epoch 0 in 1ms where 1ms was spent in the scheduler. Loaded 0 records which total to 0 bytes. (org.apache.kafka.coordinator.common.runtime.CoordinatorRuntime)
stream-state-bench-flink-kafka  | [2026-07-17 19:06:13,488] INFO [GroupCoordinator id=1] Finished loading of metadata from __consumer_offsets-8 with epoch 0 in 0ms where 0ms was spent in the scheduler. Loaded 0 records which total to 0 bytes. (org.apache.kafka.coordinator.common.runtime.CoordinatorRuntime)
stream-state-bench-flink-kafka  | [2026-07-17 19:06:13,488] INFO [GroupCoordinator id=1] Finished loading of metadata from __consumer_offsets-33 with epoch 0 in 0ms where 0ms was spent in the scheduler. Loaded 0 records which total to 0 bytes. (org.apache.kafka.coordinator.common.runtime.CoordinatorRuntime)
stream-state-bench-flink-kafka  | [2026-07-17 19:06:13,488] INFO [GroupCoordinator id=1] Finished loading of metadata from __consumer_offsets-29 with epoch 0 in 0ms where 0ms was spent in the scheduler. Loaded 0 records which total to 0 bytes. (org.apache.kafka.coordinator.common.runtime.CoordinatorRuntime)
stream-state-bench-flink-kafka  | [2026-07-17 19:06:13,488] INFO [GroupCoordinator id=1] Finished loading of metadata from __consumer_offsets-32 with epoch 0 in 0ms where 0ms was spent in the scheduler. Loaded 0 records which total to 0 bytes. (org.apache.kafka.coordinator.common.runtime.CoordinatorRuntime)
stream-state-bench-flink-kafka  | [2026-07-17 19:06:13,489] INFO [GroupCoordinator id=1] Finished loading of metadata from __consumer_offsets-9 with epoch 0 in 1ms where 1ms was spent in the scheduler. Loaded 0 records which total to 0 bytes. (org.apache.kafka.coordinator.common.runtime.CoordinatorRuntime)
stream-state-bench-flink-kafka  | [2026-07-17 19:06:13,489] INFO [GroupCoordinator id=1] Finished loading of metadata from __consumer_offsets-41 with epoch 0 in 0ms where 0ms was spent in the scheduler. Loaded 0 records which total to 0 bytes. (org.apache.kafka.coordinator.common.runtime.CoordinatorRuntime)
stream-state-bench-flink-kafka  | [2026-07-17 19:06:13,489] INFO [GroupCoordinator id=1] Finished loading of metadata from __consumer_offsets-7 with epoch 0 in 0ms where 0ms was spent in the scheduler. Loaded 0 records which total to 0 bytes. (org.apache.kafka.coordinator.common.runtime.CoordinatorRuntime)
stream-state-bench-flink-kafka  | [2026-07-17 19:06:13,489] INFO [GroupCoordinator id=1] Finished loading of metadata from __consumer_offsets-44 with epoch 0 in 0ms where 0ms was spent in the scheduler. Loaded 0 records which total to 0 bytes. (org.apache.kafka.coordinator.common.runtime.CoordinatorRuntime)
stream-state-bench-flink-kafka  | [2026-07-17 19:06:13,489] INFO [GroupCoordinator id=1] Finished loading of metadata from __consumer_offsets-45 with epoch 0 in 0ms where 0ms was spent in the scheduler. Loaded 0 records which total to 0 bytes. (org.apache.kafka.coordinator.common.runtime.CoordinatorRuntime)
stream-state-bench-flink-kafka  | [2026-07-17 19:06:13,489] INFO [GroupCoordinator id=1] Finished loading of metadata from __consumer_offsets-30 with epoch 0 in 0ms where 0ms was spent in the scheduler. Loaded 0 records which total to 0 bytes. (org.apache.kafka.coordinator.common.runtime.CoordinatorRuntime)
stream-state-bench-flink-kafka  | [2026-07-17 19:06:13,489] INFO [GroupCoordinator id=1] Finished loading of metadata from __consumer_offsets-5 with epoch 0 in 0ms where 0ms was spent in the scheduler. Loaded 0 records which total to 0 bytes. (org.apache.kafka.coordinator.common.runtime.CoordinatorRuntime)
stream-state-bench-flink-kafka  | [2026-07-17 19:06:13,489] INFO [GroupCoordinator id=1] Finished loading of metadata from __consumer_offsets-24 with epoch 0 in 0ms where 0ms was spent in the scheduler. Loaded 0 records which total to 0 bytes. (org.apache.kafka.coordinator.common.runtime.CoordinatorRuntime)
stream-state-bench-flink-kafka  | [2026-07-17 19:06:13,489] INFO [GroupCoordinator id=1] Finished loading of metadata from __consumer_offsets-13 with epoch 0 in 2ms where 2ms was spent in the scheduler. Loaded 0 records which total to 0 bytes. (org.apache.kafka.coordinator.common.runtime.CoordinatorRuntime)
stream-state-bench-flink-kafka  | [2026-07-17 19:06:13,490] INFO [GroupCoordinator id=1] Finished loading of metadata from __consumer_offsets-36 with epoch 0 in 1ms where 1ms was spent in the scheduler. Loaded 0 records which total to 0 bytes. (org.apache.kafka.coordinator.common.runtime.CoordinatorRuntime)
stream-state-bench-flink-kafka  | [2026-07-17 19:06:13,490] INFO [GroupCoordinator id=1] Finished loading of metadata from __consumer_offsets-39 with epoch 0 in 0ms where 0ms was spent in the scheduler. Loaded 0 records which total to 0 bytes. (org.apache.kafka.coordinator.common.runtime.CoordinatorRuntime)
stream-state-bench-flink-kafka  | [2026-07-17 19:06:13,490] INFO [GroupCoordinator id=1] Finished loading of metadata from __consumer_offsets-2 with epoch 0 in 0ms where 0ms was spent in the scheduler. Loaded 0 records which total to 0 bytes. (org.apache.kafka.coordinator.common.runtime.CoordinatorRuntime)
stream-state-bench-flink-kafka  | [2026-07-17 19:06:13,491] INFO [GroupCoordinator id=1] Finished loading of metadata from __consumer_offsets-46 with epoch 0 in 1ms where 1ms was spent in the scheduler. Loaded 0 records which total to 0 bytes. (org.apache.kafka.coordinator.common.runtime.CoordinatorRuntime)
stream-state-bench-flink-kafka  | [2026-07-17 19:06:13,491] INFO [GroupCoordinator id=1] Finished loading of metadata from __consumer_offsets-6 with epoch 0 in 0ms where 0ms was spent in the scheduler. Loaded 0 records which total to 0 bytes. (org.apache.kafka.coordinator.common.runtime.CoordinatorRuntime)
stream-state-bench-flink-kafka  | [2026-07-17 19:06:13,491] INFO [GroupCoordinator id=1] Finished loading of metadata from __consumer_offsets-20 with epoch 0 in 1ms where 1ms was spent in the scheduler. Loaded 0 records which total to 0 bytes. (org.apache.kafka.coordinator.common.runtime.CoordinatorRuntime)
stream-state-bench-flink-kafka  | [2026-07-17 19:06:13,491] INFO [GroupCoordinator id=1] Finished loading of metadata from __consumer_offsets-14 with epoch 0 in 0ms where 0ms was spent in the scheduler. Loaded 0 records which total to 0 bytes. (org.apache.kafka.coordinator.common.runtime.CoordinatorRuntime)
stream-state-bench-flink-kafka  | [2026-07-17 19:06:13,491] INFO [GroupCoordinator id=1] Finished loading of metadata from __consumer_offsets-38 with epoch 0 in 1ms where 1ms was spent in the scheduler. Loaded 0 records which total to 0 bytes. (org.apache.kafka.coordinator.common.runtime.CoordinatorRuntime)
stream-state-bench-flink-kafka  | [2026-07-17 19:06:13,491] INFO [GroupCoordinator id=1] Finished loading of metadata from __consumer_offsets-17 with epoch 0 in 0ms where 0ms was spent in the scheduler. Loaded 0 records which total to 0 bytes. (org.apache.kafka.coordinator.common.runtime.CoordinatorRuntime)
stream-state-bench-flink-kafka  | [2026-07-17 19:06:13,491] INFO [GroupCoordinator id=1] Finished loading of metadata from __consumer_offsets-18 with epoch 0 in 0ms where 0ms was spent in the scheduler. Loaded 0 records which total to 0 bytes. (org.apache.kafka.coordinator.common.runtime.CoordinatorRuntime)
stream-state-bench-flink-kafka  | [2026-07-17 19:06:13,491] INFO [GroupCoordinator id=1] Finished loading of metadata from __consumer_offsets-40 with epoch 0 in 0ms where 0ms was spent in the scheduler. Loaded 0 records which total to 0 bytes. (org.apache.kafka.coordinator.common.runtime.CoordinatorRuntime)
stream-state-bench-flink-kafka  | [2026-07-17 19:06:13,492] INFO [GroupCoordinator id=1] Finished loading of metadata from __consumer_offsets-42 with epoch 0 in 2ms where 2ms was spent in the scheduler. Loaded 0 records which total to 0 bytes. (org.apache.kafka.coordinator.common.runtime.CoordinatorRuntime)
stream-state-bench-flink-kafka  | [2026-07-17 19:06:13,492] INFO [GroupCoordinator id=1] Finished loading of metadata from __consumer_offsets-47 with epoch 0 in 0ms where 0ms was spent in the scheduler. Loaded 0 records which total to 0 bytes. (org.apache.kafka.coordinator.common.runtime.CoordinatorRuntime)
stream-state-bench-flink-kafka  | [2026-07-17 19:06:13,492] INFO [GroupCoordinator id=1] Finished loading of metadata from __consumer_offsets-11 with epoch 0 in 0ms where 0ms was spent in the scheduler. Loaded 0 records which total to 0 bytes. (org.apache.kafka.coordinator.common.runtime.CoordinatorRuntime)
stream-state-bench-flink-kafka  | [2026-07-17 19:06:13,492] INFO [GroupCoordinator id=1] Finished loading of metadata from __consumer_offsets-48 with epoch 0 in 0ms where 0ms was spent in the scheduler. Loaded 0 records which total to 0 bytes. (org.apache.kafka.coordinator.common.runtime.CoordinatorRuntime)
stream-state-bench-flink-kafka  | [2026-07-17 19:06:13,492] INFO [GroupCoordinator id=1] Finished loading of metadata from __consumer_offsets-28 with epoch 0 in 0ms where 0ms was spent in the scheduler. Loaded 0 records which total to 0 bytes. (org.apache.kafka.coordinator.common.runtime.CoordinatorRuntime)
stream-state-bench-flink-kafka  | [2026-07-17 19:06:13,492] INFO [GroupCoordinator id=1] Finished loading of metadata from __consumer_offsets-15 with epoch 0 in 0ms where 0ms was spent in the scheduler. Loaded 0 records which total to 0 bytes. (org.apache.kafka.coordinator.common.runtime.CoordinatorRuntime)
stream-state-bench-flink-kafka  | [2026-07-17 19:06:13,492] INFO [GroupCoordinator id=1] Finished loading of metadata from __consumer_offsets-16 with epoch 0 in 0ms where 0ms was spent in the scheduler. Loaded 0 records which total to 0 bytes. (org.apache.kafka.coordinator.common.runtime.CoordinatorRuntime)
stream-state-bench-flink-kafka  | [2026-07-17 19:06:13,492] INFO [GroupCoordinator id=1] Finished loading of metadata from __consumer_offsets-49 with epoch 0 in 0ms where 0ms was spent in the scheduler. Loaded 0 records which total to 0 bytes. (org.apache.kafka.coordinator.common.runtime.CoordinatorRuntime)
stream-state-bench-flink-kafka  | [2026-07-17 19:06:13,492] INFO [GroupCoordinator id=1] Finished loading of metadata from __consumer_offsets-21 with epoch 0 in 1ms where 1ms was spent in the scheduler. Loaded 0 records which total to 0 bytes. (org.apache.kafka.coordinator.common.runtime.CoordinatorRuntime)
stream-state-bench-flink-kafka  | [2026-07-17 19:06:13,492] INFO [GroupCoordinator id=1] Finished loading of metadata from __consumer_offsets-12 with epoch 0 in 0ms where 0ms was spent in the scheduler. Loaded 0 records which total to 0 bytes. (org.apache.kafka.coordinator.common.runtime.CoordinatorRuntime)
stream-state-bench-flink-kafka  | [2026-07-17 19:06:13,493] INFO [GroupCoordinator id=1] Finished loading of metadata from __consumer_offsets-23 with epoch 0 in 0ms where 0ms was spent in the scheduler. Loaded 0 records which total to 0 bytes. (org.apache.kafka.coordinator.common.runtime.CoordinatorRuntime)
flink-identity-1                | [TumblingEventTimeWindows -> kafka-sink: Writer -> kafka-sink: Committer (1/1)#0] WARN org.apache.flink.metrics.MetricGroup - Name collision: Group already contains a Metric with the name 'pendingCommittables'. Metric will not be reported.[, taskmanager, d44d9eab-0b38-467a-a923-d7180ca87ff1, stream-state-bench-flink-tumbling_count, kafka-sink: Committer, 0]
flink-identity-1                | [TumblingEventTimeWindows -> kafka-sink: Writer -> kafka-sink: Committer (1/1)#0] INFO org.apache.kafka.clients.producer.internals.TransactionManager - [Producer clientId=producer-stream-state-bench-flink-w3-latency-tuning_control-0-13, transactionalId=stream-state-bench-flink-w3-latency-tuning_control-0-13] Invoking InitProducerId for the first time in order to acquire a producer ID
flink-identity-1                | [kafka-producer-network-thread | producer-stream-state-bench-flink-w3-latency-tuning_control-0-13] INFO org.apache.kafka.clients.producer.internals.TransactionManager - [Producer clientId=producer-stream-state-bench-flink-w3-latency-tuning_control-0-13, transactionalId=stream-state-bench-flink-w3-latency-tuning_control-0-13] ProducerId set to 20 with epoch 0
flink-identity-1                | [jobmanager-io-thread-9] INFO org.apache.flink.runtime.checkpoint.CheckpointCoordinator - Completed checkpoint 19 for job 685071a0544567112a6ecd8db0ecbc0f (5011 bytes, checkpointDuration=12 ms, finalizationTime=1 ms).
flink-identity-1                | [SourceCoordinator-Source: kafka-source] INFO org.apache.flink.runtime.source.coordinator.SourceCoordinator - Marking checkpoint 19 as completed for source Source: kafka-source.
flink-identity-1                | [Checkpoint Timer] INFO org.apache.flink.runtime.checkpoint.CheckpointCoordinator - Triggering checkpoint 20 (type=CheckpointType{name='Checkpoint', sharingFilesStrategy=FORWARD_BACKWARD}) @ 1784315185743 for job 685071a0544567112a6ecd8db0ecbc0f.
flink-identity-1                | [TumblingEventTimeWindows -> kafka-sink: Writer -> kafka-sink: Committer (1/1)#0] INFO org.apache.flink.connector.kafka.sink.internal.FlinkKafkaInternalProducer - Flushing new partitions
flink-identity-1                | [TumblingEventTimeWindows -> kafka-sink: Writer -> kafka-sink: Committer (1/1)#0] WARN org.apache.flink.metrics.MetricGroup - Name collision: Group already contains a Metric with the name 'pendingCommittables'. Metric will not be reported.[, taskmanager, d44d9eab-0b38-467a-a923-d7180ca87ff1, stream-state-bench-flink-tumbling_count, kafka-sink: Committer, 0]
flink-identity-1                | [TumblingEventTimeWindows -> kafka-sink: Writer -> kafka-sink: Committer (1/1)#0] INFO org.apache.kafka.clients.producer.internals.TransactionManager - [Producer clientId=producer-stream-state-bench-flink-w3-latency-tuning_control-0-1, transactionalId=stream-state-bench-flink-w3-latency-tuning_control-0-1] Invoking InitProducerId for the first time in order to acquire a producer ID
flink-identity-1                | [kafka-producer-network-thread | producer-stream-state-bench-flink-w3-latency-tuning_control-0-1] INFO org.apache.kafka.clients.producer.internals.TransactionManager - [Producer clientId=producer-stream-state-bench-flink-w3-latency-tuning_control-0-1, transactionalId=stream-state-bench-flink-w3-latency-tuning_control-0-1] ProducerId set to 21 with epoch 0
flink-identity-1                | [jobmanager-io-thread-13] INFO org.apache.flink.runtime.checkpoint.CheckpointCoordinator - Completed checkpoint 20 for job 685071a0544567112a6ecd8db0ecbc0f (5011 bytes, checkpointDuration=11 ms, finalizationTime=0 ms).
flink-identity-1                | [SourceCoordinator-Source: kafka-source] INFO org.apache.flink.runtime.source.coordinator.SourceCoordinator - Marking checkpoint 20 as completed for source Source: kafka-source.
flink-identity-1                | [Checkpoint Timer] INFO org.apache.flink.runtime.checkpoint.CheckpointCoordinator - Triggering checkpoint 21 (type=CheckpointType{name='Checkpoint', sharingFilesStrategy=FORWARD_BACKWARD}) @ 1784315186743 for job 685071a0544567112a6ecd8db0ecbc0f.
flink-identity-1                | [TumblingEventTimeWindows -> kafka-sink: Writer -> kafka-sink: Committer (1/1)#0] INFO org.apache.flink.connector.kafka.sink.internal.FlinkKafkaInternalProducer - Flushing new partitions
flink-identity-1                | [TumblingEventTimeWindows -> kafka-sink: Writer -> kafka-sink: Committer (1/1)#0] WARN org.apache.flink.metrics.MetricGroup - Name collision: Group already contains a Metric with the name 'pendingCommittables'. Metric will not be reported.[, taskmanager, d44d9eab-0b38-467a-a923-d7180ca87ff1, stream-state-bench-flink-tumbling_count, kafka-sink: Committer, 0]
flink-identity-1                | [TumblingEventTimeWindows -> kafka-sink: Writer -> kafka-sink: Committer (1/1)#0] INFO org.apache.kafka.clients.producer.internals.TransactionManager - [Producer clientId=producer-stream-state-bench-flink-w3-latency-tuning_control-0-13, transactionalId=stream-state-bench-flink-w3-latency-tuning_control-0-13] Invoking InitProducerId for the first time in order to acquire a producer ID
flink-identity-1                | [kafka-producer-network-thread | producer-stream-state-bench-flink-w3-latency-tuning_control-0-13] INFO org.apache.kafka.clients.producer.internals.TransactionManager - [Producer clientId=producer-stream-state-bench-flink-w3-latency-tuning_control-0-13, transactionalId=stream-state-bench-flink-w3-latency-tuning_control-0-13] ProducerId set to 22 with epoch 0
flink-identity-1                | [jobmanager-io-thread-11] INFO org.apache.flink.runtime.checkpoint.CheckpointCoordinator - Completed checkpoint 21 for job 685071a0544567112a6ecd8db0ecbc0f (5011 bytes, checkpointDuration=10 ms, finalizationTime=0 ms).
flink-identity-1                | [SourceCoordinator-Source: kafka-source] INFO org.apache.flink.runtime.source.coordinator.SourceCoordinator - Marking checkpoint 21 as completed for source Source: kafka-source.
flink-identity-1                | [Checkpoint Timer] INFO org.apache.flink.runtime.checkpoint.CheckpointCoordinator - Triggering checkpoint 22 (type=CheckpointType{name='Checkpoint', sharingFilesStrategy=FORWARD_BACKWARD}) @ 1784315187743 for job 685071a0544567112a6ecd8db0ecbc0f.
flink-identity-1                | [TumblingEventTimeWindows -> kafka-sink: Writer -> kafka-sink: Committer (1/1)#0] INFO org.apache.flink.connector.kafka.sink.internal.FlinkKafkaInternalProducer - Flushing new partitions
flink-identity-1                | [TumblingEventTimeWindows -> kafka-sink: Writer -> kafka-sink: Committer (1/1)#0] WARN org.apache.flink.metrics.MetricGroup - Name collision: Group already contains a Metric with the name 'pendingCommittables'. Metric will not be reported.[, taskmanager, d44d9eab-0b38-467a-a923-d7180ca87ff1, stream-state-bench-flink-tumbling_count, kafka-sink: Committer, 0]
flink-identity-1                | [TumblingEventTimeWindows -> kafka-sink: Writer -> kafka-sink: Committer (1/1)#0] INFO org.apache.kafka.clients.producer.internals.TransactionManager - [Producer clientId=producer-stream-state-bench-flink-w3-latency-tuning_control-0-1, transactionalId=stream-state-bench-flink-w3-latency-tuning_control-0-1] Invoking InitProducerId for the first time in order to acquire a producer ID
flink-identity-1                | [kafka-producer-network-thread | producer-stream-state-bench-flink-w3-latency-tuning_control-0-1] INFO org.apache.kafka.clients.producer.internals.TransactionManager - [Producer clientId=producer-stream-state-bench-flink-w3-latency-tuning_control-0-1, transactionalId=stream-state-bench-flink-w3-latency-tuning_control-0-1] ProducerId set to 23 with epoch 0
flink-identity-1                | [jobmanager-io-thread-10] INFO org.apache.flink.runtime.checkpoint.CheckpointCoordinator - Completed checkpoint 22 for job 685071a0544567112a6ecd8db0ecbc0f (5011 bytes, checkpointDuration=8 ms, finalizationTime=1 ms).
flink-identity-1                | [SourceCoordinator-Source: kafka-source] INFO org.apache.flink.runtime.source.coordinator.SourceCoordinator - Marking checkpoint 22 as completed for source Source: kafka-source.
flink-identity-1                | [Checkpoint Timer] INFO org.apache.flink.runtime.checkpoint.CheckpointCoordinator - Triggering checkpoint 23 (type=CheckpointType{name='Checkpoint', sharingFilesStrategy=FORWARD_BACKWARD}) @ 1784315188743 for job 685071a0544567112a6ecd8db0ecbc0f.
stream-state-bench-flink-kafka  | [2026-07-17 19:06:13,493] INFO [GroupCoordinator id=1] Finished loading of metadata from __consumer_offsets-1 with epoch 0 in 2ms where 2ms was spent in the scheduler. Loaded 0 records which total to 0 bytes. (org.apache.kafka.coordinator.common.runtime.CoordinatorRuntime)
stream-state-bench-flink-kafka  | [2026-07-17 19:06:13,493] INFO [GroupCoordinator id=1] Finished loading of metadata from __consumer_offsets-10 with epoch 0 in 2ms where 2ms was spent in the scheduler. Loaded 0 records which total to 0 bytes. (org.apache.kafka.coordinator.common.runtime.CoordinatorRuntime)
stream-state-bench-flink-kafka  | [2026-07-17 19:06:13,493] INFO [GroupCoordinator id=1] Finished loading of metadata from __consumer_offsets-19 with epoch 0 in 2ms where 2ms was spent in the scheduler. Loaded 0 records which total to 0 bytes. (org.apache.kafka.coordinator.common.runtime.CoordinatorRuntime)
stream-state-bench-flink-kafka  | [2026-07-17 19:06:13,493] INFO [GroupCoordinator id=1] Finished loading of metadata from __consumer_offsets-35 with epoch 0 in 1ms where 1ms was spent in the scheduler. Loaded 0 records which total to 0 bytes. (org.apache.kafka.coordinator.common.runtime.CoordinatorRuntime)
stream-state-bench-flink-kafka  | [2026-07-17 19:06:13,493] INFO [GroupCoordinator id=1] Finished loading of metadata from __consumer_offsets-4 with epoch 0 in 2ms where 2ms was spent in the scheduler. Loaded 0 records which total to 0 bytes. (org.apache.kafka.coordinator.common.runtime.CoordinatorRuntime)
stream-state-bench-flink-kafka  | [2026-07-17 19:06:13,493] INFO [GroupCoordinator id=1] Finished loading of metadata from __consumer_offsets-3 with epoch 0 in 2ms where 2ms was spent in the scheduler. Loaded 0 records which total to 0 bytes. (org.apache.kafka.coordinator.common.runtime.CoordinatorRuntime)
stream-state-bench-flink-kafka  | [2026-07-17 19:06:13,494] INFO [GroupCoordinator id=1] Finished loading of metadata from __consumer_offsets-22 with epoch 0 in 2ms where 2ms was spent in the scheduler. Loaded 0 records which total to 0 bytes. (org.apache.kafka.coordinator.common.runtime.CoordinatorRuntime)
flink-identity-1                | [TumblingEventTimeWindows -> kafka-sink: Writer -> kafka-sink: Committer (1/1)#0] INFO org.apache.flink.connector.kafka.sink.internal.FlinkKafkaInternalProducer - Flushing new partitions
flink-identity-1                | [TumblingEventTimeWindows -> kafka-sink: Writer -> kafka-sink: Committer (1/1)#0] WARN org.apache.flink.metrics.MetricGroup - Name collision: Group already contains a Metric with the name 'pendingCommittables'. Metric will not be reported.[, taskmanager, d44d9eab-0b38-467a-a923-d7180ca87ff1, stream-state-bench-flink-tumbling_count, kafka-sink: Committer, 0]
flink-identity-1                | [TumblingEventTimeWindows -> kafka-sink: Writer -> kafka-sink: Committer (1/1)#0] INFO org.apache.kafka.clients.producer.internals.TransactionManager - [Producer clientId=producer-stream-state-bench-flink-w3-latency-tuning_control-0-13, transactionalId=stream-state-bench-flink-w3-latency-tuning_control-0-13] Invoking InitProducerId for the first time in order to acquire a producer ID
flink-identity-1                | [kafka-producer-network-thread | producer-stream-state-bench-flink-w3-latency-tuning_control-0-13] INFO org.apache.kafka.clients.producer.internals.TransactionManager - [Producer clientId=producer-stream-state-bench-flink-w3-latency-tuning_control-0-13, transactionalId=stream-state-bench-flink-w3-latency-tuning_control-0-13] ProducerId set to 24 with epoch 0
flink-identity-1                | [jobmanager-io-thread-7] INFO org.apache.flink.runtime.checkpoint.CheckpointCoordinator - Completed checkpoint 23 for job 685071a0544567112a6ecd8db0ecbc0f (5011 bytes, checkpointDuration=11 ms, finalizationTime=0 ms).
flink-identity-1                | [SourceCoordinator-Source: kafka-source] INFO org.apache.flink.runtime.source.coordinator.SourceCoordinator - Marking checkpoint 23 as completed for source Source: kafka-source.
flink-identity-1                | [Checkpoint Timer] INFO org.apache.flink.runtime.checkpoint.CheckpointCoordinator - Triggering checkpoint 24 (type=CheckpointType{name='Checkpoint', sharingFilesStrategy=FORWARD_BACKWARD}) @ 1784315189743 for job 685071a0544567112a6ecd8db0ecbc0f.
flink-identity-1                | [TumblingEventTimeWindows -> kafka-sink: Writer -> kafka-sink: Committer (1/1)#0] INFO org.apache.flink.connector.kafka.sink.internal.FlinkKafkaInternalProducer - Flushing new partitions
flink-identity-1                | [TumblingEventTimeWindows -> kafka-sink: Writer -> kafka-sink: Committer (1/1)#0] WARN org.apache.flink.metrics.MetricGroup - Name collision: Group already contains a Metric with the name 'pendingCommittables'. Metric will not be reported.[, taskmanager, d44d9eab-0b38-467a-a923-d7180ca87ff1, stream-state-bench-flink-tumbling_count, kafka-sink: Committer, 0]
flink-identity-1                | [TumblingEventTimeWindows -> kafka-sink: Writer -> kafka-sink: Committer (1/1)#0] INFO org.apache.kafka.clients.producer.internals.TransactionManager - [Producer clientId=producer-stream-state-bench-flink-w3-latency-tuning_control-0-1, transactionalId=stream-state-bench-flink-w3-latency-tuning_control-0-1] Invoking InitProducerId for the first time in order to acquire a producer ID
flink-identity-1                | [kafka-producer-network-thread | producer-stream-state-bench-flink-w3-latency-tuning_control-0-1] INFO org.apache.kafka.clients.producer.internals.TransactionManager - [Producer clientId=producer-stream-state-bench-flink-w3-latency-tuning_control-0-1, transactionalId=stream-state-bench-flink-w3-latency-tuning_control-0-1] ProducerId set to 25 with epoch 0
flink-identity-1                | [jobmanager-io-thread-1] INFO org.apache.flink.runtime.checkpoint.CheckpointCoordinator - Completed checkpoint 24 for job 685071a0544567112a6ecd8db0ecbc0f (5011 bytes, checkpointDuration=10 ms, finalizationTime=1 ms).
flink-identity-1                | [SourceCoordinator-Source: kafka-source] INFO org.apache.flink.runtime.source.coordinator.SourceCoordinator - Marking checkpoint 24 as completed for source Source: kafka-source.
flink-identity-1                | [Checkpoint Timer] INFO org.apache.flink.runtime.checkpoint.CheckpointCoordinator - Triggering checkpoint 25 (type=CheckpointType{name='Checkpoint', sharingFilesStrategy=FORWARD_BACKWARD}) @ 1784315190743 for job 685071a0544567112a6ecd8db0ecbc0f.
flink-identity-1                | [TumblingEventTimeWindows -> kafka-sink: Writer -> kafka-sink: Committer (1/1)#0] INFO org.apache.flink.connector.kafka.sink.internal.FlinkKafkaInternalProducer - Flushing new partitions
flink-identity-1                | [TumblingEventTimeWindows -> kafka-sink: Writer -> kafka-sink: Committer (1/1)#0] WARN org.apache.flink.metrics.MetricGroup - Name collision: Group already contains a Metric with the name 'pendingCommittables'. Metric will not be reported.[, taskmanager, d44d9eab-0b38-467a-a923-d7180ca87ff1, stream-state-bench-flink-tumbling_count, kafka-sink: Committer, 0]
flink-identity-1                | [TumblingEventTimeWindows -> kafka-sink: Writer -> kafka-sink: Committer (1/1)#0] INFO org.apache.kafka.clients.producer.internals.TransactionManager - [Producer clientId=producer-stream-state-bench-flink-w3-latency-tuning_control-0-13, transactionalId=stream-state-bench-flink-w3-latency-tuning_control-0-13] Invoking InitProducerId for the first time in order to acquire a producer ID
flink-identity-1                | [kafka-producer-network-thread | producer-stream-state-bench-flink-w3-latency-tuning_control-0-13] INFO org.apache.kafka.clients.producer.internals.TransactionManager - [Producer clientId=producer-stream-state-bench-flink-w3-latency-tuning_control-0-13, transactionalId=stream-state-bench-flink-w3-latency-tuning_control-0-13] ProducerId set to 26 with epoch 0
flink-identity-1                | [jobmanager-io-thread-12] INFO org.apache.flink.runtime.checkpoint.CheckpointCoordinator - Completed checkpoint 25 for job 685071a0544567112a6ecd8db0ecbc0f (5011 bytes, checkpointDuration=12 ms, finalizationTime=0 ms).
flink-identity-1                | [SourceCoordinator-Source: kafka-source] INFO org.apache.flink.runtime.source.coordinator.SourceCoordinator - Marking checkpoint 25 as completed for source Source: kafka-source.
flink-identity-1                | [Checkpoint Timer] INFO org.apache.flink.runtime.checkpoint.CheckpointCoordinator - Triggering checkpoint 26 (type=CheckpointType{name='Checkpoint', sharingFilesStrategy=FORWARD_BACKWARD}) @ 1784315191742 for job 685071a0544567112a6ecd8db0ecbc0f.
flink-identity-1                | [TumblingEventTimeWindows -> kafka-sink: Writer -> kafka-sink: Committer (1/1)#0] INFO org.apache.flink.connector.kafka.sink.internal.FlinkKafkaInternalProducer - Flushing new partitions
flink-identity-1                | [TumblingEventTimeWindows -> kafka-sink: Writer -> kafka-sink: Committer (1/1)#0] WARN org.apache.flink.metrics.MetricGroup - Name collision: Group already contains a Metric with the name 'pendingCommittables'. Metric will not be reported.[, taskmanager, d44d9eab-0b38-467a-a923-d7180ca87ff1, stream-state-bench-flink-tumbling_count, kafka-sink: Committer, 0]
flink-identity-1                | [TumblingEventTimeWindows -> kafka-sink: Writer -> kafka-sink: Committer (1/1)#0] INFO org.apache.kafka.clients.producer.internals.TransactionManager - [Producer clientId=producer-stream-state-bench-flink-w3-latency-tuning_control-0-1, transactionalId=stream-state-bench-flink-w3-latency-tuning_control-0-1] Invoking InitProducerId for the first time in order to acquire a producer ID
flink-identity-1                | [kafka-producer-network-thread | producer-stream-state-bench-flink-w3-latency-tuning_control-0-1] INFO org.apache.kafka.clients.producer.internals.TransactionManager - [Producer clientId=producer-stream-state-bench-flink-w3-latency-tuning_control-0-1, transactionalId=stream-state-bench-flink-w3-latency-tuning_control-0-1] ProducerId set to 27 with epoch 0
flink-identity-1                | [jobmanager-io-thread-6] INFO org.apache.flink.runtime.checkpoint.CheckpointCoordinator - Completed checkpoint 26 for job 685071a0544567112a6ecd8db0ecbc0f (5011 bytes, checkpointDuration=21 ms, finalizationTime=1 ms).
flink-identity-1                | [SourceCoordinator-Source: kafka-source] INFO org.apache.flink.runtime.source.coordinator.SourceCoordinator - Marking checkpoint 26 as completed for source Source: kafka-source.
flink-identity-1                | [Checkpoint Timer] INFO org.apache.flink.runtime.checkpoint.CheckpointCoordinator - Triggering checkpoint 27 (type=CheckpointType{name='Checkpoint', sharingFilesStrategy=FORWARD_BACKWARD}) @ 1784315192742 for job 685071a0544567112a6ecd8db0ecbc0f.
flink-identity-1                | [TumblingEventTimeWindows -> kafka-sink: Writer -> kafka-sink: Committer (1/1)#0] INFO org.apache.flink.connector.kafka.sink.internal.FlinkKafkaInternalProducer - Flushing new partitions
flink-identity-1                | [TumblingEventTimeWindows -> kafka-sink: Writer -> kafka-sink: Committer (1/1)#0] WARN org.apache.flink.metrics.MetricGroup - Name collision: Group already contains a Metric with the name 'pendingCommittables'. Metric will not be reported.[, taskmanager, d44d9eab-0b38-467a-a923-d7180ca87ff1, stream-state-bench-flink-tumbling_count, kafka-sink: Committer, 0]
flink-identity-1                | [TumblingEventTimeWindows -> kafka-sink: Writer -> kafka-sink: Committer (1/1)#0] INFO org.apache.kafka.clients.producer.internals.TransactionManager - [Producer clientId=producer-stream-state-bench-flink-w3-latency-tuning_control-0-13, transactionalId=stream-state-bench-flink-w3-latency-tuning_control-0-13] Invoking InitProducerId for the first time in order to acquire a producer ID
flink-identity-1                | [kafka-producer-network-thread | producer-stream-state-bench-flink-w3-latency-tuning_control-0-13] INFO org.apache.kafka.clients.producer.internals.TransactionManager - [Producer clientId=producer-stream-state-bench-flink-w3-latency-tuning_control-0-13, transactionalId=stream-state-bench-flink-w3-latency-tuning_control-0-13] ProducerId set to 28 with epoch 0
flink-identity-1                | [jobmanager-io-thread-3] INFO org.apache.flink.runtime.checkpoint.CheckpointCoordinator - Completed checkpoint 27 for job 685071a0544567112a6ecd8db0ecbc0f (5011 bytes, checkpointDuration=14 ms, finalizationTime=1 ms).
flink-identity-1                | [SourceCoordinator-Source: kafka-source] INFO org.apache.flink.runtime.source.coordinator.SourceCoordinator - Marking checkpoint 27 as completed for source Source: kafka-source.
flink-identity-1                | [Checkpoint Timer] INFO org.apache.flink.runtime.checkpoint.CheckpointCoordinator - Triggering checkpoint 28 (type=CheckpointType{name='Checkpoint', sharingFilesStrategy=FORWARD_BACKWARD}) @ 1784315193743 for job 685071a0544567112a6ecd8db0ecbc0f.
flink-identity-1                | [TumblingEventTimeWindows -> kafka-sink: Writer -> kafka-sink: Committer (1/1)#0] INFO org.apache.flink.connector.kafka.sink.internal.FlinkKafkaInternalProducer - Flushing new partitions
stream-state-bench-flink-kafka  | [2026-07-17 19:06:13,494] INFO [GroupCoordinator id=1] Finished loading of metadata from __consumer_offsets-25 with epoch 0 in 2ms where 2ms was spent in the scheduler. Loaded 0 records which total to 0 bytes. (org.apache.kafka.coordinator.common.runtime.CoordinatorRuntime)
stream-state-bench-flink-kafka  | [2026-07-17 19:06:13,494] INFO [GroupCoordinator id=1] Finished loading of metadata from __consumer_offsets-37 with epoch 0 in 1ms where 1ms was spent in the scheduler. Loaded 0 records which total to 0 bytes. (org.apache.kafka.coordinator.common.runtime.CoordinatorRuntime)
stream-state-bench-flink-kafka  | [2026-07-17 19:06:13,494] INFO [GroupCoordinator id=1] Finished loading of metadata from __consumer_offsets-26 with epoch 0 in 2ms where 2ms was spent in the scheduler. Loaded 0 records which total to 0 bytes. (org.apache.kafka.coordinator.common.runtime.CoordinatorRuntime)
stream-state-bench-flink-kafka  | [2026-07-17 19:06:13,494] INFO [GroupCoordinator id=1] Finished loading of metadata from __consumer_offsets-43 with epoch 0 in 1ms where 1ms was spent in the scheduler. Loaded 0 records which total to 0 bytes. (org.apache.kafka.coordinator.common.runtime.CoordinatorRuntime)
stream-state-bench-flink-kafka  | [2026-07-17 19:06:13,494] INFO [GroupCoordinator id=1] Finished loading of metadata from __consumer_offsets-31 with epoch 0 in 2ms where 2ms was spent in the scheduler. Loaded 0 records which total to 0 bytes. (org.apache.kafka.coordinator.common.runtime.CoordinatorRuntime)
stream-state-bench-flink-kafka  | [2026-07-17 19:06:13,494] INFO [GroupCoordinator id=1] Finished loading of metadata from __consumer_offsets-0 with epoch 0 in 2ms where 2ms was spent in the scheduler. Loaded 0 records which total to 0 bytes. (org.apache.kafka.coordinator.common.runtime.CoordinatorRuntime)
stream-state-bench-flink-kafka  | [2026-07-17 19:06:13,494] INFO [GroupCoordinator id=1] Finished loading of metadata from __consumer_offsets-27 with epoch 0 in 2ms where 2ms was spent in the scheduler. Loaded 0 records which total to 0 bytes. (org.apache.kafka.coordinator.common.runtime.CoordinatorRuntime)
stream-state-bench-flink-kafka  | [2026-07-17 19:06:13,519] INFO [GroupCoordinator id=1 topic=__consumer_offsets partition=3] Dynamic member with unknown member id joins group console-consumer-88600 in Empty state. Created a new member id console-consumer-0d18e326-4265-4882-b598-04b936a08235 and requesting the member to rejoin with this id. (org.apache.kafka.coordinator.group.GroupMetadataManager)
stream-state-bench-flink-kafka  | [2026-07-17 19:06:13,523] INFO [GroupCoordinator id=1 topic=__consumer_offsets partition=3] Pending dynamic member with id console-consumer-0d18e326-4265-4882-b598-04b936a08235 joins group console-consumer-88600 in Empty state. Adding to the group now. (org.apache.kafka.coordinator.group.GroupMetadataManager)
stream-state-bench-flink-kafka  | [2026-07-17 19:06:13,524] INFO [GroupCoordinator id=1 topic=__consumer_offsets partition=3] Preparing to rebalance group console-consumer-88600 in state PreparingRebalance with old generation 0 (reason: Adding new member console-consumer-0d18e326-4265-4882-b598-04b936a08235 with group instance id null; client reason: need to re-join with the given member-id: console-consumer-0d18e326-4265-4882-b598-04b936a08235). (org.apache.kafka.coordinator.group.GroupMetadataManager)
stream-state-bench-flink-kafka  | [2026-07-17 19:06:13,527] INFO [GroupCoordinator id=1 topic=__consumer_offsets partition=3] Stabilized group console-consumer-88600 generation 1 with 1 members. (org.apache.kafka.coordinator.group.GroupMetadataManager)
stream-state-bench-flink-kafka  | [2026-07-17 19:06:13,537] INFO [GroupCoordinator id=1 topic=__consumer_offsets partition=3] Assignment received from leader console-consumer-0d18e326-4265-4882-b598-04b936a08235 for group console-consumer-88600 for generation 1. The group has 1 members, 0 of which are static. (org.apache.kafka.coordinator.group.GroupMetadataManager)
stream-state-bench-flink-kafka  | [2026-07-17 19:06:13,569] INFO [GroupCoordinator id=1 topic=__consumer_offsets partition=13] Dynamic member with unknown member id joins group console-consumer-97033 in Empty state. Created a new member id console-consumer-78d5fcf1-965a-4c1c-84bc-be42af5bca37 and requesting the member to rejoin with this id. (org.apache.kafka.coordinator.group.GroupMetadataManager)
stream-state-bench-flink-kafka  | [2026-07-17 19:06:13,571] INFO [GroupCoordinator id=1 topic=__consumer_offsets partition=13] Pending dynamic member with id console-consumer-78d5fcf1-965a-4c1c-84bc-be42af5bca37 joins group console-consumer-97033 in Empty state. Adding to the group now. (org.apache.kafka.coordinator.group.GroupMetadataManager)
stream-state-bench-flink-kafka  | [2026-07-17 19:06:13,571] INFO [GroupCoordinator id=1 topic=__consumer_offsets partition=13] Preparing to rebalance group console-consumer-97033 in state PreparingRebalance with old generation 0 (reason: Adding new member console-consumer-78d5fcf1-965a-4c1c-84bc-be42af5bca37 with group instance id null; client reason: need to re-join with the given member-id: console-consumer-78d5fcf1-965a-4c1c-84bc-be42af5bca37). (org.apache.kafka.coordinator.group.GroupMetadataManager)
stream-state-bench-flink-kafka  | [2026-07-17 19:06:13,571] INFO [GroupCoordinator id=1 topic=__consumer_offsets partition=13] Stabilized group console-consumer-97033 generation 1 with 1 members. (org.apache.kafka.coordinator.group.GroupMetadataManager)
stream-state-bench-flink-kafka  | [2026-07-17 19:06:13,588] INFO [GroupCoordinator id=1 topic=__consumer_offsets partition=13] Assignment received from leader console-consumer-78d5fcf1-965a-4c1c-84bc-be42af5bca37 for group console-consumer-97033 for generation 1. The group has 1 members, 0 of which are static. (org.apache.kafka.coordinator.group.GroupMetadataManager)
stream-state-bench-flink-kafka  | [2026-07-17 19:06:13,748] INFO [TransactionCoordinator id=1] Initialized transactionalId stream-state-bench-flink-w3-latency-tuning_control-0-9 with producerId 8 and producer epoch 0 on partition __transaction_state-41 (kafka.coordinator.transaction.TransactionCoordinator)
stream-state-bench-flink-kafka  | [2026-07-17 19:06:14,748] INFO [TransactionCoordinator id=1] Initialized transactionalId stream-state-bench-flink-w3-latency-tuning_control-0-10 with producerId 10 and producer epoch 0 on partition __transaction_state-47 (kafka.coordinator.transaction.TransactionCoordinator)
stream-state-bench-flink-kafka  | [2026-07-17 19:06:15,749] INFO [TransactionCoordinator id=1] Initialized transactionalId stream-state-bench-flink-w3-latency-tuning_control-0-11 with producerId 11 and producer epoch 0 on partition __transaction_state-46 (kafka.coordinator.transaction.TransactionCoordinator)
stream-state-bench-flink-kafka  | [2026-07-17 19:06:16,545] INFO [GroupCoordinator id=1 topic=__consumer_offsets partition=18] [GroupId stream-state-bench-flink-w3-latency-tuning_control] Creating a simple consumer group via manual offset commit. (org.apache.kafka.coordinator.group.OffsetMetadataManager)
stream-state-bench-flink-kafka  | [2026-07-17 19:06:16,748] INFO [TransactionCoordinator id=1] Initialized transactionalId stream-state-bench-flink-w3-latency-tuning_control-0-12 with producerId 12 and producer epoch 0 on partition __transaction_state-45 (kafka.coordinator.transaction.TransactionCoordinator)
stream-state-bench-flink-kafka  | [2026-07-17 19:06:17,490] INFO [GroupCoordinator id=1 topic=__consumer_offsets partition=13] [Group console-consumer-97033] Member console-consumer-78d5fcf1-965a-4c1c-84bc-be42af5bca37 has left group through explicit `LeaveGroup` request; client reason: the consumer is being closed (org.apache.kafka.coordinator.group.GroupMetadataManager)
stream-state-bench-flink-kafka  | [2026-07-17 19:06:17,491] INFO [GroupCoordinator id=1 topic=__consumer_offsets partition=13] Preparing to rebalance group console-consumer-97033 in state PreparingRebalance with old generation 1 (reason: explicit `LeaveGroup` request for (console-consumer-78d5fcf1-965a-4c1c-84bc-be42af5bca37) members.). (org.apache.kafka.coordinator.group.GroupMetadataManager)
stream-state-bench-flink-kafka  | [2026-07-17 19:06:17,491] INFO [GroupCoordinator id=1 topic=__consumer_offsets partition=13] Group console-consumer-97033 with generation 2 is now empty. (org.apache.kafka.coordinator.group.GroupMetadataManager)
stream-state-bench-flink-kafka  | [2026-07-17 19:06:17,865] INFO [TransactionCoordinator id=1] Initialized transactionalId stream-state-bench-flink-w3-latency-tuning_control-0-13 with producerId 13 and producer epoch 0 on partition __transaction_state-44 (kafka.coordinator.transaction.TransactionCoordinator)
stream-state-bench-flink-kafka  | [2026-07-17 19:06:17,882] INFO [Transaction Marker Channel Manager 1]: Creating new marker queue map to destination broker 1 (kafka.coordinator.transaction.TransactionMarkerChannelManager)
stream-state-bench-flink-kafka  | [2026-07-17 19:06:17,882] INFO Creating new marker queue for txn partition 45 to destination broker 1 (kafka.coordinator.transaction.TxnMarkerQueue)
stream-state-bench-flink-kafka  | [2026-07-17 19:06:17,894] INFO [LocalLog partition=bench-w3-latency-flink-output-0, dir=/tmp/kafka-logs/bench-w3-latency-flink-output-0] Rolled new log segment at offset 71 in 2 ms. (org.apache.kafka.storage.internals.log.LocalLog)
stream-state-bench-flink-kafka  | [2026-07-17 19:06:17,895] INFO [ProducerStateManager partition=bench-w3-latency-flink-output-0] Wrote producer snapshot at offset 71 with 1 producer ids in 0 ms. (org.apache.kafka.storage.internals.log.ProducerStateManager)
stream-state-bench-flink-kafka  | [2026-07-17 19:06:18,748] INFO [TransactionCoordinator id=1] Initialized transactionalId stream-state-bench-flink-w3-latency-tuning_control-0-14 with producerId 14 and producer epoch 0 on partition __transaction_state-43 (kafka.coordinator.transaction.TransactionCoordinator)
stream-state-bench-flink-kafka  | [2026-07-17 19:06:19,748] INFO [TransactionCoordinator id=1] Initialized transactionalId stream-state-bench-flink-w3-latency-tuning_control-0-15 with producerId 15 and producer epoch 0 on partition __transaction_state-42 (kafka.coordinator.transaction.TransactionCoordinator)
stream-state-bench-flink-kafka  | [2026-07-17 19:06:20,754] INFO [TransactionCoordinator id=1] Initialized transactionalId stream-state-bench-flink-w3-latency-tuning_control-0-16 with producerId 16 and producer epoch 0 on partition __transaction_state-41 (kafka.coordinator.transaction.TransactionCoordinator)
stream-state-bench-flink-kafka  | [2026-07-17 19:06:21,749] INFO [TransactionCoordinator id=1] Initialized transactionalId stream-state-bench-flink-w3-latency-tuning_control-0-17 with producerId 17 and producer epoch 0 on partition __transaction_state-40 (kafka.coordinator.transaction.TransactionCoordinator)
stream-state-bench-flink-kafka  | [2026-07-17 19:06:22,748] INFO [TransactionCoordinator id=1] Initialized transactionalId stream-state-bench-flink-w3-latency-tuning_control-0-18 with producerId 18 and producer epoch 0 on partition __transaction_state-39 (kafka.coordinator.transaction.TransactionCoordinator)
stream-state-bench-flink-kafka  | [2026-07-17 19:06:23,747] INFO [TransactionCoordinator id=1] Initialized transactionalId stream-state-bench-flink-w3-latency-tuning_control-0-19 with producerId 19 and producer epoch 0 on partition __transaction_state-38 (kafka.coordinator.transaction.TransactionCoordinator)
stream-state-bench-flink-kafka  | [2026-07-17 19:06:24,747] INFO [TransactionCoordinator id=1] Initialized transactionalId stream-state-bench-flink-w3-latency-tuning_control-0-20 with producerId 20 and producer epoch 0 on partition __transaction_state-16 (kafka.coordinator.transaction.TransactionCoordinator)
flink-identity-1                | [TumblingEventTimeWindows -> kafka-sink: Writer -> kafka-sink: Committer (1/1)#0] WARN org.apache.flink.metrics.MetricGroup - Name collision: Group already contains a Metric with the name 'pendingCommittables'. Metric will not be reported.[, taskmanager, d44d9eab-0b38-467a-a923-d7180ca87ff1, stream-state-bench-flink-tumbling_count, kafka-sink: Committer, 0]
flink-identity-1                | [TumblingEventTimeWindows -> kafka-sink: Writer -> kafka-sink: Committer (1/1)#0] INFO org.apache.kafka.clients.producer.internals.TransactionManager - [Producer clientId=producer-stream-state-bench-flink-w3-latency-tuning_control-0-1, transactionalId=stream-state-bench-flink-w3-latency-tuning_control-0-1] Invoking InitProducerId for the first time in order to acquire a producer ID
flink-identity-1                | [kafka-producer-network-thread | producer-stream-state-bench-flink-w3-latency-tuning_control-0-1] INFO org.apache.kafka.clients.producer.internals.TransactionManager - [Producer clientId=producer-stream-state-bench-flink-w3-latency-tuning_control-0-1, transactionalId=stream-state-bench-flink-w3-latency-tuning_control-0-1] ProducerId set to 29 with epoch 0
flink-identity-1                | [jobmanager-io-thread-5] INFO org.apache.flink.runtime.checkpoint.CheckpointCoordinator - Completed checkpoint 28 for job 685071a0544567112a6ecd8db0ecbc0f (5011 bytes, checkpointDuration=10 ms, finalizationTime=1 ms).
flink-identity-1                | [SourceCoordinator-Source: kafka-source] INFO org.apache.flink.runtime.source.coordinator.SourceCoordinator - Marking checkpoint 28 as completed for source Source: kafka-source.
flink-identity-1                | [Checkpoint Timer] INFO org.apache.flink.runtime.checkpoint.CheckpointCoordinator - Triggering checkpoint 29 (type=CheckpointType{name='Checkpoint', sharingFilesStrategy=FORWARD_BACKWARD}) @ 1784315194743 for job 685071a0544567112a6ecd8db0ecbc0f.
flink-identity-1                | [TumblingEventTimeWindows -> kafka-sink: Writer -> kafka-sink: Committer (1/1)#0] INFO org.apache.flink.connector.kafka.sink.internal.FlinkKafkaInternalProducer - Flushing new partitions
flink-identity-1                | [TumblingEventTimeWindows -> kafka-sink: Writer -> kafka-sink: Committer (1/1)#0] WARN org.apache.flink.metrics.MetricGroup - Name collision: Group already contains a Metric with the name 'pendingCommittables'. Metric will not be reported.[, taskmanager, d44d9eab-0b38-467a-a923-d7180ca87ff1, stream-state-bench-flink-tumbling_count, kafka-sink: Committer, 0]
flink-identity-1                | [TumblingEventTimeWindows -> kafka-sink: Writer -> kafka-sink: Committer (1/1)#0] INFO org.apache.kafka.clients.producer.internals.TransactionManager - [Producer clientId=producer-stream-state-bench-flink-w3-latency-tuning_control-0-13, transactionalId=stream-state-bench-flink-w3-latency-tuning_control-0-13] Invoking InitProducerId for the first time in order to acquire a producer ID
flink-identity-1                | [kafka-producer-network-thread | producer-stream-state-bench-flink-w3-latency-tuning_control-0-13] INFO org.apache.kafka.clients.producer.internals.TransactionManager - [Producer clientId=producer-stream-state-bench-flink-w3-latency-tuning_control-0-13, transactionalId=stream-state-bench-flink-w3-latency-tuning_control-0-13] ProducerId set to 30 with epoch 0
flink-identity-1                | [jobmanager-io-thread-16] INFO org.apache.flink.runtime.checkpoint.CheckpointCoordinator - Completed checkpoint 29 for job 685071a0544567112a6ecd8db0ecbc0f (5011 bytes, checkpointDuration=10 ms, finalizationTime=1 ms).
flink-identity-1                | [SourceCoordinator-Source: kafka-source] INFO org.apache.flink.runtime.source.coordinator.SourceCoordinator - Marking checkpoint 29 as completed for source Source: kafka-source.
flink-identity-1                | [Checkpoint Timer] INFO org.apache.flink.runtime.checkpoint.CheckpointCoordinator - Triggering checkpoint 30 (type=CheckpointType{name='Checkpoint', sharingFilesStrategy=FORWARD_BACKWARD}) @ 1784315195743 for job 685071a0544567112a6ecd8db0ecbc0f.
flink-identity-1                | [TumblingEventTimeWindows -> kafka-sink: Writer -> kafka-sink: Committer (1/1)#0] INFO org.apache.flink.connector.kafka.sink.internal.FlinkKafkaInternalProducer - Flushing new partitions
flink-identity-1                | [TumblingEventTimeWindows -> kafka-sink: Writer -> kafka-sink: Committer (1/1)#0] WARN org.apache.flink.metrics.MetricGroup - Name collision: Group already contains a Metric with the name 'pendingCommittables'. Metric will not be reported.[, taskmanager, d44d9eab-0b38-467a-a923-d7180ca87ff1, stream-state-bench-flink-tumbling_count, kafka-sink: Committer, 0]
flink-identity-1                | [TumblingEventTimeWindows -> kafka-sink: Writer -> kafka-sink: Committer (1/1)#0] INFO org.apache.kafka.clients.producer.internals.TransactionManager - [Producer clientId=producer-stream-state-bench-flink-w3-latency-tuning_control-0-1, transactionalId=stream-state-bench-flink-w3-latency-tuning_control-0-1] Invoking InitProducerId for the first time in order to acquire a producer ID
flink-identity-1                | [kafka-producer-network-thread | producer-stream-state-bench-flink-w3-latency-tuning_control-0-1] INFO org.apache.kafka.clients.producer.internals.TransactionManager - [Producer clientId=producer-stream-state-bench-flink-w3-latency-tuning_control-0-1, transactionalId=stream-state-bench-flink-w3-latency-tuning_control-0-1] ProducerId set to 31 with epoch 0
flink-identity-1                | [jobmanager-io-thread-2] INFO org.apache.flink.runtime.checkpoint.CheckpointCoordinator - Completed checkpoint 30 for job 685071a0544567112a6ecd8db0ecbc0f (5011 bytes, checkpointDuration=10 ms, finalizationTime=1 ms).
flink-identity-1                | [SourceCoordinator-Source: kafka-source] INFO org.apache.flink.runtime.source.coordinator.SourceCoordinator - Marking checkpoint 30 as completed for source Source: kafka-source.
flink-identity-1                | [Checkpoint Timer] INFO org.apache.flink.runtime.checkpoint.CheckpointCoordinator - Triggering checkpoint 31 (type=CheckpointType{name='Checkpoint', sharingFilesStrategy=FORWARD_BACKWARD}) @ 1784315196743 for job 685071a0544567112a6ecd8db0ecbc0f.
flink-identity-1                | [TumblingEventTimeWindows -> kafka-sink: Writer -> kafka-sink: Committer (1/1)#0] INFO org.apache.flink.connector.kafka.sink.internal.FlinkKafkaInternalProducer - Flushing new partitions
flink-identity-1                | [TumblingEventTimeWindows -> kafka-sink: Writer -> kafka-sink: Committer (1/1)#0] WARN org.apache.flink.metrics.MetricGroup - Name collision: Group already contains a Metric with the name 'pendingCommittables'. Metric will not be reported.[, taskmanager, d44d9eab-0b38-467a-a923-d7180ca87ff1, stream-state-bench-flink-tumbling_count, kafka-sink: Committer, 0]
flink-identity-1                | [TumblingEventTimeWindows -> kafka-sink: Writer -> kafka-sink: Committer (1/1)#0] INFO org.apache.kafka.clients.producer.internals.TransactionManager - [Producer clientId=producer-stream-state-bench-flink-w3-latency-tuning_control-0-13, transactionalId=stream-state-bench-flink-w3-latency-tuning_control-0-13] Invoking InitProducerId for the first time in order to acquire a producer ID
stream-state-bench-flink-kafka  | [2026-07-17 19:06:25,747] INFO [TransactionCoordinator id=1] Initialized transactionalId stream-state-bench-flink-w3-latency-tuning_control-0-21 with producerId 21 and producer epoch 0 on partition __transaction_state-15 (kafka.coordinator.transaction.TransactionCoordinator)
stream-state-bench-flink-kafka  | [2026-07-17 19:06:26,747] INFO [TransactionCoordinator id=1] Initialized transactionalId stream-state-bench-flink-w3-latency-tuning_control-0-22 with producerId 22 and producer epoch 0 on partition __transaction_state-14 (kafka.coordinator.transaction.TransactionCoordinator)
stream-state-bench-flink-kafka  | [2026-07-17 19:06:27,603] INFO [UnifiedLog partition=bench-w3-latency-flink-output-0, dir=/tmp/kafka-logs] Incremented log start offset to 71 due to segment deletion (org.apache.kafka.storage.internals.log.UnifiedLog)
stream-state-bench-flink-kafka  | [2026-07-17 19:06:27,607] INFO [UnifiedLog partition=bench-w3-latency-flink-output-0, dir=/tmp/kafka-logs] Deleting segment LogSegment(baseOffset=0, size=10511, lastModifiedTime=1784315177697, largestRecordTimestamp=59999) due to log retention time 604800000ms breach based on the largest record timestamp in the segment (org.apache.kafka.storage.internals.log.UnifiedLog)
stream-state-bench-flink-kafka  | [2026-07-17 19:06:27,746] INFO [TransactionCoordinator id=1] Initialized transactionalId stream-state-bench-flink-w3-latency-tuning_control-0-23 with producerId 23 and producer epoch 0 on partition __transaction_state-13 (kafka.coordinator.transaction.TransactionCoordinator)
stream-state-bench-flink-kafka  | [2026-07-17 19:06:28,747] INFO [TransactionCoordinator id=1] Initialized transactionalId stream-state-bench-flink-w3-latency-tuning_control-0-24 with producerId 24 and producer epoch 0 on partition __transaction_state-12 (kafka.coordinator.transaction.TransactionCoordinator)
stream-state-bench-flink-kafka  | [2026-07-17 19:06:29,747] INFO [TransactionCoordinator id=1] Initialized transactionalId stream-state-bench-flink-w3-latency-tuning_control-0-25 with producerId 25 and producer epoch 0 on partition __transaction_state-11 (kafka.coordinator.transaction.TransactionCoordinator)
stream-state-bench-flink-kafka  | [2026-07-17 19:06:30,748] INFO [TransactionCoordinator id=1] Initialized transactionalId stream-state-bench-flink-w3-latency-tuning_control-0-26 with producerId 26 and producer epoch 0 on partition __transaction_state-10 (kafka.coordinator.transaction.TransactionCoordinator)
stream-state-bench-flink-kafka  | [2026-07-17 19:06:31,748] INFO [TransactionCoordinator id=1] Initialized transactionalId stream-state-bench-flink-w3-latency-tuning_control-0-27 with producerId 27 and producer epoch 0 on partition __transaction_state-9 (kafka.coordinator.transaction.TransactionCoordinator)
stream-state-bench-flink-kafka  | [2026-07-17 19:06:32,747] INFO [TransactionCoordinator id=1] Initialized transactionalId stream-state-bench-flink-w3-latency-tuning_control-0-28 with producerId 28 and producer epoch 0 on partition __transaction_state-8 (kafka.coordinator.transaction.TransactionCoordinator)
stream-state-bench-flink-kafka  | [2026-07-17 19:06:33,747] INFO [TransactionCoordinator id=1] Initialized transactionalId stream-state-bench-flink-w3-latency-tuning_control-0-29 with producerId 29 and producer epoch 0 on partition __transaction_state-7 (kafka.coordinator.transaction.TransactionCoordinator)
stream-state-bench-flink-kafka  | [2026-07-17 19:06:34,747] INFO [TransactionCoordinator id=1] Initialized transactionalId stream-state-bench-flink-w3-latency-tuning_control-0-30 with producerId 30 and producer epoch 0 on partition __transaction_state-35 (kafka.coordinator.transaction.TransactionCoordinator)
stream-state-bench-flink-kafka  | [2026-07-17 19:06:35,747] INFO [TransactionCoordinator id=1] Initialized transactionalId stream-state-bench-flink-w3-latency-tuning_control-0-31 with producerId 31 and producer epoch 0 on partition __transaction_state-34 (kafka.coordinator.transaction.TransactionCoordinator)
stream-state-bench-flink-kafka  | [2026-07-17 19:06:36,748] INFO [TransactionCoordinator id=1] Initialized transactionalId stream-state-bench-flink-w3-latency-tuning_control-0-32 with producerId 32 and producer epoch 0 on partition __transaction_state-33 (kafka.coordinator.transaction.TransactionCoordinator)
stream-state-bench-flink-kafka  | [2026-07-17 19:06:37,748] INFO [TransactionCoordinator id=1] Initialized transactionalId stream-state-bench-flink-w3-latency-tuning_control-0-33 with producerId 33 and producer epoch 0 on partition __transaction_state-32 (kafka.coordinator.transaction.TransactionCoordinator)
stream-state-bench-flink-kafka  | [2026-07-17 19:06:38,747] INFO [TransactionCoordinator id=1] Initialized transactionalId stream-state-bench-flink-w3-latency-tuning_control-0-34 with producerId 34 and producer epoch 0 on partition __transaction_state-31 (kafka.coordinator.transaction.TransactionCoordinator)
stream-state-bench-flink-kafka  | [2026-07-17 19:06:39,747] INFO [TransactionCoordinator id=1] Initialized transactionalId stream-state-bench-flink-w3-latency-tuning_control-0-35 with producerId 35 and producer epoch 0 on partition __transaction_state-30 (kafka.coordinator.transaction.TransactionCoordinator)
stream-state-bench-flink-kafka  | [2026-07-17 19:06:40,747] INFO [TransactionCoordinator id=1] Initialized transactionalId stream-state-bench-flink-w3-latency-tuning_control-0-36 with producerId 36 and producer epoch 0 on partition __transaction_state-29 (kafka.coordinator.transaction.TransactionCoordinator)
stream-state-bench-flink-kafka  | [2026-07-17 19:06:41,747] INFO [TransactionCoordinator id=1] Initialized transactionalId stream-state-bench-flink-w3-latency-tuning_control-0-37 with producerId 37 and producer epoch 0 on partition __transaction_state-28 (kafka.coordinator.transaction.TransactionCoordinator)
flink-identity-1                | [kafka-producer-network-thread | producer-stream-state-bench-flink-w3-latency-tuning_control-0-13] INFO org.apache.kafka.clients.producer.internals.TransactionManager - [Producer clientId=producer-stream-state-bench-flink-w3-latency-tuning_control-0-13, transactionalId=stream-state-bench-flink-w3-latency-tuning_control-0-13] ProducerId set to 32 with epoch 0
flink-identity-1                | [jobmanager-io-thread-4] INFO org.apache.flink.runtime.checkpoint.CheckpointCoordinator - Completed checkpoint 31 for job 685071a0544567112a6ecd8db0ecbc0f (5011 bytes, checkpointDuration=10 ms, finalizationTime=1 ms).
flink-identity-1                | [SourceCoordinator-Source: kafka-source] INFO org.apache.flink.runtime.source.coordinator.SourceCoordinator - Marking checkpoint 31 as completed for source Source: kafka-source.
flink-identity-1                | [Checkpoint Timer] INFO org.apache.flink.runtime.checkpoint.CheckpointCoordinator - Triggering checkpoint 32 (type=CheckpointType{name='Checkpoint', sharingFilesStrategy=FORWARD_BACKWARD}) @ 1784315197743 for job 685071a0544567112a6ecd8db0ecbc0f.
flink-identity-1                | [TumblingEventTimeWindows -> kafka-sink: Writer -> kafka-sink: Committer (1/1)#0] INFO org.apache.flink.connector.kafka.sink.internal.FlinkKafkaInternalProducer - Flushing new partitions
flink-identity-1                | [TumblingEventTimeWindows -> kafka-sink: Writer -> kafka-sink: Committer (1/1)#0] WARN org.apache.flink.metrics.MetricGroup - Name collision: Group already contains a Metric with the name 'pendingCommittables'. Metric will not be reported.[, taskmanager, d44d9eab-0b38-467a-a923-d7180ca87ff1, stream-state-bench-flink-tumbling_count, kafka-sink: Committer, 0]
flink-identity-1                | [TumblingEventTimeWindows -> kafka-sink: Writer -> kafka-sink: Committer (1/1)#0] INFO org.apache.kafka.clients.producer.internals.TransactionManager - [Producer clientId=producer-stream-state-bench-flink-w3-latency-tuning_control-0-1, transactionalId=stream-state-bench-flink-w3-latency-tuning_control-0-1] Invoking InitProducerId for the first time in order to acquire a producer ID
flink-identity-1                | [kafka-producer-network-thread | producer-stream-state-bench-flink-w3-latency-tuning_control-0-1] INFO org.apache.kafka.clients.producer.internals.TransactionManager - [Producer clientId=producer-stream-state-bench-flink-w3-latency-tuning_control-0-1, transactionalId=stream-state-bench-flink-w3-latency-tuning_control-0-1] ProducerId set to 33 with epoch 0
flink-identity-1                | [jobmanager-io-thread-9] INFO org.apache.flink.runtime.checkpoint.CheckpointCoordinator - Completed checkpoint 32 for job 685071a0544567112a6ecd8db0ecbc0f (5011 bytes, checkpointDuration=11 ms, finalizationTime=1 ms).
flink-identity-1                | [SourceCoordinator-Source: kafka-source] INFO org.apache.flink.runtime.source.coordinator.SourceCoordinator - Marking checkpoint 32 as completed for source Source: kafka-source.
flink-identity-1                | [Checkpoint Timer] INFO org.apache.flink.runtime.checkpoint.CheckpointCoordinator - Triggering checkpoint 33 (type=CheckpointType{name='Checkpoint', sharingFilesStrategy=FORWARD_BACKWARD}) @ 1784315198742 for job 685071a0544567112a6ecd8db0ecbc0f.
flink-identity-1                | [TumblingEventTimeWindows -> kafka-sink: Writer -> kafka-sink: Committer (1/1)#0] INFO org.apache.flink.connector.kafka.sink.internal.FlinkKafkaInternalProducer - Flushing new partitions
flink-identity-1                | [TumblingEventTimeWindows -> kafka-sink: Writer -> kafka-sink: Committer (1/1)#0] WARN org.apache.flink.metrics.MetricGroup - Name collision: Group already contains a Metric with the name 'pendingCommittables'. Metric will not be reported.[, taskmanager, d44d9eab-0b38-467a-a923-d7180ca87ff1, stream-state-bench-flink-tumbling_count, kafka-sink: Committer, 0]
flink-identity-1                | [TumblingEventTimeWindows -> kafka-sink: Writer -> kafka-sink: Committer (1/1)#0] INFO org.apache.kafka.clients.producer.internals.TransactionManager - [Producer clientId=producer-stream-state-bench-flink-w3-latency-tuning_control-0-13, transactionalId=stream-state-bench-flink-w3-latency-tuning_control-0-13] Invoking InitProducerId for the first time in order to acquire a producer ID
flink-identity-1                | [kafka-producer-network-thread | producer-stream-state-bench-flink-w3-latency-tuning_control-0-13] INFO org.apache.kafka.clients.producer.internals.TransactionManager - [Producer clientId=producer-stream-state-bench-flink-w3-latency-tuning_control-0-13, transactionalId=stream-state-bench-flink-w3-latency-tuning_control-0-13] ProducerId set to 34 with epoch 0
flink-identity-1                | [jobmanager-io-thread-11] INFO org.apache.flink.runtime.checkpoint.CheckpointCoordinator - Completed checkpoint 33 for job 685071a0544567112a6ecd8db0ecbc0f (5011 bytes, checkpointDuration=11 ms, finalizationTime=0 ms).
flink-identity-1                | [SourceCoordinator-Source: kafka-source] INFO org.apache.flink.runtime.source.coordinator.SourceCoordinator - Marking checkpoint 33 as completed for source Source: kafka-source.
flink-identity-1                | [Checkpoint Timer] INFO org.apache.flink.runtime.checkpoint.CheckpointCoordinator - Triggering checkpoint 34 (type=CheckpointType{name='Checkpoint', sharingFilesStrategy=FORWARD_BACKWARD}) @ 1784315199742 for job 685071a0544567112a6ecd8db0ecbc0f.
flink-identity-1                | [TumblingEventTimeWindows -> kafka-sink: Writer -> kafka-sink: Committer (1/1)#0] INFO org.apache.flink.connector.kafka.sink.internal.FlinkKafkaInternalProducer - Flushing new partitions
flink-identity-1                | [TumblingEventTimeWindows -> kafka-sink: Writer -> kafka-sink: Committer (1/1)#0] WARN org.apache.flink.metrics.MetricGroup - Name collision: Group already contains a Metric with the name 'pendingCommittables'. Metric will not be reported.[, taskmanager, d44d9eab-0b38-467a-a923-d7180ca87ff1, stream-state-bench-flink-tumbling_count, kafka-sink: Committer, 0]
flink-identity-1                | [TumblingEventTimeWindows -> kafka-sink: Writer -> kafka-sink: Committer (1/1)#0] INFO org.apache.kafka.clients.producer.internals.TransactionManager - [Producer clientId=producer-stream-state-bench-flink-w3-latency-tuning_control-0-1, transactionalId=stream-state-bench-flink-w3-latency-tuning_control-0-1] Invoking InitProducerId for the first time in order to acquire a producer ID
flink-identity-1                | [kafka-producer-network-thread | producer-stream-state-bench-flink-w3-latency-tuning_control-0-1] INFO org.apache.kafka.clients.producer.internals.TransactionManager - [Producer clientId=producer-stream-state-bench-flink-w3-latency-tuning_control-0-1, transactionalId=stream-state-bench-flink-w3-latency-tuning_control-0-1] ProducerId set to 35 with epoch 0
flink-identity-1                | [jobmanager-io-thread-12] INFO org.apache.flink.runtime.checkpoint.CheckpointCoordinator - Completed checkpoint 34 for job 685071a0544567112a6ecd8db0ecbc0f (5011 bytes, checkpointDuration=11 ms, finalizationTime=0 ms).
flink-identity-1                | [SourceCoordinator-Source: kafka-source] INFO org.apache.flink.runtime.source.coordinator.SourceCoordinator - Marking checkpoint 34 as completed for source Source: kafka-source.
flink-identity-1                | [Checkpoint Timer] INFO org.apache.flink.runtime.checkpoint.CheckpointCoordinator - Triggering checkpoint 35 (type=CheckpointType{name='Checkpoint', sharingFilesStrategy=FORWARD_BACKWARD}) @ 1784315200743 for job 685071a0544567112a6ecd8db0ecbc0f.
flink-identity-1                | [TumblingEventTimeWindows -> kafka-sink: Writer -> kafka-sink: Committer (1/1)#0] INFO org.apache.flink.connector.kafka.sink.internal.FlinkKafkaInternalProducer - Flushing new partitions
flink-identity-1                | [TumblingEventTimeWindows -> kafka-sink: Writer -> kafka-sink: Committer (1/1)#0] WARN org.apache.flink.metrics.MetricGroup - Name collision: Group already contains a Metric with the name 'pendingCommittables'. Metric will not be reported.[, taskmanager, d44d9eab-0b38-467a-a923-d7180ca87ff1, stream-state-bench-flink-tumbling_count, kafka-sink: Committer, 0]
flink-identity-1                | [TumblingEventTimeWindows -> kafka-sink: Writer -> kafka-sink: Committer (1/1)#0] INFO org.apache.kafka.clients.producer.internals.TransactionManager - [Producer clientId=producer-stream-state-bench-flink-w3-latency-tuning_control-0-13, transactionalId=stream-state-bench-flink-w3-latency-tuning_control-0-13] Invoking InitProducerId for the first time in order to acquire a producer ID
stream-state-bench-flink-kafka  | [2026-07-17 19:06:42,748] INFO [TransactionCoordinator id=1] Initialized transactionalId stream-state-bench-flink-w3-latency-tuning_control-0-38 with producerId 38 and producer epoch 0 on partition __transaction_state-27 (kafka.coordinator.transaction.TransactionCoordinator)
stream-state-bench-flink-kafka  | [2026-07-17 19:06:43,747] INFO [TransactionCoordinator id=1] Initialized transactionalId stream-state-bench-flink-w3-latency-tuning_control-0-39 with producerId 39 and producer epoch 0 on partition __transaction_state-26 (kafka.coordinator.transaction.TransactionCoordinator)
stream-state-bench-flink-kafka  | [2026-07-17 19:06:44,747] INFO [TransactionCoordinator id=1] Initialized transactionalId stream-state-bench-flink-w3-latency-tuning_control-0-40 with producerId 40 and producer epoch 0 on partition __transaction_state-4 (kafka.coordinator.transaction.TransactionCoordinator)
stream-state-bench-flink-kafka  | [2026-07-17 19:06:45,747] INFO [TransactionCoordinator id=1] Initialized transactionalId stream-state-bench-flink-w3-latency-tuning_control-0-41 with producerId 41 and producer epoch 0 on partition __transaction_state-3 (kafka.coordinator.transaction.TransactionCoordinator)
stream-state-bench-flink-kafka  | [2026-07-17 19:06:46,749] INFO [TransactionCoordinator id=1] Initialized transactionalId stream-state-bench-flink-w3-latency-tuning_control-0-42 with producerId 42 and producer epoch 0 on partition __transaction_state-2 (kafka.coordinator.transaction.TransactionCoordinator)
stream-state-bench-flink-kafka  | [2026-07-17 19:06:47,747] INFO [TransactionCoordinator id=1] Initialized transactionalId stream-state-bench-flink-w3-latency-tuning_control-0-43 with producerId 43 and producer epoch 0 on partition __transaction_state-1 (kafka.coordinator.transaction.TransactionCoordinator)
stream-state-bench-flink-kafka  | [2026-07-17 19:06:48,747] INFO [TransactionCoordinator id=1] Initialized transactionalId stream-state-bench-flink-w3-latency-tuning_control-0-44 with producerId 44 and producer epoch 0 on partition __transaction_state-0 (kafka.coordinator.transaction.TransactionCoordinator)
stream-state-bench-flink-kafka  | [2026-07-17 19:06:49,747] INFO [TransactionCoordinator id=1] Initialized transactionalId stream-state-bench-flink-w3-latency-tuning_control-0-45 with producerId 45 and producer epoch 0 on partition __transaction_state-49 (kafka.coordinator.transaction.TransactionCoordinator)
stream-state-bench-flink-kafka  | [2026-07-17 19:06:50,747] INFO [TransactionCoordinator id=1] Initialized transactionalId stream-state-bench-flink-w3-latency-tuning_control-0-46 with producerId 46 and producer epoch 0 on partition __transaction_state-48 (kafka.coordinator.transaction.TransactionCoordinator)
stream-state-bench-flink-kafka  | [2026-07-17 19:06:51,747] INFO [TransactionCoordinator id=1] Initialized transactionalId stream-state-bench-flink-w3-latency-tuning_control-0-47 with producerId 47 and producer epoch 0 on partition __transaction_state-47 (kafka.coordinator.transaction.TransactionCoordinator)
stream-state-bench-flink-kafka  | [2026-07-17 19:06:52,747] INFO [TransactionCoordinator id=1] Initialized transactionalId stream-state-bench-flink-w3-latency-tuning_control-0-48 with producerId 48 and producer epoch 0 on partition __transaction_state-46 (kafka.coordinator.transaction.TransactionCoordinator)
stream-state-bench-flink-kafka  | [2026-07-17 19:06:53,747] INFO [TransactionCoordinator id=1] Initialized transactionalId stream-state-bench-flink-w3-latency-tuning_control-0-49 with producerId 49 and producer epoch 0 on partition __transaction_state-45 (kafka.coordinator.transaction.TransactionCoordinator)
stream-state-bench-flink-kafka  | [2026-07-17 19:06:54,747] INFO [TransactionCoordinator id=1] Initialized transactionalId stream-state-bench-flink-w3-latency-tuning_control-0-50 with producerId 50 and producer epoch 0 on partition __transaction_state-23 (kafka.coordinator.transaction.TransactionCoordinator)
stream-state-bench-flink-kafka  | [2026-07-17 19:06:55,747] INFO [TransactionCoordinator id=1] Initialized transactionalId stream-state-bench-flink-w3-latency-tuning_control-0-51 with producerId 51 and producer epoch 0 on partition __transaction_state-22 (kafka.coordinator.transaction.TransactionCoordinator)
stream-state-bench-flink-kafka  | [2026-07-17 19:06:56,747] INFO [TransactionCoordinator id=1] Initialized transactionalId stream-state-bench-flink-w3-latency-tuning_control-0-52 with producerId 52 and producer epoch 0 on partition __transaction_state-21 (kafka.coordinator.transaction.TransactionCoordinator)
stream-state-bench-flink-kafka  | [2026-07-17 19:06:57,748] INFO [TransactionCoordinator id=1] Initialized transactionalId stream-state-bench-flink-w3-latency-tuning_control-0-53 with producerId 53 and producer epoch 0 on partition __transaction_state-20 (kafka.coordinator.transaction.TransactionCoordinator)
stream-state-bench-flink-kafka  | [2026-07-17 19:06:58,746] INFO [TransactionCoordinator id=1] Initialized transactionalId stream-state-bench-flink-w3-latency-tuning_control-0-54 with producerId 54 and producer epoch 0 on partition __transaction_state-19 (kafka.coordinator.transaction.TransactionCoordinator)
stream-state-bench-flink-kafka  | [2026-07-17 19:06:59,748] INFO [TransactionCoordinator id=1] Initialized transactionalId stream-state-bench-flink-w3-latency-tuning_control-0-55 with producerId 55 and producer epoch 0 on partition __transaction_state-18 (kafka.coordinator.transaction.TransactionCoordinator)
stream-state-bench-flink-kafka  | [2026-07-17 19:07:00,747] INFO [TransactionCoordinator id=1] Initialized transactionalId stream-state-bench-flink-w3-latency-tuning_control-0-56 with producerId 56 and producer epoch 0 on partition __transaction_state-17 (kafka.coordinator.transaction.TransactionCoordinator)
stream-state-bench-flink-kafka  | [2026-07-17 19:07:01,747] INFO [TransactionCoordinator id=1] Initialized transactionalId stream-state-bench-flink-w3-latency-tuning_control-0-57 with producerId 57 and producer epoch 0 on partition __transaction_state-16 (kafka.coordinator.transaction.TransactionCoordinator)
flink-identity-1                | [kafka-producer-network-thread | producer-stream-state-bench-flink-w3-latency-tuning_control-0-13] INFO org.apache.kafka.clients.producer.internals.TransactionManager - [Producer clientId=producer-stream-state-bench-flink-w3-latency-tuning_control-0-13, transactionalId=stream-state-bench-flink-w3-latency-tuning_control-0-13] ProducerId set to 36 with epoch 0
flink-identity-1                | [jobmanager-io-thread-14] INFO org.apache.flink.runtime.checkpoint.CheckpointCoordinator - Completed checkpoint 35 for job 685071a0544567112a6ecd8db0ecbc0f (5011 bytes, checkpointDuration=10 ms, finalizationTime=1 ms).
stream-state-bench-flink-kafka  | [2026-07-17 19:07:02,747] INFO [TransactionCoordinator id=1] Initialized transactionalId stream-state-bench-flink-w3-latency-tuning_control-0-58 with producerId 58 and producer epoch 0 on partition __transaction_state-15 (kafka.coordinator.transaction.TransactionCoordinator)
stream-state-bench-flink-kafka  | [2026-07-17 19:07:03,747] INFO [TransactionCoordinator id=1] Initialized transactionalId stream-state-bench-flink-w3-latency-tuning_control-0-59 with producerId 59 and producer epoch 0 on partition __transaction_state-14 (kafka.coordinator.transaction.TransactionCoordinator)
stream-state-bench-flink-kafka  | [2026-07-17 19:07:04,747] INFO [TransactionCoordinator id=1] Initialized transactionalId stream-state-bench-flink-w3-latency-tuning_control-0-60 with producerId 60 and producer epoch 0 on partition __transaction_state-42 (kafka.coordinator.transaction.TransactionCoordinator)
stream-state-bench-flink-kafka  | [2026-07-17 19:07:05,747] INFO [TransactionCoordinator id=1] Initialized transactionalId stream-state-bench-flink-w3-latency-tuning_control-0-61 with producerId 61 and producer epoch 0 on partition __transaction_state-41 (kafka.coordinator.transaction.TransactionCoordinator)
stream-state-bench-flink-kafka  | [2026-07-17 19:07:06,745] INFO [TransactionCoordinator id=1] Initialized transactionalId stream-state-bench-flink-w3-latency-tuning_control-0-62 with producerId 62 and producer epoch 0 on partition __transaction_state-40 (kafka.coordinator.transaction.TransactionCoordinator)
stream-state-bench-flink-kafka  | [2026-07-17 19:07:07,746] INFO [TransactionCoordinator id=1] Initialized transactionalId stream-state-bench-flink-w3-latency-tuning_control-0-63 with producerId 63 and producer epoch 0 on partition __transaction_state-39 (kafka.coordinator.transaction.TransactionCoordinator)
stream-state-bench-flink-kafka  | [2026-07-17 19:07:08,746] INFO [TransactionCoordinator id=1] Initialized transactionalId stream-state-bench-flink-w3-latency-tuning_control-0-64 with producerId 64 and producer epoch 0 on partition __transaction_state-38 (kafka.coordinator.transaction.TransactionCoordinator)
stream-state-bench-flink-kafka  | [2026-07-17 19:07:09,747] INFO [TransactionCoordinator id=1] Initialized transactionalId stream-state-bench-flink-w3-latency-tuning_control-0-65 with producerId 65 and producer epoch 0 on partition __transaction_state-37 (kafka.coordinator.transaction.TransactionCoordinator)
stream-state-bench-flink-kafka  | [2026-07-17 19:07:10,747] INFO [TransactionCoordinator id=1] Initialized transactionalId stream-state-bench-flink-w3-latency-tuning_control-0-66 with producerId 66 and producer epoch 0 on partition __transaction_state-36 (kafka.coordinator.transaction.TransactionCoordinator)
stream-state-bench-flink-kafka  | [2026-07-17 19:07:11,746] INFO [TransactionCoordinator id=1] Initialized transactionalId stream-state-bench-flink-w3-latency-tuning_control-0-67 with producerId 67 and producer epoch 0 on partition __transaction_state-35 (kafka.coordinator.transaction.TransactionCoordinator)
stream-state-bench-flink-kafka  | [2026-07-17 19:07:12,747] INFO [TransactionCoordinator id=1] Initialized transactionalId stream-state-bench-flink-w3-latency-tuning_control-0-68 with producerId 68 and producer epoch 0 on partition __transaction_state-34 (kafka.coordinator.transaction.TransactionCoordinator)
stream-state-bench-flink-kafka  | [2026-07-17 19:07:13,748] INFO [TransactionCoordinator id=1] Initialized transactionalId stream-state-bench-flink-w3-latency-tuning_control-0-69 with producerId 69 and producer epoch 0 on partition __transaction_state-33 (kafka.coordinator.transaction.TransactionCoordinator)
stream-state-bench-flink-kafka  | [2026-07-17 19:07:14,746] INFO [TransactionCoordinator id=1] Initialized transactionalId stream-state-bench-flink-w3-latency-tuning_control-0-70 with producerId 70 and producer epoch 0 on partition __transaction_state-11 (kafka.coordinator.transaction.TransactionCoordinator)
stream-state-bench-flink-kafka  | [2026-07-17 19:07:15,746] INFO [TransactionCoordinator id=1] Initialized transactionalId stream-state-bench-flink-w3-latency-tuning_control-0-71 with producerId 71 and producer epoch 0 on partition __transaction_state-10 (kafka.coordinator.transaction.TransactionCoordinator)
stream-state-bench-flink-kafka  | [2026-07-17 19:07:16,745] INFO [TransactionCoordinator id=1] Initialized transactionalId stream-state-bench-flink-w3-latency-tuning_control-0-72 with producerId 72 and producer epoch 0 on partition __transaction_state-9 (kafka.coordinator.transaction.TransactionCoordinator)
stream-state-bench-flink-kafka  | [2026-07-17 19:07:17,746] INFO [TransactionCoordinator id=1] Initialized transactionalId stream-state-bench-flink-w3-latency-tuning_control-0-73 with producerId 73 and producer epoch 0 on partition __transaction_state-8 (kafka.coordinator.transaction.TransactionCoordinator)
stream-state-bench-flink-kafka  | [2026-07-17 19:07:18,746] INFO [TransactionCoordinator id=1] Initialized transactionalId stream-state-bench-flink-w3-latency-tuning_control-0-74 with producerId 74 and producer epoch 0 on partition __transaction_state-7 (kafka.coordinator.transaction.TransactionCoordinator)
stream-state-bench-flink-kafka  | [2026-07-17 19:07:19,747] INFO [TransactionCoordinator id=1] Initialized transactionalId stream-state-bench-flink-w3-latency-tuning_control-0-75 with producerId 75 and producer epoch 0 on partition __transaction_state-6 (kafka.coordinator.transaction.TransactionCoordinator)
stream-state-bench-flink-kafka  | [2026-07-17 19:07:20,747] INFO [TransactionCoordinator id=1] Initialized transactionalId stream-state-bench-flink-w3-latency-tuning_control-0-76 with producerId 76 and producer epoch 0 on partition __transaction_state-5 (kafka.coordinator.transaction.TransactionCoordinator)
stream-state-bench-flink-kafka  | [2026-07-17 19:07:21,747] INFO [TransactionCoordinator id=1] Initialized transactionalId stream-state-bench-flink-w3-latency-tuning_control-0-77 with producerId 77 and producer epoch 0 on partition __transaction_state-4 (kafka.coordinator.transaction.TransactionCoordinator)
stream-state-bench-flink-kafka  | [2026-07-17 19:07:22,747] INFO [TransactionCoordinator id=1] Initialized transactionalId stream-state-bench-flink-w3-latency-tuning_control-0-78 with producerId 78 and producer epoch 0 on partition __transaction_state-3 (kafka.coordinator.transaction.TransactionCoordinator)
flink-identity-1                | [SourceCoordinator-Source: kafka-source] INFO org.apache.flink.runtime.source.coordinator.SourceCoordinator - Marking checkpoint 35 as completed for source Source: kafka-source.
flink-identity-1                | [Checkpoint Timer] INFO org.apache.flink.runtime.checkpoint.CheckpointCoordinator - Triggering checkpoint 36 (type=CheckpointType{name='Checkpoint', sharingFilesStrategy=FORWARD_BACKWARD}) @ 1784315201743 for job 685071a0544567112a6ecd8db0ecbc0f.
stream-state-bench-flink-kafka  | [2026-07-17 19:07:23,746] INFO [TransactionCoordinator id=1] Initialized transactionalId stream-state-bench-flink-w3-latency-tuning_control-0-79 with producerId 79 and producer epoch 0 on partition __transaction_state-2 (kafka.coordinator.transaction.TransactionCoordinator)
stream-state-bench-flink-kafka  | [2026-07-17 19:07:24,746] INFO [TransactionCoordinator id=1] Initialized transactionalId stream-state-bench-flink-w3-latency-tuning_control-0-80 with producerId 80 and producer epoch 0 on partition __transaction_state-30 (kafka.coordinator.transaction.TransactionCoordinator)
stream-state-bench-flink-kafka  | [2026-07-17 19:07:25,746] INFO [TransactionCoordinator id=1] Initialized transactionalId stream-state-bench-flink-w3-latency-tuning_control-0-81 with producerId 81 and producer epoch 0 on partition __transaction_state-29 (kafka.coordinator.transaction.TransactionCoordinator)
stream-state-bench-flink-kafka  | [2026-07-17 19:07:26,747] INFO [TransactionCoordinator id=1] Initialized transactionalId stream-state-bench-flink-w3-latency-tuning_control-0-82 with producerId 82 and producer epoch 0 on partition __transaction_state-28 (kafka.coordinator.transaction.TransactionCoordinator)
stream-state-bench-flink-kafka  | [2026-07-17 19:07:27,609] INFO [LocalLog partition=bench-w3-latency-flink-output-0, dir=/tmp/kafka-logs/bench-w3-latency-flink-output-0] Deleting segment files LogSegment(baseOffset=0, size=10511, lastModifiedTime=1784315177697, largestRecordTimestamp=59999) (org.apache.kafka.storage.internals.log.LocalLog)
stream-state-bench-flink-kafka  | [2026-07-17 19:07:27,611] INFO Deleted log /tmp/kafka-logs/bench-w3-latency-flink-output-0/00000000000000000000.log.deleted. (org.apache.kafka.storage.internals.log.LogSegment)
stream-state-bench-flink-kafka  | [2026-07-17 19:07:27,612] INFO Deleted offset index /tmp/kafka-logs/bench-w3-latency-flink-output-0/00000000000000000000.index.deleted. (org.apache.kafka.storage.internals.log.LogSegment)
stream-state-bench-flink-kafka  | [2026-07-17 19:07:27,612] INFO Deleted time index /tmp/kafka-logs/bench-w3-latency-flink-output-0/00000000000000000000.timeindex.deleted. (org.apache.kafka.storage.internals.log.LogSegment)
stream-state-bench-flink-kafka  | [2026-07-17 19:07:27,747] INFO [TransactionCoordinator id=1] Initialized transactionalId stream-state-bench-flink-w3-latency-tuning_control-0-83 with producerId 83 and producer epoch 0 on partition __transaction_state-27 (kafka.coordinator.transaction.TransactionCoordinator)
stream-state-bench-flink-kafka  | [2026-07-17 19:07:28,747] INFO [TransactionCoordinator id=1] Initialized transactionalId stream-state-bench-flink-w3-latency-tuning_control-0-84 with producerId 84 and producer epoch 0 on partition __transaction_state-26 (kafka.coordinator.transaction.TransactionCoordinator)
flink-identity-1                | [TumblingEventTimeWindows -> kafka-sink: Writer -> kafka-sink: Committer (1/1)#0] INFO org.apache.flink.connector.kafka.sink.internal.FlinkKafkaInternalProducer - Flushing new partitions
flink-identity-1                | [TumblingEventTimeWindows -> kafka-sink: Writer -> kafka-sink: Committer (1/1)#0] WARN org.apache.flink.metrics.MetricGroup - Name collision: Group already contains a Metric with the name 'pendingCommittables'. Metric will not be reported.[, taskmanager, d44d9eab-0b38-467a-a923-d7180ca87ff1, stream-state-bench-flink-tumbling_count, kafka-sink: Committer, 0]
flink-identity-1                | [TumblingEventTimeWindows -> kafka-sink: Writer -> kafka-sink: Committer (1/1)#0] INFO org.apache.kafka.clients.producer.internals.TransactionManager - [Producer clientId=producer-stream-state-bench-flink-w3-latency-tuning_control-0-1, transactionalId=stream-state-bench-flink-w3-latency-tuning_control-0-1] Invoking InitProducerId for the first time in order to acquire a producer ID
flink-identity-1                | [kafka-producer-network-thread | producer-stream-state-bench-flink-w3-latency-tuning_control-0-1] INFO org.apache.kafka.clients.producer.internals.TransactionManager - [Producer clientId=producer-stream-state-bench-flink-w3-latency-tuning_control-0-1, transactionalId=stream-state-bench-flink-w3-latency-tuning_control-0-1] ProducerId set to 37 with epoch 0
flink-identity-1                | [jobmanager-io-thread-10] INFO org.apache.flink.runtime.checkpoint.CheckpointCoordinator - Completed checkpoint 36 for job 685071a0544567112a6ecd8db0ecbc0f (5011 bytes, checkpointDuration=10 ms, finalizationTime=1 ms).
flink-identity-1                | [SourceCoordinator-Source: kafka-source] INFO org.apache.flink.runtime.source.coordinator.SourceCoordinator - Marking checkpoint 36 as completed for source Source: kafka-source.
flink-identity-1                | [Checkpoint Timer] INFO org.apache.flink.runtime.checkpoint.CheckpointCoordinator - Triggering checkpoint 37 (type=CheckpointType{name='Checkpoint', sharingFilesStrategy=FORWARD_BACKWARD}) @ 1784315202743 for job 685071a0544567112a6ecd8db0ecbc0f.
flink-identity-1                | [TumblingEventTimeWindows -> kafka-sink: Writer -> kafka-sink: Committer (1/1)#0] INFO org.apache.flink.connector.kafka.sink.internal.FlinkKafkaInternalProducer - Flushing new partitions
flink-identity-1                | [TumblingEventTimeWindows -> kafka-sink: Writer -> kafka-sink: Committer (1/1)#0] WARN org.apache.flink.metrics.MetricGroup - Name collision: Group already contains a Metric with the name 'pendingCommittables'. Metric will not be reported.[, taskmanager, d44d9eab-0b38-467a-a923-d7180ca87ff1, stream-state-bench-flink-tumbling_count, kafka-sink: Committer, 0]
flink-identity-1                | [TumblingEventTimeWindows -> kafka-sink: Writer -> kafka-sink: Committer (1/1)#0] INFO org.apache.kafka.clients.producer.internals.TransactionManager - [Producer clientId=producer-stream-state-bench-flink-w3-latency-tuning_control-0-13, transactionalId=stream-state-bench-flink-w3-latency-tuning_control-0-13] Invoking InitProducerId for the first time in order to acquire a producer ID
flink-identity-1                | [kafka-producer-network-thread | producer-stream-state-bench-flink-w3-latency-tuning_control-0-13] INFO org.apache.kafka.clients.producer.internals.TransactionManager - [Producer clientId=producer-stream-state-bench-flink-w3-latency-tuning_control-0-13, transactionalId=stream-state-bench-flink-w3-latency-tuning_control-0-13] ProducerId set to 38 with epoch 0
flink-identity-1                | [jobmanager-io-thread-7] INFO org.apache.flink.runtime.checkpoint.CheckpointCoordinator - Completed checkpoint 37 for job 685071a0544567112a6ecd8db0ecbc0f (5011 bytes, checkpointDuration=10 ms, finalizationTime=0 ms).
flink-identity-1                | [SourceCoordinator-Source: kafka-source] INFO org.apache.flink.runtime.source.coordinator.SourceCoordinator - Marking checkpoint 37 as completed for source Source: kafka-source.
flink-identity-1                | [Checkpoint Timer] INFO org.apache.flink.runtime.checkpoint.CheckpointCoordinator - Triggering checkpoint 38 (type=CheckpointType{name='Checkpoint', sharingFilesStrategy=FORWARD_BACKWARD}) @ 1784315203743 for job 685071a0544567112a6ecd8db0ecbc0f.
flink-identity-1                | [TumblingEventTimeWindows -> kafka-sink: Writer -> kafka-sink: Committer (1/1)#0] INFO org.apache.flink.connector.kafka.sink.internal.FlinkKafkaInternalProducer - Flushing new partitions
flink-identity-1                | [TumblingEventTimeWindows -> kafka-sink: Writer -> kafka-sink: Committer (1/1)#0] WARN org.apache.flink.metrics.MetricGroup - Name collision: Group already contains a Metric with the name 'pendingCommittables'. Metric will not be reported.[, taskmanager, d44d9eab-0b38-467a-a923-d7180ca87ff1, stream-state-bench-flink-tumbling_count, kafka-sink: Committer, 0]
flink-identity-1                | [TumblingEventTimeWindows -> kafka-sink: Writer -> kafka-sink: Committer (1/1)#0] INFO org.apache.kafka.clients.producer.internals.TransactionManager - [Producer clientId=producer-stream-state-bench-flink-w3-latency-tuning_control-0-1, transactionalId=stream-state-bench-flink-w3-latency-tuning_control-0-1] Invoking InitProducerId for the first time in order to acquire a producer ID
stream-state-bench-flink-kafka  | [2026-07-17 19:07:29,748] INFO [TransactionCoordinator id=1] Initialized transactionalId stream-state-bench-flink-w3-latency-tuning_control-0-85 with producerId 85 and producer epoch 0 on partition __transaction_state-25 (kafka.coordinator.transaction.TransactionCoordinator)
stream-state-bench-flink-kafka  | [2026-07-17 19:07:30,747] INFO [TransactionCoordinator id=1] Initialized transactionalId stream-state-bench-flink-w3-latency-tuning_control-0-86 with producerId 86 and producer epoch 0 on partition __transaction_state-24 (kafka.coordinator.transaction.TransactionCoordinator)
stream-state-bench-flink-kafka  | [2026-07-17 19:07:31,746] INFO [TransactionCoordinator id=1] Initialized transactionalId stream-state-bench-flink-w3-latency-tuning_control-0-87 with producerId 87 and producer epoch 0 on partition __transaction_state-23 (kafka.coordinator.transaction.TransactionCoordinator)
stream-state-bench-flink-kafka  | [2026-07-17 19:07:32,747] INFO [TransactionCoordinator id=1] Initialized transactionalId stream-state-bench-flink-w3-latency-tuning_control-0-88 with producerId 88 and producer epoch 0 on partition __transaction_state-22 (kafka.coordinator.transaction.TransactionCoordinator)
stream-state-bench-flink-kafka  | [2026-07-17 19:07:33,747] INFO [TransactionCoordinator id=1] Initialized transactionalId stream-state-bench-flink-w3-latency-tuning_control-0-89 with producerId 89 and producer epoch 0 on partition __transaction_state-21 (kafka.coordinator.transaction.TransactionCoordinator)
stream-state-bench-flink-kafka  | [2026-07-17 19:07:34,746] INFO [TransactionCoordinator id=1] Initialized transactionalId stream-state-bench-flink-w3-latency-tuning_control-0-90 with producerId 90 and producer epoch 0 on partition __transaction_state-49 (kafka.coordinator.transaction.TransactionCoordinator)
stream-state-bench-flink-kafka  | [2026-07-17 19:07:35,747] INFO [TransactionCoordinator id=1] Initialized transactionalId stream-state-bench-flink-w3-latency-tuning_control-0-91 with producerId 91 and producer epoch 0 on partition __transaction_state-48 (kafka.coordinator.transaction.TransactionCoordinator)
stream-state-bench-flink-kafka  | [2026-07-17 19:07:36,747] INFO [TransactionCoordinator id=1] Initialized transactionalId stream-state-bench-flink-w3-latency-tuning_control-0-92 with producerId 92 and producer epoch 0 on partition __transaction_state-47 (kafka.coordinator.transaction.TransactionCoordinator)
stream-state-bench-flink-kafka  | [2026-07-17 19:07:37,747] INFO [TransactionCoordinator id=1] Initialized transactionalId stream-state-bench-flink-w3-latency-tuning_control-0-93 with producerId 93 and producer epoch 0 on partition __transaction_state-46 (kafka.coordinator.transaction.TransactionCoordinator)
stream-state-bench-flink-kafka  | [2026-07-17 19:07:38,747] INFO [TransactionCoordinator id=1] Initialized transactionalId stream-state-bench-flink-w3-latency-tuning_control-0-94 with producerId 94 and producer epoch 0 on partition __transaction_state-45 (kafka.coordinator.transaction.TransactionCoordinator)
stream-state-bench-flink-kafka  | [2026-07-17 19:07:39,747] INFO [TransactionCoordinator id=1] Initialized transactionalId stream-state-bench-flink-w3-latency-tuning_control-0-95 with producerId 95 and producer epoch 0 on partition __transaction_state-44 (kafka.coordinator.transaction.TransactionCoordinator)
stream-state-bench-flink-kafka  | [2026-07-17 19:07:40,746] INFO [TransactionCoordinator id=1] Initialized transactionalId stream-state-bench-flink-w3-latency-tuning_control-0-96 with producerId 96 and producer epoch 0 on partition __transaction_state-43 (kafka.coordinator.transaction.TransactionCoordinator)
stream-state-bench-flink-kafka  | [2026-07-17 19:07:41,746] INFO [TransactionCoordinator id=1] Initialized transactionalId stream-state-bench-flink-w3-latency-tuning_control-0-97 with producerId 97 and producer epoch 0 on partition __transaction_state-42 (kafka.coordinator.transaction.TransactionCoordinator)
stream-state-bench-flink-kafka  | [2026-07-17 19:07:42,746] INFO [TransactionCoordinator id=1] Initialized transactionalId stream-state-bench-flink-w3-latency-tuning_control-0-98 with producerId 98 and producer epoch 0 on partition __transaction_state-41 (kafka.coordinator.transaction.TransactionCoordinator)
stream-state-bench-flink-kafka  | [2026-07-17 19:07:43,746] INFO [TransactionCoordinator id=1] Initialized transactionalId stream-state-bench-flink-w3-latency-tuning_control-0-99 with producerId 99 and producer epoch 0 on partition __transaction_state-40 (kafka.coordinator.transaction.TransactionCoordinator)
stream-state-bench-flink-kafka  | [2026-07-17 19:07:44,747] INFO [TransactionCoordinator id=1] Initialized transactionalId stream-state-bench-flink-w3-latency-tuning_control-0-100 with producerId 100 and producer epoch 0 on partition __transaction_state-21 (kafka.coordinator.transaction.TransactionCoordinator)
stream-state-bench-flink-kafka  | [2026-07-17 19:07:45,746] INFO [TransactionCoordinator id=1] Initialized transactionalId stream-state-bench-flink-w3-latency-tuning_control-0-101 with producerId 101 and producer epoch 0 on partition __transaction_state-20 (kafka.coordinator.transaction.TransactionCoordinator)
stream-state-bench-flink-kafka  | [2026-07-17 19:07:46,747] INFO [TransactionCoordinator id=1] Initialized transactionalId stream-state-bench-flink-w3-latency-tuning_control-0-102 with producerId 102 and producer epoch 0 on partition __transaction_state-19 (kafka.coordinator.transaction.TransactionCoordinator)
stream-state-bench-flink-kafka  | [2026-07-17 19:07:47,747] INFO [TransactionCoordinator id=1] Initialized transactionalId stream-state-bench-flink-w3-latency-tuning_control-0-103 with producerId 103 and producer epoch 0 on partition __transaction_state-18 (kafka.coordinator.transaction.TransactionCoordinator)
stream-state-bench-flink-kafka  | [2026-07-17 19:07:48,747] INFO [TransactionCoordinator id=1] Initialized transactionalId stream-state-bench-flink-w3-latency-tuning_control-0-104 with producerId 104 and producer epoch 0 on partition __transaction_state-17 (kafka.coordinator.transaction.TransactionCoordinator)
stream-state-bench-flink-kafka  | [2026-07-17 19:07:49,745] INFO [TransactionCoordinator id=1] Initialized transactionalId stream-state-bench-flink-w3-latency-tuning_control-0-105 with producerId 105 and producer epoch 0 on partition __transaction_state-16 (kafka.coordinator.transaction.TransactionCoordinator)
stream-state-bench-flink-kafka  | [2026-07-17 19:07:50,746] INFO [TransactionCoordinator id=1] Initialized transactionalId stream-state-bench-flink-w3-latency-tuning_control-0-106 with producerId 106 and producer epoch 0 on partition __transaction_state-15 (kafka.coordinator.transaction.TransactionCoordinator)
stream-state-bench-flink-kafka  | [2026-07-17 19:07:51,746] INFO [TransactionCoordinator id=1] Initialized transactionalId stream-state-bench-flink-w3-latency-tuning_control-0-107 with producerId 107 and producer epoch 0 on partition __transaction_state-14 (kafka.coordinator.transaction.TransactionCoordinator)
flink-identity-1                | [kafka-producer-network-thread | producer-stream-state-bench-flink-w3-latency-tuning_control-0-1] INFO org.apache.kafka.clients.producer.internals.TransactionManager - [Producer clientId=producer-stream-state-bench-flink-w3-latency-tuning_control-0-1, transactionalId=stream-state-bench-flink-w3-latency-tuning_control-0-1] ProducerId set to 39 with epoch 0
flink-identity-1                | [jobmanager-io-thread-1] INFO org.apache.flink.runtime.checkpoint.CheckpointCoordinator - Completed checkpoint 38 for job 685071a0544567112a6ecd8db0ecbc0f (5011 bytes, checkpointDuration=10 ms, finalizationTime=1 ms).
flink-identity-1                | [SourceCoordinator-Source: kafka-source] INFO org.apache.flink.runtime.source.coordinator.SourceCoordinator - Marking checkpoint 38 as completed for source Source: kafka-source.
flink-identity-1                | [Checkpoint Timer] INFO org.apache.flink.runtime.checkpoint.CheckpointCoordinator - Triggering checkpoint 39 (type=CheckpointType{name='Checkpoint', sharingFilesStrategy=FORWARD_BACKWARD}) @ 1784315204743 for job 685071a0544567112a6ecd8db0ecbc0f.
flink-identity-1                | [TumblingEventTimeWindows -> kafka-sink: Writer -> kafka-sink: Committer (1/1)#0] INFO org.apache.flink.connector.kafka.sink.internal.FlinkKafkaInternalProducer - Flushing new partitions
flink-identity-1                | [TumblingEventTimeWindows -> kafka-sink: Writer -> kafka-sink: Committer (1/1)#0] WARN org.apache.flink.metrics.MetricGroup - Name collision: Group already contains a Metric with the name 'pendingCommittables'. Metric will not be reported.[, taskmanager, d44d9eab-0b38-467a-a923-d7180ca87ff1, stream-state-bench-flink-tumbling_count, kafka-sink: Committer, 0]
flink-identity-1                | [TumblingEventTimeWindows -> kafka-sink: Writer -> kafka-sink: Committer (1/1)#0] INFO org.apache.kafka.clients.producer.internals.TransactionManager - [Producer clientId=producer-stream-state-bench-flink-w3-latency-tuning_control-0-13, transactionalId=stream-state-bench-flink-w3-latency-tuning_control-0-13] Invoking InitProducerId for the first time in order to acquire a producer ID
flink-identity-1                | [kafka-producer-network-thread | producer-stream-state-bench-flink-w3-latency-tuning_control-0-13] INFO org.apache.kafka.clients.producer.internals.TransactionManager - [Producer clientId=producer-stream-state-bench-flink-w3-latency-tuning_control-0-13, transactionalId=stream-state-bench-flink-w3-latency-tuning_control-0-13] ProducerId set to 40 with epoch 0
flink-identity-1                | [jobmanager-io-thread-6] INFO org.apache.flink.runtime.checkpoint.CheckpointCoordinator - Completed checkpoint 39 for job 685071a0544567112a6ecd8db0ecbc0f (5011 bytes, checkpointDuration=10 ms, finalizationTime=0 ms).
flink-identity-1                | [SourceCoordinator-Source: kafka-source] INFO org.apache.flink.runtime.source.coordinator.SourceCoordinator - Marking checkpoint 39 as completed for source Source: kafka-source.
flink-identity-1                | [Checkpoint Timer] INFO org.apache.flink.runtime.checkpoint.CheckpointCoordinator - Triggering checkpoint 40 (type=CheckpointType{name='Checkpoint', sharingFilesStrategy=FORWARD_BACKWARD}) @ 1784315205742 for job 685071a0544567112a6ecd8db0ecbc0f.
flink-identity-1                | [TumblingEventTimeWindows -> kafka-sink: Writer -> kafka-sink: Committer (1/1)#0] INFO org.apache.flink.connector.kafka.sink.internal.FlinkKafkaInternalProducer - Flushing new partitions
flink-identity-1                | [TumblingEventTimeWindows -> kafka-sink: Writer -> kafka-sink: Committer (1/1)#0] WARN org.apache.flink.metrics.MetricGroup - Name collision: Group already contains a Metric with the name 'pendingCommittables'. Metric will not be reported.[, taskmanager, d44d9eab-0b38-467a-a923-d7180ca87ff1, stream-state-bench-flink-tumbling_count, kafka-sink: Committer, 0]
flink-identity-1                | [TumblingEventTimeWindows -> kafka-sink: Writer -> kafka-sink: Committer (1/1)#0] INFO org.apache.kafka.clients.producer.internals.TransactionManager - [Producer clientId=producer-stream-state-bench-flink-w3-latency-tuning_control-0-1, transactionalId=stream-state-bench-flink-w3-latency-tuning_control-0-1] Invoking InitProducerId for the first time in order to acquire a producer ID
flink-identity-1                | [kafka-producer-network-thread | producer-stream-state-bench-flink-w3-latency-tuning_control-0-1] INFO org.apache.kafka.clients.producer.internals.TransactionManager - [Producer clientId=producer-stream-state-bench-flink-w3-latency-tuning_control-0-1, transactionalId=stream-state-bench-flink-w3-latency-tuning_control-0-1] ProducerId set to 41 with epoch 0
flink-identity-1                | [jobmanager-io-thread-3] INFO org.apache.flink.runtime.checkpoint.CheckpointCoordinator - Completed checkpoint 40 for job 685071a0544567112a6ecd8db0ecbc0f (5011 bytes, checkpointDuration=10 ms, finalizationTime=1 ms).
flink-identity-1                | [SourceCoordinator-Source: kafka-source] INFO org.apache.flink.runtime.source.coordinator.SourceCoordinator - Marking checkpoint 40 as completed for source Source: kafka-source.
flink-identity-1                | [Checkpoint Timer] INFO org.apache.flink.runtime.checkpoint.CheckpointCoordinator - Triggering checkpoint 41 (type=CheckpointType{name='Checkpoint', sharingFilesStrategy=FORWARD_BACKWARD}) @ 1784315206743 for job 685071a0544567112a6ecd8db0ecbc0f.
flink-identity-1                | [TumblingEventTimeWindows -> kafka-sink: Writer -> kafka-sink: Committer (1/1)#0] INFO org.apache.flink.connector.kafka.sink.internal.FlinkKafkaInternalProducer - Flushing new partitions
stream-state-bench-flink-kafka  | [2026-07-17 19:07:52,746] INFO [TransactionCoordinator id=1] Initialized transactionalId stream-state-bench-flink-w3-latency-tuning_control-0-108 with producerId 108 and producer epoch 0 on partition __transaction_state-13 (kafka.coordinator.transaction.TransactionCoordinator)
stream-state-bench-flink-kafka  | [2026-07-17 19:07:53,747] INFO [TransactionCoordinator id=1] Initialized transactionalId stream-state-bench-flink-w3-latency-tuning_control-0-109 with producerId 109 and producer epoch 0 on partition __transaction_state-12 (kafka.coordinator.transaction.TransactionCoordinator)
stream-state-bench-flink-kafka  | [2026-07-17 19:07:54,746] INFO [TransactionCoordinator id=1] Initialized transactionalId stream-state-bench-flink-w3-latency-tuning_control-0-110 with producerId 110 and producer epoch 0 on partition __transaction_state-40 (kafka.coordinator.transaction.TransactionCoordinator)
stream-state-bench-flink-kafka  | [2026-07-17 19:07:55,746] INFO [TransactionCoordinator id=1] Initialized transactionalId stream-state-bench-flink-w3-latency-tuning_control-0-111 with producerId 111 and producer epoch 0 on partition __transaction_state-39 (kafka.coordinator.transaction.TransactionCoordinator)
stream-state-bench-flink-kafka  | [2026-07-17 19:07:56,747] INFO [TransactionCoordinator id=1] Initialized transactionalId stream-state-bench-flink-w3-latency-tuning_control-0-112 with producerId 112 and producer epoch 0 on partition __transaction_state-38 (kafka.coordinator.transaction.TransactionCoordinator)
stream-state-bench-flink-kafka  | [2026-07-17 19:07:57,745] INFO [TransactionCoordinator id=1] Initialized transactionalId stream-state-bench-flink-w3-latency-tuning_control-0-113 with producerId 113 and producer epoch 0 on partition __transaction_state-37 (kafka.coordinator.transaction.TransactionCoordinator)
stream-state-bench-flink-kafka  | [2026-07-17 19:07:58,746] INFO [TransactionCoordinator id=1] Initialized transactionalId stream-state-bench-flink-w3-latency-tuning_control-0-114 with producerId 114 and producer epoch 0 on partition __transaction_state-36 (kafka.coordinator.transaction.TransactionCoordinator)
stream-state-bench-flink-kafka  | [2026-07-17 19:07:59,746] INFO [TransactionCoordinator id=1] Initialized transactionalId stream-state-bench-flink-w3-latency-tuning_control-0-115 with producerId 115 and producer epoch 0 on partition __transaction_state-35 (kafka.coordinator.transaction.TransactionCoordinator)
stream-state-bench-flink-kafka  | [2026-07-17 19:08:00,746] INFO [TransactionCoordinator id=1] Initialized transactionalId stream-state-bench-flink-w3-latency-tuning_control-0-116 with producerId 116 and producer epoch 0 on partition __transaction_state-34 (kafka.coordinator.transaction.TransactionCoordinator)
stream-state-bench-flink-kafka  | [2026-07-17 19:08:01,746] INFO [TransactionCoordinator id=1] Initialized transactionalId stream-state-bench-flink-w3-latency-tuning_control-0-117 with producerId 117 and producer epoch 0 on partition __transaction_state-33 (kafka.coordinator.transaction.TransactionCoordinator)
stream-state-bench-flink-kafka  | [2026-07-17 19:08:02,746] INFO [TransactionCoordinator id=1] Initialized transactionalId stream-state-bench-flink-w3-latency-tuning_control-0-118 with producerId 118 and producer epoch 0 on partition __transaction_state-32 (kafka.coordinator.transaction.TransactionCoordinator)
stream-state-bench-flink-kafka  | [2026-07-17 19:08:03,747] INFO [TransactionCoordinator id=1] Initialized transactionalId stream-state-bench-flink-w3-latency-tuning_control-0-119 with producerId 119 and producer epoch 0 on partition __transaction_state-31 (kafka.coordinator.transaction.TransactionCoordinator)
stream-state-bench-flink-kafka  | [2026-07-17 19:08:04,747] INFO [TransactionCoordinator id=1] Initialized transactionalId stream-state-bench-flink-w3-latency-tuning_control-0-120 with producerId 120 and producer epoch 0 on partition __transaction_state-9 (kafka.coordinator.transaction.TransactionCoordinator)
stream-state-bench-flink-kafka  | [2026-07-17 19:08:05,747] INFO [TransactionCoordinator id=1] Initialized transactionalId stream-state-bench-flink-w3-latency-tuning_control-0-121 with producerId 121 and producer epoch 0 on partition __transaction_state-8 (kafka.coordinator.transaction.TransactionCoordinator)
stream-state-bench-flink-kafka  | [2026-07-17 19:08:06,746] INFO [TransactionCoordinator id=1] Initialized transactionalId stream-state-bench-flink-w3-latency-tuning_control-0-122 with producerId 122 and producer epoch 0 on partition __transaction_state-7 (kafka.coordinator.transaction.TransactionCoordinator)
stream-state-bench-flink-kafka  | [2026-07-17 19:08:07,746] INFO [TransactionCoordinator id=1] Initialized transactionalId stream-state-bench-flink-w3-latency-tuning_control-0-123 with producerId 123 and producer epoch 0 on partition __transaction_state-6 (kafka.coordinator.transaction.TransactionCoordinator)
stream-state-bench-flink-kafka  | [2026-07-17 19:08:08,747] INFO [TransactionCoordinator id=1] Initialized transactionalId stream-state-bench-flink-w3-latency-tuning_control-0-124 with producerId 124 and producer epoch 0 on partition __transaction_state-5 (kafka.coordinator.transaction.TransactionCoordinator)
flink-identity-1                | [TumblingEventTimeWindows -> kafka-sink: Writer -> kafka-sink: Committer (1/1)#0] WARN org.apache.flink.metrics.MetricGroup - Name collision: Group already contains a Metric with the name 'pendingCommittables'. Metric will not be reported.[, taskmanager, d44d9eab-0b38-467a-a923-d7180ca87ff1, stream-state-bench-flink-tumbling_count, kafka-sink: Committer, 0]
flink-identity-1                | [TumblingEventTimeWindows -> kafka-sink: Writer -> kafka-sink: Committer (1/1)#0] INFO org.apache.kafka.clients.producer.internals.TransactionManager - [Producer clientId=producer-stream-state-bench-flink-w3-latency-tuning_control-0-13, transactionalId=stream-state-bench-flink-w3-latency-tuning_control-0-13] Invoking InitProducerId for the first time in order to acquire a producer ID
flink-identity-1                | [kafka-producer-network-thread | producer-stream-state-bench-flink-w3-latency-tuning_control-0-13] INFO org.apache.kafka.clients.producer.internals.TransactionManager - [Producer clientId=producer-stream-state-bench-flink-w3-latency-tuning_control-0-13, transactionalId=stream-state-bench-flink-w3-latency-tuning_control-0-13] ProducerId set to 42 with epoch 0
flink-identity-1                | [jobmanager-io-thread-5] INFO org.apache.flink.runtime.checkpoint.CheckpointCoordinator - Completed checkpoint 41 for job 685071a0544567112a6ecd8db0ecbc0f (5011 bytes, checkpointDuration=13 ms, finalizationTime=0 ms).
flink-identity-1                | [SourceCoordinator-Source: kafka-source] INFO org.apache.flink.runtime.source.coordinator.SourceCoordinator - Marking checkpoint 41 as completed for source Source: kafka-source.
flink-identity-1                | [Checkpoint Timer] INFO org.apache.flink.runtime.checkpoint.CheckpointCoordinator - Triggering checkpoint 42 (type=CheckpointType{name='Checkpoint', sharingFilesStrategy=FORWARD_BACKWARD}) @ 1784315207743 for job 685071a0544567112a6ecd8db0ecbc0f.
flink-identity-1                | [TumblingEventTimeWindows -> kafka-sink: Writer -> kafka-sink: Committer (1/1)#0] INFO org.apache.flink.connector.kafka.sink.internal.FlinkKafkaInternalProducer - Flushing new partitions
flink-identity-1                | [TumblingEventTimeWindows -> kafka-sink: Writer -> kafka-sink: Committer (1/1)#0] WARN org.apache.flink.metrics.MetricGroup - Name collision: Group already contains a Metric with the name 'pendingCommittables'. Metric will not be reported.[, taskmanager, d44d9eab-0b38-467a-a923-d7180ca87ff1, stream-state-bench-flink-tumbling_count, kafka-sink: Committer, 0]
flink-identity-1                | [TumblingEventTimeWindows -> kafka-sink: Writer -> kafka-sink: Committer (1/1)#0] INFO org.apache.kafka.clients.producer.internals.TransactionManager - [Producer clientId=producer-stream-state-bench-flink-w3-latency-tuning_control-0-1, transactionalId=stream-state-bench-flink-w3-latency-tuning_control-0-1] Invoking InitProducerId for the first time in order to acquire a producer ID
flink-identity-1                | [kafka-producer-network-thread | producer-stream-state-bench-flink-w3-latency-tuning_control-0-1] INFO org.apache.kafka.clients.producer.internals.TransactionManager - [Producer clientId=producer-stream-state-bench-flink-w3-latency-tuning_control-0-1, transactionalId=stream-state-bench-flink-w3-latency-tuning_control-0-1] ProducerId set to 43 with epoch 0
flink-identity-1                | [jobmanager-io-thread-15] INFO org.apache.flink.runtime.checkpoint.CheckpointCoordinator - Completed checkpoint 42 for job 685071a0544567112a6ecd8db0ecbc0f (5011 bytes, checkpointDuration=10 ms, finalizationTime=0 ms).
flink-identity-1                | [SourceCoordinator-Source: kafka-source] INFO org.apache.flink.runtime.source.coordinator.SourceCoordinator - Marking checkpoint 42 as completed for source Source: kafka-source.
flink-identity-1                | [Checkpoint Timer] INFO org.apache.flink.runtime.checkpoint.CheckpointCoordinator - Triggering checkpoint 43 (type=CheckpointType{name='Checkpoint', sharingFilesStrategy=FORWARD_BACKWARD}) @ 1784315208743 for job 685071a0544567112a6ecd8db0ecbc0f.
flink-identity-1                | [TumblingEventTimeWindows -> kafka-sink: Writer -> kafka-sink: Committer (1/1)#0] INFO org.apache.flink.connector.kafka.sink.internal.FlinkKafkaInternalProducer - Flushing new partitions
flink-identity-1                | [TumblingEventTimeWindows -> kafka-sink: Writer -> kafka-sink: Committer (1/1)#0] WARN org.apache.flink.metrics.MetricGroup - Name collision: Group already contains a Metric with the name 'pendingCommittables'. Metric will not be reported.[, taskmanager, d44d9eab-0b38-467a-a923-d7180ca87ff1, stream-state-bench-flink-tumbling_count, kafka-sink: Committer, 0]
flink-identity-1                | [TumblingEventTimeWindows -> kafka-sink: Writer -> kafka-sink: Committer (1/1)#0] INFO org.apache.kafka.clients.producer.internals.TransactionManager - [Producer clientId=producer-stream-state-bench-flink-w3-latency-tuning_control-0-13, transactionalId=stream-state-bench-flink-w3-latency-tuning_control-0-13] Invoking InitProducerId for the first time in order to acquire a producer ID
flink-identity-1                | [kafka-producer-network-thread | producer-stream-state-bench-flink-w3-latency-tuning_control-0-13] INFO org.apache.kafka.clients.producer.internals.TransactionManager - [Producer clientId=producer-stream-state-bench-flink-w3-latency-tuning_control-0-13, transactionalId=stream-state-bench-flink-w3-latency-tuning_control-0-13] ProducerId set to 44 with epoch 0
flink-identity-1                | [jobmanager-io-thread-2] INFO org.apache.flink.runtime.checkpoint.CheckpointCoordinator - Completed checkpoint 43 for job 685071a0544567112a6ecd8db0ecbc0f (5011 bytes, checkpointDuration=10 ms, finalizationTime=1 ms).
flink-identity-1                | [SourceCoordinator-Source: kafka-source] INFO org.apache.flink.runtime.source.coordinator.SourceCoordinator - Marking checkpoint 43 as completed for source Source: kafka-source.
flink-identity-1                | [Checkpoint Timer] INFO org.apache.flink.runtime.checkpoint.CheckpointCoordinator - Triggering checkpoint 44 (type=CheckpointType{name='Checkpoint', sharingFilesStrategy=FORWARD_BACKWARD}) @ 1784315209743 for job 685071a0544567112a6ecd8db0ecbc0f.
flink-identity-1                | [TumblingEventTimeWindows -> kafka-sink: Writer -> kafka-sink: Committer (1/1)#0] INFO org.apache.flink.connector.kafka.sink.internal.FlinkKafkaInternalProducer - Flushing new partitions
flink-identity-1                | [TumblingEventTimeWindows -> kafka-sink: Writer -> kafka-sink: Committer (1/1)#0] WARN org.apache.flink.metrics.MetricGroup - Name collision: Group already contains a Metric with the name 'pendingCommittables'. Metric will not be reported.[, taskmanager, d44d9eab-0b38-467a-a923-d7180ca87ff1, stream-state-bench-flink-tumbling_count, kafka-sink: Committer, 0]
stream-state-bench-flink-kafka  | [2026-07-17 19:08:09,746] INFO [TransactionCoordinator id=1] Initialized transactionalId stream-state-bench-flink-w3-latency-tuning_control-0-125 with producerId 125 and producer epoch 0 on partition __transaction_state-4 (kafka.coordinator.transaction.TransactionCoordinator)
stream-state-bench-flink-kafka  | [2026-07-17 19:08:10,746] INFO [TransactionCoordinator id=1] Initialized transactionalId stream-state-bench-flink-w3-latency-tuning_control-0-126 with producerId 126 and producer epoch 0 on partition __transaction_state-3 (kafka.coordinator.transaction.TransactionCoordinator)
flink-identity-1                | [TumblingEventTimeWindows -> kafka-sink: Writer -> kafka-sink: Committer (1/1)#0] INFO org.apache.kafka.clients.producer.internals.TransactionManager - [Producer clientId=producer-stream-state-bench-flink-w3-latency-tuning_control-0-1, transactionalId=stream-state-bench-flink-w3-latency-tuning_control-0-1] Invoking InitProducerId for the first time in order to acquire a producer ID
flink-identity-1                | [kafka-producer-network-thread | producer-stream-state-bench-flink-w3-latency-tuning_control-0-1] INFO org.apache.kafka.clients.producer.internals.TransactionManager - [Producer clientId=producer-stream-state-bench-flink-w3-latency-tuning_control-0-1, transactionalId=stream-state-bench-flink-w3-latency-tuning_control-0-1] ProducerId set to 45 with epoch 0
flink-identity-1                | [jobmanager-io-thread-13] INFO org.apache.flink.runtime.checkpoint.CheckpointCoordinator - Completed checkpoint 44 for job 685071a0544567112a6ecd8db0ecbc0f (5011 bytes, checkpointDuration=11 ms, finalizationTime=0 ms).
flink-identity-1                | [SourceCoordinator-Source: kafka-source] INFO org.apache.flink.runtime.source.coordinator.SourceCoordinator - Marking checkpoint 44 as completed for source Source: kafka-source.
flink-identity-1                | [Checkpoint Timer] INFO org.apache.flink.runtime.checkpoint.CheckpointCoordinator - Triggering checkpoint 45 (type=CheckpointType{name='Checkpoint', sharingFilesStrategy=FORWARD_BACKWARD}) @ 1784315210742 for job 685071a0544567112a6ecd8db0ecbc0f.
flink-identity-1                | [TumblingEventTimeWindows -> kafka-sink: Writer -> kafka-sink: Committer (1/1)#0] INFO org.apache.flink.connector.kafka.sink.internal.FlinkKafkaInternalProducer - Flushing new partitions
flink-identity-1                | [TumblingEventTimeWindows -> kafka-sink: Writer -> kafka-sink: Committer (1/1)#0] WARN org.apache.flink.metrics.MetricGroup - Name collision: Group already contains a Metric with the name 'pendingCommittables'. Metric will not be reported.[, taskmanager, d44d9eab-0b38-467a-a923-d7180ca87ff1, stream-state-bench-flink-tumbling_count, kafka-sink: Committer, 0]
flink-identity-1                | [TumblingEventTimeWindows -> kafka-sink: Writer -> kafka-sink: Committer (1/1)#0] INFO org.apache.kafka.clients.producer.internals.TransactionManager - [Producer clientId=producer-stream-state-bench-flink-w3-latency-tuning_control-0-13, transactionalId=stream-state-bench-flink-w3-latency-tuning_control-0-13] Invoking InitProducerId for the first time in order to acquire a producer ID
flink-identity-1                | [kafka-producer-network-thread | producer-stream-state-bench-flink-w3-latency-tuning_control-0-13] INFO org.apache.kafka.clients.producer.internals.TransactionManager - [Producer clientId=producer-stream-state-bench-flink-w3-latency-tuning_control-0-13, transactionalId=stream-state-bench-flink-w3-latency-tuning_control-0-13] ProducerId set to 46 with epoch 0
flink-identity-1                | [jobmanager-io-thread-16] INFO org.apache.flink.runtime.checkpoint.CheckpointCoordinator - Completed checkpoint 45 for job 685071a0544567112a6ecd8db0ecbc0f (5011 bytes, checkpointDuration=10 ms, finalizationTime=1 ms).
flink-identity-1                | [SourceCoordinator-Source: kafka-source] INFO org.apache.flink.runtime.source.coordinator.SourceCoordinator - Marking checkpoint 45 as completed for source Source: kafka-source.
flink-identity-1                | [Checkpoint Timer] INFO org.apache.flink.runtime.checkpoint.CheckpointCoordinator - Triggering checkpoint 46 (type=CheckpointType{name='Checkpoint', sharingFilesStrategy=FORWARD_BACKWARD}) @ 1784315211742 for job 685071a0544567112a6ecd8db0ecbc0f.
flink-identity-1                | [TumblingEventTimeWindows -> kafka-sink: Writer -> kafka-sink: Committer (1/1)#0] INFO org.apache.flink.connector.kafka.sink.internal.FlinkKafkaInternalProducer - Flushing new partitions
flink-identity-1                | [TumblingEventTimeWindows -> kafka-sink: Writer -> kafka-sink: Committer (1/1)#0] WARN org.apache.flink.metrics.MetricGroup - Name collision: Group already contains a Metric with the name 'pendingCommittables'. Metric will not be reported.[, taskmanager, d44d9eab-0b38-467a-a923-d7180ca87ff1, stream-state-bench-flink-tumbling_count, kafka-sink: Committer, 0]
stream-state-bench-flink-kafka  | [2026-07-17 19:08:11,747] INFO [TransactionCoordinator id=1] Initialized transactionalId stream-state-bench-flink-w3-latency-tuning_control-0-127 with producerId 127 and producer epoch 0 on partition __transaction_state-2 (kafka.coordinator.transaction.TransactionCoordinator)
stream-state-bench-flink-kafka  | [2026-07-17 19:08:12,747] INFO [TransactionCoordinator id=1] Initialized transactionalId stream-state-bench-flink-w3-latency-tuning_control-0-128 with producerId 128 and producer epoch 0 on partition __transaction_state-1 (kafka.coordinator.transaction.TransactionCoordinator)
stream-state-bench-flink-kafka  | [2026-07-17 19:08:13,748] INFO [TransactionCoordinator id=1] Initialized transactionalId stream-state-bench-flink-w3-latency-tuning_control-0-129 with producerId 129 and producer epoch 0 on partition __transaction_state-0 (kafka.coordinator.transaction.TransactionCoordinator)
stream-state-bench-flink-kafka  | [2026-07-17 19:08:14,746] INFO [TransactionCoordinator id=1] Initialized transactionalId stream-state-bench-flink-w3-latency-tuning_control-0-130 with producerId 130 and producer epoch 0 on partition __transaction_state-28 (kafka.coordinator.transaction.TransactionCoordinator)
stream-state-bench-flink-kafka  | [2026-07-17 19:08:15,746] INFO [TransactionCoordinator id=1] Initialized transactionalId stream-state-bench-flink-w3-latency-tuning_control-0-131 with producerId 131 and producer epoch 0 on partition __transaction_state-27 (kafka.coordinator.transaction.TransactionCoordinator)
stream-state-bench-flink-kafka  | [2026-07-17 19:08:16,746] INFO [TransactionCoordinator id=1] Initialized transactionalId stream-state-bench-flink-w3-latency-tuning_control-0-132 with producerId 132 and producer epoch 0 on partition __transaction_state-26 (kafka.coordinator.transaction.TransactionCoordinator)
stream-state-bench-flink-kafka  | [2026-07-17 19:08:17,746] INFO [TransactionCoordinator id=1] Initialized transactionalId stream-state-bench-flink-w3-latency-tuning_control-0-133 with producerId 133 and producer epoch 0 on partition __transaction_state-25 (kafka.coordinator.transaction.TransactionCoordinator)
stream-state-bench-flink-kafka  | [2026-07-17 19:08:18,746] INFO [TransactionCoordinator id=1] Initialized transactionalId stream-state-bench-flink-w3-latency-tuning_control-0-134 with producerId 134 and producer epoch 0 on partition __transaction_state-24 (kafka.coordinator.transaction.TransactionCoordinator)
stream-state-bench-flink-kafka  | [2026-07-17 19:08:19,746] INFO [TransactionCoordinator id=1] Initialized transactionalId stream-state-bench-flink-w3-latency-tuning_control-0-135 with producerId 135 and producer epoch 0 on partition __transaction_state-23 (kafka.coordinator.transaction.TransactionCoordinator)
stream-state-bench-flink-kafka  | [2026-07-17 19:08:20,747] INFO [TransactionCoordinator id=1] Initialized transactionalId stream-state-bench-flink-w3-latency-tuning_control-0-136 with producerId 136 and producer epoch 0 on partition __transaction_state-22 (kafka.coordinator.transaction.TransactionCoordinator)
stream-state-bench-flink-kafka  | [2026-07-17 19:08:21,746] INFO [TransactionCoordinator id=1] Initialized transactionalId stream-state-bench-flink-w3-latency-tuning_control-0-137 with producerId 137 and producer epoch 0 on partition __transaction_state-21 (kafka.coordinator.transaction.TransactionCoordinator)
stream-state-bench-flink-kafka  | [2026-07-17 19:08:22,747] INFO [TransactionCoordinator id=1] Initialized transactionalId stream-state-bench-flink-w3-latency-tuning_control-0-138 with producerId 138 and producer epoch 0 on partition __transaction_state-20 (kafka.coordinator.transaction.TransactionCoordinator)
stream-state-bench-flink-kafka  | [2026-07-17 19:08:22,935] INFO [GroupCoordinator id=1 topic=__consumer_offsets partition=3] [Group console-consumer-88600] Member console-consumer-0d18e326-4265-4882-b598-04b936a08235 has left group through explicit `LeaveGroup` request; client reason: the consumer is being closed (org.apache.kafka.coordinator.group.GroupMetadataManager)
stream-state-bench-flink-kafka  | [2026-07-17 19:08:22,935] INFO [GroupCoordinator id=1 topic=__consumer_offsets partition=3] Preparing to rebalance group console-consumer-88600 in state PreparingRebalance with old generation 1 (reason: explicit `LeaveGroup` request for (console-consumer-0d18e326-4265-4882-b598-04b936a08235) members.). (org.apache.kafka.coordinator.group.GroupMetadataManager)
stream-state-bench-flink-kafka  | [2026-07-17 19:08:22,935] INFO [GroupCoordinator id=1 topic=__consumer_offsets partition=3] Group console-consumer-88600 with generation 2 is now empty. (org.apache.kafka.coordinator.group.GroupMetadataManager)
stream-state-bench-flink-kafka  | [2026-07-17 19:08:23,746] INFO [TransactionCoordinator id=1] Initialized transactionalId stream-state-bench-flink-w3-latency-tuning_control-0-139 with producerId 139 and producer epoch 0 on partition __transaction_state-19 (kafka.coordinator.transaction.TransactionCoordinator)
flink-identity-1                | [TumblingEventTimeWindows -> kafka-sink: Writer -> kafka-sink: Committer (1/1)#0] INFO org.apache.kafka.clients.producer.internals.TransactionManager - [Producer clientId=producer-stream-state-bench-flink-w3-latency-tuning_control-0-1, transactionalId=stream-state-bench-flink-w3-latency-tuning_control-0-1] Invoking InitProducerId for the first time in order to acquire a producer ID
flink-identity-1                | [kafka-producer-network-thread | producer-stream-state-bench-flink-w3-latency-tuning_control-0-1] INFO org.apache.kafka.clients.producer.internals.TransactionManager - [Producer clientId=producer-stream-state-bench-flink-w3-latency-tuning_control-0-1, transactionalId=stream-state-bench-flink-w3-latency-tuning_control-0-1] ProducerId set to 47 with epoch 0
flink-identity-1                | [jobmanager-io-thread-8] INFO org.apache.flink.runtime.checkpoint.CheckpointCoordinator - Completed checkpoint 46 for job 685071a0544567112a6ecd8db0ecbc0f (5011 bytes, checkpointDuration=10 ms, finalizationTime=1 ms).
flink-identity-1                | [SourceCoordinator-Source: kafka-source] INFO org.apache.flink.runtime.source.coordinator.SourceCoordinator - Marking checkpoint 46 as completed for source Source: kafka-source.
flink-identity-1                | [Checkpoint Timer] INFO org.apache.flink.runtime.checkpoint.CheckpointCoordinator - Triggering checkpoint 47 (type=CheckpointType{name='Checkpoint', sharingFilesStrategy=FORWARD_BACKWARD}) @ 1784315212743 for job 685071a0544567112a6ecd8db0ecbc0f.
flink-identity-1                | [TumblingEventTimeWindows -> kafka-sink: Writer -> kafka-sink: Committer (1/1)#0] INFO org.apache.flink.connector.kafka.sink.internal.FlinkKafkaInternalProducer - Flushing new partitions
flink-identity-1                | [TumblingEventTimeWindows -> kafka-sink: Writer -> kafka-sink: Committer (1/1)#0] WARN org.apache.flink.metrics.MetricGroup - Name collision: Group already contains a Metric with the name 'pendingCommittables'. Metric will not be reported.[, taskmanager, d44d9eab-0b38-467a-a923-d7180ca87ff1, stream-state-bench-flink-tumbling_count, kafka-sink: Committer, 0]
flink-identity-1                | [TumblingEventTimeWindows -> kafka-sink: Writer -> kafka-sink: Committer (1/1)#0] INFO org.apache.kafka.clients.producer.internals.TransactionManager - [Producer clientId=producer-stream-state-bench-flink-w3-latency-tuning_control-0-13, transactionalId=stream-state-bench-flink-w3-latency-tuning_control-0-13] Invoking InitProducerId for the first time in order to acquire a producer ID
flink-identity-1                | [kafka-producer-network-thread | producer-stream-state-bench-flink-w3-latency-tuning_control-0-13] INFO org.apache.kafka.clients.producer.internals.TransactionManager - [Producer clientId=producer-stream-state-bench-flink-w3-latency-tuning_control-0-13, transactionalId=stream-state-bench-flink-w3-latency-tuning_control-0-13] ProducerId set to 48 with epoch 0
flink-identity-1                | [jobmanager-io-thread-12] INFO org.apache.flink.runtime.checkpoint.CheckpointCoordinator - Completed checkpoint 47 for job 685071a0544567112a6ecd8db0ecbc0f (5011 bytes, checkpointDuration=9 ms, finalizationTime=1 ms).
flink-identity-1                | [SourceCoordinator-Source: kafka-source] INFO org.apache.flink.runtime.source.coordinator.SourceCoordinator - Marking checkpoint 47 as completed for source Source: kafka-source.
flink-identity-1                | [Checkpoint Timer] INFO org.apache.flink.runtime.checkpoint.CheckpointCoordinator - Triggering checkpoint 48 (type=CheckpointType{name='Checkpoint', sharingFilesStrategy=FORWARD_BACKWARD}) @ 1784315213743 for job 685071a0544567112a6ecd8db0ecbc0f.
flink-identity-1                | [TumblingEventTimeWindows -> kafka-sink: Writer -> kafka-sink: Committer (1/1)#0] INFO org.apache.flink.connector.kafka.sink.internal.FlinkKafkaInternalProducer - Flushing new partitions
flink-identity-1                | [TumblingEventTimeWindows -> kafka-sink: Writer -> kafka-sink: Committer (1/1)#0] WARN org.apache.flink.metrics.MetricGroup - Name collision: Group already contains a Metric with the name 'pendingCommittables'. Metric will not be reported.[, taskmanager, d44d9eab-0b38-467a-a923-d7180ca87ff1, stream-state-bench-flink-tumbling_count, kafka-sink: Committer, 0]
flink-identity-1                | [TumblingEventTimeWindows -> kafka-sink: Writer -> kafka-sink: Committer (1/1)#0] INFO org.apache.kafka.clients.producer.internals.TransactionManager - [Producer clientId=producer-stream-state-bench-flink-w3-latency-tuning_control-0-1, transactionalId=stream-state-bench-flink-w3-latency-tuning_control-0-1] Invoking InitProducerId for the first time in order to acquire a producer ID
flink-identity-1                | [kafka-producer-network-thread | producer-stream-state-bench-flink-w3-latency-tuning_control-0-1] INFO org.apache.kafka.clients.producer.internals.TransactionManager - [Producer clientId=producer-stream-state-bench-flink-w3-latency-tuning_control-0-1, transactionalId=stream-state-bench-flink-w3-latency-tuning_control-0-1] ProducerId set to 49 with epoch 0
flink-identity-1                | [jobmanager-io-thread-14] INFO org.apache.flink.runtime.checkpoint.CheckpointCoordinator - Completed checkpoint 48 for job 685071a0544567112a6ecd8db0ecbc0f (5011 bytes, checkpointDuration=9 ms, finalizationTime=1 ms).
flink-identity-1                | [SourceCoordinator-Source: kafka-source] INFO org.apache.flink.runtime.source.coordinator.SourceCoordinator - Marking checkpoint 48 as completed for source Source: kafka-source.
flink-identity-1                | [Checkpoint Timer] INFO org.apache.flink.runtime.checkpoint.CheckpointCoordinator - Triggering checkpoint 49 (type=CheckpointType{name='Checkpoint', sharingFilesStrategy=FORWARD_BACKWARD}) @ 1784315214743 for job 685071a0544567112a6ecd8db0ecbc0f.
flink-identity-1                | [TumblingEventTimeWindows -> kafka-sink: Writer -> kafka-sink: Committer (1/1)#0] INFO org.apache.flink.connector.kafka.sink.internal.FlinkKafkaInternalProducer - Flushing new partitions
flink-identity-1                | [TumblingEventTimeWindows -> kafka-sink: Writer -> kafka-sink: Committer (1/1)#0] WARN org.apache.flink.metrics.MetricGroup - Name collision: Group already contains a Metric with the name 'pendingCommittables'. Metric will not be reported.[, taskmanager, d44d9eab-0b38-467a-a923-d7180ca87ff1, stream-state-bench-flink-tumbling_count, kafka-sink: Committer, 0]
flink-identity-1                | [TumblingEventTimeWindows -> kafka-sink: Writer -> kafka-sink: Committer (1/1)#0] INFO org.apache.kafka.clients.producer.internals.TransactionManager - [Producer clientId=producer-stream-state-bench-flink-w3-latency-tuning_control-0-13, transactionalId=stream-state-bench-flink-w3-latency-tuning_control-0-13] Invoking InitProducerId for the first time in order to acquire a producer ID
flink-identity-1                | [kafka-producer-network-thread | producer-stream-state-bench-flink-w3-latency-tuning_control-0-13] INFO org.apache.kafka.clients.producer.internals.TransactionManager - [Producer clientId=producer-stream-state-bench-flink-w3-latency-tuning_control-0-13, transactionalId=stream-state-bench-flink-w3-latency-tuning_control-0-13] ProducerId set to 50 with epoch 0
flink-identity-1                | [jobmanager-io-thread-10] INFO org.apache.flink.runtime.checkpoint.CheckpointCoordinator - Completed checkpoint 49 for job 685071a0544567112a6ecd8db0ecbc0f (5011 bytes, checkpointDuration=9 ms, finalizationTime=1 ms).
flink-identity-1                | [SourceCoordinator-Source: kafka-source] INFO org.apache.flink.runtime.source.coordinator.SourceCoordinator - Marking checkpoint 49 as completed for source Source: kafka-source.
flink-identity-1                | [Checkpoint Timer] INFO org.apache.flink.runtime.checkpoint.CheckpointCoordinator - Triggering checkpoint 50 (type=CheckpointType{name='Checkpoint', sharingFilesStrategy=FORWARD_BACKWARD}) @ 1784315215743 for job 685071a0544567112a6ecd8db0ecbc0f.
flink-identity-1                | [TumblingEventTimeWindows -> kafka-sink: Writer -> kafka-sink: Committer (1/1)#0] INFO org.apache.flink.connector.kafka.sink.internal.FlinkKafkaInternalProducer - Flushing new partitions
flink-identity-1                | [TumblingEventTimeWindows -> kafka-sink: Writer -> kafka-sink: Committer (1/1)#0] WARN org.apache.flink.metrics.MetricGroup - Name collision: Group already contains a Metric with the name 'pendingCommittables'. Metric will not be reported.[, taskmanager, d44d9eab-0b38-467a-a923-d7180ca87ff1, stream-state-bench-flink-tumbling_count, kafka-sink: Committer, 0]
flink-identity-1                | [TumblingEventTimeWindows -> kafka-sink: Writer -> kafka-sink: Committer (1/1)#0] INFO org.apache.kafka.clients.producer.internals.TransactionManager - [Producer clientId=producer-stream-state-bench-flink-w3-latency-tuning_control-0-1, transactionalId=stream-state-bench-flink-w3-latency-tuning_control-0-1] Invoking InitProducerId for the first time in order to acquire a producer ID
flink-identity-1                | [kafka-producer-network-thread | producer-stream-state-bench-flink-w3-latency-tuning_control-0-1] INFO org.apache.kafka.clients.producer.internals.TransactionManager - [Producer clientId=producer-stream-state-bench-flink-w3-latency-tuning_control-0-1, transactionalId=stream-state-bench-flink-w3-latency-tuning_control-0-1] ProducerId set to 51 with epoch 0
flink-identity-1                | [jobmanager-io-thread-11] INFO org.apache.flink.runtime.checkpoint.CheckpointCoordinator - Completed checkpoint 50 for job 685071a0544567112a6ecd8db0ecbc0f (5011 bytes, checkpointDuration=9 ms, finalizationTime=0 ms).
flink-identity-1                | [SourceCoordinator-Source: kafka-source] INFO org.apache.flink.runtime.source.coordinator.SourceCoordinator - Marking checkpoint 50 as completed for source Source: kafka-source.
flink-identity-1                | [Checkpoint Timer] INFO org.apache.flink.runtime.checkpoint.CheckpointCoordinator - Triggering checkpoint 51 (type=CheckpointType{name='Checkpoint', sharingFilesStrategy=FORWARD_BACKWARD}) @ 1784315216743 for job 685071a0544567112a6ecd8db0ecbc0f.
flink-identity-1                | [TumblingEventTimeWindows -> kafka-sink: Writer -> kafka-sink: Committer (1/1)#0] INFO org.apache.flink.connector.kafka.sink.internal.FlinkKafkaInternalProducer - Flushing new partitions
flink-identity-1                | [TumblingEventTimeWindows -> kafka-sink: Writer -> kafka-sink: Committer (1/1)#0] WARN org.apache.flink.metrics.MetricGroup - Name collision: Group already contains a Metric with the name 'pendingCommittables'. Metric will not be reported.[, taskmanager, d44d9eab-0b38-467a-a923-d7180ca87ff1, stream-state-bench-flink-tumbling_count, kafka-sink: Committer, 0]
flink-identity-1                | [TumblingEventTimeWindows -> kafka-sink: Writer -> kafka-sink: Committer (1/1)#0] INFO org.apache.kafka.clients.producer.internals.TransactionManager - [Producer clientId=producer-stream-state-bench-flink-w3-latency-tuning_control-0-13, transactionalId=stream-state-bench-flink-w3-latency-tuning_control-0-13] Invoking InitProducerId for the first time in order to acquire a producer ID
flink-identity-1                | [kafka-producer-network-thread | producer-stream-state-bench-flink-w3-latency-tuning_control-0-13] INFO org.apache.kafka.clients.producer.internals.TransactionManager - [Producer clientId=producer-stream-state-bench-flink-w3-latency-tuning_control-0-13, transactionalId=stream-state-bench-flink-w3-latency-tuning_control-0-13] ProducerId set to 52 with epoch 0
flink-identity-1                | [jobmanager-io-thread-6] INFO org.apache.flink.runtime.checkpoint.CheckpointCoordinator - Completed checkpoint 51 for job 685071a0544567112a6ecd8db0ecbc0f (5011 bytes, checkpointDuration=10 ms, finalizationTime=0 ms).
flink-identity-1                | [SourceCoordinator-Source: kafka-source] INFO org.apache.flink.runtime.source.coordinator.SourceCoordinator - Marking checkpoint 51 as completed for source Source: kafka-source.
flink-identity-1                | [Checkpoint Timer] INFO org.apache.flink.runtime.checkpoint.CheckpointCoordinator - Triggering checkpoint 52 (type=CheckpointType{name='Checkpoint', sharingFilesStrategy=FORWARD_BACKWARD}) @ 1784315217743 for job 685071a0544567112a6ecd8db0ecbc0f.
flink-identity-1                | [TumblingEventTimeWindows -> kafka-sink: Writer -> kafka-sink: Committer (1/1)#0] INFO org.apache.flink.connector.kafka.sink.internal.FlinkKafkaInternalProducer - Flushing new partitions
flink-identity-1                | [TumblingEventTimeWindows -> kafka-sink: Writer -> kafka-sink: Committer (1/1)#0] WARN org.apache.flink.metrics.MetricGroup - Name collision: Group already contains a Metric with the name 'pendingCommittables'. Metric will not be reported.[, taskmanager, d44d9eab-0b38-467a-a923-d7180ca87ff1, stream-state-bench-flink-tumbling_count, kafka-sink: Committer, 0]
flink-identity-1                | [TumblingEventTimeWindows -> kafka-sink: Writer -> kafka-sink: Committer (1/1)#0] INFO org.apache.kafka.clients.producer.internals.TransactionManager - [Producer clientId=producer-stream-state-bench-flink-w3-latency-tuning_control-0-1, transactionalId=stream-state-bench-flink-w3-latency-tuning_control-0-1] Invoking InitProducerId for the first time in order to acquire a producer ID
flink-identity-1                | [kafka-producer-network-thread | producer-stream-state-bench-flink-w3-latency-tuning_control-0-1] INFO org.apache.kafka.clients.producer.internals.TransactionManager - [Producer clientId=producer-stream-state-bench-flink-w3-latency-tuning_control-0-1, transactionalId=stream-state-bench-flink-w3-latency-tuning_control-0-1] ProducerId set to 53 with epoch 0
flink-identity-1                | [jobmanager-io-thread-3] INFO org.apache.flink.runtime.checkpoint.CheckpointCoordinator - Completed checkpoint 52 for job 685071a0544567112a6ecd8db0ecbc0f (5011 bytes, checkpointDuration=10 ms, finalizationTime=0 ms).
flink-identity-1                | [SourceCoordinator-Source: kafka-source] INFO org.apache.flink.runtime.source.coordinator.SourceCoordinator - Marking checkpoint 52 as completed for source Source: kafka-source.
flink-identity-1                | [Checkpoint Timer] INFO org.apache.flink.runtime.checkpoint.CheckpointCoordinator - Triggering checkpoint 53 (type=CheckpointType{name='Checkpoint', sharingFilesStrategy=FORWARD_BACKWARD}) @ 1784315218742 for job 685071a0544567112a6ecd8db0ecbc0f.
flink-identity-1                | [TumblingEventTimeWindows -> kafka-sink: Writer -> kafka-sink: Committer (1/1)#0] INFO org.apache.flink.connector.kafka.sink.internal.FlinkKafkaInternalProducer - Flushing new partitions
flink-identity-1                | [TumblingEventTimeWindows -> kafka-sink: Writer -> kafka-sink: Committer (1/1)#0] WARN org.apache.flink.metrics.MetricGroup - Name collision: Group already contains a Metric with the name 'pendingCommittables'. Metric will not be reported.[, taskmanager, d44d9eab-0b38-467a-a923-d7180ca87ff1, stream-state-bench-flink-tumbling_count, kafka-sink: Committer, 0]
flink-identity-1                | [TumblingEventTimeWindows -> kafka-sink: Writer -> kafka-sink: Committer (1/1)#0] INFO org.apache.kafka.clients.producer.internals.TransactionManager - [Producer clientId=producer-stream-state-bench-flink-w3-latency-tuning_control-0-13, transactionalId=stream-state-bench-flink-w3-latency-tuning_control-0-13] Invoking InitProducerId for the first time in order to acquire a producer ID
flink-identity-1                | [kafka-producer-network-thread | producer-stream-state-bench-flink-w3-latency-tuning_control-0-13] INFO org.apache.kafka.clients.producer.internals.TransactionManager - [Producer clientId=producer-stream-state-bench-flink-w3-latency-tuning_control-0-13, transactionalId=stream-state-bench-flink-w3-latency-tuning_control-0-13] ProducerId set to 54 with epoch 0
flink-identity-1                | [jobmanager-io-thread-4] INFO org.apache.flink.runtime.checkpoint.CheckpointCoordinator - Completed checkpoint 53 for job 685071a0544567112a6ecd8db0ecbc0f (5011 bytes, checkpointDuration=11 ms, finalizationTime=0 ms).
flink-identity-1                | [SourceCoordinator-Source: kafka-source] INFO org.apache.flink.runtime.source.coordinator.SourceCoordinator - Marking checkpoint 53 as completed for source Source: kafka-source.
flink-identity-1                | [Checkpoint Timer] INFO org.apache.flink.runtime.checkpoint.CheckpointCoordinator - Triggering checkpoint 54 (type=CheckpointType{name='Checkpoint', sharingFilesStrategy=FORWARD_BACKWARD}) @ 1784315219742 for job 685071a0544567112a6ecd8db0ecbc0f.
flink-identity-1                | [TumblingEventTimeWindows -> kafka-sink: Writer -> kafka-sink: Committer (1/1)#0] INFO org.apache.flink.connector.kafka.sink.internal.FlinkKafkaInternalProducer - Flushing new partitions
flink-identity-1                | [TumblingEventTimeWindows -> kafka-sink: Writer -> kafka-sink: Committer (1/1)#0] WARN org.apache.flink.metrics.MetricGroup - Name collision: Group already contains a Metric with the name 'pendingCommittables'. Metric will not be reported.[, taskmanager, d44d9eab-0b38-467a-a923-d7180ca87ff1, stream-state-bench-flink-tumbling_count, kafka-sink: Committer, 0]
flink-identity-1                | [TumblingEventTimeWindows -> kafka-sink: Writer -> kafka-sink: Committer (1/1)#0] INFO org.apache.kafka.clients.producer.internals.TransactionManager - [Producer clientId=producer-stream-state-bench-flink-w3-latency-tuning_control-0-1, transactionalId=stream-state-bench-flink-w3-latency-tuning_control-0-1] Invoking InitProducerId for the first time in order to acquire a producer ID
flink-identity-1                | [kafka-producer-network-thread | producer-stream-state-bench-flink-w3-latency-tuning_control-0-1] INFO org.apache.kafka.clients.producer.internals.TransactionManager - [Producer clientId=producer-stream-state-bench-flink-w3-latency-tuning_control-0-1, transactionalId=stream-state-bench-flink-w3-latency-tuning_control-0-1] ProducerId set to 55 with epoch 0
flink-identity-1                | [jobmanager-io-thread-15] INFO org.apache.flink.runtime.checkpoint.CheckpointCoordinator - Completed checkpoint 54 for job 685071a0544567112a6ecd8db0ecbc0f (5011 bytes, checkpointDuration=13 ms, finalizationTime=1 ms).
flink-identity-1                | [SourceCoordinator-Source: kafka-source] INFO org.apache.flink.runtime.source.coordinator.SourceCoordinator - Marking checkpoint 54 as completed for source Source: kafka-source.
flink-identity-1                | [Checkpoint Timer] INFO org.apache.flink.runtime.checkpoint.CheckpointCoordinator - Triggering checkpoint 55 (type=CheckpointType{name='Checkpoint', sharingFilesStrategy=FORWARD_BACKWARD}) @ 1784315220743 for job 685071a0544567112a6ecd8db0ecbc0f.
flink-identity-1                | [TumblingEventTimeWindows -> kafka-sink: Writer -> kafka-sink: Committer (1/1)#0] INFO org.apache.flink.connector.kafka.sink.internal.FlinkKafkaInternalProducer - Flushing new partitions
flink-identity-1                | [TumblingEventTimeWindows -> kafka-sink: Writer -> kafka-sink: Committer (1/1)#0] WARN org.apache.flink.metrics.MetricGroup - Name collision: Group already contains a Metric with the name 'pendingCommittables'. Metric will not be reported.[, taskmanager, d44d9eab-0b38-467a-a923-d7180ca87ff1, stream-state-bench-flink-tumbling_count, kafka-sink: Committer, 0]
flink-identity-1                | [TumblingEventTimeWindows -> kafka-sink: Writer -> kafka-sink: Committer (1/1)#0] INFO org.apache.kafka.clients.producer.internals.TransactionManager - [Producer clientId=producer-stream-state-bench-flink-w3-latency-tuning_control-0-13, transactionalId=stream-state-bench-flink-w3-latency-tuning_control-0-13] Invoking InitProducerId for the first time in order to acquire a producer ID
flink-identity-1                | [kafka-producer-network-thread | producer-stream-state-bench-flink-w3-latency-tuning_control-0-13] INFO org.apache.kafka.clients.producer.internals.TransactionManager - [Producer clientId=producer-stream-state-bench-flink-w3-latency-tuning_control-0-13, transactionalId=stream-state-bench-flink-w3-latency-tuning_control-0-13] ProducerId set to 56 with epoch 0
flink-identity-1                | [jobmanager-io-thread-5] INFO org.apache.flink.runtime.checkpoint.CheckpointCoordinator - Completed checkpoint 55 for job 685071a0544567112a6ecd8db0ecbc0f (5011 bytes, checkpointDuration=10 ms, finalizationTime=0 ms).
flink-identity-1                | [SourceCoordinator-Source: kafka-source] INFO org.apache.flink.runtime.source.coordinator.SourceCoordinator - Marking checkpoint 55 as completed for source Source: kafka-source.
flink-identity-1                | [Checkpoint Timer] INFO org.apache.flink.runtime.checkpoint.CheckpointCoordinator - Triggering checkpoint 56 (type=CheckpointType{name='Checkpoint', sharingFilesStrategy=FORWARD_BACKWARD}) @ 1784315221743 for job 685071a0544567112a6ecd8db0ecbc0f.
flink-identity-1                | [TumblingEventTimeWindows -> kafka-sink: Writer -> kafka-sink: Committer (1/1)#0] INFO org.apache.flink.connector.kafka.sink.internal.FlinkKafkaInternalProducer - Flushing new partitions
flink-identity-1                | [TumblingEventTimeWindows -> kafka-sink: Writer -> kafka-sink: Committer (1/1)#0] WARN org.apache.flink.metrics.MetricGroup - Name collision: Group already contains a Metric with the name 'pendingCommittables'. Metric will not be reported.[, taskmanager, d44d9eab-0b38-467a-a923-d7180ca87ff1, stream-state-bench-flink-tumbling_count, kafka-sink: Committer, 0]
flink-identity-1                | [TumblingEventTimeWindows -> kafka-sink: Writer -> kafka-sink: Committer (1/1)#0] INFO org.apache.kafka.clients.producer.internals.TransactionManager - [Producer clientId=producer-stream-state-bench-flink-w3-latency-tuning_control-0-1, transactionalId=stream-state-bench-flink-w3-latency-tuning_control-0-1] Invoking InitProducerId for the first time in order to acquire a producer ID
flink-identity-1                | [kafka-producer-network-thread | producer-stream-state-bench-flink-w3-latency-tuning_control-0-1] INFO org.apache.kafka.clients.producer.internals.TransactionManager - [Producer clientId=producer-stream-state-bench-flink-w3-latency-tuning_control-0-1, transactionalId=stream-state-bench-flink-w3-latency-tuning_control-0-1] ProducerId set to 57 with epoch 0
flink-identity-1                | [jobmanager-io-thread-2] INFO org.apache.flink.runtime.checkpoint.CheckpointCoordinator - Completed checkpoint 56 for job 685071a0544567112a6ecd8db0ecbc0f (5011 bytes, checkpointDuration=9 ms, finalizationTime=0 ms).
flink-identity-1                | [SourceCoordinator-Source: kafka-source] INFO org.apache.flink.runtime.source.coordinator.SourceCoordinator - Marking checkpoint 56 as completed for source Source: kafka-source.
flink-identity-1                | [Checkpoint Timer] INFO org.apache.flink.runtime.checkpoint.CheckpointCoordinator - Triggering checkpoint 57 (type=CheckpointType{name='Checkpoint', sharingFilesStrategy=FORWARD_BACKWARD}) @ 1784315222743 for job 685071a0544567112a6ecd8db0ecbc0f.
flink-identity-1                | [TumblingEventTimeWindows -> kafka-sink: Writer -> kafka-sink: Committer (1/1)#0] INFO org.apache.flink.connector.kafka.sink.internal.FlinkKafkaInternalProducer - Flushing new partitions
flink-identity-1                | [TumblingEventTimeWindows -> kafka-sink: Writer -> kafka-sink: Committer (1/1)#0] WARN org.apache.flink.metrics.MetricGroup - Name collision: Group already contains a Metric with the name 'pendingCommittables'. Metric will not be reported.[, taskmanager, d44d9eab-0b38-467a-a923-d7180ca87ff1, stream-state-bench-flink-tumbling_count, kafka-sink: Committer, 0]
flink-identity-1                | [TumblingEventTimeWindows -> kafka-sink: Writer -> kafka-sink: Committer (1/1)#0] INFO org.apache.kafka.clients.producer.internals.TransactionManager - [Producer clientId=producer-stream-state-bench-flink-w3-latency-tuning_control-0-13, transactionalId=stream-state-bench-flink-w3-latency-tuning_control-0-13] Invoking InitProducerId for the first time in order to acquire a producer ID
flink-identity-1                | [kafka-producer-network-thread | producer-stream-state-bench-flink-w3-latency-tuning_control-0-13] INFO org.apache.kafka.clients.producer.internals.TransactionManager - [Producer clientId=producer-stream-state-bench-flink-w3-latency-tuning_control-0-13, transactionalId=stream-state-bench-flink-w3-latency-tuning_control-0-13] ProducerId set to 58 with epoch 0
flink-identity-1                | [jobmanager-io-thread-13] INFO org.apache.flink.runtime.checkpoint.CheckpointCoordinator - Completed checkpoint 57 for job 685071a0544567112a6ecd8db0ecbc0f (5011 bytes, checkpointDuration=9 ms, finalizationTime=1 ms).
flink-identity-1                | [SourceCoordinator-Source: kafka-source] INFO org.apache.flink.runtime.source.coordinator.SourceCoordinator - Marking checkpoint 57 as completed for source Source: kafka-source.
flink-identity-1                | [Checkpoint Timer] INFO org.apache.flink.runtime.checkpoint.CheckpointCoordinator - Triggering checkpoint 58 (type=CheckpointType{name='Checkpoint', sharingFilesStrategy=FORWARD_BACKWARD}) @ 1784315223743 for job 685071a0544567112a6ecd8db0ecbc0f.
flink-identity-1                | [TumblingEventTimeWindows -> kafka-sink: Writer -> kafka-sink: Committer (1/1)#0] INFO org.apache.flink.connector.kafka.sink.internal.FlinkKafkaInternalProducer - Flushing new partitions
flink-identity-1                | [TumblingEventTimeWindows -> kafka-sink: Writer -> kafka-sink: Committer (1/1)#0] WARN org.apache.flink.metrics.MetricGroup - Name collision: Group already contains a Metric with the name 'pendingCommittables'. Metric will not be reported.[, taskmanager, d44d9eab-0b38-467a-a923-d7180ca87ff1, stream-state-bench-flink-tumbling_count, kafka-sink: Committer, 0]
flink-identity-1                | [TumblingEventTimeWindows -> kafka-sink: Writer -> kafka-sink: Committer (1/1)#0] INFO org.apache.kafka.clients.producer.internals.TransactionManager - [Producer clientId=producer-stream-state-bench-flink-w3-latency-tuning_control-0-1, transactionalId=stream-state-bench-flink-w3-latency-tuning_control-0-1] Invoking InitProducerId for the first time in order to acquire a producer ID
flink-identity-1                | [kafka-producer-network-thread | producer-stream-state-bench-flink-w3-latency-tuning_control-0-1] INFO org.apache.kafka.clients.producer.internals.TransactionManager - [Producer clientId=producer-stream-state-bench-flink-w3-latency-tuning_control-0-1, transactionalId=stream-state-bench-flink-w3-latency-tuning_control-0-1] ProducerId set to 59 with epoch 0
flink-identity-1                | [jobmanager-io-thread-7] INFO org.apache.flink.runtime.checkpoint.CheckpointCoordinator - Completed checkpoint 58 for job 685071a0544567112a6ecd8db0ecbc0f (5011 bytes, checkpointDuration=10 ms, finalizationTime=0 ms).
flink-identity-1                | [SourceCoordinator-Source: kafka-source] INFO org.apache.flink.runtime.source.coordinator.SourceCoordinator - Marking checkpoint 58 as completed for source Source: kafka-source.
flink-identity-1                | [Checkpoint Timer] INFO org.apache.flink.runtime.checkpoint.CheckpointCoordinator - Triggering checkpoint 59 (type=CheckpointType{name='Checkpoint', sharingFilesStrategy=FORWARD_BACKWARD}) @ 1784315224743 for job 685071a0544567112a6ecd8db0ecbc0f.
flink-identity-1                | [TumblingEventTimeWindows -> kafka-sink: Writer -> kafka-sink: Committer (1/1)#0] INFO org.apache.flink.connector.kafka.sink.internal.FlinkKafkaInternalProducer - Flushing new partitions
flink-identity-1                | [TumblingEventTimeWindows -> kafka-sink: Writer -> kafka-sink: Committer (1/1)#0] WARN org.apache.flink.metrics.MetricGroup - Name collision: Group already contains a Metric with the name 'pendingCommittables'. Metric will not be reported.[, taskmanager, d44d9eab-0b38-467a-a923-d7180ca87ff1, stream-state-bench-flink-tumbling_count, kafka-sink: Committer, 0]
flink-identity-1                | [TumblingEventTimeWindows -> kafka-sink: Writer -> kafka-sink: Committer (1/1)#0] INFO org.apache.kafka.clients.producer.internals.TransactionManager - [Producer clientId=producer-stream-state-bench-flink-w3-latency-tuning_control-0-13, transactionalId=stream-state-bench-flink-w3-latency-tuning_control-0-13] Invoking InitProducerId for the first time in order to acquire a producer ID
flink-identity-1                | [kafka-producer-network-thread | producer-stream-state-bench-flink-w3-latency-tuning_control-0-13] INFO org.apache.kafka.clients.producer.internals.TransactionManager - [Producer clientId=producer-stream-state-bench-flink-w3-latency-tuning_control-0-13, transactionalId=stream-state-bench-flink-w3-latency-tuning_control-0-13] ProducerId set to 60 with epoch 0
flink-identity-1                | [jobmanager-io-thread-8] INFO org.apache.flink.runtime.checkpoint.CheckpointCoordinator - Completed checkpoint 59 for job 685071a0544567112a6ecd8db0ecbc0f (5011 bytes, checkpointDuration=10 ms, finalizationTime=0 ms).
flink-identity-1                | [SourceCoordinator-Source: kafka-source] INFO org.apache.flink.runtime.source.coordinator.SourceCoordinator - Marking checkpoint 59 as completed for source Source: kafka-source.
flink-identity-1                | [Checkpoint Timer] INFO org.apache.flink.runtime.checkpoint.CheckpointCoordinator - Triggering checkpoint 60 (type=CheckpointType{name='Checkpoint', sharingFilesStrategy=FORWARD_BACKWARD}) @ 1784315225743 for job 685071a0544567112a6ecd8db0ecbc0f.
flink-identity-1                | [TumblingEventTimeWindows -> kafka-sink: Writer -> kafka-sink: Committer (1/1)#0] INFO org.apache.flink.connector.kafka.sink.internal.FlinkKafkaInternalProducer - Flushing new partitions
flink-identity-1                | [TumblingEventTimeWindows -> kafka-sink: Writer -> kafka-sink: Committer (1/1)#0] WARN org.apache.flink.metrics.MetricGroup - Name collision: Group already contains a Metric with the name 'pendingCommittables'. Metric will not be reported.[, taskmanager, d44d9eab-0b38-467a-a923-d7180ca87ff1, stream-state-bench-flink-tumbling_count, kafka-sink: Committer, 0]
flink-identity-1                | [TumblingEventTimeWindows -> kafka-sink: Writer -> kafka-sink: Committer (1/1)#0] INFO org.apache.kafka.clients.producer.internals.TransactionManager - [Producer clientId=producer-stream-state-bench-flink-w3-latency-tuning_control-0-1, transactionalId=stream-state-bench-flink-w3-latency-tuning_control-0-1] Invoking InitProducerId for the first time in order to acquire a producer ID
flink-identity-1                | [kafka-producer-network-thread | producer-stream-state-bench-flink-w3-latency-tuning_control-0-1] INFO org.apache.kafka.clients.producer.internals.TransactionManager - [Producer clientId=producer-stream-state-bench-flink-w3-latency-tuning_control-0-1, transactionalId=stream-state-bench-flink-w3-latency-tuning_control-0-1] ProducerId set to 61 with epoch 0
flink-identity-1                | [jobmanager-io-thread-12] INFO org.apache.flink.runtime.checkpoint.CheckpointCoordinator - Completed checkpoint 60 for job 685071a0544567112a6ecd8db0ecbc0f (5011 bytes, checkpointDuration=9 ms, finalizationTime=1 ms).
flink-identity-1                | [SourceCoordinator-Source: kafka-source] INFO org.apache.flink.runtime.source.coordinator.SourceCoordinator - Marking checkpoint 60 as completed for source Source: kafka-source.
flink-identity-1                | [Checkpoint Timer] INFO org.apache.flink.runtime.checkpoint.CheckpointCoordinator - Triggering checkpoint 61 (type=CheckpointType{name='Checkpoint', sharingFilesStrategy=FORWARD_BACKWARD}) @ 1784315226742 for job 685071a0544567112a6ecd8db0ecbc0f.
flink-identity-1                | [TumblingEventTimeWindows -> kafka-sink: Writer -> kafka-sink: Committer (1/1)#0] INFO org.apache.flink.connector.kafka.sink.internal.FlinkKafkaInternalProducer - Flushing new partitions
flink-identity-1                | [TumblingEventTimeWindows -> kafka-sink: Writer -> kafka-sink: Committer (1/1)#0] WARN org.apache.flink.metrics.MetricGroup - Name collision: Group already contains a Metric with the name 'pendingCommittables'. Metric will not be reported.[, taskmanager, d44d9eab-0b38-467a-a923-d7180ca87ff1, stream-state-bench-flink-tumbling_count, kafka-sink: Committer, 0]
flink-identity-1                | [TumblingEventTimeWindows -> kafka-sink: Writer -> kafka-sink: Committer (1/1)#0] INFO org.apache.kafka.clients.producer.internals.TransactionManager - [Producer clientId=producer-stream-state-bench-flink-w3-latency-tuning_control-0-13, transactionalId=stream-state-bench-flink-w3-latency-tuning_control-0-13] Invoking InitProducerId for the first time in order to acquire a producer ID
flink-identity-1                | [kafka-producer-network-thread | producer-stream-state-bench-flink-w3-latency-tuning_control-0-13] INFO org.apache.kafka.clients.producer.internals.TransactionManager - [Producer clientId=producer-stream-state-bench-flink-w3-latency-tuning_control-0-13, transactionalId=stream-state-bench-flink-w3-latency-tuning_control-0-13] ProducerId set to 62 with epoch 0
flink-identity-1                | [jobmanager-io-thread-16] INFO org.apache.flink.runtime.checkpoint.CheckpointCoordinator - Completed checkpoint 61 for job 685071a0544567112a6ecd8db0ecbc0f (5011 bytes, checkpointDuration=7 ms, finalizationTime=0 ms).
flink-identity-1                | [SourceCoordinator-Source: kafka-source] INFO org.apache.flink.runtime.source.coordinator.SourceCoordinator - Marking checkpoint 61 as completed for source Source: kafka-source.
flink-identity-1                | [Checkpoint Timer] INFO org.apache.flink.runtime.checkpoint.CheckpointCoordinator - Triggering checkpoint 62 (type=CheckpointType{name='Checkpoint', sharingFilesStrategy=FORWARD_BACKWARD}) @ 1784315227742 for job 685071a0544567112a6ecd8db0ecbc0f.
flink-identity-1                | [TumblingEventTimeWindows -> kafka-sink: Writer -> kafka-sink: Committer (1/1)#0] INFO org.apache.flink.connector.kafka.sink.internal.FlinkKafkaInternalProducer - Flushing new partitions
flink-identity-1                | [TumblingEventTimeWindows -> kafka-sink: Writer -> kafka-sink: Committer (1/1)#0] WARN org.apache.flink.metrics.MetricGroup - Name collision: Group already contains a Metric with the name 'pendingCommittables'. Metric will not be reported.[, taskmanager, d44d9eab-0b38-467a-a923-d7180ca87ff1, stream-state-bench-flink-tumbling_count, kafka-sink: Committer, 0]
flink-identity-1                | [TumblingEventTimeWindows -> kafka-sink: Writer -> kafka-sink: Committer (1/1)#0] INFO org.apache.kafka.clients.producer.internals.TransactionManager - [Producer clientId=producer-stream-state-bench-flink-w3-latency-tuning_control-0-1, transactionalId=stream-state-bench-flink-w3-latency-tuning_control-0-1] Invoking InitProducerId for the first time in order to acquire a producer ID
flink-identity-1                | [kafka-producer-network-thread | producer-stream-state-bench-flink-w3-latency-tuning_control-0-1] INFO org.apache.kafka.clients.producer.internals.TransactionManager - [Producer clientId=producer-stream-state-bench-flink-w3-latency-tuning_control-0-1, transactionalId=stream-state-bench-flink-w3-latency-tuning_control-0-1] ProducerId set to 63 with epoch 0
flink-identity-1                | [jobmanager-io-thread-10] INFO org.apache.flink.runtime.checkpoint.CheckpointCoordinator - Completed checkpoint 62 for job 685071a0544567112a6ecd8db0ecbc0f (5011 bytes, checkpointDuration=11 ms, finalizationTime=1 ms).
flink-identity-1                | [SourceCoordinator-Source: kafka-source] INFO org.apache.flink.runtime.source.coordinator.SourceCoordinator - Marking checkpoint 62 as completed for source Source: kafka-source.
flink-identity-1                | [Checkpoint Timer] INFO org.apache.flink.runtime.checkpoint.CheckpointCoordinator - Triggering checkpoint 63 (type=CheckpointType{name='Checkpoint', sharingFilesStrategy=FORWARD_BACKWARD}) @ 1784315228742 for job 685071a0544567112a6ecd8db0ecbc0f.
flink-identity-1                | [TumblingEventTimeWindows -> kafka-sink: Writer -> kafka-sink: Committer (1/1)#0] INFO org.apache.flink.connector.kafka.sink.internal.FlinkKafkaInternalProducer - Flushing new partitions
flink-identity-1                | [TumblingEventTimeWindows -> kafka-sink: Writer -> kafka-sink: Committer (1/1)#0] WARN org.apache.flink.metrics.MetricGroup - Name collision: Group already contains a Metric with the name 'pendingCommittables'. Metric will not be reported.[, taskmanager, d44d9eab-0b38-467a-a923-d7180ca87ff1, stream-state-bench-flink-tumbling_count, kafka-sink: Committer, 0]
flink-identity-1                | [TumblingEventTimeWindows -> kafka-sink: Writer -> kafka-sink: Committer (1/1)#0] INFO org.apache.kafka.clients.producer.internals.TransactionManager - [Producer clientId=producer-stream-state-bench-flink-w3-latency-tuning_control-0-13, transactionalId=stream-state-bench-flink-w3-latency-tuning_control-0-13] Invoking InitProducerId for the first time in order to acquire a producer ID
flink-identity-1                | [kafka-producer-network-thread | producer-stream-state-bench-flink-w3-latency-tuning_control-0-13] INFO org.apache.kafka.clients.producer.internals.TransactionManager - [Producer clientId=producer-stream-state-bench-flink-w3-latency-tuning_control-0-13, transactionalId=stream-state-bench-flink-w3-latency-tuning_control-0-13] ProducerId set to 64 with epoch 0
flink-identity-1                | [jobmanager-io-thread-11] INFO org.apache.flink.runtime.checkpoint.CheckpointCoordinator - Completed checkpoint 63 for job 685071a0544567112a6ecd8db0ecbc0f (5011 bytes, checkpointDuration=10 ms, finalizationTime=1 ms).
flink-identity-1                | [SourceCoordinator-Source: kafka-source] INFO org.apache.flink.runtime.source.coordinator.SourceCoordinator - Marking checkpoint 63 as completed for source Source: kafka-source.
flink-identity-1                | [Checkpoint Timer] INFO org.apache.flink.runtime.checkpoint.CheckpointCoordinator - Triggering checkpoint 64 (type=CheckpointType{name='Checkpoint', sharingFilesStrategy=FORWARD_BACKWARD}) @ 1784315229743 for job 685071a0544567112a6ecd8db0ecbc0f.
flink-identity-1                | [TumblingEventTimeWindows -> kafka-sink: Writer -> kafka-sink: Committer (1/1)#0] INFO org.apache.flink.connector.kafka.sink.internal.FlinkKafkaInternalProducer - Flushing new partitions
flink-identity-1                | [TumblingEventTimeWindows -> kafka-sink: Writer -> kafka-sink: Committer (1/1)#0] WARN org.apache.flink.metrics.MetricGroup - Name collision: Group already contains a Metric with the name 'pendingCommittables'. Metric will not be reported.[, taskmanager, d44d9eab-0b38-467a-a923-d7180ca87ff1, stream-state-bench-flink-tumbling_count, kafka-sink: Committer, 0]
flink-identity-1                | [TumblingEventTimeWindows -> kafka-sink: Writer -> kafka-sink: Committer (1/1)#0] INFO org.apache.kafka.clients.producer.internals.TransactionManager - [Producer clientId=producer-stream-state-bench-flink-w3-latency-tuning_control-0-1, transactionalId=stream-state-bench-flink-w3-latency-tuning_control-0-1] Invoking InitProducerId for the first time in order to acquire a producer ID
flink-identity-1                | [kafka-producer-network-thread | producer-stream-state-bench-flink-w3-latency-tuning_control-0-1] INFO org.apache.kafka.clients.producer.internals.TransactionManager - [Producer clientId=producer-stream-state-bench-flink-w3-latency-tuning_control-0-1, transactionalId=stream-state-bench-flink-w3-latency-tuning_control-0-1] ProducerId set to 65 with epoch 0
flink-identity-1                | [jobmanager-io-thread-3] INFO org.apache.flink.runtime.checkpoint.CheckpointCoordinator - Completed checkpoint 64 for job 685071a0544567112a6ecd8db0ecbc0f (5011 bytes, checkpointDuration=10 ms, finalizationTime=0 ms).
flink-identity-1                | [SourceCoordinator-Source: kafka-source] INFO org.apache.flink.runtime.source.coordinator.SourceCoordinator - Marking checkpoint 64 as completed for source Source: kafka-source.
flink-identity-1                | [Checkpoint Timer] INFO org.apache.flink.runtime.checkpoint.CheckpointCoordinator - Triggering checkpoint 65 (type=CheckpointType{name='Checkpoint', sharingFilesStrategy=FORWARD_BACKWARD}) @ 1784315230743 for job 685071a0544567112a6ecd8db0ecbc0f.
flink-identity-1                | [TumblingEventTimeWindows -> kafka-sink: Writer -> kafka-sink: Committer (1/1)#0] INFO org.apache.flink.connector.kafka.sink.internal.FlinkKafkaInternalProducer - Flushing new partitions
flink-identity-1                | [TumblingEventTimeWindows -> kafka-sink: Writer -> kafka-sink: Committer (1/1)#0] WARN org.apache.flink.metrics.MetricGroup - Name collision: Group already contains a Metric with the name 'pendingCommittables'. Metric will not be reported.[, taskmanager, d44d9eab-0b38-467a-a923-d7180ca87ff1, stream-state-bench-flink-tumbling_count, kafka-sink: Committer, 0]
flink-identity-1                | [TumblingEventTimeWindows -> kafka-sink: Writer -> kafka-sink: Committer (1/1)#0] INFO org.apache.kafka.clients.producer.internals.TransactionManager - [Producer clientId=producer-stream-state-bench-flink-w3-latency-tuning_control-0-13, transactionalId=stream-state-bench-flink-w3-latency-tuning_control-0-13] Invoking InitProducerId for the first time in order to acquire a producer ID
flink-identity-1                | [kafka-producer-network-thread | producer-stream-state-bench-flink-w3-latency-tuning_control-0-13] INFO org.apache.kafka.clients.producer.internals.TransactionManager - [Producer clientId=producer-stream-state-bench-flink-w3-latency-tuning_control-0-13, transactionalId=stream-state-bench-flink-w3-latency-tuning_control-0-13] ProducerId set to 66 with epoch 0
flink-identity-1                | [jobmanager-io-thread-6] INFO org.apache.flink.runtime.checkpoint.CheckpointCoordinator - Completed checkpoint 65 for job 685071a0544567112a6ecd8db0ecbc0f (5011 bytes, checkpointDuration=10 ms, finalizationTime=1 ms).
flink-identity-1                | [SourceCoordinator-Source: kafka-source] INFO org.apache.flink.runtime.source.coordinator.SourceCoordinator - Marking checkpoint 65 as completed for source Source: kafka-source.
flink-identity-1                | [Checkpoint Timer] INFO org.apache.flink.runtime.checkpoint.CheckpointCoordinator - Triggering checkpoint 66 (type=CheckpointType{name='Checkpoint', sharingFilesStrategy=FORWARD_BACKWARD}) @ 1784315231743 for job 685071a0544567112a6ecd8db0ecbc0f.
flink-identity-1                | [TumblingEventTimeWindows -> kafka-sink: Writer -> kafka-sink: Committer (1/1)#0] INFO org.apache.flink.connector.kafka.sink.internal.FlinkKafkaInternalProducer - Flushing new partitions
flink-identity-1                | [TumblingEventTimeWindows -> kafka-sink: Writer -> kafka-sink: Committer (1/1)#0] WARN org.apache.flink.metrics.MetricGroup - Name collision: Group already contains a Metric with the name 'pendingCommittables'. Metric will not be reported.[, taskmanager, d44d9eab-0b38-467a-a923-d7180ca87ff1, stream-state-bench-flink-tumbling_count, kafka-sink: Committer, 0]
flink-identity-1                | [TumblingEventTimeWindows -> kafka-sink: Writer -> kafka-sink: Committer (1/1)#0] INFO org.apache.kafka.clients.producer.internals.TransactionManager - [Producer clientId=producer-stream-state-bench-flink-w3-latency-tuning_control-0-1, transactionalId=stream-state-bench-flink-w3-latency-tuning_control-0-1] Invoking InitProducerId for the first time in order to acquire a producer ID
flink-identity-1                | [kafka-producer-network-thread | producer-stream-state-bench-flink-w3-latency-tuning_control-0-1] INFO org.apache.kafka.clients.producer.internals.TransactionManager - [Producer clientId=producer-stream-state-bench-flink-w3-latency-tuning_control-0-1, transactionalId=stream-state-bench-flink-w3-latency-tuning_control-0-1] ProducerId set to 67 with epoch 0
flink-identity-1                | [jobmanager-io-thread-15] INFO org.apache.flink.runtime.checkpoint.CheckpointCoordinator - Completed checkpoint 66 for job 685071a0544567112a6ecd8db0ecbc0f (5011 bytes, checkpointDuration=9 ms, finalizationTime=1 ms).
flink-identity-1                | [SourceCoordinator-Source: kafka-source] INFO org.apache.flink.runtime.source.coordinator.SourceCoordinator - Marking checkpoint 66 as completed for source Source: kafka-source.
flink-identity-1                | [Checkpoint Timer] INFO org.apache.flink.runtime.checkpoint.CheckpointCoordinator - Triggering checkpoint 67 (type=CheckpointType{name='Checkpoint', sharingFilesStrategy=FORWARD_BACKWARD}) @ 1784315232743 for job 685071a0544567112a6ecd8db0ecbc0f.
flink-identity-1                | [TumblingEventTimeWindows -> kafka-sink: Writer -> kafka-sink: Committer (1/1)#0] INFO org.apache.flink.connector.kafka.sink.internal.FlinkKafkaInternalProducer - Flushing new partitions
flink-identity-1                | [TumblingEventTimeWindows -> kafka-sink: Writer -> kafka-sink: Committer (1/1)#0] WARN org.apache.flink.metrics.MetricGroup - Name collision: Group already contains a Metric with the name 'pendingCommittables'. Metric will not be reported.[, taskmanager, d44d9eab-0b38-467a-a923-d7180ca87ff1, stream-state-bench-flink-tumbling_count, kafka-sink: Committer, 0]
flink-identity-1                | [TumblingEventTimeWindows -> kafka-sink: Writer -> kafka-sink: Committer (1/1)#0] INFO org.apache.kafka.clients.producer.internals.TransactionManager - [Producer clientId=producer-stream-state-bench-flink-w3-latency-tuning_control-0-13, transactionalId=stream-state-bench-flink-w3-latency-tuning_control-0-13] Invoking InitProducerId for the first time in order to acquire a producer ID
flink-identity-1                | [kafka-producer-network-thread | producer-stream-state-bench-flink-w3-latency-tuning_control-0-13] INFO org.apache.kafka.clients.producer.internals.TransactionManager - [Producer clientId=producer-stream-state-bench-flink-w3-latency-tuning_control-0-13, transactionalId=stream-state-bench-flink-w3-latency-tuning_control-0-13] ProducerId set to 68 with epoch 0
flink-identity-1                | [jobmanager-io-thread-4] INFO org.apache.flink.runtime.checkpoint.CheckpointCoordinator - Completed checkpoint 67 for job 685071a0544567112a6ecd8db0ecbc0f (5011 bytes, checkpointDuration=9 ms, finalizationTime=1 ms).
flink-identity-1                | [SourceCoordinator-Source: kafka-source] INFO org.apache.flink.runtime.source.coordinator.SourceCoordinator - Marking checkpoint 67 as completed for source Source: kafka-source.
flink-identity-1                | [Checkpoint Timer] INFO org.apache.flink.runtime.checkpoint.CheckpointCoordinator - Triggering checkpoint 68 (type=CheckpointType{name='Checkpoint', sharingFilesStrategy=FORWARD_BACKWARD}) @ 1784315233743 for job 685071a0544567112a6ecd8db0ecbc0f.
flink-identity-1                | [TumblingEventTimeWindows -> kafka-sink: Writer -> kafka-sink: Committer (1/1)#0] INFO org.apache.flink.connector.kafka.sink.internal.FlinkKafkaInternalProducer - Flushing new partitions
flink-identity-1                | [TumblingEventTimeWindows -> kafka-sink: Writer -> kafka-sink: Committer (1/1)#0] WARN org.apache.flink.metrics.MetricGroup - Name collision: Group already contains a Metric with the name 'pendingCommittables'. Metric will not be reported.[, taskmanager, d44d9eab-0b38-467a-a923-d7180ca87ff1, stream-state-bench-flink-tumbling_count, kafka-sink: Committer, 0]
flink-identity-1                | [TumblingEventTimeWindows -> kafka-sink: Writer -> kafka-sink: Committer (1/1)#0] INFO org.apache.kafka.clients.producer.internals.TransactionManager - [Producer clientId=producer-stream-state-bench-flink-w3-latency-tuning_control-0-1, transactionalId=stream-state-bench-flink-w3-latency-tuning_control-0-1] Invoking InitProducerId for the first time in order to acquire a producer ID
flink-identity-1                | [kafka-producer-network-thread | producer-stream-state-bench-flink-w3-latency-tuning_control-0-1] INFO org.apache.kafka.clients.producer.internals.TransactionManager - [Producer clientId=producer-stream-state-bench-flink-w3-latency-tuning_control-0-1, transactionalId=stream-state-bench-flink-w3-latency-tuning_control-0-1] ProducerId set to 69 with epoch 0
flink-identity-1                | [jobmanager-io-thread-5] INFO org.apache.flink.runtime.checkpoint.CheckpointCoordinator - Completed checkpoint 68 for job 685071a0544567112a6ecd8db0ecbc0f (5011 bytes, checkpointDuration=10 ms, finalizationTime=0 ms).
flink-identity-1                | [SourceCoordinator-Source: kafka-source] INFO org.apache.flink.runtime.source.coordinator.SourceCoordinator - Marking checkpoint 68 as completed for source Source: kafka-source.
flink-identity-1                | [Checkpoint Timer] INFO org.apache.flink.runtime.checkpoint.CheckpointCoordinator - Triggering checkpoint 69 (type=CheckpointType{name='Checkpoint', sharingFilesStrategy=FORWARD_BACKWARD}) @ 1784315234742 for job 685071a0544567112a6ecd8db0ecbc0f.
flink-identity-1                | [TumblingEventTimeWindows -> kafka-sink: Writer -> kafka-sink: Committer (1/1)#0] INFO org.apache.flink.connector.kafka.sink.internal.FlinkKafkaInternalProducer - Flushing new partitions
flink-identity-1                | [TumblingEventTimeWindows -> kafka-sink: Writer -> kafka-sink: Committer (1/1)#0] WARN org.apache.flink.metrics.MetricGroup - Name collision: Group already contains a Metric with the name 'pendingCommittables'. Metric will not be reported.[, taskmanager, d44d9eab-0b38-467a-a923-d7180ca87ff1, stream-state-bench-flink-tumbling_count, kafka-sink: Committer, 0]
flink-identity-1                | [TumblingEventTimeWindows -> kafka-sink: Writer -> kafka-sink: Committer (1/1)#0] INFO org.apache.kafka.clients.producer.internals.TransactionManager - [Producer clientId=producer-stream-state-bench-flink-w3-latency-tuning_control-0-13, transactionalId=stream-state-bench-flink-w3-latency-tuning_control-0-13] Invoking InitProducerId for the first time in order to acquire a producer ID
flink-identity-1                | [kafka-producer-network-thread | producer-stream-state-bench-flink-w3-latency-tuning_control-0-13] INFO org.apache.kafka.clients.producer.internals.TransactionManager - [Producer clientId=producer-stream-state-bench-flink-w3-latency-tuning_control-0-13, transactionalId=stream-state-bench-flink-w3-latency-tuning_control-0-13] ProducerId set to 70 with epoch 0
flink-identity-1                | [jobmanager-io-thread-2] INFO org.apache.flink.runtime.checkpoint.CheckpointCoordinator - Completed checkpoint 69 for job 685071a0544567112a6ecd8db0ecbc0f (5011 bytes, checkpointDuration=10 ms, finalizationTime=0 ms).
flink-identity-1                | [SourceCoordinator-Source: kafka-source] INFO org.apache.flink.runtime.source.coordinator.SourceCoordinator - Marking checkpoint 69 as completed for source Source: kafka-source.
flink-identity-1                | [Checkpoint Timer] INFO org.apache.flink.runtime.checkpoint.CheckpointCoordinator - Triggering checkpoint 70 (type=CheckpointType{name='Checkpoint', sharingFilesStrategy=FORWARD_BACKWARD}) @ 1784315235742 for job 685071a0544567112a6ecd8db0ecbc0f.
flink-identity-1                | [TumblingEventTimeWindows -> kafka-sink: Writer -> kafka-sink: Committer (1/1)#0] INFO org.apache.flink.connector.kafka.sink.internal.FlinkKafkaInternalProducer - Flushing new partitions
flink-identity-1                | [TumblingEventTimeWindows -> kafka-sink: Writer -> kafka-sink: Committer (1/1)#0] WARN org.apache.flink.metrics.MetricGroup - Name collision: Group already contains a Metric with the name 'pendingCommittables'. Metric will not be reported.[, taskmanager, d44d9eab-0b38-467a-a923-d7180ca87ff1, stream-state-bench-flink-tumbling_count, kafka-sink: Committer, 0]
flink-identity-1                | [TumblingEventTimeWindows -> kafka-sink: Writer -> kafka-sink: Committer (1/1)#0] INFO org.apache.kafka.clients.producer.internals.TransactionManager - [Producer clientId=producer-stream-state-bench-flink-w3-latency-tuning_control-0-1, transactionalId=stream-state-bench-flink-w3-latency-tuning_control-0-1] Invoking InitProducerId for the first time in order to acquire a producer ID
flink-identity-1                | [kafka-producer-network-thread | producer-stream-state-bench-flink-w3-latency-tuning_control-0-1] INFO org.apache.kafka.clients.producer.internals.TransactionManager - [Producer clientId=producer-stream-state-bench-flink-w3-latency-tuning_control-0-1, transactionalId=stream-state-bench-flink-w3-latency-tuning_control-0-1] ProducerId set to 71 with epoch 0
flink-identity-1                | [jobmanager-io-thread-13] INFO org.apache.flink.runtime.checkpoint.CheckpointCoordinator - Completed checkpoint 70 for job 685071a0544567112a6ecd8db0ecbc0f (5011 bytes, checkpointDuration=10 ms, finalizationTime=1 ms).
flink-identity-1                | [SourceCoordinator-Source: kafka-source] INFO org.apache.flink.runtime.source.coordinator.SourceCoordinator - Marking checkpoint 70 as completed for source Source: kafka-source.
flink-identity-1                | [Checkpoint Timer] INFO org.apache.flink.runtime.checkpoint.CheckpointCoordinator - Triggering checkpoint 71 (type=CheckpointType{name='Checkpoint', sharingFilesStrategy=FORWARD_BACKWARD}) @ 1784315236742 for job 685071a0544567112a6ecd8db0ecbc0f.
flink-identity-1                | [TumblingEventTimeWindows -> kafka-sink: Writer -> kafka-sink: Committer (1/1)#0] INFO org.apache.flink.connector.kafka.sink.internal.FlinkKafkaInternalProducer - Flushing new partitions
flink-identity-1                | [TumblingEventTimeWindows -> kafka-sink: Writer -> kafka-sink: Committer (1/1)#0] WARN org.apache.flink.metrics.MetricGroup - Name collision: Group already contains a Metric with the name 'pendingCommittables'. Metric will not be reported.[, taskmanager, d44d9eab-0b38-467a-a923-d7180ca87ff1, stream-state-bench-flink-tumbling_count, kafka-sink: Committer, 0]
flink-identity-1                | [TumblingEventTimeWindows -> kafka-sink: Writer -> kafka-sink: Committer (1/1)#0] INFO org.apache.kafka.clients.producer.internals.TransactionManager - [Producer clientId=producer-stream-state-bench-flink-w3-latency-tuning_control-0-13, transactionalId=stream-state-bench-flink-w3-latency-tuning_control-0-13] Invoking InitProducerId for the first time in order to acquire a producer ID
flink-identity-1                | [kafka-producer-network-thread | producer-stream-state-bench-flink-w3-latency-tuning_control-0-13] INFO org.apache.kafka.clients.producer.internals.TransactionManager - [Producer clientId=producer-stream-state-bench-flink-w3-latency-tuning_control-0-13, transactionalId=stream-state-bench-flink-w3-latency-tuning_control-0-13] ProducerId set to 72 with epoch 0
flink-identity-1                | [jobmanager-io-thread-1] INFO org.apache.flink.runtime.checkpoint.CheckpointCoordinator - Completed checkpoint 71 for job 685071a0544567112a6ecd8db0ecbc0f (5011 bytes, checkpointDuration=8 ms, finalizationTime=0 ms).
flink-identity-1                | [SourceCoordinator-Source: kafka-source] INFO org.apache.flink.runtime.source.coordinator.SourceCoordinator - Marking checkpoint 71 as completed for source Source: kafka-source.
flink-identity-1                | [Checkpoint Timer] INFO org.apache.flink.runtime.checkpoint.CheckpointCoordinator - Triggering checkpoint 72 (type=CheckpointType{name='Checkpoint', sharingFilesStrategy=FORWARD_BACKWARD}) @ 1784315237743 for job 685071a0544567112a6ecd8db0ecbc0f.
flink-identity-1                | [TumblingEventTimeWindows -> kafka-sink: Writer -> kafka-sink: Committer (1/1)#0] INFO org.apache.flink.connector.kafka.sink.internal.FlinkKafkaInternalProducer - Flushing new partitions
flink-identity-1                | [TumblingEventTimeWindows -> kafka-sink: Writer -> kafka-sink: Committer (1/1)#0] WARN org.apache.flink.metrics.MetricGroup - Name collision: Group already contains a Metric with the name 'pendingCommittables'. Metric will not be reported.[, taskmanager, d44d9eab-0b38-467a-a923-d7180ca87ff1, stream-state-bench-flink-tumbling_count, kafka-sink: Committer, 0]
flink-identity-1                | [TumblingEventTimeWindows -> kafka-sink: Writer -> kafka-sink: Committer (1/1)#0] INFO org.apache.kafka.clients.producer.internals.TransactionManager - [Producer clientId=producer-stream-state-bench-flink-w3-latency-tuning_control-0-1, transactionalId=stream-state-bench-flink-w3-latency-tuning_control-0-1] Invoking InitProducerId for the first time in order to acquire a producer ID
flink-identity-1                | [kafka-producer-network-thread | producer-stream-state-bench-flink-w3-latency-tuning_control-0-1] INFO org.apache.kafka.clients.producer.internals.TransactionManager - [Producer clientId=producer-stream-state-bench-flink-w3-latency-tuning_control-0-1, transactionalId=stream-state-bench-flink-w3-latency-tuning_control-0-1] ProducerId set to 73 with epoch 0
flink-identity-1                | [jobmanager-io-thread-12] INFO org.apache.flink.runtime.checkpoint.CheckpointCoordinator - Completed checkpoint 72 for job 685071a0544567112a6ecd8db0ecbc0f (5011 bytes, checkpointDuration=9 ms, finalizationTime=0 ms).
flink-identity-1                | [SourceCoordinator-Source: kafka-source] INFO org.apache.flink.runtime.source.coordinator.SourceCoordinator - Marking checkpoint 72 as completed for source Source: kafka-source.
flink-identity-1                | [Checkpoint Timer] INFO org.apache.flink.runtime.checkpoint.CheckpointCoordinator - Triggering checkpoint 73 (type=CheckpointType{name='Checkpoint', sharingFilesStrategy=FORWARD_BACKWARD}) @ 1784315238743 for job 685071a0544567112a6ecd8db0ecbc0f.
flink-identity-1                | [TumblingEventTimeWindows -> kafka-sink: Writer -> kafka-sink: Committer (1/1)#0] INFO org.apache.flink.connector.kafka.sink.internal.FlinkKafkaInternalProducer - Flushing new partitions
flink-identity-1                | [TumblingEventTimeWindows -> kafka-sink: Writer -> kafka-sink: Committer (1/1)#0] WARN org.apache.flink.metrics.MetricGroup - Name collision: Group already contains a Metric with the name 'pendingCommittables'. Metric will not be reported.[, taskmanager, d44d9eab-0b38-467a-a923-d7180ca87ff1, stream-state-bench-flink-tumbling_count, kafka-sink: Committer, 0]
flink-identity-1                | [TumblingEventTimeWindows -> kafka-sink: Writer -> kafka-sink: Committer (1/1)#0] INFO org.apache.kafka.clients.producer.internals.TransactionManager - [Producer clientId=producer-stream-state-bench-flink-w3-latency-tuning_control-0-13, transactionalId=stream-state-bench-flink-w3-latency-tuning_control-0-13] Invoking InitProducerId for the first time in order to acquire a producer ID
flink-identity-1                | [kafka-producer-network-thread | producer-stream-state-bench-flink-w3-latency-tuning_control-0-13] INFO org.apache.kafka.clients.producer.internals.TransactionManager - [Producer clientId=producer-stream-state-bench-flink-w3-latency-tuning_control-0-13, transactionalId=stream-state-bench-flink-w3-latency-tuning_control-0-13] ProducerId set to 74 with epoch 0
flink-identity-1                | [jobmanager-io-thread-8] INFO org.apache.flink.runtime.checkpoint.CheckpointCoordinator - Completed checkpoint 73 for job 685071a0544567112a6ecd8db0ecbc0f (5011 bytes, checkpointDuration=8 ms, finalizationTime=1 ms).
flink-identity-1                | [SourceCoordinator-Source: kafka-source] INFO org.apache.flink.runtime.source.coordinator.SourceCoordinator - Marking checkpoint 73 as completed for source Source: kafka-source.
flink-identity-1                | [Checkpoint Timer] INFO org.apache.flink.runtime.checkpoint.CheckpointCoordinator - Triggering checkpoint 74 (type=CheckpointType{name='Checkpoint', sharingFilesStrategy=FORWARD_BACKWARD}) @ 1784315239743 for job 685071a0544567112a6ecd8db0ecbc0f.
flink-identity-1                | [TumblingEventTimeWindows -> kafka-sink: Writer -> kafka-sink: Committer (1/1)#0] INFO org.apache.flink.connector.kafka.sink.internal.FlinkKafkaInternalProducer - Flushing new partitions
flink-identity-1                | [TumblingEventTimeWindows -> kafka-sink: Writer -> kafka-sink: Committer (1/1)#0] WARN org.apache.flink.metrics.MetricGroup - Name collision: Group already contains a Metric with the name 'pendingCommittables'. Metric will not be reported.[, taskmanager, d44d9eab-0b38-467a-a923-d7180ca87ff1, stream-state-bench-flink-tumbling_count, kafka-sink: Committer, 0]
flink-identity-1                | [TumblingEventTimeWindows -> kafka-sink: Writer -> kafka-sink: Committer (1/1)#0] INFO org.apache.kafka.clients.producer.internals.TransactionManager - [Producer clientId=producer-stream-state-bench-flink-w3-latency-tuning_control-0-1, transactionalId=stream-state-bench-flink-w3-latency-tuning_control-0-1] Invoking InitProducerId for the first time in order to acquire a producer ID
flink-identity-1                | [kafka-producer-network-thread | producer-stream-state-bench-flink-w3-latency-tuning_control-0-1] INFO org.apache.kafka.clients.producer.internals.TransactionManager - [Producer clientId=producer-stream-state-bench-flink-w3-latency-tuning_control-0-1, transactionalId=stream-state-bench-flink-w3-latency-tuning_control-0-1] ProducerId set to 75 with epoch 0
flink-identity-1                | [jobmanager-io-thread-3] INFO org.apache.flink.runtime.checkpoint.CheckpointCoordinator - Completed checkpoint 74 for job 685071a0544567112a6ecd8db0ecbc0f (5011 bytes, checkpointDuration=10 ms, finalizationTime=0 ms).
flink-identity-1                | [SourceCoordinator-Source: kafka-source] INFO org.apache.flink.runtime.source.coordinator.SourceCoordinator - Marking checkpoint 74 as completed for source Source: kafka-source.
flink-identity-1                | [Checkpoint Timer] INFO org.apache.flink.runtime.checkpoint.CheckpointCoordinator - Triggering checkpoint 75 (type=CheckpointType{name='Checkpoint', sharingFilesStrategy=FORWARD_BACKWARD}) @ 1784315240743 for job 685071a0544567112a6ecd8db0ecbc0f.
flink-identity-1                | [TumblingEventTimeWindows -> kafka-sink: Writer -> kafka-sink: Committer (1/1)#0] INFO org.apache.flink.connector.kafka.sink.internal.FlinkKafkaInternalProducer - Flushing new partitions
flink-identity-1                | [TumblingEventTimeWindows -> kafka-sink: Writer -> kafka-sink: Committer (1/1)#0] WARN org.apache.flink.metrics.MetricGroup - Name collision: Group already contains a Metric with the name 'pendingCommittables'. Metric will not be reported.[, taskmanager, d44d9eab-0b38-467a-a923-d7180ca87ff1, stream-state-bench-flink-tumbling_count, kafka-sink: Committer, 0]
flink-identity-1                | [TumblingEventTimeWindows -> kafka-sink: Writer -> kafka-sink: Committer (1/1)#0] INFO org.apache.kafka.clients.producer.internals.TransactionManager - [Producer clientId=producer-stream-state-bench-flink-w3-latency-tuning_control-0-13, transactionalId=stream-state-bench-flink-w3-latency-tuning_control-0-13] Invoking InitProducerId for the first time in order to acquire a producer ID
flink-identity-1                | [kafka-producer-network-thread | producer-stream-state-bench-flink-w3-latency-tuning_control-0-13] INFO org.apache.kafka.clients.producer.internals.TransactionManager - [Producer clientId=producer-stream-state-bench-flink-w3-latency-tuning_control-0-13, transactionalId=stream-state-bench-flink-w3-latency-tuning_control-0-13] ProducerId set to 76 with epoch 0
flink-identity-1                | [jobmanager-io-thread-6] INFO org.apache.flink.runtime.checkpoint.CheckpointCoordinator - Completed checkpoint 75 for job 685071a0544567112a6ecd8db0ecbc0f (5011 bytes, checkpointDuration=10 ms, finalizationTime=1 ms).
flink-identity-1                | [SourceCoordinator-Source: kafka-source] INFO org.apache.flink.runtime.source.coordinator.SourceCoordinator - Marking checkpoint 75 as completed for source Source: kafka-source.
flink-identity-1                | [Checkpoint Timer] INFO org.apache.flink.runtime.checkpoint.CheckpointCoordinator - Triggering checkpoint 76 (type=CheckpointType{name='Checkpoint', sharingFilesStrategy=FORWARD_BACKWARD}) @ 1784315241743 for job 685071a0544567112a6ecd8db0ecbc0f.
flink-identity-1                | [TumblingEventTimeWindows -> kafka-sink: Writer -> kafka-sink: Committer (1/1)#0] INFO org.apache.flink.connector.kafka.sink.internal.FlinkKafkaInternalProducer - Flushing new partitions
flink-identity-1                | [TumblingEventTimeWindows -> kafka-sink: Writer -> kafka-sink: Committer (1/1)#0] WARN org.apache.flink.metrics.MetricGroup - Name collision: Group already contains a Metric with the name 'pendingCommittables'. Metric will not be reported.[, taskmanager, d44d9eab-0b38-467a-a923-d7180ca87ff1, stream-state-bench-flink-tumbling_count, kafka-sink: Committer, 0]
flink-identity-1                | [TumblingEventTimeWindows -> kafka-sink: Writer -> kafka-sink: Committer (1/1)#0] INFO org.apache.kafka.clients.producer.internals.TransactionManager - [Producer clientId=producer-stream-state-bench-flink-w3-latency-tuning_control-0-1, transactionalId=stream-state-bench-flink-w3-latency-tuning_control-0-1] Invoking InitProducerId for the first time in order to acquire a producer ID
flink-identity-1                | [kafka-producer-network-thread | producer-stream-state-bench-flink-w3-latency-tuning_control-0-1] INFO org.apache.kafka.clients.producer.internals.TransactionManager - [Producer clientId=producer-stream-state-bench-flink-w3-latency-tuning_control-0-1, transactionalId=stream-state-bench-flink-w3-latency-tuning_control-0-1] ProducerId set to 77 with epoch 0
flink-identity-1                | [jobmanager-io-thread-9] INFO org.apache.flink.runtime.checkpoint.CheckpointCoordinator - Completed checkpoint 76 for job 685071a0544567112a6ecd8db0ecbc0f (5011 bytes, checkpointDuration=10 ms, finalizationTime=0 ms).
flink-identity-1                | [SourceCoordinator-Source: kafka-source] INFO org.apache.flink.runtime.source.coordinator.SourceCoordinator - Marking checkpoint 76 as completed for source Source: kafka-source.
flink-identity-1                | [Checkpoint Timer] INFO org.apache.flink.runtime.checkpoint.CheckpointCoordinator - Triggering checkpoint 77 (type=CheckpointType{name='Checkpoint', sharingFilesStrategy=FORWARD_BACKWARD}) @ 1784315242743 for job 685071a0544567112a6ecd8db0ecbc0f.
flink-identity-1                | [TumblingEventTimeWindows -> kafka-sink: Writer -> kafka-sink: Committer (1/1)#0] INFO org.apache.flink.connector.kafka.sink.internal.FlinkKafkaInternalProducer - Flushing new partitions
flink-identity-1                | [TumblingEventTimeWindows -> kafka-sink: Writer -> kafka-sink: Committer (1/1)#0] WARN org.apache.flink.metrics.MetricGroup - Name collision: Group already contains a Metric with the name 'pendingCommittables'. Metric will not be reported.[, taskmanager, d44d9eab-0b38-467a-a923-d7180ca87ff1, stream-state-bench-flink-tumbling_count, kafka-sink: Committer, 0]
flink-identity-1                | [TumblingEventTimeWindows -> kafka-sink: Writer -> kafka-sink: Committer (1/1)#0] INFO org.apache.kafka.clients.producer.internals.TransactionManager - [Producer clientId=producer-stream-state-bench-flink-w3-latency-tuning_control-0-13, transactionalId=stream-state-bench-flink-w3-latency-tuning_control-0-13] Invoking InitProducerId for the first time in order to acquire a producer ID
flink-identity-1                | [kafka-producer-network-thread | producer-stream-state-bench-flink-w3-latency-tuning_control-0-13] INFO org.apache.kafka.clients.producer.internals.TransactionManager - [Producer clientId=producer-stream-state-bench-flink-w3-latency-tuning_control-0-13, transactionalId=stream-state-bench-flink-w3-latency-tuning_control-0-13] ProducerId set to 78 with epoch 0
flink-identity-1                | [jobmanager-io-thread-15] INFO org.apache.flink.runtime.checkpoint.CheckpointCoordinator - Completed checkpoint 77 for job 685071a0544567112a6ecd8db0ecbc0f (5011 bytes, checkpointDuration=10 ms, finalizationTime=1 ms).
flink-identity-1                | [SourceCoordinator-Source: kafka-source] INFO org.apache.flink.runtime.source.coordinator.SourceCoordinator - Marking checkpoint 77 as completed for source Source: kafka-source.
flink-identity-1                | [Checkpoint Timer] INFO org.apache.flink.runtime.checkpoint.CheckpointCoordinator - Triggering checkpoint 78 (type=CheckpointType{name='Checkpoint', sharingFilesStrategy=FORWARD_BACKWARD}) @ 1784315243742 for job 685071a0544567112a6ecd8db0ecbc0f.
flink-identity-1                | [TumblingEventTimeWindows -> kafka-sink: Writer -> kafka-sink: Committer (1/1)#0] INFO org.apache.flink.connector.kafka.sink.internal.FlinkKafkaInternalProducer - Flushing new partitions
flink-identity-1                | [TumblingEventTimeWindows -> kafka-sink: Writer -> kafka-sink: Committer (1/1)#0] WARN org.apache.flink.metrics.MetricGroup - Name collision: Group already contains a Metric with the name 'pendingCommittables'. Metric will not be reported.[, taskmanager, d44d9eab-0b38-467a-a923-d7180ca87ff1, stream-state-bench-flink-tumbling_count, kafka-sink: Committer, 0]
flink-identity-1                | [TumblingEventTimeWindows -> kafka-sink: Writer -> kafka-sink: Committer (1/1)#0] INFO org.apache.kafka.clients.producer.internals.TransactionManager - [Producer clientId=producer-stream-state-bench-flink-w3-latency-tuning_control-0-1, transactionalId=stream-state-bench-flink-w3-latency-tuning_control-0-1] Invoking InitProducerId for the first time in order to acquire a producer ID
flink-identity-1                | [kafka-producer-network-thread | producer-stream-state-bench-flink-w3-latency-tuning_control-0-1] INFO org.apache.kafka.clients.producer.internals.TransactionManager - [Producer clientId=producer-stream-state-bench-flink-w3-latency-tuning_control-0-1, transactionalId=stream-state-bench-flink-w3-latency-tuning_control-0-1] ProducerId set to 79 with epoch 0
flink-identity-1                | [jobmanager-io-thread-2] INFO org.apache.flink.runtime.checkpoint.CheckpointCoordinator - Completed checkpoint 78 for job 685071a0544567112a6ecd8db0ecbc0f (5011 bytes, checkpointDuration=7 ms, finalizationTime=1 ms).
flink-identity-1                | [SourceCoordinator-Source: kafka-source] INFO org.apache.flink.runtime.source.coordinator.SourceCoordinator - Marking checkpoint 78 as completed for source Source: kafka-source.
flink-identity-1                | [Checkpoint Timer] INFO org.apache.flink.runtime.checkpoint.CheckpointCoordinator - Triggering checkpoint 79 (type=CheckpointType{name='Checkpoint', sharingFilesStrategy=FORWARD_BACKWARD}) @ 1784315244742 for job 685071a0544567112a6ecd8db0ecbc0f.
flink-identity-1                | [TumblingEventTimeWindows -> kafka-sink: Writer -> kafka-sink: Committer (1/1)#0] INFO org.apache.flink.connector.kafka.sink.internal.FlinkKafkaInternalProducer - Flushing new partitions
flink-identity-1                | [TumblingEventTimeWindows -> kafka-sink: Writer -> kafka-sink: Committer (1/1)#0] WARN org.apache.flink.metrics.MetricGroup - Name collision: Group already contains a Metric with the name 'pendingCommittables'. Metric will not be reported.[, taskmanager, d44d9eab-0b38-467a-a923-d7180ca87ff1, stream-state-bench-flink-tumbling_count, kafka-sink: Committer, 0]
flink-identity-1                | [TumblingEventTimeWindows -> kafka-sink: Writer -> kafka-sink: Committer (1/1)#0] INFO org.apache.kafka.clients.producer.internals.TransactionManager - [Producer clientId=producer-stream-state-bench-flink-w3-latency-tuning_control-0-13, transactionalId=stream-state-bench-flink-w3-latency-tuning_control-0-13] Invoking InitProducerId for the first time in order to acquire a producer ID
flink-identity-1                | [kafka-producer-network-thread | producer-stream-state-bench-flink-w3-latency-tuning_control-0-13] INFO org.apache.kafka.clients.producer.internals.TransactionManager - [Producer clientId=producer-stream-state-bench-flink-w3-latency-tuning_control-0-13, transactionalId=stream-state-bench-flink-w3-latency-tuning_control-0-13] ProducerId set to 80 with epoch 0
flink-identity-1                | [jobmanager-io-thread-7] INFO org.apache.flink.runtime.checkpoint.CheckpointCoordinator - Completed checkpoint 79 for job 685071a0544567112a6ecd8db0ecbc0f (5011 bytes, checkpointDuration=10 ms, finalizationTime=0 ms).
flink-identity-1                | [SourceCoordinator-Source: kafka-source] INFO org.apache.flink.runtime.source.coordinator.SourceCoordinator - Marking checkpoint 79 as completed for source Source: kafka-source.
flink-identity-1                | [Checkpoint Timer] INFO org.apache.flink.runtime.checkpoint.CheckpointCoordinator - Triggering checkpoint 80 (type=CheckpointType{name='Checkpoint', sharingFilesStrategy=FORWARD_BACKWARD}) @ 1784315245742 for job 685071a0544567112a6ecd8db0ecbc0f.
flink-identity-1                | [TumblingEventTimeWindows -> kafka-sink: Writer -> kafka-sink: Committer (1/1)#0] INFO org.apache.flink.connector.kafka.sink.internal.FlinkKafkaInternalProducer - Flushing new partitions
flink-identity-1                | [TumblingEventTimeWindows -> kafka-sink: Writer -> kafka-sink: Committer (1/1)#0] WARN org.apache.flink.metrics.MetricGroup - Name collision: Group already contains a Metric with the name 'pendingCommittables'. Metric will not be reported.[, taskmanager, d44d9eab-0b38-467a-a923-d7180ca87ff1, stream-state-bench-flink-tumbling_count, kafka-sink: Committer, 0]
flink-identity-1                | [TumblingEventTimeWindows -> kafka-sink: Writer -> kafka-sink: Committer (1/1)#0] INFO org.apache.kafka.clients.producer.internals.TransactionManager - [Producer clientId=producer-stream-state-bench-flink-w3-latency-tuning_control-0-1, transactionalId=stream-state-bench-flink-w3-latency-tuning_control-0-1] Invoking InitProducerId for the first time in order to acquire a producer ID
flink-identity-1                | [kafka-producer-network-thread | producer-stream-state-bench-flink-w3-latency-tuning_control-0-1] INFO org.apache.kafka.clients.producer.internals.TransactionManager - [Producer clientId=producer-stream-state-bench-flink-w3-latency-tuning_control-0-1, transactionalId=stream-state-bench-flink-w3-latency-tuning_control-0-1] ProducerId set to 81 with epoch 0
flink-identity-1                | [jobmanager-io-thread-4] INFO org.apache.flink.runtime.checkpoint.CheckpointCoordinator - Completed checkpoint 80 for job 685071a0544567112a6ecd8db0ecbc0f (5011 bytes, checkpointDuration=9 ms, finalizationTime=0 ms).
flink-identity-1                | [SourceCoordinator-Source: kafka-source] INFO org.apache.flink.runtime.source.coordinator.SourceCoordinator - Marking checkpoint 80 as completed for source Source: kafka-source.
flink-identity-1                | [Checkpoint Timer] INFO org.apache.flink.runtime.checkpoint.CheckpointCoordinator - Triggering checkpoint 81 (type=CheckpointType{name='Checkpoint', sharingFilesStrategy=FORWARD_BACKWARD}) @ 1784315246743 for job 685071a0544567112a6ecd8db0ecbc0f.
flink-identity-1                | [TumblingEventTimeWindows -> kafka-sink: Writer -> kafka-sink: Committer (1/1)#0] INFO org.apache.flink.connector.kafka.sink.internal.FlinkKafkaInternalProducer - Flushing new partitions
flink-identity-1                | [TumblingEventTimeWindows -> kafka-sink: Writer -> kafka-sink: Committer (1/1)#0] WARN org.apache.flink.metrics.MetricGroup - Name collision: Group already contains a Metric with the name 'pendingCommittables'. Metric will not be reported.[, taskmanager, d44d9eab-0b38-467a-a923-d7180ca87ff1, stream-state-bench-flink-tumbling_count, kafka-sink: Committer, 0]
flink-identity-1                | [TumblingEventTimeWindows -> kafka-sink: Writer -> kafka-sink: Committer (1/1)#0] INFO org.apache.kafka.clients.producer.internals.TransactionManager - [Producer clientId=producer-stream-state-bench-flink-w3-latency-tuning_control-0-13, transactionalId=stream-state-bench-flink-w3-latency-tuning_control-0-13] Invoking InitProducerId for the first time in order to acquire a producer ID
flink-identity-1                | [kafka-producer-network-thread | producer-stream-state-bench-flink-w3-latency-tuning_control-0-13] INFO org.apache.kafka.clients.producer.internals.TransactionManager - [Producer clientId=producer-stream-state-bench-flink-w3-latency-tuning_control-0-13, transactionalId=stream-state-bench-flink-w3-latency-tuning_control-0-13] ProducerId set to 82 with epoch 0
flink-identity-1                | [jobmanager-io-thread-11] INFO org.apache.flink.runtime.checkpoint.CheckpointCoordinator - Completed checkpoint 81 for job 685071a0544567112a6ecd8db0ecbc0f (5011 bytes, checkpointDuration=9 ms, finalizationTime=0 ms).
flink-identity-1                | [SourceCoordinator-Source: kafka-source] INFO org.apache.flink.runtime.source.coordinator.SourceCoordinator - Marking checkpoint 81 as completed for source Source: kafka-source.
flink-identity-1                | [Checkpoint Timer] INFO org.apache.flink.runtime.checkpoint.CheckpointCoordinator - Triggering checkpoint 82 (type=CheckpointType{name='Checkpoint', sharingFilesStrategy=FORWARD_BACKWARD}) @ 1784315247743 for job 685071a0544567112a6ecd8db0ecbc0f.
flink-identity-1                | [TumblingEventTimeWindows -> kafka-sink: Writer -> kafka-sink: Committer (1/1)#0] INFO org.apache.flink.connector.kafka.sink.internal.FlinkKafkaInternalProducer - Flushing new partitions
flink-identity-1                | [TumblingEventTimeWindows -> kafka-sink: Writer -> kafka-sink: Committer (1/1)#0] WARN org.apache.flink.metrics.MetricGroup - Name collision: Group already contains a Metric with the name 'pendingCommittables'. Metric will not be reported.[, taskmanager, d44d9eab-0b38-467a-a923-d7180ca87ff1, stream-state-bench-flink-tumbling_count, kafka-sink: Committer, 0]
flink-identity-1                | [TumblingEventTimeWindows -> kafka-sink: Writer -> kafka-sink: Committer (1/1)#0] INFO org.apache.kafka.clients.producer.internals.TransactionManager - [Producer clientId=producer-stream-state-bench-flink-w3-latency-tuning_control-0-1, transactionalId=stream-state-bench-flink-w3-latency-tuning_control-0-1] Invoking InitProducerId for the first time in order to acquire a producer ID
flink-identity-1                | [kafka-producer-network-thread | producer-stream-state-bench-flink-w3-latency-tuning_control-0-1] INFO org.apache.kafka.clients.producer.internals.TransactionManager - [Producer clientId=producer-stream-state-bench-flink-w3-latency-tuning_control-0-1, transactionalId=stream-state-bench-flink-w3-latency-tuning_control-0-1] ProducerId set to 83 with epoch 0
flink-identity-1                | [jobmanager-io-thread-5] INFO org.apache.flink.runtime.checkpoint.CheckpointCoordinator - Completed checkpoint 82 for job 685071a0544567112a6ecd8db0ecbc0f (5011 bytes, checkpointDuration=8 ms, finalizationTime=1 ms).
flink-identity-1                | [SourceCoordinator-Source: kafka-source] INFO org.apache.flink.runtime.source.coordinator.SourceCoordinator - Marking checkpoint 82 as completed for source Source: kafka-source.
flink-identity-1                | [Checkpoint Timer] INFO org.apache.flink.runtime.checkpoint.CheckpointCoordinator - Triggering checkpoint 83 (type=CheckpointType{name='Checkpoint', sharingFilesStrategy=FORWARD_BACKWARD}) @ 1784315248743 for job 685071a0544567112a6ecd8db0ecbc0f.
flink-identity-1                | [TumblingEventTimeWindows -> kafka-sink: Writer -> kafka-sink: Committer (1/1)#0] INFO org.apache.flink.connector.kafka.sink.internal.FlinkKafkaInternalProducer - Flushing new partitions
flink-identity-1                | [TumblingEventTimeWindows -> kafka-sink: Writer -> kafka-sink: Committer (1/1)#0] WARN org.apache.flink.metrics.MetricGroup - Name collision: Group already contains a Metric with the name 'pendingCommittables'. Metric will not be reported.[, taskmanager, d44d9eab-0b38-467a-a923-d7180ca87ff1, stream-state-bench-flink-tumbling_count, kafka-sink: Committer, 0]
flink-identity-1                | [TumblingEventTimeWindows -> kafka-sink: Writer -> kafka-sink: Committer (1/1)#0] INFO org.apache.kafka.clients.producer.internals.TransactionManager - [Producer clientId=producer-stream-state-bench-flink-w3-latency-tuning_control-0-13, transactionalId=stream-state-bench-flink-w3-latency-tuning_control-0-13] Invoking InitProducerId for the first time in order to acquire a producer ID
flink-identity-1                | [kafka-producer-network-thread | producer-stream-state-bench-flink-w3-latency-tuning_control-0-13] INFO org.apache.kafka.clients.producer.internals.TransactionManager - [Producer clientId=producer-stream-state-bench-flink-w3-latency-tuning_control-0-13, transactionalId=stream-state-bench-flink-w3-latency-tuning_control-0-13] ProducerId set to 84 with epoch 0
flink-identity-1                | [jobmanager-io-thread-13] INFO org.apache.flink.runtime.checkpoint.CheckpointCoordinator - Completed checkpoint 83 for job 685071a0544567112a6ecd8db0ecbc0f (5011 bytes, checkpointDuration=8 ms, finalizationTime=1 ms).
flink-identity-1                | [SourceCoordinator-Source: kafka-source] INFO org.apache.flink.runtime.source.coordinator.SourceCoordinator - Marking checkpoint 83 as completed for source Source: kafka-source.
flink-identity-1                | [Checkpoint Timer] INFO org.apache.flink.runtime.checkpoint.CheckpointCoordinator - Triggering checkpoint 84 (type=CheckpointType{name='Checkpoint', sharingFilesStrategy=FORWARD_BACKWARD}) @ 1784315249743 for job 685071a0544567112a6ecd8db0ecbc0f.
flink-identity-1                | [TumblingEventTimeWindows -> kafka-sink: Writer -> kafka-sink: Committer (1/1)#0] INFO org.apache.flink.connector.kafka.sink.internal.FlinkKafkaInternalProducer - Flushing new partitions
flink-identity-1                | [TumblingEventTimeWindows -> kafka-sink: Writer -> kafka-sink: Committer (1/1)#0] WARN org.apache.flink.metrics.MetricGroup - Name collision: Group already contains a Metric with the name 'pendingCommittables'. Metric will not be reported.[, taskmanager, d44d9eab-0b38-467a-a923-d7180ca87ff1, stream-state-bench-flink-tumbling_count, kafka-sink: Committer, 0]
flink-identity-1                | [TumblingEventTimeWindows -> kafka-sink: Writer -> kafka-sink: Committer (1/1)#0] INFO org.apache.kafka.clients.producer.internals.TransactionManager - [Producer clientId=producer-stream-state-bench-flink-w3-latency-tuning_control-0-1, transactionalId=stream-state-bench-flink-w3-latency-tuning_control-0-1] Invoking InitProducerId for the first time in order to acquire a producer ID
flink-identity-1                | [kafka-producer-network-thread | producer-stream-state-bench-flink-w3-latency-tuning_control-0-1] INFO org.apache.kafka.clients.producer.internals.TransactionManager - [Producer clientId=producer-stream-state-bench-flink-w3-latency-tuning_control-0-1, transactionalId=stream-state-bench-flink-w3-latency-tuning_control-0-1] ProducerId set to 85 with epoch 0
flink-identity-1                | [jobmanager-io-thread-10] INFO org.apache.flink.runtime.checkpoint.CheckpointCoordinator - Completed checkpoint 84 for job 685071a0544567112a6ecd8db0ecbc0f (5011 bytes, checkpointDuration=11 ms, finalizationTime=1 ms).
flink-identity-1                | [SourceCoordinator-Source: kafka-source] INFO org.apache.flink.runtime.source.coordinator.SourceCoordinator - Marking checkpoint 84 as completed for source Source: kafka-source.
flink-identity-1                | [Checkpoint Timer] INFO org.apache.flink.runtime.checkpoint.CheckpointCoordinator - Triggering checkpoint 85 (type=CheckpointType{name='Checkpoint', sharingFilesStrategy=FORWARD_BACKWARD}) @ 1784315250743 for job 685071a0544567112a6ecd8db0ecbc0f.
flink-identity-1                | [TumblingEventTimeWindows -> kafka-sink: Writer -> kafka-sink: Committer (1/1)#0] INFO org.apache.flink.connector.kafka.sink.internal.FlinkKafkaInternalProducer - Flushing new partitions
flink-identity-1                | [TumblingEventTimeWindows -> kafka-sink: Writer -> kafka-sink: Committer (1/1)#0] WARN org.apache.flink.metrics.MetricGroup - Name collision: Group already contains a Metric with the name 'pendingCommittables'. Metric will not be reported.[, taskmanager, d44d9eab-0b38-467a-a923-d7180ca87ff1, stream-state-bench-flink-tumbling_count, kafka-sink: Committer, 0]
flink-identity-1                | [TumblingEventTimeWindows -> kafka-sink: Writer -> kafka-sink: Committer (1/1)#0] INFO org.apache.kafka.clients.producer.internals.TransactionManager - [Producer clientId=producer-stream-state-bench-flink-w3-latency-tuning_control-0-13, transactionalId=stream-state-bench-flink-w3-latency-tuning_control-0-13] Invoking InitProducerId for the first time in order to acquire a producer ID
flink-identity-1                | [kafka-producer-network-thread | producer-stream-state-bench-flink-w3-latency-tuning_control-0-13] INFO org.apache.kafka.clients.producer.internals.TransactionManager - [Producer clientId=producer-stream-state-bench-flink-w3-latency-tuning_control-0-13, transactionalId=stream-state-bench-flink-w3-latency-tuning_control-0-13] ProducerId set to 86 with epoch 0
flink-identity-1                | [jobmanager-io-thread-12] INFO org.apache.flink.runtime.checkpoint.CheckpointCoordinator - Completed checkpoint 85 for job 685071a0544567112a6ecd8db0ecbc0f (5011 bytes, checkpointDuration=9 ms, finalizationTime=0 ms).
flink-identity-1                | [SourceCoordinator-Source: kafka-source] INFO org.apache.flink.runtime.source.coordinator.SourceCoordinator - Marking checkpoint 85 as completed for source Source: kafka-source.
flink-identity-1                | [Checkpoint Timer] INFO org.apache.flink.runtime.checkpoint.CheckpointCoordinator - Triggering checkpoint 86 (type=CheckpointType{name='Checkpoint', sharingFilesStrategy=FORWARD_BACKWARD}) @ 1784315251742 for job 685071a0544567112a6ecd8db0ecbc0f.
flink-identity-1                | [TumblingEventTimeWindows -> kafka-sink: Writer -> kafka-sink: Committer (1/1)#0] INFO org.apache.flink.connector.kafka.sink.internal.FlinkKafkaInternalProducer - Flushing new partitions
flink-identity-1                | [TumblingEventTimeWindows -> kafka-sink: Writer -> kafka-sink: Committer (1/1)#0] WARN org.apache.flink.metrics.MetricGroup - Name collision: Group already contains a Metric with the name 'pendingCommittables'. Metric will not be reported.[, taskmanager, d44d9eab-0b38-467a-a923-d7180ca87ff1, stream-state-bench-flink-tumbling_count, kafka-sink: Committer, 0]
flink-identity-1                | [TumblingEventTimeWindows -> kafka-sink: Writer -> kafka-sink: Committer (1/1)#0] INFO org.apache.kafka.clients.producer.internals.TransactionManager - [Producer clientId=producer-stream-state-bench-flink-w3-latency-tuning_control-0-1, transactionalId=stream-state-bench-flink-w3-latency-tuning_control-0-1] Invoking InitProducerId for the first time in order to acquire a producer ID
flink-identity-1                | [kafka-producer-network-thread | producer-stream-state-bench-flink-w3-latency-tuning_control-0-1] INFO org.apache.kafka.clients.producer.internals.TransactionManager - [Producer clientId=producer-stream-state-bench-flink-w3-latency-tuning_control-0-1, transactionalId=stream-state-bench-flink-w3-latency-tuning_control-0-1] ProducerId set to 87 with epoch 0
flink-identity-1                | [jobmanager-io-thread-6] INFO org.apache.flink.runtime.checkpoint.CheckpointCoordinator - Completed checkpoint 86 for job 685071a0544567112a6ecd8db0ecbc0f (5011 bytes, checkpointDuration=10 ms, finalizationTime=0 ms).
flink-identity-1                | [SourceCoordinator-Source: kafka-source] INFO org.apache.flink.runtime.source.coordinator.SourceCoordinator - Marking checkpoint 86 as completed for source Source: kafka-source.
flink-identity-1                | [Checkpoint Timer] INFO org.apache.flink.runtime.checkpoint.CheckpointCoordinator - Triggering checkpoint 87 (type=CheckpointType{name='Checkpoint', sharingFilesStrategy=FORWARD_BACKWARD}) @ 1784315252742 for job 685071a0544567112a6ecd8db0ecbc0f.
flink-identity-1                | [TumblingEventTimeWindows -> kafka-sink: Writer -> kafka-sink: Committer (1/1)#0] INFO org.apache.flink.connector.kafka.sink.internal.FlinkKafkaInternalProducer - Flushing new partitions
flink-identity-1                | [TumblingEventTimeWindows -> kafka-sink: Writer -> kafka-sink: Committer (1/1)#0] WARN org.apache.flink.metrics.MetricGroup - Name collision: Group already contains a Metric with the name 'pendingCommittables'. Metric will not be reported.[, taskmanager, d44d9eab-0b38-467a-a923-d7180ca87ff1, stream-state-bench-flink-tumbling_count, kafka-sink: Committer, 0]
flink-identity-1                | [TumblingEventTimeWindows -> kafka-sink: Writer -> kafka-sink: Committer (1/1)#0] INFO org.apache.kafka.clients.producer.internals.TransactionManager - [Producer clientId=producer-stream-state-bench-flink-w3-latency-tuning_control-0-13, transactionalId=stream-state-bench-flink-w3-latency-tuning_control-0-13] Invoking InitProducerId for the first time in order to acquire a producer ID
flink-identity-1                | [kafka-producer-network-thread | producer-stream-state-bench-flink-w3-latency-tuning_control-0-13] INFO org.apache.kafka.clients.producer.internals.TransactionManager - [Producer clientId=producer-stream-state-bench-flink-w3-latency-tuning_control-0-13, transactionalId=stream-state-bench-flink-w3-latency-tuning_control-0-13] ProducerId set to 88 with epoch 0
flink-identity-1                | [jobmanager-io-thread-8] INFO org.apache.flink.runtime.checkpoint.CheckpointCoordinator - Completed checkpoint 87 for job 685071a0544567112a6ecd8db0ecbc0f (5011 bytes, checkpointDuration=10 ms, finalizationTime=1 ms).
flink-identity-1                | [SourceCoordinator-Source: kafka-source] INFO org.apache.flink.runtime.source.coordinator.SourceCoordinator - Marking checkpoint 87 as completed for source Source: kafka-source.
flink-identity-1                | [Checkpoint Timer] INFO org.apache.flink.runtime.checkpoint.CheckpointCoordinator - Triggering checkpoint 88 (type=CheckpointType{name='Checkpoint', sharingFilesStrategy=FORWARD_BACKWARD}) @ 1784315253743 for job 685071a0544567112a6ecd8db0ecbc0f.
flink-identity-1                | [TumblingEventTimeWindows -> kafka-sink: Writer -> kafka-sink: Committer (1/1)#0] INFO org.apache.flink.connector.kafka.sink.internal.FlinkKafkaInternalProducer - Flushing new partitions
flink-identity-1                | [TumblingEventTimeWindows -> kafka-sink: Writer -> kafka-sink: Committer (1/1)#0] WARN org.apache.flink.metrics.MetricGroup - Name collision: Group already contains a Metric with the name 'pendingCommittables'. Metric will not be reported.[, taskmanager, d44d9eab-0b38-467a-a923-d7180ca87ff1, stream-state-bench-flink-tumbling_count, kafka-sink: Committer, 0]
flink-identity-1                | [TumblingEventTimeWindows -> kafka-sink: Writer -> kafka-sink: Committer (1/1)#0] INFO org.apache.kafka.clients.producer.internals.TransactionManager - [Producer clientId=producer-stream-state-bench-flink-w3-latency-tuning_control-0-1, transactionalId=stream-state-bench-flink-w3-latency-tuning_control-0-1] Invoking InitProducerId for the first time in order to acquire a producer ID
flink-identity-1                | [kafka-producer-network-thread | producer-stream-state-bench-flink-w3-latency-tuning_control-0-1] INFO org.apache.kafka.clients.producer.internals.TransactionManager - [Producer clientId=producer-stream-state-bench-flink-w3-latency-tuning_control-0-1, transactionalId=stream-state-bench-flink-w3-latency-tuning_control-0-1] ProducerId set to 89 with epoch 0
flink-identity-1                | [jobmanager-io-thread-9] INFO org.apache.flink.runtime.checkpoint.CheckpointCoordinator - Completed checkpoint 88 for job 685071a0544567112a6ecd8db0ecbc0f (5011 bytes, checkpointDuration=8 ms, finalizationTime=1 ms).
flink-identity-1                | [SourceCoordinator-Source: kafka-source] INFO org.apache.flink.runtime.source.coordinator.SourceCoordinator - Marking checkpoint 88 as completed for source Source: kafka-source.
flink-identity-1                | [Checkpoint Timer] INFO org.apache.flink.runtime.checkpoint.CheckpointCoordinator - Triggering checkpoint 89 (type=CheckpointType{name='Checkpoint', sharingFilesStrategy=FORWARD_BACKWARD}) @ 1784315254743 for job 685071a0544567112a6ecd8db0ecbc0f.
flink-identity-1                | [TumblingEventTimeWindows -> kafka-sink: Writer -> kafka-sink: Committer (1/1)#0] INFO org.apache.flink.connector.kafka.sink.internal.FlinkKafkaInternalProducer - Flushing new partitions
flink-identity-1                | [TumblingEventTimeWindows -> kafka-sink: Writer -> kafka-sink: Committer (1/1)#0] WARN org.apache.flink.metrics.MetricGroup - Name collision: Group already contains a Metric with the name 'pendingCommittables'. Metric will not be reported.[, taskmanager, d44d9eab-0b38-467a-a923-d7180ca87ff1, stream-state-bench-flink-tumbling_count, kafka-sink: Committer, 0]
flink-identity-1                | [TumblingEventTimeWindows -> kafka-sink: Writer -> kafka-sink: Committer (1/1)#0] INFO org.apache.kafka.clients.producer.internals.TransactionManager - [Producer clientId=producer-stream-state-bench-flink-w3-latency-tuning_control-0-13, transactionalId=stream-state-bench-flink-w3-latency-tuning_control-0-13] Invoking InitProducerId for the first time in order to acquire a producer ID
flink-identity-1                | [kafka-producer-network-thread | producer-stream-state-bench-flink-w3-latency-tuning_control-0-13] INFO org.apache.kafka.clients.producer.internals.TransactionManager - [Producer clientId=producer-stream-state-bench-flink-w3-latency-tuning_control-0-13, transactionalId=stream-state-bench-flink-w3-latency-tuning_control-0-13] ProducerId set to 90 with epoch 0
flink-identity-1                | [jobmanager-io-thread-7] INFO org.apache.flink.runtime.checkpoint.CheckpointCoordinator - Completed checkpoint 89 for job 685071a0544567112a6ecd8db0ecbc0f (5011 bytes, checkpointDuration=8 ms, finalizationTime=1 ms).
flink-identity-1                | [SourceCoordinator-Source: kafka-source] INFO org.apache.flink.runtime.source.coordinator.SourceCoordinator - Marking checkpoint 89 as completed for source Source: kafka-source.
flink-identity-1                | [Checkpoint Timer] INFO org.apache.flink.runtime.checkpoint.CheckpointCoordinator - Triggering checkpoint 90 (type=CheckpointType{name='Checkpoint', sharingFilesStrategy=FORWARD_BACKWARD}) @ 1784315255743 for job 685071a0544567112a6ecd8db0ecbc0f.
flink-identity-1                | [TumblingEventTimeWindows -> kafka-sink: Writer -> kafka-sink: Committer (1/1)#0] INFO org.apache.flink.connector.kafka.sink.internal.FlinkKafkaInternalProducer - Flushing new partitions
flink-identity-1                | [TumblingEventTimeWindows -> kafka-sink: Writer -> kafka-sink: Committer (1/1)#0] WARN org.apache.flink.metrics.MetricGroup - Name collision: Group already contains a Metric with the name 'pendingCommittables'. Metric will not be reported.[, taskmanager, d44d9eab-0b38-467a-a923-d7180ca87ff1, stream-state-bench-flink-tumbling_count, kafka-sink: Committer, 0]
flink-identity-1                | [TumblingEventTimeWindows -> kafka-sink: Writer -> kafka-sink: Committer (1/1)#0] INFO org.apache.kafka.clients.producer.internals.TransactionManager - [Producer clientId=producer-stream-state-bench-flink-w3-latency-tuning_control-0-1, transactionalId=stream-state-bench-flink-w3-latency-tuning_control-0-1] Invoking InitProducerId for the first time in order to acquire a producer ID
flink-identity-1                | [kafka-producer-network-thread | producer-stream-state-bench-flink-w3-latency-tuning_control-0-1] INFO org.apache.kafka.clients.producer.internals.TransactionManager - [Producer clientId=producer-stream-state-bench-flink-w3-latency-tuning_control-0-1, transactionalId=stream-state-bench-flink-w3-latency-tuning_control-0-1] ProducerId set to 91 with epoch 0
flink-identity-1                | [jobmanager-io-thread-14] INFO org.apache.flink.runtime.checkpoint.CheckpointCoordinator - Completed checkpoint 90 for job 685071a0544567112a6ecd8db0ecbc0f (5011 bytes, checkpointDuration=9 ms, finalizationTime=1 ms).
flink-identity-1                | [SourceCoordinator-Source: kafka-source] INFO org.apache.flink.runtime.source.coordinator.SourceCoordinator - Marking checkpoint 90 as completed for source Source: kafka-source.
flink-identity-1                | [Checkpoint Timer] INFO org.apache.flink.runtime.checkpoint.CheckpointCoordinator - Triggering checkpoint 91 (type=CheckpointType{name='Checkpoint', sharingFilesStrategy=FORWARD_BACKWARD}) @ 1784315256743 for job 685071a0544567112a6ecd8db0ecbc0f.
flink-identity-1                | [TumblingEventTimeWindows -> kafka-sink: Writer -> kafka-sink: Committer (1/1)#0] INFO org.apache.flink.connector.kafka.sink.internal.FlinkKafkaInternalProducer - Flushing new partitions
flink-identity-1                | [TumblingEventTimeWindows -> kafka-sink: Writer -> kafka-sink: Committer (1/1)#0] WARN org.apache.flink.metrics.MetricGroup - Name collision: Group already contains a Metric with the name 'pendingCommittables'. Metric will not be reported.[, taskmanager, d44d9eab-0b38-467a-a923-d7180ca87ff1, stream-state-bench-flink-tumbling_count, kafka-sink: Committer, 0]
flink-identity-1                | [TumblingEventTimeWindows -> kafka-sink: Writer -> kafka-sink: Committer (1/1)#0] INFO org.apache.kafka.clients.producer.internals.TransactionManager - [Producer clientId=producer-stream-state-bench-flink-w3-latency-tuning_control-0-13, transactionalId=stream-state-bench-flink-w3-latency-tuning_control-0-13] Invoking InitProducerId for the first time in order to acquire a producer ID
flink-identity-1                | [kafka-producer-network-thread | producer-stream-state-bench-flink-w3-latency-tuning_control-0-13] INFO org.apache.kafka.clients.producer.internals.TransactionManager - [Producer clientId=producer-stream-state-bench-flink-w3-latency-tuning_control-0-13, transactionalId=stream-state-bench-flink-w3-latency-tuning_control-0-13] ProducerId set to 92 with epoch 0
flink-identity-1                | [jobmanager-io-thread-3] INFO org.apache.flink.runtime.checkpoint.CheckpointCoordinator - Completed checkpoint 91 for job 685071a0544567112a6ecd8db0ecbc0f (5011 bytes, checkpointDuration=9 ms, finalizationTime=0 ms).
flink-identity-1                | [SourceCoordinator-Source: kafka-source] INFO org.apache.flink.runtime.source.coordinator.SourceCoordinator - Marking checkpoint 91 as completed for source Source: kafka-source.
flink-identity-1                | [Checkpoint Timer] INFO org.apache.flink.runtime.checkpoint.CheckpointCoordinator - Triggering checkpoint 92 (type=CheckpointType{name='Checkpoint', sharingFilesStrategy=FORWARD_BACKWARD}) @ 1784315257743 for job 685071a0544567112a6ecd8db0ecbc0f.
flink-identity-1                | [TumblingEventTimeWindows -> kafka-sink: Writer -> kafka-sink: Committer (1/1)#0] INFO org.apache.flink.connector.kafka.sink.internal.FlinkKafkaInternalProducer - Flushing new partitions
flink-identity-1                | [TumblingEventTimeWindows -> kafka-sink: Writer -> kafka-sink: Committer (1/1)#0] WARN org.apache.flink.metrics.MetricGroup - Name collision: Group already contains a Metric with the name 'pendingCommittables'. Metric will not be reported.[, taskmanager, d44d9eab-0b38-467a-a923-d7180ca87ff1, stream-state-bench-flink-tumbling_count, kafka-sink: Committer, 0]
flink-identity-1                | [TumblingEventTimeWindows -> kafka-sink: Writer -> kafka-sink: Committer (1/1)#0] INFO org.apache.kafka.clients.producer.internals.TransactionManager - [Producer clientId=producer-stream-state-bench-flink-w3-latency-tuning_control-0-1, transactionalId=stream-state-bench-flink-w3-latency-tuning_control-0-1] Invoking InitProducerId for the first time in order to acquire a producer ID
flink-identity-1                | [kafka-producer-network-thread | producer-stream-state-bench-flink-w3-latency-tuning_control-0-1] INFO org.apache.kafka.clients.producer.internals.TransactionManager - [Producer clientId=producer-stream-state-bench-flink-w3-latency-tuning_control-0-1, transactionalId=stream-state-bench-flink-w3-latency-tuning_control-0-1] ProducerId set to 93 with epoch 0
flink-identity-1                | [jobmanager-io-thread-10] INFO org.apache.flink.runtime.checkpoint.CheckpointCoordinator - Completed checkpoint 92 for job 685071a0544567112a6ecd8db0ecbc0f (5011 bytes, checkpointDuration=9 ms, finalizationTime=0 ms).
flink-identity-1                | [SourceCoordinator-Source: kafka-source] INFO org.apache.flink.runtime.source.coordinator.SourceCoordinator - Marking checkpoint 92 as completed for source Source: kafka-source.
flink-identity-1                | [Checkpoint Timer] INFO org.apache.flink.runtime.checkpoint.CheckpointCoordinator - Triggering checkpoint 93 (type=CheckpointType{name='Checkpoint', sharingFilesStrategy=FORWARD_BACKWARD}) @ 1784315258743 for job 685071a0544567112a6ecd8db0ecbc0f.
flink-identity-1                | [TumblingEventTimeWindows -> kafka-sink: Writer -> kafka-sink: Committer (1/1)#0] INFO org.apache.flink.connector.kafka.sink.internal.FlinkKafkaInternalProducer - Flushing new partitions
flink-identity-1                | [TumblingEventTimeWindows -> kafka-sink: Writer -> kafka-sink: Committer (1/1)#0] WARN org.apache.flink.metrics.MetricGroup - Name collision: Group already contains a Metric with the name 'pendingCommittables'. Metric will not be reported.[, taskmanager, d44d9eab-0b38-467a-a923-d7180ca87ff1, stream-state-bench-flink-tumbling_count, kafka-sink: Committer, 0]
flink-identity-1                | [TumblingEventTimeWindows -> kafka-sink: Writer -> kafka-sink: Committer (1/1)#0] INFO org.apache.kafka.clients.producer.internals.TransactionManager - [Producer clientId=producer-stream-state-bench-flink-w3-latency-tuning_control-0-13, transactionalId=stream-state-bench-flink-w3-latency-tuning_control-0-13] Invoking InitProducerId for the first time in order to acquire a producer ID
flink-identity-1                | [kafka-producer-network-thread | producer-stream-state-bench-flink-w3-latency-tuning_control-0-13] INFO org.apache.kafka.clients.producer.internals.TransactionManager - [Producer clientId=producer-stream-state-bench-flink-w3-latency-tuning_control-0-13, transactionalId=stream-state-bench-flink-w3-latency-tuning_control-0-13] ProducerId set to 94 with epoch 0
flink-identity-1                | [jobmanager-io-thread-15] INFO org.apache.flink.runtime.checkpoint.CheckpointCoordinator - Completed checkpoint 93 for job 685071a0544567112a6ecd8db0ecbc0f (5011 bytes, checkpointDuration=8 ms, finalizationTime=0 ms).
flink-identity-1                | [SourceCoordinator-Source: kafka-source] INFO org.apache.flink.runtime.source.coordinator.SourceCoordinator - Marking checkpoint 93 as completed for source Source: kafka-source.
flink-identity-1                | [Checkpoint Timer] INFO org.apache.flink.runtime.checkpoint.CheckpointCoordinator - Triggering checkpoint 94 (type=CheckpointType{name='Checkpoint', sharingFilesStrategy=FORWARD_BACKWARD}) @ 1784315259743 for job 685071a0544567112a6ecd8db0ecbc0f.
flink-identity-1                | [TumblingEventTimeWindows -> kafka-sink: Writer -> kafka-sink: Committer (1/1)#0] INFO org.apache.flink.connector.kafka.sink.internal.FlinkKafkaInternalProducer - Flushing new partitions
flink-identity-1                | [TumblingEventTimeWindows -> kafka-sink: Writer -> kafka-sink: Committer (1/1)#0] WARN org.apache.flink.metrics.MetricGroup - Name collision: Group already contains a Metric with the name 'pendingCommittables'. Metric will not be reported.[, taskmanager, d44d9eab-0b38-467a-a923-d7180ca87ff1, stream-state-bench-flink-tumbling_count, kafka-sink: Committer, 0]
flink-identity-1                | [TumblingEventTimeWindows -> kafka-sink: Writer -> kafka-sink: Committer (1/1)#0] INFO org.apache.kafka.clients.producer.internals.TransactionManager - [Producer clientId=producer-stream-state-bench-flink-w3-latency-tuning_control-0-1, transactionalId=stream-state-bench-flink-w3-latency-tuning_control-0-1] Invoking InitProducerId for the first time in order to acquire a producer ID
flink-identity-1                | [kafka-producer-network-thread | producer-stream-state-bench-flink-w3-latency-tuning_control-0-1] INFO org.apache.kafka.clients.producer.internals.TransactionManager - [Producer clientId=producer-stream-state-bench-flink-w3-latency-tuning_control-0-1, transactionalId=stream-state-bench-flink-w3-latency-tuning_control-0-1] ProducerId set to 95 with epoch 0
flink-identity-1                | [jobmanager-io-thread-5] INFO org.apache.flink.runtime.checkpoint.CheckpointCoordinator - Completed checkpoint 94 for job 685071a0544567112a6ecd8db0ecbc0f (5011 bytes, checkpointDuration=9 ms, finalizationTime=0 ms).
flink-identity-1                | [SourceCoordinator-Source: kafka-source] INFO org.apache.flink.runtime.source.coordinator.SourceCoordinator - Marking checkpoint 94 as completed for source Source: kafka-source.
flink-identity-1                | [Checkpoint Timer] INFO org.apache.flink.runtime.checkpoint.CheckpointCoordinator - Triggering checkpoint 95 (type=CheckpointType{name='Checkpoint', sharingFilesStrategy=FORWARD_BACKWARD}) @ 1784315260742 for job 685071a0544567112a6ecd8db0ecbc0f.
flink-identity-1                | [TumblingEventTimeWindows -> kafka-sink: Writer -> kafka-sink: Committer (1/1)#0] INFO org.apache.flink.connector.kafka.sink.internal.FlinkKafkaInternalProducer - Flushing new partitions
flink-identity-1                | [TumblingEventTimeWindows -> kafka-sink: Writer -> kafka-sink: Committer (1/1)#0] WARN org.apache.flink.metrics.MetricGroup - Name collision: Group already contains a Metric with the name 'pendingCommittables'. Metric will not be reported.[, taskmanager, d44d9eab-0b38-467a-a923-d7180ca87ff1, stream-state-bench-flink-tumbling_count, kafka-sink: Committer, 0]
flink-identity-1                | [TumblingEventTimeWindows -> kafka-sink: Writer -> kafka-sink: Committer (1/1)#0] INFO org.apache.kafka.clients.producer.internals.TransactionManager - [Producer clientId=producer-stream-state-bench-flink-w3-latency-tuning_control-0-13, transactionalId=stream-state-bench-flink-w3-latency-tuning_control-0-13] Invoking InitProducerId for the first time in order to acquire a producer ID
flink-identity-1                | [kafka-producer-network-thread | producer-stream-state-bench-flink-w3-latency-tuning_control-0-13] INFO org.apache.kafka.clients.producer.internals.TransactionManager - [Producer clientId=producer-stream-state-bench-flink-w3-latency-tuning_control-0-13, transactionalId=stream-state-bench-flink-w3-latency-tuning_control-0-13] ProducerId set to 96 with epoch 0
flink-identity-1                | [jobmanager-io-thread-1] INFO org.apache.flink.runtime.checkpoint.CheckpointCoordinator - Completed checkpoint 95 for job 685071a0544567112a6ecd8db0ecbc0f (5011 bytes, checkpointDuration=10 ms, finalizationTime=0 ms).
flink-identity-1                | [SourceCoordinator-Source: kafka-source] INFO org.apache.flink.runtime.source.coordinator.SourceCoordinator - Marking checkpoint 95 as completed for source Source: kafka-source.
flink-identity-1                | [Checkpoint Timer] INFO org.apache.flink.runtime.checkpoint.CheckpointCoordinator - Triggering checkpoint 96 (type=CheckpointType{name='Checkpoint', sharingFilesStrategy=FORWARD_BACKWARD}) @ 1784315261742 for job 685071a0544567112a6ecd8db0ecbc0f.
flink-identity-1                | [TumblingEventTimeWindows -> kafka-sink: Writer -> kafka-sink: Committer (1/1)#0] INFO org.apache.flink.connector.kafka.sink.internal.FlinkKafkaInternalProducer - Flushing new partitions
flink-identity-1                | [TumblingEventTimeWindows -> kafka-sink: Writer -> kafka-sink: Committer (1/1)#0] WARN org.apache.flink.metrics.MetricGroup - Name collision: Group already contains a Metric with the name 'pendingCommittables'. Metric will not be reported.[, taskmanager, d44d9eab-0b38-467a-a923-d7180ca87ff1, stream-state-bench-flink-tumbling_count, kafka-sink: Committer, 0]
flink-identity-1                | [TumblingEventTimeWindows -> kafka-sink: Writer -> kafka-sink: Committer (1/1)#0] INFO org.apache.kafka.clients.producer.internals.TransactionManager - [Producer clientId=producer-stream-state-bench-flink-w3-latency-tuning_control-0-1, transactionalId=stream-state-bench-flink-w3-latency-tuning_control-0-1] Invoking InitProducerId for the first time in order to acquire a producer ID
flink-identity-1                | [kafka-producer-network-thread | producer-stream-state-bench-flink-w3-latency-tuning_control-0-1] INFO org.apache.kafka.clients.producer.internals.TransactionManager - [Producer clientId=producer-stream-state-bench-flink-w3-latency-tuning_control-0-1, transactionalId=stream-state-bench-flink-w3-latency-tuning_control-0-1] ProducerId set to 97 with epoch 0
flink-identity-1                | [jobmanager-io-thread-4] INFO org.apache.flink.runtime.checkpoint.CheckpointCoordinator - Completed checkpoint 96 for job 685071a0544567112a6ecd8db0ecbc0f (5011 bytes, checkpointDuration=10 ms, finalizationTime=0 ms).
flink-identity-1                | [SourceCoordinator-Source: kafka-source] INFO org.apache.flink.runtime.source.coordinator.SourceCoordinator - Marking checkpoint 96 as completed for source Source: kafka-source.
flink-identity-1                | [Checkpoint Timer] INFO org.apache.flink.runtime.checkpoint.CheckpointCoordinator - Triggering checkpoint 97 (type=CheckpointType{name='Checkpoint', sharingFilesStrategy=FORWARD_BACKWARD}) @ 1784315262742 for job 685071a0544567112a6ecd8db0ecbc0f.
flink-identity-1                | [TumblingEventTimeWindows -> kafka-sink: Writer -> kafka-sink: Committer (1/1)#0] INFO org.apache.flink.connector.kafka.sink.internal.FlinkKafkaInternalProducer - Flushing new partitions
flink-identity-1                | [TumblingEventTimeWindows -> kafka-sink: Writer -> kafka-sink: Committer (1/1)#0] WARN org.apache.flink.metrics.MetricGroup - Name collision: Group already contains a Metric with the name 'pendingCommittables'. Metric will not be reported.[, taskmanager, d44d9eab-0b38-467a-a923-d7180ca87ff1, stream-state-bench-flink-tumbling_count, kafka-sink: Committer, 0]
flink-identity-1                | [TumblingEventTimeWindows -> kafka-sink: Writer -> kafka-sink: Committer (1/1)#0] INFO org.apache.kafka.clients.producer.internals.TransactionManager - [Producer clientId=producer-stream-state-bench-flink-w3-latency-tuning_control-0-13, transactionalId=stream-state-bench-flink-w3-latency-tuning_control-0-13] Invoking InitProducerId for the first time in order to acquire a producer ID
flink-identity-1                | [kafka-producer-network-thread | producer-stream-state-bench-flink-w3-latency-tuning_control-0-13] INFO org.apache.kafka.clients.producer.internals.TransactionManager - [Producer clientId=producer-stream-state-bench-flink-w3-latency-tuning_control-0-13, transactionalId=stream-state-bench-flink-w3-latency-tuning_control-0-13] ProducerId set to 98 with epoch 0
flink-identity-1                | [jobmanager-io-thread-2] INFO org.apache.flink.runtime.checkpoint.CheckpointCoordinator - Completed checkpoint 97 for job 685071a0544567112a6ecd8db0ecbc0f (5011 bytes, checkpointDuration=9 ms, finalizationTime=0 ms).
flink-identity-1                | [SourceCoordinator-Source: kafka-source] INFO org.apache.flink.runtime.source.coordinator.SourceCoordinator - Marking checkpoint 97 as completed for source Source: kafka-source.
flink-identity-1                | [Checkpoint Timer] INFO org.apache.flink.runtime.checkpoint.CheckpointCoordinator - Triggering checkpoint 98 (type=CheckpointType{name='Checkpoint', sharingFilesStrategy=FORWARD_BACKWARD}) @ 1784315263743 for job 685071a0544567112a6ecd8db0ecbc0f.
flink-identity-1                | [TumblingEventTimeWindows -> kafka-sink: Writer -> kafka-sink: Committer (1/1)#0] INFO org.apache.flink.connector.kafka.sink.internal.FlinkKafkaInternalProducer - Flushing new partitions
flink-identity-1                | [TumblingEventTimeWindows -> kafka-sink: Writer -> kafka-sink: Committer (1/1)#0] WARN org.apache.flink.metrics.MetricGroup - Name collision: Group already contains a Metric with the name 'pendingCommittables'. Metric will not be reported.[, taskmanager, d44d9eab-0b38-467a-a923-d7180ca87ff1, stream-state-bench-flink-tumbling_count, kafka-sink: Committer, 0]
flink-identity-1                | [TumblingEventTimeWindows -> kafka-sink: Writer -> kafka-sink: Committer (1/1)#0] INFO org.apache.kafka.clients.producer.internals.TransactionManager - [Producer clientId=producer-stream-state-bench-flink-w3-latency-tuning_control-0-1, transactionalId=stream-state-bench-flink-w3-latency-tuning_control-0-1] Invoking InitProducerId for the first time in order to acquire a producer ID
flink-identity-1                | [kafka-producer-network-thread | producer-stream-state-bench-flink-w3-latency-tuning_control-0-1] INFO org.apache.kafka.clients.producer.internals.TransactionManager - [Producer clientId=producer-stream-state-bench-flink-w3-latency-tuning_control-0-1, transactionalId=stream-state-bench-flink-w3-latency-tuning_control-0-1] ProducerId set to 99 with epoch 0
flink-identity-1                | [jobmanager-io-thread-12] INFO org.apache.flink.runtime.checkpoint.CheckpointCoordinator - Completed checkpoint 98 for job 685071a0544567112a6ecd8db0ecbc0f (5011 bytes, checkpointDuration=7 ms, finalizationTime=0 ms).
flink-identity-1                | [SourceCoordinator-Source: kafka-source] INFO org.apache.flink.runtime.source.coordinator.SourceCoordinator - Marking checkpoint 98 as completed for source Source: kafka-source.
flink-identity-1                | [Checkpoint Timer] INFO org.apache.flink.runtime.checkpoint.CheckpointCoordinator - Triggering checkpoint 99 (type=CheckpointType{name='Checkpoint', sharingFilesStrategy=FORWARD_BACKWARD}) @ 1784315264743 for job 685071a0544567112a6ecd8db0ecbc0f.
flink-identity-1                | [TumblingEventTimeWindows -> kafka-sink: Writer -> kafka-sink: Committer (1/1)#0] INFO org.apache.flink.connector.kafka.sink.internal.FlinkKafkaInternalProducer - Flushing new partitions
flink-identity-1                | [TumblingEventTimeWindows -> kafka-sink: Writer -> kafka-sink: Committer (1/1)#0] WARN org.apache.flink.metrics.MetricGroup - Name collision: Group already contains a Metric with the name 'pendingCommittables'. Metric will not be reported.[, taskmanager, d44d9eab-0b38-467a-a923-d7180ca87ff1, stream-state-bench-flink-tumbling_count, kafka-sink: Committer, 0]
flink-identity-1                | [TumblingEventTimeWindows -> kafka-sink: Writer -> kafka-sink: Committer (1/1)#0] INFO org.apache.kafka.clients.producer.internals.TransactionManager - [Producer clientId=producer-stream-state-bench-flink-w3-latency-tuning_control-0-13, transactionalId=stream-state-bench-flink-w3-latency-tuning_control-0-13] Invoking InitProducerId for the first time in order to acquire a producer ID
flink-identity-1                | [kafka-producer-network-thread | producer-stream-state-bench-flink-w3-latency-tuning_control-0-13] INFO org.apache.kafka.clients.producer.internals.TransactionManager - [Producer clientId=producer-stream-state-bench-flink-w3-latency-tuning_control-0-13, transactionalId=stream-state-bench-flink-w3-latency-tuning_control-0-13] ProducerId set to 100 with epoch 0
flink-identity-1                | [jobmanager-io-thread-6] INFO org.apache.flink.runtime.checkpoint.CheckpointCoordinator - Completed checkpoint 99 for job 685071a0544567112a6ecd8db0ecbc0f (5011 bytes, checkpointDuration=8 ms, finalizationTime=1 ms).
flink-identity-1                | [SourceCoordinator-Source: kafka-source] INFO org.apache.flink.runtime.source.coordinator.SourceCoordinator - Marking checkpoint 99 as completed for source Source: kafka-source.
flink-identity-1                | [Checkpoint Timer] INFO org.apache.flink.runtime.checkpoint.CheckpointCoordinator - Triggering checkpoint 100 (type=CheckpointType{name='Checkpoint', sharingFilesStrategy=FORWARD_BACKWARD}) @ 1784315265743 for job 685071a0544567112a6ecd8db0ecbc0f.
flink-identity-1                | [TumblingEventTimeWindows -> kafka-sink: Writer -> kafka-sink: Committer (1/1)#0] INFO org.apache.flink.connector.kafka.sink.internal.FlinkKafkaInternalProducer - Flushing new partitions
flink-identity-1                | [TumblingEventTimeWindows -> kafka-sink: Writer -> kafka-sink: Committer (1/1)#0] WARN org.apache.flink.metrics.MetricGroup - Name collision: Group already contains a Metric with the name 'pendingCommittables'. Metric will not be reported.[, taskmanager, d44d9eab-0b38-467a-a923-d7180ca87ff1, stream-state-bench-flink-tumbling_count, kafka-sink: Committer, 0]
flink-identity-1                | [TumblingEventTimeWindows -> kafka-sink: Writer -> kafka-sink: Committer (1/1)#0] INFO org.apache.kafka.clients.producer.internals.TransactionManager - [Producer clientId=producer-stream-state-bench-flink-w3-latency-tuning_control-0-1, transactionalId=stream-state-bench-flink-w3-latency-tuning_control-0-1] Invoking InitProducerId for the first time in order to acquire a producer ID
flink-identity-1                | [kafka-producer-network-thread | producer-stream-state-bench-flink-w3-latency-tuning_control-0-1] INFO org.apache.kafka.clients.producer.internals.TransactionManager - [Producer clientId=producer-stream-state-bench-flink-w3-latency-tuning_control-0-1, transactionalId=stream-state-bench-flink-w3-latency-tuning_control-0-1] ProducerId set to 101 with epoch 0
flink-identity-1                | [jobmanager-io-thread-11] INFO org.apache.flink.runtime.checkpoint.CheckpointCoordinator - Completed checkpoint 100 for job 685071a0544567112a6ecd8db0ecbc0f (5011 bytes, checkpointDuration=8 ms, finalizationTime=1 ms).
flink-identity-1                | [SourceCoordinator-Source: kafka-source] INFO org.apache.flink.runtime.source.coordinator.SourceCoordinator - Marking checkpoint 100 as completed for source Source: kafka-source.
flink-identity-1                | [Checkpoint Timer] INFO org.apache.flink.runtime.checkpoint.CheckpointCoordinator - Triggering checkpoint 101 (type=CheckpointType{name='Checkpoint', sharingFilesStrategy=FORWARD_BACKWARD}) @ 1784315266743 for job 685071a0544567112a6ecd8db0ecbc0f.
flink-identity-1                | [TumblingEventTimeWindows -> kafka-sink: Writer -> kafka-sink: Committer (1/1)#0] INFO org.apache.flink.connector.kafka.sink.internal.FlinkKafkaInternalProducer - Flushing new partitions
flink-identity-1                | [TumblingEventTimeWindows -> kafka-sink: Writer -> kafka-sink: Committer (1/1)#0] WARN org.apache.flink.metrics.MetricGroup - Name collision: Group already contains a Metric with the name 'pendingCommittables'. Metric will not be reported.[, taskmanager, d44d9eab-0b38-467a-a923-d7180ca87ff1, stream-state-bench-flink-tumbling_count, kafka-sink: Committer, 0]
flink-identity-1                | [TumblingEventTimeWindows -> kafka-sink: Writer -> kafka-sink: Committer (1/1)#0] INFO org.apache.kafka.clients.producer.internals.TransactionManager - [Producer clientId=producer-stream-state-bench-flink-w3-latency-tuning_control-0-13, transactionalId=stream-state-bench-flink-w3-latency-tuning_control-0-13] Invoking InitProducerId for the first time in order to acquire a producer ID
flink-identity-1                | [kafka-producer-network-thread | producer-stream-state-bench-flink-w3-latency-tuning_control-0-13] INFO org.apache.kafka.clients.producer.internals.TransactionManager - [Producer clientId=producer-stream-state-bench-flink-w3-latency-tuning_control-0-13, transactionalId=stream-state-bench-flink-w3-latency-tuning_control-0-13] ProducerId set to 102 with epoch 0
flink-identity-1                | [jobmanager-io-thread-8] INFO org.apache.flink.runtime.checkpoint.CheckpointCoordinator - Completed checkpoint 101 for job 685071a0544567112a6ecd8db0ecbc0f (5011 bytes, checkpointDuration=9 ms, finalizationTime=1 ms).
flink-identity-1                | [SourceCoordinator-Source: kafka-source] INFO org.apache.flink.runtime.source.coordinator.SourceCoordinator - Marking checkpoint 101 as completed for source Source: kafka-source.
flink-identity-1                | [Checkpoint Timer] INFO org.apache.flink.runtime.checkpoint.CheckpointCoordinator - Triggering checkpoint 102 (type=CheckpointType{name='Checkpoint', sharingFilesStrategy=FORWARD_BACKWARD}) @ 1784315267743 for job 685071a0544567112a6ecd8db0ecbc0f.
flink-identity-1                | [TumblingEventTimeWindows -> kafka-sink: Writer -> kafka-sink: Committer (1/1)#0] INFO org.apache.flink.connector.kafka.sink.internal.FlinkKafkaInternalProducer - Flushing new partitions
flink-identity-1                | [TumblingEventTimeWindows -> kafka-sink: Writer -> kafka-sink: Committer (1/1)#0] WARN org.apache.flink.metrics.MetricGroup - Name collision: Group already contains a Metric with the name 'pendingCommittables'. Metric will not be reported.[, taskmanager, d44d9eab-0b38-467a-a923-d7180ca87ff1, stream-state-bench-flink-tumbling_count, kafka-sink: Committer, 0]
flink-identity-1                | [TumblingEventTimeWindows -> kafka-sink: Writer -> kafka-sink: Committer (1/1)#0] INFO org.apache.kafka.clients.producer.internals.TransactionManager - [Producer clientId=producer-stream-state-bench-flink-w3-latency-tuning_control-0-1, transactionalId=stream-state-bench-flink-w3-latency-tuning_control-0-1] Invoking InitProducerId for the first time in order to acquire a producer ID
flink-identity-1                | [kafka-producer-network-thread | producer-stream-state-bench-flink-w3-latency-tuning_control-0-1] INFO org.apache.kafka.clients.producer.internals.TransactionManager - [Producer clientId=producer-stream-state-bench-flink-w3-latency-tuning_control-0-1, transactionalId=stream-state-bench-flink-w3-latency-tuning_control-0-1] ProducerId set to 103 with epoch 0
flink-identity-1                | [jobmanager-io-thread-7] INFO org.apache.flink.runtime.checkpoint.CheckpointCoordinator - Completed checkpoint 102 for job 685071a0544567112a6ecd8db0ecbc0f (5011 bytes, checkpointDuration=8 ms, finalizationTime=1 ms).
flink-identity-1                | [SourceCoordinator-Source: kafka-source] INFO org.apache.flink.runtime.source.coordinator.SourceCoordinator - Marking checkpoint 102 as completed for source Source: kafka-source.
flink-identity-1                | [Checkpoint Timer] INFO org.apache.flink.runtime.checkpoint.CheckpointCoordinator - Triggering checkpoint 103 (type=CheckpointType{name='Checkpoint', sharingFilesStrategy=FORWARD_BACKWARD}) @ 1784315268743 for job 685071a0544567112a6ecd8db0ecbc0f.
flink-identity-1                | [TumblingEventTimeWindows -> kafka-sink: Writer -> kafka-sink: Committer (1/1)#0] INFO org.apache.flink.connector.kafka.sink.internal.FlinkKafkaInternalProducer - Flushing new partitions
flink-identity-1                | [TumblingEventTimeWindows -> kafka-sink: Writer -> kafka-sink: Committer (1/1)#0] WARN org.apache.flink.metrics.MetricGroup - Name collision: Group already contains a Metric with the name 'pendingCommittables'. Metric will not be reported.[, taskmanager, d44d9eab-0b38-467a-a923-d7180ca87ff1, stream-state-bench-flink-tumbling_count, kafka-sink: Committer, 0]
flink-identity-1                | [TumblingEventTimeWindows -> kafka-sink: Writer -> kafka-sink: Committer (1/1)#0] INFO org.apache.kafka.clients.producer.internals.TransactionManager - [Producer clientId=producer-stream-state-bench-flink-w3-latency-tuning_control-0-13, transactionalId=stream-state-bench-flink-w3-latency-tuning_control-0-13] Invoking InitProducerId for the first time in order to acquire a producer ID
flink-identity-1                | [kafka-producer-network-thread | producer-stream-state-bench-flink-w3-latency-tuning_control-0-13] INFO org.apache.kafka.clients.producer.internals.TransactionManager - [Producer clientId=producer-stream-state-bench-flink-w3-latency-tuning_control-0-13, transactionalId=stream-state-bench-flink-w3-latency-tuning_control-0-13] ProducerId set to 104 with epoch 0
flink-identity-1                | [jobmanager-io-thread-14] INFO org.apache.flink.runtime.checkpoint.CheckpointCoordinator - Completed checkpoint 103 for job 685071a0544567112a6ecd8db0ecbc0f (5011 bytes, checkpointDuration=8 ms, finalizationTime=1 ms).
flink-identity-1                | [SourceCoordinator-Source: kafka-source] INFO org.apache.flink.runtime.source.coordinator.SourceCoordinator - Marking checkpoint 103 as completed for source Source: kafka-source.
flink-identity-1                | [Checkpoint Timer] INFO org.apache.flink.runtime.checkpoint.CheckpointCoordinator - Triggering checkpoint 104 (type=CheckpointType{name='Checkpoint', sharingFilesStrategy=FORWARD_BACKWARD}) @ 1784315269742 for job 685071a0544567112a6ecd8db0ecbc0f.
flink-identity-1                | [TumblingEventTimeWindows -> kafka-sink: Writer -> kafka-sink: Committer (1/1)#0] INFO org.apache.flink.connector.kafka.sink.internal.FlinkKafkaInternalProducer - Flushing new partitions
flink-identity-1                | [TumblingEventTimeWindows -> kafka-sink: Writer -> kafka-sink: Committer (1/1)#0] WARN org.apache.flink.metrics.MetricGroup - Name collision: Group already contains a Metric with the name 'pendingCommittables'. Metric will not be reported.[, taskmanager, d44d9eab-0b38-467a-a923-d7180ca87ff1, stream-state-bench-flink-tumbling_count, kafka-sink: Committer, 0]
flink-identity-1                | [TumblingEventTimeWindows -> kafka-sink: Writer -> kafka-sink: Committer (1/1)#0] INFO org.apache.kafka.clients.producer.internals.TransactionManager - [Producer clientId=producer-stream-state-bench-flink-w3-latency-tuning_control-0-1, transactionalId=stream-state-bench-flink-w3-latency-tuning_control-0-1] Invoking InitProducerId for the first time in order to acquire a producer ID
flink-identity-1                | [kafka-producer-network-thread | producer-stream-state-bench-flink-w3-latency-tuning_control-0-1] INFO org.apache.kafka.clients.producer.internals.TransactionManager - [Producer clientId=producer-stream-state-bench-flink-w3-latency-tuning_control-0-1, transactionalId=stream-state-bench-flink-w3-latency-tuning_control-0-1] ProducerId set to 105 with epoch 0
flink-identity-1                | [jobmanager-io-thread-3] INFO org.apache.flink.runtime.checkpoint.CheckpointCoordinator - Completed checkpoint 104 for job 685071a0544567112a6ecd8db0ecbc0f (5011 bytes, checkpointDuration=8 ms, finalizationTime=0 ms).
flink-identity-1                | [SourceCoordinator-Source: kafka-source] INFO org.apache.flink.runtime.source.coordinator.SourceCoordinator - Marking checkpoint 104 as completed for source Source: kafka-source.
flink-identity-1                | [Checkpoint Timer] INFO org.apache.flink.runtime.checkpoint.CheckpointCoordinator - Triggering checkpoint 105 (type=CheckpointType{name='Checkpoint', sharingFilesStrategy=FORWARD_BACKWARD}) @ 1784315270742 for job 685071a0544567112a6ecd8db0ecbc0f.
flink-identity-1                | [TumblingEventTimeWindows -> kafka-sink: Writer -> kafka-sink: Committer (1/1)#0] INFO org.apache.flink.connector.kafka.sink.internal.FlinkKafkaInternalProducer - Flushing new partitions
flink-identity-1                | [TumblingEventTimeWindows -> kafka-sink: Writer -> kafka-sink: Committer (1/1)#0] WARN org.apache.flink.metrics.MetricGroup - Name collision: Group already contains a Metric with the name 'pendingCommittables'. Metric will not be reported.[, taskmanager, d44d9eab-0b38-467a-a923-d7180ca87ff1, stream-state-bench-flink-tumbling_count, kafka-sink: Committer, 0]
flink-identity-1                | [TumblingEventTimeWindows -> kafka-sink: Writer -> kafka-sink: Committer (1/1)#0] INFO org.apache.kafka.clients.producer.internals.TransactionManager - [Producer clientId=producer-stream-state-bench-flink-w3-latency-tuning_control-0-13, transactionalId=stream-state-bench-flink-w3-latency-tuning_control-0-13] Invoking InitProducerId for the first time in order to acquire a producer ID
flink-identity-1                | [kafka-producer-network-thread | producer-stream-state-bench-flink-w3-latency-tuning_control-0-13] INFO org.apache.kafka.clients.producer.internals.TransactionManager - [Producer clientId=producer-stream-state-bench-flink-w3-latency-tuning_control-0-13, transactionalId=stream-state-bench-flink-w3-latency-tuning_control-0-13] ProducerId set to 106 with epoch 0
flink-identity-1                | [jobmanager-io-thread-10] INFO org.apache.flink.runtime.checkpoint.CheckpointCoordinator - Completed checkpoint 105 for job 685071a0544567112a6ecd8db0ecbc0f (5011 bytes, checkpointDuration=8 ms, finalizationTime=1 ms).
flink-identity-1                | [SourceCoordinator-Source: kafka-source] INFO org.apache.flink.runtime.source.coordinator.SourceCoordinator - Marking checkpoint 105 as completed for source Source: kafka-source.
flink-identity-1                | [Checkpoint Timer] INFO org.apache.flink.runtime.checkpoint.CheckpointCoordinator - Triggering checkpoint 106 (type=CheckpointType{name='Checkpoint', sharingFilesStrategy=FORWARD_BACKWARD}) @ 1784315271742 for job 685071a0544567112a6ecd8db0ecbc0f.
flink-identity-1                | [TumblingEventTimeWindows -> kafka-sink: Writer -> kafka-sink: Committer (1/1)#0] INFO org.apache.flink.connector.kafka.sink.internal.FlinkKafkaInternalProducer - Flushing new partitions
flink-identity-1                | [TumblingEventTimeWindows -> kafka-sink: Writer -> kafka-sink: Committer (1/1)#0] WARN org.apache.flink.metrics.MetricGroup - Name collision: Group already contains a Metric with the name 'pendingCommittables'. Metric will not be reported.[, taskmanager, d44d9eab-0b38-467a-a923-d7180ca87ff1, stream-state-bench-flink-tumbling_count, kafka-sink: Committer, 0]
flink-identity-1                | [TumblingEventTimeWindows -> kafka-sink: Writer -> kafka-sink: Committer (1/1)#0] INFO org.apache.kafka.clients.producer.internals.TransactionManager - [Producer clientId=producer-stream-state-bench-flink-w3-latency-tuning_control-0-1, transactionalId=stream-state-bench-flink-w3-latency-tuning_control-0-1] Invoking InitProducerId for the first time in order to acquire a producer ID
flink-identity-1                | [kafka-producer-network-thread | producer-stream-state-bench-flink-w3-latency-tuning_control-0-1] INFO org.apache.kafka.clients.producer.internals.TransactionManager - [Producer clientId=producer-stream-state-bench-flink-w3-latency-tuning_control-0-1, transactionalId=stream-state-bench-flink-w3-latency-tuning_control-0-1] ProducerId set to 107 with epoch 0
flink-identity-1                | [jobmanager-io-thread-16] INFO org.apache.flink.runtime.checkpoint.CheckpointCoordinator - Completed checkpoint 106 for job 685071a0544567112a6ecd8db0ecbc0f (5011 bytes, checkpointDuration=8 ms, finalizationTime=1 ms).
flink-identity-1                | [SourceCoordinator-Source: kafka-source] INFO org.apache.flink.runtime.source.coordinator.SourceCoordinator - Marking checkpoint 106 as completed for source Source: kafka-source.
flink-identity-1                | [Checkpoint Timer] INFO org.apache.flink.runtime.checkpoint.CheckpointCoordinator - Triggering checkpoint 107 (type=CheckpointType{name='Checkpoint', sharingFilesStrategy=FORWARD_BACKWARD}) @ 1784315272743 for job 685071a0544567112a6ecd8db0ecbc0f.
flink-identity-1                | [TumblingEventTimeWindows -> kafka-sink: Writer -> kafka-sink: Committer (1/1)#0] INFO org.apache.flink.connector.kafka.sink.internal.FlinkKafkaInternalProducer - Flushing new partitions
flink-identity-1                | [TumblingEventTimeWindows -> kafka-sink: Writer -> kafka-sink: Committer (1/1)#0] WARN org.apache.flink.metrics.MetricGroup - Name collision: Group already contains a Metric with the name 'pendingCommittables'. Metric will not be reported.[, taskmanager, d44d9eab-0b38-467a-a923-d7180ca87ff1, stream-state-bench-flink-tumbling_count, kafka-sink: Committer, 0]
flink-identity-1                | [TumblingEventTimeWindows -> kafka-sink: Writer -> kafka-sink: Committer (1/1)#0] INFO org.apache.kafka.clients.producer.internals.TransactionManager - [Producer clientId=producer-stream-state-bench-flink-w3-latency-tuning_control-0-13, transactionalId=stream-state-bench-flink-w3-latency-tuning_control-0-13] Invoking InitProducerId for the first time in order to acquire a producer ID
flink-identity-1                | [kafka-producer-network-thread | producer-stream-state-bench-flink-w3-latency-tuning_control-0-13] INFO org.apache.kafka.clients.producer.internals.TransactionManager - [Producer clientId=producer-stream-state-bench-flink-w3-latency-tuning_control-0-13, transactionalId=stream-state-bench-flink-w3-latency-tuning_control-0-13] ProducerId set to 108 with epoch 0
flink-identity-1                | [jobmanager-io-thread-15] INFO org.apache.flink.runtime.checkpoint.CheckpointCoordinator - Completed checkpoint 107 for job 685071a0544567112a6ecd8db0ecbc0f (5011 bytes, checkpointDuration=9 ms, finalizationTime=0 ms).
flink-identity-1                | [SourceCoordinator-Source: kafka-source] INFO org.apache.flink.runtime.source.coordinator.SourceCoordinator - Marking checkpoint 107 as completed for source Source: kafka-source.
flink-identity-1                | [Checkpoint Timer] INFO org.apache.flink.runtime.checkpoint.CheckpointCoordinator - Triggering checkpoint 108 (type=CheckpointType{name='Checkpoint', sharingFilesStrategy=FORWARD_BACKWARD}) @ 1784315273743 for job 685071a0544567112a6ecd8db0ecbc0f.
flink-identity-1                | [TumblingEventTimeWindows -> kafka-sink: Writer -> kafka-sink: Committer (1/1)#0] INFO org.apache.flink.connector.kafka.sink.internal.FlinkKafkaInternalProducer - Flushing new partitions
flink-identity-1                | [TumblingEventTimeWindows -> kafka-sink: Writer -> kafka-sink: Committer (1/1)#0] WARN org.apache.flink.metrics.MetricGroup - Name collision: Group already contains a Metric with the name 'pendingCommittables'. Metric will not be reported.[, taskmanager, d44d9eab-0b38-467a-a923-d7180ca87ff1, stream-state-bench-flink-tumbling_count, kafka-sink: Committer, 0]
flink-identity-1                | [TumblingEventTimeWindows -> kafka-sink: Writer -> kafka-sink: Committer (1/1)#0] INFO org.apache.kafka.clients.producer.internals.TransactionManager - [Producer clientId=producer-stream-state-bench-flink-w3-latency-tuning_control-0-1, transactionalId=stream-state-bench-flink-w3-latency-tuning_control-0-1] Invoking InitProducerId for the first time in order to acquire a producer ID
flink-identity-1                | [kafka-producer-network-thread | producer-stream-state-bench-flink-w3-latency-tuning_control-0-1] INFO org.apache.kafka.clients.producer.internals.TransactionManager - [Producer clientId=producer-stream-state-bench-flink-w3-latency-tuning_control-0-1, transactionalId=stream-state-bench-flink-w3-latency-tuning_control-0-1] ProducerId set to 109 with epoch 0
flink-identity-1                | [jobmanager-io-thread-7] INFO org.apache.flink.runtime.checkpoint.CheckpointCoordinator - Completed checkpoint 108 for job 685071a0544567112a6ecd8db0ecbc0f (5011 bytes, checkpointDuration=9 ms, finalizationTime=1 ms).
flink-identity-1                | [SourceCoordinator-Source: kafka-source] INFO org.apache.flink.runtime.source.coordinator.SourceCoordinator - Marking checkpoint 108 as completed for source Source: kafka-source.
flink-identity-1                | [Checkpoint Timer] INFO org.apache.flink.runtime.checkpoint.CheckpointCoordinator - Triggering checkpoint 109 (type=CheckpointType{name='Checkpoint', sharingFilesStrategy=FORWARD_BACKWARD}) @ 1784315274743 for job 685071a0544567112a6ecd8db0ecbc0f.
flink-identity-1                | [TumblingEventTimeWindows -> kafka-sink: Writer -> kafka-sink: Committer (1/1)#0] INFO org.apache.flink.connector.kafka.sink.internal.FlinkKafkaInternalProducer - Flushing new partitions
flink-identity-1                | [TumblingEventTimeWindows -> kafka-sink: Writer -> kafka-sink: Committer (1/1)#0] WARN org.apache.flink.metrics.MetricGroup - Name collision: Group already contains a Metric with the name 'pendingCommittables'. Metric will not be reported.[, taskmanager, d44d9eab-0b38-467a-a923-d7180ca87ff1, stream-state-bench-flink-tumbling_count, kafka-sink: Committer, 0]
flink-identity-1                | [TumblingEventTimeWindows -> kafka-sink: Writer -> kafka-sink: Committer (1/1)#0] INFO org.apache.kafka.clients.producer.internals.TransactionManager - [Producer clientId=producer-stream-state-bench-flink-w3-latency-tuning_control-0-13, transactionalId=stream-state-bench-flink-w3-latency-tuning_control-0-13] Invoking InitProducerId for the first time in order to acquire a producer ID
flink-identity-1                | [kafka-producer-network-thread | producer-stream-state-bench-flink-w3-latency-tuning_control-0-13] INFO org.apache.kafka.clients.producer.internals.TransactionManager - [Producer clientId=producer-stream-state-bench-flink-w3-latency-tuning_control-0-13, transactionalId=stream-state-bench-flink-w3-latency-tuning_control-0-13] ProducerId set to 110 with epoch 0
flink-identity-1                | [jobmanager-io-thread-1] INFO org.apache.flink.runtime.checkpoint.CheckpointCoordinator - Completed checkpoint 109 for job 685071a0544567112a6ecd8db0ecbc0f (5011 bytes, checkpointDuration=8 ms, finalizationTime=0 ms).
flink-identity-1                | [SourceCoordinator-Source: kafka-source] INFO org.apache.flink.runtime.source.coordinator.SourceCoordinator - Marking checkpoint 109 as completed for source Source: kafka-source.
flink-identity-1                | [Checkpoint Timer] INFO org.apache.flink.runtime.checkpoint.CheckpointCoordinator - Triggering checkpoint 110 (type=CheckpointType{name='Checkpoint', sharingFilesStrategy=FORWARD_BACKWARD}) @ 1784315275743 for job 685071a0544567112a6ecd8db0ecbc0f.
flink-identity-1                | [TumblingEventTimeWindows -> kafka-sink: Writer -> kafka-sink: Committer (1/1)#0] INFO org.apache.flink.connector.kafka.sink.internal.FlinkKafkaInternalProducer - Flushing new partitions
flink-identity-1                | [TumblingEventTimeWindows -> kafka-sink: Writer -> kafka-sink: Committer (1/1)#0] WARN org.apache.flink.metrics.MetricGroup - Name collision: Group already contains a Metric with the name 'pendingCommittables'. Metric will not be reported.[, taskmanager, d44d9eab-0b38-467a-a923-d7180ca87ff1, stream-state-bench-flink-tumbling_count, kafka-sink: Committer, 0]
flink-identity-1                | [TumblingEventTimeWindows -> kafka-sink: Writer -> kafka-sink: Committer (1/1)#0] INFO org.apache.kafka.clients.producer.internals.TransactionManager - [Producer clientId=producer-stream-state-bench-flink-w3-latency-tuning_control-0-1, transactionalId=stream-state-bench-flink-w3-latency-tuning_control-0-1] Invoking InitProducerId for the first time in order to acquire a producer ID
flink-identity-1                | [kafka-producer-network-thread | producer-stream-state-bench-flink-w3-latency-tuning_control-0-1] INFO org.apache.kafka.clients.producer.internals.TransactionManager - [Producer clientId=producer-stream-state-bench-flink-w3-latency-tuning_control-0-1, transactionalId=stream-state-bench-flink-w3-latency-tuning_control-0-1] ProducerId set to 111 with epoch 0
flink-identity-1                | [jobmanager-io-thread-2] INFO org.apache.flink.runtime.checkpoint.CheckpointCoordinator - Completed checkpoint 110 for job 685071a0544567112a6ecd8db0ecbc0f (5011 bytes, checkpointDuration=8 ms, finalizationTime=0 ms).
flink-identity-1                | [SourceCoordinator-Source: kafka-source] INFO org.apache.flink.runtime.source.coordinator.SourceCoordinator - Marking checkpoint 110 as completed for source Source: kafka-source.
flink-identity-1                | [Checkpoint Timer] INFO org.apache.flink.runtime.checkpoint.CheckpointCoordinator - Triggering checkpoint 111 (type=CheckpointType{name='Checkpoint', sharingFilesStrategy=FORWARD_BACKWARD}) @ 1784315276743 for job 685071a0544567112a6ecd8db0ecbc0f.
flink-identity-1                | [TumblingEventTimeWindows -> kafka-sink: Writer -> kafka-sink: Committer (1/1)#0] INFO org.apache.flink.connector.kafka.sink.internal.FlinkKafkaInternalProducer - Flushing new partitions
flink-identity-1                | [TumblingEventTimeWindows -> kafka-sink: Writer -> kafka-sink: Committer (1/1)#0] WARN org.apache.flink.metrics.MetricGroup - Name collision: Group already contains a Metric with the name 'pendingCommittables'. Metric will not be reported.[, taskmanager, d44d9eab-0b38-467a-a923-d7180ca87ff1, stream-state-bench-flink-tumbling_count, kafka-sink: Committer, 0]
flink-identity-1                | [TumblingEventTimeWindows -> kafka-sink: Writer -> kafka-sink: Committer (1/1)#0] INFO org.apache.kafka.clients.producer.internals.TransactionManager - [Producer clientId=producer-stream-state-bench-flink-w3-latency-tuning_control-0-13, transactionalId=stream-state-bench-flink-w3-latency-tuning_control-0-13] Invoking InitProducerId for the first time in order to acquire a producer ID
flink-identity-1                | [kafka-producer-network-thread | producer-stream-state-bench-flink-w3-latency-tuning_control-0-13] INFO org.apache.kafka.clients.producer.internals.TransactionManager - [Producer clientId=producer-stream-state-bench-flink-w3-latency-tuning_control-0-13, transactionalId=stream-state-bench-flink-w3-latency-tuning_control-0-13] ProducerId set to 112 with epoch 0
flink-identity-1                | [jobmanager-io-thread-6] INFO org.apache.flink.runtime.checkpoint.CheckpointCoordinator - Completed checkpoint 111 for job 685071a0544567112a6ecd8db0ecbc0f (5011 bytes, checkpointDuration=8 ms, finalizationTime=0 ms).
flink-identity-1                | [SourceCoordinator-Source: kafka-source] INFO org.apache.flink.runtime.source.coordinator.SourceCoordinator - Marking checkpoint 111 as completed for source Source: kafka-source.
flink-identity-1                | [Checkpoint Timer] INFO org.apache.flink.runtime.checkpoint.CheckpointCoordinator - Triggering checkpoint 112 (type=CheckpointType{name='Checkpoint', sharingFilesStrategy=FORWARD_BACKWARD}) @ 1784315277742 for job 685071a0544567112a6ecd8db0ecbc0f.
flink-identity-1                | [TumblingEventTimeWindows -> kafka-sink: Writer -> kafka-sink: Committer (1/1)#0] INFO org.apache.flink.connector.kafka.sink.internal.FlinkKafkaInternalProducer - Flushing new partitions
flink-identity-1                | [TumblingEventTimeWindows -> kafka-sink: Writer -> kafka-sink: Committer (1/1)#0] WARN org.apache.flink.metrics.MetricGroup - Name collision: Group already contains a Metric with the name 'pendingCommittables'. Metric will not be reported.[, taskmanager, d44d9eab-0b38-467a-a923-d7180ca87ff1, stream-state-bench-flink-tumbling_count, kafka-sink: Committer, 0]
flink-identity-1                | [TumblingEventTimeWindows -> kafka-sink: Writer -> kafka-sink: Committer (1/1)#0] INFO org.apache.kafka.clients.producer.internals.TransactionManager - [Producer clientId=producer-stream-state-bench-flink-w3-latency-tuning_control-0-1, transactionalId=stream-state-bench-flink-w3-latency-tuning_control-0-1] Invoking InitProducerId for the first time in order to acquire a producer ID
flink-identity-1                | [kafka-producer-network-thread | producer-stream-state-bench-flink-w3-latency-tuning_control-0-1] INFO org.apache.kafka.clients.producer.internals.TransactionManager - [Producer clientId=producer-stream-state-bench-flink-w3-latency-tuning_control-0-1, transactionalId=stream-state-bench-flink-w3-latency-tuning_control-0-1] ProducerId set to 113 with epoch 0
flink-identity-1                | [jobmanager-io-thread-5] INFO org.apache.flink.runtime.checkpoint.CheckpointCoordinator - Completed checkpoint 112 for job 685071a0544567112a6ecd8db0ecbc0f (5011 bytes, checkpointDuration=8 ms, finalizationTime=0 ms).
flink-identity-1                | [SourceCoordinator-Source: kafka-source] INFO org.apache.flink.runtime.source.coordinator.SourceCoordinator - Marking checkpoint 112 as completed for source Source: kafka-source.
flink-identity-1                | [Checkpoint Timer] INFO org.apache.flink.runtime.checkpoint.CheckpointCoordinator - Triggering checkpoint 113 (type=CheckpointType{name='Checkpoint', sharingFilesStrategy=FORWARD_BACKWARD}) @ 1784315278742 for job 685071a0544567112a6ecd8db0ecbc0f.
flink-identity-1                | [TumblingEventTimeWindows -> kafka-sink: Writer -> kafka-sink: Committer (1/1)#0] INFO org.apache.flink.connector.kafka.sink.internal.FlinkKafkaInternalProducer - Flushing new partitions
flink-identity-1                | [TumblingEventTimeWindows -> kafka-sink: Writer -> kafka-sink: Committer (1/1)#0] WARN org.apache.flink.metrics.MetricGroup - Name collision: Group already contains a Metric with the name 'pendingCommittables'. Metric will not be reported.[, taskmanager, d44d9eab-0b38-467a-a923-d7180ca87ff1, stream-state-bench-flink-tumbling_count, kafka-sink: Committer, 0]
flink-identity-1                | [TumblingEventTimeWindows -> kafka-sink: Writer -> kafka-sink: Committer (1/1)#0] INFO org.apache.kafka.clients.producer.internals.TransactionManager - [Producer clientId=producer-stream-state-bench-flink-w3-latency-tuning_control-0-13, transactionalId=stream-state-bench-flink-w3-latency-tuning_control-0-13] Invoking InitProducerId for the first time in order to acquire a producer ID
flink-identity-1                | [kafka-producer-network-thread | producer-stream-state-bench-flink-w3-latency-tuning_control-0-13] INFO org.apache.kafka.clients.producer.internals.TransactionManager - [Producer clientId=producer-stream-state-bench-flink-w3-latency-tuning_control-0-13, transactionalId=stream-state-bench-flink-w3-latency-tuning_control-0-13] ProducerId set to 114 with epoch 0
flink-identity-1                | [jobmanager-io-thread-8] INFO org.apache.flink.runtime.checkpoint.CheckpointCoordinator - Completed checkpoint 113 for job 685071a0544567112a6ecd8db0ecbc0f (5011 bytes, checkpointDuration=9 ms, finalizationTime=0 ms).
flink-identity-1                | [SourceCoordinator-Source: kafka-source] INFO org.apache.flink.runtime.source.coordinator.SourceCoordinator - Marking checkpoint 113 as completed for source Source: kafka-source.
flink-identity-1                | [Checkpoint Timer] INFO org.apache.flink.runtime.checkpoint.CheckpointCoordinator - Triggering checkpoint 114 (type=CheckpointType{name='Checkpoint', sharingFilesStrategy=FORWARD_BACKWARD}) @ 1784315279742 for job 685071a0544567112a6ecd8db0ecbc0f.
flink-identity-1                | [TumblingEventTimeWindows -> kafka-sink: Writer -> kafka-sink: Committer (1/1)#0] INFO org.apache.flink.connector.kafka.sink.internal.FlinkKafkaInternalProducer - Flushing new partitions
flink-identity-1                | [TumblingEventTimeWindows -> kafka-sink: Writer -> kafka-sink: Committer (1/1)#0] WARN org.apache.flink.metrics.MetricGroup - Name collision: Group already contains a Metric with the name 'pendingCommittables'. Metric will not be reported.[, taskmanager, d44d9eab-0b38-467a-a923-d7180ca87ff1, stream-state-bench-flink-tumbling_count, kafka-sink: Committer, 0]
flink-identity-1                | [TumblingEventTimeWindows -> kafka-sink: Writer -> kafka-sink: Committer (1/1)#0] INFO org.apache.kafka.clients.producer.internals.TransactionManager - [Producer clientId=producer-stream-state-bench-flink-w3-latency-tuning_control-0-1, transactionalId=stream-state-bench-flink-w3-latency-tuning_control-0-1] Invoking InitProducerId for the first time in order to acquire a producer ID
flink-identity-1                | [kafka-producer-network-thread | producer-stream-state-bench-flink-w3-latency-tuning_control-0-1] INFO org.apache.kafka.clients.producer.internals.TransactionManager - [Producer clientId=producer-stream-state-bench-flink-w3-latency-tuning_control-0-1, transactionalId=stream-state-bench-flink-w3-latency-tuning_control-0-1] ProducerId set to 115 with epoch 0
flink-identity-1                | [jobmanager-io-thread-13] INFO org.apache.flink.runtime.checkpoint.CheckpointCoordinator - Completed checkpoint 114 for job 685071a0544567112a6ecd8db0ecbc0f (5011 bytes, checkpointDuration=9 ms, finalizationTime=0 ms).
flink-identity-1                | [SourceCoordinator-Source: kafka-source] INFO org.apache.flink.runtime.source.coordinator.SourceCoordinator - Marking checkpoint 114 as completed for source Source: kafka-source.
flink-identity-1                | [Checkpoint Timer] INFO org.apache.flink.runtime.checkpoint.CheckpointCoordinator - Triggering checkpoint 115 (type=CheckpointType{name='Checkpoint', sharingFilesStrategy=FORWARD_BACKWARD}) @ 1784315280743 for job 685071a0544567112a6ecd8db0ecbc0f.
flink-identity-1                | [TumblingEventTimeWindows -> kafka-sink: Writer -> kafka-sink: Committer (1/1)#0] INFO org.apache.flink.connector.kafka.sink.internal.FlinkKafkaInternalProducer - Flushing new partitions
flink-identity-1                | [TumblingEventTimeWindows -> kafka-sink: Writer -> kafka-sink: Committer (1/1)#0] WARN org.apache.flink.metrics.MetricGroup - Name collision: Group already contains a Metric with the name 'pendingCommittables'. Metric will not be reported.[, taskmanager, d44d9eab-0b38-467a-a923-d7180ca87ff1, stream-state-bench-flink-tumbling_count, kafka-sink: Committer, 0]
flink-identity-1                | [TumblingEventTimeWindows -> kafka-sink: Writer -> kafka-sink: Committer (1/1)#0] INFO org.apache.kafka.clients.producer.internals.TransactionManager - [Producer clientId=producer-stream-state-bench-flink-w3-latency-tuning_control-0-13, transactionalId=stream-state-bench-flink-w3-latency-tuning_control-0-13] Invoking InitProducerId for the first time in order to acquire a producer ID
flink-identity-1                | [kafka-producer-network-thread | producer-stream-state-bench-flink-w3-latency-tuning_control-0-13] INFO org.apache.kafka.clients.producer.internals.TransactionManager - [Producer clientId=producer-stream-state-bench-flink-w3-latency-tuning_control-0-13, transactionalId=stream-state-bench-flink-w3-latency-tuning_control-0-13] ProducerId set to 116 with epoch 0
flink-identity-1                | [jobmanager-io-thread-11] INFO org.apache.flink.runtime.checkpoint.CheckpointCoordinator - Completed checkpoint 115 for job 685071a0544567112a6ecd8db0ecbc0f (5011 bytes, checkpointDuration=8 ms, finalizationTime=0 ms).
flink-identity-1                | [SourceCoordinator-Source: kafka-source] INFO org.apache.flink.runtime.source.coordinator.SourceCoordinator - Marking checkpoint 115 as completed for source Source: kafka-source.
flink-identity-1                | [Checkpoint Timer] INFO org.apache.flink.runtime.checkpoint.CheckpointCoordinator - Triggering checkpoint 116 (type=CheckpointType{name='Checkpoint', sharingFilesStrategy=FORWARD_BACKWARD}) @ 1784315281743 for job 685071a0544567112a6ecd8db0ecbc0f.
flink-identity-1                | [TumblingEventTimeWindows -> kafka-sink: Writer -> kafka-sink: Committer (1/1)#0] INFO org.apache.flink.connector.kafka.sink.internal.FlinkKafkaInternalProducer - Flushing new partitions
flink-identity-1                | [TumblingEventTimeWindows -> kafka-sink: Writer -> kafka-sink: Committer (1/1)#0] WARN org.apache.flink.metrics.MetricGroup - Name collision: Group already contains a Metric with the name 'pendingCommittables'. Metric will not be reported.[, taskmanager, d44d9eab-0b38-467a-a923-d7180ca87ff1, stream-state-bench-flink-tumbling_count, kafka-sink: Committer, 0]
flink-identity-1                | [TumblingEventTimeWindows -> kafka-sink: Writer -> kafka-sink: Committer (1/1)#0] INFO org.apache.kafka.clients.producer.internals.TransactionManager - [Producer clientId=producer-stream-state-bench-flink-w3-latency-tuning_control-0-1, transactionalId=stream-state-bench-flink-w3-latency-tuning_control-0-1] Invoking InitProducerId for the first time in order to acquire a producer ID
flink-identity-1                | [kafka-producer-network-thread | producer-stream-state-bench-flink-w3-latency-tuning_control-0-1] INFO org.apache.kafka.clients.producer.internals.TransactionManager - [Producer clientId=producer-stream-state-bench-flink-w3-latency-tuning_control-0-1, transactionalId=stream-state-bench-flink-w3-latency-tuning_control-0-1] ProducerId set to 117 with epoch 0
flink-identity-1                | [jobmanager-io-thread-3] INFO org.apache.flink.runtime.checkpoint.CheckpointCoordinator - Completed checkpoint 116 for job 685071a0544567112a6ecd8db0ecbc0f (5011 bytes, checkpointDuration=13 ms, finalizationTime=1 ms).
flink-identity-1                | [SourceCoordinator-Source: kafka-source] INFO org.apache.flink.runtime.source.coordinator.SourceCoordinator - Marking checkpoint 116 as completed for source Source: kafka-source.
flink-identity-1                | [Checkpoint Timer] INFO org.apache.flink.runtime.checkpoint.CheckpointCoordinator - Triggering checkpoint 117 (type=CheckpointType{name='Checkpoint', sharingFilesStrategy=FORWARD_BACKWARD}) @ 1784315282743 for job 685071a0544567112a6ecd8db0ecbc0f.
flink-identity-1                | [TumblingEventTimeWindows -> kafka-sink: Writer -> kafka-sink: Committer (1/1)#0] INFO org.apache.flink.connector.kafka.sink.internal.FlinkKafkaInternalProducer - Flushing new partitions
flink-identity-1                | [TumblingEventTimeWindows -> kafka-sink: Writer -> kafka-sink: Committer (1/1)#0] WARN org.apache.flink.metrics.MetricGroup - Name collision: Group already contains a Metric with the name 'pendingCommittables'. Metric will not be reported.[, taskmanager, d44d9eab-0b38-467a-a923-d7180ca87ff1, stream-state-bench-flink-tumbling_count, kafka-sink: Committer, 0]
flink-identity-1                | [TumblingEventTimeWindows -> kafka-sink: Writer -> kafka-sink: Committer (1/1)#0] INFO org.apache.kafka.clients.producer.internals.TransactionManager - [Producer clientId=producer-stream-state-bench-flink-w3-latency-tuning_control-0-13, transactionalId=stream-state-bench-flink-w3-latency-tuning_control-0-13] Invoking InitProducerId for the first time in order to acquire a producer ID
flink-identity-1                | [kafka-producer-network-thread | producer-stream-state-bench-flink-w3-latency-tuning_control-0-13] INFO org.apache.kafka.clients.producer.internals.TransactionManager - [Producer clientId=producer-stream-state-bench-flink-w3-latency-tuning_control-0-13, transactionalId=stream-state-bench-flink-w3-latency-tuning_control-0-13] ProducerId set to 118 with epoch 0
flink-identity-1                | [jobmanager-io-thread-9] INFO org.apache.flink.runtime.checkpoint.CheckpointCoordinator - Completed checkpoint 117 for job 685071a0544567112a6ecd8db0ecbc0f (5011 bytes, checkpointDuration=8 ms, finalizationTime=0 ms).
flink-identity-1                | [SourceCoordinator-Source: kafka-source] INFO org.apache.flink.runtime.source.coordinator.SourceCoordinator - Marking checkpoint 117 as completed for source Source: kafka-source.
flink-identity-1                | [Checkpoint Timer] INFO org.apache.flink.runtime.checkpoint.CheckpointCoordinator - Triggering checkpoint 118 (type=CheckpointType{name='Checkpoint', sharingFilesStrategy=FORWARD_BACKWARD}) @ 1784315283743 for job 685071a0544567112a6ecd8db0ecbc0f.
flink-identity-1                | [TumblingEventTimeWindows -> kafka-sink: Writer -> kafka-sink: Committer (1/1)#0] INFO org.apache.flink.connector.kafka.sink.internal.FlinkKafkaInternalProducer - Flushing new partitions
flink-identity-1                | [TumblingEventTimeWindows -> kafka-sink: Writer -> kafka-sink: Committer (1/1)#0] WARN org.apache.flink.metrics.MetricGroup - Name collision: Group already contains a Metric with the name 'pendingCommittables'. Metric will not be reported.[, taskmanager, d44d9eab-0b38-467a-a923-d7180ca87ff1, stream-state-bench-flink-tumbling_count, kafka-sink: Committer, 0]
flink-identity-1                | [TumblingEventTimeWindows -> kafka-sink: Writer -> kafka-sink: Committer (1/1)#0] INFO org.apache.kafka.clients.producer.internals.TransactionManager - [Producer clientId=producer-stream-state-bench-flink-w3-latency-tuning_control-0-1, transactionalId=stream-state-bench-flink-w3-latency-tuning_control-0-1] Invoking InitProducerId for the first time in order to acquire a producer ID
flink-identity-1                | [kafka-producer-network-thread | producer-stream-state-bench-flink-w3-latency-tuning_control-0-1] INFO org.apache.kafka.clients.producer.internals.TransactionManager - [Producer clientId=producer-stream-state-bench-flink-w3-latency-tuning_control-0-1, transactionalId=stream-state-bench-flink-w3-latency-tuning_control-0-1] ProducerId set to 119 with epoch 0
flink-identity-1                | [jobmanager-io-thread-10] INFO org.apache.flink.runtime.checkpoint.CheckpointCoordinator - Completed checkpoint 118 for job 685071a0544567112a6ecd8db0ecbc0f (5011 bytes, checkpointDuration=9 ms, finalizationTime=0 ms).
flink-identity-1                | [SourceCoordinator-Source: kafka-source] INFO org.apache.flink.runtime.source.coordinator.SourceCoordinator - Marking checkpoint 118 as completed for source Source: kafka-source.
flink-identity-1                | [Checkpoint Timer] INFO org.apache.flink.runtime.checkpoint.CheckpointCoordinator - Triggering checkpoint 119 (type=CheckpointType{name='Checkpoint', sharingFilesStrategy=FORWARD_BACKWARD}) @ 1784315284743 for job 685071a0544567112a6ecd8db0ecbc0f.
flink-identity-1                | [TumblingEventTimeWindows -> kafka-sink: Writer -> kafka-sink: Committer (1/1)#0] INFO org.apache.flink.connector.kafka.sink.internal.FlinkKafkaInternalProducer - Flushing new partitions
flink-identity-1                | [TumblingEventTimeWindows -> kafka-sink: Writer -> kafka-sink: Committer (1/1)#0] WARN org.apache.flink.metrics.MetricGroup - Name collision: Group already contains a Metric with the name 'pendingCommittables'. Metric will not be reported.[, taskmanager, d44d9eab-0b38-467a-a923-d7180ca87ff1, stream-state-bench-flink-tumbling_count, kafka-sink: Committer, 0]
flink-identity-1                | [TumblingEventTimeWindows -> kafka-sink: Writer -> kafka-sink: Committer (1/1)#0] INFO org.apache.kafka.clients.producer.internals.TransactionManager - [Producer clientId=producer-stream-state-bench-flink-w3-latency-tuning_control-0-13, transactionalId=stream-state-bench-flink-w3-latency-tuning_control-0-13] Invoking InitProducerId for the first time in order to acquire a producer ID
flink-identity-1                | [kafka-producer-network-thread | producer-stream-state-bench-flink-w3-latency-tuning_control-0-13] INFO org.apache.kafka.clients.producer.internals.TransactionManager - [Producer clientId=producer-stream-state-bench-flink-w3-latency-tuning_control-0-13, transactionalId=stream-state-bench-flink-w3-latency-tuning_control-0-13] ProducerId set to 120 with epoch 0
flink-identity-1                | [jobmanager-io-thread-16] INFO org.apache.flink.runtime.checkpoint.CheckpointCoordinator - Completed checkpoint 119 for job 685071a0544567112a6ecd8db0ecbc0f (5011 bytes, checkpointDuration=8 ms, finalizationTime=1 ms).
flink-identity-1                | [SourceCoordinator-Source: kafka-source] INFO org.apache.flink.runtime.source.coordinator.SourceCoordinator - Marking checkpoint 119 as completed for source Source: kafka-source.
flink-identity-1                | [Checkpoint Timer] INFO org.apache.flink.runtime.checkpoint.CheckpointCoordinator - Triggering checkpoint 120 (type=CheckpointType{name='Checkpoint', sharingFilesStrategy=FORWARD_BACKWARD}) @ 1784315285743 for job 685071a0544567112a6ecd8db0ecbc0f.
flink-identity-1                | [TumblingEventTimeWindows -> kafka-sink: Writer -> kafka-sink: Committer (1/1)#0] INFO org.apache.flink.connector.kafka.sink.internal.FlinkKafkaInternalProducer - Flushing new partitions
flink-identity-1                | [TumblingEventTimeWindows -> kafka-sink: Writer -> kafka-sink: Committer (1/1)#0] WARN org.apache.flink.metrics.MetricGroup - Name collision: Group already contains a Metric with the name 'pendingCommittables'. Metric will not be reported.[, taskmanager, d44d9eab-0b38-467a-a923-d7180ca87ff1, stream-state-bench-flink-tumbling_count, kafka-sink: Committer, 0]
flink-identity-1                | [TumblingEventTimeWindows -> kafka-sink: Writer -> kafka-sink: Committer (1/1)#0] INFO org.apache.kafka.clients.producer.internals.TransactionManager - [Producer clientId=producer-stream-state-bench-flink-w3-latency-tuning_control-0-1, transactionalId=stream-state-bench-flink-w3-latency-tuning_control-0-1] Invoking InitProducerId for the first time in order to acquire a producer ID
flink-identity-1                | [kafka-producer-network-thread | producer-stream-state-bench-flink-w3-latency-tuning_control-0-1] INFO org.apache.kafka.clients.producer.internals.TransactionManager - [Producer clientId=producer-stream-state-bench-flink-w3-latency-tuning_control-0-1, transactionalId=stream-state-bench-flink-w3-latency-tuning_control-0-1] ProducerId set to 121 with epoch 0
flink-identity-1                | [jobmanager-io-thread-15] INFO org.apache.flink.runtime.checkpoint.CheckpointCoordinator - Completed checkpoint 120 for job 685071a0544567112a6ecd8db0ecbc0f (5011 bytes, checkpointDuration=8 ms, finalizationTime=0 ms).
flink-identity-1                | [SourceCoordinator-Source: kafka-source] INFO org.apache.flink.runtime.source.coordinator.SourceCoordinator - Marking checkpoint 120 as completed for source Source: kafka-source.
flink-identity-1                | [Checkpoint Timer] INFO org.apache.flink.runtime.checkpoint.CheckpointCoordinator - Triggering checkpoint 121 (type=CheckpointType{name='Checkpoint', sharingFilesStrategy=FORWARD_BACKWARD}) @ 1784315286742 for job 685071a0544567112a6ecd8db0ecbc0f.
flink-identity-1                | [TumblingEventTimeWindows -> kafka-sink: Writer -> kafka-sink: Committer (1/1)#0] INFO org.apache.flink.connector.kafka.sink.internal.FlinkKafkaInternalProducer - Flushing new partitions
flink-identity-1                | [TumblingEventTimeWindows -> kafka-sink: Writer -> kafka-sink: Committer (1/1)#0] WARN org.apache.flink.metrics.MetricGroup - Name collision: Group already contains a Metric with the name 'pendingCommittables'. Metric will not be reported.[, taskmanager, d44d9eab-0b38-467a-a923-d7180ca87ff1, stream-state-bench-flink-tumbling_count, kafka-sink: Committer, 0]
flink-identity-1                | [TumblingEventTimeWindows -> kafka-sink: Writer -> kafka-sink: Committer (1/1)#0] INFO org.apache.kafka.clients.producer.internals.TransactionManager - [Producer clientId=producer-stream-state-bench-flink-w3-latency-tuning_control-0-13, transactionalId=stream-state-bench-flink-w3-latency-tuning_control-0-13] Invoking InitProducerId for the first time in order to acquire a producer ID
flink-identity-1                | [kafka-producer-network-thread | producer-stream-state-bench-flink-w3-latency-tuning_control-0-13] INFO org.apache.kafka.clients.producer.internals.TransactionManager - [Producer clientId=producer-stream-state-bench-flink-w3-latency-tuning_control-0-13, transactionalId=stream-state-bench-flink-w3-latency-tuning_control-0-13] ProducerId set to 122 with epoch 0
flink-identity-1                | [jobmanager-io-thread-7] INFO org.apache.flink.runtime.checkpoint.CheckpointCoordinator - Completed checkpoint 121 for job 685071a0544567112a6ecd8db0ecbc0f (5011 bytes, checkpointDuration=9 ms, finalizationTime=0 ms).
flink-identity-1                | [SourceCoordinator-Source: kafka-source] INFO org.apache.flink.runtime.source.coordinator.SourceCoordinator - Marking checkpoint 121 as completed for source Source: kafka-source.
flink-identity-1                | [Checkpoint Timer] INFO org.apache.flink.runtime.checkpoint.CheckpointCoordinator - Triggering checkpoint 122 (type=CheckpointType{name='Checkpoint', sharingFilesStrategy=FORWARD_BACKWARD}) @ 1784315287742 for job 685071a0544567112a6ecd8db0ecbc0f.
flink-identity-1                | [TumblingEventTimeWindows -> kafka-sink: Writer -> kafka-sink: Committer (1/1)#0] INFO org.apache.flink.connector.kafka.sink.internal.FlinkKafkaInternalProducer - Flushing new partitions
flink-identity-1                | [TumblingEventTimeWindows -> kafka-sink: Writer -> kafka-sink: Committer (1/1)#0] WARN org.apache.flink.metrics.MetricGroup - Name collision: Group already contains a Metric with the name 'pendingCommittables'. Metric will not be reported.[, taskmanager, d44d9eab-0b38-467a-a923-d7180ca87ff1, stream-state-bench-flink-tumbling_count, kafka-sink: Committer, 0]
flink-identity-1                | [TumblingEventTimeWindows -> kafka-sink: Writer -> kafka-sink: Committer (1/1)#0] INFO org.apache.kafka.clients.producer.internals.TransactionManager - [Producer clientId=producer-stream-state-bench-flink-w3-latency-tuning_control-0-1, transactionalId=stream-state-bench-flink-w3-latency-tuning_control-0-1] Invoking InitProducerId for the first time in order to acquire a producer ID
flink-identity-1                | [kafka-producer-network-thread | producer-stream-state-bench-flink-w3-latency-tuning_control-0-1] INFO org.apache.kafka.clients.producer.internals.TransactionManager - [Producer clientId=producer-stream-state-bench-flink-w3-latency-tuning_control-0-1, transactionalId=stream-state-bench-flink-w3-latency-tuning_control-0-1] ProducerId set to 123 with epoch 0
flink-identity-1                | [jobmanager-io-thread-1] INFO org.apache.flink.runtime.checkpoint.CheckpointCoordinator - Completed checkpoint 122 for job 685071a0544567112a6ecd8db0ecbc0f (5011 bytes, checkpointDuration=9 ms, finalizationTime=0 ms).
flink-identity-1                | [SourceCoordinator-Source: kafka-source] INFO org.apache.flink.runtime.source.coordinator.SourceCoordinator - Marking checkpoint 122 as completed for source Source: kafka-source.
flink-identity-1                | [Checkpoint Timer] INFO org.apache.flink.runtime.checkpoint.CheckpointCoordinator - Triggering checkpoint 123 (type=CheckpointType{name='Checkpoint', sharingFilesStrategy=FORWARD_BACKWARD}) @ 1784315288743 for job 685071a0544567112a6ecd8db0ecbc0f.
flink-identity-1                | [TumblingEventTimeWindows -> kafka-sink: Writer -> kafka-sink: Committer (1/1)#0] INFO org.apache.flink.connector.kafka.sink.internal.FlinkKafkaInternalProducer - Flushing new partitions
flink-identity-1                | [TumblingEventTimeWindows -> kafka-sink: Writer -> kafka-sink: Committer (1/1)#0] WARN org.apache.flink.metrics.MetricGroup - Name collision: Group already contains a Metric with the name 'pendingCommittables'. Metric will not be reported.[, taskmanager, d44d9eab-0b38-467a-a923-d7180ca87ff1, stream-state-bench-flink-tumbling_count, kafka-sink: Committer, 0]
flink-identity-1                | [TumblingEventTimeWindows -> kafka-sink: Writer -> kafka-sink: Committer (1/1)#0] INFO org.apache.kafka.clients.producer.internals.TransactionManager - [Producer clientId=producer-stream-state-bench-flink-w3-latency-tuning_control-0-13, transactionalId=stream-state-bench-flink-w3-latency-tuning_control-0-13] Invoking InitProducerId for the first time in order to acquire a producer ID
flink-identity-1                | [kafka-producer-network-thread | producer-stream-state-bench-flink-w3-latency-tuning_control-0-13] INFO org.apache.kafka.clients.producer.internals.TransactionManager - [Producer clientId=producer-stream-state-bench-flink-w3-latency-tuning_control-0-13, transactionalId=stream-state-bench-flink-w3-latency-tuning_control-0-13] ProducerId set to 124 with epoch 0
flink-identity-1                | [jobmanager-io-thread-2] INFO org.apache.flink.runtime.checkpoint.CheckpointCoordinator - Completed checkpoint 123 for job 685071a0544567112a6ecd8db0ecbc0f (5011 bytes, checkpointDuration=11 ms, finalizationTime=1 ms).
flink-identity-1                | [SourceCoordinator-Source: kafka-source] INFO org.apache.flink.runtime.source.coordinator.SourceCoordinator - Marking checkpoint 123 as completed for source Source: kafka-source.
flink-identity-1                | [Checkpoint Timer] INFO org.apache.flink.runtime.checkpoint.CheckpointCoordinator - Triggering checkpoint 124 (type=CheckpointType{name='Checkpoint', sharingFilesStrategy=FORWARD_BACKWARD}) @ 1784315289743 for job 685071a0544567112a6ecd8db0ecbc0f.
flink-identity-1                | [TumblingEventTimeWindows -> kafka-sink: Writer -> kafka-sink: Committer (1/1)#0] INFO org.apache.flink.connector.kafka.sink.internal.FlinkKafkaInternalProducer - Flushing new partitions
flink-identity-1                | [TumblingEventTimeWindows -> kafka-sink: Writer -> kafka-sink: Committer (1/1)#0] WARN org.apache.flink.metrics.MetricGroup - Name collision: Group already contains a Metric with the name 'pendingCommittables'. Metric will not be reported.[, taskmanager, d44d9eab-0b38-467a-a923-d7180ca87ff1, stream-state-bench-flink-tumbling_count, kafka-sink: Committer, 0]
flink-identity-1                | [TumblingEventTimeWindows -> kafka-sink: Writer -> kafka-sink: Committer (1/1)#0] INFO org.apache.kafka.clients.producer.internals.TransactionManager - [Producer clientId=producer-stream-state-bench-flink-w3-latency-tuning_control-0-1, transactionalId=stream-state-bench-flink-w3-latency-tuning_control-0-1] Invoking InitProducerId for the first time in order to acquire a producer ID
flink-identity-1                | [kafka-producer-network-thread | producer-stream-state-bench-flink-w3-latency-tuning_control-0-1] INFO org.apache.kafka.clients.producer.internals.TransactionManager - [Producer clientId=producer-stream-state-bench-flink-w3-latency-tuning_control-0-1, transactionalId=stream-state-bench-flink-w3-latency-tuning_control-0-1] ProducerId set to 125 with epoch 0
flink-identity-1                | [jobmanager-io-thread-14] INFO org.apache.flink.runtime.checkpoint.CheckpointCoordinator - Completed checkpoint 124 for job 685071a0544567112a6ecd8db0ecbc0f (5011 bytes, checkpointDuration=7 ms, finalizationTime=1 ms).
flink-identity-1                | [SourceCoordinator-Source: kafka-source] INFO org.apache.flink.runtime.source.coordinator.SourceCoordinator - Marking checkpoint 124 as completed for source Source: kafka-source.
flink-identity-1                | [Checkpoint Timer] INFO org.apache.flink.runtime.checkpoint.CheckpointCoordinator - Triggering checkpoint 125 (type=CheckpointType{name='Checkpoint', sharingFilesStrategy=FORWARD_BACKWARD}) @ 1784315290743 for job 685071a0544567112a6ecd8db0ecbc0f.
flink-identity-1                | [TumblingEventTimeWindows -> kafka-sink: Writer -> kafka-sink: Committer (1/1)#0] INFO org.apache.flink.connector.kafka.sink.internal.FlinkKafkaInternalProducer - Flushing new partitions
flink-identity-1                | [TumblingEventTimeWindows -> kafka-sink: Writer -> kafka-sink: Committer (1/1)#0] WARN org.apache.flink.metrics.MetricGroup - Name collision: Group already contains a Metric with the name 'pendingCommittables'. Metric will not be reported.[, taskmanager, d44d9eab-0b38-467a-a923-d7180ca87ff1, stream-state-bench-flink-tumbling_count, kafka-sink: Committer, 0]
flink-identity-1                | [TumblingEventTimeWindows -> kafka-sink: Writer -> kafka-sink: Committer (1/1)#0] INFO org.apache.kafka.clients.producer.internals.TransactionManager - [Producer clientId=producer-stream-state-bench-flink-w3-latency-tuning_control-0-13, transactionalId=stream-state-bench-flink-w3-latency-tuning_control-0-13] Invoking InitProducerId for the first time in order to acquire a producer ID
flink-identity-1                | [kafka-producer-network-thread | producer-stream-state-bench-flink-w3-latency-tuning_control-0-13] INFO org.apache.kafka.clients.producer.internals.TransactionManager - [Producer clientId=producer-stream-state-bench-flink-w3-latency-tuning_control-0-13, transactionalId=stream-state-bench-flink-w3-latency-tuning_control-0-13] ProducerId set to 126 with epoch 0
flink-identity-1                | [jobmanager-io-thread-5] INFO org.apache.flink.runtime.checkpoint.CheckpointCoordinator - Completed checkpoint 125 for job 685071a0544567112a6ecd8db0ecbc0f (5011 bytes, checkpointDuration=7 ms, finalizationTime=1 ms).
flink-identity-1                | [SourceCoordinator-Source: kafka-source] INFO org.apache.flink.runtime.source.coordinator.SourceCoordinator - Marking checkpoint 125 as completed for source Source: kafka-source.
flink-identity-1                | [Checkpoint Timer] INFO org.apache.flink.runtime.checkpoint.CheckpointCoordinator - Triggering checkpoint 126 (type=CheckpointType{name='Checkpoint', sharingFilesStrategy=FORWARD_BACKWARD}) @ 1784315291743 for job 685071a0544567112a6ecd8db0ecbc0f.
flink-identity-1                | [TumblingEventTimeWindows -> kafka-sink: Writer -> kafka-sink: Committer (1/1)#0] INFO org.apache.flink.connector.kafka.sink.internal.FlinkKafkaInternalProducer - Flushing new partitions
flink-identity-1                | [TumblingEventTimeWindows -> kafka-sink: Writer -> kafka-sink: Committer (1/1)#0] WARN org.apache.flink.metrics.MetricGroup - Name collision: Group already contains a Metric with the name 'pendingCommittables'. Metric will not be reported.[, taskmanager, d44d9eab-0b38-467a-a923-d7180ca87ff1, stream-state-bench-flink-tumbling_count, kafka-sink: Committer, 0]
flink-identity-1                | [TumblingEventTimeWindows -> kafka-sink: Writer -> kafka-sink: Committer (1/1)#0] INFO org.apache.kafka.clients.producer.internals.TransactionManager - [Producer clientId=producer-stream-state-bench-flink-w3-latency-tuning_control-0-1, transactionalId=stream-state-bench-flink-w3-latency-tuning_control-0-1] Invoking InitProducerId for the first time in order to acquire a producer ID
flink-identity-1                | [kafka-producer-network-thread | producer-stream-state-bench-flink-w3-latency-tuning_control-0-1] INFO org.apache.kafka.clients.producer.internals.TransactionManager - [Producer clientId=producer-stream-state-bench-flink-w3-latency-tuning_control-0-1, transactionalId=stream-state-bench-flink-w3-latency-tuning_control-0-1] ProducerId set to 127 with epoch 0
flink-identity-1                | [jobmanager-io-thread-8] INFO org.apache.flink.runtime.checkpoint.CheckpointCoordinator - Completed checkpoint 126 for job 685071a0544567112a6ecd8db0ecbc0f (5011 bytes, checkpointDuration=8 ms, finalizationTime=0 ms).
flink-identity-1                | [SourceCoordinator-Source: kafka-source] INFO org.apache.flink.runtime.source.coordinator.SourceCoordinator - Marking checkpoint 126 as completed for source Source: kafka-source.
flink-identity-1                | [Checkpoint Timer] INFO org.apache.flink.runtime.checkpoint.CheckpointCoordinator - Triggering checkpoint 127 (type=CheckpointType{name='Checkpoint', sharingFilesStrategy=FORWARD_BACKWARD}) @ 1784315292743 for job 685071a0544567112a6ecd8db0ecbc0f.
flink-identity-1                | [TumblingEventTimeWindows -> kafka-sink: Writer -> kafka-sink: Committer (1/1)#0] INFO org.apache.flink.connector.kafka.sink.internal.FlinkKafkaInternalProducer - Flushing new partitions
flink-identity-1                | [TumblingEventTimeWindows -> kafka-sink: Writer -> kafka-sink: Committer (1/1)#0] WARN org.apache.flink.metrics.MetricGroup - Name collision: Group already contains a Metric with the name 'pendingCommittables'. Metric will not be reported.[, taskmanager, d44d9eab-0b38-467a-a923-d7180ca87ff1, stream-state-bench-flink-tumbling_count, kafka-sink: Committer, 0]
flink-identity-1                | [TumblingEventTimeWindows -> kafka-sink: Writer -> kafka-sink: Committer (1/1)#0] INFO org.apache.kafka.clients.producer.internals.TransactionManager - [Producer clientId=producer-stream-state-bench-flink-w3-latency-tuning_control-0-13, transactionalId=stream-state-bench-flink-w3-latency-tuning_control-0-13] Invoking InitProducerId for the first time in order to acquire a producer ID
flink-identity-1                | [kafka-producer-network-thread | producer-stream-state-bench-flink-w3-latency-tuning_control-0-13] INFO org.apache.kafka.clients.producer.internals.TransactionManager - [Producer clientId=producer-stream-state-bench-flink-w3-latency-tuning_control-0-13, transactionalId=stream-state-bench-flink-w3-latency-tuning_control-0-13] ProducerId set to 128 with epoch 0
flink-identity-1                | [jobmanager-io-thread-13] INFO org.apache.flink.runtime.checkpoint.CheckpointCoordinator - Completed checkpoint 127 for job 685071a0544567112a6ecd8db0ecbc0f (5011 bytes, checkpointDuration=8 ms, finalizationTime=1 ms).
flink-identity-1                | [SourceCoordinator-Source: kafka-source] INFO org.apache.flink.runtime.source.coordinator.SourceCoordinator - Marking checkpoint 127 as completed for source Source: kafka-source.
flink-identity-1                | [Checkpoint Timer] INFO org.apache.flink.runtime.checkpoint.CheckpointCoordinator - Triggering checkpoint 128 (type=CheckpointType{name='Checkpoint', sharingFilesStrategy=FORWARD_BACKWARD}) @ 1784315293742 for job 685071a0544567112a6ecd8db0ecbc0f.
flink-identity-1                | [TumblingEventTimeWindows -> kafka-sink: Writer -> kafka-sink: Committer (1/1)#0] INFO org.apache.flink.connector.kafka.sink.internal.FlinkKafkaInternalProducer - Flushing new partitions
flink-identity-1                | [TumblingEventTimeWindows -> kafka-sink: Writer -> kafka-sink: Committer (1/1)#0] WARN org.apache.flink.metrics.MetricGroup - Name collision: Group already contains a Metric with the name 'pendingCommittables'. Metric will not be reported.[, taskmanager, d44d9eab-0b38-467a-a923-d7180ca87ff1, stream-state-bench-flink-tumbling_count, kafka-sink: Committer, 0]
flink-identity-1                | [TumblingEventTimeWindows -> kafka-sink: Writer -> kafka-sink: Committer (1/1)#0] INFO org.apache.kafka.clients.producer.internals.TransactionManager - [Producer clientId=producer-stream-state-bench-flink-w3-latency-tuning_control-0-1, transactionalId=stream-state-bench-flink-w3-latency-tuning_control-0-1] Invoking InitProducerId for the first time in order to acquire a producer ID
flink-identity-1                | [kafka-producer-network-thread | producer-stream-state-bench-flink-w3-latency-tuning_control-0-1] INFO org.apache.kafka.clients.producer.internals.TransactionManager - [Producer clientId=producer-stream-state-bench-flink-w3-latency-tuning_control-0-1, transactionalId=stream-state-bench-flink-w3-latency-tuning_control-0-1] ProducerId set to 129 with epoch 0
flink-identity-1                | [jobmanager-io-thread-11] INFO org.apache.flink.runtime.checkpoint.CheckpointCoordinator - Completed checkpoint 128 for job 685071a0544567112a6ecd8db0ecbc0f (5011 bytes, checkpointDuration=13 ms, finalizationTime=0 ms).
flink-identity-1                | [SourceCoordinator-Source: kafka-source] INFO org.apache.flink.runtime.source.coordinator.SourceCoordinator - Marking checkpoint 128 as completed for source Source: kafka-source.
flink-identity-1                | [Checkpoint Timer] INFO org.apache.flink.runtime.checkpoint.CheckpointCoordinator - Triggering checkpoint 129 (type=CheckpointType{name='Checkpoint', sharingFilesStrategy=FORWARD_BACKWARD}) @ 1784315294742 for job 685071a0544567112a6ecd8db0ecbc0f.
flink-identity-1                | [TumblingEventTimeWindows -> kafka-sink: Writer -> kafka-sink: Committer (1/1)#0] INFO org.apache.flink.connector.kafka.sink.internal.FlinkKafkaInternalProducer - Flushing new partitions
flink-identity-1                | [TumblingEventTimeWindows -> kafka-sink: Writer -> kafka-sink: Committer (1/1)#0] WARN org.apache.flink.metrics.MetricGroup - Name collision: Group already contains a Metric with the name 'pendingCommittables'. Metric will not be reported.[, taskmanager, d44d9eab-0b38-467a-a923-d7180ca87ff1, stream-state-bench-flink-tumbling_count, kafka-sink: Committer, 0]
flink-identity-1                | [TumblingEventTimeWindows -> kafka-sink: Writer -> kafka-sink: Committer (1/1)#0] INFO org.apache.kafka.clients.producer.internals.TransactionManager - [Producer clientId=producer-stream-state-bench-flink-w3-latency-tuning_control-0-13, transactionalId=stream-state-bench-flink-w3-latency-tuning_control-0-13] Invoking InitProducerId for the first time in order to acquire a producer ID
flink-identity-1                | [kafka-producer-network-thread | producer-stream-state-bench-flink-w3-latency-tuning_control-0-13] INFO org.apache.kafka.clients.producer.internals.TransactionManager - [Producer clientId=producer-stream-state-bench-flink-w3-latency-tuning_control-0-13, transactionalId=stream-state-bench-flink-w3-latency-tuning_control-0-13] ProducerId set to 130 with epoch 0
flink-identity-1                | [jobmanager-io-thread-12] INFO org.apache.flink.runtime.checkpoint.CheckpointCoordinator - Completed checkpoint 129 for job 685071a0544567112a6ecd8db0ecbc0f (5011 bytes, checkpointDuration=8 ms, finalizationTime=1 ms).
flink-identity-1                | [SourceCoordinator-Source: kafka-source] INFO org.apache.flink.runtime.source.coordinator.SourceCoordinator - Marking checkpoint 129 as completed for source Source: kafka-source.
flink-identity-1                | [Checkpoint Timer] INFO org.apache.flink.runtime.checkpoint.CheckpointCoordinator - Triggering checkpoint 130 (type=CheckpointType{name='Checkpoint', sharingFilesStrategy=FORWARD_BACKWARD}) @ 1784315295742 for job 685071a0544567112a6ecd8db0ecbc0f.
flink-identity-1                | [TumblingEventTimeWindows -> kafka-sink: Writer -> kafka-sink: Committer (1/1)#0] INFO org.apache.flink.connector.kafka.sink.internal.FlinkKafkaInternalProducer - Flushing new partitions
flink-identity-1                | [TumblingEventTimeWindows -> kafka-sink: Writer -> kafka-sink: Committer (1/1)#0] WARN org.apache.flink.metrics.MetricGroup - Name collision: Group already contains a Metric with the name 'pendingCommittables'. Metric will not be reported.[, taskmanager, d44d9eab-0b38-467a-a923-d7180ca87ff1, stream-state-bench-flink-tumbling_count, kafka-sink: Committer, 0]
flink-identity-1                | [TumblingEventTimeWindows -> kafka-sink: Writer -> kafka-sink: Committer (1/1)#0] INFO org.apache.kafka.clients.producer.internals.TransactionManager - [Producer clientId=producer-stream-state-bench-flink-w3-latency-tuning_control-0-1, transactionalId=stream-state-bench-flink-w3-latency-tuning_control-0-1] Invoking InitProducerId for the first time in order to acquire a producer ID
flink-identity-1                | [kafka-producer-network-thread | producer-stream-state-bench-flink-w3-latency-tuning_control-0-1] INFO org.apache.kafka.clients.producer.internals.TransactionManager - [Producer clientId=producer-stream-state-bench-flink-w3-latency-tuning_control-0-1, transactionalId=stream-state-bench-flink-w3-latency-tuning_control-0-1] ProducerId set to 131 with epoch 0
flink-identity-1                | [jobmanager-io-thread-10] INFO org.apache.flink.runtime.checkpoint.CheckpointCoordinator - Completed checkpoint 130 for job 685071a0544567112a6ecd8db0ecbc0f (5011 bytes, checkpointDuration=8 ms, finalizationTime=0 ms).
flink-identity-1                | [SourceCoordinator-Source: kafka-source] INFO org.apache.flink.runtime.source.coordinator.SourceCoordinator - Marking checkpoint 130 as completed for source Source: kafka-source.
flink-identity-1                | [Checkpoint Timer] INFO org.apache.flink.runtime.checkpoint.CheckpointCoordinator - Triggering checkpoint 131 (type=CheckpointType{name='Checkpoint', sharingFilesStrategy=FORWARD_BACKWARD}) @ 1784315296743 for job 685071a0544567112a6ecd8db0ecbc0f.
flink-identity-1                | [TumblingEventTimeWindows -> kafka-sink: Writer -> kafka-sink: Committer (1/1)#0] INFO org.apache.flink.connector.kafka.sink.internal.FlinkKafkaInternalProducer - Flushing new partitions
flink-identity-1                | [TumblingEventTimeWindows -> kafka-sink: Writer -> kafka-sink: Committer (1/1)#0] WARN org.apache.flink.metrics.MetricGroup - Name collision: Group already contains a Metric with the name 'pendingCommittables'. Metric will not be reported.[, taskmanager, d44d9eab-0b38-467a-a923-d7180ca87ff1, stream-state-bench-flink-tumbling_count, kafka-sink: Committer, 0]
flink-identity-1                | [TumblingEventTimeWindows -> kafka-sink: Writer -> kafka-sink: Committer (1/1)#0] INFO org.apache.kafka.clients.producer.internals.TransactionManager - [Producer clientId=producer-stream-state-bench-flink-w3-latency-tuning_control-0-13, transactionalId=stream-state-bench-flink-w3-latency-tuning_control-0-13] Invoking InitProducerId for the first time in order to acquire a producer ID
flink-identity-1                | [kafka-producer-network-thread | producer-stream-state-bench-flink-w3-latency-tuning_control-0-13] INFO org.apache.kafka.clients.producer.internals.TransactionManager - [Producer clientId=producer-stream-state-bench-flink-w3-latency-tuning_control-0-13, transactionalId=stream-state-bench-flink-w3-latency-tuning_control-0-13] ProducerId set to 132 with epoch 0
flink-identity-1                | [jobmanager-io-thread-9] INFO org.apache.flink.runtime.checkpoint.CheckpointCoordinator - Completed checkpoint 131 for job 685071a0544567112a6ecd8db0ecbc0f (5011 bytes, checkpointDuration=7 ms, finalizationTime=1 ms).
flink-identity-1                | [SourceCoordinator-Source: kafka-source] INFO org.apache.flink.runtime.source.coordinator.SourceCoordinator - Marking checkpoint 131 as completed for source Source: kafka-source.
flink-identity-1                | [Checkpoint Timer] INFO org.apache.flink.runtime.checkpoint.CheckpointCoordinator - Triggering checkpoint 132 (type=CheckpointType{name='Checkpoint', sharingFilesStrategy=FORWARD_BACKWARD}) @ 1784315297743 for job 685071a0544567112a6ecd8db0ecbc0f.
flink-identity-1                | [TumblingEventTimeWindows -> kafka-sink: Writer -> kafka-sink: Committer (1/1)#0] INFO org.apache.flink.connector.kafka.sink.internal.FlinkKafkaInternalProducer - Flushing new partitions
flink-identity-1                | [TumblingEventTimeWindows -> kafka-sink: Writer -> kafka-sink: Committer (1/1)#0] WARN org.apache.flink.metrics.MetricGroup - Name collision: Group already contains a Metric with the name 'pendingCommittables'. Metric will not be reported.[, taskmanager, d44d9eab-0b38-467a-a923-d7180ca87ff1, stream-state-bench-flink-tumbling_count, kafka-sink: Committer, 0]
flink-identity-1                | [TumblingEventTimeWindows -> kafka-sink: Writer -> kafka-sink: Committer (1/1)#0] INFO org.apache.kafka.clients.producer.internals.TransactionManager - [Producer clientId=producer-stream-state-bench-flink-w3-latency-tuning_control-0-1, transactionalId=stream-state-bench-flink-w3-latency-tuning_control-0-1] Invoking InitProducerId for the first time in order to acquire a producer ID
flink-identity-1                | [kafka-producer-network-thread | producer-stream-state-bench-flink-w3-latency-tuning_control-0-1] INFO org.apache.kafka.clients.producer.internals.TransactionManager - [Producer clientId=producer-stream-state-bench-flink-w3-latency-tuning_control-0-1, transactionalId=stream-state-bench-flink-w3-latency-tuning_control-0-1] ProducerId set to 133 with epoch 0
flink-identity-1                | [jobmanager-io-thread-15] INFO org.apache.flink.runtime.checkpoint.CheckpointCoordinator - Completed checkpoint 132 for job 685071a0544567112a6ecd8db0ecbc0f (5011 bytes, checkpointDuration=8 ms, finalizationTime=0 ms).
flink-identity-1                | [SourceCoordinator-Source: kafka-source] INFO org.apache.flink.runtime.source.coordinator.SourceCoordinator - Marking checkpoint 132 as completed for source Source: kafka-source.
flink-identity-1                | [Checkpoint Timer] INFO org.apache.flink.runtime.checkpoint.CheckpointCoordinator - Triggering checkpoint 133 (type=CheckpointType{name='Checkpoint', sharingFilesStrategy=FORWARD_BACKWARD}) @ 1784315298743 for job 685071a0544567112a6ecd8db0ecbc0f.
flink-identity-1                | [TumblingEventTimeWindows -> kafka-sink: Writer -> kafka-sink: Committer (1/1)#0] INFO org.apache.flink.connector.kafka.sink.internal.FlinkKafkaInternalProducer - Flushing new partitions
flink-identity-1                | [TumblingEventTimeWindows -> kafka-sink: Writer -> kafka-sink: Committer (1/1)#0] WARN org.apache.flink.metrics.MetricGroup - Name collision: Group already contains a Metric with the name 'pendingCommittables'. Metric will not be reported.[, taskmanager, d44d9eab-0b38-467a-a923-d7180ca87ff1, stream-state-bench-flink-tumbling_count, kafka-sink: Committer, 0]
flink-identity-1                | [TumblingEventTimeWindows -> kafka-sink: Writer -> kafka-sink: Committer (1/1)#0] INFO org.apache.kafka.clients.producer.internals.TransactionManager - [Producer clientId=producer-stream-state-bench-flink-w3-latency-tuning_control-0-13, transactionalId=stream-state-bench-flink-w3-latency-tuning_control-0-13] Invoking InitProducerId for the first time in order to acquire a producer ID
flink-identity-1                | [kafka-producer-network-thread | producer-stream-state-bench-flink-w3-latency-tuning_control-0-13] INFO org.apache.kafka.clients.producer.internals.TransactionManager - [Producer clientId=producer-stream-state-bench-flink-w3-latency-tuning_control-0-13, transactionalId=stream-state-bench-flink-w3-latency-tuning_control-0-13] ProducerId set to 134 with epoch 0
flink-identity-1                | [jobmanager-io-thread-4] INFO org.apache.flink.runtime.checkpoint.CheckpointCoordinator - Completed checkpoint 133 for job 685071a0544567112a6ecd8db0ecbc0f (5011 bytes, checkpointDuration=7 ms, finalizationTime=1 ms).
flink-identity-1                | [SourceCoordinator-Source: kafka-source] INFO org.apache.flink.runtime.source.coordinator.SourceCoordinator - Marking checkpoint 133 as completed for source Source: kafka-source.
flink-identity-1                | [Checkpoint Timer] INFO org.apache.flink.runtime.checkpoint.CheckpointCoordinator - Triggering checkpoint 134 (type=CheckpointType{name='Checkpoint', sharingFilesStrategy=FORWARD_BACKWARD}) @ 1784315299743 for job 685071a0544567112a6ecd8db0ecbc0f.
flink-identity-1                | [TumblingEventTimeWindows -> kafka-sink: Writer -> kafka-sink: Committer (1/1)#0] INFO org.apache.flink.connector.kafka.sink.internal.FlinkKafkaInternalProducer - Flushing new partitions
flink-identity-1                | [TumblingEventTimeWindows -> kafka-sink: Writer -> kafka-sink: Committer (1/1)#0] WARN org.apache.flink.metrics.MetricGroup - Name collision: Group already contains a Metric with the name 'pendingCommittables'. Metric will not be reported.[, taskmanager, d44d9eab-0b38-467a-a923-d7180ca87ff1, stream-state-bench-flink-tumbling_count, kafka-sink: Committer, 0]
flink-identity-1                | [TumblingEventTimeWindows -> kafka-sink: Writer -> kafka-sink: Committer (1/1)#0] INFO org.apache.kafka.clients.producer.internals.TransactionManager - [Producer clientId=producer-stream-state-bench-flink-w3-latency-tuning_control-0-1, transactionalId=stream-state-bench-flink-w3-latency-tuning_control-0-1] Invoking InitProducerId for the first time in order to acquire a producer ID
flink-identity-1                | [kafka-producer-network-thread | producer-stream-state-bench-flink-w3-latency-tuning_control-0-1] INFO org.apache.kafka.clients.producer.internals.TransactionManager - [Producer clientId=producer-stream-state-bench-flink-w3-latency-tuning_control-0-1, transactionalId=stream-state-bench-flink-w3-latency-tuning_control-0-1] ProducerId set to 135 with epoch 0
flink-identity-1                | [jobmanager-io-thread-7] INFO org.apache.flink.runtime.checkpoint.CheckpointCoordinator - Completed checkpoint 134 for job 685071a0544567112a6ecd8db0ecbc0f (5011 bytes, checkpointDuration=8 ms, finalizationTime=0 ms).
flink-identity-1                | [SourceCoordinator-Source: kafka-source] INFO org.apache.flink.runtime.source.coordinator.SourceCoordinator - Marking checkpoint 134 as completed for source Source: kafka-source.
flink-identity-1                | [Checkpoint Timer] INFO org.apache.flink.runtime.checkpoint.CheckpointCoordinator - Triggering checkpoint 135 (type=CheckpointType{name='Checkpoint', sharingFilesStrategy=FORWARD_BACKWARD}) @ 1784315300743 for job 685071a0544567112a6ecd8db0ecbc0f.
flink-identity-1                | [TumblingEventTimeWindows -> kafka-sink: Writer -> kafka-sink: Committer (1/1)#0] INFO org.apache.flink.connector.kafka.sink.internal.FlinkKafkaInternalProducer - Flushing new partitions
flink-identity-1                | [TumblingEventTimeWindows -> kafka-sink: Writer -> kafka-sink: Committer (1/1)#0] WARN org.apache.flink.metrics.MetricGroup - Name collision: Group already contains a Metric with the name 'pendingCommittables'. Metric will not be reported.[, taskmanager, d44d9eab-0b38-467a-a923-d7180ca87ff1, stream-state-bench-flink-tumbling_count, kafka-sink: Committer, 0]
flink-identity-1                | [TumblingEventTimeWindows -> kafka-sink: Writer -> kafka-sink: Committer (1/1)#0] INFO org.apache.kafka.clients.producer.internals.TransactionManager - [Producer clientId=producer-stream-state-bench-flink-w3-latency-tuning_control-0-13, transactionalId=stream-state-bench-flink-w3-latency-tuning_control-0-13] Invoking InitProducerId for the first time in order to acquire a producer ID
flink-identity-1                | [kafka-producer-network-thread | producer-stream-state-bench-flink-w3-latency-tuning_control-0-13] INFO org.apache.kafka.clients.producer.internals.TransactionManager - [Producer clientId=producer-stream-state-bench-flink-w3-latency-tuning_control-0-13, transactionalId=stream-state-bench-flink-w3-latency-tuning_control-0-13] ProducerId set to 136 with epoch 0
flink-identity-1                | [jobmanager-io-thread-6] INFO org.apache.flink.runtime.checkpoint.CheckpointCoordinator - Completed checkpoint 135 for job 685071a0544567112a6ecd8db0ecbc0f (5011 bytes, checkpointDuration=9 ms, finalizationTime=0 ms).
flink-identity-1                | [SourceCoordinator-Source: kafka-source] INFO org.apache.flink.runtime.source.coordinator.SourceCoordinator - Marking checkpoint 135 as completed for source Source: kafka-source.
flink-identity-1                | [Checkpoint Timer] INFO org.apache.flink.runtime.checkpoint.CheckpointCoordinator - Triggering checkpoint 136 (type=CheckpointType{name='Checkpoint', sharingFilesStrategy=FORWARD_BACKWARD}) @ 1784315301743 for job 685071a0544567112a6ecd8db0ecbc0f.
flink-identity-1                | [TumblingEventTimeWindows -> kafka-sink: Writer -> kafka-sink: Committer (1/1)#0] INFO org.apache.flink.connector.kafka.sink.internal.FlinkKafkaInternalProducer - Flushing new partitions
flink-identity-1                | [TumblingEventTimeWindows -> kafka-sink: Writer -> kafka-sink: Committer (1/1)#0] WARN org.apache.flink.metrics.MetricGroup - Name collision: Group already contains a Metric with the name 'pendingCommittables'. Metric will not be reported.[, taskmanager, d44d9eab-0b38-467a-a923-d7180ca87ff1, stream-state-bench-flink-tumbling_count, kafka-sink: Committer, 0]
flink-identity-1                | [TumblingEventTimeWindows -> kafka-sink: Writer -> kafka-sink: Committer (1/1)#0] INFO org.apache.kafka.clients.producer.internals.TransactionManager - [Producer clientId=producer-stream-state-bench-flink-w3-latency-tuning_control-0-1, transactionalId=stream-state-bench-flink-w3-latency-tuning_control-0-1] Invoking InitProducerId for the first time in order to acquire a producer ID
flink-identity-1                | [kafka-producer-network-thread | producer-stream-state-bench-flink-w3-latency-tuning_control-0-1] INFO org.apache.kafka.clients.producer.internals.TransactionManager - [Producer clientId=producer-stream-state-bench-flink-w3-latency-tuning_control-0-1, transactionalId=stream-state-bench-flink-w3-latency-tuning_control-0-1] ProducerId set to 137 with epoch 0
flink-identity-1                | [jobmanager-io-thread-2] INFO org.apache.flink.runtime.checkpoint.CheckpointCoordinator - Completed checkpoint 136 for job 685071a0544567112a6ecd8db0ecbc0f (5011 bytes, checkpointDuration=7 ms, finalizationTime=1 ms).
flink-identity-1                | [SourceCoordinator-Source: kafka-source] INFO org.apache.flink.runtime.source.coordinator.SourceCoordinator - Marking checkpoint 136 as completed for source Source: kafka-source.
flink-identity-1                | [Checkpoint Timer] INFO org.apache.flink.runtime.checkpoint.CheckpointCoordinator - Triggering checkpoint 137 (type=CheckpointType{name='Checkpoint', sharingFilesStrategy=FORWARD_BACKWARD}) @ 1784315302743 for job 685071a0544567112a6ecd8db0ecbc0f.
flink-identity-1                | [TumblingEventTimeWindows -> kafka-sink: Writer -> kafka-sink: Committer (1/1)#0] INFO org.apache.flink.connector.kafka.sink.internal.FlinkKafkaInternalProducer - Flushing new partitions
flink-identity-1                | [TumblingEventTimeWindows -> kafka-sink: Writer -> kafka-sink: Committer (1/1)#0] WARN org.apache.flink.metrics.MetricGroup - Name collision: Group already contains a Metric with the name 'pendingCommittables'. Metric will not be reported.[, taskmanager, d44d9eab-0b38-467a-a923-d7180ca87ff1, stream-state-bench-flink-tumbling_count, kafka-sink: Committer, 0]
flink-identity-1                | [TumblingEventTimeWindows -> kafka-sink: Writer -> kafka-sink: Committer (1/1)#0] INFO org.apache.kafka.clients.producer.internals.TransactionManager - [Producer clientId=producer-stream-state-bench-flink-w3-latency-tuning_control-0-13, transactionalId=stream-state-bench-flink-w3-latency-tuning_control-0-13] Invoking InitProducerId for the first time in order to acquire a producer ID
flink-identity-1                | [kafka-producer-network-thread | producer-stream-state-bench-flink-w3-latency-tuning_control-0-13] INFO org.apache.kafka.clients.producer.internals.TransactionManager - [Producer clientId=producer-stream-state-bench-flink-w3-latency-tuning_control-0-13, transactionalId=stream-state-bench-flink-w3-latency-tuning_control-0-13] ProducerId set to 138 with epoch 0
flink-identity-1                | [jobmanager-io-thread-14] INFO org.apache.flink.runtime.checkpoint.CheckpointCoordinator - Completed checkpoint 137 for job 685071a0544567112a6ecd8db0ecbc0f (5011 bytes, checkpointDuration=8 ms, finalizationTime=0 ms).
flink-identity-1                | [SourceCoordinator-Source: kafka-source] INFO org.apache.flink.runtime.source.coordinator.SourceCoordinator - Marking checkpoint 137 as completed for source Source: kafka-source.
flink-identity-1                | [Checkpoint Timer] INFO org.apache.flink.runtime.checkpoint.CheckpointCoordinator - Triggering checkpoint 138 (type=CheckpointType{name='Checkpoint', sharingFilesStrategy=FORWARD_BACKWARD}) @ 1784315303742 for job 685071a0544567112a6ecd8db0ecbc0f.
flink-identity-1                | [TumblingEventTimeWindows -> kafka-sink: Writer -> kafka-sink: Committer (1/1)#0] INFO org.apache.flink.connector.kafka.sink.internal.FlinkKafkaInternalProducer - Flushing new partitions
flink-identity-1                | [TumblingEventTimeWindows -> kafka-sink: Writer -> kafka-sink: Committer (1/1)#0] WARN org.apache.flink.metrics.MetricGroup - Name collision: Group already contains a Metric with the name 'pendingCommittables'. Metric will not be reported.[, taskmanager, d44d9eab-0b38-467a-a923-d7180ca87ff1, stream-state-bench-flink-tumbling_count, kafka-sink: Committer, 0]
flink-identity-1                | [TumblingEventTimeWindows -> kafka-sink: Writer -> kafka-sink: Committer (1/1)#0] INFO org.apache.kafka.clients.producer.internals.TransactionManager - [Producer clientId=producer-stream-state-bench-flink-w3-latency-tuning_control-0-1, transactionalId=stream-state-bench-flink-w3-latency-tuning_control-0-1] Invoking InitProducerId for the first time in order to acquire a producer ID
flink-identity-1                | [kafka-producer-network-thread | producer-stream-state-bench-flink-w3-latency-tuning_control-0-1] INFO org.apache.kafka.clients.producer.internals.TransactionManager - [Producer clientId=producer-stream-state-bench-flink-w3-latency-tuning_control-0-1, transactionalId=stream-state-bench-flink-w3-latency-tuning_control-0-1] ProducerId set to 139 with epoch 0
flink-identity-1                | [jobmanager-io-thread-5] INFO org.apache.flink.runtime.checkpoint.CheckpointCoordinator - Completed checkpoint 138 for job 685071a0544567112a6ecd8db0ecbc0f (5011 bytes, checkpointDuration=9 ms, finalizationTime=0 ms).
flink-identity-1                | [SourceCoordinator-Source: kafka-source] INFO org.apache.flink.runtime.source.coordinator.SourceCoordinator - Marking checkpoint 138 as completed for source Source: kafka-source.
