event_id,t0_ms,t1_ms,t2_ms,t3_ms,write_to_input_append_latency_ms,input_append_to_result_emission_latency_ms,l_visibility_ms,l_closure_ms,latency_ms
ss-41-60000,1784514637863.322,1784514638066,1784514644563.0,1784514645477.1436,202.678,6497.0,914.144,1784513984563.0,7613.822
ss-19-60000,1784514642363.313,1784514643316,1784514644578.0,1784514645477.149,952.687,1262.0,899.149,1784513984578.0,3113.836
ss-7-60000,1784514641263.3186,1784514642265,1784514644579.0,1784514645477.1511,1001.681,2314.0,898.151,1784513984579.0,4213.833
ss-54-60000,1784514638963.3328,1784514639116,1784514644579.0,1784514645477.1526,152.667,5463.0,898.153,1784513984579.0,6513.82
ss-24-60000,1784514640613.3352,1784514641216,1784514644579.0,1784514645477.1538,602.665,3363.0,898.154,1784513984579.0,4863.819
ss-39-60000,1784514641763.3257,1784514642265,1784514644579.0,1784514645477.155,501.674,2314.0,898.155,1784513984579.0,3713.829
ss-12-60000,1784514627163.3125,1784514627566,1784514644579.0,1784514645477.1565,402.688,17013.0,898.156,1784513984579.0,18313.844
ss-2-60000,1784514641813.3264,1784514642265,1784514644580.0,1784514645477.1624,451.674,2315.0,897.162,1784513984580.0,3663.836
ss-21-60000,1784514639663.3218,1784514640165,1784514644580.0,1784514645477.164,501.678,4415.0,897.164,1784513984580.0,5813.842
ss-72-60000,1784514642863.3184,1784514643316,1784514644580.0,1784514645477.1653,452.682,1264.0,897.165,1784513984580.0,2613.847
ss-14-60000,1784514643213.3486,1784514643316,1784514644580.0,1784514645477.166,102.651,1264.0,897.166,1784513984580.0,2263.817
ss-91-60000,1784514642963.316,1784514643316,1784514644581.0,1784514645477.167,352.684,1265.0,896.167,1784513984581.0,2513.851
ss-98-60000,1784514635413.2905,1784514635966,1784514644581.0,1784514645477.1677,552.709,8615.0,896.168,1784513984581.0,10063.877
ss-16-60000,1784514643013.3418,1784514643316,1784514644581.0,1784514645477.1685,302.658,1265.0,896.168,1784513984581.0,2463.827
ss-28-60000,1784514643463.3235,1784514644365,1784514644582.0,1784514645477.1692,901.677,217.0,895.169,1784513984582.0,2013.846
ss-79-60000,1784514627913.3198,1784514628616,1784514644582.0,1784514645477.1702,702.68,15966.0,895.17,1784513984582.0,17563.85
ss-31-60000,1784514641613.3174,1784514642265,1784514644582.0,1784514645477.171,651.683,2317.0,895.171,1784513984582.0,3863.854
ss-50-60000,1784514642113.3264,1784514642265,1784514644582.0,1784514645477.1716,151.674,2317.0,895.172,1784513984582.0,3363.845
ss-63-60000,1784514640363.3174,1784514641216,1784514644582.0,1784514645477.1726,852.683,3366.0,895.173,1784513984582.0,5113.855
ss-51-60000,1784514641663.32,1784514642265,1784514644582.0,1784514645477.1733,601.68,2317.0,895.173,1784513984582.0,3813.853
ss-99-60000,1784514628263.318,1784514628616,1784514644582.0,1784514645477.18,352.682,15966.0,895.18,1784513984582.0,17213.862
ss-35-60000,1784514641313.3186,1784514642265,1784514644583.0,1784514645477.1804,951.681,2318.0,894.18,1784513984583.0,4163.862
ss-70-60000,1784514642713.3176,1784514643316,1784514644583.0,1784514645477.1812,602.682,1267.0,894.181,1784513984583.0,2763.864
ss-90-60000,1784514641913.3162,1784514642265,1784514644583.0,1784514645477.1816,351.684,2318.0,894.182,1784513984583.0,3563.865
ss-9-60000,1784514643263.3396,1784514643316,1784514644583.0,1784514645477.1821,52.66,1267.0,894.182,1784513984583.0,2213.843
ss-64-60000,1784514640313.318,1784514641216,1784514644583.0,1784514645477.1995,902.682,3367.0,894.199,1784513984583.0,5163.881
ss-80-60000,1784514637113.317,1784514638066,1784514644583.0,1784514645477.201,952.683,6517.0,894.201,1784513984583.0,8363.884
ss-59-60000,1784514642213.322,1784514642265,1784514644584.0,1784514645477.2017,51.678,2319.0,893.202,1784513984584.0,3263.88
ss-45-60000,1784514632113.3188,1784514632816,1784514644584.0,1784514645477.2026,702.681,11768.0,893.203,1784513984584.0,13363.884
ss-48-60000,1784514641163.315,1784514641216,1784514644584.0,1784514645477.2034,52.685,3368.0,893.203,1784513984584.0,4313.888
ss-58-60000,1784514642663.3276,1784514643316,1784514644584.0,1784514645477.204,652.672,1268.0,893.204,1784513984584.0,2813.876
ss-29-60000,1784514634013.3176,1784514634916,1784514644584.0,1784514645477.2048,902.682,9668.0,893.205,1784513984584.0,11463.887
ss-84-60000,1784514638613.317,1784514639116,1784514644584.0,1784514645477.2056,502.683,5468.0,893.206,1784513984584.0,6863.889
ss-74-60000,1784514643363.3223,1784514644365,1784514644585.0,1784514645477.2065,1001.678,220.0,892.207,1784513984585.0,2113.884
ss-38-60000,1784514643613.327,1784514644365,1784514644585.0,1784514645477.207,751.673,220.0,892.207,1784513984585.0,1863.88
ss-1-60000,1784514643563.329,1784514644365,1784514644585.0,1784514645477.208,801.671,220.0,892.208,1784513984585.0,1913.879
ss-23-60000,1784514624813.3027,1784514625466,1784514644585.0,1784514645477.2087,652.697,19119.0,892.209,1784513984585.0,20663.906
ss-75-60000,1784514642013.3242,1784514642265,1784514644585.0,1784514645477.2095,251.676,2320.0,892.209,1784513984585.0,3463.885
ss-33-60000,1784514640863.3235,1784514641216,1784514644585.0,1784514645477.2175,352.677,3369.0,892.218,1784513984585.0,4613.894
ss-4-60000,1784514642913.3203,1784514643316,1784514644586.0,1784514645477.2185,402.68,1270.0,891.219,1784513984586.0,2563.898
ss-6-60000,1784514639563.32,1784514640165,1784514644586.0,1784514645477.2192,601.68,4421.0,891.219,1784513984586.0,5913.899
ss-0-60000,1784514642063.322,1784514642265,1784514644586.0,1784514645477.2205,201.678,2321.0,891.22,1784513984586.0,3413.898
ss-10-60000,1784514639263.3232,1784514640165,1784514644586.0,1784514645477.2275,901.677,4421.0,891.228,1784513984586.0,6213.904
ss-47-60000,1784514638913.2974,1784514639116,1784514644586.0,1784514645477.2283,202.703,5470.0,891.228,1784513984586.0,6563.931
ss-65-60000,1784514638813.3188,1784514639116,1784514644586.0,1784514645477.2795,302.681,5470.0,891.28,1784513984586.0,6663.961
ss-71-60000,1784514626263.325,1784514626515,1784514644586.0,1784514645477.3162,251.675,18071.0,891.316,1784513984586.0,19213.991
ss-43-60000,1784514641213.3354,1784514641216,1784514644587.0,1784514645477.3171,2.665,3371.0,890.317,1784513984587.0,4263.982
ss-86-60000,1784514636113.3198,1784514637016,1784514644587.0,1784514645477.3552,902.68,7571.0,890.355,1784513984587.0,9364.035
ss-61-60000,1784514640063.318,1784514640165,1784514644587.0,1784514645477.3567,101.682,4422.0,890.357,1784513984587.0,5414.039
ss-57-60000,1784514642263.3271,1784514642265,1784514644587.0,1784514645477.3574,1.673,2322.0,890.357,1784513984587.0,3214.03
ss-26-60000,1784514639213.3186,1784514640165,1784514644587.0,1784514645477.3577,951.681,4422.0,890.358,1784513984587.0,6264.039
ss-83-60000,1784514639913.3333,1784514640165,1784514644587.0,1784514645477.3582,251.667,4422.0,890.358,1784513984587.0,5564.025
ss-68-60000,1784514634713.321,1784514634916,1784514644588.0,1784514645477.3652,202.679,9672.0,889.365,1784513984588.0,10764.044
ss-55-60000,1784514617963.2856,1784514618116,1784514644588.0,1784514645477.3662,152.714,26472.0,889.366,1784513984588.0,27514.081
ss-77-60000,1784514637063.321,1784514638066,1784514644588.0,1784514645477.4805,1002.679,6522.0,889.48,1784513984588.0,8414.159
ss-20-60000,1784514631763.3188,1784514631766,1784514644588.0,1784514645477.4822,2.681,12822.0,889.482,1784513984588.0,13714.163
ss-3-60000,1784514639013.345,1784514639116,1784514644588.0,1784514645477.483,102.655,5472.0,889.483,1784513984588.0,6464.138
ss-81-60000,1784514643113.3247,1784514643316,1784514644588.0,1784514645477.4834,202.675,1272.0,889.483,1784513984588.0,2364.159
ss-17-60000,1784514640563.3162,1784514641216,1784514644588.0,1784514645477.4841,652.684,3372.0,889.484,1784513984588.0,4914.168
ss-15-60000,1784514640163.3115,1784514640165,1784514644589.0,1784514645477.4849,1.688,4424.0,888.485,1784513984589.0,5314.173
ss-44-60000,1784514637713.3232,1784514638066,1784514644589.0,1784514645477.4854,352.677,6523.0,888.485,1784513984589.0,7764.162
ss-18-60000,1784514637663.3242,1784514638066,1784514644589.0,1784514645477.486,402.676,6523.0,888.486,1784513984589.0,7814.162
ss-96-60000,1784514639413.3203,1784514640165,1784514644589.0,1784514645477.4868,751.68,4424.0,888.487,1784513984589.0,6064.167
ss-95-60000,1784514635713.3179,1784514635966,1784514644589.0,1784514645477.8508,252.682,8623.0,888.851,1784513984589.0,9764.533
ss-94-60000,1784514639863.3254,1784514640165,1784514644589.0,1784514645477.8518,301.675,4424.0,888.852,1784513984589.0,5614.526
ss-8-60000,1784514638213.308,1784514639116,1784514644589.0,1784514645477.8555,902.692,5473.0,888.855,1784513984589.0,7264.547
ss-53-60000,1784514639713.333,1784514640165,1784514644590.0,1784514645477.856,451.667,4425.0,887.856,1784513984590.0,5764.523
ss-62-60000,1784514637513.3184,1784514638066,1784514644590.0,1784514645477.8564,552.682,6524.0,887.856,1784513984590.0,7964.538
ss-66-60000,1784514642413.319,1784514643316,1784514644590.0,1784514645477.8567,902.681,1274.0,887.857,1784513984590.0,3064.538
ss-5-60000,1784514642763.3225,1784514643316,1784514644590.0,1784514645477.8572,552.677,1274.0,887.857,1784513984590.0,2714.535
ss-67-60000,1784514643313.325,1784514643316,1784514644590.0,1784514645477.8577,2.675,1274.0,887.858,1784513984590.0,2164.533
ss-82-60000,1784514642563.327,1784514643316,1784514644590.0,1784514645477.8606,752.673,1274.0,887.861,1784513984590.0,2914.534
ss-69-60000,1784514630663.3364,1784514630715,1784514644590.0,1784514645477.861,51.664,13875.0,887.861,1784513984590.0,14814.525
ss-42-60000,1784514640463.3147,1784514641216,1784514644590.0,1784514645477.8613,752.685,3374.0,887.861,1784513984590.0,5014.547
ss-85-60000,1784514640113.3286,1784514640165,1784514644590.0,1784514645477.8645,51.671,4425.0,887.865,1784513984590.0,5364.536
ss-30-60000,1784514640813.3145,1784514641216,1784514644591.0,1784514645477.865,402.686,3375.0,886.865,1784513984591.0,4664.551
ss-92-60000,1784514642513.3196,1784514643316,1784514644591.0,1784514645477.8652,802.68,1275.0,886.865,1784513984591.0,2964.546
ss-46-60000,1784514641363.3235,1784514642265,1784514644591.0,1784514645477.8662,901.677,2326.0,886.866,1784513984591.0,4114.543
ss-73-60000,1784514617063.323,1784514617065,1784514644591.0,1784514645477.8665,1.677,27526.0,886.866,1784513984591.0,28414.543
ss-97-60000,1784514642613.323,1784514643316,1784514644591.0,1784514645477.867,702.677,1275.0,886.867,1784513984591.0,2864.544
ss-25-60000,1784514638013.3196,1784514638066,1784514644591.0,1784514645477.8672,52.68,6525.0,886.867,1784513984591.0,7464.548
ss-78-60000,1784514635463.32,1784514635966,1784514644591.0,1784514645477.8674,502.68,8625.0,886.867,1784513984591.0,10014.547
ss-40-60000,1784514637763.3257,1784514638066,1784514644591.0,1784514645477.868,302.674,6525.0,886.868,1784513984591.0,7714.542
ss-49-60000,1784514643413.3271,1784514644365,1784514644591.0,1784514645477.8682,951.673,226.0,886.868,1784513984591.0,2064.541
ss-88-60000,1784514636063.3367,1784514637016,1784514644592.0,1784514645477.8684,952.663,7576.0,885.868,1784513984592.0,9414.532
ss-22-60000,1784514630063.3252,1784514630715,1784514644592.0,1784514645477.869,651.675,13877.0,885.869,1784513984592.0,15414.544
ss-27-60000,1784514641513.3193,1784514642265,1784514644592.0,1784514645477.8694,751.681,2327.0,885.869,1784513984592.0,3964.55
ss-32-60000,1784514643063.3235,1784514643316,1784514644592.0,1784514645477.8696,252.677,1276.0,885.87,1784513984592.0,2414.546
ss-11-60000,1784514640763.3164,1784514641216,1784514644592.0,1784514645477.87,452.684,3376.0,885.87,1784513984592.0,4714.554
ss-87-60000,1784514642463.323,1784514643316,1784514644592.0,1784514645477.8767,852.677,1276.0,885.877,1784513984592.0,3014.554
ss-76-60000,1784514643513.32,1784514644365,1784514644592.0,1784514645477.8772,851.68,227.0,885.877,1784513984592.0,1964.557
ss-37-60000,1784514636563.3188,1784514637016,1784514644592.0,1784514645478.0564,452.681,7576.0,886.056,1784513984592.0,8914.738
ss-56-60000,1784514627763.3179,1784514628616,1784514644593.0,1784514645478.065,852.682,15977.0,885.065,1784513984593.0,17714.747
ss-34-60000,1784514641563.3145,1784514642265,1784514644593.0,1784514645478.0676,701.686,2328.0,885.068,1784513984593.0,3914.753
ss-60-60000,1784514641963.315,1784514642265,1784514644593.0,1784514645478.0684,301.685,2328.0,885.068,1784513984593.0,3514.753
ss-36-60000,1784514639763.318,1784514640165,1784514644593.0,1784514645478.069,401.682,4428.0,885.069,1784513984593.0,5714.751
ss-13-60000,1784514642313.3333,1784514643316,1784514644593.0,1784514645478.0696,1002.667,1277.0,885.07,1784513984593.0,3164.736
ss-89-60000,1784514643163.3215,1784514643316,1784514644593.0,1784514645478.07,152.678,1277.0,885.07,1784513984593.0,2314.749
ss-52-60000,1784514641063.317,1784514641216,1784514644593.0,1784514645478.0706,152.683,3377.0,885.071,1784513984593.0,4414.754
ss-93-60000,1784514639313.3164,1784514640165,1784514644593.0,1784514645478.071,851.684,4428.0,885.071,1784513984593.0,6164.755
ss-24-120000,1784514670813.3167,1784514671664,1784514673992.0,1784514674326.7444,850.683,2328.0,334.744,1784513953992.0,3513.428
ss-39-120000,1784514664963.321,1784514665365,1784514673992.0,1784514674326.748,401.679,8627.0,334.748,1784513953992.0,9363.427
ss-19-120000,1784514671063.3264,1784514671664,1784514673992.0,1784514674326.7495,600.674,2328.0,334.75,1784513953992.0,3263.423
ss-54-120000,1784514672863.314,1784514673765,1784514673992.0,1784514674326.7502,901.686,227.0,334.75,1784513953992.0,1463.436
ss-2-120000,1784514666813.325,1784514667465,1784514673992.0,1784514674326.7512,651.675,6527.0,334.751,1784513953992.0,7513.426
ss-21-120000,1784514670913.3206,1784514671664,1784514673992.0,1784514674326.7522,750.679,2328.0,334.752,1784513953992.0,3413.432
ss-12-120000,1784514668863.3037,1784514669565,1784514673992.0,1784514674326.7537,701.696,4427.0,334.754,1784513953992.0,5463.45
ss-72-120000,1784514660713.3137,1784514661165,1784514673993.0,1784514674326.7544,451.686,12828.0,333.754,1784513953993.0,13613.441
ss-14-120000,1784514668563.3223,1784514669565,1784514673993.0,1784514674326.7556,1001.678,4428.0,333.756,1784513953993.0,5763.433
ss-91-120000,1784514673513.3193,1784514673765,1784514673993.0,1784514674326.7585,251.681,228.0,333.759,1784513953993.0,813.439
ss-98-120000,1784514667413.3281,1784514667465,1784514673993.0,1784514674326.7593,51.672,6528.0,333.759,1784513953993.0,6913.431
ss-7-120000,1784514662063.3186,1784514662216,1784514673993.0,1784514674326.7644,152.681,11777.0,333.764,1784513953993.0,12263.446
ss-16-120000,1784514666563.3372,1784514667465,1784514673993.0,1784514674326.7764,901.663,6528.0,333.776,1784513953993.0,7763.439
ss-9-120000,1784514665113.3218,1784514665365,1784514673993.0,1784514674326.7776,251.678,8628.0,333.778,1784513953993.0,9213.456
ss-31-120000,1784514670563.3088,1784514670616,1784514673993.0,1784514674326.7783,52.691,3377.0,333.778,1784513953993.0,3763.469
ss-79-120000,1784514672963.3223,1784514673765,1784514673993.0,1784514674326.7788,801.678,228.0,333.779,1784513953993.0,1363.457
ss-50-120000,1784514668913.3171,1784514669565,1784514673993.0,1784514674326.7795,651.683,4428.0,333.78,1784513953993.0,5413.462
ss-63-120000,1784514668513.317,1784514668515,1784514673993.0,1784514674326.7805,1.683,5478.0,333.781,1784513953993.0,5813.464
ss-51-120000,1784514672713.3235,1784514672716,1784514673993.0,1784514674326.781,2.677,1277.0,333.781,1784513953993.0,1613.458
ss-28-120000,1784514671613.328,1784514671664,1784514673993.0,1784514674326.782,50.672,2329.0,333.782,1784513953993.0,2713.454
ss-64-120000,1784514670313.321,1784514670616,1784514673994.0,1784514674326.7834,302.679,3378.0,332.783,1784513953994.0,4013.462
ss-35-120000,1784514671213.3164,1784514671664,1784514673994.0,1784514674326.788,450.684,2330.0,332.788,1784513953994.0,3113.472
ss-70-120000,1784514669863.316,1784514670616,1784514673994.0,1784514674326.789,752.684,3378.0,332.789,1784513953994.0,4463.473
ss-99-120000,1784514673213.324,1784514673765,1784514673994.0,1784514674326.7898,551.676,229.0,332.79,1784513953994.0,1113.466
ss-80-120000,1784514671663.3196,1784514671664,1784514673994.0,1784514674326.7905,0.68,2330.0,332.791,1784513953994.0,2663.471
ss-90-120000,1784514667513.3145,1784514668515,1784514673994.0,1784514674326.7913,1001.686,5479.0,332.791,1784513953994.0,6813.477
ss-59-120000,1784514671713.3176,1784514672716,1784514673994.0,1784514674326.792,1002.682,1278.0,332.792,1784513953994.0,2613.474
ss-45-120000,1784514653363.3206,1784514653815,1784514673994.0,1784514674326.8164,451.679,20179.0,332.816,1784513953994.0,20963.496
ss-41-120000,1784514670763.3105,1784514671664,1784514673994.0,1784514674326.8171,900.689,2330.0,332.817,1784513953994.0,3563.507
ss-48-120000,1784514664463.3088,1784514665365,1784514673994.0,1784514674326.8184,901.691,8629.0,332.818,1784513953994.0,9863.51
ss-29-120000,1784514672363.3252,1784514672716,1784514673994.0,1784514674326.819,352.675,1278.0,332.819,1784513953994.0,1963.494
ss-58-120000,1784514672913.3245,1784514673765,1784514673995.0,1784514674326.8198,851.676,230.0,331.82,1784513953995.0,1413.495
ss-84-120000,1784514670963.322,1784514671664,1784514673995.0,1784514674326.8206,700.678,2331.0,331.821,1784513953995.0,3363.499
ss-38-120000,1784514671163.3196,1784514671664,1784514673995.0,1784514674326.821,500.68,2331.0,331.821,1784513953995.0,3163.501
ss-1-120000,1784514662313.3184,1784514663265,1784514673995.0,1784514674326.8218,951.682,10730.0,331.822,1784513953995.0,12013.503
ss-74-120000,1784514660013.317,1784514660116,1784514673995.0,1784514674326.823,102.683,13879.0,331.823,1784513953995.0,14313.506
ss-75-120000,1784514665813.322,1784514666415,1784514673995.0,1784514674326.8237,601.678,7580.0,331.824,1784513953995.0,8513.502
ss-33-120000,1784514672563.3179,1784514672716,1784514673995.0,1784514674326.825,152.682,1279.0,331.825,1784513953995.0,1763.507
ss-23-120000,1784514673113.3247,1784514673765,1784514673995.0,1784514674326.8298,651.675,230.0,331.83,1784513953995.0,1213.505
ss-6-120000,1784514663663.3257,1784514664315,1784514673995.0,1784514674326.8303,651.674,9680.0,331.83,1784513953995.0,10663.505
ss-0-120000,1784514667963.3157,1784514668515,1784514673995.0,1784514674326.8308,551.684,5480.0,331.831,1784513953995.0,6363.515
ss-10-120000,1784514668663.3257,1784514669565,1784514673995.0,1784514674326.8313,901.674,4430.0,331.831,1784513953995.0,5663.506
ss-47-120000,1784514669113.3103,1784514669565,1784514673995.0,1784514674326.8318,451.69,4430.0,331.832,1784513953995.0,5213.521
ss-4-120000,1784514671463.3174,1784514671664,1784514673995.0,1784514674326.8323,200.683,2331.0,331.832,1784513953995.0,2863.515
ss-65-120000,1784514668263.3264,1784514668515,1784514673995.0,1784514674326.8328,251.674,5480.0,331.833,1784513953995.0,6063.506
ss-86-120000,1784514673063.3208,1784514673765,1784514673996.0,1784514674326.8333,701.679,231.0,330.833,1784513953996.0,1263.512
ss-43-120000,1784514652063.316,1784514652765,1784514673996.0,1784514674326.8337,701.684,21231.0,330.834,1784513953996.0,22263.518
ss-61-120000,1784514666513.3157,1784514667465,1784514673996.0,1784514674326.8342,951.684,6531.0,330.834,1784513953996.0,7813.519
ss-57-120000,1784514669813.3174,1784514670616,1784514673996.0,1784514674326.8352,802.683,3380.0,330.835,1784513953996.0,4513.518
ss-26-120000,1784514671363.319,1784514671664,1784514673996.0,1784514674326.836,300.681,2332.0,330.836,1784513953996.0,2963.517
ss-71-120000,1784514661663.3206,1784514662216,1784514673996.0,1784514674326.8364,552.679,11780.0,330.836,1784513953996.0,12663.516
ss-55-120000,1784514672513.3188,1784514672716,1784514673996.0,1784514674326.837,202.681,1280.0,330.837,1784513953996.0,1813.518
ss-20-120000,1784514672813.32,1784514673765,1784514673996.0,1784514674326.8374,951.68,231.0,330.837,1784513953996.0,1513.517
ss-3-120000,1784514665463.318,1784514666415,1784514673996.0,1784514674326.838,951.682,7581.0,330.838,1784513953996.0,8863.52
ss-77-120000,1784514671813.3198,1784514672716,1784514673996.0,1784514674326.8484,902.68,1280.0,330.848,1784513953996.0,2513.529
ss-17-120000,1784514661163.3179,1784514661165,1784514673996.0,1784514674326.8494,1.682,12831.0,330.849,1784513953996.0,13163.531
ss-81-120000,1784514668613.3203,1784514669565,1784514673996.0,1784514674326.85,951.68,4431.0,330.85,1784513953996.0,5713.53
ss-15-120000,1784514672463.3123,1784514672716,1784514673996.0,1784514674326.8508,252.688,1280.0,330.851,1784513953996.0,1863.539
ss-44-120000,1784514673613.3176,1784514673765,1784514673996.0,1784514674326.856,151.682,231.0,330.856,1784513953996.0,713.538
ss-68-120000,1784514669463.311,1784514669565,1784514673996.0,1784514674326.857,101.689,4431.0,330.857,1784513953996.0,4863.546
ss-18-120000,1784514671763.3225,1784514672716,1784514673997.0,1784514674326.8577,952.677,1281.0,329.858,1784513953997.0,2563.535
ss-95-120000,1784514672063.32,1784514672716,1784514673997.0,1784514674326.8584,652.68,1281.0,329.858,1784513953997.0,2263.538
ss-96-120000,1784514670413.3186,1784514670616,1784514673997.0,1784514674326.8665,202.681,3381.0,329.866,1784513953997.0,3913.548
ss-94-120000,1784514671913.3198,1784514672716,1784514673997.0,1784514674326.8672,802.68,1281.0,329.867,1784513953997.0,2413.547
ss-62-120000,1784514673313.3179,1784514673765,1784514673997.0,1784514674326.868,451.682,232.0,329.868,1784513953997.0,1013.55
ss-66-120000,1784514670663.3308,1784514671664,1784514673997.0,1784514674326.8684,1000.669,2333.0,329.868,1784513953997.0,3663.538
ss-53-120000,1784514672663.3186,1784514672716,1784514673997.0,1784514674326.8691,52.681,1281.0,329.869,1784513953997.0,1663.551
ss-67-120000,1784514667813.3164,1784514668515,1784514673997.0,1784514674326.8772,701.684,5482.0,329.877,1784513953997.0,6513.561
ss-82-120000,1784514670213.3252,1784514670616,1784514673997.0,1784514674326.878,402.675,3381.0,329.878,1784513953997.0,4113.553
ss-5-120000,1784514665513.317,1784514666415,1784514673998.0,1784514674326.8787,901.683,7583.0,328.879,1784513953998.0,8813.562
ss-69-120000,1784514669263.318,1784514669565,1784514673998.0,1784514674326.8794,301.682,4433.0,328.879,1784513953998.0,5063.561
ss-42-120000,1784514670163.325,1784514670616,1784514673998.0,1784514674327.0432,452.675,3382.0,329.043,1784513953998.0,4163.718
ss-85-120000,1784514665963.314,1784514666415,1784514673998.0,1784514674327.047,451.686,7583.0,329.047,1784513953998.0,8363.733
ss-30-120000,1784514664163.314,1784514664315,1784514673998.0,1784514674327.0503,151.686,9683.0,329.05,1784513953998.0,10163.736
ss-8-120000,1784514665763.3242,1784514666415,1784514673998.0,1784514674327.0513,651.676,7583.0,329.051,1784513953998.0,8563.727
ss-92-120000,1784514672213.3337,1784514672716,1784514673998.0,1784514674327.0522,502.666,1282.0,329.052,1784513953998.0,2113.719
ss-46-120000,1784514665863.3142,1784514666415,1784514673998.0,1784514674327.0537,551.686,7583.0,329.054,1784513953998.0,8463.74
ss-25-120000,1784514673563.325,1784514673765,1784514673998.0,1784514674327.058,201.675,233.0,329.058,1784513953998.0,763.733
ss-97-120000,1784514659663.3186,1784514660116,1784514673998.0,1784514674327.0586,452.681,13882.0,329.059,1784513953998.0,14663.74
ss-78-120000,1784514662713.3232,1784514663265,1784514673998.0,1784514674327.0593,551.677,10733.0,329.059,1784513953998.0,11613.736
ss-40-120000,1784514666713.3342,1784514667465,1784514673998.0,1784514674327.0598,751.666,6533.0,329.06,1784513953998.0,7613.726
ss-49-120000,1784514673263.317,1784514673765,1784514673998.0,1784514674327.0605,501.683,233.0,329.061,1784513953998.0,1063.744
ss-73-120000,1784514672013.343,1784514672716,1784514673999.0,1784514674327.061,702.657,1283.0,328.061,1784513953999.0,2313.718
ss-11-120000,1784514667663.3203,1784514668515,1784514673999.0,1784514674327.0735,851.68,5484.0,328.073,1784513953999.0,6663.753
ss-22-120000,1784514659763.3218,1784514660116,1784514673999.0,1784514674327.0742,352.678,13883.0,328.074,1784513953999.0,14563.752
ss-27-120000,1784514673463.319,1784514673765,1784514673999.0,1784514674327.0745,301.681,234.0,328.074,1784513953999.0,863.755
ss-88-120000,1784514670013.3247,1784514670616,1784514673999.0,1784514674327.075,602.675,3383.0,328.075,1784513953999.0,4313.75
ss-87-120000,1784514663813.3206,1784514664315,1784514673999.0,1784514674327.0754,501.679,9684.0,328.075,1784513953999.0,10513.755
ss-32-120000,1784514673414.5679,1784514673765,1784514673999.0,1784514674327.0757,350.432,234.0,328.076,1784513953999.0,912.508
ss-76-120000,1784514664413.3167,1784514665365,1784514673999.0,1784514674327.0796,951.683,8634.0,328.08,1784513953999.0,9913.763
ss-37-120000,1784514651313.3357,1784514651716,1784514673999.0,1784514674327.08,402.664,22283.0,328.08,1784513953999.0,23013.744
ss-83-120000,1784514673163.3198,1784514673765,1784514673999.0,1784514674327.1326,601.68,234.0,328.133,1784513953999.0,1163.813
ss-56-120000,1784514661813.3206,1784514662216,1784514673999.0,1784514674327.1345,402.679,11783.0,328.135,1784513953999.0,12513.814
ss-60-120000,1784514667163.3186,1784514667465,1784514673999.0,1784514674327.1353,301.681,6534.0,328.135,1784513953999.0,7163.817
ss-34-120000,1784514670363.7268,1784514670616,1784514673999.0,1784514674327.1362,252.273,3383.0,328.136,1784513953999.0,3963.409
ss-36-120000,1784514667863.324,1784514668515,1784514674000.0,1784514674327.137,651.676,5485.0,327.137,1784513954000.0,6463.813
ss-89-120000,1784514672613.326,1784514672716,1784514674000.0,1784514674327.1477,102.674,1284.0,327.148,1784513954000.0,1713.822
ss-52-120000,1784514673013.3242,1784514673765,1784514674000.0,1784514674327.1487,751.676,235.0,327.149,1784513954000.0,1313.824
ss-13-120000,1784514673363.326,1784514673765,1784514674000.0,1784514674327.154,401.674,235.0,327.154,1784513954000.0,963.828
ss-93-120000,1784514670863.3357,1784514671664,1784514674000.0,1784514674327.1548,800.664,2336.0,327.155,1784513954000.0,3463.819
ss-24-180000,1784514697763.3167,1784514697916,1784514704422.0,1784514705409.6494,152.683,6506.0,987.649,1784513924422.0,7646.333
ss-39-180000,1784514702263.3176,1784514703165,1784514704422.0,1784514705409.6545,901.682,1257.0,987.655,1784513924422.0,3146.337
ss-54-180000,1784514699763.317,1784514700015,1784514704422.0,1784514705409.66,251.683,4407.0,987.66,1784513924422.0,5646.343
ss-2-180000,1784514702963.319,1784514703165,1784514704422.0,1784514705409.6658,201.681,1257.0,987.666,1784513924422.0,2446.347
ss-21-180000,1784514701063.3198,1784514701066,1784514704422.0,1784514705409.6675,2.68,3356.0,987.667,1784513924422.0,4346.348
ss-12-180000,1784514700713.3171,1784514701066,1784514704423.0,1784514705409.6682,352.683,3357.0,986.668,1784513924423.0,4696.351
ss-14-180000,1784514700963.3179,1784514701066,1784514704423.0,1784514705409.6687,102.682,3357.0,986.669,1784513924423.0,4446.351
ss-72-180000,1784514699363.3167,1784514700015,1784514704423.0,1784514705409.6692,651.683,4408.0,986.669,1784513924423.0,6046.353
ss-98-180000,1784514694913.3093,1784514695816,1784514704423.0,1784514705409.6702,902.691,8607.0,986.67,1784513924423.0,10496.361
ss-91-180000,1784514696863.322,1784514696865,1784514704423.0,1784514705409.6714,1.678,7558.0,986.671,1784513924423.0,8546.349
ss-7-180000,1784514702913.3223,1784514703165,1784514704423.0,1784514705409.6719,251.678,1258.0,986.672,1784513924423.0,2496.35
ss-16-180000,1784514701463.32,1784514702115,1784514704423.0,1784514705409.6724,651.68,2308.0,986.672,1784513924423.0,3946.352
ss-31-180000,1784514702313.3218,1784514703165,1784514704423.0,1784514705409.6726,851.678,1258.0,986.673,1784513924423.0,3096.351
ss-79-180000,1784514697413.3164,1784514697916,1784514704424.0,1784514705409.6736,502.684,6508.0,985.674,1784513924424.0,7996.357
ss-50-180000,1784514700213.3179,1784514701066,1784514704424.0,1784514705409.674,852.682,3358.0,985.674,1784513924424.0,5196.356
ss-63-180000,1784514695963.3193,1784514696865,1784514704424.0,1784514705409.6755,901.681,7559.0,985.676,1784513924424.0,9446.356
ss-51-180000,1784514699463.316,1784514700015,1784514704424.0,1784514705409.676,551.684,4409.0,985.676,1784513924424.0,5946.36
ss-28-180000,1784514703413.3162,1784514704216,1784514704424.0,1784514705409.6765,802.684,208.0,985.677,1784513924424.0,1996.36
ss-35-180000,1784514695263.318,1784514695816,1784514704424.0,1784514705409.6772,552.682,8608.0,985.677,1784513924424.0,10146.359
ss-52-180000,1784514701563.3494,1784514702115,1784514704424.0,1784514705409.6777,551.651,2309.0,985.678,1784513924424.0,3846.328
ss-70-180000,1784514703013.3176,1784514703165,1784514704424.0,1784514705409.6785,151.682,1259.0,985.678,1784513924424.0,2396.361
ss-99-180000,1784514692363.3157,1784514692665,1784514704425.0,1784514705409.6787,301.684,11760.0,984.679,1784513924425.0,13046.363
ss-90-180000,1784514695413.3184,1784514695816,1784514704425.0,1784514705409.68,402.682,8609.0,984.68,1784513924425.0,9996.362
ss-64-180000,1784514700063.3198,1784514701066,1784514704425.0,1784514705409.6807,1002.68,3359.0,984.681,1784513924425.0,5346.361
ss-80-180000,1784514699813.3105,1784514700015,1784514704425.0,1784514705409.75,201.689,4410.0,984.75,1784513924425.0,5596.439
ss-59-180000,1784514701263.3193,1784514702115,1784514704425.0,1784514705409.7507,851.681,2310.0,984.751,1784513924425.0,4146.431
ss-19-180000,1784514703513.319,1784514704216,1784514704425.0,1784514705409.751,702.681,209.0,984.751,1784513924425.0,1896.432
ss-45-180000,1784514703613.316,1784514704216,1784514704425.0,1784514705409.7515,602.684,209.0,984.751,1784513924425.0,1796.436
ss-9-180000,1784514692563.3164,1784514692665,1784514704426.0,1784514705409.752,101.684,11761.0,983.752,1784513924426.0,12846.436
ss-41-180000,1784514699563.3184,1784514700015,1784514704426.0,1784514705409.7524,451.682,4411.0,983.752,1784513924426.0,5846.434
ss-48-180000,1784514696913.3242,1784514697916,1784514704426.0,1784514705409.7527,1002.676,6510.0,983.753,1784513924426.0,8496.428
ss-29-180000,1784514698613.3157,1784514698966,1784514704426.0,1784514705409.7532,352.684,5460.0,983.753,1784513924426.0,6796.438
ss-58-180000,1784514701813.321,1784514702115,1784514704426.0,1784514705409.7542,301.679,2311.0,983.754,1784513924426.0,3596.433
ss-84-180000,1784514703163.318,1784514703165,1784514704426.0,1784514705409.7615,1.682,1261.0,983.761,1784513924426.0,2246.443
ss-38-180000,1784514682313.3137,1784514683215,1784514704426.0,1784514705409.7617,901.686,21211.0,983.762,1784513924426.0,23096.448
ss-1-180000,1784514702563.32,1784514703165,1784514704426.0,1784514705409.7622,601.68,1261.0,983.762,1784513924426.0,2846.442
ss-74-180000,1784514702513.3171,1784514703165,1784514704426.0,1784514705409.7646,651.683,1261.0,983.765,1784513924426.0,2896.448
ss-75-180000,1784514698563.3193,1784514698966,1784514704426.0,1784514705409.7651,402.681,5460.0,983.765,1784513924426.0,6846.446
ss-33-180000,1784514694013.3113,1784514694766,1784514704427.0,1784514705409.7656,752.689,9661.0,982.766,1784513924427.0,11396.454
ss-23-180000,1784514694863.3206,1784514695816,1784514704427.0,1784514705409.766,952.679,8611.0,982.766,1784513924427.0,10546.446
ss-0-180000,1784514696513.3235,1784514696865,1784514704427.0,1784514705409.7666,351.677,7562.0,982.767,1784513924427.0,8896.443
ss-6-180000,1784514699113.3179,1784514700015,1784514704427.0,1784514705410.2144,901.682,4412.0,983.214,1784513924427.0,6296.896
ss-47-180000,1784514696413.3147,1784514696865,1784514704427.0,1784514705410.2153,451.685,7562.0,983.215,1784513924427.0,8996.901
ss-10-180000,1784514695063.3171,1784514695816,1784514704427.0,1784514705410.2156,752.683,8611.0,983.216,1784513924427.0,10346.898
ss-4-180000,1784514700663.3186,1784514701066,1784514704427.0,1784514705410.216,402.681,3361.0,983.216,1784513924427.0,4746.897
ss-65-180000,1784514702413.317,1784514703165,1784514704427.0,1784514705410.2227,751.683,1262.0,983.223,1784513924427.0,2996.906
ss-86-180000,1784514703463.3184,1784514704216,1784514704427.0,1784514705410.2231,752.682,211.0,983.223,1784513924427.0,1946.905
ss-43-180000,1784514703563.316,1784514704216,1784514704427.0,1784514705410.2234,652.684,211.0,983.223,1784513924427.0,1846.907
ss-61-180000,1784514693763.3108,1784514694766,1784514704428.0,1784514705410.2239,1002.689,9662.0,982.224,1784513924428.0,11646.913
ss-57-180000,1784514697163.327,1784514697916,1784514704428.0,1784514705410.225,752.673,6512.0,982.225,1784513924428.0,8246.898
ss-26-180000,1784514695313.3171,1784514695816,1784514704428.0,1784514705410.2253,502.683,8612.0,982.225,1784513924428.0,10096.908
ss-71-180000,1784514702713.3147,1784514703165,1784514704428.0,1784514705410.2258,451.685,1263.0,982.226,1784513924428.0,2696.911
ss-20-180000,1784514696363.3406,1784514696865,1784514704428.0,1784514705410.2263,501.659,7563.0,982.226,1784513924428.0,9046.886
ss-3-180000,1784514697613.3096,1784514697916,1784514704428.0,1784514705410.2266,302.69,6512.0,982.227,1784513924428.0,7796.917
ss-77-180000,1784514703063.3157,1784514703165,1784514704428.0,1784514705410.2273,101.684,1263.0,982.227,1784513924428.0,2346.912
ss-81-180000,1784514698863.3176,1784514698966,1784514704428.0,1784514705410.2283,102.682,5462.0,982.228,1784513924428.0,6546.911
ss-15-180000,1784514701413.3123,1784514702115,1784514704429.0,1784514705410.2288,701.688,2314.0,981.229,1784513924429.0,3996.917
ss-55-180000,1784514700013.3162,1784514700015,1784514704429.0,1784514705410.2292,1.684,4414.0,981.229,1784513924429.0,5396.913
ss-44-180000,1784514703113.3147,1784514703165,1784514704429.0,1784514705410.2295,51.685,1264.0,981.229,1784513924429.0,2296.915
ss-17-180000,1784514700163.3174,1784514701066,1784514704429.0,1784514705410.2302,902.683,3363.0,981.23,1784513924429.0,5246.913
ss-11-180000,1784514701713.3198,1784514702115,1784514704429.0,1784514705410.2336,401.68,2314.0,981.234,1784513924429.0,3696.914
ss-68-180000,1784514701313.3132,1784514702115,1784514704429.0,1784514705410.2341,801.687,2314.0,981.234,1784513924429.0,4096.921
ss-18-180000,1784514701363.3337,1784514702115,1784514704429.0,1784514705410.2346,751.666,2314.0,981.235,1784513924429.0,4046.901
ss-37-180000,1784514701513.3162,1784514702115,1784514704430.0,1784514705410.235,601.684,2315.0,980.235,1784513924430.0,3896.919
ss-95-180000,1784514692313.3142,1784514692665,1784514704430.0,1784514705410.2354,351.686,11765.0,980.235,1784513924430.0,13096.921
ss-96-180000,1784514696963.3174,1784514697916,1784514704430.0,1784514705410.2383,952.683,6514.0,980.238,1784513924430.0,8446.921
ss-94-180000,1784514703313.3162,1784514704216,1784514704430.0,1784514705410.2388,902.684,214.0,980.239,1784513924430.0,2096.923
ss-62-180000,1784514702763.3208,1784514703165,1784514704430.0,1784514705410.239,401.679,1265.0,980.239,1784513924430.0,2646.918
ss-66-180000,1784514703213.3176,1784514704216,1784514704430.0,1784514705410.249,1002.682,214.0,980.249,1784513924430.0,2196.931
ss-53-180000,1784514694163.3208,1784514694766,1784514704430.0,1784514705410.2522,602.679,9664.0,980.252,1784513924430.0,11246.931
ss-67-180000,1784514699913.3171,1784514700015,1784514704430.0,1784514705410.2527,101.683,4415.0,980.253,1784513924430.0,5496.936
ss-82-180000,1784514700413.315,1784514701066,1784514704430.0,1784514705410.2532,652.685,3364.0,980.253,1784513924430.0,4996.938
ss-5-180000,1784514700913.3237,1784514701066,1784514704430.0,1784514705410.2534,152.676,3364.0,980.253,1784513924430.0,4496.93
ss-42-180000,1784514699265.5386,1784514700015,1784514704431.0,1784514705410.254,749.461,4416.0,979.254,1784513924431.0,6144.715
ss-69-180000,1784514701763.3247,1784514702115,1784514704431.0,1784514705410.2544,351.675,2316.0,979.254,1784513924431.0,3646.93
ss-30-180000,1784514702663.3208,1784514703165,1784514704431.0,1784514705410.2578,501.679,1266.0,979.258,1784513924431.0,2746.937
ss-85-180000,1784514698663.3174,1784514698966,1784514704431.0,1784514705410.2583,302.683,5465.0,979.258,1784513924431.0,6746.941
ss-8-180000,1784514699963.3203,1784514700015,1784514704431.0,1784514705410.2585,51.68,4416.0,979.259,1784513924431.0,5446.938
ss-92-180000,1784514695713.333,1784514695816,1784514704431.0,1784514705410.259,102.667,8615.0,979.259,1784513924431.0,9696.926
ss-25-180000,1784514695013.3245,1784514695816,1784514704431.0,1784514705410.2593,802.676,8615.0,979.259,1784513924431.0,10396.935
ss-97-180000,1784514698363.3218,1784514698966,1784514704431.0,1784514705410.2598,602.678,5465.0,979.26,1784513924431.0,7046.938
ss-78-180000,1784514702163.3354,1784514703165,1784514704431.0,1784514705410.26,1001.665,1266.0,979.26,1784513924431.0,3246.925
ss-40-180000,1784514693463.3215,1784514693715,1784514704431.0,1784514705410.2605,251.678,10716.0,979.26,1784513924431.0,11946.939
ss-49-180000,1784514702463.3184,1784514703165,1784514704431.0,1784514705410.261,701.682,1266.0,979.261,1784513924431.0,2946.943
ss-73-180000,1784514697913.3164,1784514697916,1784514704432.0,1784514705410.2637,2.684,6516.0,978.264,1784513924432.0,7496.947
ss-22-180000,1784514698163.3176,1784514698966,1784514704432.0,1784514705410.265,802.682,5466.0,978.265,1784513924432.0,7246.947
ss-27-180000,1784514702863.3167,1784514703165,1784514704432.0,1784514705410.2654,301.683,1267.0,978.265,1784513924432.0,2546.949
ss-88-180000,1784514701863.3254,1784514702115,1784514704432.0,1784514705410.2656,251.675,2317.0,978.266,1784513924432.0,3546.94
ss-32-180000,1784514693863.32,1784514694766,1784514704432.0,1784514705410.2659,902.68,9666.0,978.266,1784513924432.0,11546.946
ss-87-180000,1784514699663.321,1784514700015,1784514704432.0,1784514705410.2666,351.679,4417.0,978.267,1784513924432.0,5746.946
ss-76-180000,1784514698963.3206,1784514698966,1784514704432.0,1784514705410.2668,2.679,5466.0,978.267,1784513924432.0,6446.946
ss-46-180000,1784514702063.3215,1784514702115,1784514704432.0,1784514705410.2678,51.678,2317.0,978.268,1784513924432.0,3346.946
ss-83-180000,1784514691513.3171,1784514691615,1784514704432.0,1784514705410.2686,101.683,12817.0,978.269,1784513924432.0,13896.951
ss-56-180000,1784514703263.315,1784514704216,1784514704432.0,1784514705410.2712,952.685,216.0,978.271,1784513924432.0,2146.956
ss-60-180000,1784514702213.3176,1784514703165,1784514704432.0,1784514705410.2717,951.682,1267.0,978.272,1784513924432.0,3196.954
ss-34-180000,1784514701213.314,1784514702115,1784514704433.0,1784514705410.272,901.686,2318.0,977.272,1784513924433.0,4196.958
ss-36-180000,1784514702813.3164,1784514703165,1784514704433.0,1784514705410.2805,351.684,1268.0,977.281,1784513924433.0,2596.964
ss-89-180000,1784514698013.3174,1784514698966,1784514704433.0,1784514705410.281,952.683,5467.0,977.281,1784513924433.0,7396.964
ss-13-180000,1784514703363.3152,1784514704216,1784514704433.0,1784514705410.2812,852.685,217.0,977.281,1784513924433.0,2046.966
ss-93-180000,1784514697113.3186,1784514697916,1784514704433.0,1784514705410.282,802.681,6517.0,977.282,1784513924433.0,8296.963
ss-88-240000,1784514729413.3232,1784514729415,1784514734744.0,1784514735290.0842,1.677,5329.0,546.084,1784513894744.0,5876.761
ss-4-240000,1784514731513.322,1784514731515,1784514734759.0,1784514735290.0881,1.678,3244.0,531.088,1784513894759.0,3776.766
ss-82-240000,1784514729863.3198,1784514730466,1784514734759.0,1784514735290.09,602.68,4293.0,531.09,1784513894759.0,5426.77
ss-17-240000,1784514731463.3225,1784514731515,1784514734759.0,1784514735290.0916,51.677,3244.0,531.092,1784513894759.0,3826.769
ss-31-240000,1784514732663.3164,1784514733615,1784514734760.0,1784514735290.092,951.684,1145.0,530.092,1784513894760.0,2626.776
ss-65-240000,1784514732163.3398,1784514732565,1784514734760.0,1784514735290.0925,401.66,2195.0,530.093,1784513894760.0,3126.753
ss-71-240000,1784514731563.3213,1784514732565,1784514734760.0,1784514735290.094,1001.679,2195.0,530.094,1784513894760.0,3726.773
ss-8-240000,1784514733113.3184,1784514733615,1784514734760.0,1784514735290.0955,501.682,1145.0,530.095,1784513894760.0,2176.777
ss-60-240000,1784514729963.3225,1784514730466,1784514734760.0,1784514735290.125,502.677,4294.0,530.125,1784513894760.0,5326.802
ss-33-240000,1784514731313.3196,1784514731515,1784514734761.0,1784514735290.129,201.68,3246.0,529.129,1784513894761.0,3976.809
ss-57-240000,1784514730063.3184,1784514730466,1784514734761.0,1784514735290.145,402.682,4295.0,529.145,1784513894761.0,5226.827
ss-40-240000,1784514717013.3289,1784514717865,1784514734762.0,1784514735290.1465,851.671,16897.0,528.146,1784513894762.0,18276.818
ss-63-240000,1784514716363.3196,1784514716816,1784514734762.0,1784514735290.1472,452.68,17946.0,528.147,1784513894762.0,18926.828
ss-67-240000,1784514731413.3184,1784514731515,1784514734762.0,1784514735290.148,101.682,3247.0,528.148,1784513894762.0,3876.83
ss-84-240000,1784514725263.326,1784514726265,1784514734762.0,1784514735290.1487,1001.674,8497.0,528.149,1784513894762.0,10026.823
ss-20-240000,1784514730013.3154,1784514730466,1784514734762.0,1784514735290.1494,452.685,4296.0,528.149,1784513894762.0,5276.834
ss-74-240000,1784514733563.3154,1784514733615,1784514734762.0,1784514735290.1501,51.685,1147.0,528.15,1784513894762.0,1726.835
ss-28-240000,1784514726163.317,1784514726265,1784514734763.0,1784514735290.151,101.683,8498.0,527.151,1784513894763.0,9126.834
ss-55-240000,1784514720863.3276,1784514721015,1784514734763.0,1784514735290.156,151.672,13748.0,527.156,1784513894763.0,14426.828
ss-24-240000,1784514733413.318,1784514733615,1784514734763.0,1784514735290.1572,201.682,1148.0,527.157,1784513894763.0,1876.839
ss-13-240000,1784514726863.3198,1784514727316,1784514734763.0,1784514735291.0383,452.68,7447.0,528.038,1784513894763.0,8427.719
ss-80-240000,1784514731063.3237,1784514731515,1784514734763.0,1784514735291.04,451.676,3248.0,528.04,1784513894763.0,4227.716
ss-42-240000,1784514730863.3154,1784514731515,1784514734764.0,1784514735291.0408,651.685,3249.0,527.041,1784513894764.0,4427.725
ss-46-240000,1784514730513.3147,1784514731515,1784514734764.0,1784514735291.0422,1001.685,3249.0,527.042,1784513894764.0,4777.728
ss-5-240000,1784514727363.3164,1784514728366,1784514734764.0,1784514735291.0427,1002.684,6398.0,527.043,1784513894764.0,7927.726
ss-94-240000,1784514732113.3179,1784514732565,1784514734764.0,1784514735291.0435,451.682,2199.0,527.043,1784513894764.0,3177.726
ss-37-240000,1784514729163.316,1784514729415,1784514734764.0,1784514735291.0442,251.684,5349.0,527.044,1784513894764.0,6127.728
ss-32-240000,1784514729363.316,1784514729415,1784514734765.0,1784514735291.051,51.684,5350.0,526.051,1784513894765.0,5927.735
ss-44-240000,1784514732263.3376,1784514732565,1784514734765.0,1784514735291.0518,301.662,2200.0,526.052,1784513894765.0,3027.714
ss-66-240000,1784514716413.3213,1784514716816,1784514734765.0,1784514735291.0522,402.679,17949.0,526.052,1784513894765.0,18877.731
ss-75-240000,1784514726363.3198,1784514727316,1784514734765.0,1784514735291.053,952.68,7449.0,526.053,1784513894765.0,8927.733
ss-2-240000,1784514730913.3164,1784514731515,1784514734765.0,1784514735291.0537,601.684,3250.0,526.054,1784513894765.0,4377.737
ss-61-240000,1784514732563.32,1784514732565,1784514734766.0,1784514735291.0544,1.68,2201.0,525.054,1784513894766.0,2727.734
ss-59-240000,1784514733613.3218,1784514733615,1784514734766.0,1784514735291.055,1.678,1151.0,525.055,1784513894766.0,1677.733
ss-25-240000,1784514731663.3157,1784514732565,1784514734766.0,1784514735291.0554,901.684,2201.0,525.055,1784513894766.0,3627.74
ss-0-240000,1784514730763.317,1784514731515,1784514734766.0,1784514735291.0745,751.683,3251.0,525.074,1784513894766.0,4527.758
ss-81-240000,1784514732213.3176,1784514732565,1784514734767.0,1784514735291.0752,351.682,2202.0,524.075,1784513894767.0,3077.758
ss-30-240000,1784514732713.317,1784514733615,1784514734767.0,1784514735291.0793,901.683,1152.0,524.079,1784513894767.0,2577.762
ss-89-240000,1784514727413.3198,1784514728366,1784514734767.0,1784514735291.08,952.68,6401.0,524.08,1784513894767.0,7877.76
ss-97-240000,1784514732063.3276,1784514732565,1784514734767.0,1784514735291.0808,501.672,2202.0,524.081,1784513894767.0,3227.753
ss-85-240000,1784514732863.315,1784514733615,1784514734768.0,1784514735291.0813,751.685,1153.0,523.081,1784513894768.0,2427.766
ss-72-240000,1784514731363.3225,1784514731515,1784514734768.0,1784514735291.0818,151.677,3253.0,523.082,1784513894768.0,3927.759
ss-54-240000,1784514731713.32,1784514732565,1784514734768.0,1784514735291.0825,851.68,2203.0,523.083,1784513894768.0,3577.762
ss-87-240000,1784514729213.3167,1784514729415,1784514734768.0,1784514735291.0835,201.683,5353.0,523.083,1784513894768.0,6077.767
ss-22-240000,1784514733513.322,1784514733615,1784514734769.0,1784514735291.0842,101.678,1154.0,522.084,1784513894769.0,1777.762
ss-34-240000,1784514729463.3208,1784514730466,1784514734769.0,1784514735291.085,1002.679,4303.0,522.085,1784513894769.0,5827.764
ss-35-240000,1784514720013.3208,1784514721015,1784514734769.0,1784514735291.0854,1001.679,13754.0,522.085,1784513894769.0,15277.765
ss-93-240000,1784514733263.312,1784514733615,1784514734769.0,1784514735291.087,351.688,1154.0,522.087,1784513894769.0,2027.775
ss-9-240000,1784514732013.3174,1784514732565,1784514734769.0,1784514735291.0874,551.683,2204.0,522.087,1784513894769.0,3277.77
ss-27-240000,1784514730463.3228,1784514730466,1784514734770.0,1784514735291.088,2.677,4304.0,521.088,1784513894770.0,4827.765
ss-50-240000,1784514732963.315,1784514733615,1784514734770.0,1784514735291.0886,651.685,1155.0,521.089,1784513894770.0,2327.774
ss-51-240000,1784514732913.318,1784514733615,1784514734770.0,1784514735291.0894,701.682,1155.0,521.089,1784513894770.0,2377.771
ss-18-240000,1784514731963.3296,1784514732565,1784514734770.0,1784514735291.09,601.67,2205.0,521.09,1784513894770.0,3327.76
ss-26-240000,1784514732813.316,1784514733615,1784514734771.0,1784514735291.0916,801.684,1156.0,520.092,1784513894771.0,2477.776
ss-96-240000,1784514726713.3145,1784514727316,1784514734771.0,1784514735291.0964,602.686,7455.0,520.096,1784513894771.0,8577.782
ss-53-240000,1784514725413.3171,1784514726265,1784514734771.0,1784514735291.1003,851.683,8506.0,520.1,1784513894771.0,9877.783
ss-86-240000,1784514728663.3115,1784514729415,1784514734771.0,1784514735291.1008,751.688,5356.0,520.101,1784513894771.0,6627.789
ss-48-240000,1784514729263.3235,1784514729415,1784514734771.0,1784514735291.1016,151.677,5356.0,520.102,1784513894771.0,6027.778
ss-90-240000,1784514727563.3196,1784514728366,1784514734772.0,1784514735291.1177,802.68,6406.0,519.118,1784513894772.0,7727.798
ss-41-240000,1784514732513.3164,1784514732565,1784514734772.0,1784514735291.1184,51.684,2207.0,519.118,1784513894772.0,2777.802
ss-16-240000,1784514730363.3271,1784514730466,1784514734772.0,1784514735291.119,102.673,4306.0,519.119,1784513894772.0,4927.792
ss-56-240000,1784514729513.315,1784514730466,1784514734772.0,1784514735291.1194,952.685,4306.0,519.119,1784513894772.0,5777.804
ss-92-240000,1784514726813.3125,1784514727316,1784514734773.0,1784514735291.1199,502.688,7457.0,518.12,1784513894773.0,8477.807
ss-45-240000,1784514730713.3164,1784514731515,1784514734773.0,1784514735291.124,801.684,3258.0,518.124,1784513894773.0,4577.808
ss-68-240000,1784514724263.3215,1784514725215,1784514734773.0,1784514735291.1248,951.678,9558.0,518.125,1784513894773.0,11027.803
ss-15-240000,1784514719463.3152,1784514719965,1784514734773.0,1784514735291.1252,501.685,14808.0,518.125,1784513894773.0,15827.81
ss-73-240000,1784514731763.3242,1784514732565,1784514734773.0,1784514735291.1257,801.676,2208.0,518.126,1784513894773.0,3527.802
ss-78-240000,1784514730163.3298,1784514730466,1784514734774.0,1784514735291.1262,302.67,4308.0,517.126,1784513894774.0,5127.796
ss-12-240000,1784514731813.3213,1784514732565,1784514734774.0,1784514735291.127,751.679,2209.0,517.127,1784513894774.0,3477.806
ss-39-240000,1784514733213.3186,1784514733615,1784514734774.0,1784514735291.1274,401.681,1159.0,517.127,1784513894774.0,2077.809
ss-77-240000,1784514731013.3184,1784514731515,1784514734774.0,1784514735291.128,501.682,3259.0,517.128,1784513894774.0,4277.81
ss-1-240000,1784514721013.316,1784514721015,1784514734774.0,1784514735291.132,1.684,13759.0,517.132,1784513894774.0,14277.816
ss-36-240000,1784514731863.3252,1784514732565,1784514734775.0,1784514735291.1326,701.675,2210.0,516.133,1784513894775.0,3427.807
ss-47-240000,1784514732613.3186,1784514733615,1784514734775.0,1784514735291.1333,1001.681,1160.0,516.133,1784513894775.0,2677.815
ss-76-240000,1784514729913.319,1784514730466,1784514734775.0,1784514735291.1338,552.681,4309.0,516.134,1784513894775.0,5377.815
ss-7-240000,1784514732413.3354,1784514732565,1784514734775.0,1784514735291.1343,151.665,2210.0,516.134,1784513894775.0,2877.799
ss-58-240000,1784514730963.3137,1784514731515,1784514734775.0,1784514735291.1348,551.686,3260.0,516.135,1784513894775.0,4327.821
ss-99-240000,1784514718363.318,1784514718916,1784514734776.0,1784514735291.1353,552.682,15860.0,515.135,1784513894776.0,16927.817
ss-38-240000,1784514733163.3154,1784514733615,1784514734776.0,1784514735291.136,451.685,1161.0,515.136,1784513894776.0,2127.821
ss-83-240000,1784514721313.31,1784514722065,1784514734776.0,1784514735291.1401,751.69,12711.0,515.14,1784513894776.0,13977.83
ss-98-240000,1784514733013.3171,1784514733615,1784514734776.0,1784514735291.1409,601.683,1161.0,515.141,1784513894776.0,2277.824
ss-70-240000,1784514733313.3162,1784514733615,1784514734776.0,1784514735291.1414,301.684,1161.0,515.141,1784513894776.0,1977.825
ss-19-240000,1784514732763.3152,1784514733615,1784514734776.0,1784514735291.1482,851.685,1161.0,515.148,1784513894776.0,2527.833
ss-62-240000,1784514728363.337,1784514728366,1784514734777.0,1784514735291.2705,2.663,6411.0,514.271,1784513894777.0,6927.934
ss-43-240000,1784514733363.3152,1784514733615,1784514734777.0,1784514735291.2717,251.685,1162.0,514.272,1784513894777.0,1927.957
ss-95-240000,1784514725763.313,1784514726265,1784514734777.0,1784514735291.2725,501.687,8512.0,514.272,1784513894777.0,9527.959
ss-11-240000,1784514727663.3208,1784514728366,1784514734777.0,1784514735291.2732,702.679,6411.0,514.273,1784513894777.0,7627.952
ss-21-240000,1784514733063.315,1784514733615,1784514734777.0,1784514735291.274,551.685,1162.0,514.274,1784513894777.0,2227.959
ss-14-240000,1784514729013.3179,1784514729415,1784514734777.0,1784514735291.2747,401.682,5362.0,514.275,1784513894777.0,6277.957
ss-91-240000,1784514720663.3174,1784514721015,1784514734778.0,1784514735291.2751,351.683,13763.0,513.275,1784513894778.0,14627.958
ss-3-240000,1784514729563.314,1784514730466,1784514734778.0,1784514735291.283,902.686,4312.0,513.283,1784513894778.0,5727.969
ss-69-240000,1784514726963.3193,1784514727316,1784514734778.0,1784514735291.284,352.681,7462.0,513.284,1784513894778.0,8327.965
ss-52-240000,1784514726463.3193,1784514727316,1784514734778.0,1784514735291.2844,852.681,7462.0,513.284,1784513894778.0,8827.965
ss-10-240000,1784514733463.314,1784514733615,1784514734778.0,1784514735291.2852,151.686,1163.0,513.285,1784513894778.0,1827.971
ss-49-240000,1784514731213.3174,1784514731515,1784514734778.0,1784514735291.2856,301.683,3263.0,513.286,1784513894778.0,4077.968
ss-6-240000,1784514727313.3179,1784514727316,1784514734778.0,1784514735291.2861,2.682,7462.0,513.286,1784513894778.0,7977.968
ss-79-240000,1784514730413.3188,1784514730466,1784514734779.0,1784514735291.2869,52.681,4313.0,512.287,1784513894779.0,4877.968
ss-64-240000,1784514729663.3162,1784514730466,1784514734779.0,1784514735291.2874,802.684,4313.0,512.287,1784513894779.0,5627.971
ss-29-240000,1784514730113.3176,1784514730466,1784514734779.0,1784514735291.288,352.682,4313.0,512.288,1784513894779.0,5177.97
ss-23-240000,1784514729813.3137,1784514730466,1784514734779.0,1784514735291.2922,652.686,4313.0,512.292,1784513894779.0,5477.979
ss-65-300000,1784514762963.3179,1784514762965,1784514764197.0,1784514765176.5369,1.682,1232.0,979.537,1784513864197.0,2213.219
ss-8-300000,1784514763213.3167,1784514764015,1784514764199.0,1784514765176.5435,801.683,184.0,977.543,1784513864199.0,1963.227
ss-31-300000,1784514761263.3242,1784514761915,1784514764199.0,1784514765176.545,651.676,2284.0,977.545,1784513864199.0,3913.221
ss-71-300000,1784514757663.3286,1784514757715,1784514764199.0,1784514765176.5608,51.671,6484.0,977.561,1784513864199.0,7513.232
ss-60-300000,1784514756713.3188,1784514757715,1784514764200.0,1784514765176.5684,1001.681,6485.0,976.568,1784513864200.0,8463.25
ss-57-300000,1784514754913.323,1784514755616,1784514764200.0,1784514765176.5706,702.677,8584.0,976.571,1784513864200.0,10263.248
ss-67-300000,1784514756163.3257,1784514756665,1784514764200.0,1784514765176.5767,501.674,7535.0,976.577,1784513864200.0,9013.251
ss-63-300000,1784514763513.3232,1784514764015,1784514764200.0,1784514765176.6042,501.677,185.0,976.604,1784513864200.0,1663.281
ss-20-300000,1784514762313.3213,1784514762965,1784514764200.0,1784514765176.6055,651.679,1235.0,976.605,1784513864200.0,2863.284
ss-17-300000,1784514761513.313,1784514761915,1784514764200.0,1784514765176.6064,401.687,2285.0,976.606,1784513864200.0,3663.293
ss-84-300000,1784514760213.3193,1784514760865,1784514764201.0,1784514765176.6084,651.681,3336.0,975.608,1784513864201.0,4963.289
ss-40-300000,1784514761063.325,1784514761915,1784514764201.0,1784514765176.6096,851.675,2286.0,975.61,1784513864201.0,4113.285
ss-33-300000,1784514762513.3171,1784514762965,1784514764201.0,1784514765176.6106,451.683,1236.0,975.611,1784513864201.0,2663.293
ss-28-300000,1784514761613.332,1784514761915,1784514764201.0,1784514765176.6118,301.668,2286.0,975.612,1784513864201.0,3563.28
ss-24-300000,1784514757113.316,1784514757715,1784514764201.0,1784514765176.6125,601.684,6486.0,975.613,1784513864201.0,8063.297
ss-55-300000,1784514755863.315,1784514756665,1784514764201.0,1784514765176.6135,801.685,7536.0,975.614,1784513864201.0,9313.299
ss-5-300000,1784514759113.3176,1784514759815,1784514764202.0,1784514765176.6196,701.682,4387.0,974.62,1784513864202.0,6063.302
ss-13-300000,1784514759563.322,1784514759815,1784514764202.0,1784514765176.6206,251.678,4387.0,974.621,1784513864202.0,5613.299
ss-46-300000,1784514762113.3196,1784514762965,1784514764202.0,1784514765176.6223,851.68,1237.0,974.622,1784513864202.0,3063.303
ss-37-300000,1784514748763.3179,1784514749365,1784514764202.0,1784514765176.6235,601.682,14837.0,974.624,1784513864202.0,16413.306
ss-42-300000,1784514761663.3142,1784514761915,1784514764202.0,1784514765176.6245,251.686,2287.0,974.625,1784513864202.0,3513.31
ss-44-300000,1784514762263.3162,1784514762965,1784514764202.0,1784514765176.6255,701.684,1237.0,974.625,1784513864202.0,2913.309
ss-32-300000,1784514763263.3281,1784514764015,1784514764203.0,1784514765176.6265,751.672,188.0,973.626,1784513864203.0,1913.298
ss-75-300000,1784514763063.316,1784514764015,1784514764203.0,1784514765176.6357,951.684,188.0,973.636,1784513864203.0,2113.32
ss-66-300000,1784514754313.3193,1784514754617,1784514764203.0,1784514765176.637,303.681,9586.0,973.637,1784513864203.0,10863.318
ss-88-300000,1784514762563.316,1784514762965,1784514764203.0,1784514765176.7192,401.684,1238.0,973.719,1784513864203.0,2613.403
ss-59-300000,1784514762713.3162,1784514762965,1784514764203.0,1784514765176.7224,251.684,1238.0,973.722,1784513864203.0,2463.406
ss-80-300000,1784514763163.3142,1784514764015,1784514764203.0,1784514765176.7344,851.686,188.0,973.734,1784513864203.0,2013.42
ss-61-300000,1784514761763.319,1784514761915,1784514764204.0,1784514765176.7502,151.681,2289.0,972.75,1784513864204.0,3413.431
ss-25-300000,1784514763363.3171,1784514764015,1784514764204.0,1784514765176.751,651.683,189.0,972.751,1784513864204.0,1813.434
ss-74-300000,1784514758013.3152,1784514758765,1784514764204.0,1784514765176.752,751.685,5439.0,972.752,1784513864204.0,7163.437
ss-94-300000,1784514753863.316,1784514754617,1784514764204.0,1784514765176.753,753.684,9587.0,972.753,1784513864204.0,11313.437
ss-0-300000,1784514758513.3093,1784514758765,1784514764204.0,1784514765176.7585,251.691,5439.0,972.759,1784513864204.0,6663.449
ss-82-300000,1784514758563.3157,1784514758765,1784514764204.0,1784514765176.7654,201.684,5439.0,972.765,1784513864204.0,6613.45
ss-30-300000,1784514763463.3193,1784514764015,1784514764205.0,1784514765176.766,551.681,190.0,971.766,1784513864205.0,1713.447
ss-81-300000,1784514762913.3313,1784514762965,1784514764205.0,1784514765176.7668,51.669,1240.0,971.767,1784513864205.0,2263.436
ss-89-300000,1784514759663.318,1784514759815,1784514764205.0,1784514765176.7676,151.682,4390.0,971.768,1784513864205.0,5513.449
ss-85-300000,1784514755363.345,1784514755616,1784514764205.0,1784514765176.774,252.655,8589.0,971.774,1784513864205.0,9813.429
ss-2-300000,1784514756313.318,1784514756665,1784514764205.0,1784514765176.7747,351.682,7540.0,971.775,1784513864205.0,8863.457
ss-54-300000,1784514759963.319,1784514760865,1784514764205.0,1784514765176.7751,901.681,3340.0,971.775,1784513864205.0,5213.456
ss-72-300000,1784514760113.3157,1784514760865,1784514764205.0,1784514765176.7756,751.684,3340.0,971.776,1784513864205.0,5063.46
ss-97-300000,1784514760913.3162,1784514761915,1784514764206.0,1784514765176.7764,1001.684,2291.0,970.776,1784513864206.0,4263.46
ss-34-300000,1784514758863.3257,1784514759815,1784514764206.0,1784514765176.7937,951.674,4391.0,970.794,1784513864206.0,6313.468
ss-4-300000,1784514757913.3135,1784514758765,1784514764206.0,1784514765176.7944,851.687,5441.0,970.794,1784513864206.0,7263.481
ss-35-300000,1784514753063.317,1784514753565,1784514764206.0,1784514765176.8008,501.683,10641.0,970.801,1784513864206.0,12113.484
ss-22-300000,1784514760763.3167,1784514760865,1784514764206.0,1784514765176.8064,101.683,3341.0,970.806,1784513864206.0,4413.49
ss-93-300000,1784514761313.3184,1784514761915,1784514764206.0,1784514765176.8516,601.682,2291.0,970.852,1784513864206.0,3863.533
ss-27-300000,1784514760663.316,1784514760865,1784514764206.0,1784514765176.8535,201.684,3341.0,970.854,1784513864206.0,4513.538
ss-9-300000,1784514756213.3223,1784514756665,1784514764207.0,1784514765176.9956,451.678,7542.0,969.996,1784513864207.0,8963.673
ss-87-300000,1784514763563.3086,1784514764015,1784514764207.0,1784514765176.9978,451.691,192.0,969.998,1784513864207.0,1613.689
ss-50-300000,1784514757863.3142,1784514758765,1784514764207.0,1784514765176.9993,901.686,5442.0,969.999,1784513864207.0,7313.685
ss-51-300000,1784514759263.3196,1784514759815,1784514764207.0,1784514765177.0015,551.68,4392.0,970.001,1784513864207.0,5913.682
ss-18-300000,1784514743763.3235,1784514744115,1784514764207.0,1784514765177.0027,351.677,20092.0,970.003,1784513864207.0,21413.679
ss-41-300000,1784514758963.316,1784514759815,1784514764207.0,1784514765177.0037,851.684,4392.0,970.004,1784513864207.0,6213.688
ss-26-300000,1784514759713.3145,1784514759815,1784514764208.0,1784514765177.0046,101.686,4393.0,969.005,1784513864208.0,5463.69
ss-53-300000,1784514758163.3118,1784514758765,1784514764208.0,1784514765177.0054,601.688,5443.0,969.005,1784513864208.0,7013.694
ss-48-300000,1784514755513.3208,1784514755616,1784514764208.0,1784514765177.0063,102.679,8592.0,969.006,1784513864208.0,9663.686
ss-90-300000,1784514763613.3179,1784514764015,1784514764208.0,1784514765177.0088,401.682,193.0,969.009,1784513864208.0,1563.691
ss-16-300000,1784514752263.3171,1784514752515,1784514764208.0,1784514765177.0098,251.683,11693.0,969.01,1784513864208.0,12913.693
ss-56-300000,1784514754663.3213,1784514755616,1784514764208.0,1784514765177.011,952.679,8592.0,969.011,1784513864208.0,10513.69
ss-92-300000,1784514754013.3274,1784514754617,1784514764208.0,1784514765177.0117,603.673,9591.0,969.012,1784513864208.0,11163.684
ss-45-300000,1784514758213.3208,1784514758765,1784514764209.0,1784514765177.013,551.679,5444.0,968.013,1784513864209.0,6963.692
ss-86-300000,1784514761363.3198,1784514761915,1784514764209.0,1784514765177.0251,551.68,2294.0,968.025,1784513864209.0,3813.705
ss-68-300000,1784514759413.3225,1784514759815,1784514764209.0,1784514765177.026,401.677,4394.0,968.026,1784513864209.0,5763.703
ss-15-300000,1784514760163.3176,1784514760865,1784514764209.0,1784514765177.0378,701.682,3344.0,968.038,1784513864209.0,5013.72
ss-73-300000,1784514747863.3264,1784514748316,1784514764209.0,1784514765177.0386,452.674,15893.0,968.039,1784513864209.0,17313.712
ss-78-300000,1784514745613.3223,1784514746216,1784514764209.0,1784514765177.039,602.678,17993.0,968.039,1784513864209.0,19563.717
ss-39-300000,1784514752213.3145,1784514752515,1784514764210.0,1784514765177.0396,301.686,11695.0,967.04,1784513864210.0,12963.725
ss-1-300000,1784514752863.3184,1784514753565,1784514764210.0,1784514765177.0403,701.682,10645.0,967.04,1784513864210.0,12313.722
ss-36-300000,1784514731863.3252,1784514732565,1784514764210.0,1784514765177.0771,701.675,31645.0,967.077,1784513864210.0,33313.752
ss-76-300000,1784514760563.316,1784514760865,1784514764210.0,1784514765177.0781,301.684,3345.0,967.078,1784513864210.0,4613.762
ss-77-300000,1784514761963.3198,1784514762965,1784514764210.0,1784514765177.079,1001.68,1245.0,967.079,1784513864210.0,3213.759
ss-7-300000,1784514760463.3154,1784514760865,1784514764210.0,1784514765177.0798,401.685,3345.0,967.08,1784513864210.0,4713.764
ss-12-300000,1784514760613.3171,1784514760865,1784514764210.0,1784514765177.0806,251.683,3345.0,967.081,1784513864210.0,4563.763
ss-99-300000,1784514761863.314,1784514761915,1784514764210.0,1784514765177.0815,51.686,2295.0,967.082,1784513864210.0,3313.768
ss-38-300000,1784514762613.3293,1784514762965,1784514764211.0,1784514765177.0828,351.671,1246.0,966.083,1784513864211.0,2563.753
ss-83-300000,1784514763113.315,1784514764015,1784514764211.0,1784514765177.0896,901.685,196.0,966.09,1784513864211.0,2063.775
ss-58-300000,1784514763413.3167,1784514764015,1784514764211.0,1784514765177.0906,601.683,196.0,966.091,1784513864211.0,1763.774
ss-47-300000,1784514758263.319,1784514758765,1784514764211.0,1784514765177.1,501.681,5446.0,966.1,1784513864211.0,6913.781
ss-98-300000,1784514762413.3193,1784514762965,1784514764211.0,1784514765177.1057,551.681,1246.0,966.106,1784513864211.0,2763.786
ss-43-300000,1784514752613.3174,1784514753565,1784514764211.0,1784514765177.1067,951.683,10646.0,966.107,1784513864211.0,12563.789
ss-95-300000,1784514763013.3171,1784514764015,1784514764211.0,1784514765177.1072,1001.683,196.0,966.107,1784513864211.0,2163.79
ss-21-300000,1784514762813.318,1784514762965,1784514764211.0,1784514765177.1138,151.682,1246.0,966.114,1784513864211.0,2363.796
ss-14-300000,1784514760063.3208,1784514760865,1784514764212.0,1784514765177.1143,801.679,3347.0,965.114,1784513864212.0,5113.793
ss-11-300000,1784514761213.3127,1784514761915,1784514764212.0,1784514765177.1267,701.687,2297.0,965.127,1784513864212.0,3963.814
ss-91-300000,1784514754263.3218,1784514754617,1784514764212.0,1784514765177.132,353.678,9595.0,965.132,1784513864212.0,10913.81
ss-62-300000,1784514756463.327,1784514756665,1784514764212.0,1784514765177.1326,201.673,7547.0,965.133,1784513864212.0,8713.806
ss-69-300000,1784514758913.3225,1784514759815,1784514764212.0,1784514765177.1658,901.677,4397.0,965.166,1784513864212.0,6263.843
ss-96-300000,1784514756613.3196,1784514756665,1784514764212.0,1784514765177.1667,51.68,7547.0,965.167,1784513864212.0,8563.847
ss-49-300000,1784514762863.3176,1784514762965,1784514764212.0,1784514765177.1738,101.682,1247.0,965.174,1784513864212.0,2313.856
ss-3-300000,1784514749613.3267,1784514750415,1784514764212.0,1784514765177.1804,801.673,13797.0,965.18,1784513864212.0,15563.854
ss-10-300000,1784514760863.3171,1784514760865,1784514764213.0,1784514765177.181,1.683,3348.0,964.181,1784513864213.0,4313.864
ss-79-300000,1784514760013.3132,1784514760865,1784514764213.0,1784514765177.1868,851.687,3348.0,964.187,1784513864213.0,5163.874
ss-52-300000,1784514762163.3174,1784514762965,1784514764213.0,1784514765177.1873,801.683,1248.0,964.187,1784513864213.0,3013.87
ss-64-300000,1784514743913.3098,1784514744115,1784514764213.0,1784514765177.2222,201.69,20098.0,964.222,1784513864213.0,21263.912
ss-19-300000,1784514761413.3171,1784514761915,1784514764213.0,1784514765177.223,501.683,2298.0,964.223,1784513864213.0,3763.906
ss-70-300000,1784514757763.3164,1784514758765,1784514764213.0,1784514765177.23,1001.684,5448.0,964.23,1784513864213.0,7413.914
ss-29-300000,1784514763313.3225,1784514764015,1784514764213.0,1784514765177.231,701.677,198.0,964.231,1784513864213.0,1863.908
ss-6-300000,1784514762663.3203,1784514762965,1784514764214.0,1784514765177.2317,301.68,1249.0,963.232,1784513864214.0,2513.911
ss-23-300000,1784514761013.3118,1784514761915,1784514764214.0,1784514765177.2327,901.688,2299.0,963.233,1784513864214.0,4163.921
ss-65-360000,1784514793463.3274,1784514794465,1784514794602.0,1784514795260.7725,1001.673,137.0,658.772,1784513834602.0,1797.445
ss-17-360000,1784514784913.3147,1784514785016,1784514794602.0,1784514795260.777,102.685,9586.0,658.777,1784513834602.0,10347.462
ss-3-360000,1784514793513.318,1784514794465,1784514794603.0,1784514795260.7788,951.682,138.0,657.779,1784513834603.0,1747.461
ss-19-360000,1784514777713.3247,1784514778715,1784514794603.0,1784514795260.7805,1001.675,15888.0,657.781,1784513834603.0,17547.456
ss-8-360000,1784514791863.3118,1784514792365,1784514794603.0,1784514795260.782,501.688,2238.0,657.782,1784513834603.0,3397.47
ss-71-360000,1784514791463.316,1784514792365,1784514794603.0,1784514795260.7834,901.684,2238.0,657.783,1784513834603.0,3797.468
ss-60-360000,1784514793563.3225,1784514794465,1784514794603.0,1784514795260.7844,901.677,138.0,657.784,1784513834603.0,1697.462
ss-31-360000,1784514790513.3152,1784514791315,1784514794603.0,1784514795260.7856,801.685,3288.0,657.786,1784513834603.0,4747.47
ss-57-360000,1784514792963.6873,1784514793415,1784514794603.0,1784514795260.7866,451.313,1188.0,657.787,1784513834603.0,2297.099
ss-67-360000,1784514781813.3186,1784514781865,1784514794603.0,1784514795260.7878,51.681,12738.0,657.788,1784513834603.0,13447.469
ss-63-360000,1784514780563.3223,1784514780815,1784514794604.0,1784514795260.789,251.678,13789.0,656.789,1784513834604.0,14697.467
ss-20-360000,1784514786013.326,1784514786065,1784514794604.0,1784514795260.79,51.674,8539.0,656.79,1784513834604.0,9247.464
ss-40-360000,1784514793013.3164,1784514793415,1784514794604.0,1784514795260.792,401.684,1189.0,656.792,1784513834604.0,2247.476
ss-84-360000,1784514793113.3152,1784514793415,1784514794604.0,1784514795260.793,301.685,1189.0,656.793,1784513834604.0,2147.478
ss-33-360000,1784514787613.316,1784514788165,1784514794604.0,1784514795260.794,551.684,6439.0,656.794,1784513834604.0,7647.478
ss-24-360000,1784514790763.325,1784514791315,1784514794604.0,1784514795260.795,551.675,3289.0,656.795,1784513834604.0,4497.47
ss-28-360000,1784514790813.3154,1784514791315,1784514794605.0,1784514795260.7957,501.685,3290.0,655.796,1784513834605.0,4447.48
ss-55-360000,1784514792413.3193,1784514793415,1784514794605.0,1784514795260.8276,1001.681,1190.0,655.828,1784513834605.0,2847.508
ss-13-360000,1784514781663.315,1784514781865,1784514794605.0,1784514795260.8289,201.685,12740.0,655.829,1784513834605.0,13597.514
ss-5-360000,1784514783863.3105,1784514783965,1784514794605.0,1784514795260.8298,101.689,10640.0,655.83,1784513834605.0,11397.519
ss-37-360000,1784514789963.3218,1784514790265,1784514794605.0,1784514795260.8306,301.678,4340.0,655.831,1784513834605.0,5297.509
ss-80-360000,1784514793413.32,1784514793415,1784514794605.0,1784514795260.8376,1.68,1190.0,655.838,1784513834605.0,1847.518
ss-44-360000,1784514789163.3186,1784514789215,1784514794605.0,1784514795260.8447,51.681,5390.0,655.845,1784513834605.0,6097.526
ss-46-360000,1784514793163.3242,1784514793415,1784514794605.0,1784514795260.846,251.676,1190.0,655.846,1784513834605.0,2097.522
ss-42-360000,1784514789213.317,1784514789215,1784514794605.0,1784514795260.847,1.683,5390.0,655.847,1784513834605.0,6047.53
ss-32-360000,1784514793313.3176,1784514793415,1784514794606.0,1784514795260.848,101.682,1191.0,654.848,1784513834606.0,1947.53
ss-75-360000,1784514789463.3174,1784514790265,1784514794606.0,1784514795260.8486,801.683,4341.0,654.849,1784513834606.0,5797.531
ss-66-360000,1784514792513.313,1784514793415,1784514794606.0,1784514795261.5732,901.687,1191.0,655.573,1784513834606.0,2748.26
ss-59-360000,1784514792763.3145,1784514793415,1784514794606.0,1784514795261.5767,651.686,1191.0,655.577,1784513834606.0,2498.262
ss-25-360000,1784514781063.3213,1784514781865,1784514794606.0,1784514795261.5776,801.679,12741.0,655.578,1784513834606.0,14198.256
ss-61-360000,1784514792713.3157,1784514793415,1784514794606.0,1784514795261.579,701.684,1191.0,655.579,1784513834606.0,2548.263
ss-0-360000,1784514791063.317,1784514791315,1784514794606.0,1784514795261.5806,251.683,3291.0,655.581,1784513834606.0,4198.264
ss-30-360000,1784514783363.3118,1784514783965,1784514794607.0,1784514795261.5813,601.688,10642.0,654.581,1784513834607.0,11898.27
ss-89-360000,1784514780663.3176,1784514780815,1784514794607.0,1784514795261.5825,151.682,13792.0,654.583,1784513834607.0,14598.265
ss-74-360000,1784514789863.3088,1784514790265,1784514794607.0,1784514795261.5835,401.691,4342.0,654.583,1784513834607.0,5398.275
ss-81-360000,1784514779863.3145,1784514780815,1784514794607.0,1784514795261.5842,951.686,13792.0,654.584,1784513834607.0,15398.27
ss-2-360000,1784514785613.325,1784514786065,1784514794607.0,1784514795261.585,451.675,8542.0,654.585,1784513834607.0,9648.26
ss-85-360000,1784514784563.321,1784514785016,1784514794607.0,1784514795261.5854,452.679,9591.0,654.585,1784513834607.0,10698.264
ss-54-360000,1784514783063.3154,1784514783965,1784514794607.0,1784514795261.586,901.685,10642.0,654.586,1784513834607.0,12198.271
ss-97-360000,1784514790663.3176,1784514791315,1784514794607.0,1784514795261.5872,651.682,3292.0,654.587,1784513834607.0,4598.27
ss-72-360000,1784514778113.3306,1784514778715,1784514794608.0,1784514795261.5876,601.669,15893.0,653.588,1784513834608.0,17148.257
ss-34-360000,1784514790013.3213,1784514790265,1784514794608.0,1784514795261.5884,251.679,4343.0,653.588,1784513834608.0,5248.267
ss-94-360000,1784514793613.3206,1784514794465,1784514794608.0,1784514795261.594,851.679,143.0,653.594,1784513834608.0,1648.273
ss-35-360000,1784514788413.3132,1784514789215,1784514794608.0,1784514795261.5984,801.687,5393.0,653.598,1784513834608.0,6848.285
ss-9-360000,1784514792913.3186,1784514793415,1784514794608.0,1784514795261.599,501.681,1193.0,653.599,1784513834608.0,2348.281
ss-93-360000,1784514792863.328,1784514793415,1784514794608.0,1784514795261.6191,551.672,1193.0,653.619,1784513834608.0,2398.291
ss-22-360000,1784514791663.3179,1784514792365,1784514794608.0,1784514795261.62,701.682,2243.0,653.62,1784513834608.0,3598.302
ss-87-360000,1784514787163.3215,1784514788165,1784514794608.0,1784514795261.6206,1001.678,6443.0,653.621,1784513834608.0,8098.299
ss-27-360000,1784514792213.316,1784514792365,1784514794609.0,1784514795261.6218,151.684,2244.0,652.622,1784513834609.0,3048.306
ss-50-360000,1784514787913.3162,1784514788165,1784514794609.0,1784514795261.6226,251.684,6444.0,652.623,1784513834609.0,7348.306
ss-51-360000,1784514791563.3184,1784514792365,1784514794609.0,1784514795261.623,801.682,2244.0,652.623,1784513834609.0,3698.305
ss-18-360000,1784514789613.3188,1784514790265,1784514794609.0,1784514795261.6238,651.681,4344.0,652.624,1784513834609.0,5648.305
ss-41-360000,1784514788913.3037,1784514789215,1784514794609.0,1784514795261.6243,301.696,5394.0,652.624,1784513834609.0,6348.321
ss-26-360000,1784514793063.3142,1784514793415,1784514794609.0,1784514795261.6248,351.686,1194.0,652.625,1784513834609.0,2198.311
ss-48-360000,1784514792313.311,1784514792365,1784514794609.0,1784514795261.6252,51.689,2244.0,652.625,1784513834609.0,2948.314
ss-16-360000,1784514790063.311,1784514790265,1784514794610.0,1784514795261.6257,201.689,4345.0,651.626,1784513834610.0,5198.315
ss-53-360000,1784514776913.3164,1784514777665,1784514794610.0,1784514795261.6262,751.684,16945.0,651.626,1784513834610.0,18348.31
ss-82-360000,1784514790963.3147,1784514791315,1784514794610.0,1784514795261.6267,351.685,3295.0,651.627,1784513834610.0,4298.312
ss-90-360000,1784514782413.3245,1784514782916,1784514794610.0,1784514795261.6272,502.676,11694.0,651.627,1784513834610.0,12848.303
ss-56-360000,1784514791763.3196,1784514792365,1784514794610.0,1784514795261.628,601.68,2245.0,651.628,1784513834610.0,3498.308
ss-45-360000,1784514790115.604,1784514790265,1784514794610.0,1784514795261.6287,149.396,4345.0,651.629,1784513834610.0,5146.025
ss-92-360000,1784514788263.3193,1784514789215,1784514794611.0,1784514795261.6292,951.681,5396.0,650.629,1784513834611.0,6998.31
ss-68-360000,1784514788063.3152,1784514788165,1784514794611.0,1784514795261.6296,101.685,6446.0,650.63,1784513834611.0,7198.314
ss-15-360000,1784514793213.3394,1784514793415,1784514794611.0,1784514795261.646,201.661,1196.0,650.646,1784513834611.0,2048.307
ss-73-360000,1784514781413.3276,1784514781865,1784514794611.0,1784514795261.65,451.672,12746.0,650.65,1784513834611.0,13848.322
ss-78-360000,1784514792263.3198,1784514792365,1784514794611.0,1784514795261.6504,101.68,2246.0,650.65,1784513834611.0,2998.331
ss-86-360000,1784514783263.3157,1784514783965,1784514794611.0,1784514795261.6511,701.684,10646.0,650.651,1784513834611.0,11998.335
ss-36-360000,1784514791263.3186,1784514791315,1784514794611.0,1784514795261.6519,51.681,3296.0,650.652,1784513834611.0,3998.333
ss-39-360000,1784514777313.3213,1784514777665,1784514794611.0,1784514795261.6523,351.679,16946.0,650.652,1784513834611.0,17948.331
ss-76-360000,1784514774113.324,1784514774515,1784514794612.0,1784514795261.653,401.676,20097.0,649.653,1784513834612.0,21148.329
ss-1-360000,1784514786913.3125,1784514787115,1784514794612.0,1784514795261.6538,201.688,7497.0,649.654,1784513834612.0,8348.341
ss-47-360000,1784514791213.3203,1784514791315,1784514794612.0,1784514795261.6577,101.68,3297.0,649.658,1784513834612.0,4048.337
ss-7-360000,1784514792463.32,1784514793415,1784514794612.0,1784514795261.6584,951.68,1197.0,649.658,1784513834612.0,2798.338
ss-77-360000,1784514783663.3174,1784514783965,1784514794612.0,1784514795261.659,301.683,10647.0,649.659,1784513834612.0,11598.342
ss-99-360000,1784514786663.32,1784514787115,1784514794613.0,1784514795261.6594,451.68,7498.0,648.659,1784513834613.0,8598.339
ss-12-360000,1784514792663.3179,1784514793415,1784514794613.0,1784514795261.663,751.682,1198.0,648.663,1784513834613.0,2598.345
ss-38-360000,1784514788613.3179,1784514789215,1784514794613.0,1784514795261.664,601.682,5398.0,648.664,1784513834613.0,6648.346
ss-58-360000,1784514792813.313,1784514793415,1784514794613.0,1784514795261.6682,601.687,1198.0,648.668,1784513834613.0,2448.355
ss-98-360000,1784514788463.3113,1784514789215,1784514794613.0,1784514795261.6687,751.689,5398.0,648.669,1784513834613.0,6798.357
ss-43-360000,1784514792013.317,1784514792365,1784514794613.0,1784514795261.6692,351.683,2248.0,648.669,1784513834613.0,3248.352
ss-95-360000,1784514787263.3296,1784514788165,1784514794613.0,1784514795261.6697,901.67,6448.0,648.67,1784513834613.0,7998.34
ss-83-360000,1784514787663.316,1784514788165,1784514794614.0,1784514795261.6787,501.684,6449.0,647.679,1784513834614.0,7598.363
ss-88-360000,1784514788713.3186,1784514789215,1784514794614.0,1784514795261.6794,501.681,5399.0,647.679,1784513834614.0,6548.361
ss-14-360000,1784514791413.3164,1784514792365,1784514794614.0,1784514795261.68,951.684,2249.0,647.68,1784513834614.0,3848.364
ss-11-360000,1784514789813.3167,1784514790265,1784514794614.0,1784514795261.6804,451.683,4349.0,647.68,1784513834614.0,5448.364
ss-91-360000,1784514787013.3176,1784514787115,1784514794614.0,1784514795261.6812,101.682,7499.0,647.681,1784513834614.0,8248.364
ss-4-360000,1784514786063.3174,1784514786065,1784514794614.0,1784514795261.682,1.683,8549.0,647.682,1784513834614.0,9198.365
ss-21-360000,1784514790563.3171,1784514791315,1784514794614.0,1784514795261.6829,751.683,3299.0,647.683,1784513834614.0,4698.366
ss-69-360000,1784514790163.3157,1784514790265,1784514794614.0,1784514795261.6833,101.684,4349.0,647.683,1784513834614.0,5098.368
ss-49-360000,1784514790863.3186,1784514791315,1784514794615.0,1784514795261.6838,451.681,3300.0,646.684,1784513834615.0,4398.365
ss-62-360000,1784514791613.3142,1784514792365,1784514794615.0,1784514795261.6843,751.686,2250.0,646.684,1784513834615.0,3648.37
ss-96-360000,1784514787313.314,1784514788165,1784514794615.0,1784514795261.685,851.686,6450.0,646.685,1784513834615.0,7948.371
ss-10-360000,1784514785963.3206,1784514786065,1784514794615.0,1784514795261.6853,101.679,8550.0,646.685,1784513834615.0,9298.365
ss-52-360000,1784514788663.3198,1784514789215,1784514794615.0,1784514795261.6914,551.68,5400.0,646.691,1784513834615.0,6598.372
ss-79-360000,1784514789263.3186,1784514790265,1784514794615.0,1784514795261.6921,1001.681,4350.0,646.692,1784513834615.0,5998.374
ss-64-360000,1784514782813.3306,1784514782916,1784514794615.0,1784514795261.6926,102.669,11699.0,646.693,1784513834615.0,12448.362
ss-6-360000,1784514786413.3108,1784514787115,1784514794615.0,1784514795261.6934,701.689,7500.0,646.693,1784513834615.0,8848.383
ss-70-360000,1784514771113.3206,1784514771365,1784514794616.0,1784514795261.6938,251.679,23251.0,645.694,1784513834616.0,24148.373
ss-29-360000,1784514791713.317,1784514792365,1784514794616.0,1784514795261.6943,651.683,2251.0,645.694,1784513834616.0,3548.377
ss-23-360000,1784514789563.3213,1784514790265,1784514794616.0,1784514795261.7012,701.679,4351.0,645.701,1784513834616.0,5698.38
ss-29-420000,1784514823363.3198,1784514823815,1784514824029.0,1784514824270.3918,451.68,214.0,241.392,1784513804029.0,907.072
ss-3-420000,1784514823413.318,1784514823815,1784514824029.0,1784514824270.395,401.682,214.0,241.395,1784513804029.0,857.077
ss-6-420000,1784514816213.3154,1784514816518,1784514824029.0,1784514824270.3962,304.685,7511.0,241.396,1784513804029.0,8057.081
ss-65-420000,1784514818663.3198,1784514819615,1784514824030.0,1784514824270.397,951.68,4415.0,240.397,1784513804030.0,5607.077
ss-8-420000,1784514818913.3188,1784514819615,1784514824030.0,1784514824270.3975,701.681,4415.0,240.397,1784513804030.0,5357.079
ss-96-420000,1784514810963.319,1784514811265,1784514824030.0,1784514824270.398,301.681,12765.0,240.398,1784513804030.0,13307.079
ss-60-420000,1784514818613.3184,1784514819615,1784514824030.0,1784514824270.399,1001.682,4415.0,240.399,1784513804030.0,5657.081
ss-70-420000,1784514822013.3328,1784514822765,1784514824030.0,1784514824270.4,751.667,1265.0,240.4,1784513804030.0,2257.067
ss-31-420000,1784514817713.3135,1784514818565,1784514824030.0,1784514824270.4004,851.687,5465.0,240.4,1784513804030.0,6557.087
ss-57-420000,1784514806863.3076,1784514807065,1784514824030.0,1784514824270.401,201.692,16965.0,240.401,1784513804030.0,17407.093
ss-17-420000,1784514821613.3198,1784514821716,1784514824030.0,1784514824270.4014,102.68,2314.0,240.401,1784513804030.0,2657.082
ss-71-420000,1784514817363.3032,1784514817518,1784514824031.0,1784514824270.4019,154.697,6513.0,239.402,1784513804031.0,6907.099
ss-63-420000,1784514821363.3174,1784514821716,1784514824031.0,1784514824270.402,352.683,2315.0,239.402,1784513804031.0,2907.085
ss-84-420000,1784514819713.3218,1784514820665,1784514824031.0,1784514824270.4026,951.678,3366.0,239.403,1784513804031.0,4557.081
ss-20-420000,1784514822913.3186,1784514823815,1784514824031.0,1784514824270.426,901.681,216.0,239.426,1784513804031.0,1357.107
ss-40-420000,1784514818163.3186,1784514818565,1784514824031.0,1784514824270.4272,401.681,5466.0,239.427,1784513804031.0,6107.109
ss-67-420000,1784514813913.3171,1784514814415,1784514824031.0,1784514824270.428,501.683,9616.0,239.428,1784513804031.0,10357.111
ss-88-420000,1784514821413.321,1784514821716,1784514824031.0,1784514824270.4285,302.679,2315.0,239.428,1784513804031.0,2857.107
ss-28-420000,1784514821713.3206,1784514821716,1784514824031.0,1784514824270.429,2.679,2315.0,239.429,1784513804031.0,2557.108
ss-24-420000,1784514822163.3157,1784514822765,1784514824032.0,1784514824270.4294,601.684,1267.0,238.429,1784513804032.0,2107.114
ss-33-420000,1784514821013.3193,1784514821716,1784514824032.0,1784514824270.43,702.681,2316.0,238.43,1784513804032.0,3257.111
ss-13-420000,1784514821913.3171,1784514822765,1784514824032.0,1784514824270.4304,851.683,1267.0,238.43,1784513804032.0,2357.113
ss-5-420000,1784514801413.3188,1784514801815,1784514824032.0,1784514824270.431,401.681,22217.0,238.431,1784513804032.0,22857.112
ss-55-420000,1784514823213.3232,1784514823815,1784514824032.0,1784514824270.4316,601.677,217.0,238.432,1784513804032.0,1057.108
ss-44-420000,1784514812913.3113,1784514813365,1784514824032.0,1784514824270.4321,451.689,10667.0,238.432,1784513804032.0,11357.121
ss-32-420000,1784514823313.3198,1784514823815,1784514824032.0,1784514824270.4329,501.68,217.0,238.433,1784513804032.0,957.113
ss-37-420000,1784514804663.324,1784514804965,1784514824032.0,1784514824270.4336,301.676,19067.0,238.434,1784513804032.0,19607.11
ss-75-420000,1784514818413.317,1784514818565,1784514824032.0,1784514824270.4348,151.683,5467.0,238.435,1784513804032.0,5857.118
ss-94-420000,1784514819763.3174,1784514820665,1784514824033.0,1784514824270.435,901.683,3368.0,237.435,1784513804033.0,4507.118
ss-46-420000,1784514821163.3223,1784514821716,1784514824033.0,1784514824270.4358,552.678,2317.0,237.436,1784513804033.0,3107.114
ss-66-420000,1784514818563.3154,1784514818565,1784514824033.0,1784514824270.446,1.685,5468.0,237.446,1784513804033.0,5707.131
ss-59-420000,1784514815613.3389,1784514816518,1784514824033.0,1784514824270.4465,904.661,7515.0,237.447,1784513804033.0,8657.108
ss-25-420000,1784514823113.325,1784514823815,1784514824033.0,1784514824270.4473,701.675,218.0,237.447,1784513804033.0,1157.122
ss-61-420000,1784514820813.317,1784514821716,1784514824033.0,1784514824270.4475,902.683,2317.0,237.448,1784513804033.0,3457.131
ss-0-420000,1784514819313.3174,1784514819615,1784514824033.0,1784514824270.448,301.683,4418.0,237.448,1784513804033.0,4957.131
ss-30-420000,1784514816463.32,1784514816518,1784514824034.0,1784514824270.4521,54.68,7516.0,236.452,1784513804034.0,7807.132
ss-89-420000,1784514809463.3164,1784514810215,1784514824034.0,1784514824270.4526,751.684,13819.0,236.453,1784513804034.0,14807.136
ss-85-420000,1784514814813.3171,1784514815465,1784514824034.0,1784514824270.4531,651.683,8569.0,236.453,1784513804034.0,9457.136
ss-81-420000,1784514814363.3108,1784514814415,1784514824034.0,1784514824270.4536,51.689,9619.0,236.454,1784513804034.0,9907.143
ss-2-420000,1784514822713.3167,1784514822765,1784514824034.0,1784514824270.454,51.683,1269.0,236.454,1784513804034.0,1557.137
ss-97-420000,1784514815163.3271,1784514815465,1784514824034.0,1784514824270.4546,301.673,8569.0,236.455,1784513804034.0,9107.127
ss-72-420000,1784514815213.3245,1784514815465,1784514824034.0,1784514824270.455,251.676,8569.0,236.455,1784513804034.0,9057.131
ss-54-420000,1784514822313.3215,1784514822765,1784514824035.0,1784514824270.4556,451.678,1270.0,235.456,1784513804035.0,1957.134
ss-34-420000,1784514817013.3057,1784514817518,1784514824035.0,1784514824270.456,504.694,6517.0,235.456,1784513804035.0,7257.15
ss-35-420000,1784514818513.3171,1784514818565,1784514824035.0,1784514824270.4565,51.683,5470.0,235.457,1784513804035.0,5757.139
ss-87-420000,1784514819813.3164,1784514820665,1784514824035.0,1784514824270.457,851.684,3370.0,235.457,1784513804035.0,4457.141
ss-93-420000,1784514822263.3184,1784514822765,1784514824035.0,1784514824270.4583,501.682,1270.0,235.458,1784513804035.0,2007.14
ss-9-420000,1784514814413.3174,1784514814415,1784514824035.0,1784514824270.468,1.683,9620.0,235.468,1784513804035.0,9857.151
ss-42-420000,1784514821313.3174,1784514821716,1784514824035.0,1784514824270.4688,402.683,2319.0,235.469,1784513804035.0,2957.151
ss-27-420000,1784514818013.3127,1784514818565,1784514824036.0,1784514824270.4692,551.687,5471.0,234.469,1784513804036.0,6257.156
ss-50-420000,1784514823263.3167,1784514823815,1784514824036.0,1784514824270.4697,551.683,221.0,234.47,1784513804036.0,1007.153
ss-22-420000,1784514823513.3164,1784514823815,1784514824036.0,1784514824270.4702,301.684,221.0,234.47,1784513804036.0,757.154
ss-51-420000,1784514819963.3154,1784514820665,1784514824036.0,1784514824270.4705,701.685,3371.0,234.47,1784513804036.0,4307.155
ss-18-420000,1784514821963.3198,1784514822765,1784514824036.0,1784514824270.471,801.68,1271.0,234.471,1784513804036.0,2307.151
ss-41-420000,1784514820763.3115,1784514821716,1784514824036.0,1784514824270.4714,952.688,2320.0,234.471,1784513804036.0,3507.16
ss-26-420000,1784514813363.3164,1784514813365,1784514824036.0,1784514824270.4717,1.684,10671.0,234.472,1784513804036.0,10907.155
ss-80-420000,1784514822813.316,1784514823815,1784514824037.0,1784514824270.4722,1001.684,222.0,233.472,1784513804037.0,1457.156
ss-48-420000,1784514814913.3196,1784514815465,1784514824037.0,1784514824270.4727,551.68,8572.0,233.473,1784513804037.0,9357.153
ss-16-420000,1784514822513.322,1784514822765,1784514824037.0,1784514824270.4731,251.678,1272.0,233.473,1784513804037.0,1757.151
ss-53-420000,1784514817413.3147,1784514817518,1784514824037.0,1784514824270.4736,104.685,6519.0,233.474,1784513804037.0,6857.159
ss-56-420000,1784514818363.318,1784514818565,1784514824037.0,1784514824270.474,201.682,5472.0,233.474,1784513804037.0,5907.156
ss-90-420000,1784514823463.3137,1784514823815,1784514824037.0,1784514824270.4746,351.686,222.0,233.475,1784513804037.0,807.161
ss-45-420000,1784514819413.3208,1784514819615,1784514824038.0,1784514824270.475,201.679,4423.0,232.475,1784513804038.0,4857.154
ss-68-420000,1784514808163.3232,1784514809165,1784514824038.0,1784514824270.6165,1001.677,14873.0,232.616,1784513804038.0,16107.293
ss-92-420000,1784514821863.312,1784514822765,1784514824038.0,1784514824270.6172,901.688,1273.0,232.617,1784513804038.0,2407.305
ss-15-420000,1784514823163.3228,1784514823815,1784514824038.0,1784514824270.6177,651.677,223.0,232.618,1784513804038.0,1107.295
ss-73-420000,1784514820063.3262,1784514820665,1784514824038.0,1784514824270.6182,601.674,3373.0,232.618,1784513804038.0,4207.292
ss-78-420000,1784514812413.3306,1784514813365,1784514824038.0,1784514824270.6187,951.669,10673.0,232.619,1784513804038.0,11857.288
ss-86-420000,1784514823063.3198,1784514823815,1784514824038.0,1784514824270.6191,751.68,223.0,232.619,1784513804038.0,1207.299
ss-36-420000,1784514820314.0625,1784514820665,1784514824039.0,1784514824270.6228,350.938,3374.0,231.623,1784513804039.0,3956.56
ss-4-420000,1784514822563.3193,1784514822765,1784514824039.0,1784514824270.6235,201.681,1274.0,231.624,1784513804039.0,1707.304
ss-74-420000,1784514816763.3184,1784514817518,1784514824039.0,1784514824270.624,754.682,6521.0,231.624,1784513804039.0,7507.306
ss-77-420000,1784514823013.3137,1784514823815,1784514824039.0,1784514824270.6245,801.686,224.0,231.625,1784513804039.0,1257.311
ss-39-420000,1784514821663.3164,1784514821716,1784514824039.0,1784514824270.6353,52.684,2323.0,231.635,1784513804039.0,2607.319
ss-76-420000,1784514774113.324,1784514774515,1784514824039.0,1784514824270.636,401.676,49524.0,231.636,1784513804039.0,50157.312
ss-12-420000,1784514818963.3135,1784514819615,1784514824039.0,1784514824270.6365,651.687,4424.0,231.636,1784513804039.0,5307.323
ss-7-420000,1784514822613.321,1784514822765,1784514824040.0,1784514824270.637,151.679,1275.0,230.637,1784513804040.0,1657.316
ss-82-420000,1784514810813.3184,1784514811265,1784514824040.0,1784514824270.6375,451.682,12775.0,230.637,1784513804040.0,13457.319
ss-99-420000,1784514816263.9365,1784514816518,1784514824040.0,1784514824270.6377,254.063,7522.0,230.638,1784513804040.0,8006.701
ss-38-420000,1784514819613.319,1784514819615,1784514824040.0,1784514824270.6504,1.681,4425.0,230.65,1784513804040.0,4657.331
ss-1-420000,1784514821263.3196,1784514821716,1784514824040.0,1784514824270.651,452.68,2324.0,230.651,1784513804040.0,3007.331
ss-47-420000,1784514821063.3162,1784514821716,1784514824041.0,1784514824270.6514,652.684,2325.0,229.651,1784513804041.0,3207.335
ss-98-420000,1784514817663.3176,1784514818565,1784514824041.0,1784514824270.6519,901.682,5476.0,229.652,1784513804041.0,6607.334
ss-58-420000,1784514801263.318,1784514801815,1784514824041.0,1784514824270.6523,551.682,22226.0,229.652,1784513804041.0,23007.334
ss-43-420000,1784514817613.3052,1784514818565,1784514824041.0,1784514824270.6528,951.695,5476.0,229.653,1784513804041.0,6657.348
ss-83-420000,1784514820263.3206,1784514820665,1784514824041.0,1784514824270.6533,401.679,3376.0,229.653,1784513804041.0,4007.333
ss-95-420000,1784514822213.3267,1784514822765,1784514824041.0,1784514824270.6538,551.673,1276.0,229.654,1784513804041.0,2057.327
ss-14-420000,1784514822863.3171,1784514823815,1784514824042.0,1784514824270.6543,951.683,227.0,228.654,1784513804042.0,1407.337
ss-91-420000,1784514816913.3103,1784514817518,1784514824042.0,1784514824270.6545,604.69,6524.0,228.655,1784513804042.0,7357.344
ss-11-420000,1784514822063.319,1784514822765,1784514824042.0,1784514824270.6553,701.681,1277.0,228.655,1784513804042.0,2207.336
ss-21-420000,1784514817513.3171,1784514817518,1784514824042.0,1784514824270.6592,4.683,6524.0,228.659,1784513804042.0,6757.342
ss-69-420000,1784514814713.3208,1784514815465,1784514824042.0,1784514824270.6597,751.679,8577.0,228.66,1784513804042.0,9557.339
ss-49-420000,1784514821113.3206,1784514821716,1784514824042.0,1784514824270.6602,602.679,2326.0,228.66,1784513804042.0,3157.34
ss-52-420000,1784514817813.3223,1784514818565,1784514824042.0,1784514824270.6606,751.678,5477.0,228.661,1784513804042.0,6457.338
ss-79-420000,1784514817863.2969,1784514818565,1784514824043.0,1784514824270.6636,701.703,5478.0,227.664,1784513804043.0,6407.367
ss-19-420000,1784514823613.32,1784514823815,1784514824043.0,1784514824270.664,201.68,228.0,227.664,1784513804043.0,657.344
ss-10-420000,1784514818063.3206,1784514818565,1784514824043.0,1784514824270.6829,501.679,5478.0,227.683,1784513804043.0,6207.362
ss-62-420000,1784514817163.3218,1784514817518,1784514824043.0,1784514824270.6836,354.678,6525.0,227.684,1784513804043.0,7107.362
ss-64-420000,1784514818713.3162,1784514819615,1784514824043.0,1784514824270.684,901.684,4428.0,227.684,1784513804043.0,5557.368
ss-23-420000,1784514823563.3176,1784514823815,1784514824043.0,1784514824270.6877,251.682,228.0,227.688,1784513804043.0,707.37
ss-6-480000,1784514846863.321,1784514846915,1784514854458.0,1784514855264.9644,51.679,7543.0,806.964,1784513774458.0,8401.643
ss-79-480000,1784514852463.3303,1784514853215,1784514854458.0,1784514855264.967,751.67,1243.0,806.967,1784513774458.0,2801.637
ss-23-480000,1784514852113.3145,1784514852166,1784514854458.0,1784514855264.968,52.686,2292.0,806.968,1784513774458.0,3151.654
ss-65-480000,1784514851663.5405,1784514852166,1784514854458.0,1784514855264.969,502.459,2292.0,806.969,1784513774458.0,3601.428
ss-8-480000,1784514851763.353,1784514852166,1784514854459.0,1784514855264.9702,402.647,2293.0,805.97,1784513774459.0,3501.617
ss-71-480000,1784514840663.322,1784514841665,1784514854459.0,1784514855264.971,1001.678,12794.0,805.971,1784513774459.0,14601.649
ss-60-480000,1784514847113.322,1784514847965,1784514854459.0,1784514855265.002,851.678,6494.0,806.002,1784513774459.0,8151.68
ss-31-480000,1784514844263.3223,1784514844815,1784514854459.0,1784514855265.0027,551.678,9644.0,806.003,1784513774459.0,11001.68
ss-17-480000,1784514850713.328,1784514851115,1784514854459.0,1784514855265.0034,401.672,3344.0,806.003,1784513774459.0,4551.676
ss-57-480000,1784514851313.3228,1784514852166,1784514854459.0,1784514855265.004,852.677,2293.0,806.004,1784513774459.0,3951.681
ss-84-480000,1784514853163.3276,1784514853215,1784514854459.0,1784514855265.0088,51.672,1244.0,806.009,1784513774459.0,2101.681
ss-70-480000,1784514850513.3208,1784514851115,1784514854459.0,1784514855265.0095,601.679,3344.0,806.01,1784513774459.0,4751.689
ss-20-480000,1784514852563.3403,1784514853215,1784514854459.0,1784514855265.0103,651.66,1244.0,806.01,1784513774459.0,2701.67
ss-67-480000,1784514848063.317,1784514849015,1784514854460.0,1784514855265.0107,951.683,5445.0,805.011,1784513774460.0,7201.694
ss-33-480000,1784514850163.331,1784514851115,1784514854460.0,1784514855265.0112,951.669,3345.0,805.011,1784513774460.0,5101.68
ss-63-480000,1784514838663.3179,1784514839565,1784514854460.0,1784514855265.0117,901.682,14895.0,805.012,1784513774460.0,16601.694
ss-40-480000,1784514852163.3308,1784514852166,1784514854460.0,1784514855265.0125,2.669,2294.0,805.012,1784513774460.0,3101.682
ss-55-480000,1784514847713.317,1784514847965,1784514854460.0,1784514855265.013,251.683,6495.0,805.013,1784513774460.0,7551.696
ss-24-480000,1784514845263.3162,1784514845865,1784514854460.0,1784514855265.0137,601.684,8595.0,805.014,1784513774460.0,10001.698
ss-96-480000,1784514842513.3372,1784514842715,1784514854460.0,1784514855265.06,201.663,11745.0,805.06,1784513774460.0,12751.723
ss-28-480000,1784514853563.3145,1784514854265,1784514854460.0,1784514855265.061,701.686,195.0,805.061,1784513774460.0,1701.747
ss-13-480000,1784514851463.3208,1784514852166,1784514854461.0,1784514855265.0615,702.679,2295.0,804.062,1784513774461.0,3801.741
ss-5-480000,1784514849863.317,1784514850065,1784514854461.0,1784514855265.062,201.683,4396.0,804.062,1784513774461.0,5401.745
ss-44-480000,1784514839563.3179,1784514839565,1784514854461.0,1784514855265.066,1.682,14896.0,804.066,1784513774461.0,15701.748
ss-37-480000,1784514852613.3184,1784514853215,1784514854461.0,1784514855265.0664,601.682,1246.0,804.066,1784513774461.0,2651.748
ss-32-480000,1784514842813.3213,1784514843765,1784514854461.0,1784514855265.067,951.679,10696.0,804.067,1784513774461.0,12451.746
ss-75-480000,1784514841163.317,1784514841665,1784514854461.0,1784514855265.0679,501.683,12796.0,804.068,1784513774461.0,14101.751
ss-66-480000,1784514851813.316,1784514852166,1784514854461.0,1784514855265.0684,352.684,2295.0,804.068,1784513774461.0,3451.752
ss-94-480000,1784514852713.3203,1784514853215,1784514854461.0,1784514855265.0688,501.68,1246.0,804.069,1784513774461.0,2551.749
ss-46-480000,1784514851263.312,1784514852166,1784514854462.0,1784514855265.0696,902.688,2296.0,803.07,1784513774462.0,4001.758
ss-82-480000,1784514850213.322,1784514851115,1784514854462.0,1784514855265.07,901.678,3347.0,803.07,1784513774462.0,5051.748
ss-25-480000,1784514853513.3154,1784514854265,1784514854462.0,1784514855265.0706,751.685,197.0,803.071,1784513774462.0,1751.755
ss-61-480000,1784514853213.3188,1784514853215,1784514854462.0,1784514855265.0894,1.681,1247.0,803.089,1784513774462.0,2051.771
ss-59-480000,1784514853413.3137,1784514854265,1784514854462.0,1784514855265.09,851.686,197.0,803.09,1784513774462.0,1851.776
ss-0-480000,1784514852963.3093,1784514853215,1784514854462.0,1784514855265.0906,251.691,1247.0,803.091,1784513774462.0,2301.781
ss-42-480000,1784514848363.317,1784514849015,1784514854462.0,1784514855265.091,651.683,5447.0,803.091,1784513774462.0,6901.774
ss-30-480000,1784514846463.3245,1784514846915,1784514854462.0,1784514855265.0916,451.676,7547.0,803.092,1784513774462.0,8801.767
ss-88-480000,1784514852013.3174,1784514852166,1784514854463.0,1784514855265.092,152.683,2297.0,802.092,1784513774463.0,3251.775
ss-89-480000,1784514853363.318,1784514854265,1784514854463.0,1784514855265.0928,901.682,198.0,802.093,1784513774463.0,1901.775
ss-81-480000,1784514852213.3164,1784514853215,1784514854463.0,1784514855265.0933,1001.684,1248.0,802.093,1784513774463.0,3051.777
ss-85-480000,1784514843213.3174,1784514843765,1784514854463.0,1784514855265.133,551.683,10698.0,802.133,1784513774463.0,12051.816
ss-80-480000,1784514841663.3271,1784514841665,1784514854463.0,1784514855265.1335,1.673,12798.0,802.134,1784513774463.0,13601.806
ss-2-480000,1784514851863.3198,1784514852166,1784514854463.0,1784514855265.134,302.68,2297.0,802.134,1784513774463.0,3401.814
ss-72-480000,1784514848463.3188,1784514849015,1784514854463.0,1784514855265.1345,551.681,5448.0,802.135,1784513774463.0,6801.816
ss-54-480000,1784514846363.3174,1784514846915,1784514854464.0,1784514855265.135,551.683,7549.0,801.135,1784513774464.0,8901.818
ss-97-480000,1784514847263.321,1784514847965,1784514854464.0,1784514855265.1355,701.679,6499.0,801.135,1784513774464.0,8001.814
ss-34-480000,1784514853613.3213,1784514854265,1784514854464.0,1784514855265.136,651.679,199.0,801.136,1784513774464.0,1651.815
ss-74-480000,1784514839463.3174,1784514839565,1784514854464.0,1784514855265.1365,101.683,14899.0,801.136,1784513774464.0,15801.819
ss-35-480000,1784514852913.3208,1784514853215,1784514854464.0,1784514855265.137,301.679,1249.0,801.137,1784513774464.0,2351.816
ss-93-480000,1784514849613.3247,1784514850065,1784514854464.0,1784514855265.1377,451.675,4399.0,801.138,1784513774464.0,5651.813
ss-9-480000,1784514852413.32,1784514853215,1784514854464.0,1784514855265.1428,801.68,1249.0,801.143,1784513774464.0,2851.823
ss-27-480000,1784514847463.3188,1784514847965,1784514854464.0,1784514855265.1433,501.681,6499.0,801.143,1784513774464.0,7801.824
ss-50-480000,1784514823263.3167,1784514823815,1784514854464.0,1784514855265.1484,551.683,30649.0,801.148,1784513774464.0,32001.832
ss-22-480000,1784514850013.3213,1784514850065,1784514854465.0,1784514855265.149,51.679,4400.0,800.149,1784513774465.0,5251.828
ss-51-480000,1784514849813.3098,1784514850065,1784514854465.0,1784514855265.1494,251.69,4400.0,800.149,1784513774465.0,5451.84
ss-87-480000,1784514842263.3335,1784514842715,1784514854465.0,1784514855265.1616,451.667,11750.0,800.162,1784513774465.0,13001.828
ss-18-480000,1784514853313.3145,1784514854265,1784514854465.0,1784514855265.1624,951.686,200.0,800.162,1784513774465.0,1951.848
ss-41-480000,1784514849763.319,1784514850065,1784514854465.0,1784514855265.3584,301.681,4400.0,800.358,1784513774465.0,5502.039
ss-26-480000,1784514852813.3132,1784514853215,1784514854465.0,1784514855265.3623,401.687,1250.0,800.362,1784513774465.0,2452.049
ss-90-480000,1784514849463.32,1784514850065,1784514854466.0,1784514855265.3635,601.68,4401.0,799.364,1784513774466.0,5802.043
ss-16-480000,1784514852313.319,1784514853215,1784514854466.0,1784514855265.3647,901.681,1251.0,799.365,1784513774466.0,2952.046
ss-48-480000,1784514846913.341,1784514846915,1784514854466.0,1784514855265.4297,1.659,7551.0,799.43,1784513774466.0,8352.089
ss-56-480000,1784514852863.322,1784514853215,1784514854466.0,1784514855265.4312,351.678,1251.0,799.431,1784513774466.0,2402.109
ss-53-480000,1784514843913.312,1784514844815,1784514854466.0,1784514855265.4321,901.688,9651.0,799.432,1784513774466.0,11352.12
ss-45-480000,1784514844113.3147,1784514844815,1784514854466.0,1784514855265.4336,701.685,9651.0,799.434,1784513774466.0,11152.119
ss-68-480000,1784514852063.317,1784514852166,1784514854466.0,1784514855265.4348,102.683,2300.0,799.435,1784513774466.0,3202.118
ss-92-480000,1784514839513.3176,1784514839565,1784514854466.0,1784514855265.4363,51.682,14901.0,799.436,1784513774466.0,15752.119
ss-15-480000,1784514852513.3562,1784514853215,1784514854467.0,1784514855265.4373,701.644,1252.0,798.437,1784513774467.0,2752.081
ss-86-480000,1784514850813.3293,1784514851115,1784514854467.0,1784514855265.4382,301.671,3352.0,798.438,1784513774467.0,4452.109
ss-78-480000,1784514851513.307,1784514852166,1784514854467.0,1784514855265.439,652.693,2301.0,798.439,1784513774467.0,3752.132
ss-73-480000,1784514851013.3184,1784514851115,1784514854467.0,1784514855265.4402,101.682,3352.0,798.44,1784513774467.0,4252.122
ss-4-480000,1784514851563.3152,1784514852166,1784514854467.0,1784514855265.4412,602.685,2301.0,798.441,1784513774467.0,3702.126
ss-36-480000,1784514853063.3186,1784514853215,1784514854467.0,1784514855265.448,151.681,1252.0,798.448,1784513774467.0,2202.129
ss-39-480000,1784514853113.319,1784514853215,1784514854467.0,1784514855265.4492,101.681,1252.0,798.449,1784513774467.0,2152.13
ss-76-480000,1784514853263.3203,1784514854265,1784514854467.0,1784514855265.4546,1001.68,202.0,798.455,1784513774467.0,2002.134
ss-1-480000,1784514844963.326,1784514845865,1784514854467.0,1784514855265.4558,901.674,8602.0,798.456,1784513774467.0,10302.13
ss-7-480000,1784514853013.323,1784514853215,1784514854468.0,1784514855265.469,201.677,1253.0,797.469,1784513774468.0,2252.146
ss-99-480000,1784514850963.317,1784514851115,1784514854468.0,1784514855265.6409,151.683,3353.0,797.641,1784513774468.0,4302.324
ss-38-480000,1784514846663.3188,1784514846915,1784514854468.0,1784514855265.6428,251.681,7553.0,797.643,1784513774468.0,8602.324
ss-98-480000,1784514845663.316,1784514845865,1784514854468.0,1784514855265.644,201.684,8603.0,797.644,1784513774468.0,9602.328
ss-47-480000,1784514852363.3179,1784514853215,1784514854468.0,1784514855265.6453,851.682,1253.0,797.645,1784513774468.0,2902.327
ss-77-480000,1784514852263.3193,1784514853215,1784514854468.0,1784514855265.6462,951.681,1253.0,797.646,1784513774468.0,3002.327
ss-12-480000,1784514848013.3264,1784514849015,1784514854468.0,1784514855265.647,1001.674,5453.0,797.647,1784513774468.0,7252.321
ss-58-480000,1784514853463.3103,1784514854265,1784514854468.0,1784514855265.6477,801.69,203.0,797.648,1784513774468.0,1802.337
ss-43-480000,1784514843763.3176,1784514843765,1784514854468.0,1784514855265.6484,1.682,10703.0,797.648,1784513774468.0,11502.331
ss-83-480000,1784514836113.3232,1784514836415,1784514854469.0,1784514855265.6492,301.677,18054.0,796.649,1784513774469.0,19152.326
ss-95-480000,1784514847313.3206,1784514847965,1784514854469.0,1784514855265.65,651.679,6504.0,796.65,1784513774469.0,7952.329
ss-14-480000,1784514848913.3389,1784514849015,1784514854469.0,1784514855265.6506,101.661,5454.0,796.651,1784513774469.0,6352.312
ss-11-480000,1784514852763.3164,1784514853215,1784514854469.0,1784514855265.6516,451.684,1254.0,796.652,1784513774469.0,2502.335
ss-91-480000,1784514848613.314,1784514849015,1784514854469.0,1784514855265.6523,401.686,5454.0,796.652,1784513774469.0,6652.338
ss-69-480000,1784514850863.317,1784514851115,1784514854469.0,1784514855265.6533,251.683,3354.0,796.653,1784513774469.0,4402.336
ss-19-480000,1784514844513.3206,1784514844815,1784514854469.0,1784514855265.6687,301.679,9654.0,796.669,1784513774469.0,10752.348
ss-49-480000,1784514848313.3174,1784514849015,1784514854469.0,1784514855265.6697,701.683,5454.0,796.67,1784513774469.0,6952.352
ss-62-480000,1784514843663.3223,1784514843765,1784514854470.0,1784514855265.6707,101.678,10705.0,795.671,1784513774470.0,11602.348
ss-10-480000,1784514848563.311,1784514849015,1784514854470.0,1784514855265.6714,451.689,5455.0,795.671,1784513774470.0,6702.36
ss-3-480000,1784514849663.327,1784514850065,1784514854470.0,1784514855265.6724,401.673,4405.0,795.672,1784513774470.0,5602.345
ss-64-480000,1784514847763.3284,1784514847965,1784514854470.0,1784514855265.673,201.672,6505.0,795.673,1784513774470.0,7502.345
ss-52-480000,1784514843063.325,1784514843765,1784514854470.0,1784514855265.6738,701.675,10705.0,795.674,1784513774470.0,12202.349
ss-21-480000,1784514851363.3225,1784514852166,1784514854475.0,1784514855265.6804,802.677,2309.0,790.68,1784513774475.0,3902.358
ss-29-480000,1784514851913.3086,1784514852166,1784514854475.0,1784514855265.6814,252.691,2309.0,790.681,1784513774475.0,3352.373
ss-29-540000,1784514861763.32,1784514862665,1784514863865.0,1784514864114.8237,901.68,1200.0,249.824,1784513723865.0,2351.504
ss-4-540000,1784514862813.317,1784514863670,1784514863866.0,1784514864114.8274,856.683,196.0,248.827,1784513723866.0,1301.51
ss-23-540000,1784514854663.324,1784514855315,1784514863866.0,1784514864114.8293,651.676,8551.0,248.829,1784513723866.0,9451.505
ss-3-540000,1784514854113.3186,1784514854265,1784514863866.0,1784514864114.8364,151.681,9601.0,248.836,1784513723866.0,10001.518
ss-65-540000,1784514859713.3213,1784514860565,1784514863866.0,1784514864114.838,851.679,3301.0,248.838,1784513723866.0,4401.517
ss-8-540000,1784514863063.3225,1784514863670,1784514863866.0,1784514864114.8389,606.677,196.0,248.839,1784513723866.0,1051.516
ss-60-540000,1784514863413.3218,1784514863670,1784514863866.0,1784514864114.8403,256.678,196.0,248.84,1784513723866.0,701.519
ss-70-540000,1784514855463.3127,1784514856365,1784514863866.0,1784514864114.8413,901.687,7501.0,248.841,1784513723866.0,8651.529
ss-17-540000,1784514855413.324,1784514856365,1784514863867.0,1784514864114.8423,951.676,7502.0,247.842,1784513723867.0,8701.518
ss-31-540000,1784514859663.3286,1784514860565,1784514863867.0,1784514864114.843,901.671,3302.0,247.843,1784513723867.0,4451.514
ss-57-540000,1784514862214.5652,1784514862665,1784514863867.0,1784514864114.844,450.435,1202.0,247.844,1784513723867.0,1900.279
ss-71-540000,1784514862713.323,1784514863670,1784514863867.0,1784514864114.8577,956.677,197.0,247.858,1784513723867.0,1401.535
ss-19-540000,1784514863513.33,1784514863670,1784514863867.0,1784514864114.8586,156.67,197.0,247.859,1784513723867.0,601.529
ss-40-540000,1784514858715.0037,1784514859515,1784514863868.0,1784514864114.8967,799.996,4353.0,246.897,1784513723868.0,5399.893
ss-63-540000,1784514854413.3186,1784514855315,1784514863868.0,1784514864114.8982,901.681,8553.0,246.898,1784513723868.0,9701.58
ss-84-540000,1784514860463.3174,1784514860565,1784514863868.0,1784514864114.8994,101.683,3303.0,246.899,1784513723868.0,3651.582
ss-20-540000,1784514861013.3328,1784514861615,1784514863868.0,1784514864114.9006,601.667,2253.0,246.901,1784513723868.0,3101.568
ss-33-540000,1784514850163.331,1784514851115,1784514863868.0,1784514864114.9014,951.669,12753.0,246.901,1784513723868.0,13951.57
ss-67-540000,1784514854563.3147,1784514855315,1784514863868.0,1784514864114.9028,751.685,8553.0,246.903,1784513723868.0,9551.588
ss-24-540000,1784514860063.3206,1784514860565,1784514863868.0,1784514864114.9036,501.679,3303.0,246.904,1784513723868.0,4051.583
ss-55-540000,1784514859863.3374,1784514860565,1784514863868.0,1784514864114.9045,701.663,3303.0,246.905,1784513723868.0,4251.567
ss-5-540000,1784514862163.327,1784514862665,1784514863868.0,1784514864114.9053,501.673,1203.0,246.905,1784513723868.0,1951.578
ss-28-540000,1784514863563.3247,1784514863670,1784514863869.0,1784514864114.9062,106.675,199.0,245.906,1784513723869.0,551.582
ss-13-540000,1784514863113.307,1784514863670,1784514863869.0,1784514864114.907,556.693,199.0,245.907,1784513723869.0,1001.6
ss-44-540000,1784514858663.32,1784514859515,1784514863869.0,1784514864114.908,851.68,4354.0,245.908,1784513723869.0,5451.588
ss-32-540000,1784514858013.32,1784514858465,1784514863869.0,1784514864114.9087,451.68,5404.0,245.909,1784513723869.0,6101.589
ss-75-540000,1784514862963.325,1784514863670,1784514863869.0,1784514864114.9104,706.675,199.0,245.91,1784513723869.0,1151.585
ss-66-540000,1784514862513.323,1784514862665,1784514863869.0,1784514864114.942,151.677,1204.0,245.942,1784513723869.0,1601.619
ss-25-540000,1784514862263.318,1784514862665,1784514863869.0,1784514864114.943,401.682,1204.0,245.943,1784513723869.0,1851.625
ss-59-540000,1784514859563.3198,1784514860565,1784514863870.0,1784514864114.9438,1001.68,3305.0,244.944,1784513723870.0,4551.624
ss-0-540000,1784514855313.315,1784514855315,1784514863870.0,1784514864114.9448,1.685,8555.0,244.945,1784513723870.0,8801.63
ss-46-540000,1784514851263.312,1784514852166,1784514863870.0,1784514864114.9458,902.688,11704.0,244.946,1784513723870.0,12851.634
ss-37-540000,1784514860913.3145,1784514861615,1784514863870.0,1784514864114.9468,701.686,2255.0,244.947,1784513723870.0,3201.632
ss-61-540000,1784514861863.3203,1784514862665,1784514863870.0,1784514864114.9478,801.68,1205.0,244.948,1784513723870.0,2251.627
ss-30-540000,1784514862663.3208,1784514862665,1784514863870.0,1784514864114.9485,1.679,1205.0,244.948,1784513723870.0,1451.628
ss-89-540000,1784514858513.3193,1784514859515,1784514863870.0,1784514864114.9492,1001.681,4355.0,244.949,1784513723870.0,5601.63
ss-81-540000,1784514855013.3186,1784514855315,1784514863870.0,1784514864114.9502,301.681,8555.0,244.95,1784513723870.0,9101.632
ss-85-540000,1784514860813.298,1784514861615,1784514863871.0,1784514864114.9512,801.702,2256.0,243.951,1784513723871.0,3301.653
ss-72-540000,1784514856863.318,1784514857415,1784514863871.0,1784514864114.952,551.682,6456.0,243.952,1784513723871.0,7251.634
ss-97-540000,1784514862363.319,1784514862665,1784514863871.0,1784514864114.9526,301.681,1206.0,243.953,1784513723871.0,1751.634
ss-2-540000,1784514863463.3135,1784514863670,1784514863871.0,1784514864114.9536,206.687,201.0,243.954,1784513723871.0,651.64
ss-54-540000,1784514862563.3176,1784514862665,1784514863871.0,1784514864114.9785,101.682,1206.0,243.979,1784513723871.0,1551.661
ss-34-540000,1784514862613.3223,1784514862665,1784514863871.0,1784514864114.9792,51.678,1206.0,243.979,1784513723871.0,1501.657
ss-94-540000,1784514852713.3203,1784514853215,1784514863871.0,1784514864114.98,501.68,10656.0,243.98,1784513723871.0,11401.66
ss-35-540000,1784514862413.3176,1784514862665,1784514863871.0,1784514864114.981,251.682,1206.0,243.981,1784513723871.0,1701.663
ss-93-540000,1784514860263.3213,1784514860565,1784514863871.0,1784514864114.982,301.679,3306.0,243.982,1784513723871.0,3851.661
ss-9-540000,1784514852413.32,1784514853215,1784514863871.0,1784514864114.9827,801.68,10656.0,243.983,1784513723871.0,11701.663
ss-42-540000,1784514858413.3186,1784514858465,1784514863871.0,1784514864114.9836,51.681,5406.0,243.984,1784513723871.0,5701.665
ss-22-540000,1784514861313.3228,1784514861615,1784514863872.0,1784514864114.9844,301.677,2257.0,242.984,1784513723872.0,2801.662
ss-27-540000,1784514856963.3152,1784514857415,1784514863872.0,1784514864114.985,451.685,6457.0,242.985,1784513723872.0,7151.67
ss-50-540000,1784514861363.3162,1784514861615,1784514863872.0,1784514864114.9858,251.684,2257.0,242.986,1784513723872.0,2751.67
ss-51-540000,1784514854513.3286,1784514855315,1784514863872.0,1784514864114.9866,801.671,8557.0,242.987,1784513723872.0,9601.658
ss-87-540000,1784514859813.3352,1784514860565,1784514863872.0,1784514864114.9875,751.665,3307.0,242.988,1784513723872.0,4301.652
ss-18-540000,1784514853313.3145,1784514854265,1784514863872.0,1784514864114.9883,951.686,9607.0,242.988,1784513723872.0,10801.674
ss-88-540000,1784514852013.3174,1784514852166,1784514863872.0,1784514864114.989,152.683,11706.0,242.989,1784513723872.0,12101.672
ss-26-540000,1784514860313.3186,1784514860565,1784514863872.0,1784514864114.99,251.681,3307.0,242.99,1784513723872.0,3801.671
ss-41-540000,1784514860613.329,1784514861615,1784514863872.0,1784514864115.0144,1001.671,2257.0,243.014,1784513723872.0,3501.685
ss-80-540000,1784514860013.34,1784514860565,1784514863873.0,1784514864115.0154,551.66,3308.0,242.015,1784513723873.0,4101.675
ss-16-540000,1784514863363.3198,1784514863670,1784514863873.0,1784514864115.016,306.68,203.0,242.016,1784513723873.0,751.696
ss-56-540000,1784514862863.3206,1784514863670,1784514863873.0,1784514864115.017,806.679,203.0,242.017,1784513723873.0,1251.697
ss-90-540000,1784514863013.3164,1784514863670,1784514863873.0,1784514864115.0178,656.684,203.0,242.018,1784513723873.0,1101.701
ss-48-540000,1784514863313.3203,1784514863670,1784514863873.0,1784514864115.0325,356.68,203.0,242.032,1784513723873.0,801.712
ss-45-540000,1784514854863.3152,1784514855315,1784514863873.0,1784514864115.034,451.685,8558.0,242.034,1784513723873.0,9251.719
ss-68-540000,1784514858863.3184,1784514859515,1784514863873.0,1784514864115.035,651.682,4358.0,242.035,1784513723873.0,5251.717
ss-82-540000,1784514861113.3174,1784514861615,1784514863873.0,1784514864115.0356,501.683,2258.0,242.036,1784513723873.0,3001.718
ss-74-540000,1784514855163.3174,1784514855315,1784514863873.0,1784514864115.0364,151.683,8558.0,242.036,1784513723873.0,8951.719
ss-15-540000,1784514861513.3572,1784514861615,1784514863874.0,1784514864115.0374,101.643,2259.0,241.037,1784513723874.0,2601.68
ss-53-540000,1784514862763.3247,1784514863670,1784514863874.0,1784514864115.0422,906.675,204.0,241.042,1784513723874.0,1351.718
ss-73-540000,1784514859613.3237,1784514860565,1784514863874.0,1784514864115.0432,951.676,3309.0,241.043,1784513723874.0,4501.719
ss-78-540000,1784514851513.307,1784514852166,1784514863874.0,1784514864115.0676,652.693,11708.0,241.068,1784513723874.0,12601.761
ss-86-540000,1784514855863.317,1784514856365,1784514863874.0,1784514864115.0686,501.683,7509.0,241.069,1784513723874.0,8251.752
ss-36-540000,1784514860863.302,1784514861615,1784514863874.0,1784514864115.07,751.698,2259.0,241.07,1784513723874.0,3251.768
ss-76-540000,1784514860663.3313,1784514861615,1784514863874.0,1784514864115.0713,951.669,2259.0,241.071,1784513723874.0,3451.74
ss-92-540000,1784514858213.3184,1784514858465,1784514863874.0,1784514864115.072,251.682,5409.0,241.072,1784513723874.0,5901.754
ss-7-540000,1784514853013.323,1784514853215,1784514863874.0,1784514864115.073,201.677,10659.0,241.073,1784513723874.0,11101.75
ss-39-540000,1784514857463.3167,1784514858465,1784514863874.0,1784514864115.0737,1001.683,5409.0,241.074,1784513723874.0,6651.757
ss-12-540000,1784514857613.3245,1784514858465,1784514863875.0,1784514864115.0745,851.676,5410.0,240.074,1784513723875.0,6501.75
ss-99-540000,1784514861213.322,1784514861615,1784514863875.0,1784514864115.0754,401.678,2260.0,240.075,1784513723875.0,2901.753
ss-38-540000,1784514863163.3213,1784514863670,1784514863875.0,1784514864115.0762,506.679,205.0,240.076,1784513723875.0,951.755
ss-1-540000,1784514859913.3237,1784514860565,1784514863875.0,1784514864115.0771,651.676,3310.0,240.077,1784513723875.0,4201.753
ss-47-540000,1784514861263.3184,1784514861615,1784514863875.0,1784514864115.0781,351.682,2260.0,240.078,1784513723875.0,2851.76
ss-98-540000,1784514859213.332,1784514859515,1784514863875.0,1784514864115.0789,301.668,4360.0,240.079,1784513723875.0,4901.747
ss-11-540000,1784514861063.3154,1784514861615,1784514863875.0,1784514864115.0803,551.685,2260.0,240.08,1784513723875.0,3051.765
ss-43-540000,1784514860713.3118,1784514861615,1784514863875.0,1784514864115.106,901.688,2260.0,240.106,1784513723875.0,3401.794
ss-77-540000,1784514852263.3193,1784514853215,1784514863875.0,1784514864115.107,951.681,10660.0,240.107,1784513723875.0,11851.788
ss-95-540000,1784514854213.3232,1784514854265,1784514863876.0,1784514864115.108,51.677,9611.0,239.108,1784513723876.0,9901.785
ss-21-540000,1784514851363.3225,1784514852166,1784514863876.0,1784514864115.1086,802.677,11710.0,239.109,1784513723876.0,12751.786
ss-14-540000,1784514862113.3296,1784514862665,1784514863876.0,1784514864115.1096,551.67,1211.0,239.11,1784513723876.0,2001.78
ss-91-540000,1784514863213.3179,1784514863670,1784514863876.0,1784514864115.1104,456.682,206.0,239.11,1784513723876.0,901.792
ss-58-540000,1784514853463.3103,1784514854265,1784514863876.0,1784514864115.1113,801.69,9611.0,239.111,1784513723876.0,10651.801
ss-49-540000,1784514858763.321,1784514859515,1784514863876.0,1784514864115.112,751.679,4361.0,239.112,1784513723876.0,5351.791
ss-62-540000,1784514857963.323,1784514858465,1784514863876.0,1784514864115.1174,501.677,5411.0,239.117,1784513723876.0,6151.794
ss-10-540000,1784514863613.3262,1784514863670,1784514863876.0,1784514864115.1187,56.674,206.0,239.119,1784513723876.0,501.792
ss-83-540000,1784514858813.3225,1784514859515,1784514863876.0,1784514864115.1194,701.677,4361.0,239.119,1784513723876.0,5301.797
ss-79-540000,1784514859013.3203,1784514859515,1784514863876.0,1784514864115.1204,501.68,4361.0,239.12,1784513723876.0,5101.8
ss-96-540000,1784514859263.3179,1784514859515,1784514863877.0,1784514864115.1213,251.682,4362.0,238.121,1784513723877.0,4851.803
ss-69-540000,1784514860963.3198,1784514861615,1784514863877.0,1784514864115.1265,651.68,2262.0,238.126,1784513723877.0,3151.807
ss-52-540000,1784514859413.3162,1784514859515,1784514863877.0,1784514864115.1272,101.684,4362.0,238.127,1784513723877.0,4701.811
ss-64-540000,1784514861413.3176,1784514861615,1784514863877.0,1784514864115.1392,201.682,2262.0,238.139,1784513723877.0,2701.822
ss-6-540000,1784514857713.3232,1784514858465,1784514863877.0,1784514864115.1401,751.677,5412.0,238.14,1784513723877.0,6401.817
ss-29-600000,1784514861763.32,1784514862665,1784514863877.0,1784514864115.1409,901.68,1212.0,238.141,1784513663877.0,2351.821
ss-79-600000,1784514859013.3203,1784514859515,1784514863877.0,1784514864115.1418,501.68,4362.0,238.142,1784513663877.0,5101.822
ss-23-600000,1784514854663.324,1784514855315,1784514863877.0,1784514864115.1426,651.676,8562.0,238.143,1784513663877.0,9451.819
ss-52-600000,1784514859413.3162,1784514859515,1784514863877.0,1784514864115.1436,101.684,4362.0,238.144,1784513663877.0,4701.827
ss-3-600000,1784514854113.3186,1784514854265,1784514863878.0,1784514864115.1443,151.681,9613.0,237.144,1784513663878.0,10001.826
ss-6-600000,1784514857713.3232,1784514858465,1784514863878.0,1784514864115.145,751.677,5413.0,237.145,1784513663878.0,6401.822
ss-65-600000,1784514859713.3213,1784514860565,1784514863878.0,1784514864115.146,851.679,3313.0,237.146,1784513663878.0,4401.825
ss-88-600000,1784514852013.3174,1784514852166,1784514863878.0,1784514864115.1467,152.683,11712.0,237.147,1784513663878.0,12101.829
ss-8-600000,1784514863063.3225,1784514863670,1784514863878.0,1784514864115.1477,606.677,208.0,237.148,1784513663878.0,1051.825
ss-70-600000,1784514855463.3127,1784514856365,1784514863878.0,1784514864115.1484,901.687,7513.0,237.148,1784513663878.0,8651.836
ss-60-600000,1784514863413.3218,1784514863670,1784514863878.0,1784514864115.1575,256.678,208.0,237.157,1784513663878.0,701.836
ss-31-600000,1784514859663.3286,1784514860565,1784514863878.0,1784514864115.1584,901.671,3313.0,237.158,1784513663878.0,4451.83
ss-96-600000,1784514859263.3179,1784514859515,1784514863878.0,1784514864115.1882,251.682,4363.0,237.188,1784513663878.0,4851.87
ss-57-600000,1784514862214.5652,1784514862665,1784514863879.0,1784514864115.189,450.435,1214.0,236.189,1784513663879.0,1900.624
ss-71-600000,1784514862713.323,1784514863670,1784514863879.0,1784514864115.19,956.677,209.0,236.19,1784513663879.0,1401.867
ss-17-600000,1784514855413.324,1784514856365,1784514863879.0,1784514864115.1907,951.676,7514.0,236.191,1784513663879.0,8701.867
ss-19-600000,1784514863513.33,1784514863670,1784514863879.0,1784514864115.1917,156.67,209.0,236.192,1784513663879.0,601.862
ss-63-600000,1784514854413.3186,1784514855315,1784514863879.0,1784514864115.1924,901.681,8564.0,236.192,1784513663879.0,9701.874
ss-84-600000,1784514860463.3174,1784514860565,1784514863879.0,1784514864115.1936,101.683,3314.0,236.194,1784513663879.0,3651.876
ss-40-600000,1784514858715.0037,1784514859515,1784514863879.0,1784514864115.1943,799.996,4364.0,236.194,1784513663879.0,5400.191
ss-20-600000,1784514861013.3328,1784514861615,1784514863879.0,1784514864115.1953,601.667,2264.0,236.195,1784513663879.0,3101.863
ss-67-600000,1784514854563.3147,1784514855315,1784514863879.0,1784514864115.196,751.685,8564.0,236.196,1784513663879.0,9551.881
ss-33-600000,1784514850163.331,1784514851115,1784514863880.0,1784514864115.1968,951.669,12765.0,235.197,1784513663880.0,13951.866
ss-24-600000,1784514860063.3206,1784514860565,1784514863880.0,1784514864115.1978,501.679,3315.0,235.198,1784513663880.0,4051.877
ss-28-600000,1784514863563.3247,1784514863670,1784514863880.0,1784514864115.1987,106.675,210.0,235.199,1784513663880.0,551.874
ss-55-600000,1784514859863.3374,1784514860565,1784514863880.0,1784514864115.2244,701.663,3315.0,235.224,1784513663880.0,4251.887
ss-13-600000,1784514863113.307,1784514863670,1784514863880.0,1784514864115.2253,556.693,210.0,235.225,1784513663880.0,1001.918
ss-5-600000,1784514862163.327,1784514862665,1784514863880.0,1784514864115.2263,501.673,1215.0,235.226,1784513663880.0,1951.899
ss-44-600000,1784514858663.32,1784514859515,1784514863880.0,1784514864115.227,851.68,4365.0,235.227,1784513663880.0,5451.907
ss-46-600000,1784514851263.312,1784514852166,1784514863880.0,1784514864115.228,902.688,11714.0,235.228,1784513663880.0,12851.916
ss-32-600000,1784514858013.32,1784514858465,1784514863880.0,1784514864115.2288,451.68,5415.0,235.229,1784513663880.0,6101.909
ss-75-600000,1784514862963.325,1784514863670,1784514863881.0,1784514864115.234,706.675,211.0,234.234,1784513663881.0,1151.909
ss-66-600000,1784514862513.323,1784514862665,1784514863881.0,1784514864115.2346,151.677,1216.0,234.235,1784513663881.0,1601.912
ss-25-600000,1784514862263.318,1784514862665,1784514863881.0,1784514864115.2356,401.682,1216.0,234.236,1784513663881.0,1851.917
ss-42-600000,1784514858413.3186,1784514858465,1784514863881.0,1784514864115.2363,51.681,5416.0,234.236,1784513663881.0,5701.918
ss-0-600000,1784514855313.315,1784514855315,1784514863881.0,1784514864115.2373,1.685,8566.0,234.237,1784513663881.0,8801.922
ss-59-600000,1784514859563.3198,1784514860565,1784514863881.0,1784514864115.238,1001.68,3316.0,234.238,1784513663881.0,4551.918
ss-37-600000,1784514860913.3145,1784514861615,1784514863881.0,1784514864115.239,701.686,2266.0,234.239,1784513663881.0,3201.925
ss-61-600000,1784514861863.3203,1784514862665,1784514863881.0,1784514864115.2397,801.68,1216.0,234.24,1784513663881.0,2251.919
ss-30-600000,1784514862663.3208,1784514862665,1784514863882.0,1784514864115.2634,1.679,1217.0,233.263,1784513663882.0,1451.943
ss-89-600000,1784514858513.3193,1784514859515,1784514863882.0,1784514864115.2644,1001.681,4367.0,233.264,1784513663882.0,5601.945
ss-81-600000,1784514855013.3186,1784514855315,1784514863882.0,1784514864115.2651,301.681,8567.0,233.265,1784513663882.0,9101.947
ss-85-600000,1784514860813.298,1784514861615,1784514863882.0,1784514864115.266,801.702,2267.0,233.266,1784513663882.0,3301.968
ss-94-600000,1784514852713.3203,1784514853215,1784514863882.0,1784514864115.2668,501.68,10667.0,233.267,1784513663882.0,11401.947
ss-2-600000,1784514863463.3135,1784514863670,1784514863882.0,1784514864115.2678,206.687,212.0,233.268,1784513663882.0,651.954
ss-54-600000,1784514862563.3176,1784514862665,1784514863882.0,1784514864115.2686,101.682,1217.0,233.269,1784513663882.0,1551.951
ss-72-600000,1784514856863.318,1784514857415,1784514863882.0,1784514864115.2693,551.682,6467.0,233.269,1784513663882.0,7251.951
ss-97-600000,1784514862363.319,1784514862665,1784514863882.0,1784514864115.2703,301.681,1217.0,233.27,1784513663882.0,1751.951
ss-35-600000,1784514862413.3176,1784514862665,1784514863883.0,1784514864115.271,251.682,1218.0,232.271,1784513663883.0,1701.953
ss-34-600000,1784514862613.3223,1784514862665,1784514863883.0,1784514864115.2717,51.678,1218.0,232.272,1784513663883.0,1501.949
ss-93-600000,1784514860263.3213,1784514860565,1784514863883.0,1784514864115.2725,301.679,3318.0,232.272,1784513663883.0,3851.951
ss-80-600000,1784514860013.34,1784514860565,1784514863883.0,1784514864115.2734,551.66,3318.0,232.273,1784513663883.0,4101.933
ss-9-600000,1784514852413.32,1784514853215,1784514863883.0,1784514864115.2744,801.68,10668.0,232.274,1784513663883.0,11701.954
ss-50-600000,1784514861363.3162,1784514861615,1784514863883.0,1784514864115.2751,251.684,2268.0,232.275,1784513663883.0,2751.959
ss-51-600000,1784514854513.3286,1784514855315,1784514863883.0,1784514864115.2998,801.671,8568.0,232.3,1784513663883.0,9601.971
ss-27-600000,1784514856963.3152,1784514857415,1784514863883.0,1784514864115.3005,451.685,6468.0,232.301,1784513663883.0,7151.985
ss-87-600000,1784514859813.3352,1784514860565,1784514863883.0,1784514864115.3015,751.665,3318.0,232.302,1784513663883.0,4301.966
ss-69-600000,1784514860963.3198,1784514861615,1784514863883.0,1784514864115.3022,651.68,2268.0,232.302,1784513663883.0,3151.982
ss-82-600000,1784514861113.3174,1784514861615,1784514863884.0,1784514864115.3032,501.683,2269.0,231.303,1784513663884.0,3001.986
ss-18-600000,1784514853313.3145,1784514854265,1784514863884.0,1784514864115.304,951.686,9619.0,231.304,1784513663884.0,10801.99
ss-22-600000,1784514861313.3228,1784514861615,1784514863884.0,1784514864115.305,301.677,2269.0,231.305,1784513663884.0,2801.982
ss-41-600000,1784514860613.329,1784514861615,1784514863884.0,1784514864115.3057,1001.671,2269.0,231.306,1784513663884.0,3501.977
ss-26-600000,1784514860313.3186,1784514860565,1784514863884.0,1784514864115.3064,251.681,3319.0,231.306,1784513663884.0,3801.988
ss-16-600000,1784514863363.3198,1784514863670,1784514863884.0,1784514864115.3074,306.68,214.0,231.307,1784513663884.0,751.988
ss-90-600000,1784514863013.3164,1784514863670,1784514863884.0,1784514864115.308,656.684,214.0,231.308,1784513663884.0,1101.992
ss-56-600000,1784514862863.3206,1784514863670,1784514863884.0,1784514864115.309,806.679,214.0,231.309,1784513663884.0,1251.989
ss-74-600000,1784514855163.3174,1784514855315,1784514863884.0,1784514864115.31,151.683,8569.0,231.31,1784513663884.0,8951.993
ss-48-600000,1784514863313.3203,1784514863670,1784514863885.0,1784514864115.3342,356.68,215.0,230.334,1784513663885.0,802.014
ss-45-600000,1784514854863.3152,1784514855315,1784514863885.0,1784514864115.3352,451.685,8570.0,230.335,1784513663885.0,9252.02
ss-68-600000,1784514858863.3184,1784514859515,1784514863885.0,1784514864115.3362,651.682,4370.0,230.336,1784513663885.0,5252.018
ss-53-600000,1784514862763.3247,1784514863670,1784514863885.0,1784514864115.337,906.675,215.0,230.337,1784513663885.0,1352.012
ss-15-600000,1784514861513.3572,1784514861615,1784514863885.0,1784514864115.3376,101.643,2270.0,230.338,1784513663885.0,2601.98
ss-73-600000,1784514859613.3237,1784514860565,1784514863885.0,1784514864115.3384,951.676,3320.0,230.338,1784513663885.0,4502.015
ss-86-600000,1784514855863.317,1784514856365,1784514863885.0,1784514864115.3518,501.683,7520.0,230.352,1784513663885.0,8252.035
ss-78-600000,1784514851513.307,1784514852166,1784514863885.0,1784514864115.3528,652.693,11719.0,230.353,1784513663885.0,12602.046
ss-36-600000,1784514860863.302,1784514861615,1784514863885.0,1784514864115.3538,751.698,2270.0,230.354,1784513663885.0,3252.052
ss-76-600000,1784514860663.3313,1784514861615,1784514863885.0,1784514864115.3545,951.669,2270.0,230.354,1784513663885.0,3452.023
ss-39-600000,1784514857463.3167,1784514858465,1784514863886.0,1784514864115.3555,1001.683,5421.0,229.355,1784513663886.0,6652.039
ss-7-600000,1784514853013.323,1784514853215,1784514863886.0,1784514864115.3562,201.677,10671.0,229.356,1784513663886.0,11102.033
ss-92-600000,1784514858213.3184,1784514858465,1784514863886.0,1784514864115.3572,251.682,5421.0,229.357,1784513663886.0,5902.039
ss-99-600000,1784514861213.322,1784514861615,1784514863886.0,1784514864115.3582,401.678,2271.0,229.358,1784513663886.0,2902.036
ss-1-600000,1784514859913.3237,1784514860565,1784514863886.0,1784514864115.3635,651.676,3321.0,229.364,1784513663886.0,4202.04
ss-38-600000,1784514863163.3213,1784514863670,1784514863886.0,1784514864115.3928,506.679,216.0,229.393,1784513663886.0,952.072
ss-47-600000,1784514861263.3184,1784514861615,1784514863886.0,1784514864115.3936,351.682,2271.0,229.394,1784513663886.0,2852.075
ss-12-600000,1784514857613.3245,1784514858465,1784514863886.0,1784514864115.394,851.676,5421.0,229.394,1784513663886.0,6502.07
ss-98-600000,1784514859213.332,1784514859515,1784514863886.0,1784514864115.3945,301.668,4371.0,229.395,1784513663886.0,4902.062
ss-77-600000,1784514852263.3193,1784514853215,1784514863886.0,1784514864115.395,951.681,10671.0,229.395,1784513663886.0,11852.076
ss-43-600000,1784514860713.3118,1784514861615,1784514863887.0,1784514864115.3958,901.688,2272.0,228.396,1784513663887.0,3402.084
ss-95-600000,1784514854213.3232,1784514854265,1784514863887.0,1784514864115.3962,51.677,9622.0,228.396,1784513663887.0,9902.073
ss-58-600000,1784514853463.3103,1784514854265,1784514863887.0,1784514864115.3967,801.69,9622.0,228.397,1784513663887.0,10652.086
ss-14-600000,1784514862113.3296,1784514862665,1784514863887.0,1784514864115.3972,551.67,1222.0,228.397,1784513663887.0,2002.068
ss-83-600000,1784514858813.3225,1784514859515,1784514863887.0,1784514864115.398,701.677,4372.0,228.398,1784513663887.0,5302.075
ss-91-600000,1784514863213.3179,1784514863670,1784514863887.0,1784514864115.3984,456.682,217.0,228.398,1784513663887.0,902.081
ss-21-600000,1784514851363.3225,1784514852166,1784514863887.0,1784514864115.3994,802.677,11721.0,228.399,1784513663887.0,12752.077
ss-62-600000,1784514857963.323,1784514858465,1784514863887.0,1784514864115.4,501.677,5422.0,228.4,1784513663887.0,6152.077
ss-4-600000,1784514862813.317,1784514863670,1784514863887.0,1784514864115.4045,856.683,217.0,228.405,1784513663887.0,1302.088
ss-49-600000,1784514858763.321,1784514859515,1784514863887.0,1784514864115.4053,751.679,4372.0,228.405,1784513663887.0,5352.084
ss-10-600000,1784514863613.3262,1784514863670,1784514863888.0,1784514864115.425,56.674,218.0,227.425,1784513663888.0,502.099
ss-64-600000,1784514861413.3176,1784514861615,1784514863888.0,1784514864115.4258,201.682,2273.0,227.426,1784513663888.0,2702.108
ss-11-600000,1784514861063.3154,1784514861615,1784514863888.0,1784514864115.4263,551.685,2273.0,227.426,1784513663888.0,3052.111
ss-88-660000,1784514852013.3174,1784514852166,1784514863888.0,1784514864115.427,152.683,11722.0,227.427,1784513603888.0,12102.11
ss-29-660000,1784514861763.32,1784514862665,1784514863888.0,1784514864115.4275,901.68,1223.0,227.427,1784513603888.0,2352.107
ss-23-660000,1784514854663.324,1784514855315,1784514863888.0,1784514864115.428,651.676,8573.0,227.428,1784513603888.0,9452.104
ss-6-660000,1784514857713.3232,1784514858465,1784514863888.0,1784514864115.4285,751.677,5423.0,227.428,1784513603888.0,6402.105
ss-79-660000,1784514859013.3203,1784514859515,1784514863888.0,1784514864115.4292,501.68,4373.0,227.429,1784513603888.0,5102.109
ss-65-660000,1784514859713.3213,1784514860565,1784514863888.0,1784514864115.4297,851.679,3323.0,227.43,1784513603888.0,4402.108
ss-70-660000,1784514855463.3127,1784514856365,1784514863889.0,1784514864115.4302,901.687,7524.0,226.43,1784513603889.0,8652.117
ss-8-660000,1784514863063.3225,1784514863670,1784514863889.0,1784514864115.431,606.677,219.0,226.431,1784513603889.0,1052.108
ss-38-660000,1784514863163.3213,1784514863670,1784514863889.0,1784514864115.4314,506.679,219.0,226.431,1784513603889.0,952.11
ss-96-660000,1784514859263.3179,1784514859515,1784514863889.0,1784514864115.4321,251.682,4374.0,226.432,1784513603889.0,4852.114
ss-60-660000,1784514863413.3218,1784514863670,1784514863889.0,1784514864115.4326,256.678,219.0,226.433,1784513603889.0,702.111
ss-31-660000,1784514859663.3286,1784514860565,1784514863889.0,1784514864115.4512,901.671,3324.0,226.451,1784513603889.0,4452.123
ss-57-660000,1784514862214.5652,1784514862665,1784514863889.0,1784514864115.452,450.435,1224.0,226.452,1784513603889.0,1900.887
ss-71-660000,1784514862713.323,1784514863670,1784514863889.0,1784514864115.4526,956.677,219.0,226.453,1784513603889.0,1402.13
ss-17-660000,1784514855413.324,1784514856365,1784514863889.0,1784514864115.4531,951.676,7524.0,226.453,1784513603889.0,8702.129
ss-4-660000,1784514862813.317,1784514863670,1784514863889.0,1784514864115.4539,856.683,219.0,226.454,1784513603889.0,1302.137
ss-63-660000,1784514854413.3186,1784514855315,1784514863890.0,1784514864115.4546,901.681,8575.0,225.455,1784513603890.0,9702.136
ss-84-660000,1784514860463.3174,1784514860565,1784514863890.0,1784514864115.455,101.683,3325.0,225.455,1784513603890.0,3652.138
ss-19-660000,1784514863513.33,1784514863670,1784514863890.0,1784514864115.4558,156.67,220.0,225.456,1784513603890.0,602.126
ss-33-660000,1784514850163.331,1784514851115,1784514863890.0,1784514864115.4563,951.669,12775.0,225.456,1784513603890.0,13952.125
ss-67-660000,1784514854563.3147,1784514855315,1784514863890.0,1784514864115.457,751.685,8575.0,225.457,1784513603890.0,9552.142
ss-40-660000,1784514858715.0037,1784514859515,1784514863890.0,1784514864115.4578,799.996,4375.0,225.458,1784513603890.0,5400.454
ss-20-660000,1784514861013.3328,1784514861615,1784514863890.0,1784514864115.4583,601.667,2275.0,225.458,1784513603890.0,3102.125
ss-24-660000,1784514860063.3206,1784514860565,1784514863890.0,1784514864115.459,501.679,3325.0,225.459,1784513603890.0,4052.138
ss-5-660000,1784514862163.327,1784514862665,1784514863890.0,1784514864115.4595,501.673,1225.0,225.459,1784513603890.0,1952.133
ss-13-660000,1784514863113.307,1784514863670,1784514863890.0,1784514864115.4602,556.693,220.0,225.46,1784513603890.0,1002.153
ss-55-660000,1784514859863.3374,1784514860565,1784514863891.0,1784514864115.48,701.663,3326.0,224.48,1784513603891.0,4252.143
ss-28-660000,1784514863563.3247,1784514863670,1784514863891.0,1784514864115.4805,106.675,221.0,224.48,1784513603891.0,552.156
ss-44-660000,1784514858663.32,1784514859515,1784514863891.0,1784514864115.4812,851.68,4376.0,224.481,1784513603891.0,5452.161
ss-32-660000,1784514858013.32,1784514858465,1784514863891.0,1784514864115.4817,451.68,5426.0,224.482,1784513603891.0,6102.162
ss-75-660000,1784514862963.325,1784514863670,1784514863891.0,1784514864115.4822,706.675,221.0,224.482,1784513603891.0,1152.157
ss-66-660000,1784514862513.323,1784514862665,1784514863891.0,1784514864115.483,151.677,1226.0,224.483,1784513603891.0,1602.16
ss-37-660000,1784514860913.3145,1784514861615,1784514863891.0,1784514864115.4834,701.686,2276.0,224.483,1784513603891.0,3202.169
ss-46-660000,1784514851263.312,1784514852166,1784514863892.0,1784514864115.484,902.688,11726.0,223.484,1784513603892.0,12852.172
ss-25-660000,1784514862263.318,1784514862665,1784514863892.0,1784514864115.4844,401.682,1227.0,223.484,1784513603892.0,1852.166
ss-59-660000,1784514859563.3198,1784514860565,1784514863892.0,1784514864115.485,1001.68,3327.0,223.485,1784513603892.0,4552.165
ss-0-660000,1784514855313.315,1784514855315,1784514863892.0,1784514864115.4856,1.685,8577.0,223.486,1784513603892.0,8802.171
ss-61-660000,1784514861863.3203,1784514862665,1784514863892.0,1784514864115.4863,801.68,1227.0,223.486,1784513603892.0,2252.166
ss-30-660000,1784514862663.3208,1784514862665,1784514863892.0,1784514864115.4868,1.679,1227.0,223.487,1784513603892.0,1452.166
ss-89-660000,1784514858513.3193,1784514859515,1784514863892.0,1784514864115.4873,1001.681,4377.0,223.487,1784513603892.0,5602.168
ss-42-660000,1784514858413.3186,1784514858465,1784514863893.0,1784514864115.4878,51.681,5428.0,222.488,1784513603893.0,5702.169
ss-81-660000,1784514855013.3186,1784514855315,1784514863893.0,1784514864115.5378,301.681,8578.0,222.538,1784513603893.0,9102.219
ss-85-660000,1784514860813.298,1784514861615,1784514863893.0,1784514864115.539,801.702,2278.0,222.539,1784513603893.0,3302.241
ss-54-660000,1784514862563.3176,1784514862665,1784514863893.0,1784514864115.54,101.682,1228.0,222.54,1784513603893.0,1552.222
ss-2-660000,1784514863463.3135,1784514863670,1784514863893.0,1784514864115.5408,206.687,223.0,222.541,1784513603893.0,652.227
ss-72-660000,1784514856863.318,1784514857415,1784514863893.0,1784514864115.5417,551.682,6478.0,222.542,1784513603893.0,7252.224
ss-97-660000,1784514862363.319,1784514862665,1784514863893.0,1784514864115.5425,301.681,1228.0,222.542,1784513603893.0,1752.223
ss-94-660000,1784514852713.3203,1784514853215,1784514863893.0,1784514864115.5432,501.68,10678.0,222.543,1784513603893.0,11402.223
ss-82-660000,1784514861113.3174,1784514861615,1784514863893.0,1784514864115.5437,501.683,2278.0,222.544,1784513603893.0,3002.226
ss-34-660000,1784514862613.3223,1784514862665,1784514863894.0,1784514864115.5442,51.678,1229.0,221.544,1784513603894.0,1502.222
ss-35-660000,1784514862413.3176,1784514862665,1784514863894.0,1784514864115.5447,251.682,1229.0,221.545,1784513603894.0,1702.227
ss-93-660000,1784514860263.3213,1784514860565,1784514863894.0,1784514864115.5454,301.679,3329.0,221.545,1784513603894.0,3852.224
ss-9-660000,1784514852413.32,1784514853215,1784514863894.0,1784514864115.5498,801.68,10679.0,221.55,1784513603894.0,11702.23
ss-50-660000,1784514861363.3162,1784514861615,1784514863894.0,1784514864115.5503,251.684,2279.0,221.55,1784513603894.0,2752.234
ss-27-660000,1784514856963.3152,1784514857415,1784514863894.0,1784514864115.551,451.685,6479.0,221.551,1784513603894.0,7152.236
ss-51-660000,1784514854513.3286,1784514855315,1784514863894.0,1784514864115.5515,801.671,8579.0,221.552,1784513603894.0,9602.223
ss-18-660000,1784514853313.3145,1784514854265,1784514863895.0,1784514864115.552,951.686,9630.0,220.552,1784513603895.0,10802.238
ss-26-660000,1784514860313.3186,1784514860565,1784514863895.0,1784514864115.5776,251.681,3330.0,220.578,1784513603895.0,3802.259
ss-87-660000,1784514859813.3352,1784514860565,1784514863895.0,1784514864115.5781,751.665,3330.0,220.578,1784513603895.0,4302.243
ss-41-660000,1784514860613.329,1784514861615,1784514863895.0,1784514864115.5789,1001.671,2280.0,220.579,1784513603895.0,3502.25
ss-22-660000,1784514861313.3228,1784514861615,1784514863895.0,1784514864115.5793,301.677,2280.0,220.579,1784513603895.0,2802.257
ss-16-660000,1784514863363.3198,1784514863670,1784514863895.0,1784514864115.5798,306.68,225.0,220.58,1784513603895.0,752.26
ss-56-660000,1784514862863.3206,1784514863670,1784514863895.0,1784514864115.5803,806.679,225.0,220.58,1784513603895.0,1252.26
ss-45-660000,1784514854863.3152,1784514855315,1784514863895.0,1784514864115.5808,451.685,8580.0,220.581,1784513603895.0,9252.266
ss-53-660000,1784514862763.3247,1784514863670,1784514863896.0,1784514864115.5813,906.675,226.0,219.581,1784513603896.0,1352.257
ss-48-660000,1784514863313.3203,1784514863670,1784514863896.0,1784514864115.582,356.68,226.0,219.582,1784513603896.0,802.262
ss-90-660000,1784514863013.3164,1784514863670,1784514863896.0,1784514864115.5825,656.684,226.0,219.583,1784513603896.0,1102.266
ss-68-660000,1784514858863.3184,1784514859515,1784514863896.0,1784514864115.5872,651.682,4381.0,219.587,1784513603896.0,5252.269
ss-86-660000,1784514855863.317,1784514856365,1784514863896.0,1784514864115.5876,501.683,7531.0,219.588,1784513603896.0,8252.271
ss-15-660000,1784514861513.3572,1784514861615,1784514863896.0,1784514864115.5884,101.643,2281.0,219.588,1784513603896.0,2602.231
ss-73-660000,1784514859613.3237,1784514860565,1784514863896.0,1784514864115.5889,951.676,3331.0,219.589,1784513603896.0,4502.265
ss-78-660000,1784514851513.307,1784514852166,1784514863897.0,1784514864115.5894,652.693,11731.0,218.589,1784513603897.0,12602.282
ss-74-660000,1784514855163.3174,1784514855315,1784514863897.0,1784514864115.6152,151.683,8582.0,218.615,1784513603897.0,8952.298
ss-36-660000,1784514860863.302,1784514861615,1784514863897.0,1784514864115.616,751.698,2282.0,218.616,1784513603897.0,3252.314
ss-76-660000,1784514860663.3313,1784514861615,1784514863897.0,1784514864115.6167,951.669,2282.0,218.617,1784513603897.0,3452.285
ss-92-660000,1784514858213.3184,1784514858465,1784514863897.0,1784514864115.6172,251.682,5432.0,218.617,1784513603897.0,5902.299
ss-80-660000,1784514860013.34,1784514860565,1784514863897.0,1784514864115.618,551.66,3332.0,218.618,1784513603897.0,4102.278
ss-7-660000,1784514853013.323,1784514853215,1784514863897.0,1784514864115.6184,201.677,10682.0,218.618,1784513603897.0,11102.295
ss-47-660000,1784514861263.3184,1784514861615,1784514863897.0,1784514864115.619,351.682,2282.0,218.619,1784513603897.0,2852.301
ss-77-660000,1784514852263.3193,1784514853215,1784514863898.0,1784514864115.6194,951.681,10683.0,217.619,1784513603898.0,11852.3
ss-99-660000,1784514861213.322,1784514861615,1784514863898.0,1784514864115.62,401.678,2283.0,217.62,1784513603898.0,2902.298
ss-98-660000,1784514859213.332,1784514859515,1784514863898.0,1784514864115.6206,301.668,4383.0,217.621,1784513603898.0,4902.289
ss-1-660000,1784514859913.3237,1784514860565,1784514863898.0,1784514864115.621,651.676,3333.0,217.621,1784513603898.0,4202.297
ss-43-660000,1784514860713.3118,1784514861615,1784514863898.0,1784514864115.6216,901.688,2283.0,217.622,1784513603898.0,3402.31
ss-58-660000,1784514853463.3103,1784514854265,1784514863898.0,1784514864115.6223,801.69,9633.0,217.622,1784513603898.0,10652.312
ss-69-660000,1784514860963.3198,1784514861615,1784514863898.0,1784514864115.6228,651.68,2283.0,217.623,1784513603898.0,3152.303
ss-12-660000,1784514857613.3245,1784514858465,1784514863898.0,1784514864115.6235,851.676,5433.0,217.624,1784513603898.0,6502.299
ss-39-660000,1784514857463.3167,1784514858465,1784514863899.0,1784514864115.7808,1001.683,5434.0,216.781,1784513603899.0,6652.464
ss-11-660000,1784514861063.3154,1784514861615,1784514863899.0,1784514864115.782,551.685,2284.0,216.782,1784513603899.0,3052.467
ss-91-660000,1784514863213.3179,1784514863670,1784514863899.0,1784514864115.7827,456.682,229.0,216.783,1784513603899.0,902.465
ss-62-660000,1784514857963.323,1784514858465,1784514863899.0,1784514864115.7834,501.677,5434.0,216.783,1784513603899.0,6152.46
ss-21-660000,1784514851363.3225,1784514852166,1784514863899.0,1784514864115.784,802.677,11733.0,216.784,1784513603899.0,12752.461
ss-83-660000,1784514858813.3225,1784514859515,1784514863899.0,1784514864115.7847,701.677,4384.0,216.785,1784513603899.0,5302.462
ss-49-660000,1784514858763.321,1784514859515,1784514863899.0,1784514864115.7852,751.679,4384.0,216.785,1784513603899.0,5352.464
ss-10-660000,1784514863613.3262,1784514863670,1784514863899.0,1784514864115.7856,56.674,229.0,216.786,1784513603899.0,502.459
ss-14-660000,1784514862113.3296,1784514862665,1784514863900.0,1784514864115.7861,551.67,1235.0,215.786,1784513603900.0,2002.457
ss-64-660000,1784514861413.3176,1784514861615,1784514863900.0,1784514864115.7869,201.682,2285.0,215.787,1784513603900.0,2702.469
ss-3-660000,1784514854113.3186,1784514854265,1784514863900.0,1784514864115.787,151.681,9635.0,215.787,1784513603900.0,10002.469
ss-52-660000,1784514859413.3162,1784514859515,1784514863900.0,1784514864115.7876,101.684,4385.0,215.788,1784513603900.0,4702.471
ss-95-660000,1784514854213.3232,1784514854265,1784514863900.0,1784514864115.788,51.677,9635.0,215.788,1784513603900.0,9902.465
ss-3-720000,1784514854113.3186,1784514854265,1784514863900.0,1784514864115.7886,151.681,9635.0,215.789,1784513543900.0,10002.47
ss-79-720000,1784514859013.3203,1784514859515,1784514863900.0,1784514864115.7969,501.68,4385.0,215.797,1784513543900.0,5102.477
ss-29-720000,1784514861763.32,1784514862665,1784514863900.0,1784514864115.8057,901.68,1235.0,215.806,1784513543900.0,2352.486
ss-99-720000,1784514861213.322,1784514861615,1784514863900.0,1784514864115.8064,401.678,2285.0,215.806,1784513543900.0,2902.484
ss-6-720000,1784514857713.3232,1784514858465,1784514863901.0,1784514864115.807,751.677,5436.0,214.807,1784513543901.0,6402.484
ss-23-720000,1784514854663.324,1784514855315,1784514863901.0,1784514864115.8071,651.676,8586.0,214.807,1784513543901.0,9452.483
ss-70-720000,1784514855463.3127,1784514856365,1784514863901.0,1784514864115.8076,901.687,7536.0,214.808,1784513543901.0,8652.495
ss-96-720000,1784514859263.3179,1784514859515,1784514863901.0,1784514864115.808,251.682,4386.0,214.808,1784513543901.0,4852.49
ss-65-720000,1784514859713.3213,1784514860565,1784514863901.0,1784514864115.8083,851.679,3336.0,214.808,1784513543901.0,4402.487
ss-8-720000,1784514863063.3225,1784514863670,1784514863901.0,1784514864115.8088,606.677,231.0,214.809,1784513543901.0,1052.486
ss-60-720000,1784514863413.3218,1784514863670,1784514863901.0,1784514864115.8093,256.678,231.0,214.809,1784513543901.0,702.488
ss-71-720000,1784514862713.323,1784514863670,1784514863902.0,1784514864115.8098,956.677,232.0,213.81,1784513543902.0,1402.487
ss-57-720000,1784514862214.5652,1784514862665,1784514863902.0,1784514864115.8103,450.435,1237.0,213.81,1784513543902.0,1901.245
ss-31-720000,1784514859663.3286,1784514860565,1784514863902.0,1784514864115.8108,901.671,3337.0,213.811,1784513543902.0,4452.482
ss-17-720000,1784514855413.324,1784514856365,1784514863902.0,1784514864115.811,951.676,7537.0,213.811,1784513543902.0,8702.487
ss-4-720000,1784514862813.317,1784514863670,1784514863902.0,1784514864115.8264,856.683,232.0,213.826,1784513543902.0,1302.51
ss-67-720000,1784514854563.3147,1784514855315,1784514863902.0,1784514864115.8271,751.685,8587.0,213.827,1784513543902.0,9552.512
ss-63-720000,1784514854413.3186,1784514855315,1784514863902.0,1784514864115.8276,901.681,8587.0,213.828,1784513543902.0,9702.509
ss-40-720000,1784514858715.0037,1784514859515,1784514863902.0,1784514864115.8281,799.996,4387.0,213.828,1784513543902.0,5400.824
ss-33-720000,1784514850163.331,1784514851115,1784514863902.0,1784514864115.8284,951.669,12787.0,213.828,1784513543902.0,13952.497
ss-20-720000,1784514861013.3328,1784514861615,1784514863902.0,1784514864115.8289,601.667,2287.0,213.829,1784513543902.0,3102.496
ss-19-720000,1784514863513.33,1784514863670,1784514863903.0,1784514864115.8293,156.67,233.0,212.829,1784513543903.0,602.499
ss-84-720000,1784514860463.3174,1784514860565,1784514863903.0,1784514864115.8926,101.683,3338.0,212.893,1784513543903.0,3652.575
ss-24-720000,1784514860063.3206,1784514860565,1784514863903.0,1784514864115.8933,501.679,3338.0,212.893,1784513543903.0,4052.573
ss-88-720000,1784514852013.3174,1784514852166,1784514863903.0,1784514864115.8936,152.683,11737.0,212.894,1784513543903.0,12102.576
ss-13-720000,1784514863113.307,1784514863670,1784514863903.0,1784514864115.894,556.693,233.0,212.894,1784513543903.0,1002.587
ss-5-720000,1784514862163.327,1784514862665,1784514863903.0,1784514864115.8945,501.673,1238.0,212.895,1784513543903.0,1952.568
ss-55-720000,1784514859863.3374,1784514860565,1784514863903.0,1784514864115.895,701.663,3338.0,212.895,1784513543903.0,4252.558
ss-28-720000,1784514863563.3247,1784514863670,1784514863903.0,1784514864115.8953,106.675,233.0,212.895,1784513543903.0,552.571
ss-7-720000,1784514853013.323,1784514853215,1784514863903.0,1784514864115.8958,201.677,10688.0,212.896,1784513543903.0,11102.573
ss-44-720000,1784514858663.32,1784514859515,1784514863904.0,1784514864115.8984,851.68,4389.0,211.898,1784513543904.0,5452.578
ss-32-720000,1784514858013.32,1784514858465,1784514863904.0,1784514864115.899,451.68,5439.0,211.899,1784513543904.0,6102.579
ss-75-720000,1784514862963.325,1784514863670,1784514863904.0,1784514864115.8992,706.675,234.0,211.899,1784513543904.0,1152.574
ss-66-720000,1784514862513.323,1784514862665,1784514863904.0,1784514864115.8997,151.677,1239.0,211.9,1784513543904.0,1602.577
ss-37-720000,1784514860913.3145,1784514861615,1784514863904.0,1784514864115.9023,701.686,2289.0,211.902,1784513543904.0,3202.588
ss-25-720000,1784514862263.318,1784514862665,1784514863904.0,1784514864115.9028,401.682,1239.0,211.903,1784513543904.0,1852.585
ss-0-720000,1784514855313.315,1784514855315,1784514863904.0,1784514864115.903,1.685,8589.0,211.903,1784513543904.0,8802.588
ss-30-720000,1784514862663.3208,1784514862665,1784514863904.0,1784514864115.9036,1.679,1239.0,211.904,1784513543904.0,1452.583
ss-46-720000,1784514851263.312,1784514852166,1784514863904.0,1784514864115.9097,902.688,11738.0,211.91,1784513543904.0,12852.598
ss-59-720000,1784514859563.3198,1784514860565,1784514863904.0,1784514864115.9104,1001.68,3339.0,211.91,1784513543904.0,4552.591
ss-61-720000,1784514861863.3203,1784514862665,1784514863905.0,1784514864115.911,801.68,1240.0,210.911,1784513543905.0,2252.591
ss-89-720000,1784514858513.3193,1784514859515,1784514863905.0,1784514864115.9114,1001.681,4390.0,210.911,1784513543905.0,5602.592
ss-42-720000,1784514858413.3186,1784514858465,1784514863905.0,1784514864115.9116,51.681,5440.0,210.912,1784513543905.0,5702.593
ss-85-720000,1784514860813.298,1784514861615,1784514863905.0,1784514864115.912,801.702,2290.0,210.912,1784513543905.0,3302.614
ss-81-720000,1784514855013.3186,1784514855315,1784514863905.0,1784514864115.9124,301.681,8590.0,210.912,1784513543905.0,9102.594
ss-80-720000,1784514860013.34,1784514860565,1784514863905.0,1784514864115.9128,551.66,3340.0,210.913,1784513543905.0,4102.573
ss-97-720000,1784514862363.319,1784514862665,1784514863905.0,1784514864115.9133,301.681,1240.0,210.913,1784513543905.0,1752.594
ss-72-720000,1784514856863.318,1784514857415,1784514863905.0,1784514864115.9138,551.682,6490.0,210.914,1784513543905.0,7252.596
ss-54-720000,1784514862563.3176,1784514862665,1784514863905.0,1784514864115.9143,101.682,1240.0,210.914,1784513543905.0,1552.597
ss-2-720000,1784514863463.3135,1784514863670,1784514863905.0,1784514864115.9148,206.687,235.0,210.915,1784513543905.0,652.601
ss-34-720000,1784514862613.3223,1784514862665,1784514863905.0,1784514864115.966,51.678,1240.0,210.966,1784513543905.0,1502.644
ss-9-720000,1784514852413.32,1784514853215,1784514863906.0,1784514864115.969,801.68,10691.0,209.969,1784513543906.0,11702.649
ss-35-720000,1784514862413.3176,1784514862665,1784514863906.0,1784514864115.9695,251.682,1241.0,209.969,1784513543906.0,1702.652
ss-93-720000,1784514860263.3213,1784514860565,1784514863906.0,1784514864115.9724,301.679,3341.0,209.972,1784513543906.0,3852.651
ss-27-720000,1784514856963.3152,1784514857415,1784514863906.0,1784514864115.973,451.685,6491.0,209.973,1784513543906.0,7152.658
ss-94-720000,1784514852713.3203,1784514853215,1784514863906.0,1784514864115.9731,501.68,10691.0,209.973,1784513543906.0,11402.653
ss-82-720000,1784514861113.3174,1784514861615,1784514863906.0,1784514864115.9734,501.683,2291.0,209.973,1784513543906.0,3002.656
ss-51-720000,1784514854513.3286,1784514855315,1784514863906.0,1784514864115.976,801.671,8591.0,209.976,1784513543906.0,9602.647
ss-50-720000,1784514861363.3162,1784514861615,1784514863906.0,1784514864115.9785,251.684,2291.0,209.979,1784513543906.0,2752.662
ss-18-720000,1784514853313.3145,1784514854265,1784514863906.0,1784514864115.981,951.686,9641.0,209.981,1784513543906.0,10802.667
ss-22-720000,1784514861313.3228,1784514861615,1784514863907.0,1784514864115.9836,301.677,2292.0,208.984,1784513543907.0,2802.661
ss-26-720000,1784514860313.3186,1784514860565,1784514863907.0,1784514864115.9866,251.681,3342.0,208.987,1784513543907.0,3802.668
ss-41-720000,1784514860613.329,1784514861615,1784514863907.0,1784514864115.9895,1001.671,2292.0,208.99,1784513543907.0,3502.66
ss-78-720000,1784514851513.307,1784514852166,1784514863907.0,1784514864115.9927,652.693,11741.0,208.993,1784513543907.0,12602.686
ss-14-720000,1784514862113.3296,1784514862665,1784514863907.0,1784514864115.9998,551.67,1242.0,209.0,1784513543907.0,2002.67
ss-87-720000,1784514859813.3352,1784514860565,1784514863907.0,1784514864116.0002,751.665,3342.0,209.0,1784513543907.0,4302.665
ss-16-720000,1784514863363.3198,1784514863670,1784514863907.0,1784514864116.0005,306.68,237.0,209.0,1784513543907.0,752.681
ss-43-720000,1784514860713.3118,1784514861615,1784514863907.0,1784514864116.003,901.688,2292.0,209.003,1784513543907.0,3402.691
ss-48-720000,1784514863313.3203,1784514863670,1784514863907.0,1784514864116.0557,356.68,237.0,209.056,1784513543907.0,802.735
ss-53-720000,1784514862763.3247,1784514863670,1784514863907.0,1784514864116.056,906.675,237.0,209.056,1784513543907.0,1352.731
ss-45-720000,1784514854863.3152,1784514855315,1784514863907.0,1784514864116.0583,451.685,8592.0,209.058,1784513543907.0,9252.743
ss-90-720000,1784514863013.3164,1784514863670,1784514863907.0,1784514864116.0608,656.684,237.0,209.061,1784513543907.0,1102.744
ss-68-720000,1784514858863.3184,1784514859515,1784514863907.0,1784514864116.0671,651.682,4392.0,209.067,1784513543907.0,5252.749
ss-15-720000,1784514861513.3572,1784514861615,1784514863908.0,1784514864116.0676,101.643,2293.0,208.068,1784513543908.0,2602.71
ss-73-720000,1784514859613.3237,1784514860565,1784514863908.0,1784514864116.07,951.676,3343.0,208.07,1784513543908.0,4502.746
ss-36-720000,1784514860863.302,1784514861615,1784514863908.0,1784514864116.0745,751.698,2293.0,208.074,1784513543908.0,3252.772
ss-86-720000,1784514855863.317,1784514856365,1784514863908.0,1784514864116.0808,501.683,7543.0,208.081,1784513543908.0,8252.764
ss-76-720000,1784514860663.3313,1784514861615,1784514863908.0,1784514864116.081,951.669,2293.0,208.081,1784513543908.0,3452.75
ss-92-720000,1784514858213.3184,1784514858465,1784514863908.0,1784514864116.0842,251.682,5443.0,208.084,1784513543908.0,5902.766
ss-1-720000,1784514859913.3237,1784514860565,1784514863911.0,1784514864116.0845,651.676,3346.0,205.084,1784513543911.0,4202.761
ss-39-720000,1784514857463.3167,1784514858465,1784514863911.0,1784514864116.0872,1001.683,5446.0,205.087,1784513543911.0,6652.771
ss-74-720000,1784514855163.3174,1784514855315,1784514863911.0,1784514864116.0874,151.683,8596.0,205.087,1784513543911.0,8952.77
ss-38-720000,1784514863163.3213,1784514863670,1784514863911.0,1784514864116.0935,506.679,241.0,205.094,1784513543911.0,952.772
ss-56-720000,1784514862863.3206,1784514863670,1784514863912.0,1784514864116.0938,806.679,242.0,204.094,1784513543912.0,1252.773
ss-98-720000,1784514859213.332,1784514859515,1784514863912.0,1784514864116.0964,301.668,4397.0,204.096,1784513543912.0,4902.764
ss-77-720000,1784514852263.3193,1784514853215,1784514863912.0,1784514864116.097,951.681,10697.0,204.097,1784513543912.0,11852.778
ss-47-720000,1784514861263.3184,1784514861615,1784514863912.0,1784514864116.102,351.682,2297.0,204.102,1784513543912.0,2852.784
ss-95-720000,1784514854213.3232,1784514854265,1784514863912.0,1784514864116.1025,51.677,9647.0,204.103,1784513543912.0,9902.779
ss-83-720000,1784514858813.3225,1784514859515,1784514863912.0,1784514864116.1057,701.677,4397.0,204.106,1784513543912.0,5302.783
ss-58-720000,1784514853463.3103,1784514854265,1784514863912.0,1784514864116.1313,801.69,9647.0,204.131,1784513543912.0,10652.821
ss-21-720000,1784514851363.3225,1784514852166,1784514863912.0,1784514864116.1318,802.677,11746.0,204.132,1784513543912.0,12752.809
ss-11-720000,1784514861063.3154,1784514861615,1784514863912.0,1784514864116.1323,551.685,2297.0,204.132,1784513543912.0,3052.817
ss-62-720000,1784514857963.323,1784514858465,1784514863912.0,1784514864116.1328,501.677,5447.0,204.133,1784513543912.0,6152.81
ss-91-720000,1784514863213.3179,1784514863670,1784514863912.0,1784514864116.133,456.682,242.0,204.133,1784513543912.0,902.815
ss-69-720000,1784514860963.3198,1784514861615,1784514863912.0,1784514864116.1333,651.68,2297.0,204.133,1784513543912.0,3152.813
ss-10-720000,1784514863613.3262,1784514863670,1784514863912.0,1784514864116.1355,56.674,242.0,204.135,1784513543912.0,502.809
ss-49-720000,1784514858763.321,1784514859515,1784514863912.0,1784514864116.136,751.679,4397.0,204.136,1784513543912.0,5352.815
ss-52-720000,1784514859413.3162,1784514859515,1784514863913.0,1784514864116.1362,101.684,4398.0,203.136,1784513543913.0,4702.82
ss-64-720000,1784514861413.3176,1784514861615,1784514863913.0,1784514864116.1365,201.682,2298.0,203.136,1784513543913.0,2702.819
ss-12-720000,1784514857613.3245,1784514858465,1784514863913.0,1784514864116.1367,851.676,5448.0,203.137,1784513543913.0,6502.812
ss-23-780000,1784514854663.324,1784514855315,1784514863913.0,1784514864116.1736,651.676,8598.0,203.174,1784513483913.0,9452.85
ss-79-780000,1784514859013.3203,1784514859515,1784514863913.0,1784514864116.1743,501.68,4398.0,203.174,1784513483913.0,5102.854
ss-6-780000,1784514857713.3232,1784514858465,1784514863913.0,1784514864116.1748,751.677,5448.0,203.175,1784513483913.0,6402.852
ss-7-780000,1784514853013.323,1784514853215,1784514863913.0,1784514864116.1753,201.677,10698.0,203.175,1784513483913.0,11102.852
ss-38-780000,1784514863163.3213,1784514863670,1784514863913.0,1784514864116.1758,506.679,243.0,203.176,1784513483913.0,952.854
ss-33-780000,1784514850163.331,1784514851115,1784514863913.0,1784514864116.1763,951.669,12798.0,203.176,1784513483913.0,13952.845
ss-41-780000,1784514860613.329,1784514861615,1784514863913.0,1784514864116.1768,1001.671,2298.0,203.177,1784513483913.0,3502.848
ss-57-780000,1784514862214.5652,1784514862665,1784514863913.0,1784514864116.1775,450.435,1248.0,203.177,1784513483913.0,1901.612
ss-71-780000,1784514862713.323,1784514863670,1784514863913.0,1784514864116.178,956.677,243.0,203.178,1784513483913.0,1402.855
ss-31-780000,1784514859663.3286,1784514860565,1784514863913.0,1784514864116.1785,901.671,3348.0,203.178,1784513483913.0,4452.85
ss-55-780000,1784514859863.3374,1784514860565,1784514863913.0,1784514864116.1787,701.663,3348.0,203.179,1784513483913.0,4252.841
ss-76-780000,1784514860663.3313,1784514861615,1784514863914.0,1784514864116.1797,951.669,2299.0,202.18,1784513483914.0,3452.848
ss-63-780000,1784514854413.3186,1784514855315,1784514863914.0,1784514864116.18,901.681,8599.0,202.18,1784513483914.0,9702.861
ss-17-780000,1784514855413.324,1784514856365,1784514863914.0,1784514864116.1804,951.676,7549.0,202.18,1784513483914.0,8702.856
ss-70-780000,1784514855463.3127,1784514856365,1784514863914.0,1784514864116.1848,901.687,7549.0,202.185,1784513483914.0,8652.872
ss-64-780000,1784514861413.3176,1784514861615,1784514863914.0,1784514864116.1853,201.682,2299.0,202.185,1784513483914.0,2702.868
ss-10-780000,1784514863613.3262,1784514863670,1784514863914.0,1784514864116.1885,56.674,244.0,202.188,1784513483914.0,502.862
ss-13-780000,1784514863113.307,1784514863670,1784514863914.0,1784514864116.189,556.693,244.0,202.189,1784513483914.0,1002.882
ss-61-780000,1784514861863.3203,1784514862665,1784514863914.0,1784514864116.1917,801.68,1249.0,202.192,1784513483914.0,2252.871
ss-48-780000,1784514863313.3203,1784514863670,1784514863914.0,1784514864116.1921,356.68,244.0,202.192,1784513483914.0,802.872
ss-69-780000,1784514860963.3198,1784514861615,1784514863914.0,1784514864116.1958,651.68,2299.0,202.196,1784513483914.0,3152.876
ss-93-780000,1784514860263.3213,1784514860565,1784514863914.0,1784514864116.1963,301.679,3349.0,202.196,1784513483914.0,3852.875
ss-81-780000,1784514855013.3186,1784514855315,1784514863914.0,1784514864116.1968,301.681,8599.0,202.197,1784513483914.0,9102.878
ss-66-780000,1784514862513.323,1784514862665,1784514863914.0,1784514864116.2227,151.677,1249.0,202.223,1784513483914.0,1602.9
ss-62-780000,1784514857963.323,1784514858465,1784514863914.0,1784514864116.2256,501.677,5449.0,202.226,1784513483914.0,6152.903
ss-91-780000,1784514863213.3179,1784514863670,1784514863914.0,1784514864116.226,456.682,244.0,202.226,1784513483914.0,902.908
ss-99-780000,1784514861213.322,1784514861615,1784514863914.0,1784514864116.2266,401.678,2299.0,202.227,1784513483914.0,2902.905
ss-47-780000,1784514861263.3184,1784514861615,1784514863915.0,1784514864116.227,351.682,2300.0,201.227,1784513483915.0,2852.909
ss-67-780000,1784514854563.3147,1784514855315,1784514863915.0,1784514864116.2307,751.685,8600.0,201.231,1784513483915.0,9552.916
ss-27-780000,1784514856963.3152,1784514857415,1784514863915.0,1784514864116.2344,451.685,6500.0,201.234,1784513483915.0,7152.919
ss-89-780000,1784514858513.3193,1784514859515,1784514863915.0,1784514864116.2349,1001.681,4400.0,201.235,1784513483915.0,5602.916
ss-37-780000,1784514860913.3145,1784514861615,1784514863915.0,1784514864116.2354,701.686,2300.0,201.235,1784513483915.0,3202.921
ss-40-780000,1784514858715.0037,1784514859515,1784514863915.0,1784514864116.2356,799.996,4400.0,201.236,1784513483915.0,5401.232
ss-94-780000,1784514852713.3203,1784514853215,1784514863915.0,1784514864116.2385,501.68,10700.0,201.239,1784513483915.0,11402.918
ss-60-780000,1784514863413.3218,1784514863670,1784514863915.0,1784514864116.2422,256.678,245.0,201.242,1784513483915.0,702.92
ss-98-780000,1784514859213.332,1784514859515,1784514863915.0,1784514864116.2427,301.668,4400.0,201.243,1784513483915.0,4902.911
ss-84-780000,1784514860463.3174,1784514860565,1784514863916.0,1784514864116.2537,101.683,3351.0,200.254,1784513483916.0,3652.936
ss-26-780000,1784514860313.3186,1784514860565,1784514863916.0,1784514864116.2542,251.681,3351.0,200.254,1784513483916.0,3802.936
ss-21-780000,1784514851363.3225,1784514852166,1784514863916.0,1784514864116.2573,802.677,11750.0,200.257,1784513483916.0,12752.935
ss-97-780000,1784514862363.319,1784514862665,1784514863916.0,1784514864116.2634,301.681,1251.0,200.263,1784513483916.0,1752.944
ss-54-780000,1784514862563.3176,1784514862665,1784514863916.0,1784514864116.264,101.682,1251.0,200.264,1784513483916.0,1552.946
ss-36-780000,1784514860863.302,1784514861615,1784514863916.0,1784514864116.347,751.698,2301.0,200.347,1784513483916.0,3253.045
ss-4-780000,1784514862813.317,1784514863670,1784514863916.0,1784514864116.3494,856.683,246.0,200.349,1784513483916.0,1303.032
ss-34-780000,1784514862613.3223,1784514862665,1784514863916.0,1784514864116.3503,51.678,1251.0,200.35,1784513483916.0,1503.028
ss-85-780000,1784514860813.298,1784514861615,1784514863916.0,1784514864116.3513,801.702,2301.0,200.351,1784513483916.0,3303.053
ss-19-780000,1784514863513.33,1784514863670,1784514863917.0,1784514864116.3708,156.67,247.0,199.371,1784513483917.0,603.041
ss-35-780000,1784514862413.3176,1784514862665,1784514863917.0,1784514864116.371,251.682,1252.0,199.371,1784513483917.0,1703.053
ss-80-780000,1784514860013.34,1784514860565,1784514863917.0,1784514864116.3884,551.66,3352.0,199.388,1784513483917.0,4103.048
ss-88-780000,1784514852013.3174,1784514852166,1784514863917.0,1784514864116.3892,152.683,11751.0,199.389,1784513483917.0,12103.072
ss-32-780000,1784514858013.32,1784514858465,1784514863917.0,1784514864116.3896,451.68,5452.0,199.39,1784513483917.0,6103.07
ss-46-780000,1784514851263.312,1784514852166,1784514863917.0,1784514864116.3938,902.688,11751.0,199.394,1784513483917.0,12853.082
ss-2-780000,1784514863463.3135,1784514863670,1784514863917.0,1784514864116.3943,206.687,247.0,199.394,1784513483917.0,653.081
ss-30-780000,1784514862663.3208,1784514862665,1784514863917.0,1784514864116.3948,1.679,1252.0,199.395,1784513483917.0,1453.074
ss-5-780000,1784514862163.327,1784514862665,1784514863917.0,1784514864116.395,501.673,1252.0,199.395,1784513483917.0,1953.068
ss-42-780000,1784514858413.3186,1784514858465,1784514863917.0,1784514864116.396,51.681,5452.0,199.396,1784513483917.0,5703.077
ss-50-780000,1784514861363.3162,1784514861615,1784514863918.0,1784514864116.3965,251.684,2303.0,198.396,1784513483918.0,2753.08
ss-28-780000,1784514863563.3247,1784514863670,1784514863918.0,1784514864116.397,106.675,248.0,198.397,1784513483918.0,553.072
ss-78-780000,1784514851513.307,1784514852166,1784514863918.0,1784514864116.398,652.693,11752.0,198.398,1784513483918.0,12603.091
ss-59-780000,1784514859563.3198,1784514860565,1784514863918.0,1784514864116.3982,1001.68,3353.0,198.398,1784513483918.0,4553.078
ss-86-780000,1784514855863.317,1784514856365,1784514863918.0,1784514864116.3984,501.683,7553.0,198.398,1784513483918.0,8253.082
ss-15-780000,1784514861513.3572,1784514861615,1784514863918.0,1784514864116.3987,101.643,2303.0,198.399,1784513483918.0,2603.042
ss-18-780000,1784514853313.3145,1784514854265,1784514863918.0,1784514864116.399,951.686,9653.0,198.399,1784513483918.0,10803.084
ss-22-780000,1784514861313.3228,1784514861615,1784514863918.0,1784514864116.3994,301.677,2303.0,198.399,1784513483918.0,2803.077
ss-82-780000,1784514861113.3174,1784514861615,1784514863918.0,1784514864116.4,501.683,2303.0,198.4,1784513483918.0,3003.083
ss-25-780000,1784514862263.318,1784514862665,1784514863918.0,1784514864116.4062,401.682,1253.0,198.406,1784513483918.0,1853.088
ss-87-780000,1784514859813.3352,1784514860565,1784514863919.0,1784514864116.4067,751.665,3354.0,197.407,1784513483919.0,4303.072
ss-9-780000,1784514852413.32,1784514853215,1784514863919.0,1784514864116.407,801.68,10704.0,197.407,1784513483919.0,11703.087
ss-77-780000,1784514852263.3193,1784514853215,1784514863919.0,1784514864116.4072,951.681,10704.0,197.407,1784513483919.0,11853.088
ss-90-780000,1784514863013.3164,1784514863670,1784514863919.0,1784514864116.4075,656.684,249.0,197.407,1784513483919.0,1103.091
ss-56-780000,1784514862863.3206,1784514863670,1784514863919.0,1784514864116.408,806.679,249.0,197.408,1784513483919.0,1253.087
ss-43-780000,1784514860713.3118,1784514861615,1784514863919.0,1784514864116.4082,901.688,2304.0,197.408,1784513483919.0,3403.096
ss-12-780000,1784514857613.3245,1784514858465,1784514863919.0,1784514864116.4087,851.676,5454.0,197.409,1784513483919.0,6503.084
ss-3-780000,1784514854113.3186,1784514854265,1784514863919.0,1784514864116.409,151.681,9654.0,197.409,1784513483919.0,10003.09
ss-65-780000,1784514859713.3213,1784514860565,1784514863919.0,1784514864116.4094,851.679,3354.0,197.409,1784513483919.0,4403.088
ss-0-780000,1784514855313.315,1784514855315,1784514863919.0,1784514864116.41,1.685,8604.0,197.41,1784513483919.0,8803.095
ss-68-780000,1784514858863.3184,1784514859515,1784514863920.0,1784514864116.4102,651.682,4405.0,196.41,1784513483920.0,5253.092
ss-20-780000,1784514861013.3328,1784514861615,1784514863920.0,1784514864116.4104,601.667,2305.0,196.41,1784513483920.0,3103.078
ss-53-780000,1784514862763.3247,1784514863670,1784514863920.0,1784514864116.4106,906.675,250.0,196.411,1784513483920.0,1353.086
ss-73-780000,1784514859613.3237,1784514860565,1784514863920.0,1784514864116.411,951.676,3355.0,196.411,1784513483920.0,4503.087
ss-45-780000,1784514854863.3152,1784514855315,1784514863920.0,1784514864116.4114,451.685,8605.0,196.411,1784513483920.0,9253.096
ss-75-780000,1784514862963.325,1784514863670,1784514863920.0,1784514864116.4175,706.675,250.0,196.417,1784513483920.0,1153.093
ss-83-780000,1784514858813.3225,1784514859515,1784514863920.0,1784514864116.4197,701.677,4405.0,196.42,1784513483920.0,5303.097
ss-16-780000,1784514863363.3198,1784514863670,1784514863920.0,1784514864116.4202,306.68,250.0,196.42,1784513483920.0,753.1
ss-24-780000,1784514860063.3206,1784514860565,1784514863920.0,1784514864116.425,501.679,3355.0,196.425,1784513483920.0,4053.104
ss-51-780000,1784514854513.3286,1784514855315,1784514863921.0,1784514864116.4277,801.671,8606.0,195.428,1784513483921.0,9603.099
ss-72-780000,1784514856863.318,1784514857415,1784514863921.0,1784514864116.4336,551.682,6506.0,195.434,1784513483921.0,7253.115
ss-29-780000,1784514861763.32,1784514862665,1784514863921.0,1784514864116.434,901.68,1256.0,195.434,1784513483921.0,2353.114
ss-92-780000,1784514858213.3184,1784514858465,1784514863921.0,1784514864116.441,251.682,5456.0,195.441,1784513483921.0,5903.123
ss-44-780000,1784514858663.32,1784514859515,1784514863921.0,1784514864116.4412,851.68,4406.0,195.441,1784513483921.0,5453.121
ss-8-780000,1784514863063.3225,1784514863670,1784514863921.0,1784514864116.4797,606.677,251.0,195.48,1784513483921.0,1053.157
ss-74-780000,1784514855163.3174,1784514855315,1784514863921.0,1784514864116.4814,151.683,8606.0,195.481,1784513483921.0,8953.164
ss-58-780000,1784514853463.3103,1784514854265,1784514863921.0,1784514864116.482,801.69,9656.0,195.482,1784513483921.0,10653.172
ss-11-780000,1784514861063.3154,1784514861615,1784514863921.0,1784514864116.483,551.685,2306.0,195.483,1784513483921.0,3053.167
ss-95-780000,1784514854213.3232,1784514854265,1784514863921.0,1784514864116.4897,51.677,9656.0,195.49,1784513483921.0,9903.167
ss-14-780000,1784514862113.3296,1784514862665,1784514863921.0,1784514864116.4902,551.67,1256.0,195.49,1784513483921.0,2003.161
ss-96-780000,1784514859263.3179,1784514859515,1784514863922.0,1784514864116.4912,251.682,4407.0,194.491,1784513483922.0,4853.173
ss-49-780000,1784514858763.321,1784514859515,1784514863922.0,1784514864116.4917,751.679,4407.0,194.492,1784513483922.0,5353.171
ss-1-780000,1784514859913.3237,1784514860565,1784514863922.0,1784514864116.4922,651.676,3357.0,194.492,1784513483922.0,4203.168
ss-52-780000,1784514859413.3162,1784514859515,1784514863922.0,1784514864116.4924,101.684,4407.0,194.492,1784513483922.0,4703.176
ss-39-780000,1784514857463.3167,1784514858465,1784514863922.0,1784514864116.504,1001.683,5457.0,194.504,1784513483922.0,6653.187
ss-30-840000,1784514862663.3208,1784514862665,1784514863922.0,1784514864117.8408,1.679,1257.0,195.841,1784513423922.0,1454.52
ss-9-840000,1784514852413.32,1784514853215,1784514863922.0,1784514864117.8413,801.68,10707.0,195.841,1784513423922.0,11704.521
ss-72-840000,1784514856863.318,1784514857415,1784514863922.0,1784514864117.8423,551.682,6507.0,195.842,1784513423922.0,7254.524
ss-7-840000,1784514853013.323,1784514853215,1784514863922.0,1784514864117.8428,201.677,10707.0,195.843,1784513423922.0,11104.52
ss-6-840000,1784514857713.3232,1784514858465,1784514863922.0,1784514864117.843,751.677,5457.0,195.843,1784513423922.0,6404.52
ss-10-840000,1784514863613.3262,1784514863670,1784514863922.0,1784514864117.8438,56.674,252.0,195.844,1784513423922.0,504.518
ss-43-840000,1784514860713.3118,1784514861615,1784514863922.0,1784514864117.844,901.688,2307.0,195.844,1784513423922.0,3404.532
ss-52-840000,1784514859413.3162,1784514859515,1784514863923.0,1784514864117.8445,101.684,4408.0,194.844,1784513423923.0,4704.528
ss-82-840000,1784514861113.3174,1784514861615,1784514863923.0,1784514864117.845,501.683,2308.0,194.845,1784513423923.0,3004.528
ss-16-840000,1784514863363.3198,1784514863670,1784514863923.0,1784514864117.8452,306.68,253.0,194.845,1784513423923.0,754.525
ss-34-840000,1784514862613.3223,1784514862665,1784514863923.0,1784514864117.8455,51.678,1258.0,194.845,1784513423923.0,1504.523
ss-90-840000,1784514863013.3164,1784514863670,1784514863923.0,1784514864117.846,656.684,253.0,194.846,1784513423923.0,1104.53
ss-12-840000,1784514857613.3245,1784514858465,1784514863923.0,1784514864117.8982,851.676,5458.0,194.898,1784513423923.0,6504.574
ss-50-840000,1784514861363.3162,1784514861615,1784514863923.0,1784514864117.9011,251.684,2308.0,194.901,1784513423923.0,2754.585
ss-91-840000,1784514863213.3179,1784514863670,1784514863923.0,1784514864117.9019,456.682,253.0,194.902,1784513423923.0,904.584
ss-25-840000,1784514862263.318,1784514862665,1784514863923.0,1784514864117.9028,401.682,1258.0,194.903,1784513423923.0,1854.585
ss-77-840000,1784514852263.3193,1784514853215,1784514863923.0,1784514864117.9036,951.681,10708.0,194.904,1784513423923.0,11854.584
ss-64-840000,1784514861413.3176,1784514861615,1784514863923.0,1784514864117.9045,201.682,2308.0,194.905,1784513423923.0,2704.587
ss-51-840000,1784514854513.3286,1784514855315,1784514863923.0,1784514864117.9048,801.671,8608.0,194.905,1784513423923.0,9604.576
ss-27-840000,1784514856963.3152,1784514857415,1784514863924.0,1784514864117.9053,451.685,6509.0,193.905,1784513423924.0,7154.59
ss-88-840000,1784514852013.3174,1784514852166,1784514863924.0,1784514864117.9058,152.683,11758.0,193.906,1784513423924.0,12104.588
ss-22-840000,1784514861313.3228,1784514861615,1784514863924.0,1784514864117.9082,301.677,2309.0,193.908,1784513423924.0,2804.585
ss-63-840000,1784514854413.3186,1784514855315,1784514863924.0,1784514864117.9087,901.681,8609.0,193.909,1784513423924.0,9704.59
ss-15-840000,1784514861513.3572,1784514861615,1784514863924.0,1784514864117.9094,101.643,2309.0,193.909,1784513423924.0,2604.552
ss-13-840000,1784514863113.307,1784514863670,1784514863924.0,1784514864117.9097,556.693,254.0,193.91,1784513423924.0,1004.603
ss-21-840000,1784514851363.3225,1784514852166,1784514863924.0,1784514864117.9104,802.677,11758.0,193.91,1784513423924.0,12754.588
ss-32-840000,1784514858013.32,1784514858465,1784514863924.0,1784514864117.917,451.68,5459.0,193.917,1784513423924.0,6104.597
ss-68-840000,1784514858863.3184,1784514859515,1784514863924.0,1784514864117.9175,651.682,4409.0,193.917,1784513423924.0,5254.599
ss-2-840000,1784514863463.3135,1784514863670,1784514863924.0,1784514864117.9177,206.687,254.0,193.918,1784513423924.0,654.604
ss-69-840000,1784514860963.3198,1784514861615,1784514863924.0,1784514864117.9197,651.68,2309.0,193.92,1784513423924.0,3154.6
ss-99-840000,1784514861213.322,1784514861615,1784514863924.0,1784514864117.9214,401.678,2309.0,193.921,1784513423924.0,2904.599
ss-8-840000,1784514863063.3225,1784514863670,1784514863925.0,1784514864117.9224,606.677,255.0,192.922,1784513423925.0,1054.6
ss-62-840000,1784514857963.323,1784514858465,1784514863925.0,1784514864117.9229,501.677,5460.0,192.923,1784513423925.0,6154.6
ss-37-840000,1784514860913.3145,1784514861615,1784514863925.0,1784514864117.923,701.686,2310.0,192.923,1784513423925.0,3204.609
ss-75-840000,1784514862963.325,1784514863670,1784514863925.0,1784514864117.9233,706.675,255.0,192.923,1784513423925.0,1154.598
ss-47-840000,1784514861263.3184,1784514861615,1784514863925.0,1784514864117.9236,351.682,2310.0,192.924,1784513423925.0,2854.605
ss-79-840000,1784514859013.3203,1784514859515,1784514863925.0,1784514864117.9238,501.68,4410.0,192.924,1784513423925.0,5104.604
ss-54-840000,1784514862563.3176,1784514862665,1784514863925.0,1784514864117.924,101.682,1260.0,192.924,1784513423925.0,1554.606
ss-67-840000,1784514854563.3147,1784514855315,1784514863925.0,1784514864117.9246,751.685,8610.0,192.925,1784513423925.0,9554.61
ss-70-840000,1784514855463.3127,1784514856365,1784514863925.0,1784514864117.925,901.687,7560.0,192.925,1784513423925.0,8654.612
ss-58-840000,1784514853463.3103,1784514854265,1784514863925.0,1784514864117.9285,801.69,9660.0,192.928,1784513423925.0,10654.618
ss-60-840000,1784514863413.3218,1784514863670,1784514863925.0,1784514864117.929,256.678,255.0,192.929,1784513423925.0,704.607
ss-66-840000,1784514862513.323,1784514862665,1784514863925.0,1784514864117.9294,151.677,1260.0,192.929,1784513423925.0,1604.606
ss-38-840000,1784514863163.3213,1784514863670,1784514863925.0,1784514864117.9321,506.679,255.0,192.932,1784513423925.0,954.611
ss-85-840000,1784514860813.298,1784514861615,1784514863926.0,1784514864117.935,801.702,2311.0,191.935,1784513423926.0,3304.637
ss-93-840000,1784514860263.3213,1784514860565,1784514863926.0,1784514864117.9731,301.679,3361.0,191.973,1784513423926.0,3854.652
ss-65-840000,1784514859713.3213,1784514860565,1784514863926.0,1784514864117.9753,851.679,3361.0,191.975,1784513423926.0,4404.654
ss-23-840000,1784514854663.324,1784514855315,1784514863926.0,1784514864117.9763,651.676,8611.0,191.976,1784513423926.0,9454.652
ss-76-840000,1784514860663.3313,1784514861615,1784514863926.0,1784514864117.9775,951.669,2311.0,191.978,1784513423926.0,3454.646
ss-89-840000,1784514858513.3193,1784514859515,1784514863926.0,1784514864117.9885,1001.681,4411.0,191.989,1784513423926.0,5604.669
ss-4-840000,1784514862813.317,1784514863670,1784514863926.0,1784514864117.9895,856.683,256.0,191.99,1784513423926.0,1304.673
ss-11-840000,1784514861063.3154,1784514861615,1784514863926.0,1784514864117.991,551.685,2311.0,191.991,1784513423926.0,3054.676
ss-45-840000,1784514854863.3152,1784514855315,1784514863926.0,1784514864117.992,451.685,8611.0,191.992,1784513423926.0,9254.677
ss-14-840000,1784514862113.3296,1784514862665,1784514863926.0,1784514864117.993,551.67,1261.0,191.993,1784513423926.0,2004.663
ss-20-840000,1784514861013.3328,1784514861615,1784514863926.0,1784514864117.9937,601.667,2311.0,191.994,1784513423926.0,3104.661
ss-31-840000,1784514859663.3286,1784514860565,1784514863926.0,1784514864117.9946,901.671,3361.0,191.995,1784513423926.0,4454.666
ss-57-840000,1784514862214.5652,1784514862665,1784514863926.0,1784514864117.9956,450.435,1261.0,191.996,1784513423926.0,1903.43
ss-74-840000,1784514855163.3174,1784514855315,1784514863926.0,1784514864118.005,151.683,8611.0,192.005,1784513423926.0,8954.688
ss-48-840000,1784514863313.3203,1784514863670,1784514863927.0,1784514864118.006,356.68,257.0,191.006,1784513423927.0,804.686
ss-36-840000,1784514860863.302,1784514861615,1784514863927.0,1784514864118.0068,751.698,2312.0,191.007,1784513423927.0,3254.705
ss-35-840000,1784514862413.3176,1784514862665,1784514863927.0,1784514864118.0078,251.682,1262.0,191.008,1784513423927.0,1704.69
ss-26-840000,1784514860313.3186,1784514860565,1784514863927.0,1784514864118.0085,251.681,3362.0,191.009,1784513423927.0,3804.69
ss-28-840000,1784514863563.3247,1784514863670,1784514863927.0,1784514864118.01,106.675,257.0,191.01,1784513423927.0,554.685
ss-81-840000,1784514855013.3186,1784514855315,1784514863927.0,1784514864118.0168,301.681,8612.0,191.017,1784513423927.0,9104.698
ss-33-840000,1784514850163.331,1784514851115,1784514863927.0,1784514864118.0178,951.669,12812.0,191.018,1784513423927.0,13954.687
ss-55-840000,1784514859863.3374,1784514860565,1784514863927.0,1784514864118.0247,701.663,3362.0,191.025,1784513423927.0,4254.687
ss-39-840000,1784514857463.3167,1784514858465,1784514863927.0,1784514864118.0256,1001.683,5462.0,191.026,1784513423927.0,6654.709
ss-96-840000,1784514859263.3179,1784514859515,1784514863927.0,1784514864118.036,251.682,4412.0,191.036,1784513423927.0,4854.718
ss-56-840000,1784514862863.3206,1784514863670,1784514863927.0,1784514864118.037,806.679,257.0,191.037,1784513423927.0,1254.717
ss-49-840000,1784514858763.321,1784514859515,1784514863928.0,1784514864118.0447,751.679,4413.0,190.045,1784513423928.0,5354.724
ss-17-840000,1784514855413.324,1784514856365,1784514863928.0,1784514864118.0461,951.676,7563.0,190.046,1784513423928.0,8704.722
ss-94-840000,1784514852713.3203,1784514853215,1784514863928.0,1784514864118.047,501.68,10713.0,190.047,1784513423928.0,11404.727
ss-18-840000,1784514853313.3145,1784514854265,1784514863928.0,1784514864118.0479,951.686,9663.0,190.048,1784513423928.0,10804.733
ss-59-840000,1784514859563.3198,1784514860565,1784514863928.0,1784514864118.0488,1001.68,3363.0,190.049,1784513423928.0,4554.729
ss-95-840000,1784514854213.3232,1784514854265,1784514863928.0,1784514864118.0498,51.677,9663.0,190.05,1784513423928.0,9904.727
ss-61-840000,1784514861863.3203,1784514862665,1784514863928.0,1784514864118.055,801.68,1263.0,190.055,1784513423928.0,2254.735
ss-71-840000,1784514862713.323,1784514863670,1784514863928.0,1784514864118.0771,956.677,258.0,190.077,1784513423928.0,1404.754
ss-98-840000,1784514859213.332,1784514859515,1784514863928.0,1784514864118.078,301.668,4413.0,190.078,1784513423928.0,4904.746
ss-46-840000,1784514851263.312,1784514852166,1784514863928.0,1784514864118.079,902.688,11762.0,190.079,1784513423928.0,12854.767
ss-44-840000,1784514858663.32,1784514859515,1784514863928.0,1784514864118.0862,851.68,4413.0,190.086,1784513423928.0,5454.766
ss-19-840000,1784514863513.33,1784514863670,1784514863928.0,1784514864118.0872,156.67,258.0,190.087,1784513423928.0,604.757
ss-83-840000,1784514858813.3225,1784514859515,1784514863928.0,1784514864118.088,701.677,4413.0,190.088,1784513423928.0,5304.765
ss-78-840000,1784514851513.307,1784514852166,1784514863928.0,1784514864118.0933,652.693,11762.0,190.093,1784513423928.0,12604.786
ss-40-840000,1784514858715.0037,1784514859515,1784514863929.0,1784514864118.0942,799.996,4414.0,189.094,1784513423929.0,5403.091
ss-29-840000,1784514861763.32,1784514862665,1784514863929.0,1784514864118.095,901.68,1264.0,189.095,1784513423929.0,2354.775
ss-86-840000,1784514855863.317,1784514856365,1784514863929.0,1784514864118.102,501.683,7564.0,189.102,1784513423929.0,8254.785
ss-42-840000,1784514858413.3186,1784514858465,1784514863929.0,1784514864118.103,51.681,5464.0,189.103,1784513423929.0,5704.784
ss-84-840000,1784514860463.3174,1784514860565,1784514863929.0,1784514864118.195,101.683,3364.0,189.195,1784513423929.0,3654.878
ss-5-840000,1784514862163.327,1784514862665,1784514863929.0,1784514864118.1963,501.673,1264.0,189.196,1784513423929.0,1954.869
ss-53-840000,1784514862763.3247,1784514863670,1784514863929.0,1784514864118.197,906.675,259.0,189.197,1784513423929.0,1354.872
ss-24-840000,1784514860063.3206,1784514860565,1784514863929.0,1784514864118.198,501.679,3364.0,189.198,1784513423929.0,4054.877
ss-41-840000,1784514860613.329,1784514861615,1784514863929.0,1784514864118.1987,1001.671,2314.0,189.199,1784513423929.0,3504.87
ss-3-840000,1784514854113.3186,1784514854265,1784514863929.0,1784514864118.1995,151.681,9664.0,189.199,1784513423929.0,10004.881
ss-0-840000,1784514855313.315,1784514855315,1784514863929.0,1784514864118.2004,1.685,8614.0,189.2,1784513423929.0,8804.885
ss-73-840000,1784514859613.3237,1784514860565,1784514863929.0,1784514864118.2012,951.676,3364.0,189.201,1784513423929.0,4504.877
ss-92-840000,1784514858213.3184,1784514858465,1784514863929.0,1784514864118.202,251.682,5464.0,189.202,1784513423929.0,5904.884
ss-87-840000,1784514859813.3352,1784514860565,1784514863929.0,1784514864118.203,751.665,3364.0,189.203,1784513423929.0,4304.868
ss-1-840000,1784514859913.3237,1784514860565,1784514863930.0,1784514864118.2036,651.676,3365.0,188.204,1784513423930.0,4204.88
ss-97-840000,1784514862363.319,1784514862665,1784514863930.0,1784514864118.2043,301.681,1265.0,188.204,1784513423930.0,1754.885
ss-80-840000,1784514860013.34,1784514860565,1784514863930.0,1784514864118.205,551.66,3365.0,188.205,1784513423930.0,4104.865
ss-2-900000,1784514863463.3135,1784514863670,1784514863930.0,1784514864118.206,206.687,260.0,188.206,1784513363930.0,654.893
ss-68-900000,1784514858863.3184,1784514859515,1784514863930.0,1784514864118.2114,651.682,4415.0,188.211,1784513363930.0,5254.893
ss-83-900000,1784514858813.3225,1784514859515,1784514863930.0,1784514864118.2124,701.677,4415.0,188.212,1784513363930.0,5304.89
ss-85-900000,1784514860813.298,1784514861615,1784514863930.0,1784514864118.2131,801.702,2315.0,188.213,1784513363930.0,3304.915
ss-87-900000,1784514859813.3352,1784514860565,1784514863930.0,1784514864118.2139,751.665,3365.0,188.214,1784513363930.0,4304.879
ss-51-900000,1784514854513.3286,1784514855315,1784514863930.0,1784514864118.2334,801.671,8615.0,188.233,1784513363930.0,9604.905
ss-9-900000,1784514852413.32,1784514853215,1784514863930.0,1784514864118.2344,801.68,10715.0,188.234,1784513363930.0,11704.914
ss-21-900000,1784514851363.3225,1784514852166,1784514863930.0,1784514864118.24,802.677,11764.0,188.24,1784513363930.0,12754.917
ss-75-900000,1784514862963.325,1784514863670,1784514863930.0,1784514864118.2407,706.675,260.0,188.241,1784513363930.0,1154.916
ss-23-900000,1784514854663.324,1784514855315,1784514863930.0,1784514864118.246,651.676,8615.0,188.246,1784513363930.0,9454.922
ss-18-900000,1784514853313.3145,1784514854265,1784514863930.0,1784514864118.247,951.686,9665.0,188.247,1784513363930.0,10804.933
ss-5-900000,1784514862163.327,1784514862665,1784514863930.0,1784514864118.2617,501.673,1265.0,188.262,1784513363930.0,1954.935
ss-36-900000,1784514860863.302,1784514861615,1784514863931.0,1784514864118.2627,751.698,2316.0,187.263,1784513363931.0,3254.961
ss-50-900000,1784514861363.3162,1784514861615,1784514863931.0,1784514864118.2634,251.684,2316.0,187.263,1784513363931.0,2754.947
ss-15-900000,1784514861513.3572,1784514861615,1784514863931.0,1784514864118.2642,101.643,2316.0,187.264,1784513363931.0,2604.907
ss-80-900000,1784514860013.34,1784514860565,1784514863931.0,1784514864118.265,551.66,3366.0,187.265,1784513363931.0,4104.925
ss-48-900000,1784514863313.3203,1784514863670,1784514863931.0,1784514864118.2708,356.68,261.0,187.271,1784513363931.0,804.95
ss-99-900000,1784514861213.322,1784514861615,1784514863931.0,1784514864118.2715,401.678,2316.0,187.271,1784513363931.0,2904.949
ss-28-900000,1784514863563.3247,1784514863670,1784514863931.0,1784514864118.2769,106.675,261.0,187.277,1784513363931.0,554.952
ss-43-900000,1784514860713.3118,1784514861615,1784514863931.0,1784514864118.2817,901.688,2316.0,187.282,1784513363931.0,3404.97
ss-25-900000,1784514862263.318,1784514862665,1784514863931.0,1784514864118.2827,401.682,1266.0,187.283,1784513363931.0,1854.965
ss-53-900000,1784514862763.3247,1784514863670,1784514863931.0,1784514864118.2837,906.675,261.0,187.284,1784513363931.0,1354.959
ss-70-900000,1784514855463.3127,1784514856365,1784514863931.0,1784514864118.2844,901.687,7566.0,187.284,1784513363931.0,8654.972
ss-62-900000,1784514857963.323,1784514858465,1784514863931.0,1784514864118.2852,501.677,5466.0,187.285,1784513363931.0,6154.962
ss-3-900000,1784514854113.3186,1784514854265,1784514863931.0,1784514864118.2861,151.681,9666.0,187.286,1784513363931.0,10004.968
ss-66-900000,1784514862513.323,1784514862665,1784514863931.0,1784514864118.2869,151.677,1266.0,187.287,1784513363931.0,1604.964
ss-37-900000,1784514860913.3145,1784514861615,1784514863931.0,1784514864118.2878,701.686,2316.0,187.288,1784513363931.0,3204.973
ss-7-900000,1784514853013.323,1784514853215,1784514863931.0,1784514864118.2886,201.677,10716.0,187.289,1784513363931.0,11104.966
ss-1-900000,1784514859913.3237,1784514860565,1784514863931.0,1784514864118.2893,651.676,3366.0,187.289,1784513363931.0,4204.966
ss-11-900000,1784514861063.3154,1784514861615,1784514863932.0,1784514864118.29,551.685,2317.0,186.29,1784513363932.0,3054.975
ss-47-900000,1784514861263.3184,1784514861615,1784514863932.0,1784514864118.291,351.682,2317.0,186.291,1784513363932.0,2854.973
ss-61-900000,1784514861863.3203,1784514862665,1784514863932.0,1784514864118.3018,801.68,1267.0,186.302,1784513363932.0,2254.981
ss-90-900000,1784514863013.3164,1784514863670,1784514863932.0,1784514864118.3027,656.684,262.0,186.303,1784513363932.0,1104.986
ss-26-900000,1784514860313.3186,1784514860565,1784514863932.0,1784514864118.3035,251.681,3367.0,186.303,1784513363932.0,3804.985
ss-74-900000,1784514855163.3174,1784514855315,1784514863932.0,1784514864118.3042,151.683,8617.0,186.304,1784513363932.0,8954.987
ss-32-900000,1784514858013.32,1784514858465,1784514863932.0,1784514864118.305,451.68,5467.0,186.305,1784513363932.0,6104.985
ss-16-900000,1784514863363.3198,1784514863670,1784514863932.0,1784514864118.3057,306.68,262.0,186.306,1784513363932.0,754.986
ss-95-900000,1784514854213.3232,1784514854265,1784514863932.0,1784514864118.3064,51.677,9667.0,186.306,1784513363932.0,9904.983
ss-12-900000,1784514857613.3245,1784514858465,1784514863932.0,1784514864118.307,851.676,5467.0,186.307,1784513363932.0,6504.982
ss-93-900000,1784514860263.3213,1784514860565,1784514863932.0,1784514864118.3076,301.679,3367.0,186.308,1784513363932.0,3854.986
ss-98-900000,1784514859213.332,1784514859515,1784514863932.0,1784514864118.3083,301.668,4417.0,186.308,1784513363932.0,4904.976
ss-8-900000,1784514863063.3225,1784514863670,1784514863932.0,1784514864118.314,606.677,262.0,186.314,1784513363932.0,1054.991
ss-91-900000,1784514863213.3179,1784514863670,1784514863932.0,1784514864118.3147,456.682,262.0,186.315,1784513363932.0,904.997
ss-40-900000,1784514858715.0037,1784514859515,1784514863932.0,1784514864118.3154,799.996,4417.0,186.315,1784513363932.0,5403.312
ss-81-900000,1784514855013.3186,1784514855315,1784514863932.0,1784514864118.3167,301.681,8617.0,186.317,1784513363932.0,9104.998
ss-46-900000,1784514851263.312,1784514852166,1784514863932.0,1784514864118.3242,902.688,11766.0,186.324,1784513363932.0,12855.012
ss-86-900000,1784514855863.317,1784514856365,1784514863933.0,1784514864118.325,501.683,7568.0,185.325,1784513363933.0,8255.008
ss-29-900000,1784514861763.32,1784514862665,1784514863933.0,1784514864118.326,901.68,1268.0,185.326,1784513363933.0,2355.006
ss-79-900000,1784514859013.3203,1784514859515,1784514863933.0,1784514864118.3806,501.68,4418.0,185.381,1784513363933.0,5105.06
ss-10-900000,1784514863613.3262,1784514863670,1784514863933.0,1784514864118.3816,56.674,263.0,185.382,1784513363933.0,505.055
ss-65-900000,1784514859713.3213,1784514860565,1784514863933.0,1784514864118.3826,851.679,3368.0,185.383,1784513363933.0,4405.061
ss-94-900000,1784514852713.3203,1784514853215,1784514863933.0,1784514864118.3833,501.68,10718.0,185.383,1784513363933.0,11405.063
ss-59-900000,1784514859563.3198,1784514860565,1784514863933.0,1784514864118.384,1001.68,3368.0,185.384,1784513363933.0,4555.064
ss-34-900000,1784514862613.3223,1784514862665,1784514863933.0,1784514864118.3848,51.678,1268.0,185.385,1784513363933.0,1505.062
ss-82-900000,1784514861113.3174,1784514861615,1784514863933.0,1784514864118.3855,501.683,2318.0,185.385,1784513363933.0,3005.068
ss-58-900000,1784514853463.3103,1784514854265,1784514863933.0,1784514864118.3862,801.69,9668.0,185.386,1784513363933.0,10655.076
ss-41-900000,1784514860613.329,1784514861615,1784514863933.0,1784514864118.3872,1001.671,2318.0,185.387,1784513363933.0,3505.058
ss-4-900000,1784514862813.317,1784514863670,1784514863933.0,1784514864118.388,856.683,263.0,185.388,1784513363933.0,1305.071
ss-88-900000,1784514852013.3174,1784514852166,1784514863933.0,1784514864118.3887,152.683,11767.0,185.389,1784513363933.0,12105.071
ss-45-900000,1784514854863.3152,1784514855315,1784514863933.0,1784514864118.399,451.685,8618.0,185.399,1784513363933.0,9255.084
ss-57-900000,1784514862214.5652,1784514862665,1784514863933.0,1784514864118.4,450.435,1268.0,185.4,1784513363933.0,1903.835
ss-92-900000,1784514858213.3184,1784514858465,1784514863933.0,1784514864118.4114,251.682,5468.0,185.411,1784513363933.0,5905.093
ss-6-900000,1784514857713.3232,1784514858465,1784514863933.0,1784514864118.417,751.677,5468.0,185.417,1784513363933.0,6405.094
ss-84-900000,1784514860463.3174,1784514860565,1784514863933.0,1784514864118.4177,101.683,3368.0,185.418,1784513363933.0,3655.1
ss-13-900000,1784514863113.307,1784514863670,1784514863933.0,1784514864118.4321,556.693,263.0,185.432,1784513363933.0,1005.125
ss-71-900000,1784514862713.323,1784514863670,1784514863933.0,1784514864118.433,956.677,263.0,185.433,1784513363933.0,1405.11
ss-24-900000,1784514860063.3206,1784514860565,1784514863933.0,1784514864118.4338,501.679,3368.0,185.434,1784513363933.0,4055.113
ss-89-900000,1784514858513.3193,1784514859515,1784514863934.0,1784514864118.4346,1001.681,4419.0,184.435,1784513363934.0,5605.115
ss-96-900000,1784514859263.3179,1784514859515,1784514863934.0,1784514864118.4353,251.682,4419.0,184.435,1784513363934.0,4855.117
ss-0-900000,1784514855313.315,1784514855315,1784514863934.0,1784514864118.436,1.685,8619.0,184.436,1784513363934.0,8805.121
ss-73-900000,1784514859613.3237,1784514860565,1784514863934.0,1784514864118.4365,951.676,3369.0,184.437,1784513363934.0,4505.113
ss-49-900000,1784514858763.321,1784514859515,1784514863934.0,1784514864118.4373,751.679,4419.0,184.437,1784513363934.0,5355.116
ss-97-900000,1784514862363.319,1784514862665,1784514863934.0,1784514864118.438,301.681,1269.0,184.438,1784513363934.0,1755.119
ss-14-900000,1784514862113.3296,1784514862665,1784514863934.0,1784514864118.439,551.67,1269.0,184.439,1784513363934.0,2005.109
ss-72-900000,1784514856863.318,1784514857415,1784514863934.0,1784514864118.4397,551.682,6519.0,184.44,1784513363934.0,7255.122
ss-22-900000,1784514861313.3228,1784514861615,1784514863934.0,1784514864118.4407,301.677,2319.0,184.441,1784513363934.0,2805.118
ss-17-900000,1784514855413.324,1784514856365,1784514863934.0,1784514864118.4502,951.676,7569.0,184.45,1784513363934.0,8705.126
ss-31-900000,1784514859663.3286,1784514860565,1784514863934.0,1784514864118.451,901.671,3369.0,184.451,1784513363934.0,4455.122
ss-27-900000,1784514856963.3152,1784514857415,1784514863934.0,1784514864118.4565,451.685,6519.0,184.457,1784513363934.0,7155.141
ss-44-900000,1784514858663.32,1784514859515,1784514863934.0,1784514864118.4575,851.68,4419.0,184.458,1784513363934.0,5455.137
ss-64-900000,1784514861413.3176,1784514861615,1784514863934.0,1784514864118.4585,201.682,2319.0,184.458,1784513363934.0,2705.141
ss-69-900000,1784514860963.3198,1784514861615,1784514863934.0,1784514864118.4592,651.68,2319.0,184.459,1784513363934.0,3155.139
ss-67-900000,1784514854563.3147,1784514855315,1784514863934.0,1784514864118.46,751.685,8619.0,184.46,1784513363934.0,9555.145
ss-20-900000,1784514861013.3328,1784514861615,1784514863934.0,1784514864118.4607,601.667,2319.0,184.461,1784513363934.0,3105.128
ss-78-900000,1784514851513.307,1784514852166,1784514863934.0,1784514864118.4614,652.693,11768.0,184.461,1784513363934.0,12605.155
ss-63-900000,1784514854413.3186,1784514855315,1784514863934.0,1784514864118.4622,901.681,8619.0,184.462,1784513363934.0,9705.144
ss-38-900000,1784514863163.3213,1784514863670,1784514863934.0,1784514864118.5105,506.679,264.0,184.51,1784513363934.0,955.189
ss-52-900000,1784514859413.3162,1784514859515,1784514863934.0,1784514864118.5115,101.684,4419.0,184.511,1784513363934.0,4705.195
ss-42-900000,1784514858413.3186,1784514858465,1784514863935.0,1784514864118.5122,51.681,5470.0,183.512,1784513363935.0,5705.194
ss-35-900000,1784514862413.3176,1784514862665,1784514863935.0,1784514864118.5132,251.682,1270.0,183.513,1784513363935.0,1705.196
ss-76-900000,1784514860663.3313,1784514861615,1784514863935.0,1784514864118.5142,951.669,2320.0,183.514,1784513363935.0,3455.183
ss-77-900000,1784514852263.3193,1784514853215,1784514863935.0,1784514864118.5203,951.681,10720.0,183.52,1784513363935.0,11855.201
ss-60-900000,1784514863413.3218,1784514863670,1784514863935.0,1784514864118.5212,256.678,265.0,183.521,1784513363935.0,705.199
ss-19-900000,1784514863513.33,1784514863670,1784514863935.0,1784514864118.522,156.67,265.0,183.522,1784513363935.0,605.192
ss-54-900000,1784514862563.3176,1784514862665,1784514863935.0,1784514864118.523,101.682,1270.0,183.523,1784513363935.0,1555.205
ss-30-900000,1784514862663.3208,1784514862665,1784514863935.0,1784514864118.5237,1.679,1270.0,183.524,1784513363935.0,1455.203
ss-33-900000,1784514850163.331,1784514851115,1784514863935.0,1784514864118.5244,951.669,12820.0,183.524,1784513363935.0,13955.193
ss-39-900000,1784514857463.3167,1784514858465,1784514863935.0,1784514864118.5251,1001.683,5470.0,183.525,1784513363935.0,6655.208
ss-56-900000,1784514862863.3206,1784514863670,1784514863935.0,1784514864118.526,806.679,265.0,183.526,1784513363935.0,1255.205
ss-55-900000,1784514859863.3374,1784514860565,1784514863935.0,1784514864118.5266,701.663,3370.0,183.527,1784513363935.0,4255.189
ss-64-960000,1784514861413.3176,1784514861615,1784514863935.0,1784514864118.536,201.682,2320.0,183.536,1784513303935.0,2705.218
ss-6-960000,1784514857713.3232,1784514858465,1784514863935.0,1784514864118.5366,751.677,5470.0,183.537,1784513303935.0,6405.213
ss-51-960000,1784514854513.3286,1784514855315,1784514863935.0,1784514864118.5376,801.671,8620.0,183.538,1784513303935.0,9605.209
ss-46-960000,1784514851263.312,1784514852166,1784514863935.0,1784514864118.5383,902.688,11769.0,183.538,1784513303935.0,12855.226
ss-35-960000,1784514862413.3176,1784514862665,1784514863935.0,1784514864118.5393,251.682,1270.0,183.539,1784513303935.0,1705.222
ss-45-960000,1784514854863.3152,1784514855315,1784514863936.0,1784514864118.5447,451.685,8621.0,182.545,1784513303936.0,9255.229
ss-0-960000,1784514855313.315,1784514855315,1784514863936.0,1784514864118.5454,1.685,8621.0,182.545,1784513303936.0,8805.23
ss-42-960000,1784514858413.3186,1784514858465,1784514863936.0,1784514864118.5461,51.681,5471.0,182.546,1784513303936.0,5705.228
ss-26-960000,1784514860313.3186,1784514860565,1784514863936.0,1784514864118.5469,251.681,3371.0,182.547,1784513303936.0,3805.228
ss-84-960000,1784514860463.3174,1784514860565,1784514863936.0,1784514864118.5593,101.683,3371.0,182.559,1784513303936.0,3655.242
ss-1-960000,1784514859913.3237,1784514860565,1784514863936.0,1784514864118.5603,651.676,3371.0,182.56,1784513303936.0,4205.237
ss-70-960000,1784514855463.3127,1784514856365,1784514863936.0,1784514864118.561,901.687,7571.0,182.561,1784513303936.0,8655.248
ss-27-960000,1784514856963.3152,1784514857415,1784514863936.0,1784514864118.5618,451.685,6521.0,182.562,1784513303936.0,7155.247
ss-4-960000,1784514862813.317,1784514863670,1784514863936.0,1784514864118.5625,856.683,266.0,182.562,1784513303936.0,1305.246
ss-56-960000,1784514862863.3206,1784514863670,1784514863936.0,1784514864118.5632,806.679,266.0,182.563,1784513303936.0,1255.243
ss-79-960000,1784514859013.3203,1784514859515,1784514863936.0,1784514864118.5706,501.68,4421.0,182.571,1784513303936.0,5105.25
ss-14-960000,1784514862113.3296,1784514862665,1784514863936.0,1784514864118.5715,551.67,1271.0,182.572,1784513303936.0,2005.242
ss-92-960000,1784514858213.3184,1784514858465,1784514863936.0,1784514864118.5723,251.682,5471.0,182.572,1784513303936.0,5905.254
ss-99-960000,1784514861213.322,1784514861615,1784514863936.0,1784514864118.573,401.678,2321.0,182.573,1784513303936.0,2905.251
ss-86-960000,1784514855863.317,1784514856365,1784514863936.0,1784514864118.5737,501.683,7571.0,182.574,1784513303936.0,8255.257
ss-73-960000,1784514859613.3237,1784514860565,1784514863936.0,1784514864118.581,951.676,3371.0,182.581,1784513303936.0,4505.257
ss-59-960000,1784514859563.3198,1784514860565,1784514863936.0,1784514864118.582,1001.68,3371.0,182.582,1784513303936.0,4555.262
ss-61-960000,1784514861863.3203,1784514862665,1784514863936.0,1784514864118.5825,801.68,1271.0,182.583,1784513303936.0,2255.262
ss-50-960000,1784514861363.3162,1784514861615,1784514863936.0,1784514864118.59,251.684,2321.0,182.59,1784513303936.0,2755.274
ss-22-960000,1784514861313.3228,1784514861615,1784514863936.0,1784514864118.5908,301.677,2321.0,182.591,1784513303936.0,2805.268
ss-65-960000,1784514859713.3213,1784514860565,1784514863936.0,1784514864118.5918,851.679,3371.0,182.592,1784513303936.0,4405.271
ss-33-960000,1784514850163.331,1784514851115,1784514863936.0,1784514864118.5981,951.669,12821.0,182.598,1784513303936.0,13955.267
ss-19-960000,1784514863513.33,1784514863670,1784514863936.0,1784514864118.5989,156.67,266.0,182.599,1784513303936.0,605.269
ss-76-960000,1784514860663.3313,1784514861615,1784514863936.0,1784514864118.5996,951.669,2321.0,182.6,1784513303936.0,3455.268
ss-91-960000,1784514863213.3179,1784514863670,1784514863936.0,1784514864118.606,456.682,266.0,182.606,1784513303936.0,905.288
ss-60-960000,1784514863413.3218,1784514863670,1784514863936.0,1784514864118.6123,256.678,266.0,182.612,1784513303936.0,705.291
ss-69-960000,1784514860963.3198,1784514861615,1784514863936.0,1784514864118.619,651.68,2321.0,182.619,1784513303936.0,3155.299
ss-78-960000,1784514851513.307,1784514852166,1784514863937.0,1784514864118.6199,652.693,11771.0,181.62,1784513303937.0,12605.313
ss-95-960000,1784514854213.3232,1784514854265,1784514863937.0,1784514864118.6204,51.677,9672.0,181.62,1784513303937.0,9905.297
ss-77-960000,1784514852263.3193,1784514853215,1784514863937.0,1784514864118.6277,951.681,10722.0,181.628,1784513303937.0,11855.308
ss-49-960000,1784514858763.321,1784514859515,1784514863937.0,1784514864118.6284,751.679,4422.0,181.628,1784513303937.0,5355.307
ss-24-960000,1784514860063.3206,1784514860565,1784514863937.0,1784514864118.6533,501.679,3372.0,181.653,1784513303937.0,4055.333
ss-52-960000,1784514859413.3162,1784514859515,1784514863937.0,1784514864118.6543,101.684,4422.0,181.654,1784513303937.0,4705.338
ss-2-960000,1784514863463.3135,1784514863670,1784514863937.0,1784514864118.6553,206.687,267.0,181.655,1784513303937.0,655.342
ss-3-960000,1784514854113.3186,1784514854265,1784514863937.0,1784514864118.656,151.681,9672.0,181.656,1784513303937.0,10005.337
ss-68-960000,1784514858863.3184,1784514859515,1784514863937.0,1784514864118.657,651.682,4422.0,181.657,1784513303937.0,5255.339
ss-29-960000,1784514861763.32,1784514862665,1784514863937.0,1784514864118.664,901.68,1272.0,181.664,1784513303937.0,2355.344
ss-25-960000,1784514862263.318,1784514862665,1784514863937.0,1784514864118.6648,401.682,1272.0,181.665,1784513303937.0,1855.347
ss-85-960000,1784514860813.298,1784514861615,1784514863937.0,1784514864118.6655,801.702,2322.0,181.666,1784513303937.0,3305.367
ss-16-960000,1784514863363.3198,1784514863670,1784514863937.0,1784514864118.6665,306.68,267.0,181.667,1784513303937.0,755.347
ss-7-960000,1784514853013.323,1784514853215,1784514863937.0,1784514864118.672,201.677,10722.0,181.672,1784513303937.0,11105.349
ss-38-960000,1784514863163.3213,1784514863670,1784514863937.0,1784514864118.6802,506.679,267.0,181.68,1784513303937.0,955.359
ss-89-960000,1784514858513.3193,1784514859515,1784514863937.0,1784514864118.6812,1001.681,4422.0,181.681,1784513303937.0,5605.362
ss-44-960000,1784514858663.32,1784514859515,1784514863937.0,1784514864118.682,851.68,4422.0,181.682,1784513303937.0,5455.362
ss-72-960000,1784514856863.318,1784514857415,1784514863937.0,1784514864118.6873,551.682,6522.0,181.687,1784513303937.0,7255.369
ss-36-960000,1784514860863.302,1784514861615,1784514863937.0,1784514864118.6882,751.698,2322.0,181.688,1784513303937.0,3255.386
ss-97-960000,1784514862363.319,1784514862665,1784514863937.0,1784514864118.6958,301.681,1272.0,181.696,1784513303937.0,1755.377
ss-28-960000,1784514863563.3247,1784514863670,1784514863937.0,1784514864118.6965,106.675,267.0,181.697,1784513303937.0,555.372
ss-20-960000,1784514861013.3328,1784514861615,1784514863937.0,1784514864118.6973,601.667,2322.0,181.697,1784513303937.0,3105.365
ss-90-960000,1784514863013.3164,1784514863670,1784514863937.0,1784514864118.7136,656.684,267.0,181.714,1784513303937.0,1105.397
ss-11-960000,1784514861063.3154,1784514861615,1784514863937.0,1784514864118.7146,551.685,2322.0,181.715,1784513303937.0,3055.399
ss-48-960000,1784514863313.3203,1784514863670,1784514863937.0,1784514864118.7153,356.68,267.0,181.715,1784513303937.0,805.395
ss-98-960000,1784514859213.332,1784514859515,1784514863937.0,1784514864118.7463,301.668,4422.0,181.746,1784513303937.0,4905.414
ss-39-960000,1784514857463.3167,1784514858465,1784514863937.0,1784514864118.7473,1001.683,5472.0,181.747,1784513303937.0,6655.431
ss-53-960000,1784514862763.3247,1784514863670,1784514863938.0,1784514864118.748,906.675,268.0,180.748,1784513303938.0,1355.423
ss-23-960000,1784514854663.324,1784514855315,1784514863938.0,1784514864118.7485,651.676,8623.0,180.749,1784513303938.0,9455.425
ss-75-960000,1784514862963.325,1784514863670,1784514863938.0,1784514864118.7495,706.675,268.0,180.75,1784513303938.0,1155.425
ss-80-960000,1784514860013.34,1784514860565,1784514863938.0,1784514864118.7502,551.66,3373.0,180.75,1784513303938.0,4105.41
ss-9-960000,1784514852413.32,1784514853215,1784514863938.0,1784514864118.751,801.68,10723.0,180.751,1784513303938.0,11705.431
ss-47-960000,1784514861263.3184,1784514861615,1784514863938.0,1784514864118.7517,351.682,2323.0,180.752,1784513303938.0,2855.433
ss-32-960000,1784514858013.32,1784514858465,1784514863938.0,1784514864118.7588,451.68,5473.0,180.759,1784513303938.0,6105.439
ss-94-960000,1784514852713.3203,1784514853215,1784514863938.0,1784514864118.7595,501.68,10723.0,180.76,1784513303938.0,11405.439
ss-96-960000,1784514859263.3179,1784514859515,1784514863938.0,1784514864118.7603,251.682,4423.0,180.76,1784513303938.0,4855.442
ss-66-960000,1784514862513.323,1784514862665,1784514863938.0,1784514864118.7664,151.677,1273.0,180.766,1784513303938.0,1605.443
ss-43-960000,1784514860713.3118,1784514861615,1784514863938.0,1784514864118.767,901.688,2323.0,180.767,1784513303938.0,3405.455
ss-93-960000,1784514860263.3213,1784514860565,1784514863938.0,1784514864118.7678,301.679,3373.0,180.768,1784513303938.0,3855.447
ss-37-960000,1784514860913.3145,1784514861615,1784514863938.0,1784514864118.7747,701.686,2323.0,180.775,1784513303938.0,3205.46
ss-12-960000,1784514857613.3245,1784514858465,1784514863938.0,1784514864118.7754,851.676,5473.0,180.775,1784513303938.0,6505.451
ss-67-960000,1784514854563.3147,1784514855315,1784514863938.0,1784514864118.7832,751.685,8623.0,180.783,1784513303938.0,9555.469
ss-5-960000,1784514862163.327,1784514862665,1784514863938.0,1784514864118.784,501.673,1273.0,180.784,1784513303938.0,1955.457
ss-82-960000,1784514861113.3174,1784514861615,1784514863938.0,1784514864118.7908,501.683,2323.0,180.791,1784513303938.0,3005.473
ss-57-960000,1784514862214.5652,1784514862665,1784514863938.0,1784514864118.7964,450.435,1273.0,180.796,1784513303938.0,1904.231
ss-21-960000,1784514851363.3225,1784514852166,1784514863938.0,1784514864118.7974,802.677,11772.0,180.797,1784513303938.0,12755.475
ss-40-960000,1784514858715.0037,1784514859515,1784514863938.0,1784514864118.798,799.996,4423.0,180.798,1784513303938.0,5403.794
ss-88-960000,1784514852013.3174,1784514852166,1784514863938.0,1784514864118.809,152.683,11772.0,180.809,1784513303938.0,12105.492
ss-15-960000,1784514861513.3572,1784514861615,1784514863938.0,1784514864118.8098,101.643,2323.0,180.81,1784513303938.0,2605.453
ss-71-960000,1784514862713.323,1784514863670,1784514863938.0,1784514864118.8105,956.677,268.0,180.811,1784513303938.0,1405.488
ss-30-960000,1784514862663.3208,1784514862665,1784514863938.0,1784514864118.8113,1.679,1273.0,180.811,1784513303938.0,1455.49
ss-62-960000,1784514857963.323,1784514858465,1784514863938.0,1784514864118.8218,501.677,5473.0,180.822,1784513303938.0,6155.499
ss-87-960000,1784514859813.3352,1784514860565,1784514863938.0,1784514864118.8289,751.665,3373.0,180.829,1784513303938.0,4305.494
ss-54-960000,1784514862563.3176,1784514862665,1784514863938.0,1784514864118.8442,101.682,1273.0,180.844,1784513303938.0,1555.527
ss-41-960000,1784514860613.329,1784514861615,1784514863938.0,1784514864118.8447,1001.671,2323.0,180.845,1784513303938.0,3505.516
ss-74-960000,1784514855163.3174,1784514855315,1784514863938.0,1784514864118.8452,151.683,8623.0,180.845,1784513303938.0,8955.528
ss-58-960000,1784514853463.3103,1784514854265,1784514863938.0,1784514864118.8457,801.69,9673.0,180.846,1784513303938.0,10655.535
ss-10-960000,1784514863613.3262,1784514863670,1784514863939.0,1784514864118.8462,56.674,269.0,179.846,1784513303939.0,505.52
ss-18-960000,1784514853313.3145,1784514854265,1784514863939.0,1784514864118.8557,951.686,9674.0,179.856,1784513303939.0,10805.541
ss-17-960000,1784514855413.324,1784514856365,1784514863939.0,1784514864118.8562,951.676,7574.0,179.856,1784513303939.0,8705.532
ss-34-960000,1784514862613.3223,1784514862665,1784514863939.0,1784514864118.8567,51.678,1274.0,179.857,1784513303939.0,1505.534
ss-81-960000,1784514855013.3186,1784514855315,1784514863939.0,1784514864118.8572,301.681,8624.0,179.857,1784513303939.0,9105.539
ss-83-960000,1784514858813.3225,1784514859515,1784514863939.0,1784514864118.8577,701.677,4424.0,179.858,1784513303939.0,5305.535
ss-55-960000,1784514859863.3374,1784514860565,1784514863939.0,1784514864118.8582,701.663,3374.0,179.858,1784513303939.0,4255.521
ss-63-960000,1784514854413.3186,1784514855315,1784514863939.0,1784514864118.8586,901.681,8624.0,179.859,1784513303939.0,9705.54
ss-13-960000,1784514863113.307,1784514863670,1784514863939.0,1784514864118.8591,556.693,269.0,179.859,1784513303939.0,1005.552
ss-8-960000,1784514863063.3225,1784514863670,1784514863939.0,1784514864118.8645,606.677,269.0,179.865,1784513303939.0,1055.542
ss-31-960000,1784514859663.3286,1784514860565,1784514863939.0,1784514864118.8652,901.671,3374.0,179.865,1784513303939.0,4455.537
ss-53-1020000,1784514862763.3247,1784514863670,1784514863939.0,1784514864118.8708,906.675,269.0,179.871,1784513243939.0,1355.546
ss-9-1020000,1784514852413.32,1784514853215,1784514863939.0,1784514864118.8716,801.68,10724.0,179.872,1784513243939.0,11705.552
ss-87-1020000,1784514859813.3352,1784514860565,1784514863939.0,1784514864118.876,751.665,3374.0,179.876,1784513243939.0,4305.541
ss-5-1020000,1784514862163.327,1784514862665,1784514863939.0,1784514864118.883,501.673,1274.0,179.883,1784513243939.0,1955.556
ss-3-1020000,1784514854113.3186,1784514854265,1784514863939.0,1784514864118.8838,151.681,9674.0,179.884,1784513243939.0,10005.565
ss-26-1020000,1784514860313.3186,1784514860565,1784514863939.0,1784514864118.8845,251.681,3374.0,179.885,1784513243939.0,3805.566
ss-58-1020000,1784514853463.3103,1784514854265,1784514863939.0,1784514864118.8857,801.69,9674.0,179.886,1784513243939.0,10655.575
ss-84-1020000,1784514860463.3174,1784514860565,1784514863939.0,1784514864118.9163,101.683,3374.0,179.916,1784513243939.0,3655.599
ss-54-1020000,1784514862563.3176,1784514862665,1784514863939.0,1784514864118.9167,101.682,1274.0,179.917,1784513243939.0,1555.599
ss-6-1020000,1784514857713.3232,1784514858465,1784514863939.0,1784514864118.9172,751.677,5474.0,179.917,1784513243939.0,6405.594
ss-74-1020000,1784514855163.3174,1784514855315,1784514863939.0,1784514864118.9177,151.683,8624.0,179.918,1784513243939.0,8955.6
ss-81-1020000,1784514855013.3186,1784514855315,1784514863939.0,1784514864118.9182,301.681,8624.0,179.918,1784513243939.0,9105.6
ss-41-1020000,1784514860613.329,1784514861615,1784514863939.0,1784514864118.9187,1001.671,2324.0,179.919,1784513243939.0,3505.59
ss-71-1020000,1784514862713.323,1784514863670,1784514863939.0,1784514864118.9192,956.677,269.0,179.919,1784513243939.0,1405.596
ss-92-1020000,1784514858213.3184,1784514858465,1784514863939.0,1784514864118.9197,251.682,5474.0,179.92,1784513243939.0,5905.601
ss-86-1020000,1784514855863.317,1784514856365,1784514863939.0,1784514864118.9248,501.683,7574.0,179.925,1784513243939.0,8255.608
ss-82-1020000,1784514861113.3174,1784514861615,1784514863939.0,1784514864118.9253,501.683,2324.0,179.925,1784513243939.0,3005.608
ss-69-1020000,1784514860963.3198,1784514861615,1784514863939.0,1784514864118.9436,651.68,2324.0,179.944,1784513243939.0,3155.624
ss-42-1020000,1784514858413.3186,1784514858465,1784514863939.0,1784514864118.944,51.681,5474.0,179.944,1784513243939.0,5705.625
ss-14-1020000,1784514862113.3296,1784514862665,1784514863939.0,1784514864118.9446,551.67,1274.0,179.945,1784513243939.0,2005.615
ss-31-1020000,1784514859663.3286,1784514860565,1784514863939.0,1784514864118.945,901.671,3374.0,179.945,1784513243939.0,4455.616
ss-22-1020000,1784514861313.3228,1784514861615,1784514863940.0,1784514864118.9514,301.677,2325.0,178.951,1784513243940.0,2805.629
ss-61-1020000,1784514861863.3203,1784514862665,1784514863940.0,1784514864118.9521,801.68,1275.0,178.952,1784513243940.0,2255.632
ss-23-1020000,1784514854663.324,1784514855315,1784514863940.0,1784514864118.953,651.676,8625.0,178.953,1784513243940.0,9455.629
ss-38-1020000,1784514863163.3213,1784514863670,1784514863940.0,1784514864118.9536,506.679,270.0,178.954,1784513243940.0,955.632
ss-12-1020000,1784514857613.3245,1784514858465,1784514863940.0,1784514864118.9543,851.676,5475.0,178.954,1784513243940.0,6505.63
ss-4-1020000,1784514862813.317,1784514863670,1784514863940.0,1784514864118.955,856.683,270.0,178.955,1784513243940.0,1305.638
ss-24-1020000,1784514860063.3206,1784514860565,1784514863940.0,1784514864118.9827,501.679,3375.0,178.983,1784513243940.0,4055.662
ss-37-1020000,1784514860913.3145,1784514861615,1784514863940.0,1784514864118.9836,701.686,2325.0,178.984,1784513243940.0,3205.669
ss-88-1020000,1784514852013.3174,1784514852166,1784514863940.0,1784514864118.9844,152.683,11774.0,178.984,1784513243940.0,12105.667
ss-76-1020000,1784514860663.3313,1784514861615,1784514863940.0,1784514864118.985,951.669,2325.0,178.985,1784513243940.0,3455.654
ss-73-1020000,1784514859613.3237,1784514860565,1784514863940.0,1784514864118.9858,951.676,3375.0,178.986,1784513243940.0,4505.662
ss-35-1020000,1784514862413.3176,1784514862665,1784514863940.0,1784514864118.991,251.682,1275.0,178.991,1784513243940.0,1705.673
ss-2-1020000,1784514863463.3135,1784514863670,1784514863940.0,1784514864119.03,206.687,270.0,179.03,1784513243940.0,655.717
ss-27-1020000,1784514856963.3152,1784514857415,1784514863940.0,1784514864119.0308,451.685,6525.0,179.031,1784513243940.0,7155.716
ss-51-1020000,1784514854513.3286,1784514855315,1784514863940.0,1784514864119.0315,801.671,8625.0,179.031,1784513243940.0,9605.703
ss-93-1020000,1784514860263.3213,1784514860565,1784514863940.0,1784514864119.0322,301.679,3375.0,179.032,1784513243940.0,3855.711
ss-0-1020000,1784514855313.315,1784514855315,1784514863940.0,1784514864119.033,1.685,8625.0,179.033,1784513243940.0,8805.718
ss-75-1020000,1784514862963.325,1784514863670,1784514863940.0,1784514864119.0337,706.675,270.0,179.034,1784513243940.0,1155.709
ss-8-1020000,1784514863063.3225,1784514863670,1784514863940.0,1784514864119.0344,606.677,270.0,179.034,1784513243940.0,1055.712
ss-48-1020000,1784514863313.3203,1784514863670,1784514863940.0,1784514864119.0352,356.68,270.0,179.035,1784513243940.0,805.715
ss-46-1020000,1784514851263.312,1784514852166,1784514863940.0,1784514864119.0637,902.688,11774.0,179.064,1784513243940.0,12855.752
ss-11-1020000,1784514861063.3154,1784514861615,1784514863940.0,1784514864119.0645,551.685,2325.0,179.064,1784513243940.0,3055.749
ss-72-1020000,1784514856863.318,1784514857415,1784514863940.0,1784514864119.0654,551.682,6525.0,179.065,1784513243940.0,7255.747
ss-17-1020000,1784514855413.324,1784514856365,1784514863940.0,1784514864119.0662,951.676,7575.0,179.066,1784513243940.0,8705.742
ss-30-1020000,1784514862663.3208,1784514862665,1784514863940.0,1784514864119.067,1.679,1275.0,179.067,1784513243940.0,1455.746
ss-1-1020000,1784514859913.3237,1784514860565,1784514863940.0,1784514864119.0676,651.676,3375.0,179.068,1784513243940.0,4205.744
ss-78-1020000,1784514851513.307,1784514852166,1784514863940.0,1784514864119.0684,652.693,11774.0,179.068,1784513243940.0,12605.761
ss-98-1020000,1784514859213.332,1784514859515,1784514863940.0,1784514864119.069,301.668,4425.0,179.069,1784513243940.0,4905.737
ss-44-1020000,1784514858663.32,1784514859515,1784514863940.0,1784514864119.0698,851.68,4425.0,179.07,1784513243940.0,5455.75
ss-66-1020000,1784514862513.323,1784514862665,1784514863940.0,1784514864119.0774,151.677,1275.0,179.077,1784513243940.0,1605.754
ss-85-1020000,1784514860813.298,1784514861615,1784514863940.0,1784514864119.0781,801.702,2325.0,179.078,1784513243940.0,3305.78
ss-25-1020000,1784514862263.318,1784514862665,1784514863940.0,1784514864119.0786,401.682,1275.0,179.079,1784513243940.0,1855.76
ss-64-1020000,1784514861413.3176,1784514861615,1784514863940.0,1784514864119.0796,201.682,2325.0,179.08,1784513243940.0,2705.762
ss-33-1020000,1784514850163.331,1784514851115,1784514863940.0,1784514864119.0803,951.669,12825.0,179.08,1784513243940.0,13955.749
ss-96-1020000,1784514859263.3179,1784514859515,1784514863940.0,1784514864119.081,251.682,4425.0,179.081,1784513243940.0,4855.763
ss-15-1020000,1784514861513.3572,1784514861615,1784514863940.0,1784514864119.0818,101.643,2325.0,179.082,1784513243940.0,2605.725
ss-65-1020000,1784514859713.3213,1784514860565,1784514863940.0,1784514864119.0825,851.679,3375.0,179.083,1784513243940.0,4405.761
ss-80-1020000,1784514860013.34,1784514860565,1784514863940.0,1784514864119.0833,551.66,3375.0,179.083,1784513243940.0,4105.743
ss-70-1020000,1784514855463.3127,1784514856365,1784514863940.0,1784514864119.0896,901.687,7575.0,179.09,1784513243940.0,8655.777
ss-60-1020000,1784514863413.3218,1784514863670,1784514863940.0,1784514864119.0903,256.678,270.0,179.09,1784513243940.0,705.769
ss-50-1020000,1784514861363.3162,1784514861615,1784514863940.0,1784514864119.0967,251.684,2325.0,179.097,1784513243940.0,2755.781
ss-32-1020000,1784514858013.32,1784514858465,1784514863941.0,1784514864119.0974,451.68,5476.0,178.097,1784513243941.0,6105.777
ss-29-1020000,1784514861763.32,1784514862665,1784514863941.0,1784514864119.1802,901.68,1276.0,178.18,1784513243941.0,2355.86
ss-89-1020000,1784514858513.3193,1784514859515,1784514863941.0,1784514864119.1812,1001.681,4426.0,178.181,1784513243941.0,5605.862
ss-90-1020000,1784514863013.3164,1784514863670,1784514863941.0,1784514864119.1863,656.684,271.0,178.186,1784513243941.0,1105.87
ss-43-1020000,1784514860713.3118,1784514861615,1784514863941.0,1784514864119.1868,901.688,2326.0,178.187,1784513243941.0,3405.875
ss-94-1020000,1784514852713.3203,1784514853215,1784514863941.0,1784514864119.187,501.68,10726.0,178.187,1784513243941.0,11405.867
ss-59-1020000,1784514859563.3198,1784514860565,1784514863941.0,1784514864119.1873,1001.68,3376.0,178.187,1784513243941.0,4555.867
ss-34-1020000,1784514862613.3223,1784514862665,1784514863941.0,1784514864119.1875,51.678,1276.0,178.188,1784513243941.0,1505.865
ss-63-1020000,1784514854413.3186,1784514855315,1784514863941.0,1784514864119.1877,901.681,8626.0,178.188,1784513243941.0,9705.869
ss-45-1020000,1784514854863.3152,1784514855315,1784514863941.0,1784514864119.188,451.685,8626.0,178.188,1784513243941.0,9255.873
ss-68-1020000,1784514858863.3184,1784514859515,1784514863941.0,1784514864119.1882,651.682,4426.0,178.188,1784513243941.0,5255.87
ss-28-1020000,1784514863563.3247,1784514863670,1784514863941.0,1784514864119.1887,106.675,271.0,178.189,1784513243941.0,555.864
ss-21-1020000,1784514851363.3225,1784514852166,1784514863941.0,1784514864119.189,802.677,11775.0,178.189,1784513243941.0,12755.866
ss-83-1020000,1784514858813.3225,1784514859515,1784514863941.0,1784514864119.1892,701.677,4426.0,178.189,1784513243941.0,5305.867
ss-77-1020000,1784514852263.3193,1784514853215,1784514863941.0,1784514864119.1895,951.681,10726.0,178.189,1784513243941.0,11855.87
ss-10-1020000,1784514863613.3262,1784514863670,1784514863941.0,1784514864119.1897,56.674,271.0,178.19,1784513243941.0,505.864
ss-49-1020000,1784514858763.321,1784514859515,1784514863941.0,1784514864119.19,751.679,4426.0,178.19,1784513243941.0,5355.869
ss-97-1020000,1784514862363.319,1784514862665,1784514863941.0,1784514864119.1902,301.681,1276.0,178.19,1784513243941.0,1755.871
ss-20-1020000,1784514861013.3328,1784514861615,1784514863941.0,1784514864119.1904,601.667,2326.0,178.19,1784513243941.0,3105.858
ss-91-1020000,1784514863213.3179,1784514863670,1784514863941.0,1784514864119.1926,456.682,271.0,178.193,1784513243941.0,905.875
ss-79-1020000,1784514859013.3203,1784514859515,1784514863941.0,1784514864119.1975,501.68,4426.0,178.198,1784513243941.0,5105.877
ss-39-1020000,1784514857463.3167,1784514858465,1784514863941.0,1784514864119.1978,1001.683,5476.0,178.198,1784513243941.0,6655.881
ss-36-1020000,1784514860863.302,1784514861615,1784514863941.0,1784514864119.2,751.698,2326.0,178.2,1784513243941.0,3255.898
ss-67-1020000,1784514854563.3147,1784514855315,1784514863941.0,1784514864119.26,751.685,8626.0,178.26,1784513243941.0,9555.945
ss-55-1020000,1784514859863.3374,1784514860565,1784514863941.0,1784514864119.2605,701.663,3376.0,178.26,1784513243941.0,4255.923
ss-57-1020000,1784514862214.5652,1784514862665,1784514863941.0,1784514864119.2607,450.435,1276.0,178.261,1784513243941.0,1904.696
ss-95-1020000,1784514854213.3232,1784514854265,1784514863941.0,1784514864119.2612,51.677,9676.0,178.261,1784513243941.0,9905.938
ss-47-1020000,1784514861263.3184,1784514861615,1784514863941.0,1784514864119.2617,351.682,2326.0,178.262,1784513243941.0,2855.943
ss-13-1020000,1784514863113.307,1784514863670,1784514863941.0,1784514864119.262,556.693,271.0,178.262,1784513243941.0,1005.955
ss-19-1020000,1784514863513.33,1784514863670,1784514863941.0,1784514864119.2625,156.67,271.0,178.262,1784513243941.0,605.932
ss-7-1020000,1784514853013.323,1784514853215,1784514863941.0,1784514864119.2627,201.677,10726.0,178.263,1784513243941.0,11105.94
ss-62-1020000,1784514857963.323,1784514858465,1784514863941.0,1784514864119.2632,501.677,5476.0,178.263,1784513243941.0,6155.94
ss-56-1020000,1784514862863.3206,1784514863670,1784514863941.0,1784514864119.2637,806.679,271.0,178.264,1784513243941.0,1255.943
ss-40-1020000,1784514858715.0037,1784514859515,1784514863941.0,1784514864119.264,799.996,4426.0,178.264,1784513243941.0,5404.26
ss-99-1020000,1784514861213.322,1784514861615,1784514863941.0,1784514864119.2676,401.678,2326.0,178.268,1784513243941.0,2905.946
ss-18-1020000,1784514853313.3145,1784514854265,1784514863941.0,1784514864119.268,951.686,9676.0,178.268,1784513243941.0,10805.954
ss-16-1020000,1784514863363.3198,1784514863670,1784514863941.0,1784514864119.2683,306.68,271.0,178.268,1784513243941.0,755.948
ss-52-1020000,1784514859413.3162,1784514859515,1784514863942.0,1784514864119.2708,101.684,4427.0,177.271,1784513243942.0,4705.955
ss-29-1080000,1784514861763.32,1784514862665,1784514863942.0,1784514864119.2712,901.68,1277.0,177.271,1784513183942.0,2355.951
ss-73-1080000,1784514859613.3237,1784514860565,1784514863942.0,1784514864119.2737,951.676,3377.0,177.274,1784513183942.0,4505.95
ss-48-1080000,1784514863313.3203,1784514863670,1784514863942.0,1784514864119.2742,356.68,272.0,177.274,1784513183942.0,805.954
ss-75-1080000,1784514862963.325,1784514863670,1784514863942.0,1784514864119.2786,706.675,272.0,177.279,1784513183942.0,1155.954
ss-50-1080000,1784514861363.3162,1784514861615,1784514863942.0,1784514864119.279,251.684,2327.0,177.279,1784513183942.0,2755.963
ss-95-1080000,1784514854213.3232,1784514854265,1784514863942.0,1784514864119.2793,51.677,9677.0,177.279,1784513183942.0,9905.956
ss-41-1080000,1784514860613.329,1784514861615,1784514863942.0,1784514864119.2798,1001.671,2327.0,177.28,1784513183942.0,3505.951
ss-65-1080000,1784514859713.3213,1784514860565,1784514863942.0,1784514864119.28,851.679,3377.0,177.28,1784513183942.0,4405.959
ss-37-1080000,1784514860913.3145,1784514861615,1784514863942.0,1784514864119.2805,701.686,2327.0,177.281,1784513183942.0,3205.966
ss-89-1080000,1784514858513.3193,1784514859515,1784514863942.0,1784514864119.2808,1001.681,4427.0,177.281,1784513183942.0,5605.961
ss-81-1080000,1784514855013.3186,1784514855315,1784514863942.0,1784514864119.2812,301.681,8627.0,177.281,1784513183942.0,9105.963
ss-76-1080000,1784514860663.3313,1784514861615,1784514863942.0,1784514864119.2856,951.669,2327.0,177.286,1784513183942.0,3455.954
ss-38-1080000,1784514863163.3213,1784514863670,1784514863942.0,1784514864119.286,506.679,272.0,177.286,1784513183942.0,955.965
ss-57-1080000,1784514862214.5652,1784514862665,1784514863942.0,1784514864119.2886,450.435,1277.0,177.289,1784513183942.0,1904.723
ss-42-1080000,1784514858413.3186,1784514858465,1784514863942.0,1784514864119.289,51.681,5477.0,177.289,1784513183942.0,5705.97
ss-96-1080000,1784514859263.3179,1784514859515,1784514863942.0,1784514864119.2893,251.682,4427.0,177.289,1784513183942.0,4855.971
ss-2-1080000,1784514863463.3135,1784514863670,1784514863942.0,1784514864119.3462,206.687,272.0,177.346,1784513183942.0,656.033
ss-27-1080000,1784514856963.3152,1784514857415,1784514863942.0,1784514864119.347,451.685,6527.0,177.347,1784513183942.0,7156.032
ss-60-1080000,1784514863413.3218,1784514863670,1784514863942.0,1784514864119.3472,256.678,272.0,177.347,1784513183942.0,706.025
ss-40-1080000,1784514858715.0037,1784514859515,1784514863942.0,1784514864119.3474,799.996,4427.0,177.347,1784513183942.0,5404.344
ss-52-1080000,1784514859413.3162,1784514859515,1784514863942.0,1784514864119.3477,101.684,4427.0,177.348,1784513183942.0,4706.031
ss-62-1080000,1784514857963.323,1784514858465,1784514863942.0,1784514864119.348,501.677,5477.0,177.348,1784513183942.0,6156.025
ss-86-1080000,1784514855863.317,1784514856365,1784514863942.0,1784514864119.3484,501.683,7577.0,177.348,1784513183942.0,8256.031
ss-44-1080000,1784514858663.32,1784514859515,1784514863942.0,1784514864119.3486,851.68,4427.0,177.349,1784513183942.0,5456.029
ss-25-1080000,1784514862263.318,1784514862665,1784514863942.0,1784514864119.3489,401.682,1277.0,177.349,1784513183942.0,1856.031
ss-24-1080000,1784514860063.3206,1784514860565,1784514863942.0,1784514864119.349,501.679,3377.0,177.349,1784513183942.0,4056.029
ss-67-1080000,1784514854563.3147,1784514855315,1784514863942.0,1784514864119.3496,751.685,8627.0,177.35,1784513183942.0,9556.035
ss-6-1080000,1784514857713.3232,1784514858465,1784514863942.0,1784514864119.3499,751.677,5477.0,177.35,1784513183942.0,6406.027
ss-3-1080000,1784514854113.3186,1784514854265,1784514863942.0,1784514864119.35,151.681,9677.0,177.35,1784513183942.0,10006.031
ss-13-1080000,1784514863113.307,1784514863670,1784514863942.0,1784514864119.3503,556.693,272.0,177.35,1784513183942.0,1006.043
ss-72-1080000,1784514856863.318,1784514857415,1784514863942.0,1784514864119.3508,551.682,6527.0,177.351,1784513183942.0,7256.033
ss-63-1080000,1784514854413.3186,1784514855315,1784514863942.0,1784514864119.3635,901.681,8627.0,177.364,1784513183942.0,9706.045
ss-28-1080000,1784514863563.3247,1784514863670,1784514863942.0,1784514864119.3638,106.675,272.0,177.364,1784513183942.0,556.039
ss-97-1080000,1784514862363.319,1784514862665,1784514863942.0,1784514864119.364,301.681,1277.0,177.364,1784513183942.0,1756.045
ss-11-1080000,1784514861063.3154,1784514861615,1784514863942.0,1784514864119.3643,551.685,2327.0,177.364,1784513183942.0,3056.049
ss-4-1080000,1784514862813.317,1784514863670,1784514863942.0,1784514864119.3647,856.683,272.0,177.365,1784513183942.0,1306.048
ss-99-1080000,1784514861213.322,1784514861615,1784514863942.0,1784514864119.365,401.678,2327.0,177.365,1784513183942.0,2906.043
ss-15-1080000,1784514861513.3572,1784514861615,1784514863942.0,1784514864119.3652,101.643,2327.0,177.365,1784513183942.0,2606.008
ss-79-1080000,1784514859013.3203,1784514859515,1784514863942.0,1784514864119.3655,501.68,4427.0,177.365,1784513183942.0,5106.045
ss-70-1080000,1784514855463.3127,1784514856365,1784514863942.0,1784514864119.3687,901.687,7577.0,177.369,1784513183942.0,8656.056
ss-90-1080000,1784514863013.3164,1784514863670,1784514863942.0,1784514864119.372,656.684,272.0,177.372,1784513183942.0,1106.056
ss-23-1080000,1784514854663.324,1784514855315,1784514863942.0,1784514864119.383,651.676,8627.0,177.383,1784513183942.0,9456.059
ss-0-1080000,1784514855313.315,1784514855315,1784514863942.0,1784514864119.3835,1.685,8627.0,177.384,1784513183942.0,8806.069
ss-14-1080000,1784514862113.3296,1784514862665,1784514863942.0,1784514864119.3867,551.67,1277.0,177.387,1784513183942.0,2006.057
ss-22-1080000,1784514861313.3228,1784514861615,1784514863942.0,1784514864119.387,301.677,2327.0,177.387,1784513183942.0,2806.064
ss-36-1080000,1784514860863.302,1784514861615,1784514863942.0,1784514864119.3872,751.698,2327.0,177.387,1784513183942.0,3256.085
ss-35-1080000,1784514862413.3176,1784514862665,1784514863942.0,1784514864119.424,251.682,1277.0,177.424,1784513183942.0,1706.106
ss-17-1080000,1784514855413.324,1784514856365,1784514863942.0,1784514864119.434,951.676,7577.0,177.434,1784513183942.0,8706.11
ss-43-1080000,1784514860713.3118,1784514861615,1784514863942.0,1784514864119.4414,901.688,2327.0,177.441,1784513183942.0,3406.13
ss-30-1080000,1784514862663.3208,1784514862665,1784514863942.0,1784514864119.442,1.679,1277.0,177.442,1784513183942.0,1456.121
ss-34-1080000,1784514862613.3223,1784514862665,1784514863942.0,1784514864119.4424,51.678,1277.0,177.442,1784513183942.0,1506.12
ss-51-1080000,1784514854513.3286,1784514855315,1784514863942.0,1784514864119.4429,801.671,8627.0,177.443,1784513183942.0,9606.114
ss-87-1080000,1784514859813.3352,1784514860565,1784514863942.0,1784514864119.446,751.665,3377.0,177.446,1784513183942.0,4306.111
ss-47-1080000,1784514861263.3184,1784514861615,1784514863942.0,1784514864119.4465,351.682,2327.0,177.447,1784513183942.0,2856.128
ss-66-1080000,1784514862513.323,1784514862665,1784514863942.0,1784514864119.4468,151.677,1277.0,177.447,1784513183942.0,1606.124
ss-16-1080000,1784514863363.3198,1784514863670,1784514863942.0,1784514864119.4473,306.68,272.0,177.447,1784513183942.0,756.127
ss-69-1080000,1784514860963.3198,1784514861615,1784514863942.0,1784514864119.4475,651.68,2327.0,177.448,1784513183942.0,3156.128
ss-31-1080000,1784514859663.3286,1784514860565,1784514863942.0,1784514864119.448,901.671,3377.0,177.448,1784513183942.0,4456.119
ss-54-1080000,1784514862563.3176,1784514862665,1784514863942.0,1784514864119.5103,101.682,1277.0,177.51,1784513183942.0,1556.193
ss-71-1080000,1784514862713.323,1784514863670,1784514863942.0,1784514864119.511,956.677,272.0,177.511,1784513183942.0,1406.188
ss-45-1080000,1784514854863.3152,1784514855315,1784514863942.0,1784514864119.5154,451.685,8627.0,177.515,1784513183942.0,9256.2
ss-19-1080000,1784514863513.33,1784514863670,1784514863942.0,1784514864119.5159,156.67,272.0,177.516,1784513183942.0,606.186
ss-84-1080000,1784514860463.3174,1784514860565,1784514863942.0,1784514864119.516,101.683,3377.0,177.516,1784513183942.0,3656.199
ss-26-1080000,1784514860313.3186,1784514860565,1784514863942.0,1784514864119.5166,251.681,3377.0,177.517,1784513183942.0,3806.198
ss-55-1080000,1784514859863.3374,1784514860565,1784514863942.0,1784514864119.5168,701.663,3377.0,177.517,1784513183942.0,4256.179
ss-56-1080000,1784514862863.3206,1784514863670,1784514863942.0,1784514864119.5173,806.679,272.0,177.517,1784513183942.0,1256.197
ss-20-1080000,1784514861013.3328,1784514861615,1784514863942.0,1784514864119.5176,601.667,2327.0,177.518,1784513183942.0,3106.185
ss-91-1080000,1784514863213.3179,1784514863670,1784514863942.0,1784514864119.518,456.682,272.0,177.518,1784513183942.0,906.2
ss-8-1080000,1784514863063.3225,1784514863670,1784514863943.0,1784514864119.5183,606.677,273.0,176.518,1784513183943.0,1056.196
ss-59-1080000,1784514859563.3198,1784514860565,1784514863943.0,1784514864119.523,1001.68,3378.0,176.523,1784513183943.0,4556.203
ss-82-1080000,1784514861113.3174,1784514861615,1784514863943.0,1784514864119.5232,501.683,2328.0,176.523,1784513183943.0,3006.206
ss-74-1080000,1784514855163.3174,1784514855315,1784514863943.0,1784514864119.5237,151.683,8628.0,176.524,1784513183943.0,8956.206
ss-92-1080000,1784514858213.3184,1784514858465,1784514863943.0,1784514864119.524,251.682,5478.0,176.524,1784513183943.0,5906.206
ss-32-1080000,1784514858013.32,1784514858465,1784514863943.0,1784514864119.5244,451.68,5478.0,176.524,1784513183943.0,6106.204
ss-5-1080000,1784514862163.327,1784514862665,1784514863943.0,1784514864119.5247,501.673,1278.0,176.525,1784513183943.0,1956.198
ss-64-1080000,1784514861413.3176,1784514861615,1784514863943.0,1784514864119.5251,201.682,2328.0,176.525,1784513183943.0,2706.208
ss-98-1080000,1784514859213.332,1784514859515,1784514863943.0,1784514864119.5286,301.668,4428.0,176.529,1784513183943.0,4906.197
ss-68-1080000,1784514858863.3184,1784514859515,1784514863943.0,1784514864119.5288,651.682,4428.0,176.529,1784513183943.0,5256.21
ss-49-1080000,1784514858763.321,1784514859515,1784514863943.0,1784514864119.5293,751.679,4428.0,176.529,1784513183943.0,5356.208
ss-10-1080000,1784514863613.3262,1784514863670,1784514863943.0,1784514864119.547,56.674,273.0,176.547,1784513183943.0,506.221
ss-85-1080000,1784514860813.298,1784514861615,1784514863943.0,1784514864119.5476,801.702,2328.0,176.548,1784513183943.0,3306.25
ss-12-1080000,1784514857613.3245,1784514858465,1784514863943.0,1784514864119.5784,851.676,5478.0,176.578,1784513183943.0,6506.254
ss-1-1080000,1784514859913.3237,1784514860565,1784514863943.0,1784514864119.5793,651.676,3378.0,176.579,1784513183943.0,4206.256
ss-93-1080000,1784514860263.3213,1784514860565,1784514863943.0,1784514864119.5798,301.679,3378.0,176.58,1784513183943.0,3856.259
ss-80-1080000,1784514860013.34,1784514860565,1784514863943.0,1784514864119.5803,551.66,3378.0,176.58,1784513183943.0,4106.24
ss-61-1080000,1784514861863.3203,1784514862665,1784514863943.0,1784514864119.5806,801.68,1278.0,176.581,1784513183943.0,2256.26
ss-39-1080000,1784514857463.3167,1784514858465,1784514863943.0,1784514864119.581,1001.683,5478.0,176.581,1784513183943.0,6656.264
ss-53-1080000,1784514862763.3247,1784514863670,1784514863943.0,1784514864119.5876,906.675,273.0,176.588,1784513183943.0,1356.263
ss-83-1080000,1784514858813.3225,1784514859515,1784514863943.0,1784514864119.5881,701.677,4428.0,176.588,1784513183943.0,5306.266
