kafka-streams-identity-1  | SLF4J: Failed to load class "org.slf4j.impl.StaticLoggerBinder".
kafka-streams-identity-1  | SLF4J: Defaulting to no-operation (NOP) logger implementation
kafka-streams-identity-1  | SLF4J: See http://www.slf4j.org/codes.html#StaticLoggerBinder for further details.
stream-state-bench-kafka  | ===> User
stream-state-bench-kafka  | uid=1000(appuser) gid=1000(appuser) groups=1000(appuser)
stream-state-bench-kafka  | ===> Setting default values of environment variables if not already set.
stream-state-bench-kafka  | ===> Configuring ...
stream-state-bench-kafka  | Running in KRaft mode...
stream-state-bench-kafka  | ===> Launching ... 
stream-state-bench-kafka  | ===> Using provided cluster id MkU3OEVBNTcwNTJENDM2Qk ...
stream-state-bench-kafka  | [2026-07-15 22:42:53,338] INFO Registered `kafka:type=kafka.Log4jController` MBean (kafka.utils.Log4jControllerRegistration$)
stream-state-bench-kafka  | [2026-07-15 22:42:53,421] INFO Registered signal handlers for TERM, INT, HUP (org.apache.kafka.common.utils.LoggingSignalHandler)
stream-state-bench-kafka  | [2026-07-15 22:42:53,423] INFO [ControllerServer id=1] Starting controller (kafka.server.ControllerServer)
stream-state-bench-kafka  | [2026-07-15 22:42:53,508] INFO Updated connection-accept-rate max connection creation rate to 2147483647 (kafka.network.ConnectionQuotas)
stream-state-bench-kafka  | [2026-07-15 22:42:53,531] INFO [SocketServer listenerType=CONTROLLER, nodeId=1] Created data-plane acceptor and processors for endpoint : ListenerName(CONTROLLER) (kafka.network.SocketServer)
stream-state-bench-kafka  | [2026-07-15 22:42:53,534] INFO authorizerStart completed for endpoint CONTROLLER. Endpoint is now READY. (org.apache.kafka.server.network.EndpointReadyFutures)
stream-state-bench-kafka  | [2026-07-15 22:42:53,535] INFO [SharedServer id=1] Starting SharedServer (kafka.server.SharedServer)
stream-state-bench-kafka  | [2026-07-15 22:42:53,557] INFO [LogLoader partition=__cluster_metadata-0, dir=/tmp/kafka-logs] Loading producer state till offset 0 (org.apache.kafka.storage.internals.log.UnifiedLog)
stream-state-bench-kafka  | [2026-07-15 22:42:53,557] INFO [LogLoader partition=__cluster_metadata-0, dir=/tmp/kafka-logs] Reloading from producer snapshot and rebuilding producer state from offset 0 (org.apache.kafka.storage.internals.log.UnifiedLog)
stream-state-bench-kafka  | [2026-07-15 22:42:53,557] INFO [LogLoader partition=__cluster_metadata-0, dir=/tmp/kafka-logs] Producer state recovery took 0ms for snapshot load and 0ms for segment recovery from offset 0 (org.apache.kafka.storage.internals.log.UnifiedLog)
stream-state-bench-kafka  | [2026-07-15 22:42:53,562] INFO [RaftLog partition=__cluster_metadata-0] Initialized snapshots with IDs [] from /tmp/kafka-logs/__cluster_metadata-0 (org.apache.kafka.raft.internals.KafkaRaftLog)
stream-state-bench-kafka  | [2026-07-15 22:42:53,565] INFO [raft-expiration-reaper]: Starting (org.apache.kafka.raft.TimingWheelExpirationService$ExpiredOperationReaper)
stream-state-bench-kafka  | [2026-07-15 22:42:53,567] INFO [RaftManager id=1] Reading KRaft snapshot and log as part of the initialization (org.apache.kafka.raft.KafkaRaftClient)
stream-state-bench-kafka  | [2026-07-15 22:42:53,568] INFO [RaftManager id=1] Starting voters are VoterSet(voters={1=VoterNode(voterKey=ReplicaKey(id=1, directoryId=<undefined>), listeners=Endpoints(endpoints={ListenerName(CONTROLLER)=kafka/<unresolved>:9093}), supportedKRaftVersion=SupportedVersionRange[min_version:0, max_version:0])}) (org.apache.kafka.raft.KafkaRaftClient)
stream-state-bench-kafka  | [2026-07-15 22:42:53,570] INFO [RaftManager id=1] Starting request manager with static voters: [kafka:9093 (id: 1 rack: null isFenced: false)] (org.apache.kafka.raft.KafkaRaftClient)
stream-state-bench-kafka  | [2026-07-15 22:42:53,572] INFO [RaftManager id=1] Attempting durable transition to UnattachedState(epoch=0, leaderId=OptionalInt.empty, votedKey=Optional.empty, voters=[1], electionTimeoutMs=1808, highWatermark=Optional.empty) from null (org.apache.kafka.raft.QuorumState)
stream-state-bench-kafka  | [2026-07-15 22:42:53,578] INFO [RaftManager id=1] Completed transition to UnattachedState(epoch=0, leaderId=OptionalInt.empty, votedKey=Optional.empty, voters=[1], electionTimeoutMs=1808, highWatermark=Optional.empty) from null (org.apache.kafka.raft.QuorumState)
stream-state-bench-kafka  | [2026-07-15 22:42:53,582] INFO [RaftManager id=1] Completed transition to ProspectiveState(epoch=0, leaderId=OptionalInt.empty, votedKey=Optional.empty, epochElection=EpochElection[voterStates={1=VoterState(replicaKey=ReplicaKey(id=1, directoryId=<undefined>), state=GRANTED)}], electionTimeoutMs=1990, highWatermark=Optional.empty) from UnattachedState(epoch=0, leaderId=OptionalInt.empty, votedKey=Optional.empty, voters=[1], electionTimeoutMs=1808, highWatermark=Optional.empty) (org.apache.kafka.raft.QuorumState)
stream-state-bench-kafka  | [2026-07-15 22:42:53,583] INFO [RaftManager id=1] Attempting durable transition to CandidateState(localId=1, localDirectoryId=r2uYINzFrz-BgfBSZp_pRw, epoch=1, epochElection=EpochElection[voterStates={1=VoterState(replicaKey=ReplicaKey(id=1, directoryId=<undefined>), state=GRANTED)}], highWatermark=Optional.empty, electionTimeoutMs=1253) from ProspectiveState(epoch=0, leaderId=OptionalInt.empty, votedKey=Optional.empty, epochElection=EpochElection[voterStates={1=VoterState(replicaKey=ReplicaKey(id=1, directoryId=<undefined>), state=GRANTED)}], electionTimeoutMs=1990, highWatermark=Optional.empty) (org.apache.kafka.raft.QuorumState)
stream-state-bench-kafka  | [2026-07-15 22:42:53,585] INFO [RaftManager id=1] Completed transition to CandidateState(localId=1, localDirectoryId=r2uYINzFrz-BgfBSZp_pRw, epoch=1, epochElection=EpochElection[voterStates={1=VoterState(replicaKey=ReplicaKey(id=1, directoryId=<undefined>), state=GRANTED)}], highWatermark=Optional.empty, electionTimeoutMs=1253) from ProspectiveState(epoch=0, leaderId=OptionalInt.empty, votedKey=Optional.empty, epochElection=EpochElection[voterStates={1=VoterState(replicaKey=ReplicaKey(id=1, directoryId=<undefined>), state=GRANTED)}], electionTimeoutMs=1990, highWatermark=Optional.empty) (org.apache.kafka.raft.QuorumState)
stream-state-bench-kafka  | [2026-07-15 22:42:53,587] INFO [RaftManager id=1] Attempting durable transition to Leader(localVoterNode=VoterNode(voterKey=ReplicaKey(id=1, directoryId=r2uYINzFrz-BgfBSZp_pRw), listeners=Endpoints(endpoints={ListenerName(CONTROLLER)=kafka/<unresolved>:9093}), supportedKRaftVersion=SupportedVersionRange[min_version:0, max_version:1]), epoch=1, epochStartOffset=0, highWatermark=Optional.empty, voterStates={1=ReplicaState(replicaKey=ReplicaKey(id=1, directoryId=<undefined>), endOffset=Optional.empty, lastFetchTimestamp=-1, lastCaughtUpTimestamp=-1, hasAcknowledgedLeader=true)}) from CandidateState(localId=1, localDirectoryId=r2uYINzFrz-BgfBSZp_pRw, epoch=1, epochElection=EpochElection[voterStates={1=VoterState(replicaKey=ReplicaKey(id=1, directoryId=<undefined>), state=GRANTED)}], highWatermark=Optional.empty, electionTimeoutMs=1253) (org.apache.kafka.raft.QuorumState)
stream-state-bench-kafka  | [2026-07-15 22:42:53,590] INFO [RaftManager id=1] Completed transition to Leader(localVoterNode=VoterNode(voterKey=ReplicaKey(id=1, directoryId=r2uYINzFrz-BgfBSZp_pRw), listeners=Endpoints(endpoints={ListenerName(CONTROLLER)=kafka/<unresolved>:9093}), supportedKRaftVersion=SupportedVersionRange[min_version:0, max_version:1]), epoch=1, epochStartOffset=0, highWatermark=Optional.empty, voterStates={1=ReplicaState(replicaKey=ReplicaKey(id=1, directoryId=<undefined>), endOffset=Optional.empty, lastFetchTimestamp=-1, lastCaughtUpTimestamp=-1, hasAcknowledgedLeader=true)}) from CandidateState(localId=1, localDirectoryId=r2uYINzFrz-BgfBSZp_pRw, epoch=1, epochElection=EpochElection[voterStates={1=VoterState(replicaKey=ReplicaKey(id=1, directoryId=<undefined>), state=GRANTED)}], highWatermark=Optional.empty, electionTimeoutMs=1253) (org.apache.kafka.raft.QuorumState)
stream-state-bench-kafka  | [2026-07-15 22:42:53,602] INFO [kafka-1-raft-outbound-request-thread]: Starting (org.apache.kafka.raft.KafkaNetworkChannel$SendThread)
stream-state-bench-kafka  | [2026-07-15 22:42:53,603] INFO [kafka-1-raft-io-thread]: Starting (org.apache.kafka.raft.KafkaRaftClientDriver)
stream-state-bench-kafka  | [2026-07-15 22:42:53,611] INFO [MetadataLoader id=1] initializeNewPublishers: the loader is still catching up because we still don't know the high water mark yet. (org.apache.kafka.image.loader.MetadataLoader)
stream-state-bench-kafka  | [2026-07-15 22:42:53,611] INFO [ControllerServer id=1] Waiting for controller quorum voters future (kafka.server.ControllerServer)
stream-state-bench-kafka  | [2026-07-15 22:42:53,612] INFO [ControllerServer id=1] Finished waiting for controller quorum voters future (kafka.server.ControllerServer)
stream-state-bench-kafka  | [2026-07-15 22:42:53,616] INFO [RaftManager id=1] High watermark set to LogOffsetMetadata(offset=1, metadata=Optional[(segmentBaseOffset=0,relativePositionInSegment=91)]) for the first time for epoch 1 based on indexOfHw 0 and voters [ReplicaState(replicaKey=ReplicaKey(id=1, directoryId=<undefined>), endOffset=Optional[LogOffsetMetadata(offset=1, metadata=Optional[(segmentBaseOffset=0,relativePositionInSegment=91)])], lastFetchTimestamp=-1, lastCaughtUpTimestamp=-1, hasAcknowledgedLeader=true)] (org.apache.kafka.raft.LeaderState)
stream-state-bench-kafka  | [2026-07-15 22:42:53,621] INFO [RaftManager id=1] Registered the listener org.apache.kafka.image.loader.MetadataLoader@599708519 (org.apache.kafka.raft.KafkaRaftClient)
stream-state-bench-kafka  | [2026-07-15 22:42:53,621] INFO [RaftManager id=1] Registered the listener org.apache.kafka.controller.QuorumController$QuorumMetaLogListener@777912293 (org.apache.kafka.raft.KafkaRaftClient)
stream-state-bench-kafka  | [2026-07-15 22:42:53,621] INFO [RaftManager id=1] Setting the next offset of org.apache.kafka.controller.QuorumController$QuorumMetaLogListener@777912293 to 0 since there are no snapshots (org.apache.kafka.raft.KafkaRaftClient)
stream-state-bench-kafka  | [2026-07-15 22:42:53,622] INFO [controller-1-ThrottledChannelReaper-Fetch]: Starting (org.apache.kafka.server.quota.ClientQuotaManager$ThrottledChannelReaper)
stream-state-bench-kafka  | [2026-07-15 22:42:53,622] INFO [controller-1-ThrottledChannelReaper-Produce]: Starting (org.apache.kafka.server.quota.ClientQuotaManager$ThrottledChannelReaper)
stream-state-bench-kafka  | [2026-07-15 22:42:53,622] INFO [controller-1-ThrottledChannelReaper-Request]: Starting (org.apache.kafka.server.quota.ClientQuotaManager$ThrottledChannelReaper)
stream-state-bench-kafka  | [2026-07-15 22:42:53,622] INFO [RaftManager id=1] Setting the next offset of org.apache.kafka.image.loader.MetadataLoader@599708519 to 0 since there are no snapshots (org.apache.kafka.raft.KafkaRaftClient)
stream-state-bench-kafka  | [2026-07-15 22:42:53,622] INFO [controller-1-ThrottledChannelReaper-ControllerMutation]: Starting (org.apache.kafka.server.quota.ClientQuotaManager$ThrottledChannelReaper)
stream-state-bench-kafka  | [2026-07-15 22:42:53,623] INFO [MetadataLoader id=1] maybePublishMetadata(LOG_DELTA): The loader is still catching up because we have not loaded a controller record as of offset 0 and high water mark is 1 (org.apache.kafka.image.loader.MetadataLoader)
stream-state-bench-kafka  | [2026-07-15 22:42:53,625] INFO [ExpirationReaper-1-AlterAcls]: Starting (org.apache.kafka.server.purgatory.DelayedOperationPurgatory$ExpiredOperationReaper)
stream-state-bench-kafka  | [2026-07-15 22:42:53,640] INFO [ControllerServer id=1] Waiting for the controller metadata publishers to be installed (kafka.server.ControllerServer)
stream-state-bench-kafka  | [2026-07-15 22:42:53,640] INFO [ControllerServer id=1] Finished waiting for the controller metadata publishers to be installed (kafka.server.ControllerServer)
stream-state-bench-kafka  | [2026-07-15 22:42:53,640] INFO [MetadataLoader id=1] initializeNewPublishers: The loader is still catching up because we have not loaded a controller record as of offset 0 and high water mark is 1 (org.apache.kafka.image.loader.MetadataLoader)
stream-state-bench-kafka  | [2026-07-15 22:42:53,640] INFO [SocketServer listenerType=CONTROLLER, nodeId=1] Enabling request processing. (kafka.network.SocketServer)
stream-state-bench-kafka  | [2026-07-15 22:42:53,642] INFO Awaiting socket connections on 0.0.0.0:9093. (kafka.network.DataPlaneAcceptor)
stream-state-bench-kafka  | [2026-07-15 22:42:53,645] INFO [controller-1-to-controller-registration-channel-manager]: Starting (org.apache.kafka.server.NodeToControllerRequestThread)
stream-state-bench-kafka  | [2026-07-15 22:42:53,645] INFO [ControllerServer id=1] Waiting for all of the authorizer futures to be completed (kafka.server.ControllerServer)
stream-state-bench-kafka  | [2026-07-15 22:42:53,645] INFO [ControllerServer id=1] Finished waiting for all of the authorizer futures to be completed (kafka.server.ControllerServer)
stream-state-bench-kafka  | [2026-07-15 22:42:53,645] INFO [ControllerServer id=1] Waiting for all of the SocketServer Acceptors to be started (kafka.server.ControllerServer)
stream-state-bench-kafka  | [2026-07-15 22:42:53,645] INFO Recorded new KRaft controller, from now on will use node kafka:9093 (id: 1 rack: null isFenced: false) (org.apache.kafka.server.NodeToControllerRequestThread)
stream-state-bench-kafka  | [2026-07-15 22:42:53,646] INFO [ControllerServer id=1] Finished waiting for all of the SocketServer Acceptors to be started (kafka.server.ControllerServer)
stream-state-bench-kafka  | [2026-07-15 22:42:53,646] INFO [ControllerRegistrationManager id=1 incarnation=J4P02nOyT2uVYwjNBeuCpw] initialized channel manager. (kafka.server.ControllerRegistrationManager)
stream-state-bench-kafka  | [2026-07-15 22:42:53,646] INFO [ControllerRegistrationManager id=1 incarnation=J4P02nOyT2uVYwjNBeuCpw] maybeSendControllerRegistration: cannot register yet because the metadata.version is not known yet. (kafka.server.ControllerRegistrationManager)
stream-state-bench-kafka  | [2026-07-15 22:42:53,646] INFO [BrokerServer id=1] Transition from SHUTDOWN to STARTING (kafka.server.BrokerServer)
stream-state-bench-kafka  | [2026-07-15 22:42:53,646] INFO [BrokerServer id=1] Starting broker (kafka.server.BrokerServer)
stream-state-bench-kafka  | [2026-07-15 22:42:53,649] INFO [broker-1-ThrottledChannelReaper-Fetch]: Starting (org.apache.kafka.server.quota.ClientQuotaManager$ThrottledChannelReaper)
stream-state-bench-kafka  | [2026-07-15 22:42:53,649] INFO [broker-1-ThrottledChannelReaper-Produce]: Starting (org.apache.kafka.server.quota.ClientQuotaManager$ThrottledChannelReaper)
stream-state-bench-kafka  | [2026-07-15 22:42:53,650] INFO [broker-1-ThrottledChannelReaper-ControllerMutation]: Starting (org.apache.kafka.server.quota.ClientQuotaManager$ThrottledChannelReaper)
stream-state-bench-kafka  | [2026-07-15 22:42:53,650] INFO [broker-1-ThrottledChannelReaper-Request]: Starting (org.apache.kafka.server.quota.ClientQuotaManager$ThrottledChannelReaper)
stream-state-bench-kafka  | [2026-07-15 22:42:53,656] INFO [MetadataLoader id=1] maybePublishMetadata(LOG_DELTA): The loader finished catching up to the current high water mark of 10 (org.apache.kafka.image.loader.MetadataLoader)
stream-state-bench-kafka  | [2026-07-15 22:42:53,657] INFO [BrokerServer id=1] Waiting for controller quorum voters future (kafka.server.BrokerServer)
stream-state-bench-kafka  | [2026-07-15 22:42:53,657] INFO [BrokerServer id=1] Finished waiting for controller quorum voters future (kafka.server.BrokerServer)
stream-state-bench-kafka  | [2026-07-15 22:42:53,657] INFO [MetadataLoader id=1] InitializeNewPublishers: initializing SnapshotGenerator with a snapshot at offset 9 (org.apache.kafka.image.loader.MetadataLoader)
stream-state-bench-kafka  | [2026-07-15 22:42:53,657] INFO [MetadataLoader id=1] InitializeNewPublishers: initializing KRaftMetadataCachePublisher with a snapshot at offset 9 (org.apache.kafka.image.loader.MetadataLoader)
stream-state-bench-kafka  | [2026-07-15 22:42:53,657] INFO [MetadataLoader id=1] InitializeNewPublishers: initializing FeaturesPublisher with a snapshot at offset 9 (org.apache.kafka.image.loader.MetadataLoader)
stream-state-bench-kafka  | [2026-07-15 22:42:53,658] INFO [broker-1-to-controller-forwarding-channel-manager]: Starting (org.apache.kafka.server.NodeToControllerRequestThread)
stream-state-bench-kafka  | [2026-07-15 22:42:53,658] INFO Recorded new KRaft controller, from now on will use node kafka:9093 (id: 1 rack: null isFenced: false) (org.apache.kafka.server.NodeToControllerRequestThread)
stream-state-bench-kafka  | [2026-07-15 22:42:53,660] INFO [client-metrics-reaper]: Starting (org.apache.kafka.server.util.timer.SystemTimerReaper$Reaper)
stream-state-bench-kafka  | [2026-07-15 22:42:53,662] INFO [ControllerServer id=1] Loaded new metadata FinalizedFeatures[metadataVersion=4.3-IV0, finalizedFeatures={group.version=1, streams.version=1, transaction.version=2, eligible.leader.replicas.version=1, share.version=1, metadata.version=30}, finalizedFeaturesEpoch=9]. (org.apache.kafka.metadata.publisher.FeaturesPublisher)
stream-state-bench-kafka  | [2026-07-15 22:42:53,662] INFO [MetadataLoader id=1] InitializeNewPublishers: initializing ControllerRegistrationsPublisher with a snapshot at offset 9 (org.apache.kafka.image.loader.MetadataLoader)
stream-state-bench-kafka  | [2026-07-15 22:42:53,662] INFO [MetadataLoader id=1] InitializeNewPublishers: initializing ControllerRegistrationManager with a snapshot at offset 9 (org.apache.kafka.image.loader.MetadataLoader)
stream-state-bench-kafka  | [2026-07-15 22:42:53,662] INFO [MetadataLoader id=1] InitializeNewPublishers: initializing DynamicConfigPublisher controller id=1 with a snapshot at offset 9 (org.apache.kafka.image.loader.MetadataLoader)
stream-state-bench-kafka  | [2026-07-15 22:42:53,665] INFO [DynamicConfigPublisher controller id=1] Updating cluster configuration : min.insync.replicas -> 1 (kafka.server.metadata.DynamicConfigPublisher)
stream-state-bench-kafka  | [2026-07-15 22:42:53,667] INFO AbstractConfig values: 
stream-state-bench-kafka  | 	group.consumer.assignment.interval.ms = 1000
stream-state-bench-kafka  | 	group.consumer.assignors = [uniform, range]
stream-state-bench-kafka  | 	group.consumer.heartbeat.interval.ms = 5000
stream-state-bench-kafka  | 	group.consumer.max.assignment.interval.ms = 15000
stream-state-bench-kafka  | 	group.consumer.max.heartbeat.interval.ms = 15000
stream-state-bench-kafka  | 	group.consumer.max.session.timeout.ms = 60000
stream-state-bench-kafka  | 	group.consumer.max.size = 2147483647
stream-state-bench-kafka  | 	group.consumer.migration.policy = bidirectional
stream-state-bench-kafka  | 	group.consumer.min.assignment.interval.ms = 0
stream-state-bench-kafka  | 	group.consumer.min.heartbeat.interval.ms = 5000
stream-state-bench-kafka  | 	group.consumer.min.session.timeout.ms = 45000
stream-state-bench-kafka  | 	group.consumer.regex.refresh.interval.ms = 600000
stream-state-bench-kafka  | 	group.consumer.session.timeout.ms = 45000
stream-state-bench-kafka  | 	group.coordinator.append.linger.ms = -1
stream-state-bench-kafka  | 	group.coordinator.background.threads = 2
stream-state-bench-kafka  | 	group.coordinator.cached.buffer.max.bytes = 1048588
stream-state-bench-kafka  | 	group.coordinator.rebalance.protocols = [classic, consumer, streams]
stream-state-bench-kafka  | 	group.coordinator.threads = 4
stream-state-bench-kafka  | 	group.initial.rebalance.delay.ms = 0
stream-state-bench-kafka  | 	group.max.session.timeout.ms = 1800000
stream-state-bench-kafka  | 	group.max.size = 2147483647
stream-state-bench-kafka  | 	group.min.session.timeout.ms = 6000
stream-state-bench-kafka  | 	group.share.assignment.interval.ms = 1000
stream-state-bench-kafka  | 	group.share.assignors = [simple]
stream-state-bench-kafka  | 	group.share.heartbeat.interval.ms = 5000
stream-state-bench-kafka  | 	group.share.initialize.retry.interval.ms = 30000
stream-state-bench-kafka  | 	group.share.max.assignment.interval.ms = 15000
stream-state-bench-kafka  | 	group.share.max.heartbeat.interval.ms = 15000
stream-state-bench-kafka  | 	group.share.max.session.timeout.ms = 60000
stream-state-bench-kafka  | 	group.share.max.size = 200
stream-state-bench-kafka  | 	group.share.min.assignment.interval.ms = 0
stream-state-bench-kafka  | 	group.share.min.heartbeat.interval.ms = 5000
stream-state-bench-kafka  | 	group.share.min.session.timeout.ms = 45000
stream-state-bench-kafka  | 	group.share.session.timeout.ms = 45000
stream-state-bench-kafka  | 	group.streams.assignment.interval.ms = 1000
stream-state-bench-kafka  | 	group.streams.heartbeat.interval.ms = 5000
stream-state-bench-kafka  | 	group.streams.initial.rebalance.delay.ms = 3000
stream-state-bench-kafka  | 	group.streams.max.assignment.interval.ms = 15000
stream-state-bench-kafka  | 	group.streams.max.heartbeat.interval.ms = 15000
stream-state-bench-kafka  | 	group.streams.max.session.timeout.ms = 60000
stream-state-bench-kafka  | 	group.streams.max.size = 2147483647
stream-state-bench-kafka  | 	group.streams.max.standby.replicas = 2
stream-state-bench-kafka  | 	group.streams.min.assignment.interval.ms = 0
stream-state-bench-kafka  | 	group.streams.min.heartbeat.interval.ms = 5000
stream-state-bench-kafka  | 	group.streams.min.session.timeout.ms = 45000
stream-state-bench-kafka  | 	group.streams.num.standby.replicas = 0
stream-state-bench-kafka  | 	group.streams.session.timeout.ms = 45000
stream-state-bench-kafka  | 	offset.metadata.max.bytes = 4096
stream-state-bench-kafka  | 	offsets.commit.timeout.ms = 5000
stream-state-bench-kafka  | 	offsets.load.buffer.size = 5242880
stream-state-bench-kafka  | 	offsets.retention.check.interval.ms = 600000
stream-state-bench-kafka  | 	offsets.retention.minutes = 10080
stream-state-bench-kafka  | 	offsets.topic.compression.codec = 0
stream-state-bench-kafka  | 	offsets.topic.num.partitions = 50
stream-state-bench-kafka  | 	offsets.topic.replication.factor = 1
stream-state-bench-kafka  | 	offsets.topic.segment.bytes = 104857600
stream-state-bench-kafka  |  (org.apache.kafka.common.config.AbstractConfig)
stream-state-bench-kafka  | [2026-07-15 22:42:53,668] INFO KafkaConfig values: 
stream-state-bench-kafka  | 	add.partitions.to.txn.retry.backoff.max.ms = 100
stream-state-bench-kafka  | 	add.partitions.to.txn.retry.backoff.ms = 20
stream-state-bench-kafka  | 	advertised.listeners = [PLAINTEXT://kafka:9092]
stream-state-bench-kafka  | 	alter.config.policy.class.name = null
stream-state-bench-kafka  | 	alter.log.dirs.replication.quota.window.num = 11
stream-state-bench-kafka  | 	alter.log.dirs.replication.quota.window.size.seconds = 1
stream-state-bench-kafka  | 	authorizer.class.name = 
stream-state-bench-kafka  | 	auto.create.topics.enable = false
stream-state-bench-kafka  | 	auto.leader.rebalance.enable = true
stream-state-bench-kafka  | 	background.threads = 10
stream-state-bench-kafka  | 	broker.heartbeat.interval.ms = 2000
stream-state-bench-kafka  | 	broker.id = 1
stream-state-bench-kafka  | 	broker.rack = null
stream-state-bench-kafka  | 	broker.session.timeout.ms = 9000
stream-state-bench-kafka  | 	client.quota.callback.class = null
stream-state-bench-kafka  | 	compression.gzip.level = -1
stream-state-bench-kafka  | 	compression.lz4.level = 9
stream-state-bench-kafka  | 	compression.type = producer
stream-state-bench-kafka  | 	compression.zstd.level = 3
stream-state-bench-kafka  | 	config.providers = []
stream-state-bench-kafka  | 	connection.failed.authentication.delay.ms = 100
stream-state-bench-kafka  | 	connections.max.idle.ms = 600000
stream-state-bench-kafka  | 	connections.max.reauth.ms = 0
stream-state-bench-kafka  | 	controlled.shutdown.enable = true
stream-state-bench-kafka  | 	controller.listener.names = [CONTROLLER]
stream-state-bench-kafka  | 	controller.performance.always.log.threshold.ms = 2000
stream-state-bench-kafka  | 	controller.performance.sample.period.ms = 60000
stream-state-bench-kafka  | 	controller.quorum.append.linger.ms = 25
stream-state-bench-kafka  | 	controller.quorum.auto.join.enable = false
stream-state-bench-kafka  | 	controller.quorum.bootstrap.servers = []
stream-state-bench-kafka  | 	controller.quorum.election.backoff.max.ms = 1000
stream-state-bench-kafka  | 	controller.quorum.election.timeout.ms = 1000
stream-state-bench-kafka  | 	controller.quorum.fetch.max.bytes = 1048576
stream-state-bench-kafka  | 	controller.quorum.fetch.snapshot.max.bytes = 1048576
stream-state-bench-kafka  | 	controller.quorum.fetch.timeout.ms = 2000
stream-state-bench-kafka  | 	controller.quorum.request.timeout.ms = 2000
stream-state-bench-kafka  | 	controller.quorum.retry.backoff.ms = 20
stream-state-bench-kafka  | 	controller.quorum.voters = [1@kafka:9093]
stream-state-bench-kafka  | 	controller.quota.window.num = 11
stream-state-bench-kafka  | 	controller.quota.window.size.seconds = 1
stream-state-bench-kafka  | 	controller.socket.timeout.ms = 30000
stream-state-bench-kafka  | 	cordoned.log.dirs = []
stream-state-bench-kafka  | 	create.topic.policy.class.name = null
stream-state-bench-kafka  | 	default.replication.factor = 1
stream-state-bench-kafka  | 	delegation.token.expiry.check.interval.ms = 3600000
stream-state-bench-kafka  | 	delegation.token.expiry.time.ms = 86400000
stream-state-bench-kafka  | 	delegation.token.max.lifetime.ms = 604800000
stream-state-bench-kafka  | 	delegation.token.secret.key = null
stream-state-bench-kafka  | 	delete.records.purgatory.purge.interval.requests = 1
stream-state-bench-kafka  | 	delete.topic.enable = true
stream-state-bench-kafka  | 	early.start.listeners = null
stream-state-bench-kafka  | 	fetch.max.bytes = 57671680
stream-state-bench-kafka  | 	fetch.purgatory.purge.interval.requests = 1000
stream-state-bench-kafka  | 	follower.fetch.last.tiered.offset.enable = false
stream-state-bench-kafka  | 	group.consumer.assignment.interval.ms = 1000
stream-state-bench-kafka  | 	group.consumer.assignors = [uniform, range]
stream-state-bench-kafka  | 	group.consumer.heartbeat.interval.ms = 5000
stream-state-bench-kafka  | 	group.consumer.max.assignment.interval.ms = 15000
stream-state-bench-kafka  | 	group.consumer.max.heartbeat.interval.ms = 15000
stream-state-bench-kafka  | 	group.consumer.max.session.timeout.ms = 60000
stream-state-bench-kafka  | 	group.consumer.max.size = 2147483647
stream-state-bench-kafka  | 	group.consumer.migration.policy = bidirectional
stream-state-bench-kafka  | 	group.consumer.min.assignment.interval.ms = 0
stream-state-bench-kafka  | 	group.consumer.min.heartbeat.interval.ms = 5000
stream-state-bench-kafka  | 	group.consumer.min.session.timeout.ms = 45000
stream-state-bench-kafka  | 	group.consumer.regex.refresh.interval.ms = 600000
stream-state-bench-kafka  | 	group.consumer.session.timeout.ms = 45000
stream-state-bench-kafka  | 	group.coordinator.append.linger.ms = -1
stream-state-bench-kafka  | 	group.coordinator.background.threads = 2
stream-state-bench-kafka  | 	group.coordinator.cached.buffer.max.bytes = 1048588
stream-state-bench-kafka  | 	group.coordinator.rebalance.protocols = [classic, consumer, streams]
stream-state-bench-kafka  | 	group.coordinator.threads = 4
stream-state-bench-kafka  | 	group.initial.rebalance.delay.ms = 0
stream-state-bench-kafka  | 	group.max.session.timeout.ms = 1800000
stream-state-bench-kafka  | 	group.max.size = 2147483647
stream-state-bench-kafka  | 	group.min.session.timeout.ms = 6000
stream-state-bench-kafka  | 	group.share.assignment.interval.ms = 1000
stream-state-bench-kafka  | 	group.share.assignors = [simple]
stream-state-bench-kafka  | 	group.share.delivery.count.limit = 5
stream-state-bench-kafka  | 	group.share.heartbeat.interval.ms = 5000
stream-state-bench-kafka  | 	group.share.initialize.retry.interval.ms = 30000
stream-state-bench-kafka  | 	group.share.max.assignment.interval.ms = 15000
stream-state-bench-kafka  | 	group.share.max.delivery.count.limit = 10
stream-state-bench-kafka  | 	group.share.max.heartbeat.interval.ms = 15000
stream-state-bench-kafka  | 	group.share.max.partition.max.record.locks = 4000
stream-state-bench-kafka  | 	group.share.max.record.lock.duration.ms = 60000
stream-state-bench-kafka  | 	group.share.max.session.timeout.ms = 60000
stream-state-bench-kafka  | 	group.share.max.share.sessions = 2000
stream-state-bench-kafka  | 	group.share.max.size = 200
stream-state-bench-kafka  | 	group.share.min.assignment.interval.ms = 0
stream-state-bench-kafka  | 	group.share.min.delivery.count.limit = 2
stream-state-bench-kafka  | 	group.share.min.heartbeat.interval.ms = 5000
stream-state-bench-kafka  | 	group.share.min.partition.max.record.locks = 100
stream-state-bench-kafka  | 	group.share.min.record.lock.duration.ms = 15000
stream-state-bench-kafka  | 	group.share.min.session.timeout.ms = 45000
stream-state-bench-kafka  | 	group.share.partition.max.record.locks = 2000
stream-state-bench-kafka  | 	group.share.persister.class.name = org.apache.kafka.server.share.persister.DefaultStatePersister
stream-state-bench-kafka  | 	group.share.record.lock.duration.ms = 30000
stream-state-bench-kafka  | 	group.share.session.timeout.ms = 45000
stream-state-bench-kafka  | 	group.streams.assignment.interval.ms = 1000
stream-state-bench-kafka  | 	group.streams.heartbeat.interval.ms = 5000
stream-state-bench-kafka  | 	group.streams.initial.rebalance.delay.ms = 3000
stream-state-bench-kafka  | 	group.streams.max.assignment.interval.ms = 15000
stream-state-bench-kafka  | 	group.streams.max.heartbeat.interval.ms = 15000
stream-state-bench-kafka  | 	group.streams.max.session.timeout.ms = 60000
stream-state-bench-kafka  | 	group.streams.max.size = 2147483647
stream-state-bench-kafka  | 	group.streams.max.standby.replicas = 2
stream-state-bench-kafka  | 	group.streams.min.assignment.interval.ms = 0
stream-state-bench-kafka  | 	group.streams.min.heartbeat.interval.ms = 5000
stream-state-bench-kafka  | 	group.streams.min.session.timeout.ms = 45000
stream-state-bench-kafka  | 	group.streams.num.standby.replicas = 0
stream-state-bench-kafka  | 	group.streams.session.timeout.ms = 45000
stream-state-bench-kafka  | 	initial.broker.registration.timeout.ms = 60000
stream-state-bench-kafka  | 	inter.broker.listener.name = null
stream-state-bench-kafka  | 	internal.metadata.delete.delay.millis = 60000
stream-state-bench-kafka  | 	internal.metadata.log.segment.bytes = null
stream-state-bench-kafka  | 	internal.metadata.max.batch.size.in.bytes = 8388608
stream-state-bench-kafka  | 	kafka.metrics.polling.interval.secs = 10
stream-state-bench-kafka  | 	kafka.metrics.reporters = []
stream-state-bench-kafka  | 	leader.imbalance.check.interval.seconds = 300
stream-state-bench-kafka  | 	listener.security.protocol.map = CONTROLLER:PLAINTEXT,PLAINTEXT:PLAINTEXT
stream-state-bench-kafka  | 	listeners = [PLAINTEXT://:9092, CONTROLLER://:9093]
stream-state-bench-kafka  | 	log.cleaner.backoff.ms = 15000
stream-state-bench-kafka  | 	log.cleaner.dedupe.buffer.size = 134217728
stream-state-bench-kafka  | 	log.cleaner.delete.retention.ms = 86400000
stream-state-bench-kafka  | 	log.cleaner.enable = true
stream-state-bench-kafka  | 	log.cleaner.io.buffer.load.factor = 0.9
stream-state-bench-kafka  | 	log.cleaner.io.buffer.size = 524288
stream-state-bench-kafka  | 	log.cleaner.io.max.bytes.per.second = 1.7976931348623157E308
stream-state-bench-kafka  | 	log.cleaner.max.compaction.lag.ms = 9223372036854775807
stream-state-bench-kafka  | 	log.cleaner.min.cleanable.ratio = 0.5
stream-state-bench-kafka  | 	log.cleaner.min.compaction.lag.ms = 0
stream-state-bench-kafka  | 	log.cleaner.threads = 1
stream-state-bench-kafka  | 	log.cleanup.policy = [delete]
stream-state-bench-kafka  | 	log.dir = [/tmp/kafka-logs]
stream-state-bench-kafka  | 	log.dir.failure.timeout.ms = 30000
stream-state-bench-kafka  | 	log.dirs = null
stream-state-bench-kafka  | 	log.flush.interval.messages = 9223372036854775807
stream-state-bench-kafka  | 	log.flush.interval.ms = null
stream-state-bench-kafka  | 	log.flush.offset.checkpoint.interval.ms = 60000
stream-state-bench-kafka  | 	log.flush.scheduler.interval.ms = 9223372036854775807
stream-state-bench-kafka  | 	log.flush.start.offset.checkpoint.interval.ms = 60000
stream-state-bench-kafka  | 	log.index.interval.bytes = 4096
stream-state-bench-kafka  | 	log.index.size.max.bytes = 10485760
stream-state-bench-kafka  | 	log.initial.task.delay.ms = 30000
stream-state-bench-kafka  | 	log.local.retention.bytes = -2
stream-state-bench-kafka  | 	log.local.retention.ms = -2
stream-state-bench-kafka  | 	log.message.timestamp.after.max.ms = 3600000
stream-state-bench-kafka  | 	log.message.timestamp.before.max.ms = 9223372036854775807
stream-state-bench-kafka  | 	log.message.timestamp.type = CreateTime
stream-state-bench-kafka  | 	log.preallocate = false
stream-state-bench-kafka  | 	log.retention.bytes = -1
stream-state-bench-kafka  | 	log.retention.check.interval.ms = 300000
stream-state-bench-kafka  | 	log.retention.hours = 168
stream-state-bench-kafka  | 	log.retention.minutes = null
stream-state-bench-kafka  | 	log.retention.ms = null
stream-state-bench-kafka  | 	log.roll.hours = 168
stream-state-bench-kafka  | 	log.roll.jitter.hours = 0
stream-state-bench-kafka  | 	log.roll.jitter.ms = null
stream-state-bench-kafka  | 	log.roll.ms = null
stream-state-bench-kafka  | 	log.segment.bytes = 1073741824
stream-state-bench-kafka  | 	log.segment.delete.delay.ms = 60000
stream-state-bench-kafka  | 	max.connection.creation.rate = 2147483647
stream-state-bench-kafka  | 	max.connections = 2147483647
stream-state-bench-kafka  | 	max.connections.per.ip = 2147483647
stream-state-bench-kafka  | 	max.connections.per.ip.overrides = 
stream-state-bench-kafka  | 	max.incremental.fetch.session.cache.slots = 1000
stream-state-bench-kafka  | 	max.request.partition.size.limit = 2000
stream-state-bench-kafka  | 	message.max.bytes = 1048588
stream-state-bench-kafka  | 	metadata.log.dir = null
stream-state-bench-kafka  | 	metadata.log.max.record.bytes.between.snapshots = 20971520
stream-state-bench-kafka  | 	metadata.log.max.snapshot.interval.ms = 3600000
stream-state-bench-kafka  | 	metadata.log.segment.bytes = 1073741824
stream-state-bench-kafka  | 	metadata.log.segment.ms = 604800000
stream-state-bench-kafka  | 	metadata.max.idle.interval.ms = 500
stream-state-bench-kafka  | 	metadata.max.retention.bytes = 104857600
stream-state-bench-kafka  | 	metadata.max.retention.ms = 604800000
stream-state-bench-kafka  | 	metric.reporters = [org.apache.kafka.common.metrics.JmxReporter]
stream-state-bench-kafka  | 	metrics.num.samples = 2
stream-state-bench-kafka  | 	metrics.recording.level = INFO
stream-state-bench-kafka  | 	metrics.sample.window.ms = 30000
stream-state-bench-kafka  | 	min.insync.replicas = 1
stream-state-bench-kafka  | 	node.id = 1
stream-state-bench-kafka  | 	num.io.threads = 8
stream-state-bench-kafka  | 	num.network.threads = 3
stream-state-bench-kafka  | 	num.partitions = 1
stream-state-bench-kafka  | 	num.recovery.threads.per.data.dir = 2
stream-state-bench-kafka  | 	num.replica.alter.log.dirs.threads = null
stream-state-bench-kafka  | 	num.replica.fetchers = 1
stream-state-bench-kafka  | 	offset.metadata.max.bytes = 4096
stream-state-bench-kafka  | 	offsets.commit.timeout.ms = 5000
stream-state-bench-kafka  | 	offsets.load.buffer.size = 5242880
stream-state-bench-kafka  | 	offsets.retention.check.interval.ms = 600000
stream-state-bench-kafka  | 	offsets.retention.minutes = 10080
stream-state-bench-kafka  | 	offsets.topic.compression.codec = 0
stream-state-bench-kafka  | 	offsets.topic.num.partitions = 50
stream-state-bench-kafka  | 	offsets.topic.replication.factor = 1
stream-state-bench-kafka  | 	offsets.topic.segment.bytes = 104857600
stream-state-bench-kafka  | 	principal.builder.class = class org.apache.kafka.common.security.authenticator.DefaultKafkaPrincipalBuilder
stream-state-bench-kafka  | 	process.roles = [broker, controller]
stream-state-bench-kafka  | 	producer.id.expiration.check.interval.ms = 600000
stream-state-bench-kafka  | 	producer.id.expiration.ms = 86400000
stream-state-bench-kafka  | 	producer.purgatory.purge.interval.requests = 1000
stream-state-bench-kafka  | 	queued.max.request.bytes = -1
stream-state-bench-kafka  | 	queued.max.requests = 500
stream-state-bench-kafka  | 	quota.window.num = 11
stream-state-bench-kafka  | 	quota.window.size.seconds = 1
stream-state-bench-kafka  | 	remote.fetch.max.wait.ms = 500
stream-state-bench-kafka  | 	remote.list.offsets.request.timeout.ms = 30000
stream-state-bench-kafka  | 	remote.log.index.file.cache.total.size.bytes = 1073741824
stream-state-bench-kafka  | 	remote.log.index.file.cache.ttl.ms = 900000
stream-state-bench-kafka  | 	remote.log.manager.copier.thread.pool.size = 10
stream-state-bench-kafka  | 	remote.log.manager.copy.max.bytes.per.second = 9223372036854775807
stream-state-bench-kafka  | 	remote.log.manager.copy.quota.window.num = 11
stream-state-bench-kafka  | 	remote.log.manager.copy.quota.window.size.seconds = 1
stream-state-bench-kafka  | 	remote.log.manager.expiration.thread.pool.size = 10
stream-state-bench-kafka  | 	remote.log.manager.fetch.max.bytes.per.second = 9223372036854775807
stream-state-bench-kafka  | 	remote.log.manager.fetch.quota.window.num = 11
stream-state-bench-kafka  | 	remote.log.manager.fetch.quota.window.size.seconds = 1
stream-state-bench-kafka  | 	remote.log.manager.follower.thread.pool.size = 2
stream-state-bench-kafka  | 	remote.log.manager.task.interval.ms = 30000
stream-state-bench-kafka  | 	remote.log.manager.task.retry.backoff.max.ms = 30000
stream-state-bench-kafka  | 	remote.log.manager.task.retry.backoff.ms = 500
stream-state-bench-kafka  | 	remote.log.manager.task.retry.jitter = 0.2
stream-state-bench-kafka  | 	remote.log.manager.thread.pool.size = 2
stream-state-bench-kafka  | 	remote.log.metadata.custom.metadata.max.bytes = 128
stream-state-bench-kafka  | 	remote.log.metadata.manager.class.name = org.apache.kafka.server.log.remote.metadata.storage.TopicBasedRemoteLogMetadataManager
stream-state-bench-kafka  | 	remote.log.metadata.manager.class.path = null
stream-state-bench-kafka  | 	remote.log.metadata.manager.impl.prefix = rlmm.config.
stream-state-bench-kafka  | 	remote.log.metadata.manager.listener.name = null
stream-state-bench-kafka  | 	remote.log.reader.max.pending.tasks = 100
stream-state-bench-kafka  | 	remote.log.reader.threads = 10
stream-state-bench-kafka  | 	remote.log.storage.manager.class.name = null
stream-state-bench-kafka  | 	remote.log.storage.manager.class.path = null
stream-state-bench-kafka  | 	remote.log.storage.manager.impl.prefix = rsm.config.
stream-state-bench-kafka  | 	remote.log.storage.system.enable = false
stream-state-bench-kafka  | 	replica.fetch.backoff.ms = 1000
stream-state-bench-kafka  | 	replica.fetch.max.bytes = 1048576
stream-state-bench-kafka  | 	replica.fetch.min.bytes = 1
stream-state-bench-kafka  | 	replica.fetch.response.max.bytes = 10485760
stream-state-bench-kafka  | 	replica.fetch.wait.max.ms = 500
stream-state-bench-kafka  | 	replica.high.watermark.checkpoint.interval.ms = 5000
stream-state-bench-kafka  | 	replica.lag.time.max.ms = 30000
stream-state-bench-kafka  | 	replica.selector.class = null
stream-state-bench-kafka  | 	replica.socket.receive.buffer.bytes = 65536
stream-state-bench-kafka  | 	replica.socket.timeout.ms = 30000
stream-state-bench-kafka  | 	replication.quota.window.num = 11
stream-state-bench-kafka  | 	replication.quota.window.size.seconds = 1
stream-state-bench-kafka  | 	request.timeout.ms = 30000
stream-state-bench-kafka  | 	sasl.client.callback.handler.class = null
stream-state-bench-kafka  | 	sasl.enabled.mechanisms = [GSSAPI]
stream-state-bench-kafka  | 	sasl.jaas.config = null
stream-state-bench-kafka  | 	sasl.kerberos.kinit.cmd = /usr/bin/kinit
stream-state-bench-kafka  | 	sasl.kerberos.min.time.before.relogin = 60000
stream-state-bench-kafka  | 	sasl.kerberos.principal.to.local.rules = [DEFAULT]
stream-state-bench-kafka  | 	sasl.kerberos.service.name = null
stream-state-bench-kafka  | 	sasl.kerberos.ticket.renew.jitter = 0.05
stream-state-bench-kafka  | 	sasl.kerberos.ticket.renew.window.factor = 0.8
stream-state-bench-kafka  | 	sasl.login.callback.handler.class = null
stream-state-bench-kafka  | 	sasl.login.class = null
stream-state-bench-kafka  | 	sasl.login.connect.timeout.ms = null
stream-state-bench-kafka  | 	sasl.login.read.timeout.ms = null
stream-state-bench-kafka  | 	sasl.login.refresh.buffer.seconds = 300
stream-state-bench-kafka  | 	sasl.login.refresh.min.period.seconds = 60
stream-state-bench-kafka  | 	sasl.login.refresh.window.factor = 0.8
stream-state-bench-kafka  | 	sasl.login.refresh.window.jitter = 0.05
stream-state-bench-kafka  | 	sasl.login.retry.backoff.max.ms = 10000
stream-state-bench-kafka  | 	sasl.login.retry.backoff.ms = 100
stream-state-bench-kafka  | 	sasl.mechanism.controller.protocol = GSSAPI
stream-state-bench-kafka  | 	sasl.mechanism.inter.broker.protocol = GSSAPI
stream-state-bench-kafka  | 	sasl.oauthbearer.assertion.algorithm = RS256
stream-state-bench-kafka  | 	sasl.oauthbearer.assertion.claim.aud = null
stream-state-bench-kafka  | 	sasl.oauthbearer.assertion.claim.exp.seconds = 300
stream-state-bench-kafka  | 	sasl.oauthbearer.assertion.claim.iss = null
stream-state-bench-kafka  | 	sasl.oauthbearer.assertion.claim.jti.include = false
stream-state-bench-kafka  | 	sasl.oauthbearer.assertion.claim.nbf.seconds = 60
stream-state-bench-kafka  | 	sasl.oauthbearer.assertion.claim.sub = null
stream-state-bench-kafka  | 	sasl.oauthbearer.assertion.file = null
stream-state-bench-kafka  | 	sasl.oauthbearer.assertion.private.key.file = null
stream-state-bench-kafka  | 	sasl.oauthbearer.assertion.private.key.passphrase = null
stream-state-bench-kafka  | 	sasl.oauthbearer.assertion.template.file = null
stream-state-bench-kafka  | 	sasl.oauthbearer.client.credentials.client.id = null
stream-state-bench-kafka  | 	sasl.oauthbearer.client.credentials.client.secret = null
stream-state-bench-kafka  | 	sasl.oauthbearer.clock.skew.seconds = 30
stream-state-bench-kafka  | 	sasl.oauthbearer.expected.audience = []
stream-state-bench-kafka  | 	sasl.oauthbearer.expected.issuer = null
stream-state-bench-kafka  | 	sasl.oauthbearer.jwks.endpoint.refresh.ms = 3600000
stream-state-bench-kafka  | 	sasl.oauthbearer.jwks.endpoint.retry.backoff.max.ms = 10000
stream-state-bench-kafka  | 	sasl.oauthbearer.jwks.endpoint.retry.backoff.ms = 100
stream-state-bench-kafka  | 	sasl.oauthbearer.jwks.endpoint.url = null
stream-state-bench-kafka  | 	sasl.oauthbearer.jwt.retriever.class = class org.apache.kafka.common.security.oauthbearer.DefaultJwtRetriever
stream-state-bench-kafka  | 	sasl.oauthbearer.jwt.validator.class = class org.apache.kafka.common.security.oauthbearer.DefaultJwtValidator
stream-state-bench-kafka  | 	sasl.oauthbearer.scope = null
stream-state-bench-kafka  | 	sasl.oauthbearer.scope.claim.name = scope
stream-state-bench-kafka  | 	sasl.oauthbearer.sub.claim.name = sub
stream-state-bench-kafka  | 	sasl.oauthbearer.token.endpoint.url = null
stream-state-bench-kafka  | 	sasl.server.callback.handler.class = null
stream-state-bench-kafka  | 	sasl.server.max.receive.size = 524288
stream-state-bench-kafka  | 	security.inter.broker.protocol = PLAINTEXT
stream-state-bench-kafka  | 	security.providers = null
stream-state-bench-kafka  | 	server.max.startup.time.ms = 9223372036854775807
stream-state-bench-kafka  | 	share.coordinator.append.linger.ms = -1
stream-state-bench-kafka  | 	share.coordinator.cached.buffer.max.bytes = 1048588
stream-state-bench-kafka  | 	share.coordinator.cold.partition.snapshot.interval.ms = 300000
stream-state-bench-kafka  | 	share.coordinator.load.buffer.size = 5242880
stream-state-bench-kafka  | 	share.coordinator.snapshot.update.records.per.snapshot = 500
stream-state-bench-kafka  | 	share.coordinator.state.topic.compression.codec = 0
stream-state-bench-kafka  | 	share.coordinator.state.topic.min.isr = 2
stream-state-bench-kafka  | 	share.coordinator.state.topic.num.partitions = 50
stream-state-bench-kafka  | 	share.coordinator.state.topic.prune.interval.ms = 300000
stream-state-bench-kafka  | 	share.coordinator.state.topic.replication.factor = 3
stream-state-bench-kafka  | 	share.coordinator.state.topic.segment.bytes = 104857600
stream-state-bench-kafka  | 	share.coordinator.threads = 1
stream-state-bench-kafka  | 	share.coordinator.write.timeout.ms = 5000
stream-state-bench-kafka  | 	share.fetch.purgatory.purge.interval.requests = 1000
stream-state-bench-kafka  | 	socket.connection.setup.timeout.max.ms = 30000
stream-state-bench-kafka  | 	socket.connection.setup.timeout.ms = 10000
stream-state-bench-kafka  | 	socket.listen.backlog.size = 50
stream-state-bench-kafka  | 	socket.receive.buffer.bytes = 102400
stream-state-bench-kafka  | 	socket.request.max.bytes = 104857600
stream-state-bench-kafka  | 	socket.send.buffer.bytes = 102400
stream-state-bench-kafka  | 	ssl.allow.dn.changes = false
stream-state-bench-kafka  | 	ssl.allow.san.changes = false
stream-state-bench-kafka  | 	ssl.cipher.suites = []
stream-state-bench-kafka  | 	ssl.client.auth = none
stream-state-bench-kafka  | 	ssl.enabled.protocols = [TLSv1.2, TLSv1.3]
stream-state-bench-kafka  | 	ssl.endpoint.identification.algorithm = https
stream-state-bench-kafka  | 	ssl.engine.factory.class = null
stream-state-bench-kafka  | 	ssl.key.password = null
stream-state-bench-kafka  | 	ssl.keymanager.algorithm = SunX509
stream-state-bench-kafka  | 	ssl.keystore.certificate.chain = null
stream-state-bench-kafka  | 	ssl.keystore.key = null
stream-state-bench-kafka  | 	ssl.keystore.location = null
stream-state-bench-kafka  | 	ssl.keystore.password = null
stream-state-bench-kafka  | 	ssl.keystore.type = JKS
stream-state-bench-kafka  | 	ssl.principal.mapping.rules = DEFAULT
stream-state-bench-kafka  | 	ssl.protocol = TLSv1.3
stream-state-bench-kafka  | 	ssl.provider = null
stream-state-bench-kafka  | 	ssl.secure.random.implementation = null
stream-state-bench-kafka  | 	ssl.trustmanager.algorithm = PKIX
stream-state-bench-kafka  | 	ssl.truststore.certificates = null
stream-state-bench-kafka  | 	ssl.truststore.location = null
stream-state-bench-kafka  | 	ssl.truststore.password = null
stream-state-bench-kafka  | 	ssl.truststore.type = JKS
stream-state-bench-kafka  | 	telemetry.max.bytes = 1048576
stream-state-bench-kafka  | 	transaction.abort.timed.out.transaction.cleanup.interval.ms = 10000
stream-state-bench-kafka  | 	transaction.max.timeout.ms = 900000
stream-state-bench-kafka  | 	transaction.partition.verification.enable = true
stream-state-bench-kafka  | 	transaction.remove.expired.transaction.cleanup.interval.ms = 3600000
stream-state-bench-kafka  | 	transaction.state.log.load.buffer.size = 5242880
stream-state-bench-kafka  | 	transaction.state.log.min.isr = 1
stream-state-bench-kafka  | 	transaction.state.log.num.partitions = 50
stream-state-bench-kafka  | 	transaction.state.log.replication.factor = 1
stream-state-bench-kafka  | 	transaction.state.log.segment.bytes = 104857600
stream-state-bench-kafka  | 	transaction.two.phase.commit.enable = false
stream-state-bench-kafka  | 	transactional.id.expiration.ms = 604800000
stream-state-bench-kafka  | 	unclean.leader.election.enable = false
stream-state-bench-kafka  | 	unclean.leader.election.interval.ms = 300000
stream-state-bench-kafka  | 	unstable.api.versions.enable = false
stream-state-bench-kafka  | 	unstable.feature.versions.enable = false
stream-state-bench-kafka  |  (org.apache.kafka.common.config.AbstractConfig)
stream-state-bench-kafka  | [2026-07-15 22:42:53,673] INFO [ControllerRegistrationManager id=1 incarnation=J4P02nOyT2uVYwjNBeuCpw] sendControllerRegistration: attempting to send ControllerRegistrationRequestData(controllerId=1, incarnationId=J4P02nOyT2uVYwjNBeuCpw, zkMigrationReady=false, listeners=[Listener(name='CONTROLLER', host='kafka', port=9093, securityProtocol=0)], features=[Feature(name='group.version', minSupportedVersion=0, maxSupportedVersion=1), Feature(name='kraft.version', minSupportedVersion=0, maxSupportedVersion=1), Feature(name='metadata.version', minSupportedVersion=7, maxSupportedVersion=30), Feature(name='share.version', minSupportedVersion=0, maxSupportedVersion=1), Feature(name='streams.version', minSupportedVersion=0, maxSupportedVersion=1), Feature(name='transaction.version', minSupportedVersion=0, maxSupportedVersion=2), Feature(name='eligible.leader.replicas.version', minSupportedVersion=0, maxSupportedVersion=1)]) (kafka.server.ControllerRegistrationManager)
stream-state-bench-kafka  | [2026-07-15 22:42:53,676] INFO [MetadataLoader id=1] InitializeNewPublishers: initializing DynamicClientQuotaPublisher controller id=1 with a snapshot at offset 9 (org.apache.kafka.image.loader.MetadataLoader)
stream-state-bench-kafka  | [2026-07-15 22:42:53,677] INFO [MetadataLoader id=1] InitializeNewPublishers: initializing DynamicTopicClusterQuotaPublisher controller id=1 with a snapshot at offset 9 (org.apache.kafka.image.loader.MetadataLoader)
stream-state-bench-kafka  | [2026-07-15 22:42:53,677] INFO [MetadataLoader id=1] InitializeNewPublishers: initializing ScramPublisher controller id=1 with a snapshot at offset 9 (org.apache.kafka.image.loader.MetadataLoader)
stream-state-bench-kafka  | [2026-07-15 22:42:53,677] INFO [MetadataLoader id=1] InitializeNewPublishers: initializing DelegationTokenPublisher controller id=1 with a snapshot at offset 9 (org.apache.kafka.image.loader.MetadataLoader)
stream-state-bench-kafka  | [2026-07-15 22:42:53,678] INFO [MetadataLoader id=1] InitializeNewPublishers: initializing ControllerMetadataMetricsPublisher with a snapshot at offset 9 (org.apache.kafka.image.loader.MetadataLoader)
stream-state-bench-kafka  | [2026-07-15 22:42:53,678] INFO [MetadataLoader id=1] InitializeNewPublishers: initializing AclPublisher controller id=1 with a snapshot at offset 9 (org.apache.kafka.image.loader.MetadataLoader)
stream-state-bench-kafka  | [2026-07-15 22:42:53,678] INFO Updated connection-accept-rate max connection creation rate to 2147483647 (kafka.network.ConnectionQuotas)
stream-state-bench-kafka  | [2026-07-15 22:42:53,682] INFO [SocketServer listenerType=BROKER, nodeId=1] Created data-plane acceptor and processors for endpoint : ListenerName(PLAINTEXT) (kafka.network.SocketServer)
stream-state-bench-kafka  | [2026-07-15 22:42:53,684] INFO [broker-1-to-controller-alter-partition-channel-manager]: Starting (org.apache.kafka.server.NodeToControllerRequestThread)
stream-state-bench-kafka  | [2026-07-15 22:42:53,685] INFO Recorded new KRaft controller, from now on will use node kafka:9093 (id: 1 rack: null isFenced: false) (org.apache.kafka.server.NodeToControllerRequestThread)
stream-state-bench-kafka  | [2026-07-15 22:42:53,688] INFO [broker-1-to-controller-directory-assignments-channel-manager]: Starting (org.apache.kafka.server.NodeToControllerRequestThread)
stream-state-bench-kafka  | [2026-07-15 22:42:53,688] INFO Recorded new KRaft controller, from now on will use node kafka:9093 (id: 1 rack: null isFenced: false) (org.apache.kafka.server.NodeToControllerRequestThread)
stream-state-bench-kafka  | [2026-07-15 22:42:53,692] INFO [ExpirationReaper-1-Produce]: Starting (org.apache.kafka.server.purgatory.DelayedOperationPurgatory$ExpiredOperationReaper)
stream-state-bench-kafka  | [2026-07-15 22:42:53,692] INFO [ExpirationReaper-1-Fetch]: Starting (org.apache.kafka.server.purgatory.DelayedOperationPurgatory$ExpiredOperationReaper)
stream-state-bench-kafka  | [2026-07-15 22:42:53,693] INFO [ExpirationReaper-1-DeleteRecords]: Starting (org.apache.kafka.server.purgatory.DelayedOperationPurgatory$ExpiredOperationReaper)
stream-state-bench-kafka  | [2026-07-15 22:42:53,693] INFO [ExpirationReaper-1-RemoteFetch]: Starting (org.apache.kafka.server.purgatory.DelayedOperationPurgatory$ExpiredOperationReaper)
stream-state-bench-kafka  | [2026-07-15 22:42:53,694] INFO [ExpirationReaper-1-RemoteListOffsets]: Starting (org.apache.kafka.server.purgatory.DelayedOperationPurgatory$ExpiredOperationReaper)
stream-state-bench-kafka  | [2026-07-15 22:42:53,695] INFO [ExpirationReaper-1-ShareFetch]: Starting (org.apache.kafka.server.purgatory.DelayedOperationPurgatory$ExpiredOperationReaper)
stream-state-bench-kafka  | [2026-07-15 22:42:53,699] INFO [share-coordinator-reaper]: Starting (org.apache.kafka.server.util.timer.SystemTimerReaper$Reaper)
stream-state-bench-kafka  | [2026-07-15 22:42:53,703] INFO [share-coordinator-event-processor-0]: Starting (org.apache.kafka.coordinator.common.runtime.MultiThreadedEventProcessor$EventProcessorThread)
stream-state-bench-kafka  | [2026-07-15 22:42:53,706] INFO [persister-state-manager-reaper]: Starting (org.apache.kafka.server.util.timer.SystemTimerReaper$Reaper)
stream-state-bench-kafka  | [2026-07-15 22:42:53,706] INFO [PersisterStateManager]: Starting (org.apache.kafka.server.share.persister.PersisterStateManager$SendThread)
stream-state-bench-kafka  | [2026-07-15 22:42:53,706] INFO [network-partition-metadata-client-reaper]: Starting (org.apache.kafka.server.util.timer.SystemTimerReaper$Reaper)
stream-state-bench-kafka  | [2026-07-15 22:42:53,706] INFO [group-coordinator-reaper]: Starting (org.apache.kafka.server.util.timer.SystemTimerReaper$Reaper)
stream-state-bench-kafka  | [2026-07-15 22:42:53,710] INFO [group-coordinator-event-processor-0]: Starting (org.apache.kafka.coordinator.common.runtime.MultiThreadedEventProcessor$EventProcessorThread)
stream-state-bench-kafka  | [2026-07-15 22:42:53,710] INFO [group-coordinator-event-processor-1]: Starting (org.apache.kafka.coordinator.common.runtime.MultiThreadedEventProcessor$EventProcessorThread)
stream-state-bench-kafka  | [2026-07-15 22:42:53,710] INFO [group-coordinator-event-processor-2]: Starting (org.apache.kafka.coordinator.common.runtime.MultiThreadedEventProcessor$EventProcessorThread)
stream-state-bench-kafka  | [2026-07-15 22:42:53,710] INFO [group-coordinator-event-processor-3]: Starting (org.apache.kafka.coordinator.common.runtime.MultiThreadedEventProcessor$EventProcessorThread)
stream-state-bench-kafka  | [2026-07-15 22:42:53,716] INFO Unable to read the broker epoch in /tmp/kafka-logs. (kafka.log.LogManager)
stream-state-bench-kafka  | [2026-07-15 22:42:53,716] INFO [broker-1-to-controller-heartbeat-channel-manager]: Starting (org.apache.kafka.server.NodeToControllerRequestThread)
stream-state-bench-kafka  | [2026-07-15 22:42:53,717] INFO Recorded new KRaft controller, from now on will use node kafka:9093 (id: 1 rack: null isFenced: false) (org.apache.kafka.server.NodeToControllerRequestThread)
stream-state-bench-kafka  | [2026-07-15 22:42:53,717] INFO [BrokerLifecycleManager id=1] Incarnation CTAIaT1YTquEOfYn2P3VfA of broker 1 in cluster MkU3OEVBNTcwNTJENDM2Qk is now STARTING. (org.apache.kafka.server.BrokerLifecycleManager)
stream-state-bench-kafka  | [2026-07-15 22:42:53,719] INFO [share-group-lock-timeout-reaper]: Starting (org.apache.kafka.server.util.timer.SystemTimerReaper$Reaper)
stream-state-bench-kafka  | [2026-07-15 22:42:53,720] INFO [ExpirationReaper-1-AlterAcls]: Starting (org.apache.kafka.server.purgatory.DelayedOperationPurgatory$ExpiredOperationReaper)
stream-state-bench-kafka  | [2026-07-15 22:42:53,725] INFO [ControllerRegistrationManager id=1 incarnation=J4P02nOyT2uVYwjNBeuCpw] Our registration has been persisted to the metadata log. (kafka.server.ControllerRegistrationManager)
stream-state-bench-kafka  | [2026-07-15 22:42:53,732] INFO [BrokerServer id=1] Waiting for the broker metadata publishers to be installed (kafka.server.BrokerServer)
stream-state-bench-kafka  | [2026-07-15 22:42:53,733] INFO [BrokerServer id=1] Finished waiting for the broker metadata publishers to be installed (kafka.server.BrokerServer)
stream-state-bench-kafka  | [2026-07-15 22:42:53,733] INFO [BrokerServer id=1] Waiting for the controller to acknowledge that we are caught up (kafka.server.BrokerServer)
stream-state-bench-kafka  | [2026-07-15 22:42:53,733] INFO [MetadataLoader id=1] InitializeNewPublishers: initializing MetadataVersionPublisher(id=1) with a snapshot at offset 10 (org.apache.kafka.image.loader.MetadataLoader)
stream-state-bench-kafka  | [2026-07-15 22:42:53,733] INFO [MetadataLoader id=1] InitializeNewPublishers: initializing BrokerMetadataPublisher with a snapshot at offset 10 (org.apache.kafka.image.loader.MetadataLoader)
stream-state-bench-kafka  | [2026-07-15 22:42:53,734] INFO [ControllerRegistrationManager id=1 incarnation=J4P02nOyT2uVYwjNBeuCpw] RegistrationResponseHandler: controller acknowledged ControllerRegistrationRequest. (kafka.server.ControllerRegistrationManager)
stream-state-bench-kafka  | [2026-07-15 22:42:53,735] INFO [BrokerMetadataPublisher id=1] Publishing initial metadata at offset OffsetAndEpoch[offset=10, epoch=1] with metadata.version Optional[4.3-IV0]. (kafka.server.metadata.BrokerMetadataPublisher)
stream-state-bench-kafka  | [2026-07-15 22:42:53,736] INFO Loading logs from log dirs ArrayBuffer(/tmp/kafka-logs) (kafka.log.LogManager)
stream-state-bench-kafka  | [2026-07-15 22:42:53,741] INFO No logs found to be loaded in /tmp/kafka-logs (kafka.log.LogManager)
stream-state-bench-kafka  | [2026-07-15 22:42:53,749] INFO Loaded 0 logs in 11ms (kafka.log.LogManager)
stream-state-bench-kafka  | [2026-07-15 22:42:53,749] INFO Starting log cleanup with a period of 300000 ms. (kafka.log.LogManager)
stream-state-bench-kafka  | [2026-07-15 22:42:53,749] INFO Starting log flusher with a default period of 9223372036854775807 ms. (kafka.log.LogManager)
stream-state-bench-kafka  | [2026-07-15 22:42:53,752] INFO [BrokerLifecycleManager id=1] Successfully registered broker 1 with broker epoch 11 (org.apache.kafka.server.BrokerLifecycleManager)
stream-state-bench-kafka  | [2026-07-15 22:42:53,816] INFO [LogDirFailureHandler]: Starting (kafka.server.ReplicaManager$LogDirFailureHandler)
stream-state-bench-kafka  | [2026-07-15 22:42:53,817] INFO [AddPartitionsToTxnSenderThread-1]: Starting (org.apache.kafka.server.transaction.AddPartitionsToTxnManager)
stream-state-bench-kafka  | [2026-07-15 22:42:53,817] INFO [GroupCoordinator id=1] Starting up. (org.apache.kafka.coordinator.group.GroupCoordinatorService)
stream-state-bench-kafka  | [2026-07-15 22:42:53,817] INFO [GroupCoordinator id=1] Startup complete. (org.apache.kafka.coordinator.group.GroupCoordinatorService)
stream-state-bench-kafka  | [2026-07-15 22:42:53,817] INFO [TransactionCoordinator id=1] Starting up. (kafka.coordinator.transaction.TransactionCoordinator)
stream-state-bench-kafka  | [2026-07-15 22:42:53,818] INFO [TransactionCoordinator id=1] Startup complete. (kafka.coordinator.transaction.TransactionCoordinator)
stream-state-bench-kafka  | [2026-07-15 22:42:53,818] INFO [TxnMarkerSenderThread-1]: Starting (kafka.coordinator.transaction.TransactionMarkerChannelManager)
stream-state-bench-kafka  | [2026-07-15 22:42:53,818] INFO [ShareCoordinator id=1] Starting up. (org.apache.kafka.coordinator.share.ShareCoordinatorService)
stream-state-bench-kafka  | [2026-07-15 22:42:53,818] INFO [ShareCoordinator id=1] Startup complete. (org.apache.kafka.coordinator.share.ShareCoordinatorService)
stream-state-bench-kafka  | [2026-07-15 22:42:53,821] INFO [DynamicConfigPublisher broker id=1] Updating cluster configuration : min.insync.replicas -> 1 (kafka.server.metadata.DynamicConfigPublisher)
stream-state-bench-kafka  | [2026-07-15 22:42:53,821] INFO AbstractConfig values: 
stream-state-bench-kafka  | 	group.consumer.assignment.interval.ms = 1000
stream-state-bench-kafka  | 	group.consumer.assignors = [uniform, range]
stream-state-bench-kafka  | 	group.consumer.heartbeat.interval.ms = 5000
stream-state-bench-kafka  | 	group.consumer.max.assignment.interval.ms = 15000
stream-state-bench-kafka  | 	group.consumer.max.heartbeat.interval.ms = 15000
stream-state-bench-kafka  | 	group.consumer.max.session.timeout.ms = 60000
stream-state-bench-kafka  | 	group.consumer.max.size = 2147483647
stream-state-bench-kafka  | 	group.consumer.migration.policy = bidirectional
stream-state-bench-kafka  | 	group.consumer.min.assignment.interval.ms = 0
stream-state-bench-kafka  | 	group.consumer.min.heartbeat.interval.ms = 5000
stream-state-bench-kafka  | 	group.consumer.min.session.timeout.ms = 45000
stream-state-bench-kafka  | 	group.consumer.regex.refresh.interval.ms = 600000
stream-state-bench-kafka  | 	group.consumer.session.timeout.ms = 45000
stream-state-bench-kafka  | 	group.coordinator.append.linger.ms = -1
stream-state-bench-kafka  | 	group.coordinator.background.threads = 2
stream-state-bench-kafka  | 	group.coordinator.cached.buffer.max.bytes = 1048588
stream-state-bench-kafka  | 	group.coordinator.rebalance.protocols = [classic, consumer, streams]
stream-state-bench-kafka  | 	group.coordinator.threads = 4
stream-state-bench-kafka  | 	group.initial.rebalance.delay.ms = 0
stream-state-bench-kafka  | 	group.max.session.timeout.ms = 1800000
stream-state-bench-kafka  | 	group.max.size = 2147483647
stream-state-bench-kafka  | 	group.min.session.timeout.ms = 6000
stream-state-bench-kafka  | 	group.share.assignment.interval.ms = 1000
stream-state-bench-kafka  | 	group.share.assignors = [simple]
stream-state-bench-kafka  | 	group.share.heartbeat.interval.ms = 5000
stream-state-bench-kafka  | 	group.share.initialize.retry.interval.ms = 30000
stream-state-bench-kafka  | 	group.share.max.assignment.interval.ms = 15000
stream-state-bench-kafka  | 	group.share.max.heartbeat.interval.ms = 15000
stream-state-bench-kafka  | 	group.share.max.session.timeout.ms = 60000
stream-state-bench-kafka  | 	group.share.max.size = 200
stream-state-bench-kafka  | 	group.share.min.assignment.interval.ms = 0
stream-state-bench-kafka  | 	group.share.min.heartbeat.interval.ms = 5000
stream-state-bench-kafka  | 	group.share.min.session.timeout.ms = 45000
stream-state-bench-kafka  | 	group.share.session.timeout.ms = 45000
stream-state-bench-kafka  | 	group.streams.assignment.interval.ms = 1000
stream-state-bench-kafka  | 	group.streams.heartbeat.interval.ms = 5000
stream-state-bench-kafka  | 	group.streams.initial.rebalance.delay.ms = 3000
stream-state-bench-kafka  | 	group.streams.max.assignment.interval.ms = 15000
stream-state-bench-kafka  | 	group.streams.max.heartbeat.interval.ms = 15000
stream-state-bench-kafka  | 	group.streams.max.session.timeout.ms = 60000
stream-state-bench-kafka  | 	group.streams.max.size = 2147483647
stream-state-bench-kafka  | 	group.streams.max.standby.replicas = 2
stream-state-bench-kafka  | 	group.streams.min.assignment.interval.ms = 0
stream-state-bench-kafka  | 	group.streams.min.heartbeat.interval.ms = 5000
stream-state-bench-kafka  | 	group.streams.min.session.timeout.ms = 45000
stream-state-bench-kafka  | 	group.streams.num.standby.replicas = 0
stream-state-bench-kafka  | 	group.streams.session.timeout.ms = 45000
stream-state-bench-kafka  | 	offset.metadata.max.bytes = 4096
stream-state-bench-kafka  | 	offsets.commit.timeout.ms = 5000
stream-state-bench-kafka  | 	offsets.load.buffer.size = 5242880
stream-state-bench-kafka  | 	offsets.retention.check.interval.ms = 600000
stream-state-bench-kafka  | 	offsets.retention.minutes = 10080
stream-state-bench-kafka  | 	offsets.topic.compression.codec = 0
stream-state-bench-kafka  | 	offsets.topic.num.partitions = 50
stream-state-bench-kafka  | 	offsets.topic.replication.factor = 1
stream-state-bench-kafka  | 	offsets.topic.segment.bytes = 104857600
stream-state-bench-kafka  |  (org.apache.kafka.common.config.AbstractConfig)
stream-state-bench-kafka  | [2026-07-15 22:42:53,822] INFO KafkaConfig values: 
stream-state-bench-kafka  | 	add.partitions.to.txn.retry.backoff.max.ms = 100
stream-state-bench-kafka  | 	add.partitions.to.txn.retry.backoff.ms = 20
stream-state-bench-kafka  | 	advertised.listeners = [PLAINTEXT://kafka:9092]
stream-state-bench-kafka  | 	alter.config.policy.class.name = null
stream-state-bench-kafka  | 	alter.log.dirs.replication.quota.window.num = 11
stream-state-bench-kafka  | 	alter.log.dirs.replication.quota.window.size.seconds = 1
stream-state-bench-kafka  | 	authorizer.class.name = 
stream-state-bench-kafka  | 	auto.create.topics.enable = false
stream-state-bench-kafka  | 	auto.leader.rebalance.enable = true
stream-state-bench-kafka  | 	background.threads = 10
stream-state-bench-kafka  | 	broker.heartbeat.interval.ms = 2000
stream-state-bench-kafka  | 	broker.id = 1
stream-state-bench-kafka  | 	broker.rack = null
stream-state-bench-kafka  | 	broker.session.timeout.ms = 9000
stream-state-bench-kafka  | 	client.quota.callback.class = null
stream-state-bench-kafka  | 	compression.gzip.level = -1
stream-state-bench-kafka  | 	compression.lz4.level = 9
stream-state-bench-kafka  | 	compression.type = producer
stream-state-bench-kafka  | 	compression.zstd.level = 3
stream-state-bench-kafka  | 	config.providers = []
stream-state-bench-kafka  | 	connection.failed.authentication.delay.ms = 100
stream-state-bench-kafka  | 	connections.max.idle.ms = 600000
stream-state-bench-kafka  | 	connections.max.reauth.ms = 0
stream-state-bench-kafka  | 	controlled.shutdown.enable = true
stream-state-bench-kafka  | 	controller.listener.names = [CONTROLLER]
stream-state-bench-kafka  | 	controller.performance.always.log.threshold.ms = 2000
stream-state-bench-kafka  | 	controller.performance.sample.period.ms = 60000
stream-state-bench-kafka  | 	controller.quorum.append.linger.ms = 25
stream-state-bench-kafka  | 	controller.quorum.auto.join.enable = false
stream-state-bench-kafka  | 	controller.quorum.bootstrap.servers = []
stream-state-bench-kafka  | 	controller.quorum.election.backoff.max.ms = 1000
stream-state-bench-kafka  | 	controller.quorum.election.timeout.ms = 1000
stream-state-bench-kafka  | 	controller.quorum.fetch.max.bytes = 1048576
stream-state-bench-kafka  | 	controller.quorum.fetch.snapshot.max.bytes = 1048576
stream-state-bench-kafka  | 	controller.quorum.fetch.timeout.ms = 2000
stream-state-bench-kafka  | 	controller.quorum.request.timeout.ms = 2000
stream-state-bench-kafka  | 	controller.quorum.retry.backoff.ms = 20
stream-state-bench-kafka  | 	controller.quorum.voters = [1@kafka:9093]
stream-state-bench-kafka  | 	controller.quota.window.num = 11
stream-state-bench-kafka  | 	controller.quota.window.size.seconds = 1
stream-state-bench-kafka  | 	controller.socket.timeout.ms = 30000
stream-state-bench-kafka  | 	cordoned.log.dirs = []
stream-state-bench-kafka  | 	create.topic.policy.class.name = null
stream-state-bench-kafka  | 	default.replication.factor = 1
stream-state-bench-kafka  | 	delegation.token.expiry.check.interval.ms = 3600000
stream-state-bench-kafka  | 	delegation.token.expiry.time.ms = 86400000
stream-state-bench-kafka  | 	delegation.token.max.lifetime.ms = 604800000
stream-state-bench-kafka  | 	delegation.token.secret.key = null
stream-state-bench-kafka  | 	delete.records.purgatory.purge.interval.requests = 1
stream-state-bench-kafka  | 	delete.topic.enable = true
stream-state-bench-kafka  | 	early.start.listeners = null
stream-state-bench-kafka  | 	fetch.max.bytes = 57671680
stream-state-bench-kafka  | 	fetch.purgatory.purge.interval.requests = 1000
stream-state-bench-kafka  | 	follower.fetch.last.tiered.offset.enable = false
stream-state-bench-kafka  | 	group.consumer.assignment.interval.ms = 1000
stream-state-bench-kafka  | 	group.consumer.assignors = [uniform, range]
stream-state-bench-kafka  | 	group.consumer.heartbeat.interval.ms = 5000
stream-state-bench-kafka  | 	group.consumer.max.assignment.interval.ms = 15000
stream-state-bench-kafka  | 	group.consumer.max.heartbeat.interval.ms = 15000
stream-state-bench-kafka  | 	group.consumer.max.session.timeout.ms = 60000
stream-state-bench-kafka  | 	group.consumer.max.size = 2147483647
stream-state-bench-kafka  | 	group.consumer.migration.policy = bidirectional
stream-state-bench-kafka  | 	group.consumer.min.assignment.interval.ms = 0
stream-state-bench-kafka  | 	group.consumer.min.heartbeat.interval.ms = 5000
stream-state-bench-kafka  | 	group.consumer.min.session.timeout.ms = 45000
stream-state-bench-kafka  | 	group.consumer.regex.refresh.interval.ms = 600000
stream-state-bench-kafka  | 	group.consumer.session.timeout.ms = 45000
stream-state-bench-kafka  | 	group.coordinator.append.linger.ms = -1
stream-state-bench-kafka  | 	group.coordinator.background.threads = 2
stream-state-bench-kafka  | 	group.coordinator.cached.buffer.max.bytes = 1048588
stream-state-bench-kafka  | 	group.coordinator.rebalance.protocols = [classic, consumer, streams]
stream-state-bench-kafka  | 	group.coordinator.threads = 4
stream-state-bench-kafka  | 	group.initial.rebalance.delay.ms = 0
stream-state-bench-kafka  | 	group.max.session.timeout.ms = 1800000
stream-state-bench-kafka  | 	group.max.size = 2147483647
stream-state-bench-kafka  | 	group.min.session.timeout.ms = 6000
stream-state-bench-kafka  | 	group.share.assignment.interval.ms = 1000
stream-state-bench-kafka  | 	group.share.assignors = [simple]
stream-state-bench-kafka  | 	group.share.delivery.count.limit = 5
stream-state-bench-kafka  | 	group.share.heartbeat.interval.ms = 5000
stream-state-bench-kafka  | 	group.share.initialize.retry.interval.ms = 30000
stream-state-bench-kafka  | 	group.share.max.assignment.interval.ms = 15000
stream-state-bench-kafka  | 	group.share.max.delivery.count.limit = 10
stream-state-bench-kafka  | 	group.share.max.heartbeat.interval.ms = 15000
stream-state-bench-kafka  | 	group.share.max.partition.max.record.locks = 4000
stream-state-bench-kafka  | 	group.share.max.record.lock.duration.ms = 60000
stream-state-bench-kafka  | 	group.share.max.session.timeout.ms = 60000
stream-state-bench-kafka  | 	group.share.max.share.sessions = 2000
stream-state-bench-kafka  | 	group.share.max.size = 200
stream-state-bench-kafka  | 	group.share.min.assignment.interval.ms = 0
stream-state-bench-kafka  | 	group.share.min.delivery.count.limit = 2
stream-state-bench-kafka  | 	group.share.min.heartbeat.interval.ms = 5000
stream-state-bench-kafka  | 	group.share.min.partition.max.record.locks = 100
stream-state-bench-kafka  | 	group.share.min.record.lock.duration.ms = 15000
stream-state-bench-kafka  | 	group.share.min.session.timeout.ms = 45000
stream-state-bench-kafka  | 	group.share.partition.max.record.locks = 2000
stream-state-bench-kafka  | 	group.share.persister.class.name = org.apache.kafka.server.share.persister.DefaultStatePersister
stream-state-bench-kafka  | 	group.share.record.lock.duration.ms = 30000
stream-state-bench-kafka  | 	group.share.session.timeout.ms = 45000
stream-state-bench-kafka  | 	group.streams.assignment.interval.ms = 1000
stream-state-bench-kafka  | 	group.streams.heartbeat.interval.ms = 5000
stream-state-bench-kafka  | 	group.streams.initial.rebalance.delay.ms = 3000
stream-state-bench-kafka  | 	group.streams.max.assignment.interval.ms = 15000
stream-state-bench-kafka  | 	group.streams.max.heartbeat.interval.ms = 15000
stream-state-bench-kafka  | 	group.streams.max.session.timeout.ms = 60000
stream-state-bench-kafka  | 	group.streams.max.size = 2147483647
stream-state-bench-kafka  | 	group.streams.max.standby.replicas = 2
stream-state-bench-kafka  | 	group.streams.min.assignment.interval.ms = 0
stream-state-bench-kafka  | 	group.streams.min.heartbeat.interval.ms = 5000
stream-state-bench-kafka  | 	group.streams.min.session.timeout.ms = 45000
stream-state-bench-kafka  | 	group.streams.num.standby.replicas = 0
stream-state-bench-kafka  | 	group.streams.session.timeout.ms = 45000
stream-state-bench-kafka  | 	initial.broker.registration.timeout.ms = 60000
stream-state-bench-kafka  | 	inter.broker.listener.name = null
stream-state-bench-kafka  | 	internal.metadata.delete.delay.millis = 60000
stream-state-bench-kafka  | 	internal.metadata.log.segment.bytes = null
stream-state-bench-kafka  | 	internal.metadata.max.batch.size.in.bytes = 8388608
stream-state-bench-kafka  | 	kafka.metrics.polling.interval.secs = 10
stream-state-bench-kafka  | 	kafka.metrics.reporters = []
stream-state-bench-kafka  | 	leader.imbalance.check.interval.seconds = 300
stream-state-bench-kafka  | 	listener.security.protocol.map = CONTROLLER:PLAINTEXT,PLAINTEXT:PLAINTEXT
stream-state-bench-kafka  | 	listeners = [PLAINTEXT://:9092, CONTROLLER://:9093]
stream-state-bench-kafka  | 	log.cleaner.backoff.ms = 15000
stream-state-bench-kafka  | 	log.cleaner.dedupe.buffer.size = 134217728
stream-state-bench-kafka  | 	log.cleaner.delete.retention.ms = 86400000
stream-state-bench-kafka  | 	log.cleaner.enable = true
stream-state-bench-kafka  | 	log.cleaner.io.buffer.load.factor = 0.9
stream-state-bench-kafka  | 	log.cleaner.io.buffer.size = 524288
stream-state-bench-kafka  | 	log.cleaner.io.max.bytes.per.second = 1.7976931348623157E308
stream-state-bench-kafka  | 	log.cleaner.max.compaction.lag.ms = 9223372036854775807
stream-state-bench-kafka  | 	log.cleaner.min.cleanable.ratio = 0.5
stream-state-bench-kafka  | 	log.cleaner.min.compaction.lag.ms = 0
stream-state-bench-kafka  | 	log.cleaner.threads = 1
stream-state-bench-kafka  | 	log.cleanup.policy = [delete]
stream-state-bench-kafka  | 	log.dir = [/tmp/kafka-logs]
stream-state-bench-kafka  | 	log.dir.failure.timeout.ms = 30000
stream-state-bench-kafka  | 	log.dirs = null
stream-state-bench-kafka  | 	log.flush.interval.messages = 9223372036854775807
stream-state-bench-kafka  | 	log.flush.interval.ms = null
stream-state-bench-kafka  | 	log.flush.offset.checkpoint.interval.ms = 60000
stream-state-bench-kafka  | 	log.flush.scheduler.interval.ms = 9223372036854775807
stream-state-bench-kafka  | 	log.flush.start.offset.checkpoint.interval.ms = 60000
stream-state-bench-kafka  | 	log.index.interval.bytes = 4096
stream-state-bench-kafka  | 	log.index.size.max.bytes = 10485760
stream-state-bench-kafka  | 	log.initial.task.delay.ms = 30000
stream-state-bench-kafka  | 	log.local.retention.bytes = -2
stream-state-bench-kafka  | 	log.local.retention.ms = -2
stream-state-bench-kafka  | 	log.message.timestamp.after.max.ms = 3600000
stream-state-bench-kafka  | 	log.message.timestamp.before.max.ms = 9223372036854775807
stream-state-bench-kafka  | 	log.message.timestamp.type = CreateTime
stream-state-bench-kafka  | 	log.preallocate = false
stream-state-bench-kafka  | 	log.retention.bytes = -1
stream-state-bench-kafka  | 	log.retention.check.interval.ms = 300000
stream-state-bench-kafka  | 	log.retention.hours = 168
stream-state-bench-kafka  | 	log.retention.minutes = null
stream-state-bench-kafka  | 	log.retention.ms = null
stream-state-bench-kafka  | 	log.roll.hours = 168
stream-state-bench-kafka  | 	log.roll.jitter.hours = 0
stream-state-bench-kafka  | 	log.roll.jitter.ms = null
stream-state-bench-kafka  | 	log.roll.ms = null
stream-state-bench-kafka  | 	log.segment.bytes = 1073741824
stream-state-bench-kafka  | 	log.segment.delete.delay.ms = 60000
stream-state-bench-kafka  | 	max.connection.creation.rate = 2147483647
stream-state-bench-kafka  | 	max.connections = 2147483647
stream-state-bench-kafka  | 	max.connections.per.ip = 2147483647
stream-state-bench-kafka  | 	max.connections.per.ip.overrides = 
stream-state-bench-kafka  | 	max.incremental.fetch.session.cache.slots = 1000
stream-state-bench-kafka  | 	max.request.partition.size.limit = 2000
stream-state-bench-kafka  | 	message.max.bytes = 1048588
stream-state-bench-kafka  | 	metadata.log.dir = null
stream-state-bench-kafka  | 	metadata.log.max.record.bytes.between.snapshots = 20971520
stream-state-bench-kafka  | 	metadata.log.max.snapshot.interval.ms = 3600000
stream-state-bench-kafka  | 	metadata.log.segment.bytes = 1073741824
stream-state-bench-kafka  | 	metadata.log.segment.ms = 604800000
stream-state-bench-kafka  | 	metadata.max.idle.interval.ms = 500
stream-state-bench-kafka  | 	metadata.max.retention.bytes = 104857600
stream-state-bench-kafka  | 	metadata.max.retention.ms = 604800000
stream-state-bench-kafka  | 	metric.reporters = [org.apache.kafka.common.metrics.JmxReporter]
stream-state-bench-kafka  | 	metrics.num.samples = 2
stream-state-bench-kafka  | 	metrics.recording.level = INFO
stream-state-bench-kafka  | 	metrics.sample.window.ms = 30000
stream-state-bench-kafka  | 	min.insync.replicas = 1
stream-state-bench-kafka  | 	node.id = 1
stream-state-bench-kafka  | 	num.io.threads = 8
stream-state-bench-kafka  | 	num.network.threads = 3
stream-state-bench-kafka  | 	num.partitions = 1
stream-state-bench-kafka  | 	num.recovery.threads.per.data.dir = 2
stream-state-bench-kafka  | 	num.replica.alter.log.dirs.threads = null
stream-state-bench-kafka  | 	num.replica.fetchers = 1
stream-state-bench-kafka  | 	offset.metadata.max.bytes = 4096
stream-state-bench-kafka  | 	offsets.commit.timeout.ms = 5000
stream-state-bench-kafka  | 	offsets.load.buffer.size = 5242880
stream-state-bench-kafka  | 	offsets.retention.check.interval.ms = 600000
stream-state-bench-kafka  | 	offsets.retention.minutes = 10080
stream-state-bench-kafka  | 	offsets.topic.compression.codec = 0
stream-state-bench-kafka  | 	offsets.topic.num.partitions = 50
stream-state-bench-kafka  | 	offsets.topic.replication.factor = 1
stream-state-bench-kafka  | 	offsets.topic.segment.bytes = 104857600
stream-state-bench-kafka  | 	principal.builder.class = class org.apache.kafka.common.security.authenticator.DefaultKafkaPrincipalBuilder
stream-state-bench-kafka  | 	process.roles = [broker, controller]
stream-state-bench-kafka  | 	producer.id.expiration.check.interval.ms = 600000
stream-state-bench-kafka  | 	producer.id.expiration.ms = 86400000
stream-state-bench-kafka  | 	producer.purgatory.purge.interval.requests = 1000
stream-state-bench-kafka  | 	queued.max.request.bytes = -1
stream-state-bench-kafka  | 	queued.max.requests = 500
stream-state-bench-kafka  | 	quota.window.num = 11
stream-state-bench-kafka  | 	quota.window.size.seconds = 1
stream-state-bench-kafka  | 	remote.fetch.max.wait.ms = 500
stream-state-bench-kafka  | 	remote.list.offsets.request.timeout.ms = 30000
stream-state-bench-kafka  | 	remote.log.index.file.cache.total.size.bytes = 1073741824
stream-state-bench-kafka  | 	remote.log.index.file.cache.ttl.ms = 900000
stream-state-bench-kafka  | 	remote.log.manager.copier.thread.pool.size = 10
stream-state-bench-kafka  | 	remote.log.manager.copy.max.bytes.per.second = 9223372036854775807
stream-state-bench-kafka  | 	remote.log.manager.copy.quota.window.num = 11
stream-state-bench-kafka  | 	remote.log.manager.copy.quota.window.size.seconds = 1
stream-state-bench-kafka  | 	remote.log.manager.expiration.thread.pool.size = 10
stream-state-bench-kafka  | 	remote.log.manager.fetch.max.bytes.per.second = 9223372036854775807
stream-state-bench-kafka  | 	remote.log.manager.fetch.quota.window.num = 11
stream-state-bench-kafka  | 	remote.log.manager.fetch.quota.window.size.seconds = 1
stream-state-bench-kafka  | 	remote.log.manager.follower.thread.pool.size = 2
stream-state-bench-kafka  | 	remote.log.manager.task.interval.ms = 30000
stream-state-bench-kafka  | 	remote.log.manager.task.retry.backoff.max.ms = 30000
stream-state-bench-kafka  | 	remote.log.manager.task.retry.backoff.ms = 500
stream-state-bench-kafka  | 	remote.log.manager.task.retry.jitter = 0.2
stream-state-bench-kafka  | 	remote.log.manager.thread.pool.size = 2
stream-state-bench-kafka  | 	remote.log.metadata.custom.metadata.max.bytes = 128
stream-state-bench-kafka  | 	remote.log.metadata.manager.class.name = org.apache.kafka.server.log.remote.metadata.storage.TopicBasedRemoteLogMetadataManager
stream-state-bench-kafka  | 	remote.log.metadata.manager.class.path = null
stream-state-bench-kafka  | 	remote.log.metadata.manager.impl.prefix = rlmm.config.
stream-state-bench-kafka  | 	remote.log.metadata.manager.listener.name = null
stream-state-bench-kafka  | 	remote.log.reader.max.pending.tasks = 100
stream-state-bench-kafka  | 	remote.log.reader.threads = 10
stream-state-bench-kafka  | 	remote.log.storage.manager.class.name = null
stream-state-bench-kafka  | 	remote.log.storage.manager.class.path = null
stream-state-bench-kafka  | 	remote.log.storage.manager.impl.prefix = rsm.config.
stream-state-bench-kafka  | 	remote.log.storage.system.enable = false
stream-state-bench-kafka  | 	replica.fetch.backoff.ms = 1000
stream-state-bench-kafka  | 	replica.fetch.max.bytes = 1048576
stream-state-bench-kafka  | 	replica.fetch.min.bytes = 1
stream-state-bench-kafka  | 	replica.fetch.response.max.bytes = 10485760
stream-state-bench-kafka  | 	replica.fetch.wait.max.ms = 500
stream-state-bench-kafka  | 	replica.high.watermark.checkpoint.interval.ms = 5000
stream-state-bench-kafka  | 	replica.lag.time.max.ms = 30000
stream-state-bench-kafka  | 	replica.selector.class = null
stream-state-bench-kafka  | 	replica.socket.receive.buffer.bytes = 65536
stream-state-bench-kafka  | 	replica.socket.timeout.ms = 30000
stream-state-bench-kafka  | 	replication.quota.window.num = 11
stream-state-bench-kafka  | 	replication.quota.window.size.seconds = 1
stream-state-bench-kafka  | 	request.timeout.ms = 30000
stream-state-bench-kafka  | 	sasl.client.callback.handler.class = null
stream-state-bench-kafka  | 	sasl.enabled.mechanisms = [GSSAPI]
stream-state-bench-kafka  | 	sasl.jaas.config = null
stream-state-bench-kafka  | 	sasl.kerberos.kinit.cmd = /usr/bin/kinit
stream-state-bench-kafka  | 	sasl.kerberos.min.time.before.relogin = 60000
stream-state-bench-kafka  | 	sasl.kerberos.principal.to.local.rules = [DEFAULT]
stream-state-bench-kafka  | 	sasl.kerberos.service.name = null
stream-state-bench-kafka  | 	sasl.kerberos.ticket.renew.jitter = 0.05
stream-state-bench-kafka  | 	sasl.kerberos.ticket.renew.window.factor = 0.8
stream-state-bench-kafka  | 	sasl.login.callback.handler.class = null
stream-state-bench-kafka  | 	sasl.login.class = null
stream-state-bench-kafka  | 	sasl.login.connect.timeout.ms = null
stream-state-bench-kafka  | 	sasl.login.read.timeout.ms = null
stream-state-bench-kafka  | 	sasl.login.refresh.buffer.seconds = 300
stream-state-bench-kafka  | 	sasl.login.refresh.min.period.seconds = 60
stream-state-bench-kafka  | 	sasl.login.refresh.window.factor = 0.8
stream-state-bench-kafka  | 	sasl.login.refresh.window.jitter = 0.05
stream-state-bench-kafka  | 	sasl.login.retry.backoff.max.ms = 10000
stream-state-bench-kafka  | 	sasl.login.retry.backoff.ms = 100
stream-state-bench-kafka  | 	sasl.mechanism.controller.protocol = GSSAPI
stream-state-bench-kafka  | 	sasl.mechanism.inter.broker.protocol = GSSAPI
stream-state-bench-kafka  | 	sasl.oauthbearer.assertion.algorithm = RS256
stream-state-bench-kafka  | 	sasl.oauthbearer.assertion.claim.aud = null
stream-state-bench-kafka  | 	sasl.oauthbearer.assertion.claim.exp.seconds = 300
stream-state-bench-kafka  | 	sasl.oauthbearer.assertion.claim.iss = null
stream-state-bench-kafka  | 	sasl.oauthbearer.assertion.claim.jti.include = false
stream-state-bench-kafka  | 	sasl.oauthbearer.assertion.claim.nbf.seconds = 60
stream-state-bench-kafka  | 	sasl.oauthbearer.assertion.claim.sub = null
stream-state-bench-kafka  | 	sasl.oauthbearer.assertion.file = null
stream-state-bench-kafka  | 	sasl.oauthbearer.assertion.private.key.file = null
stream-state-bench-kafka  | 	sasl.oauthbearer.assertion.private.key.passphrase = null
stream-state-bench-kafka  | 	sasl.oauthbearer.assertion.template.file = null
stream-state-bench-kafka  | 	sasl.oauthbearer.client.credentials.client.id = null
stream-state-bench-kafka  | 	sasl.oauthbearer.client.credentials.client.secret = null
stream-state-bench-kafka  | 	sasl.oauthbearer.clock.skew.seconds = 30
stream-state-bench-kafka  | 	sasl.oauthbearer.expected.audience = []
stream-state-bench-kafka  | 	sasl.oauthbearer.expected.issuer = null
stream-state-bench-kafka  | 	sasl.oauthbearer.jwks.endpoint.refresh.ms = 3600000
stream-state-bench-kafka  | 	sasl.oauthbearer.jwks.endpoint.retry.backoff.max.ms = 10000
stream-state-bench-kafka  | 	sasl.oauthbearer.jwks.endpoint.retry.backoff.ms = 100
stream-state-bench-kafka  | 	sasl.oauthbearer.jwks.endpoint.url = null
stream-state-bench-kafka  | 	sasl.oauthbearer.jwt.retriever.class = class org.apache.kafka.common.security.oauthbearer.DefaultJwtRetriever
stream-state-bench-kafka  | 	sasl.oauthbearer.jwt.validator.class = class org.apache.kafka.common.security.oauthbearer.DefaultJwtValidator
stream-state-bench-kafka  | 	sasl.oauthbearer.scope = null
stream-state-bench-kafka  | 	sasl.oauthbearer.scope.claim.name = scope
stream-state-bench-kafka  | 	sasl.oauthbearer.sub.claim.name = sub
stream-state-bench-kafka  | 	sasl.oauthbearer.token.endpoint.url = null
stream-state-bench-kafka  | 	sasl.server.callback.handler.class = null
stream-state-bench-kafka  | 	sasl.server.max.receive.size = 524288
stream-state-bench-kafka  | 	security.inter.broker.protocol = PLAINTEXT
stream-state-bench-kafka  | 	security.providers = null
stream-state-bench-kafka  | 	server.max.startup.time.ms = 9223372036854775807
stream-state-bench-kafka  | 	share.coordinator.append.linger.ms = -1
stream-state-bench-kafka  | 	share.coordinator.cached.buffer.max.bytes = 1048588
stream-state-bench-kafka  | 	share.coordinator.cold.partition.snapshot.interval.ms = 300000
stream-state-bench-kafka  | 	share.coordinator.load.buffer.size = 5242880
stream-state-bench-kafka  | 	share.coordinator.snapshot.update.records.per.snapshot = 500
stream-state-bench-kafka  | 	share.coordinator.state.topic.compression.codec = 0
stream-state-bench-kafka  | 	share.coordinator.state.topic.min.isr = 2
stream-state-bench-kafka  | 	share.coordinator.state.topic.num.partitions = 50
stream-state-bench-kafka  | 	share.coordinator.state.topic.prune.interval.ms = 300000
stream-state-bench-kafka  | 	share.coordinator.state.topic.replication.factor = 3
stream-state-bench-kafka  | 	share.coordinator.state.topic.segment.bytes = 104857600
stream-state-bench-kafka  | 	share.coordinator.threads = 1
stream-state-bench-kafka  | 	share.coordinator.write.timeout.ms = 5000
stream-state-bench-kafka  | 	share.fetch.purgatory.purge.interval.requests = 1000
stream-state-bench-kafka  | 	socket.connection.setup.timeout.max.ms = 30000
stream-state-bench-kafka  | 	socket.connection.setup.timeout.ms = 10000
stream-state-bench-kafka  | 	socket.listen.backlog.size = 50
stream-state-bench-kafka  | 	socket.receive.buffer.bytes = 102400
stream-state-bench-kafka  | 	socket.request.max.bytes = 104857600
stream-state-bench-kafka  | 	socket.send.buffer.bytes = 102400
stream-state-bench-kafka  | 	ssl.allow.dn.changes = false
stream-state-bench-kafka  | 	ssl.allow.san.changes = false
stream-state-bench-kafka  | 	ssl.cipher.suites = []
stream-state-bench-kafka  | 	ssl.client.auth = none
stream-state-bench-kafka  | 	ssl.enabled.protocols = [TLSv1.2, TLSv1.3]
stream-state-bench-kafka  | 	ssl.endpoint.identification.algorithm = https
stream-state-bench-kafka  | 	ssl.engine.factory.class = null
stream-state-bench-kafka  | 	ssl.key.password = null
stream-state-bench-kafka  | 	ssl.keymanager.algorithm = SunX509
stream-state-bench-kafka  | 	ssl.keystore.certificate.chain = null
stream-state-bench-kafka  | 	ssl.keystore.key = null
stream-state-bench-kafka  | 	ssl.keystore.location = null
stream-state-bench-kafka  | 	ssl.keystore.password = null
stream-state-bench-kafka  | 	ssl.keystore.type = JKS
stream-state-bench-kafka  | 	ssl.principal.mapping.rules = DEFAULT
stream-state-bench-kafka  | 	ssl.protocol = TLSv1.3
stream-state-bench-kafka  | 	ssl.provider = null
stream-state-bench-kafka  | 	ssl.secure.random.implementation = null
stream-state-bench-kafka  | 	ssl.trustmanager.algorithm = PKIX
stream-state-bench-kafka  | 	ssl.truststore.certificates = null
stream-state-bench-kafka  | 	ssl.truststore.location = null
stream-state-bench-kafka  | 	ssl.truststore.password = null
stream-state-bench-kafka  | 	ssl.truststore.type = JKS
stream-state-bench-kafka  | 	telemetry.max.bytes = 1048576
stream-state-bench-kafka  | 	transaction.abort.timed.out.transaction.cleanup.interval.ms = 10000
stream-state-bench-kafka  | 	transaction.max.timeout.ms = 900000
stream-state-bench-kafka  | 	transaction.partition.verification.enable = true
stream-state-bench-kafka  | 	transaction.remove.expired.transaction.cleanup.interval.ms = 3600000
stream-state-bench-kafka  | 	transaction.state.log.load.buffer.size = 5242880
stream-state-bench-kafka  | 	transaction.state.log.min.isr = 1
stream-state-bench-kafka  | 	transaction.state.log.num.partitions = 50
stream-state-bench-kafka  | 	transaction.state.log.replication.factor = 1
stream-state-bench-kafka  | 	transaction.state.log.segment.bytes = 104857600
stream-state-bench-kafka  | 	transaction.two.phase.commit.enable = false
stream-state-bench-kafka  | 	transactional.id.expiration.ms = 604800000
stream-state-bench-kafka  | 	unclean.leader.election.enable = false
stream-state-bench-kafka  | 	unclean.leader.election.interval.ms = 300000
stream-state-bench-kafka  | 	unstable.api.versions.enable = false
stream-state-bench-kafka  | 	unstable.feature.versions.enable = false
stream-state-bench-kafka  |  (org.apache.kafka.common.config.AbstractConfig)
stream-state-bench-kafka  | [2026-07-15 22:42:53,829] INFO [BrokerMetadataPublisher id=1] Feature share.version has been updated to version 1 (kafka.server.metadata.BrokerMetadataPublisher)
stream-state-bench-kafka  | [2026-07-15 22:42:53,829] INFO [MetadataLoader id=1] InitializeNewPublishers: initializing BrokerRegistrationTracker(id=1) with a snapshot at offset 10 (org.apache.kafka.image.loader.MetadataLoader)
stream-state-bench-kafka  | [2026-07-15 22:42:53,840] INFO [BrokerLifecycleManager id=1] The broker has caught up. Transitioning from STARTING to RECOVERY. (org.apache.kafka.server.BrokerLifecycleManager)
stream-state-bench-kafka  | [2026-07-15 22:42:53,840] INFO [BrokerServer id=1] Finished waiting for the controller to acknowledge that we are caught up (kafka.server.BrokerServer)
stream-state-bench-kafka  | [2026-07-15 22:42:53,840] INFO [BrokerServer id=1] Waiting for the initial broker metadata update to be published (kafka.server.BrokerServer)
stream-state-bench-kafka  | [2026-07-15 22:42:53,840] INFO [BrokerServer id=1] Finished waiting for the initial broker metadata update to be published (kafka.server.BrokerServer)
stream-state-bench-kafka  | [2026-07-15 22:42:53,841] INFO KafkaConfig values: 
stream-state-bench-kafka  | 	add.partitions.to.txn.retry.backoff.max.ms = 100
stream-state-bench-kafka  | 	add.partitions.to.txn.retry.backoff.ms = 20
stream-state-bench-kafka  | 	advertised.listeners = [PLAINTEXT://kafka:9092]
stream-state-bench-kafka  | 	alter.config.policy.class.name = null
stream-state-bench-kafka  | 	alter.log.dirs.replication.quota.window.num = 11
stream-state-bench-kafka  | 	alter.log.dirs.replication.quota.window.size.seconds = 1
stream-state-bench-kafka  | 	authorizer.class.name = 
stream-state-bench-kafka  | 	auto.create.topics.enable = false
stream-state-bench-kafka  | 	auto.leader.rebalance.enable = true
stream-state-bench-kafka  | 	background.threads = 10
stream-state-bench-kafka  | 	broker.heartbeat.interval.ms = 2000
stream-state-bench-kafka  | 	broker.id = 1
stream-state-bench-kafka  | 	broker.rack = null
stream-state-bench-kafka  | 	broker.session.timeout.ms = 9000
stream-state-bench-kafka  | 	client.quota.callback.class = null
stream-state-bench-kafka  | 	compression.gzip.level = -1
stream-state-bench-kafka  | 	compression.lz4.level = 9
stream-state-bench-kafka  | 	compression.type = producer
stream-state-bench-kafka  | 	compression.zstd.level = 3
stream-state-bench-kafka  | 	config.providers = []
stream-state-bench-kafka  | 	connection.failed.authentication.delay.ms = 100
stream-state-bench-kafka  | 	connections.max.idle.ms = 600000
stream-state-bench-kafka  | 	connections.max.reauth.ms = 0
stream-state-bench-kafka  | 	controlled.shutdown.enable = true
stream-state-bench-kafka  | 	controller.listener.names = [CONTROLLER]
stream-state-bench-kafka  | 	controller.performance.always.log.threshold.ms = 2000
stream-state-bench-kafka  | 	controller.performance.sample.period.ms = 60000
stream-state-bench-kafka  | 	controller.quorum.append.linger.ms = 25
stream-state-bench-kafka  | 	controller.quorum.auto.join.enable = false
stream-state-bench-kafka  | 	controller.quorum.bootstrap.servers = []
stream-state-bench-kafka  | 	controller.quorum.election.backoff.max.ms = 1000
stream-state-bench-kafka  | 	controller.quorum.election.timeout.ms = 1000
stream-state-bench-kafka  | 	controller.quorum.fetch.max.bytes = 1048576
stream-state-bench-kafka  | 	controller.quorum.fetch.snapshot.max.bytes = 1048576
stream-state-bench-kafka  | 	controller.quorum.fetch.timeout.ms = 2000
stream-state-bench-kafka  | 	controller.quorum.request.timeout.ms = 2000
stream-state-bench-kafka  | 	controller.quorum.retry.backoff.ms = 20
stream-state-bench-kafka  | 	controller.quorum.voters = [1@kafka:9093]
stream-state-bench-kafka  | 	controller.quota.window.num = 11
stream-state-bench-kafka  | 	controller.quota.window.size.seconds = 1
stream-state-bench-kafka  | 	controller.socket.timeout.ms = 30000
stream-state-bench-kafka  | 	cordoned.log.dirs = []
stream-state-bench-kafka  | 	create.topic.policy.class.name = null
stream-state-bench-kafka  | 	default.replication.factor = 1
stream-state-bench-kafka  | 	delegation.token.expiry.check.interval.ms = 3600000
stream-state-bench-kafka  | 	delegation.token.expiry.time.ms = 86400000
stream-state-bench-kafka  | 	delegation.token.max.lifetime.ms = 604800000
stream-state-bench-kafka  | 	delegation.token.secret.key = null
stream-state-bench-kafka  | 	delete.records.purgatory.purge.interval.requests = 1
stream-state-bench-kafka  | 	delete.topic.enable = true
stream-state-bench-kafka  | 	early.start.listeners = null
stream-state-bench-kafka  | 	fetch.max.bytes = 57671680
stream-state-bench-kafka  | 	fetch.purgatory.purge.interval.requests = 1000
stream-state-bench-kafka  | 	follower.fetch.last.tiered.offset.enable = false
stream-state-bench-kafka  | 	group.consumer.assignment.interval.ms = 1000
stream-state-bench-kafka  | 	group.consumer.assignors = [uniform, range]
stream-state-bench-kafka  | 	group.consumer.heartbeat.interval.ms = 5000
stream-state-bench-kafka  | 	group.consumer.max.assignment.interval.ms = 15000
stream-state-bench-kafka  | 	group.consumer.max.heartbeat.interval.ms = 15000
stream-state-bench-kafka  | 	group.consumer.max.session.timeout.ms = 60000
stream-state-bench-kafka  | 	group.consumer.max.size = 2147483647
stream-state-bench-kafka  | 	group.consumer.migration.policy = bidirectional
stream-state-bench-kafka  | 	group.consumer.min.assignment.interval.ms = 0
stream-state-bench-kafka  | 	group.consumer.min.heartbeat.interval.ms = 5000
stream-state-bench-kafka  | 	group.consumer.min.session.timeout.ms = 45000
stream-state-bench-kafka  | 	group.consumer.regex.refresh.interval.ms = 600000
stream-state-bench-kafka  | 	group.consumer.session.timeout.ms = 45000
stream-state-bench-kafka  | 	group.coordinator.append.linger.ms = -1
stream-state-bench-kafka  | 	group.coordinator.background.threads = 2
stream-state-bench-kafka  | 	group.coordinator.cached.buffer.max.bytes = 1048588
stream-state-bench-kafka  | 	group.coordinator.rebalance.protocols = [classic, consumer, streams]
stream-state-bench-kafka  | 	group.coordinator.threads = 4
stream-state-bench-kafka  | 	group.initial.rebalance.delay.ms = 0
stream-state-bench-kafka  | 	group.max.session.timeout.ms = 1800000
stream-state-bench-kafka  | 	group.max.size = 2147483647
stream-state-bench-kafka  | 	group.min.session.timeout.ms = 6000
stream-state-bench-kafka  | 	group.share.assignment.interval.ms = 1000
stream-state-bench-kafka  | 	group.share.assignors = [simple]
stream-state-bench-kafka  | 	group.share.delivery.count.limit = 5
stream-state-bench-kafka  | 	group.share.heartbeat.interval.ms = 5000
stream-state-bench-kafka  | 	group.share.initialize.retry.interval.ms = 30000
stream-state-bench-kafka  | 	group.share.max.assignment.interval.ms = 15000
stream-state-bench-kafka  | 	group.share.max.delivery.count.limit = 10
stream-state-bench-kafka  | 	group.share.max.heartbeat.interval.ms = 15000
stream-state-bench-kafka  | 	group.share.max.partition.max.record.locks = 4000
stream-state-bench-kafka  | 	group.share.max.record.lock.duration.ms = 60000
stream-state-bench-kafka  | 	group.share.max.session.timeout.ms = 60000
stream-state-bench-kafka  | 	group.share.max.share.sessions = 2000
stream-state-bench-kafka  | 	group.share.max.size = 200
stream-state-bench-kafka  | 	group.share.min.assignment.interval.ms = 0
stream-state-bench-kafka  | 	group.share.min.delivery.count.limit = 2
stream-state-bench-kafka  | 	group.share.min.heartbeat.interval.ms = 5000
stream-state-bench-kafka  | 	group.share.min.partition.max.record.locks = 100
stream-state-bench-kafka  | 	group.share.min.record.lock.duration.ms = 15000
stream-state-bench-kafka  | 	group.share.min.session.timeout.ms = 45000
stream-state-bench-kafka  | 	group.share.partition.max.record.locks = 2000
stream-state-bench-kafka  | 	group.share.persister.class.name = org.apache.kafka.server.share.persister.DefaultStatePersister
stream-state-bench-kafka  | 	group.share.record.lock.duration.ms = 30000
stream-state-bench-kafka  | 	group.share.session.timeout.ms = 45000
stream-state-bench-kafka  | 	group.streams.assignment.interval.ms = 1000
stream-state-bench-kafka  | 	group.streams.heartbeat.interval.ms = 5000
stream-state-bench-kafka  | 	group.streams.initial.rebalance.delay.ms = 3000
stream-state-bench-kafka  | 	group.streams.max.assignment.interval.ms = 15000
stream-state-bench-kafka  | 	group.streams.max.heartbeat.interval.ms = 15000
stream-state-bench-kafka  | 	group.streams.max.session.timeout.ms = 60000
stream-state-bench-kafka  | 	group.streams.max.size = 2147483647
stream-state-bench-kafka  | 	group.streams.max.standby.replicas = 2
stream-state-bench-kafka  | 	group.streams.min.assignment.interval.ms = 0
stream-state-bench-kafka  | 	group.streams.min.heartbeat.interval.ms = 5000
stream-state-bench-kafka  | 	group.streams.min.session.timeout.ms = 45000
stream-state-bench-kafka  | 	group.streams.num.standby.replicas = 0
stream-state-bench-kafka  | 	group.streams.session.timeout.ms = 45000
stream-state-bench-kafka  | 	initial.broker.registration.timeout.ms = 60000
stream-state-bench-kafka  | 	inter.broker.listener.name = null
stream-state-bench-kafka  | 	internal.metadata.delete.delay.millis = 60000
stream-state-bench-kafka  | 	internal.metadata.log.segment.bytes = null
stream-state-bench-kafka  | 	internal.metadata.max.batch.size.in.bytes = 8388608
stream-state-bench-kafka  | 	kafka.metrics.polling.interval.secs = 10
stream-state-bench-kafka  | 	kafka.metrics.reporters = []
stream-state-bench-kafka  | 	leader.imbalance.check.interval.seconds = 300
stream-state-bench-kafka  | 	listener.security.protocol.map = CONTROLLER:PLAINTEXT,PLAINTEXT:PLAINTEXT
stream-state-bench-kafka  | 	listeners = [PLAINTEXT://:9092, CONTROLLER://:9093]
stream-state-bench-kafka  | 	log.cleaner.backoff.ms = 15000
stream-state-bench-kafka  | 	log.cleaner.dedupe.buffer.size = 134217728
stream-state-bench-kafka  | 	log.cleaner.delete.retention.ms = 86400000
stream-state-bench-kafka  | 	log.cleaner.enable = true
stream-state-bench-kafka  | 	log.cleaner.io.buffer.load.factor = 0.9
stream-state-bench-kafka  | 	log.cleaner.io.buffer.size = 524288
stream-state-bench-kafka  | 	log.cleaner.io.max.bytes.per.second = 1.7976931348623157E308
stream-state-bench-kafka  | 	log.cleaner.max.compaction.lag.ms = 9223372036854775807
stream-state-bench-kafka  | 	log.cleaner.min.cleanable.ratio = 0.5
stream-state-bench-kafka  | 	log.cleaner.min.compaction.lag.ms = 0
stream-state-bench-kafka  | 	log.cleaner.threads = 1
stream-state-bench-kafka  | 	log.cleanup.policy = [delete]
stream-state-bench-kafka  | 	log.dir = [/tmp/kafka-logs]
stream-state-bench-kafka  | 	log.dir.failure.timeout.ms = 30000
stream-state-bench-kafka  | 	log.dirs = null
stream-state-bench-kafka  | 	log.flush.interval.messages = 9223372036854775807
stream-state-bench-kafka  | 	log.flush.interval.ms = null
stream-state-bench-kafka  | 	log.flush.offset.checkpoint.interval.ms = 60000
stream-state-bench-kafka  | 	log.flush.scheduler.interval.ms = 9223372036854775807
stream-state-bench-kafka  | 	log.flush.start.offset.checkpoint.interval.ms = 60000
stream-state-bench-kafka  | 	log.index.interval.bytes = 4096
stream-state-bench-kafka  | 	log.index.size.max.bytes = 10485760
stream-state-bench-kafka  | 	log.initial.task.delay.ms = 30000
stream-state-bench-kafka  | 	log.local.retention.bytes = -2
stream-state-bench-kafka  | 	log.local.retention.ms = -2
stream-state-bench-kafka  | 	log.message.timestamp.after.max.ms = 3600000
stream-state-bench-kafka  | 	log.message.timestamp.before.max.ms = 9223372036854775807
stream-state-bench-kafka  | 	log.message.timestamp.type = CreateTime
stream-state-bench-kafka  | 	log.preallocate = false
stream-state-bench-kafka  | 	log.retention.bytes = -1
stream-state-bench-kafka  | 	log.retention.check.interval.ms = 300000
stream-state-bench-kafka  | 	log.retention.hours = 168
stream-state-bench-kafka  | 	log.retention.minutes = null
stream-state-bench-kafka  | 	log.retention.ms = null
stream-state-bench-kafka  | 	log.roll.hours = 168
stream-state-bench-kafka  | 	log.roll.jitter.hours = 0
stream-state-bench-kafka  | 	log.roll.jitter.ms = null
stream-state-bench-kafka  | 	log.roll.ms = null
stream-state-bench-kafka  | 	log.segment.bytes = 1073741824
stream-state-bench-kafka  | 	log.segment.delete.delay.ms = 60000
stream-state-bench-kafka  | 	max.connection.creation.rate = 2147483647
stream-state-bench-kafka  | 	max.connections = 2147483647
stream-state-bench-kafka  | 	max.connections.per.ip = 2147483647
stream-state-bench-kafka  | 	max.connections.per.ip.overrides = 
stream-state-bench-kafka  | 	max.incremental.fetch.session.cache.slots = 1000
stream-state-bench-kafka  | 	max.request.partition.size.limit = 2000
stream-state-bench-kafka  | 	message.max.bytes = 1048588
stream-state-bench-kafka  | 	metadata.log.dir = null
stream-state-bench-kafka  | 	metadata.log.max.record.bytes.between.snapshots = 20971520
stream-state-bench-kafka  | 	metadata.log.max.snapshot.interval.ms = 3600000
stream-state-bench-kafka  | 	metadata.log.segment.bytes = 1073741824
stream-state-bench-kafka  | 	metadata.log.segment.ms = 604800000
stream-state-bench-kafka  | 	metadata.max.idle.interval.ms = 500
stream-state-bench-kafka  | 	metadata.max.retention.bytes = 104857600
stream-state-bench-kafka  | 	metadata.max.retention.ms = 604800000
stream-state-bench-kafka  | 	metric.reporters = [org.apache.kafka.common.metrics.JmxReporter]
stream-state-bench-kafka  | 	metrics.num.samples = 2
stream-state-bench-kafka  | 	metrics.recording.level = INFO
stream-state-bench-kafka  | 	metrics.sample.window.ms = 30000
stream-state-bench-kafka  | 	min.insync.replicas = 1
stream-state-bench-kafka  | 	node.id = 1
stream-state-bench-kafka  | 	num.io.threads = 8
stream-state-bench-kafka  | 	num.network.threads = 3
stream-state-bench-kafka  | 	num.partitions = 1
stream-state-bench-kafka  | 	num.recovery.threads.per.data.dir = 2
stream-state-bench-kafka  | 	num.replica.alter.log.dirs.threads = null
stream-state-bench-kafka  | 	num.replica.fetchers = 1
stream-state-bench-kafka  | 	offset.metadata.max.bytes = 4096
stream-state-bench-kafka  | 	offsets.commit.timeout.ms = 5000
stream-state-bench-kafka  | 	offsets.load.buffer.size = 5242880
stream-state-bench-kafka  | 	offsets.retention.check.interval.ms = 600000
stream-state-bench-kafka  | 	offsets.retention.minutes = 10080
stream-state-bench-kafka  | 	offsets.topic.compression.codec = 0
stream-state-bench-kafka  | 	offsets.topic.num.partitions = 50
stream-state-bench-kafka  | 	offsets.topic.replication.factor = 1
stream-state-bench-kafka  | 	offsets.topic.segment.bytes = 104857600
stream-state-bench-kafka  | 	principal.builder.class = class org.apache.kafka.common.security.authenticator.DefaultKafkaPrincipalBuilder
stream-state-bench-kafka  | 	process.roles = [broker, controller]
stream-state-bench-kafka  | 	producer.id.expiration.check.interval.ms = 600000
stream-state-bench-kafka  | 	producer.id.expiration.ms = 86400000
stream-state-bench-kafka  | 	producer.purgatory.purge.interval.requests = 1000
stream-state-bench-kafka  | 	queued.max.request.bytes = -1
stream-state-bench-kafka  | 	queued.max.requests = 500
stream-state-bench-kafka  | 	quota.window.num = 11
stream-state-bench-kafka  | 	quota.window.size.seconds = 1
stream-state-bench-kafka  | 	remote.fetch.max.wait.ms = 500
stream-state-bench-kafka  | 	remote.list.offsets.request.timeout.ms = 30000
stream-state-bench-kafka  | 	remote.log.index.file.cache.total.size.bytes = 1073741824
stream-state-bench-kafka  | 	remote.log.index.file.cache.ttl.ms = 900000
stream-state-bench-kafka  | 	remote.log.manager.copier.thread.pool.size = 10
stream-state-bench-kafka  | 	remote.log.manager.copy.max.bytes.per.second = 9223372036854775807
stream-state-bench-kafka  | 	remote.log.manager.copy.quota.window.num = 11
stream-state-bench-kafka  | 	remote.log.manager.copy.quota.window.size.seconds = 1
stream-state-bench-kafka  | 	remote.log.manager.expiration.thread.pool.size = 10
stream-state-bench-kafka  | 	remote.log.manager.fetch.max.bytes.per.second = 9223372036854775807
stream-state-bench-kafka  | 	remote.log.manager.fetch.quota.window.num = 11
stream-state-bench-kafka  | 	remote.log.manager.fetch.quota.window.size.seconds = 1
stream-state-bench-kafka  | 	remote.log.manager.follower.thread.pool.size = 2
stream-state-bench-kafka  | 	remote.log.manager.task.interval.ms = 30000
stream-state-bench-kafka  | 	remote.log.manager.task.retry.backoff.max.ms = 30000
stream-state-bench-kafka  | 	remote.log.manager.task.retry.backoff.ms = 500
stream-state-bench-kafka  | 	remote.log.manager.task.retry.jitter = 0.2
stream-state-bench-kafka  | 	remote.log.manager.thread.pool.size = 2
stream-state-bench-kafka  | 	remote.log.metadata.custom.metadata.max.bytes = 128
stream-state-bench-kafka  | 	remote.log.metadata.manager.class.name = org.apache.kafka.server.log.remote.metadata.storage.TopicBasedRemoteLogMetadataManager
stream-state-bench-kafka  | 	remote.log.metadata.manager.class.path = null
stream-state-bench-kafka  | 	remote.log.metadata.manager.impl.prefix = rlmm.config.
stream-state-bench-kafka  | 	remote.log.metadata.manager.listener.name = null
stream-state-bench-kafka  | 	remote.log.reader.max.pending.tasks = 100
stream-state-bench-kafka  | 	remote.log.reader.threads = 10
stream-state-bench-kafka  | 	remote.log.storage.manager.class.name = null
stream-state-bench-kafka  | 	remote.log.storage.manager.class.path = null
stream-state-bench-kafka  | 	remote.log.storage.manager.impl.prefix = rsm.config.
stream-state-bench-kafka  | 	remote.log.storage.system.enable = false
stream-state-bench-kafka  | 	replica.fetch.backoff.ms = 1000
stream-state-bench-kafka  | 	replica.fetch.max.bytes = 1048576
stream-state-bench-kafka  | 	replica.fetch.min.bytes = 1
stream-state-bench-kafka  | 	replica.fetch.response.max.bytes = 10485760
stream-state-bench-kafka  | 	replica.fetch.wait.max.ms = 500
stream-state-bench-kafka  | 	replica.high.watermark.checkpoint.interval.ms = 5000
stream-state-bench-kafka  | 	replica.lag.time.max.ms = 30000
stream-state-bench-kafka  | 	replica.selector.class = null
stream-state-bench-kafka  | 	replica.socket.receive.buffer.bytes = 65536
stream-state-bench-kafka  | 	replica.socket.timeout.ms = 30000
stream-state-bench-kafka  | 	replication.quota.window.num = 11
stream-state-bench-kafka  | 	replication.quota.window.size.seconds = 1
stream-state-bench-kafka  | 	request.timeout.ms = 30000
stream-state-bench-kafka  | 	sasl.client.callback.handler.class = null
stream-state-bench-kafka  | 	sasl.enabled.mechanisms = [GSSAPI]
stream-state-bench-kafka  | 	sasl.jaas.config = null
stream-state-bench-kafka  | 	sasl.kerberos.kinit.cmd = /usr/bin/kinit
stream-state-bench-kafka  | 	sasl.kerberos.min.time.before.relogin = 60000
stream-state-bench-kafka  | 	sasl.kerberos.principal.to.local.rules = [DEFAULT]
stream-state-bench-kafka  | 	sasl.kerberos.service.name = null
stream-state-bench-kafka  | 	sasl.kerberos.ticket.renew.jitter = 0.05
stream-state-bench-kafka  | 	sasl.kerberos.ticket.renew.window.factor = 0.8
stream-state-bench-kafka  | 	sasl.login.callback.handler.class = null
stream-state-bench-kafka  | 	sasl.login.class = null
stream-state-bench-kafka  | 	sasl.login.connect.timeout.ms = null
stream-state-bench-kafka  | 	sasl.login.read.timeout.ms = null
stream-state-bench-kafka  | 	sasl.login.refresh.buffer.seconds = 300
stream-state-bench-kafka  | 	sasl.login.refresh.min.period.seconds = 60
stream-state-bench-kafka  | 	sasl.login.refresh.window.factor = 0.8
stream-state-bench-kafka  | 	sasl.login.refresh.window.jitter = 0.05
stream-state-bench-kafka  | 	sasl.login.retry.backoff.max.ms = 10000
stream-state-bench-kafka  | 	sasl.login.retry.backoff.ms = 100
stream-state-bench-kafka  | 	sasl.mechanism.controller.protocol = GSSAPI
stream-state-bench-kafka  | 	sasl.mechanism.inter.broker.protocol = GSSAPI
stream-state-bench-kafka  | 	sasl.oauthbearer.assertion.algorithm = RS256
stream-state-bench-kafka  | 	sasl.oauthbearer.assertion.claim.aud = null
stream-state-bench-kafka  | 	sasl.oauthbearer.assertion.claim.exp.seconds = 300
stream-state-bench-kafka  | 	sasl.oauthbearer.assertion.claim.iss = null
stream-state-bench-kafka  | 	sasl.oauthbearer.assertion.claim.jti.include = false
stream-state-bench-kafka  | 	sasl.oauthbearer.assertion.claim.nbf.seconds = 60
stream-state-bench-kafka  | 	sasl.oauthbearer.assertion.claim.sub = null
stream-state-bench-kafka  | 	sasl.oauthbearer.assertion.file = null
stream-state-bench-kafka  | 	sasl.oauthbearer.assertion.private.key.file = null
stream-state-bench-kafka  | 	sasl.oauthbearer.assertion.private.key.passphrase = null
stream-state-bench-kafka  | 	sasl.oauthbearer.assertion.template.file = null
stream-state-bench-kafka  | 	sasl.oauthbearer.client.credentials.client.id = null
stream-state-bench-kafka  | 	sasl.oauthbearer.client.credentials.client.secret = null
stream-state-bench-kafka  | 	sasl.oauthbearer.clock.skew.seconds = 30
stream-state-bench-kafka  | 	sasl.oauthbearer.expected.audience = []
stream-state-bench-kafka  | 	sasl.oauthbearer.expected.issuer = null
stream-state-bench-kafka  | 	sasl.oauthbearer.jwks.endpoint.refresh.ms = 3600000
stream-state-bench-kafka  | 	sasl.oauthbearer.jwks.endpoint.retry.backoff.max.ms = 10000
stream-state-bench-kafka  | 	sasl.oauthbearer.jwks.endpoint.retry.backoff.ms = 100
stream-state-bench-kafka  | 	sasl.oauthbearer.jwks.endpoint.url = null
stream-state-bench-kafka  | 	sasl.oauthbearer.jwt.retriever.class = class org.apache.kafka.common.security.oauthbearer.DefaultJwtRetriever
stream-state-bench-kafka  | 	sasl.oauthbearer.jwt.validator.class = class org.apache.kafka.common.security.oauthbearer.DefaultJwtValidator
stream-state-bench-kafka  | 	sasl.oauthbearer.scope = null
stream-state-bench-kafka  | 	sasl.oauthbearer.scope.claim.name = scope
stream-state-bench-kafka  | 	sasl.oauthbearer.sub.claim.name = sub
stream-state-bench-kafka  | 	sasl.oauthbearer.token.endpoint.url = null
stream-state-bench-kafka  | 	sasl.server.callback.handler.class = null
stream-state-bench-kafka  | 	sasl.server.max.receive.size = 524288
stream-state-bench-kafka  | 	security.inter.broker.protocol = PLAINTEXT
stream-state-bench-kafka  | 	security.providers = null
stream-state-bench-kafka  | 	server.max.startup.time.ms = 9223372036854775807
stream-state-bench-kafka  | 	share.coordinator.append.linger.ms = -1
stream-state-bench-kafka  | 	share.coordinator.cached.buffer.max.bytes = 1048588
stream-state-bench-kafka  | 	share.coordinator.cold.partition.snapshot.interval.ms = 300000
stream-state-bench-kafka  | 	share.coordinator.load.buffer.size = 5242880
stream-state-bench-kafka  | 	share.coordinator.snapshot.update.records.per.snapshot = 500
stream-state-bench-kafka  | 	share.coordinator.state.topic.compression.codec = 0
stream-state-bench-kafka  | 	share.coordinator.state.topic.min.isr = 2
stream-state-bench-kafka  | 	share.coordinator.state.topic.num.partitions = 50
stream-state-bench-kafka  | 	share.coordinator.state.topic.prune.interval.ms = 300000
stream-state-bench-kafka  | 	share.coordinator.state.topic.replication.factor = 3
stream-state-bench-kafka  | 	share.coordinator.state.topic.segment.bytes = 104857600
stream-state-bench-kafka  | 	share.coordinator.threads = 1
stream-state-bench-kafka  | 	share.coordinator.write.timeout.ms = 5000
stream-state-bench-kafka  | 	share.fetch.purgatory.purge.interval.requests = 1000
stream-state-bench-kafka  | 	socket.connection.setup.timeout.max.ms = 30000
stream-state-bench-kafka  | 	socket.connection.setup.timeout.ms = 10000
stream-state-bench-kafka  | 	socket.listen.backlog.size = 50
stream-state-bench-kafka  | 	socket.receive.buffer.bytes = 102400
stream-state-bench-kafka  | 	socket.request.max.bytes = 104857600
stream-state-bench-kafka  | 	socket.send.buffer.bytes = 102400
stream-state-bench-kafka  | 	ssl.allow.dn.changes = false
stream-state-bench-kafka  | 	ssl.allow.san.changes = false
stream-state-bench-kafka  | 	ssl.cipher.suites = []
stream-state-bench-kafka  | 	ssl.client.auth = none
stream-state-bench-kafka  | 	ssl.enabled.protocols = [TLSv1.2, TLSv1.3]
stream-state-bench-kafka  | 	ssl.endpoint.identification.algorithm = https
stream-state-bench-kafka  | 	ssl.engine.factory.class = null
stream-state-bench-kafka  | 	ssl.key.password = null
stream-state-bench-kafka  | 	ssl.keymanager.algorithm = SunX509
stream-state-bench-kafka  | 	ssl.keystore.certificate.chain = null
stream-state-bench-kafka  | 	ssl.keystore.key = null
stream-state-bench-kafka  | 	ssl.keystore.location = null
stream-state-bench-kafka  | 	ssl.keystore.password = null
stream-state-bench-kafka  | 	ssl.keystore.type = JKS
stream-state-bench-kafka  | 	ssl.principal.mapping.rules = DEFAULT
stream-state-bench-kafka  | 	ssl.protocol = TLSv1.3
stream-state-bench-kafka  | 	ssl.provider = null
stream-state-bench-kafka  | 	ssl.secure.random.implementation = null
stream-state-bench-kafka  | 	ssl.trustmanager.algorithm = PKIX
stream-state-bench-kafka  | 	ssl.truststore.certificates = null
stream-state-bench-kafka  | 	ssl.truststore.location = null
stream-state-bench-kafka  | 	ssl.truststore.password = null
stream-state-bench-kafka  | 	ssl.truststore.type = JKS
stream-state-bench-kafka  | 	telemetry.max.bytes = 1048576
stream-state-bench-kafka  | 	transaction.abort.timed.out.transaction.cleanup.interval.ms = 10000
stream-state-bench-kafka  | 	transaction.max.timeout.ms = 900000
stream-state-bench-kafka  | 	transaction.partition.verification.enable = true
stream-state-bench-kafka  | 	transaction.remove.expired.transaction.cleanup.interval.ms = 3600000
stream-state-bench-kafka  | 	transaction.state.log.load.buffer.size = 5242880
stream-state-bench-kafka  | 	transaction.state.log.min.isr = 1
stream-state-bench-kafka  | 	transaction.state.log.num.partitions = 50
stream-state-bench-kafka  | 	transaction.state.log.replication.factor = 1
stream-state-bench-kafka  | 	transaction.state.log.segment.bytes = 104857600
stream-state-bench-kafka  | 	transaction.two.phase.commit.enable = false
stream-state-bench-kafka  | 	transactional.id.expiration.ms = 604800000
stream-state-bench-kafka  | 	unclean.leader.election.enable = false
stream-state-bench-kafka  | 	unclean.leader.election.interval.ms = 300000
stream-state-bench-kafka  | 	unstable.api.versions.enable = false
stream-state-bench-kafka  | 	unstable.feature.versions.enable = false
stream-state-bench-kafka  |  (org.apache.kafka.common.config.AbstractConfig)
stream-state-bench-kafka  | [2026-07-15 22:42:53,843] INFO [BrokerServer id=1] Waiting for the broker to be unfenced (kafka.server.BrokerServer)
stream-state-bench-kafka  | [2026-07-15 22:42:53,872] INFO [BrokerLifecycleManager id=1] The broker has been unfenced. Transitioning from RECOVERY to RUNNING. (org.apache.kafka.server.BrokerLifecycleManager)
stream-state-bench-kafka  | [2026-07-15 22:42:53,873] INFO [BrokerServer id=1] Finished waiting for the broker to be unfenced (kafka.server.BrokerServer)
stream-state-bench-kafka  | [2026-07-15 22:42:53,873] INFO authorizerStart completed for endpoint PLAINTEXT. Endpoint is now READY. (org.apache.kafka.server.network.EndpointReadyFutures)
stream-state-bench-kafka  | [2026-07-15 22:42:53,874] INFO [SocketServer listenerType=BROKER, nodeId=1] Enabling request processing. (kafka.network.SocketServer)
stream-state-bench-kafka  | [2026-07-15 22:42:53,874] INFO Awaiting socket connections on 0.0.0.0:9092. (kafka.network.DataPlaneAcceptor)
stream-state-bench-kafka  | [2026-07-15 22:42:53,875] INFO [BrokerServer id=1] Waiting for all of the authorizer futures to be completed (kafka.server.BrokerServer)
stream-state-bench-kafka  | [2026-07-15 22:42:53,875] INFO [BrokerServer id=1] Finished waiting for all of the authorizer futures to be completed (kafka.server.BrokerServer)
stream-state-bench-kafka  | [2026-07-15 22:42:53,875] INFO [BrokerServer id=1] Waiting for all of the SocketServer Acceptors to be started (kafka.server.BrokerServer)
stream-state-bench-kafka  | [2026-07-15 22:42:53,875] INFO [BrokerServer id=1] Finished waiting for all of the SocketServer Acceptors to be started (kafka.server.BrokerServer)
stream-state-bench-kafka  | [2026-07-15 22:42:53,875] INFO [BrokerServer id=1] Transition from STARTING to STARTED (kafka.server.BrokerServer)
stream-state-bench-kafka  | [2026-07-15 22:42:53,876] INFO Kafka version: 4.3.1 (org.apache.kafka.common.utils.AppInfoParser)
stream-state-bench-kafka  | [2026-07-15 22:42:53,876] INFO Kafka commitId: 26b251a451ce941d (org.apache.kafka.common.utils.AppInfoParser)
stream-state-bench-kafka  | [2026-07-15 22:42:53,876] INFO Kafka startTimeMs: 1784155373875 (org.apache.kafka.common.utils.AppInfoParser)
stream-state-bench-kafka  | [2026-07-15 22:42:53,877] INFO [KafkaRaftServer nodeId=1] Kafka Server started (kafka.server.KafkaRaftServer)
stream-state-bench-kafka  | [2026-07-15 22:42:56,097] INFO [ReplicaFetcherManager on broker 1] Removed fetcher for partitions Set(bench-w5-latency-input-0) (kafka.server.ReplicaFetcherManager)
stream-state-bench-kafka  | [2026-07-15 22:42:56,114] INFO [LogLoader partition=bench-w5-latency-input-0, dir=/tmp/kafka-logs] Loading producer state till offset 0 (org.apache.kafka.storage.internals.log.UnifiedLog)
stream-state-bench-kafka  | [2026-07-15 22:42:56,116] INFO Created log for partition bench-w5-latency-input-0 in /tmp/kafka-logs/bench-w5-latency-input-0 with properties {} (kafka.log.LogManager)
stream-state-bench-kafka  | [2026-07-15 22:42:56,118] INFO [Partition bench-w5-latency-input-0 broker=1] No checkpointed highwatermark is found for partition bench-w5-latency-input-0 (kafka.cluster.Partition)
stream-state-bench-kafka  | [2026-07-15 22:42:56,119] INFO [Partition bench-w5-latency-input-0 broker=1] Log loaded for partition bench-w5-latency-input-0 with initial high watermark 0 (kafka.cluster.Partition)
stream-state-bench-kafka  | [2026-07-15 22:42:57,731] INFO [ReplicaFetcherManager on broker 1] Removed fetcher for partitions Set(bench-w5-latency-left-input-0) (kafka.server.ReplicaFetcherManager)
stream-state-bench-kafka  | [2026-07-15 22:42:57,735] INFO [LogLoader partition=bench-w5-latency-left-input-0, dir=/tmp/kafka-logs] Loading producer state till offset 0 (org.apache.kafka.storage.internals.log.UnifiedLog)
stream-state-bench-kafka  | [2026-07-15 22:42:57,736] INFO Created log for partition bench-w5-latency-left-input-0 in /tmp/kafka-logs/bench-w5-latency-left-input-0 with properties {} (kafka.log.LogManager)
stream-state-bench-kafka  | [2026-07-15 22:42:57,736] INFO [Partition bench-w5-latency-left-input-0 broker=1] No checkpointed highwatermark is found for partition bench-w5-latency-left-input-0 (kafka.cluster.Partition)
stream-state-bench-kafka  | [2026-07-15 22:42:57,736] INFO [Partition bench-w5-latency-left-input-0 broker=1] Log loaded for partition bench-w5-latency-left-input-0 with initial high watermark 0 (kafka.cluster.Partition)
stream-state-bench-kafka  | [2026-07-15 22:42:59,356] INFO [ReplicaFetcherManager on broker 1] Removed fetcher for partitions Set(bench-w5-latency-right-input-0) (kafka.server.ReplicaFetcherManager)
stream-state-bench-kafka  | [2026-07-15 22:42:59,360] INFO [LogLoader partition=bench-w5-latency-right-input-0, dir=/tmp/kafka-logs] Loading producer state till offset 0 (org.apache.kafka.storage.internals.log.UnifiedLog)
stream-state-bench-kafka  | [2026-07-15 22:42:59,360] INFO Created log for partition bench-w5-latency-right-input-0 in /tmp/kafka-logs/bench-w5-latency-right-input-0 with properties {} (kafka.log.LogManager)
stream-state-bench-kafka  | [2026-07-15 22:42:59,361] INFO [Partition bench-w5-latency-right-input-0 broker=1] No checkpointed highwatermark is found for partition bench-w5-latency-right-input-0 (kafka.cluster.Partition)
stream-state-bench-kafka  | [2026-07-15 22:42:59,361] INFO [Partition bench-w5-latency-right-input-0 broker=1] Log loaded for partition bench-w5-latency-right-input-0 with initial high watermark 0 (kafka.cluster.Partition)
stream-state-bench-kafka  | [2026-07-15 22:43:00,933] INFO [ReplicaFetcherManager on broker 1] Removed fetcher for partitions Set(bench-w5-latency-output-0) (kafka.server.ReplicaFetcherManager)
stream-state-bench-kafka  | [2026-07-15 22:43:00,937] INFO [LogLoader partition=bench-w5-latency-output-0, dir=/tmp/kafka-logs] Loading producer state till offset 0 (org.apache.kafka.storage.internals.log.UnifiedLog)
stream-state-bench-kafka  | [2026-07-15 22:43:00,937] INFO Created log for partition bench-w5-latency-output-0 in /tmp/kafka-logs/bench-w5-latency-output-0 with properties {} (kafka.log.LogManager)
stream-state-bench-kafka  | [2026-07-15 22:43:00,938] INFO [Partition bench-w5-latency-output-0 broker=1] No checkpointed highwatermark is found for partition bench-w5-latency-output-0 (kafka.cluster.Partition)
stream-state-bench-kafka  | [2026-07-15 22:43:00,938] INFO [Partition bench-w5-latency-output-0 broker=1] Log loaded for partition bench-w5-latency-output-0 with initial high watermark 0 (kafka.cluster.Partition)
stream-state-bench-kafka  | [2026-07-15 22:43:03,033] INFO Sent auto-creation request for Set(__consumer_offsets) to the active controller. (kafka.server.DefaultAutoTopicCreationManager)
stream-state-bench-kafka  | [2026-07-15 22:43:03,066] INFO [ReplicaFetcherManager on broker 1] Removed fetcher for partitions Set(__consumer_offsets-13, __consumer_offsets-46, __consumer_offsets-9, __consumer_offsets-42, __consumer_offsets-21, __consumer_offsets-17, __consumer_offsets-30, __consumer_offsets-26, __consumer_offsets-5, __consumer_offsets-38, __consumer_offsets-1, __consumer_offsets-34, __consumer_offsets-16, __consumer_offsets-45, __consumer_offsets-12, __consumer_offsets-41, __consumer_offsets-24, __consumer_offsets-20, __consumer_offsets-49, __consumer_offsets-0, __consumer_offsets-29, __consumer_offsets-25, __consumer_offsets-8, __consumer_offsets-37, __consumer_offsets-4, __consumer_offsets-33, __consumer_offsets-15, __consumer_offsets-48, __consumer_offsets-11, __consumer_offsets-44, __consumer_offsets-23, __consumer_offsets-19, __consumer_offsets-32, __consumer_offsets-28, __consumer_offsets-7, __consumer_offsets-40, __consumer_offsets-3, __consumer_offsets-36, __consumer_offsets-47, __consumer_offsets-14, __consumer_offsets-43, __consumer_offsets-10, __consumer_offsets-22, __consumer_offsets-18, __consumer_offsets-31, __consumer_offsets-27, __consumer_offsets-39, __consumer_offsets-6, __consumer_offsets-35, __consumer_offsets-2) (kafka.server.ReplicaFetcherManager)
stream-state-bench-kafka  | [2026-07-15 22:43:03,070] INFO [LogLoader partition=__consumer_offsets-13, dir=/tmp/kafka-logs] Loading producer state till offset 0 (org.apache.kafka.storage.internals.log.UnifiedLog)
stream-state-bench-kafka  | [2026-07-15 22:43:03,070] INFO Created log for partition __consumer_offsets-13 in /tmp/kafka-logs/__consumer_offsets-13 with properties {cleanup.policy=compact, compression.type="producer", segment.bytes=104857600} (kafka.log.LogManager)
stream-state-bench-kafka  | [2026-07-15 22:43:03,071] INFO [Partition __consumer_offsets-13 broker=1] No checkpointed highwatermark is found for partition __consumer_offsets-13 (kafka.cluster.Partition)
stream-state-bench-kafka  | [2026-07-15 22:43:03,071] INFO [Partition __consumer_offsets-13 broker=1] Log loaded for partition __consumer_offsets-13 with initial high watermark 0 (kafka.cluster.Partition)
stream-state-bench-kafka  | [2026-07-15 22:43:03,077] INFO [LogLoader partition=__consumer_offsets-46, dir=/tmp/kafka-logs] Loading producer state till offset 0 (org.apache.kafka.storage.internals.log.UnifiedLog)
stream-state-bench-kafka  | [2026-07-15 22:43:03,077] INFO Created log for partition __consumer_offsets-46 in /tmp/kafka-logs/__consumer_offsets-46 with properties {cleanup.policy=compact, compression.type="producer", segment.bytes=104857600} (kafka.log.LogManager)
stream-state-bench-kafka  | [2026-07-15 22:43:03,078] INFO [Partition __consumer_offsets-46 broker=1] No checkpointed highwatermark is found for partition __consumer_offsets-46 (kafka.cluster.Partition)
stream-state-bench-kafka  | [2026-07-15 22:43:03,078] INFO [Partition __consumer_offsets-46 broker=1] Log loaded for partition __consumer_offsets-46 with initial high watermark 0 (kafka.cluster.Partition)
stream-state-bench-kafka  | [2026-07-15 22:43:03,084] INFO [LogLoader partition=__consumer_offsets-9, dir=/tmp/kafka-logs] Loading producer state till offset 0 (org.apache.kafka.storage.internals.log.UnifiedLog)
stream-state-bench-kafka  | [2026-07-15 22:43:03,085] INFO Created log for partition __consumer_offsets-9 in /tmp/kafka-logs/__consumer_offsets-9 with properties {cleanup.policy=compact, compression.type="producer", segment.bytes=104857600} (kafka.log.LogManager)
stream-state-bench-kafka  | [2026-07-15 22:43:03,085] INFO [Partition __consumer_offsets-9 broker=1] No checkpointed highwatermark is found for partition __consumer_offsets-9 (kafka.cluster.Partition)
stream-state-bench-kafka  | [2026-07-15 22:43:03,085] INFO [Partition __consumer_offsets-9 broker=1] Log loaded for partition __consumer_offsets-9 with initial high watermark 0 (kafka.cluster.Partition)
stream-state-bench-kafka  | [2026-07-15 22:43:03,095] INFO [LogLoader partition=__consumer_offsets-42, dir=/tmp/kafka-logs] Loading producer state till offset 0 (org.apache.kafka.storage.internals.log.UnifiedLog)
stream-state-bench-kafka  | [2026-07-15 22:43:03,096] INFO Created log for partition __consumer_offsets-42 in /tmp/kafka-logs/__consumer_offsets-42 with properties {cleanup.policy=compact, compression.type="producer", segment.bytes=104857600} (kafka.log.LogManager)
stream-state-bench-kafka  | [2026-07-15 22:43:03,096] INFO [Partition __consumer_offsets-42 broker=1] No checkpointed highwatermark is found for partition __consumer_offsets-42 (kafka.cluster.Partition)
stream-state-bench-kafka  | [2026-07-15 22:43:03,096] INFO [Partition __consumer_offsets-42 broker=1] Log loaded for partition __consumer_offsets-42 with initial high watermark 0 (kafka.cluster.Partition)
stream-state-bench-kafka  | [2026-07-15 22:43:03,103] INFO [LogLoader partition=__consumer_offsets-21, dir=/tmp/kafka-logs] Loading producer state till offset 0 (org.apache.kafka.storage.internals.log.UnifiedLog)
stream-state-bench-kafka  | [2026-07-15 22:43:03,103] INFO Created log for partition __consumer_offsets-21 in /tmp/kafka-logs/__consumer_offsets-21 with properties {cleanup.policy=compact, compression.type="producer", segment.bytes=104857600} (kafka.log.LogManager)
stream-state-bench-kafka  | [2026-07-15 22:43:03,103] INFO [Partition __consumer_offsets-21 broker=1] No checkpointed highwatermark is found for partition __consumer_offsets-21 (kafka.cluster.Partition)
stream-state-bench-kafka  | [2026-07-15 22:43:03,104] INFO [Partition __consumer_offsets-21 broker=1] Log loaded for partition __consumer_offsets-21 with initial high watermark 0 (kafka.cluster.Partition)
stream-state-bench-kafka  | [2026-07-15 22:43:03,110] INFO [LogLoader partition=__consumer_offsets-17, dir=/tmp/kafka-logs] Loading producer state till offset 0 (org.apache.kafka.storage.internals.log.UnifiedLog)
stream-state-bench-kafka  | [2026-07-15 22:43:03,111] INFO Created log for partition __consumer_offsets-17 in /tmp/kafka-logs/__consumer_offsets-17 with properties {cleanup.policy=compact, compression.type="producer", segment.bytes=104857600} (kafka.log.LogManager)
stream-state-bench-kafka  | [2026-07-15 22:43:03,111] INFO [Partition __consumer_offsets-17 broker=1] No checkpointed highwatermark is found for partition __consumer_offsets-17 (kafka.cluster.Partition)
stream-state-bench-kafka  | [2026-07-15 22:43:03,111] INFO [Partition __consumer_offsets-17 broker=1] Log loaded for partition __consumer_offsets-17 with initial high watermark 0 (kafka.cluster.Partition)
stream-state-bench-kafka  | [2026-07-15 22:43:03,118] INFO [LogLoader partition=__consumer_offsets-30, dir=/tmp/kafka-logs] Loading producer state till offset 0 (org.apache.kafka.storage.internals.log.UnifiedLog)
stream-state-bench-kafka  | [2026-07-15 22:43:03,118] INFO Created log for partition __consumer_offsets-30 in /tmp/kafka-logs/__consumer_offsets-30 with properties {cleanup.policy=compact, compression.type="producer", segment.bytes=104857600} (kafka.log.LogManager)
stream-state-bench-kafka  | [2026-07-15 22:43:03,118] INFO [Partition __consumer_offsets-30 broker=1] No checkpointed highwatermark is found for partition __consumer_offsets-30 (kafka.cluster.Partition)
stream-state-bench-kafka  | [2026-07-15 22:43:03,118] INFO [Partition __consumer_offsets-30 broker=1] Log loaded for partition __consumer_offsets-30 with initial high watermark 0 (kafka.cluster.Partition)
stream-state-bench-kafka  | [2026-07-15 22:43:03,125] INFO [LogLoader partition=__consumer_offsets-26, dir=/tmp/kafka-logs] Loading producer state till offset 0 (org.apache.kafka.storage.internals.log.UnifiedLog)
stream-state-bench-kafka  | [2026-07-15 22:43:03,125] INFO Created log for partition __consumer_offsets-26 in /tmp/kafka-logs/__consumer_offsets-26 with properties {cleanup.policy=compact, compression.type="producer", segment.bytes=104857600} (kafka.log.LogManager)
stream-state-bench-kafka  | [2026-07-15 22:43:03,125] INFO [Partition __consumer_offsets-26 broker=1] No checkpointed highwatermark is found for partition __consumer_offsets-26 (kafka.cluster.Partition)
stream-state-bench-kafka  | [2026-07-15 22:43:03,125] INFO [Partition __consumer_offsets-26 broker=1] Log loaded for partition __consumer_offsets-26 with initial high watermark 0 (kafka.cluster.Partition)
stream-state-bench-kafka  | [2026-07-15 22:43:03,134] INFO [LogLoader partition=__consumer_offsets-5, dir=/tmp/kafka-logs] Loading producer state till offset 0 (org.apache.kafka.storage.internals.log.UnifiedLog)
stream-state-bench-kafka  | [2026-07-15 22:43:03,134] INFO Created log for partition __consumer_offsets-5 in /tmp/kafka-logs/__consumer_offsets-5 with properties {cleanup.policy=compact, compression.type="producer", segment.bytes=104857600} (kafka.log.LogManager)
stream-state-bench-kafka  | [2026-07-15 22:43:03,134] INFO [Partition __consumer_offsets-5 broker=1] No checkpointed highwatermark is found for partition __consumer_offsets-5 (kafka.cluster.Partition)
stream-state-bench-kafka  | [2026-07-15 22:43:03,134] INFO [Partition __consumer_offsets-5 broker=1] Log loaded for partition __consumer_offsets-5 with initial high watermark 0 (kafka.cluster.Partition)
stream-state-bench-kafka  | [2026-07-15 22:43:03,141] INFO [LogLoader partition=__consumer_offsets-38, dir=/tmp/kafka-logs] Loading producer state till offset 0 (org.apache.kafka.storage.internals.log.UnifiedLog)
stream-state-bench-kafka  | [2026-07-15 22:43:03,141] INFO Created log for partition __consumer_offsets-38 in /tmp/kafka-logs/__consumer_offsets-38 with properties {cleanup.policy=compact, compression.type="producer", segment.bytes=104857600} (kafka.log.LogManager)
stream-state-bench-kafka  | [2026-07-15 22:43:03,142] INFO [Partition __consumer_offsets-38 broker=1] No checkpointed highwatermark is found for partition __consumer_offsets-38 (kafka.cluster.Partition)
stream-state-bench-kafka  | [2026-07-15 22:43:03,142] INFO [Partition __consumer_offsets-38 broker=1] Log loaded for partition __consumer_offsets-38 with initial high watermark 0 (kafka.cluster.Partition)
stream-state-bench-kafka  | [2026-07-15 22:43:03,148] INFO [LogLoader partition=__consumer_offsets-1, dir=/tmp/kafka-logs] Loading producer state till offset 0 (org.apache.kafka.storage.internals.log.UnifiedLog)
stream-state-bench-kafka  | [2026-07-15 22:43:03,148] INFO Created log for partition __consumer_offsets-1 in /tmp/kafka-logs/__consumer_offsets-1 with properties {cleanup.policy=compact, compression.type="producer", segment.bytes=104857600} (kafka.log.LogManager)
stream-state-bench-kafka  | [2026-07-15 22:43:03,148] INFO [Partition __consumer_offsets-1 broker=1] No checkpointed highwatermark is found for partition __consumer_offsets-1 (kafka.cluster.Partition)
stream-state-bench-kafka  | [2026-07-15 22:43:03,149] INFO [Partition __consumer_offsets-1 broker=1] Log loaded for partition __consumer_offsets-1 with initial high watermark 0 (kafka.cluster.Partition)
stream-state-bench-kafka  | [2026-07-15 22:43:03,155] INFO [LogLoader partition=__consumer_offsets-34, dir=/tmp/kafka-logs] Loading producer state till offset 0 (org.apache.kafka.storage.internals.log.UnifiedLog)
stream-state-bench-kafka  | [2026-07-15 22:43:03,156] INFO Created log for partition __consumer_offsets-34 in /tmp/kafka-logs/__consumer_offsets-34 with properties {cleanup.policy=compact, compression.type="producer", segment.bytes=104857600} (kafka.log.LogManager)
stream-state-bench-kafka  | [2026-07-15 22:43:03,156] INFO [Partition __consumer_offsets-34 broker=1] No checkpointed highwatermark is found for partition __consumer_offsets-34 (kafka.cluster.Partition)
stream-state-bench-kafka  | [2026-07-15 22:43:03,156] INFO [Partition __consumer_offsets-34 broker=1] Log loaded for partition __consumer_offsets-34 with initial high watermark 0 (kafka.cluster.Partition)
stream-state-bench-kafka  | [2026-07-15 22:43:03,163] INFO [LogLoader partition=__consumer_offsets-16, dir=/tmp/kafka-logs] Loading producer state till offset 0 (org.apache.kafka.storage.internals.log.UnifiedLog)
stream-state-bench-kafka  | [2026-07-15 22:43:03,164] INFO Created log for partition __consumer_offsets-16 in /tmp/kafka-logs/__consumer_offsets-16 with properties {cleanup.policy=compact, compression.type="producer", segment.bytes=104857600} (kafka.log.LogManager)
stream-state-bench-kafka  | [2026-07-15 22:43:03,164] INFO [Partition __consumer_offsets-16 broker=1] No checkpointed highwatermark is found for partition __consumer_offsets-16 (kafka.cluster.Partition)
stream-state-bench-kafka  | [2026-07-15 22:43:03,164] INFO [Partition __consumer_offsets-16 broker=1] Log loaded for partition __consumer_offsets-16 with initial high watermark 0 (kafka.cluster.Partition)
stream-state-bench-kafka  | [2026-07-15 22:43:03,170] INFO [LogLoader partition=__consumer_offsets-45, dir=/tmp/kafka-logs] Loading producer state till offset 0 (org.apache.kafka.storage.internals.log.UnifiedLog)
stream-state-bench-kafka  | [2026-07-15 22:43:03,171] INFO Created log for partition __consumer_offsets-45 in /tmp/kafka-logs/__consumer_offsets-45 with properties {cleanup.policy=compact, compression.type="producer", segment.bytes=104857600} (kafka.log.LogManager)
stream-state-bench-kafka  | [2026-07-15 22:43:03,171] INFO [Partition __consumer_offsets-45 broker=1] No checkpointed highwatermark is found for partition __consumer_offsets-45 (kafka.cluster.Partition)
stream-state-bench-kafka  | [2026-07-15 22:43:03,171] INFO [Partition __consumer_offsets-45 broker=1] Log loaded for partition __consumer_offsets-45 with initial high watermark 0 (kafka.cluster.Partition)
stream-state-bench-kafka  | [2026-07-15 22:43:03,179] INFO [LogLoader partition=__consumer_offsets-12, dir=/tmp/kafka-logs] Loading producer state till offset 0 (org.apache.kafka.storage.internals.log.UnifiedLog)
stream-state-bench-kafka  | [2026-07-15 22:43:03,180] INFO Created log for partition __consumer_offsets-12 in /tmp/kafka-logs/__consumer_offsets-12 with properties {cleanup.policy=compact, compression.type="producer", segment.bytes=104857600} (kafka.log.LogManager)
stream-state-bench-kafka  | [2026-07-15 22:43:03,180] INFO [Partition __consumer_offsets-12 broker=1] No checkpointed highwatermark is found for partition __consumer_offsets-12 (kafka.cluster.Partition)
stream-state-bench-kafka  | [2026-07-15 22:43:03,180] INFO [Partition __consumer_offsets-12 broker=1] Log loaded for partition __consumer_offsets-12 with initial high watermark 0 (kafka.cluster.Partition)
stream-state-bench-kafka  | [2026-07-15 22:43:03,187] INFO [LogLoader partition=__consumer_offsets-41, dir=/tmp/kafka-logs] Loading producer state till offset 0 (org.apache.kafka.storage.internals.log.UnifiedLog)
stream-state-bench-kafka  | [2026-07-15 22:43:03,187] INFO Created log for partition __consumer_offsets-41 in /tmp/kafka-logs/__consumer_offsets-41 with properties {cleanup.policy=compact, compression.type="producer", segment.bytes=104857600} (kafka.log.LogManager)
stream-state-bench-kafka  | [2026-07-15 22:43:03,187] INFO [Partition __consumer_offsets-41 broker=1] No checkpointed highwatermark is found for partition __consumer_offsets-41 (kafka.cluster.Partition)
stream-state-bench-kafka  | [2026-07-15 22:43:03,187] INFO [Partition __consumer_offsets-41 broker=1] Log loaded for partition __consumer_offsets-41 with initial high watermark 0 (kafka.cluster.Partition)
stream-state-bench-kafka  | [2026-07-15 22:43:03,193] INFO [LogLoader partition=__consumer_offsets-24, dir=/tmp/kafka-logs] Loading producer state till offset 0 (org.apache.kafka.storage.internals.log.UnifiedLog)
stream-state-bench-kafka  | [2026-07-15 22:43:03,194] INFO Created log for partition __consumer_offsets-24 in /tmp/kafka-logs/__consumer_offsets-24 with properties {cleanup.policy=compact, compression.type="producer", segment.bytes=104857600} (kafka.log.LogManager)
stream-state-bench-kafka  | [2026-07-15 22:43:03,194] INFO [Partition __consumer_offsets-24 broker=1] No checkpointed highwatermark is found for partition __consumer_offsets-24 (kafka.cluster.Partition)
stream-state-bench-kafka  | [2026-07-15 22:43:03,194] INFO [Partition __consumer_offsets-24 broker=1] Log loaded for partition __consumer_offsets-24 with initial high watermark 0 (kafka.cluster.Partition)
stream-state-bench-kafka  | [2026-07-15 22:43:03,200] INFO [LogLoader partition=__consumer_offsets-20, dir=/tmp/kafka-logs] Loading producer state till offset 0 (org.apache.kafka.storage.internals.log.UnifiedLog)
stream-state-bench-kafka  | [2026-07-15 22:43:03,200] INFO Created log for partition __consumer_offsets-20 in /tmp/kafka-logs/__consumer_offsets-20 with properties {cleanup.policy=compact, compression.type="producer", segment.bytes=104857600} (kafka.log.LogManager)
stream-state-bench-kafka  | [2026-07-15 22:43:03,200] INFO [Partition __consumer_offsets-20 broker=1] No checkpointed highwatermark is found for partition __consumer_offsets-20 (kafka.cluster.Partition)
stream-state-bench-kafka  | [2026-07-15 22:43:03,200] INFO [Partition __consumer_offsets-20 broker=1] Log loaded for partition __consumer_offsets-20 with initial high watermark 0 (kafka.cluster.Partition)
stream-state-bench-kafka  | [2026-07-15 22:43:03,206] INFO [LogLoader partition=__consumer_offsets-49, dir=/tmp/kafka-logs] Loading producer state till offset 0 (org.apache.kafka.storage.internals.log.UnifiedLog)
stream-state-bench-kafka  | [2026-07-15 22:43:03,207] INFO Created log for partition __consumer_offsets-49 in /tmp/kafka-logs/__consumer_offsets-49 with properties {cleanup.policy=compact, compression.type="producer", segment.bytes=104857600} (kafka.log.LogManager)
stream-state-bench-kafka  | [2026-07-15 22:43:03,207] INFO [Partition __consumer_offsets-49 broker=1] No checkpointed highwatermark is found for partition __consumer_offsets-49 (kafka.cluster.Partition)
stream-state-bench-kafka  | [2026-07-15 22:43:03,207] INFO [Partition __consumer_offsets-49 broker=1] Log loaded for partition __consumer_offsets-49 with initial high watermark 0 (kafka.cluster.Partition)
stream-state-bench-kafka  | [2026-07-15 22:43:03,213] INFO [LogLoader partition=__consumer_offsets-0, dir=/tmp/kafka-logs] Loading producer state till offset 0 (org.apache.kafka.storage.internals.log.UnifiedLog)
stream-state-bench-kafka  | [2026-07-15 22:43:03,213] INFO Created log for partition __consumer_offsets-0 in /tmp/kafka-logs/__consumer_offsets-0 with properties {cleanup.policy=compact, compression.type="producer", segment.bytes=104857600} (kafka.log.LogManager)
stream-state-bench-kafka  | [2026-07-15 22:43:03,214] INFO [Partition __consumer_offsets-0 broker=1] No checkpointed highwatermark is found for partition __consumer_offsets-0 (kafka.cluster.Partition)
stream-state-bench-kafka  | [2026-07-15 22:43:03,214] INFO [Partition __consumer_offsets-0 broker=1] Log loaded for partition __consumer_offsets-0 with initial high watermark 0 (kafka.cluster.Partition)
stream-state-bench-kafka  | [2026-07-15 22:43:03,220] INFO [LogLoader partition=__consumer_offsets-29, dir=/tmp/kafka-logs] Loading producer state till offset 0 (org.apache.kafka.storage.internals.log.UnifiedLog)
stream-state-bench-kafka  | [2026-07-15 22:43:03,220] INFO Created log for partition __consumer_offsets-29 in /tmp/kafka-logs/__consumer_offsets-29 with properties {cleanup.policy=compact, compression.type="producer", segment.bytes=104857600} (kafka.log.LogManager)
stream-state-bench-kafka  | [2026-07-15 22:43:03,221] INFO [Partition __consumer_offsets-29 broker=1] No checkpointed highwatermark is found for partition __consumer_offsets-29 (kafka.cluster.Partition)
stream-state-bench-kafka  | [2026-07-15 22:43:03,221] INFO [Partition __consumer_offsets-29 broker=1] Log loaded for partition __consumer_offsets-29 with initial high watermark 0 (kafka.cluster.Partition)
stream-state-bench-kafka  | [2026-07-15 22:43:03,227] INFO [LogLoader partition=__consumer_offsets-25, dir=/tmp/kafka-logs] Loading producer state till offset 0 (org.apache.kafka.storage.internals.log.UnifiedLog)
stream-state-bench-kafka  | [2026-07-15 22:43:03,227] INFO Created log for partition __consumer_offsets-25 in /tmp/kafka-logs/__consumer_offsets-25 with properties {cleanup.policy=compact, compression.type="producer", segment.bytes=104857600} (kafka.log.LogManager)
stream-state-bench-kafka  | [2026-07-15 22:43:03,227] INFO [Partition __consumer_offsets-25 broker=1] No checkpointed highwatermark is found for partition __consumer_offsets-25 (kafka.cluster.Partition)
stream-state-bench-kafka  | [2026-07-15 22:43:03,227] INFO [Partition __consumer_offsets-25 broker=1] Log loaded for partition __consumer_offsets-25 with initial high watermark 0 (kafka.cluster.Partition)
stream-state-bench-kafka  | [2026-07-15 22:43:03,234] INFO [LogLoader partition=__consumer_offsets-8, dir=/tmp/kafka-logs] Loading producer state till offset 0 (org.apache.kafka.storage.internals.log.UnifiedLog)
stream-state-bench-kafka  | [2026-07-15 22:43:03,234] INFO Created log for partition __consumer_offsets-8 in /tmp/kafka-logs/__consumer_offsets-8 with properties {cleanup.policy=compact, compression.type="producer", segment.bytes=104857600} (kafka.log.LogManager)
stream-state-bench-kafka  | [2026-07-15 22:43:03,234] INFO [Partition __consumer_offsets-8 broker=1] No checkpointed highwatermark is found for partition __consumer_offsets-8 (kafka.cluster.Partition)
stream-state-bench-kafka  | [2026-07-15 22:43:03,235] INFO [Partition __consumer_offsets-8 broker=1] Log loaded for partition __consumer_offsets-8 with initial high watermark 0 (kafka.cluster.Partition)
stream-state-bench-kafka  | [2026-07-15 22:43:03,242] INFO [LogLoader partition=__consumer_offsets-37, dir=/tmp/kafka-logs] Loading producer state till offset 0 (org.apache.kafka.storage.internals.log.UnifiedLog)
stream-state-bench-kafka  | [2026-07-15 22:43:03,243] INFO Created log for partition __consumer_offsets-37 in /tmp/kafka-logs/__consumer_offsets-37 with properties {cleanup.policy=compact, compression.type="producer", segment.bytes=104857600} (kafka.log.LogManager)
stream-state-bench-kafka  | [2026-07-15 22:43:03,243] INFO [Partition __consumer_offsets-37 broker=1] No checkpointed highwatermark is found for partition __consumer_offsets-37 (kafka.cluster.Partition)
stream-state-bench-kafka  | [2026-07-15 22:43:03,243] INFO [Partition __consumer_offsets-37 broker=1] Log loaded for partition __consumer_offsets-37 with initial high watermark 0 (kafka.cluster.Partition)
stream-state-bench-kafka  | [2026-07-15 22:43:03,249] INFO [LogLoader partition=__consumer_offsets-4, dir=/tmp/kafka-logs] Loading producer state till offset 0 (org.apache.kafka.storage.internals.log.UnifiedLog)
stream-state-bench-kafka  | [2026-07-15 22:43:03,250] INFO Created log for partition __consumer_offsets-4 in /tmp/kafka-logs/__consumer_offsets-4 with properties {cleanup.policy=compact, compression.type="producer", segment.bytes=104857600} (kafka.log.LogManager)
stream-state-bench-kafka  | [2026-07-15 22:43:03,250] INFO [Partition __consumer_offsets-4 broker=1] No checkpointed highwatermark is found for partition __consumer_offsets-4 (kafka.cluster.Partition)
stream-state-bench-kafka  | [2026-07-15 22:43:03,250] INFO [Partition __consumer_offsets-4 broker=1] Log loaded for partition __consumer_offsets-4 with initial high watermark 0 (kafka.cluster.Partition)
stream-state-bench-kafka  | [2026-07-15 22:43:03,255] INFO [LogLoader partition=__consumer_offsets-33, dir=/tmp/kafka-logs] Loading producer state till offset 0 (org.apache.kafka.storage.internals.log.UnifiedLog)
stream-state-bench-kafka  | [2026-07-15 22:43:03,256] INFO Created log for partition __consumer_offsets-33 in /tmp/kafka-logs/__consumer_offsets-33 with properties {cleanup.policy=compact, compression.type="producer", segment.bytes=104857600} (kafka.log.LogManager)
stream-state-bench-kafka  | [2026-07-15 22:43:03,256] INFO [Partition __consumer_offsets-33 broker=1] No checkpointed highwatermark is found for partition __consumer_offsets-33 (kafka.cluster.Partition)
stream-state-bench-kafka  | [2026-07-15 22:43:03,256] INFO [Partition __consumer_offsets-33 broker=1] Log loaded for partition __consumer_offsets-33 with initial high watermark 0 (kafka.cluster.Partition)
stream-state-bench-kafka  | [2026-07-15 22:43:03,264] INFO [LogLoader partition=__consumer_offsets-15, dir=/tmp/kafka-logs] Loading producer state till offset 0 (org.apache.kafka.storage.internals.log.UnifiedLog)
stream-state-bench-kafka  | [2026-07-15 22:43:03,265] INFO Created log for partition __consumer_offsets-15 in /tmp/kafka-logs/__consumer_offsets-15 with properties {cleanup.policy=compact, compression.type="producer", segment.bytes=104857600} (kafka.log.LogManager)
stream-state-bench-kafka  | [2026-07-15 22:43:03,265] INFO [Partition __consumer_offsets-15 broker=1] No checkpointed highwatermark is found for partition __consumer_offsets-15 (kafka.cluster.Partition)
stream-state-bench-kafka  | [2026-07-15 22:43:03,265] INFO [Partition __consumer_offsets-15 broker=1] Log loaded for partition __consumer_offsets-15 with initial high watermark 0 (kafka.cluster.Partition)
stream-state-bench-kafka  | [2026-07-15 22:43:03,271] INFO [LogLoader partition=__consumer_offsets-48, dir=/tmp/kafka-logs] Loading producer state till offset 0 (org.apache.kafka.storage.internals.log.UnifiedLog)
stream-state-bench-kafka  | [2026-07-15 22:43:03,272] INFO Created log for partition __consumer_offsets-48 in /tmp/kafka-logs/__consumer_offsets-48 with properties {cleanup.policy=compact, compression.type="producer", segment.bytes=104857600} (kafka.log.LogManager)
stream-state-bench-kafka  | [2026-07-15 22:43:03,272] INFO [Partition __consumer_offsets-48 broker=1] No checkpointed highwatermark is found for partition __consumer_offsets-48 (kafka.cluster.Partition)
stream-state-bench-kafka  | [2026-07-15 22:43:03,272] INFO [Partition __consumer_offsets-48 broker=1] Log loaded for partition __consumer_offsets-48 with initial high watermark 0 (kafka.cluster.Partition)
stream-state-bench-kafka  | [2026-07-15 22:43:03,278] INFO [LogLoader partition=__consumer_offsets-11, dir=/tmp/kafka-logs] Loading producer state till offset 0 (org.apache.kafka.storage.internals.log.UnifiedLog)
stream-state-bench-kafka  | [2026-07-15 22:43:03,279] INFO Created log for partition __consumer_offsets-11 in /tmp/kafka-logs/__consumer_offsets-11 with properties {cleanup.policy=compact, compression.type="producer", segment.bytes=104857600} (kafka.log.LogManager)
stream-state-bench-kafka  | [2026-07-15 22:43:03,279] INFO [Partition __consumer_offsets-11 broker=1] No checkpointed highwatermark is found for partition __consumer_offsets-11 (kafka.cluster.Partition)
stream-state-bench-kafka  | [2026-07-15 22:43:03,279] INFO [Partition __consumer_offsets-11 broker=1] Log loaded for partition __consumer_offsets-11 with initial high watermark 0 (kafka.cluster.Partition)
stream-state-bench-kafka  | [2026-07-15 22:43:03,286] INFO [LogLoader partition=__consumer_offsets-44, dir=/tmp/kafka-logs] Loading producer state till offset 0 (org.apache.kafka.storage.internals.log.UnifiedLog)
stream-state-bench-kafka  | [2026-07-15 22:43:03,287] INFO Created log for partition __consumer_offsets-44 in /tmp/kafka-logs/__consumer_offsets-44 with properties {cleanup.policy=compact, compression.type="producer", segment.bytes=104857600} (kafka.log.LogManager)
stream-state-bench-kafka  | [2026-07-15 22:43:03,287] INFO [Partition __consumer_offsets-44 broker=1] No checkpointed highwatermark is found for partition __consumer_offsets-44 (kafka.cluster.Partition)
stream-state-bench-kafka  | [2026-07-15 22:43:03,287] INFO [Partition __consumer_offsets-44 broker=1] Log loaded for partition __consumer_offsets-44 with initial high watermark 0 (kafka.cluster.Partition)
stream-state-bench-kafka  | [2026-07-15 22:43:03,294] INFO [LogLoader partition=__consumer_offsets-23, dir=/tmp/kafka-logs] Loading producer state till offset 0 (org.apache.kafka.storage.internals.log.UnifiedLog)
stream-state-bench-kafka  | [2026-07-15 22:43:03,295] INFO Created log for partition __consumer_offsets-23 in /tmp/kafka-logs/__consumer_offsets-23 with properties {cleanup.policy=compact, compression.type="producer", segment.bytes=104857600} (kafka.log.LogManager)
stream-state-bench-kafka  | [2026-07-15 22:43:03,295] INFO [Partition __consumer_offsets-23 broker=1] No checkpointed highwatermark is found for partition __consumer_offsets-23 (kafka.cluster.Partition)
stream-state-bench-kafka  | [2026-07-15 22:43:03,295] INFO [Partition __consumer_offsets-23 broker=1] Log loaded for partition __consumer_offsets-23 with initial high watermark 0 (kafka.cluster.Partition)
stream-state-bench-kafka  | [2026-07-15 22:43:03,302] INFO [LogLoader partition=__consumer_offsets-19, dir=/tmp/kafka-logs] Loading producer state till offset 0 (org.apache.kafka.storage.internals.log.UnifiedLog)
stream-state-bench-kafka  | [2026-07-15 22:43:03,303] INFO Created log for partition __consumer_offsets-19 in /tmp/kafka-logs/__consumer_offsets-19 with properties {cleanup.policy=compact, compression.type="producer", segment.bytes=104857600} (kafka.log.LogManager)
stream-state-bench-kafka  | [2026-07-15 22:43:03,303] INFO [Partition __consumer_offsets-19 broker=1] No checkpointed highwatermark is found for partition __consumer_offsets-19 (kafka.cluster.Partition)
stream-state-bench-kafka  | [2026-07-15 22:43:03,303] INFO [Partition __consumer_offsets-19 broker=1] Log loaded for partition __consumer_offsets-19 with initial high watermark 0 (kafka.cluster.Partition)
stream-state-bench-kafka  | [2026-07-15 22:43:03,313] INFO [LogLoader partition=__consumer_offsets-32, dir=/tmp/kafka-logs] Loading producer state till offset 0 (org.apache.kafka.storage.internals.log.UnifiedLog)
stream-state-bench-kafka  | [2026-07-15 22:43:03,314] INFO Created log for partition __consumer_offsets-32 in /tmp/kafka-logs/__consumer_offsets-32 with properties {cleanup.policy=compact, compression.type="producer", segment.bytes=104857600} (kafka.log.LogManager)
stream-state-bench-kafka  | [2026-07-15 22:43:03,314] INFO [Partition __consumer_offsets-32 broker=1] No checkpointed highwatermark is found for partition __consumer_offsets-32 (kafka.cluster.Partition)
stream-state-bench-kafka  | [2026-07-15 22:43:03,314] INFO [Partition __consumer_offsets-32 broker=1] Log loaded for partition __consumer_offsets-32 with initial high watermark 0 (kafka.cluster.Partition)
stream-state-bench-kafka  | [2026-07-15 22:43:03,320] INFO [LogLoader partition=__consumer_offsets-28, dir=/tmp/kafka-logs] Loading producer state till offset 0 (org.apache.kafka.storage.internals.log.UnifiedLog)
stream-state-bench-kafka  | [2026-07-15 22:43:03,321] INFO Created log for partition __consumer_offsets-28 in /tmp/kafka-logs/__consumer_offsets-28 with properties {cleanup.policy=compact, compression.type="producer", segment.bytes=104857600} (kafka.log.LogManager)
stream-state-bench-kafka  | [2026-07-15 22:43:03,321] INFO [Partition __consumer_offsets-28 broker=1] No checkpointed highwatermark is found for partition __consumer_offsets-28 (kafka.cluster.Partition)
stream-state-bench-kafka  | [2026-07-15 22:43:03,321] INFO [Partition __consumer_offsets-28 broker=1] Log loaded for partition __consumer_offsets-28 with initial high watermark 0 (kafka.cluster.Partition)
stream-state-bench-kafka  | [2026-07-15 22:43:03,328] INFO [LogLoader partition=__consumer_offsets-7, dir=/tmp/kafka-logs] Loading producer state till offset 0 (org.apache.kafka.storage.internals.log.UnifiedLog)
stream-state-bench-kafka  | [2026-07-15 22:43:03,328] INFO Created log for partition __consumer_offsets-7 in /tmp/kafka-logs/__consumer_offsets-7 with properties {cleanup.policy=compact, compression.type="producer", segment.bytes=104857600} (kafka.log.LogManager)
stream-state-bench-kafka  | [2026-07-15 22:43:03,328] INFO [Partition __consumer_offsets-7 broker=1] No checkpointed highwatermark is found for partition __consumer_offsets-7 (kafka.cluster.Partition)
stream-state-bench-kafka  | [2026-07-15 22:43:03,328] INFO [Partition __consumer_offsets-7 broker=1] Log loaded for partition __consumer_offsets-7 with initial high watermark 0 (kafka.cluster.Partition)
stream-state-bench-kafka  | [2026-07-15 22:43:03,334] INFO [LogLoader partition=__consumer_offsets-40, dir=/tmp/kafka-logs] Loading producer state till offset 0 (org.apache.kafka.storage.internals.log.UnifiedLog)
stream-state-bench-kafka  | [2026-07-15 22:43:03,335] INFO Created log for partition __consumer_offsets-40 in /tmp/kafka-logs/__consumer_offsets-40 with properties {cleanup.policy=compact, compression.type="producer", segment.bytes=104857600} (kafka.log.LogManager)
stream-state-bench-kafka  | [2026-07-15 22:43:03,335] INFO [Partition __consumer_offsets-40 broker=1] No checkpointed highwatermark is found for partition __consumer_offsets-40 (kafka.cluster.Partition)
stream-state-bench-kafka  | [2026-07-15 22:43:03,335] INFO [Partition __consumer_offsets-40 broker=1] Log loaded for partition __consumer_offsets-40 with initial high watermark 0 (kafka.cluster.Partition)
stream-state-bench-kafka  | [2026-07-15 22:43:03,341] INFO [LogLoader partition=__consumer_offsets-3, dir=/tmp/kafka-logs] Loading producer state till offset 0 (org.apache.kafka.storage.internals.log.UnifiedLog)
stream-state-bench-kafka  | [2026-07-15 22:43:03,342] INFO Created log for partition __consumer_offsets-3 in /tmp/kafka-logs/__consumer_offsets-3 with properties {cleanup.policy=compact, compression.type="producer", segment.bytes=104857600} (kafka.log.LogManager)
stream-state-bench-kafka  | [2026-07-15 22:43:03,342] INFO [Partition __consumer_offsets-3 broker=1] No checkpointed highwatermark is found for partition __consumer_offsets-3 (kafka.cluster.Partition)
stream-state-bench-kafka  | [2026-07-15 22:43:03,342] INFO [Partition __consumer_offsets-3 broker=1] Log loaded for partition __consumer_offsets-3 with initial high watermark 0 (kafka.cluster.Partition)
stream-state-bench-kafka  | [2026-07-15 22:43:03,348] INFO [LogLoader partition=__consumer_offsets-36, dir=/tmp/kafka-logs] Loading producer state till offset 0 (org.apache.kafka.storage.internals.log.UnifiedLog)
stream-state-bench-kafka  | [2026-07-15 22:43:03,349] INFO Created log for partition __consumer_offsets-36 in /tmp/kafka-logs/__consumer_offsets-36 with properties {cleanup.policy=compact, compression.type="producer", segment.bytes=104857600} (kafka.log.LogManager)
stream-state-bench-kafka  | [2026-07-15 22:43:03,362] INFO [Partition __consumer_offsets-36 broker=1] No checkpointed highwatermark is found for partition __consumer_offsets-36 (kafka.cluster.Partition)
stream-state-bench-kafka  | [2026-07-15 22:43:03,362] INFO [Partition __consumer_offsets-36 broker=1] Log loaded for partition __consumer_offsets-36 with initial high watermark 0 (kafka.cluster.Partition)
stream-state-bench-kafka  | [2026-07-15 22:43:03,370] INFO [LogLoader partition=__consumer_offsets-47, dir=/tmp/kafka-logs] Loading producer state till offset 0 (org.apache.kafka.storage.internals.log.UnifiedLog)
stream-state-bench-kafka  | [2026-07-15 22:43:03,371] INFO Created log for partition __consumer_offsets-47 in /tmp/kafka-logs/__consumer_offsets-47 with properties {cleanup.policy=compact, compression.type="producer", segment.bytes=104857600} (kafka.log.LogManager)
stream-state-bench-kafka  | [2026-07-15 22:43:03,371] INFO [Partition __consumer_offsets-47 broker=1] No checkpointed highwatermark is found for partition __consumer_offsets-47 (kafka.cluster.Partition)
stream-state-bench-kafka  | [2026-07-15 22:43:03,371] INFO [Partition __consumer_offsets-47 broker=1] Log loaded for partition __consumer_offsets-47 with initial high watermark 0 (kafka.cluster.Partition)
stream-state-bench-kafka  | [2026-07-15 22:43:03,377] INFO [LogLoader partition=__consumer_offsets-14, dir=/tmp/kafka-logs] Loading producer state till offset 0 (org.apache.kafka.storage.internals.log.UnifiedLog)
stream-state-bench-kafka  | [2026-07-15 22:43:03,378] INFO Created log for partition __consumer_offsets-14 in /tmp/kafka-logs/__consumer_offsets-14 with properties {cleanup.policy=compact, compression.type="producer", segment.bytes=104857600} (kafka.log.LogManager)
stream-state-bench-kafka  | [2026-07-15 22:43:03,378] INFO [Partition __consumer_offsets-14 broker=1] No checkpointed highwatermark is found for partition __consumer_offsets-14 (kafka.cluster.Partition)
stream-state-bench-kafka  | [2026-07-15 22:43:03,378] INFO [Partition __consumer_offsets-14 broker=1] Log loaded for partition __consumer_offsets-14 with initial high watermark 0 (kafka.cluster.Partition)
stream-state-bench-kafka  | [2026-07-15 22:43:03,384] INFO [LogLoader partition=__consumer_offsets-43, dir=/tmp/kafka-logs] Loading producer state till offset 0 (org.apache.kafka.storage.internals.log.UnifiedLog)
stream-state-bench-kafka  | [2026-07-15 22:43:03,385] INFO Created log for partition __consumer_offsets-43 in /tmp/kafka-logs/__consumer_offsets-43 with properties {cleanup.policy=compact, compression.type="producer", segment.bytes=104857600} (kafka.log.LogManager)
stream-state-bench-kafka  | [2026-07-15 22:43:03,385] INFO [Partition __consumer_offsets-43 broker=1] No checkpointed highwatermark is found for partition __consumer_offsets-43 (kafka.cluster.Partition)
stream-state-bench-kafka  | [2026-07-15 22:43:03,385] INFO [Partition __consumer_offsets-43 broker=1] Log loaded for partition __consumer_offsets-43 with initial high watermark 0 (kafka.cluster.Partition)
stream-state-bench-kafka  | [2026-07-15 22:43:03,391] INFO [LogLoader partition=__consumer_offsets-10, dir=/tmp/kafka-logs] Loading producer state till offset 0 (org.apache.kafka.storage.internals.log.UnifiedLog)
stream-state-bench-kafka  | [2026-07-15 22:43:03,391] INFO Created log for partition __consumer_offsets-10 in /tmp/kafka-logs/__consumer_offsets-10 with properties {cleanup.policy=compact, compression.type="producer", segment.bytes=104857600} (kafka.log.LogManager)
stream-state-bench-kafka  | [2026-07-15 22:43:03,391] INFO [Partition __consumer_offsets-10 broker=1] No checkpointed highwatermark is found for partition __consumer_offsets-10 (kafka.cluster.Partition)
stream-state-bench-kafka  | [2026-07-15 22:43:03,391] INFO [Partition __consumer_offsets-10 broker=1] Log loaded for partition __consumer_offsets-10 with initial high watermark 0 (kafka.cluster.Partition)
stream-state-bench-kafka  | [2026-07-15 22:43:03,397] INFO [LogLoader partition=__consumer_offsets-22, dir=/tmp/kafka-logs] Loading producer state till offset 0 (org.apache.kafka.storage.internals.log.UnifiedLog)
stream-state-bench-kafka  | [2026-07-15 22:43:03,398] INFO Created log for partition __consumer_offsets-22 in /tmp/kafka-logs/__consumer_offsets-22 with properties {cleanup.policy=compact, compression.type="producer", segment.bytes=104857600} (kafka.log.LogManager)
stream-state-bench-kafka  | [2026-07-15 22:43:03,398] INFO [Partition __consumer_offsets-22 broker=1] No checkpointed highwatermark is found for partition __consumer_offsets-22 (kafka.cluster.Partition)
stream-state-bench-kafka  | [2026-07-15 22:43:03,398] INFO [Partition __consumer_offsets-22 broker=1] Log loaded for partition __consumer_offsets-22 with initial high watermark 0 (kafka.cluster.Partition)
stream-state-bench-kafka  | [2026-07-15 22:43:03,407] INFO [LogLoader partition=__consumer_offsets-18, dir=/tmp/kafka-logs] Loading producer state till offset 0 (org.apache.kafka.storage.internals.log.UnifiedLog)
stream-state-bench-kafka  | [2026-07-15 22:43:03,407] INFO Created log for partition __consumer_offsets-18 in /tmp/kafka-logs/__consumer_offsets-18 with properties {cleanup.policy=compact, compression.type="producer", segment.bytes=104857600} (kafka.log.LogManager)
stream-state-bench-kafka  | [2026-07-15 22:43:03,407] INFO [Partition __consumer_offsets-18 broker=1] No checkpointed highwatermark is found for partition __consumer_offsets-18 (kafka.cluster.Partition)
stream-state-bench-kafka  | [2026-07-15 22:43:03,407] INFO [Partition __consumer_offsets-18 broker=1] Log loaded for partition __consumer_offsets-18 with initial high watermark 0 (kafka.cluster.Partition)
stream-state-bench-kafka  | [2026-07-15 22:43:03,414] INFO [LogLoader partition=__consumer_offsets-31, dir=/tmp/kafka-logs] Loading producer state till offset 0 (org.apache.kafka.storage.internals.log.UnifiedLog)
stream-state-bench-kafka  | [2026-07-15 22:43:03,415] INFO Created log for partition __consumer_offsets-31 in /tmp/kafka-logs/__consumer_offsets-31 with properties {cleanup.policy=compact, compression.type="producer", segment.bytes=104857600} (kafka.log.LogManager)
stream-state-bench-kafka  | [2026-07-15 22:43:03,415] INFO [Partition __consumer_offsets-31 broker=1] No checkpointed highwatermark is found for partition __consumer_offsets-31 (kafka.cluster.Partition)
stream-state-bench-kafka  | [2026-07-15 22:43:03,415] INFO [Partition __consumer_offsets-31 broker=1] Log loaded for partition __consumer_offsets-31 with initial high watermark 0 (kafka.cluster.Partition)
stream-state-bench-kafka  | [2026-07-15 22:43:03,421] INFO [LogLoader partition=__consumer_offsets-27, dir=/tmp/kafka-logs] Loading producer state till offset 0 (org.apache.kafka.storage.internals.log.UnifiedLog)
stream-state-bench-kafka  | [2026-07-15 22:43:03,421] INFO Created log for partition __consumer_offsets-27 in /tmp/kafka-logs/__consumer_offsets-27 with properties {cleanup.policy=compact, compression.type="producer", segment.bytes=104857600} (kafka.log.LogManager)
stream-state-bench-kafka  | [2026-07-15 22:43:03,421] INFO [Partition __consumer_offsets-27 broker=1] No checkpointed highwatermark is found for partition __consumer_offsets-27 (kafka.cluster.Partition)
stream-state-bench-kafka  | [2026-07-15 22:43:03,421] INFO [Partition __consumer_offsets-27 broker=1] Log loaded for partition __consumer_offsets-27 with initial high watermark 0 (kafka.cluster.Partition)
stream-state-bench-kafka  | [2026-07-15 22:43:03,427] INFO [LogLoader partition=__consumer_offsets-39, dir=/tmp/kafka-logs] Loading producer state till offset 0 (org.apache.kafka.storage.internals.log.UnifiedLog)
stream-state-bench-kafka  | [2026-07-15 22:43:03,427] INFO Created log for partition __consumer_offsets-39 in /tmp/kafka-logs/__consumer_offsets-39 with properties {cleanup.policy=compact, compression.type="producer", segment.bytes=104857600} (kafka.log.LogManager)
stream-state-bench-kafka  | [2026-07-15 22:43:03,427] INFO [Partition __consumer_offsets-39 broker=1] No checkpointed highwatermark is found for partition __consumer_offsets-39 (kafka.cluster.Partition)
stream-state-bench-kafka  | [2026-07-15 22:43:03,427] INFO [Partition __consumer_offsets-39 broker=1] Log loaded for partition __consumer_offsets-39 with initial high watermark 0 (kafka.cluster.Partition)
stream-state-bench-kafka  | [2026-07-15 22:43:03,433] INFO [LogLoader partition=__consumer_offsets-6, dir=/tmp/kafka-logs] Loading producer state till offset 0 (org.apache.kafka.storage.internals.log.UnifiedLog)
stream-state-bench-kafka  | [2026-07-15 22:43:03,433] INFO Created log for partition __consumer_offsets-6 in /tmp/kafka-logs/__consumer_offsets-6 with properties {cleanup.policy=compact, compression.type="producer", segment.bytes=104857600} (kafka.log.LogManager)
stream-state-bench-kafka  | [2026-07-15 22:43:03,433] INFO [Partition __consumer_offsets-6 broker=1] No checkpointed highwatermark is found for partition __consumer_offsets-6 (kafka.cluster.Partition)
stream-state-bench-kafka  | [2026-07-15 22:43:03,433] INFO [Partition __consumer_offsets-6 broker=1] Log loaded for partition __consumer_offsets-6 with initial high watermark 0 (kafka.cluster.Partition)
stream-state-bench-kafka  | [2026-07-15 22:43:03,440] INFO [LogLoader partition=__consumer_offsets-35, dir=/tmp/kafka-logs] Loading producer state till offset 0 (org.apache.kafka.storage.internals.log.UnifiedLog)
stream-state-bench-kafka  | [2026-07-15 22:43:03,441] INFO Created log for partition __consumer_offsets-35 in /tmp/kafka-logs/__consumer_offsets-35 with properties {cleanup.policy=compact, compression.type="producer", segment.bytes=104857600} (kafka.log.LogManager)
stream-state-bench-kafka  | [2026-07-15 22:43:03,441] INFO [Partition __consumer_offsets-35 broker=1] No checkpointed highwatermark is found for partition __consumer_offsets-35 (kafka.cluster.Partition)
stream-state-bench-kafka  | [2026-07-15 22:43:03,441] INFO [Partition __consumer_offsets-35 broker=1] Log loaded for partition __consumer_offsets-35 with initial high watermark 0 (kafka.cluster.Partition)
stream-state-bench-kafka  | [2026-07-15 22:43:03,447] INFO [LogLoader partition=__consumer_offsets-2, dir=/tmp/kafka-logs] Loading producer state till offset 0 (org.apache.kafka.storage.internals.log.UnifiedLog)
stream-state-bench-kafka  | [2026-07-15 22:43:03,448] INFO Created log for partition __consumer_offsets-2 in /tmp/kafka-logs/__consumer_offsets-2 with properties {cleanup.policy=compact, compression.type="producer", segment.bytes=104857600} (kafka.log.LogManager)
stream-state-bench-kafka  | [2026-07-15 22:43:03,448] INFO [Partition __consumer_offsets-2 broker=1] No checkpointed highwatermark is found for partition __consumer_offsets-2 (kafka.cluster.Partition)
stream-state-bench-kafka  | [2026-07-15 22:43:03,448] INFO [Partition __consumer_offsets-2 broker=1] Log loaded for partition __consumer_offsets-2 with initial high watermark 0 (kafka.cluster.Partition)
stream-state-bench-kafka  | [2026-07-15 22:43:03,455] INFO [GroupCoordinator id=1] Scheduling loading of metadata from __consumer_offsets-13 with epoch 0 (org.apache.kafka.coordinator.common.runtime.CoordinatorRuntime)
stream-state-bench-kafka  | [2026-07-15 22:43:03,456] INFO [GroupCoordinator id=1] Scheduling loading of metadata from __consumer_offsets-46 with epoch 0 (org.apache.kafka.coordinator.common.runtime.CoordinatorRuntime)
stream-state-bench-kafka  | [2026-07-15 22:43:03,457] INFO [GroupCoordinator id=1] Scheduling loading of metadata from __consumer_offsets-9 with epoch 0 (org.apache.kafka.coordinator.common.runtime.CoordinatorRuntime)
stream-state-bench-kafka  | [2026-07-15 22:43:03,457] INFO [GroupCoordinator id=1] Scheduling loading of metadata from __consumer_offsets-42 with epoch 0 (org.apache.kafka.coordinator.common.runtime.CoordinatorRuntime)
stream-state-bench-kafka  | [2026-07-15 22:43:03,457] INFO [GroupCoordinator id=1] Scheduling loading of metadata from __consumer_offsets-21 with epoch 0 (org.apache.kafka.coordinator.common.runtime.CoordinatorRuntime)
stream-state-bench-kafka  | [2026-07-15 22:43:03,457] INFO [GroupCoordinator id=1] Scheduling loading of metadata from __consumer_offsets-17 with epoch 0 (org.apache.kafka.coordinator.common.runtime.CoordinatorRuntime)
stream-state-bench-kafka  | [2026-07-15 22:43:03,457] INFO [GroupCoordinator id=1] Scheduling loading of metadata from __consumer_offsets-30 with epoch 0 (org.apache.kafka.coordinator.common.runtime.CoordinatorRuntime)
stream-state-bench-kafka  | [2026-07-15 22:43:03,457] INFO [GroupCoordinator id=1] Scheduling loading of metadata from __consumer_offsets-26 with epoch 0 (org.apache.kafka.coordinator.common.runtime.CoordinatorRuntime)
stream-state-bench-kafka  | [2026-07-15 22:43:03,457] INFO [GroupCoordinator id=1] Scheduling loading of metadata from __consumer_offsets-5 with epoch 0 (org.apache.kafka.coordinator.common.runtime.CoordinatorRuntime)
stream-state-bench-kafka  | [2026-07-15 22:43:03,457] INFO [GroupCoordinator id=1] Scheduling loading of metadata from __consumer_offsets-38 with epoch 0 (org.apache.kafka.coordinator.common.runtime.CoordinatorRuntime)
stream-state-bench-kafka  | [2026-07-15 22:43:03,457] INFO [GroupCoordinator id=1] Scheduling loading of metadata from __consumer_offsets-1 with epoch 0 (org.apache.kafka.coordinator.common.runtime.CoordinatorRuntime)
stream-state-bench-kafka  | [2026-07-15 22:43:03,457] INFO [GroupCoordinator id=1] Scheduling loading of metadata from __consumer_offsets-34 with epoch 0 (org.apache.kafka.coordinator.common.runtime.CoordinatorRuntime)
stream-state-bench-kafka  | [2026-07-15 22:43:03,458] INFO [GroupCoordinator id=1] Scheduling loading of metadata from __consumer_offsets-16 with epoch 0 (org.apache.kafka.coordinator.common.runtime.CoordinatorRuntime)
stream-state-bench-kafka  | [2026-07-15 22:43:03,458] INFO [GroupCoordinator id=1] Scheduling loading of metadata from __consumer_offsets-45 with epoch 0 (org.apache.kafka.coordinator.common.runtime.CoordinatorRuntime)
stream-state-bench-kafka  | [2026-07-15 22:43:03,458] INFO [GroupCoordinator id=1] Scheduling loading of metadata from __consumer_offsets-12 with epoch 0 (org.apache.kafka.coordinator.common.runtime.CoordinatorRuntime)
stream-state-bench-kafka  | [2026-07-15 22:43:03,458] INFO [GroupCoordinator id=1] Scheduling loading of metadata from __consumer_offsets-41 with epoch 0 (org.apache.kafka.coordinator.common.runtime.CoordinatorRuntime)
stream-state-bench-kafka  | [2026-07-15 22:43:03,458] INFO [GroupCoordinator id=1] Scheduling loading of metadata from __consumer_offsets-24 with epoch 0 (org.apache.kafka.coordinator.common.runtime.CoordinatorRuntime)
stream-state-bench-kafka  | [2026-07-15 22:43:03,458] INFO [GroupCoordinator id=1] Scheduling loading of metadata from __consumer_offsets-20 with epoch 0 (org.apache.kafka.coordinator.common.runtime.CoordinatorRuntime)
stream-state-bench-kafka  | [2026-07-15 22:43:03,458] INFO [GroupCoordinator id=1] Scheduling loading of metadata from __consumer_offsets-49 with epoch 0 (org.apache.kafka.coordinator.common.runtime.CoordinatorRuntime)
stream-state-bench-kafka  | [2026-07-15 22:43:03,458] INFO [GroupCoordinator id=1] Scheduling loading of metadata from __consumer_offsets-0 with epoch 0 (org.apache.kafka.coordinator.common.runtime.CoordinatorRuntime)
stream-state-bench-kafka  | [2026-07-15 22:43:03,458] INFO [GroupCoordinator id=1] Scheduling loading of metadata from __consumer_offsets-29 with epoch 0 (org.apache.kafka.coordinator.common.runtime.CoordinatorRuntime)
stream-state-bench-kafka  | [2026-07-15 22:43:03,459] INFO [GroupCoordinator id=1] Scheduling loading of metadata from __consumer_offsets-25 with epoch 0 (org.apache.kafka.coordinator.common.runtime.CoordinatorRuntime)
stream-state-bench-kafka  | [2026-07-15 22:43:03,459] INFO [GroupCoordinator id=1] Scheduling loading of metadata from __consumer_offsets-8 with epoch 0 (org.apache.kafka.coordinator.common.runtime.CoordinatorRuntime)
stream-state-bench-kafka  | [2026-07-15 22:43:03,459] INFO [GroupCoordinator id=1] Scheduling loading of metadata from __consumer_offsets-37 with epoch 0 (org.apache.kafka.coordinator.common.runtime.CoordinatorRuntime)
stream-state-bench-kafka  | [2026-07-15 22:43:03,459] INFO [GroupCoordinator id=1] Scheduling loading of metadata from __consumer_offsets-4 with epoch 0 (org.apache.kafka.coordinator.common.runtime.CoordinatorRuntime)
stream-state-bench-kafka  | [2026-07-15 22:43:03,459] INFO [GroupCoordinator id=1] Scheduling loading of metadata from __consumer_offsets-33 with epoch 0 (org.apache.kafka.coordinator.common.runtime.CoordinatorRuntime)
stream-state-bench-kafka  | [2026-07-15 22:43:03,459] INFO [GroupCoordinator id=1] Scheduling loading of metadata from __consumer_offsets-15 with epoch 0 (org.apache.kafka.coordinator.common.runtime.CoordinatorRuntime)
stream-state-bench-kafka  | [2026-07-15 22:43:03,459] INFO [GroupCoordinator id=1] Scheduling loading of metadata from __consumer_offsets-48 with epoch 0 (org.apache.kafka.coordinator.common.runtime.CoordinatorRuntime)
stream-state-bench-kafka  | [2026-07-15 22:43:03,459] INFO [GroupCoordinator id=1] Scheduling loading of metadata from __consumer_offsets-11 with epoch 0 (org.apache.kafka.coordinator.common.runtime.CoordinatorRuntime)
stream-state-bench-kafka  | [2026-07-15 22:43:03,459] INFO [GroupCoordinator id=1] Scheduling loading of metadata from __consumer_offsets-44 with epoch 0 (org.apache.kafka.coordinator.common.runtime.CoordinatorRuntime)
stream-state-bench-kafka  | [2026-07-15 22:43:03,459] INFO [GroupCoordinator id=1] Scheduling loading of metadata from __consumer_offsets-23 with epoch 0 (org.apache.kafka.coordinator.common.runtime.CoordinatorRuntime)
stream-state-bench-kafka  | [2026-07-15 22:43:03,460] INFO [GroupCoordinator id=1] Scheduling loading of metadata from __consumer_offsets-19 with epoch 0 (org.apache.kafka.coordinator.common.runtime.CoordinatorRuntime)
stream-state-bench-kafka  | [2026-07-15 22:43:03,460] INFO [GroupCoordinator id=1] Scheduling loading of metadata from __consumer_offsets-32 with epoch 0 (org.apache.kafka.coordinator.common.runtime.CoordinatorRuntime)
stream-state-bench-kafka  | [2026-07-15 22:43:03,460] INFO [GroupCoordinator id=1] Scheduling loading of metadata from __consumer_offsets-28 with epoch 0 (org.apache.kafka.coordinator.common.runtime.CoordinatorRuntime)
stream-state-bench-kafka  | [2026-07-15 22:43:03,460] INFO [GroupCoordinator id=1] Scheduling loading of metadata from __consumer_offsets-7 with epoch 0 (org.apache.kafka.coordinator.common.runtime.CoordinatorRuntime)
stream-state-bench-kafka  | [2026-07-15 22:43:03,461] INFO [GroupCoordinator id=1] Scheduling loading of metadata from __consumer_offsets-40 with epoch 0 (org.apache.kafka.coordinator.common.runtime.CoordinatorRuntime)
stream-state-bench-kafka  | [2026-07-15 22:43:03,461] INFO [GroupCoordinator id=1] Scheduling loading of metadata from __consumer_offsets-3 with epoch 0 (org.apache.kafka.coordinator.common.runtime.CoordinatorRuntime)
stream-state-bench-kafka  | [2026-07-15 22:43:03,461] INFO [GroupCoordinator id=1] Scheduling loading of metadata from __consumer_offsets-36 with epoch 0 (org.apache.kafka.coordinator.common.runtime.CoordinatorRuntime)
stream-state-bench-kafka  | [2026-07-15 22:43:03,461] INFO [GroupCoordinator id=1] Scheduling loading of metadata from __consumer_offsets-47 with epoch 0 (org.apache.kafka.coordinator.common.runtime.CoordinatorRuntime)
stream-state-bench-kafka  | [2026-07-15 22:43:03,461] INFO [GroupCoordinator id=1] Scheduling loading of metadata from __consumer_offsets-14 with epoch 0 (org.apache.kafka.coordinator.common.runtime.CoordinatorRuntime)
stream-state-bench-kafka  | [2026-07-15 22:43:03,461] INFO [GroupCoordinator id=1] Scheduling loading of metadata from __consumer_offsets-43 with epoch 0 (org.apache.kafka.coordinator.common.runtime.CoordinatorRuntime)
stream-state-bench-kafka  | [2026-07-15 22:43:03,462] INFO [GroupCoordinator id=1] Scheduling loading of metadata from __consumer_offsets-10 with epoch 0 (org.apache.kafka.coordinator.common.runtime.CoordinatorRuntime)
stream-state-bench-kafka  | [2026-07-15 22:43:03,462] INFO [GroupCoordinator id=1] Scheduling loading of metadata from __consumer_offsets-22 with epoch 0 (org.apache.kafka.coordinator.common.runtime.CoordinatorRuntime)
stream-state-bench-kafka  | [2026-07-15 22:43:03,462] INFO [GroupCoordinator id=1] Scheduling loading of metadata from __consumer_offsets-18 with epoch 0 (org.apache.kafka.coordinator.common.runtime.CoordinatorRuntime)
stream-state-bench-kafka  | [2026-07-15 22:43:03,462] INFO [GroupCoordinator id=1] Scheduling loading of metadata from __consumer_offsets-31 with epoch 0 (org.apache.kafka.coordinator.common.runtime.CoordinatorRuntime)
stream-state-bench-kafka  | [2026-07-15 22:43:03,462] INFO [GroupCoordinator id=1] Scheduling loading of metadata from __consumer_offsets-27 with epoch 0 (org.apache.kafka.coordinator.common.runtime.CoordinatorRuntime)
stream-state-bench-kafka  | [2026-07-15 22:43:03,462] INFO [GroupCoordinator id=1] Scheduling loading of metadata from __consumer_offsets-39 with epoch 0 (org.apache.kafka.coordinator.common.runtime.CoordinatorRuntime)
stream-state-bench-kafka  | [2026-07-15 22:43:03,462] INFO [GroupCoordinator id=1] Scheduling loading of metadata from __consumer_offsets-6 with epoch 0 (org.apache.kafka.coordinator.common.runtime.CoordinatorRuntime)
stream-state-bench-kafka  | [2026-07-15 22:43:03,463] INFO [GroupCoordinator id=1] Scheduling loading of metadata from __consumer_offsets-35 with epoch 0 (org.apache.kafka.coordinator.common.runtime.CoordinatorRuntime)
stream-state-bench-kafka  | [2026-07-15 22:43:03,463] INFO [GroupCoordinator id=1] Scheduling loading of metadata from __consumer_offsets-2 with epoch 0 (org.apache.kafka.coordinator.common.runtime.CoordinatorRuntime)
stream-state-bench-kafka  | [2026-07-15 22:43:03,464] INFO [GroupCoordinator id=1] Finished loading of metadata from __consumer_offsets-9 with epoch 0 in 1ms where 0ms was spent in the scheduler. Loaded 0 records which total to 0 bytes. (org.apache.kafka.coordinator.common.runtime.CoordinatorRuntime)
stream-state-bench-kafka  | [2026-07-15 22:43:03,464] INFO [GroupCoordinator id=1] Finished loading of metadata from __consumer_offsets-41 with epoch 0 in 2ms where 2ms was spent in the scheduler. Loaded 0 records which total to 0 bytes. (org.apache.kafka.coordinator.common.runtime.CoordinatorRuntime)
stream-state-bench-kafka  | [2026-07-15 22:43:03,464] INFO [GroupCoordinator id=1] Finished loading of metadata from __consumer_offsets-8 with epoch 0 in 2ms where 2ms was spent in the scheduler. Loaded 0 records which total to 0 bytes. (org.apache.kafka.coordinator.common.runtime.CoordinatorRuntime)
stream-state-bench-kafka  | [2026-07-15 22:43:03,464] INFO [GroupCoordinator id=1] Finished loading of metadata from __consumer_offsets-28 with epoch 0 in 0ms where 0ms was spent in the scheduler. Loaded 0 records which total to 0 bytes. (org.apache.kafka.coordinator.common.runtime.CoordinatorRuntime)
stream-state-bench-kafka  | [2026-07-15 22:43:03,464] INFO [DynamicConfigPublisher broker id=1] Updating topic __consumer_offsets with new configuration : compression.type -> producer,cleanup.policy -> compact,segment.bytes -> 104857600 (kafka.server.metadata.DynamicConfigPublisher)
stream-state-bench-kafka  | [2026-07-15 22:43:03,464] INFO [GroupCoordinator id=1] Finished loading of metadata from __consumer_offsets-44 with epoch 0 in 2ms where 2ms was spent in the scheduler. Loaded 0 records which total to 0 bytes. (org.apache.kafka.coordinator.common.runtime.CoordinatorRuntime)
stream-state-bench-kafka  | [2026-07-15 22:43:03,464] INFO [GroupCoordinator id=1] Finished loading of metadata from __consumer_offsets-19 with epoch 0 in 2ms where 2ms was spent in the scheduler. Loaded 0 records which total to 0 bytes. (org.apache.kafka.coordinator.common.runtime.CoordinatorRuntime)
stream-state-bench-kafka  | [2026-07-15 22:43:03,464] INFO [GroupCoordinator id=1] Finished loading of metadata from __consumer_offsets-36 with epoch 0 in 0ms where 0ms was spent in the scheduler. Loaded 0 records which total to 0 bytes. (org.apache.kafka.coordinator.common.runtime.CoordinatorRuntime)
stream-state-bench-kafka  | [2026-07-15 22:43:03,464] INFO [GroupCoordinator id=1] Finished loading of metadata from __consumer_offsets-39 with epoch 0 in 0ms where 0ms was spent in the scheduler. Loaded 0 records which total to 0 bytes. (org.apache.kafka.coordinator.common.runtime.CoordinatorRuntime)
stream-state-bench-kafka  | [2026-07-15 22:43:03,464] INFO [GroupCoordinator id=1] Finished loading of metadata from __consumer_offsets-45 with epoch 0 in 2ms where 2ms was spent in the scheduler. Loaded 0 records which total to 0 bytes. (org.apache.kafka.coordinator.common.runtime.CoordinatorRuntime)
stream-state-bench-kafka  | [2026-07-15 22:43:03,465] INFO [GroupCoordinator id=1] Finished loading of metadata from __consumer_offsets-0 with epoch 0 in 1ms where 1ms was spent in the scheduler. Loaded 0 records which total to 0 bytes. (org.apache.kafka.coordinator.common.runtime.CoordinatorRuntime)
stream-state-bench-kafka  | [2026-07-15 22:43:03,465] INFO [GroupCoordinator id=1] Finished loading of metadata from __consumer_offsets-25 with epoch 0 in 0ms where 0ms was spent in the scheduler. Loaded 0 records which total to 0 bytes. (org.apache.kafka.coordinator.common.runtime.CoordinatorRuntime)
stream-state-bench-kafka  | [2026-07-15 22:43:03,465] INFO [GroupCoordinator id=1] Finished loading of metadata from __consumer_offsets-37 with epoch 0 in 1ms where 1ms was spent in the scheduler. Loaded 0 records which total to 0 bytes. (org.apache.kafka.coordinator.common.runtime.CoordinatorRuntime)
stream-state-bench-kafka  | [2026-07-15 22:43:03,465] INFO [GroupCoordinator id=1] Finished loading of metadata from __consumer_offsets-34 with epoch 0 in 0ms where 0ms was spent in the scheduler. Loaded 0 records which total to 0 bytes. (org.apache.kafka.coordinator.common.runtime.CoordinatorRuntime)
stream-state-bench-kafka  | [2026-07-15 22:43:03,465] INFO [GroupCoordinator id=1] Finished loading of metadata from __consumer_offsets-10 with epoch 0 in 0ms where 0ms was spent in the scheduler. Loaded 0 records which total to 0 bytes. (org.apache.kafka.coordinator.common.runtime.CoordinatorRuntime)
stream-state-bench-kafka  | [2026-07-15 22:43:03,465] INFO [GroupCoordinator id=1] Finished loading of metadata from __consumer_offsets-42 with epoch 0 in 2ms where 2ms was spent in the scheduler. Loaded 0 records which total to 0 bytes. (org.apache.kafka.coordinator.common.runtime.CoordinatorRuntime)
stream-state-bench-kafka  | [2026-07-15 22:43:03,465] INFO [GroupCoordinator id=1] Finished loading of metadata from __consumer_offsets-13 with epoch 0 in 2ms where 2ms was spent in the scheduler. Loaded 0 records which total to 0 bytes. (org.apache.kafka.coordinator.common.runtime.CoordinatorRuntime)
stream-state-bench-kafka  | [2026-07-15 22:43:03,465] INFO [GroupCoordinator id=1] Finished loading of metadata from __consumer_offsets-38 with epoch 0 in 2ms where 2ms was spent in the scheduler. Loaded 0 records which total to 0 bytes. (org.apache.kafka.coordinator.common.runtime.CoordinatorRuntime)
stream-state-bench-kafka  | [2026-07-15 22:43:03,465] INFO [GroupCoordinator id=1] Finished loading of metadata from __consumer_offsets-29 with epoch 0 in 2ms where 2ms was spent in the scheduler. Loaded 0 records which total to 0 bytes. (org.apache.kafka.coordinator.common.runtime.CoordinatorRuntime)
stream-state-bench-kafka  | [2026-07-15 22:43:03,466] INFO [GroupCoordinator id=1] Finished loading of metadata from __consumer_offsets-18 with epoch 0 in 0ms where 0ms was spent in the scheduler. Loaded 0 records which total to 0 bytes. (org.apache.kafka.coordinator.common.runtime.CoordinatorRuntime)
stream-state-bench-kafka  | [2026-07-15 22:43:03,466] INFO [GroupCoordinator id=1] Finished loading of metadata from __consumer_offsets-15 with epoch 0 in 2ms where 2ms was spent in the scheduler. Loaded 0 records which total to 0 bytes. (org.apache.kafka.coordinator.common.runtime.CoordinatorRuntime)
stream-state-bench-kafka  | [2026-07-15 22:43:03,466] INFO [GroupCoordinator id=1] Finished loading of metadata from __consumer_offsets-24 with epoch 0 in 1ms where 1ms was spent in the scheduler. Loaded 0 records which total to 0 bytes. (org.apache.kafka.coordinator.common.runtime.CoordinatorRuntime)
stream-state-bench-kafka  | [2026-07-15 22:43:03,466] INFO [GroupCoordinator id=1] Finished loading of metadata from __consumer_offsets-48 with epoch 0 in 1ms where 1ms was spent in the scheduler. Loaded 0 records which total to 0 bytes. (org.apache.kafka.coordinator.common.runtime.CoordinatorRuntime)
stream-state-bench-kafka  | [2026-07-15 22:43:03,466] INFO [GroupCoordinator id=1] Finished loading of metadata from __consumer_offsets-11 with epoch 0 in 1ms where 1ms was spent in the scheduler. Loaded 0 records which total to 0 bytes. (org.apache.kafka.coordinator.common.runtime.CoordinatorRuntime)
stream-state-bench-kafka  | [2026-07-15 22:43:03,466] INFO [GroupCoordinator id=1] Finished loading of metadata from __consumer_offsets-47 with epoch 0 in 0ms where 0ms was spent in the scheduler. Loaded 0 records which total to 0 bytes. (org.apache.kafka.coordinator.common.runtime.CoordinatorRuntime)
stream-state-bench-kafka  | [2026-07-15 22:43:03,466] INFO [GroupCoordinator id=1] Finished loading of metadata from __consumer_offsets-26 with epoch 0 in 1ms where 1ms was spent in the scheduler. Loaded 0 records which total to 0 bytes. (org.apache.kafka.coordinator.common.runtime.CoordinatorRuntime)
stream-state-bench-kafka  | [2026-07-15 22:43:03,466] INFO [GroupCoordinator id=1] Finished loading of metadata from __consumer_offsets-17 with epoch 0 in 1ms where 1ms was spent in the scheduler. Loaded 0 records which total to 0 bytes. (org.apache.kafka.coordinator.common.runtime.CoordinatorRuntime)
stream-state-bench-kafka  | [2026-07-15 22:43:03,466] INFO [GroupCoordinator id=1] Finished loading of metadata from __consumer_offsets-5 with epoch 0 in 1ms where 1ms was spent in the scheduler. Loaded 0 records which total to 0 bytes. (org.apache.kafka.coordinator.common.runtime.CoordinatorRuntime)
stream-state-bench-kafka  | [2026-07-15 22:43:03,466] INFO [GroupCoordinator id=1] Finished loading of metadata from __consumer_offsets-30 with epoch 0 in 0ms where 0ms was spent in the scheduler. Loaded 0 records which total to 0 bytes. (org.apache.kafka.coordinator.common.runtime.CoordinatorRuntime)
stream-state-bench-kafka  | [2026-07-15 22:43:03,466] INFO [GroupCoordinator id=1] Finished loading of metadata from __consumer_offsets-23 with epoch 0 in 0ms where 0ms was spent in the scheduler. Loaded 0 records which total to 0 bytes. (org.apache.kafka.coordinator.common.runtime.CoordinatorRuntime)
stream-state-bench-kafka  | [2026-07-15 22:43:03,467] INFO [GroupCoordinator id=1] Finished loading of metadata from __consumer_offsets-40 with epoch 0 in 1ms where 1ms was spent in the scheduler. Loaded 0 records which total to 0 bytes. (org.apache.kafka.coordinator.common.runtime.CoordinatorRuntime)
stream-state-bench-kafka  | [2026-07-15 22:43:03,467] INFO [GroupCoordinator id=1] Finished loading of metadata from __consumer_offsets-46 with epoch 0 in 2ms where 2ms was spent in the scheduler. Loaded 0 records which total to 0 bytes. (org.apache.kafka.coordinator.common.runtime.CoordinatorRuntime)
stream-state-bench-kafka  | [2026-07-15 22:43:03,467] INFO [GroupCoordinator id=1] Finished loading of metadata from __consumer_offsets-7 with epoch 0 in 1ms where 1ms was spent in the scheduler. Loaded 0 records which total to 0 bytes. (org.apache.kafka.coordinator.common.runtime.CoordinatorRuntime)
stream-state-bench-kafka  | [2026-07-15 22:43:03,467] INFO [GroupCoordinator id=1] Finished loading of metadata from __consumer_offsets-12 with epoch 0 in 0ms where 0ms was spent in the scheduler. Loaded 0 records which total to 0 bytes. (org.apache.kafka.coordinator.common.runtime.CoordinatorRuntime)
stream-state-bench-kafka  | [2026-07-15 22:43:03,467] INFO [GroupCoordinator id=1] Finished loading of metadata from __consumer_offsets-20 with epoch 0 in 2ms where 1ms was spent in the scheduler. Loaded 0 records which total to 0 bytes. (org.apache.kafka.coordinator.common.runtime.CoordinatorRuntime)
stream-state-bench-kafka  | [2026-07-15 22:43:03,467] INFO [GroupCoordinator id=1] Finished loading of metadata from __consumer_offsets-49 with epoch 0 in 1ms where 1ms was spent in the scheduler. Loaded 0 records which total to 0 bytes. (org.apache.kafka.coordinator.common.runtime.CoordinatorRuntime)
stream-state-bench-kafka  | [2026-07-15 22:43:03,467] INFO [GroupCoordinator id=1] Finished loading of metadata from __consumer_offsets-22 with epoch 0 in 1ms where 1ms was spent in the scheduler. Loaded 0 records which total to 0 bytes. (org.apache.kafka.coordinator.common.runtime.CoordinatorRuntime)
stream-state-bench-kafka  | [2026-07-15 22:43:03,467] INFO [GroupCoordinator id=1] Finished loading of metadata from __consumer_offsets-43 with epoch 0 in 0ms where 0ms was spent in the scheduler. Loaded 0 records which total to 0 bytes. (org.apache.kafka.coordinator.common.runtime.CoordinatorRuntime)
stream-state-bench-kafka  | [2026-07-15 22:43:03,467] INFO [GroupCoordinator id=1] Finished loading of metadata from __consumer_offsets-4 with epoch 0 in 1ms where 1ms was spent in the scheduler. Loaded 0 records which total to 0 bytes. (org.apache.kafka.coordinator.common.runtime.CoordinatorRuntime)
stream-state-bench-kafka  | [2026-07-15 22:43:03,467] INFO [GroupCoordinator id=1] Finished loading of metadata from __consumer_offsets-14 with epoch 0 in 0ms where 0ms was spent in the scheduler. Loaded 0 records which total to 0 bytes. (org.apache.kafka.coordinator.common.runtime.CoordinatorRuntime)
stream-state-bench-kafka  | [2026-07-15 22:43:03,467] INFO [GroupCoordinator id=1] Finished loading of metadata from __consumer_offsets-6 with epoch 0 in 0ms where 0ms was spent in the scheduler. Loaded 0 records which total to 0 bytes. (org.apache.kafka.coordinator.common.runtime.CoordinatorRuntime)
stream-state-bench-kafka  | [2026-07-15 22:43:03,467] INFO [GroupCoordinator id=1] Finished loading of metadata from __consumer_offsets-32 with epoch 0 in 1ms where 1ms was spent in the scheduler. Loaded 0 records which total to 0 bytes. (org.apache.kafka.coordinator.common.runtime.CoordinatorRuntime)
stream-state-bench-kafka  | [2026-07-15 22:43:03,467] INFO [GroupCoordinator id=1] Finished loading of metadata from __consumer_offsets-16 with epoch 0 in 0ms where 0ms was spent in the scheduler. Loaded 0 records which total to 0 bytes. (org.apache.kafka.coordinator.common.runtime.CoordinatorRuntime)
stream-state-bench-kafka  | [2026-07-15 22:43:03,467] INFO [GroupCoordinator id=1] Finished loading of metadata from __consumer_offsets-33 with epoch 0 in 1ms where 1ms was spent in the scheduler. Loaded 0 records which total to 0 bytes. (org.apache.kafka.coordinator.common.runtime.CoordinatorRuntime)
stream-state-bench-kafka  | [2026-07-15 22:43:03,467] INFO [GroupCoordinator id=1] Finished loading of metadata from __consumer_offsets-3 with epoch 0 in 0ms where 0ms was spent in the scheduler. Loaded 0 records which total to 0 bytes. (org.apache.kafka.coordinator.common.runtime.CoordinatorRuntime)
stream-state-bench-kafka  | [2026-07-15 22:43:03,468] INFO [GroupCoordinator id=1] Finished loading of metadata from __consumer_offsets-2 with epoch 0 in 0ms where 0ms was spent in the scheduler. Loaded 0 records which total to 0 bytes. (org.apache.kafka.coordinator.common.runtime.CoordinatorRuntime)
stream-state-bench-kafka  | [2026-07-15 22:43:03,468] INFO [GroupCoordinator id=1] Finished loading of metadata from __consumer_offsets-31 with epoch 0 in 0ms where 0ms was spent in the scheduler. Loaded 0 records which total to 0 bytes. (org.apache.kafka.coordinator.common.runtime.CoordinatorRuntime)
stream-state-bench-kafka  | [2026-07-15 22:43:03,468] INFO [GroupCoordinator id=1] Finished loading of metadata from __consumer_offsets-27 with epoch 0 in 0ms where 0ms was spent in the scheduler. Loaded 0 records which total to 0 bytes. (org.apache.kafka.coordinator.common.runtime.CoordinatorRuntime)
stream-state-bench-kafka  | [2026-07-15 22:43:03,468] INFO [GroupCoordinator id=1] Finished loading of metadata from __consumer_offsets-21 with epoch 0 in 0ms where 0ms was spent in the scheduler. Loaded 0 records which total to 0 bytes. (org.apache.kafka.coordinator.common.runtime.CoordinatorRuntime)
stream-state-bench-kafka  | [2026-07-15 22:43:03,468] INFO [GroupCoordinator id=1] Finished loading of metadata from __consumer_offsets-1 with epoch 0 in 0ms where 0ms was spent in the scheduler. Loaded 0 records which total to 0 bytes. (org.apache.kafka.coordinator.common.runtime.CoordinatorRuntime)
stream-state-bench-kafka  | [2026-07-15 22:43:03,468] INFO [GroupCoordinator id=1] Finished loading of metadata from __consumer_offsets-35 with epoch 0 in 0ms where 0ms was spent in the scheduler. Loaded 0 records which total to 0 bytes. (org.apache.kafka.coordinator.common.runtime.CoordinatorRuntime)
stream-state-bench-kafka  | [2026-07-15 22:43:03,544] INFO [GroupCoordinator id=1 topic=__consumer_offsets partition=42] Dynamic member with unknown member id joins group stream-state-bench-w5-latency-stream_stream_join-rate10 in Empty state. Created a new member id stream-state-bench-w5-latency-stream_stream_join-rate10-109aedde-e518-40ed-a34d-8dde1edeb15e-StreamThread-1-consumer-94f35182-d7be-40e4-b89d-d68880b8e9c1 and requesting the member to rejoin with this id. (org.apache.kafka.coordinator.group.GroupMetadataManager)
stream-state-bench-kafka  | [2026-07-15 22:43:03,554] INFO [GroupCoordinator id=1 topic=__consumer_offsets partition=42] Pending dynamic member with id stream-state-bench-w5-latency-stream_stream_join-rate10-109aedde-e518-40ed-a34d-8dde1edeb15e-StreamThread-1-consumer-94f35182-d7be-40e4-b89d-d68880b8e9c1 joins group stream-state-bench-w5-latency-stream_stream_join-rate10 in Empty state. Adding to the group now. (org.apache.kafka.coordinator.group.GroupMetadataManager)
stream-state-bench-kafka  | [2026-07-15 22:43:03,555] INFO [GroupCoordinator id=1 topic=__consumer_offsets partition=42] Preparing to rebalance group stream-state-bench-w5-latency-stream_stream_join-rate10 in state PreparingRebalance with old generation 0 (reason: Adding new member stream-state-bench-w5-latency-stream_stream_join-rate10-109aedde-e518-40ed-a34d-8dde1edeb15e-StreamThread-1-consumer-94f35182-d7be-40e4-b89d-d68880b8e9c1 with group instance id null; client reason: need to re-join with the given member-id: stream-state-bench-w5-latency-stream_stream_join-rate10-109aedde-e518-40ed-a34d-8dde1edeb15e-StreamThread-1-consumer-94f35182-d7be-40e4-b89d-d68880b8e9c1). (org.apache.kafka.coordinator.group.GroupMetadataManager)
stream-state-bench-kafka  | [2026-07-15 22:43:03,558] INFO [GroupCoordinator id=1 topic=__consumer_offsets partition=42] Stabilized group stream-state-bench-w5-latency-stream_stream_join-rate10 generation 1 with 1 members. (org.apache.kafka.coordinator.group.GroupMetadataManager)
stream-state-bench-kafka  | [2026-07-15 22:43:03,952] INFO [ReplicaFetcherManager on broker 1] Removed fetcher for partitions Set(stream-state-bench-w5-latency-stream_stream_join-rate10-KSTREAM-KEY-SELECT-0000000001-repartition-0, stream-state-bench-w5-latency-stream_stream_join-rate10-KSTREAM-KEY-SELECT-0000000003-repartition-0) (kafka.server.ReplicaFetcherManager)
stream-state-bench-kafka  | [2026-07-15 22:43:03,956] INFO [LogLoader partition=stream-state-bench-w5-latency-stream_stream_join-rate10-KSTREAM-KEY-SELECT-0000000001-repartition-0, dir=/tmp/kafka-logs] Loading producer state till offset 0 (org.apache.kafka.storage.internals.log.UnifiedLog)
stream-state-bench-kafka  | [2026-07-15 22:43:03,957] INFO Created log for partition stream-state-bench-w5-latency-stream_stream_join-rate10-KSTREAM-KEY-SELECT-0000000001-repartition-0 in /tmp/kafka-logs/stream-state-bench-w5-latency-stream_stream_join-rate10-KSTREAM-KEY-SELECT-0000000001-repartition-0 with properties {cleanup.policy=delete, message.timestamp.type="CreateTime", retention.ms=-1, segment.bytes=52428800} (kafka.log.LogManager)
stream-state-bench-kafka  | [2026-07-15 22:43:03,957] INFO [Partition stream-state-bench-w5-latency-stream_stream_join-rate10-KSTREAM-KEY-SELECT-0000000001-repartition-0 broker=1] No checkpointed highwatermark is found for partition stream-state-bench-w5-latency-stream_stream_join-rate10-KSTREAM-KEY-SELECT-0000000001-repartition-0 (kafka.cluster.Partition)
stream-state-bench-kafka  | [2026-07-15 22:43:03,957] INFO [Partition stream-state-bench-w5-latency-stream_stream_join-rate10-KSTREAM-KEY-SELECT-0000000001-repartition-0 broker=1] Log loaded for partition stream-state-bench-w5-latency-stream_stream_join-rate10-KSTREAM-KEY-SELECT-0000000001-repartition-0 with initial high watermark 0 (kafka.cluster.Partition)
stream-state-bench-kafka  | [2026-07-15 22:43:03,964] INFO [LogLoader partition=stream-state-bench-w5-latency-stream_stream_join-rate10-KSTREAM-KEY-SELECT-0000000003-repartition-0, dir=/tmp/kafka-logs] Loading producer state till offset 0 (org.apache.kafka.storage.internals.log.UnifiedLog)
stream-state-bench-kafka  | [2026-07-15 22:43:03,964] INFO Created log for partition stream-state-bench-w5-latency-stream_stream_join-rate10-KSTREAM-KEY-SELECT-0000000003-repartition-0 in /tmp/kafka-logs/stream-state-bench-w5-latency-stream_stream_join-rate10-KSTREAM-KEY-SELECT-0000000003-repartition-0 with properties {cleanup.policy=delete, message.timestamp.type="CreateTime", retention.ms=-1, segment.bytes=52428800} (kafka.log.LogManager)
stream-state-bench-kafka  | [2026-07-15 22:43:03,964] INFO [Partition stream-state-bench-w5-latency-stream_stream_join-rate10-KSTREAM-KEY-SELECT-0000000003-repartition-0 broker=1] No checkpointed highwatermark is found for partition stream-state-bench-w5-latency-stream_stream_join-rate10-KSTREAM-KEY-SELECT-0000000003-repartition-0 (kafka.cluster.Partition)
stream-state-bench-kafka  | [2026-07-15 22:43:03,964] INFO [Partition stream-state-bench-w5-latency-stream_stream_join-rate10-KSTREAM-KEY-SELECT-0000000003-repartition-0 broker=1] Log loaded for partition stream-state-bench-w5-latency-stream_stream_join-rate10-KSTREAM-KEY-SELECT-0000000003-repartition-0 with initial high watermark 0 (kafka.cluster.Partition)
stream-state-bench-kafka  | [2026-07-15 22:43:03,968] INFO [DynamicConfigPublisher broker id=1] Updating topic stream-state-bench-w5-latency-stream_stream_join-rate10-KSTREAM-KEY-SELECT-0000000001-repartition with new configuration : cleanup.policy -> delete,message.timestamp.type -> CreateTime,segment.bytes -> 52428800,retention.ms -> -1 (kafka.server.metadata.DynamicConfigPublisher)
stream-state-bench-kafka  | [2026-07-15 22:43:03,969] INFO [DynamicConfigPublisher broker id=1] Updating topic stream-state-bench-w5-latency-stream_stream_join-rate10-KSTREAM-KEY-SELECT-0000000003-repartition with new configuration : cleanup.policy -> delete,message.timestamp.type -> CreateTime,segment.bytes -> 52428800,retention.ms -> -1 (kafka.server.metadata.DynamicConfigPublisher)
stream-state-bench-kafka  | [2026-07-15 22:43:04,095] INFO [ReplicaFetcherManager on broker 1] Removed fetcher for partitions Set(stream-state-bench-w5-latency-stream_stream_join-rate10-KSTREAM-JOINTHIS-0000000012-store-changelog-0, stream-state-bench-w5-latency-stream_stream_join-rate10-KSTREAM-JOINOTHER-0000000013-store-changelog-0) (kafka.server.ReplicaFetcherManager)
stream-state-bench-kafka  | [2026-07-15 22:43:04,098] INFO [LogLoader partition=stream-state-bench-w5-latency-stream_stream_join-rate10-KSTREAM-JOINTHIS-0000000012-store-changelog-0, dir=/tmp/kafka-logs] Loading producer state till offset 0 (org.apache.kafka.storage.internals.log.UnifiedLog)
stream-state-bench-kafka  | [2026-07-15 22:43:04,099] INFO Created log for partition stream-state-bench-w5-latency-stream_stream_join-rate10-KSTREAM-JOINTHIS-0000000012-store-changelog-0 in /tmp/kafka-logs/stream-state-bench-w5-latency-stream_stream_join-rate10-KSTREAM-JOINTHIS-0000000012-store-changelog-0 with properties {cleanup.policy=delete, message.timestamp.type="CreateTime", retention.ms=87600000} (kafka.log.LogManager)
stream-state-bench-kafka  | [2026-07-15 22:43:04,100] INFO [Partition stream-state-bench-w5-latency-stream_stream_join-rate10-KSTREAM-JOINTHIS-0000000012-store-changelog-0 broker=1] No checkpointed highwatermark is found for partition stream-state-bench-w5-latency-stream_stream_join-rate10-KSTREAM-JOINTHIS-0000000012-store-changelog-0 (kafka.cluster.Partition)
stream-state-bench-kafka  | [2026-07-15 22:43:04,100] INFO [Partition stream-state-bench-w5-latency-stream_stream_join-rate10-KSTREAM-JOINTHIS-0000000012-store-changelog-0 broker=1] Log loaded for partition stream-state-bench-w5-latency-stream_stream_join-rate10-KSTREAM-JOINTHIS-0000000012-store-changelog-0 with initial high watermark 0 (kafka.cluster.Partition)
stream-state-bench-kafka  | [2026-07-15 22:43:04,106] INFO [LogLoader partition=stream-state-bench-w5-latency-stream_stream_join-rate10-KSTREAM-JOINOTHER-0000000013-store-changelog-0, dir=/tmp/kafka-logs] Loading producer state till offset 0 (org.apache.kafka.storage.internals.log.UnifiedLog)
stream-state-bench-kafka  | [2026-07-15 22:43:04,107] INFO Created log for partition stream-state-bench-w5-latency-stream_stream_join-rate10-KSTREAM-JOINOTHER-0000000013-store-changelog-0 in /tmp/kafka-logs/stream-state-bench-w5-latency-stream_stream_join-rate10-KSTREAM-JOINOTHER-0000000013-store-changelog-0 with properties {cleanup.policy=delete, message.timestamp.type="CreateTime", retention.ms=87600000} (kafka.log.LogManager)
stream-state-bench-kafka  | [2026-07-15 22:43:04,107] INFO [Partition stream-state-bench-w5-latency-stream_stream_join-rate10-KSTREAM-JOINOTHER-0000000013-store-changelog-0 broker=1] No checkpointed highwatermark is found for partition stream-state-bench-w5-latency-stream_stream_join-rate10-KSTREAM-JOINOTHER-0000000013-store-changelog-0 (kafka.cluster.Partition)
stream-state-bench-kafka  | [2026-07-15 22:43:04,107] INFO [Partition stream-state-bench-w5-latency-stream_stream_join-rate10-KSTREAM-JOINOTHER-0000000013-store-changelog-0 broker=1] Log loaded for partition stream-state-bench-w5-latency-stream_stream_join-rate10-KSTREAM-JOINOTHER-0000000013-store-changelog-0 with initial high watermark 0 (kafka.cluster.Partition)
stream-state-bench-kafka  | [2026-07-15 22:43:04,111] INFO [DynamicConfigPublisher broker id=1] Updating topic stream-state-bench-w5-latency-stream_stream_join-rate10-KSTREAM-JOINOTHER-0000000013-store-changelog with new configuration : cleanup.policy -> delete,message.timestamp.type -> CreateTime,retention.ms -> 87600000 (kafka.server.metadata.DynamicConfigPublisher)
stream-state-bench-kafka  | [2026-07-15 22:43:04,111] INFO [DynamicConfigPublisher broker id=1] Updating topic stream-state-bench-w5-latency-stream_stream_join-rate10-KSTREAM-JOINTHIS-0000000012-store-changelog with new configuration : cleanup.policy -> delete,message.timestamp.type -> CreateTime,retention.ms -> 87600000 (kafka.server.metadata.DynamicConfigPublisher)
stream-state-bench-kafka  | [2026-07-15 22:43:04,234] INFO [GroupCoordinator id=1 topic=__consumer_offsets partition=42] Assignment received from leader stream-state-bench-w5-latency-stream_stream_join-rate10-109aedde-e518-40ed-a34d-8dde1edeb15e-StreamThread-1-consumer-94f35182-d7be-40e4-b89d-d68880b8e9c1 for group stream-state-bench-w5-latency-stream_stream_join-rate10 for generation 1. The group has 1 members, 0 of which are static. (org.apache.kafka.coordinator.group.GroupMetadataManager)
stream-state-bench-kafka  | [2026-07-15 22:43:04,298] INFO [GroupCoordinator id=1 topic=__consumer_offsets partition=42] Preparing to rebalance group stream-state-bench-w5-latency-stream_stream_join-rate10 in state PreparingRebalance with old generation 1 (reason: Leader stream-state-bench-w5-latency-stream_stream_join-rate10-109aedde-e518-40ed-a34d-8dde1edeb15e-StreamThread-1-consumer-94f35182-d7be-40e4-b89d-d68880b8e9c1 re-joining group during Stable; client reason: cached metadata has changed). (org.apache.kafka.coordinator.group.GroupMetadataManager)
stream-state-bench-kafka  | [2026-07-15 22:43:04,298] INFO [GroupCoordinator id=1 topic=__consumer_offsets partition=42] Stabilized group stream-state-bench-w5-latency-stream_stream_join-rate10 generation 2 with 1 members. (org.apache.kafka.coordinator.group.GroupMetadataManager)
stream-state-bench-kafka  | [2026-07-15 22:43:04,325] INFO [GroupCoordinator id=1 topic=__consumer_offsets partition=42] Assignment received from leader stream-state-bench-w5-latency-stream_stream_join-rate10-109aedde-e518-40ed-a34d-8dde1edeb15e-StreamThread-1-consumer-94f35182-d7be-40e4-b89d-d68880b8e9c1 for group stream-state-bench-w5-latency-stream_stream_join-rate10 for generation 2. The group has 1 members, 0 of which are static. (org.apache.kafka.coordinator.group.GroupMetadataManager)
stream-state-bench-kafka  | [2026-07-15 22:43:04,358] INFO Sent auto-creation request for Set(__transaction_state) to the active controller. (kafka.server.DefaultAutoTopicCreationManager)
stream-state-bench-kafka  | [2026-07-15 22:43:04,390] INFO [ReplicaFetcherManager on broker 1] Removed fetcher for partitions Set(__transaction_state-42, __transaction_state-13, __transaction_state-46, __transaction_state-17, __transaction_state-34, __transaction_state-5, __transaction_state-38, __transaction_state-9, __transaction_state-26, __transaction_state-30, __transaction_state-1, __transaction_state-18, __transaction_state-22, __transaction_state-12, __transaction_state-45, __transaction_state-16, __transaction_state-49, __transaction_state-4, __transaction_state-37, __transaction_state-8, __transaction_state-41, __transaction_state-29, __transaction_state-0, __transaction_state-33, __transaction_state-21, __transaction_state-25, __transaction_state-11, __transaction_state-44, __transaction_state-15, __transaction_state-48, __transaction_state-3, __transaction_state-36, __transaction_state-7, __transaction_state-40, __transaction_state-28, __transaction_state-32, __transaction_state-20, __transaction_state-24, __transaction_state-10, __transaction_state-43, __transaction_state-14, __transaction_state-47, __transaction_state-2, __transaction_state-35, __transaction_state-6, __transaction_state-39, __transaction_state-27, __transaction_state-31, __transaction_state-19, __transaction_state-23) (kafka.server.ReplicaFetcherManager)
stream-state-bench-kafka  | [2026-07-15 22:43:04,393] INFO [LogLoader partition=__transaction_state-42, dir=/tmp/kafka-logs] Loading producer state till offset 0 (org.apache.kafka.storage.internals.log.UnifiedLog)
stream-state-bench-kafka  | [2026-07-15 22:43:04,394] INFO Created log for partition __transaction_state-42 in /tmp/kafka-logs/__transaction_state-42 with properties {cleanup.policy=compact, compression.type="uncompressed", min.insync.replicas=1, segment.bytes=104857600, unclean.leader.election.enable=false} (kafka.log.LogManager)
stream-state-bench-kafka  | [2026-07-15 22:43:04,395] INFO [Partition __transaction_state-42 broker=1] No checkpointed highwatermark is found for partition __transaction_state-42 (kafka.cluster.Partition)
stream-state-bench-kafka  | [2026-07-15 22:43:04,395] INFO [Partition __transaction_state-42 broker=1] Log loaded for partition __transaction_state-42 with initial high watermark 0 (kafka.cluster.Partition)
stream-state-bench-kafka  | [2026-07-15 22:43:04,400] INFO [LogLoader partition=__transaction_state-13, dir=/tmp/kafka-logs] Loading producer state till offset 0 (org.apache.kafka.storage.internals.log.UnifiedLog)
stream-state-bench-kafka  | [2026-07-15 22:43:04,401] INFO Created log for partition __transaction_state-13 in /tmp/kafka-logs/__transaction_state-13 with properties {cleanup.policy=compact, compression.type="uncompressed", min.insync.replicas=1, segment.bytes=104857600, unclean.leader.election.enable=false} (kafka.log.LogManager)
stream-state-bench-kafka  | [2026-07-15 22:43:04,401] INFO [Partition __transaction_state-13 broker=1] No checkpointed highwatermark is found for partition __transaction_state-13 (kafka.cluster.Partition)
stream-state-bench-kafka  | [2026-07-15 22:43:04,401] INFO [Partition __transaction_state-13 broker=1] Log loaded for partition __transaction_state-13 with initial high watermark 0 (kafka.cluster.Partition)
stream-state-bench-kafka  | [2026-07-15 22:43:04,407] INFO [LogLoader partition=__transaction_state-46, dir=/tmp/kafka-logs] Loading producer state till offset 0 (org.apache.kafka.storage.internals.log.UnifiedLog)
stream-state-bench-kafka  | [2026-07-15 22:43:04,407] INFO Created log for partition __transaction_state-46 in /tmp/kafka-logs/__transaction_state-46 with properties {cleanup.policy=compact, compression.type="uncompressed", min.insync.replicas=1, segment.bytes=104857600, unclean.leader.election.enable=false} (kafka.log.LogManager)
stream-state-bench-kafka  | [2026-07-15 22:43:04,407] INFO [Partition __transaction_state-46 broker=1] No checkpointed highwatermark is found for partition __transaction_state-46 (kafka.cluster.Partition)
stream-state-bench-kafka  | [2026-07-15 22:43:04,407] INFO [Partition __transaction_state-46 broker=1] Log loaded for partition __transaction_state-46 with initial high watermark 0 (kafka.cluster.Partition)
stream-state-bench-kafka  | [2026-07-15 22:43:04,414] INFO [LogLoader partition=__transaction_state-17, dir=/tmp/kafka-logs] Loading producer state till offset 0 (org.apache.kafka.storage.internals.log.UnifiedLog)
stream-state-bench-kafka  | [2026-07-15 22:43:04,414] INFO Created log for partition __transaction_state-17 in /tmp/kafka-logs/__transaction_state-17 with properties {cleanup.policy=compact, compression.type="uncompressed", min.insync.replicas=1, segment.bytes=104857600, unclean.leader.election.enable=false} (kafka.log.LogManager)
stream-state-bench-kafka  | [2026-07-15 22:43:04,414] INFO [Partition __transaction_state-17 broker=1] No checkpointed highwatermark is found for partition __transaction_state-17 (kafka.cluster.Partition)
stream-state-bench-kafka  | [2026-07-15 22:43:04,414] INFO [Partition __transaction_state-17 broker=1] Log loaded for partition __transaction_state-17 with initial high watermark 0 (kafka.cluster.Partition)
stream-state-bench-kafka  | [2026-07-15 22:43:04,422] INFO [LogLoader partition=__transaction_state-34, dir=/tmp/kafka-logs] Loading producer state till offset 0 (org.apache.kafka.storage.internals.log.UnifiedLog)
stream-state-bench-kafka  | [2026-07-15 22:43:04,422] INFO Created log for partition __transaction_state-34 in /tmp/kafka-logs/__transaction_state-34 with properties {cleanup.policy=compact, compression.type="uncompressed", min.insync.replicas=1, segment.bytes=104857600, unclean.leader.election.enable=false} (kafka.log.LogManager)
stream-state-bench-kafka  | [2026-07-15 22:43:04,423] INFO [Partition __transaction_state-34 broker=1] No checkpointed highwatermark is found for partition __transaction_state-34 (kafka.cluster.Partition)
stream-state-bench-kafka  | [2026-07-15 22:43:04,423] INFO [Partition __transaction_state-34 broker=1] Log loaded for partition __transaction_state-34 with initial high watermark 0 (kafka.cluster.Partition)
stream-state-bench-kafka  | [2026-07-15 22:43:04,429] INFO [LogLoader partition=__transaction_state-5, dir=/tmp/kafka-logs] Loading producer state till offset 0 (org.apache.kafka.storage.internals.log.UnifiedLog)
stream-state-bench-kafka  | [2026-07-15 22:43:04,430] INFO Created log for partition __transaction_state-5 in /tmp/kafka-logs/__transaction_state-5 with properties {cleanup.policy=compact, compression.type="uncompressed", min.insync.replicas=1, segment.bytes=104857600, unclean.leader.election.enable=false} (kafka.log.LogManager)
stream-state-bench-kafka  | [2026-07-15 22:43:04,430] INFO [Partition __transaction_state-5 broker=1] No checkpointed highwatermark is found for partition __transaction_state-5 (kafka.cluster.Partition)
stream-state-bench-kafka  | [2026-07-15 22:43:04,430] INFO [Partition __transaction_state-5 broker=1] Log loaded for partition __transaction_state-5 with initial high watermark 0 (kafka.cluster.Partition)
stream-state-bench-kafka  | [2026-07-15 22:43:04,437] INFO [LogLoader partition=__transaction_state-38, dir=/tmp/kafka-logs] Loading producer state till offset 0 (org.apache.kafka.storage.internals.log.UnifiedLog)
stream-state-bench-kafka  | [2026-07-15 22:43:04,438] INFO Created log for partition __transaction_state-38 in /tmp/kafka-logs/__transaction_state-38 with properties {cleanup.policy=compact, compression.type="uncompressed", min.insync.replicas=1, segment.bytes=104857600, unclean.leader.election.enable=false} (kafka.log.LogManager)
stream-state-bench-kafka  | [2026-07-15 22:43:04,438] INFO [Partition __transaction_state-38 broker=1] No checkpointed highwatermark is found for partition __transaction_state-38 (kafka.cluster.Partition)
stream-state-bench-kafka  | [2026-07-15 22:43:04,438] INFO [Partition __transaction_state-38 broker=1] Log loaded for partition __transaction_state-38 with initial high watermark 0 (kafka.cluster.Partition)
stream-state-bench-kafka  | [2026-07-15 22:43:04,446] INFO [LogLoader partition=__transaction_state-9, dir=/tmp/kafka-logs] Loading producer state till offset 0 (org.apache.kafka.storage.internals.log.UnifiedLog)
stream-state-bench-kafka  | [2026-07-15 22:43:04,446] INFO Created log for partition __transaction_state-9 in /tmp/kafka-logs/__transaction_state-9 with properties {cleanup.policy=compact, compression.type="uncompressed", min.insync.replicas=1, segment.bytes=104857600, unclean.leader.election.enable=false} (kafka.log.LogManager)
stream-state-bench-kafka  | [2026-07-15 22:43:04,446] INFO [Partition __transaction_state-9 broker=1] No checkpointed highwatermark is found for partition __transaction_state-9 (kafka.cluster.Partition)
stream-state-bench-kafka  | [2026-07-15 22:43:04,446] INFO [Partition __transaction_state-9 broker=1] Log loaded for partition __transaction_state-9 with initial high watermark 0 (kafka.cluster.Partition)
stream-state-bench-kafka  | [2026-07-15 22:43:04,452] INFO [LogLoader partition=__transaction_state-26, dir=/tmp/kafka-logs] Loading producer state till offset 0 (org.apache.kafka.storage.internals.log.UnifiedLog)
stream-state-bench-kafka  | [2026-07-15 22:43:04,453] INFO Created log for partition __transaction_state-26 in /tmp/kafka-logs/__transaction_state-26 with properties {cleanup.policy=compact, compression.type="uncompressed", min.insync.replicas=1, segment.bytes=104857600, unclean.leader.election.enable=false} (kafka.log.LogManager)
stream-state-bench-kafka  | [2026-07-15 22:43:04,453] INFO [Partition __transaction_state-26 broker=1] No checkpointed highwatermark is found for partition __transaction_state-26 (kafka.cluster.Partition)
stream-state-bench-kafka  | [2026-07-15 22:43:04,453] INFO [Partition __transaction_state-26 broker=1] Log loaded for partition __transaction_state-26 with initial high watermark 0 (kafka.cluster.Partition)
stream-state-bench-kafka  | [2026-07-15 22:43:04,459] INFO [LogLoader partition=__transaction_state-30, dir=/tmp/kafka-logs] Loading producer state till offset 0 (org.apache.kafka.storage.internals.log.UnifiedLog)
stream-state-bench-kafka  | [2026-07-15 22:43:04,459] INFO Created log for partition __transaction_state-30 in /tmp/kafka-logs/__transaction_state-30 with properties {cleanup.policy=compact, compression.type="uncompressed", min.insync.replicas=1, segment.bytes=104857600, unclean.leader.election.enable=false} (kafka.log.LogManager)
stream-state-bench-kafka  | [2026-07-15 22:43:04,460] INFO [Partition __transaction_state-30 broker=1] No checkpointed highwatermark is found for partition __transaction_state-30 (kafka.cluster.Partition)
stream-state-bench-kafka  | [2026-07-15 22:43:04,460] INFO [Partition __transaction_state-30 broker=1] Log loaded for partition __transaction_state-30 with initial high watermark 0 (kafka.cluster.Partition)
stream-state-bench-kafka  | [2026-07-15 22:43:04,466] INFO [LogLoader partition=__transaction_state-1, dir=/tmp/kafka-logs] Loading producer state till offset 0 (org.apache.kafka.storage.internals.log.UnifiedLog)
stream-state-bench-kafka  | [2026-07-15 22:43:04,466] INFO Created log for partition __transaction_state-1 in /tmp/kafka-logs/__transaction_state-1 with properties {cleanup.policy=compact, compression.type="uncompressed", min.insync.replicas=1, segment.bytes=104857600, unclean.leader.election.enable=false} (kafka.log.LogManager)
stream-state-bench-kafka  | [2026-07-15 22:43:04,467] INFO [Partition __transaction_state-1 broker=1] No checkpointed highwatermark is found for partition __transaction_state-1 (kafka.cluster.Partition)
stream-state-bench-kafka  | [2026-07-15 22:43:04,467] INFO [Partition __transaction_state-1 broker=1] Log loaded for partition __transaction_state-1 with initial high watermark 0 (kafka.cluster.Partition)
stream-state-bench-kafka  | [2026-07-15 22:43:04,472] INFO [LogLoader partition=__transaction_state-18, dir=/tmp/kafka-logs] Loading producer state till offset 0 (org.apache.kafka.storage.internals.log.UnifiedLog)
stream-state-bench-kafka  | [2026-07-15 22:43:04,473] INFO Created log for partition __transaction_state-18 in /tmp/kafka-logs/__transaction_state-18 with properties {cleanup.policy=compact, compression.type="uncompressed", min.insync.replicas=1, segment.bytes=104857600, unclean.leader.election.enable=false} (kafka.log.LogManager)
stream-state-bench-kafka  | [2026-07-15 22:43:04,473] INFO [Partition __transaction_state-18 broker=1] No checkpointed highwatermark is found for partition __transaction_state-18 (kafka.cluster.Partition)
stream-state-bench-kafka  | [2026-07-15 22:43:04,473] INFO [Partition __transaction_state-18 broker=1] Log loaded for partition __transaction_state-18 with initial high watermark 0 (kafka.cluster.Partition)
stream-state-bench-kafka  | [2026-07-15 22:43:04,479] INFO [LogLoader partition=__transaction_state-22, dir=/tmp/kafka-logs] Loading producer state till offset 0 (org.apache.kafka.storage.internals.log.UnifiedLog)
stream-state-bench-kafka  | [2026-07-15 22:43:04,480] INFO Created log for partition __transaction_state-22 in /tmp/kafka-logs/__transaction_state-22 with properties {cleanup.policy=compact, compression.type="uncompressed", min.insync.replicas=1, segment.bytes=104857600, unclean.leader.election.enable=false} (kafka.log.LogManager)
stream-state-bench-kafka  | [2026-07-15 22:43:04,480] INFO [Partition __transaction_state-22 broker=1] No checkpointed highwatermark is found for partition __transaction_state-22 (kafka.cluster.Partition)
stream-state-bench-kafka  | [2026-07-15 22:43:04,480] INFO [Partition __transaction_state-22 broker=1] Log loaded for partition __transaction_state-22 with initial high watermark 0 (kafka.cluster.Partition)
stream-state-bench-kafka  | [2026-07-15 22:43:04,487] INFO [LogLoader partition=__transaction_state-12, dir=/tmp/kafka-logs] Loading producer state till offset 0 (org.apache.kafka.storage.internals.log.UnifiedLog)
stream-state-bench-kafka  | [2026-07-15 22:43:04,488] INFO Created log for partition __transaction_state-12 in /tmp/kafka-logs/__transaction_state-12 with properties {cleanup.policy=compact, compression.type="uncompressed", min.insync.replicas=1, segment.bytes=104857600, unclean.leader.election.enable=false} (kafka.log.LogManager)
stream-state-bench-kafka  | [2026-07-15 22:43:04,488] INFO [Partition __transaction_state-12 broker=1] No checkpointed highwatermark is found for partition __transaction_state-12 (kafka.cluster.Partition)
stream-state-bench-kafka  | [2026-07-15 22:43:04,488] INFO [Partition __transaction_state-12 broker=1] Log loaded for partition __transaction_state-12 with initial high watermark 0 (kafka.cluster.Partition)
stream-state-bench-kafka  | [2026-07-15 22:43:04,495] INFO [LogLoader partition=__transaction_state-45, dir=/tmp/kafka-logs] Loading producer state till offset 0 (org.apache.kafka.storage.internals.log.UnifiedLog)
stream-state-bench-kafka  | [2026-07-15 22:43:04,496] INFO Created log for partition __transaction_state-45 in /tmp/kafka-logs/__transaction_state-45 with properties {cleanup.policy=compact, compression.type="uncompressed", min.insync.replicas=1, segment.bytes=104857600, unclean.leader.election.enable=false} (kafka.log.LogManager)
stream-state-bench-kafka  | [2026-07-15 22:43:04,496] INFO [Partition __transaction_state-45 broker=1] No checkpointed highwatermark is found for partition __transaction_state-45 (kafka.cluster.Partition)
stream-state-bench-kafka  | [2026-07-15 22:43:04,496] INFO [Partition __transaction_state-45 broker=1] Log loaded for partition __transaction_state-45 with initial high watermark 0 (kafka.cluster.Partition)
stream-state-bench-kafka  | [2026-07-15 22:43:04,503] INFO [LogLoader partition=__transaction_state-16, dir=/tmp/kafka-logs] Loading producer state till offset 0 (org.apache.kafka.storage.internals.log.UnifiedLog)
stream-state-bench-kafka  | [2026-07-15 22:43:04,504] INFO Created log for partition __transaction_state-16 in /tmp/kafka-logs/__transaction_state-16 with properties {cleanup.policy=compact, compression.type="uncompressed", min.insync.replicas=1, segment.bytes=104857600, unclean.leader.election.enable=false} (kafka.log.LogManager)
stream-state-bench-kafka  | [2026-07-15 22:43:04,504] INFO [Partition __transaction_state-16 broker=1] No checkpointed highwatermark is found for partition __transaction_state-16 (kafka.cluster.Partition)
stream-state-bench-kafka  | [2026-07-15 22:43:04,504] INFO [Partition __transaction_state-16 broker=1] Log loaded for partition __transaction_state-16 with initial high watermark 0 (kafka.cluster.Partition)
stream-state-bench-kafka  | [2026-07-15 22:43:04,511] INFO [LogLoader partition=__transaction_state-49, dir=/tmp/kafka-logs] Loading producer state till offset 0 (org.apache.kafka.storage.internals.log.UnifiedLog)
stream-state-bench-kafka  | [2026-07-15 22:43:04,511] INFO Created log for partition __transaction_state-49 in /tmp/kafka-logs/__transaction_state-49 with properties {cleanup.policy=compact, compression.type="uncompressed", min.insync.replicas=1, segment.bytes=104857600, unclean.leader.election.enable=false} (kafka.log.LogManager)
stream-state-bench-kafka  | [2026-07-15 22:43:04,511] INFO [Partition __transaction_state-49 broker=1] No checkpointed highwatermark is found for partition __transaction_state-49 (kafka.cluster.Partition)
stream-state-bench-kafka  | [2026-07-15 22:43:04,511] INFO [Partition __transaction_state-49 broker=1] Log loaded for partition __transaction_state-49 with initial high watermark 0 (kafka.cluster.Partition)
stream-state-bench-kafka  | [2026-07-15 22:43:04,520] INFO [LogLoader partition=__transaction_state-4, dir=/tmp/kafka-logs] Loading producer state till offset 0 (org.apache.kafka.storage.internals.log.UnifiedLog)
stream-state-bench-kafka  | [2026-07-15 22:43:04,520] INFO Created log for partition __transaction_state-4 in /tmp/kafka-logs/__transaction_state-4 with properties {cleanup.policy=compact, compression.type="uncompressed", min.insync.replicas=1, segment.bytes=104857600, unclean.leader.election.enable=false} (kafka.log.LogManager)
stream-state-bench-kafka  | [2026-07-15 22:43:04,520] INFO [Partition __transaction_state-4 broker=1] No checkpointed highwatermark is found for partition __transaction_state-4 (kafka.cluster.Partition)
stream-state-bench-kafka  | [2026-07-15 22:43:04,521] INFO [Partition __transaction_state-4 broker=1] Log loaded for partition __transaction_state-4 with initial high watermark 0 (kafka.cluster.Partition)
stream-state-bench-kafka  | [2026-07-15 22:43:04,529] INFO [LogLoader partition=__transaction_state-37, dir=/tmp/kafka-logs] Loading producer state till offset 0 (org.apache.kafka.storage.internals.log.UnifiedLog)
stream-state-bench-kafka  | [2026-07-15 22:43:04,530] INFO Created log for partition __transaction_state-37 in /tmp/kafka-logs/__transaction_state-37 with properties {cleanup.policy=compact, compression.type="uncompressed", min.insync.replicas=1, segment.bytes=104857600, unclean.leader.election.enable=false} (kafka.log.LogManager)
stream-state-bench-kafka  | [2026-07-15 22:43:04,530] INFO [Partition __transaction_state-37 broker=1] No checkpointed highwatermark is found for partition __transaction_state-37 (kafka.cluster.Partition)
stream-state-bench-kafka  | [2026-07-15 22:43:04,530] INFO [Partition __transaction_state-37 broker=1] Log loaded for partition __transaction_state-37 with initial high watermark 0 (kafka.cluster.Partition)
stream-state-bench-kafka  | [2026-07-15 22:43:04,538] INFO [LogLoader partition=__transaction_state-8, dir=/tmp/kafka-logs] Loading producer state till offset 0 (org.apache.kafka.storage.internals.log.UnifiedLog)
stream-state-bench-kafka  | [2026-07-15 22:43:04,539] INFO Created log for partition __transaction_state-8 in /tmp/kafka-logs/__transaction_state-8 with properties {cleanup.policy=compact, compression.type="uncompressed", min.insync.replicas=1, segment.bytes=104857600, unclean.leader.election.enable=false} (kafka.log.LogManager)
stream-state-bench-kafka  | [2026-07-15 22:43:04,539] INFO [Partition __transaction_state-8 broker=1] No checkpointed highwatermark is found for partition __transaction_state-8 (kafka.cluster.Partition)
stream-state-bench-kafka  | [2026-07-15 22:43:04,539] INFO [Partition __transaction_state-8 broker=1] Log loaded for partition __transaction_state-8 with initial high watermark 0 (kafka.cluster.Partition)
stream-state-bench-kafka  | [2026-07-15 22:43:04,545] INFO [LogLoader partition=__transaction_state-41, dir=/tmp/kafka-logs] Loading producer state till offset 0 (org.apache.kafka.storage.internals.log.UnifiedLog)
stream-state-bench-kafka  | [2026-07-15 22:43:04,546] INFO Created log for partition __transaction_state-41 in /tmp/kafka-logs/__transaction_state-41 with properties {cleanup.policy=compact, compression.type="uncompressed", min.insync.replicas=1, segment.bytes=104857600, unclean.leader.election.enable=false} (kafka.log.LogManager)
stream-state-bench-kafka  | [2026-07-15 22:43:04,546] INFO [Partition __transaction_state-41 broker=1] No checkpointed highwatermark is found for partition __transaction_state-41 (kafka.cluster.Partition)
stream-state-bench-kafka  | [2026-07-15 22:43:04,546] INFO [Partition __transaction_state-41 broker=1] Log loaded for partition __transaction_state-41 with initial high watermark 0 (kafka.cluster.Partition)
stream-state-bench-kafka  | [2026-07-15 22:43:04,552] INFO [LogLoader partition=__transaction_state-29, dir=/tmp/kafka-logs] Loading producer state till offset 0 (org.apache.kafka.storage.internals.log.UnifiedLog)
stream-state-bench-kafka  | [2026-07-15 22:43:04,553] INFO Created log for partition __transaction_state-29 in /tmp/kafka-logs/__transaction_state-29 with properties {cleanup.policy=compact, compression.type="uncompressed", min.insync.replicas=1, segment.bytes=104857600, unclean.leader.election.enable=false} (kafka.log.LogManager)
stream-state-bench-kafka  | [2026-07-15 22:43:04,553] INFO [Partition __transaction_state-29 broker=1] No checkpointed highwatermark is found for partition __transaction_state-29 (kafka.cluster.Partition)
stream-state-bench-kafka  | [2026-07-15 22:43:04,553] INFO [Partition __transaction_state-29 broker=1] Log loaded for partition __transaction_state-29 with initial high watermark 0 (kafka.cluster.Partition)
stream-state-bench-kafka  | [2026-07-15 22:43:04,560] INFO [LogLoader partition=__transaction_state-0, dir=/tmp/kafka-logs] Loading producer state till offset 0 (org.apache.kafka.storage.internals.log.UnifiedLog)
stream-state-bench-kafka  | [2026-07-15 22:43:04,560] INFO Created log for partition __transaction_state-0 in /tmp/kafka-logs/__transaction_state-0 with properties {cleanup.policy=compact, compression.type="uncompressed", min.insync.replicas=1, segment.bytes=104857600, unclean.leader.election.enable=false} (kafka.log.LogManager)
stream-state-bench-kafka  | [2026-07-15 22:43:04,560] INFO [Partition __transaction_state-0 broker=1] No checkpointed highwatermark is found for partition __transaction_state-0 (kafka.cluster.Partition)
stream-state-bench-kafka  | [2026-07-15 22:43:04,560] INFO [Partition __transaction_state-0 broker=1] Log loaded for partition __transaction_state-0 with initial high watermark 0 (kafka.cluster.Partition)
stream-state-bench-kafka  | [2026-07-15 22:43:04,576] INFO [LogLoader partition=__transaction_state-33, dir=/tmp/kafka-logs] Loading producer state till offset 0 (org.apache.kafka.storage.internals.log.UnifiedLog)
stream-state-bench-kafka  | [2026-07-15 22:43:04,576] INFO Created log for partition __transaction_state-33 in /tmp/kafka-logs/__transaction_state-33 with properties {cleanup.policy=compact, compression.type="uncompressed", min.insync.replicas=1, segment.bytes=104857600, unclean.leader.election.enable=false} (kafka.log.LogManager)
stream-state-bench-kafka  | [2026-07-15 22:43:04,576] INFO [Partition __transaction_state-33 broker=1] No checkpointed highwatermark is found for partition __transaction_state-33 (kafka.cluster.Partition)
stream-state-bench-kafka  | [2026-07-15 22:43:04,576] INFO [Partition __transaction_state-33 broker=1] Log loaded for partition __transaction_state-33 with initial high watermark 0 (kafka.cluster.Partition)
stream-state-bench-kafka  | [2026-07-15 22:43:04,582] INFO [LogLoader partition=__transaction_state-21, dir=/tmp/kafka-logs] Loading producer state till offset 0 (org.apache.kafka.storage.internals.log.UnifiedLog)
stream-state-bench-kafka  | [2026-07-15 22:43:04,583] INFO Created log for partition __transaction_state-21 in /tmp/kafka-logs/__transaction_state-21 with properties {cleanup.policy=compact, compression.type="uncompressed", min.insync.replicas=1, segment.bytes=104857600, unclean.leader.election.enable=false} (kafka.log.LogManager)
stream-state-bench-kafka  | [2026-07-15 22:43:04,583] INFO [Partition __transaction_state-21 broker=1] No checkpointed highwatermark is found for partition __transaction_state-21 (kafka.cluster.Partition)
stream-state-bench-kafka  | [2026-07-15 22:43:04,583] INFO [Partition __transaction_state-21 broker=1] Log loaded for partition __transaction_state-21 with initial high watermark 0 (kafka.cluster.Partition)
stream-state-bench-kafka  | [2026-07-15 22:43:04,589] INFO [LogLoader partition=__transaction_state-25, dir=/tmp/kafka-logs] Loading producer state till offset 0 (org.apache.kafka.storage.internals.log.UnifiedLog)
stream-state-bench-kafka  | [2026-07-15 22:43:04,589] INFO Created log for partition __transaction_state-25 in /tmp/kafka-logs/__transaction_state-25 with properties {cleanup.policy=compact, compression.type="uncompressed", min.insync.replicas=1, segment.bytes=104857600, unclean.leader.election.enable=false} (kafka.log.LogManager)
stream-state-bench-kafka  | [2026-07-15 22:43:04,589] INFO [Partition __transaction_state-25 broker=1] No checkpointed highwatermark is found for partition __transaction_state-25 (kafka.cluster.Partition)
stream-state-bench-kafka  | [2026-07-15 22:43:04,589] INFO [Partition __transaction_state-25 broker=1] Log loaded for partition __transaction_state-25 with initial high watermark 0 (kafka.cluster.Partition)
stream-state-bench-kafka  | [2026-07-15 22:43:04,595] INFO [LogLoader partition=__transaction_state-11, dir=/tmp/kafka-logs] Loading producer state till offset 0 (org.apache.kafka.storage.internals.log.UnifiedLog)
stream-state-bench-kafka  | [2026-07-15 22:43:04,596] INFO Created log for partition __transaction_state-11 in /tmp/kafka-logs/__transaction_state-11 with properties {cleanup.policy=compact, compression.type="uncompressed", min.insync.replicas=1, segment.bytes=104857600, unclean.leader.election.enable=false} (kafka.log.LogManager)
stream-state-bench-kafka  | [2026-07-15 22:43:04,596] INFO [Partition __transaction_state-11 broker=1] No checkpointed highwatermark is found for partition __transaction_state-11 (kafka.cluster.Partition)
stream-state-bench-kafka  | [2026-07-15 22:43:04,596] INFO [Partition __transaction_state-11 broker=1] Log loaded for partition __transaction_state-11 with initial high watermark 0 (kafka.cluster.Partition)
stream-state-bench-kafka  | [2026-07-15 22:43:04,602] INFO [LogLoader partition=__transaction_state-44, dir=/tmp/kafka-logs] Loading producer state till offset 0 (org.apache.kafka.storage.internals.log.UnifiedLog)
stream-state-bench-kafka  | [2026-07-15 22:43:04,603] INFO Created log for partition __transaction_state-44 in /tmp/kafka-logs/__transaction_state-44 with properties {cleanup.policy=compact, compression.type="uncompressed", min.insync.replicas=1, segment.bytes=104857600, unclean.leader.election.enable=false} (kafka.log.LogManager)
stream-state-bench-kafka  | [2026-07-15 22:43:04,603] INFO [Partition __transaction_state-44 broker=1] No checkpointed highwatermark is found for partition __transaction_state-44 (kafka.cluster.Partition)
stream-state-bench-kafka  | [2026-07-15 22:43:04,603] INFO [Partition __transaction_state-44 broker=1] Log loaded for partition __transaction_state-44 with initial high watermark 0 (kafka.cluster.Partition)
stream-state-bench-kafka  | [2026-07-15 22:43:04,609] INFO [LogLoader partition=__transaction_state-15, dir=/tmp/kafka-logs] Loading producer state till offset 0 (org.apache.kafka.storage.internals.log.UnifiedLog)
stream-state-bench-kafka  | [2026-07-15 22:43:04,609] INFO Created log for partition __transaction_state-15 in /tmp/kafka-logs/__transaction_state-15 with properties {cleanup.policy=compact, compression.type="uncompressed", min.insync.replicas=1, segment.bytes=104857600, unclean.leader.election.enable=false} (kafka.log.LogManager)
stream-state-bench-kafka  | [2026-07-15 22:43:04,609] INFO [Partition __transaction_state-15 broker=1] No checkpointed highwatermark is found for partition __transaction_state-15 (kafka.cluster.Partition)
stream-state-bench-kafka  | [2026-07-15 22:43:04,609] INFO [Partition __transaction_state-15 broker=1] Log loaded for partition __transaction_state-15 with initial high watermark 0 (kafka.cluster.Partition)
stream-state-bench-kafka  | [2026-07-15 22:43:04,615] INFO [LogLoader partition=__transaction_state-48, dir=/tmp/kafka-logs] Loading producer state till offset 0 (org.apache.kafka.storage.internals.log.UnifiedLog)
stream-state-bench-kafka  | [2026-07-15 22:43:04,615] INFO Created log for partition __transaction_state-48 in /tmp/kafka-logs/__transaction_state-48 with properties {cleanup.policy=compact, compression.type="uncompressed", min.insync.replicas=1, segment.bytes=104857600, unclean.leader.election.enable=false} (kafka.log.LogManager)
stream-state-bench-kafka  | [2026-07-15 22:43:04,615] INFO [Partition __transaction_state-48 broker=1] No checkpointed highwatermark is found for partition __transaction_state-48 (kafka.cluster.Partition)
stream-state-bench-kafka  | [2026-07-15 22:43:04,615] INFO [Partition __transaction_state-48 broker=1] Log loaded for partition __transaction_state-48 with initial high watermark 0 (kafka.cluster.Partition)
stream-state-bench-kafka  | [2026-07-15 22:43:04,621] INFO [LogLoader partition=__transaction_state-3, dir=/tmp/kafka-logs] Loading producer state till offset 0 (org.apache.kafka.storage.internals.log.UnifiedLog)
stream-state-bench-kafka  | [2026-07-15 22:43:04,622] INFO Created log for partition __transaction_state-3 in /tmp/kafka-logs/__transaction_state-3 with properties {cleanup.policy=compact, compression.type="uncompressed", min.insync.replicas=1, segment.bytes=104857600, unclean.leader.election.enable=false} (kafka.log.LogManager)
stream-state-bench-kafka  | [2026-07-15 22:43:04,622] INFO [Partition __transaction_state-3 broker=1] No checkpointed highwatermark is found for partition __transaction_state-3 (kafka.cluster.Partition)
stream-state-bench-kafka  | [2026-07-15 22:43:04,622] INFO [Partition __transaction_state-3 broker=1] Log loaded for partition __transaction_state-3 with initial high watermark 0 (kafka.cluster.Partition)
stream-state-bench-kafka  | [2026-07-15 22:43:04,628] INFO [LogLoader partition=__transaction_state-36, dir=/tmp/kafka-logs] Loading producer state till offset 0 (org.apache.kafka.storage.internals.log.UnifiedLog)
stream-state-bench-kafka  | [2026-07-15 22:43:04,628] INFO Created log for partition __transaction_state-36 in /tmp/kafka-logs/__transaction_state-36 with properties {cleanup.policy=compact, compression.type="uncompressed", min.insync.replicas=1, segment.bytes=104857600, unclean.leader.election.enable=false} (kafka.log.LogManager)
stream-state-bench-kafka  | [2026-07-15 22:43:04,629] INFO [Partition __transaction_state-36 broker=1] No checkpointed highwatermark is found for partition __transaction_state-36 (kafka.cluster.Partition)
stream-state-bench-kafka  | [2026-07-15 22:43:04,629] INFO [Partition __transaction_state-36 broker=1] Log loaded for partition __transaction_state-36 with initial high watermark 0 (kafka.cluster.Partition)
stream-state-bench-kafka  | [2026-07-15 22:43:04,634] INFO [LogLoader partition=__transaction_state-7, dir=/tmp/kafka-logs] Loading producer state till offset 0 (org.apache.kafka.storage.internals.log.UnifiedLog)
stream-state-bench-kafka  | [2026-07-15 22:43:04,634] INFO Created log for partition __transaction_state-7 in /tmp/kafka-logs/__transaction_state-7 with properties {cleanup.policy=compact, compression.type="uncompressed", min.insync.replicas=1, segment.bytes=104857600, unclean.leader.election.enable=false} (kafka.log.LogManager)
stream-state-bench-kafka  | [2026-07-15 22:43:04,634] INFO [Partition __transaction_state-7 broker=1] No checkpointed highwatermark is found for partition __transaction_state-7 (kafka.cluster.Partition)
stream-state-bench-kafka  | [2026-07-15 22:43:04,634] INFO [Partition __transaction_state-7 broker=1] Log loaded for partition __transaction_state-7 with initial high watermark 0 (kafka.cluster.Partition)
stream-state-bench-kafka  | [2026-07-15 22:43:04,643] INFO [LogLoader partition=__transaction_state-40, dir=/tmp/kafka-logs] Loading producer state till offset 0 (org.apache.kafka.storage.internals.log.UnifiedLog)
stream-state-bench-kafka  | [2026-07-15 22:43:04,643] INFO Created log for partition __transaction_state-40 in /tmp/kafka-logs/__transaction_state-40 with properties {cleanup.policy=compact, compression.type="uncompressed", min.insync.replicas=1, segment.bytes=104857600, unclean.leader.election.enable=false} (kafka.log.LogManager)
stream-state-bench-kafka  | [2026-07-15 22:43:04,643] INFO [Partition __transaction_state-40 broker=1] No checkpointed highwatermark is found for partition __transaction_state-40 (kafka.cluster.Partition)
stream-state-bench-kafka  | [2026-07-15 22:43:04,644] INFO [Partition __transaction_state-40 broker=1] Log loaded for partition __transaction_state-40 with initial high watermark 0 (kafka.cluster.Partition)
stream-state-bench-kafka  | [2026-07-15 22:43:04,650] INFO [LogLoader partition=__transaction_state-28, dir=/tmp/kafka-logs] Loading producer state till offset 0 (org.apache.kafka.storage.internals.log.UnifiedLog)
stream-state-bench-kafka  | [2026-07-15 22:43:04,651] INFO Created log for partition __transaction_state-28 in /tmp/kafka-logs/__transaction_state-28 with properties {cleanup.policy=compact, compression.type="uncompressed", min.insync.replicas=1, segment.bytes=104857600, unclean.leader.election.enable=false} (kafka.log.LogManager)
stream-state-bench-kafka  | [2026-07-15 22:43:04,651] INFO [Partition __transaction_state-28 broker=1] No checkpointed highwatermark is found for partition __transaction_state-28 (kafka.cluster.Partition)
stream-state-bench-kafka  | [2026-07-15 22:43:04,651] INFO [Partition __transaction_state-28 broker=1] Log loaded for partition __transaction_state-28 with initial high watermark 0 (kafka.cluster.Partition)
stream-state-bench-kafka  | [2026-07-15 22:43:04,658] INFO [LogLoader partition=__transaction_state-32, dir=/tmp/kafka-logs] Loading producer state till offset 0 (org.apache.kafka.storage.internals.log.UnifiedLog)
stream-state-bench-kafka  | [2026-07-15 22:43:04,658] INFO Created log for partition __transaction_state-32 in /tmp/kafka-logs/__transaction_state-32 with properties {cleanup.policy=compact, compression.type="uncompressed", min.insync.replicas=1, segment.bytes=104857600, unclean.leader.election.enable=false} (kafka.log.LogManager)
stream-state-bench-kafka  | [2026-07-15 22:43:04,658] INFO [Partition __transaction_state-32 broker=1] No checkpointed highwatermark is found for partition __transaction_state-32 (kafka.cluster.Partition)
stream-state-bench-kafka  | [2026-07-15 22:43:04,658] INFO [Partition __transaction_state-32 broker=1] Log loaded for partition __transaction_state-32 with initial high watermark 0 (kafka.cluster.Partition)
stream-state-bench-kafka  | [2026-07-15 22:43:04,664] INFO [LogLoader partition=__transaction_state-20, dir=/tmp/kafka-logs] Loading producer state till offset 0 (org.apache.kafka.storage.internals.log.UnifiedLog)
stream-state-bench-kafka  | [2026-07-15 22:43:04,665] INFO Created log for partition __transaction_state-20 in /tmp/kafka-logs/__transaction_state-20 with properties {cleanup.policy=compact, compression.type="uncompressed", min.insync.replicas=1, segment.bytes=104857600, unclean.leader.election.enable=false} (kafka.log.LogManager)
stream-state-bench-kafka  | [2026-07-15 22:43:04,665] INFO [Partition __transaction_state-20 broker=1] No checkpointed highwatermark is found for partition __transaction_state-20 (kafka.cluster.Partition)
stream-state-bench-kafka  | [2026-07-15 22:43:04,665] INFO [Partition __transaction_state-20 broker=1] Log loaded for partition __transaction_state-20 with initial high watermark 0 (kafka.cluster.Partition)
stream-state-bench-kafka  | [2026-07-15 22:43:04,671] INFO [LogLoader partition=__transaction_state-24, dir=/tmp/kafka-logs] Loading producer state till offset 0 (org.apache.kafka.storage.internals.log.UnifiedLog)
stream-state-bench-kafka  | [2026-07-15 22:43:04,671] INFO Created log for partition __transaction_state-24 in /tmp/kafka-logs/__transaction_state-24 with properties {cleanup.policy=compact, compression.type="uncompressed", min.insync.replicas=1, segment.bytes=104857600, unclean.leader.election.enable=false} (kafka.log.LogManager)
stream-state-bench-kafka  | [2026-07-15 22:43:04,671] INFO [Partition __transaction_state-24 broker=1] No checkpointed highwatermark is found for partition __transaction_state-24 (kafka.cluster.Partition)
stream-state-bench-kafka  | [2026-07-15 22:43:04,671] INFO [Partition __transaction_state-24 broker=1] Log loaded for partition __transaction_state-24 with initial high watermark 0 (kafka.cluster.Partition)
stream-state-bench-kafka  | [2026-07-15 22:43:04,677] INFO [LogLoader partition=__transaction_state-10, dir=/tmp/kafka-logs] Loading producer state till offset 0 (org.apache.kafka.storage.internals.log.UnifiedLog)
stream-state-bench-kafka  | [2026-07-15 22:43:04,677] INFO Created log for partition __transaction_state-10 in /tmp/kafka-logs/__transaction_state-10 with properties {cleanup.policy=compact, compression.type="uncompressed", min.insync.replicas=1, segment.bytes=104857600, unclean.leader.election.enable=false} (kafka.log.LogManager)
stream-state-bench-kafka  | [2026-07-15 22:43:04,677] INFO [Partition __transaction_state-10 broker=1] No checkpointed highwatermark is found for partition __transaction_state-10 (kafka.cluster.Partition)
stream-state-bench-kafka  | [2026-07-15 22:43:04,677] INFO [Partition __transaction_state-10 broker=1] Log loaded for partition __transaction_state-10 with initial high watermark 0 (kafka.cluster.Partition)
stream-state-bench-kafka  | [2026-07-15 22:43:04,683] INFO [LogLoader partition=__transaction_state-43, dir=/tmp/kafka-logs] Loading producer state till offset 0 (org.apache.kafka.storage.internals.log.UnifiedLog)
stream-state-bench-kafka  | [2026-07-15 22:43:04,683] INFO Created log for partition __transaction_state-43 in /tmp/kafka-logs/__transaction_state-43 with properties {cleanup.policy=compact, compression.type="uncompressed", min.insync.replicas=1, segment.bytes=104857600, unclean.leader.election.enable=false} (kafka.log.LogManager)
stream-state-bench-kafka  | [2026-07-15 22:43:04,684] INFO [Partition __transaction_state-43 broker=1] No checkpointed highwatermark is found for partition __transaction_state-43 (kafka.cluster.Partition)
stream-state-bench-kafka  | [2026-07-15 22:43:04,684] INFO [Partition __transaction_state-43 broker=1] Log loaded for partition __transaction_state-43 with initial high watermark 0 (kafka.cluster.Partition)
stream-state-bench-kafka  | [2026-07-15 22:43:04,689] INFO [LogLoader partition=__transaction_state-14, dir=/tmp/kafka-logs] Loading producer state till offset 0 (org.apache.kafka.storage.internals.log.UnifiedLog)
stream-state-bench-kafka  | [2026-07-15 22:43:04,689] INFO Created log for partition __transaction_state-14 in /tmp/kafka-logs/__transaction_state-14 with properties {cleanup.policy=compact, compression.type="uncompressed", min.insync.replicas=1, segment.bytes=104857600, unclean.leader.election.enable=false} (kafka.log.LogManager)
stream-state-bench-kafka  | [2026-07-15 22:43:04,689] INFO [Partition __transaction_state-14 broker=1] No checkpointed highwatermark is found for partition __transaction_state-14 (kafka.cluster.Partition)
stream-state-bench-kafka  | [2026-07-15 22:43:04,689] INFO [Partition __transaction_state-14 broker=1] Log loaded for partition __transaction_state-14 with initial high watermark 0 (kafka.cluster.Partition)
stream-state-bench-kafka  | [2026-07-15 22:43:04,695] INFO [LogLoader partition=__transaction_state-47, dir=/tmp/kafka-logs] Loading producer state till offset 0 (org.apache.kafka.storage.internals.log.UnifiedLog)
stream-state-bench-kafka  | [2026-07-15 22:43:04,696] INFO Created log for partition __transaction_state-47 in /tmp/kafka-logs/__transaction_state-47 with properties {cleanup.policy=compact, compression.type="uncompressed", min.insync.replicas=1, segment.bytes=104857600, unclean.leader.election.enable=false} (kafka.log.LogManager)
stream-state-bench-kafka  | [2026-07-15 22:43:04,696] INFO [Partition __transaction_state-47 broker=1] No checkpointed highwatermark is found for partition __transaction_state-47 (kafka.cluster.Partition)
stream-state-bench-kafka  | [2026-07-15 22:43:04,696] INFO [Partition __transaction_state-47 broker=1] Log loaded for partition __transaction_state-47 with initial high watermark 0 (kafka.cluster.Partition)
stream-state-bench-kafka  | [2026-07-15 22:43:04,703] INFO [LogLoader partition=__transaction_state-2, dir=/tmp/kafka-logs] Loading producer state till offset 0 (org.apache.kafka.storage.internals.log.UnifiedLog)
stream-state-bench-kafka  | [2026-07-15 22:43:04,703] INFO Created log for partition __transaction_state-2 in /tmp/kafka-logs/__transaction_state-2 with properties {cleanup.policy=compact, compression.type="uncompressed", min.insync.replicas=1, segment.bytes=104857600, unclean.leader.election.enable=false} (kafka.log.LogManager)
stream-state-bench-kafka  | [2026-07-15 22:43:04,703] INFO [Partition __transaction_state-2 broker=1] No checkpointed highwatermark is found for partition __transaction_state-2 (kafka.cluster.Partition)
stream-state-bench-kafka  | [2026-07-15 22:43:04,703] INFO [Partition __transaction_state-2 broker=1] Log loaded for partition __transaction_state-2 with initial high watermark 0 (kafka.cluster.Partition)
stream-state-bench-kafka  | [2026-07-15 22:43:04,709] INFO [LogLoader partition=__transaction_state-35, dir=/tmp/kafka-logs] Loading producer state till offset 0 (org.apache.kafka.storage.internals.log.UnifiedLog)
stream-state-bench-kafka  | [2026-07-15 22:43:04,710] INFO Created log for partition __transaction_state-35 in /tmp/kafka-logs/__transaction_state-35 with properties {cleanup.policy=compact, compression.type="uncompressed", min.insync.replicas=1, segment.bytes=104857600, unclean.leader.election.enable=false} (kafka.log.LogManager)
stream-state-bench-kafka  | [2026-07-15 22:43:04,710] INFO [Partition __transaction_state-35 broker=1] No checkpointed highwatermark is found for partition __transaction_state-35 (kafka.cluster.Partition)
stream-state-bench-kafka  | [2026-07-15 22:43:04,710] INFO [Partition __transaction_state-35 broker=1] Log loaded for partition __transaction_state-35 with initial high watermark 0 (kafka.cluster.Partition)
stream-state-bench-kafka  | [2026-07-15 22:43:04,716] INFO [LogLoader partition=__transaction_state-6, dir=/tmp/kafka-logs] Loading producer state till offset 0 (org.apache.kafka.storage.internals.log.UnifiedLog)
stream-state-bench-kafka  | [2026-07-15 22:43:04,716] INFO Created log for partition __transaction_state-6 in /tmp/kafka-logs/__transaction_state-6 with properties {cleanup.policy=compact, compression.type="uncompressed", min.insync.replicas=1, segment.bytes=104857600, unclean.leader.election.enable=false} (kafka.log.LogManager)
stream-state-bench-kafka  | [2026-07-15 22:43:04,716] INFO [Partition __transaction_state-6 broker=1] No checkpointed highwatermark is found for partition __transaction_state-6 (kafka.cluster.Partition)
stream-state-bench-kafka  | [2026-07-15 22:43:04,716] INFO [Partition __transaction_state-6 broker=1] Log loaded for partition __transaction_state-6 with initial high watermark 0 (kafka.cluster.Partition)
stream-state-bench-kafka  | [2026-07-15 22:43:04,721] INFO [LogLoader partition=__transaction_state-39, dir=/tmp/kafka-logs] Loading producer state till offset 0 (org.apache.kafka.storage.internals.log.UnifiedLog)
stream-state-bench-kafka  | [2026-07-15 22:43:04,722] INFO Created log for partition __transaction_state-39 in /tmp/kafka-logs/__transaction_state-39 with properties {cleanup.policy=compact, compression.type="uncompressed", min.insync.replicas=1, segment.bytes=104857600, unclean.leader.election.enable=false} (kafka.log.LogManager)
stream-state-bench-kafka  | [2026-07-15 22:43:04,722] INFO [Partition __transaction_state-39 broker=1] No checkpointed highwatermark is found for partition __transaction_state-39 (kafka.cluster.Partition)
stream-state-bench-kafka  | [2026-07-15 22:43:04,722] INFO [Partition __transaction_state-39 broker=1] Log loaded for partition __transaction_state-39 with initial high watermark 0 (kafka.cluster.Partition)
stream-state-bench-kafka  | [2026-07-15 22:43:04,727] INFO [LogLoader partition=__transaction_state-27, dir=/tmp/kafka-logs] Loading producer state till offset 0 (org.apache.kafka.storage.internals.log.UnifiedLog)
stream-state-bench-kafka  | [2026-07-15 22:43:04,728] INFO Created log for partition __transaction_state-27 in /tmp/kafka-logs/__transaction_state-27 with properties {cleanup.policy=compact, compression.type="uncompressed", min.insync.replicas=1, segment.bytes=104857600, unclean.leader.election.enable=false} (kafka.log.LogManager)
stream-state-bench-kafka  | [2026-07-15 22:43:04,728] INFO [Partition __transaction_state-27 broker=1] No checkpointed highwatermark is found for partition __transaction_state-27 (kafka.cluster.Partition)
stream-state-bench-kafka  | [2026-07-15 22:43:04,728] INFO [Partition __transaction_state-27 broker=1] Log loaded for partition __transaction_state-27 with initial high watermark 0 (kafka.cluster.Partition)
stream-state-bench-kafka  | [2026-07-15 22:43:04,733] INFO [LogLoader partition=__transaction_state-31, dir=/tmp/kafka-logs] Loading producer state till offset 0 (org.apache.kafka.storage.internals.log.UnifiedLog)
stream-state-bench-kafka  | [2026-07-15 22:43:04,734] INFO Created log for partition __transaction_state-31 in /tmp/kafka-logs/__transaction_state-31 with properties {cleanup.policy=compact, compression.type="uncompressed", min.insync.replicas=1, segment.bytes=104857600, unclean.leader.election.enable=false} (kafka.log.LogManager)
stream-state-bench-kafka  | [2026-07-15 22:43:04,734] INFO [Partition __transaction_state-31 broker=1] No checkpointed highwatermark is found for partition __transaction_state-31 (kafka.cluster.Partition)
stream-state-bench-kafka  | [2026-07-15 22:43:04,734] INFO [Partition __transaction_state-31 broker=1] Log loaded for partition __transaction_state-31 with initial high watermark 0 (kafka.cluster.Partition)
stream-state-bench-kafka  | [2026-07-15 22:43:04,739] INFO [LogLoader partition=__transaction_state-19, dir=/tmp/kafka-logs] Loading producer state till offset 0 (org.apache.kafka.storage.internals.log.UnifiedLog)
stream-state-bench-kafka  | [2026-07-15 22:43:04,739] INFO Created log for partition __transaction_state-19 in /tmp/kafka-logs/__transaction_state-19 with properties {cleanup.policy=compact, compression.type="uncompressed", min.insync.replicas=1, segment.bytes=104857600, unclean.leader.election.enable=false} (kafka.log.LogManager)
stream-state-bench-kafka  | [2026-07-15 22:43:04,739] INFO [Partition __transaction_state-19 broker=1] No checkpointed highwatermark is found for partition __transaction_state-19 (kafka.cluster.Partition)
stream-state-bench-kafka  | [2026-07-15 22:43:04,739] INFO [Partition __transaction_state-19 broker=1] Log loaded for partition __transaction_state-19 with initial high watermark 0 (kafka.cluster.Partition)
stream-state-bench-kafka  | [2026-07-15 22:43:04,745] INFO [LogLoader partition=__transaction_state-23, dir=/tmp/kafka-logs] Loading producer state till offset 0 (org.apache.kafka.storage.internals.log.UnifiedLog)
stream-state-bench-kafka  | [2026-07-15 22:43:04,745] INFO Created log for partition __transaction_state-23 in /tmp/kafka-logs/__transaction_state-23 with properties {cleanup.policy=compact, compression.type="uncompressed", min.insync.replicas=1, segment.bytes=104857600, unclean.leader.election.enable=false} (kafka.log.LogManager)
stream-state-bench-kafka  | [2026-07-15 22:43:04,745] INFO [Partition __transaction_state-23 broker=1] No checkpointed highwatermark is found for partition __transaction_state-23 (kafka.cluster.Partition)
stream-state-bench-kafka  | [2026-07-15 22:43:04,745] INFO [Partition __transaction_state-23 broker=1] Log loaded for partition __transaction_state-23 with initial high watermark 0 (kafka.cluster.Partition)
stream-state-bench-kafka  | [2026-07-15 22:43:04,751] INFO [TransactionCoordinator id=1] Elected as the txn coordinator for partition 42 at epoch 0 (kafka.coordinator.transaction.TransactionCoordinator)
stream-state-bench-kafka  | [2026-07-15 22:43:04,754] INFO [TransactionCoordinator id=1] Elected as the txn coordinator for partition 13 at epoch 0 (kafka.coordinator.transaction.TransactionCoordinator)
stream-state-bench-kafka  | [2026-07-15 22:43:04,754] INFO [TransactionCoordinator id=1] Elected as the txn coordinator for partition 46 at epoch 0 (kafka.coordinator.transaction.TransactionCoordinator)
stream-state-bench-kafka  | [2026-07-15 22:43:04,754] INFO [TransactionCoordinator id=1] Elected as the txn coordinator for partition 17 at epoch 0 (kafka.coordinator.transaction.TransactionCoordinator)
stream-state-bench-kafka  | [2026-07-15 22:43:04,754] INFO [TransactionCoordinator id=1] Elected as the txn coordinator for partition 34 at epoch 0 (kafka.coordinator.transaction.TransactionCoordinator)
stream-state-bench-kafka  | [2026-07-15 22:43:04,754] INFO [TransactionCoordinator id=1] Elected as the txn coordinator for partition 5 at epoch 0 (kafka.coordinator.transaction.TransactionCoordinator)
stream-state-bench-kafka  | [2026-07-15 22:43:04,755] INFO [TransactionCoordinator id=1] Elected as the txn coordinator for partition 38 at epoch 0 (kafka.coordinator.transaction.TransactionCoordinator)
stream-state-bench-kafka  | [2026-07-15 22:43:04,755] INFO [TransactionCoordinator id=1] Elected as the txn coordinator for partition 9 at epoch 0 (kafka.coordinator.transaction.TransactionCoordinator)
stream-state-bench-kafka  | [2026-07-15 22:43:04,755] INFO [TransactionCoordinator id=1] Elected as the txn coordinator for partition 26 at epoch 0 (kafka.coordinator.transaction.TransactionCoordinator)
stream-state-bench-kafka  | [2026-07-15 22:43:04,755] INFO [TransactionCoordinator id=1] Elected as the txn coordinator for partition 30 at epoch 0 (kafka.coordinator.transaction.TransactionCoordinator)
stream-state-bench-kafka  | [2026-07-15 22:43:04,755] INFO [TransactionCoordinator id=1] Elected as the txn coordinator for partition 1 at epoch 0 (kafka.coordinator.transaction.TransactionCoordinator)
stream-state-bench-kafka  | [2026-07-15 22:43:04,755] INFO [TransactionCoordinator id=1] Elected as the txn coordinator for partition 18 at epoch 0 (kafka.coordinator.transaction.TransactionCoordinator)
stream-state-bench-kafka  | [2026-07-15 22:43:04,755] INFO [TransactionCoordinator id=1] Elected as the txn coordinator for partition 22 at epoch 0 (kafka.coordinator.transaction.TransactionCoordinator)
stream-state-bench-kafka  | [2026-07-15 22:43:04,755] INFO [TransactionCoordinator id=1] Elected as the txn coordinator for partition 12 at epoch 0 (kafka.coordinator.transaction.TransactionCoordinator)
stream-state-bench-kafka  | [2026-07-15 22:43:04,755] INFO [TransactionCoordinator id=1] Elected as the txn coordinator for partition 45 at epoch 0 (kafka.coordinator.transaction.TransactionCoordinator)
stream-state-bench-kafka  | [2026-07-15 22:43:04,755] INFO [TransactionCoordinator id=1] Elected as the txn coordinator for partition 16 at epoch 0 (kafka.coordinator.transaction.TransactionCoordinator)
stream-state-bench-kafka  | [2026-07-15 22:43:04,755] INFO [TransactionCoordinator id=1] Elected as the txn coordinator for partition 49 at epoch 0 (kafka.coordinator.transaction.TransactionCoordinator)
stream-state-bench-kafka  | [2026-07-15 22:43:04,755] INFO [TransactionCoordinator id=1] Elected as the txn coordinator for partition 4 at epoch 0 (kafka.coordinator.transaction.TransactionCoordinator)
stream-state-bench-kafka  | [2026-07-15 22:43:04,755] INFO [TransactionCoordinator id=1] Elected as the txn coordinator for partition 37 at epoch 0 (kafka.coordinator.transaction.TransactionCoordinator)
stream-state-bench-kafka  | [2026-07-15 22:43:04,755] INFO [TransactionCoordinator id=1] Elected as the txn coordinator for partition 8 at epoch 0 (kafka.coordinator.transaction.TransactionCoordinator)
stream-state-bench-kafka  | [2026-07-15 22:43:04,755] INFO [TransactionCoordinator id=1] Elected as the txn coordinator for partition 41 at epoch 0 (kafka.coordinator.transaction.TransactionCoordinator)
stream-state-bench-kafka  | [2026-07-15 22:43:04,755] INFO [Transaction State Manager 1]: Loading transaction metadata from __transaction_state-42 at epoch 0 (kafka.coordinator.transaction.TransactionStateManager)
stream-state-bench-kafka  | [2026-07-15 22:43:04,755] INFO [TransactionCoordinator id=1] Elected as the txn coordinator for partition 29 at epoch 0 (kafka.coordinator.transaction.TransactionCoordinator)
stream-state-bench-kafka  | [2026-07-15 22:43:04,755] INFO [TransactionCoordinator id=1] Elected as the txn coordinator for partition 0 at epoch 0 (kafka.coordinator.transaction.TransactionCoordinator)
stream-state-bench-kafka  | [2026-07-15 22:43:04,755] INFO [TransactionCoordinator id=1] Elected as the txn coordinator for partition 33 at epoch 0 (kafka.coordinator.transaction.TransactionCoordinator)
stream-state-bench-kafka  | [2026-07-15 22:43:04,755] INFO [TransactionCoordinator id=1] Elected as the txn coordinator for partition 21 at epoch 0 (kafka.coordinator.transaction.TransactionCoordinator)
stream-state-bench-kafka  | [2026-07-15 22:43:04,756] INFO [TransactionCoordinator id=1] Elected as the txn coordinator for partition 25 at epoch 0 (kafka.coordinator.transaction.TransactionCoordinator)
stream-state-bench-kafka  | [2026-07-15 22:43:04,756] INFO [TransactionCoordinator id=1] Elected as the txn coordinator for partition 11 at epoch 0 (kafka.coordinator.transaction.TransactionCoordinator)
stream-state-bench-kafka  | [2026-07-15 22:43:04,756] INFO [TransactionCoordinator id=1] Elected as the txn coordinator for partition 44 at epoch 0 (kafka.coordinator.transaction.TransactionCoordinator)
stream-state-bench-kafka  | [2026-07-15 22:43:04,756] INFO [TransactionCoordinator id=1] Elected as the txn coordinator for partition 15 at epoch 0 (kafka.coordinator.transaction.TransactionCoordinator)
stream-state-bench-kafka  | [2026-07-15 22:43:04,756] INFO [TransactionCoordinator id=1] Elected as the txn coordinator for partition 48 at epoch 0 (kafka.coordinator.transaction.TransactionCoordinator)
stream-state-bench-kafka  | [2026-07-15 22:43:04,756] INFO [TransactionCoordinator id=1] Elected as the txn coordinator for partition 3 at epoch 0 (kafka.coordinator.transaction.TransactionCoordinator)
stream-state-bench-kafka  | [2026-07-15 22:43:04,756] INFO [TransactionCoordinator id=1] Elected as the txn coordinator for partition 36 at epoch 0 (kafka.coordinator.transaction.TransactionCoordinator)
stream-state-bench-kafka  | [2026-07-15 22:43:04,756] INFO [TransactionCoordinator id=1] Elected as the txn coordinator for partition 7 at epoch 0 (kafka.coordinator.transaction.TransactionCoordinator)
stream-state-bench-kafka  | [2026-07-15 22:43:04,756] INFO [TransactionCoordinator id=1] Elected as the txn coordinator for partition 40 at epoch 0 (kafka.coordinator.transaction.TransactionCoordinator)
stream-state-bench-kafka  | [2026-07-15 22:43:04,756] INFO [TransactionCoordinator id=1] Elected as the txn coordinator for partition 28 at epoch 0 (kafka.coordinator.transaction.TransactionCoordinator)
stream-state-bench-kafka  | [2026-07-15 22:43:04,756] INFO [TransactionCoordinator id=1] Elected as the txn coordinator for partition 32 at epoch 0 (kafka.coordinator.transaction.TransactionCoordinator)
stream-state-bench-kafka  | [2026-07-15 22:43:04,756] INFO [TransactionCoordinator id=1] Elected as the txn coordinator for partition 20 at epoch 0 (kafka.coordinator.transaction.TransactionCoordinator)
stream-state-bench-kafka  | [2026-07-15 22:43:04,756] INFO [TransactionCoordinator id=1] Elected as the txn coordinator for partition 24 at epoch 0 (kafka.coordinator.transaction.TransactionCoordinator)
stream-state-bench-kafka  | [2026-07-15 22:43:04,756] INFO [TransactionCoordinator id=1] Elected as the txn coordinator for partition 10 at epoch 0 (kafka.coordinator.transaction.TransactionCoordinator)
stream-state-bench-kafka  | [2026-07-15 22:43:04,756] INFO [TransactionCoordinator id=1] Elected as the txn coordinator for partition 43 at epoch 0 (kafka.coordinator.transaction.TransactionCoordinator)
stream-state-bench-kafka  | [2026-07-15 22:43:04,756] INFO [TransactionCoordinator id=1] Elected as the txn coordinator for partition 14 at epoch 0 (kafka.coordinator.transaction.TransactionCoordinator)
stream-state-bench-kafka  | [2026-07-15 22:43:04,756] INFO [TransactionCoordinator id=1] Elected as the txn coordinator for partition 47 at epoch 0 (kafka.coordinator.transaction.TransactionCoordinator)
stream-state-bench-kafka  | [2026-07-15 22:43:04,756] INFO [TransactionCoordinator id=1] Elected as the txn coordinator for partition 2 at epoch 0 (kafka.coordinator.transaction.TransactionCoordinator)
stream-state-bench-kafka  | [2026-07-15 22:43:04,756] INFO [TransactionCoordinator id=1] Elected as the txn coordinator for partition 35 at epoch 0 (kafka.coordinator.transaction.TransactionCoordinator)
stream-state-bench-kafka  | [2026-07-15 22:43:04,756] INFO [TransactionCoordinator id=1] Elected as the txn coordinator for partition 6 at epoch 0 (kafka.coordinator.transaction.TransactionCoordinator)
stream-state-bench-kafka  | [2026-07-15 22:43:04,756] INFO [TransactionCoordinator id=1] Elected as the txn coordinator for partition 39 at epoch 0 (kafka.coordinator.transaction.TransactionCoordinator)
stream-state-bench-kafka  | [2026-07-15 22:43:04,756] INFO [TransactionCoordinator id=1] Elected as the txn coordinator for partition 27 at epoch 0 (kafka.coordinator.transaction.TransactionCoordinator)
stream-state-bench-kafka  | [2026-07-15 22:43:04,757] INFO [TransactionCoordinator id=1] Elected as the txn coordinator for partition 31 at epoch 0 (kafka.coordinator.transaction.TransactionCoordinator)
stream-state-bench-kafka  | [2026-07-15 22:43:04,757] INFO [TransactionCoordinator id=1] Elected as the txn coordinator for partition 19 at epoch 0 (kafka.coordinator.transaction.TransactionCoordinator)
stream-state-bench-kafka  | [2026-07-15 22:43:04,757] INFO [TransactionCoordinator id=1] Elected as the txn coordinator for partition 23 at epoch 0 (kafka.coordinator.transaction.TransactionCoordinator)
stream-state-bench-kafka  | [2026-07-15 22:43:04,757] INFO [DynamicConfigPublisher broker id=1] Updating topic __transaction_state with new configuration : compression.type -> uncompressed,cleanup.policy -> compact,min.insync.replicas -> 1,segment.bytes -> 104857600,unclean.leader.election.enable -> false (kafka.server.metadata.DynamicConfigPublisher)
stream-state-bench-kafka  | [2026-07-15 22:43:04,764] INFO [Transaction State Manager 1]: Finished loading 0 transaction metadata from __transaction_state-42 in 3 milliseconds, of which 1 milliseconds was spent in the scheduler. (kafka.coordinator.transaction.TransactionStateManager)
stream-state-bench-kafka  | [2026-07-15 22:43:04,770] INFO [Transaction State Manager 1]: Completed loading transaction metadata from __transaction_state-42 for coordinator epoch 0 (kafka.coordinator.transaction.TransactionStateManager)
stream-state-bench-kafka  | [2026-07-15 22:43:04,770] INFO [Transaction State Manager 1]: Loading transaction metadata from __transaction_state-13 at epoch 0 (kafka.coordinator.transaction.TransactionStateManager)
stream-state-bench-kafka  | [2026-07-15 22:43:04,771] INFO [Transaction State Manager 1]: Finished loading 0 transaction metadata from __transaction_state-13 in 16 milliseconds, of which 16 milliseconds was spent in the scheduler. (kafka.coordinator.transaction.TransactionStateManager)
stream-state-bench-kafka  | [2026-07-15 22:43:04,771] INFO [Transaction State Manager 1]: Completed loading transaction metadata from __transaction_state-13 for coordinator epoch 0 (kafka.coordinator.transaction.TransactionStateManager)
stream-state-bench-kafka  | [2026-07-15 22:43:04,771] INFO [Transaction State Manager 1]: Loading transaction metadata from __transaction_state-46 at epoch 0 (kafka.coordinator.transaction.TransactionStateManager)
stream-state-bench-kafka  | [2026-07-15 22:43:04,771] INFO [Transaction State Manager 1]: Finished loading 0 transaction metadata from __transaction_state-46 in 17 milliseconds, of which 17 milliseconds was spent in the scheduler. (kafka.coordinator.transaction.TransactionStateManager)
stream-state-bench-kafka  | [2026-07-15 22:43:04,771] INFO [Transaction State Manager 1]: Completed loading transaction metadata from __transaction_state-46 for coordinator epoch 0 (kafka.coordinator.transaction.TransactionStateManager)
stream-state-bench-kafka  | [2026-07-15 22:43:04,771] INFO [Transaction State Manager 1]: Loading transaction metadata from __transaction_state-17 at epoch 0 (kafka.coordinator.transaction.TransactionStateManager)
stream-state-bench-kafka  | [2026-07-15 22:43:04,771] INFO [Transaction State Manager 1]: Finished loading 0 transaction metadata from __transaction_state-17 in 17 milliseconds, of which 17 milliseconds was spent in the scheduler. (kafka.coordinator.transaction.TransactionStateManager)
stream-state-bench-kafka  | [2026-07-15 22:43:04,771] INFO [Transaction State Manager 1]: Completed loading transaction metadata from __transaction_state-17 for coordinator epoch 0 (kafka.coordinator.transaction.TransactionStateManager)
stream-state-bench-kafka  | [2026-07-15 22:43:04,771] INFO [Transaction State Manager 1]: Loading transaction metadata from __transaction_state-34 at epoch 0 (kafka.coordinator.transaction.TransactionStateManager)
stream-state-bench-kafka  | [2026-07-15 22:43:04,771] INFO [Transaction State Manager 1]: Finished loading 0 transaction metadata from __transaction_state-34 in 17 milliseconds, of which 17 milliseconds was spent in the scheduler. (kafka.coordinator.transaction.TransactionStateManager)
stream-state-bench-kafka  | [2026-07-15 22:43:04,771] INFO [Transaction State Manager 1]: Completed loading transaction metadata from __transaction_state-34 for coordinator epoch 0 (kafka.coordinator.transaction.TransactionStateManager)
stream-state-bench-kafka  | [2026-07-15 22:43:04,771] INFO [Transaction State Manager 1]: Loading transaction metadata from __transaction_state-5 at epoch 0 (kafka.coordinator.transaction.TransactionStateManager)
stream-state-bench-kafka  | [2026-07-15 22:43:04,771] INFO [Transaction State Manager 1]: Finished loading 0 transaction metadata from __transaction_state-5 in 16 milliseconds, of which 16 milliseconds was spent in the scheduler. (kafka.coordinator.transaction.TransactionStateManager)
stream-state-bench-kafka  | [2026-07-15 22:43:04,771] INFO [Transaction State Manager 1]: Completed loading transaction metadata from __transaction_state-5 for coordinator epoch 0 (kafka.coordinator.transaction.TransactionStateManager)
stream-state-bench-kafka  | [2026-07-15 22:43:04,771] INFO [Transaction State Manager 1]: Loading transaction metadata from __transaction_state-38 at epoch 0 (kafka.coordinator.transaction.TransactionStateManager)
stream-state-bench-kafka  | [2026-07-15 22:43:04,772] INFO [Transaction State Manager 1]: Finished loading 0 transaction metadata from __transaction_state-38 in 16 milliseconds, of which 16 milliseconds was spent in the scheduler. (kafka.coordinator.transaction.TransactionStateManager)
stream-state-bench-kafka  | [2026-07-15 22:43:04,772] INFO [Transaction State Manager 1]: Completed loading transaction metadata from __transaction_state-38 for coordinator epoch 0 (kafka.coordinator.transaction.TransactionStateManager)
stream-state-bench-kafka  | [2026-07-15 22:43:04,772] INFO [Transaction State Manager 1]: Loading transaction metadata from __transaction_state-9 at epoch 0 (kafka.coordinator.transaction.TransactionStateManager)
stream-state-bench-kafka  | [2026-07-15 22:43:04,772] INFO [Transaction State Manager 1]: Finished loading 0 transaction metadata from __transaction_state-9 in 17 milliseconds, of which 17 milliseconds was spent in the scheduler. (kafka.coordinator.transaction.TransactionStateManager)
stream-state-bench-kafka  | [2026-07-15 22:43:04,772] INFO [Transaction State Manager 1]: Completed loading transaction metadata from __transaction_state-9 for coordinator epoch 0 (kafka.coordinator.transaction.TransactionStateManager)
stream-state-bench-kafka  | [2026-07-15 22:43:04,772] INFO [Transaction State Manager 1]: Loading transaction metadata from __transaction_state-26 at epoch 0 (kafka.coordinator.transaction.TransactionStateManager)
stream-state-bench-kafka  | [2026-07-15 22:43:04,772] INFO [Transaction State Manager 1]: Finished loading 0 transaction metadata from __transaction_state-26 in 17 milliseconds, of which 17 milliseconds was spent in the scheduler. (kafka.coordinator.transaction.TransactionStateManager)
stream-state-bench-kafka  | [2026-07-15 22:43:04,772] INFO [Transaction State Manager 1]: Completed loading transaction metadata from __transaction_state-26 for coordinator epoch 0 (kafka.coordinator.transaction.TransactionStateManager)
stream-state-bench-kafka  | [2026-07-15 22:43:04,772] INFO [Transaction State Manager 1]: Loading transaction metadata from __transaction_state-30 at epoch 0 (kafka.coordinator.transaction.TransactionStateManager)
stream-state-bench-kafka  | [2026-07-15 22:43:04,772] INFO [Transaction State Manager 1]: Finished loading 0 transaction metadata from __transaction_state-30 in 17 milliseconds, of which 17 milliseconds was spent in the scheduler. (kafka.coordinator.transaction.TransactionStateManager)
stream-state-bench-kafka  | [2026-07-15 22:43:04,772] INFO [Transaction State Manager 1]: Completed loading transaction metadata from __transaction_state-30 for coordinator epoch 0 (kafka.coordinator.transaction.TransactionStateManager)
stream-state-bench-kafka  | [2026-07-15 22:43:04,772] INFO [Transaction State Manager 1]: Loading transaction metadata from __transaction_state-1 at epoch 0 (kafka.coordinator.transaction.TransactionStateManager)
stream-state-bench-kafka  | [2026-07-15 22:43:04,772] INFO [Transaction State Manager 1]: Finished loading 0 transaction metadata from __transaction_state-1 in 17 milliseconds, of which 17 milliseconds was spent in the scheduler. (kafka.coordinator.transaction.TransactionStateManager)
stream-state-bench-kafka  | [2026-07-15 22:43:04,772] INFO [Transaction State Manager 1]: Completed loading transaction metadata from __transaction_state-1 for coordinator epoch 0 (kafka.coordinator.transaction.TransactionStateManager)
stream-state-bench-kafka  | [2026-07-15 22:43:04,772] INFO [Transaction State Manager 1]: Loading transaction metadata from __transaction_state-18 at epoch 0 (kafka.coordinator.transaction.TransactionStateManager)
stream-state-bench-kafka  | [2026-07-15 22:43:04,773] INFO [Transaction State Manager 1]: Finished loading 0 transaction metadata from __transaction_state-18 in 18 milliseconds, of which 17 milliseconds was spent in the scheduler. (kafka.coordinator.transaction.TransactionStateManager)
stream-state-bench-kafka  | [2026-07-15 22:43:04,773] INFO [Transaction State Manager 1]: Completed loading transaction metadata from __transaction_state-18 for coordinator epoch 0 (kafka.coordinator.transaction.TransactionStateManager)
stream-state-bench-kafka  | [2026-07-15 22:43:04,773] INFO [Transaction State Manager 1]: Loading transaction metadata from __transaction_state-22 at epoch 0 (kafka.coordinator.transaction.TransactionStateManager)
stream-state-bench-kafka  | [2026-07-15 22:43:04,773] INFO [Transaction State Manager 1]: Finished loading 0 transaction metadata from __transaction_state-22 in 18 milliseconds, of which 18 milliseconds was spent in the scheduler. (kafka.coordinator.transaction.TransactionStateManager)
stream-state-bench-kafka  | [2026-07-15 22:43:04,773] INFO [Transaction State Manager 1]: Completed loading transaction metadata from __transaction_state-22 for coordinator epoch 0 (kafka.coordinator.transaction.TransactionStateManager)
stream-state-bench-kafka  | [2026-07-15 22:43:04,773] INFO [Transaction State Manager 1]: Loading transaction metadata from __transaction_state-12 at epoch 0 (kafka.coordinator.transaction.TransactionStateManager)
stream-state-bench-kafka  | [2026-07-15 22:43:04,773] INFO [Transaction State Manager 1]: Finished loading 0 transaction metadata from __transaction_state-12 in 18 milliseconds, of which 18 milliseconds was spent in the scheduler. (kafka.coordinator.transaction.TransactionStateManager)
stream-state-bench-kafka  | [2026-07-15 22:43:04,773] INFO [Transaction State Manager 1]: Completed loading transaction metadata from __transaction_state-12 for coordinator epoch 0 (kafka.coordinator.transaction.TransactionStateManager)
stream-state-bench-kafka  | [2026-07-15 22:43:04,773] INFO [Transaction State Manager 1]: Loading transaction metadata from __transaction_state-45 at epoch 0 (kafka.coordinator.transaction.TransactionStateManager)
stream-state-bench-kafka  | [2026-07-15 22:43:04,773] INFO [Transaction State Manager 1]: Finished loading 0 transaction metadata from __transaction_state-45 in 18 milliseconds, of which 18 milliseconds was spent in the scheduler. (kafka.coordinator.transaction.TransactionStateManager)
stream-state-bench-kafka  | [2026-07-15 22:43:04,773] INFO [Transaction State Manager 1]: Completed loading transaction metadata from __transaction_state-45 for coordinator epoch 0 (kafka.coordinator.transaction.TransactionStateManager)
stream-state-bench-kafka  | [2026-07-15 22:43:04,773] INFO [Transaction State Manager 1]: Loading transaction metadata from __transaction_state-16 at epoch 0 (kafka.coordinator.transaction.TransactionStateManager)
stream-state-bench-kafka  | [2026-07-15 22:43:04,773] INFO [Transaction State Manager 1]: Finished loading 0 transaction metadata from __transaction_state-16 in 18 milliseconds, of which 18 milliseconds was spent in the scheduler. (kafka.coordinator.transaction.TransactionStateManager)
stream-state-bench-kafka  | [2026-07-15 22:43:04,773] INFO [Transaction State Manager 1]: Completed loading transaction metadata from __transaction_state-16 for coordinator epoch 0 (kafka.coordinator.transaction.TransactionStateManager)
stream-state-bench-kafka  | [2026-07-15 22:43:04,773] INFO [Transaction State Manager 1]: Loading transaction metadata from __transaction_state-49 at epoch 0 (kafka.coordinator.transaction.TransactionStateManager)
stream-state-bench-kafka  | [2026-07-15 22:43:04,773] INFO [Transaction State Manager 1]: Finished loading 0 transaction metadata from __transaction_state-49 in 18 milliseconds, of which 18 milliseconds was spent in the scheduler. (kafka.coordinator.transaction.TransactionStateManager)
stream-state-bench-kafka  | [2026-07-15 22:43:04,774] INFO [Transaction State Manager 1]: Completed loading transaction metadata from __transaction_state-49 for coordinator epoch 0 (kafka.coordinator.transaction.TransactionStateManager)
stream-state-bench-kafka  | [2026-07-15 22:43:04,774] INFO [Transaction State Manager 1]: Loading transaction metadata from __transaction_state-4 at epoch 0 (kafka.coordinator.transaction.TransactionStateManager)
stream-state-bench-kafka  | [2026-07-15 22:43:04,774] INFO [Transaction State Manager 1]: Finished loading 0 transaction metadata from __transaction_state-4 in 19 milliseconds, of which 19 milliseconds was spent in the scheduler. (kafka.coordinator.transaction.TransactionStateManager)
stream-state-bench-kafka  | [2026-07-15 22:43:04,774] INFO [Transaction State Manager 1]: Completed loading transaction metadata from __transaction_state-4 for coordinator epoch 0 (kafka.coordinator.transaction.TransactionStateManager)
stream-state-bench-kafka  | [2026-07-15 22:43:04,774] INFO [Transaction State Manager 1]: Loading transaction metadata from __transaction_state-37 at epoch 0 (kafka.coordinator.transaction.TransactionStateManager)
stream-state-bench-kafka  | [2026-07-15 22:43:04,774] INFO [Transaction State Manager 1]: Finished loading 0 transaction metadata from __transaction_state-37 in 19 milliseconds, of which 19 milliseconds was spent in the scheduler. (kafka.coordinator.transaction.TransactionStateManager)
stream-state-bench-kafka  | [2026-07-15 22:43:04,774] INFO [Transaction State Manager 1]: Completed loading transaction metadata from __transaction_state-37 for coordinator epoch 0 (kafka.coordinator.transaction.TransactionStateManager)
stream-state-bench-kafka  | [2026-07-15 22:43:04,774] INFO [Transaction State Manager 1]: Loading transaction metadata from __transaction_state-8 at epoch 0 (kafka.coordinator.transaction.TransactionStateManager)
stream-state-bench-kafka  | [2026-07-15 22:43:04,774] INFO [Transaction State Manager 1]: Finished loading 0 transaction metadata from __transaction_state-8 in 19 milliseconds, of which 19 milliseconds was spent in the scheduler. (kafka.coordinator.transaction.TransactionStateManager)
stream-state-bench-kafka  | [2026-07-15 22:43:04,774] INFO [Transaction State Manager 1]: Completed loading transaction metadata from __transaction_state-8 for coordinator epoch 0 (kafka.coordinator.transaction.TransactionStateManager)
stream-state-bench-kafka  | [2026-07-15 22:43:04,774] INFO [Transaction State Manager 1]: Loading transaction metadata from __transaction_state-41 at epoch 0 (kafka.coordinator.transaction.TransactionStateManager)
stream-state-bench-kafka  | [2026-07-15 22:43:04,774] INFO [Transaction State Manager 1]: Finished loading 0 transaction metadata from __transaction_state-41 in 19 milliseconds, of which 19 milliseconds was spent in the scheduler. (kafka.coordinator.transaction.TransactionStateManager)
stream-state-bench-kafka  | [2026-07-15 22:43:04,774] INFO [Transaction State Manager 1]: Completed loading transaction metadata from __transaction_state-41 for coordinator epoch 0 (kafka.coordinator.transaction.TransactionStateManager)
stream-state-bench-kafka  | [2026-07-15 22:43:04,774] INFO [Transaction State Manager 1]: Loading transaction metadata from __transaction_state-29 at epoch 0 (kafka.coordinator.transaction.TransactionStateManager)
stream-state-bench-kafka  | [2026-07-15 22:43:04,774] INFO [Transaction State Manager 1]: Finished loading 0 transaction metadata from __transaction_state-29 in 19 milliseconds, of which 19 milliseconds was spent in the scheduler. (kafka.coordinator.transaction.TransactionStateManager)
stream-state-bench-kafka  | [2026-07-15 22:43:04,775] INFO [Transaction State Manager 1]: Completed loading transaction metadata from __transaction_state-29 for coordinator epoch 0 (kafka.coordinator.transaction.TransactionStateManager)
stream-state-bench-kafka  | [2026-07-15 22:43:04,775] INFO [Transaction State Manager 1]: Loading transaction metadata from __transaction_state-0 at epoch 0 (kafka.coordinator.transaction.TransactionStateManager)
stream-state-bench-kafka  | [2026-07-15 22:43:04,775] INFO [Transaction State Manager 1]: Finished loading 0 transaction metadata from __transaction_state-0 in 20 milliseconds, of which 20 milliseconds was spent in the scheduler. (kafka.coordinator.transaction.TransactionStateManager)
stream-state-bench-kafka  | [2026-07-15 22:43:04,775] INFO [Transaction State Manager 1]: Completed loading transaction metadata from __transaction_state-0 for coordinator epoch 0 (kafka.coordinator.transaction.TransactionStateManager)
stream-state-bench-kafka  | [2026-07-15 22:43:04,775] INFO [Transaction State Manager 1]: Loading transaction metadata from __transaction_state-33 at epoch 0 (kafka.coordinator.transaction.TransactionStateManager)
stream-state-bench-kafka  | [2026-07-15 22:43:04,775] INFO [Transaction State Manager 1]: Finished loading 0 transaction metadata from __transaction_state-33 in 20 milliseconds, of which 20 milliseconds was spent in the scheduler. (kafka.coordinator.transaction.TransactionStateManager)
stream-state-bench-kafka  | [2026-07-15 22:43:04,775] INFO [Transaction State Manager 1]: Completed loading transaction metadata from __transaction_state-33 for coordinator epoch 0 (kafka.coordinator.transaction.TransactionStateManager)
stream-state-bench-kafka  | [2026-07-15 22:43:04,775] INFO [Transaction State Manager 1]: Loading transaction metadata from __transaction_state-21 at epoch 0 (kafka.coordinator.transaction.TransactionStateManager)
stream-state-bench-kafka  | [2026-07-15 22:43:04,775] INFO [Transaction State Manager 1]: Finished loading 0 transaction metadata from __transaction_state-21 in 20 milliseconds, of which 20 milliseconds was spent in the scheduler. (kafka.coordinator.transaction.TransactionStateManager)
stream-state-bench-kafka  | [2026-07-15 22:43:04,775] INFO [Transaction State Manager 1]: Completed loading transaction metadata from __transaction_state-21 for coordinator epoch 0 (kafka.coordinator.transaction.TransactionStateManager)
stream-state-bench-kafka  | [2026-07-15 22:43:04,775] INFO [Transaction State Manager 1]: Loading transaction metadata from __transaction_state-25 at epoch 0 (kafka.coordinator.transaction.TransactionStateManager)
stream-state-bench-kafka  | [2026-07-15 22:43:04,775] INFO [Transaction State Manager 1]: Finished loading 0 transaction metadata from __transaction_state-25 in 19 milliseconds, of which 19 milliseconds was spent in the scheduler. (kafka.coordinator.transaction.TransactionStateManager)
stream-state-bench-kafka  | [2026-07-15 22:43:04,775] INFO [Transaction State Manager 1]: Completed loading transaction metadata from __transaction_state-25 for coordinator epoch 0 (kafka.coordinator.transaction.TransactionStateManager)
stream-state-bench-kafka  | [2026-07-15 22:43:04,775] INFO [Transaction State Manager 1]: Loading transaction metadata from __transaction_state-11 at epoch 0 (kafka.coordinator.transaction.TransactionStateManager)
stream-state-bench-kafka  | [2026-07-15 22:43:04,775] INFO [Transaction State Manager 1]: Finished loading 0 transaction metadata from __transaction_state-11 in 19 milliseconds, of which 19 milliseconds was spent in the scheduler. (kafka.coordinator.transaction.TransactionStateManager)
stream-state-bench-kafka  | [2026-07-15 22:43:04,775] INFO [Transaction State Manager 1]: Completed loading transaction metadata from __transaction_state-11 for coordinator epoch 0 (kafka.coordinator.transaction.TransactionStateManager)
stream-state-bench-kafka  | [2026-07-15 22:43:04,775] INFO [Transaction State Manager 1]: Loading transaction metadata from __transaction_state-44 at epoch 0 (kafka.coordinator.transaction.TransactionStateManager)
stream-state-bench-kafka  | [2026-07-15 22:43:04,776] INFO [Transaction State Manager 1]: Finished loading 0 transaction metadata from __transaction_state-44 in 20 milliseconds, of which 19 milliseconds was spent in the scheduler. (kafka.coordinator.transaction.TransactionStateManager)
stream-state-bench-kafka  | [2026-07-15 22:43:04,776] INFO [Transaction State Manager 1]: Completed loading transaction metadata from __transaction_state-44 for coordinator epoch 0 (kafka.coordinator.transaction.TransactionStateManager)
stream-state-bench-kafka  | [2026-07-15 22:43:04,776] INFO [Transaction State Manager 1]: Loading transaction metadata from __transaction_state-15 at epoch 0 (kafka.coordinator.transaction.TransactionStateManager)
stream-state-bench-kafka  | [2026-07-15 22:43:04,776] INFO [Transaction State Manager 1]: Finished loading 0 transaction metadata from __transaction_state-15 in 20 milliseconds, of which 20 milliseconds was spent in the scheduler. (kafka.coordinator.transaction.TransactionStateManager)
stream-state-bench-kafka  | [2026-07-15 22:43:04,776] INFO [Transaction State Manager 1]: Completed loading transaction metadata from __transaction_state-15 for coordinator epoch 0 (kafka.coordinator.transaction.TransactionStateManager)
stream-state-bench-kafka  | [2026-07-15 22:43:04,776] INFO [Transaction State Manager 1]: Loading transaction metadata from __transaction_state-48 at epoch 0 (kafka.coordinator.transaction.TransactionStateManager)
stream-state-bench-kafka  | [2026-07-15 22:43:04,776] INFO [Transaction State Manager 1]: Finished loading 0 transaction metadata from __transaction_state-48 in 20 milliseconds, of which 20 milliseconds was spent in the scheduler. (kafka.coordinator.transaction.TransactionStateManager)
stream-state-bench-kafka  | [2026-07-15 22:43:04,776] INFO [Transaction State Manager 1]: Completed loading transaction metadata from __transaction_state-48 for coordinator epoch 0 (kafka.coordinator.transaction.TransactionStateManager)
stream-state-bench-kafka  | [2026-07-15 22:43:04,776] INFO [Transaction State Manager 1]: Loading transaction metadata from __transaction_state-3 at epoch 0 (kafka.coordinator.transaction.TransactionStateManager)
stream-state-bench-kafka  | [2026-07-15 22:43:04,776] INFO [Transaction State Manager 1]: Finished loading 0 transaction metadata from __transaction_state-3 in 20 milliseconds, of which 20 milliseconds was spent in the scheduler. (kafka.coordinator.transaction.TransactionStateManager)
stream-state-bench-kafka  | [2026-07-15 22:43:04,776] INFO [Transaction State Manager 1]: Completed loading transaction metadata from __transaction_state-3 for coordinator epoch 0 (kafka.coordinator.transaction.TransactionStateManager)
stream-state-bench-kafka  | [2026-07-15 22:43:04,776] INFO [Transaction State Manager 1]: Loading transaction metadata from __transaction_state-36 at epoch 0 (kafka.coordinator.transaction.TransactionStateManager)
stream-state-bench-kafka  | [2026-07-15 22:43:04,776] INFO [Transaction State Manager 1]: Finished loading 0 transaction metadata from __transaction_state-36 in 20 milliseconds, of which 20 milliseconds was spent in the scheduler. (kafka.coordinator.transaction.TransactionStateManager)
stream-state-bench-kafka  | [2026-07-15 22:43:04,776] INFO [Transaction State Manager 1]: Completed loading transaction metadata from __transaction_state-36 for coordinator epoch 0 (kafka.coordinator.transaction.TransactionStateManager)
stream-state-bench-kafka  | [2026-07-15 22:43:04,776] INFO [Transaction State Manager 1]: Loading transaction metadata from __transaction_state-7 at epoch 0 (kafka.coordinator.transaction.TransactionStateManager)
stream-state-bench-kafka  | [2026-07-15 22:43:04,777] INFO [Transaction State Manager 1]: Finished loading 0 transaction metadata from __transaction_state-7 in 21 milliseconds, of which 20 milliseconds was spent in the scheduler. (kafka.coordinator.transaction.TransactionStateManager)
stream-state-bench-kafka  | [2026-07-15 22:43:04,777] INFO [Transaction State Manager 1]: Completed loading transaction metadata from __transaction_state-7 for coordinator epoch 0 (kafka.coordinator.transaction.TransactionStateManager)
stream-state-bench-kafka  | [2026-07-15 22:43:04,777] INFO [Transaction State Manager 1]: Loading transaction metadata from __transaction_state-40 at epoch 0 (kafka.coordinator.transaction.TransactionStateManager)
stream-state-bench-kafka  | [2026-07-15 22:43:04,777] INFO [Transaction State Manager 1]: Finished loading 0 transaction metadata from __transaction_state-40 in 21 milliseconds, of which 21 milliseconds was spent in the scheduler. (kafka.coordinator.transaction.TransactionStateManager)
stream-state-bench-kafka  | [2026-07-15 22:43:04,777] INFO [Transaction State Manager 1]: Completed loading transaction metadata from __transaction_state-40 for coordinator epoch 0 (kafka.coordinator.transaction.TransactionStateManager)
stream-state-bench-kafka  | [2026-07-15 22:43:04,777] INFO [Transaction State Manager 1]: Loading transaction metadata from __transaction_state-28 at epoch 0 (kafka.coordinator.transaction.TransactionStateManager)
stream-state-bench-kafka  | [2026-07-15 22:43:04,777] INFO [Transaction State Manager 1]: Finished loading 0 transaction metadata from __transaction_state-28 in 21 milliseconds, of which 21 milliseconds was spent in the scheduler. (kafka.coordinator.transaction.TransactionStateManager)
stream-state-bench-kafka  | [2026-07-15 22:43:04,777] INFO [Transaction State Manager 1]: Completed loading transaction metadata from __transaction_state-28 for coordinator epoch 0 (kafka.coordinator.transaction.TransactionStateManager)
stream-state-bench-kafka  | [2026-07-15 22:43:04,777] INFO [Transaction State Manager 1]: Loading transaction metadata from __transaction_state-32 at epoch 0 (kafka.coordinator.transaction.TransactionStateManager)
stream-state-bench-kafka  | [2026-07-15 22:43:04,777] INFO [Transaction State Manager 1]: Finished loading 0 transaction metadata from __transaction_state-32 in 21 milliseconds, of which 21 milliseconds was spent in the scheduler. (kafka.coordinator.transaction.TransactionStateManager)
stream-state-bench-kafka  | [2026-07-15 22:43:04,777] INFO [Transaction State Manager 1]: Completed loading transaction metadata from __transaction_state-32 for coordinator epoch 0 (kafka.coordinator.transaction.TransactionStateManager)
stream-state-bench-kafka  | [2026-07-15 22:43:04,777] INFO [Transaction State Manager 1]: Loading transaction metadata from __transaction_state-20 at epoch 0 (kafka.coordinator.transaction.TransactionStateManager)
stream-state-bench-kafka  | [2026-07-15 22:43:04,777] INFO [Transaction State Manager 1]: Finished loading 0 transaction metadata from __transaction_state-20 in 21 milliseconds, of which 21 milliseconds was spent in the scheduler. (kafka.coordinator.transaction.TransactionStateManager)
stream-state-bench-kafka  | [2026-07-15 22:43:04,777] INFO [Transaction State Manager 1]: Completed loading transaction metadata from __transaction_state-20 for coordinator epoch 0 (kafka.coordinator.transaction.TransactionStateManager)
stream-state-bench-kafka  | [2026-07-15 22:43:04,777] INFO [Transaction State Manager 1]: Loading transaction metadata from __transaction_state-24 at epoch 0 (kafka.coordinator.transaction.TransactionStateManager)
stream-state-bench-kafka  | [2026-07-15 22:43:04,777] INFO [Transaction State Manager 1]: Finished loading 0 transaction metadata from __transaction_state-24 in 21 milliseconds, of which 21 milliseconds was spent in the scheduler. (kafka.coordinator.transaction.TransactionStateManager)
stream-state-bench-kafka  | [2026-07-15 22:43:04,778] INFO [Transaction State Manager 1]: Completed loading transaction metadata from __transaction_state-24 for coordinator epoch 0 (kafka.coordinator.transaction.TransactionStateManager)
stream-state-bench-kafka  | [2026-07-15 22:43:04,778] INFO [Transaction State Manager 1]: Loading transaction metadata from __transaction_state-10 at epoch 0 (kafka.coordinator.transaction.TransactionStateManager)
stream-state-bench-kafka  | [2026-07-15 22:43:04,778] INFO [Transaction State Manager 1]: Finished loading 0 transaction metadata from __transaction_state-10 in 22 milliseconds, of which 22 milliseconds was spent in the scheduler. (kafka.coordinator.transaction.TransactionStateManager)
stream-state-bench-kafka  | [2026-07-15 22:43:04,778] INFO [Transaction State Manager 1]: Completed loading transaction metadata from __transaction_state-10 for coordinator epoch 0 (kafka.coordinator.transaction.TransactionStateManager)
stream-state-bench-kafka  | [2026-07-15 22:43:04,778] INFO [Transaction State Manager 1]: Loading transaction metadata from __transaction_state-43 at epoch 0 (kafka.coordinator.transaction.TransactionStateManager)
stream-state-bench-kafka  | [2026-07-15 22:43:04,778] INFO [Transaction State Manager 1]: Finished loading 0 transaction metadata from __transaction_state-43 in 22 milliseconds, of which 22 milliseconds was spent in the scheduler. (kafka.coordinator.transaction.TransactionStateManager)
stream-state-bench-kafka  | [2026-07-15 22:43:04,778] INFO [Transaction State Manager 1]: Completed loading transaction metadata from __transaction_state-43 for coordinator epoch 0 (kafka.coordinator.transaction.TransactionStateManager)
stream-state-bench-kafka  | [2026-07-15 22:43:04,778] INFO [Transaction State Manager 1]: Loading transaction metadata from __transaction_state-14 at epoch 0 (kafka.coordinator.transaction.TransactionStateManager)
stream-state-bench-kafka  | [2026-07-15 22:43:04,778] INFO [Transaction State Manager 1]: Finished loading 0 transaction metadata from __transaction_state-14 in 22 milliseconds, of which 22 milliseconds was spent in the scheduler. (kafka.coordinator.transaction.TransactionStateManager)
stream-state-bench-kafka  | [2026-07-15 22:43:04,778] INFO [Transaction State Manager 1]: Completed loading transaction metadata from __transaction_state-14 for coordinator epoch 0 (kafka.coordinator.transaction.TransactionStateManager)
stream-state-bench-kafka  | [2026-07-15 22:43:04,778] INFO [Transaction State Manager 1]: Loading transaction metadata from __transaction_state-47 at epoch 0 (kafka.coordinator.transaction.TransactionStateManager)
stream-state-bench-kafka  | [2026-07-15 22:43:04,778] INFO [Transaction State Manager 1]: Finished loading 0 transaction metadata from __transaction_state-47 in 22 milliseconds, of which 22 milliseconds was spent in the scheduler. (kafka.coordinator.transaction.TransactionStateManager)
stream-state-bench-kafka  | [2026-07-15 22:43:04,778] INFO [Transaction State Manager 1]: Completed loading transaction metadata from __transaction_state-47 for coordinator epoch 0 (kafka.coordinator.transaction.TransactionStateManager)
stream-state-bench-kafka  | [2026-07-15 22:43:04,778] INFO [Transaction State Manager 1]: Loading transaction metadata from __transaction_state-2 at epoch 0 (kafka.coordinator.transaction.TransactionStateManager)
stream-state-bench-kafka  | [2026-07-15 22:43:04,778] INFO [Transaction State Manager 1]: Finished loading 0 transaction metadata from __transaction_state-2 in 22 milliseconds, of which 22 milliseconds was spent in the scheduler. (kafka.coordinator.transaction.TransactionStateManager)
stream-state-bench-kafka  | [2026-07-15 22:43:04,778] INFO [Transaction State Manager 1]: Completed loading transaction metadata from __transaction_state-2 for coordinator epoch 0 (kafka.coordinator.transaction.TransactionStateManager)
stream-state-bench-kafka  | [2026-07-15 22:43:04,778] INFO [Transaction State Manager 1]: Loading transaction metadata from __transaction_state-35 at epoch 0 (kafka.coordinator.transaction.TransactionStateManager)
stream-state-bench-kafka  | [2026-07-15 22:43:04,779] INFO [Transaction State Manager 1]: Finished loading 0 transaction metadata from __transaction_state-35 in 23 milliseconds, of which 22 milliseconds was spent in the scheduler. (kafka.coordinator.transaction.TransactionStateManager)
stream-state-bench-kafka  | [2026-07-15 22:43:04,779] INFO [Transaction State Manager 1]: Completed loading transaction metadata from __transaction_state-35 for coordinator epoch 0 (kafka.coordinator.transaction.TransactionStateManager)
stream-state-bench-kafka  | [2026-07-15 22:43:04,779] INFO [Transaction State Manager 1]: Loading transaction metadata from __transaction_state-6 at epoch 0 (kafka.coordinator.transaction.TransactionStateManager)
stream-state-bench-kafka  | [2026-07-15 22:43:04,779] INFO [Transaction State Manager 1]: Finished loading 0 transaction metadata from __transaction_state-6 in 23 milliseconds, of which 23 milliseconds was spent in the scheduler. (kafka.coordinator.transaction.TransactionStateManager)
stream-state-bench-kafka  | [2026-07-15 22:43:04,779] INFO [Transaction State Manager 1]: Completed loading transaction metadata from __transaction_state-6 for coordinator epoch 0 (kafka.coordinator.transaction.TransactionStateManager)
stream-state-bench-kafka  | [2026-07-15 22:43:04,779] INFO [Transaction State Manager 1]: Loading transaction metadata from __transaction_state-39 at epoch 0 (kafka.coordinator.transaction.TransactionStateManager)
stream-state-bench-kafka  | [2026-07-15 22:43:04,779] INFO [Transaction State Manager 1]: Finished loading 0 transaction metadata from __transaction_state-39 in 23 milliseconds, of which 23 milliseconds was spent in the scheduler. (kafka.coordinator.transaction.TransactionStateManager)
stream-state-bench-kafka  | [2026-07-15 22:43:04,779] INFO [Transaction State Manager 1]: Completed loading transaction metadata from __transaction_state-39 for coordinator epoch 0 (kafka.coordinator.transaction.TransactionStateManager)
stream-state-bench-kafka  | [2026-07-15 22:43:04,779] INFO [Transaction State Manager 1]: Loading transaction metadata from __transaction_state-27 at epoch 0 (kafka.coordinator.transaction.TransactionStateManager)
stream-state-bench-kafka  | [2026-07-15 22:43:04,779] INFO [Transaction State Manager 1]: Finished loading 0 transaction metadata from __transaction_state-27 in 22 milliseconds, of which 22 milliseconds was spent in the scheduler. (kafka.coordinator.transaction.TransactionStateManager)
stream-state-bench-kafka  | [2026-07-15 22:43:04,779] INFO [Transaction State Manager 1]: Completed loading transaction metadata from __transaction_state-27 for coordinator epoch 0 (kafka.coordinator.transaction.TransactionStateManager)
stream-state-bench-kafka  | [2026-07-15 22:43:04,779] INFO [Transaction State Manager 1]: Loading transaction metadata from __transaction_state-31 at epoch 0 (kafka.coordinator.transaction.TransactionStateManager)
stream-state-bench-kafka  | [2026-07-15 22:43:04,779] INFO [Transaction State Manager 1]: Finished loading 0 transaction metadata from __transaction_state-31 in 22 milliseconds, of which 22 milliseconds was spent in the scheduler. (kafka.coordinator.transaction.TransactionStateManager)
stream-state-bench-kafka  | [2026-07-15 22:43:04,779] INFO [Transaction State Manager 1]: Completed loading transaction metadata from __transaction_state-31 for coordinator epoch 0 (kafka.coordinator.transaction.TransactionStateManager)
stream-state-bench-kafka  | [2026-07-15 22:43:04,779] INFO [Transaction State Manager 1]: Loading transaction metadata from __transaction_state-19 at epoch 0 (kafka.coordinator.transaction.TransactionStateManager)
stream-state-bench-kafka  | [2026-07-15 22:43:04,779] INFO [Transaction State Manager 1]: Finished loading 0 transaction metadata from __transaction_state-19 in 22 milliseconds, of which 22 milliseconds was spent in the scheduler. (kafka.coordinator.transaction.TransactionStateManager)
stream-state-bench-kafka  | [2026-07-15 22:43:04,779] INFO [Transaction State Manager 1]: Completed loading transaction metadata from __transaction_state-19 for coordinator epoch 0 (kafka.coordinator.transaction.TransactionStateManager)
stream-state-bench-kafka  | [2026-07-15 22:43:04,779] INFO [Transaction State Manager 1]: Loading transaction metadata from __transaction_state-23 at epoch 0 (kafka.coordinator.transaction.TransactionStateManager)
stream-state-bench-kafka  | [2026-07-15 22:43:04,780] INFO [Transaction State Manager 1]: Finished loading 0 transaction metadata from __transaction_state-23 in 23 milliseconds, of which 22 milliseconds was spent in the scheduler. (kafka.coordinator.transaction.TransactionStateManager)
stream-state-bench-kafka  | [2026-07-15 22:43:04,780] INFO [Transaction State Manager 1]: Completed loading transaction metadata from __transaction_state-23 for coordinator epoch 0 (kafka.coordinator.transaction.TransactionStateManager)
stream-state-bench-kafka  | [2026-07-15 22:43:04,996] INFO [TransactionCoordinator id=1] Initialized transactionalId stream-state-bench-w5-latency-stream_stream_join-rate10-109aedde-e518-40ed-a34d-8dde1edeb15e-1 with producerId 0 and producer epoch 0 on partition __transaction_state-47 (kafka.coordinator.transaction.TransactionCoordinator)
stream-state-bench-kafka  | [2026-07-15 22:43:08,819] INFO [GroupCoordinator id=1 topic=__consumer_offsets partition=19] Dynamic member with unknown member id joins group console-consumer-53000 in Empty state. Created a new member id console-consumer-36fa895c-7c96-49be-93d2-70657dce212f and requesting the member to rejoin with this id. (org.apache.kafka.coordinator.group.GroupMetadataManager)
stream-state-bench-kafka  | [2026-07-15 22:43:08,823] INFO [GroupCoordinator id=1 topic=__consumer_offsets partition=19] Pending dynamic member with id console-consumer-36fa895c-7c96-49be-93d2-70657dce212f joins group console-consumer-53000 in Empty state. Adding to the group now. (org.apache.kafka.coordinator.group.GroupMetadataManager)
stream-state-bench-kafka  | [2026-07-15 22:43:08,823] INFO [GroupCoordinator id=1 topic=__consumer_offsets partition=19] Preparing to rebalance group console-consumer-53000 in state PreparingRebalance with old generation 0 (reason: Adding new member console-consumer-36fa895c-7c96-49be-93d2-70657dce212f with group instance id null; client reason: need to re-join with the given member-id: console-consumer-36fa895c-7c96-49be-93d2-70657dce212f). (org.apache.kafka.coordinator.group.GroupMetadataManager)
stream-state-bench-kafka  | [2026-07-15 22:43:08,823] INFO [GroupCoordinator id=1 topic=__consumer_offsets partition=19] Stabilized group console-consumer-53000 generation 1 with 1 members. (org.apache.kafka.coordinator.group.GroupMetadataManager)
stream-state-bench-kafka  | [2026-07-15 22:43:08,839] INFO [GroupCoordinator id=1 topic=__consumer_offsets partition=19] Assignment received from leader console-consumer-36fa895c-7c96-49be-93d2-70657dce212f for group console-consumer-53000 for generation 1. The group has 1 members, 0 of which are static. (org.apache.kafka.coordinator.group.GroupMetadataManager)
stream-state-bench-kafka  | [2026-07-15 22:43:11,263] INFO [Transaction Marker Channel Manager 1]: Creating new marker queue map to destination broker 1 (kafka.coordinator.transaction.TransactionMarkerChannelManager)
stream-state-bench-kafka  | [2026-07-15 22:43:11,264] INFO Creating new marker queue for txn partition 47 to destination broker 1 (kafka.coordinator.transaction.TxnMarkerQueue)
stream-state-bench-kafka  | [2026-07-15 22:43:11,279] INFO [LocalLog partition=stream-state-bench-w5-latency-stream_stream_join-rate10-KSTREAM-KEY-SELECT-0000000001-repartition-0, dir=/tmp/kafka-logs/stream-state-bench-w5-latency-stream_stream_join-rate10-KSTREAM-KEY-SELECT-0000000001-repartition-0] Rolled new log segment at offset 23 in 2 ms. (org.apache.kafka.storage.internals.log.LocalLog)
stream-state-bench-kafka  | [2026-07-15 22:43:11,280] INFO [ProducerStateManager partition=stream-state-bench-w5-latency-stream_stream_join-rate10-KSTREAM-KEY-SELECT-0000000001-repartition-0] Wrote producer snapshot at offset 23 with 1 producer ids in 1 ms. (org.apache.kafka.storage.internals.log.ProducerStateManager)
stream-state-bench-kafka  | [2026-07-15 22:43:12,320] INFO [LocalLog partition=stream-state-bench-w5-latency-stream_stream_join-rate10-KSTREAM-JOINTHIS-0000000012-store-changelog-0, dir=/tmp/kafka-logs/stream-state-bench-w5-latency-stream_stream_join-rate10-KSTREAM-JOINTHIS-0000000012-store-changelog-0] Rolled new log segment at offset 23 in 1 ms. (org.apache.kafka.storage.internals.log.LocalLog)
stream-state-bench-kafka  | [2026-07-15 22:43:12,321] INFO [ProducerStateManager partition=stream-state-bench-w5-latency-stream_stream_join-rate10-KSTREAM-JOINTHIS-0000000012-store-changelog-0] Wrote producer snapshot at offset 23 with 1 producer ids in 0 ms. (org.apache.kafka.storage.internals.log.ProducerStateManager)
stream-state-bench-kafka  | [2026-07-15 22:43:20,988] INFO [LocalLog partition=stream-state-bench-w5-latency-stream_stream_join-rate10-KSTREAM-KEY-SELECT-0000000003-repartition-0, dir=/tmp/kafka-logs/stream-state-bench-w5-latency-stream_stream_join-rate10-KSTREAM-KEY-SELECT-0000000003-repartition-0] Rolled new log segment at offset 23 in 1 ms. (org.apache.kafka.storage.internals.log.LocalLog)
stream-state-bench-kafka  | [2026-07-15 22:43:20,988] INFO [ProducerStateManager partition=stream-state-bench-w5-latency-stream_stream_join-rate10-KSTREAM-KEY-SELECT-0000000003-repartition-0] Wrote producer snapshot at offset 23 with 1 producer ids in 0 ms. (org.apache.kafka.storage.internals.log.ProducerStateManager)
stream-state-bench-kafka  | [2026-07-15 22:43:22,012] INFO [LocalLog partition=bench-w5-latency-output-0, dir=/tmp/kafka-logs/bench-w5-latency-output-0] Rolled new log segment at offset 40 in 1 ms. (org.apache.kafka.storage.internals.log.LocalLog)
stream-state-bench-kafka  | [2026-07-15 22:43:22,013] INFO [ProducerStateManager partition=bench-w5-latency-output-0] Wrote producer snapshot at offset 40 with 1 producer ids in 0 ms. (org.apache.kafka.storage.internals.log.ProducerStateManager)
stream-state-bench-kafka  | [2026-07-15 22:43:22,014] INFO [LocalLog partition=stream-state-bench-w5-latency-stream_stream_join-rate10-KSTREAM-JOINOTHER-0000000013-store-changelog-0, dir=/tmp/kafka-logs/stream-state-bench-w5-latency-stream_stream_join-rate10-KSTREAM-JOINOTHER-0000000013-store-changelog-0] Rolled new log segment at offset 23 in 1 ms. (org.apache.kafka.storage.internals.log.LocalLog)
stream-state-bench-kafka  | [2026-07-15 22:43:22,014] INFO [ProducerStateManager partition=stream-state-bench-w5-latency-stream_stream_join-rate10-KSTREAM-JOINOTHER-0000000013-store-changelog-0] Wrote producer snapshot at offset 23 with 1 producer ids in 0 ms. (org.apache.kafka.storage.internals.log.ProducerStateManager)
stream-state-bench-kafka  | [2026-07-15 22:43:23,753] INFO [UnifiedLog partition=bench-w5-latency-output-0, dir=/tmp/kafka-logs] Incremented log start offset to 40 due to segment deletion (org.apache.kafka.storage.internals.log.UnifiedLog)
stream-state-bench-kafka  | [2026-07-15 22:43:23,756] INFO [UnifiedLog partition=bench-w5-latency-output-0, dir=/tmp/kafka-logs] Deleting segment LogSegment(baseOffset=0, size=5683, lastModifiedTime=1784155401107, largestRecordTimestamp=10100) due to log retention time 604800000ms breach based on the largest record timestamp in the segment (org.apache.kafka.storage.internals.log.UnifiedLog)
stream-state-bench-kafka  | [2026-07-15 22:43:23,757] INFO [UnifiedLog partition=stream-state-bench-w5-latency-stream_stream_join-rate10-KSTREAM-JOINTHIS-0000000012-store-changelog-0, dir=/tmp/kafka-logs] Incremented log start offset to 23 due to segment deletion (org.apache.kafka.storage.internals.log.UnifiedLog)
stream-state-bench-kafka  | [2026-07-15 22:43:23,757] INFO [UnifiedLog partition=stream-state-bench-w5-latency-stream_stream_join-rate10-KSTREAM-JOINTHIS-0000000012-store-changelog-0, dir=/tmp/kafka-logs] Deleting segment LogSegment(baseOffset=0, size=910, lastModifiedTime=1784155391534, largestRecordTimestamp=3200) due to log retention time 87600000ms breach based on the largest record timestamp in the segment (org.apache.kafka.storage.internals.log.UnifiedLog)
stream-state-bench-kafka  | [2026-07-15 22:43:23,762] INFO [UnifiedLog partition=stream-state-bench-w5-latency-stream_stream_join-rate10-KSTREAM-JOINOTHER-0000000013-store-changelog-0, dir=/tmp/kafka-logs] Incremented log start offset to 23 due to segment deletion (org.apache.kafka.storage.internals.log.UnifiedLog)
stream-state-bench-kafka  | [2026-07-15 22:43:23,763] INFO [UnifiedLog partition=stream-state-bench-w5-latency-stream_stream_join-rate10-KSTREAM-JOINOTHER-0000000013-store-changelog-0, dir=/tmp/kafka-logs] Deleting segment LogSegment(baseOffset=0, size=907, lastModifiedTime=1784155401108, largestRecordTimestamp=3558) due to log retention time 87600000ms breach based on the largest record timestamp in the segment (org.apache.kafka.storage.internals.log.UnifiedLog)
stream-state-bench-kafka  | [2026-07-15 22:43:29,642] INFO [GroupCoordinator id=1 topic=__consumer_offsets partition=19] [Group console-consumer-53000] Member console-consumer-36fa895c-7c96-49be-93d2-70657dce212f has left group through explicit `LeaveGroup` request; client reason: the consumer is being closed (org.apache.kafka.coordinator.group.GroupMetadataManager)
stream-state-bench-kafka  | [2026-07-15 22:43:29,643] INFO [GroupCoordinator id=1 topic=__consumer_offsets partition=19] Preparing to rebalance group console-consumer-53000 in state PreparingRebalance with old generation 1 (reason: explicit `LeaveGroup` request for (console-consumer-36fa895c-7c96-49be-93d2-70657dce212f) members.). (org.apache.kafka.coordinator.group.GroupMetadataManager)
stream-state-bench-kafka  | [2026-07-15 22:43:29,643] INFO [GroupCoordinator id=1 topic=__consumer_offsets partition=19] Group console-consumer-53000 with generation 2 is now empty. (org.apache.kafka.coordinator.group.GroupMetadataManager)
