event_id,t0_ms,t1_ms,t2_ms,t3_ms,write_to_input_append_latency_ms,input_append_to_result_emission_latency_ms,l_visibility_ms,l_closure_ms,latency_ms
e-0,1784591723493.1628,1784591725875,1784591725907.0,1784591726547.638,2381.837,32.0,640.638,,3054.475
e-1,1784591723543.6167,1784591725875,1784591725933.0,1784591726547.6416,2331.383,58.0,614.642,,3004.025
e-2,1784591723593.2246,1784591725875,1784591725934.0,1784591726547.6428,2281.775,59.0,613.643,,2954.418
e-3,1784591723643.266,1784591725875,1784591725934.0,1784591726547.6436,2231.734,59.0,613.644,,2904.377
e-4,1784591723693.2207,1784591725875,1784591725935.0,1784591726547.6448,2181.779,60.0,612.645,,2854.424
e-5,1784591723743.2236,1784591725875,1784591725935.0,1784591726547.646,2131.776,60.0,612.646,,2804.422
e-6,1784591723793.2185,1784591725875,1784591725935.0,1784591726547.6646,2081.781,60.0,612.665,,2754.446
e-7,1784591723843.2185,1784591725875,1784591725935.0,1784591726547.6697,2031.781,60.0,612.67,,2704.451
e-8,1784591723893.2178,1784591725875,1784591725936.0,1784591726547.671,1981.782,61.0,611.671,,2654.453
e-9,1784591723943.2175,1784591725875,1784591725936.0,1784591726547.6719,1931.782,61.0,611.672,,2604.454
e-10,1784591723993.2197,1784591725875,1784591725936.0,1784591726547.6726,1881.78,61.0,611.673,,2554.453
e-11,1784591724043.2263,1784591725875,1784591725937.0,1784591726547.673,1831.774,62.0,610.673,,2504.447
e-12,1784591724093.549,1784591725875,1784591725937.0,1784591726547.6792,1781.451,62.0,610.679,,2454.13
e-13,1784591724143.226,1784591725875,1784591725937.0,1784591726547.6985,1731.774,62.0,610.698,,2404.472
e-14,1784591724193.2197,1784591725875,1784591725937.0,1784591726547.7046,1681.78,62.0,610.705,,2354.485
e-15,1784591724243.225,1784591725875,1784591725938.0,1784591726547.8376,1631.775,63.0,609.838,,2304.613
e-16,1784591724293.2268,1784591725875,1784591725938.0,1784591726547.841,1581.773,63.0,609.841,,2254.614
e-17,1784591724343.2307,1784591725875,1784591725938.0,1784591726547.8433,1531.769,63.0,609.843,,2204.613
e-18,1784591724393.2249,1784591725875,1784591725938.0,1784591726547.8442,1481.775,63.0,609.844,,2154.619
e-19,1784591724443.2344,1784591725875,1784591725939.0,1784591726547.861,1431.766,64.0,608.861,,2104.627
e-20,1784591724493.221,1784591725875,1784591725939.0,1784591726547.9824,1381.779,64.0,608.982,,2054.761
e-21,1784591724543.2285,1784591725875,1784591725939.0,1784591726547.9844,1331.771,64.0,608.984,,2004.756
e-22,1784591724593.2354,1784591725875,1784591725939.0,1784591726547.9856,1281.765,64.0,608.986,,1954.75
e-23,1784591724643.225,1784591725875,1784591725940.0,1784591726547.9863,1231.775,65.0,607.986,,1904.761
e-24,1784591724693.229,1784591725875,1784591725940.0,1784591726547.9873,1181.771,65.0,607.987,,1854.758
e-25,1784591724743.2275,1784591725875,1784591725940.0,1784591726547.9888,1131.772,65.0,607.989,,1804.761
e-26,1784591724793.2302,1784591725875,1784591725940.0,1784591726548.0032,1081.77,65.0,608.003,,1754.773
e-27,1784591724843.2393,1784591725875,1784591725941.0,1784591726548.066,1031.761,66.0,607.066,,1704.827
e-28,1784591724893.2297,1784591725875,1784591725941.0,1784591726548.0676,981.77,66.0,607.068,,1654.838
e-29,1784591724943.2239,1784591725875,1784591725941.0,1784591726548.0686,931.776,66.0,607.069,,1604.845
e-30,1784591724993.2236,1784591725875,1784591725941.0,1784591726548.0693,881.776,66.0,607.069,,1554.846
e-31,1784591725043.223,1784591725875,1784591725942.0,1784591726548.109,831.777,67.0,606.109,,1504.886
e-32,1784591725093.221,1784591725875,1784591725942.0,1784591726548.11,781.779,67.0,606.11,,1454.889
e-33,1784591725143.2256,1784591725875,1784591725942.0,1784591726548.1116,731.774,67.0,606.112,,1404.886
e-34,1784591725193.2295,1784591725875,1784591725942.0,1784591726548.1125,681.771,67.0,606.113,,1354.883
e-35,1784591725243.2388,1784591725875,1784591725943.0,1784591726548.164,631.761,68.0,605.164,,1304.925
e-36,1784591725293.2297,1784591725875,1784591725943.0,1784591726548.1655,581.77,68.0,605.166,,1254.936
e-37,1784591725343.2256,1784591725875,1784591725943.0,1784591726548.2139,531.774,68.0,605.214,,1204.988
e-38,1784591725393.2217,1784591725875,1784591725943.0,1784591726548.2146,481.778,68.0,605.215,,1154.993
e-39,1784591725443.2231,1784591725875,1784591725944.0,1784591726548.215,431.777,69.0,604.215,,1104.992
e-40,1784591725493.2207,1784591725875,1784591725944.0,1784591726548.3037,381.779,69.0,604.304,,1055.083
e-41,1784591725543.2292,1784591725875,1784591725944.0,1784591726548.3064,331.771,69.0,604.306,,1005.077
e-42,1784591725593.2327,1784591725875,1784591725944.0,1784591726548.3074,281.767,69.0,604.307,,955.075
e-43,1784591725643.2236,1784591725875,1784591725945.0,1784591726548.3467,231.776,70.0,603.347,,905.123
e-44,1784591725693.2202,1784591725875,1784591725945.0,1784591726548.3477,181.78,70.0,603.348,,855.127
e-45,1784591725743.218,1784591725875,1784591725945.0,1784591726548.3484,131.782,70.0,603.348,,805.13
e-46,1784591725793.2249,1784591725875,1784591725945.0,1784591726548.4036,81.775,70.0,603.404,,755.179
e-47,1784591725843.225,1784591725875,1784591725946.0,1784591726548.4045,31.775,71.0,602.405,,705.179
e-48,1784591725893.2307,1784591726894,1784591726901.0,1784591727528.6545,1000.769,7.0,627.655,,1635.424
e-49,1784591725943.2273,1784591726894,1784591726902.0,1784591727528.6572,950.773,8.0,626.657,,1585.43
e-50,1784591725993.2285,1784591726894,1784591726902.0,1784591727528.658,900.771,8.0,626.658,,1535.429
e-51,1784591726043.2366,1784591726894,1784591726902.0,1784591727528.6587,850.763,8.0,626.659,,1485.422
e-52,1784591726093.2258,1784591726894,1784591726902.0,1784591727528.6592,800.774,8.0,626.659,,1435.433
e-53,1784591726143.2239,1784591726894,1784591726902.0,1784591727528.6604,750.776,8.0,626.66,,1385.437
e-54,1784591726193.2278,1784591726894,1784591726902.0,1784591727528.661,700.772,8.0,626.661,,1335.433
e-55,1784591726243.2249,1784591726894,1784591726902.0,1784591727528.6614,650.775,8.0,626.661,,1285.437
e-56,1784591726293.2266,1784591726894,1784591726902.0,1784591727528.6619,600.773,8.0,626.662,,1235.435
e-57,1784591726343.2349,1784591726894,1784591726902.0,1784591727528.6758,550.765,8.0,626.676,,1185.441
e-58,1784591726393.2312,1784591726894,1784591726902.0,1784591727528.6765,500.769,8.0,626.677,,1135.445
e-59,1784591726443.222,1784591726894,1784591726903.0,1784591727528.6926,450.778,9.0,625.693,,1085.471
e-60,1784591726493.23,1784591726894,1784591726903.0,1784591727528.6934,400.77,9.0,625.693,,1035.463
e-61,1784591726543.2334,1784591726894,1784591726903.0,1784591727528.6938,350.767,9.0,625.694,,985.46
e-62,1784591726593.2222,1784591726894,1784591726903.0,1784591727528.6943,300.778,9.0,625.694,,935.472
e-63,1784591726643.225,1784591726894,1784591726903.0,1784591727528.7783,250.775,9.0,625.778,,885.553
e-64,1784591726693.2146,1784591726894,1784591726903.0,1784591727528.7788,200.785,9.0,625.779,,835.564
e-65,1784591726743.2278,1784591726894,1784591726903.0,1784591727528.7798,150.772,9.0,625.78,,785.552
e-66,1784591726793.2317,1784591726894,1784591726903.0,1784591727528.785,100.768,9.0,625.785,,735.553
e-67,1784591726843.2273,1784591726894,1784591726903.0,1784591727528.7854,50.773,9.0,625.785,,685.558
e-68,1784591726893.2341,1784591726894,1784591726903.0,1784591727528.799,0.766,9.0,625.799,,635.565
e-69,1784591726943.227,1784591727946,1784591727952.0,1784591728583.535,1002.773,6.0,631.535,,1640.308
e-70,1784591726993.2256,1784591727946,1784591727953.0,1784591728583.5376,952.774,7.0,630.538,,1590.312
e-71,1784591727043.2275,1784591727946,1784591727953.0,1784591728583.538,902.772,7.0,630.538,,1540.311
e-72,1784591727093.2214,1784591727946,1784591727953.0,1784591728583.5388,852.779,7.0,630.539,,1490.317
e-73,1784591727143.219,1784591727946,1784591727953.0,1784591728583.5393,802.781,7.0,630.539,,1440.32
e-74,1784591727193.232,1784591727946,1784591727953.0,1784591728583.5398,752.768,7.0,630.54,,1390.308
e-75,1784591727243.2288,1784591727946,1784591727954.0,1784591728583.5405,702.771,8.0,629.541,,1340.312
e-76,1784591727293.2249,1784591727946,1784591727954.0,1784591728583.776,652.775,8.0,629.776,,1290.551
e-77,1784591727343.22,1784591727946,1784591727954.0,1784591728583.7808,602.78,8.0,629.781,,1240.561
e-78,1784591727393.2268,1784591727946,1784591727954.0,1784591728583.7942,552.773,8.0,629.794,,1190.567
e-79,1784591727443.2222,1784591727946,1784591727954.0,1784591728583.7952,502.778,8.0,629.795,,1140.573
e-80,1784591727493.229,1784591727946,1784591727954.0,1784591728583.796,452.771,8.0,629.796,,1090.567
e-81,1784591727543.2224,1784591727946,1784591727955.0,1784591728583.7966,402.778,9.0,628.797,,1040.574
e-82,1784591727593.226,1784591727946,1784591727955.0,1784591728583.7976,352.774,9.0,628.798,,990.572
e-83,1784591727643.2156,1784591727946,1784591727955.0,1784591728583.798,302.784,9.0,628.798,,940.583
e-84,1784591727693.2163,1784591727946,1784591727955.0,1784591728583.7988,252.784,9.0,628.799,,890.583
e-85,1784591727743.235,1784591727946,1784591727955.0,1784591728583.7996,202.765,9.0,628.8,,840.564
e-86,1784591727793.2466,1784591727946,1784591727955.0,1784591728583.8003,152.753,9.0,628.8,,790.554
e-87,1784591727843.2258,1784591727946,1784591727956.0,1784591728583.8008,102.774,10.0,627.801,,740.575
e-88,1784591727893.2383,1784591727946,1784591727956.0,1784591728583.8015,52.762,10.0,627.802,,690.563
e-89,1784591727943.2205,1784591727946,1784591727956.0,1784591728583.802,2.78,10.0,627.802,,640.582
e-90,1784591727993.227,1784591728996,1784591729002.0,1784591729632.3765,1002.773,6.0,630.376,,1639.149
e-91,1784591728043.2258,1784591728996,1784591729002.0,1784591729632.3787,952.774,6.0,630.379,,1589.153
e-92,1784591728093.2256,1784591728996,1784591729002.0,1784591729632.3794,902.774,6.0,630.379,,1539.154
e-93,1784591728143.228,1784591728996,1784591729002.0,1784591729632.3806,852.772,6.0,630.381,,1489.153
e-94,1784591728193.2202,1784591728996,1784591729003.0,1784591729632.381,802.78,7.0,629.381,,1439.161
e-95,1784591728243.2268,1784591728996,1784591729003.0,1784591729632.3892,752.773,7.0,629.389,,1389.162
e-96,1784591728293.2246,1784591728996,1784591729003.0,1784591729632.3894,702.775,7.0,629.389,,1339.165
e-97,1784591728343.2231,1784591728996,1784591729003.0,1784591729632.3896,652.777,7.0,629.39,,1289.167
e-98,1784591728393.2441,1784591728996,1784591729003.0,1784591729632.4001,602.756,7.0,629.4,,1239.156
e-99,1784591728443.2214,1784591728996,1784591729004.0,1784591729632.4026,552.779,8.0,628.403,,1189.181
e-100,1784591728493.2212,1784591728996,1784591729004.0,1784591729632.4028,502.779,8.0,628.403,,1139.182
e-101,1784591728543.2258,1784591728996,1784591729004.0,1784591729632.403,452.774,8.0,628.403,,1089.177
e-102,1784591728593.2214,1784591728996,1784591729004.0,1784591729632.4033,402.779,8.0,628.403,,1039.182
e-103,1784591728643.2227,1784591728996,1784591729004.0,1784591729632.4036,352.777,8.0,628.404,,989.181
e-104,1784591728693.2156,1784591728996,1784591729005.0,1784591729632.4038,302.784,9.0,627.404,,939.188
e-105,1784591728743.2354,1784591728996,1784591729005.0,1784591729632.404,252.765,9.0,627.404,,889.169
e-106,1784591728793.2275,1784591728996,1784591729005.0,1784591729632.53,202.772,9.0,627.53,,839.302
e-107,1784591728843.2444,1784591728996,1784591729005.0,1784591729632.5322,152.756,9.0,627.532,,789.288
e-108,1784591728893.2375,1784591728996,1784591729005.0,1784591729632.5332,102.762,9.0,627.533,,739.296
e-109,1784591728943.2163,1784591728996,1784591729006.0,1784591729632.5356,52.784,10.0,626.536,,689.319
e-110,1784591728993.245,1784591728996,1784591729006.0,1784591729632.5361,2.755,10.0,626.536,,639.291
e-111,1784591729043.2275,1784591730045,1784591730052.0,1784591730692.5762,1001.772,7.0,640.576,,1649.349
e-112,1784591729093.2256,1784591730045,1784591730064.0,1784591730692.5796,951.774,19.0,628.58,,1599.354
e-113,1784591729143.2283,1784591730045,1784591730065.0,1784591730692.5806,901.772,20.0,627.581,,1549.352
e-114,1784591729193.2244,1784591730045,1784591730065.0,1784591730692.5813,851.776,20.0,627.581,,1499.357
e-115,1784591729243.2188,1784591730045,1784591730065.0,1784591730692.582,801.781,20.0,627.582,,1449.363
e-116,1784591729293.2249,1784591730045,1784591730065.0,1784591730692.5828,751.775,20.0,627.583,,1399.358
e-117,1784591729343.224,1784591730045,1784591730065.0,1784591730692.5835,701.776,20.0,627.583,,1349.359
e-118,1784591729393.225,1784591730045,1784591730065.0,1784591730692.5842,651.775,20.0,627.584,,1299.359
e-119,1784591729443.2197,1784591730045,1784591730066.0,1784591730692.585,601.78,21.0,626.585,,1249.365
e-120,1784591729493.2256,1784591730045,1784591730066.0,1784591730692.597,551.774,21.0,626.597,,1199.371
e-121,1784591729543.2283,1784591730045,1784591730066.0,1784591730692.5977,501.772,21.0,626.598,,1149.369
e-122,1784591729593.225,1784591730045,1784591730066.0,1784591730692.5981,451.775,21.0,626.598,,1099.373
e-123,1784591729643.2222,1784591730045,1784591730066.0,1784591730692.5986,401.778,21.0,626.599,,1049.376
e-124,1784591729693.2217,1784591730045,1784591730066.0,1784591730692.599,351.778,21.0,626.599,,999.377
e-125,1784591729743.2256,1784591730045,1784591730066.0,1784591730692.5996,301.774,21.0,626.6,,949.374
e-126,1784591729793.2244,1784591730045,1784591730067.0,1784591730692.6003,251.776,22.0,625.6,,899.376
e-127,1784591729843.2285,1784591730045,1784591730067.0,1784591730692.601,201.771,22.0,625.601,,849.373
e-128,1784591729893.218,1784591730045,1784591730067.0,1784591730692.6016,151.782,22.0,625.602,,799.384
e-129,1784591729943.2217,1784591730045,1784591730067.0,1784591730692.603,101.778,22.0,625.603,,749.381
e-130,1784591729993.2117,1784591730045,1784591730067.0,1784591730692.6038,51.788,22.0,625.604,,699.392
e-131,1784591730043.2332,1784591730045,1784591730068.0,1784591730692.6042,1.767,23.0,624.604,,649.371
e-132,1784591730093.225,1784591731095,1784591731101.0,1784591731730.468,1001.775,6.0,629.468,,1637.243
e-133,1784591730143.233,1784591731095,1784591731101.0,1784591731730.4712,951.767,6.0,629.471,,1587.238
e-134,1784591730193.2231,1784591731095,1784591731101.0,1784591731730.4722,901.777,6.0,629.472,,1537.249
e-135,1784591730243.217,1784591731095,1784591731102.0,1784591731730.473,851.783,7.0,628.473,,1487.256
e-136,1784591730293.22,1784591731095,1784591731102.0,1784591731730.4736,801.78,7.0,628.474,,1437.254
e-137,1784591730343.227,1784591731095,1784591731102.0,1784591731730.474,751.773,7.0,628.474,,1387.247
e-138,1784591730393.231,1784591731095,1784591731102.0,1784591731730.5242,701.769,7.0,628.524,,1337.293
e-139,1784591730443.2236,1784591731095,1784591731102.0,1784591731730.5251,651.776,7.0,628.525,,1287.302
e-140,1784591730493.2131,1784591731095,1784591731102.0,1784591731730.526,601.787,7.0,628.526,,1237.313
e-141,1784591730543.2244,1784591731095,1784591731102.0,1784591731730.5266,551.776,7.0,628.527,,1187.302
e-142,1784591730593.2302,1784591731095,1784591731103.0,1784591731730.5344,501.77,8.0,627.534,,1137.304
e-143,1784591730643.2214,1784591731095,1784591731103.0,1784591731730.5354,451.779,8.0,627.535,,1087.314
e-144,1784591730693.215,1784591731095,1784591731103.0,1784591731730.5361,401.785,8.0,627.536,,1037.321
e-145,1784591730743.222,1784591731095,1784591731103.0,1784591731730.5366,351.778,8.0,627.537,,987.315
e-146,1784591730793.223,1784591731095,1784591731103.0,1784591731730.5374,301.777,8.0,627.537,,937.314
e-147,1784591730843.217,1784591731095,1784591731103.0,1784591731730.538,251.783,8.0,627.538,,887.321
e-148,1784591730893.2217,1784591731095,1784591731103.0,1784591731730.5386,201.778,8.0,627.539,,837.317
e-149,1784591730943.2393,1784591731095,1784591731104.0,1784591731730.5413,151.761,9.0,626.541,,787.302
e-150,1784591730993.2363,1784591731095,1784591731104.0,1784591731730.542,101.764,9.0,626.542,,737.306
e-151,1784591731043.2498,1784591731095,1784591731104.0,1784591731730.5881,51.75,9.0,626.588,,687.338
e-152,1784591731093.2466,1784591731095,1784591731104.0,1784591731730.5889,1.753,9.0,626.589,,637.342
e-153,1784591731143.234,1784591732146,1784591732151.0,1784591732776.8176,1002.766,5.0,625.818,,1633.584
e-154,1784591731193.2317,1784591732146,1784591732151.0,1784591732776.82,952.768,5.0,625.82,,1583.588
e-155,1784591731243.2314,1784591732146,1784591732151.0,1784591732776.8208,902.769,5.0,625.821,,1533.589
e-156,1784591731293.2183,1784591732146,1784591732151.0,1784591732776.8213,852.782,5.0,625.821,,1483.603
e-157,1784591731343.196,1784591732146,1784591732152.0,1784591732776.8218,802.804,6.0,624.822,,1433.626
e-158,1784591731393.2249,1784591732146,1784591732152.0,1784591732776.8223,752.775,6.0,624.822,,1383.597
e-159,1784591731443.2432,1784591732146,1784591732152.0,1784591732776.823,702.757,6.0,624.823,,1333.58
e-160,1784591731493.206,1784591732146,1784591732152.0,1784591732776.8235,652.794,6.0,624.823,,1283.617
e-161,1784591731543.2278,1784591732146,1784591732152.0,1784591732776.8357,602.772,6.0,624.836,,1233.608
e-162,1784591731593.2405,1784591732146,1784591732153.0,1784591732776.8362,552.76,7.0,623.836,,1183.596
e-163,1784591731643.2288,1784591732146,1784591732153.0,1784591732776.8403,502.771,7.0,623.84,,1133.612
e-164,1784591731693.2156,1784591732146,1784591732153.0,1784591732776.8408,452.784,7.0,623.841,,1083.625
e-165,1784591731743.22,1784591732146,1784591732153.0,1784591732776.841,402.78,7.0,623.841,,1033.621
e-166,1784591731793.2344,1784591732146,1784591732153.0,1784591732776.8416,352.766,7.0,623.842,,983.607
e-167,1784591731843.2307,1784591732146,1784591732154.0,1784591732776.842,302.769,8.0,622.842,,933.611
e-168,1784591731893.1892,1784591732146,1784591732154.0,1784591732776.8425,252.811,8.0,622.843,,883.653
e-169,1784591731943.2278,1784591732146,1784591732154.0,1784591732776.843,202.772,8.0,622.843,,833.615
e-170,1784591731993.2283,1784591732146,1784591732154.0,1784591732776.8435,152.772,8.0,622.844,,783.615
e-171,1784591732043.2292,1784591732146,1784591732154.0,1784591732776.844,102.771,8.0,622.844,,733.615
e-172,1784591732093.2273,1784591732146,1784591732154.0,1784591732776.8442,52.773,8.0,622.844,,683.617
e-173,1784591732143.2266,1784591732146,1784591732154.0,1784591732776.8467,2.773,8.0,622.847,,633.62
e-174,1784591732193.2275,1784591733195,1784591733202.0,1784591733828.853,1001.772,7.0,626.853,,1635.625
e-175,1784591732243.2295,1784591733195,1784591733202.0,1784591733828.8564,951.771,7.0,626.856,,1585.627
e-176,1784591732293.23,1784591733195,1784591733202.0,1784591733828.8574,901.77,7.0,626.857,,1535.627
e-177,1784591732343.2297,1784591733195,1784591733203.0,1784591733828.8582,851.77,8.0,625.858,,1485.628
e-178,1784591732393.221,1784591733195,1784591733203.0,1784591733828.8586,801.779,8.0,625.859,,1435.638
e-179,1784591732443.2234,1784591733195,1784591733203.0,1784591733828.8591,751.777,8.0,625.859,,1385.636
e-180,1784591732493.2288,1784591733195,1784591733203.0,1784591733828.8596,701.771,8.0,625.86,,1335.631
e-181,1784591732543.2283,1784591733195,1784591733203.0,1784591733828.86,651.772,8.0,625.86,,1285.632
e-182,1784591732593.2312,1784591733195,1784591733203.0,1784591733828.8606,601.769,8.0,625.861,,1235.629
e-183,1784591732643.2246,1784591733195,1784591733203.0,1784591733828.861,551.775,8.0,625.861,,1185.636
e-184,1784591732693.2268,1784591733195,1784591733203.0,1784591733828.8745,501.773,8.0,625.875,,1135.648
e-185,1784591732743.228,1784591733195,1784591733204.0,1784591733828.875,451.772,9.0,624.875,,1085.647
e-186,1784591732793.2183,1784591733195,1784591733204.0,1784591733828.8755,401.782,9.0,624.875,,1035.657
e-187,1784591732843.224,1784591733195,1784591733204.0,1784591733828.8757,351.776,9.0,624.876,,985.652
e-188,1784591732893.229,1784591733195,1784591733204.0,1784591733828.8762,301.771,9.0,624.876,,935.647
e-189,1784591732943.2234,1784591733195,1784591733204.0,1784591733828.8767,251.777,9.0,624.877,,885.653
e-190,1784591732993.2317,1784591733195,1784591733204.0,1784591733828.8772,201.768,9.0,624.877,,835.646
e-191,1784591733043.2275,1784591733195,1784591733204.0,1784591733828.8945,151.772,9.0,624.895,,785.667
e-192,1784591733093.228,1784591733195,1784591733205.0,1784591733828.8953,101.772,10.0,623.895,,735.667
e-193,1784591733143.2239,1784591733195,1784591733205.0,1784591733828.8958,51.776,10.0,623.896,,685.672
e-194,1784591733193.2324,1784591733195,1784591733205.0,1784591733828.8962,1.768,10.0,623.896,,635.664
e-195,1784591733243.2292,1784591734245,1784591734251.0,1784591734876.9888,1001.771,6.0,625.989,,1633.76
e-196,1784591733293.2344,1784591734245,1784591734251.0,1784591734876.9922,951.766,6.0,625.992,,1583.758
e-197,1784591733343.229,1784591734245,1784591734251.0,1784591734876.9932,901.771,6.0,625.993,,1533.764
e-198,1784591733393.2322,1784591734245,1784591734252.0,1784591734876.994,851.768,7.0,624.994,,1483.762
e-199,1784591733443.224,1784591734245,1784591734252.0,1784591734876.9944,801.776,7.0,624.994,,1433.77
e-200,1784591733493.2195,1784591734245,1784591734252.0,1784591734876.995,751.781,7.0,624.995,,1383.776
e-201,1784591733543.2256,1784591734245,1784591734252.0,1784591734876.998,701.774,7.0,624.998,,1333.772
e-202,1784591733593.234,1784591734245,1784591734252.0,1784591734876.9985,651.766,7.0,624.999,,1283.765
e-203,1784591733643.2144,1784591734245,1784591734252.0,1784591734876.9993,601.786,7.0,624.999,,1233.785
e-204,1784591733693.2192,1784591734245,1784591734252.0,1784591734877.0,551.781,7.0,625.0,,1183.781
e-205,1784591733743.22,1784591734245,1784591734252.0,1784591734877.0132,501.78,7.0,625.013,,1133.793
e-206,1784591733793.2258,1784591734245,1784591734253.0,1784591734877.0137,451.774,8.0,624.014,,1083.788
e-207,1784591733843.2212,1784591734245,1784591734253.0,1784591734877.014,401.779,8.0,624.014,,1033.793
e-208,1784591733893.2249,1784591734245,1784591734253.0,1784591734877.0144,351.775,8.0,624.014,,983.79
e-209,1784591733943.225,1784591734245,1784591734253.0,1784591734877.015,301.775,8.0,624.015,,933.79
e-210,1784591733993.2192,1784591734245,1784591734253.0,1784591734877.0154,251.781,8.0,624.015,,883.796
e-211,1784591734043.2307,1784591734245,1784591734253.0,1784591734877.016,201.769,8.0,624.016,,833.785
e-212,1784591734093.248,1784591734245,1784591734253.0,1784591734877.0164,151.752,8.0,624.016,,783.768
e-213,1784591734143.2488,1784591734245,1784591734253.0,1784591734877.0168,101.751,8.0,624.017,,733.768
e-214,1784591734193.2422,1784591734245,1784591734253.0,1784591734877.0325,51.758,8.0,624.032,,683.79
e-215,1784591734243.2234,1784591734245,1784591734254.0,1784591734877.033,1.777,9.0,623.033,,633.81
e-216,1784591734293.2324,1784591735296,1784591735302.0,1784591735928.908,1002.768,6.0,626.908,,1635.676
e-217,1784591734343.2297,1784591735296,1784591735303.0,1784591735928.911,952.77,7.0,625.911,,1585.681
e-218,1784591734393.2278,1784591735296,1784591735303.0,1784591735928.9116,902.772,7.0,625.912,,1535.684
e-219,1784591734443.2214,1784591735296,1784591735303.0,1784591735928.9124,852.779,7.0,625.912,,1485.691
e-220,1784591734493.2195,1784591735296,1784591735303.0,1784591735928.913,802.781,7.0,625.913,,1435.694
e-221,1784591734543.225,1784591735296,1784591735303.0,1784591735928.9138,752.775,7.0,625.914,,1385.689
e-222,1784591734593.2249,1784591735296,1784591735303.0,1784591735928.9143,702.775,7.0,625.914,,1335.689
e-223,1784591734643.2256,1784591735296,1784591735303.0,1784591735928.915,652.774,7.0,625.915,,1285.689
e-224,1784591734693.2224,1784591735296,1784591735303.0,1784591735928.9155,602.778,7.0,625.916,,1235.693
e-225,1784591734743.2166,1784591735296,1784591735304.0,1784591735928.9163,552.783,8.0,624.916,,1185.7
e-226,1784591734793.2312,1784591735296,1784591735304.0,1784591735928.9167,502.769,8.0,624.917,,1135.686
e-227,1784591734843.2146,1784591735296,1784591735304.0,1784591735928.934,452.785,8.0,624.934,,1085.719
e-228,1784591734893.2258,1784591735296,1784591735304.0,1784591735928.935,402.774,8.0,624.935,,1035.709
e-229,1784591734943.2263,1784591735296,1784591735304.0,1784591735928.9358,352.774,8.0,624.936,,985.709
e-230,1784591734993.223,1784591735296,1784591735304.0,1784591735928.9363,302.777,8.0,624.936,,935.713
e-231,1784591735043.2285,1784591735296,1784591735304.0,1784591735928.937,252.771,8.0,624.937,,885.708
e-232,1784591735093.2278,1784591735296,1784591735304.0,1784591735928.9377,202.772,8.0,624.938,,835.71
e-233,1784591735143.242,1784591735296,1784591735305.0,1784591735928.9402,152.758,9.0,623.94,,785.698
e-234,1784591735193.2205,1784591735296,1784591735305.0,1784591735928.941,102.78,9.0,623.941,,735.72
e-235,1784591735243.2273,1784591735296,1784591735305.0,1784591735928.9414,52.773,9.0,623.941,,685.714
e-236,1784591735293.225,1784591735296,1784591735305.0,1784591735928.9421,2.775,9.0,623.942,,635.717
e-237,1784591735343.2288,1784591736346,1784591736351.0,1784591736975.9338,1002.771,5.0,624.934,,1632.705
e-238,1784591735393.2249,1784591736346,1784591736351.0,1784591736975.937,952.775,5.0,624.937,,1582.712
e-239,1784591735443.221,1784591736346,1784591736351.0,1784591736975.938,902.779,5.0,624.938,,1532.717
e-240,1784591735493.2117,1784591736346,1784591736351.0,1784591736975.9387,852.788,5.0,624.939,,1482.727
e-241,1784591735543.2222,1784591736346,1784591736352.0,1784591736975.9392,802.778,6.0,623.939,,1432.717
e-242,1784591735593.2234,1784591736346,1784591736352.0,1784591736975.94,752.777,6.0,623.94,,1382.717
e-243,1784591735643.2266,1784591736346,1784591736352.0,1784591736975.9404,702.773,6.0,623.94,,1332.714
e-244,1784591735693.233,1784591736346,1784591736352.0,1784591736975.9412,652.767,6.0,623.941,,1282.708
e-245,1784591735743.2393,1784591736346,1784591736352.0,1784591736975.9424,602.761,6.0,623.942,,1232.703
e-246,1784591735793.2412,1784591736346,1784591736352.0,1784591736975.943,552.759,6.0,623.943,,1182.702
e-247,1784591735843.2239,1784591736346,1784591736352.0,1784591736975.9436,502.776,6.0,623.944,,1132.72
e-248,1784591735893.2246,1784591736346,1784591736352.0,1784591736975.9612,452.775,6.0,623.961,,1082.737
e-249,1784591735943.2197,1784591736346,1784591736352.0,1784591736975.9617,402.78,6.0,623.962,,1032.742
e-250,1784591735993.221,1784591736346,1784591736353.0,1784591736975.9622,352.779,7.0,622.962,,982.741
e-251,1784591736043.232,1784591736346,1784591736353.0,1784591736975.9624,302.768,7.0,622.962,,932.73
e-252,1784591736093.21,1784591736346,1784591736353.0,1784591736975.963,252.79,7.0,622.963,,882.753
e-253,1784591736143.2305,1784591736346,1784591736353.0,1784591736975.9634,202.77,7.0,622.963,,832.733
e-254,1784591736193.2178,1784591736346,1784591736353.0,1784591736975.9639,152.782,7.0,622.964,,782.746
e-255,1784591736243.2234,1784591736346,1784591736353.0,1784591736975.9797,102.777,7.0,622.98,,732.756
e-256,1784591736293.22,1784591736346,1784591736353.0,1784591736975.9805,52.78,7.0,622.98,,682.76
e-257,1784591736343.224,1784591736346,1784591736353.0,1784591736975.981,2.776,7.0,622.981,,632.757
e-258,1784591736393.2307,1784591737396,1784591737401.0,1784591738025.0022,1002.769,5.0,624.002,,1631.771
e-259,1784591736443.2295,1784591737396,1784591737402.0,1784591738025.0044,952.771,6.0,623.004,,1581.775
e-260,1784591736493.226,1784591737396,1784591737402.0,1784591738025.0051,902.774,6.0,623.005,,1531.779
e-261,1784591736543.226,1784591737396,1784591737402.0,1784591738025.0056,852.774,6.0,623.006,,1481.78
e-262,1784591736593.2258,1784591737396,1784591737402.0,1784591738025.0063,802.774,6.0,623.006,,1431.781
e-263,1784591736643.2188,1784591737396,1784591737402.0,1784591738025.0068,752.781,6.0,623.007,,1381.788
e-264,1784591736693.2295,1784591737396,1784591737402.0,1784591738025.0073,702.771,6.0,623.007,,1331.778
e-265,1784591736743.217,1784591737396,1784591737402.0,1784591738025.0078,652.783,6.0,623.008,,1281.791
e-266,1784591736793.2278,1784591737396,1784591737402.0,1784591738025.008,602.772,6.0,623.008,,1231.78
e-267,1784591736843.2239,1784591737396,1784591737403.0,1784591738025.0085,552.776,7.0,622.009,,1181.785
e-268,1784591736893.2292,1784591737396,1784591737403.0,1784591738025.009,502.771,7.0,622.009,,1131.78
e-269,1784591736943.2212,1784591737396,1784591737403.0,1784591738025.0234,452.779,7.0,622.023,,1081.802
e-270,1784591736993.2253,1784591737396,1784591737403.0,1784591738025.024,402.775,7.0,622.024,,1031.799
e-271,1784591737043.2263,1784591737396,1784591737403.0,1784591738025.0244,352.774,7.0,622.024,,981.798
e-272,1784591737093.2236,1784591737396,1784591737403.0,1784591738025.0247,302.776,7.0,622.025,,931.801
e-273,1784591737143.225,1784591737396,1784591737403.0,1784591738025.0251,252.775,7.0,622.025,,881.8
e-274,1784591737193.2178,1784591737396,1784591737403.0,1784591738025.0256,202.782,7.0,622.026,,831.808
e-275,1784591737243.223,1784591737396,1784591737403.0,1784591738025.026,152.777,7.0,622.026,,781.803
e-276,1784591737293.2324,1784591737396,1784591737403.0,1784591738025.0264,102.768,7.0,622.026,,731.794
e-277,1784591737343.2202,1784591737396,1784591737404.0,1784591738025.0269,52.78,8.0,621.027,,681.807
e-278,1784591737393.2244,1784591737396,1784591737404.0,1784591738025.0273,2.776,8.0,621.027,,631.803
e-279,1784591737443.218,1784591738446,1784591738451.0,1784591739074.4944,1002.782,5.0,623.494,,1631.276
e-280,1784591737493.2239,1784591738446,1784591738451.0,1784591739074.5193,952.776,5.0,623.519,,1581.295
e-281,1784591737543.2292,1784591738446,1784591738451.0,1784591739074.5203,902.771,5.0,623.52,,1531.291
e-282,1784591737593.2314,1784591738446,1784591738451.0,1784591739074.5208,852.769,5.0,623.521,,1481.289
e-283,1784591737643.2195,1784591738446,1784591738451.0,1784591739074.5215,802.781,5.0,623.521,,1431.302
e-284,1784591737693.2266,1784591738446,1784591738451.0,1784591739074.5222,752.773,5.0,623.522,,1381.296
e-285,1784591737743.2185,1784591738446,1784591738452.0,1784591739074.5227,702.781,6.0,622.523,,1331.304
e-286,1784591737793.2427,1784591738446,1784591738452.0,1784591739074.5234,652.757,6.0,622.523,,1281.281
e-287,1784591737843.2349,1784591738446,1784591738452.0,1784591739074.5242,602.765,6.0,622.524,,1231.289
e-288,1784591737893.2258,1784591738446,1784591738452.0,1784591739074.5247,552.774,6.0,622.525,,1181.299
e-289,1784591737943.213,1784591738446,1784591738452.0,1784591739074.5251,502.787,6.0,622.525,,1131.312
e-290,1784591737993.2222,1784591738446,1784591738452.0,1784591739074.538,452.778,6.0,622.538,,1081.316
e-291,1784591738043.2234,1784591738446,1784591738452.0,1784591739074.5388,402.777,6.0,622.539,,1031.315
e-292,1784591738093.2253,1784591738446,1784591738452.0,1784591739074.5396,352.775,6.0,622.54,,981.314
e-293,1784591738143.2231,1784591738446,1784591738452.0,1784591739074.5444,302.777,6.0,622.544,,931.321
e-294,1784591738193.26,1784591738446,1784591738452.0,1784591739074.5452,252.74,6.0,622.545,,881.285
e-295,1784591738243.2185,1784591738446,1784591738453.0,1784591739074.5457,202.781,7.0,621.546,,831.327
e-296,1784591738293.2366,1784591738446,1784591738453.0,1784591739074.5464,152.763,7.0,621.546,,781.31
e-297,1784591738343.2202,1784591738446,1784591738453.0,1784591739074.5469,102.78,7.0,621.547,,731.327
e-298,1784591738393.233,1784591738446,1784591738453.0,1784591739074.5474,52.767,7.0,621.547,,681.314
e-299,1784591738443.2358,1784591738446,1784591738453.0,1784591739074.5479,2.764,7.0,621.548,,631.312
e-300,1784591738493.2349,1784591739495,1784591739500.0,1784591740123.901,1001.765,5.0,623.901,,1630.666
e-301,1784591738543.2366,1784591739495,1784591739500.0,1784591740123.903,951.763,5.0,623.903,,1580.667
e-302,1784591738593.2275,1784591739495,1784591739500.0,1784591740123.9043,901.772,5.0,623.904,,1530.677
e-303,1784591738643.2246,1784591739495,1784591739500.0,1784591740123.905,851.775,5.0,623.905,,1480.68
e-304,1784591738693.22,1784591739495,1784591739500.0,1784591740123.9055,801.78,5.0,623.906,,1430.686
e-305,1784591738743.2202,1784591739495,1784591739500.0,1784591740123.9062,751.78,5.0,623.906,,1380.686
e-306,1784591738793.2263,1784591739495,1784591739501.0,1784591740123.9065,701.774,6.0,622.906,,1330.68
e-307,1784591738843.2124,1784591739495,1784591739501.0,1784591740123.907,651.788,6.0,622.907,,1280.695
e-308,1784591738893.2317,1784591739495,1784591739501.0,1784591740123.9075,601.768,6.0,622.907,,1230.676
e-309,1784591738943.2146,1784591739495,1784591739501.0,1784591740123.909,551.785,6.0,622.909,,1180.694
e-310,1784591738993.2444,1784591739495,1784591739501.0,1784591740123.986,501.756,6.0,622.986,,1130.742
e-311,1784591739043.2273,1784591739495,1784591739501.0,1784591740123.9866,451.773,6.0,622.987,,1080.759
e-312,1784591739093.2205,1784591739495,1784591739501.0,1784591740123.9993,401.78,6.0,622.999,,1030.779
e-313,1784591739143.2354,1784591739495,1784591739501.0,1784591740124.0002,351.765,6.0,623.0,,980.765
e-314,1784591739193.2285,1784591739495,1784591739501.0,1784591740124.0005,301.771,6.0,623.0,,930.772
e-315,1784591739243.2246,1784591739495,1784591739502.0,1784591740124.001,251.775,7.0,622.001,,880.776
e-316,1784591739293.2437,1784591739495,1784591739502.0,1784591740124.0015,201.756,7.0,622.001,,830.758
e-317,1784591739343.243,1784591739495,1784591739502.0,1784591740124.002,151.757,7.0,622.002,,780.759
e-318,1784591739393.2468,1784591739495,1784591739502.0,1784591740124.0024,101.753,7.0,622.002,,730.756
e-319,1784591739443.2102,1784591739495,1784591739502.0,1784591740124.0027,51.79,7.0,622.003,,680.792
e-320,1784591739493.2422,1784591739495,1784591739502.0,1784591740124.0032,1.758,7.0,622.003,,630.761
e-321,1784591739543.2292,1784591740545,1784591740550.0,1784591741173.424,1001.771,5.0,623.424,,1630.195
e-322,1784591739593.2334,1784591740545,1784591740550.0,1784591741173.427,951.767,5.0,623.427,,1580.194
e-323,1784591739643.226,1784591740545,1784591740550.0,1784591741173.4277,901.774,5.0,623.428,,1530.202
e-324,1784591739693.217,1784591740545,1784591740550.0,1784591741173.4285,851.783,5.0,623.428,,1480.211
e-325,1784591739743.2146,1784591740545,1784591740550.0,1784591741173.4292,801.785,5.0,623.429,,1430.215
e-326,1784591739793.2297,1784591740545,1784591740550.0,1784591741173.43,751.77,5.0,623.43,,1380.2
e-327,1784591739843.2244,1784591740545,1784591740550.0,1784591741173.4304,701.776,5.0,623.43,,1330.206
e-328,1784591739893.225,1784591740545,1784591740550.0,1784591741173.4312,651.775,5.0,623.431,,1280.206
e-329,1784591739943.2234,1784591740545,1784591740550.0,1784591741173.4316,601.777,5.0,623.432,,1230.208
e-330,1784591739993.2263,1784591740545,1784591740550.0,1784591741173.4326,551.774,5.0,623.433,,1180.206
e-331,1784591740043.2256,1784591740545,1784591740550.0,1784591741173.433,501.774,5.0,623.433,,1130.208
e-332,1784591740093.227,1784591740545,1784591740550.0,1784591741173.4338,451.773,5.0,623.434,,1080.207
e-333,1784591740143.2112,1784591740545,1784591740551.0,1784591741173.4482,401.789,6.0,622.448,,1030.237
e-334,1784591740193.2214,1784591740545,1784591740551.0,1784591741173.449,351.779,6.0,622.449,,980.228
e-335,1784591740243.2246,1784591740545,1784591740551.0,1784591741173.4497,301.775,6.0,622.45,,930.225
e-336,1784591740293.23,1784591740545,1784591740551.0,1784591741173.4685,251.77,6.0,622.469,,880.239
e-337,1784591740343.2388,1784591740545,1784591740551.0,1784591741173.4692,201.761,6.0,622.469,,830.23
e-338,1784591740393.2334,1784591740545,1784591740551.0,1784591741173.47,151.767,6.0,622.47,,780.237
e-339,1784591740443.2192,1784591740545,1784591740551.0,1784591741173.4707,101.781,6.0,622.471,,730.251
e-340,1784591740493.231,1784591740545,1784591740551.0,1784591741173.4714,51.769,6.0,622.471,,680.24
e-341,1784591740543.2317,1784591740545,1784591740551.0,1784591741173.4722,1.768,6.0,622.472,,630.24
e-342,1784591740593.2324,1784591741595,1784591741600.0,1784591742220.8232,1001.768,5.0,620.823,,1627.591
e-343,1784591740643.231,1784591741595,1784591741601.0,1784591742220.8262,951.769,6.0,619.826,,1577.595
e-344,1784591740693.2285,1784591741595,1784591741601.0,1784591742220.8271,901.771,6.0,619.827,,1527.599
e-345,1784591740743.2178,1784591741595,1784591741601.0,1784591742220.828,851.782,6.0,619.828,,1477.61
e-346,1784591740793.229,1784591741595,1784591741601.0,1784591742220.8286,801.771,6.0,619.829,,1427.6
e-347,1784591740843.225,1784591741595,1784591741601.0,1784591742220.8296,751.775,6.0,619.83,,1377.604
e-348,1784591740893.224,1784591741595,1784591741601.0,1784591742220.8303,701.776,6.0,619.83,,1327.606
e-349,1784591740943.2344,1784591741595,1784591741601.0,1784591742220.8308,651.766,6.0,619.831,,1277.596
e-350,1784591740993.2244,1784591741595,1784591741602.0,1784591742220.8315,601.776,7.0,618.832,,1227.607
e-351,1784591741043.2244,1784591741595,1784591741602.0,1784591742220.8323,551.776,7.0,618.832,,1177.608
e-352,1784591741093.229,1784591741595,1784591741602.0,1784591742220.833,501.771,7.0,618.833,,1127.604
e-353,1784591741143.23,1784591741595,1784591741602.0,1784591742220.8352,451.77,7.0,618.835,,1077.605
e-354,1784591741193.2183,1784591741595,1784591741602.0,1784591742220.847,401.782,7.0,618.847,,1027.629
e-355,1784591741243.229,1784591741595,1784591741602.0,1784591742220.8477,351.771,7.0,618.848,,977.619
e-356,1784591741293.2268,1784591741595,1784591741602.0,1784591742220.8481,301.773,7.0,618.848,,927.621
e-357,1784591741343.2236,1784591741595,1784591741602.0,1784591742220.8486,251.776,7.0,618.849,,877.625
e-358,1784591741393.2246,1784591741595,1784591741602.0,1784591742220.8494,201.775,7.0,618.849,,827.625
e-359,1784591741443.2285,1784591741595,1784591741602.0,1784591742220.8538,151.771,7.0,618.854,,777.625
e-360,1784591741493.232,1784591741595,1784591741603.0,1784591742220.8542,101.768,8.0,617.854,,727.622
e-361,1784591741543.2344,1784591741595,1784591741603.0,1784591742220.855,51.766,8.0,617.855,,677.621
e-362,1784591741593.2285,1784591741595,1784591741603.0,1784591742220.8555,1.771,8.0,617.855,,627.627
e-363,1784591741643.2283,1784591742646,1784591742650.0,1784591743274.6133,1002.772,4.0,624.613,,1631.385
e-364,1784591741693.228,1784591742646,1784591742651.0,1784591743274.617,952.772,5.0,623.617,,1581.389
e-365,1784591741743.2275,1784591742646,1784591742651.0,1784591743274.6177,902.772,5.0,623.618,,1531.39
e-366,1784591741793.2258,1784591742646,1784591742651.0,1784591743274.6184,852.774,5.0,623.618,,1481.393
e-367,1784591741843.24,1784591742646,1784591742651.0,1784591743274.619,802.76,5.0,623.619,,1431.379
e-368,1784591741893.177,1784591742646,1784591742651.0,1784591743274.6196,752.823,5.0,623.62,,1381.443
e-369,1784591741943.233,1784591742646,1784591742651.0,1784591743274.62,702.767,5.0,623.62,,1331.387
e-370,1784591741993.2285,1784591742646,1784591742651.0,1784591743274.6206,652.771,5.0,623.621,,1281.392
e-371,1784591742043.2278,1784591742646,1784591742651.0,1784591743274.6213,602.772,5.0,623.621,,1231.394
e-372,1784591742093.226,1784591742646,1784591742651.0,1784591743274.6218,552.774,5.0,623.622,,1181.396
e-373,1784591742143.2368,1784591742646,1784591742651.0,1784591743274.6226,502.763,5.0,623.623,,1131.386
e-374,1784591742193.2295,1784591742646,1784591742651.0,1784591743274.6235,452.771,5.0,623.624,,1081.394
e-375,1784591742243.2192,1784591742646,1784591742652.0,1784591743274.6296,402.781,6.0,622.63,,1031.41
e-376,1784591742293.2295,1784591742646,1784591742652.0,1784591743274.6304,352.771,6.0,622.63,,981.401
e-377,1784591742343.2292,1784591742646,1784591742652.0,1784591743274.6309,302.771,6.0,622.631,,931.402
e-378,1784591742393.2273,1784591742646,1784591742652.0,1784591743274.6313,252.773,6.0,622.631,,881.404
e-379,1784591742443.2263,1784591742646,1784591742652.0,1784591743274.6318,202.774,6.0,622.632,,831.406
e-380,1784591742493.233,1784591742646,1784591742652.0,1784591743274.6477,152.767,6.0,622.648,,781.415
e-381,1784591742543.231,1784591742646,1784591742652.0,1784591743274.6482,102.769,6.0,622.648,,731.417
e-382,1784591742593.2249,1784591742646,1784591742652.0,1784591743274.649,52.775,6.0,622.649,,681.424
e-383,1784591742643.233,1784591742646,1784591742652.0,1784591743274.6965,2.767,6.0,622.697,,631.464
e-384,1784591742693.2236,1784591743695,1784591743700.0,1784591744323.2126,1001.776,5.0,623.213,,1629.989
e-385,1784591742743.2212,1784591743695,1784591743701.0,1784591744323.2153,951.779,6.0,622.215,,1579.994
e-386,1784591742793.2346,1784591743695,1784591743701.0,1784591744323.216,901.765,6.0,622.216,,1529.981
e-387,1784591742843.2263,1784591743695,1784591743701.0,1784591744323.2163,851.774,6.0,622.216,,1479.99
e-388,1784591742893.2266,1784591743695,1784591743701.0,1784591744323.2168,801.773,6.0,622.217,,1429.99
e-389,1784591742943.2156,1784591743695,1784591743701.0,1784591744323.2173,751.784,6.0,622.217,,1380.002
e-390,1784591742993.2188,1784591743695,1784591743701.0,1784591744323.2178,701.781,6.0,622.218,,1329.999
e-391,1784591743043.2363,1784591743695,1784591743701.0,1784591744323.2183,651.764,6.0,622.218,,1279.982
e-392,1784591743093.2446,1784591743695,1784591743701.0,1784591744323.2185,601.755,6.0,622.219,,1229.974
e-393,1784591743143.2317,1784591743695,1784591743701.0,1784591744323.219,551.768,6.0,622.219,,1179.987
e-394,1784591743193.2268,1784591743695,1784591743701.0,1784591744323.2195,501.773,6.0,622.219,,1129.993
e-395,1784591743243.235,1784591743695,1784591743701.0,1784591744323.22,451.765,6.0,622.22,,1079.985
e-396,1784591743293.217,1784591743695,1784591743702.0,1784591744323.2344,401.783,7.0,621.234,,1030.017
e-397,1784591743343.2104,1784591743695,1784591743702.0,1784591744323.2537,351.79,7.0,621.254,,980.043
e-398,1784591743393.2295,1784591743695,1784591743702.0,1784591744323.2544,301.771,7.0,621.254,,930.025
e-399,1784591743443.2332,1784591743695,1784591743702.0,1784591744323.255,251.767,7.0,621.255,,880.022
e-400,1784591743493.224,1784591743695,1784591743702.0,1784591744323.2554,201.776,7.0,621.255,,830.031
e-401,1784591743543.2307,1784591743695,1784591743702.0,1784591744323.2573,151.769,7.0,621.257,,780.027
e-402,1784591743593.2295,1784591743695,1784591743702.0,1784591744323.2578,101.771,7.0,621.258,,730.028
e-403,1784591743643.2183,1784591743695,1784591743702.0,1784591744323.2583,51.782,7.0,621.258,,680.04
e-404,1784591743693.2285,1784591743695,1784591743702.0,1784591744323.2588,1.771,7.0,621.259,,630.03
e-405,1784591743743.2202,1784591744745,1784591744750.0,1784591745372.6306,1001.78,5.0,622.631,,1629.41
e-406,1784591743793.224,1784591744745,1784591744750.0,1784591745372.6338,951.776,5.0,622.634,,1579.41
e-407,1784591743843.2253,1784591744745,1784591744750.0,1784591745372.6348,901.775,5.0,622.635,,1529.409
e-408,1784591743893.232,1784591744745,1784591744750.0,1784591745372.6355,851.768,5.0,622.635,,1479.404
e-409,1784591743943.2234,1784591744745,1784591744750.0,1784591745372.636,801.777,5.0,622.636,,1429.413
e-410,1784591743993.2263,1784591744745,1784591744751.0,1784591745372.637,751.774,6.0,621.637,,1379.411
e-411,1784591744043.229,1784591744745,1784591744751.0,1784591745372.6377,701.771,6.0,621.638,,1329.409
e-412,1784591744093.224,1784591744745,1784591744751.0,1784591745372.6382,651.776,6.0,621.638,,1279.414
e-413,1784591744143.2275,1784591744745,1784591744751.0,1784591745372.639,601.772,6.0,621.639,,1229.411
e-414,1784591744193.2268,1784591744745,1784591744751.0,1784591745372.6396,551.773,6.0,621.64,,1179.413
e-415,1784591744243.2249,1784591744745,1784591744751.0,1784591745372.6406,501.775,6.0,621.641,,1129.416
e-416,1784591744293.2253,1784591744745,1784591744751.0,1784591745372.6414,451.775,6.0,621.641,,1079.416
e-417,1784591744343.2207,1784591744745,1784591744751.0,1784591745372.642,401.779,6.0,621.642,,1029.421
e-418,1784591744393.231,1784591744745,1784591744751.0,1784591745372.6567,351.769,6.0,621.657,,979.426
e-419,1784591744443.2178,1784591744745,1784591744751.0,1784591745372.6575,301.782,6.0,621.657,,929.44
e-420,1784591744493.1914,1784591744745,1784591744751.0,1784591745372.6582,251.809,6.0,621.658,,879.467
e-421,1784591744543.2346,1784591744745,1784591744751.0,1784591745372.659,201.765,6.0,621.659,,829.424
e-422,1784591744593.228,1784591744745,1784591744752.0,1784591745372.6594,151.772,7.0,620.659,,779.431
e-423,1784591744643.2417,1784591744745,1784591744752.0,1784591745372.6602,101.758,7.0,620.66,,729.418
e-424,1784591744693.2446,1784591744745,1784591744752.0,1784591745372.6606,51.755,7.0,620.661,,679.416
e-425,1784591744743.2217,1784591744745,1784591744752.0,1784591745372.6655,1.778,7.0,620.666,,629.444
e-426,1784591744793.2258,1784591745796,1784591745800.0,1784591746435.8103,1002.774,4.0,635.81,,1642.584
e-427,1784591744843.2256,1784591745796,1784591745800.0,1784591746435.8125,952.774,4.0,635.812,,1592.587
e-428,1784591744893.2292,1784591745796,1784591745800.0,1784591746435.8132,902.771,4.0,635.813,,1542.584
e-429,1784591744943.2231,1784591745796,1784591745800.0,1784591746435.8135,852.777,4.0,635.813,,1492.59
e-430,1784591744993.2292,1784591745796,1784591745800.0,1784591746435.814,802.771,4.0,635.814,,1442.585
e-431,1784591745043.221,1784591745796,1784591745801.0,1784591746435.8145,752.779,5.0,634.814,,1392.594
e-432,1784591745093.2214,1784591745796,1784591745801.0,1784591746435.8152,702.779,5.0,634.815,,1342.594
e-433,1784591745143.2195,1784591745796,1784591745801.0,1784591746435.8157,652.781,5.0,634.816,,1292.596
e-434,1784591745193.2202,1784591745796,1784591745801.0,1784591746435.8162,602.78,5.0,634.816,,1242.596
e-435,1784591745243.2346,1784591745796,1784591745801.0,1784591746435.8164,552.765,5.0,634.816,,1192.582
e-436,1784591745293.2393,1784591745796,1784591745801.0,1784591746435.817,502.761,5.0,634.817,,1142.578
e-437,1784591745343.2227,1784591745796,1784591745801.0,1784591746435.8174,452.777,5.0,634.817,,1092.595
e-438,1784591745393.2183,1784591745796,1784591745801.0,1784591746435.8179,402.782,5.0,634.818,,1042.6
e-439,1784591745443.2192,1784591745796,1784591745801.0,1784591746435.8296,352.781,5.0,634.83,,992.61
e-440,1784591745493.2244,1784591745796,1784591745801.0,1784591746435.83,302.776,5.0,634.83,,942.606
e-441,1784591745543.2275,1784591745796,1784591745801.0,1784591746435.8306,252.772,5.0,634.831,,892.603
e-442,1784591745593.2263,1784591745796,1784591745801.0,1784591746435.8308,202.774,5.0,634.831,,842.604
e-443,1784591745643.225,1784591745796,1784591745802.0,1784591746435.8313,152.775,6.0,633.831,,792.606
e-444,1784591745693.2256,1784591745796,1784591745802.0,1784591746435.8318,102.774,6.0,633.832,,742.606
e-445,1784591745743.226,1784591745796,1784591745802.0,1784591746435.8323,52.774,6.0,633.832,,692.606
e-446,1784591745793.2283,1784591745796,1784591745802.0,1784591746435.8325,2.772,6.0,633.833,,642.604
e-447,1784591745843.2158,1784591746846,1784591746850.0,1784591747473.5715,1002.784,4.0,623.572,,1630.356
e-448,1784591745893.2275,1784591746846,1784591746851.0,1784591747473.5745,952.772,5.0,622.574,,1580.347
e-449,1784591745943.221,1784591746846,1784591746851.0,1784591747473.5757,902.779,5.0,622.576,,1530.355
e-450,1784591745993.2266,1784591746846,1784591746851.0,1784591747473.5762,852.773,5.0,622.576,,1480.35
e-451,1784591746043.2212,1784591746846,1784591746851.0,1784591747473.5767,802.779,5.0,622.577,,1430.355
e-452,1784591746093.2222,1784591746846,1784591746851.0,1784591747473.5771,752.778,5.0,622.577,,1380.355
e-453,1784591746143.2295,1784591746846,1784591746851.0,1784591747473.5776,702.771,5.0,622.578,,1330.348
e-454,1784591746193.2273,1784591746846,1784591746851.0,1784591747473.5781,652.773,5.0,622.578,,1280.351
e-455,1784591746243.2158,1784591746846,1784591746851.0,1784591747473.5784,602.784,5.0,622.578,,1230.363
e-456,1784591746293.2336,1784591746846,1784591746851.0,1784591747473.5789,552.766,5.0,622.579,,1180.345
e-457,1784591746343.2458,1784591746846,1784591746851.0,1784591747473.5803,502.754,5.0,622.58,,1130.334
e-458,1784591746393.2483,1784591746846,1784591746851.0,1784591747473.5808,452.752,5.0,622.581,,1080.333
e-459,1784591746443.23,1784591746846,1784591746852.0,1784591747473.581,402.77,6.0,621.581,,1030.351
e-460,1784591746493.2336,1784591746846,1784591746852.0,1784591747473.5935,352.766,6.0,621.594,,980.36
e-461,1784591746543.2268,1784591746846,1784591746852.0,1784591747473.5942,302.773,6.0,621.594,,930.367
e-462,1784591746593.2231,1784591746846,1784591746852.0,1784591747473.6086,252.777,6.0,621.609,,880.385
e-463,1784591746643.24,1784591746846,1784591746852.0,1784591747473.6091,202.76,6.0,621.609,,830.369
e-464,1784591746693.2427,1784591746846,1784591746852.0,1784591747473.6096,152.757,6.0,621.61,,780.367
e-465,1784591746743.2244,1784591746846,1784591746852.0,1784591747473.61,102.776,6.0,621.61,,730.386
e-466,1784591746793.246,1784591746846,1784591746852.0,1784591747473.6106,52.754,6.0,621.611,,680.365
e-467,1784591746843.2063,1784591746846,1784591746852.0,1784591747473.6108,2.794,6.0,621.611,,630.405
e-468,1784591746893.2253,1784591747898,1784591747906.0,1784591748654.8616,1004.775,8.0,748.862,,1761.636
e-469,1784591746943.2202,1784591747898,1784591747906.0,1784591748654.8647,954.78,8.0,748.865,,1711.645
e-470,1784591746993.226,1784591747898,1784591747907.0,1784591748654.8655,904.774,9.0,747.865,,1661.639
e-471,1784591747043.2283,1784591747898,1784591747907.0,1784591748654.8662,854.772,9.0,747.866,,1611.638
e-472,1784591747093.2249,1784591747898,1784591747907.0,1784591748654.867,804.775,9.0,747.867,,1561.642
e-473,1784591747143.2249,1784591747898,1784591747907.0,1784591748654.8674,754.775,9.0,747.867,,1511.643
e-474,1784591747193.2285,1784591747898,1784591747907.0,1784591748654.8682,704.771,9.0,747.868,,1461.64
e-475,1784591747243.2185,1784591747898,1784591747907.0,1784591748654.869,654.781,9.0,747.869,,1411.65
e-476,1784591747293.227,1784591747898,1784591747907.0,1784591748654.8694,604.773,9.0,747.869,,1361.642
e-477,1784591747343.224,1784591747898,1784591747907.0,1784591748654.87,554.776,9.0,747.87,,1311.646
e-478,1784591747393.2288,1784591747898,1784591747907.0,1784591748654.8706,504.771,9.0,747.871,,1261.642
e-479,1784591747443.221,1784591747898,1784591747907.0,1784591748654.8713,454.779,9.0,747.871,,1211.65
e-480,1784591747493.228,1784591747898,1784591747907.0,1784591748654.8718,404.772,9.0,747.872,,1161.644
e-481,1784591747543.202,1784591747898,1784591747907.0,1784591748654.8726,354.798,9.0,747.873,,1111.671
e-482,1784591747593.2188,1784591747898,1784591747907.0,1784591748654.8862,304.781,9.0,747.886,,1061.667
e-483,1784591747643.223,1784591747898,1784591747907.0,1784591748654.8875,254.777,9.0,747.887,,1011.665
e-484,1784591747693.2188,1784591747898,1784591747907.0,1784591748654.8882,204.781,9.0,747.888,,961.669
e-485,1784591747743.226,1784591747898,1784591747907.0,1784591748654.8887,154.774,9.0,747.889,,911.663
e-486,1784591747793.223,1784591747898,1784591747907.0,1784591748654.8894,104.777,9.0,747.889,,861.667
e-487,1784591747843.2354,1784591747898,1784591747907.0,1784591748654.8901,54.765,9.0,747.89,,811.655
e-488,1784591747895.5396,1784591748899,1784591748904.0,1784591749732.8481,1003.46,5.0,828.848,,1837.309
e-489,1784591747943.22,1784591748899,1784591748904.0,1784591749732.8523,955.78,5.0,828.852,,1789.632
e-490,1784591747993.2266,1784591748899,1784591748904.0,1784591749732.8533,905.773,5.0,828.853,,1739.627
e-491,1784591748043.2405,1784591748899,1784591748904.0,1784591749732.8542,855.76,5.0,828.854,,1689.614
e-492,1784591748093.2322,1784591748899,1784591748905.0,1784591749732.855,805.768,6.0,827.855,,1639.623
e-493,1784591748143.2249,1784591748899,1784591748905.0,1784591749732.8557,755.775,6.0,827.856,,1589.631
e-494,1784591748193.2312,1784591748899,1784591748905.0,1784591749732.8564,705.769,6.0,827.856,,1539.625
e-495,1784591748243.2195,1784591748899,1784591748905.0,1784591749732.8574,655.781,6.0,827.857,,1489.638
e-496,1784591748293.2322,1784591748899,1784591748905.0,1784591749732.8582,605.768,6.0,827.858,,1439.626
e-497,1784591748343.2246,1784591748899,1784591748905.0,1784591749732.8591,555.775,6.0,827.859,,1389.635
e-498,1784591748393.226,1784591748899,1784591748905.0,1784591749732.8596,505.774,6.0,827.86,,1339.634
e-499,1784591748443.2197,1784591748899,1784591748905.0,1784591749732.8606,455.78,6.0,827.861,,1289.641
e-500,1784591748493.2322,1784591748899,1784591748905.0,1784591749732.8613,405.768,6.0,827.861,,1239.629
e-501,1784591748543.2388,1784591748899,1784591748905.0,1784591749732.8623,355.761,6.0,827.862,,1189.624
e-502,1784591748593.2273,1784591748899,1784591748905.0,1784591749732.863,305.773,6.0,827.863,,1139.636
e-503,1784591748643.2285,1784591748899,1784591748906.0,1784591749732.8787,255.771,7.0,826.879,,1089.65
e-504,1784591748693.227,1784591748899,1784591748906.0,1784591749732.8796,205.773,7.0,826.88,,1039.653
e-505,1784591748743.2224,1784591748899,1784591748906.0,1784591749732.8806,155.778,7.0,826.881,,989.658
e-506,1784591748793.2307,1784591748899,1784591748906.0,1784591749732.8813,105.769,7.0,826.881,,939.651
e-507,1784591748843.218,1784591748899,1784591748906.0,1784591749732.8823,55.782,7.0,826.882,,889.664
e-508,1784591748893.2307,1784591748899,1784591748906.0,1784591749732.883,5.769,7.0,826.883,,839.652
e-509,1784591748943.215,1784591749944,1784591749949.0,1784591750783.9985,1000.785,5.0,834.999,,1840.783
e-510,1784591748993.2302,1784591749944,1784591749950.0,1784591750784.001,950.77,6.0,834.001,,1790.771
e-511,1784591749043.2358,1784591749944,1784591749957.0,1784591750784.0015,900.764,13.0,827.001,,1740.766
e-512,1784591749093.2258,1784591749944,1784591749957.0,1784591750784.002,850.774,13.0,827.002,,1690.776
e-513,1784591749143.2188,1784591749944,1784591749957.0,1784591750784.0022,800.781,13.0,827.002,,1640.783
e-514,1784591749193.2278,1784591749944,1784591749957.0,1784591750784.0024,750.772,13.0,827.002,,1590.775
e-515,1784591749243.1917,1784591749944,1784591749957.0,1784591750784.0027,700.808,13.0,827.003,,1540.811
e-516,1784591749293.2249,1784591749944,1784591749958.0,1784591750784.003,650.775,14.0,826.003,,1490.778
e-517,1784591749343.2234,1784591749944,1784591749958.0,1784591750784.0034,600.777,14.0,826.003,,1440.78
e-518,1784591749393.2266,1784591749944,1784591749958.0,1784591750784.0037,550.773,14.0,826.004,,1390.777
e-519,1784591749443.223,1784591749944,1784591749958.0,1784591750784.004,500.777,14.0,826.004,,1340.781
e-520,1784591749493.2288,1784591749944,1784591749958.0,1784591750784.0042,450.771,14.0,826.004,,1290.775
e-521,1784591749543.231,1784591749944,1784591749958.0,1784591750784.0063,400.769,14.0,826.006,,1240.775
e-522,1784591749593.2288,1784591749944,1784591749958.0,1784591750784.0066,350.771,14.0,826.007,,1190.778
e-523,1784591749643.2292,1784591749944,1784591749958.0,1784591750784.0068,300.771,14.0,826.007,,1140.778
e-524,1784591749693.2288,1784591749944,1784591749958.0,1784591750784.016,250.771,14.0,826.016,,1090.787
e-525,1784591749743.2185,1784591749944,1784591749958.0,1784591750784.0164,200.781,14.0,826.016,,1040.798
e-526,1784591749793.2317,1784591749944,1784591749958.0,1784591750784.0166,150.768,14.0,826.017,,990.785
e-527,1784591749843.221,1784591749944,1784591749958.0,1784591750784.0168,100.779,14.0,826.017,,940.796
e-528,1784591749893.2302,1784591749944,1784591749958.0,1784591750784.0168,50.77,14.0,826.017,,890.787
e-529,1784591749943.2205,1784591749944,1784591749958.0,1784591750784.0173,0.78,14.0,826.017,,840.797
e-530,1784591749993.223,1784591750995,1784591750999.0,1784591751819.4314,1001.777,4.0,820.431,,1826.208
e-531,1784591750043.2322,1784591750995,1784591751000.0,1784591751819.4338,951.768,5.0,819.434,,1776.202
e-532,1784591750093.2266,1784591750995,1784591751000.0,1784591751819.4343,901.773,5.0,819.434,,1726.208
e-533,1784591750143.214,1784591750995,1784591751000.0,1784591751819.4348,851.786,5.0,819.435,,1676.221
e-534,1784591750193.2258,1784591750995,1784591751000.0,1784591751819.4355,801.774,5.0,819.436,,1626.21
e-535,1784591750243.2244,1784591750995,1784591751000.0,1784591751819.436,751.776,5.0,819.436,,1576.212
e-536,1784591750293.2239,1784591750995,1784591751000.0,1784591751819.4365,701.776,5.0,819.437,,1526.213
e-537,1784591750343.2263,1784591750995,1784591751000.0,1784591751819.437,651.774,5.0,819.437,,1476.211
e-538,1784591750393.2332,1784591750995,1784591751000.0,1784591751819.4373,601.767,5.0,819.437,,1426.204
e-539,1784591750443.2183,1784591750995,1784591751000.0,1784591751819.4377,551.782,5.0,819.438,,1376.219
e-540,1784591750493.2266,1784591750995,1784591751000.0,1784591751819.4382,501.773,5.0,819.438,,1326.212
e-541,1784591750543.2231,1784591750995,1784591751000.0,1784591751819.4387,451.777,5.0,819.439,,1276.216
e-542,1784591750593.221,1784591750995,1784591751000.0,1784591751819.4392,401.779,5.0,819.439,,1226.218
e-543,1784591750643.228,1784591750995,1784591751000.0,1784591751819.4395,351.772,5.0,819.439,,1176.211
e-544,1784591750693.2205,1784591750995,1784591751000.0,1784591751819.44,301.78,5.0,819.44,,1126.219
e-545,1784591750743.2246,1784591750995,1784591751000.0,1784591751819.452,251.775,5.0,819.452,,1076.227
e-546,1784591750793.2249,1784591750995,1784591751000.0,1784591751819.4524,201.775,5.0,819.452,,1026.228
e-547,1784591750843.2307,1784591750995,1784591751000.0,1784591751819.453,151.769,5.0,819.453,,976.222
e-548,1784591750893.2249,1784591750995,1784591751000.0,1784591751819.4534,101.775,5.0,819.453,,926.229
e-549,1784591750943.2163,1784591750995,1784591751000.0,1784591751819.4539,51.784,5.0,819.454,,876.238
e-550,1784591750993.2207,1784591750995,1784591751000.0,1784591751819.454,1.779,5.0,819.454,,826.233
e-551,1784591751043.2314,1784591752045,1784591752048.0,1784591752869.9695,1001.769,3.0,821.969,,1826.738
e-552,1784591751093.2253,1784591752045,1784591752049.0,1784591752869.9727,951.775,4.0,820.973,,1776.747
e-553,1784591751143.2332,1784591752045,1784591752049.0,1784591752869.9734,901.767,4.0,820.973,,1726.74
e-554,1784591751193.225,1784591752045,1784591752049.0,1784591752869.9739,851.775,4.0,820.974,,1676.749
e-555,1784591751243.229,1784591752045,1784591752049.0,1784591752869.974,801.771,4.0,820.974,,1626.745
e-556,1784591751293.2327,1784591752045,1784591752049.0,1784591752869.9746,751.767,4.0,820.975,,1576.742
e-557,1784591751343.2224,1784591752045,1784591752049.0,1784591752869.9854,701.778,4.0,820.985,,1526.763
e-558,1784591751393.2263,1784591752045,1784591752049.0,1784591752869.9856,651.774,4.0,820.986,,1476.759
e-559,1784591751443.2205,1784591752045,1784591752049.0,1784591752869.986,601.78,4.0,820.986,,1426.766
e-560,1784591751493.225,1784591752045,1784591752049.0,1784591752869.9866,551.775,4.0,820.987,,1376.761
e-561,1784591751543.2395,1784591752045,1784591752049.0,1784591752869.9868,501.76,4.0,820.987,,1326.747
e-562,1784591751593.2258,1784591752045,1784591752049.0,1784591752869.987,451.774,4.0,820.987,,1276.761
e-563,1784591751643.229,1784591752045,1784591752049.0,1784591752869.9875,401.771,4.0,820.988,,1226.759
e-564,1784591751693.2256,1784591752045,1784591752049.0,1784591752869.988,351.774,4.0,820.988,,1176.762
e-565,1784591751743.2185,1784591752045,1784591752049.0,1784591752869.9883,301.781,4.0,820.988,,1126.77
e-566,1784591751793.2249,1784591752045,1784591752049.0,1784591752869.9888,251.775,4.0,820.989,,1076.764
e-567,1784591751843.2173,1784591752045,1784591752049.0,1784591752869.9927,201.783,4.0,820.993,,1026.775
e-568,1784591751893.2256,1784591752045,1784591752049.0,1784591752869.9932,151.774,4.0,820.993,,976.768
e-569,1784591751943.2227,1784591752045,1784591752049.0,1784591752869.9934,101.777,4.0,820.993,,926.771
e-570,1784591751993.221,1784591752045,1784591752049.0,1784591752869.994,51.779,4.0,820.994,,876.773
e-571,1784591752043.2273,1784591752045,1784591752049.0,1784591752869.9941,1.773,4.0,820.994,,826.767
e-572,1784591752093.2222,1784591753095,1784591753099.0,1784591753921.2683,1001.778,4.0,822.268,,1828.046
e-573,1784591752143.2273,1784591753095,1784591753099.0,1784591753921.2722,951.773,4.0,822.272,,1778.045
e-574,1784591752193.2258,1784591753095,1784591753099.0,1784591753921.2732,901.774,4.0,822.273,,1728.047
e-575,1784591752243.222,1784591753095,1784591753100.0,1784591753921.2742,851.778,5.0,821.274,,1678.052
e-576,1784591752293.229,1784591753095,1784591753100.0,1784591753921.2751,801.771,5.0,821.275,,1628.046
e-577,1784591752343.2234,1784591753095,1784591753100.0,1784591753921.276,751.777,5.0,821.276,,1578.052
e-578,1784591752393.221,1784591753095,1784591753100.0,1784591753921.2766,701.779,5.0,821.277,,1528.056
e-579,1784591752443.218,1784591753095,1784591753100.0,1784591753921.2773,651.782,5.0,821.277,,1478.059
e-580,1784591752493.225,1784591753095,1784591753100.0,1784591753921.278,601.775,5.0,821.278,,1428.053
e-581,1784591752543.2205,1784591753095,1784591753100.0,1784591753921.279,551.78,5.0,821.279,,1378.059
e-582,1784591752593.226,1784591753095,1784591753100.0,1784591753921.2798,501.774,5.0,821.28,,1328.054
e-583,1784591752643.2207,1784591753095,1784591753100.0,1784591753921.2805,451.779,5.0,821.281,,1278.06
e-584,1784591752693.2263,1784591753095,1784591753100.0,1784591753921.2812,401.774,5.0,821.281,,1228.055
e-585,1784591752743.2227,1784591753095,1784591753100.0,1784591753921.2822,351.777,5.0,821.282,,1178.06
e-586,1784591752793.2273,1784591753095,1784591753100.0,1784591753921.283,301.773,5.0,821.283,,1128.056
e-587,1784591752843.2004,1784591753095,1784591753100.0,1784591753921.2837,251.8,5.0,821.284,,1078.083
e-588,1784591752893.2256,1784591753095,1784591753100.0,1784591753921.3005,201.774,5.0,821.301,,1028.075
e-589,1784591752943.2197,1784591753095,1784591753100.0,1784591753921.3015,151.78,5.0,821.302,,978.082
e-590,1784591752993.224,1784591753095,1784591753100.0,1784591753921.3022,101.776,5.0,821.302,,928.078
e-591,1784591753043.2275,1784591753095,1784591753100.0,1784591753921.3032,51.772,5.0,821.303,,878.076
e-592,1784591753093.226,1784591753095,1784591753100.0,1784591753921.304,1.774,5.0,821.304,,828.078
e-593,1784591753143.2253,1784591754146,1784591754151.0,1784591754974.965,1002.775,5.0,823.965,,1831.74
e-594,1784591753193.2185,1784591754146,1784591754151.0,1784591754974.9683,952.781,5.0,823.968,,1781.75
e-595,1784591753243.2236,1784591754146,1784591754151.0,1784591754974.9692,902.776,5.0,823.969,,1731.746
e-596,1784591753293.2202,1784591754146,1784591754151.0,1784591754974.97,852.78,5.0,823.97,,1681.75
e-597,1784591753343.2332,1784591754146,1784591754151.0,1784591754974.9707,802.767,5.0,823.971,,1631.738
e-598,1784591753393.2222,1784591754146,1784591754151.0,1784591754974.9714,752.778,5.0,823.971,,1581.749
e-599,1784591753443.2158,1784591754146,1784591754151.0,1784591754974.9722,702.784,5.0,823.972,,1531.756
e-600,1784591753493.2175,1784591754146,1784591754151.0,1784591754974.973,652.782,5.0,823.973,,1481.755
e-601,1784591753543.2305,1784591754146,1784591754152.0,1784591754974.9734,602.77,6.0,822.973,,1431.743
e-602,1784591753593.2263,1784591754146,1784591754152.0,1784591754974.974,552.774,6.0,822.974,,1381.748
e-603,1784591753643.2244,1784591754146,1784591754152.0,1784591754974.9749,502.776,6.0,822.975,,1331.75
e-604,1784591753693.226,1784591754146,1784591754152.0,1784591754974.9753,452.774,6.0,822.975,,1281.749
e-605,1784591753743.2205,1784591754146,1784591754152.0,1784591754974.976,402.78,6.0,822.976,,1231.756
e-606,1784591753793.2266,1784591754146,1784591754152.0,1784591754974.9768,352.773,6.0,822.977,,1181.75
e-607,1784591753843.2156,1784591754146,1784591754152.0,1784591754974.9773,302.784,6.0,822.977,,1131.762
e-608,1784591753893.2283,1784591754146,1784591754152.0,1784591754974.978,252.772,6.0,822.978,,1081.75
e-609,1784591753943.215,1784591754146,1784591754152.0,1784591754974.991,202.785,6.0,822.991,,1031.776
e-610,1784591753993.2224,1784591754146,1784591754152.0,1784591754974.9915,152.778,6.0,822.991,,981.769
e-611,1784591754043.227,1784591754146,1784591754152.0,1784591754974.9917,102.773,6.0,822.992,,931.765
e-612,1784591754093.2256,1784591754146,1784591754152.0,1784591754974.9922,52.774,6.0,822.992,,881.767
e-613,1784591754143.228,1784591754146,1784591754152.0,1784591754974.9927,2.772,6.0,822.993,,831.765
e-614,1784591754193.2322,1784591755196,1784591755201.0,1784591756023.0593,1002.768,5.0,822.059,,1829.827
e-615,1784591754243.2173,1784591755196,1784591755201.0,1784591756023.0615,952.783,5.0,822.062,,1779.844
e-616,1784591754293.2266,1784591755196,1784591755201.0,1784591756023.062,902.773,5.0,822.062,,1729.835
e-617,1784591754343.2236,1784591755196,1784591755201.0,1784591756023.0625,852.776,5.0,822.062,,1679.839
e-618,1784591754393.2249,1784591755196,1784591755201.0,1784591756023.0627,802.775,5.0,822.063,,1629.838
e-619,1784591754443.2058,1784591755196,1784591755201.0,1784591756023.0632,752.794,5.0,822.063,,1579.857
e-620,1784591754493.2239,1784591755196,1784591755201.0,1784591756023.0637,702.776,5.0,822.064,,1529.84
e-621,1784591754543.226,1784591755196,1784591755201.0,1784591756023.064,652.774,5.0,822.064,,1479.838
e-622,1784591754593.2234,1784591755196,1784591755201.0,1784591756023.0642,602.777,5.0,822.064,,1429.841
e-623,1784591754643.2126,1784591755196,1784591755201.0,1784591756023.0737,552.787,5.0,822.074,,1379.861
e-624,1784591754693.2449,1784591755196,1784591755201.0,1784591756023.074,502.755,5.0,822.074,,1329.829
e-625,1784591754743.2322,1784591755196,1784591755202.0,1784591756023.0745,452.768,6.0,821.074,,1279.842
e-626,1784591754793.2446,1784591755196,1784591755202.0,1784591756023.0747,402.755,6.0,821.075,,1229.83
e-627,1784591754843.2126,1784591755196,1784591755202.0,1784591756023.0896,352.787,6.0,821.09,,1179.877
e-628,1784591754893.2393,1784591755196,1784591755202.0,1784591756023.09,302.761,6.0,821.09,,1129.851
e-629,1784591754943.2366,1784591755196,1784591755202.0,1784591756023.0906,252.763,6.0,821.091,,1079.854
e-630,1784591754993.2236,1784591755196,1784591755202.0,1784591756023.094,202.776,6.0,821.094,,1029.87
e-631,1784591755043.222,1784591755196,1784591755202.0,1784591756023.0945,152.778,6.0,821.094,,979.873
e-632,1784591755093.2227,1784591755196,1784591755202.0,1784591756023.0947,102.777,6.0,821.095,,929.872
e-633,1784591755143.2183,1784591755196,1784591755202.0,1784591756023.0952,52.782,6.0,821.095,,879.877
e-634,1784591755193.2236,1784591755196,1784591755202.0,1784591756023.0955,2.776,6.0,821.095,,829.872
e-635,1784591755243.219,1784591756245,1784591756250.0,1784591757071.175,1001.781,5.0,821.175,,1827.956
e-636,1784591755293.2207,1784591756245,1784591756250.0,1784591757071.1785,951.779,5.0,821.178,,1777.958
e-637,1784591755343.227,1784591756245,1784591756250.0,1784591757071.1792,901.773,5.0,821.179,,1727.952
e-638,1784591755393.2256,1784591756245,1784591756250.0,1784591757071.1797,851.774,5.0,821.18,,1677.954
e-639,1784591755443.2192,1784591756245,1784591756251.0,1784591757071.1802,801.781,6.0,820.18,,1627.961
e-640,1784591755493.225,1784591756245,1784591756251.0,1784591757071.1807,751.775,6.0,820.181,,1577.956
e-641,1784591755543.2368,1784591756245,1784591756251.0,1784591757071.1814,701.763,6.0,820.181,,1527.945
e-642,1784591755593.2256,1784591756245,1784591756251.0,1784591757071.182,651.774,6.0,820.182,,1477.956
e-643,1784591755643.219,1784591756245,1784591756251.0,1784591757071.1824,601.781,6.0,820.182,,1427.963
e-644,1784591755693.2224,1784591756245,1784591756251.0,1784591757071.1829,551.778,6.0,820.183,,1377.96
e-645,1784591755743.218,1784591756245,1784591756251.0,1784591757071.1833,501.782,6.0,820.183,,1327.965
e-646,1784591755793.2246,1784591756245,1784591756251.0,1784591757071.1838,451.775,6.0,820.184,,1277.959
e-647,1784591755843.2273,1784591756245,1784591756251.0,1784591757071.1843,401.773,6.0,820.184,,1227.957
e-648,1784591755893.2275,1784591756245,1784591756251.0,1784591757071.1848,351.772,6.0,820.185,,1177.957
e-649,1784591755943.232,1784591756245,1784591756251.0,1784591757071.1853,301.768,6.0,820.185,,1127.953
e-650,1784591755993.2327,1784591756245,1784591756252.0,1784591757071.186,251.767,7.0,819.186,,1077.953
e-651,1784591756043.2212,1784591756245,1784591756252.0,1784591757071.1865,201.779,7.0,819.187,,1027.965
e-652,1784591756093.2385,1784591756245,1784591756252.0,1784591757071.1938,151.761,7.0,819.194,,977.955
e-653,1784591756143.223,1784591756245,1784591756252.0,1784591757071.1946,101.777,7.0,819.195,,927.972
e-654,1784591756193.22,1784591756245,1784591756252.0,1784591757071.195,51.78,7.0,819.195,,877.975
e-655,1784591756243.2185,1784591756245,1784591756252.0,1784591757071.1956,1.781,7.0,819.196,,827.977
e-656,1784591756293.226,1784591757295,1784591757299.0,1784591758121.2524,1001.774,4.0,822.252,,1828.026
e-657,1784591756343.224,1784591757295,1784591757299.0,1784591758121.2546,951.776,4.0,822.255,,1778.031
e-658,1784591756393.2285,1784591757295,1784591757299.0,1784591758121.2554,901.771,4.0,822.255,,1728.027
e-659,1784591756443.231,1784591757295,1784591757300.0,1784591758121.2559,851.769,5.0,821.256,,1678.025
e-660,1784591756493.2285,1784591757295,1784591757300.0,1784591758121.2563,801.771,5.0,821.256,,1628.028
e-661,1784591756543.2346,1784591757295,1784591757300.0,1784591758121.2568,751.765,5.0,821.257,,1578.022
e-662,1784591756593.2246,1784591757295,1784591757300.0,1784591758121.2573,701.775,5.0,821.257,,1528.033
e-663,1784591756643.2183,1784591757295,1784591757300.0,1784591758121.2576,651.782,5.0,821.258,,1478.039
e-664,1784591756693.219,1784591757295,1784591757300.0,1784591758121.258,601.781,5.0,821.258,,1428.039
e-665,1784591756743.2085,1784591757295,1784591757300.0,1784591758121.2585,551.792,5.0,821.259,,1378.05
e-666,1784591756793.2244,1784591757295,1784591757300.0,1784591758121.2588,501.776,5.0,821.259,,1328.034
e-667,1784591756843.2107,1784591757295,1784591757300.0,1784591758121.2593,451.789,5.0,821.259,,1278.049
e-668,1784591756893.225,1784591757295,1784591757300.0,1784591758121.2598,401.775,5.0,821.26,,1228.035
e-669,1784591756943.215,1784591757295,1784591757300.0,1784591758121.2603,351.785,5.0,821.26,,1178.045
e-670,1784591756993.2385,1784591757295,1784591757300.0,1784591758121.2607,301.761,5.0,821.261,,1128.022
e-671,1784591757043.2146,1784591757295,1784591757300.0,1784591758121.2612,251.785,5.0,821.261,,1078.047
e-672,1784591757093.2231,1784591757295,1784591757300.0,1784591758121.2617,201.777,5.0,821.262,,1028.039
e-673,1784591757143.2273,1784591757295,1784591757300.0,1784591758121.2717,151.773,5.0,821.272,,978.044
e-674,1784591757193.2212,1784591757295,1784591757300.0,1784591758121.2722,101.779,5.0,821.272,,928.051
e-675,1784591757243.227,1784591757295,1784591757300.0,1784591758121.2727,51.773,5.0,821.273,,878.046
e-676,1784591757293.2253,1784591757295,1784591757300.0,1784591758121.2732,1.775,5.0,821.273,,828.048
e-677,1784591757343.2334,1784591758345,1784591758349.0,1784591759170.2058,1001.767,4.0,821.206,,1826.972
e-678,1784591757393.22,1784591758345,1784591758349.0,1784591759170.2083,951.78,4.0,821.208,,1776.988
e-679,1784591757443.2432,1784591758345,1784591758349.0,1784591759170.209,901.757,4.0,821.209,,1726.966
e-680,1784591757493.2336,1784591758345,1784591758349.0,1784591759170.2095,851.766,4.0,821.209,,1676.976
e-681,1784591757543.2246,1784591758345,1784591758349.0,1784591759170.21,801.775,4.0,821.21,,1626.985
e-682,1784591757593.2307,1784591758345,1784591758349.0,1784591759170.2104,751.769,4.0,821.21,,1576.98
e-683,1784591757643.2463,1784591758345,1784591758350.0,1784591759170.2107,701.754,5.0,820.211,,1526.964
e-684,1784591757693.2263,1784591758345,1784591758350.0,1784591759170.2112,651.774,5.0,820.211,,1476.985
e-685,1784591757743.2412,1784591758345,1784591758350.0,1784591759170.2117,601.759,5.0,820.212,,1426.97
e-686,1784591757793.244,1784591758345,1784591758350.0,1784591759170.212,551.756,5.0,820.212,,1376.968
e-687,1784591757843.244,1784591758345,1784591758350.0,1784591759170.2124,501.756,5.0,820.212,,1326.969
e-688,1784591757893.1797,1784591758345,1784591758350.0,1784591759170.2131,451.82,5.0,820.213,,1277.033
e-689,1784591757943.2332,1784591758345,1784591758350.0,1784591759170.2256,401.767,5.0,820.226,,1226.992
e-690,1784591757993.2214,1784591758345,1784591758350.0,1784591759170.226,351.779,5.0,820.226,,1177.005
e-691,1784591758043.2246,1784591758345,1784591758350.0,1784591759170.2266,301.775,5.0,820.227,,1127.002
e-692,1784591758093.2295,1784591758345,1784591758350.0,1784591759170.2268,251.771,5.0,820.227,,1076.997
e-693,1784591758143.233,1784591758345,1784591758350.0,1784591759170.2273,201.767,5.0,820.227,,1026.994
e-694,1784591758193.2312,1784591758345,1784591758350.0,1784591759170.231,151.769,5.0,820.231,,977.0
e-695,1784591758243.224,1784591758345,1784591758350.0,1784591759170.2314,101.776,5.0,820.231,,927.007
e-696,1784591758293.2249,1784591758345,1784591758350.0,1784591759170.232,51.775,5.0,820.232,,877.007
e-697,1784591758343.2466,1784591758345,1784591758350.0,1784591759170.2322,1.753,5.0,820.232,,826.986
e-698,1784591758393.2288,1784591759395,1784591759399.0,1784591760224.194,1001.771,4.0,825.194,,1830.965
e-699,1784591758443.2346,1784591759395,1784591759399.0,1784591760224.1963,951.765,4.0,825.196,,1780.962
e-700,1784591758493.2244,1784591759395,1784591759399.0,1784591760224.197,901.776,4.0,825.197,,1730.973
e-701,1784591758543.2417,1784591759395,1784591759400.0,1784591760224.1975,851.758,5.0,824.198,,1680.956
e-702,1784591758593.2336,1784591759395,1784591759400.0,1784591760224.198,801.766,5.0,824.198,,1630.964
e-703,1784591758643.2285,1784591759395,1784591759400.0,1784591760224.1985,751.771,5.0,824.198,,1580.97
e-704,1784591758693.2236,1784591759395,1784591759400.0,1784591760224.1995,701.776,5.0,824.199,,1530.976
e-705,1784591758743.223,1784591759395,1784591759400.0,1784591760224.2,651.777,5.0,824.2,,1480.977
e-706,1784591758793.223,1784591759395,1784591759400.0,1784591760224.2004,601.777,5.0,824.2,,1430.978
e-707,1784591758843.2332,1784591759395,1784591759400.0,1784591760224.2007,551.767,5.0,824.201,,1380.968
e-708,1784591758893.2468,1784591759395,1784591759400.0,1784591760224.2012,501.753,5.0,824.201,,1330.954
e-709,1784591758943.2349,1784591759395,1784591759400.0,1784591760224.2017,451.765,5.0,824.202,,1280.967
e-710,1784591758993.2236,1784591759395,1784591759400.0,1784591760224.2021,401.776,5.0,824.202,,1230.979
e-711,1784591759043.2288,1784591759395,1784591759400.0,1784591760224.2024,351.771,5.0,824.202,,1180.974
e-712,1784591759093.226,1784591759395,1784591759400.0,1784591760224.203,301.774,5.0,824.203,,1130.977
e-713,1784591759143.2385,1784591759395,1784591759400.0,1784591760224.2034,251.761,5.0,824.203,,1080.965
e-714,1784591759193.2263,1784591759395,1784591759400.0,1784591760224.2036,201.774,5.0,824.204,,1030.977
e-715,1784591759243.223,1784591759395,1784591759400.0,1784591760224.2158,151.777,5.0,824.216,,980.993
e-716,1784591759293.225,1784591759395,1784591759400.0,1784591760224.2163,101.775,5.0,824.216,,930.991
e-717,1784591759343.2275,1784591759395,1784591759400.0,1784591760224.2168,51.772,5.0,824.217,,880.989
e-718,1784591759393.2278,1784591759395,1784591759401.0,1784591760224.2173,1.772,6.0,823.217,,830.99
e-719,1784591759443.2234,1784591760445,1784591760450.0,1784591761272.0835,1001.777,5.0,822.083,,1828.86
e-720,1784591759493.222,1784591760445,1784591760450.0,1784591761272.086,951.778,5.0,822.086,,1778.864
e-721,1784591759543.2322,1784591760445,1784591760451.0,1784591761272.0867,901.768,6.0,821.087,,1728.854
e-722,1784591759593.2244,1784591760445,1784591760451.0,1784591761272.0872,851.776,6.0,821.087,,1678.863
e-723,1784591759643.2295,1784591760445,1784591760451.0,1784591761272.0876,801.771,6.0,821.088,,1628.858
e-724,1784591759693.223,1784591760445,1784591760451.0,1784591761272.0881,751.777,6.0,821.088,,1578.865
e-725,1784591759743.2275,1784591760445,1784591760451.0,1784591761272.0886,701.772,6.0,821.089,,1528.861
e-726,1784591759793.2224,1784591760445,1784591760451.0,1784591761272.089,651.778,6.0,821.089,,1478.867
e-727,1784591759843.219,1784591760445,1784591760451.0,1784591761272.0896,601.781,6.0,821.09,,1428.871
e-728,1784591759893.2202,1784591760445,1784591760451.0,1784591761272.09,551.78,6.0,821.09,,1378.87
e-729,1784591759943.226,1784591760445,1784591760451.0,1784591761272.0903,501.774,6.0,821.09,,1328.864
e-730,1784591759993.2212,1784591760445,1784591760451.0,1784591761272.0908,451.779,6.0,821.091,,1278.87
e-731,1784591760043.2283,1784591760445,1784591760451.0,1784591761272.0913,401.772,6.0,821.091,,1228.863
e-732,1784591760093.2344,1784591760445,1784591760451.0,1784591761272.0918,351.766,6.0,821.092,,1178.857
e-733,1784591760143.2253,1784591760445,1784591760451.0,1784591761272.0923,301.775,6.0,821.092,,1128.867
e-734,1784591760193.2317,1784591760445,1784591760451.0,1784591761272.0925,251.768,6.0,821.093,,1078.861
e-735,1784591760243.232,1784591760445,1784591760451.0,1784591761272.093,201.768,6.0,821.093,,1028.861
e-736,1784591760293.2288,1784591760445,1784591760451.0,1784591761272.0935,151.771,6.0,821.094,,978.865
e-737,1784591760343.2268,1784591760445,1784591760451.0,1784591761272.108,101.773,6.0,821.108,,928.881
e-738,1784591760393.227,1784591760445,1784591760451.0,1784591761272.109,51.773,6.0,821.109,,878.882
e-739,1784591760443.228,1784591760445,1784591760451.0,1784591761272.1096,1.772,6.0,821.11,,828.882
e-740,1784591760493.229,1784591761495,1784591761500.0,1784591762325.578,1001.771,5.0,825.578,,1832.349
e-741,1784591760543.2292,1784591761495,1784591761500.0,1784591762325.5808,951.771,5.0,825.581,,1782.352
e-742,1784591760593.2317,1784591761495,1784591761500.0,1784591762325.5818,901.768,5.0,825.582,,1732.35
e-743,1784591760643.2258,1784591761495,1784591761500.0,1784591762325.5825,851.774,5.0,825.583,,1682.357
e-744,1784591760693.2295,1784591761495,1784591761500.0,1784591762325.5833,801.771,5.0,825.583,,1632.354
e-745,1784591760743.2244,1784591761495,1784591761500.0,1784591762325.5837,751.776,5.0,825.584,,1582.359
e-746,1784591760793.2175,1784591761495,1784591761500.0,1784591762325.5847,701.782,5.0,825.585,,1532.367
e-747,1784591760843.2234,1784591761495,1784591761500.0,1784591762325.5852,651.777,5.0,825.585,,1482.362
e-748,1784591760893.2188,1784591761495,1784591761500.0,1784591762325.586,601.781,5.0,825.586,,1432.367
e-749,1784591760943.2224,1784591761495,1784591761500.0,1784591762325.5864,551.778,5.0,825.586,,1382.364
e-750,1784591760993.2268,1784591761495,1784591761500.0,1784591762325.5876,501.773,5.0,825.588,,1332.361
e-751,1784591761043.2295,1784591761495,1784591761500.0,1784591762325.5884,451.771,5.0,825.588,,1282.359
e-752,1784591761093.2244,1784591761495,1784591761501.0,1784591762325.5889,401.776,6.0,824.589,,1232.365
e-753,1784591761143.2324,1784591761495,1784591761501.0,1784591762325.5896,351.768,6.0,824.59,,1182.357
e-754,1784591761193.234,1784591761495,1784591761501.0,1784591762325.5903,301.766,6.0,824.59,,1132.356
e-755,1784591761243.2253,1784591761495,1784591761501.0,1784591762325.6052,251.775,6.0,824.605,,1082.38
e-756,1784591761293.2322,1784591761495,1784591761501.0,1784591762325.6062,201.768,6.0,824.606,,1032.374
e-757,1784591761343.2195,1784591761495,1784591761501.0,1784591762325.6067,151.781,6.0,824.607,,982.387
e-758,1784591761393.2275,1784591761495,1784591761501.0,1784591762325.6118,101.772,6.0,824.612,,932.384
e-759,1784591761443.2205,1784591761495,1784591761501.0,1784591762325.6125,51.78,6.0,824.613,,882.392
e-760,1784591761493.218,1784591761495,1784591761501.0,1784591762325.6287,1.782,6.0,824.629,,832.411
e-761,1784591761543.2307,1784591762545,1784591762551.0,1784591763373.4536,1001.769,6.0,822.454,,1830.223
e-762,1784591761593.2234,1784591762545,1784591762551.0,1784591763373.456,951.777,6.0,822.456,,1780.233
e-763,1784591761643.2278,1784591762545,1784591762551.0,1784591763373.4568,901.772,6.0,822.457,,1730.229
e-764,1784591761693.223,1784591762545,1784591762551.0,1784591763373.4573,851.777,6.0,822.457,,1680.234
e-765,1784591761743.2092,1784591762545,1784591762551.0,1784591763373.4578,801.791,6.0,822.458,,1630.249
e-766,1784591761793.223,1784591762545,1784591762551.0,1784591763373.4583,751.777,6.0,822.458,,1580.235
e-767,1784591761843.1938,1784591762545,1784591762551.0,1784591763373.4587,701.806,6.0,822.459,,1530.265
e-768,1784591761893.2236,1784591762545,1784591762551.0,1784591763373.459,651.776,6.0,822.459,,1480.235
e-769,1784591761943.2166,1784591762545,1784591762551.0,1784591763373.4595,601.783,6.0,822.459,,1430.243
e-770,1784591761993.217,1784591762545,1784591762551.0,1784591763373.46,551.783,6.0,822.46,,1380.243
e-771,1784591762043.2246,1784591762545,1784591762552.0,1784591763373.4602,501.775,7.0,821.46,,1330.236
e-772,1784591762093.222,1784591762545,1784591762552.0,1784591763373.461,451.778,7.0,821.461,,1280.239
e-773,1784591762143.223,1784591762545,1784591762552.0,1784591763373.4612,401.777,7.0,821.461,,1230.238
e-774,1784591762193.2476,1784591762545,1784591762552.0,1784591763373.4617,351.752,7.0,821.462,,1180.214
e-775,1784591762243.2222,1784591762545,1784591762552.0,1784591763373.4622,301.778,7.0,821.462,,1130.24
e-776,1784591762293.2217,1784591762545,1784591762552.0,1784591763373.4626,251.778,7.0,821.463,,1080.241
e-777,1784591762343.2222,1784591762545,1784591762552.0,1784591763373.4631,201.778,7.0,821.463,,1030.241
e-778,1784591762393.223,1784591762545,1784591762552.0,1784591763373.4634,151.777,7.0,821.463,,980.24
e-779,1784591762443.2314,1784591762545,1784591762552.0,1784591763373.4753,101.769,7.0,821.475,,930.244
e-780,1784591762493.2114,1784591762545,1784591762552.0,1784591763373.4758,51.789,7.0,821.476,,880.264
e-781,1784591762543.2341,1784591762545,1784591762552.0,1784591763373.4763,1.766,7.0,821.476,,830.242
e-782,1784591762593.2258,1784591763595,1784591763600.0,1784591764423.549,1001.774,5.0,823.549,,1830.323
e-783,1784591762643.2322,1784591763595,1784591763601.0,1784591764423.5513,951.768,6.0,822.551,,1780.319
e-784,1784591762693.2246,1784591763595,1784591763601.0,1784591764423.552,901.775,6.0,822.552,,1730.327
e-785,1784591762743.2227,1784591763595,1784591763601.0,1784591764423.5525,851.777,6.0,822.552,,1680.33
e-786,1784591762793.2205,1784591763595,1784591763601.0,1784591764423.553,801.78,6.0,822.553,,1630.333
e-787,1784591762843.2231,1784591763595,1784591763601.0,1784591764423.5535,751.777,6.0,822.553,,1580.33
e-788,1784591762893.2188,1784591763595,1784591763601.0,1784591764423.5537,701.781,6.0,822.554,,1530.335
e-789,1784591762943.225,1784591763595,1784591763601.0,1784591764423.5547,651.775,6.0,822.555,,1480.33
e-790,1784591762993.2214,1784591763595,1784591763601.0,1784591764423.5552,601.779,6.0,822.555,,1430.334
e-791,1784591763043.239,1784591763595,1784591763601.0,1784591764423.5557,551.761,6.0,822.556,,1380.317
e-792,1784591763093.224,1784591763595,1784591763601.0,1784591764423.5562,501.776,6.0,822.556,,1330.332
e-793,1784591763143.241,1784591763595,1784591763601.0,1784591764423.5564,451.759,6.0,822.556,,1280.315
e-794,1784591763193.2249,1784591763595,1784591763601.0,1784591764423.557,401.775,6.0,822.557,,1230.332
e-795,1784591763243.2192,1784591763595,1784591763601.0,1784591764423.5574,351.781,6.0,822.557,,1180.338
e-796,1784591763293.2224,1784591763595,1784591763601.0,1784591764423.5579,301.778,6.0,822.558,,1130.335
e-797,1784591763343.2239,1784591763595,1784591763601.0,1784591764423.5583,251.776,6.0,822.558,,1080.334
e-798,1784591763393.216,1784591763595,1784591763602.0,1784591764423.5588,201.784,7.0,821.559,,1030.343
e-799,1784591763443.2214,1784591763595,1784591763602.0,1784591764423.559,151.779,7.0,821.559,,980.338
e-800,1784591763493.217,1784591763595,1784591763602.0,1784591764423.5708,101.783,7.0,821.571,,930.354
e-801,1784591763543.2378,1784591763595,1784591763602.0,1784591764423.5713,51.762,7.0,821.571,,880.333
e-802,1784591763593.2278,1784591763595,1784591763602.0,1784591764423.5718,1.772,7.0,821.572,,830.344
e-803,1784591763643.219,1784591764645,1784591764650.0,1784591765471.2485,1001.781,5.0,821.249,,1828.03
e-804,1784591763693.2124,1784591764645,1784591764650.0,1784591765471.2522,951.788,5.0,821.252,,1778.04
e-805,1784591763743.2285,1784591764645,1784591764650.0,1784591765471.253,901.771,5.0,821.253,,1728.024
e-806,1784591763793.2214,1784591764645,1784591764650.0,1784591765471.254,851.779,5.0,821.254,,1678.032
e-807,1784591763843.241,1784591764645,1784591764650.0,1784591765471.2546,801.759,5.0,821.255,,1628.014
e-808,1784591763893.2395,1784591764645,1784591764651.0,1784591765471.2551,751.76,6.0,820.255,,1578.016
e-809,1784591763943.2288,1784591764645,1784591764651.0,1784591765471.2559,701.771,6.0,820.256,,1528.027
e-810,1784591763993.2502,1784591764645,1784591764651.0,1784591765471.2563,651.75,6.0,820.256,,1478.006
e-811,1784591764043.2246,1784591764645,1784591764651.0,1784591765471.257,601.775,6.0,820.257,,1428.032
e-812,1784591764093.2249,1784591764645,1784591764651.0,1784591765471.2578,551.775,6.0,820.258,,1378.033
e-813,1784591764143.228,1784591764645,1784591764651.0,1784591765471.2583,501.772,6.0,820.258,,1328.03
e-814,1784591764193.2488,1784591764645,1784591764651.0,1784591765471.2588,451.751,6.0,820.259,,1278.01
e-815,1784591764243.2407,1784591764645,1784591764651.0,1784591765471.2595,401.759,6.0,820.26,,1228.019
e-816,1784591764293.2146,1784591764645,1784591764651.0,1784591765471.26,351.785,6.0,820.26,,1178.045
e-817,1784591764343.2341,1784591764645,1784591764651.0,1784591765471.2607,301.766,6.0,820.261,,1128.027
e-818,1784591764393.2192,1784591764645,1784591764651.0,1784591765471.2612,251.781,6.0,820.261,,1078.042
e-819,1784591764443.233,1784591764645,1784591764651.0,1784591765471.262,201.767,6.0,820.262,,1028.029
e-820,1784591764493.2185,1784591764645,1784591764651.0,1784591765471.2625,151.781,6.0,820.262,,978.044
e-821,1784591764543.2134,1784591764645,1784591764651.0,1784591765471.2756,101.787,6.0,820.276,,928.062
e-822,1784591764593.2231,1784591764645,1784591764651.0,1784591765471.2812,51.777,6.0,820.281,,878.058
e-823,1784591764643.2253,1784591764645,1784591764651.0,1784591765471.2979,1.775,6.0,820.298,,828.073
e-824,1784591764693.2273,1784591765696,1784591765700.0,1784591766529.8408,1002.773,4.0,829.841,,1836.614
e-825,1784591764743.2246,1784591765696,1784591765700.0,1784591766529.843,952.775,4.0,829.843,,1786.618
e-826,1784591764793.2266,1784591765696,1784591765700.0,1784591766529.8438,902.773,4.0,829.844,,1736.617
e-827,1784591764843.221,1784591765696,1784591765700.0,1784591766529.8442,852.779,4.0,829.844,,1686.623
e-828,1784591764893.22,1784591765696,1784591765700.0,1784591766529.8447,802.78,4.0,829.845,,1636.625
e-829,1784591764943.2297,1784591765696,1784591765700.0,1784591766529.8452,752.77,4.0,829.845,,1586.615
e-830,1784591764993.228,1784591765696,1784591765700.0,1784591766529.8457,702.772,4.0,829.846,,1536.618
e-831,1784591765043.2185,1784591765696,1784591765700.0,1784591766529.8462,652.781,4.0,829.846,,1486.628
e-832,1784591765093.2175,1784591765696,1784591765700.0,1784591766529.8464,602.782,4.0,829.846,,1436.629
e-833,1784591765143.2234,1784591765696,1784591765700.0,1784591766529.847,552.777,4.0,829.847,,1386.624
e-834,1784591765193.2524,1784591765696,1784591765701.0,1784591766529.8474,502.748,5.0,828.847,,1336.595
e-835,1784591765243.2258,1784591765696,1784591765701.0,1784591766529.848,452.774,5.0,828.848,,1286.622
e-836,1784591765293.225,1784591765696,1784591765701.0,1784591766529.8481,402.775,5.0,828.848,,1236.623
e-837,1784591765343.227,1784591765696,1784591765701.0,1784591766529.8486,352.773,5.0,828.849,,1186.622
e-838,1784591765393.2444,1784591765696,1784591765701.0,1784591766529.849,302.756,5.0,828.849,,1136.605
e-839,1784591765443.2234,1784591765696,1784591765701.0,1784591766529.8496,252.777,5.0,828.85,,1086.626
e-840,1784591765493.2253,1784591765696,1784591765701.0,1784591766529.85,202.775,5.0,828.85,,1036.625
e-841,1784591765543.2231,1784591765696,1784591765701.0,1784591766529.8506,152.777,5.0,828.851,,986.627
e-842,1784591765593.2283,1784591765696,1784591765701.0,1784591766529.851,102.772,5.0,828.851,,936.623
e-843,1784591765643.2402,1784591765696,1784591765701.0,1784591766529.8628,52.76,5.0,828.863,,886.623
e-844,1784591765693.224,1784591765696,1784591765701.0,1784591766529.8633,2.776,5.0,828.863,,836.639
e-845,1784591765743.2217,1784591766745,1784591766749.0,1784591767573.662,1001.778,4.0,824.662,,1830.44
e-846,1784591765793.228,1784591766745,1784591766749.0,1784591767573.6648,951.772,4.0,824.665,,1780.437
e-847,1784591765843.234,1784591766745,1784591766749.0,1784591767573.6655,901.766,4.0,824.666,,1730.432
e-848,1784591765893.2268,1784591766745,1784591766749.0,1784591767573.666,851.773,4.0,824.666,,1680.439
e-849,1784591765943.229,1784591766745,1784591766749.0,1784591767573.6667,801.771,4.0,824.667,,1630.438
e-850,1784591765993.2126,1784591766745,1784591766749.0,1784591767573.6672,751.787,4.0,824.667,,1580.455
e-851,1784591766043.216,1784591766745,1784591766749.0,1784591767573.6677,701.784,4.0,824.668,,1530.452
e-852,1784591766093.216,1784591766745,1784591766749.0,1784591767573.6682,651.784,4.0,824.668,,1480.452
e-853,1784591766143.2246,1784591766745,1784591766749.0,1784591767573.6687,601.775,4.0,824.669,,1430.444
e-854,1784591766193.2234,1784591766745,1784591766750.0,1784591767573.6692,551.777,5.0,823.669,,1380.446
e-855,1784591766243.2456,1784591766745,1784591766750.0,1784591767573.6697,501.754,5.0,823.67,,1330.424
e-856,1784591766293.2175,1784591766745,1784591766750.0,1784591767573.6702,451.782,5.0,823.67,,1280.453
e-857,1784591766343.2463,1784591766745,1784591766750.0,1784591767573.671,401.754,5.0,823.671,,1230.425
e-858,1784591766393.2415,1784591766745,1784591766750.0,1784591767573.6714,351.759,5.0,823.671,,1180.43
e-859,1784591766443.2324,1784591766745,1784591766750.0,1784591767573.6719,301.768,5.0,823.672,,1130.439
e-860,1784591766493.2324,1784591766745,1784591766750.0,1784591767573.6724,251.768,5.0,823.672,,1080.44
e-861,1784591766543.225,1784591766745,1784591766750.0,1784591767573.6738,201.775,5.0,823.674,,1030.449
e-862,1784591766593.2258,1784591766745,1784591766750.0,1784591767573.6746,151.774,5.0,823.675,,980.449
e-863,1784591766643.2427,1784591766745,1784591766750.0,1784591767573.675,101.757,5.0,823.675,,930.432
e-864,1784591766693.2344,1784591766745,1784591766750.0,1784591767573.6873,51.766,5.0,823.687,,880.453
e-865,1784591766743.2422,1784591766745,1784591766750.0,1784591767573.6877,1.758,5.0,823.688,,830.446
e-866,1784591766793.2405,1784591767796,1784591767800.0,1784591768629.9219,1002.76,4.0,829.922,,1836.681
e-867,1784591766843.222,1784591767796,1784591767800.0,1784591768629.9248,952.778,4.0,829.925,,1786.703
e-868,1784591766893.248,1784591767796,1784591767800.0,1784591768629.9258,902.752,4.0,829.926,,1736.678
e-869,1784591766943.2234,1784591767796,1784591767801.0,1784591768629.9265,852.777,5.0,828.927,,1686.703
e-870,1784591766993.2393,1784591767796,1784591767801.0,1784591768629.9272,802.761,5.0,828.927,,1636.688
e-871,1784591767043.22,1784591767796,1784591767801.0,1784591768629.9277,752.78,5.0,828.928,,1586.708
e-872,1784591767093.2244,1784591767796,1784591767801.0,1784591768629.9285,702.776,5.0,828.928,,1536.704
e-873,1784591767143.2256,1784591767796,1784591767801.0,1784591768629.9292,652.774,5.0,828.929,,1486.704
e-874,1784591767193.2268,1784591767796,1784591767801.0,1784591768629.93,602.773,5.0,828.93,,1436.703
e-875,1784591767243.2214,1784591767796,1784591767801.0,1784591768629.9307,552.779,5.0,828.931,,1386.709
e-876,1784591767293.224,1784591767796,1784591767801.0,1784591768629.9314,502.776,5.0,828.931,,1336.707
e-877,1784591767343.229,1784591767796,1784591767801.0,1784591768629.9321,452.771,5.0,828.932,,1286.703
e-878,1784591767393.227,1784591767796,1784591767801.0,1784591768629.9329,402.773,5.0,828.933,,1236.706
e-879,1784591767443.2131,1784591767796,1784591767801.0,1784591768629.9336,352.787,5.0,828.934,,1186.72
e-880,1784591767493.216,1784591767796,1784591767801.0,1784591768629.9343,302.784,5.0,828.934,,1136.718
e-881,1784591767543.2185,1784591767796,1784591767801.0,1784591768629.935,252.781,5.0,828.935,,1086.717
e-882,1784591767593.2178,1784591767796,1784591767801.0,1784591768629.9358,202.782,5.0,828.936,,1036.718
e-883,1784591767643.2175,1784591767796,1784591767801.0,1784591768629.9365,152.782,5.0,828.937,,986.719
e-884,1784591767693.2139,1784591767796,1784591767801.0,1784591768629.9373,102.786,5.0,828.937,,936.723
e-885,1784591767743.2117,1784591767796,1784591767801.0,1784591768629.9502,52.788,5.0,828.95,,886.739
e-886,1784591767793.2195,1784591767796,1784591767801.0,1784591768629.951,2.781,5.0,828.951,,836.731
e-887,1784591767843.2234,1784591768846,1784591768850.0,1784591769671.545,1002.777,4.0,821.545,,1828.322
e-888,1784591767893.222,1784591768846,1784591768850.0,1784591769671.5469,952.778,4.0,821.547,,1778.325
e-889,1784591767943.2249,1784591768846,1784591768850.0,1784591769671.5474,902.775,4.0,821.547,,1728.323
e-890,1784591767993.2188,1784591768846,1784591768851.0,1784591769671.5479,852.781,5.0,820.548,,1678.329
e-891,1784591768043.22,1784591768846,1784591768851.0,1784591769671.5483,802.78,5.0,820.548,,1628.328
e-892,1784591768093.2246,1784591768846,1784591768851.0,1784591769671.5486,752.775,5.0,820.549,,1578.324
e-893,1784591768143.222,1784591768846,1784591768851.0,1784591769671.549,702.778,5.0,820.549,,1528.327
e-894,1784591768193.2192,1784591768846,1784591768851.0,1784591769671.5493,652.781,5.0,820.549,,1478.33
e-895,1784591768243.221,1784591768846,1784591768851.0,1784591769671.5496,602.779,5.0,820.55,,1428.329
e-896,1784591768293.2212,1784591768846,1784591768851.0,1784591769671.55,552.779,5.0,820.55,,1378.329
e-897,1784591768343.2249,1784591768846,1784591768851.0,1784591769671.5503,502.775,5.0,820.55,,1328.325
e-898,1784591768393.2178,1784591768846,1784591768851.0,1784591769671.5508,452.782,5.0,820.551,,1278.333
e-899,1784591768443.2249,1784591768846,1784591768851.0,1784591769671.551,402.775,5.0,820.551,,1228.326
e-900,1784591768493.2148,1784591768846,1784591768851.0,1784591769671.5513,352.785,5.0,820.551,,1178.336
e-901,1784591768543.211,1784591768846,1784591768851.0,1784591769671.5518,302.789,5.0,820.552,,1128.341
e-902,1784591768593.2239,1784591768846,1784591768851.0,1784591769671.552,252.776,5.0,820.552,,1078.328
e-903,1784591768643.2166,1784591768846,1784591768851.0,1784591769671.5525,202.783,5.0,820.552,,1028.336
e-904,1784591768693.2153,1784591768846,1784591768851.0,1784591769671.5527,152.785,5.0,820.553,,978.337
e-905,1784591768743.2134,1784591768846,1784591768851.0,1784591769671.5532,102.787,5.0,820.553,,928.34
e-906,1784591768793.998,1784591768846,1784591768851.0,1784591769671.5535,52.002,5.0,820.553,,877.555
e-907,1784591768843.2253,1784591768846,1784591768851.0,1784591769671.567,2.775,5.0,820.567,,828.342
e-908,1784591768893.2275,1784591769895,1784591769900.0,1784591770721.145,1001.772,5.0,821.145,,1827.917
e-909,1784591768943.2334,1784591769895,1784591769900.0,1784591770721.1475,951.767,5.0,821.147,,1777.914
e-910,1784591768993.2356,1784591769895,1784591769900.0,1784591770721.148,901.764,5.0,821.148,,1727.912
e-911,1784591769043.2266,1784591769895,1784591769900.0,1784591770721.149,851.773,5.0,821.149,,1677.922
e-912,1784591769093.2249,1784591769895,1784591769900.0,1784591770721.1492,801.775,5.0,821.149,,1627.924
e-913,1784591769143.2266,1784591769895,1784591769900.0,1784591770721.1497,751.773,5.0,821.15,,1577.923
e-914,1784591769193.2268,1784591769895,1784591769900.0,1784591770721.1501,701.773,5.0,821.15,,1527.923
e-915,1784591769243.2231,1784591769895,1784591769900.0,1784591770721.1506,651.777,5.0,821.151,,1477.927
e-916,1784591769293.2188,1784591769895,1784591769900.0,1784591770721.1511,601.781,5.0,821.151,,1427.932
e-917,1784591769343.2278,1784591769895,1784591769900.0,1784591770721.1516,551.772,5.0,821.152,,1377.924
e-918,1784591769393.2266,1784591769895,1784591769900.0,1784591770721.152,501.773,5.0,821.152,,1327.926
e-919,1784591769443.2285,1784591769895,1784591769900.0,1784591770721.1523,451.771,5.0,821.152,,1277.924
e-920,1784591769493.227,1784591769895,1784591769900.0,1784591770721.1528,401.773,5.0,821.153,,1227.926
e-921,1784591769543.2168,1784591769895,1784591769900.0,1784591770721.1533,351.783,5.0,821.153,,1177.937
e-922,1784591769593.2258,1784591769895,1784591769900.0,1784591770721.1536,301.774,5.0,821.154,,1127.928
e-923,1784591769643.2195,1784591769895,1784591769900.0,1784591770721.154,251.781,5.0,821.154,,1077.935
e-924,1784591769693.2227,1784591769895,1784591769900.0,1784591770721.1545,201.777,5.0,821.155,,1027.932
e-925,1784591769743.224,1784591769895,1784591769900.0,1784591770721.155,151.776,5.0,821.155,,977.931
e-926,1784591769793.2212,1784591769895,1784591769901.0,1784591770721.1555,101.779,6.0,820.156,,927.934
e-927,1784591769843.2256,1784591769895,1784591769901.0,1784591770721.156,51.774,6.0,820.156,,877.93
e-928,1784591769893.2273,1784591769895,1784591769901.0,1784591770721.167,1.773,6.0,820.167,,827.94
e-929,1784591769943.2234,1784591770945,1784591770950.0,1784591771769.7192,1001.777,5.0,819.719,,1826.496
e-930,1784591769993.2341,1784591770945,1784591770950.0,1784591771769.7231,951.766,5.0,819.723,,1776.489
e-931,1784591770043.2266,1784591770945,1784591770950.0,1784591771769.7239,901.773,5.0,819.724,,1726.497
e-932,1784591770093.2244,1784591770945,1784591770950.0,1784591771769.7244,851.776,5.0,819.724,,1676.5
e-933,1784591770143.2346,1784591770945,1784591770950.0,1784591771769.725,801.765,5.0,819.725,,1626.49
e-934,1784591770193.225,1784591770945,1784591770950.0,1784591771769.7256,751.775,5.0,819.726,,1576.5
e-935,1784591770243.2244,1784591770945,1784591770950.0,1784591771769.7258,701.776,5.0,819.726,,1526.501
e-936,1784591770293.2292,1784591770945,1784591770950.0,1784591771769.7266,651.771,5.0,819.727,,1476.497
e-937,1784591770343.2273,1784591770945,1784591770950.0,1784591771769.7268,601.773,5.0,819.727,,1426.5
e-938,1784591770393.23,1784591770945,1784591770950.0,1784591771769.7273,551.77,5.0,819.727,,1376.497
e-939,1784591770443.224,1784591770945,1784591770950.0,1784591771769.7278,501.776,5.0,819.728,,1326.504
e-940,1784591770493.223,1784591770945,1784591770950.0,1784591771769.7283,451.777,5.0,819.728,,1276.505
e-941,1784591770543.2273,1784591770945,1784591770950.0,1784591771769.7285,401.773,5.0,819.729,,1226.501
e-942,1784591770593.225,1784591770945,1784591770950.0,1784591771769.7292,351.775,5.0,819.729,,1176.504
e-943,1784591770643.2346,1784591770945,1784591770950.0,1784591771769.7297,301.765,5.0,819.73,,1126.495
e-944,1784591770693.2314,1784591770945,1784591770950.0,1784591771769.7302,251.769,5.0,819.73,,1076.499
e-945,1784591770743.2253,1784591770945,1784591770950.0,1784591771769.7305,201.775,5.0,819.73,,1026.505
e-946,1784591770793.223,1784591770945,1784591770950.0,1784591771769.731,151.777,5.0,819.731,,976.508
e-947,1784591770843.2202,1784591770945,1784591770950.0,1784591771769.7314,101.78,5.0,819.731,,926.511
e-948,1784591770893.219,1784591770945,1784591770950.0,1784591771769.732,51.781,5.0,819.732,,876.513
e-949,1784591770943.2288,1784591770945,1784591770950.0,1784591771769.745,1.771,5.0,819.745,,826.516
e-950,1784591770993.231,1784591771996,1784591772000.0,1784591772819.6765,1002.769,4.0,819.677,,1826.446
e-951,1784591771043.2305,1784591771996,1784591772000.0,1784591772819.6787,952.77,4.0,819.679,,1776.448
e-952,1784591771093.225,1784591771996,1784591772000.0,1784591772819.6794,902.775,4.0,819.679,,1726.454
e-953,1784591771143.23,1784591771996,1784591772000.0,1784591772819.68,852.77,4.0,819.68,,1676.45
e-954,1784591771193.2231,1784591771996,1784591772000.0,1784591772819.6934,802.777,4.0,819.693,,1626.47
e-955,1784591771243.2368,1784591771996,1784591772000.0,1784591772819.6938,752.763,4.0,819.694,,1576.457
e-956,1784591771293.2207,1784591771996,1784591772000.0,1784591772819.6943,702.779,4.0,819.694,,1526.474
e-957,1784591771343.2246,1784591771996,1784591772000.0,1784591772819.6948,652.775,4.0,819.695,,1476.47
e-958,1784591771393.2285,1784591771996,1784591772000.0,1784591772819.6953,602.771,4.0,819.695,,1426.467
e-959,1784591771443.2273,1784591771996,1784591772000.0,1784591772819.6958,552.773,4.0,819.696,,1376.469
e-960,1784591771493.2156,1784591771996,1784591772000.0,1784591772819.6963,502.784,4.0,819.696,,1326.481
e-961,1784591771543.22,1784591771996,1784591772000.0,1784591772819.6968,452.78,4.0,819.697,,1276.477
e-962,1784591771593.2283,1784591771996,1784591772000.0,1784591772819.6975,402.772,4.0,819.698,,1226.469
e-963,1784591771643.2314,1784591771996,1784591772000.0,1784591772819.698,352.769,4.0,819.698,,1176.467
e-964,1784591771693.2249,1784591771996,1784591772000.0,1784591772819.6982,302.775,4.0,819.698,,1126.473
e-965,1784591771743.232,1784591771996,1784591772000.0,1784591772819.6987,252.768,4.0,819.699,,1076.467
e-966,1784591771793.2288,1784591771996,1784591772000.0,1784591772819.6992,202.771,4.0,819.699,,1026.47
e-967,1784591771843.2275,1784591771996,1784591772000.0,1784591772819.6997,152.772,4.0,819.7,,976.472
e-968,1784591771893.232,1784591771996,1784591772000.0,1784591772819.7,102.768,4.0,819.7,,926.468
e-969,1784591771943.228,1784591771996,1784591772000.0,1784591772819.7004,52.772,4.0,819.7,,876.472
e-970,1784591771993.2246,1784591771996,1784591772000.0,1784591772819.7043,2.775,4.0,819.704,,826.48
e-971,1784591772043.2283,1784591773046,1784591773050.0,1784591773868.9475,1002.772,4.0,818.948,,1825.719
e-972,1784591772093.2273,1784591773046,1784591773050.0,1784591773868.9497,952.773,4.0,818.95,,1775.722
e-973,1784591772143.228,1784591773046,1784591773050.0,1784591773868.9524,902.772,4.0,818.952,,1725.724
e-974,1784591772193.2253,1784591773046,1784591773050.0,1784591773868.953,852.775,4.0,818.953,,1675.728
e-975,1784591772243.2292,1784591773046,1784591773050.0,1784591773868.9534,802.771,4.0,818.953,,1625.724
e-976,1784591772293.2192,1784591773046,1784591773050.0,1784591773868.954,752.781,4.0,818.954,,1575.735
e-977,1784591772343.22,1784591773046,1784591773050.0,1784591773868.9546,702.78,4.0,818.955,,1525.735
e-978,1784591772393.217,1784591773046,1784591773050.0,1784591773868.955,652.783,4.0,818.955,,1475.738
e-979,1784591772443.2195,1784591773046,1784591773050.0,1784591773868.9556,602.781,4.0,818.956,,1425.736
e-980,1784591772493.2195,1784591773046,1784591773050.0,1784591773868.956,552.781,4.0,818.956,,1375.737
e-981,1784591772543.2197,1784591773046,1784591773050.0,1784591773868.9563,502.78,4.0,818.956,,1325.737
e-982,1784591772593.2236,1784591773046,1784591773050.0,1784591773868.9568,452.776,4.0,818.957,,1275.733
e-983,1784591772643.2266,1784591773046,1784591773050.0,1784591773868.9573,402.773,4.0,818.957,,1225.731
e-984,1784591772693.2327,1784591773046,1784591773050.0,1784591773868.9578,352.767,4.0,818.958,,1175.725
e-985,1784591772743.231,1784591773046,1784591773050.0,1784591773868.958,302.769,4.0,818.958,,1125.727
e-986,1784591772793.2185,1784591773046,1784591773050.0,1784591773868.9585,252.781,4.0,818.958,,1075.74
e-987,1784591772843.2341,1784591773046,1784591773050.0,1784591773868.959,202.766,4.0,818.959,,1025.725
e-988,1784591772893.224,1784591773046,1784591773050.0,1784591773868.9592,152.776,4.0,818.959,,975.735
e-989,1784591772943.2324,1784591773046,1784591773050.0,1784591773868.9597,102.768,4.0,818.96,,925.727
e-990,1784591772993.2349,1784591773046,1784591773050.0,1784591773868.9602,52.765,4.0,818.96,,875.725
e-991,1784591773043.2375,1784591773046,1784591773050.0,1784591773868.9607,2.762,4.0,818.961,,825.723
e-992,1784591773093.229,1784591774095,1784591774099.0,1784591774919.5823,1001.771,4.0,820.582,,1826.353
e-993,1784591773143.2185,1784591774095,1784591774099.0,1784591774919.5854,951.781,4.0,820.585,,1776.367
e-994,1784591773193.2244,1784591774095,1784591774099.0,1784591774919.5862,901.776,4.0,820.586,,1726.362
e-995,1784591773243.2249,1784591774095,1784591774099.0,1784591774919.5867,851.775,4.0,820.587,,1676.362
e-996,1784591773293.2363,1784591774095,1784591774099.0,1784591774919.5872,801.764,4.0,820.587,,1626.351
e-997,1784591773343.2458,1784591774095,1784591774099.0,1784591774919.5876,751.754,4.0,820.588,,1576.342
e-998,1784591773393.234,1784591774095,1784591774099.0,1784591774919.5881,701.766,4.0,820.588,,1526.354
e-999,1784591773443.2312,1784591774095,1784591774099.0,1784591774919.5884,651.769,4.0,820.588,,1476.357
e-1000,1784591773493.2366,1784591774095,1784591774099.0,1784591774919.5889,601.763,4.0,820.589,,1426.352
e-1001,1784591773543.2256,1784591774095,1784591774099.0,1784591774919.5894,551.774,4.0,820.589,,1376.364
e-1002,1784591773593.2292,1784591774095,1784591774099.0,1784591774919.5898,501.771,4.0,820.59,,1326.361
e-1003,1784591773643.2441,1784591774095,1784591774100.0,1784591774919.59,451.756,5.0,819.59,,1276.346
e-1004,1784591773693.2458,1784591774095,1784591774100.0,1784591774919.5906,401.754,5.0,819.591,,1226.345
e-1005,1784591773743.226,1784591774095,1784591774100.0,1784591774919.591,351.774,5.0,819.591,,1176.365
e-1006,1784591773793.2192,1784591774095,1784591774100.0,1784591774919.5916,301.781,5.0,819.592,,1126.372
e-1007,1784591773843.2266,1784591774095,1784591774100.0,1784591774919.592,251.773,5.0,819.592,,1076.365
e-1008,1784591773893.227,1784591774095,1784591774100.0,1784591774919.5925,201.773,5.0,819.593,,1026.365
e-1009,1784591773943.2324,1784591774095,1784591774100.0,1784591774919.6057,151.768,5.0,819.606,,976.373
e-1010,1784591773993.2224,1784591774095,1784591774100.0,1784591774919.6062,101.778,5.0,819.606,,926.384
e-1011,1784591774043.2253,1784591774095,1784591774100.0,1784591774919.6067,51.775,5.0,819.607,,876.381
e-1012,1784591774093.2263,1784591774095,1784591774100.0,1784591774919.6072,1.774,5.0,819.607,,826.381
e-1013,1784591774143.2266,1784591775146,1784591775152.0,1784591775972.879,1002.773,6.0,820.879,,1829.652
e-1014,1784591774193.224,1784591775146,1784591775152.0,1784591775972.8816,952.776,6.0,820.882,,1779.657
e-1015,1784591774243.2258,1784591775146,1784591775152.0,1784591775972.8823,902.774,6.0,820.882,,1729.656
e-1016,1784591774293.2168,1784591775146,1784591775152.0,1784591775972.9048,852.783,6.0,820.905,,1679.688
e-1017,1784591774343.23,1784591775146,1784591775152.0,1784591775972.9053,802.77,6.0,820.905,,1629.675
e-1018,1784591774393.2168,1784591775146,1784591775152.0,1784591775972.9058,752.783,6.0,820.906,,1579.689
e-1019,1784591774443.224,1784591775146,1784591775152.0,1784591775972.9062,702.776,6.0,820.906,,1529.682
e-1020,1784591774493.2158,1784591775146,1784591775152.0,1784591775972.9104,652.784,6.0,820.91,,1479.695
e-1021,1784591774543.2175,1784591775146,1784591775152.0,1784591775972.911,602.782,6.0,820.911,,1429.693
e-1022,1784591774593.2258,1784591775146,1784591775152.0,1784591775972.9111,552.774,6.0,820.911,,1379.685
e-1023,1784591774643.2258,1784591775146,1784591775152.0,1784591775972.9116,502.774,6.0,820.912,,1329.686
e-1024,1784591774693.216,1784591775146,1784591775152.0,1784591775972.912,452.784,6.0,820.912,,1279.696
e-1025,1784591774743.2239,1784591775146,1784591775152.0,1784591775972.9126,402.776,6.0,820.913,,1229.689
e-1026,1784591774793.2222,1784591775146,1784591775152.0,1784591775972.9128,352.778,6.0,820.913,,1179.691
e-1027,1784591774843.2263,1784591775146,1784591775152.0,1784591775972.9136,302.774,6.0,820.914,,1129.687
e-1028,1784591774893.23,1784591775146,1784591775152.0,1784591775972.914,252.77,6.0,820.914,,1079.684
e-1029,1784591774943.2334,1784591775146,1784591775152.0,1784591775972.9143,202.767,6.0,820.914,,1029.681
e-1030,1784591774993.226,1784591775146,1784591775152.0,1784591775972.9148,152.774,6.0,820.915,,979.689
e-1031,1784591775043.2302,1784591775146,1784591775152.0,1784591775972.9153,102.77,6.0,820.915,,929.685
e-1032,1784591775093.2297,1784591775146,1784591775153.0,1784591775972.9155,52.77,7.0,819.916,,879.686
e-1033,1784591775143.226,1784591775146,1784591775153.0,1784591775972.916,2.774,7.0,819.916,,829.69
e-1034,1784591775193.2278,1784591776195,1784591776200.0,1784591777019.5728,1001.772,5.0,819.573,,1826.345
e-1035,1784591775243.2239,1784591776195,1784591776200.0,1784591777019.5754,951.776,5.0,819.575,,1776.352
e-1036,1784591775293.2314,1784591776195,1784591776200.0,1784591777019.5762,901.769,5.0,819.576,,1726.345
e-1037,1784591775343.2239,1784591776195,1784591776200.0,1784591777019.5767,851.776,5.0,819.577,,1676.353
e-1038,1784591775393.2173,1784591776195,1784591776200.0,1784591777019.5771,801.783,5.0,819.577,,1626.36
e-1039,1784591775443.2185,1784591776195,1784591776200.0,1784591777019.5776,751.781,5.0,819.578,,1576.359
e-1040,1784591775493.2146,1784591776195,1784591776200.0,1784591777019.578,701.785,5.0,819.578,,1526.363
e-1041,1784591775543.216,1784591776195,1784591776200.0,1784591777019.5784,651.784,5.0,819.578,,1476.362
e-1042,1784591775593.2412,1784591776195,1784591776200.0,1784591777019.5789,601.759,5.0,819.579,,1426.338
e-1043,1784591775643.25,1784591776195,1784591776200.0,1784591777019.5793,551.75,5.0,819.579,,1376.329
e-1044,1784591775693.2344,1784591776195,1784591776200.0,1784591777019.5798,501.766,5.0,819.58,,1326.345
e-1045,1784591775743.2434,1784591776195,1784591776200.0,1784591777019.5803,451.757,5.0,819.58,,1276.337
e-1046,1784591775793.2249,1784591776195,1784591776200.0,1784591777019.5808,401.775,5.0,819.581,,1226.356
e-1047,1784591775843.239,1784591776195,1784591776200.0,1784591777019.5813,351.761,5.0,819.581,,1176.342
e-1048,1784591775893.2375,1784591776195,1784591776200.0,1784591777019.5815,301.762,5.0,819.582,,1126.344
e-1049,1784591775943.24,1784591776195,1784591776200.0,1784591777019.582,251.76,5.0,819.582,,1076.342
e-1050,1784591775993.2246,1784591776195,1784591776200.0,1784591777019.5825,201.775,5.0,819.583,,1026.358
e-1051,1784591776043.2246,1784591776195,1784591776200.0,1784591777019.583,151.775,5.0,819.583,,976.358
e-1052,1784591776093.2266,1784591776195,1784591776200.0,1784591777019.5833,101.773,5.0,819.583,,926.357
e-1053,1784591776143.2317,1784591776195,1784591776200.0,1784591777019.5837,51.768,5.0,819.584,,876.352
e-1054,1784591776193.2354,1784591776195,1784591776200.0,1784591777019.5842,1.765,5.0,819.584,,826.349
e-1055,1784591776243.2522,1784591777245,1784591777250.0,1784591778071.5642,1001.748,5.0,821.564,,1828.312
e-1056,1784591776293.2332,1784591777245,1784591777250.0,1784591778071.5664,951.767,5.0,821.566,,1778.333
e-1057,1784591776343.2395,1784591777245,1784591777250.0,1784591778071.5671,901.76,5.0,821.567,,1728.328
e-1058,1784591776393.2292,1784591777245,1784591777250.0,1784591778071.5806,851.771,5.0,821.581,,1678.351
e-1059,1784591776443.2441,1784591777245,1784591777250.0,1784591778071.581,801.756,5.0,821.581,,1628.337
e-1060,1784591776493.2195,1784591777245,1784591777250.0,1784591778071.5815,751.781,5.0,821.582,,1578.362
e-1061,1784591776543.2336,1784591777245,1784591777250.0,1784591778071.5823,701.766,5.0,821.582,,1528.349
e-1062,1784591776593.247,1784591777245,1784591777250.0,1784591778071.5825,651.753,5.0,821.583,,1478.335
e-1063,1784591776643.2212,1784591777245,1784591777250.0,1784591778071.583,601.779,5.0,821.583,,1428.362
e-1064,1784591776693.2253,1784591777245,1784591777250.0,1784591778071.5835,551.775,5.0,821.583,,1378.358
e-1065,1784591776743.2258,1784591777245,1784591777250.0,1784591778071.584,501.774,5.0,821.584,,1328.358
e-1066,1784591776793.2266,1784591777245,1784591777250.0,1784591778071.5845,451.773,5.0,821.584,,1278.358
e-1067,1784591776843.2285,1784591777245,1784591777250.0,1784591778071.5847,401.771,5.0,821.585,,1228.356
e-1068,1784591776893.2263,1784591777245,1784591777250.0,1784591778071.5852,351.774,5.0,821.585,,1178.359
e-1069,1784591776943.2327,1784591777245,1784591777251.0,1784591778071.5857,301.767,6.0,820.586,,1128.353
e-1070,1784591776993.2444,1784591777245,1784591777251.0,1784591778071.5864,251.756,6.0,820.586,,1078.342
e-1071,1784591777043.2266,1784591777245,1784591777251.0,1784591778071.587,201.773,6.0,820.587,,1028.36
e-1072,1784591777093.247,1784591777245,1784591777251.0,1784591778071.5874,151.753,6.0,820.587,,978.34
e-1073,1784591777143.2356,1784591777245,1784591777251.0,1784591778071.5876,101.764,6.0,820.588,,928.352
e-1074,1784591777193.2314,1784591777245,1784591777251.0,1784591778071.5881,51.769,6.0,820.588,,878.357
e-1075,1784591777243.2273,1784591777245,1784591777251.0,1784591778071.5886,1.773,6.0,820.589,,828.361
e-1076,1784591777293.222,1784591778296,1784591778299.0,1784591779119.1636,1002.778,3.0,820.164,,1825.942
e-1077,1784591777343.215,1784591778296,1784591778300.0,1784591779119.167,952.785,4.0,819.167,,1775.952
e-1078,1784591777393.234,1784591778296,1784591778300.0,1784591779119.168,902.766,4.0,819.168,,1725.934
e-1079,1784591777443.233,1784591778296,1784591778300.0,1784591779119.1682,852.767,4.0,819.168,,1675.935
e-1080,1784591777493.2307,1784591778296,1784591778300.0,1784591779119.1687,802.769,4.0,819.169,,1625.938
e-1081,1784591777543.234,1784591778296,1784591778300.0,1784591779119.1692,752.766,4.0,819.169,,1575.935
e-1082,1784591777593.2285,1784591778296,1784591778300.0,1784591779119.1697,702.771,4.0,819.17,,1525.941
e-1083,1784591777643.2383,1784591778296,1784591778300.0,1784591779119.1702,652.762,4.0,819.17,,1475.932
e-1084,1784591777693.223,1784591778296,1784591778300.0,1784591779119.1707,602.777,4.0,819.171,,1425.948
e-1085,1784591777743.2292,1784591778296,1784591778300.0,1784591779119.171,552.771,4.0,819.171,,1375.942
e-1086,1784591777793.2222,1784591778296,1784591778300.0,1784591779119.1829,502.778,4.0,819.183,,1325.961
e-1087,1784591777843.234,1784591778296,1784591778300.0,1784591779119.1833,452.766,4.0,819.183,,1275.949
e-1088,1784591777893.2268,1784591778296,1784591778300.0,1784591779119.1838,402.773,4.0,819.184,,1225.957
e-1089,1784591777943.2202,1784591778296,1784591778300.0,1784591779119.1843,352.78,4.0,819.184,,1175.964
e-1090,1784591777993.2239,1784591778296,1784591778300.0,1784591779119.1848,302.776,4.0,819.185,,1125.961
e-1091,1784591778043.2212,1784591778296,1784591778300.0,1784591779119.185,252.779,4.0,819.185,,1075.964
e-1092,1784591778093.2173,1784591778296,1784591778300.0,1784591779119.1855,202.783,4.0,819.186,,1025.968
e-1093,1784591778143.2153,1784591778296,1784591778300.0,1784591779119.186,152.785,4.0,819.186,,975.971
e-1094,1784591778193.2454,1784591778296,1784591778300.0,1784591779119.1865,102.755,4.0,819.187,,925.941
e-1095,1784591778243.2444,1784591778296,1784591778300.0,1784591779119.1868,52.756,4.0,819.187,,875.942
e-1096,1784591778293.2412,1784591778296,1784591778300.0,1784591779119.1873,2.759,4.0,819.187,,825.946
e-1097,1784591778343.2207,1784591779346,1784591779349.0,1784591780168.228,1002.779,3.0,819.228,,1825.007
e-1098,1784591778393.2344,1784591779346,1784591779349.0,1784591780168.2305,952.766,3.0,819.23,,1774.996
e-1099,1784591778443.2488,1784591779346,1784591779349.0,1784591780168.2312,902.751,3.0,819.231,,1724.982
e-1100,1784591778493.2253,1784591779346,1784591779349.0,1784591780168.2317,852.775,3.0,819.232,,1675.006
e-1101,1784591778543.2207,1784591779346,1784591779350.0,1784591780168.2542,802.779,4.0,818.254,,1625.033
e-1102,1784591778593.2275,1784591779346,1784591779350.0,1784591780168.2546,752.772,4.0,818.255,,1575.027
e-1103,1784591778643.2217,1784591779346,1784591779350.0,1784591780168.2551,702.778,4.0,818.255,,1525.033
e-1104,1784591778693.2302,1784591779346,1784591779350.0,1784591780168.2556,652.77,4.0,818.256,,1475.025
e-1105,1784591778743.2136,1784591779346,1784591779350.0,1784591780168.256,602.786,4.0,818.256,,1425.042
e-1106,1784591778793.2183,1784591779346,1784591779350.0,1784591780168.2566,552.782,4.0,818.257,,1375.038
e-1107,1784591778843.2249,1784591779346,1784591779350.0,1784591780168.257,502.775,4.0,818.257,,1325.032
e-1108,1784591778893.236,1784591779346,1784591779350.0,1784591780168.2576,452.764,4.0,818.258,,1275.021
e-1109,1784591778943.2507,1784591779346,1784591779350.0,1784591780168.2578,402.749,4.0,818.258,,1225.007
e-1110,1784591778993.227,1784591779346,1784591779350.0,1784591780168.2583,352.773,4.0,818.258,,1175.031
e-1111,1784591779043.2292,1784591779346,1784591779350.0,1784591780168.2588,302.771,4.0,818.259,,1125.03
e-1112,1784591779093.2256,1784591779346,1784591779350.0,1784591780168.2593,252.774,4.0,818.259,,1075.034
e-1113,1784591779143.2175,1784591779346,1784591779350.0,1784591780168.2598,202.782,4.0,818.26,,1025.042
e-1114,1784591779193.2278,1784591779346,1784591779350.0,1784591780168.2603,152.772,4.0,818.26,,975.032
e-1115,1784591779243.8655,1784591779346,1784591779350.0,1784591780168.2607,102.135,4.0,818.261,,924.395
e-1116,1784591779293.2273,1784591779346,1784591779350.0,1784591780168.2612,52.773,4.0,818.261,,875.034
e-1117,1784591779343.2295,1784591779346,1784591779350.0,1784591780168.2617,2.771,4.0,818.262,,825.032
e-1118,1784591779393.2244,1784591780395,1784591780399.0,1784591781221.8242,1001.776,4.0,822.824,,1828.6
e-1119,1784591779443.231,1784591780395,1784591780399.0,1784591781221.8267,951.769,4.0,822.827,,1778.596
e-1120,1784591779493.223,1784591780395,1784591780399.0,1784591781221.8274,901.777,4.0,822.827,,1728.604
e-1121,1784591779543.2246,1784591780395,1784591780399.0,1784591781221.828,851.775,4.0,822.828,,1678.603
e-1122,1784591779593.2256,1784591780395,1784591780399.0,1784591781221.8281,801.774,4.0,822.828,,1628.603
e-1123,1784591779643.2244,1784591780395,1784591780399.0,1784591781221.8289,751.776,4.0,822.829,,1578.604
e-1124,1784591779693.225,1784591780395,1784591780399.0,1784591781221.829,701.775,4.0,822.829,,1528.604
e-1125,1784591779743.2275,1784591780395,1784591780399.0,1784591781221.8296,651.772,4.0,822.83,,1478.602
e-1126,1784591779793.2212,1784591780395,1784591780399.0,1784591781221.83,601.779,4.0,822.83,,1428.609
e-1127,1784591779843.2231,1784591780395,1784591780400.0,1784591781221.8306,551.777,5.0,821.831,,1378.607
e-1128,1784591779893.2268,1784591780395,1784591780400.0,1784591781221.8308,501.773,5.0,821.831,,1328.604
e-1129,1784591779943.2278,1784591780395,1784591780400.0,1784591781221.8315,451.772,5.0,821.832,,1278.604
e-1130,1784591779993.226,1784591780395,1784591780400.0,1784591781221.832,401.774,5.0,821.832,,1228.606
e-1131,1784591780043.2234,1784591780395,1784591780400.0,1784591781221.8325,351.777,5.0,821.833,,1178.609
e-1132,1784591780093.2249,1784591780395,1784591780400.0,1784591781221.8328,301.775,5.0,821.833,,1128.608
e-1133,1784591780143.2236,1784591780395,1784591780400.0,1784591781221.8494,251.776,5.0,821.849,,1078.626
e-1134,1784591780193.2253,1784591780395,1784591780400.0,1784591781221.85,201.775,5.0,821.85,,1028.625
e-1135,1784591780243.225,1784591780395,1784591780400.0,1784591781221.8503,151.775,5.0,821.85,,978.625
e-1136,1784591780293.2244,1784591780395,1784591780400.0,1784591781221.8508,101.776,5.0,821.851,,928.626
e-1137,1784591780343.2256,1784591780395,1784591780400.0,1784591781221.8513,51.774,5.0,821.851,,878.626
e-1138,1784591780393.2227,1784591780395,1784591780400.0,1784591781221.8518,1.777,5.0,821.852,,828.629
e-1139,1784591780443.2234,1784591781446,1784591781450.0,1784591782270.131,1002.777,4.0,820.131,,1826.908
e-1140,1784591780493.2256,1784591781446,1784591781450.0,1784591782270.1333,952.774,4.0,820.133,,1776.908
e-1141,1784591780543.2244,1784591781446,1784591781450.0,1784591782270.134,902.776,4.0,820.134,,1726.91
e-1142,1784591780593.2275,1784591781446,1784591781450.0,1784591782270.1345,852.772,4.0,820.135,,1676.907
e-1143,1784591780643.2239,1784591781446,1784591781450.0,1784591782270.135,802.776,4.0,820.135,,1626.911
e-1144,1784591780693.2258,1784591781446,1784591781450.0,1784591782270.141,752.774,4.0,820.141,,1576.915
e-1145,1784591780743.2231,1784591781446,1784591781450.0,1784591782270.1416,702.777,4.0,820.142,,1526.918
e-1146,1784591780793.2239,1784591781446,1784591781450.0,1784591782270.1423,652.776,4.0,820.142,,1476.918
e-1147,1784591780843.2197,1784591781446,1784591781450.0,1784591782270.1428,602.78,4.0,820.143,,1426.923
e-1148,1784591780893.2263,1784591781446,1784591781450.0,1784591782270.143,552.774,4.0,820.143,,1376.917
e-1149,1784591780943.227,1784591781446,1784591781450.0,1784591782270.1436,502.773,4.0,820.144,,1326.917
e-1150,1784591780993.2285,1784591781446,1784591781450.0,1784591782270.144,452.771,4.0,820.144,,1276.916
e-1151,1784591781043.2244,1784591781446,1784591781450.0,1784591782270.1445,402.776,4.0,820.145,,1226.92
e-1152,1784591781093.2249,1784591781446,1784591781450.0,1784591782270.1492,352.775,4.0,820.149,,1176.924
e-1153,1784591781143.2297,1784591781446,1784591781450.0,1784591782270.1497,302.77,4.0,820.15,,1126.92
e-1154,1784591781193.228,1784591781446,1784591781450.0,1784591782270.1501,252.772,4.0,820.15,,1076.922
e-1155,1784591781243.225,1784591781446,1784591781450.0,1784591782270.1506,202.775,4.0,820.151,,1026.926
e-1156,1784591781293.2258,1784591781446,1784591781450.0,1784591782270.1511,152.774,4.0,820.151,,976.925
e-1157,1784591781343.229,1784591781446,1784591781450.0,1784591782270.1516,102.771,4.0,820.152,,926.923
e-1158,1784591781393.2263,1784591781446,1784591781450.0,1784591782270.152,52.774,4.0,820.152,,876.926
e-1159,1784591781443.2278,1784591781446,1784591781450.0,1784591782270.1526,2.772,4.0,820.153,,826.925
e-1160,1784591781493.2268,1784591782496,1784591782500.0,1784591783318.7446,1002.773,4.0,818.745,,1825.518
e-1161,1784591781543.23,1784591782496,1784591782500.0,1784591783318.747,952.77,4.0,818.747,,1775.517
e-1162,1784591781593.2258,1784591782496,1784591782500.0,1784591783318.759,902.774,4.0,818.759,,1725.533
e-1163,1784591781643.2222,1784591782496,1784591782500.0,1784591783318.76,852.778,4.0,818.76,,1675.538
e-1164,1784591781693.2307,1784591782496,1784591782500.0,1784591783318.7603,802.769,4.0,818.76,,1625.53
e-1165,1784591781743.2227,1784591782496,1784591782500.0,1784591783318.761,752.777,4.0,818.761,,1575.538
e-1166,1784591781793.231,1784591782496,1784591782500.0,1784591783318.7615,702.769,4.0,818.761,,1525.531
e-1167,1784591781843.2244,1784591782496,1784591782500.0,1784591783318.762,652.776,4.0,818.762,,1475.538
e-1168,1784591781893.217,1784591782496,1784591782500.0,1784591783318.7625,602.783,4.0,818.762,,1425.545
e-1169,1784591781943.223,1784591782496,1784591782500.0,1784591783318.763,552.777,4.0,818.763,,1375.54
e-1170,1784591781993.2214,1784591782496,1784591782500.0,1784591783318.7632,502.779,4.0,818.763,,1325.542
e-1171,1784591782043.2168,1784591782496,1784591782500.0,1784591783318.7637,452.783,4.0,818.764,,1275.547
e-1172,1784591782093.2239,1784591782496,1784591782500.0,1784591783318.7642,402.776,4.0,818.764,,1225.54
e-1173,1784591782143.2224,1784591782496,1784591782500.0,1784591783318.7646,352.778,4.0,818.765,,1175.542
e-1174,1784591782193.222,1784591782496,1784591782500.0,1784591783318.7651,302.778,4.0,818.765,,1125.543
e-1175,1784591782243.2205,1784591782496,1784591782500.0,1784591783318.7656,252.78,4.0,818.766,,1075.545
e-1176,1784591782293.2314,1784591782496,1784591782500.0,1784591783318.7659,202.769,4.0,818.766,,1025.534
e-1177,1784591782343.2295,1784591782496,1784591782500.0,1784591783318.7664,152.771,4.0,818.766,,975.537
e-1178,1784591782393.2275,1784591782496,1784591782500.0,1784591783318.7668,102.772,4.0,818.767,,925.539
e-1179,1784591782443.2266,1784591782496,1784591782500.0,1784591783318.7673,52.773,4.0,818.767,,875.541
e-1180,1784591782493.2266,1784591782496,1784591782500.0,1784591783318.7678,2.773,4.0,818.768,,825.541
e-1181,1784591782543.2239,1784591783546,1784591783550.0,1784591784370.871,1002.776,4.0,820.871,,1827.647
e-1182,1784591782593.2275,1784591783546,1784591783550.0,1784591784370.8745,952.772,4.0,820.875,,1777.647
e-1183,1784591782643.2273,1784591783546,1784591783550.0,1784591784370.8896,902.773,4.0,820.89,,1727.662
e-1184,1784591782693.219,1784591783546,1784591783551.0,1784591784370.8901,852.781,5.0,819.89,,1677.671
e-1185,1784591782743.225,1784591783546,1784591783551.0,1784591784370.8906,802.775,5.0,819.891,,1627.666
e-1186,1784591782793.2246,1784591783546,1784591783551.0,1784591784370.891,752.775,5.0,819.891,,1577.667
e-1187,1784591782843.2202,1784591783546,1784591783551.0,1784591784370.8918,702.78,5.0,819.892,,1527.672
e-1188,1784591782893.223,1784591783546,1784591783551.0,1784591784370.8967,652.777,5.0,819.897,,1477.674
e-1189,1784591782943.2253,1784591783546,1784591783551.0,1784591784370.8972,602.775,5.0,819.897,,1427.672
e-1190,1784591782993.2285,1784591783546,1784591783551.0,1784591784370.8975,552.771,5.0,819.897,,1377.669
e-1191,1784591783043.2234,1784591783546,1784591783551.0,1784591784370.8982,502.777,5.0,819.898,,1327.675
e-1192,1784591783093.2249,1784591783546,1784591783551.0,1784591784370.8984,452.775,5.0,819.898,,1277.674
e-1193,1784591783143.225,1784591783546,1784591783551.0,1784591784370.899,402.775,5.0,819.899,,1227.674
e-1194,1784591783193.213,1784591783546,1784591783551.0,1784591784370.8994,352.787,5.0,819.899,,1177.687
e-1195,1784591783243.2314,1784591783546,1784591783551.0,1784591784370.9,302.769,5.0,819.9,,1127.668
e-1196,1784591783293.2253,1784591783546,1784591783551.0,1784591784370.9004,252.775,5.0,819.9,,1077.675
e-1197,1784591783343.2258,1784591783546,1784591783551.0,1784591784370.9011,202.774,5.0,819.901,,1027.675
e-1198,1784591783393.2158,1784591783546,1784591783551.0,1784591784370.9016,152.784,5.0,819.902,,977.686
e-1199,1784591783443.235,1784591783546,1784591783551.0,1784591784370.902,102.765,5.0,819.902,,927.667
e-1200,1784591783493.2217,1784591783546,1784591783551.0,1784591784370.9023,52.778,5.0,819.902,,877.681
e-1201,1784591783543.2205,1784591783546,1784591783551.0,1784591784370.9028,2.78,5.0,819.903,,827.682
e-1202,1784591783593.2266,1784591784595,1784591784599.0,1784591785417.9873,1001.773,4.0,818.987,,1824.761
e-1203,1784591783643.2192,1784591784595,1784591784600.0,1784591785417.99,951.781,5.0,817.99,,1774.771
e-1204,1784591783693.2258,1784591784595,1784591784600.0,1784591785418.003,901.774,5.0,818.003,,1724.777
e-1205,1784591783743.2134,1784591784595,1784591784600.0,1784591785418.0034,851.787,5.0,818.003,,1674.79
e-1206,1784591783793.2258,1784591784595,1784591784600.0,1784591785418.0037,801.774,5.0,818.004,,1624.778
e-1207,1784591783843.2302,1784591784595,1784591784600.0,1784591785418.0042,751.77,5.0,818.004,,1574.774
e-1208,1784591783893.2227,1784591784595,1784591784600.0,1784591785418.0046,701.777,5.0,818.005,,1524.782
e-1209,1784591783943.2205,1784591784595,1784591784600.0,1784591785418.0051,651.78,5.0,818.005,,1474.785
e-1210,1784591783993.2285,1784591784595,1784591784600.0,1784591785418.0056,601.771,5.0,818.006,,1424.777
e-1211,1784591784043.2214,1784591784595,1784591784600.0,1784591785418.0059,551.779,5.0,818.006,,1374.784
e-1212,1784591784093.225,1784591784595,1784591784600.0,1784591785418.0063,501.775,5.0,818.006,,1324.781
e-1213,1784591784143.219,1784591784595,1784591784600.0,1784591785418.0068,451.781,5.0,818.007,,1274.788
e-1214,1784591784193.2234,1784591784595,1784591784600.0,1784591785418.0073,401.777,5.0,818.007,,1224.784
e-1215,1784591784243.2139,1784591784595,1784591784600.0,1784591785418.0078,351.786,5.0,818.008,,1174.794
e-1216,1784591784293.2249,1784591784595,1784591784600.0,1784591785418.008,301.775,5.0,818.008,,1124.783
e-1217,1784591784343.2297,1784591784595,1784591784600.0,1784591785418.0085,251.77,5.0,818.009,,1074.779
e-1218,1784591784393.2236,1784591784595,1784591784600.0,1784591785418.013,201.776,5.0,818.013,,1024.789
e-1219,1784591784443.2246,1784591784595,1784591784600.0,1784591785418.0134,151.775,5.0,818.013,,974.789
e-1220,1784591784493.2288,1784591784595,1784591784600.0,1784591785418.0137,101.771,5.0,818.014,,924.785
e-1221,1784591784543.224,1784591784595,1784591784600.0,1784591785418.0142,51.776,5.0,818.014,,874.79
e-1222,1784591784593.2305,1784591784595,1784591784600.0,1784591785418.0144,1.77,5.0,818.014,,824.784
e-1223,1784591784643.2285,1784591785645,1784591785649.0,1784591786466.2676,1001.771,4.0,817.268,,1823.039
e-1224,1784591784693.2266,1784591785645,1784591785649.0,1784591786466.27,951.773,4.0,817.27,,1773.043
e-1225,1784591784743.2317,1784591785645,1784591785649.0,1784591786466.2825,901.768,4.0,817.282,,1723.051
e-1226,1784591784793.2312,1784591785645,1784591785649.0,1784591786466.283,851.769,4.0,817.283,,1673.052
e-1227,1784591784843.2278,1784591785645,1784591785649.0,1784591786466.2834,801.772,4.0,817.283,,1623.056
e-1228,1784591784893.2295,1784591785645,1784591785649.0,1784591786466.284,751.771,4.0,817.284,,1573.054
e-1229,1784591784943.2231,1784591785645,1784591785649.0,1784591786466.2844,701.777,4.0,817.284,,1523.061
e-1230,1784591784993.2239,1784591785645,1784591785649.0,1784591786466.2883,651.776,4.0,817.288,,1473.064
e-1231,1784591785043.2214,1784591785645,1784591785649.0,1784591786466.289,601.779,4.0,817.289,,1423.068
e-1232,1784591785093.2236,1784591785645,1784591785649.0,1784591786466.2896,551.776,4.0,817.29,,1373.066
e-1233,1784591785143.223,1784591785645,1784591785649.0,1784591786466.2898,501.777,4.0,817.29,,1323.067
e-1234,1784591785193.224,1784591785645,1784591785649.0,1784591786466.2903,451.776,4.0,817.29,,1273.066
e-1235,1784591785243.2239,1784591785645,1784591785649.0,1784591786466.2908,401.776,4.0,817.291,,1223.067
e-1236,1784591785293.2283,1784591785645,1784591785649.0,1784591786466.2913,351.772,4.0,817.291,,1173.063
e-1237,1784591785343.228,1784591785645,1784591785649.0,1784591786466.2915,301.772,4.0,817.292,,1123.063
e-1238,1784591785393.23,1784591785645,1784591785649.0,1784591786466.292,251.77,4.0,817.292,,1073.062
e-1239,1784591785443.23,1784591785645,1784591785649.0,1784591786466.2925,201.77,4.0,817.292,,1023.062
e-1240,1784591785493.2302,1784591785645,1784591785649.0,1784591786466.293,151.77,4.0,817.293,,973.063
e-1241,1784591785543.2295,1784591785645,1784591785649.0,1784591786466.2932,101.771,4.0,817.293,,923.064
e-1242,1784591785593.233,1784591785645,1784591785649.0,1784591786466.2937,51.767,4.0,817.294,,873.061
e-1243,1784591785643.23,1784591785645,1784591785649.0,1784591786466.2942,1.77,4.0,817.294,,823.064
e-1244,1784591785693.2258,1784591786695,1784591786699.0,1784591787517.9028,1001.774,4.0,818.903,,1824.677
e-1245,1784591785743.2246,1784591786695,1784591786700.0,1784591787517.9058,951.775,5.0,817.906,,1774.681
e-1246,1784591785793.2256,1784591786695,1784591786700.0,1784591787517.9067,901.774,5.0,817.907,,1724.681
e-1247,1784591785843.227,1784591786695,1784591786700.0,1784591787517.9192,851.773,5.0,817.919,,1674.692
e-1248,1784591785893.2292,1784591786695,1784591786700.0,1784591787517.9202,801.771,5.0,817.92,,1624.691
e-1249,1784591785943.2283,1784591786695,1784591786700.0,1784591787517.9207,751.772,5.0,817.921,,1574.692
e-1250,1784591785993.223,1784591786695,1784591786700.0,1784591787517.921,701.777,5.0,817.921,,1524.698
e-1251,1784591786043.221,1784591786695,1784591786700.0,1784591787517.9214,651.779,5.0,817.921,,1474.7
e-1252,1784591786093.227,1784591786695,1784591786700.0,1784591787517.9219,601.773,5.0,817.922,,1424.695
e-1253,1784591786143.2302,1784591786695,1784591786700.0,1784591787517.922,551.77,5.0,817.922,,1374.692
e-1254,1784591786193.2288,1784591786695,1784591786700.0,1784591787517.9226,501.771,5.0,817.923,,1324.694
e-1255,1784591786243.2173,1784591786695,1784591786700.0,1784591787517.923,451.783,5.0,817.923,,1274.706
e-1256,1784591786293.235,1784591786695,1784591786700.0,1784591787517.9233,401.765,5.0,817.923,,1224.688
e-1257,1784591786343.2236,1784591786695,1784591786700.0,1784591787517.9238,351.776,5.0,817.924,,1174.7
e-1258,1784591786393.2188,1784591786695,1784591786700.0,1784591787517.9243,301.781,5.0,817.924,,1124.706
e-1259,1784591786443.2178,1784591786695,1784591786700.0,1784591787517.9246,251.782,5.0,817.925,,1074.707
e-1260,1784591786493.2346,1784591786695,1784591786700.0,1784591787517.925,201.765,5.0,817.925,,1024.69
e-1261,1784591786543.2205,1784591786695,1784591786700.0,1784591787517.9255,151.78,5.0,817.926,,974.705
e-1262,1784591786593.2317,1784591786695,1784591786700.0,1784591787517.9258,101.768,5.0,817.926,,924.694
e-1263,1784591786643.227,1784591786695,1784591786700.0,1784591787517.9263,51.773,5.0,817.926,,874.699
e-1264,1784591786693.2266,1784591786695,1784591786700.0,1784591787517.9268,1.773,5.0,817.927,,824.7
e-1265,1784591786743.2224,1784591787745,1784591787749.0,1784591788568.3948,1001.778,4.0,819.395,,1825.172
e-1266,1784591786793.2156,1784591787745,1784591787749.0,1784591788568.3982,951.784,4.0,819.398,,1775.183
e-1267,1784591786843.2283,1784591787745,1784591787749.0,1784591788568.3992,901.772,4.0,819.399,,1725.171
e-1268,1784591786893.2163,1784591787745,1784591787749.0,1784591788568.4133,851.784,4.0,819.413,,1675.197
e-1269,1784591786943.213,1784591787745,1784591787749.0,1784591788568.414,801.787,4.0,819.414,,1625.201
e-1270,1784591786993.2185,1784591787745,1784591787749.0,1784591788568.4148,751.781,4.0,819.415,,1575.196
e-1271,1784591787043.237,1784591787745,1784591787749.0,1784591788568.4155,701.763,4.0,819.416,,1525.178
e-1272,1784591787093.2236,1784591787745,1784591787749.0,1784591788568.4163,651.776,4.0,819.416,,1475.193
e-1273,1784591787143.2231,1784591787745,1784591787750.0,1784591788568.4219,601.777,5.0,818.422,,1425.199
e-1274,1784591787193.2288,1784591787745,1784591787750.0,1784591788568.4224,551.771,5.0,818.422,,1375.194
e-1275,1784591787243.2168,1784591787745,1784591787750.0,1784591788568.423,501.783,5.0,818.423,,1325.206
e-1276,1784591787293.2239,1784591787745,1784591787750.0,1784591788568.4238,451.776,5.0,818.424,,1275.2
e-1277,1784591787343.225,1784591787745,1784591787750.0,1784591788568.4243,401.775,5.0,818.424,,1225.199
e-1278,1784591787393.234,1784591787745,1784591787750.0,1784591788568.425,351.766,5.0,818.425,,1175.191
e-1279,1784591787443.2336,1784591787745,1784591787750.0,1784591788568.4255,301.766,5.0,818.426,,1125.192
e-1280,1784591787493.2244,1784591787745,1784591787750.0,1784591788568.4263,251.776,5.0,818.426,,1075.202
e-1281,1784591787543.2175,1784591787745,1784591787750.0,1784591788568.4268,201.782,5.0,818.427,,1025.209
e-1282,1784591787593.2327,1784591787745,1784591787750.0,1784591788568.4275,151.767,5.0,818.427,,975.195
e-1283,1784591787643.2178,1784591787745,1784591787750.0,1784591788568.4282,101.782,5.0,818.428,,925.21
e-1284,1784591787693.2256,1784591787745,1784591787750.0,1784591788568.4338,51.774,5.0,818.434,,875.208
e-1285,1784591787743.2183,1784591787745,1784591787750.0,1784591788568.4343,1.782,5.0,818.434,,825.216
e-1286,1784591787793.2249,1784591788795,1784591788799.0,1784591789618.8164,1001.775,4.0,819.816,,1825.592
e-1287,1784591787843.2253,1784591788795,1784591788800.0,1784591789618.8188,951.775,5.0,818.819,,1775.594
e-1288,1784591787893.227,1784591788795,1784591788800.0,1784591789618.8196,901.773,5.0,818.82,,1725.593
e-1289,1784591787943.2205,1784591788795,1784591788800.0,1784591789618.8323,851.78,5.0,818.832,,1675.612
e-1290,1784591787993.2256,1784591788795,1784591788800.0,1784591789618.8328,801.774,5.0,818.833,,1625.607
e-1291,1784591788043.226,1784591788795,1784591788800.0,1784591789618.8333,751.774,5.0,818.833,,1575.607
e-1292,1784591788093.227,1784591788795,1784591788800.0,1784591789618.8337,701.773,5.0,818.834,,1525.607
e-1293,1784591788143.2227,1784591788795,1784591788800.0,1784591789618.8342,651.777,5.0,818.834,,1475.612
e-1294,1784591788193.2292,1784591788795,1784591788800.0,1784591789618.8347,601.771,5.0,818.835,,1425.605
e-1295,1784591788243.2651,1784591788795,1784591788800.0,1784591789618.835,551.735,5.0,818.835,,1375.57
e-1296,1784591788293.2341,1784591788795,1784591788800.0,1784591789618.8354,501.766,5.0,818.835,,1325.601
e-1297,1784591788343.2268,1784591788795,1784591788800.0,1784591789618.836,451.773,5.0,818.836,,1275.609
e-1298,1784591788393.229,1784591788795,1784591788800.0,1784591789618.8364,401.771,5.0,818.836,,1225.607
e-1299,1784591788443.2214,1784591788795,1784591788800.0,1784591789618.837,351.779,5.0,818.837,,1175.615
e-1300,1784591788493.2239,1784591788795,1784591788800.0,1784591789618.8374,301.776,5.0,818.837,,1125.614
e-1301,1784591788543.2244,1784591788795,1784591788800.0,1784591789618.838,251.776,5.0,818.838,,1075.614
e-1302,1784591788593.226,1784591788795,1784591788800.0,1784591789618.8384,201.774,5.0,818.838,,1025.612
e-1303,1784591788643.225,1784591788795,1784591788800.0,1784591789618.8386,151.775,5.0,818.839,,975.614
e-1304,1784591788693.2258,1784591788795,1784591788800.0,1784591789618.839,101.774,5.0,818.839,,925.613
e-1305,1784591788743.219,1784591788795,1784591788800.0,1784591789618.8396,51.781,5.0,818.84,,875.621
e-1306,1784591788793.2258,1784591788795,1784591788800.0,1784591789618.84,1.774,5.0,818.84,,825.614
e-1307,1784591788843.2266,1784591789846,1784591789850.0,1784591790669.6257,1002.773,4.0,819.626,,1826.399
e-1308,1784591788893.2275,1784591789846,1784591789850.0,1784591790669.629,952.772,4.0,819.629,,1776.401
e-1309,1784591788943.2268,1784591789846,1784591789850.0,1784591790669.6296,902.773,4.0,819.63,,1726.403
e-1310,1784591788993.224,1784591789846,1784591789850.0,1784591790669.6418,852.776,4.0,819.642,,1676.418
e-1311,1784591789043.2222,1784591789846,1784591789850.0,1784591790669.6423,802.778,4.0,819.642,,1626.42
e-1312,1784591789093.2368,1784591789846,1784591789850.0,1784591790669.6428,752.763,4.0,819.643,,1576.406
e-1313,1784591789143.2302,1784591789846,1784591789850.0,1784591790669.6433,702.77,4.0,819.643,,1526.413
e-1314,1784591789193.228,1784591789846,1784591789850.0,1784591790669.6436,652.772,4.0,819.644,,1476.416
e-1315,1784591789243.2266,1784591789846,1784591789850.0,1784591790669.6443,602.773,4.0,819.644,,1426.418
e-1316,1784591789293.2263,1784591789846,1784591789850.0,1784591790669.6482,552.774,4.0,819.648,,1376.422
e-1317,1784591789343.2297,1784591789846,1784591789850.0,1784591790669.6487,502.77,4.0,819.649,,1326.419
e-1318,1784591789393.2253,1784591789846,1784591789850.0,1784591790669.649,452.775,4.0,819.649,,1276.424
e-1319,1784591789443.227,1784591789846,1784591789850.0,1784591790669.6494,402.773,4.0,819.649,,1226.422
e-1320,1784591789493.224,1784591789846,1784591789850.0,1784591790669.65,352.776,4.0,819.65,,1176.426
e-1321,1784591789543.2268,1784591789846,1784591789850.0,1784591790669.6504,302.773,4.0,819.65,,1126.424
e-1322,1784591789593.2263,1784591789846,1784591789850.0,1784591790669.651,252.774,4.0,819.651,,1076.425
e-1323,1784591789643.2275,1784591789846,1784591789850.0,1784591790669.6514,202.772,4.0,819.651,,1026.424
e-1324,1784591789693.2053,1784591789846,1784591789850.0,1784591790669.6516,152.795,4.0,819.652,,976.446
e-1325,1784591789743.2288,1784591789846,1784591789850.0,1784591790669.652,102.771,4.0,819.652,,926.423
e-1326,1784591789793.2283,1784591789846,1784591789850.0,1784591790669.6526,52.772,4.0,819.653,,876.424
e-1327,1784591789843.2275,1784591789846,1784591789850.0,1784591790669.6528,2.772,4.0,819.653,,826.425
e-1328,1784591789893.2322,1784591790896,1784591790900.0,1784591791717.8223,1002.768,4.0,817.822,,1824.59
e-1329,1784591789943.2285,1784591790896,1784591790900.0,1784591791717.825,952.771,4.0,817.825,,1774.596
e-1330,1784591789993.23,1784591790896,1784591790900.0,1784591791717.8257,902.77,4.0,817.826,,1724.596
e-1331,1784591790043.226,1784591790896,1784591790900.0,1784591791717.8262,852.774,4.0,817.826,,1674.6
e-1332,1784591790093.2249,1784591790896,1784591790900.0,1784591791717.8423,802.775,4.0,817.842,,1624.617
e-1333,1784591790143.2305,1784591790896,1784591790900.0,1784591791717.843,752.77,4.0,817.843,,1574.613
e-1334,1784591790193.232,1784591790896,1784591790900.0,1784591791717.8435,702.768,4.0,817.844,,1524.612
e-1335,1784591790243.225,1784591790896,1784591790900.0,1784591791717.8438,652.775,4.0,817.844,,1474.619
e-1336,1784591790293.4114,1784591790896,1784591790900.0,1784591791717.8442,602.589,4.0,817.844,,1424.433
e-1337,1784591790343.22,1784591790896,1784591790900.0,1784591791717.8445,552.78,4.0,817.844,,1374.625
e-1338,1784591790393.2178,1784591790896,1784591790900.0,1784591791717.845,502.782,4.0,817.845,,1324.627
e-1339,1784591790443.2266,1784591790896,1784591790900.0,1784591791717.8455,452.773,4.0,817.845,,1274.619
e-1340,1784591790493.2288,1784591790896,1784591790900.0,1784591791717.8457,402.771,4.0,817.846,,1224.617
e-1341,1784591790543.229,1784591790896,1784591790900.0,1784591791717.8462,352.771,4.0,817.846,,1174.617
e-1342,1784591790593.2283,1784591790896,1784591790900.0,1784591791717.8464,302.772,4.0,817.846,,1124.618
e-1343,1784591790643.225,1784591790896,1784591790900.0,1784591791717.847,252.775,4.0,817.847,,1074.622
e-1344,1784591790693.2256,1784591790896,1784591790900.0,1784591791717.8474,202.774,4.0,817.847,,1024.622
e-1345,1784591790743.2288,1784591790896,1784591790900.0,1784591791717.8477,152.771,4.0,817.848,,974.619
e-1346,1784591790793.2268,1784591790896,1784591790900.0,1784591791717.8481,102.773,4.0,817.848,,924.621
e-1347,1784591790843.23,1784591790896,1784591790900.0,1784591791717.8484,52.77,4.0,817.848,,874.618
e-1348,1784591790893.2295,1784591790896,1784591790900.0,1784591791717.8489,2.771,4.0,817.849,,824.619
e-1349,1784591790943.2268,1784591791946,1784591791949.0,1784591792769.0164,1002.773,3.0,820.016,,1825.79
e-1350,1784591790993.2334,1784591791946,1784591791949.0,1784591792769.0188,952.767,3.0,820.019,,1775.785
e-1351,1784591791043.2256,1784591791946,1784591791949.0,1784591792769.0198,902.774,3.0,820.02,,1725.794
e-1352,1784591791093.2268,1784591791946,1784591791949.0,1784591792769.0203,852.773,3.0,820.02,,1675.793
e-1353,1784591791143.2312,1784591791946,1784591791950.0,1784591792769.036,802.769,4.0,819.036,,1625.805
e-1354,1784591791193.3884,1784591791946,1784591791950.0,1784591792769.0366,752.612,4.0,819.037,,1575.648
e-1355,1784591791243.2256,1784591791946,1784591791950.0,1784591792769.0374,702.774,4.0,819.037,,1525.812
e-1356,1784591791293.224,1784591791946,1784591791950.0,1784591792769.038,652.776,4.0,819.038,,1475.814
e-1357,1784591791343.2305,1784591791946,1784591791950.0,1784591792769.0388,602.77,4.0,819.039,,1425.808
e-1358,1784591791393.2188,1784591791946,1784591791950.0,1784591792769.0393,552.781,4.0,819.039,,1375.821
e-1359,1784591791443.2224,1784591791946,1784591791950.0,1784591792769.04,502.778,4.0,819.04,,1325.818
e-1360,1784591791493.225,1784591791946,1784591791950.0,1784591792769.046,452.775,4.0,819.046,,1275.821
e-1361,1784591791543.2307,1784591791946,1784591791950.0,1784591792769.0464,402.769,4.0,819.046,,1225.816
e-1362,1784591791593.2244,1784591791946,1784591791950.0,1784591792769.097,352.776,4.0,819.097,,1175.873
e-1363,1784591791643.225,1784591791946,1784591791950.0,1784591792769.0974,302.775,4.0,819.097,,1125.872
e-1364,1784591791693.246,1784591791946,1784591791950.0,1784591792769.098,252.754,4.0,819.098,,1075.852
e-1365,1784591791743.2273,1784591791946,1784591791950.0,1784591792769.0984,202.773,4.0,819.098,,1025.871
e-1366,1784591791793.2263,1784591791946,1784591791950.0,1784591792769.0986,152.774,4.0,819.099,,975.872
e-1367,1784591791843.2263,1784591791946,1784591791950.0,1784591792769.099,102.774,4.0,819.099,,925.873
e-1368,1784591791893.2273,1784591791946,1784591791950.0,1784591792769.0996,52.773,4.0,819.1,,875.872
e-1369,1784591791943.226,1784591791946,1784591791950.0,1784591792769.1,2.774,4.0,819.1,,825.874
e-1370,1784591791993.2266,1784591792996,1784591792999.0,1784591793817.0554,1002.773,3.0,818.055,,1823.829
e-1371,1784591792043.226,1784591792996,1784591792999.0,1784591793817.0576,952.774,3.0,818.058,,1773.832
e-1372,1784591792093.2297,1784591792996,1784591792999.0,1784591793817.0583,902.77,3.0,818.058,,1723.829
e-1373,1784591792143.2334,1784591792996,1784591792999.0,1784591793817.0588,852.767,3.0,818.059,,1673.825
e-1374,1784591792193.2268,1784591792996,1784591792999.0,1784591793817.0713,802.773,3.0,818.071,,1623.844
e-1375,1784591792243.2275,1784591792996,1784591792999.0,1784591793817.0718,752.772,3.0,818.072,,1573.844
e-1376,1784591792293.2263,1784591792996,1784591792999.0,1784591793817.0723,702.774,3.0,818.072,,1523.846
e-1377,1784591792343.231,1784591792996,1784591793000.0,1784591793817.0728,652.769,4.0,817.073,,1473.842
e-1378,1784591792393.2231,1784591792996,1784591793000.0,1784591793817.073,602.777,4.0,817.073,,1423.85
e-1379,1784591792443.2263,1784591792996,1784591793000.0,1784591793817.0735,552.774,4.0,817.073,,1373.847
e-1380,1784591792493.2273,1784591792996,1784591793000.0,1784591793817.074,502.773,4.0,817.074,,1323.847
e-1381,1784591792543.2249,1784591792996,1784591793000.0,1784591793817.0745,452.775,4.0,817.074,,1273.85
e-1382,1784591792593.2268,1784591792996,1784591793000.0,1784591793817.0747,402.773,4.0,817.075,,1223.848
e-1383,1784591792643.2317,1784591792996,1784591793000.0,1784591793817.0752,352.768,4.0,817.075,,1173.844
e-1384,1784591792693.2266,1784591792996,1784591793000.0,1784591793817.076,302.773,4.0,817.076,,1123.849
e-1385,1784591792743.2283,1784591792996,1784591793000.0,1784591793817.0762,252.772,4.0,817.076,,1073.848
e-1386,1784591792793.2283,1784591792996,1784591793000.0,1784591793817.0767,202.772,4.0,817.077,,1023.848
e-1387,1784591792843.2227,1784591792996,1784591793000.0,1784591793817.0771,152.777,4.0,817.077,,973.854
e-1388,1784591792893.2097,1784591792996,1784591793000.0,1784591793817.0776,102.79,4.0,817.078,,923.868
e-1389,1784591792943.229,1784591792996,1784591793000.0,1784591793817.0781,52.771,4.0,817.078,,873.849
e-1390,1784591792993.228,1784591792996,1784591793000.0,1784591793817.0784,2.772,4.0,817.078,,823.85
e-1391,1784591793043.2288,1784591794045,1784591794049.0,1784591794867.9163,1001.771,4.0,818.916,,1824.688
e-1392,1784591793093.228,1784591794045,1784591794049.0,1784591794867.9192,951.772,4.0,818.919,,1774.691
e-1393,1784591793143.2278,1784591794045,1784591794049.0,1784591794867.92,901.772,4.0,818.92,,1724.692
e-1394,1784591793193.2297,1784591794045,1784591794049.0,1784591794867.9207,851.77,4.0,818.921,,1674.691
e-1395,1784591793243.2314,1784591794045,1784591794049.0,1784591794867.9353,801.769,4.0,818.935,,1624.704
e-1396,1784591793293.2244,1784591794045,1784591794049.0,1784591794867.9358,751.776,4.0,818.936,,1574.711
e-1397,1784591793343.2268,1784591794045,1784591794049.0,1784591794867.9363,701.773,4.0,818.936,,1524.709
e-1398,1784591793393.2205,1784591794045,1784591794049.0,1784591794867.9365,651.78,4.0,818.937,,1474.716
e-1399,1784591793443.2246,1784591794045,1784591794049.0,1784591794867.937,601.775,4.0,818.937,,1424.712
e-1400,1784591793493.2283,1784591794045,1784591794049.0,1784591794867.9375,551.772,4.0,818.938,,1374.709
e-1401,1784591793543.225,1784591794045,1784591794049.0,1784591794867.938,501.775,4.0,818.938,,1324.713
e-1402,1784591793593.231,1784591794045,1784591794049.0,1784591794867.942,451.769,4.0,818.942,,1274.711
e-1403,1784591793643.2263,1784591794045,1784591794049.0,1784591794867.9424,401.774,4.0,818.942,,1224.716
e-1404,1784591793693.2285,1784591794045,1784591794050.0,1784591794867.9429,351.771,5.0,817.943,,1174.714
e-1405,1784591793743.2297,1784591794045,1784591794050.0,1784591794867.944,301.77,5.0,817.944,,1124.714
e-1406,1784591793793.231,1784591794045,1784591794050.0,1784591794867.9446,251.769,5.0,817.945,,1074.714
e-1407,1784591793843.2317,1784591794045,1784591794050.0,1784591794867.9448,201.768,5.0,817.945,,1024.713
e-1408,1784591793893.2288,1784591794045,1784591794050.0,1784591794867.9453,151.771,5.0,817.945,,974.717
e-1409,1784591793943.2324,1784591794045,1784591794050.0,1784591794867.9458,101.768,5.0,817.946,,924.713
e-1410,1784591793993.2312,1784591794045,1784591794050.0,1784591794867.946,51.769,5.0,817.946,,874.715
e-1411,1784591794043.2285,1784591794045,1784591794050.0,1784591794867.9465,1.771,5.0,817.947,,824.718
e-1412,1784591794093.227,1784591795095,1784591795099.0,1784591795919.6208,1001.773,4.0,820.621,,1826.394
e-1413,1784591794143.223,1784591795095,1784591795099.0,1784591795919.6228,951.777,4.0,820.623,,1776.4
e-1414,1784591794193.2263,1784591795095,1784591795099.0,1784591795919.6238,901.774,4.0,820.624,,1726.397
e-1415,1784591794243.2239,1784591795095,1784591795099.0,1784591795919.624,851.776,4.0,820.624,,1676.4
e-1416,1784591794293.2236,1784591795095,1784591795099.0,1784591795919.6357,801.776,4.0,820.636,,1626.412
e-1417,1784591794343.2305,1784591795095,1784591795099.0,1784591795919.6401,751.77,4.0,820.64,,1576.41
e-1418,1784591794393.2297,1784591795095,1784591795099.0,1784591795919.6409,701.77,4.0,820.641,,1526.411
e-1419,1784591794443.224,1784591795095,1784591795099.0,1784591795919.6414,651.776,4.0,820.641,,1476.417
e-1420,1784591794493.2358,1784591795095,1784591795099.0,1784591795919.6418,601.764,4.0,820.642,,1426.406
e-1421,1784591794543.2256,1784591795095,1784591795099.0,1784591795919.6423,551.774,4.0,820.642,,1376.417
e-1422,1784591794593.2295,1784591795095,1784591795099.0,1784591795919.6426,501.771,4.0,820.643,,1326.413
e-1423,1784591794643.2383,1784591795095,1784591795099.0,1784591795919.643,451.762,4.0,820.643,,1276.405
e-1424,1784591794693.2307,1784591795095,1784591795099.0,1784591795919.6436,401.769,4.0,820.644,,1226.413
e-1425,1784591794743.226,1784591795095,1784591795099.0,1784591795919.644,351.774,4.0,820.644,,1176.418
e-1426,1784591794793.227,1784591795095,1784591795099.0,1784591795919.6443,301.773,4.0,820.644,,1126.417
e-1427,1784591794843.2268,1784591795095,1784591795099.0,1784591795919.6448,251.773,4.0,820.645,,1076.418
e-1428,1784591794893.2263,1784591795095,1784591795099.0,1784591795919.6453,201.774,4.0,820.645,,1026.419
e-1429,1784591794943.2314,1784591795095,1784591795099.0,1784591795919.6455,151.769,4.0,820.646,,976.414
e-1430,1784591794993.2263,1784591795095,1784591795099.0,1784591795919.646,101.774,4.0,820.646,,926.42
e-1431,1784591795043.226,1784591795095,1784591795099.0,1784591795919.6465,51.774,4.0,820.646,,876.42
e-1432,1784591795093.2263,1784591795095,1784591795099.0,1784591795919.647,1.774,4.0,820.647,,826.421
e-1433,1784591795143.2256,1784591796145,1784591796149.0,1784591796966.594,1001.774,4.0,817.594,,1823.368
e-1434,1784591795193.2263,1784591796145,1784591796149.0,1784591796966.5964,951.774,4.0,817.596,,1773.37
e-1435,1784591795243.23,1784591796145,1784591796149.0,1784591796966.5974,901.77,4.0,817.597,,1723.367
e-1436,1784591795293.226,1784591796145,1784591796149.0,1784591796966.5981,851.774,4.0,817.598,,1673.372
e-1437,1784591795343.2231,1784591796145,1784591796149.0,1784591796966.5984,801.777,4.0,817.598,,1623.375
e-1438,1784591795393.2112,1784591796145,1784591796149.0,1784591796966.6099,751.789,4.0,817.61,,1573.399
e-1439,1784591795443.2305,1784591796145,1784591796149.0,1784591796966.61,701.77,4.0,817.61,,1523.38
e-1440,1784591795493.2166,1784591796145,1784591796149.0,1784591796966.6106,651.783,4.0,817.611,,1473.394
e-1441,1784591795543.23,1784591796145,1784591796149.0,1784591796966.611,601.77,4.0,817.611,,1423.381
e-1442,1784591795593.2268,1784591796145,1784591796149.0,1784591796966.6113,551.773,4.0,817.611,,1373.385
e-1443,1784591795643.2263,1784591796145,1784591796149.0,1784591796966.6118,501.774,4.0,817.612,,1323.385
e-1444,1784591795693.2124,1784591796145,1784591796149.0,1784591796966.612,451.788,4.0,817.612,,1273.4
e-1445,1784591795743.227,1784591796145,1784591796149.0,1784591796966.616,401.773,4.0,817.616,,1223.389
e-1446,1784591795793.2122,1784591796145,1784591796149.0,1784591796966.6165,351.788,4.0,817.616,,1173.404
e-1447,1784591795843.2305,1784591796145,1784591796150.0,1784591796966.6167,301.77,5.0,816.617,,1123.386
e-1448,1784591795893.2393,1784591796145,1784591796150.0,1784591796966.6172,251.761,5.0,816.617,,1073.378
e-1449,1784591795943.2363,1784591796145,1784591796150.0,1784591796966.6177,201.764,5.0,816.618,,1023.381
e-1450,1784591795993.2341,1784591796145,1784591796150.0,1784591796966.618,151.766,5.0,816.618,,973.384
e-1451,1784591796043.2415,1784591796145,1784591796150.0,1784591796966.6184,101.759,5.0,816.618,,923.377
e-1452,1784591796093.2454,1784591796145,1784591796150.0,1784591796966.619,51.755,5.0,816.619,,873.374
e-1453,1784591796143.2468,1784591796145,1784591796150.0,1784591796966.6191,1.753,5.0,816.619,,823.372
e-1454,1784591796193.2417,1784591797195,1784591797198.0,1784591798017.691,1001.758,3.0,819.691,,1824.449
e-1455,1784591796243.2412,1784591797195,1784591797199.0,1784591798017.6936,951.759,4.0,818.694,,1774.452
e-1456,1784591796293.2473,1784591797195,1784591797199.0,1784591798017.694,901.753,4.0,818.694,,1724.447
e-1457,1784591796343.2258,1784591797195,1784591797199.0,1784591798017.6943,851.774,4.0,818.694,,1674.469
e-1458,1784591796393.2131,1784591797195,1784591797199.0,1784591798017.6948,801.787,4.0,818.695,,1624.482
e-1459,1784591796443.243,1784591797195,1784591797199.0,1784591798017.7036,751.757,4.0,818.704,,1574.461
e-1460,1784591796493.2302,1784591797195,1784591797199.0,1784591798017.7046,701.77,4.0,818.705,,1524.474
e-1461,1784591796543.2375,1784591797195,1784591797199.0,1784591798017.705,651.762,4.0,818.705,,1474.468
e-1462,1784591796593.243,1784591797195,1784591797199.0,1784591798017.7056,601.757,4.0,818.706,,1424.463
e-1463,1784591796643.2244,1784591797195,1784591797199.0,1784591798017.706,551.776,4.0,818.706,,1374.482
e-1464,1784591796693.2236,1784591797195,1784591797199.0,1784591798017.7063,501.776,4.0,818.706,,1324.483
e-1465,1784591796743.2295,1784591797195,1784591797199.0,1784591798017.7068,451.771,4.0,818.707,,1274.477
e-1466,1784591796793.2273,1784591797195,1784591797199.0,1784591798017.707,401.773,4.0,818.707,,1224.48
e-1467,1784591796843.2234,1784591797195,1784591797199.0,1784591798017.7075,351.777,4.0,818.708,,1174.484
e-1468,1784591796893.2244,1784591797195,1784591797199.0,1784591798017.7078,301.776,4.0,818.708,,1124.483
e-1469,1784591796943.2258,1784591797195,1784591797199.0,1784591798017.7083,251.774,4.0,818.708,,1074.482
e-1470,1784591796993.2246,1784591797195,1784591797199.0,1784591798017.7087,201.775,4.0,818.709,,1024.484
e-1471,1784591797043.2239,1784591797195,1784591797199.0,1784591798017.709,151.776,4.0,818.709,,974.485
e-1472,1784591797093.2268,1784591797195,1784591797199.0,1784591798017.7092,101.773,4.0,818.709,,924.482
e-1473,1784591797143.2266,1784591797195,1784591797199.0,1784591798017.7097,51.773,4.0,818.71,,874.483
e-1474,1784591797193.222,1784591797195,1784591797199.0,1784591798017.71,1.778,4.0,818.71,,824.488
e-1475,1784591797243.2268,1784591798245,1784591798249.0,1784591799066.4736,1001.773,4.0,817.474,,1823.247
e-1476,1784591797293.223,1784591798245,1784591798249.0,1784591799066.4763,951.777,4.0,817.476,,1773.253
e-1477,1784591797343.2253,1784591798245,1784591798249.0,1784591799066.477,901.775,4.0,817.477,,1723.252
e-1478,1784591797393.2246,1784591798245,1784591798249.0,1784591799066.4775,851.775,4.0,817.478,,1673.253
e-1479,1784591797443.2263,1784591798245,1784591798249.0,1784591799066.478,801.774,4.0,817.478,,1623.252
e-1480,1784591797493.224,1784591798245,1784591798249.0,1784591799066.4893,751.776,4.0,817.489,,1573.265
e-1481,1784591797543.2249,1784591798245,1784591798249.0,1784591799066.4897,701.775,4.0,817.49,,1523.265
e-1482,1784591797593.2249,1784591798245,1784591798249.0,1784591799066.4934,651.775,4.0,817.493,,1473.269
e-1483,1784591797643.224,1784591798245,1784591798249.0,1784591799066.494,601.776,4.0,817.494,,1423.27
e-1484,1784591797693.2249,1784591798245,1784591798249.0,1784591799066.4944,551.775,4.0,817.494,,1373.27
e-1485,1784591797743.2268,1784591798245,1784591798249.0,1784591799066.4949,501.773,4.0,817.495,,1323.268
e-1486,1784591797793.2236,1784591798245,1784591798249.0,1784591799066.4954,451.776,4.0,817.495,,1273.272
e-1487,1784591797843.227,1784591798245,1784591798249.0,1784591799066.512,401.773,4.0,817.512,,1223.285
e-1488,1784591797893.2246,1784591798245,1784591798249.0,1784591799066.5159,351.775,4.0,817.516,,1173.291
e-1489,1784591797943.2334,1784591798245,1784591798249.0,1784591799066.5164,301.767,4.0,817.516,,1123.283
e-1490,1784591797993.225,1784591798245,1784591798249.0,1784591799066.5168,251.775,4.0,817.517,,1073.292
e-1491,1784591798043.2231,1784591798245,1784591798249.0,1784591799066.5173,201.777,4.0,817.517,,1023.294
e-1492,1784591798093.23,1784591798245,1784591798249.0,1784591799066.5176,151.77,4.0,817.518,,973.288
e-1493,1784591798143.2295,1784591798245,1784591798249.0,1784591799066.518,101.771,4.0,817.518,,923.289
e-1494,1784591798193.2205,1784591798245,1784591798249.0,1784591799066.5186,51.78,4.0,817.519,,873.298
e-1495,1784591798243.2256,1784591798245,1784591798249.0,1784591799066.519,1.774,4.0,817.519,,823.293
e-1496,1784591798293.2266,1784591799295,1784591799299.0,1784591800119.361,1001.773,4.0,820.361,,1826.135
e-1497,1784591798343.2278,1784591799295,1784591799299.0,1784591800119.3638,951.772,4.0,820.364,,1776.136
e-1498,1784591798393.2205,1784591799295,1784591799299.0,1784591800119.3647,901.78,4.0,820.365,,1726.144
e-1499,1784591798443.228,1784591799295,1784591799300.0,1784591800119.3652,851.772,5.0,819.365,,1676.137
e-1500,1784591798493.2166,1784591799295,1784591799300.0,1784591800119.366,801.783,5.0,819.366,,1626.149
e-1501,1784591798543.2402,1784591799295,1784591799300.0,1784591800119.3667,751.76,5.0,819.367,,1576.126
e-1502,1784591798593.2227,1784591799295,1784591799300.0,1784591800119.3823,701.777,5.0,819.382,,1526.16
e-1503,1784591798643.225,1784591799295,1784591799300.0,1784591800119.383,651.775,5.0,819.383,,1476.158
e-1504,1784591798693.2163,1784591799295,1784591799300.0,1784591800119.3838,601.784,5.0,819.384,,1426.167
e-1505,1784591798743.1765,1784591799295,1784591799300.0,1784591800119.3843,551.823,5.0,819.384,,1376.208
e-1506,1784591798793.2253,1784591799295,1784591799300.0,1784591800119.3848,501.775,5.0,819.385,,1326.159
e-1507,1784591798843.2258,1784591799295,1784591799300.0,1784591800119.3853,451.774,5.0,819.385,,1276.159
e-1508,1784591798893.2283,1784591799295,1784591799300.0,1784591800119.3857,401.772,5.0,819.386,,1226.157
e-1509,1784591798943.2236,1784591799295,1784591799300.0,1784591800119.3862,351.776,5.0,819.386,,1176.163
e-1510,1784591798993.231,1784591799295,1784591799300.0,1784591800119.3867,301.769,5.0,819.387,,1126.156
e-1511,1784591799043.22,1784591799295,1784591799300.0,1784591800119.3872,251.78,5.0,819.387,,1076.167
e-1512,1784591799093.218,1784591799295,1784591799300.0,1784591800119.3877,201.782,5.0,819.388,,1026.17
e-1513,1784591799143.2244,1784591799295,1784591799300.0,1784591800119.3882,151.776,5.0,819.388,,976.164
e-1514,1784591799193.2246,1784591799295,1784591799300.0,1784591800119.3887,101.775,5.0,819.389,,926.164
e-1515,1784591799243.2297,1784591799295,1784591799300.0,1784591800119.3894,51.77,5.0,819.389,,876.16
e-1516,1784591799293.226,1784591799295,1784591799300.0,1784591800119.39,1.774,5.0,819.39,,826.164
e-1517,1784591799343.2263,1784591800345,1784591800349.0,1784591801165.1924,1001.774,4.0,816.192,,1821.966
e-1518,1784591799393.2302,1784591800345,1784591800349.0,1784591801165.1946,951.77,4.0,816.195,,1771.964
e-1519,1784591799443.2268,1784591800345,1784591800349.0,1784591801165.1956,901.773,4.0,816.196,,1721.969
e-1520,1784591799493.2266,1784591800345,1784591800349.0,1784591801165.1963,851.773,4.0,816.196,,1671.97
e-1521,1784591799543.229,1784591800345,1784591800349.0,1784591801165.1968,801.771,4.0,816.197,,1621.968
e-1522,1784591799593.229,1784591800345,1784591800349.0,1784591801165.1973,751.771,4.0,816.197,,1571.968
e-1523,1784591799643.225,1784591800345,1784591800349.0,1784591801165.2146,701.775,4.0,816.215,,1521.99
e-1524,1784591799693.2273,1784591800345,1784591800349.0,1784591801165.215,651.773,4.0,816.215,,1471.988
e-1525,1784591799743.224,1784591800345,1784591800349.0,1784591801165.2156,601.776,4.0,816.216,,1421.991
e-1526,1784591799793.2205,1784591800345,1784591800349.0,1784591801165.2158,551.78,4.0,816.216,,1371.995
e-1527,1784591799843.2249,1784591800345,1784591800349.0,1784591801165.2163,501.775,4.0,816.216,,1321.991
e-1528,1784591799893.2217,1784591800345,1784591800349.0,1784591801165.2168,451.778,4.0,816.217,,1271.995
e-1529,1784591799943.2263,1784591800345,1784591800349.0,1784591801165.2173,401.774,4.0,816.217,,1221.991
e-1530,1784591799993.2227,1784591800345,1784591800349.0,1784591801165.2178,351.777,4.0,816.218,,1171.995
e-1531,1784591800043.2188,1784591800345,1784591800349.0,1784591801165.2183,301.781,4.0,816.218,,1122.0
e-1532,1784591800093.2258,1784591800345,1784591800349.0,1784591801165.223,251.774,4.0,816.223,,1071.997
e-1533,1784591800143.2258,1784591800345,1784591800349.0,1784591801165.2234,201.774,4.0,816.223,,1021.998
e-1534,1784591800193.2153,1784591800345,1784591800349.0,1784591801165.2239,151.785,4.0,816.224,,972.009
e-1535,1784591800243.2407,1784591800345,1784591800349.0,1784591801165.224,101.759,4.0,816.224,,921.983
e-1536,1784591800293.2314,1784591800345,1784591800349.0,1784591801165.2246,51.769,4.0,816.225,,871.993
e-1537,1784591800343.2444,1784591800345,1784591800349.0,1784591801165.225,1.756,4.0,816.225,,821.981
e-1538,1784591800393.2258,1784591801395,1784591801398.0,1784591802216.2957,1001.774,3.0,818.296,,1823.07
e-1539,1784591800443.227,1784591801395,1784591801398.0,1784591802216.298,951.773,3.0,818.298,,1773.071
e-1540,1784591800493.2317,1784591801395,1784591801398.0,1784591802216.2988,901.768,3.0,818.299,,1723.067
e-1541,1784591800543.2263,1784591801395,1784591801398.0,1784591802216.299,851.774,3.0,818.299,,1673.073
e-1542,1784591800593.2346,1784591801395,1784591801398.0,1784591802216.2996,801.765,3.0,818.3,,1623.065
e-1543,1784591800643.2275,1784591801395,1784591801399.0,1784591802216.3,751.772,4.0,817.3,,1573.073
e-1544,1784591800693.2334,1784591801395,1784591801399.0,1784591802216.3118,701.767,4.0,817.312,,1523.078
e-1545,1784591800743.2283,1784591801395,1784591801399.0,1784591802216.3123,651.772,4.0,817.312,,1473.084
e-1546,1784591800793.2266,1784591801395,1784591801399.0,1784591802216.3127,601.773,4.0,817.313,,1423.086
e-1547,1784591800843.2239,1784591801395,1784591801399.0,1784591802216.3132,551.776,4.0,817.313,,1373.089
e-1548,1784591800893.2256,1784591801395,1784591801399.0,1784591802216.3171,501.774,4.0,817.317,,1323.092
e-1549,1784591800943.2275,1784591801395,1784591801399.0,1784591802216.3176,451.772,4.0,817.318,,1273.09
e-1550,1784591800993.2297,1784591801395,1784591801399.0,1784591802216.318,401.77,4.0,817.318,,1223.088
e-1551,1784591801043.22,1784591801395,1784591801399.0,1784591802216.3184,351.78,4.0,817.318,,1173.098
e-1552,1784591801093.2317,1784591801395,1784591801399.0,1784591802216.3188,301.768,4.0,817.319,,1123.087
e-1553,1784591801143.2266,1784591801395,1784591801399.0,1784591802216.3193,251.773,4.0,817.319,,1073.093
e-1554,1784591801193.2346,1784591801395,1784591801399.0,1784591802216.3198,201.765,4.0,817.32,,1023.085
e-1555,1784591801243.226,1784591801395,1784591801399.0,1784591802216.3203,151.774,4.0,817.32,,973.094
e-1556,1784591801293.228,1784591801395,1784591801399.0,1784591802216.3208,101.772,4.0,817.321,,923.093
e-1557,1784591801343.2258,1784591801395,1784591801399.0,1784591802216.3213,51.774,4.0,817.321,,873.095
e-1558,1784591801393.2263,1784591801395,1784591801399.0,1784591802216.3218,1.774,4.0,817.322,,823.095
e-1559,1784591801443.2258,1784591802445,1784591802449.0,1784591803266.4783,1001.774,4.0,817.478,,1823.252
e-1560,1784591801493.2148,1784591802445,1784591802449.0,1784591803266.4802,951.785,4.0,817.48,,1773.265
e-1561,1784591801543.2246,1784591802445,1784591802449.0,1784591803266.4812,901.775,4.0,817.481,,1723.257
e-1562,1784591801593.2278,1784591802445,1784591802449.0,1784591803266.4868,851.772,4.0,817.487,,1673.259
e-1563,1784591801643.2239,1784591802445,1784591802449.0,1784591803266.4873,801.776,4.0,817.487,,1623.263
e-1564,1784591801693.2244,1784591802445,1784591802449.0,1784591803266.4878,751.776,4.0,817.488,,1573.263
e-1565,1784591801743.2256,1784591802445,1784591802449.0,1784591803266.517,701.774,4.0,817.517,,1523.292
e-1566,1784591801793.22,1784591802445,1784591802449.0,1784591803266.5176,651.78,4.0,817.518,,1473.298
e-1567,1784591801843.2236,1784591802445,1784591802449.0,1784591803266.518,601.776,4.0,817.518,,1423.294
e-1568,1784591801893.2197,1784591802445,1784591802449.0,1784591803266.5186,551.78,4.0,817.519,,1373.299
e-1569,1784591801943.226,1784591802445,1784591802449.0,1784591803266.519,501.774,4.0,817.519,,1323.293
e-1570,1784591801993.2222,1784591802445,1784591802449.0,1784591803266.5195,451.778,4.0,817.52,,1273.297
e-1571,1784591802043.2178,1784591802445,1784591802449.0,1784591803266.52,401.782,4.0,817.52,,1223.302
e-1572,1784591802093.2278,1784591802445,1784591802449.0,1784591803266.5205,351.772,4.0,817.521,,1173.293
e-1573,1784591802143.224,1784591802445,1784591802449.0,1784591803266.521,301.776,4.0,817.521,,1123.297
e-1574,1784591802193.231,1784591802445,1784591802449.0,1784591803266.5251,251.769,4.0,817.525,,1073.294
e-1575,1784591802243.227,1784591802445,1784591802449.0,1784591803266.5254,201.773,4.0,817.525,,1023.298
e-1576,1784591802293.2231,1784591802445,1784591802450.0,1784591803266.526,151.777,5.0,816.526,,973.303
e-1577,1784591802343.223,1784591802445,1784591802450.0,1784591803266.5264,101.777,5.0,816.526,,923.303
e-1578,1784591802393.2266,1784591802445,1784591802450.0,1784591803266.5269,51.773,5.0,816.527,,873.3
e-1579,1784591802443.2349,1784591802445,1784591802450.0,1784591803266.527,1.765,5.0,816.527,,823.292
e-1580,1784591802493.2307,1784591803495,1784591803499.0,1784591804319.6646,1001.769,4.0,820.665,,1826.434
e-1581,1784591802543.2292,1784591803495,1784591803499.0,1784591804319.6667,951.771,4.0,820.667,,1776.438
e-1582,1784591802593.228,1784591803495,1784591803499.0,1784591804319.6677,901.772,4.0,820.668,,1726.44
e-1583,1784591802643.2263,1784591803495,1784591803499.0,1784591804319.668,851.774,4.0,820.668,,1676.442
e-1584,1784591802693.2473,1784591803495,1784591803499.0,1784591804319.6685,801.753,4.0,820.668,,1626.421
e-1585,1784591802743.246,1784591803495,1784591803499.0,1784591804319.6697,751.754,4.0,820.67,,1576.424
e-1586,1784591802793.2434,1784591803495,1784591803500.0,1784591804319.6704,701.757,5.0,819.67,,1526.427
e-1587,1784591802843.2468,1784591803495,1784591803500.0,1784591804319.6821,651.753,5.0,819.682,,1476.435
e-1588,1784591802893.2434,1784591803495,1784591803500.0,1784591804319.6829,601.757,5.0,819.683,,1426.439
e-1589,1784591802943.2236,1784591803495,1784591803500.0,1784591804319.6833,551.776,5.0,819.683,,1376.46
e-1590,1784591802993.2246,1784591803495,1784591803500.0,1784591804319.6838,501.775,5.0,819.684,,1326.459
e-1591,1784591803043.2222,1784591803495,1784591803500.0,1784591804319.6843,451.778,5.0,819.684,,1276.462
e-1592,1784591803093.23,1784591803495,1784591803500.0,1784591804319.6848,401.77,5.0,819.685,,1226.455
e-1593,1784591803143.2278,1784591803495,1784591803500.0,1784591804319.6853,351.772,5.0,819.685,,1176.458
e-1594,1784591803193.2417,1784591803495,1784591803500.0,1784591804319.6855,301.758,5.0,819.686,,1126.444
e-1595,1784591803243.2283,1784591803495,1784591803500.0,1784591804319.686,251.772,5.0,819.686,,1076.458
e-1596,1784591803293.218,1784591803495,1784591803500.0,1784591804319.6865,201.782,5.0,819.687,,1026.469
e-1597,1784591803343.226,1784591803495,1784591803500.0,1784591804319.687,151.774,5.0,819.687,,976.461
e-1598,1784591803393.2131,1784591803495,1784591803500.0,1784591804319.6873,101.787,5.0,819.687,,926.474
e-1599,1784591803443.221,1784591803495,1784591803500.0,1784591804319.6877,51.779,5.0,819.688,,876.467
e-1600,1784591803493.2231,1784591803495,1784591803500.0,1784591804319.6882,1.777,5.0,819.688,,826.465
e-1601,1784591803543.2231,1784591804545,1784591804549.0,1784591805364.767,1001.777,4.0,815.767,,1821.544
e-1602,1784591803593.2288,1784591804545,1784591804549.0,1784591805364.7695,951.771,4.0,815.77,,1771.541
e-1603,1784591803643.2278,1784591804545,1784591804549.0,1784591805364.7705,901.772,4.0,815.771,,1721.543
e-1604,1784591803693.221,1784591804545,1784591804549.0,1784591805364.771,851.779,4.0,815.771,,1671.55
e-1605,1784591803743.2444,1784591804545,1784591804549.0,1784591805364.7717,801.756,4.0,815.772,,1621.527
e-1606,1784591803793.2463,1784591804545,1784591804549.0,1784591805364.7722,751.754,4.0,815.772,,1571.526
e-1607,1784591803843.2278,1784591804545,1784591804549.0,1784591805364.7727,701.772,4.0,815.773,,1521.545
e-1608,1784591803893.2244,1784591804545,1784591804549.0,1784591805364.7837,651.776,4.0,815.784,,1471.559
e-1609,1784591803943.227,1784591804545,1784591804549.0,1784591805364.7842,601.773,4.0,815.784,,1421.557
e-1610,1784591803993.2297,1784591804545,1784591804549.0,1784591805364.7844,551.77,4.0,815.784,,1371.555
e-1611,1784591804043.2234,1784591804545,1784591804549.0,1784591805364.785,501.777,4.0,815.785,,1321.562
e-1612,1784591804093.2266,1784591804545,1784591804549.0,1784591805364.7854,451.773,4.0,815.785,,1271.559
e-1613,1784591804143.229,1784591804545,1784591804549.0,1784591805364.786,401.771,4.0,815.786,,1221.557
e-1614,1784591804193.2263,1784591804545,1784591804549.0,1784591805364.7896,351.774,4.0,815.79,,1171.563
e-1615,1784591804243.2283,1784591804545,1784591804549.0,1784591805364.79,301.772,4.0,815.79,,1121.562
e-1616,1784591804293.2268,1784591804545,1784591804549.0,1784591805364.7905,251.773,4.0,815.791,,1071.564
e-1617,1784591804343.2285,1784591804545,1784591804549.0,1784591805364.7944,201.771,4.0,815.794,,1021.566
e-1618,1784591804393.23,1784591804545,1784591804549.0,1784591805364.7947,151.77,4.0,815.795,,971.565
e-1619,1784591804443.2292,1784591804545,1784591804549.0,1784591805364.7952,101.771,4.0,815.795,,921.566
e-1620,1784591804493.2275,1784591804545,1784591804550.0,1784591805364.7957,51.772,5.0,814.796,,871.568
e-1621,1784591804543.2275,1784591804545,1784591804550.0,1784591805364.7961,1.772,5.0,814.796,,821.569
e-1622,1784591804593.2258,1784591805595,1784591805599.0,1784591806415.4517,1001.774,4.0,816.452,,1822.226
e-1623,1784591804643.2324,1784591805595,1784591805599.0,1784591806415.454,951.768,4.0,816.454,,1772.222
e-1624,1784591804693.2324,1784591805595,1784591805599.0,1784591806415.4548,901.768,4.0,816.455,,1722.222
e-1625,1784591804743.2314,1784591805595,1784591805599.0,1784591806415.4553,851.769,4.0,816.455,,1672.224
e-1626,1784591804793.2275,1784591805595,1784591805599.0,1784591806415.4556,801.772,4.0,816.456,,1622.228
e-1627,1784591804843.2268,1784591805595,1784591805599.0,1784591806415.456,751.773,4.0,816.456,,1572.229
e-1628,1784591804893.2285,1784591805595,1784591805599.0,1784591806415.4565,701.771,4.0,816.457,,1522.228
e-1629,1784591804943.2288,1784591805595,1784591805599.0,1784591806415.4688,651.771,4.0,816.469,,1472.24
e-1630,1784591804993.228,1784591805595,1784591805599.0,1784591806415.4692,601.772,4.0,816.469,,1422.241
e-1631,1784591805043.2239,1784591805595,1784591805599.0,1784591806415.4697,551.776,4.0,816.47,,1372.246
e-1632,1784591805093.2266,1784591805595,1784591805599.0,1784591806415.4702,501.773,4.0,816.47,,1322.244
e-1633,1784591805143.2266,1784591805595,1784591805599.0,1784591806415.4707,451.773,4.0,816.471,,1272.244
e-1634,1784591805193.232,1784591805595,1784591805599.0,1784591806415.471,401.768,4.0,816.471,,1222.239
e-1635,1784591805243.2249,1784591805595,1784591805599.0,1784591806415.4714,351.775,4.0,816.471,,1172.247
e-1636,1784591805293.2268,1784591805595,1784591805599.0,1784591806415.472,301.773,4.0,816.472,,1122.245
e-1637,1784591805343.2217,1784591805595,1784591805599.0,1784591806415.4724,251.778,4.0,816.472,,1072.251
e-1638,1784591805393.2222,1784591805595,1784591805599.0,1784591806415.4727,201.778,4.0,816.473,,1022.25
e-1639,1784591805443.2317,1784591805595,1784591805599.0,1784591806415.4731,151.768,4.0,816.473,,972.241
e-1640,1784591805493.2249,1784591805595,1784591805600.0,1784591806415.4736,101.775,5.0,815.474,,922.249
e-1641,1784591805543.2253,1784591805595,1784591805600.0,1784591806415.474,51.775,5.0,815.474,,872.249
e-1642,1784591805593.2275,1784591805595,1784591805600.0,1784591806415.4746,1.772,5.0,815.475,,822.247
e-1643,1784591805643.2283,1784591806645,1784591806649.0,1784591807467.5908,1001.772,4.0,818.591,,1824.363
e-1644,1784591805693.2278,1784591806645,1784591806649.0,1784591807467.5933,951.772,4.0,818.593,,1774.365
e-1645,1784591805743.229,1784591806645,1784591806649.0,1784591807467.594,901.771,4.0,818.594,,1724.365
e-1646,1784591805793.2285,1784591806645,1784591806649.0,1784591807467.5945,851.771,4.0,818.594,,1674.366
e-1647,1784591805843.226,1784591806645,1784591806649.0,1784591807467.595,801.774,4.0,818.595,,1624.369
e-1648,1784591805893.2266,1784591806645,1784591806649.0,1784591807467.5955,751.773,4.0,818.595,,1574.369
e-1649,1784591805943.2275,1784591806645,1784591806649.0,1784591807467.596,701.772,4.0,818.596,,1524.368
e-1650,1784591805993.227,1784591806645,1784591806649.0,1784591807467.6082,651.773,4.0,818.608,,1474.381
e-1651,1784591806043.2224,1784591806645,1784591806649.0,1784591807467.6086,601.778,4.0,818.609,,1424.386
e-1652,1784591806093.2273,1784591806645,1784591806649.0,1784591807467.609,551.773,4.0,818.609,,1374.382
e-1653,1784591806143.2285,1784591806645,1784591806649.0,1784591807467.6094,501.771,4.0,818.609,,1324.381
e-1654,1784591806193.2273,1784591806645,1784591806649.0,1784591807467.6099,451.773,4.0,818.61,,1274.383
e-1655,1784591806243.226,1784591806645,1784591806649.0,1784591807467.6104,401.774,4.0,818.61,,1224.384
e-1656,1784591806293.2244,1784591806645,1784591806650.0,1784591807467.6108,351.776,5.0,817.611,,1174.386
e-1657,1784591806343.2268,1784591806645,1784591806650.0,1784591807467.6113,301.773,5.0,817.611,,1124.385
e-1658,1784591806393.2295,1784591806645,1784591806650.0,1784591807467.6116,251.771,5.0,817.612,,1074.382
e-1659,1784591806443.229,1784591806645,1784591806650.0,1784591807467.612,201.771,5.0,817.612,,1024.383
e-1660,1784591806493.2268,1784591806645,1784591806650.0,1784591807467.616,151.773,5.0,817.616,,974.389
e-1661,1784591806543.2263,1784591806645,1784591806650.0,1784591807467.6165,101.774,5.0,817.616,,924.39
e-1662,1784591806593.2253,1784591806645,1784591806650.0,1784591807467.617,51.775,5.0,817.617,,874.392
e-1663,1784591806643.2285,1784591806645,1784591806650.0,1784591807467.6174,1.771,5.0,817.617,,824.389
e-1664,1784591806693.227,1784591807695,1784591807699.0,1784591808515.909,1001.773,4.0,816.909,,1822.682
e-1665,1784591806743.2285,1784591807695,1784591807699.0,1784591808515.9114,951.771,4.0,816.911,,1772.683
e-1666,1784591806793.2273,1784591807695,1784591807699.0,1784591808515.912,901.773,4.0,816.912,,1722.685
e-1667,1784591806843.2273,1784591807695,1784591807699.0,1784591808515.9126,851.773,4.0,816.913,,1672.685
e-1668,1784591806893.2285,1784591807695,1784591807699.0,1784591808515.913,801.771,4.0,816.913,,1622.685
e-1669,1784591806943.2278,1784591807695,1784591807699.0,1784591808515.9136,751.772,4.0,816.914,,1572.686
e-1670,1784591806993.228,1784591807695,1784591807699.0,1784591808515.9138,701.772,4.0,816.914,,1522.686
e-1671,1784591807043.2263,1784591807695,1784591807699.0,1784591808515.9143,651.774,4.0,816.914,,1472.688
e-1672,1784591807093.2253,1784591807695,1784591807699.0,1784591808515.926,601.775,4.0,816.926,,1422.701
e-1673,1784591807143.2266,1784591807695,1784591807699.0,1784591808515.9268,551.773,4.0,816.927,,1372.7
e-1674,1784591807193.2266,1784591807695,1784591807699.0,1784591808515.9272,501.773,4.0,816.927,,1322.701
e-1675,1784591807243.2278,1784591807695,1784591807699.0,1784591808515.9277,451.772,4.0,816.928,,1272.7
e-1676,1784591807293.226,1784591807695,1784591807699.0,1784591808515.928,401.774,4.0,816.928,,1222.702
e-1677,1784591807343.2256,1784591807695,1784591807699.0,1784591808515.9285,351.774,4.0,816.928,,1172.703
e-1678,1784591807393.2231,1784591807695,1784591807699.0,1784591808515.929,301.777,4.0,816.929,,1122.706
e-1679,1784591807443.224,1784591807695,1784591807699.0,1784591808515.9294,251.776,4.0,816.929,,1072.705
e-1680,1784591807493.2288,1784591807695,1784591807699.0,1784591808515.9333,201.771,4.0,816.933,,1022.705
e-1681,1784591807543.2344,1784591807695,1784591807699.0,1784591808515.9338,151.766,4.0,816.934,,972.699
e-1682,1784591807593.2332,1784591807695,1784591807699.0,1784591808515.9343,101.767,4.0,816.934,,922.701
e-1683,1784591807643.2273,1784591807695,1784591807699.0,1784591808515.9348,51.773,4.0,816.935,,872.708
e-1684,1784591807693.2253,1784591807695,1784591807699.0,1784591808515.9353,1.775,4.0,816.935,,822.71
e-1685,1784591807743.227,1784591808745,1784591808749.0,1784591809566.7634,1001.773,4.0,817.763,,1823.536
e-1686,1784591807793.2224,1784591808745,1784591808749.0,1784591809566.7656,951.778,4.0,817.766,,1773.543
e-1687,1784591807843.2253,1784591808745,1784591808749.0,1784591809566.7664,901.775,4.0,817.766,,1723.541
e-1688,1784591807893.228,1784591808745,1784591808749.0,1784591809566.7668,851.772,4.0,817.767,,1673.539
e-1689,1784591807943.2253,1784591808745,1784591808749.0,1784591809566.7673,801.775,4.0,817.767,,1623.542
e-1690,1784591807993.2305,1784591808745,1784591808749.0,1784591809566.7678,751.77,4.0,817.768,,1573.537
e-1691,1784591808043.2246,1784591808745,1784591808749.0,1784591809566.7683,701.775,4.0,817.768,,1523.544
e-1692,1784591808093.2263,1784591808745,1784591808749.0,1784591809566.7688,651.774,4.0,817.769,,1473.542
e-1693,1784591808143.2266,1784591808745,1784591808749.0,1784591809566.7812,601.773,4.0,817.781,,1423.555
e-1694,1784591808193.2273,1784591808745,1784591808749.0,1784591809566.7817,551.773,4.0,817.782,,1373.554
e-1695,1784591808243.226,1784591808745,1784591808749.0,1784591809566.7822,501.774,4.0,817.782,,1323.556
e-1696,1784591808293.2139,1784591808745,1784591808749.0,1784591809566.7827,451.786,4.0,817.783,,1273.569
e-1697,1784591808343.2278,1784591808745,1784591808749.0,1784591809566.783,401.772,4.0,817.783,,1223.555
e-1698,1784591808393.2378,1784591808745,1784591808749.0,1784591809566.7834,351.762,4.0,817.783,,1173.546
e-1699,1784591808443.228,1784591808745,1784591808749.0,1784591809566.784,301.772,4.0,817.784,,1123.556
e-1700,1784591808493.2253,1784591808745,1784591808749.0,1784591809566.7842,251.775,4.0,817.784,,1073.559
e-1701,1784591808543.2266,1784591808745,1784591808749.0,1784591809566.7847,201.773,4.0,817.785,,1023.558
e-1702,1784591808593.2244,1784591808745,1784591808749.0,1784591809566.7852,151.776,4.0,817.785,,973.561
e-1703,1784591808643.2234,1784591808745,1784591808749.0,1784591809566.7856,101.777,4.0,817.786,,923.562
e-1704,1784591808693.2239,1784591808745,1784591808749.0,1784591809566.7905,51.776,4.0,817.791,,873.567
e-1705,1784591808743.2263,1784591808745,1784591808749.0,1784591809566.791,1.774,4.0,817.791,,823.565
e-1706,1784591808793.2168,1784591809795,1784591809798.0,1784591810615.6257,1001.783,3.0,817.626,,1822.409
e-1707,1784591808843.218,1784591809795,1784591809798.0,1784591810615.6287,951.782,3.0,817.629,,1772.411
e-1708,1784591808893.2307,1784591809795,1784591809799.0,1784591810615.6294,901.769,4.0,816.629,,1722.399
e-1709,1784591808943.22,1784591809795,1784591809799.0,1784591810615.63,851.78,4.0,816.63,,1672.41
e-1710,1784591808993.2214,1784591809795,1784591809799.0,1784591810615.6304,801.779,4.0,816.63,,1622.409
e-1711,1784591809043.2302,1784591809795,1784591809799.0,1784591810615.6309,751.77,4.0,816.631,,1572.401
e-1712,1784591809093.2285,1784591809795,1784591809799.0,1784591810615.631,701.771,4.0,816.631,,1522.403
e-1713,1784591809143.2266,1784591809795,1784591809799.0,1784591810615.6316,651.773,4.0,816.632,,1472.405
e-1714,1784591809193.2278,1784591809795,1784591809799.0,1784591810615.6438,601.772,4.0,816.644,,1422.416
e-1715,1784591809243.2214,1784591809795,1784591809799.0,1784591810615.6443,551.779,4.0,816.644,,1372.423
e-1716,1784591809293.2192,1784591809795,1784591809799.0,1784591810615.6448,501.781,4.0,816.645,,1322.426
e-1717,1784591809343.2266,1784591809795,1784591809799.0,1784591810615.645,451.773,4.0,816.645,,1272.418
e-1718,1784591809393.235,1784591809795,1784591809799.0,1784591810615.6455,401.765,4.0,816.646,,1222.41
e-1719,1784591809443.2273,1784591809795,1784591809799.0,1784591810615.646,351.773,4.0,816.646,,1172.419
e-1720,1784591809493.233,1784591809795,1784591809799.0,1784591810615.6465,301.767,4.0,816.646,,1122.414
e-1721,1784591809543.2385,1784591809795,1784591809799.0,1784591810615.6467,251.761,4.0,816.647,,1072.408
e-1722,1784591809593.2317,1784591809795,1784591809799.0,1784591810615.6472,201.768,4.0,816.647,,1022.416
e-1723,1784591809643.2358,1784591809795,1784591809799.0,1784591810615.6477,151.764,4.0,816.648,,972.412
e-1724,1784591809693.228,1784591809795,1784591809799.0,1784591810615.6482,101.772,4.0,816.648,,922.42
e-1725,1784591809743.2295,1784591809795,1784591809799.0,1784591810615.6484,51.771,4.0,816.648,,872.419
e-1726,1784591809793.2263,1784591809795,1784591809799.0,1784591810615.649,1.774,4.0,816.649,,822.423
e-1727,1784591809843.2344,1784591810845,1784591810849.0,1784591811680.5615,1001.766,4.0,831.562,,1837.327
e-1728,1784591809893.227,1784591810845,1784591810849.0,1784591811680.5637,951.773,4.0,831.564,,1787.337
e-1729,1784591809943.231,1784591810845,1784591810849.0,1784591811680.5645,901.769,4.0,831.564,,1737.333
e-1730,1784591809993.2278,1784591810845,1784591810849.0,1784591811680.565,851.772,4.0,831.565,,1687.337
e-1731,1784591810043.236,1784591810845,1784591810849.0,1784591811680.5654,801.764,4.0,831.565,,1637.329
e-1732,1784591810093.2307,1784591810845,1784591810849.0,1784591811680.566,751.769,4.0,831.566,,1587.335
e-1733,1784591810143.2278,1784591810845,1784591810849.0,1784591811680.5664,701.772,4.0,831.566,,1537.339
e-1734,1784591810193.225,1784591810845,1784591810849.0,1784591811680.567,651.775,4.0,831.567,,1487.342
e-1735,1784591810243.2253,1784591810845,1784591810849.0,1784591811680.5813,601.775,4.0,831.581,,1437.356
e-1736,1784591810293.2397,1784591810845,1784591810849.0,1784591811680.5818,551.76,4.0,831.582,,1387.342
e-1737,1784591810343.2263,1784591810845,1784591810849.0,1784591811680.5823,501.774,4.0,831.582,,1337.356
e-1738,1784591810393.2324,1784591810845,1784591810849.0,1784591811680.5825,451.768,4.0,831.583,,1287.35
e-1739,1784591810443.2375,1784591810845,1784591810849.0,1784591811680.583,401.762,4.0,831.583,,1237.345
e-1740,1784591810493.2302,1784591810845,1784591810849.0,1784591811680.5835,351.77,4.0,831.583,,1187.353
e-1741,1784591810543.2334,1784591810845,1784591810849.0,1784591811680.584,301.767,4.0,831.584,,1137.351
e-1742,1784591810593.2302,1784591810845,1784591810849.0,1784591811680.5845,251.77,4.0,831.584,,1087.354
e-1743,1784591810643.2327,1784591810845,1784591810849.0,1784591811680.585,201.767,4.0,831.585,,1037.352
e-1744,1784591810693.2302,1784591810845,1784591810849.0,1784591811680.5852,151.77,4.0,831.585,,987.355
e-1745,1784591810743.2244,1784591810845,1784591810849.0,1784591811680.5857,101.776,4.0,831.586,,937.361
e-1746,1784591810793.2295,1784591810845,1784591810849.0,1784591811680.5928,51.771,4.0,831.593,,887.363
e-1747,1784591810843.2275,1784591810845,1784591810849.0,1784591811680.5933,1.772,4.0,831.593,,837.366
e-1748,1784591810893.2327,1784591811895,1784591811899.0,1784591812715.8398,1001.767,4.0,816.84,,1822.607
e-1749,1784591810943.2334,1784591811895,1784591811899.0,1784591812715.842,951.767,4.0,816.842,,1772.609
e-1750,1784591810993.2278,1784591811895,1784591811899.0,1784591812715.8428,901.772,4.0,816.843,,1722.615
e-1751,1784591811043.2341,1784591811895,1784591811899.0,1784591812715.8433,851.766,4.0,816.843,,1672.609
e-1752,1784591811093.2275,1784591811895,1784591811899.0,1784591812715.8438,801.772,4.0,816.844,,1622.616
e-1753,1784591811143.227,1784591811895,1784591811899.0,1784591812715.8442,751.773,4.0,816.844,,1572.617
e-1754,1784591811193.229,1784591811895,1784591811899.0,1784591812715.8447,701.771,4.0,816.845,,1522.616
e-1755,1784591811243.2427,1784591811895,1784591811899.0,1784591812715.8452,651.757,4.0,816.845,,1472.603
e-1756,1784591811293.2278,1784591811895,1784591811899.0,1784591812715.8455,601.772,4.0,816.845,,1422.618
e-1757,1784591811343.2312,1784591811895,1784591811899.0,1784591812715.846,551.769,4.0,816.846,,1372.615
e-1758,1784591811393.2305,1784591811895,1784591811899.0,1784591812715.847,501.77,4.0,816.847,,1322.616
e-1759,1784591811443.23,1784591811895,1784591811899.0,1784591812715.8474,451.77,4.0,816.847,,1272.617
e-1760,1784591811493.2395,1784591811895,1784591811899.0,1784591812715.8477,401.76,4.0,816.848,,1222.608
e-1761,1784591811543.2273,1784591811895,1784591811899.0,1784591812715.8481,351.773,4.0,816.848,,1172.621
e-1762,1784591811593.2385,1784591811895,1784591811899.0,1784591812715.8486,301.761,4.0,816.849,,1122.61
e-1763,1784591811643.23,1784591811895,1784591811899.0,1784591812715.8489,251.77,4.0,816.849,,1072.619
e-1764,1784591811693.22,1784591811895,1784591811899.0,1784591812715.8494,201.78,4.0,816.849,,1022.629
e-1765,1784591811743.2266,1784591811895,1784591811899.0,1784591812715.8496,151.773,4.0,816.85,,972.623
e-1766,1784591811793.2275,1784591811895,1784591811899.0,1784591812715.85,101.772,4.0,816.85,,922.623
e-1767,1784591811843.237,1784591811895,1784591811899.0,1784591812715.8506,51.763,4.0,816.851,,872.614
e-1768,1784591811893.2302,1784591811895,1784591811899.0,1784591812715.8508,1.77,4.0,816.851,,822.621
e-1769,1784591811943.2249,1784591812945,1784591812948.0,1784591813766.8147,1001.775,3.0,818.815,,1823.59
e-1770,1784591811993.2305,1784591812945,1784591812949.0,1784591813766.8171,951.77,4.0,817.817,,1773.587
e-1771,1784591812043.2253,1784591812945,1784591812949.0,1784591813766.8179,901.775,4.0,817.818,,1723.593
e-1772,1784591812093.2263,1784591812945,1784591812949.0,1784591813766.8186,851.774,4.0,817.819,,1673.592
e-1773,1784591812143.2356,1784591812945,1784591812949.0,1784591813766.819,801.764,4.0,817.819,,1623.583
e-1774,1784591812193.2285,1784591812945,1784591812949.0,1784591813766.8196,751.771,4.0,817.82,,1573.591
e-1775,1784591812243.2273,1784591812945,1784591812949.0,1784591813766.8203,701.773,4.0,817.82,,1523.593
e-1776,1784591812293.2295,1784591812945,1784591812949.0,1784591813766.8208,651.771,4.0,817.821,,1473.591
e-1777,1784591812343.23,1784591812945,1784591812949.0,1784591813766.8213,601.77,4.0,817.821,,1423.591
e-1778,1784591812393.2285,1784591812945,1784591812949.0,1784591813766.8357,551.771,4.0,817.836,,1373.607
e-1779,1784591812443.2322,1784591812945,1784591812949.0,1784591813766.8362,501.768,4.0,817.836,,1323.604
e-1780,1784591812493.2297,1784591812945,1784591812949.0,1784591813766.8367,451.77,4.0,817.837,,1273.607
e-1781,1784591812543.227,1784591812945,1784591812949.0,1784591813766.8372,401.773,4.0,817.837,,1223.61
e-1782,1784591812593.2297,1784591812945,1784591812949.0,1784591813766.8376,351.77,4.0,817.838,,1173.608
e-1783,1784591812643.2283,1784591812945,1784591812949.0,1784591813766.838,301.772,4.0,817.838,,1123.61
e-1784,1784591812693.2288,1784591812945,1784591812949.0,1784591813766.8384,251.771,4.0,817.838,,1073.61
e-1785,1784591812743.2263,1784591812945,1784591812949.0,1784591813766.8389,201.774,4.0,817.839,,1023.613
e-1786,1784591812793.2266,1784591812945,1784591812949.0,1784591813766.8394,151.773,4.0,817.839,,973.613
e-1787,1784591812843.234,1784591812945,1784591812949.0,1784591813766.8396,101.766,4.0,817.84,,923.606
e-1788,1784591812893.2263,1784591812945,1784591812949.0,1784591813766.84,51.774,4.0,817.84,,873.614
e-1789,1784591812943.2288,1784591812945,1784591812949.0,1784591813766.845,1.771,4.0,817.845,,823.616
e-1790,1784591812993.2275,1784591813995,1784591813998.0,1784591814818.5447,1001.772,3.0,820.545,,1825.317
e-1791,1784591813043.227,1784591813995,1784591813998.0,1784591814818.547,951.773,3.0,820.547,,1775.32
e-1792,1784591813093.2249,1784591813995,1784591813998.0,1784591814818.548,901.775,3.0,820.548,,1725.323
e-1793,1784591813143.2288,1784591813995,1784591813999.0,1784591814818.5486,851.771,4.0,819.549,,1675.32
e-1794,1784591813193.224,1784591813995,1784591813999.0,1784591814818.549,801.776,4.0,819.549,,1625.325
e-1795,1784591813243.227,1784591813995,1784591813999.0,1784591814818.5496,751.773,4.0,819.55,,1575.323
e-1796,1784591813293.2227,1784591813995,1784591813999.0,1784591814818.55,701.777,4.0,819.55,,1525.327
e-1797,1784591813343.2317,1784591813995,1784591813999.0,1784591814818.5505,651.768,4.0,819.551,,1475.319
e-1798,1784591813393.2227,1784591813995,1784591813999.0,1784591814818.551,601.777,4.0,819.551,,1425.328
e-1799,1784591813443.2263,1784591813995,1784591813999.0,1784591814818.5647,551.774,4.0,819.565,,1375.338
e-1800,1784591813493.2175,1784591813995,1784591813999.0,1784591814818.5652,501.782,4.0,819.565,,1325.348
e-1801,1784591813543.2285,1784591813995,1784591813999.0,1784591814818.5657,451.771,4.0,819.566,,1275.337
e-1802,1784591813593.2236,1784591813995,1784591813999.0,1784591814818.5662,401.776,4.0,819.566,,1225.343
e-1803,1784591813643.2302,1784591813995,1784591813999.0,1784591814818.5664,351.77,4.0,819.566,,1175.336
e-1804,1784591813693.2253,1784591813995,1784591813999.0,1784591814818.567,301.775,4.0,819.567,,1125.342
e-1805,1784591813743.2314,1784591813995,1784591813999.0,1784591814818.5674,251.769,4.0,819.567,,1075.336
e-1806,1784591813793.215,1784591813995,1784591813999.0,1784591814818.5679,201.785,4.0,819.568,,1025.353
e-1807,1784591813843.218,1784591813995,1784591813999.0,1784591814818.5684,151.782,4.0,819.568,,975.35
e-1808,1784591813893.2175,1784591813995,1784591813999.0,1784591814818.5686,101.782,4.0,819.569,,925.351
e-1809,1784591813943.2231,1784591813995,1784591813999.0,1784591814818.569,51.777,4.0,819.569,,875.346
e-1810,1784591813993.218,1784591813995,1784591813999.0,1784591814818.5696,1.782,4.0,819.57,,825.352
e-1811,1784591814043.219,1784591815046,1784591815049.0,1784591815865.452,1002.781,3.0,816.452,,1822.233
e-1812,1784591814093.2236,1784591815046,1784591815049.0,1784591815865.4543,952.776,3.0,816.454,,1772.231
e-1813,1784591814143.2314,1784591815046,1784591815049.0,1784591815865.4556,902.769,3.0,816.456,,1722.224
e-1814,1784591814193.2239,1784591815046,1784591815049.0,1784591815865.4558,852.776,3.0,816.456,,1672.232
e-1815,1784591814243.233,1784591815046,1784591815049.0,1784591815865.4563,802.767,3.0,816.456,,1622.223
e-1816,1784591814293.222,1784591815046,1784591815049.0,1784591815865.457,752.778,3.0,816.457,,1572.235
e-1817,1784591814343.252,1784591815046,1784591815049.0,1784591815865.4573,702.748,3.0,816.457,,1522.205
e-1818,1784591814393.2295,1784591815046,1784591815049.0,1784591815865.4578,652.771,3.0,816.458,,1472.228
e-1819,1784591814443.2292,1784591815046,1784591815049.0,1784591815865.4583,602.771,3.0,816.458,,1422.229
e-1820,1784591814493.232,1784591815046,1784591815049.0,1784591815865.4712,552.768,3.0,816.471,,1372.239
e-1821,1784591814543.2263,1784591815046,1784591815049.0,1784591815865.4717,502.774,3.0,816.472,,1322.245
e-1822,1784591814593.2236,1784591815046,1784591815050.0,1784591815865.4722,452.776,4.0,815.472,,1272.249
e-1823,1784591814643.225,1784591815046,1784591815050.0,1784591815865.4727,402.775,4.0,815.473,,1222.248
e-1824,1784591814693.223,1784591815046,1784591815050.0,1784591815865.4731,352.777,4.0,815.473,,1172.25
e-1825,1784591814743.2454,1784591815046,1784591815050.0,1784591815865.4734,302.755,4.0,815.473,,1122.228
e-1826,1784591814793.2454,1784591815046,1784591815050.0,1784591815865.474,252.755,4.0,815.474,,1072.229
e-1827,1784591814843.2188,1784591815046,1784591815050.0,1784591815865.4746,202.781,4.0,815.475,,1022.256
e-1828,1784591814893.2183,1784591815046,1784591815050.0,1784591815865.475,152.782,4.0,815.475,,972.257
e-1829,1784591814943.2388,1784591815046,1784591815050.0,1784591815865.4753,102.761,4.0,815.475,,922.237
e-1830,1784591814993.238,1784591815046,1784591815050.0,1784591815865.4917,52.762,4.0,815.492,,872.254
e-1831,1784591815043.2263,1784591815046,1784591815050.0,1784591815865.4922,2.774,4.0,815.492,,822.266
e-1832,1784591815093.2268,1784591816096,1784591816099.0,1784591816915.5894,1002.773,3.0,816.589,,1822.363
e-1833,1784591815143.237,1784591816096,1784591816099.0,1784591816915.5918,952.763,3.0,816.592,,1772.355
e-1834,1784591815193.2285,1784591816096,1784591816099.0,1784591816915.5925,902.771,3.0,816.593,,1722.364
e-1835,1784591815243.244,1784591816096,1784591816099.0,1784591816915.593,852.756,3.0,816.593,,1672.349
e-1836,1784591815293.231,1784591816096,1784591816100.0,1784591816915.5935,802.769,4.0,815.594,,1622.363
e-1837,1784591815343.2314,1784591816096,1784591816100.0,1784591816915.5938,752.769,4.0,815.594,,1572.362
e-1838,1784591815393.2256,1784591816096,1784591816100.0,1784591816915.5942,702.774,4.0,815.594,,1522.369
e-1839,1784591815443.219,1784591816096,1784591816100.0,1784591816915.5947,652.781,4.0,815.595,,1472.376
e-1840,1784591815493.2192,1784591816096,1784591816100.0,1784591816915.5952,602.781,4.0,815.595,,1422.376
e-1841,1784591815543.2266,1784591816096,1784591816100.0,1784591816915.5957,552.773,4.0,815.596,,1372.369
e-1842,1784591815593.2178,1784591816096,1784591816100.0,1784591816915.6113,502.782,4.0,815.611,,1322.394
e-1843,1784591815643.2317,1784591816096,1784591816100.0,1784591816915.612,452.768,4.0,815.612,,1272.38
e-1844,1784591815693.2273,1784591816096,1784591816100.0,1784591816915.6125,402.773,4.0,815.613,,1222.385
e-1845,1784591815743.2375,1784591816096,1784591816100.0,1784591816915.613,352.762,4.0,815.613,,1172.375
e-1846,1784591815793.224,1784591816096,1784591816100.0,1784591816915.6133,302.776,4.0,815.613,,1122.389
e-1847,1784591815843.2258,1784591816096,1784591816100.0,1784591816915.6138,252.774,4.0,815.614,,1072.388
e-1848,1784591815893.2207,1784591816096,1784591816100.0,1784591816915.6143,202.779,4.0,815.614,,1022.394
e-1849,1784591815943.2224,1784591816096,1784591816100.0,1784591816915.6147,152.778,4.0,815.615,,972.392
e-1850,1784591815993.223,1784591816096,1784591816100.0,1784591816915.615,102.777,4.0,815.615,,922.392
e-1851,1784591816043.2236,1784591816096,1784591816100.0,1784591816915.6157,52.776,4.0,815.616,,872.392
e-1852,1784591816093.2053,1784591816096,1784591816100.0,1784591816915.6162,2.795,4.0,815.616,,822.411
e-1853,1784591816143.2327,1784591817145,1784591817150.0,1784591817966.352,1001.767,5.0,816.352,,1823.119
e-1854,1784591816193.2224,1784591817145,1784591817150.0,1784591817966.3547,951.778,5.0,816.355,,1773.132
e-1855,1784591816243.229,1784591817145,1784591817150.0,1784591817966.3555,901.771,5.0,816.355,,1723.126
e-1856,1784591816293.2231,1784591817145,1784591817150.0,1784591817966.3557,851.777,5.0,816.356,,1673.133
e-1857,1784591816343.2283,1784591817145,1784591817150.0,1784591817966.3562,801.772,5.0,816.356,,1623.128
e-1858,1784591816393.2231,1784591817145,1784591817150.0,1784591817966.3567,751.777,5.0,816.357,,1573.134
e-1859,1784591816443.2266,1784591817145,1784591817150.0,1784591817966.3572,701.773,5.0,816.357,,1523.131
e-1860,1784591816493.2168,1784591817145,1784591817150.0,1784591817966.358,651.783,5.0,816.358,,1473.141
e-1861,1784591816543.2224,1784591817145,1784591817150.0,1784591817966.3582,601.778,5.0,816.358,,1423.136
e-1862,1784591816593.225,1784591817145,1784591817150.0,1784591817966.3586,551.775,5.0,816.359,,1373.134
e-1863,1784591816643.2195,1784591817145,1784591817150.0,1784591817966.3708,501.781,5.0,816.371,,1323.151
e-1864,1784591816693.223,1784591817145,1784591817150.0,1784591817966.3713,451.777,5.0,816.371,,1273.148
e-1865,1784591816743.2388,1784591817145,1784591817150.0,1784591817966.3718,401.761,5.0,816.372,,1223.133
e-1866,1784591816793.2258,1784591817145,1784591817150.0,1784591817966.372,351.774,5.0,816.372,,1173.146
e-1867,1784591816843.234,1784591817145,1784591817150.0,1784591817966.3726,301.766,5.0,816.373,,1123.139
e-1868,1784591816893.2236,1784591817145,1784591817150.0,1784591817966.373,251.776,5.0,816.373,,1073.149
e-1869,1784591816943.2148,1784591817145,1784591817150.0,1784591817966.3735,201.785,5.0,816.374,,1023.159
e-1870,1784591816993.223,1784591817145,1784591817150.0,1784591817966.3738,151.777,5.0,816.374,,973.151
e-1871,1784591817043.2202,1784591817145,1784591817150.0,1784591817966.3743,101.78,5.0,816.374,,923.154
e-1872,1784591817093.2195,1784591817145,1784591817150.0,1784591817966.3748,51.781,5.0,816.375,,873.155
e-1873,1784591817143.2212,1784591817145,1784591817150.0,1784591817966.3752,1.779,5.0,816.375,,823.154
e-1874,1784591817193.2307,1784591818195,1784591818198.0,1784591819014.9294,1001.769,3.0,816.929,,1821.699
e-1875,1784591817243.2273,1784591818195,1784591818198.0,1784591819014.9333,951.773,3.0,816.933,,1771.706
e-1876,1784591817293.2253,1784591818195,1784591818198.0,1784591819014.9346,901.775,3.0,816.935,,1721.709
e-1877,1784591817343.2234,1784591818195,1784591818198.0,1784591819014.9353,851.777,3.0,816.935,,1671.712
e-1878,1784591817393.225,1784591818195,1784591818198.0,1784591819014.9358,801.775,3.0,816.936,,1621.711
e-1879,1784591817443.242,1784591818195,1784591818198.0,1784591819014.96,751.758,3.0,816.96,,1571.718
e-1880,1784591817493.2397,1784591818195,1784591818198.0,1784591819014.961,701.76,3.0,816.961,,1521.721
e-1881,1784591817543.2463,1784591818195,1784591818198.0,1784591819014.9614,651.754,3.0,816.961,,1471.715
e-1882,1784591817593.224,1784591818195,1784591818198.0,1784591819014.962,601.776,3.0,816.962,,1421.738
e-1883,1784591817643.2178,1784591818195,1784591818198.0,1784591819014.9626,551.782,3.0,816.963,,1371.745
e-1884,1784591817693.2258,1784591818195,1784591818198.0,1784591819014.9678,501.774,3.0,816.968,,1321.742
e-1885,1784591817743.2275,1784591818195,1784591818198.0,1784591819014.9685,451.772,3.0,816.969,,1271.741
e-1886,1784591817793.2263,1784591818195,1784591818198.0,1784591819014.969,401.774,3.0,816.969,,1221.743
e-1887,1784591817843.2134,1784591818195,1784591818198.0,1784591819014.9697,351.787,3.0,816.97,,1171.756
e-1888,1784591817893.217,1784591818195,1784591818198.0,1784591819014.9705,301.783,3.0,816.97,,1121.753
e-1889,1784591817943.2297,1784591818195,1784591818198.0,1784591819014.971,251.77,3.0,816.971,,1071.741
e-1890,1784591817993.217,1784591818195,1784591818198.0,1784591819014.9717,201.783,3.0,816.972,,1021.755
e-1891,1784591818043.2214,1784591818195,1784591818199.0,1784591819014.9722,151.779,4.0,815.972,,971.751
e-1892,1784591818093.2266,1784591818195,1784591818199.0,1784591819014.9727,101.773,4.0,815.973,,921.746
e-1893,1784591818143.219,1784591818195,1784591818199.0,1784591819014.9734,51.781,4.0,815.973,,871.754
e-1894,1784591818193.2234,1784591818195,1784591818199.0,1784591819014.974,1.777,4.0,815.974,,821.751
e-1895,1784591818243.2202,1784591819245,1784591819248.0,1784591820065.4583,1001.78,3.0,817.458,,1822.238
e-1896,1784591818293.2278,1784591819245,1784591819248.0,1784591820065.4612,951.772,3.0,817.461,,1772.233
e-1897,1784591818343.2356,1784591819245,1784591819249.0,1784591820065.4622,901.764,4.0,816.462,,1722.227
e-1898,1784591818393.2314,1784591819245,1784591819249.0,1784591820065.4631,851.769,4.0,816.463,,1672.232
e-1899,1784591818443.2278,1784591819245,1784591819249.0,1784591820065.4639,801.772,4.0,816.464,,1622.236
e-1900,1784591818493.2268,1784591819245,1784591819249.0,1784591820065.4646,751.773,4.0,816.465,,1572.238
e-1901,1784591818543.2192,1784591819245,1784591819249.0,1784591820065.465,701.781,4.0,816.465,,1522.246
e-1902,1784591818593.2268,1784591819245,1784591819249.0,1784591820065.4658,651.773,4.0,816.466,,1472.239
e-1903,1784591818643.221,1784591819245,1784591819249.0,1784591820065.4666,601.779,4.0,816.467,,1422.246
e-1904,1784591818693.2266,1784591819245,1784591819249.0,1784591820065.467,551.773,4.0,816.467,,1372.24
e-1905,1784591818743.221,1784591819245,1784591819249.0,1784591820065.4834,501.779,4.0,816.483,,1322.262
e-1906,1784591818793.2285,1784591819245,1784591819249.0,1784591820065.4844,451.771,4.0,816.484,,1272.256
e-1907,1784591818843.2305,1784591819245,1784591819249.0,1784591820065.4849,401.77,4.0,816.485,,1222.254
e-1908,1784591818893.2327,1784591819245,1784591819249.0,1784591820065.4856,351.767,4.0,816.486,,1172.253
e-1909,1784591818943.222,1784591819245,1784591819249.0,1784591820065.4863,301.778,4.0,816.486,,1122.264
e-1910,1784591818993.2476,1784591819245,1784591819249.0,1784591820065.4868,251.752,4.0,816.487,,1072.239
e-1911,1784591819043.2302,1784591819245,1784591819249.0,1784591820065.4878,201.77,4.0,816.488,,1022.258
e-1912,1784591819093.2275,1784591819245,1784591819249.0,1784591820065.4885,151.772,4.0,816.489,,972.261
e-1913,1784591819143.2139,1784591819245,1784591819249.0,1784591820065.489,101.786,4.0,816.489,,922.275
e-1914,1784591819193.225,1784591819245,1784591819249.0,1784591820065.4897,51.775,4.0,816.49,,872.265
e-1915,1784591819243.2158,1784591819245,1784591819249.0,1784591820065.4902,1.784,4.0,816.49,,822.274
e-1916,1784591819293.2222,1784591820295,1784591820299.0,1784591821116.353,1001.778,4.0,817.353,,1823.131
e-1917,1784591819343.2354,1784591820295,1784591820299.0,1784591821116.3555,951.765,4.0,817.355,,1773.12
e-1918,1784591819393.2285,1784591820295,1784591820299.0,1784591821116.3562,901.771,4.0,817.356,,1723.128
e-1919,1784591819443.23,1784591820295,1784591820299.0,1784591821116.3567,851.77,4.0,817.357,,1673.127
e-1920,1784591819493.243,1784591820295,1784591820299.0,1784591821116.3572,801.757,4.0,817.357,,1623.114
e-1921,1784591819543.2314,1784591820295,1784591820299.0,1784591821116.3577,751.769,4.0,817.358,,1573.126
e-1922,1784591819593.2324,1784591820295,1784591820299.0,1784591821116.3582,701.768,4.0,817.358,,1523.126
e-1923,1784591819643.229,1784591820295,1784591820299.0,1784591821116.3584,651.771,4.0,817.358,,1473.129
e-1924,1784591819693.2256,1784591820295,1784591820299.0,1784591821116.359,601.774,4.0,817.359,,1423.133
e-1925,1784591819743.2288,1784591820295,1784591820299.0,1784591821116.3594,551.771,4.0,817.359,,1373.131
e-1926,1784591819793.2195,1784591820295,1784591820299.0,1784591821116.3599,501.781,4.0,817.36,,1323.14
e-1927,1784591819843.2283,1784591820295,1784591820299.0,1784591821116.372,451.772,4.0,817.372,,1273.144
e-1928,1784591819893.2256,1784591820295,1784591820299.0,1784591821116.373,401.774,4.0,817.373,,1223.147
e-1929,1784591819943.2285,1784591820295,1784591820299.0,1784591821116.3735,351.771,4.0,817.374,,1173.145
e-1930,1784591819993.2278,1784591820295,1784591820299.0,1784591821116.3738,301.772,4.0,817.374,,1123.146
e-1931,1784591820043.2302,1784591820295,1784591820299.0,1784591821116.3743,251.77,4.0,817.374,,1073.144
e-1932,1784591820093.2324,1784591820295,1784591820299.0,1784591821116.3748,201.768,4.0,817.375,,1023.142
e-1933,1784591820143.228,1784591820295,1784591820299.0,1784591821116.3752,151.772,4.0,817.375,,973.147
e-1934,1784591820193.2268,1784591820295,1784591820299.0,1784591821116.3755,101.773,4.0,817.375,,923.149
e-1935,1784591820243.221,1784591820295,1784591820299.0,1784591821116.376,51.779,4.0,817.376,,873.155
e-1936,1784591820293.23,1784591820295,1784591820299.0,1784591821116.3765,1.77,4.0,817.376,,823.146
e-1937,1784591820343.223,1784591821345,1784591821350.0,1784591822167.2646,1001.777,5.0,817.265,,1824.042
e-1938,1784591820393.2283,1784591821345,1784591821350.0,1784591822167.268,951.772,5.0,817.268,,1774.04
e-1939,1784591820443.2263,1784591821345,1784591821350.0,1784591822167.269,901.774,5.0,817.269,,1724.043
e-1940,1784591820493.2249,1784591821345,1784591821350.0,1784591822167.2698,851.775,5.0,817.27,,1674.045
e-1941,1784591820543.231,1784591821345,1784591821350.0,1784591822167.2705,801.769,5.0,817.271,,1624.04
e-1942,1784591820593.2258,1784591821345,1784591821350.0,1784591822167.271,751.774,5.0,817.271,,1574.045
e-1943,1784591820643.2253,1784591821345,1784591821350.0,1784591822167.2717,701.775,5.0,817.272,,1524.046
e-1944,1784591820693.2249,1784591821345,1784591821350.0,1784591822167.2725,651.775,5.0,817.272,,1474.048
e-1945,1784591820743.2268,1784591821345,1784591821350.0,1784591822167.285,601.773,5.0,817.285,,1424.058
e-1946,1784591820793.224,1784591821345,1784591821350.0,1784591822167.2854,551.776,5.0,817.285,,1374.061
e-1947,1784591820843.2188,1784591821345,1784591821350.0,1784591822167.286,501.781,5.0,817.286,,1324.067
e-1948,1784591820893.2258,1784591821345,1784591821350.0,1784591822167.29,451.774,5.0,817.29,,1274.064
e-1949,1784591820943.2266,1784591821345,1784591821350.0,1784591822167.2905,401.773,5.0,817.291,,1224.064
e-1950,1784591820993.2249,1784591821345,1784591821350.0,1784591822167.291,351.775,5.0,817.291,,1174.066
e-1951,1784591821043.2278,1784591821345,1784591821350.0,1784591822167.2913,301.772,5.0,817.291,,1124.063
e-1952,1784591821093.2266,1784591821345,1784591821350.0,1784591822167.2917,251.773,5.0,817.292,,1074.065
e-1953,1784591821143.2334,1784591821345,1784591821350.0,1784591822167.2922,201.767,5.0,817.292,,1024.059
e-1954,1784591821193.2292,1784591821345,1784591821350.0,1784591822167.2927,151.771,5.0,817.293,,974.063
e-1955,1784591821243.224,1784591821345,1784591821350.0,1784591822167.2932,101.776,5.0,817.293,,924.069
e-1956,1784591821293.2234,1784591821345,1784591821350.0,1784591822167.2937,51.777,5.0,817.294,,874.07
e-1957,1784591821343.2253,1784591821345,1784591821350.0,1784591822167.2942,1.775,5.0,817.294,,824.069
e-1958,1784591821393.2268,1784591822395,1784591822398.0,1784591823215.9521,1001.773,3.0,817.952,,1822.725
e-1959,1784591821443.227,1784591822395,1784591822398.0,1784591823215.9548,951.773,3.0,817.955,,1772.728
e-1960,1784591821493.2305,1784591822395,1784591822399.0,1784591823215.9556,901.77,4.0,816.956,,1722.725
e-1961,1784591821543.2222,1784591822395,1784591822399.0,1784591823215.9563,851.778,4.0,816.956,,1672.734
e-1962,1784591821593.232,1784591822395,1784591822399.0,1784591823215.9568,801.768,4.0,816.957,,1622.725
e-1963,1784591821643.2275,1784591822395,1784591822399.0,1784591823215.9575,751.772,4.0,816.958,,1572.73
e-1964,1784591821693.227,1784591822395,1784591822399.0,1784591823215.958,701.773,4.0,816.958,,1522.731
e-1965,1784591821743.2244,1784591822395,1784591822399.0,1784591823215.9585,651.776,4.0,816.958,,1472.734
e-1966,1784591821793.2312,1784591822395,1784591822399.0,1784591823215.959,601.769,4.0,816.959,,1422.728
e-1967,1784591821843.23,1784591822395,1784591822399.0,1784591823215.9595,551.77,4.0,816.959,,1372.729
e-1968,1784591821893.2214,1784591822395,1784591822399.0,1784591823215.9597,501.779,4.0,816.96,,1322.738
e-1969,1784591821943.2307,1784591822395,1784591822399.0,1784591823215.972,451.769,4.0,816.972,,1272.741
e-1970,1784591821993.23,1784591822395,1784591822399.0,1784591823215.9724,401.77,4.0,816.972,,1222.742
e-1971,1784591822043.2268,1784591822395,1784591822399.0,1784591823215.9736,351.773,4.0,816.974,,1172.747
e-1972,1784591822093.2278,1784591822395,1784591822399.0,1784591823215.974,301.772,4.0,816.974,,1122.746
e-1973,1784591822143.2278,1784591822395,1784591822399.0,1784591823215.9746,251.772,4.0,816.975,,1072.747
e-1974,1784591822193.228,1784591822395,1784591822399.0,1784591823215.9753,201.772,4.0,816.975,,1022.747
e-1975,1784591822243.2263,1784591822395,1784591822399.0,1784591823215.976,151.774,4.0,816.976,,972.75
e-1976,1784591822293.2207,1784591822395,1784591822399.0,1784591823215.9768,101.779,4.0,816.977,,922.756
e-1977,1784591822343.2266,1784591822395,1784591822399.0,1784591823215.9773,51.773,4.0,816.977,,872.751
e-1978,1784591822393.2344,1784591822395,1784591822399.0,1784591823215.978,1.766,4.0,816.978,,822.744
e-1979,1784591822443.2322,1784591823445,1784591823448.0,1784591824267.3818,1001.768,3.0,819.382,,1824.15
e-1980,1784591822493.2239,1784591823445,1784591823449.0,1784591824267.386,951.776,4.0,818.386,,1774.162
e-1981,1784591822543.2268,1784591823445,1784591823449.0,1784591824267.3872,901.773,4.0,818.387,,1724.16
e-1982,1784591822593.227,1784591823445,1784591823449.0,1784591824267.389,851.773,4.0,818.389,,1674.162
e-1983,1784591822643.2224,1784591823445,1784591823449.0,1784591824267.3901,801.778,4.0,818.39,,1624.168
e-1984,1784591822693.2266,1784591823445,1784591823449.0,1784591824267.3909,751.773,4.0,818.391,,1574.164
e-1985,1784591822743.232,1784591823445,1784591823449.0,1784591824267.3916,701.768,4.0,818.392,,1524.16
e-1986,1784591822793.2434,1784591823445,1784591823449.0,1784591824267.3926,651.757,4.0,818.393,,1474.149
e-1987,1784591822843.2422,1784591823445,1784591823449.0,1784591824267.3938,601.758,4.0,818.394,,1424.152
e-1988,1784591822893.227,1784591823445,1784591823449.0,1784591824267.3945,551.773,4.0,818.395,,1374.167
e-1989,1784591822943.2236,1784591823445,1784591823449.0,1784591824267.3955,501.776,4.0,818.396,,1324.172
e-1990,1784591822993.226,1784591823445,1784591823449.0,1784591824267.4097,451.774,4.0,818.41,,1274.184
e-1991,1784591823043.225,1784591823445,1784591823449.0,1784591824267.4106,401.775,4.0,818.411,,1224.186
e-1992,1784591823093.229,1784591823445,1784591823449.0,1784591824267.4114,351.771,4.0,818.411,,1174.182
e-1993,1784591823143.2383,1784591823445,1784591823449.0,1784591824267.4119,301.762,4.0,818.412,,1124.174
e-1994,1784591823193.2258,1784591823445,1784591823449.0,1784591824267.4126,251.774,4.0,818.413,,1074.187
e-1995,1784591823243.2207,1784591823445,1784591823449.0,1784591824267.4133,201.779,4.0,818.413,,1024.193
e-1996,1784591823293.227,1784591823445,1784591823449.0,1784591824267.414,151.773,4.0,818.414,,974.187
e-1997,1784591823343.2207,1784591823445,1784591823449.0,1784591824267.4148,101.779,4.0,818.415,,924.194
e-1998,1784591823393.2244,1784591823445,1784591823449.0,1784591824267.4155,51.776,4.0,818.416,,874.191
e-1999,1784591823443.2239,1784591823445,1784591823449.0,1784591824267.4165,1.776,4.0,818.417,,824.193
