stream-state-bench-flink-kafka  | ===> User
stream-state-bench-flink-kafka  | uid=1000(appuser) gid=1000(appuser) groups=1000(appuser)
stream-state-bench-flink-kafka  | ===> Setting default values of environment variables if not already set.
stream-state-bench-flink-kafka  | ===> Configuring ...
stream-state-bench-flink-kafka  | Running in KRaft mode...
stream-state-bench-flink-kafka  | ===> Launching ... 
flink-identity-1                | SLF4J: Failed to load class "org.slf4j.impl.StaticLoggerBinder".
flink-identity-1                | SLF4J: Defaulting to no-operation (NOP) logger implementation
stream-state-bench-flink-kafka  | ===> Using provided cluster id MkU3OEVBNTcwNTJENDM2Qk ...
stream-state-bench-flink-kafka  | [2026-07-15 22:12:42,415] INFO Registered `kafka:type=kafka.Log4jController` MBean (kafka.utils.Log4jControllerRegistration$)
stream-state-bench-flink-kafka  | [2026-07-15 22:12:42,507] INFO Registered signal handlers for TERM, INT, HUP (org.apache.kafka.common.utils.LoggingSignalHandler)
stream-state-bench-flink-kafka  | [2026-07-15 22:12:42,508] INFO [ControllerServer id=1] Starting controller (kafka.server.ControllerServer)
stream-state-bench-flink-kafka  | [2026-07-15 22:12:42,597] INFO Updated connection-accept-rate max connection creation rate to 2147483647 (kafka.network.ConnectionQuotas)
stream-state-bench-flink-kafka  | [2026-07-15 22:12:42,618] INFO [SocketServer listenerType=CONTROLLER, nodeId=1] Created data-plane acceptor and processors for endpoint : ListenerName(CONTROLLER) (kafka.network.SocketServer)
stream-state-bench-flink-kafka  | [2026-07-15 22:12:42,621] INFO authorizerStart completed for endpoint CONTROLLER. Endpoint is now READY. (org.apache.kafka.server.network.EndpointReadyFutures)
stream-state-bench-flink-kafka  | [2026-07-15 22:12:42,622] INFO [SharedServer id=1] Starting SharedServer (kafka.server.SharedServer)
stream-state-bench-flink-kafka  | [2026-07-15 22:12:42,646] INFO [LogLoader partition=__cluster_metadata-0, dir=/tmp/kafka-logs] Loading producer state till offset 0 (org.apache.kafka.storage.internals.log.UnifiedLog)
stream-state-bench-flink-kafka  | [2026-07-15 22:12:42,646] INFO [LogLoader partition=__cluster_metadata-0, dir=/tmp/kafka-logs] Reloading from producer snapshot and rebuilding producer state from offset 0 (org.apache.kafka.storage.internals.log.UnifiedLog)
stream-state-bench-flink-kafka  | [2026-07-15 22:12:42,646] INFO [LogLoader partition=__cluster_metadata-0, dir=/tmp/kafka-logs] Producer state recovery took 0ms for snapshot load and 0ms for segment recovery from offset 0 (org.apache.kafka.storage.internals.log.UnifiedLog)
stream-state-bench-flink-kafka  | [2026-07-15 22:12:42,650] INFO [RaftLog partition=__cluster_metadata-0] Initialized snapshots with IDs [] from /tmp/kafka-logs/__cluster_metadata-0 (org.apache.kafka.raft.internals.KafkaRaftLog)
stream-state-bench-flink-kafka  | [2026-07-15 22:12:42,654] INFO [raft-expiration-reaper]: Starting (org.apache.kafka.raft.TimingWheelExpirationService$ExpiredOperationReaper)
stream-state-bench-flink-kafka  | [2026-07-15 22:12:42,657] INFO [RaftManager id=1] Reading KRaft snapshot and log as part of the initialization (org.apache.kafka.raft.KafkaRaftClient)
stream-state-bench-flink-kafka  | [2026-07-15 22:12:42,658] INFO [RaftManager id=1] Starting voters are VoterSet(voters={1=VoterNode(voterKey=ReplicaKey(id=1, directoryId=<undefined>), listeners=Endpoints(endpoints={ListenerName(CONTROLLER)=kafka/<unresolved>:9093}), supportedKRaftVersion=SupportedVersionRange[min_version:0, max_version:0])}) (org.apache.kafka.raft.KafkaRaftClient)
stream-state-bench-flink-kafka  | [2026-07-15 22:12:42,661] INFO [RaftManager id=1] Starting request manager with static voters: [kafka:9093 (id: 1 rack: null isFenced: false)] (org.apache.kafka.raft.KafkaRaftClient)
stream-state-bench-flink-kafka  | [2026-07-15 22:12:42,663] INFO [RaftManager id=1] Attempting durable transition to UnattachedState(epoch=0, leaderId=OptionalInt.empty, votedKey=Optional.empty, voters=[1], electionTimeoutMs=1322, highWatermark=Optional.empty) from null (org.apache.kafka.raft.QuorumState)
stream-state-bench-flink-kafka  | [2026-07-15 22:12:42,670] INFO [RaftManager id=1] Completed transition to UnattachedState(epoch=0, leaderId=OptionalInt.empty, votedKey=Optional.empty, voters=[1], electionTimeoutMs=1322, highWatermark=Optional.empty) from null (org.apache.kafka.raft.QuorumState)
flink-identity-1                | SLF4J: See http://www.slf4j.org/codes.html#StaticLoggerBinder for further details.
flink-identity-1                | SLF4J: Failed to load class "org.slf4j.impl.StaticMDCBinder".
flink-identity-1                | SLF4J: Defaulting to no-operation MDCAdapter implementation.
flink-identity-1                | SLF4J: See http://www.slf4j.org/codes.html#no_static_mdc_binder for further details.
stream-state-bench-flink-kafka  | [2026-07-15 22:12:42,675] INFO [RaftManager id=1] Completed transition to ProspectiveState(epoch=0, leaderId=OptionalInt.empty, votedKey=Optional.empty, epochElection=EpochElection[voterStates={1=VoterState(replicaKey=ReplicaKey(id=1, directoryId=<undefined>), state=GRANTED)}], electionTimeoutMs=1911, highWatermark=Optional.empty) from UnattachedState(epoch=0, leaderId=OptionalInt.empty, votedKey=Optional.empty, voters=[1], electionTimeoutMs=1322, highWatermark=Optional.empty) (org.apache.kafka.raft.QuorumState)
stream-state-bench-flink-kafka  | [2026-07-15 22:12:42,676] INFO [RaftManager id=1] Attempting durable transition to CandidateState(localId=1, localDirectoryId=QOJVW4dnN2QeE3r7AlUN-A, epoch=1, epochElection=EpochElection[voterStates={1=VoterState(replicaKey=ReplicaKey(id=1, directoryId=<undefined>), state=GRANTED)}], highWatermark=Optional.empty, electionTimeoutMs=1996) from ProspectiveState(epoch=0, leaderId=OptionalInt.empty, votedKey=Optional.empty, epochElection=EpochElection[voterStates={1=VoterState(replicaKey=ReplicaKey(id=1, directoryId=<undefined>), state=GRANTED)}], electionTimeoutMs=1911, highWatermark=Optional.empty) (org.apache.kafka.raft.QuorumState)
stream-state-bench-flink-kafka  | [2026-07-15 22:12:42,679] INFO [RaftManager id=1] Completed transition to CandidateState(localId=1, localDirectoryId=QOJVW4dnN2QeE3r7AlUN-A, epoch=1, epochElection=EpochElection[voterStates={1=VoterState(replicaKey=ReplicaKey(id=1, directoryId=<undefined>), state=GRANTED)}], highWatermark=Optional.empty, electionTimeoutMs=1996) from ProspectiveState(epoch=0, leaderId=OptionalInt.empty, votedKey=Optional.empty, epochElection=EpochElection[voterStates={1=VoterState(replicaKey=ReplicaKey(id=1, directoryId=<undefined>), state=GRANTED)}], electionTimeoutMs=1911, highWatermark=Optional.empty) (org.apache.kafka.raft.QuorumState)
stream-state-bench-flink-kafka  | [2026-07-15 22:12:42,682] INFO [RaftManager id=1] Attempting durable transition to Leader(localVoterNode=VoterNode(voterKey=ReplicaKey(id=1, directoryId=QOJVW4dnN2QeE3r7AlUN-A), listeners=Endpoints(endpoints={ListenerName(CONTROLLER)=kafka/<unresolved>:9093}), supportedKRaftVersion=SupportedVersionRange[min_version:0, max_version:1]), epoch=1, epochStartOffset=0, highWatermark=Optional.empty, voterStates={1=ReplicaState(replicaKey=ReplicaKey(id=1, directoryId=<undefined>), endOffset=Optional.empty, lastFetchTimestamp=-1, lastCaughtUpTimestamp=-1, hasAcknowledgedLeader=true)}) from CandidateState(localId=1, localDirectoryId=QOJVW4dnN2QeE3r7AlUN-A, epoch=1, epochElection=EpochElection[voterStates={1=VoterState(replicaKey=ReplicaKey(id=1, directoryId=<undefined>), state=GRANTED)}], highWatermark=Optional.empty, electionTimeoutMs=1996) (org.apache.kafka.raft.QuorumState)
stream-state-bench-flink-kafka  | [2026-07-15 22:12:42,686] INFO [RaftManager id=1] Completed transition to Leader(localVoterNode=VoterNode(voterKey=ReplicaKey(id=1, directoryId=QOJVW4dnN2QeE3r7AlUN-A), listeners=Endpoints(endpoints={ListenerName(CONTROLLER)=kafka/<unresolved>:9093}), supportedKRaftVersion=SupportedVersionRange[min_version:0, max_version:1]), epoch=1, epochStartOffset=0, highWatermark=Optional.empty, voterStates={1=ReplicaState(replicaKey=ReplicaKey(id=1, directoryId=<undefined>), endOffset=Optional.empty, lastFetchTimestamp=-1, lastCaughtUpTimestamp=-1, hasAcknowledgedLeader=true)}) from CandidateState(localId=1, localDirectoryId=QOJVW4dnN2QeE3r7AlUN-A, epoch=1, epochElection=EpochElection[voterStates={1=VoterState(replicaKey=ReplicaKey(id=1, directoryId=<undefined>), state=GRANTED)}], highWatermark=Optional.empty, electionTimeoutMs=1996) (org.apache.kafka.raft.QuorumState)
stream-state-bench-flink-kafka  | [2026-07-15 22:12:42,699] INFO [kafka-1-raft-outbound-request-thread]: Starting (org.apache.kafka.raft.KafkaNetworkChannel$SendThread)
stream-state-bench-flink-kafka  | [2026-07-15 22:12:42,699] INFO [kafka-1-raft-io-thread]: Starting (org.apache.kafka.raft.KafkaRaftClientDriver)
stream-state-bench-flink-kafka  | [2026-07-15 22:12:42,705] INFO [MetadataLoader id=1] initializeNewPublishers: The loader is still catching up because we have loaded up to offset -1, but the high water mark is 1 (org.apache.kafka.image.loader.MetadataLoader)
stream-state-bench-flink-kafka  | [2026-07-15 22:12:42,705] INFO [ControllerServer id=1] Waiting for controller quorum voters future (kafka.server.ControllerServer)
stream-state-bench-flink-kafka  | [2026-07-15 22:12:42,705] INFO [ControllerServer id=1] Finished waiting for controller quorum voters future (kafka.server.ControllerServer)
stream-state-bench-flink-kafka  | [2026-07-15 22:12:42,708] INFO [RaftManager id=1] High watermark set to LogOffsetMetadata(offset=1, metadata=Optional[(segmentBaseOffset=0,relativePositionInSegment=91)]) for the first time for epoch 1 based on indexOfHw 0 and voters [ReplicaState(replicaKey=ReplicaKey(id=1, directoryId=<undefined>), endOffset=Optional[LogOffsetMetadata(offset=1, metadata=Optional[(segmentBaseOffset=0,relativePositionInSegment=91)])], lastFetchTimestamp=-1, lastCaughtUpTimestamp=-1, hasAcknowledgedLeader=true)] (org.apache.kafka.raft.LeaderState)
stream-state-bench-flink-kafka  | [2026-07-15 22:12:42,712] INFO [RaftManager id=1] Registered the listener org.apache.kafka.image.loader.MetadataLoader@767913033 (org.apache.kafka.raft.KafkaRaftClient)
stream-state-bench-flink-kafka  | [2026-07-15 22:12:42,712] INFO [RaftManager id=1] Setting the next offset of org.apache.kafka.image.loader.MetadataLoader@767913033 to 0 since there are no snapshots (org.apache.kafka.raft.KafkaRaftClient)
stream-state-bench-flink-kafka  | [2026-07-15 22:12:42,713] INFO [MetadataLoader id=1] maybePublishMetadata(LOG_DELTA): The loader is still catching up because we have not loaded a controller record as of offset 0 and high water mark is 1 (org.apache.kafka.image.loader.MetadataLoader)
stream-state-bench-flink-kafka  | [2026-07-15 22:12:42,715] INFO [controller-1-ThrottledChannelReaper-Fetch]: Starting (org.apache.kafka.server.quota.ClientQuotaManager$ThrottledChannelReaper)
stream-state-bench-flink-kafka  | [2026-07-15 22:12:42,715] INFO [controller-1-ThrottledChannelReaper-Produce]: Starting (org.apache.kafka.server.quota.ClientQuotaManager$ThrottledChannelReaper)
stream-state-bench-flink-kafka  | [2026-07-15 22:12:42,716] INFO [controller-1-ThrottledChannelReaper-Request]: Starting (org.apache.kafka.server.quota.ClientQuotaManager$ThrottledChannelReaper)
stream-state-bench-flink-kafka  | [2026-07-15 22:12:42,716] INFO [RaftManager id=1] Registered the listener org.apache.kafka.controller.QuorumController$QuorumMetaLogListener@1761793660 (org.apache.kafka.raft.KafkaRaftClient)
stream-state-bench-flink-kafka  | [2026-07-15 22:12:42,716] INFO [controller-1-ThrottledChannelReaper-ControllerMutation]: Starting (org.apache.kafka.server.quota.ClientQuotaManager$ThrottledChannelReaper)
stream-state-bench-flink-kafka  | [2026-07-15 22:12:42,716] INFO [RaftManager id=1] Setting the next offset of org.apache.kafka.controller.QuorumController$QuorumMetaLogListener@1761793660 to 0 since there are no snapshots (org.apache.kafka.raft.KafkaRaftClient)
stream-state-bench-flink-kafka  | [2026-07-15 22:12:42,720] INFO [ExpirationReaper-1-AlterAcls]: Starting (org.apache.kafka.server.purgatory.DelayedOperationPurgatory$ExpiredOperationReaper)
stream-state-bench-flink-kafka  | [2026-07-15 22:12:42,734] INFO [ControllerServer id=1] Waiting for the controller metadata publishers to be installed (kafka.server.ControllerServer)
stream-state-bench-flink-kafka  | [2026-07-15 22:12:42,734] INFO [ControllerServer id=1] Finished waiting for the controller metadata publishers to be installed (kafka.server.ControllerServer)
stream-state-bench-flink-kafka  | [2026-07-15 22:12:42,735] INFO [MetadataLoader id=1] initializeNewPublishers: The loader is still catching up because we have not loaded a controller record as of offset 0 and high water mark is 1 (org.apache.kafka.image.loader.MetadataLoader)
stream-state-bench-flink-kafka  | [2026-07-15 22:12:42,735] INFO [SocketServer listenerType=CONTROLLER, nodeId=1] Enabling request processing. (kafka.network.SocketServer)
stream-state-bench-flink-kafka  | [2026-07-15 22:12:42,736] INFO Awaiting socket connections on 0.0.0.0:9093. (kafka.network.DataPlaneAcceptor)
stream-state-bench-flink-kafka  | [2026-07-15 22:12:42,740] INFO [controller-1-to-controller-registration-channel-manager]: Starting (org.apache.kafka.server.NodeToControllerRequestThread)
stream-state-bench-flink-kafka  | [2026-07-15 22:12:42,740] INFO [ControllerServer id=1] Waiting for all of the authorizer futures to be completed (kafka.server.ControllerServer)
stream-state-bench-flink-kafka  | [2026-07-15 22:12:42,740] INFO [ControllerServer id=1] Finished waiting for all of the authorizer futures to be completed (kafka.server.ControllerServer)
stream-state-bench-flink-kafka  | [2026-07-15 22:12:42,740] INFO Recorded new KRaft controller, from now on will use node kafka:9093 (id: 1 rack: null isFenced: false) (org.apache.kafka.server.NodeToControllerRequestThread)
stream-state-bench-flink-kafka  | [2026-07-15 22:12:42,740] INFO [ControllerServer id=1] Waiting for all of the SocketServer Acceptors to be started (kafka.server.ControllerServer)
stream-state-bench-flink-kafka  | [2026-07-15 22:12:42,740] INFO [ControllerRegistrationManager id=1 incarnation=2qoO7BemRMuXpK8RtsvKiQ] initialized channel manager. (kafka.server.ControllerRegistrationManager)
stream-state-bench-flink-kafka  | [2026-07-15 22:12:42,740] INFO [ControllerServer id=1] Finished waiting for all of the SocketServer Acceptors to be started (kafka.server.ControllerServer)
stream-state-bench-flink-kafka  | [2026-07-15 22:12:42,741] INFO [ControllerRegistrationManager id=1 incarnation=2qoO7BemRMuXpK8RtsvKiQ] maybeSendControllerRegistration: cannot register yet because the metadata.version is not known yet. (kafka.server.ControllerRegistrationManager)
stream-state-bench-flink-kafka  | [2026-07-15 22:12:42,741] INFO [BrokerServer id=1] Transition from SHUTDOWN to STARTING (kafka.server.BrokerServer)
stream-state-bench-flink-kafka  | [2026-07-15 22:12:42,741] INFO [BrokerServer id=1] Starting broker (kafka.server.BrokerServer)
stream-state-bench-flink-kafka  | [2026-07-15 22:12:42,744] INFO [broker-1-ThrottledChannelReaper-Fetch]: Starting (org.apache.kafka.server.quota.ClientQuotaManager$ThrottledChannelReaper)
stream-state-bench-flink-kafka  | [2026-07-15 22:12:42,744] INFO [broker-1-ThrottledChannelReaper-Produce]: Starting (org.apache.kafka.server.quota.ClientQuotaManager$ThrottledChannelReaper)
stream-state-bench-flink-kafka  | [2026-07-15 22:12:42,745] INFO [broker-1-ThrottledChannelReaper-Request]: Starting (org.apache.kafka.server.quota.ClientQuotaManager$ThrottledChannelReaper)
stream-state-bench-flink-kafka  | [2026-07-15 22:12:42,745] INFO [broker-1-ThrottledChannelReaper-ControllerMutation]: Starting (org.apache.kafka.server.quota.ClientQuotaManager$ThrottledChannelReaper)
stream-state-bench-flink-kafka  | [2026-07-15 22:12:42,748] INFO [MetadataLoader id=1] maybePublishMetadata(LOG_DELTA): The loader finished catching up to the current high water mark of 10 (org.apache.kafka.image.loader.MetadataLoader)
stream-state-bench-flink-kafka  | [2026-07-15 22:12:42,749] INFO [MetadataLoader id=1] InitializeNewPublishers: initializing SnapshotGenerator with a snapshot at offset 9 (org.apache.kafka.image.loader.MetadataLoader)
stream-state-bench-flink-kafka  | [2026-07-15 22:12:42,749] INFO [MetadataLoader id=1] InitializeNewPublishers: initializing KRaftMetadataCachePublisher with a snapshot at offset 9 (org.apache.kafka.image.loader.MetadataLoader)
stream-state-bench-flink-kafka  | [2026-07-15 22:12:42,750] INFO [MetadataLoader id=1] InitializeNewPublishers: initializing FeaturesPublisher with a snapshot at offset 9 (org.apache.kafka.image.loader.MetadataLoader)
stream-state-bench-flink-kafka  | [2026-07-15 22:12:42,752] INFO [BrokerServer id=1] Waiting for controller quorum voters future (kafka.server.BrokerServer)
stream-state-bench-flink-kafka  | [2026-07-15 22:12:42,753] INFO [BrokerServer id=1] Finished waiting for controller quorum voters future (kafka.server.BrokerServer)
stream-state-bench-flink-kafka  | [2026-07-15 22:12:42,754] INFO [broker-1-to-controller-forwarding-channel-manager]: Starting (org.apache.kafka.server.NodeToControllerRequestThread)
stream-state-bench-flink-kafka  | [2026-07-15 22:12:42,754] INFO [ControllerServer id=1] Loaded new metadata FinalizedFeatures[metadataVersion=4.3-IV0, finalizedFeatures={group.version=1, streams.version=1, transaction.version=2, eligible.leader.replicas.version=1, share.version=1, metadata.version=30}, finalizedFeaturesEpoch=9]. (org.apache.kafka.metadata.publisher.FeaturesPublisher)
stream-state-bench-flink-kafka  | [2026-07-15 22:12:42,754] INFO [MetadataLoader id=1] InitializeNewPublishers: initializing ControllerRegistrationsPublisher with a snapshot at offset 9 (org.apache.kafka.image.loader.MetadataLoader)
stream-state-bench-flink-kafka  | [2026-07-15 22:12:42,754] INFO Recorded new KRaft controller, from now on will use node kafka:9093 (id: 1 rack: null isFenced: false) (org.apache.kafka.server.NodeToControllerRequestThread)
stream-state-bench-flink-kafka  | [2026-07-15 22:12:42,754] INFO [MetadataLoader id=1] InitializeNewPublishers: initializing ControllerRegistrationManager with a snapshot at offset 9 (org.apache.kafka.image.loader.MetadataLoader)
stream-state-bench-flink-kafka  | [2026-07-15 22:12:42,754] INFO [MetadataLoader id=1] InitializeNewPublishers: initializing DynamicConfigPublisher controller id=1 with a snapshot at offset 9 (org.apache.kafka.image.loader.MetadataLoader)
stream-state-bench-flink-kafka  | [2026-07-15 22:12:42,756] INFO [client-metrics-reaper]: Starting (org.apache.kafka.server.util.timer.SystemTimerReaper$Reaper)
stream-state-bench-flink-kafka  | [2026-07-15 22:12:42,756] INFO [DynamicConfigPublisher controller id=1] Updating cluster configuration : min.insync.replicas -> 1 (kafka.server.metadata.DynamicConfigPublisher)
stream-state-bench-flink-kafka  | [2026-07-15 22:12:42,759] INFO AbstractConfig values: 
stream-state-bench-flink-kafka  | 	group.consumer.assignment.interval.ms = 1000
stream-state-bench-flink-kafka  | 	group.consumer.assignors = [uniform, range]
stream-state-bench-flink-kafka  | 	group.consumer.heartbeat.interval.ms = 5000
stream-state-bench-flink-kafka  | 	group.consumer.max.assignment.interval.ms = 15000
stream-state-bench-flink-kafka  | 	group.consumer.max.heartbeat.interval.ms = 15000
stream-state-bench-flink-kafka  | 	group.consumer.max.session.timeout.ms = 60000
stream-state-bench-flink-kafka  | 	group.consumer.max.size = 2147483647
stream-state-bench-flink-kafka  | 	group.consumer.migration.policy = bidirectional
stream-state-bench-flink-kafka  | 	group.consumer.min.assignment.interval.ms = 0
stream-state-bench-flink-kafka  | 	group.consumer.min.heartbeat.interval.ms = 5000
stream-state-bench-flink-kafka  | 	group.consumer.min.session.timeout.ms = 45000
stream-state-bench-flink-kafka  | 	group.consumer.regex.refresh.interval.ms = 600000
stream-state-bench-flink-kafka  | 	group.consumer.session.timeout.ms = 45000
stream-state-bench-flink-kafka  | 	group.coordinator.append.linger.ms = -1
stream-state-bench-flink-kafka  | 	group.coordinator.background.threads = 2
stream-state-bench-flink-kafka  | 	group.coordinator.cached.buffer.max.bytes = 1048588
stream-state-bench-flink-kafka  | 	group.coordinator.rebalance.protocols = [classic, consumer, streams]
stream-state-bench-flink-kafka  | 	group.coordinator.threads = 4
stream-state-bench-flink-kafka  | 	group.initial.rebalance.delay.ms = 0
stream-state-bench-flink-kafka  | 	group.max.session.timeout.ms = 1800000
stream-state-bench-flink-kafka  | 	group.max.size = 2147483647
stream-state-bench-flink-kafka  | 	group.min.session.timeout.ms = 6000
stream-state-bench-flink-kafka  | 	group.share.assignment.interval.ms = 1000
stream-state-bench-flink-kafka  | 	group.share.assignors = [simple]
stream-state-bench-flink-kafka  | 	group.share.heartbeat.interval.ms = 5000
stream-state-bench-flink-kafka  | 	group.share.initialize.retry.interval.ms = 30000
stream-state-bench-flink-kafka  | 	group.share.max.assignment.interval.ms = 15000
stream-state-bench-flink-kafka  | 	group.share.max.heartbeat.interval.ms = 15000
stream-state-bench-flink-kafka  | 	group.share.max.session.timeout.ms = 60000
stream-state-bench-flink-kafka  | 	group.share.max.size = 200
stream-state-bench-flink-kafka  | 	group.share.min.assignment.interval.ms = 0
stream-state-bench-flink-kafka  | 	group.share.min.heartbeat.interval.ms = 5000
stream-state-bench-flink-kafka  | 	group.share.min.session.timeout.ms = 45000
stream-state-bench-flink-kafka  | 	group.share.session.timeout.ms = 45000
stream-state-bench-flink-kafka  | 	group.streams.assignment.interval.ms = 1000
stream-state-bench-flink-kafka  | 	group.streams.heartbeat.interval.ms = 5000
stream-state-bench-flink-kafka  | 	group.streams.initial.rebalance.delay.ms = 3000
stream-state-bench-flink-kafka  | 	group.streams.max.assignment.interval.ms = 15000
stream-state-bench-flink-kafka  | 	group.streams.max.heartbeat.interval.ms = 15000
stream-state-bench-flink-kafka  | 	group.streams.max.session.timeout.ms = 60000
stream-state-bench-flink-kafka  | 	group.streams.max.size = 2147483647
stream-state-bench-flink-kafka  | 	group.streams.max.standby.replicas = 2
stream-state-bench-flink-kafka  | 	group.streams.min.assignment.interval.ms = 0
stream-state-bench-flink-kafka  | 	group.streams.min.heartbeat.interval.ms = 5000
stream-state-bench-flink-kafka  | 	group.streams.min.session.timeout.ms = 45000
stream-state-bench-flink-kafka  | 	group.streams.num.standby.replicas = 0
stream-state-bench-flink-kafka  | 	group.streams.session.timeout.ms = 45000
stream-state-bench-flink-kafka  | 	offset.metadata.max.bytes = 4096
stream-state-bench-flink-kafka  | 	offsets.commit.timeout.ms = 5000
stream-state-bench-flink-kafka  | 	offsets.load.buffer.size = 5242880
stream-state-bench-flink-kafka  | 	offsets.retention.check.interval.ms = 600000
stream-state-bench-flink-kafka  | 	offsets.retention.minutes = 10080
stream-state-bench-flink-kafka  | 	offsets.topic.compression.codec = 0
stream-state-bench-flink-kafka  | 	offsets.topic.num.partitions = 50
stream-state-bench-flink-kafka  | 	offsets.topic.replication.factor = 1
stream-state-bench-flink-kafka  | 	offsets.topic.segment.bytes = 104857600
stream-state-bench-flink-kafka  |  (org.apache.kafka.common.config.AbstractConfig)
stream-state-bench-flink-kafka  | [2026-07-15 22:12:42,761] INFO KafkaConfig values: 
stream-state-bench-flink-kafka  | 	add.partitions.to.txn.retry.backoff.max.ms = 100
stream-state-bench-flink-kafka  | 	add.partitions.to.txn.retry.backoff.ms = 20
stream-state-bench-flink-kafka  | 	advertised.listeners = [PLAINTEXT://kafka:9092]
stream-state-bench-flink-kafka  | 	alter.config.policy.class.name = null
stream-state-bench-flink-kafka  | 	alter.log.dirs.replication.quota.window.num = 11
stream-state-bench-flink-kafka  | 	alter.log.dirs.replication.quota.window.size.seconds = 1
stream-state-bench-flink-kafka  | 	authorizer.class.name = 
stream-state-bench-flink-kafka  | 	auto.create.topics.enable = false
stream-state-bench-flink-kafka  | 	auto.leader.rebalance.enable = true
stream-state-bench-flink-kafka  | 	background.threads = 10
stream-state-bench-flink-kafka  | 	broker.heartbeat.interval.ms = 2000
stream-state-bench-flink-kafka  | 	broker.id = 1
stream-state-bench-flink-kafka  | 	broker.rack = null
stream-state-bench-flink-kafka  | 	broker.session.timeout.ms = 9000
stream-state-bench-flink-kafka  | 	client.quota.callback.class = null
stream-state-bench-flink-kafka  | 	compression.gzip.level = -1
stream-state-bench-flink-kafka  | 	compression.lz4.level = 9
stream-state-bench-flink-kafka  | 	compression.type = producer
stream-state-bench-flink-kafka  | 	compression.zstd.level = 3
stream-state-bench-flink-kafka  | 	config.providers = []
stream-state-bench-flink-kafka  | 	connection.failed.authentication.delay.ms = 100
stream-state-bench-flink-kafka  | 	connections.max.idle.ms = 600000
stream-state-bench-flink-kafka  | 	connections.max.reauth.ms = 0
stream-state-bench-flink-kafka  | 	controlled.shutdown.enable = true
stream-state-bench-flink-kafka  | 	controller.listener.names = [CONTROLLER]
stream-state-bench-flink-kafka  | 	controller.performance.always.log.threshold.ms = 2000
stream-state-bench-flink-kafka  | 	controller.performance.sample.period.ms = 60000
stream-state-bench-flink-kafka  | 	controller.quorum.append.linger.ms = 25
stream-state-bench-flink-kafka  | 	controller.quorum.auto.join.enable = false
stream-state-bench-flink-kafka  | 	controller.quorum.bootstrap.servers = []
stream-state-bench-flink-kafka  | 	controller.quorum.election.backoff.max.ms = 1000
stream-state-bench-flink-kafka  | 	controller.quorum.election.timeout.ms = 1000
stream-state-bench-flink-kafka  | 	controller.quorum.fetch.max.bytes = 1048576
stream-state-bench-flink-kafka  | 	controller.quorum.fetch.snapshot.max.bytes = 1048576
stream-state-bench-flink-kafka  | 	controller.quorum.fetch.timeout.ms = 2000
stream-state-bench-flink-kafka  | 	controller.quorum.request.timeout.ms = 2000
stream-state-bench-flink-kafka  | 	controller.quorum.retry.backoff.ms = 20
stream-state-bench-flink-kafka  | 	controller.quorum.voters = [1@kafka:9093]
stream-state-bench-flink-kafka  | 	controller.quota.window.num = 11
stream-state-bench-flink-kafka  | 	controller.quota.window.size.seconds = 1
stream-state-bench-flink-kafka  | 	controller.socket.timeout.ms = 30000
stream-state-bench-flink-kafka  | 	cordoned.log.dirs = []
stream-state-bench-flink-kafka  | 	create.topic.policy.class.name = null
stream-state-bench-flink-kafka  | 	default.replication.factor = 1
stream-state-bench-flink-kafka  | 	delegation.token.expiry.check.interval.ms = 3600000
stream-state-bench-flink-kafka  | 	delegation.token.expiry.time.ms = 86400000
stream-state-bench-flink-kafka  | 	delegation.token.max.lifetime.ms = 604800000
stream-state-bench-flink-kafka  | 	delegation.token.secret.key = null
stream-state-bench-flink-kafka  | 	delete.records.purgatory.purge.interval.requests = 1
stream-state-bench-flink-kafka  | 	delete.topic.enable = true
stream-state-bench-flink-kafka  | 	early.start.listeners = null
stream-state-bench-flink-kafka  | 	fetch.max.bytes = 57671680
stream-state-bench-flink-kafka  | 	fetch.purgatory.purge.interval.requests = 1000
stream-state-bench-flink-kafka  | 	follower.fetch.last.tiered.offset.enable = false
stream-state-bench-flink-kafka  | 	group.consumer.assignment.interval.ms = 1000
stream-state-bench-flink-kafka  | 	group.consumer.assignors = [uniform, range]
stream-state-bench-flink-kafka  | 	group.consumer.heartbeat.interval.ms = 5000
stream-state-bench-flink-kafka  | 	group.consumer.max.assignment.interval.ms = 15000
stream-state-bench-flink-kafka  | 	group.consumer.max.heartbeat.interval.ms = 15000
stream-state-bench-flink-kafka  | 	group.consumer.max.session.timeout.ms = 60000
stream-state-bench-flink-kafka  | 	group.consumer.max.size = 2147483647
stream-state-bench-flink-kafka  | 	group.consumer.migration.policy = bidirectional
stream-state-bench-flink-kafka  | 	group.consumer.min.assignment.interval.ms = 0
stream-state-bench-flink-kafka  | 	group.consumer.min.heartbeat.interval.ms = 5000
stream-state-bench-flink-kafka  | 	group.consumer.min.session.timeout.ms = 45000
stream-state-bench-flink-kafka  | 	group.consumer.regex.refresh.interval.ms = 600000
stream-state-bench-flink-kafka  | 	group.consumer.session.timeout.ms = 45000
stream-state-bench-flink-kafka  | 	group.coordinator.append.linger.ms = -1
stream-state-bench-flink-kafka  | 	group.coordinator.background.threads = 2
stream-state-bench-flink-kafka  | 	group.coordinator.cached.buffer.max.bytes = 1048588
stream-state-bench-flink-kafka  | 	group.coordinator.rebalance.protocols = [classic, consumer, streams]
stream-state-bench-flink-kafka  | 	group.coordinator.threads = 4
stream-state-bench-flink-kafka  | 	group.initial.rebalance.delay.ms = 0
stream-state-bench-flink-kafka  | 	group.max.session.timeout.ms = 1800000
stream-state-bench-flink-kafka  | 	group.max.size = 2147483647
stream-state-bench-flink-kafka  | 	group.min.session.timeout.ms = 6000
stream-state-bench-flink-kafka  | 	group.share.assignment.interval.ms = 1000
stream-state-bench-flink-kafka  | 	group.share.assignors = [simple]
stream-state-bench-flink-kafka  | 	group.share.delivery.count.limit = 5
stream-state-bench-flink-kafka  | 	group.share.heartbeat.interval.ms = 5000
stream-state-bench-flink-kafka  | 	group.share.initialize.retry.interval.ms = 30000
stream-state-bench-flink-kafka  | 	group.share.max.assignment.interval.ms = 15000
stream-state-bench-flink-kafka  | 	group.share.max.delivery.count.limit = 10
stream-state-bench-flink-kafka  | 	group.share.max.heartbeat.interval.ms = 15000
stream-state-bench-flink-kafka  | 	group.share.max.partition.max.record.locks = 4000
stream-state-bench-flink-kafka  | 	group.share.max.record.lock.duration.ms = 60000
stream-state-bench-flink-kafka  | 	group.share.max.session.timeout.ms = 60000
stream-state-bench-flink-kafka  | 	group.share.max.share.sessions = 2000
stream-state-bench-flink-kafka  | 	group.share.max.size = 200
stream-state-bench-flink-kafka  | 	group.share.min.assignment.interval.ms = 0
stream-state-bench-flink-kafka  | 	group.share.min.delivery.count.limit = 2
stream-state-bench-flink-kafka  | 	group.share.min.heartbeat.interval.ms = 5000
stream-state-bench-flink-kafka  | 	group.share.min.partition.max.record.locks = 100
stream-state-bench-flink-kafka  | 	group.share.min.record.lock.duration.ms = 15000
stream-state-bench-flink-kafka  | 	group.share.min.session.timeout.ms = 45000
stream-state-bench-flink-kafka  | 	group.share.partition.max.record.locks = 2000
stream-state-bench-flink-kafka  | 	group.share.persister.class.name = org.apache.kafka.server.share.persister.DefaultStatePersister
stream-state-bench-flink-kafka  | 	group.share.record.lock.duration.ms = 30000
stream-state-bench-flink-kafka  | 	group.share.session.timeout.ms = 45000
stream-state-bench-flink-kafka  | 	group.streams.assignment.interval.ms = 1000
stream-state-bench-flink-kafka  | 	group.streams.heartbeat.interval.ms = 5000
stream-state-bench-flink-kafka  | 	group.streams.initial.rebalance.delay.ms = 3000
stream-state-bench-flink-kafka  | 	group.streams.max.assignment.interval.ms = 15000
stream-state-bench-flink-kafka  | 	group.streams.max.heartbeat.interval.ms = 15000
stream-state-bench-flink-kafka  | 	group.streams.max.session.timeout.ms = 60000
stream-state-bench-flink-kafka  | 	group.streams.max.size = 2147483647
stream-state-bench-flink-kafka  | 	group.streams.max.standby.replicas = 2
stream-state-bench-flink-kafka  | 	group.streams.min.assignment.interval.ms = 0
stream-state-bench-flink-kafka  | 	group.streams.min.heartbeat.interval.ms = 5000
stream-state-bench-flink-kafka  | 	group.streams.min.session.timeout.ms = 45000
stream-state-bench-flink-kafka  | 	group.streams.num.standby.replicas = 0
stream-state-bench-flink-kafka  | 	group.streams.session.timeout.ms = 45000
stream-state-bench-flink-kafka  | 	initial.broker.registration.timeout.ms = 60000
stream-state-bench-flink-kafka  | 	inter.broker.listener.name = null
stream-state-bench-flink-kafka  | 	internal.metadata.delete.delay.millis = 60000
stream-state-bench-flink-kafka  | 	internal.metadata.log.segment.bytes = null
stream-state-bench-flink-kafka  | 	internal.metadata.max.batch.size.in.bytes = 8388608
stream-state-bench-flink-kafka  | 	kafka.metrics.polling.interval.secs = 10
stream-state-bench-flink-kafka  | 	kafka.metrics.reporters = []
stream-state-bench-flink-kafka  | 	leader.imbalance.check.interval.seconds = 300
stream-state-bench-flink-kafka  | 	listener.security.protocol.map = CONTROLLER:PLAINTEXT,PLAINTEXT:PLAINTEXT
stream-state-bench-flink-kafka  | 	listeners = [PLAINTEXT://:9092, CONTROLLER://:9093]
stream-state-bench-flink-kafka  | 	log.cleaner.backoff.ms = 15000
stream-state-bench-flink-kafka  | 	log.cleaner.dedupe.buffer.size = 134217728
stream-state-bench-flink-kafka  | 	log.cleaner.delete.retention.ms = 86400000
stream-state-bench-flink-kafka  | 	log.cleaner.enable = true
stream-state-bench-flink-kafka  | 	log.cleaner.io.buffer.load.factor = 0.9
stream-state-bench-flink-kafka  | 	log.cleaner.io.buffer.size = 524288
stream-state-bench-flink-kafka  | 	log.cleaner.io.max.bytes.per.second = 1.7976931348623157E308
stream-state-bench-flink-kafka  | 	log.cleaner.max.compaction.lag.ms = 9223372036854775807
stream-state-bench-flink-kafka  | 	log.cleaner.min.cleanable.ratio = 0.5
stream-state-bench-flink-kafka  | 	log.cleaner.min.compaction.lag.ms = 0
stream-state-bench-flink-kafka  | 	log.cleaner.threads = 1
stream-state-bench-flink-kafka  | 	log.cleanup.policy = [delete]
stream-state-bench-flink-kafka  | 	log.dir = [/tmp/kafka-logs]
stream-state-bench-flink-kafka  | 	log.dir.failure.timeout.ms = 30000
stream-state-bench-flink-kafka  | 	log.dirs = null
stream-state-bench-flink-kafka  | 	log.flush.interval.messages = 9223372036854775807
stream-state-bench-flink-kafka  | 	log.flush.interval.ms = null
stream-state-bench-flink-kafka  | 	log.flush.offset.checkpoint.interval.ms = 60000
stream-state-bench-flink-kafka  | 	log.flush.scheduler.interval.ms = 9223372036854775807
stream-state-bench-flink-kafka  | 	log.flush.start.offset.checkpoint.interval.ms = 60000
stream-state-bench-flink-kafka  | 	log.index.interval.bytes = 4096
stream-state-bench-flink-kafka  | 	log.index.size.max.bytes = 10485760
stream-state-bench-flink-kafka  | 	log.initial.task.delay.ms = 30000
stream-state-bench-flink-kafka  | 	log.local.retention.bytes = -2
stream-state-bench-flink-kafka  | 	log.local.retention.ms = -2
stream-state-bench-flink-kafka  | 	log.message.timestamp.after.max.ms = 3600000
stream-state-bench-flink-kafka  | 	log.message.timestamp.before.max.ms = 9223372036854775807
stream-state-bench-flink-kafka  | 	log.message.timestamp.type = CreateTime
stream-state-bench-flink-kafka  | 	log.preallocate = false
stream-state-bench-flink-kafka  | 	log.retention.bytes = -1
stream-state-bench-flink-kafka  | 	log.retention.check.interval.ms = 300000
stream-state-bench-flink-kafka  | 	log.retention.hours = 168
stream-state-bench-flink-kafka  | 	log.retention.minutes = null
stream-state-bench-flink-kafka  | 	log.retention.ms = null
stream-state-bench-flink-kafka  | 	log.roll.hours = 168
stream-state-bench-flink-kafka  | 	log.roll.jitter.hours = 0
stream-state-bench-flink-kafka  | 	log.roll.jitter.ms = null
stream-state-bench-flink-kafka  | 	log.roll.ms = null
stream-state-bench-flink-kafka  | 	log.segment.bytes = 1073741824
stream-state-bench-flink-kafka  | 	log.segment.delete.delay.ms = 60000
stream-state-bench-flink-kafka  | 	max.connection.creation.rate = 2147483647
stream-state-bench-flink-kafka  | 	max.connections = 2147483647
stream-state-bench-flink-kafka  | 	max.connections.per.ip = 2147483647
stream-state-bench-flink-kafka  | 	max.connections.per.ip.overrides = 
stream-state-bench-flink-kafka  | 	max.incremental.fetch.session.cache.slots = 1000
stream-state-bench-flink-kafka  | 	max.request.partition.size.limit = 2000
stream-state-bench-flink-kafka  | 	message.max.bytes = 1048588
stream-state-bench-flink-kafka  | 	metadata.log.dir = null
stream-state-bench-flink-kafka  | 	metadata.log.max.record.bytes.between.snapshots = 20971520
stream-state-bench-flink-kafka  | 	metadata.log.max.snapshot.interval.ms = 3600000
stream-state-bench-flink-kafka  | 	metadata.log.segment.bytes = 1073741824
stream-state-bench-flink-kafka  | 	metadata.log.segment.ms = 604800000
stream-state-bench-flink-kafka  | 	metadata.max.idle.interval.ms = 500
stream-state-bench-flink-kafka  | 	metadata.max.retention.bytes = 104857600
stream-state-bench-flink-kafka  | 	metadata.max.retention.ms = 604800000
stream-state-bench-flink-kafka  | 	metric.reporters = [org.apache.kafka.common.metrics.JmxReporter]
stream-state-bench-flink-kafka  | 	metrics.num.samples = 2
stream-state-bench-flink-kafka  | 	metrics.recording.level = INFO
stream-state-bench-flink-kafka  | 	metrics.sample.window.ms = 30000
stream-state-bench-flink-kafka  | 	min.insync.replicas = 1
stream-state-bench-flink-kafka  | 	node.id = 1
stream-state-bench-flink-kafka  | 	num.io.threads = 8
stream-state-bench-flink-kafka  | 	num.network.threads = 3
stream-state-bench-flink-kafka  | 	num.partitions = 1
stream-state-bench-flink-kafka  | 	num.recovery.threads.per.data.dir = 2
stream-state-bench-flink-kafka  | 	num.replica.alter.log.dirs.threads = null
stream-state-bench-flink-kafka  | 	num.replica.fetchers = 1
stream-state-bench-flink-kafka  | 	offset.metadata.max.bytes = 4096
stream-state-bench-flink-kafka  | 	offsets.commit.timeout.ms = 5000
stream-state-bench-flink-kafka  | 	offsets.load.buffer.size = 5242880
stream-state-bench-flink-kafka  | 	offsets.retention.check.interval.ms = 600000
stream-state-bench-flink-kafka  | 	offsets.retention.minutes = 10080
stream-state-bench-flink-kafka  | 	offsets.topic.compression.codec = 0
stream-state-bench-flink-kafka  | 	offsets.topic.num.partitions = 50
stream-state-bench-flink-kafka  | 	offsets.topic.replication.factor = 1
stream-state-bench-flink-kafka  | 	offsets.topic.segment.bytes = 104857600
stream-state-bench-flink-kafka  | 	principal.builder.class = class org.apache.kafka.common.security.authenticator.DefaultKafkaPrincipalBuilder
stream-state-bench-flink-kafka  | 	process.roles = [broker, controller]
stream-state-bench-flink-kafka  | 	producer.id.expiration.check.interval.ms = 600000
stream-state-bench-flink-kafka  | 	producer.id.expiration.ms = 86400000
stream-state-bench-flink-kafka  | 	producer.purgatory.purge.interval.requests = 1000
stream-state-bench-flink-kafka  | 	queued.max.request.bytes = -1
stream-state-bench-flink-kafka  | 	queued.max.requests = 500
stream-state-bench-flink-kafka  | 	quota.window.num = 11
stream-state-bench-flink-kafka  | 	quota.window.size.seconds = 1
stream-state-bench-flink-kafka  | 	remote.fetch.max.wait.ms = 500
stream-state-bench-flink-kafka  | 	remote.list.offsets.request.timeout.ms = 30000
stream-state-bench-flink-kafka  | 	remote.log.index.file.cache.total.size.bytes = 1073741824
stream-state-bench-flink-kafka  | 	remote.log.index.file.cache.ttl.ms = 900000
stream-state-bench-flink-kafka  | 	remote.log.manager.copier.thread.pool.size = 10
stream-state-bench-flink-kafka  | 	remote.log.manager.copy.max.bytes.per.second = 9223372036854775807
stream-state-bench-flink-kafka  | 	remote.log.manager.copy.quota.window.num = 11
stream-state-bench-flink-kafka  | 	remote.log.manager.copy.quota.window.size.seconds = 1
stream-state-bench-flink-kafka  | 	remote.log.manager.expiration.thread.pool.size = 10
stream-state-bench-flink-kafka  | 	remote.log.manager.fetch.max.bytes.per.second = 9223372036854775807
stream-state-bench-flink-kafka  | 	remote.log.manager.fetch.quota.window.num = 11
stream-state-bench-flink-kafka  | 	remote.log.manager.fetch.quota.window.size.seconds = 1
stream-state-bench-flink-kafka  | 	remote.log.manager.follower.thread.pool.size = 2
stream-state-bench-flink-kafka  | 	remote.log.manager.task.interval.ms = 30000
stream-state-bench-flink-kafka  | 	remote.log.manager.task.retry.backoff.max.ms = 30000
stream-state-bench-flink-kafka  | 	remote.log.manager.task.retry.backoff.ms = 500
stream-state-bench-flink-kafka  | 	remote.log.manager.task.retry.jitter = 0.2
stream-state-bench-flink-kafka  | 	remote.log.manager.thread.pool.size = 2
stream-state-bench-flink-kafka  | 	remote.log.metadata.custom.metadata.max.bytes = 128
stream-state-bench-flink-kafka  | 	remote.log.metadata.manager.class.name = org.apache.kafka.server.log.remote.metadata.storage.TopicBasedRemoteLogMetadataManager
stream-state-bench-flink-kafka  | 	remote.log.metadata.manager.class.path = null
stream-state-bench-flink-kafka  | 	remote.log.metadata.manager.impl.prefix = rlmm.config.
stream-state-bench-flink-kafka  | 	remote.log.metadata.manager.listener.name = null
stream-state-bench-flink-kafka  | 	remote.log.reader.max.pending.tasks = 100
stream-state-bench-flink-kafka  | 	remote.log.reader.threads = 10
stream-state-bench-flink-kafka  | 	remote.log.storage.manager.class.name = null
stream-state-bench-flink-kafka  | 	remote.log.storage.manager.class.path = null
stream-state-bench-flink-kafka  | 	remote.log.storage.manager.impl.prefix = rsm.config.
stream-state-bench-flink-kafka  | 	remote.log.storage.system.enable = false
stream-state-bench-flink-kafka  | 	replica.fetch.backoff.ms = 1000
stream-state-bench-flink-kafka  | 	replica.fetch.max.bytes = 1048576
stream-state-bench-flink-kafka  | 	replica.fetch.min.bytes = 1
stream-state-bench-flink-kafka  | 	replica.fetch.response.max.bytes = 10485760
stream-state-bench-flink-kafka  | 	replica.fetch.wait.max.ms = 500
stream-state-bench-flink-kafka  | 	replica.high.watermark.checkpoint.interval.ms = 5000
stream-state-bench-flink-kafka  | 	replica.lag.time.max.ms = 30000
stream-state-bench-flink-kafka  | 	replica.selector.class = null
stream-state-bench-flink-kafka  | 	replica.socket.receive.buffer.bytes = 65536
stream-state-bench-flink-kafka  | 	replica.socket.timeout.ms = 30000
stream-state-bench-flink-kafka  | 	replication.quota.window.num = 11
stream-state-bench-flink-kafka  | 	replication.quota.window.size.seconds = 1
stream-state-bench-flink-kafka  | 	request.timeout.ms = 30000
stream-state-bench-flink-kafka  | 	sasl.client.callback.handler.class = null
stream-state-bench-flink-kafka  | 	sasl.enabled.mechanisms = [GSSAPI]
stream-state-bench-flink-kafka  | 	sasl.jaas.config = null
stream-state-bench-flink-kafka  | 	sasl.kerberos.kinit.cmd = /usr/bin/kinit
stream-state-bench-flink-kafka  | 	sasl.kerberos.min.time.before.relogin = 60000
stream-state-bench-flink-kafka  | 	sasl.kerberos.principal.to.local.rules = [DEFAULT]
stream-state-bench-flink-kafka  | 	sasl.kerberos.service.name = null
stream-state-bench-flink-kafka  | 	sasl.kerberos.ticket.renew.jitter = 0.05
stream-state-bench-flink-kafka  | 	sasl.kerberos.ticket.renew.window.factor = 0.8
stream-state-bench-flink-kafka  | 	sasl.login.callback.handler.class = null
stream-state-bench-flink-kafka  | 	sasl.login.class = null
stream-state-bench-flink-kafka  | 	sasl.login.connect.timeout.ms = null
stream-state-bench-flink-kafka  | 	sasl.login.read.timeout.ms = null
stream-state-bench-flink-kafka  | 	sasl.login.refresh.buffer.seconds = 300
stream-state-bench-flink-kafka  | 	sasl.login.refresh.min.period.seconds = 60
stream-state-bench-flink-kafka  | 	sasl.login.refresh.window.factor = 0.8
stream-state-bench-flink-kafka  | 	sasl.login.refresh.window.jitter = 0.05
stream-state-bench-flink-kafka  | 	sasl.login.retry.backoff.max.ms = 10000
stream-state-bench-flink-kafka  | 	sasl.login.retry.backoff.ms = 100
stream-state-bench-flink-kafka  | 	sasl.mechanism.controller.protocol = GSSAPI
stream-state-bench-flink-kafka  | 	sasl.mechanism.inter.broker.protocol = GSSAPI
stream-state-bench-flink-kafka  | 	sasl.oauthbearer.assertion.algorithm = RS256
stream-state-bench-flink-kafka  | 	sasl.oauthbearer.assertion.claim.aud = null
stream-state-bench-flink-kafka  | 	sasl.oauthbearer.assertion.claim.exp.seconds = 300
stream-state-bench-flink-kafka  | 	sasl.oauthbearer.assertion.claim.iss = null
stream-state-bench-flink-kafka  | 	sasl.oauthbearer.assertion.claim.jti.include = false
stream-state-bench-flink-kafka  | 	sasl.oauthbearer.assertion.claim.nbf.seconds = 60
stream-state-bench-flink-kafka  | 	sasl.oauthbearer.assertion.claim.sub = null
stream-state-bench-flink-kafka  | 	sasl.oauthbearer.assertion.file = null
stream-state-bench-flink-kafka  | 	sasl.oauthbearer.assertion.private.key.file = null
stream-state-bench-flink-kafka  | 	sasl.oauthbearer.assertion.private.key.passphrase = null
stream-state-bench-flink-kafka  | 	sasl.oauthbearer.assertion.template.file = null
stream-state-bench-flink-kafka  | 	sasl.oauthbearer.client.credentials.client.id = null
stream-state-bench-flink-kafka  | 	sasl.oauthbearer.client.credentials.client.secret = null
stream-state-bench-flink-kafka  | 	sasl.oauthbearer.clock.skew.seconds = 30
stream-state-bench-flink-kafka  | 	sasl.oauthbearer.expected.audience = []
stream-state-bench-flink-kafka  | 	sasl.oauthbearer.expected.issuer = null
stream-state-bench-flink-kafka  | 	sasl.oauthbearer.jwks.endpoint.refresh.ms = 3600000
stream-state-bench-flink-kafka  | 	sasl.oauthbearer.jwks.endpoint.retry.backoff.max.ms = 10000
stream-state-bench-flink-kafka  | 	sasl.oauthbearer.jwks.endpoint.retry.backoff.ms = 100
stream-state-bench-flink-kafka  | 	sasl.oauthbearer.jwks.endpoint.url = null
stream-state-bench-flink-kafka  | 	sasl.oauthbearer.jwt.retriever.class = class org.apache.kafka.common.security.oauthbearer.DefaultJwtRetriever
stream-state-bench-flink-kafka  | 	sasl.oauthbearer.jwt.validator.class = class org.apache.kafka.common.security.oauthbearer.DefaultJwtValidator
stream-state-bench-flink-kafka  | 	sasl.oauthbearer.scope = null
stream-state-bench-flink-kafka  | 	sasl.oauthbearer.scope.claim.name = scope
stream-state-bench-flink-kafka  | 	sasl.oauthbearer.sub.claim.name = sub
stream-state-bench-flink-kafka  | 	sasl.oauthbearer.token.endpoint.url = null
stream-state-bench-flink-kafka  | 	sasl.server.callback.handler.class = null
stream-state-bench-flink-kafka  | 	sasl.server.max.receive.size = 524288
stream-state-bench-flink-kafka  | 	security.inter.broker.protocol = PLAINTEXT
stream-state-bench-flink-kafka  | 	security.providers = null
stream-state-bench-flink-kafka  | 	server.max.startup.time.ms = 9223372036854775807
stream-state-bench-flink-kafka  | 	share.coordinator.append.linger.ms = -1
stream-state-bench-flink-kafka  | 	share.coordinator.cached.buffer.max.bytes = 1048588
stream-state-bench-flink-kafka  | 	share.coordinator.cold.partition.snapshot.interval.ms = 300000
stream-state-bench-flink-kafka  | 	share.coordinator.load.buffer.size = 5242880
stream-state-bench-flink-kafka  | 	share.coordinator.snapshot.update.records.per.snapshot = 500
stream-state-bench-flink-kafka  | 	share.coordinator.state.topic.compression.codec = 0
stream-state-bench-flink-kafka  | 	share.coordinator.state.topic.min.isr = 2
stream-state-bench-flink-kafka  | 	share.coordinator.state.topic.num.partitions = 50
stream-state-bench-flink-kafka  | 	share.coordinator.state.topic.prune.interval.ms = 300000
stream-state-bench-flink-kafka  | 	share.coordinator.state.topic.replication.factor = 3
stream-state-bench-flink-kafka  | 	share.coordinator.state.topic.segment.bytes = 104857600
stream-state-bench-flink-kafka  | 	share.coordinator.threads = 1
stream-state-bench-flink-kafka  | 	share.coordinator.write.timeout.ms = 5000
stream-state-bench-flink-kafka  | 	share.fetch.purgatory.purge.interval.requests = 1000
stream-state-bench-flink-kafka  | 	socket.connection.setup.timeout.max.ms = 30000
stream-state-bench-flink-kafka  | 	socket.connection.setup.timeout.ms = 10000
stream-state-bench-flink-kafka  | 	socket.listen.backlog.size = 50
stream-state-bench-flink-kafka  | 	socket.receive.buffer.bytes = 102400
stream-state-bench-flink-kafka  | 	socket.request.max.bytes = 104857600
stream-state-bench-flink-kafka  | 	socket.send.buffer.bytes = 102400
stream-state-bench-flink-kafka  | 	ssl.allow.dn.changes = false
stream-state-bench-flink-kafka  | 	ssl.allow.san.changes = false
stream-state-bench-flink-kafka  | 	ssl.cipher.suites = []
stream-state-bench-flink-kafka  | 	ssl.client.auth = none
stream-state-bench-flink-kafka  | 	ssl.enabled.protocols = [TLSv1.2, TLSv1.3]
stream-state-bench-flink-kafka  | 	ssl.endpoint.identification.algorithm = https
stream-state-bench-flink-kafka  | 	ssl.engine.factory.class = null
stream-state-bench-flink-kafka  | 	ssl.key.password = null
stream-state-bench-flink-kafka  | 	ssl.keymanager.algorithm = SunX509
stream-state-bench-flink-kafka  | 	ssl.keystore.certificate.chain = null
stream-state-bench-flink-kafka  | 	ssl.keystore.key = null
stream-state-bench-flink-kafka  | 	ssl.keystore.location = null
stream-state-bench-flink-kafka  | 	ssl.keystore.password = null
stream-state-bench-flink-kafka  | 	ssl.keystore.type = JKS
stream-state-bench-flink-kafka  | 	ssl.principal.mapping.rules = DEFAULT
stream-state-bench-flink-kafka  | 	ssl.protocol = TLSv1.3
stream-state-bench-flink-kafka  | 	ssl.provider = null
stream-state-bench-flink-kafka  | 	ssl.secure.random.implementation = null
stream-state-bench-flink-kafka  | 	ssl.trustmanager.algorithm = PKIX
stream-state-bench-flink-kafka  | 	ssl.truststore.certificates = null
stream-state-bench-flink-kafka  | 	ssl.truststore.location = null
stream-state-bench-flink-kafka  | 	ssl.truststore.password = null
stream-state-bench-flink-kafka  | 	ssl.truststore.type = JKS
stream-state-bench-flink-kafka  | 	telemetry.max.bytes = 1048576
stream-state-bench-flink-kafka  | 	transaction.abort.timed.out.transaction.cleanup.interval.ms = 10000
stream-state-bench-flink-kafka  | 	transaction.max.timeout.ms = 900000
stream-state-bench-flink-kafka  | 	transaction.partition.verification.enable = true
stream-state-bench-flink-kafka  | 	transaction.remove.expired.transaction.cleanup.interval.ms = 3600000
stream-state-bench-flink-kafka  | 	transaction.state.log.load.buffer.size = 5242880
stream-state-bench-flink-kafka  | 	transaction.state.log.min.isr = 1
stream-state-bench-flink-kafka  | 	transaction.state.log.num.partitions = 50
stream-state-bench-flink-kafka  | 	transaction.state.log.replication.factor = 1
stream-state-bench-flink-kafka  | 	transaction.state.log.segment.bytes = 104857600
stream-state-bench-flink-kafka  | 	transaction.two.phase.commit.enable = false
stream-state-bench-flink-kafka  | 	transactional.id.expiration.ms = 604800000
stream-state-bench-flink-kafka  | 	unclean.leader.election.enable = false
stream-state-bench-flink-kafka  | 	unclean.leader.election.interval.ms = 300000
stream-state-bench-flink-kafka  | 	unstable.api.versions.enable = false
stream-state-bench-flink-kafka  | 	unstable.feature.versions.enable = false
stream-state-bench-flink-kafka  |  (org.apache.kafka.common.config.AbstractConfig)
stream-state-bench-flink-kafka  | [2026-07-15 22:12:42,766] INFO [ControllerRegistrationManager id=1 incarnation=2qoO7BemRMuXpK8RtsvKiQ] sendControllerRegistration: attempting to send ControllerRegistrationRequestData(controllerId=1, incarnationId=2qoO7BemRMuXpK8RtsvKiQ, zkMigrationReady=false, listeners=[Listener(name='CONTROLLER', host='kafka', port=9093, securityProtocol=0)], features=[Feature(name='group.version', minSupportedVersion=0, maxSupportedVersion=1), Feature(name='kraft.version', minSupportedVersion=0, maxSupportedVersion=1), Feature(name='metadata.version', minSupportedVersion=7, maxSupportedVersion=30), Feature(name='share.version', minSupportedVersion=0, maxSupportedVersion=1), Feature(name='streams.version', minSupportedVersion=0, maxSupportedVersion=1), Feature(name='transaction.version', minSupportedVersion=0, maxSupportedVersion=2), Feature(name='eligible.leader.replicas.version', minSupportedVersion=0, maxSupportedVersion=1)]) (kafka.server.ControllerRegistrationManager)
stream-state-bench-flink-kafka  | [2026-07-15 22:12:42,770] INFO [MetadataLoader id=1] InitializeNewPublishers: initializing DynamicClientQuotaPublisher controller id=1 with a snapshot at offset 9 (org.apache.kafka.image.loader.MetadataLoader)
stream-state-bench-flink-kafka  | [2026-07-15 22:12:42,770] INFO [MetadataLoader id=1] InitializeNewPublishers: initializing DynamicTopicClusterQuotaPublisher controller id=1 with a snapshot at offset 9 (org.apache.kafka.image.loader.MetadataLoader)
stream-state-bench-flink-kafka  | [2026-07-15 22:12:42,771] INFO [MetadataLoader id=1] InitializeNewPublishers: initializing ScramPublisher controller id=1 with a snapshot at offset 9 (org.apache.kafka.image.loader.MetadataLoader)
stream-state-bench-flink-kafka  | [2026-07-15 22:12:42,771] INFO [MetadataLoader id=1] InitializeNewPublishers: initializing DelegationTokenPublisher controller id=1 with a snapshot at offset 9 (org.apache.kafka.image.loader.MetadataLoader)
stream-state-bench-flink-kafka  | [2026-07-15 22:12:42,771] INFO [MetadataLoader id=1] InitializeNewPublishers: initializing ControllerMetadataMetricsPublisher with a snapshot at offset 9 (org.apache.kafka.image.loader.MetadataLoader)
stream-state-bench-flink-kafka  | [2026-07-15 22:12:42,771] INFO [MetadataLoader id=1] InitializeNewPublishers: initializing AclPublisher controller id=1 with a snapshot at offset 9 (org.apache.kafka.image.loader.MetadataLoader)
stream-state-bench-flink-kafka  | [2026-07-15 22:12:42,778] INFO Updated connection-accept-rate max connection creation rate to 2147483647 (kafka.network.ConnectionQuotas)
stream-state-bench-flink-kafka  | [2026-07-15 22:12:42,781] INFO [SocketServer listenerType=BROKER, nodeId=1] Created data-plane acceptor and processors for endpoint : ListenerName(PLAINTEXT) (kafka.network.SocketServer)
stream-state-bench-flink-kafka  | [2026-07-15 22:12:42,784] INFO [broker-1-to-controller-alter-partition-channel-manager]: Starting (org.apache.kafka.server.NodeToControllerRequestThread)
stream-state-bench-flink-kafka  | [2026-07-15 22:12:42,784] INFO Recorded new KRaft controller, from now on will use node kafka:9093 (id: 1 rack: null isFenced: false) (org.apache.kafka.server.NodeToControllerRequestThread)
stream-state-bench-flink-kafka  | [2026-07-15 22:12:42,787] INFO [broker-1-to-controller-directory-assignments-channel-manager]: Starting (org.apache.kafka.server.NodeToControllerRequestThread)
stream-state-bench-flink-kafka  | [2026-07-15 22:12:42,787] INFO Recorded new KRaft controller, from now on will use node kafka:9093 (id: 1 rack: null isFenced: false) (org.apache.kafka.server.NodeToControllerRequestThread)
stream-state-bench-flink-kafka  | [2026-07-15 22:12:42,790] INFO [ExpirationReaper-1-Produce]: Starting (org.apache.kafka.server.purgatory.DelayedOperationPurgatory$ExpiredOperationReaper)
stream-state-bench-flink-kafka  | [2026-07-15 22:12:42,790] INFO [ExpirationReaper-1-Fetch]: Starting (org.apache.kafka.server.purgatory.DelayedOperationPurgatory$ExpiredOperationReaper)
stream-state-bench-flink-kafka  | [2026-07-15 22:12:42,791] INFO [ExpirationReaper-1-DeleteRecords]: Starting (org.apache.kafka.server.purgatory.DelayedOperationPurgatory$ExpiredOperationReaper)
stream-state-bench-flink-kafka  | [2026-07-15 22:12:42,792] INFO [ExpirationReaper-1-RemoteFetch]: Starting (org.apache.kafka.server.purgatory.DelayedOperationPurgatory$ExpiredOperationReaper)
stream-state-bench-flink-kafka  | [2026-07-15 22:12:42,792] INFO [ExpirationReaper-1-RemoteListOffsets]: Starting (org.apache.kafka.server.purgatory.DelayedOperationPurgatory$ExpiredOperationReaper)
stream-state-bench-flink-kafka  | [2026-07-15 22:12:42,792] INFO [ExpirationReaper-1-ShareFetch]: Starting (org.apache.kafka.server.purgatory.DelayedOperationPurgatory$ExpiredOperationReaper)
stream-state-bench-flink-kafka  | [2026-07-15 22:12:42,796] INFO [share-coordinator-reaper]: Starting (org.apache.kafka.server.util.timer.SystemTimerReaper$Reaper)
stream-state-bench-flink-kafka  | [2026-07-15 22:12:42,801] INFO [share-coordinator-event-processor-0]: Starting (org.apache.kafka.coordinator.common.runtime.MultiThreadedEventProcessor$EventProcessorThread)
stream-state-bench-flink-kafka  | [2026-07-15 22:12:42,803] INFO [persister-state-manager-reaper]: Starting (org.apache.kafka.server.util.timer.SystemTimerReaper$Reaper)
stream-state-bench-flink-kafka  | [2026-07-15 22:12:42,803] INFO [PersisterStateManager]: Starting (org.apache.kafka.server.share.persister.PersisterStateManager$SendThread)
stream-state-bench-flink-kafka  | [2026-07-15 22:12:42,803] INFO [network-partition-metadata-client-reaper]: Starting (org.apache.kafka.server.util.timer.SystemTimerReaper$Reaper)
stream-state-bench-flink-kafka  | [2026-07-15 22:12:42,803] INFO [group-coordinator-reaper]: Starting (org.apache.kafka.server.util.timer.SystemTimerReaper$Reaper)
stream-state-bench-flink-kafka  | [2026-07-15 22:12:42,807] INFO [group-coordinator-event-processor-0]: Starting (org.apache.kafka.coordinator.common.runtime.MultiThreadedEventProcessor$EventProcessorThread)
stream-state-bench-flink-kafka  | [2026-07-15 22:12:42,807] INFO [group-coordinator-event-processor-1]: Starting (org.apache.kafka.coordinator.common.runtime.MultiThreadedEventProcessor$EventProcessorThread)
stream-state-bench-flink-kafka  | [2026-07-15 22:12:42,807] INFO [group-coordinator-event-processor-2]: Starting (org.apache.kafka.coordinator.common.runtime.MultiThreadedEventProcessor$EventProcessorThread)
stream-state-bench-flink-kafka  | [2026-07-15 22:12:42,807] INFO [group-coordinator-event-processor-3]: Starting (org.apache.kafka.coordinator.common.runtime.MultiThreadedEventProcessor$EventProcessorThread)
stream-state-bench-flink-kafka  | [2026-07-15 22:12:42,812] INFO Unable to read the broker epoch in /tmp/kafka-logs. (kafka.log.LogManager)
stream-state-bench-flink-kafka  | [2026-07-15 22:12:42,813] INFO [broker-1-to-controller-heartbeat-channel-manager]: Starting (org.apache.kafka.server.NodeToControllerRequestThread)
stream-state-bench-flink-kafka  | [2026-07-15 22:12:42,813] INFO Recorded new KRaft controller, from now on will use node kafka:9093 (id: 1 rack: null isFenced: false) (org.apache.kafka.server.NodeToControllerRequestThread)
stream-state-bench-flink-kafka  | [2026-07-15 22:12:42,813] INFO [BrokerLifecycleManager id=1] Incarnation mGC-kLjWSWi6fz6esl2fHg of broker 1 in cluster MkU3OEVBNTcwNTJENDM2Qk is now STARTING. (org.apache.kafka.server.BrokerLifecycleManager)
stream-state-bench-flink-kafka  | [2026-07-15 22:12:42,817] INFO [share-group-lock-timeout-reaper]: Starting (org.apache.kafka.server.util.timer.SystemTimerReaper$Reaper)
stream-state-bench-flink-kafka  | [2026-07-15 22:12:42,818] INFO [ControllerRegistrationManager id=1 incarnation=2qoO7BemRMuXpK8RtsvKiQ] Our registration has been persisted to the metadata log. (kafka.server.ControllerRegistrationManager)
stream-state-bench-flink-kafka  | [2026-07-15 22:12:42,818] INFO [ExpirationReaper-1-AlterAcls]: Starting (org.apache.kafka.server.purgatory.DelayedOperationPurgatory$ExpiredOperationReaper)
stream-state-bench-flink-kafka  | [2026-07-15 22:12:42,819] INFO [ControllerRegistrationManager id=1 incarnation=2qoO7BemRMuXpK8RtsvKiQ] RegistrationResponseHandler: controller acknowledged ControllerRegistrationRequest. (kafka.server.ControllerRegistrationManager)
stream-state-bench-flink-kafka  | [2026-07-15 22:12:42,827] INFO [BrokerServer id=1] Waiting for the broker metadata publishers to be installed (kafka.server.BrokerServer)
stream-state-bench-flink-kafka  | [2026-07-15 22:12:42,828] INFO [BrokerServer id=1] Finished waiting for the broker metadata publishers to be installed (kafka.server.BrokerServer)
stream-state-bench-flink-kafka  | [2026-07-15 22:12:42,828] INFO [BrokerServer id=1] Waiting for the controller to acknowledge that we are caught up (kafka.server.BrokerServer)
stream-state-bench-flink-kafka  | [2026-07-15 22:12:42,828] INFO [MetadataLoader id=1] InitializeNewPublishers: initializing MetadataVersionPublisher(id=1) with a snapshot at offset 10 (org.apache.kafka.image.loader.MetadataLoader)
stream-state-bench-flink-kafka  | [2026-07-15 22:12:42,828] INFO [MetadataLoader id=1] InitializeNewPublishers: initializing BrokerMetadataPublisher with a snapshot at offset 10 (org.apache.kafka.image.loader.MetadataLoader)
stream-state-bench-flink-kafka  | [2026-07-15 22:12:42,830] INFO [BrokerMetadataPublisher id=1] Publishing initial metadata at offset OffsetAndEpoch[offset=10, epoch=1] with metadata.version Optional[4.3-IV0]. (kafka.server.metadata.BrokerMetadataPublisher)
stream-state-bench-flink-kafka  | [2026-07-15 22:12:42,831] INFO Loading logs from log dirs ArrayBuffer(/tmp/kafka-logs) (kafka.log.LogManager)
stream-state-bench-flink-kafka  | [2026-07-15 22:12:42,833] INFO No logs found to be loaded in /tmp/kafka-logs (kafka.log.LogManager)
stream-state-bench-flink-kafka  | [2026-07-15 22:12:42,839] INFO Loaded 0 logs in 6ms (kafka.log.LogManager)
stream-state-bench-flink-kafka  | [2026-07-15 22:12:42,839] INFO Starting log cleanup with a period of 300000 ms. (kafka.log.LogManager)
stream-state-bench-flink-kafka  | [2026-07-15 22:12:42,839] INFO Starting log flusher with a default period of 9223372036854775807 ms. (kafka.log.LogManager)
stream-state-bench-flink-kafka  | [2026-07-15 22:12:42,908] INFO [BrokerLifecycleManager id=1] Successfully registered broker 1 with broker epoch 11 (org.apache.kafka.server.BrokerLifecycleManager)
stream-state-bench-flink-kafka  | [2026-07-15 22:12:42,911] INFO [LogDirFailureHandler]: Starting (kafka.server.ReplicaManager$LogDirFailureHandler)
stream-state-bench-flink-kafka  | [2026-07-15 22:12:42,911] INFO [AddPartitionsToTxnSenderThread-1]: Starting (org.apache.kafka.server.transaction.AddPartitionsToTxnManager)
stream-state-bench-flink-kafka  | [2026-07-15 22:12:42,912] INFO [GroupCoordinator id=1] Starting up. (org.apache.kafka.coordinator.group.GroupCoordinatorService)
stream-state-bench-flink-kafka  | [2026-07-15 22:12:42,913] INFO [GroupCoordinator id=1] Startup complete. (org.apache.kafka.coordinator.group.GroupCoordinatorService)
stream-state-bench-flink-kafka  | [2026-07-15 22:12:42,913] INFO [TransactionCoordinator id=1] Starting up. (kafka.coordinator.transaction.TransactionCoordinator)
stream-state-bench-flink-kafka  | [2026-07-15 22:12:42,914] INFO [TransactionCoordinator id=1] Startup complete. (kafka.coordinator.transaction.TransactionCoordinator)
stream-state-bench-flink-kafka  | [2026-07-15 22:12:42,914] INFO [TxnMarkerSenderThread-1]: Starting (kafka.coordinator.transaction.TransactionMarkerChannelManager)
stream-state-bench-flink-kafka  | [2026-07-15 22:12:42,914] INFO [ShareCoordinator id=1] Starting up. (org.apache.kafka.coordinator.share.ShareCoordinatorService)
stream-state-bench-flink-kafka  | [2026-07-15 22:12:42,914] INFO [ShareCoordinator id=1] Startup complete. (org.apache.kafka.coordinator.share.ShareCoordinatorService)
stream-state-bench-flink-kafka  | [2026-07-15 22:12:42,917] INFO [DynamicConfigPublisher broker id=1] Updating cluster configuration : min.insync.replicas -> 1 (kafka.server.metadata.DynamicConfigPublisher)
stream-state-bench-flink-kafka  | [2026-07-15 22:12:42,917] INFO AbstractConfig values: 
stream-state-bench-flink-kafka  | 	group.consumer.assignment.interval.ms = 1000
stream-state-bench-flink-kafka  | 	group.consumer.assignors = [uniform, range]
stream-state-bench-flink-kafka  | 	group.consumer.heartbeat.interval.ms = 5000
stream-state-bench-flink-kafka  | 	group.consumer.max.assignment.interval.ms = 15000
stream-state-bench-flink-kafka  | 	group.consumer.max.heartbeat.interval.ms = 15000
stream-state-bench-flink-kafka  | 	group.consumer.max.session.timeout.ms = 60000
stream-state-bench-flink-kafka  | 	group.consumer.max.size = 2147483647
stream-state-bench-flink-kafka  | 	group.consumer.migration.policy = bidirectional
stream-state-bench-flink-kafka  | 	group.consumer.min.assignment.interval.ms = 0
stream-state-bench-flink-kafka  | 	group.consumer.min.heartbeat.interval.ms = 5000
stream-state-bench-flink-kafka  | 	group.consumer.min.session.timeout.ms = 45000
stream-state-bench-flink-kafka  | 	group.consumer.regex.refresh.interval.ms = 600000
stream-state-bench-flink-kafka  | 	group.consumer.session.timeout.ms = 45000
stream-state-bench-flink-kafka  | 	group.coordinator.append.linger.ms = -1
stream-state-bench-flink-kafka  | 	group.coordinator.background.threads = 2
stream-state-bench-flink-kafka  | 	group.coordinator.cached.buffer.max.bytes = 1048588
stream-state-bench-flink-kafka  | 	group.coordinator.rebalance.protocols = [classic, consumer, streams]
stream-state-bench-flink-kafka  | 	group.coordinator.threads = 4
stream-state-bench-flink-kafka  | 	group.initial.rebalance.delay.ms = 0
stream-state-bench-flink-kafka  | 	group.max.session.timeout.ms = 1800000
stream-state-bench-flink-kafka  | 	group.max.size = 2147483647
stream-state-bench-flink-kafka  | 	group.min.session.timeout.ms = 6000
stream-state-bench-flink-kafka  | 	group.share.assignment.interval.ms = 1000
stream-state-bench-flink-kafka  | 	group.share.assignors = [simple]
stream-state-bench-flink-kafka  | 	group.share.heartbeat.interval.ms = 5000
stream-state-bench-flink-kafka  | 	group.share.initialize.retry.interval.ms = 30000
stream-state-bench-flink-kafka  | 	group.share.max.assignment.interval.ms = 15000
stream-state-bench-flink-kafka  | 	group.share.max.heartbeat.interval.ms = 15000
stream-state-bench-flink-kafka  | 	group.share.max.session.timeout.ms = 60000
stream-state-bench-flink-kafka  | 	group.share.max.size = 200
stream-state-bench-flink-kafka  | 	group.share.min.assignment.interval.ms = 0
stream-state-bench-flink-kafka  | 	group.share.min.heartbeat.interval.ms = 5000
stream-state-bench-flink-kafka  | 	group.share.min.session.timeout.ms = 45000
stream-state-bench-flink-kafka  | 	group.share.session.timeout.ms = 45000
stream-state-bench-flink-kafka  | 	group.streams.assignment.interval.ms = 1000
stream-state-bench-flink-kafka  | 	group.streams.heartbeat.interval.ms = 5000
stream-state-bench-flink-kafka  | 	group.streams.initial.rebalance.delay.ms = 3000
stream-state-bench-flink-kafka  | 	group.streams.max.assignment.interval.ms = 15000
stream-state-bench-flink-kafka  | 	group.streams.max.heartbeat.interval.ms = 15000
stream-state-bench-flink-kafka  | 	group.streams.max.session.timeout.ms = 60000
stream-state-bench-flink-kafka  | 	group.streams.max.size = 2147483647
stream-state-bench-flink-kafka  | 	group.streams.max.standby.replicas = 2
stream-state-bench-flink-kafka  | 	group.streams.min.assignment.interval.ms = 0
stream-state-bench-flink-kafka  | 	group.streams.min.heartbeat.interval.ms = 5000
stream-state-bench-flink-kafka  | 	group.streams.min.session.timeout.ms = 45000
stream-state-bench-flink-kafka  | 	group.streams.num.standby.replicas = 0
stream-state-bench-flink-kafka  | 	group.streams.session.timeout.ms = 45000
stream-state-bench-flink-kafka  | 	offset.metadata.max.bytes = 4096
stream-state-bench-flink-kafka  | 	offsets.commit.timeout.ms = 5000
stream-state-bench-flink-kafka  | 	offsets.load.buffer.size = 5242880
stream-state-bench-flink-kafka  | 	offsets.retention.check.interval.ms = 600000
stream-state-bench-flink-kafka  | 	offsets.retention.minutes = 10080
stream-state-bench-flink-kafka  | 	offsets.topic.compression.codec = 0
stream-state-bench-flink-kafka  | 	offsets.topic.num.partitions = 50
stream-state-bench-flink-kafka  | 	offsets.topic.replication.factor = 1
stream-state-bench-flink-kafka  | 	offsets.topic.segment.bytes = 104857600
stream-state-bench-flink-kafka  |  (org.apache.kafka.common.config.AbstractConfig)
stream-state-bench-flink-kafka  | [2026-07-15 22:12:42,918] INFO KafkaConfig values: 
stream-state-bench-flink-kafka  | 	add.partitions.to.txn.retry.backoff.max.ms = 100
stream-state-bench-flink-kafka  | 	add.partitions.to.txn.retry.backoff.ms = 20
stream-state-bench-flink-kafka  | 	advertised.listeners = [PLAINTEXT://kafka:9092]
stream-state-bench-flink-kafka  | 	alter.config.policy.class.name = null
stream-state-bench-flink-kafka  | 	alter.log.dirs.replication.quota.window.num = 11
stream-state-bench-flink-kafka  | 	alter.log.dirs.replication.quota.window.size.seconds = 1
stream-state-bench-flink-kafka  | 	authorizer.class.name = 
stream-state-bench-flink-kafka  | 	auto.create.topics.enable = false
stream-state-bench-flink-kafka  | 	auto.leader.rebalance.enable = true
stream-state-bench-flink-kafka  | 	background.threads = 10
stream-state-bench-flink-kafka  | 	broker.heartbeat.interval.ms = 2000
stream-state-bench-flink-kafka  | 	broker.id = 1
stream-state-bench-flink-kafka  | 	broker.rack = null
stream-state-bench-flink-kafka  | 	broker.session.timeout.ms = 9000
stream-state-bench-flink-kafka  | 	client.quota.callback.class = null
stream-state-bench-flink-kafka  | 	compression.gzip.level = -1
stream-state-bench-flink-kafka  | 	compression.lz4.level = 9
stream-state-bench-flink-kafka  | 	compression.type = producer
stream-state-bench-flink-kafka  | 	compression.zstd.level = 3
stream-state-bench-flink-kafka  | 	config.providers = []
stream-state-bench-flink-kafka  | 	connection.failed.authentication.delay.ms = 100
stream-state-bench-flink-kafka  | 	connections.max.idle.ms = 600000
stream-state-bench-flink-kafka  | 	connections.max.reauth.ms = 0
stream-state-bench-flink-kafka  | 	controlled.shutdown.enable = true
stream-state-bench-flink-kafka  | 	controller.listener.names = [CONTROLLER]
stream-state-bench-flink-kafka  | 	controller.performance.always.log.threshold.ms = 2000
stream-state-bench-flink-kafka  | 	controller.performance.sample.period.ms = 60000
stream-state-bench-flink-kafka  | 	controller.quorum.append.linger.ms = 25
stream-state-bench-flink-kafka  | 	controller.quorum.auto.join.enable = false
stream-state-bench-flink-kafka  | 	controller.quorum.bootstrap.servers = []
stream-state-bench-flink-kafka  | 	controller.quorum.election.backoff.max.ms = 1000
stream-state-bench-flink-kafka  | 	controller.quorum.election.timeout.ms = 1000
stream-state-bench-flink-kafka  | 	controller.quorum.fetch.max.bytes = 1048576
stream-state-bench-flink-kafka  | 	controller.quorum.fetch.snapshot.max.bytes = 1048576
stream-state-bench-flink-kafka  | 	controller.quorum.fetch.timeout.ms = 2000
stream-state-bench-flink-kafka  | 	controller.quorum.request.timeout.ms = 2000
stream-state-bench-flink-kafka  | 	controller.quorum.retry.backoff.ms = 20
stream-state-bench-flink-kafka  | 	controller.quorum.voters = [1@kafka:9093]
stream-state-bench-flink-kafka  | 	controller.quota.window.num = 11
stream-state-bench-flink-kafka  | 	controller.quota.window.size.seconds = 1
stream-state-bench-flink-kafka  | 	controller.socket.timeout.ms = 30000
stream-state-bench-flink-kafka  | 	cordoned.log.dirs = []
stream-state-bench-flink-kafka  | 	create.topic.policy.class.name = null
stream-state-bench-flink-kafka  | 	default.replication.factor = 1
stream-state-bench-flink-kafka  | 	delegation.token.expiry.check.interval.ms = 3600000
stream-state-bench-flink-kafka  | 	delegation.token.expiry.time.ms = 86400000
stream-state-bench-flink-kafka  | 	delegation.token.max.lifetime.ms = 604800000
stream-state-bench-flink-kafka  | 	delegation.token.secret.key = null
stream-state-bench-flink-kafka  | 	delete.records.purgatory.purge.interval.requests = 1
stream-state-bench-flink-kafka  | 	delete.topic.enable = true
stream-state-bench-flink-kafka  | 	early.start.listeners = null
stream-state-bench-flink-kafka  | 	fetch.max.bytes = 57671680
stream-state-bench-flink-kafka  | 	fetch.purgatory.purge.interval.requests = 1000
stream-state-bench-flink-kafka  | 	follower.fetch.last.tiered.offset.enable = false
stream-state-bench-flink-kafka  | 	group.consumer.assignment.interval.ms = 1000
stream-state-bench-flink-kafka  | 	group.consumer.assignors = [uniform, range]
stream-state-bench-flink-kafka  | 	group.consumer.heartbeat.interval.ms = 5000
stream-state-bench-flink-kafka  | 	group.consumer.max.assignment.interval.ms = 15000
stream-state-bench-flink-kafka  | 	group.consumer.max.heartbeat.interval.ms = 15000
stream-state-bench-flink-kafka  | 	group.consumer.max.session.timeout.ms = 60000
stream-state-bench-flink-kafka  | 	group.consumer.max.size = 2147483647
stream-state-bench-flink-kafka  | 	group.consumer.migration.policy = bidirectional
stream-state-bench-flink-kafka  | 	group.consumer.min.assignment.interval.ms = 0
stream-state-bench-flink-kafka  | 	group.consumer.min.heartbeat.interval.ms = 5000
stream-state-bench-flink-kafka  | 	group.consumer.min.session.timeout.ms = 45000
stream-state-bench-flink-kafka  | 	group.consumer.regex.refresh.interval.ms = 600000
stream-state-bench-flink-kafka  | 	group.consumer.session.timeout.ms = 45000
stream-state-bench-flink-kafka  | 	group.coordinator.append.linger.ms = -1
stream-state-bench-flink-kafka  | 	group.coordinator.background.threads = 2
stream-state-bench-flink-kafka  | 	group.coordinator.cached.buffer.max.bytes = 1048588
stream-state-bench-flink-kafka  | 	group.coordinator.rebalance.protocols = [classic, consumer, streams]
stream-state-bench-flink-kafka  | 	group.coordinator.threads = 4
stream-state-bench-flink-kafka  | 	group.initial.rebalance.delay.ms = 0
stream-state-bench-flink-kafka  | 	group.max.session.timeout.ms = 1800000
stream-state-bench-flink-kafka  | 	group.max.size = 2147483647
stream-state-bench-flink-kafka  | 	group.min.session.timeout.ms = 6000
stream-state-bench-flink-kafka  | 	group.share.assignment.interval.ms = 1000
stream-state-bench-flink-kafka  | 	group.share.assignors = [simple]
stream-state-bench-flink-kafka  | 	group.share.delivery.count.limit = 5
stream-state-bench-flink-kafka  | 	group.share.heartbeat.interval.ms = 5000
stream-state-bench-flink-kafka  | 	group.share.initialize.retry.interval.ms = 30000
stream-state-bench-flink-kafka  | 	group.share.max.assignment.interval.ms = 15000
stream-state-bench-flink-kafka  | 	group.share.max.delivery.count.limit = 10
stream-state-bench-flink-kafka  | 	group.share.max.heartbeat.interval.ms = 15000
stream-state-bench-flink-kafka  | 	group.share.max.partition.max.record.locks = 4000
stream-state-bench-flink-kafka  | 	group.share.max.record.lock.duration.ms = 60000
stream-state-bench-flink-kafka  | 	group.share.max.session.timeout.ms = 60000
stream-state-bench-flink-kafka  | 	group.share.max.share.sessions = 2000
stream-state-bench-flink-kafka  | 	group.share.max.size = 200
stream-state-bench-flink-kafka  | 	group.share.min.assignment.interval.ms = 0
stream-state-bench-flink-kafka  | 	group.share.min.delivery.count.limit = 2
stream-state-bench-flink-kafka  | 	group.share.min.heartbeat.interval.ms = 5000
stream-state-bench-flink-kafka  | 	group.share.min.partition.max.record.locks = 100
stream-state-bench-flink-kafka  | 	group.share.min.record.lock.duration.ms = 15000
stream-state-bench-flink-kafka  | 	group.share.min.session.timeout.ms = 45000
stream-state-bench-flink-kafka  | 	group.share.partition.max.record.locks = 2000
stream-state-bench-flink-kafka  | 	group.share.persister.class.name = org.apache.kafka.server.share.persister.DefaultStatePersister
stream-state-bench-flink-kafka  | 	group.share.record.lock.duration.ms = 30000
stream-state-bench-flink-kafka  | 	group.share.session.timeout.ms = 45000
stream-state-bench-flink-kafka  | 	group.streams.assignment.interval.ms = 1000
stream-state-bench-flink-kafka  | 	group.streams.heartbeat.interval.ms = 5000
stream-state-bench-flink-kafka  | 	group.streams.initial.rebalance.delay.ms = 3000
stream-state-bench-flink-kafka  | 	group.streams.max.assignment.interval.ms = 15000
stream-state-bench-flink-kafka  | 	group.streams.max.heartbeat.interval.ms = 15000
stream-state-bench-flink-kafka  | 	group.streams.max.session.timeout.ms = 60000
stream-state-bench-flink-kafka  | 	group.streams.max.size = 2147483647
stream-state-bench-flink-kafka  | 	group.streams.max.standby.replicas = 2
stream-state-bench-flink-kafka  | 	group.streams.min.assignment.interval.ms = 0
stream-state-bench-flink-kafka  | 	group.streams.min.heartbeat.interval.ms = 5000
stream-state-bench-flink-kafka  | 	group.streams.min.session.timeout.ms = 45000
stream-state-bench-flink-kafka  | 	group.streams.num.standby.replicas = 0
stream-state-bench-flink-kafka  | 	group.streams.session.timeout.ms = 45000
stream-state-bench-flink-kafka  | 	initial.broker.registration.timeout.ms = 60000
stream-state-bench-flink-kafka  | 	inter.broker.listener.name = null
stream-state-bench-flink-kafka  | 	internal.metadata.delete.delay.millis = 60000
stream-state-bench-flink-kafka  | 	internal.metadata.log.segment.bytes = null
stream-state-bench-flink-kafka  | 	internal.metadata.max.batch.size.in.bytes = 8388608
stream-state-bench-flink-kafka  | 	kafka.metrics.polling.interval.secs = 10
stream-state-bench-flink-kafka  | 	kafka.metrics.reporters = []
stream-state-bench-flink-kafka  | 	leader.imbalance.check.interval.seconds = 300
stream-state-bench-flink-kafka  | 	listener.security.protocol.map = CONTROLLER:PLAINTEXT,PLAINTEXT:PLAINTEXT
stream-state-bench-flink-kafka  | 	listeners = [PLAINTEXT://:9092, CONTROLLER://:9093]
stream-state-bench-flink-kafka  | 	log.cleaner.backoff.ms = 15000
stream-state-bench-flink-kafka  | 	log.cleaner.dedupe.buffer.size = 134217728
stream-state-bench-flink-kafka  | 	log.cleaner.delete.retention.ms = 86400000
stream-state-bench-flink-kafka  | 	log.cleaner.enable = true
stream-state-bench-flink-kafka  | 	log.cleaner.io.buffer.load.factor = 0.9
stream-state-bench-flink-kafka  | 	log.cleaner.io.buffer.size = 524288
stream-state-bench-flink-kafka  | 	log.cleaner.io.max.bytes.per.second = 1.7976931348623157E308
stream-state-bench-flink-kafka  | 	log.cleaner.max.compaction.lag.ms = 9223372036854775807
stream-state-bench-flink-kafka  | 	log.cleaner.min.cleanable.ratio = 0.5
stream-state-bench-flink-kafka  | 	log.cleaner.min.compaction.lag.ms = 0
stream-state-bench-flink-kafka  | 	log.cleaner.threads = 1
stream-state-bench-flink-kafka  | 	log.cleanup.policy = [delete]
stream-state-bench-flink-kafka  | 	log.dir = [/tmp/kafka-logs]
stream-state-bench-flink-kafka  | 	log.dir.failure.timeout.ms = 30000
stream-state-bench-flink-kafka  | 	log.dirs = null
stream-state-bench-flink-kafka  | 	log.flush.interval.messages = 9223372036854775807
stream-state-bench-flink-kafka  | 	log.flush.interval.ms = null
stream-state-bench-flink-kafka  | 	log.flush.offset.checkpoint.interval.ms = 60000
stream-state-bench-flink-kafka  | 	log.flush.scheduler.interval.ms = 9223372036854775807
stream-state-bench-flink-kafka  | 	log.flush.start.offset.checkpoint.interval.ms = 60000
stream-state-bench-flink-kafka  | 	log.index.interval.bytes = 4096
stream-state-bench-flink-kafka  | 	log.index.size.max.bytes = 10485760
stream-state-bench-flink-kafka  | 	log.initial.task.delay.ms = 30000
stream-state-bench-flink-kafka  | 	log.local.retention.bytes = -2
stream-state-bench-flink-kafka  | 	log.local.retention.ms = -2
stream-state-bench-flink-kafka  | 	log.message.timestamp.after.max.ms = 3600000
stream-state-bench-flink-kafka  | 	log.message.timestamp.before.max.ms = 9223372036854775807
stream-state-bench-flink-kafka  | 	log.message.timestamp.type = CreateTime
stream-state-bench-flink-kafka  | 	log.preallocate = false
stream-state-bench-flink-kafka  | 	log.retention.bytes = -1
stream-state-bench-flink-kafka  | 	log.retention.check.interval.ms = 300000
stream-state-bench-flink-kafka  | 	log.retention.hours = 168
stream-state-bench-flink-kafka  | 	log.retention.minutes = null
stream-state-bench-flink-kafka  | 	log.retention.ms = null
stream-state-bench-flink-kafka  | 	log.roll.hours = 168
stream-state-bench-flink-kafka  | 	log.roll.jitter.hours = 0
stream-state-bench-flink-kafka  | 	log.roll.jitter.ms = null
stream-state-bench-flink-kafka  | 	log.roll.ms = null
stream-state-bench-flink-kafka  | 	log.segment.bytes = 1073741824
stream-state-bench-flink-kafka  | 	log.segment.delete.delay.ms = 60000
stream-state-bench-flink-kafka  | 	max.connection.creation.rate = 2147483647
stream-state-bench-flink-kafka  | 	max.connections = 2147483647
stream-state-bench-flink-kafka  | 	max.connections.per.ip = 2147483647
stream-state-bench-flink-kafka  | 	max.connections.per.ip.overrides = 
stream-state-bench-flink-kafka  | 	max.incremental.fetch.session.cache.slots = 1000
stream-state-bench-flink-kafka  | 	max.request.partition.size.limit = 2000
stream-state-bench-flink-kafka  | 	message.max.bytes = 1048588
stream-state-bench-flink-kafka  | 	metadata.log.dir = null
stream-state-bench-flink-kafka  | 	metadata.log.max.record.bytes.between.snapshots = 20971520
stream-state-bench-flink-kafka  | 	metadata.log.max.snapshot.interval.ms = 3600000
stream-state-bench-flink-kafka  | 	metadata.log.segment.bytes = 1073741824
stream-state-bench-flink-kafka  | 	metadata.log.segment.ms = 604800000
stream-state-bench-flink-kafka  | 	metadata.max.idle.interval.ms = 500
stream-state-bench-flink-kafka  | 	metadata.max.retention.bytes = 104857600
stream-state-bench-flink-kafka  | 	metadata.max.retention.ms = 604800000
stream-state-bench-flink-kafka  | 	metric.reporters = [org.apache.kafka.common.metrics.JmxReporter]
stream-state-bench-flink-kafka  | 	metrics.num.samples = 2
stream-state-bench-flink-kafka  | 	metrics.recording.level = INFO
stream-state-bench-flink-kafka  | 	metrics.sample.window.ms = 30000
stream-state-bench-flink-kafka  | 	min.insync.replicas = 1
stream-state-bench-flink-kafka  | 	node.id = 1
stream-state-bench-flink-kafka  | 	num.io.threads = 8
stream-state-bench-flink-kafka  | 	num.network.threads = 3
stream-state-bench-flink-kafka  | 	num.partitions = 1
stream-state-bench-flink-kafka  | 	num.recovery.threads.per.data.dir = 2
stream-state-bench-flink-kafka  | 	num.replica.alter.log.dirs.threads = null
stream-state-bench-flink-kafka  | 	num.replica.fetchers = 1
stream-state-bench-flink-kafka  | 	offset.metadata.max.bytes = 4096
stream-state-bench-flink-kafka  | 	offsets.commit.timeout.ms = 5000
stream-state-bench-flink-kafka  | 	offsets.load.buffer.size = 5242880
stream-state-bench-flink-kafka  | 	offsets.retention.check.interval.ms = 600000
stream-state-bench-flink-kafka  | 	offsets.retention.minutes = 10080
stream-state-bench-flink-kafka  | 	offsets.topic.compression.codec = 0
stream-state-bench-flink-kafka  | 	offsets.topic.num.partitions = 50
stream-state-bench-flink-kafka  | 	offsets.topic.replication.factor = 1
stream-state-bench-flink-kafka  | 	offsets.topic.segment.bytes = 104857600
stream-state-bench-flink-kafka  | 	principal.builder.class = class org.apache.kafka.common.security.authenticator.DefaultKafkaPrincipalBuilder
stream-state-bench-flink-kafka  | 	process.roles = [broker, controller]
stream-state-bench-flink-kafka  | 	producer.id.expiration.check.interval.ms = 600000
stream-state-bench-flink-kafka  | 	producer.id.expiration.ms = 86400000
stream-state-bench-flink-kafka  | 	producer.purgatory.purge.interval.requests = 1000
stream-state-bench-flink-kafka  | 	queued.max.request.bytes = -1
stream-state-bench-flink-kafka  | 	queued.max.requests = 500
stream-state-bench-flink-kafka  | 	quota.window.num = 11
stream-state-bench-flink-kafka  | 	quota.window.size.seconds = 1
stream-state-bench-flink-kafka  | 	remote.fetch.max.wait.ms = 500
stream-state-bench-flink-kafka  | 	remote.list.offsets.request.timeout.ms = 30000
stream-state-bench-flink-kafka  | 	remote.log.index.file.cache.total.size.bytes = 1073741824
stream-state-bench-flink-kafka  | 	remote.log.index.file.cache.ttl.ms = 900000
stream-state-bench-flink-kafka  | 	remote.log.manager.copier.thread.pool.size = 10
stream-state-bench-flink-kafka  | 	remote.log.manager.copy.max.bytes.per.second = 9223372036854775807
stream-state-bench-flink-kafka  | 	remote.log.manager.copy.quota.window.num = 11
stream-state-bench-flink-kafka  | 	remote.log.manager.copy.quota.window.size.seconds = 1
stream-state-bench-flink-kafka  | 	remote.log.manager.expiration.thread.pool.size = 10
stream-state-bench-flink-kafka  | 	remote.log.manager.fetch.max.bytes.per.second = 9223372036854775807
stream-state-bench-flink-kafka  | 	remote.log.manager.fetch.quota.window.num = 11
stream-state-bench-flink-kafka  | 	remote.log.manager.fetch.quota.window.size.seconds = 1
stream-state-bench-flink-kafka  | 	remote.log.manager.follower.thread.pool.size = 2
stream-state-bench-flink-kafka  | 	remote.log.manager.task.interval.ms = 30000
stream-state-bench-flink-kafka  | 	remote.log.manager.task.retry.backoff.max.ms = 30000
stream-state-bench-flink-kafka  | 	remote.log.manager.task.retry.backoff.ms = 500
stream-state-bench-flink-kafka  | 	remote.log.manager.task.retry.jitter = 0.2
stream-state-bench-flink-kafka  | 	remote.log.manager.thread.pool.size = 2
stream-state-bench-flink-kafka  | 	remote.log.metadata.custom.metadata.max.bytes = 128
stream-state-bench-flink-kafka  | 	remote.log.metadata.manager.class.name = org.apache.kafka.server.log.remote.metadata.storage.TopicBasedRemoteLogMetadataManager
stream-state-bench-flink-kafka  | 	remote.log.metadata.manager.class.path = null
stream-state-bench-flink-kafka  | 	remote.log.metadata.manager.impl.prefix = rlmm.config.
stream-state-bench-flink-kafka  | 	remote.log.metadata.manager.listener.name = null
stream-state-bench-flink-kafka  | 	remote.log.reader.max.pending.tasks = 100
stream-state-bench-flink-kafka  | 	remote.log.reader.threads = 10
stream-state-bench-flink-kafka  | 	remote.log.storage.manager.class.name = null
stream-state-bench-flink-kafka  | 	remote.log.storage.manager.class.path = null
stream-state-bench-flink-kafka  | 	remote.log.storage.manager.impl.prefix = rsm.config.
stream-state-bench-flink-kafka  | 	remote.log.storage.system.enable = false
stream-state-bench-flink-kafka  | 	replica.fetch.backoff.ms = 1000
stream-state-bench-flink-kafka  | 	replica.fetch.max.bytes = 1048576
stream-state-bench-flink-kafka  | 	replica.fetch.min.bytes = 1
stream-state-bench-flink-kafka  | 	replica.fetch.response.max.bytes = 10485760
stream-state-bench-flink-kafka  | 	replica.fetch.wait.max.ms = 500
stream-state-bench-flink-kafka  | 	replica.high.watermark.checkpoint.interval.ms = 5000
stream-state-bench-flink-kafka  | 	replica.lag.time.max.ms = 30000
stream-state-bench-flink-kafka  | 	replica.selector.class = null
stream-state-bench-flink-kafka  | 	replica.socket.receive.buffer.bytes = 65536
stream-state-bench-flink-kafka  | 	replica.socket.timeout.ms = 30000
stream-state-bench-flink-kafka  | 	replication.quota.window.num = 11
stream-state-bench-flink-kafka  | 	replication.quota.window.size.seconds = 1
stream-state-bench-flink-kafka  | 	request.timeout.ms = 30000
stream-state-bench-flink-kafka  | 	sasl.client.callback.handler.class = null
stream-state-bench-flink-kafka  | 	sasl.enabled.mechanisms = [GSSAPI]
stream-state-bench-flink-kafka  | 	sasl.jaas.config = null
stream-state-bench-flink-kafka  | 	sasl.kerberos.kinit.cmd = /usr/bin/kinit
stream-state-bench-flink-kafka  | 	sasl.kerberos.min.time.before.relogin = 60000
stream-state-bench-flink-kafka  | 	sasl.kerberos.principal.to.local.rules = [DEFAULT]
stream-state-bench-flink-kafka  | 	sasl.kerberos.service.name = null
stream-state-bench-flink-kafka  | 	sasl.kerberos.ticket.renew.jitter = 0.05
stream-state-bench-flink-kafka  | 	sasl.kerberos.ticket.renew.window.factor = 0.8
stream-state-bench-flink-kafka  | 	sasl.login.callback.handler.class = null
stream-state-bench-flink-kafka  | 	sasl.login.class = null
stream-state-bench-flink-kafka  | 	sasl.login.connect.timeout.ms = null
stream-state-bench-flink-kafka  | 	sasl.login.read.timeout.ms = null
stream-state-bench-flink-kafka  | 	sasl.login.refresh.buffer.seconds = 300
stream-state-bench-flink-kafka  | 	sasl.login.refresh.min.period.seconds = 60
stream-state-bench-flink-kafka  | 	sasl.login.refresh.window.factor = 0.8
stream-state-bench-flink-kafka  | 	sasl.login.refresh.window.jitter = 0.05
stream-state-bench-flink-kafka  | 	sasl.login.retry.backoff.max.ms = 10000
stream-state-bench-flink-kafka  | 	sasl.login.retry.backoff.ms = 100
stream-state-bench-flink-kafka  | 	sasl.mechanism.controller.protocol = GSSAPI
stream-state-bench-flink-kafka  | 	sasl.mechanism.inter.broker.protocol = GSSAPI
stream-state-bench-flink-kafka  | 	sasl.oauthbearer.assertion.algorithm = RS256
stream-state-bench-flink-kafka  | 	sasl.oauthbearer.assertion.claim.aud = null
stream-state-bench-flink-kafka  | 	sasl.oauthbearer.assertion.claim.exp.seconds = 300
stream-state-bench-flink-kafka  | 	sasl.oauthbearer.assertion.claim.iss = null
stream-state-bench-flink-kafka  | 	sasl.oauthbearer.assertion.claim.jti.include = false
stream-state-bench-flink-kafka  | 	sasl.oauthbearer.assertion.claim.nbf.seconds = 60
stream-state-bench-flink-kafka  | 	sasl.oauthbearer.assertion.claim.sub = null
stream-state-bench-flink-kafka  | 	sasl.oauthbearer.assertion.file = null
stream-state-bench-flink-kafka  | 	sasl.oauthbearer.assertion.private.key.file = null
stream-state-bench-flink-kafka  | 	sasl.oauthbearer.assertion.private.key.passphrase = null
stream-state-bench-flink-kafka  | 	sasl.oauthbearer.assertion.template.file = null
stream-state-bench-flink-kafka  | 	sasl.oauthbearer.client.credentials.client.id = null
stream-state-bench-flink-kafka  | 	sasl.oauthbearer.client.credentials.client.secret = null
stream-state-bench-flink-kafka  | 	sasl.oauthbearer.clock.skew.seconds = 30
stream-state-bench-flink-kafka  | 	sasl.oauthbearer.expected.audience = []
stream-state-bench-flink-kafka  | 	sasl.oauthbearer.expected.issuer = null
stream-state-bench-flink-kafka  | 	sasl.oauthbearer.jwks.endpoint.refresh.ms = 3600000
stream-state-bench-flink-kafka  | 	sasl.oauthbearer.jwks.endpoint.retry.backoff.max.ms = 10000
stream-state-bench-flink-kafka  | 	sasl.oauthbearer.jwks.endpoint.retry.backoff.ms = 100
stream-state-bench-flink-kafka  | 	sasl.oauthbearer.jwks.endpoint.url = null
stream-state-bench-flink-kafka  | 	sasl.oauthbearer.jwt.retriever.class = class org.apache.kafka.common.security.oauthbearer.DefaultJwtRetriever
stream-state-bench-flink-kafka  | 	sasl.oauthbearer.jwt.validator.class = class org.apache.kafka.common.security.oauthbearer.DefaultJwtValidator
stream-state-bench-flink-kafka  | 	sasl.oauthbearer.scope = null
stream-state-bench-flink-kafka  | 	sasl.oauthbearer.scope.claim.name = scope
stream-state-bench-flink-kafka  | 	sasl.oauthbearer.sub.claim.name = sub
stream-state-bench-flink-kafka  | 	sasl.oauthbearer.token.endpoint.url = null
stream-state-bench-flink-kafka  | 	sasl.server.callback.handler.class = null
stream-state-bench-flink-kafka  | 	sasl.server.max.receive.size = 524288
stream-state-bench-flink-kafka  | 	security.inter.broker.protocol = PLAINTEXT
stream-state-bench-flink-kafka  | 	security.providers = null
stream-state-bench-flink-kafka  | 	server.max.startup.time.ms = 9223372036854775807
stream-state-bench-flink-kafka  | 	share.coordinator.append.linger.ms = -1
stream-state-bench-flink-kafka  | 	share.coordinator.cached.buffer.max.bytes = 1048588
stream-state-bench-flink-kafka  | 	share.coordinator.cold.partition.snapshot.interval.ms = 300000
stream-state-bench-flink-kafka  | 	share.coordinator.load.buffer.size = 5242880
stream-state-bench-flink-kafka  | 	share.coordinator.snapshot.update.records.per.snapshot = 500
stream-state-bench-flink-kafka  | 	share.coordinator.state.topic.compression.codec = 0
stream-state-bench-flink-kafka  | 	share.coordinator.state.topic.min.isr = 2
stream-state-bench-flink-kafka  | 	share.coordinator.state.topic.num.partitions = 50
stream-state-bench-flink-kafka  | 	share.coordinator.state.topic.prune.interval.ms = 300000
stream-state-bench-flink-kafka  | 	share.coordinator.state.topic.replication.factor = 3
stream-state-bench-flink-kafka  | 	share.coordinator.state.topic.segment.bytes = 104857600
stream-state-bench-flink-kafka  | 	share.coordinator.threads = 1
stream-state-bench-flink-kafka  | 	share.coordinator.write.timeout.ms = 5000
stream-state-bench-flink-kafka  | 	share.fetch.purgatory.purge.interval.requests = 1000
stream-state-bench-flink-kafka  | 	socket.connection.setup.timeout.max.ms = 30000
stream-state-bench-flink-kafka  | 	socket.connection.setup.timeout.ms = 10000
stream-state-bench-flink-kafka  | 	socket.listen.backlog.size = 50
stream-state-bench-flink-kafka  | 	socket.receive.buffer.bytes = 102400
stream-state-bench-flink-kafka  | 	socket.request.max.bytes = 104857600
stream-state-bench-flink-kafka  | 	socket.send.buffer.bytes = 102400
stream-state-bench-flink-kafka  | 	ssl.allow.dn.changes = false
stream-state-bench-flink-kafka  | 	ssl.allow.san.changes = false
stream-state-bench-flink-kafka  | 	ssl.cipher.suites = []
stream-state-bench-flink-kafka  | 	ssl.client.auth = none
stream-state-bench-flink-kafka  | 	ssl.enabled.protocols = [TLSv1.2, TLSv1.3]
stream-state-bench-flink-kafka  | 	ssl.endpoint.identification.algorithm = https
stream-state-bench-flink-kafka  | 	ssl.engine.factory.class = null
stream-state-bench-flink-kafka  | 	ssl.key.password = null
stream-state-bench-flink-kafka  | 	ssl.keymanager.algorithm = SunX509
stream-state-bench-flink-kafka  | 	ssl.keystore.certificate.chain = null
stream-state-bench-flink-kafka  | 	ssl.keystore.key = null
stream-state-bench-flink-kafka  | 	ssl.keystore.location = null
stream-state-bench-flink-kafka  | 	ssl.keystore.password = null
stream-state-bench-flink-kafka  | 	ssl.keystore.type = JKS
stream-state-bench-flink-kafka  | 	ssl.principal.mapping.rules = DEFAULT
stream-state-bench-flink-kafka  | 	ssl.protocol = TLSv1.3
stream-state-bench-flink-kafka  | 	ssl.provider = null
stream-state-bench-flink-kafka  | 	ssl.secure.random.implementation = null
stream-state-bench-flink-kafka  | 	ssl.trustmanager.algorithm = PKIX
stream-state-bench-flink-kafka  | 	ssl.truststore.certificates = null
stream-state-bench-flink-kafka  | 	ssl.truststore.location = null
stream-state-bench-flink-kafka  | 	ssl.truststore.password = null
stream-state-bench-flink-kafka  | 	ssl.truststore.type = JKS
stream-state-bench-flink-kafka  | 	telemetry.max.bytes = 1048576
stream-state-bench-flink-kafka  | 	transaction.abort.timed.out.transaction.cleanup.interval.ms = 10000
stream-state-bench-flink-kafka  | 	transaction.max.timeout.ms = 900000
stream-state-bench-flink-kafka  | 	transaction.partition.verification.enable = true
stream-state-bench-flink-kafka  | 	transaction.remove.expired.transaction.cleanup.interval.ms = 3600000
stream-state-bench-flink-kafka  | 	transaction.state.log.load.buffer.size = 5242880
stream-state-bench-flink-kafka  | 	transaction.state.log.min.isr = 1
stream-state-bench-flink-kafka  | 	transaction.state.log.num.partitions = 50
stream-state-bench-flink-kafka  | 	transaction.state.log.replication.factor = 1
stream-state-bench-flink-kafka  | 	transaction.state.log.segment.bytes = 104857600
stream-state-bench-flink-kafka  | 	transaction.two.phase.commit.enable = false
stream-state-bench-flink-kafka  | 	transactional.id.expiration.ms = 604800000
stream-state-bench-flink-kafka  | 	unclean.leader.election.enable = false
stream-state-bench-flink-kafka  | 	unclean.leader.election.interval.ms = 300000
stream-state-bench-flink-kafka  | 	unstable.api.versions.enable = false
stream-state-bench-flink-kafka  | 	unstable.feature.versions.enable = false
stream-state-bench-flink-kafka  |  (org.apache.kafka.common.config.AbstractConfig)
stream-state-bench-flink-kafka  | [2026-07-15 22:12:42,924] INFO [BrokerMetadataPublisher id=1] Feature share.version has been updated to version 1 (kafka.server.metadata.BrokerMetadataPublisher)
stream-state-bench-flink-kafka  | [2026-07-15 22:12:42,925] INFO [MetadataLoader id=1] InitializeNewPublishers: initializing BrokerRegistrationTracker(id=1) with a snapshot at offset 10 (org.apache.kafka.image.loader.MetadataLoader)
stream-state-bench-flink-kafka  | [2026-07-15 22:12:42,937] INFO [BrokerLifecycleManager id=1] The broker has caught up. Transitioning from STARTING to RECOVERY. (org.apache.kafka.server.BrokerLifecycleManager)
stream-state-bench-flink-kafka  | [2026-07-15 22:12:42,937] INFO [BrokerServer id=1] Finished waiting for the controller to acknowledge that we are caught up (kafka.server.BrokerServer)
stream-state-bench-flink-kafka  | [2026-07-15 22:12:42,937] INFO [BrokerServer id=1] Waiting for the initial broker metadata update to be published (kafka.server.BrokerServer)
stream-state-bench-flink-kafka  | [2026-07-15 22:12:42,937] INFO [BrokerServer id=1] Finished waiting for the initial broker metadata update to be published (kafka.server.BrokerServer)
stream-state-bench-flink-kafka  | [2026-07-15 22:12:42,939] INFO KafkaConfig values: 
stream-state-bench-flink-kafka  | 	add.partitions.to.txn.retry.backoff.max.ms = 100
stream-state-bench-flink-kafka  | 	add.partitions.to.txn.retry.backoff.ms = 20
stream-state-bench-flink-kafka  | 	advertised.listeners = [PLAINTEXT://kafka:9092]
stream-state-bench-flink-kafka  | 	alter.config.policy.class.name = null
stream-state-bench-flink-kafka  | 	alter.log.dirs.replication.quota.window.num = 11
stream-state-bench-flink-kafka  | 	alter.log.dirs.replication.quota.window.size.seconds = 1
stream-state-bench-flink-kafka  | 	authorizer.class.name = 
stream-state-bench-flink-kafka  | 	auto.create.topics.enable = false
stream-state-bench-flink-kafka  | 	auto.leader.rebalance.enable = true
stream-state-bench-flink-kafka  | 	background.threads = 10
stream-state-bench-flink-kafka  | 	broker.heartbeat.interval.ms = 2000
stream-state-bench-flink-kafka  | 	broker.id = 1
stream-state-bench-flink-kafka  | 	broker.rack = null
stream-state-bench-flink-kafka  | 	broker.session.timeout.ms = 9000
stream-state-bench-flink-kafka  | 	client.quota.callback.class = null
stream-state-bench-flink-kafka  | 	compression.gzip.level = -1
stream-state-bench-flink-kafka  | 	compression.lz4.level = 9
stream-state-bench-flink-kafka  | 	compression.type = producer
stream-state-bench-flink-kafka  | 	compression.zstd.level = 3
stream-state-bench-flink-kafka  | 	config.providers = []
stream-state-bench-flink-kafka  | 	connection.failed.authentication.delay.ms = 100
stream-state-bench-flink-kafka  | 	connections.max.idle.ms = 600000
stream-state-bench-flink-kafka  | 	connections.max.reauth.ms = 0
stream-state-bench-flink-kafka  | 	controlled.shutdown.enable = true
stream-state-bench-flink-kafka  | 	controller.listener.names = [CONTROLLER]
stream-state-bench-flink-kafka  | 	controller.performance.always.log.threshold.ms = 2000
stream-state-bench-flink-kafka  | 	controller.performance.sample.period.ms = 60000
stream-state-bench-flink-kafka  | 	controller.quorum.append.linger.ms = 25
stream-state-bench-flink-kafka  | 	controller.quorum.auto.join.enable = false
stream-state-bench-flink-kafka  | 	controller.quorum.bootstrap.servers = []
stream-state-bench-flink-kafka  | 	controller.quorum.election.backoff.max.ms = 1000
stream-state-bench-flink-kafka  | 	controller.quorum.election.timeout.ms = 1000
stream-state-bench-flink-kafka  | 	controller.quorum.fetch.max.bytes = 1048576
stream-state-bench-flink-kafka  | 	controller.quorum.fetch.snapshot.max.bytes = 1048576
stream-state-bench-flink-kafka  | 	controller.quorum.fetch.timeout.ms = 2000
stream-state-bench-flink-kafka  | 	controller.quorum.request.timeout.ms = 2000
stream-state-bench-flink-kafka  | 	controller.quorum.retry.backoff.ms = 20
stream-state-bench-flink-kafka  | 	controller.quorum.voters = [1@kafka:9093]
stream-state-bench-flink-kafka  | 	controller.quota.window.num = 11
stream-state-bench-flink-kafka  | 	controller.quota.window.size.seconds = 1
stream-state-bench-flink-kafka  | 	controller.socket.timeout.ms = 30000
stream-state-bench-flink-kafka  | 	cordoned.log.dirs = []
stream-state-bench-flink-kafka  | 	create.topic.policy.class.name = null
stream-state-bench-flink-kafka  | 	default.replication.factor = 1
stream-state-bench-flink-kafka  | 	delegation.token.expiry.check.interval.ms = 3600000
stream-state-bench-flink-kafka  | 	delegation.token.expiry.time.ms = 86400000
stream-state-bench-flink-kafka  | 	delegation.token.max.lifetime.ms = 604800000
stream-state-bench-flink-kafka  | 	delegation.token.secret.key = null
stream-state-bench-flink-kafka  | 	delete.records.purgatory.purge.interval.requests = 1
stream-state-bench-flink-kafka  | 	delete.topic.enable = true
stream-state-bench-flink-kafka  | 	early.start.listeners = null
stream-state-bench-flink-kafka  | 	fetch.max.bytes = 57671680
stream-state-bench-flink-kafka  | 	fetch.purgatory.purge.interval.requests = 1000
stream-state-bench-flink-kafka  | 	follower.fetch.last.tiered.offset.enable = false
stream-state-bench-flink-kafka  | 	group.consumer.assignment.interval.ms = 1000
stream-state-bench-flink-kafka  | 	group.consumer.assignors = [uniform, range]
stream-state-bench-flink-kafka  | 	group.consumer.heartbeat.interval.ms = 5000
stream-state-bench-flink-kafka  | 	group.consumer.max.assignment.interval.ms = 15000
stream-state-bench-flink-kafka  | 	group.consumer.max.heartbeat.interval.ms = 15000
stream-state-bench-flink-kafka  | 	group.consumer.max.session.timeout.ms = 60000
stream-state-bench-flink-kafka  | 	group.consumer.max.size = 2147483647
stream-state-bench-flink-kafka  | 	group.consumer.migration.policy = bidirectional
stream-state-bench-flink-kafka  | 	group.consumer.min.assignment.interval.ms = 0
stream-state-bench-flink-kafka  | 	group.consumer.min.heartbeat.interval.ms = 5000
stream-state-bench-flink-kafka  | 	group.consumer.min.session.timeout.ms = 45000
stream-state-bench-flink-kafka  | 	group.consumer.regex.refresh.interval.ms = 600000
stream-state-bench-flink-kafka  | 	group.consumer.session.timeout.ms = 45000
stream-state-bench-flink-kafka  | 	group.coordinator.append.linger.ms = -1
stream-state-bench-flink-kafka  | 	group.coordinator.background.threads = 2
stream-state-bench-flink-kafka  | 	group.coordinator.cached.buffer.max.bytes = 1048588
stream-state-bench-flink-kafka  | 	group.coordinator.rebalance.protocols = [classic, consumer, streams]
stream-state-bench-flink-kafka  | 	group.coordinator.threads = 4
stream-state-bench-flink-kafka  | 	group.initial.rebalance.delay.ms = 0
stream-state-bench-flink-kafka  | 	group.max.session.timeout.ms = 1800000
stream-state-bench-flink-kafka  | 	group.max.size = 2147483647
stream-state-bench-flink-kafka  | 	group.min.session.timeout.ms = 6000
stream-state-bench-flink-kafka  | 	group.share.assignment.interval.ms = 1000
stream-state-bench-flink-kafka  | 	group.share.assignors = [simple]
stream-state-bench-flink-kafka  | 	group.share.delivery.count.limit = 5
stream-state-bench-flink-kafka  | 	group.share.heartbeat.interval.ms = 5000
stream-state-bench-flink-kafka  | 	group.share.initialize.retry.interval.ms = 30000
stream-state-bench-flink-kafka  | 	group.share.max.assignment.interval.ms = 15000
stream-state-bench-flink-kafka  | 	group.share.max.delivery.count.limit = 10
stream-state-bench-flink-kafka  | 	group.share.max.heartbeat.interval.ms = 15000
stream-state-bench-flink-kafka  | 	group.share.max.partition.max.record.locks = 4000
stream-state-bench-flink-kafka  | 	group.share.max.record.lock.duration.ms = 60000
stream-state-bench-flink-kafka  | 	group.share.max.session.timeout.ms = 60000
stream-state-bench-flink-kafka  | 	group.share.max.share.sessions = 2000
stream-state-bench-flink-kafka  | 	group.share.max.size = 200
stream-state-bench-flink-kafka  | 	group.share.min.assignment.interval.ms = 0
stream-state-bench-flink-kafka  | 	group.share.min.delivery.count.limit = 2
stream-state-bench-flink-kafka  | 	group.share.min.heartbeat.interval.ms = 5000
stream-state-bench-flink-kafka  | 	group.share.min.partition.max.record.locks = 100
stream-state-bench-flink-kafka  | 	group.share.min.record.lock.duration.ms = 15000
stream-state-bench-flink-kafka  | 	group.share.min.session.timeout.ms = 45000
stream-state-bench-flink-kafka  | 	group.share.partition.max.record.locks = 2000
stream-state-bench-flink-kafka  | 	group.share.persister.class.name = org.apache.kafka.server.share.persister.DefaultStatePersister
stream-state-bench-flink-kafka  | 	group.share.record.lock.duration.ms = 30000
stream-state-bench-flink-kafka  | 	group.share.session.timeout.ms = 45000
stream-state-bench-flink-kafka  | 	group.streams.assignment.interval.ms = 1000
stream-state-bench-flink-kafka  | 	group.streams.heartbeat.interval.ms = 5000
stream-state-bench-flink-kafka  | 	group.streams.initial.rebalance.delay.ms = 3000
stream-state-bench-flink-kafka  | 	group.streams.max.assignment.interval.ms = 15000
stream-state-bench-flink-kafka  | 	group.streams.max.heartbeat.interval.ms = 15000
stream-state-bench-flink-kafka  | 	group.streams.max.session.timeout.ms = 60000
stream-state-bench-flink-kafka  | 	group.streams.max.size = 2147483647
stream-state-bench-flink-kafka  | 	group.streams.max.standby.replicas = 2
stream-state-bench-flink-kafka  | 	group.streams.min.assignment.interval.ms = 0
stream-state-bench-flink-kafka  | 	group.streams.min.heartbeat.interval.ms = 5000
stream-state-bench-flink-kafka  | 	group.streams.min.session.timeout.ms = 45000
stream-state-bench-flink-kafka  | 	group.streams.num.standby.replicas = 0
stream-state-bench-flink-kafka  | 	group.streams.session.timeout.ms = 45000
stream-state-bench-flink-kafka  | 	initial.broker.registration.timeout.ms = 60000
stream-state-bench-flink-kafka  | 	inter.broker.listener.name = null
stream-state-bench-flink-kafka  | 	internal.metadata.delete.delay.millis = 60000
stream-state-bench-flink-kafka  | 	internal.metadata.log.segment.bytes = null
stream-state-bench-flink-kafka  | 	internal.metadata.max.batch.size.in.bytes = 8388608
stream-state-bench-flink-kafka  | 	kafka.metrics.polling.interval.secs = 10
stream-state-bench-flink-kafka  | 	kafka.metrics.reporters = []
stream-state-bench-flink-kafka  | 	leader.imbalance.check.interval.seconds = 300
stream-state-bench-flink-kafka  | 	listener.security.protocol.map = CONTROLLER:PLAINTEXT,PLAINTEXT:PLAINTEXT
stream-state-bench-flink-kafka  | 	listeners = [PLAINTEXT://:9092, CONTROLLER://:9093]
stream-state-bench-flink-kafka  | 	log.cleaner.backoff.ms = 15000
stream-state-bench-flink-kafka  | 	log.cleaner.dedupe.buffer.size = 134217728
stream-state-bench-flink-kafka  | 	log.cleaner.delete.retention.ms = 86400000
stream-state-bench-flink-kafka  | 	log.cleaner.enable = true
stream-state-bench-flink-kafka  | 	log.cleaner.io.buffer.load.factor = 0.9
stream-state-bench-flink-kafka  | 	log.cleaner.io.buffer.size = 524288
stream-state-bench-flink-kafka  | 	log.cleaner.io.max.bytes.per.second = 1.7976931348623157E308
stream-state-bench-flink-kafka  | 	log.cleaner.max.compaction.lag.ms = 9223372036854775807
stream-state-bench-flink-kafka  | 	log.cleaner.min.cleanable.ratio = 0.5
stream-state-bench-flink-kafka  | 	log.cleaner.min.compaction.lag.ms = 0
stream-state-bench-flink-kafka  | 	log.cleaner.threads = 1
stream-state-bench-flink-kafka  | 	log.cleanup.policy = [delete]
stream-state-bench-flink-kafka  | 	log.dir = [/tmp/kafka-logs]
stream-state-bench-flink-kafka  | 	log.dir.failure.timeout.ms = 30000
stream-state-bench-flink-kafka  | 	log.dirs = null
stream-state-bench-flink-kafka  | 	log.flush.interval.messages = 9223372036854775807
stream-state-bench-flink-kafka  | 	log.flush.interval.ms = null
stream-state-bench-flink-kafka  | 	log.flush.offset.checkpoint.interval.ms = 60000
stream-state-bench-flink-kafka  | 	log.flush.scheduler.interval.ms = 9223372036854775807
stream-state-bench-flink-kafka  | 	log.flush.start.offset.checkpoint.interval.ms = 60000
stream-state-bench-flink-kafka  | 	log.index.interval.bytes = 4096
stream-state-bench-flink-kafka  | 	log.index.size.max.bytes = 10485760
stream-state-bench-flink-kafka  | 	log.initial.task.delay.ms = 30000
stream-state-bench-flink-kafka  | 	log.local.retention.bytes = -2
stream-state-bench-flink-kafka  | 	log.local.retention.ms = -2
stream-state-bench-flink-kafka  | 	log.message.timestamp.after.max.ms = 3600000
stream-state-bench-flink-kafka  | 	log.message.timestamp.before.max.ms = 9223372036854775807
stream-state-bench-flink-kafka  | 	log.message.timestamp.type = CreateTime
stream-state-bench-flink-kafka  | 	log.preallocate = false
stream-state-bench-flink-kafka  | 	log.retention.bytes = -1
stream-state-bench-flink-kafka  | 	log.retention.check.interval.ms = 300000
stream-state-bench-flink-kafka  | 	log.retention.hours = 168
stream-state-bench-flink-kafka  | 	log.retention.minutes = null
stream-state-bench-flink-kafka  | 	log.retention.ms = null
stream-state-bench-flink-kafka  | 	log.roll.hours = 168
stream-state-bench-flink-kafka  | 	log.roll.jitter.hours = 0
stream-state-bench-flink-kafka  | 	log.roll.jitter.ms = null
stream-state-bench-flink-kafka  | 	log.roll.ms = null
stream-state-bench-flink-kafka  | 	log.segment.bytes = 1073741824
stream-state-bench-flink-kafka  | 	log.segment.delete.delay.ms = 60000
stream-state-bench-flink-kafka  | 	max.connection.creation.rate = 2147483647
stream-state-bench-flink-kafka  | 	max.connections = 2147483647
stream-state-bench-flink-kafka  | 	max.connections.per.ip = 2147483647
stream-state-bench-flink-kafka  | 	max.connections.per.ip.overrides = 
stream-state-bench-flink-kafka  | 	max.incremental.fetch.session.cache.slots = 1000
stream-state-bench-flink-kafka  | 	max.request.partition.size.limit = 2000
stream-state-bench-flink-kafka  | 	message.max.bytes = 1048588
stream-state-bench-flink-kafka  | 	metadata.log.dir = null
stream-state-bench-flink-kafka  | 	metadata.log.max.record.bytes.between.snapshots = 20971520
stream-state-bench-flink-kafka  | 	metadata.log.max.snapshot.interval.ms = 3600000
stream-state-bench-flink-kafka  | 	metadata.log.segment.bytes = 1073741824
stream-state-bench-flink-kafka  | 	metadata.log.segment.ms = 604800000
stream-state-bench-flink-kafka  | 	metadata.max.idle.interval.ms = 500
stream-state-bench-flink-kafka  | 	metadata.max.retention.bytes = 104857600
stream-state-bench-flink-kafka  | 	metadata.max.retention.ms = 604800000
stream-state-bench-flink-kafka  | 	metric.reporters = [org.apache.kafka.common.metrics.JmxReporter]
stream-state-bench-flink-kafka  | 	metrics.num.samples = 2
stream-state-bench-flink-kafka  | 	metrics.recording.level = INFO
stream-state-bench-flink-kafka  | 	metrics.sample.window.ms = 30000
stream-state-bench-flink-kafka  | 	min.insync.replicas = 1
stream-state-bench-flink-kafka  | 	node.id = 1
stream-state-bench-flink-kafka  | 	num.io.threads = 8
stream-state-bench-flink-kafka  | 	num.network.threads = 3
stream-state-bench-flink-kafka  | 	num.partitions = 1
stream-state-bench-flink-kafka  | 	num.recovery.threads.per.data.dir = 2
stream-state-bench-flink-kafka  | 	num.replica.alter.log.dirs.threads = null
stream-state-bench-flink-kafka  | 	num.replica.fetchers = 1
stream-state-bench-flink-kafka  | 	offset.metadata.max.bytes = 4096
stream-state-bench-flink-kafka  | 	offsets.commit.timeout.ms = 5000
stream-state-bench-flink-kafka  | 	offsets.load.buffer.size = 5242880
stream-state-bench-flink-kafka  | 	offsets.retention.check.interval.ms = 600000
stream-state-bench-flink-kafka  | 	offsets.retention.minutes = 10080
stream-state-bench-flink-kafka  | 	offsets.topic.compression.codec = 0
stream-state-bench-flink-kafka  | 	offsets.topic.num.partitions = 50
stream-state-bench-flink-kafka  | 	offsets.topic.replication.factor = 1
stream-state-bench-flink-kafka  | 	offsets.topic.segment.bytes = 104857600
stream-state-bench-flink-kafka  | 	principal.builder.class = class org.apache.kafka.common.security.authenticator.DefaultKafkaPrincipalBuilder
stream-state-bench-flink-kafka  | 	process.roles = [broker, controller]
stream-state-bench-flink-kafka  | 	producer.id.expiration.check.interval.ms = 600000
stream-state-bench-flink-kafka  | 	producer.id.expiration.ms = 86400000
stream-state-bench-flink-kafka  | 	producer.purgatory.purge.interval.requests = 1000
stream-state-bench-flink-kafka  | 	queued.max.request.bytes = -1
stream-state-bench-flink-kafka  | 	queued.max.requests = 500
stream-state-bench-flink-kafka  | 	quota.window.num = 11
stream-state-bench-flink-kafka  | 	quota.window.size.seconds = 1
stream-state-bench-flink-kafka  | 	remote.fetch.max.wait.ms = 500
stream-state-bench-flink-kafka  | 	remote.list.offsets.request.timeout.ms = 30000
stream-state-bench-flink-kafka  | 	remote.log.index.file.cache.total.size.bytes = 1073741824
stream-state-bench-flink-kafka  | 	remote.log.index.file.cache.ttl.ms = 900000
stream-state-bench-flink-kafka  | 	remote.log.manager.copier.thread.pool.size = 10
stream-state-bench-flink-kafka  | 	remote.log.manager.copy.max.bytes.per.second = 9223372036854775807
stream-state-bench-flink-kafka  | 	remote.log.manager.copy.quota.window.num = 11
stream-state-bench-flink-kafka  | 	remote.log.manager.copy.quota.window.size.seconds = 1
stream-state-bench-flink-kafka  | 	remote.log.manager.expiration.thread.pool.size = 10
stream-state-bench-flink-kafka  | 	remote.log.manager.fetch.max.bytes.per.second = 9223372036854775807
stream-state-bench-flink-kafka  | 	remote.log.manager.fetch.quota.window.num = 11
stream-state-bench-flink-kafka  | 	remote.log.manager.fetch.quota.window.size.seconds = 1
stream-state-bench-flink-kafka  | 	remote.log.manager.follower.thread.pool.size = 2
stream-state-bench-flink-kafka  | 	remote.log.manager.task.interval.ms = 30000
stream-state-bench-flink-kafka  | 	remote.log.manager.task.retry.backoff.max.ms = 30000
stream-state-bench-flink-kafka  | 	remote.log.manager.task.retry.backoff.ms = 500
stream-state-bench-flink-kafka  | 	remote.log.manager.task.retry.jitter = 0.2
stream-state-bench-flink-kafka  | 	remote.log.manager.thread.pool.size = 2
stream-state-bench-flink-kafka  | 	remote.log.metadata.custom.metadata.max.bytes = 128
stream-state-bench-flink-kafka  | 	remote.log.metadata.manager.class.name = org.apache.kafka.server.log.remote.metadata.storage.TopicBasedRemoteLogMetadataManager
stream-state-bench-flink-kafka  | 	remote.log.metadata.manager.class.path = null
stream-state-bench-flink-kafka  | 	remote.log.metadata.manager.impl.prefix = rlmm.config.
stream-state-bench-flink-kafka  | 	remote.log.metadata.manager.listener.name = null
stream-state-bench-flink-kafka  | 	remote.log.reader.max.pending.tasks = 100
stream-state-bench-flink-kafka  | 	remote.log.reader.threads = 10
stream-state-bench-flink-kafka  | 	remote.log.storage.manager.class.name = null
stream-state-bench-flink-kafka  | 	remote.log.storage.manager.class.path = null
stream-state-bench-flink-kafka  | 	remote.log.storage.manager.impl.prefix = rsm.config.
stream-state-bench-flink-kafka  | 	remote.log.storage.system.enable = false
stream-state-bench-flink-kafka  | 	replica.fetch.backoff.ms = 1000
stream-state-bench-flink-kafka  | 	replica.fetch.max.bytes = 1048576
stream-state-bench-flink-kafka  | 	replica.fetch.min.bytes = 1
stream-state-bench-flink-kafka  | 	replica.fetch.response.max.bytes = 10485760
stream-state-bench-flink-kafka  | 	replica.fetch.wait.max.ms = 500
stream-state-bench-flink-kafka  | 	replica.high.watermark.checkpoint.interval.ms = 5000
stream-state-bench-flink-kafka  | 	replica.lag.time.max.ms = 30000
stream-state-bench-flink-kafka  | 	replica.selector.class = null
stream-state-bench-flink-kafka  | 	replica.socket.receive.buffer.bytes = 65536
stream-state-bench-flink-kafka  | 	replica.socket.timeout.ms = 30000
stream-state-bench-flink-kafka  | 	replication.quota.window.num = 11
stream-state-bench-flink-kafka  | 	replication.quota.window.size.seconds = 1
stream-state-bench-flink-kafka  | 	request.timeout.ms = 30000
stream-state-bench-flink-kafka  | 	sasl.client.callback.handler.class = null
stream-state-bench-flink-kafka  | 	sasl.enabled.mechanisms = [GSSAPI]
stream-state-bench-flink-kafka  | 	sasl.jaas.config = null
stream-state-bench-flink-kafka  | 	sasl.kerberos.kinit.cmd = /usr/bin/kinit
stream-state-bench-flink-kafka  | 	sasl.kerberos.min.time.before.relogin = 60000
stream-state-bench-flink-kafka  | 	sasl.kerberos.principal.to.local.rules = [DEFAULT]
stream-state-bench-flink-kafka  | 	sasl.kerberos.service.name = null
stream-state-bench-flink-kafka  | 	sasl.kerberos.ticket.renew.jitter = 0.05
stream-state-bench-flink-kafka  | 	sasl.kerberos.ticket.renew.window.factor = 0.8
stream-state-bench-flink-kafka  | 	sasl.login.callback.handler.class = null
stream-state-bench-flink-kafka  | 	sasl.login.class = null
stream-state-bench-flink-kafka  | 	sasl.login.connect.timeout.ms = null
stream-state-bench-flink-kafka  | 	sasl.login.read.timeout.ms = null
stream-state-bench-flink-kafka  | 	sasl.login.refresh.buffer.seconds = 300
stream-state-bench-flink-kafka  | 	sasl.login.refresh.min.period.seconds = 60
stream-state-bench-flink-kafka  | 	sasl.login.refresh.window.factor = 0.8
stream-state-bench-flink-kafka  | 	sasl.login.refresh.window.jitter = 0.05
stream-state-bench-flink-kafka  | 	sasl.login.retry.backoff.max.ms = 10000
stream-state-bench-flink-kafka  | 	sasl.login.retry.backoff.ms = 100
stream-state-bench-flink-kafka  | 	sasl.mechanism.controller.protocol = GSSAPI
stream-state-bench-flink-kafka  | 	sasl.mechanism.inter.broker.protocol = GSSAPI
stream-state-bench-flink-kafka  | 	sasl.oauthbearer.assertion.algorithm = RS256
stream-state-bench-flink-kafka  | 	sasl.oauthbearer.assertion.claim.aud = null
stream-state-bench-flink-kafka  | 	sasl.oauthbearer.assertion.claim.exp.seconds = 300
stream-state-bench-flink-kafka  | 	sasl.oauthbearer.assertion.claim.iss = null
stream-state-bench-flink-kafka  | 	sasl.oauthbearer.assertion.claim.jti.include = false
stream-state-bench-flink-kafka  | 	sasl.oauthbearer.assertion.claim.nbf.seconds = 60
stream-state-bench-flink-kafka  | 	sasl.oauthbearer.assertion.claim.sub = null
stream-state-bench-flink-kafka  | 	sasl.oauthbearer.assertion.file = null
stream-state-bench-flink-kafka  | 	sasl.oauthbearer.assertion.private.key.file = null
stream-state-bench-flink-kafka  | 	sasl.oauthbearer.assertion.private.key.passphrase = null
stream-state-bench-flink-kafka  | 	sasl.oauthbearer.assertion.template.file = null
stream-state-bench-flink-kafka  | 	sasl.oauthbearer.client.credentials.client.id = null
stream-state-bench-flink-kafka  | 	sasl.oauthbearer.client.credentials.client.secret = null
stream-state-bench-flink-kafka  | 	sasl.oauthbearer.clock.skew.seconds = 30
stream-state-bench-flink-kafka  | 	sasl.oauthbearer.expected.audience = []
stream-state-bench-flink-kafka  | 	sasl.oauthbearer.expected.issuer = null
stream-state-bench-flink-kafka  | 	sasl.oauthbearer.jwks.endpoint.refresh.ms = 3600000
stream-state-bench-flink-kafka  | 	sasl.oauthbearer.jwks.endpoint.retry.backoff.max.ms = 10000
stream-state-bench-flink-kafka  | 	sasl.oauthbearer.jwks.endpoint.retry.backoff.ms = 100
stream-state-bench-flink-kafka  | 	sasl.oauthbearer.jwks.endpoint.url = null
stream-state-bench-flink-kafka  | 	sasl.oauthbearer.jwt.retriever.class = class org.apache.kafka.common.security.oauthbearer.DefaultJwtRetriever
stream-state-bench-flink-kafka  | 	sasl.oauthbearer.jwt.validator.class = class org.apache.kafka.common.security.oauthbearer.DefaultJwtValidator
stream-state-bench-flink-kafka  | 	sasl.oauthbearer.scope = null
stream-state-bench-flink-kafka  | 	sasl.oauthbearer.scope.claim.name = scope
stream-state-bench-flink-kafka  | 	sasl.oauthbearer.sub.claim.name = sub
stream-state-bench-flink-kafka  | 	sasl.oauthbearer.token.endpoint.url = null
stream-state-bench-flink-kafka  | 	sasl.server.callback.handler.class = null
stream-state-bench-flink-kafka  | 	sasl.server.max.receive.size = 524288
stream-state-bench-flink-kafka  | 	security.inter.broker.protocol = PLAINTEXT
stream-state-bench-flink-kafka  | 	security.providers = null
stream-state-bench-flink-kafka  | 	server.max.startup.time.ms = 9223372036854775807
stream-state-bench-flink-kafka  | 	share.coordinator.append.linger.ms = -1
stream-state-bench-flink-kafka  | 	share.coordinator.cached.buffer.max.bytes = 1048588
stream-state-bench-flink-kafka  | 	share.coordinator.cold.partition.snapshot.interval.ms = 300000
stream-state-bench-flink-kafka  | 	share.coordinator.load.buffer.size = 5242880
stream-state-bench-flink-kafka  | 	share.coordinator.snapshot.update.records.per.snapshot = 500
stream-state-bench-flink-kafka  | 	share.coordinator.state.topic.compression.codec = 0
stream-state-bench-flink-kafka  | 	share.coordinator.state.topic.min.isr = 2
stream-state-bench-flink-kafka  | 	share.coordinator.state.topic.num.partitions = 50
stream-state-bench-flink-kafka  | 	share.coordinator.state.topic.prune.interval.ms = 300000
stream-state-bench-flink-kafka  | 	share.coordinator.state.topic.replication.factor = 3
stream-state-bench-flink-kafka  | 	share.coordinator.state.topic.segment.bytes = 104857600
stream-state-bench-flink-kafka  | 	share.coordinator.threads = 1
stream-state-bench-flink-kafka  | 	share.coordinator.write.timeout.ms = 5000
stream-state-bench-flink-kafka  | 	share.fetch.purgatory.purge.interval.requests = 1000
stream-state-bench-flink-kafka  | 	socket.connection.setup.timeout.max.ms = 30000
stream-state-bench-flink-kafka  | 	socket.connection.setup.timeout.ms = 10000
stream-state-bench-flink-kafka  | 	socket.listen.backlog.size = 50
stream-state-bench-flink-kafka  | 	socket.receive.buffer.bytes = 102400
stream-state-bench-flink-kafka  | 	socket.request.max.bytes = 104857600
stream-state-bench-flink-kafka  | 	socket.send.buffer.bytes = 102400
stream-state-bench-flink-kafka  | 	ssl.allow.dn.changes = false
stream-state-bench-flink-kafka  | 	ssl.allow.san.changes = false
stream-state-bench-flink-kafka  | 	ssl.cipher.suites = []
stream-state-bench-flink-kafka  | 	ssl.client.auth = none
stream-state-bench-flink-kafka  | 	ssl.enabled.protocols = [TLSv1.2, TLSv1.3]
stream-state-bench-flink-kafka  | 	ssl.endpoint.identification.algorithm = https
stream-state-bench-flink-kafka  | 	ssl.engine.factory.class = null
stream-state-bench-flink-kafka  | 	ssl.key.password = null
stream-state-bench-flink-kafka  | 	ssl.keymanager.algorithm = SunX509
stream-state-bench-flink-kafka  | 	ssl.keystore.certificate.chain = null
stream-state-bench-flink-kafka  | 	ssl.keystore.key = null
stream-state-bench-flink-kafka  | 	ssl.keystore.location = null
stream-state-bench-flink-kafka  | 	ssl.keystore.password = null
stream-state-bench-flink-kafka  | 	ssl.keystore.type = JKS
stream-state-bench-flink-kafka  | 	ssl.principal.mapping.rules = DEFAULT
stream-state-bench-flink-kafka  | 	ssl.protocol = TLSv1.3
stream-state-bench-flink-kafka  | 	ssl.provider = null
stream-state-bench-flink-kafka  | 	ssl.secure.random.implementation = null
stream-state-bench-flink-kafka  | 	ssl.trustmanager.algorithm = PKIX
stream-state-bench-flink-kafka  | 	ssl.truststore.certificates = null
stream-state-bench-flink-kafka  | 	ssl.truststore.location = null
stream-state-bench-flink-kafka  | 	ssl.truststore.password = null
stream-state-bench-flink-kafka  | 	ssl.truststore.type = JKS
stream-state-bench-flink-kafka  | 	telemetry.max.bytes = 1048576
stream-state-bench-flink-kafka  | 	transaction.abort.timed.out.transaction.cleanup.interval.ms = 10000
stream-state-bench-flink-kafka  | 	transaction.max.timeout.ms = 900000
stream-state-bench-flink-kafka  | 	transaction.partition.verification.enable = true
stream-state-bench-flink-kafka  | 	transaction.remove.expired.transaction.cleanup.interval.ms = 3600000
stream-state-bench-flink-kafka  | 	transaction.state.log.load.buffer.size = 5242880
stream-state-bench-flink-kafka  | 	transaction.state.log.min.isr = 1
stream-state-bench-flink-kafka  | 	transaction.state.log.num.partitions = 50
stream-state-bench-flink-kafka  | 	transaction.state.log.replication.factor = 1
stream-state-bench-flink-kafka  | 	transaction.state.log.segment.bytes = 104857600
stream-state-bench-flink-kafka  | 	transaction.two.phase.commit.enable = false
stream-state-bench-flink-kafka  | 	transactional.id.expiration.ms = 604800000
stream-state-bench-flink-kafka  | 	unclean.leader.election.enable = false
stream-state-bench-flink-kafka  | 	unclean.leader.election.interval.ms = 300000
stream-state-bench-flink-kafka  | 	unstable.api.versions.enable = false
stream-state-bench-flink-kafka  | 	unstable.feature.versions.enable = false
stream-state-bench-flink-kafka  |  (org.apache.kafka.common.config.AbstractConfig)
stream-state-bench-flink-kafka  | [2026-07-15 22:12:42,940] INFO [BrokerServer id=1] Waiting for the broker to be unfenced (kafka.server.BrokerServer)
stream-state-bench-flink-kafka  | [2026-07-15 22:12:42,970] INFO [BrokerLifecycleManager id=1] The broker has been unfenced. Transitioning from RECOVERY to RUNNING. (org.apache.kafka.server.BrokerLifecycleManager)
stream-state-bench-flink-kafka  | [2026-07-15 22:12:42,970] INFO [BrokerServer id=1] Finished waiting for the broker to be unfenced (kafka.server.BrokerServer)
stream-state-bench-flink-kafka  | [2026-07-15 22:12:42,971] INFO authorizerStart completed for endpoint PLAINTEXT. Endpoint is now READY. (org.apache.kafka.server.network.EndpointReadyFutures)
stream-state-bench-flink-kafka  | [2026-07-15 22:12:42,971] INFO [SocketServer listenerType=BROKER, nodeId=1] Enabling request processing. (kafka.network.SocketServer)
stream-state-bench-flink-kafka  | [2026-07-15 22:12:42,971] INFO Awaiting socket connections on 0.0.0.0:9092. (kafka.network.DataPlaneAcceptor)
stream-state-bench-flink-kafka  | [2026-07-15 22:12:42,972] INFO [BrokerServer id=1] Waiting for all of the authorizer futures to be completed (kafka.server.BrokerServer)
stream-state-bench-flink-kafka  | [2026-07-15 22:12:42,972] INFO [BrokerServer id=1] Finished waiting for all of the authorizer futures to be completed (kafka.server.BrokerServer)
stream-state-bench-flink-kafka  | [2026-07-15 22:12:42,972] INFO [BrokerServer id=1] Waiting for all of the SocketServer Acceptors to be started (kafka.server.BrokerServer)
stream-state-bench-flink-kafka  | [2026-07-15 22:12:42,972] INFO [BrokerServer id=1] Finished waiting for all of the SocketServer Acceptors to be started (kafka.server.BrokerServer)
stream-state-bench-flink-kafka  | [2026-07-15 22:12:42,973] INFO [BrokerServer id=1] Transition from STARTING to STARTED (kafka.server.BrokerServer)
stream-state-bench-flink-kafka  | [2026-07-15 22:12:42,973] INFO Kafka version: 4.3.1 (org.apache.kafka.common.utils.AppInfoParser)
stream-state-bench-flink-kafka  | [2026-07-15 22:12:42,973] INFO Kafka commitId: 26b251a451ce941d (org.apache.kafka.common.utils.AppInfoParser)
stream-state-bench-flink-kafka  | [2026-07-15 22:12:42,973] INFO Kafka startTimeMs: 1784153562973 (org.apache.kafka.common.utils.AppInfoParser)
stream-state-bench-flink-kafka  | [2026-07-15 22:12:42,975] INFO [KafkaRaftServer nodeId=1] Kafka Server started (kafka.server.KafkaRaftServer)
stream-state-bench-flink-kafka  | [2026-07-15 22:12:45,118] INFO [ReplicaFetcherManager on broker 1] Removed fetcher for partitions Set(bench-w2-latency-input-0) (kafka.server.ReplicaFetcherManager)
stream-state-bench-flink-kafka  | [2026-07-15 22:12:45,130] INFO [LogLoader partition=bench-w2-latency-input-0, dir=/tmp/kafka-logs] Loading producer state till offset 0 (org.apache.kafka.storage.internals.log.UnifiedLog)
stream-state-bench-flink-kafka  | [2026-07-15 22:12:45,131] INFO Created log for partition bench-w2-latency-input-0 in /tmp/kafka-logs/bench-w2-latency-input-0 with properties {} (kafka.log.LogManager)
stream-state-bench-flink-kafka  | [2026-07-15 22:12:45,132] INFO [Partition bench-w2-latency-input-0 broker=1] No checkpointed highwatermark is found for partition bench-w2-latency-input-0 (kafka.cluster.Partition)
stream-state-bench-flink-kafka  | [2026-07-15 22:12:45,133] INFO [Partition bench-w2-latency-input-0 broker=1] Log loaded for partition bench-w2-latency-input-0 with initial high watermark 0 (kafka.cluster.Partition)
stream-state-bench-flink-kafka  | [2026-07-15 22:12:46,714] INFO [ReplicaFetcherManager on broker 1] Removed fetcher for partitions Set(bench-w2-latency-flink-output-0) (kafka.server.ReplicaFetcherManager)
stream-state-bench-flink-kafka  | [2026-07-15 22:12:46,718] INFO [LogLoader partition=bench-w2-latency-flink-output-0, dir=/tmp/kafka-logs] Loading producer state till offset 0 (org.apache.kafka.storage.internals.log.UnifiedLog)
stream-state-bench-flink-kafka  | [2026-07-15 22:12:46,719] INFO Created log for partition bench-w2-latency-flink-output-0 in /tmp/kafka-logs/bench-w2-latency-flink-output-0 with properties {} (kafka.log.LogManager)
stream-state-bench-flink-kafka  | [2026-07-15 22:12:46,719] INFO [Partition bench-w2-latency-flink-output-0 broker=1] No checkpointed highwatermark is found for partition bench-w2-latency-flink-output-0 (kafka.cluster.Partition)
stream-state-bench-flink-kafka  | [2026-07-15 22:12:46,719] INFO [Partition bench-w2-latency-flink-output-0 broker=1] Log loaded for partition bench-w2-latency-flink-output-0 with initial high watermark 0 (kafka.cluster.Partition)
stream-state-bench-flink-kafka  | [2026-07-15 22:12:49,848] INFO Sent auto-creation request for Set(__transaction_state) to the active controller. (kafka.server.DefaultAutoTopicCreationManager)
stream-state-bench-flink-kafka  | [2026-07-15 22:12:49,882] INFO [ReplicaFetcherManager on broker 1] Removed fetcher for partitions Set(__transaction_state-42, __transaction_state-13, __transaction_state-46, __transaction_state-17, __transaction_state-34, __transaction_state-5, __transaction_state-38, __transaction_state-9, __transaction_state-26, __transaction_state-30, __transaction_state-1, __transaction_state-18, __transaction_state-22, __transaction_state-12, __transaction_state-45, __transaction_state-16, __transaction_state-49, __transaction_state-4, __transaction_state-37, __transaction_state-8, __transaction_state-41, __transaction_state-29, __transaction_state-0, __transaction_state-33, __transaction_state-21, __transaction_state-25, __transaction_state-11, __transaction_state-44, __transaction_state-15, __transaction_state-48, __transaction_state-3, __transaction_state-36, __transaction_state-7, __transaction_state-40, __transaction_state-28, __transaction_state-32, __transaction_state-20, __transaction_state-24, __transaction_state-10, __transaction_state-43, __transaction_state-14, __transaction_state-47, __transaction_state-2, __transaction_state-35, __transaction_state-6, __transaction_state-39, __transaction_state-27, __transaction_state-31, __transaction_state-19, __transaction_state-23) (kafka.server.ReplicaFetcherManager)
stream-state-bench-flink-kafka  | [2026-07-15 22:12:49,886] INFO [LogLoader partition=__transaction_state-42, dir=/tmp/kafka-logs] Loading producer state till offset 0 (org.apache.kafka.storage.internals.log.UnifiedLog)
stream-state-bench-flink-kafka  | [2026-07-15 22:12:49,886] INFO Created log for partition __transaction_state-42 in /tmp/kafka-logs/__transaction_state-42 with properties {cleanup.policy=compact, compression.type="uncompressed", min.insync.replicas=1, segment.bytes=104857600, unclean.leader.election.enable=false} (kafka.log.LogManager)
stream-state-bench-flink-kafka  | [2026-07-15 22:12:49,887] INFO [Partition __transaction_state-42 broker=1] No checkpointed highwatermark is found for partition __transaction_state-42 (kafka.cluster.Partition)
stream-state-bench-flink-kafka  | [2026-07-15 22:12:49,887] INFO [Partition __transaction_state-42 broker=1] Log loaded for partition __transaction_state-42 with initial high watermark 0 (kafka.cluster.Partition)
stream-state-bench-flink-kafka  | [2026-07-15 22:12:49,892] INFO [LogLoader partition=__transaction_state-13, dir=/tmp/kafka-logs] Loading producer state till offset 0 (org.apache.kafka.storage.internals.log.UnifiedLog)
stream-state-bench-flink-kafka  | [2026-07-15 22:12:49,893] INFO Created log for partition __transaction_state-13 in /tmp/kafka-logs/__transaction_state-13 with properties {cleanup.policy=compact, compression.type="uncompressed", min.insync.replicas=1, segment.bytes=104857600, unclean.leader.election.enable=false} (kafka.log.LogManager)
stream-state-bench-flink-kafka  | [2026-07-15 22:12:49,893] INFO [Partition __transaction_state-13 broker=1] No checkpointed highwatermark is found for partition __transaction_state-13 (kafka.cluster.Partition)
stream-state-bench-flink-kafka  | [2026-07-15 22:12:49,893] INFO [Partition __transaction_state-13 broker=1] Log loaded for partition __transaction_state-13 with initial high watermark 0 (kafka.cluster.Partition)
stream-state-bench-flink-kafka  | [2026-07-15 22:12:49,899] INFO [LogLoader partition=__transaction_state-46, dir=/tmp/kafka-logs] Loading producer state till offset 0 (org.apache.kafka.storage.internals.log.UnifiedLog)
stream-state-bench-flink-kafka  | [2026-07-15 22:12:49,900] INFO Created log for partition __transaction_state-46 in /tmp/kafka-logs/__transaction_state-46 with properties {cleanup.policy=compact, compression.type="uncompressed", min.insync.replicas=1, segment.bytes=104857600, unclean.leader.election.enable=false} (kafka.log.LogManager)
stream-state-bench-flink-kafka  | [2026-07-15 22:12:49,900] INFO [Partition __transaction_state-46 broker=1] No checkpointed highwatermark is found for partition __transaction_state-46 (kafka.cluster.Partition)
stream-state-bench-flink-kafka  | [2026-07-15 22:12:49,900] INFO [Partition __transaction_state-46 broker=1] Log loaded for partition __transaction_state-46 with initial high watermark 0 (kafka.cluster.Partition)
stream-state-bench-flink-kafka  | [2026-07-15 22:12:49,907] INFO [LogLoader partition=__transaction_state-17, dir=/tmp/kafka-logs] Loading producer state till offset 0 (org.apache.kafka.storage.internals.log.UnifiedLog)
stream-state-bench-flink-kafka  | [2026-07-15 22:12:49,907] INFO Created log for partition __transaction_state-17 in /tmp/kafka-logs/__transaction_state-17 with properties {cleanup.policy=compact, compression.type="uncompressed", min.insync.replicas=1, segment.bytes=104857600, unclean.leader.election.enable=false} (kafka.log.LogManager)
stream-state-bench-flink-kafka  | [2026-07-15 22:12:49,907] INFO [Partition __transaction_state-17 broker=1] No checkpointed highwatermark is found for partition __transaction_state-17 (kafka.cluster.Partition)
stream-state-bench-flink-kafka  | [2026-07-15 22:12:49,907] INFO [Partition __transaction_state-17 broker=1] Log loaded for partition __transaction_state-17 with initial high watermark 0 (kafka.cluster.Partition)
stream-state-bench-flink-kafka  | [2026-07-15 22:12:49,914] INFO [LogLoader partition=__transaction_state-34, dir=/tmp/kafka-logs] Loading producer state till offset 0 (org.apache.kafka.storage.internals.log.UnifiedLog)
stream-state-bench-flink-kafka  | [2026-07-15 22:12:49,914] INFO Created log for partition __transaction_state-34 in /tmp/kafka-logs/__transaction_state-34 with properties {cleanup.policy=compact, compression.type="uncompressed", min.insync.replicas=1, segment.bytes=104857600, unclean.leader.election.enable=false} (kafka.log.LogManager)
stream-state-bench-flink-kafka  | [2026-07-15 22:12:49,914] INFO [Partition __transaction_state-34 broker=1] No checkpointed highwatermark is found for partition __transaction_state-34 (kafka.cluster.Partition)
stream-state-bench-flink-kafka  | [2026-07-15 22:12:49,914] INFO [Partition __transaction_state-34 broker=1] Log loaded for partition __transaction_state-34 with initial high watermark 0 (kafka.cluster.Partition)
stream-state-bench-flink-kafka  | [2026-07-15 22:12:49,924] INFO [LogLoader partition=__transaction_state-5, dir=/tmp/kafka-logs] Loading producer state till offset 0 (org.apache.kafka.storage.internals.log.UnifiedLog)
stream-state-bench-flink-kafka  | [2026-07-15 22:12:49,925] INFO Created log for partition __transaction_state-5 in /tmp/kafka-logs/__transaction_state-5 with properties {cleanup.policy=compact, compression.type="uncompressed", min.insync.replicas=1, segment.bytes=104857600, unclean.leader.election.enable=false} (kafka.log.LogManager)
stream-state-bench-flink-kafka  | [2026-07-15 22:12:49,925] INFO [Partition __transaction_state-5 broker=1] No checkpointed highwatermark is found for partition __transaction_state-5 (kafka.cluster.Partition)
stream-state-bench-flink-kafka  | [2026-07-15 22:12:49,925] INFO [Partition __transaction_state-5 broker=1] Log loaded for partition __transaction_state-5 with initial high watermark 0 (kafka.cluster.Partition)
stream-state-bench-flink-kafka  | [2026-07-15 22:12:49,932] INFO [LogLoader partition=__transaction_state-38, dir=/tmp/kafka-logs] Loading producer state till offset 0 (org.apache.kafka.storage.internals.log.UnifiedLog)
stream-state-bench-flink-kafka  | [2026-07-15 22:12:49,932] INFO Created log for partition __transaction_state-38 in /tmp/kafka-logs/__transaction_state-38 with properties {cleanup.policy=compact, compression.type="uncompressed", min.insync.replicas=1, segment.bytes=104857600, unclean.leader.election.enable=false} (kafka.log.LogManager)
stream-state-bench-flink-kafka  | [2026-07-15 22:12:49,933] INFO [Partition __transaction_state-38 broker=1] No checkpointed highwatermark is found for partition __transaction_state-38 (kafka.cluster.Partition)
stream-state-bench-flink-kafka  | [2026-07-15 22:12:49,933] INFO [Partition __transaction_state-38 broker=1] Log loaded for partition __transaction_state-38 with initial high watermark 0 (kafka.cluster.Partition)
stream-state-bench-flink-kafka  | [2026-07-15 22:12:49,940] INFO [LogLoader partition=__transaction_state-9, dir=/tmp/kafka-logs] Loading producer state till offset 0 (org.apache.kafka.storage.internals.log.UnifiedLog)
stream-state-bench-flink-kafka  | [2026-07-15 22:12:49,941] INFO Created log for partition __transaction_state-9 in /tmp/kafka-logs/__transaction_state-9 with properties {cleanup.policy=compact, compression.type="uncompressed", min.insync.replicas=1, segment.bytes=104857600, unclean.leader.election.enable=false} (kafka.log.LogManager)
stream-state-bench-flink-kafka  | [2026-07-15 22:12:49,941] INFO [Partition __transaction_state-9 broker=1] No checkpointed highwatermark is found for partition __transaction_state-9 (kafka.cluster.Partition)
stream-state-bench-flink-kafka  | [2026-07-15 22:12:49,941] INFO [Partition __transaction_state-9 broker=1] Log loaded for partition __transaction_state-9 with initial high watermark 0 (kafka.cluster.Partition)
stream-state-bench-flink-kafka  | [2026-07-15 22:12:49,949] INFO [LogLoader partition=__transaction_state-26, dir=/tmp/kafka-logs] Loading producer state till offset 0 (org.apache.kafka.storage.internals.log.UnifiedLog)
stream-state-bench-flink-kafka  | [2026-07-15 22:12:49,950] INFO Created log for partition __transaction_state-26 in /tmp/kafka-logs/__transaction_state-26 with properties {cleanup.policy=compact, compression.type="uncompressed", min.insync.replicas=1, segment.bytes=104857600, unclean.leader.election.enable=false} (kafka.log.LogManager)
stream-state-bench-flink-kafka  | [2026-07-15 22:12:49,950] INFO [Partition __transaction_state-26 broker=1] No checkpointed highwatermark is found for partition __transaction_state-26 (kafka.cluster.Partition)
stream-state-bench-flink-kafka  | [2026-07-15 22:12:49,950] INFO [Partition __transaction_state-26 broker=1] Log loaded for partition __transaction_state-26 with initial high watermark 0 (kafka.cluster.Partition)
stream-state-bench-flink-kafka  | [2026-07-15 22:12:49,958] INFO [LogLoader partition=__transaction_state-30, dir=/tmp/kafka-logs] Loading producer state till offset 0 (org.apache.kafka.storage.internals.log.UnifiedLog)
stream-state-bench-flink-kafka  | [2026-07-15 22:12:49,958] INFO Created log for partition __transaction_state-30 in /tmp/kafka-logs/__transaction_state-30 with properties {cleanup.policy=compact, compression.type="uncompressed", min.insync.replicas=1, segment.bytes=104857600, unclean.leader.election.enable=false} (kafka.log.LogManager)
stream-state-bench-flink-kafka  | [2026-07-15 22:12:49,958] INFO [Partition __transaction_state-30 broker=1] No checkpointed highwatermark is found for partition __transaction_state-30 (kafka.cluster.Partition)
stream-state-bench-flink-kafka  | [2026-07-15 22:12:49,958] INFO [Partition __transaction_state-30 broker=1] Log loaded for partition __transaction_state-30 with initial high watermark 0 (kafka.cluster.Partition)
stream-state-bench-flink-kafka  | [2026-07-15 22:12:49,965] INFO [LogLoader partition=__transaction_state-1, dir=/tmp/kafka-logs] Loading producer state till offset 0 (org.apache.kafka.storage.internals.log.UnifiedLog)
stream-state-bench-flink-kafka  | [2026-07-15 22:12:49,965] INFO Created log for partition __transaction_state-1 in /tmp/kafka-logs/__transaction_state-1 with properties {cleanup.policy=compact, compression.type="uncompressed", min.insync.replicas=1, segment.bytes=104857600, unclean.leader.election.enable=false} (kafka.log.LogManager)
stream-state-bench-flink-kafka  | [2026-07-15 22:12:49,965] INFO [Partition __transaction_state-1 broker=1] No checkpointed highwatermark is found for partition __transaction_state-1 (kafka.cluster.Partition)
stream-state-bench-flink-kafka  | [2026-07-15 22:12:49,965] INFO [Partition __transaction_state-1 broker=1] Log loaded for partition __transaction_state-1 with initial high watermark 0 (kafka.cluster.Partition)
stream-state-bench-flink-kafka  | [2026-07-15 22:12:49,972] INFO [LogLoader partition=__transaction_state-18, dir=/tmp/kafka-logs] Loading producer state till offset 0 (org.apache.kafka.storage.internals.log.UnifiedLog)
stream-state-bench-flink-kafka  | [2026-07-15 22:12:49,972] INFO Created log for partition __transaction_state-18 in /tmp/kafka-logs/__transaction_state-18 with properties {cleanup.policy=compact, compression.type="uncompressed", min.insync.replicas=1, segment.bytes=104857600, unclean.leader.election.enable=false} (kafka.log.LogManager)
stream-state-bench-flink-kafka  | [2026-07-15 22:12:49,972] INFO [Partition __transaction_state-18 broker=1] No checkpointed highwatermark is found for partition __transaction_state-18 (kafka.cluster.Partition)
stream-state-bench-flink-kafka  | [2026-07-15 22:12:49,972] INFO [Partition __transaction_state-18 broker=1] Log loaded for partition __transaction_state-18 with initial high watermark 0 (kafka.cluster.Partition)
stream-state-bench-flink-kafka  | [2026-07-15 22:12:49,978] INFO [LogLoader partition=__transaction_state-22, dir=/tmp/kafka-logs] Loading producer state till offset 0 (org.apache.kafka.storage.internals.log.UnifiedLog)
stream-state-bench-flink-kafka  | [2026-07-15 22:12:49,979] INFO Created log for partition __transaction_state-22 in /tmp/kafka-logs/__transaction_state-22 with properties {cleanup.policy=compact, compression.type="uncompressed", min.insync.replicas=1, segment.bytes=104857600, unclean.leader.election.enable=false} (kafka.log.LogManager)
stream-state-bench-flink-kafka  | [2026-07-15 22:12:49,979] INFO [Partition __transaction_state-22 broker=1] No checkpointed highwatermark is found for partition __transaction_state-22 (kafka.cluster.Partition)
stream-state-bench-flink-kafka  | [2026-07-15 22:12:49,979] INFO [Partition __transaction_state-22 broker=1] Log loaded for partition __transaction_state-22 with initial high watermark 0 (kafka.cluster.Partition)
stream-state-bench-flink-kafka  | [2026-07-15 22:12:49,984] INFO [LogLoader partition=__transaction_state-12, dir=/tmp/kafka-logs] Loading producer state till offset 0 (org.apache.kafka.storage.internals.log.UnifiedLog)
stream-state-bench-flink-kafka  | [2026-07-15 22:12:49,985] INFO Created log for partition __transaction_state-12 in /tmp/kafka-logs/__transaction_state-12 with properties {cleanup.policy=compact, compression.type="uncompressed", min.insync.replicas=1, segment.bytes=104857600, unclean.leader.election.enable=false} (kafka.log.LogManager)
stream-state-bench-flink-kafka  | [2026-07-15 22:12:49,985] INFO [Partition __transaction_state-12 broker=1] No checkpointed highwatermark is found for partition __transaction_state-12 (kafka.cluster.Partition)
stream-state-bench-flink-kafka  | [2026-07-15 22:12:49,985] INFO [Partition __transaction_state-12 broker=1] Log loaded for partition __transaction_state-12 with initial high watermark 0 (kafka.cluster.Partition)
stream-state-bench-flink-kafka  | [2026-07-15 22:12:49,991] INFO [LogLoader partition=__transaction_state-45, dir=/tmp/kafka-logs] Loading producer state till offset 0 (org.apache.kafka.storage.internals.log.UnifiedLog)
stream-state-bench-flink-kafka  | [2026-07-15 22:12:49,991] INFO Created log for partition __transaction_state-45 in /tmp/kafka-logs/__transaction_state-45 with properties {cleanup.policy=compact, compression.type="uncompressed", min.insync.replicas=1, segment.bytes=104857600, unclean.leader.election.enable=false} (kafka.log.LogManager)
stream-state-bench-flink-kafka  | [2026-07-15 22:12:49,991] INFO [Partition __transaction_state-45 broker=1] No checkpointed highwatermark is found for partition __transaction_state-45 (kafka.cluster.Partition)
stream-state-bench-flink-kafka  | [2026-07-15 22:12:49,991] INFO [Partition __transaction_state-45 broker=1] Log loaded for partition __transaction_state-45 with initial high watermark 0 (kafka.cluster.Partition)
stream-state-bench-flink-kafka  | [2026-07-15 22:12:49,997] INFO [LogLoader partition=__transaction_state-16, dir=/tmp/kafka-logs] Loading producer state till offset 0 (org.apache.kafka.storage.internals.log.UnifiedLog)
stream-state-bench-flink-kafka  | [2026-07-15 22:12:49,997] INFO Created log for partition __transaction_state-16 in /tmp/kafka-logs/__transaction_state-16 with properties {cleanup.policy=compact, compression.type="uncompressed", min.insync.replicas=1, segment.bytes=104857600, unclean.leader.election.enable=false} (kafka.log.LogManager)
stream-state-bench-flink-kafka  | [2026-07-15 22:12:49,997] INFO [Partition __transaction_state-16 broker=1] No checkpointed highwatermark is found for partition __transaction_state-16 (kafka.cluster.Partition)
stream-state-bench-flink-kafka  | [2026-07-15 22:12:49,998] INFO [Partition __transaction_state-16 broker=1] Log loaded for partition __transaction_state-16 with initial high watermark 0 (kafka.cluster.Partition)
stream-state-bench-flink-kafka  | [2026-07-15 22:12:50,005] INFO [LogLoader partition=__transaction_state-49, dir=/tmp/kafka-logs] Loading producer state till offset 0 (org.apache.kafka.storage.internals.log.UnifiedLog)
stream-state-bench-flink-kafka  | [2026-07-15 22:12:50,005] INFO Created log for partition __transaction_state-49 in /tmp/kafka-logs/__transaction_state-49 with properties {cleanup.policy=compact, compression.type="uncompressed", min.insync.replicas=1, segment.bytes=104857600, unclean.leader.election.enable=false} (kafka.log.LogManager)
stream-state-bench-flink-kafka  | [2026-07-15 22:12:50,005] INFO [Partition __transaction_state-49 broker=1] No checkpointed highwatermark is found for partition __transaction_state-49 (kafka.cluster.Partition)
stream-state-bench-flink-kafka  | [2026-07-15 22:12:50,005] INFO [Partition __transaction_state-49 broker=1] Log loaded for partition __transaction_state-49 with initial high watermark 0 (kafka.cluster.Partition)
stream-state-bench-flink-kafka  | [2026-07-15 22:12:50,013] INFO [LogLoader partition=__transaction_state-4, dir=/tmp/kafka-logs] Loading producer state till offset 0 (org.apache.kafka.storage.internals.log.UnifiedLog)
stream-state-bench-flink-kafka  | [2026-07-15 22:12:50,014] INFO Created log for partition __transaction_state-4 in /tmp/kafka-logs/__transaction_state-4 with properties {cleanup.policy=compact, compression.type="uncompressed", min.insync.replicas=1, segment.bytes=104857600, unclean.leader.election.enable=false} (kafka.log.LogManager)
stream-state-bench-flink-kafka  | [2026-07-15 22:12:50,014] INFO [Partition __transaction_state-4 broker=1] No checkpointed highwatermark is found for partition __transaction_state-4 (kafka.cluster.Partition)
stream-state-bench-flink-kafka  | [2026-07-15 22:12:50,014] INFO [Partition __transaction_state-4 broker=1] Log loaded for partition __transaction_state-4 with initial high watermark 0 (kafka.cluster.Partition)
stream-state-bench-flink-kafka  | [2026-07-15 22:12:50,020] INFO [LogLoader partition=__transaction_state-37, dir=/tmp/kafka-logs] Loading producer state till offset 0 (org.apache.kafka.storage.internals.log.UnifiedLog)
stream-state-bench-flink-kafka  | [2026-07-15 22:12:50,021] INFO Created log for partition __transaction_state-37 in /tmp/kafka-logs/__transaction_state-37 with properties {cleanup.policy=compact, compression.type="uncompressed", min.insync.replicas=1, segment.bytes=104857600, unclean.leader.election.enable=false} (kafka.log.LogManager)
stream-state-bench-flink-kafka  | [2026-07-15 22:12:50,021] INFO [Partition __transaction_state-37 broker=1] No checkpointed highwatermark is found for partition __transaction_state-37 (kafka.cluster.Partition)
stream-state-bench-flink-kafka  | [2026-07-15 22:12:50,021] INFO [Partition __transaction_state-37 broker=1] Log loaded for partition __transaction_state-37 with initial high watermark 0 (kafka.cluster.Partition)
stream-state-bench-flink-kafka  | [2026-07-15 22:12:50,027] INFO [LogLoader partition=__transaction_state-8, dir=/tmp/kafka-logs] Loading producer state till offset 0 (org.apache.kafka.storage.internals.log.UnifiedLog)
stream-state-bench-flink-kafka  | [2026-07-15 22:12:50,027] INFO Created log for partition __transaction_state-8 in /tmp/kafka-logs/__transaction_state-8 with properties {cleanup.policy=compact, compression.type="uncompressed", min.insync.replicas=1, segment.bytes=104857600, unclean.leader.election.enable=false} (kafka.log.LogManager)
stream-state-bench-flink-kafka  | [2026-07-15 22:12:50,028] INFO [Partition __transaction_state-8 broker=1] No checkpointed highwatermark is found for partition __transaction_state-8 (kafka.cluster.Partition)
stream-state-bench-flink-kafka  | [2026-07-15 22:12:50,028] INFO [Partition __transaction_state-8 broker=1] Log loaded for partition __transaction_state-8 with initial high watermark 0 (kafka.cluster.Partition)
stream-state-bench-flink-kafka  | [2026-07-15 22:12:50,035] INFO [LogLoader partition=__transaction_state-41, dir=/tmp/kafka-logs] Loading producer state till offset 0 (org.apache.kafka.storage.internals.log.UnifiedLog)
stream-state-bench-flink-kafka  | [2026-07-15 22:12:50,035] INFO Created log for partition __transaction_state-41 in /tmp/kafka-logs/__transaction_state-41 with properties {cleanup.policy=compact, compression.type="uncompressed", min.insync.replicas=1, segment.bytes=104857600, unclean.leader.election.enable=false} (kafka.log.LogManager)
stream-state-bench-flink-kafka  | [2026-07-15 22:12:50,035] INFO [Partition __transaction_state-41 broker=1] No checkpointed highwatermark is found for partition __transaction_state-41 (kafka.cluster.Partition)
stream-state-bench-flink-kafka  | [2026-07-15 22:12:50,035] INFO [Partition __transaction_state-41 broker=1] Log loaded for partition __transaction_state-41 with initial high watermark 0 (kafka.cluster.Partition)
stream-state-bench-flink-kafka  | [2026-07-15 22:12:50,041] INFO [LogLoader partition=__transaction_state-29, dir=/tmp/kafka-logs] Loading producer state till offset 0 (org.apache.kafka.storage.internals.log.UnifiedLog)
stream-state-bench-flink-kafka  | [2026-07-15 22:12:50,042] INFO Created log for partition __transaction_state-29 in /tmp/kafka-logs/__transaction_state-29 with properties {cleanup.policy=compact, compression.type="uncompressed", min.insync.replicas=1, segment.bytes=104857600, unclean.leader.election.enable=false} (kafka.log.LogManager)
stream-state-bench-flink-kafka  | [2026-07-15 22:12:50,042] INFO [Partition __transaction_state-29 broker=1] No checkpointed highwatermark is found for partition __transaction_state-29 (kafka.cluster.Partition)
stream-state-bench-flink-kafka  | [2026-07-15 22:12:50,042] INFO [Partition __transaction_state-29 broker=1] Log loaded for partition __transaction_state-29 with initial high watermark 0 (kafka.cluster.Partition)
stream-state-bench-flink-kafka  | [2026-07-15 22:12:50,048] INFO [LogLoader partition=__transaction_state-0, dir=/tmp/kafka-logs] Loading producer state till offset 0 (org.apache.kafka.storage.internals.log.UnifiedLog)
stream-state-bench-flink-kafka  | [2026-07-15 22:12:50,048] INFO Created log for partition __transaction_state-0 in /tmp/kafka-logs/__transaction_state-0 with properties {cleanup.policy=compact, compression.type="uncompressed", min.insync.replicas=1, segment.bytes=104857600, unclean.leader.election.enable=false} (kafka.log.LogManager)
stream-state-bench-flink-kafka  | [2026-07-15 22:12:50,048] INFO [Partition __transaction_state-0 broker=1] No checkpointed highwatermark is found for partition __transaction_state-0 (kafka.cluster.Partition)
stream-state-bench-flink-kafka  | [2026-07-15 22:12:50,048] INFO [Partition __transaction_state-0 broker=1] Log loaded for partition __transaction_state-0 with initial high watermark 0 (kafka.cluster.Partition)
stream-state-bench-flink-kafka  | [2026-07-15 22:12:50,055] INFO [LogLoader partition=__transaction_state-33, dir=/tmp/kafka-logs] Loading producer state till offset 0 (org.apache.kafka.storage.internals.log.UnifiedLog)
stream-state-bench-flink-kafka  | [2026-07-15 22:12:50,055] INFO Created log for partition __transaction_state-33 in /tmp/kafka-logs/__transaction_state-33 with properties {cleanup.policy=compact, compression.type="uncompressed", min.insync.replicas=1, segment.bytes=104857600, unclean.leader.election.enable=false} (kafka.log.LogManager)
stream-state-bench-flink-kafka  | [2026-07-15 22:12:50,056] INFO [Partition __transaction_state-33 broker=1] No checkpointed highwatermark is found for partition __transaction_state-33 (kafka.cluster.Partition)
stream-state-bench-flink-kafka  | [2026-07-15 22:12:50,056] INFO [Partition __transaction_state-33 broker=1] Log loaded for partition __transaction_state-33 with initial high watermark 0 (kafka.cluster.Partition)
stream-state-bench-flink-kafka  | [2026-07-15 22:12:50,062] INFO [LogLoader partition=__transaction_state-21, dir=/tmp/kafka-logs] Loading producer state till offset 0 (org.apache.kafka.storage.internals.log.UnifiedLog)
stream-state-bench-flink-kafka  | [2026-07-15 22:12:50,062] INFO Created log for partition __transaction_state-21 in /tmp/kafka-logs/__transaction_state-21 with properties {cleanup.policy=compact, compression.type="uncompressed", min.insync.replicas=1, segment.bytes=104857600, unclean.leader.election.enable=false} (kafka.log.LogManager)
stream-state-bench-flink-kafka  | [2026-07-15 22:12:50,062] INFO [Partition __transaction_state-21 broker=1] No checkpointed highwatermark is found for partition __transaction_state-21 (kafka.cluster.Partition)
stream-state-bench-flink-kafka  | [2026-07-15 22:12:50,062] INFO [Partition __transaction_state-21 broker=1] Log loaded for partition __transaction_state-21 with initial high watermark 0 (kafka.cluster.Partition)
stream-state-bench-flink-kafka  | [2026-07-15 22:12:50,068] INFO [LogLoader partition=__transaction_state-25, dir=/tmp/kafka-logs] Loading producer state till offset 0 (org.apache.kafka.storage.internals.log.UnifiedLog)
stream-state-bench-flink-kafka  | [2026-07-15 22:12:50,069] INFO Created log for partition __transaction_state-25 in /tmp/kafka-logs/__transaction_state-25 with properties {cleanup.policy=compact, compression.type="uncompressed", min.insync.replicas=1, segment.bytes=104857600, unclean.leader.election.enable=false} (kafka.log.LogManager)
stream-state-bench-flink-kafka  | [2026-07-15 22:12:50,069] INFO [Partition __transaction_state-25 broker=1] No checkpointed highwatermark is found for partition __transaction_state-25 (kafka.cluster.Partition)
stream-state-bench-flink-kafka  | [2026-07-15 22:12:50,069] INFO [Partition __transaction_state-25 broker=1] Log loaded for partition __transaction_state-25 with initial high watermark 0 (kafka.cluster.Partition)
stream-state-bench-flink-kafka  | [2026-07-15 22:12:50,075] INFO [LogLoader partition=__transaction_state-11, dir=/tmp/kafka-logs] Loading producer state till offset 0 (org.apache.kafka.storage.internals.log.UnifiedLog)
stream-state-bench-flink-kafka  | [2026-07-15 22:12:50,075] INFO Created log for partition __transaction_state-11 in /tmp/kafka-logs/__transaction_state-11 with properties {cleanup.policy=compact, compression.type="uncompressed", min.insync.replicas=1, segment.bytes=104857600, unclean.leader.election.enable=false} (kafka.log.LogManager)
stream-state-bench-flink-kafka  | [2026-07-15 22:12:50,075] INFO [Partition __transaction_state-11 broker=1] No checkpointed highwatermark is found for partition __transaction_state-11 (kafka.cluster.Partition)
stream-state-bench-flink-kafka  | [2026-07-15 22:12:50,075] INFO [Partition __transaction_state-11 broker=1] Log loaded for partition __transaction_state-11 with initial high watermark 0 (kafka.cluster.Partition)
stream-state-bench-flink-kafka  | [2026-07-15 22:12:50,081] INFO [LogLoader partition=__transaction_state-44, dir=/tmp/kafka-logs] Loading producer state till offset 0 (org.apache.kafka.storage.internals.log.UnifiedLog)
stream-state-bench-flink-kafka  | [2026-07-15 22:12:50,081] INFO Created log for partition __transaction_state-44 in /tmp/kafka-logs/__transaction_state-44 with properties {cleanup.policy=compact, compression.type="uncompressed", min.insync.replicas=1, segment.bytes=104857600, unclean.leader.election.enable=false} (kafka.log.LogManager)
stream-state-bench-flink-kafka  | [2026-07-15 22:12:50,081] INFO [Partition __transaction_state-44 broker=1] No checkpointed highwatermark is found for partition __transaction_state-44 (kafka.cluster.Partition)
stream-state-bench-flink-kafka  | [2026-07-15 22:12:50,081] INFO [Partition __transaction_state-44 broker=1] Log loaded for partition __transaction_state-44 with initial high watermark 0 (kafka.cluster.Partition)
stream-state-bench-flink-kafka  | [2026-07-15 22:12:50,088] INFO [LogLoader partition=__transaction_state-15, dir=/tmp/kafka-logs] Loading producer state till offset 0 (org.apache.kafka.storage.internals.log.UnifiedLog)
stream-state-bench-flink-kafka  | [2026-07-15 22:12:50,089] INFO Created log for partition __transaction_state-15 in /tmp/kafka-logs/__transaction_state-15 with properties {cleanup.policy=compact, compression.type="uncompressed", min.insync.replicas=1, segment.bytes=104857600, unclean.leader.election.enable=false} (kafka.log.LogManager)
stream-state-bench-flink-kafka  | [2026-07-15 22:12:50,089] INFO [Partition __transaction_state-15 broker=1] No checkpointed highwatermark is found for partition __transaction_state-15 (kafka.cluster.Partition)
stream-state-bench-flink-kafka  | [2026-07-15 22:12:50,089] INFO [Partition __transaction_state-15 broker=1] Log loaded for partition __transaction_state-15 with initial high watermark 0 (kafka.cluster.Partition)
stream-state-bench-flink-kafka  | [2026-07-15 22:12:50,095] INFO [LogLoader partition=__transaction_state-48, dir=/tmp/kafka-logs] Loading producer state till offset 0 (org.apache.kafka.storage.internals.log.UnifiedLog)
stream-state-bench-flink-kafka  | [2026-07-15 22:12:50,096] INFO Created log for partition __transaction_state-48 in /tmp/kafka-logs/__transaction_state-48 with properties {cleanup.policy=compact, compression.type="uncompressed", min.insync.replicas=1, segment.bytes=104857600, unclean.leader.election.enable=false} (kafka.log.LogManager)
stream-state-bench-flink-kafka  | [2026-07-15 22:12:50,096] INFO [Partition __transaction_state-48 broker=1] No checkpointed highwatermark is found for partition __transaction_state-48 (kafka.cluster.Partition)
stream-state-bench-flink-kafka  | [2026-07-15 22:12:50,096] INFO [Partition __transaction_state-48 broker=1] Log loaded for partition __transaction_state-48 with initial high watermark 0 (kafka.cluster.Partition)
stream-state-bench-flink-kafka  | [2026-07-15 22:12:50,101] INFO [LogLoader partition=__transaction_state-3, dir=/tmp/kafka-logs] Loading producer state till offset 0 (org.apache.kafka.storage.internals.log.UnifiedLog)
stream-state-bench-flink-kafka  | [2026-07-15 22:12:50,102] INFO Created log for partition __transaction_state-3 in /tmp/kafka-logs/__transaction_state-3 with properties {cleanup.policy=compact, compression.type="uncompressed", min.insync.replicas=1, segment.bytes=104857600, unclean.leader.election.enable=false} (kafka.log.LogManager)
stream-state-bench-flink-kafka  | [2026-07-15 22:12:50,102] INFO [Partition __transaction_state-3 broker=1] No checkpointed highwatermark is found for partition __transaction_state-3 (kafka.cluster.Partition)
stream-state-bench-flink-kafka  | [2026-07-15 22:12:50,102] INFO [Partition __transaction_state-3 broker=1] Log loaded for partition __transaction_state-3 with initial high watermark 0 (kafka.cluster.Partition)
stream-state-bench-flink-kafka  | [2026-07-15 22:12:50,107] INFO [LogLoader partition=__transaction_state-36, dir=/tmp/kafka-logs] Loading producer state till offset 0 (org.apache.kafka.storage.internals.log.UnifiedLog)
stream-state-bench-flink-kafka  | [2026-07-15 22:12:50,108] INFO Created log for partition __transaction_state-36 in /tmp/kafka-logs/__transaction_state-36 with properties {cleanup.policy=compact, compression.type="uncompressed", min.insync.replicas=1, segment.bytes=104857600, unclean.leader.election.enable=false} (kafka.log.LogManager)
stream-state-bench-flink-kafka  | [2026-07-15 22:12:50,108] INFO [Partition __transaction_state-36 broker=1] No checkpointed highwatermark is found for partition __transaction_state-36 (kafka.cluster.Partition)
stream-state-bench-flink-kafka  | [2026-07-15 22:12:50,108] INFO [Partition __transaction_state-36 broker=1] Log loaded for partition __transaction_state-36 with initial high watermark 0 (kafka.cluster.Partition)
stream-state-bench-flink-kafka  | [2026-07-15 22:12:50,114] INFO [LogLoader partition=__transaction_state-7, dir=/tmp/kafka-logs] Loading producer state till offset 0 (org.apache.kafka.storage.internals.log.UnifiedLog)
stream-state-bench-flink-kafka  | [2026-07-15 22:12:50,114] INFO Created log for partition __transaction_state-7 in /tmp/kafka-logs/__transaction_state-7 with properties {cleanup.policy=compact, compression.type="uncompressed", min.insync.replicas=1, segment.bytes=104857600, unclean.leader.election.enable=false} (kafka.log.LogManager)
stream-state-bench-flink-kafka  | [2026-07-15 22:12:50,114] INFO [Partition __transaction_state-7 broker=1] No checkpointed highwatermark is found for partition __transaction_state-7 (kafka.cluster.Partition)
stream-state-bench-flink-kafka  | [2026-07-15 22:12:50,114] INFO [Partition __transaction_state-7 broker=1] Log loaded for partition __transaction_state-7 with initial high watermark 0 (kafka.cluster.Partition)
stream-state-bench-flink-kafka  | [2026-07-15 22:12:50,120] INFO [LogLoader partition=__transaction_state-40, dir=/tmp/kafka-logs] Loading producer state till offset 0 (org.apache.kafka.storage.internals.log.UnifiedLog)
stream-state-bench-flink-kafka  | [2026-07-15 22:12:50,121] INFO Created log for partition __transaction_state-40 in /tmp/kafka-logs/__transaction_state-40 with properties {cleanup.policy=compact, compression.type="uncompressed", min.insync.replicas=1, segment.bytes=104857600, unclean.leader.election.enable=false} (kafka.log.LogManager)
stream-state-bench-flink-kafka  | [2026-07-15 22:12:50,121] INFO [Partition __transaction_state-40 broker=1] No checkpointed highwatermark is found for partition __transaction_state-40 (kafka.cluster.Partition)
stream-state-bench-flink-kafka  | [2026-07-15 22:12:50,121] INFO [Partition __transaction_state-40 broker=1] Log loaded for partition __transaction_state-40 with initial high watermark 0 (kafka.cluster.Partition)
stream-state-bench-flink-kafka  | [2026-07-15 22:12:50,126] INFO [LogLoader partition=__transaction_state-28, dir=/tmp/kafka-logs] Loading producer state till offset 0 (org.apache.kafka.storage.internals.log.UnifiedLog)
stream-state-bench-flink-kafka  | [2026-07-15 22:12:50,127] INFO Created log for partition __transaction_state-28 in /tmp/kafka-logs/__transaction_state-28 with properties {cleanup.policy=compact, compression.type="uncompressed", min.insync.replicas=1, segment.bytes=104857600, unclean.leader.election.enable=false} (kafka.log.LogManager)
stream-state-bench-flink-kafka  | [2026-07-15 22:12:50,127] INFO [Partition __transaction_state-28 broker=1] No checkpointed highwatermark is found for partition __transaction_state-28 (kafka.cluster.Partition)
stream-state-bench-flink-kafka  | [2026-07-15 22:12:50,127] INFO [Partition __transaction_state-28 broker=1] Log loaded for partition __transaction_state-28 with initial high watermark 0 (kafka.cluster.Partition)
stream-state-bench-flink-kafka  | [2026-07-15 22:12:50,133] INFO [LogLoader partition=__transaction_state-32, dir=/tmp/kafka-logs] Loading producer state till offset 0 (org.apache.kafka.storage.internals.log.UnifiedLog)
stream-state-bench-flink-kafka  | [2026-07-15 22:12:50,133] INFO Created log for partition __transaction_state-32 in /tmp/kafka-logs/__transaction_state-32 with properties {cleanup.policy=compact, compression.type="uncompressed", min.insync.replicas=1, segment.bytes=104857600, unclean.leader.election.enable=false} (kafka.log.LogManager)
stream-state-bench-flink-kafka  | [2026-07-15 22:12:50,133] INFO [Partition __transaction_state-32 broker=1] No checkpointed highwatermark is found for partition __transaction_state-32 (kafka.cluster.Partition)
stream-state-bench-flink-kafka  | [2026-07-15 22:12:50,134] INFO [Partition __transaction_state-32 broker=1] Log loaded for partition __transaction_state-32 with initial high watermark 0 (kafka.cluster.Partition)
stream-state-bench-flink-kafka  | [2026-07-15 22:12:50,140] INFO [LogLoader partition=__transaction_state-20, dir=/tmp/kafka-logs] Loading producer state till offset 0 (org.apache.kafka.storage.internals.log.UnifiedLog)
stream-state-bench-flink-kafka  | [2026-07-15 22:12:50,140] INFO Created log for partition __transaction_state-20 in /tmp/kafka-logs/__transaction_state-20 with properties {cleanup.policy=compact, compression.type="uncompressed", min.insync.replicas=1, segment.bytes=104857600, unclean.leader.election.enable=false} (kafka.log.LogManager)
stream-state-bench-flink-kafka  | [2026-07-15 22:12:50,140] INFO [Partition __transaction_state-20 broker=1] No checkpointed highwatermark is found for partition __transaction_state-20 (kafka.cluster.Partition)
stream-state-bench-flink-kafka  | [2026-07-15 22:12:50,140] INFO [Partition __transaction_state-20 broker=1] Log loaded for partition __transaction_state-20 with initial high watermark 0 (kafka.cluster.Partition)
stream-state-bench-flink-kafka  | [2026-07-15 22:12:50,146] INFO [LogLoader partition=__transaction_state-24, dir=/tmp/kafka-logs] Loading producer state till offset 0 (org.apache.kafka.storage.internals.log.UnifiedLog)
stream-state-bench-flink-kafka  | [2026-07-15 22:12:50,147] INFO Created log for partition __transaction_state-24 in /tmp/kafka-logs/__transaction_state-24 with properties {cleanup.policy=compact, compression.type="uncompressed", min.insync.replicas=1, segment.bytes=104857600, unclean.leader.election.enable=false} (kafka.log.LogManager)
stream-state-bench-flink-kafka  | [2026-07-15 22:12:50,147] INFO [Partition __transaction_state-24 broker=1] No checkpointed highwatermark is found for partition __transaction_state-24 (kafka.cluster.Partition)
stream-state-bench-flink-kafka  | [2026-07-15 22:12:50,147] INFO [Partition __transaction_state-24 broker=1] Log loaded for partition __transaction_state-24 with initial high watermark 0 (kafka.cluster.Partition)
stream-state-bench-flink-kafka  | [2026-07-15 22:12:50,153] INFO [LogLoader partition=__transaction_state-10, dir=/tmp/kafka-logs] Loading producer state till offset 0 (org.apache.kafka.storage.internals.log.UnifiedLog)
stream-state-bench-flink-kafka  | [2026-07-15 22:12:50,154] INFO Created log for partition __transaction_state-10 in /tmp/kafka-logs/__transaction_state-10 with properties {cleanup.policy=compact, compression.type="uncompressed", min.insync.replicas=1, segment.bytes=104857600, unclean.leader.election.enable=false} (kafka.log.LogManager)
stream-state-bench-flink-kafka  | [2026-07-15 22:12:50,154] INFO [Partition __transaction_state-10 broker=1] No checkpointed highwatermark is found for partition __transaction_state-10 (kafka.cluster.Partition)
stream-state-bench-flink-kafka  | [2026-07-15 22:12:50,154] INFO [Partition __transaction_state-10 broker=1] Log loaded for partition __transaction_state-10 with initial high watermark 0 (kafka.cluster.Partition)
stream-state-bench-flink-kafka  | [2026-07-15 22:12:50,160] INFO [LogLoader partition=__transaction_state-43, dir=/tmp/kafka-logs] Loading producer state till offset 0 (org.apache.kafka.storage.internals.log.UnifiedLog)
stream-state-bench-flink-kafka  | [2026-07-15 22:12:50,160] INFO Created log for partition __transaction_state-43 in /tmp/kafka-logs/__transaction_state-43 with properties {cleanup.policy=compact, compression.type="uncompressed", min.insync.replicas=1, segment.bytes=104857600, unclean.leader.election.enable=false} (kafka.log.LogManager)
stream-state-bench-flink-kafka  | [2026-07-15 22:12:50,160] INFO [Partition __transaction_state-43 broker=1] No checkpointed highwatermark is found for partition __transaction_state-43 (kafka.cluster.Partition)
stream-state-bench-flink-kafka  | [2026-07-15 22:12:50,160] INFO [Partition __transaction_state-43 broker=1] Log loaded for partition __transaction_state-43 with initial high watermark 0 (kafka.cluster.Partition)
stream-state-bench-flink-kafka  | [2026-07-15 22:12:50,168] INFO [LogLoader partition=__transaction_state-14, dir=/tmp/kafka-logs] Loading producer state till offset 0 (org.apache.kafka.storage.internals.log.UnifiedLog)
stream-state-bench-flink-kafka  | [2026-07-15 22:12:50,169] INFO Created log for partition __transaction_state-14 in /tmp/kafka-logs/__transaction_state-14 with properties {cleanup.policy=compact, compression.type="uncompressed", min.insync.replicas=1, segment.bytes=104857600, unclean.leader.election.enable=false} (kafka.log.LogManager)
stream-state-bench-flink-kafka  | [2026-07-15 22:12:50,169] INFO [Partition __transaction_state-14 broker=1] No checkpointed highwatermark is found for partition __transaction_state-14 (kafka.cluster.Partition)
stream-state-bench-flink-kafka  | [2026-07-15 22:12:50,169] INFO [Partition __transaction_state-14 broker=1] Log loaded for partition __transaction_state-14 with initial high watermark 0 (kafka.cluster.Partition)
stream-state-bench-flink-kafka  | [2026-07-15 22:12:50,177] INFO [LogLoader partition=__transaction_state-47, dir=/tmp/kafka-logs] Loading producer state till offset 0 (org.apache.kafka.storage.internals.log.UnifiedLog)
stream-state-bench-flink-kafka  | [2026-07-15 22:12:50,177] INFO Created log for partition __transaction_state-47 in /tmp/kafka-logs/__transaction_state-47 with properties {cleanup.policy=compact, compression.type="uncompressed", min.insync.replicas=1, segment.bytes=104857600, unclean.leader.election.enable=false} (kafka.log.LogManager)
stream-state-bench-flink-kafka  | [2026-07-15 22:12:50,177] INFO [Partition __transaction_state-47 broker=1] No checkpointed highwatermark is found for partition __transaction_state-47 (kafka.cluster.Partition)
stream-state-bench-flink-kafka  | [2026-07-15 22:12:50,177] INFO [Partition __transaction_state-47 broker=1] Log loaded for partition __transaction_state-47 with initial high watermark 0 (kafka.cluster.Partition)
stream-state-bench-flink-kafka  | [2026-07-15 22:12:50,183] INFO [LogLoader partition=__transaction_state-2, dir=/tmp/kafka-logs] Loading producer state till offset 0 (org.apache.kafka.storage.internals.log.UnifiedLog)
stream-state-bench-flink-kafka  | [2026-07-15 22:12:50,183] INFO Created log for partition __transaction_state-2 in /tmp/kafka-logs/__transaction_state-2 with properties {cleanup.policy=compact, compression.type="uncompressed", min.insync.replicas=1, segment.bytes=104857600, unclean.leader.election.enable=false} (kafka.log.LogManager)
stream-state-bench-flink-kafka  | [2026-07-15 22:12:50,183] INFO [Partition __transaction_state-2 broker=1] No checkpointed highwatermark is found for partition __transaction_state-2 (kafka.cluster.Partition)
stream-state-bench-flink-kafka  | [2026-07-15 22:12:50,183] INFO [Partition __transaction_state-2 broker=1] Log loaded for partition __transaction_state-2 with initial high watermark 0 (kafka.cluster.Partition)
stream-state-bench-flink-kafka  | [2026-07-15 22:12:50,189] INFO [LogLoader partition=__transaction_state-35, dir=/tmp/kafka-logs] Loading producer state till offset 0 (org.apache.kafka.storage.internals.log.UnifiedLog)
stream-state-bench-flink-kafka  | [2026-07-15 22:12:50,190] INFO Created log for partition __transaction_state-35 in /tmp/kafka-logs/__transaction_state-35 with properties {cleanup.policy=compact, compression.type="uncompressed", min.insync.replicas=1, segment.bytes=104857600, unclean.leader.election.enable=false} (kafka.log.LogManager)
stream-state-bench-flink-kafka  | [2026-07-15 22:12:50,190] INFO [Partition __transaction_state-35 broker=1] No checkpointed highwatermark is found for partition __transaction_state-35 (kafka.cluster.Partition)
stream-state-bench-flink-kafka  | [2026-07-15 22:12:50,190] INFO [Partition __transaction_state-35 broker=1] Log loaded for partition __transaction_state-35 with initial high watermark 0 (kafka.cluster.Partition)
stream-state-bench-flink-kafka  | [2026-07-15 22:12:50,195] INFO [LogLoader partition=__transaction_state-6, dir=/tmp/kafka-logs] Loading producer state till offset 0 (org.apache.kafka.storage.internals.log.UnifiedLog)
stream-state-bench-flink-kafka  | [2026-07-15 22:12:50,196] INFO Created log for partition __transaction_state-6 in /tmp/kafka-logs/__transaction_state-6 with properties {cleanup.policy=compact, compression.type="uncompressed", min.insync.replicas=1, segment.bytes=104857600, unclean.leader.election.enable=false} (kafka.log.LogManager)
stream-state-bench-flink-kafka  | [2026-07-15 22:12:50,196] INFO [Partition __transaction_state-6 broker=1] No checkpointed highwatermark is found for partition __transaction_state-6 (kafka.cluster.Partition)
stream-state-bench-flink-kafka  | [2026-07-15 22:12:50,196] INFO [Partition __transaction_state-6 broker=1] Log loaded for partition __transaction_state-6 with initial high watermark 0 (kafka.cluster.Partition)
stream-state-bench-flink-kafka  | [2026-07-15 22:12:50,201] INFO [LogLoader partition=__transaction_state-39, dir=/tmp/kafka-logs] Loading producer state till offset 0 (org.apache.kafka.storage.internals.log.UnifiedLog)
stream-state-bench-flink-kafka  | [2026-07-15 22:12:50,202] INFO Created log for partition __transaction_state-39 in /tmp/kafka-logs/__transaction_state-39 with properties {cleanup.policy=compact, compression.type="uncompressed", min.insync.replicas=1, segment.bytes=104857600, unclean.leader.election.enable=false} (kafka.log.LogManager)
stream-state-bench-flink-kafka  | [2026-07-15 22:12:50,202] INFO [Partition __transaction_state-39 broker=1] No checkpointed highwatermark is found for partition __transaction_state-39 (kafka.cluster.Partition)
stream-state-bench-flink-kafka  | [2026-07-15 22:12:50,202] INFO [Partition __transaction_state-39 broker=1] Log loaded for partition __transaction_state-39 with initial high watermark 0 (kafka.cluster.Partition)
stream-state-bench-flink-kafka  | [2026-07-15 22:12:50,208] INFO [LogLoader partition=__transaction_state-27, dir=/tmp/kafka-logs] Loading producer state till offset 0 (org.apache.kafka.storage.internals.log.UnifiedLog)
stream-state-bench-flink-kafka  | [2026-07-15 22:12:50,209] INFO Created log for partition __transaction_state-27 in /tmp/kafka-logs/__transaction_state-27 with properties {cleanup.policy=compact, compression.type="uncompressed", min.insync.replicas=1, segment.bytes=104857600, unclean.leader.election.enable=false} (kafka.log.LogManager)
stream-state-bench-flink-kafka  | [2026-07-15 22:12:50,209] INFO [Partition __transaction_state-27 broker=1] No checkpointed highwatermark is found for partition __transaction_state-27 (kafka.cluster.Partition)
stream-state-bench-flink-kafka  | [2026-07-15 22:12:50,209] INFO [Partition __transaction_state-27 broker=1] Log loaded for partition __transaction_state-27 with initial high watermark 0 (kafka.cluster.Partition)
stream-state-bench-flink-kafka  | [2026-07-15 22:12:50,214] INFO [LogLoader partition=__transaction_state-31, dir=/tmp/kafka-logs] Loading producer state till offset 0 (org.apache.kafka.storage.internals.log.UnifiedLog)
stream-state-bench-flink-kafka  | [2026-07-15 22:12:50,215] INFO Created log for partition __transaction_state-31 in /tmp/kafka-logs/__transaction_state-31 with properties {cleanup.policy=compact, compression.type="uncompressed", min.insync.replicas=1, segment.bytes=104857600, unclean.leader.election.enable=false} (kafka.log.LogManager)
stream-state-bench-flink-kafka  | [2026-07-15 22:12:50,215] INFO [Partition __transaction_state-31 broker=1] No checkpointed highwatermark is found for partition __transaction_state-31 (kafka.cluster.Partition)
stream-state-bench-flink-kafka  | [2026-07-15 22:12:50,215] INFO [Partition __transaction_state-31 broker=1] Log loaded for partition __transaction_state-31 with initial high watermark 0 (kafka.cluster.Partition)
stream-state-bench-flink-kafka  | [2026-07-15 22:12:50,221] INFO [LogLoader partition=__transaction_state-19, dir=/tmp/kafka-logs] Loading producer state till offset 0 (org.apache.kafka.storage.internals.log.UnifiedLog)
stream-state-bench-flink-kafka  | [2026-07-15 22:12:50,221] INFO Created log for partition __transaction_state-19 in /tmp/kafka-logs/__transaction_state-19 with properties {cleanup.policy=compact, compression.type="uncompressed", min.insync.replicas=1, segment.bytes=104857600, unclean.leader.election.enable=false} (kafka.log.LogManager)
stream-state-bench-flink-kafka  | [2026-07-15 22:12:50,221] INFO [Partition __transaction_state-19 broker=1] No checkpointed highwatermark is found for partition __transaction_state-19 (kafka.cluster.Partition)
stream-state-bench-flink-kafka  | [2026-07-15 22:12:50,221] INFO [Partition __transaction_state-19 broker=1] Log loaded for partition __transaction_state-19 with initial high watermark 0 (kafka.cluster.Partition)
stream-state-bench-flink-kafka  | [2026-07-15 22:12:50,229] INFO [LogLoader partition=__transaction_state-23, dir=/tmp/kafka-logs] Loading producer state till offset 0 (org.apache.kafka.storage.internals.log.UnifiedLog)
stream-state-bench-flink-kafka  | [2026-07-15 22:12:50,229] INFO Created log for partition __transaction_state-23 in /tmp/kafka-logs/__transaction_state-23 with properties {cleanup.policy=compact, compression.type="uncompressed", min.insync.replicas=1, segment.bytes=104857600, unclean.leader.election.enable=false} (kafka.log.LogManager)
stream-state-bench-flink-kafka  | [2026-07-15 22:12:50,229] INFO [Partition __transaction_state-23 broker=1] No checkpointed highwatermark is found for partition __transaction_state-23 (kafka.cluster.Partition)
stream-state-bench-flink-kafka  | [2026-07-15 22:12:50,229] INFO [Partition __transaction_state-23 broker=1] Log loaded for partition __transaction_state-23 with initial high watermark 0 (kafka.cluster.Partition)
stream-state-bench-flink-kafka  | [2026-07-15 22:12:50,235] INFO [TransactionCoordinator id=1] Elected as the txn coordinator for partition 42 at epoch 0 (kafka.coordinator.transaction.TransactionCoordinator)
stream-state-bench-flink-kafka  | [2026-07-15 22:12:50,249] INFO [TransactionCoordinator id=1] Elected as the txn coordinator for partition 13 at epoch 0 (kafka.coordinator.transaction.TransactionCoordinator)
stream-state-bench-flink-kafka  | [2026-07-15 22:12:50,249] INFO [TransactionCoordinator id=1] Elected as the txn coordinator for partition 46 at epoch 0 (kafka.coordinator.transaction.TransactionCoordinator)
stream-state-bench-flink-kafka  | [2026-07-15 22:12:50,249] INFO [TransactionCoordinator id=1] Elected as the txn coordinator for partition 17 at epoch 0 (kafka.coordinator.transaction.TransactionCoordinator)
stream-state-bench-flink-kafka  | [2026-07-15 22:12:50,249] INFO [TransactionCoordinator id=1] Elected as the txn coordinator for partition 34 at epoch 0 (kafka.coordinator.transaction.TransactionCoordinator)
stream-state-bench-flink-kafka  | [2026-07-15 22:12:50,249] INFO [TransactionCoordinator id=1] Elected as the txn coordinator for partition 5 at epoch 0 (kafka.coordinator.transaction.TransactionCoordinator)
stream-state-bench-flink-kafka  | [2026-07-15 22:12:50,250] INFO [TransactionCoordinator id=1] Elected as the txn coordinator for partition 38 at epoch 0 (kafka.coordinator.transaction.TransactionCoordinator)
stream-state-bench-flink-kafka  | [2026-07-15 22:12:50,250] INFO [TransactionCoordinator id=1] Elected as the txn coordinator for partition 9 at epoch 0 (kafka.coordinator.transaction.TransactionCoordinator)
stream-state-bench-flink-kafka  | [2026-07-15 22:12:50,250] INFO [TransactionCoordinator id=1] Elected as the txn coordinator for partition 26 at epoch 0 (kafka.coordinator.transaction.TransactionCoordinator)
stream-state-bench-flink-kafka  | [2026-07-15 22:12:50,250] INFO [TransactionCoordinator id=1] Elected as the txn coordinator for partition 30 at epoch 0 (kafka.coordinator.transaction.TransactionCoordinator)
stream-state-bench-flink-kafka  | [2026-07-15 22:12:50,250] INFO [TransactionCoordinator id=1] Elected as the txn coordinator for partition 1 at epoch 0 (kafka.coordinator.transaction.TransactionCoordinator)
stream-state-bench-flink-kafka  | [2026-07-15 22:12:50,250] INFO [TransactionCoordinator id=1] Elected as the txn coordinator for partition 18 at epoch 0 (kafka.coordinator.transaction.TransactionCoordinator)
stream-state-bench-flink-kafka  | [2026-07-15 22:12:50,250] INFO [TransactionCoordinator id=1] Elected as the txn coordinator for partition 22 at epoch 0 (kafka.coordinator.transaction.TransactionCoordinator)
stream-state-bench-flink-kafka  | [2026-07-15 22:12:50,250] INFO [TransactionCoordinator id=1] Elected as the txn coordinator for partition 12 at epoch 0 (kafka.coordinator.transaction.TransactionCoordinator)
stream-state-bench-flink-kafka  | [2026-07-15 22:12:50,250] INFO [TransactionCoordinator id=1] Elected as the txn coordinator for partition 45 at epoch 0 (kafka.coordinator.transaction.TransactionCoordinator)
stream-state-bench-flink-kafka  | [2026-07-15 22:12:50,250] INFO [TransactionCoordinator id=1] Elected as the txn coordinator for partition 16 at epoch 0 (kafka.coordinator.transaction.TransactionCoordinator)
stream-state-bench-flink-kafka  | [2026-07-15 22:12:50,250] INFO [TransactionCoordinator id=1] Elected as the txn coordinator for partition 49 at epoch 0 (kafka.coordinator.transaction.TransactionCoordinator)
stream-state-bench-flink-kafka  | [2026-07-15 22:12:50,250] INFO [TransactionCoordinator id=1] Elected as the txn coordinator for partition 4 at epoch 0 (kafka.coordinator.transaction.TransactionCoordinator)
stream-state-bench-flink-kafka  | [2026-07-15 22:12:50,250] INFO [TransactionCoordinator id=1] Elected as the txn coordinator for partition 37 at epoch 0 (kafka.coordinator.transaction.TransactionCoordinator)
stream-state-bench-flink-kafka  | [2026-07-15 22:12:50,250] INFO [Transaction State Manager 1]: Loading transaction metadata from __transaction_state-42 at epoch 0 (kafka.coordinator.transaction.TransactionStateManager)
stream-state-bench-flink-kafka  | [2026-07-15 22:12:50,250] INFO [TransactionCoordinator id=1] Elected as the txn coordinator for partition 8 at epoch 0 (kafka.coordinator.transaction.TransactionCoordinator)
stream-state-bench-flink-kafka  | [2026-07-15 22:12:50,250] INFO [TransactionCoordinator id=1] Elected as the txn coordinator for partition 41 at epoch 0 (kafka.coordinator.transaction.TransactionCoordinator)
stream-state-bench-flink-kafka  | [2026-07-15 22:12:50,250] INFO [TransactionCoordinator id=1] Elected as the txn coordinator for partition 29 at epoch 0 (kafka.coordinator.transaction.TransactionCoordinator)
stream-state-bench-flink-kafka  | [2026-07-15 22:12:50,250] INFO [TransactionCoordinator id=1] Elected as the txn coordinator for partition 0 at epoch 0 (kafka.coordinator.transaction.TransactionCoordinator)
stream-state-bench-flink-kafka  | [2026-07-15 22:12:50,250] INFO [TransactionCoordinator id=1] Elected as the txn coordinator for partition 33 at epoch 0 (kafka.coordinator.transaction.TransactionCoordinator)
stream-state-bench-flink-kafka  | [2026-07-15 22:12:50,250] INFO [TransactionCoordinator id=1] Elected as the txn coordinator for partition 21 at epoch 0 (kafka.coordinator.transaction.TransactionCoordinator)
stream-state-bench-flink-kafka  | [2026-07-15 22:12:50,251] INFO [TransactionCoordinator id=1] Elected as the txn coordinator for partition 25 at epoch 0 (kafka.coordinator.transaction.TransactionCoordinator)
stream-state-bench-flink-kafka  | [2026-07-15 22:12:50,251] INFO [TransactionCoordinator id=1] Elected as the txn coordinator for partition 11 at epoch 0 (kafka.coordinator.transaction.TransactionCoordinator)
stream-state-bench-flink-kafka  | [2026-07-15 22:12:50,251] INFO [TransactionCoordinator id=1] Elected as the txn coordinator for partition 44 at epoch 0 (kafka.coordinator.transaction.TransactionCoordinator)
stream-state-bench-flink-kafka  | [2026-07-15 22:12:50,251] INFO [TransactionCoordinator id=1] Elected as the txn coordinator for partition 15 at epoch 0 (kafka.coordinator.transaction.TransactionCoordinator)
stream-state-bench-flink-kafka  | [2026-07-15 22:12:50,251] INFO [TransactionCoordinator id=1] Elected as the txn coordinator for partition 48 at epoch 0 (kafka.coordinator.transaction.TransactionCoordinator)
stream-state-bench-flink-kafka  | [2026-07-15 22:12:50,251] INFO [TransactionCoordinator id=1] Elected as the txn coordinator for partition 3 at epoch 0 (kafka.coordinator.transaction.TransactionCoordinator)
stream-state-bench-flink-kafka  | [2026-07-15 22:12:50,251] INFO [TransactionCoordinator id=1] Elected as the txn coordinator for partition 36 at epoch 0 (kafka.coordinator.transaction.TransactionCoordinator)
stream-state-bench-flink-kafka  | [2026-07-15 22:12:50,251] INFO [TransactionCoordinator id=1] Elected as the txn coordinator for partition 7 at epoch 0 (kafka.coordinator.transaction.TransactionCoordinator)
stream-state-bench-flink-kafka  | [2026-07-15 22:12:50,251] INFO [TransactionCoordinator id=1] Elected as the txn coordinator for partition 40 at epoch 0 (kafka.coordinator.transaction.TransactionCoordinator)
stream-state-bench-flink-kafka  | [2026-07-15 22:12:50,251] INFO [TransactionCoordinator id=1] Elected as the txn coordinator for partition 28 at epoch 0 (kafka.coordinator.transaction.TransactionCoordinator)
stream-state-bench-flink-kafka  | [2026-07-15 22:12:50,251] INFO [TransactionCoordinator id=1] Elected as the txn coordinator for partition 32 at epoch 0 (kafka.coordinator.transaction.TransactionCoordinator)
stream-state-bench-flink-kafka  | [2026-07-15 22:12:50,251] INFO [TransactionCoordinator id=1] Elected as the txn coordinator for partition 20 at epoch 0 (kafka.coordinator.transaction.TransactionCoordinator)
stream-state-bench-flink-kafka  | [2026-07-15 22:12:50,251] INFO [TransactionCoordinator id=1] Elected as the txn coordinator for partition 24 at epoch 0 (kafka.coordinator.transaction.TransactionCoordinator)
stream-state-bench-flink-kafka  | [2026-07-15 22:12:50,251] INFO [TransactionCoordinator id=1] Elected as the txn coordinator for partition 10 at epoch 0 (kafka.coordinator.transaction.TransactionCoordinator)
stream-state-bench-flink-kafka  | [2026-07-15 22:12:50,251] INFO [TransactionCoordinator id=1] Elected as the txn coordinator for partition 43 at epoch 0 (kafka.coordinator.transaction.TransactionCoordinator)
stream-state-bench-flink-kafka  | [2026-07-15 22:12:50,251] INFO [TransactionCoordinator id=1] Elected as the txn coordinator for partition 14 at epoch 0 (kafka.coordinator.transaction.TransactionCoordinator)
stream-state-bench-flink-kafka  | [2026-07-15 22:12:50,251] INFO [TransactionCoordinator id=1] Elected as the txn coordinator for partition 47 at epoch 0 (kafka.coordinator.transaction.TransactionCoordinator)
stream-state-bench-flink-kafka  | [2026-07-15 22:12:50,251] INFO [TransactionCoordinator id=1] Elected as the txn coordinator for partition 2 at epoch 0 (kafka.coordinator.transaction.TransactionCoordinator)
stream-state-bench-flink-kafka  | [2026-07-15 22:12:50,252] INFO [TransactionCoordinator id=1] Elected as the txn coordinator for partition 35 at epoch 0 (kafka.coordinator.transaction.TransactionCoordinator)
stream-state-bench-flink-kafka  | [2026-07-15 22:12:50,252] INFO [TransactionCoordinator id=1] Elected as the txn coordinator for partition 6 at epoch 0 (kafka.coordinator.transaction.TransactionCoordinator)
stream-state-bench-flink-kafka  | [2026-07-15 22:12:50,252] INFO [TransactionCoordinator id=1] Elected as the txn coordinator for partition 39 at epoch 0 (kafka.coordinator.transaction.TransactionCoordinator)
stream-state-bench-flink-kafka  | [2026-07-15 22:12:50,252] INFO [TransactionCoordinator id=1] Elected as the txn coordinator for partition 27 at epoch 0 (kafka.coordinator.transaction.TransactionCoordinator)
stream-state-bench-flink-kafka  | [2026-07-15 22:12:50,252] INFO [TransactionCoordinator id=1] Elected as the txn coordinator for partition 31 at epoch 0 (kafka.coordinator.transaction.TransactionCoordinator)
stream-state-bench-flink-kafka  | [2026-07-15 22:12:50,252] INFO [TransactionCoordinator id=1] Elected as the txn coordinator for partition 19 at epoch 0 (kafka.coordinator.transaction.TransactionCoordinator)
stream-state-bench-flink-kafka  | [2026-07-15 22:12:50,252] INFO [TransactionCoordinator id=1] Elected as the txn coordinator for partition 23 at epoch 0 (kafka.coordinator.transaction.TransactionCoordinator)
stream-state-bench-flink-kafka  | [2026-07-15 22:12:50,253] INFO [DynamicConfigPublisher broker id=1] Updating topic __transaction_state with new configuration : compression.type -> uncompressed,cleanup.policy -> compact,min.insync.replicas -> 1,segment.bytes -> 104857600,unclean.leader.election.enable -> false (kafka.server.metadata.DynamicConfigPublisher)
stream-state-bench-flink-kafka  | [2026-07-15 22:12:50,257] INFO [Transaction State Manager 1]: Finished loading 0 transaction metadata from __transaction_state-42 in 3 milliseconds, of which 1 milliseconds was spent in the scheduler. (kafka.coordinator.transaction.TransactionStateManager)
stream-state-bench-flink-kafka  | [2026-07-15 22:12:50,262] INFO [Transaction State Manager 1]: Completed loading transaction metadata from __transaction_state-42 for coordinator epoch 0 (kafka.coordinator.transaction.TransactionStateManager)
stream-state-bench-flink-kafka  | [2026-07-15 22:12:50,262] INFO [Transaction State Manager 1]: Loading transaction metadata from __transaction_state-13 at epoch 0 (kafka.coordinator.transaction.TransactionStateManager)
stream-state-bench-flink-kafka  | [2026-07-15 22:12:50,262] INFO [Transaction State Manager 1]: Finished loading 0 transaction metadata from __transaction_state-13 in 13 milliseconds, of which 13 milliseconds was spent in the scheduler. (kafka.coordinator.transaction.TransactionStateManager)
stream-state-bench-flink-kafka  | [2026-07-15 22:12:50,262] INFO [Transaction State Manager 1]: Completed loading transaction metadata from __transaction_state-13 for coordinator epoch 0 (kafka.coordinator.transaction.TransactionStateManager)
stream-state-bench-flink-kafka  | [2026-07-15 22:12:50,262] INFO [Transaction State Manager 1]: Loading transaction metadata from __transaction_state-46 at epoch 0 (kafka.coordinator.transaction.TransactionStateManager)
stream-state-bench-flink-kafka  | [2026-07-15 22:12:50,263] INFO [Transaction State Manager 1]: Finished loading 0 transaction metadata from __transaction_state-46 in 13 milliseconds, of which 13 milliseconds was spent in the scheduler. (kafka.coordinator.transaction.TransactionStateManager)
stream-state-bench-flink-kafka  | [2026-07-15 22:12:50,263] INFO [Transaction State Manager 1]: Completed loading transaction metadata from __transaction_state-46 for coordinator epoch 0 (kafka.coordinator.transaction.TransactionStateManager)
stream-state-bench-flink-kafka  | [2026-07-15 22:12:50,263] INFO [Transaction State Manager 1]: Loading transaction metadata from __transaction_state-17 at epoch 0 (kafka.coordinator.transaction.TransactionStateManager)
stream-state-bench-flink-kafka  | [2026-07-15 22:12:50,263] INFO [Transaction State Manager 1]: Finished loading 0 transaction metadata from __transaction_state-17 in 14 milliseconds, of which 14 milliseconds was spent in the scheduler. (kafka.coordinator.transaction.TransactionStateManager)
stream-state-bench-flink-kafka  | [2026-07-15 22:12:50,263] INFO [Transaction State Manager 1]: Completed loading transaction metadata from __transaction_state-17 for coordinator epoch 0 (kafka.coordinator.transaction.TransactionStateManager)
stream-state-bench-flink-kafka  | [2026-07-15 22:12:50,263] INFO [Transaction State Manager 1]: Loading transaction metadata from __transaction_state-34 at epoch 0 (kafka.coordinator.transaction.TransactionStateManager)
stream-state-bench-flink-kafka  | [2026-07-15 22:12:50,263] INFO [Transaction State Manager 1]: Finished loading 0 transaction metadata from __transaction_state-34 in 14 milliseconds, of which 14 milliseconds was spent in the scheduler. (kafka.coordinator.transaction.TransactionStateManager)
stream-state-bench-flink-kafka  | [2026-07-15 22:12:50,263] INFO [Transaction State Manager 1]: Completed loading transaction metadata from __transaction_state-34 for coordinator epoch 0 (kafka.coordinator.transaction.TransactionStateManager)
stream-state-bench-flink-kafka  | [2026-07-15 22:12:50,263] INFO [Transaction State Manager 1]: Loading transaction metadata from __transaction_state-5 at epoch 0 (kafka.coordinator.transaction.TransactionStateManager)
stream-state-bench-flink-kafka  | [2026-07-15 22:12:50,263] INFO [Transaction State Manager 1]: Finished loading 0 transaction metadata from __transaction_state-5 in 13 milliseconds, of which 13 milliseconds was spent in the scheduler. (kafka.coordinator.transaction.TransactionStateManager)
stream-state-bench-flink-kafka  | [2026-07-15 22:12:50,263] INFO [Transaction State Manager 1]: Completed loading transaction metadata from __transaction_state-5 for coordinator epoch 0 (kafka.coordinator.transaction.TransactionStateManager)
stream-state-bench-flink-kafka  | [2026-07-15 22:12:50,264] INFO [Transaction State Manager 1]: Loading transaction metadata from __transaction_state-38 at epoch 0 (kafka.coordinator.transaction.TransactionStateManager)
stream-state-bench-flink-kafka  | [2026-07-15 22:12:50,264] INFO [Transaction State Manager 1]: Finished loading 0 transaction metadata from __transaction_state-38 in 14 milliseconds, of which 13 milliseconds was spent in the scheduler. (kafka.coordinator.transaction.TransactionStateManager)
stream-state-bench-flink-kafka  | [2026-07-15 22:12:50,264] INFO [Transaction State Manager 1]: Completed loading transaction metadata from __transaction_state-38 for coordinator epoch 0 (kafka.coordinator.transaction.TransactionStateManager)
stream-state-bench-flink-kafka  | [2026-07-15 22:12:50,264] INFO [Transaction State Manager 1]: Loading transaction metadata from __transaction_state-9 at epoch 0 (kafka.coordinator.transaction.TransactionStateManager)
stream-state-bench-flink-kafka  | [2026-07-15 22:12:50,264] INFO [Transaction State Manager 1]: Finished loading 0 transaction metadata from __transaction_state-9 in 14 milliseconds, of which 14 milliseconds was spent in the scheduler. (kafka.coordinator.transaction.TransactionStateManager)
stream-state-bench-flink-kafka  | [2026-07-15 22:12:50,264] INFO [Transaction State Manager 1]: Completed loading transaction metadata from __transaction_state-9 for coordinator epoch 0 (kafka.coordinator.transaction.TransactionStateManager)
stream-state-bench-flink-kafka  | [2026-07-15 22:12:50,264] INFO [Transaction State Manager 1]: Loading transaction metadata from __transaction_state-26 at epoch 0 (kafka.coordinator.transaction.TransactionStateManager)
stream-state-bench-flink-kafka  | [2026-07-15 22:12:50,264] INFO [Transaction State Manager 1]: Finished loading 0 transaction metadata from __transaction_state-26 in 14 milliseconds, of which 14 milliseconds was spent in the scheduler. (kafka.coordinator.transaction.TransactionStateManager)
stream-state-bench-flink-kafka  | [2026-07-15 22:12:50,264] INFO [Transaction State Manager 1]: Completed loading transaction metadata from __transaction_state-26 for coordinator epoch 0 (kafka.coordinator.transaction.TransactionStateManager)
stream-state-bench-flink-kafka  | [2026-07-15 22:12:50,264] INFO [Transaction State Manager 1]: Loading transaction metadata from __transaction_state-30 at epoch 0 (kafka.coordinator.transaction.TransactionStateManager)
stream-state-bench-flink-kafka  | [2026-07-15 22:12:50,264] INFO [Transaction State Manager 1]: Finished loading 0 transaction metadata from __transaction_state-30 in 14 milliseconds, of which 14 milliseconds was spent in the scheduler. (kafka.coordinator.transaction.TransactionStateManager)
stream-state-bench-flink-kafka  | [2026-07-15 22:12:50,265] INFO [Transaction State Manager 1]: Completed loading transaction metadata from __transaction_state-30 for coordinator epoch 0 (kafka.coordinator.transaction.TransactionStateManager)
stream-state-bench-flink-kafka  | [2026-07-15 22:12:50,265] INFO [Transaction State Manager 1]: Loading transaction metadata from __transaction_state-1 at epoch 0 (kafka.coordinator.transaction.TransactionStateManager)
stream-state-bench-flink-kafka  | [2026-07-15 22:12:50,265] INFO [Transaction State Manager 1]: Finished loading 0 transaction metadata from __transaction_state-1 in 15 milliseconds, of which 15 milliseconds was spent in the scheduler. (kafka.coordinator.transaction.TransactionStateManager)
stream-state-bench-flink-kafka  | [2026-07-15 22:12:50,265] INFO [Transaction State Manager 1]: Completed loading transaction metadata from __transaction_state-1 for coordinator epoch 0 (kafka.coordinator.transaction.TransactionStateManager)
stream-state-bench-flink-kafka  | [2026-07-15 22:12:50,265] INFO [Transaction State Manager 1]: Loading transaction metadata from __transaction_state-18 at epoch 0 (kafka.coordinator.transaction.TransactionStateManager)
stream-state-bench-flink-kafka  | [2026-07-15 22:12:50,265] INFO [Transaction State Manager 1]: Finished loading 0 transaction metadata from __transaction_state-18 in 15 milliseconds, of which 15 milliseconds was spent in the scheduler. (kafka.coordinator.transaction.TransactionStateManager)
stream-state-bench-flink-kafka  | [2026-07-15 22:12:50,265] INFO [Transaction State Manager 1]: Completed loading transaction metadata from __transaction_state-18 for coordinator epoch 0 (kafka.coordinator.transaction.TransactionStateManager)
stream-state-bench-flink-kafka  | [2026-07-15 22:12:50,265] INFO [Transaction State Manager 1]: Loading transaction metadata from __transaction_state-22 at epoch 0 (kafka.coordinator.transaction.TransactionStateManager)
stream-state-bench-flink-kafka  | [2026-07-15 22:12:50,265] INFO [Transaction State Manager 1]: Finished loading 0 transaction metadata from __transaction_state-22 in 15 milliseconds, of which 15 milliseconds was spent in the scheduler. (kafka.coordinator.transaction.TransactionStateManager)
stream-state-bench-flink-kafka  | [2026-07-15 22:12:50,265] INFO [Transaction State Manager 1]: Completed loading transaction metadata from __transaction_state-22 for coordinator epoch 0 (kafka.coordinator.transaction.TransactionStateManager)
stream-state-bench-flink-kafka  | [2026-07-15 22:12:50,265] INFO [Transaction State Manager 1]: Loading transaction metadata from __transaction_state-12 at epoch 0 (kafka.coordinator.transaction.TransactionStateManager)
stream-state-bench-flink-kafka  | [2026-07-15 22:12:50,265] INFO [Transaction State Manager 1]: Finished loading 0 transaction metadata from __transaction_state-12 in 15 milliseconds, of which 15 milliseconds was spent in the scheduler. (kafka.coordinator.transaction.TransactionStateManager)
stream-state-bench-flink-kafka  | [2026-07-15 22:12:50,265] INFO [Transaction State Manager 1]: Completed loading transaction metadata from __transaction_state-12 for coordinator epoch 0 (kafka.coordinator.transaction.TransactionStateManager)
stream-state-bench-flink-kafka  | [2026-07-15 22:12:50,265] INFO [Transaction State Manager 1]: Loading transaction metadata from __transaction_state-45 at epoch 0 (kafka.coordinator.transaction.TransactionStateManager)
stream-state-bench-flink-kafka  | [2026-07-15 22:12:50,265] INFO [Transaction State Manager 1]: Finished loading 0 transaction metadata from __transaction_state-45 in 15 milliseconds, of which 15 milliseconds was spent in the scheduler. (kafka.coordinator.transaction.TransactionStateManager)
stream-state-bench-flink-kafka  | [2026-07-15 22:12:50,266] INFO [Transaction State Manager 1]: Completed loading transaction metadata from __transaction_state-45 for coordinator epoch 0 (kafka.coordinator.transaction.TransactionStateManager)
stream-state-bench-flink-kafka  | [2026-07-15 22:12:50,266] INFO [Transaction State Manager 1]: Loading transaction metadata from __transaction_state-16 at epoch 0 (kafka.coordinator.transaction.TransactionStateManager)
stream-state-bench-flink-kafka  | [2026-07-15 22:12:50,266] INFO [Transaction State Manager 1]: Finished loading 0 transaction metadata from __transaction_state-16 in 16 milliseconds, of which 16 milliseconds was spent in the scheduler. (kafka.coordinator.transaction.TransactionStateManager)
stream-state-bench-flink-kafka  | [2026-07-15 22:12:50,266] INFO [Transaction State Manager 1]: Completed loading transaction metadata from __transaction_state-16 for coordinator epoch 0 (kafka.coordinator.transaction.TransactionStateManager)
stream-state-bench-flink-kafka  | [2026-07-15 22:12:50,266] INFO [Transaction State Manager 1]: Loading transaction metadata from __transaction_state-49 at epoch 0 (kafka.coordinator.transaction.TransactionStateManager)
stream-state-bench-flink-kafka  | [2026-07-15 22:12:50,266] INFO [Transaction State Manager 1]: Finished loading 0 transaction metadata from __transaction_state-49 in 16 milliseconds, of which 16 milliseconds was spent in the scheduler. (kafka.coordinator.transaction.TransactionStateManager)
stream-state-bench-flink-kafka  | [2026-07-15 22:12:50,266] INFO [Transaction State Manager 1]: Completed loading transaction metadata from __transaction_state-49 for coordinator epoch 0 (kafka.coordinator.transaction.TransactionStateManager)
stream-state-bench-flink-kafka  | [2026-07-15 22:12:50,266] INFO [Transaction State Manager 1]: Loading transaction metadata from __transaction_state-4 at epoch 0 (kafka.coordinator.transaction.TransactionStateManager)
stream-state-bench-flink-kafka  | [2026-07-15 22:12:50,266] INFO [Transaction State Manager 1]: Finished loading 0 transaction metadata from __transaction_state-4 in 16 milliseconds, of which 16 milliseconds was spent in the scheduler. (kafka.coordinator.transaction.TransactionStateManager)
stream-state-bench-flink-kafka  | [2026-07-15 22:12:50,266] INFO [Transaction State Manager 1]: Completed loading transaction metadata from __transaction_state-4 for coordinator epoch 0 (kafka.coordinator.transaction.TransactionStateManager)
stream-state-bench-flink-kafka  | [2026-07-15 22:12:50,266] INFO [Transaction State Manager 1]: Loading transaction metadata from __transaction_state-37 at epoch 0 (kafka.coordinator.transaction.TransactionStateManager)
stream-state-bench-flink-kafka  | [2026-07-15 22:12:50,266] INFO [Transaction State Manager 1]: Finished loading 0 transaction metadata from __transaction_state-37 in 16 milliseconds, of which 16 milliseconds was spent in the scheduler. (kafka.coordinator.transaction.TransactionStateManager)
stream-state-bench-flink-kafka  | [2026-07-15 22:12:50,266] INFO [Transaction State Manager 1]: Completed loading transaction metadata from __transaction_state-37 for coordinator epoch 0 (kafka.coordinator.transaction.TransactionStateManager)
stream-state-bench-flink-kafka  | [2026-07-15 22:12:50,266] INFO [Transaction State Manager 1]: Loading transaction metadata from __transaction_state-8 at epoch 0 (kafka.coordinator.transaction.TransactionStateManager)
stream-state-bench-flink-kafka  | [2026-07-15 22:12:50,267] INFO [Transaction State Manager 1]: Finished loading 0 transaction metadata from __transaction_state-8 in 17 milliseconds, of which 16 milliseconds was spent in the scheduler. (kafka.coordinator.transaction.TransactionStateManager)
stream-state-bench-flink-kafka  | [2026-07-15 22:12:50,267] INFO [Transaction State Manager 1]: Completed loading transaction metadata from __transaction_state-8 for coordinator epoch 0 (kafka.coordinator.transaction.TransactionStateManager)
stream-state-bench-flink-kafka  | [2026-07-15 22:12:50,267] INFO [Transaction State Manager 1]: Loading transaction metadata from __transaction_state-41 at epoch 0 (kafka.coordinator.transaction.TransactionStateManager)
stream-state-bench-flink-kafka  | [2026-07-15 22:12:50,267] INFO [Transaction State Manager 1]: Finished loading 0 transaction metadata from __transaction_state-41 in 17 milliseconds, of which 17 milliseconds was spent in the scheduler. (kafka.coordinator.transaction.TransactionStateManager)
stream-state-bench-flink-kafka  | [2026-07-15 22:12:50,267] INFO [Transaction State Manager 1]: Completed loading transaction metadata from __transaction_state-41 for coordinator epoch 0 (kafka.coordinator.transaction.TransactionStateManager)
stream-state-bench-flink-kafka  | [2026-07-15 22:12:50,267] INFO [Transaction State Manager 1]: Loading transaction metadata from __transaction_state-29 at epoch 0 (kafka.coordinator.transaction.TransactionStateManager)
stream-state-bench-flink-kafka  | [2026-07-15 22:12:50,267] INFO [Transaction State Manager 1]: Finished loading 0 transaction metadata from __transaction_state-29 in 17 milliseconds, of which 17 milliseconds was spent in the scheduler. (kafka.coordinator.transaction.TransactionStateManager)
stream-state-bench-flink-kafka  | [2026-07-15 22:12:50,267] INFO [Transaction State Manager 1]: Completed loading transaction metadata from __transaction_state-29 for coordinator epoch 0 (kafka.coordinator.transaction.TransactionStateManager)
stream-state-bench-flink-kafka  | [2026-07-15 22:12:50,267] INFO [Transaction State Manager 1]: Loading transaction metadata from __transaction_state-0 at epoch 0 (kafka.coordinator.transaction.TransactionStateManager)
stream-state-bench-flink-kafka  | [2026-07-15 22:12:50,267] INFO [Transaction State Manager 1]: Finished loading 0 transaction metadata from __transaction_state-0 in 17 milliseconds, of which 17 milliseconds was spent in the scheduler. (kafka.coordinator.transaction.TransactionStateManager)
stream-state-bench-flink-kafka  | [2026-07-15 22:12:50,267] INFO [Transaction State Manager 1]: Completed loading transaction metadata from __transaction_state-0 for coordinator epoch 0 (kafka.coordinator.transaction.TransactionStateManager)
stream-state-bench-flink-kafka  | [2026-07-15 22:12:50,267] INFO [Transaction State Manager 1]: Loading transaction metadata from __transaction_state-33 at epoch 0 (kafka.coordinator.transaction.TransactionStateManager)
stream-state-bench-flink-kafka  | [2026-07-15 22:12:50,267] INFO [Transaction State Manager 1]: Finished loading 0 transaction metadata from __transaction_state-33 in 17 milliseconds, of which 17 milliseconds was spent in the scheduler. (kafka.coordinator.transaction.TransactionStateManager)
stream-state-bench-flink-kafka  | [2026-07-15 22:12:50,267] INFO [Transaction State Manager 1]: Completed loading transaction metadata from __transaction_state-33 for coordinator epoch 0 (kafka.coordinator.transaction.TransactionStateManager)
stream-state-bench-flink-kafka  | [2026-07-15 22:12:50,268] INFO [Transaction State Manager 1]: Loading transaction metadata from __transaction_state-21 at epoch 0 (kafka.coordinator.transaction.TransactionStateManager)
stream-state-bench-flink-kafka  | [2026-07-15 22:12:50,268] INFO [Transaction State Manager 1]: Finished loading 0 transaction metadata from __transaction_state-21 in 17 milliseconds, of which 17 milliseconds was spent in the scheduler. (kafka.coordinator.transaction.TransactionStateManager)
stream-state-bench-flink-kafka  | [2026-07-15 22:12:50,268] INFO [Transaction State Manager 1]: Completed loading transaction metadata from __transaction_state-21 for coordinator epoch 0 (kafka.coordinator.transaction.TransactionStateManager)
stream-state-bench-flink-kafka  | [2026-07-15 22:12:50,268] INFO [Transaction State Manager 1]: Loading transaction metadata from __transaction_state-25 at epoch 0 (kafka.coordinator.transaction.TransactionStateManager)
stream-state-bench-flink-kafka  | [2026-07-15 22:12:50,268] INFO [Transaction State Manager 1]: Finished loading 0 transaction metadata from __transaction_state-25 in 17 milliseconds, of which 17 milliseconds was spent in the scheduler. (kafka.coordinator.transaction.TransactionStateManager)
stream-state-bench-flink-kafka  | [2026-07-15 22:12:50,268] INFO [Transaction State Manager 1]: Completed loading transaction metadata from __transaction_state-25 for coordinator epoch 0 (kafka.coordinator.transaction.TransactionStateManager)
stream-state-bench-flink-kafka  | [2026-07-15 22:12:50,268] INFO [Transaction State Manager 1]: Loading transaction metadata from __transaction_state-11 at epoch 0 (kafka.coordinator.transaction.TransactionStateManager)
stream-state-bench-flink-kafka  | [2026-07-15 22:12:50,268] INFO [Transaction State Manager 1]: Finished loading 0 transaction metadata from __transaction_state-11 in 17 milliseconds, of which 17 milliseconds was spent in the scheduler. (kafka.coordinator.transaction.TransactionStateManager)
stream-state-bench-flink-kafka  | [2026-07-15 22:12:50,268] INFO [Transaction State Manager 1]: Completed loading transaction metadata from __transaction_state-11 for coordinator epoch 0 (kafka.coordinator.transaction.TransactionStateManager)
stream-state-bench-flink-kafka  | [2026-07-15 22:12:50,268] INFO [Transaction State Manager 1]: Loading transaction metadata from __transaction_state-44 at epoch 0 (kafka.coordinator.transaction.TransactionStateManager)
stream-state-bench-flink-kafka  | [2026-07-15 22:12:50,268] INFO [Transaction State Manager 1]: Finished loading 0 transaction metadata from __transaction_state-44 in 17 milliseconds, of which 17 milliseconds was spent in the scheduler. (kafka.coordinator.transaction.TransactionStateManager)
stream-state-bench-flink-kafka  | [2026-07-15 22:12:50,268] INFO [Transaction State Manager 1]: Completed loading transaction metadata from __transaction_state-44 for coordinator epoch 0 (kafka.coordinator.transaction.TransactionStateManager)
stream-state-bench-flink-kafka  | [2026-07-15 22:12:50,268] INFO [Transaction State Manager 1]: Loading transaction metadata from __transaction_state-15 at epoch 0 (kafka.coordinator.transaction.TransactionStateManager)
stream-state-bench-flink-kafka  | [2026-07-15 22:12:50,268] INFO [Transaction State Manager 1]: Finished loading 0 transaction metadata from __transaction_state-15 in 17 milliseconds, of which 17 milliseconds was spent in the scheduler. (kafka.coordinator.transaction.TransactionStateManager)
stream-state-bench-flink-kafka  | [2026-07-15 22:12:50,269] INFO [Transaction State Manager 1]: Completed loading transaction metadata from __transaction_state-15 for coordinator epoch 0 (kafka.coordinator.transaction.TransactionStateManager)
stream-state-bench-flink-kafka  | [2026-07-15 22:12:50,269] INFO [Transaction State Manager 1]: Loading transaction metadata from __transaction_state-48 at epoch 0 (kafka.coordinator.transaction.TransactionStateManager)
stream-state-bench-flink-kafka  | [2026-07-15 22:12:50,269] INFO [Transaction State Manager 1]: Finished loading 0 transaction metadata from __transaction_state-48 in 18 milliseconds, of which 18 milliseconds was spent in the scheduler. (kafka.coordinator.transaction.TransactionStateManager)
stream-state-bench-flink-kafka  | [2026-07-15 22:12:50,269] INFO [Transaction State Manager 1]: Completed loading transaction metadata from __transaction_state-48 for coordinator epoch 0 (kafka.coordinator.transaction.TransactionStateManager)
stream-state-bench-flink-kafka  | [2026-07-15 22:12:50,269] INFO [Transaction State Manager 1]: Loading transaction metadata from __transaction_state-3 at epoch 0 (kafka.coordinator.transaction.TransactionStateManager)
stream-state-bench-flink-kafka  | [2026-07-15 22:12:50,269] INFO [Transaction State Manager 1]: Finished loading 0 transaction metadata from __transaction_state-3 in 18 milliseconds, of which 18 milliseconds was spent in the scheduler. (kafka.coordinator.transaction.TransactionStateManager)
stream-state-bench-flink-kafka  | [2026-07-15 22:12:50,269] INFO [Transaction State Manager 1]: Completed loading transaction metadata from __transaction_state-3 for coordinator epoch 0 (kafka.coordinator.transaction.TransactionStateManager)
stream-state-bench-flink-kafka  | [2026-07-15 22:12:50,269] INFO [Transaction State Manager 1]: Loading transaction metadata from __transaction_state-36 at epoch 0 (kafka.coordinator.transaction.TransactionStateManager)
stream-state-bench-flink-kafka  | [2026-07-15 22:12:50,269] INFO [Transaction State Manager 1]: Finished loading 0 transaction metadata from __transaction_state-36 in 18 milliseconds, of which 18 milliseconds was spent in the scheduler. (kafka.coordinator.transaction.TransactionStateManager)
stream-state-bench-flink-kafka  | [2026-07-15 22:12:50,269] INFO [Transaction State Manager 1]: Completed loading transaction metadata from __transaction_state-36 for coordinator epoch 0 (kafka.coordinator.transaction.TransactionStateManager)
stream-state-bench-flink-kafka  | [2026-07-15 22:12:50,269] INFO [Transaction State Manager 1]: Loading transaction metadata from __transaction_state-7 at epoch 0 (kafka.coordinator.transaction.TransactionStateManager)
stream-state-bench-flink-kafka  | [2026-07-15 22:12:50,269] INFO [Transaction State Manager 1]: Finished loading 0 transaction metadata from __transaction_state-7 in 18 milliseconds, of which 18 milliseconds was spent in the scheduler. (kafka.coordinator.transaction.TransactionStateManager)
stream-state-bench-flink-kafka  | [2026-07-15 22:12:50,269] INFO [Transaction State Manager 1]: Completed loading transaction metadata from __transaction_state-7 for coordinator epoch 0 (kafka.coordinator.transaction.TransactionStateManager)
stream-state-bench-flink-kafka  | [2026-07-15 22:12:50,269] INFO [Transaction State Manager 1]: Loading transaction metadata from __transaction_state-40 at epoch 0 (kafka.coordinator.transaction.TransactionStateManager)
stream-state-bench-flink-kafka  | [2026-07-15 22:12:50,269] INFO [Transaction State Manager 1]: Finished loading 0 transaction metadata from __transaction_state-40 in 18 milliseconds, of which 18 milliseconds was spent in the scheduler. (kafka.coordinator.transaction.TransactionStateManager)
stream-state-bench-flink-kafka  | [2026-07-15 22:12:50,270] INFO [Transaction State Manager 1]: Completed loading transaction metadata from __transaction_state-40 for coordinator epoch 0 (kafka.coordinator.transaction.TransactionStateManager)
stream-state-bench-flink-kafka  | [2026-07-15 22:12:50,270] INFO [Transaction State Manager 1]: Loading transaction metadata from __transaction_state-28 at epoch 0 (kafka.coordinator.transaction.TransactionStateManager)
stream-state-bench-flink-kafka  | [2026-07-15 22:12:50,270] INFO [Transaction State Manager 1]: Finished loading 0 transaction metadata from __transaction_state-28 in 19 milliseconds, of which 19 milliseconds was spent in the scheduler. (kafka.coordinator.transaction.TransactionStateManager)
stream-state-bench-flink-kafka  | [2026-07-15 22:12:50,270] INFO [Transaction State Manager 1]: Completed loading transaction metadata from __transaction_state-28 for coordinator epoch 0 (kafka.coordinator.transaction.TransactionStateManager)
stream-state-bench-flink-kafka  | [2026-07-15 22:12:50,270] INFO [Transaction State Manager 1]: Loading transaction metadata from __transaction_state-32 at epoch 0 (kafka.coordinator.transaction.TransactionStateManager)
stream-state-bench-flink-kafka  | [2026-07-15 22:12:50,270] INFO [Transaction State Manager 1]: Finished loading 0 transaction metadata from __transaction_state-32 in 19 milliseconds, of which 19 milliseconds was spent in the scheduler. (kafka.coordinator.transaction.TransactionStateManager)
stream-state-bench-flink-kafka  | [2026-07-15 22:12:50,270] INFO [Transaction State Manager 1]: Completed loading transaction metadata from __transaction_state-32 for coordinator epoch 0 (kafka.coordinator.transaction.TransactionStateManager)
stream-state-bench-flink-kafka  | [2026-07-15 22:12:50,270] INFO [Transaction State Manager 1]: Loading transaction metadata from __transaction_state-20 at epoch 0 (kafka.coordinator.transaction.TransactionStateManager)
stream-state-bench-flink-kafka  | [2026-07-15 22:12:50,270] INFO [Transaction State Manager 1]: Finished loading 0 transaction metadata from __transaction_state-20 in 19 milliseconds, of which 19 milliseconds was spent in the scheduler. (kafka.coordinator.transaction.TransactionStateManager)
stream-state-bench-flink-kafka  | [2026-07-15 22:12:50,270] INFO [Transaction State Manager 1]: Completed loading transaction metadata from __transaction_state-20 for coordinator epoch 0 (kafka.coordinator.transaction.TransactionStateManager)
stream-state-bench-flink-kafka  | [2026-07-15 22:12:50,270] INFO [Transaction State Manager 1]: Loading transaction metadata from __transaction_state-24 at epoch 0 (kafka.coordinator.transaction.TransactionStateManager)
stream-state-bench-flink-kafka  | [2026-07-15 22:12:50,270] INFO [Transaction State Manager 1]: Finished loading 0 transaction metadata from __transaction_state-24 in 19 milliseconds, of which 19 milliseconds was spent in the scheduler. (kafka.coordinator.transaction.TransactionStateManager)
stream-state-bench-flink-kafka  | [2026-07-15 22:12:50,270] INFO [Transaction State Manager 1]: Completed loading transaction metadata from __transaction_state-24 for coordinator epoch 0 (kafka.coordinator.transaction.TransactionStateManager)
stream-state-bench-flink-kafka  | [2026-07-15 22:12:50,270] INFO [Transaction State Manager 1]: Loading transaction metadata from __transaction_state-10 at epoch 0 (kafka.coordinator.transaction.TransactionStateManager)
stream-state-bench-flink-kafka  | [2026-07-15 22:12:50,270] INFO [Transaction State Manager 1]: Finished loading 0 transaction metadata from __transaction_state-10 in 19 milliseconds, of which 19 milliseconds was spent in the scheduler. (kafka.coordinator.transaction.TransactionStateManager)
stream-state-bench-flink-kafka  | [2026-07-15 22:12:50,270] INFO [Transaction State Manager 1]: Completed loading transaction metadata from __transaction_state-10 for coordinator epoch 0 (kafka.coordinator.transaction.TransactionStateManager)
stream-state-bench-flink-kafka  | [2026-07-15 22:12:50,270] INFO [Transaction State Manager 1]: Loading transaction metadata from __transaction_state-43 at epoch 0 (kafka.coordinator.transaction.TransactionStateManager)
stream-state-bench-flink-kafka  | [2026-07-15 22:12:50,271] INFO [Transaction State Manager 1]: Finished loading 0 transaction metadata from __transaction_state-43 in 20 milliseconds, of which 19 milliseconds was spent in the scheduler. (kafka.coordinator.transaction.TransactionStateManager)
stream-state-bench-flink-kafka  | [2026-07-15 22:12:50,271] INFO [Transaction State Manager 1]: Completed loading transaction metadata from __transaction_state-43 for coordinator epoch 0 (kafka.coordinator.transaction.TransactionStateManager)
stream-state-bench-flink-kafka  | [2026-07-15 22:12:50,271] INFO [Transaction State Manager 1]: Loading transaction metadata from __transaction_state-14 at epoch 0 (kafka.coordinator.transaction.TransactionStateManager)
stream-state-bench-flink-kafka  | [2026-07-15 22:12:50,271] INFO [Transaction State Manager 1]: Finished loading 0 transaction metadata from __transaction_state-14 in 20 milliseconds, of which 20 milliseconds was spent in the scheduler. (kafka.coordinator.transaction.TransactionStateManager)
stream-state-bench-flink-kafka  | [2026-07-15 22:12:50,271] INFO [Transaction State Manager 1]: Completed loading transaction metadata from __transaction_state-14 for coordinator epoch 0 (kafka.coordinator.transaction.TransactionStateManager)
stream-state-bench-flink-kafka  | [2026-07-15 22:12:50,271] INFO [Transaction State Manager 1]: Loading transaction metadata from __transaction_state-47 at epoch 0 (kafka.coordinator.transaction.TransactionStateManager)
stream-state-bench-flink-kafka  | [2026-07-15 22:12:50,271] INFO [Transaction State Manager 1]: Finished loading 0 transaction metadata from __transaction_state-47 in 20 milliseconds, of which 20 milliseconds was spent in the scheduler. (kafka.coordinator.transaction.TransactionStateManager)
stream-state-bench-flink-kafka  | [2026-07-15 22:12:50,271] INFO [Transaction State Manager 1]: Completed loading transaction metadata from __transaction_state-47 for coordinator epoch 0 (kafka.coordinator.transaction.TransactionStateManager)
stream-state-bench-flink-kafka  | [2026-07-15 22:12:50,271] INFO [Transaction State Manager 1]: Loading transaction metadata from __transaction_state-2 at epoch 0 (kafka.coordinator.transaction.TransactionStateManager)
stream-state-bench-flink-kafka  | [2026-07-15 22:12:50,271] INFO [Transaction State Manager 1]: Finished loading 0 transaction metadata from __transaction_state-2 in 20 milliseconds, of which 20 milliseconds was spent in the scheduler. (kafka.coordinator.transaction.TransactionStateManager)
stream-state-bench-flink-kafka  | [2026-07-15 22:12:50,271] INFO [Transaction State Manager 1]: Completed loading transaction metadata from __transaction_state-2 for coordinator epoch 0 (kafka.coordinator.transaction.TransactionStateManager)
stream-state-bench-flink-kafka  | [2026-07-15 22:12:50,271] INFO [Transaction State Manager 1]: Loading transaction metadata from __transaction_state-35 at epoch 0 (kafka.coordinator.transaction.TransactionStateManager)
stream-state-bench-flink-kafka  | [2026-07-15 22:12:50,272] INFO [Transaction State Manager 1]: Finished loading 0 transaction metadata from __transaction_state-35 in 20 milliseconds, of which 19 milliseconds was spent in the scheduler. (kafka.coordinator.transaction.TransactionStateManager)
stream-state-bench-flink-kafka  | [2026-07-15 22:12:50,272] INFO [Transaction State Manager 1]: Completed loading transaction metadata from __transaction_state-35 for coordinator epoch 0 (kafka.coordinator.transaction.TransactionStateManager)
stream-state-bench-flink-kafka  | [2026-07-15 22:12:50,272] INFO [Transaction State Manager 1]: Loading transaction metadata from __transaction_state-6 at epoch 0 (kafka.coordinator.transaction.TransactionStateManager)
stream-state-bench-flink-kafka  | [2026-07-15 22:12:50,272] INFO [Transaction State Manager 1]: Finished loading 0 transaction metadata from __transaction_state-6 in 20 milliseconds, of which 20 milliseconds was spent in the scheduler. (kafka.coordinator.transaction.TransactionStateManager)
stream-state-bench-flink-kafka  | [2026-07-15 22:12:50,272] INFO [Transaction State Manager 1]: Completed loading transaction metadata from __transaction_state-6 for coordinator epoch 0 (kafka.coordinator.transaction.TransactionStateManager)
stream-state-bench-flink-kafka  | [2026-07-15 22:12:50,272] INFO [Transaction State Manager 1]: Loading transaction metadata from __transaction_state-39 at epoch 0 (kafka.coordinator.transaction.TransactionStateManager)
stream-state-bench-flink-kafka  | [2026-07-15 22:12:50,272] INFO [Transaction State Manager 1]: Finished loading 0 transaction metadata from __transaction_state-39 in 20 milliseconds, of which 20 milliseconds was spent in the scheduler. (kafka.coordinator.transaction.TransactionStateManager)
stream-state-bench-flink-kafka  | [2026-07-15 22:12:50,272] INFO [Transaction State Manager 1]: Completed loading transaction metadata from __transaction_state-39 for coordinator epoch 0 (kafka.coordinator.transaction.TransactionStateManager)
stream-state-bench-flink-kafka  | [2026-07-15 22:12:50,272] INFO [Transaction State Manager 1]: Loading transaction metadata from __transaction_state-27 at epoch 0 (kafka.coordinator.transaction.TransactionStateManager)
stream-state-bench-flink-kafka  | [2026-07-15 22:12:50,272] INFO [Transaction State Manager 1]: Finished loading 0 transaction metadata from __transaction_state-27 in 20 milliseconds, of which 20 milliseconds was spent in the scheduler. (kafka.coordinator.transaction.TransactionStateManager)
stream-state-bench-flink-kafka  | [2026-07-15 22:12:50,272] INFO [Transaction State Manager 1]: Completed loading transaction metadata from __transaction_state-27 for coordinator epoch 0 (kafka.coordinator.transaction.TransactionStateManager)
stream-state-bench-flink-kafka  | [2026-07-15 22:12:50,272] INFO [Transaction State Manager 1]: Loading transaction metadata from __transaction_state-31 at epoch 0 (kafka.coordinator.transaction.TransactionStateManager)
stream-state-bench-flink-kafka  | [2026-07-15 22:12:50,272] INFO [Transaction State Manager 1]: Finished loading 0 transaction metadata from __transaction_state-31 in 20 milliseconds, of which 20 milliseconds was spent in the scheduler. (kafka.coordinator.transaction.TransactionStateManager)
stream-state-bench-flink-kafka  | [2026-07-15 22:12:50,272] INFO [Transaction State Manager 1]: Completed loading transaction metadata from __transaction_state-31 for coordinator epoch 0 (kafka.coordinator.transaction.TransactionStateManager)
stream-state-bench-flink-kafka  | [2026-07-15 22:12:50,272] INFO [Transaction State Manager 1]: Loading transaction metadata from __transaction_state-19 at epoch 0 (kafka.coordinator.transaction.TransactionStateManager)
stream-state-bench-flink-kafka  | [2026-07-15 22:12:50,272] INFO [Transaction State Manager 1]: Finished loading 0 transaction metadata from __transaction_state-19 in 20 milliseconds, of which 20 milliseconds was spent in the scheduler. (kafka.coordinator.transaction.TransactionStateManager)
stream-state-bench-flink-kafka  | [2026-07-15 22:12:50,273] INFO [Transaction State Manager 1]: Completed loading transaction metadata from __transaction_state-19 for coordinator epoch 0 (kafka.coordinator.transaction.TransactionStateManager)
stream-state-bench-flink-kafka  | [2026-07-15 22:12:50,273] INFO [Transaction State Manager 1]: Loading transaction metadata from __transaction_state-23 at epoch 0 (kafka.coordinator.transaction.TransactionStateManager)
stream-state-bench-flink-kafka  | [2026-07-15 22:12:50,273] INFO [Transaction State Manager 1]: Finished loading 0 transaction metadata from __transaction_state-23 in 21 milliseconds, of which 21 milliseconds was spent in the scheduler. (kafka.coordinator.transaction.TransactionStateManager)
stream-state-bench-flink-kafka  | [2026-07-15 22:12:50,273] INFO [Transaction State Manager 1]: Completed loading transaction metadata from __transaction_state-23 for coordinator epoch 0 (kafka.coordinator.transaction.TransactionStateManager)
stream-state-bench-flink-kafka  | [2026-07-15 22:12:50,400] INFO [TransactionCoordinator id=1] Initialized transactionalId stream-state-bench-flink-w2-latency-rate10-0-1 with producerId 0 and producer epoch 0 on partition __transaction_state-34 (kafka.coordinator.transaction.TransactionCoordinator)
stream-state-bench-flink-kafka  | [2026-07-15 22:12:50,406] INFO [TransactionCoordinator id=1] Initialized transactionalId stream-state-bench-flink-w2-latency-rate10-0-1 with producerId 0 and producer epoch 1 on partition __transaction_state-34 (kafka.coordinator.transaction.TransactionCoordinator)
stream-state-bench-flink-kafka  | [2026-07-15 22:12:51,425] INFO [TransactionCoordinator id=1] Initialized transactionalId stream-state-bench-flink-w2-latency-rate10-0-2 with producerId 1 and producer epoch 0 on partition __transaction_state-35 (kafka.coordinator.transaction.TransactionCoordinator)
stream-state-bench-flink-kafka  | [2026-07-15 22:12:52,404] INFO [TransactionCoordinator id=1] Initialized transactionalId stream-state-bench-flink-w2-latency-rate10-0-3 with producerId 2 and producer epoch 0 on partition __transaction_state-36 (kafka.coordinator.transaction.TransactionCoordinator)
stream-state-bench-flink-kafka  | [2026-07-15 22:12:53,404] INFO [TransactionCoordinator id=1] Initialized transactionalId stream-state-bench-flink-w2-latency-rate10-0-4 with producerId 3 and producer epoch 0 on partition __transaction_state-37 (kafka.coordinator.transaction.TransactionCoordinator)
stream-state-bench-flink-kafka  | [2026-07-15 22:12:54,402] INFO [TransactionCoordinator id=1] Initialized transactionalId stream-state-bench-flink-w2-latency-rate10-0-5 with producerId 4 and producer epoch 0 on partition __transaction_state-38 (kafka.coordinator.transaction.TransactionCoordinator)
stream-state-bench-flink-kafka  | [2026-07-15 22:12:55,404] INFO [TransactionCoordinator id=1] Initialized transactionalId stream-state-bench-flink-w2-latency-rate10-0-6 with producerId 5 and producer epoch 0 on partition __transaction_state-39 (kafka.coordinator.transaction.TransactionCoordinator)
stream-state-bench-flink-kafka  | [2026-07-15 22:12:56,402] INFO [TransactionCoordinator id=1] Initialized transactionalId stream-state-bench-flink-w2-latency-rate10-0-7 with producerId 6 and producer epoch 0 on partition __transaction_state-40 (kafka.coordinator.transaction.TransactionCoordinator)
stream-state-bench-flink-kafka  | [2026-07-15 22:12:57,193] INFO Sent auto-creation request for Set(__consumer_offsets) to the active controller. (kafka.server.DefaultAutoTopicCreationManager)
stream-state-bench-flink-kafka  | [2026-07-15 22:12:57,223] INFO [ReplicaFetcherManager on broker 1] Removed fetcher for partitions Set(__consumer_offsets-13, __consumer_offsets-46, __consumer_offsets-9, __consumer_offsets-42, __consumer_offsets-21, __consumer_offsets-17, __consumer_offsets-30, __consumer_offsets-26, __consumer_offsets-5, __consumer_offsets-38, __consumer_offsets-1, __consumer_offsets-34, __consumer_offsets-16, __consumer_offsets-45, __consumer_offsets-12, __consumer_offsets-41, __consumer_offsets-24, __consumer_offsets-20, __consumer_offsets-49, __consumer_offsets-0, __consumer_offsets-29, __consumer_offsets-25, __consumer_offsets-8, __consumer_offsets-37, __consumer_offsets-4, __consumer_offsets-33, __consumer_offsets-15, __consumer_offsets-48, __consumer_offsets-11, __consumer_offsets-44, __consumer_offsets-23, __consumer_offsets-19, __consumer_offsets-32, __consumer_offsets-28, __consumer_offsets-7, __consumer_offsets-40, __consumer_offsets-3, __consumer_offsets-36, __consumer_offsets-47, __consumer_offsets-14, __consumer_offsets-43, __consumer_offsets-10, __consumer_offsets-22, __consumer_offsets-18, __consumer_offsets-31, __consumer_offsets-27, __consumer_offsets-39, __consumer_offsets-6, __consumer_offsets-35, __consumer_offsets-2) (kafka.server.ReplicaFetcherManager)
stream-state-bench-flink-kafka  | [2026-07-15 22:12:57,225] INFO [LogLoader partition=__consumer_offsets-13, dir=/tmp/kafka-logs] Loading producer state till offset 0 (org.apache.kafka.storage.internals.log.UnifiedLog)
stream-state-bench-flink-kafka  | [2026-07-15 22:12:57,226] INFO Created log for partition __consumer_offsets-13 in /tmp/kafka-logs/__consumer_offsets-13 with properties {cleanup.policy=compact, compression.type="producer", segment.bytes=104857600} (kafka.log.LogManager)
stream-state-bench-flink-kafka  | [2026-07-15 22:12:57,226] INFO [Partition __consumer_offsets-13 broker=1] No checkpointed highwatermark is found for partition __consumer_offsets-13 (kafka.cluster.Partition)
stream-state-bench-flink-kafka  | [2026-07-15 22:12:57,226] INFO [Partition __consumer_offsets-13 broker=1] Log loaded for partition __consumer_offsets-13 with initial high watermark 0 (kafka.cluster.Partition)
stream-state-bench-flink-kafka  | [2026-07-15 22:12:57,232] INFO [LogLoader partition=__consumer_offsets-46, dir=/tmp/kafka-logs] Loading producer state till offset 0 (org.apache.kafka.storage.internals.log.UnifiedLog)
stream-state-bench-flink-kafka  | [2026-07-15 22:12:57,232] INFO Created log for partition __consumer_offsets-46 in /tmp/kafka-logs/__consumer_offsets-46 with properties {cleanup.policy=compact, compression.type="producer", segment.bytes=104857600} (kafka.log.LogManager)
stream-state-bench-flink-kafka  | [2026-07-15 22:12:57,232] INFO [Partition __consumer_offsets-46 broker=1] No checkpointed highwatermark is found for partition __consumer_offsets-46 (kafka.cluster.Partition)
stream-state-bench-flink-kafka  | [2026-07-15 22:12:57,232] INFO [Partition __consumer_offsets-46 broker=1] Log loaded for partition __consumer_offsets-46 with initial high watermark 0 (kafka.cluster.Partition)
stream-state-bench-flink-kafka  | [2026-07-15 22:12:57,241] INFO [LogLoader partition=__consumer_offsets-9, dir=/tmp/kafka-logs] Loading producer state till offset 0 (org.apache.kafka.storage.internals.log.UnifiedLog)
stream-state-bench-flink-kafka  | [2026-07-15 22:12:57,241] INFO Created log for partition __consumer_offsets-9 in /tmp/kafka-logs/__consumer_offsets-9 with properties {cleanup.policy=compact, compression.type="producer", segment.bytes=104857600} (kafka.log.LogManager)
stream-state-bench-flink-kafka  | [2026-07-15 22:12:57,241] INFO [Partition __consumer_offsets-9 broker=1] No checkpointed highwatermark is found for partition __consumer_offsets-9 (kafka.cluster.Partition)
stream-state-bench-flink-kafka  | [2026-07-15 22:12:57,241] INFO [Partition __consumer_offsets-9 broker=1] Log loaded for partition __consumer_offsets-9 with initial high watermark 0 (kafka.cluster.Partition)
stream-state-bench-flink-kafka  | [2026-07-15 22:12:57,247] INFO [LogLoader partition=__consumer_offsets-42, dir=/tmp/kafka-logs] Loading producer state till offset 0 (org.apache.kafka.storage.internals.log.UnifiedLog)
stream-state-bench-flink-kafka  | [2026-07-15 22:12:57,247] INFO Created log for partition __consumer_offsets-42 in /tmp/kafka-logs/__consumer_offsets-42 with properties {cleanup.policy=compact, compression.type="producer", segment.bytes=104857600} (kafka.log.LogManager)
stream-state-bench-flink-kafka  | [2026-07-15 22:12:57,248] INFO [Partition __consumer_offsets-42 broker=1] No checkpointed highwatermark is found for partition __consumer_offsets-42 (kafka.cluster.Partition)
stream-state-bench-flink-kafka  | [2026-07-15 22:12:57,248] INFO [Partition __consumer_offsets-42 broker=1] Log loaded for partition __consumer_offsets-42 with initial high watermark 0 (kafka.cluster.Partition)
stream-state-bench-flink-kafka  | [2026-07-15 22:12:57,253] INFO [LogLoader partition=__consumer_offsets-21, dir=/tmp/kafka-logs] Loading producer state till offset 0 (org.apache.kafka.storage.internals.log.UnifiedLog)
stream-state-bench-flink-kafka  | [2026-07-15 22:12:57,254] INFO Created log for partition __consumer_offsets-21 in /tmp/kafka-logs/__consumer_offsets-21 with properties {cleanup.policy=compact, compression.type="producer", segment.bytes=104857600} (kafka.log.LogManager)
stream-state-bench-flink-kafka  | [2026-07-15 22:12:57,254] INFO [Partition __consumer_offsets-21 broker=1] No checkpointed highwatermark is found for partition __consumer_offsets-21 (kafka.cluster.Partition)
stream-state-bench-flink-kafka  | [2026-07-15 22:12:57,254] INFO [Partition __consumer_offsets-21 broker=1] Log loaded for partition __consumer_offsets-21 with initial high watermark 0 (kafka.cluster.Partition)
stream-state-bench-flink-kafka  | [2026-07-15 22:12:57,259] INFO [LogLoader partition=__consumer_offsets-17, dir=/tmp/kafka-logs] Loading producer state till offset 0 (org.apache.kafka.storage.internals.log.UnifiedLog)
stream-state-bench-flink-kafka  | [2026-07-15 22:12:57,259] INFO Created log for partition __consumer_offsets-17 in /tmp/kafka-logs/__consumer_offsets-17 with properties {cleanup.policy=compact, compression.type="producer", segment.bytes=104857600} (kafka.log.LogManager)
stream-state-bench-flink-kafka  | [2026-07-15 22:12:57,260] INFO [Partition __consumer_offsets-17 broker=1] No checkpointed highwatermark is found for partition __consumer_offsets-17 (kafka.cluster.Partition)
stream-state-bench-flink-kafka  | [2026-07-15 22:12:57,260] INFO [Partition __consumer_offsets-17 broker=1] Log loaded for partition __consumer_offsets-17 with initial high watermark 0 (kafka.cluster.Partition)
stream-state-bench-flink-kafka  | [2026-07-15 22:12:57,265] INFO [LogLoader partition=__consumer_offsets-30, dir=/tmp/kafka-logs] Loading producer state till offset 0 (org.apache.kafka.storage.internals.log.UnifiedLog)
stream-state-bench-flink-kafka  | [2026-07-15 22:12:57,265] INFO Created log for partition __consumer_offsets-30 in /tmp/kafka-logs/__consumer_offsets-30 with properties {cleanup.policy=compact, compression.type="producer", segment.bytes=104857600} (kafka.log.LogManager)
stream-state-bench-flink-kafka  | [2026-07-15 22:12:57,265] INFO [Partition __consumer_offsets-30 broker=1] No checkpointed highwatermark is found for partition __consumer_offsets-30 (kafka.cluster.Partition)
stream-state-bench-flink-kafka  | [2026-07-15 22:12:57,265] INFO [Partition __consumer_offsets-30 broker=1] Log loaded for partition __consumer_offsets-30 with initial high watermark 0 (kafka.cluster.Partition)
stream-state-bench-flink-kafka  | [2026-07-15 22:12:57,271] INFO [LogLoader partition=__consumer_offsets-26, dir=/tmp/kafka-logs] Loading producer state till offset 0 (org.apache.kafka.storage.internals.log.UnifiedLog)
stream-state-bench-flink-kafka  | [2026-07-15 22:12:57,271] INFO Created log for partition __consumer_offsets-26 in /tmp/kafka-logs/__consumer_offsets-26 with properties {cleanup.policy=compact, compression.type="producer", segment.bytes=104857600} (kafka.log.LogManager)
stream-state-bench-flink-kafka  | [2026-07-15 22:12:57,272] INFO [Partition __consumer_offsets-26 broker=1] No checkpointed highwatermark is found for partition __consumer_offsets-26 (kafka.cluster.Partition)
stream-state-bench-flink-kafka  | [2026-07-15 22:12:57,272] INFO [Partition __consumer_offsets-26 broker=1] Log loaded for partition __consumer_offsets-26 with initial high watermark 0 (kafka.cluster.Partition)
stream-state-bench-flink-kafka  | [2026-07-15 22:12:57,280] INFO [LogLoader partition=__consumer_offsets-5, dir=/tmp/kafka-logs] Loading producer state till offset 0 (org.apache.kafka.storage.internals.log.UnifiedLog)
stream-state-bench-flink-kafka  | [2026-07-15 22:12:57,280] INFO Created log for partition __consumer_offsets-5 in /tmp/kafka-logs/__consumer_offsets-5 with properties {cleanup.policy=compact, compression.type="producer", segment.bytes=104857600} (kafka.log.LogManager)
stream-state-bench-flink-kafka  | [2026-07-15 22:12:57,280] INFO [Partition __consumer_offsets-5 broker=1] No checkpointed highwatermark is found for partition __consumer_offsets-5 (kafka.cluster.Partition)
stream-state-bench-flink-kafka  | [2026-07-15 22:12:57,280] INFO [Partition __consumer_offsets-5 broker=1] Log loaded for partition __consumer_offsets-5 with initial high watermark 0 (kafka.cluster.Partition)
stream-state-bench-flink-kafka  | [2026-07-15 22:12:57,286] INFO [LogLoader partition=__consumer_offsets-38, dir=/tmp/kafka-logs] Loading producer state till offset 0 (org.apache.kafka.storage.internals.log.UnifiedLog)
stream-state-bench-flink-kafka  | [2026-07-15 22:12:57,286] INFO Created log for partition __consumer_offsets-38 in /tmp/kafka-logs/__consumer_offsets-38 with properties {cleanup.policy=compact, compression.type="producer", segment.bytes=104857600} (kafka.log.LogManager)
stream-state-bench-flink-kafka  | [2026-07-15 22:12:57,287] INFO [Partition __consumer_offsets-38 broker=1] No checkpointed highwatermark is found for partition __consumer_offsets-38 (kafka.cluster.Partition)
stream-state-bench-flink-kafka  | [2026-07-15 22:12:57,287] INFO [Partition __consumer_offsets-38 broker=1] Log loaded for partition __consumer_offsets-38 with initial high watermark 0 (kafka.cluster.Partition)
stream-state-bench-flink-kafka  | [2026-07-15 22:12:57,293] INFO [LogLoader partition=__consumer_offsets-1, dir=/tmp/kafka-logs] Loading producer state till offset 0 (org.apache.kafka.storage.internals.log.UnifiedLog)
stream-state-bench-flink-kafka  | [2026-07-15 22:12:57,293] INFO Created log for partition __consumer_offsets-1 in /tmp/kafka-logs/__consumer_offsets-1 with properties {cleanup.policy=compact, compression.type="producer", segment.bytes=104857600} (kafka.log.LogManager)
stream-state-bench-flink-kafka  | [2026-07-15 22:12:57,294] INFO [Partition __consumer_offsets-1 broker=1] No checkpointed highwatermark is found for partition __consumer_offsets-1 (kafka.cluster.Partition)
stream-state-bench-flink-kafka  | [2026-07-15 22:12:57,294] INFO [Partition __consumer_offsets-1 broker=1] Log loaded for partition __consumer_offsets-1 with initial high watermark 0 (kafka.cluster.Partition)
stream-state-bench-flink-kafka  | [2026-07-15 22:12:57,299] INFO [LogLoader partition=__consumer_offsets-34, dir=/tmp/kafka-logs] Loading producer state till offset 0 (org.apache.kafka.storage.internals.log.UnifiedLog)
stream-state-bench-flink-kafka  | [2026-07-15 22:12:57,300] INFO Created log for partition __consumer_offsets-34 in /tmp/kafka-logs/__consumer_offsets-34 with properties {cleanup.policy=compact, compression.type="producer", segment.bytes=104857600} (kafka.log.LogManager)
stream-state-bench-flink-kafka  | [2026-07-15 22:12:57,300] INFO [Partition __consumer_offsets-34 broker=1] No checkpointed highwatermark is found for partition __consumer_offsets-34 (kafka.cluster.Partition)
stream-state-bench-flink-kafka  | [2026-07-15 22:12:57,300] INFO [Partition __consumer_offsets-34 broker=1] Log loaded for partition __consumer_offsets-34 with initial high watermark 0 (kafka.cluster.Partition)
stream-state-bench-flink-kafka  | [2026-07-15 22:12:57,306] INFO [LogLoader partition=__consumer_offsets-16, dir=/tmp/kafka-logs] Loading producer state till offset 0 (org.apache.kafka.storage.internals.log.UnifiedLog)
stream-state-bench-flink-kafka  | [2026-07-15 22:12:57,306] INFO Created log for partition __consumer_offsets-16 in /tmp/kafka-logs/__consumer_offsets-16 with properties {cleanup.policy=compact, compression.type="producer", segment.bytes=104857600} (kafka.log.LogManager)
stream-state-bench-flink-kafka  | [2026-07-15 22:12:57,306] INFO [Partition __consumer_offsets-16 broker=1] No checkpointed highwatermark is found for partition __consumer_offsets-16 (kafka.cluster.Partition)
stream-state-bench-flink-kafka  | [2026-07-15 22:12:57,306] INFO [Partition __consumer_offsets-16 broker=1] Log loaded for partition __consumer_offsets-16 with initial high watermark 0 (kafka.cluster.Partition)
stream-state-bench-flink-kafka  | [2026-07-15 22:12:57,314] INFO [LogLoader partition=__consumer_offsets-45, dir=/tmp/kafka-logs] Loading producer state till offset 0 (org.apache.kafka.storage.internals.log.UnifiedLog)
stream-state-bench-flink-kafka  | [2026-07-15 22:12:57,315] INFO Created log for partition __consumer_offsets-45 in /tmp/kafka-logs/__consumer_offsets-45 with properties {cleanup.policy=compact, compression.type="producer", segment.bytes=104857600} (kafka.log.LogManager)
stream-state-bench-flink-kafka  | [2026-07-15 22:12:57,315] INFO [Partition __consumer_offsets-45 broker=1] No checkpointed highwatermark is found for partition __consumer_offsets-45 (kafka.cluster.Partition)
stream-state-bench-flink-kafka  | [2026-07-15 22:12:57,315] INFO [Partition __consumer_offsets-45 broker=1] Log loaded for partition __consumer_offsets-45 with initial high watermark 0 (kafka.cluster.Partition)
stream-state-bench-flink-kafka  | [2026-07-15 22:12:57,322] INFO [LogLoader partition=__consumer_offsets-12, dir=/tmp/kafka-logs] Loading producer state till offset 0 (org.apache.kafka.storage.internals.log.UnifiedLog)
stream-state-bench-flink-kafka  | [2026-07-15 22:12:57,322] INFO Created log for partition __consumer_offsets-12 in /tmp/kafka-logs/__consumer_offsets-12 with properties {cleanup.policy=compact, compression.type="producer", segment.bytes=104857600} (kafka.log.LogManager)
stream-state-bench-flink-kafka  | [2026-07-15 22:12:57,323] INFO [Partition __consumer_offsets-12 broker=1] No checkpointed highwatermark is found for partition __consumer_offsets-12 (kafka.cluster.Partition)
stream-state-bench-flink-kafka  | [2026-07-15 22:12:57,323] INFO [Partition __consumer_offsets-12 broker=1] Log loaded for partition __consumer_offsets-12 with initial high watermark 0 (kafka.cluster.Partition)
stream-state-bench-flink-kafka  | [2026-07-15 22:12:57,328] INFO [LogLoader partition=__consumer_offsets-41, dir=/tmp/kafka-logs] Loading producer state till offset 0 (org.apache.kafka.storage.internals.log.UnifiedLog)
stream-state-bench-flink-kafka  | [2026-07-15 22:12:57,329] INFO Created log for partition __consumer_offsets-41 in /tmp/kafka-logs/__consumer_offsets-41 with properties {cleanup.policy=compact, compression.type="producer", segment.bytes=104857600} (kafka.log.LogManager)
stream-state-bench-flink-kafka  | [2026-07-15 22:12:57,329] INFO [Partition __consumer_offsets-41 broker=1] No checkpointed highwatermark is found for partition __consumer_offsets-41 (kafka.cluster.Partition)
stream-state-bench-flink-kafka  | [2026-07-15 22:12:57,329] INFO [Partition __consumer_offsets-41 broker=1] Log loaded for partition __consumer_offsets-41 with initial high watermark 0 (kafka.cluster.Partition)
stream-state-bench-flink-kafka  | [2026-07-15 22:12:57,335] INFO [LogLoader partition=__consumer_offsets-24, dir=/tmp/kafka-logs] Loading producer state till offset 0 (org.apache.kafka.storage.internals.log.UnifiedLog)
stream-state-bench-flink-kafka  | [2026-07-15 22:12:57,335] INFO Created log for partition __consumer_offsets-24 in /tmp/kafka-logs/__consumer_offsets-24 with properties {cleanup.policy=compact, compression.type="producer", segment.bytes=104857600} (kafka.log.LogManager)
stream-state-bench-flink-kafka  | [2026-07-15 22:12:57,335] INFO [Partition __consumer_offsets-24 broker=1] No checkpointed highwatermark is found for partition __consumer_offsets-24 (kafka.cluster.Partition)
stream-state-bench-flink-kafka  | [2026-07-15 22:12:57,335] INFO [Partition __consumer_offsets-24 broker=1] Log loaded for partition __consumer_offsets-24 with initial high watermark 0 (kafka.cluster.Partition)
stream-state-bench-flink-kafka  | [2026-07-15 22:12:57,341] INFO [LogLoader partition=__consumer_offsets-20, dir=/tmp/kafka-logs] Loading producer state till offset 0 (org.apache.kafka.storage.internals.log.UnifiedLog)
stream-state-bench-flink-kafka  | [2026-07-15 22:12:57,341] INFO Created log for partition __consumer_offsets-20 in /tmp/kafka-logs/__consumer_offsets-20 with properties {cleanup.policy=compact, compression.type="producer", segment.bytes=104857600} (kafka.log.LogManager)
stream-state-bench-flink-kafka  | [2026-07-15 22:12:57,342] INFO [Partition __consumer_offsets-20 broker=1] No checkpointed highwatermark is found for partition __consumer_offsets-20 (kafka.cluster.Partition)
stream-state-bench-flink-kafka  | [2026-07-15 22:12:57,342] INFO [Partition __consumer_offsets-20 broker=1] Log loaded for partition __consumer_offsets-20 with initial high watermark 0 (kafka.cluster.Partition)
stream-state-bench-flink-kafka  | [2026-07-15 22:12:57,347] INFO [LogLoader partition=__consumer_offsets-49, dir=/tmp/kafka-logs] Loading producer state till offset 0 (org.apache.kafka.storage.internals.log.UnifiedLog)
stream-state-bench-flink-kafka  | [2026-07-15 22:12:57,347] INFO Created log for partition __consumer_offsets-49 in /tmp/kafka-logs/__consumer_offsets-49 with properties {cleanup.policy=compact, compression.type="producer", segment.bytes=104857600} (kafka.log.LogManager)
stream-state-bench-flink-kafka  | [2026-07-15 22:12:57,348] INFO [Partition __consumer_offsets-49 broker=1] No checkpointed highwatermark is found for partition __consumer_offsets-49 (kafka.cluster.Partition)
stream-state-bench-flink-kafka  | [2026-07-15 22:12:57,348] INFO [Partition __consumer_offsets-49 broker=1] Log loaded for partition __consumer_offsets-49 with initial high watermark 0 (kafka.cluster.Partition)
stream-state-bench-flink-kafka  | [2026-07-15 22:12:57,354] INFO [LogLoader partition=__consumer_offsets-0, dir=/tmp/kafka-logs] Loading producer state till offset 0 (org.apache.kafka.storage.internals.log.UnifiedLog)
stream-state-bench-flink-kafka  | [2026-07-15 22:12:57,354] INFO Created log for partition __consumer_offsets-0 in /tmp/kafka-logs/__consumer_offsets-0 with properties {cleanup.policy=compact, compression.type="producer", segment.bytes=104857600} (kafka.log.LogManager)
stream-state-bench-flink-kafka  | [2026-07-15 22:12:57,354] INFO [Partition __consumer_offsets-0 broker=1] No checkpointed highwatermark is found for partition __consumer_offsets-0 (kafka.cluster.Partition)
stream-state-bench-flink-kafka  | [2026-07-15 22:12:57,354] INFO [Partition __consumer_offsets-0 broker=1] Log loaded for partition __consumer_offsets-0 with initial high watermark 0 (kafka.cluster.Partition)
stream-state-bench-flink-kafka  | [2026-07-15 22:12:57,360] INFO [LogLoader partition=__consumer_offsets-29, dir=/tmp/kafka-logs] Loading producer state till offset 0 (org.apache.kafka.storage.internals.log.UnifiedLog)
stream-state-bench-flink-kafka  | [2026-07-15 22:12:57,360] INFO Created log for partition __consumer_offsets-29 in /tmp/kafka-logs/__consumer_offsets-29 with properties {cleanup.policy=compact, compression.type="producer", segment.bytes=104857600} (kafka.log.LogManager)
stream-state-bench-flink-kafka  | [2026-07-15 22:12:57,360] INFO [Partition __consumer_offsets-29 broker=1] No checkpointed highwatermark is found for partition __consumer_offsets-29 (kafka.cluster.Partition)
stream-state-bench-flink-kafka  | [2026-07-15 22:12:57,361] INFO [Partition __consumer_offsets-29 broker=1] Log loaded for partition __consumer_offsets-29 with initial high watermark 0 (kafka.cluster.Partition)
stream-state-bench-flink-kafka  | [2026-07-15 22:12:57,366] INFO [LogLoader partition=__consumer_offsets-25, dir=/tmp/kafka-logs] Loading producer state till offset 0 (org.apache.kafka.storage.internals.log.UnifiedLog)
stream-state-bench-flink-kafka  | [2026-07-15 22:12:57,367] INFO Created log for partition __consumer_offsets-25 in /tmp/kafka-logs/__consumer_offsets-25 with properties {cleanup.policy=compact, compression.type="producer", segment.bytes=104857600} (kafka.log.LogManager)
stream-state-bench-flink-kafka  | [2026-07-15 22:12:57,367] INFO [Partition __consumer_offsets-25 broker=1] No checkpointed highwatermark is found for partition __consumer_offsets-25 (kafka.cluster.Partition)
stream-state-bench-flink-kafka  | [2026-07-15 22:12:57,367] INFO [Partition __consumer_offsets-25 broker=1] Log loaded for partition __consumer_offsets-25 with initial high watermark 0 (kafka.cluster.Partition)
stream-state-bench-flink-kafka  | [2026-07-15 22:12:57,374] INFO [LogLoader partition=__consumer_offsets-8, dir=/tmp/kafka-logs] Loading producer state till offset 0 (org.apache.kafka.storage.internals.log.UnifiedLog)
stream-state-bench-flink-kafka  | [2026-07-15 22:12:57,374] INFO Created log for partition __consumer_offsets-8 in /tmp/kafka-logs/__consumer_offsets-8 with properties {cleanup.policy=compact, compression.type="producer", segment.bytes=104857600} (kafka.log.LogManager)
stream-state-bench-flink-kafka  | [2026-07-15 22:12:57,374] INFO [Partition __consumer_offsets-8 broker=1] No checkpointed highwatermark is found for partition __consumer_offsets-8 (kafka.cluster.Partition)
stream-state-bench-flink-kafka  | [2026-07-15 22:12:57,374] INFO [Partition __consumer_offsets-8 broker=1] Log loaded for partition __consumer_offsets-8 with initial high watermark 0 (kafka.cluster.Partition)
stream-state-bench-flink-kafka  | [2026-07-15 22:12:57,380] INFO [LogLoader partition=__consumer_offsets-37, dir=/tmp/kafka-logs] Loading producer state till offset 0 (org.apache.kafka.storage.internals.log.UnifiedLog)
stream-state-bench-flink-kafka  | [2026-07-15 22:12:57,381] INFO Created log for partition __consumer_offsets-37 in /tmp/kafka-logs/__consumer_offsets-37 with properties {cleanup.policy=compact, compression.type="producer", segment.bytes=104857600} (kafka.log.LogManager)
stream-state-bench-flink-kafka  | [2026-07-15 22:12:57,381] INFO [Partition __consumer_offsets-37 broker=1] No checkpointed highwatermark is found for partition __consumer_offsets-37 (kafka.cluster.Partition)
stream-state-bench-flink-kafka  | [2026-07-15 22:12:57,381] INFO [Partition __consumer_offsets-37 broker=1] Log loaded for partition __consumer_offsets-37 with initial high watermark 0 (kafka.cluster.Partition)
stream-state-bench-flink-kafka  | [2026-07-15 22:12:57,387] INFO [LogLoader partition=__consumer_offsets-4, dir=/tmp/kafka-logs] Loading producer state till offset 0 (org.apache.kafka.storage.internals.log.UnifiedLog)
stream-state-bench-flink-kafka  | [2026-07-15 22:12:57,387] INFO Created log for partition __consumer_offsets-4 in /tmp/kafka-logs/__consumer_offsets-4 with properties {cleanup.policy=compact, compression.type="producer", segment.bytes=104857600} (kafka.log.LogManager)
stream-state-bench-flink-kafka  | [2026-07-15 22:12:57,387] INFO [Partition __consumer_offsets-4 broker=1] No checkpointed highwatermark is found for partition __consumer_offsets-4 (kafka.cluster.Partition)
stream-state-bench-flink-kafka  | [2026-07-15 22:12:57,387] INFO [Partition __consumer_offsets-4 broker=1] Log loaded for partition __consumer_offsets-4 with initial high watermark 0 (kafka.cluster.Partition)
stream-state-bench-flink-kafka  | [2026-07-15 22:12:57,394] INFO [LogLoader partition=__consumer_offsets-33, dir=/tmp/kafka-logs] Loading producer state till offset 0 (org.apache.kafka.storage.internals.log.UnifiedLog)
stream-state-bench-flink-kafka  | [2026-07-15 22:12:57,394] INFO Created log for partition __consumer_offsets-33 in /tmp/kafka-logs/__consumer_offsets-33 with properties {cleanup.policy=compact, compression.type="producer", segment.bytes=104857600} (kafka.log.LogManager)
stream-state-bench-flink-kafka  | [2026-07-15 22:12:57,394] INFO [Partition __consumer_offsets-33 broker=1] No checkpointed highwatermark is found for partition __consumer_offsets-33 (kafka.cluster.Partition)
stream-state-bench-flink-kafka  | [2026-07-15 22:12:57,394] INFO [Partition __consumer_offsets-33 broker=1] Log loaded for partition __consumer_offsets-33 with initial high watermark 0 (kafka.cluster.Partition)
stream-state-bench-flink-kafka  | [2026-07-15 22:12:57,404] INFO [TransactionCoordinator id=1] Initialized transactionalId stream-state-bench-flink-w2-latency-rate10-0-8 with producerId 7 and producer epoch 0 on partition __transaction_state-41 (kafka.coordinator.transaction.TransactionCoordinator)
stream-state-bench-flink-kafka  | [2026-07-15 22:12:57,405] INFO [LogLoader partition=__consumer_offsets-15, dir=/tmp/kafka-logs] Loading producer state till offset 0 (org.apache.kafka.storage.internals.log.UnifiedLog)
stream-state-bench-flink-kafka  | [2026-07-15 22:12:57,406] INFO Created log for partition __consumer_offsets-15 in /tmp/kafka-logs/__consumer_offsets-15 with properties {cleanup.policy=compact, compression.type="producer", segment.bytes=104857600} (kafka.log.LogManager)
stream-state-bench-flink-kafka  | [2026-07-15 22:12:57,406] INFO [Partition __consumer_offsets-15 broker=1] No checkpointed highwatermark is found for partition __consumer_offsets-15 (kafka.cluster.Partition)
stream-state-bench-flink-kafka  | [2026-07-15 22:12:57,406] INFO [Partition __consumer_offsets-15 broker=1] Log loaded for partition __consumer_offsets-15 with initial high watermark 0 (kafka.cluster.Partition)
stream-state-bench-flink-kafka  | [2026-07-15 22:12:57,412] INFO [LogLoader partition=__consumer_offsets-48, dir=/tmp/kafka-logs] Loading producer state till offset 0 (org.apache.kafka.storage.internals.log.UnifiedLog)
stream-state-bench-flink-kafka  | [2026-07-15 22:12:57,413] INFO Created log for partition __consumer_offsets-48 in /tmp/kafka-logs/__consumer_offsets-48 with properties {cleanup.policy=compact, compression.type="producer", segment.bytes=104857600} (kafka.log.LogManager)
stream-state-bench-flink-kafka  | [2026-07-15 22:12:57,413] INFO [Partition __consumer_offsets-48 broker=1] No checkpointed highwatermark is found for partition __consumer_offsets-48 (kafka.cluster.Partition)
stream-state-bench-flink-kafka  | [2026-07-15 22:12:57,413] INFO [Partition __consumer_offsets-48 broker=1] Log loaded for partition __consumer_offsets-48 with initial high watermark 0 (kafka.cluster.Partition)
stream-state-bench-flink-kafka  | [2026-07-15 22:12:57,427] INFO [LogLoader partition=__consumer_offsets-11, dir=/tmp/kafka-logs] Loading producer state till offset 0 (org.apache.kafka.storage.internals.log.UnifiedLog)
stream-state-bench-flink-kafka  | [2026-07-15 22:12:57,427] INFO Created log for partition __consumer_offsets-11 in /tmp/kafka-logs/__consumer_offsets-11 with properties {cleanup.policy=compact, compression.type="producer", segment.bytes=104857600} (kafka.log.LogManager)
stream-state-bench-flink-kafka  | [2026-07-15 22:12:57,427] INFO [Partition __consumer_offsets-11 broker=1] No checkpointed highwatermark is found for partition __consumer_offsets-11 (kafka.cluster.Partition)
stream-state-bench-flink-kafka  | [2026-07-15 22:12:57,427] INFO [Partition __consumer_offsets-11 broker=1] Log loaded for partition __consumer_offsets-11 with initial high watermark 0 (kafka.cluster.Partition)
stream-state-bench-flink-kafka  | [2026-07-15 22:12:57,434] INFO [LogLoader partition=__consumer_offsets-44, dir=/tmp/kafka-logs] Loading producer state till offset 0 (org.apache.kafka.storage.internals.log.UnifiedLog)
stream-state-bench-flink-kafka  | [2026-07-15 22:12:57,434] INFO Created log for partition __consumer_offsets-44 in /tmp/kafka-logs/__consumer_offsets-44 with properties {cleanup.policy=compact, compression.type="producer", segment.bytes=104857600} (kafka.log.LogManager)
stream-state-bench-flink-kafka  | [2026-07-15 22:12:57,434] INFO [Partition __consumer_offsets-44 broker=1] No checkpointed highwatermark is found for partition __consumer_offsets-44 (kafka.cluster.Partition)
stream-state-bench-flink-kafka  | [2026-07-15 22:12:57,434] INFO [Partition __consumer_offsets-44 broker=1] Log loaded for partition __consumer_offsets-44 with initial high watermark 0 (kafka.cluster.Partition)
stream-state-bench-flink-kafka  | [2026-07-15 22:12:57,440] INFO [LogLoader partition=__consumer_offsets-23, dir=/tmp/kafka-logs] Loading producer state till offset 0 (org.apache.kafka.storage.internals.log.UnifiedLog)
stream-state-bench-flink-kafka  | [2026-07-15 22:12:57,441] INFO Created log for partition __consumer_offsets-23 in /tmp/kafka-logs/__consumer_offsets-23 with properties {cleanup.policy=compact, compression.type="producer", segment.bytes=104857600} (kafka.log.LogManager)
stream-state-bench-flink-kafka  | [2026-07-15 22:12:57,441] INFO [Partition __consumer_offsets-23 broker=1] No checkpointed highwatermark is found for partition __consumer_offsets-23 (kafka.cluster.Partition)
stream-state-bench-flink-kafka  | [2026-07-15 22:12:57,441] INFO [Partition __consumer_offsets-23 broker=1] Log loaded for partition __consumer_offsets-23 with initial high watermark 0 (kafka.cluster.Partition)
stream-state-bench-flink-kafka  | [2026-07-15 22:12:57,446] INFO [LogLoader partition=__consumer_offsets-19, dir=/tmp/kafka-logs] Loading producer state till offset 0 (org.apache.kafka.storage.internals.log.UnifiedLog)
stream-state-bench-flink-kafka  | [2026-07-15 22:12:57,446] INFO Created log for partition __consumer_offsets-19 in /tmp/kafka-logs/__consumer_offsets-19 with properties {cleanup.policy=compact, compression.type="producer", segment.bytes=104857600} (kafka.log.LogManager)
stream-state-bench-flink-kafka  | [2026-07-15 22:12:57,446] INFO [Partition __consumer_offsets-19 broker=1] No checkpointed highwatermark is found for partition __consumer_offsets-19 (kafka.cluster.Partition)
stream-state-bench-flink-kafka  | [2026-07-15 22:12:57,446] INFO [Partition __consumer_offsets-19 broker=1] Log loaded for partition __consumer_offsets-19 with initial high watermark 0 (kafka.cluster.Partition)
stream-state-bench-flink-kafka  | [2026-07-15 22:12:57,452] INFO [LogLoader partition=__consumer_offsets-32, dir=/tmp/kafka-logs] Loading producer state till offset 0 (org.apache.kafka.storage.internals.log.UnifiedLog)
stream-state-bench-flink-kafka  | [2026-07-15 22:12:57,452] INFO Created log for partition __consumer_offsets-32 in /tmp/kafka-logs/__consumer_offsets-32 with properties {cleanup.policy=compact, compression.type="producer", segment.bytes=104857600} (kafka.log.LogManager)
stream-state-bench-flink-kafka  | [2026-07-15 22:12:57,453] INFO [Partition __consumer_offsets-32 broker=1] No checkpointed highwatermark is found for partition __consumer_offsets-32 (kafka.cluster.Partition)
stream-state-bench-flink-kafka  | [2026-07-15 22:12:57,453] INFO [Partition __consumer_offsets-32 broker=1] Log loaded for partition __consumer_offsets-32 with initial high watermark 0 (kafka.cluster.Partition)
stream-state-bench-flink-kafka  | [2026-07-15 22:12:57,458] INFO [LogLoader partition=__consumer_offsets-28, dir=/tmp/kafka-logs] Loading producer state till offset 0 (org.apache.kafka.storage.internals.log.UnifiedLog)
stream-state-bench-flink-kafka  | [2026-07-15 22:12:57,458] INFO Created log for partition __consumer_offsets-28 in /tmp/kafka-logs/__consumer_offsets-28 with properties {cleanup.policy=compact, compression.type="producer", segment.bytes=104857600} (kafka.log.LogManager)
stream-state-bench-flink-kafka  | [2026-07-15 22:12:57,458] INFO [Partition __consumer_offsets-28 broker=1] No checkpointed highwatermark is found for partition __consumer_offsets-28 (kafka.cluster.Partition)
stream-state-bench-flink-kafka  | [2026-07-15 22:12:57,458] INFO [Partition __consumer_offsets-28 broker=1] Log loaded for partition __consumer_offsets-28 with initial high watermark 0 (kafka.cluster.Partition)
stream-state-bench-flink-kafka  | [2026-07-15 22:12:57,463] INFO [LogLoader partition=__consumer_offsets-7, dir=/tmp/kafka-logs] Loading producer state till offset 0 (org.apache.kafka.storage.internals.log.UnifiedLog)
stream-state-bench-flink-kafka  | [2026-07-15 22:12:57,464] INFO Created log for partition __consumer_offsets-7 in /tmp/kafka-logs/__consumer_offsets-7 with properties {cleanup.policy=compact, compression.type="producer", segment.bytes=104857600} (kafka.log.LogManager)
stream-state-bench-flink-kafka  | [2026-07-15 22:12:57,464] INFO [Partition __consumer_offsets-7 broker=1] No checkpointed highwatermark is found for partition __consumer_offsets-7 (kafka.cluster.Partition)
stream-state-bench-flink-kafka  | [2026-07-15 22:12:57,464] INFO [Partition __consumer_offsets-7 broker=1] Log loaded for partition __consumer_offsets-7 with initial high watermark 0 (kafka.cluster.Partition)
stream-state-bench-flink-kafka  | [2026-07-15 22:12:57,469] INFO [LogLoader partition=__consumer_offsets-40, dir=/tmp/kafka-logs] Loading producer state till offset 0 (org.apache.kafka.storage.internals.log.UnifiedLog)
stream-state-bench-flink-kafka  | [2026-07-15 22:12:57,469] INFO Created log for partition __consumer_offsets-40 in /tmp/kafka-logs/__consumer_offsets-40 with properties {cleanup.policy=compact, compression.type="producer", segment.bytes=104857600} (kafka.log.LogManager)
stream-state-bench-flink-kafka  | [2026-07-15 22:12:57,469] INFO [Partition __consumer_offsets-40 broker=1] No checkpointed highwatermark is found for partition __consumer_offsets-40 (kafka.cluster.Partition)
stream-state-bench-flink-kafka  | [2026-07-15 22:12:57,469] INFO [Partition __consumer_offsets-40 broker=1] Log loaded for partition __consumer_offsets-40 with initial high watermark 0 (kafka.cluster.Partition)
stream-state-bench-flink-kafka  | [2026-07-15 22:12:57,474] INFO [LogLoader partition=__consumer_offsets-3, dir=/tmp/kafka-logs] Loading producer state till offset 0 (org.apache.kafka.storage.internals.log.UnifiedLog)
stream-state-bench-flink-kafka  | [2026-07-15 22:12:57,475] INFO Created log for partition __consumer_offsets-3 in /tmp/kafka-logs/__consumer_offsets-3 with properties {cleanup.policy=compact, compression.type="producer", segment.bytes=104857600} (kafka.log.LogManager)
stream-state-bench-flink-kafka  | [2026-07-15 22:12:57,475] INFO [Partition __consumer_offsets-3 broker=1] No checkpointed highwatermark is found for partition __consumer_offsets-3 (kafka.cluster.Partition)
stream-state-bench-flink-kafka  | [2026-07-15 22:12:57,475] INFO [Partition __consumer_offsets-3 broker=1] Log loaded for partition __consumer_offsets-3 with initial high watermark 0 (kafka.cluster.Partition)
stream-state-bench-flink-kafka  | [2026-07-15 22:12:57,480] INFO [LogLoader partition=__consumer_offsets-36, dir=/tmp/kafka-logs] Loading producer state till offset 0 (org.apache.kafka.storage.internals.log.UnifiedLog)
stream-state-bench-flink-kafka  | [2026-07-15 22:12:57,480] INFO Created log for partition __consumer_offsets-36 in /tmp/kafka-logs/__consumer_offsets-36 with properties {cleanup.policy=compact, compression.type="producer", segment.bytes=104857600} (kafka.log.LogManager)
stream-state-bench-flink-kafka  | [2026-07-15 22:12:57,480] INFO [Partition __consumer_offsets-36 broker=1] No checkpointed highwatermark is found for partition __consumer_offsets-36 (kafka.cluster.Partition)
stream-state-bench-flink-kafka  | [2026-07-15 22:12:57,480] INFO [Partition __consumer_offsets-36 broker=1] Log loaded for partition __consumer_offsets-36 with initial high watermark 0 (kafka.cluster.Partition)
stream-state-bench-flink-kafka  | [2026-07-15 22:12:57,488] INFO [LogLoader partition=__consumer_offsets-47, dir=/tmp/kafka-logs] Loading producer state till offset 0 (org.apache.kafka.storage.internals.log.UnifiedLog)
stream-state-bench-flink-kafka  | [2026-07-15 22:12:57,488] INFO Created log for partition __consumer_offsets-47 in /tmp/kafka-logs/__consumer_offsets-47 with properties {cleanup.policy=compact, compression.type="producer", segment.bytes=104857600} (kafka.log.LogManager)
stream-state-bench-flink-kafka  | [2026-07-15 22:12:57,488] INFO [Partition __consumer_offsets-47 broker=1] No checkpointed highwatermark is found for partition __consumer_offsets-47 (kafka.cluster.Partition)
stream-state-bench-flink-kafka  | [2026-07-15 22:12:57,488] INFO [Partition __consumer_offsets-47 broker=1] Log loaded for partition __consumer_offsets-47 with initial high watermark 0 (kafka.cluster.Partition)
stream-state-bench-flink-kafka  | [2026-07-15 22:12:57,495] INFO [LogLoader partition=__consumer_offsets-14, dir=/tmp/kafka-logs] Loading producer state till offset 0 (org.apache.kafka.storage.internals.log.UnifiedLog)
stream-state-bench-flink-kafka  | [2026-07-15 22:12:57,495] INFO Created log for partition __consumer_offsets-14 in /tmp/kafka-logs/__consumer_offsets-14 with properties {cleanup.policy=compact, compression.type="producer", segment.bytes=104857600} (kafka.log.LogManager)
stream-state-bench-flink-kafka  | [2026-07-15 22:12:57,495] INFO [Partition __consumer_offsets-14 broker=1] No checkpointed highwatermark is found for partition __consumer_offsets-14 (kafka.cluster.Partition)
stream-state-bench-flink-kafka  | [2026-07-15 22:12:57,495] INFO [Partition __consumer_offsets-14 broker=1] Log loaded for partition __consumer_offsets-14 with initial high watermark 0 (kafka.cluster.Partition)
stream-state-bench-flink-kafka  | [2026-07-15 22:12:57,500] INFO [LogLoader partition=__consumer_offsets-43, dir=/tmp/kafka-logs] Loading producer state till offset 0 (org.apache.kafka.storage.internals.log.UnifiedLog)
stream-state-bench-flink-kafka  | [2026-07-15 22:12:57,500] INFO Created log for partition __consumer_offsets-43 in /tmp/kafka-logs/__consumer_offsets-43 with properties {cleanup.policy=compact, compression.type="producer", segment.bytes=104857600} (kafka.log.LogManager)
stream-state-bench-flink-kafka  | [2026-07-15 22:12:57,500] INFO [Partition __consumer_offsets-43 broker=1] No checkpointed highwatermark is found for partition __consumer_offsets-43 (kafka.cluster.Partition)
stream-state-bench-flink-kafka  | [2026-07-15 22:12:57,500] INFO [Partition __consumer_offsets-43 broker=1] Log loaded for partition __consumer_offsets-43 with initial high watermark 0 (kafka.cluster.Partition)
stream-state-bench-flink-kafka  | [2026-07-15 22:12:57,506] INFO [LogLoader partition=__consumer_offsets-10, dir=/tmp/kafka-logs] Loading producer state till offset 0 (org.apache.kafka.storage.internals.log.UnifiedLog)
stream-state-bench-flink-kafka  | [2026-07-15 22:12:57,507] INFO Created log for partition __consumer_offsets-10 in /tmp/kafka-logs/__consumer_offsets-10 with properties {cleanup.policy=compact, compression.type="producer", segment.bytes=104857600} (kafka.log.LogManager)
stream-state-bench-flink-kafka  | [2026-07-15 22:12:57,507] INFO [Partition __consumer_offsets-10 broker=1] No checkpointed highwatermark is found for partition __consumer_offsets-10 (kafka.cluster.Partition)
stream-state-bench-flink-kafka  | [2026-07-15 22:12:57,507] INFO [Partition __consumer_offsets-10 broker=1] Log loaded for partition __consumer_offsets-10 with initial high watermark 0 (kafka.cluster.Partition)
stream-state-bench-flink-kafka  | [2026-07-15 22:12:57,512] INFO [LogLoader partition=__consumer_offsets-22, dir=/tmp/kafka-logs] Loading producer state till offset 0 (org.apache.kafka.storage.internals.log.UnifiedLog)
stream-state-bench-flink-kafka  | [2026-07-15 22:12:57,513] INFO Created log for partition __consumer_offsets-22 in /tmp/kafka-logs/__consumer_offsets-22 with properties {cleanup.policy=compact, compression.type="producer", segment.bytes=104857600} (kafka.log.LogManager)
stream-state-bench-flink-kafka  | [2026-07-15 22:12:57,513] INFO [Partition __consumer_offsets-22 broker=1] No checkpointed highwatermark is found for partition __consumer_offsets-22 (kafka.cluster.Partition)
stream-state-bench-flink-kafka  | [2026-07-15 22:12:57,513] INFO [Partition __consumer_offsets-22 broker=1] Log loaded for partition __consumer_offsets-22 with initial high watermark 0 (kafka.cluster.Partition)
stream-state-bench-flink-kafka  | [2026-07-15 22:12:57,518] INFO [LogLoader partition=__consumer_offsets-18, dir=/tmp/kafka-logs] Loading producer state till offset 0 (org.apache.kafka.storage.internals.log.UnifiedLog)
stream-state-bench-flink-kafka  | [2026-07-15 22:12:57,518] INFO Created log for partition __consumer_offsets-18 in /tmp/kafka-logs/__consumer_offsets-18 with properties {cleanup.policy=compact, compression.type="producer", segment.bytes=104857600} (kafka.log.LogManager)
stream-state-bench-flink-kafka  | [2026-07-15 22:12:57,518] INFO [Partition __consumer_offsets-18 broker=1] No checkpointed highwatermark is found for partition __consumer_offsets-18 (kafka.cluster.Partition)
stream-state-bench-flink-kafka  | [2026-07-15 22:12:57,518] INFO [Partition __consumer_offsets-18 broker=1] Log loaded for partition __consumer_offsets-18 with initial high watermark 0 (kafka.cluster.Partition)
stream-state-bench-flink-kafka  | [2026-07-15 22:12:57,523] INFO [LogLoader partition=__consumer_offsets-31, dir=/tmp/kafka-logs] Loading producer state till offset 0 (org.apache.kafka.storage.internals.log.UnifiedLog)
stream-state-bench-flink-kafka  | [2026-07-15 22:12:57,523] INFO Created log for partition __consumer_offsets-31 in /tmp/kafka-logs/__consumer_offsets-31 with properties {cleanup.policy=compact, compression.type="producer", segment.bytes=104857600} (kafka.log.LogManager)
stream-state-bench-flink-kafka  | [2026-07-15 22:12:57,523] INFO [Partition __consumer_offsets-31 broker=1] No checkpointed highwatermark is found for partition __consumer_offsets-31 (kafka.cluster.Partition)
stream-state-bench-flink-kafka  | [2026-07-15 22:12:57,523] INFO [Partition __consumer_offsets-31 broker=1] Log loaded for partition __consumer_offsets-31 with initial high watermark 0 (kafka.cluster.Partition)
stream-state-bench-flink-kafka  | [2026-07-15 22:12:57,528] INFO [LogLoader partition=__consumer_offsets-27, dir=/tmp/kafka-logs] Loading producer state till offset 0 (org.apache.kafka.storage.internals.log.UnifiedLog)
stream-state-bench-flink-kafka  | [2026-07-15 22:12:57,529] INFO Created log for partition __consumer_offsets-27 in /tmp/kafka-logs/__consumer_offsets-27 with properties {cleanup.policy=compact, compression.type="producer", segment.bytes=104857600} (kafka.log.LogManager)
stream-state-bench-flink-kafka  | [2026-07-15 22:12:57,529] INFO [Partition __consumer_offsets-27 broker=1] No checkpointed highwatermark is found for partition __consumer_offsets-27 (kafka.cluster.Partition)
stream-state-bench-flink-kafka  | [2026-07-15 22:12:57,529] INFO [Partition __consumer_offsets-27 broker=1] Log loaded for partition __consumer_offsets-27 with initial high watermark 0 (kafka.cluster.Partition)
stream-state-bench-flink-kafka  | [2026-07-15 22:12:57,534] INFO [LogLoader partition=__consumer_offsets-39, dir=/tmp/kafka-logs] Loading producer state till offset 0 (org.apache.kafka.storage.internals.log.UnifiedLog)
stream-state-bench-flink-kafka  | [2026-07-15 22:12:57,534] INFO Created log for partition __consumer_offsets-39 in /tmp/kafka-logs/__consumer_offsets-39 with properties {cleanup.policy=compact, compression.type="producer", segment.bytes=104857600} (kafka.log.LogManager)
stream-state-bench-flink-kafka  | [2026-07-15 22:12:57,534] INFO [Partition __consumer_offsets-39 broker=1] No checkpointed highwatermark is found for partition __consumer_offsets-39 (kafka.cluster.Partition)
stream-state-bench-flink-kafka  | [2026-07-15 22:12:57,534] INFO [Partition __consumer_offsets-39 broker=1] Log loaded for partition __consumer_offsets-39 with initial high watermark 0 (kafka.cluster.Partition)
stream-state-bench-flink-kafka  | [2026-07-15 22:12:57,540] INFO [LogLoader partition=__consumer_offsets-6, dir=/tmp/kafka-logs] Loading producer state till offset 0 (org.apache.kafka.storage.internals.log.UnifiedLog)
stream-state-bench-flink-kafka  | [2026-07-15 22:12:57,540] INFO Created log for partition __consumer_offsets-6 in /tmp/kafka-logs/__consumer_offsets-6 with properties {cleanup.policy=compact, compression.type="producer", segment.bytes=104857600} (kafka.log.LogManager)
stream-state-bench-flink-kafka  | [2026-07-15 22:12:57,540] INFO [Partition __consumer_offsets-6 broker=1] No checkpointed highwatermark is found for partition __consumer_offsets-6 (kafka.cluster.Partition)
stream-state-bench-flink-kafka  | [2026-07-15 22:12:57,540] INFO [Partition __consumer_offsets-6 broker=1] Log loaded for partition __consumer_offsets-6 with initial high watermark 0 (kafka.cluster.Partition)
stream-state-bench-flink-kafka  | [2026-07-15 22:12:57,545] INFO [LogLoader partition=__consumer_offsets-35, dir=/tmp/kafka-logs] Loading producer state till offset 0 (org.apache.kafka.storage.internals.log.UnifiedLog)
stream-state-bench-flink-kafka  | [2026-07-15 22:12:57,545] INFO Created log for partition __consumer_offsets-35 in /tmp/kafka-logs/__consumer_offsets-35 with properties {cleanup.policy=compact, compression.type="producer", segment.bytes=104857600} (kafka.log.LogManager)
stream-state-bench-flink-kafka  | [2026-07-15 22:12:57,545] INFO [Partition __consumer_offsets-35 broker=1] No checkpointed highwatermark is found for partition __consumer_offsets-35 (kafka.cluster.Partition)
stream-state-bench-flink-kafka  | [2026-07-15 22:12:57,545] INFO [Partition __consumer_offsets-35 broker=1] Log loaded for partition __consumer_offsets-35 with initial high watermark 0 (kafka.cluster.Partition)
stream-state-bench-flink-kafka  | [2026-07-15 22:12:57,550] INFO [LogLoader partition=__consumer_offsets-2, dir=/tmp/kafka-logs] Loading producer state till offset 0 (org.apache.kafka.storage.internals.log.UnifiedLog)
stream-state-bench-flink-kafka  | [2026-07-15 22:12:57,551] INFO Created log for partition __consumer_offsets-2 in /tmp/kafka-logs/__consumer_offsets-2 with properties {cleanup.policy=compact, compression.type="producer", segment.bytes=104857600} (kafka.log.LogManager)
stream-state-bench-flink-kafka  | [2026-07-15 22:12:57,551] INFO [Partition __consumer_offsets-2 broker=1] No checkpointed highwatermark is found for partition __consumer_offsets-2 (kafka.cluster.Partition)
stream-state-bench-flink-kafka  | [2026-07-15 22:12:57,551] INFO [Partition __consumer_offsets-2 broker=1] Log loaded for partition __consumer_offsets-2 with initial high watermark 0 (kafka.cluster.Partition)
stream-state-bench-flink-kafka  | [2026-07-15 22:12:57,557] INFO [GroupCoordinator id=1] Scheduling loading of metadata from __consumer_offsets-13 with epoch 0 (org.apache.kafka.coordinator.common.runtime.CoordinatorRuntime)
stream-state-bench-flink-kafka  | [2026-07-15 22:12:57,559] INFO [GroupCoordinator id=1] Scheduling loading of metadata from __consumer_offsets-46 with epoch 0 (org.apache.kafka.coordinator.common.runtime.CoordinatorRuntime)
stream-state-bench-flink-kafka  | [2026-07-15 22:12:57,559] INFO [GroupCoordinator id=1] Scheduling loading of metadata from __consumer_offsets-9 with epoch 0 (org.apache.kafka.coordinator.common.runtime.CoordinatorRuntime)
stream-state-bench-flink-kafka  | [2026-07-15 22:12:57,559] INFO [GroupCoordinator id=1] Scheduling loading of metadata from __consumer_offsets-42 with epoch 0 (org.apache.kafka.coordinator.common.runtime.CoordinatorRuntime)
stream-state-bench-flink-kafka  | [2026-07-15 22:12:57,559] INFO [GroupCoordinator id=1] Scheduling loading of metadata from __consumer_offsets-21 with epoch 0 (org.apache.kafka.coordinator.common.runtime.CoordinatorRuntime)
stream-state-bench-flink-kafka  | [2026-07-15 22:12:57,559] INFO [GroupCoordinator id=1] Scheduling loading of metadata from __consumer_offsets-17 with epoch 0 (org.apache.kafka.coordinator.common.runtime.CoordinatorRuntime)
stream-state-bench-flink-kafka  | [2026-07-15 22:12:57,559] INFO [GroupCoordinator id=1] Scheduling loading of metadata from __consumer_offsets-30 with epoch 0 (org.apache.kafka.coordinator.common.runtime.CoordinatorRuntime)
stream-state-bench-flink-kafka  | [2026-07-15 22:12:57,559] INFO [GroupCoordinator id=1] Scheduling loading of metadata from __consumer_offsets-26 with epoch 0 (org.apache.kafka.coordinator.common.runtime.CoordinatorRuntime)
stream-state-bench-flink-kafka  | [2026-07-15 22:12:57,559] INFO [GroupCoordinator id=1] Scheduling loading of metadata from __consumer_offsets-5 with epoch 0 (org.apache.kafka.coordinator.common.runtime.CoordinatorRuntime)
stream-state-bench-flink-kafka  | [2026-07-15 22:12:57,559] INFO [GroupCoordinator id=1] Scheduling loading of metadata from __consumer_offsets-38 with epoch 0 (org.apache.kafka.coordinator.common.runtime.CoordinatorRuntime)
stream-state-bench-flink-kafka  | [2026-07-15 22:12:57,560] INFO [GroupCoordinator id=1] Scheduling loading of metadata from __consumer_offsets-1 with epoch 0 (org.apache.kafka.coordinator.common.runtime.CoordinatorRuntime)
stream-state-bench-flink-kafka  | [2026-07-15 22:12:57,560] INFO [GroupCoordinator id=1] Scheduling loading of metadata from __consumer_offsets-34 with epoch 0 (org.apache.kafka.coordinator.common.runtime.CoordinatorRuntime)
stream-state-bench-flink-kafka  | [2026-07-15 22:12:57,560] INFO [GroupCoordinator id=1] Scheduling loading of metadata from __consumer_offsets-16 with epoch 0 (org.apache.kafka.coordinator.common.runtime.CoordinatorRuntime)
stream-state-bench-flink-kafka  | [2026-07-15 22:12:57,560] INFO [GroupCoordinator id=1] Scheduling loading of metadata from __consumer_offsets-45 with epoch 0 (org.apache.kafka.coordinator.common.runtime.CoordinatorRuntime)
stream-state-bench-flink-kafka  | [2026-07-15 22:12:57,560] INFO [GroupCoordinator id=1] Scheduling loading of metadata from __consumer_offsets-12 with epoch 0 (org.apache.kafka.coordinator.common.runtime.CoordinatorRuntime)
stream-state-bench-flink-kafka  | [2026-07-15 22:12:57,560] INFO [GroupCoordinator id=1] Scheduling loading of metadata from __consumer_offsets-41 with epoch 0 (org.apache.kafka.coordinator.common.runtime.CoordinatorRuntime)
stream-state-bench-flink-kafka  | [2026-07-15 22:12:57,560] INFO [GroupCoordinator id=1] Scheduling loading of metadata from __consumer_offsets-24 with epoch 0 (org.apache.kafka.coordinator.common.runtime.CoordinatorRuntime)
stream-state-bench-flink-kafka  | [2026-07-15 22:12:57,560] INFO [GroupCoordinator id=1] Scheduling loading of metadata from __consumer_offsets-20 with epoch 0 (org.apache.kafka.coordinator.common.runtime.CoordinatorRuntime)
stream-state-bench-flink-kafka  | [2026-07-15 22:12:57,560] INFO [GroupCoordinator id=1] Scheduling loading of metadata from __consumer_offsets-49 with epoch 0 (org.apache.kafka.coordinator.common.runtime.CoordinatorRuntime)
stream-state-bench-flink-kafka  | [2026-07-15 22:12:57,561] INFO [GroupCoordinator id=1] Scheduling loading of metadata from __consumer_offsets-0 with epoch 0 (org.apache.kafka.coordinator.common.runtime.CoordinatorRuntime)
stream-state-bench-flink-kafka  | [2026-07-15 22:12:57,561] INFO [GroupCoordinator id=1] Scheduling loading of metadata from __consumer_offsets-29 with epoch 0 (org.apache.kafka.coordinator.common.runtime.CoordinatorRuntime)
stream-state-bench-flink-kafka  | [2026-07-15 22:12:57,561] INFO [GroupCoordinator id=1] Scheduling loading of metadata from __consumer_offsets-25 with epoch 0 (org.apache.kafka.coordinator.common.runtime.CoordinatorRuntime)
stream-state-bench-flink-kafka  | [2026-07-15 22:12:57,561] INFO [GroupCoordinator id=1] Scheduling loading of metadata from __consumer_offsets-8 with epoch 0 (org.apache.kafka.coordinator.common.runtime.CoordinatorRuntime)
stream-state-bench-flink-kafka  | [2026-07-15 22:12:57,561] INFO [GroupCoordinator id=1] Scheduling loading of metadata from __consumer_offsets-37 with epoch 0 (org.apache.kafka.coordinator.common.runtime.CoordinatorRuntime)
stream-state-bench-flink-kafka  | [2026-07-15 22:12:57,561] INFO [GroupCoordinator id=1] Scheduling loading of metadata from __consumer_offsets-4 with epoch 0 (org.apache.kafka.coordinator.common.runtime.CoordinatorRuntime)
stream-state-bench-flink-kafka  | [2026-07-15 22:12:57,561] INFO [GroupCoordinator id=1] Scheduling loading of metadata from __consumer_offsets-33 with epoch 0 (org.apache.kafka.coordinator.common.runtime.CoordinatorRuntime)
stream-state-bench-flink-kafka  | [2026-07-15 22:12:57,561] INFO [GroupCoordinator id=1] Scheduling loading of metadata from __consumer_offsets-15 with epoch 0 (org.apache.kafka.coordinator.common.runtime.CoordinatorRuntime)
stream-state-bench-flink-kafka  | [2026-07-15 22:12:57,561] INFO [GroupCoordinator id=1] Scheduling loading of metadata from __consumer_offsets-48 with epoch 0 (org.apache.kafka.coordinator.common.runtime.CoordinatorRuntime)
stream-state-bench-flink-kafka  | [2026-07-15 22:12:57,562] INFO [GroupCoordinator id=1] Scheduling loading of metadata from __consumer_offsets-11 with epoch 0 (org.apache.kafka.coordinator.common.runtime.CoordinatorRuntime)
stream-state-bench-flink-kafka  | [2026-07-15 22:12:57,562] INFO [GroupCoordinator id=1] Scheduling loading of metadata from __consumer_offsets-44 with epoch 0 (org.apache.kafka.coordinator.common.runtime.CoordinatorRuntime)
stream-state-bench-flink-kafka  | [2026-07-15 22:12:57,562] INFO [GroupCoordinator id=1] Scheduling loading of metadata from __consumer_offsets-23 with epoch 0 (org.apache.kafka.coordinator.common.runtime.CoordinatorRuntime)
stream-state-bench-flink-kafka  | [2026-07-15 22:12:57,562] INFO [GroupCoordinator id=1] Scheduling loading of metadata from __consumer_offsets-19 with epoch 0 (org.apache.kafka.coordinator.common.runtime.CoordinatorRuntime)
stream-state-bench-flink-kafka  | [2026-07-15 22:12:57,562] INFO [GroupCoordinator id=1] Scheduling loading of metadata from __consumer_offsets-32 with epoch 0 (org.apache.kafka.coordinator.common.runtime.CoordinatorRuntime)
stream-state-bench-flink-kafka  | [2026-07-15 22:12:57,562] INFO [GroupCoordinator id=1] Scheduling loading of metadata from __consumer_offsets-28 with epoch 0 (org.apache.kafka.coordinator.common.runtime.CoordinatorRuntime)
stream-state-bench-flink-kafka  | [2026-07-15 22:12:57,562] INFO [GroupCoordinator id=1] Scheduling loading of metadata from __consumer_offsets-7 with epoch 0 (org.apache.kafka.coordinator.common.runtime.CoordinatorRuntime)
stream-state-bench-flink-kafka  | [2026-07-15 22:12:57,562] INFO [GroupCoordinator id=1] Scheduling loading of metadata from __consumer_offsets-40 with epoch 0 (org.apache.kafka.coordinator.common.runtime.CoordinatorRuntime)
stream-state-bench-flink-kafka  | [2026-07-15 22:12:57,562] INFO [GroupCoordinator id=1] Scheduling loading of metadata from __consumer_offsets-3 with epoch 0 (org.apache.kafka.coordinator.common.runtime.CoordinatorRuntime)
stream-state-bench-flink-kafka  | [2026-07-15 22:12:57,562] INFO [GroupCoordinator id=1] Scheduling loading of metadata from __consumer_offsets-36 with epoch 0 (org.apache.kafka.coordinator.common.runtime.CoordinatorRuntime)
stream-state-bench-flink-kafka  | [2026-07-15 22:12:57,563] INFO [GroupCoordinator id=1] Scheduling loading of metadata from __consumer_offsets-47 with epoch 0 (org.apache.kafka.coordinator.common.runtime.CoordinatorRuntime)
stream-state-bench-flink-kafka  | [2026-07-15 22:12:57,563] INFO [GroupCoordinator id=1] Scheduling loading of metadata from __consumer_offsets-14 with epoch 0 (org.apache.kafka.coordinator.common.runtime.CoordinatorRuntime)
stream-state-bench-flink-kafka  | [2026-07-15 22:12:57,563] INFO [GroupCoordinator id=1] Scheduling loading of metadata from __consumer_offsets-43 with epoch 0 (org.apache.kafka.coordinator.common.runtime.CoordinatorRuntime)
stream-state-bench-flink-kafka  | [2026-07-15 22:12:57,563] INFO [GroupCoordinator id=1] Scheduling loading of metadata from __consumer_offsets-10 with epoch 0 (org.apache.kafka.coordinator.common.runtime.CoordinatorRuntime)
stream-state-bench-flink-kafka  | [2026-07-15 22:12:57,563] INFO [GroupCoordinator id=1] Scheduling loading of metadata from __consumer_offsets-22 with epoch 0 (org.apache.kafka.coordinator.common.runtime.CoordinatorRuntime)
stream-state-bench-flink-kafka  | [2026-07-15 22:12:57,563] INFO [GroupCoordinator id=1] Scheduling loading of metadata from __consumer_offsets-18 with epoch 0 (org.apache.kafka.coordinator.common.runtime.CoordinatorRuntime)
stream-state-bench-flink-kafka  | [2026-07-15 22:12:57,563] INFO [GroupCoordinator id=1] Scheduling loading of metadata from __consumer_offsets-31 with epoch 0 (org.apache.kafka.coordinator.common.runtime.CoordinatorRuntime)
stream-state-bench-flink-kafka  | [2026-07-15 22:12:57,563] INFO [GroupCoordinator id=1] Scheduling loading of metadata from __consumer_offsets-27 with epoch 0 (org.apache.kafka.coordinator.common.runtime.CoordinatorRuntime)
stream-state-bench-flink-kafka  | [2026-07-15 22:12:57,563] INFO [GroupCoordinator id=1] Scheduling loading of metadata from __consumer_offsets-39 with epoch 0 (org.apache.kafka.coordinator.common.runtime.CoordinatorRuntime)
stream-state-bench-flink-kafka  | [2026-07-15 22:12:57,563] INFO [GroupCoordinator id=1] Scheduling loading of metadata from __consumer_offsets-6 with epoch 0 (org.apache.kafka.coordinator.common.runtime.CoordinatorRuntime)
stream-state-bench-flink-kafka  | [2026-07-15 22:12:57,564] INFO [GroupCoordinator id=1] Scheduling loading of metadata from __consumer_offsets-35 with epoch 0 (org.apache.kafka.coordinator.common.runtime.CoordinatorRuntime)
stream-state-bench-flink-kafka  | [2026-07-15 22:12:57,564] INFO [GroupCoordinator id=1] Scheduling loading of metadata from __consumer_offsets-2 with epoch 0 (org.apache.kafka.coordinator.common.runtime.CoordinatorRuntime)
stream-state-bench-flink-kafka  | [2026-07-15 22:12:57,564] INFO [DynamicConfigPublisher broker id=1] Updating topic __consumer_offsets with new configuration : compression.type -> producer,cleanup.policy -> compact,segment.bytes -> 104857600 (kafka.server.metadata.DynamicConfigPublisher)
stream-state-bench-flink-kafka  | [2026-07-15 22:12:57,564] INFO [GroupCoordinator id=1] Finished loading of metadata from __consumer_offsets-8 with epoch 0 in 0ms where 0ms was spent in the scheduler. Loaded 0 records which total to 0 bytes. (org.apache.kafka.coordinator.common.runtime.CoordinatorRuntime)
stream-state-bench-flink-kafka  | [2026-07-15 22:12:57,564] INFO [GroupCoordinator id=1] Finished loading of metadata from __consumer_offsets-38 with epoch 0 in 1ms where 1ms was spent in the scheduler. Loaded 0 records which total to 0 bytes. (org.apache.kafka.coordinator.common.runtime.CoordinatorRuntime)
stream-state-bench-flink-kafka  | [2026-07-15 22:12:57,564] INFO [GroupCoordinator id=1] Finished loading of metadata from __consumer_offsets-9 with epoch 0 in 2ms where 2ms was spent in the scheduler. Loaded 0 records which total to 0 bytes. (org.apache.kafka.coordinator.common.runtime.CoordinatorRuntime)
stream-state-bench-flink-kafka  | [2026-07-15 22:12:57,565] INFO [GroupCoordinator id=1] Finished loading of metadata from __consumer_offsets-48 with epoch 0 in 1ms where 1ms was spent in the scheduler. Loaded 0 records which total to 0 bytes. (org.apache.kafka.coordinator.common.runtime.CoordinatorRuntime)
stream-state-bench-flink-kafka  | [2026-07-15 22:12:57,565] INFO [GroupCoordinator id=1] Finished loading of metadata from __consumer_offsets-44 with epoch 0 in 0ms where 0ms was spent in the scheduler. Loaded 0 records which total to 0 bytes. (org.apache.kafka.coordinator.common.runtime.CoordinatorRuntime)
stream-state-bench-flink-kafka  | [2026-07-15 22:12:57,565] INFO [GroupCoordinator id=1] Finished loading of metadata from __consumer_offsets-42 with epoch 0 in 2ms where 2ms was spent in the scheduler. Loaded 0 records which total to 0 bytes. (org.apache.kafka.coordinator.common.runtime.CoordinatorRuntime)
stream-state-bench-flink-kafka  | [2026-07-15 22:12:57,565] INFO [GroupCoordinator id=1] Finished loading of metadata from __consumer_offsets-49 with epoch 0 in 0ms where 0ms was spent in the scheduler. Loaded 0 records which total to 0 bytes. (org.apache.kafka.coordinator.common.runtime.CoordinatorRuntime)
stream-state-bench-flink-kafka  | [2026-07-15 22:12:57,565] INFO [GroupCoordinator id=1] Finished loading of metadata from __consumer_offsets-28 with epoch 0 in 0ms where 0ms was spent in the scheduler. Loaded 0 records which total to 0 bytes. (org.apache.kafka.coordinator.common.runtime.CoordinatorRuntime)
stream-state-bench-flink-kafka  | [2026-07-15 22:12:57,565] INFO [GroupCoordinator id=1] Finished loading of metadata from __consumer_offsets-15 with epoch 0 in 1ms where 1ms was spent in the scheduler. Loaded 0 records which total to 0 bytes. (org.apache.kafka.coordinator.common.runtime.CoordinatorRuntime)
stream-state-bench-flink-kafka  | [2026-07-15 22:12:57,565] INFO [GroupCoordinator id=1] Finished loading of metadata from __consumer_offsets-19 with epoch 0 in 0ms where 0ms was spent in the scheduler. Loaded 0 records which total to 0 bytes. (org.apache.kafka.coordinator.common.runtime.CoordinatorRuntime)
stream-state-bench-flink-kafka  | [2026-07-15 22:12:57,566] INFO [GroupCoordinator id=1] Finished loading of metadata from __consumer_offsets-45 with epoch 0 in 0ms where 0ms was spent in the scheduler. Loaded 0 records which total to 0 bytes. (org.apache.kafka.coordinator.common.runtime.CoordinatorRuntime)
stream-state-bench-flink-kafka  | [2026-07-15 22:12:57,566] INFO [GroupCoordinator id=1] Finished loading of metadata from __consumer_offsets-0 with epoch 0 in 0ms where 0ms was spent in the scheduler. Loaded 0 records which total to 0 bytes. (org.apache.kafka.coordinator.common.runtime.CoordinatorRuntime)
stream-state-bench-flink-kafka  | [2026-07-15 22:12:57,566] INFO [GroupCoordinator id=1] Finished loading of metadata from __consumer_offsets-33 with epoch 0 in 0ms where 0ms was spent in the scheduler. Loaded 0 records which total to 0 bytes. (org.apache.kafka.coordinator.common.runtime.CoordinatorRuntime)
stream-state-bench-flink-kafka  | [2026-07-15 22:12:57,567] INFO [GroupCoordinator id=1] Finished loading of metadata from __consumer_offsets-13 with epoch 0 in 1ms where 1ms was spent in the scheduler. Loaded 0 records which total to 0 bytes. (org.apache.kafka.coordinator.common.runtime.CoordinatorRuntime)
stream-state-bench-flink-kafka  | [2026-07-15 22:12:57,567] INFO [GroupCoordinator id=1] Finished loading of metadata from __consumer_offsets-5 with epoch 0 in 1ms where 1ms was spent in the scheduler. Loaded 0 records which total to 0 bytes. (org.apache.kafka.coordinator.common.runtime.CoordinatorRuntime)
stream-state-bench-flink-kafka  | [2026-07-15 22:12:57,567] INFO [GroupCoordinator id=1] Finished loading of metadata from __consumer_offsets-6 with epoch 0 in 0ms where 0ms was spent in the scheduler. Loaded 0 records which total to 0 bytes. (org.apache.kafka.coordinator.common.runtime.CoordinatorRuntime)
stream-state-bench-flink-kafka  | [2026-07-15 22:12:57,567] INFO [GroupCoordinator id=1] Finished loading of metadata from __consumer_offsets-25 with epoch 0 in 0ms where 0ms was spent in the scheduler. Loaded 0 records which total to 0 bytes. (org.apache.kafka.coordinator.common.runtime.CoordinatorRuntime)
stream-state-bench-flink-kafka  | [2026-07-15 22:12:57,567] INFO [GroupCoordinator id=1] Finished loading of metadata from __consumer_offsets-17 with epoch 0 in 0ms where 0ms was spent in the scheduler. Loaded 0 records which total to 0 bytes. (org.apache.kafka.coordinator.common.runtime.CoordinatorRuntime)
stream-state-bench-flink-kafka  | [2026-07-15 22:12:57,567] INFO [GroupCoordinator id=1] Finished loading of metadata from __consumer_offsets-40 with epoch 0 in 0ms where 0ms was spent in the scheduler. Loaded 0 records which total to 0 bytes. (org.apache.kafka.coordinator.common.runtime.CoordinatorRuntime)
stream-state-bench-flink-kafka  | [2026-07-15 22:12:57,567] INFO [GroupCoordinator id=1] Finished loading of metadata from __consumer_offsets-29 with epoch 0 in 0ms where 0ms was spent in the scheduler. Loaded 0 records which total to 0 bytes. (org.apache.kafka.coordinator.common.runtime.CoordinatorRuntime)
stream-state-bench-flink-kafka  | [2026-07-15 22:12:57,567] INFO [GroupCoordinator id=1] Finished loading of metadata from __consumer_offsets-21 with epoch 0 in 0ms where 0ms was spent in the scheduler. Loaded 0 records which total to 0 bytes. (org.apache.kafka.coordinator.common.runtime.CoordinatorRuntime)
stream-state-bench-flink-kafka  | [2026-07-15 22:12:57,567] INFO [GroupCoordinator id=1] Finished loading of metadata from __consumer_offsets-7 with epoch 0 in 0ms where 0ms was spent in the scheduler. Loaded 0 records which total to 0 bytes. (org.apache.kafka.coordinator.common.runtime.CoordinatorRuntime)
stream-state-bench-flink-kafka  | [2026-07-15 22:12:57,567] INFO [GroupCoordinator id=1] Finished loading of metadata from __consumer_offsets-30 with epoch 0 in 0ms where 0ms was spent in the scheduler. Loaded 0 records which total to 0 bytes. (org.apache.kafka.coordinator.common.runtime.CoordinatorRuntime)
stream-state-bench-flink-kafka  | [2026-07-15 22:12:57,568] INFO [GroupCoordinator id=1] Finished loading of metadata from __consumer_offsets-41 with epoch 0 in 0ms where 0ms was spent in the scheduler. Loaded 0 records which total to 0 bytes. (org.apache.kafka.coordinator.common.runtime.CoordinatorRuntime)
stream-state-bench-flink-kafka  | [2026-07-15 22:12:57,568] INFO [GroupCoordinator id=1] Finished loading of metadata from __consumer_offsets-36 with epoch 0 in 0ms where 0ms was spent in the scheduler. Loaded 0 records which total to 0 bytes. (org.apache.kafka.coordinator.common.runtime.CoordinatorRuntime)
stream-state-bench-flink-kafka  | [2026-07-15 22:12:57,568] INFO [GroupCoordinator id=1] Finished loading of metadata from __consumer_offsets-11 with epoch 0 in 0ms where 0ms was spent in the scheduler. Loaded 0 records which total to 0 bytes. (org.apache.kafka.coordinator.common.runtime.CoordinatorRuntime)
stream-state-bench-flink-kafka  | [2026-07-15 22:12:57,568] INFO [GroupCoordinator id=1] Finished loading of metadata from __consumer_offsets-43 with epoch 0 in 0ms where 0ms was spent in the scheduler. Loaded 0 records which total to 0 bytes. (org.apache.kafka.coordinator.common.runtime.CoordinatorRuntime)
stream-state-bench-flink-kafka  | [2026-07-15 22:12:57,568] INFO [GroupCoordinator id=1] Finished loading of metadata from __consumer_offsets-34 with epoch 0 in 1ms where 1ms was spent in the scheduler. Loaded 0 records which total to 0 bytes. (org.apache.kafka.coordinator.common.runtime.CoordinatorRuntime)
stream-state-bench-flink-kafka  | [2026-07-15 22:12:57,568] INFO [GroupCoordinator id=1] Finished loading of metadata from __consumer_offsets-37 with epoch 0 in 0ms where 0ms was spent in the scheduler. Loaded 0 records which total to 0 bytes. (org.apache.kafka.coordinator.common.runtime.CoordinatorRuntime)
stream-state-bench-flink-kafka  | [2026-07-15 22:12:57,568] INFO [GroupCoordinator id=1] Finished loading of metadata from __consumer_offsets-1 with epoch 0 in 0ms where 0ms was spent in the scheduler. Loaded 0 records which total to 0 bytes. (org.apache.kafka.coordinator.common.runtime.CoordinatorRuntime)
stream-state-bench-flink-kafka  | [2026-07-15 22:12:57,568] INFO [GroupCoordinator id=1] Finished loading of metadata from __consumer_offsets-16 with epoch 0 in 1ms where 1ms was spent in the scheduler. Loaded 0 records which total to 0 bytes. (org.apache.kafka.coordinator.common.runtime.CoordinatorRuntime)
stream-state-bench-flink-kafka  | [2026-07-15 22:12:57,568] INFO [GroupCoordinator id=1] Finished loading of metadata from __consumer_offsets-20 with epoch 0 in 0ms where 0ms was spent in the scheduler. Loaded 0 records which total to 0 bytes. (org.apache.kafka.coordinator.common.runtime.CoordinatorRuntime)
stream-state-bench-flink-kafka  | [2026-07-15 22:12:57,568] INFO [GroupCoordinator id=1] Finished loading of metadata from __consumer_offsets-46 with epoch 0 in 2ms where 2ms was spent in the scheduler. Loaded 0 records which total to 0 bytes. (org.apache.kafka.coordinator.common.runtime.CoordinatorRuntime)
stream-state-bench-flink-kafka  | [2026-07-15 22:12:57,568] INFO [GroupCoordinator id=1] Finished loading of metadata from __consumer_offsets-39 with epoch 0 in 0ms where 0ms was spent in the scheduler. Loaded 0 records which total to 0 bytes. (org.apache.kafka.coordinator.common.runtime.CoordinatorRuntime)
stream-state-bench-flink-kafka  | [2026-07-15 22:12:57,569] INFO [GroupCoordinator id=1] Finished loading of metadata from __consumer_offsets-26 with epoch 0 in 0ms where 0ms was spent in the scheduler. Loaded 0 records which total to 0 bytes. (org.apache.kafka.coordinator.common.runtime.CoordinatorRuntime)
stream-state-bench-flink-kafka  | [2026-07-15 22:12:57,569] INFO [GroupCoordinator id=1] Finished loading of metadata from __consumer_offsets-24 with epoch 0 in 0ms where 0ms was spent in the scheduler. Loaded 0 records which total to 0 bytes. (org.apache.kafka.coordinator.common.runtime.CoordinatorRuntime)
stream-state-bench-flink-kafka  | [2026-07-15 22:12:57,569] INFO [GroupCoordinator id=1] Finished loading of metadata from __consumer_offsets-32 with epoch 0 in 0ms where 0ms was spent in the scheduler. Loaded 0 records which total to 0 bytes. (org.apache.kafka.coordinator.common.runtime.CoordinatorRuntime)
stream-state-bench-flink-kafka  | [2026-07-15 22:12:57,569] INFO [GroupCoordinator id=1] Finished loading of metadata from __consumer_offsets-10 with epoch 0 in 0ms where 0ms was spent in the scheduler. Loaded 0 records which total to 0 bytes. (org.apache.kafka.coordinator.common.runtime.CoordinatorRuntime)
stream-state-bench-flink-kafka  | [2026-07-15 22:12:57,569] INFO [GroupCoordinator id=1] Finished loading of metadata from __consumer_offsets-4 with epoch 0 in 0ms where 0ms was spent in the scheduler. Loaded 0 records which total to 0 bytes. (org.apache.kafka.coordinator.common.runtime.CoordinatorRuntime)
stream-state-bench-flink-kafka  | [2026-07-15 22:12:57,569] INFO [GroupCoordinator id=1] Finished loading of metadata from __consumer_offsets-22 with epoch 0 in 0ms where 0ms was spent in the scheduler. Loaded 0 records which total to 0 bytes. (org.apache.kafka.coordinator.common.runtime.CoordinatorRuntime)
stream-state-bench-flink-kafka  | [2026-07-15 22:12:57,568] INFO [GroupCoordinator id=1] Finished loading of metadata from __consumer_offsets-18 with epoch 0 in 0ms where 0ms was spent in the scheduler. Loaded 0 records which total to 0 bytes. (org.apache.kafka.coordinator.common.runtime.CoordinatorRuntime)
stream-state-bench-flink-kafka  | [2026-07-15 22:12:57,569] INFO [GroupCoordinator id=1] Finished loading of metadata from __consumer_offsets-3 with epoch 0 in 0ms where 0ms was spent in the scheduler. Loaded 0 records which total to 0 bytes. (org.apache.kafka.coordinator.common.runtime.CoordinatorRuntime)
stream-state-bench-flink-kafka  | [2026-07-15 22:12:57,569] INFO [GroupCoordinator id=1] Finished loading of metadata from __consumer_offsets-27 with epoch 0 in 0ms where 0ms was spent in the scheduler. Loaded 0 records which total to 0 bytes. (org.apache.kafka.coordinator.common.runtime.CoordinatorRuntime)
stream-state-bench-flink-kafka  | [2026-07-15 22:12:57,569] INFO [GroupCoordinator id=1] Finished loading of metadata from __consumer_offsets-2 with epoch 0 in 0ms where 0ms was spent in the scheduler. Loaded 0 records which total to 0 bytes. (org.apache.kafka.coordinator.common.runtime.CoordinatorRuntime)
stream-state-bench-flink-kafka  | [2026-07-15 22:12:57,569] INFO [GroupCoordinator id=1] Finished loading of metadata from __consumer_offsets-31 with epoch 0 in 0ms where 0ms was spent in the scheduler. Loaded 0 records which total to 0 bytes. (org.apache.kafka.coordinator.common.runtime.CoordinatorRuntime)
stream-state-bench-flink-kafka  | [2026-07-15 22:12:57,569] INFO [GroupCoordinator id=1] Finished loading of metadata from __consumer_offsets-23 with epoch 0 in 0ms where 0ms was spent in the scheduler. Loaded 0 records which total to 0 bytes. (org.apache.kafka.coordinator.common.runtime.CoordinatorRuntime)
stream-state-bench-flink-kafka  | [2026-07-15 22:12:57,569] INFO [GroupCoordinator id=1] Finished loading of metadata from __consumer_offsets-12 with epoch 0 in 0ms where 0ms was spent in the scheduler. Loaded 0 records which total to 0 bytes. (org.apache.kafka.coordinator.common.runtime.CoordinatorRuntime)
stream-state-bench-flink-kafka  | [2026-07-15 22:12:57,569] INFO [GroupCoordinator id=1] Finished loading of metadata from __consumer_offsets-14 with epoch 0 in 0ms where 0ms was spent in the scheduler. Loaded 0 records which total to 0 bytes. (org.apache.kafka.coordinator.common.runtime.CoordinatorRuntime)
stream-state-bench-flink-kafka  | [2026-07-15 22:12:57,569] INFO [GroupCoordinator id=1] Finished loading of metadata from __consumer_offsets-35 with epoch 0 in 0ms where 0ms was spent in the scheduler. Loaded 0 records which total to 0 bytes. (org.apache.kafka.coordinator.common.runtime.CoordinatorRuntime)
stream-state-bench-flink-kafka  | [2026-07-15 22:12:57,569] INFO [GroupCoordinator id=1] Finished loading of metadata from __consumer_offsets-47 with epoch 0 in 0ms where 0ms was spent in the scheduler. Loaded 0 records which total to 0 bytes. (org.apache.kafka.coordinator.common.runtime.CoordinatorRuntime)
stream-state-bench-flink-kafka  | [2026-07-15 22:12:57,671] INFO [GroupCoordinator id=1 topic=__consumer_offsets partition=21] Dynamic member with unknown member id joins group console-consumer-21485 in Empty state. Created a new member id console-consumer-307d1bd6-47c9-4a97-a44e-e362605011ef and requesting the member to rejoin with this id. (org.apache.kafka.coordinator.group.GroupMetadataManager)
stream-state-bench-flink-kafka  | [2026-07-15 22:12:57,675] INFO [GroupCoordinator id=1 topic=__consumer_offsets partition=21] Pending dynamic member with id console-consumer-307d1bd6-47c9-4a97-a44e-e362605011ef joins group console-consumer-21485 in Empty state. Adding to the group now. (org.apache.kafka.coordinator.group.GroupMetadataManager)
stream-state-bench-flink-kafka  | [2026-07-15 22:12:57,676] INFO [GroupCoordinator id=1 topic=__consumer_offsets partition=21] Preparing to rebalance group console-consumer-21485 in state PreparingRebalance with old generation 0 (reason: Adding new member console-consumer-307d1bd6-47c9-4a97-a44e-e362605011ef with group instance id null; client reason: need to re-join with the given member-id: console-consumer-307d1bd6-47c9-4a97-a44e-e362605011ef). (org.apache.kafka.coordinator.group.GroupMetadataManager)
stream-state-bench-flink-kafka  | [2026-07-15 22:12:57,680] INFO [GroupCoordinator id=1 topic=__consumer_offsets partition=21] Stabilized group console-consumer-21485 generation 1 with 1 members. (org.apache.kafka.coordinator.group.GroupMetadataManager)
stream-state-bench-flink-kafka  | [2026-07-15 22:12:57,697] INFO [GroupCoordinator id=1 topic=__consumer_offsets partition=21] Assignment received from leader console-consumer-307d1bd6-47c9-4a97-a44e-e362605011ef for group console-consumer-21485 for generation 1. The group has 1 members, 0 of which are static. (org.apache.kafka.coordinator.group.GroupMetadataManager)
stream-state-bench-flink-kafka  | [2026-07-15 22:12:58,403] INFO [TransactionCoordinator id=1] Initialized transactionalId stream-state-bench-flink-w2-latency-rate10-0-9 with producerId 9 and producer epoch 0 on partition __transaction_state-42 (kafka.coordinator.transaction.TransactionCoordinator)
stream-state-bench-flink-kafka  | [2026-07-15 22:12:59,520] INFO [TransactionCoordinator id=1] Initialized transactionalId stream-state-bench-flink-w2-latency-rate10-0-10 with producerId 10 and producer epoch 0 on partition __transaction_state-16 (kafka.coordinator.transaction.TransactionCoordinator)
stream-state-bench-flink-kafka  | [2026-07-15 22:12:59,544] INFO [Transaction Marker Channel Manager 1]: Creating new marker queue map to destination broker 1 (kafka.coordinator.transaction.TransactionMarkerChannelManager)
stream-state-bench-flink-kafka  | [2026-07-15 22:12:59,545] INFO Creating new marker queue for txn partition 42 to destination broker 1 (kafka.coordinator.transaction.TxnMarkerQueue)
stream-state-bench-flink-kafka  | [2026-07-15 22:13:00,403] INFO [TransactionCoordinator id=1] Initialized transactionalId stream-state-bench-flink-w2-latency-rate10-0-11 with producerId 11 and producer epoch 0 on partition __transaction_state-15 (kafka.coordinator.transaction.TransactionCoordinator)
stream-state-bench-flink-kafka  | [2026-07-15 22:13:00,411] INFO Creating new marker queue for txn partition 16 to destination broker 1 (kafka.coordinator.transaction.TxnMarkerQueue)
stream-state-bench-flink-kafka  | [2026-07-15 22:13:00,765] INFO [GroupCoordinator id=1 topic=__consumer_offsets partition=39] [GroupId stream-state-bench-flink-w2-latency-rate10] Creating a simple consumer group via manual offset commit. (org.apache.kafka.coordinator.group.OffsetMetadataManager)
stream-state-bench-flink-kafka  | [2026-07-15 22:13:01,403] INFO [TransactionCoordinator id=1] Initialized transactionalId stream-state-bench-flink-w2-latency-rate10-0-12 with producerId 12 and producer epoch 0 on partition __transaction_state-14 (kafka.coordinator.transaction.TransactionCoordinator)
stream-state-bench-flink-kafka  | [2026-07-15 22:13:01,410] INFO Creating new marker queue for txn partition 15 to destination broker 1 (kafka.coordinator.transaction.TxnMarkerQueue)
stream-state-bench-flink-kafka  | [2026-07-15 22:13:02,403] INFO [TransactionCoordinator id=1] Initialized transactionalId stream-state-bench-flink-w2-latency-rate10-0-13 with producerId 13 and producer epoch 0 on partition __transaction_state-13 (kafka.coordinator.transaction.TransactionCoordinator)
stream-state-bench-flink-kafka  | [2026-07-15 22:13:03,403] INFO [TransactionCoordinator id=1] Initialized transactionalId stream-state-bench-flink-w2-latency-rate10-0-14 with producerId 14 and producer epoch 0 on partition __transaction_state-12 (kafka.coordinator.transaction.TransactionCoordinator)
stream-state-bench-flink-kafka  | [2026-07-15 22:13:03,410] INFO Creating new marker queue for txn partition 13 to destination broker 1 (kafka.coordinator.transaction.TxnMarkerQueue)
stream-state-bench-flink-kafka  | [2026-07-15 22:13:04,402] INFO [TransactionCoordinator id=1] Initialized transactionalId stream-state-bench-flink-w2-latency-rate10-0-15 with producerId 15 and producer epoch 0 on partition __transaction_state-11 (kafka.coordinator.transaction.TransactionCoordinator)
stream-state-bench-flink-kafka  | [2026-07-15 22:13:04,408] INFO Creating new marker queue for txn partition 12 to destination broker 1 (kafka.coordinator.transaction.TxnMarkerQueue)
stream-state-bench-flink-kafka  | [2026-07-15 22:13:05,403] INFO [TransactionCoordinator id=1] Initialized transactionalId stream-state-bench-flink-w2-latency-rate10-0-16 with producerId 16 and producer epoch 0 on partition __transaction_state-10 (kafka.coordinator.transaction.TransactionCoordinator)
stream-state-bench-flink-kafka  | [2026-07-15 22:13:05,409] INFO Creating new marker queue for txn partition 11 to destination broker 1 (kafka.coordinator.transaction.TxnMarkerQueue)
stream-state-bench-flink-kafka  | [2026-07-15 22:13:06,404] INFO [TransactionCoordinator id=1] Initialized transactionalId stream-state-bench-flink-w2-latency-rate10-0-17 with producerId 17 and producer epoch 0 on partition __transaction_state-9 (kafka.coordinator.transaction.TransactionCoordinator)
stream-state-bench-flink-kafka  | [2026-07-15 22:13:06,412] INFO Creating new marker queue for txn partition 10 to destination broker 1 (kafka.coordinator.transaction.TxnMarkerQueue)
stream-state-bench-flink-kafka  | [2026-07-15 22:13:07,402] INFO [TransactionCoordinator id=1] Initialized transactionalId stream-state-bench-flink-w2-latency-rate10-0-18 with producerId 18 and producer epoch 0 on partition __transaction_state-8 (kafka.coordinator.transaction.TransactionCoordinator)
stream-state-bench-flink-kafka  | [2026-07-15 22:13:07,407] INFO Creating new marker queue for txn partition 9 to destination broker 1 (kafka.coordinator.transaction.TxnMarkerQueue)
stream-state-bench-flink-kafka  | [2026-07-15 22:13:07,420] INFO [GroupCoordinator id=1 topic=__consumer_offsets partition=21] [Group console-consumer-21485] Member console-consumer-307d1bd6-47c9-4a97-a44e-e362605011ef has left group through explicit `LeaveGroup` request; client reason: the consumer is being closed (org.apache.kafka.coordinator.group.GroupMetadataManager)
stream-state-bench-flink-kafka  | [2026-07-15 22:13:07,421] INFO [GroupCoordinator id=1 topic=__consumer_offsets partition=21] Preparing to rebalance group console-consumer-21485 in state PreparingRebalance with old generation 1 (reason: explicit `LeaveGroup` request for (console-consumer-307d1bd6-47c9-4a97-a44e-e362605011ef) members.). (org.apache.kafka.coordinator.group.GroupMetadataManager)
stream-state-bench-flink-kafka  | [2026-07-15 22:13:07,421] INFO [GroupCoordinator id=1 topic=__consumer_offsets partition=21] Group console-consumer-21485 with generation 2 is now empty. (org.apache.kafka.coordinator.group.GroupMetadataManager)
stream-state-bench-flink-kafka  | [2026-07-15 22:13:08,401] INFO [TransactionCoordinator id=1] Initialized transactionalId stream-state-bench-flink-w2-latency-rate10-0-19 with producerId 19 and producer epoch 0 on partition __transaction_state-7 (kafka.coordinator.transaction.TransactionCoordinator)
