stream-state-bench-kafka  | ===> User
stream-state-bench-kafka  | uid=1000(appuser) gid=1000(appuser) groups=1000(appuser)
stream-state-bench-kafka  | ===> Setting default values of environment variables if not already set.
stream-state-bench-kafka  | ===> Configuring ...
stream-state-bench-kafka  | Running in KRaft mode...
stream-state-bench-kafka  | ===> Launching ... 
stream-state-bench-kafka  | ===> Using provided cluster id MkU3OEVBNTcwNTJENDM2Qk ...
stream-state-bench-kafka  | [2026-07-16 06:29:19,049] INFO Registered `kafka:type=kafka.Log4jController` MBean (kafka.utils.Log4jControllerRegistration$)
stream-state-bench-kafka  | [2026-07-16 06:29:19,136] INFO Registered signal handlers for TERM, INT, HUP (org.apache.kafka.common.utils.LoggingSignalHandler)
stream-state-bench-kafka  | [2026-07-16 06:29:19,138] INFO [ControllerServer id=1] Starting controller (kafka.server.ControllerServer)
stream-state-bench-kafka  | [2026-07-16 06:29:19,241] INFO Updated connection-accept-rate max connection creation rate to 2147483647 (kafka.network.ConnectionQuotas)
stream-state-bench-kafka  | [2026-07-16 06:29:19,266] INFO [SocketServer listenerType=CONTROLLER, nodeId=1] Created data-plane acceptor and processors for endpoint : ListenerName(CONTROLLER) (kafka.network.SocketServer)
stream-state-bench-kafka  | [2026-07-16 06:29:19,270] INFO authorizerStart completed for endpoint CONTROLLER. Endpoint is now READY. (org.apache.kafka.server.network.EndpointReadyFutures)
stream-state-bench-kafka  | [2026-07-16 06:29:19,271] INFO [SharedServer id=1] Starting SharedServer (kafka.server.SharedServer)
stream-state-bench-kafka  | [2026-07-16 06:29:19,296] INFO [LogLoader partition=__cluster_metadata-0, dir=/tmp/kafka-logs] Loading producer state till offset 0 (org.apache.kafka.storage.internals.log.UnifiedLog)
stream-state-bench-kafka  | [2026-07-16 06:29:19,297] INFO [LogLoader partition=__cluster_metadata-0, dir=/tmp/kafka-logs] Reloading from producer snapshot and rebuilding producer state from offset 0 (org.apache.kafka.storage.internals.log.UnifiedLog)
stream-state-bench-kafka  | [2026-07-16 06:29:19,297] INFO [LogLoader partition=__cluster_metadata-0, dir=/tmp/kafka-logs] Producer state recovery took 0ms for snapshot load and 0ms for segment recovery from offset 0 (org.apache.kafka.storage.internals.log.UnifiedLog)
stream-state-bench-kafka  | [2026-07-16 06:29:19,301] INFO [RaftLog partition=__cluster_metadata-0] Initialized snapshots with IDs [] from /tmp/kafka-logs/__cluster_metadata-0 (org.apache.kafka.raft.internals.KafkaRaftLog)
stream-state-bench-kafka  | [2026-07-16 06:29:19,306] INFO [raft-expiration-reaper]: Starting (org.apache.kafka.raft.TimingWheelExpirationService$ExpiredOperationReaper)
stream-state-bench-kafka  | [2026-07-16 06:29:19,309] INFO [RaftManager id=1] Reading KRaft snapshot and log as part of the initialization (org.apache.kafka.raft.KafkaRaftClient)
stream-state-bench-kafka  | [2026-07-16 06:29:19,310] INFO [RaftManager id=1] Starting voters are VoterSet(voters={1=VoterNode(voterKey=ReplicaKey(id=1, directoryId=<undefined>), listeners=Endpoints(endpoints={ListenerName(CONTROLLER)=kafka/<unresolved>:9093}), supportedKRaftVersion=SupportedVersionRange[min_version:0, max_version:0])}) (org.apache.kafka.raft.KafkaRaftClient)
stream-state-bench-kafka  | [2026-07-16 06:29:19,314] INFO [RaftManager id=1] Starting request manager with static voters: [kafka:9093 (id: 1 rack: null isFenced: false)] (org.apache.kafka.raft.KafkaRaftClient)
stream-state-bench-kafka  | [2026-07-16 06:29:19,317] INFO [RaftManager id=1] Attempting durable transition to UnattachedState(epoch=0, leaderId=OptionalInt.empty, votedKey=Optional.empty, voters=[1], electionTimeoutMs=1682, highWatermark=Optional.empty) from null (org.apache.kafka.raft.QuorumState)
stream-state-bench-kafka  | [2026-07-16 06:29:19,325] INFO [RaftManager id=1] Completed transition to UnattachedState(epoch=0, leaderId=OptionalInt.empty, votedKey=Optional.empty, voters=[1], electionTimeoutMs=1682, highWatermark=Optional.empty) from null (org.apache.kafka.raft.QuorumState)
stream-state-bench-kafka  | [2026-07-16 06:29:19,332] INFO [RaftManager id=1] Completed transition to ProspectiveState(epoch=0, leaderId=OptionalInt.empty, votedKey=Optional.empty, epochElection=EpochElection[voterStates={1=VoterState(replicaKey=ReplicaKey(id=1, directoryId=<undefined>), state=GRANTED)}], electionTimeoutMs=1513, highWatermark=Optional.empty) from UnattachedState(epoch=0, leaderId=OptionalInt.empty, votedKey=Optional.empty, voters=[1], electionTimeoutMs=1682, highWatermark=Optional.empty) (org.apache.kafka.raft.QuorumState)
stream-state-bench-kafka  | [2026-07-16 06:29:19,333] INFO [RaftManager id=1] Attempting durable transition to CandidateState(localId=1, localDirectoryId=djIad6KYs0WMINkcxCeCZA, epoch=1, epochElection=EpochElection[voterStates={1=VoterState(replicaKey=ReplicaKey(id=1, directoryId=<undefined>), state=GRANTED)}], highWatermark=Optional.empty, electionTimeoutMs=1955) from ProspectiveState(epoch=0, leaderId=OptionalInt.empty, votedKey=Optional.empty, epochElection=EpochElection[voterStates={1=VoterState(replicaKey=ReplicaKey(id=1, directoryId=<undefined>), state=GRANTED)}], electionTimeoutMs=1513, highWatermark=Optional.empty) (org.apache.kafka.raft.QuorumState)
stream-state-bench-kafka  | [2026-07-16 06:29:19,337] INFO [RaftManager id=1] Completed transition to CandidateState(localId=1, localDirectoryId=djIad6KYs0WMINkcxCeCZA, epoch=1, epochElection=EpochElection[voterStates={1=VoterState(replicaKey=ReplicaKey(id=1, directoryId=<undefined>), state=GRANTED)}], highWatermark=Optional.empty, electionTimeoutMs=1955) from ProspectiveState(epoch=0, leaderId=OptionalInt.empty, votedKey=Optional.empty, epochElection=EpochElection[voterStates={1=VoterState(replicaKey=ReplicaKey(id=1, directoryId=<undefined>), state=GRANTED)}], electionTimeoutMs=1513, highWatermark=Optional.empty) (org.apache.kafka.raft.QuorumState)
stream-state-bench-kafka  | [2026-07-16 06:29:19,340] INFO [RaftManager id=1] Attempting durable transition to Leader(localVoterNode=VoterNode(voterKey=ReplicaKey(id=1, directoryId=djIad6KYs0WMINkcxCeCZA), listeners=Endpoints(endpoints={ListenerName(CONTROLLER)=kafka/<unresolved>:9093}), supportedKRaftVersion=SupportedVersionRange[min_version:0, max_version:1]), epoch=1, epochStartOffset=0, highWatermark=Optional.empty, voterStates={1=ReplicaState(replicaKey=ReplicaKey(id=1, directoryId=<undefined>), endOffset=Optional.empty, lastFetchTimestamp=-1, lastCaughtUpTimestamp=-1, hasAcknowledgedLeader=true)}) from CandidateState(localId=1, localDirectoryId=djIad6KYs0WMINkcxCeCZA, epoch=1, epochElection=EpochElection[voterStates={1=VoterState(replicaKey=ReplicaKey(id=1, directoryId=<undefined>), state=GRANTED)}], highWatermark=Optional.empty, electionTimeoutMs=1955) (org.apache.kafka.raft.QuorumState)
stream-state-bench-kafka  | [2026-07-16 06:29:19,343] INFO [RaftManager id=1] Completed transition to Leader(localVoterNode=VoterNode(voterKey=ReplicaKey(id=1, directoryId=djIad6KYs0WMINkcxCeCZA), listeners=Endpoints(endpoints={ListenerName(CONTROLLER)=kafka/<unresolved>:9093}), supportedKRaftVersion=SupportedVersionRange[min_version:0, max_version:1]), epoch=1, epochStartOffset=0, highWatermark=Optional.empty, voterStates={1=ReplicaState(replicaKey=ReplicaKey(id=1, directoryId=<undefined>), endOffset=Optional.empty, lastFetchTimestamp=-1, lastCaughtUpTimestamp=-1, hasAcknowledgedLeader=true)}) from CandidateState(localId=1, localDirectoryId=djIad6KYs0WMINkcxCeCZA, epoch=1, epochElection=EpochElection[voterStates={1=VoterState(replicaKey=ReplicaKey(id=1, directoryId=<undefined>), state=GRANTED)}], highWatermark=Optional.empty, electionTimeoutMs=1955) (org.apache.kafka.raft.QuorumState)
stream-state-bench-kafka  | [2026-07-16 06:29:19,359] INFO [kafka-1-raft-outbound-request-thread]: Starting (org.apache.kafka.raft.KafkaNetworkChannel$SendThread)
stream-state-bench-kafka  | [2026-07-16 06:29:19,359] INFO [kafka-1-raft-io-thread]: Starting (org.apache.kafka.raft.KafkaRaftClientDriver)
stream-state-bench-kafka  | [2026-07-16 06:29:19,365] INFO [MetadataLoader id=1] initializeNewPublishers: the loader is still catching up because we still don't know the high water mark yet. (org.apache.kafka.image.loader.MetadataLoader)
stream-state-bench-kafka  | [2026-07-16 06:29:19,365] INFO [ControllerServer id=1] Waiting for controller quorum voters future (kafka.server.ControllerServer)
stream-state-bench-kafka  | [2026-07-16 06:29:19,365] INFO [ControllerServer id=1] Finished waiting for controller quorum voters future (kafka.server.ControllerServer)
stream-state-bench-kafka  | [2026-07-16 06:29:19,370] INFO [RaftManager id=1] High watermark set to LogOffsetMetadata(offset=1, metadata=Optional[(segmentBaseOffset=0,relativePositionInSegment=91)]) for the first time for epoch 1 based on indexOfHw 0 and voters [ReplicaState(replicaKey=ReplicaKey(id=1, directoryId=<undefined>), endOffset=Optional[LogOffsetMetadata(offset=1, metadata=Optional[(segmentBaseOffset=0,relativePositionInSegment=91)])], lastFetchTimestamp=-1, lastCaughtUpTimestamp=-1, hasAcknowledgedLeader=true)] (org.apache.kafka.raft.LeaderState)
stream-state-bench-kafka  | [2026-07-16 06:29:19,374] INFO [RaftManager id=1] Registered the listener org.apache.kafka.image.loader.MetadataLoader@777912293 (org.apache.kafka.raft.KafkaRaftClient)
stream-state-bench-kafka  | [2026-07-16 06:29:19,374] INFO [RaftManager id=1] Setting the next offset of org.apache.kafka.image.loader.MetadataLoader@777912293 to 0 since there are no snapshots (org.apache.kafka.raft.KafkaRaftClient)
stream-state-bench-kafka  | [2026-07-16 06:29:19,375] INFO [MetadataLoader id=1] maybePublishMetadata(LOG_DELTA): The loader is still catching up because we have not loaded a controller record as of offset 0 and high water mark is 1 (org.apache.kafka.image.loader.MetadataLoader)
stream-state-bench-kafka  | [2026-07-16 06:29:19,377] INFO [controller-1-ThrottledChannelReaper-Fetch]: Starting (org.apache.kafka.server.quota.ClientQuotaManager$ThrottledChannelReaper)
stream-state-bench-kafka  | [2026-07-16 06:29:19,377] INFO [controller-1-ThrottledChannelReaper-Produce]: Starting (org.apache.kafka.server.quota.ClientQuotaManager$ThrottledChannelReaper)
stream-state-bench-kafka  | [2026-07-16 06:29:19,377] INFO [controller-1-ThrottledChannelReaper-Request]: Starting (org.apache.kafka.server.quota.ClientQuotaManager$ThrottledChannelReaper)
stream-state-bench-kafka  | [2026-07-16 06:29:19,378] INFO [controller-1-ThrottledChannelReaper-ControllerMutation]: Starting (org.apache.kafka.server.quota.ClientQuotaManager$ThrottledChannelReaper)
stream-state-bench-kafka  | [2026-07-16 06:29:19,379] INFO [RaftManager id=1] Registered the listener org.apache.kafka.controller.QuorumController$QuorumMetaLogListener@2048471211 (org.apache.kafka.raft.KafkaRaftClient)
stream-state-bench-kafka  | [2026-07-16 06:29:19,379] INFO [RaftManager id=1] Setting the next offset of org.apache.kafka.controller.QuorumController$QuorumMetaLogListener@2048471211 to 0 since there are no snapshots (org.apache.kafka.raft.KafkaRaftClient)
stream-state-bench-kafka  | [2026-07-16 06:29:19,381] INFO [ExpirationReaper-1-AlterAcls]: Starting (org.apache.kafka.server.purgatory.DelayedOperationPurgatory$ExpiredOperationReaper)
stream-state-bench-kafka  | [2026-07-16 06:29:19,394] INFO [ControllerServer id=1] Waiting for the controller metadata publishers to be installed (kafka.server.ControllerServer)
stream-state-bench-kafka  | [2026-07-16 06:29:19,394] INFO [ControllerServer id=1] Finished waiting for the controller metadata publishers to be installed (kafka.server.ControllerServer)
stream-state-bench-kafka  | [2026-07-16 06:29:19,394] INFO [MetadataLoader id=1] initializeNewPublishers: The loader is still catching up because we have not loaded a controller record as of offset 0 and high water mark is 1 (org.apache.kafka.image.loader.MetadataLoader)
stream-state-bench-kafka  | [2026-07-16 06:29:19,395] INFO [SocketServer listenerType=CONTROLLER, nodeId=1] Enabling request processing. (kafka.network.SocketServer)
stream-state-bench-kafka  | [2026-07-16 06:29:19,396] INFO Awaiting socket connections on 0.0.0.0:9093. (kafka.network.DataPlaneAcceptor)
stream-state-bench-kafka  | [2026-07-16 06:29:19,399] INFO [ControllerServer id=1] Waiting for all of the authorizer futures to be completed (kafka.server.ControllerServer)
stream-state-bench-kafka  | [2026-07-16 06:29:19,399] INFO [controller-1-to-controller-registration-channel-manager]: Starting (org.apache.kafka.server.NodeToControllerRequestThread)
stream-state-bench-kafka  | [2026-07-16 06:29:19,399] INFO [ControllerServer id=1] Finished waiting for all of the authorizer futures to be completed (kafka.server.ControllerServer)
stream-state-bench-kafka  | [2026-07-16 06:29:19,400] INFO [ControllerServer id=1] Waiting for all of the SocketServer Acceptors to be started (kafka.server.ControllerServer)
stream-state-bench-kafka  | [2026-07-16 06:29:19,400] INFO [ControllerServer id=1] Finished waiting for all of the SocketServer Acceptors to be started (kafka.server.ControllerServer)
stream-state-bench-kafka  | [2026-07-16 06:29:19,400] INFO Recorded new KRaft controller, from now on will use node kafka:9093 (id: 1 rack: null isFenced: false) (org.apache.kafka.server.NodeToControllerRequestThread)
stream-state-bench-kafka  | [2026-07-16 06:29:19,400] INFO [ControllerRegistrationManager id=1 incarnation=yxewINSnT_i51aHN7KgDkA] initialized channel manager. (kafka.server.ControllerRegistrationManager)
stream-state-bench-kafka  | [2026-07-16 06:29:19,400] INFO [ControllerRegistrationManager id=1 incarnation=yxewINSnT_i51aHN7KgDkA] maybeSendControllerRegistration: cannot register yet because the metadata.version is not known yet. (kafka.server.ControllerRegistrationManager)
stream-state-bench-kafka  | [2026-07-16 06:29:19,400] INFO [BrokerServer id=1] Transition from SHUTDOWN to STARTING (kafka.server.BrokerServer)
stream-state-bench-kafka  | [2026-07-16 06:29:19,401] INFO [BrokerServer id=1] Starting broker (kafka.server.BrokerServer)
stream-state-bench-kafka  | [2026-07-16 06:29:19,404] INFO [broker-1-ThrottledChannelReaper-Fetch]: Starting (org.apache.kafka.server.quota.ClientQuotaManager$ThrottledChannelReaper)
stream-state-bench-kafka  | [2026-07-16 06:29:19,404] INFO [broker-1-ThrottledChannelReaper-Produce]: Starting (org.apache.kafka.server.quota.ClientQuotaManager$ThrottledChannelReaper)
stream-state-bench-kafka  | [2026-07-16 06:29:19,404] INFO [broker-1-ThrottledChannelReaper-Request]: Starting (org.apache.kafka.server.quota.ClientQuotaManager$ThrottledChannelReaper)
stream-state-bench-kafka  | [2026-07-16 06:29:19,404] INFO [broker-1-ThrottledChannelReaper-ControllerMutation]: Starting (org.apache.kafka.server.quota.ClientQuotaManager$ThrottledChannelReaper)
stream-state-bench-kafka  | [2026-07-16 06:29:19,410] INFO [MetadataLoader id=1] maybePublishMetadata(LOG_DELTA): The loader finished catching up to the current high water mark of 10 (org.apache.kafka.image.loader.MetadataLoader)
stream-state-bench-kafka  | [2026-07-16 06:29:19,411] INFO [MetadataLoader id=1] InitializeNewPublishers: initializing SnapshotGenerator with a snapshot at offset 9 (org.apache.kafka.image.loader.MetadataLoader)
stream-state-bench-kafka  | [2026-07-16 06:29:19,411] INFO [MetadataLoader id=1] InitializeNewPublishers: initializing KRaftMetadataCachePublisher with a snapshot at offset 9 (org.apache.kafka.image.loader.MetadataLoader)
stream-state-bench-kafka  | [2026-07-16 06:29:19,411] INFO [MetadataLoader id=1] InitializeNewPublishers: initializing FeaturesPublisher with a snapshot at offset 9 (org.apache.kafka.image.loader.MetadataLoader)
stream-state-bench-kafka  | [2026-07-16 06:29:19,411] INFO [BrokerServer id=1] Waiting for controller quorum voters future (kafka.server.BrokerServer)
stream-state-bench-kafka  | [2026-07-16 06:29:19,412] INFO [BrokerServer id=1] Finished waiting for controller quorum voters future (kafka.server.BrokerServer)
stream-state-bench-kafka  | [2026-07-16 06:29:19,413] INFO [broker-1-to-controller-forwarding-channel-manager]: Starting (org.apache.kafka.server.NodeToControllerRequestThread)
stream-state-bench-kafka  | [2026-07-16 06:29:19,413] INFO Recorded new KRaft controller, from now on will use node kafka:9093 (id: 1 rack: null isFenced: false) (org.apache.kafka.server.NodeToControllerRequestThread)
stream-state-bench-kafka  | [2026-07-16 06:29:19,415] INFO [client-metrics-reaper]: Starting (org.apache.kafka.server.util.timer.SystemTimerReaper$Reaper)
stream-state-bench-kafka  | [2026-07-16 06:29:19,415] INFO [ControllerServer id=1] Loaded new metadata FinalizedFeatures[metadataVersion=4.3-IV0, finalizedFeatures={group.version=1, streams.version=1, transaction.version=2, eligible.leader.replicas.version=1, share.version=1, metadata.version=30}, finalizedFeaturesEpoch=9]. (org.apache.kafka.metadata.publisher.FeaturesPublisher)
stream-state-bench-kafka  | [2026-07-16 06:29:19,415] INFO [MetadataLoader id=1] InitializeNewPublishers: initializing ControllerRegistrationsPublisher with a snapshot at offset 9 (org.apache.kafka.image.loader.MetadataLoader)
stream-state-bench-kafka  | [2026-07-16 06:29:19,416] INFO [MetadataLoader id=1] InitializeNewPublishers: initializing ControllerRegistrationManager with a snapshot at offset 9 (org.apache.kafka.image.loader.MetadataLoader)
stream-state-bench-kafka  | [2026-07-16 06:29:19,416] INFO [MetadataLoader id=1] InitializeNewPublishers: initializing DynamicConfigPublisher controller id=1 with a snapshot at offset 9 (org.apache.kafka.image.loader.MetadataLoader)
stream-state-bench-kafka  | [2026-07-16 06:29:19,419] INFO [DynamicConfigPublisher controller id=1] Updating cluster configuration : min.insync.replicas -> 1 (kafka.server.metadata.DynamicConfigPublisher)
stream-state-bench-kafka  | [2026-07-16 06:29:19,422] INFO AbstractConfig values: 
stream-state-bench-kafka  | 	group.consumer.assignment.interval.ms = 1000
stream-state-bench-kafka  | 	group.consumer.assignors = [uniform, range]
stream-state-bench-kafka  | 	group.consumer.heartbeat.interval.ms = 5000
stream-state-bench-kafka  | 	group.consumer.max.assignment.interval.ms = 15000
stream-state-bench-kafka  | 	group.consumer.max.heartbeat.interval.ms = 15000
stream-state-bench-kafka  | 	group.consumer.max.session.timeout.ms = 60000
stream-state-bench-kafka  | 	group.consumer.max.size = 2147483647
stream-state-bench-kafka  | 	group.consumer.migration.policy = bidirectional
stream-state-bench-kafka  | 	group.consumer.min.assignment.interval.ms = 0
stream-state-bench-kafka  | 	group.consumer.min.heartbeat.interval.ms = 5000
stream-state-bench-kafka  | 	group.consumer.min.session.timeout.ms = 45000
stream-state-bench-kafka  | 	group.consumer.regex.refresh.interval.ms = 600000
stream-state-bench-kafka  | 	group.consumer.session.timeout.ms = 45000
stream-state-bench-kafka  | 	group.coordinator.append.linger.ms = -1
stream-state-bench-kafka  | 	group.coordinator.background.threads = 2
stream-state-bench-kafka  | 	group.coordinator.cached.buffer.max.bytes = 1048588
stream-state-bench-kafka  | 	group.coordinator.rebalance.protocols = [classic, consumer, streams]
stream-state-bench-kafka  | 	group.coordinator.threads = 4
stream-state-bench-kafka  | 	group.initial.rebalance.delay.ms = 0
stream-state-bench-kafka  | 	group.max.session.timeout.ms = 1800000
stream-state-bench-kafka  | 	group.max.size = 2147483647
stream-state-bench-kafka  | 	group.min.session.timeout.ms = 6000
stream-state-bench-kafka  | 	group.share.assignment.interval.ms = 1000
stream-state-bench-kafka  | 	group.share.assignors = [simple]
stream-state-bench-kafka  | 	group.share.heartbeat.interval.ms = 5000
stream-state-bench-kafka  | 	group.share.initialize.retry.interval.ms = 30000
stream-state-bench-kafka  | 	group.share.max.assignment.interval.ms = 15000
stream-state-bench-kafka  | 	group.share.max.heartbeat.interval.ms = 15000
stream-state-bench-kafka  | 	group.share.max.session.timeout.ms = 60000
stream-state-bench-kafka  | 	group.share.max.size = 200
stream-state-bench-kafka  | 	group.share.min.assignment.interval.ms = 0
stream-state-bench-kafka  | 	group.share.min.heartbeat.interval.ms = 5000
stream-state-bench-kafka  | 	group.share.min.session.timeout.ms = 45000
stream-state-bench-kafka  | 	group.share.session.timeout.ms = 45000
stream-state-bench-kafka  | 	group.streams.assignment.interval.ms = 1000
stream-state-bench-kafka  | 	group.streams.heartbeat.interval.ms = 5000
stream-state-bench-kafka  | 	group.streams.initial.rebalance.delay.ms = 3000
stream-state-bench-kafka  | 	group.streams.max.assignment.interval.ms = 15000
stream-state-bench-kafka  | 	group.streams.max.heartbeat.interval.ms = 15000
stream-state-bench-kafka  | 	group.streams.max.session.timeout.ms = 60000
stream-state-bench-kafka  | 	group.streams.max.size = 2147483647
stream-state-bench-kafka  | 	group.streams.max.standby.replicas = 2
stream-state-bench-kafka  | 	group.streams.min.assignment.interval.ms = 0
stream-state-bench-kafka  | 	group.streams.min.heartbeat.interval.ms = 5000
stream-state-bench-kafka  | 	group.streams.min.session.timeout.ms = 45000
stream-state-bench-kafka  | 	group.streams.num.standby.replicas = 0
stream-state-bench-kafka  | 	group.streams.session.timeout.ms = 45000
stream-state-bench-kafka  | 	offset.metadata.max.bytes = 4096
stream-state-bench-kafka  | 	offsets.commit.timeout.ms = 5000
stream-state-bench-kafka  | 	offsets.load.buffer.size = 5242880
stream-state-bench-kafka  | 	offsets.retention.check.interval.ms = 600000
stream-state-bench-kafka  | 	offsets.retention.minutes = 10080
stream-state-bench-kafka  | 	offsets.topic.compression.codec = 0
stream-state-bench-kafka  | 	offsets.topic.num.partitions = 50
stream-state-bench-kafka  | 	offsets.topic.replication.factor = 1
stream-state-bench-kafka  | 	offsets.topic.segment.bytes = 104857600
stream-state-bench-kafka  |  (org.apache.kafka.common.config.AbstractConfig)
stream-state-bench-kafka  | [2026-07-16 06:29:19,423] INFO KafkaConfig values: 
stream-state-bench-kafka  | 	add.partitions.to.txn.retry.backoff.max.ms = 100
stream-state-bench-kafka  | 	add.partitions.to.txn.retry.backoff.ms = 20
stream-state-bench-kafka  | 	advertised.listeners = [PLAINTEXT://kafka:9092]
stream-state-bench-kafka  | 	alter.config.policy.class.name = null
stream-state-bench-kafka  | 	alter.log.dirs.replication.quota.window.num = 11
stream-state-bench-kafka  | 	alter.log.dirs.replication.quota.window.size.seconds = 1
stream-state-bench-kafka  | 	authorizer.class.name = 
stream-state-bench-kafka  | 	auto.create.topics.enable = false
stream-state-bench-kafka  | 	auto.leader.rebalance.enable = true
stream-state-bench-kafka  | 	background.threads = 10
stream-state-bench-kafka  | 	broker.heartbeat.interval.ms = 2000
stream-state-bench-kafka  | 	broker.id = 1
stream-state-bench-kafka  | 	broker.rack = null
stream-state-bench-kafka  | 	broker.session.timeout.ms = 9000
stream-state-bench-kafka  | 	client.quota.callback.class = null
stream-state-bench-kafka  | 	compression.gzip.level = -1
stream-state-bench-kafka  | 	compression.lz4.level = 9
stream-state-bench-kafka  | 	compression.type = producer
stream-state-bench-kafka  | 	compression.zstd.level = 3
stream-state-bench-kafka  | 	config.providers = []
stream-state-bench-kafka  | 	connection.failed.authentication.delay.ms = 100
stream-state-bench-kafka  | 	connections.max.idle.ms = 600000
stream-state-bench-kafka  | 	connections.max.reauth.ms = 0
stream-state-bench-kafka  | 	controlled.shutdown.enable = true
stream-state-bench-kafka  | 	controller.listener.names = [CONTROLLER]
stream-state-bench-kafka  | 	controller.performance.always.log.threshold.ms = 2000
stream-state-bench-kafka  | 	controller.performance.sample.period.ms = 60000
stream-state-bench-kafka  | 	controller.quorum.append.linger.ms = 25
stream-state-bench-kafka  | 	controller.quorum.auto.join.enable = false
stream-state-bench-kafka  | 	controller.quorum.bootstrap.servers = []
stream-state-bench-kafka  | 	controller.quorum.election.backoff.max.ms = 1000
stream-state-bench-kafka  | 	controller.quorum.election.timeout.ms = 1000
stream-state-bench-kafka  | 	controller.quorum.fetch.max.bytes = 1048576
stream-state-bench-kafka  | 	controller.quorum.fetch.snapshot.max.bytes = 1048576
stream-state-bench-kafka  | 	controller.quorum.fetch.timeout.ms = 2000
stream-state-bench-kafka  | 	controller.quorum.request.timeout.ms = 2000
stream-state-bench-kafka  | 	controller.quorum.retry.backoff.ms = 20
stream-state-bench-kafka  | 	controller.quorum.voters = [1@kafka:9093]
stream-state-bench-kafka  | 	controller.quota.window.num = 11
stream-state-bench-kafka  | 	controller.quota.window.size.seconds = 1
stream-state-bench-kafka  | 	controller.socket.timeout.ms = 30000
stream-state-bench-kafka  | 	cordoned.log.dirs = []
stream-state-bench-kafka  | 	create.topic.policy.class.name = null
stream-state-bench-kafka  | 	default.replication.factor = 1
stream-state-bench-kafka  | 	delegation.token.expiry.check.interval.ms = 3600000
stream-state-bench-kafka  | 	delegation.token.expiry.time.ms = 86400000
stream-state-bench-kafka  | 	delegation.token.max.lifetime.ms = 604800000
stream-state-bench-kafka  | 	delegation.token.secret.key = null
stream-state-bench-kafka  | 	delete.records.purgatory.purge.interval.requests = 1
stream-state-bench-kafka  | 	delete.topic.enable = true
stream-state-bench-kafka  | 	early.start.listeners = null
stream-state-bench-kafka  | 	fetch.max.bytes = 57671680
stream-state-bench-kafka  | 	fetch.purgatory.purge.interval.requests = 1000
stream-state-bench-kafka  | 	follower.fetch.last.tiered.offset.enable = false
stream-state-bench-kafka  | 	group.consumer.assignment.interval.ms = 1000
stream-state-bench-kafka  | 	group.consumer.assignors = [uniform, range]
stream-state-bench-kafka  | 	group.consumer.heartbeat.interval.ms = 5000
stream-state-bench-kafka  | 	group.consumer.max.assignment.interval.ms = 15000
stream-state-bench-kafka  | 	group.consumer.max.heartbeat.interval.ms = 15000
stream-state-bench-kafka  | 	group.consumer.max.session.timeout.ms = 60000
stream-state-bench-kafka  | 	group.consumer.max.size = 2147483647
stream-state-bench-kafka  | 	group.consumer.migration.policy = bidirectional
stream-state-bench-kafka  | 	group.consumer.min.assignment.interval.ms = 0
stream-state-bench-kafka  | 	group.consumer.min.heartbeat.interval.ms = 5000
stream-state-bench-kafka  | 	group.consumer.min.session.timeout.ms = 45000
stream-state-bench-kafka  | 	group.consumer.regex.refresh.interval.ms = 600000
stream-state-bench-kafka  | 	group.consumer.session.timeout.ms = 45000
stream-state-bench-kafka  | 	group.coordinator.append.linger.ms = -1
stream-state-bench-kafka  | 	group.coordinator.background.threads = 2
stream-state-bench-kafka  | 	group.coordinator.cached.buffer.max.bytes = 1048588
stream-state-bench-kafka  | 	group.coordinator.rebalance.protocols = [classic, consumer, streams]
stream-state-bench-kafka  | 	group.coordinator.threads = 4
stream-state-bench-kafka  | 	group.initial.rebalance.delay.ms = 0
stream-state-bench-kafka  | 	group.max.session.timeout.ms = 1800000
stream-state-bench-kafka  | 	group.max.size = 2147483647
stream-state-bench-kafka  | 	group.min.session.timeout.ms = 6000
stream-state-bench-kafka  | 	group.share.assignment.interval.ms = 1000
stream-state-bench-kafka  | 	group.share.assignors = [simple]
stream-state-bench-kafka  | 	group.share.delivery.count.limit = 5
stream-state-bench-kafka  | 	group.share.heartbeat.interval.ms = 5000
stream-state-bench-kafka  | 	group.share.initialize.retry.interval.ms = 30000
stream-state-bench-kafka  | 	group.share.max.assignment.interval.ms = 15000
stream-state-bench-kafka  | 	group.share.max.delivery.count.limit = 10
stream-state-bench-kafka  | 	group.share.max.heartbeat.interval.ms = 15000
stream-state-bench-kafka  | 	group.share.max.partition.max.record.locks = 4000
stream-state-bench-kafka  | 	group.share.max.record.lock.duration.ms = 60000
stream-state-bench-kafka  | 	group.share.max.session.timeout.ms = 60000
stream-state-bench-kafka  | 	group.share.max.share.sessions = 2000
stream-state-bench-kafka  | 	group.share.max.size = 200
stream-state-bench-kafka  | 	group.share.min.assignment.interval.ms = 0
stream-state-bench-kafka  | 	group.share.min.delivery.count.limit = 2
stream-state-bench-kafka  | 	group.share.min.heartbeat.interval.ms = 5000
stream-state-bench-kafka  | 	group.share.min.partition.max.record.locks = 100
stream-state-bench-kafka  | 	group.share.min.record.lock.duration.ms = 15000
stream-state-bench-kafka  | 	group.share.min.session.timeout.ms = 45000
stream-state-bench-kafka  | 	group.share.partition.max.record.locks = 2000
stream-state-bench-kafka  | 	group.share.persister.class.name = org.apache.kafka.server.share.persister.DefaultStatePersister
stream-state-bench-kafka  | 	group.share.record.lock.duration.ms = 30000
stream-state-bench-kafka  | 	group.share.session.timeout.ms = 45000
stream-state-bench-kafka  | 	group.streams.assignment.interval.ms = 1000
stream-state-bench-kafka  | 	group.streams.heartbeat.interval.ms = 5000
stream-state-bench-kafka  | 	group.streams.initial.rebalance.delay.ms = 3000
stream-state-bench-kafka  | 	group.streams.max.assignment.interval.ms = 15000
stream-state-bench-kafka  | 	group.streams.max.heartbeat.interval.ms = 15000
stream-state-bench-kafka  | 	group.streams.max.session.timeout.ms = 60000
stream-state-bench-kafka  | 	group.streams.max.size = 2147483647
stream-state-bench-kafka  | 	group.streams.max.standby.replicas = 2
stream-state-bench-kafka  | 	group.streams.min.assignment.interval.ms = 0
stream-state-bench-kafka  | 	group.streams.min.heartbeat.interval.ms = 5000
stream-state-bench-kafka  | 	group.streams.min.session.timeout.ms = 45000
stream-state-bench-kafka  | 	group.streams.num.standby.replicas = 0
stream-state-bench-kafka  | 	group.streams.session.timeout.ms = 45000
stream-state-bench-kafka  | 	initial.broker.registration.timeout.ms = 60000
stream-state-bench-kafka  | 	inter.broker.listener.name = null
stream-state-bench-kafka  | 	internal.metadata.delete.delay.millis = 60000
stream-state-bench-kafka  | 	internal.metadata.log.segment.bytes = null
stream-state-bench-kafka  | 	internal.metadata.max.batch.size.in.bytes = 8388608
stream-state-bench-kafka  | 	kafka.metrics.polling.interval.secs = 10
stream-state-bench-kafka  | 	kafka.metrics.reporters = []
stream-state-bench-kafka  | 	leader.imbalance.check.interval.seconds = 300
stream-state-bench-kafka  | 	listener.security.protocol.map = CONTROLLER:PLAINTEXT,PLAINTEXT:PLAINTEXT
stream-state-bench-kafka  | 	listeners = [PLAINTEXT://:9092, CONTROLLER://:9093]
stream-state-bench-kafka  | 	log.cleaner.backoff.ms = 15000
stream-state-bench-kafka  | 	log.cleaner.dedupe.buffer.size = 134217728
stream-state-bench-kafka  | 	log.cleaner.delete.retention.ms = 86400000
stream-state-bench-kafka  | 	log.cleaner.enable = true
stream-state-bench-kafka  | 	log.cleaner.io.buffer.load.factor = 0.9
stream-state-bench-kafka  | 	log.cleaner.io.buffer.size = 524288
stream-state-bench-kafka  | 	log.cleaner.io.max.bytes.per.second = 1.7976931348623157E308
stream-state-bench-kafka  | 	log.cleaner.max.compaction.lag.ms = 9223372036854775807
stream-state-bench-kafka  | 	log.cleaner.min.cleanable.ratio = 0.5
stream-state-bench-kafka  | 	log.cleaner.min.compaction.lag.ms = 0
stream-state-bench-kafka  | 	log.cleaner.threads = 1
stream-state-bench-kafka  | 	log.cleanup.policy = [delete]
stream-state-bench-kafka  | 	log.dir = [/tmp/kafka-logs]
stream-state-bench-kafka  | 	log.dir.failure.timeout.ms = 30000
stream-state-bench-kafka  | 	log.dirs = null
stream-state-bench-kafka  | 	log.flush.interval.messages = 9223372036854775807
stream-state-bench-kafka  | 	log.flush.interval.ms = null
stream-state-bench-kafka  | 	log.flush.offset.checkpoint.interval.ms = 60000
stream-state-bench-kafka  | 	log.flush.scheduler.interval.ms = 9223372036854775807
stream-state-bench-kafka  | 	log.flush.start.offset.checkpoint.interval.ms = 60000
stream-state-bench-kafka  | 	log.index.interval.bytes = 4096
stream-state-bench-kafka  | 	log.index.size.max.bytes = 10485760
stream-state-bench-kafka  | 	log.initial.task.delay.ms = 30000
stream-state-bench-kafka  | 	log.local.retention.bytes = -2
stream-state-bench-kafka  | 	log.local.retention.ms = -2
stream-state-bench-kafka  | 	log.message.timestamp.after.max.ms = 3600000
stream-state-bench-kafka  | 	log.message.timestamp.before.max.ms = 9223372036854775807
stream-state-bench-kafka  | 	log.message.timestamp.type = CreateTime
stream-state-bench-kafka  | 	log.preallocate = false
stream-state-bench-kafka  | 	log.retention.bytes = -1
stream-state-bench-kafka  | 	log.retention.check.interval.ms = 300000
stream-state-bench-kafka  | 	log.retention.hours = 168
stream-state-bench-kafka  | 	log.retention.minutes = null
stream-state-bench-kafka  | 	log.retention.ms = null
stream-state-bench-kafka  | 	log.roll.hours = 168
stream-state-bench-kafka  | 	log.roll.jitter.hours = 0
stream-state-bench-kafka  | 	log.roll.jitter.ms = null
stream-state-bench-kafka  | 	log.roll.ms = null
stream-state-bench-kafka  | 	log.segment.bytes = 1073741824
stream-state-bench-kafka  | 	log.segment.delete.delay.ms = 60000
stream-state-bench-kafka  | 	max.connection.creation.rate = 2147483647
stream-state-bench-kafka  | 	max.connections = 2147483647
stream-state-bench-kafka  | 	max.connections.per.ip = 2147483647
stream-state-bench-kafka  | 	max.connections.per.ip.overrides = 
stream-state-bench-kafka  | 	max.incremental.fetch.session.cache.slots = 1000
stream-state-bench-kafka  | 	max.request.partition.size.limit = 2000
stream-state-bench-kafka  | 	message.max.bytes = 1048588
stream-state-bench-kafka  | 	metadata.log.dir = null
stream-state-bench-kafka  | 	metadata.log.max.record.bytes.between.snapshots = 20971520
stream-state-bench-kafka  | 	metadata.log.max.snapshot.interval.ms = 3600000
stream-state-bench-kafka  | 	metadata.log.segment.bytes = 1073741824
stream-state-bench-kafka  | 	metadata.log.segment.ms = 604800000
stream-state-bench-kafka  | 	metadata.max.idle.interval.ms = 500
stream-state-bench-kafka  | 	metadata.max.retention.bytes = 104857600
stream-state-bench-kafka  | 	metadata.max.retention.ms = 604800000
stream-state-bench-kafka  | 	metric.reporters = [org.apache.kafka.common.metrics.JmxReporter]
stream-state-bench-kafka  | 	metrics.num.samples = 2
stream-state-bench-kafka  | 	metrics.recording.level = INFO
stream-state-bench-kafka  | 	metrics.sample.window.ms = 30000
stream-state-bench-kafka  | 	min.insync.replicas = 1
stream-state-bench-kafka  | 	node.id = 1
stream-state-bench-kafka  | 	num.io.threads = 8
stream-state-bench-kafka  | 	num.network.threads = 3
stream-state-bench-kafka  | 	num.partitions = 1
stream-state-bench-kafka  | 	num.recovery.threads.per.data.dir = 2
stream-state-bench-kafka  | 	num.replica.alter.log.dirs.threads = null
stream-state-bench-kafka  | 	num.replica.fetchers = 1
stream-state-bench-kafka  | 	offset.metadata.max.bytes = 4096
stream-state-bench-kafka  | 	offsets.commit.timeout.ms = 5000
stream-state-bench-kafka  | 	offsets.load.buffer.size = 5242880
stream-state-bench-kafka  | 	offsets.retention.check.interval.ms = 600000
stream-state-bench-kafka  | 	offsets.retention.minutes = 10080
stream-state-bench-kafka  | 	offsets.topic.compression.codec = 0
stream-state-bench-kafka  | 	offsets.topic.num.partitions = 50
stream-state-bench-kafka  | 	offsets.topic.replication.factor = 1
stream-state-bench-kafka  | 	offsets.topic.segment.bytes = 104857600
stream-state-bench-kafka  | 	principal.builder.class = class org.apache.kafka.common.security.authenticator.DefaultKafkaPrincipalBuilder
stream-state-bench-kafka  | 	process.roles = [broker, controller]
stream-state-bench-kafka  | 	producer.id.expiration.check.interval.ms = 600000
stream-state-bench-kafka  | 	producer.id.expiration.ms = 86400000
stream-state-bench-kafka  | 	producer.purgatory.purge.interval.requests = 1000
stream-state-bench-kafka  | 	queued.max.request.bytes = -1
stream-state-bench-kafka  | 	queued.max.requests = 500
stream-state-bench-kafka  | 	quota.window.num = 11
stream-state-bench-kafka  | 	quota.window.size.seconds = 1
stream-state-bench-kafka  | 	remote.fetch.max.wait.ms = 500
stream-state-bench-kafka  | 	remote.list.offsets.request.timeout.ms = 30000
stream-state-bench-kafka  | 	remote.log.index.file.cache.total.size.bytes = 1073741824
stream-state-bench-kafka  | 	remote.log.index.file.cache.ttl.ms = 900000
stream-state-bench-kafka  | 	remote.log.manager.copier.thread.pool.size = 10
stream-state-bench-kafka  | 	remote.log.manager.copy.max.bytes.per.second = 9223372036854775807
stream-state-bench-kafka  | 	remote.log.manager.copy.quota.window.num = 11
stream-state-bench-kafka  | 	remote.log.manager.copy.quota.window.size.seconds = 1
stream-state-bench-kafka  | 	remote.log.manager.expiration.thread.pool.size = 10
stream-state-bench-kafka  | 	remote.log.manager.fetch.max.bytes.per.second = 9223372036854775807
stream-state-bench-kafka  | 	remote.log.manager.fetch.quota.window.num = 11
stream-state-bench-kafka  | 	remote.log.manager.fetch.quota.window.size.seconds = 1
stream-state-bench-kafka  | 	remote.log.manager.follower.thread.pool.size = 2
stream-state-bench-kafka  | 	remote.log.manager.task.interval.ms = 30000
stream-state-bench-kafka  | 	remote.log.manager.task.retry.backoff.max.ms = 30000
stream-state-bench-kafka  | 	remote.log.manager.task.retry.backoff.ms = 500
stream-state-bench-kafka  | 	remote.log.manager.task.retry.jitter = 0.2
stream-state-bench-kafka  | 	remote.log.manager.thread.pool.size = 2
stream-state-bench-kafka  | 	remote.log.metadata.custom.metadata.max.bytes = 128
stream-state-bench-kafka  | 	remote.log.metadata.manager.class.name = org.apache.kafka.server.log.remote.metadata.storage.TopicBasedRemoteLogMetadataManager
stream-state-bench-kafka  | 	remote.log.metadata.manager.class.path = null
stream-state-bench-kafka  | 	remote.log.metadata.manager.impl.prefix = rlmm.config.
stream-state-bench-kafka  | 	remote.log.metadata.manager.listener.name = null
stream-state-bench-kafka  | 	remote.log.reader.max.pending.tasks = 100
stream-state-bench-kafka  | 	remote.log.reader.threads = 10
stream-state-bench-kafka  | 	remote.log.storage.manager.class.name = null
stream-state-bench-kafka  | 	remote.log.storage.manager.class.path = null
stream-state-bench-kafka  | 	remote.log.storage.manager.impl.prefix = rsm.config.
stream-state-bench-kafka  | 	remote.log.storage.system.enable = false
stream-state-bench-kafka  | 	replica.fetch.backoff.ms = 1000
stream-state-bench-kafka  | 	replica.fetch.max.bytes = 1048576
stream-state-bench-kafka  | 	replica.fetch.min.bytes = 1
stream-state-bench-kafka  | 	replica.fetch.response.max.bytes = 10485760
stream-state-bench-kafka  | 	replica.fetch.wait.max.ms = 500
stream-state-bench-kafka  | 	replica.high.watermark.checkpoint.interval.ms = 5000
stream-state-bench-kafka  | 	replica.lag.time.max.ms = 30000
stream-state-bench-kafka  | 	replica.selector.class = null
stream-state-bench-kafka  | 	replica.socket.receive.buffer.bytes = 65536
stream-state-bench-kafka  | 	replica.socket.timeout.ms = 30000
stream-state-bench-kafka  | 	replication.quota.window.num = 11
stream-state-bench-kafka  | 	replication.quota.window.size.seconds = 1
stream-state-bench-kafka  | 	request.timeout.ms = 30000
stream-state-bench-kafka  | 	sasl.client.callback.handler.class = null
stream-state-bench-kafka  | 	sasl.enabled.mechanisms = [GSSAPI]
stream-state-bench-kafka  | 	sasl.jaas.config = null
stream-state-bench-kafka  | 	sasl.kerberos.kinit.cmd = /usr/bin/kinit
stream-state-bench-kafka  | 	sasl.kerberos.min.time.before.relogin = 60000
stream-state-bench-kafka  | 	sasl.kerberos.principal.to.local.rules = [DEFAULT]
stream-state-bench-kafka  | 	sasl.kerberos.service.name = null
stream-state-bench-kafka  | 	sasl.kerberos.ticket.renew.jitter = 0.05
stream-state-bench-kafka  | 	sasl.kerberos.ticket.renew.window.factor = 0.8
stream-state-bench-kafka  | 	sasl.login.callback.handler.class = null
stream-state-bench-kafka  | 	sasl.login.class = null
stream-state-bench-kafka  | 	sasl.login.connect.timeout.ms = null
stream-state-bench-kafka  | 	sasl.login.read.timeout.ms = null
stream-state-bench-kafka  | 	sasl.login.refresh.buffer.seconds = 300
stream-state-bench-kafka  | 	sasl.login.refresh.min.period.seconds = 60
stream-state-bench-kafka  | 	sasl.login.refresh.window.factor = 0.8
stream-state-bench-kafka  | 	sasl.login.refresh.window.jitter = 0.05
stream-state-bench-kafka  | 	sasl.login.retry.backoff.max.ms = 10000
stream-state-bench-kafka  | 	sasl.login.retry.backoff.ms = 100
stream-state-bench-kafka  | 	sasl.mechanism.controller.protocol = GSSAPI
stream-state-bench-kafka  | 	sasl.mechanism.inter.broker.protocol = GSSAPI
stream-state-bench-kafka  | 	sasl.oauthbearer.assertion.algorithm = RS256
stream-state-bench-kafka  | 	sasl.oauthbearer.assertion.claim.aud = null
stream-state-bench-kafka  | 	sasl.oauthbearer.assertion.claim.exp.seconds = 300
stream-state-bench-kafka  | 	sasl.oauthbearer.assertion.claim.iss = null
stream-state-bench-kafka  | 	sasl.oauthbearer.assertion.claim.jti.include = false
stream-state-bench-kafka  | 	sasl.oauthbearer.assertion.claim.nbf.seconds = 60
stream-state-bench-kafka  | 	sasl.oauthbearer.assertion.claim.sub = null
stream-state-bench-kafka  | 	sasl.oauthbearer.assertion.file = null
stream-state-bench-kafka  | 	sasl.oauthbearer.assertion.private.key.file = null
stream-state-bench-kafka  | 	sasl.oauthbearer.assertion.private.key.passphrase = null
stream-state-bench-kafka  | 	sasl.oauthbearer.assertion.template.file = null
stream-state-bench-kafka  | 	sasl.oauthbearer.client.credentials.client.id = null
stream-state-bench-kafka  | 	sasl.oauthbearer.client.credentials.client.secret = null
stream-state-bench-kafka  | 	sasl.oauthbearer.clock.skew.seconds = 30
stream-state-bench-kafka  | 	sasl.oauthbearer.expected.audience = []
stream-state-bench-kafka  | 	sasl.oauthbearer.expected.issuer = null
stream-state-bench-kafka  | 	sasl.oauthbearer.jwks.endpoint.refresh.ms = 3600000
stream-state-bench-kafka  | 	sasl.oauthbearer.jwks.endpoint.retry.backoff.max.ms = 10000
stream-state-bench-kafka  | 	sasl.oauthbearer.jwks.endpoint.retry.backoff.ms = 100
stream-state-bench-kafka  | 	sasl.oauthbearer.jwks.endpoint.url = null
stream-state-bench-kafka  | 	sasl.oauthbearer.jwt.retriever.class = class org.apache.kafka.common.security.oauthbearer.DefaultJwtRetriever
stream-state-bench-kafka  | 	sasl.oauthbearer.jwt.validator.class = class org.apache.kafka.common.security.oauthbearer.DefaultJwtValidator
stream-state-bench-kafka  | 	sasl.oauthbearer.scope = null
stream-state-bench-kafka  | 	sasl.oauthbearer.scope.claim.name = scope
stream-state-bench-kafka  | 	sasl.oauthbearer.sub.claim.name = sub
stream-state-bench-kafka  | 	sasl.oauthbearer.token.endpoint.url = null
stream-state-bench-kafka  | 	sasl.server.callback.handler.class = null
stream-state-bench-kafka  | 	sasl.server.max.receive.size = 524288
stream-state-bench-kafka  | 	security.inter.broker.protocol = PLAINTEXT
stream-state-bench-kafka  | 	security.providers = null
stream-state-bench-kafka  | 	server.max.startup.time.ms = 9223372036854775807
stream-state-bench-kafka  | 	share.coordinator.append.linger.ms = -1
stream-state-bench-kafka  | 	share.coordinator.cached.buffer.max.bytes = 1048588
stream-state-bench-kafka  | 	share.coordinator.cold.partition.snapshot.interval.ms = 300000
stream-state-bench-kafka  | 	share.coordinator.load.buffer.size = 5242880
stream-state-bench-kafka  | 	share.coordinator.snapshot.update.records.per.snapshot = 500
stream-state-bench-kafka  | 	share.coordinator.state.topic.compression.codec = 0
stream-state-bench-kafka  | 	share.coordinator.state.topic.min.isr = 2
stream-state-bench-kafka  | 	share.coordinator.state.topic.num.partitions = 50
stream-state-bench-kafka  | 	share.coordinator.state.topic.prune.interval.ms = 300000
stream-state-bench-kafka  | 	share.coordinator.state.topic.replication.factor = 3
stream-state-bench-kafka  | 	share.coordinator.state.topic.segment.bytes = 104857600
stream-state-bench-kafka  | 	share.coordinator.threads = 1
stream-state-bench-kafka  | 	share.coordinator.write.timeout.ms = 5000
stream-state-bench-kafka  | 	share.fetch.purgatory.purge.interval.requests = 1000
stream-state-bench-kafka  | 	socket.connection.setup.timeout.max.ms = 30000
stream-state-bench-kafka  | 	socket.connection.setup.timeout.ms = 10000
stream-state-bench-kafka  | 	socket.listen.backlog.size = 50
stream-state-bench-kafka  | 	socket.receive.buffer.bytes = 102400
stream-state-bench-kafka  | 	socket.request.max.bytes = 104857600
stream-state-bench-kafka  | 	socket.send.buffer.bytes = 102400
stream-state-bench-kafka  | 	ssl.allow.dn.changes = false
stream-state-bench-kafka  | 	ssl.allow.san.changes = false
stream-state-bench-kafka  | 	ssl.cipher.suites = []
stream-state-bench-kafka  | 	ssl.client.auth = none
stream-state-bench-kafka  | 	ssl.enabled.protocols = [TLSv1.2, TLSv1.3]
stream-state-bench-kafka  | 	ssl.endpoint.identification.algorithm = https
stream-state-bench-kafka  | 	ssl.engine.factory.class = null
stream-state-bench-kafka  | 	ssl.key.password = null
stream-state-bench-kafka  | 	ssl.keymanager.algorithm = SunX509
stream-state-bench-kafka  | 	ssl.keystore.certificate.chain = null
stream-state-bench-kafka  | 	ssl.keystore.key = null
stream-state-bench-kafka  | 	ssl.keystore.location = null
stream-state-bench-kafka  | 	ssl.keystore.password = null
stream-state-bench-kafka  | 	ssl.keystore.type = JKS
stream-state-bench-kafka  | 	ssl.principal.mapping.rules = DEFAULT
stream-state-bench-kafka  | 	ssl.protocol = TLSv1.3
stream-state-bench-kafka  | 	ssl.provider = null
stream-state-bench-kafka  | 	ssl.secure.random.implementation = null
stream-state-bench-kafka  | 	ssl.trustmanager.algorithm = PKIX
stream-state-bench-kafka  | 	ssl.truststore.certificates = null
stream-state-bench-kafka  | 	ssl.truststore.location = null
stream-state-bench-kafka  | 	ssl.truststore.password = null
stream-state-bench-kafka  | 	ssl.truststore.type = JKS
stream-state-bench-kafka  | 	telemetry.max.bytes = 1048576
stream-state-bench-kafka  | 	transaction.abort.timed.out.transaction.cleanup.interval.ms = 10000
stream-state-bench-kafka  | 	transaction.max.timeout.ms = 900000
stream-state-bench-kafka  | 	transaction.partition.verification.enable = true
stream-state-bench-kafka  | 	transaction.remove.expired.transaction.cleanup.interval.ms = 3600000
stream-state-bench-kafka  | 	transaction.state.log.load.buffer.size = 5242880
stream-state-bench-kafka  | 	transaction.state.log.min.isr = 1
stream-state-bench-kafka  | 	transaction.state.log.num.partitions = 50
stream-state-bench-kafka  | 	transaction.state.log.replication.factor = 1
stream-state-bench-kafka  | 	transaction.state.log.segment.bytes = 104857600
stream-state-bench-kafka  | 	transaction.two.phase.commit.enable = false
stream-state-bench-kafka  | 	transactional.id.expiration.ms = 604800000
stream-state-bench-kafka  | 	unclean.leader.election.enable = false
stream-state-bench-kafka  | 	unclean.leader.election.interval.ms = 300000
stream-state-bench-kafka  | 	unstable.api.versions.enable = false
stream-state-bench-kafka  | 	unstable.feature.versions.enable = false
stream-state-bench-kafka  |  (org.apache.kafka.common.config.AbstractConfig)
stream-state-bench-kafka  | [2026-07-16 06:29:19,427] INFO [ControllerRegistrationManager id=1 incarnation=yxewINSnT_i51aHN7KgDkA] sendControllerRegistration: attempting to send ControllerRegistrationRequestData(controllerId=1, incarnationId=yxewINSnT_i51aHN7KgDkA, zkMigrationReady=false, listeners=[Listener(name='CONTROLLER', host='kafka', port=9093, securityProtocol=0)], features=[Feature(name='group.version', minSupportedVersion=0, maxSupportedVersion=1), Feature(name='kraft.version', minSupportedVersion=0, maxSupportedVersion=1), Feature(name='metadata.version', minSupportedVersion=7, maxSupportedVersion=30), Feature(name='share.version', minSupportedVersion=0, maxSupportedVersion=1), Feature(name='streams.version', minSupportedVersion=0, maxSupportedVersion=1), Feature(name='transaction.version', minSupportedVersion=0, maxSupportedVersion=2), Feature(name='eligible.leader.replicas.version', minSupportedVersion=0, maxSupportedVersion=1)]) (kafka.server.ControllerRegistrationManager)
stream-state-bench-kafka  | [2026-07-16 06:29:19,432] INFO [MetadataLoader id=1] InitializeNewPublishers: initializing DynamicClientQuotaPublisher controller id=1 with a snapshot at offset 9 (org.apache.kafka.image.loader.MetadataLoader)
stream-state-bench-kafka  | [2026-07-16 06:29:19,433] INFO [MetadataLoader id=1] InitializeNewPublishers: initializing DynamicTopicClusterQuotaPublisher controller id=1 with a snapshot at offset 9 (org.apache.kafka.image.loader.MetadataLoader)
stream-state-bench-kafka  | [2026-07-16 06:29:19,433] INFO [MetadataLoader id=1] InitializeNewPublishers: initializing ScramPublisher controller id=1 with a snapshot at offset 9 (org.apache.kafka.image.loader.MetadataLoader)
stream-state-bench-kafka  | [2026-07-16 06:29:19,433] INFO [MetadataLoader id=1] InitializeNewPublishers: initializing DelegationTokenPublisher controller id=1 with a snapshot at offset 9 (org.apache.kafka.image.loader.MetadataLoader)
stream-state-bench-kafka  | [2026-07-16 06:29:19,433] INFO [MetadataLoader id=1] InitializeNewPublishers: initializing ControllerMetadataMetricsPublisher with a snapshot at offset 9 (org.apache.kafka.image.loader.MetadataLoader)
stream-state-bench-kafka  | [2026-07-16 06:29:19,434] INFO [MetadataLoader id=1] InitializeNewPublishers: initializing AclPublisher controller id=1 with a snapshot at offset 9 (org.apache.kafka.image.loader.MetadataLoader)
stream-state-bench-kafka  | [2026-07-16 06:29:19,435] INFO Updated connection-accept-rate max connection creation rate to 2147483647 (kafka.network.ConnectionQuotas)
stream-state-bench-kafka  | [2026-07-16 06:29:19,438] INFO [SocketServer listenerType=BROKER, nodeId=1] Created data-plane acceptor and processors for endpoint : ListenerName(PLAINTEXT) (kafka.network.SocketServer)
stream-state-bench-kafka  | [2026-07-16 06:29:19,440] INFO [broker-1-to-controller-alter-partition-channel-manager]: Starting (org.apache.kafka.server.NodeToControllerRequestThread)
stream-state-bench-kafka  | [2026-07-16 06:29:19,440] INFO Recorded new KRaft controller, from now on will use node kafka:9093 (id: 1 rack: null isFenced: false) (org.apache.kafka.server.NodeToControllerRequestThread)
stream-state-bench-kafka  | [2026-07-16 06:29:19,443] INFO [broker-1-to-controller-directory-assignments-channel-manager]: Starting (org.apache.kafka.server.NodeToControllerRequestThread)
stream-state-bench-kafka  | [2026-07-16 06:29:19,443] INFO Recorded new KRaft controller, from now on will use node kafka:9093 (id: 1 rack: null isFenced: false) (org.apache.kafka.server.NodeToControllerRequestThread)
stream-state-bench-kafka  | [2026-07-16 06:29:19,446] INFO [ExpirationReaper-1-Produce]: Starting (org.apache.kafka.server.purgatory.DelayedOperationPurgatory$ExpiredOperationReaper)
stream-state-bench-kafka  | [2026-07-16 06:29:19,447] INFO [ExpirationReaper-1-Fetch]: Starting (org.apache.kafka.server.purgatory.DelayedOperationPurgatory$ExpiredOperationReaper)
stream-state-bench-kafka  | [2026-07-16 06:29:19,447] INFO [ExpirationReaper-1-DeleteRecords]: Starting (org.apache.kafka.server.purgatory.DelayedOperationPurgatory$ExpiredOperationReaper)
stream-state-bench-kafka  | [2026-07-16 06:29:19,448] INFO [ExpirationReaper-1-RemoteFetch]: Starting (org.apache.kafka.server.purgatory.DelayedOperationPurgatory$ExpiredOperationReaper)
stream-state-bench-kafka  | [2026-07-16 06:29:19,448] INFO [ExpirationReaper-1-RemoteListOffsets]: Starting (org.apache.kafka.server.purgatory.DelayedOperationPurgatory$ExpiredOperationReaper)
stream-state-bench-kafka  | [2026-07-16 06:29:19,449] INFO [ExpirationReaper-1-ShareFetch]: Starting (org.apache.kafka.server.purgatory.DelayedOperationPurgatory$ExpiredOperationReaper)
stream-state-bench-kafka  | [2026-07-16 06:29:19,455] INFO [share-coordinator-reaper]: Starting (org.apache.kafka.server.util.timer.SystemTimerReaper$Reaper)
stream-state-bench-kafka  | [2026-07-16 06:29:19,461] INFO [share-coordinator-event-processor-0]: Starting (org.apache.kafka.coordinator.common.runtime.MultiThreadedEventProcessor$EventProcessorThread)
stream-state-bench-kafka  | [2026-07-16 06:29:19,463] INFO [persister-state-manager-reaper]: Starting (org.apache.kafka.server.util.timer.SystemTimerReaper$Reaper)
stream-state-bench-kafka  | [2026-07-16 06:29:19,464] INFO [PersisterStateManager]: Starting (org.apache.kafka.server.share.persister.PersisterStateManager$SendThread)
stream-state-bench-kafka  | [2026-07-16 06:29:19,464] INFO [network-partition-metadata-client-reaper]: Starting (org.apache.kafka.server.util.timer.SystemTimerReaper$Reaper)
stream-state-bench-kafka  | [2026-07-16 06:29:19,465] INFO [group-coordinator-reaper]: Starting (org.apache.kafka.server.util.timer.SystemTimerReaper$Reaper)
stream-state-bench-kafka  | [2026-07-16 06:29:19,468] INFO [group-coordinator-event-processor-0]: Starting (org.apache.kafka.coordinator.common.runtime.MultiThreadedEventProcessor$EventProcessorThread)
stream-state-bench-kafka  | [2026-07-16 06:29:19,468] INFO [group-coordinator-event-processor-1]: Starting (org.apache.kafka.coordinator.common.runtime.MultiThreadedEventProcessor$EventProcessorThread)
stream-state-bench-kafka  | [2026-07-16 06:29:19,469] INFO [group-coordinator-event-processor-2]: Starting (org.apache.kafka.coordinator.common.runtime.MultiThreadedEventProcessor$EventProcessorThread)
stream-state-bench-kafka  | [2026-07-16 06:29:19,469] INFO [group-coordinator-event-processor-3]: Starting (org.apache.kafka.coordinator.common.runtime.MultiThreadedEventProcessor$EventProcessorThread)
stream-state-bench-kafka  | [2026-07-16 06:29:19,475] INFO [ControllerRegistrationManager id=1 incarnation=yxewINSnT_i51aHN7KgDkA] Our registration has been persisted to the metadata log. (kafka.server.ControllerRegistrationManager)
stream-state-bench-kafka  | [2026-07-16 06:29:19,477] INFO [ControllerRegistrationManager id=1 incarnation=yxewINSnT_i51aHN7KgDkA] RegistrationResponseHandler: controller acknowledged ControllerRegistrationRequest. (kafka.server.ControllerRegistrationManager)
stream-state-bench-kafka  | [2026-07-16 06:29:19,477] INFO Unable to read the broker epoch in /tmp/kafka-logs. (kafka.log.LogManager)
stream-state-bench-kafka  | [2026-07-16 06:29:19,477] INFO [broker-1-to-controller-heartbeat-channel-manager]: Starting (org.apache.kafka.server.NodeToControllerRequestThread)
stream-state-bench-kafka  | [2026-07-16 06:29:19,478] INFO Recorded new KRaft controller, from now on will use node kafka:9093 (id: 1 rack: null isFenced: false) (org.apache.kafka.server.NodeToControllerRequestThread)
stream-state-bench-kafka  | [2026-07-16 06:29:19,478] INFO [BrokerLifecycleManager id=1] Incarnation RDupIFpXRRCwp1vowx94mg of broker 1 in cluster MkU3OEVBNTcwNTJENDM2Qk is now STARTING. (org.apache.kafka.server.BrokerLifecycleManager)
stream-state-bench-kafka  | [2026-07-16 06:29:19,480] INFO [share-group-lock-timeout-reaper]: Starting (org.apache.kafka.server.util.timer.SystemTimerReaper$Reaper)
stream-state-bench-kafka  | [2026-07-16 06:29:19,482] INFO [ExpirationReaper-1-AlterAcls]: Starting (org.apache.kafka.server.purgatory.DelayedOperationPurgatory$ExpiredOperationReaper)
stream-state-bench-kafka  | [2026-07-16 06:29:19,490] INFO [BrokerServer id=1] Waiting for the broker metadata publishers to be installed (kafka.server.BrokerServer)
stream-state-bench-kafka  | [2026-07-16 06:29:19,490] INFO [BrokerServer id=1] Finished waiting for the broker metadata publishers to be installed (kafka.server.BrokerServer)
stream-state-bench-kafka  | [2026-07-16 06:29:19,490] INFO [BrokerServer id=1] Waiting for the controller to acknowledge that we are caught up (kafka.server.BrokerServer)
stream-state-bench-kafka  | [2026-07-16 06:29:19,491] INFO [MetadataLoader id=1] InitializeNewPublishers: initializing MetadataVersionPublisher(id=1) with a snapshot at offset 10 (org.apache.kafka.image.loader.MetadataLoader)
stream-state-bench-kafka  | [2026-07-16 06:29:19,491] INFO [MetadataLoader id=1] InitializeNewPublishers: initializing BrokerMetadataPublisher with a snapshot at offset 10 (org.apache.kafka.image.loader.MetadataLoader)
stream-state-bench-kafka  | [2026-07-16 06:29:19,492] INFO [BrokerMetadataPublisher id=1] Publishing initial metadata at offset OffsetAndEpoch[offset=10, epoch=1] with metadata.version Optional[4.3-IV0]. (kafka.server.metadata.BrokerMetadataPublisher)
stream-state-bench-kafka  | [2026-07-16 06:29:19,493] INFO Loading logs from log dirs ArrayBuffer(/tmp/kafka-logs) (kafka.log.LogManager)
stream-state-bench-kafka  | [2026-07-16 06:29:19,495] INFO No logs found to be loaded in /tmp/kafka-logs (kafka.log.LogManager)
stream-state-bench-kafka  | [2026-07-16 06:29:19,501] INFO Loaded 0 logs in 6ms (kafka.log.LogManager)
stream-state-bench-kafka  | [2026-07-16 06:29:19,502] INFO Starting log cleanup with a period of 300000 ms. (kafka.log.LogManager)
stream-state-bench-kafka  | [2026-07-16 06:29:19,502] INFO Starting log flusher with a default period of 9223372036854775807 ms. (kafka.log.LogManager)
stream-state-bench-kafka  | [2026-07-16 06:29:19,513] INFO [BrokerLifecycleManager id=1] Successfully registered broker 1 with broker epoch 11 (org.apache.kafka.server.BrokerLifecycleManager)
stream-state-bench-kafka  | [2026-07-16 06:29:19,571] INFO [LogDirFailureHandler]: Starting (kafka.server.ReplicaManager$LogDirFailureHandler)
stream-state-bench-kafka  | [2026-07-16 06:29:19,571] INFO [AddPartitionsToTxnSenderThread-1]: Starting (org.apache.kafka.server.transaction.AddPartitionsToTxnManager)
stream-state-bench-kafka  | [2026-07-16 06:29:19,572] INFO [GroupCoordinator id=1] Starting up. (org.apache.kafka.coordinator.group.GroupCoordinatorService)
stream-state-bench-kafka  | [2026-07-16 06:29:19,572] INFO [GroupCoordinator id=1] Startup complete. (org.apache.kafka.coordinator.group.GroupCoordinatorService)
stream-state-bench-kafka  | [2026-07-16 06:29:19,572] INFO [TransactionCoordinator id=1] Starting up. (kafka.coordinator.transaction.TransactionCoordinator)
stream-state-bench-kafka  | [2026-07-16 06:29:19,573] INFO [TxnMarkerSenderThread-1]: Starting (kafka.coordinator.transaction.TransactionMarkerChannelManager)
stream-state-bench-kafka  | [2026-07-16 06:29:19,573] INFO [TransactionCoordinator id=1] Startup complete. (kafka.coordinator.transaction.TransactionCoordinator)
stream-state-bench-kafka  | [2026-07-16 06:29:19,573] INFO [ShareCoordinator id=1] Starting up. (org.apache.kafka.coordinator.share.ShareCoordinatorService)
stream-state-bench-kafka  | [2026-07-16 06:29:19,573] INFO [ShareCoordinator id=1] Startup complete. (org.apache.kafka.coordinator.share.ShareCoordinatorService)
stream-state-bench-kafka  | [2026-07-16 06:29:19,576] INFO [DynamicConfigPublisher broker id=1] Updating cluster configuration : min.insync.replicas -> 1 (kafka.server.metadata.DynamicConfigPublisher)
stream-state-bench-kafka  | [2026-07-16 06:29:19,576] INFO AbstractConfig values: 
stream-state-bench-kafka  | 	group.consumer.assignment.interval.ms = 1000
stream-state-bench-kafka  | 	group.consumer.assignors = [uniform, range]
stream-state-bench-kafka  | 	group.consumer.heartbeat.interval.ms = 5000
stream-state-bench-kafka  | 	group.consumer.max.assignment.interval.ms = 15000
stream-state-bench-kafka  | 	group.consumer.max.heartbeat.interval.ms = 15000
stream-state-bench-kafka  | 	group.consumer.max.session.timeout.ms = 60000
stream-state-bench-kafka  | 	group.consumer.max.size = 2147483647
stream-state-bench-kafka  | 	group.consumer.migration.policy = bidirectional
stream-state-bench-kafka  | 	group.consumer.min.assignment.interval.ms = 0
stream-state-bench-kafka  | 	group.consumer.min.heartbeat.interval.ms = 5000
stream-state-bench-kafka  | 	group.consumer.min.session.timeout.ms = 45000
stream-state-bench-kafka  | 	group.consumer.regex.refresh.interval.ms = 600000
stream-state-bench-kafka  | 	group.consumer.session.timeout.ms = 45000
stream-state-bench-kafka  | 	group.coordinator.append.linger.ms = -1
stream-state-bench-kafka  | 	group.coordinator.background.threads = 2
stream-state-bench-kafka  | 	group.coordinator.cached.buffer.max.bytes = 1048588
stream-state-bench-kafka  | 	group.coordinator.rebalance.protocols = [classic, consumer, streams]
stream-state-bench-kafka  | 	group.coordinator.threads = 4
stream-state-bench-kafka  | 	group.initial.rebalance.delay.ms = 0
stream-state-bench-kafka  | 	group.max.session.timeout.ms = 1800000
stream-state-bench-kafka  | 	group.max.size = 2147483647
stream-state-bench-kafka  | 	group.min.session.timeout.ms = 6000
stream-state-bench-kafka  | 	group.share.assignment.interval.ms = 1000
stream-state-bench-kafka  | 	group.share.assignors = [simple]
stream-state-bench-kafka  | 	group.share.heartbeat.interval.ms = 5000
stream-state-bench-kafka  | 	group.share.initialize.retry.interval.ms = 30000
stream-state-bench-kafka  | 	group.share.max.assignment.interval.ms = 15000
stream-state-bench-kafka  | 	group.share.max.heartbeat.interval.ms = 15000
stream-state-bench-kafka  | 	group.share.max.session.timeout.ms = 60000
stream-state-bench-kafka  | 	group.share.max.size = 200
stream-state-bench-kafka  | 	group.share.min.assignment.interval.ms = 0
stream-state-bench-kafka  | 	group.share.min.heartbeat.interval.ms = 5000
stream-state-bench-kafka  | 	group.share.min.session.timeout.ms = 45000
stream-state-bench-kafka  | 	group.share.session.timeout.ms = 45000
stream-state-bench-kafka  | 	group.streams.assignment.interval.ms = 1000
stream-state-bench-kafka  | 	group.streams.heartbeat.interval.ms = 5000
stream-state-bench-kafka  | 	group.streams.initial.rebalance.delay.ms = 3000
stream-state-bench-kafka  | 	group.streams.max.assignment.interval.ms = 15000
stream-state-bench-kafka  | 	group.streams.max.heartbeat.interval.ms = 15000
stream-state-bench-kafka  | 	group.streams.max.session.timeout.ms = 60000
stream-state-bench-kafka  | 	group.streams.max.size = 2147483647
stream-state-bench-kafka  | 	group.streams.max.standby.replicas = 2
stream-state-bench-kafka  | 	group.streams.min.assignment.interval.ms = 0
stream-state-bench-kafka  | 	group.streams.min.heartbeat.interval.ms = 5000
stream-state-bench-kafka  | 	group.streams.min.session.timeout.ms = 45000
stream-state-bench-kafka  | 	group.streams.num.standby.replicas = 0
stream-state-bench-kafka  | 	group.streams.session.timeout.ms = 45000
stream-state-bench-kafka  | 	offset.metadata.max.bytes = 4096
stream-state-bench-kafka  | 	offsets.commit.timeout.ms = 5000
stream-state-bench-kafka  | 	offsets.load.buffer.size = 5242880
stream-state-bench-kafka  | 	offsets.retention.check.interval.ms = 600000
stream-state-bench-kafka  | 	offsets.retention.minutes = 10080
stream-state-bench-kafka  | 	offsets.topic.compression.codec = 0
stream-state-bench-kafka  | 	offsets.topic.num.partitions = 50
stream-state-bench-kafka  | 	offsets.topic.replication.factor = 1
stream-state-bench-kafka  | 	offsets.topic.segment.bytes = 104857600
stream-state-bench-kafka  |  (org.apache.kafka.common.config.AbstractConfig)
stream-state-bench-kafka  | [2026-07-16 06:29:19,578] INFO KafkaConfig values: 
stream-state-bench-kafka  | 	add.partitions.to.txn.retry.backoff.max.ms = 100
stream-state-bench-kafka  | 	add.partitions.to.txn.retry.backoff.ms = 20
stream-state-bench-kafka  | 	advertised.listeners = [PLAINTEXT://kafka:9092]
stream-state-bench-kafka  | 	alter.config.policy.class.name = null
stream-state-bench-kafka  | 	alter.log.dirs.replication.quota.window.num = 11
stream-state-bench-kafka  | 	alter.log.dirs.replication.quota.window.size.seconds = 1
stream-state-bench-kafka  | 	authorizer.class.name = 
stream-state-bench-kafka  | 	auto.create.topics.enable = false
stream-state-bench-kafka  | 	auto.leader.rebalance.enable = true
stream-state-bench-kafka  | 	background.threads = 10
stream-state-bench-kafka  | 	broker.heartbeat.interval.ms = 2000
stream-state-bench-kafka  | 	broker.id = 1
stream-state-bench-kafka  | 	broker.rack = null
stream-state-bench-kafka  | 	broker.session.timeout.ms = 9000
stream-state-bench-kafka  | 	client.quota.callback.class = null
stream-state-bench-kafka  | 	compression.gzip.level = -1
stream-state-bench-kafka  | 	compression.lz4.level = 9
stream-state-bench-kafka  | 	compression.type = producer
stream-state-bench-kafka  | 	compression.zstd.level = 3
stream-state-bench-kafka  | 	config.providers = []
stream-state-bench-kafka  | 	connection.failed.authentication.delay.ms = 100
stream-state-bench-kafka  | 	connections.max.idle.ms = 600000
stream-state-bench-kafka  | 	connections.max.reauth.ms = 0
stream-state-bench-kafka  | 	controlled.shutdown.enable = true
stream-state-bench-kafka  | 	controller.listener.names = [CONTROLLER]
stream-state-bench-kafka  | 	controller.performance.always.log.threshold.ms = 2000
stream-state-bench-kafka  | 	controller.performance.sample.period.ms = 60000
stream-state-bench-kafka  | 	controller.quorum.append.linger.ms = 25
stream-state-bench-kafka  | 	controller.quorum.auto.join.enable = false
stream-state-bench-kafka  | 	controller.quorum.bootstrap.servers = []
stream-state-bench-kafka  | 	controller.quorum.election.backoff.max.ms = 1000
stream-state-bench-kafka  | 	controller.quorum.election.timeout.ms = 1000
stream-state-bench-kafka  | 	controller.quorum.fetch.max.bytes = 1048576
stream-state-bench-kafka  | 	controller.quorum.fetch.snapshot.max.bytes = 1048576
stream-state-bench-kafka  | 	controller.quorum.fetch.timeout.ms = 2000
stream-state-bench-kafka  | 	controller.quorum.request.timeout.ms = 2000
stream-state-bench-kafka  | 	controller.quorum.retry.backoff.ms = 20
stream-state-bench-kafka  | 	controller.quorum.voters = [1@kafka:9093]
stream-state-bench-kafka  | 	controller.quota.window.num = 11
stream-state-bench-kafka  | 	controller.quota.window.size.seconds = 1
stream-state-bench-kafka  | 	controller.socket.timeout.ms = 30000
stream-state-bench-kafka  | 	cordoned.log.dirs = []
stream-state-bench-kafka  | 	create.topic.policy.class.name = null
stream-state-bench-kafka  | 	default.replication.factor = 1
stream-state-bench-kafka  | 	delegation.token.expiry.check.interval.ms = 3600000
stream-state-bench-kafka  | 	delegation.token.expiry.time.ms = 86400000
stream-state-bench-kafka  | 	delegation.token.max.lifetime.ms = 604800000
stream-state-bench-kafka  | 	delegation.token.secret.key = null
stream-state-bench-kafka  | 	delete.records.purgatory.purge.interval.requests = 1
stream-state-bench-kafka  | 	delete.topic.enable = true
stream-state-bench-kafka  | 	early.start.listeners = null
stream-state-bench-kafka  | 	fetch.max.bytes = 57671680
stream-state-bench-kafka  | 	fetch.purgatory.purge.interval.requests = 1000
stream-state-bench-kafka  | 	follower.fetch.last.tiered.offset.enable = false
stream-state-bench-kafka  | 	group.consumer.assignment.interval.ms = 1000
stream-state-bench-kafka  | 	group.consumer.assignors = [uniform, range]
stream-state-bench-kafka  | 	group.consumer.heartbeat.interval.ms = 5000
stream-state-bench-kafka  | 	group.consumer.max.assignment.interval.ms = 15000
stream-state-bench-kafka  | 	group.consumer.max.heartbeat.interval.ms = 15000
stream-state-bench-kafka  | 	group.consumer.max.session.timeout.ms = 60000
stream-state-bench-kafka  | 	group.consumer.max.size = 2147483647
stream-state-bench-kafka  | 	group.consumer.migration.policy = bidirectional
stream-state-bench-kafka  | 	group.consumer.min.assignment.interval.ms = 0
stream-state-bench-kafka  | 	group.consumer.min.heartbeat.interval.ms = 5000
stream-state-bench-kafka  | 	group.consumer.min.session.timeout.ms = 45000
stream-state-bench-kafka  | 	group.consumer.regex.refresh.interval.ms = 600000
stream-state-bench-kafka  | 	group.consumer.session.timeout.ms = 45000
stream-state-bench-kafka  | 	group.coordinator.append.linger.ms = -1
stream-state-bench-kafka  | 	group.coordinator.background.threads = 2
stream-state-bench-kafka  | 	group.coordinator.cached.buffer.max.bytes = 1048588
stream-state-bench-kafka  | 	group.coordinator.rebalance.protocols = [classic, consumer, streams]
stream-state-bench-kafka  | 	group.coordinator.threads = 4
stream-state-bench-kafka  | 	group.initial.rebalance.delay.ms = 0
stream-state-bench-kafka  | 	group.max.session.timeout.ms = 1800000
stream-state-bench-kafka  | 	group.max.size = 2147483647
stream-state-bench-kafka  | 	group.min.session.timeout.ms = 6000
stream-state-bench-kafka  | 	group.share.assignment.interval.ms = 1000
stream-state-bench-kafka  | 	group.share.assignors = [simple]
stream-state-bench-kafka  | 	group.share.delivery.count.limit = 5
stream-state-bench-kafka  | 	group.share.heartbeat.interval.ms = 5000
stream-state-bench-kafka  | 	group.share.initialize.retry.interval.ms = 30000
stream-state-bench-kafka  | 	group.share.max.assignment.interval.ms = 15000
stream-state-bench-kafka  | 	group.share.max.delivery.count.limit = 10
stream-state-bench-kafka  | 	group.share.max.heartbeat.interval.ms = 15000
stream-state-bench-kafka  | 	group.share.max.partition.max.record.locks = 4000
stream-state-bench-kafka  | 	group.share.max.record.lock.duration.ms = 60000
stream-state-bench-kafka  | 	group.share.max.session.timeout.ms = 60000
stream-state-bench-kafka  | 	group.share.max.share.sessions = 2000
stream-state-bench-kafka  | 	group.share.max.size = 200
stream-state-bench-kafka  | 	group.share.min.assignment.interval.ms = 0
stream-state-bench-kafka  | 	group.share.min.delivery.count.limit = 2
stream-state-bench-kafka  | 	group.share.min.heartbeat.interval.ms = 5000
stream-state-bench-kafka  | 	group.share.min.partition.max.record.locks = 100
stream-state-bench-kafka  | 	group.share.min.record.lock.duration.ms = 15000
stream-state-bench-kafka  | 	group.share.min.session.timeout.ms = 45000
stream-state-bench-kafka  | 	group.share.partition.max.record.locks = 2000
stream-state-bench-kafka  | 	group.share.persister.class.name = org.apache.kafka.server.share.persister.DefaultStatePersister
stream-state-bench-kafka  | 	group.share.record.lock.duration.ms = 30000
stream-state-bench-kafka  | 	group.share.session.timeout.ms = 45000
stream-state-bench-kafka  | 	group.streams.assignment.interval.ms = 1000
stream-state-bench-kafka  | 	group.streams.heartbeat.interval.ms = 5000
stream-state-bench-kafka  | 	group.streams.initial.rebalance.delay.ms = 3000
stream-state-bench-kafka  | 	group.streams.max.assignment.interval.ms = 15000
stream-state-bench-kafka  | 	group.streams.max.heartbeat.interval.ms = 15000
stream-state-bench-kafka  | 	group.streams.max.session.timeout.ms = 60000
stream-state-bench-kafka  | 	group.streams.max.size = 2147483647
stream-state-bench-kafka  | 	group.streams.max.standby.replicas = 2
stream-state-bench-kafka  | 	group.streams.min.assignment.interval.ms = 0
stream-state-bench-kafka  | 	group.streams.min.heartbeat.interval.ms = 5000
stream-state-bench-kafka  | 	group.streams.min.session.timeout.ms = 45000
stream-state-bench-kafka  | 	group.streams.num.standby.replicas = 0
stream-state-bench-kafka  | 	group.streams.session.timeout.ms = 45000
stream-state-bench-kafka  | 	initial.broker.registration.timeout.ms = 60000
stream-state-bench-kafka  | 	inter.broker.listener.name = null
stream-state-bench-kafka  | 	internal.metadata.delete.delay.millis = 60000
stream-state-bench-kafka  | 	internal.metadata.log.segment.bytes = null
stream-state-bench-kafka  | 	internal.metadata.max.batch.size.in.bytes = 8388608
stream-state-bench-kafka  | 	kafka.metrics.polling.interval.secs = 10
stream-state-bench-kafka  | 	kafka.metrics.reporters = []
stream-state-bench-kafka  | 	leader.imbalance.check.interval.seconds = 300
stream-state-bench-kafka  | 	listener.security.protocol.map = CONTROLLER:PLAINTEXT,PLAINTEXT:PLAINTEXT
stream-state-bench-kafka  | 	listeners = [PLAINTEXT://:9092, CONTROLLER://:9093]
stream-state-bench-kafka  | 	log.cleaner.backoff.ms = 15000
stream-state-bench-kafka  | 	log.cleaner.dedupe.buffer.size = 134217728
stream-state-bench-kafka  | 	log.cleaner.delete.retention.ms = 86400000
stream-state-bench-kafka  | 	log.cleaner.enable = true
stream-state-bench-kafka  | 	log.cleaner.io.buffer.load.factor = 0.9
stream-state-bench-kafka  | 	log.cleaner.io.buffer.size = 524288
stream-state-bench-kafka  | 	log.cleaner.io.max.bytes.per.second = 1.7976931348623157E308
stream-state-bench-kafka  | 	log.cleaner.max.compaction.lag.ms = 9223372036854775807
stream-state-bench-kafka  | 	log.cleaner.min.cleanable.ratio = 0.5
stream-state-bench-kafka  | 	log.cleaner.min.compaction.lag.ms = 0
stream-state-bench-kafka  | 	log.cleaner.threads = 1
stream-state-bench-kafka  | 	log.cleanup.policy = [delete]
stream-state-bench-kafka  | 	log.dir = [/tmp/kafka-logs]
stream-state-bench-kafka  | 	log.dir.failure.timeout.ms = 30000
stream-state-bench-kafka  | 	log.dirs = null
stream-state-bench-kafka  | 	log.flush.interval.messages = 9223372036854775807
stream-state-bench-kafka  | 	log.flush.interval.ms = null
stream-state-bench-kafka  | 	log.flush.offset.checkpoint.interval.ms = 60000
stream-state-bench-kafka  | 	log.flush.scheduler.interval.ms = 9223372036854775807
stream-state-bench-kafka  | 	log.flush.start.offset.checkpoint.interval.ms = 60000
stream-state-bench-kafka  | 	log.index.interval.bytes = 4096
stream-state-bench-kafka  | 	log.index.size.max.bytes = 10485760
stream-state-bench-kafka  | 	log.initial.task.delay.ms = 30000
stream-state-bench-kafka  | 	log.local.retention.bytes = -2
stream-state-bench-kafka  | 	log.local.retention.ms = -2
stream-state-bench-kafka  | 	log.message.timestamp.after.max.ms = 3600000
stream-state-bench-kafka  | 	log.message.timestamp.before.max.ms = 9223372036854775807
stream-state-bench-kafka  | 	log.message.timestamp.type = CreateTime
stream-state-bench-kafka  | 	log.preallocate = false
stream-state-bench-kafka  | 	log.retention.bytes = -1
stream-state-bench-kafka  | 	log.retention.check.interval.ms = 300000
stream-state-bench-kafka  | 	log.retention.hours = 168
stream-state-bench-kafka  | 	log.retention.minutes = null
stream-state-bench-kafka  | 	log.retention.ms = null
stream-state-bench-kafka  | 	log.roll.hours = 168
stream-state-bench-kafka  | 	log.roll.jitter.hours = 0
stream-state-bench-kafka  | 	log.roll.jitter.ms = null
stream-state-bench-kafka  | 	log.roll.ms = null
stream-state-bench-kafka  | 	log.segment.bytes = 1073741824
stream-state-bench-kafka  | 	log.segment.delete.delay.ms = 60000
stream-state-bench-kafka  | 	max.connection.creation.rate = 2147483647
stream-state-bench-kafka  | 	max.connections = 2147483647
stream-state-bench-kafka  | 	max.connections.per.ip = 2147483647
stream-state-bench-kafka  | 	max.connections.per.ip.overrides = 
stream-state-bench-kafka  | 	max.incremental.fetch.session.cache.slots = 1000
stream-state-bench-kafka  | 	max.request.partition.size.limit = 2000
stream-state-bench-kafka  | 	message.max.bytes = 1048588
stream-state-bench-kafka  | 	metadata.log.dir = null
stream-state-bench-kafka  | 	metadata.log.max.record.bytes.between.snapshots = 20971520
stream-state-bench-kafka  | 	metadata.log.max.snapshot.interval.ms = 3600000
stream-state-bench-kafka  | 	metadata.log.segment.bytes = 1073741824
stream-state-bench-kafka  | 	metadata.log.segment.ms = 604800000
stream-state-bench-kafka  | 	metadata.max.idle.interval.ms = 500
stream-state-bench-kafka  | 	metadata.max.retention.bytes = 104857600
stream-state-bench-kafka  | 	metadata.max.retention.ms = 604800000
stream-state-bench-kafka  | 	metric.reporters = [org.apache.kafka.common.metrics.JmxReporter]
stream-state-bench-kafka  | 	metrics.num.samples = 2
stream-state-bench-kafka  | 	metrics.recording.level = INFO
stream-state-bench-kafka  | 	metrics.sample.window.ms = 30000
stream-state-bench-kafka  | 	min.insync.replicas = 1
stream-state-bench-kafka  | 	node.id = 1
stream-state-bench-kafka  | 	num.io.threads = 8
stream-state-bench-kafka  | 	num.network.threads = 3
stream-state-bench-kafka  | 	num.partitions = 1
stream-state-bench-kafka  | 	num.recovery.threads.per.data.dir = 2
stream-state-bench-kafka  | 	num.replica.alter.log.dirs.threads = null
stream-state-bench-kafka  | 	num.replica.fetchers = 1
stream-state-bench-kafka  | 	offset.metadata.max.bytes = 4096
stream-state-bench-kafka  | 	offsets.commit.timeout.ms = 5000
stream-state-bench-kafka  | 	offsets.load.buffer.size = 5242880
stream-state-bench-kafka  | 	offsets.retention.check.interval.ms = 600000
stream-state-bench-kafka  | 	offsets.retention.minutes = 10080
stream-state-bench-kafka  | 	offsets.topic.compression.codec = 0
stream-state-bench-kafka  | 	offsets.topic.num.partitions = 50
stream-state-bench-kafka  | 	offsets.topic.replication.factor = 1
stream-state-bench-kafka  | 	offsets.topic.segment.bytes = 104857600
stream-state-bench-kafka  | 	principal.builder.class = class org.apache.kafka.common.security.authenticator.DefaultKafkaPrincipalBuilder
stream-state-bench-kafka  | 	process.roles = [broker, controller]
stream-state-bench-kafka  | 	producer.id.expiration.check.interval.ms = 600000
stream-state-bench-kafka  | 	producer.id.expiration.ms = 86400000
stream-state-bench-kafka  | 	producer.purgatory.purge.interval.requests = 1000
stream-state-bench-kafka  | 	queued.max.request.bytes = -1
stream-state-bench-kafka  | 	queued.max.requests = 500
stream-state-bench-kafka  | 	quota.window.num = 11
stream-state-bench-kafka  | 	quota.window.size.seconds = 1
stream-state-bench-kafka  | 	remote.fetch.max.wait.ms = 500
stream-state-bench-kafka  | 	remote.list.offsets.request.timeout.ms = 30000
stream-state-bench-kafka  | 	remote.log.index.file.cache.total.size.bytes = 1073741824
stream-state-bench-kafka  | 	remote.log.index.file.cache.ttl.ms = 900000
stream-state-bench-kafka  | 	remote.log.manager.copier.thread.pool.size = 10
stream-state-bench-kafka  | 	remote.log.manager.copy.max.bytes.per.second = 9223372036854775807
stream-state-bench-kafka  | 	remote.log.manager.copy.quota.window.num = 11
stream-state-bench-kafka  | 	remote.log.manager.copy.quota.window.size.seconds = 1
stream-state-bench-kafka  | 	remote.log.manager.expiration.thread.pool.size = 10
stream-state-bench-kafka  | 	remote.log.manager.fetch.max.bytes.per.second = 9223372036854775807
stream-state-bench-kafka  | 	remote.log.manager.fetch.quota.window.num = 11
stream-state-bench-kafka  | 	remote.log.manager.fetch.quota.window.size.seconds = 1
stream-state-bench-kafka  | 	remote.log.manager.follower.thread.pool.size = 2
stream-state-bench-kafka  | 	remote.log.manager.task.interval.ms = 30000
stream-state-bench-kafka  | 	remote.log.manager.task.retry.backoff.max.ms = 30000
stream-state-bench-kafka  | 	remote.log.manager.task.retry.backoff.ms = 500
stream-state-bench-kafka  | 	remote.log.manager.task.retry.jitter = 0.2
stream-state-bench-kafka  | 	remote.log.manager.thread.pool.size = 2
stream-state-bench-kafka  | 	remote.log.metadata.custom.metadata.max.bytes = 128
stream-state-bench-kafka  | 	remote.log.metadata.manager.class.name = org.apache.kafka.server.log.remote.metadata.storage.TopicBasedRemoteLogMetadataManager
stream-state-bench-kafka  | 	remote.log.metadata.manager.class.path = null
stream-state-bench-kafka  | 	remote.log.metadata.manager.impl.prefix = rlmm.config.
stream-state-bench-kafka  | 	remote.log.metadata.manager.listener.name = null
stream-state-bench-kafka  | 	remote.log.reader.max.pending.tasks = 100
stream-state-bench-kafka  | 	remote.log.reader.threads = 10
stream-state-bench-kafka  | 	remote.log.storage.manager.class.name = null
stream-state-bench-kafka  | 	remote.log.storage.manager.class.path = null
stream-state-bench-kafka  | 	remote.log.storage.manager.impl.prefix = rsm.config.
stream-state-bench-kafka  | 	remote.log.storage.system.enable = false
stream-state-bench-kafka  | 	replica.fetch.backoff.ms = 1000
stream-state-bench-kafka  | 	replica.fetch.max.bytes = 1048576
stream-state-bench-kafka  | 	replica.fetch.min.bytes = 1
stream-state-bench-kafka  | 	replica.fetch.response.max.bytes = 10485760
stream-state-bench-kafka  | 	replica.fetch.wait.max.ms = 500
stream-state-bench-kafka  | 	replica.high.watermark.checkpoint.interval.ms = 5000
stream-state-bench-kafka  | 	replica.lag.time.max.ms = 30000
stream-state-bench-kafka  | 	replica.selector.class = null
stream-state-bench-kafka  | 	replica.socket.receive.buffer.bytes = 65536
stream-state-bench-kafka  | 	replica.socket.timeout.ms = 30000
stream-state-bench-kafka  | 	replication.quota.window.num = 11
stream-state-bench-kafka  | 	replication.quota.window.size.seconds = 1
stream-state-bench-kafka  | 	request.timeout.ms = 30000
stream-state-bench-kafka  | 	sasl.client.callback.handler.class = null
stream-state-bench-kafka  | 	sasl.enabled.mechanisms = [GSSAPI]
stream-state-bench-kafka  | 	sasl.jaas.config = null
stream-state-bench-kafka  | 	sasl.kerberos.kinit.cmd = /usr/bin/kinit
stream-state-bench-kafka  | 	sasl.kerberos.min.time.before.relogin = 60000
stream-state-bench-kafka  | 	sasl.kerberos.principal.to.local.rules = [DEFAULT]
stream-state-bench-kafka  | 	sasl.kerberos.service.name = null
stream-state-bench-kafka  | 	sasl.kerberos.ticket.renew.jitter = 0.05
stream-state-bench-kafka  | 	sasl.kerberos.ticket.renew.window.factor = 0.8
stream-state-bench-kafka  | 	sasl.login.callback.handler.class = null
stream-state-bench-kafka  | 	sasl.login.class = null
stream-state-bench-kafka  | 	sasl.login.connect.timeout.ms = null
stream-state-bench-kafka  | 	sasl.login.read.timeout.ms = null
stream-state-bench-kafka  | 	sasl.login.refresh.buffer.seconds = 300
stream-state-bench-kafka  | 	sasl.login.refresh.min.period.seconds = 60
stream-state-bench-kafka  | 	sasl.login.refresh.window.factor = 0.8
stream-state-bench-kafka  | 	sasl.login.refresh.window.jitter = 0.05
stream-state-bench-kafka  | 	sasl.login.retry.backoff.max.ms = 10000
stream-state-bench-kafka  | 	sasl.login.retry.backoff.ms = 100
stream-state-bench-kafka  | 	sasl.mechanism.controller.protocol = GSSAPI
stream-state-bench-kafka  | 	sasl.mechanism.inter.broker.protocol = GSSAPI
stream-state-bench-kafka  | 	sasl.oauthbearer.assertion.algorithm = RS256
stream-state-bench-kafka  | 	sasl.oauthbearer.assertion.claim.aud = null
stream-state-bench-kafka  | 	sasl.oauthbearer.assertion.claim.exp.seconds = 300
stream-state-bench-kafka  | 	sasl.oauthbearer.assertion.claim.iss = null
stream-state-bench-kafka  | 	sasl.oauthbearer.assertion.claim.jti.include = false
stream-state-bench-kafka  | 	sasl.oauthbearer.assertion.claim.nbf.seconds = 60
stream-state-bench-kafka  | 	sasl.oauthbearer.assertion.claim.sub = null
stream-state-bench-kafka  | 	sasl.oauthbearer.assertion.file = null
stream-state-bench-kafka  | 	sasl.oauthbearer.assertion.private.key.file = null
stream-state-bench-kafka  | 	sasl.oauthbearer.assertion.private.key.passphrase = null
stream-state-bench-kafka  | 	sasl.oauthbearer.assertion.template.file = null
stream-state-bench-kafka  | 	sasl.oauthbearer.client.credentials.client.id = null
stream-state-bench-kafka  | 	sasl.oauthbearer.client.credentials.client.secret = null
stream-state-bench-kafka  | 	sasl.oauthbearer.clock.skew.seconds = 30
stream-state-bench-kafka  | 	sasl.oauthbearer.expected.audience = []
stream-state-bench-kafka  | 	sasl.oauthbearer.expected.issuer = null
stream-state-bench-kafka  | 	sasl.oauthbearer.jwks.endpoint.refresh.ms = 3600000
stream-state-bench-kafka  | 	sasl.oauthbearer.jwks.endpoint.retry.backoff.max.ms = 10000
stream-state-bench-kafka  | 	sasl.oauthbearer.jwks.endpoint.retry.backoff.ms = 100
stream-state-bench-kafka  | 	sasl.oauthbearer.jwks.endpoint.url = null
stream-state-bench-kafka  | 	sasl.oauthbearer.jwt.retriever.class = class org.apache.kafka.common.security.oauthbearer.DefaultJwtRetriever
stream-state-bench-kafka  | 	sasl.oauthbearer.jwt.validator.class = class org.apache.kafka.common.security.oauthbearer.DefaultJwtValidator
stream-state-bench-kafka  | 	sasl.oauthbearer.scope = null
stream-state-bench-kafka  | 	sasl.oauthbearer.scope.claim.name = scope
stream-state-bench-kafka  | 	sasl.oauthbearer.sub.claim.name = sub
stream-state-bench-kafka  | 	sasl.oauthbearer.token.endpoint.url = null
stream-state-bench-kafka  | 	sasl.server.callback.handler.class = null
stream-state-bench-kafka  | 	sasl.server.max.receive.size = 524288
stream-state-bench-kafka  | 	security.inter.broker.protocol = PLAINTEXT
stream-state-bench-kafka  | 	security.providers = null
stream-state-bench-kafka  | 	server.max.startup.time.ms = 9223372036854775807
stream-state-bench-kafka  | 	share.coordinator.append.linger.ms = -1
stream-state-bench-kafka  | 	share.coordinator.cached.buffer.max.bytes = 1048588
stream-state-bench-kafka  | 	share.coordinator.cold.partition.snapshot.interval.ms = 300000
stream-state-bench-kafka  | 	share.coordinator.load.buffer.size = 5242880
stream-state-bench-kafka  | 	share.coordinator.snapshot.update.records.per.snapshot = 500
stream-state-bench-kafka  | 	share.coordinator.state.topic.compression.codec = 0
stream-state-bench-kafka  | 	share.coordinator.state.topic.min.isr = 2
stream-state-bench-kafka  | 	share.coordinator.state.topic.num.partitions = 50
stream-state-bench-kafka  | 	share.coordinator.state.topic.prune.interval.ms = 300000
stream-state-bench-kafka  | 	share.coordinator.state.topic.replication.factor = 3
stream-state-bench-kafka  | 	share.coordinator.state.topic.segment.bytes = 104857600
stream-state-bench-kafka  | 	share.coordinator.threads = 1
stream-state-bench-kafka  | 	share.coordinator.write.timeout.ms = 5000
stream-state-bench-kafka  | 	share.fetch.purgatory.purge.interval.requests = 1000
stream-state-bench-kafka  | 	socket.connection.setup.timeout.max.ms = 30000
stream-state-bench-kafka  | 	socket.connection.setup.timeout.ms = 10000
stream-state-bench-kafka  | 	socket.listen.backlog.size = 50
stream-state-bench-kafka  | 	socket.receive.buffer.bytes = 102400
stream-state-bench-kafka  | 	socket.request.max.bytes = 104857600
stream-state-bench-kafka  | 	socket.send.buffer.bytes = 102400
stream-state-bench-kafka  | 	ssl.allow.dn.changes = false
stream-state-bench-kafka  | 	ssl.allow.san.changes = false
stream-state-bench-kafka  | 	ssl.cipher.suites = []
stream-state-bench-kafka  | 	ssl.client.auth = none
stream-state-bench-kafka  | 	ssl.enabled.protocols = [TLSv1.2, TLSv1.3]
stream-state-bench-kafka  | 	ssl.endpoint.identification.algorithm = https
stream-state-bench-kafka  | 	ssl.engine.factory.class = null
stream-state-bench-kafka  | 	ssl.key.password = null
stream-state-bench-kafka  | 	ssl.keymanager.algorithm = SunX509
stream-state-bench-kafka  | 	ssl.keystore.certificate.chain = null
stream-state-bench-kafka  | 	ssl.keystore.key = null
stream-state-bench-kafka  | 	ssl.keystore.location = null
stream-state-bench-kafka  | 	ssl.keystore.password = null
stream-state-bench-kafka  | 	ssl.keystore.type = JKS
stream-state-bench-kafka  | 	ssl.principal.mapping.rules = DEFAULT
stream-state-bench-kafka  | 	ssl.protocol = TLSv1.3
stream-state-bench-kafka  | 	ssl.provider = null
stream-state-bench-kafka  | 	ssl.secure.random.implementation = null
stream-state-bench-kafka  | 	ssl.trustmanager.algorithm = PKIX
stream-state-bench-kafka  | 	ssl.truststore.certificates = null
stream-state-bench-kafka  | 	ssl.truststore.location = null
stream-state-bench-kafka  | 	ssl.truststore.password = null
stream-state-bench-kafka  | 	ssl.truststore.type = JKS
stream-state-bench-kafka  | 	telemetry.max.bytes = 1048576
stream-state-bench-kafka  | 	transaction.abort.timed.out.transaction.cleanup.interval.ms = 10000
stream-state-bench-kafka  | 	transaction.max.timeout.ms = 900000
stream-state-bench-kafka  | 	transaction.partition.verification.enable = true
stream-state-bench-kafka  | 	transaction.remove.expired.transaction.cleanup.interval.ms = 3600000
stream-state-bench-kafka  | 	transaction.state.log.load.buffer.size = 5242880
stream-state-bench-kafka  | 	transaction.state.log.min.isr = 1
stream-state-bench-kafka  | 	transaction.state.log.num.partitions = 50
stream-state-bench-kafka  | 	transaction.state.log.replication.factor = 1
stream-state-bench-kafka  | 	transaction.state.log.segment.bytes = 104857600
stream-state-bench-kafka  | 	transaction.two.phase.commit.enable = false
stream-state-bench-kafka  | 	transactional.id.expiration.ms = 604800000
stream-state-bench-kafka  | 	unclean.leader.election.enable = false
stream-state-bench-kafka  | 	unclean.leader.election.interval.ms = 300000
stream-state-bench-kafka  | 	unstable.api.versions.enable = false
stream-state-bench-kafka  | 	unstable.feature.versions.enable = false
stream-state-bench-kafka  |  (org.apache.kafka.common.config.AbstractConfig)
stream-state-bench-kafka  | [2026-07-16 06:29:19,584] INFO [BrokerMetadataPublisher id=1] Feature share.version has been updated to version 1 (kafka.server.metadata.BrokerMetadataPublisher)
stream-state-bench-kafka  | [2026-07-16 06:29:19,585] INFO [MetadataLoader id=1] InitializeNewPublishers: initializing BrokerRegistrationTracker(id=1) with a snapshot at offset 10 (org.apache.kafka.image.loader.MetadataLoader)
stream-state-bench-kafka  | [2026-07-16 06:29:19,596] INFO [BrokerLifecycleManager id=1] The broker has caught up. Transitioning from STARTING to RECOVERY. (org.apache.kafka.server.BrokerLifecycleManager)
stream-state-bench-kafka  | [2026-07-16 06:29:19,596] INFO [BrokerServer id=1] Finished waiting for the controller to acknowledge that we are caught up (kafka.server.BrokerServer)
stream-state-bench-kafka  | [2026-07-16 06:29:19,596] INFO [BrokerServer id=1] Waiting for the initial broker metadata update to be published (kafka.server.BrokerServer)
stream-state-bench-kafka  | [2026-07-16 06:29:19,596] INFO [BrokerServer id=1] Finished waiting for the initial broker metadata update to be published (kafka.server.BrokerServer)
stream-state-bench-kafka  | [2026-07-16 06:29:19,597] INFO KafkaConfig values: 
stream-state-bench-kafka  | 	add.partitions.to.txn.retry.backoff.max.ms = 100
stream-state-bench-kafka  | 	add.partitions.to.txn.retry.backoff.ms = 20
stream-state-bench-kafka  | 	advertised.listeners = [PLAINTEXT://kafka:9092]
stream-state-bench-kafka  | 	alter.config.policy.class.name = null
stream-state-bench-kafka  | 	alter.log.dirs.replication.quota.window.num = 11
stream-state-bench-kafka  | 	alter.log.dirs.replication.quota.window.size.seconds = 1
stream-state-bench-kafka  | 	authorizer.class.name = 
stream-state-bench-kafka  | 	auto.create.topics.enable = false
stream-state-bench-kafka  | 	auto.leader.rebalance.enable = true
stream-state-bench-kafka  | 	background.threads = 10
stream-state-bench-kafka  | 	broker.heartbeat.interval.ms = 2000
stream-state-bench-kafka  | 	broker.id = 1
stream-state-bench-kafka  | 	broker.rack = null
stream-state-bench-kafka  | 	broker.session.timeout.ms = 9000
stream-state-bench-kafka  | 	client.quota.callback.class = null
stream-state-bench-kafka  | 	compression.gzip.level = -1
stream-state-bench-kafka  | 	compression.lz4.level = 9
stream-state-bench-kafka  | 	compression.type = producer
stream-state-bench-kafka  | 	compression.zstd.level = 3
stream-state-bench-kafka  | 	config.providers = []
stream-state-bench-kafka  | 	connection.failed.authentication.delay.ms = 100
stream-state-bench-kafka  | 	connections.max.idle.ms = 600000
stream-state-bench-kafka  | 	connections.max.reauth.ms = 0
stream-state-bench-kafka  | 	controlled.shutdown.enable = true
stream-state-bench-kafka  | 	controller.listener.names = [CONTROLLER]
stream-state-bench-kafka  | 	controller.performance.always.log.threshold.ms = 2000
stream-state-bench-kafka  | 	controller.performance.sample.period.ms = 60000
stream-state-bench-kafka  | 	controller.quorum.append.linger.ms = 25
stream-state-bench-kafka  | 	controller.quorum.auto.join.enable = false
stream-state-bench-kafka  | 	controller.quorum.bootstrap.servers = []
stream-state-bench-kafka  | 	controller.quorum.election.backoff.max.ms = 1000
stream-state-bench-kafka  | 	controller.quorum.election.timeout.ms = 1000
stream-state-bench-kafka  | 	controller.quorum.fetch.max.bytes = 1048576
stream-state-bench-kafka  | 	controller.quorum.fetch.snapshot.max.bytes = 1048576
stream-state-bench-kafka  | 	controller.quorum.fetch.timeout.ms = 2000
stream-state-bench-kafka  | 	controller.quorum.request.timeout.ms = 2000
stream-state-bench-kafka  | 	controller.quorum.retry.backoff.ms = 20
stream-state-bench-kafka  | 	controller.quorum.voters = [1@kafka:9093]
stream-state-bench-kafka  | 	controller.quota.window.num = 11
stream-state-bench-kafka  | 	controller.quota.window.size.seconds = 1
stream-state-bench-kafka  | 	controller.socket.timeout.ms = 30000
stream-state-bench-kafka  | 	cordoned.log.dirs = []
stream-state-bench-kafka  | 	create.topic.policy.class.name = null
stream-state-bench-kafka  | 	default.replication.factor = 1
stream-state-bench-kafka  | 	delegation.token.expiry.check.interval.ms = 3600000
stream-state-bench-kafka  | 	delegation.token.expiry.time.ms = 86400000
stream-state-bench-kafka  | 	delegation.token.max.lifetime.ms = 604800000
stream-state-bench-kafka  | 	delegation.token.secret.key = null
stream-state-bench-kafka  | 	delete.records.purgatory.purge.interval.requests = 1
stream-state-bench-kafka  | 	delete.topic.enable = true
stream-state-bench-kafka  | 	early.start.listeners = null
stream-state-bench-kafka  | 	fetch.max.bytes = 57671680
stream-state-bench-kafka  | 	fetch.purgatory.purge.interval.requests = 1000
stream-state-bench-kafka  | 	follower.fetch.last.tiered.offset.enable = false
stream-state-bench-kafka  | 	group.consumer.assignment.interval.ms = 1000
stream-state-bench-kafka  | 	group.consumer.assignors = [uniform, range]
stream-state-bench-kafka  | 	group.consumer.heartbeat.interval.ms = 5000
stream-state-bench-kafka  | 	group.consumer.max.assignment.interval.ms = 15000
stream-state-bench-kafka  | 	group.consumer.max.heartbeat.interval.ms = 15000
stream-state-bench-kafka  | 	group.consumer.max.session.timeout.ms = 60000
stream-state-bench-kafka  | 	group.consumer.max.size = 2147483647
stream-state-bench-kafka  | 	group.consumer.migration.policy = bidirectional
stream-state-bench-kafka  | 	group.consumer.min.assignment.interval.ms = 0
stream-state-bench-kafka  | 	group.consumer.min.heartbeat.interval.ms = 5000
stream-state-bench-kafka  | 	group.consumer.min.session.timeout.ms = 45000
stream-state-bench-kafka  | 	group.consumer.regex.refresh.interval.ms = 600000
stream-state-bench-kafka  | 	group.consumer.session.timeout.ms = 45000
stream-state-bench-kafka  | 	group.coordinator.append.linger.ms = -1
stream-state-bench-kafka  | 	group.coordinator.background.threads = 2
stream-state-bench-kafka  | 	group.coordinator.cached.buffer.max.bytes = 1048588
stream-state-bench-kafka  | 	group.coordinator.rebalance.protocols = [classic, consumer, streams]
stream-state-bench-kafka  | 	group.coordinator.threads = 4
stream-state-bench-kafka  | 	group.initial.rebalance.delay.ms = 0
stream-state-bench-kafka  | 	group.max.session.timeout.ms = 1800000
stream-state-bench-kafka  | 	group.max.size = 2147483647
stream-state-bench-kafka  | 	group.min.session.timeout.ms = 6000
stream-state-bench-kafka  | 	group.share.assignment.interval.ms = 1000
stream-state-bench-kafka  | 	group.share.assignors = [simple]
stream-state-bench-kafka  | 	group.share.delivery.count.limit = 5
stream-state-bench-kafka  | 	group.share.heartbeat.interval.ms = 5000
stream-state-bench-kafka  | 	group.share.initialize.retry.interval.ms = 30000
stream-state-bench-kafka  | 	group.share.max.assignment.interval.ms = 15000
stream-state-bench-kafka  | 	group.share.max.delivery.count.limit = 10
stream-state-bench-kafka  | 	group.share.max.heartbeat.interval.ms = 15000
stream-state-bench-kafka  | 	group.share.max.partition.max.record.locks = 4000
stream-state-bench-kafka  | 	group.share.max.record.lock.duration.ms = 60000
stream-state-bench-kafka  | 	group.share.max.session.timeout.ms = 60000
stream-state-bench-kafka  | 	group.share.max.share.sessions = 2000
stream-state-bench-kafka  | 	group.share.max.size = 200
stream-state-bench-kafka  | 	group.share.min.assignment.interval.ms = 0
stream-state-bench-kafka  | 	group.share.min.delivery.count.limit = 2
stream-state-bench-kafka  | 	group.share.min.heartbeat.interval.ms = 5000
stream-state-bench-kafka  | 	group.share.min.partition.max.record.locks = 100
stream-state-bench-kafka  | 	group.share.min.record.lock.duration.ms = 15000
stream-state-bench-kafka  | 	group.share.min.session.timeout.ms = 45000
stream-state-bench-kafka  | 	group.share.partition.max.record.locks = 2000
stream-state-bench-kafka  | 	group.share.persister.class.name = org.apache.kafka.server.share.persister.DefaultStatePersister
stream-state-bench-kafka  | 	group.share.record.lock.duration.ms = 30000
stream-state-bench-kafka  | 	group.share.session.timeout.ms = 45000
stream-state-bench-kafka  | 	group.streams.assignment.interval.ms = 1000
stream-state-bench-kafka  | 	group.streams.heartbeat.interval.ms = 5000
stream-state-bench-kafka  | 	group.streams.initial.rebalance.delay.ms = 3000
stream-state-bench-kafka  | 	group.streams.max.assignment.interval.ms = 15000
stream-state-bench-kafka  | 	group.streams.max.heartbeat.interval.ms = 15000
stream-state-bench-kafka  | 	group.streams.max.session.timeout.ms = 60000
stream-state-bench-kafka  | 	group.streams.max.size = 2147483647
stream-state-bench-kafka  | 	group.streams.max.standby.replicas = 2
stream-state-bench-kafka  | 	group.streams.min.assignment.interval.ms = 0
stream-state-bench-kafka  | 	group.streams.min.heartbeat.interval.ms = 5000
stream-state-bench-kafka  | 	group.streams.min.session.timeout.ms = 45000
stream-state-bench-kafka  | 	group.streams.num.standby.replicas = 0
stream-state-bench-kafka  | 	group.streams.session.timeout.ms = 45000
stream-state-bench-kafka  | 	initial.broker.registration.timeout.ms = 60000
stream-state-bench-kafka  | 	inter.broker.listener.name = null
stream-state-bench-kafka  | 	internal.metadata.delete.delay.millis = 60000
stream-state-bench-kafka  | 	internal.metadata.log.segment.bytes = null
stream-state-bench-kafka  | 	internal.metadata.max.batch.size.in.bytes = 8388608
stream-state-bench-kafka  | 	kafka.metrics.polling.interval.secs = 10
stream-state-bench-kafka  | 	kafka.metrics.reporters = []
stream-state-bench-kafka  | 	leader.imbalance.check.interval.seconds = 300
stream-state-bench-kafka  | 	listener.security.protocol.map = CONTROLLER:PLAINTEXT,PLAINTEXT:PLAINTEXT
stream-state-bench-kafka  | 	listeners = [PLAINTEXT://:9092, CONTROLLER://:9093]
stream-state-bench-kafka  | 	log.cleaner.backoff.ms = 15000
stream-state-bench-kafka  | 	log.cleaner.dedupe.buffer.size = 134217728
stream-state-bench-kafka  | 	log.cleaner.delete.retention.ms = 86400000
stream-state-bench-kafka  | 	log.cleaner.enable = true
stream-state-bench-kafka  | 	log.cleaner.io.buffer.load.factor = 0.9
stream-state-bench-kafka  | 	log.cleaner.io.buffer.size = 524288
stream-state-bench-kafka  | 	log.cleaner.io.max.bytes.per.second = 1.7976931348623157E308
stream-state-bench-kafka  | 	log.cleaner.max.compaction.lag.ms = 9223372036854775807
stream-state-bench-kafka  | 	log.cleaner.min.cleanable.ratio = 0.5
stream-state-bench-kafka  | 	log.cleaner.min.compaction.lag.ms = 0
stream-state-bench-kafka  | 	log.cleaner.threads = 1
stream-state-bench-kafka  | 	log.cleanup.policy = [delete]
stream-state-bench-kafka  | 	log.dir = [/tmp/kafka-logs]
stream-state-bench-kafka  | 	log.dir.failure.timeout.ms = 30000
stream-state-bench-kafka  | 	log.dirs = null
stream-state-bench-kafka  | 	log.flush.interval.messages = 9223372036854775807
stream-state-bench-kafka  | 	log.flush.interval.ms = null
stream-state-bench-kafka  | 	log.flush.offset.checkpoint.interval.ms = 60000
stream-state-bench-kafka  | 	log.flush.scheduler.interval.ms = 9223372036854775807
stream-state-bench-kafka  | 	log.flush.start.offset.checkpoint.interval.ms = 60000
stream-state-bench-kafka  | 	log.index.interval.bytes = 4096
stream-state-bench-kafka  | 	log.index.size.max.bytes = 10485760
stream-state-bench-kafka  | 	log.initial.task.delay.ms = 30000
stream-state-bench-kafka  | 	log.local.retention.bytes = -2
stream-state-bench-kafka  | 	log.local.retention.ms = -2
stream-state-bench-kafka  | 	log.message.timestamp.after.max.ms = 3600000
stream-state-bench-kafka  | 	log.message.timestamp.before.max.ms = 9223372036854775807
stream-state-bench-kafka  | 	log.message.timestamp.type = CreateTime
stream-state-bench-kafka  | 	log.preallocate = false
stream-state-bench-kafka  | 	log.retention.bytes = -1
stream-state-bench-kafka  | 	log.retention.check.interval.ms = 300000
stream-state-bench-kafka  | 	log.retention.hours = 168
stream-state-bench-kafka  | 	log.retention.minutes = null
stream-state-bench-kafka  | 	log.retention.ms = null
stream-state-bench-kafka  | 	log.roll.hours = 168
stream-state-bench-kafka  | 	log.roll.jitter.hours = 0
stream-state-bench-kafka  | 	log.roll.jitter.ms = null
stream-state-bench-kafka  | 	log.roll.ms = null
stream-state-bench-kafka  | 	log.segment.bytes = 1073741824
stream-state-bench-kafka  | 	log.segment.delete.delay.ms = 60000
stream-state-bench-kafka  | 	max.connection.creation.rate = 2147483647
stream-state-bench-kafka  | 	max.connections = 2147483647
stream-state-bench-kafka  | 	max.connections.per.ip = 2147483647
stream-state-bench-kafka  | 	max.connections.per.ip.overrides = 
stream-state-bench-kafka  | 	max.incremental.fetch.session.cache.slots = 1000
stream-state-bench-kafka  | 	max.request.partition.size.limit = 2000
stream-state-bench-kafka  | 	message.max.bytes = 1048588
stream-state-bench-kafka  | 	metadata.log.dir = null
stream-state-bench-kafka  | 	metadata.log.max.record.bytes.between.snapshots = 20971520
stream-state-bench-kafka  | 	metadata.log.max.snapshot.interval.ms = 3600000
stream-state-bench-kafka  | 	metadata.log.segment.bytes = 1073741824
stream-state-bench-kafka  | 	metadata.log.segment.ms = 604800000
stream-state-bench-kafka  | 	metadata.max.idle.interval.ms = 500
stream-state-bench-kafka  | 	metadata.max.retention.bytes = 104857600
stream-state-bench-kafka  | 	metadata.max.retention.ms = 604800000
stream-state-bench-kafka  | 	metric.reporters = [org.apache.kafka.common.metrics.JmxReporter]
stream-state-bench-kafka  | 	metrics.num.samples = 2
stream-state-bench-kafka  | 	metrics.recording.level = INFO
stream-state-bench-kafka  | 	metrics.sample.window.ms = 30000
stream-state-bench-kafka  | 	min.insync.replicas = 1
stream-state-bench-kafka  | 	node.id = 1
stream-state-bench-kafka  | 	num.io.threads = 8
stream-state-bench-kafka  | 	num.network.threads = 3
stream-state-bench-kafka  | 	num.partitions = 1
stream-state-bench-kafka  | 	num.recovery.threads.per.data.dir = 2
stream-state-bench-kafka  | 	num.replica.alter.log.dirs.threads = null
stream-state-bench-kafka  | 	num.replica.fetchers = 1
stream-state-bench-kafka  | 	offset.metadata.max.bytes = 4096
stream-state-bench-kafka  | 	offsets.commit.timeout.ms = 5000
stream-state-bench-kafka  | 	offsets.load.buffer.size = 5242880
stream-state-bench-kafka  | 	offsets.retention.check.interval.ms = 600000
stream-state-bench-kafka  | 	offsets.retention.minutes = 10080
stream-state-bench-kafka  | 	offsets.topic.compression.codec = 0
stream-state-bench-kafka  | 	offsets.topic.num.partitions = 50
stream-state-bench-kafka  | 	offsets.topic.replication.factor = 1
stream-state-bench-kafka  | 	offsets.topic.segment.bytes = 104857600
stream-state-bench-kafka  | 	principal.builder.class = class org.apache.kafka.common.security.authenticator.DefaultKafkaPrincipalBuilder
stream-state-bench-kafka  | 	process.roles = [broker, controller]
stream-state-bench-kafka  | 	producer.id.expiration.check.interval.ms = 600000
stream-state-bench-kafka  | 	producer.id.expiration.ms = 86400000
stream-state-bench-kafka  | 	producer.purgatory.purge.interval.requests = 1000
stream-state-bench-kafka  | 	queued.max.request.bytes = -1
stream-state-bench-kafka  | 	queued.max.requests = 500
stream-state-bench-kafka  | 	quota.window.num = 11
stream-state-bench-kafka  | 	quota.window.size.seconds = 1
stream-state-bench-kafka  | 	remote.fetch.max.wait.ms = 500
stream-state-bench-kafka  | 	remote.list.offsets.request.timeout.ms = 30000
stream-state-bench-kafka  | 	remote.log.index.file.cache.total.size.bytes = 1073741824
stream-state-bench-kafka  | 	remote.log.index.file.cache.ttl.ms = 900000
stream-state-bench-kafka  | 	remote.log.manager.copier.thread.pool.size = 10
stream-state-bench-kafka  | 	remote.log.manager.copy.max.bytes.per.second = 9223372036854775807
stream-state-bench-kafka  | 	remote.log.manager.copy.quota.window.num = 11
stream-state-bench-kafka  | 	remote.log.manager.copy.quota.window.size.seconds = 1
stream-state-bench-kafka  | 	remote.log.manager.expiration.thread.pool.size = 10
stream-state-bench-kafka  | 	remote.log.manager.fetch.max.bytes.per.second = 9223372036854775807
stream-state-bench-kafka  | 	remote.log.manager.fetch.quota.window.num = 11
stream-state-bench-kafka  | 	remote.log.manager.fetch.quota.window.size.seconds = 1
stream-state-bench-kafka  | 	remote.log.manager.follower.thread.pool.size = 2
stream-state-bench-kafka  | 	remote.log.manager.task.interval.ms = 30000
stream-state-bench-kafka  | 	remote.log.manager.task.retry.backoff.max.ms = 30000
stream-state-bench-kafka  | 	remote.log.manager.task.retry.backoff.ms = 500
stream-state-bench-kafka  | 	remote.log.manager.task.retry.jitter = 0.2
stream-state-bench-kafka  | 	remote.log.manager.thread.pool.size = 2
stream-state-bench-kafka  | 	remote.log.metadata.custom.metadata.max.bytes = 128
stream-state-bench-kafka  | 	remote.log.metadata.manager.class.name = org.apache.kafka.server.log.remote.metadata.storage.TopicBasedRemoteLogMetadataManager
stream-state-bench-kafka  | 	remote.log.metadata.manager.class.path = null
stream-state-bench-kafka  | 	remote.log.metadata.manager.impl.prefix = rlmm.config.
stream-state-bench-kafka  | 	remote.log.metadata.manager.listener.name = null
stream-state-bench-kafka  | 	remote.log.reader.max.pending.tasks = 100
stream-state-bench-kafka  | 	remote.log.reader.threads = 10
stream-state-bench-kafka  | 	remote.log.storage.manager.class.name = null
stream-state-bench-kafka  | 	remote.log.storage.manager.class.path = null
stream-state-bench-kafka  | 	remote.log.storage.manager.impl.prefix = rsm.config.
stream-state-bench-kafka  | 	remote.log.storage.system.enable = false
stream-state-bench-kafka  | 	replica.fetch.backoff.ms = 1000
stream-state-bench-kafka  | 	replica.fetch.max.bytes = 1048576
stream-state-bench-kafka  | 	replica.fetch.min.bytes = 1
stream-state-bench-kafka  | 	replica.fetch.response.max.bytes = 10485760
stream-state-bench-kafka  | 	replica.fetch.wait.max.ms = 500
stream-state-bench-kafka  | 	replica.high.watermark.checkpoint.interval.ms = 5000
stream-state-bench-kafka  | 	replica.lag.time.max.ms = 30000
stream-state-bench-kafka  | 	replica.selector.class = null
stream-state-bench-kafka  | 	replica.socket.receive.buffer.bytes = 65536
stream-state-bench-kafka  | 	replica.socket.timeout.ms = 30000
stream-state-bench-kafka  | 	replication.quota.window.num = 11
stream-state-bench-kafka  | 	replication.quota.window.size.seconds = 1
stream-state-bench-kafka  | 	request.timeout.ms = 30000
stream-state-bench-kafka  | 	sasl.client.callback.handler.class = null
stream-state-bench-kafka  | 	sasl.enabled.mechanisms = [GSSAPI]
stream-state-bench-kafka  | 	sasl.jaas.config = null
stream-state-bench-kafka  | 	sasl.kerberos.kinit.cmd = /usr/bin/kinit
stream-state-bench-kafka  | 	sasl.kerberos.min.time.before.relogin = 60000
stream-state-bench-kafka  | 	sasl.kerberos.principal.to.local.rules = [DEFAULT]
stream-state-bench-kafka  | 	sasl.kerberos.service.name = null
stream-state-bench-kafka  | 	sasl.kerberos.ticket.renew.jitter = 0.05
stream-state-bench-kafka  | 	sasl.kerberos.ticket.renew.window.factor = 0.8
stream-state-bench-kafka  | 	sasl.login.callback.handler.class = null
stream-state-bench-kafka  | 	sasl.login.class = null
stream-state-bench-kafka  | 	sasl.login.connect.timeout.ms = null
stream-state-bench-kafka  | 	sasl.login.read.timeout.ms = null
stream-state-bench-kafka  | 	sasl.login.refresh.buffer.seconds = 300
stream-state-bench-kafka  | 	sasl.login.refresh.min.period.seconds = 60
stream-state-bench-kafka  | 	sasl.login.refresh.window.factor = 0.8
stream-state-bench-kafka  | 	sasl.login.refresh.window.jitter = 0.05
stream-state-bench-kafka  | 	sasl.login.retry.backoff.max.ms = 10000
stream-state-bench-kafka  | 	sasl.login.retry.backoff.ms = 100
stream-state-bench-kafka  | 	sasl.mechanism.controller.protocol = GSSAPI
stream-state-bench-kafka  | 	sasl.mechanism.inter.broker.protocol = GSSAPI
stream-state-bench-kafka  | 	sasl.oauthbearer.assertion.algorithm = RS256
stream-state-bench-kafka  | 	sasl.oauthbearer.assertion.claim.aud = null
stream-state-bench-kafka  | 	sasl.oauthbearer.assertion.claim.exp.seconds = 300
stream-state-bench-kafka  | 	sasl.oauthbearer.assertion.claim.iss = null
stream-state-bench-kafka  | 	sasl.oauthbearer.assertion.claim.jti.include = false
stream-state-bench-kafka  | 	sasl.oauthbearer.assertion.claim.nbf.seconds = 60
stream-state-bench-kafka  | 	sasl.oauthbearer.assertion.claim.sub = null
stream-state-bench-kafka  | 	sasl.oauthbearer.assertion.file = null
stream-state-bench-kafka  | 	sasl.oauthbearer.assertion.private.key.file = null
stream-state-bench-kafka  | 	sasl.oauthbearer.assertion.private.key.passphrase = null
stream-state-bench-kafka  | 	sasl.oauthbearer.assertion.template.file = null
stream-state-bench-kafka  | 	sasl.oauthbearer.client.credentials.client.id = null
stream-state-bench-kafka  | 	sasl.oauthbearer.client.credentials.client.secret = null
stream-state-bench-kafka  | 	sasl.oauthbearer.clock.skew.seconds = 30
stream-state-bench-kafka  | 	sasl.oauthbearer.expected.audience = []
stream-state-bench-kafka  | 	sasl.oauthbearer.expected.issuer = null
stream-state-bench-kafka  | 	sasl.oauthbearer.jwks.endpoint.refresh.ms = 3600000
stream-state-bench-kafka  | 	sasl.oauthbearer.jwks.endpoint.retry.backoff.max.ms = 10000
stream-state-bench-kafka  | 	sasl.oauthbearer.jwks.endpoint.retry.backoff.ms = 100
stream-state-bench-kafka  | 	sasl.oauthbearer.jwks.endpoint.url = null
stream-state-bench-kafka  | 	sasl.oauthbearer.jwt.retriever.class = class org.apache.kafka.common.security.oauthbearer.DefaultJwtRetriever
stream-state-bench-kafka  | 	sasl.oauthbearer.jwt.validator.class = class org.apache.kafka.common.security.oauthbearer.DefaultJwtValidator
stream-state-bench-kafka  | 	sasl.oauthbearer.scope = null
stream-state-bench-kafka  | 	sasl.oauthbearer.scope.claim.name = scope
stream-state-bench-kafka  | 	sasl.oauthbearer.sub.claim.name = sub
stream-state-bench-kafka  | 	sasl.oauthbearer.token.endpoint.url = null
stream-state-bench-kafka  | 	sasl.server.callback.handler.class = null
stream-state-bench-kafka  | 	sasl.server.max.receive.size = 524288
stream-state-bench-kafka  | 	security.inter.broker.protocol = PLAINTEXT
stream-state-bench-kafka  | 	security.providers = null
stream-state-bench-kafka  | 	server.max.startup.time.ms = 9223372036854775807
stream-state-bench-kafka  | 	share.coordinator.append.linger.ms = -1
stream-state-bench-kafka  | 	share.coordinator.cached.buffer.max.bytes = 1048588
stream-state-bench-kafka  | 	share.coordinator.cold.partition.snapshot.interval.ms = 300000
stream-state-bench-kafka  | 	share.coordinator.load.buffer.size = 5242880
stream-state-bench-kafka  | 	share.coordinator.snapshot.update.records.per.snapshot = 500
stream-state-bench-kafka  | 	share.coordinator.state.topic.compression.codec = 0
stream-state-bench-kafka  | 	share.coordinator.state.topic.min.isr = 2
stream-state-bench-kafka  | 	share.coordinator.state.topic.num.partitions = 50
stream-state-bench-kafka  | 	share.coordinator.state.topic.prune.interval.ms = 300000
stream-state-bench-kafka  | 	share.coordinator.state.topic.replication.factor = 3
stream-state-bench-kafka  | 	share.coordinator.state.topic.segment.bytes = 104857600
stream-state-bench-kafka  | 	share.coordinator.threads = 1
stream-state-bench-kafka  | 	share.coordinator.write.timeout.ms = 5000
stream-state-bench-kafka  | 	share.fetch.purgatory.purge.interval.requests = 1000
stream-state-bench-kafka  | 	socket.connection.setup.timeout.max.ms = 30000
stream-state-bench-kafka  | 	socket.connection.setup.timeout.ms = 10000
stream-state-bench-kafka  | 	socket.listen.backlog.size = 50
stream-state-bench-kafka  | 	socket.receive.buffer.bytes = 102400
stream-state-bench-kafka  | 	socket.request.max.bytes = 104857600
stream-state-bench-kafka  | 	socket.send.buffer.bytes = 102400
stream-state-bench-kafka  | 	ssl.allow.dn.changes = false
stream-state-bench-kafka  | 	ssl.allow.san.changes = false
stream-state-bench-kafka  | 	ssl.cipher.suites = []
stream-state-bench-kafka  | 	ssl.client.auth = none
stream-state-bench-kafka  | 	ssl.enabled.protocols = [TLSv1.2, TLSv1.3]
stream-state-bench-kafka  | 	ssl.endpoint.identification.algorithm = https
stream-state-bench-kafka  | 	ssl.engine.factory.class = null
stream-state-bench-kafka  | 	ssl.key.password = null
stream-state-bench-kafka  | 	ssl.keymanager.algorithm = SunX509
stream-state-bench-kafka  | 	ssl.keystore.certificate.chain = null
stream-state-bench-kafka  | 	ssl.keystore.key = null
stream-state-bench-kafka  | 	ssl.keystore.location = null
stream-state-bench-kafka  | 	ssl.keystore.password = null
stream-state-bench-kafka  | 	ssl.keystore.type = JKS
stream-state-bench-kafka  | 	ssl.principal.mapping.rules = DEFAULT
stream-state-bench-kafka  | 	ssl.protocol = TLSv1.3
stream-state-bench-kafka  | 	ssl.provider = null
stream-state-bench-kafka  | 	ssl.secure.random.implementation = null
stream-state-bench-kafka  | 	ssl.trustmanager.algorithm = PKIX
stream-state-bench-kafka  | 	ssl.truststore.certificates = null
stream-state-bench-kafka  | 	ssl.truststore.location = null
stream-state-bench-kafka  | 	ssl.truststore.password = null
stream-state-bench-kafka  | 	ssl.truststore.type = JKS
stream-state-bench-kafka  | 	telemetry.max.bytes = 1048576
stream-state-bench-kafka  | 	transaction.abort.timed.out.transaction.cleanup.interval.ms = 10000
stream-state-bench-kafka  | 	transaction.max.timeout.ms = 900000
stream-state-bench-kafka  | 	transaction.partition.verification.enable = true
stream-state-bench-kafka  | 	transaction.remove.expired.transaction.cleanup.interval.ms = 3600000
stream-state-bench-kafka  | 	transaction.state.log.load.buffer.size = 5242880
stream-state-bench-kafka  | 	transaction.state.log.min.isr = 1
stream-state-bench-kafka  | 	transaction.state.log.num.partitions = 50
stream-state-bench-kafka  | 	transaction.state.log.replication.factor = 1
stream-state-bench-kafka  | 	transaction.state.log.segment.bytes = 104857600
stream-state-bench-kafka  | 	transaction.two.phase.commit.enable = false
stream-state-bench-kafka  | 	transactional.id.expiration.ms = 604800000
stream-state-bench-kafka  | 	unclean.leader.election.enable = false
stream-state-bench-kafka  | 	unclean.leader.election.interval.ms = 300000
stream-state-bench-kafka  | 	unstable.api.versions.enable = false
stream-state-bench-kafka  | 	unstable.feature.versions.enable = false
stream-state-bench-kafka  |  (org.apache.kafka.common.config.AbstractConfig)
stream-state-bench-kafka  | [2026-07-16 06:29:19,599] INFO [BrokerServer id=1] Waiting for the broker to be unfenced (kafka.server.BrokerServer)
stream-state-bench-kafka  | [2026-07-16 06:29:19,629] INFO [BrokerLifecycleManager id=1] The broker has been unfenced. Transitioning from RECOVERY to RUNNING. (org.apache.kafka.server.BrokerLifecycleManager)
stream-state-bench-kafka  | [2026-07-16 06:29:19,629] INFO [BrokerServer id=1] Finished waiting for the broker to be unfenced (kafka.server.BrokerServer)
stream-state-bench-kafka  | [2026-07-16 06:29:19,630] INFO authorizerStart completed for endpoint PLAINTEXT. Endpoint is now READY. (org.apache.kafka.server.network.EndpointReadyFutures)
stream-state-bench-kafka  | [2026-07-16 06:29:19,630] INFO [SocketServer listenerType=BROKER, nodeId=1] Enabling request processing. (kafka.network.SocketServer)
stream-state-bench-kafka  | [2026-07-16 06:29:19,630] INFO Awaiting socket connections on 0.0.0.0:9092. (kafka.network.DataPlaneAcceptor)
stream-state-bench-kafka  | [2026-07-16 06:29:19,631] INFO [BrokerServer id=1] Waiting for all of the authorizer futures to be completed (kafka.server.BrokerServer)
stream-state-bench-kafka  | [2026-07-16 06:29:19,631] INFO [BrokerServer id=1] Finished waiting for all of the authorizer futures to be completed (kafka.server.BrokerServer)
stream-state-bench-kafka  | [2026-07-16 06:29:19,631] INFO [BrokerServer id=1] Waiting for all of the SocketServer Acceptors to be started (kafka.server.BrokerServer)
stream-state-bench-kafka  | [2026-07-16 06:29:19,632] INFO [BrokerServer id=1] Finished waiting for all of the SocketServer Acceptors to be started (kafka.server.BrokerServer)
stream-state-bench-kafka  | [2026-07-16 06:29:19,632] INFO [BrokerServer id=1] Transition from STARTING to STARTED (kafka.server.BrokerServer)
stream-state-bench-kafka  | [2026-07-16 06:29:19,633] INFO Kafka version: 4.3.1 (org.apache.kafka.common.utils.AppInfoParser)
stream-state-bench-kafka  | [2026-07-16 06:29:19,633] INFO Kafka commitId: 26b251a451ce941d (org.apache.kafka.common.utils.AppInfoParser)
stream-state-bench-kafka  | [2026-07-16 06:29:19,633] INFO Kafka startTimeMs: 1784183359632 (org.apache.kafka.common.utils.AppInfoParser)
stream-state-bench-kafka  | [2026-07-16 06:29:19,635] INFO [KafkaRaftServer nodeId=1] Kafka Server started (kafka.server.KafkaRaftServer)
stream-state-bench-kafka  | [2026-07-16 06:29:20,247] INFO Sent auto-creation request for Set(__consumer_offsets) to the active controller. (kafka.server.DefaultAutoTopicCreationManager)
stream-state-bench-kafka  | [2026-07-16 06:29:20,294] INFO [ReplicaFetcherManager on broker 1] Removed fetcher for partitions Set(__consumer_offsets-13, __consumer_offsets-46, __consumer_offsets-9, __consumer_offsets-42, __consumer_offsets-21, __consumer_offsets-17, __consumer_offsets-30, __consumer_offsets-26, __consumer_offsets-5, __consumer_offsets-38, __consumer_offsets-1, __consumer_offsets-34, __consumer_offsets-16, __consumer_offsets-45, __consumer_offsets-12, __consumer_offsets-41, __consumer_offsets-24, __consumer_offsets-20, __consumer_offsets-49, __consumer_offsets-0, __consumer_offsets-29, __consumer_offsets-25, __consumer_offsets-8, __consumer_offsets-37, __consumer_offsets-4, __consumer_offsets-33, __consumer_offsets-15, __consumer_offsets-48, __consumer_offsets-11, __consumer_offsets-44, __consumer_offsets-23, __consumer_offsets-19, __consumer_offsets-32, __consumer_offsets-28, __consumer_offsets-7, __consumer_offsets-40, __consumer_offsets-3, __consumer_offsets-36, __consumer_offsets-47, __consumer_offsets-14, __consumer_offsets-43, __consumer_offsets-10, __consumer_offsets-22, __consumer_offsets-18, __consumer_offsets-31, __consumer_offsets-27, __consumer_offsets-39, __consumer_offsets-6, __consumer_offsets-35, __consumer_offsets-2) (kafka.server.ReplicaFetcherManager)
stream-state-bench-kafka  | [2026-07-16 06:29:20,306] INFO [LogLoader partition=__consumer_offsets-13, dir=/tmp/kafka-logs] Loading producer state till offset 0 (org.apache.kafka.storage.internals.log.UnifiedLog)
stream-state-bench-kafka  | [2026-07-16 06:29:20,308] INFO Created log for partition __consumer_offsets-13 in /tmp/kafka-logs/__consumer_offsets-13 with properties {cleanup.policy=compact, compression.type="producer", segment.bytes=104857600} (kafka.log.LogManager)
stream-state-bench-kafka  | [2026-07-16 06:29:20,310] INFO [Partition __consumer_offsets-13 broker=1] No checkpointed highwatermark is found for partition __consumer_offsets-13 (kafka.cluster.Partition)
stream-state-bench-kafka  | [2026-07-16 06:29:20,311] INFO [Partition __consumer_offsets-13 broker=1] Log loaded for partition __consumer_offsets-13 with initial high watermark 0 (kafka.cluster.Partition)
stream-state-bench-kafka  | [2026-07-16 06:29:20,323] INFO [LogLoader partition=__consumer_offsets-46, dir=/tmp/kafka-logs] Loading producer state till offset 0 (org.apache.kafka.storage.internals.log.UnifiedLog)
stream-state-bench-kafka  | [2026-07-16 06:29:20,324] INFO Created log for partition __consumer_offsets-46 in /tmp/kafka-logs/__consumer_offsets-46 with properties {cleanup.policy=compact, compression.type="producer", segment.bytes=104857600} (kafka.log.LogManager)
stream-state-bench-kafka  | [2026-07-16 06:29:20,324] INFO [Partition __consumer_offsets-46 broker=1] No checkpointed highwatermark is found for partition __consumer_offsets-46 (kafka.cluster.Partition)
stream-state-bench-kafka  | [2026-07-16 06:29:20,324] INFO [Partition __consumer_offsets-46 broker=1] Log loaded for partition __consumer_offsets-46 with initial high watermark 0 (kafka.cluster.Partition)
stream-state-bench-kafka  | [2026-07-16 06:29:20,330] INFO [LogLoader partition=__consumer_offsets-9, dir=/tmp/kafka-logs] Loading producer state till offset 0 (org.apache.kafka.storage.internals.log.UnifiedLog)
stream-state-bench-kafka  | [2026-07-16 06:29:20,331] INFO Created log for partition __consumer_offsets-9 in /tmp/kafka-logs/__consumer_offsets-9 with properties {cleanup.policy=compact, compression.type="producer", segment.bytes=104857600} (kafka.log.LogManager)
stream-state-bench-kafka  | [2026-07-16 06:29:20,331] INFO [Partition __consumer_offsets-9 broker=1] No checkpointed highwatermark is found for partition __consumer_offsets-9 (kafka.cluster.Partition)
stream-state-bench-kafka  | [2026-07-16 06:29:20,331] INFO [Partition __consumer_offsets-9 broker=1] Log loaded for partition __consumer_offsets-9 with initial high watermark 0 (kafka.cluster.Partition)
stream-state-bench-kafka  | [2026-07-16 06:29:20,341] INFO [LogLoader partition=__consumer_offsets-42, dir=/tmp/kafka-logs] Loading producer state till offset 0 (org.apache.kafka.storage.internals.log.UnifiedLog)
stream-state-bench-kafka  | [2026-07-16 06:29:20,342] INFO Created log for partition __consumer_offsets-42 in /tmp/kafka-logs/__consumer_offsets-42 with properties {cleanup.policy=compact, compression.type="producer", segment.bytes=104857600} (kafka.log.LogManager)
stream-state-bench-kafka  | [2026-07-16 06:29:20,342] INFO [Partition __consumer_offsets-42 broker=1] No checkpointed highwatermark is found for partition __consumer_offsets-42 (kafka.cluster.Partition)
stream-state-bench-kafka  | [2026-07-16 06:29:20,342] INFO [Partition __consumer_offsets-42 broker=1] Log loaded for partition __consumer_offsets-42 with initial high watermark 0 (kafka.cluster.Partition)
stream-state-bench-kafka  | [2026-07-16 06:29:20,349] INFO [LogLoader partition=__consumer_offsets-21, dir=/tmp/kafka-logs] Loading producer state till offset 0 (org.apache.kafka.storage.internals.log.UnifiedLog)
stream-state-bench-kafka  | [2026-07-16 06:29:20,350] INFO Created log for partition __consumer_offsets-21 in /tmp/kafka-logs/__consumer_offsets-21 with properties {cleanup.policy=compact, compression.type="producer", segment.bytes=104857600} (kafka.log.LogManager)
stream-state-bench-kafka  | [2026-07-16 06:29:20,350] INFO [Partition __consumer_offsets-21 broker=1] No checkpointed highwatermark is found for partition __consumer_offsets-21 (kafka.cluster.Partition)
stream-state-bench-kafka  | [2026-07-16 06:29:20,350] INFO [Partition __consumer_offsets-21 broker=1] Log loaded for partition __consumer_offsets-21 with initial high watermark 0 (kafka.cluster.Partition)
stream-state-bench-kafka  | [2026-07-16 06:29:20,357] INFO [LogLoader partition=__consumer_offsets-17, dir=/tmp/kafka-logs] Loading producer state till offset 0 (org.apache.kafka.storage.internals.log.UnifiedLog)
stream-state-bench-kafka  | [2026-07-16 06:29:20,358] INFO Created log for partition __consumer_offsets-17 in /tmp/kafka-logs/__consumer_offsets-17 with properties {cleanup.policy=compact, compression.type="producer", segment.bytes=104857600} (kafka.log.LogManager)
stream-state-bench-kafka  | [2026-07-16 06:29:20,358] INFO [Partition __consumer_offsets-17 broker=1] No checkpointed highwatermark is found for partition __consumer_offsets-17 (kafka.cluster.Partition)
stream-state-bench-kafka  | [2026-07-16 06:29:20,358] INFO [Partition __consumer_offsets-17 broker=1] Log loaded for partition __consumer_offsets-17 with initial high watermark 0 (kafka.cluster.Partition)
stream-state-bench-kafka  | [2026-07-16 06:29:20,365] INFO [LogLoader partition=__consumer_offsets-30, dir=/tmp/kafka-logs] Loading producer state till offset 0 (org.apache.kafka.storage.internals.log.UnifiedLog)
stream-state-bench-kafka  | [2026-07-16 06:29:20,366] INFO Created log for partition __consumer_offsets-30 in /tmp/kafka-logs/__consumer_offsets-30 with properties {cleanup.policy=compact, compression.type="producer", segment.bytes=104857600} (kafka.log.LogManager)
stream-state-bench-kafka  | [2026-07-16 06:29:20,366] INFO [Partition __consumer_offsets-30 broker=1] No checkpointed highwatermark is found for partition __consumer_offsets-30 (kafka.cluster.Partition)
stream-state-bench-kafka  | [2026-07-16 06:29:20,366] INFO [Partition __consumer_offsets-30 broker=1] Log loaded for partition __consumer_offsets-30 with initial high watermark 0 (kafka.cluster.Partition)
stream-state-bench-kafka  | [2026-07-16 06:29:20,373] INFO [LogLoader partition=__consumer_offsets-26, dir=/tmp/kafka-logs] Loading producer state till offset 0 (org.apache.kafka.storage.internals.log.UnifiedLog)
stream-state-bench-kafka  | [2026-07-16 06:29:20,374] INFO Created log for partition __consumer_offsets-26 in /tmp/kafka-logs/__consumer_offsets-26 with properties {cleanup.policy=compact, compression.type="producer", segment.bytes=104857600} (kafka.log.LogManager)
stream-state-bench-kafka  | [2026-07-16 06:29:20,374] INFO [Partition __consumer_offsets-26 broker=1] No checkpointed highwatermark is found for partition __consumer_offsets-26 (kafka.cluster.Partition)
stream-state-bench-kafka  | [2026-07-16 06:29:20,374] INFO [Partition __consumer_offsets-26 broker=1] Log loaded for partition __consumer_offsets-26 with initial high watermark 0 (kafka.cluster.Partition)
stream-state-bench-kafka  | [2026-07-16 06:29:20,381] INFO [LogLoader partition=__consumer_offsets-5, dir=/tmp/kafka-logs] Loading producer state till offset 0 (org.apache.kafka.storage.internals.log.UnifiedLog)
stream-state-bench-kafka  | [2026-07-16 06:29:20,381] INFO Created log for partition __consumer_offsets-5 in /tmp/kafka-logs/__consumer_offsets-5 with properties {cleanup.policy=compact, compression.type="producer", segment.bytes=104857600} (kafka.log.LogManager)
stream-state-bench-kafka  | [2026-07-16 06:29:20,382] INFO [Partition __consumer_offsets-5 broker=1] No checkpointed highwatermark is found for partition __consumer_offsets-5 (kafka.cluster.Partition)
stream-state-bench-kafka  | [2026-07-16 06:29:20,382] INFO [Partition __consumer_offsets-5 broker=1] Log loaded for partition __consumer_offsets-5 with initial high watermark 0 (kafka.cluster.Partition)
stream-state-bench-kafka  | [2026-07-16 06:29:20,388] INFO [LogLoader partition=__consumer_offsets-38, dir=/tmp/kafka-logs] Loading producer state till offset 0 (org.apache.kafka.storage.internals.log.UnifiedLog)
stream-state-bench-kafka  | [2026-07-16 06:29:20,389] INFO Created log for partition __consumer_offsets-38 in /tmp/kafka-logs/__consumer_offsets-38 with properties {cleanup.policy=compact, compression.type="producer", segment.bytes=104857600} (kafka.log.LogManager)
stream-state-bench-kafka  | [2026-07-16 06:29:20,389] INFO [Partition __consumer_offsets-38 broker=1] No checkpointed highwatermark is found for partition __consumer_offsets-38 (kafka.cluster.Partition)
stream-state-bench-kafka  | [2026-07-16 06:29:20,389] INFO [Partition __consumer_offsets-38 broker=1] Log loaded for partition __consumer_offsets-38 with initial high watermark 0 (kafka.cluster.Partition)
stream-state-bench-kafka  | [2026-07-16 06:29:20,396] INFO [LogLoader partition=__consumer_offsets-1, dir=/tmp/kafka-logs] Loading producer state till offset 0 (org.apache.kafka.storage.internals.log.UnifiedLog)
stream-state-bench-kafka  | [2026-07-16 06:29:20,397] INFO Created log for partition __consumer_offsets-1 in /tmp/kafka-logs/__consumer_offsets-1 with properties {cleanup.policy=compact, compression.type="producer", segment.bytes=104857600} (kafka.log.LogManager)
stream-state-bench-kafka  | [2026-07-16 06:29:20,397] INFO [Partition __consumer_offsets-1 broker=1] No checkpointed highwatermark is found for partition __consumer_offsets-1 (kafka.cluster.Partition)
stream-state-bench-kafka  | [2026-07-16 06:29:20,397] INFO [Partition __consumer_offsets-1 broker=1] Log loaded for partition __consumer_offsets-1 with initial high watermark 0 (kafka.cluster.Partition)
stream-state-bench-kafka  | [2026-07-16 06:29:20,404] INFO [LogLoader partition=__consumer_offsets-34, dir=/tmp/kafka-logs] Loading producer state till offset 0 (org.apache.kafka.storage.internals.log.UnifiedLog)
stream-state-bench-kafka  | [2026-07-16 06:29:20,404] INFO Created log for partition __consumer_offsets-34 in /tmp/kafka-logs/__consumer_offsets-34 with properties {cleanup.policy=compact, compression.type="producer", segment.bytes=104857600} (kafka.log.LogManager)
stream-state-bench-kafka  | [2026-07-16 06:29:20,405] INFO [Partition __consumer_offsets-34 broker=1] No checkpointed highwatermark is found for partition __consumer_offsets-34 (kafka.cluster.Partition)
stream-state-bench-kafka  | [2026-07-16 06:29:20,405] INFO [Partition __consumer_offsets-34 broker=1] Log loaded for partition __consumer_offsets-34 with initial high watermark 0 (kafka.cluster.Partition)
stream-state-bench-kafka  | [2026-07-16 06:29:20,412] INFO [LogLoader partition=__consumer_offsets-16, dir=/tmp/kafka-logs] Loading producer state till offset 0 (org.apache.kafka.storage.internals.log.UnifiedLog)
stream-state-bench-kafka  | [2026-07-16 06:29:20,412] INFO Created log for partition __consumer_offsets-16 in /tmp/kafka-logs/__consumer_offsets-16 with properties {cleanup.policy=compact, compression.type="producer", segment.bytes=104857600} (kafka.log.LogManager)
stream-state-bench-kafka  | [2026-07-16 06:29:20,412] INFO [Partition __consumer_offsets-16 broker=1] No checkpointed highwatermark is found for partition __consumer_offsets-16 (kafka.cluster.Partition)
stream-state-bench-kafka  | [2026-07-16 06:29:20,412] INFO [Partition __consumer_offsets-16 broker=1] Log loaded for partition __consumer_offsets-16 with initial high watermark 0 (kafka.cluster.Partition)
stream-state-bench-kafka  | [2026-07-16 06:29:20,420] INFO [LogLoader partition=__consumer_offsets-45, dir=/tmp/kafka-logs] Loading producer state till offset 0 (org.apache.kafka.storage.internals.log.UnifiedLog)
stream-state-bench-kafka  | [2026-07-16 06:29:20,420] INFO Created log for partition __consumer_offsets-45 in /tmp/kafka-logs/__consumer_offsets-45 with properties {cleanup.policy=compact, compression.type="producer", segment.bytes=104857600} (kafka.log.LogManager)
stream-state-bench-kafka  | [2026-07-16 06:29:20,421] INFO [Partition __consumer_offsets-45 broker=1] No checkpointed highwatermark is found for partition __consumer_offsets-45 (kafka.cluster.Partition)
stream-state-bench-kafka  | [2026-07-16 06:29:20,421] INFO [Partition __consumer_offsets-45 broker=1] Log loaded for partition __consumer_offsets-45 with initial high watermark 0 (kafka.cluster.Partition)
stream-state-bench-kafka  | [2026-07-16 06:29:20,427] INFO [LogLoader partition=__consumer_offsets-12, dir=/tmp/kafka-logs] Loading producer state till offset 0 (org.apache.kafka.storage.internals.log.UnifiedLog)
stream-state-bench-kafka  | [2026-07-16 06:29:20,427] INFO Created log for partition __consumer_offsets-12 in /tmp/kafka-logs/__consumer_offsets-12 with properties {cleanup.policy=compact, compression.type="producer", segment.bytes=104857600} (kafka.log.LogManager)
stream-state-bench-kafka  | [2026-07-16 06:29:20,428] INFO [Partition __consumer_offsets-12 broker=1] No checkpointed highwatermark is found for partition __consumer_offsets-12 (kafka.cluster.Partition)
stream-state-bench-kafka  | [2026-07-16 06:29:20,428] INFO [Partition __consumer_offsets-12 broker=1] Log loaded for partition __consumer_offsets-12 with initial high watermark 0 (kafka.cluster.Partition)
stream-state-bench-kafka  | [2026-07-16 06:29:20,438] INFO [LogLoader partition=__consumer_offsets-41, dir=/tmp/kafka-logs] Loading producer state till offset 0 (org.apache.kafka.storage.internals.log.UnifiedLog)
stream-state-bench-kafka  | [2026-07-16 06:29:20,439] INFO Created log for partition __consumer_offsets-41 in /tmp/kafka-logs/__consumer_offsets-41 with properties {cleanup.policy=compact, compression.type="producer", segment.bytes=104857600} (kafka.log.LogManager)
stream-state-bench-kafka  | [2026-07-16 06:29:20,439] INFO [Partition __consumer_offsets-41 broker=1] No checkpointed highwatermark is found for partition __consumer_offsets-41 (kafka.cluster.Partition)
stream-state-bench-kafka  | [2026-07-16 06:29:20,439] INFO [Partition __consumer_offsets-41 broker=1] Log loaded for partition __consumer_offsets-41 with initial high watermark 0 (kafka.cluster.Partition)
stream-state-bench-kafka  | [2026-07-16 06:29:20,445] INFO [LogLoader partition=__consumer_offsets-24, dir=/tmp/kafka-logs] Loading producer state till offset 0 (org.apache.kafka.storage.internals.log.UnifiedLog)
stream-state-bench-kafka  | [2026-07-16 06:29:20,446] INFO Created log for partition __consumer_offsets-24 in /tmp/kafka-logs/__consumer_offsets-24 with properties {cleanup.policy=compact, compression.type="producer", segment.bytes=104857600} (kafka.log.LogManager)
stream-state-bench-kafka  | [2026-07-16 06:29:20,446] INFO [Partition __consumer_offsets-24 broker=1] No checkpointed highwatermark is found for partition __consumer_offsets-24 (kafka.cluster.Partition)
stream-state-bench-kafka  | [2026-07-16 06:29:20,446] INFO [Partition __consumer_offsets-24 broker=1] Log loaded for partition __consumer_offsets-24 with initial high watermark 0 (kafka.cluster.Partition)
stream-state-bench-kafka  | [2026-07-16 06:29:20,453] INFO [LogLoader partition=__consumer_offsets-20, dir=/tmp/kafka-logs] Loading producer state till offset 0 (org.apache.kafka.storage.internals.log.UnifiedLog)
stream-state-bench-kafka  | [2026-07-16 06:29:20,454] INFO Created log for partition __consumer_offsets-20 in /tmp/kafka-logs/__consumer_offsets-20 with properties {cleanup.policy=compact, compression.type="producer", segment.bytes=104857600} (kafka.log.LogManager)
stream-state-bench-kafka  | [2026-07-16 06:29:20,454] INFO [Partition __consumer_offsets-20 broker=1] No checkpointed highwatermark is found for partition __consumer_offsets-20 (kafka.cluster.Partition)
stream-state-bench-kafka  | [2026-07-16 06:29:20,454] INFO [Partition __consumer_offsets-20 broker=1] Log loaded for partition __consumer_offsets-20 with initial high watermark 0 (kafka.cluster.Partition)
stream-state-bench-kafka  | [2026-07-16 06:29:20,461] INFO [LogLoader partition=__consumer_offsets-49, dir=/tmp/kafka-logs] Loading producer state till offset 0 (org.apache.kafka.storage.internals.log.UnifiedLog)
stream-state-bench-kafka  | [2026-07-16 06:29:20,462] INFO Created log for partition __consumer_offsets-49 in /tmp/kafka-logs/__consumer_offsets-49 with properties {cleanup.policy=compact, compression.type="producer", segment.bytes=104857600} (kafka.log.LogManager)
stream-state-bench-kafka  | [2026-07-16 06:29:20,462] INFO [Partition __consumer_offsets-49 broker=1] No checkpointed highwatermark is found for partition __consumer_offsets-49 (kafka.cluster.Partition)
stream-state-bench-kafka  | [2026-07-16 06:29:20,462] INFO [Partition __consumer_offsets-49 broker=1] Log loaded for partition __consumer_offsets-49 with initial high watermark 0 (kafka.cluster.Partition)
stream-state-bench-kafka  | [2026-07-16 06:29:20,468] INFO [LogLoader partition=__consumer_offsets-0, dir=/tmp/kafka-logs] Loading producer state till offset 0 (org.apache.kafka.storage.internals.log.UnifiedLog)
stream-state-bench-kafka  | [2026-07-16 06:29:20,469] INFO Created log for partition __consumer_offsets-0 in /tmp/kafka-logs/__consumer_offsets-0 with properties {cleanup.policy=compact, compression.type="producer", segment.bytes=104857600} (kafka.log.LogManager)
stream-state-bench-kafka  | [2026-07-16 06:29:20,469] INFO [Partition __consumer_offsets-0 broker=1] No checkpointed highwatermark is found for partition __consumer_offsets-0 (kafka.cluster.Partition)
stream-state-bench-kafka  | [2026-07-16 06:29:20,469] INFO [Partition __consumer_offsets-0 broker=1] Log loaded for partition __consumer_offsets-0 with initial high watermark 0 (kafka.cluster.Partition)
stream-state-bench-kafka  | [2026-07-16 06:29:20,476] INFO [LogLoader partition=__consumer_offsets-29, dir=/tmp/kafka-logs] Loading producer state till offset 0 (org.apache.kafka.storage.internals.log.UnifiedLog)
stream-state-bench-kafka  | [2026-07-16 06:29:20,477] INFO Created log for partition __consumer_offsets-29 in /tmp/kafka-logs/__consumer_offsets-29 with properties {cleanup.policy=compact, compression.type="producer", segment.bytes=104857600} (kafka.log.LogManager)
stream-state-bench-kafka  | [2026-07-16 06:29:20,477] INFO [Partition __consumer_offsets-29 broker=1] No checkpointed highwatermark is found for partition __consumer_offsets-29 (kafka.cluster.Partition)
stream-state-bench-kafka  | [2026-07-16 06:29:20,477] INFO [Partition __consumer_offsets-29 broker=1] Log loaded for partition __consumer_offsets-29 with initial high watermark 0 (kafka.cluster.Partition)
stream-state-bench-kafka  | [2026-07-16 06:29:20,485] INFO [LogLoader partition=__consumer_offsets-25, dir=/tmp/kafka-logs] Loading producer state till offset 0 (org.apache.kafka.storage.internals.log.UnifiedLog)
stream-state-bench-kafka  | [2026-07-16 06:29:20,486] INFO Created log for partition __consumer_offsets-25 in /tmp/kafka-logs/__consumer_offsets-25 with properties {cleanup.policy=compact, compression.type="producer", segment.bytes=104857600} (kafka.log.LogManager)
stream-state-bench-kafka  | [2026-07-16 06:29:20,486] INFO [Partition __consumer_offsets-25 broker=1] No checkpointed highwatermark is found for partition __consumer_offsets-25 (kafka.cluster.Partition)
stream-state-bench-kafka  | [2026-07-16 06:29:20,486] INFO [Partition __consumer_offsets-25 broker=1] Log loaded for partition __consumer_offsets-25 with initial high watermark 0 (kafka.cluster.Partition)
stream-state-bench-kafka  | [2026-07-16 06:29:20,492] INFO [LogLoader partition=__consumer_offsets-8, dir=/tmp/kafka-logs] Loading producer state till offset 0 (org.apache.kafka.storage.internals.log.UnifiedLog)
stream-state-bench-kafka  | [2026-07-16 06:29:20,492] INFO Created log for partition __consumer_offsets-8 in /tmp/kafka-logs/__consumer_offsets-8 with properties {cleanup.policy=compact, compression.type="producer", segment.bytes=104857600} (kafka.log.LogManager)
stream-state-bench-kafka  | [2026-07-16 06:29:20,492] INFO [Partition __consumer_offsets-8 broker=1] No checkpointed highwatermark is found for partition __consumer_offsets-8 (kafka.cluster.Partition)
stream-state-bench-kafka  | [2026-07-16 06:29:20,492] INFO [Partition __consumer_offsets-8 broker=1] Log loaded for partition __consumer_offsets-8 with initial high watermark 0 (kafka.cluster.Partition)
stream-state-bench-kafka  | [2026-07-16 06:29:20,498] INFO [LogLoader partition=__consumer_offsets-37, dir=/tmp/kafka-logs] Loading producer state till offset 0 (org.apache.kafka.storage.internals.log.UnifiedLog)
stream-state-bench-kafka  | [2026-07-16 06:29:20,498] INFO Created log for partition __consumer_offsets-37 in /tmp/kafka-logs/__consumer_offsets-37 with properties {cleanup.policy=compact, compression.type="producer", segment.bytes=104857600} (kafka.log.LogManager)
stream-state-bench-kafka  | [2026-07-16 06:29:20,498] INFO [Partition __consumer_offsets-37 broker=1] No checkpointed highwatermark is found for partition __consumer_offsets-37 (kafka.cluster.Partition)
stream-state-bench-kafka  | [2026-07-16 06:29:20,499] INFO [Partition __consumer_offsets-37 broker=1] Log loaded for partition __consumer_offsets-37 with initial high watermark 0 (kafka.cluster.Partition)
stream-state-bench-kafka  | [2026-07-16 06:29:20,504] INFO [LogLoader partition=__consumer_offsets-4, dir=/tmp/kafka-logs] Loading producer state till offset 0 (org.apache.kafka.storage.internals.log.UnifiedLog)
stream-state-bench-kafka  | [2026-07-16 06:29:20,505] INFO Created log for partition __consumer_offsets-4 in /tmp/kafka-logs/__consumer_offsets-4 with properties {cleanup.policy=compact, compression.type="producer", segment.bytes=104857600} (kafka.log.LogManager)
stream-state-bench-kafka  | [2026-07-16 06:29:20,505] INFO [Partition __consumer_offsets-4 broker=1] No checkpointed highwatermark is found for partition __consumer_offsets-4 (kafka.cluster.Partition)
stream-state-bench-kafka  | [2026-07-16 06:29:20,505] INFO [Partition __consumer_offsets-4 broker=1] Log loaded for partition __consumer_offsets-4 with initial high watermark 0 (kafka.cluster.Partition)
stream-state-bench-kafka  | [2026-07-16 06:29:20,510] INFO [LogLoader partition=__consumer_offsets-33, dir=/tmp/kafka-logs] Loading producer state till offset 0 (org.apache.kafka.storage.internals.log.UnifiedLog)
stream-state-bench-kafka  | [2026-07-16 06:29:20,511] INFO Created log for partition __consumer_offsets-33 in /tmp/kafka-logs/__consumer_offsets-33 with properties {cleanup.policy=compact, compression.type="producer", segment.bytes=104857600} (kafka.log.LogManager)
stream-state-bench-kafka  | [2026-07-16 06:29:20,511] INFO [Partition __consumer_offsets-33 broker=1] No checkpointed highwatermark is found for partition __consumer_offsets-33 (kafka.cluster.Partition)
stream-state-bench-kafka  | [2026-07-16 06:29:20,511] INFO [Partition __consumer_offsets-33 broker=1] Log loaded for partition __consumer_offsets-33 with initial high watermark 0 (kafka.cluster.Partition)
stream-state-bench-kafka  | [2026-07-16 06:29:20,516] INFO [LogLoader partition=__consumer_offsets-15, dir=/tmp/kafka-logs] Loading producer state till offset 0 (org.apache.kafka.storage.internals.log.UnifiedLog)
stream-state-bench-kafka  | [2026-07-16 06:29:20,517] INFO Created log for partition __consumer_offsets-15 in /tmp/kafka-logs/__consumer_offsets-15 with properties {cleanup.policy=compact, compression.type="producer", segment.bytes=104857600} (kafka.log.LogManager)
stream-state-bench-kafka  | [2026-07-16 06:29:20,517] INFO [Partition __consumer_offsets-15 broker=1] No checkpointed highwatermark is found for partition __consumer_offsets-15 (kafka.cluster.Partition)
stream-state-bench-kafka  | [2026-07-16 06:29:20,517] INFO [Partition __consumer_offsets-15 broker=1] Log loaded for partition __consumer_offsets-15 with initial high watermark 0 (kafka.cluster.Partition)
stream-state-bench-kafka  | [2026-07-16 06:29:20,525] INFO [LogLoader partition=__consumer_offsets-48, dir=/tmp/kafka-logs] Loading producer state till offset 0 (org.apache.kafka.storage.internals.log.UnifiedLog)
stream-state-bench-kafka  | [2026-07-16 06:29:20,526] INFO Created log for partition __consumer_offsets-48 in /tmp/kafka-logs/__consumer_offsets-48 with properties {cleanup.policy=compact, compression.type="producer", segment.bytes=104857600} (kafka.log.LogManager)
stream-state-bench-kafka  | [2026-07-16 06:29:20,526] INFO [Partition __consumer_offsets-48 broker=1] No checkpointed highwatermark is found for partition __consumer_offsets-48 (kafka.cluster.Partition)
stream-state-bench-kafka  | [2026-07-16 06:29:20,526] INFO [Partition __consumer_offsets-48 broker=1] Log loaded for partition __consumer_offsets-48 with initial high watermark 0 (kafka.cluster.Partition)
stream-state-bench-kafka  | [2026-07-16 06:29:20,534] INFO [LogLoader partition=__consumer_offsets-11, dir=/tmp/kafka-logs] Loading producer state till offset 0 (org.apache.kafka.storage.internals.log.UnifiedLog)
stream-state-bench-kafka  | [2026-07-16 06:29:20,535] INFO Created log for partition __consumer_offsets-11 in /tmp/kafka-logs/__consumer_offsets-11 with properties {cleanup.policy=compact, compression.type="producer", segment.bytes=104857600} (kafka.log.LogManager)
stream-state-bench-kafka  | [2026-07-16 06:29:20,535] INFO [Partition __consumer_offsets-11 broker=1] No checkpointed highwatermark is found for partition __consumer_offsets-11 (kafka.cluster.Partition)
stream-state-bench-kafka  | [2026-07-16 06:29:20,535] INFO [Partition __consumer_offsets-11 broker=1] Log loaded for partition __consumer_offsets-11 with initial high watermark 0 (kafka.cluster.Partition)
stream-state-bench-kafka  | [2026-07-16 06:29:20,542] INFO [LogLoader partition=__consumer_offsets-44, dir=/tmp/kafka-logs] Loading producer state till offset 0 (org.apache.kafka.storage.internals.log.UnifiedLog)
stream-state-bench-kafka  | [2026-07-16 06:29:20,543] INFO Created log for partition __consumer_offsets-44 in /tmp/kafka-logs/__consumer_offsets-44 with properties {cleanup.policy=compact, compression.type="producer", segment.bytes=104857600} (kafka.log.LogManager)
stream-state-bench-kafka  | [2026-07-16 06:29:20,543] INFO [Partition __consumer_offsets-44 broker=1] No checkpointed highwatermark is found for partition __consumer_offsets-44 (kafka.cluster.Partition)
stream-state-bench-kafka  | [2026-07-16 06:29:20,543] INFO [Partition __consumer_offsets-44 broker=1] Log loaded for partition __consumer_offsets-44 with initial high watermark 0 (kafka.cluster.Partition)
stream-state-bench-kafka  | [2026-07-16 06:29:20,551] INFO [LogLoader partition=__consumer_offsets-23, dir=/tmp/kafka-logs] Loading producer state till offset 0 (org.apache.kafka.storage.internals.log.UnifiedLog)
stream-state-bench-kafka  | [2026-07-16 06:29:20,552] INFO Created log for partition __consumer_offsets-23 in /tmp/kafka-logs/__consumer_offsets-23 with properties {cleanup.policy=compact, compression.type="producer", segment.bytes=104857600} (kafka.log.LogManager)
stream-state-bench-kafka  | [2026-07-16 06:29:20,553] INFO [Partition __consumer_offsets-23 broker=1] No checkpointed highwatermark is found for partition __consumer_offsets-23 (kafka.cluster.Partition)
stream-state-bench-kafka  | [2026-07-16 06:29:20,553] INFO [Partition __consumer_offsets-23 broker=1] Log loaded for partition __consumer_offsets-23 with initial high watermark 0 (kafka.cluster.Partition)
stream-state-bench-kafka  | [2026-07-16 06:29:20,559] INFO [LogLoader partition=__consumer_offsets-19, dir=/tmp/kafka-logs] Loading producer state till offset 0 (org.apache.kafka.storage.internals.log.UnifiedLog)
stream-state-bench-kafka  | [2026-07-16 06:29:20,560] INFO Created log for partition __consumer_offsets-19 in /tmp/kafka-logs/__consumer_offsets-19 with properties {cleanup.policy=compact, compression.type="producer", segment.bytes=104857600} (kafka.log.LogManager)
stream-state-bench-kafka  | [2026-07-16 06:29:20,560] INFO [Partition __consumer_offsets-19 broker=1] No checkpointed highwatermark is found for partition __consumer_offsets-19 (kafka.cluster.Partition)
stream-state-bench-kafka  | [2026-07-16 06:29:20,560] INFO [Partition __consumer_offsets-19 broker=1] Log loaded for partition __consumer_offsets-19 with initial high watermark 0 (kafka.cluster.Partition)
stream-state-bench-kafka  | [2026-07-16 06:29:20,566] INFO [LogLoader partition=__consumer_offsets-32, dir=/tmp/kafka-logs] Loading producer state till offset 0 (org.apache.kafka.storage.internals.log.UnifiedLog)
stream-state-bench-kafka  | [2026-07-16 06:29:20,566] INFO Created log for partition __consumer_offsets-32 in /tmp/kafka-logs/__consumer_offsets-32 with properties {cleanup.policy=compact, compression.type="producer", segment.bytes=104857600} (kafka.log.LogManager)
stream-state-bench-kafka  | [2026-07-16 06:29:20,566] INFO [Partition __consumer_offsets-32 broker=1] No checkpointed highwatermark is found for partition __consumer_offsets-32 (kafka.cluster.Partition)
stream-state-bench-kafka  | [2026-07-16 06:29:20,566] INFO [Partition __consumer_offsets-32 broker=1] Log loaded for partition __consumer_offsets-32 with initial high watermark 0 (kafka.cluster.Partition)
stream-state-bench-kafka  | [2026-07-16 06:29:20,571] INFO [LogLoader partition=__consumer_offsets-28, dir=/tmp/kafka-logs] Loading producer state till offset 0 (org.apache.kafka.storage.internals.log.UnifiedLog)
stream-state-bench-kafka  | [2026-07-16 06:29:20,572] INFO Created log for partition __consumer_offsets-28 in /tmp/kafka-logs/__consumer_offsets-28 with properties {cleanup.policy=compact, compression.type="producer", segment.bytes=104857600} (kafka.log.LogManager)
stream-state-bench-kafka  | [2026-07-16 06:29:20,572] INFO [Partition __consumer_offsets-28 broker=1] No checkpointed highwatermark is found for partition __consumer_offsets-28 (kafka.cluster.Partition)
stream-state-bench-kafka  | [2026-07-16 06:29:20,572] INFO [Partition __consumer_offsets-28 broker=1] Log loaded for partition __consumer_offsets-28 with initial high watermark 0 (kafka.cluster.Partition)
stream-state-bench-kafka  | [2026-07-16 06:29:20,577] INFO [LogLoader partition=__consumer_offsets-7, dir=/tmp/kafka-logs] Loading producer state till offset 0 (org.apache.kafka.storage.internals.log.UnifiedLog)
stream-state-bench-kafka  | [2026-07-16 06:29:20,577] INFO Created log for partition __consumer_offsets-7 in /tmp/kafka-logs/__consumer_offsets-7 with properties {cleanup.policy=compact, compression.type="producer", segment.bytes=104857600} (kafka.log.LogManager)
stream-state-bench-kafka  | [2026-07-16 06:29:20,577] INFO [Partition __consumer_offsets-7 broker=1] No checkpointed highwatermark is found for partition __consumer_offsets-7 (kafka.cluster.Partition)
stream-state-bench-kafka  | [2026-07-16 06:29:20,577] INFO [Partition __consumer_offsets-7 broker=1] Log loaded for partition __consumer_offsets-7 with initial high watermark 0 (kafka.cluster.Partition)
stream-state-bench-kafka  | [2026-07-16 06:29:20,582] INFO [LogLoader partition=__consumer_offsets-40, dir=/tmp/kafka-logs] Loading producer state till offset 0 (org.apache.kafka.storage.internals.log.UnifiedLog)
stream-state-bench-kafka  | [2026-07-16 06:29:20,583] INFO Created log for partition __consumer_offsets-40 in /tmp/kafka-logs/__consumer_offsets-40 with properties {cleanup.policy=compact, compression.type="producer", segment.bytes=104857600} (kafka.log.LogManager)
stream-state-bench-kafka  | [2026-07-16 06:29:20,583] INFO [Partition __consumer_offsets-40 broker=1] No checkpointed highwatermark is found for partition __consumer_offsets-40 (kafka.cluster.Partition)
stream-state-bench-kafka  | [2026-07-16 06:29:20,583] INFO [Partition __consumer_offsets-40 broker=1] Log loaded for partition __consumer_offsets-40 with initial high watermark 0 (kafka.cluster.Partition)
stream-state-bench-kafka  | [2026-07-16 06:29:20,588] INFO [LogLoader partition=__consumer_offsets-3, dir=/tmp/kafka-logs] Loading producer state till offset 0 (org.apache.kafka.storage.internals.log.UnifiedLog)
stream-state-bench-kafka  | [2026-07-16 06:29:20,588] INFO Created log for partition __consumer_offsets-3 in /tmp/kafka-logs/__consumer_offsets-3 with properties {cleanup.policy=compact, compression.type="producer", segment.bytes=104857600} (kafka.log.LogManager)
stream-state-bench-kafka  | [2026-07-16 06:29:20,588] INFO [Partition __consumer_offsets-3 broker=1] No checkpointed highwatermark is found for partition __consumer_offsets-3 (kafka.cluster.Partition)
stream-state-bench-kafka  | [2026-07-16 06:29:20,588] INFO [Partition __consumer_offsets-3 broker=1] Log loaded for partition __consumer_offsets-3 with initial high watermark 0 (kafka.cluster.Partition)
stream-state-bench-kafka  | [2026-07-16 06:29:20,592] INFO [LogLoader partition=__consumer_offsets-36, dir=/tmp/kafka-logs] Loading producer state till offset 0 (org.apache.kafka.storage.internals.log.UnifiedLog)
stream-state-bench-kafka  | [2026-07-16 06:29:20,593] INFO Created log for partition __consumer_offsets-36 in /tmp/kafka-logs/__consumer_offsets-36 with properties {cleanup.policy=compact, compression.type="producer", segment.bytes=104857600} (kafka.log.LogManager)
stream-state-bench-kafka  | [2026-07-16 06:29:20,593] INFO [Partition __consumer_offsets-36 broker=1] No checkpointed highwatermark is found for partition __consumer_offsets-36 (kafka.cluster.Partition)
stream-state-bench-kafka  | [2026-07-16 06:29:20,593] INFO [Partition __consumer_offsets-36 broker=1] Log loaded for partition __consumer_offsets-36 with initial high watermark 0 (kafka.cluster.Partition)
stream-state-bench-kafka  | [2026-07-16 06:29:20,598] INFO [LogLoader partition=__consumer_offsets-47, dir=/tmp/kafka-logs] Loading producer state till offset 0 (org.apache.kafka.storage.internals.log.UnifiedLog)
stream-state-bench-kafka  | [2026-07-16 06:29:20,598] INFO Created log for partition __consumer_offsets-47 in /tmp/kafka-logs/__consumer_offsets-47 with properties {cleanup.policy=compact, compression.type="producer", segment.bytes=104857600} (kafka.log.LogManager)
stream-state-bench-kafka  | [2026-07-16 06:29:20,598] INFO [Partition __consumer_offsets-47 broker=1] No checkpointed highwatermark is found for partition __consumer_offsets-47 (kafka.cluster.Partition)
stream-state-bench-kafka  | [2026-07-16 06:29:20,598] INFO [Partition __consumer_offsets-47 broker=1] Log loaded for partition __consumer_offsets-47 with initial high watermark 0 (kafka.cluster.Partition)
stream-state-bench-kafka  | [2026-07-16 06:29:20,605] INFO [LogLoader partition=__consumer_offsets-14, dir=/tmp/kafka-logs] Loading producer state till offset 0 (org.apache.kafka.storage.internals.log.UnifiedLog)
stream-state-bench-kafka  | [2026-07-16 06:29:20,605] INFO Created log for partition __consumer_offsets-14 in /tmp/kafka-logs/__consumer_offsets-14 with properties {cleanup.policy=compact, compression.type="producer", segment.bytes=104857600} (kafka.log.LogManager)
stream-state-bench-kafka  | [2026-07-16 06:29:20,605] INFO [Partition __consumer_offsets-14 broker=1] No checkpointed highwatermark is found for partition __consumer_offsets-14 (kafka.cluster.Partition)
stream-state-bench-kafka  | [2026-07-16 06:29:20,605] INFO [Partition __consumer_offsets-14 broker=1] Log loaded for partition __consumer_offsets-14 with initial high watermark 0 (kafka.cluster.Partition)
stream-state-bench-kafka  | [2026-07-16 06:29:20,613] INFO [LogLoader partition=__consumer_offsets-43, dir=/tmp/kafka-logs] Loading producer state till offset 0 (org.apache.kafka.storage.internals.log.UnifiedLog)
stream-state-bench-kafka  | [2026-07-16 06:29:20,613] INFO Created log for partition __consumer_offsets-43 in /tmp/kafka-logs/__consumer_offsets-43 with properties {cleanup.policy=compact, compression.type="producer", segment.bytes=104857600} (kafka.log.LogManager)
stream-state-bench-kafka  | [2026-07-16 06:29:20,613] INFO [Partition __consumer_offsets-43 broker=1] No checkpointed highwatermark is found for partition __consumer_offsets-43 (kafka.cluster.Partition)
stream-state-bench-kafka  | [2026-07-16 06:29:20,613] INFO [Partition __consumer_offsets-43 broker=1] Log loaded for partition __consumer_offsets-43 with initial high watermark 0 (kafka.cluster.Partition)
stream-state-bench-kafka  | [2026-07-16 06:29:20,620] INFO [LogLoader partition=__consumer_offsets-10, dir=/tmp/kafka-logs] Loading producer state till offset 0 (org.apache.kafka.storage.internals.log.UnifiedLog)
stream-state-bench-kafka  | [2026-07-16 06:29:20,620] INFO Created log for partition __consumer_offsets-10 in /tmp/kafka-logs/__consumer_offsets-10 with properties {cleanup.policy=compact, compression.type="producer", segment.bytes=104857600} (kafka.log.LogManager)
stream-state-bench-kafka  | [2026-07-16 06:29:20,621] INFO [Partition __consumer_offsets-10 broker=1] No checkpointed highwatermark is found for partition __consumer_offsets-10 (kafka.cluster.Partition)
stream-state-bench-kafka  | [2026-07-16 06:29:20,621] INFO [Partition __consumer_offsets-10 broker=1] Log loaded for partition __consumer_offsets-10 with initial high watermark 0 (kafka.cluster.Partition)
stream-state-bench-kafka  | [2026-07-16 06:29:20,626] INFO [LogLoader partition=__consumer_offsets-22, dir=/tmp/kafka-logs] Loading producer state till offset 0 (org.apache.kafka.storage.internals.log.UnifiedLog)
stream-state-bench-kafka  | [2026-07-16 06:29:20,626] INFO Created log for partition __consumer_offsets-22 in /tmp/kafka-logs/__consumer_offsets-22 with properties {cleanup.policy=compact, compression.type="producer", segment.bytes=104857600} (kafka.log.LogManager)
stream-state-bench-kafka  | [2026-07-16 06:29:20,626] INFO [Partition __consumer_offsets-22 broker=1] No checkpointed highwatermark is found for partition __consumer_offsets-22 (kafka.cluster.Partition)
stream-state-bench-kafka  | [2026-07-16 06:29:20,626] INFO [Partition __consumer_offsets-22 broker=1] Log loaded for partition __consumer_offsets-22 with initial high watermark 0 (kafka.cluster.Partition)
stream-state-bench-kafka  | [2026-07-16 06:29:20,631] INFO [LogLoader partition=__consumer_offsets-18, dir=/tmp/kafka-logs] Loading producer state till offset 0 (org.apache.kafka.storage.internals.log.UnifiedLog)
stream-state-bench-kafka  | [2026-07-16 06:29:20,632] INFO Created log for partition __consumer_offsets-18 in /tmp/kafka-logs/__consumer_offsets-18 with properties {cleanup.policy=compact, compression.type="producer", segment.bytes=104857600} (kafka.log.LogManager)
stream-state-bench-kafka  | [2026-07-16 06:29:20,632] INFO [Partition __consumer_offsets-18 broker=1] No checkpointed highwatermark is found for partition __consumer_offsets-18 (kafka.cluster.Partition)
stream-state-bench-kafka  | [2026-07-16 06:29:20,632] INFO [Partition __consumer_offsets-18 broker=1] Log loaded for partition __consumer_offsets-18 with initial high watermark 0 (kafka.cluster.Partition)
stream-state-bench-kafka  | [2026-07-16 06:29:20,638] INFO [LogLoader partition=__consumer_offsets-31, dir=/tmp/kafka-logs] Loading producer state till offset 0 (org.apache.kafka.storage.internals.log.UnifiedLog)
stream-state-bench-kafka  | [2026-07-16 06:29:20,639] INFO Created log for partition __consumer_offsets-31 in /tmp/kafka-logs/__consumer_offsets-31 with properties {cleanup.policy=compact, compression.type="producer", segment.bytes=104857600} (kafka.log.LogManager)
stream-state-bench-kafka  | [2026-07-16 06:29:20,639] INFO [Partition __consumer_offsets-31 broker=1] No checkpointed highwatermark is found for partition __consumer_offsets-31 (kafka.cluster.Partition)
stream-state-bench-kafka  | [2026-07-16 06:29:20,639] INFO [Partition __consumer_offsets-31 broker=1] Log loaded for partition __consumer_offsets-31 with initial high watermark 0 (kafka.cluster.Partition)
stream-state-bench-kafka  | [2026-07-16 06:29:20,644] INFO [LogLoader partition=__consumer_offsets-27, dir=/tmp/kafka-logs] Loading producer state till offset 0 (org.apache.kafka.storage.internals.log.UnifiedLog)
stream-state-bench-kafka  | [2026-07-16 06:29:20,644] INFO Created log for partition __consumer_offsets-27 in /tmp/kafka-logs/__consumer_offsets-27 with properties {cleanup.policy=compact, compression.type="producer", segment.bytes=104857600} (kafka.log.LogManager)
stream-state-bench-kafka  | [2026-07-16 06:29:20,644] INFO [Partition __consumer_offsets-27 broker=1] No checkpointed highwatermark is found for partition __consumer_offsets-27 (kafka.cluster.Partition)
stream-state-bench-kafka  | [2026-07-16 06:29:20,644] INFO [Partition __consumer_offsets-27 broker=1] Log loaded for partition __consumer_offsets-27 with initial high watermark 0 (kafka.cluster.Partition)
stream-state-bench-kafka  | [2026-07-16 06:29:20,650] INFO [LogLoader partition=__consumer_offsets-39, dir=/tmp/kafka-logs] Loading producer state till offset 0 (org.apache.kafka.storage.internals.log.UnifiedLog)
stream-state-bench-kafka  | [2026-07-16 06:29:20,650] INFO Created log for partition __consumer_offsets-39 in /tmp/kafka-logs/__consumer_offsets-39 with properties {cleanup.policy=compact, compression.type="producer", segment.bytes=104857600} (kafka.log.LogManager)
stream-state-bench-kafka  | [2026-07-16 06:29:20,650] INFO [Partition __consumer_offsets-39 broker=1] No checkpointed highwatermark is found for partition __consumer_offsets-39 (kafka.cluster.Partition)
stream-state-bench-kafka  | [2026-07-16 06:29:20,650] INFO [Partition __consumer_offsets-39 broker=1] Log loaded for partition __consumer_offsets-39 with initial high watermark 0 (kafka.cluster.Partition)
stream-state-bench-kafka  | [2026-07-16 06:29:20,656] INFO [LogLoader partition=__consumer_offsets-6, dir=/tmp/kafka-logs] Loading producer state till offset 0 (org.apache.kafka.storage.internals.log.UnifiedLog)
stream-state-bench-kafka  | [2026-07-16 06:29:20,656] INFO Created log for partition __consumer_offsets-6 in /tmp/kafka-logs/__consumer_offsets-6 with properties {cleanup.policy=compact, compression.type="producer", segment.bytes=104857600} (kafka.log.LogManager)
stream-state-bench-kafka  | [2026-07-16 06:29:20,656] INFO [Partition __consumer_offsets-6 broker=1] No checkpointed highwatermark is found for partition __consumer_offsets-6 (kafka.cluster.Partition)
stream-state-bench-kafka  | [2026-07-16 06:29:20,656] INFO [Partition __consumer_offsets-6 broker=1] Log loaded for partition __consumer_offsets-6 with initial high watermark 0 (kafka.cluster.Partition)
stream-state-bench-kafka  | [2026-07-16 06:29:20,661] INFO [LogLoader partition=__consumer_offsets-35, dir=/tmp/kafka-logs] Loading producer state till offset 0 (org.apache.kafka.storage.internals.log.UnifiedLog)
stream-state-bench-kafka  | [2026-07-16 06:29:20,661] INFO Created log for partition __consumer_offsets-35 in /tmp/kafka-logs/__consumer_offsets-35 with properties {cleanup.policy=compact, compression.type="producer", segment.bytes=104857600} (kafka.log.LogManager)
stream-state-bench-kafka  | [2026-07-16 06:29:20,662] INFO [Partition __consumer_offsets-35 broker=1] No checkpointed highwatermark is found for partition __consumer_offsets-35 (kafka.cluster.Partition)
stream-state-bench-kafka  | [2026-07-16 06:29:20,662] INFO [Partition __consumer_offsets-35 broker=1] Log loaded for partition __consumer_offsets-35 with initial high watermark 0 (kafka.cluster.Partition)
stream-state-bench-kafka  | [2026-07-16 06:29:20,667] INFO [LogLoader partition=__consumer_offsets-2, dir=/tmp/kafka-logs] Loading producer state till offset 0 (org.apache.kafka.storage.internals.log.UnifiedLog)
stream-state-bench-kafka  | [2026-07-16 06:29:20,667] INFO Created log for partition __consumer_offsets-2 in /tmp/kafka-logs/__consumer_offsets-2 with properties {cleanup.policy=compact, compression.type="producer", segment.bytes=104857600} (kafka.log.LogManager)
stream-state-bench-kafka  | [2026-07-16 06:29:20,668] INFO [Partition __consumer_offsets-2 broker=1] No checkpointed highwatermark is found for partition __consumer_offsets-2 (kafka.cluster.Partition)
stream-state-bench-kafka  | [2026-07-16 06:29:20,668] INFO [Partition __consumer_offsets-2 broker=1] Log loaded for partition __consumer_offsets-2 with initial high watermark 0 (kafka.cluster.Partition)
stream-state-bench-kafka  | [2026-07-16 06:29:20,674] INFO [GroupCoordinator id=1] Scheduling loading of metadata from __consumer_offsets-13 with epoch 0 (org.apache.kafka.coordinator.common.runtime.CoordinatorRuntime)
stream-state-bench-kafka  | [2026-07-16 06:29:20,675] INFO [GroupCoordinator id=1] Scheduling loading of metadata from __consumer_offsets-46 with epoch 0 (org.apache.kafka.coordinator.common.runtime.CoordinatorRuntime)
stream-state-bench-kafka  | [2026-07-16 06:29:20,675] INFO [GroupCoordinator id=1] Scheduling loading of metadata from __consumer_offsets-9 with epoch 0 (org.apache.kafka.coordinator.common.runtime.CoordinatorRuntime)
stream-state-bench-kafka  | [2026-07-16 06:29:20,675] INFO [GroupCoordinator id=1] Scheduling loading of metadata from __consumer_offsets-42 with epoch 0 (org.apache.kafka.coordinator.common.runtime.CoordinatorRuntime)
stream-state-bench-kafka  | [2026-07-16 06:29:20,675] INFO [GroupCoordinator id=1] Scheduling loading of metadata from __consumer_offsets-21 with epoch 0 (org.apache.kafka.coordinator.common.runtime.CoordinatorRuntime)
stream-state-bench-kafka  | [2026-07-16 06:29:20,675] INFO [GroupCoordinator id=1] Scheduling loading of metadata from __consumer_offsets-17 with epoch 0 (org.apache.kafka.coordinator.common.runtime.CoordinatorRuntime)
stream-state-bench-kafka  | [2026-07-16 06:29:20,675] INFO [GroupCoordinator id=1] Scheduling loading of metadata from __consumer_offsets-30 with epoch 0 (org.apache.kafka.coordinator.common.runtime.CoordinatorRuntime)
stream-state-bench-kafka  | [2026-07-16 06:29:20,676] INFO [GroupCoordinator id=1] Scheduling loading of metadata from __consumer_offsets-26 with epoch 0 (org.apache.kafka.coordinator.common.runtime.CoordinatorRuntime)
stream-state-bench-kafka  | [2026-07-16 06:29:20,676] INFO [GroupCoordinator id=1] Scheduling loading of metadata from __consumer_offsets-5 with epoch 0 (org.apache.kafka.coordinator.common.runtime.CoordinatorRuntime)
stream-state-bench-kafka  | [2026-07-16 06:29:20,676] INFO [GroupCoordinator id=1] Scheduling loading of metadata from __consumer_offsets-38 with epoch 0 (org.apache.kafka.coordinator.common.runtime.CoordinatorRuntime)
stream-state-bench-kafka  | [2026-07-16 06:29:20,676] INFO [GroupCoordinator id=1] Scheduling loading of metadata from __consumer_offsets-1 with epoch 0 (org.apache.kafka.coordinator.common.runtime.CoordinatorRuntime)
stream-state-bench-kafka  | [2026-07-16 06:29:20,676] INFO [GroupCoordinator id=1] Scheduling loading of metadata from __consumer_offsets-34 with epoch 0 (org.apache.kafka.coordinator.common.runtime.CoordinatorRuntime)
stream-state-bench-kafka  | [2026-07-16 06:29:20,676] INFO [GroupCoordinator id=1] Scheduling loading of metadata from __consumer_offsets-16 with epoch 0 (org.apache.kafka.coordinator.common.runtime.CoordinatorRuntime)
stream-state-bench-kafka  | [2026-07-16 06:29:20,676] INFO [GroupCoordinator id=1] Scheduling loading of metadata from __consumer_offsets-45 with epoch 0 (org.apache.kafka.coordinator.common.runtime.CoordinatorRuntime)
stream-state-bench-kafka  | [2026-07-16 06:29:20,676] INFO [GroupCoordinator id=1] Scheduling loading of metadata from __consumer_offsets-12 with epoch 0 (org.apache.kafka.coordinator.common.runtime.CoordinatorRuntime)
stream-state-bench-kafka  | [2026-07-16 06:29:20,676] INFO [GroupCoordinator id=1] Scheduling loading of metadata from __consumer_offsets-41 with epoch 0 (org.apache.kafka.coordinator.common.runtime.CoordinatorRuntime)
stream-state-bench-kafka  | [2026-07-16 06:29:20,676] INFO [GroupCoordinator id=1] Scheduling loading of metadata from __consumer_offsets-24 with epoch 0 (org.apache.kafka.coordinator.common.runtime.CoordinatorRuntime)
stream-state-bench-kafka  | [2026-07-16 06:29:20,677] INFO [GroupCoordinator id=1] Scheduling loading of metadata from __consumer_offsets-20 with epoch 0 (org.apache.kafka.coordinator.common.runtime.CoordinatorRuntime)
stream-state-bench-kafka  | [2026-07-16 06:29:20,677] INFO [GroupCoordinator id=1] Scheduling loading of metadata from __consumer_offsets-49 with epoch 0 (org.apache.kafka.coordinator.common.runtime.CoordinatorRuntime)
stream-state-bench-kafka  | [2026-07-16 06:29:20,677] INFO [GroupCoordinator id=1] Scheduling loading of metadata from __consumer_offsets-0 with epoch 0 (org.apache.kafka.coordinator.common.runtime.CoordinatorRuntime)
stream-state-bench-kafka  | [2026-07-16 06:29:20,677] INFO [GroupCoordinator id=1] Scheduling loading of metadata from __consumer_offsets-29 with epoch 0 (org.apache.kafka.coordinator.common.runtime.CoordinatorRuntime)
stream-state-bench-kafka  | [2026-07-16 06:29:20,677] INFO [GroupCoordinator id=1] Scheduling loading of metadata from __consumer_offsets-25 with epoch 0 (org.apache.kafka.coordinator.common.runtime.CoordinatorRuntime)
stream-state-bench-kafka  | [2026-07-16 06:29:20,677] INFO [GroupCoordinator id=1] Scheduling loading of metadata from __consumer_offsets-8 with epoch 0 (org.apache.kafka.coordinator.common.runtime.CoordinatorRuntime)
stream-state-bench-kafka  | [2026-07-16 06:29:20,677] INFO [GroupCoordinator id=1] Scheduling loading of metadata from __consumer_offsets-37 with epoch 0 (org.apache.kafka.coordinator.common.runtime.CoordinatorRuntime)
stream-state-bench-kafka  | [2026-07-16 06:29:20,678] INFO [GroupCoordinator id=1] Scheduling loading of metadata from __consumer_offsets-4 with epoch 0 (org.apache.kafka.coordinator.common.runtime.CoordinatorRuntime)
stream-state-bench-kafka  | [2026-07-16 06:29:20,678] INFO [GroupCoordinator id=1] Scheduling loading of metadata from __consumer_offsets-33 with epoch 0 (org.apache.kafka.coordinator.common.runtime.CoordinatorRuntime)
stream-state-bench-kafka  | [2026-07-16 06:29:20,678] INFO [GroupCoordinator id=1] Scheduling loading of metadata from __consumer_offsets-15 with epoch 0 (org.apache.kafka.coordinator.common.runtime.CoordinatorRuntime)
stream-state-bench-kafka  | [2026-07-16 06:29:20,678] INFO [GroupCoordinator id=1] Scheduling loading of metadata from __consumer_offsets-48 with epoch 0 (org.apache.kafka.coordinator.common.runtime.CoordinatorRuntime)
stream-state-bench-kafka  | [2026-07-16 06:29:20,678] INFO [GroupCoordinator id=1] Scheduling loading of metadata from __consumer_offsets-11 with epoch 0 (org.apache.kafka.coordinator.common.runtime.CoordinatorRuntime)
stream-state-bench-kafka  | [2026-07-16 06:29:20,678] INFO [GroupCoordinator id=1] Scheduling loading of metadata from __consumer_offsets-44 with epoch 0 (org.apache.kafka.coordinator.common.runtime.CoordinatorRuntime)
stream-state-bench-kafka  | [2026-07-16 06:29:20,678] INFO [GroupCoordinator id=1] Scheduling loading of metadata from __consumer_offsets-23 with epoch 0 (org.apache.kafka.coordinator.common.runtime.CoordinatorRuntime)
stream-state-bench-kafka  | [2026-07-16 06:29:20,678] INFO [GroupCoordinator id=1] Scheduling loading of metadata from __consumer_offsets-19 with epoch 0 (org.apache.kafka.coordinator.common.runtime.CoordinatorRuntime)
stream-state-bench-kafka  | [2026-07-16 06:29:20,678] INFO [GroupCoordinator id=1] Scheduling loading of metadata from __consumer_offsets-32 with epoch 0 (org.apache.kafka.coordinator.common.runtime.CoordinatorRuntime)
stream-state-bench-kafka  | [2026-07-16 06:29:20,679] INFO [GroupCoordinator id=1] Scheduling loading of metadata from __consumer_offsets-28 with epoch 0 (org.apache.kafka.coordinator.common.runtime.CoordinatorRuntime)
stream-state-bench-kafka  | [2026-07-16 06:29:20,679] INFO [GroupCoordinator id=1] Scheduling loading of metadata from __consumer_offsets-7 with epoch 0 (org.apache.kafka.coordinator.common.runtime.CoordinatorRuntime)
stream-state-bench-kafka  | [2026-07-16 06:29:20,679] INFO [GroupCoordinator id=1] Scheduling loading of metadata from __consumer_offsets-40 with epoch 0 (org.apache.kafka.coordinator.common.runtime.CoordinatorRuntime)
stream-state-bench-kafka  | [2026-07-16 06:29:20,679] INFO [GroupCoordinator id=1] Scheduling loading of metadata from __consumer_offsets-3 with epoch 0 (org.apache.kafka.coordinator.common.runtime.CoordinatorRuntime)
stream-state-bench-kafka  | [2026-07-16 06:29:20,679] INFO [GroupCoordinator id=1] Scheduling loading of metadata from __consumer_offsets-36 with epoch 0 (org.apache.kafka.coordinator.common.runtime.CoordinatorRuntime)
stream-state-bench-kafka  | [2026-07-16 06:29:20,679] INFO [GroupCoordinator id=1] Scheduling loading of metadata from __consumer_offsets-47 with epoch 0 (org.apache.kafka.coordinator.common.runtime.CoordinatorRuntime)
stream-state-bench-kafka  | [2026-07-16 06:29:20,680] INFO [GroupCoordinator id=1] Scheduling loading of metadata from __consumer_offsets-14 with epoch 0 (org.apache.kafka.coordinator.common.runtime.CoordinatorRuntime)
stream-state-bench-kafka  | [2026-07-16 06:29:20,680] INFO [GroupCoordinator id=1] Scheduling loading of metadata from __consumer_offsets-43 with epoch 0 (org.apache.kafka.coordinator.common.runtime.CoordinatorRuntime)
stream-state-bench-kafka  | [2026-07-16 06:29:20,680] INFO [GroupCoordinator id=1] Scheduling loading of metadata from __consumer_offsets-10 with epoch 0 (org.apache.kafka.coordinator.common.runtime.CoordinatorRuntime)
stream-state-bench-kafka  | [2026-07-16 06:29:20,680] INFO [GroupCoordinator id=1] Scheduling loading of metadata from __consumer_offsets-22 with epoch 0 (org.apache.kafka.coordinator.common.runtime.CoordinatorRuntime)
stream-state-bench-kafka  | [2026-07-16 06:29:20,680] INFO [GroupCoordinator id=1] Scheduling loading of metadata from __consumer_offsets-18 with epoch 0 (org.apache.kafka.coordinator.common.runtime.CoordinatorRuntime)
stream-state-bench-kafka  | [2026-07-16 06:29:20,680] INFO [GroupCoordinator id=1] Scheduling loading of metadata from __consumer_offsets-31 with epoch 0 (org.apache.kafka.coordinator.common.runtime.CoordinatorRuntime)
stream-state-bench-kafka  | [2026-07-16 06:29:20,680] INFO [GroupCoordinator id=1] Scheduling loading of metadata from __consumer_offsets-27 with epoch 0 (org.apache.kafka.coordinator.common.runtime.CoordinatorRuntime)
stream-state-bench-kafka  | [2026-07-16 06:29:20,680] INFO [GroupCoordinator id=1] Finished loading of metadata from __consumer_offsets-25 with epoch 0 in 1ms where 1ms was spent in the scheduler. Loaded 0 records which total to 0 bytes. (org.apache.kafka.coordinator.common.runtime.CoordinatorRuntime)
stream-state-bench-kafka  | [2026-07-16 06:29:20,680] INFO [GroupCoordinator id=1] Finished loading of metadata from __consumer_offsets-9 with epoch 0 in 2ms where 2ms was spent in the scheduler. Loaded 0 records which total to 0 bytes. (org.apache.kafka.coordinator.common.runtime.CoordinatorRuntime)
stream-state-bench-kafka  | [2026-07-16 06:29:20,680] INFO [GroupCoordinator id=1] Finished loading of metadata from __consumer_offsets-46 with epoch 0 in 1ms where 1ms was spent in the scheduler. Loaded 0 records which total to 0 bytes. (org.apache.kafka.coordinator.common.runtime.CoordinatorRuntime)
stream-state-bench-kafka  | [2026-07-16 06:29:20,680] INFO [GroupCoordinator id=1] Scheduling loading of metadata from __consumer_offsets-39 with epoch 0 (org.apache.kafka.coordinator.common.runtime.CoordinatorRuntime)
stream-state-bench-kafka  | [2026-07-16 06:29:20,680] INFO [GroupCoordinator id=1] Finished loading of metadata from __consumer_offsets-24 with epoch 0 in 0ms where 0ms was spent in the scheduler. Loaded 0 records which total to 0 bytes. (org.apache.kafka.coordinator.common.runtime.CoordinatorRuntime)
stream-state-bench-kafka  | [2026-07-16 06:29:20,680] INFO [GroupCoordinator id=1] Scheduling loading of metadata from __consumer_offsets-6 with epoch 0 (org.apache.kafka.coordinator.common.runtime.CoordinatorRuntime)
stream-state-bench-kafka  | [2026-07-16 06:29:20,680] INFO [GroupCoordinator id=1] Finished loading of metadata from __consumer_offsets-21 with epoch 0 in 1ms where 1ms was spent in the scheduler. Loaded 0 records which total to 0 bytes. (org.apache.kafka.coordinator.common.runtime.CoordinatorRuntime)
stream-state-bench-kafka  | [2026-07-16 06:29:20,680] INFO [GroupCoordinator id=1] Finished loading of metadata from __consumer_offsets-16 with epoch 0 in 1ms where 1ms was spent in the scheduler. Loaded 0 records which total to 0 bytes. (org.apache.kafka.coordinator.common.runtime.CoordinatorRuntime)
stream-state-bench-kafka  | [2026-07-16 06:29:20,681] INFO [GroupCoordinator id=1] Scheduling loading of metadata from __consumer_offsets-35 with epoch 0 (org.apache.kafka.coordinator.common.runtime.CoordinatorRuntime)
stream-state-bench-kafka  | [2026-07-16 06:29:20,681] INFO [GroupCoordinator id=1] Finished loading of metadata from __consumer_offsets-19 with epoch 0 in 1ms where 1ms was spent in the scheduler. Loaded 0 records which total to 0 bytes. (org.apache.kafka.coordinator.common.runtime.CoordinatorRuntime)
stream-state-bench-kafka  | [2026-07-16 06:29:20,681] INFO [GroupCoordinator id=1] Scheduling loading of metadata from __consumer_offsets-2 with epoch 0 (org.apache.kafka.coordinator.common.runtime.CoordinatorRuntime)
stream-state-bench-kafka  | [2026-07-16 06:29:20,681] INFO [GroupCoordinator id=1] Finished loading of metadata from __consumer_offsets-33 with epoch 0 in 1ms where 1ms was spent in the scheduler. Loaded 0 records which total to 0 bytes. (org.apache.kafka.coordinator.common.runtime.CoordinatorRuntime)
stream-state-bench-kafka  | [2026-07-16 06:29:20,681] INFO [GroupCoordinator id=1] Finished loading of metadata from __consumer_offsets-20 with epoch 0 in 0ms where 0ms was spent in the scheduler. Loaded 0 records which total to 0 bytes. (org.apache.kafka.coordinator.common.runtime.CoordinatorRuntime)
stream-state-bench-kafka  | [2026-07-16 06:29:20,681] INFO [GroupCoordinator id=1] Finished loading of metadata from __consumer_offsets-38 with epoch 0 in 0ms where 0ms was spent in the scheduler. Loaded 0 records which total to 0 bytes. (org.apache.kafka.coordinator.common.runtime.CoordinatorRuntime)
stream-state-bench-kafka  | [2026-07-16 06:29:20,681] INFO [GroupCoordinator id=1] Finished loading of metadata from __consumer_offsets-13 with epoch 0 in 2ms where 2ms was spent in the scheduler. Loaded 0 records which total to 0 bytes. (org.apache.kafka.coordinator.common.runtime.CoordinatorRuntime)
stream-state-bench-kafka  | [2026-07-16 06:29:20,681] INFO [GroupCoordinator id=1] Finished loading of metadata from __consumer_offsets-23 with epoch 0 in 2ms where 2ms was spent in the scheduler. Loaded 0 records which total to 0 bytes. (org.apache.kafka.coordinator.common.runtime.CoordinatorRuntime)
stream-state-bench-kafka  | [2026-07-16 06:29:20,681] INFO [GroupCoordinator id=1] Finished loading of metadata from __consumer_offsets-26 with epoch 0 in 2ms where 2ms was spent in the scheduler. Loaded 0 records which total to 0 bytes. (org.apache.kafka.coordinator.common.runtime.CoordinatorRuntime)
stream-state-bench-kafka  | [2026-07-16 06:29:20,681] INFO [GroupCoordinator id=1] Finished loading of metadata from __consumer_offsets-6 with epoch 0 in 0ms where 0ms was spent in the scheduler. Loaded 0 records which total to 0 bytes. (org.apache.kafka.coordinator.common.runtime.CoordinatorRuntime)
stream-state-bench-kafka  | [2026-07-16 06:29:20,681] INFO [GroupCoordinator id=1] Finished loading of metadata from __consumer_offsets-14 with epoch 0 in 0ms where 0ms was spent in the scheduler. Loaded 0 records which total to 0 bytes. (org.apache.kafka.coordinator.common.runtime.CoordinatorRuntime)
stream-state-bench-kafka  | [2026-07-16 06:29:20,681] INFO [GroupCoordinator id=1] Finished loading of metadata from __consumer_offsets-42 with epoch 0 in 2ms where 2ms was spent in the scheduler. Loaded 0 records which total to 0 bytes. (org.apache.kafka.coordinator.common.runtime.CoordinatorRuntime)
stream-state-bench-kafka  | [2026-07-16 06:29:20,682] INFO [DynamicConfigPublisher broker id=1] Updating topic __consumer_offsets with new configuration : compression.type -> producer,cleanup.policy -> compact,segment.bytes -> 104857600 (kafka.server.metadata.DynamicConfigPublisher)
stream-state-bench-kafka  | [2026-07-16 06:29:20,682] INFO [GroupCoordinator id=1] Finished loading of metadata from __consumer_offsets-17 with epoch 0 in 0ms where 0ms was spent in the scheduler. Loaded 0 records which total to 0 bytes. (org.apache.kafka.coordinator.common.runtime.CoordinatorRuntime)
stream-state-bench-kafka  | [2026-07-16 06:29:20,682] INFO [GroupCoordinator id=1] Finished loading of metadata from __consumer_offsets-5 with epoch 0 in 1ms where 1ms was spent in the scheduler. Loaded 0 records which total to 0 bytes. (org.apache.kafka.coordinator.common.runtime.CoordinatorRuntime)
stream-state-bench-kafka  | [2026-07-16 06:29:20,682] INFO [GroupCoordinator id=1] Finished loading of metadata from __consumer_offsets-30 with epoch 0 in 1ms where 1ms was spent in the scheduler. Loaded 0 records which total to 0 bytes. (org.apache.kafka.coordinator.common.runtime.CoordinatorRuntime)
stream-state-bench-kafka  | [2026-07-16 06:29:20,682] INFO [GroupCoordinator id=1] Finished loading of metadata from __consumer_offsets-32 with epoch 0 in 0ms where 0ms was spent in the scheduler. Loaded 0 records which total to 0 bytes. (org.apache.kafka.coordinator.common.runtime.CoordinatorRuntime)
stream-state-bench-kafka  | [2026-07-16 06:29:20,682] INFO [GroupCoordinator id=1] Finished loading of metadata from __consumer_offsets-44 with epoch 0 in 1ms where 1ms was spent in the scheduler. Loaded 0 records which total to 0 bytes. (org.apache.kafka.coordinator.common.runtime.CoordinatorRuntime)
stream-state-bench-kafka  | [2026-07-16 06:29:20,682] INFO [GroupCoordinator id=1] Finished loading of metadata from __consumer_offsets-11 with epoch 0 in 1ms where 1ms was spent in the scheduler. Loaded 0 records which total to 0 bytes. (org.apache.kafka.coordinator.common.runtime.CoordinatorRuntime)
stream-state-bench-kafka  | [2026-07-16 06:29:20,682] INFO [GroupCoordinator id=1] Finished loading of metadata from __consumer_offsets-27 with epoch 0 in 0ms where 0ms was spent in the scheduler. Loaded 0 records which total to 0 bytes. (org.apache.kafka.coordinator.common.runtime.CoordinatorRuntime)
stream-state-bench-kafka  | [2026-07-16 06:29:20,682] INFO [GroupCoordinator id=1] Finished loading of metadata from __consumer_offsets-49 with epoch 0 in 1ms where 1ms was spent in the scheduler. Loaded 0 records which total to 0 bytes. (org.apache.kafka.coordinator.common.runtime.CoordinatorRuntime)
stream-state-bench-kafka  | [2026-07-16 06:29:20,682] INFO [GroupCoordinator id=1] Finished loading of metadata from __consumer_offsets-15 with epoch 0 in 0ms where 0ms was spent in the scheduler. Loaded 0 records which total to 0 bytes. (org.apache.kafka.coordinator.common.runtime.CoordinatorRuntime)
stream-state-bench-kafka  | [2026-07-16 06:29:20,682] INFO [GroupCoordinator id=1] Finished loading of metadata from __consumer_offsets-3 with epoch 0 in 2ms where 2ms was spent in the scheduler. Loaded 0 records which total to 0 bytes. (org.apache.kafka.coordinator.common.runtime.CoordinatorRuntime)
stream-state-bench-kafka  | [2026-07-16 06:29:20,682] INFO [GroupCoordinator id=1] Finished loading of metadata from __consumer_offsets-18 with epoch 0 in 0ms where 0ms was spent in the scheduler. Loaded 0 records which total to 0 bytes. (org.apache.kafka.coordinator.common.runtime.CoordinatorRuntime)
stream-state-bench-kafka  | [2026-07-16 06:29:20,682] INFO [GroupCoordinator id=1] Finished loading of metadata from __consumer_offsets-12 with epoch 0 in 0ms where 0ms was spent in the scheduler. Loaded 0 records which total to 0 bytes. (org.apache.kafka.coordinator.common.runtime.CoordinatorRuntime)
stream-state-bench-kafka  | [2026-07-16 06:29:20,682] INFO [GroupCoordinator id=1] Finished loading of metadata from __consumer_offsets-31 with epoch 0 in 0ms where 0ms was spent in the scheduler. Loaded 0 records which total to 0 bytes. (org.apache.kafka.coordinator.common.runtime.CoordinatorRuntime)
stream-state-bench-kafka  | [2026-07-16 06:29:20,682] INFO [GroupCoordinator id=1] Finished loading of metadata from __consumer_offsets-4 with epoch 0 in 0ms where 0ms was spent in the scheduler. Loaded 0 records which total to 0 bytes. (org.apache.kafka.coordinator.common.runtime.CoordinatorRuntime)
stream-state-bench-kafka  | [2026-07-16 06:29:20,682] INFO [GroupCoordinator id=1] Finished loading of metadata from __consumer_offsets-39 with epoch 0 in 0ms where 0ms was spent in the scheduler. Loaded 0 records which total to 0 bytes. (org.apache.kafka.coordinator.common.runtime.CoordinatorRuntime)
stream-state-bench-kafka  | [2026-07-16 06:29:20,683] INFO [GroupCoordinator id=1] Finished loading of metadata from __consumer_offsets-1 with epoch 0 in 2ms where 2ms was spent in the scheduler. Loaded 0 records which total to 0 bytes. (org.apache.kafka.coordinator.common.runtime.CoordinatorRuntime)
stream-state-bench-kafka  | [2026-07-16 06:29:20,683] INFO [GroupCoordinator id=1] Finished loading of metadata from __consumer_offsets-48 with epoch 0 in 2ms where 2ms was spent in the scheduler. Loaded 0 records which total to 0 bytes. (org.apache.kafka.coordinator.common.runtime.CoordinatorRuntime)
stream-state-bench-kafka  | [2026-07-16 06:29:20,683] INFO [GroupCoordinator id=1] Finished loading of metadata from __consumer_offsets-28 with epoch 0 in 2ms where 2ms was spent in the scheduler. Loaded 0 records which total to 0 bytes. (org.apache.kafka.coordinator.common.runtime.CoordinatorRuntime)
stream-state-bench-kafka  | [2026-07-16 06:29:20,683] INFO [GroupCoordinator id=1] Finished loading of metadata from __consumer_offsets-36 with epoch 0 in 0ms where 0ms was spent in the scheduler. Loaded 0 records which total to 0 bytes. (org.apache.kafka.coordinator.common.runtime.CoordinatorRuntime)
stream-state-bench-kafka  | [2026-07-16 06:29:20,683] INFO [GroupCoordinator id=1] Finished loading of metadata from __consumer_offsets-7 with epoch 0 in 2ms where 2ms was spent in the scheduler. Loaded 0 records which total to 0 bytes. (org.apache.kafka.coordinator.common.runtime.CoordinatorRuntime)
stream-state-bench-kafka  | [2026-07-16 06:29:20,683] INFO [GroupCoordinator id=1] Finished loading of metadata from __consumer_offsets-40 with epoch 0 in 0ms where 0ms was spent in the scheduler. Loaded 0 records which total to 0 bytes. (org.apache.kafka.coordinator.common.runtime.CoordinatorRuntime)
stream-state-bench-kafka  | [2026-07-16 06:29:20,683] INFO [GroupCoordinator id=1] Finished loading of metadata from __consumer_offsets-34 with epoch 0 in 0ms where 0ms was spent in the scheduler. Loaded 0 records which total to 0 bytes. (org.apache.kafka.coordinator.common.runtime.CoordinatorRuntime)
stream-state-bench-kafka  | [2026-07-16 06:29:20,683] INFO [GroupCoordinator id=1] Finished loading of metadata from __consumer_offsets-0 with epoch 0 in 0ms where 0ms was spent in the scheduler. Loaded 0 records which total to 0 bytes. (org.apache.kafka.coordinator.common.runtime.CoordinatorRuntime)
stream-state-bench-kafka  | [2026-07-16 06:29:20,683] INFO [GroupCoordinator id=1] Finished loading of metadata from __consumer_offsets-22 with epoch 0 in 0ms where 0ms was spent in the scheduler. Loaded 0 records which total to 0 bytes. (org.apache.kafka.coordinator.common.runtime.CoordinatorRuntime)
stream-state-bench-kafka  | [2026-07-16 06:29:20,683] INFO [GroupCoordinator id=1] Finished loading of metadata from __consumer_offsets-47 with epoch 0 in 0ms where 0ms was spent in the scheduler. Loaded 0 records which total to 0 bytes. (org.apache.kafka.coordinator.common.runtime.CoordinatorRuntime)
stream-state-bench-kafka  | [2026-07-16 06:29:20,683] INFO [GroupCoordinator id=1] Finished loading of metadata from __consumer_offsets-29 with epoch 0 in 0ms where 0ms was spent in the scheduler. Loaded 0 records which total to 0 bytes. (org.apache.kafka.coordinator.common.runtime.CoordinatorRuntime)
stream-state-bench-kafka  | [2026-07-16 06:29:20,683] INFO [GroupCoordinator id=1] Finished loading of metadata from __consumer_offsets-45 with epoch 0 in 0ms where 0ms was spent in the scheduler. Loaded 0 records which total to 0 bytes. (org.apache.kafka.coordinator.common.runtime.CoordinatorRuntime)
stream-state-bench-kafka  | [2026-07-16 06:29:20,683] INFO [GroupCoordinator id=1] Finished loading of metadata from __consumer_offsets-8 with epoch 0 in 2ms where 2ms was spent in the scheduler. Loaded 0 records which total to 0 bytes. (org.apache.kafka.coordinator.common.runtime.CoordinatorRuntime)
stream-state-bench-kafka  | [2026-07-16 06:29:20,683] INFO [GroupCoordinator id=1] Finished loading of metadata from __consumer_offsets-35 with epoch 0 in 0ms where 0ms was spent in the scheduler. Loaded 0 records which total to 0 bytes. (org.apache.kafka.coordinator.common.runtime.CoordinatorRuntime)
stream-state-bench-kafka  | [2026-07-16 06:29:20,683] INFO [GroupCoordinator id=1] Finished loading of metadata from __consumer_offsets-2 with epoch 0 in 0ms where 0ms was spent in the scheduler. Loaded 0 records which total to 0 bytes. (org.apache.kafka.coordinator.common.runtime.CoordinatorRuntime)
stream-state-bench-kafka  | [2026-07-16 06:29:20,683] INFO [GroupCoordinator id=1] Finished loading of metadata from __consumer_offsets-37 with epoch 0 in 1ms where 1ms was spent in the scheduler. Loaded 0 records which total to 0 bytes. (org.apache.kafka.coordinator.common.runtime.CoordinatorRuntime)
stream-state-bench-kafka  | [2026-07-16 06:29:20,683] INFO [GroupCoordinator id=1] Finished loading of metadata from __consumer_offsets-41 with epoch 0 in 0ms where 0ms was spent in the scheduler. Loaded 0 records which total to 0 bytes. (org.apache.kafka.coordinator.common.runtime.CoordinatorRuntime)
stream-state-bench-kafka  | [2026-07-16 06:29:20,683] INFO [GroupCoordinator id=1] Finished loading of metadata from __consumer_offsets-10 with epoch 0 in 1ms where 1ms was spent in the scheduler. Loaded 0 records which total to 0 bytes. (org.apache.kafka.coordinator.common.runtime.CoordinatorRuntime)
stream-state-bench-kafka  | [2026-07-16 06:29:20,683] INFO [GroupCoordinator id=1] Finished loading of metadata from __consumer_offsets-43 with epoch 0 in 0ms where 0ms was spent in the scheduler. Loaded 0 records which total to 0 bytes. (org.apache.kafka.coordinator.common.runtime.CoordinatorRuntime)
stream-state-bench-kafka  | [2026-07-16 06:29:21,194] INFO [GroupCoordinator id=1 topic=__consumer_offsets partition=12] Dynamic member with unknown member id joins group console-consumer-82443 in Empty state. Created a new member id console-consumer-65b193c9-4f50-45a5-a312-4d3a457e22ec and requesting the member to rejoin with this id. (org.apache.kafka.coordinator.group.GroupMetadataManager)
stream-state-bench-kafka  | [2026-07-16 06:29:21,199] INFO [GroupCoordinator id=1 topic=__consumer_offsets partition=12] Pending dynamic member with id console-consumer-65b193c9-4f50-45a5-a312-4d3a457e22ec joins group console-consumer-82443 in Empty state. Adding to the group now. (org.apache.kafka.coordinator.group.GroupMetadataManager)
stream-state-bench-kafka  | [2026-07-16 06:29:21,200] INFO [GroupCoordinator id=1 topic=__consumer_offsets partition=12] Preparing to rebalance group console-consumer-82443 in state PreparingRebalance with old generation 0 (reason: Adding new member console-consumer-65b193c9-4f50-45a5-a312-4d3a457e22ec with group instance id null; client reason: need to re-join with the given member-id: console-consumer-65b193c9-4f50-45a5-a312-4d3a457e22ec). (org.apache.kafka.coordinator.group.GroupMetadataManager)
stream-state-bench-kafka  | [2026-07-16 06:29:21,213] INFO [GroupCoordinator id=1 topic=__consumer_offsets partition=12] Stabilized group console-consumer-82443 generation 1 with 1 members. (org.apache.kafka.coordinator.group.GroupMetadataManager)
stream-state-bench-kafka  | [2026-07-16 06:29:21,346] INFO [GroupCoordinator id=1 topic=__consumer_offsets partition=32] Dynamic member with unknown member id joins group console-consumer-34310 in Empty state. Created a new member id console-consumer-0955a7fc-907b-4024-9ca1-2f29dcd3c138 and requesting the member to rejoin with this id. (org.apache.kafka.coordinator.group.GroupMetadataManager)
stream-state-bench-kafka  | [2026-07-16 06:29:21,347] INFO [GroupCoordinator id=1 topic=__consumer_offsets partition=32] Pending dynamic member with id console-consumer-0955a7fc-907b-4024-9ca1-2f29dcd3c138 joins group console-consumer-34310 in Empty state. Adding to the group now. (org.apache.kafka.coordinator.group.GroupMetadataManager)
stream-state-bench-kafka  | [2026-07-16 06:29:21,347] INFO [GroupCoordinator id=1 topic=__consumer_offsets partition=32] Preparing to rebalance group console-consumer-34310 in state PreparingRebalance with old generation 0 (reason: Adding new member console-consumer-0955a7fc-907b-4024-9ca1-2f29dcd3c138 with group instance id null; client reason: need to re-join with the given member-id: console-consumer-0955a7fc-907b-4024-9ca1-2f29dcd3c138). (org.apache.kafka.coordinator.group.GroupMetadataManager)
stream-state-bench-kafka  | [2026-07-16 06:29:21,348] INFO [GroupCoordinator id=1 topic=__consumer_offsets partition=32] Stabilized group console-consumer-34310 generation 1 with 1 members. (org.apache.kafka.coordinator.group.GroupMetadataManager)
stream-state-bench-kafka  | [2026-07-16 06:29:21,403] INFO [GroupCoordinator id=1 topic=__consumer_offsets partition=12] Assignment received from leader console-consumer-65b193c9-4f50-45a5-a312-4d3a457e22ec for group console-consumer-82443 for generation 1. The group has 1 members, 0 of which are static. (org.apache.kafka.coordinator.group.GroupMetadataManager)
stream-state-bench-kafka  | [2026-07-16 06:29:21,440] INFO [GroupCoordinator id=1 topic=__consumer_offsets partition=32] Assignment received from leader console-consumer-0955a7fc-907b-4024-9ca1-2f29dcd3c138 for group console-consumer-34310 for generation 1. The group has 1 members, 0 of which are static. (org.apache.kafka.coordinator.group.GroupMetadataManager)
stream-state-bench-kafka  | [2026-07-16 06:29:21,910] INFO [ReplicaFetcherManager on broker 1] Removed fetcher for partitions Set(bench-identity-latency-input-0) (kafka.server.ReplicaFetcherManager)
stream-state-bench-kafka  | [2026-07-16 06:29:21,913] INFO [LogLoader partition=bench-identity-latency-input-0, dir=/tmp/kafka-logs] Loading producer state till offset 0 (org.apache.kafka.storage.internals.log.UnifiedLog)
stream-state-bench-kafka  | [2026-07-16 06:29:21,914] INFO Created log for partition bench-identity-latency-input-0 in /tmp/kafka-logs/bench-identity-latency-input-0 with properties {message.timestamp.type="LogAppendTime"} (kafka.log.LogManager)
stream-state-bench-kafka  | [2026-07-16 06:29:21,914] INFO [Partition bench-identity-latency-input-0 broker=1] No checkpointed highwatermark is found for partition bench-identity-latency-input-0 (kafka.cluster.Partition)
stream-state-bench-kafka  | [2026-07-16 06:29:21,914] INFO [Partition bench-identity-latency-input-0 broker=1] Log loaded for partition bench-identity-latency-input-0 with initial high watermark 0 (kafka.cluster.Partition)
stream-state-bench-kafka  | [2026-07-16 06:29:21,919] INFO [DynamicConfigPublisher broker id=1] Updating topic bench-identity-latency-input with new configuration : message.timestamp.type -> LogAppendTime (kafka.server.metadata.DynamicConfigPublisher)
stream-state-bench-kafka  | [2026-07-16 06:29:23,572] INFO [ReplicaFetcherManager on broker 1] Removed fetcher for partitions Set(bench-identity-latency-output-0) (kafka.server.ReplicaFetcherManager)
stream-state-bench-kafka  | [2026-07-16 06:29:23,574] INFO [LogLoader partition=bench-identity-latency-output-0, dir=/tmp/kafka-logs] Loading producer state till offset 0 (org.apache.kafka.storage.internals.log.UnifiedLog)
stream-state-bench-kafka  | [2026-07-16 06:29:23,574] INFO Created log for partition bench-identity-latency-output-0 in /tmp/kafka-logs/bench-identity-latency-output-0 with properties {} (kafka.log.LogManager)
stream-state-bench-kafka  | [2026-07-16 06:29:23,575] INFO [Partition bench-identity-latency-output-0 broker=1] No checkpointed highwatermark is found for partition bench-identity-latency-output-0 (kafka.cluster.Partition)
stream-state-bench-kafka  | [2026-07-16 06:29:23,575] INFO [Partition bench-identity-latency-output-0 broker=1] Log loaded for partition bench-identity-latency-output-0 with initial high watermark 0 (kafka.cluster.Partition)
stream-state-bench-kafka  | [2026-07-16 06:29:23,643] INFO [GroupCoordinator id=1 topic=__consumer_offsets partition=12] Preparing to rebalance group console-consumer-82443 in state PreparingRebalance with old generation 1 (reason: Leader console-consumer-65b193c9-4f50-45a5-a312-4d3a457e22ec re-joining group during Stable; client reason: cached metadata has changed). (org.apache.kafka.coordinator.group.GroupMetadataManager)
stream-state-bench-kafka  | [2026-07-16 06:29:23,643] INFO [GroupCoordinator id=1 topic=__consumer_offsets partition=12] Stabilized group console-consumer-82443 generation 2 with 1 members. (org.apache.kafka.coordinator.group.GroupMetadataManager)
stream-state-bench-kafka  | [2026-07-16 06:29:23,644] INFO [GroupCoordinator id=1 topic=__consumer_offsets partition=12] Assignment received from leader console-consumer-65b193c9-4f50-45a5-a312-4d3a457e22ec for group console-consumer-82443 for generation 2. The group has 1 members, 0 of which are static. (org.apache.kafka.coordinator.group.GroupMetadataManager)
stream-state-bench-kafka  | [2026-07-16 06:29:23,968] INFO [GroupCoordinator id=1 topic=__consumer_offsets partition=32] Preparing to rebalance group console-consumer-34310 in state PreparingRebalance with old generation 1 (reason: Leader console-consumer-0955a7fc-907b-4024-9ca1-2f29dcd3c138 re-joining group during Stable; client reason: cached metadata has changed). (org.apache.kafka.coordinator.group.GroupMetadataManager)
stream-state-bench-kafka  | [2026-07-16 06:29:23,968] INFO [GroupCoordinator id=1 topic=__consumer_offsets partition=32] Stabilized group console-consumer-34310 generation 2 with 1 members. (org.apache.kafka.coordinator.group.GroupMetadataManager)
stream-state-bench-kafka  | [2026-07-16 06:29:23,970] INFO [GroupCoordinator id=1 topic=__consumer_offsets partition=32] Assignment received from leader console-consumer-0955a7fc-907b-4024-9ca1-2f29dcd3c138 for group console-consumer-34310 for generation 2. The group has 1 members, 0 of which are static. (org.apache.kafka.coordinator.group.GroupMetadataManager)
stream-state-bench-kafka  | [2026-07-16 06:29:25,796] INFO [GroupCoordinator id=1 topic=__consumer_offsets partition=44] Dynamic member with unknown member id joins group stream-state-bench-identity-latency-identity-failure_broker_kill in Empty state. Created a new member id stream-state-bench-identity-latency-identity-failure_broker_kill-1d04ca88-3b08-49cd-befa-362e1357ae43-StreamThread-1-consumer-cf2c75a8-bc2c-4597-afbc-aa8c96ffa093 and requesting the member to rejoin with this id. (org.apache.kafka.coordinator.group.GroupMetadataManager)
stream-state-bench-kafka  | [2026-07-16 06:29:25,798] INFO [GroupCoordinator id=1 topic=__consumer_offsets partition=44] Pending dynamic member with id stream-state-bench-identity-latency-identity-failure_broker_kill-1d04ca88-3b08-49cd-befa-362e1357ae43-StreamThread-1-consumer-cf2c75a8-bc2c-4597-afbc-aa8c96ffa093 joins group stream-state-bench-identity-latency-identity-failure_broker_kill in Empty state. Adding to the group now. (org.apache.kafka.coordinator.group.GroupMetadataManager)
stream-state-bench-kafka  | [2026-07-16 06:29:25,798] INFO [GroupCoordinator id=1 topic=__consumer_offsets partition=44] Preparing to rebalance group stream-state-bench-identity-latency-identity-failure_broker_kill in state PreparingRebalance with old generation 0 (reason: Adding new member stream-state-bench-identity-latency-identity-failure_broker_kill-1d04ca88-3b08-49cd-befa-362e1357ae43-StreamThread-1-consumer-cf2c75a8-bc2c-4597-afbc-aa8c96ffa093 with group instance id null; client reason: need to re-join with the given member-id: stream-state-bench-identity-latency-identity-failure_broker_kill-1d04ca88-3b08-49cd-befa-362e1357ae43-StreamThread-1-consumer-cf2c75a8-bc2c-4597-afbc-aa8c96ffa093). (org.apache.kafka.coordinator.group.GroupMetadataManager)
stream-state-bench-kafka  | [2026-07-16 06:29:25,798] INFO [GroupCoordinator id=1 topic=__consumer_offsets partition=44] Stabilized group stream-state-bench-identity-latency-identity-failure_broker_kill generation 1 with 1 members. (org.apache.kafka.coordinator.group.GroupMetadataManager)
stream-state-bench-kafka  | [2026-07-16 06:29:25,838] INFO [GroupCoordinator id=1 topic=__consumer_offsets partition=44] Assignment received from leader stream-state-bench-identity-latency-identity-failure_broker_kill-1d04ca88-3b08-49cd-befa-362e1357ae43-StreamThread-1-consumer-cf2c75a8-bc2c-4597-afbc-aa8c96ffa093 for group stream-state-bench-identity-latency-identity-failure_broker_kill for generation 1. The group has 1 members, 0 of which are static. (org.apache.kafka.coordinator.group.GroupMetadataManager)
stream-state-bench-kafka  | [2026-07-16 06:29:25,884] INFO Sent auto-creation request for Set(__transaction_state) to the active controller. (kafka.server.DefaultAutoTopicCreationManager)
stream-state-bench-kafka  | [2026-07-16 06:29:25,913] INFO [ReplicaFetcherManager on broker 1] Removed fetcher for partitions Set(__transaction_state-42, __transaction_state-13, __transaction_state-46, __transaction_state-17, __transaction_state-34, __transaction_state-5, __transaction_state-38, __transaction_state-9, __transaction_state-26, __transaction_state-30, __transaction_state-1, __transaction_state-18, __transaction_state-22, __transaction_state-12, __transaction_state-45, __transaction_state-16, __transaction_state-49, __transaction_state-4, __transaction_state-37, __transaction_state-8, __transaction_state-41, __transaction_state-29, __transaction_state-0, __transaction_state-33, __transaction_state-21, __transaction_state-25, __transaction_state-11, __transaction_state-44, __transaction_state-15, __transaction_state-48, __transaction_state-3, __transaction_state-36, __transaction_state-7, __transaction_state-40, __transaction_state-28, __transaction_state-32, __transaction_state-20, __transaction_state-24, __transaction_state-10, __transaction_state-43, __transaction_state-14, __transaction_state-47, __transaction_state-2, __transaction_state-35, __transaction_state-6, __transaction_state-39, __transaction_state-27, __transaction_state-31, __transaction_state-19, __transaction_state-23) (kafka.server.ReplicaFetcherManager)
stream-state-bench-kafka  | [2026-07-16 06:29:25,915] INFO [LogLoader partition=__transaction_state-42, dir=/tmp/kafka-logs] Loading producer state till offset 0 (org.apache.kafka.storage.internals.log.UnifiedLog)
stream-state-bench-kafka  | [2026-07-16 06:29:25,916] INFO Created log for partition __transaction_state-42 in /tmp/kafka-logs/__transaction_state-42 with properties {cleanup.policy=compact, compression.type="uncompressed", min.insync.replicas=1, segment.bytes=104857600, unclean.leader.election.enable=false} (kafka.log.LogManager)
stream-state-bench-kafka  | [2026-07-16 06:29:25,916] INFO [Partition __transaction_state-42 broker=1] No checkpointed highwatermark is found for partition __transaction_state-42 (kafka.cluster.Partition)
stream-state-bench-kafka  | [2026-07-16 06:29:25,917] INFO [Partition __transaction_state-42 broker=1] Log loaded for partition __transaction_state-42 with initial high watermark 0 (kafka.cluster.Partition)
stream-state-bench-kafka  | [2026-07-16 06:29:25,922] INFO [LogLoader partition=__transaction_state-13, dir=/tmp/kafka-logs] Loading producer state till offset 0 (org.apache.kafka.storage.internals.log.UnifiedLog)
stream-state-bench-kafka  | [2026-07-16 06:29:25,923] INFO Created log for partition __transaction_state-13 in /tmp/kafka-logs/__transaction_state-13 with properties {cleanup.policy=compact, compression.type="uncompressed", min.insync.replicas=1, segment.bytes=104857600, unclean.leader.election.enable=false} (kafka.log.LogManager)
stream-state-bench-kafka  | [2026-07-16 06:29:25,923] INFO [Partition __transaction_state-13 broker=1] No checkpointed highwatermark is found for partition __transaction_state-13 (kafka.cluster.Partition)
stream-state-bench-kafka  | [2026-07-16 06:29:25,923] INFO [Partition __transaction_state-13 broker=1] Log loaded for partition __transaction_state-13 with initial high watermark 0 (kafka.cluster.Partition)
stream-state-bench-kafka  | [2026-07-16 06:29:25,929] INFO [LogLoader partition=__transaction_state-46, dir=/tmp/kafka-logs] Loading producer state till offset 0 (org.apache.kafka.storage.internals.log.UnifiedLog)
stream-state-bench-kafka  | [2026-07-16 06:29:25,930] INFO Created log for partition __transaction_state-46 in /tmp/kafka-logs/__transaction_state-46 with properties {cleanup.policy=compact, compression.type="uncompressed", min.insync.replicas=1, segment.bytes=104857600, unclean.leader.election.enable=false} (kafka.log.LogManager)
stream-state-bench-kafka  | [2026-07-16 06:29:25,930] INFO [Partition __transaction_state-46 broker=1] No checkpointed highwatermark is found for partition __transaction_state-46 (kafka.cluster.Partition)
stream-state-bench-kafka  | [2026-07-16 06:29:25,930] INFO [Partition __transaction_state-46 broker=1] Log loaded for partition __transaction_state-46 with initial high watermark 0 (kafka.cluster.Partition)
stream-state-bench-kafka  | [2026-07-16 06:29:25,940] INFO [LogLoader partition=__transaction_state-17, dir=/tmp/kafka-logs] Loading producer state till offset 0 (org.apache.kafka.storage.internals.log.UnifiedLog)
stream-state-bench-kafka  | [2026-07-16 06:29:25,940] INFO Created log for partition __transaction_state-17 in /tmp/kafka-logs/__transaction_state-17 with properties {cleanup.policy=compact, compression.type="uncompressed", min.insync.replicas=1, segment.bytes=104857600, unclean.leader.election.enable=false} (kafka.log.LogManager)
stream-state-bench-kafka  | [2026-07-16 06:29:25,940] INFO [Partition __transaction_state-17 broker=1] No checkpointed highwatermark is found for partition __transaction_state-17 (kafka.cluster.Partition)
stream-state-bench-kafka  | [2026-07-16 06:29:25,940] INFO [Partition __transaction_state-17 broker=1] Log loaded for partition __transaction_state-17 with initial high watermark 0 (kafka.cluster.Partition)
stream-state-bench-kafka  | [2026-07-16 06:29:25,947] INFO [LogLoader partition=__transaction_state-34, dir=/tmp/kafka-logs] Loading producer state till offset 0 (org.apache.kafka.storage.internals.log.UnifiedLog)
stream-state-bench-kafka  | [2026-07-16 06:29:25,948] INFO Created log for partition __transaction_state-34 in /tmp/kafka-logs/__transaction_state-34 with properties {cleanup.policy=compact, compression.type="uncompressed", min.insync.replicas=1, segment.bytes=104857600, unclean.leader.election.enable=false} (kafka.log.LogManager)
stream-state-bench-kafka  | [2026-07-16 06:29:25,948] INFO [Partition __transaction_state-34 broker=1] No checkpointed highwatermark is found for partition __transaction_state-34 (kafka.cluster.Partition)
stream-state-bench-kafka  | [2026-07-16 06:29:25,948] INFO [Partition __transaction_state-34 broker=1] Log loaded for partition __transaction_state-34 with initial high watermark 0 (kafka.cluster.Partition)
stream-state-bench-kafka  | [2026-07-16 06:29:25,954] INFO [LogLoader partition=__transaction_state-5, dir=/tmp/kafka-logs] Loading producer state till offset 0 (org.apache.kafka.storage.internals.log.UnifiedLog)
stream-state-bench-kafka  | [2026-07-16 06:29:25,955] INFO Created log for partition __transaction_state-5 in /tmp/kafka-logs/__transaction_state-5 with properties {cleanup.policy=compact, compression.type="uncompressed", min.insync.replicas=1, segment.bytes=104857600, unclean.leader.election.enable=false} (kafka.log.LogManager)
stream-state-bench-kafka  | [2026-07-16 06:29:25,955] INFO [Partition __transaction_state-5 broker=1] No checkpointed highwatermark is found for partition __transaction_state-5 (kafka.cluster.Partition)
stream-state-bench-kafka  | [2026-07-16 06:29:25,955] INFO [Partition __transaction_state-5 broker=1] Log loaded for partition __transaction_state-5 with initial high watermark 0 (kafka.cluster.Partition)
stream-state-bench-kafka  | [2026-07-16 06:29:25,961] INFO [LogLoader partition=__transaction_state-38, dir=/tmp/kafka-logs] Loading producer state till offset 0 (org.apache.kafka.storage.internals.log.UnifiedLog)
stream-state-bench-kafka  | [2026-07-16 06:29:25,962] INFO Created log for partition __transaction_state-38 in /tmp/kafka-logs/__transaction_state-38 with properties {cleanup.policy=compact, compression.type="uncompressed", min.insync.replicas=1, segment.bytes=104857600, unclean.leader.election.enable=false} (kafka.log.LogManager)
stream-state-bench-kafka  | [2026-07-16 06:29:25,962] INFO [Partition __transaction_state-38 broker=1] No checkpointed highwatermark is found for partition __transaction_state-38 (kafka.cluster.Partition)
stream-state-bench-kafka  | [2026-07-16 06:29:25,962] INFO [Partition __transaction_state-38 broker=1] Log loaded for partition __transaction_state-38 with initial high watermark 0 (kafka.cluster.Partition)
stream-state-bench-kafka  | [2026-07-16 06:29:25,967] INFO [LogLoader partition=__transaction_state-9, dir=/tmp/kafka-logs] Loading producer state till offset 0 (org.apache.kafka.storage.internals.log.UnifiedLog)
stream-state-bench-kafka  | [2026-07-16 06:29:25,968] INFO Created log for partition __transaction_state-9 in /tmp/kafka-logs/__transaction_state-9 with properties {cleanup.policy=compact, compression.type="uncompressed", min.insync.replicas=1, segment.bytes=104857600, unclean.leader.election.enable=false} (kafka.log.LogManager)
stream-state-bench-kafka  | [2026-07-16 06:29:25,968] INFO [Partition __transaction_state-9 broker=1] No checkpointed highwatermark is found for partition __transaction_state-9 (kafka.cluster.Partition)
stream-state-bench-kafka  | [2026-07-16 06:29:25,968] INFO [Partition __transaction_state-9 broker=1] Log loaded for partition __transaction_state-9 with initial high watermark 0 (kafka.cluster.Partition)
stream-state-bench-kafka  | [2026-07-16 06:29:25,974] INFO [LogLoader partition=__transaction_state-26, dir=/tmp/kafka-logs] Loading producer state till offset 0 (org.apache.kafka.storage.internals.log.UnifiedLog)
stream-state-bench-kafka  | [2026-07-16 06:29:25,974] INFO Created log for partition __transaction_state-26 in /tmp/kafka-logs/__transaction_state-26 with properties {cleanup.policy=compact, compression.type="uncompressed", min.insync.replicas=1, segment.bytes=104857600, unclean.leader.election.enable=false} (kafka.log.LogManager)
stream-state-bench-kafka  | [2026-07-16 06:29:25,974] INFO [Partition __transaction_state-26 broker=1] No checkpointed highwatermark is found for partition __transaction_state-26 (kafka.cluster.Partition)
stream-state-bench-kafka  | [2026-07-16 06:29:25,974] INFO [Partition __transaction_state-26 broker=1] Log loaded for partition __transaction_state-26 with initial high watermark 0 (kafka.cluster.Partition)
stream-state-bench-kafka  | [2026-07-16 06:29:25,980] INFO [LogLoader partition=__transaction_state-30, dir=/tmp/kafka-logs] Loading producer state till offset 0 (org.apache.kafka.storage.internals.log.UnifiedLog)
stream-state-bench-kafka  | [2026-07-16 06:29:25,980] INFO Created log for partition __transaction_state-30 in /tmp/kafka-logs/__transaction_state-30 with properties {cleanup.policy=compact, compression.type="uncompressed", min.insync.replicas=1, segment.bytes=104857600, unclean.leader.election.enable=false} (kafka.log.LogManager)
stream-state-bench-kafka  | [2026-07-16 06:29:25,981] INFO [Partition __transaction_state-30 broker=1] No checkpointed highwatermark is found for partition __transaction_state-30 (kafka.cluster.Partition)
stream-state-bench-kafka  | [2026-07-16 06:29:25,981] INFO [Partition __transaction_state-30 broker=1] Log loaded for partition __transaction_state-30 with initial high watermark 0 (kafka.cluster.Partition)
stream-state-bench-kafka  | [2026-07-16 06:29:25,989] INFO [LogLoader partition=__transaction_state-1, dir=/tmp/kafka-logs] Loading producer state till offset 0 (org.apache.kafka.storage.internals.log.UnifiedLog)
stream-state-bench-kafka  | [2026-07-16 06:29:25,990] INFO Created log for partition __transaction_state-1 in /tmp/kafka-logs/__transaction_state-1 with properties {cleanup.policy=compact, compression.type="uncompressed", min.insync.replicas=1, segment.bytes=104857600, unclean.leader.election.enable=false} (kafka.log.LogManager)
stream-state-bench-kafka  | [2026-07-16 06:29:25,990] INFO [Partition __transaction_state-1 broker=1] No checkpointed highwatermark is found for partition __transaction_state-1 (kafka.cluster.Partition)
stream-state-bench-kafka  | [2026-07-16 06:29:25,990] INFO [Partition __transaction_state-1 broker=1] Log loaded for partition __transaction_state-1 with initial high watermark 0 (kafka.cluster.Partition)
stream-state-bench-kafka  | [2026-07-16 06:29:25,997] INFO [LogLoader partition=__transaction_state-18, dir=/tmp/kafka-logs] Loading producer state till offset 0 (org.apache.kafka.storage.internals.log.UnifiedLog)
stream-state-bench-kafka  | [2026-07-16 06:29:25,998] INFO Created log for partition __transaction_state-18 in /tmp/kafka-logs/__transaction_state-18 with properties {cleanup.policy=compact, compression.type="uncompressed", min.insync.replicas=1, segment.bytes=104857600, unclean.leader.election.enable=false} (kafka.log.LogManager)
stream-state-bench-kafka  | [2026-07-16 06:29:25,998] INFO [Partition __transaction_state-18 broker=1] No checkpointed highwatermark is found for partition __transaction_state-18 (kafka.cluster.Partition)
stream-state-bench-kafka  | [2026-07-16 06:29:25,998] INFO [Partition __transaction_state-18 broker=1] Log loaded for partition __transaction_state-18 with initial high watermark 0 (kafka.cluster.Partition)
stream-state-bench-kafka  | [2026-07-16 06:29:26,005] INFO [LogLoader partition=__transaction_state-22, dir=/tmp/kafka-logs] Loading producer state till offset 0 (org.apache.kafka.storage.internals.log.UnifiedLog)
stream-state-bench-kafka  | [2026-07-16 06:29:26,005] INFO Created log for partition __transaction_state-22 in /tmp/kafka-logs/__transaction_state-22 with properties {cleanup.policy=compact, compression.type="uncompressed", min.insync.replicas=1, segment.bytes=104857600, unclean.leader.election.enable=false} (kafka.log.LogManager)
stream-state-bench-kafka  | [2026-07-16 06:29:26,005] INFO [Partition __transaction_state-22 broker=1] No checkpointed highwatermark is found for partition __transaction_state-22 (kafka.cluster.Partition)
stream-state-bench-kafka  | [2026-07-16 06:29:26,005] INFO [Partition __transaction_state-22 broker=1] Log loaded for partition __transaction_state-22 with initial high watermark 0 (kafka.cluster.Partition)
stream-state-bench-kafka  | [2026-07-16 06:29:26,015] INFO [LogLoader partition=__transaction_state-12, dir=/tmp/kafka-logs] Loading producer state till offset 0 (org.apache.kafka.storage.internals.log.UnifiedLog)
stream-state-bench-kafka  | [2026-07-16 06:29:26,016] INFO Created log for partition __transaction_state-12 in /tmp/kafka-logs/__transaction_state-12 with properties {cleanup.policy=compact, compression.type="uncompressed", min.insync.replicas=1, segment.bytes=104857600, unclean.leader.election.enable=false} (kafka.log.LogManager)
stream-state-bench-kafka  | [2026-07-16 06:29:26,016] INFO [Partition __transaction_state-12 broker=1] No checkpointed highwatermark is found for partition __transaction_state-12 (kafka.cluster.Partition)
stream-state-bench-kafka  | [2026-07-16 06:29:26,016] INFO [Partition __transaction_state-12 broker=1] Log loaded for partition __transaction_state-12 with initial high watermark 0 (kafka.cluster.Partition)
stream-state-bench-kafka  | [2026-07-16 06:29:26,021] INFO [LogLoader partition=__transaction_state-45, dir=/tmp/kafka-logs] Loading producer state till offset 0 (org.apache.kafka.storage.internals.log.UnifiedLog)
stream-state-bench-kafka  | [2026-07-16 06:29:26,021] INFO Created log for partition __transaction_state-45 in /tmp/kafka-logs/__transaction_state-45 with properties {cleanup.policy=compact, compression.type="uncompressed", min.insync.replicas=1, segment.bytes=104857600, unclean.leader.election.enable=false} (kafka.log.LogManager)
stream-state-bench-kafka  | [2026-07-16 06:29:26,021] INFO [Partition __transaction_state-45 broker=1] No checkpointed highwatermark is found for partition __transaction_state-45 (kafka.cluster.Partition)
stream-state-bench-kafka  | [2026-07-16 06:29:26,022] INFO [Partition __transaction_state-45 broker=1] Log loaded for partition __transaction_state-45 with initial high watermark 0 (kafka.cluster.Partition)
stream-state-bench-kafka  | [2026-07-16 06:29:26,027] INFO [LogLoader partition=__transaction_state-16, dir=/tmp/kafka-logs] Loading producer state till offset 0 (org.apache.kafka.storage.internals.log.UnifiedLog)
stream-state-bench-kafka  | [2026-07-16 06:29:26,028] INFO Created log for partition __transaction_state-16 in /tmp/kafka-logs/__transaction_state-16 with properties {cleanup.policy=compact, compression.type="uncompressed", min.insync.replicas=1, segment.bytes=104857600, unclean.leader.election.enable=false} (kafka.log.LogManager)
stream-state-bench-kafka  | [2026-07-16 06:29:26,028] INFO [Partition __transaction_state-16 broker=1] No checkpointed highwatermark is found for partition __transaction_state-16 (kafka.cluster.Partition)
stream-state-bench-kafka  | [2026-07-16 06:29:26,028] INFO [Partition __transaction_state-16 broker=1] Log loaded for partition __transaction_state-16 with initial high watermark 0 (kafka.cluster.Partition)
stream-state-bench-kafka  | [2026-07-16 06:29:26,034] INFO [LogLoader partition=__transaction_state-49, dir=/tmp/kafka-logs] Loading producer state till offset 0 (org.apache.kafka.storage.internals.log.UnifiedLog)
stream-state-bench-kafka  | [2026-07-16 06:29:26,034] INFO Created log for partition __transaction_state-49 in /tmp/kafka-logs/__transaction_state-49 with properties {cleanup.policy=compact, compression.type="uncompressed", min.insync.replicas=1, segment.bytes=104857600, unclean.leader.election.enable=false} (kafka.log.LogManager)
stream-state-bench-kafka  | [2026-07-16 06:29:26,034] INFO [Partition __transaction_state-49 broker=1] No checkpointed highwatermark is found for partition __transaction_state-49 (kafka.cluster.Partition)
stream-state-bench-kafka  | [2026-07-16 06:29:26,034] INFO [Partition __transaction_state-49 broker=1] Log loaded for partition __transaction_state-49 with initial high watermark 0 (kafka.cluster.Partition)
stream-state-bench-kafka  | [2026-07-16 06:29:26,042] INFO [LogLoader partition=__transaction_state-4, dir=/tmp/kafka-logs] Loading producer state till offset 0 (org.apache.kafka.storage.internals.log.UnifiedLog)
stream-state-bench-kafka  | [2026-07-16 06:29:26,042] INFO Created log for partition __transaction_state-4 in /tmp/kafka-logs/__transaction_state-4 with properties {cleanup.policy=compact, compression.type="uncompressed", min.insync.replicas=1, segment.bytes=104857600, unclean.leader.election.enable=false} (kafka.log.LogManager)
stream-state-bench-kafka  | [2026-07-16 06:29:26,042] INFO [Partition __transaction_state-4 broker=1] No checkpointed highwatermark is found for partition __transaction_state-4 (kafka.cluster.Partition)
stream-state-bench-kafka  | [2026-07-16 06:29:26,042] INFO [Partition __transaction_state-4 broker=1] Log loaded for partition __transaction_state-4 with initial high watermark 0 (kafka.cluster.Partition)
stream-state-bench-kafka  | [2026-07-16 06:29:26,050] INFO [LogLoader partition=__transaction_state-37, dir=/tmp/kafka-logs] Loading producer state till offset 0 (org.apache.kafka.storage.internals.log.UnifiedLog)
stream-state-bench-kafka  | [2026-07-16 06:29:26,051] INFO Created log for partition __transaction_state-37 in /tmp/kafka-logs/__transaction_state-37 with properties {cleanup.policy=compact, compression.type="uncompressed", min.insync.replicas=1, segment.bytes=104857600, unclean.leader.election.enable=false} (kafka.log.LogManager)
stream-state-bench-kafka  | [2026-07-16 06:29:26,051] INFO [Partition __transaction_state-37 broker=1] No checkpointed highwatermark is found for partition __transaction_state-37 (kafka.cluster.Partition)
stream-state-bench-kafka  | [2026-07-16 06:29:26,051] INFO [Partition __transaction_state-37 broker=1] Log loaded for partition __transaction_state-37 with initial high watermark 0 (kafka.cluster.Partition)
stream-state-bench-kafka  | [2026-07-16 06:29:26,058] INFO [LogLoader partition=__transaction_state-8, dir=/tmp/kafka-logs] Loading producer state till offset 0 (org.apache.kafka.storage.internals.log.UnifiedLog)
stream-state-bench-kafka  | [2026-07-16 06:29:26,058] INFO Created log for partition __transaction_state-8 in /tmp/kafka-logs/__transaction_state-8 with properties {cleanup.policy=compact, compression.type="uncompressed", min.insync.replicas=1, segment.bytes=104857600, unclean.leader.election.enable=false} (kafka.log.LogManager)
stream-state-bench-kafka  | [2026-07-16 06:29:26,058] INFO [Partition __transaction_state-8 broker=1] No checkpointed highwatermark is found for partition __transaction_state-8 (kafka.cluster.Partition)
stream-state-bench-kafka  | [2026-07-16 06:29:26,058] INFO [Partition __transaction_state-8 broker=1] Log loaded for partition __transaction_state-8 with initial high watermark 0 (kafka.cluster.Partition)
stream-state-bench-kafka  | [2026-07-16 06:29:26,064] INFO [LogLoader partition=__transaction_state-41, dir=/tmp/kafka-logs] Loading producer state till offset 0 (org.apache.kafka.storage.internals.log.UnifiedLog)
stream-state-bench-kafka  | [2026-07-16 06:29:26,065] INFO Created log for partition __transaction_state-41 in /tmp/kafka-logs/__transaction_state-41 with properties {cleanup.policy=compact, compression.type="uncompressed", min.insync.replicas=1, segment.bytes=104857600, unclean.leader.election.enable=false} (kafka.log.LogManager)
stream-state-bench-kafka  | [2026-07-16 06:29:26,065] INFO [Partition __transaction_state-41 broker=1] No checkpointed highwatermark is found for partition __transaction_state-41 (kafka.cluster.Partition)
stream-state-bench-kafka  | [2026-07-16 06:29:26,065] INFO [Partition __transaction_state-41 broker=1] Log loaded for partition __transaction_state-41 with initial high watermark 0 (kafka.cluster.Partition)
stream-state-bench-kafka  | [2026-07-16 06:29:26,073] INFO [LogLoader partition=__transaction_state-29, dir=/tmp/kafka-logs] Loading producer state till offset 0 (org.apache.kafka.storage.internals.log.UnifiedLog)
stream-state-bench-kafka  | [2026-07-16 06:29:26,073] INFO Created log for partition __transaction_state-29 in /tmp/kafka-logs/__transaction_state-29 with properties {cleanup.policy=compact, compression.type="uncompressed", min.insync.replicas=1, segment.bytes=104857600, unclean.leader.election.enable=false} (kafka.log.LogManager)
stream-state-bench-kafka  | [2026-07-16 06:29:26,074] INFO [Partition __transaction_state-29 broker=1] No checkpointed highwatermark is found for partition __transaction_state-29 (kafka.cluster.Partition)
stream-state-bench-kafka  | [2026-07-16 06:29:26,074] INFO [Partition __transaction_state-29 broker=1] Log loaded for partition __transaction_state-29 with initial high watermark 0 (kafka.cluster.Partition)
stream-state-bench-kafka  | [2026-07-16 06:29:26,082] INFO [LogLoader partition=__transaction_state-0, dir=/tmp/kafka-logs] Loading producer state till offset 0 (org.apache.kafka.storage.internals.log.UnifiedLog)
stream-state-bench-kafka  | [2026-07-16 06:29:26,083] INFO Created log for partition __transaction_state-0 in /tmp/kafka-logs/__transaction_state-0 with properties {cleanup.policy=compact, compression.type="uncompressed", min.insync.replicas=1, segment.bytes=104857600, unclean.leader.election.enable=false} (kafka.log.LogManager)
stream-state-bench-kafka  | [2026-07-16 06:29:26,083] INFO [Partition __transaction_state-0 broker=1] No checkpointed highwatermark is found for partition __transaction_state-0 (kafka.cluster.Partition)
stream-state-bench-kafka  | [2026-07-16 06:29:26,083] INFO [Partition __transaction_state-0 broker=1] Log loaded for partition __transaction_state-0 with initial high watermark 0 (kafka.cluster.Partition)
stream-state-bench-kafka  | [2026-07-16 06:29:26,099] INFO [LogLoader partition=__transaction_state-33, dir=/tmp/kafka-logs] Loading producer state till offset 0 (org.apache.kafka.storage.internals.log.UnifiedLog)
stream-state-bench-kafka  | [2026-07-16 06:29:26,100] INFO Created log for partition __transaction_state-33 in /tmp/kafka-logs/__transaction_state-33 with properties {cleanup.policy=compact, compression.type="uncompressed", min.insync.replicas=1, segment.bytes=104857600, unclean.leader.election.enable=false} (kafka.log.LogManager)
stream-state-bench-kafka  | [2026-07-16 06:29:26,100] INFO [Partition __transaction_state-33 broker=1] No checkpointed highwatermark is found for partition __transaction_state-33 (kafka.cluster.Partition)
stream-state-bench-kafka  | [2026-07-16 06:29:26,100] INFO [Partition __transaction_state-33 broker=1] Log loaded for partition __transaction_state-33 with initial high watermark 0 (kafka.cluster.Partition)
stream-state-bench-kafka  | [2026-07-16 06:29:26,106] INFO [LogLoader partition=__transaction_state-21, dir=/tmp/kafka-logs] Loading producer state till offset 0 (org.apache.kafka.storage.internals.log.UnifiedLog)
stream-state-bench-kafka  | [2026-07-16 06:29:26,107] INFO Created log for partition __transaction_state-21 in /tmp/kafka-logs/__transaction_state-21 with properties {cleanup.policy=compact, compression.type="uncompressed", min.insync.replicas=1, segment.bytes=104857600, unclean.leader.election.enable=false} (kafka.log.LogManager)
stream-state-bench-kafka  | [2026-07-16 06:29:26,107] INFO [Partition __transaction_state-21 broker=1] No checkpointed highwatermark is found for partition __transaction_state-21 (kafka.cluster.Partition)
stream-state-bench-kafka  | [2026-07-16 06:29:26,107] INFO [Partition __transaction_state-21 broker=1] Log loaded for partition __transaction_state-21 with initial high watermark 0 (kafka.cluster.Partition)
stream-state-bench-kafka  | [2026-07-16 06:29:26,113] INFO [LogLoader partition=__transaction_state-25, dir=/tmp/kafka-logs] Loading producer state till offset 0 (org.apache.kafka.storage.internals.log.UnifiedLog)
stream-state-bench-kafka  | [2026-07-16 06:29:26,113] INFO Created log for partition __transaction_state-25 in /tmp/kafka-logs/__transaction_state-25 with properties {cleanup.policy=compact, compression.type="uncompressed", min.insync.replicas=1, segment.bytes=104857600, unclean.leader.election.enable=false} (kafka.log.LogManager)
stream-state-bench-kafka  | [2026-07-16 06:29:26,113] INFO [Partition __transaction_state-25 broker=1] No checkpointed highwatermark is found for partition __transaction_state-25 (kafka.cluster.Partition)
stream-state-bench-kafka  | [2026-07-16 06:29:26,113] INFO [Partition __transaction_state-25 broker=1] Log loaded for partition __transaction_state-25 with initial high watermark 0 (kafka.cluster.Partition)
stream-state-bench-kafka  | [2026-07-16 06:29:26,119] INFO [LogLoader partition=__transaction_state-11, dir=/tmp/kafka-logs] Loading producer state till offset 0 (org.apache.kafka.storage.internals.log.UnifiedLog)
stream-state-bench-kafka  | [2026-07-16 06:29:26,120] INFO Created log for partition __transaction_state-11 in /tmp/kafka-logs/__transaction_state-11 with properties {cleanup.policy=compact, compression.type="uncompressed", min.insync.replicas=1, segment.bytes=104857600, unclean.leader.election.enable=false} (kafka.log.LogManager)
stream-state-bench-kafka  | [2026-07-16 06:29:26,120] INFO [Partition __transaction_state-11 broker=1] No checkpointed highwatermark is found for partition __transaction_state-11 (kafka.cluster.Partition)
stream-state-bench-kafka  | [2026-07-16 06:29:26,120] INFO [Partition __transaction_state-11 broker=1] Log loaded for partition __transaction_state-11 with initial high watermark 0 (kafka.cluster.Partition)
stream-state-bench-kafka  | [2026-07-16 06:29:26,126] INFO [LogLoader partition=__transaction_state-44, dir=/tmp/kafka-logs] Loading producer state till offset 0 (org.apache.kafka.storage.internals.log.UnifiedLog)
stream-state-bench-kafka  | [2026-07-16 06:29:26,126] INFO Created log for partition __transaction_state-44 in /tmp/kafka-logs/__transaction_state-44 with properties {cleanup.policy=compact, compression.type="uncompressed", min.insync.replicas=1, segment.bytes=104857600, unclean.leader.election.enable=false} (kafka.log.LogManager)
stream-state-bench-kafka  | [2026-07-16 06:29:26,126] INFO [Partition __transaction_state-44 broker=1] No checkpointed highwatermark is found for partition __transaction_state-44 (kafka.cluster.Partition)
stream-state-bench-kafka  | [2026-07-16 06:29:26,126] INFO [Partition __transaction_state-44 broker=1] Log loaded for partition __transaction_state-44 with initial high watermark 0 (kafka.cluster.Partition)
stream-state-bench-kafka  | [2026-07-16 06:29:26,132] INFO [LogLoader partition=__transaction_state-15, dir=/tmp/kafka-logs] Loading producer state till offset 0 (org.apache.kafka.storage.internals.log.UnifiedLog)
stream-state-bench-kafka  | [2026-07-16 06:29:26,133] INFO Created log for partition __transaction_state-15 in /tmp/kafka-logs/__transaction_state-15 with properties {cleanup.policy=compact, compression.type="uncompressed", min.insync.replicas=1, segment.bytes=104857600, unclean.leader.election.enable=false} (kafka.log.LogManager)
stream-state-bench-kafka  | [2026-07-16 06:29:26,133] INFO [Partition __transaction_state-15 broker=1] No checkpointed highwatermark is found for partition __transaction_state-15 (kafka.cluster.Partition)
stream-state-bench-kafka  | [2026-07-16 06:29:26,133] INFO [Partition __transaction_state-15 broker=1] Log loaded for partition __transaction_state-15 with initial high watermark 0 (kafka.cluster.Partition)
stream-state-bench-kafka  | [2026-07-16 06:29:26,139] INFO [LogLoader partition=__transaction_state-48, dir=/tmp/kafka-logs] Loading producer state till offset 0 (org.apache.kafka.storage.internals.log.UnifiedLog)
stream-state-bench-kafka  | [2026-07-16 06:29:26,140] INFO Created log for partition __transaction_state-48 in /tmp/kafka-logs/__transaction_state-48 with properties {cleanup.policy=compact, compression.type="uncompressed", min.insync.replicas=1, segment.bytes=104857600, unclean.leader.election.enable=false} (kafka.log.LogManager)
stream-state-bench-kafka  | [2026-07-16 06:29:26,140] INFO [Partition __transaction_state-48 broker=1] No checkpointed highwatermark is found for partition __transaction_state-48 (kafka.cluster.Partition)
stream-state-bench-kafka  | [2026-07-16 06:29:26,140] INFO [Partition __transaction_state-48 broker=1] Log loaded for partition __transaction_state-48 with initial high watermark 0 (kafka.cluster.Partition)
stream-state-bench-kafka  | [2026-07-16 06:29:26,146] INFO [LogLoader partition=__transaction_state-3, dir=/tmp/kafka-logs] Loading producer state till offset 0 (org.apache.kafka.storage.internals.log.UnifiedLog)
stream-state-bench-kafka  | [2026-07-16 06:29:26,146] INFO Created log for partition __transaction_state-3 in /tmp/kafka-logs/__transaction_state-3 with properties {cleanup.policy=compact, compression.type="uncompressed", min.insync.replicas=1, segment.bytes=104857600, unclean.leader.election.enable=false} (kafka.log.LogManager)
stream-state-bench-kafka  | [2026-07-16 06:29:26,146] INFO [Partition __transaction_state-3 broker=1] No checkpointed highwatermark is found for partition __transaction_state-3 (kafka.cluster.Partition)
stream-state-bench-kafka  | [2026-07-16 06:29:26,146] INFO [Partition __transaction_state-3 broker=1] Log loaded for partition __transaction_state-3 with initial high watermark 0 (kafka.cluster.Partition)
stream-state-bench-kafka  | [2026-07-16 06:29:26,152] INFO [LogLoader partition=__transaction_state-36, dir=/tmp/kafka-logs] Loading producer state till offset 0 (org.apache.kafka.storage.internals.log.UnifiedLog)
stream-state-bench-kafka  | [2026-07-16 06:29:26,153] INFO Created log for partition __transaction_state-36 in /tmp/kafka-logs/__transaction_state-36 with properties {cleanup.policy=compact, compression.type="uncompressed", min.insync.replicas=1, segment.bytes=104857600, unclean.leader.election.enable=false} (kafka.log.LogManager)
stream-state-bench-kafka  | [2026-07-16 06:29:26,153] INFO [Partition __transaction_state-36 broker=1] No checkpointed highwatermark is found for partition __transaction_state-36 (kafka.cluster.Partition)
stream-state-bench-kafka  | [2026-07-16 06:29:26,153] INFO [Partition __transaction_state-36 broker=1] Log loaded for partition __transaction_state-36 with initial high watermark 0 (kafka.cluster.Partition)
stream-state-bench-kafka  | [2026-07-16 06:29:26,159] INFO [LogLoader partition=__transaction_state-7, dir=/tmp/kafka-logs] Loading producer state till offset 0 (org.apache.kafka.storage.internals.log.UnifiedLog)
stream-state-bench-kafka  | [2026-07-16 06:29:26,159] INFO Created log for partition __transaction_state-7 in /tmp/kafka-logs/__transaction_state-7 with properties {cleanup.policy=compact, compression.type="uncompressed", min.insync.replicas=1, segment.bytes=104857600, unclean.leader.election.enable=false} (kafka.log.LogManager)
stream-state-bench-kafka  | [2026-07-16 06:29:26,159] INFO [Partition __transaction_state-7 broker=1] No checkpointed highwatermark is found for partition __transaction_state-7 (kafka.cluster.Partition)
stream-state-bench-kafka  | [2026-07-16 06:29:26,159] INFO [Partition __transaction_state-7 broker=1] Log loaded for partition __transaction_state-7 with initial high watermark 0 (kafka.cluster.Partition)
stream-state-bench-kafka  | [2026-07-16 06:29:26,164] INFO [LogLoader partition=__transaction_state-40, dir=/tmp/kafka-logs] Loading producer state till offset 0 (org.apache.kafka.storage.internals.log.UnifiedLog)
stream-state-bench-kafka  | [2026-07-16 06:29:26,165] INFO Created log for partition __transaction_state-40 in /tmp/kafka-logs/__transaction_state-40 with properties {cleanup.policy=compact, compression.type="uncompressed", min.insync.replicas=1, segment.bytes=104857600, unclean.leader.election.enable=false} (kafka.log.LogManager)
stream-state-bench-kafka  | [2026-07-16 06:29:26,165] INFO [Partition __transaction_state-40 broker=1] No checkpointed highwatermark is found for partition __transaction_state-40 (kafka.cluster.Partition)
stream-state-bench-kafka  | [2026-07-16 06:29:26,165] INFO [Partition __transaction_state-40 broker=1] Log loaded for partition __transaction_state-40 with initial high watermark 0 (kafka.cluster.Partition)
stream-state-bench-kafka  | [2026-07-16 06:29:26,173] INFO [LogLoader partition=__transaction_state-28, dir=/tmp/kafka-logs] Loading producer state till offset 0 (org.apache.kafka.storage.internals.log.UnifiedLog)
stream-state-bench-kafka  | [2026-07-16 06:29:26,173] INFO Created log for partition __transaction_state-28 in /tmp/kafka-logs/__transaction_state-28 with properties {cleanup.policy=compact, compression.type="uncompressed", min.insync.replicas=1, segment.bytes=104857600, unclean.leader.election.enable=false} (kafka.log.LogManager)
stream-state-bench-kafka  | [2026-07-16 06:29:26,173] INFO [Partition __transaction_state-28 broker=1] No checkpointed highwatermark is found for partition __transaction_state-28 (kafka.cluster.Partition)
stream-state-bench-kafka  | [2026-07-16 06:29:26,173] INFO [Partition __transaction_state-28 broker=1] Log loaded for partition __transaction_state-28 with initial high watermark 0 (kafka.cluster.Partition)
stream-state-bench-kafka  | [2026-07-16 06:29:26,179] INFO [LogLoader partition=__transaction_state-32, dir=/tmp/kafka-logs] Loading producer state till offset 0 (org.apache.kafka.storage.internals.log.UnifiedLog)
stream-state-bench-kafka  | [2026-07-16 06:29:26,179] INFO Created log for partition __transaction_state-32 in /tmp/kafka-logs/__transaction_state-32 with properties {cleanup.policy=compact, compression.type="uncompressed", min.insync.replicas=1, segment.bytes=104857600, unclean.leader.election.enable=false} (kafka.log.LogManager)
stream-state-bench-kafka  | [2026-07-16 06:29:26,180] INFO [Partition __transaction_state-32 broker=1] No checkpointed highwatermark is found for partition __transaction_state-32 (kafka.cluster.Partition)
stream-state-bench-kafka  | [2026-07-16 06:29:26,180] INFO [Partition __transaction_state-32 broker=1] Log loaded for partition __transaction_state-32 with initial high watermark 0 (kafka.cluster.Partition)
stream-state-bench-kafka  | [2026-07-16 06:29:26,185] INFO [LogLoader partition=__transaction_state-20, dir=/tmp/kafka-logs] Loading producer state till offset 0 (org.apache.kafka.storage.internals.log.UnifiedLog)
stream-state-bench-kafka  | [2026-07-16 06:29:26,186] INFO Created log for partition __transaction_state-20 in /tmp/kafka-logs/__transaction_state-20 with properties {cleanup.policy=compact, compression.type="uncompressed", min.insync.replicas=1, segment.bytes=104857600, unclean.leader.election.enable=false} (kafka.log.LogManager)
stream-state-bench-kafka  | [2026-07-16 06:29:26,186] INFO [Partition __transaction_state-20 broker=1] No checkpointed highwatermark is found for partition __transaction_state-20 (kafka.cluster.Partition)
stream-state-bench-kafka  | [2026-07-16 06:29:26,186] INFO [Partition __transaction_state-20 broker=1] Log loaded for partition __transaction_state-20 with initial high watermark 0 (kafka.cluster.Partition)
stream-state-bench-kafka  | [2026-07-16 06:29:26,192] INFO [LogLoader partition=__transaction_state-24, dir=/tmp/kafka-logs] Loading producer state till offset 0 (org.apache.kafka.storage.internals.log.UnifiedLog)
stream-state-bench-kafka  | [2026-07-16 06:29:26,192] INFO Created log for partition __transaction_state-24 in /tmp/kafka-logs/__transaction_state-24 with properties {cleanup.policy=compact, compression.type="uncompressed", min.insync.replicas=1, segment.bytes=104857600, unclean.leader.election.enable=false} (kafka.log.LogManager)
stream-state-bench-kafka  | [2026-07-16 06:29:26,193] INFO [Partition __transaction_state-24 broker=1] No checkpointed highwatermark is found for partition __transaction_state-24 (kafka.cluster.Partition)
stream-state-bench-kafka  | [2026-07-16 06:29:26,193] INFO [Partition __transaction_state-24 broker=1] Log loaded for partition __transaction_state-24 with initial high watermark 0 (kafka.cluster.Partition)
stream-state-bench-kafka  | [2026-07-16 06:29:26,197] INFO [LogLoader partition=__transaction_state-10, dir=/tmp/kafka-logs] Loading producer state till offset 0 (org.apache.kafka.storage.internals.log.UnifiedLog)
stream-state-bench-kafka  | [2026-07-16 06:29:26,198] INFO Created log for partition __transaction_state-10 in /tmp/kafka-logs/__transaction_state-10 with properties {cleanup.policy=compact, compression.type="uncompressed", min.insync.replicas=1, segment.bytes=104857600, unclean.leader.election.enable=false} (kafka.log.LogManager)
stream-state-bench-kafka  | [2026-07-16 06:29:26,198] INFO [Partition __transaction_state-10 broker=1] No checkpointed highwatermark is found for partition __transaction_state-10 (kafka.cluster.Partition)
stream-state-bench-kafka  | [2026-07-16 06:29:26,198] INFO [Partition __transaction_state-10 broker=1] Log loaded for partition __transaction_state-10 with initial high watermark 0 (kafka.cluster.Partition)
stream-state-bench-kafka  | [2026-07-16 06:29:26,204] INFO [LogLoader partition=__transaction_state-43, dir=/tmp/kafka-logs] Loading producer state till offset 0 (org.apache.kafka.storage.internals.log.UnifiedLog)
stream-state-bench-kafka  | [2026-07-16 06:29:26,205] INFO Created log for partition __transaction_state-43 in /tmp/kafka-logs/__transaction_state-43 with properties {cleanup.policy=compact, compression.type="uncompressed", min.insync.replicas=1, segment.bytes=104857600, unclean.leader.election.enable=false} (kafka.log.LogManager)
stream-state-bench-kafka  | [2026-07-16 06:29:26,205] INFO [Partition __transaction_state-43 broker=1] No checkpointed highwatermark is found for partition __transaction_state-43 (kafka.cluster.Partition)
stream-state-bench-kafka  | [2026-07-16 06:29:26,205] INFO [Partition __transaction_state-43 broker=1] Log loaded for partition __transaction_state-43 with initial high watermark 0 (kafka.cluster.Partition)
stream-state-bench-kafka  | [2026-07-16 06:29:26,211] INFO [LogLoader partition=__transaction_state-14, dir=/tmp/kafka-logs] Loading producer state till offset 0 (org.apache.kafka.storage.internals.log.UnifiedLog)
stream-state-bench-kafka  | [2026-07-16 06:29:26,211] INFO Created log for partition __transaction_state-14 in /tmp/kafka-logs/__transaction_state-14 with properties {cleanup.policy=compact, compression.type="uncompressed", min.insync.replicas=1, segment.bytes=104857600, unclean.leader.election.enable=false} (kafka.log.LogManager)
stream-state-bench-kafka  | [2026-07-16 06:29:26,211] INFO [Partition __transaction_state-14 broker=1] No checkpointed highwatermark is found for partition __transaction_state-14 (kafka.cluster.Partition)
stream-state-bench-kafka  | [2026-07-16 06:29:26,211] INFO [Partition __transaction_state-14 broker=1] Log loaded for partition __transaction_state-14 with initial high watermark 0 (kafka.cluster.Partition)
stream-state-bench-kafka  | [2026-07-16 06:29:26,217] INFO [LogLoader partition=__transaction_state-47, dir=/tmp/kafka-logs] Loading producer state till offset 0 (org.apache.kafka.storage.internals.log.UnifiedLog)
stream-state-bench-kafka  | [2026-07-16 06:29:26,217] INFO Created log for partition __transaction_state-47 in /tmp/kafka-logs/__transaction_state-47 with properties {cleanup.policy=compact, compression.type="uncompressed", min.insync.replicas=1, segment.bytes=104857600, unclean.leader.election.enable=false} (kafka.log.LogManager)
stream-state-bench-kafka  | [2026-07-16 06:29:26,217] INFO [Partition __transaction_state-47 broker=1] No checkpointed highwatermark is found for partition __transaction_state-47 (kafka.cluster.Partition)
stream-state-bench-kafka  | [2026-07-16 06:29:26,217] INFO [Partition __transaction_state-47 broker=1] Log loaded for partition __transaction_state-47 with initial high watermark 0 (kafka.cluster.Partition)
stream-state-bench-kafka  | [2026-07-16 06:29:26,223] INFO [LogLoader partition=__transaction_state-2, dir=/tmp/kafka-logs] Loading producer state till offset 0 (org.apache.kafka.storage.internals.log.UnifiedLog)
stream-state-bench-kafka  | [2026-07-16 06:29:26,224] INFO Created log for partition __transaction_state-2 in /tmp/kafka-logs/__transaction_state-2 with properties {cleanup.policy=compact, compression.type="uncompressed", min.insync.replicas=1, segment.bytes=104857600, unclean.leader.election.enable=false} (kafka.log.LogManager)
stream-state-bench-kafka  | [2026-07-16 06:29:26,224] INFO [Partition __transaction_state-2 broker=1] No checkpointed highwatermark is found for partition __transaction_state-2 (kafka.cluster.Partition)
stream-state-bench-kafka  | [2026-07-16 06:29:26,224] INFO [Partition __transaction_state-2 broker=1] Log loaded for partition __transaction_state-2 with initial high watermark 0 (kafka.cluster.Partition)
stream-state-bench-kafka  | [2026-07-16 06:29:26,229] INFO [LogLoader partition=__transaction_state-35, dir=/tmp/kafka-logs] Loading producer state till offset 0 (org.apache.kafka.storage.internals.log.UnifiedLog)
stream-state-bench-kafka  | [2026-07-16 06:29:26,230] INFO Created log for partition __transaction_state-35 in /tmp/kafka-logs/__transaction_state-35 with properties {cleanup.policy=compact, compression.type="uncompressed", min.insync.replicas=1, segment.bytes=104857600, unclean.leader.election.enable=false} (kafka.log.LogManager)
stream-state-bench-kafka  | [2026-07-16 06:29:26,230] INFO [Partition __transaction_state-35 broker=1] No checkpointed highwatermark is found for partition __transaction_state-35 (kafka.cluster.Partition)
stream-state-bench-kafka  | [2026-07-16 06:29:26,230] INFO [Partition __transaction_state-35 broker=1] Log loaded for partition __transaction_state-35 with initial high watermark 0 (kafka.cluster.Partition)
stream-state-bench-kafka  | [2026-07-16 06:29:26,236] INFO [LogLoader partition=__transaction_state-6, dir=/tmp/kafka-logs] Loading producer state till offset 0 (org.apache.kafka.storage.internals.log.UnifiedLog)
stream-state-bench-kafka  | [2026-07-16 06:29:26,237] INFO Created log for partition __transaction_state-6 in /tmp/kafka-logs/__transaction_state-6 with properties {cleanup.policy=compact, compression.type="uncompressed", min.insync.replicas=1, segment.bytes=104857600, unclean.leader.election.enable=false} (kafka.log.LogManager)
stream-state-bench-kafka  | [2026-07-16 06:29:26,237] INFO [Partition __transaction_state-6 broker=1] No checkpointed highwatermark is found for partition __transaction_state-6 (kafka.cluster.Partition)
stream-state-bench-kafka  | [2026-07-16 06:29:26,237] INFO [Partition __transaction_state-6 broker=1] Log loaded for partition __transaction_state-6 with initial high watermark 0 (kafka.cluster.Partition)
stream-state-bench-kafka  | [2026-07-16 06:29:26,243] INFO [LogLoader partition=__transaction_state-39, dir=/tmp/kafka-logs] Loading producer state till offset 0 (org.apache.kafka.storage.internals.log.UnifiedLog)
stream-state-bench-kafka  | [2026-07-16 06:29:26,244] INFO Created log for partition __transaction_state-39 in /tmp/kafka-logs/__transaction_state-39 with properties {cleanup.policy=compact, compression.type="uncompressed", min.insync.replicas=1, segment.bytes=104857600, unclean.leader.election.enable=false} (kafka.log.LogManager)
stream-state-bench-kafka  | [2026-07-16 06:29:26,244] INFO [Partition __transaction_state-39 broker=1] No checkpointed highwatermark is found for partition __transaction_state-39 (kafka.cluster.Partition)
stream-state-bench-kafka  | [2026-07-16 06:29:26,244] INFO [Partition __transaction_state-39 broker=1] Log loaded for partition __transaction_state-39 with initial high watermark 0 (kafka.cluster.Partition)
stream-state-bench-kafka  | [2026-07-16 06:29:26,252] INFO [LogLoader partition=__transaction_state-27, dir=/tmp/kafka-logs] Loading producer state till offset 0 (org.apache.kafka.storage.internals.log.UnifiedLog)
stream-state-bench-kafka  | [2026-07-16 06:29:26,253] INFO Created log for partition __transaction_state-27 in /tmp/kafka-logs/__transaction_state-27 with properties {cleanup.policy=compact, compression.type="uncompressed", min.insync.replicas=1, segment.bytes=104857600, unclean.leader.election.enable=false} (kafka.log.LogManager)
stream-state-bench-kafka  | [2026-07-16 06:29:26,253] INFO [Partition __transaction_state-27 broker=1] No checkpointed highwatermark is found for partition __transaction_state-27 (kafka.cluster.Partition)
stream-state-bench-kafka  | [2026-07-16 06:29:26,253] INFO [Partition __transaction_state-27 broker=1] Log loaded for partition __transaction_state-27 with initial high watermark 0 (kafka.cluster.Partition)
stream-state-bench-kafka  | [2026-07-16 06:29:26,261] INFO [LogLoader partition=__transaction_state-31, dir=/tmp/kafka-logs] Loading producer state till offset 0 (org.apache.kafka.storage.internals.log.UnifiedLog)
stream-state-bench-kafka  | [2026-07-16 06:29:26,261] INFO Created log for partition __transaction_state-31 in /tmp/kafka-logs/__transaction_state-31 with properties {cleanup.policy=compact, compression.type="uncompressed", min.insync.replicas=1, segment.bytes=104857600, unclean.leader.election.enable=false} (kafka.log.LogManager)
stream-state-bench-kafka  | [2026-07-16 06:29:26,261] INFO [Partition __transaction_state-31 broker=1] No checkpointed highwatermark is found for partition __transaction_state-31 (kafka.cluster.Partition)
stream-state-bench-kafka  | [2026-07-16 06:29:26,262] INFO [Partition __transaction_state-31 broker=1] Log loaded for partition __transaction_state-31 with initial high watermark 0 (kafka.cluster.Partition)
stream-state-bench-kafka  | [2026-07-16 06:29:26,268] INFO [LogLoader partition=__transaction_state-19, dir=/tmp/kafka-logs] Loading producer state till offset 0 (org.apache.kafka.storage.internals.log.UnifiedLog)
stream-state-bench-kafka  | [2026-07-16 06:29:26,269] INFO Created log for partition __transaction_state-19 in /tmp/kafka-logs/__transaction_state-19 with properties {cleanup.policy=compact, compression.type="uncompressed", min.insync.replicas=1, segment.bytes=104857600, unclean.leader.election.enable=false} (kafka.log.LogManager)
stream-state-bench-kafka  | [2026-07-16 06:29:26,269] INFO [Partition __transaction_state-19 broker=1] No checkpointed highwatermark is found for partition __transaction_state-19 (kafka.cluster.Partition)
stream-state-bench-kafka  | [2026-07-16 06:29:26,269] INFO [Partition __transaction_state-19 broker=1] Log loaded for partition __transaction_state-19 with initial high watermark 0 (kafka.cluster.Partition)
stream-state-bench-kafka  | [2026-07-16 06:29:26,274] INFO [LogLoader partition=__transaction_state-23, dir=/tmp/kafka-logs] Loading producer state till offset 0 (org.apache.kafka.storage.internals.log.UnifiedLog)
stream-state-bench-kafka  | [2026-07-16 06:29:26,275] INFO Created log for partition __transaction_state-23 in /tmp/kafka-logs/__transaction_state-23 with properties {cleanup.policy=compact, compression.type="uncompressed", min.insync.replicas=1, segment.bytes=104857600, unclean.leader.election.enable=false} (kafka.log.LogManager)
stream-state-bench-kafka  | [2026-07-16 06:29:26,275] INFO [Partition __transaction_state-23 broker=1] No checkpointed highwatermark is found for partition __transaction_state-23 (kafka.cluster.Partition)
stream-state-bench-kafka  | [2026-07-16 06:29:26,275] INFO [Partition __transaction_state-23 broker=1] Log loaded for partition __transaction_state-23 with initial high watermark 0 (kafka.cluster.Partition)
stream-state-bench-kafka  | [2026-07-16 06:29:26,280] INFO [TransactionCoordinator id=1] Elected as the txn coordinator for partition 42 at epoch 0 (kafka.coordinator.transaction.TransactionCoordinator)
stream-state-bench-kafka  | [2026-07-16 06:29:26,286] INFO [TransactionCoordinator id=1] Elected as the txn coordinator for partition 13 at epoch 0 (kafka.coordinator.transaction.TransactionCoordinator)
stream-state-bench-kafka  | [2026-07-16 06:29:26,286] INFO [TransactionCoordinator id=1] Elected as the txn coordinator for partition 46 at epoch 0 (kafka.coordinator.transaction.TransactionCoordinator)
stream-state-bench-kafka  | [2026-07-16 06:29:26,286] INFO [TransactionCoordinator id=1] Elected as the txn coordinator for partition 17 at epoch 0 (kafka.coordinator.transaction.TransactionCoordinator)
stream-state-bench-kafka  | [2026-07-16 06:29:26,286] INFO [TransactionCoordinator id=1] Elected as the txn coordinator for partition 34 at epoch 0 (kafka.coordinator.transaction.TransactionCoordinator)
stream-state-bench-kafka  | [2026-07-16 06:29:26,286] INFO [TransactionCoordinator id=1] Elected as the txn coordinator for partition 5 at epoch 0 (kafka.coordinator.transaction.TransactionCoordinator)
stream-state-bench-kafka  | [2026-07-16 06:29:26,286] INFO [TransactionCoordinator id=1] Elected as the txn coordinator for partition 38 at epoch 0 (kafka.coordinator.transaction.TransactionCoordinator)
stream-state-bench-kafka  | [2026-07-16 06:29:26,286] INFO [TransactionCoordinator id=1] Elected as the txn coordinator for partition 9 at epoch 0 (kafka.coordinator.transaction.TransactionCoordinator)
stream-state-bench-kafka  | [2026-07-16 06:29:26,286] INFO [TransactionCoordinator id=1] Elected as the txn coordinator for partition 26 at epoch 0 (kafka.coordinator.transaction.TransactionCoordinator)
stream-state-bench-kafka  | [2026-07-16 06:29:26,286] INFO [TransactionCoordinator id=1] Elected as the txn coordinator for partition 30 at epoch 0 (kafka.coordinator.transaction.TransactionCoordinator)
stream-state-bench-kafka  | [2026-07-16 06:29:26,286] INFO [TransactionCoordinator id=1] Elected as the txn coordinator for partition 1 at epoch 0 (kafka.coordinator.transaction.TransactionCoordinator)
stream-state-bench-kafka  | [2026-07-16 06:29:26,286] INFO [TransactionCoordinator id=1] Elected as the txn coordinator for partition 18 at epoch 0 (kafka.coordinator.transaction.TransactionCoordinator)
stream-state-bench-kafka  | [2026-07-16 06:29:26,286] INFO [TransactionCoordinator id=1] Elected as the txn coordinator for partition 22 at epoch 0 (kafka.coordinator.transaction.TransactionCoordinator)
stream-state-bench-kafka  | [2026-07-16 06:29:26,286] INFO [Transaction State Manager 1]: Loading transaction metadata from __transaction_state-42 at epoch 0 (kafka.coordinator.transaction.TransactionStateManager)
stream-state-bench-kafka  | [2026-07-16 06:29:26,286] INFO [TransactionCoordinator id=1] Elected as the txn coordinator for partition 12 at epoch 0 (kafka.coordinator.transaction.TransactionCoordinator)
stream-state-bench-kafka  | [2026-07-16 06:29:26,287] INFO [TransactionCoordinator id=1] Elected as the txn coordinator for partition 45 at epoch 0 (kafka.coordinator.transaction.TransactionCoordinator)
stream-state-bench-kafka  | [2026-07-16 06:29:26,287] INFO [TransactionCoordinator id=1] Elected as the txn coordinator for partition 16 at epoch 0 (kafka.coordinator.transaction.TransactionCoordinator)
stream-state-bench-kafka  | [2026-07-16 06:29:26,287] INFO [TransactionCoordinator id=1] Elected as the txn coordinator for partition 49 at epoch 0 (kafka.coordinator.transaction.TransactionCoordinator)
stream-state-bench-kafka  | [2026-07-16 06:29:26,287] INFO [TransactionCoordinator id=1] Elected as the txn coordinator for partition 4 at epoch 0 (kafka.coordinator.transaction.TransactionCoordinator)
stream-state-bench-kafka  | [2026-07-16 06:29:26,287] INFO [TransactionCoordinator id=1] Elected as the txn coordinator for partition 37 at epoch 0 (kafka.coordinator.transaction.TransactionCoordinator)
stream-state-bench-kafka  | [2026-07-16 06:29:26,287] INFO [TransactionCoordinator id=1] Elected as the txn coordinator for partition 8 at epoch 0 (kafka.coordinator.transaction.TransactionCoordinator)
stream-state-bench-kafka  | [2026-07-16 06:29:26,287] INFO [TransactionCoordinator id=1] Elected as the txn coordinator for partition 41 at epoch 0 (kafka.coordinator.transaction.TransactionCoordinator)
stream-state-bench-kafka  | [2026-07-16 06:29:26,287] INFO [TransactionCoordinator id=1] Elected as the txn coordinator for partition 29 at epoch 0 (kafka.coordinator.transaction.TransactionCoordinator)
stream-state-bench-kafka  | [2026-07-16 06:29:26,287] INFO [TransactionCoordinator id=1] Elected as the txn coordinator for partition 0 at epoch 0 (kafka.coordinator.transaction.TransactionCoordinator)
stream-state-bench-kafka  | [2026-07-16 06:29:26,287] INFO [TransactionCoordinator id=1] Elected as the txn coordinator for partition 33 at epoch 0 (kafka.coordinator.transaction.TransactionCoordinator)
stream-state-bench-kafka  | [2026-07-16 06:29:26,287] INFO [TransactionCoordinator id=1] Elected as the txn coordinator for partition 21 at epoch 0 (kafka.coordinator.transaction.TransactionCoordinator)
stream-state-bench-kafka  | [2026-07-16 06:29:26,287] INFO [TransactionCoordinator id=1] Elected as the txn coordinator for partition 25 at epoch 0 (kafka.coordinator.transaction.TransactionCoordinator)
stream-state-bench-kafka  | [2026-07-16 06:29:26,287] INFO [TransactionCoordinator id=1] Elected as the txn coordinator for partition 11 at epoch 0 (kafka.coordinator.transaction.TransactionCoordinator)
stream-state-bench-kafka  | [2026-07-16 06:29:26,287] INFO [TransactionCoordinator id=1] Elected as the txn coordinator for partition 44 at epoch 0 (kafka.coordinator.transaction.TransactionCoordinator)
stream-state-bench-kafka  | [2026-07-16 06:29:26,287] INFO [TransactionCoordinator id=1] Elected as the txn coordinator for partition 15 at epoch 0 (kafka.coordinator.transaction.TransactionCoordinator)
stream-state-bench-kafka  | [2026-07-16 06:29:26,287] INFO [TransactionCoordinator id=1] Elected as the txn coordinator for partition 48 at epoch 0 (kafka.coordinator.transaction.TransactionCoordinator)
stream-state-bench-kafka  | [2026-07-16 06:29:26,287] INFO [TransactionCoordinator id=1] Elected as the txn coordinator for partition 3 at epoch 0 (kafka.coordinator.transaction.TransactionCoordinator)
stream-state-bench-kafka  | [2026-07-16 06:29:26,287] INFO [TransactionCoordinator id=1] Elected as the txn coordinator for partition 36 at epoch 0 (kafka.coordinator.transaction.TransactionCoordinator)
stream-state-bench-kafka  | [2026-07-16 06:29:26,287] INFO [TransactionCoordinator id=1] Elected as the txn coordinator for partition 7 at epoch 0 (kafka.coordinator.transaction.TransactionCoordinator)
stream-state-bench-kafka  | [2026-07-16 06:29:26,287] INFO [TransactionCoordinator id=1] Elected as the txn coordinator for partition 40 at epoch 0 (kafka.coordinator.transaction.TransactionCoordinator)
stream-state-bench-kafka  | [2026-07-16 06:29:26,287] INFO [TransactionCoordinator id=1] Elected as the txn coordinator for partition 28 at epoch 0 (kafka.coordinator.transaction.TransactionCoordinator)
stream-state-bench-kafka  | [2026-07-16 06:29:26,288] INFO [TransactionCoordinator id=1] Elected as the txn coordinator for partition 32 at epoch 0 (kafka.coordinator.transaction.TransactionCoordinator)
stream-state-bench-kafka  | [2026-07-16 06:29:26,288] INFO [TransactionCoordinator id=1] Elected as the txn coordinator for partition 20 at epoch 0 (kafka.coordinator.transaction.TransactionCoordinator)
stream-state-bench-kafka  | [2026-07-16 06:29:26,288] INFO [TransactionCoordinator id=1] Elected as the txn coordinator for partition 24 at epoch 0 (kafka.coordinator.transaction.TransactionCoordinator)
stream-state-bench-kafka  | [2026-07-16 06:29:26,288] INFO [TransactionCoordinator id=1] Elected as the txn coordinator for partition 10 at epoch 0 (kafka.coordinator.transaction.TransactionCoordinator)
stream-state-bench-kafka  | [2026-07-16 06:29:26,288] INFO [TransactionCoordinator id=1] Elected as the txn coordinator for partition 43 at epoch 0 (kafka.coordinator.transaction.TransactionCoordinator)
stream-state-bench-kafka  | [2026-07-16 06:29:26,288] INFO [TransactionCoordinator id=1] Elected as the txn coordinator for partition 14 at epoch 0 (kafka.coordinator.transaction.TransactionCoordinator)
stream-state-bench-kafka  | [2026-07-16 06:29:26,288] INFO [TransactionCoordinator id=1] Elected as the txn coordinator for partition 47 at epoch 0 (kafka.coordinator.transaction.TransactionCoordinator)
stream-state-bench-kafka  | [2026-07-16 06:29:26,288] INFO [TransactionCoordinator id=1] Elected as the txn coordinator for partition 2 at epoch 0 (kafka.coordinator.transaction.TransactionCoordinator)
stream-state-bench-kafka  | [2026-07-16 06:29:26,288] INFO [TransactionCoordinator id=1] Elected as the txn coordinator for partition 35 at epoch 0 (kafka.coordinator.transaction.TransactionCoordinator)
stream-state-bench-kafka  | [2026-07-16 06:29:26,288] INFO [TransactionCoordinator id=1] Elected as the txn coordinator for partition 6 at epoch 0 (kafka.coordinator.transaction.TransactionCoordinator)
stream-state-bench-kafka  | [2026-07-16 06:29:26,288] INFO [TransactionCoordinator id=1] Elected as the txn coordinator for partition 39 at epoch 0 (kafka.coordinator.transaction.TransactionCoordinator)
stream-state-bench-kafka  | [2026-07-16 06:29:26,288] INFO [TransactionCoordinator id=1] Elected as the txn coordinator for partition 27 at epoch 0 (kafka.coordinator.transaction.TransactionCoordinator)
stream-state-bench-kafka  | [2026-07-16 06:29:26,288] INFO [TransactionCoordinator id=1] Elected as the txn coordinator for partition 31 at epoch 0 (kafka.coordinator.transaction.TransactionCoordinator)
stream-state-bench-kafka  | [2026-07-16 06:29:26,288] INFO [TransactionCoordinator id=1] Elected as the txn coordinator for partition 19 at epoch 0 (kafka.coordinator.transaction.TransactionCoordinator)
stream-state-bench-kafka  | [2026-07-16 06:29:26,288] INFO [TransactionCoordinator id=1] Elected as the txn coordinator for partition 23 at epoch 0 (kafka.coordinator.transaction.TransactionCoordinator)
stream-state-bench-kafka  | [2026-07-16 06:29:26,288] INFO [DynamicConfigPublisher broker id=1] Updating topic __transaction_state with new configuration : compression.type -> uncompressed,cleanup.policy -> compact,min.insync.replicas -> 1,segment.bytes -> 104857600,unclean.leader.election.enable -> false (kafka.server.metadata.DynamicConfigPublisher)
stream-state-bench-kafka  | [2026-07-16 06:29:26,291] INFO [Transaction State Manager 1]: Finished loading 0 transaction metadata from __transaction_state-42 in 2 milliseconds, of which 1 milliseconds was spent in the scheduler. (kafka.coordinator.transaction.TransactionStateManager)
stream-state-bench-kafka  | [2026-07-16 06:29:26,294] INFO [Transaction State Manager 1]: Completed loading transaction metadata from __transaction_state-42 for coordinator epoch 0 (kafka.coordinator.transaction.TransactionStateManager)
stream-state-bench-kafka  | [2026-07-16 06:29:26,294] INFO [Transaction State Manager 1]: Loading transaction metadata from __transaction_state-13 at epoch 0 (kafka.coordinator.transaction.TransactionStateManager)
stream-state-bench-kafka  | [2026-07-16 06:29:26,294] INFO [Transaction State Manager 1]: Finished loading 0 transaction metadata from __transaction_state-13 in 8 milliseconds, of which 8 milliseconds was spent in the scheduler. (kafka.coordinator.transaction.TransactionStateManager)
stream-state-bench-kafka  | [2026-07-16 06:29:26,294] INFO [Transaction State Manager 1]: Completed loading transaction metadata from __transaction_state-13 for coordinator epoch 0 (kafka.coordinator.transaction.TransactionStateManager)
stream-state-bench-kafka  | [2026-07-16 06:29:26,294] INFO [Transaction State Manager 1]: Loading transaction metadata from __transaction_state-46 at epoch 0 (kafka.coordinator.transaction.TransactionStateManager)
stream-state-bench-kafka  | [2026-07-16 06:29:26,294] INFO [Transaction State Manager 1]: Finished loading 0 transaction metadata from __transaction_state-46 in 8 milliseconds, of which 8 milliseconds was spent in the scheduler. (kafka.coordinator.transaction.TransactionStateManager)
stream-state-bench-kafka  | [2026-07-16 06:29:26,294] INFO [Transaction State Manager 1]: Completed loading transaction metadata from __transaction_state-46 for coordinator epoch 0 (kafka.coordinator.transaction.TransactionStateManager)
stream-state-bench-kafka  | [2026-07-16 06:29:26,294] INFO [Transaction State Manager 1]: Loading transaction metadata from __transaction_state-17 at epoch 0 (kafka.coordinator.transaction.TransactionStateManager)
stream-state-bench-kafka  | [2026-07-16 06:29:26,294] INFO [Transaction State Manager 1]: Finished loading 0 transaction metadata from __transaction_state-17 in 8 milliseconds, of which 8 milliseconds was spent in the scheduler. (kafka.coordinator.transaction.TransactionStateManager)
stream-state-bench-kafka  | [2026-07-16 06:29:26,294] INFO [Transaction State Manager 1]: Completed loading transaction metadata from __transaction_state-17 for coordinator epoch 0 (kafka.coordinator.transaction.TransactionStateManager)
stream-state-bench-kafka  | [2026-07-16 06:29:26,294] INFO [Transaction State Manager 1]: Loading transaction metadata from __transaction_state-34 at epoch 0 (kafka.coordinator.transaction.TransactionStateManager)
stream-state-bench-kafka  | [2026-07-16 06:29:26,294] INFO [Transaction State Manager 1]: Finished loading 0 transaction metadata from __transaction_state-34 in 8 milliseconds, of which 8 milliseconds was spent in the scheduler. (kafka.coordinator.transaction.TransactionStateManager)
stream-state-bench-kafka  | [2026-07-16 06:29:26,294] INFO [Transaction State Manager 1]: Completed loading transaction metadata from __transaction_state-34 for coordinator epoch 0 (kafka.coordinator.transaction.TransactionStateManager)
stream-state-bench-kafka  | [2026-07-16 06:29:26,294] INFO [Transaction State Manager 1]: Loading transaction metadata from __transaction_state-5 at epoch 0 (kafka.coordinator.transaction.TransactionStateManager)
stream-state-bench-kafka  | [2026-07-16 06:29:26,294] INFO [Transaction State Manager 1]: Finished loading 0 transaction metadata from __transaction_state-5 in 8 milliseconds, of which 8 milliseconds was spent in the scheduler. (kafka.coordinator.transaction.TransactionStateManager)
stream-state-bench-kafka  | [2026-07-16 06:29:26,294] INFO [Transaction State Manager 1]: Completed loading transaction metadata from __transaction_state-5 for coordinator epoch 0 (kafka.coordinator.transaction.TransactionStateManager)
stream-state-bench-kafka  | [2026-07-16 06:29:26,294] INFO [Transaction State Manager 1]: Loading transaction metadata from __transaction_state-38 at epoch 0 (kafka.coordinator.transaction.TransactionStateManager)
stream-state-bench-kafka  | [2026-07-16 06:29:26,295] INFO [Transaction State Manager 1]: Finished loading 0 transaction metadata from __transaction_state-38 in 9 milliseconds, of which 8 milliseconds was spent in the scheduler. (kafka.coordinator.transaction.TransactionStateManager)
stream-state-bench-kafka  | [2026-07-16 06:29:26,295] INFO [Transaction State Manager 1]: Completed loading transaction metadata from __transaction_state-38 for coordinator epoch 0 (kafka.coordinator.transaction.TransactionStateManager)
stream-state-bench-kafka  | [2026-07-16 06:29:26,295] INFO [Transaction State Manager 1]: Loading transaction metadata from __transaction_state-9 at epoch 0 (kafka.coordinator.transaction.TransactionStateManager)
stream-state-bench-kafka  | [2026-07-16 06:29:26,295] INFO [Transaction State Manager 1]: Finished loading 0 transaction metadata from __transaction_state-9 in 9 milliseconds, of which 9 milliseconds was spent in the scheduler. (kafka.coordinator.transaction.TransactionStateManager)
stream-state-bench-kafka  | [2026-07-16 06:29:26,295] INFO [Transaction State Manager 1]: Completed loading transaction metadata from __transaction_state-9 for coordinator epoch 0 (kafka.coordinator.transaction.TransactionStateManager)
stream-state-bench-kafka  | [2026-07-16 06:29:26,295] INFO [Transaction State Manager 1]: Loading transaction metadata from __transaction_state-26 at epoch 0 (kafka.coordinator.transaction.TransactionStateManager)
stream-state-bench-kafka  | [2026-07-16 06:29:26,295] INFO [Transaction State Manager 1]: Finished loading 0 transaction metadata from __transaction_state-26 in 9 milliseconds, of which 9 milliseconds was spent in the scheduler. (kafka.coordinator.transaction.TransactionStateManager)
stream-state-bench-kafka  | [2026-07-16 06:29:26,295] INFO [Transaction State Manager 1]: Completed loading transaction metadata from __transaction_state-26 for coordinator epoch 0 (kafka.coordinator.transaction.TransactionStateManager)
stream-state-bench-kafka  | [2026-07-16 06:29:26,295] INFO [Transaction State Manager 1]: Loading transaction metadata from __transaction_state-30 at epoch 0 (kafka.coordinator.transaction.TransactionStateManager)
stream-state-bench-kafka  | [2026-07-16 06:29:26,295] INFO [Transaction State Manager 1]: Finished loading 0 transaction metadata from __transaction_state-30 in 9 milliseconds, of which 9 milliseconds was spent in the scheduler. (kafka.coordinator.transaction.TransactionStateManager)
stream-state-bench-kafka  | [2026-07-16 06:29:26,295] INFO [Transaction State Manager 1]: Completed loading transaction metadata from __transaction_state-30 for coordinator epoch 0 (kafka.coordinator.transaction.TransactionStateManager)
stream-state-bench-kafka  | [2026-07-16 06:29:26,295] INFO [Transaction State Manager 1]: Loading transaction metadata from __transaction_state-1 at epoch 0 (kafka.coordinator.transaction.TransactionStateManager)
stream-state-bench-kafka  | [2026-07-16 06:29:26,295] INFO [Transaction State Manager 1]: Finished loading 0 transaction metadata from __transaction_state-1 in 9 milliseconds, of which 9 milliseconds was spent in the scheduler. (kafka.coordinator.transaction.TransactionStateManager)
stream-state-bench-kafka  | [2026-07-16 06:29:26,295] INFO [Transaction State Manager 1]: Completed loading transaction metadata from __transaction_state-1 for coordinator epoch 0 (kafka.coordinator.transaction.TransactionStateManager)
stream-state-bench-kafka  | [2026-07-16 06:29:26,295] INFO [Transaction State Manager 1]: Loading transaction metadata from __transaction_state-18 at epoch 0 (kafka.coordinator.transaction.TransactionStateManager)
stream-state-bench-kafka  | [2026-07-16 06:29:26,295] INFO [Transaction State Manager 1]: Finished loading 0 transaction metadata from __transaction_state-18 in 9 milliseconds, of which 9 milliseconds was spent in the scheduler. (kafka.coordinator.transaction.TransactionStateManager)
stream-state-bench-kafka  | [2026-07-16 06:29:26,295] INFO [Transaction State Manager 1]: Completed loading transaction metadata from __transaction_state-18 for coordinator epoch 0 (kafka.coordinator.transaction.TransactionStateManager)
stream-state-bench-kafka  | [2026-07-16 06:29:26,295] INFO [Transaction State Manager 1]: Loading transaction metadata from __transaction_state-22 at epoch 0 (kafka.coordinator.transaction.TransactionStateManager)
stream-state-bench-kafka  | [2026-07-16 06:29:26,295] INFO [Transaction State Manager 1]: Finished loading 0 transaction metadata from __transaction_state-22 in 9 milliseconds, of which 9 milliseconds was spent in the scheduler. (kafka.coordinator.transaction.TransactionStateManager)
stream-state-bench-kafka  | [2026-07-16 06:29:26,295] INFO [Transaction State Manager 1]: Completed loading transaction metadata from __transaction_state-22 for coordinator epoch 0 (kafka.coordinator.transaction.TransactionStateManager)
stream-state-bench-kafka  | [2026-07-16 06:29:26,295] INFO [Transaction State Manager 1]: Loading transaction metadata from __transaction_state-12 at epoch 0 (kafka.coordinator.transaction.TransactionStateManager)
stream-state-bench-kafka  | [2026-07-16 06:29:26,296] INFO [Transaction State Manager 1]: Finished loading 0 transaction metadata from __transaction_state-12 in 9 milliseconds, of which 8 milliseconds was spent in the scheduler. (kafka.coordinator.transaction.TransactionStateManager)
stream-state-bench-kafka  | [2026-07-16 06:29:26,296] INFO [Transaction State Manager 1]: Completed loading transaction metadata from __transaction_state-12 for coordinator epoch 0 (kafka.coordinator.transaction.TransactionStateManager)
stream-state-bench-kafka  | [2026-07-16 06:29:26,296] INFO [Transaction State Manager 1]: Loading transaction metadata from __transaction_state-45 at epoch 0 (kafka.coordinator.transaction.TransactionStateManager)
stream-state-bench-kafka  | [2026-07-16 06:29:26,296] INFO [Transaction State Manager 1]: Finished loading 0 transaction metadata from __transaction_state-45 in 9 milliseconds, of which 9 milliseconds was spent in the scheduler. (kafka.coordinator.transaction.TransactionStateManager)
stream-state-bench-kafka  | [2026-07-16 06:29:26,296] INFO [Transaction State Manager 1]: Completed loading transaction metadata from __transaction_state-45 for coordinator epoch 0 (kafka.coordinator.transaction.TransactionStateManager)
stream-state-bench-kafka  | [2026-07-16 06:29:26,296] INFO [Transaction State Manager 1]: Loading transaction metadata from __transaction_state-16 at epoch 0 (kafka.coordinator.transaction.TransactionStateManager)
stream-state-bench-kafka  | [2026-07-16 06:29:26,296] INFO [Transaction State Manager 1]: Finished loading 0 transaction metadata from __transaction_state-16 in 9 milliseconds, of which 9 milliseconds was spent in the scheduler. (kafka.coordinator.transaction.TransactionStateManager)
stream-state-bench-kafka  | [2026-07-16 06:29:26,296] INFO [Transaction State Manager 1]: Completed loading transaction metadata from __transaction_state-16 for coordinator epoch 0 (kafka.coordinator.transaction.TransactionStateManager)
stream-state-bench-kafka  | [2026-07-16 06:29:26,296] INFO [Transaction State Manager 1]: Loading transaction metadata from __transaction_state-49 at epoch 0 (kafka.coordinator.transaction.TransactionStateManager)
stream-state-bench-kafka  | [2026-07-16 06:29:26,296] INFO [Transaction State Manager 1]: Finished loading 0 transaction metadata from __transaction_state-49 in 9 milliseconds, of which 9 milliseconds was spent in the scheduler. (kafka.coordinator.transaction.TransactionStateManager)
stream-state-bench-kafka  | [2026-07-16 06:29:26,296] INFO [Transaction State Manager 1]: Completed loading transaction metadata from __transaction_state-49 for coordinator epoch 0 (kafka.coordinator.transaction.TransactionStateManager)
stream-state-bench-kafka  | [2026-07-16 06:29:26,296] INFO [Transaction State Manager 1]: Loading transaction metadata from __transaction_state-4 at epoch 0 (kafka.coordinator.transaction.TransactionStateManager)
stream-state-bench-kafka  | [2026-07-16 06:29:26,296] INFO [Transaction State Manager 1]: Finished loading 0 transaction metadata from __transaction_state-4 in 9 milliseconds, of which 9 milliseconds was spent in the scheduler. (kafka.coordinator.transaction.TransactionStateManager)
stream-state-bench-kafka  | [2026-07-16 06:29:26,296] INFO [Transaction State Manager 1]: Completed loading transaction metadata from __transaction_state-4 for coordinator epoch 0 (kafka.coordinator.transaction.TransactionStateManager)
stream-state-bench-kafka  | [2026-07-16 06:29:26,296] INFO [Transaction State Manager 1]: Loading transaction metadata from __transaction_state-37 at epoch 0 (kafka.coordinator.transaction.TransactionStateManager)
stream-state-bench-kafka  | [2026-07-16 06:29:26,296] INFO [Transaction State Manager 1]: Finished loading 0 transaction metadata from __transaction_state-37 in 9 milliseconds, of which 9 milliseconds was spent in the scheduler. (kafka.coordinator.transaction.TransactionStateManager)
stream-state-bench-kafka  | [2026-07-16 06:29:26,296] INFO [Transaction State Manager 1]: Completed loading transaction metadata from __transaction_state-37 for coordinator epoch 0 (kafka.coordinator.transaction.TransactionStateManager)
stream-state-bench-kafka  | [2026-07-16 06:29:26,296] INFO [Transaction State Manager 1]: Loading transaction metadata from __transaction_state-8 at epoch 0 (kafka.coordinator.transaction.TransactionStateManager)
stream-state-bench-kafka  | [2026-07-16 06:29:26,297] INFO [Transaction State Manager 1]: Finished loading 0 transaction metadata from __transaction_state-8 in 10 milliseconds, of which 9 milliseconds was spent in the scheduler. (kafka.coordinator.transaction.TransactionStateManager)
stream-state-bench-kafka  | [2026-07-16 06:29:26,297] INFO [Transaction State Manager 1]: Completed loading transaction metadata from __transaction_state-8 for coordinator epoch 0 (kafka.coordinator.transaction.TransactionStateManager)
stream-state-bench-kafka  | [2026-07-16 06:29:26,297] INFO [Transaction State Manager 1]: Loading transaction metadata from __transaction_state-41 at epoch 0 (kafka.coordinator.transaction.TransactionStateManager)
stream-state-bench-kafka  | [2026-07-16 06:29:26,297] INFO [Transaction State Manager 1]: Finished loading 0 transaction metadata from __transaction_state-41 in 10 milliseconds, of which 10 milliseconds was spent in the scheduler. (kafka.coordinator.transaction.TransactionStateManager)
stream-state-bench-kafka  | [2026-07-16 06:29:26,297] INFO [Transaction State Manager 1]: Completed loading transaction metadata from __transaction_state-41 for coordinator epoch 0 (kafka.coordinator.transaction.TransactionStateManager)
stream-state-bench-kafka  | [2026-07-16 06:29:26,297] INFO [Transaction State Manager 1]: Loading transaction metadata from __transaction_state-29 at epoch 0 (kafka.coordinator.transaction.TransactionStateManager)
stream-state-bench-kafka  | [2026-07-16 06:29:26,297] INFO [Transaction State Manager 1]: Finished loading 0 transaction metadata from __transaction_state-29 in 10 milliseconds, of which 10 milliseconds was spent in the scheduler. (kafka.coordinator.transaction.TransactionStateManager)
stream-state-bench-kafka  | [2026-07-16 06:29:26,297] INFO [Transaction State Manager 1]: Completed loading transaction metadata from __transaction_state-29 for coordinator epoch 0 (kafka.coordinator.transaction.TransactionStateManager)
stream-state-bench-kafka  | [2026-07-16 06:29:26,297] INFO [Transaction State Manager 1]: Loading transaction metadata from __transaction_state-0 at epoch 0 (kafka.coordinator.transaction.TransactionStateManager)
stream-state-bench-kafka  | [2026-07-16 06:29:26,297] INFO [Transaction State Manager 1]: Finished loading 0 transaction metadata from __transaction_state-0 in 10 milliseconds, of which 10 milliseconds was spent in the scheduler. (kafka.coordinator.transaction.TransactionStateManager)
stream-state-bench-kafka  | [2026-07-16 06:29:26,297] INFO [Transaction State Manager 1]: Completed loading transaction metadata from __transaction_state-0 for coordinator epoch 0 (kafka.coordinator.transaction.TransactionStateManager)
stream-state-bench-kafka  | [2026-07-16 06:29:26,297] INFO [Transaction State Manager 1]: Loading transaction metadata from __transaction_state-33 at epoch 0 (kafka.coordinator.transaction.TransactionStateManager)
stream-state-bench-kafka  | [2026-07-16 06:29:26,297] INFO [Transaction State Manager 1]: Finished loading 0 transaction metadata from __transaction_state-33 in 10 milliseconds, of which 10 milliseconds was spent in the scheduler. (kafka.coordinator.transaction.TransactionStateManager)
stream-state-bench-kafka  | [2026-07-16 06:29:26,297] INFO [Transaction State Manager 1]: Completed loading transaction metadata from __transaction_state-33 for coordinator epoch 0 (kafka.coordinator.transaction.TransactionStateManager)
stream-state-bench-kafka  | [2026-07-16 06:29:26,297] INFO [Transaction State Manager 1]: Loading transaction metadata from __transaction_state-21 at epoch 0 (kafka.coordinator.transaction.TransactionStateManager)
stream-state-bench-kafka  | [2026-07-16 06:29:26,297] INFO [Transaction State Manager 1]: Finished loading 0 transaction metadata from __transaction_state-21 in 10 milliseconds, of which 10 milliseconds was spent in the scheduler. (kafka.coordinator.transaction.TransactionStateManager)
stream-state-bench-kafka  | [2026-07-16 06:29:26,297] INFO [Transaction State Manager 1]: Completed loading transaction metadata from __transaction_state-21 for coordinator epoch 0 (kafka.coordinator.transaction.TransactionStateManager)
stream-state-bench-kafka  | [2026-07-16 06:29:26,297] INFO [Transaction State Manager 1]: Loading transaction metadata from __transaction_state-25 at epoch 0 (kafka.coordinator.transaction.TransactionStateManager)
stream-state-bench-kafka  | [2026-07-16 06:29:26,297] INFO [Transaction State Manager 1]: Finished loading 0 transaction metadata from __transaction_state-25 in 10 milliseconds, of which 10 milliseconds was spent in the scheduler. (kafka.coordinator.transaction.TransactionStateManager)
stream-state-bench-kafka  | [2026-07-16 06:29:26,297] INFO [Transaction State Manager 1]: Completed loading transaction metadata from __transaction_state-25 for coordinator epoch 0 (kafka.coordinator.transaction.TransactionStateManager)
stream-state-bench-kafka  | [2026-07-16 06:29:26,298] INFO [Transaction State Manager 1]: Loading transaction metadata from __transaction_state-11 at epoch 0 (kafka.coordinator.transaction.TransactionStateManager)
stream-state-bench-kafka  | [2026-07-16 06:29:26,298] INFO [Transaction State Manager 1]: Finished loading 0 transaction metadata from __transaction_state-11 in 11 milliseconds, of which 11 milliseconds was spent in the scheduler. (kafka.coordinator.transaction.TransactionStateManager)
stream-state-bench-kafka  | [2026-07-16 06:29:26,298] INFO [Transaction State Manager 1]: Completed loading transaction metadata from __transaction_state-11 for coordinator epoch 0 (kafka.coordinator.transaction.TransactionStateManager)
stream-state-bench-kafka  | [2026-07-16 06:29:26,298] INFO [Transaction State Manager 1]: Loading transaction metadata from __transaction_state-44 at epoch 0 (kafka.coordinator.transaction.TransactionStateManager)
stream-state-bench-kafka  | [2026-07-16 06:29:26,298] INFO [Transaction State Manager 1]: Finished loading 0 transaction metadata from __transaction_state-44 in 11 milliseconds, of which 11 milliseconds was spent in the scheduler. (kafka.coordinator.transaction.TransactionStateManager)
stream-state-bench-kafka  | [2026-07-16 06:29:26,298] INFO [Transaction State Manager 1]: Completed loading transaction metadata from __transaction_state-44 for coordinator epoch 0 (kafka.coordinator.transaction.TransactionStateManager)
stream-state-bench-kafka  | [2026-07-16 06:29:26,298] INFO [Transaction State Manager 1]: Loading transaction metadata from __transaction_state-15 at epoch 0 (kafka.coordinator.transaction.TransactionStateManager)
stream-state-bench-kafka  | [2026-07-16 06:29:26,298] INFO [Transaction State Manager 1]: Finished loading 0 transaction metadata from __transaction_state-15 in 11 milliseconds, of which 11 milliseconds was spent in the scheduler. (kafka.coordinator.transaction.TransactionStateManager)
stream-state-bench-kafka  | [2026-07-16 06:29:26,298] INFO [Transaction State Manager 1]: Completed loading transaction metadata from __transaction_state-15 for coordinator epoch 0 (kafka.coordinator.transaction.TransactionStateManager)
stream-state-bench-kafka  | [2026-07-16 06:29:26,298] INFO [Transaction State Manager 1]: Loading transaction metadata from __transaction_state-48 at epoch 0 (kafka.coordinator.transaction.TransactionStateManager)
stream-state-bench-kafka  | [2026-07-16 06:29:26,298] INFO [Transaction State Manager 1]: Finished loading 0 transaction metadata from __transaction_state-48 in 11 milliseconds, of which 11 milliseconds was spent in the scheduler. (kafka.coordinator.transaction.TransactionStateManager)
stream-state-bench-kafka  | [2026-07-16 06:29:26,298] INFO [Transaction State Manager 1]: Completed loading transaction metadata from __transaction_state-48 for coordinator epoch 0 (kafka.coordinator.transaction.TransactionStateManager)
stream-state-bench-kafka  | [2026-07-16 06:29:26,298] INFO [Transaction State Manager 1]: Loading transaction metadata from __transaction_state-3 at epoch 0 (kafka.coordinator.transaction.TransactionStateManager)
stream-state-bench-kafka  | [2026-07-16 06:29:26,298] INFO [Transaction State Manager 1]: Finished loading 0 transaction metadata from __transaction_state-3 in 11 milliseconds, of which 11 milliseconds was spent in the scheduler. (kafka.coordinator.transaction.TransactionStateManager)
stream-state-bench-kafka  | [2026-07-16 06:29:26,298] INFO [Transaction State Manager 1]: Completed loading transaction metadata from __transaction_state-3 for coordinator epoch 0 (kafka.coordinator.transaction.TransactionStateManager)
stream-state-bench-kafka  | [2026-07-16 06:29:26,298] INFO [Transaction State Manager 1]: Loading transaction metadata from __transaction_state-36 at epoch 0 (kafka.coordinator.transaction.TransactionStateManager)
stream-state-bench-kafka  | [2026-07-16 06:29:26,298] INFO [Transaction State Manager 1]: Finished loading 0 transaction metadata from __transaction_state-36 in 11 milliseconds, of which 11 milliseconds was spent in the scheduler. (kafka.coordinator.transaction.TransactionStateManager)
stream-state-bench-kafka  | [2026-07-16 06:29:26,298] INFO [Transaction State Manager 1]: Completed loading transaction metadata from __transaction_state-36 for coordinator epoch 0 (kafka.coordinator.transaction.TransactionStateManager)
stream-state-bench-kafka  | [2026-07-16 06:29:26,298] INFO [Transaction State Manager 1]: Loading transaction metadata from __transaction_state-7 at epoch 0 (kafka.coordinator.transaction.TransactionStateManager)
stream-state-bench-kafka  | [2026-07-16 06:29:26,298] INFO [Transaction State Manager 1]: Finished loading 0 transaction metadata from __transaction_state-7 in 11 milliseconds, of which 11 milliseconds was spent in the scheduler. (kafka.coordinator.transaction.TransactionStateManager)
stream-state-bench-kafka  | [2026-07-16 06:29:26,299] INFO [Transaction State Manager 1]: Completed loading transaction metadata from __transaction_state-7 for coordinator epoch 0 (kafka.coordinator.transaction.TransactionStateManager)
stream-state-bench-kafka  | [2026-07-16 06:29:26,299] INFO [Transaction State Manager 1]: Loading transaction metadata from __transaction_state-40 at epoch 0 (kafka.coordinator.transaction.TransactionStateManager)
stream-state-bench-kafka  | [2026-07-16 06:29:26,299] INFO [Transaction State Manager 1]: Finished loading 0 transaction metadata from __transaction_state-40 in 12 milliseconds, of which 12 milliseconds was spent in the scheduler. (kafka.coordinator.transaction.TransactionStateManager)
stream-state-bench-kafka  | [2026-07-16 06:29:26,299] INFO [Transaction State Manager 1]: Completed loading transaction metadata from __transaction_state-40 for coordinator epoch 0 (kafka.coordinator.transaction.TransactionStateManager)
stream-state-bench-kafka  | [2026-07-16 06:29:26,299] INFO [Transaction State Manager 1]: Loading transaction metadata from __transaction_state-28 at epoch 0 (kafka.coordinator.transaction.TransactionStateManager)
stream-state-bench-kafka  | [2026-07-16 06:29:26,299] INFO [Transaction State Manager 1]: Finished loading 0 transaction metadata from __transaction_state-28 in 11 milliseconds, of which 11 milliseconds was spent in the scheduler. (kafka.coordinator.transaction.TransactionStateManager)
stream-state-bench-kafka  | [2026-07-16 06:29:26,299] INFO [Transaction State Manager 1]: Completed loading transaction metadata from __transaction_state-28 for coordinator epoch 0 (kafka.coordinator.transaction.TransactionStateManager)
stream-state-bench-kafka  | [2026-07-16 06:29:26,299] INFO [Transaction State Manager 1]: Loading transaction metadata from __transaction_state-32 at epoch 0 (kafka.coordinator.transaction.TransactionStateManager)
stream-state-bench-kafka  | [2026-07-16 06:29:26,299] INFO [Transaction State Manager 1]: Finished loading 0 transaction metadata from __transaction_state-32 in 11 milliseconds, of which 11 milliseconds was spent in the scheduler. (kafka.coordinator.transaction.TransactionStateManager)
stream-state-bench-kafka  | [2026-07-16 06:29:26,299] INFO [Transaction State Manager 1]: Completed loading transaction metadata from __transaction_state-32 for coordinator epoch 0 (kafka.coordinator.transaction.TransactionStateManager)
stream-state-bench-kafka  | [2026-07-16 06:29:26,299] INFO [Transaction State Manager 1]: Loading transaction metadata from __transaction_state-20 at epoch 0 (kafka.coordinator.transaction.TransactionStateManager)
stream-state-bench-kafka  | [2026-07-16 06:29:26,299] INFO [Transaction State Manager 1]: Finished loading 0 transaction metadata from __transaction_state-20 in 11 milliseconds, of which 11 milliseconds was spent in the scheduler. (kafka.coordinator.transaction.TransactionStateManager)
stream-state-bench-kafka  | [2026-07-16 06:29:26,299] INFO [Transaction State Manager 1]: Completed loading transaction metadata from __transaction_state-20 for coordinator epoch 0 (kafka.coordinator.transaction.TransactionStateManager)
stream-state-bench-kafka  | [2026-07-16 06:29:26,299] INFO [Transaction State Manager 1]: Loading transaction metadata from __transaction_state-24 at epoch 0 (kafka.coordinator.transaction.TransactionStateManager)
stream-state-bench-kafka  | [2026-07-16 06:29:26,299] INFO [Transaction State Manager 1]: Finished loading 0 transaction metadata from __transaction_state-24 in 11 milliseconds, of which 11 milliseconds was spent in the scheduler. (kafka.coordinator.transaction.TransactionStateManager)
stream-state-bench-kafka  | [2026-07-16 06:29:26,299] INFO [Transaction State Manager 1]: Completed loading transaction metadata from __transaction_state-24 for coordinator epoch 0 (kafka.coordinator.transaction.TransactionStateManager)
stream-state-bench-kafka  | [2026-07-16 06:29:26,299] INFO [Transaction State Manager 1]: Loading transaction metadata from __transaction_state-10 at epoch 0 (kafka.coordinator.transaction.TransactionStateManager)
stream-state-bench-kafka  | [2026-07-16 06:29:26,299] INFO [Transaction State Manager 1]: Finished loading 0 transaction metadata from __transaction_state-10 in 11 milliseconds, of which 11 milliseconds was spent in the scheduler. (kafka.coordinator.transaction.TransactionStateManager)
stream-state-bench-kafka  | [2026-07-16 06:29:26,299] INFO [Transaction State Manager 1]: Completed loading transaction metadata from __transaction_state-10 for coordinator epoch 0 (kafka.coordinator.transaction.TransactionStateManager)
stream-state-bench-kafka  | [2026-07-16 06:29:26,299] INFO [Transaction State Manager 1]: Loading transaction metadata from __transaction_state-43 at epoch 0 (kafka.coordinator.transaction.TransactionStateManager)
stream-state-bench-kafka  | [2026-07-16 06:29:26,299] INFO [Transaction State Manager 1]: Finished loading 0 transaction metadata from __transaction_state-43 in 11 milliseconds, of which 11 milliseconds was spent in the scheduler. (kafka.coordinator.transaction.TransactionStateManager)
stream-state-bench-kafka  | [2026-07-16 06:29:26,300] INFO [Transaction State Manager 1]: Completed loading transaction metadata from __transaction_state-43 for coordinator epoch 0 (kafka.coordinator.transaction.TransactionStateManager)
stream-state-bench-kafka  | [2026-07-16 06:29:26,300] INFO [Transaction State Manager 1]: Loading transaction metadata from __transaction_state-14 at epoch 0 (kafka.coordinator.transaction.TransactionStateManager)
stream-state-bench-kafka  | [2026-07-16 06:29:26,300] INFO [Transaction State Manager 1]: Finished loading 0 transaction metadata from __transaction_state-14 in 12 milliseconds, of which 12 milliseconds was spent in the scheduler. (kafka.coordinator.transaction.TransactionStateManager)
stream-state-bench-kafka  | [2026-07-16 06:29:26,300] INFO [Transaction State Manager 1]: Completed loading transaction metadata from __transaction_state-14 for coordinator epoch 0 (kafka.coordinator.transaction.TransactionStateManager)
stream-state-bench-kafka  | [2026-07-16 06:29:26,300] INFO [Transaction State Manager 1]: Loading transaction metadata from __transaction_state-47 at epoch 0 (kafka.coordinator.transaction.TransactionStateManager)
stream-state-bench-kafka  | [2026-07-16 06:29:26,300] INFO [Transaction State Manager 1]: Finished loading 0 transaction metadata from __transaction_state-47 in 12 milliseconds, of which 12 milliseconds was spent in the scheduler. (kafka.coordinator.transaction.TransactionStateManager)
stream-state-bench-kafka  | [2026-07-16 06:29:26,301] INFO [Transaction State Manager 1]: Completed loading transaction metadata from __transaction_state-47 for coordinator epoch 0 (kafka.coordinator.transaction.TransactionStateManager)
stream-state-bench-kafka  | [2026-07-16 06:29:26,301] INFO [Transaction State Manager 1]: Loading transaction metadata from __transaction_state-2 at epoch 0 (kafka.coordinator.transaction.TransactionStateManager)
stream-state-bench-kafka  | [2026-07-16 06:29:26,301] INFO [Transaction State Manager 1]: Finished loading 0 transaction metadata from __transaction_state-2 in 13 milliseconds, of which 13 milliseconds was spent in the scheduler. (kafka.coordinator.transaction.TransactionStateManager)
stream-state-bench-kafka  | [2026-07-16 06:29:26,301] INFO [Transaction State Manager 1]: Completed loading transaction metadata from __transaction_state-2 for coordinator epoch 0 (kafka.coordinator.transaction.TransactionStateManager)
stream-state-bench-kafka  | [2026-07-16 06:29:26,301] INFO [Transaction State Manager 1]: Loading transaction metadata from __transaction_state-35 at epoch 0 (kafka.coordinator.transaction.TransactionStateManager)
stream-state-bench-kafka  | [2026-07-16 06:29:26,301] INFO [Transaction State Manager 1]: Finished loading 0 transaction metadata from __transaction_state-35 in 13 milliseconds, of which 13 milliseconds was spent in the scheduler. (kafka.coordinator.transaction.TransactionStateManager)
stream-state-bench-kafka  | [2026-07-16 06:29:26,301] INFO [Transaction State Manager 1]: Completed loading transaction metadata from __transaction_state-35 for coordinator epoch 0 (kafka.coordinator.transaction.TransactionStateManager)
stream-state-bench-kafka  | [2026-07-16 06:29:26,301] INFO [Transaction State Manager 1]: Loading transaction metadata from __transaction_state-6 at epoch 0 (kafka.coordinator.transaction.TransactionStateManager)
stream-state-bench-kafka  | [2026-07-16 06:29:26,301] INFO [Transaction State Manager 1]: Finished loading 0 transaction metadata from __transaction_state-6 in 13 milliseconds, of which 13 milliseconds was spent in the scheduler. (kafka.coordinator.transaction.TransactionStateManager)
stream-state-bench-kafka  | [2026-07-16 06:29:26,301] INFO [Transaction State Manager 1]: Completed loading transaction metadata from __transaction_state-6 for coordinator epoch 0 (kafka.coordinator.transaction.TransactionStateManager)
stream-state-bench-kafka  | [2026-07-16 06:29:26,301] INFO [Transaction State Manager 1]: Loading transaction metadata from __transaction_state-39 at epoch 0 (kafka.coordinator.transaction.TransactionStateManager)
stream-state-bench-kafka  | [2026-07-16 06:29:26,301] INFO [Transaction State Manager 1]: Finished loading 0 transaction metadata from __transaction_state-39 in 13 milliseconds, of which 13 milliseconds was spent in the scheduler. (kafka.coordinator.transaction.TransactionStateManager)
stream-state-bench-kafka  | [2026-07-16 06:29:26,301] INFO [Transaction State Manager 1]: Completed loading transaction metadata from __transaction_state-39 for coordinator epoch 0 (kafka.coordinator.transaction.TransactionStateManager)
stream-state-bench-kafka  | [2026-07-16 06:29:26,301] INFO [Transaction State Manager 1]: Loading transaction metadata from __transaction_state-27 at epoch 0 (kafka.coordinator.transaction.TransactionStateManager)
stream-state-bench-kafka  | [2026-07-16 06:29:26,301] INFO [Transaction State Manager 1]: Finished loading 0 transaction metadata from __transaction_state-27 in 13 milliseconds, of which 13 milliseconds was spent in the scheduler. (kafka.coordinator.transaction.TransactionStateManager)
stream-state-bench-kafka  | [2026-07-16 06:29:26,301] INFO [Transaction State Manager 1]: Completed loading transaction metadata from __transaction_state-27 for coordinator epoch 0 (kafka.coordinator.transaction.TransactionStateManager)
stream-state-bench-kafka  | [2026-07-16 06:29:26,301] INFO [Transaction State Manager 1]: Loading transaction metadata from __transaction_state-31 at epoch 0 (kafka.coordinator.transaction.TransactionStateManager)
stream-state-bench-kafka  | [2026-07-16 06:29:26,301] INFO [Transaction State Manager 1]: Finished loading 0 transaction metadata from __transaction_state-31 in 13 milliseconds, of which 13 milliseconds was spent in the scheduler. (kafka.coordinator.transaction.TransactionStateManager)
stream-state-bench-kafka  | [2026-07-16 06:29:26,302] INFO [Transaction State Manager 1]: Completed loading transaction metadata from __transaction_state-31 for coordinator epoch 0 (kafka.coordinator.transaction.TransactionStateManager)
stream-state-bench-kafka  | [2026-07-16 06:29:26,302] INFO [Transaction State Manager 1]: Loading transaction metadata from __transaction_state-19 at epoch 0 (kafka.coordinator.transaction.TransactionStateManager)
stream-state-bench-kafka  | [2026-07-16 06:29:26,302] INFO [Transaction State Manager 1]: Finished loading 0 transaction metadata from __transaction_state-19 in 14 milliseconds, of which 14 milliseconds was spent in the scheduler. (kafka.coordinator.transaction.TransactionStateManager)
stream-state-bench-kafka  | [2026-07-16 06:29:26,302] INFO [Transaction State Manager 1]: Completed loading transaction metadata from __transaction_state-19 for coordinator epoch 0 (kafka.coordinator.transaction.TransactionStateManager)
stream-state-bench-kafka  | [2026-07-16 06:29:26,302] INFO [Transaction State Manager 1]: Loading transaction metadata from __transaction_state-23 at epoch 0 (kafka.coordinator.transaction.TransactionStateManager)
stream-state-bench-kafka  | [2026-07-16 06:29:26,302] INFO [Transaction State Manager 1]: Finished loading 0 transaction metadata from __transaction_state-23 in 14 milliseconds, of which 14 milliseconds was spent in the scheduler. (kafka.coordinator.transaction.TransactionStateManager)
stream-state-bench-kafka  | [2026-07-16 06:29:26,302] INFO [Transaction State Manager 1]: Completed loading transaction metadata from __transaction_state-23 for coordinator epoch 0 (kafka.coordinator.transaction.TransactionStateManager)
stream-state-bench-kafka  | [2026-07-16 06:29:26,427] INFO [TransactionCoordinator id=1] Initialized transactionalId stream-state-bench-identity-latency-identity-failure_broker_kill-1d04ca88-3b08-49cd-befa-362e1357ae43-1 with producerId 0 and producer epoch 0 on partition __transaction_state-46 (kafka.coordinator.transaction.TransactionCoordinator)
stream-state-bench-kafka  | [2026-07-16 06:29:32,058] INFO [GroupCoordinator id=1 topic=__consumer_offsets partition=22] Dynamic member with unknown member id joins group console-consumer-9699 in Empty state. Created a new member id console-consumer-0bbc8ce9-9b98-41e8-8c22-1456d58a6d8a and requesting the member to rejoin with this id. (org.apache.kafka.coordinator.group.GroupMetadataManager)
stream-state-bench-kafka  | [2026-07-16 06:29:32,062] INFO [GroupCoordinator id=1 topic=__consumer_offsets partition=22] Pending dynamic member with id console-consumer-0bbc8ce9-9b98-41e8-8c22-1456d58a6d8a joins group console-consumer-9699 in Empty state. Adding to the group now. (org.apache.kafka.coordinator.group.GroupMetadataManager)
stream-state-bench-kafka  | [2026-07-16 06:29:32,062] INFO [GroupCoordinator id=1 topic=__consumer_offsets partition=22] Preparing to rebalance group console-consumer-9699 in state PreparingRebalance with old generation 0 (reason: Adding new member console-consumer-0bbc8ce9-9b98-41e8-8c22-1456d58a6d8a with group instance id null; client reason: need to re-join with the given member-id: console-consumer-0bbc8ce9-9b98-41e8-8c22-1456d58a6d8a). (org.apache.kafka.coordinator.group.GroupMetadataManager)
stream-state-bench-kafka  | [2026-07-16 06:29:32,063] INFO [GroupCoordinator id=1 topic=__consumer_offsets partition=22] Stabilized group console-consumer-9699 generation 1 with 1 members. (org.apache.kafka.coordinator.group.GroupMetadataManager)
stream-state-bench-kafka  | [2026-07-16 06:29:32,082] INFO [GroupCoordinator id=1 topic=__consumer_offsets partition=22] Assignment received from leader console-consumer-0bbc8ce9-9b98-41e8-8c22-1456d58a6d8a for group console-consumer-9699 for generation 1. The group has 1 members, 0 of which are static. (org.apache.kafka.coordinator.group.GroupMetadataManager)
stream-state-bench-kafka  | [2026-07-16 06:29:32,088] INFO [GroupCoordinator id=1 topic=__consumer_offsets partition=22] Dynamic member with unknown member id joins group console-consumer-68818 in Empty state. Created a new member id console-consumer-072fe673-b008-422f-90b3-aa8b9d199aac and requesting the member to rejoin with this id. (org.apache.kafka.coordinator.group.GroupMetadataManager)
stream-state-bench-kafka  | [2026-07-16 06:29:32,090] INFO [GroupCoordinator id=1 topic=__consumer_offsets partition=22] Pending dynamic member with id console-consumer-072fe673-b008-422f-90b3-aa8b9d199aac joins group console-consumer-68818 in Empty state. Adding to the group now. (org.apache.kafka.coordinator.group.GroupMetadataManager)
stream-state-bench-kafka  | [2026-07-16 06:29:32,090] INFO [GroupCoordinator id=1 topic=__consumer_offsets partition=22] Preparing to rebalance group console-consumer-68818 in state PreparingRebalance with old generation 0 (reason: Adding new member console-consumer-072fe673-b008-422f-90b3-aa8b9d199aac with group instance id null; client reason: need to re-join with the given member-id: console-consumer-072fe673-b008-422f-90b3-aa8b9d199aac). (org.apache.kafka.coordinator.group.GroupMetadataManager)
stream-state-bench-kafka  | [2026-07-16 06:29:32,091] INFO [GroupCoordinator id=1 topic=__consumer_offsets partition=22] Stabilized group console-consumer-68818 generation 1 with 1 members. (org.apache.kafka.coordinator.group.GroupMetadataManager)
stream-state-bench-kafka  | [2026-07-16 06:29:32,111] INFO [GroupCoordinator id=1 topic=__consumer_offsets partition=22] Assignment received from leader console-consumer-072fe673-b008-422f-90b3-aa8b9d199aac for group console-consumer-68818 for generation 1. The group has 1 members, 0 of which are static. (org.apache.kafka.coordinator.group.GroupMetadataManager)
stream-state-bench-kafka  | [2026-07-16 06:29:35,173] INFO [Transaction Marker Channel Manager 1]: Creating new marker queue map to destination broker 1 (kafka.coordinator.transaction.TransactionMarkerChannelManager)
stream-state-bench-kafka  | [2026-07-16 06:29:35,173] INFO Creating new marker queue for txn partition 46 to destination broker 1 (kafka.coordinator.transaction.TxnMarkerQueue)
stream-state-bench-kafka  | [2026-07-16 06:30:06,638] INFO Terminating process due to signal SIGTERM (org.apache.kafka.common.utils.LoggingSignalHandler)
stream-state-bench-kafka  | [2026-07-16 06:30:06,642] INFO [BrokerServer id=1] Transition from STARTED to SHUTTING_DOWN (kafka.server.BrokerServer)
stream-state-bench-kafka  | [2026-07-16 06:30:06,642] INFO [BrokerServer id=1] shutting down (kafka.server.BrokerServer)
stream-state-bench-kafka  | [2026-07-16 06:30:06,642] INFO [BrokerLifecycleManager id=1] Beginning controlled shutdown. (org.apache.kafka.server.BrokerLifecycleManager)
stream-state-bench-kafka  | [2026-07-16 06:30:06,677] INFO [BrokerLifecycleManager id=1] The broker is in PENDING_CONTROLLED_SHUTDOWN state, still waiting for the active controller. (org.apache.kafka.server.BrokerLifecycleManager)
stream-state-bench-kafka  | [2026-07-16 06:30:06,702] INFO [ReplicaFetcherManager on broker 1] Removed fetcher for partitions HashSet(__consumer_offsets-25, __transaction_state-0, __transaction_state-6, __transaction_state-18, __consumer_offsets-22, __transaction_state-42, __consumer_offsets-30, __transaction_state-31, __transaction_state-45, __transaction_state-15, __transaction_state-12, __consumer_offsets-8, __consumer_offsets-21, __consumer_offsets-4, __transaction_state-7, bench-identity-latency-input-0, __transaction_state-46, __consumer_offsets-27, __consumer_offsets-7, __transaction_state-48, __consumer_offsets-9, __transaction_state-49, __consumer_offsets-46, __consumer_offsets-35, __transaction_state-28, __transaction_state-2, __transaction_state-20, bench-identity-latency-output-0, __transaction_state-24, __consumer_offsets-41, __consumer_offsets-33, __consumer_offsets-23, __transaction_state-13, __consumer_offsets-49, __consumer_offsets-47, __consumer_offsets-16, __consumer_offsets-28, __transaction_state-37, __transaction_state-3, __consumer_offsets-31, __transaction_state-21, __consumer_offsets-36, __transaction_state-29, __consumer_offsets-42, __consumer_offsets-3, __consumer_offsets-18, __transaction_state-39, __consumer_offsets-37, __transaction_state-38, __consumer_offsets-15, __consumer_offsets-24, __transaction_state-14, __transaction_state-10, __transaction_state-44, __transaction_state-9, __transaction_state-22, __transaction_state-43, __transaction_state-4, __transaction_state-30, __transaction_state-33, __consumer_offsets-38, __consumer_offsets-48, __consumer_offsets-17, __transaction_state-32, __transaction_state-25, __transaction_state-17, __consumer_offsets-19, __consumer_offsets-11, __transaction_state-23, __transaction_state-47, __consumer_offsets-13, __consumer_offsets-2, __consumer_offsets-43, __consumer_offsets-6, __consumer_offsets-14, __transaction_state-26, __transaction_state-36, __transaction_state-5, __transaction_state-8, __consumer_offsets-0, __consumer_offsets-44, __transaction_state-11, __consumer_offsets-20, __transaction_state-16, __consumer_offsets-39, __consumer_offsets-12, __transaction_state-40, __consumer_offsets-45, __consumer_offsets-1, __consumer_offsets-5, __consumer_offsets-26, __transaction_state-19, __transaction_state-27, __consumer_offsets-34, __consumer_offsets-29, __transaction_state-41, __transaction_state-1, __consumer_offsets-10, __consumer_offsets-32, __transaction_state-34, __transaction_state-35, __consumer_offsets-40) (kafka.server.ReplicaFetcherManager)
stream-state-bench-kafka  | [2026-07-16 06:30:06,703] INFO [ReplicaAlterLogDirsManager on broker 1] Removed fetcher for partitions HashSet(__consumer_offsets-25, __transaction_state-0, __transaction_state-6, __transaction_state-18, __consumer_offsets-22, __transaction_state-42, __consumer_offsets-30, __transaction_state-31, __transaction_state-45, __transaction_state-15, __transaction_state-12, __consumer_offsets-8, __consumer_offsets-21, __consumer_offsets-4, __transaction_state-7, bench-identity-latency-input-0, __transaction_state-46, __consumer_offsets-27, __consumer_offsets-7, __transaction_state-48, __consumer_offsets-9, __transaction_state-49, __consumer_offsets-46, __consumer_offsets-35, __transaction_state-28, __transaction_state-2, __transaction_state-20, bench-identity-latency-output-0, __transaction_state-24, __consumer_offsets-41, __consumer_offsets-33, __consumer_offsets-23, __transaction_state-13, __consumer_offsets-49, __consumer_offsets-47, __consumer_offsets-16, __consumer_offsets-28, __transaction_state-37, __transaction_state-3, __consumer_offsets-31, __transaction_state-21, __consumer_offsets-36, __transaction_state-29, __consumer_offsets-42, __consumer_offsets-3, __consumer_offsets-18, __transaction_state-39, __consumer_offsets-37, __transaction_state-38, __consumer_offsets-15, __consumer_offsets-24, __transaction_state-14, __transaction_state-10, __transaction_state-44, __transaction_state-9, __transaction_state-22, __transaction_state-43, __transaction_state-4, __transaction_state-30, __transaction_state-33, __consumer_offsets-38, __consumer_offsets-48, __consumer_offsets-17, __transaction_state-32, __transaction_state-25, __transaction_state-17, __consumer_offsets-19, __consumer_offsets-11, __transaction_state-23, __transaction_state-47, __consumer_offsets-13, __consumer_offsets-2, __consumer_offsets-43, __consumer_offsets-6, __consumer_offsets-14, __transaction_state-26, __transaction_state-36, __transaction_state-5, __transaction_state-8, __consumer_offsets-0, __consumer_offsets-44, __transaction_state-11, __consumer_offsets-20, __transaction_state-16, __consumer_offsets-39, __consumer_offsets-12, __transaction_state-40, __consumer_offsets-45, __consumer_offsets-1, __consumer_offsets-5, __consumer_offsets-26, __transaction_state-19, __transaction_state-27, __consumer_offsets-34, __consumer_offsets-29, __transaction_state-41, __transaction_state-1, __consumer_offsets-10, __consumer_offsets-32, __transaction_state-34, __transaction_state-35, __consumer_offsets-40) (kafka.server.ReplicaAlterLogDirsManager)
stream-state-bench-kafka  | [2026-07-16 06:30:06,712] INFO [GroupCoordinator id=1] Scheduling unloading of metadata for __consumer_offsets-13 with epoch OptionalInt[1] (org.apache.kafka.coordinator.common.runtime.CoordinatorRuntime)
stream-state-bench-kafka  | [2026-07-16 06:30:06,713] INFO [GroupCoordinator id=1] Scheduling unloading of metadata for __consumer_offsets-46 with epoch OptionalInt[1] (org.apache.kafka.coordinator.common.runtime.CoordinatorRuntime)
stream-state-bench-kafka  | [2026-07-16 06:30:06,713] INFO [GroupCoordinator id=1] Started unloading metadata for __consumer_offsets-13 with epoch OptionalInt[1]. (org.apache.kafka.coordinator.common.runtime.CoordinatorRuntime)
stream-state-bench-kafka  | [2026-07-16 06:30:06,713] INFO [GroupCoordinator id=1] Scheduling unloading of metadata for __consumer_offsets-9 with epoch OptionalInt[1] (org.apache.kafka.coordinator.common.runtime.CoordinatorRuntime)
stream-state-bench-kafka  | [2026-07-16 06:30:06,713] INFO [GroupCoordinator id=1] Scheduling unloading of metadata for __consumer_offsets-42 with epoch OptionalInt[1] (org.apache.kafka.coordinator.common.runtime.CoordinatorRuntime)
stream-state-bench-kafka  | [2026-07-16 06:30:06,713] INFO [GroupCoordinator id=1] Scheduling unloading of metadata for __consumer_offsets-21 with epoch OptionalInt[1] (org.apache.kafka.coordinator.common.runtime.CoordinatorRuntime)
stream-state-bench-kafka  | [2026-07-16 06:30:06,713] INFO [GroupCoordinator id=1] Started unloading metadata for __consumer_offsets-46 with epoch OptionalInt[1]. (org.apache.kafka.coordinator.common.runtime.CoordinatorRuntime)
stream-state-bench-kafka  | [2026-07-16 06:30:06,713] INFO [GroupCoordinator id=1] Scheduling unloading of metadata for __consumer_offsets-17 with epoch OptionalInt[1] (org.apache.kafka.coordinator.common.runtime.CoordinatorRuntime)
stream-state-bench-kafka  | [2026-07-16 06:30:06,713] INFO [GroupCoordinator id=1] Started unloading metadata for __consumer_offsets-9 with epoch OptionalInt[1]. (org.apache.kafka.coordinator.common.runtime.CoordinatorRuntime)
stream-state-bench-kafka  | [2026-07-16 06:30:06,713] INFO [GroupCoordinator id=1] Finished unloading metadata for __consumer_offsets-13 with epoch OptionalInt[1]. (org.apache.kafka.coordinator.common.runtime.CoordinatorRuntime)
stream-state-bench-kafka  | [2026-07-16 06:30:06,713] INFO [GroupCoordinator id=1] Started unloading metadata for __consumer_offsets-21 with epoch OptionalInt[1]. (org.apache.kafka.coordinator.common.runtime.CoordinatorRuntime)
stream-state-bench-kafka  | [2026-07-16 06:30:06,713] INFO [GroupCoordinator id=1] Finished unloading metadata for __consumer_offsets-21 with epoch OptionalInt[1]. (org.apache.kafka.coordinator.common.runtime.CoordinatorRuntime)
stream-state-bench-kafka  | [2026-07-16 06:30:06,713] INFO [GroupCoordinator id=1] Started unloading metadata for __consumer_offsets-42 with epoch OptionalInt[1]. (org.apache.kafka.coordinator.common.runtime.CoordinatorRuntime)
stream-state-bench-kafka  | [2026-07-16 06:30:06,713] INFO [GroupCoordinator id=1] Finished unloading metadata for __consumer_offsets-42 with epoch OptionalInt[1]. (org.apache.kafka.coordinator.common.runtime.CoordinatorRuntime)
stream-state-bench-kafka  | [2026-07-16 06:30:06,713] INFO [GroupCoordinator id=1] Started unloading metadata for __consumer_offsets-17 with epoch OptionalInt[1]. (org.apache.kafka.coordinator.common.runtime.CoordinatorRuntime)
stream-state-bench-kafka  | [2026-07-16 06:30:06,714] INFO [GroupCoordinator id=1] Finished unloading metadata for __consumer_offsets-17 with epoch OptionalInt[1]. (org.apache.kafka.coordinator.common.runtime.CoordinatorRuntime)
stream-state-bench-kafka  | [2026-07-16 06:30:06,713] INFO [GroupCoordinator id=1] Finished unloading metadata for __consumer_offsets-9 with epoch OptionalInt[1]. (org.apache.kafka.coordinator.common.runtime.CoordinatorRuntime)
stream-state-bench-kafka  | [2026-07-16 06:30:06,713] INFO [GroupCoordinator id=1] Finished unloading metadata for __consumer_offsets-46 with epoch OptionalInt[1]. (org.apache.kafka.coordinator.common.runtime.CoordinatorRuntime)
stream-state-bench-kafka  | [2026-07-16 06:30:06,713] INFO [GroupCoordinator id=1] Scheduling unloading of metadata for __consumer_offsets-30 with epoch OptionalInt[1] (org.apache.kafka.coordinator.common.runtime.CoordinatorRuntime)
stream-state-bench-kafka  | [2026-07-16 06:30:06,714] INFO [GroupCoordinator id=1] Scheduling unloading of metadata for __consumer_offsets-26 with epoch OptionalInt[1] (org.apache.kafka.coordinator.common.runtime.CoordinatorRuntime)
stream-state-bench-kafka  | [2026-07-16 06:30:06,714] INFO [GroupCoordinator id=1] Scheduling unloading of metadata for __consumer_offsets-5 with epoch OptionalInt[1] (org.apache.kafka.coordinator.common.runtime.CoordinatorRuntime)
stream-state-bench-kafka  | [2026-07-16 06:30:06,714] INFO [GroupCoordinator id=1] Scheduling unloading of metadata for __consumer_offsets-38 with epoch OptionalInt[1] (org.apache.kafka.coordinator.common.runtime.CoordinatorRuntime)
stream-state-bench-kafka  | [2026-07-16 06:30:06,714] INFO [GroupCoordinator id=1] Scheduling unloading of metadata for __consumer_offsets-1 with epoch OptionalInt[1] (org.apache.kafka.coordinator.common.runtime.CoordinatorRuntime)
stream-state-bench-kafka  | [2026-07-16 06:30:06,714] INFO [GroupCoordinator id=1] Scheduling unloading of metadata for __consumer_offsets-34 with epoch OptionalInt[1] (org.apache.kafka.coordinator.common.runtime.CoordinatorRuntime)
stream-state-bench-kafka  | [2026-07-16 06:30:06,714] INFO [GroupCoordinator id=1] Scheduling unloading of metadata for __consumer_offsets-16 with epoch OptionalInt[1] (org.apache.kafka.coordinator.common.runtime.CoordinatorRuntime)
stream-state-bench-kafka  | [2026-07-16 06:30:06,714] INFO [GroupCoordinator id=1] Scheduling unloading of metadata for __consumer_offsets-45 with epoch OptionalInt[1] (org.apache.kafka.coordinator.common.runtime.CoordinatorRuntime)
stream-state-bench-kafka  | [2026-07-16 06:30:06,714] INFO [GroupCoordinator id=1] Scheduling unloading of metadata for __consumer_offsets-12 with epoch OptionalInt[1] (org.apache.kafka.coordinator.common.runtime.CoordinatorRuntime)
stream-state-bench-kafka  | [2026-07-16 06:30:06,714] INFO [GroupCoordinator id=1] Scheduling unloading of metadata for __consumer_offsets-41 with epoch OptionalInt[1] (org.apache.kafka.coordinator.common.runtime.CoordinatorRuntime)
stream-state-bench-kafka  | [2026-07-16 06:30:06,714] INFO [GroupCoordinator id=1] Scheduling unloading of metadata for __consumer_offsets-24 with epoch OptionalInt[1] (org.apache.kafka.coordinator.common.runtime.CoordinatorRuntime)
stream-state-bench-kafka  | [2026-07-16 06:30:06,714] INFO [GroupCoordinator id=1] Scheduling unloading of metadata for __consumer_offsets-20 with epoch OptionalInt[1] (org.apache.kafka.coordinator.common.runtime.CoordinatorRuntime)
stream-state-bench-kafka  | [2026-07-16 06:30:06,714] INFO [GroupCoordinator id=1] Scheduling unloading of metadata for __consumer_offsets-49 with epoch OptionalInt[1] (org.apache.kafka.coordinator.common.runtime.CoordinatorRuntime)
stream-state-bench-kafka  | [2026-07-16 06:30:06,714] INFO [GroupCoordinator id=1] Started unloading metadata for __consumer_offsets-38 with epoch OptionalInt[1]. (org.apache.kafka.coordinator.common.runtime.CoordinatorRuntime)
stream-state-bench-kafka  | [2026-07-16 06:30:06,715] INFO [GroupCoordinator id=1] Started unloading metadata for __consumer_offsets-1 with epoch OptionalInt[1]. (org.apache.kafka.coordinator.common.runtime.CoordinatorRuntime)
stream-state-bench-kafka  | [2026-07-16 06:30:06,715] INFO [GroupCoordinator id=1] Started unloading metadata for __consumer_offsets-45 with epoch OptionalInt[1]. (org.apache.kafka.coordinator.common.runtime.CoordinatorRuntime)
stream-state-bench-kafka  | [2026-07-16 06:30:06,715] INFO [GroupCoordinator id=1] Started unloading metadata for __consumer_offsets-26 with epoch OptionalInt[1]. (org.apache.kafka.coordinator.common.runtime.CoordinatorRuntime)
stream-state-bench-kafka  | [2026-07-16 06:30:06,715] INFO [GroupCoordinator id=1] Scheduling unloading of metadata for __consumer_offsets-0 with epoch OptionalInt[1] (org.apache.kafka.coordinator.common.runtime.CoordinatorRuntime)
stream-state-bench-kafka  | [2026-07-16 06:30:06,715] INFO [GroupCoordinator id=1] Finished unloading metadata for __consumer_offsets-38 with epoch OptionalInt[1]. (org.apache.kafka.coordinator.common.runtime.CoordinatorRuntime)
stream-state-bench-kafka  | [2026-07-16 06:30:06,715] INFO [GroupCoordinator id=1] Finished unloading metadata for __consumer_offsets-1 with epoch OptionalInt[1]. (org.apache.kafka.coordinator.common.runtime.CoordinatorRuntime)
stream-state-bench-kafka  | [2026-07-16 06:30:06,715] INFO [GroupCoordinator id=1] Scheduling unloading of metadata for __consumer_offsets-29 with epoch OptionalInt[1] (org.apache.kafka.coordinator.common.runtime.CoordinatorRuntime)
stream-state-bench-kafka  | [2026-07-16 06:30:06,715] INFO [GroupCoordinator id=1] Finished unloading metadata for __consumer_offsets-45 with epoch OptionalInt[1]. (org.apache.kafka.coordinator.common.runtime.CoordinatorRuntime)
stream-state-bench-kafka  | [2026-07-16 06:30:06,715] INFO [GroupCoordinator id=1] Finished unloading metadata for __consumer_offsets-26 with epoch OptionalInt[1]. (org.apache.kafka.coordinator.common.runtime.CoordinatorRuntime)
stream-state-bench-kafka  | [2026-07-16 06:30:06,715] INFO [GroupCoordinator id=1] Started unloading metadata for __consumer_offsets-0 with epoch OptionalInt[1]. (org.apache.kafka.coordinator.common.runtime.CoordinatorRuntime)
stream-state-bench-kafka  | [2026-07-16 06:30:06,715] INFO [GroupCoordinator id=1] Started unloading metadata for __consumer_offsets-49 with epoch OptionalInt[1]. (org.apache.kafka.coordinator.common.runtime.CoordinatorRuntime)
stream-state-bench-kafka  | [2026-07-16 06:30:06,715] INFO [GroupCoordinator id=1] Scheduling unloading of metadata for __consumer_offsets-25 with epoch OptionalInt[1] (org.apache.kafka.coordinator.common.runtime.CoordinatorRuntime)
stream-state-bench-kafka  | [2026-07-16 06:30:06,715] INFO [GroupCoordinator id=1] Finished unloading metadata for __consumer_offsets-49 with epoch OptionalInt[1]. (org.apache.kafka.coordinator.common.runtime.CoordinatorRuntime)
stream-state-bench-kafka  | [2026-07-16 06:30:06,715] INFO [GroupCoordinator id=1] Scheduling unloading of metadata for __consumer_offsets-8 with epoch OptionalInt[1] (org.apache.kafka.coordinator.common.runtime.CoordinatorRuntime)
stream-state-bench-kafka  | [2026-07-16 06:30:06,715] INFO [GroupCoordinator id=1] Started unloading metadata for __consumer_offsets-24 with epoch OptionalInt[1]. (org.apache.kafka.coordinator.common.runtime.CoordinatorRuntime)
stream-state-bench-kafka  | [2026-07-16 06:30:06,715] INFO [GroupCoordinator id=1] Started unloading metadata for __consumer_offsets-30 with epoch OptionalInt[1]. (org.apache.kafka.coordinator.common.runtime.CoordinatorRuntime)
stream-state-bench-kafka  | [2026-07-16 06:30:06,715] INFO [GroupCoordinator id=1] Scheduling unloading of metadata for __consumer_offsets-37 with epoch OptionalInt[1] (org.apache.kafka.coordinator.common.runtime.CoordinatorRuntime)
stream-state-bench-kafka  | [2026-07-16 06:30:06,715] INFO [GroupCoordinator id=1] Finished unloading metadata for __consumer_offsets-0 with epoch OptionalInt[1]. (org.apache.kafka.coordinator.common.runtime.CoordinatorRuntime)
stream-state-bench-kafka  | [2026-07-16 06:30:06,715] INFO [GroupCoordinator id=1] Finished unloading metadata for __consumer_offsets-24 with epoch OptionalInt[1]. (org.apache.kafka.coordinator.common.runtime.CoordinatorRuntime)
stream-state-bench-kafka  | [2026-07-16 06:30:06,715] INFO [GroupCoordinator id=1] Finished unloading metadata for __consumer_offsets-30 with epoch OptionalInt[1]. (org.apache.kafka.coordinator.common.runtime.CoordinatorRuntime)
stream-state-bench-kafka  | [2026-07-16 06:30:06,715] INFO [GroupCoordinator id=1] Scheduling unloading of metadata for __consumer_offsets-4 with epoch OptionalInt[1] (org.apache.kafka.coordinator.common.runtime.CoordinatorRuntime)
stream-state-bench-kafka  | [2026-07-16 06:30:06,715] INFO [GroupCoordinator id=1] Started unloading metadata for __consumer_offsets-5 with epoch OptionalInt[1]. (org.apache.kafka.coordinator.common.runtime.CoordinatorRuntime)
stream-state-bench-kafka  | [2026-07-16 06:30:06,715] INFO [GroupCoordinator id=1] Started unloading metadata for __consumer_offsets-37 with epoch OptionalInt[1]. (org.apache.kafka.coordinator.common.runtime.CoordinatorRuntime)
stream-state-bench-kafka  | [2026-07-16 06:30:06,715] INFO [GroupCoordinator id=1] Started unloading metadata for __consumer_offsets-34 with epoch OptionalInt[1]. (org.apache.kafka.coordinator.common.runtime.CoordinatorRuntime)
stream-state-bench-kafka  | [2026-07-16 06:30:06,715] INFO [GroupCoordinator id=1] Started unloading metadata for __consumer_offsets-8 with epoch OptionalInt[1]. (org.apache.kafka.coordinator.common.runtime.CoordinatorRuntime)
stream-state-bench-kafka  | [2026-07-16 06:30:06,715] INFO [GroupCoordinator id=1] Finished unloading metadata for __consumer_offsets-8 with epoch OptionalInt[1]. (org.apache.kafka.coordinator.common.runtime.CoordinatorRuntime)
stream-state-bench-kafka  | [2026-07-16 06:30:06,715] INFO [GroupCoordinator id=1] Started unloading metadata for __consumer_offsets-16 with epoch OptionalInt[1]. (org.apache.kafka.coordinator.common.runtime.CoordinatorRuntime)
stream-state-bench-kafka  | [2026-07-16 06:30:06,715] INFO [GroupCoordinator id=1] Finished unloading metadata for __consumer_offsets-16 with epoch OptionalInt[1]. (org.apache.kafka.coordinator.common.runtime.CoordinatorRuntime)
stream-state-bench-kafka  | [2026-07-16 06:30:06,715] INFO [GroupCoordinator id=1] Started unloading metadata for __consumer_offsets-20 with epoch OptionalInt[1]. (org.apache.kafka.coordinator.common.runtime.CoordinatorRuntime)
stream-state-bench-kafka  | [2026-07-16 06:30:06,715] INFO [GroupCoordinator id=1] Finished unloading metadata for __consumer_offsets-20 with epoch OptionalInt[1]. (org.apache.kafka.coordinator.common.runtime.CoordinatorRuntime)
stream-state-bench-kafka  | [2026-07-16 06:30:06,716] INFO [GroupCoordinator id=1] Started unloading metadata for __consumer_offsets-25 with epoch OptionalInt[1]. (org.apache.kafka.coordinator.common.runtime.CoordinatorRuntime)
stream-state-bench-kafka  | [2026-07-16 06:30:06,716] INFO [GroupCoordinator id=1] Finished unloading metadata for __consumer_offsets-25 with epoch OptionalInt[1]. (org.apache.kafka.coordinator.common.runtime.CoordinatorRuntime)
stream-state-bench-kafka  | [2026-07-16 06:30:06,716] INFO [GroupCoordinator id=1] Started unloading metadata for __consumer_offsets-12 with epoch OptionalInt[1]. (org.apache.kafka.coordinator.common.runtime.CoordinatorRuntime)
stream-state-bench-kafka  | [2026-07-16 06:30:06,716] INFO [GroupCoordinator id=1 topic=__consumer_offsets partition=12] [GroupId=console-consumer-82443] Unloading group metadata for generation 2. (org.apache.kafka.coordinator.group.GroupMetadataManager)
stream-state-bench-kafka  | [2026-07-16 06:30:06,716] INFO [GroupCoordinator id=1] Finished unloading metadata for __consumer_offsets-12 with epoch OptionalInt[1]. (org.apache.kafka.coordinator.common.runtime.CoordinatorRuntime)
stream-state-bench-kafka  | [2026-07-16 06:30:06,716] INFO [GroupCoordinator id=1] Started unloading metadata for __consumer_offsets-41 with epoch OptionalInt[1]. (org.apache.kafka.coordinator.common.runtime.CoordinatorRuntime)
stream-state-bench-kafka  | [2026-07-16 06:30:06,717] INFO [GroupCoordinator id=1] Finished unloading metadata for __consumer_offsets-41 with epoch OptionalInt[1]. (org.apache.kafka.coordinator.common.runtime.CoordinatorRuntime)
stream-state-bench-kafka  | [2026-07-16 06:30:06,717] INFO [GroupCoordinator id=1] Started unloading metadata for __consumer_offsets-29 with epoch OptionalInt[1]. (org.apache.kafka.coordinator.common.runtime.CoordinatorRuntime)
stream-state-bench-kafka  | [2026-07-16 06:30:06,717] INFO [GroupCoordinator id=1] Finished unloading metadata for __consumer_offsets-29 with epoch OptionalInt[1]. (org.apache.kafka.coordinator.common.runtime.CoordinatorRuntime)
stream-state-bench-kafka  | [2026-07-16 06:30:06,717] INFO [GroupCoordinator id=1] Scheduling unloading of metadata for __consumer_offsets-33 with epoch OptionalInt[1] (org.apache.kafka.coordinator.common.runtime.CoordinatorRuntime)
stream-state-bench-kafka  | [2026-07-16 06:30:06,717] INFO [GroupCoordinator id=1] Scheduling unloading of metadata for __consumer_offsets-15 with epoch OptionalInt[1] (org.apache.kafka.coordinator.common.runtime.CoordinatorRuntime)
stream-state-bench-kafka  | [2026-07-16 06:30:06,717] INFO [GroupCoordinator id=1] Scheduling unloading of metadata for __consumer_offsets-48 with epoch OptionalInt[1] (org.apache.kafka.coordinator.common.runtime.CoordinatorRuntime)
stream-state-bench-kafka  | [2026-07-16 06:30:06,717] INFO [GroupCoordinator id=1] Finished unloading metadata for __consumer_offsets-34 with epoch OptionalInt[1]. (org.apache.kafka.coordinator.common.runtime.CoordinatorRuntime)
stream-state-bench-kafka  | [2026-07-16 06:30:06,717] INFO [GroupCoordinator id=1] Scheduling unloading of metadata for __consumer_offsets-11 with epoch OptionalInt[1] (org.apache.kafka.coordinator.common.runtime.CoordinatorRuntime)
stream-state-bench-kafka  | [2026-07-16 06:30:06,717] INFO [GroupCoordinator id=1] Started unloading metadata for __consumer_offsets-33 with epoch OptionalInt[1]. (org.apache.kafka.coordinator.common.runtime.CoordinatorRuntime)
stream-state-bench-kafka  | [2026-07-16 06:30:06,717] INFO [GroupCoordinator id=1] Scheduling unloading of metadata for __consumer_offsets-44 with epoch OptionalInt[1] (org.apache.kafka.coordinator.common.runtime.CoordinatorRuntime)
stream-state-bench-kafka  | [2026-07-16 06:30:06,717] INFO [GroupCoordinator id=1] Scheduling unloading of metadata for __consumer_offsets-23 with epoch OptionalInt[1] (org.apache.kafka.coordinator.common.runtime.CoordinatorRuntime)
stream-state-bench-kafka  | [2026-07-16 06:30:06,717] INFO [GroupCoordinator id=1] Started unloading metadata for __consumer_offsets-48 with epoch OptionalInt[1]. (org.apache.kafka.coordinator.common.runtime.CoordinatorRuntime)
stream-state-bench-kafka  | [2026-07-16 06:30:06,717] INFO [GroupCoordinator id=1] Finished unloading metadata for __consumer_offsets-48 with epoch OptionalInt[1]. (org.apache.kafka.coordinator.common.runtime.CoordinatorRuntime)
stream-state-bench-kafka  | [2026-07-16 06:30:06,717] INFO [GroupCoordinator id=1] Finished unloading metadata for __consumer_offsets-37 with epoch OptionalInt[1]. (org.apache.kafka.coordinator.common.runtime.CoordinatorRuntime)
stream-state-bench-kafka  | [2026-07-16 06:30:06,717] INFO [GroupCoordinator id=1] Scheduling unloading of metadata for __consumer_offsets-19 with epoch OptionalInt[1] (org.apache.kafka.coordinator.common.runtime.CoordinatorRuntime)
stream-state-bench-kafka  | [2026-07-16 06:30:06,717] INFO [GroupCoordinator id=1] Finished unloading metadata for __consumer_offsets-33 with epoch OptionalInt[1]. (org.apache.kafka.coordinator.common.runtime.CoordinatorRuntime)
stream-state-bench-kafka  | [2026-07-16 06:30:06,717] INFO [GroupCoordinator id=1] Scheduling unloading of metadata for __consumer_offsets-32 with epoch OptionalInt[1] (org.apache.kafka.coordinator.common.runtime.CoordinatorRuntime)
stream-state-bench-kafka  | [2026-07-16 06:30:06,717] INFO [GroupCoordinator id=1] Finished unloading metadata for __consumer_offsets-5 with epoch OptionalInt[1]. (org.apache.kafka.coordinator.common.runtime.CoordinatorRuntime)
stream-state-bench-kafka  | [2026-07-16 06:30:06,717] INFO [GroupCoordinator id=1] Started unloading metadata for __consumer_offsets-19 with epoch OptionalInt[1]. (org.apache.kafka.coordinator.common.runtime.CoordinatorRuntime)
stream-state-bench-kafka  | [2026-07-16 06:30:06,717] INFO [GroupCoordinator id=1] Scheduling unloading of metadata for __consumer_offsets-28 with epoch OptionalInt[1] (org.apache.kafka.coordinator.common.runtime.CoordinatorRuntime)
stream-state-bench-kafka  | [2026-07-16 06:30:06,717] INFO [GroupCoordinator id=1] Started unloading metadata for __consumer_offsets-44 with epoch OptionalInt[1]. (org.apache.kafka.coordinator.common.runtime.CoordinatorRuntime)
stream-state-bench-kafka  | [2026-07-16 06:30:06,717] INFO [GroupCoordinator id=1] Scheduling unloading of metadata for __consumer_offsets-7 with epoch OptionalInt[1] (org.apache.kafka.coordinator.common.runtime.CoordinatorRuntime)
stream-state-bench-kafka  | [2026-07-16 06:30:06,717] INFO [GroupCoordinator id=1] Finished unloading metadata for __consumer_offsets-19 with epoch OptionalInt[1]. (org.apache.kafka.coordinator.common.runtime.CoordinatorRuntime)
stream-state-bench-kafka  | [2026-07-16 06:30:06,717] INFO [GroupCoordinator id=1] Scheduling unloading of metadata for __consumer_offsets-40 with epoch OptionalInt[1] (org.apache.kafka.coordinator.common.runtime.CoordinatorRuntime)
stream-state-bench-kafka  | [2026-07-16 06:30:06,717] INFO [GroupCoordinator id=1 topic=__consumer_offsets partition=44] [GroupId=stream-state-bench-identity-latency-identity-failure_broker_kill] Unloading group metadata for generation 1. (org.apache.kafka.coordinator.group.GroupMetadataManager)
stream-state-bench-kafka  | [2026-07-16 06:30:06,717] INFO [GroupCoordinator id=1] Started unloading metadata for __consumer_offsets-7 with epoch OptionalInt[1]. (org.apache.kafka.coordinator.common.runtime.CoordinatorRuntime)
stream-state-bench-kafka  | [2026-07-16 06:30:06,717] INFO [GroupCoordinator id=1] Started unloading metadata for __consumer_offsets-15 with epoch OptionalInt[1]. (org.apache.kafka.coordinator.common.runtime.CoordinatorRuntime)
stream-state-bench-kafka  | [2026-07-16 06:30:06,717] INFO [GroupCoordinator id=1] Finished unloading metadata for __consumer_offsets-44 with epoch OptionalInt[1]. (org.apache.kafka.coordinator.common.runtime.CoordinatorRuntime)
stream-state-bench-kafka  | [2026-07-16 06:30:06,717] INFO [GroupCoordinator id=1] Scheduling unloading of metadata for __consumer_offsets-3 with epoch OptionalInt[1] (org.apache.kafka.coordinator.common.runtime.CoordinatorRuntime)
stream-state-bench-kafka  | [2026-07-16 06:30:06,718] INFO [GroupCoordinator id=1] Started unloading metadata for __consumer_offsets-32 with epoch OptionalInt[1]. (org.apache.kafka.coordinator.common.runtime.CoordinatorRuntime)
stream-state-bench-kafka  | [2026-07-16 06:30:06,718] INFO [GroupCoordinator id=1] Started unloading metadata for __consumer_offsets-23 with epoch OptionalInt[1]. (org.apache.kafka.coordinator.common.runtime.CoordinatorRuntime)
stream-state-bench-kafka  | [2026-07-16 06:30:06,718] INFO [GroupCoordinator id=1] Finished unloading metadata for __consumer_offsets-7 with epoch OptionalInt[1]. (org.apache.kafka.coordinator.common.runtime.CoordinatorRuntime)
stream-state-bench-kafka  | [2026-07-16 06:30:06,718] INFO [GroupCoordinator id=1] Scheduling unloading of metadata for __consumer_offsets-36 with epoch OptionalInt[1] (org.apache.kafka.coordinator.common.runtime.CoordinatorRuntime)
stream-state-bench-kafka  | [2026-07-16 06:30:06,718] INFO [GroupCoordinator id=1] Finished unloading metadata for __consumer_offsets-23 with epoch OptionalInt[1]. (org.apache.kafka.coordinator.common.runtime.CoordinatorRuntime)
stream-state-bench-kafka  | [2026-07-16 06:30:06,718] INFO [GroupCoordinator id=1 topic=__consumer_offsets partition=32] [GroupId=console-consumer-34310] Unloading group metadata for generation 2. (org.apache.kafka.coordinator.group.GroupMetadataManager)
stream-state-bench-kafka  | [2026-07-16 06:30:06,718] INFO [GroupCoordinator id=1] Started unloading metadata for __consumer_offsets-28 with epoch OptionalInt[1]. (org.apache.kafka.coordinator.common.runtime.CoordinatorRuntime)
stream-state-bench-kafka  | [2026-07-16 06:30:06,718] INFO [GroupCoordinator id=1] Scheduling unloading of metadata for __consumer_offsets-47 with epoch OptionalInt[1] (org.apache.kafka.coordinator.common.runtime.CoordinatorRuntime)
stream-state-bench-kafka  | [2026-07-16 06:30:06,718] INFO [GroupCoordinator id=1] Started unloading metadata for __consumer_offsets-4 with epoch OptionalInt[1]. (org.apache.kafka.coordinator.common.runtime.CoordinatorRuntime)
stream-state-bench-kafka  | [2026-07-16 06:30:06,718] INFO [GroupCoordinator id=1] Finished unloading metadata for __consumer_offsets-32 with epoch OptionalInt[1]. (org.apache.kafka.coordinator.common.runtime.CoordinatorRuntime)
stream-state-bench-kafka  | [2026-07-16 06:30:06,718] INFO [GroupCoordinator id=1] Started unloading metadata for __consumer_offsets-36 with epoch OptionalInt[1]. (org.apache.kafka.coordinator.common.runtime.CoordinatorRuntime)
stream-state-bench-kafka  | [2026-07-16 06:30:06,718] INFO [GroupCoordinator id=1] Finished unloading metadata for __consumer_offsets-28 with epoch OptionalInt[1]. (org.apache.kafka.coordinator.common.runtime.CoordinatorRuntime)
stream-state-bench-kafka  | [2026-07-16 06:30:06,718] INFO [GroupCoordinator id=1] Scheduling unloading of metadata for __consumer_offsets-14 with epoch OptionalInt[1] (org.apache.kafka.coordinator.common.runtime.CoordinatorRuntime)
stream-state-bench-kafka  | [2026-07-16 06:30:06,718] INFO [GroupCoordinator id=1] Started unloading metadata for __consumer_offsets-40 with epoch OptionalInt[1]. (org.apache.kafka.coordinator.common.runtime.CoordinatorRuntime)
stream-state-bench-kafka  | [2026-07-16 06:30:06,718] INFO [GroupCoordinator id=1] Finished unloading metadata for __consumer_offsets-15 with epoch OptionalInt[1]. (org.apache.kafka.coordinator.common.runtime.CoordinatorRuntime)
stream-state-bench-kafka  | [2026-07-16 06:30:06,718] INFO [GroupCoordinator id=1] Scheduling unloading of metadata for __consumer_offsets-43 with epoch OptionalInt[1] (org.apache.kafka.coordinator.common.runtime.CoordinatorRuntime)
stream-state-bench-kafka  | [2026-07-16 06:30:06,718] INFO [GroupCoordinator id=1] Started unloading metadata for __consumer_offsets-47 with epoch OptionalInt[1]. (org.apache.kafka.coordinator.common.runtime.CoordinatorRuntime)
stream-state-bench-kafka  | [2026-07-16 06:30:06,718] INFO [GroupCoordinator id=1] Scheduling unloading of metadata for __consumer_offsets-10 with epoch OptionalInt[1] (org.apache.kafka.coordinator.common.runtime.CoordinatorRuntime)
stream-state-bench-kafka  | [2026-07-16 06:30:06,718] INFO [GroupCoordinator id=1] Finished unloading metadata for __consumer_offsets-47 with epoch OptionalInt[1]. (org.apache.kafka.coordinator.common.runtime.CoordinatorRuntime)
stream-state-bench-kafka  | [2026-07-16 06:30:06,718] INFO [GroupCoordinator id=1] Scheduling unloading of metadata for __consumer_offsets-22 with epoch OptionalInt[1] (org.apache.kafka.coordinator.common.runtime.CoordinatorRuntime)
stream-state-bench-kafka  | [2026-07-16 06:30:06,718] INFO [GroupCoordinator id=1] Started unloading metadata for __consumer_offsets-3 with epoch OptionalInt[1]. (org.apache.kafka.coordinator.common.runtime.CoordinatorRuntime)
stream-state-bench-kafka  | [2026-07-16 06:30:06,718] INFO [GroupCoordinator id=1] Scheduling unloading of metadata for __consumer_offsets-18 with epoch OptionalInt[1] (org.apache.kafka.coordinator.common.runtime.CoordinatorRuntime)
stream-state-bench-kafka  | [2026-07-16 06:30:06,718] INFO [GroupCoordinator id=1] Scheduling unloading of metadata for __consumer_offsets-31 with epoch OptionalInt[1] (org.apache.kafka.coordinator.common.runtime.CoordinatorRuntime)
stream-state-bench-kafka  | [2026-07-16 06:30:06,718] INFO [GroupCoordinator id=1] Finished unloading metadata for __consumer_offsets-3 with epoch OptionalInt[1]. (org.apache.kafka.coordinator.common.runtime.CoordinatorRuntime)
stream-state-bench-kafka  | [2026-07-16 06:30:06,718] INFO [GroupCoordinator id=1] Scheduling unloading of metadata for __consumer_offsets-27 with epoch OptionalInt[1] (org.apache.kafka.coordinator.common.runtime.CoordinatorRuntime)
stream-state-bench-kafka  | [2026-07-16 06:30:06,718] INFO [GroupCoordinator id=1] Finished unloading metadata for __consumer_offsets-4 with epoch OptionalInt[1]. (org.apache.kafka.coordinator.common.runtime.CoordinatorRuntime)
stream-state-bench-kafka  | [2026-07-16 06:30:06,718] INFO [GroupCoordinator id=1] Scheduling unloading of metadata for __consumer_offsets-39 with epoch OptionalInt[1] (org.apache.kafka.coordinator.common.runtime.CoordinatorRuntime)
stream-state-bench-kafka  | [2026-07-16 06:30:06,718] INFO [GroupCoordinator id=1] Started unloading metadata for __consumer_offsets-10 with epoch OptionalInt[1]. (org.apache.kafka.coordinator.common.runtime.CoordinatorRuntime)
stream-state-bench-kafka  | [2026-07-16 06:30:06,718] INFO [GroupCoordinator id=1] Finished unloading metadata for __consumer_offsets-36 with epoch OptionalInt[1]. (org.apache.kafka.coordinator.common.runtime.CoordinatorRuntime)
stream-state-bench-kafka  | [2026-07-16 06:30:06,718] INFO [GroupCoordinator id=1] Scheduling unloading of metadata for __consumer_offsets-6 with epoch OptionalInt[1] (org.apache.kafka.coordinator.common.runtime.CoordinatorRuntime)
stream-state-bench-kafka  | [2026-07-16 06:30:06,718] INFO [GroupCoordinator id=1] Started unloading metadata for __consumer_offsets-14 with epoch OptionalInt[1]. (org.apache.kafka.coordinator.common.runtime.CoordinatorRuntime)
stream-state-bench-kafka  | [2026-07-16 06:30:06,718] INFO [GroupCoordinator id=1] Started unloading metadata for __consumer_offsets-43 with epoch OptionalInt[1]. (org.apache.kafka.coordinator.common.runtime.CoordinatorRuntime)
stream-state-bench-kafka  | [2026-07-16 06:30:06,718] INFO [GroupCoordinator id=1] Finished unloading metadata for __consumer_offsets-40 with epoch OptionalInt[1]. (org.apache.kafka.coordinator.common.runtime.CoordinatorRuntime)
stream-state-bench-kafka  | [2026-07-16 06:30:06,718] INFO [GroupCoordinator id=1] Finished unloading metadata for __consumer_offsets-43 with epoch OptionalInt[1]. (org.apache.kafka.coordinator.common.runtime.CoordinatorRuntime)
stream-state-bench-kafka  | [2026-07-16 06:30:06,718] INFO [GroupCoordinator id=1] Started unloading metadata for __consumer_offsets-22 with epoch OptionalInt[1]. (org.apache.kafka.coordinator.common.runtime.CoordinatorRuntime)
stream-state-bench-kafka  | [2026-07-16 06:30:06,719] INFO [GroupCoordinator id=1] Scheduling unloading of metadata for __consumer_offsets-35 with epoch OptionalInt[1] (org.apache.kafka.coordinator.common.runtime.CoordinatorRuntime)
stream-state-bench-kafka  | [2026-07-16 06:30:06,719] INFO [GroupCoordinator id=1] Started unloading metadata for __consumer_offsets-39 with epoch OptionalInt[1]. (org.apache.kafka.coordinator.common.runtime.CoordinatorRuntime)
stream-state-bench-kafka  | [2026-07-16 06:30:06,719] INFO [GroupCoordinator id=1] Finished unloading metadata for __consumer_offsets-14 with epoch OptionalInt[1]. (org.apache.kafka.coordinator.common.runtime.CoordinatorRuntime)
stream-state-bench-kafka  | [2026-07-16 06:30:06,719] INFO [GroupCoordinator id=1] Finished unloading metadata for __consumer_offsets-39 with epoch OptionalInt[1]. (org.apache.kafka.coordinator.common.runtime.CoordinatorRuntime)
stream-state-bench-kafka  | [2026-07-16 06:30:06,719] INFO [GroupCoordinator id=1] Scheduling unloading of metadata for __consumer_offsets-2 with epoch OptionalInt[1] (org.apache.kafka.coordinator.common.runtime.CoordinatorRuntime)
stream-state-bench-kafka  | [2026-07-16 06:30:06,719] INFO [GroupCoordinator id=1] Started unloading metadata for __consumer_offsets-11 with epoch OptionalInt[1]. (org.apache.kafka.coordinator.common.runtime.CoordinatorRuntime)
stream-state-bench-kafka  | [2026-07-16 06:30:06,719] INFO [GroupCoordinator id=1] Started unloading metadata for __consumer_offsets-6 with epoch OptionalInt[1]. (org.apache.kafka.coordinator.common.runtime.CoordinatorRuntime)
stream-state-bench-kafka  | [2026-07-16 06:30:06,719] INFO [GroupCoordinator id=1 topic=__consumer_offsets partition=22] [GroupId=console-consumer-68818] Unloading group metadata for generation 1. (org.apache.kafka.coordinator.group.GroupMetadataManager)
stream-state-bench-kafka  | [2026-07-16 06:30:06,719] INFO [GroupCoordinator id=1] Finished unloading metadata for __consumer_offsets-6 with epoch OptionalInt[1]. (org.apache.kafka.coordinator.common.runtime.CoordinatorRuntime)
stream-state-bench-kafka  | [2026-07-16 06:30:06,719] INFO [GroupCoordinator id=1] Started unloading metadata for __consumer_offsets-18 with epoch OptionalInt[1]. (org.apache.kafka.coordinator.common.runtime.CoordinatorRuntime)
stream-state-bench-kafka  | [2026-07-16 06:30:06,719] INFO [GroupCoordinator id=1 topic=__consumer_offsets partition=22] [GroupId=console-consumer-9699] Unloading group metadata for generation 1. (org.apache.kafka.coordinator.group.GroupMetadataManager)
stream-state-bench-kafka  | [2026-07-16 06:30:06,719] INFO [GroupCoordinator id=1] Finished unloading metadata for __consumer_offsets-11 with epoch OptionalInt[1]. (org.apache.kafka.coordinator.common.runtime.CoordinatorRuntime)
stream-state-bench-kafka  | [2026-07-16 06:30:06,719] INFO [GroupCoordinator id=1] Finished unloading metadata for __consumer_offsets-18 with epoch OptionalInt[1]. (org.apache.kafka.coordinator.common.runtime.CoordinatorRuntime)
stream-state-bench-kafka  | [2026-07-16 06:30:06,719] INFO [GroupCoordinator id=1] Finished unloading metadata for __consumer_offsets-22 with epoch OptionalInt[1]. (org.apache.kafka.coordinator.common.runtime.CoordinatorRuntime)
stream-state-bench-kafka  | [2026-07-16 06:30:06,719] INFO [GroupCoordinator id=1] Started unloading metadata for __consumer_offsets-35 with epoch OptionalInt[1]. (org.apache.kafka.coordinator.common.runtime.CoordinatorRuntime)
stream-state-bench-kafka  | [2026-07-16 06:30:06,719] INFO [GroupCoordinator id=1] Started unloading metadata for __consumer_offsets-27 with epoch OptionalInt[1]. (org.apache.kafka.coordinator.common.runtime.CoordinatorRuntime)
stream-state-bench-kafka  | [2026-07-16 06:30:06,719] INFO [GroupCoordinator id=1] Finished unloading metadata for __consumer_offsets-35 with epoch OptionalInt[1]. (org.apache.kafka.coordinator.common.runtime.CoordinatorRuntime)
stream-state-bench-kafka  | [2026-07-16 06:30:06,719] INFO [GroupCoordinator id=1] Finished unloading metadata for __consumer_offsets-27 with epoch OptionalInt[1]. (org.apache.kafka.coordinator.common.runtime.CoordinatorRuntime)
stream-state-bench-kafka  | [2026-07-16 06:30:06,719] INFO [GroupCoordinator id=1] Started unloading metadata for __consumer_offsets-31 with epoch OptionalInt[1]. (org.apache.kafka.coordinator.common.runtime.CoordinatorRuntime)
stream-state-bench-kafka  | [2026-07-16 06:30:06,719] INFO [GroupCoordinator id=1] Finished unloading metadata for __consumer_offsets-10 with epoch OptionalInt[1]. (org.apache.kafka.coordinator.common.runtime.CoordinatorRuntime)
stream-state-bench-kafka  | [2026-07-16 06:30:06,719] INFO [GroupCoordinator id=1] Finished unloading metadata for __consumer_offsets-31 with epoch OptionalInt[1]. (org.apache.kafka.coordinator.common.runtime.CoordinatorRuntime)
stream-state-bench-kafka  | [2026-07-16 06:30:06,719] INFO [GroupCoordinator id=1] Started unloading metadata for __consumer_offsets-2 with epoch OptionalInt[1]. (org.apache.kafka.coordinator.common.runtime.CoordinatorRuntime)
stream-state-bench-kafka  | [2026-07-16 06:30:06,719] INFO [GroupCoordinator id=1] Finished unloading metadata for __consumer_offsets-2 with epoch OptionalInt[1]. (org.apache.kafka.coordinator.common.runtime.CoordinatorRuntime)
stream-state-bench-kafka  | [2026-07-16 06:30:06,720] INFO [TransactionCoordinator id=1] Resigned as the txn coordinator for partition 42 at epoch Some(1) (kafka.coordinator.transaction.TransactionCoordinator)
stream-state-bench-kafka  | [2026-07-16 06:30:06,722] INFO [Transaction State Manager 1]: Unloaded transaction metadata TxnMetadataCacheEntry(coordinatorEpoch=0, numTransactionalEntries=0) for __transaction_state-42 on become-follower transition (kafka.coordinator.transaction.TransactionStateManager)
stream-state-bench-kafka  | [2026-07-16 06:30:06,722] INFO [TransactionCoordinator id=1] Resigned as the txn coordinator for partition 13 at epoch Some(1) (kafka.coordinator.transaction.TransactionCoordinator)
stream-state-bench-kafka  | [2026-07-16 06:30:06,722] INFO [Transaction State Manager 1]: Unloaded transaction metadata TxnMetadataCacheEntry(coordinatorEpoch=0, numTransactionalEntries=0) for __transaction_state-13 on become-follower transition (kafka.coordinator.transaction.TransactionStateManager)
stream-state-bench-kafka  | [2026-07-16 06:30:06,722] INFO [TransactionCoordinator id=1] Resigned as the txn coordinator for partition 46 at epoch Some(1) (kafka.coordinator.transaction.TransactionCoordinator)
stream-state-bench-kafka  | [2026-07-16 06:30:06,722] INFO [Transaction State Manager 1]: Unloaded transaction metadata TxnMetadataCacheEntry(coordinatorEpoch=0, numTransactionalEntries=1) for __transaction_state-46 on become-follower transition (kafka.coordinator.transaction.TransactionStateManager)
stream-state-bench-kafka  | [2026-07-16 06:30:06,723] INFO [TransactionCoordinator id=1] Resigned as the txn coordinator for partition 17 at epoch Some(1) (kafka.coordinator.transaction.TransactionCoordinator)
stream-state-bench-kafka  | [2026-07-16 06:30:06,723] INFO [Transaction State Manager 1]: Unloaded transaction metadata TxnMetadataCacheEntry(coordinatorEpoch=0, numTransactionalEntries=0) for __transaction_state-17 on become-follower transition (kafka.coordinator.transaction.TransactionStateManager)
stream-state-bench-kafka  | [2026-07-16 06:30:06,723] INFO [TransactionCoordinator id=1] Resigned as the txn coordinator for partition 34 at epoch Some(1) (kafka.coordinator.transaction.TransactionCoordinator)
stream-state-bench-kafka  | [2026-07-16 06:30:06,723] INFO [Transaction State Manager 1]: Unloaded transaction metadata TxnMetadataCacheEntry(coordinatorEpoch=0, numTransactionalEntries=0) for __transaction_state-34 on become-follower transition (kafka.coordinator.transaction.TransactionStateManager)
stream-state-bench-kafka  | [2026-07-16 06:30:06,723] INFO [TransactionCoordinator id=1] Resigned as the txn coordinator for partition 5 at epoch Some(1) (kafka.coordinator.transaction.TransactionCoordinator)
stream-state-bench-kafka  | [2026-07-16 06:30:06,723] INFO [Transaction State Manager 1]: Unloaded transaction metadata TxnMetadataCacheEntry(coordinatorEpoch=0, numTransactionalEntries=0) for __transaction_state-5 on become-follower transition (kafka.coordinator.transaction.TransactionStateManager)
stream-state-bench-kafka  | [2026-07-16 06:30:06,723] INFO [TransactionCoordinator id=1] Resigned as the txn coordinator for partition 38 at epoch Some(1) (kafka.coordinator.transaction.TransactionCoordinator)
stream-state-bench-kafka  | [2026-07-16 06:30:06,723] INFO [Transaction State Manager 1]: Unloaded transaction metadata TxnMetadataCacheEntry(coordinatorEpoch=0, numTransactionalEntries=0) for __transaction_state-38 on become-follower transition (kafka.coordinator.transaction.TransactionStateManager)
stream-state-bench-kafka  | [2026-07-16 06:30:06,723] INFO [TransactionCoordinator id=1] Resigned as the txn coordinator for partition 9 at epoch Some(1) (kafka.coordinator.transaction.TransactionCoordinator)
stream-state-bench-kafka  | [2026-07-16 06:30:06,723] INFO [Transaction State Manager 1]: Unloaded transaction metadata TxnMetadataCacheEntry(coordinatorEpoch=0, numTransactionalEntries=0) for __transaction_state-9 on become-follower transition (kafka.coordinator.transaction.TransactionStateManager)
stream-state-bench-kafka  | [2026-07-16 06:30:06,724] INFO [TransactionCoordinator id=1] Resigned as the txn coordinator for partition 26 at epoch Some(1) (kafka.coordinator.transaction.TransactionCoordinator)
stream-state-bench-kafka  | [2026-07-16 06:30:06,724] INFO [Transaction State Manager 1]: Unloaded transaction metadata TxnMetadataCacheEntry(coordinatorEpoch=0, numTransactionalEntries=0) for __transaction_state-26 on become-follower transition (kafka.coordinator.transaction.TransactionStateManager)
stream-state-bench-kafka  | [2026-07-16 06:30:06,724] INFO [TransactionCoordinator id=1] Resigned as the txn coordinator for partition 30 at epoch Some(1) (kafka.coordinator.transaction.TransactionCoordinator)
stream-state-bench-kafka  | [2026-07-16 06:30:06,724] INFO [Transaction State Manager 1]: Unloaded transaction metadata TxnMetadataCacheEntry(coordinatorEpoch=0, numTransactionalEntries=0) for __transaction_state-30 on become-follower transition (kafka.coordinator.transaction.TransactionStateManager)
stream-state-bench-kafka  | [2026-07-16 06:30:06,724] INFO [TransactionCoordinator id=1] Resigned as the txn coordinator for partition 1 at epoch Some(1) (kafka.coordinator.transaction.TransactionCoordinator)
stream-state-bench-kafka  | [2026-07-16 06:30:06,724] INFO [Transaction State Manager 1]: Unloaded transaction metadata TxnMetadataCacheEntry(coordinatorEpoch=0, numTransactionalEntries=0) for __transaction_state-1 on become-follower transition (kafka.coordinator.transaction.TransactionStateManager)
stream-state-bench-kafka  | [2026-07-16 06:30:06,724] INFO [TransactionCoordinator id=1] Resigned as the txn coordinator for partition 18 at epoch Some(1) (kafka.coordinator.transaction.TransactionCoordinator)
stream-state-bench-kafka  | [2026-07-16 06:30:06,724] INFO [Transaction State Manager 1]: Unloaded transaction metadata TxnMetadataCacheEntry(coordinatorEpoch=0, numTransactionalEntries=0) for __transaction_state-18 on become-follower transition (kafka.coordinator.transaction.TransactionStateManager)
stream-state-bench-kafka  | [2026-07-16 06:30:06,724] INFO [TransactionCoordinator id=1] Resigned as the txn coordinator for partition 22 at epoch Some(1) (kafka.coordinator.transaction.TransactionCoordinator)
stream-state-bench-kafka  | [2026-07-16 06:30:06,724] INFO [Transaction State Manager 1]: Unloaded transaction metadata TxnMetadataCacheEntry(coordinatorEpoch=0, numTransactionalEntries=0) for __transaction_state-22 on become-follower transition (kafka.coordinator.transaction.TransactionStateManager)
stream-state-bench-kafka  | [2026-07-16 06:30:06,724] INFO [TransactionCoordinator id=1] Resigned as the txn coordinator for partition 12 at epoch Some(1) (kafka.coordinator.transaction.TransactionCoordinator)
stream-state-bench-kafka  | [2026-07-16 06:30:06,724] INFO [Transaction State Manager 1]: Unloaded transaction metadata TxnMetadataCacheEntry(coordinatorEpoch=0, numTransactionalEntries=0) for __transaction_state-12 on become-follower transition (kafka.coordinator.transaction.TransactionStateManager)
stream-state-bench-kafka  | [2026-07-16 06:30:06,724] INFO [TransactionCoordinator id=1] Resigned as the txn coordinator for partition 45 at epoch Some(1) (kafka.coordinator.transaction.TransactionCoordinator)
stream-state-bench-kafka  | [2026-07-16 06:30:06,724] INFO [Transaction State Manager 1]: Unloaded transaction metadata TxnMetadataCacheEntry(coordinatorEpoch=0, numTransactionalEntries=0) for __transaction_state-45 on become-follower transition (kafka.coordinator.transaction.TransactionStateManager)
stream-state-bench-kafka  | [2026-07-16 06:30:06,724] INFO [TransactionCoordinator id=1] Resigned as the txn coordinator for partition 16 at epoch Some(1) (kafka.coordinator.transaction.TransactionCoordinator)
stream-state-bench-kafka  | [2026-07-16 06:30:06,724] INFO [Transaction State Manager 1]: Unloaded transaction metadata TxnMetadataCacheEntry(coordinatorEpoch=0, numTransactionalEntries=0) for __transaction_state-16 on become-follower transition (kafka.coordinator.transaction.TransactionStateManager)
stream-state-bench-kafka  | [2026-07-16 06:30:06,724] INFO [TransactionCoordinator id=1] Resigned as the txn coordinator for partition 49 at epoch Some(1) (kafka.coordinator.transaction.TransactionCoordinator)
stream-state-bench-kafka  | [2026-07-16 06:30:06,724] INFO [Transaction State Manager 1]: Unloaded transaction metadata TxnMetadataCacheEntry(coordinatorEpoch=0, numTransactionalEntries=0) for __transaction_state-49 on become-follower transition (kafka.coordinator.transaction.TransactionStateManager)
stream-state-bench-kafka  | [2026-07-16 06:30:06,725] INFO [TransactionCoordinator id=1] Resigned as the txn coordinator for partition 4 at epoch Some(1) (kafka.coordinator.transaction.TransactionCoordinator)
stream-state-bench-kafka  | [2026-07-16 06:30:06,725] INFO [Transaction State Manager 1]: Unloaded transaction metadata TxnMetadataCacheEntry(coordinatorEpoch=0, numTransactionalEntries=0) for __transaction_state-4 on become-follower transition (kafka.coordinator.transaction.TransactionStateManager)
stream-state-bench-kafka  | [2026-07-16 06:30:06,725] INFO [TransactionCoordinator id=1] Resigned as the txn coordinator for partition 37 at epoch Some(1) (kafka.coordinator.transaction.TransactionCoordinator)
stream-state-bench-kafka  | [2026-07-16 06:30:06,725] INFO [Transaction State Manager 1]: Unloaded transaction metadata TxnMetadataCacheEntry(coordinatorEpoch=0, numTransactionalEntries=0) for __transaction_state-37 on become-follower transition (kafka.coordinator.transaction.TransactionStateManager)
stream-state-bench-kafka  | [2026-07-16 06:30:06,725] INFO [TransactionCoordinator id=1] Resigned as the txn coordinator for partition 8 at epoch Some(1) (kafka.coordinator.transaction.TransactionCoordinator)
stream-state-bench-kafka  | [2026-07-16 06:30:06,725] INFO [Transaction State Manager 1]: Unloaded transaction metadata TxnMetadataCacheEntry(coordinatorEpoch=0, numTransactionalEntries=0) for __transaction_state-8 on become-follower transition (kafka.coordinator.transaction.TransactionStateManager)
stream-state-bench-kafka  | [2026-07-16 06:30:06,725] INFO [TransactionCoordinator id=1] Resigned as the txn coordinator for partition 41 at epoch Some(1) (kafka.coordinator.transaction.TransactionCoordinator)
stream-state-bench-kafka  | [2026-07-16 06:30:06,725] INFO [Transaction State Manager 1]: Unloaded transaction metadata TxnMetadataCacheEntry(coordinatorEpoch=0, numTransactionalEntries=0) for __transaction_state-41 on become-follower transition (kafka.coordinator.transaction.TransactionStateManager)
stream-state-bench-kafka  | [2026-07-16 06:30:06,725] INFO [TransactionCoordinator id=1] Resigned as the txn coordinator for partition 29 at epoch Some(1) (kafka.coordinator.transaction.TransactionCoordinator)
stream-state-bench-kafka  | [2026-07-16 06:30:06,725] INFO [Transaction State Manager 1]: Unloaded transaction metadata TxnMetadataCacheEntry(coordinatorEpoch=0, numTransactionalEntries=0) for __transaction_state-29 on become-follower transition (kafka.coordinator.transaction.TransactionStateManager)
stream-state-bench-kafka  | [2026-07-16 06:30:06,725] INFO [TransactionCoordinator id=1] Resigned as the txn coordinator for partition 0 at epoch Some(1) (kafka.coordinator.transaction.TransactionCoordinator)
stream-state-bench-kafka  | [2026-07-16 06:30:06,725] INFO [Transaction State Manager 1]: Unloaded transaction metadata TxnMetadataCacheEntry(coordinatorEpoch=0, numTransactionalEntries=0) for __transaction_state-0 on become-follower transition (kafka.coordinator.transaction.TransactionStateManager)
stream-state-bench-kafka  | [2026-07-16 06:30:06,725] INFO [TransactionCoordinator id=1] Resigned as the txn coordinator for partition 33 at epoch Some(1) (kafka.coordinator.transaction.TransactionCoordinator)
stream-state-bench-kafka  | [2026-07-16 06:30:06,725] INFO [Transaction State Manager 1]: Unloaded transaction metadata TxnMetadataCacheEntry(coordinatorEpoch=0, numTransactionalEntries=0) for __transaction_state-33 on become-follower transition (kafka.coordinator.transaction.TransactionStateManager)
stream-state-bench-kafka  | [2026-07-16 06:30:06,725] INFO [TransactionCoordinator id=1] Resigned as the txn coordinator for partition 21 at epoch Some(1) (kafka.coordinator.transaction.TransactionCoordinator)
stream-state-bench-kafka  | [2026-07-16 06:30:06,725] INFO [Transaction State Manager 1]: Unloaded transaction metadata TxnMetadataCacheEntry(coordinatorEpoch=0, numTransactionalEntries=0) for __transaction_state-21 on become-follower transition (kafka.coordinator.transaction.TransactionStateManager)
stream-state-bench-kafka  | [2026-07-16 06:30:06,725] INFO [TransactionCoordinator id=1] Resigned as the txn coordinator for partition 25 at epoch Some(1) (kafka.coordinator.transaction.TransactionCoordinator)
stream-state-bench-kafka  | [2026-07-16 06:30:06,725] INFO [Transaction State Manager 1]: Unloaded transaction metadata TxnMetadataCacheEntry(coordinatorEpoch=0, numTransactionalEntries=0) for __transaction_state-25 on become-follower transition (kafka.coordinator.transaction.TransactionStateManager)
stream-state-bench-kafka  | [2026-07-16 06:30:06,725] INFO [TransactionCoordinator id=1] Resigned as the txn coordinator for partition 11 at epoch Some(1) (kafka.coordinator.transaction.TransactionCoordinator)
stream-state-bench-kafka  | [2026-07-16 06:30:06,725] INFO [Transaction State Manager 1]: Unloaded transaction metadata TxnMetadataCacheEntry(coordinatorEpoch=0, numTransactionalEntries=0) for __transaction_state-11 on become-follower transition (kafka.coordinator.transaction.TransactionStateManager)
stream-state-bench-kafka  | [2026-07-16 06:30:06,725] INFO [TransactionCoordinator id=1] Resigned as the txn coordinator for partition 44 at epoch Some(1) (kafka.coordinator.transaction.TransactionCoordinator)
stream-state-bench-kafka  | [2026-07-16 06:30:06,725] INFO [Transaction State Manager 1]: Unloaded transaction metadata TxnMetadataCacheEntry(coordinatorEpoch=0, numTransactionalEntries=0) for __transaction_state-44 on become-follower transition (kafka.coordinator.transaction.TransactionStateManager)
stream-state-bench-kafka  | [2026-07-16 06:30:06,725] INFO [TransactionCoordinator id=1] Resigned as the txn coordinator for partition 15 at epoch Some(1) (kafka.coordinator.transaction.TransactionCoordinator)
stream-state-bench-kafka  | [2026-07-16 06:30:06,725] INFO [Transaction State Manager 1]: Unloaded transaction metadata TxnMetadataCacheEntry(coordinatorEpoch=0, numTransactionalEntries=0) for __transaction_state-15 on become-follower transition (kafka.coordinator.transaction.TransactionStateManager)
stream-state-bench-kafka  | [2026-07-16 06:30:06,725] INFO [TransactionCoordinator id=1] Resigned as the txn coordinator for partition 48 at epoch Some(1) (kafka.coordinator.transaction.TransactionCoordinator)
stream-state-bench-kafka  | [2026-07-16 06:30:06,725] INFO [Transaction State Manager 1]: Unloaded transaction metadata TxnMetadataCacheEntry(coordinatorEpoch=0, numTransactionalEntries=0) for __transaction_state-48 on become-follower transition (kafka.coordinator.transaction.TransactionStateManager)
stream-state-bench-kafka  | [2026-07-16 06:30:06,725] INFO [TransactionCoordinator id=1] Resigned as the txn coordinator for partition 3 at epoch Some(1) (kafka.coordinator.transaction.TransactionCoordinator)
stream-state-bench-kafka  | [2026-07-16 06:30:06,725] INFO [Transaction State Manager 1]: Unloaded transaction metadata TxnMetadataCacheEntry(coordinatorEpoch=0, numTransactionalEntries=0) for __transaction_state-3 on become-follower transition (kafka.coordinator.transaction.TransactionStateManager)
stream-state-bench-kafka  | [2026-07-16 06:30:06,725] INFO [TransactionCoordinator id=1] Resigned as the txn coordinator for partition 36 at epoch Some(1) (kafka.coordinator.transaction.TransactionCoordinator)
stream-state-bench-kafka  | [2026-07-16 06:30:06,726] INFO [Transaction State Manager 1]: Unloaded transaction metadata TxnMetadataCacheEntry(coordinatorEpoch=0, numTransactionalEntries=0) for __transaction_state-36 on become-follower transition (kafka.coordinator.transaction.TransactionStateManager)
stream-state-bench-kafka  | [2026-07-16 06:30:06,726] INFO [TransactionCoordinator id=1] Resigned as the txn coordinator for partition 7 at epoch Some(1) (kafka.coordinator.transaction.TransactionCoordinator)
stream-state-bench-kafka  | [2026-07-16 06:30:06,726] INFO [Transaction State Manager 1]: Unloaded transaction metadata TxnMetadataCacheEntry(coordinatorEpoch=0, numTransactionalEntries=0) for __transaction_state-7 on become-follower transition (kafka.coordinator.transaction.TransactionStateManager)
stream-state-bench-kafka  | [2026-07-16 06:30:06,726] INFO [TransactionCoordinator id=1] Resigned as the txn coordinator for partition 40 at epoch Some(1) (kafka.coordinator.transaction.TransactionCoordinator)
stream-state-bench-kafka  | [2026-07-16 06:30:06,726] INFO [Transaction State Manager 1]: Unloaded transaction metadata TxnMetadataCacheEntry(coordinatorEpoch=0, numTransactionalEntries=0) for __transaction_state-40 on become-follower transition (kafka.coordinator.transaction.TransactionStateManager)
stream-state-bench-kafka  | [2026-07-16 06:30:06,726] INFO [TransactionCoordinator id=1] Resigned as the txn coordinator for partition 28 at epoch Some(1) (kafka.coordinator.transaction.TransactionCoordinator)
stream-state-bench-kafka  | [2026-07-16 06:30:06,726] INFO [Transaction State Manager 1]: Unloaded transaction metadata TxnMetadataCacheEntry(coordinatorEpoch=0, numTransactionalEntries=0) for __transaction_state-28 on become-follower transition (kafka.coordinator.transaction.TransactionStateManager)
stream-state-bench-kafka  | [2026-07-16 06:30:06,726] INFO [TransactionCoordinator id=1] Resigned as the txn coordinator for partition 32 at epoch Some(1) (kafka.coordinator.transaction.TransactionCoordinator)
stream-state-bench-kafka  | [2026-07-16 06:30:06,726] INFO [Transaction State Manager 1]: Unloaded transaction metadata TxnMetadataCacheEntry(coordinatorEpoch=0, numTransactionalEntries=0) for __transaction_state-32 on become-follower transition (kafka.coordinator.transaction.TransactionStateManager)
stream-state-bench-kafka  | [2026-07-16 06:30:06,726] INFO [TransactionCoordinator id=1] Resigned as the txn coordinator for partition 20 at epoch Some(1) (kafka.coordinator.transaction.TransactionCoordinator)
stream-state-bench-kafka  | [2026-07-16 06:30:06,726] INFO [Transaction State Manager 1]: Unloaded transaction metadata TxnMetadataCacheEntry(coordinatorEpoch=0, numTransactionalEntries=0) for __transaction_state-20 on become-follower transition (kafka.coordinator.transaction.TransactionStateManager)
stream-state-bench-kafka  | [2026-07-16 06:30:06,726] INFO [TransactionCoordinator id=1] Resigned as the txn coordinator for partition 24 at epoch Some(1) (kafka.coordinator.transaction.TransactionCoordinator)
stream-state-bench-kafka  | [2026-07-16 06:30:06,726] INFO [Transaction State Manager 1]: Unloaded transaction metadata TxnMetadataCacheEntry(coordinatorEpoch=0, numTransactionalEntries=0) for __transaction_state-24 on become-follower transition (kafka.coordinator.transaction.TransactionStateManager)
stream-state-bench-kafka  | [2026-07-16 06:30:06,726] INFO [TransactionCoordinator id=1] Resigned as the txn coordinator for partition 10 at epoch Some(1) (kafka.coordinator.transaction.TransactionCoordinator)
stream-state-bench-kafka  | [2026-07-16 06:30:06,726] INFO [Transaction State Manager 1]: Unloaded transaction metadata TxnMetadataCacheEntry(coordinatorEpoch=0, numTransactionalEntries=0) for __transaction_state-10 on become-follower transition (kafka.coordinator.transaction.TransactionStateManager)
stream-state-bench-kafka  | [2026-07-16 06:30:06,726] INFO [TransactionCoordinator id=1] Resigned as the txn coordinator for partition 43 at epoch Some(1) (kafka.coordinator.transaction.TransactionCoordinator)
stream-state-bench-kafka  | [2026-07-16 06:30:06,726] INFO [Transaction State Manager 1]: Unloaded transaction metadata TxnMetadataCacheEntry(coordinatorEpoch=0, numTransactionalEntries=0) for __transaction_state-43 on become-follower transition (kafka.coordinator.transaction.TransactionStateManager)
stream-state-bench-kafka  | [2026-07-16 06:30:06,726] INFO [TransactionCoordinator id=1] Resigned as the txn coordinator for partition 14 at epoch Some(1) (kafka.coordinator.transaction.TransactionCoordinator)
stream-state-bench-kafka  | [2026-07-16 06:30:06,727] INFO [Transaction State Manager 1]: Unloaded transaction metadata TxnMetadataCacheEntry(coordinatorEpoch=0, numTransactionalEntries=0) for __transaction_state-14 on become-follower transition (kafka.coordinator.transaction.TransactionStateManager)
stream-state-bench-kafka  | [2026-07-16 06:30:06,727] INFO [TransactionCoordinator id=1] Resigned as the txn coordinator for partition 47 at epoch Some(1) (kafka.coordinator.transaction.TransactionCoordinator)
stream-state-bench-kafka  | [2026-07-16 06:30:06,727] INFO [Transaction State Manager 1]: Unloaded transaction metadata TxnMetadataCacheEntry(coordinatorEpoch=0, numTransactionalEntries=0) for __transaction_state-47 on become-follower transition (kafka.coordinator.transaction.TransactionStateManager)
stream-state-bench-kafka  | [2026-07-16 06:30:06,727] INFO [TransactionCoordinator id=1] Resigned as the txn coordinator for partition 2 at epoch Some(1) (kafka.coordinator.transaction.TransactionCoordinator)
stream-state-bench-kafka  | [2026-07-16 06:30:06,727] INFO [Transaction State Manager 1]: Unloaded transaction metadata TxnMetadataCacheEntry(coordinatorEpoch=0, numTransactionalEntries=0) for __transaction_state-2 on become-follower transition (kafka.coordinator.transaction.TransactionStateManager)
stream-state-bench-kafka  | [2026-07-16 06:30:06,727] INFO [TransactionCoordinator id=1] Resigned as the txn coordinator for partition 35 at epoch Some(1) (kafka.coordinator.transaction.TransactionCoordinator)
stream-state-bench-kafka  | [2026-07-16 06:30:06,727] INFO [Transaction State Manager 1]: Unloaded transaction metadata TxnMetadataCacheEntry(coordinatorEpoch=0, numTransactionalEntries=0) for __transaction_state-35 on become-follower transition (kafka.coordinator.transaction.TransactionStateManager)
stream-state-bench-kafka  | [2026-07-16 06:30:06,727] INFO [TransactionCoordinator id=1] Resigned as the txn coordinator for partition 6 at epoch Some(1) (kafka.coordinator.transaction.TransactionCoordinator)
stream-state-bench-kafka  | [2026-07-16 06:30:06,727] INFO [Transaction State Manager 1]: Unloaded transaction metadata TxnMetadataCacheEntry(coordinatorEpoch=0, numTransactionalEntries=0) for __transaction_state-6 on become-follower transition (kafka.coordinator.transaction.TransactionStateManager)
stream-state-bench-kafka  | [2026-07-16 06:30:06,727] INFO [TransactionCoordinator id=1] Resigned as the txn coordinator for partition 39 at epoch Some(1) (kafka.coordinator.transaction.TransactionCoordinator)
stream-state-bench-kafka  | [2026-07-16 06:30:06,727] INFO [Transaction State Manager 1]: Unloaded transaction metadata TxnMetadataCacheEntry(coordinatorEpoch=0, numTransactionalEntries=0) for __transaction_state-39 on become-follower transition (kafka.coordinator.transaction.TransactionStateManager)
stream-state-bench-kafka  | [2026-07-16 06:30:06,727] INFO [TransactionCoordinator id=1] Resigned as the txn coordinator for partition 27 at epoch Some(1) (kafka.coordinator.transaction.TransactionCoordinator)
stream-state-bench-kafka  | [2026-07-16 06:30:06,727] INFO [Transaction State Manager 1]: Unloaded transaction metadata TxnMetadataCacheEntry(coordinatorEpoch=0, numTransactionalEntries=0) for __transaction_state-27 on become-follower transition (kafka.coordinator.transaction.TransactionStateManager)
stream-state-bench-kafka  | [2026-07-16 06:30:06,727] INFO [TransactionCoordinator id=1] Resigned as the txn coordinator for partition 31 at epoch Some(1) (kafka.coordinator.transaction.TransactionCoordinator)
stream-state-bench-kafka  | [2026-07-16 06:30:06,727] INFO [Transaction State Manager 1]: Unloaded transaction metadata TxnMetadataCacheEntry(coordinatorEpoch=0, numTransactionalEntries=0) for __transaction_state-31 on become-follower transition (kafka.coordinator.transaction.TransactionStateManager)
stream-state-bench-kafka  | [2026-07-16 06:30:06,727] INFO [TransactionCoordinator id=1] Resigned as the txn coordinator for partition 19 at epoch Some(1) (kafka.coordinator.transaction.TransactionCoordinator)
stream-state-bench-kafka  | [2026-07-16 06:30:06,727] INFO [Transaction State Manager 1]: Unloaded transaction metadata TxnMetadataCacheEntry(coordinatorEpoch=0, numTransactionalEntries=0) for __transaction_state-19 on become-follower transition (kafka.coordinator.transaction.TransactionStateManager)
stream-state-bench-kafka  | [2026-07-16 06:30:06,727] INFO [TransactionCoordinator id=1] Resigned as the txn coordinator for partition 23 at epoch Some(1) (kafka.coordinator.transaction.TransactionCoordinator)
stream-state-bench-kafka  | [2026-07-16 06:30:06,727] INFO [Transaction State Manager 1]: Unloaded transaction metadata TxnMetadataCacheEntry(coordinatorEpoch=0, numTransactionalEntries=0) for __transaction_state-23 on become-follower transition (kafka.coordinator.transaction.TransactionStateManager)
stream-state-bench-kafka  | [2026-07-16 06:30:06,756] INFO [BrokerLifecycleManager id=1] The controller has asked us to exit controlled shutdown. (org.apache.kafka.server.BrokerLifecycleManager)
stream-state-bench-kafka  | [2026-07-16 06:30:06,756] INFO [BrokerLifecycleManager id=1] beginShutdown: shutting down event queue. (org.apache.kafka.queue.KafkaEventQueue)
stream-state-bench-kafka  | [2026-07-16 06:30:06,756] INFO [BrokerLifecycleManager id=1] Transitioning from PENDING_CONTROLLED_SHUTDOWN to SHUTTING_DOWN. (org.apache.kafka.server.BrokerLifecycleManager)
stream-state-bench-kafka  | [2026-07-16 06:30:06,756] INFO [broker-1-to-controller-heartbeat-channel-manager]: Shutting down (org.apache.kafka.server.NodeToControllerRequestThread)
stream-state-bench-kafka  | [2026-07-16 06:30:06,757] INFO [broker-1-to-controller-heartbeat-channel-manager]: Shutdown completed (org.apache.kafka.server.NodeToControllerRequestThread)
stream-state-bench-kafka  | [2026-07-16 06:30:06,757] INFO [broker-1-to-controller-heartbeat-channel-manager]: Stopped (org.apache.kafka.server.NodeToControllerRequestThread)
stream-state-bench-kafka  | [2026-07-16 06:30:06,757] INFO [SocketServer listenerType=BROKER, nodeId=1] Stopping socket server request processors (kafka.network.SocketServer)
stream-state-bench-kafka  | [2026-07-16 06:30:06,760] INFO [TransactionCoordinator id=1] Node 1 disconnected. (org.apache.kafka.clients.NetworkClient)
stream-state-bench-kafka  | [2026-07-16 06:30:06,760] INFO [AddPartitionsToTxnManager broker=1]Node 1 disconnected. (org.apache.kafka.clients.NetworkClient)
stream-state-bench-kafka  | [2026-07-16 06:30:06,762] INFO Node to controller channel manager for heartbeat shutdown (org.apache.kafka.server.NodeToControllerChannelManagerImpl)
stream-state-bench-kafka  | [2026-07-16 06:30:06,763] INFO [SocketServer listenerType=BROKER, nodeId=1] Stopped socket server request processors (kafka.network.SocketServer)
stream-state-bench-kafka  | [2026-07-16 06:30:06,764] INFO [data-plane Kafka Request Handler on Broker 1] shutting down (kafka.server.KafkaRequestHandlerPool)
stream-state-bench-kafka  | [2026-07-16 06:30:06,766] INFO [data-plane Kafka Request Handler on Broker 1] shut down completely (kafka.server.KafkaRequestHandlerPool)
stream-state-bench-kafka  | [2026-07-16 06:30:06,766] INFO [ExpirationReaper-1-AlterAcls]: Shutting down (org.apache.kafka.server.purgatory.DelayedOperationPurgatory$ExpiredOperationReaper)
stream-state-bench-kafka  | [2026-07-16 06:30:06,767] INFO [ExpirationReaper-1-AlterAcls]: Shutdown completed (org.apache.kafka.server.purgatory.DelayedOperationPurgatory$ExpiredOperationReaper)
stream-state-bench-kafka  | [2026-07-16 06:30:06,767] INFO [ExpirationReaper-1-AlterAcls]: Stopped (org.apache.kafka.server.purgatory.DelayedOperationPurgatory$ExpiredOperationReaper)
stream-state-bench-kafka  | [2026-07-16 06:30:06,767] INFO [KafkaApi-1] Shutdown complete. (kafka.server.KafkaApis)
stream-state-bench-kafka  | [2026-07-16 06:30:06,768] INFO [TransactionCoordinator id=1] Shutting down. (kafka.coordinator.transaction.TransactionCoordinator)
stream-state-bench-kafka  | [2026-07-16 06:30:06,769] INFO [Transaction State Manager 1]: Shutdown complete (kafka.coordinator.transaction.TransactionStateManager)
stream-state-bench-kafka  | [2026-07-16 06:30:06,769] INFO [TxnMarkerSenderThread-1]: Shutting down (kafka.coordinator.transaction.TransactionMarkerChannelManager)
stream-state-bench-kafka  | [2026-07-16 06:30:06,769] INFO [TxnMarkerSenderThread-1]: Shutdown completed (kafka.coordinator.transaction.TransactionMarkerChannelManager)
stream-state-bench-kafka  | [2026-07-16 06:30:06,769] INFO [TxnMarkerSenderThread-1]: Stopped (kafka.coordinator.transaction.TransactionMarkerChannelManager)
stream-state-bench-kafka  | [2026-07-16 06:30:06,770] INFO [TransactionCoordinator id=1] Shutdown complete. (kafka.coordinator.transaction.TransactionCoordinator)
stream-state-bench-kafka  | [2026-07-16 06:30:06,770] INFO [GroupCoordinator id=1] Shutting down. (org.apache.kafka.coordinator.group.GroupCoordinatorService)
stream-state-bench-kafka  | [2026-07-16 06:30:06,770] INFO [GroupCoordinator id=1] Closing coordinator runtime. (org.apache.kafka.coordinator.common.runtime.CoordinatorRuntime)
stream-state-bench-kafka  | [2026-07-16 06:30:06,770] INFO [group-coordinator-reaper]: Shutting down (org.apache.kafka.server.util.timer.SystemTimerReaper$Reaper)
stream-state-bench-kafka  | [2026-07-16 06:30:06,770] INFO [group-coordinator-reaper]: Shutdown completed (org.apache.kafka.server.util.timer.SystemTimerReaper$Reaper)
stream-state-bench-kafka  | [2026-07-16 06:30:06,770] INFO [group-coordinator-reaper]: Stopped (org.apache.kafka.server.util.timer.SystemTimerReaper$Reaper)
stream-state-bench-kafka  | [2026-07-16 06:30:06,770] INFO [GroupCoordinator id=1] Shutting down event processor. (org.apache.kafka.coordinator.common.runtime.MultiThreadedEventProcessor)
stream-state-bench-kafka  | [2026-07-16 06:30:06,770] INFO [group-coordinator-event-processor-3]: Shutting down. Draining the remaining events. (org.apache.kafka.coordinator.common.runtime.MultiThreadedEventProcessor$EventProcessorThread)
stream-state-bench-kafka  | [2026-07-16 06:30:06,770] INFO [group-coordinator-event-processor-3]: Shutdown completed (org.apache.kafka.coordinator.common.runtime.MultiThreadedEventProcessor$EventProcessorThread)
stream-state-bench-kafka  | [2026-07-16 06:30:06,770] INFO [group-coordinator-event-processor-1]: Shutting down. Draining the remaining events. (org.apache.kafka.coordinator.common.runtime.MultiThreadedEventProcessor$EventProcessorThread)
stream-state-bench-kafka  | [2026-07-16 06:30:06,771] INFO [group-coordinator-event-processor-0]: Shutting down. Draining the remaining events. (org.apache.kafka.coordinator.common.runtime.MultiThreadedEventProcessor$EventProcessorThread)
stream-state-bench-kafka  | [2026-07-16 06:30:06,771] INFO [group-coordinator-event-processor-2]: Shutting down. Draining the remaining events. (org.apache.kafka.coordinator.common.runtime.MultiThreadedEventProcessor$EventProcessorThread)
stream-state-bench-kafka  | [2026-07-16 06:30:06,771] INFO [group-coordinator-event-processor-0]: Shutdown completed (org.apache.kafka.coordinator.common.runtime.MultiThreadedEventProcessor$EventProcessorThread)
stream-state-bench-kafka  | [2026-07-16 06:30:06,771] INFO [group-coordinator-event-processor-1]: Shutdown completed (org.apache.kafka.coordinator.common.runtime.MultiThreadedEventProcessor$EventProcessorThread)
stream-state-bench-kafka  | [2026-07-16 06:30:06,771] INFO [group-coordinator-event-processor-2]: Shutdown completed (org.apache.kafka.coordinator.common.runtime.MultiThreadedEventProcessor$EventProcessorThread)
stream-state-bench-kafka  | [2026-07-16 06:30:06,771] INFO [GroupCoordinator id=1] Event processor closed. (org.apache.kafka.coordinator.common.runtime.MultiThreadedEventProcessor)
stream-state-bench-kafka  | [2026-07-16 06:30:06,771] INFO [GroupCoordinator id=1] Coordinator runtime closed. (org.apache.kafka.coordinator.common.runtime.CoordinatorRuntime)
stream-state-bench-kafka  | [2026-07-16 06:30:06,772] INFO [GroupCoordinator id=1] Shutdown complete. (org.apache.kafka.coordinator.group.GroupCoordinatorService)
stream-state-bench-kafka  | [2026-07-16 06:30:06,772] INFO [network-partition-metadata-client-reaper]: Shutting down (org.apache.kafka.server.util.timer.SystemTimerReaper$Reaper)
stream-state-bench-kafka  | [2026-07-16 06:30:06,772] INFO [network-partition-metadata-client-reaper]: Shutdown completed (org.apache.kafka.server.util.timer.SystemTimerReaper$Reaper)
stream-state-bench-kafka  | [2026-07-16 06:30:06,772] INFO [network-partition-metadata-client-reaper]: Stopped (org.apache.kafka.server.util.timer.SystemTimerReaper$Reaper)
stream-state-bench-kafka  | [2026-07-16 06:30:06,772] INFO [ShareCoordinator id=1] Shutting down. (org.apache.kafka.coordinator.share.ShareCoordinatorService)
stream-state-bench-kafka  | [2026-07-16 06:30:06,772] INFO [ShareCoordinator id=1] Closing coordinator runtime. (org.apache.kafka.coordinator.common.runtime.CoordinatorRuntime)
stream-state-bench-kafka  | [2026-07-16 06:30:06,772] INFO [share-coordinator-reaper]: Shutting down (org.apache.kafka.server.util.timer.SystemTimerReaper$Reaper)
stream-state-bench-kafka  | [2026-07-16 06:30:06,772] INFO [share-coordinator-reaper]: Shutdown completed (org.apache.kafka.server.util.timer.SystemTimerReaper$Reaper)
stream-state-bench-kafka  | [2026-07-16 06:30:06,772] INFO [share-coordinator-reaper]: Stopped (org.apache.kafka.server.util.timer.SystemTimerReaper$Reaper)
stream-state-bench-kafka  | [2026-07-16 06:30:06,772] INFO [ShareCoordinator id=1] Shutting down event processor. (org.apache.kafka.coordinator.common.runtime.MultiThreadedEventProcessor)
stream-state-bench-kafka  | [2026-07-16 06:30:06,772] INFO [share-coordinator-event-processor-0]: Shutting down. Draining the remaining events. (org.apache.kafka.coordinator.common.runtime.MultiThreadedEventProcessor$EventProcessorThread)
stream-state-bench-kafka  | [2026-07-16 06:30:06,772] INFO [share-coordinator-event-processor-0]: Shutdown completed (org.apache.kafka.coordinator.common.runtime.MultiThreadedEventProcessor$EventProcessorThread)
stream-state-bench-kafka  | [2026-07-16 06:30:06,772] INFO [ShareCoordinator id=1] Event processor closed. (org.apache.kafka.coordinator.common.runtime.MultiThreadedEventProcessor)
stream-state-bench-kafka  | [2026-07-16 06:30:06,773] INFO [ShareCoordinator id=1] Coordinator runtime closed. (org.apache.kafka.coordinator.common.runtime.CoordinatorRuntime)
stream-state-bench-kafka  | [2026-07-16 06:30:06,773] INFO [ShareCoordinator id=1] Shutdown complete. (org.apache.kafka.coordinator.share.ShareCoordinatorService)
stream-state-bench-kafka  | [2026-07-16 06:30:06,773] INFO [AssignmentsManager id=1]KafkaEventQueue#close: shutting down event queue. (org.apache.kafka.queue.KafkaEventQueue)
stream-state-bench-kafka  | [2026-07-16 06:30:06,773] INFO [AssignmentsManager id=1] shutting down. (org.apache.kafka.server.AssignmentsManager)
stream-state-bench-kafka  | [2026-07-16 06:30:06,773] INFO [broker-1-to-controller-directory-assignments-channel-manager]: Shutting down (org.apache.kafka.server.NodeToControllerRequestThread)
stream-state-bench-kafka  | [2026-07-16 06:30:06,773] INFO [broker-1-to-controller-directory-assignments-channel-manager]: Shutdown completed (org.apache.kafka.server.NodeToControllerRequestThread)
stream-state-bench-kafka  | [2026-07-16 06:30:06,773] INFO [broker-1-to-controller-directory-assignments-channel-manager]: Stopped (org.apache.kafka.server.NodeToControllerRequestThread)
stream-state-bench-kafka  | [2026-07-16 06:30:06,773] INFO Node to controller channel manager for directory-assignments shutdown (org.apache.kafka.server.NodeToControllerChannelManagerImpl)
stream-state-bench-kafka  | [2026-07-16 06:30:06,773] INFO [AssignmentsManager id=1]closed event queue. (org.apache.kafka.queue.KafkaEventQueue)
stream-state-bench-kafka  | [2026-07-16 06:30:06,774] INFO [ReplicaManager broker=1] Shutting down (kafka.server.ReplicaManager)
stream-state-bench-kafka  | [2026-07-16 06:30:06,774] INFO [LogDirFailureHandler]: Shutting down (kafka.server.ReplicaManager$LogDirFailureHandler)
stream-state-bench-kafka  | [2026-07-16 06:30:06,774] INFO [LogDirFailureHandler]: Shutdown completed (kafka.server.ReplicaManager$LogDirFailureHandler)
stream-state-bench-kafka  | [2026-07-16 06:30:06,774] INFO [LogDirFailureHandler]: Stopped (kafka.server.ReplicaManager$LogDirFailureHandler)
stream-state-bench-kafka  | [2026-07-16 06:30:06,774] INFO [ReplicaFetcherManager on broker 1] shutting down (kafka.server.ReplicaFetcherManager)
stream-state-bench-kafka  | [2026-07-16 06:30:06,775] INFO [ReplicaFetcherManager on broker 1] shutdown completed (kafka.server.ReplicaFetcherManager)
stream-state-bench-kafka  | [2026-07-16 06:30:06,775] INFO [ReplicaAlterLogDirsManager on broker 1] shutting down (kafka.server.ReplicaAlterLogDirsManager)
stream-state-bench-kafka  | [2026-07-16 06:30:06,775] INFO [ReplicaAlterLogDirsManager on broker 1] shutdown completed (kafka.server.ReplicaAlterLogDirsManager)
stream-state-bench-kafka  | [2026-07-16 06:30:06,775] INFO [ExpirationReaper-1-Fetch]: Shutting down (org.apache.kafka.server.purgatory.DelayedOperationPurgatory$ExpiredOperationReaper)
stream-state-bench-kafka  | [2026-07-16 06:30:06,775] INFO [ExpirationReaper-1-Fetch]: Shutdown completed (org.apache.kafka.server.purgatory.DelayedOperationPurgatory$ExpiredOperationReaper)
stream-state-bench-kafka  | [2026-07-16 06:30:06,775] INFO [ExpirationReaper-1-Fetch]: Stopped (org.apache.kafka.server.purgatory.DelayedOperationPurgatory$ExpiredOperationReaper)
stream-state-bench-kafka  | [2026-07-16 06:30:06,775] INFO [ExpirationReaper-1-RemoteFetch]: Shutting down (org.apache.kafka.server.purgatory.DelayedOperationPurgatory$ExpiredOperationReaper)
stream-state-bench-kafka  | [2026-07-16 06:30:06,775] INFO [ExpirationReaper-1-RemoteFetch]: Stopped (org.apache.kafka.server.purgatory.DelayedOperationPurgatory$ExpiredOperationReaper)
stream-state-bench-kafka  | [2026-07-16 06:30:06,775] INFO [ExpirationReaper-1-RemoteFetch]: Shutdown completed (org.apache.kafka.server.purgatory.DelayedOperationPurgatory$ExpiredOperationReaper)
stream-state-bench-kafka  | [2026-07-16 06:30:06,775] INFO [ExpirationReaper-1-RemoteListOffsets]: Shutting down (org.apache.kafka.server.purgatory.DelayedOperationPurgatory$ExpiredOperationReaper)
stream-state-bench-kafka  | [2026-07-16 06:30:06,776] INFO [ExpirationReaper-1-RemoteListOffsets]: Stopped (org.apache.kafka.server.purgatory.DelayedOperationPurgatory$ExpiredOperationReaper)
stream-state-bench-kafka  | [2026-07-16 06:30:06,776] INFO [ExpirationReaper-1-RemoteListOffsets]: Shutdown completed (org.apache.kafka.server.purgatory.DelayedOperationPurgatory$ExpiredOperationReaper)
stream-state-bench-kafka  | [2026-07-16 06:30:06,776] INFO [ExpirationReaper-1-Produce]: Shutting down (org.apache.kafka.server.purgatory.DelayedOperationPurgatory$ExpiredOperationReaper)
stream-state-bench-kafka  | [2026-07-16 06:30:06,776] INFO [ExpirationReaper-1-Produce]: Stopped (org.apache.kafka.server.purgatory.DelayedOperationPurgatory$ExpiredOperationReaper)
stream-state-bench-kafka  | [2026-07-16 06:30:06,776] INFO [ExpirationReaper-1-Produce]: Shutdown completed (org.apache.kafka.server.purgatory.DelayedOperationPurgatory$ExpiredOperationReaper)
stream-state-bench-kafka  | [2026-07-16 06:30:06,776] INFO [ExpirationReaper-1-DeleteRecords]: Shutting down (org.apache.kafka.server.purgatory.DelayedOperationPurgatory$ExpiredOperationReaper)
stream-state-bench-kafka  | [2026-07-16 06:30:06,776] INFO [ExpirationReaper-1-DeleteRecords]: Stopped (org.apache.kafka.server.purgatory.DelayedOperationPurgatory$ExpiredOperationReaper)
stream-state-bench-kafka  | [2026-07-16 06:30:06,776] INFO [ExpirationReaper-1-DeleteRecords]: Shutdown completed (org.apache.kafka.server.purgatory.DelayedOperationPurgatory$ExpiredOperationReaper)
stream-state-bench-kafka  | [2026-07-16 06:30:06,776] INFO [ExpirationReaper-1-ShareFetch]: Shutting down (org.apache.kafka.server.purgatory.DelayedOperationPurgatory$ExpiredOperationReaper)
stream-state-bench-kafka  | [2026-07-16 06:30:06,776] INFO [ExpirationReaper-1-ShareFetch]: Stopped (org.apache.kafka.server.purgatory.DelayedOperationPurgatory$ExpiredOperationReaper)
stream-state-bench-kafka  | [2026-07-16 06:30:06,776] INFO [ExpirationReaper-1-ShareFetch]: Shutdown completed (org.apache.kafka.server.purgatory.DelayedOperationPurgatory$ExpiredOperationReaper)
stream-state-bench-kafka  | [2026-07-16 06:30:06,780] INFO [AddPartitionsToTxnSenderThread-1]: Shutting down (org.apache.kafka.server.transaction.AddPartitionsToTxnManager)
stream-state-bench-kafka  | [2026-07-16 06:30:06,780] INFO [AddPartitionsToTxnSenderThread-1]: Stopped (org.apache.kafka.server.transaction.AddPartitionsToTxnManager)
stream-state-bench-kafka  | [2026-07-16 06:30:06,780] INFO [AddPartitionsToTxnSenderThread-1]: Shutdown completed (org.apache.kafka.server.transaction.AddPartitionsToTxnManager)
stream-state-bench-kafka  | [2026-07-16 06:30:06,780] INFO [ReplicaManager broker=1] Shut down completely (kafka.server.ReplicaManager)
stream-state-bench-kafka  | [2026-07-16 06:30:06,780] INFO [broker-1-to-controller-alter-partition-channel-manager]: Shutting down (org.apache.kafka.server.NodeToControllerRequestThread)
stream-state-bench-kafka  | [2026-07-16 06:30:06,780] INFO [broker-1-to-controller-alter-partition-channel-manager]: Shutdown completed (org.apache.kafka.server.NodeToControllerRequestThread)
stream-state-bench-kafka  | [2026-07-16 06:30:06,780] INFO [broker-1-to-controller-alter-partition-channel-manager]: Stopped (org.apache.kafka.server.NodeToControllerRequestThread)
stream-state-bench-kafka  | [2026-07-16 06:30:06,780] INFO Node to controller channel manager for alter-partition shutdown (org.apache.kafka.server.NodeToControllerChannelManagerImpl)
stream-state-bench-kafka  | [2026-07-16 06:30:06,780] INFO [broker-1-to-controller-forwarding-channel-manager]: Shutting down (org.apache.kafka.server.NodeToControllerRequestThread)
stream-state-bench-kafka  | [2026-07-16 06:30:06,780] INFO [broker-1-to-controller-forwarding-channel-manager]: Shutdown completed (org.apache.kafka.server.NodeToControllerRequestThread)
stream-state-bench-kafka  | [2026-07-16 06:30:06,780] INFO [broker-1-to-controller-forwarding-channel-manager]: Stopped (org.apache.kafka.server.NodeToControllerRequestThread)
stream-state-bench-kafka  | [2026-07-16 06:30:06,781] INFO Node to controller channel manager for forwarding shutdown (org.apache.kafka.server.NodeToControllerChannelManagerImpl)
stream-state-bench-kafka  | [2026-07-16 06:30:06,781] INFO Shutting down. (kafka.log.LogManager)
stream-state-bench-kafka  | [2026-07-16 06:30:06,791] INFO [ProducerStateManager partition=__consumer_offsets-32] Wrote producer snapshot at offset 3 with 0 producer ids in 2 ms. (org.apache.kafka.storage.internals.log.ProducerStateManager)
stream-state-bench-kafka  | [2026-07-16 06:30:06,800] INFO [ProducerStateManager partition=__consumer_offsets-12] Wrote producer snapshot at offset 3 with 0 producer ids in 1 ms. (org.apache.kafka.storage.internals.log.ProducerStateManager)
stream-state-bench-kafka  | [2026-07-16 06:30:06,801] INFO [ProducerStateManager partition=bench-identity-latency-output-0] Wrote producer snapshot at offset 737 with 1 producer ids in 2 ms. (org.apache.kafka.storage.internals.log.ProducerStateManager)
stream-state-bench-kafka  | [2026-07-16 06:30:06,852] INFO [ProducerStateManager partition=bench-identity-latency-input-0] Wrote producer snapshot at offset 707 with 1 producer ids in 1 ms. (org.apache.kafka.storage.internals.log.ProducerStateManager)
stream-state-bench-kafka  | [2026-07-16 06:30:06,853] INFO [ProducerStateManager partition=__transaction_state-46] Wrote producer snapshot at offset 122 with 0 producer ids in 1 ms. (org.apache.kafka.storage.internals.log.ProducerStateManager)
stream-state-bench-kafka  | [2026-07-16 06:30:06,855] INFO [ProducerStateManager partition=__consumer_offsets-44] Wrote producer snapshot at offset 62 with 1 producer ids in 2 ms. (org.apache.kafka.storage.internals.log.ProducerStateManager)
stream-state-bench-kafka  | [2026-07-16 06:30:06,866] INFO [ProducerStateManager partition=__consumer_offsets-22] Wrote producer snapshot at offset 4 with 0 producer ids in 2 ms. (org.apache.kafka.storage.internals.log.ProducerStateManager)
stream-state-bench-kafka  | [2026-07-16 06:30:06,898] INFO Shutdown complete. (kafka.log.LogManager)
stream-state-bench-kafka  | [2026-07-16 06:30:06,898] INFO [broker-1-ThrottledChannelReaper-Fetch]: Shutting down (org.apache.kafka.server.quota.ClientQuotaManager$ThrottledChannelReaper)
stream-state-bench-kafka  | [2026-07-16 06:30:06,899] INFO [broker-1-ThrottledChannelReaper-Fetch]: Shutdown completed (org.apache.kafka.server.quota.ClientQuotaManager$ThrottledChannelReaper)
stream-state-bench-kafka  | [2026-07-16 06:30:06,899] INFO [broker-1-ThrottledChannelReaper-Fetch]: Stopped (org.apache.kafka.server.quota.ClientQuotaManager$ThrottledChannelReaper)
stream-state-bench-kafka  | [2026-07-16 06:30:06,899] INFO [broker-1-ThrottledChannelReaper-Produce]: Shutting down (org.apache.kafka.server.quota.ClientQuotaManager$ThrottledChannelReaper)
stream-state-bench-kafka  | [2026-07-16 06:30:06,899] INFO [broker-1-ThrottledChannelReaper-Produce]: Shutdown completed (org.apache.kafka.server.quota.ClientQuotaManager$ThrottledChannelReaper)
stream-state-bench-kafka  | [2026-07-16 06:30:06,899] INFO [broker-1-ThrottledChannelReaper-Produce]: Stopped (org.apache.kafka.server.quota.ClientQuotaManager$ThrottledChannelReaper)
stream-state-bench-kafka  | [2026-07-16 06:30:06,899] INFO [broker-1-ThrottledChannelReaper-Request]: Shutting down (org.apache.kafka.server.quota.ClientQuotaManager$ThrottledChannelReaper)
stream-state-bench-kafka  | [2026-07-16 06:30:06,899] INFO [broker-1-ThrottledChannelReaper-Request]: Shutdown completed (org.apache.kafka.server.quota.ClientQuotaManager$ThrottledChannelReaper)
stream-state-bench-kafka  | [2026-07-16 06:30:06,899] INFO [broker-1-ThrottledChannelReaper-Request]: Stopped (org.apache.kafka.server.quota.ClientQuotaManager$ThrottledChannelReaper)
stream-state-bench-kafka  | [2026-07-16 06:30:06,899] INFO [broker-1-ThrottledChannelReaper-ControllerMutation]: Shutting down (org.apache.kafka.server.quota.ClientQuotaManager$ThrottledChannelReaper)
stream-state-bench-kafka  | [2026-07-16 06:30:06,899] INFO [broker-1-ThrottledChannelReaper-ControllerMutation]: Stopped (org.apache.kafka.server.quota.ClientQuotaManager$ThrottledChannelReaper)
stream-state-bench-kafka  | [2026-07-16 06:30:06,899] INFO [broker-1-ThrottledChannelReaper-ControllerMutation]: Shutdown completed (org.apache.kafka.server.quota.ClientQuotaManager$ThrottledChannelReaper)
stream-state-bench-kafka  | [2026-07-16 06:30:06,899] INFO [SocketServer listenerType=BROKER, nodeId=1] Shutting down socket server (kafka.network.SocketServer)
stream-state-bench-kafka  | [2026-07-16 06:30:06,909] INFO [SocketServer listenerType=BROKER, nodeId=1] Shutdown completed (kafka.network.SocketServer)
stream-state-bench-kafka  | [2026-07-16 06:30:06,909] INFO Broker and topic stats closed (org.apache.kafka.storage.log.metrics.BrokerTopicStats)
stream-state-bench-kafka  | [2026-07-16 06:30:06,909] INFO [share-group-lock-timeout-reaper]: Shutting down (org.apache.kafka.server.util.timer.SystemTimerReaper$Reaper)
stream-state-bench-kafka  | [2026-07-16 06:30:06,910] INFO [share-group-lock-timeout-reaper]: Stopped (org.apache.kafka.server.util.timer.SystemTimerReaper$Reaper)
stream-state-bench-kafka  | [2026-07-16 06:30:06,910] INFO [share-group-lock-timeout-reaper]: Shutdown completed (org.apache.kafka.server.util.timer.SystemTimerReaper$Reaper)
stream-state-bench-kafka  | [2026-07-16 06:30:06,910] INFO [PersisterStateManager]: Shutting down (org.apache.kafka.server.share.persister.PersisterStateManager$SendThread)
stream-state-bench-kafka  | [2026-07-16 06:30:06,910] INFO [PersisterStateManager]: Shutdown completed (org.apache.kafka.server.share.persister.PersisterStateManager$SendThread)
stream-state-bench-kafka  | [2026-07-16 06:30:06,910] INFO [PersisterStateManager]: Stopped (org.apache.kafka.server.share.persister.PersisterStateManager$SendThread)
stream-state-bench-kafka  | [2026-07-16 06:30:06,910] INFO [persister-state-manager-reaper]: Shutting down (org.apache.kafka.server.util.timer.SystemTimerReaper$Reaper)
stream-state-bench-kafka  | [2026-07-16 06:30:06,910] INFO [persister-state-manager-reaper]: Stopped (org.apache.kafka.server.util.timer.SystemTimerReaper$Reaper)
stream-state-bench-kafka  | [2026-07-16 06:30:06,910] INFO [persister-state-manager-reaper]: Shutdown completed (org.apache.kafka.server.util.timer.SystemTimerReaper$Reaper)
stream-state-bench-kafka  | [2026-07-16 06:30:06,911] INFO [BrokerLifecycleManager id=1] closed event queue. (org.apache.kafka.queue.KafkaEventQueue)
stream-state-bench-kafka  | [2026-07-16 06:30:06,911] INFO [client-metrics-reaper]: Shutting down (org.apache.kafka.server.util.timer.SystemTimerReaper$Reaper)
stream-state-bench-kafka  | [2026-07-16 06:30:06,911] INFO [client-metrics-reaper]: Shutdown completed (org.apache.kafka.server.util.timer.SystemTimerReaper$Reaper)
stream-state-bench-kafka  | [2026-07-16 06:30:06,911] INFO [client-metrics-reaper]: Stopped (org.apache.kafka.server.util.timer.SystemTimerReaper$Reaper)
stream-state-bench-kafka  | [2026-07-16 06:30:06,911] INFO [BrokerServer id=1] shut down completed (kafka.server.BrokerServer)
stream-state-bench-kafka  | [2026-07-16 06:30:06,911] INFO [BrokerServer id=1] Transition from SHUTTING_DOWN to SHUTDOWN (kafka.server.BrokerServer)
stream-state-bench-kafka  | [2026-07-16 06:30:06,912] INFO [ControllerServer id=1] shutting down (kafka.server.ControllerServer)
stream-state-bench-kafka  | [2026-07-16 06:30:06,912] INFO [raft-expiration-reaper]: Shutting down (org.apache.kafka.raft.TimingWheelExpirationService$ExpiredOperationReaper)
stream-state-bench-kafka  | [2026-07-16 06:30:06,932] INFO [raft-expiration-reaper]: Shutdown completed (org.apache.kafka.raft.TimingWheelExpirationService$ExpiredOperationReaper)
stream-state-bench-kafka  | [2026-07-16 06:30:06,932] INFO [raft-expiration-reaper]: Stopped (org.apache.kafka.raft.TimingWheelExpirationService$ExpiredOperationReaper)
stream-state-bench-kafka  | [2026-07-16 06:30:06,932] INFO [kafka-1-raft-io-thread]: Shutting down (org.apache.kafka.raft.KafkaRaftClientDriver)
stream-state-bench-kafka  | [2026-07-16 06:30:06,932] INFO [RaftManager id=1] Beginning graceful shutdown (org.apache.kafka.raft.KafkaRaftClient)
stream-state-bench-kafka  | [2026-07-16 06:30:06,932] INFO [RaftManager id=1] Graceful shutdown completed (org.apache.kafka.raft.KafkaRaftClient)
stream-state-bench-kafka  | [2026-07-16 06:30:06,932] INFO [RaftManager id=1] Completed graceful shutdown of RaftClient (org.apache.kafka.raft.KafkaRaftClientDriver)
stream-state-bench-kafka  | [2026-07-16 06:30:06,932] INFO [kafka-1-raft-io-thread]: Stopped (org.apache.kafka.raft.KafkaRaftClientDriver)
stream-state-bench-kafka  | [2026-07-16 06:30:06,932] INFO [kafka-1-raft-io-thread]: Shutdown completed (org.apache.kafka.raft.KafkaRaftClientDriver)
stream-state-bench-kafka  | [2026-07-16 06:30:06,933] INFO [kafka-1-raft-outbound-request-thread]: Shutting down (org.apache.kafka.raft.KafkaNetworkChannel$SendThread)
stream-state-bench-kafka  | [2026-07-16 06:30:06,933] INFO [kafka-1-raft-outbound-request-thread]: Stopped (org.apache.kafka.raft.KafkaNetworkChannel$SendThread)
stream-state-bench-kafka  | [2026-07-16 06:30:06,933] INFO [kafka-1-raft-outbound-request-thread]: Shutdown completed (org.apache.kafka.raft.KafkaNetworkChannel$SendThread)
stream-state-bench-kafka  | [2026-07-16 06:30:06,935] INFO [ProducerStateManager partition=__cluster_metadata-0] Wrote producer snapshot at offset 330 with 0 producer ids in 2 ms. (org.apache.kafka.storage.internals.log.ProducerStateManager)
stream-state-bench-kafka  | [2026-07-16 06:30:06,937] INFO [ControllerRegistrationManager id=1 incarnation=yxewINSnT_i51aHN7KgDkA] beginShutdown: shutting down event queue. (org.apache.kafka.queue.KafkaEventQueue)
stream-state-bench-kafka  | [2026-07-16 06:30:06,937] INFO [ControllerRegistrationManager id=1 incarnation=yxewINSnT_i51aHN7KgDkA] shutting down. (kafka.server.ControllerRegistrationManager)
stream-state-bench-kafka  | [2026-07-16 06:30:06,937] INFO [controller-1-to-controller-registration-channel-manager]: Shutting down (org.apache.kafka.server.NodeToControllerRequestThread)
stream-state-bench-kafka  | [2026-07-16 06:30:06,937] INFO [controller-1-to-controller-registration-channel-manager]: Shutdown completed (org.apache.kafka.server.NodeToControllerRequestThread)
stream-state-bench-kafka  | [2026-07-16 06:30:06,937] INFO [controller-1-to-controller-registration-channel-manager]: Stopped (org.apache.kafka.server.NodeToControllerRequestThread)
stream-state-bench-kafka  | [2026-07-16 06:30:06,938] INFO Node to controller channel manager for registration shutdown (org.apache.kafka.server.NodeToControllerChannelManagerImpl)
stream-state-bench-kafka  | [2026-07-16 06:30:06,938] INFO [ControllerRegistrationManager id=1 incarnation=yxewINSnT_i51aHN7KgDkA] closed event queue. (org.apache.kafka.queue.KafkaEventQueue)
stream-state-bench-kafka  | [2026-07-16 06:30:06,938] INFO [controller-1-to-controller-registration-channel-manager]: Shutdown completed (org.apache.kafka.server.NodeToControllerRequestThread)
stream-state-bench-kafka  | [2026-07-16 06:30:06,938] WARN [NodeToControllerChannelManager id=1 name=registration] Attempting to close NetworkClient that has already been closed. (org.apache.kafka.clients.NetworkClient)
stream-state-bench-kafka  | [2026-07-16 06:30:06,938] INFO Node to controller channel manager for registration shutdown (org.apache.kafka.server.NodeToControllerChannelManagerImpl)
stream-state-bench-kafka  | [2026-07-16 06:30:06,939] INFO [ControllerRegistrationManager id=1 incarnation=yxewINSnT_i51aHN7KgDkA] closed event queue. (org.apache.kafka.queue.KafkaEventQueue)
stream-state-bench-kafka  | [2026-07-16 06:30:06,939] INFO [SocketServer listenerType=CONTROLLER, nodeId=1] Stopping socket server request processors (kafka.network.SocketServer)
stream-state-bench-kafka  | [2026-07-16 06:30:06,941] INFO [SocketServer listenerType=CONTROLLER, nodeId=1] Stopped socket server request processors (kafka.network.SocketServer)
stream-state-bench-kafka  | [2026-07-16 06:30:06,942] INFO [QuorumController id=1] QuorumController#beginShutdown: shutting down event queue. (org.apache.kafka.queue.KafkaEventQueue)
stream-state-bench-kafka  | [2026-07-16 06:30:06,942] INFO [SocketServer listenerType=CONTROLLER, nodeId=1] Shutting down socket server (kafka.network.SocketServer)
stream-state-bench-kafka  | [2026-07-16 06:30:06,945] INFO [SocketServer listenerType=CONTROLLER, nodeId=1] Shutdown completed (kafka.network.SocketServer)
stream-state-bench-kafka  | [2026-07-16 06:30:06,945] INFO [data-plane Kafka Request Handler on Controller 1] shutting down (kafka.server.KafkaRequestHandlerPool)
stream-state-bench-kafka  | [2026-07-16 06:30:06,946] INFO [data-plane Kafka Request Handler on Controller 1] shut down completely (kafka.server.KafkaRequestHandlerPool)
stream-state-bench-kafka  | [2026-07-16 06:30:06,946] INFO [ExpirationReaper-1-AlterAcls]: Shutting down (org.apache.kafka.server.purgatory.DelayedOperationPurgatory$ExpiredOperationReaper)
stream-state-bench-kafka  | [2026-07-16 06:30:06,946] INFO [ExpirationReaper-1-AlterAcls]: Stopped (org.apache.kafka.server.purgatory.DelayedOperationPurgatory$ExpiredOperationReaper)
stream-state-bench-kafka  | [2026-07-16 06:30:06,946] INFO [ExpirationReaper-1-AlterAcls]: Shutdown completed (org.apache.kafka.server.purgatory.DelayedOperationPurgatory$ExpiredOperationReaper)
stream-state-bench-kafka  | [2026-07-16 06:30:06,946] INFO [controller-1-ThrottledChannelReaper-Fetch]: Shutting down (org.apache.kafka.server.quota.ClientQuotaManager$ThrottledChannelReaper)
stream-state-bench-kafka  | [2026-07-16 06:30:06,947] INFO [controller-1-ThrottledChannelReaper-Fetch]: Shutdown completed (org.apache.kafka.server.quota.ClientQuotaManager$ThrottledChannelReaper)
stream-state-bench-kafka  | [2026-07-16 06:30:06,947] INFO [controller-1-ThrottledChannelReaper-Fetch]: Stopped (org.apache.kafka.server.quota.ClientQuotaManager$ThrottledChannelReaper)
stream-state-bench-kafka  | [2026-07-16 06:30:06,947] INFO [controller-1-ThrottledChannelReaper-Produce]: Shutting down (org.apache.kafka.server.quota.ClientQuotaManager$ThrottledChannelReaper)
stream-state-bench-kafka  | [2026-07-16 06:30:06,947] INFO [controller-1-ThrottledChannelReaper-Produce]: Shutdown completed (org.apache.kafka.server.quota.ClientQuotaManager$ThrottledChannelReaper)
stream-state-bench-kafka  | [2026-07-16 06:30:06,947] INFO [controller-1-ThrottledChannelReaper-Produce]: Stopped (org.apache.kafka.server.quota.ClientQuotaManager$ThrottledChannelReaper)
stream-state-bench-kafka  | [2026-07-16 06:30:06,947] INFO [controller-1-ThrottledChannelReaper-Request]: Shutting down (org.apache.kafka.server.quota.ClientQuotaManager$ThrottledChannelReaper)
stream-state-bench-kafka  | [2026-07-16 06:30:06,947] INFO [controller-1-ThrottledChannelReaper-Request]: Shutdown completed (org.apache.kafka.server.quota.ClientQuotaManager$ThrottledChannelReaper)
stream-state-bench-kafka  | [2026-07-16 06:30:06,947] INFO [controller-1-ThrottledChannelReaper-Request]: Stopped (org.apache.kafka.server.quota.ClientQuotaManager$ThrottledChannelReaper)
stream-state-bench-kafka  | [2026-07-16 06:30:06,947] INFO [controller-1-ThrottledChannelReaper-ControllerMutation]: Shutting down (org.apache.kafka.server.quota.ClientQuotaManager$ThrottledChannelReaper)
stream-state-bench-kafka  | [2026-07-16 06:30:06,947] INFO [controller-1-ThrottledChannelReaper-ControllerMutation]: Shutdown completed (org.apache.kafka.server.quota.ClientQuotaManager$ThrottledChannelReaper)
stream-state-bench-kafka  | [2026-07-16 06:30:06,947] INFO [controller-1-ThrottledChannelReaper-ControllerMutation]: Stopped (org.apache.kafka.server.quota.ClientQuotaManager$ThrottledChannelReaper)
stream-state-bench-kafka  | [2026-07-16 06:30:06,947] INFO [QuorumController id=1] closed event queue. (org.apache.kafka.queue.KafkaEventQueue)
stream-state-bench-kafka  | [2026-07-16 06:30:06,948] INFO [SharedServer id=1] Stopping SharedServer (kafka.server.SharedServer)
stream-state-bench-kafka  | [2026-07-16 06:30:06,948] INFO [MetadataLoader id=1] beginShutdown: shutting down event queue. (org.apache.kafka.queue.KafkaEventQueue)
stream-state-bench-kafka  | [2026-07-16 06:30:06,948] INFO [SnapshotGenerator id=1] close: shutting down event queue. (org.apache.kafka.queue.KafkaEventQueue)
stream-state-bench-kafka  | [2026-07-16 06:30:06,949] INFO [SnapshotGenerator id=1] closed event queue. (org.apache.kafka.queue.KafkaEventQueue)
stream-state-bench-kafka  | [2026-07-16 06:30:06,949] INFO [MetadataLoader id=1] closed event queue. (org.apache.kafka.queue.KafkaEventQueue)
stream-state-bench-kafka  | [2026-07-16 06:30:06,949] INFO [SnapshotGenerator id=1] closed event queue. (org.apache.kafka.queue.KafkaEventQueue)
stream-state-bench-kafka  | [2026-07-16 06:30:06,950] INFO Metrics scheduler closed (org.apache.kafka.common.metrics.Metrics)
stream-state-bench-kafka  | [2026-07-16 06:30:06,950] INFO Closing reporter org.apache.kafka.common.metrics.JmxReporter (org.apache.kafka.common.metrics.Metrics)
stream-state-bench-kafka  | [2026-07-16 06:30:06,951] INFO Metrics reporters closed (org.apache.kafka.common.metrics.Metrics)
stream-state-bench-kafka  | [2026-07-16 06:30:06,951] INFO App info kafka.server for 1 unregistered (org.apache.kafka.common.utils.AppInfoParser)
stream-state-bench-kafka  | [2026-07-16 06:30:06,951] INFO App info kafka.server for 1 unregistered (org.apache.kafka.common.utils.AppInfoParser)
stream-state-bench-kafka  | ===> User
stream-state-bench-kafka  | uid=1000(appuser) gid=1000(appuser) groups=1000(appuser)
stream-state-bench-kafka  | ===> Setting default values of environment variables if not already set.
stream-state-bench-kafka  | ===> Configuring ...
stream-state-bench-kafka  | Running in KRaft mode...
stream-state-bench-kafka  | ===> Launching ... 
stream-state-bench-kafka  | ===> Using provided cluster id MkU3OEVBNTcwNTJENDM2Qk ...
stream-state-bench-kafka  | Log directory /tmp/kafka-logs is already formatted. Use --ignore-formatted to ignore this directory and format the others.
stream-state-bench-kafka  | [2026-07-16 06:30:14,498] INFO Registered `kafka:type=kafka.Log4jController` MBean (kafka.utils.Log4jControllerRegistration$)
stream-state-bench-kafka  | [2026-07-16 06:30:14,585] INFO Registered signal handlers for TERM, INT, HUP (org.apache.kafka.common.utils.LoggingSignalHandler)
stream-state-bench-kafka  | [2026-07-16 06:30:14,587] INFO [ControllerServer id=1] Starting controller (kafka.server.ControllerServer)
stream-state-bench-kafka  | [2026-07-16 06:30:14,678] INFO Updated connection-accept-rate max connection creation rate to 2147483647 (kafka.network.ConnectionQuotas)
stream-state-bench-kafka  | [2026-07-16 06:30:14,698] INFO [SocketServer listenerType=CONTROLLER, nodeId=1] Created data-plane acceptor and processors for endpoint : ListenerName(CONTROLLER) (kafka.network.SocketServer)
stream-state-bench-kafka  | [2026-07-16 06:30:14,703] INFO authorizerStart completed for endpoint CONTROLLER. Endpoint is now READY. (org.apache.kafka.server.network.EndpointReadyFutures)
stream-state-bench-kafka  | [2026-07-16 06:30:14,704] INFO [SharedServer id=1] Starting SharedServer (kafka.server.SharedServer)
stream-state-bench-kafka  | [2026-07-16 06:30:14,722] INFO [LogLoader partition=__cluster_metadata-0, dir=/tmp/kafka-logs] Recovering unflushed segment 0. 0 recovered for __cluster_metadata-0. (org.apache.kafka.storage.internals.log.LogLoader)
stream-state-bench-kafka  | [2026-07-16 06:30:14,723] INFO [LogLoader partition=__cluster_metadata-0, dir=/tmp/kafka-logs] Loading producer state till offset 0 (org.apache.kafka.storage.internals.log.UnifiedLog)
stream-state-bench-kafka  | [2026-07-16 06:30:14,723] INFO [LogLoader partition=__cluster_metadata-0, dir=/tmp/kafka-logs] Reloading from producer snapshot and rebuilding producer state from offset 0 (org.apache.kafka.storage.internals.log.UnifiedLog)
stream-state-bench-kafka  | [2026-07-16 06:30:14,724] INFO Deleted producer state snapshot /tmp/kafka-logs/__cluster_metadata-0/00000000000000000330.snapshot (org.apache.kafka.storage.internals.log.SnapshotFile)
stream-state-bench-kafka  | [2026-07-16 06:30:14,724] INFO [LogLoader partition=__cluster_metadata-0, dir=/tmp/kafka-logs] Producer state recovery took 0ms for snapshot load and 0ms for segment recovery from offset 0 (org.apache.kafka.storage.internals.log.UnifiedLog)
stream-state-bench-kafka  | [2026-07-16 06:30:14,743] INFO [ProducerStateManager partition=__cluster_metadata-0] Wrote producer snapshot at offset 330 with 0 producer ids in 2 ms. (org.apache.kafka.storage.internals.log.ProducerStateManager)
stream-state-bench-kafka  | [2026-07-16 06:30:14,747] INFO [LogLoader partition=__cluster_metadata-0, dir=/tmp/kafka-logs] Loading producer state till offset 330 (org.apache.kafka.storage.internals.log.UnifiedLog)
stream-state-bench-kafka  | [2026-07-16 06:30:14,747] INFO [LogLoader partition=__cluster_metadata-0, dir=/tmp/kafka-logs] Reloading from producer snapshot and rebuilding producer state from offset 330 (org.apache.kafka.storage.internals.log.UnifiedLog)
stream-state-bench-kafka  | [2026-07-16 06:30:14,751] INFO [ProducerStateManager partition=__cluster_metadata-0] Loading producer state from snapshot file 'SnapshotFile(offset=330, file=/tmp/kafka-logs/__cluster_metadata-0/00000000000000000330.snapshot)' (org.apache.kafka.storage.internals.log.ProducerStateManager)
stream-state-bench-kafka  | [2026-07-16 06:30:14,752] INFO [LogLoader partition=__cluster_metadata-0, dir=/tmp/kafka-logs] Producer state recovery took 4ms for snapshot load and 0ms for segment recovery from offset 330 (org.apache.kafka.storage.internals.log.UnifiedLog)
stream-state-bench-kafka  | [2026-07-16 06:30:14,757] INFO [RaftLog partition=__cluster_metadata-0] Initialized snapshots with IDs [] from /tmp/kafka-logs/__cluster_metadata-0 (org.apache.kafka.raft.internals.KafkaRaftLog)
stream-state-bench-kafka  | [2026-07-16 06:30:14,762] INFO [raft-expiration-reaper]: Starting (org.apache.kafka.raft.TimingWheelExpirationService$ExpiredOperationReaper)
stream-state-bench-kafka  | [2026-07-16 06:30:14,766] INFO [RaftManager id=1] Reading KRaft snapshot and log as part of the initialization (org.apache.kafka.raft.KafkaRaftClient)
stream-state-bench-kafka  | [2026-07-16 06:30:14,776] INFO [RaftManager id=1] Starting voters are VoterSet(voters={1=VoterNode(voterKey=ReplicaKey(id=1, directoryId=<undefined>), listeners=Endpoints(endpoints={ListenerName(CONTROLLER)=kafka/<unresolved>:9093}), supportedKRaftVersion=SupportedVersionRange[min_version:0, max_version:0])}) (org.apache.kafka.raft.KafkaRaftClient)
stream-state-bench-kafka  | [2026-07-16 06:30:14,780] INFO [RaftManager id=1] Starting request manager with static voters: [kafka:9093 (id: 1 rack: null isFenced: false)] (org.apache.kafka.raft.KafkaRaftClient)
stream-state-bench-kafka  | [2026-07-16 06:30:14,791] INFO [RaftManager id=1] Attempting durable transition to ResignedState(localId=1, epoch=1, voters=[1], electionTimeoutMs=1864, unackedVoters=[], preferredSuccessors=[]) from null (org.apache.kafka.raft.QuorumState)
stream-state-bench-kafka  | [2026-07-16 06:30:14,797] INFO [RaftManager id=1] Completed transition to ResignedState(localId=1, epoch=1, voters=[1], electionTimeoutMs=1864, unackedVoters=[], preferredSuccessors=[]) from null (org.apache.kafka.raft.QuorumState)
stream-state-bench-kafka  | [2026-07-16 06:30:14,802] INFO [RaftManager id=1] Completed transition to ProspectiveState(epoch=1, leaderId=OptionalInt[1], votedKey=Optional.empty, epochElection=EpochElection[voterStates={1=VoterState(replicaKey=ReplicaKey(id=1, directoryId=<undefined>), state=GRANTED)}], electionTimeoutMs=1970, highWatermark=Optional.empty) from ResignedState(localId=1, epoch=1, voters=[1], electionTimeoutMs=1864, unackedVoters=[], preferredSuccessors=[]) (org.apache.kafka.raft.QuorumState)
stream-state-bench-kafka  | [2026-07-16 06:30:14,803] INFO [RaftManager id=1] Attempting durable transition to CandidateState(localId=1, localDirectoryId=djIad6KYs0WMINkcxCeCZA, epoch=2, epochElection=EpochElection[voterStates={1=VoterState(replicaKey=ReplicaKey(id=1, directoryId=<undefined>), state=GRANTED)}], highWatermark=Optional.empty, electionTimeoutMs=1355) from ProspectiveState(epoch=1, leaderId=OptionalInt[1], votedKey=Optional.empty, epochElection=EpochElection[voterStates={1=VoterState(replicaKey=ReplicaKey(id=1, directoryId=<undefined>), state=GRANTED)}], electionTimeoutMs=1970, highWatermark=Optional.empty) (org.apache.kafka.raft.QuorumState)
stream-state-bench-kafka  | [2026-07-16 06:30:14,806] INFO [RaftManager id=1] Completed transition to CandidateState(localId=1, localDirectoryId=djIad6KYs0WMINkcxCeCZA, epoch=2, epochElection=EpochElection[voterStates={1=VoterState(replicaKey=ReplicaKey(id=1, directoryId=<undefined>), state=GRANTED)}], highWatermark=Optional.empty, electionTimeoutMs=1355) from ProspectiveState(epoch=1, leaderId=OptionalInt[1], votedKey=Optional.empty, epochElection=EpochElection[voterStates={1=VoterState(replicaKey=ReplicaKey(id=1, directoryId=<undefined>), state=GRANTED)}], electionTimeoutMs=1970, highWatermark=Optional.empty) (org.apache.kafka.raft.QuorumState)
stream-state-bench-kafka  | [2026-07-16 06:30:14,808] INFO [RaftManager id=1] Attempting durable transition to Leader(localVoterNode=VoterNode(voterKey=ReplicaKey(id=1, directoryId=djIad6KYs0WMINkcxCeCZA), listeners=Endpoints(endpoints={ListenerName(CONTROLLER)=kafka/<unresolved>:9093}), supportedKRaftVersion=SupportedVersionRange[min_version:0, max_version:1]), epoch=2, epochStartOffset=330, highWatermark=Optional.empty, voterStates={1=ReplicaState(replicaKey=ReplicaKey(id=1, directoryId=<undefined>), endOffset=Optional.empty, lastFetchTimestamp=-1, lastCaughtUpTimestamp=-1, hasAcknowledgedLeader=true)}) from CandidateState(localId=1, localDirectoryId=djIad6KYs0WMINkcxCeCZA, epoch=2, epochElection=EpochElection[voterStates={1=VoterState(replicaKey=ReplicaKey(id=1, directoryId=<undefined>), state=GRANTED)}], highWatermark=Optional.empty, electionTimeoutMs=1355) (org.apache.kafka.raft.QuorumState)
stream-state-bench-kafka  | [2026-07-16 06:30:14,811] INFO [RaftManager id=1] Completed transition to Leader(localVoterNode=VoterNode(voterKey=ReplicaKey(id=1, directoryId=djIad6KYs0WMINkcxCeCZA), listeners=Endpoints(endpoints={ListenerName(CONTROLLER)=kafka/<unresolved>:9093}), supportedKRaftVersion=SupportedVersionRange[min_version:0, max_version:1]), epoch=2, epochStartOffset=330, highWatermark=Optional.empty, voterStates={1=ReplicaState(replicaKey=ReplicaKey(id=1, directoryId=<undefined>), endOffset=Optional.empty, lastFetchTimestamp=-1, lastCaughtUpTimestamp=-1, hasAcknowledgedLeader=true)}) from CandidateState(localId=1, localDirectoryId=djIad6KYs0WMINkcxCeCZA, epoch=2, epochElection=EpochElection[voterStates={1=VoterState(replicaKey=ReplicaKey(id=1, directoryId=<undefined>), state=GRANTED)}], highWatermark=Optional.empty, electionTimeoutMs=1355) (org.apache.kafka.raft.QuorumState)
stream-state-bench-kafka  | [2026-07-16 06:30:14,820] INFO [kafka-1-raft-outbound-request-thread]: Starting (org.apache.kafka.raft.KafkaNetworkChannel$SendThread)
stream-state-bench-kafka  | [2026-07-16 06:30:14,820] INFO [kafka-1-raft-io-thread]: Starting (org.apache.kafka.raft.KafkaRaftClientDriver)
stream-state-bench-kafka  | [2026-07-16 06:30:14,826] INFO [RaftManager id=1] High watermark set to LogOffsetMetadata(offset=331, metadata=Optional[(segmentBaseOffset=0,relativePositionInSegment=22321)]) for the first time for epoch 2 based on indexOfHw 0 and voters [ReplicaState(replicaKey=ReplicaKey(id=1, directoryId=<undefined>), endOffset=Optional[LogOffsetMetadata(offset=331, metadata=Optional[(segmentBaseOffset=0,relativePositionInSegment=22321)])], lastFetchTimestamp=-1, lastCaughtUpTimestamp=-1, hasAcknowledgedLeader=true)] (org.apache.kafka.raft.LeaderState)
stream-state-bench-kafka  | [2026-07-16 06:30:14,826] INFO [MetadataLoader id=1] initializeNewPublishers: The loader is still catching up because we have loaded up to offset -1, but the high water mark is 331 (org.apache.kafka.image.loader.MetadataLoader)
stream-state-bench-kafka  | [2026-07-16 06:30:14,827] INFO [ControllerServer id=1] Waiting for controller quorum voters future (kafka.server.ControllerServer)
stream-state-bench-kafka  | [2026-07-16 06:30:14,827] INFO [ControllerServer id=1] Finished waiting for controller quorum voters future (kafka.server.ControllerServer)
stream-state-bench-kafka  | [2026-07-16 06:30:14,830] INFO [RaftManager id=1] Registered the listener org.apache.kafka.image.loader.MetadataLoader@395861207 (org.apache.kafka.raft.KafkaRaftClient)
stream-state-bench-kafka  | [2026-07-16 06:30:14,830] INFO [RaftManager id=1] Setting the next offset of org.apache.kafka.image.loader.MetadataLoader@395861207 to 0 since there are no snapshots (org.apache.kafka.raft.KafkaRaftClient)
stream-state-bench-kafka  | [2026-07-16 06:30:14,831] INFO [MetadataLoader id=1] maybePublishMetadata(LOG_DELTA): The loader is still catching up because we have loaded up to offset 0, but the high water mark is 331 (org.apache.kafka.image.loader.MetadataLoader)
stream-state-bench-kafka  | [2026-07-16 06:30:14,834] INFO [RaftManager id=1] Registered the listener org.apache.kafka.controller.QuorumController$QuorumMetaLogListener@754898632 (org.apache.kafka.raft.KafkaRaftClient)
stream-state-bench-kafka  | [2026-07-16 06:30:14,835] INFO [RaftManager id=1] Setting the next offset of org.apache.kafka.controller.QuorumController$QuorumMetaLogListener@754898632 to 0 since there are no snapshots (org.apache.kafka.raft.KafkaRaftClient)
stream-state-bench-kafka  | [2026-07-16 06:30:14,836] INFO [controller-1-ThrottledChannelReaper-Fetch]: Starting (org.apache.kafka.server.quota.ClientQuotaManager$ThrottledChannelReaper)
stream-state-bench-kafka  | [2026-07-16 06:30:14,837] INFO [controller-1-ThrottledChannelReaper-Produce]: Starting (org.apache.kafka.server.quota.ClientQuotaManager$ThrottledChannelReaper)
stream-state-bench-kafka  | [2026-07-16 06:30:14,838] INFO [controller-1-ThrottledChannelReaper-Request]: Starting (org.apache.kafka.server.quota.ClientQuotaManager$ThrottledChannelReaper)
stream-state-bench-kafka  | [2026-07-16 06:30:14,839] INFO [controller-1-ThrottledChannelReaper-ControllerMutation]: Starting (org.apache.kafka.server.quota.ClientQuotaManager$ThrottledChannelReaper)
stream-state-bench-kafka  | [2026-07-16 06:30:14,844] INFO [ExpirationReaper-1-AlterAcls]: Starting (org.apache.kafka.server.purgatory.DelayedOperationPurgatory$ExpiredOperationReaper)
stream-state-bench-kafka  | [2026-07-16 06:30:14,846] INFO [MetadataLoader id=1] maybePublishMetadata(LOG_DELTA): The loader finished catching up to the current high water mark of 331 (org.apache.kafka.image.loader.MetadataLoader)
stream-state-bench-kafka  | [2026-07-16 06:30:14,850] INFO [MetadataLoader id=1] InitializeNewPublishers: initializing SnapshotGenerator with a snapshot at offset 330 (org.apache.kafka.image.loader.MetadataLoader)
stream-state-bench-kafka  | [2026-07-16 06:30:14,870] INFO [ControllerServer id=1] Waiting for the controller metadata publishers to be installed (kafka.server.ControllerServer)
stream-state-bench-kafka  | [2026-07-16 06:30:14,875] INFO [ControllerServer id=1] Finished waiting for the controller metadata publishers to be installed (kafka.server.ControllerServer)
stream-state-bench-kafka  | [2026-07-16 06:30:14,875] INFO [SocketServer listenerType=CONTROLLER, nodeId=1] Enabling request processing. (kafka.network.SocketServer)
stream-state-bench-kafka  | [2026-07-16 06:30:14,878] INFO [MetadataLoader id=1] InitializeNewPublishers: initializing KRaftMetadataCachePublisher with a snapshot at offset 330 (org.apache.kafka.image.loader.MetadataLoader)
stream-state-bench-kafka  | [2026-07-16 06:30:14,878] INFO [MetadataLoader id=1] InitializeNewPublishers: initializing FeaturesPublisher with a snapshot at offset 330 (org.apache.kafka.image.loader.MetadataLoader)
stream-state-bench-kafka  | [2026-07-16 06:30:14,878] INFO Awaiting socket connections on 0.0.0.0:9093. (kafka.network.DataPlaneAcceptor)
stream-state-bench-kafka  | [2026-07-16 06:30:14,885] INFO [ControllerServer id=1] Loaded new metadata FinalizedFeatures[metadataVersion=4.3-IV0, finalizedFeatures={group.version=1, streams.version=1, transaction.version=2, eligible.leader.replicas.version=1, share.version=1, metadata.version=30}, finalizedFeaturesEpoch=330]. (org.apache.kafka.metadata.publisher.FeaturesPublisher)
stream-state-bench-kafka  | [2026-07-16 06:30:14,885] INFO [MetadataLoader id=1] InitializeNewPublishers: initializing ControllerRegistrationsPublisher with a snapshot at offset 330 (org.apache.kafka.image.loader.MetadataLoader)
stream-state-bench-kafka  | [2026-07-16 06:30:14,885] INFO [MetadataLoader id=1] InitializeNewPublishers: initializing ControllerRegistrationManager with a snapshot at offset 330 (org.apache.kafka.image.loader.MetadataLoader)
stream-state-bench-kafka  | [2026-07-16 06:30:14,885] INFO [MetadataLoader id=1] InitializeNewPublishers: initializing DynamicConfigPublisher controller id=1 with a snapshot at offset 330 (org.apache.kafka.image.loader.MetadataLoader)
stream-state-bench-kafka  | [2026-07-16 06:30:14,886] INFO [ControllerRegistrationManager id=1 incarnation=Zz0jP9vfRhavjoIYphkCvQ] Found registration for yxewINSnT_i51aHN7KgDkA instead of our incarnation. (kafka.server.ControllerRegistrationManager)
stream-state-bench-kafka  | [2026-07-16 06:30:14,889] INFO [DynamicConfigPublisher controller id=1] Updating cluster configuration : min.insync.replicas -> 1 (kafka.server.metadata.DynamicConfigPublisher)
stream-state-bench-kafka  | [2026-07-16 06:30:14,890] INFO [controller-1-to-controller-registration-channel-manager]: Starting (org.apache.kafka.server.NodeToControllerRequestThread)
stream-state-bench-kafka  | [2026-07-16 06:30:14,890] INFO [ControllerServer id=1] Waiting for all of the authorizer futures to be completed (kafka.server.ControllerServer)
stream-state-bench-kafka  | [2026-07-16 06:30:14,891] INFO Recorded new KRaft controller, from now on will use node kafka:9093 (id: 1 rack: null isFenced: false) (org.apache.kafka.server.NodeToControllerRequestThread)
stream-state-bench-kafka  | [2026-07-16 06:30:14,891] INFO [ControllerServer id=1] Finished waiting for all of the authorizer futures to be completed (kafka.server.ControllerServer)
stream-state-bench-kafka  | [2026-07-16 06:30:14,891] INFO [ControllerServer id=1] Waiting for all of the SocketServer Acceptors to be started (kafka.server.ControllerServer)
stream-state-bench-kafka  | [2026-07-16 06:30:14,891] INFO [ControllerServer id=1] Finished waiting for all of the SocketServer Acceptors to be started (kafka.server.ControllerServer)
stream-state-bench-kafka  | [2026-07-16 06:30:14,892] INFO [ControllerRegistrationManager id=1 incarnation=Zz0jP9vfRhavjoIYphkCvQ] initialized channel manager. (kafka.server.ControllerRegistrationManager)
stream-state-bench-kafka  | [2026-07-16 06:30:14,892] INFO [BrokerServer id=1] Transition from SHUTDOWN to STARTING (kafka.server.BrokerServer)
stream-state-bench-kafka  | [2026-07-16 06:30:14,893] INFO [BrokerServer id=1] Starting broker (kafka.server.BrokerServer)
stream-state-bench-kafka  | [2026-07-16 06:30:14,893] INFO AbstractConfig values: 
stream-state-bench-kafka  | 	group.consumer.assignment.interval.ms = 1000
stream-state-bench-kafka  | 	group.consumer.assignors = [uniform, range]
stream-state-bench-kafka  | 	group.consumer.heartbeat.interval.ms = 5000
stream-state-bench-kafka  | 	group.consumer.max.assignment.interval.ms = 15000
stream-state-bench-kafka  | 	group.consumer.max.heartbeat.interval.ms = 15000
stream-state-bench-kafka  | 	group.consumer.max.session.timeout.ms = 60000
stream-state-bench-kafka  | 	group.consumer.max.size = 2147483647
stream-state-bench-kafka  | 	group.consumer.migration.policy = bidirectional
stream-state-bench-kafka  | 	group.consumer.min.assignment.interval.ms = 0
stream-state-bench-kafka  | 	group.consumer.min.heartbeat.interval.ms = 5000
stream-state-bench-kafka  | 	group.consumer.min.session.timeout.ms = 45000
stream-state-bench-kafka  | 	group.consumer.regex.refresh.interval.ms = 600000
stream-state-bench-kafka  | 	group.consumer.session.timeout.ms = 45000
stream-state-bench-kafka  | 	group.coordinator.append.linger.ms = -1
stream-state-bench-kafka  | 	group.coordinator.background.threads = 2
stream-state-bench-kafka  | 	group.coordinator.cached.buffer.max.bytes = 1048588
stream-state-bench-kafka  | 	group.coordinator.rebalance.protocols = [classic, consumer, streams]
stream-state-bench-kafka  | 	group.coordinator.threads = 4
stream-state-bench-kafka  | 	group.initial.rebalance.delay.ms = 0
stream-state-bench-kafka  | 	group.max.session.timeout.ms = 1800000
stream-state-bench-kafka  | 	group.max.size = 2147483647
stream-state-bench-kafka  | 	group.min.session.timeout.ms = 6000
stream-state-bench-kafka  | 	group.share.assignment.interval.ms = 1000
stream-state-bench-kafka  | 	group.share.assignors = [simple]
stream-state-bench-kafka  | 	group.share.heartbeat.interval.ms = 5000
stream-state-bench-kafka  | 	group.share.initialize.retry.interval.ms = 30000
stream-state-bench-kafka  | 	group.share.max.assignment.interval.ms = 15000
stream-state-bench-kafka  | 	group.share.max.heartbeat.interval.ms = 15000
stream-state-bench-kafka  | 	group.share.max.session.timeout.ms = 60000
stream-state-bench-kafka  | 	group.share.max.size = 200
stream-state-bench-kafka  | 	group.share.min.assignment.interval.ms = 0
stream-state-bench-kafka  | 	group.share.min.heartbeat.interval.ms = 5000
stream-state-bench-kafka  | 	group.share.min.session.timeout.ms = 45000
stream-state-bench-kafka  | 	group.share.session.timeout.ms = 45000
stream-state-bench-kafka  | 	group.streams.assignment.interval.ms = 1000
stream-state-bench-kafka  | 	group.streams.heartbeat.interval.ms = 5000
stream-state-bench-kafka  | 	group.streams.initial.rebalance.delay.ms = 3000
stream-state-bench-kafka  | 	group.streams.max.assignment.interval.ms = 15000
stream-state-bench-kafka  | 	group.streams.max.heartbeat.interval.ms = 15000
stream-state-bench-kafka  | 	group.streams.max.session.timeout.ms = 60000
stream-state-bench-kafka  | 	group.streams.max.size = 2147483647
stream-state-bench-kafka  | 	group.streams.max.standby.replicas = 2
stream-state-bench-kafka  | 	group.streams.min.assignment.interval.ms = 0
stream-state-bench-kafka  | 	group.streams.min.heartbeat.interval.ms = 5000
stream-state-bench-kafka  | 	group.streams.min.session.timeout.ms = 45000
stream-state-bench-kafka  | 	group.streams.num.standby.replicas = 0
stream-state-bench-kafka  | 	group.streams.session.timeout.ms = 45000
stream-state-bench-kafka  | 	offset.metadata.max.bytes = 4096
stream-state-bench-kafka  | 	offsets.commit.timeout.ms = 5000
stream-state-bench-kafka  | 	offsets.load.buffer.size = 5242880
stream-state-bench-kafka  | 	offsets.retention.check.interval.ms = 600000
stream-state-bench-kafka  | 	offsets.retention.minutes = 10080
stream-state-bench-kafka  | 	offsets.topic.compression.codec = 0
stream-state-bench-kafka  | 	offsets.topic.num.partitions = 50
stream-state-bench-kafka  | 	offsets.topic.replication.factor = 1
stream-state-bench-kafka  | 	offsets.topic.segment.bytes = 104857600
stream-state-bench-kafka  |  (org.apache.kafka.common.config.AbstractConfig)
stream-state-bench-kafka  | [2026-07-16 06:30:14,894] INFO KafkaConfig values: 
stream-state-bench-kafka  | 	add.partitions.to.txn.retry.backoff.max.ms = 100
stream-state-bench-kafka  | 	add.partitions.to.txn.retry.backoff.ms = 20
stream-state-bench-kafka  | 	advertised.listeners = [PLAINTEXT://kafka:9092]
stream-state-bench-kafka  | 	alter.config.policy.class.name = null
stream-state-bench-kafka  | 	alter.log.dirs.replication.quota.window.num = 11
stream-state-bench-kafka  | 	alter.log.dirs.replication.quota.window.size.seconds = 1
stream-state-bench-kafka  | 	authorizer.class.name = 
stream-state-bench-kafka  | 	auto.create.topics.enable = false
stream-state-bench-kafka  | 	auto.leader.rebalance.enable = true
stream-state-bench-kafka  | 	background.threads = 10
stream-state-bench-kafka  | 	broker.heartbeat.interval.ms = 2000
stream-state-bench-kafka  | 	broker.id = 1
stream-state-bench-kafka  | 	broker.rack = null
stream-state-bench-kafka  | 	broker.session.timeout.ms = 9000
stream-state-bench-kafka  | 	client.quota.callback.class = null
stream-state-bench-kafka  | 	compression.gzip.level = -1
stream-state-bench-kafka  | 	compression.lz4.level = 9
stream-state-bench-kafka  | 	compression.type = producer
stream-state-bench-kafka  | 	compression.zstd.level = 3
stream-state-bench-kafka  | 	config.providers = []
stream-state-bench-kafka  | 	connection.failed.authentication.delay.ms = 100
stream-state-bench-kafka  | 	connections.max.idle.ms = 600000
stream-state-bench-kafka  | 	connections.max.reauth.ms = 0
stream-state-bench-kafka  | 	controlled.shutdown.enable = true
stream-state-bench-kafka  | 	controller.listener.names = [CONTROLLER]
stream-state-bench-kafka  | 	controller.performance.always.log.threshold.ms = 2000
stream-state-bench-kafka  | 	controller.performance.sample.period.ms = 60000
stream-state-bench-kafka  | 	controller.quorum.append.linger.ms = 25
stream-state-bench-kafka  | 	controller.quorum.auto.join.enable = false
stream-state-bench-kafka  | 	controller.quorum.bootstrap.servers = []
stream-state-bench-kafka  | 	controller.quorum.election.backoff.max.ms = 1000
stream-state-bench-kafka  | 	controller.quorum.election.timeout.ms = 1000
stream-state-bench-kafka  | 	controller.quorum.fetch.max.bytes = 1048576
stream-state-bench-kafka  | 	controller.quorum.fetch.snapshot.max.bytes = 1048576
stream-state-bench-kafka  | 	controller.quorum.fetch.timeout.ms = 2000
stream-state-bench-kafka  | 	controller.quorum.request.timeout.ms = 2000
stream-state-bench-kafka  | 	controller.quorum.retry.backoff.ms = 20
stream-state-bench-kafka  | 	controller.quorum.voters = [1@kafka:9093]
stream-state-bench-kafka  | 	controller.quota.window.num = 11
stream-state-bench-kafka  | 	controller.quota.window.size.seconds = 1
stream-state-bench-kafka  | 	controller.socket.timeout.ms = 30000
stream-state-bench-kafka  | 	cordoned.log.dirs = []
stream-state-bench-kafka  | 	create.topic.policy.class.name = null
stream-state-bench-kafka  | 	default.replication.factor = 1
stream-state-bench-kafka  | 	delegation.token.expiry.check.interval.ms = 3600000
stream-state-bench-kafka  | 	delegation.token.expiry.time.ms = 86400000
stream-state-bench-kafka  | 	delegation.token.max.lifetime.ms = 604800000
stream-state-bench-kafka  | 	delegation.token.secret.key = null
stream-state-bench-kafka  | 	delete.records.purgatory.purge.interval.requests = 1
stream-state-bench-kafka  | 	delete.topic.enable = true
stream-state-bench-kafka  | 	early.start.listeners = null
stream-state-bench-kafka  | 	fetch.max.bytes = 57671680
stream-state-bench-kafka  | 	fetch.purgatory.purge.interval.requests = 1000
stream-state-bench-kafka  | 	follower.fetch.last.tiered.offset.enable = false
stream-state-bench-kafka  | 	group.consumer.assignment.interval.ms = 1000
stream-state-bench-kafka  | 	group.consumer.assignors = [uniform, range]
stream-state-bench-kafka  | 	group.consumer.heartbeat.interval.ms = 5000
stream-state-bench-kafka  | 	group.consumer.max.assignment.interval.ms = 15000
stream-state-bench-kafka  | 	group.consumer.max.heartbeat.interval.ms = 15000
stream-state-bench-kafka  | 	group.consumer.max.session.timeout.ms = 60000
stream-state-bench-kafka  | 	group.consumer.max.size = 2147483647
stream-state-bench-kafka  | 	group.consumer.migration.policy = bidirectional
stream-state-bench-kafka  | 	group.consumer.min.assignment.interval.ms = 0
stream-state-bench-kafka  | 	group.consumer.min.heartbeat.interval.ms = 5000
stream-state-bench-kafka  | 	group.consumer.min.session.timeout.ms = 45000
stream-state-bench-kafka  | 	group.consumer.regex.refresh.interval.ms = 600000
stream-state-bench-kafka  | 	group.consumer.session.timeout.ms = 45000
stream-state-bench-kafka  | 	group.coordinator.append.linger.ms = -1
stream-state-bench-kafka  | 	group.coordinator.background.threads = 2
stream-state-bench-kafka  | 	group.coordinator.cached.buffer.max.bytes = 1048588
stream-state-bench-kafka  | 	group.coordinator.rebalance.protocols = [classic, consumer, streams]
stream-state-bench-kafka  | 	group.coordinator.threads = 4
stream-state-bench-kafka  | 	group.initial.rebalance.delay.ms = 0
stream-state-bench-kafka  | 	group.max.session.timeout.ms = 1800000
stream-state-bench-kafka  | 	group.max.size = 2147483647
stream-state-bench-kafka  | 	group.min.session.timeout.ms = 6000
stream-state-bench-kafka  | 	group.share.assignment.interval.ms = 1000
stream-state-bench-kafka  | 	group.share.assignors = [simple]
stream-state-bench-kafka  | 	group.share.delivery.count.limit = 5
stream-state-bench-kafka  | 	group.share.heartbeat.interval.ms = 5000
stream-state-bench-kafka  | 	group.share.initialize.retry.interval.ms = 30000
stream-state-bench-kafka  | 	group.share.max.assignment.interval.ms = 15000
stream-state-bench-kafka  | 	group.share.max.delivery.count.limit = 10
stream-state-bench-kafka  | 	group.share.max.heartbeat.interval.ms = 15000
stream-state-bench-kafka  | 	group.share.max.partition.max.record.locks = 4000
stream-state-bench-kafka  | 	group.share.max.record.lock.duration.ms = 60000
stream-state-bench-kafka  | 	group.share.max.session.timeout.ms = 60000
stream-state-bench-kafka  | 	group.share.max.share.sessions = 2000
stream-state-bench-kafka  | 	group.share.max.size = 200
stream-state-bench-kafka  | 	group.share.min.assignment.interval.ms = 0
stream-state-bench-kafka  | 	group.share.min.delivery.count.limit = 2
stream-state-bench-kafka  | 	group.share.min.heartbeat.interval.ms = 5000
stream-state-bench-kafka  | 	group.share.min.partition.max.record.locks = 100
stream-state-bench-kafka  | 	group.share.min.record.lock.duration.ms = 15000
stream-state-bench-kafka  | 	group.share.min.session.timeout.ms = 45000
stream-state-bench-kafka  | 	group.share.partition.max.record.locks = 2000
stream-state-bench-kafka  | 	group.share.persister.class.name = org.apache.kafka.server.share.persister.DefaultStatePersister
stream-state-bench-kafka  | 	group.share.record.lock.duration.ms = 30000
stream-state-bench-kafka  | 	group.share.session.timeout.ms = 45000
stream-state-bench-kafka  | 	group.streams.assignment.interval.ms = 1000
stream-state-bench-kafka  | 	group.streams.heartbeat.interval.ms = 5000
stream-state-bench-kafka  | 	group.streams.initial.rebalance.delay.ms = 3000
stream-state-bench-kafka  | 	group.streams.max.assignment.interval.ms = 15000
stream-state-bench-kafka  | 	group.streams.max.heartbeat.interval.ms = 15000
stream-state-bench-kafka  | 	group.streams.max.session.timeout.ms = 60000
stream-state-bench-kafka  | 	group.streams.max.size = 2147483647
stream-state-bench-kafka  | 	group.streams.max.standby.replicas = 2
stream-state-bench-kafka  | 	group.streams.min.assignment.interval.ms = 0
stream-state-bench-kafka  | 	group.streams.min.heartbeat.interval.ms = 5000
stream-state-bench-kafka  | 	group.streams.min.session.timeout.ms = 45000
stream-state-bench-kafka  | 	group.streams.num.standby.replicas = 0
stream-state-bench-kafka  | 	group.streams.session.timeout.ms = 45000
stream-state-bench-kafka  | 	initial.broker.registration.timeout.ms = 60000
stream-state-bench-kafka  | 	inter.broker.listener.name = null
stream-state-bench-kafka  | 	internal.metadata.delete.delay.millis = 60000
stream-state-bench-kafka  | 	internal.metadata.log.segment.bytes = null
stream-state-bench-kafka  | 	internal.metadata.max.batch.size.in.bytes = 8388608
stream-state-bench-kafka  | 	kafka.metrics.polling.interval.secs = 10
stream-state-bench-kafka  | 	kafka.metrics.reporters = []
stream-state-bench-kafka  | 	leader.imbalance.check.interval.seconds = 300
stream-state-bench-kafka  | 	listener.security.protocol.map = CONTROLLER:PLAINTEXT,PLAINTEXT:PLAINTEXT
stream-state-bench-kafka  | 	listeners = [PLAINTEXT://:9092, CONTROLLER://:9093]
stream-state-bench-kafka  | 	log.cleaner.backoff.ms = 15000
stream-state-bench-kafka  | 	log.cleaner.dedupe.buffer.size = 134217728
stream-state-bench-kafka  | 	log.cleaner.delete.retention.ms = 86400000
stream-state-bench-kafka  | 	log.cleaner.enable = true
stream-state-bench-kafka  | 	log.cleaner.io.buffer.load.factor = 0.9
stream-state-bench-kafka  | 	log.cleaner.io.buffer.size = 524288
stream-state-bench-kafka  | 	log.cleaner.io.max.bytes.per.second = 1.7976931348623157E308
stream-state-bench-kafka  | 	log.cleaner.max.compaction.lag.ms = 9223372036854775807
stream-state-bench-kafka  | 	log.cleaner.min.cleanable.ratio = 0.5
stream-state-bench-kafka  | 	log.cleaner.min.compaction.lag.ms = 0
stream-state-bench-kafka  | 	log.cleaner.threads = 1
stream-state-bench-kafka  | 	log.cleanup.policy = [delete]
stream-state-bench-kafka  | 	log.dir = [/tmp/kafka-logs]
stream-state-bench-kafka  | 	log.dir.failure.timeout.ms = 30000
stream-state-bench-kafka  | 	log.dirs = null
stream-state-bench-kafka  | 	log.flush.interval.messages = 9223372036854775807
stream-state-bench-kafka  | 	log.flush.interval.ms = null
stream-state-bench-kafka  | 	log.flush.offset.checkpoint.interval.ms = 60000
stream-state-bench-kafka  | 	log.flush.scheduler.interval.ms = 9223372036854775807
stream-state-bench-kafka  | 	log.flush.start.offset.checkpoint.interval.ms = 60000
stream-state-bench-kafka  | 	log.index.interval.bytes = 4096
stream-state-bench-kafka  | 	log.index.size.max.bytes = 10485760
stream-state-bench-kafka  | 	log.initial.task.delay.ms = 30000
stream-state-bench-kafka  | 	log.local.retention.bytes = -2
stream-state-bench-kafka  | 	log.local.retention.ms = -2
stream-state-bench-kafka  | 	log.message.timestamp.after.max.ms = 3600000
stream-state-bench-kafka  | 	log.message.timestamp.before.max.ms = 9223372036854775807
stream-state-bench-kafka  | 	log.message.timestamp.type = CreateTime
stream-state-bench-kafka  | 	log.preallocate = false
stream-state-bench-kafka  | 	log.retention.bytes = -1
stream-state-bench-kafka  | 	log.retention.check.interval.ms = 300000
stream-state-bench-kafka  | 	log.retention.hours = 168
stream-state-bench-kafka  | 	log.retention.minutes = null
stream-state-bench-kafka  | 	log.retention.ms = null
stream-state-bench-kafka  | 	log.roll.hours = 168
stream-state-bench-kafka  | 	log.roll.jitter.hours = 0
stream-state-bench-kafka  | 	log.roll.jitter.ms = null
stream-state-bench-kafka  | 	log.roll.ms = null
stream-state-bench-kafka  | 	log.segment.bytes = 1073741824
stream-state-bench-kafka  | 	log.segment.delete.delay.ms = 60000
stream-state-bench-kafka  | 	max.connection.creation.rate = 2147483647
stream-state-bench-kafka  | 	max.connections = 2147483647
stream-state-bench-kafka  | 	max.connections.per.ip = 2147483647
stream-state-bench-kafka  | 	max.connections.per.ip.overrides = 
stream-state-bench-kafka  | 	max.incremental.fetch.session.cache.slots = 1000
stream-state-bench-kafka  | 	max.request.partition.size.limit = 2000
stream-state-bench-kafka  | 	message.max.bytes = 1048588
stream-state-bench-kafka  | 	metadata.log.dir = null
stream-state-bench-kafka  | 	metadata.log.max.record.bytes.between.snapshots = 20971520
stream-state-bench-kafka  | 	metadata.log.max.snapshot.interval.ms = 3600000
stream-state-bench-kafka  | 	metadata.log.segment.bytes = 1073741824
stream-state-bench-kafka  | 	metadata.log.segment.ms = 604800000
stream-state-bench-kafka  | 	metadata.max.idle.interval.ms = 500
stream-state-bench-kafka  | 	metadata.max.retention.bytes = 104857600
stream-state-bench-kafka  | 	metadata.max.retention.ms = 604800000
stream-state-bench-kafka  | 	metric.reporters = [org.apache.kafka.common.metrics.JmxReporter]
stream-state-bench-kafka  | 	metrics.num.samples = 2
stream-state-bench-kafka  | 	metrics.recording.level = INFO
stream-state-bench-kafka  | 	metrics.sample.window.ms = 30000
stream-state-bench-kafka  | 	min.insync.replicas = 1
stream-state-bench-kafka  | 	node.id = 1
stream-state-bench-kafka  | 	num.io.threads = 8
stream-state-bench-kafka  | 	num.network.threads = 3
stream-state-bench-kafka  | 	num.partitions = 1
stream-state-bench-kafka  | 	num.recovery.threads.per.data.dir = 2
stream-state-bench-kafka  | 	num.replica.alter.log.dirs.threads = null
stream-state-bench-kafka  | 	num.replica.fetchers = 1
stream-state-bench-kafka  | 	offset.metadata.max.bytes = 4096
stream-state-bench-kafka  | 	offsets.commit.timeout.ms = 5000
stream-state-bench-kafka  | 	offsets.load.buffer.size = 5242880
stream-state-bench-kafka  | 	offsets.retention.check.interval.ms = 600000
stream-state-bench-kafka  | 	offsets.retention.minutes = 10080
stream-state-bench-kafka  | 	offsets.topic.compression.codec = 0
stream-state-bench-kafka  | 	offsets.topic.num.partitions = 50
stream-state-bench-kafka  | 	offsets.topic.replication.factor = 1
stream-state-bench-kafka  | 	offsets.topic.segment.bytes = 104857600
stream-state-bench-kafka  | 	principal.builder.class = class org.apache.kafka.common.security.authenticator.DefaultKafkaPrincipalBuilder
stream-state-bench-kafka  | 	process.roles = [broker, controller]
stream-state-bench-kafka  | 	producer.id.expiration.check.interval.ms = 600000
stream-state-bench-kafka  | 	producer.id.expiration.ms = 86400000
stream-state-bench-kafka  | 	producer.purgatory.purge.interval.requests = 1000
stream-state-bench-kafka  | 	queued.max.request.bytes = -1
stream-state-bench-kafka  | 	queued.max.requests = 500
stream-state-bench-kafka  | 	quota.window.num = 11
stream-state-bench-kafka  | 	quota.window.size.seconds = 1
stream-state-bench-kafka  | 	remote.fetch.max.wait.ms = 500
stream-state-bench-kafka  | 	remote.list.offsets.request.timeout.ms = 30000
stream-state-bench-kafka  | 	remote.log.index.file.cache.total.size.bytes = 1073741824
stream-state-bench-kafka  | 	remote.log.index.file.cache.ttl.ms = 900000
stream-state-bench-kafka  | 	remote.log.manager.copier.thread.pool.size = 10
stream-state-bench-kafka  | 	remote.log.manager.copy.max.bytes.per.second = 9223372036854775807
stream-state-bench-kafka  | 	remote.log.manager.copy.quota.window.num = 11
stream-state-bench-kafka  | 	remote.log.manager.copy.quota.window.size.seconds = 1
stream-state-bench-kafka  | 	remote.log.manager.expiration.thread.pool.size = 10
stream-state-bench-kafka  | 	remote.log.manager.fetch.max.bytes.per.second = 9223372036854775807
stream-state-bench-kafka  | 	remote.log.manager.fetch.quota.window.num = 11
stream-state-bench-kafka  | 	remote.log.manager.fetch.quota.window.size.seconds = 1
stream-state-bench-kafka  | 	remote.log.manager.follower.thread.pool.size = 2
stream-state-bench-kafka  | 	remote.log.manager.task.interval.ms = 30000
stream-state-bench-kafka  | 	remote.log.manager.task.retry.backoff.max.ms = 30000
stream-state-bench-kafka  | 	remote.log.manager.task.retry.backoff.ms = 500
stream-state-bench-kafka  | 	remote.log.manager.task.retry.jitter = 0.2
stream-state-bench-kafka  | 	remote.log.manager.thread.pool.size = 2
stream-state-bench-kafka  | 	remote.log.metadata.custom.metadata.max.bytes = 128
stream-state-bench-kafka  | 	remote.log.metadata.manager.class.name = org.apache.kafka.server.log.remote.metadata.storage.TopicBasedRemoteLogMetadataManager
stream-state-bench-kafka  | 	remote.log.metadata.manager.class.path = null
stream-state-bench-kafka  | 	remote.log.metadata.manager.impl.prefix = rlmm.config.
stream-state-bench-kafka  | 	remote.log.metadata.manager.listener.name = null
stream-state-bench-kafka  | 	remote.log.reader.max.pending.tasks = 100
stream-state-bench-kafka  | 	remote.log.reader.threads = 10
stream-state-bench-kafka  | 	remote.log.storage.manager.class.name = null
stream-state-bench-kafka  | 	remote.log.storage.manager.class.path = null
stream-state-bench-kafka  | 	remote.log.storage.manager.impl.prefix = rsm.config.
stream-state-bench-kafka  | 	remote.log.storage.system.enable = false
stream-state-bench-kafka  | 	replica.fetch.backoff.ms = 1000
stream-state-bench-kafka  | 	replica.fetch.max.bytes = 1048576
stream-state-bench-kafka  | 	replica.fetch.min.bytes = 1
stream-state-bench-kafka  | 	replica.fetch.response.max.bytes = 10485760
stream-state-bench-kafka  | 	replica.fetch.wait.max.ms = 500
stream-state-bench-kafka  | 	replica.high.watermark.checkpoint.interval.ms = 5000
stream-state-bench-kafka  | 	replica.lag.time.max.ms = 30000
stream-state-bench-kafka  | 	replica.selector.class = null
stream-state-bench-kafka  | 	replica.socket.receive.buffer.bytes = 65536
stream-state-bench-kafka  | 	replica.socket.timeout.ms = 30000
stream-state-bench-kafka  | 	replication.quota.window.num = 11
stream-state-bench-kafka  | 	replication.quota.window.size.seconds = 1
stream-state-bench-kafka  | 	request.timeout.ms = 30000
stream-state-bench-kafka  | 	sasl.client.callback.handler.class = null
stream-state-bench-kafka  | 	sasl.enabled.mechanisms = [GSSAPI]
stream-state-bench-kafka  | 	sasl.jaas.config = null
stream-state-bench-kafka  | 	sasl.kerberos.kinit.cmd = /usr/bin/kinit
stream-state-bench-kafka  | 	sasl.kerberos.min.time.before.relogin = 60000
stream-state-bench-kafka  | 	sasl.kerberos.principal.to.local.rules = [DEFAULT]
stream-state-bench-kafka  | 	sasl.kerberos.service.name = null
stream-state-bench-kafka  | 	sasl.kerberos.ticket.renew.jitter = 0.05
stream-state-bench-kafka  | 	sasl.kerberos.ticket.renew.window.factor = 0.8
stream-state-bench-kafka  | 	sasl.login.callback.handler.class = null
stream-state-bench-kafka  | 	sasl.login.class = null
stream-state-bench-kafka  | 	sasl.login.connect.timeout.ms = null
stream-state-bench-kafka  | 	sasl.login.read.timeout.ms = null
stream-state-bench-kafka  | 	sasl.login.refresh.buffer.seconds = 300
stream-state-bench-kafka  | 	sasl.login.refresh.min.period.seconds = 60
stream-state-bench-kafka  | 	sasl.login.refresh.window.factor = 0.8
stream-state-bench-kafka  | 	sasl.login.refresh.window.jitter = 0.05
stream-state-bench-kafka  | 	sasl.login.retry.backoff.max.ms = 10000
stream-state-bench-kafka  | 	sasl.login.retry.backoff.ms = 100
stream-state-bench-kafka  | 	sasl.mechanism.controller.protocol = GSSAPI
stream-state-bench-kafka  | 	sasl.mechanism.inter.broker.protocol = GSSAPI
stream-state-bench-kafka  | 	sasl.oauthbearer.assertion.algorithm = RS256
stream-state-bench-kafka  | 	sasl.oauthbearer.assertion.claim.aud = null
stream-state-bench-kafka  | 	sasl.oauthbearer.assertion.claim.exp.seconds = 300
stream-state-bench-kafka  | 	sasl.oauthbearer.assertion.claim.iss = null
stream-state-bench-kafka  | 	sasl.oauthbearer.assertion.claim.jti.include = false
stream-state-bench-kafka  | 	sasl.oauthbearer.assertion.claim.nbf.seconds = 60
stream-state-bench-kafka  | 	sasl.oauthbearer.assertion.claim.sub = null
stream-state-bench-kafka  | 	sasl.oauthbearer.assertion.file = null
stream-state-bench-kafka  | 	sasl.oauthbearer.assertion.private.key.file = null
stream-state-bench-kafka  | 	sasl.oauthbearer.assertion.private.key.passphrase = null
stream-state-bench-kafka  | 	sasl.oauthbearer.assertion.template.file = null
stream-state-bench-kafka  | 	sasl.oauthbearer.client.credentials.client.id = null
stream-state-bench-kafka  | 	sasl.oauthbearer.client.credentials.client.secret = null
stream-state-bench-kafka  | 	sasl.oauthbearer.clock.skew.seconds = 30
stream-state-bench-kafka  | 	sasl.oauthbearer.expected.audience = []
stream-state-bench-kafka  | 	sasl.oauthbearer.expected.issuer = null
stream-state-bench-kafka  | 	sasl.oauthbearer.jwks.endpoint.refresh.ms = 3600000
stream-state-bench-kafka  | 	sasl.oauthbearer.jwks.endpoint.retry.backoff.max.ms = 10000
stream-state-bench-kafka  | 	sasl.oauthbearer.jwks.endpoint.retry.backoff.ms = 100
stream-state-bench-kafka  | 	sasl.oauthbearer.jwks.endpoint.url = null
stream-state-bench-kafka  | 	sasl.oauthbearer.jwt.retriever.class = class org.apache.kafka.common.security.oauthbearer.DefaultJwtRetriever
stream-state-bench-kafka  | 	sasl.oauthbearer.jwt.validator.class = class org.apache.kafka.common.security.oauthbearer.DefaultJwtValidator
stream-state-bench-kafka  | 	sasl.oauthbearer.scope = null
stream-state-bench-kafka  | 	sasl.oauthbearer.scope.claim.name = scope
stream-state-bench-kafka  | 	sasl.oauthbearer.sub.claim.name = sub
stream-state-bench-kafka  | 	sasl.oauthbearer.token.endpoint.url = null
stream-state-bench-kafka  | 	sasl.server.callback.handler.class = null
stream-state-bench-kafka  | 	sasl.server.max.receive.size = 524288
stream-state-bench-kafka  | 	security.inter.broker.protocol = PLAINTEXT
stream-state-bench-kafka  | 	security.providers = null
stream-state-bench-kafka  | 	server.max.startup.time.ms = 9223372036854775807
stream-state-bench-kafka  | 	share.coordinator.append.linger.ms = -1
stream-state-bench-kafka  | 	share.coordinator.cached.buffer.max.bytes = 1048588
stream-state-bench-kafka  | 	share.coordinator.cold.partition.snapshot.interval.ms = 300000
stream-state-bench-kafka  | 	share.coordinator.load.buffer.size = 5242880
stream-state-bench-kafka  | 	share.coordinator.snapshot.update.records.per.snapshot = 500
stream-state-bench-kafka  | 	share.coordinator.state.topic.compression.codec = 0
stream-state-bench-kafka  | 	share.coordinator.state.topic.min.isr = 2
stream-state-bench-kafka  | 	share.coordinator.state.topic.num.partitions = 50
stream-state-bench-kafka  | 	share.coordinator.state.topic.prune.interval.ms = 300000
stream-state-bench-kafka  | 	share.coordinator.state.topic.replication.factor = 3
stream-state-bench-kafka  | 	share.coordinator.state.topic.segment.bytes = 104857600
stream-state-bench-kafka  | 	share.coordinator.threads = 1
stream-state-bench-kafka  | 	share.coordinator.write.timeout.ms = 5000
stream-state-bench-kafka  | 	share.fetch.purgatory.purge.interval.requests = 1000
stream-state-bench-kafka  | 	socket.connection.setup.timeout.max.ms = 30000
stream-state-bench-kafka  | 	socket.connection.setup.timeout.ms = 10000
stream-state-bench-kafka  | 	socket.listen.backlog.size = 50
stream-state-bench-kafka  | 	socket.receive.buffer.bytes = 102400
stream-state-bench-kafka  | 	socket.request.max.bytes = 104857600
stream-state-bench-kafka  | 	socket.send.buffer.bytes = 102400
stream-state-bench-kafka  | 	ssl.allow.dn.changes = false
stream-state-bench-kafka  | 	ssl.allow.san.changes = false
stream-state-bench-kafka  | 	ssl.cipher.suites = []
stream-state-bench-kafka  | 	ssl.client.auth = none
stream-state-bench-kafka  | 	ssl.enabled.protocols = [TLSv1.2, TLSv1.3]
stream-state-bench-kafka  | 	ssl.endpoint.identification.algorithm = https
stream-state-bench-kafka  | 	ssl.engine.factory.class = null
stream-state-bench-kafka  | 	ssl.key.password = null
stream-state-bench-kafka  | 	ssl.keymanager.algorithm = SunX509
stream-state-bench-kafka  | 	ssl.keystore.certificate.chain = null
stream-state-bench-kafka  | 	ssl.keystore.key = null
stream-state-bench-kafka  | 	ssl.keystore.location = null
stream-state-bench-kafka  | 	ssl.keystore.password = null
stream-state-bench-kafka  | 	ssl.keystore.type = JKS
stream-state-bench-kafka  | 	ssl.principal.mapping.rules = DEFAULT
stream-state-bench-kafka  | 	ssl.protocol = TLSv1.3
stream-state-bench-kafka  | 	ssl.provider = null
stream-state-bench-kafka  | 	ssl.secure.random.implementation = null
kafka-streams-identity-1  | SLF4J: Failed to load class "org.slf4j.impl.StaticLoggerBinder".
kafka-streams-identity-1  | SLF4J: Defaulting to no-operation (NOP) logger implementation
kafka-streams-identity-1  | SLF4J: See http://www.slf4j.org/codes.html#StaticLoggerBinder for further details.
stream-state-bench-kafka  | 	ssl.trustmanager.algorithm = PKIX
stream-state-bench-kafka  | 	ssl.truststore.certificates = null
stream-state-bench-kafka  | 	ssl.truststore.location = null
stream-state-bench-kafka  | 	ssl.truststore.password = null
stream-state-bench-kafka  | 	ssl.truststore.type = JKS
stream-state-bench-kafka  | 	telemetry.max.bytes = 1048576
stream-state-bench-kafka  | 	transaction.abort.timed.out.transaction.cleanup.interval.ms = 10000
stream-state-bench-kafka  | 	transaction.max.timeout.ms = 900000
stream-state-bench-kafka  | 	transaction.partition.verification.enable = true
stream-state-bench-kafka  | 	transaction.remove.expired.transaction.cleanup.interval.ms = 3600000
stream-state-bench-kafka  | 	transaction.state.log.load.buffer.size = 5242880
stream-state-bench-kafka  | 	transaction.state.log.min.isr = 1
stream-state-bench-kafka  | 	transaction.state.log.num.partitions = 50
stream-state-bench-kafka  | 	transaction.state.log.replication.factor = 1
stream-state-bench-kafka  | 	transaction.state.log.segment.bytes = 104857600
stream-state-bench-kafka  | 	transaction.two.phase.commit.enable = false
stream-state-bench-kafka  | 	transactional.id.expiration.ms = 604800000
stream-state-bench-kafka  | 	unclean.leader.election.enable = false
stream-state-bench-kafka  | 	unclean.leader.election.interval.ms = 300000
stream-state-bench-kafka  | 	unstable.api.versions.enable = false
stream-state-bench-kafka  | 	unstable.feature.versions.enable = false
stream-state-bench-kafka  |  (org.apache.kafka.common.config.AbstractConfig)
stream-state-bench-kafka  | [2026-07-16 06:30:14,897] INFO [broker-1-ThrottledChannelReaper-Fetch]: Starting (org.apache.kafka.server.quota.ClientQuotaManager$ThrottledChannelReaper)
stream-state-bench-kafka  | [2026-07-16 06:30:14,897] INFO [broker-1-ThrottledChannelReaper-Produce]: Starting (org.apache.kafka.server.quota.ClientQuotaManager$ThrottledChannelReaper)
stream-state-bench-kafka  | [2026-07-16 06:30:14,897] INFO [broker-1-ThrottledChannelReaper-Request]: Starting (org.apache.kafka.server.quota.ClientQuotaManager$ThrottledChannelReaper)
stream-state-bench-kafka  | [2026-07-16 06:30:14,898] INFO [broker-1-ThrottledChannelReaper-ControllerMutation]: Starting (org.apache.kafka.server.quota.ClientQuotaManager$ThrottledChannelReaper)
stream-state-bench-kafka  | [2026-07-16 06:30:14,900] INFO [ControllerRegistrationManager id=1 incarnation=Zz0jP9vfRhavjoIYphkCvQ] sendControllerRegistration: attempting to send ControllerRegistrationRequestData(controllerId=1, incarnationId=Zz0jP9vfRhavjoIYphkCvQ, zkMigrationReady=false, listeners=[Listener(name='CONTROLLER', host='kafka', port=9093, securityProtocol=0)], features=[Feature(name='group.version', minSupportedVersion=0, maxSupportedVersion=1), Feature(name='kraft.version', minSupportedVersion=0, maxSupportedVersion=1), Feature(name='metadata.version', minSupportedVersion=7, maxSupportedVersion=30), Feature(name='share.version', minSupportedVersion=0, maxSupportedVersion=1), Feature(name='streams.version', minSupportedVersion=0, maxSupportedVersion=1), Feature(name='transaction.version', minSupportedVersion=0, maxSupportedVersion=2), Feature(name='eligible.leader.replicas.version', minSupportedVersion=0, maxSupportedVersion=1)]) (kafka.server.ControllerRegistrationManager)
stream-state-bench-kafka  | [2026-07-16 06:30:14,904] INFO [MetadataLoader id=1] InitializeNewPublishers: initializing DynamicClientQuotaPublisher controller id=1 with a snapshot at offset 330 (org.apache.kafka.image.loader.MetadataLoader)
stream-state-bench-kafka  | [2026-07-16 06:30:14,905] INFO [MetadataLoader id=1] InitializeNewPublishers: initializing DynamicTopicClusterQuotaPublisher controller id=1 with a snapshot at offset 330 (org.apache.kafka.image.loader.MetadataLoader)
stream-state-bench-kafka  | [2026-07-16 06:30:14,905] INFO [MetadataLoader id=1] InitializeNewPublishers: initializing ScramPublisher controller id=1 with a snapshot at offset 330 (org.apache.kafka.image.loader.MetadataLoader)
stream-state-bench-kafka  | [2026-07-16 06:30:14,905] INFO [MetadataLoader id=1] InitializeNewPublishers: initializing DelegationTokenPublisher controller id=1 with a snapshot at offset 330 (org.apache.kafka.image.loader.MetadataLoader)
stream-state-bench-kafka  | [2026-07-16 06:30:14,905] INFO [MetadataLoader id=1] InitializeNewPublishers: initializing ControllerMetadataMetricsPublisher with a snapshot at offset 330 (org.apache.kafka.image.loader.MetadataLoader)
stream-state-bench-kafka  | [2026-07-16 06:30:14,906] INFO [MetadataLoader id=1] InitializeNewPublishers: initializing AclPublisher controller id=1 with a snapshot at offset 330 (org.apache.kafka.image.loader.MetadataLoader)
stream-state-bench-kafka  | [2026-07-16 06:30:14,913] INFO [BrokerServer id=1] Waiting for controller quorum voters future (kafka.server.BrokerServer)
stream-state-bench-kafka  | [2026-07-16 06:30:14,913] INFO [BrokerServer id=1] Finished waiting for controller quorum voters future (kafka.server.BrokerServer)
stream-state-bench-kafka  | [2026-07-16 06:30:14,914] INFO [broker-1-to-controller-forwarding-channel-manager]: Starting (org.apache.kafka.server.NodeToControllerRequestThread)
stream-state-bench-kafka  | [2026-07-16 06:30:14,915] INFO Recorded new KRaft controller, from now on will use node kafka:9093 (id: 1 rack: null isFenced: false) (org.apache.kafka.server.NodeToControllerRequestThread)
stream-state-bench-kafka  | [2026-07-16 06:30:14,918] INFO [client-metrics-reaper]: Starting (org.apache.kafka.server.util.timer.SystemTimerReaper$Reaper)
stream-state-bench-kafka  | [2026-07-16 06:30:14,937] ERROR [ControllerApis nodeId=1] Unexpected error handling request RequestHeader(apiKey=CONTROLLER_REGISTRATION, apiVersion=0, clientId=1, correlationId=0, headerVersion=2) -- ControllerRegistrationRequestData(controllerId=1, incarnationId=Zz0jP9vfRhavjoIYphkCvQ, zkMigrationReady=false, listeners=[Listener(name='CONTROLLER', host='kafka', port=9093, securityProtocol=0)], features=[Feature(name='group.version', minSupportedVersion=0, maxSupportedVersion=1), Feature(name='kraft.version', minSupportedVersion=0, maxSupportedVersion=1), Feature(name='metadata.version', minSupportedVersion=7, maxSupportedVersion=30), Feature(name='share.version', minSupportedVersion=0, maxSupportedVersion=1), Feature(name='streams.version', minSupportedVersion=0, maxSupportedVersion=1), Feature(name='transaction.version', minSupportedVersion=0, maxSupportedVersion=2), Feature(name='eligible.leader.replicas.version', minSupportedVersion=0, maxSupportedVersion=1)]) with context RequestContext(header=RequestHeader(apiKey=CONTROLLER_REGISTRATION, apiVersion=0, clientId=1, correlationId=0, headerVersion=2), connectionId='172.22.0.2:9093-172.22.0.2:45676-0-0', clientAddress=/172.22.0.2, principal=User:ANONYMOUS, listenerName=ListenerName(CONTROLLER), securityProtocol=PLAINTEXT, clientInformation=ClientInformation(softwareName=apache-kafka-java, softwareVersion=4.3.1), fromPrivilegedListener=false, principalSerde=Optional[org.apache.kafka.common.security.authenticator.DefaultKafkaPrincipalBuilder@7ea1663b]) (kafka.server.ControllerApis)
stream-state-bench-kafka  | java.util.concurrent.CompletionException: org.apache.kafka.common.errors.NotControllerException: The active controller appears to be node 1.
stream-state-bench-kafka  | 	at java.base/java.util.concurrent.CompletableFuture.encodeThrowable(Unknown Source)
stream-state-bench-kafka  | 	at java.base/java.util.concurrent.CompletableFuture.completeThrowable(Unknown Source)
stream-state-bench-kafka  | 	at java.base/java.util.concurrent.CompletableFuture$UniApply.tryFire(Unknown Source)
stream-state-bench-kafka  | 	at java.base/java.util.concurrent.CompletableFuture.postComplete(Unknown Source)
stream-state-bench-kafka  | 	at java.base/java.util.concurrent.CompletableFuture.completeExceptionally(Unknown Source)
stream-state-bench-kafka  | 	at org.apache.kafka.controller.QuorumController$ControllerWriteEvent.complete(QuorumController.java:875)
stream-state-bench-kafka  | 	at org.apache.kafka.controller.QuorumController$ControllerWriteEvent.handleException(QuorumController.java:866)
stream-state-bench-kafka  | 	at org.apache.kafka.queue.KafkaEventQueue$EventContext.completeWithException(KafkaEventQueue.java:155)
stream-state-bench-kafka  | 	at org.apache.kafka.queue.KafkaEventQueue$EventContext.run(KafkaEventQueue.java:144)
stream-state-bench-kafka  | 	at org.apache.kafka.queue.KafkaEventQueue$EventHandler.handleEvents(KafkaEventQueue.java:217)
stream-state-bench-kafka  | 	at org.apache.kafka.queue.KafkaEventQueue$EventHandler.run(KafkaEventQueue.java:188)
stream-state-bench-kafka  | 	at java.base/java.lang.Thread.run(Unknown Source)
stream-state-bench-kafka  | Caused by: org.apache.kafka.common.errors.NotControllerException: The active controller appears to be node 1.
stream-state-bench-kafka  | [2026-07-16 06:30:14,942] INFO [NodeToControllerChannelManager id=1 name=registration] Client requested disconnect from node 1 (org.apache.kafka.clients.NetworkClient)
stream-state-bench-kafka  | [2026-07-16 06:30:14,943] INFO Updated connection-accept-rate max connection creation rate to 2147483647 (kafka.network.ConnectionQuotas)
stream-state-bench-kafka  | [2026-07-16 06:30:14,945] INFO Recorded new KRaft controller, from now on will use node kafka:9093 (id: 1 rack: null isFenced: false) (org.apache.kafka.server.NodeToControllerRequestThread)
stream-state-bench-kafka  | [2026-07-16 06:30:14,947] INFO [SocketServer listenerType=BROKER, nodeId=1] Created data-plane acceptor and processors for endpoint : ListenerName(PLAINTEXT) (kafka.network.SocketServer)
stream-state-bench-kafka  | [2026-07-16 06:30:14,950] INFO [broker-1-to-controller-alter-partition-channel-manager]: Starting (org.apache.kafka.server.NodeToControllerRequestThread)
stream-state-bench-kafka  | [2026-07-16 06:30:14,950] INFO Recorded new KRaft controller, from now on will use node kafka:9093 (id: 1 rack: null isFenced: false) (org.apache.kafka.server.NodeToControllerRequestThread)
stream-state-bench-kafka  | [2026-07-16 06:30:14,956] INFO [broker-1-to-controller-directory-assignments-channel-manager]: Starting (org.apache.kafka.server.NodeToControllerRequestThread)
stream-state-bench-kafka  | [2026-07-16 06:30:14,957] INFO Recorded new KRaft controller, from now on will use node kafka:9093 (id: 1 rack: null isFenced: false) (org.apache.kafka.server.NodeToControllerRequestThread)
stream-state-bench-kafka  | [2026-07-16 06:30:14,968] INFO [ExpirationReaper-1-Produce]: Starting (org.apache.kafka.server.purgatory.DelayedOperationPurgatory$ExpiredOperationReaper)
stream-state-bench-kafka  | [2026-07-16 06:30:14,968] INFO [ExpirationReaper-1-Fetch]: Starting (org.apache.kafka.server.purgatory.DelayedOperationPurgatory$ExpiredOperationReaper)
stream-state-bench-kafka  | [2026-07-16 06:30:14,968] INFO [ExpirationReaper-1-DeleteRecords]: Starting (org.apache.kafka.server.purgatory.DelayedOperationPurgatory$ExpiredOperationReaper)
stream-state-bench-kafka  | [2026-07-16 06:30:14,969] INFO [ExpirationReaper-1-RemoteFetch]: Starting (org.apache.kafka.server.purgatory.DelayedOperationPurgatory$ExpiredOperationReaper)
stream-state-bench-kafka  | [2026-07-16 06:30:14,970] INFO [ExpirationReaper-1-RemoteListOffsets]: Starting (org.apache.kafka.server.purgatory.DelayedOperationPurgatory$ExpiredOperationReaper)
stream-state-bench-kafka  | [2026-07-16 06:30:14,971] INFO [ExpirationReaper-1-ShareFetch]: Starting (org.apache.kafka.server.purgatory.DelayedOperationPurgatory$ExpiredOperationReaper)
stream-state-bench-kafka  | [2026-07-16 06:30:14,980] INFO [share-coordinator-reaper]: Starting (org.apache.kafka.server.util.timer.SystemTimerReaper$Reaper)
stream-state-bench-kafka  | [2026-07-16 06:30:14,985] INFO [share-coordinator-event-processor-0]: Starting (org.apache.kafka.coordinator.common.runtime.MultiThreadedEventProcessor$EventProcessorThread)
stream-state-bench-kafka  | [2026-07-16 06:30:14,989] INFO [persister-state-manager-reaper]: Starting (org.apache.kafka.server.util.timer.SystemTimerReaper$Reaper)
stream-state-bench-kafka  | [2026-07-16 06:30:14,989] INFO [PersisterStateManager]: Starting (org.apache.kafka.server.share.persister.PersisterStateManager$SendThread)
stream-state-bench-kafka  | [2026-07-16 06:30:14,990] INFO [network-partition-metadata-client-reaper]: Starting (org.apache.kafka.server.util.timer.SystemTimerReaper$Reaper)
stream-state-bench-kafka  | [2026-07-16 06:30:14,990] INFO [group-coordinator-reaper]: Starting (org.apache.kafka.server.util.timer.SystemTimerReaper$Reaper)
stream-state-bench-kafka  | [2026-07-16 06:30:14,993] INFO [group-coordinator-event-processor-0]: Starting (org.apache.kafka.coordinator.common.runtime.MultiThreadedEventProcessor$EventProcessorThread)
stream-state-bench-kafka  | [2026-07-16 06:30:14,993] INFO [group-coordinator-event-processor-2]: Starting (org.apache.kafka.coordinator.common.runtime.MultiThreadedEventProcessor$EventProcessorThread)
stream-state-bench-kafka  | [2026-07-16 06:30:14,993] INFO [group-coordinator-event-processor-3]: Starting (org.apache.kafka.coordinator.common.runtime.MultiThreadedEventProcessor$EventProcessorThread)
stream-state-bench-kafka  | [2026-07-16 06:30:14,993] INFO [group-coordinator-event-processor-1]: Starting (org.apache.kafka.coordinator.common.runtime.MultiThreadedEventProcessor$EventProcessorThread)
stream-state-bench-kafka  | [2026-07-16 06:30:14,994] INFO Recorded new KRaft controller, from now on will use node kafka:9093 (id: 1 rack: null isFenced: false) (org.apache.kafka.server.NodeToControllerRequestThread)
stream-state-bench-kafka  | [2026-07-16 06:30:15,015] INFO [broker-1-to-controller-heartbeat-channel-manager]: Starting (org.apache.kafka.server.NodeToControllerRequestThread)
stream-state-bench-kafka  | [2026-07-16 06:30:15,016] INFO [BrokerLifecycleManager id=1] Incarnation SzVSOoxKRqWmJGaV9p2oEA of broker 1 in cluster MkU3OEVBNTcwNTJENDM2Qk is now STARTING. (org.apache.kafka.server.BrokerLifecycleManager)
stream-state-bench-kafka  | [2026-07-16 06:30:15,016] INFO Recorded new KRaft controller, from now on will use node kafka:9093 (id: 1 rack: null isFenced: false) (org.apache.kafka.server.NodeToControllerRequestThread)
stream-state-bench-kafka  | [2026-07-16 06:30:15,018] INFO [share-group-lock-timeout-reaper]: Starting (org.apache.kafka.server.util.timer.SystemTimerReaper$Reaper)
stream-state-bench-kafka  | [2026-07-16 06:30:15,019] INFO [ExpirationReaper-1-AlterAcls]: Starting (org.apache.kafka.server.purgatory.DelayedOperationPurgatory$ExpiredOperationReaper)
stream-state-bench-kafka  | [2026-07-16 06:30:15,028] INFO [ControllerRegistrationManager id=1 incarnation=Zz0jP9vfRhavjoIYphkCvQ] Our registration has been persisted to the metadata log. (kafka.server.ControllerRegistrationManager)
stream-state-bench-kafka  | [2026-07-16 06:30:15,029] INFO [BrokerServer id=1] Waiting for the broker metadata publishers to be installed (kafka.server.BrokerServer)
stream-state-bench-kafka  | [2026-07-16 06:30:15,029] INFO [BrokerLifecycleManager id=1] Successfully registered broker 1 with broker epoch 332 (org.apache.kafka.server.BrokerLifecycleManager)
stream-state-bench-kafka  | [2026-07-16 06:30:15,030] INFO [ControllerRegistrationManager id=1 incarnation=Zz0jP9vfRhavjoIYphkCvQ] RegistrationResponseHandler: controller acknowledged ControllerRegistrationRequest. (kafka.server.ControllerRegistrationManager)
stream-state-bench-kafka  | [2026-07-16 06:30:15,030] INFO [BrokerServer id=1] Finished waiting for the broker metadata publishers to be installed (kafka.server.BrokerServer)
stream-state-bench-kafka  | [2026-07-16 06:30:15,030] INFO [BrokerServer id=1] Waiting for the controller to acknowledge that we are caught up (kafka.server.BrokerServer)
stream-state-bench-kafka  | [2026-07-16 06:30:15,031] INFO [MetadataLoader id=1] InitializeNewPublishers: initializing MetadataVersionPublisher(id=1) with a snapshot at offset 332 (org.apache.kafka.image.loader.MetadataLoader)
stream-state-bench-kafka  | [2026-07-16 06:30:15,031] INFO [MetadataLoader id=1] InitializeNewPublishers: initializing BrokerMetadataPublisher with a snapshot at offset 332 (org.apache.kafka.image.loader.MetadataLoader)
stream-state-bench-kafka  | [2026-07-16 06:30:15,033] INFO [BrokerMetadataPublisher id=1] Publishing initial metadata at offset OffsetAndEpoch[offset=332, epoch=2] with metadata.version Optional[4.3-IV0]. (kafka.server.metadata.BrokerMetadataPublisher)
stream-state-bench-kafka  | [2026-07-16 06:30:15,033] INFO [BrokerLifecycleManager id=1] The broker has caught up. Transitioning from STARTING to RECOVERY. (org.apache.kafka.server.BrokerLifecycleManager)
stream-state-bench-kafka  | [2026-07-16 06:30:15,033] INFO [BrokerServer id=1] Finished waiting for the controller to acknowledge that we are caught up (kafka.server.BrokerServer)
stream-state-bench-kafka  | [2026-07-16 06:30:15,033] INFO [BrokerServer id=1] Waiting for the initial broker metadata update to be published (kafka.server.BrokerServer)
stream-state-bench-kafka  | [2026-07-16 06:30:15,036] INFO Loading logs from log dirs ArrayBuffer(/tmp/kafka-logs) (kafka.log.LogManager)
stream-state-bench-kafka  | [2026-07-16 06:30:15,042] INFO Skipping recovery of 102 logs from /tmp/kafka-logs since clean shutdown file was found (kafka.log.LogManager)
stream-state-bench-kafka  | [2026-07-16 06:30:15,048] INFO [LogLoader partition=__consumer_offsets-17, dir=/tmp/kafka-logs] Loading producer state till offset 0 (org.apache.kafka.storage.internals.log.UnifiedLog)
stream-state-bench-kafka  | [2026-07-16 06:30:15,048] INFO [LogLoader partition=__transaction_state-17, dir=/tmp/kafka-logs] Loading producer state till offset 0 (org.apache.kafka.storage.internals.log.UnifiedLog)
stream-state-bench-kafka  | [2026-07-16 06:30:15,056] INFO Completed load of Log(dir=/tmp/kafka-logs/__transaction_state-17, topicId=J4i_pi74Q76evSSIU5xh9Q, topic=__transaction_state, partition=17, highWatermark=0, lastStableOffset=0, logStartOffset=0, logEndOffset=0) with 1 segments, local-log-start-offset 0 and log-end-offset 0 in 5ms (1/102 completed in /tmp/kafka-logs) (kafka.log.LogManager)
stream-state-bench-kafka  | [2026-07-16 06:30:15,056] INFO Completed load of Log(dir=/tmp/kafka-logs/__consumer_offsets-17, topicId=C8iO9NBwSkGbZV2cfcRm5A, topic=__consumer_offsets, partition=17, highWatermark=0, lastStableOffset=0, logStartOffset=0, logEndOffset=0) with 1 segments, local-log-start-offset 0 and log-end-offset 0 in 5ms (2/102 completed in /tmp/kafka-logs) (kafka.log.LogManager)
stream-state-bench-kafka  | [2026-07-16 06:30:15,058] INFO [LogLoader partition=__transaction_state-4, dir=/tmp/kafka-logs] Loading producer state till offset 0 (org.apache.kafka.storage.internals.log.UnifiedLog)
stream-state-bench-kafka  | [2026-07-16 06:30:15,058] INFO [LogLoader partition=__consumer_offsets-47, dir=/tmp/kafka-logs] Loading producer state till offset 0 (org.apache.kafka.storage.internals.log.UnifiedLog)
stream-state-bench-kafka  | [2026-07-16 06:30:15,059] INFO Completed load of Log(dir=/tmp/kafka-logs/__transaction_state-4, topicId=J4i_pi74Q76evSSIU5xh9Q, topic=__transaction_state, partition=4, highWatermark=0, lastStableOffset=0, logStartOffset=0, logEndOffset=0) with 1 segments, local-log-start-offset 0 and log-end-offset 0 in 3ms (3/102 completed in /tmp/kafka-logs) (kafka.log.LogManager)
stream-state-bench-kafka  | [2026-07-16 06:30:15,059] INFO Completed load of Log(dir=/tmp/kafka-logs/__consumer_offsets-47, topicId=C8iO9NBwSkGbZV2cfcRm5A, topic=__consumer_offsets, partition=47, highWatermark=0, lastStableOffset=0, logStartOffset=0, logEndOffset=0) with 1 segments, local-log-start-offset 0 and log-end-offset 0 in 4ms (4/102 completed in /tmp/kafka-logs) (kafka.log.LogManager)
stream-state-bench-kafka  | [2026-07-16 06:30:15,061] INFO [LogLoader partition=__consumer_offsets-35, dir=/tmp/kafka-logs] Loading producer state till offset 0 (org.apache.kafka.storage.internals.log.UnifiedLog)
stream-state-bench-kafka  | [2026-07-16 06:30:15,061] INFO Completed load of Log(dir=/tmp/kafka-logs/__consumer_offsets-35, topicId=C8iO9NBwSkGbZV2cfcRm5A, topic=__consumer_offsets, partition=35, highWatermark=0, lastStableOffset=0, logStartOffset=0, logEndOffset=0) with 1 segments, local-log-start-offset 0 and log-end-offset 0 in 3ms (5/102 completed in /tmp/kafka-logs) (kafka.log.LogManager)
stream-state-bench-kafka  | [2026-07-16 06:30:15,061] INFO [LogLoader partition=__transaction_state-1, dir=/tmp/kafka-logs] Loading producer state till offset 0 (org.apache.kafka.storage.internals.log.UnifiedLog)
stream-state-bench-kafka  | [2026-07-16 06:30:15,062] INFO Completed load of Log(dir=/tmp/kafka-logs/__transaction_state-1, topicId=J4i_pi74Q76evSSIU5xh9Q, topic=__transaction_state, partition=1, highWatermark=0, lastStableOffset=0, logStartOffset=0, logEndOffset=0) with 1 segments, local-log-start-offset 0 and log-end-offset 0 in 2ms (6/102 completed in /tmp/kafka-logs) (kafka.log.LogManager)
stream-state-bench-kafka  | [2026-07-16 06:30:15,063] INFO [LogLoader partition=__consumer_offsets-19, dir=/tmp/kafka-logs] Loading producer state till offset 0 (org.apache.kafka.storage.internals.log.UnifiedLog)
stream-state-bench-kafka  | [2026-07-16 06:30:15,063] INFO Completed load of Log(dir=/tmp/kafka-logs/__consumer_offsets-19, topicId=C8iO9NBwSkGbZV2cfcRm5A, topic=__consumer_offsets, partition=19, highWatermark=0, lastStableOffset=0, logStartOffset=0, logEndOffset=0) with 1 segments, local-log-start-offset 0 and log-end-offset 0 in 2ms (7/102 completed in /tmp/kafka-logs) (kafka.log.LogManager)
stream-state-bench-kafka  | [2026-07-16 06:30:15,064] INFO [LogLoader partition=__consumer_offsets-38, dir=/tmp/kafka-logs] Loading producer state till offset 0 (org.apache.kafka.storage.internals.log.UnifiedLog)
stream-state-bench-kafka  | [2026-07-16 06:30:15,064] INFO Completed load of Log(dir=/tmp/kafka-logs/__consumer_offsets-38, topicId=C8iO9NBwSkGbZV2cfcRm5A, topic=__consumer_offsets, partition=38, highWatermark=0, lastStableOffset=0, logStartOffset=0, logEndOffset=0) with 1 segments, local-log-start-offset 0 and log-end-offset 0 in 3ms (8/102 completed in /tmp/kafka-logs) (kafka.log.LogManager)
stream-state-bench-kafka  | [2026-07-16 06:30:15,065] INFO [LogLoader partition=__consumer_offsets-25, dir=/tmp/kafka-logs] Loading producer state till offset 0 (org.apache.kafka.storage.internals.log.UnifiedLog)
stream-state-bench-kafka  | [2026-07-16 06:30:15,066] INFO Completed load of Log(dir=/tmp/kafka-logs/__consumer_offsets-25, topicId=C8iO9NBwSkGbZV2cfcRm5A, topic=__consumer_offsets, partition=25, highWatermark=0, lastStableOffset=0, logStartOffset=0, logEndOffset=0) with 1 segments, local-log-start-offset 0 and log-end-offset 0 in 2ms (9/102 completed in /tmp/kafka-logs) (kafka.log.LogManager)
stream-state-bench-kafka  | [2026-07-16 06:30:15,066] INFO [LogLoader partition=__consumer_offsets-32, dir=/tmp/kafka-logs] Loading producer state till offset 3 (org.apache.kafka.storage.internals.log.UnifiedLog)
stream-state-bench-kafka  | [2026-07-16 06:30:15,067] INFO [LogLoader partition=__consumer_offsets-32, dir=/tmp/kafka-logs] Reloading from producer snapshot and rebuilding producer state from offset 3 (org.apache.kafka.storage.internals.log.UnifiedLog)
stream-state-bench-kafka  | [2026-07-16 06:30:15,067] INFO [ProducerStateManager partition=__consumer_offsets-32] Loading producer state from snapshot file 'SnapshotFile(offset=3, file=/tmp/kafka-logs/__consumer_offsets-32/00000000000000000003.snapshot)' (org.apache.kafka.storage.internals.log.ProducerStateManager)
stream-state-bench-kafka  | [2026-07-16 06:30:15,067] INFO [LogLoader partition=__consumer_offsets-32, dir=/tmp/kafka-logs] Producer state recovery took 0ms for snapshot load and 0ms for segment recovery from offset 3 (org.apache.kafka.storage.internals.log.UnifiedLog)
stream-state-bench-kafka  | [2026-07-16 06:30:15,067] INFO [LogLoader partition=__transaction_state-44, dir=/tmp/kafka-logs] Loading producer state till offset 0 (org.apache.kafka.storage.internals.log.UnifiedLog)
stream-state-bench-kafka  | [2026-07-16 06:30:15,067] INFO Completed load of Log(dir=/tmp/kafka-logs/__consumer_offsets-32, topicId=C8iO9NBwSkGbZV2cfcRm5A, topic=__consumer_offsets, partition=32, highWatermark=0, lastStableOffset=0, logStartOffset=0, logEndOffset=3) with 1 segments, local-log-start-offset 0 and log-end-offset 3 in 3ms (10/102 completed in /tmp/kafka-logs) (kafka.log.LogManager)
stream-state-bench-kafka  | [2026-07-16 06:30:15,068] INFO Completed load of Log(dir=/tmp/kafka-logs/__transaction_state-44, topicId=J4i_pi74Q76evSSIU5xh9Q, topic=__transaction_state, partition=44, highWatermark=0, lastStableOffset=0, logStartOffset=0, logEndOffset=0) with 1 segments, local-log-start-offset 0 and log-end-offset 0 in 2ms (11/102 completed in /tmp/kafka-logs) (kafka.log.LogManager)
stream-state-bench-kafka  | [2026-07-16 06:30:15,069] INFO [LogLoader partition=__transaction_state-46, dir=/tmp/kafka-logs] Loading producer state till offset 122 (org.apache.kafka.storage.internals.log.UnifiedLog)
stream-state-bench-kafka  | [2026-07-16 06:30:15,069] INFO [LogLoader partition=__transaction_state-46, dir=/tmp/kafka-logs] Reloading from producer snapshot and rebuilding producer state from offset 122 (org.apache.kafka.storage.internals.log.UnifiedLog)
stream-state-bench-kafka  | [2026-07-16 06:30:15,069] INFO [ProducerStateManager partition=__transaction_state-46] Loading producer state from snapshot file 'SnapshotFile(offset=122, file=/tmp/kafka-logs/__transaction_state-46/00000000000000000122.snapshot)' (org.apache.kafka.storage.internals.log.ProducerStateManager)
stream-state-bench-kafka  | [2026-07-16 06:30:15,069] INFO [LogLoader partition=__transaction_state-35, dir=/tmp/kafka-logs] Loading producer state till offset 0 (org.apache.kafka.storage.internals.log.UnifiedLog)
stream-state-bench-kafka  | [2026-07-16 06:30:15,069] INFO [LogLoader partition=__transaction_state-46, dir=/tmp/kafka-logs] Producer state recovery took 0ms for snapshot load and 0ms for segment recovery from offset 122 (org.apache.kafka.storage.internals.log.UnifiedLog)
stream-state-bench-kafka  | [2026-07-16 06:30:15,070] INFO Completed load of Log(dir=/tmp/kafka-logs/__transaction_state-35, topicId=J4i_pi74Q76evSSIU5xh9Q, topic=__transaction_state, partition=35, highWatermark=0, lastStableOffset=0, logStartOffset=0, logEndOffset=0) with 1 segments, local-log-start-offset 0 and log-end-offset 0 in 3ms (12/102 completed in /tmp/kafka-logs) (kafka.log.LogManager)
stream-state-bench-kafka  | [2026-07-16 06:30:15,071] INFO Completed load of Log(dir=/tmp/kafka-logs/__transaction_state-46, topicId=J4i_pi74Q76evSSIU5xh9Q, topic=__transaction_state, partition=46, highWatermark=0, lastStableOffset=0, logStartOffset=0, logEndOffset=122) with 1 segments, local-log-start-offset 0 and log-end-offset 122 in 3ms (13/102 completed in /tmp/kafka-logs) (kafka.log.LogManager)
stream-state-bench-kafka  | [2026-07-16 06:30:15,072] INFO [BrokerLifecycleManager id=1] The broker is in RECOVERY. (org.apache.kafka.server.BrokerLifecycleManager)
stream-state-bench-kafka  | [2026-07-16 06:30:15,072] INFO [LogLoader partition=__transaction_state-43, dir=/tmp/kafka-logs] Loading producer state till offset 0 (org.apache.kafka.storage.internals.log.UnifiedLog)
stream-state-bench-kafka  | [2026-07-16 06:30:15,072] INFO [LogLoader partition=__consumer_offsets-29, dir=/tmp/kafka-logs] Loading producer state till offset 0 (org.apache.kafka.storage.internals.log.UnifiedLog)
stream-state-bench-kafka  | [2026-07-16 06:30:15,073] INFO Completed load of Log(dir=/tmp/kafka-logs/__transaction_state-43, topicId=J4i_pi74Q76evSSIU5xh9Q, topic=__transaction_state, partition=43, highWatermark=0, lastStableOffset=0, logStartOffset=0, logEndOffset=0) with 1 segments, local-log-start-offset 0 and log-end-offset 0 in 2ms (14/102 completed in /tmp/kafka-logs) (kafka.log.LogManager)
stream-state-bench-kafka  | [2026-07-16 06:30:15,073] INFO Completed load of Log(dir=/tmp/kafka-logs/__consumer_offsets-29, topicId=C8iO9NBwSkGbZV2cfcRm5A, topic=__consumer_offsets, partition=29, highWatermark=0, lastStableOffset=0, logStartOffset=0, logEndOffset=0) with 1 segments, local-log-start-offset 0 and log-end-offset 0 in 2ms (15/102 completed in /tmp/kafka-logs) (kafka.log.LogManager)
stream-state-bench-kafka  | [2026-07-16 06:30:15,075] INFO [LogLoader partition=__transaction_state-16, dir=/tmp/kafka-logs] Loading producer state till offset 0 (org.apache.kafka.storage.internals.log.UnifiedLog)
stream-state-bench-kafka  | [2026-07-16 06:30:15,076] INFO Completed load of Log(dir=/tmp/kafka-logs/__transaction_state-16, topicId=J4i_pi74Q76evSSIU5xh9Q, topic=__transaction_state, partition=16, highWatermark=0, lastStableOffset=0, logStartOffset=0, logEndOffset=0) with 1 segments, local-log-start-offset 0 and log-end-offset 0 in 2ms (16/102 completed in /tmp/kafka-logs) (kafka.log.LogManager)
stream-state-bench-kafka  | [2026-07-16 06:30:15,076] INFO [LogLoader partition=__transaction_state-31, dir=/tmp/kafka-logs] Loading producer state till offset 0 (org.apache.kafka.storage.internals.log.UnifiedLog)
stream-state-bench-kafka  | [2026-07-16 06:30:15,077] INFO Completed load of Log(dir=/tmp/kafka-logs/__transaction_state-31, topicId=J4i_pi74Q76evSSIU5xh9Q, topic=__transaction_state, partition=31, highWatermark=0, lastStableOffset=0, logStartOffset=0, logEndOffset=0) with 1 segments, local-log-start-offset 0 and log-end-offset 0 in 3ms (17/102 completed in /tmp/kafka-logs) (kafka.log.LogManager)
stream-state-bench-kafka  | [2026-07-16 06:30:15,078] INFO [LogLoader partition=__consumer_offsets-48, dir=/tmp/kafka-logs] Loading producer state till offset 0 (org.apache.kafka.storage.internals.log.UnifiedLog)
stream-state-bench-kafka  | [2026-07-16 06:30:15,078] INFO [LogLoader partition=__transaction_state-49, dir=/tmp/kafka-logs] Loading producer state till offset 0 (org.apache.kafka.storage.internals.log.UnifiedLog)
stream-state-bench-kafka  | [2026-07-16 06:30:15,079] INFO Completed load of Log(dir=/tmp/kafka-logs/__consumer_offsets-48, topicId=C8iO9NBwSkGbZV2cfcRm5A, topic=__consumer_offsets, partition=48, highWatermark=0, lastStableOffset=0, logStartOffset=0, logEndOffset=0) with 1 segments, local-log-start-offset 0 and log-end-offset 0 in 3ms (18/102 completed in /tmp/kafka-logs) (kafka.log.LogManager)
stream-state-bench-kafka  | [2026-07-16 06:30:15,079] INFO Completed load of Log(dir=/tmp/kafka-logs/__transaction_state-49, topicId=J4i_pi74Q76evSSIU5xh9Q, topic=__transaction_state, partition=49, highWatermark=0, lastStableOffset=0, logStartOffset=0, logEndOffset=0) with 1 segments, local-log-start-offset 0 and log-end-offset 0 in 2ms (19/102 completed in /tmp/kafka-logs) (kafka.log.LogManager)
stream-state-bench-kafka  | [2026-07-16 06:30:15,081] INFO [LogLoader partition=__transaction_state-2, dir=/tmp/kafka-logs] Loading producer state till offset 0 (org.apache.kafka.storage.internals.log.UnifiedLog)
stream-state-bench-kafka  | [2026-07-16 06:30:15,081] INFO [LogLoader partition=__consumer_offsets-22, dir=/tmp/kafka-logs] Loading producer state till offset 4 (org.apache.kafka.storage.internals.log.UnifiedLog)
stream-state-bench-kafka  | [2026-07-16 06:30:15,081] INFO [LogLoader partition=__consumer_offsets-22, dir=/tmp/kafka-logs] Reloading from producer snapshot and rebuilding producer state from offset 4 (org.apache.kafka.storage.internals.log.UnifiedLog)
stream-state-bench-kafka  | [2026-07-16 06:30:15,081] INFO [ProducerStateManager partition=__consumer_offsets-22] Loading producer state from snapshot file 'SnapshotFile(offset=4, file=/tmp/kafka-logs/__consumer_offsets-22/00000000000000000004.snapshot)' (org.apache.kafka.storage.internals.log.ProducerStateManager)
stream-state-bench-kafka  | [2026-07-16 06:30:15,081] INFO [LogLoader partition=__consumer_offsets-22, dir=/tmp/kafka-logs] Producer state recovery took 0ms for snapshot load and 0ms for segment recovery from offset 4 (org.apache.kafka.storage.internals.log.UnifiedLog)
stream-state-bench-kafka  | [2026-07-16 06:30:15,082] INFO Completed load of Log(dir=/tmp/kafka-logs/__consumer_offsets-22, topicId=C8iO9NBwSkGbZV2cfcRm5A, topic=__consumer_offsets, partition=22, highWatermark=0, lastStableOffset=0, logStartOffset=0, logEndOffset=4) with 1 segments, local-log-start-offset 0 and log-end-offset 4 in 2ms (20/102 completed in /tmp/kafka-logs) (kafka.log.LogManager)
stream-state-bench-kafka  | [2026-07-16 06:30:15,082] INFO Completed load of Log(dir=/tmp/kafka-logs/__transaction_state-2, topicId=J4i_pi74Q76evSSIU5xh9Q, topic=__transaction_state, partition=2, highWatermark=0, lastStableOffset=0, logStartOffset=0, logEndOffset=0) with 1 segments, local-log-start-offset 0 and log-end-offset 0 in 3ms (21/102 completed in /tmp/kafka-logs) (kafka.log.LogManager)
stream-state-bench-kafka  | [2026-07-16 06:30:15,084] INFO [LogLoader partition=__transaction_state-13, dir=/tmp/kafka-logs] Loading producer state till offset 0 (org.apache.kafka.storage.internals.log.UnifiedLog)
stream-state-bench-kafka  | [2026-07-16 06:30:15,085] INFO Completed load of Log(dir=/tmp/kafka-logs/__transaction_state-13, topicId=J4i_pi74Q76evSSIU5xh9Q, topic=__transaction_state, partition=13, highWatermark=0, lastStableOffset=0, logStartOffset=0, logEndOffset=0) with 1 segments, local-log-start-offset 0 and log-end-offset 0 in 3ms (22/102 completed in /tmp/kafka-logs) (kafka.log.LogManager)
stream-state-bench-kafka  | [2026-07-16 06:30:15,085] INFO [LogLoader partition=__transaction_state-15, dir=/tmp/kafka-logs] Loading producer state till offset 0 (org.apache.kafka.storage.internals.log.UnifiedLog)
stream-state-bench-kafka  | [2026-07-16 06:30:15,086] INFO Completed load of Log(dir=/tmp/kafka-logs/__transaction_state-15, topicId=J4i_pi74Q76evSSIU5xh9Q, topic=__transaction_state, partition=15, highWatermark=0, lastStableOffset=0, logStartOffset=0, logEndOffset=0) with 1 segments, local-log-start-offset 0 and log-end-offset 0 in 3ms (23/102 completed in /tmp/kafka-logs) (kafka.log.LogManager)
stream-state-bench-kafka  | [2026-07-16 06:30:15,086] INFO [LogLoader partition=__transaction_state-10, dir=/tmp/kafka-logs] Loading producer state till offset 0 (org.apache.kafka.storage.internals.log.UnifiedLog)
stream-state-bench-kafka  | [2026-07-16 06:30:15,087] INFO Completed load of Log(dir=/tmp/kafka-logs/__transaction_state-10, topicId=J4i_pi74Q76evSSIU5xh9Q, topic=__transaction_state, partition=10, highWatermark=0, lastStableOffset=0, logStartOffset=0, logEndOffset=0) with 1 segments, local-log-start-offset 0 and log-end-offset 0 in 2ms (24/102 completed in /tmp/kafka-logs) (kafka.log.LogManager)
stream-state-bench-kafka  | [2026-07-16 06:30:15,087] INFO [LogLoader partition=__transaction_state-39, dir=/tmp/kafka-logs] Loading producer state till offset 0 (org.apache.kafka.storage.internals.log.UnifiedLog)
stream-state-bench-kafka  | [2026-07-16 06:30:15,088] INFO Completed load of Log(dir=/tmp/kafka-logs/__transaction_state-39, topicId=J4i_pi74Q76evSSIU5xh9Q, topic=__transaction_state, partition=39, highWatermark=0, lastStableOffset=0, logStartOffset=0, logEndOffset=0) with 1 segments, local-log-start-offset 0 and log-end-offset 0 in 2ms (25/102 completed in /tmp/kafka-logs) (kafka.log.LogManager)
stream-state-bench-kafka  | [2026-07-16 06:30:15,089] INFO [LogLoader partition=__transaction_state-0, dir=/tmp/kafka-logs] Loading producer state till offset 0 (org.apache.kafka.storage.internals.log.UnifiedLog)
stream-state-bench-kafka  | [2026-07-16 06:30:15,090] INFO [LogLoader partition=__consumer_offsets-34, dir=/tmp/kafka-logs] Loading producer state till offset 0 (org.apache.kafka.storage.internals.log.UnifiedLog)
stream-state-bench-kafka  | [2026-07-16 06:30:15,090] INFO Completed load of Log(dir=/tmp/kafka-logs/__transaction_state-0, topicId=J4i_pi74Q76evSSIU5xh9Q, topic=__transaction_state, partition=0, highWatermark=0, lastStableOffset=0, logStartOffset=0, logEndOffset=0) with 1 segments, local-log-start-offset 0 and log-end-offset 0 in 3ms (26/102 completed in /tmp/kafka-logs) (kafka.log.LogManager)
stream-state-bench-kafka  | [2026-07-16 06:30:15,091] INFO Completed load of Log(dir=/tmp/kafka-logs/__consumer_offsets-34, topicId=C8iO9NBwSkGbZV2cfcRm5A, topic=__consumer_offsets, partition=34, highWatermark=0, lastStableOffset=0, logStartOffset=0, logEndOffset=0) with 1 segments, local-log-start-offset 0 and log-end-offset 0 in 2ms (27/102 completed in /tmp/kafka-logs) (kafka.log.LogManager)
stream-state-bench-kafka  | [2026-07-16 06:30:15,092] INFO [LogLoader partition=__transaction_state-32, dir=/tmp/kafka-logs] Loading producer state till offset 0 (org.apache.kafka.storage.internals.log.UnifiedLog)
stream-state-bench-kafka  | [2026-07-16 06:30:15,092] INFO [LogLoader partition=__consumer_offsets-30, dir=/tmp/kafka-logs] Loading producer state till offset 0 (org.apache.kafka.storage.internals.log.UnifiedLog)
stream-state-bench-kafka  | [2026-07-16 06:30:15,093] INFO Completed load of Log(dir=/tmp/kafka-logs/__transaction_state-32, topicId=J4i_pi74Q76evSSIU5xh9Q, topic=__transaction_state, partition=32, highWatermark=0, lastStableOffset=0, logStartOffset=0, logEndOffset=0) with 1 segments, local-log-start-offset 0 and log-end-offset 0 in 3ms (28/102 completed in /tmp/kafka-logs) (kafka.log.LogManager)
stream-state-bench-kafka  | [2026-07-16 06:30:15,093] INFO Completed load of Log(dir=/tmp/kafka-logs/__consumer_offsets-30, topicId=C8iO9NBwSkGbZV2cfcRm5A, topic=__consumer_offsets, partition=30, highWatermark=0, lastStableOffset=0, logStartOffset=0, logEndOffset=0) with 1 segments, local-log-start-offset 0 and log-end-offset 0 in 3ms (29/102 completed in /tmp/kafka-logs) (kafka.log.LogManager)
stream-state-bench-kafka  | [2026-07-16 06:30:15,095] INFO [LogLoader partition=__transaction_state-47, dir=/tmp/kafka-logs] Loading producer state till offset 0 (org.apache.kafka.storage.internals.log.UnifiedLog)
stream-state-bench-kafka  | [2026-07-16 06:30:15,095] INFO [LogLoader partition=__transaction_state-8, dir=/tmp/kafka-logs] Loading producer state till offset 0 (org.apache.kafka.storage.internals.log.UnifiedLog)
stream-state-bench-kafka  | [2026-07-16 06:30:15,096] INFO Completed load of Log(dir=/tmp/kafka-logs/__transaction_state-47, topicId=J4i_pi74Q76evSSIU5xh9Q, topic=__transaction_state, partition=47, highWatermark=0, lastStableOffset=0, logStartOffset=0, logEndOffset=0) with 1 segments, local-log-start-offset 0 and log-end-offset 0 in 2ms (30/102 completed in /tmp/kafka-logs) (kafka.log.LogManager)
stream-state-bench-kafka  | [2026-07-16 06:30:15,096] INFO Completed load of Log(dir=/tmp/kafka-logs/__transaction_state-8, topicId=J4i_pi74Q76evSSIU5xh9Q, topic=__transaction_state, partition=8, highWatermark=0, lastStableOffset=0, logStartOffset=0, logEndOffset=0) with 1 segments, local-log-start-offset 0 and log-end-offset 0 in 2ms (31/102 completed in /tmp/kafka-logs) (kafka.log.LogManager)
stream-state-bench-kafka  | [2026-07-16 06:30:15,097] INFO [LogLoader partition=__consumer_offsets-5, dir=/tmp/kafka-logs] Loading producer state till offset 0 (org.apache.kafka.storage.internals.log.UnifiedLog)
stream-state-bench-kafka  | [2026-07-16 06:30:15,098] INFO Completed load of Log(dir=/tmp/kafka-logs/__consumer_offsets-5, topicId=C8iO9NBwSkGbZV2cfcRm5A, topic=__consumer_offsets, partition=5, highWatermark=0, lastStableOffset=0, logStartOffset=0, logEndOffset=0) with 1 segments, local-log-start-offset 0 and log-end-offset 0 in 2ms (32/102 completed in /tmp/kafka-logs) (kafka.log.LogManager)
stream-state-bench-kafka  | [2026-07-16 06:30:15,098] INFO [LogLoader partition=__consumer_offsets-42, dir=/tmp/kafka-logs] Loading producer state till offset 0 (org.apache.kafka.storage.internals.log.UnifiedLog)
stream-state-bench-kafka  | [2026-07-16 06:30:15,098] INFO Completed load of Log(dir=/tmp/kafka-logs/__consumer_offsets-42, topicId=C8iO9NBwSkGbZV2cfcRm5A, topic=__consumer_offsets, partition=42, highWatermark=0, lastStableOffset=0, logStartOffset=0, logEndOffset=0) with 1 segments, local-log-start-offset 0 and log-end-offset 0 in 3ms (33/102 completed in /tmp/kafka-logs) (kafka.log.LogManager)
stream-state-bench-kafka  | [2026-07-16 06:30:15,099] INFO [LogLoader partition=__consumer_offsets-28, dir=/tmp/kafka-logs] Loading producer state till offset 0 (org.apache.kafka.storage.internals.log.UnifiedLog)
stream-state-bench-kafka  | [2026-07-16 06:30:15,099] INFO [LogLoader partition=__transaction_state-38, dir=/tmp/kafka-logs] Loading producer state till offset 0 (org.apache.kafka.storage.internals.log.UnifiedLog)
stream-state-bench-kafka  | [2026-07-16 06:30:15,100] INFO Completed load of Log(dir=/tmp/kafka-logs/__consumer_offsets-28, topicId=C8iO9NBwSkGbZV2cfcRm5A, topic=__consumer_offsets, partition=28, highWatermark=0, lastStableOffset=0, logStartOffset=0, logEndOffset=0) with 1 segments, local-log-start-offset 0 and log-end-offset 0 in 2ms (34/102 completed in /tmp/kafka-logs) (kafka.log.LogManager)
stream-state-bench-kafka  | [2026-07-16 06:30:15,100] INFO Completed load of Log(dir=/tmp/kafka-logs/__transaction_state-38, topicId=J4i_pi74Q76evSSIU5xh9Q, topic=__transaction_state, partition=38, highWatermark=0, lastStableOffset=0, logStartOffset=0, logEndOffset=0) with 1 segments, local-log-start-offset 0 and log-end-offset 0 in 1ms (35/102 completed in /tmp/kafka-logs) (kafka.log.LogManager)
stream-state-bench-kafka  | [2026-07-16 06:30:15,101] INFO [LogLoader partition=__consumer_offsets-39, dir=/tmp/kafka-logs] Loading producer state till offset 0 (org.apache.kafka.storage.internals.log.UnifiedLog)
stream-state-bench-kafka  | [2026-07-16 06:30:15,102] INFO [LogLoader partition=__consumer_offsets-2, dir=/tmp/kafka-logs] Loading producer state till offset 0 (org.apache.kafka.storage.internals.log.UnifiedLog)
stream-state-bench-kafka  | [2026-07-16 06:30:15,102] INFO Completed load of Log(dir=/tmp/kafka-logs/__consumer_offsets-39, topicId=C8iO9NBwSkGbZV2cfcRm5A, topic=__consumer_offsets, partition=39, highWatermark=0, lastStableOffset=0, logStartOffset=0, logEndOffset=0) with 1 segments, local-log-start-offset 0 and log-end-offset 0 in 1ms (36/102 completed in /tmp/kafka-logs) (kafka.log.LogManager)
stream-state-bench-kafka  | [2026-07-16 06:30:15,102] INFO Completed load of Log(dir=/tmp/kafka-logs/__consumer_offsets-2, topicId=C8iO9NBwSkGbZV2cfcRm5A, topic=__consumer_offsets, partition=2, highWatermark=0, lastStableOffset=0, logStartOffset=0, logEndOffset=0) with 1 segments, local-log-start-offset 0 and log-end-offset 0 in 3ms (37/102 completed in /tmp/kafka-logs) (kafka.log.LogManager)
stream-state-bench-kafka  | [2026-07-16 06:30:15,103] INFO [LogLoader partition=__consumer_offsets-1, dir=/tmp/kafka-logs] Loading producer state till offset 0 (org.apache.kafka.storage.internals.log.UnifiedLog)
stream-state-bench-kafka  | [2026-07-16 06:30:15,104] INFO [LogLoader partition=__transaction_state-34, dir=/tmp/kafka-logs] Loading producer state till offset 0 (org.apache.kafka.storage.internals.log.UnifiedLog)
stream-state-bench-kafka  | [2026-07-16 06:30:15,104] INFO Completed load of Log(dir=/tmp/kafka-logs/__consumer_offsets-1, topicId=C8iO9NBwSkGbZV2cfcRm5A, topic=__consumer_offsets, partition=1, highWatermark=0, lastStableOffset=0, logStartOffset=0, logEndOffset=0) with 1 segments, local-log-start-offset 0 and log-end-offset 0 in 2ms (38/102 completed in /tmp/kafka-logs) (kafka.log.LogManager)
stream-state-bench-kafka  | [2026-07-16 06:30:15,104] INFO Completed load of Log(dir=/tmp/kafka-logs/__transaction_state-34, topicId=J4i_pi74Q76evSSIU5xh9Q, topic=__transaction_state, partition=34, highWatermark=0, lastStableOffset=0, logStartOffset=0, logEndOffset=0) with 1 segments, local-log-start-offset 0 and log-end-offset 0 in 2ms (39/102 completed in /tmp/kafka-logs) (kafka.log.LogManager)
stream-state-bench-kafka  | [2026-07-16 06:30:15,106] INFO [LogLoader partition=__consumer_offsets-43, dir=/tmp/kafka-logs] Loading producer state till offset 0 (org.apache.kafka.storage.internals.log.UnifiedLog)
stream-state-bench-kafka  | [2026-07-16 06:30:15,106] INFO [LogLoader partition=bench-identity-latency-input-0, dir=/tmp/kafka-logs] Loading producer state till offset 707 (org.apache.kafka.storage.internals.log.UnifiedLog)
stream-state-bench-kafka  | [2026-07-16 06:30:15,106] INFO [LogLoader partition=bench-identity-latency-input-0, dir=/tmp/kafka-logs] Reloading from producer snapshot and rebuilding producer state from offset 707 (org.apache.kafka.storage.internals.log.UnifiedLog)
stream-state-bench-kafka  | [2026-07-16 06:30:15,106] INFO [ProducerStateManager partition=bench-identity-latency-input-0] Loading producer state from snapshot file 'SnapshotFile(offset=707, file=/tmp/kafka-logs/bench-identity-latency-input-0/00000000000000000707.snapshot)' (org.apache.kafka.storage.internals.log.ProducerStateManager)
stream-state-bench-kafka  | [2026-07-16 06:30:15,106] INFO Completed load of Log(dir=/tmp/kafka-logs/__consumer_offsets-43, topicId=C8iO9NBwSkGbZV2cfcRm5A, topic=__consumer_offsets, partition=43, highWatermark=0, lastStableOffset=0, logStartOffset=0, logEndOffset=0) with 1 segments, local-log-start-offset 0 and log-end-offset 0 in 3ms (40/102 completed in /tmp/kafka-logs) (kafka.log.LogManager)
stream-state-bench-kafka  | [2026-07-16 06:30:15,107] INFO [LogLoader partition=bench-identity-latency-input-0, dir=/tmp/kafka-logs] Producer state recovery took 1ms for snapshot load and 0ms for segment recovery from offset 707 (org.apache.kafka.storage.internals.log.UnifiedLog)
stream-state-bench-kafka  | [2026-07-16 06:30:15,108] INFO Completed load of Log(dir=/tmp/kafka-logs/bench-identity-latency-input-0, topicId=Jeoops90QW26j3TMby1E-Q, topic=bench-identity-latency-input, partition=0, highWatermark=0, lastStableOffset=0, logStartOffset=0, logEndOffset=707) with 1 segments, local-log-start-offset 0 and log-end-offset 707 in 3ms (41/102 completed in /tmp/kafka-logs) (kafka.log.LogManager)
stream-state-bench-kafka  | [2026-07-16 06:30:15,108] INFO [LogLoader partition=__consumer_offsets-49, dir=/tmp/kafka-logs] Loading producer state till offset 0 (org.apache.kafka.storage.internals.log.UnifiedLog)
stream-state-bench-kafka  | [2026-07-16 06:30:15,108] INFO Completed load of Log(dir=/tmp/kafka-logs/__consumer_offsets-49, topicId=C8iO9NBwSkGbZV2cfcRm5A, topic=__consumer_offsets, partition=49, highWatermark=0, lastStableOffset=0, logStartOffset=0, logEndOffset=0) with 1 segments, local-log-start-offset 0 and log-end-offset 0 in 2ms (42/102 completed in /tmp/kafka-logs) (kafka.log.LogManager)
stream-state-bench-kafka  | [2026-07-16 06:30:15,109] INFO [LogLoader partition=__consumer_offsets-27, dir=/tmp/kafka-logs] Loading producer state till offset 0 (org.apache.kafka.storage.internals.log.UnifiedLog)
stream-state-bench-kafka  | [2026-07-16 06:30:15,110] INFO Completed load of Log(dir=/tmp/kafka-logs/__consumer_offsets-27, topicId=C8iO9NBwSkGbZV2cfcRm5A, topic=__consumer_offsets, partition=27, highWatermark=0, lastStableOffset=0, logStartOffset=0, logEndOffset=0) with 1 segments, local-log-start-offset 0 and log-end-offset 0 in 2ms (43/102 completed in /tmp/kafka-logs) (kafka.log.LogManager)
stream-state-bench-kafka  | [2026-07-16 06:30:15,110] INFO [LogLoader partition=__consumer_offsets-15, dir=/tmp/kafka-logs] Loading producer state till offset 0 (org.apache.kafka.storage.internals.log.UnifiedLog)
stream-state-bench-kafka  | [2026-07-16 06:30:15,110] INFO Completed load of Log(dir=/tmp/kafka-logs/__consumer_offsets-15, topicId=C8iO9NBwSkGbZV2cfcRm5A, topic=__consumer_offsets, partition=15, highWatermark=0, lastStableOffset=0, logStartOffset=0, logEndOffset=0) with 1 segments, local-log-start-offset 0 and log-end-offset 0 in 2ms (44/102 completed in /tmp/kafka-logs) (kafka.log.LogManager)
stream-state-bench-kafka  | [2026-07-16 06:30:15,111] INFO [LogLoader partition=__consumer_offsets-13, dir=/tmp/kafka-logs] Loading producer state till offset 0 (org.apache.kafka.storage.internals.log.UnifiedLog)
stream-state-bench-kafka  | [2026-07-16 06:30:15,112] INFO Completed load of Log(dir=/tmp/kafka-logs/__consumer_offsets-13, topicId=C8iO9NBwSkGbZV2cfcRm5A, topic=__consumer_offsets, partition=13, highWatermark=0, lastStableOffset=0, logStartOffset=0, logEndOffset=0) with 1 segments, local-log-start-offset 0 and log-end-offset 0 in 2ms (45/102 completed in /tmp/kafka-logs) (kafka.log.LogManager)
stream-state-bench-kafka  | [2026-07-16 06:30:15,112] INFO [LogLoader partition=__transaction_state-3, dir=/tmp/kafka-logs] Loading producer state till offset 0 (org.apache.kafka.storage.internals.log.UnifiedLog)
stream-state-bench-kafka  | [2026-07-16 06:30:15,112] INFO Completed load of Log(dir=/tmp/kafka-logs/__transaction_state-3, topicId=J4i_pi74Q76evSSIU5xh9Q, topic=__transaction_state, partition=3, highWatermark=0, lastStableOffset=0, logStartOffset=0, logEndOffset=0) with 1 segments, local-log-start-offset 0 and log-end-offset 0 in 2ms (46/102 completed in /tmp/kafka-logs) (kafka.log.LogManager)
stream-state-bench-kafka  | [2026-07-16 06:30:15,114] INFO [LogLoader partition=bench-identity-latency-output-0, dir=/tmp/kafka-logs] Loading producer state till offset 737 (org.apache.kafka.storage.internals.log.UnifiedLog)
stream-state-bench-kafka  | [2026-07-16 06:30:15,114] INFO [LogLoader partition=bench-identity-latency-output-0, dir=/tmp/kafka-logs] Reloading from producer snapshot and rebuilding producer state from offset 737 (org.apache.kafka.storage.internals.log.UnifiedLog)
stream-state-bench-kafka  | [2026-07-16 06:30:15,114] INFO [ProducerStateManager partition=bench-identity-latency-output-0] Loading producer state from snapshot file 'SnapshotFile(offset=737, file=/tmp/kafka-logs/bench-identity-latency-output-0/00000000000000000737.snapshot)' (org.apache.kafka.storage.internals.log.ProducerStateManager)
stream-state-bench-kafka  | [2026-07-16 06:30:15,114] INFO [LogLoader partition=__consumer_offsets-33, dir=/tmp/kafka-logs] Loading producer state till offset 0 (org.apache.kafka.storage.internals.log.UnifiedLog)
stream-state-bench-kafka  | [2026-07-16 06:30:15,114] INFO [LogLoader partition=bench-identity-latency-output-0, dir=/tmp/kafka-logs] Producer state recovery took 0ms for snapshot load and 0ms for segment recovery from offset 737 (org.apache.kafka.storage.internals.log.UnifiedLog)
stream-state-bench-kafka  | [2026-07-16 06:30:15,114] INFO Completed load of Log(dir=/tmp/kafka-logs/__consumer_offsets-33, topicId=C8iO9NBwSkGbZV2cfcRm5A, topic=__consumer_offsets, partition=33, highWatermark=0, lastStableOffset=0, logStartOffset=0, logEndOffset=0) with 1 segments, local-log-start-offset 0 and log-end-offset 0 in 2ms (47/102 completed in /tmp/kafka-logs) (kafka.log.LogManager)
stream-state-bench-kafka  | [2026-07-16 06:30:15,115] INFO Completed load of Log(dir=/tmp/kafka-logs/bench-identity-latency-output-0, topicId=MleGQ1KpQk2NxMAnLKWvEw, topic=bench-identity-latency-output, partition=0, highWatermark=0, lastStableOffset=0, logStartOffset=0, logEndOffset=737) with 1 segments, local-log-start-offset 0 and log-end-offset 737 in 3ms (48/102 completed in /tmp/kafka-logs) (kafka.log.LogManager)
stream-state-bench-kafka  | [2026-07-16 06:30:15,116] INFO [LogLoader partition=__transaction_state-24, dir=/tmp/kafka-logs] Loading producer state till offset 0 (org.apache.kafka.storage.internals.log.UnifiedLog)
stream-state-bench-kafka  | [2026-07-16 06:30:15,116] INFO Completed load of Log(dir=/tmp/kafka-logs/__transaction_state-24, topicId=J4i_pi74Q76evSSIU5xh9Q, topic=__transaction_state, partition=24, highWatermark=0, lastStableOffset=0, logStartOffset=0, logEndOffset=0) with 1 segments, local-log-start-offset 0 and log-end-offset 0 in 2ms (49/102 completed in /tmp/kafka-logs) (kafka.log.LogManager)
stream-state-bench-kafka  | [2026-07-16 06:30:15,117] INFO [LogLoader partition=__consumer_offsets-16, dir=/tmp/kafka-logs] Loading producer state till offset 0 (org.apache.kafka.storage.internals.log.UnifiedLog)
stream-state-bench-kafka  | [2026-07-16 06:30:15,117] INFO Completed load of Log(dir=/tmp/kafka-logs/__consumer_offsets-16, topicId=C8iO9NBwSkGbZV2cfcRm5A, topic=__consumer_offsets, partition=16, highWatermark=0, lastStableOffset=0, logStartOffset=0, logEndOffset=0) with 1 segments, local-log-start-offset 0 and log-end-offset 0 in 3ms (50/102 completed in /tmp/kafka-logs) (kafka.log.LogManager)
stream-state-bench-kafka  | [2026-07-16 06:30:15,118] INFO [LogLoader partition=__transaction_state-41, dir=/tmp/kafka-logs] Loading producer state till offset 0 (org.apache.kafka.storage.internals.log.UnifiedLog)
stream-state-bench-kafka  | [2026-07-16 06:30:15,118] INFO Completed load of Log(dir=/tmp/kafka-logs/__transaction_state-41, topicId=J4i_pi74Q76evSSIU5xh9Q, topic=__transaction_state, partition=41, highWatermark=0, lastStableOffset=0, logStartOffset=0, logEndOffset=0) with 1 segments, local-log-start-offset 0 and log-end-offset 0 in 2ms (51/102 completed in /tmp/kafka-logs) (kafka.log.LogManager)
stream-state-bench-kafka  | [2026-07-16 06:30:15,119] INFO [LogLoader partition=__consumer_offsets-18, dir=/tmp/kafka-logs] Loading producer state till offset 0 (org.apache.kafka.storage.internals.log.UnifiedLog)
stream-state-bench-kafka  | [2026-07-16 06:30:15,119] INFO [LogLoader partition=__transaction_state-25, dir=/tmp/kafka-logs] Loading producer state till offset 0 (org.apache.kafka.storage.internals.log.UnifiedLog)
stream-state-bench-kafka  | [2026-07-16 06:30:15,119] INFO Completed load of Log(dir=/tmp/kafka-logs/__consumer_offsets-18, topicId=C8iO9NBwSkGbZV2cfcRm5A, topic=__consumer_offsets, partition=18, highWatermark=0, lastStableOffset=0, logStartOffset=0, logEndOffset=0) with 1 segments, local-log-start-offset 0 and log-end-offset 0 in 2ms (52/102 completed in /tmp/kafka-logs) (kafka.log.LogManager)
stream-state-bench-kafka  | [2026-07-16 06:30:15,120] INFO Completed load of Log(dir=/tmp/kafka-logs/__transaction_state-25, topicId=J4i_pi74Q76evSSIU5xh9Q, topic=__transaction_state, partition=25, highWatermark=0, lastStableOffset=0, logStartOffset=0, logEndOffset=0) with 1 segments, local-log-start-offset 0 and log-end-offset 0 in 1ms (53/102 completed in /tmp/kafka-logs) (kafka.log.LogManager)
stream-state-bench-kafka  | [2026-07-16 06:30:15,121] INFO [LogLoader partition=__consumer_offsets-12, dir=/tmp/kafka-logs] Loading producer state till offset 3 (org.apache.kafka.storage.internals.log.UnifiedLog)
stream-state-bench-kafka  | [2026-07-16 06:30:15,121] INFO [LogLoader partition=__consumer_offsets-12, dir=/tmp/kafka-logs] Reloading from producer snapshot and rebuilding producer state from offset 3 (org.apache.kafka.storage.internals.log.UnifiedLog)
stream-state-bench-kafka  | [2026-07-16 06:30:15,121] INFO [ProducerStateManager partition=__consumer_offsets-12] Loading producer state from snapshot file 'SnapshotFile(offset=3, file=/tmp/kafka-logs/__consumer_offsets-12/00000000000000000003.snapshot)' (org.apache.kafka.storage.internals.log.ProducerStateManager)
stream-state-bench-kafka  | [2026-07-16 06:30:15,121] INFO [LogLoader partition=__consumer_offsets-12, dir=/tmp/kafka-logs] Producer state recovery took 0ms for snapshot load and 0ms for segment recovery from offset 3 (org.apache.kafka.storage.internals.log.UnifiedLog)
stream-state-bench-kafka  | [2026-07-16 06:30:15,121] INFO [LogLoader partition=__consumer_offsets-0, dir=/tmp/kafka-logs] Loading producer state till offset 0 (org.apache.kafka.storage.internals.log.UnifiedLog)
stream-state-bench-kafka  | [2026-07-16 06:30:15,122] INFO Completed load of Log(dir=/tmp/kafka-logs/__consumer_offsets-12, topicId=C8iO9NBwSkGbZV2cfcRm5A, topic=__consumer_offsets, partition=12, highWatermark=0, lastStableOffset=0, logStartOffset=0, logEndOffset=3) with 1 segments, local-log-start-offset 0 and log-end-offset 3 in 2ms (54/102 completed in /tmp/kafka-logs) (kafka.log.LogManager)
stream-state-bench-kafka  | [2026-07-16 06:30:15,122] INFO Completed load of Log(dir=/tmp/kafka-logs/__consumer_offsets-0, topicId=C8iO9NBwSkGbZV2cfcRm5A, topic=__consumer_offsets, partition=0, highWatermark=0, lastStableOffset=0, logStartOffset=0, logEndOffset=0) with 1 segments, local-log-start-offset 0 and log-end-offset 0 in 3ms (55/102 completed in /tmp/kafka-logs) (kafka.log.LogManager)
stream-state-bench-kafka  | [2026-07-16 06:30:15,124] INFO [LogLoader partition=__transaction_state-20, dir=/tmp/kafka-logs] Loading producer state till offset 0 (org.apache.kafka.storage.internals.log.UnifiedLog)
stream-state-bench-kafka  | [2026-07-16 06:30:15,124] INFO [LogLoader partition=__consumer_offsets-44, dir=/tmp/kafka-logs] Loading producer state till offset 62 (org.apache.kafka.storage.internals.log.UnifiedLog)
stream-state-bench-kafka  | [2026-07-16 06:30:15,124] INFO [LogLoader partition=__consumer_offsets-44, dir=/tmp/kafka-logs] Reloading from producer snapshot and rebuilding producer state from offset 62 (org.apache.kafka.storage.internals.log.UnifiedLog)
stream-state-bench-kafka  | [2026-07-16 06:30:15,124] INFO [ProducerStateManager partition=__consumer_offsets-44] Loading producer state from snapshot file 'SnapshotFile(offset=62, file=/tmp/kafka-logs/__consumer_offsets-44/00000000000000000062.snapshot)' (org.apache.kafka.storage.internals.log.ProducerStateManager)
stream-state-bench-kafka  | [2026-07-16 06:30:15,124] INFO [LogLoader partition=__consumer_offsets-44, dir=/tmp/kafka-logs] Producer state recovery took 0ms for snapshot load and 0ms for segment recovery from offset 62 (org.apache.kafka.storage.internals.log.UnifiedLog)
stream-state-bench-kafka  | [2026-07-16 06:30:15,124] INFO Completed load of Log(dir=/tmp/kafka-logs/__transaction_state-20, topicId=J4i_pi74Q76evSSIU5xh9Q, topic=__transaction_state, partition=20, highWatermark=0, lastStableOffset=0, logStartOffset=0, logEndOffset=0) with 1 segments, local-log-start-offset 0 and log-end-offset 0 in 2ms (56/102 completed in /tmp/kafka-logs) (kafka.log.LogManager)
stream-state-bench-kafka  | [2026-07-16 06:30:15,124] INFO Completed load of Log(dir=/tmp/kafka-logs/__consumer_offsets-44, topicId=C8iO9NBwSkGbZV2cfcRm5A, topic=__consumer_offsets, partition=44, highWatermark=0, lastStableOffset=0, logStartOffset=0, logEndOffset=62) with 1 segments, local-log-start-offset 0 and log-end-offset 62 in 2ms (57/102 completed in /tmp/kafka-logs) (kafka.log.LogManager)
stream-state-bench-kafka  | [2026-07-16 06:30:15,126] INFO [LogLoader partition=__consumer_offsets-46, dir=/tmp/kafka-logs] Loading producer state till offset 0 (org.apache.kafka.storage.internals.log.UnifiedLog)
stream-state-bench-kafka  | [2026-07-16 06:30:15,126] INFO [LogLoader partition=__consumer_offsets-7, dir=/tmp/kafka-logs] Loading producer state till offset 0 (org.apache.kafka.storage.internals.log.UnifiedLog)
stream-state-bench-kafka  | [2026-07-16 06:30:15,126] INFO Completed load of Log(dir=/tmp/kafka-logs/__consumer_offsets-46, topicId=C8iO9NBwSkGbZV2cfcRm5A, topic=__consumer_offsets, partition=46, highWatermark=0, lastStableOffset=0, logStartOffset=0, logEndOffset=0) with 1 segments, local-log-start-offset 0 and log-end-offset 0 in 2ms (58/102 completed in /tmp/kafka-logs) (kafka.log.LogManager)
stream-state-bench-kafka  | [2026-07-16 06:30:15,126] INFO Completed load of Log(dir=/tmp/kafka-logs/__consumer_offsets-7, topicId=C8iO9NBwSkGbZV2cfcRm5A, topic=__consumer_offsets, partition=7, highWatermark=0, lastStableOffset=0, logStartOffset=0, logEndOffset=0) with 1 segments, local-log-start-offset 0 and log-end-offset 0 in 2ms (59/102 completed in /tmp/kafka-logs) (kafka.log.LogManager)
stream-state-bench-kafka  | [2026-07-16 06:30:15,128] INFO [LogLoader partition=__consumer_offsets-21, dir=/tmp/kafka-logs] Loading producer state till offset 0 (org.apache.kafka.storage.internals.log.UnifiedLog)
stream-state-bench-kafka  | [2026-07-16 06:30:15,128] INFO Completed load of Log(dir=/tmp/kafka-logs/__consumer_offsets-21, topicId=C8iO9NBwSkGbZV2cfcRm5A, topic=__consumer_offsets, partition=21, highWatermark=0, lastStableOffset=0, logStartOffset=0, logEndOffset=0) with 1 segments, local-log-start-offset 0 and log-end-offset 0 in 2ms (60/102 completed in /tmp/kafka-logs) (kafka.log.LogManager)
stream-state-bench-kafka  | [2026-07-16 06:30:15,128] INFO [LogLoader partition=__transaction_state-21, dir=/tmp/kafka-logs] Loading producer state till offset 0 (org.apache.kafka.storage.internals.log.UnifiedLog)
stream-state-bench-kafka  | [2026-07-16 06:30:15,129] INFO Completed load of Log(dir=/tmp/kafka-logs/__transaction_state-21, topicId=J4i_pi74Q76evSSIU5xh9Q, topic=__transaction_state, partition=21, highWatermark=0, lastStableOffset=0, logStartOffset=0, logEndOffset=0) with 1 segments, local-log-start-offset 0 and log-end-offset 0 in 2ms (61/102 completed in /tmp/kafka-logs) (kafka.log.LogManager)
stream-state-bench-kafka  | [2026-07-16 06:30:15,130] INFO [LogLoader partition=__consumer_offsets-26, dir=/tmp/kafka-logs] Loading producer state till offset 0 (org.apache.kafka.storage.internals.log.UnifiedLog)
stream-state-bench-kafka  | [2026-07-16 06:30:15,130] INFO Completed load of Log(dir=/tmp/kafka-logs/__consumer_offsets-26, topicId=C8iO9NBwSkGbZV2cfcRm5A, topic=__consumer_offsets, partition=26, highWatermark=0, lastStableOffset=0, logStartOffset=0, logEndOffset=0) with 1 segments, local-log-start-offset 0 and log-end-offset 0 in 2ms (62/102 completed in /tmp/kafka-logs) (kafka.log.LogManager)
stream-state-bench-kafka  | [2026-07-16 06:30:15,130] INFO [LogLoader partition=__consumer_offsets-4, dir=/tmp/kafka-logs] Loading producer state till offset 0 (org.apache.kafka.storage.internals.log.UnifiedLog)
stream-state-bench-kafka  | [2026-07-16 06:30:15,131] INFO Completed load of Log(dir=/tmp/kafka-logs/__consumer_offsets-4, topicId=C8iO9NBwSkGbZV2cfcRm5A, topic=__consumer_offsets, partition=4, highWatermark=0, lastStableOffset=0, logStartOffset=0, logEndOffset=0) with 1 segments, local-log-start-offset 0 and log-end-offset 0 in 1ms (63/102 completed in /tmp/kafka-logs) (kafka.log.LogManager)
stream-state-bench-kafka  | [2026-07-16 06:30:15,132] INFO [LogLoader partition=__transaction_state-42, dir=/tmp/kafka-logs] Loading producer state till offset 0 (org.apache.kafka.storage.internals.log.UnifiedLog)
stream-state-bench-kafka  | [2026-07-16 06:30:15,132] INFO Completed load of Log(dir=/tmp/kafka-logs/__transaction_state-42, topicId=J4i_pi74Q76evSSIU5xh9Q, topic=__transaction_state, partition=42, highWatermark=0, lastStableOffset=0, logStartOffset=0, logEndOffset=0) with 1 segments, local-log-start-offset 0 and log-end-offset 0 in 2ms (64/102 completed in /tmp/kafka-logs) (kafka.log.LogManager)
stream-state-bench-kafka  | [2026-07-16 06:30:15,132] INFO [LogLoader partition=__transaction_state-37, dir=/tmp/kafka-logs] Loading producer state till offset 0 (org.apache.kafka.storage.internals.log.UnifiedLog)
stream-state-bench-kafka  | [2026-07-16 06:30:15,133] INFO Completed load of Log(dir=/tmp/kafka-logs/__transaction_state-37, topicId=J4i_pi74Q76evSSIU5xh9Q, topic=__transaction_state, partition=37, highWatermark=0, lastStableOffset=0, logStartOffset=0, logEndOffset=0) with 1 segments, local-log-start-offset 0 and log-end-offset 0 in 1ms (65/102 completed in /tmp/kafka-logs) (kafka.log.LogManager)
stream-state-bench-kafka  | [2026-07-16 06:30:15,133] INFO [LogLoader partition=__consumer_offsets-20, dir=/tmp/kafka-logs] Loading producer state till offset 0 (org.apache.kafka.storage.internals.log.UnifiedLog)
stream-state-bench-kafka  | [2026-07-16 06:30:15,134] INFO Completed load of Log(dir=/tmp/kafka-logs/__consumer_offsets-20, topicId=C8iO9NBwSkGbZV2cfcRm5A, topic=__consumer_offsets, partition=20, highWatermark=0, lastStableOffset=0, logStartOffset=0, logEndOffset=0) with 1 segments, local-log-start-offset 0 and log-end-offset 0 in 1ms (66/102 completed in /tmp/kafka-logs) (kafka.log.LogManager)
stream-state-bench-kafka  | [2026-07-16 06:30:15,134] INFO [LogLoader partition=__consumer_offsets-40, dir=/tmp/kafka-logs] Loading producer state till offset 0 (org.apache.kafka.storage.internals.log.UnifiedLog)
stream-state-bench-kafka  | [2026-07-16 06:30:15,135] INFO Completed load of Log(dir=/tmp/kafka-logs/__consumer_offsets-40, topicId=C8iO9NBwSkGbZV2cfcRm5A, topic=__consumer_offsets, partition=40, highWatermark=0, lastStableOffset=0, logStartOffset=0, logEndOffset=0) with 1 segments, local-log-start-offset 0 and log-end-offset 0 in 2ms (67/102 completed in /tmp/kafka-logs) (kafka.log.LogManager)
stream-state-bench-kafka  | [2026-07-16 06:30:15,135] INFO [LogLoader partition=__transaction_state-9, dir=/tmp/kafka-logs] Loading producer state till offset 0 (org.apache.kafka.storage.internals.log.UnifiedLog)
stream-state-bench-kafka  | [2026-07-16 06:30:15,136] INFO Completed load of Log(dir=/tmp/kafka-logs/__transaction_state-9, topicId=J4i_pi74Q76evSSIU5xh9Q, topic=__transaction_state, partition=9, highWatermark=0, lastStableOffset=0, logStartOffset=0, logEndOffset=0) with 1 segments, local-log-start-offset 0 and log-end-offset 0 in 2ms (68/102 completed in /tmp/kafka-logs) (kafka.log.LogManager)
stream-state-bench-kafka  | [2026-07-16 06:30:15,136] INFO [LogLoader partition=__consumer_offsets-23, dir=/tmp/kafka-logs] Loading producer state till offset 0 (org.apache.kafka.storage.internals.log.UnifiedLog)
stream-state-bench-kafka  | [2026-07-16 06:30:15,136] INFO Completed load of Log(dir=/tmp/kafka-logs/__consumer_offsets-23, topicId=C8iO9NBwSkGbZV2cfcRm5A, topic=__consumer_offsets, partition=23, highWatermark=0, lastStableOffset=0, logStartOffset=0, logEndOffset=0) with 1 segments, local-log-start-offset 0 and log-end-offset 0 in 2ms (69/102 completed in /tmp/kafka-logs) (kafka.log.LogManager)
stream-state-bench-kafka  | [2026-07-16 06:30:15,137] INFO [LogLoader partition=__transaction_state-23, dir=/tmp/kafka-logs] Loading producer state till offset 0 (org.apache.kafka.storage.internals.log.UnifiedLog)
stream-state-bench-kafka  | [2026-07-16 06:30:15,138] INFO Completed load of Log(dir=/tmp/kafka-logs/__transaction_state-23, topicId=J4i_pi74Q76evSSIU5xh9Q, topic=__transaction_state, partition=23, highWatermark=0, lastStableOffset=0, logStartOffset=0, logEndOffset=0) with 1 segments, local-log-start-offset 0 and log-end-offset 0 in 2ms (70/102 completed in /tmp/kafka-logs) (kafka.log.LogManager)
stream-state-bench-kafka  | [2026-07-16 06:30:15,138] INFO [LogLoader partition=__transaction_state-40, dir=/tmp/kafka-logs] Loading producer state till offset 0 (org.apache.kafka.storage.internals.log.UnifiedLog)
stream-state-bench-kafka  | [2026-07-16 06:30:15,138] INFO Completed load of Log(dir=/tmp/kafka-logs/__transaction_state-40, topicId=J4i_pi74Q76evSSIU5xh9Q, topic=__transaction_state, partition=40, highWatermark=0, lastStableOffset=0, logStartOffset=0, logEndOffset=0) with 1 segments, local-log-start-offset 0 and log-end-offset 0 in 2ms (71/102 completed in /tmp/kafka-logs) (kafka.log.LogManager)
stream-state-bench-kafka  | [2026-07-16 06:30:15,139] INFO [LogLoader partition=__consumer_offsets-14, dir=/tmp/kafka-logs] Loading producer state till offset 0 (org.apache.kafka.storage.internals.log.UnifiedLog)
stream-state-bench-kafka  | [2026-07-16 06:30:15,139] INFO Completed load of Log(dir=/tmp/kafka-logs/__consumer_offsets-14, topicId=C8iO9NBwSkGbZV2cfcRm5A, topic=__consumer_offsets, partition=14, highWatermark=0, lastStableOffset=0, logStartOffset=0, logEndOffset=0) with 1 segments, local-log-start-offset 0 and log-end-offset 0 in 2ms (72/102 completed in /tmp/kafka-logs) (kafka.log.LogManager)
stream-state-bench-kafka  | [2026-07-16 06:30:15,140] INFO [LogLoader partition=__transaction_state-45, dir=/tmp/kafka-logs] Loading producer state till offset 0 (org.apache.kafka.storage.internals.log.UnifiedLog)
stream-state-bench-kafka  | [2026-07-16 06:30:15,141] INFO Completed load of Log(dir=/tmp/kafka-logs/__transaction_state-45, topicId=J4i_pi74Q76evSSIU5xh9Q, topic=__transaction_state, partition=45, highWatermark=0, lastStableOffset=0, logStartOffset=0, logEndOffset=0) with 1 segments, local-log-start-offset 0 and log-end-offset 0 in 2ms (73/102 completed in /tmp/kafka-logs) (kafka.log.LogManager)
stream-state-bench-kafka  | [2026-07-16 06:30:15,141] INFO [LogLoader partition=__transaction_state-14, dir=/tmp/kafka-logs] Loading producer state till offset 0 (org.apache.kafka.storage.internals.log.UnifiedLog)
stream-state-bench-kafka  | [2026-07-16 06:30:15,141] INFO Completed load of Log(dir=/tmp/kafka-logs/__transaction_state-14, topicId=J4i_pi74Q76evSSIU5xh9Q, topic=__transaction_state, partition=14, highWatermark=0, lastStableOffset=0, logStartOffset=0, logEndOffset=0) with 1 segments, local-log-start-offset 0 and log-end-offset 0 in 2ms (74/102 completed in /tmp/kafka-logs) (kafka.log.LogManager)
stream-state-bench-kafka  | [2026-07-16 06:30:15,142] INFO [LogLoader partition=__consumer_offsets-10, dir=/tmp/kafka-logs] Loading producer state till offset 0 (org.apache.kafka.storage.internals.log.UnifiedLog)
stream-state-bench-kafka  | [2026-07-16 06:30:15,142] INFO [LogLoader partition=__transaction_state-18, dir=/tmp/kafka-logs] Loading producer state till offset 0 (org.apache.kafka.storage.internals.log.UnifiedLog)
stream-state-bench-kafka  | [2026-07-16 06:30:15,143] INFO Completed load of Log(dir=/tmp/kafka-logs/__transaction_state-18, topicId=J4i_pi74Q76evSSIU5xh9Q, topic=__transaction_state, partition=18, highWatermark=0, lastStableOffset=0, logStartOffset=0, logEndOffset=0) with 1 segments, local-log-start-offset 0 and log-end-offset 0 in 2ms (75/102 completed in /tmp/kafka-logs) (kafka.log.LogManager)
stream-state-bench-kafka  | [2026-07-16 06:30:15,143] INFO Completed load of Log(dir=/tmp/kafka-logs/__consumer_offsets-10, topicId=C8iO9NBwSkGbZV2cfcRm5A, topic=__consumer_offsets, partition=10, highWatermark=0, lastStableOffset=0, logStartOffset=0, logEndOffset=0) with 1 segments, local-log-start-offset 0 and log-end-offset 0 in 3ms (76/102 completed in /tmp/kafka-logs) (kafka.log.LogManager)
stream-state-bench-kafka  | [2026-07-16 06:30:15,145] INFO [LogLoader partition=__transaction_state-26, dir=/tmp/kafka-logs] Loading producer state till offset 0 (org.apache.kafka.storage.internals.log.UnifiedLog)
stream-state-bench-kafka  | [2026-07-16 06:30:15,145] INFO [LogLoader partition=__consumer_offsets-8, dir=/tmp/kafka-logs] Loading producer state till offset 0 (org.apache.kafka.storage.internals.log.UnifiedLog)
stream-state-bench-kafka  | [2026-07-16 06:30:15,145] INFO Completed load of Log(dir=/tmp/kafka-logs/__transaction_state-26, topicId=J4i_pi74Q76evSSIU5xh9Q, topic=__transaction_state, partition=26, highWatermark=0, lastStableOffset=0, logStartOffset=0, logEndOffset=0) with 1 segments, local-log-start-offset 0 and log-end-offset 0 in 1ms (77/102 completed in /tmp/kafka-logs) (kafka.log.LogManager)
stream-state-bench-kafka  | [2026-07-16 06:30:15,145] INFO Completed load of Log(dir=/tmp/kafka-logs/__consumer_offsets-8, topicId=C8iO9NBwSkGbZV2cfcRm5A, topic=__consumer_offsets, partition=8, highWatermark=0, lastStableOffset=0, logStartOffset=0, logEndOffset=0) with 1 segments, local-log-start-offset 0 and log-end-offset 0 in 2ms (78/102 completed in /tmp/kafka-logs) (kafka.log.LogManager)
stream-state-bench-kafka  | [2026-07-16 06:30:15,146] INFO [LogLoader partition=__consumer_offsets-37, dir=/tmp/kafka-logs] Loading producer state till offset 0 (org.apache.kafka.storage.internals.log.UnifiedLog)
stream-state-bench-kafka  | [2026-07-16 06:30:15,147] INFO Completed load of Log(dir=/tmp/kafka-logs/__consumer_offsets-37, topicId=C8iO9NBwSkGbZV2cfcRm5A, topic=__consumer_offsets, partition=37, highWatermark=0, lastStableOffset=0, logStartOffset=0, logEndOffset=0) with 1 segments, local-log-start-offset 0 and log-end-offset 0 in 1ms (79/102 completed in /tmp/kafka-logs) (kafka.log.LogManager)
stream-state-bench-kafka  | [2026-07-16 06:30:15,147] INFO [LogLoader partition=__consumer_offsets-9, dir=/tmp/kafka-logs] Loading producer state till offset 0 (org.apache.kafka.storage.internals.log.UnifiedLog)
stream-state-bench-kafka  | [2026-07-16 06:30:15,147] INFO Completed load of Log(dir=/tmp/kafka-logs/__consumer_offsets-9, topicId=C8iO9NBwSkGbZV2cfcRm5A, topic=__consumer_offsets, partition=9, highWatermark=0, lastStableOffset=0, logStartOffset=0, logEndOffset=0) with 1 segments, local-log-start-offset 0 and log-end-offset 0 in 2ms (80/102 completed in /tmp/kafka-logs) (kafka.log.LogManager)
stream-state-bench-kafka  | [2026-07-16 06:30:15,148] INFO [LogLoader partition=__consumer_offsets-41, dir=/tmp/kafka-logs] Loading producer state till offset 0 (org.apache.kafka.storage.internals.log.UnifiedLog)
stream-state-bench-kafka  | [2026-07-16 06:30:15,148] INFO Completed load of Log(dir=/tmp/kafka-logs/__consumer_offsets-41, topicId=C8iO9NBwSkGbZV2cfcRm5A, topic=__consumer_offsets, partition=41, highWatermark=0, lastStableOffset=0, logStartOffset=0, logEndOffset=0) with 1 segments, local-log-start-offset 0 and log-end-offset 0 in 2ms (81/102 completed in /tmp/kafka-logs) (kafka.log.LogManager)
stream-state-bench-kafka  | [2026-07-16 06:30:15,149] INFO [LogLoader partition=__consumer_offsets-3, dir=/tmp/kafka-logs] Loading producer state till offset 0 (org.apache.kafka.storage.internals.log.UnifiedLog)
stream-state-bench-kafka  | [2026-07-16 06:30:15,149] INFO Completed load of Log(dir=/tmp/kafka-logs/__consumer_offsets-3, topicId=C8iO9NBwSkGbZV2cfcRm5A, topic=__consumer_offsets, partition=3, highWatermark=0, lastStableOffset=0, logStartOffset=0, logEndOffset=0) with 1 segments, local-log-start-offset 0 and log-end-offset 0 in 2ms (82/102 completed in /tmp/kafka-logs) (kafka.log.LogManager)
stream-state-bench-kafka  | [2026-07-16 06:30:15,150] INFO [LogLoader partition=__consumer_offsets-31, dir=/tmp/kafka-logs] Loading producer state till offset 0 (org.apache.kafka.storage.internals.log.UnifiedLog)
stream-state-bench-kafka  | [2026-07-16 06:30:15,150] INFO Completed load of Log(dir=/tmp/kafka-logs/__consumer_offsets-31, topicId=C8iO9NBwSkGbZV2cfcRm5A, topic=__consumer_offsets, partition=31, highWatermark=0, lastStableOffset=0, logStartOffset=0, logEndOffset=0) with 1 segments, local-log-start-offset 0 and log-end-offset 0 in 2ms (83/102 completed in /tmp/kafka-logs) (kafka.log.LogManager)
stream-state-bench-kafka  | [2026-07-16 06:30:15,151] INFO [LogLoader partition=__transaction_state-27, dir=/tmp/kafka-logs] Loading producer state till offset 0 (org.apache.kafka.storage.internals.log.UnifiedLog)
stream-state-bench-kafka  | [2026-07-16 06:30:15,151] INFO Completed load of Log(dir=/tmp/kafka-logs/__transaction_state-27, topicId=J4i_pi74Q76evSSIU5xh9Q, topic=__transaction_state, partition=27, highWatermark=0, lastStableOffset=0, logStartOffset=0, logEndOffset=0) with 1 segments, local-log-start-offset 0 and log-end-offset 0 in 2ms (84/102 completed in /tmp/kafka-logs) (kafka.log.LogManager)
stream-state-bench-kafka  | [2026-07-16 06:30:15,152] INFO [LogLoader partition=__transaction_state-48, dir=/tmp/kafka-logs] Loading producer state till offset 0 (org.apache.kafka.storage.internals.log.UnifiedLog)
stream-state-bench-kafka  | [2026-07-16 06:30:15,152] INFO Completed load of Log(dir=/tmp/kafka-logs/__transaction_state-48, topicId=J4i_pi74Q76evSSIU5xh9Q, topic=__transaction_state, partition=48, highWatermark=0, lastStableOffset=0, logStartOffset=0, logEndOffset=0) with 1 segments, local-log-start-offset 0 and log-end-offset 0 in 1ms (85/102 completed in /tmp/kafka-logs) (kafka.log.LogManager)
stream-state-bench-kafka  | [2026-07-16 06:30:15,152] INFO [LogLoader partition=__transaction_state-29, dir=/tmp/kafka-logs] Loading producer state till offset 0 (org.apache.kafka.storage.internals.log.UnifiedLog)
stream-state-bench-kafka  | [2026-07-16 06:30:15,153] INFO Completed load of Log(dir=/tmp/kafka-logs/__transaction_state-29, topicId=J4i_pi74Q76evSSIU5xh9Q, topic=__transaction_state, partition=29, highWatermark=0, lastStableOffset=0, logStartOffset=0, logEndOffset=0) with 1 segments, local-log-start-offset 0 and log-end-offset 0 in 1ms (86/102 completed in /tmp/kafka-logs) (kafka.log.LogManager)
stream-state-bench-kafka  | [2026-07-16 06:30:15,166] INFO [LogLoader partition=__transaction_state-7, dir=/tmp/kafka-logs] Loading producer state till offset 0 (org.apache.kafka.storage.internals.log.UnifiedLog)
stream-state-bench-kafka  | [2026-07-16 06:30:15,167] INFO [LogLoader partition=__transaction_state-33, dir=/tmp/kafka-logs] Loading producer state till offset 0 (org.apache.kafka.storage.internals.log.UnifiedLog)
stream-state-bench-kafka  | [2026-07-16 06:30:15,167] INFO Completed load of Log(dir=/tmp/kafka-logs/__transaction_state-7, topicId=J4i_pi74Q76evSSIU5xh9Q, topic=__transaction_state, partition=7, highWatermark=0, lastStableOffset=0, logStartOffset=0, logEndOffset=0) with 1 segments, local-log-start-offset 0 and log-end-offset 0 in 14ms (87/102 completed in /tmp/kafka-logs) (kafka.log.LogManager)
stream-state-bench-kafka  | [2026-07-16 06:30:15,167] INFO Completed load of Log(dir=/tmp/kafka-logs/__transaction_state-33, topicId=J4i_pi74Q76evSSIU5xh9Q, topic=__transaction_state, partition=33, highWatermark=0, lastStableOffset=0, logStartOffset=0, logEndOffset=0) with 1 segments, local-log-start-offset 0 and log-end-offset 0 in 15ms (88/102 completed in /tmp/kafka-logs) (kafka.log.LogManager)
stream-state-bench-kafka  | [2026-07-16 06:30:15,168] INFO [LogLoader partition=__transaction_state-36, dir=/tmp/kafka-logs] Loading producer state till offset 0 (org.apache.kafka.storage.internals.log.UnifiedLog)
stream-state-bench-kafka  | [2026-07-16 06:30:15,168] INFO Completed load of Log(dir=/tmp/kafka-logs/__transaction_state-36, topicId=J4i_pi74Q76evSSIU5xh9Q, topic=__transaction_state, partition=36, highWatermark=0, lastStableOffset=0, logStartOffset=0, logEndOffset=0) with 1 segments, local-log-start-offset 0 and log-end-offset 0 in 2ms (89/102 completed in /tmp/kafka-logs) (kafka.log.LogManager)
stream-state-bench-kafka  | [2026-07-16 06:30:15,169] INFO [LogLoader partition=__transaction_state-12, dir=/tmp/kafka-logs] Loading producer state till offset 0 (org.apache.kafka.storage.internals.log.UnifiedLog)
stream-state-bench-kafka  | [2026-07-16 06:30:15,169] INFO Completed load of Log(dir=/tmp/kafka-logs/__transaction_state-12, topicId=J4i_pi74Q76evSSIU5xh9Q, topic=__transaction_state, partition=12, highWatermark=0, lastStableOffset=0, logStartOffset=0, logEndOffset=0) with 1 segments, local-log-start-offset 0 and log-end-offset 0 in 2ms (90/102 completed in /tmp/kafka-logs) (kafka.log.LogManager)
stream-state-bench-kafka  | [2026-07-16 06:30:15,170] INFO [LogLoader partition=__consumer_offsets-36, dir=/tmp/kafka-logs] Loading producer state till offset 0 (org.apache.kafka.storage.internals.log.UnifiedLog)
stream-state-bench-kafka  | [2026-07-16 06:30:15,170] INFO Completed load of Log(dir=/tmp/kafka-logs/__consumer_offsets-36, topicId=C8iO9NBwSkGbZV2cfcRm5A, topic=__consumer_offsets, partition=36, highWatermark=0, lastStableOffset=0, logStartOffset=0, logEndOffset=0) with 1 segments, local-log-start-offset 0 and log-end-offset 0 in 2ms (91/102 completed in /tmp/kafka-logs) (kafka.log.LogManager)
stream-state-bench-kafka  | [2026-07-16 06:30:15,171] INFO [LogLoader partition=__transaction_state-11, dir=/tmp/kafka-logs] Loading producer state till offset 0 (org.apache.kafka.storage.internals.log.UnifiedLog)
stream-state-bench-kafka  | [2026-07-16 06:30:15,171] INFO [LogLoader partition=__transaction_state-22, dir=/tmp/kafka-logs] Loading producer state till offset 0 (org.apache.kafka.storage.internals.log.UnifiedLog)
stream-state-bench-kafka  | [2026-07-16 06:30:15,172] INFO Completed load of Log(dir=/tmp/kafka-logs/__transaction_state-11, topicId=J4i_pi74Q76evSSIU5xh9Q, topic=__transaction_state, partition=11, highWatermark=0, lastStableOffset=0, logStartOffset=0, logEndOffset=0) with 1 segments, local-log-start-offset 0 and log-end-offset 0 in 2ms (92/102 completed in /tmp/kafka-logs) (kafka.log.LogManager)
stream-state-bench-kafka  | [2026-07-16 06:30:15,172] INFO Completed load of Log(dir=/tmp/kafka-logs/__transaction_state-22, topicId=J4i_pi74Q76evSSIU5xh9Q, topic=__transaction_state, partition=22, highWatermark=0, lastStableOffset=0, logStartOffset=0, logEndOffset=0) with 1 segments, local-log-start-offset 0 and log-end-offset 0 in 1ms (93/102 completed in /tmp/kafka-logs) (kafka.log.LogManager)
stream-state-bench-kafka  | [2026-07-16 06:30:15,173] INFO [LogLoader partition=__transaction_state-19, dir=/tmp/kafka-logs] Loading producer state till offset 0 (org.apache.kafka.storage.internals.log.UnifiedLog)
stream-state-bench-kafka  | [2026-07-16 06:30:15,173] INFO [LogLoader partition=__consumer_offsets-6, dir=/tmp/kafka-logs] Loading producer state till offset 0 (org.apache.kafka.storage.internals.log.UnifiedLog)
stream-state-bench-kafka  | [2026-07-16 06:30:15,174] INFO Completed load of Log(dir=/tmp/kafka-logs/__transaction_state-19, topicId=J4i_pi74Q76evSSIU5xh9Q, topic=__transaction_state, partition=19, highWatermark=0, lastStableOffset=0, logStartOffset=0, logEndOffset=0) with 1 segments, local-log-start-offset 0 and log-end-offset 0 in 1ms (94/102 completed in /tmp/kafka-logs) (kafka.log.LogManager)
stream-state-bench-kafka  | [2026-07-16 06:30:15,174] INFO Completed load of Log(dir=/tmp/kafka-logs/__consumer_offsets-6, topicId=C8iO9NBwSkGbZV2cfcRm5A, topic=__consumer_offsets, partition=6, highWatermark=0, lastStableOffset=0, logStartOffset=0, logEndOffset=0) with 1 segments, local-log-start-offset 0 and log-end-offset 0 in 2ms (95/102 completed in /tmp/kafka-logs) (kafka.log.LogManager)
stream-state-bench-kafka  | [2026-07-16 06:30:15,182] INFO [LogLoader partition=__transaction_state-5, dir=/tmp/kafka-logs] Loading producer state till offset 0 (org.apache.kafka.storage.internals.log.UnifiedLog)
stream-state-bench-kafka  | [2026-07-16 06:30:15,182] INFO [LogLoader partition=__transaction_state-30, dir=/tmp/kafka-logs] Loading producer state till offset 0 (org.apache.kafka.storage.internals.log.UnifiedLog)
stream-state-bench-kafka  | [2026-07-16 06:30:15,183] INFO Completed load of Log(dir=/tmp/kafka-logs/__transaction_state-30, topicId=J4i_pi74Q76evSSIU5xh9Q, topic=__transaction_state, partition=30, highWatermark=0, lastStableOffset=0, logStartOffset=0, logEndOffset=0) with 1 segments, local-log-start-offset 0 and log-end-offset 0 in 9ms (96/102 completed in /tmp/kafka-logs) (kafka.log.LogManager)
stream-state-bench-kafka  | [2026-07-16 06:30:15,183] INFO Completed load of Log(dir=/tmp/kafka-logs/__transaction_state-5, topicId=J4i_pi74Q76evSSIU5xh9Q, topic=__transaction_state, partition=5, highWatermark=0, lastStableOffset=0, logStartOffset=0, logEndOffset=0) with 1 segments, local-log-start-offset 0 and log-end-offset 0 in 9ms (97/102 completed in /tmp/kafka-logs) (kafka.log.LogManager)
stream-state-bench-kafka  | [2026-07-16 06:30:15,184] INFO [LogLoader partition=__transaction_state-28, dir=/tmp/kafka-logs] Loading producer state till offset 0 (org.apache.kafka.storage.internals.log.UnifiedLog)
stream-state-bench-kafka  | [2026-07-16 06:30:15,185] INFO [LogLoader partition=__consumer_offsets-45, dir=/tmp/kafka-logs] Loading producer state till offset 0 (org.apache.kafka.storage.internals.log.UnifiedLog)
stream-state-bench-kafka  | [2026-07-16 06:30:15,185] INFO Completed load of Log(dir=/tmp/kafka-logs/__transaction_state-28, topicId=J4i_pi74Q76evSSIU5xh9Q, topic=__transaction_state, partition=28, highWatermark=0, lastStableOffset=0, logStartOffset=0, logEndOffset=0) with 1 segments, local-log-start-offset 0 and log-end-offset 0 in 2ms (98/102 completed in /tmp/kafka-logs) (kafka.log.LogManager)
stream-state-bench-kafka  | [2026-07-16 06:30:15,185] INFO Completed load of Log(dir=/tmp/kafka-logs/__consumer_offsets-45, topicId=C8iO9NBwSkGbZV2cfcRm5A, topic=__consumer_offsets, partition=45, highWatermark=0, lastStableOffset=0, logStartOffset=0, logEndOffset=0) with 1 segments, local-log-start-offset 0 and log-end-offset 0 in 3ms (99/102 completed in /tmp/kafka-logs) (kafka.log.LogManager)
stream-state-bench-kafka  | [2026-07-16 06:30:15,186] INFO [LogLoader partition=__consumer_offsets-11, dir=/tmp/kafka-logs] Loading producer state till offset 0 (org.apache.kafka.storage.internals.log.UnifiedLog)
stream-state-bench-kafka  | [2026-07-16 06:30:15,186] INFO [LogLoader partition=__transaction_state-6, dir=/tmp/kafka-logs] Loading producer state till offset 0 (org.apache.kafka.storage.internals.log.UnifiedLog)
stream-state-bench-kafka  | [2026-07-16 06:30:15,186] INFO Completed load of Log(dir=/tmp/kafka-logs/__consumer_offsets-11, topicId=C8iO9NBwSkGbZV2cfcRm5A, topic=__consumer_offsets, partition=11, highWatermark=0, lastStableOffset=0, logStartOffset=0, logEndOffset=0) with 1 segments, local-log-start-offset 0 and log-end-offset 0 in 2ms (100/102 completed in /tmp/kafka-logs) (kafka.log.LogManager)
stream-state-bench-kafka  | [2026-07-16 06:30:15,187] INFO Completed load of Log(dir=/tmp/kafka-logs/__transaction_state-6, topicId=J4i_pi74Q76evSSIU5xh9Q, topic=__transaction_state, partition=6, highWatermark=0, lastStableOffset=0, logStartOffset=0, logEndOffset=0) with 1 segments, local-log-start-offset 0 and log-end-offset 0 in 2ms (101/102 completed in /tmp/kafka-logs) (kafka.log.LogManager)
stream-state-bench-kafka  | [2026-07-16 06:30:15,188] INFO [LogLoader partition=__consumer_offsets-24, dir=/tmp/kafka-logs] Loading producer state till offset 0 (org.apache.kafka.storage.internals.log.UnifiedLog)
stream-state-bench-kafka  | [2026-07-16 06:30:15,189] INFO Completed load of Log(dir=/tmp/kafka-logs/__consumer_offsets-24, topicId=C8iO9NBwSkGbZV2cfcRm5A, topic=__consumer_offsets, partition=24, highWatermark=0, lastStableOffset=0, logStartOffset=0, logEndOffset=0) with 1 segments, local-log-start-offset 0 and log-end-offset 0 in 2ms (102/102 completed in /tmp/kafka-logs) (kafka.log.LogManager)
stream-state-bench-kafka  | [2026-07-16 06:30:15,192] INFO Loaded 102 logs in 155ms (kafka.log.LogManager)
stream-state-bench-kafka  | [2026-07-16 06:30:15,192] INFO Starting log cleanup with a period of 300000 ms. (kafka.log.LogManager)
stream-state-bench-kafka  | [2026-07-16 06:30:15,193] INFO Starting log flusher with a default period of 9223372036854775807 ms. (kafka.log.LogManager)
stream-state-bench-kafka  | [2026-07-16 06:30:15,270] INFO [LogDirFailureHandler]: Starting (kafka.server.ReplicaManager$LogDirFailureHandler)
stream-state-bench-kafka  | [2026-07-16 06:30:15,271] INFO [AddPartitionsToTxnSenderThread-1]: Starting (org.apache.kafka.server.transaction.AddPartitionsToTxnManager)
stream-state-bench-kafka  | [2026-07-16 06:30:15,271] INFO [GroupCoordinator id=1] Starting up. (org.apache.kafka.coordinator.group.GroupCoordinatorService)
stream-state-bench-kafka  | [2026-07-16 06:30:15,271] INFO [GroupCoordinator id=1] Startup complete. (org.apache.kafka.coordinator.group.GroupCoordinatorService)
stream-state-bench-kafka  | [2026-07-16 06:30:15,271] INFO [TransactionCoordinator id=1] Starting up. (kafka.coordinator.transaction.TransactionCoordinator)
stream-state-bench-kafka  | [2026-07-16 06:30:15,272] INFO [TxnMarkerSenderThread-1]: Starting (kafka.coordinator.transaction.TransactionMarkerChannelManager)
stream-state-bench-kafka  | [2026-07-16 06:30:15,272] INFO [TransactionCoordinator id=1] Startup complete. (kafka.coordinator.transaction.TransactionCoordinator)
stream-state-bench-kafka  | [2026-07-16 06:30:15,272] INFO [ShareCoordinator id=1] Starting up. (org.apache.kafka.coordinator.share.ShareCoordinatorService)
stream-state-bench-kafka  | [2026-07-16 06:30:15,272] INFO [ShareCoordinator id=1] Startup complete. (org.apache.kafka.coordinator.share.ShareCoordinatorService)
stream-state-bench-kafka  | [2026-07-16 06:30:15,280] INFO [Partition __transaction_state-42 broker=1] Log loaded for partition __transaction_state-42 with initial high watermark 0 (kafka.cluster.Partition)
stream-state-bench-kafka  | [2026-07-16 06:30:15,284] INFO [Partition __consumer_offsets-13 broker=1] Log loaded for partition __consumer_offsets-13 with initial high watermark 0 (kafka.cluster.Partition)
stream-state-bench-kafka  | [2026-07-16 06:30:15,284] INFO [Partition __consumer_offsets-46 broker=1] Log loaded for partition __consumer_offsets-46 with initial high watermark 0 (kafka.cluster.Partition)
stream-state-bench-kafka  | [2026-07-16 06:30:15,285] INFO [Partition __transaction_state-17 broker=1] Log loaded for partition __transaction_state-17 with initial high watermark 0 (kafka.cluster.Partition)
stream-state-bench-kafka  | [2026-07-16 06:30:15,285] INFO [Partition __transaction_state-34 broker=1] Log loaded for partition __transaction_state-34 with initial high watermark 0 (kafka.cluster.Partition)
stream-state-bench-kafka  | [2026-07-16 06:30:15,285] INFO [Partition __consumer_offsets-21 broker=1] Log loaded for partition __consumer_offsets-21 with initial high watermark 0 (kafka.cluster.Partition)
stream-state-bench-kafka  | [2026-07-16 06:30:15,286] INFO [Partition __transaction_state-9 broker=1] Log loaded for partition __transaction_state-9 with initial high watermark 0 (kafka.cluster.Partition)
stream-state-bench-kafka  | [2026-07-16 06:30:15,286] INFO [Partition __transaction_state-26 broker=1] Log loaded for partition __transaction_state-26 with initial high watermark 0 (kafka.cluster.Partition)
stream-state-bench-kafka  | [2026-07-16 06:30:15,286] INFO [Partition __consumer_offsets-30 broker=1] Log loaded for partition __consumer_offsets-30 with initial high watermark 0 (kafka.cluster.Partition)
stream-state-bench-kafka  | [2026-07-16 06:30:15,287] INFO [Partition __transaction_state-1 broker=1] Log loaded for partition __transaction_state-1 with initial high watermark 0 (kafka.cluster.Partition)
stream-state-bench-kafka  | [2026-07-16 06:30:15,287] INFO [Partition __transaction_state-18 broker=1] Log loaded for partition __transaction_state-18 with initial high watermark 0 (kafka.cluster.Partition)
stream-state-bench-kafka  | [2026-07-16 06:30:15,288] INFO [Partition __consumer_offsets-5 broker=1] Log loaded for partition __consumer_offsets-5 with initial high watermark 0 (kafka.cluster.Partition)
stream-state-bench-kafka  | [2026-07-16 06:30:15,288] INFO [Partition __consumer_offsets-38 broker=1] Log loaded for partition __consumer_offsets-38 with initial high watermark 0 (kafka.cluster.Partition)
stream-state-bench-kafka  | [2026-07-16 06:30:15,288] INFO [Partition __consumer_offsets-45 broker=1] Log loaded for partition __consumer_offsets-45 with initial high watermark 0 (kafka.cluster.Partition)
stream-state-bench-kafka  | [2026-07-16 06:30:15,289] INFO [Partition __consumer_offsets-12 broker=1] Log loaded for partition __consumer_offsets-12 with initial high watermark 3 (kafka.cluster.Partition)
stream-state-bench-kafka  | [2026-07-16 06:30:15,289] INFO [Partition __transaction_state-16 broker=1] Log loaded for partition __transaction_state-16 with initial high watermark 0 (kafka.cluster.Partition)
stream-state-bench-kafka  | [2026-07-16 06:30:15,289] INFO [Partition __transaction_state-49 broker=1] Log loaded for partition __transaction_state-49 with initial high watermark 0 (kafka.cluster.Partition)
stream-state-bench-kafka  | [2026-07-16 06:30:15,290] INFO [Partition __consumer_offsets-20 broker=1] Log loaded for partition __consumer_offsets-20 with initial high watermark 0 (kafka.cluster.Partition)
stream-state-bench-kafka  | [2026-07-16 06:30:15,291] INFO [Partition __transaction_state-8 broker=1] Log loaded for partition __transaction_state-8 with initial high watermark 0 (kafka.cluster.Partition)
stream-state-bench-kafka  | [2026-07-16 06:30:15,291] INFO [Partition __transaction_state-41 broker=1] Log loaded for partition __transaction_state-41 with initial high watermark 0 (kafka.cluster.Partition)
stream-state-bench-kafka  | [2026-07-16 06:30:15,292] INFO [Partition __consumer_offsets-29 broker=1] Log loaded for partition __consumer_offsets-29 with initial high watermark 0 (kafka.cluster.Partition)
stream-state-bench-kafka  | [2026-07-16 06:30:15,292] INFO [Partition __transaction_state-0 broker=1] Log loaded for partition __transaction_state-0 with initial high watermark 0 (kafka.cluster.Partition)
stream-state-bench-kafka  | [2026-07-16 06:30:15,292] INFO [Partition __transaction_state-33 broker=1] Log loaded for partition __transaction_state-33 with initial high watermark 0 (kafka.cluster.Partition)
stream-state-bench-kafka  | [2026-07-16 06:30:15,293] INFO [Partition __consumer_offsets-37 broker=1] Log loaded for partition __consumer_offsets-37 with initial high watermark 0 (kafka.cluster.Partition)
stream-state-bench-kafka  | [2026-07-16 06:30:15,293] INFO [Partition __consumer_offsets-4 broker=1] Log loaded for partition __consumer_offsets-4 with initial high watermark 0 (kafka.cluster.Partition)
stream-state-bench-kafka  | [2026-07-16 06:30:15,294] INFO [Partition __transaction_state-25 broker=1] Log loaded for partition __transaction_state-25 with initial high watermark 0 (kafka.cluster.Partition)
stream-state-bench-kafka  | [2026-07-16 06:30:15,294] INFO [Partition __consumer_offsets-15 broker=1] Log loaded for partition __consumer_offsets-15 with initial high watermark 0 (kafka.cluster.Partition)
stream-state-bench-kafka  | [2026-07-16 06:30:15,294] INFO [Partition __consumer_offsets-48 broker=1] Log loaded for partition __consumer_offsets-48 with initial high watermark 0 (kafka.cluster.Partition)
stream-state-bench-kafka  | [2026-07-16 06:30:15,295] INFO [Partition __transaction_state-15 broker=1] Log loaded for partition __transaction_state-15 with initial high watermark 0 (kafka.cluster.Partition)
stream-state-bench-kafka  | [2026-07-16 06:30:15,295] INFO [Partition __transaction_state-48 broker=1] Log loaded for partition __transaction_state-48 with initial high watermark 0 (kafka.cluster.Partition)
stream-state-bench-kafka  | [2026-07-16 06:30:15,296] INFO [Partition __consumer_offsets-23 broker=1] Log loaded for partition __consumer_offsets-23 with initial high watermark 0 (kafka.cluster.Partition)
stream-state-bench-kafka  | [2026-07-16 06:30:15,296] INFO [Partition __transaction_state-7 broker=1] Log loaded for partition __transaction_state-7 with initial high watermark 0 (kafka.cluster.Partition)
stream-state-bench-kafka  | [2026-07-16 06:30:15,297] INFO [Partition __transaction_state-40 broker=1] Log loaded for partition __transaction_state-40 with initial high watermark 0 (kafka.cluster.Partition)
stream-state-bench-kafka  | [2026-07-16 06:30:15,297] INFO [Partition __consumer_offsets-32 broker=1] Log loaded for partition __consumer_offsets-32 with initial high watermark 3 (kafka.cluster.Partition)
stream-state-bench-kafka  | [2026-07-16 06:30:15,297] INFO [Partition __transaction_state-32 broker=1] Log loaded for partition __transaction_state-32 with initial high watermark 0 (kafka.cluster.Partition)
stream-state-bench-kafka  | [2026-07-16 06:30:15,298] INFO [Partition __consumer_offsets-7 broker=1] Log loaded for partition __consumer_offsets-7 with initial high watermark 0 (kafka.cluster.Partition)
stream-state-bench-kafka  | [2026-07-16 06:30:15,298] INFO [Partition __consumer_offsets-40 broker=1] Log loaded for partition __consumer_offsets-40 with initial high watermark 0 (kafka.cluster.Partition)
stream-state-bench-kafka  | [2026-07-16 06:30:15,299] INFO [Partition __transaction_state-24 broker=1] Log loaded for partition __transaction_state-24 with initial high watermark 0 (kafka.cluster.Partition)
stream-state-bench-kafka  | [2026-07-16 06:30:15,299] INFO [Partition __consumer_offsets-47 broker=1] Log loaded for partition __consumer_offsets-47 with initial high watermark 0 (kafka.cluster.Partition)
stream-state-bench-kafka  | [2026-07-16 06:30:15,300] INFO [Partition __consumer_offsets-14 broker=1] Log loaded for partition __consumer_offsets-14 with initial high watermark 0 (kafka.cluster.Partition)
stream-state-bench-kafka  | [2026-07-16 06:30:15,300] INFO [Partition __transaction_state-14 broker=1] Log loaded for partition __transaction_state-14 with initial high watermark 0 (kafka.cluster.Partition)
stream-state-bench-kafka  | [2026-07-16 06:30:15,300] INFO [Partition __transaction_state-47 broker=1] Log loaded for partition __transaction_state-47 with initial high watermark 0 (kafka.cluster.Partition)
stream-state-bench-kafka  | [2026-07-16 06:30:15,301] INFO [Partition __consumer_offsets-22 broker=1] Log loaded for partition __consumer_offsets-22 with initial high watermark 4 (kafka.cluster.Partition)
stream-state-bench-kafka  | [2026-07-16 06:30:15,301] INFO [Partition __transaction_state-6 broker=1] Log loaded for partition __transaction_state-6 with initial high watermark 0 (kafka.cluster.Partition)
stream-state-bench-kafka  | [2026-07-16 06:30:15,302] INFO [Partition __transaction_state-39 broker=1] Log loaded for partition __transaction_state-39 with initial high watermark 0 (kafka.cluster.Partition)
stream-state-bench-kafka  | [2026-07-16 06:30:15,302] INFO [Partition __consumer_offsets-31 broker=1] Log loaded for partition __consumer_offsets-31 with initial high watermark 0 (kafka.cluster.Partition)
stream-state-bench-kafka  | [2026-07-16 06:30:15,302] INFO [Partition __transaction_state-31 broker=1] Log loaded for partition __transaction_state-31 with initial high watermark 0 (kafka.cluster.Partition)
stream-state-bench-kafka  | [2026-07-16 06:30:15,303] INFO [Partition __consumer_offsets-39 broker=1] Log loaded for partition __consumer_offsets-39 with initial high watermark 0 (kafka.cluster.Partition)
stream-state-bench-kafka  | [2026-07-16 06:30:15,303] INFO [Partition __consumer_offsets-6 broker=1] Log loaded for partition __consumer_offsets-6 with initial high watermark 0 (kafka.cluster.Partition)
stream-state-bench-kafka  | [2026-07-16 06:30:15,304] INFO [Partition __transaction_state-23 broker=1] Log loaded for partition __transaction_state-23 with initial high watermark 0 (kafka.cluster.Partition)
stream-state-bench-kafka  | [2026-07-16 06:30:15,305] INFO [Partition bench-identity-latency-output-0 broker=1] Log loaded for partition bench-identity-latency-output-0 with initial high watermark 737 (kafka.cluster.Partition)
stream-state-bench-kafka  | [2026-07-16 06:30:15,305] INFO [Partition bench-identity-latency-input-0 broker=1] Log loaded for partition bench-identity-latency-input-0 with initial high watermark 707 (kafka.cluster.Partition)
stream-state-bench-kafka  | [2026-07-16 06:30:15,306] INFO [Partition __transaction_state-13 broker=1] Log loaded for partition __transaction_state-13 with initial high watermark 0 (kafka.cluster.Partition)
stream-state-bench-kafka  | [2026-07-16 06:30:15,306] INFO [Partition __transaction_state-46 broker=1] Log loaded for partition __transaction_state-46 with initial high watermark 122 (kafka.cluster.Partition)
stream-state-bench-kafka  | [2026-07-16 06:30:15,307] INFO [Partition __consumer_offsets-9 broker=1] Log loaded for partition __consumer_offsets-9 with initial high watermark 0 (kafka.cluster.Partition)
stream-state-bench-kafka  | [2026-07-16 06:30:15,307] INFO [Partition __consumer_offsets-42 broker=1] Log loaded for partition __consumer_offsets-42 with initial high watermark 0 (kafka.cluster.Partition)
stream-state-bench-kafka  | [2026-07-16 06:30:15,307] INFO [Partition __transaction_state-5 broker=1] Log loaded for partition __transaction_state-5 with initial high watermark 0 (kafka.cluster.Partition)
stream-state-bench-kafka  | [2026-07-16 06:30:15,308] INFO [Partition __transaction_state-38 broker=1] Log loaded for partition __transaction_state-38 with initial high watermark 0 (kafka.cluster.Partition)
stream-state-bench-kafka  | [2026-07-16 06:30:15,308] INFO [Partition __consumer_offsets-17 broker=1] Log loaded for partition __consumer_offsets-17 with initial high watermark 0 (kafka.cluster.Partition)
stream-state-bench-kafka  | [2026-07-16 06:30:15,309] INFO [Partition __transaction_state-30 broker=1] Log loaded for partition __transaction_state-30 with initial high watermark 0 (kafka.cluster.Partition)
stream-state-bench-kafka  | [2026-07-16 06:30:15,309] INFO [Partition __consumer_offsets-26 broker=1] Log loaded for partition __consumer_offsets-26 with initial high watermark 0 (kafka.cluster.Partition)
stream-state-bench-kafka  | [2026-07-16 06:30:15,310] INFO [Partition __transaction_state-22 broker=1] Log loaded for partition __transaction_state-22 with initial high watermark 0 (kafka.cluster.Partition)
stream-state-bench-kafka  | [2026-07-16 06:30:15,310] INFO [Partition __consumer_offsets-1 broker=1] Log loaded for partition __consumer_offsets-1 with initial high watermark 0 (kafka.cluster.Partition)
stream-state-bench-kafka  | [2026-07-16 06:30:15,311] INFO [Partition __consumer_offsets-34 broker=1] Log loaded for partition __consumer_offsets-34 with initial high watermark 0 (kafka.cluster.Partition)
stream-state-bench-kafka  | [2026-07-16 06:30:15,311] INFO [Partition __consumer_offsets-16 broker=1] Log loaded for partition __consumer_offsets-16 with initial high watermark 0 (kafka.cluster.Partition)
stream-state-bench-kafka  | [2026-07-16 06:30:15,312] INFO [Partition __transaction_state-12 broker=1] Log loaded for partition __transaction_state-12 with initial high watermark 0 (kafka.cluster.Partition)
stream-state-bench-kafka  | [2026-07-16 06:30:15,312] INFO [Partition __transaction_state-45 broker=1] Log loaded for partition __transaction_state-45 with initial high watermark 0 (kafka.cluster.Partition)
stream-state-bench-kafka  | [2026-07-16 06:30:15,312] INFO [Partition __consumer_offsets-41 broker=1] Log loaded for partition __consumer_offsets-41 with initial high watermark 0 (kafka.cluster.Partition)
stream-state-bench-kafka  | [2026-07-16 06:30:15,313] INFO [Partition __consumer_offsets-24 broker=1] Log loaded for partition __consumer_offsets-24 with initial high watermark 0 (kafka.cluster.Partition)
stream-state-bench-kafka  | [2026-07-16 06:30:15,313] INFO [Partition __transaction_state-4 broker=1] Log loaded for partition __transaction_state-4 with initial high watermark 0 (kafka.cluster.Partition)
stream-state-bench-kafka  | [2026-07-16 06:30:15,314] INFO [Partition __transaction_state-37 broker=1] Log loaded for partition __transaction_state-37 with initial high watermark 0 (kafka.cluster.Partition)
stream-state-bench-kafka  | [2026-07-16 06:30:15,314] INFO [Partition __consumer_offsets-49 broker=1] Log loaded for partition __consumer_offsets-49 with initial high watermark 0 (kafka.cluster.Partition)
stream-state-bench-kafka  | [2026-07-16 06:30:15,315] INFO [Partition __consumer_offsets-0 broker=1] Log loaded for partition __consumer_offsets-0 with initial high watermark 0 (kafka.cluster.Partition)
stream-state-bench-kafka  | [2026-07-16 06:30:15,315] INFO [Partition __transaction_state-29 broker=1] Log loaded for partition __transaction_state-29 with initial high watermark 0 (kafka.cluster.Partition)
stream-state-bench-kafka  | [2026-07-16 06:30:15,315] INFO [Partition __consumer_offsets-25 broker=1] Log loaded for partition __consumer_offsets-25 with initial high watermark 0 (kafka.cluster.Partition)
stream-state-bench-kafka  | [2026-07-16 06:30:15,316] INFO [Partition __consumer_offsets-8 broker=1] Log loaded for partition __consumer_offsets-8 with initial high watermark 0 (kafka.cluster.Partition)
stream-state-bench-kafka  | [2026-07-16 06:30:15,316] INFO [Partition __transaction_state-21 broker=1] Log loaded for partition __transaction_state-21 with initial high watermark 0 (kafka.cluster.Partition)
stream-state-bench-kafka  | [2026-07-16 06:30:15,317] INFO [Partition __consumer_offsets-33 broker=1] Log loaded for partition __consumer_offsets-33 with initial high watermark 0 (kafka.cluster.Partition)
stream-state-bench-kafka  | [2026-07-16 06:30:15,317] INFO [Partition __transaction_state-11 broker=1] Log loaded for partition __transaction_state-11 with initial high watermark 0 (kafka.cluster.Partition)
stream-state-bench-kafka  | [2026-07-16 06:30:15,318] INFO [Partition __transaction_state-44 broker=1] Log loaded for partition __transaction_state-44 with initial high watermark 0 (kafka.cluster.Partition)
stream-state-bench-kafka  | [2026-07-16 06:30:15,318] INFO [Partition __consumer_offsets-11 broker=1] Log loaded for partition __consumer_offsets-11 with initial high watermark 0 (kafka.cluster.Partition)
stream-state-bench-kafka  | [2026-07-16 06:30:15,318] INFO [Partition __consumer_offsets-44 broker=1] Log loaded for partition __consumer_offsets-44 with initial high watermark 62 (kafka.cluster.Partition)
stream-state-bench-kafka  | [2026-07-16 06:30:15,319] INFO [Partition __transaction_state-3 broker=1] Log loaded for partition __transaction_state-3 with initial high watermark 0 (kafka.cluster.Partition)
stream-state-bench-kafka  | [2026-07-16 06:30:15,319] INFO [Partition __transaction_state-36 broker=1] Log loaded for partition __transaction_state-36 with initial high watermark 0 (kafka.cluster.Partition)
stream-state-bench-kafka  | [2026-07-16 06:30:15,320] INFO [Partition __consumer_offsets-19 broker=1] Log loaded for partition __consumer_offsets-19 with initial high watermark 0 (kafka.cluster.Partition)
stream-state-bench-kafka  | [2026-07-16 06:30:15,320] INFO [Partition __transaction_state-28 broker=1] Log loaded for partition __transaction_state-28 with initial high watermark 0 (kafka.cluster.Partition)
stream-state-bench-kafka  | [2026-07-16 06:30:15,320] INFO [Partition __consumer_offsets-28 broker=1] Log loaded for partition __consumer_offsets-28 with initial high watermark 0 (kafka.cluster.Partition)
stream-state-bench-kafka  | [2026-07-16 06:30:15,321] INFO [Partition __transaction_state-20 broker=1] Log loaded for partition __transaction_state-20 with initial high watermark 0 (kafka.cluster.Partition)
stream-state-bench-kafka  | [2026-07-16 06:30:15,321] INFO [Partition __consumer_offsets-3 broker=1] Log loaded for partition __consumer_offsets-3 with initial high watermark 0 (kafka.cluster.Partition)
stream-state-bench-kafka  | [2026-07-16 06:30:15,322] INFO [Partition __consumer_offsets-36 broker=1] Log loaded for partition __consumer_offsets-36 with initial high watermark 0 (kafka.cluster.Partition)
stream-state-bench-kafka  | [2026-07-16 06:30:15,322] INFO [Partition __transaction_state-10 broker=1] Log loaded for partition __transaction_state-10 with initial high watermark 0 (kafka.cluster.Partition)
stream-state-bench-kafka  | [2026-07-16 06:30:15,323] INFO [Partition __transaction_state-43 broker=1] Log loaded for partition __transaction_state-43 with initial high watermark 0 (kafka.cluster.Partition)
stream-state-bench-kafka  | [2026-07-16 06:30:15,323] INFO [Partition __consumer_offsets-43 broker=1] Log loaded for partition __consumer_offsets-43 with initial high watermark 0 (kafka.cluster.Partition)
stream-state-bench-kafka  | [2026-07-16 06:30:15,323] INFO [Partition __consumer_offsets-10 broker=1] Log loaded for partition __consumer_offsets-10 with initial high watermark 0 (kafka.cluster.Partition)
stream-state-bench-kafka  | [2026-07-16 06:30:15,324] INFO [Partition __transaction_state-2 broker=1] Log loaded for partition __transaction_state-2 with initial high watermark 0 (kafka.cluster.Partition)
stream-state-bench-kafka  | [2026-07-16 06:30:15,324] INFO [Partition __transaction_state-35 broker=1] Log loaded for partition __transaction_state-35 with initial high watermark 0 (kafka.cluster.Partition)
stream-state-bench-kafka  | [2026-07-16 06:30:15,325] INFO [Partition __consumer_offsets-18 broker=1] Log loaded for partition __consumer_offsets-18 with initial high watermark 0 (kafka.cluster.Partition)
stream-state-bench-kafka  | [2026-07-16 06:30:15,325] INFO [Partition __transaction_state-27 broker=1] Log loaded for partition __transaction_state-27 with initial high watermark 0 (kafka.cluster.Partition)
stream-state-bench-kafka  | [2026-07-16 06:30:15,326] INFO [Partition __consumer_offsets-27 broker=1] Log loaded for partition __consumer_offsets-27 with initial high watermark 0 (kafka.cluster.Partition)
stream-state-bench-kafka  | [2026-07-16 06:30:15,326] INFO [Partition __transaction_state-19 broker=1] Log loaded for partition __transaction_state-19 with initial high watermark 0 (kafka.cluster.Partition)
stream-state-bench-kafka  | [2026-07-16 06:30:15,327] INFO [Partition __consumer_offsets-35 broker=1] Log loaded for partition __consumer_offsets-35 with initial high watermark 0 (kafka.cluster.Partition)
stream-state-bench-kafka  | [2026-07-16 06:30:15,327] INFO [Partition __consumer_offsets-2 broker=1] Log loaded for partition __consumer_offsets-2 with initial high watermark 0 (kafka.cluster.Partition)
stream-state-bench-kafka  | [2026-07-16 06:30:15,328] INFO [ReplicaFetcherManager on broker 1] Removed fetcher for partitions Set(__transaction_state-42, __consumer_offsets-13, __consumer_offsets-46, __transaction_state-17, __transaction_state-34, __consumer_offsets-21, __transaction_state-9, __transaction_state-26, __consumer_offsets-30, __transaction_state-1, __transaction_state-18, __consumer_offsets-5, __consumer_offsets-38, __consumer_offsets-45, __consumer_offsets-12, __transaction_state-16, __transaction_state-49, __consumer_offsets-20, __transaction_state-8, __transaction_state-41, __consumer_offsets-29, __transaction_state-0, __transaction_state-33, __consumer_offsets-37, __consumer_offsets-4, __transaction_state-25, __consumer_offsets-15, __consumer_offsets-48, __transaction_state-15, __transaction_state-48, __consumer_offsets-23, __transaction_state-7, __transaction_state-40, __consumer_offsets-32, __transaction_state-32, __consumer_offsets-7, __consumer_offsets-40, __transaction_state-24, __consumer_offsets-47, __consumer_offsets-14, __transaction_state-14, __transaction_state-47, __consumer_offsets-22, __transaction_state-6, __transaction_state-39, __consumer_offsets-31, __transaction_state-31, __consumer_offsets-39, __consumer_offsets-6, bench-identity-latency-output-0, __transaction_state-23, bench-identity-latency-input-0, __transaction_state-13, __transaction_state-46, __consumer_offsets-9, __consumer_offsets-42, __transaction_state-5, __transaction_state-38, __consumer_offsets-17, __transaction_state-30, __consumer_offsets-26, __transaction_state-22, __consumer_offsets-1, __consumer_offsets-34, __consumer_offsets-16, __transaction_state-12, __transaction_state-45, __consumer_offsets-41, __consumer_offsets-24, __transaction_state-4, __transaction_state-37, __consumer_offsets-49, __consumer_offsets-0, __transaction_state-29, __consumer_offsets-25, __consumer_offsets-8, __transaction_state-21, __consumer_offsets-33, __transaction_state-11, __transaction_state-44, __consumer_offsets-11, __consumer_offsets-44, __transaction_state-3, __transaction_state-36, __consumer_offsets-19, __transaction_state-28, __consumer_offsets-28, __transaction_state-20, __consumer_offsets-3, __consumer_offsets-36, __transaction_state-10, __transaction_state-43, __consumer_offsets-43, __consumer_offsets-10, __transaction_state-2, __transaction_state-35, __consumer_offsets-18, __transaction_state-27, __consumer_offsets-27, __transaction_state-19, __consumer_offsets-35, __consumer_offsets-2) (kafka.server.ReplicaFetcherManager)
stream-state-bench-kafka  | [2026-07-16 06:30:15,343] INFO [GroupCoordinator id=1] Scheduling unloading of metadata for __consumer_offsets-13 with epoch OptionalInt[1] (org.apache.kafka.coordinator.common.runtime.CoordinatorRuntime)
stream-state-bench-kafka  | [2026-07-16 06:30:15,344] INFO [GroupCoordinator id=1] Scheduling unloading of metadata for __consumer_offsets-46 with epoch OptionalInt[1] (org.apache.kafka.coordinator.common.runtime.CoordinatorRuntime)
stream-state-bench-kafka  | [2026-07-16 06:30:15,344] INFO [GroupCoordinator id=1] Scheduling unloading of metadata for __consumer_offsets-9 with epoch OptionalInt[1] (org.apache.kafka.coordinator.common.runtime.CoordinatorRuntime)
stream-state-bench-kafka  | [2026-07-16 06:30:15,344] INFO [GroupCoordinator id=1] Scheduling unloading of metadata for __consumer_offsets-42 with epoch OptionalInt[1] (org.apache.kafka.coordinator.common.runtime.CoordinatorRuntime)
stream-state-bench-kafka  | [2026-07-16 06:30:15,344] INFO [GroupCoordinator id=1] Scheduling unloading of metadata for __consumer_offsets-21 with epoch OptionalInt[1] (org.apache.kafka.coordinator.common.runtime.CoordinatorRuntime)
stream-state-bench-kafka  | [2026-07-16 06:30:15,344] INFO [GroupCoordinator id=1] Scheduling unloading of metadata for __consumer_offsets-17 with epoch OptionalInt[1] (org.apache.kafka.coordinator.common.runtime.CoordinatorRuntime)
stream-state-bench-kafka  | [2026-07-16 06:30:15,344] INFO [GroupCoordinator id=1] Scheduling unloading of metadata for __consumer_offsets-30 with epoch OptionalInt[1] (org.apache.kafka.coordinator.common.runtime.CoordinatorRuntime)
stream-state-bench-kafka  | [2026-07-16 06:30:15,344] INFO [GroupCoordinator id=1] Scheduling unloading of metadata for __consumer_offsets-26 with epoch OptionalInt[1] (org.apache.kafka.coordinator.common.runtime.CoordinatorRuntime)
stream-state-bench-kafka  | [2026-07-16 06:30:15,344] INFO [GroupCoordinator id=1] Scheduling unloading of metadata for __consumer_offsets-5 with epoch OptionalInt[1] (org.apache.kafka.coordinator.common.runtime.CoordinatorRuntime)
stream-state-bench-kafka  | [2026-07-16 06:30:15,344] INFO [GroupCoordinator id=1] Scheduling unloading of metadata for __consumer_offsets-38 with epoch OptionalInt[1] (org.apache.kafka.coordinator.common.runtime.CoordinatorRuntime)
stream-state-bench-kafka  | [2026-07-16 06:30:15,344] INFO [GroupCoordinator id=1] Scheduling unloading of metadata for __consumer_offsets-1 with epoch OptionalInt[1] (org.apache.kafka.coordinator.common.runtime.CoordinatorRuntime)
stream-state-bench-kafka  | [2026-07-16 06:30:15,344] INFO [GroupCoordinator id=1] Scheduling unloading of metadata for __consumer_offsets-34 with epoch OptionalInt[1] (org.apache.kafka.coordinator.common.runtime.CoordinatorRuntime)
stream-state-bench-kafka  | [2026-07-16 06:30:15,344] INFO [GroupCoordinator id=1] Scheduling unloading of metadata for __consumer_offsets-16 with epoch OptionalInt[1] (org.apache.kafka.coordinator.common.runtime.CoordinatorRuntime)
stream-state-bench-kafka  | [2026-07-16 06:30:15,344] INFO [GroupCoordinator id=1] Scheduling unloading of metadata for __consumer_offsets-45 with epoch OptionalInt[1] (org.apache.kafka.coordinator.common.runtime.CoordinatorRuntime)
stream-state-bench-kafka  | [2026-07-16 06:30:15,344] INFO [GroupCoordinator id=1] Scheduling unloading of metadata for __consumer_offsets-12 with epoch OptionalInt[1] (org.apache.kafka.coordinator.common.runtime.CoordinatorRuntime)
stream-state-bench-kafka  | [2026-07-16 06:30:15,344] INFO [GroupCoordinator id=1] Ignored unloading metadata for __consumer_offsets-42 in epoch OptionalInt[1] since metadata was never loaded. (org.apache.kafka.coordinator.common.runtime.CoordinatorRuntime)
stream-state-bench-kafka  | [2026-07-16 06:30:15,344] INFO [GroupCoordinator id=1] Ignored unloading metadata for __consumer_offsets-9 in epoch OptionalInt[1] since metadata was never loaded. (org.apache.kafka.coordinator.common.runtime.CoordinatorRuntime)
stream-state-bench-kafka  | [2026-07-16 06:30:15,344] INFO [GroupCoordinator id=1] Scheduling unloading of metadata for __consumer_offsets-41 with epoch OptionalInt[1] (org.apache.kafka.coordinator.common.runtime.CoordinatorRuntime)
stream-state-bench-kafka  | [2026-07-16 06:30:15,344] INFO [GroupCoordinator id=1] Ignored unloading metadata for __consumer_offsets-12 in epoch OptionalInt[1] since metadata was never loaded. (org.apache.kafka.coordinator.common.runtime.CoordinatorRuntime)
stream-state-bench-kafka  | [2026-07-16 06:30:15,345] INFO [GroupCoordinator id=1] Scheduling unloading of metadata for __consumer_offsets-24 with epoch OptionalInt[1] (org.apache.kafka.coordinator.common.runtime.CoordinatorRuntime)
stream-state-bench-kafka  | [2026-07-16 06:30:15,345] INFO [GroupCoordinator id=1] Scheduling unloading of metadata for __consumer_offsets-20 with epoch OptionalInt[1] (org.apache.kafka.coordinator.common.runtime.CoordinatorRuntime)
stream-state-bench-kafka  | [2026-07-16 06:30:15,345] INFO [GroupCoordinator id=1] Ignored unloading metadata for __consumer_offsets-46 in epoch OptionalInt[1] since metadata was never loaded. (org.apache.kafka.coordinator.common.runtime.CoordinatorRuntime)
stream-state-bench-kafka  | [2026-07-16 06:30:15,345] INFO [GroupCoordinator id=1] Ignored unloading metadata for __consumer_offsets-30 in epoch OptionalInt[1] since metadata was never loaded. (org.apache.kafka.coordinator.common.runtime.CoordinatorRuntime)
stream-state-bench-kafka  | [2026-07-16 06:30:15,345] INFO [GroupCoordinator id=1] Ignored unloading metadata for __consumer_offsets-13 in epoch OptionalInt[1] since metadata was never loaded. (org.apache.kafka.coordinator.common.runtime.CoordinatorRuntime)
stream-state-bench-kafka  | [2026-07-16 06:30:15,345] INFO [GroupCoordinator id=1] Scheduling unloading of metadata for __consumer_offsets-49 with epoch OptionalInt[1] (org.apache.kafka.coordinator.common.runtime.CoordinatorRuntime)
stream-state-bench-kafka  | [2026-07-16 06:30:15,345] INFO [GroupCoordinator id=1] Scheduling unloading of metadata for __consumer_offsets-0 with epoch OptionalInt[1] (org.apache.kafka.coordinator.common.runtime.CoordinatorRuntime)
stream-state-bench-kafka  | [2026-07-16 06:30:15,345] INFO [GroupCoordinator id=1] Scheduling unloading of metadata for __consumer_offsets-29 with epoch OptionalInt[1] (org.apache.kafka.coordinator.common.runtime.CoordinatorRuntime)
stream-state-bench-kafka  | [2026-07-16 06:30:15,345] INFO [GroupCoordinator id=1] Scheduling unloading of metadata for __consumer_offsets-25 with epoch OptionalInt[1] (org.apache.kafka.coordinator.common.runtime.CoordinatorRuntime)
stream-state-bench-kafka  | [2026-07-16 06:30:15,345] INFO [GroupCoordinator id=1] Scheduling unloading of metadata for __consumer_offsets-8 with epoch OptionalInt[1] (org.apache.kafka.coordinator.common.runtime.CoordinatorRuntime)
stream-state-bench-kafka  | [2026-07-16 06:30:15,345] INFO [GroupCoordinator id=1] Scheduling unloading of metadata for __consumer_offsets-37 with epoch OptionalInt[1] (org.apache.kafka.coordinator.common.runtime.CoordinatorRuntime)
stream-state-bench-kafka  | [2026-07-16 06:30:15,345] INFO [GroupCoordinator id=1] Scheduling unloading of metadata for __consumer_offsets-4 with epoch OptionalInt[1] (org.apache.kafka.coordinator.common.runtime.CoordinatorRuntime)
stream-state-bench-kafka  | [2026-07-16 06:30:15,345] INFO [GroupCoordinator id=1] Ignored unloading metadata for __consumer_offsets-1 in epoch OptionalInt[1] since metadata was never loaded. (org.apache.kafka.coordinator.common.runtime.CoordinatorRuntime)
stream-state-bench-kafka  | [2026-07-16 06:30:15,345] INFO [GroupCoordinator id=1] Scheduling unloading of metadata for __consumer_offsets-33 with epoch OptionalInt[1] (org.apache.kafka.coordinator.common.runtime.CoordinatorRuntime)
stream-state-bench-kafka  | [2026-07-16 06:30:15,345] INFO [GroupCoordinator id=1] Scheduling unloading of metadata for __consumer_offsets-15 with epoch OptionalInt[1] (org.apache.kafka.coordinator.common.runtime.CoordinatorRuntime)
stream-state-bench-kafka  | [2026-07-16 06:30:15,345] INFO [GroupCoordinator id=1] Scheduling unloading of metadata for __consumer_offsets-48 with epoch OptionalInt[1] (org.apache.kafka.coordinator.common.runtime.CoordinatorRuntime)
stream-state-bench-kafka  | [2026-07-16 06:30:15,345] INFO [GroupCoordinator id=1] Ignored unloading metadata for __consumer_offsets-29 in epoch OptionalInt[1] since metadata was never loaded. (org.apache.kafka.coordinator.common.runtime.CoordinatorRuntime)
stream-state-bench-kafka  | [2026-07-16 06:30:15,345] INFO [GroupCoordinator id=1] Scheduling unloading of metadata for __consumer_offsets-11 with epoch OptionalInt[1] (org.apache.kafka.coordinator.common.runtime.CoordinatorRuntime)
stream-state-bench-kafka  | [2026-07-16 06:30:15,345] INFO [GroupCoordinator id=1] Ignored unloading metadata for __consumer_offsets-45 in epoch OptionalInt[1] since metadata was never loaded. (org.apache.kafka.coordinator.common.runtime.CoordinatorRuntime)
stream-state-bench-kafka  | [2026-07-16 06:30:15,345] INFO [GroupCoordinator id=1] Scheduling unloading of metadata for __consumer_offsets-44 with epoch OptionalInt[1] (org.apache.kafka.coordinator.common.runtime.CoordinatorRuntime)
stream-state-bench-kafka  | [2026-07-16 06:30:15,345] INFO [GroupCoordinator id=1] Ignored unloading metadata for __consumer_offsets-49 in epoch OptionalInt[1] since metadata was never loaded. (org.apache.kafka.coordinator.common.runtime.CoordinatorRuntime)
stream-state-bench-kafka  | [2026-07-16 06:30:15,345] INFO [GroupCoordinator id=1] Scheduling unloading of metadata for __consumer_offsets-23 with epoch OptionalInt[1] (org.apache.kafka.coordinator.common.runtime.CoordinatorRuntime)
stream-state-bench-kafka  | [2026-07-16 06:30:15,345] INFO [GroupCoordinator id=1] Scheduling unloading of metadata for __consumer_offsets-19 with epoch OptionalInt[1] (org.apache.kafka.coordinator.common.runtime.CoordinatorRuntime)
stream-state-bench-kafka  | [2026-07-16 06:30:15,345] INFO [GroupCoordinator id=1] Scheduling unloading of metadata for __consumer_offsets-32 with epoch OptionalInt[1] (org.apache.kafka.coordinator.common.runtime.CoordinatorRuntime)
stream-state-bench-kafka  | [2026-07-16 06:30:15,345] INFO [GroupCoordinator id=1] Ignored unloading metadata for __consumer_offsets-48 in epoch OptionalInt[1] since metadata was never loaded. (org.apache.kafka.coordinator.common.runtime.CoordinatorRuntime)
stream-state-bench-kafka  | [2026-07-16 06:30:15,345] INFO [GroupCoordinator id=1] Scheduling unloading of metadata for __consumer_offsets-28 with epoch OptionalInt[1] (org.apache.kafka.coordinator.common.runtime.CoordinatorRuntime)
stream-state-bench-kafka  | [2026-07-16 06:30:15,345] INFO [GroupCoordinator id=1] Ignored unloading metadata for __consumer_offsets-16 in epoch OptionalInt[1] since metadata was never loaded. (org.apache.kafka.coordinator.common.runtime.CoordinatorRuntime)
stream-state-bench-kafka  | [2026-07-16 06:30:15,345] INFO [GroupCoordinator id=1] Ignored unloading metadata for __consumer_offsets-25 in epoch OptionalInt[1] since metadata was never loaded. (org.apache.kafka.coordinator.common.runtime.CoordinatorRuntime)
stream-state-bench-kafka  | [2026-07-16 06:30:15,345] INFO [GroupCoordinator id=1] Ignored unloading metadata for __consumer_offsets-0 in epoch OptionalInt[1] since metadata was never loaded. (org.apache.kafka.coordinator.common.runtime.CoordinatorRuntime)
stream-state-bench-kafka  | [2026-07-16 06:30:15,345] INFO [GroupCoordinator id=1] Scheduling unloading of metadata for __consumer_offsets-7 with epoch OptionalInt[1] (org.apache.kafka.coordinator.common.runtime.CoordinatorRuntime)
stream-state-bench-kafka  | [2026-07-16 06:30:15,345] INFO [GroupCoordinator id=1] Ignored unloading metadata for __consumer_offsets-33 in epoch OptionalInt[1] since metadata was never loaded. (org.apache.kafka.coordinator.common.runtime.CoordinatorRuntime)
stream-state-bench-kafka  | [2026-07-16 06:30:15,345] INFO [GroupCoordinator id=1] Scheduling unloading of metadata for __consumer_offsets-40 with epoch OptionalInt[1] (org.apache.kafka.coordinator.common.runtime.CoordinatorRuntime)
stream-state-bench-kafka  | [2026-07-16 06:30:15,346] INFO [GroupCoordinator id=1] Ignored unloading metadata for __consumer_offsets-17 in epoch OptionalInt[1] since metadata was never loaded. (org.apache.kafka.coordinator.common.runtime.CoordinatorRuntime)
stream-state-bench-kafka  | [2026-07-16 06:30:15,346] INFO [GroupCoordinator id=1] Scheduling unloading of metadata for __consumer_offsets-3 with epoch OptionalInt[1] (org.apache.kafka.coordinator.common.runtime.CoordinatorRuntime)
stream-state-bench-kafka  | [2026-07-16 06:30:15,346] INFO [GroupCoordinator id=1] Ignored unloading metadata for __consumer_offsets-4 in epoch OptionalInt[1] since metadata was never loaded. (org.apache.kafka.coordinator.common.runtime.CoordinatorRuntime)
stream-state-bench-kafka  | [2026-07-16 06:30:15,346] INFO [GroupCoordinator id=1] Ignored unloading metadata for __consumer_offsets-24 in epoch OptionalInt[1] since metadata was never loaded. (org.apache.kafka.coordinator.common.runtime.CoordinatorRuntime)
stream-state-bench-kafka  | [2026-07-16 06:30:15,346] INFO [GroupCoordinator id=1] Ignored unloading metadata for __consumer_offsets-26 in epoch OptionalInt[1] since metadata was never loaded. (org.apache.kafka.coordinator.common.runtime.CoordinatorRuntime)
stream-state-bench-kafka  | [2026-07-16 06:30:15,346] INFO [GroupCoordinator id=1] Scheduling unloading of metadata for __consumer_offsets-36 with epoch OptionalInt[1] (org.apache.kafka.coordinator.common.runtime.CoordinatorRuntime)
stream-state-bench-kafka  | [2026-07-16 06:30:15,346] INFO [GroupCoordinator id=1] Ignored unloading metadata for __consumer_offsets-19 in epoch OptionalInt[1] since metadata was never loaded. (org.apache.kafka.coordinator.common.runtime.CoordinatorRuntime)
stream-state-bench-kafka  | [2026-07-16 06:30:15,346] INFO [GroupCoordinator id=1] Ignored unloading metadata for __consumer_offsets-21 in epoch OptionalInt[1] since metadata was never loaded. (org.apache.kafka.coordinator.common.runtime.CoordinatorRuntime)
stream-state-bench-kafka  | [2026-07-16 06:30:15,346] INFO [GroupCoordinator id=1] Scheduling unloading of metadata for __consumer_offsets-47 with epoch OptionalInt[1] (org.apache.kafka.coordinator.common.runtime.CoordinatorRuntime)
stream-state-bench-kafka  | [2026-07-16 06:30:15,346] INFO [GroupCoordinator id=1] Scheduling unloading of metadata for __consumer_offsets-14 with epoch OptionalInt[1] (org.apache.kafka.coordinator.common.runtime.CoordinatorRuntime)
stream-state-bench-kafka  | [2026-07-16 06:30:15,346] INFO [GroupCoordinator id=1] Ignored unloading metadata for __consumer_offsets-23 in epoch OptionalInt[1] since metadata was never loaded. (org.apache.kafka.coordinator.common.runtime.CoordinatorRuntime)
stream-state-bench-kafka  | [2026-07-16 06:30:15,346] INFO [GroupCoordinator id=1] Scheduling unloading of metadata for __consumer_offsets-43 with epoch OptionalInt[1] (org.apache.kafka.coordinator.common.runtime.CoordinatorRuntime)
stream-state-bench-kafka  | [2026-07-16 06:30:15,346] INFO [GroupCoordinator id=1] Scheduling unloading of metadata for __consumer_offsets-10 with epoch OptionalInt[1] (org.apache.kafka.coordinator.common.runtime.CoordinatorRuntime)
stream-state-bench-kafka  | [2026-07-16 06:30:15,346] INFO [GroupCoordinator id=1] Ignored unloading metadata for __consumer_offsets-7 in epoch OptionalInt[1] since metadata was never loaded. (org.apache.kafka.coordinator.common.runtime.CoordinatorRuntime)
stream-state-bench-kafka  | [2026-07-16 06:30:15,346] INFO [GroupCoordinator id=1] Ignored unloading metadata for __consumer_offsets-8 in epoch OptionalInt[1] since metadata was never loaded. (org.apache.kafka.coordinator.common.runtime.CoordinatorRuntime)
stream-state-bench-kafka  | [2026-07-16 06:30:15,346] INFO [GroupCoordinator id=1] Ignored unloading metadata for __consumer_offsets-38 in epoch OptionalInt[1] since metadata was never loaded. (org.apache.kafka.coordinator.common.runtime.CoordinatorRuntime)
stream-state-bench-kafka  | [2026-07-16 06:30:15,346] INFO [GroupCoordinator id=1] Ignored unloading metadata for __consumer_offsets-20 in epoch OptionalInt[1] since metadata was never loaded. (org.apache.kafka.coordinator.common.runtime.CoordinatorRuntime)
stream-state-bench-kafka  | [2026-07-16 06:30:15,346] INFO [GroupCoordinator id=1] Ignored unloading metadata for __consumer_offsets-41 in epoch OptionalInt[1] since metadata was never loaded. (org.apache.kafka.coordinator.common.runtime.CoordinatorRuntime)
stream-state-bench-kafka  | [2026-07-16 06:30:15,346] INFO [GroupCoordinator id=1] Ignored unloading metadata for __consumer_offsets-47 in epoch OptionalInt[1] since metadata was never loaded. (org.apache.kafka.coordinator.common.runtime.CoordinatorRuntime)
stream-state-bench-kafka  | [2026-07-16 06:30:15,346] INFO [GroupCoordinator id=1] Ignored unloading metadata for __consumer_offsets-10 in epoch OptionalInt[1] since metadata was never loaded. (org.apache.kafka.coordinator.common.runtime.CoordinatorRuntime)
stream-state-bench-kafka  | [2026-07-16 06:30:15,346] INFO [GroupCoordinator id=1] Ignored unloading metadata for __consumer_offsets-15 in epoch OptionalInt[1] since metadata was never loaded. (org.apache.kafka.coordinator.common.runtime.CoordinatorRuntime)
stream-state-bench-kafka  | [2026-07-16 06:30:15,346] INFO [GroupCoordinator id=1] Ignored unloading metadata for __consumer_offsets-3 in epoch OptionalInt[1] since metadata was never loaded. (org.apache.kafka.coordinator.common.runtime.CoordinatorRuntime)
stream-state-bench-kafka  | [2026-07-16 06:30:15,346] INFO [GroupCoordinator id=1] Ignored unloading metadata for __consumer_offsets-37 in epoch OptionalInt[1] since metadata was never loaded. (org.apache.kafka.coordinator.common.runtime.CoordinatorRuntime)
stream-state-bench-kafka  | [2026-07-16 06:30:15,346] INFO [GroupCoordinator id=1] Ignored unloading metadata for __consumer_offsets-32 in epoch OptionalInt[1] since metadata was never loaded. (org.apache.kafka.coordinator.common.runtime.CoordinatorRuntime)
stream-state-bench-kafka  | [2026-07-16 06:30:15,347] INFO [GroupCoordinator id=1] Ignored unloading metadata for __consumer_offsets-14 in epoch OptionalInt[1] since metadata was never loaded. (org.apache.kafka.coordinator.common.runtime.CoordinatorRuntime)
stream-state-bench-kafka  | [2026-07-16 06:30:15,347] INFO [GroupCoordinator id=1] Ignored unloading metadata for __consumer_offsets-5 in epoch OptionalInt[1] since metadata was never loaded. (org.apache.kafka.coordinator.common.runtime.CoordinatorRuntime)
stream-state-bench-kafka  | [2026-07-16 06:30:15,347] INFO [GroupCoordinator id=1] Ignored unloading metadata for __consumer_offsets-43 in epoch OptionalInt[1] since metadata was never loaded. (org.apache.kafka.coordinator.common.runtime.CoordinatorRuntime)
stream-state-bench-kafka  | [2026-07-16 06:30:15,347] INFO [GroupCoordinator id=1] Ignored unloading metadata for __consumer_offsets-40 in epoch OptionalInt[1] since metadata was never loaded. (org.apache.kafka.coordinator.common.runtime.CoordinatorRuntime)
stream-state-bench-kafka  | [2026-07-16 06:30:15,347] INFO [GroupCoordinator id=1] Ignored unloading metadata for __consumer_offsets-11 in epoch OptionalInt[1] since metadata was never loaded. (org.apache.kafka.coordinator.common.runtime.CoordinatorRuntime)
stream-state-bench-kafka  | [2026-07-16 06:30:15,347] INFO [GroupCoordinator id=1] Ignored unloading metadata for __consumer_offsets-34 in epoch OptionalInt[1] since metadata was never loaded. (org.apache.kafka.coordinator.common.runtime.CoordinatorRuntime)
stream-state-bench-kafka  | [2026-07-16 06:30:15,347] INFO [GroupCoordinator id=1] Ignored unloading metadata for __consumer_offsets-36 in epoch OptionalInt[1] since metadata was never loaded. (org.apache.kafka.coordinator.common.runtime.CoordinatorRuntime)
stream-state-bench-kafka  | [2026-07-16 06:30:15,347] INFO [GroupCoordinator id=1] Ignored unloading metadata for __consumer_offsets-28 in epoch OptionalInt[1] since metadata was never loaded. (org.apache.kafka.coordinator.common.runtime.CoordinatorRuntime)
stream-state-bench-kafka  | [2026-07-16 06:30:15,347] INFO [GroupCoordinator id=1] Ignored unloading metadata for __consumer_offsets-44 in epoch OptionalInt[1] since metadata was never loaded. (org.apache.kafka.coordinator.common.runtime.CoordinatorRuntime)
stream-state-bench-kafka  | [2026-07-16 06:30:15,346] INFO [GroupCoordinator id=1] Scheduling unloading of metadata for __consumer_offsets-22 with epoch OptionalInt[1] (org.apache.kafka.coordinator.common.runtime.CoordinatorRuntime)
stream-state-bench-kafka  | [2026-07-16 06:30:15,348] INFO [GroupCoordinator id=1] Scheduling unloading of metadata for __consumer_offsets-18 with epoch OptionalInt[1] (org.apache.kafka.coordinator.common.runtime.CoordinatorRuntime)
stream-state-bench-kafka  | [2026-07-16 06:30:15,348] INFO [GroupCoordinator id=1] Scheduling unloading of metadata for __consumer_offsets-31 with epoch OptionalInt[1] (org.apache.kafka.coordinator.common.runtime.CoordinatorRuntime)
stream-state-bench-kafka  | [2026-07-16 06:30:15,348] INFO [GroupCoordinator id=1] Scheduling unloading of metadata for __consumer_offsets-27 with epoch OptionalInt[1] (org.apache.kafka.coordinator.common.runtime.CoordinatorRuntime)
stream-state-bench-kafka  | [2026-07-16 06:30:15,348] INFO [GroupCoordinator id=1] Scheduling unloading of metadata for __consumer_offsets-39 with epoch OptionalInt[1] (org.apache.kafka.coordinator.common.runtime.CoordinatorRuntime)
stream-state-bench-kafka  | [2026-07-16 06:30:15,348] INFO [GroupCoordinator id=1] Scheduling unloading of metadata for __consumer_offsets-6 with epoch OptionalInt[1] (org.apache.kafka.coordinator.common.runtime.CoordinatorRuntime)
stream-state-bench-kafka  | [2026-07-16 06:30:15,348] INFO [GroupCoordinator id=1] Scheduling unloading of metadata for __consumer_offsets-35 with epoch OptionalInt[1] (org.apache.kafka.coordinator.common.runtime.CoordinatorRuntime)
stream-state-bench-kafka  | [2026-07-16 06:30:15,348] INFO [GroupCoordinator id=1] Scheduling unloading of metadata for __consumer_offsets-2 with epoch OptionalInt[1] (org.apache.kafka.coordinator.common.runtime.CoordinatorRuntime)
stream-state-bench-kafka  | [2026-07-16 06:30:15,348] INFO [GroupCoordinator id=1] Ignored unloading metadata for __consumer_offsets-22 in epoch OptionalInt[1] since metadata was never loaded. (org.apache.kafka.coordinator.common.runtime.CoordinatorRuntime)
stream-state-bench-kafka  | [2026-07-16 06:30:15,349] INFO [GroupCoordinator id=1] Ignored unloading metadata for __consumer_offsets-39 in epoch OptionalInt[1] since metadata was never loaded. (org.apache.kafka.coordinator.common.runtime.CoordinatorRuntime)
stream-state-bench-kafka  | [2026-07-16 06:30:15,349] INFO [GroupCoordinator id=1] Ignored unloading metadata for __consumer_offsets-6 in epoch OptionalInt[1] since metadata was never loaded. (org.apache.kafka.coordinator.common.runtime.CoordinatorRuntime)
stream-state-bench-kafka  | [2026-07-16 06:30:15,349] INFO [GroupCoordinator id=1] Ignored unloading metadata for __consumer_offsets-18 in epoch OptionalInt[1] since metadata was never loaded. (org.apache.kafka.coordinator.common.runtime.CoordinatorRuntime)
stream-state-bench-kafka  | [2026-07-16 06:30:15,349] INFO [GroupCoordinator id=1] Ignored unloading metadata for __consumer_offsets-31 in epoch OptionalInt[1] since metadata was never loaded. (org.apache.kafka.coordinator.common.runtime.CoordinatorRuntime)
stream-state-bench-kafka  | [2026-07-16 06:30:15,349] INFO [GroupCoordinator id=1] Ignored unloading metadata for __consumer_offsets-2 in epoch OptionalInt[1] since metadata was never loaded. (org.apache.kafka.coordinator.common.runtime.CoordinatorRuntime)
stream-state-bench-kafka  | [2026-07-16 06:30:15,349] INFO [GroupCoordinator id=1] Ignored unloading metadata for __consumer_offsets-27 in epoch OptionalInt[1] since metadata was never loaded. (org.apache.kafka.coordinator.common.runtime.CoordinatorRuntime)
stream-state-bench-kafka  | [2026-07-16 06:30:15,349] INFO [GroupCoordinator id=1] Ignored unloading metadata for __consumer_offsets-35 in epoch OptionalInt[1] since metadata was never loaded. (org.apache.kafka.coordinator.common.runtime.CoordinatorRuntime)
stream-state-bench-kafka  | [2026-07-16 06:30:15,350] INFO [TransactionCoordinator id=1] Resigned as the txn coordinator for partition 42 at epoch Some(1) (kafka.coordinator.transaction.TransactionCoordinator)
stream-state-bench-kafka  | [2026-07-16 06:30:15,353] INFO [Transaction State Manager 1]: No cached transaction metadata found for __transaction_state-42 during become-follower transition (kafka.coordinator.transaction.TransactionStateManager)
stream-state-bench-kafka  | [2026-07-16 06:30:15,354] INFO [TransactionCoordinator id=1] Resigned as the txn coordinator for partition 13 at epoch Some(1) (kafka.coordinator.transaction.TransactionCoordinator)
stream-state-bench-kafka  | [2026-07-16 06:30:15,354] INFO [Transaction State Manager 1]: No cached transaction metadata found for __transaction_state-13 during become-follower transition (kafka.coordinator.transaction.TransactionStateManager)
stream-state-bench-kafka  | [2026-07-16 06:30:15,354] INFO [TransactionCoordinator id=1] Resigned as the txn coordinator for partition 46 at epoch Some(1) (kafka.coordinator.transaction.TransactionCoordinator)
stream-state-bench-kafka  | [2026-07-16 06:30:15,354] INFO [Transaction State Manager 1]: No cached transaction metadata found for __transaction_state-46 during become-follower transition (kafka.coordinator.transaction.TransactionStateManager)
stream-state-bench-kafka  | [2026-07-16 06:30:15,354] INFO [TransactionCoordinator id=1] Resigned as the txn coordinator for partition 17 at epoch Some(1) (kafka.coordinator.transaction.TransactionCoordinator)
stream-state-bench-kafka  | [2026-07-16 06:30:15,354] INFO [Transaction State Manager 1]: No cached transaction metadata found for __transaction_state-17 during become-follower transition (kafka.coordinator.transaction.TransactionStateManager)
stream-state-bench-kafka  | [2026-07-16 06:30:15,354] INFO [TransactionCoordinator id=1] Resigned as the txn coordinator for partition 34 at epoch Some(1) (kafka.coordinator.transaction.TransactionCoordinator)
stream-state-bench-kafka  | [2026-07-16 06:30:15,354] INFO [Transaction State Manager 1]: No cached transaction metadata found for __transaction_state-34 during become-follower transition (kafka.coordinator.transaction.TransactionStateManager)
stream-state-bench-kafka  | [2026-07-16 06:30:15,354] INFO [TransactionCoordinator id=1] Resigned as the txn coordinator for partition 5 at epoch Some(1) (kafka.coordinator.transaction.TransactionCoordinator)
stream-state-bench-kafka  | [2026-07-16 06:30:15,354] INFO [Transaction State Manager 1]: No cached transaction metadata found for __transaction_state-5 during become-follower transition (kafka.coordinator.transaction.TransactionStateManager)
stream-state-bench-kafka  | [2026-07-16 06:30:15,354] INFO [TransactionCoordinator id=1] Resigned as the txn coordinator for partition 38 at epoch Some(1) (kafka.coordinator.transaction.TransactionCoordinator)
stream-state-bench-kafka  | [2026-07-16 06:30:15,354] INFO [Transaction State Manager 1]: No cached transaction metadata found for __transaction_state-38 during become-follower transition (kafka.coordinator.transaction.TransactionStateManager)
stream-state-bench-kafka  | [2026-07-16 06:30:15,354] INFO [TransactionCoordinator id=1] Resigned as the txn coordinator for partition 9 at epoch Some(1) (kafka.coordinator.transaction.TransactionCoordinator)
stream-state-bench-kafka  | [2026-07-16 06:30:15,354] INFO [Transaction State Manager 1]: No cached transaction metadata found for __transaction_state-9 during become-follower transition (kafka.coordinator.transaction.TransactionStateManager)
stream-state-bench-kafka  | [2026-07-16 06:30:15,355] INFO [TransactionCoordinator id=1] Resigned as the txn coordinator for partition 26 at epoch Some(1) (kafka.coordinator.transaction.TransactionCoordinator)
stream-state-bench-kafka  | [2026-07-16 06:30:15,355] INFO [Transaction State Manager 1]: No cached transaction metadata found for __transaction_state-26 during become-follower transition (kafka.coordinator.transaction.TransactionStateManager)
stream-state-bench-kafka  | [2026-07-16 06:30:15,355] INFO [TransactionCoordinator id=1] Resigned as the txn coordinator for partition 30 at epoch Some(1) (kafka.coordinator.transaction.TransactionCoordinator)
stream-state-bench-kafka  | [2026-07-16 06:30:15,355] INFO [Transaction State Manager 1]: No cached transaction metadata found for __transaction_state-30 during become-follower transition (kafka.coordinator.transaction.TransactionStateManager)
stream-state-bench-kafka  | [2026-07-16 06:30:15,355] INFO [TransactionCoordinator id=1] Resigned as the txn coordinator for partition 1 at epoch Some(1) (kafka.coordinator.transaction.TransactionCoordinator)
stream-state-bench-kafka  | [2026-07-16 06:30:15,355] INFO [Transaction State Manager 1]: No cached transaction metadata found for __transaction_state-1 during become-follower transition (kafka.coordinator.transaction.TransactionStateManager)
stream-state-bench-kafka  | [2026-07-16 06:30:15,355] INFO [TransactionCoordinator id=1] Resigned as the txn coordinator for partition 18 at epoch Some(1) (kafka.coordinator.transaction.TransactionCoordinator)
stream-state-bench-kafka  | [2026-07-16 06:30:15,355] INFO [Transaction State Manager 1]: No cached transaction metadata found for __transaction_state-18 during become-follower transition (kafka.coordinator.transaction.TransactionStateManager)
stream-state-bench-kafka  | [2026-07-16 06:30:15,355] INFO [TransactionCoordinator id=1] Resigned as the txn coordinator for partition 22 at epoch Some(1) (kafka.coordinator.transaction.TransactionCoordinator)
stream-state-bench-kafka  | [2026-07-16 06:30:15,355] INFO [Transaction State Manager 1]: No cached transaction metadata found for __transaction_state-22 during become-follower transition (kafka.coordinator.transaction.TransactionStateManager)
stream-state-bench-kafka  | [2026-07-16 06:30:15,355] INFO [TransactionCoordinator id=1] Resigned as the txn coordinator for partition 12 at epoch Some(1) (kafka.coordinator.transaction.TransactionCoordinator)
stream-state-bench-kafka  | [2026-07-16 06:30:15,355] INFO [Transaction State Manager 1]: No cached transaction metadata found for __transaction_state-12 during become-follower transition (kafka.coordinator.transaction.TransactionStateManager)
stream-state-bench-kafka  | [2026-07-16 06:30:15,355] INFO [TransactionCoordinator id=1] Resigned as the txn coordinator for partition 45 at epoch Some(1) (kafka.coordinator.transaction.TransactionCoordinator)
stream-state-bench-kafka  | [2026-07-16 06:30:15,355] INFO [Transaction State Manager 1]: No cached transaction metadata found for __transaction_state-45 during become-follower transition (kafka.coordinator.transaction.TransactionStateManager)
stream-state-bench-kafka  | [2026-07-16 06:30:15,355] INFO [TransactionCoordinator id=1] Resigned as the txn coordinator for partition 16 at epoch Some(1) (kafka.coordinator.transaction.TransactionCoordinator)
stream-state-bench-kafka  | [2026-07-16 06:30:15,355] INFO [Transaction State Manager 1]: No cached transaction metadata found for __transaction_state-16 during become-follower transition (kafka.coordinator.transaction.TransactionStateManager)
stream-state-bench-kafka  | [2026-07-16 06:30:15,355] INFO [TransactionCoordinator id=1] Resigned as the txn coordinator for partition 49 at epoch Some(1) (kafka.coordinator.transaction.TransactionCoordinator)
stream-state-bench-kafka  | [2026-07-16 06:30:15,355] INFO [Transaction State Manager 1]: No cached transaction metadata found for __transaction_state-49 during become-follower transition (kafka.coordinator.transaction.TransactionStateManager)
stream-state-bench-kafka  | [2026-07-16 06:30:15,356] INFO [TransactionCoordinator id=1] Resigned as the txn coordinator for partition 4 at epoch Some(1) (kafka.coordinator.transaction.TransactionCoordinator)
stream-state-bench-kafka  | [2026-07-16 06:30:15,356] INFO [Transaction State Manager 1]: No cached transaction metadata found for __transaction_state-4 during become-follower transition (kafka.coordinator.transaction.TransactionStateManager)
stream-state-bench-kafka  | [2026-07-16 06:30:15,356] INFO [TransactionCoordinator id=1] Resigned as the txn coordinator for partition 37 at epoch Some(1) (kafka.coordinator.transaction.TransactionCoordinator)
stream-state-bench-kafka  | [2026-07-16 06:30:15,356] INFO [Transaction State Manager 1]: No cached transaction metadata found for __transaction_state-37 during become-follower transition (kafka.coordinator.transaction.TransactionStateManager)
stream-state-bench-kafka  | [2026-07-16 06:30:15,356] INFO [TransactionCoordinator id=1] Resigned as the txn coordinator for partition 8 at epoch Some(1) (kafka.coordinator.transaction.TransactionCoordinator)
stream-state-bench-kafka  | [2026-07-16 06:30:15,356] INFO [Transaction State Manager 1]: No cached transaction metadata found for __transaction_state-8 during become-follower transition (kafka.coordinator.transaction.TransactionStateManager)
stream-state-bench-kafka  | [2026-07-16 06:30:15,356] INFO [TransactionCoordinator id=1] Resigned as the txn coordinator for partition 41 at epoch Some(1) (kafka.coordinator.transaction.TransactionCoordinator)
stream-state-bench-kafka  | [2026-07-16 06:30:15,356] INFO [Transaction State Manager 1]: No cached transaction metadata found for __transaction_state-41 during become-follower transition (kafka.coordinator.transaction.TransactionStateManager)
stream-state-bench-kafka  | [2026-07-16 06:30:15,356] INFO [TransactionCoordinator id=1] Resigned as the txn coordinator for partition 29 at epoch Some(1) (kafka.coordinator.transaction.TransactionCoordinator)
stream-state-bench-kafka  | [2026-07-16 06:30:15,356] INFO [Transaction State Manager 1]: No cached transaction metadata found for __transaction_state-29 during become-follower transition (kafka.coordinator.transaction.TransactionStateManager)
stream-state-bench-kafka  | [2026-07-16 06:30:15,356] INFO [TransactionCoordinator id=1] Resigned as the txn coordinator for partition 0 at epoch Some(1) (kafka.coordinator.transaction.TransactionCoordinator)
stream-state-bench-kafka  | [2026-07-16 06:30:15,356] INFO [Transaction State Manager 1]: No cached transaction metadata found for __transaction_state-0 during become-follower transition (kafka.coordinator.transaction.TransactionStateManager)
stream-state-bench-kafka  | [2026-07-16 06:30:15,356] INFO [TransactionCoordinator id=1] Resigned as the txn coordinator for partition 33 at epoch Some(1) (kafka.coordinator.transaction.TransactionCoordinator)
stream-state-bench-kafka  | [2026-07-16 06:30:15,356] INFO [Transaction State Manager 1]: No cached transaction metadata found for __transaction_state-33 during become-follower transition (kafka.coordinator.transaction.TransactionStateManager)
stream-state-bench-kafka  | [2026-07-16 06:30:15,356] INFO [TransactionCoordinator id=1] Resigned as the txn coordinator for partition 21 at epoch Some(1) (kafka.coordinator.transaction.TransactionCoordinator)
stream-state-bench-kafka  | [2026-07-16 06:30:15,356] INFO [Transaction State Manager 1]: No cached transaction metadata found for __transaction_state-21 during become-follower transition (kafka.coordinator.transaction.TransactionStateManager)
stream-state-bench-kafka  | [2026-07-16 06:30:15,356] INFO [TransactionCoordinator id=1] Resigned as the txn coordinator for partition 25 at epoch Some(1) (kafka.coordinator.transaction.TransactionCoordinator)
stream-state-bench-kafka  | [2026-07-16 06:30:15,356] INFO [Transaction State Manager 1]: No cached transaction metadata found for __transaction_state-25 during become-follower transition (kafka.coordinator.transaction.TransactionStateManager)
stream-state-bench-kafka  | [2026-07-16 06:30:15,356] INFO [TransactionCoordinator id=1] Resigned as the txn coordinator for partition 11 at epoch Some(1) (kafka.coordinator.transaction.TransactionCoordinator)
stream-state-bench-kafka  | [2026-07-16 06:30:15,356] INFO [Transaction State Manager 1]: No cached transaction metadata found for __transaction_state-11 during become-follower transition (kafka.coordinator.transaction.TransactionStateManager)
stream-state-bench-kafka  | [2026-07-16 06:30:15,356] INFO [TransactionCoordinator id=1] Resigned as the txn coordinator for partition 44 at epoch Some(1) (kafka.coordinator.transaction.TransactionCoordinator)
stream-state-bench-kafka  | [2026-07-16 06:30:15,356] INFO [Transaction State Manager 1]: No cached transaction metadata found for __transaction_state-44 during become-follower transition (kafka.coordinator.transaction.TransactionStateManager)
stream-state-bench-kafka  | [2026-07-16 06:30:15,356] INFO [TransactionCoordinator id=1] Resigned as the txn coordinator for partition 15 at epoch Some(1) (kafka.coordinator.transaction.TransactionCoordinator)
stream-state-bench-kafka  | [2026-07-16 06:30:15,357] INFO [Transaction State Manager 1]: No cached transaction metadata found for __transaction_state-15 during become-follower transition (kafka.coordinator.transaction.TransactionStateManager)
stream-state-bench-kafka  | [2026-07-16 06:30:15,357] INFO [TransactionCoordinator id=1] Resigned as the txn coordinator for partition 48 at epoch Some(1) (kafka.coordinator.transaction.TransactionCoordinator)
stream-state-bench-kafka  | [2026-07-16 06:30:15,357] INFO [Transaction State Manager 1]: No cached transaction metadata found for __transaction_state-48 during become-follower transition (kafka.coordinator.transaction.TransactionStateManager)
stream-state-bench-kafka  | [2026-07-16 06:30:15,357] INFO [TransactionCoordinator id=1] Resigned as the txn coordinator for partition 3 at epoch Some(1) (kafka.coordinator.transaction.TransactionCoordinator)
stream-state-bench-kafka  | [2026-07-16 06:30:15,357] INFO [Transaction State Manager 1]: No cached transaction metadata found for __transaction_state-3 during become-follower transition (kafka.coordinator.transaction.TransactionStateManager)
stream-state-bench-kafka  | [2026-07-16 06:30:15,357] INFO [TransactionCoordinator id=1] Resigned as the txn coordinator for partition 36 at epoch Some(1) (kafka.coordinator.transaction.TransactionCoordinator)
stream-state-bench-kafka  | [2026-07-16 06:30:15,357] INFO [Transaction State Manager 1]: No cached transaction metadata found for __transaction_state-36 during become-follower transition (kafka.coordinator.transaction.TransactionStateManager)
stream-state-bench-kafka  | [2026-07-16 06:30:15,357] INFO [TransactionCoordinator id=1] Resigned as the txn coordinator for partition 7 at epoch Some(1) (kafka.coordinator.transaction.TransactionCoordinator)
stream-state-bench-kafka  | [2026-07-16 06:30:15,357] INFO [Transaction State Manager 1]: No cached transaction metadata found for __transaction_state-7 during become-follower transition (kafka.coordinator.transaction.TransactionStateManager)
stream-state-bench-kafka  | [2026-07-16 06:30:15,357] INFO [TransactionCoordinator id=1] Resigned as the txn coordinator for partition 40 at epoch Some(1) (kafka.coordinator.transaction.TransactionCoordinator)
stream-state-bench-kafka  | [2026-07-16 06:30:15,357] INFO [Transaction State Manager 1]: No cached transaction metadata found for __transaction_state-40 during become-follower transition (kafka.coordinator.transaction.TransactionStateManager)
stream-state-bench-kafka  | [2026-07-16 06:30:15,357] INFO [TransactionCoordinator id=1] Resigned as the txn coordinator for partition 28 at epoch Some(1) (kafka.coordinator.transaction.TransactionCoordinator)
stream-state-bench-kafka  | [2026-07-16 06:30:15,357] INFO [Transaction State Manager 1]: No cached transaction metadata found for __transaction_state-28 during become-follower transition (kafka.coordinator.transaction.TransactionStateManager)
stream-state-bench-kafka  | [2026-07-16 06:30:15,357] INFO [TransactionCoordinator id=1] Resigned as the txn coordinator for partition 32 at epoch Some(1) (kafka.coordinator.transaction.TransactionCoordinator)
stream-state-bench-kafka  | [2026-07-16 06:30:15,357] INFO [Transaction State Manager 1]: No cached transaction metadata found for __transaction_state-32 during become-follower transition (kafka.coordinator.transaction.TransactionStateManager)
stream-state-bench-kafka  | [2026-07-16 06:30:15,357] INFO [TransactionCoordinator id=1] Resigned as the txn coordinator for partition 20 at epoch Some(1) (kafka.coordinator.transaction.TransactionCoordinator)
stream-state-bench-kafka  | [2026-07-16 06:30:15,357] INFO [Transaction State Manager 1]: No cached transaction metadata found for __transaction_state-20 during become-follower transition (kafka.coordinator.transaction.TransactionStateManager)
stream-state-bench-kafka  | [2026-07-16 06:30:15,357] INFO [TransactionCoordinator id=1] Resigned as the txn coordinator for partition 24 at epoch Some(1) (kafka.coordinator.transaction.TransactionCoordinator)
stream-state-bench-kafka  | [2026-07-16 06:30:15,357] INFO [Transaction State Manager 1]: No cached transaction metadata found for __transaction_state-24 during become-follower transition (kafka.coordinator.transaction.TransactionStateManager)
stream-state-bench-kafka  | [2026-07-16 06:30:15,357] INFO [TransactionCoordinator id=1] Resigned as the txn coordinator for partition 10 at epoch Some(1) (kafka.coordinator.transaction.TransactionCoordinator)
stream-state-bench-kafka  | [2026-07-16 06:30:15,357] INFO [Transaction State Manager 1]: No cached transaction metadata found for __transaction_state-10 during become-follower transition (kafka.coordinator.transaction.TransactionStateManager)
stream-state-bench-kafka  | [2026-07-16 06:30:15,357] INFO [TransactionCoordinator id=1] Resigned as the txn coordinator for partition 43 at epoch Some(1) (kafka.coordinator.transaction.TransactionCoordinator)
stream-state-bench-kafka  | [2026-07-16 06:30:15,357] INFO [Transaction State Manager 1]: No cached transaction metadata found for __transaction_state-43 during become-follower transition (kafka.coordinator.transaction.TransactionStateManager)
stream-state-bench-kafka  | [2026-07-16 06:30:15,357] INFO [TransactionCoordinator id=1] Resigned as the txn coordinator for partition 14 at epoch Some(1) (kafka.coordinator.transaction.TransactionCoordinator)
stream-state-bench-kafka  | [2026-07-16 06:30:15,357] INFO [Transaction State Manager 1]: No cached transaction metadata found for __transaction_state-14 during become-follower transition (kafka.coordinator.transaction.TransactionStateManager)
stream-state-bench-kafka  | [2026-07-16 06:30:15,357] INFO [TransactionCoordinator id=1] Resigned as the txn coordinator for partition 47 at epoch Some(1) (kafka.coordinator.transaction.TransactionCoordinator)
stream-state-bench-kafka  | [2026-07-16 06:30:15,357] INFO [Transaction State Manager 1]: No cached transaction metadata found for __transaction_state-47 during become-follower transition (kafka.coordinator.transaction.TransactionStateManager)
stream-state-bench-kafka  | [2026-07-16 06:30:15,357] INFO [TransactionCoordinator id=1] Resigned as the txn coordinator for partition 2 at epoch Some(1) (kafka.coordinator.transaction.TransactionCoordinator)
stream-state-bench-kafka  | [2026-07-16 06:30:15,357] INFO [Transaction State Manager 1]: No cached transaction metadata found for __transaction_state-2 during become-follower transition (kafka.coordinator.transaction.TransactionStateManager)
stream-state-bench-kafka  | [2026-07-16 06:30:15,357] INFO [TransactionCoordinator id=1] Resigned as the txn coordinator for partition 35 at epoch Some(1) (kafka.coordinator.transaction.TransactionCoordinator)
stream-state-bench-kafka  | [2026-07-16 06:30:15,357] INFO [Transaction State Manager 1]: No cached transaction metadata found for __transaction_state-35 during become-follower transition (kafka.coordinator.transaction.TransactionStateManager)
stream-state-bench-kafka  | [2026-07-16 06:30:15,358] INFO [TransactionCoordinator id=1] Resigned as the txn coordinator for partition 6 at epoch Some(1) (kafka.coordinator.transaction.TransactionCoordinator)
stream-state-bench-kafka  | [2026-07-16 06:30:15,358] INFO [Transaction State Manager 1]: No cached transaction metadata found for __transaction_state-6 during become-follower transition (kafka.coordinator.transaction.TransactionStateManager)
stream-state-bench-kafka  | [2026-07-16 06:30:15,358] INFO [TransactionCoordinator id=1] Resigned as the txn coordinator for partition 39 at epoch Some(1) (kafka.coordinator.transaction.TransactionCoordinator)
stream-state-bench-kafka  | [2026-07-16 06:30:15,358] INFO [Transaction State Manager 1]: No cached transaction metadata found for __transaction_state-39 during become-follower transition (kafka.coordinator.transaction.TransactionStateManager)
stream-state-bench-kafka  | [2026-07-16 06:30:15,358] INFO [TransactionCoordinator id=1] Resigned as the txn coordinator for partition 27 at epoch Some(1) (kafka.coordinator.transaction.TransactionCoordinator)
stream-state-bench-kafka  | [2026-07-16 06:30:15,358] INFO [Transaction State Manager 1]: No cached transaction metadata found for __transaction_state-27 during become-follower transition (kafka.coordinator.transaction.TransactionStateManager)
stream-state-bench-kafka  | [2026-07-16 06:30:15,358] INFO [TransactionCoordinator id=1] Resigned as the txn coordinator for partition 31 at epoch Some(1) (kafka.coordinator.transaction.TransactionCoordinator)
stream-state-bench-kafka  | [2026-07-16 06:30:15,358] INFO [Transaction State Manager 1]: No cached transaction metadata found for __transaction_state-31 during become-follower transition (kafka.coordinator.transaction.TransactionStateManager)
stream-state-bench-kafka  | [2026-07-16 06:30:15,358] INFO [TransactionCoordinator id=1] Resigned as the txn coordinator for partition 19 at epoch Some(1) (kafka.coordinator.transaction.TransactionCoordinator)
stream-state-bench-kafka  | [2026-07-16 06:30:15,358] INFO [Transaction State Manager 1]: No cached transaction metadata found for __transaction_state-19 during become-follower transition (kafka.coordinator.transaction.TransactionStateManager)
stream-state-bench-kafka  | [2026-07-16 06:30:15,358] INFO [TransactionCoordinator id=1] Resigned as the txn coordinator for partition 23 at epoch Some(1) (kafka.coordinator.transaction.TransactionCoordinator)
stream-state-bench-kafka  | [2026-07-16 06:30:15,358] INFO [Transaction State Manager 1]: No cached transaction metadata found for __transaction_state-23 during become-follower transition (kafka.coordinator.transaction.TransactionStateManager)
stream-state-bench-kafka  | [2026-07-16 06:30:15,359] INFO [DynamicConfigPublisher broker id=1] Updating cluster configuration : min.insync.replicas -> 1 (kafka.server.metadata.DynamicConfigPublisher)
stream-state-bench-kafka  | [2026-07-16 06:30:15,360] INFO AbstractConfig values: 
stream-state-bench-kafka  | 	group.consumer.assignment.interval.ms = 1000
stream-state-bench-kafka  | 	group.consumer.assignors = [uniform, range]
stream-state-bench-kafka  | 	group.consumer.heartbeat.interval.ms = 5000
stream-state-bench-kafka  | 	group.consumer.max.assignment.interval.ms = 15000
stream-state-bench-kafka  | 	group.consumer.max.heartbeat.interval.ms = 15000
stream-state-bench-kafka  | 	group.consumer.max.session.timeout.ms = 60000
stream-state-bench-kafka  | 	group.consumer.max.size = 2147483647
stream-state-bench-kafka  | 	group.consumer.migration.policy = bidirectional
stream-state-bench-kafka  | 	group.consumer.min.assignment.interval.ms = 0
stream-state-bench-kafka  | 	group.consumer.min.heartbeat.interval.ms = 5000
stream-state-bench-kafka  | 	group.consumer.min.session.timeout.ms = 45000
stream-state-bench-kafka  | 	group.consumer.regex.refresh.interval.ms = 600000
stream-state-bench-kafka  | 	group.consumer.session.timeout.ms = 45000
stream-state-bench-kafka  | 	group.coordinator.append.linger.ms = -1
stream-state-bench-kafka  | 	group.coordinator.background.threads = 2
stream-state-bench-kafka  | 	group.coordinator.cached.buffer.max.bytes = 1048588
stream-state-bench-kafka  | 	group.coordinator.rebalance.protocols = [classic, consumer, streams]
stream-state-bench-kafka  | 	group.coordinator.threads = 4
stream-state-bench-kafka  | 	group.initial.rebalance.delay.ms = 0
stream-state-bench-kafka  | 	group.max.session.timeout.ms = 1800000
stream-state-bench-kafka  | 	group.max.size = 2147483647
stream-state-bench-kafka  | 	group.min.session.timeout.ms = 6000
stream-state-bench-kafka  | 	group.share.assignment.interval.ms = 1000
stream-state-bench-kafka  | 	group.share.assignors = [simple]
stream-state-bench-kafka  | 	group.share.heartbeat.interval.ms = 5000
stream-state-bench-kafka  | 	group.share.initialize.retry.interval.ms = 30000
stream-state-bench-kafka  | 	group.share.max.assignment.interval.ms = 15000
stream-state-bench-kafka  | 	group.share.max.heartbeat.interval.ms = 15000
stream-state-bench-kafka  | 	group.share.max.session.timeout.ms = 60000
stream-state-bench-kafka  | 	group.share.max.size = 200
stream-state-bench-kafka  | 	group.share.min.assignment.interval.ms = 0
stream-state-bench-kafka  | 	group.share.min.heartbeat.interval.ms = 5000
stream-state-bench-kafka  | 	group.share.min.session.timeout.ms = 45000
stream-state-bench-kafka  | 	group.share.session.timeout.ms = 45000
stream-state-bench-kafka  | 	group.streams.assignment.interval.ms = 1000
stream-state-bench-kafka  | 	group.streams.heartbeat.interval.ms = 5000
stream-state-bench-kafka  | 	group.streams.initial.rebalance.delay.ms = 3000
stream-state-bench-kafka  | 	group.streams.max.assignment.interval.ms = 15000
stream-state-bench-kafka  | 	group.streams.max.heartbeat.interval.ms = 15000
stream-state-bench-kafka  | 	group.streams.max.session.timeout.ms = 60000
stream-state-bench-kafka  | 	group.streams.max.size = 2147483647
stream-state-bench-kafka  | 	group.streams.max.standby.replicas = 2
stream-state-bench-kafka  | 	group.streams.min.assignment.interval.ms = 0
stream-state-bench-kafka  | 	group.streams.min.heartbeat.interval.ms = 5000
stream-state-bench-kafka  | 	group.streams.min.session.timeout.ms = 45000
stream-state-bench-kafka  | 	group.streams.num.standby.replicas = 0
stream-state-bench-kafka  | 	group.streams.session.timeout.ms = 45000
stream-state-bench-kafka  | 	offset.metadata.max.bytes = 4096
stream-state-bench-kafka  | 	offsets.commit.timeout.ms = 5000
stream-state-bench-kafka  | 	offsets.load.buffer.size = 5242880
stream-state-bench-kafka  | 	offsets.retention.check.interval.ms = 600000
stream-state-bench-kafka  | 	offsets.retention.minutes = 10080
stream-state-bench-kafka  | 	offsets.topic.compression.codec = 0
stream-state-bench-kafka  | 	offsets.topic.num.partitions = 50
stream-state-bench-kafka  | 	offsets.topic.replication.factor = 1
stream-state-bench-kafka  | 	offsets.topic.segment.bytes = 104857600
stream-state-bench-kafka  |  (org.apache.kafka.common.config.AbstractConfig)
stream-state-bench-kafka  | [2026-07-16 06:30:15,361] INFO KafkaConfig values: 
stream-state-bench-kafka  | 	add.partitions.to.txn.retry.backoff.max.ms = 100
stream-state-bench-kafka  | 	add.partitions.to.txn.retry.backoff.ms = 20
stream-state-bench-kafka  | 	advertised.listeners = [PLAINTEXT://kafka:9092]
stream-state-bench-kafka  | 	alter.config.policy.class.name = null
stream-state-bench-kafka  | 	alter.log.dirs.replication.quota.window.num = 11
stream-state-bench-kafka  | 	alter.log.dirs.replication.quota.window.size.seconds = 1
stream-state-bench-kafka  | 	authorizer.class.name = 
stream-state-bench-kafka  | 	auto.create.topics.enable = false
stream-state-bench-kafka  | 	auto.leader.rebalance.enable = true
stream-state-bench-kafka  | 	background.threads = 10
stream-state-bench-kafka  | 	broker.heartbeat.interval.ms = 2000
stream-state-bench-kafka  | 	broker.id = 1
stream-state-bench-kafka  | 	broker.rack = null
stream-state-bench-kafka  | 	broker.session.timeout.ms = 9000
stream-state-bench-kafka  | 	client.quota.callback.class = null
stream-state-bench-kafka  | 	compression.gzip.level = -1
stream-state-bench-kafka  | 	compression.lz4.level = 9
stream-state-bench-kafka  | 	compression.type = producer
stream-state-bench-kafka  | 	compression.zstd.level = 3
stream-state-bench-kafka  | 	config.providers = []
stream-state-bench-kafka  | 	connection.failed.authentication.delay.ms = 100
stream-state-bench-kafka  | 	connections.max.idle.ms = 600000
stream-state-bench-kafka  | 	connections.max.reauth.ms = 0
stream-state-bench-kafka  | 	controlled.shutdown.enable = true
stream-state-bench-kafka  | 	controller.listener.names = [CONTROLLER]
stream-state-bench-kafka  | 	controller.performance.always.log.threshold.ms = 2000
stream-state-bench-kafka  | 	controller.performance.sample.period.ms = 60000
stream-state-bench-kafka  | 	controller.quorum.append.linger.ms = 25
stream-state-bench-kafka  | 	controller.quorum.auto.join.enable = false
stream-state-bench-kafka  | 	controller.quorum.bootstrap.servers = []
stream-state-bench-kafka  | 	controller.quorum.election.backoff.max.ms = 1000
stream-state-bench-kafka  | 	controller.quorum.election.timeout.ms = 1000
stream-state-bench-kafka  | 	controller.quorum.fetch.max.bytes = 1048576
stream-state-bench-kafka  | 	controller.quorum.fetch.snapshot.max.bytes = 1048576
stream-state-bench-kafka  | 	controller.quorum.fetch.timeout.ms = 2000
stream-state-bench-kafka  | 	controller.quorum.request.timeout.ms = 2000
stream-state-bench-kafka  | 	controller.quorum.retry.backoff.ms = 20
stream-state-bench-kafka  | 	controller.quorum.voters = [1@kafka:9093]
stream-state-bench-kafka  | 	controller.quota.window.num = 11
stream-state-bench-kafka  | 	controller.quota.window.size.seconds = 1
stream-state-bench-kafka  | 	controller.socket.timeout.ms = 30000
stream-state-bench-kafka  | 	cordoned.log.dirs = []
stream-state-bench-kafka  | 	create.topic.policy.class.name = null
stream-state-bench-kafka  | 	default.replication.factor = 1
stream-state-bench-kafka  | 	delegation.token.expiry.check.interval.ms = 3600000
stream-state-bench-kafka  | 	delegation.token.expiry.time.ms = 86400000
stream-state-bench-kafka  | 	delegation.token.max.lifetime.ms = 604800000
stream-state-bench-kafka  | 	delegation.token.secret.key = null
stream-state-bench-kafka  | 	delete.records.purgatory.purge.interval.requests = 1
stream-state-bench-kafka  | 	delete.topic.enable = true
stream-state-bench-kafka  | 	early.start.listeners = null
stream-state-bench-kafka  | 	fetch.max.bytes = 57671680
stream-state-bench-kafka  | 	fetch.purgatory.purge.interval.requests = 1000
stream-state-bench-kafka  | 	follower.fetch.last.tiered.offset.enable = false
stream-state-bench-kafka  | 	group.consumer.assignment.interval.ms = 1000
stream-state-bench-kafka  | 	group.consumer.assignors = [uniform, range]
stream-state-bench-kafka  | 	group.consumer.heartbeat.interval.ms = 5000
stream-state-bench-kafka  | 	group.consumer.max.assignment.interval.ms = 15000
stream-state-bench-kafka  | 	group.consumer.max.heartbeat.interval.ms = 15000
stream-state-bench-kafka  | 	group.consumer.max.session.timeout.ms = 60000
stream-state-bench-kafka  | 	group.consumer.max.size = 2147483647
stream-state-bench-kafka  | 	group.consumer.migration.policy = bidirectional
stream-state-bench-kafka  | 	group.consumer.min.assignment.interval.ms = 0
stream-state-bench-kafka  | 	group.consumer.min.heartbeat.interval.ms = 5000
stream-state-bench-kafka  | 	group.consumer.min.session.timeout.ms = 45000
stream-state-bench-kafka  | 	group.consumer.regex.refresh.interval.ms = 600000
stream-state-bench-kafka  | 	group.consumer.session.timeout.ms = 45000
stream-state-bench-kafka  | 	group.coordinator.append.linger.ms = -1
stream-state-bench-kafka  | 	group.coordinator.background.threads = 2
stream-state-bench-kafka  | 	group.coordinator.cached.buffer.max.bytes = 1048588
stream-state-bench-kafka  | 	group.coordinator.rebalance.protocols = [classic, consumer, streams]
stream-state-bench-kafka  | 	group.coordinator.threads = 4
stream-state-bench-kafka  | 	group.initial.rebalance.delay.ms = 0
stream-state-bench-kafka  | 	group.max.session.timeout.ms = 1800000
stream-state-bench-kafka  | 	group.max.size = 2147483647
stream-state-bench-kafka  | 	group.min.session.timeout.ms = 6000
stream-state-bench-kafka  | 	group.share.assignment.interval.ms = 1000
stream-state-bench-kafka  | 	group.share.assignors = [simple]
stream-state-bench-kafka  | 	group.share.delivery.count.limit = 5
stream-state-bench-kafka  | 	group.share.heartbeat.interval.ms = 5000
stream-state-bench-kafka  | 	group.share.initialize.retry.interval.ms = 30000
stream-state-bench-kafka  | 	group.share.max.assignment.interval.ms = 15000
stream-state-bench-kafka  | 	group.share.max.delivery.count.limit = 10
stream-state-bench-kafka  | 	group.share.max.heartbeat.interval.ms = 15000
stream-state-bench-kafka  | 	group.share.max.partition.max.record.locks = 4000
stream-state-bench-kafka  | 	group.share.max.record.lock.duration.ms = 60000
stream-state-bench-kafka  | 	group.share.max.session.timeout.ms = 60000
stream-state-bench-kafka  | 	group.share.max.share.sessions = 2000
stream-state-bench-kafka  | 	group.share.max.size = 200
stream-state-bench-kafka  | 	group.share.min.assignment.interval.ms = 0
stream-state-bench-kafka  | 	group.share.min.delivery.count.limit = 2
stream-state-bench-kafka  | 	group.share.min.heartbeat.interval.ms = 5000
stream-state-bench-kafka  | 	group.share.min.partition.max.record.locks = 100
stream-state-bench-kafka  | 	group.share.min.record.lock.duration.ms = 15000
stream-state-bench-kafka  | 	group.share.min.session.timeout.ms = 45000
stream-state-bench-kafka  | 	group.share.partition.max.record.locks = 2000
stream-state-bench-kafka  | 	group.share.persister.class.name = org.apache.kafka.server.share.persister.DefaultStatePersister
stream-state-bench-kafka  | 	group.share.record.lock.duration.ms = 30000
stream-state-bench-kafka  | 	group.share.session.timeout.ms = 45000
stream-state-bench-kafka  | 	group.streams.assignment.interval.ms = 1000
stream-state-bench-kafka  | 	group.streams.heartbeat.interval.ms = 5000
stream-state-bench-kafka  | 	group.streams.initial.rebalance.delay.ms = 3000
stream-state-bench-kafka  | 	group.streams.max.assignment.interval.ms = 15000
stream-state-bench-kafka  | 	group.streams.max.heartbeat.interval.ms = 15000
stream-state-bench-kafka  | 	group.streams.max.session.timeout.ms = 60000
stream-state-bench-kafka  | 	group.streams.max.size = 2147483647
stream-state-bench-kafka  | 	group.streams.max.standby.replicas = 2
stream-state-bench-kafka  | 	group.streams.min.assignment.interval.ms = 0
stream-state-bench-kafka  | 	group.streams.min.heartbeat.interval.ms = 5000
stream-state-bench-kafka  | 	group.streams.min.session.timeout.ms = 45000
stream-state-bench-kafka  | 	group.streams.num.standby.replicas = 0
stream-state-bench-kafka  | 	group.streams.session.timeout.ms = 45000
stream-state-bench-kafka  | 	initial.broker.registration.timeout.ms = 60000
stream-state-bench-kafka  | 	inter.broker.listener.name = null
stream-state-bench-kafka  | 	internal.metadata.delete.delay.millis = 60000
stream-state-bench-kafka  | 	internal.metadata.log.segment.bytes = null
stream-state-bench-kafka  | 	internal.metadata.max.batch.size.in.bytes = 8388608
stream-state-bench-kafka  | 	kafka.metrics.polling.interval.secs = 10
stream-state-bench-kafka  | 	kafka.metrics.reporters = []
stream-state-bench-kafka  | 	leader.imbalance.check.interval.seconds = 300
stream-state-bench-kafka  | 	listener.security.protocol.map = CONTROLLER:PLAINTEXT,PLAINTEXT:PLAINTEXT
stream-state-bench-kafka  | 	listeners = [PLAINTEXT://:9092, CONTROLLER://:9093]
stream-state-bench-kafka  | 	log.cleaner.backoff.ms = 15000
stream-state-bench-kafka  | 	log.cleaner.dedupe.buffer.size = 134217728
stream-state-bench-kafka  | 	log.cleaner.delete.retention.ms = 86400000
stream-state-bench-kafka  | 	log.cleaner.enable = true
stream-state-bench-kafka  | 	log.cleaner.io.buffer.load.factor = 0.9
stream-state-bench-kafka  | 	log.cleaner.io.buffer.size = 524288
stream-state-bench-kafka  | 	log.cleaner.io.max.bytes.per.second = 1.7976931348623157E308
stream-state-bench-kafka  | 	log.cleaner.max.compaction.lag.ms = 9223372036854775807
stream-state-bench-kafka  | 	log.cleaner.min.cleanable.ratio = 0.5
stream-state-bench-kafka  | 	log.cleaner.min.compaction.lag.ms = 0
stream-state-bench-kafka  | 	log.cleaner.threads = 1
stream-state-bench-kafka  | 	log.cleanup.policy = [delete]
stream-state-bench-kafka  | 	log.dir = [/tmp/kafka-logs]
stream-state-bench-kafka  | 	log.dir.failure.timeout.ms = 30000
stream-state-bench-kafka  | 	log.dirs = null
stream-state-bench-kafka  | 	log.flush.interval.messages = 9223372036854775807
stream-state-bench-kafka  | 	log.flush.interval.ms = null
stream-state-bench-kafka  | 	log.flush.offset.checkpoint.interval.ms = 60000
stream-state-bench-kafka  | 	log.flush.scheduler.interval.ms = 9223372036854775807
stream-state-bench-kafka  | 	log.flush.start.offset.checkpoint.interval.ms = 60000
stream-state-bench-kafka  | 	log.index.interval.bytes = 4096
stream-state-bench-kafka  | 	log.index.size.max.bytes = 10485760
stream-state-bench-kafka  | 	log.initial.task.delay.ms = 30000
stream-state-bench-kafka  | 	log.local.retention.bytes = -2
stream-state-bench-kafka  | 	log.local.retention.ms = -2
stream-state-bench-kafka  | 	log.message.timestamp.after.max.ms = 3600000
stream-state-bench-kafka  | 	log.message.timestamp.before.max.ms = 9223372036854775807
stream-state-bench-kafka  | 	log.message.timestamp.type = CreateTime
stream-state-bench-kafka  | 	log.preallocate = false
stream-state-bench-kafka  | 	log.retention.bytes = -1
stream-state-bench-kafka  | 	log.retention.check.interval.ms = 300000
stream-state-bench-kafka  | 	log.retention.hours = 168
stream-state-bench-kafka  | 	log.retention.minutes = null
stream-state-bench-kafka  | 	log.retention.ms = null
stream-state-bench-kafka  | 	log.roll.hours = 168
stream-state-bench-kafka  | 	log.roll.jitter.hours = 0
stream-state-bench-kafka  | 	log.roll.jitter.ms = null
stream-state-bench-kafka  | 	log.roll.ms = null
stream-state-bench-kafka  | 	log.segment.bytes = 1073741824
stream-state-bench-kafka  | 	log.segment.delete.delay.ms = 60000
stream-state-bench-kafka  | 	max.connection.creation.rate = 2147483647
stream-state-bench-kafka  | 	max.connections = 2147483647
stream-state-bench-kafka  | 	max.connections.per.ip = 2147483647
stream-state-bench-kafka  | 	max.connections.per.ip.overrides = 
stream-state-bench-kafka  | 	max.incremental.fetch.session.cache.slots = 1000
stream-state-bench-kafka  | 	max.request.partition.size.limit = 2000
stream-state-bench-kafka  | 	message.max.bytes = 1048588
stream-state-bench-kafka  | 	metadata.log.dir = null
stream-state-bench-kafka  | 	metadata.log.max.record.bytes.between.snapshots = 20971520
stream-state-bench-kafka  | 	metadata.log.max.snapshot.interval.ms = 3600000
stream-state-bench-kafka  | 	metadata.log.segment.bytes = 1073741824
stream-state-bench-kafka  | 	metadata.log.segment.ms = 604800000
stream-state-bench-kafka  | 	metadata.max.idle.interval.ms = 500
stream-state-bench-kafka  | 	metadata.max.retention.bytes = 104857600
stream-state-bench-kafka  | 	metadata.max.retention.ms = 604800000
stream-state-bench-kafka  | 	metric.reporters = [org.apache.kafka.common.metrics.JmxReporter]
stream-state-bench-kafka  | 	metrics.num.samples = 2
stream-state-bench-kafka  | 	metrics.recording.level = INFO
stream-state-bench-kafka  | 	metrics.sample.window.ms = 30000
stream-state-bench-kafka  | 	min.insync.replicas = 1
stream-state-bench-kafka  | 	node.id = 1
stream-state-bench-kafka  | 	num.io.threads = 8
stream-state-bench-kafka  | 	num.network.threads = 3
stream-state-bench-kafka  | 	num.partitions = 1
stream-state-bench-kafka  | 	num.recovery.threads.per.data.dir = 2
stream-state-bench-kafka  | 	num.replica.alter.log.dirs.threads = null
stream-state-bench-kafka  | 	num.replica.fetchers = 1
stream-state-bench-kafka  | 	offset.metadata.max.bytes = 4096
stream-state-bench-kafka  | 	offsets.commit.timeout.ms = 5000
stream-state-bench-kafka  | 	offsets.load.buffer.size = 5242880
stream-state-bench-kafka  | 	offsets.retention.check.interval.ms = 600000
stream-state-bench-kafka  | 	offsets.retention.minutes = 10080
stream-state-bench-kafka  | 	offsets.topic.compression.codec = 0
stream-state-bench-kafka  | 	offsets.topic.num.partitions = 50
stream-state-bench-kafka  | 	offsets.topic.replication.factor = 1
stream-state-bench-kafka  | 	offsets.topic.segment.bytes = 104857600
stream-state-bench-kafka  | 	principal.builder.class = class org.apache.kafka.common.security.authenticator.DefaultKafkaPrincipalBuilder
stream-state-bench-kafka  | 	process.roles = [broker, controller]
stream-state-bench-kafka  | 	producer.id.expiration.check.interval.ms = 600000
stream-state-bench-kafka  | 	producer.id.expiration.ms = 86400000
stream-state-bench-kafka  | 	producer.purgatory.purge.interval.requests = 1000
stream-state-bench-kafka  | 	queued.max.request.bytes = -1
stream-state-bench-kafka  | 	queued.max.requests = 500
stream-state-bench-kafka  | 	quota.window.num = 11
stream-state-bench-kafka  | 	quota.window.size.seconds = 1
stream-state-bench-kafka  | 	remote.fetch.max.wait.ms = 500
stream-state-bench-kafka  | 	remote.list.offsets.request.timeout.ms = 30000
stream-state-bench-kafka  | 	remote.log.index.file.cache.total.size.bytes = 1073741824
stream-state-bench-kafka  | 	remote.log.index.file.cache.ttl.ms = 900000
stream-state-bench-kafka  | 	remote.log.manager.copier.thread.pool.size = 10
stream-state-bench-kafka  | 	remote.log.manager.copy.max.bytes.per.second = 9223372036854775807
stream-state-bench-kafka  | 	remote.log.manager.copy.quota.window.num = 11
stream-state-bench-kafka  | 	remote.log.manager.copy.quota.window.size.seconds = 1
stream-state-bench-kafka  | 	remote.log.manager.expiration.thread.pool.size = 10
stream-state-bench-kafka  | 	remote.log.manager.fetch.max.bytes.per.second = 9223372036854775807
stream-state-bench-kafka  | 	remote.log.manager.fetch.quota.window.num = 11
stream-state-bench-kafka  | 	remote.log.manager.fetch.quota.window.size.seconds = 1
stream-state-bench-kafka  | 	remote.log.manager.follower.thread.pool.size = 2
stream-state-bench-kafka  | 	remote.log.manager.task.interval.ms = 30000
stream-state-bench-kafka  | 	remote.log.manager.task.retry.backoff.max.ms = 30000
stream-state-bench-kafka  | 	remote.log.manager.task.retry.backoff.ms = 500
stream-state-bench-kafka  | 	remote.log.manager.task.retry.jitter = 0.2
stream-state-bench-kafka  | 	remote.log.manager.thread.pool.size = 2
stream-state-bench-kafka  | 	remote.log.metadata.custom.metadata.max.bytes = 128
stream-state-bench-kafka  | 	remote.log.metadata.manager.class.name = org.apache.kafka.server.log.remote.metadata.storage.TopicBasedRemoteLogMetadataManager
stream-state-bench-kafka  | 	remote.log.metadata.manager.class.path = null
stream-state-bench-kafka  | 	remote.log.metadata.manager.impl.prefix = rlmm.config.
stream-state-bench-kafka  | 	remote.log.metadata.manager.listener.name = null
stream-state-bench-kafka  | 	remote.log.reader.max.pending.tasks = 100
stream-state-bench-kafka  | 	remote.log.reader.threads = 10
stream-state-bench-kafka  | 	remote.log.storage.manager.class.name = null
stream-state-bench-kafka  | 	remote.log.storage.manager.class.path = null
stream-state-bench-kafka  | 	remote.log.storage.manager.impl.prefix = rsm.config.
stream-state-bench-kafka  | 	remote.log.storage.system.enable = false
stream-state-bench-kafka  | 	replica.fetch.backoff.ms = 1000
stream-state-bench-kafka  | 	replica.fetch.max.bytes = 1048576
stream-state-bench-kafka  | 	replica.fetch.min.bytes = 1
stream-state-bench-kafka  | 	replica.fetch.response.max.bytes = 10485760
stream-state-bench-kafka  | 	replica.fetch.wait.max.ms = 500
stream-state-bench-kafka  | 	replica.high.watermark.checkpoint.interval.ms = 5000
stream-state-bench-kafka  | 	replica.lag.time.max.ms = 30000
stream-state-bench-kafka  | 	replica.selector.class = null
stream-state-bench-kafka  | 	replica.socket.receive.buffer.bytes = 65536
stream-state-bench-kafka  | 	replica.socket.timeout.ms = 30000
stream-state-bench-kafka  | 	replication.quota.window.num = 11
stream-state-bench-kafka  | 	replication.quota.window.size.seconds = 1
stream-state-bench-kafka  | 	request.timeout.ms = 30000
stream-state-bench-kafka  | 	sasl.client.callback.handler.class = null
stream-state-bench-kafka  | 	sasl.enabled.mechanisms = [GSSAPI]
stream-state-bench-kafka  | 	sasl.jaas.config = null
stream-state-bench-kafka  | 	sasl.kerberos.kinit.cmd = /usr/bin/kinit
stream-state-bench-kafka  | 	sasl.kerberos.min.time.before.relogin = 60000
stream-state-bench-kafka  | 	sasl.kerberos.principal.to.local.rules = [DEFAULT]
stream-state-bench-kafka  | 	sasl.kerberos.service.name = null
stream-state-bench-kafka  | 	sasl.kerberos.ticket.renew.jitter = 0.05
stream-state-bench-kafka  | 	sasl.kerberos.ticket.renew.window.factor = 0.8
stream-state-bench-kafka  | 	sasl.login.callback.handler.class = null
stream-state-bench-kafka  | 	sasl.login.class = null
stream-state-bench-kafka  | 	sasl.login.connect.timeout.ms = null
stream-state-bench-kafka  | 	sasl.login.read.timeout.ms = null
stream-state-bench-kafka  | 	sasl.login.refresh.buffer.seconds = 300
stream-state-bench-kafka  | 	sasl.login.refresh.min.period.seconds = 60
stream-state-bench-kafka  | 	sasl.login.refresh.window.factor = 0.8
stream-state-bench-kafka  | 	sasl.login.refresh.window.jitter = 0.05
stream-state-bench-kafka  | 	sasl.login.retry.backoff.max.ms = 10000
stream-state-bench-kafka  | 	sasl.login.retry.backoff.ms = 100
stream-state-bench-kafka  | 	sasl.mechanism.controller.protocol = GSSAPI
stream-state-bench-kafka  | 	sasl.mechanism.inter.broker.protocol = GSSAPI
stream-state-bench-kafka  | 	sasl.oauthbearer.assertion.algorithm = RS256
stream-state-bench-kafka  | 	sasl.oauthbearer.assertion.claim.aud = null
stream-state-bench-kafka  | 	sasl.oauthbearer.assertion.claim.exp.seconds = 300
stream-state-bench-kafka  | 	sasl.oauthbearer.assertion.claim.iss = null
stream-state-bench-kafka  | 	sasl.oauthbearer.assertion.claim.jti.include = false
stream-state-bench-kafka  | 	sasl.oauthbearer.assertion.claim.nbf.seconds = 60
stream-state-bench-kafka  | 	sasl.oauthbearer.assertion.claim.sub = null
stream-state-bench-kafka  | 	sasl.oauthbearer.assertion.file = null
stream-state-bench-kafka  | 	sasl.oauthbearer.assertion.private.key.file = null
stream-state-bench-kafka  | 	sasl.oauthbearer.assertion.private.key.passphrase = null
stream-state-bench-kafka  | 	sasl.oauthbearer.assertion.template.file = null
stream-state-bench-kafka  | 	sasl.oauthbearer.client.credentials.client.id = null
stream-state-bench-kafka  | 	sasl.oauthbearer.client.credentials.client.secret = null
stream-state-bench-kafka  | 	sasl.oauthbearer.clock.skew.seconds = 30
stream-state-bench-kafka  | 	sasl.oauthbearer.expected.audience = []
stream-state-bench-kafka  | 	sasl.oauthbearer.expected.issuer = null
stream-state-bench-kafka  | 	sasl.oauthbearer.jwks.endpoint.refresh.ms = 3600000
stream-state-bench-kafka  | 	sasl.oauthbearer.jwks.endpoint.retry.backoff.max.ms = 10000
stream-state-bench-kafka  | 	sasl.oauthbearer.jwks.endpoint.retry.backoff.ms = 100
stream-state-bench-kafka  | 	sasl.oauthbearer.jwks.endpoint.url = null
stream-state-bench-kafka  | 	sasl.oauthbearer.jwt.retriever.class = class org.apache.kafka.common.security.oauthbearer.DefaultJwtRetriever
stream-state-bench-kafka  | 	sasl.oauthbearer.jwt.validator.class = class org.apache.kafka.common.security.oauthbearer.DefaultJwtValidator
stream-state-bench-kafka  | 	sasl.oauthbearer.scope = null
stream-state-bench-kafka  | 	sasl.oauthbearer.scope.claim.name = scope
stream-state-bench-kafka  | 	sasl.oauthbearer.sub.claim.name = sub
stream-state-bench-kafka  | 	sasl.oauthbearer.token.endpoint.url = null
stream-state-bench-kafka  | 	sasl.server.callback.handler.class = null
stream-state-bench-kafka  | 	sasl.server.max.receive.size = 524288
stream-state-bench-kafka  | 	security.inter.broker.protocol = PLAINTEXT
stream-state-bench-kafka  | 	security.providers = null
stream-state-bench-kafka  | 	server.max.startup.time.ms = 9223372036854775807
stream-state-bench-kafka  | 	share.coordinator.append.linger.ms = -1
stream-state-bench-kafka  | 	share.coordinator.cached.buffer.max.bytes = 1048588
stream-state-bench-kafka  | 	share.coordinator.cold.partition.snapshot.interval.ms = 300000
stream-state-bench-kafka  | 	share.coordinator.load.buffer.size = 5242880
stream-state-bench-kafka  | 	share.coordinator.snapshot.update.records.per.snapshot = 500
stream-state-bench-kafka  | 	share.coordinator.state.topic.compression.codec = 0
stream-state-bench-kafka  | 	share.coordinator.state.topic.min.isr = 2
stream-state-bench-kafka  | 	share.coordinator.state.topic.num.partitions = 50
stream-state-bench-kafka  | 	share.coordinator.state.topic.prune.interval.ms = 300000
stream-state-bench-kafka  | 	share.coordinator.state.topic.replication.factor = 3
stream-state-bench-kafka  | 	share.coordinator.state.topic.segment.bytes = 104857600
stream-state-bench-kafka  | 	share.coordinator.threads = 1
stream-state-bench-kafka  | 	share.coordinator.write.timeout.ms = 5000
stream-state-bench-kafka  | 	share.fetch.purgatory.purge.interval.requests = 1000
stream-state-bench-kafka  | 	socket.connection.setup.timeout.max.ms = 30000
stream-state-bench-kafka  | 	socket.connection.setup.timeout.ms = 10000
stream-state-bench-kafka  | 	socket.listen.backlog.size = 50
stream-state-bench-kafka  | 	socket.receive.buffer.bytes = 102400
stream-state-bench-kafka  | 	socket.request.max.bytes = 104857600
stream-state-bench-kafka  | 	socket.send.buffer.bytes = 102400
stream-state-bench-kafka  | 	ssl.allow.dn.changes = false
stream-state-bench-kafka  | 	ssl.allow.san.changes = false
stream-state-bench-kafka  | 	ssl.cipher.suites = []
stream-state-bench-kafka  | 	ssl.client.auth = none
stream-state-bench-kafka  | 	ssl.enabled.protocols = [TLSv1.2, TLSv1.3]
stream-state-bench-kafka  | 	ssl.endpoint.identification.algorithm = https
stream-state-bench-kafka  | 	ssl.engine.factory.class = null
stream-state-bench-kafka  | 	ssl.key.password = null
stream-state-bench-kafka  | 	ssl.keymanager.algorithm = SunX509
stream-state-bench-kafka  | 	ssl.keystore.certificate.chain = null
stream-state-bench-kafka  | 	ssl.keystore.key = null
stream-state-bench-kafka  | 	ssl.keystore.location = null
stream-state-bench-kafka  | 	ssl.keystore.password = null
stream-state-bench-kafka  | 	ssl.keystore.type = JKS
stream-state-bench-kafka  | 	ssl.principal.mapping.rules = DEFAULT
stream-state-bench-kafka  | 	ssl.protocol = TLSv1.3
stream-state-bench-kafka  | 	ssl.provider = null
stream-state-bench-kafka  | 	ssl.secure.random.implementation = null
stream-state-bench-kafka  | 	ssl.trustmanager.algorithm = PKIX
stream-state-bench-kafka  | 	ssl.truststore.certificates = null
stream-state-bench-kafka  | 	ssl.truststore.location = null
stream-state-bench-kafka  | 	ssl.truststore.password = null
stream-state-bench-kafka  | 	ssl.truststore.type = JKS
stream-state-bench-kafka  | 	telemetry.max.bytes = 1048576
stream-state-bench-kafka  | 	transaction.abort.timed.out.transaction.cleanup.interval.ms = 10000
stream-state-bench-kafka  | 	transaction.max.timeout.ms = 900000
stream-state-bench-kafka  | 	transaction.partition.verification.enable = true
stream-state-bench-kafka  | 	transaction.remove.expired.transaction.cleanup.interval.ms = 3600000
stream-state-bench-kafka  | 	transaction.state.log.load.buffer.size = 5242880
stream-state-bench-kafka  | 	transaction.state.log.min.isr = 1
stream-state-bench-kafka  | 	transaction.state.log.num.partitions = 50
stream-state-bench-kafka  | 	transaction.state.log.replication.factor = 1
stream-state-bench-kafka  | 	transaction.state.log.segment.bytes = 104857600
stream-state-bench-kafka  | 	transaction.two.phase.commit.enable = false
stream-state-bench-kafka  | 	transactional.id.expiration.ms = 604800000
stream-state-bench-kafka  | 	unclean.leader.election.enable = false
stream-state-bench-kafka  | 	unclean.leader.election.interval.ms = 300000
stream-state-bench-kafka  | 	unstable.api.versions.enable = false
stream-state-bench-kafka  | 	unstable.feature.versions.enable = false
stream-state-bench-kafka  |  (org.apache.kafka.common.config.AbstractConfig)
stream-state-bench-kafka  | [2026-07-16 06:30:15,385] INFO [DynamicConfigPublisher broker id=1] Updating topic __transaction_state with new configuration : compression.type -> uncompressed,cleanup.policy -> compact,min.insync.replicas -> 1,segment.bytes -> 104857600,unclean.leader.election.enable -> false (kafka.server.metadata.DynamicConfigPublisher)
stream-state-bench-kafka  | [2026-07-16 06:30:15,386] INFO [BrokerLifecycleManager id=1] The broker is in RECOVERY. (org.apache.kafka.server.BrokerLifecycleManager)
stream-state-bench-kafka  | [2026-07-16 06:30:15,390] INFO [DynamicConfigPublisher broker id=1] Updating topic __consumer_offsets with new configuration : compression.type -> producer,cleanup.policy -> compact,segment.bytes -> 104857600 (kafka.server.metadata.DynamicConfigPublisher)
stream-state-bench-kafka  | [2026-07-16 06:30:15,391] INFO [DynamicConfigPublisher broker id=1] Updating topic bench-identity-latency-input with new configuration : message.timestamp.type -> LogAppendTime (kafka.server.metadata.DynamicConfigPublisher)
stream-state-bench-kafka  | [2026-07-16 06:30:15,392] INFO [BrokerMetadataPublisher id=1] Feature share.version has been updated to version 1 (kafka.server.metadata.BrokerMetadataPublisher)
stream-state-bench-kafka  | [2026-07-16 06:30:15,392] INFO [MetadataLoader id=1] InitializeNewPublishers: initializing BrokerRegistrationTracker(id=1) with a snapshot at offset 332 (org.apache.kafka.image.loader.MetadataLoader)
stream-state-bench-kafka  | [2026-07-16 06:30:15,392] INFO [BrokerServer id=1] Finished waiting for the initial broker metadata update to be published (kafka.server.BrokerServer)
stream-state-bench-kafka  | [2026-07-16 06:30:15,393] INFO KafkaConfig values: 
stream-state-bench-kafka  | 	add.partitions.to.txn.retry.backoff.max.ms = 100
stream-state-bench-kafka  | 	add.partitions.to.txn.retry.backoff.ms = 20
stream-state-bench-kafka  | 	advertised.listeners = [PLAINTEXT://kafka:9092]
stream-state-bench-kafka  | 	alter.config.policy.class.name = null
stream-state-bench-kafka  | 	alter.log.dirs.replication.quota.window.num = 11
stream-state-bench-kafka  | 	alter.log.dirs.replication.quota.window.size.seconds = 1
stream-state-bench-kafka  | 	authorizer.class.name = 
stream-state-bench-kafka  | 	auto.create.topics.enable = false
stream-state-bench-kafka  | 	auto.leader.rebalance.enable = true
stream-state-bench-kafka  | 	background.threads = 10
stream-state-bench-kafka  | 	broker.heartbeat.interval.ms = 2000
stream-state-bench-kafka  | 	broker.id = 1
stream-state-bench-kafka  | 	broker.rack = null
stream-state-bench-kafka  | 	broker.session.timeout.ms = 9000
stream-state-bench-kafka  | 	client.quota.callback.class = null
stream-state-bench-kafka  | 	compression.gzip.level = -1
stream-state-bench-kafka  | 	compression.lz4.level = 9
stream-state-bench-kafka  | 	compression.type = producer
stream-state-bench-kafka  | 	compression.zstd.level = 3
stream-state-bench-kafka  | 	config.providers = []
stream-state-bench-kafka  | 	connection.failed.authentication.delay.ms = 100
stream-state-bench-kafka  | 	connections.max.idle.ms = 600000
stream-state-bench-kafka  | 	connections.max.reauth.ms = 0
stream-state-bench-kafka  | 	controlled.shutdown.enable = true
stream-state-bench-kafka  | 	controller.listener.names = [CONTROLLER]
stream-state-bench-kafka  | 	controller.performance.always.log.threshold.ms = 2000
stream-state-bench-kafka  | 	controller.performance.sample.period.ms = 60000
stream-state-bench-kafka  | 	controller.quorum.append.linger.ms = 25
stream-state-bench-kafka  | 	controller.quorum.auto.join.enable = false
stream-state-bench-kafka  | 	controller.quorum.bootstrap.servers = []
stream-state-bench-kafka  | 	controller.quorum.election.backoff.max.ms = 1000
stream-state-bench-kafka  | 	controller.quorum.election.timeout.ms = 1000
stream-state-bench-kafka  | 	controller.quorum.fetch.max.bytes = 1048576
stream-state-bench-kafka  | 	controller.quorum.fetch.snapshot.max.bytes = 1048576
stream-state-bench-kafka  | 	controller.quorum.fetch.timeout.ms = 2000
stream-state-bench-kafka  | 	controller.quorum.request.timeout.ms = 2000
stream-state-bench-kafka  | 	controller.quorum.retry.backoff.ms = 20
stream-state-bench-kafka  | 	controller.quorum.voters = [1@kafka:9093]
stream-state-bench-kafka  | 	controller.quota.window.num = 11
stream-state-bench-kafka  | 	controller.quota.window.size.seconds = 1
stream-state-bench-kafka  | 	controller.socket.timeout.ms = 30000
stream-state-bench-kafka  | 	cordoned.log.dirs = []
stream-state-bench-kafka  | 	create.topic.policy.class.name = null
stream-state-bench-kafka  | 	default.replication.factor = 1
stream-state-bench-kafka  | 	delegation.token.expiry.check.interval.ms = 3600000
stream-state-bench-kafka  | 	delegation.token.expiry.time.ms = 86400000
stream-state-bench-kafka  | 	delegation.token.max.lifetime.ms = 604800000
stream-state-bench-kafka  | 	delegation.token.secret.key = null
stream-state-bench-kafka  | 	delete.records.purgatory.purge.interval.requests = 1
stream-state-bench-kafka  | 	delete.topic.enable = true
stream-state-bench-kafka  | 	early.start.listeners = null
stream-state-bench-kafka  | 	fetch.max.bytes = 57671680
stream-state-bench-kafka  | 	fetch.purgatory.purge.interval.requests = 1000
stream-state-bench-kafka  | 	follower.fetch.last.tiered.offset.enable = false
stream-state-bench-kafka  | 	group.consumer.assignment.interval.ms = 1000
stream-state-bench-kafka  | 	group.consumer.assignors = [uniform, range]
stream-state-bench-kafka  | 	group.consumer.heartbeat.interval.ms = 5000
stream-state-bench-kafka  | 	group.consumer.max.assignment.interval.ms = 15000
stream-state-bench-kafka  | 	group.consumer.max.heartbeat.interval.ms = 15000
stream-state-bench-kafka  | 	group.consumer.max.session.timeout.ms = 60000
stream-state-bench-kafka  | 	group.consumer.max.size = 2147483647
stream-state-bench-kafka  | 	group.consumer.migration.policy = bidirectional
stream-state-bench-kafka  | 	group.consumer.min.assignment.interval.ms = 0
stream-state-bench-kafka  | 	group.consumer.min.heartbeat.interval.ms = 5000
stream-state-bench-kafka  | 	group.consumer.min.session.timeout.ms = 45000
stream-state-bench-kafka  | 	group.consumer.regex.refresh.interval.ms = 600000
stream-state-bench-kafka  | 	group.consumer.session.timeout.ms = 45000
stream-state-bench-kafka  | 	group.coordinator.append.linger.ms = -1
stream-state-bench-kafka  | 	group.coordinator.background.threads = 2
stream-state-bench-kafka  | 	group.coordinator.cached.buffer.max.bytes = 1048588
stream-state-bench-kafka  | 	group.coordinator.rebalance.protocols = [classic, consumer, streams]
stream-state-bench-kafka  | 	group.coordinator.threads = 4
stream-state-bench-kafka  | 	group.initial.rebalance.delay.ms = 0
stream-state-bench-kafka  | 	group.max.session.timeout.ms = 1800000
stream-state-bench-kafka  | 	group.max.size = 2147483647
stream-state-bench-kafka  | 	group.min.session.timeout.ms = 6000
stream-state-bench-kafka  | 	group.share.assignment.interval.ms = 1000
stream-state-bench-kafka  | 	group.share.assignors = [simple]
stream-state-bench-kafka  | 	group.share.delivery.count.limit = 5
stream-state-bench-kafka  | 	group.share.heartbeat.interval.ms = 5000
stream-state-bench-kafka  | 	group.share.initialize.retry.interval.ms = 30000
stream-state-bench-kafka  | 	group.share.max.assignment.interval.ms = 15000
stream-state-bench-kafka  | 	group.share.max.delivery.count.limit = 10
stream-state-bench-kafka  | 	group.share.max.heartbeat.interval.ms = 15000
stream-state-bench-kafka  | 	group.share.max.partition.max.record.locks = 4000
stream-state-bench-kafka  | 	group.share.max.record.lock.duration.ms = 60000
stream-state-bench-kafka  | 	group.share.max.session.timeout.ms = 60000
stream-state-bench-kafka  | 	group.share.max.share.sessions = 2000
stream-state-bench-kafka  | 	group.share.max.size = 200
stream-state-bench-kafka  | 	group.share.min.assignment.interval.ms = 0
stream-state-bench-kafka  | 	group.share.min.delivery.count.limit = 2
stream-state-bench-kafka  | 	group.share.min.heartbeat.interval.ms = 5000
stream-state-bench-kafka  | 	group.share.min.partition.max.record.locks = 100
stream-state-bench-kafka  | 	group.share.min.record.lock.duration.ms = 15000
stream-state-bench-kafka  | 	group.share.min.session.timeout.ms = 45000
stream-state-bench-kafka  | 	group.share.partition.max.record.locks = 2000
stream-state-bench-kafka  | 	group.share.persister.class.name = org.apache.kafka.server.share.persister.DefaultStatePersister
stream-state-bench-kafka  | 	group.share.record.lock.duration.ms = 30000
stream-state-bench-kafka  | 	group.share.session.timeout.ms = 45000
stream-state-bench-kafka  | 	group.streams.assignment.interval.ms = 1000
stream-state-bench-kafka  | 	group.streams.heartbeat.interval.ms = 5000
stream-state-bench-kafka  | 	group.streams.initial.rebalance.delay.ms = 3000
stream-state-bench-kafka  | 	group.streams.max.assignment.interval.ms = 15000
stream-state-bench-kafka  | 	group.streams.max.heartbeat.interval.ms = 15000
stream-state-bench-kafka  | 	group.streams.max.session.timeout.ms = 60000
stream-state-bench-kafka  | 	group.streams.max.size = 2147483647
stream-state-bench-kafka  | 	group.streams.max.standby.replicas = 2
stream-state-bench-kafka  | 	group.streams.min.assignment.interval.ms = 0
stream-state-bench-kafka  | 	group.streams.min.heartbeat.interval.ms = 5000
stream-state-bench-kafka  | 	group.streams.min.session.timeout.ms = 45000
stream-state-bench-kafka  | 	group.streams.num.standby.replicas = 0
stream-state-bench-kafka  | 	group.streams.session.timeout.ms = 45000
stream-state-bench-kafka  | 	initial.broker.registration.timeout.ms = 60000
stream-state-bench-kafka  | 	inter.broker.listener.name = null
stream-state-bench-kafka  | 	internal.metadata.delete.delay.millis = 60000
stream-state-bench-kafka  | 	internal.metadata.log.segment.bytes = null
stream-state-bench-kafka  | 	internal.metadata.max.batch.size.in.bytes = 8388608
stream-state-bench-kafka  | 	kafka.metrics.polling.interval.secs = 10
stream-state-bench-kafka  | 	kafka.metrics.reporters = []
stream-state-bench-kafka  | 	leader.imbalance.check.interval.seconds = 300
stream-state-bench-kafka  | 	listener.security.protocol.map = CONTROLLER:PLAINTEXT,PLAINTEXT:PLAINTEXT
stream-state-bench-kafka  | 	listeners = [PLAINTEXT://:9092, CONTROLLER://:9093]
stream-state-bench-kafka  | 	log.cleaner.backoff.ms = 15000
stream-state-bench-kafka  | 	log.cleaner.dedupe.buffer.size = 134217728
stream-state-bench-kafka  | 	log.cleaner.delete.retention.ms = 86400000
stream-state-bench-kafka  | 	log.cleaner.enable = true
stream-state-bench-kafka  | 	log.cleaner.io.buffer.load.factor = 0.9
stream-state-bench-kafka  | 	log.cleaner.io.buffer.size = 524288
stream-state-bench-kafka  | 	log.cleaner.io.max.bytes.per.second = 1.7976931348623157E308
stream-state-bench-kafka  | 	log.cleaner.max.compaction.lag.ms = 9223372036854775807
stream-state-bench-kafka  | 	log.cleaner.min.cleanable.ratio = 0.5
stream-state-bench-kafka  | 	log.cleaner.min.compaction.lag.ms = 0
stream-state-bench-kafka  | 	log.cleaner.threads = 1
stream-state-bench-kafka  | 	log.cleanup.policy = [delete]
stream-state-bench-kafka  | 	log.dir = [/tmp/kafka-logs]
stream-state-bench-kafka  | 	log.dir.failure.timeout.ms = 30000
stream-state-bench-kafka  | 	log.dirs = null
stream-state-bench-kafka  | 	log.flush.interval.messages = 9223372036854775807
stream-state-bench-kafka  | 	log.flush.interval.ms = null
stream-state-bench-kafka  | 	log.flush.offset.checkpoint.interval.ms = 60000
stream-state-bench-kafka  | 	log.flush.scheduler.interval.ms = 9223372036854775807
stream-state-bench-kafka  | 	log.flush.start.offset.checkpoint.interval.ms = 60000
stream-state-bench-kafka  | 	log.index.interval.bytes = 4096
stream-state-bench-kafka  | 	log.index.size.max.bytes = 10485760
stream-state-bench-kafka  | 	log.initial.task.delay.ms = 30000
stream-state-bench-kafka  | 	log.local.retention.bytes = -2
stream-state-bench-kafka  | 	log.local.retention.ms = -2
stream-state-bench-kafka  | 	log.message.timestamp.after.max.ms = 3600000
stream-state-bench-kafka  | 	log.message.timestamp.before.max.ms = 9223372036854775807
stream-state-bench-kafka  | 	log.message.timestamp.type = CreateTime
stream-state-bench-kafka  | 	log.preallocate = false
stream-state-bench-kafka  | 	log.retention.bytes = -1
stream-state-bench-kafka  | 	log.retention.check.interval.ms = 300000
stream-state-bench-kafka  | 	log.retention.hours = 168
stream-state-bench-kafka  | 	log.retention.minutes = null
stream-state-bench-kafka  | 	log.retention.ms = null
stream-state-bench-kafka  | 	log.roll.hours = 168
stream-state-bench-kafka  | 	log.roll.jitter.hours = 0
stream-state-bench-kafka  | 	log.roll.jitter.ms = null
stream-state-bench-kafka  | 	log.roll.ms = null
stream-state-bench-kafka  | 	log.segment.bytes = 1073741824
stream-state-bench-kafka  | 	log.segment.delete.delay.ms = 60000
stream-state-bench-kafka  | 	max.connection.creation.rate = 2147483647
stream-state-bench-kafka  | 	max.connections = 2147483647
stream-state-bench-kafka  | 	max.connections.per.ip = 2147483647
stream-state-bench-kafka  | 	max.connections.per.ip.overrides = 
stream-state-bench-kafka  | 	max.incremental.fetch.session.cache.slots = 1000
stream-state-bench-kafka  | 	max.request.partition.size.limit = 2000
stream-state-bench-kafka  | 	message.max.bytes = 1048588
stream-state-bench-kafka  | 	metadata.log.dir = null
stream-state-bench-kafka  | 	metadata.log.max.record.bytes.between.snapshots = 20971520
stream-state-bench-kafka  | 	metadata.log.max.snapshot.interval.ms = 3600000
stream-state-bench-kafka  | 	metadata.log.segment.bytes = 1073741824
stream-state-bench-kafka  | 	metadata.log.segment.ms = 604800000
stream-state-bench-kafka  | 	metadata.max.idle.interval.ms = 500
stream-state-bench-kafka  | 	metadata.max.retention.bytes = 104857600
stream-state-bench-kafka  | 	metadata.max.retention.ms = 604800000
stream-state-bench-kafka  | 	metric.reporters = [org.apache.kafka.common.metrics.JmxReporter]
stream-state-bench-kafka  | 	metrics.num.samples = 2
stream-state-bench-kafka  | 	metrics.recording.level = INFO
stream-state-bench-kafka  | 	metrics.sample.window.ms = 30000
stream-state-bench-kafka  | 	min.insync.replicas = 1
stream-state-bench-kafka  | 	node.id = 1
stream-state-bench-kafka  | 	num.io.threads = 8
stream-state-bench-kafka  | 	num.network.threads = 3
stream-state-bench-kafka  | 	num.partitions = 1
stream-state-bench-kafka  | 	num.recovery.threads.per.data.dir = 2
stream-state-bench-kafka  | 	num.replica.alter.log.dirs.threads = null
stream-state-bench-kafka  | 	num.replica.fetchers = 1
stream-state-bench-kafka  | 	offset.metadata.max.bytes = 4096
stream-state-bench-kafka  | 	offsets.commit.timeout.ms = 5000
stream-state-bench-kafka  | 	offsets.load.buffer.size = 5242880
stream-state-bench-kafka  | 	offsets.retention.check.interval.ms = 600000
stream-state-bench-kafka  | 	offsets.retention.minutes = 10080
stream-state-bench-kafka  | 	offsets.topic.compression.codec = 0
stream-state-bench-kafka  | 	offsets.topic.num.partitions = 50
stream-state-bench-kafka  | 	offsets.topic.replication.factor = 1
stream-state-bench-kafka  | 	offsets.topic.segment.bytes = 104857600
stream-state-bench-kafka  | 	principal.builder.class = class org.apache.kafka.common.security.authenticator.DefaultKafkaPrincipalBuilder
stream-state-bench-kafka  | 	process.roles = [broker, controller]
stream-state-bench-kafka  | 	producer.id.expiration.check.interval.ms = 600000
stream-state-bench-kafka  | 	producer.id.expiration.ms = 86400000
stream-state-bench-kafka  | 	producer.purgatory.purge.interval.requests = 1000
stream-state-bench-kafka  | 	queued.max.request.bytes = -1
stream-state-bench-kafka  | 	queued.max.requests = 500
stream-state-bench-kafka  | 	quota.window.num = 11
stream-state-bench-kafka  | 	quota.window.size.seconds = 1
stream-state-bench-kafka  | 	remote.fetch.max.wait.ms = 500
stream-state-bench-kafka  | 	remote.list.offsets.request.timeout.ms = 30000
stream-state-bench-kafka  | 	remote.log.index.file.cache.total.size.bytes = 1073741824
stream-state-bench-kafka  | 	remote.log.index.file.cache.ttl.ms = 900000
stream-state-bench-kafka  | 	remote.log.manager.copier.thread.pool.size = 10
stream-state-bench-kafka  | 	remote.log.manager.copy.max.bytes.per.second = 9223372036854775807
stream-state-bench-kafka  | 	remote.log.manager.copy.quota.window.num = 11
stream-state-bench-kafka  | 	remote.log.manager.copy.quota.window.size.seconds = 1
stream-state-bench-kafka  | 	remote.log.manager.expiration.thread.pool.size = 10
stream-state-bench-kafka  | 	remote.log.manager.fetch.max.bytes.per.second = 9223372036854775807
stream-state-bench-kafka  | 	remote.log.manager.fetch.quota.window.num = 11
stream-state-bench-kafka  | 	remote.log.manager.fetch.quota.window.size.seconds = 1
stream-state-bench-kafka  | 	remote.log.manager.follower.thread.pool.size = 2
stream-state-bench-kafka  | 	remote.log.manager.task.interval.ms = 30000
stream-state-bench-kafka  | 	remote.log.manager.task.retry.backoff.max.ms = 30000
stream-state-bench-kafka  | 	remote.log.manager.task.retry.backoff.ms = 500
stream-state-bench-kafka  | 	remote.log.manager.task.retry.jitter = 0.2
stream-state-bench-kafka  | 	remote.log.manager.thread.pool.size = 2
stream-state-bench-kafka  | 	remote.log.metadata.custom.metadata.max.bytes = 128
stream-state-bench-kafka  | 	remote.log.metadata.manager.class.name = org.apache.kafka.server.log.remote.metadata.storage.TopicBasedRemoteLogMetadataManager
stream-state-bench-kafka  | 	remote.log.metadata.manager.class.path = null
stream-state-bench-kafka  | 	remote.log.metadata.manager.impl.prefix = rlmm.config.
stream-state-bench-kafka  | 	remote.log.metadata.manager.listener.name = null
stream-state-bench-kafka  | 	remote.log.reader.max.pending.tasks = 100
stream-state-bench-kafka  | 	remote.log.reader.threads = 10
stream-state-bench-kafka  | 	remote.log.storage.manager.class.name = null
stream-state-bench-kafka  | 	remote.log.storage.manager.class.path = null
stream-state-bench-kafka  | 	remote.log.storage.manager.impl.prefix = rsm.config.
stream-state-bench-kafka  | 	remote.log.storage.system.enable = false
stream-state-bench-kafka  | 	replica.fetch.backoff.ms = 1000
stream-state-bench-kafka  | 	replica.fetch.max.bytes = 1048576
stream-state-bench-kafka  | 	replica.fetch.min.bytes = 1
stream-state-bench-kafka  | 	replica.fetch.response.max.bytes = 10485760
stream-state-bench-kafka  | 	replica.fetch.wait.max.ms = 500
stream-state-bench-kafka  | 	replica.high.watermark.checkpoint.interval.ms = 5000
stream-state-bench-kafka  | 	replica.lag.time.max.ms = 30000
stream-state-bench-kafka  | 	replica.selector.class = null
stream-state-bench-kafka  | 	replica.socket.receive.buffer.bytes = 65536
stream-state-bench-kafka  | 	replica.socket.timeout.ms = 30000
stream-state-bench-kafka  | 	replication.quota.window.num = 11
stream-state-bench-kafka  | 	replication.quota.window.size.seconds = 1
stream-state-bench-kafka  | 	request.timeout.ms = 30000
stream-state-bench-kafka  | 	sasl.client.callback.handler.class = null
stream-state-bench-kafka  | 	sasl.enabled.mechanisms = [GSSAPI]
stream-state-bench-kafka  | 	sasl.jaas.config = null
stream-state-bench-kafka  | 	sasl.kerberos.kinit.cmd = /usr/bin/kinit
stream-state-bench-kafka  | 	sasl.kerberos.min.time.before.relogin = 60000
stream-state-bench-kafka  | 	sasl.kerberos.principal.to.local.rules = [DEFAULT]
stream-state-bench-kafka  | 	sasl.kerberos.service.name = null
stream-state-bench-kafka  | 	sasl.kerberos.ticket.renew.jitter = 0.05
stream-state-bench-kafka  | 	sasl.kerberos.ticket.renew.window.factor = 0.8
stream-state-bench-kafka  | 	sasl.login.callback.handler.class = null
stream-state-bench-kafka  | 	sasl.login.class = null
stream-state-bench-kafka  | 	sasl.login.connect.timeout.ms = null
stream-state-bench-kafka  | 	sasl.login.read.timeout.ms = null
stream-state-bench-kafka  | 	sasl.login.refresh.buffer.seconds = 300
stream-state-bench-kafka  | 	sasl.login.refresh.min.period.seconds = 60
stream-state-bench-kafka  | 	sasl.login.refresh.window.factor = 0.8
stream-state-bench-kafka  | 	sasl.login.refresh.window.jitter = 0.05
stream-state-bench-kafka  | 	sasl.login.retry.backoff.max.ms = 10000
stream-state-bench-kafka  | 	sasl.login.retry.backoff.ms = 100
stream-state-bench-kafka  | 	sasl.mechanism.controller.protocol = GSSAPI
stream-state-bench-kafka  | 	sasl.mechanism.inter.broker.protocol = GSSAPI
stream-state-bench-kafka  | 	sasl.oauthbearer.assertion.algorithm = RS256
stream-state-bench-kafka  | 	sasl.oauthbearer.assertion.claim.aud = null
stream-state-bench-kafka  | 	sasl.oauthbearer.assertion.claim.exp.seconds = 300
stream-state-bench-kafka  | 	sasl.oauthbearer.assertion.claim.iss = null
stream-state-bench-kafka  | 	sasl.oauthbearer.assertion.claim.jti.include = false
stream-state-bench-kafka  | 	sasl.oauthbearer.assertion.claim.nbf.seconds = 60
stream-state-bench-kafka  | 	sasl.oauthbearer.assertion.claim.sub = null
stream-state-bench-kafka  | 	sasl.oauthbearer.assertion.file = null
stream-state-bench-kafka  | 	sasl.oauthbearer.assertion.private.key.file = null
stream-state-bench-kafka  | 	sasl.oauthbearer.assertion.private.key.passphrase = null
stream-state-bench-kafka  | 	sasl.oauthbearer.assertion.template.file = null
stream-state-bench-kafka  | 	sasl.oauthbearer.client.credentials.client.id = null
stream-state-bench-kafka  | 	sasl.oauthbearer.client.credentials.client.secret = null
stream-state-bench-kafka  | 	sasl.oauthbearer.clock.skew.seconds = 30
stream-state-bench-kafka  | 	sasl.oauthbearer.expected.audience = []
stream-state-bench-kafka  | 	sasl.oauthbearer.expected.issuer = null
stream-state-bench-kafka  | 	sasl.oauthbearer.jwks.endpoint.refresh.ms = 3600000
stream-state-bench-kafka  | 	sasl.oauthbearer.jwks.endpoint.retry.backoff.max.ms = 10000
stream-state-bench-kafka  | 	sasl.oauthbearer.jwks.endpoint.retry.backoff.ms = 100
stream-state-bench-kafka  | 	sasl.oauthbearer.jwks.endpoint.url = null
stream-state-bench-kafka  | 	sasl.oauthbearer.jwt.retriever.class = class org.apache.kafka.common.security.oauthbearer.DefaultJwtRetriever
stream-state-bench-kafka  | 	sasl.oauthbearer.jwt.validator.class = class org.apache.kafka.common.security.oauthbearer.DefaultJwtValidator
stream-state-bench-kafka  | 	sasl.oauthbearer.scope = null
stream-state-bench-kafka  | 	sasl.oauthbearer.scope.claim.name = scope
stream-state-bench-kafka  | 	sasl.oauthbearer.sub.claim.name = sub
stream-state-bench-kafka  | 	sasl.oauthbearer.token.endpoint.url = null
stream-state-bench-kafka  | 	sasl.server.callback.handler.class = null
stream-state-bench-kafka  | 	sasl.server.max.receive.size = 524288
stream-state-bench-kafka  | 	security.inter.broker.protocol = PLAINTEXT
stream-state-bench-kafka  | 	security.providers = null
stream-state-bench-kafka  | 	server.max.startup.time.ms = 9223372036854775807
stream-state-bench-kafka  | 	share.coordinator.append.linger.ms = -1
stream-state-bench-kafka  | 	share.coordinator.cached.buffer.max.bytes = 1048588
stream-state-bench-kafka  | 	share.coordinator.cold.partition.snapshot.interval.ms = 300000
stream-state-bench-kafka  | 	share.coordinator.load.buffer.size = 5242880
stream-state-bench-kafka  | 	share.coordinator.snapshot.update.records.per.snapshot = 500
stream-state-bench-kafka  | 	share.coordinator.state.topic.compression.codec = 0
stream-state-bench-kafka  | 	share.coordinator.state.topic.min.isr = 2
stream-state-bench-kafka  | 	share.coordinator.state.topic.num.partitions = 50
stream-state-bench-kafka  | 	share.coordinator.state.topic.prune.interval.ms = 300000
stream-state-bench-kafka  | 	share.coordinator.state.topic.replication.factor = 3
stream-state-bench-kafka  | 	share.coordinator.state.topic.segment.bytes = 104857600
stream-state-bench-kafka  | 	share.coordinator.threads = 1
stream-state-bench-kafka  | 	share.coordinator.write.timeout.ms = 5000
stream-state-bench-kafka  | 	share.fetch.purgatory.purge.interval.requests = 1000
stream-state-bench-kafka  | 	socket.connection.setup.timeout.max.ms = 30000
stream-state-bench-kafka  | 	socket.connection.setup.timeout.ms = 10000
stream-state-bench-kafka  | 	socket.listen.backlog.size = 50
stream-state-bench-kafka  | 	socket.receive.buffer.bytes = 102400
stream-state-bench-kafka  | 	socket.request.max.bytes = 104857600
stream-state-bench-kafka  | 	socket.send.buffer.bytes = 102400
stream-state-bench-kafka  | 	ssl.allow.dn.changes = false
stream-state-bench-kafka  | 	ssl.allow.san.changes = false
stream-state-bench-kafka  | 	ssl.cipher.suites = []
stream-state-bench-kafka  | 	ssl.client.auth = none
stream-state-bench-kafka  | 	ssl.enabled.protocols = [TLSv1.2, TLSv1.3]
stream-state-bench-kafka  | 	ssl.endpoint.identification.algorithm = https
stream-state-bench-kafka  | 	ssl.engine.factory.class = null
stream-state-bench-kafka  | 	ssl.key.password = null
stream-state-bench-kafka  | 	ssl.keymanager.algorithm = SunX509
stream-state-bench-kafka  | 	ssl.keystore.certificate.chain = null
stream-state-bench-kafka  | 	ssl.keystore.key = null
stream-state-bench-kafka  | 	ssl.keystore.location = null
stream-state-bench-kafka  | 	ssl.keystore.password = null
stream-state-bench-kafka  | 	ssl.keystore.type = JKS
stream-state-bench-kafka  | 	ssl.principal.mapping.rules = DEFAULT
stream-state-bench-kafka  | 	ssl.protocol = TLSv1.3
stream-state-bench-kafka  | 	ssl.provider = null
stream-state-bench-kafka  | 	ssl.secure.random.implementation = null
stream-state-bench-kafka  | 	ssl.trustmanager.algorithm = PKIX
stream-state-bench-kafka  | 	ssl.truststore.certificates = null
stream-state-bench-kafka  | 	ssl.truststore.location = null
stream-state-bench-kafka  | 	ssl.truststore.password = null
stream-state-bench-kafka  | 	ssl.truststore.type = JKS
stream-state-bench-kafka  | 	telemetry.max.bytes = 1048576
stream-state-bench-kafka  | 	transaction.abort.timed.out.transaction.cleanup.interval.ms = 10000
stream-state-bench-kafka  | 	transaction.max.timeout.ms = 900000
stream-state-bench-kafka  | 	transaction.partition.verification.enable = true
stream-state-bench-kafka  | 	transaction.remove.expired.transaction.cleanup.interval.ms = 3600000
stream-state-bench-kafka  | 	transaction.state.log.load.buffer.size = 5242880
stream-state-bench-kafka  | 	transaction.state.log.min.isr = 1
stream-state-bench-kafka  | 	transaction.state.log.num.partitions = 50
stream-state-bench-kafka  | 	transaction.state.log.replication.factor = 1
stream-state-bench-kafka  | 	transaction.state.log.segment.bytes = 104857600
stream-state-bench-kafka  | 	transaction.two.phase.commit.enable = false
stream-state-bench-kafka  | 	transactional.id.expiration.ms = 604800000
stream-state-bench-kafka  | 	unclean.leader.election.enable = false
stream-state-bench-kafka  | 	unclean.leader.election.interval.ms = 300000
stream-state-bench-kafka  | 	unstable.api.versions.enable = false
stream-state-bench-kafka  | 	unstable.feature.versions.enable = false
stream-state-bench-kafka  |  (org.apache.kafka.common.config.AbstractConfig)
stream-state-bench-kafka  | [2026-07-16 06:30:15,395] INFO [BrokerServer id=1] Waiting for the broker to be unfenced (kafka.server.BrokerServer)
stream-state-bench-kafka  | [2026-07-16 06:30:15,441] INFO [BrokerLifecycleManager id=1] The broker has been unfenced. Transitioning from RECOVERY to RUNNING. (org.apache.kafka.server.BrokerLifecycleManager)
stream-state-bench-kafka  | [2026-07-16 06:30:15,441] INFO [BrokerServer id=1] Finished waiting for the broker to be unfenced (kafka.server.BrokerServer)
stream-state-bench-kafka  | [2026-07-16 06:30:15,442] INFO authorizerStart completed for endpoint PLAINTEXT. Endpoint is now READY. (org.apache.kafka.server.network.EndpointReadyFutures)
stream-state-bench-kafka  | [2026-07-16 06:30:15,442] INFO [SocketServer listenerType=BROKER, nodeId=1] Enabling request processing. (kafka.network.SocketServer)
stream-state-bench-kafka  | [2026-07-16 06:30:15,442] INFO Awaiting socket connections on 0.0.0.0:9092. (kafka.network.DataPlaneAcceptor)
stream-state-bench-kafka  | [2026-07-16 06:30:15,443] INFO [BrokerServer id=1] Waiting for all of the authorizer futures to be completed (kafka.server.BrokerServer)
stream-state-bench-kafka  | [2026-07-16 06:30:15,443] INFO [BrokerServer id=1] Finished waiting for all of the authorizer futures to be completed (kafka.server.BrokerServer)
stream-state-bench-kafka  | [2026-07-16 06:30:15,443] INFO [BrokerServer id=1] Waiting for all of the SocketServer Acceptors to be started (kafka.server.BrokerServer)
stream-state-bench-kafka  | [2026-07-16 06:30:15,443] INFO [BrokerServer id=1] Finished waiting for all of the SocketServer Acceptors to be started (kafka.server.BrokerServer)
stream-state-bench-kafka  | [2026-07-16 06:30:15,443] INFO [ReplicaFetcherManager on broker 1] Removed fetcher for partitions Set(__transaction_state-42, __consumer_offsets-13, __consumer_offsets-46, __transaction_state-17, __transaction_state-34, __consumer_offsets-21, __transaction_state-9, __transaction_state-26, __consumer_offsets-30, __transaction_state-1, __transaction_state-18, __consumer_offsets-5, __consumer_offsets-38, __consumer_offsets-45, __consumer_offsets-12, __transaction_state-16, __transaction_state-49, __consumer_offsets-20, __transaction_state-8, __transaction_state-41, __consumer_offsets-29, __transaction_state-0, __transaction_state-33, __consumer_offsets-37, __consumer_offsets-4, __transaction_state-25, __consumer_offsets-15, __consumer_offsets-48, __transaction_state-15, __transaction_state-48, __consumer_offsets-23, __transaction_state-7, __transaction_state-40, __consumer_offsets-32, __transaction_state-32, __consumer_offsets-7, __consumer_offsets-40, __transaction_state-24, __consumer_offsets-47, __consumer_offsets-14, __transaction_state-14, __transaction_state-47, __consumer_offsets-22, __transaction_state-6, __transaction_state-39, __consumer_offsets-31, __transaction_state-31, __consumer_offsets-39, __consumer_offsets-6, __transaction_state-23, bench-identity-latency-output-0, bench-identity-latency-input-0, __transaction_state-13, __transaction_state-46, __consumer_offsets-9, __consumer_offsets-42, __transaction_state-5, __transaction_state-38, __consumer_offsets-17, __transaction_state-30, __consumer_offsets-26, __transaction_state-22, __consumer_offsets-1, __consumer_offsets-34, __consumer_offsets-16, __transaction_state-12, __transaction_state-45, __consumer_offsets-41, __consumer_offsets-24, __transaction_state-4, __transaction_state-37, __consumer_offsets-49, __consumer_offsets-0, __transaction_state-29, __consumer_offsets-25, __consumer_offsets-8, __transaction_state-21, __consumer_offsets-33, __transaction_state-11, __transaction_state-44, __consumer_offsets-11, __consumer_offsets-44, __transaction_state-3, __transaction_state-36, __consumer_offsets-19, __transaction_state-28, __consumer_offsets-28, __transaction_state-20, __consumer_offsets-3, __consumer_offsets-36, __transaction_state-10, __transaction_state-43, __consumer_offsets-43, __consumer_offsets-10, __transaction_state-2, __transaction_state-35, __consumer_offsets-18, __transaction_state-27, __consumer_offsets-27, __transaction_state-19, __consumer_offsets-35, __consumer_offsets-2) (kafka.server.ReplicaFetcherManager)
stream-state-bench-kafka  | [2026-07-16 06:30:15,443] INFO [BrokerServer id=1] Transition from STARTING to STARTED (kafka.server.BrokerServer)
stream-state-bench-kafka  | [2026-07-16 06:30:15,444] INFO Kafka version: 4.3.1 (org.apache.kafka.common.utils.AppInfoParser)
stream-state-bench-kafka  | [2026-07-16 06:30:15,444] INFO Kafka commitId: 26b251a451ce941d (org.apache.kafka.common.utils.AppInfoParser)
stream-state-bench-kafka  | [2026-07-16 06:30:15,444] INFO Kafka startTimeMs: 1784183415443 (org.apache.kafka.common.utils.AppInfoParser)
stream-state-bench-kafka  | [2026-07-16 06:30:15,445] INFO [KafkaRaftServer nodeId=1] Kafka Server started (kafka.server.KafkaRaftServer)
stream-state-bench-kafka  | [2026-07-16 06:30:15,698] INFO [GroupCoordinator id=1] Scheduling loading of metadata from __consumer_offsets-13 with epoch 2 (org.apache.kafka.coordinator.common.runtime.CoordinatorRuntime)
stream-state-bench-kafka  | [2026-07-16 06:30:15,699] INFO [GroupCoordinator id=1] Scheduling loading of metadata from __consumer_offsets-46 with epoch 2 (org.apache.kafka.coordinator.common.runtime.CoordinatorRuntime)
stream-state-bench-kafka  | [2026-07-16 06:30:15,700] INFO [GroupCoordinator id=1] Scheduling loading of metadata from __consumer_offsets-9 with epoch 2 (org.apache.kafka.coordinator.common.runtime.CoordinatorRuntime)
stream-state-bench-kafka  | [2026-07-16 06:30:15,700] INFO [GroupCoordinator id=1] Scheduling loading of metadata from __consumer_offsets-42 with epoch 2 (org.apache.kafka.coordinator.common.runtime.CoordinatorRuntime)
stream-state-bench-kafka  | [2026-07-16 06:30:15,700] INFO [GroupCoordinator id=1] Scheduling loading of metadata from __consumer_offsets-21 with epoch 2 (org.apache.kafka.coordinator.common.runtime.CoordinatorRuntime)
stream-state-bench-kafka  | [2026-07-16 06:30:15,700] INFO [GroupCoordinator id=1] Scheduling loading of metadata from __consumer_offsets-17 with epoch 2 (org.apache.kafka.coordinator.common.runtime.CoordinatorRuntime)
stream-state-bench-kafka  | [2026-07-16 06:30:15,700] INFO [GroupCoordinator id=1] Scheduling loading of metadata from __consumer_offsets-30 with epoch 2 (org.apache.kafka.coordinator.common.runtime.CoordinatorRuntime)
stream-state-bench-kafka  | [2026-07-16 06:30:15,701] INFO [GroupCoordinator id=1] Scheduling loading of metadata from __consumer_offsets-26 with epoch 2 (org.apache.kafka.coordinator.common.runtime.CoordinatorRuntime)
stream-state-bench-kafka  | [2026-07-16 06:30:15,701] INFO [GroupCoordinator id=1] Scheduling loading of metadata from __consumer_offsets-5 with epoch 2 (org.apache.kafka.coordinator.common.runtime.CoordinatorRuntime)
stream-state-bench-kafka  | [2026-07-16 06:30:15,701] INFO [GroupCoordinator id=1] Scheduling loading of metadata from __consumer_offsets-38 with epoch 2 (org.apache.kafka.coordinator.common.runtime.CoordinatorRuntime)
stream-state-bench-kafka  | [2026-07-16 06:30:15,701] INFO [GroupCoordinator id=1] Scheduling loading of metadata from __consumer_offsets-1 with epoch 2 (org.apache.kafka.coordinator.common.runtime.CoordinatorRuntime)
stream-state-bench-kafka  | [2026-07-16 06:30:15,701] INFO [GroupCoordinator id=1] Scheduling loading of metadata from __consumer_offsets-34 with epoch 2 (org.apache.kafka.coordinator.common.runtime.CoordinatorRuntime)
stream-state-bench-kafka  | [2026-07-16 06:30:15,702] INFO [GroupCoordinator id=1] Scheduling loading of metadata from __consumer_offsets-16 with epoch 2 (org.apache.kafka.coordinator.common.runtime.CoordinatorRuntime)
stream-state-bench-kafka  | [2026-07-16 06:30:15,702] INFO [GroupCoordinator id=1] Scheduling loading of metadata from __consumer_offsets-45 with epoch 2 (org.apache.kafka.coordinator.common.runtime.CoordinatorRuntime)
stream-state-bench-kafka  | [2026-07-16 06:30:15,702] INFO [GroupCoordinator id=1] Scheduling loading of metadata from __consumer_offsets-12 with epoch 2 (org.apache.kafka.coordinator.common.runtime.CoordinatorRuntime)
stream-state-bench-kafka  | [2026-07-16 06:30:15,702] INFO [GroupCoordinator id=1] Scheduling loading of metadata from __consumer_offsets-41 with epoch 2 (org.apache.kafka.coordinator.common.runtime.CoordinatorRuntime)
stream-state-bench-kafka  | [2026-07-16 06:30:15,702] INFO [GroupCoordinator id=1] Scheduling loading of metadata from __consumer_offsets-24 with epoch 2 (org.apache.kafka.coordinator.common.runtime.CoordinatorRuntime)
stream-state-bench-kafka  | [2026-07-16 06:30:15,702] INFO [GroupCoordinator id=1] Scheduling loading of metadata from __consumer_offsets-20 with epoch 2 (org.apache.kafka.coordinator.common.runtime.CoordinatorRuntime)
stream-state-bench-kafka  | [2026-07-16 06:30:15,703] INFO [GroupCoordinator id=1] Scheduling loading of metadata from __consumer_offsets-49 with epoch 2 (org.apache.kafka.coordinator.common.runtime.CoordinatorRuntime)
stream-state-bench-kafka  | [2026-07-16 06:30:15,703] INFO [GroupCoordinator id=1] Scheduling loading of metadata from __consumer_offsets-0 with epoch 2 (org.apache.kafka.coordinator.common.runtime.CoordinatorRuntime)
stream-state-bench-kafka  | [2026-07-16 06:30:15,703] INFO [GroupCoordinator id=1] Scheduling loading of metadata from __consumer_offsets-29 with epoch 2 (org.apache.kafka.coordinator.common.runtime.CoordinatorRuntime)
stream-state-bench-kafka  | [2026-07-16 06:30:15,703] INFO [GroupCoordinator id=1] Scheduling loading of metadata from __consumer_offsets-25 with epoch 2 (org.apache.kafka.coordinator.common.runtime.CoordinatorRuntime)
stream-state-bench-kafka  | [2026-07-16 06:30:15,703] INFO [GroupCoordinator id=1] Scheduling loading of metadata from __consumer_offsets-8 with epoch 2 (org.apache.kafka.coordinator.common.runtime.CoordinatorRuntime)
stream-state-bench-kafka  | [2026-07-16 06:30:15,703] INFO [GroupCoordinator id=1] Scheduling loading of metadata from __consumer_offsets-37 with epoch 2 (org.apache.kafka.coordinator.common.runtime.CoordinatorRuntime)
stream-state-bench-kafka  | [2026-07-16 06:30:15,703] INFO [GroupCoordinator id=1] Scheduling loading of metadata from __consumer_offsets-4 with epoch 2 (org.apache.kafka.coordinator.common.runtime.CoordinatorRuntime)
stream-state-bench-kafka  | [2026-07-16 06:30:15,704] INFO [GroupCoordinator id=1] Scheduling loading of metadata from __consumer_offsets-33 with epoch 2 (org.apache.kafka.coordinator.common.runtime.CoordinatorRuntime)
stream-state-bench-kafka  | [2026-07-16 06:30:15,704] INFO [GroupCoordinator id=1] Scheduling loading of metadata from __consumer_offsets-15 with epoch 2 (org.apache.kafka.coordinator.common.runtime.CoordinatorRuntime)
stream-state-bench-kafka  | [2026-07-16 06:30:15,704] INFO [GroupCoordinator id=1] Scheduling loading of metadata from __consumer_offsets-48 with epoch 2 (org.apache.kafka.coordinator.common.runtime.CoordinatorRuntime)
stream-state-bench-kafka  | [2026-07-16 06:30:15,704] INFO [GroupCoordinator id=1] Scheduling loading of metadata from __consumer_offsets-11 with epoch 2 (org.apache.kafka.coordinator.common.runtime.CoordinatorRuntime)
stream-state-bench-kafka  | [2026-07-16 06:30:15,705] INFO [GroupCoordinator id=1] Scheduling loading of metadata from __consumer_offsets-44 with epoch 2 (org.apache.kafka.coordinator.common.runtime.CoordinatorRuntime)
stream-state-bench-kafka  | [2026-07-16 06:30:15,705] INFO [GroupCoordinator id=1] Scheduling loading of metadata from __consumer_offsets-23 with epoch 2 (org.apache.kafka.coordinator.common.runtime.CoordinatorRuntime)
stream-state-bench-kafka  | [2026-07-16 06:30:15,705] INFO [GroupCoordinator id=1] Scheduling loading of metadata from __consumer_offsets-19 with epoch 2 (org.apache.kafka.coordinator.common.runtime.CoordinatorRuntime)
stream-state-bench-kafka  | [2026-07-16 06:30:15,705] INFO [GroupCoordinator id=1] Scheduling loading of metadata from __consumer_offsets-32 with epoch 2 (org.apache.kafka.coordinator.common.runtime.CoordinatorRuntime)
stream-state-bench-kafka  | [2026-07-16 06:30:15,705] INFO [GroupCoordinator id=1] Scheduling loading of metadata from __consumer_offsets-28 with epoch 2 (org.apache.kafka.coordinator.common.runtime.CoordinatorRuntime)
stream-state-bench-kafka  | [2026-07-16 06:30:15,706] INFO [GroupCoordinator id=1] Scheduling loading of metadata from __consumer_offsets-7 with epoch 2 (org.apache.kafka.coordinator.common.runtime.CoordinatorRuntime)
stream-state-bench-kafka  | [2026-07-16 06:30:15,706] INFO [GroupCoordinator id=1] Scheduling loading of metadata from __consumer_offsets-40 with epoch 2 (org.apache.kafka.coordinator.common.runtime.CoordinatorRuntime)
stream-state-bench-kafka  | [2026-07-16 06:30:15,706] INFO [GroupCoordinator id=1] Scheduling loading of metadata from __consumer_offsets-3 with epoch 2 (org.apache.kafka.coordinator.common.runtime.CoordinatorRuntime)
stream-state-bench-kafka  | [2026-07-16 06:30:15,706] INFO [GroupCoordinator id=1] Scheduling loading of metadata from __consumer_offsets-36 with epoch 2 (org.apache.kafka.coordinator.common.runtime.CoordinatorRuntime)
stream-state-bench-kafka  | [2026-07-16 06:30:15,706] INFO [GroupCoordinator id=1] Scheduling loading of metadata from __consumer_offsets-47 with epoch 2 (org.apache.kafka.coordinator.common.runtime.CoordinatorRuntime)
stream-state-bench-kafka  | [2026-07-16 06:30:15,707] INFO [GroupCoordinator id=1] Scheduling loading of metadata from __consumer_offsets-14 with epoch 2 (org.apache.kafka.coordinator.common.runtime.CoordinatorRuntime)
stream-state-bench-kafka  | [2026-07-16 06:30:15,707] INFO [GroupCoordinator id=1] Scheduling loading of metadata from __consumer_offsets-43 with epoch 2 (org.apache.kafka.coordinator.common.runtime.CoordinatorRuntime)
stream-state-bench-kafka  | [2026-07-16 06:30:15,707] INFO [GroupCoordinator id=1] Scheduling loading of metadata from __consumer_offsets-10 with epoch 2 (org.apache.kafka.coordinator.common.runtime.CoordinatorRuntime)
stream-state-bench-kafka  | [2026-07-16 06:30:15,707] INFO [GroupCoordinator id=1] Scheduling loading of metadata from __consumer_offsets-22 with epoch 2 (org.apache.kafka.coordinator.common.runtime.CoordinatorRuntime)
stream-state-bench-kafka  | [2026-07-16 06:30:15,707] INFO [GroupCoordinator id=1] Scheduling loading of metadata from __consumer_offsets-18 with epoch 2 (org.apache.kafka.coordinator.common.runtime.CoordinatorRuntime)
stream-state-bench-kafka  | [2026-07-16 06:30:15,708] INFO [GroupCoordinator id=1] Scheduling loading of metadata from __consumer_offsets-31 with epoch 2 (org.apache.kafka.coordinator.common.runtime.CoordinatorRuntime)
stream-state-bench-kafka  | [2026-07-16 06:30:15,708] INFO [GroupCoordinator id=1] Scheduling loading of metadata from __consumer_offsets-27 with epoch 2 (org.apache.kafka.coordinator.common.runtime.CoordinatorRuntime)
stream-state-bench-kafka  | [2026-07-16 06:30:15,708] INFO [GroupCoordinator id=1] Finished loading of metadata from __consumer_offsets-9 with epoch 2 in 4ms where 4ms was spent in the scheduler. Loaded 0 records which total to 0 bytes. (org.apache.kafka.coordinator.common.runtime.CoordinatorRuntime)
stream-state-bench-kafka  | [2026-07-16 06:30:15,708] INFO [GroupCoordinator id=1] Finished loading of metadata from __consumer_offsets-49 with epoch 2 in 3ms where 3ms was spent in the scheduler. Loaded 0 records which total to 0 bytes. (org.apache.kafka.coordinator.common.runtime.CoordinatorRuntime)
stream-state-bench-kafka  | [2026-07-16 06:30:15,708] INFO [GroupCoordinator id=1] Scheduling loading of metadata from __consumer_offsets-39 with epoch 2 (org.apache.kafka.coordinator.common.runtime.CoordinatorRuntime)
stream-state-bench-kafka  | [2026-07-16 06:30:15,708] INFO [GroupCoordinator id=1] Finished loading of metadata from __consumer_offsets-13 with epoch 2 in 4ms where 1ms was spent in the scheduler. Loaded 0 records which total to 0 bytes. (org.apache.kafka.coordinator.common.runtime.CoordinatorRuntime)
stream-state-bench-kafka  | [2026-07-16 06:30:15,709] INFO [GroupCoordinator id=1] Scheduling loading of metadata from __consumer_offsets-6 with epoch 2 (org.apache.kafka.coordinator.common.runtime.CoordinatorRuntime)
stream-state-bench-kafka  | [2026-07-16 06:30:15,709] INFO [GroupCoordinator id=1] Finished loading of metadata from __consumer_offsets-46 with epoch 2 in 4ms where 4ms was spent in the scheduler. Loaded 0 records which total to 0 bytes. (org.apache.kafka.coordinator.common.runtime.CoordinatorRuntime)
stream-state-bench-kafka  | [2026-07-16 06:30:15,709] INFO [GroupCoordinator id=1] Finished loading of metadata from __consumer_offsets-42 with epoch 2 in 4ms where 4ms was spent in the scheduler. Loaded 0 records which total to 0 bytes. (org.apache.kafka.coordinator.common.runtime.CoordinatorRuntime)
stream-state-bench-kafka  | [2026-07-16 06:30:15,709] INFO [GroupCoordinator id=1] Finished loading of metadata from __consumer_offsets-20 with epoch 2 in 2ms where 2ms was spent in the scheduler. Loaded 0 records which total to 0 bytes. (org.apache.kafka.coordinator.common.runtime.CoordinatorRuntime)
stream-state-bench-kafka  | [2026-07-16 06:30:15,709] INFO [GroupCoordinator id=1] Finished loading of metadata from __consumer_offsets-48 with epoch 2 in 2ms where 2ms was spent in the scheduler. Loaded 0 records which total to 0 bytes. (org.apache.kafka.coordinator.common.runtime.CoordinatorRuntime)
stream-state-bench-kafka  | [2026-07-16 06:30:15,709] INFO [GroupCoordinator id=1] Scheduling loading of metadata from __consumer_offsets-35 with epoch 2 (org.apache.kafka.coordinator.common.runtime.CoordinatorRuntime)
stream-state-bench-kafka  | [2026-07-16 06:30:15,709] INFO [GroupCoordinator id=1] Finished loading of metadata from __consumer_offsets-45 with epoch 2 in 3ms where 2ms was spent in the scheduler. Loaded 0 records which total to 0 bytes. (org.apache.kafka.coordinator.common.runtime.CoordinatorRuntime)
stream-state-bench-kafka  | [2026-07-16 06:30:15,709] INFO [GroupCoordinator id=1] Scheduling loading of metadata from __consumer_offsets-2 with epoch 2 (org.apache.kafka.coordinator.common.runtime.CoordinatorRuntime)
stream-state-bench-kafka  | [2026-07-16 06:30:15,709] INFO [GroupCoordinator id=1] Finished loading of metadata from __consumer_offsets-4 with epoch 2 in 2ms where 2ms was spent in the scheduler. Loaded 0 records which total to 0 bytes. (org.apache.kafka.coordinator.common.runtime.CoordinatorRuntime)
stream-state-bench-kafka  | [2026-07-16 06:30:15,709] INFO [GroupCoordinator id=1] Finished loading of metadata from __consumer_offsets-34 with epoch 2 in 2ms where 2ms was spent in the scheduler. Loaded 0 records which total to 0 bytes. (org.apache.kafka.coordinator.common.runtime.CoordinatorRuntime)
stream-state-bench-kafka  | [2026-07-16 06:30:15,709] INFO [GroupCoordinator id=1] Finished loading of metadata from __consumer_offsets-17 with epoch 2 in 2ms where 2ms was spent in the scheduler. Loaded 0 records which total to 0 bytes. (org.apache.kafka.coordinator.common.runtime.CoordinatorRuntime)
stream-state-bench-kafka  | [2026-07-16 06:30:15,709] INFO [GroupCoordinator id=1] Finished loading of metadata from __consumer_offsets-41 with epoch 2 in 2ms where 2ms was spent in the scheduler. Loaded 0 records which total to 0 bytes. (org.apache.kafka.coordinator.common.runtime.CoordinatorRuntime)
stream-state-bench-kafka  | [2026-07-16 06:30:15,709] INFO [GroupCoordinator id=1] Finished loading of metadata from __consumer_offsets-37 with epoch 2 in 3ms where 3ms was spent in the scheduler. Loaded 0 records which total to 0 bytes. (org.apache.kafka.coordinator.common.runtime.CoordinatorRuntime)
stream-state-bench-kafka  | [2026-07-16 06:30:15,709] INFO [GroupCoordinator id=1] Finished loading of metadata from __consumer_offsets-15 with epoch 2 in 2ms where 2ms was spent in the scheduler. Loaded 0 records which total to 0 bytes. (org.apache.kafka.coordinator.common.runtime.CoordinatorRuntime)
stream-state-bench-kafka  | [2026-07-16 06:30:15,710] INFO [GroupCoordinator id=1] Finished loading of metadata from __consumer_offsets-8 with epoch 2 in 2ms where 2ms was spent in the scheduler. Loaded 0 records which total to 0 bytes. (org.apache.kafka.coordinator.common.runtime.CoordinatorRuntime)
stream-state-bench-kafka  | [2026-07-16 06:30:15,710] INFO [GroupCoordinator id=1] Finished loading of metadata from __consumer_offsets-21 with epoch 2 in 3ms where 3ms was spent in the scheduler. Loaded 0 records which total to 0 bytes. (org.apache.kafka.coordinator.common.runtime.CoordinatorRuntime)
stream-state-bench-kafka  | [2026-07-16 06:30:15,710] INFO [GroupCoordinator id=1] Finished loading of metadata from __consumer_offsets-1 with epoch 2 in 2ms where 2ms was spent in the scheduler. Loaded 0 records which total to 0 bytes. (org.apache.kafka.coordinator.common.runtime.CoordinatorRuntime)
stream-state-bench-kafka  | [2026-07-16 06:30:15,710] INFO [GroupCoordinator id=1] Finished loading of metadata from __consumer_offsets-24 with epoch 2 in 2ms where 2ms was spent in the scheduler. Loaded 0 records which total to 0 bytes. (org.apache.kafka.coordinator.common.runtime.CoordinatorRuntime)
stream-state-bench-kafka  | [2026-07-16 06:30:15,711] INFO [TransactionCoordinator id=1] Elected as the txn coordinator for partition 42 at epoch 2 (kafka.coordinator.transaction.TransactionCoordinator)
stream-state-bench-kafka  | [2026-07-16 06:30:15,723] INFO [TransactionCoordinator id=1] Elected as the txn coordinator for partition 13 at epoch 2 (kafka.coordinator.transaction.TransactionCoordinator)
stream-state-bench-kafka  | [2026-07-16 06:30:15,723] INFO [TransactionCoordinator id=1] Elected as the txn coordinator for partition 46 at epoch 2 (kafka.coordinator.transaction.TransactionCoordinator)
stream-state-bench-kafka  | [2026-07-16 06:30:15,723] INFO [TransactionCoordinator id=1] Elected as the txn coordinator for partition 17 at epoch 2 (kafka.coordinator.transaction.TransactionCoordinator)
stream-state-bench-kafka  | [2026-07-16 06:30:15,723] INFO [Transaction State Manager 1]: Loading transaction metadata from __transaction_state-42 at epoch 2 (kafka.coordinator.transaction.TransactionStateManager)
stream-state-bench-kafka  | [2026-07-16 06:30:15,723] INFO [TransactionCoordinator id=1] Elected as the txn coordinator for partition 34 at epoch 2 (kafka.coordinator.transaction.TransactionCoordinator)
stream-state-bench-kafka  | [2026-07-16 06:30:15,723] INFO [TransactionCoordinator id=1] Elected as the txn coordinator for partition 5 at epoch 2 (kafka.coordinator.transaction.TransactionCoordinator)
stream-state-bench-kafka  | [2026-07-16 06:30:15,723] INFO [TransactionCoordinator id=1] Elected as the txn coordinator for partition 38 at epoch 2 (kafka.coordinator.transaction.TransactionCoordinator)
stream-state-bench-kafka  | [2026-07-16 06:30:15,723] INFO [TransactionCoordinator id=1] Elected as the txn coordinator for partition 9 at epoch 2 (kafka.coordinator.transaction.TransactionCoordinator)
stream-state-bench-kafka  | [2026-07-16 06:30:15,723] INFO [TransactionCoordinator id=1] Elected as the txn coordinator for partition 26 at epoch 2 (kafka.coordinator.transaction.TransactionCoordinator)
stream-state-bench-kafka  | [2026-07-16 06:30:15,724] INFO [TransactionCoordinator id=1] Elected as the txn coordinator for partition 30 at epoch 2 (kafka.coordinator.transaction.TransactionCoordinator)
stream-state-bench-kafka  | [2026-07-16 06:30:15,724] INFO [TransactionCoordinator id=1] Elected as the txn coordinator for partition 1 at epoch 2 (kafka.coordinator.transaction.TransactionCoordinator)
stream-state-bench-kafka  | [2026-07-16 06:30:15,724] INFO [TransactionCoordinator id=1] Elected as the txn coordinator for partition 18 at epoch 2 (kafka.coordinator.transaction.TransactionCoordinator)
stream-state-bench-kafka  | [2026-07-16 06:30:15,724] INFO [TransactionCoordinator id=1] Elected as the txn coordinator for partition 22 at epoch 2 (kafka.coordinator.transaction.TransactionCoordinator)
stream-state-bench-kafka  | [2026-07-16 06:30:15,724] INFO [TransactionCoordinator id=1] Elected as the txn coordinator for partition 12 at epoch 2 (kafka.coordinator.transaction.TransactionCoordinator)
stream-state-bench-kafka  | [2026-07-16 06:30:15,724] INFO [TransactionCoordinator id=1] Elected as the txn coordinator for partition 45 at epoch 2 (kafka.coordinator.transaction.TransactionCoordinator)
stream-state-bench-kafka  | [2026-07-16 06:30:15,724] INFO [TransactionCoordinator id=1] Elected as the txn coordinator for partition 16 at epoch 2 (kafka.coordinator.transaction.TransactionCoordinator)
stream-state-bench-kafka  | [2026-07-16 06:30:15,724] INFO [TransactionCoordinator id=1] Elected as the txn coordinator for partition 49 at epoch 2 (kafka.coordinator.transaction.TransactionCoordinator)
stream-state-bench-kafka  | [2026-07-16 06:30:15,724] INFO [TransactionCoordinator id=1] Elected as the txn coordinator for partition 4 at epoch 2 (kafka.coordinator.transaction.TransactionCoordinator)
stream-state-bench-kafka  | [2026-07-16 06:30:15,725] INFO [TransactionCoordinator id=1] Elected as the txn coordinator for partition 37 at epoch 2 (kafka.coordinator.transaction.TransactionCoordinator)
stream-state-bench-kafka  | [2026-07-16 06:30:15,725] INFO [TransactionCoordinator id=1] Elected as the txn coordinator for partition 8 at epoch 2 (kafka.coordinator.transaction.TransactionCoordinator)
stream-state-bench-kafka  | [2026-07-16 06:30:15,725] INFO [TransactionCoordinator id=1] Elected as the txn coordinator for partition 41 at epoch 2 (kafka.coordinator.transaction.TransactionCoordinator)
stream-state-bench-kafka  | [2026-07-16 06:30:15,725] INFO [TransactionCoordinator id=1] Elected as the txn coordinator for partition 29 at epoch 2 (kafka.coordinator.transaction.TransactionCoordinator)
stream-state-bench-kafka  | [2026-07-16 06:30:15,725] INFO [TransactionCoordinator id=1] Elected as the txn coordinator for partition 0 at epoch 2 (kafka.coordinator.transaction.TransactionCoordinator)
stream-state-bench-kafka  | [2026-07-16 06:30:15,725] INFO [TransactionCoordinator id=1] Elected as the txn coordinator for partition 33 at epoch 2 (kafka.coordinator.transaction.TransactionCoordinator)
stream-state-bench-kafka  | [2026-07-16 06:30:15,725] INFO [GroupCoordinator id=1] Finished loading of metadata from __consumer_offsets-23 with epoch 2 in 20ms where 20ms was spent in the scheduler. Loaded 0 records which total to 0 bytes. (org.apache.kafka.coordinator.common.runtime.CoordinatorRuntime)
stream-state-bench-kafka  | [2026-07-16 06:30:15,725] INFO [TransactionCoordinator id=1] Elected as the txn coordinator for partition 21 at epoch 2 (kafka.coordinator.transaction.TransactionCoordinator)
stream-state-bench-kafka  | [2026-07-16 06:30:15,725] INFO [GroupCoordinator id=1] Finished loading of metadata from __consumer_offsets-38 with epoch 2 in 19ms where 19ms was spent in the scheduler. Loaded 0 records which total to 0 bytes. (org.apache.kafka.coordinator.common.runtime.CoordinatorRuntime)
stream-state-bench-kafka  | [2026-07-16 06:30:15,725] INFO [TransactionCoordinator id=1] Elected as the txn coordinator for partition 25 at epoch 2 (kafka.coordinator.transaction.TransactionCoordinator)
stream-state-bench-kafka  | [2026-07-16 06:30:15,725] INFO [GroupCoordinator id=1] Finished loading of metadata from __consumer_offsets-0 with epoch 2 in 19ms where 19ms was spent in the scheduler. Loaded 0 records which total to 0 bytes. (org.apache.kafka.coordinator.common.runtime.CoordinatorRuntime)
stream-state-bench-kafka  | [2026-07-16 06:30:15,725] INFO [TransactionCoordinator id=1] Elected as the txn coordinator for partition 11 at epoch 2 (kafka.coordinator.transaction.TransactionCoordinator)
stream-state-bench-kafka  | [2026-07-16 06:30:15,725] INFO [TransactionCoordinator id=1] Elected as the txn coordinator for partition 44 at epoch 2 (kafka.coordinator.transaction.TransactionCoordinator)
stream-state-bench-kafka  | [2026-07-16 06:30:15,726] INFO [TransactionCoordinator id=1] Elected as the txn coordinator for partition 15 at epoch 2 (kafka.coordinator.transaction.TransactionCoordinator)
stream-state-bench-kafka  | [2026-07-16 06:30:15,726] INFO [GroupCoordinator id=1 topic=__consumer_offsets partition=12] Loaded classic group console-consumer-82443 with 1 members. (org.apache.kafka.coordinator.group.GroupMetadataManager)
stream-state-bench-kafka  | [2026-07-16 06:30:15,726] INFO [TransactionCoordinator id=1] Elected as the txn coordinator for partition 48 at epoch 2 (kafka.coordinator.transaction.TransactionCoordinator)
stream-state-bench-kafka  | [2026-07-16 06:30:15,726] INFO [TransactionCoordinator id=1] Elected as the txn coordinator for partition 3 at epoch 2 (kafka.coordinator.transaction.TransactionCoordinator)
stream-state-bench-kafka  | [2026-07-16 06:30:15,726] INFO [TransactionCoordinator id=1] Elected as the txn coordinator for partition 36 at epoch 2 (kafka.coordinator.transaction.TransactionCoordinator)
stream-state-bench-kafka  | [2026-07-16 06:30:15,726] INFO [TransactionCoordinator id=1] Elected as the txn coordinator for partition 7 at epoch 2 (kafka.coordinator.transaction.TransactionCoordinator)
stream-state-bench-kafka  | [2026-07-16 06:30:15,726] INFO [TransactionCoordinator id=1] Elected as the txn coordinator for partition 40 at epoch 2 (kafka.coordinator.transaction.TransactionCoordinator)
stream-state-bench-kafka  | [2026-07-16 06:30:15,726] INFO [TransactionCoordinator id=1] Elected as the txn coordinator for partition 28 at epoch 2 (kafka.coordinator.transaction.TransactionCoordinator)
stream-state-bench-kafka  | [2026-07-16 06:30:15,726] INFO [TransactionCoordinator id=1] Elected as the txn coordinator for partition 32 at epoch 2 (kafka.coordinator.transaction.TransactionCoordinator)
stream-state-bench-kafka  | [2026-07-16 06:30:15,726] INFO [TransactionCoordinator id=1] Elected as the txn coordinator for partition 20 at epoch 2 (kafka.coordinator.transaction.TransactionCoordinator)
stream-state-bench-kafka  | [2026-07-16 06:30:15,726] INFO [TransactionCoordinator id=1] Elected as the txn coordinator for partition 24 at epoch 2 (kafka.coordinator.transaction.TransactionCoordinator)
stream-state-bench-kafka  | [2026-07-16 06:30:15,726] INFO [TransactionCoordinator id=1] Elected as the txn coordinator for partition 10 at epoch 2 (kafka.coordinator.transaction.TransactionCoordinator)
stream-state-bench-kafka  | [2026-07-16 06:30:15,726] INFO [TransactionCoordinator id=1] Elected as the txn coordinator for partition 43 at epoch 2 (kafka.coordinator.transaction.TransactionCoordinator)
stream-state-bench-kafka  | [2026-07-16 06:30:15,727] INFO [TransactionCoordinator id=1] Elected as the txn coordinator for partition 14 at epoch 2 (kafka.coordinator.transaction.TransactionCoordinator)
stream-state-bench-kafka  | [2026-07-16 06:30:15,727] INFO [TransactionCoordinator id=1] Elected as the txn coordinator for partition 47 at epoch 2 (kafka.coordinator.transaction.TransactionCoordinator)
stream-state-bench-kafka  | [2026-07-16 06:30:15,727] INFO [TransactionCoordinator id=1] Elected as the txn coordinator for partition 2 at epoch 2 (kafka.coordinator.transaction.TransactionCoordinator)
stream-state-bench-kafka  | [2026-07-16 06:30:15,727] INFO [TransactionCoordinator id=1] Elected as the txn coordinator for partition 35 at epoch 2 (kafka.coordinator.transaction.TransactionCoordinator)
stream-state-bench-kafka  | [2026-07-16 06:30:15,727] INFO [TransactionCoordinator id=1] Elected as the txn coordinator for partition 6 at epoch 2 (kafka.coordinator.transaction.TransactionCoordinator)
stream-state-bench-kafka  | [2026-07-16 06:30:15,727] INFO [TransactionCoordinator id=1] Elected as the txn coordinator for partition 39 at epoch 2 (kafka.coordinator.transaction.TransactionCoordinator)
stream-state-bench-kafka  | [2026-07-16 06:30:15,727] INFO [TransactionCoordinator id=1] Elected as the txn coordinator for partition 27 at epoch 2 (kafka.coordinator.transaction.TransactionCoordinator)
stream-state-bench-kafka  | [2026-07-16 06:30:15,727] INFO [TransactionCoordinator id=1] Elected as the txn coordinator for partition 31 at epoch 2 (kafka.coordinator.transaction.TransactionCoordinator)
stream-state-bench-kafka  | [2026-07-16 06:30:15,727] INFO [TransactionCoordinator id=1] Elected as the txn coordinator for partition 19 at epoch 2 (kafka.coordinator.transaction.TransactionCoordinator)
stream-state-bench-kafka  | [2026-07-16 06:30:15,727] INFO [TransactionCoordinator id=1] Elected as the txn coordinator for partition 23 at epoch 2 (kafka.coordinator.transaction.TransactionCoordinator)
stream-state-bench-kafka  | [2026-07-16 06:30:15,728] INFO [GroupCoordinator id=1] Finished loading of metadata from __consumer_offsets-12 with epoch 2 in 20ms where 2ms was spent in the scheduler. Loaded 3 records which total to 859 bytes. (org.apache.kafka.coordinator.common.runtime.CoordinatorRuntime)
stream-state-bench-kafka  | [2026-07-16 06:30:15,729] INFO [Transaction State Manager 1]: Finished loading 0 transaction metadata from __transaction_state-42 in 2 milliseconds, of which 2 milliseconds was spent in the scheduler. (kafka.coordinator.transaction.TransactionStateManager)
stream-state-bench-kafka  | [2026-07-16 06:30:15,731] INFO [GroupCoordinator id=1] Finished loading of metadata from __consumer_offsets-29 with epoch 2 in 23ms where 23ms was spent in the scheduler. Loaded 0 records which total to 0 bytes. (org.apache.kafka.coordinator.common.runtime.CoordinatorRuntime)
stream-state-bench-kafka  | [2026-07-16 06:30:15,731] INFO [GroupCoordinator id=1] Finished loading of metadata from __consumer_offsets-19 with epoch 2 in 23ms where 23ms was spent in the scheduler. Loaded 0 records which total to 0 bytes. (org.apache.kafka.coordinator.common.runtime.CoordinatorRuntime)
stream-state-bench-kafka  | [2026-07-16 06:30:15,731] INFO [GroupCoordinator id=1] Finished loading of metadata from __consumer_offsets-5 with epoch 2 in 23ms where 23ms was spent in the scheduler. Loaded 0 records which total to 0 bytes. (org.apache.kafka.coordinator.common.runtime.CoordinatorRuntime)
stream-state-bench-kafka  | [2026-07-16 06:30:15,731] INFO [GroupCoordinator id=1 topic=__consumer_offsets partition=32] Loaded classic group console-consumer-34310 with 1 members. (org.apache.kafka.coordinator.group.GroupMetadataManager)
stream-state-bench-kafka  | [2026-07-16 06:30:15,731] INFO [GroupCoordinator id=1] Finished loading of metadata from __consumer_offsets-32 with epoch 2 in 22ms where 19ms was spent in the scheduler. Loaded 3 records which total to 859 bytes. (org.apache.kafka.coordinator.common.runtime.CoordinatorRuntime)
stream-state-bench-kafka  | [2026-07-16 06:30:15,736] INFO [Transaction State Manager 1]: Completed loading transaction metadata from __transaction_state-42 for coordinator epoch 2 (kafka.coordinator.transaction.TransactionStateManager)
stream-state-bench-kafka  | [2026-07-16 06:30:15,736] INFO [Transaction State Manager 1]: Loading transaction metadata from __transaction_state-13 at epoch 2 (kafka.coordinator.transaction.TransactionStateManager)
stream-state-bench-kafka  | [2026-07-16 06:30:15,737] INFO [Transaction State Manager 1]: Finished loading 0 transaction metadata from __transaction_state-13 in 14 milliseconds, of which 13 milliseconds was spent in the scheduler. (kafka.coordinator.transaction.TransactionStateManager)
stream-state-bench-kafka  | [2026-07-16 06:30:15,737] INFO [Transaction State Manager 1]: Completed loading transaction metadata from __transaction_state-13 for coordinator epoch 2 (kafka.coordinator.transaction.TransactionStateManager)
stream-state-bench-kafka  | [2026-07-16 06:30:15,737] INFO [Transaction State Manager 1]: Loading transaction metadata from __transaction_state-46 at epoch 2 (kafka.coordinator.transaction.TransactionStateManager)
stream-state-bench-kafka  | [2026-07-16 06:30:15,740] INFO [GroupCoordinator id=1 topic=__consumer_offsets partition=44] Loaded classic group stream-state-bench-identity-latency-identity-failure_broker_kill with 1 members. (org.apache.kafka.coordinator.group.GroupMetadataManager)
stream-state-bench-kafka  | [2026-07-16 06:30:15,740] INFO [GroupCoordinator id=1] Finished loading of metadata from __consumer_offsets-33 with epoch 2 in 34ms where 34ms was spent in the scheduler. Loaded 0 records which total to 0 bytes. (org.apache.kafka.coordinator.common.runtime.CoordinatorRuntime)
stream-state-bench-kafka  | [2026-07-16 06:30:15,740] INFO [GroupCoordinator id=1] Finished loading of metadata from __consumer_offsets-44 with epoch 2 in 34ms where 23ms was spent in the scheduler. Loaded 62 records which total to 9594 bytes. (org.apache.kafka.coordinator.common.runtime.CoordinatorRuntime)
stream-state-bench-kafka  | [2026-07-16 06:30:15,740] INFO [GroupCoordinator id=1] Finished loading of metadata from __consumer_offsets-3 with epoch 2 in 34ms where 34ms was spent in the scheduler. Loaded 0 records which total to 0 bytes. (org.apache.kafka.coordinator.common.runtime.CoordinatorRuntime)
stream-state-bench-kafka  | [2026-07-16 06:30:15,740] INFO [GroupCoordinator id=1] Finished loading of metadata from __consumer_offsets-11 with epoch 2 in 34ms where 34ms was spent in the scheduler. Loaded 0 records which total to 0 bytes. (org.apache.kafka.coordinator.common.runtime.CoordinatorRuntime)
stream-state-bench-kafka  | [2026-07-16 06:30:15,740] INFO [GroupCoordinator id=1] Finished loading of metadata from __consumer_offsets-7 with epoch 2 in 34ms where 34ms was spent in the scheduler. Loaded 0 records which total to 0 bytes. (org.apache.kafka.coordinator.common.runtime.CoordinatorRuntime)
stream-state-bench-kafka  | [2026-07-16 06:30:15,741] INFO [GroupCoordinator id=1] Finished loading of metadata from __consumer_offsets-36 with epoch 2 in 33ms where 33ms was spent in the scheduler. Loaded 0 records which total to 0 bytes. (org.apache.kafka.coordinator.common.runtime.CoordinatorRuntime)
stream-state-bench-kafka  | [2026-07-16 06:30:15,741] INFO [GroupCoordinator id=1] Finished loading of metadata from __consumer_offsets-18 with epoch 2 in 31ms where 31ms was spent in the scheduler. Loaded 0 records which total to 0 bytes. (org.apache.kafka.coordinator.common.runtime.CoordinatorRuntime)
stream-state-bench-kafka  | [2026-07-16 06:30:15,741] INFO [GroupCoordinator id=1] Finished loading of metadata from __consumer_offsets-47 with epoch 2 in 33ms where 33ms was spent in the scheduler. Loaded 0 records which total to 0 bytes. (org.apache.kafka.coordinator.common.runtime.CoordinatorRuntime)
stream-state-bench-kafka  | [2026-07-16 06:30:15,741] INFO [GroupCoordinator id=1] Finished loading of metadata from __consumer_offsets-16 with epoch 2 in 33ms where 33ms was spent in the scheduler. Loaded 0 records which total to 0 bytes. (org.apache.kafka.coordinator.common.runtime.CoordinatorRuntime)
stream-state-bench-kafka  | [2026-07-16 06:30:15,741] INFO [GroupCoordinator id=1] Finished loading of metadata from __consumer_offsets-28 with epoch 2 in 34ms where 34ms was spent in the scheduler. Loaded 0 records which total to 0 bytes. (org.apache.kafka.coordinator.common.runtime.CoordinatorRuntime)
stream-state-bench-kafka  | [2026-07-16 06:30:15,741] INFO [GroupCoordinator id=1] Finished loading of metadata from __consumer_offsets-43 with epoch 2 in 31ms where 31ms was spent in the scheduler. Loaded 0 records which total to 0 bytes. (org.apache.kafka.coordinator.common.runtime.CoordinatorRuntime)
stream-state-bench-kafka  | [2026-07-16 06:30:15,741] INFO [GroupCoordinator id=1] Finished loading of metadata from __consumer_offsets-39 with epoch 2 in 31ms where 31ms was spent in the scheduler. Loaded 0 records which total to 0 bytes. (org.apache.kafka.coordinator.common.runtime.CoordinatorRuntime)
stream-state-bench-kafka  | [2026-07-16 06:30:15,741] INFO [GroupCoordinator id=1] Finished loading of metadata from __consumer_offsets-25 with epoch 2 in 33ms where 33ms was spent in the scheduler. Loaded 0 records which total to 0 bytes. (org.apache.kafka.coordinator.common.runtime.CoordinatorRuntime)
stream-state-bench-kafka  | [2026-07-16 06:30:15,745] INFO [GroupCoordinator id=1 topic=__consumer_offsets partition=22] Loaded classic group console-consumer-68818 with 1 members. (org.apache.kafka.coordinator.group.GroupMetadataManager)
stream-state-bench-kafka  | [2026-07-16 06:30:15,745] INFO [GroupCoordinator id=1] Finished loading of metadata from __consumer_offsets-14 with epoch 2 in 36ms where 36ms was spent in the scheduler. Loaded 0 records which total to 0 bytes. (org.apache.kafka.coordinator.common.runtime.CoordinatorRuntime)
stream-state-bench-kafka  | [2026-07-16 06:30:15,745] INFO [GroupCoordinator id=1 topic=__consumer_offsets partition=22] Loaded classic group console-consumer-9699 with 1 members. (org.apache.kafka.coordinator.group.GroupMetadataManager)
stream-state-bench-kafka  | [2026-07-16 06:30:15,745] INFO [GroupCoordinator id=1] Finished loading of metadata from __consumer_offsets-27 with epoch 2 in 35ms where 35ms was spent in the scheduler. Loaded 0 records which total to 0 bytes. (org.apache.kafka.coordinator.common.runtime.CoordinatorRuntime)
stream-state-bench-kafka  | [2026-07-16 06:30:15,746] INFO [GroupCoordinator id=1] Finished loading of metadata from __consumer_offsets-22 with epoch 2 in 36ms where 32ms was spent in the scheduler. Loaded 4 records which total to 1012 bytes. (org.apache.kafka.coordinator.common.runtime.CoordinatorRuntime)
stream-state-bench-kafka  | [2026-07-16 06:30:15,746] INFO [GroupCoordinator id=1] Finished loading of metadata from __consumer_offsets-40 with epoch 2 in 36ms where 36ms was spent in the scheduler. Loaded 0 records which total to 0 bytes. (org.apache.kafka.coordinator.common.runtime.CoordinatorRuntime)
stream-state-bench-kafka  | [2026-07-16 06:30:15,746] INFO [GroupCoordinator id=1] Finished loading of metadata from __consumer_offsets-30 with epoch 2 in 36ms where 36ms was spent in the scheduler. Loaded 0 records which total to 0 bytes. (org.apache.kafka.coordinator.common.runtime.CoordinatorRuntime)
stream-state-bench-kafka  | [2026-07-16 06:30:15,746] INFO [GroupCoordinator id=1] Finished loading of metadata from __consumer_offsets-10 with epoch 2 in 35ms where 35ms was spent in the scheduler. Loaded 0 records which total to 0 bytes. (org.apache.kafka.coordinator.common.runtime.CoordinatorRuntime)
stream-state-bench-kafka  | [2026-07-16 06:30:15,746] INFO [GroupCoordinator id=1] Finished loading of metadata from __consumer_offsets-31 with epoch 2 in 36ms where 36ms was spent in the scheduler. Loaded 0 records which total to 0 bytes. (org.apache.kafka.coordinator.common.runtime.CoordinatorRuntime)
stream-state-bench-kafka  | [2026-07-16 06:30:15,746] INFO [GroupCoordinator id=1] Finished loading of metadata from __consumer_offsets-35 with epoch 2 in 36ms where 35ms was spent in the scheduler. Loaded 0 records which total to 0 bytes. (org.apache.kafka.coordinator.common.runtime.CoordinatorRuntime)
stream-state-bench-kafka  | [2026-07-16 06:30:15,746] INFO [GroupCoordinator id=1] Finished loading of metadata from __consumer_offsets-6 with epoch 2 in 35ms where 35ms was spent in the scheduler. Loaded 0 records which total to 0 bytes. (org.apache.kafka.coordinator.common.runtime.CoordinatorRuntime)
stream-state-bench-kafka  | [2026-07-16 06:30:15,746] INFO [GroupCoordinator id=1] Finished loading of metadata from __consumer_offsets-2 with epoch 2 in 35ms where 35ms was spent in the scheduler. Loaded 0 records which total to 0 bytes. (org.apache.kafka.coordinator.common.runtime.CoordinatorRuntime)
stream-state-bench-kafka  | [2026-07-16 06:30:15,746] INFO [GroupCoordinator id=1] Finished loading of metadata from __consumer_offsets-26 with epoch 2 in 36ms where 36ms was spent in the scheduler. Loaded 0 records which total to 0 bytes. (org.apache.kafka.coordinator.common.runtime.CoordinatorRuntime)
stream-state-bench-kafka  | [2026-07-16 06:30:15,768] INFO [Transaction State Manager 1]: Finished loading 1 transaction metadata from __transaction_state-46 in 45 milliseconds, of which 14 milliseconds was spent in the scheduler. (kafka.coordinator.transaction.TransactionStateManager)
stream-state-bench-kafka  | [2026-07-16 06:30:15,769] INFO [Transaction State Manager 1]: Completed loading transaction metadata from __transaction_state-46 for coordinator epoch 2 (kafka.coordinator.transaction.TransactionStateManager)
stream-state-bench-kafka  | [2026-07-16 06:30:15,769] INFO [Transaction State Manager 1]: Loading transaction metadata from __transaction_state-17 at epoch 2 (kafka.coordinator.transaction.TransactionStateManager)
stream-state-bench-kafka  | [2026-07-16 06:30:15,769] INFO [Transaction State Manager 1]: Finished loading 0 transaction metadata from __transaction_state-17 in 46 milliseconds, of which 46 milliseconds was spent in the scheduler. (kafka.coordinator.transaction.TransactionStateManager)
stream-state-bench-kafka  | [2026-07-16 06:30:15,769] INFO [Transaction State Manager 1]: Completed loading transaction metadata from __transaction_state-17 for coordinator epoch 2 (kafka.coordinator.transaction.TransactionStateManager)
stream-state-bench-kafka  | [2026-07-16 06:30:15,769] INFO [Transaction State Manager 1]: Loading transaction metadata from __transaction_state-34 at epoch 2 (kafka.coordinator.transaction.TransactionStateManager)
stream-state-bench-kafka  | [2026-07-16 06:30:15,769] INFO [Transaction State Manager 1]: Finished loading 0 transaction metadata from __transaction_state-34 in 46 milliseconds, of which 46 milliseconds was spent in the scheduler. (kafka.coordinator.transaction.TransactionStateManager)
stream-state-bench-kafka  | [2026-07-16 06:30:15,769] INFO [Transaction State Manager 1]: Completed loading transaction metadata from __transaction_state-34 for coordinator epoch 2 (kafka.coordinator.transaction.TransactionStateManager)
stream-state-bench-kafka  | [2026-07-16 06:30:15,769] INFO [Transaction State Manager 1]: Loading transaction metadata from __transaction_state-5 at epoch 2 (kafka.coordinator.transaction.TransactionStateManager)
stream-state-bench-kafka  | [2026-07-16 06:30:15,769] INFO [Transaction State Manager 1]: Finished loading 0 transaction metadata from __transaction_state-5 in 46 milliseconds, of which 46 milliseconds was spent in the scheduler. (kafka.coordinator.transaction.TransactionStateManager)
stream-state-bench-kafka  | [2026-07-16 06:30:15,769] INFO [Transaction State Manager 1]: Completed loading transaction metadata from __transaction_state-5 for coordinator epoch 2 (kafka.coordinator.transaction.TransactionStateManager)
stream-state-bench-kafka  | [2026-07-16 06:30:15,769] INFO [Transaction State Manager 1]: Loading transaction metadata from __transaction_state-38 at epoch 2 (kafka.coordinator.transaction.TransactionStateManager)
stream-state-bench-kafka  | [2026-07-16 06:30:15,769] INFO [Transaction State Manager 1]: Finished loading 0 transaction metadata from __transaction_state-38 in 46 milliseconds, of which 46 milliseconds was spent in the scheduler. (kafka.coordinator.transaction.TransactionStateManager)
stream-state-bench-kafka  | [2026-07-16 06:30:15,769] INFO [Transaction State Manager 1]: Completed loading transaction metadata from __transaction_state-38 for coordinator epoch 2 (kafka.coordinator.transaction.TransactionStateManager)
stream-state-bench-kafka  | [2026-07-16 06:30:15,769] INFO [Transaction State Manager 1]: Loading transaction metadata from __transaction_state-9 at epoch 2 (kafka.coordinator.transaction.TransactionStateManager)
stream-state-bench-kafka  | [2026-07-16 06:30:15,770] INFO [Transaction State Manager 1]: Finished loading 0 transaction metadata from __transaction_state-9 in 47 milliseconds, of which 46 milliseconds was spent in the scheduler. (kafka.coordinator.transaction.TransactionStateManager)
stream-state-bench-kafka  | [2026-07-16 06:30:15,770] INFO [Transaction State Manager 1]: Completed loading transaction metadata from __transaction_state-9 for coordinator epoch 2 (kafka.coordinator.transaction.TransactionStateManager)
stream-state-bench-kafka  | [2026-07-16 06:30:15,770] INFO [Transaction State Manager 1]: Loading transaction metadata from __transaction_state-26 at epoch 2 (kafka.coordinator.transaction.TransactionStateManager)
stream-state-bench-kafka  | [2026-07-16 06:30:15,770] INFO [Transaction State Manager 1]: Finished loading 0 transaction metadata from __transaction_state-26 in 46 milliseconds, of which 46 milliseconds was spent in the scheduler. (kafka.coordinator.transaction.TransactionStateManager)
stream-state-bench-kafka  | [2026-07-16 06:30:15,770] INFO [Transaction State Manager 1]: Completed loading transaction metadata from __transaction_state-26 for coordinator epoch 2 (kafka.coordinator.transaction.TransactionStateManager)
stream-state-bench-kafka  | [2026-07-16 06:30:15,770] INFO [Transaction State Manager 1]: Loading transaction metadata from __transaction_state-30 at epoch 2 (kafka.coordinator.transaction.TransactionStateManager)
stream-state-bench-kafka  | [2026-07-16 06:30:15,770] INFO [Transaction State Manager 1]: Finished loading 0 transaction metadata from __transaction_state-30 in 46 milliseconds, of which 46 milliseconds was spent in the scheduler. (kafka.coordinator.transaction.TransactionStateManager)
stream-state-bench-kafka  | [2026-07-16 06:30:15,770] INFO [Transaction State Manager 1]: Completed loading transaction metadata from __transaction_state-30 for coordinator epoch 2 (kafka.coordinator.transaction.TransactionStateManager)
stream-state-bench-kafka  | [2026-07-16 06:30:15,770] INFO [Transaction State Manager 1]: Loading transaction metadata from __transaction_state-1 at epoch 2 (kafka.coordinator.transaction.TransactionStateManager)
stream-state-bench-kafka  | [2026-07-16 06:30:15,770] INFO [Transaction State Manager 1]: Finished loading 0 transaction metadata from __transaction_state-1 in 46 milliseconds, of which 46 milliseconds was spent in the scheduler. (kafka.coordinator.transaction.TransactionStateManager)
stream-state-bench-kafka  | [2026-07-16 06:30:15,770] INFO [Transaction State Manager 1]: Completed loading transaction metadata from __transaction_state-1 for coordinator epoch 2 (kafka.coordinator.transaction.TransactionStateManager)
stream-state-bench-kafka  | [2026-07-16 06:30:15,770] INFO [Transaction State Manager 1]: Loading transaction metadata from __transaction_state-18 at epoch 2 (kafka.coordinator.transaction.TransactionStateManager)
stream-state-bench-kafka  | [2026-07-16 06:30:15,770] INFO [Transaction State Manager 1]: Finished loading 0 transaction metadata from __transaction_state-18 in 46 milliseconds, of which 46 milliseconds was spent in the scheduler. (kafka.coordinator.transaction.TransactionStateManager)
stream-state-bench-kafka  | [2026-07-16 06:30:15,770] INFO [Transaction State Manager 1]: Completed loading transaction metadata from __transaction_state-18 for coordinator epoch 2 (kafka.coordinator.transaction.TransactionStateManager)
stream-state-bench-kafka  | [2026-07-16 06:30:15,770] INFO [Transaction State Manager 1]: Loading transaction metadata from __transaction_state-22 at epoch 2 (kafka.coordinator.transaction.TransactionStateManager)
stream-state-bench-kafka  | [2026-07-16 06:30:15,770] INFO [Transaction State Manager 1]: Finished loading 0 transaction metadata from __transaction_state-22 in 46 milliseconds, of which 46 milliseconds was spent in the scheduler. (kafka.coordinator.transaction.TransactionStateManager)
stream-state-bench-kafka  | [2026-07-16 06:30:15,770] INFO [Transaction State Manager 1]: Completed loading transaction metadata from __transaction_state-22 for coordinator epoch 2 (kafka.coordinator.transaction.TransactionStateManager)
stream-state-bench-kafka  | [2026-07-16 06:30:15,770] INFO [Transaction State Manager 1]: Loading transaction metadata from __transaction_state-12 at epoch 2 (kafka.coordinator.transaction.TransactionStateManager)
stream-state-bench-kafka  | [2026-07-16 06:30:15,770] INFO [Transaction State Manager 1]: Finished loading 0 transaction metadata from __transaction_state-12 in 46 milliseconds, of which 46 milliseconds was spent in the scheduler. (kafka.coordinator.transaction.TransactionStateManager)
stream-state-bench-kafka  | [2026-07-16 06:30:15,770] INFO [Transaction State Manager 1]: Completed loading transaction metadata from __transaction_state-12 for coordinator epoch 2 (kafka.coordinator.transaction.TransactionStateManager)
stream-state-bench-kafka  | [2026-07-16 06:30:15,771] INFO [Transaction State Manager 1]: Loading transaction metadata from __transaction_state-45 at epoch 2 (kafka.coordinator.transaction.TransactionStateManager)
stream-state-bench-kafka  | [2026-07-16 06:30:15,771] INFO [Transaction State Manager 1]: Finished loading 0 transaction metadata from __transaction_state-45 in 47 milliseconds, of which 47 milliseconds was spent in the scheduler. (kafka.coordinator.transaction.TransactionStateManager)
stream-state-bench-kafka  | [2026-07-16 06:30:15,771] INFO [Transaction State Manager 1]: Completed loading transaction metadata from __transaction_state-45 for coordinator epoch 2 (kafka.coordinator.transaction.TransactionStateManager)
stream-state-bench-kafka  | [2026-07-16 06:30:15,771] INFO [Transaction State Manager 1]: Loading transaction metadata from __transaction_state-16 at epoch 2 (kafka.coordinator.transaction.TransactionStateManager)
stream-state-bench-kafka  | [2026-07-16 06:30:15,771] INFO [Transaction State Manager 1]: Finished loading 0 transaction metadata from __transaction_state-16 in 47 milliseconds, of which 47 milliseconds was spent in the scheduler. (kafka.coordinator.transaction.TransactionStateManager)
stream-state-bench-kafka  | [2026-07-16 06:30:15,771] INFO [Transaction State Manager 1]: Completed loading transaction metadata from __transaction_state-16 for coordinator epoch 2 (kafka.coordinator.transaction.TransactionStateManager)
stream-state-bench-kafka  | [2026-07-16 06:30:15,771] INFO [Transaction State Manager 1]: Loading transaction metadata from __transaction_state-49 at epoch 2 (kafka.coordinator.transaction.TransactionStateManager)
stream-state-bench-kafka  | [2026-07-16 06:30:15,771] INFO [Transaction State Manager 1]: Finished loading 0 transaction metadata from __transaction_state-49 in 47 milliseconds, of which 47 milliseconds was spent in the scheduler. (kafka.coordinator.transaction.TransactionStateManager)
stream-state-bench-kafka  | [2026-07-16 06:30:15,771] INFO [Transaction State Manager 1]: Completed loading transaction metadata from __transaction_state-49 for coordinator epoch 2 (kafka.coordinator.transaction.TransactionStateManager)
stream-state-bench-kafka  | [2026-07-16 06:30:15,771] INFO [Transaction State Manager 1]: Loading transaction metadata from __transaction_state-4 at epoch 2 (kafka.coordinator.transaction.TransactionStateManager)
stream-state-bench-kafka  | [2026-07-16 06:30:15,771] INFO [Transaction State Manager 1]: Finished loading 0 transaction metadata from __transaction_state-4 in 46 milliseconds, of which 46 milliseconds was spent in the scheduler. (kafka.coordinator.transaction.TransactionStateManager)
stream-state-bench-kafka  | [2026-07-16 06:30:15,771] INFO [Transaction State Manager 1]: Completed loading transaction metadata from __transaction_state-4 for coordinator epoch 2 (kafka.coordinator.transaction.TransactionStateManager)
stream-state-bench-kafka  | [2026-07-16 06:30:15,771] INFO [Transaction State Manager 1]: Loading transaction metadata from __transaction_state-37 at epoch 2 (kafka.coordinator.transaction.TransactionStateManager)
stream-state-bench-kafka  | [2026-07-16 06:30:15,771] INFO [Transaction State Manager 1]: Finished loading 0 transaction metadata from __transaction_state-37 in 46 milliseconds, of which 46 milliseconds was spent in the scheduler. (kafka.coordinator.transaction.TransactionStateManager)
stream-state-bench-kafka  | [2026-07-16 06:30:15,771] INFO [Transaction State Manager 1]: Completed loading transaction metadata from __transaction_state-37 for coordinator epoch 2 (kafka.coordinator.transaction.TransactionStateManager)
stream-state-bench-kafka  | [2026-07-16 06:30:15,771] INFO [Transaction State Manager 1]: Loading transaction metadata from __transaction_state-8 at epoch 2 (kafka.coordinator.transaction.TransactionStateManager)
stream-state-bench-kafka  | [2026-07-16 06:30:15,771] INFO [Transaction State Manager 1]: Finished loading 0 transaction metadata from __transaction_state-8 in 46 milliseconds, of which 46 milliseconds was spent in the scheduler. (kafka.coordinator.transaction.TransactionStateManager)
stream-state-bench-kafka  | [2026-07-16 06:30:15,771] INFO [Transaction State Manager 1]: Completed loading transaction metadata from __transaction_state-8 for coordinator epoch 2 (kafka.coordinator.transaction.TransactionStateManager)
stream-state-bench-kafka  | [2026-07-16 06:30:15,771] INFO [Transaction State Manager 1]: Loading transaction metadata from __transaction_state-41 at epoch 2 (kafka.coordinator.transaction.TransactionStateManager)
stream-state-bench-kafka  | [2026-07-16 06:30:15,771] INFO [Transaction State Manager 1]: Finished loading 0 transaction metadata from __transaction_state-41 in 46 milliseconds, of which 46 milliseconds was spent in the scheduler. (kafka.coordinator.transaction.TransactionStateManager)
stream-state-bench-kafka  | [2026-07-16 06:30:15,771] INFO [Transaction State Manager 1]: Completed loading transaction metadata from __transaction_state-41 for coordinator epoch 2 (kafka.coordinator.transaction.TransactionStateManager)
stream-state-bench-kafka  | [2026-07-16 06:30:15,771] INFO [Transaction State Manager 1]: Loading transaction metadata from __transaction_state-29 at epoch 2 (kafka.coordinator.transaction.TransactionStateManager)
stream-state-bench-kafka  | [2026-07-16 06:30:15,771] INFO [Transaction State Manager 1]: Finished loading 0 transaction metadata from __transaction_state-29 in 46 milliseconds, of which 46 milliseconds was spent in the scheduler. (kafka.coordinator.transaction.TransactionStateManager)
stream-state-bench-kafka  | [2026-07-16 06:30:15,772] INFO [Transaction State Manager 1]: Completed loading transaction metadata from __transaction_state-29 for coordinator epoch 2 (kafka.coordinator.transaction.TransactionStateManager)
stream-state-bench-kafka  | [2026-07-16 06:30:15,772] INFO [Transaction State Manager 1]: Loading transaction metadata from __transaction_state-0 at epoch 2 (kafka.coordinator.transaction.TransactionStateManager)
stream-state-bench-kafka  | [2026-07-16 06:30:15,772] INFO [Transaction State Manager 1]: Finished loading 0 transaction metadata from __transaction_state-0 in 47 milliseconds, of which 47 milliseconds was spent in the scheduler. (kafka.coordinator.transaction.TransactionStateManager)
stream-state-bench-kafka  | [2026-07-16 06:30:15,772] INFO [Transaction State Manager 1]: Completed loading transaction metadata from __transaction_state-0 for coordinator epoch 2 (kafka.coordinator.transaction.TransactionStateManager)
stream-state-bench-kafka  | [2026-07-16 06:30:15,772] INFO [Transaction State Manager 1]: Loading transaction metadata from __transaction_state-33 at epoch 2 (kafka.coordinator.transaction.TransactionStateManager)
stream-state-bench-kafka  | [2026-07-16 06:30:15,772] INFO [Transaction State Manager 1]: Finished loading 0 transaction metadata from __transaction_state-33 in 47 milliseconds, of which 47 milliseconds was spent in the scheduler. (kafka.coordinator.transaction.TransactionStateManager)
stream-state-bench-kafka  | [2026-07-16 06:30:15,772] INFO [Transaction State Manager 1]: Completed loading transaction metadata from __transaction_state-33 for coordinator epoch 2 (kafka.coordinator.transaction.TransactionStateManager)
stream-state-bench-kafka  | [2026-07-16 06:30:15,772] INFO [Transaction State Manager 1]: Loading transaction metadata from __transaction_state-21 at epoch 2 (kafka.coordinator.transaction.TransactionStateManager)
stream-state-bench-kafka  | [2026-07-16 06:30:15,772] INFO [Transaction State Manager 1]: Finished loading 0 transaction metadata from __transaction_state-21 in 47 milliseconds, of which 47 milliseconds was spent in the scheduler. (kafka.coordinator.transaction.TransactionStateManager)
stream-state-bench-kafka  | [2026-07-16 06:30:15,772] INFO [Transaction State Manager 1]: Completed loading transaction metadata from __transaction_state-21 for coordinator epoch 2 (kafka.coordinator.transaction.TransactionStateManager)
stream-state-bench-kafka  | [2026-07-16 06:30:15,772] INFO [Transaction State Manager 1]: Loading transaction metadata from __transaction_state-25 at epoch 2 (kafka.coordinator.transaction.TransactionStateManager)
stream-state-bench-kafka  | [2026-07-16 06:30:15,772] INFO [Transaction State Manager 1]: Finished loading 0 transaction metadata from __transaction_state-25 in 47 milliseconds, of which 47 milliseconds was spent in the scheduler. (kafka.coordinator.transaction.TransactionStateManager)
stream-state-bench-kafka  | [2026-07-16 06:30:15,772] INFO [Transaction State Manager 1]: Completed loading transaction metadata from __transaction_state-25 for coordinator epoch 2 (kafka.coordinator.transaction.TransactionStateManager)
stream-state-bench-kafka  | [2026-07-16 06:30:15,772] INFO [Transaction State Manager 1]: Loading transaction metadata from __transaction_state-11 at epoch 2 (kafka.coordinator.transaction.TransactionStateManager)
stream-state-bench-kafka  | [2026-07-16 06:30:15,772] INFO [Transaction State Manager 1]: Finished loading 0 transaction metadata from __transaction_state-11 in 47 milliseconds, of which 47 milliseconds was spent in the scheduler. (kafka.coordinator.transaction.TransactionStateManager)
stream-state-bench-kafka  | [2026-07-16 06:30:15,772] INFO [Transaction State Manager 1]: Completed loading transaction metadata from __transaction_state-11 for coordinator epoch 2 (kafka.coordinator.transaction.TransactionStateManager)
stream-state-bench-kafka  | [2026-07-16 06:30:15,772] INFO [Transaction State Manager 1]: Loading transaction metadata from __transaction_state-44 at epoch 2 (kafka.coordinator.transaction.TransactionStateManager)
stream-state-bench-kafka  | [2026-07-16 06:30:15,772] INFO [Transaction State Manager 1]: Finished loading 0 transaction metadata from __transaction_state-44 in 47 milliseconds, of which 47 milliseconds was spent in the scheduler. (kafka.coordinator.transaction.TransactionStateManager)
stream-state-bench-kafka  | [2026-07-16 06:30:15,772] INFO [Transaction State Manager 1]: Completed loading transaction metadata from __transaction_state-44 for coordinator epoch 2 (kafka.coordinator.transaction.TransactionStateManager)
stream-state-bench-kafka  | [2026-07-16 06:30:15,772] INFO [Transaction State Manager 1]: Loading transaction metadata from __transaction_state-15 at epoch 2 (kafka.coordinator.transaction.TransactionStateManager)
stream-state-bench-kafka  | [2026-07-16 06:30:15,772] INFO [Transaction State Manager 1]: Finished loading 0 transaction metadata from __transaction_state-15 in 46 milliseconds, of which 46 milliseconds was spent in the scheduler. (kafka.coordinator.transaction.TransactionStateManager)
stream-state-bench-kafka  | [2026-07-16 06:30:15,773] INFO [Transaction State Manager 1]: Completed loading transaction metadata from __transaction_state-15 for coordinator epoch 2 (kafka.coordinator.transaction.TransactionStateManager)
stream-state-bench-kafka  | [2026-07-16 06:30:15,773] INFO [Transaction State Manager 1]: Loading transaction metadata from __transaction_state-48 at epoch 2 (kafka.coordinator.transaction.TransactionStateManager)
stream-state-bench-kafka  | [2026-07-16 06:30:15,773] INFO [Transaction State Manager 1]: Finished loading 0 transaction metadata from __transaction_state-48 in 47 milliseconds, of which 47 milliseconds was spent in the scheduler. (kafka.coordinator.transaction.TransactionStateManager)
stream-state-bench-kafka  | [2026-07-16 06:30:15,773] INFO [Transaction State Manager 1]: Completed loading transaction metadata from __transaction_state-48 for coordinator epoch 2 (kafka.coordinator.transaction.TransactionStateManager)
stream-state-bench-kafka  | [2026-07-16 06:30:15,773] INFO [Transaction State Manager 1]: Loading transaction metadata from __transaction_state-3 at epoch 2 (kafka.coordinator.transaction.TransactionStateManager)
stream-state-bench-kafka  | [2026-07-16 06:30:15,773] INFO [Transaction State Manager 1]: Finished loading 0 transaction metadata from __transaction_state-3 in 47 milliseconds, of which 47 milliseconds was spent in the scheduler. (kafka.coordinator.transaction.TransactionStateManager)
stream-state-bench-kafka  | [2026-07-16 06:30:15,773] INFO [Transaction State Manager 1]: Completed loading transaction metadata from __transaction_state-3 for coordinator epoch 2 (kafka.coordinator.transaction.TransactionStateManager)
stream-state-bench-kafka  | [2026-07-16 06:30:15,773] INFO [Transaction State Manager 1]: Loading transaction metadata from __transaction_state-36 at epoch 2 (kafka.coordinator.transaction.TransactionStateManager)
stream-state-bench-kafka  | [2026-07-16 06:30:15,773] INFO [Transaction State Manager 1]: Finished loading 0 transaction metadata from __transaction_state-36 in 47 milliseconds, of which 47 milliseconds was spent in the scheduler. (kafka.coordinator.transaction.TransactionStateManager)
stream-state-bench-kafka  | [2026-07-16 06:30:15,773] INFO [Transaction State Manager 1]: Completed loading transaction metadata from __transaction_state-36 for coordinator epoch 2 (kafka.coordinator.transaction.TransactionStateManager)
stream-state-bench-kafka  | [2026-07-16 06:30:15,773] INFO [Transaction State Manager 1]: Loading transaction metadata from __transaction_state-7 at epoch 2 (kafka.coordinator.transaction.TransactionStateManager)
stream-state-bench-kafka  | [2026-07-16 06:30:15,773] INFO [Transaction State Manager 1]: Finished loading 0 transaction metadata from __transaction_state-7 in 47 milliseconds, of which 47 milliseconds was spent in the scheduler. (kafka.coordinator.transaction.TransactionStateManager)
stream-state-bench-kafka  | [2026-07-16 06:30:15,773] INFO [Transaction State Manager 1]: Completed loading transaction metadata from __transaction_state-7 for coordinator epoch 2 (kafka.coordinator.transaction.TransactionStateManager)
stream-state-bench-kafka  | [2026-07-16 06:30:15,773] INFO [Transaction State Manager 1]: Loading transaction metadata from __transaction_state-40 at epoch 2 (kafka.coordinator.transaction.TransactionStateManager)
stream-state-bench-kafka  | [2026-07-16 06:30:15,773] INFO [Transaction State Manager 1]: Finished loading 0 transaction metadata from __transaction_state-40 in 47 milliseconds, of which 47 milliseconds was spent in the scheduler. (kafka.coordinator.transaction.TransactionStateManager)
stream-state-bench-kafka  | [2026-07-16 06:30:15,773] INFO [Transaction State Manager 1]: Completed loading transaction metadata from __transaction_state-40 for coordinator epoch 2 (kafka.coordinator.transaction.TransactionStateManager)
stream-state-bench-kafka  | [2026-07-16 06:30:15,773] INFO [Transaction State Manager 1]: Loading transaction metadata from __transaction_state-28 at epoch 2 (kafka.coordinator.transaction.TransactionStateManager)
stream-state-bench-kafka  | [2026-07-16 06:30:15,773] INFO [Transaction State Manager 1]: Finished loading 0 transaction metadata from __transaction_state-28 in 47 milliseconds, of which 47 milliseconds was spent in the scheduler. (kafka.coordinator.transaction.TransactionStateManager)
stream-state-bench-kafka  | [2026-07-16 06:30:15,773] INFO [Transaction State Manager 1]: Completed loading transaction metadata from __transaction_state-28 for coordinator epoch 2 (kafka.coordinator.transaction.TransactionStateManager)
stream-state-bench-kafka  | [2026-07-16 06:30:15,773] INFO [Transaction State Manager 1]: Loading transaction metadata from __transaction_state-32 at epoch 2 (kafka.coordinator.transaction.TransactionStateManager)
stream-state-bench-kafka  | [2026-07-16 06:30:15,773] INFO [Transaction State Manager 1]: Finished loading 0 transaction metadata from __transaction_state-32 in 47 milliseconds, of which 47 milliseconds was spent in the scheduler. (kafka.coordinator.transaction.TransactionStateManager)
stream-state-bench-kafka  | [2026-07-16 06:30:15,773] INFO [Transaction State Manager 1]: Completed loading transaction metadata from __transaction_state-32 for coordinator epoch 2 (kafka.coordinator.transaction.TransactionStateManager)
stream-state-bench-kafka  | [2026-07-16 06:30:15,773] INFO [Transaction State Manager 1]: Loading transaction metadata from __transaction_state-20 at epoch 2 (kafka.coordinator.transaction.TransactionStateManager)
stream-state-bench-kafka  | [2026-07-16 06:30:15,773] INFO [Transaction State Manager 1]: Finished loading 0 transaction metadata from __transaction_state-20 in 47 milliseconds, of which 47 milliseconds was spent in the scheduler. (kafka.coordinator.transaction.TransactionStateManager)
stream-state-bench-kafka  | [2026-07-16 06:30:15,774] INFO [Transaction State Manager 1]: Completed loading transaction metadata from __transaction_state-20 for coordinator epoch 2 (kafka.coordinator.transaction.TransactionStateManager)
stream-state-bench-kafka  | [2026-07-16 06:30:15,774] INFO [Transaction State Manager 1]: Loading transaction metadata from __transaction_state-24 at epoch 2 (kafka.coordinator.transaction.TransactionStateManager)
stream-state-bench-kafka  | [2026-07-16 06:30:15,774] INFO [Transaction State Manager 1]: Finished loading 0 transaction metadata from __transaction_state-24 in 48 milliseconds, of which 48 milliseconds was spent in the scheduler. (kafka.coordinator.transaction.TransactionStateManager)
stream-state-bench-kafka  | [2026-07-16 06:30:15,774] INFO [Transaction State Manager 1]: Completed loading transaction metadata from __transaction_state-24 for coordinator epoch 2 (kafka.coordinator.transaction.TransactionStateManager)
stream-state-bench-kafka  | [2026-07-16 06:30:15,774] INFO [Transaction State Manager 1]: Loading transaction metadata from __transaction_state-10 at epoch 2 (kafka.coordinator.transaction.TransactionStateManager)
stream-state-bench-kafka  | [2026-07-16 06:30:15,774] INFO [Transaction State Manager 1]: Finished loading 0 transaction metadata from __transaction_state-10 in 48 milliseconds, of which 48 milliseconds was spent in the scheduler. (kafka.coordinator.transaction.TransactionStateManager)
stream-state-bench-kafka  | [2026-07-16 06:30:15,774] INFO [Transaction State Manager 1]: Completed loading transaction metadata from __transaction_state-10 for coordinator epoch 2 (kafka.coordinator.transaction.TransactionStateManager)
stream-state-bench-kafka  | [2026-07-16 06:30:15,774] INFO [Transaction State Manager 1]: Loading transaction metadata from __transaction_state-43 at epoch 2 (kafka.coordinator.transaction.TransactionStateManager)
stream-state-bench-kafka  | [2026-07-16 06:30:15,774] INFO [Transaction State Manager 1]: Finished loading 0 transaction metadata from __transaction_state-43 in 48 milliseconds, of which 48 milliseconds was spent in the scheduler. (kafka.coordinator.transaction.TransactionStateManager)
stream-state-bench-kafka  | [2026-07-16 06:30:15,774] INFO [Transaction State Manager 1]: Completed loading transaction metadata from __transaction_state-43 for coordinator epoch 2 (kafka.coordinator.transaction.TransactionStateManager)
stream-state-bench-kafka  | [2026-07-16 06:30:15,774] INFO [Transaction State Manager 1]: Loading transaction metadata from __transaction_state-14 at epoch 2 (kafka.coordinator.transaction.TransactionStateManager)
stream-state-bench-kafka  | [2026-07-16 06:30:15,774] INFO [Transaction State Manager 1]: Finished loading 0 transaction metadata from __transaction_state-14 in 47 milliseconds, of which 47 milliseconds was spent in the scheduler. (kafka.coordinator.transaction.TransactionStateManager)
stream-state-bench-kafka  | [2026-07-16 06:30:15,774] INFO [Transaction State Manager 1]: Completed loading transaction metadata from __transaction_state-14 for coordinator epoch 2 (kafka.coordinator.transaction.TransactionStateManager)
stream-state-bench-kafka  | [2026-07-16 06:30:15,774] INFO [Transaction State Manager 1]: Loading transaction metadata from __transaction_state-47 at epoch 2 (kafka.coordinator.transaction.TransactionStateManager)
stream-state-bench-kafka  | [2026-07-16 06:30:15,774] INFO [Transaction State Manager 1]: Finished loading 0 transaction metadata from __transaction_state-47 in 47 milliseconds, of which 47 milliseconds was spent in the scheduler. (kafka.coordinator.transaction.TransactionStateManager)
stream-state-bench-kafka  | [2026-07-16 06:30:15,774] INFO [Transaction State Manager 1]: Completed loading transaction metadata from __transaction_state-47 for coordinator epoch 2 (kafka.coordinator.transaction.TransactionStateManager)
stream-state-bench-kafka  | [2026-07-16 06:30:15,774] INFO [Transaction State Manager 1]: Loading transaction metadata from __transaction_state-2 at epoch 2 (kafka.coordinator.transaction.TransactionStateManager)
stream-state-bench-kafka  | [2026-07-16 06:30:15,774] INFO [Transaction State Manager 1]: Finished loading 0 transaction metadata from __transaction_state-2 in 47 milliseconds, of which 47 milliseconds was spent in the scheduler. (kafka.coordinator.transaction.TransactionStateManager)
stream-state-bench-kafka  | [2026-07-16 06:30:15,774] INFO [Transaction State Manager 1]: Completed loading transaction metadata from __transaction_state-2 for coordinator epoch 2 (kafka.coordinator.transaction.TransactionStateManager)
stream-state-bench-kafka  | [2026-07-16 06:30:15,774] INFO [Transaction State Manager 1]: Loading transaction metadata from __transaction_state-35 at epoch 2 (kafka.coordinator.transaction.TransactionStateManager)
stream-state-bench-kafka  | [2026-07-16 06:30:15,774] INFO [Transaction State Manager 1]: Finished loading 0 transaction metadata from __transaction_state-35 in 47 milliseconds, of which 47 milliseconds was spent in the scheduler. (kafka.coordinator.transaction.TransactionStateManager)
stream-state-bench-kafka  | [2026-07-16 06:30:15,774] INFO [Transaction State Manager 1]: Completed loading transaction metadata from __transaction_state-35 for coordinator epoch 2 (kafka.coordinator.transaction.TransactionStateManager)
stream-state-bench-kafka  | [2026-07-16 06:30:15,775] INFO [Transaction State Manager 1]: Loading transaction metadata from __transaction_state-6 at epoch 2 (kafka.coordinator.transaction.TransactionStateManager)
stream-state-bench-kafka  | [2026-07-16 06:30:15,775] INFO [Transaction State Manager 1]: Finished loading 0 transaction metadata from __transaction_state-6 in 48 milliseconds, of which 48 milliseconds was spent in the scheduler. (kafka.coordinator.transaction.TransactionStateManager)
stream-state-bench-kafka  | [2026-07-16 06:30:15,775] INFO [Transaction State Manager 1]: Completed loading transaction metadata from __transaction_state-6 for coordinator epoch 2 (kafka.coordinator.transaction.TransactionStateManager)
stream-state-bench-kafka  | [2026-07-16 06:30:15,775] INFO [Transaction State Manager 1]: Loading transaction metadata from __transaction_state-39 at epoch 2 (kafka.coordinator.transaction.TransactionStateManager)
stream-state-bench-kafka  | [2026-07-16 06:30:15,775] INFO [Transaction State Manager 1]: Finished loading 0 transaction metadata from __transaction_state-39 in 48 milliseconds, of which 48 milliseconds was spent in the scheduler. (kafka.coordinator.transaction.TransactionStateManager)
stream-state-bench-kafka  | [2026-07-16 06:30:15,775] INFO [Transaction State Manager 1]: Completed loading transaction metadata from __transaction_state-39 for coordinator epoch 2 (kafka.coordinator.transaction.TransactionStateManager)
stream-state-bench-kafka  | [2026-07-16 06:30:15,775] INFO [Transaction State Manager 1]: Loading transaction metadata from __transaction_state-27 at epoch 2 (kafka.coordinator.transaction.TransactionStateManager)
stream-state-bench-kafka  | [2026-07-16 06:30:15,775] INFO [Transaction State Manager 1]: Finished loading 0 transaction metadata from __transaction_state-27 in 48 milliseconds, of which 48 milliseconds was spent in the scheduler. (kafka.coordinator.transaction.TransactionStateManager)
stream-state-bench-kafka  | [2026-07-16 06:30:15,775] INFO [Transaction State Manager 1]: Completed loading transaction metadata from __transaction_state-27 for coordinator epoch 2 (kafka.coordinator.transaction.TransactionStateManager)
stream-state-bench-kafka  | [2026-07-16 06:30:15,775] INFO [Transaction State Manager 1]: Loading transaction metadata from __transaction_state-31 at epoch 2 (kafka.coordinator.transaction.TransactionStateManager)
stream-state-bench-kafka  | [2026-07-16 06:30:15,775] INFO [Transaction State Manager 1]: Finished loading 0 transaction metadata from __transaction_state-31 in 48 milliseconds, of which 48 milliseconds was spent in the scheduler. (kafka.coordinator.transaction.TransactionStateManager)
stream-state-bench-kafka  | [2026-07-16 06:30:15,775] INFO [Transaction State Manager 1]: Completed loading transaction metadata from __transaction_state-31 for coordinator epoch 2 (kafka.coordinator.transaction.TransactionStateManager)
stream-state-bench-kafka  | [2026-07-16 06:30:15,775] INFO [Transaction State Manager 1]: Loading transaction metadata from __transaction_state-19 at epoch 2 (kafka.coordinator.transaction.TransactionStateManager)
stream-state-bench-kafka  | [2026-07-16 06:30:15,775] INFO [Transaction State Manager 1]: Finished loading 0 transaction metadata from __transaction_state-19 in 48 milliseconds, of which 48 milliseconds was spent in the scheduler. (kafka.coordinator.transaction.TransactionStateManager)
stream-state-bench-kafka  | [2026-07-16 06:30:15,775] INFO [Transaction State Manager 1]: Completed loading transaction metadata from __transaction_state-19 for coordinator epoch 2 (kafka.coordinator.transaction.TransactionStateManager)
stream-state-bench-kafka  | [2026-07-16 06:30:15,775] INFO [Transaction State Manager 1]: Loading transaction metadata from __transaction_state-23 at epoch 2 (kafka.coordinator.transaction.TransactionStateManager)
stream-state-bench-kafka  | [2026-07-16 06:30:15,775] INFO [Transaction State Manager 1]: Finished loading 0 transaction metadata from __transaction_state-23 in 48 milliseconds, of which 48 milliseconds was spent in the scheduler. (kafka.coordinator.transaction.TransactionStateManager)
stream-state-bench-kafka  | [2026-07-16 06:30:15,775] INFO [Transaction State Manager 1]: Completed loading transaction metadata from __transaction_state-23 for coordinator epoch 2 (kafka.coordinator.transaction.TransactionStateManager)
stream-state-bench-kafka  | [2026-07-16 06:30:15,870] INFO [Transaction Marker Channel Manager 1]: Creating new marker queue map to destination broker 1 (kafka.coordinator.transaction.TransactionMarkerChannelManager)
stream-state-bench-kafka  | [2026-07-16 06:30:15,871] INFO Creating new marker queue for txn partition 46 to destination broker 1 (kafka.coordinator.transaction.TxnMarkerQueue)
stream-state-bench-kafka  | [2026-07-16 06:30:15,877] INFO [GroupCoordinator id=1 topic=__consumer_offsets partition=44] Preparing to rebalance group stream-state-bench-identity-latency-identity-failure_broker_kill in state PreparingRebalance with old generation 1 (reason: Leader stream-state-bench-identity-latency-identity-failure_broker_kill-1d04ca88-3b08-49cd-befa-362e1357ae43-StreamThread-1-consumer-cf2c75a8-bc2c-4597-afbc-aa8c96ffa093 re-joining group during Stable; client reason: cached metadata has changed). (org.apache.kafka.coordinator.group.GroupMetadataManager)
stream-state-bench-kafka  | [2026-07-16 06:30:15,879] INFO [GroupCoordinator id=1 topic=__consumer_offsets partition=44] Stabilized group stream-state-bench-identity-latency-identity-failure_broker_kill generation 2 with 1 members. (org.apache.kafka.coordinator.group.GroupMetadataManager)
stream-state-bench-kafka  | [2026-07-16 06:30:15,885] INFO [GroupCoordinator id=1 topic=__consumer_offsets partition=44] Assignment received from leader stream-state-bench-identity-latency-identity-failure_broker_kill-1d04ca88-3b08-49cd-befa-362e1357ae43-StreamThread-1-consumer-cf2c75a8-bc2c-4597-afbc-aa8c96ffa093 for group stream-state-bench-identity-latency-identity-failure_broker_kill for generation 2. The group has 1 members, 0 of which are static. (org.apache.kafka.coordinator.group.GroupMetadataManager)
stream-state-bench-kafka  | [2026-07-16 06:31:11,172] INFO [GroupCoordinator id=1 topic=__consumer_offsets partition=22] [Group console-consumer-9699] Member console-consumer-0bbc8ce9-9b98-41e8-8c22-1456d58a6d8a has left group through explicit `LeaveGroup` request; client reason: the consumer is being closed (org.apache.kafka.coordinator.group.GroupMetadataManager)
stream-state-bench-kafka  | [2026-07-16 06:31:11,173] INFO [GroupCoordinator id=1 topic=__consumer_offsets partition=22] Preparing to rebalance group console-consumer-9699 in state PreparingRebalance with old generation 1 (reason: explicit `LeaveGroup` request for (console-consumer-0bbc8ce9-9b98-41e8-8c22-1456d58a6d8a) members.). (org.apache.kafka.coordinator.group.GroupMetadataManager)
stream-state-bench-kafka  | [2026-07-16 06:31:11,173] INFO [GroupCoordinator id=1 topic=__consumer_offsets partition=22] Group console-consumer-9699 with generation 2 is now empty. (org.apache.kafka.coordinator.group.GroupMetadataManager)
stream-state-bench-kafka  | [2026-07-16 06:34:51,584] INFO [GroupCoordinator id=1 topic=__consumer_offsets partition=22] [Group console-consumer-68818] Member console-consumer-072fe673-b008-422f-90b3-aa8b9d199aac has left group through explicit `LeaveGroup` request; client reason: the consumer is being closed (org.apache.kafka.coordinator.group.GroupMetadataManager)
stream-state-bench-kafka  | [2026-07-16 06:34:51,584] INFO [GroupCoordinator id=1 topic=__consumer_offsets partition=22] Preparing to rebalance group console-consumer-68818 in state PreparingRebalance with old generation 1 (reason: explicit `LeaveGroup` request for (console-consumer-072fe673-b008-422f-90b3-aa8b9d199aac) members.). (org.apache.kafka.coordinator.group.GroupMetadataManager)
stream-state-bench-kafka  | [2026-07-16 06:34:51,584] INFO [GroupCoordinator id=1 topic=__consumer_offsets partition=22] Group console-consumer-68818 with generation 2 is now empty. (org.apache.kafka.coordinator.group.GroupMetadataManager)
