event_id,t0_ms,t1_ms,t2_ms,t3_ms,write_to_input_append_latency_ms,input_append_to_result_emission_latency_ms,l_visibility_ms,l_closure_ms,latency_ms
ss-0-60000,1784607747639.0127,1784607747841,1784607789610.0,1784607789779.5322,201.987,41769.0,169.532,1784607129610.0,42140.52
ss-1-60000,1784607749139.019,1784607749941,1784607789618.0,1784607789779.537,801.981,39677.0,161.537,1784607129618.0,40640.518
ss-10-60000,1784607744839.0442,1784607745741,1784607789618.0,1784607789779.539,901.956,43877.0,161.539,1784607129618.0,44940.495
ss-11-60000,1784607746339.0132,1784607746791,1784607789618.0,1784607789779.5403,451.987,42827.0,161.54,1784607129618.0,43440.527
ss-12-60000,1784607732739.0269,1784607733142,1784607789618.0,1784607789779.5417,402.973,56476.0,161.542,1784607129618.0,57040.515
ss-13-60000,1784607747889.022,1784607748892,1784607789618.0,1784607789779.5432,1002.978,40726.0,161.543,1784607129618.0,41890.521
ss-14-60000,1784607748789.0173,1784607748892,1784607789619.0,1784607789779.5444,102.983,40727.0,160.544,1784607129619.0,40990.527
ss-15-60000,1784607745739.0176,1784607745741,1784607789619.0,1784607789779.5513,1.982,43878.0,160.551,1784607129619.0,44040.534
ss-16-60000,1784607748589.0256,1784607748892,1784607789619.0,1784607789779.5535,302.974,40727.0,160.553,1784607129619.0,41190.528
ss-17-60000,1784607746139.0337,1784607746791,1784607789619.0,1784607789779.555,651.966,42828.0,160.555,1784607129619.0,43640.521
ss-18-60000,1784607743239.022,1784607743642,1784607789619.0,1784607789779.556,402.978,45977.0,160.556,1784607129619.0,46540.534
ss-19-60000,1784607747939.0178,1784607748892,1784607789619.0,1784607789779.5566,952.982,40727.0,160.557,1784607129619.0,41840.539
ss-2-60000,1784607747389.019,1784607747841,1784607789619.0,1784607789779.5579,451.981,41778.0,160.558,1784607129619.0,42390.539
ss-20-60000,1784607737339.0276,1784607737342,1784607789619.0,1784607789779.5588,2.972,52277.0,160.559,1784607129619.0,52440.531
ss-21-60000,1784607745239.026,1784607745741,1784607789619.0,1784607789779.5596,501.974,43878.0,160.56,1784607129619.0,44540.534
ss-22-60000,1784607735639.0232,1784607736292,1784607789620.0,1784607789779.5608,652.977,53328.0,159.561,1784607129620.0,54140.538
ss-23-60000,1784607730389.0376,1784607731041,1784607789620.0,1784607789779.5618,651.962,58579.0,159.562,1784607129620.0,59390.524
ss-24-60000,1784607746189.0432,1784607746791,1784607789620.0,1784607789779.5627,601.957,42829.0,159.563,1784607129620.0,43590.52
ss-25-60000,1784607743589.0178,1784607743642,1784607789620.0,1784607789779.5752,52.982,45978.0,159.575,1784607129620.0,46190.557
ss-26-60000,1784607744789.0237,1784607745741,1784607789620.0,1784607789779.576,951.976,43879.0,159.576,1784607129620.0,44990.552
ss-27-60000,1784607747089.0251,1784607747841,1784607789620.0,1784607789779.6035,751.975,41779.0,159.604,1784607129620.0,42690.578
ss-28-60000,1784607749039.025,1784607749941,1784607789620.0,1784607789779.6045,901.975,39679.0,159.604,1784607129620.0,40740.58
ss-29-60000,1784607739589.0312,1784607740492,1784607789620.0,1784607789779.6052,902.969,49128.0,159.605,1784607129620.0,50190.574
ss-3-60000,1784607744589.0212,1784607744691,1784607789620.0,1784607789779.6062,101.979,44929.0,159.606,1784607129620.0,45190.585
ss-30-60000,1784607746389.0435,1784607746791,1784607789620.0,1784607789779.607,401.957,42829.0,159.607,1784607129620.0,43390.563
ss-31-60000,1784607747189.0188,1784607747841,1784607789620.0,1784607789779.608,651.981,41779.0,159.608,1784607129620.0,42590.589
ss-32-60000,1784607748639.0327,1784607748892,1784607789621.0,1784607789779.6086,252.967,40729.0,158.609,1784607129621.0,41140.576
ss-33-60000,1784607746439.024,1784607746791,1784607789621.0,1784607789779.61,351.976,42830.0,158.61,1784607129621.0,43340.586
ss-34-60000,1784607747139.0186,1784607747841,1784607789621.0,1784607789779.6108,701.981,41780.0,158.611,1784607129621.0,42640.592
ss-35-60000,1784607746889.0222,1784607747841,1784607789621.0,1784607789779.6116,951.978,41780.0,158.612,1784607129621.0,42890.589
ss-36-60000,1784607745339.031,1784607745741,1784607789621.0,1784607789779.6125,401.969,43880.0,158.613,1784607129621.0,44440.582
ss-37-60000,1784607742139.023,1784607742591,1784607789621.0,1784607789779.6133,451.977,47030.0,158.613,1784607129621.0,47640.59
ss-38-60000,1784607749189.025,1784607749941,1784607789621.0,1784607789779.6138,751.975,39680.0,158.614,1784607129621.0,40590.589
ss-39-60000,1784607747339.01,1784607747841,1784607789621.0,1784607789779.6152,501.99,41780.0,158.615,1784607129621.0,42440.605
ss-4-60000,1784607748489.0247,1784607748892,1784607789621.0,1784607789779.616,402.975,40729.0,158.616,1784607129621.0,41290.591
ss-40-60000,1784607743339.0137,1784607743642,1784607789621.0,1784607789779.6167,302.986,45979.0,158.617,1784607129621.0,46440.603
ss-41-60000,1784607743439.0173,1784607743642,1784607789622.0,1784607789779.6174,202.983,45980.0,157.617,1784607129622.0,46340.6
ss-42-60000,1784607746039.042,1784607746791,1784607789622.0,1784607789779.618,751.958,42831.0,157.618,1784607129622.0,43740.576
ss-43-60000,1784607746789.024,1784607746791,1784607789622.0,1784607789779.619,1.976,42831.0,157.619,1784607129622.0,42990.595
ss-44-60000,1784607743289.0232,1784607743642,1784607789622.0,1784607789779.6196,352.977,45980.0,157.62,1784607129622.0,46490.596
ss-45-60000,1784607737689.0183,1784607738392,1784607789622.0,1784607789779.6204,702.982,51230.0,157.62,1784607129622.0,52090.602
ss-46-60000,1784607746939.026,1784607747841,1784607789622.0,1784607789779.627,901.974,41781.0,157.627,1784607129622.0,42840.601
ss-47-60000,1784607744489.0261,1784607744691,1784607789622.0,1784607789779.628,201.974,44931.0,157.628,1784607129622.0,45290.602
ss-48-60000,1784607746739.0293,1784607746791,1784607789622.0,1784607789779.6287,51.971,42831.0,157.629,1784607129622.0,43040.599
ss-49-60000,1784607748989.0247,1784607749941,1784607789622.0,1784607789779.634,951.975,39681.0,157.634,1784607129622.0,40790.609
ss-5-60000,1784607748339.0164,1784607748892,1784607789622.0,1784607789779.6348,552.984,40730.0,157.635,1784607129622.0,41440.618
ss-50-60000,1784607747689.0186,1784607747841,1784607789622.0,1784607789779.6355,151.981,41781.0,157.635,1784607129622.0,42090.617
ss-51-60000,1784607747239.012,1784607747841,1784607789623.0,1784607789779.6504,601.988,41782.0,156.65,1784607129623.0,42540.638
ss-52-60000,1784607746639.0315,1784607746791,1784607789623.0,1784607789779.6511,151.969,42832.0,156.651,1784607129623.0,43140.62
ss-53-60000,1784607745289.0225,1784607745741,1784607789623.0,1784607789779.6519,451.978,43882.0,156.652,1784607129623.0,44490.629
ss-54-60000,1784607744539.0251,1784607744691,1784607789623.0,1784607789779.6526,151.975,44932.0,156.653,1784607129623.0,45240.627
ss-55-60000,1784607723539.025,1784607723692,1784607789623.0,1784607789779.6533,152.975,65931.0,156.653,1784607129623.0,66240.628
ss-56-60000,1784607733339.0195,1784607734191,1784607789623.0,1784607789779.7085,851.98,55432.0,156.708,1784607129623.0,56440.689
ss-57-60000,1784607747839.0178,1784607747841,1784607789623.0,1784607789779.7112,1.982,41782.0,156.711,1784607129623.0,41940.693
ss-58-60000,1784607748239.022,1784607748892,1784607789623.0,1784607789779.7122,652.978,40731.0,156.712,1784607129623.0,41540.69
ss-59-60000,1784607747789.0193,1784607747841,1784607789623.0,1784607789779.713,51.981,41782.0,156.713,1784607129623.0,41990.694
ss-6-60000,1784607745139.028,1784607745741,1784607789623.0,1784607789779.7136,601.972,43882.0,156.714,1784607129623.0,44640.686
ss-60-60000,1784607747539.0266,1784607747841,1784607789623.0,1784607789779.8098,301.973,41782.0,156.81,1784607129623.0,42240.783
ss-61-60000,1784607745639.019,1784607745741,1784607789623.0,1784607789779.828,101.981,43882.0,156.828,1784607129623.0,44140.809
ss-62-60000,1784607743089.022,1784607743642,1784607789623.0,1784607789779.829,552.978,45981.0,156.829,1784607129623.0,46690.807
ss-63-60000,1784607745939.0266,1784607746791,1784607789624.0,1784607789779.8298,851.973,42833.0,155.83,1784607129624.0,43840.803
ss-64-60000,1784607745889.0254,1784607746791,1784607789624.0,1784607789779.8313,901.975,42833.0,155.831,1784607129624.0,43890.806
ss-65-60000,1784607744389.0117,1784607744691,1784607789624.0,1784607789779.8318,301.988,44933.0,155.832,1784607129624.0,45390.82
ss-66-60000,1784607747989.0269,1784607748892,1784607789624.0,1784607789779.8477,902.973,40732.0,155.848,1784607129624.0,41790.821
ss-67-60000,1784607748889.0303,1784607748892,1784607789624.0,1784607789779.8486,2.97,40732.0,155.849,1784607129624.0,40890.818
ss-68-60000,1784607740289.0269,1784607740492,1784607789624.0,1784607789779.85,202.973,49132.0,155.85,1784607129624.0,49490.823
ss-69-60000,1784607736239.0237,1784607736292,1784607789624.0,1784607789779.8506,52.976,53332.0,155.851,1784607129624.0,53540.827
ss-7-60000,1784607746839.0242,1784607747841,1784607789624.0,1784607789779.851,1001.976,41783.0,155.851,1784607129624.0,42940.827
ss-70-60000,1784607748289.0244,1784607748892,1784607789624.0,1784607789780.5627,602.976,40732.0,156.563,1784607129624.0,41491.538
ss-71-60000,1784607731839.0334,1784607732092,1784607789624.0,1784607789780.564,252.967,57532.0,156.564,1784607129624.0,57941.531
ss-72-60000,1784607748439.0178,1784607748892,1784607789624.0,1784607789780.5645,452.982,40732.0,156.564,1784607129624.0,41341.547
ss-73-60000,1784607722639.0386,1784607722641,1784607789624.0,1784607789780.565,1.961,66983.0,156.565,1784607129624.0,67141.526
ss-74-60000,1784607748939.0254,1784607749941,1784607789624.0,1784607789780.5652,1001.975,39683.0,156.565,1784607129624.0,40841.54
ss-75-60000,1784607747589.0215,1784607747841,1784607789625.0,1784607789780.5654,251.979,41784.0,155.565,1784607129625.0,42191.544
ss-76-60000,1784607749089.027,1784607749941,1784607789625.0,1784607789780.566,851.973,39684.0,155.566,1784607129625.0,40691.539
ss-77-60000,1784607742639.023,1784607743642,1784607789625.0,1784607789780.5667,1002.977,45983.0,155.567,1784607129625.0,47141.544
ss-78-60000,1784607741039.0317,1784607741541,1784607789625.0,1784607789780.567,501.968,48084.0,155.567,1784607129625.0,48741.535
ss-79-60000,1784607733489.0127,1784607734191,1784607789625.0,1784607789780.57,701.987,55434.0,155.57,1784607129625.0,56291.557
ss-8-60000,1784607743789.0227,1784607744691,1784607789625.0,1784607789780.5708,901.977,44934.0,155.571,1784607129625.0,45991.548
ss-80-60000,1784607742689.0164,1784607743642,1784607789625.0,1784607789780.5715,952.984,45983.0,155.572,1784607129625.0,47091.555
ss-81-60000,1784607748689.0166,1784607748892,1784607789625.0,1784607789780.5718,202.983,40733.0,155.572,1784607129625.0,41091.555
ss-82-60000,1784607748139.028,1784607748892,1784607789625.0,1784607789780.5723,752.972,40733.0,155.572,1784607129625.0,41641.544
ss-83-60000,1784607745489.0254,1784607745741,1784607789625.0,1784607789780.575,251.975,43884.0,155.575,1784607129625.0,44291.55
ss-84-60000,1784607744189.0234,1784607744691,1784607789625.0,1784607789780.5754,501.977,44934.0,155.575,1784607129625.0,45591.552
ss-85-60000,1784607745689.0334,1784607745741,1784607789625.0,1784607789780.5757,51.967,43884.0,155.576,1784607129625.0,44091.542
ss-86-60000,1784607741689.0088,1784607742591,1784607789625.0,1784607789780.5762,901.991,47034.0,155.576,1784607129625.0,48091.567
ss-87-60000,1784607748039.0203,1784607748892,1784607789625.0,1784607789780.5767,852.98,40733.0,155.577,1784607129625.0,41741.556
ss-88-60000,1784607741639.0234,1784607742591,1784607789626.0,1784607789780.577,951.977,47035.0,154.577,1784607129626.0,48141.553
ss-89-60000,1784607748739.0173,1784607748892,1784607789626.0,1784607789780.5776,152.983,40734.0,154.578,1784607129626.0,41041.56
ss-9-60000,1784607748839.0183,1784607748892,1784607789626.0,1784607789780.578,52.982,40734.0,154.578,1784607129626.0,40941.56
ss-90-60000,1784607747489.025,1784607747841,1784607789626.0,1784607789780.5784,351.975,41785.0,154.578,1784607129626.0,42291.553
ss-91-60000,1784607748539.0217,1784607748892,1784607789626.0,1784607789780.5786,352.978,40734.0,154.579,1784607129626.0,41241.557
ss-92-60000,1784607748089.0278,1784607748892,1784607789626.0,1784607789780.579,802.972,40734.0,154.579,1784607129626.0,41691.551
ss-93-60000,1784607744889.0276,1784607745741,1784607789626.0,1784607789780.5793,851.972,43885.0,154.579,1784607129626.0,44891.552
ss-94-60000,1784607745439.0269,1784607745741,1784607789626.0,1784607789780.5798,301.973,43885.0,154.58,1784607129626.0,44341.553
ss-95-60000,1784607741289.0193,1784607741541,1784607789626.0,1784607789780.58,251.981,48085.0,154.58,1784607129626.0,48491.561
ss-96-60000,1784607744989.03,1784607745741,1784607789626.0,1784607789780.5803,751.97,43885.0,154.58,1784607129626.0,44791.55
ss-97-60000,1784607748189.025,1784607748892,1784607789626.0,1784607789780.5808,702.975,40734.0,154.581,1784607129626.0,41591.556
ss-98-60000,1784607740989.0305,1784607741541,1784607789626.0,1784607789780.581,551.969,48085.0,154.581,1784607129626.0,48791.551
ss-99-60000,1784607733839.0447,1784607734191,1784607789626.0,1784607789780.5813,351.955,55435.0,154.581,1784607129626.0,55941.537
ss-0-120000,1784607773539.0286,1784607774091,1784607789643.0,1784607789780.582,551.971,15552.0,137.582,1784607069643.0,16241.553
ss-1-120000,1784607767889.012,1784607768841,1784607789643.0,1784607789780.5825,951.988,20802.0,137.583,1784607069643.0,21891.571
ss-10-120000,1784607774239.0266,1784607775142,1784607789643.0,1784607789780.583,902.973,14501.0,137.583,1784607069643.0,15541.556
ss-11-120000,1784607773239.037,1784607774091,1784607789643.0,1784607789780.5867,851.963,15552.0,137.587,1784607069643.0,16541.55
ss-12-120000,1784607774439.0251,1784607775142,1784607789643.0,1784607789780.5872,702.975,14501.0,137.587,1784607069643.0,15341.562
ss-13-120000,1784607778939.0266,1784607779342,1784607789643.0,1784607789780.5898,402.973,10301.0,137.59,1784607069643.0,10841.563
ss-14-120000,1784607774139.029,1784607775142,1784607789643.0,1784607789780.5903,1002.971,14501.0,137.59,1784607069643.0,15641.561
ss-15-120000,1784607778039.0273,1784607778291,1784607789643.0,1784607789780.5908,251.973,11352.0,137.591,1784607069643.0,11741.563
ss-16-120000,1784607772139.0254,1784607773041,1784607789643.0,1784607789780.591,901.975,16602.0,137.591,1784607069643.0,17641.566
ss-17-120000,1784607766739.029,1784607766742,1784607789643.0,1784607789780.5918,2.971,22901.0,137.592,1784607069643.0,23041.563
ss-18-120000,1784607777339.019,1784607778291,1784607789643.0,1784607789780.6013,951.981,11352.0,137.601,1784607069643.0,12441.582
ss-19-120000,1784607776639.0244,1784607777242,1784607789643.0,1784607789780.6018,602.976,12401.0,137.602,1784607069643.0,13141.577
ss-2-120000,1784607772389.028,1784607773041,1784607789643.0,1784607789780.6023,651.972,16602.0,137.602,1784607069643.0,17391.574
ss-20-120000,1784607778389.0251,1784607779342,1784607789643.0,1784607789780.6035,952.975,10301.0,137.604,1784607069643.0,11391.578
ss-21-120000,1784607776489.0251,1784607777242,1784607789644.0,1784607789780.604,752.975,12402.0,136.604,1784607069644.0,13291.579
ss-22-120000,1784607765339.0134,1784607765691,1784607789644.0,1784607789780.6045,351.987,23953.0,136.604,1784607069644.0,24441.591
ss-23-120000,1784607778689.0288,1784607779342,1784607789644.0,1784607789780.6047,652.971,10302.0,136.605,1784607069644.0,11091.576
ss-24-120000,1784607776389.031,1784607777242,1784607789644.0,1784607789780.605,852.969,12402.0,136.605,1784607069644.0,13391.574
ss-25-120000,1784607779139.0264,1784607779342,1784607789644.0,1784607789780.6055,202.974,10302.0,136.605,1784607069644.0,10641.579
ss-26-120000,1784607776939.0461,1784607777242,1784607789644.0,1784607789780.6057,302.954,12402.0,136.606,1784607069644.0,12841.56
ss-27-120000,1784607779039.0234,1784607779342,1784607789644.0,1784607789780.6062,302.977,10302.0,136.606,1784607069644.0,10741.583
ss-28-120000,1784607777189.026,1784607777242,1784607789644.0,1784607789780.6064,52.974,12402.0,136.606,1784607069644.0,12591.581
ss-29-120000,1784607777939.0356,1784607778291,1784607789644.0,1784607789780.607,351.964,11353.0,136.607,1784607069644.0,11841.571
ss-3-120000,1784607771039.0188,1784607771991,1784607789644.0,1784607789780.6072,951.981,17653.0,136.607,1784607069644.0,18741.588
ss-30-120000,1784607769739.023,1784607769891,1784607789644.0,1784607789780.6074,151.977,19753.0,136.607,1784607069644.0,20041.584
ss-31-120000,1784607776139.0269,1784607776191,1784607789644.0,1784607789780.608,51.973,13453.0,136.608,1784607069644.0,13641.581
ss-32-120000,1784607778989.0244,1784607779342,1784607789644.0,1784607789780.6082,352.976,10302.0,136.608,1784607069644.0,10791.584
ss-33-120000,1784607778139.0286,1784607778291,1784607789644.0,1784607789780.6091,151.971,11353.0,136.609,1784607069644.0,11641.581
ss-34-120000,1784607775939.0283,1784607776191,1784607789644.0,1784607789780.6096,251.972,13453.0,136.61,1784607069644.0,13841.581
ss-35-120000,1784607776789.0237,1784607777242,1784607789644.0,1784607789783.4448,452.976,12402.0,139.445,1784607069644.0,12994.421
ss-36-120000,1784607773439.025,1784607774091,1784607789645.0,1784607789783.448,651.975,15554.0,138.448,1784607069645.0,16344.423
ss-37-120000,1784607756889.0344,1784607757291,1784607789645.0,1784607789783.4485,401.966,32354.0,138.448,1784607069645.0,32894.414
ss-38-120000,1784607776739.0251,1784607777242,1784607789645.0,1784607789783.449,502.975,12403.0,138.449,1784607069645.0,13044.424
ss-39-120000,1784607770539.0212,1784607770941,1784607789645.0,1784607789783.4626,401.979,18704.0,138.463,1784607069645.0,19244.441
ss-4-120000,1784607777039.0286,1784607777242,1784607789645.0,1784607789783.4717,202.971,12403.0,138.472,1784607069645.0,12744.443
ss-40-120000,1784607772289.0222,1784607773041,1784607789645.0,1784607789783.4724,751.978,16604.0,138.472,1784607069645.0,17494.45
ss-41-120000,1784607776339.0222,1784607777242,1784607789645.0,1784607789783.4734,902.978,12403.0,138.473,1784607069645.0,13444.451
ss-42-120000,1784607775739.027,1784607776191,1784607789645.0,1784607789783.4783,451.973,13454.0,138.478,1784607069645.0,14044.451
ss-43-120000,1784607757639.0203,1784607758340,1784607789645.0,1784607789783.4785,700.98,31305.0,138.479,1784607069645.0,32144.458
ss-44-120000,1784607779189.022,1784607779342,1784607789645.0,1784607789783.479,152.978,10303.0,138.479,1784607069645.0,10594.457
ss-45-120000,1784607758939.0251,1784607759391,1784607789645.0,1784607789783.4834,451.975,30254.0,138.483,1784607069645.0,30844.458
ss-46-120000,1784607771439.0286,1784607771991,1784607789645.0,1784607789783.4844,551.971,17654.0,138.484,1784607069645.0,18344.456
ss-47-120000,1784607774689.0278,1784607775142,1784607789645.0,1784607789783.4849,452.972,14503.0,138.485,1784607069645.0,15094.457
ss-48-120000,1784607770039.0293,1784607770941,1784607789645.0,1784607789783.5918,901.971,18704.0,138.592,1784607069645.0,19744.562
ss-49-120000,1784607778839.0251,1784607779342,1784607789645.0,1784607789783.5923,502.975,10303.0,138.592,1784607069645.0,10944.567
ss-5-120000,1784607771089.0227,1784607771991,1784607789645.0,1784607789783.5925,901.977,17654.0,138.593,1784607069645.0,18694.57
ss-50-120000,1784607774489.0251,1784607775142,1784607789646.0,1784607789783.598,652.975,14504.0,137.598,1784607069646.0,15294.573
ss-51-120000,1784607778289.0234,1784607778291,1784607789646.0,1784607789783.661,1.977,11355.0,137.661,1784607069646.0,11494.637
ss-52-120000,1784607778589.028,1784607779342,1784607789646.0,1784607789783.6619,752.972,10304.0,137.662,1784607069646.0,11194.634
ss-53-120000,1784607778239.0247,1784607778291,1784607789646.0,1784607789783.6636,51.975,11355.0,137.664,1784607069646.0,11544.639
ss-54-120000,1784607778439.0286,1784607779342,1784607789646.0,1784607789783.664,902.971,10304.0,137.664,1784607069646.0,11344.635
ss-55-120000,1784607778088.9956,1784607778291,1784607789646.0,1784607789783.6646,202.004,11355.0,137.665,1784607069646.0,11694.669
ss-56-120000,1784607767389.0225,1784607767791,1784607789646.0,1784607789783.665,401.978,21855.0,137.665,1784607069646.0,22394.643
ss-57-120000,1784607775389.029,1784607776191,1784607789646.0,1784607789783.6658,801.971,13455.0,137.666,1784607069646.0,14394.637
ss-58-120000,1784607778489.0261,1784607779342,1784607789646.0,1784607789783.672,852.974,10304.0,137.672,1784607069646.0,11294.646
ss-59-120000,1784607777289.0227,1784607778291,1784607789647.0,1784607789783.6729,1001.977,11356.0,136.673,1784607069647.0,12494.65
ss-6-120000,1784607769239.012,1784607769891,1784607789647.0,1784607789783.673,651.988,19756.0,136.673,1784607069647.0,20544.661
ss-60-120000,1784607772739.0232,1784607773041,1784607789647.0,1784607789783.6736,301.977,16606.0,136.674,1784607069647.0,17044.65
ss-61-120000,1784607772089.0208,1784607773041,1784607789647.0,1784607789783.674,951.979,16606.0,136.674,1784607069647.0,17694.653
ss-62-120000,1784607778889.0286,1784607779342,1784607789647.0,1784607789783.6746,452.971,10305.0,136.675,1784607069647.0,10894.646
ss-63-120000,1784607774089.0225,1784607774091,1784607789647.0,1784607789783.681,1.978,15556.0,136.681,1784607069647.0,15694.658
ss-64-120000,1784607775889.0247,1784607776191,1784607789647.0,1784607789783.6814,301.975,13456.0,136.681,1784607069647.0,13894.657
ss-65-120000,1784607773839.0298,1784607774091,1784607789647.0,1784607789783.6865,251.97,15556.0,136.687,1784607069647.0,15944.657
ss-66-120000,1784607776239.0276,1784607777242,1784607789647.0,1784607789783.6868,1002.972,12405.0,136.687,1784607069647.0,13544.659
ss-67-120000,1784607773389.0273,1784607774091,1784607789647.0,1784607789783.6873,701.973,15556.0,136.687,1784607069647.0,16394.66
ss-68-120000,1784607775039.0205,1784607775142,1784607789647.0,1784607789783.6875,102.979,14505.0,136.688,1784607069647.0,14744.667
ss-69-120000,1784607774839.0398,1784607775142,1784607789647.0,1784607789783.6885,302.96,14505.0,136.688,1784607069647.0,14944.649
ss-7-120000,1784607767639.0178,1784607767791,1784607789648.0,1784607789783.6887,151.982,21857.0,135.689,1784607069648.0,22144.671
ss-70-120000,1784607775439.031,1784607776191,1784607789648.0,1784607789783.689,751.969,13457.0,135.689,1784607069648.0,14344.658
ss-71-120000,1784607767239.0247,1784607767791,1784607789648.0,1784607789783.6914,551.975,21857.0,135.691,1784607069648.0,22544.667
ss-72-120000,1784607766289.024,1784607766742,1784607789648.0,1784607789783.692,452.976,22906.0,135.692,1784607069648.0,23494.668
ss-73-120000,1784607777589.0256,1784607778291,1784607789648.0,1784607789783.6921,701.974,11357.0,135.692,1784607069648.0,12194.667
ss-74-120000,1784607765589.0178,1784607765691,1784607789648.0,1784607789783.6926,101.982,23957.0,135.693,1784607069648.0,24194.675
ss-75-120000,1784607771389.0312,1784607771991,1784607789648.0,1784607789783.693,601.969,17657.0,135.693,1784607069648.0,18394.662
ss-76-120000,1784607769989.0244,1784607770941,1784607789648.0,1784607789783.6978,951.976,18707.0,135.698,1784607069648.0,19794.673
ss-77-120000,1784607777389.0251,1784607778291,1784607789648.0,1784607789783.698,901.975,11357.0,135.698,1784607069648.0,12394.673
ss-78-120000,1784607768289.0344,1784607768841,1784607789648.0,1784607789783.746,551.966,20807.0,135.746,1784607069648.0,21494.712
ss-79-120000,1784607778539.0264,1784607779342,1784607789648.0,1784607789783.747,802.974,10306.0,135.747,1784607069648.0,11244.721
ss-8-120000,1784607771339.026,1784607771991,1784607789648.0,1784607789783.7476,651.974,17657.0,135.748,1784607069648.0,18444.722
ss-80-120000,1784607777239.0227,1784607777242,1784607789648.0,1784607789783.748,2.977,12406.0,135.748,1784607069648.0,12544.725
ss-81-120000,1784607774189.022,1784607775142,1784607789648.0,1784607789783.7485,952.978,14506.0,135.749,1784607069648.0,15594.727
ss-82-120000,1784607775789.026,1784607776191,1784607789648.0,1784607789783.749,401.974,13457.0,135.749,1784607069648.0,13994.723
ss-83-120000,1784607778739.0244,1784607779342,1784607789648.0,1784607789783.7551,602.976,10306.0,135.755,1784607069648.0,11044.731
ss-84-120000,1784607776539.022,1784607777242,1784607789648.0,1784607789783.7556,702.978,12406.0,135.756,1784607069648.0,13244.734
ss-85-120000,1784607771539.0269,1784607771991,1784607789649.0,1784607789783.8135,451.973,17658.0,134.813,1784607069649.0,18244.787
ss-86-120000,1784607778639.0266,1784607779342,1784607789649.0,1784607789783.8142,702.973,10307.0,134.814,1784607069649.0,11144.788
ss-87-120000,1784607769389.025,1784607769891,1784607789649.0,1784607789783.8145,501.975,19758.0,134.814,1784607069649.0,20394.79
ss-88-120000,1784607775589.026,1784607776191,1784607789649.0,1784607789783.8147,601.974,13458.0,134.815,1784607069649.0,14194.789
ss-89-120000,1784607778189.021,1784607778291,1784607789649.0,1784607789783.815,101.979,11358.0,134.815,1784607069649.0,11594.794
ss-9-120000,1784607770689.0105,1784607770941,1784607789649.0,1784607789783.8152,251.99,18708.0,134.815,1784607069649.0,19094.805
ss-90-120000,1784607773089.025,1784607774091,1784607789649.0,1784607789783.8154,1001.975,15558.0,134.815,1784607069649.0,16694.791
ss-91-120000,1784607779089.024,1784607779342,1784607789649.0,1784607789783.892,252.976,10307.0,134.892,1784607069649.0,10694.868
ss-92-120000,1784607777789.023,1784607778291,1784607789649.0,1784607789783.8928,501.977,11358.0,134.893,1784607069649.0,11994.87
ss-93-120000,1784607776439.025,1784607777242,1784607789649.0,1784607789783.8933,802.975,12407.0,134.893,1784607069649.0,13344.868
ss-94-120000,1784607777489.0266,1784607778291,1784607789649.0,1784607789783.8938,801.973,11358.0,134.894,1784607069649.0,12294.867
ss-95-120000,1784607777639.022,1784607778291,1784607789649.0,1784607789783.8943,651.978,11358.0,134.894,1784607069649.0,12144.872
ss-96-120000,1784607775989.0261,1784607776191,1784607789649.0,1784607789783.8945,201.974,13458.0,134.895,1784607069649.0,13794.868
ss-97-120000,1784607765239.0112,1784607765691,1784607789649.0,1784607789783.9338,451.989,23958.0,134.934,1784607069649.0,24544.923
ss-98-120000,1784607772989.0283,1784607773041,1784607789649.0,1784607789783.9348,51.972,16608.0,134.935,1784607069649.0,16794.906
ss-99-120000,1784607778789.024,1784607779342,1784607789650.0,1784607789783.9402,552.976,10308.0,133.94,1784607069650.0,10994.916
ss-0-180000,1784607802089.026,1784607802441,1784607811750.0,1784607811784.5166,351.974,9309.0,34.517,1784607031750.0,9695.491
ss-1-180000,1784607808139.0264,1784607808741,1784607811750.0,1784607811784.523,601.974,3009.0,34.523,1784607031750.0,3645.497
ss-10-180000,1784607800639.0242,1784607801391,1784607811750.0,1784607811784.542,751.976,10359.0,34.542,1784607031750.0,11145.518
ss-11-180000,1784607807289.028,1784607807691,1784607811751.0,1784607811784.5437,401.972,4060.0,33.544,1784607031751.0,4495.516
ss-12-180000,1784607806289.0254,1784607806641,1784607811751.0,1784607811784.5447,351.975,5110.0,33.545,1784607031751.0,5495.519
ss-13-180000,1784607808939.0352,1784607809791,1784607811751.0,1784607811784.5579,851.965,1960.0,33.558,1784607031751.0,2845.523
ss-14-180000,1784607806539.028,1784607806641,1784607811751.0,1784607811784.5588,101.972,5110.0,33.559,1784607031751.0,5245.531
ss-15-180000,1784607806989.0217,1784607807691,1784607811751.0,1784607811784.5598,701.978,4060.0,33.56,1784607031751.0,4795.538
ss-16-180000,1784607807039.0247,1784607807691,1784607811751.0,1784607811784.5603,651.975,4060.0,33.56,1784607031751.0,4745.536
ss-17-180000,1784607805739.0188,1784607806641,1784607811751.0,1784607811784.5608,901.981,5110.0,33.561,1784607031751.0,6045.542
ss-18-180000,1784607806939.0225,1784607807691,1784607811751.0,1784607811784.5615,751.978,4060.0,33.562,1784607031751.0,4845.539
ss-19-180000,1784607809089.0315,1784607809791,1784607811751.0,1784607811784.5625,701.969,1960.0,33.562,1784607031751.0,2695.531
ss-2-180000,1784607808539.028,1784607808741,1784607811751.0,1784607811784.563,201.972,3010.0,33.563,1784607031751.0,3245.535
ss-20-180000,1784607801939.0205,1784607802441,1784607811751.0,1784607811784.5693,501.979,9310.0,33.569,1784607031751.0,9845.549
ss-21-180000,1784607806639.0295,1784607806641,1784607811751.0,1784607811784.5698,1.97,5110.0,33.57,1784607031751.0,5145.54
ss-22-180000,1784607803739.0251,1784607804541,1784607811751.0,1784607811784.6367,801.975,7210.0,33.637,1784607031751.0,8045.612
ss-23-180000,1784607800439.0242,1784607801391,1784607811751.0,1784607811784.6387,951.976,10360.0,33.639,1784607031751.0,11345.615
ss-24-180000,1784607803339.0261,1784607803491,1784607811751.0,1784607811784.6396,151.974,8260.0,33.64,1784607031751.0,8445.614
ss-25-180000,1784607800589.0256,1784607801391,1784607811752.0,1784607811784.6404,801.974,10361.0,32.64,1784607031752.0,11195.615
ss-26-180000,1784607800889.0303,1784607801391,1784607811752.0,1784607811784.651,501.97,10361.0,32.651,1784607031752.0,10895.621
ss-27-180000,1784607808439.0227,1784607808741,1784607811752.0,1784607811784.6738,301.977,3011.0,32.674,1784607031752.0,3345.651
ss-28-180000,1784607808989.0347,1784607809791,1784607811752.0,1784607811784.6748,801.965,1961.0,32.675,1784607031752.0,2795.64
ss-29-180000,1784607804189.029,1784607804541,1784607811752.0,1784607811784.6755,351.971,7211.0,32.676,1784607031752.0,7595.646
ss-3-180000,1784607803189.023,1784607803491,1784607811752.0,1784607811784.6763,301.977,8261.0,32.676,1784607031752.0,8595.653
ss-30-180000,1784607808239.0276,1784607808741,1784607811752.0,1784607811784.7761,501.972,3011.0,32.776,1784607031752.0,3545.749
ss-31-180000,1784607807889.026,1784607808741,1784607811752.0,1784607811784.777,851.974,3011.0,32.777,1784607031752.0,3895.751
ss-32-180000,1784607799439.0295,1784607800341,1784607811752.0,1784607811784.7832,901.97,11411.0,32.783,1784607031752.0,12345.754
ss-33-180000,1784607799589.0227,1784607800341,1784607811752.0,1784607811784.7844,751.977,11411.0,32.784,1784607031752.0,12195.762
ss-34-180000,1784607806789.0269,1784607807691,1784607811752.0,1784607811784.7888,901.973,4061.0,32.789,1784607031752.0,4995.762
ss-35-180000,1784607800839.0322,1784607801391,1784607811752.0,1784607811784.7961,551.968,10361.0,32.796,1784607031752.0,10945.764
ss-36-180000,1784607808389.0266,1784607808741,1784607811752.0,1784607811784.7966,351.973,3011.0,32.797,1784607031752.0,3395.77
ss-37-180000,1784607807089.0293,1784607807691,1784607811752.0,1784607811784.797,601.971,4061.0,32.797,1784607031752.0,4695.768
ss-38-180000,1784607787889.0225,1784607788792,1784607811752.0,1784607811784.8013,902.978,22960.0,32.801,1784607031752.0,23895.779
ss-39-180000,1784607807839.0264,1784607808741,1784607811752.0,1784607811784.8237,901.974,3011.0,32.824,1784607031752.0,3945.797
ss-4-180000,1784607806239.024,1784607806641,1784607811752.0,1784607811784.8281,401.976,5111.0,32.828,1784607031752.0,5545.804
ss-40-180000,1784607799039.031,1784607799291,1784607811752.0,1784607811784.882,251.969,12461.0,32.882,1784607031752.0,12745.851
ss-41-180000,1784607805139.0273,1784607805591,1784607811752.0,1784607811784.8875,451.973,6161.0,32.887,1784607031752.0,6645.86
ss-42-180000,1784607804839.0232,1784607805591,1784607811752.0,1784607811784.8882,751.977,6161.0,32.888,1784607031752.0,6945.865
ss-43-180000,1784607809139.0295,1784607809791,1784607811752.0,1784607811784.889,651.97,1961.0,32.889,1784607031752.0,2645.859
ss-44-180000,1784607808689.0347,1784607808741,1784607811752.0,1784607811784.9636,51.965,3011.0,32.964,1784607031752.0,3095.929
ss-45-180000,1784607809189.0305,1784607809791,1784607811752.0,1784607811784.964,601.969,1961.0,32.964,1784607031752.0,2595.934
ss-46-180000,1784607807639.0264,1784607807691,1784607811753.0,1784607811785.146,51.974,4062.0,32.146,1784607031753.0,4146.12
ss-47-180000,1784607801989.024,1784607802441,1784607811753.0,1784607811785.15,451.976,9312.0,32.15,1784607031753.0,9796.126
ss-48-180000,1784607802489.0215,1784607803491,1784607811753.0,1784607811785.1619,1001.979,8262.0,32.162,1784607031753.0,9296.14
ss-49-180000,1784607808039.0293,1784607808741,1784607811753.0,1784607811785.1636,701.971,3012.0,32.164,1784607031753.0,3746.134
ss-5-180000,1784607806489.026,1784607806641,1784607811753.0,1784607811785.165,151.974,5112.0,32.165,1784607031753.0,5296.139
ss-50-180000,1784607805789.023,1784607806641,1784607811753.0,1784607811785.166,851.977,5112.0,32.166,1784607031753.0,5996.143
ss-51-180000,1784607805039.0225,1784607805591,1784607811753.0,1784607811785.167,551.978,6162.0,32.167,1784607031753.0,6746.145
ss-52-180000,1784607807139.0273,1784607807691,1784607811753.0,1784607811785.1685,551.973,4062.0,32.168,1784607031753.0,4646.141
ss-53-180000,1784607799739.0295,1784607800341,1784607811753.0,1784607811785.17,601.97,11412.0,32.17,1784607031753.0,12046.14
ss-54-180000,1784607805339.0247,1784607805591,1784607811753.0,1784607811785.171,251.975,6162.0,32.171,1784607031753.0,6446.146
ss-55-180000,1784607805589.0254,1784607805591,1784607811753.0,1784607811785.1724,1.975,6162.0,32.172,1784607031753.0,6196.147
ss-56-180000,1784607808839.028,1784607809791,1784607811753.0,1784607811785.1733,951.972,1962.0,32.173,1784607031753.0,2946.145
ss-57-180000,1784607802739.0205,1784607803491,1784607811753.0,1784607811785.175,751.979,8262.0,32.175,1784607031753.0,9046.155
ss-58-180000,1784607807389.025,1784607807691,1784607811753.0,1784607811785.1763,301.975,4062.0,32.176,1784607031753.0,4396.151
ss-59-180000,1784607806839.0325,1784607807691,1784607811753.0,1784607811785.1936,851.968,4062.0,32.194,1784607031753.0,4946.161
ss-6-180000,1784607804689.0222,1784607805591,1784607811753.0,1784607811785.1946,901.978,6162.0,32.195,1784607031753.0,7096.172
ss-60-180000,1784607807789.026,1784607808741,1784607811753.0,1784607811785.4224,951.974,3012.0,32.422,1784607031753.0,3996.396
ss-61-180000,1784607799339.0256,1784607800341,1784607811753.0,1784607811785.4243,1001.974,11412.0,32.424,1784607031753.0,12446.399
ss-62-180000,1784607808339.029,1784607808741,1784607811753.0,1784607811785.4253,401.971,3012.0,32.425,1784607031753.0,3446.396
ss-63-180000,1784607801539.0308,1784607802441,1784607811753.0,1784607811785.4265,901.969,9312.0,32.427,1784607031753.0,10246.396
ss-64-180000,1784607805639.0247,1784607806641,1784607811753.0,1784607811785.4277,1001.975,5112.0,32.428,1784607031753.0,6146.403
ss-65-180000,1784607807989.0198,1784607808741,1784607811754.0,1784607811785.4285,751.98,3013.0,31.428,1784607031754.0,3796.409
ss-66-180000,1784607808789.023,1784607809791,1784607811754.0,1784607811785.4294,1001.977,1963.0,31.429,1784607031754.0,2996.406
ss-67-180000,1784607805489.0276,1784607805591,1784607811754.0,1784607811785.4302,101.972,6163.0,31.43,1784607031754.0,6296.403
ss-68-180000,1784607806889.0222,1784607807691,1784607811754.0,1784607811785.431,801.978,4063.0,31.431,1784607031754.0,4896.409
ss-69-180000,1784607807339.0254,1784607807691,1784607811754.0,1784607811785.4321,351.975,4063.0,31.432,1784607031754.0,4446.407
ss-7-180000,1784607808489.0237,1784607808741,1784607811754.0,1784607811785.4329,251.976,3013.0,31.433,1784607031754.0,3296.409
ss-70-180000,1784607808589.0237,1784607808741,1784607811754.0,1784607811785.4336,151.976,3013.0,31.434,1784607031754.0,3196.41
ss-71-180000,1784607808289.0266,1784607808741,1784607811754.0,1784607811785.4363,451.973,3013.0,31.436,1784607031754.0,3496.41
ss-72-180000,1784607804939.022,1784607805591,1784607811754.0,1784607811785.4373,651.978,6163.0,31.437,1784607031754.0,6846.415
ss-73-180000,1784607803489.0203,1784607803491,1784607811754.0,1784607811785.438,1.98,8263.0,31.438,1784607031754.0,8296.418
ss-74-180000,1784607808089.033,1784607808741,1784607811754.0,1784607811785.4387,651.967,3013.0,31.439,1784607031754.0,3696.406
ss-75-180000,1784607804139.0303,1784607804541,1784607811754.0,1784607811785.4397,401.97,7213.0,31.44,1784607031754.0,7646.409
ss-76-180000,1784607804539.0247,1784607804541,1784607811754.0,1784607811785.4404,1.975,7213.0,31.44,1784607031754.0,7246.416
ss-77-180000,1784607808639.0315,1784607808741,1784607811754.0,1784607811785.441,101.969,3013.0,31.441,1784607031754.0,3146.409
ss-78-180000,1784607807739.0278,1784607808741,1784607811754.0,1784607811785.4417,1001.972,3013.0,31.442,1784607031754.0,4046.414
ss-79-180000,1784607802989.0254,1784607803491,1784607811754.0,1784607811785.4424,501.975,8263.0,31.442,1784607031754.0,8796.417
ss-8-180000,1784607805539.02,1784607805591,1784607811754.0,1784607811785.4558,51.98,6163.0,31.456,1784607031754.0,6246.436
ss-80-180000,1784607805389.026,1784607805591,1784607811754.0,1784607811785.457,201.974,6163.0,31.457,1784607031754.0,6396.431
ss-81-180000,1784607804439.0344,1784607804541,1784607811754.0,1784607811785.4578,101.966,7213.0,31.458,1784607031754.0,7346.423
ss-82-180000,1784607805989.0247,1784607806641,1784607811754.0,1784607811785.4587,651.975,5113.0,31.459,1784607031754.0,5796.434
ss-83-180000,1784607797089.0166,1784607797191,1784607811754.0,1784607811785.4595,101.983,14563.0,31.459,1784607031754.0,14696.443
ss-84-180000,1784607808739.0222,1784607808741,1784607811754.0,1784607811785.46,1.978,3013.0,31.46,1784607031754.0,3046.438
ss-85-180000,1784607804239.0315,1784607804541,1784607811754.0,1784607811785.5457,301.969,7213.0,31.546,1784607031754.0,7546.514
ss-86-180000,1784607809039.0344,1784607809791,1784607811754.0,1784607811785.553,751.966,1963.0,31.553,1784607031754.0,2746.519
ss-87-180000,1784607805239.033,1784607805591,1784607811755.0,1784607811785.557,351.967,6164.0,30.557,1784607031755.0,6546.524
ss-88-180000,1784607807439.0254,1784607807691,1784607811755.0,1784607811785.5574,251.975,4064.0,30.557,1784607031755.0,4346.532
ss-89-180000,1784607803589.0293,1784607804541,1784607811755.0,1784607811785.8218,951.971,7214.0,30.822,1784607031755.0,8196.792
ss-9-180000,1784607798139.02,1784607798241,1784607811755.0,1784607811785.8308,101.98,13514.0,30.831,1784607031755.0,13646.811
ss-90-180000,1784607800989.034,1784607801391,1784607811755.0,1784607811785.836,401.966,10364.0,30.836,1784607031755.0,10796.802
ss-91-180000,1784607802439.03,1784607802441,1784607811755.0,1784607811785.837,1.97,9314.0,30.837,1784607031755.0,9346.807
ss-92-180000,1784607801289.0234,1784607801391,1784607811755.0,1784607811785.8376,101.977,10364.0,30.838,1784607031755.0,10496.814
ss-93-180000,1784607802689.018,1784607803491,1784607811755.0,1784607811785.839,801.982,8264.0,30.839,1784607031755.0,9096.821
ss-94-180000,1784607808889.0312,1784607809791,1784607811755.0,1784607811785.8398,901.969,1964.0,30.84,1784607031755.0,2896.809
ss-95-180000,1784607797889.0222,1784607798241,1784607811755.0,1784607811785.8406,351.978,13514.0,30.841,1784607031755.0,13896.818
ss-96-180000,1784607802539.03,1784607803491,1784607811755.0,1784607811785.8416,951.97,8264.0,30.842,1784607031755.0,9246.812
ss-97-180000,1784607803939.026,1784607804541,1784607811755.0,1784607811785.8752,601.974,7214.0,30.875,1784607031755.0,7846.849
ss-98-180000,1784607800489.0254,1784607801391,1784607811755.0,1784607811785.8762,901.975,10364.0,30.876,1784607031755.0,11296.851
ss-99-180000,1784607797939.0273,1784607798241,1784607811755.0,1784607811785.8772,301.973,13514.0,30.877,1784607031755.0,13846.85
ss-0-240000,1784607816289.0273,1784607817140,1784607821240.0,1784607821324.4634,850.973,4100.0,84.463,1784606981240.0,5035.436
ss-1-240000,1784607815189.0293,1784607816090,1784607821240.0,1784607821324.4656,900.971,5150.0,84.466,1784606981240.0,6135.436
ss-10-240000,1784607800639.0242,1784607801391,1784607821240.0,1784607821324.4663,751.976,19849.0,84.466,1784606981240.0,20685.442
ss-11-240000,1784607818039.0242,1784607818190,1784607821240.0,1784607821324.4673,150.976,3050.0,84.467,1784606981240.0,3285.443
ss-12-240000,1784607815539.0217,1784607816090,1784607821240.0,1784607821324.4688,550.978,5150.0,84.469,1784606981240.0,5785.447
ss-13-240000,1784607809839.0354,1784607810841,1784607821240.0,1784607821324.4778,1001.965,10399.0,84.478,1784606981240.0,11485.442
ss-14-240000,1784607817239.0247,1784607818190,1784607821240.0,1784607821324.4893,950.975,3050.0,84.489,1784606981240.0,4085.465
ss-15-240000,1784607817489.0295,1784607818190,1784607821241.0,1784607821324.49,700.97,3051.0,83.49,1784606981241.0,3835.46
ss-16-240000,1784607818739.0242,1784607819241,1784607821241.0,1784607821324.4902,501.976,2000.0,83.49,1784606981241.0,2585.466
ss-17-240000,1784607805739.0188,1784607806641,1784607821241.0,1784607821324.492,901.981,14600.0,83.492,1784606981241.0,15585.473
ss-18-240000,1784607814739.0154,1784607815041,1784607821241.0,1784607821324.4924,301.985,6200.0,83.492,1784606981241.0,6585.477
ss-19-240000,1784607817939.0237,1784607818190,1784607821241.0,1784607821324.4927,250.976,3051.0,83.493,1784606981241.0,3385.469
ss-2-240000,1784607816889.0305,1784607817140,1784607821241.0,1784607821324.493,250.969,4101.0,83.493,1784606981241.0,4435.462
ss-20-240000,1784607816139.025,1784607817140,1784607821241.0,1784607821324.4934,1000.975,4101.0,83.493,1784606981241.0,5185.469
ss-21-240000,1784607815439.0183,1784607816090,1784607821241.0,1784607821324.4937,650.982,5151.0,83.494,1784606981241.0,5885.475
ss-22-240000,1784607816989.0261,1784607817140,1784607821241.0,1784607821324.4946,150.974,4101.0,83.495,1784606981241.0,4335.469
ss-23-240000,1784607817089.0256,1784607817140,1784607821241.0,1784607821324.4949,50.974,4101.0,83.495,1784606981241.0,4235.469
ss-24-240000,1784607817639.022,1784607818190,1784607821241.0,1784607821324.5005,550.978,3051.0,83.5,1784606981241.0,3685.479
ss-25-240000,1784607814639.0247,1784607815041,1784607821241.0,1784607821324.5444,401.975,6200.0,83.544,1784606981241.0,6685.52
ss-26-240000,1784607818639.0288,1784607819241,1784607821241.0,1784607821324.6702,601.971,2000.0,83.67,1784606981241.0,2685.641
ss-27-240000,1784607819089.0288,1784607819241,1784607821241.0,1784607821324.6804,151.971,2000.0,83.68,1784606981241.0,2235.652
ss-28-240000,1784607816089.0215,1784607816090,1784607821241.0,1784607821324.6812,0.979,5151.0,83.681,1784606981241.0,5235.66
ss-29-240000,1784607812239.0254,1784607812941,1784607821241.0,1784607821324.6816,701.975,8300.0,83.682,1784606981241.0,9085.656
ss-3-240000,1784607814889.0208,1784607815041,1784607821241.0,1784607821324.6826,151.979,6200.0,83.683,1784606981241.0,6435.662
ss-30-240000,1784607818239.0269,1784607819241,1784607821241.0,1784607821324.6833,1001.973,2000.0,83.683,1784606981241.0,3085.656
ss-31-240000,1784607818989.0295,1784607819241,1784607821241.0,1784607821324.6958,251.97,2000.0,83.696,1784606981241.0,2335.666
ss-32-240000,1784607816439.0234,1784607817140,1784607821241.0,1784607821324.6963,700.977,4101.0,83.696,1784606981241.0,4885.673
ss-33-240000,1784607799589.0227,1784607800341,1784607821241.0,1784607821324.697,751.977,20900.0,83.697,1784606981241.0,21735.674
ss-34-240000,1784607818089.028,1784607818190,1784607821241.0,1784607821324.6975,100.972,3051.0,83.698,1784606981241.0,3235.669
ss-35-240000,1784607810189.029,1784607810841,1784607821241.0,1784607821324.6978,651.971,10400.0,83.698,1784606981241.0,11135.669
ss-36-240000,1784607817689.0256,1784607818190,1784607821241.0,1784607821324.699,500.974,3051.0,83.699,1784606981241.0,3635.673
ss-37-240000,1784607817139.0173,1784607817140,1784607821241.0,1784607821324.6992,0.983,4101.0,83.699,1784606981241.0,4185.682
ss-38-240000,1784607818539.029,1784607819241,1784607821241.0,1784607821324.7043,701.971,2000.0,83.704,1784606981241.0,2785.675
ss-39-240000,1784607812989.023,1784607813991,1784607821241.0,1784607821324.7048,1001.977,7250.0,83.705,1784606981241.0,8335.682
ss-4-240000,1784607817789.0244,1784607818190,1784607821241.0,1784607821324.7053,400.976,3051.0,83.705,1784606981241.0,3535.681
ss-40-240000,1784607799039.031,1784607799291,1784607821241.0,1784607821324.7058,251.969,21950.0,83.706,1784606981241.0,22285.675
ss-41-240000,1784607815289.023,1784607816090,1784607821241.0,1784607821324.7292,800.977,5151.0,83.729,1784606981241.0,6035.706
ss-42-240000,1784607811189.031,1784607811891,1784607821241.0,1784607821324.73,701.969,9350.0,83.73,1784606981241.0,10135.699
ss-43-240000,1784607817889.024,1784607818190,1784607821241.0,1784607821324.7305,300.976,3051.0,83.73,1784606981241.0,3435.707
ss-44-240000,1784607817539.0242,1784607818190,1784607821242.0,1784607821324.745,650.976,3052.0,82.745,1784606981242.0,3785.721
ss-45-240000,1784607817039.0269,1784607817140,1784607821242.0,1784607821324.7903,100.973,4102.0,82.79,1784606981242.0,4285.763
ss-46-240000,1784607812939.028,1784607812941,1784607821242.0,1784607821324.7913,1.972,8301.0,82.791,1784606981242.0,8385.763
ss-47-240000,1784607818939.0217,1784607819241,1784607821242.0,1784607821324.7917,301.978,2001.0,82.792,1784606981242.0,2385.77
ss-48-240000,1784607802489.0215,1784607803491,1784607821242.0,1784607821324.792,1001.979,17751.0,82.792,1784606981242.0,18835.771
ss-49-240000,1784607817339.0283,1784607818190,1784607821242.0,1784607821324.796,850.972,3052.0,82.796,1784606981242.0,3985.768
ss-5-240000,1784607815939.0273,1784607816090,1784607821242.0,1784607821324.7998,150.973,5152.0,82.8,1784606981242.0,5385.772
ss-50-240000,1784607815839.0247,1784607816090,1784607821242.0,1784607821324.8,250.975,5152.0,82.8,1784606981242.0,5485.775
ss-51-240000,1784607818389.0264,1784607819241,1784607821242.0,1784607821324.8005,851.974,2001.0,82.801,1784606981242.0,2935.774
ss-52-240000,1784607816739.0286,1784607817140,1784607821242.0,1784607821324.8792,400.971,4102.0,82.879,1784606981242.0,4585.851
ss-53-240000,1784607816389.0247,1784607817140,1784607821242.0,1784607821324.8804,750.975,4102.0,82.88,1784606981242.0,4935.856
ss-54-240000,1784607811389.0251,1784607811891,1784607821242.0,1784607821324.8813,501.975,9351.0,82.881,1784606981242.0,9935.856
ss-55-240000,1784607815089.0173,1784607816090,1784607821242.0,1784607821324.8865,1000.983,5152.0,82.886,1784606981242.0,6235.869
ss-56-240000,1784607818889.0295,1784607819241,1784607821242.0,1784607821324.8872,351.97,2001.0,82.887,1784606981242.0,2435.858
ss-57-240000,1784607818689.0222,1784607819241,1784607821242.0,1784607821324.894,551.978,2001.0,82.894,1784606981242.0,2635.872
ss-58-240000,1784607816339.0386,1784607817140,1784607821242.0,1784607821324.9285,800.961,4102.0,82.928,1784606981242.0,4985.89
ss-59-240000,1784607815039.0266,1784607815041,1784607821242.0,1784607821324.9294,1.973,6201.0,82.929,1784606981242.0,6285.903
ss-6-240000,1784607815989.026,1784607816090,1784607821242.0,1784607821324.93,100.974,5152.0,82.93,1784606981242.0,5335.904
ss-60-240000,1784607818589.0273,1784607819241,1784607821242.0,1784607821324.9304,651.973,2001.0,82.93,1784606981242.0,2735.903
ss-61-240000,1784607799339.0256,1784607800341,1784607821242.0,1784607821324.931,1001.974,20901.0,82.931,1784606981242.0,21985.905
ss-62-240000,1784607808339.029,1784607808741,1784607821242.0,1784607821324.9316,401.971,12501.0,82.932,1784606981242.0,12985.903
ss-63-240000,1784607816489.026,1784607817140,1784607821242.0,1784607821324.9846,650.974,4102.0,82.985,1784606981242.0,4835.959
ss-64-240000,1784607813489.024,1784607813991,1784607821242.0,1784607821324.993,501.976,7251.0,82.993,1784606981242.0,7835.969
ss-65-240000,1784607814839.0215,1784607815041,1784607821242.0,1784607821324.9946,201.979,6201.0,82.995,1784606981242.0,6485.973
ss-66-240000,1784607814989.0303,1784607815041,1784607821242.0,1784607821324.9954,51.97,6201.0,82.995,1784606981242.0,6335.965
ss-67-240000,1784607805489.0276,1784607805591,1784607821242.0,1784607821325.0002,101.972,15651.0,83.0,1784606981242.0,15835.973
ss-68-240000,1784607817289.0283,1784607818190,1784607821242.0,1784607821325.013,900.972,3052.0,83.013,1784606981242.0,4035.985
ss-69-240000,1784607807339.0254,1784607807691,1784607821243.0,1784607821325.014,351.975,13552.0,82.014,1784606981243.0,13985.989
ss-7-240000,1784607815139.013,1784607816090,1784607821243.0,1784607821325.0146,950.987,5153.0,82.015,1784606981243.0,6186.002
ss-70-240000,1784607814089.0256,1784607815041,1784607821243.0,1784607821325.0264,951.974,6202.0,82.026,1784606981243.0,7236.001
ss-71-240000,1784607817189.018,1784607818190,1784607821243.0,1784607821325.0273,1000.982,3053.0,82.027,1784606981243.0,4136.009
ss-72-240000,1784607814439.0195,1784607815041,1784607821243.0,1784607821325.0283,601.98,6202.0,82.028,1784606981243.0,6886.009
ss-73-240000,1784607812439.0227,1784607812941,1784607821243.0,1784607821325.0293,501.977,8302.0,82.029,1784606981243.0,8886.007
ss-74-240000,1784607818489.0298,1784607819241,1784607821243.0,1784607821325.0354,751.97,2002.0,82.035,1784606981243.0,2836.006
ss-75-240000,1784607816189.0212,1784607817140,1784607821243.0,1784607821325.0361,950.979,4103.0,82.036,1784606981243.0,5136.015
ss-76-240000,1784607818839.025,1784607819241,1784607821243.0,1784607821325.0415,401.975,2002.0,82.042,1784606981243.0,2486.017
ss-77-240000,1784607819039.0269,1784607819241,1784607821243.0,1784607821325.0842,201.973,2002.0,82.084,1784606981243.0,2286.057
ss-78-240000,1784607809289.034,1784607809791,1784607821243.0,1784607821325.0852,501.966,11452.0,82.085,1784606981243.0,12036.051
ss-79-240000,1784607811739.0205,1784607811891,1784607821243.0,1784607821325.086,151.979,9352.0,82.086,1784606981243.0,9586.065
ss-8-240000,1784607817439.0293,1784607818190,1784607821243.0,1784607821325.0906,750.971,3053.0,82.091,1784606981243.0,3886.061
ss-80-240000,1784607818439.0261,1784607819241,1784607821243.0,1784607821325.1365,801.974,2002.0,82.136,1784606981243.0,2886.11
ss-81-240000,1784607804439.0344,1784607804541,1784607821243.0,1784607821325.1375,101.966,16702.0,82.137,1784606981243.0,16886.103
ss-82-240000,1784607814489.024,1784607815041,1784607821243.0,1784607821325.1414,551.976,6202.0,82.141,1784606981243.0,6836.117
ss-83-240000,1784607813089.0225,1784607813991,1784607821243.0,1784607821325.145,901.978,7252.0,82.145,1784606981243.0,8236.123
ss-84-240000,1784607808739.0222,1784607808741,1784607821243.0,1784607821325.1692,1.978,12502.0,82.169,1784606981243.0,12586.147
ss-85-240000,1784607817839.024,1784607818190,1784607821243.0,1784607821325.1802,350.976,3053.0,82.18,1784606981243.0,3486.156
ss-86-240000,1784607819189.0293,1784607819241,1784607821243.0,1784607821325.1807,51.971,2002.0,82.181,1784606981243.0,2136.151
ss-87-240000,1784607811889.0232,1784607811891,1784607821243.0,1784607821325.1812,1.977,9352.0,82.181,1784606981243.0,9436.158
ss-88-240000,1784607813889.0283,1784607813991,1784607821243.0,1784607821325.2412,101.972,7252.0,82.241,1784606981243.0,7436.213
ss-89-240000,1784607803589.0293,1784607804541,1784607821243.0,1784607821325.2417,951.971,16702.0,82.242,1784606981243.0,17736.212
ss-9-240000,1784607814941.5427,1784607815041,1784607821243.0,1784607821325.246,99.457,6202.0,82.246,1784606981243.0,6383.703
ss-90-240000,1784607818789.0251,1784607819241,1784607821243.0,1784607821325.2468,451.975,2002.0,82.247,1784606981243.0,2536.222
ss-91-240000,1784607816839.0254,1784607817140,1784607821243.0,1784607821325.4194,300.975,4103.0,82.419,1784606981243.0,4486.394
ss-92-240000,1784607813839.0269,1784607813991,1784607821243.0,1784607821325.421,151.973,7252.0,82.421,1784606981243.0,7486.394
ss-93-240000,1784607802689.018,1784607803491,1784607821243.0,1784607821325.4219,801.982,17752.0,82.422,1784606981243.0,18636.404
ss-94-240000,1784607809439.031,1784607809791,1784607821243.0,1784607821325.4363,351.969,11452.0,82.436,1784606981243.0,11886.405
ss-95-240000,1784607812789.0227,1784607812941,1784607821244.0,1784607821325.437,151.977,8303.0,81.437,1784606981244.0,8536.414
ss-96-240000,1784607819139.0283,1784607819241,1784607821244.0,1784607821325.4375,101.972,2003.0,81.438,1784606981244.0,2186.409
ss-97-240000,1784607815889.0247,1784607816090,1784607821244.0,1784607821325.4382,200.975,5154.0,81.438,1784606981244.0,5436.414
ss-98-240000,1784607815239.0159,1784607816090,1784607821244.0,1784607821325.4392,850.984,5154.0,81.439,1784606981244.0,6086.423
ss-99-240000,1784607797939.0273,1784607798241,1784607821244.0,1784607821325.4397,301.973,23003.0,81.44,1784606981244.0,23386.412
ss-0-300000,1784607816289.0273,1784607817140,1784607821244.0,1784607821325.44,850.973,4104.0,81.44,1784606921244.0,5036.413
ss-1-300000,1784607815189.0293,1784607816090,1784607821244.0,1784607821325.547,900.971,5154.0,81.547,1784606921244.0,6136.518
ss-10-300000,1784607800639.0242,1784607801391,1784607821244.0,1784607821325.548,751.976,19853.0,81.548,1784606921244.0,20686.524
ss-11-300000,1784607818039.0242,1784607818190,1784607821244.0,1784607821325.5488,150.976,3054.0,81.549,1784606921244.0,3286.525
ss-12-300000,1784607815539.0217,1784607816090,1784607821244.0,1784607821325.5493,550.978,5154.0,81.549,1784606921244.0,5786.528
ss-13-300000,1784607809839.0354,1784607810841,1784607821244.0,1784607821325.5498,1001.965,10403.0,81.55,1784606921244.0,11486.514
ss-14-300000,1784607817239.0247,1784607818190,1784607821244.0,1784607821325.554,950.975,3054.0,81.554,1784606921244.0,4086.529
ss-15-300000,1784607817489.0295,1784607818190,1784607821244.0,1784607821325.7485,700.97,3054.0,81.749,1784606921244.0,3836.719
ss-16-300000,1784607818739.0242,1784607819241,1784607821244.0,1784607821325.7502,501.976,2003.0,81.75,1784606921244.0,2586.726
ss-17-300000,1784607805739.0188,1784607806641,1784607821244.0,1784607821325.7515,901.981,14603.0,81.751,1784606921244.0,15586.733
ss-18-300000,1784607814739.0154,1784607815041,1784607821244.0,1784607821325.7522,301.985,6203.0,81.752,1784606921244.0,6586.737
ss-19-300000,1784607817939.0237,1784607818190,1784607821244.0,1784607821325.753,250.976,3054.0,81.753,1784606921244.0,3386.729
ss-2-300000,1784607816889.0305,1784607817140,1784607821244.0,1784607821325.7537,250.969,4104.0,81.754,1784606921244.0,4436.723
ss-20-300000,1784607816139.025,1784607817140,1784607821244.0,1784607821325.7546,1000.975,4104.0,81.755,1784606921244.0,5186.73
ss-21-300000,1784607815439.0183,1784607816090,1784607821244.0,1784607821325.7598,650.982,5154.0,81.76,1784606921244.0,5886.741
ss-22-300000,1784607816989.0261,1784607817140,1784607821244.0,1784607821325.7607,150.974,4104.0,81.761,1784606921244.0,4336.735
ss-23-300000,1784607817089.0256,1784607817140,1784607821244.0,1784607821325.7615,50.974,4104.0,81.761,1784606921244.0,4236.736
ss-24-300000,1784607817639.022,1784607818190,1784607821244.0,1784607821325.7622,550.978,3054.0,81.762,1784606921244.0,3686.74
ss-25-300000,1784607814639.0247,1784607815041,1784607821244.0,1784607821325.7632,401.975,6203.0,81.763,1784606921244.0,6686.739
ss-26-300000,1784607818639.0288,1784607819241,1784607821244.0,1784607821325.764,601.971,2003.0,81.764,1784606921244.0,2686.735
ss-27-300000,1784607819089.0288,1784607819241,1784607821244.0,1784607821325.7686,151.971,2003.0,81.769,1784606921244.0,2236.74
ss-28-300000,1784607816089.0215,1784607816090,1784607821244.0,1784607821325.773,0.979,5154.0,81.773,1784606921244.0,5236.751
ss-29-300000,1784607812239.0254,1784607812941,1784607821244.0,1784607821325.774,701.975,8303.0,81.774,1784606921244.0,9086.749
ss-3-300000,1784607814889.0208,1784607815041,1784607821244.0,1784607821325.7778,151.979,6203.0,81.778,1784606921244.0,6436.757
ss-30-300000,1784607818239.0269,1784607819241,1784607821244.0,1784607821325.7817,1001.973,2003.0,81.782,1784606921244.0,3086.755
ss-31-300000,1784607818989.0295,1784607819241,1784607821244.0,1784607821325.826,251.97,2003.0,81.826,1784606921244.0,2336.796
ss-32-300000,1784607816439.0234,1784607817140,1784607821244.0,1784607821325.9138,700.977,4104.0,81.914,1784606921244.0,4886.89
ss-33-300000,1784607799589.0227,1784607800341,1784607821244.0,1784607821325.9165,751.977,20903.0,81.917,1784606921244.0,21736.894
ss-34-300000,1784607818089.028,1784607818190,1784607821244.0,1784607821325.9175,100.972,3054.0,81.917,1784606921244.0,3236.889
ss-35-300000,1784607810189.029,1784607810841,1784607821245.0,1784607821325.9556,651.971,10404.0,80.956,1784606921245.0,11136.927
ss-36-300000,1784607817689.0256,1784607818190,1784607821245.0,1784607821325.957,500.974,3055.0,80.957,1784606921245.0,3636.931
ss-37-300000,1784607817139.0173,1784607817140,1784607821245.0,1784607821325.9583,0.983,4105.0,80.958,1784606921245.0,4186.941
ss-38-300000,1784607818539.029,1784607819241,1784607821245.0,1784607821325.9597,701.971,2004.0,80.96,1784606921245.0,2786.931
ss-39-300000,1784607812989.023,1784607813991,1784607821245.0,1784607821325.9607,1001.977,7254.0,80.961,1784606921245.0,8336.938
ss-4-300000,1784607817789.0244,1784607818190,1784607821245.0,1784607821325.9617,400.976,3055.0,80.962,1784606921245.0,3536.937
ss-40-300000,1784607799039.031,1784607799291,1784607821245.0,1784607821325.9624,251.969,21954.0,80.962,1784606921245.0,22286.931
ss-41-300000,1784607815289.023,1784607816090,1784607821245.0,1784607821325.9634,800.977,5155.0,80.963,1784606921245.0,6036.94
ss-42-300000,1784607811189.031,1784607811891,1784607821245.0,1784607821325.972,701.969,9354.0,80.972,1784606921245.0,10136.941
ss-43-300000,1784607817889.024,1784607818190,1784607821245.0,1784607821325.973,300.976,3055.0,80.973,1784606921245.0,3436.949
ss-44-300000,1784607817539.0242,1784607818190,1784607821245.0,1784607821326.0566,650.976,3055.0,81.057,1784606921245.0,3787.032
ss-45-300000,1784607817039.0269,1784607817140,1784607821245.0,1784607821326.0576,100.973,4105.0,81.058,1784606921245.0,4287.031
ss-46-300000,1784607812939.028,1784607812941,1784607821245.0,1784607821326.0588,1.972,8304.0,81.059,1784606921245.0,8387.031
ss-47-300000,1784607818939.0217,1784607819241,1784607821245.0,1784607821326.0596,301.978,2004.0,81.06,1784606921245.0,2387.038
ss-48-300000,1784607802489.0215,1784607803491,1784607821245.0,1784607821326.0789,1001.979,17754.0,81.079,1784606921245.0,18837.057
ss-49-300000,1784607817339.0283,1784607818190,1784607821245.0,1784607821326.0793,850.972,3055.0,81.079,1784606921245.0,3987.051
ss-5-300000,1784607815939.0273,1784607816090,1784607821245.0,1784607821326.0894,150.973,5155.0,81.089,1784606921245.0,5387.062
ss-50-300000,1784607815839.0247,1784607816090,1784607821245.0,1784607821326.0898,250.975,5155.0,81.09,1784606921245.0,5487.065
ss-51-300000,1784607818389.0264,1784607819241,1784607821245.0,1784607821326.096,851.974,2004.0,81.096,1784606921245.0,2937.07
ss-52-300000,1784607816739.0286,1784607817140,1784607821245.0,1784607821326.0967,400.971,4105.0,81.097,1784606921245.0,4587.068
ss-53-300000,1784607816389.0247,1784607817140,1784607821245.0,1784607821326.1172,750.975,4105.0,81.117,1784606921245.0,4937.093
ss-54-300000,1784607811389.0251,1784607811891,1784607821245.0,1784607821326.1233,501.975,9354.0,81.123,1784606921245.0,9937.098
ss-55-300000,1784607815089.0173,1784607816090,1784607821245.0,1784607821326.1577,1000.983,5155.0,81.158,1784606921245.0,6237.14
ss-56-300000,1784607818889.0295,1784607819241,1784607821245.0,1784607821326.1584,351.97,2004.0,81.158,1784606921245.0,2437.129
ss-57-300000,1784607818689.0222,1784607819241,1784607821245.0,1784607821326.1594,551.978,2004.0,81.159,1784606921245.0,2637.137
ss-58-300000,1784607816339.0386,1784607817140,1784607821245.0,1784607821326.1602,800.961,4105.0,81.16,1784606921245.0,4987.122
ss-59-300000,1784607815039.0266,1784607815041,1784607821245.0,1784607821326.1697,1.973,6204.0,81.17,1784606921245.0,6287.143
ss-6-300000,1784607815989.026,1784607816090,1784607821245.0,1784607821326.1707,100.974,5155.0,81.171,1784606921245.0,5337.145
ss-60-300000,1784607818589.0273,1784607819241,1784607821245.0,1784607821326.18,651.973,2004.0,81.18,1784606921245.0,2737.153
ss-61-300000,1784607799339.0256,1784607800341,1784607821245.0,1784607821326.1804,1001.974,20904.0,81.18,1784606921245.0,21987.155
ss-62-300000,1784607808339.029,1784607808741,1784607821245.0,1784607821326.1868,401.971,12504.0,81.187,1784606921245.0,12987.158
ss-63-300000,1784607816489.026,1784607817140,1784607821245.0,1784607821326.1877,650.974,4105.0,81.188,1784606921245.0,4837.162
ss-64-300000,1784607813489.024,1784607813991,1784607821245.0,1784607821326.198,501.976,7254.0,81.198,1784606921245.0,7837.174
ss-65-300000,1784607814839.0215,1784607815041,1784607821245.0,1784607821326.2039,201.979,6204.0,81.204,1784606921245.0,6487.182
ss-66-300000,1784607814989.0303,1784607815041,1784607821245.0,1784607821326.2043,51.97,6204.0,81.204,1784606921245.0,6337.174
ss-67-300000,1784607805489.0276,1784607805591,1784607821245.0,1784607821326.2634,101.972,15654.0,81.263,1784606921245.0,15837.236
ss-68-300000,1784607817289.0283,1784607818190,1784607821245.0,1784607821326.2642,900.972,3055.0,81.264,1784606921245.0,4037.236
ss-69-300000,1784607807339.0254,1784607807691,1784607821245.0,1784607821326.265,351.975,13554.0,81.265,1784606921245.0,13987.24
ss-7-300000,1784607815139.013,1784607816090,1784607821245.0,1784607821326.2654,950.987,5155.0,81.265,1784606921245.0,6187.252
ss-70-300000,1784607814089.0256,1784607815041,1784607821245.0,1784607821326.266,951.974,6204.0,81.266,1784606921245.0,7237.24
ss-71-300000,1784607817189.018,1784607818190,1784607821245.0,1784607821326.2725,1000.982,3055.0,81.272,1784606921245.0,4137.254
ss-72-300000,1784607814439.0195,1784607815041,1784607821245.0,1784607821326.2732,601.98,6204.0,81.273,1784606921245.0,6887.254
ss-73-300000,1784607812439.0227,1784607812941,1784607821246.0,1784607821326.2737,501.977,8305.0,80.274,1784606921246.0,8887.251
ss-74-300000,1784607818489.0298,1784607819241,1784607821246.0,1784607821326.297,751.97,2005.0,80.297,1784606921246.0,2837.267
ss-75-300000,1784607816189.0212,1784607817140,1784607821246.0,1784607821326.2976,950.979,4106.0,80.298,1784606921246.0,5137.276
ss-76-300000,1784607818839.025,1784607819241,1784607821246.0,1784607821326.2983,401.975,2005.0,80.298,1784606921246.0,2487.273
ss-77-300000,1784607819039.0269,1784607819241,1784607821246.0,1784607821326.3438,201.973,2005.0,80.344,1784606921246.0,2287.317
ss-78-300000,1784607809289.034,1784607809791,1784607821246.0,1784607821326.346,501.966,11455.0,80.346,1784606921246.0,12037.312
ss-79-300000,1784607811739.0205,1784607811891,1784607821246.0,1784607821326.347,151.979,9355.0,80.347,1784606921246.0,9587.326
ss-8-300000,1784607817439.0293,1784607818190,1784607821246.0,1784607821326.3477,750.971,3056.0,80.348,1784606921246.0,3887.318
ss-80-300000,1784607818439.0261,1784607819241,1784607821246.0,1784607821326.3486,801.974,2005.0,80.349,1784606921246.0,2887.323
ss-81-300000,1784607804439.0344,1784607804541,1784607821246.0,1784607821326.3599,101.966,16705.0,80.36,1784606921246.0,16887.325
ss-82-300000,1784607814489.024,1784607815041,1784607821246.0,1784607821326.3613,551.976,6205.0,80.361,1784606921246.0,6837.337
ss-83-300000,1784607813089.0225,1784607813991,1784607821246.0,1784607821326.3623,901.978,7255.0,80.362,1784606921246.0,8237.34
ss-84-300000,1784607808739.0222,1784607808741,1784607821246.0,1784607821326.3633,1.978,12505.0,80.363,1784606921246.0,12587.341
ss-85-300000,1784607817839.024,1784607818190,1784607821246.0,1784607821326.372,350.976,3056.0,80.372,1784606921246.0,3487.348
ss-86-300000,1784607819189.0293,1784607819241,1784607821246.0,1784607821326.379,51.971,2005.0,80.379,1784606921246.0,2137.35
ss-87-300000,1784607811889.0232,1784607811891,1784607821246.0,1784607821326.4246,1.977,9355.0,80.425,1784606921246.0,9437.401
ss-88-300000,1784607813889.0283,1784607813991,1784607821246.0,1784607821326.426,101.972,7255.0,80.426,1784606921246.0,7437.398
ss-89-300000,1784607803589.0293,1784607804541,1784607821246.0,1784607821326.4275,951.971,16705.0,80.427,1784606921246.0,17737.398
ss-9-300000,1784607814941.5427,1784607815041,1784607821246.0,1784607821326.4285,99.457,6205.0,80.428,1784606921246.0,6384.886
ss-90-300000,1784607818789.0251,1784607819241,1784607821246.0,1784607821326.4294,451.975,2005.0,80.429,1784606921246.0,2537.404
ss-91-300000,1784607816839.0254,1784607817140,1784607821246.0,1784607821326.4438,300.975,4106.0,80.444,1784606921246.0,4487.418
ss-92-300000,1784607813839.0269,1784607813991,1784607821246.0,1784607821326.445,151.973,7255.0,80.445,1784606921246.0,7487.418
ss-93-300000,1784607802689.018,1784607803491,1784607821246.0,1784607821326.4465,801.982,17755.0,80.447,1784606921246.0,18637.428
ss-94-300000,1784607809439.031,1784607809791,1784607821246.0,1784607821326.4556,351.969,11455.0,80.456,1784606921246.0,11887.425
ss-95-300000,1784607812789.0227,1784607812941,1784607821246.0,1784607821326.4568,151.977,8305.0,80.457,1784606921246.0,8537.434
ss-96-300000,1784607819139.0283,1784607819241,1784607821246.0,1784607821326.4578,101.972,2005.0,80.458,1784606921246.0,2187.429
ss-97-300000,1784607815889.0247,1784607816090,1784607821246.0,1784607821326.4895,200.975,5156.0,80.49,1784606921246.0,5437.465
ss-98-300000,1784607815239.0159,1784607816090,1784607821246.0,1784607821326.4902,850.984,5156.0,80.49,1784606921246.0,6087.474
ss-99-300000,1784607797939.0273,1784607798241,1784607821246.0,1784607821326.491,301.973,23005.0,80.491,1784606921246.0,23387.464
ss-0-360000,1784607816289.0273,1784607817140,1784607821246.0,1784607821326.4917,850.973,4106.0,80.492,1784606861246.0,5037.464
ss-1-360000,1784607815189.0293,1784607816090,1784607821246.0,1784607821326.4922,900.971,5156.0,80.492,1784606861246.0,6137.463
ss-10-360000,1784607800639.0242,1784607801391,1784607821246.0,1784607821326.5476,751.976,19855.0,80.548,1784606861246.0,20687.523
ss-11-360000,1784607818039.0242,1784607818190,1784607821246.0,1784607821326.5483,150.976,3056.0,80.548,1784606861246.0,3287.524
ss-12-360000,1784607815539.0217,1784607816090,1784607821246.0,1784607821326.5488,550.978,5156.0,80.549,1784606861246.0,5787.527
ss-13-360000,1784607809839.0354,1784607810841,1784607821246.0,1784607821326.5554,1001.965,10405.0,80.555,1784606861246.0,11487.52
ss-14-360000,1784607817239.0247,1784607818190,1784607821246.0,1784607821326.5562,950.975,3056.0,80.556,1784606861246.0,4087.531
ss-15-360000,1784607817489.0295,1784607818190,1784607821246.0,1784607821326.557,700.97,3056.0,80.557,1784606861246.0,3837.527
ss-16-360000,1784607818739.0242,1784607819241,1784607821246.0,1784607821326.5574,501.976,2005.0,80.557,1784606861246.0,2587.533
ss-17-360000,1784607805739.0188,1784607806641,1784607821246.0,1784607821326.5723,901.981,14605.0,80.572,1784606861246.0,15587.553
ss-18-360000,1784607814739.0154,1784607815041,1784607821246.0,1784607821326.5823,301.985,6205.0,80.582,1784606861246.0,6587.567
ss-19-360000,1784607817939.0237,1784607818190,1784607821247.0,1784607821326.5872,250.976,3057.0,79.587,1784606861247.0,3387.563
ss-2-360000,1784607816889.0305,1784607817140,1784607821247.0,1784607821326.5876,250.969,4107.0,79.588,1784606861247.0,4437.557
ss-20-360000,1784607816139.025,1784607817140,1784607821247.0,1784607821326.597,1000.975,4107.0,79.597,1784606861247.0,5187.572
ss-21-360000,1784607815439.0183,1784607816090,1784607821247.0,1784607821326.6045,650.982,5157.0,79.604,1784606861247.0,5887.586
ss-22-360000,1784607816989.0261,1784607817140,1784607821247.0,1784607821326.72,150.974,4107.0,79.72,1784606861247.0,4337.694
ss-23-360000,1784607817089.0256,1784607817140,1784607821247.0,1784607821326.7214,50.974,4107.0,79.721,1784606861247.0,4237.696
ss-24-360000,1784607817639.022,1784607818190,1784607821247.0,1784607821326.7224,550.978,3057.0,79.722,1784606861247.0,3687.7
ss-25-360000,1784607814639.0247,1784607815041,1784607821247.0,1784607821326.7234,401.975,6206.0,79.723,1784606861247.0,6687.699
ss-26-360000,1784607818639.0288,1784607819241,1784607821247.0,1784607821326.724,601.971,2006.0,79.724,1784606861247.0,2687.695
ss-27-360000,1784607819089.0288,1784607819241,1784607821247.0,1784607821326.7312,151.971,2006.0,79.731,1784606861247.0,2237.702
ss-28-360000,1784607816089.0215,1784607816090,1784607821247.0,1784607821326.7383,0.979,5157.0,79.738,1784606861247.0,5237.717
ss-29-360000,1784607812239.0254,1784607812941,1784607821247.0,1784607821326.7393,701.975,8306.0,79.739,1784606861247.0,9087.714
ss-3-360000,1784607814889.0208,1784607815041,1784607821247.0,1784607821326.7402,151.979,6206.0,79.74,1784606861247.0,6437.719
ss-30-360000,1784607818239.0269,1784607819241,1784607821247.0,1784607821326.7412,1001.973,2006.0,79.741,1784606861247.0,3087.714
ss-31-360000,1784607818989.0295,1784607819241,1784607821247.0,1784607821326.7468,251.97,2006.0,79.747,1784606861247.0,2337.717
ss-32-360000,1784607816439.0234,1784607817140,1784607821247.0,1784607821326.7478,700.977,4107.0,79.748,1784606861247.0,4887.724
ss-33-360000,1784607799589.0227,1784607800341,1784607821247.0,1784607821326.7488,751.977,20906.0,79.749,1784606861247.0,21737.726
ss-34-360000,1784607818089.028,1784607818190,1784607821247.0,1784607821326.7498,100.972,3057.0,79.75,1784606861247.0,3237.722
ss-35-360000,1784607810189.029,1784607810841,1784607821247.0,1784607821326.7703,651.971,10406.0,79.77,1784606861247.0,11137.741
ss-36-360000,1784607817689.0256,1784607818190,1784607821247.0,1784607821326.7712,500.974,3057.0,79.771,1784606861247.0,3637.746
ss-37-360000,1784607817139.0173,1784607817140,1784607821247.0,1784607821326.772,0.983,4107.0,79.772,1784606861247.0,4187.755
ss-38-360000,1784607818539.029,1784607819241,1784607821247.0,1784607821326.7727,701.971,2006.0,79.773,1784606861247.0,2787.744
ss-39-360000,1784607812989.023,1784607813991,1784607821247.0,1784607821326.7734,1001.977,7256.0,79.773,1784606861247.0,8337.75
ss-4-360000,1784607817789.0244,1784607818190,1784607821247.0,1784607821326.7744,400.976,3057.0,79.774,1784606861247.0,3537.75
ss-40-360000,1784607799039.031,1784607799291,1784607821247.0,1784607821326.7751,251.969,21956.0,79.775,1784606861247.0,22287.744
ss-41-360000,1784607815289.023,1784607816090,1784607821247.0,1784607821326.7834,800.977,5157.0,79.783,1784606861247.0,6037.76
ss-42-360000,1784607811189.031,1784607811891,1784607821247.0,1784607821326.7844,701.969,9356.0,79.784,1784606861247.0,10137.753
ss-43-360000,1784607817889.024,1784607818190,1784607821247.0,1784607821326.791,300.976,3057.0,79.791,1784606861247.0,3437.767
ss-44-360000,1784607817539.0242,1784607818190,1784607821247.0,1784607821326.792,650.976,3057.0,79.792,1784606861247.0,3787.768
ss-45-360000,1784607817039.0269,1784607817140,1784607821247.0,1784607821326.7927,100.973,4107.0,79.793,1784606861247.0,4287.766
ss-46-360000,1784607812939.028,1784607812941,1784607821247.0,1784607821326.8147,1.972,8306.0,79.815,1784606861247.0,8387.787
ss-47-360000,1784607818939.0217,1784607819241,1784607821247.0,1784607821326.8157,301.978,2006.0,79.816,1784606861247.0,2387.794
ss-48-360000,1784607802489.0215,1784607803491,1784607821247.0,1784607821326.8164,1001.979,17756.0,79.816,1784606861247.0,18837.795
ss-49-360000,1784607817339.0283,1784607818190,1784607821247.0,1784607821326.8174,850.972,3057.0,79.817,1784606861247.0,3987.789
ss-5-360000,1784607815939.0273,1784607816090,1784607821247.0,1784607821326.8184,150.973,5157.0,79.818,1784606861247.0,5387.791
ss-50-360000,1784607815839.0247,1784607816090,1784607821247.0,1784607821326.819,250.975,5157.0,79.819,1784606861247.0,5487.794
ss-51-360000,1784607818389.0264,1784607819241,1784607821247.0,1784607821326.8625,851.974,2006.0,79.863,1784606861247.0,2937.836
ss-52-360000,1784607816739.0286,1784607817140,1784607821247.0,1784607821326.8643,400.971,4107.0,79.864,1784606861247.0,4587.836
ss-53-360000,1784607816389.0247,1784607817140,1784607821247.0,1784607821326.8652,750.975,4107.0,79.865,1784606861247.0,4937.841
ss-54-360000,1784607811389.0251,1784607811891,1784607821247.0,1784607821326.866,501.975,9356.0,79.866,1784606861247.0,9937.841
ss-55-360000,1784607815089.0173,1784607816090,1784607821247.0,1784607821326.8667,1000.983,5157.0,79.867,1784606861247.0,6237.849
ss-56-360000,1784607818889.0295,1784607819241,1784607821247.0,1784607821326.8748,351.97,2006.0,79.875,1784606861247.0,2437.845
ss-57-360000,1784607818689.0222,1784607819241,1784607821248.0,1784607821326.884,551.978,2007.0,78.884,1784606861248.0,2637.862
ss-58-360000,1784607816339.0386,1784607817140,1784607821248.0,1784607821326.8848,800.961,4108.0,78.885,1784606861248.0,4987.846
ss-59-360000,1784607815039.0266,1784607815041,1784607821248.0,1784607821326.8855,1.973,6207.0,78.885,1784606861248.0,6287.859
ss-6-360000,1784607815989.026,1784607816090,1784607821248.0,1784607821326.8862,100.974,5158.0,78.886,1784606861248.0,5337.86
ss-60-360000,1784607818589.0273,1784607819241,1784607821248.0,1784607821326.8867,651.973,2007.0,78.887,1784606861248.0,2737.859
ss-61-360000,1784607799339.0256,1784607800341,1784607821248.0,1784607821326.8872,1001.974,20907.0,78.887,1784606861248.0,21987.862
ss-62-360000,1784607808339.029,1784607808741,1784607821248.0,1784607821327.0603,401.971,12507.0,79.06,1784606861248.0,12988.031
ss-63-360000,1784607816489.026,1784607817140,1784607821248.0,1784607821327.0618,650.974,4108.0,79.062,1784606861248.0,4838.036
ss-64-360000,1784607813489.024,1784607813991,1784607821248.0,1784607821327.063,501.976,7257.0,79.063,1784606861248.0,7838.039
ss-65-360000,1784607814839.0215,1784607815041,1784607821248.0,1784607821327.0637,201.979,6207.0,79.064,1784606861248.0,6488.042
ss-66-360000,1784607814989.0303,1784607815041,1784607821248.0,1784607821327.0645,51.97,6207.0,79.064,1784606861248.0,6338.034
ss-67-360000,1784607805489.0276,1784607805591,1784607821248.0,1784607821327.068,101.972,15657.0,79.068,1784606861248.0,15838.041
ss-68-360000,1784607817289.0283,1784607818190,1784607821248.0,1784607821327.0686,900.972,3058.0,79.069,1784606861248.0,4038.04
ss-69-360000,1784607807339.0254,1784607807691,1784607821248.0,1784607821327.0693,351.975,13557.0,79.069,1784606861248.0,13988.044
ss-7-360000,1784607815139.013,1784607816090,1784607821248.0,1784607821327.07,950.987,5158.0,79.07,1784606861248.0,6188.057
ss-70-360000,1784607814089.0256,1784607815041,1784607821248.0,1784607821327.071,951.974,6207.0,79.071,1784606861248.0,7238.045
ss-71-360000,1784607817189.018,1784607818190,1784607821248.0,1784607821327.074,1000.982,3058.0,79.074,1784606861248.0,4138.056
ss-72-360000,1784607814439.0195,1784607815041,1784607821248.0,1784607821327.0745,601.98,6207.0,79.074,1784606861248.0,6888.055
ss-73-360000,1784607812439.0227,1784607812941,1784607821248.0,1784607821327.0752,501.977,8307.0,79.075,1784606861248.0,8888.052
ss-74-360000,1784607818489.0298,1784607819241,1784607821248.0,1784607821327.078,751.97,2007.0,79.078,1784606861248.0,2838.048
ss-75-360000,1784607816189.0212,1784607817140,1784607821248.0,1784607821327.0806,950.979,4108.0,79.081,1784606861248.0,5138.059
ss-76-360000,1784607818839.025,1784607819241,1784607821248.0,1784607821327.0808,401.975,2007.0,79.081,1784606861248.0,2488.056
ss-77-360000,1784607819039.0269,1784607819241,1784607821248.0,1784607821327.0813,201.973,2007.0,79.081,1784606861248.0,2288.054
ss-78-360000,1784607809289.034,1784607809791,1784607821248.0,1784607821327.0886,501.966,11457.0,79.089,1784606861248.0,12038.055
ss-79-360000,1784607811739.0205,1784607811891,1784607821248.0,1784607821327.089,151.979,9357.0,79.089,1784606861248.0,9588.069
ss-8-360000,1784607817439.0293,1784607818190,1784607821248.0,1784607821327.0894,750.971,3058.0,79.089,1784606861248.0,3888.06
ss-80-360000,1784607818439.0261,1784607819241,1784607821248.0,1784607821327.0898,801.974,2007.0,79.09,1784606861248.0,2888.064
ss-81-360000,1784607804439.0344,1784607804541,1784607821248.0,1784607821327.094,101.966,16707.0,79.094,1784606861248.0,16888.06
ss-82-360000,1784607814489.024,1784607815041,1784607821248.0,1784607821327.0945,551.976,6207.0,79.094,1784606861248.0,6838.071
ss-83-360000,1784607813089.0225,1784607813991,1784607821248.0,1784607821327.0947,901.978,7257.0,79.095,1784606861248.0,8238.072
ss-84-360000,1784607808739.0222,1784607808741,1784607821248.0,1784607821327.0952,1.978,12507.0,79.095,1784606861248.0,12588.073
ss-85-360000,1784607817839.024,1784607818190,1784607821248.0,1784607821327.0955,350.976,3058.0,79.095,1784606861248.0,3488.072
ss-86-360000,1784607819189.0293,1784607819241,1784607821248.0,1784607821327.096,51.971,2007.0,79.096,1784606861248.0,2138.067
ss-87-360000,1784607811889.0232,1784607811891,1784607821248.0,1784607821327.0994,1.977,9357.0,79.099,1784606861248.0,9438.076
ss-88-360000,1784607813889.0283,1784607813991,1784607821248.0,1784607821327.0999,101.972,7257.0,79.1,1784606861248.0,7438.072
ss-89-360000,1784607803589.0293,1784607804541,1784607821248.0,1784607821327.106,951.971,16707.0,79.106,1784606861248.0,17738.077
ss-9-360000,1784607814941.5427,1784607815041,1784607821248.0,1784607821327.1062,99.457,6207.0,79.106,1784606861248.0,6385.563
ss-90-360000,1784607818789.0251,1784607819241,1784607821248.0,1784607821327.1274,451.975,2007.0,79.127,1784606861248.0,2538.102
ss-91-360000,1784607816839.0254,1784607817140,1784607821248.0,1784607821327.135,300.975,4108.0,79.135,1784606861248.0,4488.11
ss-92-360000,1784607813839.0269,1784607813991,1784607821248.0,1784607821327.1353,151.973,7257.0,79.135,1784606861248.0,7488.108
ss-93-360000,1784607802689.018,1784607803491,1784607821248.0,1784607821327.1423,801.982,17757.0,79.142,1784606861248.0,18638.124
ss-94-360000,1784607809439.031,1784607809791,1784607821248.0,1784607821327.1477,351.969,11457.0,79.148,1784606861248.0,11888.117
ss-95-360000,1784607812789.0227,1784607812941,1784607821248.0,1784607821327.148,151.977,8307.0,79.148,1784606861248.0,8538.125
ss-96-360000,1784607819139.0283,1784607819241,1784607821248.0,1784607821327.1763,101.972,2007.0,79.176,1784606861248.0,2188.148
ss-97-360000,1784607815889.0247,1784607816090,1784607821248.0,1784607821327.1768,200.975,5158.0,79.177,1784606861248.0,5438.152
ss-98-360000,1784607815239.0159,1784607816090,1784607821248.0,1784607821327.1772,850.984,5158.0,79.177,1784606861248.0,6088.161
ss-99-360000,1784607797939.0273,1784607798241,1784607821248.0,1784607821327.2217,301.973,23007.0,79.222,1784606861248.0,23388.194
ss-0-420000,1784607816289.0273,1784607817140,1784607821248.0,1784607821327.2234,850.973,4108.0,79.223,1784606801248.0,5038.196
ss-1-420000,1784607815189.0293,1784607816090,1784607821249.0,1784607821327.224,900.971,5159.0,78.224,1784606801249.0,6138.195
ss-10-420000,1784607800639.0242,1784607801391,1784607821249.0,1784607821327.2249,751.976,19858.0,78.225,1784606801249.0,20688.201
ss-11-420000,1784607818039.0242,1784607818190,1784607821249.0,1784607821327.3306,150.976,3059.0,78.331,1784606801249.0,3288.306
ss-12-420000,1784607815539.0217,1784607816090,1784607821249.0,1784607821327.3325,550.978,5159.0,78.333,1784606801249.0,5788.311
ss-13-420000,1784607809839.0354,1784607810841,1784607821249.0,1784607821327.334,1001.965,10408.0,78.334,1784606801249.0,11488.299
ss-14-420000,1784607817239.0247,1784607818190,1784607821249.0,1784607821327.3352,950.975,3059.0,78.335,1784606801249.0,4088.311
ss-15-420000,1784607817489.0295,1784607818190,1784607821249.0,1784607821327.3362,700.97,3059.0,78.336,1784606801249.0,3838.307
ss-16-420000,1784607818739.0242,1784607819241,1784607821249.0,1784607821327.337,501.976,2008.0,78.337,1784606801249.0,2588.313
ss-17-420000,1784607805739.0188,1784607806641,1784607821249.0,1784607821327.338,901.981,14608.0,78.338,1784606801249.0,15588.319
ss-18-420000,1784607814739.0154,1784607815041,1784607821249.0,1784607821327.339,301.985,6208.0,78.339,1784606801249.0,6588.324
ss-19-420000,1784607817939.0237,1784607818190,1784607821249.0,1784607821327.3396,250.976,3059.0,78.34,1784606801249.0,3388.316
ss-2-420000,1784607816889.0305,1784607817140,1784607821249.0,1784607821327.3403,250.969,4109.0,78.34,1784606801249.0,4438.31
ss-20-420000,1784607816139.025,1784607817140,1784607821249.0,1784607821327.341,1000.975,4109.0,78.341,1784606801249.0,5188.316
ss-21-420000,1784607815439.0183,1784607816090,1784607821249.0,1784607821327.3418,650.982,5159.0,78.342,1784606801249.0,5888.323
ss-22-420000,1784607816989.0261,1784607817140,1784607821249.0,1784607821327.3425,150.974,4109.0,78.343,1784606801249.0,4338.316
ss-23-420000,1784607817089.0256,1784607817140,1784607821249.0,1784607821327.3435,50.974,4109.0,78.344,1784606801249.0,4238.318
ss-24-420000,1784607817639.022,1784607818190,1784607821249.0,1784607821327.344,550.978,3059.0,78.344,1784606801249.0,3688.322
ss-25-420000,1784607814639.0247,1784607815041,1784607821249.0,1784607821327.354,401.975,6208.0,78.354,1784606801249.0,6688.329
ss-26-420000,1784607818639.0288,1784607819241,1784607821249.0,1784607821327.3547,601.971,2008.0,78.355,1784606801249.0,2688.326
ss-27-420000,1784607819089.0288,1784607819241,1784607821249.0,1784607821327.362,151.971,2008.0,78.362,1784606801249.0,2238.333
ss-28-420000,1784607816089.0215,1784607816090,1784607821249.0,1784607821327.3628,0.979,5159.0,78.363,1784606801249.0,5238.341
ss-29-420000,1784607812239.0254,1784607812941,1784607821249.0,1784607821327.3635,701.975,8308.0,78.364,1784606801249.0,9088.338
ss-3-420000,1784607814889.0208,1784607815041,1784607821249.0,1784607821327.364,151.979,6208.0,78.364,1784606801249.0,6438.343
ss-30-420000,1784607818239.0269,1784607819241,1784607821249.0,1784607821327.3647,1001.973,2008.0,78.365,1784606801249.0,3088.338
ss-31-420000,1784607818989.0295,1784607819241,1784607821249.0,1784607821327.3652,251.97,2008.0,78.365,1784606801249.0,2338.336
ss-32-420000,1784607816439.0234,1784607817140,1784607821249.0,1784607821327.372,700.977,4109.0,78.372,1784606801249.0,4888.349
ss-33-420000,1784607799589.0227,1784607800341,1784607821249.0,1784607821327.3728,751.977,20908.0,78.373,1784606801249.0,21738.35
ss-34-420000,1784607818089.028,1784607818190,1784607821249.0,1784607821327.3794,100.972,3059.0,78.379,1784606801249.0,3238.351
ss-35-420000,1784607810189.029,1784607810841,1784607821249.0,1784607821327.384,651.971,10408.0,78.384,1784606801249.0,11138.355
ss-36-420000,1784607817689.0256,1784607818190,1784607821249.0,1784607821327.389,500.974,3059.0,78.389,1784606801249.0,3638.363
ss-37-420000,1784607817139.0173,1784607817140,1784607821249.0,1784607821327.5422,0.983,4109.0,78.542,1784606801249.0,4188.525
ss-38-420000,1784607818539.029,1784607819241,1784607821249.0,1784607821327.5427,701.971,2008.0,78.543,1784606801249.0,2788.514
ss-39-420000,1784607812989.023,1784607813991,1784607821249.0,1784607821327.5432,1001.977,7258.0,78.543,1784606801249.0,8338.52
ss-4-420000,1784607817789.0244,1784607818190,1784607821249.0,1784607821327.5437,400.976,3059.0,78.544,1784606801249.0,3538.519
ss-40-420000,1784607799039.031,1784607799291,1784607821249.0,1784607821327.544,251.969,21958.0,78.544,1784606801249.0,22288.513
ss-41-420000,1784607815289.023,1784607816090,1784607821249.0,1784607821327.5447,800.977,5159.0,78.545,1784606801249.0,6038.522
ss-42-420000,1784607811189.031,1784607811891,1784607821249.0,1784607821327.5503,701.969,9358.0,78.55,1784606801249.0,10138.519
ss-43-420000,1784607817889.024,1784607818190,1784607821249.0,1784607821327.551,300.976,3059.0,78.551,1784606801249.0,3438.527
ss-44-420000,1784607817539.0242,1784607818190,1784607821249.0,1784607821327.5513,650.976,3059.0,78.551,1784606801249.0,3788.527
ss-45-420000,1784607817039.0269,1784607817140,1784607821249.0,1784607821327.552,100.973,4109.0,78.552,1784606801249.0,4288.525
ss-46-420000,1784607812939.028,1784607812941,1784607821249.0,1784607821327.5522,1.972,8308.0,78.552,1784606801249.0,8388.524
ss-47-420000,1784607818939.0217,1784607819241,1784607821249.0,1784607821327.5527,301.978,2008.0,78.553,1784606801249.0,2388.531
ss-48-420000,1784607802489.0215,1784607803491,1784607821249.0,1784607821327.553,1001.979,17758.0,78.553,1784606801249.0,18838.531
ss-49-420000,1784607817339.0283,1784607818190,1784607821249.0,1784607821327.5535,850.972,3059.0,78.553,1784606801249.0,3988.525
ss-5-420000,1784607815939.0273,1784607816090,1784607821249.0,1784607821327.5537,150.973,5159.0,78.554,1784606801249.0,5388.526
ss-50-420000,1784607815839.0247,1784607816090,1784607821249.0,1784607821327.5598,250.975,5159.0,78.56,1784606801249.0,5488.535
ss-51-420000,1784607818389.0264,1784607819241,1784607821249.0,1784607821327.5603,851.974,2008.0,78.56,1784606801249.0,2938.534
ss-52-420000,1784607816739.0286,1784607817140,1784607821249.0,1784607821327.5605,400.971,4109.0,78.561,1784606801249.0,4588.532
ss-53-420000,1784607816389.0247,1784607817140,1784607821249.0,1784607821327.561,750.975,4109.0,78.561,1784606801249.0,4938.536
ss-54-420000,1784607811389.0251,1784607811891,1784607821249.0,1784607821327.5615,501.975,9358.0,78.562,1784606801249.0,9938.536
ss-55-420000,1784607815089.0173,1784607816090,1784607821249.0,1784607821327.6782,1000.983,5159.0,78.678,1784606801249.0,6238.661
ss-56-420000,1784607818889.0295,1784607819241,1784607821249.0,1784607821327.6797,351.97,2008.0,78.68,1784606801249.0,2438.65
ss-57-420000,1784607818689.0222,1784607819241,1784607821250.0,1784607821327.6807,551.978,2009.0,77.681,1784606801250.0,2638.658
ss-58-420000,1784607816339.0386,1784607817140,1784607821250.0,1784607821327.6812,800.961,4110.0,77.681,1784606801250.0,4988.643
ss-59-420000,1784607815039.0266,1784607815041,1784607821250.0,1784607821327.6816,1.973,6209.0,77.682,1784606801250.0,6288.655
ss-6-420000,1784607815989.026,1784607816090,1784607821250.0,1784607821327.6824,100.974,5160.0,77.682,1784606801250.0,5338.656
ss-60-420000,1784607818589.0273,1784607819241,1784607821250.0,1784607821327.6829,651.973,2009.0,77.683,1784606801250.0,2738.656
ss-61-420000,1784607799339.0256,1784607800341,1784607821250.0,1784607821327.6836,1001.974,20909.0,77.684,1784606801250.0,21988.658
ss-62-420000,1784607808339.029,1784607808741,1784607821250.0,1784607821327.684,401.971,12509.0,77.684,1784606801250.0,12988.655
ss-63-420000,1784607816489.026,1784607817140,1784607821250.0,1784607821327.6848,650.974,4110.0,77.685,1784606801250.0,4838.659
ss-64-420000,1784607813489.024,1784607813991,1784607821250.0,1784607821327.6853,501.976,7259.0,77.685,1784606801250.0,7838.661
ss-65-420000,1784607814839.0215,1784607815041,1784607821250.0,1784607821327.6858,201.979,6209.0,77.686,1784606801250.0,6488.664
ss-66-420000,1784607814989.0303,1784607815041,1784607821250.0,1784607821327.6865,51.97,6209.0,77.687,1784606801250.0,6338.656
ss-67-420000,1784607805489.0276,1784607805591,1784607821250.0,1784607821327.6873,101.972,15659.0,77.687,1784606801250.0,15838.66
ss-68-420000,1784607817289.0283,1784607818190,1784607821250.0,1784607821327.6973,900.972,3060.0,77.697,1784606801250.0,4038.669
ss-69-420000,1784607807339.0254,1784607807691,1784607821250.0,1784607821327.698,351.975,13559.0,77.698,1784606801250.0,13988.673
ss-7-420000,1784607815139.013,1784607816090,1784607821250.0,1784607821327.6985,950.987,5160.0,77.698,1784606801250.0,6188.686
ss-70-420000,1784607814089.0256,1784607815041,1784607821250.0,1784607821327.704,951.974,6209.0,77.704,1784606801250.0,7238.678
ss-71-420000,1784607817189.018,1784607818190,1784607821250.0,1784607821327.705,1000.982,3060.0,77.705,1784606801250.0,4138.687
ss-72-420000,1784607814439.0195,1784607815041,1784607821250.0,1784607821327.706,601.98,6209.0,77.706,1784606801250.0,6888.687
ss-73-420000,1784607812439.0227,1784607812941,1784607821250.0,1784607821327.7068,501.977,8309.0,77.707,1784606801250.0,8888.684
ss-74-420000,1784607818489.0298,1784607819241,1784607821250.0,1784607821327.7078,751.97,2009.0,77.708,1784606801250.0,2838.678
ss-75-420000,1784607816189.0212,1784607817140,1784607821250.0,1784607821327.7092,950.979,4110.0,77.709,1784606801250.0,5138.688
ss-76-420000,1784607818839.025,1784607819241,1784607821250.0,1784607821327.7102,401.975,2009.0,77.71,1784606801250.0,2488.685
ss-77-420000,1784607819039.0269,1784607819241,1784607821250.0,1784607821327.7158,201.973,2009.0,77.716,1784606801250.0,2288.689
ss-78-420000,1784607809289.034,1784607809791,1784607821250.0,1784607821327.7168,501.966,11459.0,77.717,1784606801250.0,12038.683
ss-79-420000,1784607811739.0205,1784607811891,1784607821250.0,1784607821327.7566,151.979,9359.0,77.757,1784606801250.0,9588.736
ss-8-420000,1784607817439.0293,1784607818190,1784607821250.0,1784607821327.9211,750.971,3060.0,77.921,1784606801250.0,3888.892
ss-80-420000,1784607818439.0261,1784607819241,1784607821250.0,1784607821327.923,801.974,2009.0,77.923,1784606801250.0,2888.897
ss-81-420000,1784607804439.0344,1784607804541,1784607821250.0,1784607821327.9336,101.966,16709.0,77.934,1784606801250.0,16888.899
ss-82-420000,1784607814489.024,1784607815041,1784607821250.0,1784607821327.9348,551.976,6209.0,77.935,1784606801250.0,6838.911
ss-83-420000,1784607813089.0225,1784607813991,1784607821250.0,1784607821327.9397,901.978,7259.0,77.94,1784606801250.0,8238.917
ss-84-420000,1784607808739.0222,1784607808741,1784607821250.0,1784607821327.9404,1.978,12509.0,77.94,1784606801250.0,12588.918
ss-85-420000,1784607817839.024,1784607818190,1784607821250.0,1784607821327.9414,350.976,3060.0,77.941,1784606801250.0,3488.917
ss-86-420000,1784607819189.0293,1784607819241,1784607821250.0,1784607821327.9421,51.971,2009.0,77.942,1784606801250.0,2138.913
ss-87-420000,1784607811889.0232,1784607811891,1784607821250.0,1784607821327.9465,1.977,9359.0,77.947,1784606801250.0,9438.923
ss-88-420000,1784607813889.0283,1784607813991,1784607821250.0,1784607821327.947,101.972,7259.0,77.947,1784606801250.0,7438.919
ss-89-420000,1784607803589.0293,1784607804541,1784607821250.0,1784607821328.958,951.971,16709.0,78.958,1784606801250.0,17739.929
ss-9-420000,1784607814941.5427,1784607815041,1784607821250.0,1784607821328.9597,99.457,6209.0,78.96,1784606801250.0,6387.417
ss-90-420000,1784607818789.0251,1784607819241,1784607821250.0,1784607821328.9607,451.975,2009.0,78.961,1784606801250.0,2539.936
ss-91-420000,1784607816839.0254,1784607817140,1784607821250.0,1784607821328.9612,300.975,4110.0,78.961,1784606801250.0,4489.936
ss-92-420000,1784607813839.0269,1784607813991,1784607821250.0,1784607821328.9622,151.973,7259.0,78.962,1784606801250.0,7489.935
ss-93-420000,1784607802689.018,1784607803491,1784607821250.0,1784607821328.9634,801.982,17759.0,78.963,1784606801250.0,18639.945
ss-94-420000,1784607809439.031,1784607809791,1784607821250.0,1784607821328.9639,351.969,11459.0,78.964,1784606801250.0,11889.933
ss-95-420000,1784607812789.0227,1784607812941,1784607821250.0,1784607821328.9646,151.977,8309.0,78.965,1784606801250.0,8539.942
ss-96-420000,1784607819139.0283,1784607819241,1784607821250.0,1784607821328.9656,101.972,2009.0,78.966,1784606801250.0,2189.937
ss-97-420000,1784607815889.0247,1784607816090,1784607821250.0,1784607821328.966,200.975,5160.0,78.966,1784606801250.0,5439.941
ss-98-420000,1784607815239.0159,1784607816090,1784607821250.0,1784607821328.9673,850.984,5160.0,78.967,1784606801250.0,6089.951
ss-99-420000,1784607797939.0273,1784607798241,1784607821250.0,1784607821328.9678,301.973,23009.0,78.968,1784606801250.0,23389.94
ss-0-480000,1784607816289.0273,1784607817140,1784607821250.0,1784607821328.9722,850.973,4110.0,78.972,1784606741250.0,5039.945
ss-1-480000,1784607815189.0293,1784607816090,1784607821250.0,1784607821328.9727,900.971,5160.0,78.973,1784606741250.0,6139.943
ss-10-480000,1784607800639.0242,1784607801391,1784607821250.0,1784607821328.9731,751.976,19859.0,78.973,1784606741250.0,20689.949
ss-11-480000,1784607818039.0242,1784607818190,1784607821250.0,1784607821328.9739,150.976,3060.0,78.974,1784606741250.0,3289.95
ss-12-480000,1784607815539.0217,1784607816090,1784607821250.0,1784607821328.9744,550.978,5160.0,78.974,1784606741250.0,5789.953
ss-13-480000,1784607809839.0354,1784607810841,1784607821250.0,1784607821328.975,1001.965,10409.0,78.975,1784606741250.0,11489.94
ss-14-480000,1784607817239.0247,1784607818190,1784607821251.0,1784607821328.9756,950.975,3061.0,77.976,1784606741251.0,4089.951
ss-15-480000,1784607817489.0295,1784607818190,1784607821251.0,1784607821328.979,700.97,3061.0,77.979,1784606741251.0,3839.949
ss-16-480000,1784607818739.0242,1784607819241,1784607821251.0,1784607821328.9797,501.976,2010.0,77.98,1784606741251.0,2589.956
ss-17-480000,1784607805739.0188,1784607806641,1784607821251.0,1784607821328.9805,901.981,14610.0,77.98,1784606741251.0,15589.962
ss-18-480000,1784607814739.0154,1784607815041,1784607821251.0,1784607821328.981,301.985,6210.0,77.981,1784606741251.0,6589.966
ss-19-480000,1784607817939.0237,1784607818190,1784607821251.0,1784607821328.9849,250.976,3061.0,77.985,1784606741251.0,3389.961
ss-2-480000,1784607816889.0305,1784607817140,1784607821251.0,1784607821328.9856,250.969,4111.0,77.986,1784606741251.0,4439.955
ss-20-480000,1784607816139.025,1784607817140,1784607821251.0,1784607821328.986,1000.975,4111.0,77.986,1784606741251.0,5189.961
ss-21-480000,1784607815439.0183,1784607816090,1784607821251.0,1784607821328.9868,650.982,5161.0,77.987,1784606741251.0,5889.969
ss-22-480000,1784607816989.0261,1784607817140,1784607821251.0,1784607821329.002,150.974,4111.0,78.002,1784606741251.0,4339.976
ss-23-480000,1784607817089.0256,1784607817140,1784607821251.0,1784607821329.0027,50.974,4111.0,78.003,1784606741251.0,4239.977
ss-24-480000,1784607817639.022,1784607818190,1784607821251.0,1784607821329.0032,550.978,3061.0,78.003,1784606741251.0,3689.981
ss-25-480000,1784607814639.0247,1784607815041,1784607821251.0,1784607821329.0037,401.975,6210.0,78.004,1784606741251.0,6689.979
ss-26-480000,1784607818639.0288,1784607819241,1784607821251.0,1784607821329.0044,601.971,2010.0,78.004,1784606741251.0,2689.976
ss-27-480000,1784607819089.0288,1784607819241,1784607821251.0,1784607821329.005,151.971,2010.0,78.005,1784606741251.0,2239.976
ss-28-480000,1784607816089.0215,1784607816090,1784607821251.0,1784607821329.0054,0.979,5161.0,78.005,1784606741251.0,5239.984
ss-29-480000,1784607812239.0254,1784607812941,1784607821251.0,1784607821329.0059,701.975,8310.0,78.006,1784606741251.0,9089.98
ss-3-480000,1784607814889.0208,1784607815041,1784607821251.0,1784607821329.0144,151.979,6210.0,78.014,1784606741251.0,6439.994
ss-30-480000,1784607818239.0269,1784607819241,1784607821251.0,1784607821329.0151,1001.973,2010.0,78.015,1784606741251.0,3089.988
ss-31-480000,1784607818989.0295,1784607819241,1784607821251.0,1784607821329.0159,251.97,2010.0,78.016,1784606741251.0,2339.986
ss-32-480000,1784607816439.0234,1784607817140,1784607821251.0,1784607821329.0164,700.977,4111.0,78.016,1784606741251.0,4889.993
ss-33-480000,1784607799589.0227,1784607800341,1784607821251.0,1784607821329.0168,751.977,20910.0,78.017,1784606741251.0,21739.994
ss-34-480000,1784607818089.028,1784607818190,1784607821251.0,1784607821329.0173,100.972,3061.0,78.017,1784606741251.0,3239.989
ss-35-480000,1784607810189.029,1784607810841,1784607821251.0,1784607821329.018,651.971,10410.0,78.018,1784606741251.0,11139.989
ss-36-480000,1784607817689.0256,1784607818190,1784607821251.0,1784607821329.0186,500.974,3061.0,78.019,1784606741251.0,3639.993
ss-37-480000,1784607817139.0173,1784607817140,1784607821251.0,1784607821329.0225,0.983,4111.0,78.022,1784606741251.0,4190.005
ss-38-480000,1784607818539.029,1784607819241,1784607821251.0,1784607821329.023,701.971,2010.0,78.023,1784606741251.0,2789.994
ss-39-480000,1784607812989.023,1784607813991,1784607821251.0,1784607821329.0237,1001.977,7260.0,78.024,1784606741251.0,8340.001
ss-4-480000,1784607817789.0244,1784607818190,1784607821251.0,1784607821329.0242,400.976,3061.0,78.024,1784606741251.0,3540.0
ss-40-480000,1784607799039.031,1784607799291,1784607821251.0,1784607821329.0247,251.969,21960.0,78.025,1784606741251.0,22289.994
ss-41-480000,1784607815289.023,1784607816090,1784607821251.0,1784607821329.0251,800.977,5161.0,78.025,1784606741251.0,6040.002
ss-42-480000,1784607811189.031,1784607811891,1784607821251.0,1784607821329.026,701.969,9360.0,78.026,1784606741251.0,10139.995
ss-43-480000,1784607817889.024,1784607818190,1784607821251.0,1784607821329.0264,300.976,3061.0,78.026,1784606741251.0,3440.002
ss-44-480000,1784607817539.0242,1784607818190,1784607821251.0,1784607821329.0269,650.976,3061.0,78.027,1784606741251.0,3790.003
ss-45-480000,1784607817039.0269,1784607817140,1784607821251.0,1784607821329.0276,100.973,4111.0,78.028,1784606741251.0,4290.001
ss-46-480000,1784607812939.028,1784607812941,1784607821251.0,1784607821329.0283,1.972,8310.0,78.028,1784606741251.0,8390.0
ss-47-480000,1784607818939.0217,1784607819241,1784607821251.0,1784607821329.0386,301.978,2010.0,78.039,1784606741251.0,2390.017
ss-48-480000,1784607802489.0215,1784607803491,1784607821251.0,1784607821329.039,1001.979,17760.0,78.039,1784606741251.0,18840.018
ss-49-480000,1784607817339.0283,1784607818190,1784607821251.0,1784607821329.0398,850.972,3061.0,78.04,1784606741251.0,3990.011
ss-5-480000,1784607815939.0273,1784607816090,1784607821251.0,1784607821329.0403,150.973,5161.0,78.04,1784606741251.0,5390.013
ss-50-480000,1784607815839.0247,1784607816090,1784607821251.0,1784607821329.0408,250.975,5161.0,78.041,1784606741251.0,5490.016
ss-51-480000,1784607818389.0264,1784607819241,1784607821251.0,1784607821329.0413,851.974,2010.0,78.041,1784606741251.0,2940.015
ss-52-480000,1784607816739.0286,1784607817140,1784607821251.0,1784607821329.0417,400.971,4111.0,78.042,1784606741251.0,4590.013
ss-53-480000,1784607816389.0247,1784607817140,1784607821251.0,1784607821329.0425,750.975,4111.0,78.042,1784606741251.0,4940.018
ss-54-480000,1784607811389.0251,1784607811891,1784607821251.0,1784607821329.043,501.975,9360.0,78.043,1784606741251.0,9940.018
ss-55-480000,1784607815089.0173,1784607816090,1784607821251.0,1784607821329.0435,1000.983,5161.0,78.043,1784606741251.0,6240.026
ss-56-480000,1784607818889.0295,1784607819241,1784607821251.0,1784607821329.044,351.97,2010.0,78.044,1784606741251.0,2440.014
ss-57-480000,1784607818689.0222,1784607819241,1784607821251.0,1784607821329.0447,551.978,2010.0,78.045,1784606741251.0,2640.022
ss-58-480000,1784607816339.0386,1784607817140,1784607821251.0,1784607821329.0452,800.961,4111.0,78.045,1784606741251.0,4990.007
ss-59-480000,1784607815039.0266,1784607815041,1784607821251.0,1784607821329.046,1.973,6210.0,78.046,1784606741251.0,6290.019
ss-6-480000,1784607815989.026,1784607816090,1784607821251.0,1784607821329.0464,100.974,5161.0,78.046,1784606741251.0,5340.021
ss-60-480000,1784607818589.0273,1784607819241,1784607821251.0,1784607821329.0469,651.973,2010.0,78.047,1784606741251.0,2740.02
ss-61-480000,1784607799339.0256,1784607800341,1784607821251.0,1784607821329.0474,1001.974,20910.0,78.047,1784606741251.0,21990.022
ss-62-480000,1784607808339.029,1784607808741,1784607821252.0,1784607821329.048,401.971,12511.0,77.048,1784606741252.0,12990.019
ss-63-480000,1784607816489.026,1784607817140,1784607821252.0,1784607821329.0486,650.974,4112.0,77.049,1784606741252.0,4840.023
ss-64-480000,1784607813489.024,1784607813991,1784607821252.0,1784607821329.0498,501.976,7261.0,77.05,1784606741252.0,7840.026
ss-65-480000,1784607814839.0215,1784607815041,1784607821252.0,1784607821329.0503,201.979,6211.0,77.05,1784606741252.0,6490.029
ss-66-480000,1784607814989.0303,1784607815041,1784607821252.0,1784607821329.051,51.97,6211.0,77.051,1784606741252.0,6340.021
ss-67-480000,1784607805489.0276,1784607805591,1784607821252.0,1784607821329.059,101.972,15661.0,77.059,1784606741252.0,15840.031
ss-68-480000,1784607817289.0283,1784607818190,1784607821252.0,1784607821329.0632,900.972,3062.0,77.063,1784606741252.0,4040.035
ss-69-480000,1784607807339.0254,1784607807691,1784607821252.0,1784607821329.074,351.975,13561.0,77.074,1784606741252.0,13990.049
ss-7-480000,1784607815139.013,1784607816090,1784607821252.0,1784607821329.0747,950.987,5162.0,77.075,1784606741252.0,6190.062
ss-70-480000,1784607814089.0256,1784607815041,1784607821252.0,1784607821329.0752,951.974,6211.0,77.075,1784606741252.0,7240.05
ss-71-480000,1784607817189.018,1784607818190,1784607821252.0,1784607821329.076,1000.982,3062.0,77.076,1784606741252.0,4140.058
ss-72-480000,1784607814439.0195,1784607815041,1784607821252.0,1784607821329.0764,601.98,6211.0,77.076,1784606741252.0,6890.057
ss-73-480000,1784607812439.0227,1784607812941,1784607821252.0,1784607821329.0771,501.977,8311.0,77.077,1784606741252.0,8890.054
ss-74-480000,1784607818489.0298,1784607819241,1784607821252.0,1784607821329.0776,751.97,2011.0,77.078,1784606741252.0,2840.048
ss-75-480000,1784607816189.0212,1784607817140,1784607821252.0,1784607821329.0784,950.979,4112.0,77.078,1784606741252.0,5140.057
ss-76-480000,1784607818839.025,1784607819241,1784607821252.0,1784607821329.0789,401.975,2011.0,77.079,1784606741252.0,2490.054
ss-77-480000,1784607819039.0269,1784607819241,1784607821252.0,1784607821329.0793,201.973,2011.0,77.079,1784606741252.0,2290.052
ss-78-480000,1784607809289.034,1784607809791,1784607821252.0,1784607821329.0798,501.966,11461.0,77.08,1784606741252.0,12040.046
ss-79-480000,1784607811739.0205,1784607811891,1784607821252.0,1784607821329.0803,151.979,9361.0,77.08,1784606741252.0,9590.06
ss-8-480000,1784607817439.0293,1784607818190,1784607821252.0,1784607821329.0808,750.971,3062.0,77.081,1784606741252.0,3890.052
ss-80-480000,1784607818439.0261,1784607819241,1784607821252.0,1784607821329.0815,801.974,2011.0,77.082,1784606741252.0,2890.055
ss-81-480000,1784607804439.0344,1784607804541,1784607821252.0,1784607821329.5337,101.966,16711.0,77.534,1784606741252.0,16890.499
ss-82-480000,1784607814489.024,1784607815041,1784607821252.0,1784607821329.5344,551.976,6211.0,77.534,1784606741252.0,6840.51
ss-83-480000,1784607813089.0225,1784607813991,1784607821252.0,1784607821329.535,901.978,7261.0,77.535,1784606741252.0,8240.512
ss-84-480000,1784607808739.0222,1784607808741,1784607821252.0,1784607821329.5352,1.978,12511.0,77.535,1784606741252.0,12590.513
ss-85-480000,1784607817839.024,1784607818190,1784607821252.0,1784607821329.5356,350.976,3062.0,77.536,1784606741252.0,3490.512
ss-86-480000,1784607819189.0293,1784607819241,1784607821252.0,1784607821329.5415,51.971,2011.0,77.542,1784606741252.0,2140.512
ss-87-480000,1784607811889.0232,1784607811891,1784607821252.0,1784607821329.5422,1.977,9361.0,77.542,1784606741252.0,9440.519
ss-88-480000,1784607813889.0283,1784607813991,1784607821252.0,1784607821329.5457,101.972,7261.0,77.546,1784606741252.0,7440.517
ss-89-480000,1784607803589.0293,1784607804541,1784607821252.0,1784607821329.549,951.971,16711.0,77.549,1784606741252.0,17740.52
ss-9-480000,1784607814941.5427,1784607815041,1784607821252.0,1784607821329.5496,99.457,6211.0,77.55,1784606741252.0,6388.007
ss-90-480000,1784607818789.0251,1784607819241,1784607821252.0,1784607821329.55,451.975,2011.0,77.55,1784606741252.0,2540.525
ss-91-480000,1784607816839.0254,1784607817140,1784607821252.0,1784607821329.5505,300.975,4112.0,77.551,1784606741252.0,4490.525
ss-92-480000,1784607813839.0269,1784607813991,1784607821252.0,1784607821329.5508,151.973,7261.0,77.551,1784606741252.0,7490.524
ss-93-480000,1784607802689.018,1784607803491,1784607821252.0,1784607821329.5513,801.982,17761.0,77.551,1784606741252.0,18640.533
ss-94-480000,1784607809439.031,1784607809791,1784607821252.0,1784607821329.5625,351.969,11461.0,77.562,1784606741252.0,11890.531
ss-95-480000,1784607812789.0227,1784607812941,1784607821252.0,1784607821329.563,151.977,8311.0,77.563,1784606741252.0,8540.54
ss-96-480000,1784607819139.0283,1784607819241,1784607821252.0,1784607821329.5635,101.972,2011.0,77.563,1784606741252.0,2190.535
ss-97-480000,1784607815889.0247,1784607816090,1784607821252.0,1784607821329.564,200.975,5162.0,77.564,1784606741252.0,5440.539
ss-98-480000,1784607815239.0159,1784607816090,1784607821252.0,1784607821329.5642,850.984,5162.0,77.564,1784606741252.0,6090.548
ss-99-480000,1784607797939.0273,1784607798241,1784607821252.0,1784607821329.5647,301.973,23011.0,77.565,1784606741252.0,23390.537
ss-0-540000,1784607816289.0273,1784607817140,1784607821252.0,1784607821331.929,850.973,4112.0,79.929,1784606681252.0,5042.902
ss-1-540000,1784607815189.0293,1784607816090,1784607821252.0,1784607821331.9312,900.971,5162.0,79.931,1784606681252.0,6142.902
ss-10-540000,1784607800639.0242,1784607801391,1784607821252.0,1784607821331.9321,751.976,19861.0,79.932,1784606681252.0,20692.908
ss-11-540000,1784607818039.0242,1784607818190,1784607821252.0,1784607821331.933,150.976,3062.0,79.933,1784606681252.0,3292.909
ss-12-540000,1784607815539.0217,1784607816090,1784607821252.0,1784607821331.934,550.978,5162.0,79.934,1784606681252.0,5792.912
ss-13-540000,1784607809839.0354,1784607810841,1784607821252.0,1784607821331.935,1001.965,10411.0,79.935,1784606681252.0,11492.9
ss-14-540000,1784607817239.0247,1784607818190,1784607821252.0,1784607821331.9634,950.975,3062.0,79.963,1784606681252.0,4092.939
ss-15-540000,1784607817489.0295,1784607818190,1784607821252.0,1784607821331.9648,700.97,3062.0,79.965,1784606681252.0,3842.935
ss-16-540000,1784607818739.0242,1784607819241,1784607821252.0,1784607821331.9656,501.976,2011.0,79.966,1784606681252.0,2592.941
ss-17-540000,1784607805739.0188,1784607806641,1784607821252.0,1784607821331.9666,901.981,14611.0,79.967,1784606681252.0,15592.948
ss-18-540000,1784607814739.0154,1784607815041,1784607821252.0,1784607821331.9727,301.985,6211.0,79.973,1784606681252.0,6592.957
ss-19-540000,1784607817939.0237,1784607818190,1784607821252.0,1784607821331.9739,250.976,3062.0,79.974,1784606681252.0,3392.95
ss-2-540000,1784607816889.0305,1784607817140,1784607821252.0,1784607821331.9746,250.969,4112.0,79.975,1784606681252.0,4442.944
ss-20-540000,1784607816139.025,1784607817140,1784607821252.0,1784607821331.9753,1000.975,4112.0,79.975,1784606681252.0,5192.95
ss-21-540000,1784607815439.0183,1784607816090,1784607821252.0,1784607821331.9805,650.982,5162.0,79.98,1784606681252.0,5892.962
ss-22-540000,1784607816989.0261,1784607817140,1784607821252.0,1784607821331.9895,150.974,4112.0,79.99,1784606681252.0,4342.963
ss-23-540000,1784607817089.0256,1784607817140,1784607821252.0,1784607821332.0127,50.974,4112.0,80.013,1784606681252.0,4242.987
ss-24-540000,1784607817639.022,1784607818190,1784607821252.0,1784607821332.0137,550.978,3062.0,80.014,1784606681252.0,3692.992
ss-25-540000,1784607814639.0247,1784607815041,1784607821253.0,1784607821332.0146,401.975,6212.0,79.015,1784606681253.0,6692.99
ss-26-540000,1784607818639.0288,1784607819241,1784607821253.0,1784607821332.0154,601.971,2012.0,79.015,1784606681253.0,2692.987
ss-27-540000,1784607819089.0288,1784607819241,1784607821253.0,1784607821332.016,151.971,2012.0,79.016,1784606681253.0,2242.987
ss-28-540000,1784607816089.0215,1784607816090,1784607821253.0,1784607821332.0217,0.979,5163.0,79.022,1784606681253.0,5243.0
ss-29-540000,1784607812239.0254,1784607812941,1784607821253.0,1784607821332.0227,701.975,8312.0,79.023,1784606681253.0,9092.997
ss-3-540000,1784607814889.0208,1784607815041,1784607821253.0,1784607821332.0237,151.979,6212.0,79.024,1784606681253.0,6443.003
ss-30-540000,1784607818239.0269,1784607819241,1784607821253.0,1784607821332.0244,1001.973,2012.0,79.024,1784606681253.0,3092.998
ss-31-540000,1784607818989.0295,1784607819241,1784607821253.0,1784607821332.032,251.97,2012.0,79.032,1784606681253.0,2343.002
ss-32-540000,1784607816439.0234,1784607817140,1784607821253.0,1784607821332.1228,700.977,4113.0,79.123,1784606681253.0,4893.099
ss-33-540000,1784607799589.0227,1784607800341,1784607821253.0,1784607821332.131,751.977,20912.0,79.131,1784606681253.0,21743.108
ss-34-540000,1784607818089.028,1784607818190,1784607821253.0,1784607821332.1343,100.972,3063.0,79.134,1784606681253.0,3243.106
ss-35-540000,1784607810189.029,1784607810841,1784607821253.0,1784607821332.1348,651.971,10412.0,79.135,1784606681253.0,11143.106
ss-36-540000,1784607817689.0256,1784607818190,1784607821253.0,1784607821332.1355,500.974,3063.0,79.135,1784606681253.0,3643.11
ss-37-540000,1784607817139.0173,1784607817140,1784607821253.0,1784607821332.136,0.983,4113.0,79.136,1784606681253.0,4193.119
ss-38-540000,1784607818539.029,1784607819241,1784607821253.0,1784607821332.1365,701.971,2012.0,79.136,1784606681253.0,2793.107
ss-39-540000,1784607812989.023,1784607813991,1784607821253.0,1784607821332.137,1001.977,7262.0,79.137,1784606681253.0,8343.114
ss-4-540000,1784607817789.0244,1784607818190,1784607821253.0,1784607821332.1377,400.976,3063.0,79.138,1784606681253.0,3543.113
ss-40-540000,1784607799039.031,1784607799291,1784607821253.0,1784607821332.1472,251.969,21962.0,79.147,1784606681253.0,22293.116
ss-41-540000,1784607815289.023,1784607816090,1784607821253.0,1784607821332.1477,800.977,5163.0,79.148,1784606681253.0,6043.125
ss-42-540000,1784607811189.031,1784607811891,1784607821253.0,1784607821332.151,701.969,9362.0,79.151,1784606681253.0,10143.12
ss-43-540000,1784607817889.024,1784607818190,1784607821253.0,1784607821332.1514,300.976,3063.0,79.151,1784606681253.0,3443.127
ss-44-540000,1784607817539.0242,1784607818190,1784607821253.0,1784607821332.1543,650.976,3063.0,79.154,1784606681253.0,3793.13
ss-45-540000,1784607817039.0269,1784607817140,1784607821253.0,1784607821332.1555,100.973,4113.0,79.156,1784606681253.0,4293.129
ss-46-540000,1784607812939.028,1784607812941,1784607821253.0,1784607821332.1565,1.972,8312.0,79.156,1784606681253.0,8393.128
ss-47-540000,1784607818939.0217,1784607819241,1784607821253.0,1784607821332.1567,301.978,2012.0,79.157,1784606681253.0,2393.135
ss-48-540000,1784607802489.0215,1784607803491,1784607821253.0,1784607821332.1572,1001.979,17762.0,79.157,1784606681253.0,18843.136
ss-49-540000,1784607817339.0283,1784607818190,1784607821253.0,1784607821332.1619,850.972,3063.0,79.162,1784606681253.0,3993.134
ss-5-540000,1784607815939.0273,1784607816090,1784607821253.0,1784607821332.2065,150.973,5163.0,79.207,1784606681253.0,5393.179
ss-50-540000,1784607815839.0247,1784607816090,1784607821253.0,1784607821332.208,250.975,5163.0,79.208,1784606681253.0,5493.183
ss-51-540000,1784607818389.0264,1784607819241,1784607821253.0,1784607821332.2087,851.974,2012.0,79.209,1784606681253.0,2943.182
ss-52-540000,1784607816739.0286,1784607817140,1784607821253.0,1784607821332.2168,400.971,4113.0,79.217,1784606681253.0,4593.188
ss-53-540000,1784607816389.0247,1784607817140,1784607821253.0,1784607821332.224,750.975,4113.0,79.224,1784606681253.0,4943.199
ss-54-540000,1784607811389.0251,1784607811891,1784607821253.0,1784607821332.225,501.975,9362.0,79.225,1784606681253.0,9943.2
ss-55-540000,1784607815089.0173,1784607816090,1784607821253.0,1784607821332.226,1000.983,5163.0,79.226,1784606681253.0,6243.209
ss-56-540000,1784607818889.0295,1784607819241,1784607821253.0,1784607821332.227,351.97,2012.0,79.227,1784606681253.0,2443.198
ss-57-540000,1784607818689.0222,1784607819241,1784607821253.0,1784607821332.2563,551.978,2012.0,79.256,1784606681253.0,2643.234
ss-58-540000,1784607816339.0386,1784607817140,1784607821253.0,1784607821332.257,800.961,4113.0,79.257,1784606681253.0,4993.219
ss-59-540000,1784607815039.0266,1784607815041,1784607821253.0,1784607821332.2583,1.973,6212.0,79.258,1784606681253.0,6293.232
ss-6-540000,1784607815989.026,1784607816090,1784607821253.0,1784607821332.2593,100.974,5163.0,79.259,1784606681253.0,5343.233
ss-60-540000,1784607818589.0273,1784607819241,1784607821253.0,1784607821332.3303,651.973,2012.0,79.33,1784606681253.0,2743.303
ss-61-540000,1784607799339.0256,1784607800341,1784607821253.0,1784607821332.3313,1001.974,20912.0,79.331,1784606681253.0,21993.306
ss-62-540000,1784607808339.029,1784607808741,1784607821253.0,1784607821332.3323,401.971,12512.0,79.332,1784606681253.0,12993.303
ss-63-540000,1784607816489.026,1784607817140,1784607821253.0,1784607821332.333,650.974,4113.0,79.333,1784606681253.0,4843.307
ss-64-540000,1784607813489.024,1784607813991,1784607821253.0,1784607821332.3345,501.976,7262.0,79.334,1784606681253.0,7843.311
ss-65-540000,1784607814839.0215,1784607815041,1784607821253.0,1784607821332.3354,201.979,6212.0,79.335,1784606681253.0,6493.314
ss-66-540000,1784607814989.0303,1784607815041,1784607821253.0,1784607821332.3362,51.97,6212.0,79.336,1784606681253.0,6343.306
ss-67-540000,1784607805489.0276,1784607805591,1784607821253.0,1784607821332.3372,101.972,15662.0,79.337,1784606681253.0,15843.31
ss-68-540000,1784607817289.0283,1784607818190,1784607821253.0,1784607821332.338,900.972,3063.0,79.338,1784606681253.0,4043.31
ss-69-540000,1784607807339.0254,1784607807691,1784607821253.0,1784607821332.3389,351.975,13562.0,79.339,1784606681253.0,13993.313
ss-7-540000,1784607815139.013,1784607816090,1784607821253.0,1784607821332.346,950.987,5163.0,79.346,1784606681253.0,6193.333
ss-70-540000,1784607814089.0256,1784607815041,1784607821253.0,1784607821332.3467,951.974,6212.0,79.347,1784606681253.0,7243.321
ss-71-540000,1784607817189.018,1784607818190,1784607821253.0,1784607821332.348,1000.982,3063.0,79.348,1784606681253.0,4143.33
ss-72-540000,1784607814439.0195,1784607815041,1784607821253.0,1784607821332.3723,601.98,6212.0,79.372,1784606681253.0,6893.353
ss-73-540000,1784607812439.0227,1784607812941,1784607821253.0,1784607821332.3733,501.977,8312.0,79.373,1784606681253.0,8893.351
ss-74-540000,1784607818489.0298,1784607819241,1784607821253.0,1784607821332.379,751.97,2012.0,79.379,1784606681253.0,2843.349
ss-75-540000,1784607816189.0212,1784607817140,1784607821253.0,1784607821332.38,950.979,4113.0,79.38,1784606681253.0,5143.359
ss-76-540000,1784607818839.025,1784607819241,1784607821254.0,1784607821332.41,401.975,2013.0,78.41,1784606681254.0,2493.385
ss-77-540000,1784607819039.0269,1784607819241,1784607821254.0,1784607821332.411,201.973,2013.0,78.411,1784606681254.0,2293.384
ss-78-540000,1784607809289.034,1784607809791,1784607821254.0,1784607821332.4119,501.966,11463.0,78.412,1784606681254.0,12043.378
ss-79-540000,1784607811739.0205,1784607811891,1784607821254.0,1784607821332.45,151.979,9363.0,78.45,1784606681254.0,9593.429
ss-8-540000,1784607817439.0293,1784607818190,1784607821254.0,1784607821332.4507,750.971,3064.0,78.451,1784606681254.0,3893.421
ss-80-540000,1784607818439.0261,1784607819241,1784607821254.0,1784607821332.4514,801.974,2013.0,78.451,1784606681254.0,2893.425
ss-81-540000,1784607804439.0344,1784607804541,1784607821254.0,1784607821332.4521,101.966,16713.0,78.452,1784606681254.0,16893.418
ss-82-540000,1784607814489.024,1784607815041,1784607821254.0,1784607821332.453,551.976,6213.0,78.453,1784606681254.0,6843.429
ss-83-540000,1784607813089.0225,1784607813991,1784607821254.0,1784607821332.4536,901.978,7263.0,78.454,1784606681254.0,8243.431
ss-84-540000,1784607808739.0222,1784607808741,1784607821254.0,1784607821332.4543,1.978,12513.0,78.454,1784606681254.0,12593.432
ss-85-540000,1784607817839.024,1784607818190,1784607821254.0,1784607821332.4607,350.976,3064.0,78.461,1784606681254.0,3493.437
ss-86-540000,1784607819189.0293,1784607819241,1784607821254.0,1784607821332.4617,51.971,2013.0,78.462,1784606681254.0,2143.432
ss-87-540000,1784607811889.0232,1784607811891,1784607821254.0,1784607821332.4624,1.977,9363.0,78.462,1784606681254.0,9443.439
ss-88-540000,1784607813889.0283,1784607813991,1784607821254.0,1784607821332.4875,101.972,7263.0,78.488,1784606681254.0,7443.459
ss-89-540000,1784607803589.0293,1784607804541,1784607821254.0,1784607821332.4885,951.971,16713.0,78.489,1784606681254.0,17743.459
ss-9-540000,1784607814941.5427,1784607815041,1784607821254.0,1784607821332.5273,99.457,6213.0,78.527,1784606681254.0,6390.985
ss-90-540000,1784607818789.0251,1784607819241,1784607821254.0,1784607821332.5286,451.975,2013.0,78.529,1784606681254.0,2543.503
ss-91-540000,1784607816839.0254,1784607817140,1784607821254.0,1784607821332.5295,300.975,4114.0,78.53,1784606681254.0,4493.504
ss-92-540000,1784607813839.0269,1784607813991,1784607821254.0,1784607821332.5403,151.973,7263.0,78.54,1784606681254.0,7493.513
ss-93-540000,1784607802689.018,1784607803491,1784607821254.0,1784607821332.5461,801.982,17763.0,78.546,1784606681254.0,18643.528
ss-94-540000,1784607809439.031,1784607809791,1784607821254.0,1784607821332.5466,351.969,11463.0,78.547,1784606681254.0,11893.516
ss-95-540000,1784607812789.0227,1784607812941,1784607821254.0,1784607821332.5469,151.977,8313.0,78.547,1784606681254.0,8543.524
ss-96-540000,1784607819139.0283,1784607819241,1784607821254.0,1784607821332.6167,101.972,2013.0,78.617,1784606681254.0,2193.588
ss-97-540000,1784607815889.0247,1784607816090,1784607821254.0,1784607821332.6174,200.975,5164.0,78.617,1784606681254.0,5443.593
ss-98-540000,1784607815239.0159,1784607816090,1784607821254.0,1784607821332.618,850.984,5164.0,78.618,1784606681254.0,6093.602
ss-99-540000,1784607797939.0273,1784607798241,1784607821254.0,1784607821332.6187,301.973,23013.0,78.619,1784606681254.0,23393.591
ss-0-600000,1784607816289.0273,1784607817140,1784607821254.0,1784607821332.6191,850.973,4114.0,78.619,1784606621254.0,5043.592
ss-1-600000,1784607815189.0293,1784607816090,1784607821254.0,1784607821332.6228,900.971,5164.0,78.623,1784606621254.0,6143.594
ss-10-600000,1784607800639.0242,1784607801391,1784607821254.0,1784607821332.6233,751.976,19863.0,78.623,1784606621254.0,20693.599
ss-11-600000,1784607818039.0242,1784607818190,1784607821254.0,1784607821332.6238,150.976,3064.0,78.624,1784606621254.0,3293.6
ss-12-600000,1784607815539.0217,1784607816090,1784607821254.0,1784607821332.6243,550.978,5164.0,78.624,1784606621254.0,5793.603
ss-13-600000,1784607809839.0354,1784607810841,1784607821254.0,1784607821332.6248,1001.965,10413.0,78.625,1784606621254.0,11493.589
ss-14-600000,1784607817239.0247,1784607818190,1784607821254.0,1784607821332.625,950.975,3064.0,78.625,1784606621254.0,4093.6
ss-15-600000,1784607817489.0295,1784607818190,1784607821254.0,1784607821332.636,700.97,3064.0,78.636,1784606621254.0,3843.606
ss-16-600000,1784607818739.0242,1784607819241,1784607821254.0,1784607821332.6365,501.976,2013.0,78.636,1784606621254.0,2593.612
ss-17-600000,1784607805739.0188,1784607806641,1784607821254.0,1784607821332.637,901.981,14613.0,78.637,1784606621254.0,15593.618
ss-18-600000,1784607814739.0154,1784607815041,1784607821254.0,1784607821332.6406,301.985,6213.0,78.641,1784606621254.0,6593.625
ss-19-600000,1784607817939.0237,1784607818190,1784607821254.0,1784607821332.668,250.976,3064.0,78.668,1784606621254.0,3393.644
ss-2-600000,1784607816889.0305,1784607817140,1784607821254.0,1784607821332.6685,250.969,4114.0,78.668,1784606621254.0,4443.638
ss-20-600000,1784607816139.025,1784607817140,1784607821254.0,1784607821332.672,1000.975,4114.0,78.672,1784606621254.0,5193.647
ss-21-600000,1784607815439.0183,1784607816090,1784607821254.0,1784607821332.6833,650.982,5164.0,78.683,1784606621254.0,5893.665
ss-22-600000,1784607816989.0261,1784607817140,1784607821254.0,1784607821332.6982,150.974,4114.0,78.698,1784606621254.0,4343.672
ss-23-600000,1784607817089.0256,1784607817140,1784607821254.0,1784607821332.6987,50.974,4114.0,78.699,1784606621254.0,4243.673
ss-24-600000,1784607817639.022,1784607818190,1784607821254.0,1784607821332.7024,550.978,3064.0,78.702,1784606621254.0,3693.68
ss-25-600000,1784607814639.0247,1784607815041,1784607821254.0,1784607821332.703,401.975,6213.0,78.703,1784606621254.0,6693.678
ss-26-600000,1784607818639.0288,1784607819241,1784607821254.0,1784607821332.7275,601.971,2013.0,78.728,1784606621254.0,2693.699
ss-27-600000,1784607819089.0288,1784607819241,1784607821254.0,1784607821332.728,151.971,2013.0,78.728,1784606621254.0,2243.699
ss-28-600000,1784607816089.0215,1784607816090,1784607821254.0,1784607821332.741,0.979,5164.0,78.741,1784606621254.0,5243.719
ss-29-600000,1784607812239.0254,1784607812941,1784607821254.0,1784607821332.7412,701.975,8313.0,78.741,1784606621254.0,9093.716
ss-3-600000,1784607814889.0208,1784607815041,1784607821255.0,1784607821332.8398,151.979,6214.0,77.84,1784606621255.0,6443.819
ss-30-600000,1784607818239.0269,1784607819241,1784607821255.0,1784607821332.8413,1001.973,2014.0,77.841,1784606621255.0,3093.814
ss-31-600000,1784607818989.0295,1784607819241,1784607821255.0,1784607821332.843,251.97,2014.0,77.843,1784606621255.0,2343.813
ss-32-600000,1784607816439.0234,1784607817140,1784607821255.0,1784607821332.844,700.977,4115.0,77.844,1784606621255.0,4893.821
ss-33-600000,1784607799589.0227,1784607800341,1784607821255.0,1784607821332.8452,751.977,20914.0,77.845,1784606621255.0,21743.823
ss-34-600000,1784607818089.028,1784607818190,1784607821255.0,1784607821332.8464,100.972,3065.0,77.846,1784606621255.0,3243.818
ss-35-600000,1784607810189.029,1784607810841,1784607821255.0,1784607821332.8474,651.971,10414.0,77.847,1784606621255.0,11143.818
ss-36-600000,1784607817689.0256,1784607818190,1784607821255.0,1784607821332.8555,500.974,3065.0,77.855,1784606621255.0,3643.83
ss-37-600000,1784607817139.0173,1784607817140,1784607821255.0,1784607821332.8564,0.983,4115.0,77.856,1784606621255.0,4193.839
ss-38-600000,1784607818539.029,1784607819241,1784607821255.0,1784607821332.8574,701.971,2014.0,77.857,1784606621255.0,2793.828
ss-39-600000,1784607812989.023,1784607813991,1784607821255.0,1784607821332.8582,1001.977,7264.0,77.858,1784606621255.0,8343.835
ss-4-600000,1784607817789.0244,1784607818190,1784607821255.0,1784607821332.8718,400.976,3065.0,77.872,1784606621255.0,3543.847
ss-40-600000,1784607799039.031,1784607799291,1784607821255.0,1784607821332.8728,251.969,21964.0,77.873,1784606621255.0,22293.842
ss-41-600000,1784607815289.023,1784607816090,1784607821255.0,1784607821332.8784,800.977,5165.0,77.878,1784606621255.0,6043.855
ss-42-600000,1784607811189.031,1784607811891,1784607821255.0,1784607821332.88,701.969,9364.0,77.88,1784606621255.0,10143.849
ss-43-600000,1784607817889.024,1784607818190,1784607821255.0,1784607821332.8806,300.976,3065.0,77.881,1784606621255.0,3443.857
ss-44-600000,1784607817539.0242,1784607818190,1784607821255.0,1784607821332.8816,650.976,3065.0,77.882,1784606621255.0,3793.857
ss-45-600000,1784607817039.0269,1784607817140,1784607821255.0,1784607821332.8826,100.973,4115.0,77.883,1784606621255.0,4293.856
ss-46-600000,1784607812939.028,1784607812941,1784607821255.0,1784607821332.9192,1.972,8314.0,77.919,1784606621255.0,8393.891
ss-47-600000,1784607818939.0217,1784607819241,1784607821255.0,1784607821332.9263,301.978,2014.0,77.926,1784606621255.0,2393.905
ss-48-600000,1784607802489.0215,1784607803491,1784607821255.0,1784607821332.9272,1001.979,17764.0,77.927,1784606621255.0,18843.906
ss-49-600000,1784607817339.0283,1784607818190,1784607821255.0,1784607821332.9282,850.972,3065.0,77.928,1784606621255.0,3993.9
ss-5-600000,1784607815939.0273,1784607816090,1784607821255.0,1784607821332.9365,150.973,5165.0,77.937,1784606621255.0,5393.909
ss-50-600000,1784607815839.0247,1784607816090,1784607821255.0,1784607821332.9373,250.975,5165.0,77.937,1784606621255.0,5493.913
ss-51-600000,1784607818389.0264,1784607819241,1784607821255.0,1784607821332.9504,851.974,2014.0,77.95,1784606621255.0,2943.924
ss-52-600000,1784607816739.0286,1784607817140,1784607821255.0,1784607821332.9512,400.971,4115.0,77.951,1784606621255.0,4593.923
ss-53-600000,1784607816389.0247,1784607817140,1784607821255.0,1784607821332.955,750.975,4115.0,77.955,1784606621255.0,4943.93
ss-54-600000,1784607811389.0251,1784607811891,1784607821255.0,1784607821332.9556,501.975,9364.0,77.956,1784606621255.0,9943.93
ss-55-600000,1784607815089.0173,1784607816090,1784607821255.0,1784607821332.9783,1000.983,5165.0,77.978,1784606621255.0,6243.961
ss-56-600000,1784607818889.0295,1784607819241,1784607821255.0,1784607821332.982,351.97,2014.0,77.982,1784606621255.0,2443.952
ss-57-600000,1784607818689.0222,1784607819241,1784607821255.0,1784607821332.9973,551.978,2014.0,77.997,1784606621255.0,2643.975
ss-58-600000,1784607816339.0386,1784607817140,1784607821255.0,1784607821332.9978,800.961,4115.0,77.998,1784606621255.0,4993.959
ss-59-600000,1784607815039.0266,1784607815041,1784607821255.0,1784607821333.001,1.973,6214.0,78.001,1784606621255.0,6293.974
ss-6-600000,1784607815989.026,1784607816090,1784607821255.0,1784607821333.0015,100.974,5165.0,78.001,1784606621255.0,5343.976
ss-60-600000,1784607818589.0273,1784607819241,1784607821255.0,1784607821333.041,651.973,2014.0,78.041,1784606621255.0,2744.014
ss-61-600000,1784607799339.0256,1784607800341,1784607821255.0,1784607821333.043,1001.974,20914.0,78.043,1784606621255.0,21994.017
ss-62-600000,1784607808339.029,1784607808741,1784607821255.0,1784607821333.05,401.971,12514.0,78.05,1784606621255.0,12994.021
ss-63-600000,1784607816489.026,1784607817140,1784607821256.0,1784607821333.0515,650.974,4116.0,77.052,1784606621256.0,4844.026
ss-64-600000,1784607813489.024,1784607813991,1784607821256.0,1784607821333.0608,501.976,7265.0,77.061,1784606621256.0,7844.037
ss-65-600000,1784607814839.0215,1784607815041,1784607821256.0,1784607821333.0615,201.979,6215.0,77.062,1784606621256.0,6494.04
ss-66-600000,1784607814989.0303,1784607815041,1784607821256.0,1784607821333.0625,51.97,6215.0,77.062,1784606621256.0,6344.032
ss-67-600000,1784607805489.0276,1784607805591,1784607821256.0,1784607821333.064,101.972,15665.0,77.064,1784606621256.0,15844.036
ss-68-600000,1784607817289.0283,1784607818190,1784607821256.0,1784607821333.0713,900.972,3066.0,77.071,1784606621256.0,4044.043
ss-69-600000,1784607807339.0254,1784607807691,1784607821256.0,1784607821333.072,351.975,13565.0,77.072,1784606621256.0,13994.047
ss-7-600000,1784607815139.013,1784607816090,1784607821256.0,1784607821333.0786,950.987,5166.0,77.079,1784606621256.0,6194.066
ss-70-600000,1784607814089.0256,1784607815041,1784607821256.0,1784607821333.08,951.974,6215.0,77.08,1784606621256.0,7244.054
ss-71-600000,1784607817189.018,1784607818190,1784607821256.0,1784607821333.0981,1000.982,3066.0,77.098,1784606621256.0,4144.08
ss-72-600000,1784607814439.0195,1784607815041,1784607821256.0,1784607821333.099,601.98,6215.0,77.099,1784606621256.0,6894.08
ss-73-600000,1784607812439.0227,1784607812941,1784607821256.0,1784607821333.1194,501.977,8315.0,77.119,1784606621256.0,8894.097
ss-74-600000,1784607818489.0298,1784607819241,1784607821256.0,1784607821333.1206,751.97,2015.0,77.121,1784606621256.0,2844.091
ss-75-600000,1784607816189.0212,1784607817140,1784607821256.0,1784607821333.153,950.979,4116.0,77.153,1784606621256.0,5144.132
ss-76-600000,1784607818839.025,1784607819241,1784607821256.0,1784607821333.1543,401.975,2015.0,77.154,1784606621256.0,2494.129
ss-77-600000,1784607819039.0269,1784607819241,1784607821256.0,1784607821333.155,201.973,2015.0,77.155,1784606621256.0,2294.128
ss-78-600000,1784607809289.034,1784607809791,1784607821256.0,1784607821333.1594,501.966,11465.0,77.159,1784606621256.0,12044.125
ss-79-600000,1784607811739.0205,1784607811891,1784607821256.0,1784607821333.164,151.979,9365.0,77.164,1784606621256.0,9594.144
ss-8-600000,1784607817439.0293,1784607818190,1784607821256.0,1784607821333.1646,750.971,3066.0,77.165,1784606621256.0,3894.135
ss-80-600000,1784607818439.0261,1784607819241,1784607821256.0,1784607821333.165,801.974,2015.0,77.165,1784606621256.0,2894.139
ss-81-600000,1784607804439.0344,1784607804541,1784607821256.0,1784607821333.196,101.966,16715.0,77.196,1784606621256.0,16894.162
ss-82-600000,1784607814489.024,1784607815041,1784607821256.0,1784607821333.1973,551.976,6215.0,77.197,1784606621256.0,6844.173
ss-83-600000,1784607813089.0225,1784607813991,1784607821256.0,1784607821333.1978,901.978,7265.0,77.198,1784606621256.0,8244.175
ss-84-600000,1784607808739.0222,1784607808741,1784607821256.0,1784607821333.1982,1.978,12515.0,77.198,1784606621256.0,12594.176
ss-85-600000,1784607817839.024,1784607818190,1784607821256.0,1784607821333.2173,350.976,3066.0,77.217,1784606621256.0,3494.193
ss-86-600000,1784607819189.0293,1784607819241,1784607821256.0,1784607821333.2178,51.971,2015.0,77.218,1784606621256.0,2144.188
ss-87-600000,1784607811889.0232,1784607811891,1784607821256.0,1784607821333.2805,1.977,9365.0,77.281,1784606621256.0,9444.257
ss-88-600000,1784607813889.0283,1784607813991,1784607821256.0,1784607821333.2815,101.972,7265.0,77.281,1784606621256.0,7444.253
ss-89-600000,1784607803589.0293,1784607804541,1784607821256.0,1784607821333.282,951.971,16715.0,77.282,1784606621256.0,17744.253
ss-9-600000,1784607814941.5427,1784607815041,1784607821256.0,1784607821333.2825,99.457,6215.0,77.282,1784606621256.0,6391.74
ss-90-600000,1784607818789.0251,1784607819241,1784607821256.0,1784607821333.283,451.975,2015.0,77.283,1784606621256.0,2544.258
ss-91-600000,1784607816839.0254,1784607817140,1784607821256.0,1784607821333.2837,300.975,4116.0,77.284,1784606621256.0,4494.258
ss-92-600000,1784607813839.0269,1784607813991,1784607821256.0,1784607821333.2842,151.973,7265.0,77.284,1784606621256.0,7494.257
ss-93-600000,1784607802689.018,1784607803491,1784607821256.0,1784607821333.2847,801.982,17765.0,77.285,1784606621256.0,18644.267
ss-94-600000,1784607809439.031,1784607809791,1784607821256.0,1784607821333.2852,351.969,11465.0,77.285,1784606621256.0,11894.254
ss-95-600000,1784607812789.0227,1784607812941,1784607821256.0,1784607821333.2854,151.977,8315.0,77.285,1784606621256.0,8544.263
ss-96-600000,1784607819139.0283,1784607819241,1784607821256.0,1784607821333.3098,101.972,2015.0,77.31,1784606621256.0,2194.281
ss-97-600000,1784607815889.0247,1784607816090,1784607821256.0,1784607821333.3103,200.975,5166.0,77.31,1784606621256.0,5444.286
ss-98-600000,1784607815239.0159,1784607816090,1784607821257.0,1784607821333.3108,850.984,5167.0,76.311,1784606621257.0,6094.295
ss-99-600000,1784607797939.0273,1784607798241,1784607821257.0,1784607821333.311,301.973,23016.0,76.311,1784606621257.0,23394.284
ss-0-660000,1784607816289.0273,1784607817140,1784607821257.0,1784607821333.3357,850.973,4117.0,76.336,1784606561257.0,5044.308
ss-1-660000,1784607815189.0293,1784607816090,1784607821257.0,1784607821333.3362,900.971,5167.0,76.336,1784606561257.0,6144.307
ss-10-660000,1784607800639.0242,1784607801391,1784607821257.0,1784607821333.3364,751.976,19866.0,76.336,1784606561257.0,20694.312
ss-11-660000,1784607818039.0242,1784607818190,1784607821257.0,1784607821333.3367,150.976,3067.0,76.337,1784606561257.0,3294.312
ss-12-660000,1784607815539.0217,1784607816090,1784607821257.0,1784607821333.337,550.978,5167.0,76.337,1784606561257.0,5794.315
ss-13-660000,1784607809839.0354,1784607810841,1784607821257.0,1784607821333.3743,1001.965,10416.0,76.374,1784606561257.0,11494.339
ss-14-660000,1784607817239.0247,1784607818190,1784607821257.0,1784607821333.375,950.975,3067.0,76.375,1784606561257.0,4094.35
ss-15-660000,1784607817489.0295,1784607818190,1784607821257.0,1784607821333.3755,700.97,3067.0,76.375,1784606561257.0,3844.346
ss-16-660000,1784607818739.0242,1784607819241,1784607821257.0,1784607821333.3757,501.976,2016.0,76.376,1784606561257.0,2594.352
ss-17-660000,1784607805739.0188,1784607806641,1784607821257.0,1784607821333.3762,901.981,14616.0,76.376,1784606561257.0,15594.357
ss-18-660000,1784607814739.0154,1784607815041,1784607821257.0,1784607821333.401,301.985,6216.0,76.401,1784606561257.0,6594.385
ss-19-660000,1784607817939.0237,1784607818190,1784607821257.0,1784607821333.4014,250.976,3067.0,76.401,1784606561257.0,3394.378
ss-2-660000,1784607816889.0305,1784607817140,1784607821257.0,1784607821333.4019,250.969,4117.0,76.402,1784606561257.0,4444.371
ss-20-660000,1784607816139.025,1784607817140,1784607821257.0,1784607821333.4783,1000.975,4117.0,76.478,1784606561257.0,5194.453
ss-21-660000,1784607815439.0183,1784607816090,1784607821257.0,1784607821333.479,650.982,5167.0,76.479,1784606561257.0,5894.461
ss-22-660000,1784607816989.0261,1784607817140,1784607821257.0,1784607821333.4822,150.974,4117.0,76.482,1784606561257.0,4344.456
ss-23-660000,1784607817089.0256,1784607817140,1784607821257.0,1784607821333.4827,50.974,4117.0,76.483,1784606561257.0,4244.457
ss-24-660000,1784607817639.022,1784607818190,1784607821257.0,1784607821333.483,550.978,3067.0,76.483,1784606561257.0,3694.461
ss-25-660000,1784607814639.0247,1784607815041,1784607821257.0,1784607821333.4858,401.975,6216.0,76.486,1784606561257.0,6694.461
ss-26-660000,1784607818639.0288,1784607819241,1784607821257.0,1784607821333.488,601.971,2016.0,76.488,1784606561257.0,2694.459
ss-27-660000,1784607819089.0288,1784607819241,1784607821257.0,1784607821333.4902,151.971,2016.0,76.49,1784606561257.0,2244.461
ss-28-660000,1784607816089.0215,1784607816090,1784607821257.0,1784607821333.4905,0.979,5167.0,76.49,1784606561257.0,5244.469
ss-29-660000,1784607812239.0254,1784607812941,1784607821257.0,1784607821333.4907,701.975,8316.0,76.491,1784606561257.0,9094.465
ss-3-660000,1784607814889.0208,1784607815041,1784607821257.0,1784607821333.5288,151.979,6216.0,76.529,1784606561257.0,6444.508
ss-30-660000,1784607818239.0269,1784607819241,1784607821257.0,1784607821333.5295,1001.973,2016.0,76.53,1784606561257.0,3094.503
ss-31-660000,1784607818989.0295,1784607819241,1784607821257.0,1784607821333.5354,251.97,2016.0,76.535,1784606561257.0,2344.506
ss-32-660000,1784607816439.0234,1784607817140,1784607821257.0,1784607821333.5435,700.977,4117.0,76.543,1784606561257.0,4894.52
ss-33-660000,1784607799589.0227,1784607800341,1784607821257.0,1784607821333.5437,751.977,20916.0,76.544,1784606561257.0,21744.521
ss-34-660000,1784607818089.028,1784607818190,1784607821257.0,1784607821333.544,100.972,3067.0,76.544,1784606561257.0,3244.516
ss-35-660000,1784607810189.029,1784607810841,1784607821257.0,1784607821333.5442,651.971,10416.0,76.544,1784606561257.0,11144.515
ss-36-660000,1784607817689.0256,1784607818190,1784607821257.0,1784607821333.5444,500.974,3067.0,76.544,1784606561257.0,3644.519
ss-37-660000,1784607817139.0173,1784607817140,1784607821257.0,1784607821333.545,0.983,4117.0,76.545,1784606561257.0,4194.528
ss-38-660000,1784607818539.029,1784607819241,1784607821257.0,1784607821333.5474,701.971,2016.0,76.547,1784606561257.0,2794.518
ss-39-660000,1784607812989.023,1784607813991,1784607821257.0,1784607821333.56,1001.977,7266.0,76.56,1784606561257.0,8344.537
ss-4-660000,1784607817789.0244,1784607818190,1784607821258.0,1784607821333.563,400.976,3068.0,75.563,1784606561258.0,3544.539
ss-40-660000,1784607799039.031,1784607799291,1784607821258.0,1784607821333.5657,251.969,21967.0,75.566,1784606561258.0,22294.535
ss-41-660000,1784607815289.023,1784607816090,1784607821258.0,1784607821333.574,800.977,5168.0,75.574,1784606561258.0,6044.551
ss-42-660000,1784607811189.031,1784607811891,1784607821258.0,1784607821333.5828,701.969,9367.0,75.583,1784606561258.0,10144.552
ss-43-660000,1784607817889.024,1784607818190,1784607821258.0,1784607821333.5833,300.976,3068.0,75.583,1784606561258.0,3444.559
ss-44-660000,1784607817539.0242,1784607818190,1784607821258.0,1784607821333.5864,650.976,3068.0,75.586,1784606561258.0,3794.562
ss-45-660000,1784607817039.0269,1784607817140,1784607821258.0,1784607821333.5981,100.973,4118.0,75.598,1784606561258.0,4294.571
ss-46-660000,1784607812939.028,1784607812941,1784607821258.0,1784607821333.6382,1.972,8317.0,75.638,1784606561258.0,8394.61
ss-47-660000,1784607818939.0217,1784607819241,1784607821258.0,1784607821333.6387,301.978,2017.0,75.639,1784606561258.0,2394.617
ss-48-660000,1784607802489.0215,1784607803491,1784607821258.0,1784607821333.639,1001.979,17767.0,75.639,1784606561258.0,18844.617
ss-49-660000,1784607817339.0283,1784607818190,1784607821258.0,1784607821333.6392,850.972,3068.0,75.639,1784606561258.0,3994.611
ss-5-660000,1784607815939.0273,1784607816090,1784607821258.0,1784607821333.6423,150.973,5168.0,75.642,1784606561258.0,5394.615
ss-50-660000,1784607815839.0247,1784607816090,1784607821258.0,1784607821333.6428,250.975,5168.0,75.643,1784606561258.0,5494.618
ss-51-660000,1784607818389.0264,1784607819241,1784607821258.0,1784607821333.645,851.974,2017.0,75.645,1784606561258.0,2944.619
ss-52-660000,1784607816739.0286,1784607817140,1784607821258.0,1784607821333.6472,400.971,4118.0,75.647,1784606561258.0,4594.619
ss-53-660000,1784607816389.0247,1784607817140,1784607821258.0,1784607821333.6584,750.975,4118.0,75.658,1784606561258.0,4944.634
ss-54-660000,1784607811389.0251,1784607811891,1784607821258.0,1784607821333.6675,501.975,9367.0,75.667,1784606561258.0,9944.642
ss-55-660000,1784607815089.0173,1784607816090,1784607821258.0,1784607821333.6707,1000.983,5168.0,75.671,1784606561258.0,6244.653
ss-56-660000,1784607818889.0295,1784607819241,1784607821258.0,1784607821333.6907,351.97,2017.0,75.691,1784606561258.0,2444.661
ss-57-660000,1784607818689.0222,1784607819241,1784607821258.0,1784607821333.691,551.978,2017.0,75.691,1784606561258.0,2644.669
ss-58-660000,1784607816339.0386,1784607817140,1784607821258.0,1784607821333.6914,800.961,4118.0,75.691,1784606561258.0,4994.653
ss-59-660000,1784607815039.0266,1784607815041,1784607821258.0,1784607821333.6938,1.973,6217.0,75.694,1784606561258.0,6294.667
ss-6-660000,1784607815989.026,1784607816090,1784607821258.0,1784607821333.7058,100.974,5168.0,75.706,1784606561258.0,5344.68
ss-60-660000,1784607818589.0273,1784607819241,1784607821258.0,1784607821333.706,651.973,2017.0,75.706,1784606561258.0,2744.679
ss-61-660000,1784607799339.0256,1784607800341,1784607821258.0,1784607821333.719,1001.974,20917.0,75.719,1784606561258.0,21994.693
ss-62-660000,1784607808339.029,1784607808741,1784607821258.0,1784607821333.7192,401.971,12517.0,75.719,1784606561258.0,12994.69
ss-63-660000,1784607816489.026,1784607817140,1784607821258.0,1784607821333.7217,650.974,4118.0,75.722,1784606561258.0,4844.696
ss-64-660000,1784607813489.024,1784607813991,1784607821258.0,1784607821333.7307,501.976,7267.0,75.731,1784606561258.0,7844.707
ss-65-660000,1784607814839.0215,1784607815041,1784607821258.0,1784607821333.7556,201.979,6217.0,75.756,1784606561258.0,6494.734
ss-66-660000,1784607814989.0303,1784607815041,1784607821258.0,1784607821333.7693,51.97,6217.0,75.769,1784606561258.0,6344.739
ss-67-660000,1784607805489.0276,1784607805591,1784607821258.0,1784607821333.7698,101.972,15667.0,75.77,1784606561258.0,15844.742
ss-68-660000,1784607817289.0283,1784607818190,1784607821258.0,1784607821333.7703,900.972,3068.0,75.77,1784606561258.0,4044.742
ss-69-660000,1784607807339.0254,1784607807691,1784607821258.0,1784607821333.7944,351.975,13567.0,75.794,1784606561258.0,13994.769
ss-7-660000,1784607815139.013,1784607816090,1784607821258.0,1784607821333.7947,950.987,5168.0,75.795,1784606561258.0,6194.782
ss-70-660000,1784607814089.0256,1784607815041,1784607821258.0,1784607821333.8374,951.974,6217.0,75.837,1784606561258.0,7244.812
ss-71-660000,1784607817189.018,1784607818190,1784607821258.0,1784607821333.838,1000.982,3068.0,75.838,1784606561258.0,4144.82
ss-72-660000,1784607814439.0195,1784607815041,1784607821258.0,1784607821333.8384,601.98,6217.0,75.838,1784606561258.0,6894.819
ss-73-660000,1784607812439.0227,1784607812941,1784607821258.0,1784607821333.8389,501.977,8317.0,75.839,1784606561258.0,8894.816
ss-74-660000,1784607818489.0298,1784607819241,1784607821258.0,1784607821333.839,751.97,2017.0,75.839,1784606561258.0,2844.809
ss-75-660000,1784607816189.0212,1784607817140,1784607821258.0,1784607821333.8396,950.979,4118.0,75.84,1784606561258.0,5144.818
ss-76-660000,1784607818839.025,1784607819241,1784607821258.0,1784607821333.8398,401.975,2017.0,75.84,1784606561258.0,2494.815
ss-77-660000,1784607819039.0269,1784607819241,1784607821259.0,1784607821333.8403,201.973,2018.0,74.84,1784606561259.0,2294.813
ss-78-660000,1784607809289.034,1784607809791,1784607821259.0,1784607821333.8596,501.966,11468.0,74.86,1784606561259.0,12044.826
ss-79-660000,1784607811739.0205,1784607811891,1784607821259.0,1784607821333.86,151.979,9368.0,74.86,1784606561259.0,9594.84
ss-8-660000,1784607817439.0293,1784607818190,1784607821259.0,1784607821333.8794,750.971,3069.0,74.879,1784606561259.0,3894.85
ss-80-660000,1784607818439.0261,1784607819241,1784607821259.0,1784607821333.88,801.974,2018.0,74.88,1784606561259.0,2894.854
ss-81-660000,1784607804439.0344,1784607804541,1784607821259.0,1784607821333.8804,101.966,16718.0,74.88,1784606561259.0,16894.846
ss-82-660000,1784607814489.024,1784607815041,1784607821259.0,1784607821333.8853,551.976,6218.0,74.885,1784606561259.0,6844.861
ss-83-660000,1784607813089.0225,1784607813991,1784607821259.0,1784607821333.9172,901.978,7268.0,74.917,1784606561259.0,8244.895
ss-84-660000,1784607808739.0222,1784607808741,1784607821259.0,1784607821333.918,1.978,12518.0,74.918,1784606561259.0,12594.896
ss-85-660000,1784607817839.024,1784607818190,1784607821259.0,1784607821333.9182,350.976,3069.0,74.918,1784606561259.0,3494.894
ss-86-660000,1784607819189.0293,1784607819241,1784607821259.0,1784607821333.9187,51.971,2018.0,74.919,1784606561259.0,2144.889
ss-87-660000,1784607811889.0232,1784607811891,1784607821259.0,1784607821333.9226,1.977,9368.0,74.923,1784606561259.0,9444.899
ss-88-660000,1784607813889.0283,1784607813991,1784607821259.0,1784607821333.9568,101.972,7268.0,74.957,1784606561259.0,7444.928
ss-89-660000,1784607803589.0293,1784607804541,1784607821259.0,1784607821333.9573,951.971,16718.0,74.957,1784606561259.0,17744.928
ss-9-660000,1784607814941.5427,1784607815041,1784607821259.0,1784607821333.961,99.457,6218.0,74.961,1784606561259.0,6392.418
ss-90-660000,1784607818789.0251,1784607819241,1784607821259.0,1784607821333.9612,451.975,2018.0,74.961,1784606561259.0,2544.936
ss-91-660000,1784607816839.0254,1784607817140,1784607821259.0,1784607821333.9617,300.975,4119.0,74.962,1784606561259.0,4494.936
ss-92-660000,1784607813839.0269,1784607813991,1784607821259.0,1784607821333.9763,151.973,7268.0,74.976,1784606561259.0,7494.949
ss-93-660000,1784607802689.018,1784607803491,1784607821259.0,1784607821333.9773,801.982,17768.0,74.977,1784606561259.0,18644.959
ss-94-660000,1784607809439.031,1784607809791,1784607821259.0,1784607821333.9934,351.969,11468.0,74.993,1784606561259.0,11894.962
ss-95-660000,1784607812789.0227,1784607812941,1784607821259.0,1784607821333.994,151.977,8318.0,74.994,1784606561259.0,8544.971
ss-96-660000,1784607819139.0283,1784607819241,1784607821259.0,1784607821333.9944,101.972,2018.0,74.994,1784606561259.0,2194.966
ss-97-660000,1784607815889.0247,1784607816090,1784607821259.0,1784607821333.9978,200.975,5169.0,74.998,1784606561259.0,5444.973
ss-98-660000,1784607815239.0159,1784607816090,1784607821259.0,1784607821334.0017,850.984,5169.0,75.002,1784606561259.0,6094.986
ss-99-660000,1784607797939.0273,1784607798241,1784607821259.0,1784607821334.0022,301.973,23018.0,75.002,1784606561259.0,23394.975
ss-0-720000,1784607816289.0273,1784607817140,1784607821259.0,1784607821334.0193,850.973,4119.0,75.019,1784606501259.0,5044.992
ss-1-720000,1784607815189.0293,1784607816090,1784607821259.0,1784607821334.036,900.971,5169.0,75.036,1784606501259.0,6145.007
ss-10-720000,1784607800639.0242,1784607801391,1784607821259.0,1784607821334.0364,751.976,19868.0,75.036,1784606501259.0,20695.012
ss-11-720000,1784607818039.0242,1784607818190,1784607821259.0,1784607821334.0437,150.976,3069.0,75.044,1784606501259.0,3295.02
ss-12-720000,1784607815539.0217,1784607816090,1784607821259.0,1784607821334.0464,550.978,5169.0,75.046,1784606501259.0,5795.025
ss-13-720000,1784607809839.0354,1784607810841,1784607821259.0,1784607821334.0586,1001.965,10418.0,75.059,1784606501259.0,11495.023
ss-14-720000,1784607817239.0247,1784607818190,1784607821259.0,1784607821334.0588,950.975,3069.0,75.059,1784606501259.0,4095.034
ss-15-720000,1784607817489.0295,1784607818190,1784607821259.0,1784607821334.0593,700.97,3069.0,75.059,1784606501259.0,3845.03
ss-16-720000,1784607818739.0242,1784607819241,1784607821259.0,1784607821334.0627,501.976,2018.0,75.063,1784606501259.0,2595.039
ss-17-720000,1784607805739.0188,1784607806641,1784607821259.0,1784607821334.0735,901.981,14618.0,75.073,1784606501259.0,15595.055
ss-18-720000,1784607814739.0154,1784607815041,1784607821263.0,1784607821334.112,301.985,6222.0,71.112,1784606501263.0,6595.097
ss-19-720000,1784607817939.0237,1784607818190,1784607821263.0,1784607821334.1128,250.976,3073.0,71.113,1784606501263.0,3395.089
ss-2-720000,1784607816889.0305,1784607817140,1784607821263.0,1784607821334.1135,250.969,4123.0,71.114,1784606501263.0,4445.083
ss-20-720000,1784607816139.025,1784607817140,1784607821263.0,1784607821334.158,1000.975,4123.0,71.158,1784606501263.0,5195.133
ss-21-720000,1784607815439.0183,1784607816090,1784607821263.0,1784607821334.166,650.982,5173.0,71.166,1784606501263.0,5895.148
ss-22-720000,1784607816989.0261,1784607817140,1784607821263.0,1784607821334.1665,150.974,4123.0,71.167,1784606501263.0,4345.14
ss-23-720000,1784607817089.0256,1784607817140,1784607821263.0,1784607821334.1692,50.974,4123.0,71.169,1784606501263.0,4245.144
ss-24-720000,1784607817639.022,1784607818190,1784607821263.0,1784607821334.17,550.978,3073.0,71.17,1784606501263.0,3695.148
ss-25-720000,1784607814639.0247,1784607815041,1784607821263.0,1784607821334.1743,401.975,6222.0,71.174,1784606501263.0,6695.15
ss-26-720000,1784607818639.0288,1784607819241,1784607821263.0,1784607821334.1748,601.971,2022.0,71.175,1784606501263.0,2695.146
ss-27-720000,1784607819089.0288,1784607819241,1784607821263.0,1784607821334.175,151.971,2022.0,71.175,1784606501263.0,2245.146
ss-28-720000,1784607816089.0215,1784607816090,1784607821263.0,1784607821334.1755,0.979,5173.0,71.176,1784606501263.0,5245.154
ss-29-720000,1784607812239.0254,1784607812941,1784607821263.0,1784607821334.1758,701.975,8322.0,71.176,1784606501263.0,9095.15
ss-3-720000,1784607814889.0208,1784607815041,1784607821263.0,1784607821334.1848,151.979,6222.0,71.185,1784606501263.0,6445.164
ss-30-720000,1784607818239.0269,1784607819241,1784607821263.0,1784607821334.1912,1001.973,2022.0,71.191,1784606501263.0,3095.164
ss-31-720000,1784607818989.0295,1784607819241,1784607821263.0,1784607821334.23,251.97,2022.0,71.23,1784606501263.0,2345.2
ss-32-720000,1784607816439.0234,1784607817140,1784607821263.0,1784607821334.2305,700.977,4123.0,71.23,1784606501263.0,4895.207
ss-33-720000,1784607799589.0227,1784607800341,1784607821263.0,1784607821334.2312,751.977,20922.0,71.231,1784606501263.0,21745.208
ss-34-720000,1784607818089.028,1784607818190,1784607821263.0,1784607821334.2314,100.972,3073.0,71.231,1784606501263.0,3245.203
ss-35-720000,1784607810189.029,1784607810841,1784607821263.0,1784607821334.252,651.971,10422.0,71.252,1784606501263.0,11145.223
ss-36-720000,1784607817689.0256,1784607818190,1784607821263.0,1784607821334.2524,500.974,3073.0,71.252,1784606501263.0,3645.227
ss-37-720000,1784607817139.0173,1784607817140,1784607821263.0,1784607821334.3013,0.983,4123.0,71.301,1784606501263.0,4195.284
ss-38-720000,1784607818539.029,1784607819241,1784607821263.0,1784607821334.3022,701.971,2022.0,71.302,1784606501263.0,2795.273
ss-39-720000,1784607812989.023,1784607813991,1784607821263.0,1784607821334.3076,1001.977,7272.0,71.308,1784606501263.0,8345.285
ss-4-720000,1784607817789.0244,1784607818190,1784607821263.0,1784607821334.308,400.976,3073.0,71.308,1784606501263.0,3545.284
ss-40-720000,1784607799039.031,1784607799291,1784607821263.0,1784607821334.3083,251.969,21972.0,71.308,1784606501263.0,22295.277
ss-41-720000,1784607815289.023,1784607816090,1784607821263.0,1784607821334.3088,800.977,5173.0,71.309,1784606501263.0,6045.286
ss-42-720000,1784607811189.031,1784607811891,1784607821263.0,1784607821334.309,701.969,9372.0,71.309,1784606501263.0,10145.278
ss-43-720000,1784607817889.024,1784607818190,1784607821263.0,1784607821334.3093,300.976,3073.0,71.309,1784606501263.0,3445.285
ss-44-720000,1784607817539.0242,1784607818190,1784607821263.0,1784607821334.3098,650.976,3073.0,71.31,1784606501263.0,3795.286
ss-45-720000,1784607817039.0269,1784607817140,1784607821263.0,1784607821334.3267,100.973,4123.0,71.327,1784606501263.0,4295.3
ss-46-720000,1784607812939.028,1784607812941,1784607821263.0,1784607821334.3271,1.972,8322.0,71.327,1784606501263.0,8395.299
ss-47-720000,1784607818939.0217,1784607819241,1784607821263.0,1784607821334.3447,301.978,2022.0,71.345,1784606501263.0,2395.323
ss-48-720000,1784607802489.0215,1784607803491,1784607821263.0,1784607821334.345,1001.979,17772.0,71.345,1784606501263.0,18845.323
ss-49-720000,1784607817339.0283,1784607818190,1784607821263.0,1784607821334.364,850.972,3073.0,71.364,1784606501263.0,3995.336
ss-5-720000,1784607815939.0273,1784607816090,1784607821263.0,1784607821334.3645,150.973,5173.0,71.365,1784606501263.0,5395.337
ss-50-720000,1784607815839.0247,1784607816090,1784607821263.0,1784607821334.365,250.975,5173.0,71.365,1784606501263.0,5495.34
ss-51-720000,1784607818389.0264,1784607819241,1784607821263.0,1784607821334.3684,851.974,2022.0,71.368,1784606501263.0,2945.342
ss-52-720000,1784607816739.0286,1784607817140,1784607821263.0,1784607821334.369,400.971,4123.0,71.369,1784606501263.0,4595.34
ss-53-720000,1784607816389.0247,1784607817140,1784607821263.0,1784607821334.4175,750.975,4123.0,71.417,1784606501263.0,4945.393
ss-54-720000,1784607811389.0251,1784607811891,1784607821263.0,1784607821334.419,501.975,9372.0,71.419,1784606501263.0,9945.394
ss-55-720000,1784607815089.0173,1784607816090,1784607821263.0,1784607821334.4255,1000.983,5173.0,71.426,1784606501263.0,6245.408
ss-56-720000,1784607818889.0295,1784607819241,1784607821263.0,1784607821334.4258,351.97,2022.0,71.426,1784606501263.0,2445.396
ss-57-720000,1784607818689.0222,1784607819241,1784607821264.0,1784607821334.4263,551.978,2023.0,70.426,1784606501264.0,2645.404
ss-58-720000,1784607816339.0386,1784607817140,1784607821264.0,1784607821334.4265,800.961,4124.0,70.427,1784606501264.0,4995.388
ss-59-720000,1784607815039.0266,1784607815041,1784607821264.0,1784607821334.427,1.973,6223.0,70.427,1784606501264.0,6295.4
ss-6-720000,1784607815989.026,1784607816090,1784607821264.0,1784607821334.444,100.974,5174.0,70.444,1784606501264.0,5345.418
ss-60-720000,1784607818589.0273,1784607819241,1784607821264.0,1784607821334.4446,651.973,2023.0,70.445,1784606501264.0,2745.417
ss-61-720000,1784607799339.0256,1784607800341,1784607821264.0,1784607821334.4478,1001.974,20923.0,70.448,1784606501264.0,21995.422
ss-62-720000,1784607808339.029,1784607808741,1784607821264.0,1784607821334.4482,401.971,12523.0,70.448,1784606501264.0,12995.419
ss-63-720000,1784607816489.026,1784607817140,1784607821264.0,1784607821334.4512,650.974,4124.0,70.451,1784606501264.0,4845.425
ss-64-720000,1784607813489.024,1784607813991,1784607821264.0,1784607821334.4773,501.976,7273.0,70.477,1784606501264.0,7845.453
ss-65-720000,1784607814839.0215,1784607815041,1784607821264.0,1784607821334.4778,201.979,6223.0,70.478,1784606501264.0,6495.456
ss-66-720000,1784607814989.0303,1784607815041,1784607821264.0,1784607821334.4912,51.97,6223.0,70.491,1784606501264.0,6345.461
ss-67-720000,1784607805489.0276,1784607805591,1784607821264.0,1784607821334.5178,101.972,15673.0,70.518,1784606501264.0,15845.49
ss-68-720000,1784607817289.0283,1784607818190,1784607821264.0,1784607821334.5183,900.972,3074.0,70.518,1784606501264.0,4045.49
ss-69-720000,1784607807339.0254,1784607807691,1784607821264.0,1784607821334.5188,351.975,13573.0,70.519,1784606501264.0,13995.493
ss-7-720000,1784607815139.013,1784607816090,1784607821264.0,1784607821334.5361,950.987,5174.0,70.536,1784606501264.0,6195.523
ss-70-720000,1784607814089.0256,1784607815041,1784607821264.0,1784607821334.5366,951.974,6223.0,70.537,1784606501264.0,7245.511
ss-71-720000,1784607817189.018,1784607818190,1784607821264.0,1784607821334.54,1000.982,3074.0,70.54,1784606501264.0,4145.522
ss-72-720000,1784607814439.0195,1784607815041,1784607821264.0,1784607821334.6216,601.98,6223.0,70.622,1784606501264.0,6895.602
ss-73-720000,1784607812439.0227,1784607812941,1784607821264.0,1784607821334.6226,501.977,8323.0,70.623,1784606501264.0,8895.6
ss-74-720000,1784607818489.0298,1784607819241,1784607821264.0,1784607821334.623,751.97,2023.0,70.623,1784606501264.0,2845.593
ss-75-720000,1784607816189.0212,1784607817140,1784607821264.0,1784607821334.718,950.979,4124.0,70.718,1784606501264.0,5145.697
ss-76-720000,1784607818839.025,1784607819241,1784607821264.0,1784607821334.7188,401.975,2023.0,70.719,1784606501264.0,2495.694
ss-77-720000,1784607819039.0269,1784607819241,1784607821264.0,1784607821334.7192,201.973,2023.0,70.719,1784606501264.0,2295.692
ss-78-720000,1784607809289.034,1784607809791,1784607821264.0,1784607821334.7195,501.966,11473.0,70.719,1784606501264.0,12045.686
ss-79-720000,1784607811739.0205,1784607811891,1784607821264.0,1784607821334.7197,151.979,9373.0,70.72,1784606501264.0,9595.699
ss-8-720000,1784607817439.0293,1784607818190,1784607821264.0,1784607821334.7202,750.971,3074.0,70.72,1784606501264.0,3895.691
ss-80-720000,1784607818439.0261,1784607819241,1784607821264.0,1784607821334.7253,801.974,2023.0,70.725,1784606501264.0,2895.699
ss-81-720000,1784607804439.0344,1784607804541,1784607821264.0,1784607821334.7258,101.966,16723.0,70.726,1784606501264.0,16895.691
ss-82-720000,1784607814489.024,1784607815041,1784607821264.0,1784607821334.7263,551.976,6223.0,70.726,1784606501264.0,6845.702
ss-83-720000,1784607813089.0225,1784607813991,1784607821264.0,1784607821334.7268,901.978,7273.0,70.727,1784606501264.0,8245.704
ss-84-720000,1784607808739.0222,1784607808741,1784607821264.0,1784607821334.727,1.978,12523.0,70.727,1784606501264.0,12595.705
ss-85-720000,1784607817839.024,1784607818190,1784607821264.0,1784607821334.7273,350.976,3074.0,70.727,1784606501264.0,3495.703
ss-86-720000,1784607819189.0293,1784607819241,1784607821264.0,1784607821334.7515,51.971,2023.0,70.751,1784606501264.0,2145.722
ss-87-720000,1784607811889.0232,1784607811891,1784607821264.0,1784607821334.7517,1.977,9373.0,70.752,1784606501264.0,9445.729
ss-88-720000,1784607813889.0283,1784607813991,1784607821264.0,1784607821334.7522,101.972,7273.0,70.752,1784606501264.0,7445.724
ss-89-720000,1784607803589.0293,1784607804541,1784607821264.0,1784607821334.7524,951.971,16723.0,70.752,1784606501264.0,17745.723
ss-9-720000,1784607814941.5427,1784607815041,1784607821264.0,1784607821334.7632,99.457,6223.0,70.763,1784606501264.0,6393.22
ss-90-720000,1784607818789.0251,1784607819241,1784607821264.0,1784607821334.7637,451.975,2023.0,70.764,1784606501264.0,2545.739
ss-91-720000,1784607816839.0254,1784607817140,1784607821264.0,1784607821334.8003,300.975,4124.0,70.8,1784606501264.0,4495.775
ss-92-720000,1784607813839.0269,1784607813991,1784607821264.0,1784607821334.8013,151.973,7273.0,70.801,1784606501264.0,7495.774
ss-93-720000,1784607802689.018,1784607803491,1784607821264.0,1784607821334.802,801.982,17773.0,70.802,1784606501264.0,18645.784
ss-94-720000,1784607809439.031,1784607809791,1784607821264.0,1784607821334.8235,351.969,11473.0,70.823,1784606501264.0,11895.792
ss-95-720000,1784607812789.0227,1784607812941,1784607821264.0,1784607821334.824,151.977,8323.0,70.824,1784606501264.0,8545.801
ss-96-720000,1784607819139.0283,1784607819241,1784607821264.0,1784607821334.8245,101.972,2023.0,70.824,1784606501264.0,2195.796
ss-97-720000,1784607815889.0247,1784607816090,1784607821264.0,1784607821334.825,200.975,5174.0,70.825,1784606501264.0,5445.8
ss-98-720000,1784607815239.0159,1784607816090,1784607821264.0,1784607821334.8516,850.984,5174.0,70.852,1784606501264.0,6095.836
ss-99-720000,1784607797939.0273,1784607798241,1784607821264.0,1784607821334.8523,301.973,23023.0,70.852,1784606501264.0,23395.825
ss-0-780000,1784607816289.0273,1784607817140,1784607821264.0,1784607821334.8528,850.973,4124.0,70.853,1784606441264.0,5045.825
ss-1-780000,1784607815189.0293,1784607816090,1784607821264.0,1784607821334.874,900.971,5174.0,70.874,1784606441264.0,6145.845
ss-11-780000,1784607818039.0242,1784607818190,1784607821264.0,1784607821334.8745,150.976,3074.0,70.875,1784606441264.0,3295.85
ss-12-780000,1784607815539.0217,1784607816090,1784607821264.0,1784607821334.8796,550.978,5174.0,70.88,1784606441264.0,5795.858
ss-13-780000,1784607809839.0354,1784607810841,1784607821264.0,1784607821334.88,1001.965,10423.0,70.88,1784606441264.0,11495.844
ss-14-780000,1784607817239.0247,1784607818190,1784607821264.0,1784607821335.086,950.975,3074.0,71.086,1784606441264.0,4096.061
ss-15-780000,1784607817489.0295,1784607818190,1784607821264.0,1784607821335.0867,700.97,3074.0,71.087,1784606441264.0,3846.057
ss-16-780000,1784607818739.0242,1784607819241,1784607821264.0,1784607821335.0872,501.976,2023.0,71.087,1784606441264.0,2596.063
ss-18-780000,1784607814739.0154,1784607815041,1784607821264.0,1784607821335.0874,301.985,6223.0,71.087,1784606441264.0,6596.072
ss-19-780000,1784607817939.0237,1784607818190,1784607821264.0,1784607821335.088,250.976,3074.0,71.088,1784606441264.0,3396.064
ss-2-780000,1784607816889.0305,1784607817140,1784607821264.0,1784607821335.0928,250.969,4124.0,71.093,1784606441264.0,4446.062
ss-20-780000,1784607816139.025,1784607817140,1784607821264.0,1784607821335.093,1000.975,4124.0,71.093,1784606441264.0,5196.068
ss-21-780000,1784607815439.0183,1784607816090,1784607821264.0,1784607821335.0935,650.982,5174.0,71.094,1784606441264.0,5896.075
ss-22-780000,1784607816989.0261,1784607817140,1784607821264.0,1784607821335.094,150.974,4124.0,71.094,1784606441264.0,4346.068
ss-23-780000,1784607817089.0256,1784607817140,1784607821264.0,1784607821335.0942,50.974,4124.0,71.094,1784606441264.0,4246.069
ss-24-780000,1784607817639.022,1784607818190,1784607821265.0,1784607821335.0947,550.978,3075.0,70.095,1784606441265.0,3696.073
ss-25-780000,1784607814639.0247,1784607815041,1784607821265.0,1784607821335.0974,401.975,6224.0,70.097,1784606441265.0,6696.073
ss-26-780000,1784607818639.0288,1784607819241,1784607821265.0,1784607821335.098,601.971,2024.0,70.098,1784606441265.0,2696.069
ss-27-780000,1784607819089.0288,1784607819241,1784607821265.0,1784607821335.0981,151.971,2024.0,70.098,1784606441265.0,2246.069
ss-28-780000,1784607816089.0215,1784607816090,1784607821265.0,1784607821335.0986,0.979,5175.0,70.099,1784606441265.0,5246.077
ss-29-780000,1784607812239.0254,1784607812941,1784607821265.0,1784607821335.0989,701.975,8324.0,70.099,1784606441265.0,9096.073
ss-3-780000,1784607814889.0208,1784607815041,1784607821265.0,1784607821335.0994,151.979,6224.0,70.099,1784606441265.0,6446.079
ss-30-780000,1784607818239.0269,1784607819241,1784607821265.0,1784607821335.0996,1001.973,2024.0,70.1,1784606441265.0,3096.073
ss-31-780000,1784607818989.0295,1784607819241,1784607821265.0,1784607821335.1,251.97,2024.0,70.1,1784606441265.0,2346.071
ss-32-780000,1784607816439.0234,1784607817140,1784607821265.0,1784607821335.1003,700.977,4125.0,70.1,1784606441265.0,4896.077
ss-34-780000,1784607818089.028,1784607818190,1784607821265.0,1784607821335.1008,100.972,3075.0,70.101,1784606441265.0,3246.073
ss-35-780000,1784607810189.029,1784607810841,1784607821265.0,1784607821335.101,651.971,10424.0,70.101,1784606441265.0,11146.072
ss-36-780000,1784607817689.0256,1784607818190,1784607821265.0,1784607821335.1013,500.974,3075.0,70.101,1784606441265.0,3646.076
ss-37-780000,1784607817139.0173,1784607817140,1784607821265.0,1784607821335.1018,0.983,4125.0,70.102,1784606441265.0,4196.084
ss-38-780000,1784607818539.029,1784607819241,1784607821265.0,1784607821335.102,701.971,2024.0,70.102,1784606441265.0,2796.073
ss-39-780000,1784607812989.023,1784607813991,1784607821265.0,1784607821335.1025,1001.977,7274.0,70.103,1784606441265.0,8346.08
ss-4-780000,1784607817789.0244,1784607818190,1784607821265.0,1784607821335.108,400.976,3075.0,70.108,1784606441265.0,3546.083
ss-41-780000,1784607815289.023,1784607816090,1784607821265.0,1784607821335.1084,800.977,5175.0,70.108,1784606441265.0,6046.085
ss-42-780000,1784607811189.031,1784607811891,1784607821265.0,1784607821335.1086,701.969,9374.0,70.109,1784606441265.0,10146.078
ss-43-780000,1784607817889.024,1784607818190,1784607821265.0,1784607821335.1091,300.976,3075.0,70.109,1784606441265.0,3446.085
ss-44-780000,1784607817539.0242,1784607818190,1784607821265.0,1784607821335.1282,650.976,3075.0,70.128,1784606441265.0,3796.104
ss-45-780000,1784607817039.0269,1784607817140,1784607821265.0,1784607821335.1287,100.973,4125.0,70.129,1784606441265.0,4296.102
ss-46-780000,1784607812939.028,1784607812941,1784607821265.0,1784607821335.1292,1.972,8324.0,70.129,1784606441265.0,8396.101
ss-47-780000,1784607818939.0217,1784607819241,1784607821265.0,1784607821335.1294,301.978,2024.0,70.129,1784606441265.0,2396.108
ss-49-780000,1784607817339.0283,1784607818190,1784607821265.0,1784607821335.1326,850.972,3075.0,70.133,1784606441265.0,3996.104
ss-5-780000,1784607815939.0273,1784607816090,1784607821265.0,1784607821335.158,150.973,5175.0,70.158,1784606441265.0,5396.131
ss-50-780000,1784607815839.0247,1784607816090,1784607821265.0,1784607821335.1584,250.975,5175.0,70.158,1784606441265.0,5496.134
ss-51-780000,1784607818389.0264,1784607819241,1784607821265.0,1784607821335.1616,851.974,2024.0,70.162,1784606441265.0,2946.135
ss-52-780000,1784607816739.0286,1784607817140,1784607821265.0,1784607821335.165,400.971,4125.0,70.165,1784606441265.0,4596.136
ss-53-780000,1784607816389.0247,1784607817140,1784607821265.0,1784607821335.1736,750.975,4125.0,70.174,1784606441265.0,4946.149
ss-54-780000,1784607811389.0251,1784607811891,1784607821265.0,1784607821335.1858,501.975,9374.0,70.186,1784606441265.0,9946.161
ss-55-780000,1784607815089.0173,1784607816090,1784607821265.0,1784607821335.2158,1000.983,5175.0,70.216,1784606441265.0,6246.198
ss-56-780000,1784607818889.0295,1784607819241,1784607821265.0,1784607821335.2163,351.97,2024.0,70.216,1784606441265.0,2446.187
ss-57-780000,1784607818689.0222,1784607819241,1784607821265.0,1784607821335.2166,551.978,2024.0,70.217,1784606441265.0,2646.194
ss-58-780000,1784607816339.0386,1784607817140,1784607821265.0,1784607821335.217,800.961,4125.0,70.217,1784606441265.0,4996.178
ss-59-780000,1784607815039.0266,1784607815041,1784607821265.0,1784607821335.2559,1.973,6224.0,70.256,1784606441265.0,6296.229
ss-6-780000,1784607815989.026,1784607816090,1784607821265.0,1784607821335.2568,100.974,5175.0,70.257,1784606441265.0,5346.231
ss-60-780000,1784607818589.0273,1784607819241,1784607821265.0,1784607821335.2573,651.973,2024.0,70.257,1784606441265.0,2746.23
ss-63-780000,1784607816489.026,1784607817140,1784607821265.0,1784607821335.2627,650.974,4125.0,70.263,1784606441265.0,4846.237
ss-64-780000,1784607813489.024,1784607813991,1784607821265.0,1784607821335.2676,501.976,7274.0,70.268,1784606441265.0,7846.244
ss-65-780000,1784607814839.0215,1784607815041,1784607821265.0,1784607821335.268,201.979,6224.0,70.268,1784606441265.0,6496.247
ss-66-780000,1784607814989.0303,1784607815041,1784607821265.0,1784607821335.291,51.97,6224.0,70.291,1784606441265.0,6346.261
ss-68-780000,1784607817289.0283,1784607818190,1784607821265.0,1784607821335.2915,900.972,3075.0,70.292,1784606441265.0,4046.263
ss-7-780000,1784607815139.013,1784607816090,1784607821265.0,1784607821335.2917,950.987,5175.0,70.292,1784606441265.0,6196.279
ss-70-780000,1784607814089.0256,1784607815041,1784607821265.0,1784607821335.2922,951.974,6224.0,70.292,1784606441265.0,7246.267
ss-71-780000,1784607817189.018,1784607818190,1784607821265.0,1784607821335.3203,1000.982,3075.0,70.32,1784606441265.0,4146.302
ss-72-780000,1784607814439.0195,1784607815041,1784607821265.0,1784607821335.3208,601.98,6224.0,70.321,1784606441265.0,6896.301
ss-73-780000,1784607812439.0227,1784607812941,1784607821265.0,1784607821335.3213,501.977,8324.0,70.321,1784606441265.0,8896.299
ss-74-780000,1784607818489.0298,1784607819241,1784607821265.0,1784607821335.3357,751.97,2024.0,70.336,1784606441265.0,2846.306
ss-75-780000,1784607816189.0212,1784607817140,1784607821265.0,1784607821335.3362,950.979,4125.0,70.336,1784606441265.0,5146.315
ss-76-780000,1784607818839.025,1784607819241,1784607821265.0,1784607821335.339,401.975,2024.0,70.339,1784606441265.0,2496.314
ss-77-780000,1784607819039.0269,1784607819241,1784607821265.0,1784607821335.3394,201.973,2024.0,70.339,1784606441265.0,2296.312
ss-78-780000,1784607809289.034,1784607809791,1784607821265.0,1784607821335.387,501.966,11474.0,70.387,1784606441265.0,12046.353
ss-79-780000,1784607811739.0205,1784607811891,1784607821265.0,1784607821335.3877,151.979,9374.0,70.388,1784606441265.0,9596.367
ss-8-780000,1784607817439.0293,1784607818190,1784607821265.0,1784607821335.3882,750.971,3075.0,70.388,1784606441265.0,3896.359
ss-80-780000,1784607818439.0261,1784607819241,1784607821265.0,1784607821335.3887,801.974,2024.0,70.389,1784606441265.0,2896.363
ss-82-780000,1784607814489.024,1784607815041,1784607821265.0,1784607821335.389,551.976,6224.0,70.389,1784606441265.0,6846.365
ss-83-780000,1784607813089.0225,1784607813991,1784607821265.0,1784607821335.406,901.978,7274.0,70.406,1784606441265.0,8246.384
ss-85-780000,1784607817839.024,1784607818190,1784607821265.0,1784607821335.4065,350.976,3075.0,70.406,1784606441265.0,3496.383
ss-86-780000,1784607819189.0293,1784607819241,1784607821265.0,1784607821335.4272,51.971,2024.0,70.427,1784606441265.0,2146.398
ss-87-780000,1784607811889.0232,1784607811891,1784607821265.0,1784607821335.4277,1.977,9374.0,70.428,1784606441265.0,9446.405
ss-88-780000,1784607813889.0283,1784607813991,1784607821265.0,1784607821335.4282,101.972,7274.0,70.428,1784606441265.0,7446.4
ss-9-780000,1784607814941.5427,1784607815041,1784607821265.0,1784607821335.448,99.457,6224.0,70.448,1784606441265.0,6393.905
ss-90-780000,1784607818789.0251,1784607819241,1784607821265.0,1784607821335.449,451.975,2024.0,70.449,1784606441265.0,2546.424
ss-91-780000,1784607816839.0254,1784607817140,1784607821265.0,1784607821335.4492,300.975,4125.0,70.449,1784606441265.0,4496.424
ss-92-780000,1784607813839.0269,1784607813991,1784607821265.0,1784607821335.4495,151.973,7274.0,70.449,1784606441265.0,7496.423
ss-94-780000,1784607809439.031,1784607809791,1784607821265.0,1784607821335.4746,351.969,11474.0,70.475,1784606441265.0,11896.444
ss-95-780000,1784607812789.0227,1784607812941,1784607821265.0,1784607821335.4749,151.977,8324.0,70.475,1784606441265.0,8546.452
ss-96-780000,1784607819139.0283,1784607819241,1784607821265.0,1784607821335.475,101.972,2024.0,70.475,1784606441265.0,2196.447
ss-97-780000,1784607815889.0247,1784607816090,1784607821265.0,1784607821335.4854,200.975,5175.0,70.485,1784606441265.0,5446.461
ss-98-780000,1784607815239.0159,1784607816090,1784607821265.0,1784607821335.4858,850.984,5175.0,70.486,1784606441265.0,6096.47
