event_id,t0_ms,t1_ms,t2_ms,t3_ms,write_to_input_append_latency_ms,input_append_to_result_emission_latency_ms,l_visibility_ms,l_closure_ms,latency_ms
ss-0-60000,1784417370384.5105,1784417371188,1784417374297.0,1784417374389.0273,803.49,3109.0,92.027,1784416714297.0,4004.517
ss-1-60000,1784417371884.4954,1784417372235,1784417374304.0,1784417374389.0317,350.505,2069.0,85.032,1784416714304.0,2504.536
ss-10-60000,1784417367584.5254,1784417368136,1784417374304.0,1784417374389.033,551.475,6168.0,85.033,1784416714304.0,6804.508
ss-11-60000,1784417369084.4946,1784417369137,1784417374304.0,1784417374389.034,52.505,5167.0,85.034,1784416714304.0,5304.539
ss-12-60000,1784417355484.5154,1784417355786,1784417374305.0,1784417374389.0354,301.485,18519.0,84.035,1784416714305.0,18904.52
ss-13-60000,1784417370634.4905,1784417371188,1784417374305.0,1784417374389.0364,553.51,3117.0,84.036,1784416714305.0,3754.546
ss-14-60000,1784417371534.5393,1784417372235,1784417374305.0,1784417374389.041,700.461,2070.0,84.041,1784416714305.0,2854.502
ss-15-60000,1784417368484.5427,1784417369137,1784417374305.0,1784417374389.0469,652.457,5168.0,84.047,1784416714305.0,5904.504
ss-16-60000,1784417371334.5376,1784417372235,1784417374305.0,1784417374389.0488,900.462,2070.0,84.049,1784416714305.0,3054.511
ss-17-60000,1784417368884.4683,1784417369137,1784417374305.0,1784417374389.05,252.532,5168.0,84.05,1784416714305.0,5504.582
ss-18-60000,1784417365984.5122,1784417366085,1784417374305.0,1784417374389.0505,100.488,8220.0,84.051,1784416714305.0,8404.538
ss-19-60000,1784417370684.5142,1784417371188,1784417374305.0,1784417374389.0513,503.486,3117.0,84.051,1784416714305.0,3704.537
ss-2-60000,1784417370134.5134,1784417370185,1784417374305.0,1784417374389.0525,50.487,4120.0,84.052,1784416714305.0,4254.539
ss-20-60000,1784417360084.5232,1784417360986,1784417374305.0,1784417374389.0532,901.477,13319.0,84.053,1784416714305.0,14304.53
ss-21-60000,1784417367984.554,1784417368136,1784417374305.0,1784417374389.0535,151.446,6169.0,84.053,1784416714305.0,6404.5
ss-22-60000,1784417358384.4902,1784417358936,1784417374305.0,1784417374389.0547,551.51,15369.0,84.055,1784416714305.0,16004.564
ss-23-60000,1784417353134.5288,1784417353736,1784417374305.0,1784417374389.0552,601.471,20569.0,84.055,1784416714305.0,21254.526
ss-24-60000,1784417368934.4915,1784417369137,1784417374305.0,1784417374389.056,202.509,5168.0,84.056,1784416714305.0,5454.564
ss-25-60000,1784417366334.49,1784417367085,1784417374305.0,1784417374389.0732,750.51,7220.0,84.073,1784416714305.0,8054.583
ss-26-60000,1784417367534.4863,1784417368136,1784417374305.0,1784417374389.0737,601.514,6169.0,84.074,1784416714305.0,6854.587
ss-27-60000,1784417369834.523,1784417370185,1784417374305.0,1784417374389.0745,350.477,4120.0,84.074,1784416714305.0,4554.552
ss-28-60000,1784417371784.5237,1784417372235,1784417374306.0,1784417374389.0747,450.476,2071.0,83.075,1784416714306.0,2604.551
ss-29-60000,1784417362334.537,1784417363036,1784417374306.0,1784417374389.075,701.463,11270.0,83.075,1784416714306.0,12054.538
ss-3-60000,1784417367334.485,1784417368136,1784417374306.0,1784417374389.0754,801.515,6170.0,83.075,1784416714306.0,7054.59
ss-30-60000,1784417369134.5117,1784417369137,1784417374306.0,1784417374389.076,2.488,5169.0,83.076,1784416714306.0,5254.564
ss-31-60000,1784417369934.494,1784417370185,1784417374306.0,1784417374389.0764,250.506,4121.0,83.076,1784416714306.0,4454.583
ss-32-60000,1784417371384.4778,1784417372235,1784417374306.0,1784417374389.0767,850.522,2071.0,83.077,1784416714306.0,3004.599
ss-33-60000,1784417369184.4841,1784417370185,1784417374306.0,1784417374389.0781,1000.516,4121.0,83.078,1784416714306.0,5204.594
ss-34-60000,1784417369884.513,1784417370185,1784417374306.0,1784417374389.0786,300.487,4121.0,83.079,1784416714306.0,4504.566
ss-35-60000,1784417369634.5183,1784417370185,1784417374306.0,1784417374389.079,550.482,4121.0,83.079,1784416714306.0,4754.561
ss-36-60000,1784417368084.55,1784417368136,1784417374306.0,1784417374389.0796,51.45,6170.0,83.08,1784416714306.0,6304.53
ss-37-60000,1784417364884.528,1784417365086,1784417374306.0,1784417374389.1406,201.472,9220.0,83.141,1784416714306.0,9504.613
ss-38-60000,1784417371934.492,1784417372235,1784417374306.0,1784417374389.1409,300.508,2071.0,83.141,1784416714306.0,2454.649
ss-39-60000,1784417370084.5261,1784417370185,1784417374306.0,1784417374389.1418,100.474,4121.0,83.142,1784416714306.0,4304.616
ss-4-60000,1784417371234.5237,1784417372235,1784417374306.0,1784417374389.142,1000.476,2071.0,83.142,1784416714306.0,3154.618
ss-40-60000,1784417366084.4902,1784417367085,1784417374306.0,1784417374389.1426,1000.51,7221.0,83.143,1784416714306.0,8304.652
ss-41-60000,1784417366184.4807,1784417367085,1784417374306.0,1784417374389.143,900.519,7221.0,83.143,1784416714306.0,8204.662
ss-42-60000,1784417368784.525,1784417369137,1784417374306.0,1784417374389.1438,352.475,5169.0,83.144,1784416714306.0,5604.619
ss-43-60000,1784417369534.493,1784417370185,1784417374306.0,1784417374389.1443,650.507,4121.0,83.144,1784416714306.0,4854.651
ss-44-60000,1784417366034.4922,1784417366085,1784417374306.0,1784417374389.145,50.508,8221.0,83.145,1784416714306.0,8354.653
ss-45-60000,1784417360434.5042,1784417360986,1784417374306.0,1784417374389.1455,551.496,13320.0,83.146,1784416714306.0,13954.641
ss-46-60000,1784417369684.4954,1784417370185,1784417374307.0,1784417374389.147,500.505,4122.0,82.147,1784416714307.0,4704.652
ss-47-60000,1784417367234.4834,1784417368136,1784417374307.0,1784417374389.1506,901.517,6171.0,82.151,1784416714307.0,7154.667
ss-48-60000,1784417369484.5298,1784417370185,1784417374307.0,1784417374389.1514,700.47,4122.0,82.151,1784416714307.0,4904.622
ss-49-60000,1784417371734.5168,1784417372235,1784417374307.0,1784417374389.152,500.483,2072.0,82.152,1784416714307.0,2654.635
ss-5-60000,1784417371084.5479,1784417371188,1784417374307.0,1784417374389.1526,103.452,3119.0,82.153,1784416714307.0,3304.605
ss-50-60000,1784417370434.5215,1784417371188,1784417374307.0,1784417374389.2083,753.479,3119.0,82.208,1784416714307.0,3954.687
ss-51-60000,1784417369984.5186,1784417370185,1784417374307.0,1784417374389.2085,200.481,4122.0,82.208,1784416714307.0,4404.69
ss-52-60000,1784417369384.4927,1784417370185,1784417374307.0,1784417374389.209,800.507,4122.0,82.209,1784416714307.0,5004.716
ss-53-60000,1784417368034.5225,1784417368136,1784417374307.0,1784417374389.2124,101.478,6171.0,82.212,1784416714307.0,6354.69
ss-54-60000,1784417367284.4924,1784417368136,1784417374307.0,1784417374389.2153,851.508,6171.0,82.215,1784416714307.0,7104.723
ss-55-60000,1784417346284.511,1784417346486,1784417374307.0,1784417374389.216,201.489,27821.0,82.216,1784416714307.0,28104.705
ss-56-60000,1784417356084.524,1784417356836,1784417374307.0,1784417374389.2168,751.476,17471.0,82.217,1784416714307.0,18304.693
ss-57-60000,1784417370584.5134,1784417371188,1784417374307.0,1784417374389.2937,603.487,3119.0,82.294,1784416714307.0,3804.78
ss-58-60000,1784417370984.5469,1784417371188,1784417374307.0,1784417374389.3093,203.453,3119.0,82.309,1784416714307.0,3404.762
ss-59-60000,1784417370534.5042,1784417371188,1784417374307.0,1784417374389.31,653.496,3119.0,82.31,1784416714307.0,3854.806
ss-6-60000,1784417367884.482,1784417368136,1784417374307.0,1784417374389.3105,251.518,6171.0,82.311,1784416714307.0,6504.829
ss-60-60000,1784417370284.495,1784417371188,1784417374307.0,1784417374389.3113,903.505,3119.0,82.311,1784416714307.0,4104.816
ss-61-60000,1784417368384.5176,1784417369137,1784417374307.0,1784417374389.32,752.482,5170.0,82.32,1784416714307.0,6004.802
ss-62-60000,1784417365834.4915,1784417366085,1784417374307.0,1784417374389.321,250.509,8222.0,82.321,1784416714307.0,8554.83
ss-63-60000,1784417368684.4915,1784417369137,1784417374307.0,1784417374389.353,452.509,5170.0,82.353,1784416714307.0,5704.862
ss-64-60000,1784417368634.491,1784417369137,1784417374307.0,1784417374389.3545,502.509,5170.0,82.354,1784416714307.0,5754.864
ss-65-60000,1784417367134.4902,1784417368136,1784417374308.0,1784417374389.355,1001.51,6172.0,81.355,1784416714308.0,7254.865
ss-66-60000,1784417370734.4937,1784417371188,1784417374308.0,1784417374389.4685,453.506,3120.0,81.469,1784416714308.0,3654.975
ss-67-60000,1784417371634.5137,1784417372235,1784417374308.0,1784417374389.47,600.486,2073.0,81.47,1784416714308.0,2754.956
ss-68-60000,1784417363034.4924,1784417363036,1784417374308.0,1784417374389.4717,1.508,11272.0,81.472,1784416714308.0,11354.979
ss-69-60000,1784417358984.541,1784417359937,1784417374308.0,1784417374389.475,952.459,14371.0,81.475,1784416714308.0,15404.934
ss-7-60000,1784417369584.5178,1784417370185,1784417374308.0,1784417374389.4758,600.482,4123.0,81.476,1784416714308.0,4804.958
ss-70-60000,1784417371034.5283,1784417371188,1784417374308.0,1784417374389.4858,153.472,3120.0,81.486,1784416714308.0,3354.958
ss-71-60000,1784417354584.494,1784417354785,1784417374308.0,1784417374389.4863,200.506,19523.0,81.486,1784416714308.0,19804.992
ss-72-60000,1784417371184.539,1784417371188,1784417374308.0,1784417374389.4924,3.461,3120.0,81.492,1784416714308.0,3204.953
ss-73-60000,1784417345384.4797,1784417345441,1784417374308.0,1784417374389.5332,56.52,28867.0,81.533,1784416714308.0,29005.053
ss-74-60000,1784417371684.463,1784417372235,1784417374308.0,1784417374389.5337,550.537,2073.0,81.534,1784416714308.0,2705.071
ss-75-60000,1784417370334.505,1784417371188,1784417374308.0,1784417374389.5342,853.495,3120.0,81.534,1784416714308.0,4055.029
ss-76-60000,1784417371834.5125,1784417372235,1784417374308.0,1784417374389.5469,400.488,2073.0,81.547,1784416714308.0,2555.034
ss-77-60000,1784417365384.482,1784417366085,1784417374308.0,1784417374389.5474,700.518,8223.0,81.547,1784416714308.0,9005.065
ss-78-60000,1784417363784.54,1784417364085,1784417374308.0,1784417374389.5476,300.46,10223.0,81.548,1784416714308.0,10605.008
ss-79-60000,1784417356234.5361,1784417356836,1784417374308.0,1784417374389.5627,601.464,17472.0,81.563,1784416714308.0,18155.027
ss-8-60000,1784417366534.5203,1784417367085,1784417374308.0,1784417374389.5632,550.48,7223.0,81.563,1784416714308.0,7855.043
ss-80-60000,1784417365434.5176,1784417366085,1784417374308.0,1784417374389.5818,650.482,8223.0,81.582,1784416714308.0,8955.064
ss-81-60000,1784417371434.4836,1784417372235,1784417374308.0,1784417374389.5823,800.516,2073.0,81.582,1784416714308.0,2955.099
ss-82-60000,1784417370884.5115,1784417371188,1784417374308.0,1784417374389.5857,303.489,3120.0,81.586,1784416714308.0,3505.074
ss-83-60000,1784417368234.5261,1784417369137,1784417374308.0,1784417374389.7068,902.474,5171.0,81.707,1784416714308.0,6155.181
ss-84-60000,1784417366934.4863,1784417367085,1784417374309.0,1784417374389.7136,150.514,7224.0,80.714,1784416714309.0,7455.227
ss-85-60000,1784417368434.5332,1784417369137,1784417374309.0,1784417374389.714,702.467,5172.0,80.714,1784416714309.0,5955.181
ss-86-60000,1784417364434.493,1784417365086,1784417374309.0,1784417374389.7146,651.507,9223.0,80.715,1784416714309.0,9955.222
ss-87-60000,1784417370784.4924,1784417371188,1784417374309.0,1784417374389.7148,403.508,3121.0,80.715,1784416714309.0,3605.222
ss-88-60000,1784417364384.494,1784417365086,1784417374309.0,1784417374389.7153,701.506,9223.0,80.715,1784416714309.0,10005.221
ss-89-60000,1784417371484.545,1784417372235,1784417374309.0,1784417374389.7156,750.455,2074.0,80.716,1784416714309.0,2905.171
ss-9-60000,1784417371584.4897,1784417372235,1784417374309.0,1784417374389.716,650.51,2074.0,80.716,1784416714309.0,2805.226
ss-90-60000,1784417370234.4934,1784417371188,1784417374309.0,1784417374389.7163,953.507,3121.0,80.716,1784416714309.0,4155.223
ss-91-60000,1784417371284.535,1784417372235,1784417374309.0,1784417374389.7168,950.465,2074.0,80.717,1784416714309.0,3105.182
ss-92-60000,1784417370834.5068,1784417371188,1784417374309.0,1784417374389.7173,353.493,3121.0,80.717,1784416714309.0,3555.21
ss-93-60000,1784417367634.4946,1784417368136,1784417374309.0,1784417374389.7349,501.505,6173.0,80.735,1784416714309.0,6755.24
ss-94-60000,1784417368184.5354,1784417369137,1784417374309.0,1784417374389.7354,952.465,5172.0,80.735,1784416714309.0,6205.2
ss-95-60000,1784417364034.532,1784417364085,1784417374309.0,1784417374389.7356,50.468,10224.0,80.736,1784416714309.0,10355.204
ss-96-60000,1784417367734.494,1784417368136,1784417374309.0,1784417374389.7888,401.506,6173.0,80.789,1784416714309.0,6655.295
ss-97-60000,1784417370934.513,1784417371188,1784417374309.0,1784417374389.7896,253.487,3121.0,80.79,1784416714309.0,3455.277
ss-98-60000,1784417363734.5361,1784417364085,1784417374309.0,1784417374389.7898,350.464,10224.0,80.79,1784416714309.0,10655.254
ss-99-60000,1784417356584.4905,1784417356836,1784417374309.0,1784417374389.79,251.51,17473.0,80.79,1784416714309.0,17805.3
ss-0-120000,1784417396284.535,1784417397236,1784417403993.0,1784417404028.925,951.465,6757.0,35.925,1784416683993.0,7744.39
ss-1-120000,1784417390634.5215,1784417390987,1784417403993.0,1784417404028.929,352.479,13006.0,35.929,1784416683993.0,13394.407
ss-10-120000,1784417396984.5269,1784417397236,1784417403993.0,1784417404028.93,251.473,6757.0,35.93,1784416683993.0,7044.403
ss-11-120000,1784417395984.5283,1784417396235,1784417403993.0,1784417404028.9407,250.472,7758.0,35.941,1784416683993.0,8044.412
ss-12-120000,1784417397184.493,1784417397236,1784417403993.0,1784417404028.9539,51.507,6757.0,35.954,1784416683993.0,6844.461
ss-13-120000,1784417401684.5293,1784417402436,1784417403993.0,1784417404028.9592,751.471,1557.0,35.959,1784416683993.0,2344.43
ss-14-120000,1784417396884.4946,1784417397236,1784417403993.0,1784417404028.96,351.505,6757.0,35.96,1784416683993.0,7144.465
ss-15-120000,1784417400784.5322,1784417401435,1784417403994.0,1784417404028.961,650.468,2559.0,34.961,1784416683994.0,3244.429
ss-16-120000,1784417394884.4883,1784417395186,1784417403994.0,1784417404028.9614,301.512,8808.0,34.961,1784416683994.0,9144.473
ss-17-120000,1784417389484.5532,1784417389985,1784417403994.0,1784417404028.9639,500.447,14009.0,34.964,1784416683994.0,14544.411
ss-18-120000,1784417400084.5183,1784417400386,1784417403994.0,1784417404028.9646,301.482,3608.0,34.965,1784416683994.0,3944.446
ss-19-120000,1784417399384.5295,1784417400386,1784417403994.0,1784417404028.9653,1001.47,3608.0,34.965,1784416683994.0,4644.436
ss-2-120000,1784417395134.5442,1784417395186,1784417403994.0,1784417404028.9658,51.456,8808.0,34.966,1784416683994.0,8894.422
ss-20-120000,1784417401134.5378,1784417401435,1784417403994.0,1784417404029.1023,300.462,2559.0,35.102,1784416683994.0,2894.564
ss-21-120000,1784417399234.487,1784417399336,1784417403994.0,1784417404029.1047,101.513,4658.0,35.105,1784416683994.0,4794.618
ss-22-120000,1784417388084.5215,1784417388936,1784417403994.0,1784417404029.151,851.479,15058.0,35.151,1784416683994.0,15944.629
ss-23-120000,1784417401434.5342,1784417402436,1784417403994.0,1784417404029.152,1001.466,1558.0,35.152,1784416683994.0,2594.618
ss-24-120000,1784417399134.4858,1784417399336,1784417403994.0,1784417404029.1533,201.514,4658.0,35.153,1784416683994.0,4894.667
ss-25-120000,1784417401884.5312,1784417402436,1784417403994.0,1784417404029.2693,551.469,1558.0,35.269,1784416683994.0,2144.738
ss-26-120000,1784417399684.4817,1784417400386,1784417403994.0,1784417404029.2708,701.518,3608.0,35.271,1784416683994.0,4344.789
ss-27-120000,1784417401784.5176,1784417402436,1784417403994.0,1784417404029.2717,651.482,1558.0,35.272,1784416683994.0,2244.754
ss-28-120000,1784417399934.5144,1784417400386,1784417403994.0,1784417404029.2725,451.486,3608.0,35.272,1784416683994.0,4094.758
ss-29-120000,1784417400684.527,1784417401435,1784417403994.0,1784417404029.2734,750.473,2559.0,35.273,1784416683994.0,3344.746
ss-3-120000,1784417393784.5205,1784417394136,1784417403994.0,1784417404029.2742,351.479,9858.0,35.274,1784416683994.0,10244.754
ss-30-120000,1784417392484.538,1784417393085,1784417403994.0,1784417404029.2751,600.462,10909.0,35.275,1784416683994.0,11544.737
ss-31-120000,1784417398884.4934,1784417399336,1784417403994.0,1784417404029.276,451.507,4658.0,35.276,1784416683994.0,5144.782
ss-32-120000,1784417401734.5293,1784417402436,1784417403994.0,1784417404029.2769,701.471,1558.0,35.277,1784416683994.0,2294.748
ss-33-120000,1784417400884.5198,1784417401435,1784417403995.0,1784417404029.3826,550.48,2560.0,34.383,1784416683995.0,3144.863
ss-34-120000,1784417398684.5457,1784417399336,1784417403995.0,1784417404029.3838,651.454,4659.0,34.384,1784416683995.0,5344.838
ss-35-120000,1784417399534.4905,1784417400386,1784417403995.0,1784417404029.3855,851.51,3609.0,34.385,1784416683995.0,4494.895
ss-36-120000,1784417396184.537,1784417396235,1784417403995.0,1784417404029.441,50.463,7760.0,34.441,1784416683995.0,7844.904
ss-37-120000,1784417379634.52,1784417380536,1784417403995.0,1784417404029.4421,901.48,23459.0,34.442,1784416683995.0,24394.922
ss-38-120000,1784417399484.5254,1784417400386,1784417403995.0,1784417404029.5398,901.475,3609.0,34.54,1784416683995.0,4545.014
ss-39-120000,1784417393284.4883,1784417394136,1784417403995.0,1784417404029.5415,851.512,9859.0,34.542,1784416683995.0,10745.053
ss-4-120000,1784417399784.511,1784417400386,1784417403995.0,1784417404029.5425,601.489,3609.0,34.542,1784416683995.0,4245.031
ss-40-120000,1784417395034.4954,1784417395186,1784417403995.0,1784417404029.5525,151.505,8809.0,34.552,1784416683995.0,8995.057
ss-41-120000,1784417399084.4937,1784417399336,1784417403995.0,1784417404029.5535,251.506,4659.0,34.553,1784416683995.0,4945.06
ss-42-120000,1784417398484.5388,1784417399336,1784417403995.0,1784417404029.5544,851.461,4659.0,34.554,1784416683995.0,5545.016
ss-43-120000,1784417380384.522,1784417380536,1784417403995.0,1784417404029.5552,151.478,23459.0,34.555,1784416683995.0,23645.033
ss-44-120000,1784417401934.4922,1784417402436,1784417403995.0,1784417404029.5837,501.508,1559.0,34.584,1784416683995.0,2095.092
ss-45-120000,1784417381684.484,1784417382637,1784417403995.0,1784417404029.585,952.516,21358.0,34.585,1784416683995.0,22345.101
ss-46-120000,1784417394184.4824,1784417395186,1784417403995.0,1784417404029.5862,1001.518,8809.0,34.586,1784416683995.0,9845.104
ss-47-120000,1784417397434.4905,1784417398286,1784417403995.0,1784417404029.5872,851.51,5709.0,34.587,1784416683995.0,6595.097
ss-48-120000,1784417392784.5298,1784417393085,1784417403995.0,1784417404029.5947,300.47,10910.0,34.595,1784416683995.0,11245.065
ss-49-120000,1784417401584.5142,1784417402436,1784417403995.0,1784417404029.5955,851.486,1559.0,34.595,1784416683995.0,2445.081
ss-5-120000,1784417393834.493,1784417394136,1784417403995.0,1784417404029.6565,301.507,9859.0,34.656,1784416683995.0,10195.164
ss-50-120000,1784417397234.4797,1784417397236,1784417403995.0,1784417404029.6575,1.52,6759.0,34.657,1784416683995.0,6795.178
ss-51-120000,1784417401034.51,1784417401435,1784417403995.0,1784417404029.703,400.49,2560.0,34.703,1784416683995.0,2995.193
ss-52-120000,1784417401334.5327,1784417401435,1784417403996.0,1784417404029.7039,100.467,2561.0,33.704,1784416683996.0,2695.171
ss-53-120000,1784417400984.5403,1784417401435,1784417403996.0,1784417404029.7046,450.46,2561.0,33.705,1784416683996.0,3045.164
ss-54-120000,1784417401184.5566,1784417401435,1784417403996.0,1784417404029.705,250.443,2561.0,33.705,1784416683996.0,2845.148
ss-55-120000,1784417400834.532,1784417401435,1784417403996.0,1784417404029.716,600.468,2561.0,33.716,1784416683996.0,3195.184
ss-56-120000,1784417390134.514,1784417390987,1784417403996.0,1784417404029.7166,852.486,13009.0,33.717,1784416683996.0,13895.203
ss-57-120000,1784417398134.5312,1784417398286,1784417403996.0,1784417404029.731,151.469,5710.0,33.731,1784416683996.0,5895.2
ss-58-120000,1784417401234.5254,1784417401435,1784417403996.0,1784417404029.7341,200.475,2561.0,33.734,1784416683996.0,2795.209
ss-59-120000,1784417400034.4915,1784417400386,1784417403996.0,1784417404029.741,351.509,3610.0,33.741,1784416683996.0,3995.25
ss-6-120000,1784417391984.5134,1784417392037,1784417403996.0,1784417404029.7498,52.487,11959.0,33.75,1784416683996.0,12045.236
ss-60-120000,1784417395484.5405,1784417396235,1784417403996.0,1784417404029.779,750.459,7761.0,33.779,1784416683996.0,8545.239
ss-61-120000,1784417394834.4927,1784417395186,1784417403996.0,1784417404029.7795,351.507,8810.0,33.78,1784416683996.0,9195.287
ss-62-120000,1784417401634.5488,1784417402436,1784417403996.0,1784417404029.8647,801.451,1560.0,33.865,1784416683996.0,2395.316
ss-63-120000,1784417396834.482,1784417397236,1784417403996.0,1784417404029.8665,401.518,6760.0,33.866,1784416683996.0,7195.385
ss-64-120000,1784417398634.5376,1784417399336,1784417403996.0,1784417404029.8757,701.462,4660.0,33.876,1784416683996.0,5395.338
ss-65-120000,1784417396584.5095,1784417397236,1784417403996.0,1784417404029.8806,651.49,6760.0,33.881,1784416683996.0,7445.371
ss-66-120000,1784417398984.5369,1784417399336,1784417403996.0,1784417404029.8909,351.463,4660.0,33.891,1784416683996.0,5045.354
ss-67-120000,1784417396134.5308,1784417396235,1784417403996.0,1784417404029.8918,100.469,7761.0,33.892,1784416683996.0,7895.361
ss-68-120000,1784417397784.5337,1784417398286,1784417403996.0,1784417404029.8926,501.466,5710.0,33.893,1784416683996.0,6245.359
ss-69-120000,1784417397584.495,1784417398286,1784417403996.0,1784417404029.8933,701.505,5710.0,33.893,1784416683996.0,6445.398
ss-7-120000,1784417390384.6003,1784417390987,1784417403996.0,1784417404029.9265,602.4,13009.0,33.927,1784416683996.0,13645.326
ss-70-120000,1784417398184.5354,1784417398286,1784417403997.0,1784417404029.927,101.465,5711.0,32.927,1784416683997.0,5845.392
ss-71-120000,1784417389984.5127,1784417390987,1784417403997.0,1784417404029.96,1002.487,13010.0,32.96,1784416683997.0,14045.447
ss-72-120000,1784417389034.4863,1784417389985,1784417403997.0,1784417404029.9663,950.514,14012.0,32.966,1784416683997.0,14995.48
ss-73-120000,1784417400334.4927,1784417400386,1784417403997.0,1784417404029.9668,51.507,3611.0,32.967,1784416683997.0,3695.474
ss-74-120000,1784417388334.4849,1784417388936,1784417403997.0,1784417404030.0115,601.515,15061.0,33.011,1784416683997.0,15695.527
ss-75-120000,1784417394134.4907,1784417394136,1784417403997.0,1784417404030.013,1.509,9861.0,33.013,1784416683997.0,9895.522
ss-76-120000,1784417392734.4753,1784417393085,1784417403997.0,1784417404030.0132,350.525,10912.0,33.013,1784416683997.0,11295.538
ss-77-120000,1784417400134.4905,1784417400386,1784417403997.0,1784417404030.064,251.51,3611.0,33.064,1784416683997.0,3895.573
ss-78-120000,1784417391034.5205,1784417392037,1784417403997.0,1784417404030.0645,1002.479,11960.0,33.064,1784416683997.0,12995.544
ss-79-120000,1784417401284.536,1784417401435,1784417403997.0,1784417404030.065,150.464,2562.0,33.065,1784416683997.0,2745.529
ss-8-120000,1784417394084.4895,1784417394136,1784417403997.0,1784417404030.2307,51.51,9861.0,33.231,1784416683997.0,9945.741
ss-80-120000,1784417399984.5293,1784417400386,1784417403997.0,1784417404030.2324,401.471,3611.0,33.232,1784416683997.0,4045.703
ss-81-120000,1784417396934.4937,1784417397236,1784417403997.0,1784417404030.2334,301.506,6761.0,33.233,1784416683997.0,7095.74
ss-82-120000,1784417398534.4836,1784417399336,1784417403997.0,1784417404030.2341,801.516,4661.0,33.234,1784416683997.0,5495.75
ss-83-120000,1784417401484.5544,1784417402436,1784417403997.0,1784417404030.2349,951.446,1561.0,33.235,1784416683997.0,2545.68
ss-84-120000,1784417399284.4795,1784417399336,1784417403997.0,1784417404030.2356,51.521,4661.0,33.236,1784416683997.0,4745.756
ss-85-120000,1784417394284.5195,1784417395186,1784417403997.0,1784417404030.2363,901.48,8811.0,33.236,1784416683997.0,9745.717
ss-86-120000,1784417401384.879,1784417401435,1784417403997.0,1784417404030.237,50.121,2562.0,33.237,1784416683997.0,2645.358
ss-87-120000,1784417392134.5496,1784417393085,1784417403997.0,1784417404030.2378,950.45,10912.0,33.238,1784416683997.0,11895.688
ss-88-120000,1784417398334.5261,1784417399336,1784417403997.0,1784417404030.291,1001.474,4661.0,33.291,1784416683997.0,5695.765
ss-89-120000,1784417400934.4924,1784417401435,1784417403997.0,1784417404030.2922,500.508,2562.0,33.292,1784416683997.0,3095.8
ss-9-120000,1784417393434.4949,1784417394136,1784417403997.0,1784417404030.2927,701.505,9861.0,33.293,1784416683997.0,10595.798
ss-90-120000,1784417395834.5103,1784417396235,1784417403997.0,1784417404030.2935,400.49,7762.0,33.293,1784416683997.0,8195.783
ss-91-120000,1784417401834.5278,1784417402436,1784417403998.0,1784417404030.6714,601.472,1562.0,32.671,1784416683998.0,2196.144
ss-92-120000,1784417400534.484,1784417401435,1784417403998.0,1784417404030.6729,900.516,2563.0,32.673,1784416683998.0,3496.189
ss-93-120000,1784417399184.5164,1784417399336,1784417403998.0,1784417404030.6736,151.484,4662.0,32.674,1784416683998.0,4846.157
ss-94-120000,1784417400234.4875,1784417400386,1784417403998.0,1784417404030.6746,151.512,3612.0,32.675,1784416683998.0,3796.187
ss-95-120000,1784417400384.5166,1784417400386,1784417403998.0,1784417404030.6753,1.483,3612.0,32.675,1784416683998.0,3646.159
ss-96-120000,1784417398734.4932,1784417399336,1784417403998.0,1784417404030.676,601.507,4662.0,32.676,1784416683998.0,5296.183
ss-97-120000,1784417387984.5225,1784417388936,1784417403998.0,1784417404030.6768,951.478,15062.0,32.677,1784416683998.0,16046.154
ss-98-120000,1784417395734.5112,1784417396235,1784417403998.0,1784417404030.6777,500.489,7763.0,32.678,1784416683998.0,8296.167
ss-99-120000,1784417401534.4912,1784417402436,1784417403998.0,1784417404030.688,901.509,1562.0,32.688,1784416683998.0,2496.197
ss-0-180000,1784417424834.4856,1784417425385,1784417434695.0,1784417434721.0269,550.514,9310.0,26.027,1784416654695.0,9886.541
ss-1-180000,1784417430884.495,1784417431586,1784417434695.0,1784417434721.0325,701.505,3109.0,26.032,1784416654695.0,3836.537
ss-10-180000,1784417423384.4834,1784417424335,1784417434695.0,1784417434721.0334,950.517,10360.0,26.033,1784416654695.0,11336.55
ss-11-180000,1784417430034.4949,1784417430536,1784417434695.0,1784417434721.0437,501.505,4159.0,26.044,1784416654695.0,4686.549
ss-12-180000,1784417429034.5234,1784417429535,1784417434695.0,1784417434721.0444,500.477,5160.0,26.044,1784416654695.0,5686.521
ss-13-180000,1784417431684.5273,1784417432636,1784417434695.0,1784417434721.045,951.473,2059.0,26.045,1784416654695.0,3036.518
ss-14-180000,1784417429285.547,1784417429535,1784417434695.0,1784417434721.0452,249.453,5160.0,26.045,1784416654695.0,5435.498
ss-15-180000,1784417429734.5144,1784417430536,1784417434695.0,1784417434721.0461,801.486,4159.0,26.046,1784416654695.0,4986.532
ss-16-180000,1784417429784.9578,1784417430536,1784417434695.0,1784417434721.0466,751.042,4159.0,26.047,1784416654695.0,4936.089
ss-17-180000,1784417428484.5444,1784417428487,1784417434695.0,1784417434721.0469,2.456,6208.0,26.047,1784416654695.0,6236.502
ss-18-180000,1784417429684.4893,1784417430536,1784417434695.0,1784417434721.0476,851.511,4159.0,26.048,1784416654695.0,5036.558
ss-19-180000,1784417431834.4873,1784417432636,1784417434695.0,1784417434721.0486,801.513,2059.0,26.049,1784416654695.0,2886.561
ss-2-180000,1784417431284.5234,1784417431586,1784417434695.0,1784417434721.0662,301.477,3109.0,26.066,1784416654695.0,3436.543
ss-20-180000,1784417424684.5242,1784417425385,1784417434695.0,1784417434721.0667,700.476,9310.0,26.067,1784416654695.0,10036.542
ss-21-180000,1784417429384.5225,1784417429535,1784417434695.0,1784417434721.067,150.478,5160.0,26.067,1784416654695.0,5336.544
ss-22-180000,1784417426484.513,1784417427436,1784417434695.0,1784417434721.0679,951.487,7259.0,26.068,1784416654695.0,8236.555
ss-23-180000,1784417423184.5295,1784417423335,1784417434695.0,1784417434721.0684,150.47,11360.0,26.068,1784416654695.0,11536.539
ss-24-180000,1784417426085.543,1784417426386,1784417434695.0,1784417434721.0688,300.457,8309.0,26.069,1784416654695.0,8635.526
ss-25-180000,1784417423334.4934,1784417424335,1784417434696.0,1784417434721.0693,1000.507,10361.0,25.069,1784416654696.0,11386.576
ss-26-180000,1784417423634.5164,1784417424335,1784417434696.0,1784417434721.0696,700.484,10361.0,25.07,1784416654696.0,11086.553
ss-27-180000,1784417431184.5242,1784417431586,1784417434696.0,1784417434721.07,401.476,3110.0,25.07,1784416654696.0,3536.546
ss-28-180000,1784417431734.553,1784417432636,1784417434696.0,1784417434721.0706,901.447,2060.0,25.071,1784416654696.0,2986.518
ss-29-180000,1784417426934.529,1784417427436,1784417434696.0,1784417434721.0708,501.471,7260.0,25.071,1784416654696.0,7786.542
ss-3-180000,1784417425934.4766,1784417426386,1784417434696.0,1784417434721.0713,451.523,8310.0,25.071,1784416654696.0,8786.595
ss-30-180000,1784417430984.5266,1784417431586,1784417434696.0,1784417434721.072,601.473,3110.0,25.072,1784416654696.0,3736.545
ss-31-180000,1784417430634.4902,1784417431586,1784417434696.0,1784417434721.0723,951.51,3110.0,25.072,1784416654696.0,4086.582
ss-32-180000,1784417422184.5405,1784417422287,1784417434696.0,1784417434721.0728,102.459,12409.0,25.073,1784416654696.0,12536.532
ss-33-180000,1784417422334.488,1784417423335,1784417434696.0,1784417434721.0737,1000.512,11361.0,25.074,1784416654696.0,12386.586
ss-34-180000,1784417429534.4944,1784417430536,1784417434696.0,1784417434721.0771,1001.506,4160.0,25.077,1784416654696.0,5186.583
ss-35-180000,1784417423584.4946,1784417424335,1784417434696.0,1784417434721.0776,750.505,10361.0,25.078,1784416654696.0,11136.583
ss-36-180000,1784417431134.5208,1784417431586,1784417434696.0,1784417434721.0994,451.479,3110.0,25.099,1784416654696.0,3586.579
ss-37-180000,1784417429834.4895,1784417430536,1784417434696.0,1784417434721.1,701.51,4160.0,25.1,1784416654696.0,4886.611
ss-38-180000,1784417410634.4902,1784417410736,1784417434696.0,1784417434721.1003,101.51,23960.0,25.1,1784416654696.0,24086.61
ss-39-180000,1784417430584.4885,1784417431586,1784417434696.0,1784417434721.1062,1001.511,3110.0,25.106,1784416654696.0,4136.618
ss-4-180000,1784417428984.522,1784417429535,1784417434696.0,1784417434721.1067,550.478,5161.0,25.107,1784416654696.0,5736.585
ss-40-180000,1784417421784.4927,1784417422287,1784417434696.0,1784417434721.1072,502.507,12409.0,25.107,1784416654696.0,12936.615
ss-41-180000,1784417427884.5159,1784417428487,1784417434696.0,1784417434721.1099,602.484,6209.0,25.11,1784416654696.0,6836.594
ss-42-180000,1784417427584.4949,1784417428487,1784417434696.0,1784417434721.1104,902.505,6209.0,25.11,1784416654696.0,7136.615
ss-43-180000,1784417431884.4863,1784417432636,1784417434696.0,1784417434721.111,751.514,2060.0,25.111,1784416654696.0,2836.625
ss-44-180000,1784417431434.5356,1784417431586,1784417434696.0,1784417434721.1113,151.464,3110.0,25.111,1784416654696.0,3286.576
ss-45-180000,1784417431934.4946,1784417432636,1784417434696.0,1784417434721.1118,701.505,2060.0,25.112,1784416654696.0,2786.617
ss-46-180000,1784417430384.5237,1784417430536,1784417434696.0,1784417434721.1167,151.476,4160.0,25.117,1784416654696.0,4336.593
ss-47-180000,1784417424734.4873,1784417425385,1784417434696.0,1784417434721.1194,650.513,9311.0,25.119,1784416654696.0,9986.632
ss-48-180000,1784417425234.5408,1784417425385,1784417434697.0,1784417434721.1196,150.459,9312.0,24.12,1784416654697.0,9486.579
ss-49-180000,1784417430784.4917,1784417431586,1784417434697.0,1784417434721.1587,801.508,3111.0,24.159,1784416654697.0,3936.667
ss-5-180000,1784417429234.5283,1784417429535,1784417434697.0,1784417434721.1597,300.472,5162.0,24.16,1784416654697.0,5486.631
ss-50-180000,1784417428534.5269,1784417429535,1784417434697.0,1784417434721.1602,1000.473,5162.0,24.16,1784416654697.0,6186.633
ss-51-180000,1784417427784.4941,1784417428487,1784417434697.0,1784417434721.1604,702.506,6210.0,24.16,1784416654697.0,6936.666
ss-52-180000,1784417429884.5098,1784417430536,1784417434697.0,1784417434721.161,651.49,4161.0,24.161,1784416654697.0,4836.651
ss-53-180000,1784417422484.5327,1784417423335,1784417434697.0,1784417434721.1614,850.467,11362.0,24.161,1784416654697.0,12236.629
ss-54-180000,1784417428084.5203,1784417428487,1784417434697.0,1784417434721.1772,402.48,6210.0,24.177,1784416654697.0,6636.657
ss-55-180000,1784417428334.536,1784417428487,1784417434697.0,1784417434721.1777,152.464,6210.0,24.178,1784416654697.0,6386.642
ss-56-180000,1784417431584.5273,1784417431586,1784417434697.0,1784417434721.178,1.473,3111.0,24.178,1784416654697.0,3136.651
ss-57-180000,1784417425484.535,1784417426386,1784417434697.0,1784417434721.1787,901.465,8311.0,24.179,1784416654697.0,9236.644
ss-58-180000,1784417430134.4944,1784417430536,1784417434697.0,1784417434721.2212,401.506,4161.0,24.221,1784416654697.0,4586.727
ss-59-180000,1784417429584.4834,1784417430536,1784417434697.0,1784417434721.222,951.517,4161.0,24.222,1784416654697.0,5136.739
ss-6-180000,1784417427434.531,1784417427436,1784417434697.0,1784417434721.2224,1.469,7261.0,24.222,1784416654697.0,7286.691
ss-60-180000,1784417430534.5269,1784417430536,1784417434697.0,1784417434721.223,1.473,4161.0,24.223,1784416654697.0,4186.696
ss-61-180000,1784417422084.493,1784417422287,1784417434697.0,1784417434721.2231,202.507,12410.0,24.223,1784416654697.0,12636.73
ss-62-180000,1784417431084.4917,1784417431586,1784417434697.0,1784417434721.2236,501.508,3111.0,24.224,1784416654697.0,3636.732
ss-63-180000,1784417424284.49,1784417424335,1784417434697.0,1784417434721.2861,50.51,10362.0,24.286,1784416654697.0,10436.796
ss-64-180000,1784417428384.5347,1784417428487,1784417434698.0,1784417434721.2915,102.465,6211.0,23.292,1784416654698.0,6336.757
ss-65-180000,1784417430734.4868,1784417431586,1784417434698.0,1784417434721.292,851.513,3112.0,23.292,1784416654698.0,3986.805
ss-66-180000,1784417431534.5295,1784417431586,1784417434698.0,1784417434721.2922,51.47,3112.0,23.292,1784416654698.0,3186.763
ss-67-180000,1784417428234.545,1784417428487,1784417434698.0,1784417434721.2925,252.455,6211.0,23.292,1784416654698.0,6486.748
ss-68-180000,1784417429634.5105,1784417430536,1784417434698.0,1784417434721.2927,901.49,4162.0,23.293,1784416654698.0,5086.782
ss-69-180000,1784417430084.4944,1784417430536,1784417434698.0,1784417434721.2986,451.506,4162.0,23.299,1784416654698.0,4636.804
ss-7-180000,1784417431234.538,1784417431586,1784417434698.0,1784417434721.2988,351.462,3112.0,23.299,1784416654698.0,3486.761
ss-70-180000,1784417431334.531,1784417431586,1784417434698.0,1784417434721.299,251.469,3112.0,23.299,1784416654698.0,3386.768
ss-71-180000,1784417431034.4907,1784417431586,1784417434698.0,1784417434721.2996,551.509,3112.0,23.3,1784416654698.0,3686.809
ss-72-180000,1784417427684.4934,1784417428487,1784417434698.0,1784417434721.2998,802.507,6211.0,23.3,1784416654698.0,7036.806
ss-73-180000,1784417426234.4846,1784417426386,1784417434698.0,1784417434721.3003,151.515,8312.0,23.3,1784416654698.0,8486.816
ss-74-180000,1784417430834.4934,1784417431586,1784417434698.0,1784417434721.3577,751.507,3112.0,23.358,1784416654698.0,3886.864
ss-75-180000,1784417426884.5203,1784417427436,1784417434698.0,1784417434721.3586,551.48,7262.0,23.359,1784416654698.0,7836.838
ss-76-180000,1784417427284.5203,1784417427436,1784417434698.0,1784417434721.3591,151.48,7262.0,23.359,1784416654698.0,7436.839
ss-77-180000,1784417431384.518,1784417431586,1784417434698.0,1784417434721.3594,201.482,3112.0,23.359,1784416654698.0,3336.841
ss-78-180000,1784417430484.5513,1784417430536,1784417434698.0,1784417434721.3599,51.449,4162.0,23.36,1784416654698.0,4236.809
ss-79-180000,1784417425734.5393,1784417426386,1784417434698.0,1784417434721.36,651.461,8312.0,23.36,1784416654698.0,8986.821
ss-8-180000,1784417428284.5283,1784417428487,1784417434698.0,1784417434721.3606,202.472,6211.0,23.361,1784416654698.0,6436.832
ss-80-180000,1784417428134.494,1784417428487,1784417434698.0,1784417434721.361,352.506,6211.0,23.361,1784416654698.0,6586.867
ss-81-180000,1784417427184.4875,1784417427436,1784417434698.0,1784417434721.3616,251.512,7262.0,23.362,1784416654698.0,7536.874
ss-82-180000,1784417428734.5427,1784417429535,1784417434698.0,1784417434721.362,800.457,5163.0,23.362,1784416654698.0,5986.819
ss-83-180000,1784417419834.4795,1784417420187,1784417434698.0,1784417434721.3625,352.521,14511.0,23.363,1784416654698.0,14886.883
ss-84-180000,1784417431484.5212,1784417431586,1784417434698.0,1784417434721.3628,101.479,3112.0,23.363,1784416654698.0,3236.842
ss-85-180000,1784417426984.516,1784417427436,1784417434699.0,1784417434721.3633,451.484,7263.0,22.363,1784416654699.0,7736.847
ss-86-180000,1784417431784.511,1784417432636,1784417434699.0,1784417434721.3687,851.489,2063.0,22.369,1784416654699.0,2936.858
ss-87-180000,1784417427984.5278,1784417428487,1784417434699.0,1784417434721.3984,502.472,6212.0,22.398,1784416654699.0,6736.871
ss-88-180000,1784417430184.5063,1784417430536,1784417434699.0,1784417434721.3992,351.494,4163.0,22.399,1784416654699.0,4536.893
ss-89-180000,1784417426334.51,1784417426386,1784417434699.0,1784417434721.3997,51.49,8313.0,22.4,1784416654699.0,8386.89
ss-9-180000,1784417420884.5303,1784417421235,1784417434699.0,1784417434721.4277,350.47,13464.0,22.428,1784416654699.0,13836.897
ss-90-180000,1784417423734.5151,1784417424335,1784417434699.0,1784417434721.4282,600.485,10364.0,22.428,1784416654699.0,10986.913
ss-91-180000,1784417425184.54,1784417425385,1784417434699.0,1784417434721.4287,200.46,9314.0,22.429,1784416654699.0,9536.889
ss-92-180000,1784417424034.4888,1784417424335,1784417434699.0,1784417434721.4292,300.511,10364.0,22.429,1784416654699.0,10686.94
ss-93-180000,1784417425434.5393,1784417426386,1784417434699.0,1784417434721.43,951.461,8313.0,22.43,1784416654699.0,9286.891
ss-94-180000,1784417431634.4924,1784417432636,1784417434699.0,1784417434721.4302,1001.508,2063.0,22.43,1784416654699.0,3086.938
ss-95-180000,1784417420634.4912,1784417421235,1784417434699.0,1784417434721.4307,600.509,13464.0,22.431,1784416654699.0,14086.939
ss-96-180000,1784417425284.5276,1784417425385,1784417434699.0,1784417434721.4312,100.472,9314.0,22.431,1784416654699.0,9436.904
ss-97-180000,1784417426684.5212,1784417427436,1784417434699.0,1784417434721.4314,751.479,7263.0,22.431,1784416654699.0,8036.91
ss-98-180000,1784417423234.5347,1784417423335,1784417434699.0,1784417434721.4316,100.465,11364.0,22.432,1784416654699.0,11486.897
ss-99-180000,1784417420684.5298,1784417421235,1784417434699.0,1784417434721.432,550.47,13464.0,22.432,1784416654699.0,14036.902
ss-0-240000,1784417439034.491,1784417439836,1784417443267.0,1784417443340.8408,801.509,3431.0,73.841,1784416603267.0,4306.35
ss-1-240000,1784417437934.5056,1784417438786,1784417443267.0,1784417443340.8433,851.494,4481.0,73.843,1784416603267.0,5406.338
ss-10-240000,1784417423384.4834,1784417424335,1784417443267.0,1784417443340.8442,950.517,18932.0,73.844,1784416603267.0,19956.361
ss-11-240000,1784417440784.5354,1784417440887,1784417443267.0,1784417443340.8452,102.465,2380.0,73.845,1784416603267.0,2556.31
ss-12-240000,1784417438284.4907,1784417438786,1784417443267.0,1784417443340.8467,501.509,4481.0,73.847,1784416603267.0,5056.356
ss-13-240000,1784417432584.5176,1784417432636,1784417443267.0,1784417443340.8499,51.482,10631.0,73.85,1784416603267.0,10756.332
ss-14-240000,1784417439984.4917,1784417440887,1784417443267.0,1784417443340.85,902.508,2380.0,73.85,1784416603267.0,3356.358
ss-15-240000,1784417440234.513,1784417440887,1784417443267.0,1784417443340.851,652.487,2380.0,73.851,1784416603267.0,3106.338
ss-16-240000,1784417441484.5117,1784417441937,1784417443267.0,1784417443340.8513,452.488,1330.0,73.851,1784416603267.0,1856.34
ss-17-240000,1784417428484.5444,1784417428487,1784417443267.0,1784417443340.853,2.456,14780.0,73.853,1784416603267.0,14856.309
ss-18-240000,1784417437484.5242,1784417437785,1784417443267.0,1784417443340.8538,300.476,5482.0,73.854,1784416603267.0,5856.33
ss-19-240000,1784417440684.5215,1784417440887,1784417443267.0,1784417443340.854,202.479,2380.0,73.854,1784416603267.0,2656.333
ss-2-240000,1784417439634.5042,1784417439836,1784417443267.0,1784417443340.8542,201.496,3431.0,73.854,1784416603267.0,3706.35
ss-20-240000,1784417438884.4941,1784417439836,1784417443267.0,1784417443340.855,951.506,3431.0,73.855,1784416603267.0,4456.361
ss-21-240000,1784417438184.4907,1784417438786,1784417443267.0,1784417443340.8555,601.509,4481.0,73.855,1784416603267.0,5156.365
ss-22-240000,1784417439734.5208,1784417439836,1784417443267.0,1784417443340.8562,101.479,3431.0,73.856,1784416603267.0,3606.335
ss-23-240000,1784417439834.48,1784417439836,1784417443267.0,1784417443342.1936,1.52,3431.0,75.194,1784416603267.0,3507.714
ss-24-240000,1784417440384.543,1784417440887,1784417443267.0,1784417443342.195,502.457,2380.0,75.195,1784416603267.0,2957.652
ss-25-240000,1784417437384.527,1784417437785,1784417443267.0,1784417443342.1975,400.473,5482.0,75.198,1784416603267.0,5957.67
ss-26-240000,1784417441384.4946,1784417441937,1784417443267.0,1784417443342.1978,552.505,1330.0,75.198,1784416603267.0,1957.703
ss-27-240000,1784417441834.5417,1784417441937,1784417443267.0,1784417443342.198,102.458,1330.0,75.198,1784416603267.0,1507.656
ss-28-240000,1784417438834.493,1784417439836,1784417443267.0,1784417443342.1982,1001.507,3431.0,75.198,1784416603267.0,4507.705
ss-29-240000,1784417434984.5134,1784417435785,1784417443267.0,1784417443342.1987,800.487,7482.0,75.199,1784416603267.0,8357.685
ss-3-240000,1784417437634.526,1784417437785,1784417443267.0,1784417443342.199,150.474,5482.0,75.199,1784416603267.0,5707.673
ss-30-240000,1784417440984.5186,1784417441937,1784417443267.0,1784417443342.1995,952.481,1330.0,75.199,1784416603267.0,2357.681
ss-31-240000,1784417441734.5334,1784417441937,1784417443267.0,1784417443342.2,202.467,1330.0,75.2,1784416603267.0,1607.667
ss-32-240000,1784417439184.493,1784417439836,1784417443267.0,1784417443342.2002,651.507,3431.0,75.2,1784416603267.0,4157.707
ss-33-240000,1784417422334.488,1784417423335,1784417443267.0,1784417443342.2007,1000.512,19932.0,75.201,1784416603267.0,21007.713
ss-34-240000,1784417440834.5117,1784417440887,1784417443267.0,1784417443342.201,52.488,2380.0,75.201,1784416603267.0,2507.689
ss-35-240000,1784417432934.4934,1784417433686,1784417443268.0,1784417443342.2012,751.507,9582.0,74.201,1784416603268.0,10407.708
ss-36-240000,1784417440434.5298,1784417440887,1784417443268.0,1784417443342.2017,452.47,2381.0,74.202,1784416603268.0,2907.672
ss-37-240000,1784417439884.4907,1784417440887,1784417443268.0,1784417443342.202,1002.509,2381.0,74.202,1784416603268.0,3457.711
ss-38-240000,1784417441284.5183,1784417441937,1784417443268.0,1784417443342.2021,652.482,1331.0,74.202,1784416603268.0,2057.684
ss-39-240000,1784417435734.5352,1784417435785,1784417443268.0,1784417443342.2024,50.465,7483.0,74.202,1784416603268.0,7607.667
ss-4-240000,1784417440534.5264,1784417440887,1784417443268.0,1784417443342.203,352.474,2381.0,74.203,1784416603268.0,2807.677
ss-40-240000,1784417421784.4927,1784417422287,1784417443268.0,1784417443342.2034,502.507,20981.0,74.203,1784416603268.0,21557.711
ss-41-240000,1784417438034.4915,1784417438786,1784417443268.0,1784417443342.2039,751.509,4482.0,74.204,1784416603268.0,5307.712
ss-42-240000,1784417433934.488,1784417434737,1784417443268.0,1784417443342.205,802.512,8531.0,74.205,1784416603268.0,9407.717
ss-43-240000,1784417440634.5334,1784417440887,1784417443268.0,1784417443342.2053,252.467,2381.0,74.205,1784416603268.0,2707.672
ss-44-240000,1784417440284.5396,1784417440887,1784417443268.0,1784417443342.2056,602.46,2381.0,74.206,1784416603268.0,3057.666
ss-45-240000,1784417439784.4534,1784417439836,1784417443268.0,1784417443342.2058,51.547,3432.0,74.206,1784416603268.0,3557.752
ss-46-240000,1784417435684.4915,1784417435785,1784417443268.0,1784417443342.2065,100.509,7483.0,74.207,1784416603268.0,7657.715
ss-47-240000,1784417441684.493,1784417441937,1784417443268.0,1784417443342.216,252.507,1331.0,74.216,1784416603268.0,1657.723
ss-48-240000,1784417425234.5408,1784417425385,1784417443268.0,1784417443342.2166,150.459,17883.0,74.217,1784416603268.0,18107.676
ss-49-240000,1784417440084.487,1784417440887,1784417443268.0,1784417443342.2168,802.513,2381.0,74.217,1784416603268.0,3257.73
ss-5-240000,1784417438684.5227,1784417438786,1784417443268.0,1784417443342.2197,101.477,4482.0,74.22,1784416603268.0,4657.697
ss-50-240000,1784417438584.4924,1784417438786,1784417443268.0,1784417443342.2202,201.508,4482.0,74.22,1784416603268.0,4757.728
ss-51-240000,1784417441134.537,1784417441937,1784417443268.0,1784417443342.2205,802.463,1331.0,74.22,1784416603268.0,2207.683
ss-52-240000,1784417439484.5137,1784417439836,1784417443268.0,1784417443342.2227,351.486,3432.0,74.223,1784416603268.0,3857.709
ss-53-240000,1784417439134.49,1784417439836,1784417443268.0,1784417443342.2231,701.51,3432.0,74.223,1784416603268.0,4207.733
ss-54-240000,1784417434134.5227,1784417434737,1784417443268.0,1784417443342.2285,602.477,8531.0,74.229,1784416603268.0,9207.706
ss-55-240000,1784417437834.542,1784417438786,1784417443268.0,1784417443342.2288,951.458,4482.0,74.229,1784416603268.0,5507.687
ss-56-240000,1784417441634.5242,1784417441937,1784417443268.0,1784417443342.2292,302.476,1331.0,74.229,1784416603268.0,1707.705
ss-57-240000,1784417441434.5115,1784417441937,1784417443268.0,1784417443342.2305,502.489,1331.0,74.23,1784416603268.0,1907.719
ss-58-240000,1784417439084.495,1784417439836,1784417443268.0,1784417443342.231,751.505,3432.0,74.231,1784416603268.0,4257.736
ss-59-240000,1784417437784.5344,1784417438786,1784417443268.0,1784417443342.2314,1001.466,4482.0,74.231,1784416603268.0,5557.697
ss-6-240000,1784417438734.5244,1784417438786,1784417443268.0,1784417443342.2317,51.476,4482.0,74.232,1784416603268.0,4607.707
ss-60-240000,1784417441334.529,1784417441937,1784417443268.0,1784417443342.2322,602.471,1331.0,74.232,1784416603268.0,2007.703
ss-61-240000,1784417422084.493,1784417422287,1784417443268.0,1784417443342.2324,202.507,20981.0,74.232,1784416603268.0,21257.74
ss-62-240000,1784417431084.4917,1784417431586,1784417443268.0,1784417443342.233,501.508,11682.0,74.233,1784416603268.0,12257.741
ss-63-240000,1784417439234.517,1784417439836,1784417443268.0,1784417443342.2336,601.483,3432.0,74.234,1784416603268.0,4107.717
ss-64-240000,1784417436234.537,1784417436785,1784417443268.0,1784417443342.2368,550.463,6483.0,74.237,1784416603268.0,7107.7
ss-65-240000,1784417437584.5369,1784417437785,1784417443268.0,1784417443342.237,200.463,5483.0,74.237,1784416603268.0,5757.7
ss-66-240000,1784417437734.521,1784417437785,1784417443268.0,1784417443342.2373,50.479,5483.0,74.237,1784416603268.0,5607.716
ss-67-240000,1784417428234.545,1784417428487,1784417443268.0,1784417443342.2375,252.455,14781.0,74.238,1784416603268.0,15107.693
ss-68-240000,1784417440034.485,1784417440887,1784417443268.0,1784417443342.2378,852.515,2381.0,74.238,1784416603268.0,3307.753
ss-69-240000,1784417430084.4944,1784417430536,1784417443268.0,1784417443342.238,451.506,12732.0,74.238,1784416603268.0,13257.744
ss-7-240000,1784417437884.4834,1784417438786,1784417443268.0,1784417443342.2441,901.517,4482.0,74.244,1784416603268.0,5457.761
ss-70-240000,1784417436834.5093,1784417437785,1784417443268.0,1784417443342.2446,950.491,5483.0,74.245,1784416603268.0,6507.735
ss-71-240000,1784417439934.4897,1784417440887,1784417443268.0,1784417443342.2449,952.51,2381.0,74.245,1784416603268.0,3407.755
ss-72-240000,1784417437184.49,1784417437785,1784417443268.0,1784417443342.2454,600.51,5483.0,74.245,1784416603268.0,6157.755
ss-73-240000,1784417435184.5864,1784417435785,1784417443268.0,1784417443342.2456,600.414,7483.0,74.246,1784416603268.0,8157.659
ss-74-240000,1784417441234.526,1784417441937,1784417443268.0,1784417443342.246,702.474,1331.0,74.246,1784416603268.0,2107.72
ss-75-240000,1784417438934.485,1784417439836,1784417443268.0,1784417443342.2463,901.515,3432.0,74.246,1784416603268.0,4407.761
ss-76-240000,1784417441584.5186,1784417441937,1784417443268.0,1784417443342.2466,352.481,1331.0,74.247,1784416603268.0,1757.728
ss-77-240000,1784417441784.5212,1784417441937,1784417443268.0,1784417443342.2468,152.479,1331.0,74.247,1784416603268.0,1557.726
ss-78-240000,1784417432034.4917,1784417432636,1784417443268.0,1784417443342.247,601.508,10632.0,74.247,1784416603268.0,11307.755
ss-79-240000,1784417434484.5332,1784417434737,1784417443268.0,1784417443342.2473,252.467,8531.0,74.247,1784416603268.0,8857.714
ss-8-240000,1784417440184.5208,1784417440887,1784417443268.0,1784417443342.2476,702.479,2381.0,74.248,1784416603268.0,3157.727
ss-80-240000,1784417441184.5083,1784417441937,1784417443268.0,1784417443342.2478,752.492,1331.0,74.248,1784416603268.0,2157.74
ss-81-240000,1784417427184.4875,1784417427436,1784417443268.0,1784417443342.248,251.512,15832.0,74.248,1784416603268.0,16157.76
ss-82-240000,1784417437234.535,1784417437785,1784417443268.0,1784417443342.2507,550.465,5483.0,74.251,1784416603268.0,6107.716
ss-83-240000,1784417435834.5164,1784417436785,1784417443268.0,1784417443342.251,950.484,6483.0,74.251,1784416603268.0,7507.735
ss-84-240000,1784417431484.5212,1784417431586,1784417443268.0,1784417443342.2515,101.479,11682.0,74.251,1784416603268.0,11857.73
ss-85-240000,1784417440584.5288,1784417440887,1784417443268.0,1784417443342.2517,302.471,2381.0,74.252,1784416603268.0,2757.723
ss-86-240000,1784417441934.529,1784417441937,1784417443268.0,1784417443342.252,2.471,1331.0,74.252,1784416603268.0,1407.723
ss-87-240000,1784417434634.5383,1784417434737,1784417443268.0,1784417443342.2522,102.462,8531.0,74.252,1784416603268.0,8707.714
ss-88-240000,1784417436634.4905,1784417436785,1784417443268.0,1784417443342.2524,150.51,6483.0,74.252,1784416603268.0,6707.762
ss-89-240000,1784417426334.51,1784417426386,1784417443269.0,1784417443342.2524,51.49,16883.0,73.252,1784416603269.0,17007.742
ss-9-240000,1784417437684.5122,1784417437785,1784417443269.0,1784417443342.2527,100.488,5484.0,73.253,1784416603269.0,5657.74
ss-90-240000,1784417441534.5312,1784417441937,1784417443269.0,1784417443342.253,402.469,1332.0,73.253,1784416603269.0,1807.722
ss-91-240000,1784417439584.4922,1784417439836,1784417443269.0,1784417443342.2532,251.508,3433.0,73.253,1784416603269.0,3757.761
ss-92-240000,1784417436584.4949,1784417436785,1784417443269.0,1784417443342.2534,200.505,6484.0,73.253,1784416603269.0,6757.759
ss-93-240000,1784417425434.5393,1784417426386,1784417443269.0,1784417443342.254,951.461,16883.0,73.254,1784416603269.0,17907.715
ss-94-240000,1784417432184.494,1784417432636,1784417443269.0,1784417443342.2588,451.506,10633.0,73.259,1784416603269.0,11157.765
ss-95-240000,1784417435534.4922,1784417435785,1784417443269.0,1784417443342.259,250.508,7484.0,73.259,1784416603269.0,7807.767
ss-96-240000,1784417441884.529,1784417441937,1784417443269.0,1784417443342.2593,52.471,1332.0,73.259,1784416603269.0,1457.73
ss-97-240000,1784417438634.5137,1784417438786,1784417443269.0,1784417443342.2617,151.486,4483.0,73.262,1784416603269.0,4707.748
ss-98-240000,1784417437984.492,1784417438786,1784417443269.0,1784417443342.262,801.508,4483.0,73.262,1784416603269.0,5357.77
ss-99-240000,1784417420684.5298,1784417421235,1784417443269.0,1784417443342.2622,550.47,22034.0,73.262,1784416603269.0,22657.732
ss-0-300000,1784417439034.491,1784417439836,1784417443269.0,1784417443342.2625,801.509,3433.0,73.262,1784416543269.0,4307.771
ss-1-300000,1784417437934.5056,1784417438786,1784417443269.0,1784417443342.2627,851.494,4483.0,73.263,1784416543269.0,5407.757
ss-10-300000,1784417423384.4834,1784417424335,1784417443269.0,1784417443342.263,950.517,18934.0,73.263,1784416543269.0,19957.78
ss-11-300000,1784417440784.5354,1784417440887,1784417443269.0,1784417443342.268,102.465,2382.0,73.268,1784416543269.0,2557.733
ss-12-300000,1784417438284.4907,1784417438786,1784417443269.0,1784417443342.2683,501.509,4483.0,73.268,1784416543269.0,5057.778
ss-13-300000,1784417432584.5176,1784417432636,1784417443269.0,1784417443342.2686,51.482,10633.0,73.269,1784416543269.0,10757.751
ss-14-300000,1784417439984.4917,1784417440887,1784417443269.0,1784417443342.2708,902.508,2382.0,73.271,1784416543269.0,3357.779
ss-15-300000,1784417440234.513,1784417440887,1784417443269.0,1784417443342.271,652.487,2382.0,73.271,1784416543269.0,3107.758
ss-16-300000,1784417441484.5117,1784417441937,1784417443269.0,1784417443342.2712,452.488,1332.0,73.271,1784416543269.0,1857.76
ss-17-300000,1784417428484.5444,1784417428487,1784417443269.0,1784417443342.2715,2.456,14782.0,73.271,1784416543269.0,14857.727
ss-18-300000,1784417437484.5242,1784417437785,1784417443269.0,1784417443342.2717,300.476,5484.0,73.272,1784416543269.0,5857.748
ss-19-300000,1784417440684.5215,1784417440887,1784417443269.0,1784417443342.272,202.479,2382.0,73.272,1784416543269.0,2657.75
ss-2-300000,1784417439634.5042,1784417439836,1784417443269.0,1784417443342.2722,201.496,3433.0,73.272,1784416543269.0,3707.768
ss-20-300000,1784417438884.4941,1784417439836,1784417443269.0,1784417443342.2742,951.506,3433.0,73.274,1784416543269.0,4457.78
ss-21-300000,1784417438184.4907,1784417438786,1784417443269.0,1784417443342.2764,601.509,4483.0,73.276,1784416543269.0,5157.786
ss-22-300000,1784417439734.5208,1784417439836,1784417443269.0,1784417443342.2769,101.479,3433.0,73.277,1784416543269.0,3607.756
ss-23-300000,1784417439834.48,1784417439836,1784417443269.0,1784417443342.277,1.52,3433.0,73.277,1784416543269.0,3507.797
ss-24-300000,1784417440384.543,1784417440887,1784417443269.0,1784417443342.2773,502.457,2382.0,73.277,1784416543269.0,2957.734
ss-25-300000,1784417437384.527,1784417437785,1784417443269.0,1784417443342.2793,400.473,5484.0,73.279,1784416543269.0,5957.752
ss-26-300000,1784417441384.4946,1784417441937,1784417443269.0,1784417443342.2795,552.505,1332.0,73.28,1784416543269.0,1957.785
ss-27-300000,1784417441834.5417,1784417441937,1784417443269.0,1784417443342.2798,102.458,1332.0,73.28,1784416543269.0,1507.738
ss-28-300000,1784417438834.493,1784417439836,1784417443269.0,1784417443342.2869,1001.507,3433.0,73.287,1784416543269.0,4507.794
ss-29-300000,1784417434984.5134,1784417435785,1784417443269.0,1784417443342.287,800.487,7484.0,73.287,1784416543269.0,8357.774
ss-3-300000,1784417437634.526,1784417437785,1784417443269.0,1784417443342.2874,150.474,5484.0,73.287,1784416543269.0,5707.761
ss-30-300000,1784417440984.5186,1784417441937,1784417443269.0,1784417443342.2876,952.481,1332.0,73.288,1784416543269.0,2357.769
ss-31-300000,1784417441734.5334,1784417441937,1784417443269.0,1784417443342.2878,202.467,1332.0,73.288,1784416543269.0,1607.754
ss-32-300000,1784417439184.493,1784417439836,1784417443269.0,1784417443342.288,651.507,3433.0,73.288,1784416543269.0,4157.795
ss-33-300000,1784417422334.488,1784417423335,1784417443269.0,1784417443342.2883,1000.512,19934.0,73.288,1784416543269.0,21007.8
ss-34-300000,1784417440834.5117,1784417440887,1784417443269.0,1784417443342.2886,52.488,2382.0,73.289,1784416543269.0,2507.777
ss-35-300000,1784417432934.4934,1784417433686,1784417443269.0,1784417443342.2908,751.507,9583.0,73.291,1784416543269.0,10407.797
ss-36-300000,1784417440434.5298,1784417440887,1784417443269.0,1784417443342.291,452.47,2382.0,73.291,1784416543269.0,2907.761
ss-37-300000,1784417439884.4907,1784417440887,1784417443269.0,1784417443342.2913,1002.509,2382.0,73.291,1784416543269.0,3457.801
ss-38-300000,1784417441284.5183,1784417441937,1784417443269.0,1784417443342.2915,652.482,1332.0,73.292,1784416543269.0,2057.773
ss-39-300000,1784417435734.5352,1784417435785,1784417443269.0,1784417443342.2917,50.465,7484.0,73.292,1784416543269.0,7607.757
ss-4-300000,1784417440534.5264,1784417440887,1784417443269.0,1784417443342.292,352.474,2382.0,73.292,1784416543269.0,2807.766
ss-40-300000,1784417421784.4927,1784417422287,1784417443269.0,1784417443342.2922,502.507,20982.0,73.292,1784416543269.0,21557.8
ss-41-300000,1784417438034.4915,1784417438786,1784417443269.0,1784417443342.2922,751.509,4483.0,73.292,1784416543269.0,5307.801
ss-42-300000,1784417433934.488,1784417434737,1784417443269.0,1784417443342.2927,802.512,8532.0,73.293,1784416543269.0,9407.805
ss-43-300000,1784417440634.5334,1784417440887,1784417443269.0,1784417443342.293,252.467,2382.0,73.293,1784416543269.0,2707.76
ss-44-300000,1784417440284.5396,1784417440887,1784417443269.0,1784417443342.2932,602.46,2382.0,73.293,1784416543269.0,3057.754
ss-45-300000,1784417439784.4534,1784417439836,1784417443269.0,1784417443342.2935,51.547,3433.0,73.293,1784416543269.0,3557.84
ss-46-300000,1784417435684.4915,1784417435785,1784417443269.0,1784417443342.2937,100.509,7484.0,73.294,1784416543269.0,7657.802
ss-47-300000,1784417441684.493,1784417441937,1784417443269.0,1784417443342.294,252.507,1332.0,73.294,1784416543269.0,1657.801
ss-48-300000,1784417425234.5408,1784417425385,1784417443269.0,1784417443342.2942,150.459,17884.0,73.294,1784416543269.0,18107.753
ss-49-300000,1784417440084.487,1784417440887,1784417443269.0,1784417443342.2944,802.513,2382.0,73.294,1784416543269.0,3257.807
ss-5-300000,1784417438684.5227,1784417438786,1784417443269.0,1784417443342.2966,101.477,4483.0,73.297,1784416543269.0,4657.774
ss-50-300000,1784417438584.4924,1784417438786,1784417443269.0,1784417443342.2969,201.508,4483.0,73.297,1784416543269.0,4757.804
ss-51-300000,1784417441134.537,1784417441937,1784417443269.0,1784417443342.3032,802.463,1332.0,73.303,1784416543269.0,2207.766
ss-52-300000,1784417439484.5137,1784417439836,1784417443269.0,1784417443342.3037,351.486,3433.0,73.304,1784416543269.0,3857.79
ss-53-300000,1784417439134.49,1784417439836,1784417443269.0,1784417443342.3066,701.51,3433.0,73.307,1784416543269.0,4207.817
ss-54-300000,1784417434134.5227,1784417434737,1784417443269.0,1784417443342.307,602.477,8532.0,73.307,1784416543269.0,9207.784
ss-55-300000,1784417437834.542,1784417438786,1784417443269.0,1784417443342.3074,951.458,4483.0,73.307,1784416543269.0,5507.765
ss-56-300000,1784417441634.5242,1784417441937,1784417443270.0,1784417443342.3076,302.476,1333.0,72.308,1784416543270.0,1707.783
ss-57-300000,1784417441434.5115,1784417441937,1784417443270.0,1784417443342.308,502.489,1333.0,72.308,1784416543270.0,1907.797
ss-58-300000,1784417439084.495,1784417439836,1784417443270.0,1784417443342.3083,751.505,3434.0,72.308,1784416543270.0,4257.813
ss-59-300000,1784417437784.5344,1784417438786,1784417443270.0,1784417443342.3088,1001.466,4484.0,72.309,1784416543270.0,5557.774
ss-6-300000,1784417438734.5244,1784417438786,1784417443270.0,1784417443342.309,51.476,4484.0,72.309,1784416543270.0,4607.785
ss-60-300000,1784417441334.529,1784417441937,1784417443270.0,1784417443342.3096,602.471,1333.0,72.31,1784416543270.0,2007.781
ss-61-300000,1784417422084.493,1784417422287,1784417443270.0,1784417443342.31,202.507,20983.0,72.31,1784416543270.0,21257.817
ss-62-300000,1784417431084.4917,1784417431586,1784417443270.0,1784417443342.3103,501.508,11684.0,72.31,1784416543270.0,12257.819
ss-63-300000,1784417439234.517,1784417439836,1784417443270.0,1784417443342.3105,601.483,3434.0,72.311,1784416543270.0,4107.793
ss-64-300000,1784417436234.537,1784417436785,1784417443270.0,1784417443342.3108,550.463,6485.0,72.311,1784416543270.0,7107.774
ss-65-300000,1784417437584.5369,1784417437785,1784417443270.0,1784417443342.311,200.463,5485.0,72.311,1784416543270.0,5757.774
ss-66-300000,1784417437734.521,1784417437785,1784417443270.0,1784417443342.3113,50.479,5485.0,72.311,1784416543270.0,5607.79
ss-67-300000,1784417428234.545,1784417428487,1784417443270.0,1784417443342.3115,252.455,14783.0,72.312,1784416543270.0,15107.767
ss-68-300000,1784417440034.485,1784417440887,1784417443270.0,1784417443342.3118,852.515,2383.0,72.312,1784416543270.0,3307.827
ss-69-300000,1784417430084.4944,1784417430536,1784417443270.0,1784417443342.312,451.506,12734.0,72.312,1784416543270.0,13257.818
ss-7-300000,1784417437884.4834,1784417438786,1784417443270.0,1784417443342.3123,901.517,4484.0,72.312,1784416543270.0,5457.829
ss-70-300000,1784417436834.5093,1784417437785,1784417443270.0,1784417443342.3125,950.491,5485.0,72.312,1784416543270.0,6507.803
ss-71-300000,1784417439934.4897,1784417440887,1784417443270.0,1784417443342.3127,952.51,2383.0,72.313,1784416543270.0,3407.823
ss-72-300000,1784417437184.49,1784417437785,1784417443270.0,1784417443342.313,600.51,5485.0,72.313,1784416543270.0,6157.823
ss-73-300000,1784417435184.5864,1784417435785,1784417443270.0,1784417443343.0312,600.414,7485.0,73.031,1784416543270.0,8158.445
ss-74-300000,1784417441234.526,1784417441937,1784417443270.0,1784417443343.032,702.474,1333.0,73.032,1784416543270.0,2108.506
ss-75-300000,1784417438934.485,1784417439836,1784417443270.0,1784417443343.0325,901.515,3434.0,73.032,1784416543270.0,4408.547
ss-76-300000,1784417441584.5186,1784417441937,1784417443270.0,1784417443343.033,352.481,1333.0,73.033,1784416543270.0,1758.514
ss-77-300000,1784417441784.5212,1784417441937,1784417443270.0,1784417443343.0332,152.479,1333.0,73.033,1784416543270.0,1558.512
ss-78-300000,1784417432034.4917,1784417432636,1784417443270.0,1784417443343.0337,601.508,10634.0,73.034,1784416543270.0,11308.542
ss-79-300000,1784417434484.5332,1784417434737,1784417443270.0,1784417443343.0366,252.467,8533.0,73.037,1784416543270.0,8858.503
ss-8-300000,1784417440184.5208,1784417440887,1784417443270.0,1784417443343.037,702.479,2383.0,73.037,1784416543270.0,3158.516
ss-80-300000,1784417441184.5083,1784417441937,1784417443270.0,1784417443343.0398,752.492,1333.0,73.04,1784416543270.0,2158.531
ss-81-300000,1784417427184.4875,1784417427436,1784417443270.0,1784417443343.0403,251.512,15834.0,73.04,1784416543270.0,16158.553
ss-82-300000,1784417437234.535,1784417437785,1784417443270.0,1784417443343.0408,550.465,5485.0,73.041,1784416543270.0,6108.506
ss-83-300000,1784417435834.5164,1784417436785,1784417443270.0,1784417443343.041,950.484,6485.0,73.041,1784416543270.0,7508.525
ss-84-300000,1784417431484.5212,1784417431586,1784417443270.0,1784417443343.0415,101.479,11684.0,73.042,1784416543270.0,11858.52
ss-85-300000,1784417440584.5288,1784417440887,1784417443270.0,1784417443343.042,302.471,2383.0,73.042,1784416543270.0,2758.513
ss-86-300000,1784417441934.529,1784417441937,1784417443270.0,1784417443343.0422,2.471,1333.0,73.042,1784416543270.0,1408.513
ss-87-300000,1784417434634.5383,1784417434737,1784417443270.0,1784417443343.0425,102.462,8533.0,73.042,1784416543270.0,8708.504
ss-88-300000,1784417436634.4905,1784417436785,1784417443270.0,1784417443343.043,150.51,6485.0,73.043,1784416543270.0,6708.552
ss-89-300000,1784417426334.51,1784417426386,1784417443270.0,1784417443343.0432,51.49,16884.0,73.043,1784416543270.0,17008.533
ss-9-300000,1784417437684.5122,1784417437785,1784417443270.0,1784417443343.0435,100.488,5485.0,73.043,1784416543270.0,5658.531
ss-90-300000,1784417441534.5312,1784417441937,1784417443270.0,1784417443343.044,402.469,1333.0,73.044,1784416543270.0,1808.513
ss-91-300000,1784417439584.4922,1784417439836,1784417443270.0,1784417443343.047,251.508,3434.0,73.047,1784416543270.0,3758.555
ss-92-300000,1784417436584.4949,1784417436785,1784417443270.0,1784417443343.0476,200.505,6485.0,73.048,1784416543270.0,6758.553
ss-93-300000,1784417425434.5393,1784417426386,1784417443270.0,1784417443343.0479,951.461,16884.0,73.048,1784416543270.0,17908.509
ss-94-300000,1784417432184.494,1784417432636,1784417443270.0,1784417443343.0483,451.506,10634.0,73.048,1784416543270.0,11158.554
ss-95-300000,1784417435534.4922,1784417435785,1784417443270.0,1784417443343.0488,250.508,7485.0,73.049,1784416543270.0,7808.557
ss-96-300000,1784417441884.529,1784417441937,1784417443270.0,1784417443343.049,52.471,1333.0,73.049,1784416543270.0,1458.52
ss-97-300000,1784417438634.5137,1784417438786,1784417443270.0,1784417443343.0496,151.486,4484.0,73.05,1784416543270.0,4708.536
ss-98-300000,1784417437984.492,1784417438786,1784417443270.0,1784417443343.0574,801.508,4484.0,73.057,1784416543270.0,5358.565
ss-99-300000,1784417420684.5298,1784417421235,1784417443270.0,1784417443343.0579,550.47,22035.0,73.058,1784416543270.0,22658.528
ss-0-360000,1784417439034.491,1784417439836,1784417443270.0,1784417443343.058,801.509,3434.0,73.058,1784416483270.0,4308.567
ss-1-360000,1784417437934.5056,1784417438786,1784417443270.0,1784417443343.0583,851.494,4484.0,73.058,1784416483270.0,5408.553
ss-10-360000,1784417423384.4834,1784417424335,1784417443270.0,1784417443343.0588,950.517,18935.0,73.059,1784416483270.0,19958.575
ss-11-360000,1784417440784.5354,1784417440887,1784417443270.0,1784417443343.059,102.465,2383.0,73.059,1784416483270.0,2558.524
ss-12-360000,1784417438284.4907,1784417438786,1784417443270.0,1784417443343.0593,501.509,4484.0,73.059,1784416483270.0,5058.569
ss-13-360000,1784417432584.5176,1784417432636,1784417443270.0,1784417443343.0596,51.482,10634.0,73.06,1784416483270.0,10758.542
ss-14-360000,1784417439984.4917,1784417440887,1784417443270.0,1784417443343.0598,902.508,2383.0,73.06,1784416483270.0,3358.568
ss-15-360000,1784417440234.513,1784417440887,1784417443270.0,1784417443343.06,652.487,2383.0,73.06,1784416483270.0,3108.547
ss-16-360000,1784417441484.5117,1784417441937,1784417443270.0,1784417443343.0603,452.488,1333.0,73.06,1784416483270.0,1858.549
ss-17-360000,1784417428484.5444,1784417428487,1784417443270.0,1784417443343.0608,2.456,14783.0,73.061,1784416483270.0,14858.516
ss-18-360000,1784417437484.5242,1784417437785,1784417443270.0,1784417443343.0632,300.476,5485.0,73.063,1784416483270.0,5858.539
ss-19-360000,1784417440684.5215,1784417440887,1784417443270.0,1784417443343.0676,202.479,2383.0,73.068,1784416483270.0,2658.546
ss-2-360000,1784417439634.5042,1784417439836,1784417443270.0,1784417443343.068,201.496,3434.0,73.068,1784416483270.0,3708.564
ss-20-360000,1784417438884.4941,1784417439836,1784417443270.0,1784417443343.0684,951.506,3434.0,73.068,1784416483270.0,4458.574
ss-21-360000,1784417438184.4907,1784417438786,1784417443270.0,1784417443343.0706,601.509,4484.0,73.071,1784416483270.0,5158.58
ss-22-360000,1784417439734.5208,1784417439836,1784417443270.0,1784417443343.0708,101.479,3434.0,73.071,1784416483270.0,3608.55
ss-23-360000,1784417439834.48,1784417439836,1784417443270.0,1784417443343.071,1.52,3434.0,73.071,1784416483270.0,3508.591
ss-24-360000,1784417440384.543,1784417440887,1784417443270.0,1784417443343.0713,502.457,2383.0,73.071,1784416483270.0,2958.528
ss-25-360000,1784417437384.527,1784417437785,1784417443271.0,1784417443343.0732,400.473,5486.0,72.073,1784416483271.0,5958.546
ss-26-360000,1784417441384.4946,1784417441937,1784417443271.0,1784417443343.0735,552.505,1334.0,72.073,1784416483271.0,1958.579
ss-27-360000,1784417441834.5417,1784417441937,1784417443271.0,1784417443343.0737,102.458,1334.0,72.074,1784416483271.0,1508.532
ss-28-360000,1784417438834.493,1784417439836,1784417443271.0,1784417443343.0742,1001.507,3435.0,72.074,1784416483271.0,4508.581
ss-29-360000,1784417434984.5134,1784417435785,1784417443271.0,1784417443343.0745,800.487,7486.0,72.074,1784416483271.0,8358.561
ss-3-360000,1784417437634.526,1784417437785,1784417443271.0,1784417443343.0747,150.474,5486.0,72.075,1784416483271.0,5708.549
ss-30-360000,1784417440984.5186,1784417441937,1784417443271.0,1784417443343.0796,952.481,1334.0,72.08,1784416483271.0,2358.561
ss-31-360000,1784417441734.5334,1784417441937,1784417443271.0,1784417443343.08,202.467,1334.0,72.08,1784416483271.0,1608.547
ss-32-360000,1784417439184.493,1784417439836,1784417443271.0,1784417443343.0803,651.507,3435.0,72.08,1784416483271.0,4158.587
ss-33-360000,1784417422334.488,1784417423335,1784417443271.0,1784417443343.0806,1000.512,19936.0,72.081,1784416483271.0,21008.593
ss-34-360000,1784417440834.5117,1784417440887,1784417443271.0,1784417443343.0808,52.488,2384.0,72.081,1784416483271.0,2508.569
ss-35-360000,1784417432934.4934,1784417433686,1784417443271.0,1784417443343.081,751.507,9585.0,72.081,1784416483271.0,10408.588
ss-36-360000,1784417440434.5298,1784417440887,1784417443271.0,1784417443343.0813,452.47,2384.0,72.081,1784416483271.0,2908.552
ss-37-360000,1784417439884.4907,1784417440887,1784417443271.0,1784417443343.0815,1002.509,2384.0,72.082,1784416483271.0,3458.591
ss-38-360000,1784417441284.5183,1784417441937,1784417443271.0,1784417443343.0815,652.482,1334.0,72.082,1784416483271.0,2058.563
ss-39-360000,1784417435734.5352,1784417435785,1784417443271.0,1784417443343.0818,50.465,7486.0,72.082,1784416483271.0,7608.547
ss-4-360000,1784417440534.5264,1784417440887,1784417443271.0,1784417443343.082,352.474,2384.0,72.082,1784416483271.0,2808.556
ss-40-360000,1784417421784.4927,1784417422287,1784417443271.0,1784417443343.0823,502.507,20984.0,72.082,1784416483271.0,21558.59
ss-41-360000,1784417438034.4915,1784417438786,1784417443271.0,1784417443343.0825,751.509,4485.0,72.083,1784416483271.0,5308.591
ss-42-360000,1784417433934.488,1784417434737,1784417443271.0,1784417443343.083,802.512,8534.0,72.083,1784416483271.0,9408.595
ss-43-360000,1784417440634.5334,1784417440887,1784417443271.0,1784417443343.085,252.467,2384.0,72.085,1784416483271.0,2708.552
ss-44-360000,1784417440284.5396,1784417440887,1784417443271.0,1784417443343.0852,602.46,2384.0,72.085,1784416483271.0,3058.546
ss-45-360000,1784417439784.4534,1784417439836,1784417443271.0,1784417443343.0854,51.547,3435.0,72.085,1784416483271.0,3558.632
ss-46-360000,1784417435684.4915,1784417435785,1784417443271.0,1784417443343.088,100.509,7486.0,72.088,1784416483271.0,7658.596
ss-47-360000,1784417441684.493,1784417441937,1784417443271.0,1784417443343.0881,252.507,1334.0,72.088,1784416483271.0,1658.595
ss-48-360000,1784417425234.5408,1784417425385,1784417443271.0,1784417443343.0884,150.459,17886.0,72.088,1784416483271.0,18108.548
ss-49-360000,1784417440084.487,1784417440887,1784417443271.0,1784417443343.0886,802.513,2384.0,72.089,1784416483271.0,3258.602
ss-5-360000,1784417438684.5227,1784417438786,1784417443271.0,1784417443343.0889,101.477,4485.0,72.089,1784416483271.0,4658.566
ss-50-360000,1784417438584.4924,1784417438786,1784417443271.0,1784417443343.089,201.508,4485.0,72.089,1784416483271.0,4758.597
ss-51-360000,1784417441134.537,1784417441937,1784417443271.0,1784417443343.0894,802.463,1334.0,72.089,1784416483271.0,2208.552
ss-52-360000,1784417439484.5137,1784417439836,1784417443271.0,1784417443343.0896,351.486,3435.0,72.09,1784416483271.0,3858.576
ss-53-360000,1784417439134.49,1784417439836,1784417443271.0,1784417443343.0896,701.51,3435.0,72.09,1784416483271.0,4208.6
ss-54-360000,1784417434134.5227,1784417434737,1784417443271.0,1784417443343.0964,602.477,8534.0,72.096,1784416483271.0,9208.574
ss-55-360000,1784417437834.542,1784417438786,1784417443271.0,1784417443343.0967,951.458,4485.0,72.097,1784416483271.0,5508.555
ss-56-360000,1784417441634.5242,1784417441937,1784417443271.0,1784417443343.0989,302.476,1334.0,72.099,1784416483271.0,1708.575
ss-57-360000,1784417441434.5115,1784417441937,1784417443271.0,1784417443343.099,502.489,1334.0,72.099,1784416483271.0,1908.588
ss-58-360000,1784417439084.495,1784417439836,1784417443271.0,1784417443343.0994,751.505,3435.0,72.099,1784416483271.0,4258.604
ss-59-360000,1784417437784.5344,1784417438786,1784417443271.0,1784417443343.1016,1001.466,4485.0,72.102,1784416483271.0,5558.567
ss-6-360000,1784417438734.5244,1784417438786,1784417443271.0,1784417443343.1018,51.476,4485.0,72.102,1784416483271.0,4608.577
ss-60-360000,1784417441334.529,1784417441937,1784417443271.0,1784417443343.102,602.471,1334.0,72.102,1784416483271.0,2008.573
ss-61-360000,1784417422084.493,1784417422287,1784417443271.0,1784417443343.1023,202.507,20984.0,72.102,1784416483271.0,21258.609
ss-62-360000,1784417431084.4917,1784417431586,1784417443271.0,1784417443343.1025,501.508,11685.0,72.103,1784416483271.0,12258.611
ss-63-360000,1784417439234.517,1784417439836,1784417443271.0,1784417443343.1028,601.483,3435.0,72.103,1784416483271.0,4108.586
ss-64-360000,1784417436234.537,1784417436785,1784417443271.0,1784417443343.103,550.463,6486.0,72.103,1784416483271.0,7108.566
ss-65-360000,1784417437584.5369,1784417437785,1784417443271.0,1784417443343.1033,200.463,5486.0,72.103,1784416483271.0,5758.566
ss-66-360000,1784417437734.521,1784417437785,1784417443271.0,1784417443343.1035,50.479,5486.0,72.104,1784416483271.0,5608.583
ss-67-360000,1784417428234.545,1784417428487,1784417443271.0,1784417443343.1035,252.455,14784.0,72.104,1784416483271.0,15108.559
ss-68-360000,1784417440034.485,1784417440887,1784417443271.0,1784417443343.1038,852.515,2384.0,72.104,1784416483271.0,3308.619
ss-69-360000,1784417430084.4944,1784417430536,1784417443271.0,1784417443343.104,451.506,12735.0,72.104,1784416483271.0,13258.61
ss-7-360000,1784417437884.4834,1784417438786,1784417443271.0,1784417443343.1042,901.517,4485.0,72.104,1784416483271.0,5458.621
ss-70-360000,1784417436834.5093,1784417437785,1784417443271.0,1784417443343.1045,950.491,5486.0,72.104,1784416483271.0,6508.595
ss-71-360000,1784417439934.4897,1784417440887,1784417443271.0,1784417443343.1067,952.51,2384.0,72.107,1784416483271.0,3408.617
ss-72-360000,1784417437184.49,1784417437785,1784417443271.0,1784417443343.107,600.51,5486.0,72.107,1784416483271.0,6158.617
ss-73-360000,1784417435184.5864,1784417435785,1784417443271.0,1784417443343.1096,600.414,7486.0,72.11,1784416483271.0,8158.523
ss-74-360000,1784417441234.526,1784417441937,1784417443271.0,1784417443343.1099,702.474,1334.0,72.11,1784416483271.0,2108.584
ss-75-360000,1784417438934.485,1784417439836,1784417443271.0,1784417443343.1104,901.515,3435.0,72.11,1784416483271.0,4408.625
ss-76-360000,1784417441584.5186,1784417441937,1784417443271.0,1784417443343.1106,352.481,1334.0,72.111,1784416483271.0,1758.592
ss-77-360000,1784417441784.5212,1784417441937,1784417443271.0,1784417443343.111,152.479,1334.0,72.111,1784416483271.0,1558.59
ss-78-360000,1784417432034.4917,1784417432636,1784417443271.0,1784417443343.1167,601.508,10635.0,72.117,1784416483271.0,11308.625
ss-79-360000,1784417434484.5332,1784417434737,1784417443271.0,1784417443343.117,252.467,8534.0,72.117,1784416483271.0,8858.584
ss-8-360000,1784417440184.5208,1784417440887,1784417443271.0,1784417443343.1174,702.479,2384.0,72.117,1784416483271.0,3158.597
ss-80-360000,1784417441184.5083,1784417441937,1784417443271.0,1784417443343.1177,752.492,1334.0,72.118,1784416483271.0,2158.609
ss-81-360000,1784417427184.4875,1784417427436,1784417443271.0,1784417443343.1182,251.512,15835.0,72.118,1784416483271.0,16158.631
ss-82-360000,1784417437234.535,1784417437785,1784417443271.0,1784417443343.1184,550.465,5486.0,72.118,1784416483271.0,6108.583
ss-83-360000,1784417435834.5164,1784417436785,1784417443271.0,1784417443343.119,950.484,6486.0,72.119,1784416483271.0,7508.603
ss-84-360000,1784417431484.5212,1784417431586,1784417443271.0,1784417443343.1194,101.479,11685.0,72.119,1784416483271.0,11858.598
ss-85-360000,1784417440584.5288,1784417440887,1784417443271.0,1784417443343.1196,302.471,2384.0,72.12,1784416483271.0,2758.591
ss-86-360000,1784417441934.529,1784417441937,1784417443271.0,1784417443343.12,2.471,1334.0,72.12,1784416483271.0,1408.591
ss-87-360000,1784417434634.5383,1784417434737,1784417443271.0,1784417443343.1204,102.462,8534.0,72.12,1784416483271.0,8708.582
ss-88-360000,1784417436634.4905,1784417436785,1784417443271.0,1784417443343.1206,150.51,6486.0,72.121,1784416483271.0,6708.63
ss-89-360000,1784417426334.51,1784417426386,1784417443271.0,1784417443343.121,51.49,16885.0,72.121,1784416483271.0,17008.611
ss-9-360000,1784417437684.5122,1784417437785,1784417443271.0,1784417443343.1216,100.488,5486.0,72.122,1784416483271.0,5658.609
ss-90-360000,1784417441534.5312,1784417441937,1784417443271.0,1784417443343.1218,402.469,1334.0,72.122,1784416483271.0,1808.591
ss-91-360000,1784417439584.4922,1784417439836,1784417443271.0,1784417443343.1245,251.508,3435.0,72.125,1784416483271.0,3758.632
ss-92-360000,1784417436584.4949,1784417436785,1784417443271.0,1784417443343.1248,200.505,6486.0,72.125,1784416483271.0,6758.63
ss-93-360000,1784417425434.5393,1784417426386,1784417443271.0,1784417443343.1252,951.461,16885.0,72.125,1784416483271.0,17908.586
ss-94-360000,1784417432184.494,1784417432636,1784417443271.0,1784417443343.1255,451.506,10635.0,72.125,1784416483271.0,11158.632
ss-95-360000,1784417435534.4922,1784417435785,1784417443271.0,1784417443343.1257,250.508,7486.0,72.126,1784416483271.0,7808.634
ss-96-360000,1784417441884.529,1784417441937,1784417443272.0,1784417443343.128,52.471,1335.0,71.128,1784416483272.0,1458.599
ss-97-360000,1784417438634.5137,1784417438786,1784417443272.0,1784417443343.1282,151.486,4486.0,71.128,1784416483272.0,4708.615
ss-98-360000,1784417437984.492,1784417438786,1784417443272.0,1784417443343.1284,801.508,4486.0,71.128,1784416483272.0,5358.636
ss-99-360000,1784417420684.5298,1784417421235,1784417443272.0,1784417443343.1304,550.47,22037.0,71.13,1784416483272.0,22658.601
ss-0-420000,1784417439034.491,1784417439836,1784417443272.0,1784417443343.1306,801.509,3436.0,71.131,1784416423272.0,4308.64
ss-1-420000,1784417437934.5056,1784417438786,1784417443272.0,1784417443343.1309,851.494,4486.0,71.131,1784416423272.0,5408.625
ss-10-420000,1784417423384.4834,1784417424335,1784417443272.0,1784417443343.131,950.517,18937.0,71.131,1784416423272.0,19958.648
ss-11-420000,1784417440784.5354,1784417440887,1784417443272.0,1784417443343.1357,102.465,2385.0,71.136,1784416423272.0,2558.6
ss-12-420000,1784417438284.4907,1784417438786,1784417443272.0,1784417443343.136,501.509,4486.0,71.136,1784416423272.0,5058.645
ss-13-420000,1784417432584.5176,1784417432636,1784417443272.0,1784417443343.1382,51.482,10636.0,71.138,1784416423272.0,10758.621
ss-14-420000,1784417439984.4917,1784417440887,1784417443272.0,1784417443343.1384,902.508,2385.0,71.138,1784416423272.0,3358.647
ss-15-420000,1784417440234.513,1784417440887,1784417443272.0,1784417443343.1387,652.487,2385.0,71.139,1784416423272.0,3108.626
ss-16-420000,1784417441484.5117,1784417441937,1784417443272.0,1784417443343.139,452.488,1335.0,71.139,1784416423272.0,1858.627
ss-17-420000,1784417428484.5444,1784417428487,1784417443272.0,1784417443343.1392,2.456,14785.0,71.139,1784416423272.0,14858.595
ss-18-420000,1784417437484.5242,1784417437785,1784417443272.0,1784417443343.1394,300.476,5487.0,71.139,1784416423272.0,5858.615
ss-19-420000,1784417440684.5215,1784417440887,1784417443272.0,1784417443343.1396,202.479,2385.0,71.14,1784416423272.0,2658.618
ss-2-420000,1784417439634.5042,1784417439836,1784417443272.0,1784417443343.14,201.496,3436.0,71.14,1784416423272.0,3708.636
ss-20-420000,1784417438884.4941,1784417439836,1784417443272.0,1784417443343.1401,951.506,3436.0,71.14,1784416423272.0,4458.646
ss-21-420000,1784417438184.4907,1784417438786,1784417443272.0,1784417443343.1404,601.509,4486.0,71.14,1784416423272.0,5158.65
ss-22-420000,1784417439734.5208,1784417439836,1784417443272.0,1784417443343.1426,101.479,3436.0,71.143,1784416423272.0,3608.622
ss-23-420000,1784417439834.48,1784417439836,1784417443272.0,1784417443343.1428,1.52,3436.0,71.143,1784416423272.0,3508.663
ss-24-420000,1784417440384.543,1784417440887,1784417443272.0,1784417443343.143,502.457,2385.0,71.143,1784416423272.0,2958.6
ss-25-420000,1784417437384.527,1784417437785,1784417443272.0,1784417443343.1482,400.473,5487.0,71.148,1784416423272.0,5958.621
ss-26-420000,1784417441384.4946,1784417441937,1784417443272.0,1784417443343.1487,552.505,1335.0,71.149,1784416423272.0,1958.654
ss-27-420000,1784417441834.5417,1784417441937,1784417443272.0,1784417443343.149,102.458,1335.0,71.149,1784416423272.0,1508.607
ss-28-420000,1784417438834.493,1784417439836,1784417443272.0,1784417443343.1494,1001.507,3436.0,71.149,1784416423272.0,4508.656
ss-29-420000,1784417434984.5134,1784417435785,1784417443272.0,1784417443343.1497,800.487,7487.0,71.15,1784416423272.0,8358.636
ss-3-420000,1784417437634.526,1784417437785,1784417443272.0,1784417443343.1501,150.474,5487.0,71.15,1784416423272.0,5708.624
ss-30-420000,1784417440984.5186,1784417441937,1784417443272.0,1784417443343.1504,952.481,1335.0,71.15,1784416423272.0,2358.632
ss-31-420000,1784417441734.5334,1784417441937,1784417443272.0,1784417443343.151,202.467,1335.0,71.151,1784416423272.0,1608.617
ss-32-420000,1784417439184.493,1784417439836,1784417443272.0,1784417443343.1511,651.507,3436.0,71.151,1784416423272.0,4158.658
ss-33-420000,1784417422334.488,1784417423335,1784417443272.0,1784417443343.1516,1000.512,19937.0,71.152,1784416423272.0,21008.664
ss-34-420000,1784417440834.5117,1784417440887,1784417443272.0,1784417443343.1519,52.488,2385.0,71.152,1784416423272.0,2508.64
ss-35-420000,1784417432934.4934,1784417433686,1784417443272.0,1784417443343.1592,751.507,9586.0,71.159,1784416423272.0,10408.666
ss-36-420000,1784417440434.5298,1784417440887,1784417443272.0,1784417443343.1594,452.47,2385.0,71.159,1784416423272.0,2908.63
ss-37-420000,1784417439884.4907,1784417440887,1784417443272.0,1784417443343.1597,1002.509,2385.0,71.16,1784416423272.0,3458.669
ss-38-420000,1784417441284.5183,1784417441937,1784417443272.0,1784417443343.16,652.482,1335.0,71.16,1784416423272.0,2058.642
ss-39-420000,1784417435734.5352,1784417435785,1784417443272.0,1784417443343.1602,50.465,7487.0,71.16,1784416423272.0,7608.625
ss-4-420000,1784417440534.5264,1784417440887,1784417443272.0,1784417443343.1604,352.474,2385.0,71.16,1784416423272.0,2808.634
ss-40-420000,1784417421784.4927,1784417422287,1784417443272.0,1784417443343.1606,502.507,20985.0,71.161,1784416423272.0,21558.668
ss-41-420000,1784417438034.4915,1784417438786,1784417443272.0,1784417443343.161,751.509,4486.0,71.161,1784416423272.0,5308.669
ss-42-420000,1784417433934.488,1784417434737,1784417443272.0,1784417443343.1611,802.512,8535.0,71.161,1784416423272.0,9408.673
ss-43-420000,1784417440634.5334,1784417440887,1784417443272.0,1784417443343.1614,252.467,2385.0,71.161,1784416423272.0,2708.628
ss-44-420000,1784417440284.5396,1784417440887,1784417443272.0,1784417443343.1616,602.46,2385.0,71.162,1784416423272.0,3058.622
ss-45-420000,1784417439784.4534,1784417439836,1784417443272.0,1784417443343.1619,51.547,3436.0,71.162,1784416423272.0,3558.708
ss-46-420000,1784417435684.4915,1784417435785,1784417443272.0,1784417443343.162,100.509,7487.0,71.162,1784416423272.0,7658.671
ss-47-420000,1784417441684.493,1784417441937,1784417443272.0,1784417443343.1624,252.507,1335.0,71.162,1784416423272.0,1658.669
ss-48-420000,1784417425234.5408,1784417425385,1784417443272.0,1784417443343.1626,150.459,17887.0,71.163,1784416423272.0,18108.622
ss-49-420000,1784417440084.487,1784417440887,1784417443272.0,1784417443343.1628,802.513,2385.0,71.163,1784416423272.0,3258.676
ss-5-420000,1784417438684.5227,1784417438786,1784417443272.0,1784417443343.163,101.477,4486.0,71.163,1784416423272.0,4658.64
ss-50-420000,1784417438584.4924,1784417438786,1784417443272.0,1784417443343.163,201.508,4486.0,71.163,1784416423272.0,4758.671
ss-51-420000,1784417441134.537,1784417441937,1784417443272.0,1784417443343.1636,802.463,1335.0,71.164,1784416423272.0,2208.626
ss-52-420000,1784417439484.5137,1784417439836,1784417443272.0,1784417443343.1655,351.486,3436.0,71.166,1784416423272.0,3858.652
ss-53-420000,1784417439134.49,1784417439836,1784417443272.0,1784417443343.1658,701.51,3436.0,71.166,1784416423272.0,4208.676
ss-54-420000,1784417434134.5227,1784417434737,1784417443272.0,1784417443343.166,602.477,8535.0,71.166,1784416423272.0,9208.643
ss-55-420000,1784417437834.542,1784417438786,1784417443272.0,1784417443343.1663,951.458,4486.0,71.166,1784416423272.0,5508.624
ss-56-420000,1784417441634.5242,1784417441937,1784417443272.0,1784417443343.1665,302.476,1335.0,71.167,1784416423272.0,1708.642
ss-57-420000,1784417441434.5115,1784417441937,1784417443272.0,1784417443343.167,502.489,1335.0,71.167,1784416423272.0,1908.656
ss-58-420000,1784417439084.495,1784417439836,1784417443272.0,1784417443343.1672,751.505,3436.0,71.167,1784416423272.0,4258.672
ss-59-420000,1784417437784.5344,1784417438786,1784417443272.0,1784417443343.1716,1001.466,4486.0,71.172,1784416423272.0,5558.637
ss-6-420000,1784417438734.5244,1784417438786,1784417443272.0,1784417443343.1719,51.476,4486.0,71.172,1784416423272.0,4608.647
ss-60-420000,1784417441334.529,1784417441937,1784417443272.0,1784417443343.172,602.471,1335.0,71.172,1784416423272.0,2008.643
ss-61-420000,1784417422084.493,1784417422287,1784417443272.0,1784417443343.1724,202.507,20985.0,71.172,1784416423272.0,21258.679
ss-62-420000,1784417431084.4917,1784417431586,1784417443272.0,1784417443343.1726,501.508,11686.0,71.173,1784416423272.0,12258.681
ss-63-420000,1784417439234.517,1784417439836,1784417443272.0,1784417443343.1729,601.483,3436.0,71.173,1784416423272.0,4108.656
ss-64-420000,1784417436234.537,1784417436785,1784417443272.0,1784417443343.173,550.463,6487.0,71.173,1784416423272.0,7108.636
ss-65-420000,1784417437584.5369,1784417437785,1784417443272.0,1784417443343.1733,200.463,5487.0,71.173,1784416423272.0,5758.636
ss-66-420000,1784417437734.521,1784417437785,1784417443272.0,1784417443343.1736,50.479,5487.0,71.174,1784416423272.0,5608.653
ss-67-420000,1784417428234.545,1784417428487,1784417443272.0,1784417443343.1738,252.455,14785.0,71.174,1784416423272.0,15108.629
ss-68-420000,1784417440034.485,1784417440887,1784417443272.0,1784417443343.207,852.515,2385.0,71.207,1784416423272.0,3308.722
ss-69-420000,1784417430084.4944,1784417430536,1784417443272.0,1784417443343.2073,451.506,12736.0,71.207,1784416423272.0,13258.713
ss-7-420000,1784417437884.4834,1784417438786,1784417443272.0,1784417443343.21,901.517,4486.0,71.21,1784416423272.0,5458.727
ss-70-420000,1784417436834.5093,1784417437785,1784417443272.0,1784417443343.2122,950.491,5487.0,71.212,1784416423272.0,6508.703
ss-71-420000,1784417439934.4897,1784417440887,1784417443272.0,1784417443343.2124,952.51,2385.0,71.212,1784416423272.0,3408.723
ss-72-420000,1784417437184.49,1784417437785,1784417443272.0,1784417443343.2126,600.51,5487.0,71.213,1784416423272.0,6158.723
ss-73-420000,1784417435184.5864,1784417435785,1784417443272.0,1784417443343.2131,600.414,7487.0,71.213,1784416423272.0,8158.627
ss-74-420000,1784417441234.526,1784417441937,1784417443272.0,1784417443343.2134,702.474,1335.0,71.213,1784416423272.0,2108.688
ss-75-420000,1784417438934.485,1784417439836,1784417443272.0,1784417443343.2136,901.515,3436.0,71.214,1784416423272.0,4408.729
ss-76-420000,1784417441584.5186,1784417441937,1784417443272.0,1784417443343.2139,352.481,1335.0,71.214,1784416423272.0,1758.695
ss-77-420000,1784417441784.5212,1784417441937,1784417443272.0,1784417443343.214,152.479,1335.0,71.214,1784416423272.0,1558.693
ss-78-420000,1784417432034.4917,1784417432636,1784417443272.0,1784417443344.1653,601.508,10636.0,72.165,1784416423272.0,11309.674
ss-79-420000,1784417434484.5332,1784417434737,1784417443272.0,1784417443344.1663,252.467,8535.0,72.166,1784416423272.0,8859.633
ss-8-420000,1784417440184.5208,1784417440887,1784417443272.0,1784417443344.1667,702.479,2385.0,72.167,1784416423272.0,3159.646
ss-80-420000,1784417441184.5083,1784417441937,1784417443272.0,1784417443344.1672,752.492,1335.0,72.167,1784416423272.0,2159.659
ss-81-420000,1784417427184.4875,1784417427436,1784417443272.0,1784417443344.1719,251.512,15836.0,72.172,1784416423272.0,16159.684
ss-82-420000,1784417437234.535,1784417437785,1784417443272.0,1784417443344.1724,550.465,5487.0,72.172,1784416423272.0,6109.637
ss-83-420000,1784417435834.5164,1784417436785,1784417443272.0,1784417443344.1755,950.484,6487.0,72.176,1784416423272.0,7509.659
ss-84-420000,1784417431484.5212,1784417431586,1784417443272.0,1784417443344.176,101.479,11686.0,72.176,1784416423272.0,11859.655
ss-85-420000,1784417440584.5288,1784417440887,1784417443272.0,1784417443344.1763,302.471,2385.0,72.176,1784416423272.0,2759.647
ss-86-420000,1784417441934.529,1784417441937,1784417443272.0,1784417443344.1794,2.471,1335.0,72.179,1784416423272.0,1409.65
ss-87-420000,1784417434634.5383,1784417434737,1784417443273.0,1784417443344.182,102.462,8536.0,71.182,1784416423273.0,8709.644
ss-88-420000,1784417436634.4905,1784417436785,1784417443273.0,1784417443344.1826,150.51,6488.0,71.183,1784416423273.0,6709.692
ss-89-420000,1784417426334.51,1784417426386,1784417443273.0,1784417443344.1829,51.49,16887.0,71.183,1784416423273.0,17009.673
ss-9-420000,1784417437684.5122,1784417437785,1784417443273.0,1784417443344.1833,100.488,5488.0,71.183,1784416423273.0,5659.671
ss-90-420000,1784417441534.5312,1784417441937,1784417443273.0,1784417443344.1838,402.469,1336.0,71.184,1784416423273.0,1809.653
ss-91-420000,1784417439584.4922,1784417439836,1784417443273.0,1784417443344.184,251.508,3437.0,71.184,1784416423273.0,3759.692
ss-92-420000,1784417436584.4949,1784417436785,1784417443273.0,1784417443344.1846,200.505,6488.0,71.185,1784416423273.0,6759.69
ss-93-420000,1784417425434.5393,1784417426386,1784417443273.0,1784417443344.1853,951.461,16887.0,71.185,1784416423273.0,17909.646
ss-94-420000,1784417432184.494,1784417432636,1784417443273.0,1784417443344.1858,451.506,10637.0,71.186,1784416423273.0,11159.692
ss-95-420000,1784417435534.4922,1784417435785,1784417443273.0,1784417443344.1863,250.508,7488.0,71.186,1784416423273.0,7809.694
ss-96-420000,1784417441884.529,1784417441937,1784417443273.0,1784417443344.1865,52.471,1336.0,71.187,1784416423273.0,1459.657
ss-97-420000,1784417438634.5137,1784417438786,1784417443273.0,1784417443344.187,151.486,4487.0,71.187,1784416423273.0,4709.673
ss-98-420000,1784417437984.492,1784417438786,1784417443273.0,1784417443344.1873,801.508,4487.0,71.187,1784416423273.0,5359.695
ss-99-420000,1784417420684.5298,1784417421235,1784417443273.0,1784417443344.1877,550.47,22038.0,71.188,1784416423273.0,22659.658
ss-0-480000,1784417439034.491,1784417439836,1784417443273.0,1784417443344.188,801.509,3437.0,71.188,1784416363273.0,4309.697
ss-1-480000,1784417437934.5056,1784417438786,1784417443273.0,1784417443344.1885,851.494,4487.0,71.188,1784416363273.0,5409.683
ss-10-480000,1784417423384.4834,1784417424335,1784417443273.0,1784417443344.189,950.517,18938.0,71.189,1784416363273.0,19959.706
ss-11-480000,1784417440784.5354,1784417440887,1784417443273.0,1784417443344.1973,102.465,2386.0,71.197,1784416363273.0,2559.662
ss-12-480000,1784417438284.4907,1784417438786,1784417443273.0,1784417443344.2002,501.509,4487.0,71.2,1784416363273.0,5059.709
ss-13-480000,1784417432584.5176,1784417432636,1784417443273.0,1784417443344.2007,51.482,10637.0,71.201,1784416363273.0,10759.683
ss-14-480000,1784417439984.4917,1784417440887,1784417443273.0,1784417443344.2012,902.508,2386.0,71.201,1784416363273.0,3359.709
ss-15-480000,1784417440234.513,1784417440887,1784417443273.0,1784417443344.2039,652.487,2386.0,71.204,1784416363273.0,3109.691
ss-16-480000,1784417441484.5117,1784417441937,1784417443273.0,1784417443344.2043,452.488,1336.0,71.204,1784416363273.0,1859.693
ss-17-480000,1784417428484.5444,1784417428487,1784417443273.0,1784417443344.2046,2.456,14786.0,71.205,1784416363273.0,14859.66
ss-18-480000,1784417437484.5242,1784417437785,1784417443273.0,1784417443344.205,300.476,5488.0,71.205,1784416363273.0,5859.681
ss-19-480000,1784417440684.5215,1784417440887,1784417443273.0,1784417443344.2083,202.479,2386.0,71.208,1784416363273.0,2659.687
ss-2-480000,1784417439634.5042,1784417439836,1784417443273.0,1784417443344.2087,201.496,3437.0,71.209,1784416363273.0,3709.705
ss-20-480000,1784417438884.4941,1784417439836,1784417443273.0,1784417443344.209,951.506,3437.0,71.209,1784416363273.0,4459.715
ss-21-480000,1784417438184.4907,1784417438786,1784417443273.0,1784417443344.2095,601.509,4487.0,71.209,1784416363273.0,5159.719
ss-22-480000,1784417439734.5208,1784417439836,1784417443273.0,1784417443344.21,101.479,3437.0,71.21,1784416363273.0,3609.689
ss-23-480000,1784417439834.48,1784417439836,1784417443273.0,1784417443344.2102,1.52,3437.0,71.21,1784416363273.0,3509.73
ss-24-480000,1784417440384.543,1784417440887,1784417443273.0,1784417443344.2107,502.457,2386.0,71.211,1784416363273.0,2959.668
ss-25-480000,1784417437384.527,1784417437785,1784417443273.0,1784417443344.211,400.473,5488.0,71.211,1784416363273.0,5959.684
ss-26-480000,1784417441384.4946,1784417441937,1784417443273.0,1784417443344.2114,552.505,1336.0,71.211,1784416363273.0,1959.717
ss-27-480000,1784417441834.5417,1784417441937,1784417443273.0,1784417443344.2117,102.458,1336.0,71.212,1784416363273.0,1509.67
ss-28-480000,1784417438834.493,1784417439836,1784417443273.0,1784417443344.2122,1001.507,3437.0,71.212,1784416363273.0,4509.719
ss-29-480000,1784417434984.5134,1784417435785,1784417443273.0,1784417443344.2126,800.487,7488.0,71.213,1784416363273.0,8359.699
ss-3-480000,1784417437634.526,1784417437785,1784417443273.0,1784417443344.213,150.474,5488.0,71.213,1784416363273.0,5709.687
ss-30-480000,1784417440984.5186,1784417441937,1784417443273.0,1784417443344.2134,952.481,1336.0,71.213,1784416363273.0,2359.695
ss-31-480000,1784417441734.5334,1784417441937,1784417443273.0,1784417443344.2136,202.467,1336.0,71.214,1784416363273.0,1609.68
ss-32-480000,1784417439184.493,1784417439836,1784417443273.0,1784417443344.214,651.507,3437.0,71.214,1784416363273.0,4159.721
ss-33-480000,1784417422334.488,1784417423335,1784417443273.0,1784417443344.2144,1000.512,19938.0,71.214,1784416363273.0,21009.726
ss-34-480000,1784417440834.5117,1784417440887,1784417443273.0,1784417443344.217,52.488,2386.0,71.217,1784416363273.0,2509.705
ss-35-480000,1784417432934.4934,1784417433686,1784417443273.0,1784417443344.2244,751.507,9587.0,71.224,1784416363273.0,10409.731
ss-36-480000,1784417440434.5298,1784417440887,1784417443273.0,1784417443344.225,452.47,2386.0,71.225,1784416363273.0,2909.695
ss-37-480000,1784417439884.4907,1784417440887,1784417443273.0,1784417443344.2253,1002.509,2386.0,71.225,1784416363273.0,3459.735
ss-38-480000,1784417441284.5183,1784417441937,1784417443273.0,1784417443344.2285,652.482,1336.0,71.229,1784416363273.0,2059.71
ss-39-480000,1784417435734.5352,1784417435785,1784417443273.0,1784417443344.229,50.465,7488.0,71.229,1784416363273.0,7609.694
ss-4-480000,1784417440534.5264,1784417440887,1784417443273.0,1784417443344.2292,352.474,2386.0,71.229,1784416363273.0,2809.703
ss-40-480000,1784417421784.4927,1784417422287,1784417443273.0,1784417443344.2297,502.507,20986.0,71.23,1784416363273.0,21559.737
ss-41-480000,1784417438034.4915,1784417438786,1784417443273.0,1784417443344.23,751.509,4487.0,71.23,1784416363273.0,5309.739
ss-42-480000,1784417433934.488,1784417434737,1784417443273.0,1784417443344.2305,802.512,8536.0,71.23,1784416363273.0,9409.742
ss-43-480000,1784417440634.5334,1784417440887,1784417443273.0,1784417443344.231,252.467,2386.0,71.231,1784416363273.0,2709.698
ss-44-480000,1784417440284.5396,1784417440887,1784417443273.0,1784417443344.2312,602.46,2386.0,71.231,1784416363273.0,3059.692
ss-45-480000,1784417439784.4534,1784417439836,1784417443273.0,1784417443344.2317,51.547,3437.0,71.232,1784416363273.0,3559.778
ss-46-480000,1784417435684.4915,1784417435785,1784417443273.0,1784417443344.2322,100.509,7488.0,71.232,1784416363273.0,7659.741
ss-47-480000,1784417441684.493,1784417441937,1784417443273.0,1784417443344.2327,252.507,1336.0,71.233,1784416363273.0,1659.74
ss-48-480000,1784417425234.5408,1784417425385,1784417443273.0,1784417443344.233,150.459,17888.0,71.233,1784416363273.0,18109.692
ss-49-480000,1784417440084.487,1784417440887,1784417443273.0,1784417443344.2334,802.513,2386.0,71.233,1784416363273.0,3259.746
ss-5-480000,1784417438684.5227,1784417438786,1784417443273.0,1784417443344.2336,101.477,4487.0,71.234,1784416363273.0,4659.711
ss-50-480000,1784417438584.4924,1784417438786,1784417443273.0,1784417443344.2341,201.508,4487.0,71.234,1784416363273.0,4759.742
ss-51-480000,1784417441134.537,1784417441937,1784417443273.0,1784417443344.2344,802.463,1336.0,71.234,1784416363273.0,2209.697
ss-52-480000,1784417439484.5137,1784417439836,1784417443273.0,1784417443344.2349,351.486,3437.0,71.235,1784416363273.0,3859.721
ss-53-480000,1784417439134.49,1784417439836,1784417443273.0,1784417443344.235,701.51,3437.0,71.235,1784416363273.0,4209.745
ss-54-480000,1784417434134.5227,1784417434737,1784417443273.0,1784417443344.2356,602.477,8536.0,71.236,1784416363273.0,9209.713
ss-55-480000,1784417437834.542,1784417438786,1784417443273.0,1784417443344.2358,951.458,4487.0,71.236,1784416363273.0,5509.694
ss-56-480000,1784417441634.5242,1784417441937,1784417443273.0,1784417443344.2363,302.476,1336.0,71.236,1784416363273.0,1709.712
ss-57-480000,1784417441434.5115,1784417441937,1784417443273.0,1784417443344.237,502.489,1336.0,71.237,1784416363273.0,1909.726
ss-58-480000,1784417439084.495,1784417439836,1784417443273.0,1784417443344.243,751.505,3437.0,71.243,1784416363273.0,4259.748
ss-59-480000,1784417437784.5344,1784417438786,1784417443273.0,1784417443344.2434,1001.466,4487.0,71.243,1784416363273.0,5559.709
ss-6-480000,1784417438734.5244,1784417438786,1784417443273.0,1784417443344.244,51.476,4487.0,71.244,1784416363273.0,4609.719
ss-60-480000,1784417441334.529,1784417441937,1784417443273.0,1784417443344.2441,602.471,1336.0,71.244,1784416363273.0,2009.715
ss-61-480000,1784417422084.493,1784417422287,1784417443273.0,1784417443344.2446,202.507,20986.0,71.245,1784416363273.0,21259.752
ss-62-480000,1784417431084.4917,1784417431586,1784417443273.0,1784417443344.2449,501.508,11687.0,71.245,1784416363273.0,12259.753
ss-63-480000,1784417439234.517,1784417439836,1784417443273.0,1784417443344.2454,601.483,3437.0,71.245,1784416363273.0,4109.728
ss-64-480000,1784417436234.537,1784417436785,1784417443273.0,1784417443344.246,550.463,6488.0,71.246,1784416363273.0,7109.709
ss-65-480000,1784417437584.5369,1784417437785,1784417443273.0,1784417443344.2466,200.463,5488.0,71.247,1784416363273.0,5759.71
ss-66-480000,1784417437734.521,1784417437785,1784417443273.0,1784417443344.2468,50.479,5488.0,71.247,1784416363273.0,5609.726
ss-67-480000,1784417428234.545,1784417428487,1784417443273.0,1784417443344.2473,252.455,14786.0,71.247,1784416363273.0,15109.702
ss-68-480000,1784417440034.485,1784417440887,1784417443273.0,1784417443344.2505,852.515,2386.0,71.25,1784416363273.0,3309.765
ss-69-480000,1784417430084.4944,1784417430536,1784417443273.0,1784417443344.251,451.506,12737.0,71.251,1784416363273.0,13259.757
ss-7-480000,1784417437884.4834,1784417438786,1784417443273.0,1784417443344.2512,901.517,4487.0,71.251,1784416363273.0,5459.768
ss-70-480000,1784417436834.5093,1784417437785,1784417443273.0,1784417443344.2517,950.491,5488.0,71.252,1784416363273.0,6509.742
ss-71-480000,1784417439934.4897,1784417440887,1784417443273.0,1784417443344.2573,952.51,2386.0,71.257,1784416363273.0,3409.768
ss-72-480000,1784417437184.49,1784417437785,1784417443273.0,1784417443344.2578,600.51,5488.0,71.258,1784416363273.0,6159.768
ss-73-480000,1784417435184.5864,1784417435785,1784417443273.0,1784417443344.258,600.414,7488.0,71.258,1784416363273.0,8159.672
ss-74-480000,1784417441234.526,1784417441937,1784417443274.0,1784417443344.2585,702.474,1337.0,70.259,1784416363274.0,2109.733
ss-75-480000,1784417438934.485,1784417439836,1784417443274.0,1784417443344.2588,901.515,3438.0,70.259,1784416363274.0,4409.774
ss-76-480000,1784417441584.5186,1784417441937,1784417443274.0,1784417443344.2593,352.481,1337.0,70.259,1784416363274.0,1759.741
ss-77-480000,1784417441784.5212,1784417441937,1784417443274.0,1784417443344.2598,152.479,1337.0,70.26,1784416363274.0,1559.739
ss-78-480000,1784417432034.4917,1784417432636,1784417443274.0,1784417443344.26,601.508,10638.0,70.26,1784416363274.0,11309.768
ss-79-480000,1784417434484.5332,1784417434737,1784417443274.0,1784417443344.2605,252.467,8537.0,70.26,1784416363274.0,8859.727
ss-8-480000,1784417440184.5208,1784417440887,1784417443274.0,1784417443344.2632,702.479,2387.0,70.263,1784416363274.0,3159.742
ss-80-480000,1784417441184.5083,1784417441937,1784417443274.0,1784417443344.2637,752.492,1337.0,70.264,1784416363274.0,2159.755
ss-81-480000,1784417427184.4875,1784417427436,1784417443274.0,1784417443344.264,251.512,15838.0,70.264,1784416363274.0,16159.776
ss-82-480000,1784417437234.535,1784417437785,1784417443274.0,1784417443344.2708,550.465,5489.0,70.271,1784416363274.0,6109.736
ss-83-480000,1784417435834.5164,1784417436785,1784417443274.0,1784417443344.2712,950.484,6489.0,70.271,1784416363274.0,7509.755
ss-84-480000,1784417431484.5212,1784417431586,1784417443274.0,1784417443344.2717,101.479,11688.0,70.272,1784416363274.0,11859.75
ss-85-480000,1784417440584.5288,1784417440887,1784417443274.0,1784417443344.2747,302.471,2387.0,70.275,1784416363274.0,2759.746
ss-86-480000,1784417441934.529,1784417441937,1784417443274.0,1784417443344.2751,2.471,1337.0,70.275,1784416363274.0,1409.746
ss-87-480000,1784417434634.5383,1784417434737,1784417443274.0,1784417443344.2754,102.462,8537.0,70.275,1784416363274.0,8709.737
ss-88-480000,1784417436634.4905,1784417436785,1784417443274.0,1784417443344.276,150.51,6489.0,70.276,1784416363274.0,6709.785
ss-89-480000,1784417426334.51,1784417426386,1784417443274.0,1784417443344.2761,51.49,16888.0,70.276,1784416363274.0,17009.766
ss-9-480000,1784417437684.5122,1784417437785,1784417443274.0,1784417443344.2766,100.488,5489.0,70.277,1784416363274.0,5659.764
ss-90-480000,1784417441534.5312,1784417441937,1784417443274.0,1784417443344.2769,402.469,1337.0,70.277,1784416363274.0,1809.746
ss-91-480000,1784417439584.4922,1784417439836,1784417443274.0,1784417443344.2773,251.508,3438.0,70.277,1784416363274.0,3759.785
ss-92-480000,1784417436584.4949,1784417436785,1784417443274.0,1784417443344.2776,200.505,6489.0,70.278,1784416363274.0,6759.783
ss-93-480000,1784417425434.5393,1784417426386,1784417443274.0,1784417443344.278,951.461,16888.0,70.278,1784416363274.0,17909.739
ss-94-480000,1784417432184.494,1784417432636,1784417443274.0,1784417443344.2786,451.506,10638.0,70.279,1784416363274.0,11159.785
ss-95-480000,1784417435534.4922,1784417435785,1784417443274.0,1784417443344.2788,250.508,7489.0,70.279,1784416363274.0,7809.787
ss-96-480000,1784417441884.529,1784417441937,1784417443274.0,1784417443344.2817,52.471,1337.0,70.282,1784416363274.0,1459.753
ss-97-480000,1784417438634.5137,1784417438786,1784417443274.0,1784417443344.2822,151.486,4488.0,70.282,1784416363274.0,4709.769
ss-98-480000,1784417437984.492,1784417438786,1784417443274.0,1784417443344.2825,801.508,4488.0,70.282,1784416363274.0,5359.791
ss-99-480000,1784417420684.5298,1784417421235,1784417443274.0,1784417443344.283,550.47,22039.0,70.283,1784416363274.0,22659.753
ss-0-540000,1784417439034.491,1784417439836,1784417443274.0,1784417443347.5115,801.509,3438.0,73.511,1784416303274.0,4313.021
ss-1-540000,1784417437934.5056,1784417438786,1784417443274.0,1784417443347.5142,851.494,4488.0,73.514,1784416303274.0,5413.009
ss-10-540000,1784417423384.4834,1784417424335,1784417443274.0,1784417443347.5154,950.517,18939.0,73.515,1784416303274.0,19963.032
ss-11-540000,1784417440784.5354,1784417440887,1784417443274.0,1784417443347.5232,102.465,2387.0,73.523,1784416303274.0,2562.988
ss-12-540000,1784417438284.4907,1784417438786,1784417443274.0,1784417443347.5242,501.509,4488.0,73.524,1784416303274.0,5063.033
ss-13-540000,1784417432584.5176,1784417432636,1784417443274.0,1784417443347.5247,51.482,10638.0,73.525,1784416303274.0,10763.007
ss-14-540000,1784417439984.4917,1784417440887,1784417443274.0,1784417443347.5278,902.508,2387.0,73.528,1784416303274.0,3363.036
ss-15-540000,1784417440234.513,1784417440887,1784417443274.0,1784417443347.5288,652.487,2387.0,73.529,1784416303274.0,3113.016
ss-16-540000,1784417441484.5117,1784417441937,1784417443274.0,1784417443347.5293,452.488,1337.0,73.529,1784416303274.0,1863.018
ss-17-540000,1784417428484.5444,1784417428487,1784417443274.0,1784417443347.5295,2.456,14787.0,73.53,1784416303274.0,14862.985
ss-18-540000,1784417437484.5242,1784417437785,1784417443274.0,1784417443347.5337,300.476,5489.0,73.534,1784416303274.0,5863.01
ss-19-540000,1784417440684.5215,1784417440887,1784417443274.0,1784417443347.5344,202.479,2387.0,73.534,1784416303274.0,2663.013
ss-2-540000,1784417439634.5042,1784417439836,1784417443274.0,1784417443347.5347,201.496,3438.0,73.535,1784416303274.0,3713.031
ss-20-540000,1784417438884.4941,1784417439836,1784417443274.0,1784417443347.5352,951.506,3438.0,73.535,1784416303274.0,4463.041
ss-21-540000,1784417438184.4907,1784417438786,1784417443274.0,1784417443347.5378,601.509,4488.0,73.538,1784416303274.0,5163.047
ss-22-540000,1784417439734.5208,1784417439836,1784417443274.0,1784417443347.5388,101.479,3438.0,73.539,1784416303274.0,3613.018
ss-23-540000,1784417439834.48,1784417439836,1784417443274.0,1784417443347.539,1.52,3438.0,73.539,1784416303274.0,3513.059
ss-24-540000,1784417440384.543,1784417440887,1784417443274.0,1784417443347.5396,502.457,2387.0,73.54,1784416303274.0,2962.997
ss-25-540000,1784417437384.527,1784417437785,1784417443274.0,1784417443347.54,400.473,5489.0,73.54,1784416303274.0,5963.013
ss-26-540000,1784417441384.4946,1784417441937,1784417443274.0,1784417443347.5405,552.505,1337.0,73.541,1784416303274.0,1963.046
ss-27-540000,1784417441834.5417,1784417441937,1784417443274.0,1784417443347.5408,102.458,1337.0,73.541,1784416303274.0,1512.999
ss-28-540000,1784417438834.493,1784417439836,1784417443274.0,1784417443347.5435,1001.507,3438.0,73.543,1784416303274.0,4513.051
ss-29-540000,1784417434984.5134,1784417435785,1784417443274.0,1784417443347.544,800.487,7489.0,73.544,1784416303274.0,8363.031
ss-3-540000,1784417437634.526,1784417437785,1784417443274.0,1784417443347.5444,150.474,5489.0,73.544,1784416303274.0,5713.019
ss-30-540000,1784417440984.5186,1784417441937,1784417443274.0,1784417443347.5447,952.481,1337.0,73.545,1784416303274.0,2363.026
ss-31-540000,1784417441734.5334,1784417441937,1784417443274.0,1784417443347.5452,202.467,1337.0,73.545,1784416303274.0,1613.012
ss-32-540000,1784417439184.493,1784417439836,1784417443274.0,1784417443347.5625,651.507,3438.0,73.562,1784416303274.0,4163.07
ss-33-540000,1784417422334.488,1784417423335,1784417443274.0,1784417443347.5654,1000.512,19939.0,73.565,1784416303274.0,21013.077
ss-34-540000,1784417440834.5117,1784417440887,1784417443274.0,1784417443347.566,52.488,2387.0,73.566,1784416303274.0,2513.054
ss-35-540000,1784417432934.4934,1784417433686,1784417443274.0,1784417443347.5664,751.507,9588.0,73.566,1784416303274.0,10413.073
ss-36-540000,1784417440434.5298,1784417440887,1784417443274.0,1784417443347.567,452.47,2387.0,73.567,1784416303274.0,2913.037
ss-37-540000,1784417439884.4907,1784417440887,1784417443274.0,1784417443347.5671,1002.509,2387.0,73.567,1784416303274.0,3463.076
ss-38-540000,1784417441284.5183,1784417441937,1784417443274.0,1784417443347.5745,652.482,1337.0,73.574,1784416303274.0,2063.056
ss-39-540000,1784417435734.5352,1784417435785,1784417443274.0,1784417443347.575,50.465,7489.0,73.575,1784416303274.0,7613.04
ss-4-540000,1784417440534.5264,1784417440887,1784417443274.0,1784417443347.5754,352.474,2387.0,73.575,1784416303274.0,2813.049
ss-40-540000,1784417421784.4927,1784417422287,1784417443274.0,1784417443347.5757,502.507,20987.0,73.576,1784416303274.0,21563.083
ss-41-540000,1784417438034.4915,1784417438786,1784417443274.0,1784417443347.5762,751.509,4488.0,73.576,1784416303274.0,5313.085
ss-42-540000,1784417433934.488,1784417434737,1784417443274.0,1784417443347.579,802.512,8537.0,73.579,1784416303274.0,9413.091
ss-43-540000,1784417440634.5334,1784417440887,1784417443274.0,1784417443347.5796,252.467,2387.0,73.58,1784416303274.0,2713.046
ss-44-540000,1784417440284.5396,1784417440887,1784417443274.0,1784417443347.58,602.46,2387.0,73.58,1784416303274.0,3063.041
ss-45-540000,1784417439784.4534,1784417439836,1784417443274.0,1784417443347.5806,51.547,3438.0,73.581,1784416303274.0,3563.127
ss-46-540000,1784417435684.4915,1784417435785,1784417443274.0,1784417443347.5815,100.509,7489.0,73.582,1784416303274.0,7663.09
ss-47-540000,1784417441684.493,1784417441937,1784417443274.0,1784417443347.582,252.507,1337.0,73.582,1784416303274.0,1663.089
ss-48-540000,1784417425234.5408,1784417425385,1784417443274.0,1784417443347.5823,150.459,17889.0,73.582,1784416303274.0,18113.042
ss-49-540000,1784417440084.487,1784417440887,1784417443274.0,1784417443347.5828,802.513,2387.0,73.583,1784416303274.0,3263.096
ss-5-540000,1784417438684.5227,1784417438786,1784417443274.0,1784417443347.583,101.477,4488.0,73.583,1784416303274.0,4663.06
ss-50-540000,1784417438584.4924,1784417438786,1784417443274.0,1784417443347.5835,201.508,4488.0,73.583,1784416303274.0,4763.091
ss-51-540000,1784417441134.537,1784417441937,1784417443274.0,1784417443347.5837,802.463,1337.0,73.584,1784416303274.0,2213.047
ss-52-540000,1784417439484.5137,1784417439836,1784417443274.0,1784417443347.5842,351.486,3438.0,73.584,1784416303274.0,3863.071
ss-53-540000,1784417439134.49,1784417439836,1784417443274.0,1784417443347.5847,701.51,3438.0,73.585,1784416303274.0,4213.095
ss-54-540000,1784417434134.5227,1784417434737,1784417443274.0,1784417443347.585,602.477,8537.0,73.585,1784416303274.0,9213.062
ss-55-540000,1784417437834.542,1784417438786,1784417443274.0,1784417443347.5996,951.458,4488.0,73.6,1784416303274.0,5513.058
ss-56-540000,1784417441634.5242,1784417441937,1784417443274.0,1784417443347.6,302.476,1337.0,73.6,1784416303274.0,1713.076
ss-57-540000,1784417441434.5115,1784417441937,1784417443275.0,1784417443347.601,502.489,1338.0,72.601,1784416303275.0,1913.09
ss-58-540000,1784417439084.495,1784417439836,1784417443275.0,1784417443347.6042,751.505,3439.0,72.604,1784416303275.0,4263.109
ss-59-540000,1784417437784.5344,1784417438786,1784417443275.0,1784417443347.6047,1001.466,4489.0,72.605,1784416303275.0,5563.07
ss-6-540000,1784417438734.5244,1784417438786,1784417443275.0,1784417443347.6052,51.476,4489.0,72.605,1784416303275.0,4613.081
ss-60-540000,1784417441334.529,1784417441937,1784417443275.0,1784417443347.6057,602.471,1338.0,72.606,1784416303275.0,2013.077
ss-61-540000,1784417422084.493,1784417422287,1784417443275.0,1784417443347.6062,202.507,20988.0,72.606,1784416303275.0,21263.113
ss-62-540000,1784417431084.4917,1784417431586,1784417443275.0,1784417443347.6064,501.508,11689.0,72.606,1784416303275.0,12263.115
ss-63-540000,1784417439234.517,1784417439836,1784417443275.0,1784417443347.6091,601.483,3439.0,72.609,1784416303275.0,4113.092
ss-64-540000,1784417436234.537,1784417436785,1784417443275.0,1784417443347.6106,550.463,6490.0,72.611,1784416303275.0,7113.073
ss-65-540000,1784417437584.5369,1784417437785,1784417443275.0,1784417443347.6108,200.463,5490.0,72.611,1784416303275.0,5763.074
ss-66-540000,1784417437734.521,1784417437785,1784417443275.0,1784417443347.6113,50.479,5490.0,72.611,1784416303275.0,5613.09
ss-67-540000,1784417428234.545,1784417428487,1784417443275.0,1784417443347.6118,252.455,14788.0,72.612,1784416303275.0,15113.067
ss-68-540000,1784417440034.485,1784417440887,1784417443275.0,1784417443347.612,852.515,2388.0,72.612,1784416303275.0,3313.127
ss-69-540000,1784417430084.4944,1784417430536,1784417443275.0,1784417443347.6125,451.506,12739.0,72.613,1784416303275.0,13263.118
ss-7-540000,1784417437884.4834,1784417438786,1784417443275.0,1784417443347.6128,901.517,4489.0,72.613,1784416303275.0,5463.129
ss-70-540000,1784417436834.5093,1784417437785,1784417443275.0,1784417443347.6133,950.491,5490.0,72.613,1784416303275.0,6513.104
ss-71-540000,1784417439934.4897,1784417440887,1784417443275.0,1784417443347.6135,952.51,2388.0,72.614,1784416303275.0,3413.124
ss-72-540000,1784417437184.49,1784417437785,1784417443275.0,1784417443347.614,600.51,5490.0,72.614,1784416303275.0,6163.124
ss-73-540000,1784417435184.5864,1784417435785,1784417443275.0,1784417443347.6143,600.414,7490.0,72.614,1784416303275.0,8163.028
ss-74-540000,1784417441234.526,1784417441937,1784417443275.0,1784417443347.617,702.474,1338.0,72.617,1784416303275.0,2113.091
ss-75-540000,1784417438934.485,1784417439836,1784417443275.0,1784417443347.6172,901.515,3439.0,72.617,1784416303275.0,4413.132
ss-76-540000,1784417441584.5186,1784417441937,1784417443275.0,1784417443347.6174,352.481,1338.0,72.617,1784416303275.0,1763.099
ss-77-540000,1784417441784.5212,1784417441937,1784417443275.0,1784417443347.618,152.479,1338.0,72.618,1784416303275.0,1563.097
ss-78-540000,1784417432034.4917,1784417432636,1784417443275.0,1784417443347.6182,601.508,10639.0,72.618,1784416303275.0,11313.126
ss-79-540000,1784417434484.5332,1784417434737,1784417443275.0,1784417443347.6265,252.467,8538.0,72.626,1784416303275.0,8863.093
ss-8-540000,1784417440184.5208,1784417440887,1784417443275.0,1784417443347.6267,702.479,2388.0,72.627,1784416303275.0,3163.106
ss-80-540000,1784417441184.5083,1784417441937,1784417443275.0,1784417443347.6272,752.492,1338.0,72.627,1784416303275.0,2163.119
ss-81-540000,1784417427184.4875,1784417427436,1784417443275.0,1784417443347.6274,251.512,15839.0,72.627,1784416303275.0,16163.14
ss-82-540000,1784417437234.535,1784417437785,1784417443275.0,1784417443347.628,550.465,5490.0,72.628,1784416303275.0,6113.093
ss-83-540000,1784417435834.5164,1784417436785,1784417443275.0,1784417443347.6282,950.484,6490.0,72.628,1784416303275.0,7513.112
ss-84-540000,1784417431484.5212,1784417431586,1784417443275.0,1784417443347.6284,101.479,11689.0,72.628,1784416303275.0,11863.107
ss-85-540000,1784417440584.5288,1784417440887,1784417443275.0,1784417443347.629,302.471,2388.0,72.629,1784416303275.0,2763.1
ss-86-540000,1784417441934.529,1784417441937,1784417443275.0,1784417443347.6313,2.471,1338.0,72.631,1784416303275.0,1413.102
ss-87-540000,1784417434634.5383,1784417434737,1784417443275.0,1784417443347.6318,102.462,8538.0,72.632,1784416303275.0,8713.094
ss-88-540000,1784417436634.4905,1784417436785,1784417443275.0,1784417443347.632,150.51,6490.0,72.632,1784416303275.0,6713.142
ss-89-540000,1784417426334.51,1784417426386,1784417443275.0,1784417443347.6326,51.49,16889.0,72.633,1784416303275.0,17013.123
ss-9-540000,1784417437684.5122,1784417437785,1784417443275.0,1784417443347.6328,100.488,5490.0,72.633,1784416303275.0,5663.121
ss-90-540000,1784417441534.5312,1784417441937,1784417443275.0,1784417443347.633,402.469,1338.0,72.633,1784416303275.0,1813.102
ss-91-540000,1784417439584.4922,1784417439836,1784417443275.0,1784417443347.6335,251.508,3439.0,72.634,1784416303275.0,3763.141
ss-92-540000,1784417436584.4949,1784417436785,1784417443275.0,1784417443347.6338,200.505,6490.0,72.634,1784416303275.0,6763.139
ss-93-540000,1784417425434.5393,1784417426386,1784417443275.0,1784417443347.6348,951.461,16889.0,72.635,1784416303275.0,17913.095
ss-94-540000,1784417432184.494,1784417432636,1784417443275.0,1784417443347.635,451.506,10639.0,72.635,1784416303275.0,11163.141
ss-95-540000,1784417435534.4922,1784417435785,1784417443275.0,1784417443347.6355,250.508,7490.0,72.635,1784416303275.0,7813.143
ss-96-540000,1784417441884.529,1784417441937,1784417443275.0,1784417443347.6357,52.471,1338.0,72.636,1784416303275.0,1463.107
ss-97-540000,1784417438634.5137,1784417438786,1784417443275.0,1784417443347.636,151.486,4489.0,72.636,1784416303275.0,4713.122
ss-98-540000,1784417437984.492,1784417438786,1784417443275.0,1784417443347.6365,801.508,4489.0,72.636,1784416303275.0,5363.145
ss-99-540000,1784417420684.5298,1784417421235,1784417443275.0,1784417443347.637,550.47,22040.0,72.637,1784416303275.0,22663.107
ss-0-600000,1784417439034.491,1784417439836,1784417443275.0,1784417443347.6372,801.509,3439.0,72.637,1784416243275.0,4313.146
ss-1-600000,1784417437934.5056,1784417438786,1784417443275.0,1784417443347.6396,851.494,4489.0,72.64,1784416243275.0,5413.134
ss-10-600000,1784417423384.4834,1784417424335,1784417443275.0,1784417443347.64,950.517,18940.0,72.64,1784416243275.0,19963.156
ss-11-600000,1784417440784.5354,1784417440887,1784417443275.0,1784417443347.6404,102.465,2388.0,72.64,1784416243275.0,2563.105
ss-12-600000,1784417438284.4907,1784417438786,1784417443275.0,1784417443347.6409,501.509,4489.0,72.641,1784416243275.0,5063.15
ss-13-600000,1784417432584.5176,1784417432636,1784417443275.0,1784417443347.647,51.482,10639.0,72.647,1784416243275.0,10763.129
ss-14-600000,1784417439984.4917,1784417440887,1784417443275.0,1784417443347.6475,902.508,2388.0,72.647,1784416243275.0,3363.156
ss-15-600000,1784417440234.513,1784417440887,1784417443275.0,1784417443347.6477,652.487,2388.0,72.648,1784416243275.0,3113.135
ss-16-600000,1784417441484.5117,1784417441937,1784417443275.0,1784417443347.6482,452.488,1338.0,72.648,1784416243275.0,1863.136
ss-17-600000,1784417428484.5444,1784417428487,1784417443275.0,1784417443347.6484,2.456,14788.0,72.648,1784416243275.0,14863.104
ss-18-600000,1784417437484.5242,1784417437785,1784417443275.0,1784417443347.649,300.476,5490.0,72.649,1784416243275.0,5863.125
ss-19-600000,1784417440684.5215,1784417440887,1784417443275.0,1784417443347.6492,202.479,2388.0,72.649,1784416243275.0,2663.128
ss-2-600000,1784417439634.5042,1784417439836,1784417443275.0,1784417443347.6497,201.496,3439.0,72.65,1784416243275.0,3713.146
ss-20-600000,1784417438884.4941,1784417439836,1784417443275.0,1784417443347.65,951.506,3439.0,72.65,1784416243275.0,4463.156
ss-21-600000,1784417438184.4907,1784417438786,1784417443275.0,1784417443347.6504,601.509,4489.0,72.65,1784416243275.0,5163.16
ss-22-600000,1784417439734.5208,1784417439836,1784417443275.0,1784417443347.6506,101.479,3439.0,72.651,1784416243275.0,3613.13
ss-23-600000,1784417439834.48,1784417439836,1784417443275.0,1784417443347.6511,1.52,3439.0,72.651,1784416243275.0,3513.171
ss-24-600000,1784417440384.543,1784417440887,1784417443275.0,1784417443347.6538,502.457,2388.0,72.654,1784416243275.0,2963.111
ss-25-600000,1784417437384.527,1784417437785,1784417443275.0,1784417443347.654,400.473,5490.0,72.654,1784416243275.0,5963.127
ss-26-600000,1784417441384.4946,1784417441937,1784417443275.0,1784417443347.6545,552.505,1338.0,72.655,1784416243275.0,1963.16
ss-27-600000,1784417441834.5417,1784417441937,1784417443275.0,1784417443347.6548,102.458,1338.0,72.655,1784416243275.0,1513.113
ss-28-600000,1784417438834.493,1784417439836,1784417443275.0,1784417443347.6553,1001.507,3439.0,72.655,1784416243275.0,4513.162
ss-29-600000,1784417434984.5134,1784417435785,1784417443275.0,1784417443347.6555,800.487,7490.0,72.656,1784416243275.0,8363.142
ss-3-600000,1784417437634.526,1784417437785,1784417443275.0,1784417443347.658,150.474,5490.0,72.658,1784416243275.0,5713.132
ss-30-600000,1784417440984.5186,1784417441937,1784417443275.0,1784417443347.6582,952.481,1338.0,72.658,1784416243275.0,2363.14
ss-31-600000,1784417441734.5334,1784417441937,1784417443275.0,1784417443347.6587,202.467,1338.0,72.659,1784416243275.0,1613.125
ss-32-600000,1784417439184.493,1784417439836,1784417443275.0,1784417443347.659,651.507,3439.0,72.659,1784416243275.0,4163.166
ss-33-600000,1784417422334.488,1784417423335,1784417443275.0,1784417443347.6592,1000.512,19940.0,72.659,1784416243275.0,21013.171
ss-34-600000,1784417440834.5117,1784417440887,1784417443275.0,1784417443347.6597,52.488,2388.0,72.66,1784416243275.0,2513.148
ss-35-600000,1784417432934.4934,1784417433686,1784417443275.0,1784417443347.66,751.507,9589.0,72.66,1784416243275.0,10413.167
ss-36-600000,1784417440434.5298,1784417440887,1784417443275.0,1784417443347.6653,452.47,2388.0,72.665,1784416243275.0,2913.135
ss-37-600000,1784417439884.4907,1784417440887,1784417443275.0,1784417443347.6658,1002.509,2388.0,72.666,1784416243275.0,3463.175
ss-38-600000,1784417441284.5183,1784417441937,1784417443275.0,1784417443347.6663,652.482,1338.0,72.666,1784416243275.0,2063.148
ss-39-600000,1784417435734.5352,1784417435785,1784417443275.0,1784417443347.6665,50.465,7490.0,72.667,1784416243275.0,7613.131
ss-4-600000,1784417440534.5264,1784417440887,1784417443276.0,1784417443347.667,352.474,2389.0,71.667,1784416243276.0,2813.141
ss-40-600000,1784417421784.4927,1784417422287,1784417443276.0,1784417443347.6672,502.507,20989.0,71.667,1784416243276.0,21563.175
ss-41-600000,1784417438034.4915,1784417438786,1784417443276.0,1784417443347.6702,751.509,4490.0,71.67,1784416243276.0,5313.179
ss-42-600000,1784417433934.488,1784417434737,1784417443276.0,1784417443347.6707,802.512,8539.0,71.671,1784416243276.0,9413.183
ss-43-600000,1784417440634.5334,1784417440887,1784417443276.0,1784417443347.671,252.467,2389.0,71.671,1784416243276.0,2713.137
ss-44-600000,1784417440284.5396,1784417440887,1784417443276.0,1784417443347.6738,602.46,2389.0,71.674,1784416243276.0,3063.134
ss-45-600000,1784417439784.4534,1784417439836,1784417443276.0,1784417443347.674,51.547,3440.0,71.674,1784416243276.0,3563.221
ss-46-600000,1784417435684.4915,1784417435785,1784417443276.0,1784417443347.6768,100.509,7491.0,71.677,1784416243276.0,7663.185
ss-47-600000,1784417441684.493,1784417441937,1784417443276.0,1784417443347.6792,252.507,1339.0,71.679,1784416243276.0,1663.186
ss-48-600000,1784417425234.5408,1784417425385,1784417443276.0,1784417443347.682,150.459,17891.0,71.682,1784416243276.0,18113.141
ss-49-600000,1784417440084.487,1784417440887,1784417443276.0,1784417443347.6824,802.513,2389.0,71.682,1784416243276.0,3263.195
ss-5-600000,1784417438684.5227,1784417438786,1784417443276.0,1784417443347.6826,101.477,4490.0,71.683,1784416243276.0,4663.16
ss-50-600000,1784417438584.4924,1784417438786,1784417443276.0,1784417443347.683,201.508,4490.0,71.683,1784416243276.0,4763.191
ss-51-600000,1784417441134.537,1784417441937,1784417443276.0,1784417443347.6833,802.463,1339.0,71.683,1784416243276.0,2213.146
ss-52-600000,1784417439484.5137,1784417439836,1784417443276.0,1784417443347.6838,351.486,3440.0,71.684,1784416243276.0,3863.17
ss-53-600000,1784417439134.49,1784417439836,1784417443276.0,1784417443347.6843,701.51,3440.0,71.684,1784416243276.0,4213.194
ss-54-600000,1784417434134.5227,1784417434737,1784417443276.0,1784417443347.6846,602.477,8539.0,71.685,1784416243276.0,9213.162
ss-55-600000,1784417437834.542,1784417438786,1784417443276.0,1784417443347.6873,951.458,4490.0,71.687,1784416243276.0,5513.145
ss-56-600000,1784417441634.5242,1784417441937,1784417443276.0,1784417443347.6877,302.476,1339.0,71.688,1784416243276.0,1713.164
ss-57-600000,1784417441434.5115,1784417441937,1784417443276.0,1784417443347.693,502.489,1339.0,71.693,1784416243276.0,1913.182
ss-58-600000,1784417439084.495,1784417439836,1784417443276.0,1784417443347.6936,751.505,3440.0,71.694,1784416243276.0,4263.198
ss-59-600000,1784417437784.5344,1784417438786,1784417443276.0,1784417443347.6938,1001.466,4490.0,71.694,1784416243276.0,5563.159
ss-6-600000,1784417438734.5244,1784417438786,1784417443276.0,1784417443347.7014,51.476,4490.0,71.701,1784416243276.0,4613.177
ss-60-600000,1784417441334.529,1784417441937,1784417443276.0,1784417443347.702,602.471,1339.0,71.702,1784416243276.0,2013.173
ss-61-600000,1784417422084.493,1784417422287,1784417443276.0,1784417443347.7024,202.507,20989.0,71.702,1784416243276.0,21263.209
ss-62-600000,1784417431084.4917,1784417431586,1784417443276.0,1784417443347.7053,501.508,11690.0,71.705,1784416243276.0,12263.214
ss-63-600000,1784417439234.517,1784417439836,1784417443276.0,1784417443347.7058,601.483,3440.0,71.706,1784416243276.0,4113.189
ss-64-600000,1784417436234.537,1784417436785,1784417443276.0,1784417443347.7063,550.463,6491.0,71.706,1784416243276.0,7113.169
ss-65-600000,1784417437584.5369,1784417437785,1784417443276.0,1784417443347.7068,200.463,5491.0,71.707,1784416243276.0,5763.17
ss-66-600000,1784417437734.521,1784417437785,1784417443276.0,1784417443347.707,50.479,5491.0,71.707,1784416243276.0,5613.186
ss-67-600000,1784417428234.545,1784417428487,1784417443276.0,1784417443347.7075,252.455,14789.0,71.708,1784416243276.0,15113.163
ss-68-600000,1784417440034.485,1784417440887,1784417443276.0,1784417443347.7078,852.515,2389.0,71.708,1784416243276.0,3313.223
ss-69-600000,1784417430084.4944,1784417430536,1784417443276.0,1784417443347.7083,451.506,12740.0,71.708,1784416243276.0,13263.214
ss-7-600000,1784417437884.4834,1784417438786,1784417443276.0,1784417443347.7087,901.517,4490.0,71.709,1784416243276.0,5463.225
ss-70-600000,1784417436834.5093,1784417437785,1784417443276.0,1784417443347.7092,950.491,5491.0,71.709,1784416243276.0,6513.2
ss-71-600000,1784417439934.4897,1784417440887,1784417443276.0,1784417443347.7097,952.51,2389.0,71.71,1784416243276.0,3413.22
ss-72-600000,1784417437184.49,1784417437785,1784417443276.0,1784417443347.7102,600.51,5491.0,71.71,1784416243276.0,6163.22
ss-73-600000,1784417435184.5864,1784417435785,1784417443276.0,1784417443347.7107,600.414,7491.0,71.711,1784416243276.0,8163.124
ss-74-600000,1784417441234.526,1784417441937,1784417443276.0,1784417443347.711,702.474,1339.0,71.711,1784416243276.0,2113.185
ss-75-600000,1784417438934.485,1784417439836,1784417443276.0,1784417443347.7117,901.515,3440.0,71.712,1784416243276.0,4413.227
ss-76-600000,1784417441584.5186,1784417441937,1784417443276.0,1784417443347.7122,352.481,1339.0,71.712,1784416243276.0,1763.194
ss-77-600000,1784417441784.5212,1784417441937,1784417443276.0,1784417443347.7124,152.479,1339.0,71.712,1784416243276.0,1563.191
ss-78-600000,1784417432034.4917,1784417432636,1784417443276.0,1784417443347.7153,601.508,10640.0,71.715,1784416243276.0,11313.224
ss-79-600000,1784417434484.5332,1784417434737,1784417443276.0,1784417443347.7158,252.467,8539.0,71.716,1784416243276.0,8863.183
ss-8-600000,1784417440184.5208,1784417440887,1784417443276.0,1784417443347.7163,702.479,2389.0,71.716,1784416243276.0,3163.196
ss-80-600000,1784417441184.5083,1784417441937,1784417443276.0,1784417443347.7168,752.492,1339.0,71.717,1784416243276.0,2163.208
ss-81-600000,1784417427184.4875,1784417427436,1784417443276.0,1784417443347.7173,251.512,15840.0,71.717,1784416243276.0,16163.23
ss-82-600000,1784417437234.535,1784417437785,1784417443276.0,1784417443347.7178,550.465,5491.0,71.718,1784416243276.0,6113.183
ss-83-600000,1784417435834.5164,1784417436785,1784417443276.0,1784417443347.726,950.484,6491.0,71.726,1784416243276.0,7513.21
ss-84-600000,1784417431484.5212,1784417431586,1784417443276.0,1784417443347.7268,101.479,11690.0,71.727,1784416243276.0,11863.206
ss-85-600000,1784417440584.5288,1784417440887,1784417443276.0,1784417443347.7273,302.471,2389.0,71.727,1784416243276.0,2763.198
ss-86-600000,1784417441934.529,1784417441937,1784417443276.0,1784417443347.7275,2.471,1339.0,71.728,1784416243276.0,1413.198
ss-87-600000,1784417434634.5383,1784417434737,1784417443276.0,1784417443347.728,102.462,8539.0,71.728,1784416243276.0,8713.19
ss-88-600000,1784417436634.4905,1784417436785,1784417443276.0,1784417443347.7312,150.51,6491.0,71.731,1784416243276.0,6713.241
ss-89-600000,1784417426334.51,1784417426386,1784417443276.0,1784417443347.7317,51.49,16890.0,71.732,1784416243276.0,17013.222
ss-9-600000,1784417437684.5122,1784417437785,1784417443276.0,1784417443347.7322,100.488,5491.0,71.732,1784416243276.0,5663.22
ss-90-600000,1784417441534.5312,1784417441937,1784417443276.0,1784417443347.7324,402.469,1339.0,71.732,1784416243276.0,1813.201
ss-91-600000,1784417439584.4922,1784417439836,1784417443276.0,1784417443347.733,251.508,3440.0,71.733,1784416243276.0,3763.241
ss-92-600000,1784417436584.4949,1784417436785,1784417443276.0,1784417443347.7334,200.505,6491.0,71.733,1784416243276.0,6763.239
ss-93-600000,1784417425434.5393,1784417426386,1784417443276.0,1784417443347.7336,951.461,16890.0,71.734,1784416243276.0,17913.194
ss-94-600000,1784417432184.494,1784417432636,1784417443276.0,1784417443347.7341,451.506,10640.0,71.734,1784416243276.0,11163.24
ss-95-600000,1784417435534.4922,1784417435785,1784417443276.0,1784417443347.7368,250.508,7491.0,71.737,1784416243276.0,7813.245
ss-96-600000,1784417441884.529,1784417441937,1784417443276.0,1784417443347.7373,52.471,1339.0,71.737,1784416243276.0,1463.208
ss-97-600000,1784417438634.5137,1784417438786,1784417443276.0,1784417443347.7378,151.486,4490.0,71.738,1784416243276.0,4713.224
ss-98-600000,1784417437984.492,1784417438786,1784417443276.0,1784417443347.738,801.508,4490.0,71.738,1784416243276.0,5363.246
ss-99-600000,1784417420684.5298,1784417421235,1784417443276.0,1784417443347.7385,550.47,22041.0,71.739,1784416243276.0,22663.209
ss-0-660000,1784417439034.491,1784417439836,1784417443276.0,1784417443347.739,801.509,3440.0,71.739,1784416183276.0,4313.248
ss-1-660000,1784417437934.5056,1784417438786,1784417443276.0,1784417443347.7395,851.494,4490.0,71.74,1784416183276.0,5413.234
ss-10-660000,1784417423384.4834,1784417424335,1784417443276.0,1784417443347.7397,950.517,18941.0,71.74,1784416183276.0,19963.256
ss-11-660000,1784417440784.5354,1784417440887,1784417443276.0,1784417443347.74,102.465,2389.0,71.74,1784416183276.0,2563.205
ss-12-660000,1784417438284.4907,1784417438786,1784417443276.0,1784417443347.7405,501.509,4490.0,71.74,1784416183276.0,5063.25
ss-13-660000,1784417432584.5176,1784417432636,1784417443276.0,1784417443347.7407,51.482,10640.0,71.741,1784416183276.0,10763.223
ss-14-660000,1784417439984.4917,1784417440887,1784417443277.0,1784417443347.7412,902.508,2390.0,70.741,1784416183277.0,3363.25
ss-15-660000,1784417440234.513,1784417440887,1784417443277.0,1784417443347.7417,652.487,2390.0,70.742,1784416183277.0,3113.229
ss-16-660000,1784417441484.5117,1784417441937,1784417443277.0,1784417443347.742,452.488,1340.0,70.742,1784416183277.0,1863.23
ss-17-660000,1784417428484.5444,1784417428487,1784417443277.0,1784417443347.7424,2.456,14790.0,70.742,1784416183277.0,14863.198
ss-18-660000,1784417437484.5242,1784417437785,1784417443277.0,1784417443347.7427,300.476,5492.0,70.743,1784416183277.0,5863.219
ss-19-660000,1784417440684.5215,1784417440887,1784417443277.0,1784417443347.7505,202.479,2390.0,70.75,1784416183277.0,2663.229
ss-2-660000,1784417439634.5042,1784417439836,1784417443277.0,1784417443347.7512,201.496,3441.0,70.751,1784416183277.0,3713.247
ss-20-660000,1784417438884.4941,1784417439836,1784417443277.0,1784417443347.7515,951.506,3441.0,70.751,1784416183277.0,4463.257
ss-21-660000,1784417438184.4907,1784417438786,1784417443277.0,1784417443347.752,601.509,4491.0,70.752,1784416183277.0,5163.261
ss-22-660000,1784417439734.5208,1784417439836,1784417443277.0,1784417443347.7524,101.479,3441.0,70.752,1784416183277.0,3613.232
ss-23-660000,1784417439834.48,1784417439836,1784417443277.0,1784417443347.7556,1.52,3441.0,70.756,1784416183277.0,3513.276
ss-24-660000,1784417440384.543,1784417440887,1784417443277.0,1784417443347.7559,502.457,2390.0,70.756,1784416183277.0,2963.213
ss-25-660000,1784417437384.527,1784417437785,1784417443277.0,1784417443347.7588,400.473,5492.0,70.759,1784416183277.0,5963.232
ss-26-660000,1784417441384.4946,1784417441937,1784417443277.0,1784417443347.7593,552.505,1340.0,70.759,1784416183277.0,1963.265
ss-27-660000,1784417441834.5417,1784417441937,1784417443277.0,1784417443347.7598,102.458,1340.0,70.76,1784416183277.0,1513.218
ss-28-660000,1784417438834.493,1784417439836,1784417443277.0,1784417443347.76,1001.507,3441.0,70.76,1784416183277.0,4513.267
ss-29-660000,1784417434984.5134,1784417435785,1784417443277.0,1784417443347.7605,800.487,7492.0,70.76,1784416183277.0,8363.247
ss-3-660000,1784417437634.526,1784417437785,1784417443277.0,1784417443347.761,150.474,5492.0,70.761,1784416183277.0,5713.235
ss-30-660000,1784417440984.5186,1784417441937,1784417443277.0,1784417443347.7612,952.481,1340.0,70.761,1784416183277.0,2363.243
ss-31-660000,1784417441734.5334,1784417441937,1784417443277.0,1784417443347.7642,202.467,1340.0,70.764,1784416183277.0,1613.231
ss-32-660000,1784417439184.493,1784417439836,1784417443277.0,1784417443347.7646,651.507,3441.0,70.765,1784416183277.0,4163.272
ss-33-660000,1784417422334.488,1784417423335,1784417443277.0,1784417443347.7651,1000.512,19942.0,70.765,1784416183277.0,21013.277
ss-34-660000,1784417440834.5117,1784417440887,1784417443277.0,1784417443347.7654,52.488,2390.0,70.765,1784416183277.0,2513.254
ss-35-660000,1784417432934.4934,1784417433686,1784417443277.0,1784417443347.7659,751.507,9591.0,70.766,1784416183277.0,10413.272
ss-36-660000,1784417440434.5298,1784417440887,1784417443277.0,1784417443347.7664,452.47,2390.0,70.766,1784416183277.0,2913.237
ss-37-660000,1784417439884.4907,1784417440887,1784417443277.0,1784417443347.7666,1002.509,2390.0,70.767,1784416183277.0,3463.276
ss-38-660000,1784417441284.5183,1784417441937,1784417443277.0,1784417443347.767,652.482,1340.0,70.767,1784416183277.0,2063.249
ss-39-660000,1784417435734.5352,1784417435785,1784417443277.0,1784417443347.7673,50.465,7492.0,70.767,1784416183277.0,7613.232
ss-4-660000,1784417440534.5264,1784417440887,1784417443277.0,1784417443347.7705,352.474,2390.0,70.771,1784416183277.0,2813.244
ss-40-660000,1784417421784.4927,1784417422287,1784417443277.0,1784417443347.771,502.507,20990.0,70.771,1784416183277.0,21563.278
ss-41-660000,1784417438034.4915,1784417438786,1784417443277.0,1784417443347.7712,751.509,4491.0,70.771,1784416183277.0,5313.28
ss-42-660000,1784417433934.488,1784417434737,1784417443277.0,1784417443347.7717,802.512,8540.0,70.772,1784416183277.0,9413.284
ss-43-660000,1784417440634.5334,1784417440887,1784417443277.0,1784417443347.7722,252.467,2390.0,70.772,1784416183277.0,2713.239
ss-44-660000,1784417440284.5396,1784417440887,1784417443277.0,1784417443347.7727,602.46,2390.0,70.773,1784416183277.0,3063.233
ss-45-660000,1784417439784.4534,1784417439836,1784417443277.0,1784417443347.773,51.547,3441.0,70.773,1784416183277.0,3563.32
ss-46-660000,1784417435684.4915,1784417435785,1784417443277.0,1784417443347.7734,100.509,7492.0,70.773,1784416183277.0,7663.282
ss-47-660000,1784417441684.493,1784417441937,1784417443277.0,1784417443347.7812,252.507,1340.0,70.781,1784416183277.0,1663.288
ss-48-660000,1784417425234.5408,1784417425385,1784417443277.0,1784417443347.7817,150.459,17892.0,70.782,1784416183277.0,18113.241
ss-49-660000,1784417440084.487,1784417440887,1784417443277.0,1784417443347.7822,802.513,2390.0,70.782,1784416183277.0,3263.295
ss-5-660000,1784417438684.5227,1784417438786,1784417443277.0,1784417443347.7827,101.477,4491.0,70.783,1784416183277.0,4663.26
ss-50-660000,1784417438584.4924,1784417438786,1784417443277.0,1784417443347.7832,201.508,4491.0,70.783,1784416183277.0,4763.291
ss-51-660000,1784417441134.537,1784417441937,1784417443277.0,1784417443347.7837,802.463,1340.0,70.784,1784416183277.0,2213.247
ss-52-660000,1784417439484.5137,1784417439836,1784417443277.0,1784417443347.784,351.486,3441.0,70.784,1784416183277.0,3863.27
ss-53-660000,1784417439134.49,1784417439836,1784417443277.0,1784417443347.7844,701.51,3441.0,70.784,1784416183277.0,4213.294
ss-54-660000,1784417434134.5227,1784417434737,1784417443277.0,1784417443347.7876,602.477,8540.0,70.788,1784416183277.0,9213.265
ss-55-660000,1784417437834.542,1784417438786,1784417443277.0,1784417443347.7903,951.458,4491.0,70.79,1784416183277.0,5513.248
ss-56-660000,1784417441634.5242,1784417441937,1784417443277.0,1784417443347.7908,302.476,1340.0,70.791,1784416183277.0,1713.267
ss-57-660000,1784417441434.5115,1784417441937,1784417443277.0,1784417443347.791,502.489,1340.0,70.791,1784416183277.0,1913.28
ss-58-660000,1784417439084.495,1784417439836,1784417443277.0,1784417443347.7915,751.505,3441.0,70.792,1784416183277.0,4263.296
ss-59-660000,1784417437784.5344,1784417438786,1784417443277.0,1784417443347.792,1001.466,4491.0,70.792,1784416183277.0,5563.258
ss-6-660000,1784417438734.5244,1784417438786,1784417443277.0,1784417443347.7925,51.476,4491.0,70.792,1784416183277.0,4613.268
ss-60-660000,1784417441334.529,1784417441937,1784417443277.0,1784417443347.7927,602.471,1340.0,70.793,1784416183277.0,2013.264
ss-61-660000,1784417422084.493,1784417422287,1784417443277.0,1784417443347.7932,202.507,20990.0,70.793,1784416183277.0,21263.3
ss-62-660000,1784417431084.4917,1784417431586,1784417443277.0,1784417443347.7935,501.508,11691.0,70.793,1784416183277.0,12263.302
ss-63-660000,1784417439234.517,1784417439836,1784417443277.0,1784417443347.794,601.483,3441.0,70.794,1784416183277.0,4113.277
ss-64-660000,1784417436234.537,1784417436785,1784417443277.0,1784417443347.7944,550.463,6492.0,70.794,1784416183277.0,7113.257
ss-65-660000,1784417437584.5369,1784417437785,1784417443277.0,1784417443347.795,200.463,5492.0,70.795,1784416183277.0,5763.258
ss-66-660000,1784417437734.521,1784417437785,1784417443277.0,1784417443347.7979,50.479,5492.0,70.798,1784416183277.0,5613.277
ss-67-660000,1784417428234.545,1784417428487,1784417443277.0,1784417443347.8008,252.455,14790.0,70.801,1784416183277.0,15113.256
ss-68-660000,1784417440034.485,1784417440887,1784417443277.0,1784417443347.8013,852.515,2390.0,70.801,1784416183277.0,3313.316
ss-69-660000,1784417430084.4944,1784417430536,1784417443277.0,1784417443347.8018,451.506,12741.0,70.802,1784416183277.0,13263.307
ss-7-660000,1784417437884.4834,1784417438786,1784417443277.0,1784417443347.802,901.517,4491.0,70.802,1784416183277.0,5463.319
ss-70-660000,1784417436834.5093,1784417437785,1784417443277.0,1784417443347.8025,950.491,5492.0,70.802,1784416183277.0,6513.293
ss-71-660000,1784417439934.4897,1784417440887,1784417443277.0,1784417443347.803,952.51,2390.0,70.803,1784416183277.0,3413.313
ss-72-660000,1784417437184.49,1784417437785,1784417443277.0,1784417443347.8032,600.51,5492.0,70.803,1784416183277.0,6163.313
ss-73-660000,1784417435184.5864,1784417435785,1784417443277.0,1784417443347.8037,600.414,7492.0,70.804,1784416183277.0,8163.217
ss-74-660000,1784417441234.526,1784417441937,1784417443277.0,1784417443347.8123,702.474,1340.0,70.812,1784416183277.0,2113.286
ss-75-660000,1784417438934.485,1784417439836,1784417443277.0,1784417443347.8127,901.515,3441.0,70.813,1784416183277.0,4413.328
ss-76-660000,1784417441584.5186,1784417441937,1784417443277.0,1784417443347.8132,352.481,1340.0,70.813,1784416183277.0,1763.295
ss-77-660000,1784417441784.5212,1784417441937,1784417443277.0,1784417443347.8135,152.479,1340.0,70.813,1784416183277.0,1563.292
ss-78-660000,1784417432034.4917,1784417432636,1784417443277.0,1784417443347.814,601.508,10641.0,70.814,1784416183277.0,11313.322
ss-79-660000,1784417434484.5332,1784417434737,1784417443277.0,1784417443347.8145,252.467,8540.0,70.814,1784416183277.0,8863.281
ss-8-660000,1784417440184.5208,1784417440887,1784417443277.0,1784417443347.8147,702.479,2390.0,70.815,1784416183277.0,3163.294
ss-80-660000,1784417441184.5083,1784417441937,1784417443277.0,1784417443347.8152,752.492,1340.0,70.815,1784416183277.0,2163.307
ss-81-660000,1784417427184.4875,1784417427436,1784417443277.0,1784417443347.8154,251.512,15841.0,70.815,1784416183277.0,16163.328
ss-82-660000,1784417437234.535,1784417437785,1784417443277.0,1784417443347.8188,550.465,5492.0,70.819,1784416183277.0,6113.284
ss-83-660000,1784417435834.5164,1784417436785,1784417443277.0,1784417443347.8193,950.484,6492.0,70.819,1784416183277.0,7513.303
ss-84-660000,1784417431484.5212,1784417431586,1784417443277.0,1784417443347.8196,101.479,11691.0,70.82,1784416183277.0,11863.298
ss-85-660000,1784417440584.5288,1784417440887,1784417443277.0,1784417443347.82,302.471,2390.0,70.82,1784416183277.0,2763.291
ss-86-660000,1784417441934.529,1784417441937,1784417443277.0,1784417443347.8206,2.471,1340.0,70.821,1784416183277.0,1413.292
ss-87-660000,1784417434634.5383,1784417434737,1784417443277.0,1784417443347.8208,102.462,8540.0,70.821,1784416183277.0,8713.282
ss-88-660000,1784417436634.4905,1784417436785,1784417443277.0,1784417443347.8213,150.51,6492.0,70.821,1784416183277.0,6713.331
ss-89-660000,1784417426334.51,1784417426386,1784417443277.0,1784417443347.8218,51.49,16891.0,70.822,1784416183277.0,17013.312
ss-9-660000,1784417437684.5122,1784417437785,1784417443277.0,1784417443347.8245,100.488,5492.0,70.824,1784416183277.0,5663.312
ss-90-660000,1784417441534.5312,1784417441937,1784417443277.0,1784417443347.825,402.469,1340.0,70.825,1784416183277.0,1813.294
ss-91-660000,1784417439584.4922,1784417439836,1784417443277.0,1784417443347.8254,251.508,3441.0,70.825,1784416183277.0,3763.333
ss-92-660000,1784417436584.4949,1784417436785,1784417443277.0,1784417443347.826,200.505,6492.0,70.826,1784416183277.0,6763.331
ss-93-660000,1784417425434.5393,1784417426386,1784417443277.0,1784417443347.8264,951.461,16891.0,70.826,1784416183277.0,17913.287
ss-94-660000,1784417432184.494,1784417432636,1784417443277.0,1784417443347.8267,451.506,10641.0,70.827,1784416183277.0,11163.333
ss-95-660000,1784417435534.4922,1784417435785,1784417443278.0,1784417443347.8271,250.508,7493.0,69.827,1784416183278.0,7813.335
ss-96-660000,1784417441884.529,1784417441937,1784417443278.0,1784417443347.8276,52.471,1341.0,69.828,1784416183278.0,1463.299
ss-97-660000,1784417438634.5137,1784417438786,1784417443278.0,1784417443347.828,151.486,4492.0,69.828,1784416183278.0,4713.314
ss-98-660000,1784417437984.492,1784417438786,1784417443278.0,1784417443347.8284,801.508,4492.0,69.828,1784416183278.0,5363.336
ss-99-660000,1784417420684.5298,1784417421235,1784417443278.0,1784417443347.8286,550.47,22043.0,69.829,1784416183278.0,22663.299
ss-0-720000,1784417439034.491,1784417439836,1784417443278.0,1784417443347.829,801.509,3442.0,69.829,1784416123278.0,4313.338
ss-1-720000,1784417437934.5056,1784417438786,1784417443278.0,1784417443347.83,851.494,4492.0,69.83,1784416123278.0,5413.324
ss-10-720000,1784417423384.4834,1784417424335,1784417443278.0,1784417443347.8306,950.517,18943.0,69.831,1784416123278.0,19963.347
ss-11-720000,1784417440784.5354,1784417440887,1784417443278.0,1784417443347.8367,102.465,2391.0,69.837,1784416123278.0,2563.301
ss-12-720000,1784417438284.4907,1784417438786,1784417443278.0,1784417443347.8372,501.509,4492.0,69.837,1784416123278.0,5063.346
ss-13-720000,1784417432584.5176,1784417432636,1784417443278.0,1784417443347.8447,51.482,10642.0,69.845,1784416123278.0,10763.327
ss-14-720000,1784417439984.4917,1784417440887,1784417443278.0,1784417443347.845,902.508,2391.0,69.845,1784416123278.0,3363.353
ss-15-720000,1784417440234.513,1784417440887,1784417443278.0,1784417443347.8455,652.487,2391.0,69.845,1784416123278.0,3113.333
ss-16-720000,1784417441484.5117,1784417441937,1784417443278.0,1784417443347.8457,452.488,1341.0,69.846,1784416123278.0,1863.334
ss-17-720000,1784417428484.5444,1784417428487,1784417443278.0,1784417443347.8486,2.456,14791.0,69.849,1784416123278.0,14863.304
ss-18-720000,1784417437484.5242,1784417437785,1784417443278.0,1784417443347.849,300.476,5493.0,69.849,1784416123278.0,5863.325
ss-19-720000,1784417440684.5215,1784417440887,1784417443278.0,1784417443347.8494,202.479,2391.0,69.849,1784416123278.0,2663.328
ss-2-720000,1784417439634.5042,1784417439836,1784417443278.0,1784417443347.8499,201.496,3442.0,69.85,1784416123278.0,3713.346
ss-20-720000,1784417438884.4941,1784417439836,1784417443278.0,1784417443347.85,951.506,3442.0,69.85,1784416123278.0,4463.356
ss-21-720000,1784417438184.4907,1784417438786,1784417443278.0,1784417443347.853,601.509,4492.0,69.853,1784416123278.0,5163.362
ss-22-720000,1784417439734.5208,1784417439836,1784417443278.0,1784417443347.8555,101.479,3442.0,69.855,1784416123278.0,3613.335
ss-23-720000,1784417439834.48,1784417439836,1784417443278.0,1784417443347.8582,1.52,3442.0,69.858,1784416123278.0,3513.378
ss-24-720000,1784417440384.543,1784417440887,1784417443278.0,1784417443347.8584,502.457,2391.0,69.858,1784416123278.0,2963.315
ss-25-720000,1784417437384.527,1784417437785,1784417443278.0,1784417443347.859,400.473,5493.0,69.859,1784416123278.0,5963.332
ss-26-720000,1784417441384.4946,1784417441937,1784417443278.0,1784417443347.8591,552.505,1341.0,69.859,1784416123278.0,1963.365
ss-27-720000,1784417441834.5417,1784417441937,1784417443278.0,1784417443347.8594,102.458,1341.0,69.859,1784416123278.0,1513.318
ss-28-720000,1784417438834.493,1784417439836,1784417443278.0,1784417443347.8599,1001.507,3442.0,69.86,1784416123278.0,4513.367
ss-29-720000,1784417434984.5134,1784417435785,1784417443278.0,1784417443347.86,800.487,7493.0,69.86,1784416123278.0,8363.347
ss-3-720000,1784417437634.526,1784417437785,1784417443278.0,1784417443347.8606,150.474,5493.0,69.861,1784416123278.0,5713.335
ss-30-720000,1784417440984.5186,1784417441937,1784417443278.0,1784417443347.8608,952.481,1341.0,69.861,1784416123278.0,2363.342
ss-31-720000,1784417441734.5334,1784417441937,1784417443278.0,1784417443347.861,202.467,1341.0,69.861,1784416123278.0,1613.328
ss-32-720000,1784417439184.493,1784417439836,1784417443278.0,1784417443347.8616,651.507,3442.0,69.862,1784416123278.0,4163.369
ss-33-720000,1784417422334.488,1784417423335,1784417443278.0,1784417443347.8618,1000.512,19943.0,69.862,1784416123278.0,21013.374
ss-34-720000,1784417440834.5117,1784417440887,1784417443278.0,1784417443347.862,52.488,2391.0,69.862,1784416123278.0,2513.35
ss-35-720000,1784417432934.4934,1784417433686,1784417443278.0,1784417443347.8625,751.507,9592.0,69.863,1784416123278.0,10413.369
ss-36-720000,1784417440434.5298,1784417440887,1784417443278.0,1784417443347.8628,452.47,2391.0,69.863,1784416123278.0,2913.333
ss-37-720000,1784417439884.4907,1784417440887,1784417443278.0,1784417443347.8633,1002.509,2391.0,69.863,1784416123278.0,3463.373
ss-38-720000,1784417441284.5183,1784417441937,1784417443278.0,1784417443347.8635,652.482,1341.0,69.864,1784416123278.0,2063.345
ss-39-720000,1784417435734.5352,1784417435785,1784417443278.0,1784417443347.8638,50.465,7493.0,69.864,1784416123278.0,7613.329
ss-4-720000,1784417440534.5264,1784417440887,1784417443278.0,1784417443347.8665,352.474,2391.0,69.866,1784416123278.0,2813.34
ss-40-720000,1784417421784.4927,1784417422287,1784417443278.0,1784417443347.867,502.507,20991.0,69.867,1784416123278.0,21563.374
ss-41-720000,1784417438034.4915,1784417438786,1784417443278.0,1784417443347.8672,751.509,4492.0,69.867,1784416123278.0,5313.376
ss-42-720000,1784417433934.488,1784417434737,1784417443278.0,1784417443347.8677,802.512,8541.0,69.868,1784416123278.0,9413.38
ss-43-720000,1784417440634.5334,1784417440887,1784417443278.0,1784417443347.868,252.467,2391.0,69.868,1784416123278.0,2713.334
ss-44-720000,1784417440284.5396,1784417440887,1784417443278.0,1784417443347.9412,602.46,2391.0,69.941,1784416123278.0,3063.402
ss-45-720000,1784417439784.4534,1784417439836,1784417443278.0,1784417443347.9417,51.547,3442.0,69.942,1784416123278.0,3563.488
ss-46-720000,1784417435684.4915,1784417435785,1784417443278.0,1784417443347.942,100.509,7493.0,69.942,1784416123278.0,7663.45
ss-47-720000,1784417441684.493,1784417441937,1784417443278.0,1784417443347.9424,252.507,1341.0,69.942,1784416123278.0,1663.449
ss-48-720000,1784417425234.5408,1784417425385,1784417443278.0,1784417443347.9426,150.459,17893.0,69.943,1784416123278.0,18113.402
ss-49-720000,1784417440084.487,1784417440887,1784417443278.0,1784417443347.943,802.513,2391.0,69.943,1784416123278.0,3263.456
ss-5-720000,1784417438684.5227,1784417438786,1784417443278.0,1784417443347.9434,101.477,4492.0,69.943,1784416123278.0,4663.421
ss-50-720000,1784417438584.4924,1784417438786,1784417443278.0,1784417443347.9438,201.508,4492.0,69.944,1784416123278.0,4763.451
ss-51-720000,1784417441134.537,1784417441937,1784417443278.0,1784417443347.957,802.463,1341.0,69.957,1784416123278.0,2213.42
ss-52-720000,1784417439484.5137,1784417439836,1784417443278.0,1784417443347.9573,351.486,3442.0,69.957,1784416123278.0,3863.444
ss-53-720000,1784417439134.49,1784417439836,1784417443278.0,1784417443347.9578,701.51,3442.0,69.958,1784416123278.0,4213.468
ss-54-720000,1784417434134.5227,1784417434737,1784417443278.0,1784417443347.958,602.477,8541.0,69.958,1784416123278.0,9213.435
ss-55-720000,1784417437834.542,1784417438786,1784417443278.0,1784417443347.9585,951.458,4492.0,69.958,1784416123278.0,5513.417
ss-56-720000,1784417441634.5242,1784417441937,1784417443278.0,1784417443347.9587,302.476,1341.0,69.959,1784416123278.0,1713.435
ss-57-720000,1784417441434.5115,1784417441937,1784417443278.0,1784417443347.9592,502.489,1341.0,69.959,1784416123278.0,1913.448
ss-58-720000,1784417439084.495,1784417439836,1784417443278.0,1784417443347.9595,751.505,3442.0,69.959,1784416123278.0,4263.464
ss-59-720000,1784417437784.5344,1784417438786,1784417443278.0,1784417443347.9597,1001.466,4492.0,69.96,1784416123278.0,5563.425
ss-6-720000,1784417438734.5244,1784417438786,1784417443278.0,1784417443347.9602,51.476,4492.0,69.96,1784416123278.0,4613.436
ss-60-720000,1784417441334.529,1784417441937,1784417443278.0,1784417443347.9604,602.471,1341.0,69.96,1784416123278.0,2013.431
ss-61-720000,1784417422084.493,1784417422287,1784417443278.0,1784417443347.961,202.507,20991.0,69.961,1784416123278.0,21263.468
ss-62-720000,1784417431084.4917,1784417431586,1784417443278.0,1784417443347.9612,501.508,11692.0,69.961,1784416123278.0,12263.469
ss-63-720000,1784417439234.517,1784417439836,1784417443278.0,1784417443347.9617,601.483,3442.0,69.962,1784416123278.0,4113.445
ss-64-720000,1784417436234.537,1784417436785,1784417443278.0,1784417443347.9653,550.463,6493.0,69.965,1784416123278.0,7113.428
ss-65-720000,1784417437584.5369,1784417437785,1784417443278.0,1784417443347.9656,200.463,5493.0,69.966,1784416123278.0,5763.429
ss-66-720000,1784417437734.521,1784417437785,1784417443278.0,1784417443347.9739,50.479,5493.0,69.974,1784416123278.0,5613.453
ss-67-720000,1784417428234.545,1784417428487,1784417443278.0,1784417443347.9744,252.455,14791.0,69.974,1784416123278.0,15113.429
ss-68-720000,1784417440034.485,1784417440887,1784417443278.0,1784417443347.9746,852.515,2391.0,69.975,1784416123278.0,3313.49
ss-69-720000,1784417430084.4944,1784417430536,1784417443278.0,1784417443347.975,451.506,12742.0,69.975,1784416123278.0,13263.481
ss-7-720000,1784417437884.4834,1784417438786,1784417443278.0,1784417443347.9753,901.517,4492.0,69.975,1784416123278.0,5463.492
ss-70-720000,1784417436834.5093,1784417437785,1784417443278.0,1784417443347.9758,950.491,5493.0,69.976,1784416123278.0,6513.467
ss-71-720000,1784417439934.4897,1784417440887,1784417443278.0,1784417443347.976,952.51,2391.0,69.976,1784416123278.0,3413.486
ss-72-720000,1784417437184.49,1784417437785,1784417443278.0,1784417443347.9766,600.51,5493.0,69.977,1784416123278.0,6163.487
ss-73-720000,1784417435184.5864,1784417435785,1784417443278.0,1784417443347.9768,600.414,7493.0,69.977,1784416123278.0,8163.39
ss-74-720000,1784417441234.526,1784417441937,1784417443278.0,1784417443347.9773,702.474,1341.0,69.977,1784416123278.0,2113.451
ss-75-720000,1784417438934.485,1784417439836,1784417443278.0,1784417443347.9775,901.515,3442.0,69.978,1784416123278.0,4413.492
ss-76-720000,1784417441584.5186,1784417441937,1784417443278.0,1784417443347.9778,352.481,1341.0,69.978,1784416123278.0,1763.459
ss-77-720000,1784417441784.5212,1784417441937,1784417443278.0,1784417443347.9783,152.479,1341.0,69.978,1784416123278.0,1563.457
ss-78-720000,1784417432034.4917,1784417432636,1784417443278.0,1784417443347.9785,601.508,10642.0,69.979,1784416123278.0,11313.487
ss-79-720000,1784417434484.5332,1784417434737,1784417443278.0,1784417443347.979,252.467,8541.0,69.979,1784416123278.0,8863.446
ss-8-720000,1784417440184.5208,1784417440887,1784417443278.0,1784417443347.9814,702.479,2391.0,69.981,1784416123278.0,3163.461
ss-80-720000,1784417441184.5083,1784417441937,1784417443278.0,1784417443347.982,752.492,1341.0,69.982,1784416123278.0,2163.474
ss-81-720000,1784417427184.4875,1784417427436,1784417443278.0,1784417443347.9822,251.512,15842.0,69.982,1784416123278.0,16163.495
ss-82-720000,1784417437234.535,1784417437785,1784417443278.0,1784417443347.9827,550.465,5493.0,69.983,1784416123278.0,6113.448
ss-83-720000,1784417435834.5164,1784417436785,1784417443278.0,1784417443347.983,950.484,6493.0,69.983,1784416123278.0,7513.467
ss-84-720000,1784417431484.5212,1784417431586,1784417443278.0,1784417443347.9832,101.479,11692.0,69.983,1784416123278.0,11863.462
ss-85-720000,1784417440584.5288,1784417440887,1784417443278.0,1784417443347.9856,302.471,2391.0,69.986,1784416123278.0,2763.457
ss-86-720000,1784417441934.529,1784417441937,1784417443278.0,1784417443347.9858,2.471,1341.0,69.986,1784416123278.0,1413.457
ss-87-720000,1784417434634.5383,1784417434737,1784417443278.0,1784417443347.986,102.462,8541.0,69.986,1784416123278.0,8713.448
ss-88-720000,1784417436634.4905,1784417436785,1784417443278.0,1784417443347.9866,150.51,6493.0,69.987,1784416123278.0,6713.496
ss-89-720000,1784417426334.51,1784417426386,1784417443278.0,1784417443347.9868,51.49,16892.0,69.987,1784416123278.0,17013.477
ss-9-720000,1784417437684.5122,1784417437785,1784417443278.0,1784417443347.9873,100.488,5493.0,69.987,1784416123278.0,5663.475
ss-90-720000,1784417441534.5312,1784417441937,1784417443278.0,1784417443347.9875,402.469,1341.0,69.988,1784416123278.0,1813.456
ss-91-720000,1784417439584.4922,1784417439836,1784417443278.0,1784417443347.988,251.508,3442.0,69.988,1784416123278.0,3763.496
ss-92-720000,1784417436584.4949,1784417436785,1784417443278.0,1784417443347.9883,200.505,6493.0,69.988,1784416123278.0,6763.493
ss-93-720000,1784417425434.5393,1784417426386,1784417443278.0,1784417443347.989,951.461,16892.0,69.989,1784416123278.0,17913.45
ss-94-720000,1784417432184.494,1784417432636,1784417443278.0,1784417443347.9917,451.506,10642.0,69.992,1784416123278.0,11163.498
ss-95-720000,1784417435534.4922,1784417435785,1784417443278.0,1784417443347.9922,250.508,7493.0,69.992,1784416123278.0,7813.5
ss-96-720000,1784417441884.529,1784417441937,1784417443278.0,1784417443347.9924,52.471,1341.0,69.992,1784416123278.0,1463.463
ss-97-720000,1784417438634.5137,1784417438786,1784417443278.0,1784417443347.9973,151.486,4492.0,69.997,1784416123278.0,4713.484
ss-98-720000,1784417437984.492,1784417438786,1784417443278.0,1784417443347.9976,801.508,4492.0,69.998,1784416123278.0,5363.506
ss-99-720000,1784417420684.5298,1784417421235,1784417443278.0,1784417443347.998,550.47,22043.0,69.998,1784416123278.0,22663.468
ss-0-780000,1784417439034.491,1784417439836,1784417443278.0,1784417443347.9983,801.509,3442.0,69.998,1784416063278.0,4313.507
ss-1-780000,1784417437934.5056,1784417438786,1784417443278.0,1784417443347.9988,851.494,4492.0,69.999,1784416063278.0,5413.493
ss-11-780000,1784417440784.5354,1784417440887,1784417443278.0,1784417443347.999,102.465,2391.0,69.999,1784416063278.0,2563.464
ss-12-780000,1784417438284.4907,1784417438786,1784417443278.0,1784417443347.9995,501.509,4492.0,70.0,1784416063278.0,5063.509
ss-13-780000,1784417432584.5176,1784417432636,1784417443278.0,1784417443348.0,51.482,10642.0,70.0,1784416063278.0,10763.482
ss-14-780000,1784417439984.4917,1784417440887,1784417443278.0,1784417443348.0002,902.508,2391.0,70.0,1784416063278.0,3363.509
ss-15-780000,1784417440234.513,1784417440887,1784417443278.0,1784417443348.0007,652.487,2391.0,70.001,1784416063278.0,3113.488
ss-16-780000,1784417441484.5117,1784417441937,1784417443278.0,1784417443348.0012,452.488,1341.0,70.001,1784416063278.0,1863.49
ss-18-780000,1784417437484.5242,1784417437785,1784417443278.0,1784417443348.0037,300.476,5493.0,70.004,1784416063278.0,5863.479
ss-19-780000,1784417440684.5215,1784417440887,1784417443278.0,1784417443348.3916,202.479,2391.0,70.392,1784416063278.0,2663.87
ss-2-780000,1784417439634.5042,1784417439836,1784417443278.0,1784417443348.3923,201.496,3442.0,70.392,1784416063278.0,3713.888
ss-20-780000,1784417438884.4941,1784417439836,1784417443278.0,1784417443348.3928,951.506,3442.0,70.393,1784416063278.0,4463.899
ss-21-780000,1784417438184.4907,1784417438786,1784417443278.0,1784417443348.3933,601.509,4492.0,70.393,1784416063278.0,5163.903
ss-22-780000,1784417439734.5208,1784417439836,1784417443278.0,1784417443348.3936,101.479,3442.0,70.394,1784416063278.0,3613.873
ss-23-780000,1784417439834.48,1784417439836,1784417443278.0,1784417443348.394,1.52,3442.0,70.394,1784416063278.0,3513.914
ss-24-780000,1784417440384.543,1784417440887,1784417443278.0,1784417443348.3943,502.457,2391.0,70.394,1784416063278.0,2963.851
ss-25-780000,1784417437384.527,1784417437785,1784417443278.0,1784417443348.3948,400.473,5493.0,70.395,1784416063278.0,5963.868
ss-26-780000,1784417441384.4946,1784417441937,1784417443278.0,1784417443348.3977,552.505,1341.0,70.398,1784416063278.0,1963.903
ss-27-780000,1784417441834.5417,1784417441937,1784417443278.0,1784417443348.398,102.458,1341.0,70.398,1784416063278.0,1513.856
ss-28-780000,1784417438834.493,1784417439836,1784417443278.0,1784417443348.3982,1001.507,3442.0,70.398,1784416063278.0,4513.905
ss-29-780000,1784417434984.5134,1784417435785,1784417443278.0,1784417443348.3987,800.487,7493.0,70.399,1784416063278.0,8363.885
ss-3-780000,1784417437634.526,1784417437785,1784417443278.0,1784417443348.399,150.474,5493.0,70.399,1784416063278.0,5713.873
ss-30-780000,1784417440984.5186,1784417441937,1784417443278.0,1784417443348.3992,952.481,1341.0,70.399,1784416063278.0,2363.881
ss-31-780000,1784417441734.5334,1784417441937,1784417443279.0,1784417443348.3997,202.467,1342.0,69.4,1784416063279.0,1613.866
ss-32-780000,1784417439184.493,1784417439836,1784417443279.0,1784417443348.4,651.507,3443.0,69.4,1784416063279.0,4163.907
ss-34-780000,1784417440834.5117,1784417440887,1784417443279.0,1784417443348.4004,52.488,2392.0,69.4,1784416063279.0,2513.889
ss-35-780000,1784417432934.4934,1784417433686,1784417443279.0,1784417443348.4006,751.507,9593.0,69.401,1784416063279.0,10413.907
ss-36-780000,1784417440434.5298,1784417440887,1784417443279.0,1784417443348.401,452.47,2392.0,69.401,1784416063279.0,2913.871
ss-37-780000,1784417439884.4907,1784417440887,1784417443279.0,1784417443348.4014,1002.509,2392.0,69.401,1784416063279.0,3463.911
ss-38-780000,1784417441284.5183,1784417441937,1784417443279.0,1784417443348.4016,652.482,1342.0,69.402,1784416063279.0,2063.883
ss-39-780000,1784417435734.5352,1784417435785,1784417443279.0,1784417443348.4019,50.465,7494.0,69.402,1784416063279.0,7613.867
ss-4-780000,1784417440534.5264,1784417440887,1784417443279.0,1784417443348.4023,352.474,2392.0,69.402,1784416063279.0,2813.876
ss-41-780000,1784417438034.4915,1784417438786,1784417443279.0,1784417443348.4026,751.509,4493.0,69.403,1784416063279.0,5313.911
ss-42-780000,1784417433934.488,1784417434737,1784417443279.0,1784417443348.403,802.512,8542.0,69.403,1784416063279.0,9413.915
ss-43-780000,1784417440634.5334,1784417440887,1784417443279.0,1784417443348.4033,252.467,2392.0,69.403,1784416063279.0,2713.87
ss-44-780000,1784417440284.5396,1784417440887,1784417443279.0,1784417443348.4036,602.46,2392.0,69.404,1784416063279.0,3063.864
ss-45-780000,1784417439784.4534,1784417439836,1784417443279.0,1784417443348.404,51.547,3443.0,69.404,1784416063279.0,3563.951
ss-46-780000,1784417435684.4915,1784417435785,1784417443279.0,1784417443348.4043,100.509,7494.0,69.404,1784416063279.0,7663.913
ss-47-780000,1784417441684.493,1784417441937,1784417443279.0,1784417443348.4048,252.507,1342.0,69.405,1784416063279.0,1663.912
ss-49-780000,1784417440084.487,1784417440887,1784417443279.0,1784417443348.405,802.513,2392.0,69.405,1784416063279.0,3263.918
ss-5-780000,1784417438684.5227,1784417438786,1784417443279.0,1784417443348.4053,101.477,4493.0,69.405,1784416063279.0,4663.883
ss-50-780000,1784417438584.4924,1784417438786,1784417443279.0,1784417443348.4058,201.508,4493.0,69.406,1784416063279.0,4763.913
ss-51-780000,1784417441134.537,1784417441937,1784417443279.0,1784417443348.414,802.463,1342.0,69.414,1784416063279.0,2213.877
ss-52-780000,1784417439484.5137,1784417439836,1784417443279.0,1784417443348.4167,351.486,3443.0,69.417,1784416063279.0,3863.903
ss-53-780000,1784417439134.49,1784417439836,1784417443279.0,1784417443348.4172,701.51,3443.0,69.417,1784416063279.0,4213.927
ss-54-780000,1784417434134.5227,1784417434737,1784417443279.0,1784417443348.4182,602.477,8542.0,69.418,1784416063279.0,9213.896
ss-55-780000,1784417437834.542,1784417438786,1784417443279.0,1784417443348.4185,951.458,4493.0,69.418,1784416063279.0,5513.876
ss-56-780000,1784417441634.5242,1784417441937,1784417443279.0,1784417443348.419,302.476,1342.0,69.419,1784416063279.0,1713.895
ss-57-780000,1784417441434.5115,1784417441937,1784417443279.0,1784417443348.4192,502.489,1342.0,69.419,1784416063279.0,1913.908
ss-58-780000,1784417439084.495,1784417439836,1784417443279.0,1784417443348.4197,751.505,3443.0,69.42,1784416063279.0,4263.925
ss-59-780000,1784417437784.5344,1784417438786,1784417443279.0,1784417443348.42,1001.466,4493.0,69.42,1784416063279.0,5563.885
ss-6-780000,1784417438734.5244,1784417438786,1784417443279.0,1784417443348.4202,51.476,4493.0,69.42,1784416063279.0,4613.896
ss-60-780000,1784417441334.529,1784417441937,1784417443279.0,1784417443348.4207,602.471,1342.0,69.421,1784416063279.0,2013.892
ss-63-780000,1784417439234.517,1784417439836,1784417443279.0,1784417443348.421,601.483,3443.0,69.421,1784416063279.0,4113.904
ss-64-780000,1784417436234.537,1784417436785,1784417443279.0,1784417443348.4211,550.463,6494.0,69.421,1784416063279.0,7113.884
ss-65-780000,1784417437584.5369,1784417437785,1784417443279.0,1784417443348.424,200.463,5494.0,69.424,1784416063279.0,5763.887
ss-66-780000,1784417437734.521,1784417437785,1784417443279.0,1784417443348.4246,50.479,5494.0,69.425,1784416063279.0,5613.904
ss-68-780000,1784417440034.485,1784417440887,1784417443279.0,1784417443348.4248,852.515,2392.0,69.425,1784416063279.0,3313.94
ss-7-780000,1784417437884.4834,1784417438786,1784417443279.0,1784417443348.425,901.517,4493.0,69.425,1784416063279.0,5463.942
ss-70-780000,1784417436834.5093,1784417437785,1784417443279.0,1784417443348.4255,950.491,5494.0,69.426,1784416063279.0,6513.916
ss-71-780000,1784417439934.4897,1784417440887,1784417443279.0,1784417443348.4336,952.51,2392.0,69.434,1784416063279.0,3413.944
ss-72-780000,1784417437184.49,1784417437785,1784417443279.0,1784417443348.4338,600.51,5494.0,69.434,1784416063279.0,6163.944
ss-73-780000,1784417435184.5864,1784417435785,1784417443279.0,1784417443348.4343,600.414,7494.0,69.434,1784416063279.0,8163.848
ss-74-780000,1784417441234.526,1784417441937,1784417443279.0,1784417443348.4348,702.474,1342.0,69.435,1784416063279.0,2113.909
ss-75-780000,1784417438934.485,1784417439836,1784417443279.0,1784417443348.435,901.515,3443.0,69.435,1784416063279.0,4413.95
ss-76-780000,1784417441584.5186,1784417441937,1784417443279.0,1784417443348.4355,352.481,1342.0,69.436,1784416063279.0,1763.917
ss-77-780000,1784417441784.5212,1784417441937,1784417443279.0,1784417443348.4358,152.479,1342.0,69.436,1784416063279.0,1563.915
ss-78-780000,1784417432034.4917,1784417432636,1784417443279.0,1784417443348.4385,601.508,10643.0,69.438,1784416063279.0,11313.947
ss-79-780000,1784417434484.5332,1784417434737,1784417443279.0,1784417443348.4734,252.467,8542.0,69.473,1784416063279.0,8863.94
ss-8-780000,1784417440184.5208,1784417440887,1784417443279.0,1784417443348.474,702.479,2392.0,69.474,1784416063279.0,3163.953
ss-80-780000,1784417441184.5083,1784417441937,1784417443279.0,1784417443348.4744,752.492,1342.0,69.474,1784416063279.0,2163.966
ss-82-780000,1784417437234.535,1784417437785,1784417443279.0,1784417443348.4746,550.465,5494.0,69.475,1784416063279.0,6113.94
ss-83-780000,1784417435834.5164,1784417436785,1784417443279.0,1784417443348.475,950.484,6494.0,69.475,1784416063279.0,7513.959
ss-85-780000,1784417440584.5288,1784417440887,1784417443279.0,1784417443348.4753,302.471,2392.0,69.475,1784416063279.0,2763.947
ss-86-780000,1784417441934.529,1784417441937,1784417443279.0,1784417443348.4756,2.471,1342.0,69.476,1784416063279.0,1413.947
ss-87-780000,1784417434634.5383,1784417434737,1784417443279.0,1784417443348.4758,102.462,8542.0,69.476,1784416063279.0,8713.938
ss-88-780000,1784417436634.4905,1784417436785,1784417443279.0,1784417443348.476,150.51,6494.0,69.476,1784416063279.0,6713.986
ss-9-780000,1784417437684.5122,1784417437785,1784417443279.0,1784417443348.4766,100.488,5494.0,69.477,1784416063279.0,5663.964
ss-90-780000,1784417441534.5312,1784417441937,1784417443279.0,1784417443348.4768,402.469,1342.0,69.477,1784416063279.0,1813.946
ss-91-780000,1784417439584.4922,1784417439836,1784417443279.0,1784417443348.4802,251.508,3443.0,69.48,1784416063279.0,3763.988
ss-92-780000,1784417436584.4949,1784417436785,1784417443279.0,1784417443348.4805,200.505,6494.0,69.48,1784416063279.0,6763.986
ss-94-780000,1784417432184.494,1784417432636,1784417443279.0,1784417443348.4807,451.506,10643.0,69.481,1784416063279.0,11163.987
ss-95-780000,1784417435534.4922,1784417435785,1784417443279.0,1784417443348.4812,250.508,7494.0,69.481,1784416063279.0,7813.989
ss-96-780000,1784417441884.529,1784417441937,1784417443279.0,1784417443348.4814,52.471,1342.0,69.481,1784416063279.0,1463.952
ss-97-780000,1784417438634.5137,1784417438786,1784417443279.0,1784417443348.4817,151.486,4493.0,69.482,1784416063279.0,4713.968
ss-98-780000,1784417437984.492,1784417438786,1784417443279.0,1784417443348.4822,801.508,4493.0,69.482,1784416063279.0,5363.99
