event_id,t0_ms,t1_ms,t2_ms,t3_ms,write_to_input_append_latency_ms,input_append_to_result_emission_latency_ms,l_visibility_ms,l_closure_ms,latency_ms
ss-41-60000,1784541353543.1455,1784541353945,1784541360329.0,1784541360764.274,401.854,6384.0,435.274,1784540700329.0,7221.128
ss-19-60000,1784541358043.1453,1784541358145,1784541360344.0,1784541360764.279,101.855,2199.0,420.279,1784540700344.0,2721.134
ss-7-60000,1784541356943.1372,1784541357096,1784541360344.0,1784541360764.281,152.863,3248.0,420.281,1784540700344.0,3821.144
ss-54-60000,1784541354643.1426,1784541354995,1784541360345.0,1784541360764.2825,351.857,5350.0,419.282,1784540700345.0,6121.14
ss-24-60000,1784541356293.1394,1784541357096,1784541360345.0,1784541360764.2834,802.861,3249.0,419.283,1784540700345.0,4471.144
ss-39-60000,1784541357443.1548,1784541358145,1784541360345.0,1784541360764.2844,701.845,2200.0,419.284,1784540700345.0,3321.13
ss-12-60000,1784541342843.141,1784541343445,1784541360345.0,1784541360764.2852,601.859,16900.0,419.285,1784540700345.0,17921.144
ss-2-60000,1784541357493.1304,1784541358145,1784541360345.0,1784541360764.2917,651.87,2200.0,419.292,1784540700345.0,3271.161
ss-21-60000,1784541355343.1396,1784541356045,1784541360345.0,1784541360764.3132,701.86,4300.0,419.313,1784540700345.0,5421.174
ss-72-60000,1784541358543.1375,1784541359195,1784541360345.0,1784541360764.3145,651.863,1150.0,419.314,1784540700345.0,2221.177
ss-14-60000,1784541358893.1401,1784541359195,1784541360346.0,1784541360764.3152,301.86,1151.0,418.315,1784540700346.0,1871.175
ss-91-60000,1784541358643.137,1784541359195,1784541360346.0,1784541360764.3157,551.863,1151.0,418.316,1784540700346.0,2121.179
ss-98-60000,1784541351093.147,1784541351845,1784541360346.0,1784541360764.3162,751.853,8501.0,418.316,1784540700346.0,9671.169
ss-16-60000,1784541358693.1396,1784541359195,1784541360346.0,1784541360764.3167,501.86,1151.0,418.317,1784540700346.0,2071.177
ss-28-60000,1784541359143.137,1784541359195,1784541360346.0,1784541360764.3171,51.863,1151.0,418.317,1784540700346.0,1621.18
ss-79-60000,1784541343593.1426,1784541344495,1784541360346.0,1784541360764.3176,901.857,15851.0,418.318,1784540700346.0,17171.175
ss-31-60000,1784541357293.138,1784541358145,1784541360346.0,1784541360764.3228,851.862,2201.0,418.323,1784540700346.0,3471.185
ss-50-60000,1784541357793.1387,1784541358145,1784541360347.0,1784541360764.3235,351.861,2202.0,417.323,1784540700347.0,2971.185
ss-63-60000,1784541356043.135,1784541356045,1784541360347.0,1784541360764.3467,1.865,4302.0,417.347,1784540700347.0,4721.212
ss-51-60000,1784541357343.1418,1784541358145,1784541360347.0,1784541360764.3474,801.858,2202.0,417.347,1784540700347.0,3421.206
ss-99-60000,1784541343943.1338,1784541344495,1784541360347.0,1784541360764.348,551.866,15852.0,417.348,1784540700347.0,16821.214
ss-35-60000,1784541356993.1426,1784541357096,1784541360347.0,1784541360764.3484,102.857,3251.0,417.348,1784540700347.0,3771.206
ss-70-60000,1784541358393.1396,1784541359195,1784541360347.0,1784541360764.3525,801.86,1152.0,417.353,1784540700347.0,2371.213
ss-90-60000,1784541357593.1353,1784541358145,1784541360347.0,1784541360764.3574,551.865,2202.0,417.357,1784540700347.0,3171.222
ss-9-60000,1784541358943.1482,1784541359195,1784541360348.0,1784541360764.4128,251.852,1153.0,416.413,1784540700348.0,1821.265
ss-64-60000,1784541355993.1265,1784541356045,1784541360348.0,1784541360764.4143,51.874,4303.0,416.414,1784540700348.0,4771.288
ss-80-60000,1784541352793.1392,1784541352895,1784541360348.0,1784541360764.4714,101.861,7453.0,416.471,1784540700348.0,7971.332
ss-59-60000,1784541357893.1409,1784541358145,1784541360348.0,1784541360764.6074,251.859,2203.0,416.607,1784540700348.0,2871.467
ss-45-60000,1784541347793.141,1784541348695,1784541360348.0,1784541360764.6091,901.859,11653.0,416.609,1784540700348.0,12971.468
ss-48-60000,1784541356843.1406,1784541357096,1784541360348.0,1784541360765.085,252.859,3252.0,417.085,1784540700348.0,3921.944
ss-58-60000,1784541358343.1455,1784541359195,1784541360348.0,1784541360765.0862,851.854,1153.0,417.086,1784540700348.0,2421.941
ss-29-60000,1784541349693.1465,1784541349745,1784541360349.0,1784541360765.087,51.854,10604.0,416.087,1784540700349.0,11071.94
ss-84-60000,1784541354293.1453,1784541354995,1784541360349.0,1784541360765.0874,701.855,5354.0,416.087,1784540700349.0,6471.942
ss-74-60000,1784541359043.148,1784541359195,1784541360349.0,1784541360765.0884,151.852,1154.0,416.088,1784540700349.0,1721.94
ss-38-60000,1784541359293.139,1784541360245,1784541360349.0,1784541360765.089,951.861,104.0,416.089,1784540700349.0,1471.95
ss-1-60000,1784541359243.1372,1784541360245,1784541360349.0,1784541360765.0898,1001.863,104.0,416.09,1784540700349.0,1521.953
ss-23-60000,1784541340493.1707,1784541341345,1784541360349.0,1784541360765.0906,851.829,19004.0,416.091,1784540700349.0,20271.92
ss-75-60000,1784541357693.1445,1784541358145,1784541360349.0,1784541360765.091,451.855,2204.0,416.091,1784540700349.0,3071.947
ss-33-60000,1784541356543.1438,1784541357096,1784541360350.0,1784541360765.0928,552.856,3254.0,415.093,1784540700350.0,4221.949
ss-4-60000,1784541358593.1406,1784541359195,1784541360350.0,1784541360765.0933,601.859,1155.0,415.093,1784540700350.0,2171.953
ss-6-60000,1784541355243.142,1784541356045,1784541360350.0,1784541360765.094,801.858,4305.0,415.094,1784540700350.0,5521.952
ss-0-60000,1784541357743.1394,1784541358145,1784541360350.0,1784541360765.0947,401.861,2205.0,415.095,1784540700350.0,3021.955
ss-10-60000,1784541354943.1445,1784541354995,1784541360350.0,1784541360765.0955,51.855,5355.0,415.095,1784540700350.0,5821.951
ss-47-60000,1784541354593.1382,1784541354995,1784541360350.0,1784541360765.0962,401.862,5355.0,415.096,1784540700350.0,6171.958
ss-65-60000,1784541354493.1375,1784541354995,1784541360350.0,1784541360765.0967,501.863,5355.0,415.097,1784540700350.0,6271.959
ss-71-60000,1784541341943.1501,1784541342395,1784541360351.0,1784541360765.0974,451.85,17956.0,414.097,1784540700351.0,18821.947
ss-43-60000,1784541356893.1455,1784541357096,1784541360351.0,1784541360765.098,202.854,3255.0,414.098,1784540700351.0,3871.952
ss-86-60000,1784541351793.1333,1784541351845,1784541360351.0,1784541360765.103,51.867,8506.0,414.103,1784540700351.0,8971.97
ss-61-60000,1784541355743.1477,1784541356045,1784541360351.0,1784541360765.1035,301.852,4306.0,414.104,1784540700351.0,5021.956
ss-57-60000,1784541357943.1382,1784541358145,1784541360351.0,1784541360765.1042,201.862,2206.0,414.104,1784540700351.0,2821.966
ss-26-60000,1784541354893.1416,1784541354995,1784541360351.0,1784541360765.105,101.858,5356.0,414.105,1784540700351.0,5871.963
ss-83-60000,1784541355593.1362,1784541356045,1784541360351.0,1784541360765.1055,451.864,4306.0,414.105,1784540700351.0,5171.969
ss-68-60000,1784541350395.5325,1784541350795,1784541360351.0,1784541360765.1096,399.468,9556.0,414.11,1784540700351.0,10369.577
ss-55-60000,1784541333643.1416,1784541333996,1784541360352.0,1784541360765.1106,352.858,26356.0,413.111,1784540700352.0,27121.969
ss-77-60000,1784541352743.1501,1784541352895,1784541360352.0,1784541360765.111,151.85,7457.0,413.111,1784540700352.0,8021.961
ss-20-60000,1784541347443.3833,1784541347646,1784541360352.0,1784541360765.1118,202.617,12706.0,413.112,1784540700352.0,13321.729
ss-3-60000,1784541354693.14,1784541354995,1784541360352.0,1784541360765.1125,301.86,5357.0,413.113,1784540700352.0,6071.973
ss-81-60000,1784541358793.138,1784541359195,1784541360352.0,1784541360765.195,401.862,1157.0,413.195,1784540700352.0,1972.057
ss-17-60000,1784541356243.1448,1784541357096,1784541360352.0,1784541360765.196,852.855,3256.0,413.196,1784540700352.0,4522.051
ss-15-60000,1784541355843.1604,1784541356045,1784541360352.0,1784541360765.1965,201.84,4307.0,413.197,1784540700352.0,4922.036
ss-44-60000,1784541353393.139,1784541353945,1784541360352.0,1784541360765.197,551.861,6407.0,413.197,1784540700352.0,7372.058
ss-18-60000,1784541353343.1458,1784541353945,1784541360352.0,1784541360765.1978,601.854,6407.0,413.198,1784540700352.0,7422.052
ss-96-60000,1784541355093.1406,1784541356045,1784541360353.0,1784541360765.1982,951.859,4308.0,412.198,1784540700353.0,5672.058
ss-95-60000,1784541351393.143,1784541351845,1784541360353.0,1784541360765.293,451.857,8508.0,412.293,1784540700353.0,9372.15
ss-94-60000,1784541355543.1416,1784541356045,1784541360353.0,1784541360765.294,501.858,4308.0,412.294,1784540700353.0,5222.152
ss-8-60000,1784541353893.1394,1784541353945,1784541360353.0,1784541360765.2954,51.861,6408.0,412.295,1784540700353.0,6872.156
ss-53-60000,1784541355393.1394,1784541356045,1784541360353.0,1784541360765.3003,651.861,4308.0,412.3,1784540700353.0,5372.161
ss-62-60000,1784541353193.1458,1784541353945,1784541360353.0,1784541360765.3008,751.854,6408.0,412.301,1784540700353.0,7572.155
ss-66-60000,1784541358093.1455,1784541358145,1784541360353.0,1784541360765.3013,51.854,2208.0,412.301,1784540700353.0,2672.156
ss-5-60000,1784541358443.1482,1784541359195,1784541360353.0,1784541360765.3018,751.852,1158.0,412.302,1784540700353.0,2322.154
ss-67-60000,1784541358993.1619,1784541359195,1784541360354.0,1784541360765.3027,201.838,1159.0,411.303,1784540700354.0,1772.141
ss-82-60000,1784541358243.141,1784541359195,1784541360354.0,1784541360765.3032,951.859,1159.0,411.303,1784540700354.0,2522.162
ss-69-60000,1784541346343.141,1784541346596,1784541360354.0,1784541360765.3037,252.859,13758.0,411.304,1784540700354.0,14422.163
ss-42-60000,1784541356143.094,1784541357096,1784541360354.0,1784541360765.3042,952.906,3258.0,411.304,1784540700354.0,4622.21
ss-85-60000,1784541355793.1514,1784541356045,1784541360354.0,1784541360765.3047,251.849,4309.0,411.305,1784540700354.0,4972.153
ss-30-60000,1784541356493.1404,1784541357096,1784541360354.0,1784541360765.3052,602.86,3258.0,411.305,1784540700354.0,4272.165
ss-92-60000,1784541358193.139,1784541359195,1784541360354.0,1784541360765.306,1001.861,1159.0,411.306,1784540700354.0,2572.167
ss-46-60000,1784541357043.1384,1784541357096,1784541360354.0,1784541360765.314,52.862,3258.0,411.314,1784540700354.0,3722.176
ss-73-60000,1784541332743.1453,1784541332945,1784541360354.0,1784541360765.3147,201.855,27409.0,411.315,1784540700354.0,28022.169
ss-97-60000,1784541358293.137,1784541359195,1784541360355.0,1784541360765.3152,901.863,1160.0,410.315,1784540700355.0,2472.178
ss-25-60000,1784541353693.1394,1784541353945,1784541360355.0,1784541360765.3472,251.861,6410.0,410.347,1784540700355.0,7072.208
ss-78-60000,1784541351143.1458,1784541351845,1784541360355.0,1784541360765.6453,701.854,8510.0,410.645,1784540700355.0,9622.5
ss-40-60000,1784541353443.137,1784541353945,1784541360355.0,1784541360765.6484,501.863,6410.0,410.648,1784540700355.0,7322.511
ss-49-60000,1784541359093.1335,1784541359195,1784541360355.0,1784541360765.6494,101.866,1160.0,410.649,1784540700355.0,1672.516
ss-88-60000,1784541351743.136,1784541351845,1784541360355.0,1784541360765.6504,101.864,8510.0,410.65,1784540700355.0,9022.514
ss-22-60000,1784541345743.1423,1784541346596,1784541360355.0,1784541360765.652,852.858,13759.0,410.652,1784540700355.0,15022.51
ss-27-60000,1784541357193.136,1784541358145,1784541360355.0,1784541360765.653,951.864,2210.0,410.653,1784540700355.0,3572.517
ss-32-60000,1784541358743.142,1784541359195,1784541360355.0,1784541360765.6538,451.858,1160.0,410.654,1784540700355.0,2022.512
ss-11-60000,1784541356443.143,1784541357096,1784541360356.0,1784541360765.6548,652.857,3260.0,409.655,1784540700356.0,4322.512
ss-87-60000,1784541358143.1387,1784541358145,1784541360356.0,1784541360765.656,1.861,2211.0,409.656,1784540700356.0,2622.517
ss-76-60000,1784541359193.1348,1784541359195,1784541360356.0,1784541360765.6711,1.865,1161.0,409.671,1784540700356.0,1572.536
ss-37-60000,1784541352243.1355,1784541352895,1784541360356.0,1784541360765.672,651.865,7461.0,409.672,1784540700356.0,8522.537
ss-56-60000,1784541343443.13,1784541343445,1784541360356.0,1784541360765.683,1.87,16911.0,409.683,1784540700356.0,17322.553
ss-34-60000,1784541357243.1396,1784541358145,1784541360356.0,1784541360765.685,901.86,2211.0,409.685,1784540700356.0,3522.545
ss-60-60000,1784541357643.1602,1784541358145,1784541360356.0,1784541360765.6855,501.84,2211.0,409.686,1784540700356.0,3122.525
ss-36-60000,1784541355443.1392,1784541356045,1784541360356.0,1784541360765.801,601.861,4311.0,409.801,1784540700356.0,5322.662
ss-13-60000,1784541357993.133,1784541358145,1784541360356.0,1784541360765.8025,151.867,2211.0,409.802,1784540700356.0,2772.669
ss-89-60000,1784541358843.152,1784541359195,1784541360356.0,1784541360765.8035,351.848,1161.0,409.803,1784540700356.0,1922.651
ss-52-60000,1784541356743.147,1784541357096,1784541360356.0,1784541360765.8042,352.853,3260.0,409.804,1784540700356.0,4022.657
ss-93-60000,1784541354993.1414,1784541354995,1784541360357.0,1784541360765.805,1.859,5362.0,408.805,1784540700357.0,5772.664
ss-24-120000,1784541386493.1362,1784541386496,1784541389755.0,1784541390703.4446,2.864,3259.0,948.445,1784540669755.0,4210.308
ss-39-120000,1784541380643.1394,1784541381246,1784541389757.0,1784541390703.4475,602.861,8511.0,946.448,1784540669757.0,10060.308
ss-19-120000,1784541386743.1477,1784541387545,1784541389757.0,1784541390703.4495,801.852,2212.0,946.449,1784540669757.0,3960.302
ss-54-120000,1784541388543.1416,1784541388595,1784541389757.0,1784541390703.4504,51.858,1162.0,946.45,1784540669757.0,2160.309
ss-2-120000,1784541382493.139,1784541383346,1784541389757.0,1784541390703.451,852.861,6411.0,946.451,1784540669757.0,8210.312
ss-21-120000,1784541386593.1401,1784541387545,1784541389758.0,1784541390703.4526,951.86,2213.0,945.453,1784540669758.0,4110.312
ss-12-120000,1784541384543.1377,1784541385445,1784541389758.0,1784541390703.454,901.862,4313.0,945.454,1784540669758.0,6160.316
ss-72-120000,1784541376393.1416,1784541377045,1784541389758.0,1784541390703.4553,651.858,12713.0,945.455,1784540669758.0,14310.314
ss-14-120000,1784541384243.1387,1784541384395,1784541389758.0,1784541390703.457,151.861,5363.0,945.457,1784540669758.0,6460.318
ss-91-120000,1784541389193.1455,1784541389645,1784541389758.0,1784541390703.4622,451.854,113.0,945.462,1784540669758.0,1510.317
ss-98-120000,1784541383093.141,1784541383346,1784541389758.0,1784541390703.4805,252.859,6412.0,945.48,1784540669758.0,7610.339
ss-7-120000,1784541377743.1384,1784541378095,1784541389758.0,1784541390703.4812,351.862,11663.0,945.481,1784540669758.0,12960.343
ss-16-120000,1784541382243.1353,1784541382295,1784541389758.0,1784541390703.4888,51.865,7463.0,945.489,1784540669758.0,8460.354
ss-9-120000,1784541380793.1401,1784541381246,1784541389758.0,1784541390703.4897,452.86,8512.0,945.49,1784540669758.0,9910.35
ss-31-120000,1784541386243.142,1784541386496,1784541389759.0,1784541390703.4905,252.858,3263.0,944.49,1784540669759.0,4460.348
ss-79-120000,1784541388643.1506,1784541389645,1784541389759.0,1784541390703.4915,1001.849,114.0,944.491,1784540669759.0,2060.341
ss-50-120000,1784541384593.133,1784541385445,1784541389759.0,1784541390703.4922,851.867,4314.0,944.492,1784540669759.0,6110.359
ss-63-120000,1784541384193.1382,1784541384395,1784541389759.0,1784541390703.493,201.862,5364.0,944.493,1784540669759.0,6510.355
ss-51-120000,1784541388393.1406,1784541388595,1784541389759.0,1784541390703.4937,201.859,1164.0,944.494,1784540669759.0,2310.353
ss-28-120000,1784541387293.141,1784541387545,1784541389759.0,1784541390703.4946,251.859,2214.0,944.495,1784540669759.0,3410.354
ss-64-120000,1784541385993.1416,1784541386496,1784541389759.0,1784541390703.5283,502.858,3263.0,944.528,1784540669759.0,4710.387
ss-35-120000,1784541386893.1472,1784541387545,1784541389759.0,1784541390703.5295,651.853,2214.0,944.53,1784540669759.0,3810.382
ss-70-120000,1784541385543.1404,1784541386496,1784541389760.0,1784541390703.5305,952.86,3264.0,943.531,1784540669760.0,5160.39
ss-99-120000,1784541388893.1414,1784541389645,1784541389760.0,1784541390703.5312,751.859,115.0,943.531,1784540669760.0,1810.39
ss-80-120000,1784541387343.138,1784541387545,1784541389760.0,1784541390703.5322,201.862,2215.0,943.532,1784540669760.0,3360.394
ss-90-120000,1784541383193.149,1784541383346,1784541389760.0,1784541390703.6685,152.851,6414.0,943.668,1784540669760.0,7510.52
ss-59-120000,1784541387393.1392,1784541387545,1784541389760.0,1784541390703.6707,151.861,2215.0,943.671,1784540669760.0,3310.531
ss-45-120000,1784541369043.1382,1784541369695,1784541389760.0,1784541390704.9202,651.862,20065.0,944.92,1784540669760.0,21661.782
ss-41-120000,1784541386443.1545,1784541386496,1784541389760.0,1784541390704.9216,52.845,3264.0,944.922,1784540669760.0,4261.767
ss-48-120000,1784541380143.142,1784541380195,1784541389760.0,1784541390704.9246,51.858,9565.0,944.925,1784540669760.0,10561.782
ss-29-120000,1784541388043.1357,1784541388595,1784541389761.0,1784541390704.9255,551.864,1166.0,943.926,1784540669761.0,2661.79
ss-58-120000,1784541388593.1428,1784541388595,1784541389761.0,1784541390704.9263,1.857,1166.0,943.926,1784540669761.0,2111.783
ss-84-120000,1784541386643.1416,1784541387545,1784541389761.0,1784541390704.9272,901.858,2216.0,943.927,1784540669761.0,4061.786
ss-38-120000,1784541386843.144,1784541387545,1784541389761.0,1784541390704.928,701.856,2216.0,943.928,1784540669761.0,3861.784
ss-1-120000,1784541377993.1372,1784541378095,1784541389761.0,1784541390704.929,101.863,11666.0,943.929,1784540669761.0,12711.792
ss-74-120000,1784541375693.1375,1784541375996,1784541389761.0,1784541390704.9297,302.863,13765.0,943.93,1784540669761.0,15011.792
ss-75-120000,1784541381493.1394,1784541382295,1784541389761.0,1784541390704.9312,801.861,7466.0,943.931,1784540669761.0,9211.792
ss-33-120000,1784541388243.1372,1784541388595,1784541389761.0,1784541390704.933,351.863,1166.0,943.933,1784540669761.0,2461.796
ss-23-120000,1784541388793.1409,1784541389645,1784541389761.0,1784541390704.9338,851.859,116.0,943.934,1784540669761.0,1911.793
ss-6-120000,1784541379343.1394,1784541380195,1784541389762.0,1784541390704.9346,851.861,9567.0,942.935,1784540669762.0,11361.795
ss-0-120000,1784541383643.137,1784541384395,1784541389762.0,1784541390704.9355,751.863,5367.0,942.936,1784540669762.0,7061.799
ss-10-120000,1784541384343.131,1784541384395,1784541389762.0,1784541390704.9363,51.869,5367.0,942.936,1784540669762.0,6361.805
ss-47-120000,1784541384793.1318,1784541385445,1784541389762.0,1784541390704.9368,651.868,4317.0,942.937,1784540669762.0,5911.805
ss-4-120000,1784541387143.1423,1784541387545,1784541389762.0,1784541390704.9375,401.858,2217.0,942.938,1784540669762.0,3561.795
ss-65-120000,1784541383943.136,1784541384395,1784541389762.0,1784541390704.9382,451.864,5367.0,942.938,1784540669762.0,6761.802
ss-86-120000,1784541388743.145,1784541389645,1784541389762.0,1784541390704.939,901.855,117.0,942.939,1784540669762.0,1961.794
ss-43-120000,1784541367743.1372,1784541368645,1784541389762.0,1784541390704.9453,901.863,21117.0,942.945,1784540669762.0,22961.808
ss-61-120000,1784541382193.1401,1784541382295,1784541389762.0,1784541390704.9458,101.86,7467.0,942.946,1784540669762.0,8511.806
ss-57-120000,1784541385493.1384,1784541386496,1784541389763.0,1784541390704.9468,1002.862,3267.0,941.947,1784540669763.0,5211.808
ss-26-120000,1784541387043.1401,1784541387545,1784541389763.0,1784541390705.0059,501.86,2218.0,942.006,1784540669763.0,3661.866
ss-71-120000,1784541377343.1401,1784541378095,1784541389763.0,1784541390705.0066,751.86,11668.0,942.007,1784540669763.0,13361.866
ss-55-120000,1784541388193.1462,1784541388595,1784541389763.0,1784541390705.0073,401.854,1168.0,942.007,1784540669763.0,2511.861
ss-20-120000,1784541388493.1265,1784541388595,1784541389763.0,1784541390705.0083,101.874,1168.0,942.008,1784540669763.0,2211.882
ss-3-120000,1784541381143.1404,1784541381246,1784541389763.0,1784541390705.009,102.86,8517.0,942.009,1784540669763.0,9561.869
ss-77-120000,1784541387493.1462,1784541387545,1784541389763.0,1784541390705.0098,51.854,2218.0,942.01,1784540669763.0,3211.864
ss-17-120000,1784541376843.1357,1784541377045,1784541389763.0,1784541390705.0105,201.864,12718.0,942.01,1784540669763.0,13861.875
ss-81-120000,1784541384293.1365,1784541384395,1784541389764.0,1784541390705.0112,101.864,5369.0,941.011,1784540669764.0,6411.875
ss-15-120000,1784541388143.1492,1784541388595,1784541389764.0,1784541390705.012,451.851,1169.0,941.012,1784540669764.0,2561.863
ss-44-120000,1784541389293.1436,1784541389645,1784541389764.0,1784541390705.0178,351.856,119.0,941.018,1784540669764.0,1411.874
ss-68-120000,1784541385143.1404,1784541385445,1784541389764.0,1784541390705.0188,301.86,4319.0,941.019,1784540669764.0,5561.878
ss-18-120000,1784541387444.5415,1784541387545,1784541389764.0,1784541390705.0286,100.458,2219.0,941.029,1784540669764.0,3260.487
ss-95-120000,1784541387743.144,1784541388595,1784541389764.0,1784541390705.0461,851.856,1169.0,941.046,1784540669764.0,2961.902
ss-96-120000,1784541386093.1455,1784541386496,1784541389764.0,1784541390705.0469,402.854,3268.0,941.047,1784540669764.0,4611.901
ss-94-120000,1784541387593.146,1784541388595,1784541389764.0,1784541390705.0474,1001.854,1169.0,941.047,1784540669764.0,3111.901
ss-62-120000,1784541388993.1455,1784541389645,1784541389765.0,1784541390705.0479,651.854,120.0,940.048,1784540669765.0,1711.902
ss-66-120000,1784541386343.14,1784541386496,1784541389765.0,1784541390705.0483,152.86,3269.0,940.048,1784540669765.0,4361.908
ss-53-120000,1784541388343.1382,1784541388595,1784541389765.0,1784541390705.049,251.862,1170.0,940.049,1784540669765.0,2361.911
ss-67-120000,1784541383493.1396,1784541384395,1784541389765.0,1784541390705.0496,901.86,5370.0,940.05,1784540669765.0,7211.91
ss-82-120000,1784541385893.1423,1784541386496,1784541389765.0,1784541390705.05,602.858,3269.0,940.05,1784540669765.0,4811.908
ss-5-120000,1784541381193.141,1784541381246,1784541389765.0,1784541390705.0505,52.859,8519.0,940.051,1784540669765.0,9511.909
ss-69-120000,1784541384943.138,1784541385445,1784541389765.0,1784541390705.051,501.862,4320.0,940.051,1784540669765.0,5761.913
ss-42-120000,1784541385843.1426,1784541386496,1784541389765.0,1784541390705.0513,652.857,3269.0,940.051,1784540669765.0,4861.909
ss-85-120000,1784541381643.138,1784541382295,1784541389766.0,1784541390705.0518,651.862,7471.0,939.052,1784540669766.0,9061.914
ss-30-120000,1784541379843.1392,1784541380195,1784541389766.0,1784541390705.0608,351.861,9571.0,939.061,1784540669766.0,10861.922
ss-8-120000,1784541381443.1355,1784541382295,1784541389766.0,1784541390705.0613,851.865,7471.0,939.061,1784540669766.0,9261.926
ss-92-120000,1784541387893.1394,1784541388595,1784541389766.0,1784541390705.0618,701.861,1171.0,939.062,1784540669766.0,2811.922
ss-46-120000,1784541381543.1375,1784541382295,1784541389766.0,1784541390705.063,751.863,7471.0,939.063,1784540669766.0,9161.926
ss-25-120000,1784541389243.1484,1784541389645,1784541389766.0,1784541390705.0635,401.852,121.0,939.063,1784540669766.0,1461.915
ss-97-120000,1784541375343.1436,1784541375996,1784541389766.0,1784541390705.064,652.856,13770.0,939.064,1784540669766.0,15361.92
ss-78-120000,1784541378393.144,1784541379146,1784541389766.0,1784541390705.0645,752.856,10620.0,939.064,1784540669766.0,12311.92
ss-40-120000,1784541382393.1406,1784541383346,1784541389767.0,1784541390705.0647,952.859,6421.0,938.065,1784540669767.0,8311.924
ss-49-120000,1784541388943.1487,1784541389645,1784541389767.0,1784541390705.0652,701.851,122.0,938.065,1784540669767.0,1761.917
ss-73-120000,1784541387693.1482,1784541388595,1784541389767.0,1784541390705.0657,901.852,1172.0,938.066,1784540669767.0,3011.917
ss-11-120000,1784541383343.1528,1784541383346,1784541389767.0,1784541390705.0662,2.847,6421.0,938.066,1784540669767.0,7361.913
ss-22-120000,1784541375443.1362,1784541375996,1784541389767.0,1784541390705.0667,552.864,13771.0,938.067,1784540669767.0,15261.93
ss-27-120000,1784541389143.1426,1784541389645,1784541389767.0,1784541390705.067,501.857,122.0,938.067,1784540669767.0,1561.924
ss-88-120000,1784541385693.1396,1784541386496,1784541389767.0,1784541390705.0676,802.86,3271.0,938.068,1784540669767.0,5011.928
ss-87-120000,1784541379493.1328,1784541380195,1784541389768.0,1784541390705.068,701.867,9573.0,937.068,1784540669768.0,11211.935
ss-32-120000,1784541389093.1418,1784541389645,1784541389768.0,1784541390705.0686,551.858,123.0,937.069,1784540669768.0,1611.927
ss-76-120000,1784541380093.156,1784541380195,1784541389768.0,1784541390705.0688,101.844,9573.0,937.069,1784540669768.0,10611.913
ss-37-120000,1784541366993.1306,1784541367595,1784541389768.0,1784541390705.0693,601.869,22173.0,937.069,1784540669768.0,23711.939
ss-83-120000,1784541388843.1404,1784541389645,1784541389768.0,1784541390705.0698,801.86,123.0,937.07,1784540669768.0,1861.929
ss-56-120000,1784541377493.1335,1784541378095,1784541389768.0,1784541390705.0703,601.866,11673.0,937.07,1784540669768.0,13211.937
ss-60-120000,1784541382843.1409,1784541383346,1784541389768.0,1784541390705.0708,502.859,6422.0,937.071,1784540669768.0,7861.93
ss-34-120000,1784541386043.1416,1784541386496,1784541389769.0,1784541390705.0713,452.858,3273.0,936.071,1784540669769.0,4661.93
ss-36-120000,1784541383543.1338,1784541384395,1784541389769.0,1784541390705.0786,851.866,5374.0,936.079,1784540669769.0,7161.945
ss-89-120000,1784541388293.139,1784541388595,1784541389769.0,1784541390705.079,301.861,1174.0,936.079,1784540669769.0,2411.94
ss-52-120000,1784541388693.1357,1784541389645,1784541389769.0,1784541390705.0796,951.864,124.0,936.08,1784540669769.0,2011.944
ss-13-120000,1784541389043.1526,1784541389645,1784541389769.0,1784541390705.0842,601.847,124.0,936.084,1784540669769.0,1661.932
ss-93-120000,1784541386543.1443,1784541387545,1784541389769.0,1784541390705.085,1001.856,2224.0,936.085,1784540669769.0,4161.941
ss-24-180000,1784541413443.1448,1784541413795,1784541420189.0,1784541420704.3538,351.855,6394.0,515.354,1784540640189.0,7261.209
ss-39-180000,1784541417943.1458,1784541417996,1784541420189.0,1784541420704.3594,52.854,2193.0,515.359,1784540640189.0,2761.214
ss-54-180000,1784541415443.142,1784541415896,1784541420189.0,1784541420704.3745,452.858,4293.0,515.375,1784540640189.0,5261.232
ss-2-180000,1784541418643.1438,1784541419047,1784541420189.0,1784541420704.3762,403.856,1142.0,515.376,1784540640189.0,2061.232
ss-21-180000,1784541416743.1418,1784541416945,1784541420190.0,1784541420704.3774,201.858,3245.0,514.377,1784540640190.0,3961.236
ss-12-180000,1784541416393.1519,1784541416945,1784541420190.0,1784541420704.3787,551.848,3245.0,514.379,1784540640190.0,4311.227
ss-14-180000,1784541416643.1428,1784541416945,1784541420190.0,1784541420704.3794,301.857,3245.0,514.379,1784540640190.0,4061.237
ss-72-180000,1784541415043.1414,1784541415896,1784541420190.0,1784541420704.4043,852.859,4294.0,514.404,1784540640190.0,5661.263
ss-98-180000,1784541410593.1396,1784541410645,1784541420190.0,1784541420704.4058,51.86,9545.0,514.406,1784540640190.0,10111.266
ss-91-180000,1784541412543.1519,1784541412745,1784541420190.0,1784541420704.4072,201.848,7445.0,514.407,1784540640190.0,8161.255
ss-7-180000,1784541418593.138,1784541419047,1784541420190.0,1784541420704.408,453.862,1143.0,514.408,1784540640190.0,2111.27
ss-16-180000,1784541417143.1448,1784541417996,1784541420190.0,1784541420704.409,852.855,2194.0,514.409,1784540640190.0,3561.264
ss-52-180000,1784541417243.145,1784541417996,1784541420190.0,1784541420704.4097,752.855,2194.0,514.41,1784540640190.0,3461.265
ss-31-180000,1784541417993.1396,1784541417996,1784541420191.0,1784541420704.4104,2.86,2195.0,513.41,1784540640191.0,2711.271
ss-79-180000,1784541413093.1455,1784541413795,1784541420191.0,1784541420704.4114,701.854,6396.0,513.411,1784540640191.0,7611.266
ss-50-180000,1784541415893.1528,1784541415896,1784541420191.0,1784541420704.4124,2.847,4295.0,513.412,1784540640191.0,4811.26
ss-63-180000,1784541411643.1423,1784541411695,1784541420191.0,1784541420704.4138,51.858,8496.0,513.414,1784540640191.0,9061.271
ss-51-180000,1784541415143.1462,1784541415896,1784541420191.0,1784541420704.4146,752.854,4295.0,513.415,1784540640191.0,5561.268
ss-28-180000,1784541419093.145,1784541420095,1784541420191.0,1784541420704.4153,1001.855,96.0,513.415,1784540640191.0,1611.27
ss-35-180000,1784541410943.1409,1784541411695,1784541420191.0,1784541420704.416,751.859,8496.0,513.416,1784540640191.0,9761.275
ss-70-180000,1784541418693.146,1784541419047,1784541420191.0,1784541420704.4226,353.854,1144.0,513.423,1784540640191.0,2011.277
ss-99-180000,1784541408043.1357,1784541408545,1784541420191.0,1784541420704.4236,501.864,11646.0,513.424,1784540640191.0,12661.288
ss-90-180000,1784541411093.14,1784541411695,1784541420192.0,1784541420704.4314,601.86,8497.0,512.431,1784540640192.0,9611.292
ss-64-180000,1784541415743.144,1784541415896,1784541420192.0,1784541420704.4321,152.856,4296.0,512.432,1784540640192.0,4961.288
ss-80-180000,1784541415493.1445,1784541415896,1784541420192.0,1784541420704.4329,402.855,4296.0,512.433,1784540640192.0,5211.288
ss-59-180000,1784541416943.1472,1784541416945,1784541420192.0,1784541420704.4336,1.853,3247.0,512.434,1784540640192.0,3761.286
ss-19-180000,1784541419193.139,1784541420095,1784541420192.0,1784541420704.4346,901.861,97.0,512.435,1784540640192.0,1511.296
ss-45-180000,1784541419293.1504,1784541420095,1784541420192.0,1784541420704.4407,801.85,97.0,512.441,1784540640192.0,1411.29
ss-9-180000,1784541408243.1414,1784541408545,1784541420192.0,1784541420704.6206,301.859,11647.0,512.621,1784540640192.0,12461.479
ss-41-180000,1784541415243.1416,1784541415896,1784541420192.0,1784541420704.622,652.858,4296.0,512.622,1784540640192.0,5461.48
ss-48-180000,1784541412593.1428,1784541412745,1784541420192.0,1784541420704.6228,151.857,7447.0,512.623,1784540640192.0,8111.48
ss-29-180000,1784541414293.141,1784541414845,1784541420193.0,1784541420704.6235,551.859,5348.0,511.624,1784540640193.0,6411.482
ss-58-180000,1784541417493.1394,1784541417996,1784541420193.0,1784541420704.6323,502.861,2197.0,511.632,1784540640193.0,3211.493
ss-84-180000,1784541418843.1418,1784541419047,1784541420193.0,1784541420704.654,203.858,1146.0,511.654,1784540640193.0,1861.512
ss-38-180000,1784541397993.1392,1784541398045,1784541420193.0,1784541420704.6545,51.861,22148.0,511.655,1784540640193.0,22711.515
ss-1-180000,1784541418243.1436,1784541419047,1784541420193.0,1784541420704.6553,803.856,1146.0,511.655,1784540640193.0,2461.512
ss-74-180000,1784541418193.1409,1784541419047,1784541420193.0,1784541420704.6558,853.859,1146.0,511.656,1784540640193.0,2511.515
ss-75-180000,1784541414243.1477,1784541414845,1784541420193.0,1784541420704.6562,601.852,5348.0,511.656,1784540640193.0,6461.509
ss-33-180000,1784541409693.145,1784541410645,1784541420193.0,1784541420704.657,951.855,9548.0,511.657,1784540640193.0,11011.512
ss-23-180000,1784541410543.1367,1784541410645,1784541420193.0,1784541420704.6575,101.863,9548.0,511.657,1784540640193.0,10161.521
ss-0-180000,1784541412193.1414,1784541412745,1784541420194.0,1784541420704.745,551.859,7449.0,510.745,1784540640194.0,8511.604
ss-6-180000,1784541414793.1572,1784541414845,1784541420194.0,1784541420704.746,51.843,5349.0,510.746,1784540640194.0,5911.589
ss-47-180000,1784541412093.1309,1784541412745,1784541420194.0,1784541420704.7466,651.869,7449.0,510.747,1784540640194.0,8611.616
ss-10-180000,1784541410743.141,1784541411695,1784541420194.0,1784541420704.7473,951.859,8499.0,510.747,1784540640194.0,9961.606
ss-4-180000,1784541416343.1477,1784541416945,1784541420194.0,1784541420704.7478,601.852,3249.0,510.748,1784540640194.0,4361.6
ss-65-180000,1784541418093.1384,1784541419047,1784541420194.0,1784541420704.7542,953.862,1147.0,510.754,1784540640194.0,2611.616
ss-86-180000,1784541419143.1467,1784541420095,1784541420194.0,1784541420704.7546,951.853,99.0,510.755,1784540640194.0,1561.608
ss-43-180000,1784541419243.1619,1784541420095,1784541420194.0,1784541420704.7551,851.838,99.0,510.755,1784540640194.0,1461.593
ss-61-180000,1784541409443.1375,1784541409595,1784541420194.0,1784541420704.762,151.863,10599.0,510.762,1784540640194.0,11261.625
ss-57-180000,1784541412843.159,1784541413795,1784541420194.0,1784541420704.7632,951.841,6399.0,510.763,1784540640194.0,7861.604
ss-26-180000,1784541410993.14,1784541411695,1784541420195.0,1784541420704.7637,701.86,8500.0,509.764,1784540640195.0,9711.624
ss-71-180000,1784541418393.1396,1784541419047,1784541420195.0,1784541420704.7642,653.86,1148.0,509.764,1784540640195.0,2311.625
ss-20-180000,1784541412043.1367,1784541412745,1784541420195.0,1784541420704.8914,701.863,7450.0,509.891,1784540640195.0,8661.755
ss-3-180000,1784541413293.1414,1784541413795,1784541420195.0,1784541420704.9077,501.859,6400.0,509.908,1784540640195.0,7411.766
ss-37-180000,1784541417193.143,1784541417996,1784541420195.0,1784541420704.909,802.857,2199.0,509.909,1784540640195.0,3511.766
ss-77-180000,1784541418743.1497,1784541419047,1784541420195.0,1784541420704.9277,303.85,1148.0,509.928,1784540640195.0,1961.778
ss-81-180000,1784541414543.1394,1784541414845,1784541420195.0,1784541420704.9294,301.861,5350.0,509.929,1784540640195.0,6161.79
ss-15-180000,1784541417093.1365,1784541417996,1784541420195.0,1784541420704.9304,902.864,2199.0,509.93,1784540640195.0,3611.794
ss-55-180000,1784541415693.1504,1784541415896,1784541420196.0,1784541420704.9312,202.85,4300.0,508.931,1784540640196.0,5011.781
ss-44-180000,1784541418793.1428,1784541419047,1784541420196.0,1784541420704.932,253.857,1149.0,508.932,1784540640196.0,1911.789
ss-17-180000,1784541415843.1387,1784541415896,1784541420196.0,1784541420704.9329,52.861,4300.0,508.933,1784540640196.0,4861.794
ss-68-180000,1784541416993.1506,1784541417996,1784541420196.0,1784541420704.934,1002.849,2200.0,508.934,1784540640196.0,3711.783
ss-11-180000,1784541417393.1501,1784541417996,1784541420196.0,1784541420705.0078,602.85,2200.0,509.008,1784540640196.0,3311.858
ss-18-180000,1784541417043.1482,1784541417996,1784541420196.0,1784541420705.0088,952.852,2200.0,509.009,1784540640196.0,3661.861
ss-95-180000,1784541407993.1416,1784541408545,1784541420196.0,1784541420705.0098,551.858,11651.0,509.01,1784540640196.0,12711.868
ss-96-180000,1784541412643.1401,1784541412745,1784541420196.0,1784541420705.0205,101.86,7451.0,509.021,1784540640196.0,8061.88
ss-94-180000,1784541418993.1382,1784541419047,1784541420196.0,1784541420705.0215,53.862,1149.0,509.021,1784540640196.0,1711.883
ss-62-180000,1784541418443.1404,1784541419047,1784541420196.0,1784541420705.0222,603.86,1149.0,509.022,1784540640196.0,2261.882
ss-66-180000,1784541418893.1467,1784541419047,1784541420197.0,1784541420705.023,153.853,1150.0,508.023,1784540640197.0,1811.876
ss-53-180000,1784541409843.1462,1784541410645,1784541420197.0,1784541420705.025,801.854,9552.0,508.025,1784540640197.0,10861.879
ss-67-180000,1784541415593.1418,1784541415896,1784541420197.0,1784541420705.0256,302.858,4301.0,508.026,1784540640197.0,5111.884
ss-82-180000,1784541416093.1465,1784541416945,1784541420197.0,1784541420705.0264,851.854,3252.0,508.026,1784540640197.0,4611.88
ss-5-180000,1784541416593.1426,1784541416945,1784541420197.0,1784541420705.027,351.857,3252.0,508.027,1784540640197.0,4111.885
ss-42-180000,1784541414943.1433,1784541415896,1784541420197.0,1784541420705.0278,952.857,4301.0,508.028,1784540640197.0,5761.885
ss-69-180000,1784541417443.1472,1784541417996,1784541420197.0,1784541420705.0593,552.853,2201.0,508.059,1784540640197.0,3261.912
ss-30-180000,1784541418343.1384,1784541419047,1784541420197.0,1784541420705.0662,703.862,1150.0,508.066,1784540640197.0,2361.928
ss-85-180000,1784541414343.1392,1784541414845,1784541420197.0,1784541420705.0671,501.861,5352.0,508.067,1784540640197.0,6361.928
ss-8-180000,1784541415643.15,1784541415896,1784541420197.0,1784541420705.1213,252.85,4301.0,508.121,1784540640197.0,5061.971
ss-92-180000,1784541411394.349,1784541411695,1784541420198.0,1784541420705.1228,300.651,8503.0,507.123,1784540640198.0,9310.774
ss-25-180000,1784541410693.1462,1784541411695,1784541420198.0,1784541420705.1238,1001.854,8503.0,507.124,1784540640198.0,10011.978
ss-97-180000,1784541414043.1396,1784541414845,1784541420198.0,1784541420705.133,801.86,5353.0,507.133,1784540640198.0,6661.993
ss-78-180000,1784541417843.143,1784541417996,1784541420198.0,1784541420705.134,152.857,2202.0,507.134,1784540640198.0,2861.991
ss-40-180000,1784541409143.1357,1784541409595,1784541420198.0,1784541420705.1885,451.864,10603.0,507.188,1784540640198.0,11562.053
ss-49-180000,1784541418143.134,1784541419047,1784541420198.0,1784541420705.1902,903.866,1151.0,507.19,1784540640198.0,2562.056
ss-73-180000,1784541413593.1477,1784541413795,1784541420198.0,1784541420705.199,201.852,6403.0,507.199,1784540640198.0,7112.051
ss-22-180000,1784541413843.139,1784541414845,1784541420198.0,1784541420705.2004,1001.861,5353.0,507.2,1784540640198.0,6862.062
ss-27-180000,1784541418543.1387,1784541419047,1784541420198.0,1784541420705.202,503.861,1151.0,507.202,1784540640198.0,2162.063
ss-88-180000,1784541417543.141,1784541417996,1784541420198.0,1784541420705.25,452.859,2202.0,507.25,1784540640198.0,3162.109
ss-32-180000,1784541409543.14,1784541409595,1784541420199.0,1784541420705.2515,51.86,10604.0,506.251,1784540640199.0,11162.112
ss-87-180000,1784541415343.1396,1784541415896,1784541420199.0,1784541420705.2527,552.86,4303.0,506.253,1784540640199.0,5362.113
ss-76-180000,1784541414643.147,1784541414845,1784541420199.0,1784541420705.254,201.853,5354.0,506.254,1784540640199.0,6062.107
ss-46-180000,1784541417743.1406,1784541417996,1784541420199.0,1784541420705.2554,252.859,2203.0,506.255,1784540640199.0,2962.115
ss-83-180000,1784541407193.1377,1784541407495,1784541420199.0,1784541420705.2563,301.862,12704.0,506.256,1784540640199.0,13512.119
ss-56-180000,1784541418943.1394,1784541419047,1784541420199.0,1784541420705.2761,103.861,1152.0,506.276,1784540640199.0,1762.137
ss-60-180000,1784541417893.144,1784541417996,1784541420199.0,1784541420705.2832,102.856,2203.0,506.283,1784540640199.0,2812.139
ss-34-180000,1784541416893.1602,1784541416945,1784541420199.0,1784541420705.4019,51.84,3254.0,506.402,1784540640199.0,3812.242
ss-36-180000,1784541418493.1343,1784541419047,1784541420199.0,1784541420705.403,553.866,1152.0,506.403,1784540640199.0,2212.269
ss-89-180000,1784541413693.1448,1784541413795,1784541420199.0,1784541420705.4038,101.855,6404.0,506.404,1784540640199.0,7012.259
ss-13-180000,1784541419043.1616,1784541419047,1784541420200.0,1784541420705.4043,3.838,1153.0,505.404,1784540640200.0,1662.243
ss-93-180000,1784541412793.1414,1784541413795,1784541420200.0,1784541420705.405,1001.859,6405.0,505.405,1784540640200.0,7912.264
ss-24-240000,1784541427743.139,1784541428495,1784541429398.0,1784541429662.7478,751.861,903.0,264.748,1784540589398.0,1919.609
ss-39-240000,1784541423093.1472,1784541423245,1784541429399.0,1784541429662.7522,151.853,6154.0,263.752,1784540589399.0,6569.605
ss-7-240000,1784541425243.1458,1784541425345,1784541429399.0,1784541429662.7537,101.854,4054.0,263.754,1784540589399.0,4419.608
ss-54-240000,1784541421493.1394,1784541422195,1784541429399.0,1784541429662.7546,701.861,7204.0,263.755,1784540589399.0,8169.615
ss-2-240000,1784541426993.1406,1784541427445,1784541429399.0,1784541429662.769,451.859,1954.0,263.769,1784540589399.0,2669.628
ss-21-240000,1784541425543.1394,1784541426395,1784541429399.0,1784541429662.7705,851.861,3004.0,263.771,1784540589399.0,4119.631
ss-12-240000,1784541425643.152,1784541426395,1784541429399.0,1784541429662.7722,751.848,3004.0,263.772,1784540589399.0,4019.62
ss-14-240000,1784541427343.1443,1784541427445,1784541429399.0,1784541429662.7732,101.856,1954.0,263.773,1784540589399.0,2319.629
ss-72-240000,1784541424543.1462,1784541425345,1784541429399.0,1784541429662.7742,801.854,4054.0,263.774,1784540589399.0,5119.628
ss-91-240000,1784541426943.15,1784541427445,1784541429399.0,1784541429662.778,501.85,1954.0,263.778,1784540589399.0,2719.628
ss-19-240000,1784541428043.1475,1784541428495,1784541429400.0,1784541429662.779,451.853,905.0,262.779,1784540589400.0,1619.632
ss-98-240000,1784541425343.145,1784541425345,1784541429400.0,1784541429662.78,1.855,4055.0,262.78,1784540589400.0,4319.635
ss-16-240000,1784541428843.1367,1784541429347,1784541429400.0,1784541429662.781,503.863,53.0,262.781,1784540589400.0,819.644
ss-79-240000,1784541421843.143,1784541422195,1784541429400.0,1784541429662.7825,351.857,7205.0,262.782,1784540589400.0,7819.639
ss-31-240000,1784541429093.1353,1784541429347,1784541429400.0,1784541429662.8025,253.865,53.0,262.802,1784540589400.0,569.667
ss-28-240000,1784541426193.1536,1784541426395,1784541429400.0,1784541429662.8035,201.846,3005.0,262.803,1784540589400.0,3469.65
ss-50-240000,1784541425943.1465,1784541426395,1784541429400.0,1784541429662.805,451.854,3005.0,262.805,1784540589400.0,3719.658
ss-63-240000,1784541426593.1433,1784541427445,1784541429400.0,1784541429662.8064,851.857,1955.0,262.806,1784540589400.0,3069.663
ss-51-240000,1784541428493.1367,1784541428495,1784541429400.0,1784541429662.8074,1.863,905.0,262.807,1784540589400.0,1169.671
ss-9-240000,1784541425043.141,1784541425345,1784541429401.0,1784541429662.8083,301.859,4056.0,261.808,1784540589401.0,4619.667
ss-35-240000,1784541420293.1365,1784541421145,1784541429401.0,1784541429662.8096,851.864,8256.0,261.81,1784540589401.0,9369.673
ss-99-240000,1784541408043.1357,1784541408545,1784541429401.0,1784541429662.8105,501.864,20856.0,261.811,1784540589401.0,21619.675
ss-70-240000,1784541424193.138,1784541424295,1784541429401.0,1784541429662.8113,101.862,5106.0,261.811,1784540589401.0,5469.673
ss-64-240000,1784541423593.1423,1784541424295,1784541429401.0,1784541429662.8123,701.858,5106.0,261.812,1784540589401.0,6069.67
ss-41-240000,1784541425393.1514,1784541426395,1784541429401.0,1784541429662.8218,1001.849,3006.0,261.822,1784540589401.0,4269.67
ss-90-240000,1784541428893.156,1784541429347,1784541429401.0,1784541429662.8228,453.844,54.0,261.823,1784540589401.0,769.667
ss-80-240000,1784541428543.1396,1784541429347,1784541429401.0,1784541429662.8237,803.86,54.0,261.824,1784540589401.0,1119.684
ss-59-240000,1784541425143.1455,1784541425345,1784541429401.0,1784541429662.8997,201.854,4056.0,261.9,1784540589401.0,4519.754
ss-45-240000,1784541427143.143,1784541427445,1784541429401.0,1784541429662.9026,301.857,1956.0,261.903,1784540589401.0,2519.76
ss-48-240000,1784541412593.1428,1784541412745,1784541429402.0,1784541429662.912,151.857,16657.0,260.912,1784540589402.0,17069.769
ss-58-240000,1784541426443.1482,1784541427445,1784541429402.0,1784541429662.913,1001.852,1957.0,260.913,1784540589402.0,3219.765
ss-29-240000,1784541422343.1392,1784541423245,1784541429402.0,1784541429662.9138,901.861,6157.0,260.914,1784540589402.0,7319.775
ss-74-240000,1784541428593.1418,1784541429347,1784541429402.0,1784541429662.9253,753.858,55.0,260.925,1784540589402.0,1069.783
ss-84-240000,1784541418843.1418,1784541419047,1784541429402.0,1784541429662.9258,203.858,10355.0,260.926,1784540589402.0,10819.784
ss-38-240000,1784541428643.14,1784541429347,1784541429402.0,1784541429662.929,703.86,55.0,260.929,1784540589402.0,1019.789
ss-1-240000,1784541425293.1455,1784541425345,1784541429402.0,1784541429662.9292,51.854,4057.0,260.929,1784540589402.0,4369.784
ss-4-240000,1784541427893.2344,1784541428495,1784541429402.0,1784541429662.9297,601.766,907.0,260.93,1784540589402.0,1769.695
ss-75-240000,1784541426293.1396,1784541426395,1784541429402.0,1784541429662.9321,101.86,3007.0,260.932,1784540589402.0,3369.792
ss-33-240000,1784541409693.145,1784541410645,1784541429402.0,1784541429662.933,951.855,18757.0,260.933,1784540589402.0,19969.788
ss-23-240000,1784541427193.1428,1784541427445,1784541429403.0,1784541429663.0405,251.857,1958.0,260.041,1784540589403.0,2469.898
ss-0-240000,1784541426393.1423,1784541426395,1784541429403.0,1784541429663.041,1.858,3008.0,260.041,1784540589403.0,3269.899
ss-13-240000,1784541419943.142,1784541420095,1784541429403.0,1784541429663.0415,151.858,9308.0,260.042,1784540589403.0,9719.899
ss-6-240000,1784541426093.1477,1784541426395,1784541429403.0,1784541429663.042,301.852,3008.0,260.042,1784540589403.0,3569.894
ss-10-240000,1784541410743.141,1784541411695,1784541429403.0,1784541429663.0427,951.859,17708.0,260.043,1784540589403.0,18919.902
ss-68-240000,1784541427393.1558,1784541427445,1784541429403.0,1784541429663.0432,51.844,1958.0,260.043,1784540589403.0,2269.887
ss-47-240000,1784541429043.1345,1784541429347,1784541429403.0,1784541429663.0437,303.865,56.0,260.044,1784540589403.0,619.909
ss-65-240000,1784541424943.14,1784541425345,1784541429403.0,1784541429663.044,401.86,4058.0,260.044,1784540589403.0,4719.904
ss-43-240000,1784541427993.1367,1784541428495,1784541429403.0,1784541429663.0444,501.863,908.0,260.044,1784540589403.0,1669.908
ss-86-240000,1784541429293.1445,1784541429347,1784541429404.0,1784541429663.045,53.855,57.0,259.045,1784540589404.0,369.9
ss-61-240000,1784541409443.1375,1784541409595,1784541429404.0,1784541429663.0454,151.863,19809.0,259.045,1784540589404.0,20219.908
ss-57-240000,1784541428793.1416,1784541429347,1784541429404.0,1784541429663.0461,553.858,57.0,259.046,1784540589404.0,869.905
ss-26-240000,1784541428743.1404,1784541429347,1784541429404.0,1784541429663.0508,603.86,57.0,259.051,1784540589404.0,919.91
ss-71-240000,1784541427293.1418,1784541427445,1784541429404.0,1784541429663.0515,151.858,1959.0,259.052,1784540589404.0,2369.91
ss-20-240000,1784541426243.147,1784541426395,1784541429404.0,1784541429663.0562,151.853,3009.0,259.056,1784540589404.0,3419.909
ss-3-240000,1784541424993.1418,1784541425345,1784541429404.0,1784541429663.07,351.858,4059.0,259.07,1784540589404.0,4669.928
ss-77-240000,1784541429143.139,1784541429347,1784541429405.0,1784541429663.0735,203.861,58.0,258.073,1784540589405.0,519.935
ss-81-240000,1784541414543.1394,1784541414845,1784541429405.0,1784541429663.0962,301.861,14560.0,258.096,1784540589405.0,15119.957
ss-17-240000,1784541415843.1387,1784541415896,1784541429405.0,1784541429663.0967,52.861,13509.0,258.097,1784540589405.0,13819.958
ss-55-240000,1784541425193.1433,1784541425345,1784541429405.0,1784541429663.1006,151.857,4060.0,258.101,1784540589405.0,4469.957
ss-15-240000,1784541427593.1401,1784541428495,1784541429405.0,1784541429663.135,901.86,910.0,258.135,1784540589405.0,2069.995
ss-44-240000,1784541427643.1438,1784541428495,1784541429405.0,1784541429663.1357,851.856,910.0,258.136,1784540589405.0,2019.992
ss-18-240000,1784541424843.1436,1784541425345,1784541429405.0,1784541429663.1553,501.856,4060.0,258.155,1784540589405.0,4820.012
ss-96-240000,1784541429243.1396,1784541429347,1784541429405.0,1784541429663.159,103.86,58.0,258.159,1784540589405.0,420.019
ss-95-240000,1784541422893.1414,1784541423245,1784541429406.0,1784541429663.1753,351.859,6161.0,257.175,1784540589406.0,6770.034
ss-53-240000,1784541426493.1406,1784541427445,1784541429406.0,1784541429663.1763,951.859,1961.0,257.176,1784540589406.0,3170.036
ss-94-240000,1784541419543.1511,1784541420095,1784541429406.0,1784541429663.1768,551.849,9311.0,257.177,1784540589406.0,10120.026
ss-66-240000,1784541425093.142,1784541425345,1784541429406.0,1784541429663.2102,251.858,4061.0,257.21,1784540589406.0,4570.068
ss-62-240000,1784541418443.1404,1784541419047,1784541429406.0,1784541429663.2107,603.86,10359.0,257.211,1784540589406.0,11220.07
ss-37-240000,1784541427243.1392,1784541427445,1784541429406.0,1784541429663.2302,201.861,1961.0,257.23,1784540589406.0,2420.091
ss-67-240000,1784541415593.1418,1784541415896,1784541429406.0,1784541429663.2344,302.858,13510.0,257.234,1784540589406.0,14070.093
ss-82-240000,1784541424593.1445,1784541425345,1784541429406.0,1784541429663.2349,751.855,4061.0,257.235,1784540589406.0,5070.09
ss-5-240000,1784541426043.1506,1784541426395,1784541429406.0,1784541429663.251,351.849,3011.0,257.251,1784540589406.0,3620.1
ss-42-240000,1784541421293.1416,1784541422195,1784541429407.0,1784541429663.2515,901.858,7212.0,256.251,1784540589407.0,8370.11
ss-69-240000,1784541417443.1472,1784541417996,1784541429407.0,1784541429663.252,552.853,11411.0,256.252,1784540589407.0,12220.105
ss-85-240000,1784541427943.137,1784541428495,1784541429407.0,1784541429663.2559,551.863,912.0,256.256,1784540589407.0,1720.119
ss-8-240000,1784541427543.1428,1784541428495,1784541429407.0,1784541429663.267,951.857,912.0,256.267,1784540589407.0,2120.124
ss-30-240000,1784541428343.1272,1784541428495,1784541429407.0,1784541429663.3455,151.873,912.0,256.345,1784540589407.0,1320.218
ss-92-240000,1784541423943.1416,1784541424295,1784541429407.0,1784541429663.3462,351.858,5112.0,256.346,1784540589407.0,5720.205
ss-97-240000,1784541425993.3481,1784541426395,1784541429407.0,1784541429663.3464,401.652,3012.0,256.346,1784540589407.0,3669.998
ss-87-240000,1784541421993.1392,1784541422195,1784541429407.0,1784541429663.391,201.861,7212.0,256.391,1784540589407.0,7670.252
ss-25-240000,1784541424743.1401,1784541425345,1784541429407.0,1784541429663.3918,601.86,4062.0,256.392,1784540589407.0,4920.252
ss-73-240000,1784541422543.1394,1784541423245,1784541429407.0,1784541429663.3923,701.861,6162.0,256.392,1784540589407.0,7120.253
ss-78-240000,1784541419393.1462,1784541420095,1784541429408.0,1784541429663.3928,701.854,9313.0,255.393,1784540589408.0,10270.247
ss-40-240000,1784541409143.1357,1784541409595,1784541429408.0,1784541429663.4465,451.864,19813.0,255.447,1784540589408.0,20520.311
ss-49-240000,1784541427443.1387,1784541427445,1784541429408.0,1784541429663.447,1.861,1963.0,255.447,1784540589408.0,2220.308
ss-46-240000,1784541423043.1445,1784541423245,1784541429408.0,1784541429663.5188,201.855,6163.0,255.519,1784540589408.0,6620.374
ss-22-240000,1784541427093.1438,1784541427445,1784541429408.0,1784541429663.5198,351.856,1963.0,255.52,1784540589408.0,2570.376
ss-88-240000,1784541423993.1506,1784541424295,1784541429408.0,1784541429663.5203,301.849,5113.0,255.52,1784540589408.0,5670.37
ss-27-240000,1784541429193.1055,1784541429347,1784541429408.0,1784541429663.5525,153.895,61.0,255.552,1784540589408.0,470.447
ss-11-240000,1784541428143.162,1784541428495,1784541429408.0,1784541429663.5571,351.838,913.0,255.557,1784540589408.0,1520.395
ss-32-240000,1784541426543.134,1784541427445,1784541429408.0,1784541429663.5576,901.866,1963.0,255.558,1784540589408.0,3120.424
ss-83-240000,1784541423193.1396,1784541423245,1784541429408.0,1784541429663.56,51.86,6163.0,255.56,1784540589408.0,6470.42
ss-76-240000,1784541428943.1396,1784541429347,1784541429408.0,1784541429663.5635,403.86,61.0,255.563,1784540589408.0,720.424
ss-56-240000,1784541428993.1375,1784541429347,1784541429409.0,1784541429663.5964,353.863,62.0,254.596,1784540589409.0,670.459
ss-34-240000,1784541428193.1414,1784541428495,1784541429409.0,1784541429663.597,301.859,914.0,254.597,1784540589409.0,1470.456
ss-60-240000,1784541428693.14,1784541429347,1784541429409.0,1784541429663.5972,653.86,62.0,254.597,1784540589409.0,970.457
ss-36-240000,1784541427793.1406,1784541428495,1784541429409.0,1784541429663.5974,701.859,914.0,254.597,1784540589409.0,1870.457
ss-89-240000,1784541413693.1448,1784541413795,1784541429409.0,1784541429663.6284,101.855,15614.0,254.628,1784540589409.0,15970.484
ss-52-240000,1784541426843.1406,1784541427445,1784541429409.0,1784541429663.6287,601.859,1964.0,254.629,1784540589409.0,2820.488
ss-93-240000,1784541412793.1414,1784541413795,1784541429409.0,1784541429663.7751,1001.859,15614.0,254.775,1784540589409.0,16870.634
ss-24-300000,1784541427743.139,1784541428495,1784541429409.0,1784541429663.7756,751.861,914.0,254.776,1784540529409.0,1920.637
ss-39-300000,1784541423093.1472,1784541423245,1784541429409.0,1784541429663.7764,151.853,6164.0,254.776,1784540529409.0,6570.629
ss-2-300000,1784541426993.1406,1784541427445,1784541429410.0,1784541429663.7766,451.859,1965.0,253.777,1784540529410.0,2670.636
ss-7-300000,1784541425243.1458,1784541425345,1784541429410.0,1784541429663.7769,101.854,4065.0,253.777,1784540529410.0,4420.631
ss-12-300000,1784541425643.152,1784541426395,1784541429410.0,1784541429663.777,751.848,3015.0,253.777,1784540529410.0,4020.625
ss-21-300000,1784541425543.1394,1784541426395,1784541429410.0,1784541429663.9585,851.861,3015.0,253.958,1784540529410.0,4120.819
ss-14-300000,1784541427343.1443,1784541427445,1784541429410.0,1784541429663.961,101.856,1965.0,253.961,1784540529410.0,2320.817
ss-72-300000,1784541424543.1462,1784541425345,1784541429410.0,1784541429663.9614,801.854,4065.0,253.961,1784540529410.0,5120.815
ss-91-300000,1784541426943.15,1784541427445,1784541429410.0,1784541429663.9617,501.85,1965.0,253.962,1784540529410.0,2720.812
ss-19-300000,1784541428043.1475,1784541428495,1784541429410.0,1784541429663.962,451.853,915.0,253.962,1784540529410.0,1620.814
ss-98-300000,1784541425343.145,1784541425345,1784541429410.0,1784541429663.9622,1.855,4065.0,253.962,1784540529410.0,4320.817
ss-16-300000,1784541428843.1367,1784541429347,1784541429410.0,1784541429663.9624,503.863,63.0,253.962,1784540529410.0,820.826
ss-79-300000,1784541421843.143,1784541422195,1784541429411.0,1784541429663.9626,351.857,7216.0,252.963,1784540529411.0,7820.82
ss-31-300000,1784541429093.1353,1784541429347,1784541429411.0,1784541429663.963,253.865,64.0,252.963,1784540529411.0,570.828
ss-28-300000,1784541426193.1536,1784541426395,1784541429411.0,1784541429663.9631,201.846,3016.0,252.963,1784540529411.0,3470.81
ss-50-300000,1784541425943.1465,1784541426395,1784541429411.0,1784541429663.9634,451.854,3016.0,252.963,1784540529411.0,3720.817
ss-63-300000,1784541426593.1433,1784541427445,1784541429411.0,1784541429663.9636,851.857,1966.0,252.964,1784540529411.0,3070.82
ss-51-300000,1784541428493.1367,1784541428495,1784541429411.0,1784541429663.9639,1.863,916.0,252.964,1784540529411.0,1170.827
ss-9-300000,1784541425043.141,1784541425345,1784541429411.0,1784541429663.964,301.859,4066.0,252.964,1784540529411.0,4620.823
ss-35-300000,1784541420293.1365,1784541421145,1784541429411.0,1784541429663.9644,851.864,8266.0,252.964,1784540529411.0,9370.828
ss-64-300000,1784541423593.1423,1784541424295,1784541429411.0,1784541429664.0208,701.858,5116.0,253.021,1784540529411.0,6070.878
ss-99-300000,1784541408043.1357,1784541408545,1784541429412.0,1784541429664.0232,501.864,20867.0,252.023,1784540529412.0,21620.887
ss-70-300000,1784541424193.138,1784541424295,1784541429412.0,1784541429664.7156,101.862,5117.0,252.716,1784540529412.0,5471.578
ss-80-300000,1784541428543.1396,1784541429347,1784541429412.0,1784541429664.733,803.86,65.0,252.733,1784540529412.0,1121.593
ss-90-300000,1784541428893.156,1784541429347,1784541429412.0,1784541429664.7346,453.844,65.0,252.735,1784540529412.0,771.579
ss-59-300000,1784541425143.1455,1784541425345,1784541429412.0,1784541429664.7358,201.854,4067.0,252.736,1784540529412.0,4521.59
ss-45-300000,1784541427143.143,1784541427445,1784541429412.0,1784541429664.7373,301.857,1967.0,252.737,1784540529412.0,2521.594
ss-52-300000,1784541426843.1406,1784541427445,1784541429412.0,1784541429664.7383,601.859,1967.0,252.738,1784540529412.0,2821.598
ss-48-300000,1784541412593.1428,1784541412745,1784541429412.0,1784541429664.7449,151.857,16667.0,252.745,1784540529412.0,17071.602
ss-58-300000,1784541426443.1482,1784541427445,1784541429412.0,1784541429664.746,1001.852,1967.0,252.746,1784540529412.0,3221.598
ss-29-300000,1784541422343.1392,1784541423245,1784541429412.0,1784541429664.747,901.861,6167.0,252.747,1784540529412.0,7321.608
ss-74-300000,1784541428593.1418,1784541429347,1784541429413.0,1784541429664.7478,753.858,66.0,251.748,1784540529413.0,1071.606
ss-84-300000,1784541418843.1418,1784541419047,1784541429413.0,1784541429664.7488,203.858,10366.0,251.749,1784540529413.0,10821.607
ss-38-300000,1784541428643.14,1784541429347,1784541429413.0,1784541429664.7498,703.86,66.0,251.75,1784540529413.0,1021.61
ss-1-300000,1784541425293.1455,1784541425345,1784541429413.0,1784541429664.751,51.854,4068.0,251.751,1784540529413.0,4371.605
ss-75-300000,1784541426293.1396,1784541426395,1784541429413.0,1784541429664.7524,101.86,3018.0,251.752,1784540529413.0,3371.613
ss-4-300000,1784541427893.2344,1784541428495,1784541429413.0,1784541429664.7532,601.766,918.0,251.753,1784540529413.0,1771.519
ss-23-300000,1784541427193.1428,1784541427445,1784541429413.0,1784541429664.7542,251.857,1968.0,251.754,1784540529413.0,2471.611
ss-33-300000,1784541409693.145,1784541410645,1784541429413.0,1784541429664.7554,951.855,18768.0,251.755,1784540529413.0,19971.61
ss-0-300000,1784541426393.1423,1784541426395,1784541429413.0,1784541429664.756,1.858,3018.0,251.756,1784540529413.0,3271.614
ss-6-300000,1784541426093.1477,1784541426395,1784541429413.0,1784541429664.757,301.852,3018.0,251.757,1784540529413.0,3571.609
ss-10-300000,1784541410743.141,1784541411695,1784541429414.0,1784541429664.763,951.859,17719.0,250.763,1784540529414.0,18921.622
ss-47-300000,1784541429043.1345,1784541429347,1784541429414.0,1784541429664.7686,303.865,67.0,250.769,1784540529414.0,621.634
ss-65-300000,1784541424943.14,1784541425345,1784541429414.0,1784541429664.7693,401.86,4069.0,250.769,1784540529414.0,4721.629
ss-43-300000,1784541427993.1367,1784541428495,1784541429414.0,1784541429664.7703,501.863,919.0,250.77,1784540529414.0,1671.634
ss-68-300000,1784541427393.1558,1784541427445,1784541429414.0,1784541429664.771,51.844,1969.0,250.771,1784540529414.0,2271.615
ss-86-300000,1784541429293.1445,1784541429347,1784541429414.0,1784541429664.772,53.855,67.0,250.772,1784540529414.0,371.627
ss-71-300000,1784541427293.1418,1784541427445,1784541429414.0,1784541429664.7727,151.858,1969.0,250.773,1784540529414.0,2371.631
ss-61-300000,1784541409443.1375,1784541409595,1784541429414.0,1784541429664.7937,151.863,19819.0,250.794,1784540529414.0,20221.656
ss-60-300000,1784541428693.14,1784541429347,1784541429414.0,1784541429664.795,653.86,67.0,250.795,1784540529414.0,971.655
ss-57-300000,1784541428793.1416,1784541429347,1784541429415.0,1784541429664.7961,553.858,68.0,249.796,1784540529415.0,871.655
ss-26-300000,1784541428743.1404,1784541429347,1784541429415.0,1784541429664.797,603.86,68.0,249.797,1784540529415.0,921.657
ss-20-300000,1784541426243.147,1784541426395,1784541429415.0,1784541429664.7979,151.853,3020.0,249.798,1784540529415.0,3421.651
ss-41-300000,1784541425393.1514,1784541426395,1784541429415.0,1784541429664.7986,1001.849,3020.0,249.799,1784540529415.0,4271.647
ss-77-300000,1784541429143.139,1784541429347,1784541429415.0,1784541429664.8052,203.861,68.0,249.805,1784540529415.0,521.666
ss-3-300000,1784541424993.1418,1784541425345,1784541429415.0,1784541429664.806,351.858,4070.0,249.806,1784540529415.0,4671.664
ss-55-300000,1784541425193.1433,1784541425345,1784541429415.0,1784541429664.8066,151.857,4070.0,249.807,1784540529415.0,4471.663
ss-81-300000,1784541414543.1394,1784541414845,1784541429416.0,1784541429664.8096,301.861,14571.0,248.81,1784540529416.0,15121.67
ss-17-300000,1784541415843.1387,1784541415896,1784541429416.0,1784541429664.8105,52.861,13520.0,248.811,1784540529416.0,13821.672
ss-15-300000,1784541427593.1401,1784541428495,1784541429416.0,1784541429664.8113,901.86,921.0,248.811,1784540529416.0,2071.671
ss-44-300000,1784541427643.1438,1784541428495,1784541429416.0,1784541429664.8123,851.856,921.0,248.812,1784540529416.0,2021.668
ss-18-300000,1784541424843.1436,1784541425345,1784541429416.0,1784541429664.8135,501.856,4071.0,248.813,1784540529416.0,4821.67
ss-96-300000,1784541429243.1396,1784541429347,1784541429416.0,1784541429664.8145,103.86,69.0,248.814,1784540529416.0,421.675
ss-95-300000,1784541422893.1414,1784541423245,1784541429416.0,1784541429664.8152,351.859,6171.0,248.815,1784540529416.0,6771.674
ss-53-300000,1784541426493.1406,1784541427445,1784541429416.0,1784541429664.8167,951.859,1971.0,248.817,1784540529416.0,3171.676
ss-94-300000,1784541419543.1511,1784541420095,1784541429416.0,1784541429664.8174,551.849,9321.0,248.817,1784540529416.0,10121.666
ss-83-300000,1784541423193.1396,1784541423245,1784541429416.0,1784541429664.8184,51.86,6171.0,248.818,1784540529416.0,6471.679
ss-62-300000,1784541418443.1404,1784541419047,1784541429416.0,1784541429664.8193,603.86,10369.0,248.819,1784540529416.0,11221.679
ss-66-300000,1784541425093.142,1784541425345,1784541429417.0,1784541429664.8203,251.858,4072.0,247.82,1784540529417.0,4571.678
ss-37-300000,1784541427243.1392,1784541427445,1784541429417.0,1784541429664.8213,201.861,1972.0,247.821,1784540529417.0,2421.682
ss-67-300000,1784541415593.1418,1784541415896,1784541429417.0,1784541429664.828,302.858,13521.0,247.828,1784540529417.0,14071.686
ss-8-300000,1784541427543.1428,1784541428495,1784541429417.0,1784541429664.8286,951.857,922.0,247.829,1784540529417.0,2121.686
ss-5-300000,1784541426043.1506,1784541426395,1784541429417.0,1784541429664.8296,351.849,3022.0,247.83,1784540529417.0,3621.679
ss-82-300000,1784541424593.1445,1784541425345,1784541429417.0,1784541429664.8306,751.855,4072.0,247.831,1784540529417.0,5071.686
ss-42-300000,1784541421293.1416,1784541422195,1784541429417.0,1784541429664.8523,901.858,7222.0,247.852,1784540529417.0,8371.711
ss-32-300000,1784541426543.134,1784541427445,1784541429417.0,1784541429664.8535,901.866,1972.0,247.854,1784540529417.0,3121.719
ss-69-300000,1784541417443.1472,1784541417996,1784541429417.0,1784541429664.8545,552.853,11421.0,247.854,1784540529417.0,12221.707
ss-85-300000,1784541427943.137,1784541428495,1784541429417.0,1784541429664.8555,551.863,922.0,247.855,1784540529417.0,1721.719
ss-30-300000,1784541428343.1272,1784541428495,1784541429417.0,1784541429664.8562,151.873,922.0,247.856,1784540529417.0,1321.729
ss-92-300000,1784541423943.1416,1784541424295,1784541429417.0,1784541429664.8572,351.858,5122.0,247.857,1784540529417.0,5721.716
ss-97-300000,1784541425993.3481,1784541426395,1784541429418.0,1784541429664.858,401.652,3023.0,246.858,1784540529418.0,3671.51
ss-25-300000,1784541424743.1401,1784541425345,1784541429418.0,1784541429664.8586,601.86,4073.0,246.859,1784540529418.0,4921.719
ss-73-300000,1784541422543.1394,1784541423245,1784541429418.0,1784541429664.8647,701.861,6173.0,246.865,1784540529418.0,7121.725
ss-78-300000,1784541419393.1462,1784541420095,1784541429418.0,1784541429664.866,701.854,9323.0,246.866,1784540529418.0,10271.72
ss-40-300000,1784541409143.1357,1784541409595,1784541429418.0,1784541429664.8667,451.864,19823.0,246.867,1784540529418.0,20521.731
ss-49-300000,1784541427443.1387,1784541427445,1784541429418.0,1784541429664.8801,1.861,1973.0,246.88,1784540529418.0,2221.741
ss-22-300000,1784541427093.1438,1784541427445,1784541429418.0,1784541429664.8816,351.856,1973.0,246.882,1784540529418.0,2571.738
ss-11-300000,1784541428143.162,1784541428495,1784541429418.0,1784541429664.8823,351.838,923.0,246.882,1784540529418.0,1521.72
ss-88-300000,1784541423993.1506,1784541424295,1784541429418.0,1784541429664.8833,301.849,5123.0,246.883,1784540529418.0,5671.733
ss-87-300000,1784541421993.1392,1784541422195,1784541429418.0,1784541429664.884,201.861,7223.0,246.884,1784540529418.0,7671.745
ss-27-300000,1784541429193.1055,1784541429347,1784541429418.0,1784541429664.8848,153.895,71.0,246.885,1784540529418.0,471.779
ss-76-300000,1784541428943.1396,1784541429347,1784541429418.0,1784541429664.8855,403.86,71.0,246.885,1784540529418.0,721.746
ss-56-300000,1784541428993.1375,1784541429347,1784541429419.0,1784541429664.8865,353.863,72.0,245.886,1784540529419.0,671.749
ss-34-300000,1784541428193.1414,1784541428495,1784541429419.0,1784541429664.8872,301.859,924.0,245.887,1784540529419.0,1471.746
ss-46-300000,1784541423043.1445,1784541423245,1784541429419.0,1784541429664.8882,201.855,6174.0,245.888,1784540529419.0,6621.744
ss-13-300000,1784541419943.142,1784541420095,1784541429419.0,1784541429664.889,151.858,9324.0,245.889,1784540529419.0,9721.747
ss-36-300000,1784541427793.1406,1784541428495,1784541429419.0,1784541429664.89,701.859,924.0,245.89,1784540529419.0,1871.749
ss-89-300000,1784541413693.1448,1784541413795,1784541429419.0,1784541429664.8906,101.855,15624.0,245.891,1784540529419.0,15971.746
ss-54-300000,1784541421493.1394,1784541422195,1784541429419.0,1784541429664.8914,701.861,7224.0,245.891,1784540529419.0,8171.752
ss-93-300000,1784541412793.1414,1784541413795,1784541429419.0,1784541429664.8926,1001.859,15624.0,245.893,1784540529419.0,16871.751
ss-39-360000,1784541423093.1472,1784541423245,1784541429419.0,1784541429664.8936,151.853,6174.0,245.894,1784540469419.0,6571.746
ss-2-360000,1784541426993.1406,1784541427445,1784541429419.0,1784541429664.9075,451.859,1974.0,245.907,1784540469419.0,2671.767
ss-12-360000,1784541425643.152,1784541426395,1784541429419.0,1784541429664.9084,751.848,3024.0,245.908,1784540469419.0,4021.756
ss-21-360000,1784541425543.1394,1784541426395,1784541429419.0,1784541429664.9094,851.861,3024.0,245.909,1784540469419.0,4121.77
ss-7-360000,1784541425243.1458,1784541425345,1784541429420.0,1784541429664.9102,101.854,4075.0,244.91,1784540469420.0,4421.764
ss-72-360000,1784541424543.1462,1784541425345,1784541429420.0,1784541429664.9111,801.854,4075.0,244.911,1784540469420.0,5121.765
ss-14-360000,1784541427343.1443,1784541427445,1784541429420.0,1784541429664.9177,101.856,1975.0,244.918,1784540469420.0,2321.773
ss-91-360000,1784541426943.15,1784541427445,1784541429420.0,1784541429664.9187,501.85,1975.0,244.919,1784540469420.0,2721.769
ss-98-360000,1784541425343.145,1784541425345,1784541429420.0,1784541429665.0347,1.855,4075.0,245.035,1784540469420.0,4321.89
ss-9-360000,1784541425043.141,1784541425345,1784541429420.0,1784541429665.037,301.859,4075.0,245.037,1784540469420.0,4621.896
ss-16-360000,1784541428843.1367,1784541429347,1784541429420.0,1784541429665.0835,503.863,73.0,245.083,1784540469420.0,821.947
ss-79-360000,1784541421843.143,1784541422195,1784541429420.0,1784541429665.0852,351.857,7225.0,245.085,1784540469420.0,7821.942
ss-31-360000,1784541429093.1353,1784541429347,1784541429421.0,1784541429665.086,253.865,74.0,244.086,1784540469421.0,571.951
ss-50-360000,1784541425943.1465,1784541426395,1784541429421.0,1784541429665.0874,451.854,3026.0,244.087,1784540469421.0,3721.941
ss-28-360000,1784541426193.1536,1784541426395,1784541429421.0,1784541429665.0881,201.846,3026.0,244.088,1784540469421.0,3471.935
ss-63-360000,1784541426593.1433,1784541427445,1784541429421.0,1784541429665.0947,851.857,1976.0,244.095,1784540469421.0,3071.951
ss-51-360000,1784541428493.1367,1784541428495,1784541429421.0,1784541429665.0952,1.863,926.0,244.095,1784540469421.0,1171.958
ss-64-360000,1784541423593.1423,1784541424295,1784541429421.0,1784541429665.096,701.858,5126.0,244.096,1784540469421.0,6071.954
ss-35-360000,1784541420293.1365,1784541421145,1784541429421.0,1784541429665.105,851.864,8276.0,244.105,1784540469421.0,9371.969
ss-99-360000,1784541408043.1357,1784541408545,1784541429422.0,1784541429665.1082,501.864,20877.0,243.108,1784540469422.0,21621.972
ss-70-360000,1784541424193.138,1784541424295,1784541429422.0,1784541429665.109,101.862,5127.0,243.109,1784540469422.0,5471.971
ss-80-360000,1784541428543.1396,1784541429347,1784541429422.0,1784541429665.1108,803.86,75.0,243.111,1784540469422.0,1121.971
ss-90-360000,1784541428893.156,1784541429347,1784541429422.0,1784541429665.1116,453.844,75.0,243.112,1784540469422.0,771.956
ss-59-360000,1784541425143.1455,1784541425345,1784541429422.0,1784541429665.112,201.854,4077.0,243.112,1784540469422.0,4521.967
ss-45-360000,1784541427143.143,1784541427445,1784541429422.0,1784541429665.1167,301.857,1977.0,243.117,1784540469422.0,2521.974
ss-52-360000,1784541426843.1406,1784541427445,1784541429422.0,1784541429665.1172,601.859,1977.0,243.117,1784540469422.0,2821.977
ss-48-360000,1784541412593.1428,1784541412745,1784541429422.0,1784541429665.1414,151.857,16677.0,243.141,1784540469422.0,17071.999
ss-58-360000,1784541426443.1482,1784541427445,1784541429422.0,1784541429665.2073,1001.852,1977.0,243.207,1784540469422.0,3222.059
ss-29-360000,1784541422343.1392,1784541423245,1784541429422.0,1784541429665.2178,901.861,6177.0,243.218,1784540469422.0,7322.079
ss-84-360000,1784541418843.1418,1784541419047,1784541429422.0,1784541429665.219,203.858,10375.0,243.219,1784540469422.0,10822.077
ss-74-360000,1784541428593.1418,1784541429347,1784541429422.0,1784541429665.22,753.858,75.0,243.22,1784540469422.0,1072.078
ss-38-360000,1784541428643.14,1784541429347,1784541429423.0,1784541429665.251,703.86,76.0,242.251,1784540469423.0,1022.111
ss-1-360000,1784541425293.1455,1784541425345,1784541429423.0,1784541429665.2524,51.854,4078.0,242.252,1784540469423.0,4372.107
ss-13-360000,1784541419943.142,1784541420095,1784541429423.0,1784541429665.2532,151.858,9328.0,242.253,1784540469423.0,9722.111
ss-89-360000,1784541413693.1448,1784541413795,1784541429423.0,1784541429665.254,101.855,15628.0,242.254,1784540469423.0,15972.109
ss-75-360000,1784541426293.1396,1784541426395,1784541429423.0,1784541429665.2632,101.86,3028.0,242.263,1784540469423.0,3372.124
ss-23-360000,1784541427193.1428,1784541427445,1784541429423.0,1784541429665.2683,251.857,1978.0,242.268,1784540469423.0,2472.125
ss-33-360000,1784541409693.145,1784541410645,1784541429423.0,1784541429665.2688,951.855,18778.0,242.269,1784540469423.0,19972.124
ss-4-360000,1784541427893.2344,1784541428495,1784541429423.0,1784541429665.2693,601.766,928.0,242.269,1784540469423.0,1772.035
ss-36-360000,1784541427793.1406,1784541428495,1784541429423.0,1784541429665.2698,701.859,928.0,242.27,1784540469423.0,1872.129
ss-6-360000,1784541426093.1477,1784541426395,1784541429423.0,1784541429665.2703,301.852,3028.0,242.27,1784540469423.0,3572.123
ss-0-360000,1784541426393.1423,1784541426395,1784541429423.0,1784541429665.2708,1.858,3028.0,242.271,1784540469423.0,3272.128
ss-10-360000,1784541410743.141,1784541411695,1784541429423.0,1784541429665.2715,951.859,17728.0,242.271,1784540469423.0,18922.13
ss-47-360000,1784541429043.1345,1784541429347,1784541429424.0,1784541429665.2896,303.865,77.0,241.29,1784540469424.0,622.155
ss-65-360000,1784541424943.14,1784541425345,1784541429424.0,1784541429665.29,401.86,4079.0,241.29,1784540469424.0,4722.15
ss-43-360000,1784541427993.1367,1784541428495,1784541429424.0,1784541429665.2935,501.863,929.0,241.293,1784540469424.0,1672.157
ss-86-360000,1784541429293.1445,1784541429347,1784541429424.0,1784541429665.3306,53.855,77.0,241.331,1784540469424.0,372.186
ss-61-360000,1784541409443.1375,1784541409595,1784541429424.0,1784541429665.3367,151.863,19829.0,241.337,1784540469424.0,20222.199
ss-71-360000,1784541427293.1418,1784541427445,1784541429424.0,1784541429665.347,151.858,1979.0,241.347,1784540469424.0,2372.205
ss-57-360000,1784541428793.1416,1784541429347,1784541429424.0,1784541429665.3481,553.858,77.0,241.348,1784540469424.0,872.207
ss-26-360000,1784541428743.1404,1784541429347,1784541429424.0,1784541429665.3486,603.86,77.0,241.349,1784540469424.0,922.208
ss-68-360000,1784541427393.1558,1784541427445,1784541429424.0,1784541429665.3625,51.844,1979.0,241.363,1784540469424.0,2272.207
ss-60-360000,1784541428693.14,1784541429347,1784541429424.0,1784541429665.3662,653.86,77.0,241.366,1784540469424.0,972.226
ss-55-360000,1784541425193.1433,1784541425345,1784541429425.0,1784541429665.3992,151.857,4080.0,240.399,1784540469425.0,4472.256
ss-20-360000,1784541426243.147,1784541426395,1784541429425.0,1784541429665.4,151.853,3030.0,240.4,1784540469425.0,3422.253
ss-77-360000,1784541429143.139,1784541429347,1784541429425.0,1784541429665.4001,203.861,78.0,240.4,1784540469425.0,522.261
ss-3-360000,1784541424993.1418,1784541425345,1784541429425.0,1784541429665.4006,351.858,4080.0,240.401,1784540469425.0,4672.259
ss-17-360000,1784541415843.1387,1784541415896,1784541429425.0,1784541429665.4043,52.861,13529.0,240.404,1784540469425.0,13822.266
ss-81-360000,1784541414543.1394,1784541414845,1784541429425.0,1784541429665.4048,301.861,14580.0,240.405,1784540469425.0,15122.265
ss-56-360000,1784541428993.1375,1784541429347,1784541429425.0,1784541429665.43,353.863,78.0,240.43,1784540469425.0,672.292
ss-15-360000,1784541427593.1401,1784541428495,1784541429425.0,1784541429665.4304,901.86,930.0,240.43,1784540469425.0,2072.29
ss-44-360000,1784541427643.1438,1784541428495,1784541429425.0,1784541429665.4338,851.856,930.0,240.434,1784540469425.0,2022.29
ss-18-360000,1784541424843.1436,1784541425345,1784541429425.0,1784541429665.4763,501.856,4080.0,240.476,1784540469425.0,4822.333
ss-96-360000,1784541429243.1396,1784541429347,1784541429425.0,1784541429665.4773,103.86,78.0,240.477,1784540469425.0,422.338
ss-95-360000,1784541422893.1414,1784541423245,1784541429425.0,1784541429665.4827,351.859,6180.0,240.483,1784540469425.0,6772.341
ss-19-360000,1784541428043.1475,1784541428495,1784541429426.0,1784541429665.4832,451.853,931.0,239.483,1784540469426.0,1622.336
ss-94-360000,1784541419543.1511,1784541420095,1784541429426.0,1784541429665.5044,551.849,9331.0,239.504,1784540469426.0,10122.353
ss-53-360000,1784541426493.1406,1784541427445,1784541429426.0,1784541429665.5098,951.859,1981.0,239.51,1784540469426.0,3172.369
ss-62-360000,1784541418443.1404,1784541419047,1784541429426.0,1784541429665.5103,603.86,10379.0,239.51,1784540469426.0,11222.37
ss-66-360000,1784541425093.142,1784541425345,1784541429426.0,1784541429665.5374,251.858,4081.0,239.537,1784540469426.0,4572.395
ss-67-360000,1784541415593.1418,1784541415896,1784541429426.0,1784541429665.5378,302.858,13530.0,239.538,1784540469426.0,14072.396
ss-37-360000,1784541427243.1392,1784541427445,1784541429426.0,1784541429665.538,201.861,1981.0,239.538,1784540469426.0,2422.399
ss-5-360000,1784541426043.1506,1784541426395,1784541429426.0,1784541429665.6375,351.849,3031.0,239.637,1784540469426.0,3622.487
ss-82-360000,1784541424593.1445,1784541425345,1784541429426.0,1784541429665.64,751.855,4081.0,239.64,1784540469426.0,5072.495
ss-8-360000,1784541427543.1428,1784541428495,1784541429426.0,1784541429665.6401,951.857,931.0,239.64,1784540469426.0,2122.497
ss-69-360000,1784541417443.1472,1784541417996,1784541429426.0,1784541429665.6404,552.853,11430.0,239.64,1784540469426.0,12222.493
ss-42-360000,1784541421293.1416,1784541422195,1784541429426.0,1784541429665.6409,901.858,7231.0,239.641,1784540469426.0,8372.499
ss-85-360000,1784541427943.137,1784541428495,1784541429427.0,1784541429665.641,551.863,932.0,238.641,1784540469427.0,1722.504
ss-83-360000,1784541423193.1396,1784541423245,1784541429427.0,1784541429665.6416,51.86,6182.0,238.642,1784540469427.0,6472.502
ss-30-360000,1784541428343.1272,1784541428495,1784541429427.0,1784541429665.6418,151.873,932.0,238.642,1784540469427.0,1322.515
ss-76-360000,1784541428943.1396,1784541429347,1784541429427.0,1784541429665.642,403.86,80.0,238.642,1784540469427.0,722.502
ss-46-360000,1784541423043.1445,1784541423245,1784541429427.0,1784541429665.6423,201.855,6182.0,238.642,1784540469427.0,6622.498
ss-92-360000,1784541423943.1416,1784541424295,1784541429427.0,1784541429665.6445,351.858,5132.0,238.645,1784540469427.0,5722.503
ss-97-360000,1784541425993.3481,1784541426395,1784541429427.0,1784541429665.6477,401.652,3032.0,238.648,1784540469427.0,3672.3
ss-25-360000,1784541424743.1401,1784541425345,1784541429427.0,1784541429665.6738,601.86,4082.0,238.674,1784540469427.0,4922.534
ss-27-360000,1784541429193.1055,1784541429347,1784541429427.0,1784541429665.674,153.895,80.0,238.674,1784540469427.0,472.569
ss-87-360000,1784541421993.1392,1784541422195,1784541429427.0,1784541429665.7166,201.861,7232.0,238.717,1784540469427.0,7672.577
ss-78-360000,1784541419393.1462,1784541420095,1784541429427.0,1784541429665.7175,701.854,9332.0,238.718,1784540469427.0,10272.571
ss-73-360000,1784541422543.1394,1784541423245,1784541429428.0,1784541429665.718,701.861,6183.0,237.718,1784540469428.0,7122.579
ss-40-360000,1784541409143.1357,1784541409595,1784541429428.0,1784541429665.7183,451.864,19833.0,237.718,1784540469428.0,20522.583
ss-11-360000,1784541428143.162,1784541428495,1784541429428.0,1784541429665.7188,351.838,933.0,237.719,1784540469428.0,1522.557
ss-88-360000,1784541423993.1506,1784541424295,1784541429428.0,1784541429665.73,301.849,5133.0,237.73,1784540469428.0,5672.579
ss-41-360000,1784541425393.1514,1784541426395,1784541429428.0,1784541429665.7305,1001.849,3033.0,237.73,1784540469428.0,4272.579
ss-32-360000,1784541426543.134,1784541427445,1784541429428.0,1784541429665.8655,901.866,1983.0,237.865,1784540469428.0,3122.731
ss-34-360000,1784541428193.1414,1784541428495,1784541429428.0,1784541429665.8672,301.859,933.0,237.867,1784540469428.0,1472.726
ss-49-360000,1784541427443.1387,1784541427445,1784541429428.0,1784541429665.8765,1.861,1983.0,237.876,1784540469428.0,2222.738
ss-22-360000,1784541427093.1438,1784541427445,1784541429428.0,1784541429665.8774,351.856,1983.0,237.877,1784540469428.0,2572.734
ss-93-360000,1784541412793.1414,1784541413795,1784541429428.0,1784541429665.8784,1001.859,15633.0,237.878,1784540469428.0,16872.737
ss-54-360000,1784541421493.1394,1784541422195,1784541429429.0,1784541429665.8792,701.861,7234.0,236.879,1784540469429.0,8172.74
ss-24-360000,1784541427743.139,1784541428495,1784541429429.0,1784541429665.88,751.861,934.0,236.88,1784540469429.0,1922.741
ss-39-420000,1784541423093.1472,1784541423245,1784541429429.0,1784541429665.8804,151.853,6184.0,236.88,1784540409429.0,6572.733
ss-7-420000,1784541425243.1458,1784541425345,1784541429429.0,1784541429665.8813,101.854,4084.0,236.881,1784540409429.0,4422.736
ss-2-420000,1784541426993.1406,1784541427445,1784541429429.0,1784541429665.8906,451.859,1984.0,236.891,1784540409429.0,2672.75
ss-12-420000,1784541425643.152,1784541426395,1784541429429.0,1784541429665.8918,751.848,3034.0,236.892,1784540409429.0,4022.74
ss-21-420000,1784541425543.1394,1784541426395,1784541429429.0,1784541429665.893,851.861,3034.0,236.893,1784540409429.0,4122.754
ss-72-420000,1784541424543.1462,1784541425345,1784541429429.0,1784541429665.8938,801.854,4084.0,236.894,1784540409429.0,5122.748
ss-9-420000,1784541425043.141,1784541425345,1784541429429.0,1784541429665.8948,301.859,4084.0,236.895,1784540409429.0,4622.754
ss-14-420000,1784541427343.1443,1784541427445,1784541429429.0,1784541429666.3003,101.856,1984.0,237.3,1784540409429.0,2323.156
ss-91-420000,1784541426943.15,1784541427445,1784541429429.0,1784541429666.3015,501.85,1984.0,237.302,1784540409429.0,2723.152
ss-98-420000,1784541425343.145,1784541425345,1784541429430.0,1784541429666.3025,1.855,4085.0,236.302,1784540409430.0,4323.157
ss-16-420000,1784541428843.1367,1784541429347,1784541429430.0,1784541429666.303,503.863,83.0,236.303,1784540409430.0,823.166
ss-79-420000,1784541421843.143,1784541422195,1784541429430.0,1784541429666.3037,351.857,7235.0,236.304,1784540409430.0,7823.161
ss-31-420000,1784541429093.1353,1784541429347,1784541429430.0,1784541429666.3044,253.865,83.0,236.304,1784540409430.0,573.169
ss-41-420000,1784541425393.1514,1784541426395,1784541429430.0,1784541429666.305,1001.849,3035.0,236.305,1784540409430.0,4273.154
ss-28-420000,1784541426193.1536,1784541426395,1784541429430.0,1784541429666.3057,201.846,3035.0,236.306,1784540409430.0,3473.152
ss-50-420000,1784541425943.1465,1784541426395,1784541429430.0,1784541429666.3062,451.854,3035.0,236.306,1784540409430.0,3723.16
ss-63-420000,1784541426593.1433,1784541427445,1784541429430.0,1784541429666.3074,851.857,1985.0,236.307,1784540409430.0,3073.164
ss-30-420000,1784541428343.1272,1784541428495,1784541429430.0,1784541429666.308,151.873,935.0,236.308,1784540409430.0,1323.181
ss-64-420000,1784541423593.1423,1784541424295,1784541429430.0,1784541429666.3086,701.858,5135.0,236.309,1784540409430.0,6073.166
ss-51-420000,1784541428493.1367,1784541428495,1784541429430.0,1784541429666.309,1.863,935.0,236.309,1784540409430.0,1173.172
ss-35-420000,1784541420293.1365,1784541421145,1784541429431.0,1784541429666.3098,851.864,8286.0,235.31,1784540409431.0,9373.173
ss-99-420000,1784541408043.1357,1784541408545,1784541429431.0,1784541429666.3103,501.864,20886.0,235.31,1784540409431.0,21623.175
ss-70-420000,1784541424193.138,1784541424295,1784541429431.0,1784541429666.311,101.862,5136.0,235.311,1784540409431.0,5473.173
ss-80-420000,1784541428543.1396,1784541429347,1784541429431.0,1784541429666.3118,803.86,84.0,235.312,1784540409431.0,1123.172
ss-90-420000,1784541428893.156,1784541429347,1784541429431.0,1784541429666.3127,453.844,84.0,235.313,1784540409431.0,773.157
ss-42-420000,1784541421293.1416,1784541422195,1784541429431.0,1784541429666.3135,901.858,7236.0,235.313,1784540409431.0,8373.172
ss-59-420000,1784541425143.1455,1784541425345,1784541429431.0,1784541429666.314,201.854,4086.0,235.314,1784540409431.0,4523.168
ss-45-420000,1784541427143.143,1784541427445,1784541429431.0,1784541429666.3145,301.857,1986.0,235.314,1784540409431.0,2523.171
ss-48-420000,1784541412593.1428,1784541412745,1784541429431.0,1784541429666.319,151.857,16686.0,235.319,1784540409431.0,17073.176
ss-58-420000,1784541426443.1482,1784541427445,1784541429431.0,1784541429666.32,1001.852,1986.0,235.32,1784540409431.0,3223.172
ss-54-420000,1784541421493.1394,1784541422195,1784541429432.0,1784541429666.3206,701.861,7237.0,234.321,1784540409432.0,8173.181
ss-29-420000,1784541422343.1392,1784541423245,1784541429432.0,1784541429666.3213,901.861,6187.0,234.321,1784540409432.0,7323.182
ss-74-420000,1784541428593.1418,1784541429347,1784541429432.0,1784541429666.3413,753.858,85.0,234.341,1784540409432.0,1073.199
ss-52-420000,1784541426843.1406,1784541427445,1784541429432.0,1784541429666.342,601.859,1987.0,234.342,1784540409432.0,2823.201
ss-84-420000,1784541418843.1418,1784541419047,1784541429432.0,1784541429666.3428,203.858,10385.0,234.343,1784540409432.0,10823.201
ss-38-420000,1784541428643.14,1784541429347,1784541429432.0,1784541429666.3435,703.86,85.0,234.344,1784540409432.0,1023.204
ss-1-420000,1784541425293.1455,1784541425345,1784541429432.0,1784541429666.344,51.854,4087.0,234.344,1784540409432.0,4373.198
ss-4-420000,1784541427893.2344,1784541428495,1784541429432.0,1784541429666.3484,601.766,937.0,234.348,1784540409432.0,1773.114
ss-75-420000,1784541426293.1396,1784541426395,1784541429432.0,1784541429666.349,101.86,3037.0,234.349,1784540409432.0,3373.209
ss-23-420000,1784541427193.1428,1784541427445,1784541429432.0,1784541429666.3499,251.857,1987.0,234.35,1784540409432.0,2473.207
ss-89-420000,1784541413693.1448,1784541413795,1784541429432.0,1784541429666.3503,101.855,15637.0,234.35,1784540409432.0,15973.206
ss-33-420000,1784541409693.145,1784541410645,1784541429433.0,1784541429666.351,951.855,18788.0,233.351,1784540409433.0,19973.206
ss-6-420000,1784541426093.1477,1784541426395,1784541429433.0,1784541429666.3516,301.852,3038.0,233.352,1784540409433.0,3573.204
ss-82-420000,1784541424593.1445,1784541425345,1784541429433.0,1784541429666.352,751.855,4088.0,233.352,1784540409433.0,5073.208
ss-0-420000,1784541426393.1423,1784541426395,1784541429433.0,1784541429666.3525,1.858,3038.0,233.353,1784540409433.0,3273.21
ss-10-420000,1784541410743.141,1784541411695,1784541429433.0,1784541429666.3533,951.859,17738.0,233.353,1784540409433.0,18923.212
ss-68-420000,1784541427393.1558,1784541427445,1784541429433.0,1784541429666.357,51.844,1988.0,233.357,1784540409433.0,2273.201
ss-47-420000,1784541429043.1345,1784541429347,1784541429433.0,1784541429666.3606,303.865,86.0,233.361,1784540409433.0,623.226
ss-65-420000,1784541424943.14,1784541425345,1784541429433.0,1784541429666.3613,401.86,4088.0,233.361,1784540409433.0,4723.221
ss-43-420000,1784541427993.1367,1784541428495,1784541429433.0,1784541429666.3618,501.863,938.0,233.362,1784540409433.0,1673.225
ss-86-420000,1784541429293.1445,1784541429347,1784541429433.0,1784541429666.3625,53.855,86.0,233.363,1784540409433.0,373.218
ss-71-420000,1784541427293.1418,1784541427445,1784541429433.0,1784541429666.363,151.858,1988.0,233.363,1784540409433.0,2373.221
ss-13-420000,1784541419943.142,1784541420095,1784541429433.0,1784541429666.3635,151.858,9338.0,233.364,1784540409433.0,9723.221
ss-61-420000,1784541409443.1375,1784541409595,1784541429434.0,1784541429666.364,151.863,19839.0,232.364,1784540409434.0,20223.227
ss-57-420000,1784541428793.1416,1784541429347,1784541429434.0,1784541429666.5918,553.858,87.0,232.592,1784540409434.0,873.45
ss-55-420000,1784541425193.1433,1784541425345,1784541429434.0,1784541429666.594,151.857,4089.0,232.594,1784540409434.0,4473.451
ss-26-420000,1784541428743.1404,1784541429347,1784541429434.0,1784541429666.595,603.86,87.0,232.595,1784540409434.0,923.455
ss-60-420000,1784541428693.14,1784541429347,1784541429434.0,1784541429666.596,653.86,87.0,232.596,1784540409434.0,973.456
ss-20-420000,1784541426243.147,1784541426395,1784541429434.0,1784541429666.597,151.853,3039.0,232.597,1784540409434.0,3423.45
ss-77-420000,1784541429143.139,1784541429347,1784541429434.0,1784541429666.598,203.861,87.0,232.598,1784540409434.0,523.459
ss-3-420000,1784541424993.1418,1784541425345,1784541429434.0,1784541429666.5989,351.858,4089.0,232.599,1784540409434.0,4673.457
ss-17-420000,1784541415843.1387,1784541415896,1784541429434.0,1784541429666.5999,52.861,13538.0,232.6,1784540409434.0,13823.461
ss-32-420000,1784541426543.134,1784541427445,1784541429434.0,1784541429666.6006,901.866,1989.0,232.601,1784540409434.0,3123.467
ss-34-420000,1784541428193.1414,1784541428495,1784541429434.0,1784541429666.6016,301.859,939.0,232.602,1784540409434.0,1473.46
ss-83-420000,1784541423193.1396,1784541423245,1784541429435.0,1784541429666.6125,51.86,6190.0,231.613,1784540409435.0,6473.473
ss-81-420000,1784541414543.1394,1784541414845,1784541429435.0,1784541429666.6138,301.861,14590.0,231.614,1784540409435.0,15123.474
ss-15-420000,1784541427593.1401,1784541428495,1784541429435.0,1784541429666.6145,901.86,940.0,231.615,1784540409435.0,2073.474
ss-44-420000,1784541427643.1438,1784541428495,1784541429435.0,1784541429666.6152,851.856,940.0,231.615,1784540409435.0,2023.471
ss-18-420000,1784541424843.1436,1784541425345,1784541429435.0,1784541429666.616,501.856,4090.0,231.616,1784540409435.0,4823.472
ss-96-420000,1784541429243.1396,1784541429347,1784541429435.0,1784541429666.617,103.86,88.0,231.617,1784540409435.0,423.477
ss-95-420000,1784541422893.1414,1784541423245,1784541429435.0,1784541429666.618,351.859,6190.0,231.618,1784540409435.0,6773.477
ss-53-420000,1784541426493.1406,1784541427445,1784541429435.0,1784541429666.6191,951.859,1990.0,231.619,1784540409435.0,3173.479
ss-94-420000,1784541419543.1511,1784541420095,1784541429435.0,1784541429666.62,551.849,9340.0,231.62,1784540409435.0,10123.469
ss-62-420000,1784541418443.1404,1784541419047,1784541429436.0,1784541429666.6216,603.86,10389.0,230.622,1784540409436.0,11223.481
ss-66-420000,1784541425093.142,1784541425345,1784541429436.0,1784541429666.6226,251.858,4091.0,230.623,1784540409436.0,4573.48
ss-8-420000,1784541427543.1428,1784541428495,1784541429436.0,1784541429666.6357,951.857,941.0,230.636,1784540409436.0,2123.493
ss-67-420000,1784541415593.1418,1784541415896,1784541429436.0,1784541429666.637,302.858,13540.0,230.637,1784540409436.0,14073.495
ss-5-420000,1784541426043.1506,1784541426395,1784541429436.0,1784541429666.6433,351.849,3041.0,230.643,1784540409436.0,3623.493
ss-69-420000,1784541417443.1472,1784541417996,1784541429436.0,1784541429666.6443,552.853,11440.0,230.644,1784540409436.0,12223.497
ss-37-420000,1784541427243.1392,1784541427445,1784541429436.0,1784541429666.6572,201.861,1991.0,230.657,1784540409436.0,2423.518
ss-46-420000,1784541423043.1445,1784541423245,1784541429436.0,1784541429666.6582,201.855,6191.0,230.658,1784540409436.0,6623.514
ss-85-420000,1784541427943.137,1784541428495,1784541429436.0,1784541429666.6592,551.863,941.0,230.659,1784540409436.0,1723.522
ss-76-420000,1784541428943.1396,1784541429347,1784541429436.0,1784541429666.7383,403.86,89.0,230.738,1784540409436.0,723.599
ss-92-420000,1784541423943.1416,1784541424295,1784541429436.0,1784541429666.7397,351.858,5141.0,230.74,1784540409436.0,5723.598
ss-97-420000,1784541425993.3481,1784541426395,1784541429437.0,1784541429666.8765,401.652,3042.0,229.876,1784540409437.0,3673.528
ss-19-420000,1784541428043.1475,1784541428495,1784541429437.0,1784541429666.879,451.853,942.0,229.879,1784540409437.0,1623.731
ss-73-420000,1784541422543.1394,1784541423245,1784541429437.0,1784541429666.8801,701.861,6192.0,229.88,1784540409437.0,7123.741
ss-78-420000,1784541419393.1462,1784541420095,1784541429437.0,1784541429666.8813,701.854,9342.0,229.881,1784540409437.0,10273.735
ss-40-420000,1784541409143.1357,1784541409595,1784541429437.0,1784541429666.882,451.864,19842.0,229.882,1784540409437.0,20523.746
ss-11-420000,1784541428143.162,1784541428495,1784541429437.0,1784541429666.8943,351.838,942.0,229.894,1784540409437.0,1523.732
ss-22-420000,1784541427093.1438,1784541427445,1784541429437.0,1784541429666.9011,351.856,1992.0,229.901,1784540409437.0,2573.757
ss-27-420000,1784541429193.1055,1784541429347,1784541429437.0,1784541429666.9023,153.895,90.0,229.902,1784540409437.0,473.797
ss-56-420000,1784541428993.1375,1784541429347,1784541429437.0,1784541429666.903,353.863,90.0,229.903,1784540409437.0,673.766
ss-25-420000,1784541424743.1401,1784541425345,1784541429437.0,1784541429666.904,601.86,4092.0,229.904,1784540409437.0,4923.764
ss-87-420000,1784541421993.1392,1784541422195,1784541429437.0,1784541429666.9255,201.861,7242.0,229.926,1784540409437.0,7673.786
ss-36-420000,1784541427793.1406,1784541428495,1784541429437.0,1784541429666.9268,701.859,942.0,229.927,1784540409437.0,1873.786
ss-88-420000,1784541423993.1506,1784541424295,1784541429437.0,1784541429666.9277,301.849,5142.0,229.928,1784540409437.0,5673.777
ss-49-420000,1784541427443.1387,1784541427445,1784541429438.0,1784541429666.9285,1.861,1993.0,228.928,1784540409438.0,2223.79
ss-93-420000,1784541412793.1414,1784541413795,1784541429438.0,1784541429666.93,1001.859,15643.0,228.93,1784540409438.0,16873.789
ss-24-420000,1784541427743.139,1784541428495,1784541429438.0,1784541429666.931,751.861,943.0,228.931,1784540409438.0,1923.792
ss-39-480000,1784541423093.1472,1784541423245,1784541429438.0,1784541429666.9316,151.853,6193.0,228.932,1784540349438.0,6573.784
ss-13-480000,1784541419943.142,1784541420095,1784541429438.0,1784541429666.9326,151.858,9343.0,228.933,1784540349438.0,9723.791
ss-9-480000,1784541425043.141,1784541425345,1784541429438.0,1784541429666.9336,301.859,4093.0,228.934,1784540349438.0,4623.792
ss-2-480000,1784541426993.1406,1784541427445,1784541429438.0,1784541429666.9343,451.859,1993.0,228.934,1784540349438.0,2673.794
ss-97-480000,1784541425993.3481,1784541426395,1784541429438.0,1784541429666.9353,401.652,3043.0,228.935,1784540349438.0,3673.587
ss-12-480000,1784541425643.152,1784541426395,1784541429438.0,1784541429666.9492,751.848,3043.0,228.949,1784540349438.0,4023.797
ss-72-480000,1784541424543.1462,1784541425345,1784541429438.0,1784541429666.9504,801.854,4093.0,228.95,1784540349438.0,5123.804
ss-21-480000,1784541425543.1394,1784541426395,1784541429438.0,1784541429666.9514,851.861,3043.0,228.951,1784540349438.0,4123.812
ss-14-480000,1784541427343.1443,1784541427445,1784541429438.0,1784541429666.97,101.856,1993.0,228.97,1784540349438.0,2323.826
ss-91-480000,1784541426943.15,1784541427445,1784541429439.0,1784541429666.9753,501.85,1994.0,227.975,1784540349439.0,2723.825
ss-98-480000,1784541425343.145,1784541425345,1784541429439.0,1784541429666.9766,1.855,4094.0,227.977,1784540349439.0,4323.832
ss-16-480000,1784541428843.1367,1784541429347,1784541429439.0,1784541429667.0518,503.863,92.0,228.052,1784540349439.0,823.915
ss-79-480000,1784541421843.143,1784541422195,1784541429439.0,1784541429667.113,351.857,7244.0,228.113,1784540349439.0,7823.97
ss-28-480000,1784541426193.1536,1784541426395,1784541429439.0,1784541429667.1216,201.846,3044.0,228.122,1784540349439.0,3473.968
ss-31-480000,1784541429093.1353,1784541429347,1784541429439.0,1784541429667.1223,253.865,92.0,228.122,1784540349439.0,573.987
ss-50-480000,1784541425943.1465,1784541426395,1784541429439.0,1784541429667.123,451.854,3044.0,228.123,1784540349439.0,3723.977
ss-64-480000,1784541423593.1423,1784541424295,1784541429439.0,1784541429667.1235,701.858,5144.0,228.124,1784540349439.0,6073.981
ss-63-480000,1784541426593.1433,1784541427445,1784541429439.0,1784541429667.1243,851.857,1994.0,228.124,1784540349439.0,3073.981
ss-77-480000,1784541429143.139,1784541429347,1784541429439.0,1784541429667.131,203.861,92.0,228.131,1784540349439.0,523.992
ss-51-480000,1784541428493.1367,1784541428495,1784541429439.0,1784541429667.1316,1.863,944.0,228.132,1784540349439.0,1173.995
ss-35-480000,1784541420293.1365,1784541421145,1784541429439.0,1784541429667.132,851.864,8294.0,228.132,1784540349439.0,9373.996
ss-99-480000,1784541408043.1357,1784541408545,1784541429439.0,1784541429667.1328,501.864,20894.0,228.133,1784540349439.0,21623.997
ss-7-480000,1784541425243.1458,1784541425345,1784541429439.0,1784541429667.1333,101.854,4094.0,228.133,1784540349439.0,4423.988
ss-80-480000,1784541428543.1396,1784541429347,1784541429440.0,1784541429667.201,803.86,93.0,227.201,1784540349440.0,1124.061
ss-70-480000,1784541424193.138,1784541424295,1784541429440.0,1784541429667.2026,101.862,5145.0,227.203,1784540349440.0,5474.065
ss-90-480000,1784541428893.156,1784541429347,1784541429440.0,1784541429667.2034,453.844,93.0,227.203,1784540349440.0,774.047
ss-59-480000,1784541425143.1455,1784541425345,1784541429440.0,1784541429667.2043,201.854,4095.0,227.204,1784540349440.0,4524.059
ss-45-480000,1784541427143.143,1784541427445,1784541429440.0,1784541429667.205,301.857,1995.0,227.205,1784540349440.0,2524.062
ss-41-480000,1784541425393.1514,1784541426395,1784541429440.0,1784541429667.2058,1001.849,3045.0,227.206,1784540349440.0,4274.054
ss-48-480000,1784541412593.1428,1784541412745,1784541429440.0,1784541429667.2612,151.857,16695.0,227.261,1784540349440.0,17074.118
ss-58-480000,1784541426443.1482,1784541427445,1784541429440.0,1784541429667.2625,1001.852,1995.0,227.262,1784540349440.0,3224.114
ss-74-480000,1784541428593.1418,1784541429347,1784541429440.0,1784541429667.2632,753.858,93.0,227.263,1784540349440.0,1074.121
ss-29-480000,1784541422343.1392,1784541423245,1784541429440.0,1784541429667.264,901.861,6195.0,227.264,1784540349440.0,7324.125
ss-4-480000,1784541427893.2344,1784541428495,1784541429440.0,1784541429667.2644,601.766,945.0,227.264,1784540349440.0,1774.03
ss-84-480000,1784541418843.1418,1784541419047,1784541429440.0,1784541429667.272,203.858,10393.0,227.272,1784540349440.0,10824.13
ss-38-480000,1784541428643.14,1784541429347,1784541429440.0,1784541429667.2727,703.86,93.0,227.273,1784540349440.0,1024.133
ss-1-480000,1784541425293.1455,1784541425345,1784541429440.0,1784541429667.2734,51.854,4095.0,227.273,1784540349440.0,4374.128
ss-89-480000,1784541413693.1448,1784541413795,1784541429441.0,1784541429667.3262,101.855,15646.0,226.326,1784540349441.0,15974.181
ss-68-480000,1784541427393.1558,1784541427445,1784541429441.0,1784541429667.3281,51.844,1996.0,226.328,1784540349441.0,2274.172
ss-75-480000,1784541426293.1396,1784541426395,1784541429441.0,1784541429667.3293,101.86,3046.0,226.329,1784540349441.0,3374.19
ss-23-480000,1784541427193.1428,1784541427445,1784541429441.0,1784541429667.427,251.857,1996.0,226.427,1784540349441.0,2474.284
ss-6-480000,1784541426093.1477,1784541426395,1784541429441.0,1784541429667.4285,301.852,3046.0,226.428,1784540349441.0,3574.281
ss-33-480000,1784541409693.145,1784541410645,1784541429441.0,1784541429667.4294,951.855,18796.0,226.429,1784540349441.0,19974.284
ss-0-480000,1784541426393.1423,1784541426395,1784541429441.0,1784541429667.4302,1.858,3046.0,226.43,1784540349441.0,3274.288
ss-10-480000,1784541410743.141,1784541411695,1784541429441.0,1784541429667.4312,951.859,17746.0,226.431,1784540349441.0,18924.29
ss-37-480000,1784541427243.1392,1784541427445,1784541429441.0,1784541429667.432,201.861,1996.0,226.432,1784540349441.0,2424.293
ss-47-480000,1784541429043.1345,1784541429347,1784541429441.0,1784541429667.4329,303.865,94.0,226.433,1784540349441.0,624.298
ss-54-480000,1784541421493.1394,1784541422195,1784541429441.0,1784541429667.4446,701.861,7246.0,226.445,1784540349441.0,8174.305
ss-83-480000,1784541423193.1396,1784541423245,1784541429441.0,1784541429667.4456,51.86,6196.0,226.446,1784540349441.0,6474.306
ss-65-480000,1784541424943.14,1784541425345,1784541429441.0,1784541429667.4463,401.86,4096.0,226.446,1784540349441.0,4724.306
ss-43-480000,1784541427993.1367,1784541428495,1784541429442.0,1784541429667.447,501.863,947.0,225.447,1784540349442.0,1674.31
ss-71-480000,1784541427293.1418,1784541427445,1784541429442.0,1784541429667.4478,151.858,1997.0,225.448,1784540349442.0,2374.306
ss-86-480000,1784541429293.1445,1784541429347,1784541429442.0,1784541429667.4485,53.855,95.0,225.448,1784540349442.0,374.304
ss-55-480000,1784541425193.1433,1784541425345,1784541429442.0,1784541429667.4495,151.857,4097.0,225.449,1784540349442.0,4474.306
ss-61-480000,1784541409443.1375,1784541409595,1784541429442.0,1784541429667.4578,151.863,19847.0,225.458,1784540349442.0,20224.32
ss-57-480000,1784541428793.1416,1784541429347,1784541429442.0,1784541429667.4592,553.858,95.0,225.459,1784540349442.0,874.318
ss-5-480000,1784541426043.1506,1784541426395,1784541429442.0,1784541429667.5947,351.849,3047.0,225.595,1784540349442.0,3624.444
ss-26-480000,1784541428743.1404,1784541429347,1784541429442.0,1784541429667.5962,603.86,95.0,225.596,1784540349442.0,924.456
ss-20-480000,1784541426243.147,1784541426395,1784541429442.0,1784541429667.5967,151.853,3047.0,225.597,1784540349442.0,3424.45
ss-17-480000,1784541415843.1387,1784541415896,1784541429442.0,1784541429667.5974,52.861,13546.0,225.597,1784540349442.0,13824.459
ss-3-480000,1784541424993.1418,1784541425345,1784541429442.0,1784541429667.598,351.858,4097.0,225.598,1784540349442.0,4674.456
ss-81-480000,1784541414543.1394,1784541414845,1784541429442.0,1784541429667.6047,301.861,14597.0,225.605,1784540349442.0,15124.465
ss-15-480000,1784541427593.1401,1784541428495,1784541429442.0,1784541429667.6055,901.86,947.0,225.605,1784540349442.0,2074.465
ss-44-480000,1784541427643.1438,1784541428495,1784541429443.0,1784541429667.606,851.856,948.0,224.606,1784540349443.0,2024.462
ss-34-480000,1784541428193.1414,1784541428495,1784541429443.0,1784541429667.6064,301.859,948.0,224.606,1784540349443.0,1474.465
ss-19-480000,1784541428043.1475,1784541428495,1784541429443.0,1784541429667.6072,451.853,948.0,224.607,1784540349443.0,1624.46
ss-18-480000,1784541424843.1436,1784541425345,1784541429443.0,1784541429667.608,501.856,4098.0,224.608,1784540349443.0,4824.464
ss-96-480000,1784541429243.1396,1784541429347,1784541429443.0,1784541429667.6118,103.86,96.0,224.612,1784540349443.0,424.472
ss-53-480000,1784541426493.1406,1784541427445,1784541429443.0,1784541429667.6199,951.859,1998.0,224.62,1784540349443.0,3174.479
ss-95-480000,1784541422893.1414,1784541423245,1784541429443.0,1784541429667.6206,351.859,6198.0,224.621,1784540349443.0,6774.479
ss-8-480000,1784541427543.1428,1784541428495,1784541429443.0,1784541429667.621,951.857,948.0,224.621,1784540349443.0,2124.478
ss-94-480000,1784541419543.1511,1784541420095,1784541429443.0,1784541429667.6707,551.849,9348.0,224.671,1784540349443.0,10124.52
ss-62-480000,1784541418443.1404,1784541419047,1784541429443.0,1784541429667.6729,603.86,10396.0,224.673,1784540349443.0,11224.532
ss-66-480000,1784541425093.142,1784541425345,1784541429443.0,1784541429667.684,251.858,4098.0,224.684,1784540349443.0,4574.542
ss-76-480000,1784541428943.1396,1784541429347,1784541429443.0,1784541429667.685,403.86,96.0,224.685,1784540349443.0,724.545
ss-46-480000,1784541423043.1445,1784541423245,1784541429444.0,1784541429667.6863,201.855,6199.0,223.686,1784540349444.0,6624.542
ss-67-480000,1784541415593.1418,1784541415896,1784541429444.0,1784541429667.6921,302.858,13548.0,223.692,1784540349444.0,14074.55
ss-69-480000,1784541417443.1472,1784541417996,1784541429444.0,1784541429668.3496,552.853,11448.0,224.35,1784540349444.0,12225.202
ss-82-480000,1784541424593.1445,1784541425345,1784541429444.0,1784541429668.3516,751.855,4099.0,224.352,1784540349444.0,5075.207
ss-42-480000,1784541421293.1416,1784541422195,1784541429444.0,1784541429668.359,901.858,7249.0,224.359,1784540349444.0,8375.217
ss-85-480000,1784541427943.137,1784541428495,1784541429444.0,1784541429668.3604,551.863,949.0,224.36,1784540349444.0,1725.223
ss-30-480000,1784541428343.1272,1784541428495,1784541429444.0,1784541429668.3613,151.873,949.0,224.361,1784540349444.0,1325.234
ss-92-480000,1784541423943.1416,1784541424295,1784541429444.0,1784541429668.3625,351.858,5149.0,224.363,1784540349444.0,5725.221
ss-73-480000,1784541422543.1394,1784541423245,1784541429444.0,1784541429668.3635,701.861,6199.0,224.364,1784540349444.0,7125.224
ss-25-480000,1784541424743.1401,1784541425345,1784541429444.0,1784541429668.3645,601.86,4099.0,224.365,1784540349444.0,4925.224
ss-78-480000,1784541419393.1462,1784541420095,1784541429444.0,1784541429668.3655,701.854,9349.0,224.365,1784540349444.0,10275.219
ss-11-480000,1784541428143.162,1784541428495,1784541429445.0,1784541429668.3667,351.838,950.0,223.367,1784540349445.0,1525.205
ss-22-480000,1784541427093.1438,1784541427445,1784541429445.0,1784541429668.3677,351.856,2000.0,223.368,1784540349445.0,2575.224
ss-40-480000,1784541409143.1357,1784541409595,1784541429445.0,1784541429668.369,451.864,19850.0,223.369,1784540349445.0,20525.233
ss-87-480000,1784541421993.1392,1784541422195,1784541429445.0,1784541429668.37,201.861,7250.0,223.37,1784540349445.0,7675.231
ss-32-480000,1784541426543.134,1784541427445,1784541429445.0,1784541429668.371,901.866,2000.0,223.371,1784540349445.0,3125.237
ss-56-480000,1784541428993.1375,1784541429347,1784541429445.0,1784541429668.3774,353.863,98.0,223.377,1784540349445.0,675.24
ss-27-480000,1784541429193.1055,1784541429347,1784541429445.0,1784541429668.3787,153.895,98.0,223.379,1784540349445.0,475.273
ss-60-480000,1784541428693.14,1784541429347,1784541429445.0,1784541429668.3796,653.86,98.0,223.38,1784540349445.0,975.24
ss-36-480000,1784541427793.1406,1784541428495,1784541429445.0,1784541429668.3806,701.859,950.0,223.381,1784540349445.0,1875.24
ss-52-480000,1784541426843.1406,1784541427445,1784541429445.0,1784541429668.3816,601.859,2000.0,223.382,1784540349445.0,2825.241
ss-93-480000,1784541412793.1414,1784541413795,1784541429445.0,1784541429668.3828,1001.859,15650.0,223.383,1784540349445.0,16875.241
ss-24-480000,1784541427743.139,1784541428495,1784541429445.0,1784541429668.3838,751.861,950.0,223.384,1784540349445.0,1925.245
ss-49-480000,1784541427443.1387,1784541427445,1784541429446.0,1784541429668.3848,1.861,2001.0,222.385,1784540349446.0,2225.246
ss-88-480000,1784541423993.1506,1784541424295,1784541429446.0,1784541429668.3909,301.849,5151.0,222.391,1784540349446.0,5675.24
ss-39-540000,1784541423093.1472,1784541423245,1784541429446.0,1784541429670.4478,151.853,6201.0,224.448,1784540289446.0,6577.301
ss-2-540000,1784541426993.1406,1784541427445,1784541429446.0,1784541429670.45,451.859,2001.0,224.45,1784540289446.0,2677.309
ss-12-540000,1784541425643.152,1784541426395,1784541429446.0,1784541429670.4512,751.848,3051.0,224.451,1784540289446.0,4027.299
ss-71-540000,1784541427293.1418,1784541427445,1784541429446.0,1784541429670.452,151.858,2001.0,224.452,1784540289446.0,2377.31
ss-72-540000,1784541424543.1462,1784541425345,1784541429446.0,1784541429670.4617,801.854,4101.0,224.462,1784540289446.0,5127.315
ss-21-540000,1784541425543.1394,1784541426395,1784541429446.0,1784541429670.4626,851.861,3051.0,224.463,1784540289446.0,4127.323
ss-9-540000,1784541425043.141,1784541425345,1784541429446.0,1784541429670.4685,301.859,4101.0,224.469,1784540289446.0,4627.327
ss-14-540000,1784541427343.1443,1784541427445,1784541429446.0,1784541429670.4695,101.856,2001.0,224.469,1784540289446.0,2327.325
ss-91-540000,1784541426943.15,1784541427445,1784541429447.0,1784541429670.4705,501.85,2002.0,223.47,1784540289447.0,2727.321
ss-75-540000,1784541426293.1396,1784541426395,1784541429447.0,1784541429670.4712,101.86,3052.0,223.471,1784540289447.0,3377.332
ss-15-540000,1784541427593.1401,1784541428495,1784541429447.0,1784541429670.4758,901.86,952.0,223.476,1784540289447.0,2077.336
ss-98-540000,1784541425343.145,1784541425345,1784541429447.0,1784541429670.4763,1.855,4102.0,223.476,1784540289447.0,4327.331
ss-92-540000,1784541423943.1416,1784541424295,1784541429447.0,1784541429670.477,351.858,5152.0,223.477,1784540289447.0,5727.335
ss-16-540000,1784541428843.1367,1784541429347,1784541429447.0,1784541429670.4775,503.863,100.0,223.478,1784540289447.0,827.341
ss-79-540000,1784541421843.143,1784541422195,1784541429447.0,1784541429670.4785,351.857,7252.0,223.479,1784540289447.0,7827.335
ss-31-540000,1784541429093.1353,1784541429347,1784541429447.0,1784541429670.4792,253.865,100.0,223.479,1784540289447.0,577.344
ss-28-540000,1784541426193.1536,1784541426395,1784541429447.0,1784541429670.4927,201.846,3052.0,223.493,1784540289447.0,3477.339
ss-64-540000,1784541423593.1423,1784541424295,1784541429447.0,1784541429670.4937,701.858,5152.0,223.494,1784540289447.0,6077.351
ss-50-540000,1784541425943.1465,1784541426395,1784541429447.0,1784541429670.4944,451.854,3052.0,223.494,1784540289447.0,3727.348
ss-42-540000,1784541421293.1416,1784541422195,1784541429447.0,1784541429670.4954,901.858,7252.0,223.495,1784540289447.0,8377.354
ss-63-540000,1784541426593.1433,1784541427445,1784541429448.0,1784541429670.5205,851.857,2003.0,222.521,1784540289448.0,3077.377
ss-51-540000,1784541428493.1367,1784541428495,1784541429448.0,1784541429670.5215,1.863,953.0,222.521,1784540289448.0,1177.385
ss-30-540000,1784541428343.1272,1784541428495,1784541429448.0,1784541429670.5225,151.873,953.0,222.522,1784540289448.0,1327.395
ss-19-540000,1784541428043.1475,1784541428495,1784541429448.0,1784541429670.5232,451.853,953.0,222.523,1784540289448.0,1627.376
ss-35-540000,1784541420293.1365,1784541421145,1784541429448.0,1784541429670.6826,851.864,8303.0,222.683,1784540289448.0,9377.546
ss-99-540000,1784541408043.1357,1784541408545,1784541429448.0,1784541429670.6843,501.864,20903.0,222.684,1784540289448.0,21627.549
ss-85-540000,1784541427943.137,1784541428495,1784541429448.0,1784541429670.6853,551.863,953.0,222.685,1784540289448.0,1727.548
ss-80-540000,1784541428543.1396,1784541429347,1784541429448.0,1784541429670.686,803.86,101.0,222.686,1784540289448.0,1127.546
ss-84-540000,1784541418843.1418,1784541419047,1784541429448.0,1784541429670.687,203.858,10401.0,222.687,1784540289448.0,10827.545
ss-70-540000,1784541424193.138,1784541424295,1784541429448.0,1784541429670.6877,101.862,5153.0,222.688,1784540289448.0,5477.55
ss-90-540000,1784541428893.156,1784541429347,1784541429448.0,1784541429670.6887,453.844,101.0,222.689,1784540289448.0,777.533
ss-59-540000,1784541425143.1455,1784541425345,1784541429448.0,1784541429670.6895,201.854,4103.0,222.689,1784540289448.0,4527.544
ss-34-540000,1784541428193.1414,1784541428495,1784541429449.0,1784541429670.6904,301.859,954.0,221.69,1784540289449.0,1477.549
ss-45-540000,1784541427143.143,1784541427445,1784541429449.0,1784541429670.6912,301.857,2004.0,221.691,1784540289449.0,2527.548
ss-20-540000,1784541426243.147,1784541426395,1784541429449.0,1784541429670.692,151.853,3054.0,221.692,1784540289449.0,3427.545
ss-48-540000,1784541412593.1428,1784541412745,1784541429449.0,1784541429670.6926,151.857,16704.0,221.693,1784540289449.0,17077.55
ss-58-540000,1784541426443.1482,1784541427445,1784541429449.0,1784541429670.6936,1001.852,2004.0,221.694,1784540289449.0,3227.545
ss-89-540000,1784541413693.1448,1784541413795,1784541429449.0,1784541429670.7031,101.855,15654.0,221.703,1784540289449.0,15977.558
ss-29-540000,1784541422343.1392,1784541423245,1784541429449.0,1784541429670.7087,901.861,6204.0,221.709,1784540289449.0,7327.57
ss-38-540000,1784541428643.14,1784541429347,1784541429449.0,1784541429670.7097,703.86,102.0,221.71,1784540289449.0,1027.57
ss-4-540000,1784541427893.2344,1784541428495,1784541429449.0,1784541429670.7107,601.766,954.0,221.711,1784540289449.0,1777.476
ss-52-540000,1784541426843.1406,1784541427445,1784541429449.0,1784541429670.7114,601.859,2004.0,221.711,1784540289449.0,2827.571
ss-82-540000,1784541424593.1445,1784541425345,1784541429449.0,1784541429670.7122,751.855,4104.0,221.712,1784540289449.0,5077.568
ss-1-540000,1784541425293.1455,1784541425345,1784541429449.0,1784541429670.723,51.854,4104.0,221.723,1784540289449.0,4377.577
ss-74-540000,1784541428593.1418,1784541429347,1784541429450.0,1784541429670.7236,753.858,103.0,220.724,1784540289450.0,1077.582
ss-23-540000,1784541427193.1428,1784541427445,1784541429450.0,1784541429670.7246,251.857,2005.0,220.725,1784540289450.0,2477.582
ss-6-540000,1784541426093.1477,1784541426395,1784541429450.0,1784541429670.7307,301.852,3055.0,220.731,1784540289450.0,3577.583
ss-41-540000,1784541425393.1514,1784541426395,1784541429450.0,1784541429670.7317,1001.849,3055.0,220.732,1784540289450.0,4277.58
ss-26-540000,1784541428743.1404,1784541429347,1784541429450.0,1784541429670.7397,603.86,103.0,220.74,1784540289450.0,927.599
ss-0-540000,1784541426393.1423,1784541426395,1784541429450.0,1784541429670.7405,1.858,3055.0,220.74,1784540289450.0,3277.598
ss-57-540000,1784541428793.1416,1784541429347,1784541429450.0,1784541429670.7415,553.858,103.0,220.741,1784540289450.0,877.6
ss-10-540000,1784541410743.141,1784541411695,1784541429450.0,1784541429670.7422,951.859,17755.0,220.742,1784540289450.0,18927.601
ss-36-540000,1784541427793.1406,1784541428495,1784541429450.0,1784541429670.7744,701.859,955.0,220.774,1784540289450.0,1877.634
ss-47-540000,1784541429043.1345,1784541429347,1784541429450.0,1784541429670.7756,303.865,103.0,220.776,1784540289450.0,627.641
ss-60-540000,1784541428693.14,1784541429347,1784541429450.0,1784541429670.9038,653.86,103.0,220.904,1784540289450.0,977.764
ss-67-540000,1784541415593.1418,1784541415896,1784541429450.0,1784541429670.9126,302.858,13554.0,220.913,1784540289450.0,14077.771
ss-43-540000,1784541427993.1367,1784541428495,1784541429450.0,1784541429670.9136,501.863,955.0,220.914,1784540289450.0,1677.777
ss-83-540000,1784541423193.1396,1784541423245,1784541429451.0,1784541429670.9143,51.86,6206.0,219.914,1784540289451.0,6477.775
ss-69-540000,1784541417443.1472,1784541417996,1784541429451.0,1784541429670.9148,552.853,11455.0,219.915,1784540289451.0,12227.768
ss-55-540000,1784541425193.1433,1784541425345,1784541429451.0,1784541429670.9187,151.857,4106.0,219.919,1784540289451.0,4477.775
ss-13-540000,1784541419943.142,1784541420095,1784541429451.0,1784541429670.9194,151.858,9356.0,219.919,1784540289451.0,9727.777
ss-61-540000,1784541409443.1375,1784541409595,1784541429451.0,1784541429670.9207,151.863,19856.0,219.921,1784540289451.0,20227.783
ss-77-540000,1784541429143.139,1784541429347,1784541429451.0,1784541429670.9211,203.861,104.0,219.921,1784540289451.0,527.782
ss-17-540000,1784541415843.1387,1784541415896,1784541429451.0,1784541429670.9219,52.861,13555.0,219.922,1784540289451.0,13827.783
ss-3-540000,1784541424993.1418,1784541425345,1784541429451.0,1784541429670.9224,351.858,4106.0,219.922,1784540289451.0,4677.781
ss-62-540000,1784541418443.1404,1784541419047,1784541429451.0,1784541429670.9504,603.86,10404.0,219.95,1784540289451.0,11227.81
ss-81-540000,1784541414543.1394,1784541414845,1784541429451.0,1784541429670.9514,301.861,14606.0,219.951,1784540289451.0,15127.812
ss-86-540000,1784541429293.1445,1784541429347,1784541429451.0,1784541429670.9524,53.855,104.0,219.952,1784540289451.0,377.808
ss-66-540000,1784541425093.142,1784541425345,1784541429451.0,1784541429670.9536,251.858,4106.0,219.954,1784540289451.0,4577.812
ss-46-540000,1784541423043.1445,1784541423245,1784541429451.0,1784541429671.0654,201.855,6206.0,220.065,1784540289451.0,6627.921
ss-96-540000,1784541429243.1396,1784541429347,1784541429451.0,1784541429671.0674,103.86,104.0,220.067,1784540289451.0,427.928
ss-65-540000,1784541424943.14,1784541425345,1784541429451.0,1784541429671.0684,401.86,4106.0,220.068,1784540289451.0,4727.928
ss-8-540000,1784541427543.1428,1784541428495,1784541429452.0,1784541429671.069,951.857,957.0,219.069,1784540289452.0,2127.926
ss-44-540000,1784541427643.1438,1784541428495,1784541429452.0,1784541429671.0698,851.856,957.0,219.07,1784540289452.0,2027.926
ss-94-540000,1784541419543.1511,1784541420095,1784541429452.0,1784541429671.0708,551.849,9357.0,219.071,1784540289452.0,10127.92
ss-37-540000,1784541427243.1392,1784541427445,1784541429452.0,1784541429671.0715,201.861,2007.0,219.072,1784540289452.0,2427.932
ss-5-540000,1784541426043.1506,1784541426395,1784541429452.0,1784541429671.0723,351.849,3057.0,219.072,1784540289452.0,3627.922
ss-53-540000,1784541426493.1406,1784541427445,1784541429452.0,1784541429671.073,951.859,2007.0,219.073,1784540289452.0,3177.932
ss-25-540000,1784541424743.1401,1784541425345,1784541429452.0,1784541429671.0737,601.86,4107.0,219.074,1784540289452.0,4927.934
ss-97-540000,1784541425993.3481,1784541426395,1784541429452.0,1784541429671.0837,401.652,3057.0,219.084,1784540289452.0,3677.736
ss-95-540000,1784541422893.1414,1784541423245,1784541429452.0,1784541429671.0842,351.859,6207.0,219.084,1784540289452.0,6777.943
ss-11-540000,1784541428143.162,1784541428495,1784541429452.0,1784541429671.085,351.838,957.0,219.085,1784540289452.0,1527.923
ss-32-540000,1784541426543.134,1784541427445,1784541429452.0,1784541429671.0854,901.866,2007.0,219.085,1784540289452.0,3127.951
ss-54-540000,1784541421493.1394,1784541422195,1784541429452.0,1784541429671.095,701.861,7257.0,219.095,1784540289452.0,8177.956
ss-76-540000,1784541428943.1396,1784541429347,1784541429452.0,1784541429671.1394,403.86,105.0,219.139,1784540289452.0,728.0
ss-40-540000,1784541409143.1357,1784541409595,1784541429452.0,1784541429671.1401,451.864,19857.0,219.14,1784540289452.0,20528.004
ss-18-540000,1784541424843.1436,1784541425345,1784541429452.0,1784541429671.1409,501.856,4107.0,219.141,1784540289452.0,4827.997
ss-78-540000,1784541419393.1462,1784541420095,1784541429452.0,1784541429671.1414,701.854,9357.0,219.141,1784540289452.0,10277.995
ss-56-540000,1784541428993.1375,1784541429347,1784541429453.0,1784541429671.1418,353.863,106.0,218.142,1784540289453.0,678.004
ss-27-540000,1784541429193.1055,1784541429347,1784541429453.0,1784541429671.1484,153.895,106.0,218.148,1784540289453.0,478.043
ss-22-540000,1784541427093.1438,1784541427445,1784541429453.0,1784541429671.149,351.856,2008.0,218.149,1784540289453.0,2578.005
ss-87-540000,1784541421993.1392,1784541422195,1784541429453.0,1784541429671.1494,201.861,7258.0,218.149,1784540289453.0,7678.01
ss-73-540000,1784541422543.1394,1784541423245,1784541429453.0,1784541429671.1726,701.861,6208.0,218.173,1784540289453.0,7128.033
ss-88-540000,1784541423993.1506,1784541424295,1784541429453.0,1784541429671.205,301.849,5158.0,218.205,1784540289453.0,5678.054
ss-49-540000,1784541427443.1387,1784541427445,1784541429453.0,1784541429671.2063,1.861,2008.0,218.206,1784540289453.0,2228.068
ss-93-540000,1784541412793.1414,1784541413795,1784541429453.0,1784541429671.2156,1001.859,15658.0,218.216,1784540289453.0,16878.074
ss-33-540000,1784541409693.145,1784541410645,1784541429453.0,1784541429671.2163,951.855,18808.0,218.216,1784540289453.0,19978.071
ss-24-540000,1784541427743.139,1784541428495,1784541429453.0,1784541429671.217,751.861,958.0,218.217,1784540289453.0,1928.078
ss-7-540000,1784541425243.1458,1784541425345,1784541429453.0,1784541429671.2178,101.854,4108.0,218.218,1784540289453.0,4428.072
ss-68-540000,1784541427393.1558,1784541427445,1784541429453.0,1784541429671.2185,51.844,2008.0,218.219,1784540289453.0,2278.063
ss-41-600000,1784541425393.1514,1784541426395,1784541429453.0,1784541429671.219,1001.849,3058.0,218.219,1784540229453.0,4278.068
ss-17-600000,1784541415843.1387,1784541415896,1784541429453.0,1784541429671.2275,52.861,13557.0,218.228,1784540229453.0,13828.089
ss-2-600000,1784541426993.1406,1784541427445,1784541429454.0,1784541429671.24,451.859,2009.0,217.24,1784540229454.0,2678.099
ss-12-600000,1784541425643.152,1784541426395,1784541429454.0,1784541429671.241,751.848,3059.0,217.241,1784540229454.0,4028.089
ss-84-600000,1784541418843.1418,1784541419047,1784541429454.0,1784541429671.2417,203.858,10407.0,217.242,1784540229454.0,10828.1
ss-72-600000,1784541424543.1462,1784541425345,1784541429454.0,1784541429671.2996,801.854,4109.0,217.3,1784540229454.0,5128.153
ss-88-600000,1784541423993.1506,1784541424295,1784541429454.0,1784541429671.3015,301.849,5159.0,217.302,1784540229454.0,5678.151
ss-85-600000,1784541427943.137,1784541428495,1784541429454.0,1784541429671.3022,551.863,959.0,217.302,1784540229454.0,1728.165
ss-76-600000,1784541428943.1396,1784541429347,1784541429454.0,1784541429671.303,403.86,107.0,217.303,1784540229454.0,728.163
ss-14-600000,1784541427343.1443,1784541427445,1784541429454.0,1784541429671.3137,101.856,2009.0,217.314,1784540229454.0,2328.169
ss-91-600000,1784541426943.15,1784541427445,1784541429454.0,1784541429671.3147,501.85,2009.0,217.315,1784540229454.0,2728.165
ss-23-600000,1784541427193.1428,1784541427445,1784541429454.0,1784541429671.3157,251.857,2009.0,217.316,1784540229454.0,2478.173
ss-92-600000,1784541423943.1416,1784541424295,1784541429454.0,1784541429671.3164,351.858,5159.0,217.316,1784540229454.0,5728.175
ss-98-600000,1784541425343.145,1784541425345,1784541429454.0,1784541429671.3306,1.855,4109.0,217.331,1784540229454.0,4328.186
ss-97-600000,1784541425993.3481,1784541426395,1784541429454.0,1784541429671.3315,401.652,3059.0,217.332,1784540229454.0,3677.983
ss-16-600000,1784541428843.1367,1784541429347,1784541429454.0,1784541429671.3323,503.863,107.0,217.332,1784540229454.0,828.196
ss-79-600000,1784541421843.143,1784541422195,1784541429454.0,1784541429671.333,351.857,7259.0,217.333,1784540229454.0,7828.19
ss-15-600000,1784541427593.1401,1784541428495,1784541429455.0,1784541429671.3606,901.86,960.0,216.361,1784540229455.0,2078.22
ss-28-600000,1784541426193.1536,1784541426395,1784541429455.0,1784541429671.3613,201.846,3060.0,216.361,1784540229455.0,3478.208
ss-64-600000,1784541423593.1423,1784541424295,1784541429455.0,1784541429671.3618,701.858,5160.0,216.362,1784540229455.0,6078.219
ss-31-600000,1784541429093.1353,1784541429347,1784541429455.0,1784541429671.3665,253.865,108.0,216.366,1784540229455.0,578.231
ss-50-600000,1784541425943.1465,1784541426395,1784541429455.0,1784541429671.3674,451.854,3060.0,216.367,1784540229455.0,3728.221
ss-63-600000,1784541426593.1433,1784541427445,1784541429455.0,1784541429671.5278,851.857,2010.0,216.528,1784540229455.0,3078.385
ss-38-600000,1784541428643.14,1784541429347,1784541429455.0,1784541429671.5295,703.86,108.0,216.53,1784540229455.0,1028.39
ss-30-600000,1784541428343.1272,1784541428495,1784541429455.0,1784541429671.5308,151.873,960.0,216.531,1784540229455.0,1328.404
ss-51-600000,1784541428493.1367,1784541428495,1784541429455.0,1784541429671.5315,1.863,960.0,216.531,1784540229455.0,1178.395
ss-1-600000,1784541425293.1455,1784541425345,1784541429455.0,1784541429671.5322,51.854,4110.0,216.532,1784540229455.0,4378.387
ss-35-600000,1784541420293.1365,1784541421145,1784541429455.0,1784541429671.5327,851.864,8310.0,216.533,1784540229455.0,9378.396
ss-83-600000,1784541423193.1396,1784541423245,1784541429455.0,1784541429671.5334,51.86,6210.0,216.533,1784540229455.0,6478.394
ss-80-600000,1784541428543.1396,1784541429347,1784541429455.0,1784541429671.5342,803.86,108.0,216.534,1784540229455.0,1128.395
ss-70-600000,1784541424193.138,1784541424295,1784541429455.0,1784541429671.535,101.862,5160.0,216.535,1784540229455.0,5478.397
ss-3-600000,1784541424993.1418,1784541425345,1784541429455.0,1784541429671.5486,351.858,4110.0,216.549,1784540229455.0,4678.407
ss-90-600000,1784541428893.156,1784541429347,1784541429455.0,1784541429671.5496,453.844,108.0,216.55,1784540229455.0,778.394
ss-59-600000,1784541425143.1455,1784541425345,1784541429455.0,1784541429671.5503,201.854,4110.0,216.55,1784540229455.0,4528.405
ss-45-600000,1784541427143.143,1784541427445,1784541429456.0,1784541429671.551,301.857,2011.0,215.551,1784540229456.0,2528.408
ss-22-600000,1784541427093.1438,1784541427445,1784541429456.0,1784541429671.5518,351.856,2011.0,215.552,1784540229456.0,2578.408
ss-48-600000,1784541412593.1428,1784541412745,1784541429456.0,1784541429671.5525,151.857,16711.0,215.552,1784540229456.0,17078.41
ss-58-600000,1784541426443.1482,1784541427445,1784541429456.0,1784541429671.5532,1001.852,2011.0,215.553,1784540229456.0,3228.405
ss-74-600000,1784541428593.1418,1784541429347,1784541429456.0,1784541429671.5671,753.858,109.0,215.567,1784540229456.0,1078.425
ss-4-600000,1784541427893.2344,1784541428495,1784541429456.0,1784541429671.568,601.766,961.0,215.568,1784540229456.0,1778.334
ss-52-600000,1784541426843.1406,1784541427445,1784541429456.0,1784541429671.5686,601.859,2011.0,215.569,1784540229456.0,2828.428
ss-29-600000,1784541422343.1392,1784541423245,1784541429456.0,1784541429671.5693,901.861,6211.0,215.569,1784540229456.0,7328.43
ss-82-600000,1784541424593.1445,1784541425345,1784541429456.0,1784541429671.57,751.855,4111.0,215.57,1784540229456.0,5078.426
ss-68-600000,1784541427393.1558,1784541427445,1784541429456.0,1784541429671.5708,51.844,2011.0,215.571,1784540229456.0,2278.415
ss-60-600000,1784541428693.14,1784541429347,1784541429456.0,1784541429671.5715,653.86,109.0,215.572,1784540229456.0,978.432
ss-9-600000,1784541425043.141,1784541425345,1784541429456.0,1784541429671.5723,301.859,4111.0,215.572,1784540229456.0,4628.431
ss-77-600000,1784541429143.139,1784541429347,1784541429456.0,1784541429671.573,203.861,109.0,215.573,1784540229456.0,528.434
ss-73-600000,1784541422543.1394,1784541423245,1784541429456.0,1784541429671.5735,701.861,6211.0,215.573,1784540229456.0,7128.434
ss-75-600000,1784541426293.1396,1784541426395,1784541429456.0,1784541429671.5742,101.86,3061.0,215.574,1784540229456.0,3378.435
ss-6-600000,1784541426093.1477,1784541426395,1784541429456.0,1784541429671.575,301.852,3061.0,215.575,1784540229456.0,3578.427
ss-26-600000,1784541428743.1404,1784541429347,1784541429456.0,1784541429671.5757,603.86,109.0,215.576,1784540229456.0,928.435
ss-0-600000,1784541426393.1423,1784541426395,1784541429457.0,1784541429671.6575,1.858,3062.0,214.657,1784540229457.0,3278.515
ss-21-600000,1784541425543.1394,1784541426395,1784541429457.0,1784541429671.6682,851.861,3062.0,214.668,1784540229457.0,4128.529
ss-19-600000,1784541428043.1475,1784541428495,1784541429457.0,1784541429671.6753,451.853,962.0,214.675,1784540229457.0,1628.528
ss-71-600000,1784541427293.1418,1784541427445,1784541429457.0,1784541429671.676,151.858,2012.0,214.676,1784540229457.0,2378.534
ss-55-600000,1784541425193.1433,1784541425345,1784541429457.0,1784541429671.677,151.857,4112.0,214.677,1784540229457.0,4478.534
ss-57-600000,1784541428793.1416,1784541429347,1784541429457.0,1784541429671.6821,553.858,110.0,214.682,1784540229457.0,878.541
ss-7-600000,1784541425243.1458,1784541425345,1784541429457.0,1784541429671.683,101.854,4112.0,214.683,1784540229457.0,4428.537
ss-69-600000,1784541417443.1472,1784541417996,1784541429457.0,1784541429671.6838,552.853,11461.0,214.684,1784540229457.0,12228.537
ss-5-600000,1784541426043.1506,1784541426395,1784541429457.0,1784541429671.6846,351.849,3062.0,214.685,1784540229457.0,3628.534
ss-61-600000,1784541409443.1375,1784541409595,1784541429457.0,1784541429671.6938,151.863,19862.0,214.694,1784540229457.0,20228.556
ss-20-600000,1784541426243.147,1784541426395,1784541429457.0,1784541429671.6946,151.853,3062.0,214.695,1784540229457.0,3428.548
ss-56-600000,1784541428993.1375,1784541429347,1784541429457.0,1784541429671.6953,353.863,110.0,214.695,1784540229457.0,678.558
ss-65-600000,1784541424943.14,1784541425345,1784541429457.0,1784541429671.696,401.86,4112.0,214.696,1784540229457.0,4728.556
ss-81-600000,1784541414543.1394,1784541414845,1784541429457.0,1784541429671.7014,301.861,14612.0,214.701,1784540229457.0,15128.562
ss-36-600000,1784541427793.1406,1784541428495,1784541429458.0,1784541429671.7021,701.859,963.0,213.702,1784540229458.0,1878.562
ss-66-600000,1784541425093.142,1784541425345,1784541429458.0,1784541429671.742,251.858,4113.0,213.742,1784540229458.0,4578.6
ss-86-600000,1784541429293.1445,1784541429347,1784541429458.0,1784541429671.743,53.855,111.0,213.743,1784540229458.0,378.598
ss-53-600000,1784541426493.1406,1784541427445,1784541429458.0,1784541429671.744,951.859,2013.0,213.744,1784540229458.0,3178.603
ss-8-600000,1784541427543.1428,1784541428495,1784541429458.0,1784541429671.7502,951.857,963.0,213.75,1784540229458.0,2128.607
ss-43-600000,1784541427993.1367,1784541428495,1784541429458.0,1784541429671.751,501.863,963.0,213.751,1784540229458.0,1678.614
ss-46-600000,1784541423043.1445,1784541423245,1784541429458.0,1784541429671.7559,201.855,6213.0,213.756,1784540229458.0,6628.611
ss-34-600000,1784541428193.1414,1784541428495,1784541429458.0,1784541429671.7566,301.859,963.0,213.757,1784540229458.0,1478.615
ss-94-600000,1784541419543.1511,1784541420095,1784541429458.0,1784541429671.758,551.849,9363.0,213.758,1784540229458.0,10128.607
ss-39-600000,1784541423093.1472,1784541423245,1784541429458.0,1784541429671.7659,151.853,6213.0,213.766,1784540229458.0,6578.619
ss-62-600000,1784541418443.1404,1784541419047,1784541429458.0,1784541429671.7668,603.86,10411.0,213.767,1784540229458.0,11228.626
ss-89-600000,1784541413693.1448,1784541413795,1784541429458.0,1784541429671.794,101.855,15663.0,213.794,1784540229458.0,15978.649
ss-54-600000,1784541421493.1394,1784541422195,1784541429458.0,1784541429671.7947,701.861,7263.0,213.795,1784540229458.0,8178.655
ss-42-600000,1784541421293.1416,1784541422195,1784541429458.0,1784541429671.7954,901.858,7263.0,213.795,1784540229458.0,8378.654
ss-13-600000,1784541419943.142,1784541420095,1784541429458.0,1784541429671.7961,151.858,9363.0,213.796,1784540229458.0,9728.654
ss-37-600000,1784541427243.1392,1784541427445,1784541429458.0,1784541429671.7966,201.861,2013.0,213.797,1784540229458.0,2428.657
ss-95-600000,1784541422893.1414,1784541423245,1784541429458.0,1784541429671.9126,351.859,6213.0,213.913,1784540229458.0,6778.771
ss-47-600000,1784541429043.1345,1784541429347,1784541429458.0,1784541429671.9143,303.865,111.0,213.914,1784540229458.0,628.78
ss-11-600000,1784541428143.162,1784541428495,1784541429458.0,1784541429671.9153,351.838,963.0,213.915,1784540229458.0,1528.753
ss-24-600000,1784541427743.139,1784541428495,1784541429459.0,1784541429671.916,751.861,964.0,212.916,1784540229459.0,1928.777
ss-10-600000,1784541410743.141,1784541411695,1784541429459.0,1784541429671.9167,951.859,17764.0,212.917,1784540229459.0,18928.776
ss-67-600000,1784541415593.1418,1784541415896,1784541429459.0,1784541429671.9175,302.858,13563.0,212.917,1784540229459.0,14078.776
ss-44-600000,1784541427643.1438,1784541428495,1784541429459.0,1784541429671.9182,851.856,964.0,212.918,1784540229459.0,2028.774
ss-99-600000,1784541408043.1357,1784541408545,1784541429459.0,1784541429671.9353,501.864,20914.0,212.935,1784540229459.0,21628.8
ss-93-600000,1784541412793.1414,1784541413795,1784541429459.0,1784541429671.9363,1001.859,15664.0,212.936,1784540229459.0,16878.795
ss-40-600000,1784541409143.1357,1784541409595,1784541429459.0,1784541429671.9456,451.864,19864.0,212.946,1784540229459.0,20528.81
ss-96-600000,1784541429243.1396,1784541429347,1784541429459.0,1784541429671.9465,103.86,112.0,212.947,1784540229459.0,428.807
ss-78-600000,1784541419393.1462,1784541420095,1784541429459.0,1784541429671.947,701.854,9364.0,212.947,1784540229459.0,10278.801
ss-18-600000,1784541424843.1436,1784541425345,1784541429459.0,1784541429671.948,501.856,4114.0,212.948,1784540229459.0,4828.804
ss-87-600000,1784541421993.1392,1784541422195,1784541429459.0,1784541429671.949,201.861,7264.0,212.949,1784540229459.0,7678.81
ss-49-600000,1784541427443.1387,1784541427445,1784541429459.0,1784541429671.9497,1.861,2014.0,212.95,1784540229459.0,2228.811
ss-32-600000,1784541426543.134,1784541427445,1784541429459.0,1784541429671.9504,901.866,2014.0,212.95,1784540229459.0,3128.816
ss-27-600000,1784541429193.1055,1784541429347,1784541429459.0,1784541429671.9512,153.895,112.0,212.951,1784540229459.0,478.846
ss-33-600000,1784541409693.145,1784541410645,1784541429459.0,1784541429671.952,951.855,18814.0,212.952,1784540229459.0,19978.807
ss-25-600000,1784541424743.1401,1784541425345,1784541429459.0,1784541429671.9526,601.86,4114.0,212.953,1784540229459.0,4928.812
ss-55-660000,1784541425193.1433,1784541425345,1784541429459.0,1784541429671.9534,151.857,4114.0,212.953,1784540169459.0,4478.81
ss-15-660000,1784541427593.1401,1784541428495,1784541429460.0,1784541429671.961,901.86,965.0,211.961,1784540169460.0,2078.821
ss-30-660000,1784541428343.1272,1784541428495,1784541429460.0,1784541429671.962,151.873,965.0,211.962,1784540169460.0,1328.835
ss-86-660000,1784541429293.1445,1784541429347,1784541429460.0,1784541429671.9626,53.855,113.0,211.963,1784540169460.0,378.818
ss-93-660000,1784541412793.1414,1784541413795,1784541429460.0,1784541429671.9636,1001.859,15665.0,211.964,1784540169460.0,16878.822
ss-37-660000,1784541427243.1392,1784541427445,1784541429460.0,1784541429671.9702,201.861,2015.0,211.97,1784540169460.0,2428.831
ss-7-660000,1784541425243.1458,1784541425345,1784541429460.0,1784541429671.9924,101.854,4115.0,211.992,1784540169460.0,4428.847
ss-35-660000,1784541420293.1365,1784541421145,1784541429460.0,1784541429671.993,851.864,8315.0,211.993,1784540169460.0,9378.856
ss-63-660000,1784541426593.1433,1784541427445,1784541429460.0,1784541429671.9934,851.857,2015.0,211.993,1784540169460.0,3078.85
ss-8-660000,1784541427543.1428,1784541428495,1784541429460.0,1784541429672.198,951.857,965.0,212.198,1784540169460.0,2129.055
ss-14-660000,1784541427343.1443,1784541427445,1784541429460.0,1784541429672.1997,101.856,2015.0,212.2,1784540169460.0,2329.055
ss-50-660000,1784541425943.1465,1784541426395,1784541429460.0,1784541429672.2004,451.854,3065.0,212.2,1784540169460.0,3729.054
ss-13-660000,1784541419943.142,1784541420095,1784541429460.0,1784541429672.2014,151.858,9365.0,212.201,1784540169460.0,9729.059
ss-84-660000,1784541418843.1418,1784541419047,1784541429460.0,1784541429672.2021,203.858,10413.0,212.202,1784540169460.0,10829.06
ss-56-660000,1784541428993.1375,1784541429347,1784541429460.0,1784541429672.203,353.863,113.0,212.203,1784540169460.0,679.065
ss-90-660000,1784541428893.156,1784541429347,1784541429460.0,1784541429672.2039,453.844,113.0,212.204,1784540169460.0,779.048
ss-82-660000,1784541424593.1445,1784541425345,1784541429460.0,1784541429672.2046,751.855,4115.0,212.205,1784540169460.0,5079.06
ss-67-660000,1784541415593.1418,1784541415896,1784541429460.0,1784541429672.2114,302.858,13564.0,212.211,1784540169460.0,14079.07
ss-87-660000,1784541421993.1392,1784541422195,1784541429460.0,1784541429672.2122,201.861,7265.0,212.212,1784540169460.0,7679.073
ss-43-660000,1784541427993.1367,1784541428495,1784541429460.0,1784541429672.213,501.863,965.0,212.213,1784540169460.0,1679.076
ss-64-660000,1784541423593.1423,1784541424295,1784541429461.0,1784541429672.2139,701.858,5166.0,211.214,1784540169461.0,6079.072
ss-98-660000,1784541425343.145,1784541425345,1784541429461.0,1784541429672.2146,1.855,4116.0,211.215,1784540169461.0,4329.07
ss-75-660000,1784541426293.1396,1784541426395,1784541429461.0,1784541429672.2344,101.86,3066.0,211.234,1784540169461.0,3379.095
ss-73-660000,1784541422543.1394,1784541423245,1784541429461.0,1784541429672.2402,701.861,6216.0,211.24,1784540169461.0,7129.101
ss-0-660000,1784541426393.1423,1784541426395,1784541429461.0,1784541429672.2454,1.858,3066.0,211.245,1784540169461.0,3279.103
ss-52-660000,1784541426843.1406,1784541427445,1784541429461.0,1784541429672.2463,601.859,2016.0,211.246,1784540169461.0,2829.106
ss-53-660000,1784541426493.1406,1784541427445,1784541429461.0,1784541429672.247,951.859,2016.0,211.247,1784540169461.0,3179.106
ss-2-660000,1784541426993.1406,1784541427445,1784541429461.0,1784541429672.2478,451.859,2016.0,211.248,1784540169461.0,2679.107
ss-62-660000,1784541418443.1404,1784541419047,1784541429461.0,1784541429672.2534,603.86,10414.0,211.253,1784540169461.0,11229.113
ss-51-660000,1784541428493.1367,1784541428495,1784541429461.0,1784541429672.2588,1.863,966.0,211.259,1784540169461.0,1179.122
ss-58-660000,1784541426443.1482,1784541427445,1784541429461.0,1784541429672.2595,1001.852,2016.0,211.26,1784540169461.0,3229.111
ss-31-660000,1784541429093.1353,1784541429347,1784541429461.0,1784541429672.2605,253.865,114.0,211.26,1784540169461.0,579.125
ss-23-660000,1784541427193.1428,1784541427445,1784541429461.0,1784541429672.2612,251.857,2016.0,211.261,1784540169461.0,2479.118
ss-28-660000,1784541426193.1536,1784541426395,1784541429461.0,1784541429672.275,201.846,3066.0,211.275,1784540169461.0,3479.121
ss-18-660000,1784541424843.1436,1784541425345,1784541429461.0,1784541429672.2756,501.856,4116.0,211.276,1784540169461.0,4829.132
ss-92-660000,1784541423943.1416,1784541424295,1784541429461.0,1784541429672.2764,351.858,5166.0,211.276,1784540169461.0,5729.135
ss-66-660000,1784541425093.142,1784541425345,1784541429462.0,1784541429672.277,251.858,4117.0,210.277,1784540169462.0,4579.135
ss-39-660000,1784541423093.1472,1784541423245,1784541429462.0,1784541429672.2778,151.853,6217.0,210.278,1784540169462.0,6579.131
ss-71-660000,1784541427293.1418,1784541427445,1784541429462.0,1784541429672.2786,151.858,2017.0,210.279,1784540169462.0,2379.137
ss-91-660000,1784541426943.15,1784541427445,1784541429462.0,1784541429672.279,501.85,2017.0,210.279,1784540169462.0,2729.129
ss-32-660000,1784541426543.134,1784541427445,1784541429462.0,1784541429672.2798,901.866,2017.0,210.28,1784540169462.0,3129.146
ss-5-660000,1784541426043.1506,1784541426395,1784541429462.0,1784541429672.2805,351.849,3067.0,210.281,1784540169462.0,3629.13
ss-21-660000,1784541425543.1394,1784541426395,1784541429462.0,1784541429672.2812,851.861,3067.0,210.281,1784540169462.0,4129.142
ss-29-660000,1784541422343.1392,1784541423245,1784541429462.0,1784541429672.2817,901.861,6217.0,210.282,1784540169462.0,7329.143
ss-22-660000,1784541427093.1438,1784541427445,1784541429462.0,1784541429672.2825,351.856,2017.0,210.282,1784540169462.0,2579.139
ss-19-660000,1784541428043.1475,1784541428495,1784541429462.0,1784541429672.2832,451.853,967.0,210.283,1784540169462.0,1629.136
ss-44-660000,1784541427643.1438,1784541428495,1784541429462.0,1784541429672.284,851.856,967.0,210.284,1784540169462.0,2029.14
ss-41-660000,1784541425393.1514,1784541426395,1784541429462.0,1784541429672.3472,1001.849,3067.0,210.347,1784540169462.0,4279.196
ss-26-660000,1784541428743.1404,1784541429347,1784541429462.0,1784541429672.348,603.86,115.0,210.348,1784540169462.0,929.208
ss-74-660000,1784541428593.1418,1784541429347,1784541429462.0,1784541429672.3484,753.858,115.0,210.348,1784540169462.0,1079.207
ss-4-660000,1784541427893.2344,1784541428495,1784541429462.0,1784541429672.3489,601.766,967.0,210.349,1784540169462.0,1779.115
ss-85-660000,1784541427943.137,1784541428495,1784541429462.0,1784541429672.3494,551.863,967.0,210.349,1784540169462.0,1729.212
ss-20-660000,1784541426243.147,1784541426395,1784541429462.0,1784541429672.3564,151.853,3067.0,210.356,1784540169462.0,3429.209
ss-24-660000,1784541427743.139,1784541428495,1784541429463.0,1784541429672.3572,751.861,968.0,209.357,1784540169463.0,1929.218
ss-95-660000,1784541422893.1414,1784541423245,1784541429463.0,1784541429672.3577,351.859,6218.0,209.358,1784540169463.0,6779.216
ss-36-660000,1784541427793.1406,1784541428495,1784541429463.0,1784541429672.3582,701.859,968.0,209.358,1784540169463.0,1879.218
ss-70-660000,1784541424193.138,1784541424295,1784541429463.0,1784541429672.366,101.862,5168.0,209.366,1784540169463.0,5479.228
ss-99-660000,1784541408043.1357,1784541408545,1784541429463.0,1784541429672.3665,501.864,20918.0,209.366,1784540169463.0,21629.231
ss-61-660000,1784541409443.1375,1784541409595,1784541429463.0,1784541429672.3672,151.863,19868.0,209.367,1784540169463.0,20229.23
ss-89-660000,1784541413693.1448,1784541413795,1784541429463.0,1784541429672.4336,101.855,15668.0,209.434,1784540169463.0,15979.289
ss-81-660000,1784541414543.1394,1784541414845,1784541429463.0,1784541429672.4355,301.861,14618.0,209.436,1784540169463.0,15129.296
ss-11-660000,1784541428143.162,1784541428495,1784541429463.0,1784541429672.4368,351.838,968.0,209.437,1784540169463.0,1529.275
ss-97-660000,1784541425993.3481,1784541426395,1784541429463.0,1784541429672.448,401.652,3068.0,209.448,1784540169463.0,3679.1
ss-1-660000,1784541425293.1455,1784541425345,1784541429463.0,1784541429672.449,51.854,4118.0,209.449,1784540169463.0,4379.303
ss-88-660000,1784541423993.1506,1784541424295,1784541429463.0,1784541429672.4497,301.849,5168.0,209.45,1784540169463.0,5679.299
ss-65-660000,1784541424943.14,1784541425345,1784541429463.0,1784541429672.4507,401.86,4118.0,209.451,1784540169463.0,4729.311
ss-94-660000,1784541419543.1511,1784541420095,1784541429463.0,1784541429672.4514,551.849,9368.0,209.451,1784540169463.0,10129.3
ss-12-660000,1784541425643.152,1784541426395,1784541429463.0,1784541429672.4521,751.848,3068.0,209.452,1784540169463.0,4029.3
ss-57-660000,1784541428793.1416,1784541429347,1784541429463.0,1784541429672.4607,553.858,116.0,209.461,1784540169463.0,879.319
ss-9-660000,1784541425043.141,1784541425345,1784541429463.0,1784541429672.4675,301.859,4118.0,209.468,1784540169463.0,4629.326
ss-42-660000,1784541421293.1416,1784541422195,1784541429463.0,1784541429672.4685,901.858,7268.0,209.469,1784540169463.0,8379.327
ss-47-660000,1784541429043.1345,1784541429347,1784541429463.0,1784541429672.4692,303.865,116.0,209.469,1784540169463.0,629.335
ss-69-660000,1784541417443.1472,1784541417996,1784541429463.0,1784541429672.47,552.853,11467.0,209.47,1784540169463.0,12229.323
ss-45-660000,1784541427143.143,1784541427445,1784541429463.0,1784541429672.471,301.857,2018.0,209.471,1784540169463.0,2529.328
ss-49-660000,1784541427443.1387,1784541427445,1784541429464.0,1784541429672.4766,1.861,2019.0,208.477,1784540169464.0,2229.338
ss-6-660000,1784541426093.1477,1784541426395,1784541429464.0,1784541429672.4841,301.852,3069.0,208.484,1784540169464.0,3579.336
ss-54-660000,1784541421493.1394,1784541422195,1784541429464.0,1784541429672.485,701.861,7269.0,208.485,1784540169464.0,8179.346
ss-46-660000,1784541423043.1445,1784541423245,1784541429464.0,1784541429672.4912,201.855,6219.0,208.491,1784540169464.0,6629.347
ss-48-660000,1784541412593.1428,1784541412745,1784541429464.0,1784541429672.4922,151.857,16719.0,208.492,1784540169464.0,17079.349
ss-60-660000,1784541428693.14,1784541429347,1784541429464.0,1784541429672.5576,653.86,117.0,208.558,1784540169464.0,979.418
ss-34-660000,1784541428193.1414,1784541428495,1784541429464.0,1784541429672.5588,301.859,969.0,208.559,1784540169464.0,1479.417
ss-72-660000,1784541424543.1462,1784541425345,1784541429464.0,1784541429672.5596,801.854,4119.0,208.56,1784540169464.0,5129.413
ss-38-660000,1784541428643.14,1784541429347,1784541429464.0,1784541429672.5693,703.86,117.0,208.569,1784540169464.0,1029.429
ss-40-660000,1784541409143.1357,1784541409595,1784541429464.0,1784541429672.5776,451.864,19869.0,208.578,1784540169464.0,20529.442
ss-10-660000,1784541410743.141,1784541411695,1784541429464.0,1784541429672.5786,951.859,17769.0,208.579,1784540169464.0,18929.438
ss-3-660000,1784541424993.1418,1784541425345,1784541429464.0,1784541429672.5857,351.858,4119.0,208.586,1784540169464.0,4679.444
ss-16-660000,1784541428843.1367,1784541429347,1784541429464.0,1784541429672.5864,503.863,117.0,208.586,1784540169464.0,829.45
ss-96-660000,1784541429243.1396,1784541429347,1784541429464.0,1784541429672.5874,103.86,117.0,208.587,1784540169464.0,429.448
ss-17-660000,1784541415843.1387,1784541415896,1784541429464.0,1784541429672.5881,52.861,13568.0,208.588,1784540169464.0,13829.449
ss-80-660000,1784541428543.1396,1784541429347,1784541429464.0,1784541429672.602,803.86,117.0,208.602,1784540169464.0,1129.462
ss-68-660000,1784541427393.1558,1784541427445,1784541429464.0,1784541429672.6094,51.844,2019.0,208.609,1784540169464.0,2279.454
ss-79-660000,1784541421843.143,1784541422195,1784541429464.0,1784541429672.622,351.857,7269.0,208.622,1784540169464.0,7829.479
ss-59-660000,1784541425143.1455,1784541425345,1784541429464.0,1784541429672.6228,201.854,4119.0,208.623,1784540169464.0,4529.477
ss-33-660000,1784541409693.145,1784541410645,1784541429464.0,1784541429672.6235,951.855,18819.0,208.624,1784540169464.0,19979.479
ss-25-660000,1784541424743.1401,1784541425345,1784541429464.0,1784541429672.6985,601.86,4119.0,208.698,1784540169464.0,4929.558
ss-27-660000,1784541429193.1055,1784541429347,1784541429464.0,1784541429672.6997,153.895,117.0,208.7,1784540169464.0,479.594
ss-77-660000,1784541429143.139,1784541429347,1784541429464.0,1784541429672.7004,203.861,117.0,208.7,1784540169464.0,529.562
ss-83-660000,1784541423193.1396,1784541423245,1784541429465.0,1784541429672.7012,51.86,6220.0,207.701,1784540169465.0,6479.562
ss-78-660000,1784541419393.1462,1784541420095,1784541429465.0,1784541429672.702,701.854,9370.0,207.702,1784540169465.0,10279.556
ss-76-660000,1784541428943.1396,1784541429347,1784541429465.0,1784541429672.7026,403.86,118.0,207.703,1784540169465.0,729.563
ss-81-720000,1784541414543.1394,1784541414845,1784541429465.0,1784541429672.7034,301.861,14620.0,207.703,1784540109465.0,15129.564
ss-32-720000,1784541426543.134,1784541427445,1784541429465.0,1784541429672.7114,901.866,2020.0,207.711,1784540109465.0,3129.577
ss-71-720000,1784541427293.1418,1784541427445,1784541429465.0,1784541429672.7124,151.858,2020.0,207.712,1784540109465.0,2379.571
ss-78-720000,1784541419393.1462,1784541420095,1784541429465.0,1784541429672.7131,701.854,9370.0,207.713,1784540109465.0,10279.567
ss-49-720000,1784541427443.1387,1784541427445,1784541429465.0,1784541429672.7227,1.861,2020.0,207.723,1784540109465.0,2229.584
ss-56-720000,1784541428993.1375,1784541429347,1784541429465.0,1784541429672.7236,353.863,118.0,207.724,1784540109465.0,679.586
ss-60-720000,1784541428693.14,1784541429347,1784541429465.0,1784541429672.7244,653.86,118.0,207.724,1784540109465.0,979.584
ss-50-720000,1784541425943.1465,1784541426395,1784541429465.0,1784541429672.725,451.854,3070.0,207.725,1784540109465.0,3729.579
ss-5-720000,1784541426043.1506,1784541426395,1784541429465.0,1784541429672.7366,351.849,3070.0,207.737,1784540109465.0,3629.586
ss-80-720000,1784541428543.1396,1784541429347,1784541429465.0,1784541429672.7375,803.86,118.0,207.738,1784540109465.0,1129.598
ss-33-720000,1784541409693.145,1784541410645,1784541429465.0,1784541429672.7444,951.855,18820.0,207.744,1784540109465.0,19979.599
ss-18-720000,1784541424843.1436,1784541425345,1784541429465.0,1784541429672.7454,501.856,4120.0,207.745,1784540109465.0,4829.602
ss-28-720000,1784541426193.1536,1784541426395,1784541429465.0,1784541429672.746,201.846,3070.0,207.746,1784540109465.0,3479.593
ss-85-720000,1784541427943.137,1784541428495,1784541429465.0,1784541429672.7656,551.863,970.0,207.766,1784540109465.0,1729.629
ss-92-720000,1784541423943.1416,1784541424295,1784541429465.0,1784541429672.766,351.858,5170.0,207.766,1784540109465.0,5729.625
ss-58-720000,1784541426443.1482,1784541427445,1784541429465.0,1784541429672.7712,1001.852,2020.0,207.771,1784540109465.0,3229.623
ss-7-720000,1784541425243.1458,1784541425345,1784541429465.0,1784541429672.7717,101.854,4120.0,207.772,1784540109465.0,4429.626
ss-12-720000,1784541425643.152,1784541426395,1784541429465.0,1784541429672.801,751.848,3070.0,207.801,1784540109465.0,4029.649
ss-75-720000,1784541426293.1396,1784541426395,1784541429465.0,1784541429672.8018,101.86,3070.0,207.802,1784540109465.0,3379.662
ss-57-720000,1784541428793.1416,1784541429347,1784541429465.0,1784541429672.814,553.858,118.0,207.814,1784540109465.0,879.672
ss-25-720000,1784541424743.1401,1784541425345,1784541429465.0,1784541429672.815,601.86,4120.0,207.815,1784540109465.0,4929.675
ss-30-720000,1784541428343.1272,1784541428495,1784541429465.0,1784541429672.816,151.873,970.0,207.816,1784540109465.0,1329.689
ss-35-720000,1784541420293.1365,1784541421145,1784541429465.0,1784541429672.8794,851.864,8320.0,207.879,1784540109465.0,9379.743
ss-48-720000,1784541412593.1428,1784541412745,1784541429466.0,1784541429672.8809,151.857,16721.0,206.881,1784540109466.0,17079.738
ss-86-720000,1784541429293.1445,1784541429347,1784541429466.0,1784541429672.8816,53.855,119.0,206.882,1784540109466.0,379.737
ss-4-720000,1784541427893.2344,1784541428495,1784541429466.0,1784541429672.8823,601.766,971.0,206.882,1784540109466.0,1779.648
ss-68-720000,1784541427393.1558,1784541427445,1784541429466.0,1784541429672.911,51.844,2021.0,206.911,1784540109466.0,2279.755
ss-45-720000,1784541427143.143,1784541427445,1784541429466.0,1784541429672.9119,301.857,2021.0,206.912,1784540109466.0,2529.769
ss-97-720000,1784541425993.3481,1784541426395,1784541429466.0,1784541429672.9126,401.652,3071.0,206.913,1784540109466.0,3679.564
ss-83-720000,1784541423193.1396,1784541423245,1784541429466.0,1784541429672.9136,51.86,6221.0,206.914,1784540109466.0,6479.774
ss-14-720000,1784541427343.1443,1784541427445,1784541429466.0,1784541429672.9143,101.856,2021.0,206.914,1784540109466.0,2329.77
ss-46-720000,1784541423043.1445,1784541423245,1784541429466.0,1784541429672.915,201.855,6221.0,206.915,1784540109466.0,6629.771
ss-54-720000,1784541421493.1394,1784541422195,1784541429466.0,1784541429672.9155,701.861,7271.0,206.916,1784540109466.0,8179.776
ss-22-720000,1784541427093.1438,1784541427445,1784541429466.0,1784541429672.922,351.856,2021.0,206.922,1784540109466.0,2579.778
ss-19-720000,1784541428043.1475,1784541428495,1784541429466.0,1784541429672.9229,451.853,971.0,206.923,1784540109466.0,1629.775
ss-90-720000,1784541428893.156,1784541429347,1784541429466.0,1784541429672.9314,453.844,119.0,206.931,1784540109466.0,779.775
ss-52-720000,1784541426843.1406,1784541427445,1784541429466.0,1784541429672.9324,601.859,2021.0,206.932,1784540109466.0,2829.792
ss-10-720000,1784541410743.141,1784541411695,1784541429466.0,1784541429672.9397,951.859,17771.0,206.94,1784540109466.0,18929.799
ss-84-720000,1784541418843.1418,1784541419047,1784541429466.0,1784541429672.9944,203.858,10419.0,206.994,1784540109466.0,10829.853
ss-94-720000,1784541419543.1511,1784541420095,1784541429466.0,1784541429672.996,551.849,9371.0,206.996,1784540109466.0,10129.845
ss-89-720000,1784541413693.1448,1784541413795,1784541429466.0,1784541429672.997,101.855,15671.0,206.997,1784540109466.0,15979.852
ss-37-720000,1784541427243.1392,1784541427445,1784541429466.0,1784541429672.9978,201.861,2021.0,206.998,1784540109466.0,2429.859
ss-53-720000,1784541426493.1406,1784541427445,1784541429466.0,1784541429672.9985,951.859,2021.0,206.999,1784540109466.0,3179.858
ss-41-720000,1784541425393.1514,1784541426395,1784541429466.0,1784541429673.008,1001.849,3071.0,207.008,1784540109466.0,4279.857
ss-91-720000,1784541426943.15,1784541427445,1784541429466.0,1784541429673.0088,501.85,2021.0,207.009,1784540109466.0,2729.859
ss-69-720000,1784541417443.1472,1784541417996,1784541429466.0,1784541429673.0093,552.853,11470.0,207.009,1784540109466.0,12229.862
ss-11-720000,1784541428143.162,1784541428495,1784541429466.0,1784541429673.01,351.838,971.0,207.01,1784540109466.0,1529.848
ss-67-720000,1784541415593.1418,1784541415896,1784541429466.0,1784541429673.0105,302.858,13570.0,207.01,1784540109466.0,14079.869
ss-31-720000,1784541429093.1353,1784541429347,1784541429466.0,1784541429673.016,253.865,119.0,207.016,1784540109466.0,579.881
ss-8-720000,1784541427543.1428,1784541428495,1784541429466.0,1784541429673.0525,951.857,971.0,207.052,1784540109466.0,2129.91
ss-40-720000,1784541409143.1357,1784541409595,1784541429466.0,1784541429673.0535,451.864,19871.0,207.053,1784540109466.0,20529.918
ss-64-720000,1784541423593.1423,1784541424295,1784541429466.0,1784541429673.054,701.858,5171.0,207.054,1784540109466.0,6079.912
ss-13-720000,1784541419943.142,1784541420095,1784541429466.0,1784541429673.0774,151.858,9371.0,207.077,1784540109466.0,9729.935
ss-82-720000,1784541424593.1445,1784541425345,1784541429466.0,1784541429673.0781,751.855,4121.0,207.078,1784540109466.0,5079.934
ss-39-720000,1784541423093.1472,1784541423245,1784541429466.0,1784541429673.0789,151.853,6221.0,207.079,1784540109466.0,6579.932
ss-99-720000,1784541408043.1357,1784541408545,1784541429466.0,1784541429673.099,501.864,20921.0,207.099,1784540109466.0,21629.963
ss-77-720000,1784541429143.139,1784541429347,1784541429467.0,1784541429673.1,203.861,120.0,206.1,1784540109467.0,529.961
ss-96-720000,1784541429243.1396,1784541429347,1784541429467.0,1784541429673.105,103.86,120.0,206.105,1784540109467.0,429.965
ss-65-720000,1784541424943.14,1784541425345,1784541429467.0,1784541429673.1106,401.86,4122.0,206.111,1784540109467.0,4729.971
ss-6-720000,1784541426093.1477,1784541426395,1784541429467.0,1784541429673.111,301.852,3072.0,206.111,1784540109467.0,3579.963
ss-70-720000,1784541424193.138,1784541424295,1784541429467.0,1784541429673.1116,101.862,5172.0,206.112,1784540109467.0,5479.974
ss-20-720000,1784541426243.147,1784541426395,1784541429467.0,1784541429673.112,151.853,3072.0,206.112,1784540109467.0,3429.965
ss-23-720000,1784541427193.1428,1784541427445,1784541429467.0,1784541429673.1328,251.857,2022.0,206.133,1784540109467.0,2479.99
ss-42-720000,1784541421293.1416,1784541422195,1784541429467.0,1784541429673.1338,901.858,7272.0,206.134,1784540109467.0,8379.992
ss-63-720000,1784541426593.1433,1784541427445,1784541429467.0,1784541429673.1387,851.857,2022.0,206.139,1784540109467.0,3079.995
ss-43-720000,1784541427993.1367,1784541428495,1784541429467.0,1784541429673.1394,501.863,972.0,206.139,1784540109467.0,1680.003
ss-66-720000,1784541425093.142,1784541425345,1784541429467.0,1784541429673.1401,251.858,4122.0,206.14,1784540109467.0,4579.998
ss-76-720000,1784541428943.1396,1784541429347,1784541429467.0,1784541429673.146,403.86,120.0,206.146,1784540109467.0,730.006
ss-62-720000,1784541418443.1404,1784541419047,1784541429467.0,1784541429673.1987,603.86,10420.0,206.199,1784540109467.0,11230.058
ss-1-720000,1784541425293.1455,1784541425345,1784541429467.0,1784541429673.1995,51.854,4122.0,206.199,1784540109467.0,4380.054
ss-27-720000,1784541429193.1055,1784541429347,1784541429467.0,1784541429673.1997,153.895,120.0,206.2,1784540109467.0,480.094
ss-2-720000,1784541426993.1406,1784541427445,1784541429467.0,1784541429673.2002,451.859,2022.0,206.2,1784540109467.0,2680.06
ss-29-720000,1784541422343.1392,1784541423245,1784541429467.0,1784541429673.2207,901.861,6222.0,206.221,1784540109467.0,7330.082
ss-24-720000,1784541427743.139,1784541428495,1784541429467.0,1784541429673.2217,751.861,972.0,206.222,1784540109467.0,1930.083
ss-47-720000,1784541429043.1345,1784541429347,1784541429467.0,1784541429673.2224,303.865,120.0,206.222,1784540109467.0,630.088
ss-88-720000,1784541423993.1506,1784541424295,1784541429467.0,1784541429673.2231,301.849,5172.0,206.223,1784540109467.0,5680.073
ss-0-720000,1784541426393.1423,1784541426395,1784541429467.0,1784541429673.2239,1.858,3072.0,206.224,1784540109467.0,3280.082
ss-79-720000,1784541421843.143,1784541422195,1784541429467.0,1784541429673.2302,351.857,7272.0,206.23,1784540109467.0,7830.087
ss-26-720000,1784541428743.1404,1784541429347,1784541429467.0,1784541429673.2551,603.86,120.0,206.255,1784540109467.0,930.115
ss-38-720000,1784541428643.14,1784541429347,1784541429467.0,1784541429673.2556,703.86,120.0,206.256,1784540109467.0,1030.116
ss-87-720000,1784541421993.1392,1784541422195,1784541429467.0,1784541429673.256,201.861,7272.0,206.256,1784540109467.0,7680.117
ss-59-720000,1784541425143.1455,1784541425345,1784541429467.0,1784541429673.2566,201.854,4122.0,206.257,1784540109467.0,4530.111
ss-51-720000,1784541428493.1367,1784541428495,1784541429467.0,1784541429673.2573,1.863,972.0,206.257,1784540109467.0,1180.121
ss-3-720000,1784541424993.1418,1784541425345,1784541429467.0,1784541429673.2742,351.858,4122.0,206.274,1784540109467.0,4680.132
ss-74-720000,1784541428593.1418,1784541429347,1784541429467.0,1784541429673.2747,753.858,120.0,206.275,1784540109467.0,1080.133
ss-72-720000,1784541424543.1462,1784541425345,1784541429467.0,1784541429673.2988,801.854,4122.0,206.299,1784540109467.0,5130.153
ss-36-720000,1784541427793.1406,1784541428495,1784541429467.0,1784541429673.3052,701.859,972.0,206.305,1784540109467.0,1880.165
ss-17-720000,1784541415843.1387,1784541415896,1784541429467.0,1784541429673.3115,52.861,13571.0,206.312,1784540109467.0,13830.173
ss-95-720000,1784541422893.1414,1784541423245,1784541429467.0,1784541429673.3123,351.859,6222.0,206.312,1784540109467.0,6780.171
ss-55-720000,1784541425193.1433,1784541425345,1784541429467.0,1784541429673.3223,151.857,4122.0,206.322,1784540109467.0,4480.179
ss-93-720000,1784541412793.1414,1784541413795,1784541429467.0,1784541429673.3235,1001.859,15672.0,206.323,1784540109467.0,16880.182
ss-34-720000,1784541428193.1414,1784541428495,1784541429467.0,1784541429673.348,301.859,972.0,206.348,1784540109467.0,1480.207
ss-44-720000,1784541427643.1438,1784541428495,1784541429468.0,1784541429673.3484,851.856,973.0,205.348,1784540109468.0,2030.205
ss-61-720000,1784541409443.1375,1784541409595,1784541429468.0,1784541429673.3528,151.863,19873.0,205.353,1784540109468.0,20230.215
ss-9-720000,1784541425043.141,1784541425345,1784541429468.0,1784541429673.357,301.859,4123.0,205.357,1784540109468.0,4630.216
ss-98-720000,1784541425343.145,1784541425345,1784541429468.0,1784541429673.3813,1.855,4123.0,205.381,1784540109468.0,4330.236
ss-16-720000,1784541428843.1367,1784541429347,1784541429468.0,1784541429673.3823,503.863,121.0,205.382,1784540109468.0,830.246
ss-73-720000,1784541422543.1394,1784541423245,1784541429468.0,1784541429673.3882,701.861,6223.0,205.388,1784540109468.0,7130.249
ss-15-720000,1784541427593.1401,1784541428495,1784541429468.0,1784541429673.394,901.86,973.0,205.394,1784540109468.0,2080.254
ss-21-720000,1784541425543.1394,1784541426395,1784541429468.0,1784541429673.401,851.861,3073.0,205.401,1784540109468.0,4130.261
ss-8-780000,1784541427543.1428,1784541428495,1784541429468.0,1784541429673.4016,951.857,973.0,205.402,1784540049468.0,2130.259
ss-66-780000,1784541425093.142,1784541425345,1784541429468.0,1784541429673.4023,251.858,4123.0,205.402,1784540049468.0,4580.26
ss-20-780000,1784541426243.147,1784541426395,1784541429468.0,1784541429673.4119,151.853,3073.0,205.412,1784540049468.0,3430.265
ss-25-780000,1784541424743.1401,1784541425345,1784541429468.0,1784541429673.4124,601.86,4123.0,205.412,1784540049468.0,4930.272
ss-39-780000,1784541423093.1472,1784541423245,1784541429468.0,1784541429673.4587,151.853,6223.0,205.459,1784540049468.0,6580.312
ss-94-780000,1784541419543.1511,1784541420095,1784541429468.0,1784541429673.4604,551.849,9373.0,205.46,1784540049468.0,10130.309
ss-26-780000,1784541428743.1404,1784541429347,1784541429468.0,1784541429673.4612,603.86,121.0,205.461,1784540049468.0,930.321
ss-88-780000,1784541423993.1506,1784541424295,1784541429468.0,1784541429673.4617,301.849,5173.0,205.462,1784540049468.0,5680.311
ss-28-780000,1784541426193.1536,1784541426395,1784541429468.0,1784541429673.4832,201.846,3073.0,205.483,1784540049468.0,3480.33
ss-50-780000,1784541425943.1465,1784541426395,1784541429468.0,1784541429673.4836,451.854,3073.0,205.484,1784540049468.0,3730.337
ss-82-780000,1784541424593.1445,1784541425345,1784541429468.0,1784541429673.4844,751.855,4123.0,205.484,1784540049468.0,5080.34
ss-38-780000,1784541428643.14,1784541429347,1784541429468.0,1784541429673.4846,703.86,121.0,205.485,1784540049468.0,1030.345
ss-73-780000,1784541422543.1394,1784541423245,1784541429468.0,1784541429673.485,701.861,6223.0,205.485,1784540049468.0,7130.346
ss-65-780000,1784541424943.14,1784541425345,1784541429468.0,1784541429673.4856,401.86,4123.0,205.486,1784540049468.0,4730.346
ss-90-780000,1784541428893.156,1784541429347,1784541429468.0,1784541429673.5212,453.844,121.0,205.521,1784540049468.0,780.365
ss-31-780000,1784541429093.1353,1784541429347,1784541429468.0,1784541429673.522,253.865,121.0,205.522,1784540049468.0,580.387
ss-55-780000,1784541425193.1433,1784541425345,1784541429468.0,1784541429673.5286,151.857,4123.0,205.529,1784540049468.0,4480.385
ss-52-780000,1784541426843.1406,1784541427445,1784541429468.0,1784541429673.5293,601.859,2023.0,205.529,1784540049468.0,2830.389
ss-53-780000,1784541426493.1406,1784541427445,1784541429468.0,1784541429673.563,951.859,2023.0,205.563,1784540049468.0,3180.422
ss-57-780000,1784541428793.1416,1784541429347,1784541429468.0,1784541429673.564,553.858,121.0,205.564,1784540049468.0,880.422
ss-80-780000,1784541428543.1396,1784541429347,1784541429468.0,1784541429673.5647,803.86,121.0,205.565,1784540049468.0,1130.425
ss-71-780000,1784541427293.1418,1784541427445,1784541429468.0,1784541429673.5654,151.858,2023.0,205.565,1784540049468.0,2380.424
ss-35-780000,1784541420293.1365,1784541421145,1784541429468.0,1784541429673.5664,851.864,8323.0,205.566,1784540049468.0,9380.43
ss-86-780000,1784541429293.1445,1784541429347,1784541429468.0,1784541429673.5933,53.855,121.0,205.593,1784540049468.0,380.449
ss-60-780000,1784541428693.14,1784541429347,1784541429468.0,1784541429673.5989,653.86,121.0,205.599,1784540049468.0,980.459
ss-15-780000,1784541427593.1401,1784541428495,1784541429468.0,1784541429673.5996,901.86,973.0,205.6,1784540049468.0,2080.459
ss-12-780000,1784541425643.152,1784541426395,1784541429468.0,1784541429673.6003,751.848,3073.0,205.6,1784540049468.0,4030.448
ss-79-780000,1784541421843.143,1784541422195,1784541429468.0,1784541429673.6064,351.857,7273.0,205.606,1784540049468.0,7830.463
ss-1-780000,1784541425293.1455,1784541425345,1784541429468.0,1784541429673.617,51.854,4123.0,205.617,1784540049468.0,4380.471
ss-36-780000,1784541427793.1406,1784541428495,1784541429468.0,1784541429673.6233,701.859,973.0,205.623,1784540049468.0,1880.483
ss-5-780000,1784541426043.1506,1784541426395,1784541429468.0,1784541429673.629,351.849,3073.0,205.629,1784540049468.0,3630.478
ss-46-780000,1784541423043.1445,1784541423245,1784541429468.0,1784541429673.6296,201.855,6223.0,205.63,1784540049468.0,6630.485
ss-6-780000,1784541426093.1477,1784541426395,1784541429468.0,1784541429673.6536,301.852,3073.0,205.654,1784540049468.0,3580.506
ss-77-780000,1784541429143.139,1784541429347,1784541429468.0,1784541429673.654,203.861,121.0,205.654,1784540049468.0,530.515
ss-45-780000,1784541427143.143,1784541427445,1784541429468.0,1784541429673.6587,301.857,2023.0,205.659,1784540049468.0,2530.516
ss-87-780000,1784541421993.1392,1784541422195,1784541429468.0,1784541429673.6592,201.861,7273.0,205.659,1784540049468.0,7680.52
ss-41-780000,1784541425393.1514,1784541426395,1784541429468.0,1784541429673.6882,1001.849,3073.0,205.688,1784540049468.0,4280.537
ss-22-780000,1784541427093.1438,1784541427445,1784541429469.0,1784541429673.689,351.856,2024.0,204.689,1784540049469.0,2580.545
ss-97-780000,1784541425993.3481,1784541426395,1784541429469.0,1784541429673.6948,401.652,3074.0,204.695,1784540049469.0,3680.347
ss-37-780000,1784541427243.1392,1784541427445,1784541429469.0,1784541429673.6956,201.861,2024.0,204.696,1784540049469.0,2430.556
ss-58-780000,1784541426443.1482,1784541427445,1784541429469.0,1784541429673.7017,1001.852,2024.0,204.702,1784540049469.0,3230.553
ss-56-780000,1784541428993.1375,1784541429347,1784541429469.0,1784541429673.7024,353.863,122.0,204.702,1784540049469.0,680.565
ss-63-780000,1784541426593.1433,1784541427445,1784541429469.0,1784541429673.732,851.857,2024.0,204.732,1784540049469.0,3080.589
ss-27-780000,1784541429193.1055,1784541429347,1784541429469.0,1784541429673.7327,153.895,122.0,204.733,1784540049469.0,480.627
ss-18-780000,1784541424843.1436,1784541425345,1784541429469.0,1784541429673.7334,501.856,4124.0,204.733,1784540049469.0,4830.59
ss-47-780000,1784541429043.1345,1784541429347,1784541429469.0,1784541429673.7346,303.865,122.0,204.735,1784540049469.0,630.6
ss-0-780000,1784541426393.1423,1784541426395,1784541429469.0,1784541429673.7556,1.858,3074.0,204.756,1784540049469.0,3280.613
ss-11-780000,1784541428143.162,1784541428495,1784541429469.0,1784541429673.756,351.838,974.0,204.756,1784540049469.0,1530.594
ss-49-780000,1784541427443.1387,1784541427445,1784541429469.0,1784541429673.7566,1.861,2024.0,204.757,1784540049469.0,2230.618
ss-70-780000,1784541424193.138,1784541424295,1784541429469.0,1784541429673.7615,101.862,5174.0,204.761,1784540049469.0,5480.624
ss-91-780000,1784541426943.15,1784541427445,1784541429469.0,1784541429673.762,501.85,2024.0,204.762,1784540049469.0,2730.612
ss-21-780000,1784541425543.1394,1784541426395,1784541429469.0,1784541429673.7805,851.861,3074.0,204.781,1784540049469.0,4130.641
ss-44-780000,1784541427643.1438,1784541428495,1784541429469.0,1784541429673.7815,851.856,974.0,204.781,1784540049469.0,2030.638
ss-83-780000,1784541423193.1396,1784541423245,1784541429469.0,1784541429673.8062,51.86,6224.0,204.806,1784540049469.0,6480.667
ss-75-780000,1784541426293.1396,1784541426395,1784541429469.0,1784541429673.807,101.86,3074.0,204.807,1784540049469.0,3380.667
ss-13-780000,1784541419943.142,1784541420095,1784541429469.0,1784541429673.813,151.858,9374.0,204.813,1784540049469.0,9730.671
ss-2-780000,1784541426993.1406,1784541427445,1784541429469.0,1784541429673.8137,451.859,2024.0,204.814,1784540049469.0,2680.673
ss-9-780000,1784541425043.141,1784541425345,1784541429469.0,1784541429673.832,301.859,4124.0,204.832,1784540049469.0,4630.691
ss-76-780000,1784541428943.1396,1784541429347,1784541429469.0,1784541429673.8325,403.86,122.0,204.833,1784540049469.0,730.693
ss-72-780000,1784541424543.1462,1784541425345,1784541429469.0,1784541429673.833,801.854,4124.0,204.833,1784540049469.0,5130.687
ss-59-780000,1784541425143.1455,1784541425345,1784541429469.0,1784541429673.86,201.854,4124.0,204.86,1784540049469.0,4530.715
ss-4-780000,1784541427893.2344,1784541428495,1784541429469.0,1784541429673.8608,601.766,974.0,204.861,1784540049469.0,1780.626
ss-32-780000,1784541426543.134,1784541427445,1784541429469.0,1784541429673.8655,901.866,2024.0,204.865,1784540049469.0,3130.731
ss-68-780000,1784541427393.1558,1784541427445,1784541429469.0,1784541429673.8662,51.844,2024.0,204.866,1784540049469.0,2280.71
ss-16-780000,1784541428843.1367,1784541429347,1784541429469.0,1784541429673.8708,503.863,122.0,204.871,1784540049469.0,830.734
ss-64-780000,1784541423593.1423,1784541424295,1784541429469.0,1784541429673.8716,701.858,5174.0,204.872,1784540049469.0,6080.729
ss-7-780000,1784541425243.1458,1784541425345,1784541429469.0,1784541429673.876,101.854,4124.0,204.876,1784540049469.0,4430.73
ss-51-780000,1784541428493.1367,1784541428495,1784541429469.0,1784541429673.907,1.863,974.0,204.907,1784540049469.0,1180.77
ss-3-780000,1784541424993.1418,1784541425345,1784541429469.0,1784541429673.9077,351.858,4124.0,204.908,1784540049469.0,4680.766
ss-74-780000,1784541428593.1418,1784541429347,1784541429469.0,1784541429673.908,753.858,122.0,204.908,1784540049469.0,1080.766
ss-85-780000,1784541427943.137,1784541428495,1784541429469.0,1784541429673.9128,551.863,974.0,204.913,1784540049469.0,1730.776
ss-43-780000,1784541427993.1367,1784541428495,1784541429469.0,1784541429673.9177,501.863,974.0,204.918,1784540049469.0,1680.781
ss-14-780000,1784541427343.1443,1784541427445,1784541429469.0,1784541429673.9182,101.856,2024.0,204.918,1784540049469.0,2330.774
ss-23-780000,1784541427193.1428,1784541427445,1784541429469.0,1784541429673.9473,251.857,2024.0,204.947,1784540049469.0,2480.804
ss-98-780000,1784541425343.145,1784541425345,1784541429469.0,1784541429673.948,1.855,4124.0,204.948,1784540049469.0,4330.803
ss-78-780000,1784541419393.1462,1784541420095,1784541429469.0,1784541429673.9485,701.854,9374.0,204.948,1784540049469.0,10280.802
ss-42-780000,1784541421293.1416,1784541422195,1784541429469.0,1784541429673.949,901.858,7274.0,204.949,1784540049469.0,8380.807
ss-54-780000,1784541421493.1394,1784541422195,1784541429469.0,1784541429673.9775,701.861,7274.0,204.978,1784540049469.0,8180.838
ss-92-780000,1784541423943.1416,1784541424295,1784541429469.0,1784541429673.9785,351.858,5174.0,204.979,1784540049469.0,5730.837
ss-96-780000,1784541429243.1396,1784541429347,1784541429469.0,1784541429673.9849,103.86,122.0,204.985,1784540049469.0,430.845
ss-29-780000,1784541422343.1392,1784541423245,1784541429469.0,1784541429673.9854,901.861,6224.0,204.985,1784540049469.0,7330.846
ss-95-780000,1784541422893.1414,1784541423245,1784541429469.0,1784541429673.9858,351.859,6224.0,204.986,1784540049469.0,6780.844
ss-34-780000,1784541428193.1414,1784541428495,1784541429469.0,1784541429674.0112,301.859,974.0,205.011,1784540049469.0,1480.87
ss-30-780000,1784541428343.1272,1784541428495,1784541429469.0,1784541429674.012,151.873,974.0,205.012,1784540049469.0,1330.885
ss-19-780000,1784541428043.1475,1784541428495,1784541429469.0,1784541429674.0278,451.853,974.0,205.028,1784540049469.0,1630.88
ss-24-780000,1784541427743.139,1784541428495,1784541429470.0,1784541429674.0286,751.861,975.0,204.029,1784540049470.0,1930.89
