event_id,t0_ms,t1_ms,t2_ms,t3_ms,write_to_input_append_latency_ms,input_append_to_result_emission_latency_ms,l_visibility_ms,l_closure_ms,latency_ms
tc-0-0,1784624207240.6748,1784624208052,1784624227828.0,1784624227987.5981,811.325,19776.0,159.598,1784624167828.0,20746.923
tc-1-0,1784624207540.691,1784624208052,1784624227835.0,1784624227987.6008,511.309,19783.0,152.601,1784624167835.0,20446.91
tc-10-0,1784624206680.6768,1784624207043,1784624227836.0,1784624227987.6018,362.323,20793.0,151.602,1784624167836.0,21306.925
tc-11-0,1784624206983.5352,1784624207043,1784624227836.0,1784624227987.6023,59.465,20793.0,151.602,1784624167836.0,21004.067
tc-12-0,1784624204260.669,1784624205023,1784624227836.0,1784624227987.603,762.331,22813.0,151.603,1784624167836.0,23726.934
tc-13-0,1784624207290.6743,1784624208052,1784624227836.0,1784624227987.6038,761.326,19784.0,151.604,1784624167836.0,20696.929
tc-14-0,1784624207470.6655,1784624208052,1784624227836.0,1784624227987.6125,581.334,19784.0,151.613,1784624167836.0,20516.947
tc-15-0,1784624206860.669,1784624207043,1784624227836.0,1784624227987.616,182.331,20793.0,151.616,1784624167836.0,21126.947
tc-16-0,1784624207430.6646,1784624208052,1784624227836.0,1784624227987.6172,621.335,19784.0,151.617,1784624167836.0,20556.953
tc-17-0,1784624206940.6711,1784624207043,1784624227836.0,1784624227987.6182,102.329,20793.0,151.618,1784624167836.0,21046.947
tc-18-0,1784624206360.671,1784624207043,1784624227836.0,1784624227987.6187,682.329,20793.0,151.619,1784624167836.0,21626.948
tc-19-0,1784624207300.6726,1784624208052,1784624227836.0,1784624227987.6304,751.327,19784.0,151.63,1784624167836.0,20686.958
tc-2-0,1784624207190.6716,1784624208052,1784624227837.0,1784624227987.6562,861.328,19785.0,150.656,1784624167837.0,20796.985
tc-20-0,1784624205180.6685,1784624206032,1784624227837.0,1784624227987.6567,851.332,21805.0,150.657,1784624167837.0,22806.988
tc-21-0,1784624206760.6716,1784624207043,1784624227837.0,1784624227987.7507,282.328,20794.0,150.751,1784624167837.0,21227.079
tc-22-0,1784624204840.6602,1784624205023,1784624227837.0,1784624227987.7524,182.34,22814.0,150.752,1784624167837.0,23147.092
tc-23-0,1784624203790.6855,1784624204032,1784624227837.0,1784624227987.7612,241.314,23805.0,150.761,1784624167837.0,24197.076
tc-24-0,1784624206950.6716,1784624207043,1784624227837.0,1784624227987.7625,92.328,20794.0,150.762,1784624167837.0,21037.091
tc-25-0,1784624206430.6653,1784624207043,1784624227837.0,1784624227987.7632,612.335,20794.0,150.763,1784624167837.0,21557.098
tc-26-0,1784624206670.6746,1784624207043,1784624227837.0,1784624227987.7634,372.325,20794.0,150.763,1784624167837.0,21317.089
tc-27-0,1784624207130.6626,1784624208052,1784624227837.0,1784624227987.7668,921.337,19785.0,150.767,1784624167837.0,20857.104
tc-28-0,1784624207520.6843,1784624208052,1784624227837.0,1784624227987.7925,531.316,19785.0,150.792,1784624167837.0,20467.108
tc-29-0,1784624205630.6692,1784624206032,1784624227837.0,1784624227987.7927,401.331,21805.0,150.793,1784624167837.0,22357.124
tc-3-0,1784624206630.6655,1784624207043,1784624227837.0,1784624227987.8164,412.334,20794.0,150.816,1784624167837.0,21357.151
tc-30-0,1784624206990.6843,1784624207043,1784624227838.0,1784624227987.817,52.316,20795.0,149.817,1784624167838.0,20997.133
tc-31-0,1784624207150.6658,1784624208052,1784624227838.0,1784624227987.8647,901.334,19786.0,149.865,1784624167838.0,20837.199
tc-32-0,1784624207440.664,1784624208052,1784624227838.0,1784624227987.866,611.336,19786.0,149.866,1784624167838.0,20547.202
tc-33-0,1784624207000.6772,1784624207043,1784624227838.0,1784624227987.8733,42.323,20795.0,149.873,1784624167838.0,20987.196
tc-34-0,1784624207140.6648,1784624208052,1784624227838.0,1784624227987.874,911.335,19786.0,149.874,1784624167838.0,20847.209
tc-35-0,1784624207090.6782,1784624208052,1784624227838.0,1784624227987.9138,961.322,19786.0,149.914,1784624167838.0,20897.236
tc-36-0,1784624206780.6753,1784624207043,1784624227838.0,1784624227987.9146,262.325,20795.0,149.915,1784624167838.0,21207.239
tc-37-0,1784624206140.6658,1784624207043,1784624227838.0,1784624227987.9153,902.334,20795.0,149.915,1784624167838.0,21847.25
tc-38-0,1784624207550.6907,1784624208052,1784624227838.0,1784624227987.9749,501.309,19786.0,149.975,1784624167838.0,20437.284
tc-39-0,1784624207180.6814,1784624208052,1784624227838.0,1784624227987.977,871.319,19786.0,149.977,1784624167838.0,20807.296
tc-4-0,1784624207410.6677,1784624208052,1784624227838.0,1784624227987.9778,641.332,19786.0,149.978,1784624167838.0,20577.31
tc-40-0,1784624206380.6646,1784624207043,1784624227838.0,1784624227987.9885,662.335,20795.0,149.989,1784624167838.0,21607.324
tc-41-0,1784624206400.6758,1784624207043,1784624227839.0,1784624227987.9893,642.324,20796.0,148.989,1784624167839.0,21587.313
tc-42-0,1784624206920.6758,1784624207043,1784624227839.0,1784624227988.0027,122.324,20796.0,149.003,1784624167839.0,21067.327
tc-43-0,1784624207070.6772,1784624208052,1784624227839.0,1784624227988.0115,981.323,19787.0,149.011,1784624167839.0,20917.334
tc-44-0,1784624206370.6736,1784624207043,1784624227839.0,1784624227988.0474,672.326,20796.0,149.047,1784624167839.0,21617.374
tc-45-0,1784624205250.6626,1784624206032,1784624227839.0,1784624227988.0525,781.337,21807.0,149.052,1784624167839.0,22737.39
tc-46-0,1784624207100.6738,1784624208052,1784624227839.0,1784624227988.1099,951.326,19787.0,149.11,1784624167839.0,20887.436
tc-47-0,1784624206610.674,1784624207043,1784624227839.0,1784624227988.1106,432.326,20796.0,149.111,1784624167839.0,21377.437
tc-48-0,1784624207060.6826,1784624208052,1784624227839.0,1784624227988.111,991.317,19787.0,149.111,1784624167839.0,20927.428
tc-49-0,1784624207510.681,1784624208052,1784624227839.0,1784624227988.1277,541.319,19787.0,149.128,1784624167839.0,20477.447
tc-5-0,1784624207380.6865,1784624208052,1784624227839.0,1784624227988.128,671.313,19787.0,149.128,1784624167839.0,20607.441
tc-50-0,1784624207250.6687,1784624208052,1784624227839.0,1784624227988.164,801.331,19787.0,149.164,1784624167839.0,20737.495
tc-51-0,1784624207160.6753,1784624208052,1784624227839.0,1784624227988.1646,891.325,19787.0,149.165,1784624167839.0,20827.489
tc-52-0,1784624207040.6653,1784624207043,1784624227839.0,1784624227988.1682,2.335,20796.0,149.168,1784624167839.0,20947.503
tc-53-0,1784624206770.6772,1784624207043,1784624227839.0,1784624227988.2,272.323,20796.0,149.2,1784624167839.0,21217.523
tc-54-0,1784624206620.6804,1784624207043,1784624227839.0,1784624227988.2114,422.32,20796.0,149.211,1784624167839.0,21367.531
tc-55-0,1784624202420.6775,1784624204032,1784624227839.0,1784624227988.2354,1611.323,23807.0,149.235,1784624167839.0,25567.558
tc-56-0,1784624204380.6672,1784624205023,1784624227840.0,1784624227988.2793,642.333,22817.0,148.279,1784624167840.0,23607.612
tc-57-0,1784624207280.6858,1784624208052,1784624227840.0,1784624227988.2812,771.314,19788.0,148.281,1784624167840.0,20707.595
tc-58-0,1784624207360.67,1784624208052,1784624227840.0,1784624227988.299,691.33,19788.0,148.299,1784624167840.0,20627.629
tc-59-0,1784624207270.6724,1784624208052,1784624227840.0,1784624227988.3618,781.328,19788.0,148.362,1784624167840.0,20717.689
tc-6-0,1784624206740.6797,1784624207043,1784624227840.0,1784624227988.3628,302.32,20797.0,148.363,1784624167840.0,21247.683
tc-60-0,1784624207220.676,1784624208052,1784624227840.0,1784624227988.3635,831.324,19788.0,148.364,1784624167840.0,20767.688
tc-61-0,1784624206840.664,1784624207043,1784624227840.0,1784624227988.3896,202.336,20797.0,148.39,1784624167840.0,21147.726
tc-62-0,1784624206330.666,1784624207043,1784624227840.0,1784624227988.4165,712.334,20797.0,148.417,1784624167840.0,21657.75
tc-63-0,1784624206900.677,1784624207043,1784624227840.0,1784624227988.4172,142.323,20797.0,148.417,1784624167840.0,21087.74
tc-64-0,1784624206890.667,1784624207043,1784624227840.0,1784624227988.4336,152.333,20797.0,148.434,1784624167840.0,21097.767
tc-65-0,1784624206590.6746,1784624207043,1784624227840.0,1784624227988.434,452.325,20797.0,148.434,1784624167840.0,21397.76
tc-66-0,1784624207310.6667,1784624208052,1784624227840.0,1784624227988.6729,741.333,19788.0,148.673,1784624167840.0,20678.006
tc-67-0,1784624207490.6575,1784624208052,1784624227840.0,1784624227988.689,561.343,19788.0,148.689,1784624167840.0,20498.031
tc-68-0,1784624205770.6907,1784624206032,1784624227840.0,1784624227988.72,261.309,21808.0,148.72,1784624167840.0,22218.029
tc-69-0,1784624204960.671,1784624205023,1784624227841.0,1784624227988.7307,62.329,22818.0,147.731,1784624167841.0,23028.06
tc-7-0,1784624207080.6868,1784624208052,1784624227841.0,1784624227988.7456,971.313,19789.0,147.746,1784624167841.0,20908.059
tc-70-0,1784624207370.667,1784624208052,1784624227841.0,1784624227988.7725,681.333,19789.0,147.772,1784624167841.0,20618.105
tc-71-0,1784624204080.678,1784624205023,1784624227841.0,1784624227988.7803,942.322,22818.0,147.78,1784624167841.0,23908.102
tc-72-0,1784624207400.6707,1784624208052,1784624227841.0,1784624227988.811,651.329,19789.0,147.811,1784624167841.0,20588.14
tc-73-0,1784624202240.667,1784624204032,1784624227841.0,1784624227988.828,1791.333,23809.0,147.828,1784624167841.0,25748.161
tc-74-0,1784624207500.6875,1784624208052,1784624227841.0,1784624227988.8286,551.312,19789.0,147.829,1784624167841.0,20488.141
tc-75-0,1784624207230.6753,1784624208052,1784624227841.0,1784624227988.8723,821.325,19789.0,147.872,1784624167841.0,20758.197
tc-76-0,1784624207530.6714,1784624208052,1784624227841.0,1784624227988.873,521.329,19789.0,147.873,1784624167841.0,20458.202
tc-77-0,1784624206240.6658,1784624207043,1784624227841.0,1784624227988.9265,802.334,20798.0,147.927,1784624167841.0,21748.261
tc-78-0,1784624205920.6648,1784624206032,1784624227841.0,1784624227988.927,111.335,21809.0,147.927,1784624167841.0,22068.262
tc-79-0,1784624204410.666,1784624205023,1784624227841.0,1784624227988.9277,612.334,22818.0,147.928,1784624167841.0,23578.262
tc-8-0,1784624206470.67,1784624207043,1784624227841.0,1784624227988.946,572.33,20798.0,147.946,1784624167841.0,21518.276
tc-80-0,1784624206250.6663,1784624207043,1784624227841.0,1784624227988.9585,792.334,20798.0,147.958,1784624167841.0,21738.292
tc-81-0,1784624207450.6682,1784624208052,1784624227841.0,1784624227989.0334,601.332,19789.0,148.033,1784624167841.0,20538.365
tc-82-0,1784624207340.666,1784624208052,1784624227841.0,1784624227989.0344,711.334,19789.0,148.034,1784624167841.0,20648.368
tc-83-0,1784624206810.6667,1784624207043,1784624227841.0,1784624227989.035,232.333,20798.0,148.035,1784624167841.0,21178.368
tc-84-0,1784624206550.682,1784624207043,1784624227841.0,1784624227989.059,492.318,20798.0,148.059,1784624167841.0,21438.377
tc-85-0,1784624206850.672,1784624207043,1784624227841.0,1784624227989.0986,192.328,20798.0,148.099,1784624167841.0,21138.427
tc-86-0,1784624206050.674,1784624207043,1784624227842.0,1784624227989.099,992.326,20799.0,147.099,1784624167842.0,21938.425
tc-87-0,1784624207320.68,1784624208052,1784624227842.0,1784624227989.103,731.32,19790.0,147.103,1784624167842.0,20668.423
tc-88-0,1784624206040.67,1784624207043,1784624227842.0,1784624227989.1094,1002.33,20799.0,147.109,1784624167842.0,21948.439
tc-89-0,1784624207460.671,1784624208052,1784624227842.0,1784624227989.139,591.329,19790.0,147.139,1784624167842.0,20528.468
tc-9-0,1784624207480.6863,1784624208052,1784624227842.0,1784624227989.1655,571.314,19790.0,147.166,1784624167842.0,20508.479
tc-90-0,1784624207210.6763,1784624208052,1784624227842.0,1784624227989.1692,841.324,19790.0,147.169,1784624167842.0,20778.493
tc-91-0,1784624207420.668,1784624208052,1784624227842.0,1784624227989.1697,631.332,19790.0,147.17,1784624167842.0,20568.502
tc-92-0,1784624207330.667,1784624208052,1784624227842.0,1784624227989.1921,721.333,19790.0,147.192,1784624167842.0,20658.525
tc-93-0,1784624206690.677,1784624207043,1784624227842.0,1784624227989.212,352.323,20799.0,147.212,1784624167842.0,21298.535
tc-94-0,1784624206800.6692,1784624207043,1784624227842.0,1784624227989.23,242.331,20799.0,147.23,1784624167842.0,21188.561
tc-95-0,1784624205970.6667,1784624206032,1784624227842.0,1784624227989.2332,61.333,21810.0,147.233,1784624167842.0,22018.566
tc-96-0,1784624206710.6777,1784624207043,1784624227842.0,1784624227989.2437,332.322,20799.0,147.244,1784624167842.0,21278.566
tc-97-0,1784624207350.6648,1784624208052,1784624227842.0,1784624227989.2937,701.335,19790.0,147.294,1784624167842.0,20638.629
tc-98-0,1784624205910.6724,1784624206032,1784624227842.0,1784624227989.2947,121.328,21810.0,147.295,1784624167842.0,22078.622
tc-99-0,1784624204480.6655,1784624205023,1784624227842.0,1784624227989.2952,542.334,22819.0,147.295,1784624167842.0,23508.63
tc-0-60000,1784624212420.6663,1784624213092,1784624227884.0,1784624227989.3079,671.334,14792.0,105.308,1784624107884.0,15568.642
tc-1-60000,1784624211290.6802,1784624212082,1784624227884.0,1784624227989.324,791.32,15802.0,105.324,1784624107884.0,16698.644
tc-10-60000,1784624212560.667,1784624213092,1784624227884.0,1784624227989.3296,531.333,14792.0,105.33,1784624107884.0,15428.663
tc-11-60000,1784624212360.6704,1784624213092,1784624227885.0,1784624227989.375,731.33,14793.0,104.375,1784624107885.0,15628.705
tc-12-60000,1784624212600.6628,1784624213092,1784624227885.0,1784624227989.3762,491.337,14793.0,104.376,1784624107885.0,15388.713
tc-13-60000,1784624213500.6594,1784624214103,1784624227885.0,1784624227989.381,602.341,13782.0,104.381,1784624107885.0,14488.722
tc-14-60000,1784624212540.67,1784624213092,1784624227885.0,1784624227989.4521,551.33,14793.0,104.452,1784624107885.0,15448.782
tc-15-60000,1784624213320.6758,1784624214103,1784624227885.0,1784624227989.453,782.324,13782.0,104.453,1784624107885.0,14668.777
tc-16-60000,1784624212140.6685,1784624213092,1784624227885.0,1784624227989.4534,951.332,14793.0,104.453,1784624107885.0,15848.785
tc-17-60000,1784624211060.6775,1784624211072,1784624227885.0,1784624227989.454,11.323,16813.0,104.454,1784624107885.0,16928.777
tc-18-60000,1784624213180.68,1784624214103,1784624227885.0,1784624227989.4614,922.32,13782.0,104.461,1784624107885.0,14808.781
tc-19-60000,1784624213040.6748,1784624213092,1784624227885.0,1784624227989.466,51.325,14793.0,104.466,1784624107885.0,14948.791
tc-2-60000,1784624212190.6838,1784624213092,1784624227885.0,1784624227989.4756,901.316,14793.0,104.476,1784624107885.0,15798.792
tc-20-60000,1784624213390.6687,1784624214103,1784624227885.0,1784624227989.492,712.331,13782.0,104.492,1784624107885.0,14598.823
tc-21-60000,1784624213010.6768,1784624213092,1784624227885.0,1784624227989.506,81.323,14793.0,104.506,1784624107885.0,14978.829
tc-22-60000,1784624210780.6763,1784624211072,1784624227885.0,1784624227989.5422,291.324,16813.0,104.542,1784624107885.0,17208.866
tc-23-60000,1784624213450.664,1784624214103,1784624227885.0,1784624227989.543,652.336,13782.0,104.543,1784624107885.0,14538.879
tc-24-60000,1784624212990.6846,1784624213092,1784624227885.0,1784624227989.5708,101.315,14793.0,104.571,1784624107885.0,14998.886
tc-25-60000,1784624213540.677,1784624214103,1784624227885.0,1784624227989.5737,562.323,13782.0,104.574,1784624107885.0,14448.897
tc-26-60000,1784624213100.814,1784624214103,1784624227885.0,1784624227989.5896,1002.186,13782.0,104.59,1784624107885.0,14888.776
tc-27-60000,1784624213520.6692,1784624214103,1784624227885.0,1784624227989.6167,582.331,13782.0,104.617,1784624107885.0,14468.948
tc-28-60000,1784624213150.6633,1784624214103,1784624227885.0,1784624227989.6196,952.337,13782.0,104.62,1784624107885.0,14838.956
tc-29-60000,1784624213300.6638,1784624214103,1784624227885.0,1784624227989.684,802.336,13782.0,104.684,1784624107885.0,14689.02
tc-3-60000,1784624211920.6843,1784624212082,1784624227886.0,1784624227989.6848,161.316,15804.0,103.685,1784624107886.0,16069.0
tc-30-60000,1784624211660.6736,1784624212082,1784624227886.0,1784624227989.6934,421.326,15804.0,103.693,1784624107886.0,16329.02
tc-31-60000,1784624212940.6714,1784624213092,1784624227886.0,1784624227990.1948,151.329,14794.0,104.195,1784624107886.0,15049.523
tc-32-60000,1784624213510.665,1784624214103,1784624227886.0,1784624227990.1958,592.335,13783.0,104.196,1784624107886.0,14479.531
tc-33-60000,1784624213340.6653,1784624214103,1784624227886.0,1784624227990.1963,762.335,13783.0,104.196,1784624107886.0,14649.531
tc-34-60000,1784624212900.6475,1784624213092,1784624227886.0,1784624227990.1965,191.353,14794.0,104.197,1784624107886.0,15089.549
tc-35-60000,1784624213070.667,1784624213092,1784624227886.0,1784624227990.2024,21.333,14794.0,104.202,1784624107886.0,14919.535
tc-36-60000,1784624212400.6672,1784624213092,1784624227886.0,1784624227990.203,691.333,14794.0,104.203,1784624107886.0,15589.536
tc-37-60000,1784624209090.665,1784624210063,1784624227886.0,1784624227990.2034,972.335,17823.0,104.203,1784624107886.0,18899.538
tc-38-60000,1784624213060.669,1784624213092,1784624227886.0,1784624227990.2036,31.331,14794.0,104.204,1784624107886.0,14929.535
tc-39-60000,1784624211820.6855,1784624212082,1784624227886.0,1784624227990.204,261.314,15804.0,104.204,1784624107886.0,16169.519
tc-4-60000,1784624213120.664,1784624214103,1784624227886.0,1784624227990.2043,982.336,13783.0,104.204,1784624107886.0,14869.54
tc-40-60000,1784624212170.669,1784624213092,1784624227886.0,1784624227990.2048,921.331,14794.0,104.205,1784624107886.0,15819.536
tc-41-60000,1784624212980.6729,1784624213092,1784624227886.0,1784624227990.2053,111.327,14794.0,104.205,1784624107886.0,15009.532
tc-42-60000,1784624212860.6648,1784624213092,1784624227886.0,1784624227990.2058,231.335,14794.0,104.206,1784624107886.0,15129.541
tc-43-60000,1784624209240.6736,1784624210063,1784624227886.0,1784624227990.2065,822.326,17823.0,104.207,1784624107886.0,18749.533
tc-44-60000,1784624213550.6646,1784624214103,1784624227886.0,1784624227990.2068,552.335,13783.0,104.207,1784624107886.0,14439.542
tc-45-60000,1784624209500.6687,1784624210063,1784624227886.0,1784624227990.2073,562.331,17823.0,104.207,1784624107886.0,18489.539
tc-46-60000,1784624212000.6963,1784624212082,1784624227886.0,1784624227990.2075,81.304,15804.0,104.208,1784624107886.0,15989.511
tc-47-60000,1784624212650.6655,1784624213092,1784624227886.0,1784624227990.208,441.334,14794.0,104.208,1784624107886.0,15339.542
tc-48-60000,1784624211720.6714,1784624212082,1784624227886.0,1784624227990.2083,361.329,15804.0,104.208,1784624107886.0,16269.537
tc-49-60000,1784624213480.669,1784624214103,1784624227887.0,1784624227990.2085,622.331,13784.0,103.208,1784624107887.0,14509.54
tc-5-60000,1784624211930.6687,1784624212082,1784624227887.0,1784624227990.2087,151.331,15805.0,103.209,1784624107887.0,16059.54
tc-50-60000,1784624212610.685,1784624213092,1784624227887.0,1784624227990.209,481.315,14795.0,103.209,1784624107887.0,15379.524
tc-51-60000,1784624213370.6587,1784624214103,1784624227887.0,1784624227990.2092,732.341,13784.0,103.209,1784624107887.0,14619.551
tc-52-60000,1784624213430.667,1784624214103,1784624227887.0,1784624227990.2095,672.333,13784.0,103.209,1784624107887.0,14559.542
tc-53-60000,1784624213360.657,1784624214103,1784624227887.0,1784624227990.21,742.343,13784.0,103.21,1784624107887.0,14629.553
tc-54-60000,1784624213400.6628,1784624214103,1784624227887.0,1784624227990.2102,702.337,13784.0,103.21,1784624107887.0,14589.547
tc-55-60000,1784624213330.6716,1784624214103,1784624227887.0,1784624227990.2104,772.328,13784.0,103.21,1784624107887.0,14659.539
tc-56-60000,1784624211190.6821,1784624212082,1784624227887.0,1784624227990.2622,891.318,15805.0,103.262,1784624107887.0,16799.58
tc-57-60000,1784624212790.6685,1784624213092,1784624227887.0,1784624227990.3643,301.332,14795.0,103.364,1784624107887.0,15199.696
tc-58-60000,1784624213410.671,1784624214103,1784624227887.0,1784624227990.4084,692.329,13784.0,103.408,1784624107887.0,14579.738
tc-59-60000,1784624213170.6636,1784624214103,1784624227887.0,1784624227990.409,932.336,13784.0,103.409,1784624107887.0,14819.745
tc-6-60000,1784624211560.6677,1784624212082,1784624227887.0,1784624227990.4143,521.332,15805.0,103.414,1784624107887.0,16429.747
tc-60-60000,1784624212260.666,1784624213092,1784624227887.0,1784624227990.455,831.334,14795.0,103.455,1784624107887.0,15729.789
tc-61-60000,1784624212130.6672,1784624213092,1784624227887.0,1784624227990.456,961.333,14795.0,103.456,1784624107887.0,15859.789
tc-62-60000,1784624213490.6594,1784624214103,1784624227887.0,1784624227990.4717,612.341,13784.0,103.472,1784624107887.0,14499.812
tc-63-60000,1784624212530.6682,1784624213092,1784624227887.0,1784624227990.478,561.332,14795.0,103.478,1784624107887.0,15459.81
tc-64-60000,1784624212890.6626,1784624213092,1784624227887.0,1784624227990.5452,201.337,14795.0,103.545,1784624107887.0,15099.883
tc-65-60000,1784624212480.6624,1784624213092,1784624227887.0,1784624227990.5457,611.338,14795.0,103.546,1784624107887.0,15509.883
tc-66-60000,1784624212960.6682,1784624213092,1784624227887.0,1784624227990.546,131.332,14795.0,103.546,1784624107887.0,15029.878
tc-67-60000,1784624212390.6702,1784624213092,1784624227888.0,1784624227990.5498,701.33,14796.0,102.55,1784624107888.0,15599.88
tc-68-60000,1784624212720.6729,1784624213092,1784624227888.0,1784624227990.5771,371.327,14796.0,102.577,1784624107888.0,15269.904
tc-69-60000,1784624212680.6812,1784624213092,1784624227888.0,1784624227990.6216,411.319,14796.0,102.622,1784624107888.0,15309.94
tc-7-60000,1784624211240.6738,1784624212082,1784624227888.0,1784624227990.6267,841.326,15806.0,102.627,1784624107888.0,16749.953
tc-70-60000,1784624212800.701,1784624213092,1784624227888.0,1784624227990.6272,291.299,14796.0,102.627,1784624107888.0,15189.926
tc-71-60000,1784624211160.6672,1784624212082,1784624227888.0,1784624227990.6545,921.333,15806.0,102.655,1784624107888.0,16829.987
tc-72-60000,1784624210970.666,1784624211072,1784624227888.0,1784624227990.7043,101.334,16816.0,102.704,1784624107888.0,17020.038
tc-73-60000,1784624213230.6653,1784624214103,1784624227888.0,1784624227990.705,872.335,13785.0,102.705,1784624107888.0,14760.04
tc-74-60000,1784624210830.6846,1784624211072,1784624227888.0,1784624227990.7053,241.315,16816.0,102.705,1784624107888.0,17160.021
tc-75-60000,1784624211990.67,1784624212082,1784624227888.0,1784624227990.7063,91.33,15806.0,102.706,1784624107888.0,16000.036
tc-76-60000,1784624211710.6814,1784624212082,1784624227888.0,1784624227990.72,371.319,15806.0,102.72,1784624107888.0,16280.039
tc-77-60000,1784624213190.6697,1784624214103,1784624227888.0,1784624227990.723,912.33,13785.0,102.723,1784624107888.0,14800.053
tc-78-60000,1784624211370.6655,1784624212082,1784624227888.0,1784624227990.763,711.334,15806.0,102.763,1784624107888.0,16620.097
tc-79-60000,1784624213420.664,1784624214103,1784624227888.0,1784624227990.7637,682.336,13785.0,102.764,1784624107888.0,14570.1
tc-8-60000,1784624211980.662,1784624212082,1784624227888.0,1784624227990.82,101.338,15806.0,102.82,1784624107888.0,16010.158
tc-80-60000,1784624213160.663,1784624214103,1784624227888.0,1784624227990.8213,942.337,13785.0,102.821,1784624107888.0,14830.158
tc-81-60000,1784624212550.6633,1784624213092,1784624227888.0,1784624227990.828,541.337,14796.0,102.828,1784624107888.0,15440.165
tc-82-60000,1784624212870.666,1784624213092,1784624227889.0,1784624227990.859,221.334,14797.0,101.859,1784624107889.0,15120.193
tc-83-60000,1784624213460.6628,1784624214103,1784624227889.0,1784624227990.86,642.337,13786.0,101.86,1784624107889.0,14530.197
tc-84-60000,1784624213020.6833,1784624213092,1784624227889.0,1784624227990.8633,71.317,14797.0,101.863,1784624107889.0,14970.18
tc-85-60000,1784624212020.6711,1784624212082,1784624227889.0,1784624227990.903,61.329,15807.0,101.903,1784624107889.0,15970.232
tc-86-60000,1784624213440.6643,1784624214103,1784624227889.0,1784624227990.9036,662.336,13786.0,101.904,1784624107889.0,14550.239
tc-87-60000,1784624211590.6826,1784624212082,1784624227889.0,1784624227990.904,491.317,15807.0,101.904,1784624107889.0,16400.221
tc-88-60000,1784624212830.672,1784624213092,1784624227889.0,1784624227990.9048,261.328,14797.0,101.905,1784624107889.0,15160.233
tc-89-60000,1784624213350.6572,1784624214103,1784624227889.0,1784624227990.9055,752.343,13786.0,101.906,1784624107889.0,14640.248
tc-9-60000,1784624211850.6814,1784624212082,1784624227889.0,1784624227990.9087,231.319,15807.0,101.909,1784624107889.0,16140.227
tc-90-60000,1784624212330.6738,1784624213092,1784624227889.0,1784624227990.952,761.326,14797.0,101.952,1784624107889.0,15660.278
tc-91-60000,1784624213530.6775,1784624214103,1784624227889.0,1784624227991.0442,572.323,13786.0,102.044,1784624107889.0,14460.367
tc-92-60000,1784624213270.6646,1784624214103,1784624227889.0,1784624227991.0447,832.335,13786.0,102.045,1784624107889.0,14720.38
tc-93-60000,1784624213000.6873,1784624213092,1784624227889.0,1784624227991.0452,91.313,14797.0,102.045,1784624107889.0,14990.358
tc-94-60000,1784624213210.6746,1784624214103,1784624227889.0,1784624227991.0457,892.325,13786.0,102.046,1784624107889.0,14780.371
tc-95-60000,1784624213240.6606,1784624214103,1784624227889.0,1784624227991.1216,862.339,13786.0,102.122,1784624107889.0,14750.461
tc-96-60000,1784624212910.677,1784624213092,1784624227889.0,1784624227991.128,181.323,14797.0,102.128,1784624107889.0,15080.451
tc-97-60000,1784624210760.6804,1784624211072,1784624227889.0,1784624227991.1287,311.32,16817.0,102.129,1784624107889.0,17230.448
tc-98-60000,1784624212310.6736,1784624213092,1784624227889.0,1784624227991.136,781.326,14797.0,102.136,1784624107889.0,15680.462
tc-99-60000,1784624213470.667,1784624214103,1784624227889.0,1784624227991.2095,632.333,13786.0,102.209,1784624107889.0,14520.542
tc-0-120000,1784624218130.6716,1784624218133,1784624238003.0,1784624238105.357,2.328,19870.0,102.357,1784624058003.0,19974.685
tc-1-120000,1784624219340.6704,1784624220151,1784624238003.0,1784624238105.3623,810.33,17852.0,102.362,1784624058003.0,18764.692
tc-10-120000,1784624217840.6904,1784624218133,1784624238003.0,1784624238105.3635,292.31,19870.0,102.364,1784624058003.0,20264.673
tc-11-120000,1784624219170.6633,1784624220151,1784624238003.0,1784624238105.3643,980.337,17852.0,102.364,1784624058003.0,18934.701
tc-12-120000,1784624218970.6738,1784624219141,1784624238003.0,1784624238105.3655,170.326,18862.0,102.365,1784624058003.0,19134.692
tc-13-120000,1784624219500.6726,1784624220151,1784624238003.0,1784624238105.3662,650.327,17852.0,102.366,1784624058003.0,18604.694
tc-14-120000,1784624219020.6826,1784624219141,1784624238003.0,1784624238105.3674,120.317,18862.0,102.367,1784624058003.0,19084.685
tc-15-120000,1784624219110.697,1784624219141,1784624238004.0,1784624238105.3823,30.303,18863.0,101.382,1784624058004.0,18994.685
tc-16-120000,1784624219120.6663,1784624219141,1784624238004.0,1784624238105.3882,20.334,18863.0,101.388,1784624058004.0,18984.722
tc-17-120000,1784624218860.664,1784624219141,1784624238004.0,1784624238105.3933,280.336,18863.0,101.393,1784624058004.0,19244.729
tc-18-120000,1784624219100.6924,1784624219141,1784624238004.0,1784624238105.414,40.308,18863.0,101.414,1784624058004.0,19004.722
tc-19-120000,1784624219530.6636,1784624220151,1784624238004.0,1784624238105.4153,620.336,17853.0,101.415,1784624058004.0,18574.752
tc-2-120000,1784624219420.664,1784624220151,1784624238004.0,1784624238105.4163,730.336,17853.0,101.416,1784624058004.0,18684.752
tc-20-120000,1784624218100.6743,1784624218133,1784624238004.0,1784624238105.417,32.326,19871.0,101.417,1784624058004.0,20004.743
tc-21-120000,1784624219040.6726,1784624219141,1784624238004.0,1784624238105.4226,100.327,18863.0,101.423,1784624058004.0,19064.75
tc-22-120000,1784624218460.6765,1784624219141,1784624238004.0,1784624238105.4275,680.323,18863.0,101.427,1784624058004.0,19644.751
tc-23-120000,1784624217800.6704,1784624218133,1784624238004.0,1784624238105.4285,332.33,19871.0,101.428,1784624058004.0,20304.758
tc-24-120000,1784624218380.676,1784624219141,1784624238004.0,1784624238105.4333,760.324,18863.0,101.433,1784624058004.0,19724.757
tc-25-120000,1784624217830.685,1784624218133,1784624238004.0,1784624238105.4626,302.315,19871.0,101.463,1784624058004.0,20274.778
tc-26-120000,1784624217890.6614,1784624218133,1784624238004.0,1784624238105.4636,242.339,19871.0,101.464,1784624058004.0,20214.802
tc-27-120000,1784624219400.6714,1784624220151,1784624238004.0,1784624238105.4644,750.329,17853.0,101.464,1784624058004.0,18704.793
tc-28-120000,1784624219510.6716,1784624220151,1784624238004.0,1784624238105.465,640.328,17853.0,101.465,1784624058004.0,18594.793
tc-29-120000,1784624218550.661,1784624219141,1784624238004.0,1784624238105.4658,590.339,18863.0,101.466,1784624058004.0,19554.805
tc-3-120000,1784624218350.6658,1784624219141,1784624238004.0,1784624238105.4666,790.334,18863.0,101.467,1784624058004.0,19754.801
tc-30-120000,1784624219360.674,1784624220151,1784624238004.0,1784624238105.4673,790.326,17853.0,101.467,1784624058004.0,18744.793
tc-31-120000,1784624219290.6619,1784624220151,1784624238004.0,1784624238105.5193,860.338,17853.0,101.519,1784624058004.0,18814.857
tc-32-120000,1784624217600.659,1784624218133,1784624238004.0,1784624238105.52,532.341,19871.0,101.52,1784624058004.0,20504.861
tc-33-120000,1784624217630.6694,1784624218133,1784624238004.0,1784624238105.5208,502.331,19871.0,101.521,1784624058004.0,20474.851
tc-34-120000,1784624219070.6846,1784624219141,1784624238005.0,1784624238105.5215,70.315,18864.0,100.521,1784624058005.0,19034.837
tc-35-120000,1784624217880.6611,1784624218133,1784624238005.0,1784624238105.756,252.339,19872.0,100.756,1784624058005.0,20225.095
tc-36-120000,1784624219390.6729,1784624220151,1784624238005.0,1784624238105.7576,760.327,17854.0,100.758,1784624058005.0,18715.085
tc-37-120000,1784624219130.6646,1784624219141,1784624238005.0,1784624238105.7583,10.335,18864.0,100.758,1784624058005.0,18975.094
tc-38-120000,1784624215290.6614,1784624216116,1784624238005.0,1784624238105.759,825.339,21889.0,100.759,1784624058005.0,22815.098
tc-39-120000,1784624219280.6648,1784624220151,1784624238005.0,1784624238105.7607,870.335,17854.0,100.761,1784624058005.0,18825.096
tc-4-120000,1784624218960.6667,1784624219141,1784624238005.0,1784624238105.7615,180.333,18864.0,100.761,1784624058005.0,19145.095
tc-40-120000,1784624217520.688,1784624218133,1784624238005.0,1784624238105.7622,612.312,19872.0,100.762,1784624058005.0,20585.074
tc-41-120000,1784624218740.6675,1784624219141,1784624238005.0,1784624238105.763,400.333,18864.0,100.763,1784624058005.0,19365.095
tc-42-120000,1784624218680.6685,1784624219141,1784624238005.0,1784624238105.7637,460.332,18864.0,100.764,1784624058005.0,19425.095
tc-43-120000,1784624219540.671,1784624220151,1784624238005.0,1784624238105.7644,610.329,17854.0,100.764,1784624058005.0,18565.094
tc-44-120000,1784624219450.6868,1784624220151,1784624238005.0,1784624238105.7654,700.313,17854.0,100.765,1784624058005.0,18655.079
tc-45-120000,1784624219550.664,1784624220151,1784624238005.0,1784624238105.766,600.336,17854.0,100.766,1784624058005.0,18555.102
tc-46-120000,1784624219240.6675,1784624220151,1784624238005.0,1784624238105.7668,910.333,17854.0,100.767,1784624058005.0,18865.099
tc-47-120000,1784624218110.6704,1784624218133,1784624238005.0,1784624238105.7676,22.33,19872.0,100.768,1784624058005.0,19995.097
tc-48-120000,1784624218210.6943,1784624219141,1784624238005.0,1784624238105.7683,930.306,18864.0,100.768,1784624058005.0,19895.074
tc-49-120000,1784624219320.6685,1784624220151,1784624238005.0,1784624238105.7693,830.332,17854.0,100.769,1784624058005.0,18785.101
tc-5-120000,1784624219010.6853,1784624219141,1784624238005.0,1784624238105.77,130.315,18864.0,100.77,1784624058005.0,19095.085
tc-50-120000,1784624218870.6648,1784624219141,1784624238005.0,1784624238105.7708,270.335,18864.0,100.771,1784624058005.0,19235.106
tc-51-120000,1784624218720.669,1784624219141,1784624238005.0,1784624238105.7715,420.331,18864.0,100.771,1784624058005.0,19385.103
tc-52-120000,1784624219140.6663,1784624219141,1784624238006.0,1784624238105.8274,0.334,18865.0,99.827,1784624058006.0,18965.161
tc-53-120000,1784624217660.6736,1784624218133,1784624238006.0,1784624238105.8284,472.326,19873.0,99.828,1784624058006.0,20445.155
tc-54-120000,1784624218780.6636,1784624219141,1784624238006.0,1784624238105.9028,360.336,18865.0,99.903,1784624058006.0,19325.239
tc-55-120000,1784624218830.6804,1784624219141,1784624238006.0,1784624238105.905,310.32,18865.0,99.905,1784624058006.0,19275.225
tc-56-120000,1784624219480.6633,1784624220151,1784624238006.0,1784624238105.906,670.337,17855.0,99.906,1784624058006.0,18625.243
tc-57-120000,1784624218260.6724,1784624219141,1784624238006.0,1784624238105.9067,880.328,18865.0,99.907,1784624058006.0,19845.234
tc-58-120000,1784624219190.6729,1784624220151,1784624238006.0,1784624238105.9077,960.327,17855.0,99.908,1784624058006.0,18915.235
tc-59-120000,1784624219080.6846,1784624219141,1784624238006.0,1784624238105.9194,60.315,18865.0,99.919,1784624058006.0,19025.235
tc-6-120000,1784624218650.6729,1784624219141,1784624238006.0,1784624238105.9204,490.327,18865.0,99.92,1784624058006.0,19455.248
tc-60-120000,1784624219270.6614,1784624220151,1784624238006.0,1784624238105.9211,880.339,17855.0,99.921,1784624058006.0,18835.26
tc-61-120000,1784624217580.6726,1784624218133,1784624238006.0,1784624238105.9922,552.327,19873.0,99.992,1784624058006.0,20525.32
tc-62-120000,1784624219380.667,1784624220151,1784624238006.0,1784624238105.9937,770.333,17855.0,99.994,1784624058006.0,18725.327
tc-63-120000,1784624218020.658,1784624218133,1784624238006.0,1784624238105.9946,112.342,19873.0,99.995,1784624058006.0,20085.337
tc-64-120000,1784624218840.665,1784624219141,1784624238006.0,1784624238105.9956,300.335,18865.0,99.996,1784624058006.0,19265.331
tc-65-120000,1784624219310.6748,1784624220151,1784624238006.0,1784624238105.9966,840.325,17855.0,99.997,1784624058006.0,18795.322
tc-66-120000,1784624219470.6624,1784624220151,1784624238006.0,1784624238106.004,680.338,17855.0,100.004,1784624058006.0,18635.342
tc-67-120000,1784624218810.6663,1784624219141,1784624238007.0,1784624238106.013,330.334,18866.0,99.013,1784624058007.0,19295.347
tc-68-120000,1784624219090.6853,1784624219141,1784624238007.0,1784624238106.014,50.315,18866.0,99.014,1784624058007.0,19015.329
tc-69-120000,1784624219180.6675,1784624220151,1784624238007.0,1784624238106.0146,970.333,17856.0,99.015,1784624058007.0,18925.347
tc-7-120000,1784624219410.6716,1784624220151,1784624238007.0,1784624238106.1147,740.328,17856.0,99.115,1784624058007.0,18695.443
tc-70-120000,1784624219430.666,1784624220151,1784624238007.0,1784624238106.1157,720.334,17856.0,99.116,1784624058007.0,18675.45
tc-71-120000,1784624219370.6636,1784624220151,1784624238007.0,1784624238106.1167,780.336,17856.0,99.117,1784624058007.0,18735.453
tc-72-120000,1784624218700.6797,1784624219141,1784624238007.0,1784624238106.1172,440.32,18866.0,99.117,1784624058007.0,19405.438
tc-73-120000,1784624218410.679,1784624219141,1784624238007.0,1784624238106.1228,730.321,18866.0,99.123,1784624058007.0,19695.444
tc-74-120000,1784624219330.673,1784624220151,1784624238007.0,1784624238106.1233,820.327,17856.0,99.123,1784624058007.0,18775.45
tc-75-120000,1784624218540.662,1784624219141,1784624238007.0,1784624238106.1313,600.338,18866.0,99.131,1784624058007.0,19565.469
tc-76-120000,1784624218620.6675,1784624219141,1784624238007.0,1784624238106.1318,520.333,18866.0,99.132,1784624058007.0,19485.464
tc-77-120000,1784624219440.6853,1784624220151,1784624238007.0,1784624238106.1323,710.315,17856.0,99.132,1784624058007.0,18665.447
tc-78-120000,1784624219260.6667,1784624220151,1784624238007.0,1784624238106.3154,890.333,17856.0,99.315,1784624058007.0,18845.649
tc-79-120000,1784624218310.6821,1784624219141,1784624238007.0,1784624238106.3171,830.318,18866.0,99.317,1784624058007.0,19795.635
tc-8-120000,1784624218820.669,1784624219141,1784624238007.0,1784624238106.3179,320.331,18866.0,99.318,1784624058007.0,19285.649
tc-80-120000,1784624218790.671,1784624219141,1784624238007.0,1784624238106.3186,350.329,18866.0,99.319,1784624058007.0,19315.648
tc-81-120000,1784624218600.6711,1784624219141,1784624238007.0,1784624238106.3196,540.329,18866.0,99.32,1784624058007.0,19505.648
tc-82-120000,1784624218910.687,1784624219141,1784624238007.0,1784624238106.3203,230.313,18866.0,99.32,1784624058007.0,19195.633
tc-83-120000,1784624217130.6858,1784624218133,1784624238007.0,1784624238106.3213,1002.314,19874.0,99.321,1784624058007.0,20975.635
tc-84-120000,1784624219460.6697,1784624220151,1784624238007.0,1784624238106.3218,690.33,17856.0,99.322,1784624058007.0,18645.652
tc-85-120000,1784624218560.6748,1784624219141,1784624238007.0,1784624238106.3228,580.325,18866.0,99.323,1784624058007.0,19545.648
tc-86-120000,1784624219520.6682,1784624220151,1784624238008.0,1784624238106.3235,630.332,17857.0,98.323,1784624058008.0,18585.655
tc-87-120000,1784624218760.664,1784624219141,1784624238008.0,1784624238106.3242,380.336,18867.0,98.324,1784624058008.0,19345.66
tc-88-120000,1784624219200.6663,1784624220151,1784624238008.0,1784624238106.325,950.334,17857.0,98.325,1784624058008.0,18905.659
tc-89-120000,1784624218430.6729,1784624219141,1784624238008.0,1784624238106.3254,710.327,18867.0,98.325,1784624058008.0,19675.653
tc-9-120000,1784624217340.6836,1784624218133,1784624238008.0,1784624238106.3342,792.316,19875.0,98.334,1784624058008.0,20765.651
tc-90-120000,1784624217910.6848,1784624218133,1784624238008.0,1784624238106.3352,222.315,19875.0,98.335,1784624058008.0,20195.65
tc-91-120000,1784624218200.6917,1784624219141,1784624238008.0,1784624238106.336,940.308,18867.0,98.336,1784624058008.0,19905.644
tc-92-120000,1784624217970.6753,1784624218133,1784624238008.0,1784624238106.3367,162.325,19875.0,98.337,1784624058008.0,20135.661
tc-93-120000,1784624218250.6692,1784624219141,1784624238008.0,1784624238106.762,890.331,18867.0,98.762,1784624058008.0,19856.093
tc-94-120000,1784624219490.667,1784624220151,1784624238008.0,1784624238106.7637,660.333,17857.0,98.764,1784624058008.0,18616.097
tc-95-120000,1784624217290.665,1784624218133,1784624238008.0,1784624238106.7644,842.335,19875.0,98.764,1784624058008.0,20816.099
tc-96-120000,1784624218220.679,1784624219141,1784624238008.0,1784624238106.7695,920.321,18867.0,98.77,1784624058008.0,19886.091
tc-97-120000,1784624218500.659,1784624219141,1784624238008.0,1784624238106.7705,640.341,18867.0,98.771,1784624058008.0,19606.112
tc-98-120000,1784624217810.6812,1784624218133,1784624238008.0,1784624238106.771,322.319,19875.0,98.771,1784624058008.0,20296.09
tc-99-120000,1784624217300.6838,1784624218133,1784624238008.0,1784624238106.772,832.316,19875.0,98.772,1784624058008.0,20806.088
tc-0-180000,1784624224980.664,1784624225173,1784624238042.0,1784624238106.7727,192.336,12869.0,64.773,1784623998042.0,13126.109
tc-1-180000,1784624223030.6768,1784624223164,1784624238042.0,1784624238106.7734,133.323,14878.0,64.773,1784623998042.0,15076.097
tc-10-180000,1784624225520.6724,1784624226182,1784624238042.0,1784624238106.7786,661.328,11860.0,64.779,1784623998042.0,12586.106
tc-11-180000,1784624224360.6787,1784624225173,1784624238042.0,1784624238106.7793,812.321,12869.0,64.779,1784623998042.0,13746.101
tc-12-180000,1784624225190.6838,1784624226182,1784624238042.0,1784624238106.78,991.316,11860.0,64.78,1784623998042.0,12916.096
tc-13-180000,1784624224200.6743,1784624225173,1784624238042.0,1784624238106.7808,972.326,12869.0,64.781,1784623998042.0,13906.106
tc-14-180000,1784624224630.6702,1784624225173,1784624238042.0,1784624238106.7815,542.33,12869.0,64.781,1784623998042.0,13476.111
tc-15-180000,1784624222720.678,1784624223164,1784624238042.0,1784624238106.7822,443.322,14878.0,64.782,1784623998042.0,15386.104
tc-16-180000,1784624224900.6638,1784624225173,1784624238042.0,1784624238106.783,272.336,12869.0,64.783,1784623998042.0,13206.119
tc-17-180000,1784624225120.662,1784624225173,1784624238042.0,1784624238106.7842,52.338,12869.0,64.784,1784623998042.0,12986.122
tc-18-180000,1784624225220.6682,1784624226182,1784624238042.0,1784624238106.785,961.332,11860.0,64.785,1784623998042.0,12886.117
tc-19-180000,1784624225380.667,1784624226182,1784624238042.0,1784624238106.7856,801.333,11860.0,64.786,1784623998042.0,12726.119
tc-2-180000,1784624225010.6687,1784624225173,1784624238042.0,1784624238106.7864,162.331,12869.0,64.786,1784623998042.0,13096.118
tc-20-180000,1784624224831.0332,1784624225173,1784624238042.0,1784624238106.787,341.967,12869.0,64.787,1784623998042.0,13275.754
tc-21-180000,1784624225440.6675,1784624226182,1784624238042.0,1784624238106.7876,741.333,11860.0,64.788,1784623998042.0,12666.12
tc-22-180000,1784624225530.691,1784624226182,1784624238042.0,1784624238106.7883,651.309,11860.0,64.788,1784623998042.0,12576.097
tc-23-180000,1784624224790.6714,1784624225173,1784624238042.0,1784624238106.789,382.329,12869.0,64.789,1784623998042.0,13316.118
tc-24-180000,1784624225510.668,1784624226182,1784624238043.0,1784624238106.7898,671.332,11861.0,63.79,1784623998043.0,12596.122
tc-25-180000,1784624225160.6638,1784624225173,1784624238043.0,1784624238106.7905,12.336,12870.0,63.791,1784623998043.0,12946.127
tc-26-180000,1784624225390.6616,1784624226182,1784624238043.0,1784624238106.7913,791.338,11861.0,63.791,1784623998043.0,12716.13
tc-27-180000,1784624224920.669,1784624225173,1784624238043.0,1784624238106.792,252.331,12870.0,63.792,1784623998043.0,13186.123
tc-28-180000,1784624224060.6772,1784624224171,1784624238043.0,1784624238106.7927,110.323,13872.0,63.793,1784623998043.0,14046.115
tc-29-180000,1784624224850.6704,1784624225173,1784624238043.0,1784624238106.7932,322.33,12870.0,63.793,1784623998043.0,13256.123
tc-3-180000,1784624224740.6619,1784624225173,1784624238043.0,1784624238106.794,432.338,12870.0,63.794,1784623998043.0,13366.132
tc-30-180000,1784624225370.6665,1784624226182,1784624238043.0,1784624238106.7947,811.333,11861.0,63.795,1784623998043.0,12736.128
tc-31-180000,1784624225360.666,1784624226182,1784624238043.0,1784624238106.7954,821.334,11861.0,63.795,1784623998043.0,12746.129
tc-32-180000,1784624224700.6816,1784624225173,1784624238043.0,1784624238106.7961,472.318,12870.0,63.796,1784623998043.0,13406.115
tc-33-180000,1784624225090.6665,1784624225173,1784624238043.0,1784624238106.9358,82.333,12870.0,63.936,1784623998043.0,13016.269
tc-34-180000,1784624224720.672,1784624225173,1784624238043.0,1784624238106.9834,452.328,12870.0,63.983,1784623998043.0,13386.311
tc-35-180000,1784624222830.6821,1784624223164,1784624238043.0,1784624238107.0754,333.318,14879.0,64.075,1784623998043.0,15276.393
tc-36-180000,1784624225200.6687,1784624226182,1784624238043.0,1784624238107.1567,981.331,11861.0,64.157,1784623998043.0,12906.488
tc-37-180000,1784624224660.679,1784624225173,1784624238043.0,1784624238107.158,512.321,12870.0,64.158,1784623998043.0,13446.479
tc-38-180000,1784624225460.6697,1784624226182,1784624238043.0,1784624238107.1587,721.33,11861.0,64.159,1784623998043.0,12646.489
tc-39-180000,1784624225470.6628,1784624226182,1784624238043.0,1784624238107.1597,711.337,11861.0,64.16,1784623998043.0,12636.497
tc-4-180000,1784624225130.6692,1784624225173,1784624238043.0,1784624238107.1602,42.331,12870.0,64.16,1784623998043.0,12976.491
tc-40-180000,1784624222230.6785,1784624223164,1784624238043.0,1784624238107.3003,933.322,14879.0,64.3,1784623998043.0,15876.622
tc-41-180000,1784624225330.6724,1784624226182,1784624238043.0,1784624238107.302,851.328,11861.0,64.302,1784623998043.0,12776.63
tc-42-180000,1784624225000.6658,1784624225173,1784624238043.0,1784624238107.303,172.334,12870.0,64.303,1784623998043.0,13106.637
tc-43-180000,1784624225500.6638,1784624226182,1784624238043.0,1784624238107.304,681.336,11861.0,64.304,1784623998043.0,12606.64
tc-44-180000,1784624225280.6626,1784624226182,1784624238043.0,1784624238107.3047,901.337,11861.0,64.305,1784623998043.0,12826.642
tc-45-180000,1784624224970.664,1784624225173,1784624238043.0,1784624238107.3054,202.336,12870.0,64.305,1784623998043.0,13136.641
tc-46-180000,1784624224930.6746,1784624225173,1784624238043.0,1784624238107.3062,242.325,12870.0,64.306,1784623998043.0,13176.632
tc-47-180000,1784624225350.6736,1784624226182,1784624238043.0,1784624238107.317,831.326,11861.0,64.317,1784623998043.0,12756.643
tc-48-180000,1784624224682.815,1784624225173,1784624238043.0,1784624238107.3179,490.185,12870.0,64.318,1784623998043.0,13424.503
tc-49-180000,1784624225070.6665,1784624225173,1784624238043.0,1784624238107.3186,102.333,12870.0,64.319,1784623998043.0,13036.652
tc-5-180000,1784624224300.6667,1784624225173,1784624238043.0,1784624238107.3306,872.333,12870.0,64.331,1784623998043.0,13806.664
tc-50-180000,1784624225420.6692,1784624226182,1784624238043.0,1784624238107.3315,761.331,11861.0,64.332,1784623998043.0,12686.662
tc-51-180000,1784624225410.6694,1784624226182,1784624238043.0,1784624238107.373,771.331,11861.0,64.373,1784623998043.0,12696.704
tc-52-180000,1784624224120.6611,1784624224171,1784624238043.0,1784624238107.3743,50.339,13872.0,64.374,1784623998043.0,13986.713
tc-53-180000,1784624223910.6782,1784624224171,1784624238043.0,1784624238107.3752,260.322,13872.0,64.375,1784623998043.0,14196.697
tc-54-180000,1784624225170.6633,1784624225173,1784624238043.0,1784624238107.376,2.337,12870.0,64.376,1784623998043.0,12936.713
tc-55-180000,1784624223000.6663,1784624223164,1784624238043.0,1784624238107.3767,163.334,14879.0,64.377,1784623998043.0,15106.71
tc-56-180000,1784624224730.6743,1784624225173,1784624238043.0,1784624238107.3774,442.326,12870.0,64.377,1784623998043.0,13376.703
tc-57-180000,1784624224840.6719,1784624225173,1784624238043.0,1784624238107.3792,332.328,12870.0,64.379,1784623998043.0,13266.707
tc-58-180000,1784624225020.666,1784624225173,1784624238043.0,1784624238107.5864,152.334,12870.0,64.586,1784623998043.0,13086.92
tc-59-180000,1784624225550.6704,1784624226182,1784624238044.0,1784624238107.5923,631.33,11862.0,63.592,1784623998044.0,12556.922
tc-6-180000,1784624224290.67,1784624225173,1784624238044.0,1784624238107.593,882.33,12871.0,63.593,1784623998044.0,13816.923
tc-60-180000,1784624224820.6807,1784624225173,1784624238044.0,1784624238107.5938,352.319,12871.0,63.594,1784623998044.0,13286.913
tc-61-180000,1784624225340.6667,1784624226182,1784624238044.0,1784624238107.5945,841.333,11862.0,63.594,1784623998044.0,12766.928
tc-62-180000,1784624224500.6646,1784624225173,1784624238044.0,1784624238107.5952,672.335,12871.0,63.595,1784623998044.0,13606.931
tc-63-180000,1784624222100.6628,1784624222161,1784624238044.0,1784624238107.6,60.337,15883.0,63.6,1784623998044.0,16006.937
tc-64-180000,1784624224760.6643,1784624225173,1784624238044.0,1784624238107.601,412.336,12871.0,63.601,1784623998044.0,13346.937
tc-65-180000,1784624225260.6648,1784624226182,1784624238044.0,1784624238107.6018,921.335,11862.0,63.602,1784623998044.0,12846.937
tc-66-180000,1784624222110.6816,1784624222161,1784624238044.0,1784624238107.6123,50.318,15883.0,63.612,1784623998044.0,15996.931
tc-67-180000,1784624225110.67,1784624225173,1784624238044.0,1784624238107.6133,62.33,12871.0,63.613,1784623998044.0,12996.943
tc-68-180000,1784624223680.669,1784624224171,1784624238044.0,1784624238107.614,490.331,13873.0,63.614,1784623998044.0,14426.945
tc-69-180000,1784624224220.6865,1784624225173,1784624238044.0,1784624238107.6147,952.313,12871.0,63.615,1784623998044.0,13886.928
tc-7-180000,1784624225310.6672,1784624226182,1784624238044.0,1784624238107.6155,871.333,11862.0,63.615,1784623998044.0,12796.948
tc-70-180000,1784624225490.6602,1784624226182,1784624238044.0,1784624238107.6162,691.34,11862.0,63.616,1784623998044.0,12616.956
tc-71-180000,1784624225140.668,1784624225173,1784624238044.0,1784624238107.617,32.332,12871.0,63.617,1784623998044.0,12966.949
tc-72-180000,1784624225100.6658,1784624225173,1784624238044.0,1784624238107.6177,72.334,12871.0,63.618,1784623998044.0,13006.952
tc-73-180000,1784624225180.6777,1784624226182,1784624238044.0,1784624238107.6182,1001.322,11862.0,63.618,1784623998044.0,12926.94
tc-74-180000,1784624225540.6848,1784624226182,1784624238044.0,1784624238107.6191,641.315,11862.0,63.619,1784623998044.0,12566.934
tc-75-180000,1784624224100.6743,1784624224171,1784624238044.0,1784624238107.6199,70.326,13873.0,63.62,1784623998044.0,14006.946
tc-76-180000,1784624224810.6802,1784624225173,1784624238044.0,1784624238107.6204,362.32,12871.0,63.62,1784623998044.0,13296.94
tc-77-180000,1784624225030.6768,1784624225173,1784624238044.0,1784624238107.621,142.323,12871.0,63.621,1784623998044.0,13076.944
tc-78-180000,1784624224860.6755,1784624225173,1784624238044.0,1784624238107.6218,312.324,12871.0,63.622,1784623998044.0,13246.946
tc-79-180000,1784624224910.6694,1784624225173,1784624238044.0,1784624238107.6226,262.331,12871.0,63.623,1784623998044.0,13196.953
tc-8-180000,1784624225450.6738,1784624226182,1784624238044.0,1784624238107.6326,731.326,11862.0,63.633,1784623998044.0,12656.959
tc-80-180000,1784624225040.6682,1784624225173,1784624238044.0,1784624238107.6335,132.332,12871.0,63.634,1784623998044.0,13066.965
tc-81-180000,1784624225270.6655,1784624226182,1784624238044.0,1784624238107.6343,911.334,11862.0,63.634,1784623998044.0,12836.969
tc-82-180000,1784624224800.672,1784624225173,1784624238044.0,1784624238107.7988,372.328,12871.0,63.799,1784623998044.0,13307.127
tc-83-180000,1784624223090.6636,1784624223164,1784624238044.0,1784624238107.8008,73.336,14880.0,63.801,1784623998044.0,15017.137
tc-84-180000,1784624223880.6714,1784624224171,1784624238044.0,1784624238107.8018,290.329,13873.0,63.802,1784623998044.0,14227.13
tc-85-180000,1784624225400.665,1784624226182,1784624238044.0,1784624238107.8022,781.335,11862.0,63.802,1784623998044.0,12707.137
tc-86-180000,1784624224560.6746,1784624225173,1784624238044.0,1784624238107.803,612.325,12871.0,63.803,1784623998044.0,13547.128
tc-87-180000,1784624224670.7002,1784624225173,1784624238044.0,1784624238107.8037,502.3,12871.0,63.804,1784623998044.0,13437.104
tc-88-180000,1784624224710.6892,1784624225173,1784624238044.0,1784624238107.8164,462.311,12871.0,63.816,1784623998044.0,13397.127
tc-89-180000,1784624224310.6775,1784624225173,1784624238045.0,1784624238107.826,862.323,12872.0,62.826,1784623998045.0,13797.148
tc-9-180000,1784624225230.6772,1784624226182,1784624238045.0,1784624238107.8264,951.323,11863.0,62.826,1784623998045.0,12877.149
tc-90-180000,1784624224340.6833,1784624225173,1784624238045.0,1784624238107.8267,832.317,12872.0,62.827,1784623998045.0,13767.143
tc-91-180000,1784624222960.6716,1784624223164,1784624238045.0,1784624238107.8271,203.328,14881.0,62.827,1784623998045.0,15147.156
tc-92-180000,1784624224190.662,1784624225173,1784624238045.0,1784624238107.8892,982.338,12872.0,62.889,1784623998045.0,13917.227
tc-93-180000,1784624225480.6616,1784624226182,1784624238045.0,1784624238107.89,701.338,11863.0,62.89,1784623998045.0,12627.228
tc-94-180000,1784624225250.663,1784624226182,1784624238045.0,1784624238107.8901,931.337,11863.0,62.89,1784623998045.0,12857.227
tc-95-180000,1784624223980.6729,1784624224171,1784624238045.0,1784624238107.8906,190.327,13874.0,62.891,1784623998045.0,14127.218
tc-96-180000,1784624224170.68,1784624225173,1784624238045.0,1784624238107.8909,1002.32,12872.0,62.891,1784623998045.0,13937.211
tc-97-180000,1784624225240.6687,1784624226182,1784624238045.0,1784624238107.8914,941.331,11863.0,62.891,1784623998045.0,12867.223
tc-98-180000,1784624225430.6724,1784624226182,1784624238045.0,1784624238107.8918,751.328,11863.0,62.892,1784623998045.0,12677.219
tc-99-180000,1784624222500.6685,1784624223164,1784624238045.0,1784624238107.896,663.332,14881.0,62.896,1784623998045.0,15607.228
tc-0-240000,1784624230530.662,1784624231221,1784624248156.0,1784624248217.4495,690.338,16935.0,61.449,1784623948156.0,17686.787
tc-1-240000,1784624229400.668,1784624230212,1784624248156.0,1784624248217.485,811.332,17944.0,61.485,1784623948156.0,18816.817
tc-10-240000,1784624231000.674,1784624231221,1784624248156.0,1784624248217.4868,220.326,16935.0,61.487,1784623948156.0,17216.813
tc-11-240000,1784624231070.6714,1784624231221,1784624248156.0,1784624248217.4878,150.329,16935.0,61.488,1784623948156.0,17146.816
tc-12-240000,1784624230950.682,1784624231221,1784624248156.0,1784624248217.489,270.318,16935.0,61.489,1784623948156.0,17266.807
tc-13-240000,1784624230740.6746,1784624231221,1784624248156.0,1784624248217.49,480.325,16935.0,61.49,1784623948156.0,17476.815
tc-14-240000,1784624230840.6726,1784624231221,1784624248156.0,1784624248217.4907,380.327,16935.0,61.491,1784623948156.0,17376.818
tc-15-240000,1784624230860.682,1784624231221,1784624248156.0,1784624248217.4922,360.318,16935.0,61.492,1784623948156.0,17356.81
tc-16-240000,1784624229280.648,1784624230212,1784624248156.0,1784624248217.5447,931.352,17944.0,61.545,1784623948156.0,18936.897
tc-17-240000,1784624231130.6406,1784624231221,1784624248156.0,1784624248217.546,90.359,16935.0,61.546,1784623948156.0,17086.905
tc-18-240000,1784624227580.6643,1784624228192,1784624248156.0,1784624248217.5466,611.336,19964.0,61.547,1784623948156.0,20636.882
tc-19-240000,1784624231110.6758,1784624231221,1784624248156.0,1784624248217.5479,110.324,16935.0,61.548,1784623948156.0,17106.872
tc-2-240000,1784624230090.618,1784624230212,1784624248156.0,1784624248217.5486,121.382,17944.0,61.549,1784623948156.0,18126.931
tc-20-240000,1784624231290.678,1784624232223,1784624248156.0,1784624248217.5496,932.322,15933.0,61.55,1784623948156.0,16926.872
tc-21-240000,1784624231390.6667,1784624232223,1784624248156.0,1784624248217.5505,832.333,15933.0,61.551,1784623948156.0,16826.884
tc-22-240000,1784624230980.6682,1784624231221,1784624248156.0,1784624248217.5513,240.332,16935.0,61.551,1784623948156.0,17236.883
tc-23-240000,1784624231030.6765,1784624231221,1784624248156.0,1784624248217.5593,190.323,16935.0,61.559,1784623948156.0,17186.883
tc-24-240000,1784624230250.6702,1784624231221,1784624248156.0,1784624248217.56,970.33,16935.0,61.56,1784623948156.0,17966.89
tc-25-240000,1784624231500.6665,1784624232223,1784624248156.0,1784624248217.5608,722.333,15933.0,61.561,1784623948156.0,16716.894
tc-26-240000,1784624230770.6704,1784624231221,1784624248156.0,1784624248217.5615,450.33,16935.0,61.562,1784623948156.0,17446.891
tc-27-240000,1784624230960.6753,1784624231221,1784624248156.0,1784624248217.5623,260.325,16935.0,61.562,1784623948156.0,17256.887
tc-28-240000,1784624231150.6768,1784624231221,1784624248156.0,1784624248217.5632,70.323,16935.0,61.563,1784623948156.0,17066.886
tc-29-240000,1784624231490.679,1784624232223,1784624248156.0,1784624248217.564,732.321,15933.0,61.564,1784623948156.0,16726.885
tc-3-240000,1784624228750.667,1784624229202,1784624248156.0,1784624248217.5913,451.333,18954.0,61.591,1784623948156.0,19466.924
tc-30-240000,1784624231520.6672,1784624232223,1784624248156.0,1784624248217.592,702.333,15933.0,61.592,1784623948156.0,16696.925
tc-31-240000,1784624231080.6729,1784624231221,1784624248156.0,1784624248217.5928,140.327,16935.0,61.593,1784623948156.0,17136.92
tc-32-240000,1784624231480.6704,1784624232223,1784624248157.0,1784624248217.5938,742.33,15934.0,60.594,1784623948157.0,16736.923
tc-33-240000,1784624231330.6887,1784624232223,1784624248157.0,1784624248217.6074,892.311,15934.0,60.607,1784623948157.0,16886.919
tc-34-240000,1784624230600.6758,1784624231221,1784624248157.0,1784624248217.6084,620.324,16936.0,60.608,1784623948157.0,17616.933
tc-35-240000,1784624229440.6626,1784624230212,1784624248157.0,1784624248217.6091,771.337,17945.0,60.609,1784623948157.0,18776.947
tc-37-240000,1784624228580.6677,1784624229202,1784624248157.0,1784624248217.6099,621.332,18955.0,60.61,1784623948157.0,19636.942
tc-38-240000,1784624231350.678,1784624232223,1784624248157.0,1784624248217.6223,872.322,15934.0,60.622,1784623948157.0,16866.944
tc-39-240000,1784624229270.6643,1784624230212,1784624248157.0,1784624248217.645,941.336,17945.0,60.645,1784623948157.0,18946.981
tc-4-240000,1784624230410.6685,1784624231221,1784624248157.0,1784624248217.6458,810.332,16936.0,60.646,1784623948157.0,17806.977
tc-40-240000,1784624231040.6692,1784624231221,1784624248157.0,1784624248217.6465,180.331,16936.0,60.646,1784623948157.0,17176.977
tc-41-240000,1784624230620.666,1784624231221,1784624248157.0,1784624248217.6475,600.334,16936.0,60.647,1784623948157.0,17596.981
tc-42-240000,1784624231160.6736,1784624231221,1784624248157.0,1784624248217.6814,60.326,16936.0,60.681,1784623948157.0,17057.008
tc-43-240000,1784624229350.671,1784624230212,1784624248157.0,1784624248217.6863,861.329,17945.0,60.686,1784623948157.0,18867.015
tc-44-240000,1784624231280.6814,1784624232223,1784624248157.0,1784624248217.6914,942.319,15934.0,60.691,1784623948157.0,16937.01
tc-45-240000,1784624230470.6636,1784624231221,1784624248157.0,1784624248217.6985,750.336,16936.0,60.698,1784623948157.0,17747.035
tc-46-240000,1784624231250.6804,1784624232223,1784624248157.0,1784624248217.7046,972.32,15934.0,60.705,1784623948157.0,16967.024
tc-47-240000,1784624230480.6665,1784624231221,1784624248157.0,1784624248217.7056,740.333,16936.0,60.706,1784623948157.0,17737.039
tc-48-240000,1784624229930.6633,1784624230212,1784624248157.0,1784624248217.7063,281.337,17945.0,60.706,1784623948157.0,18287.043
tc-49-240000,1784624231400.6628,1784624232223,1784624248157.0,1784624248217.707,822.337,15934.0,60.707,1784623948157.0,16817.044
tc-5-240000,1784624230650.6812,1784624231221,1784624248157.0,1784624248217.7393,570.319,16936.0,60.739,1784623948157.0,17567.058
tc-50-240000,1784624230400.6685,1784624231221,1784624248157.0,1784624248217.74,820.332,16936.0,60.74,1784623948157.0,17817.072
tc-51-240000,1784624230680.6626,1784624231221,1784624248157.0,1784624248217.7407,540.337,16936.0,60.741,1784623948157.0,17537.078
tc-52-240000,1784624231260.6748,1784624232223,1784624248157.0,1784624248217.7415,962.325,15934.0,60.741,1784623948157.0,16957.067
tc-53-240000,1784624230460.6624,1784624231221,1784624248157.0,1784624248217.749,760.338,16936.0,60.749,1784623948157.0,17757.087
tc-54-240000,1784624230820.679,1784624231221,1784624248157.0,1784624248217.7498,400.321,16936.0,60.75,1784623948157.0,17397.071
tc-55-240000,1784624230000.6636,1784624230212,1784624248157.0,1784624248217.8096,211.336,17945.0,60.81,1784623948157.0,18217.146
tc-56-240000,1784624229760.6667,1784624230212,1784624248157.0,1784624248217.8105,451.333,17945.0,60.811,1784623948157.0,18457.144
tc-57-240000,1784624229810.6748,1784624230212,1784624248157.0,1784624248217.8113,401.325,17945.0,60.811,1784623948157.0,18407.136
tc-58-240000,1784624231510.6655,1784624232223,1784624248157.0,1784624248217.812,712.334,15934.0,60.812,1784623948157.0,16707.146
tc-59-240000,1784624231370.666,1784624232223,1784624248157.0,1784624248217.842,852.334,15934.0,60.842,1784623948157.0,16847.176
tc-6-240000,1784624231360.6682,1784624232223,1784624248157.0,1784624248217.8484,862.332,15934.0,60.848,1784623948157.0,16857.18
tc-60-240000,1784624230170.6646,1784624230212,1784624248157.0,1784624248217.849,41.335,17945.0,60.849,1784623948157.0,18047.185
tc-61-240000,1784624231180.6846,1784624231221,1784624248157.0,1784624248217.8508,40.315,16936.0,60.851,1784623948157.0,17037.166
tc-62-240000,1784624230120.6711,1784624230212,1784624248157.0,1784624248217.8516,91.329,17945.0,60.852,1784623948157.0,18097.18
tc-63-240000,1784624231530.6638,1784624232223,1784624248157.0,1784624248217.8525,692.336,15934.0,60.853,1784623948157.0,16687.189
tc-64-240000,1784624227610.6748,1784624228192,1784624248157.0,1784624248217.8647,581.325,19965.0,60.865,1784623948157.0,20607.19
tc-65-240000,1784624231420.6777,1784624232223,1784624248157.0,1784624248217.8655,802.322,15934.0,60.865,1784623948157.0,16797.188
tc-66-240000,1784624229690.6677,1784624230212,1784624248157.0,1784624248217.8887,521.332,17945.0,60.889,1784623948157.0,18527.221
tc-67-240000,1784624230060.6636,1784624230212,1784624248157.0,1784624248217.9204,151.336,17945.0,60.92,1784623948157.0,18157.257
tc-68-240000,1784624230710.6807,1784624231221,1784624248157.0,1784624248217.9211,510.319,16936.0,60.921,1784623948157.0,17507.24
tc-69-240000,1784624230610.6667,1784624231221,1784624248157.0,1784624248217.9219,610.333,16936.0,60.922,1784623948157.0,17607.255
tc-7-240000,1784624230920.685,1784624231221,1784624248157.0,1784624248217.9229,300.315,16936.0,60.923,1784623948157.0,17297.238
tc-70-240000,1784624230380.666,1784624231221,1784624248157.0,1784624248217.9233,840.334,16936.0,60.923,1784623948157.0,17837.257
tc-71-240000,1784624230360.6702,1784624231221,1784624248158.0,1784624248217.9302,860.33,16937.0,59.93,1784623948158.0,17857.26
tc-72-240000,1784624230850.6775,1784624231221,1784624248158.0,1784624248217.957,370.323,16937.0,59.957,1784623948158.0,17367.28
tc-73-240000,1784624228400.6704,1784624229202,1784624248158.0,1784624248217.958,801.33,18956.0,59.958,1784623948158.0,19817.288
tc-74-240000,1784624230430.6663,1784624231221,1784624248158.0,1784624248217.9587,790.334,16937.0,59.959,1784623948158.0,17787.292
tc-75-240000,1784624231443.4258,1784624232223,1784624248158.0,1784624248217.9595,779.574,15935.0,59.959,1784623948158.0,16774.534
tc-76-240000,1784624230940.6658,1784624231221,1784624248158.0,1784624248217.9656,280.334,16937.0,59.966,1784623948158.0,17277.3
tc-77-240000,1784624231220.6855,1784624232223,1784624248158.0,1784624248217.985,1002.314,15935.0,59.985,1784623948158.0,16997.3
tc-78-240000,1784624227950.684,1784624228192,1784624248158.0,1784624248217.9858,241.316,19966.0,59.986,1784623948158.0,20267.302
tc-79-240000,1784624230830.679,1784624231221,1784624248158.0,1784624248217.9924,390.321,16937.0,59.992,1784623948158.0,17387.313
tc-8-240000,1784624231470.6667,1784624232223,1784624248158.0,1784624248217.9985,752.333,15935.0,59.999,1784623948158.0,16747.332
tc-80-240000,1784624231460.6763,1784624232223,1784624248158.0,1784624248218.005,762.324,15935.0,60.005,1784623948158.0,16757.329
tc-81-240000,1784624231410.6648,1784624232223,1784624248158.0,1784624248218.0317,812.335,15935.0,60.032,1784623948158.0,16807.367
tc-82-240000,1784624230540.6592,1784624231221,1784624248158.0,1784624248218.0378,680.341,16937.0,60.038,1784623948158.0,17677.379
tc-83-240000,1784624231450.7214,1784624232223,1784624248158.0,1784624248218.0498,772.279,15935.0,60.05,1784623948158.0,16767.328
tc-84-240000,1784624230870.6682,1784624231221,1784624248158.0,1784624248218.0508,350.332,16937.0,60.051,1784623948158.0,17347.383
tc-85-240000,1784624229900.6694,1784624230212,1784624248158.0,1784624248218.0515,311.331,17946.0,60.052,1784623948158.0,18317.382
tc-86-240000,1784624231100.6787,1784624231221,1784624248158.0,1784624248218.052,120.321,16937.0,60.052,1784623948158.0,17117.373
tc-87-240000,1784624231540.6753,1784624232223,1784624248158.0,1784624248218.0627,682.325,15935.0,60.063,1784623948158.0,16677.387
tc-88-240000,1784624231340.677,1784624232223,1784624248158.0,1784624248218.0688,882.323,15935.0,60.069,1784623948158.0,16877.392
tc-89-240000,1784624230760.6753,1784624231221,1784624248158.0,1784624248218.0696,460.325,16937.0,60.07,1784623948158.0,17457.394
tc-9-240000,1784624230070.6704,1784624230212,1784624248158.0,1784624248218.0913,141.33,17946.0,60.091,1784623948158.0,18147.421
tc-90-240000,1784624231550.678,1784624232223,1784624248158.0,1784624248218.133,672.322,15935.0,60.133,1784623948158.0,16667.455
tc-91-240000,1784624229680.6677,1784624230212,1784624248158.0,1784624248218.1338,531.332,17946.0,60.134,1784623948158.0,18537.466
tc-92-240000,1784624229630.6719,1784624230212,1784624248158.0,1784624248218.1345,581.328,17946.0,60.135,1784623948158.0,18587.463
tc-93-240000,1784624231090.659,1784624231221,1784624248158.0,1784624248218.1353,130.341,16937.0,60.135,1784623948158.0,17127.476
tc-94-240000,1784624229600.6694,1784624230212,1784624248158.0,1784624248218.136,611.331,17946.0,60.136,1784623948158.0,18617.467
tc-95-240000,1784624231430.682,1784624232223,1784624248158.0,1784624248218.2205,792.318,15935.0,60.22,1784623948158.0,16787.539
tc-96-240000,1784624230150.669,1784624230212,1784624248158.0,1784624248218.221,61.331,17946.0,60.221,1784623948158.0,18067.552
tc-97-240000,1784624231010.6738,1784624231221,1784624248158.0,1784624248218.2217,210.326,16937.0,60.222,1784623948158.0,17207.548
tc-98-240000,1784624231310.6694,1784624232223,1784624248158.0,1784624248218.222,912.331,15935.0,60.222,1784623948158.0,16907.552
tc-99-240000,1784624231200.6753,1784624231221,1784624248158.0,1784624248218.2224,20.325,16937.0,60.222,1784623948158.0,17017.547
tc-0-300000,1784624237040.6594,1784624237253,1784624258295.0,1784624258400.9365,212.341,21042.0,105.937,1784623898295.0,21360.277
tc-1-300000,1784624236210.6733,1784624236252,1784624258295.0,1784624258400.9382,41.327,22043.0,105.938,1784623898295.0,22190.265
tc-10-300000,1784624236020.6707,1784624236252,1784624258296.0,1784624258400.9387,231.329,22044.0,104.939,1784623898296.0,22380.268
tc-11-300000,1784624236790.6604,1784624237253,1784624258296.0,1784624258400.9458,462.34,21043.0,104.946,1784623898296.0,21610.285
tc-12-300000,1784624237360.6748,1784624238262,1784624258296.0,1784624258400.9463,901.325,20034.0,104.946,1784623898296.0,21040.271
tc-13-300000,1784624235160.672,1784624235251,1784624258296.0,1784624258400.947,90.328,23045.0,104.947,1784623898296.0,23240.275
tc-14-300000,1784624237110.6733,1784624237253,1784624258296.0,1784624258400.9473,142.327,21043.0,104.947,1784623898296.0,21290.274
tc-15-300000,1784624237470.6646,1784624238262,1784624258296.0,1784624258400.9475,791.335,20034.0,104.948,1784623898296.0,20930.283
tc-16-300000,1784624236840.6692,1784624237253,1784624258296.0,1784624258400.948,412.331,21043.0,104.948,1784623898296.0,21560.279
tc-17-300000,1784624235810.6682,1784624236252,1784624258296.0,1784624258400.9485,441.332,22044.0,104.948,1784623898296.0,22590.28
tc-18-300000,1784624236750.6782,1784624237253,1784624258296.0,1784624258400.9487,502.322,21043.0,104.949,1784623898296.0,21650.271
tc-19-300000,1784624234370.6726,1784624235251,1784624258296.0,1784624258400.9492,880.327,23045.0,104.949,1784623898296.0,24030.277
tc-2-300000,1784624235950.6711,1784624236252,1784624258296.0,1784624258400.9495,301.329,22044.0,104.949,1784623898296.0,22450.278
tc-20-300000,1784624236030.678,1784624236252,1784624258296.0,1784624258400.95,221.322,22044.0,104.95,1784623898296.0,22370.272
tc-21-300000,1784624236940.6643,1784624237253,1784624258296.0,1784624258400.9502,312.336,21043.0,104.95,1784623898296.0,21460.286
tc-22-300000,1784624237160.6746,1784624237253,1784624258296.0,1784624258400.9507,92.325,21043.0,104.951,1784623898296.0,21240.276
tc-23-300000,1784624236740.674,1784624237253,1784624258296.0,1784624258400.9512,512.326,21043.0,104.951,1784623898296.0,21660.277
tc-24-300000,1784624236980.665,1784624237253,1784624258296.0,1784624258400.9514,272.335,21043.0,104.951,1784623898296.0,21420.286
tc-25-300000,1784624235040.6677,1784624235251,1784624258296.0,1784624258400.952,210.332,23045.0,104.952,1784623898296.0,23360.284
tc-26-300000,1784624237440.6594,1784624238262,1784624258296.0,1784624258400.9531,821.341,20034.0,104.953,1784623898296.0,20960.294
tc-27-300000,1784624237270.6694,1784624238262,1784624258296.0,1784624258400.956,991.331,20034.0,104.956,1784623898296.0,21130.287
tc-28-300000,1784624236990.6636,1784624237253,1784624258296.0,1784624258400.9565,262.336,21043.0,104.957,1784623898296.0,21410.293
tc-29-300000,1784624237170.67,1784624237253,1784624258296.0,1784624258400.962,82.33,21043.0,104.962,1784623898296.0,21230.292
tc-3-300000,1784624237530.662,1784624238262,1784624258296.0,1784624258400.9622,731.338,20034.0,104.962,1784623898296.0,20870.3
tc-30-300000,1784624235500.6663,1784624236252,1784624258296.0,1784624258400.9626,751.334,22044.0,104.963,1784623898296.0,22900.296
tc-31-300000,1784624236930.6614,1784624237253,1784624258296.0,1784624258400.9653,322.339,21043.0,104.965,1784623898296.0,21470.304
tc-32-300000,1784624237490.6646,1784624238262,1784624258296.0,1784624258400.9658,771.335,20034.0,104.966,1784623898296.0,20910.301
tc-33-300000,1784624236350.68,1784624237253,1784624258296.0,1784624258400.966,902.32,21043.0,104.966,1784623898296.0,22050.286
tc-34-300000,1784624236830.6821,1784624237253,1784624258296.0,1784624258400.9663,422.318,21043.0,104.966,1784623898296.0,21570.284
tc-35-300000,1784624236510.6633,1784624237253,1784624258296.0,1784624258401.0125,742.337,21043.0,105.012,1784623898296.0,21890.349
tc-36-300000,1784624237080.6675,1784624237253,1784624258296.0,1784624258401.013,172.333,21043.0,105.013,1784623898296.0,21320.345
tc-37-300000,1784624236820.6758,1784624237253,1784624258296.0,1784624258401.0134,432.324,21043.0,105.013,1784623898296.0,21580.338
tc-38-300000,1784624236550.6792,1784624237253,1784624258296.0,1784624258401.014,702.321,21043.0,105.014,1784623898296.0,21850.335
tc-39-300000,1784624234290.6719,1784624235251,1784624258296.0,1784624258401.0142,960.328,23045.0,105.014,1784623898296.0,24110.342
tc-4-300000,1784624236040.664,1784624236252,1784624258296.0,1784624258401.0146,211.336,22044.0,105.015,1784623898296.0,22360.351
tc-40-300000,1784624237430.6658,1784624238262,1784624258296.0,1784624258401.015,831.334,20034.0,105.015,1784623898296.0,20970.349
tc-41-300000,1784624236610.6655,1784624237253,1784624258296.0,1784624258401.0154,642.334,21043.0,105.015,1784623898296.0,21790.35
tc-42-300000,1784624236670.6594,1784624237253,1784624258296.0,1784624258401.0156,582.341,21043.0,105.016,1784623898296.0,21730.356
tc-43-300000,1784624237230.665,1784624237253,1784624258296.0,1784624258401.016,22.335,21043.0,105.016,1784623898296.0,21170.351
tc-44-300000,1784624236660.6716,1784624237253,1784624258296.0,1784624258401.835,592.328,21043.0,105.835,1784623898296.0,21741.163
tc-45-300000,1784624236850.658,1784624237253,1784624258296.0,1784624258401.837,402.342,21043.0,105.837,1784623898296.0,21551.179
tc-46-300000,1784624237460.6736,1784624238262,1784624258296.0,1784624258401.838,801.326,20034.0,105.838,1784623898296.0,20941.164
tc-47-300000,1784624237070.6624,1784624237253,1784624258296.0,1784624258401.8386,182.338,21043.0,105.839,1784623898296.0,21331.176
tc-48-300000,1784624237290.6646,1784624238262,1784624258296.0,1784624258401.8435,971.335,20034.0,105.844,1784623898296.0,21111.179
tc-49-300000,1784624237000.663,1784624237253,1784624258296.0,1784624258401.8445,252.337,21043.0,105.844,1784623898296.0,21401.181
tc-5-300000,1784624235600.6643,1784624236252,1784624258296.0,1784624258401.8452,651.336,22044.0,105.845,1784623898296.0,22801.181
tc-50-300000,1784624236410.6565,1784624237253,1784624258296.0,1784624258401.846,842.344,21043.0,105.846,1784623898296.0,21991.189
tc-51-300000,1784624237140.6702,1784624237253,1784624258297.0,1784624258401.8467,112.33,21044.0,104.847,1784623898297.0,21261.177
tc-52-300000,1784624236560.6797,1784624237253,1784624258297.0,1784624258401.8477,692.32,21044.0,104.848,1784623898297.0,21841.168
tc-53-300000,1784624234210.6829,1784624234242,1784624258297.0,1784624258401.8484,31.317,24055.0,104.848,1784623898297.0,24191.166
tc-54-300000,1784624235440.665,1784624236252,1784624258297.0,1784624258401.849,811.335,22045.0,104.849,1784623898297.0,22961.184
tc-55-300000,1784624237310.6694,1784624238262,1784624258297.0,1784624258401.8499,951.331,20035.0,104.85,1784623898297.0,21091.18
tc-56-300000,1784624237180.6658,1784624237253,1784624258297.0,1784624258401.8506,72.334,21044.0,104.851,1784623898297.0,21221.185
tc-57-300000,1784624237420.6694,1784624238262,1784624258297.0,1784624258401.8518,841.331,20035.0,104.852,1784623898297.0,20981.182
tc-58-300000,1784624237390.6658,1784624238262,1784624258297.0,1784624258401.8525,871.334,20035.0,104.853,1784623898297.0,21011.187
tc-59-300000,1784624237380.6667,1784624238262,1784624258297.0,1784624258401.8533,881.333,20035.0,104.853,1784623898297.0,21021.187
tc-6-300000,1784624236110.664,1784624236252,1784624258297.0,1784624258401.854,141.336,22045.0,104.854,1784623898297.0,22291.19
tc-60-300000,1784624237540.6643,1784624238262,1784624258297.0,1784624258401.8555,721.336,20035.0,104.855,1784623898297.0,20861.191
tc-61-300000,1784624237370.6682,1784624238262,1784624258297.0,1784624258401.8562,891.332,20035.0,104.856,1784623898297.0,21031.188
tc-62-300000,1784624237150.677,1784624237253,1784624258297.0,1784624258401.857,102.323,21044.0,104.857,1784623898297.0,21251.18
tc-63-300000,1784624234940.6714,1784624235251,1784624258297.0,1784624258401.8577,310.329,23046.0,104.858,1784623898297.0,23461.186
tc-64-300000,1784624235390.6692,1784624236252,1784624258297.0,1784624258401.8584,861.331,22045.0,104.858,1784623898297.0,23011.189
tc-65-300000,1784624237520.6646,1784624238262,1784624258297.0,1784624258401.8591,741.335,20035.0,104.859,1784623898297.0,20881.195
tc-66-300000,1784624237330.6833,1784624238262,1784624258297.0,1784624258401.8599,931.317,20035.0,104.86,1784623898297.0,21071.177
tc-67-300000,1784624235190.6658,1784624235251,1784624258297.0,1784624258401.8606,60.334,23046.0,104.861,1784623898297.0,23211.195
tc-68-300000,1784624236440.666,1784624237253,1784624258297.0,1784624258401.861,812.334,21044.0,104.861,1784623898297.0,21961.195
tc-69-300000,1784624236860.666,1784624237253,1784624258297.0,1784624258401.8618,392.334,21044.0,104.862,1784623898297.0,21541.196
tc-7-300000,1784624237320.679,1784624238262,1784624258297.0,1784624258401.8625,941.321,20035.0,104.863,1784623898297.0,21081.184
tc-70-300000,1784624233050.6758,1784624233232,1784624258297.0,1784624258401.8677,181.324,25065.0,104.868,1784623898297.0,25351.192
tc-71-300000,1784624237120.6738,1784624237253,1784624258297.0,1784624258401.8684,132.326,21044.0,104.868,1784623898297.0,21281.195
tc-72-300000,1784624234450.68,1784624235251,1784624258297.0,1784624258401.8691,800.32,23046.0,104.869,1784623898297.0,23951.189
tc-73-300000,1784624235110.664,1784624235251,1784624258297.0,1784624258401.8696,140.336,23046.0,104.87,1784623898297.0,23291.206
tc-74-300000,1784624236800.6653,1784624237253,1784624258297.0,1784624258401.8704,452.335,21044.0,104.87,1784623898297.0,21601.205
tc-75-300000,1784624236720.671,1784624237253,1784624258297.0,1784624258401.871,532.329,21044.0,104.871,1784623898297.0,21681.2
tc-76-300000,1784624233650.6875,1784624234242,1784624258297.0,1784624258401.8718,591.312,24055.0,104.872,1784623898297.0,24751.184
tc-77-300000,1784624235560.6653,1784624236252,1784624258297.0,1784624258401.8726,691.335,22045.0,104.873,1784623898297.0,22841.207
tc-78-300000,1784624237280.6655,1784624238262,1784624258297.0,1784624258401.8733,981.334,20035.0,104.873,1784623898297.0,21121.208
tc-79-300000,1784624236680.6562,1784624237253,1784624258297.0,1784624258401.874,572.344,21044.0,104.874,1784623898297.0,21721.218
tc-8-300000,1784624237200.6677,1784624237253,1784624258297.0,1784624258401.8748,52.332,21044.0,104.875,1784623898297.0,21201.207
tc-80-300000,1784624237510.6633,1784624238262,1784624258297.0,1784624258401.8752,751.337,20035.0,104.875,1784623898297.0,20891.212
tc-81-300000,1784624234800.673,1784624235251,1784624258297.0,1784624258401.876,450.327,23046.0,104.876,1784623898297.0,23601.203
tc-82-300000,1784624237020.671,1784624237253,1784624258297.0,1784624258401.8767,232.329,21044.0,104.877,1784623898297.0,21381.206
tc-83-300000,1784624236360.679,1784624237253,1784624258297.0,1784624258401.895,892.321,21044.0,104.895,1784623898297.0,22041.216
tc-84-300000,1784624237450.6772,1784624238262,1784624258297.0,1784624258401.8958,811.323,20035.0,104.896,1784623898297.0,20951.219
tc-85-300000,1784624235740.6836,1784624236252,1784624258297.0,1784624258401.8965,511.316,22045.0,104.896,1784623898297.0,22661.213
tc-86-300000,1784624235480.6628,1784624236252,1784624258297.0,1784624258401.8972,771.337,22045.0,104.897,1784623898297.0,22921.234
tc-87-300000,1784624236260.6697,1784624237253,1784624258297.0,1784624258401.898,992.33,21044.0,104.898,1784623898297.0,22141.228
tc-88-300000,1784624236570.6838,1784624237253,1784624258297.0,1784624258401.8987,682.316,21044.0,104.899,1784623898297.0,21831.215
tc-89-300000,1784624234960.6667,1784624235251,1784624258297.0,1784624258401.8994,290.333,23046.0,104.899,1784623898297.0,23441.233
tc-9-300000,1784624237410.664,1784624238262,1784624258297.0,1784624258401.905,851.336,20035.0,104.905,1784623898297.0,20991.241
tc-90-300000,1784624235310.6655,1784624236252,1784624258297.0,1784624258401.9058,941.334,22045.0,104.906,1784623898297.0,23091.24
tc-91-300000,1784624236230.6675,1784624236252,1784624258297.0,1784624258401.9067,21.333,22045.0,104.907,1784623898297.0,22171.239
tc-92-300000,1784624236480.662,1784624237253,1784624258297.0,1784624258401.9072,772.338,21044.0,104.907,1784623898297.0,21921.245
tc-93-300000,1784624237400.666,1784624238262,1784624258297.0,1784624258401.908,861.334,20035.0,104.908,1784623898297.0,21001.242
tc-94-300000,1784624237550.6675,1784624238262,1784624258297.0,1784624258401.9136,711.333,20035.0,104.914,1784623898297.0,20851.246
tc-95-300000,1784624236280.6619,1784624237253,1784624258297.0,1784624258401.9143,972.338,21044.0,104.914,1784623898297.0,22121.252
tc-96-300000,1784624236290.6592,1784624237253,1784624258298.0,1784624258401.9155,962.341,21045.0,103.916,1784623898298.0,22111.256
tc-97-300000,1784624236960.6753,1784624237253,1784624258298.0,1784624258401.9163,292.325,21045.0,103.916,1784623898298.0,21441.241
tc-98-300000,1784624236520.6616,1784624237253,1784624258298.0,1784624258401.917,732.338,21045.0,103.917,1784623898298.0,21881.255
tc-99-300000,1784624236160.6733,1784624236252,1784624258298.0,1784624258401.9175,91.327,22046.0,103.917,1784623898298.0,22241.244
tc-0-360000,1784624242690.6729,1784624243292,1784624258331.0,1784624258401.9182,601.327,15039.0,70.918,1784623838331.0,15711.245
tc-1-360000,1784624243080.6602,1784624243292,1784624258332.0,1784624258401.919,211.34,15040.0,69.919,1784623838332.0,15321.259
tc-10-360000,1784624242440.6797,1784624243292,1784624258332.0,1784624258401.9238,851.32,15040.0,69.924,1784623838332.0,15961.244
tc-11-360000,1784624243240.6716,1784624243292,1784624258332.0,1784624258401.9248,51.328,15040.0,69.925,1784623838332.0,15161.253
tc-12-360000,1784624242620.6758,1784624243292,1784624258332.0,1784624258401.9255,671.324,15040.0,69.926,1784623838332.0,15781.25
tc-13-360000,1784624243210.6719,1784624243292,1784624258332.0,1784624258401.9263,81.328,15040.0,69.926,1784623838332.0,15191.254
tc-14-360000,1784624243400.6738,1784624244302,1784624258332.0,1784624258401.927,901.326,14030.0,69.927,1784623838332.0,15001.253
tc-15-360000,1784624243460.6638,1784624244302,1784624258332.0,1784624258401.9277,841.336,14030.0,69.928,1784623838332.0,14941.264
tc-16-360000,1784624243330.6797,1784624244302,1784624258332.0,1784624258401.9285,971.32,14030.0,69.928,1784623838332.0,15071.249
tc-17-360000,1784624243150.681,1784624243292,1784624258332.0,1784624258401.9292,141.319,15040.0,69.929,1784623838332.0,15251.248
tc-18-360000,1784624243220.6738,1784624243292,1784624258332.0,1784624258401.93,71.326,15040.0,69.93,1784623838332.0,15181.256
tc-19-360000,1784624243550.6824,1784624244302,1784624258332.0,1784624258401.9307,751.318,14030.0,69.931,1784623838332.0,14851.248
tc-2-360000,1784624243370.6775,1784624244302,1784624258332.0,1784624258401.9353,931.323,14030.0,69.935,1784623838332.0,15031.258
tc-20-360000,1784624243410.6702,1784624244302,1784624258332.0,1784624258401.9363,891.33,14030.0,69.936,1784623838332.0,14991.266
tc-21-360000,1784624242330.6775,1784624243292,1784624258332.0,1784624258401.941,961.323,15040.0,69.941,1784623838332.0,16071.263
tc-22-360000,1784624243530.6638,1784624244302,1784624258332.0,1784624258401.942,771.336,14030.0,69.942,1784623838332.0,14871.278
tc-23-360000,1784624243542.439,1784624244302,1784624258332.0,1784624258401.9426,759.561,14030.0,69.943,1784623838332.0,14859.504
tc-24-360000,1784624243260.6665,1784624243292,1784624258332.0,1784624258401.9434,31.333,15040.0,69.943,1784623838332.0,15141.277
tc-25-360000,1784624243450.6655,1784624244302,1784624258332.0,1784624258401.944,851.334,14030.0,69.944,1784623838332.0,14951.279
tc-26-360000,1784624241500.6694,1784624242292,1784624258332.0,1784624258401.9446,791.331,16040.0,69.945,1784623838332.0,16901.275
tc-27-360000,1784624242430.668,1784624243292,1784624258332.0,1784624258401.9453,861.332,15040.0,69.945,1784623838332.0,15971.277
tc-28-360000,1784624243170.681,1784624243292,1784624258332.0,1784624258401.946,121.319,15040.0,69.946,1784623838332.0,15231.265
tc-29-360000,1784624243500.6794,1784624244302,1784624258332.0,1784624258401.9468,801.321,14030.0,69.947,1784623838332.0,14901.267
tc-3-360000,1784624243510.6726,1784624244302,1784624258332.0,1784624258401.9478,791.327,14030.0,69.948,1784623838332.0,14891.275
tc-30-360000,1784624242120.6777,1784624242292,1784624258332.0,1784624258401.965,171.322,16040.0,69.965,1784623838332.0,16281.287
tc-31-360000,1784624242370.6821,1784624243292,1784624258332.0,1784624258401.9658,921.318,15040.0,69.966,1784623838332.0,16031.284
tc-32-360000,1784624243490.6738,1784624244302,1784624258332.0,1784624258401.9666,811.326,14030.0,69.967,1784623838332.0,14911.293
tc-33-360000,1784624243030.6653,1784624243292,1784624258332.0,1784624258401.9673,261.335,15040.0,69.967,1784623838332.0,15371.302
tc-34-360000,1784624242230.6672,1784624242292,1784624258332.0,1784624258401.968,61.333,16040.0,69.968,1784623838332.0,16171.301
tc-35-360000,1784624242530.6636,1784624243292,1784624258332.0,1784624258401.969,761.336,15040.0,69.969,1784623838332.0,15871.305
tc-36-360000,1784624242890.6777,1784624243292,1784624258332.0,1784624258401.9697,401.322,15040.0,69.97,1784623838332.0,15511.292
tc-37-360000,1784624239760.6646,1784624240273,1784624258332.0,1784624258401.9702,512.335,18059.0,69.97,1784623838332.0,18641.306
tc-38-360000,1784624242750.677,1784624243292,1784624258332.0,1784624258401.971,541.323,15040.0,69.971,1784623838332.0,15651.294
tc-39-360000,1784624243160.665,1784624243292,1784624258332.0,1784624258401.9717,131.335,15040.0,69.972,1784623838332.0,15241.307
tc-4-360000,1784624243340.6797,1784624244302,1784624258332.0,1784624258401.9724,961.32,14030.0,69.972,1784623838332.0,15061.293
tc-40-360000,1784624242460.6704,1784624243292,1784624258332.0,1784624258401.973,831.33,15040.0,69.973,1784623838332.0,15941.302
tc-41-360000,1784624242980.668,1784624243292,1784624258332.0,1784624258401.9739,311.332,15040.0,69.974,1784623838332.0,15421.306
tc-42-360000,1784624243090.6648,1784624243292,1784624258332.0,1784624258401.9746,201.335,15040.0,69.975,1784623838332.0,15311.31
tc-43-360000,1784624242350.6902,1784624243292,1784624258332.0,1784624258401.9753,941.31,15040.0,69.975,1784623838332.0,16051.285
tc-44-360000,1784624241410.6736,1784624242292,1784624258332.0,1784624258401.9758,881.326,16040.0,69.976,1784623838332.0,16991.302
tc-45-360000,1784624242710.6865,1784624243292,1784624258332.0,1784624258401.9766,581.313,15040.0,69.977,1784623838332.0,15691.29
tc-46-360000,1784624243060.6675,1784624243292,1784624258332.0,1784624258401.9773,231.333,15040.0,69.977,1784623838332.0,15341.31
tc-47-360000,1784624243040.6782,1784624243292,1784624258332.0,1784624258401.978,251.322,15040.0,69.978,1784623838332.0,15361.3
tc-48-360000,1784624241810.674,1784624242292,1784624258332.0,1784624258401.9788,481.326,16040.0,69.979,1784623838332.0,16591.305
tc-49-360000,1784624243050.673,1784624243292,1784624258332.0,1784624258401.9795,241.327,15040.0,69.979,1784623838332.0,15351.306
tc-5-360000,1784624239110.6685,1784624239272,1784624258332.0,1784624258401.9844,161.332,19060.0,69.984,1784623838332.0,19291.316
tc-50-360000,1784624243480.6782,1784624244302,1784624258332.0,1784624258401.985,821.322,14030.0,69.985,1784623838332.0,14921.307
tc-51-360000,1784624242820.675,1784624243292,1784624258332.0,1784624258401.9858,471.325,15040.0,69.986,1784623838332.0,15581.311
tc-52-360000,1784624242390.6768,1784624243292,1784624258332.0,1784624258401.9866,901.323,15040.0,69.987,1784623838332.0,16011.31
tc-53-360000,1784624242310.6812,1784624243292,1784624258332.0,1784624258401.9873,981.319,15040.0,69.987,1784623838332.0,16091.306
tc-54-360000,1784624243290.6729,1784624243292,1784624258332.0,1784624258401.988,1.327,15040.0,69.988,1784623838332.0,15111.315
tc-55-360000,1784624243471.2197,1784624244302,1784624258332.0,1784624258401.9888,830.78,14030.0,69.989,1784623838332.0,14930.769
tc-56-360000,1784624242500.674,1784624243292,1784624258332.0,1784624258401.9937,791.326,15040.0,69.994,1784623838332.0,15901.32
tc-57-360000,1784624240200.6814,1784624240273,1784624258332.0,1784624258402.0054,72.319,18059.0,70.005,1784623838332.0,18201.324
tc-58-360000,1784624239080.6663,1784624239272,1784624258332.0,1784624258402.006,191.334,19060.0,70.006,1784623838332.0,19321.34
tc-59-360000,1784624241950.6814,1784624242292,1784624258332.0,1784624258402.0068,341.319,16040.0,70.007,1784623838332.0,16451.325
tc-6-360000,1784624242070.6763,1784624242292,1784624258332.0,1784624258402.0076,221.324,16040.0,70.008,1784623838332.0,16331.331
tc-60-360000,1784624242550.6782,1784624243292,1784624258332.0,1784624258402.0083,741.322,15040.0,70.008,1784623838332.0,15851.33
tc-61-360000,1784624242990.672,1784624243292,1784624258332.0,1784624258402.009,301.328,15040.0,70.009,1784623838332.0,15411.337
tc-62-360000,1784624242260.6814,1784624242292,1784624258332.0,1784624258402.0095,31.319,16040.0,70.01,1784623838332.0,16141.328
tc-63-360000,1784624243100.6711,1784624243292,1784624258332.0,1784624258402.0103,191.329,15040.0,70.01,1784623838332.0,15301.339
tc-64-360000,1784624242570.6729,1784624243292,1784624258332.0,1784624258402.011,721.327,15040.0,70.011,1784623838332.0,15831.338
tc-65-360000,1784624242560.6775,1784624243292,1784624258332.0,1784624258402.0117,731.323,15040.0,70.012,1784623838332.0,15841.334
tc-66-360000,1784624242540.674,1784624243292,1784624258332.0,1784624258402.0125,751.326,15040.0,70.012,1784623838332.0,15861.338
tc-67-360000,1784624241610.6746,1784624242292,1784624258332.0,1784624258402.0132,681.325,16040.0,70.013,1784623838332.0,16791.339
tc-68-360000,1784624240460.6826,1784624241284,1784624258332.0,1784624258402.065,823.317,17048.0,70.065,1784623838332.0,17941.382
tc-69-360000,1784624241770.6775,1784624242292,1784624258332.0,1784624258402.0657,521.323,16040.0,70.066,1784623838332.0,16631.388
tc-7-360000,1784624243350.6802,1784624244302,1784624258332.0,1784624258402.0796,951.32,14030.0,70.08,1784623838332.0,15051.399
tc-70-360000,1784624243230.6658,1784624243292,1784624258332.0,1784624258402.0857,61.334,15040.0,70.086,1784623838332.0,15171.42
tc-71-360000,1784624242300.6775,1784624243292,1784624258332.0,1784624258402.0864,991.323,15040.0,70.086,1784623838332.0,16101.409
tc-72-360000,1784624241870.6777,1784624242292,1784624258332.0,1784624258402.0872,421.322,16040.0,70.087,1784623838332.0,16531.409
tc-73-360000,1784624242840.6816,1784624243292,1784624258332.0,1784624258402.088,451.318,15040.0,70.088,1784623838332.0,15561.406
tc-74-360000,1784624242180.6672,1784624242292,1784624258332.0,1784624258402.0886,111.333,16040.0,70.089,1784623838332.0,16221.421
tc-75-360000,1784624242510.667,1784624243292,1784624258332.0,1784624258402.0938,781.333,15040.0,70.094,1784623838332.0,15891.427
tc-77-360000,1784624243430.6643,1784624244302,1784624258332.0,1784624258402.0947,871.336,14030.0,70.095,1784623838332.0,14971.43
tc-78-360000,1784624241310.6726,1784624242292,1784624258332.0,1784624258402.0955,981.327,16040.0,70.095,1784623838332.0,17091.423
tc-79-360000,1784624242400.676,1784624243292,1784624258332.0,1784624258402.0962,891.324,15040.0,70.096,1784623838332.0,16001.42
tc-8-360000,1784624242610.6768,1784624243292,1784624258332.0,1784624258402.097,681.323,15040.0,70.097,1784623838332.0,15791.42
tc-80-360000,1784624243390.6807,1784624244302,1784624258332.0,1784624258402.0977,911.319,14030.0,70.098,1784623838332.0,15011.417
tc-81-360000,1784624241700.6792,1784624242292,1784624258332.0,1784624258402.0981,591.321,16040.0,70.098,1784623838332.0,16701.419
tc-82-360000,1784624240990.6763,1784624241284,1784624258332.0,1784624258402.0989,293.324,17048.0,70.099,1784623838332.0,17411.423
tc-83-360000,1784624242880.6663,1784624243292,1784624258332.0,1784624258402.0996,411.334,15040.0,70.1,1784623838332.0,15521.433
tc-84-360000,1784624242770.688,1784624243292,1784624258332.0,1784624258402.1003,521.312,15040.0,70.1,1784623838332.0,15631.412
tc-85-360000,1784624241790.6746,1784624242292,1784624258332.0,1784624258402.101,501.325,16040.0,70.101,1784623838332.0,16611.427
tc-86-360000,1784624243440.6646,1784624244302,1784624258332.0,1784624258402.107,861.335,14030.0,70.107,1784623838332.0,14961.442
tc-87-360000,1784624242790.6768,1784624243292,1784624258332.0,1784624258402.108,501.323,15040.0,70.108,1784623838332.0,15611.431
tc-88-360000,1784624243110.6497,1784624243292,1784624258332.0,1784624258402.1086,181.35,15040.0,70.109,1784623838332.0,15291.459
tc-89-360000,1784624240720.6816,1784624241284,1784624258332.0,1784624258402.1094,563.318,17048.0,70.109,1784623838332.0,17681.428
tc-9-360000,1784624241710.6802,1784624242292,1784624258332.0,1784624258402.11,581.32,16040.0,70.11,1784623838332.0,16691.43
tc-90-360000,1784624243520.6758,1784624244302,1784624258332.0,1784624258402.1106,781.324,14030.0,70.111,1784623838332.0,14881.435
tc-91-360000,1784624242210.6711,1784624242292,1784624258332.0,1784624258402.1116,81.329,16040.0,70.112,1784623838332.0,16191.44
tc-92-360000,1784624243200.6755,1784624243292,1784624258332.0,1784624258402.1162,91.324,15040.0,70.116,1784623838332.0,15201.441
tc-93-360000,1784624243280.6694,1784624243292,1784624258332.0,1784624258402.1172,11.331,15040.0,70.117,1784623838332.0,15121.448
tc-94-360000,1784624242780.673,1784624243292,1784624258332.0,1784624258402.1177,511.327,15040.0,70.118,1784623838332.0,15621.445
tc-95-360000,1784624243270.6792,1784624243292,1784624258332.0,1784624258402.1184,21.321,15040.0,70.118,1784623838332.0,15131.439
tc-96-360000,1784624241020.6763,1784624241284,1784624258332.0,1784624258402.1191,263.324,17048.0,70.119,1784623838332.0,17381.443
tc-97-360000,1784624241860.6763,1784624242292,1784624258332.0,1784624258402.1199,431.324,16040.0,70.12,1784623838332.0,16541.444
tc-98-360000,1784624242360.6816,1784624243292,1784624258332.0,1784624258402.1206,931.318,15040.0,70.121,1784623838332.0,16041.439
tc-99-360000,1784624242080.665,1784624242292,1784624258332.0,1784624258402.1213,211.335,16040.0,70.121,1784623838332.0,16321.456
tc-0-420000,1784624249420.6826,1784624250331,1784624268426.0,1784624268509.5947,910.317,18095.0,83.595,1784623788426.0,19088.912
tc-1-420000,1784624247820.6755,1784624248312,1784624268426.0,1784624268509.5977,491.324,20114.0,83.598,1784623788426.0,20688.922
tc-10-420000,1784624248540.6672,1784624249322,1784624268426.0,1784624268509.5994,781.333,19104.0,83.599,1784623788426.0,19968.932
tc-11-420000,1784624249380.6685,1784624250331,1784624268426.0,1784624268509.6006,950.332,18095.0,83.601,1784623788426.0,19128.932
tc-12-420000,1784624248430.6753,1784624249322,1784624268426.0,1784624268509.6025,891.325,19104.0,83.603,1784623788426.0,20078.927
tc-13-420000,1784624249120.6755,1784624249322,1784624268426.0,1784624268509.6035,201.324,19104.0,83.604,1784623788426.0,19388.928
tc-14-420000,1784624248610.6716,1784624249322,1784624268426.0,1784624268509.6045,711.328,19104.0,83.604,1784623788426.0,19898.933
tc-15-420000,1784624249330.67,1784624250331,1784624268426.0,1784624268509.6055,1000.33,18095.0,83.605,1784623788426.0,19178.936
tc-16-420000,1784624249290.6934,1784624249322,1784624268426.0,1784624268509.6064,31.307,19104.0,83.606,1784623788426.0,19218.913
tc-17-420000,1784624248970.6663,1784624249322,1784624268426.0,1784624268509.6077,351.334,19104.0,83.608,1784623788426.0,19538.941
tc-18-420000,1784624249490.665,1784624250331,1784624268426.0,1784624268509.6084,840.335,18095.0,83.608,1784623788426.0,19018.943
tc-19-420000,1784624247730.6655,1784624248312,1784624268426.0,1784624268509.6099,581.334,20114.0,83.61,1784623788426.0,20778.944
tc-2-420000,1784624249200.6753,1784624249322,1784624268426.0,1784624268509.6106,121.325,19104.0,83.611,1784623788426.0,19308.935
tc-20-420000,1784624249340.6863,1784624250331,1784624268426.0,1784624268509.6113,990.314,18095.0,83.611,1784623788426.0,19168.925
tc-21-420000,1784624249100.67,1784624249322,1784624268426.0,1784624268509.6123,221.33,19104.0,83.612,1784623788426.0,19408.942
tc-22-420000,1784624248830.6853,1784624249322,1784624268427.0,1784624268509.613,491.315,19105.0,82.613,1784623788427.0,19678.928
tc-23-420000,1784624249250.672,1784624249322,1784624268427.0,1784624268509.614,71.328,19105.0,82.614,1784623788427.0,19258.942
tc-24-420000,1784624247880.6672,1784624248312,1784624268427.0,1784624268509.6147,431.333,20115.0,82.615,1784623788427.0,20628.948
tc-25-420000,1784624249530.6729,1784624250331,1784624268427.0,1784624268509.6155,800.327,18096.0,82.615,1784623788427.0,18978.943
tc-26-420000,1784624249390.673,1784624250331,1784624268427.0,1784624268509.6296,940.327,18096.0,82.63,1784623788427.0,19118.957
tc-27-420000,1784624248320.6748,1784624249322,1784624268427.0,1784624268509.6304,1001.325,19105.0,82.63,1784623788427.0,20188.956
tc-28-420000,1784624249540.6729,1784624250331,1784624268427.0,1784624268509.6309,790.327,18096.0,82.631,1784623788427.0,18968.958
tc-29-420000,1784624249210.6792,1784624249322,1784624268427.0,1784624268509.636,111.321,19105.0,82.636,1784623788427.0,19298.957
tc-3-420000,1784624248760.6646,1784624249322,1784624268427.0,1784624268509.6367,561.335,19105.0,82.637,1784623788427.0,19748.972
tc-30-420000,1784624248120.667,1784624248312,1784624268427.0,1784624268509.6372,191.333,20115.0,82.637,1784623788427.0,20388.97
tc-31-420000,1784624247680.6672,1784624248312,1784624268427.0,1784624268509.638,631.333,20115.0,82.638,1784623788427.0,20828.971
tc-32-420000,1784624247390.6875,1784624248312,1784624268427.0,1784624268509.6384,921.312,20115.0,82.638,1784623788427.0,21118.951
tc-33-420000,1784624248860.6719,1784624249322,1784624268427.0,1784624268509.639,461.328,19105.0,82.639,1784623788427.0,19648.967
tc-34-420000,1784624249550.6658,1784624250331,1784624268427.0,1784624268509.6396,780.334,18096.0,82.64,1784623788427.0,18958.974
tc-35-420000,1784624249410.678,1784624250331,1784624268427.0,1784624268509.6404,920.322,18096.0,82.64,1784623788427.0,19098.962
tc-36-420000,1784624249440.6816,1784624250331,1784624268427.0,1784624268509.6409,890.318,18096.0,82.641,1784623788427.0,19068.959
tc-37-420000,1784624249350.6753,1784624250331,1784624268427.0,1784624268509.6416,980.325,18096.0,82.642,1784623788427.0,19158.966
tc-38-420000,1784624248160.678,1784624248312,1784624268427.0,1784624268509.6423,151.322,20115.0,82.642,1784623788427.0,20348.964
tc-39-420000,1784624249450.6643,1784624250331,1784624268427.0,1784624268509.6428,880.336,18096.0,82.643,1784623788427.0,19058.979
tc-4-420000,1784624249140.673,1784624249322,1784624268427.0,1784624268509.6433,181.327,19105.0,82.643,1784623788427.0,19368.97
tc-40-420000,1784624249260.6748,1784624249322,1784624268427.0,1784624268509.644,61.325,19105.0,82.644,1784623788427.0,19248.969
tc-41-420000,1784624248780.6665,1784624249322,1784624268427.0,1784624268509.6484,541.333,19105.0,82.648,1784623788427.0,19728.982
tc-42-420000,1784624248500.6665,1784624249322,1784624268427.0,1784624268509.6492,821.333,19105.0,82.649,1784623788427.0,20008.983
tc-43-420000,1784624247580.6648,1784624248312,1784624268427.0,1784624268509.6497,731.335,20115.0,82.65,1784623788427.0,20928.985
tc-44-420000,1784624246740.67,1784624247311,1784624268427.0,1784624268509.6504,570.33,21116.0,82.65,1784623788427.0,21768.98
tc-45-420000,1784624247650.6667,1784624248312,1784624268427.0,1784624268509.651,661.333,20115.0,82.651,1784623788427.0,20858.984
tc-46-420000,1784624249080.663,1784624249322,1784624268427.0,1784624268509.6516,241.337,19105.0,82.652,1784623788427.0,19428.989
tc-47-420000,1784624249300.673,1784624249322,1784624268427.0,1784624268509.6746,21.327,19105.0,82.675,1784623788427.0,19209.001
tc-48-420000,1784624248210.6846,1784624248312,1784624268427.0,1784624268509.675,101.315,20115.0,82.675,1784623788427.0,20298.99
tc-49-420000,1784624248490.6843,1784624249322,1784624268427.0,1784624268509.6758,831.316,19105.0,82.676,1784623788427.0,20018.991
tc-5-420000,1784624248800.6685,1784624249322,1784624268427.0,1784624268509.6763,521.332,19105.0,82.676,1784623788427.0,19709.008
tc-51-420000,1784624248790.6748,1784624249322,1784624268427.0,1784624268509.677,531.325,19105.0,82.677,1784623788427.0,19719.002
tc-52-420000,1784624247440.6648,1784624248312,1784624268427.0,1784624268509.6775,871.335,20115.0,82.677,1784623788427.0,21069.013
tc-53-420000,1784624247610.6648,1784624248312,1784624268427.0,1784624268509.6782,701.335,20115.0,82.678,1784623788427.0,20899.013
tc-54-420000,1784624248100.671,1784624248312,1784624268427.0,1784624268509.6787,211.329,20115.0,82.679,1784623788427.0,20409.008
tc-55-420000,1784624248370.6692,1784624249322,1784624268427.0,1784624268509.6792,951.331,19105.0,82.679,1784623788427.0,20139.01
tc-56-420000,1784624249400.6738,1784624250331,1784624268427.0,1784624268509.6797,930.326,18096.0,82.68,1784623788427.0,19109.006
tc-57-420000,1784624249090.6624,1784624249322,1784624268427.0,1784624268509.6802,231.338,19105.0,82.68,1784623788427.0,19419.018
tc-58-420000,1784624249520.676,1784624250331,1784624268427.0,1784624268509.6807,810.324,18096.0,82.681,1784623788427.0,18989.005
tc-59-420000,1784624249510.6655,1784624250331,1784624268427.0,1784624268509.6812,820.334,18096.0,82.681,1784623788427.0,18999.016
tc-6-420000,1784624248200.6924,1784624248312,1784624268427.0,1784624268509.6816,111.308,20115.0,82.682,1784623788427.0,20308.989
tc-60-420000,1784624248250.669,1784624248312,1784624268427.0,1784624268509.6821,61.331,20115.0,82.682,1784623788427.0,20259.013
tc-61-420000,1784624249470.6692,1784624250331,1784624268427.0,1784624268509.683,860.331,18096.0,82.683,1784623788427.0,19039.014
tc-62-420000,1784624247560.6592,1784624248312,1784624268427.0,1784624268509.684,751.341,20115.0,82.684,1784623788427.0,20949.025
tc-63-420000,1784624246560.6672,1784624247311,1784624268427.0,1784624268509.6897,750.333,21116.0,82.69,1784623788427.0,21949.022
tc-64-420000,1784624248380.6743,1784624249322,1784624268427.0,1784624268509.6907,941.326,19105.0,82.691,1784623788427.0,20129.016
tc-65-420000,1784624249160.6687,1784624249322,1784624268427.0,1784624268509.6921,161.331,19105.0,82.692,1784623788427.0,19349.023
tc-66-420000,1784624249190.6812,1784624249322,1784624268427.0,1784624268509.6929,131.319,19105.0,82.693,1784623788427.0,19319.012
tc-67-420000,1784624248440.6726,1784624249322,1784624268427.0,1784624268509.6948,881.327,19105.0,82.695,1784623788427.0,20069.022
tc-68-420000,1784624249240.676,1784624249322,1784624268427.0,1784624268509.6958,81.324,19105.0,82.696,1784623788427.0,19269.02
tc-69-420000,1784624249000.664,1784624249322,1784624268427.0,1784624268509.6965,321.336,19105.0,82.697,1784623788427.0,19509.032
tc-7-420000,1784624249430.6858,1784624250331,1784624268427.0,1784624268509.7026,900.314,18096.0,82.703,1784623788427.0,19079.017
tc-70-420000,1784624248930.6677,1784624249322,1784624268427.0,1784624268509.7036,391.332,19105.0,82.704,1784623788427.0,19579.036
tc-71-420000,1784624246960.6667,1784624247311,1784624268427.0,1784624268509.7043,350.333,21116.0,82.704,1784623788427.0,21549.038
tc-72-420000,1784624248520.6758,1784624249322,1784624268427.0,1784624268509.705,801.324,19105.0,82.705,1784623788427.0,19989.029
tc-73-420000,1784624249030.667,1784624249322,1784624268427.0,1784624268509.7056,291.333,19105.0,82.706,1784623788427.0,19479.039
tc-74-420000,1784624246720.67,1784624247311,1784624268427.0,1784624268509.706,590.33,21116.0,82.706,1784623788427.0,21789.036
tc-75-420000,1784624247060.6814,1784624247311,1784624268427.0,1784624268509.7065,250.319,21116.0,82.707,1784623788427.0,21449.025
tc-76-420000,1784624249480.6746,1784624250331,1784624268427.0,1784624268509.7068,850.325,18096.0,82.707,1784623788427.0,19029.032
tc-77-420000,1784624249280.6711,1784624249322,1784624268427.0,1784624268509.7075,41.329,19105.0,82.708,1784623788427.0,19229.036
tc-78-420000,1784624249130.6707,1784624249322,1784624268427.0,1784624268509.708,191.329,19105.0,82.708,1784623788427.0,19379.037
tc-79-420000,1784624249320.6804,1784624249322,1784624268427.0,1784624268509.7085,1.32,19105.0,82.708,1784623788427.0,19189.028
tc-8-420000,1784624249180.684,1784624249322,1784624268427.0,1784624268509.709,141.316,19105.0,82.709,1784623788427.0,19329.025
tc-80-420000,1784624247160.6814,1784624247311,1784624268427.0,1784624268509.7095,150.319,21116.0,82.709,1784623788427.0,21349.028
tc-81-420000,1784624249270.6846,1784624249322,1784624268427.0,1784624268509.71,51.315,19105.0,82.71,1784623788427.0,19239.025
tc-82-420000,1784624248870.668,1784624249322,1784624268427.0,1784624268509.714,451.332,19105.0,82.714,1784623788427.0,19639.046
tc-83-420000,1784624246050.662,1784624246311,1784624268427.0,1784624268509.7148,260.338,22116.0,82.715,1784623788427.0,22459.053
tc-84-420000,1784624249460.6638,1784624250331,1784624268427.0,1784624268509.7153,870.336,18096.0,82.715,1784623788427.0,19049.052
tc-85-420000,1784624247470.6638,1784624248312,1784624268427.0,1784624268509.7195,841.336,20115.0,82.719,1784623788427.0,21039.056
tc-86-420000,1784624248990.667,1784624249322,1784624268427.0,1784624268509.7314,331.333,19105.0,82.731,1784623788427.0,19519.064
tc-87-420000,1784624247280.6755,1784624247311,1784624268427.0,1784624268509.732,30.324,21116.0,82.732,1784623788427.0,21229.056
tc-88-420000,1784624249230.6836,1784624249322,1784624268427.0,1784624268509.7327,91.316,19105.0,82.733,1784623788427.0,19279.049
tc-89-420000,1784624249500.666,1784624250331,1784624268427.0,1784624268509.733,830.334,18096.0,82.733,1784623788427.0,19009.067
tc-9-420000,1784624249310.679,1784624249322,1784624268427.0,1784624268509.7334,11.321,19105.0,82.733,1784623788427.0,19199.054
tc-90-420000,1784624248720.6724,1784624249322,1784624268427.0,1784624268509.734,601.328,19105.0,82.734,1784623788427.0,19789.062
tc-91-420000,1784624248550.6643,1784624249322,1784624268427.0,1784624268509.7344,771.336,19105.0,82.734,1784623788427.0,19959.07
tc-92-420000,1784624246730.6646,1784624247311,1784624268427.0,1784624268509.7349,580.335,21116.0,82.735,1784623788427.0,21779.07
tc-93-420000,1784624248750.67,1784624249322,1784624268427.0,1784624268509.7393,571.33,19105.0,82.739,1784623788427.0,19759.069
tc-94-420000,1784624249370.68,1784624250331,1784624268427.0,1784624268509.74,960.32,18096.0,82.74,1784623788427.0,19139.06
tc-95-420000,1784624248290.6816,1784624248312,1784624268427.0,1784624268509.7405,21.318,20115.0,82.74,1784623788427.0,20219.059
tc-96-420000,1784624247330.6777,1784624248312,1784624268427.0,1784624268509.741,981.322,20115.0,82.741,1784623788427.0,21179.063
tc-97-420000,1784624248280.6663,1784624248312,1784624268427.0,1784624268509.7415,31.334,20115.0,82.741,1784623788427.0,20229.075
tc-98-420000,1784624247960.6687,1784624248312,1784624268427.0,1784624268510.3167,351.331,20115.0,83.317,1784623788427.0,20549.648
tc-99-420000,1784624249020.6787,1784624249322,1784624268427.0,1784624268510.3179,301.321,19105.0,83.318,1784623788427.0,19489.639
tc-0-480000,1784624254310.687,1784624254341,1784624268455.0,1784624268510.3186,30.313,14114.0,55.319,1784623728455.0,14199.632
tc-1-480000,1784624253370.669,1784624254341,1784624268455.0,1784624268510.319,970.331,14114.0,55.319,1784623728455.0,15139.65
tc-10-480000,1784624255090.6633,1784624255342,1784624268455.0,1784624268510.3198,251.337,13113.0,55.32,1784623728455.0,13419.656
tc-11-480000,1784624255340.6648,1784624255342,1784624268455.0,1784624268510.3203,1.335,13113.0,55.32,1784623728455.0,13169.656
tc-12-480000,1784624254550.669,1784624255342,1784624268455.0,1784624268510.3215,791.331,13113.0,55.322,1784623728455.0,13959.653
tc-13-480000,1784624253550.6704,1784624254341,1784624268455.0,1784624268510.322,790.33,14114.0,55.322,1784623728455.0,14959.652
tc-14-480000,1784624255460.685,1784624256351,1784624268455.0,1784624268510.3228,890.315,12104.0,55.323,1784623728455.0,13049.638
tc-15-480000,1784624254920.6697,1784624255342,1784624268455.0,1784624268510.3232,421.33,13113.0,55.323,1784623728455.0,13589.654
tc-16-480000,1784624255130.6692,1784624255342,1784624268455.0,1784624268510.3237,211.331,13113.0,55.324,1784623728455.0,13379.655
tc-17-480000,1784624254460.6697,1784624255342,1784624268455.0,1784624268510.3242,881.33,13113.0,55.324,1784623728455.0,14049.655
tc-18-480000,1784624254410.673,1784624255342,1784624268455.0,1784624268510.3247,931.327,13113.0,55.325,1784623728455.0,14099.652
tc-19-480000,1784624255110.6716,1784624255342,1784624268455.0,1784624268510.3252,231.328,13113.0,55.325,1784623728455.0,13399.654
tc-2-480000,1784624255230.683,1784624255342,1784624268455.0,1784624268510.326,111.317,13113.0,55.326,1784623728455.0,13279.643
tc-20-480000,1784624251030.662,1784624251331,1784624268455.0,1784624268510.3264,300.338,17124.0,55.326,1784623728455.0,17479.664
tc-21-480000,1784624255520.6677,1784624256351,1784624268455.0,1784624268510.3271,830.332,12104.0,55.327,1784623728455.0,12989.659
tc-22-480000,1784624255200.6663,1784624255342,1784624268455.0,1784624268510.3276,141.334,13113.0,55.328,1784623728455.0,13309.661
tc-23-480000,1784624254630.668,1784624255342,1784624268455.0,1784624268510.3281,711.332,13113.0,55.328,1784623728455.0,13879.66
tc-24-480000,1784624255020.6663,1784624255342,1784624268455.0,1784624268510.3289,321.334,13113.0,55.329,1784623728455.0,13489.663
tc-25-480000,1784624255370.6816,1784624256351,1784624268456.0,1784624268510.3293,980.318,12105.0,54.329,1784623728456.0,13139.648
tc-26-480000,1784624254640.6646,1784624255342,1784624268456.0,1784624268510.3298,701.335,13114.0,54.33,1784623728456.0,13869.665
tc-27-480000,1784624255280.6707,1784624255342,1784624268456.0,1784624268510.3303,61.329,13114.0,54.33,1784623728456.0,13229.66
tc-28-480000,1784624255440.6885,1784624256351,1784624268456.0,1784624268510.3308,910.312,12105.0,54.331,1784623728456.0,13069.642
tc-29-480000,1784624254980.6672,1784624255342,1784624268456.0,1784624268510.3313,361.333,13114.0,54.331,1784623728456.0,13529.664
tc-3-480000,1784624255250.653,1784624255342,1784624268456.0,1784624268510.3318,91.347,13114.0,54.332,1784623728456.0,13259.679
tc-30-480000,1784624254750.6716,1784624255342,1784624268456.0,1784624268510.3323,591.328,13114.0,54.332,1784623728456.0,13759.661
tc-31-480000,1784624254690.6614,1784624255342,1784624268456.0,1784624268510.3328,651.339,13114.0,54.333,1784623728456.0,13819.671
tc-32-480000,1784624255210.672,1784624255342,1784624268456.0,1784624268510.3333,131.328,13114.0,54.333,1784623728456.0,13299.661
tc-33-480000,1784624254320.6863,1784624254341,1784624268456.0,1784624268510.3337,20.314,14115.0,54.334,1784623728456.0,14189.647
tc-34-480000,1784624252800.669,1784624253332,1784624268456.0,1784624268510.3342,531.331,15124.0,54.334,1784623728456.0,15709.665
tc-35-480000,1784624251810.6848,1784624252331,1784624268456.0,1784624268510.335,520.315,16125.0,54.335,1784623728456.0,16699.65
tc-36-480000,1784624254870.6714,1784624255342,1784624268456.0,1784624268510.3354,471.329,13114.0,54.335,1784623728456.0,13639.664
tc-37-480000,1784624254820.669,1784624255342,1784624268456.0,1784624268510.3428,521.331,13114.0,54.343,1784623728456.0,13689.674
tc-38-480000,1784624254210.6826,1784624254341,1784624268456.0,1784624268510.3435,130.317,14115.0,54.344,1784623728456.0,14299.661
tc-39-480000,1784624255450.682,1784624256351,1784624268456.0,1784624268510.344,900.318,12105.0,54.344,1784623728456.0,13059.662
tc-4-480000,1784624252930.6716,1784624253332,1784624268456.0,1784624268510.3445,401.328,15124.0,54.344,1784623728456.0,15579.673
tc-40-480000,1784624253460.6726,1784624254341,1784624268456.0,1784624268510.3489,880.327,14115.0,54.349,1784623728456.0,15049.676
tc-41-480000,1784624255140.6748,1784624255342,1784624268456.0,1784624268510.3494,201.325,13114.0,54.349,1784623728456.0,13369.675
tc-42-480000,1784624253750.6704,1784624254341,1784624268456.0,1784624268510.3499,590.33,14115.0,54.35,1784623728456.0,14759.679
tc-43-480000,1784624255050.671,1784624255342,1784624268456.0,1784624268510.3503,291.329,13114.0,54.35,1784623728456.0,13459.679
tc-44-480000,1784624255500.6726,1784624256351,1784624268456.0,1784624268510.3508,850.327,12105.0,54.351,1784623728456.0,13009.678
tc-45-480000,1784624249800.6765,1784624250331,1784624268456.0,1784624268510.365,530.323,18125.0,54.365,1784623728456.0,18709.688
tc-46-480000,1784624254790.6619,1784624255342,1784624268456.0,1784624268510.3657,551.338,13114.0,54.366,1784623728456.0,13719.704
tc-47-480000,1784624255380.6804,1784624256351,1784624268456.0,1784624268510.3662,970.32,12105.0,54.366,1784623728456.0,13129.686
tc-48-480000,1784624255040.6624,1784624255342,1784624268456.0,1784624268510.3713,301.338,13114.0,54.371,1784623728456.0,13469.709
tc-49-480000,1784624255430.6782,1784624256351,1784624268456.0,1784624268510.372,920.322,12105.0,54.372,1784623728456.0,13079.694
tc-5-480000,1784624253630.6753,1784624254341,1784624268456.0,1784624268510.3726,710.325,14115.0,54.373,1784623728456.0,14879.697
tc-50-480000,1784624255100.666,1784624255342,1784624268456.0,1784624268510.373,241.334,13114.0,54.373,1784623728456.0,13409.707
tc-51-480000,1784624254620.6638,1784624255342,1784624268456.0,1784624268510.3774,721.336,13114.0,54.377,1784623728456.0,13889.714
tc-52-480000,1784624255490.6755,1784624256351,1784624268456.0,1784624268510.3833,860.324,12105.0,54.383,1784623728456.0,13019.708
tc-53-480000,1784624255510.652,1784624256351,1784624268456.0,1784624268510.3843,840.348,12105.0,54.384,1784623728456.0,12999.732
tc-54-480000,1784624255550.6667,1784624256351,1784624268456.0,1784624268510.385,800.333,12105.0,54.385,1784623728456.0,12959.718
tc-55-480000,1784624255420.6675,1784624256351,1784624268456.0,1784624268510.3906,930.333,12105.0,54.391,1784623728456.0,13089.723
tc-56-480000,1784624254940.6738,1784624255342,1784624268456.0,1784624268510.3916,401.326,13114.0,54.392,1784623728456.0,13569.718
tc-57-480000,1784624254720.6633,1784624255342,1784624268456.0,1784624268510.3923,621.337,13114.0,54.392,1784623728456.0,13789.729
tc-58-480000,1784624255410.6829,1784624256351,1784624268456.0,1784624268510.393,940.317,12105.0,54.393,1784623728456.0,13099.71
tc-59-480000,1784624255300.6833,1784624255342,1784624268456.0,1784624268510.394,41.317,13114.0,54.394,1784623728456.0,13209.711
tc-6-480000,1784624253260.6804,1784624253332,1784624268456.0,1784624268510.3948,71.32,15124.0,54.395,1784623728456.0,15249.714
tc-60-480000,1784624253680.6704,1784624254341,1784624268456.0,1784624268510.3955,660.33,14115.0,54.396,1784623728456.0,14829.725
tc-61-480000,1784624255030.6658,1784624255342,1784624268456.0,1784624268510.3962,311.334,13114.0,54.396,1784623728456.0,13479.73
tc-62-480000,1784624254270.6633,1784624254341,1784624268456.0,1784624268510.397,70.337,14115.0,54.397,1784623728456.0,14239.734
tc-63-480000,1784624255270.6643,1784624255342,1784624268456.0,1784624268510.3977,71.336,13114.0,54.398,1784623728456.0,13239.733
tc-64-480000,1784624255540.6755,1784624256351,1784624268456.0,1784624268510.3984,810.324,12105.0,54.398,1784623728456.0,12969.723
tc-65-480000,1784624255010.6702,1784624255342,1784624268456.0,1784624268510.3992,331.33,13114.0,54.399,1784623728456.0,13499.729
tc-66-480000,1784624251840.678,1784624252331,1784624268456.0,1784624268510.4,490.322,16125.0,54.4,1784623728456.0,16669.722
tc-67-480000,1784624254120.6738,1784624254341,1784624268456.0,1784624268510.4014,220.326,14115.0,54.401,1784623728456.0,14389.728
tc-68-480000,1784624255260.6733,1784624255342,1784624268456.0,1784624268510.402,81.327,13114.0,54.402,1784623728456.0,13249.729
tc-69-480000,1784624254590.6646,1784624255342,1784624268456.0,1784624268510.4028,751.335,13114.0,54.403,1784623728456.0,13919.738
tc-7-480000,1784624253390.6794,1784624254341,1784624268456.0,1784624268510.4036,950.321,14115.0,54.404,1784623728456.0,15119.724
tc-70-480000,1784624254160.6697,1784624254341,1784624268456.0,1784624268510.4043,180.33,14115.0,54.404,1784623728456.0,14349.735
tc-71-480000,1784624255070.666,1784624255342,1784624268456.0,1784624268510.405,271.334,13114.0,54.405,1784623728456.0,13439.739
tc-72-480000,1784624253780.6763,1784624254341,1784624268456.0,1784624268510.4058,560.324,14115.0,54.406,1784623728456.0,14729.729
tc-73-480000,1784624253700.6711,1784624254341,1784624268456.0,1784624268510.4067,640.329,14115.0,54.407,1784623728456.0,14809.736
tc-74-480000,1784624254230.6694,1784624254341,1784624268456.0,1784624268510.4072,110.331,14115.0,54.407,1784623728456.0,14279.738
tc-75-480000,1784624255170.666,1784624255342,1784624268456.0,1784624268510.4077,171.334,13114.0,54.408,1784623728456.0,13339.742
tc-76-480000,1784624253650.6665,1784624254341,1784624268456.0,1784624268510.4082,690.333,14115.0,54.408,1784623728456.0,14859.742
tc-77-480000,1784624253340.6794,1784624254341,1784624268456.0,1784624268510.4087,1000.321,14115.0,54.409,1784623728456.0,15169.729
tc-78-480000,1784624255180.666,1784624255342,1784624268456.0,1784624268510.4092,161.334,13114.0,54.409,1784623728456.0,13329.743
tc-79-480000,1784624255190.666,1784624255342,1784624268456.0,1784624268510.4097,151.334,13114.0,54.41,1784623728456.0,13319.744
tc-8-480000,1784624254930.668,1784624255342,1784624268456.0,1784624268510.4102,411.332,13114.0,54.41,1784623728456.0,13579.742
tc-80-480000,1784624255530.6692,1784624256351,1784624268456.0,1784624268510.4106,820.331,12105.0,54.411,1784623728456.0,12979.741
tc-81-480000,1784624255350.6675,1784624256351,1784624268456.0,1784624268510.4111,1000.333,12105.0,54.411,1784623728456.0,13159.744
tc-82-480000,1784624255060.6704,1784624255342,1784624268456.0,1784624268510.4214,281.33,13114.0,54.421,1784623728456.0,13449.751
tc-83-480000,1784624252210.6843,1784624252331,1784624268456.0,1784624268510.4219,120.316,16125.0,54.422,1784623728456.0,16299.738
tc-84-480000,1784624255390.6753,1784624256351,1784624268456.0,1784624268510.435,960.325,12105.0,54.435,1784623728456.0,13119.76
tc-85-480000,1784624254670.6638,1784624255342,1784624268456.0,1784624268510.436,671.336,13114.0,54.436,1784623728456.0,13839.772
tc-86-480000,1784624254420.6653,1784624255342,1784624268456.0,1784624268510.4368,921.335,13114.0,54.437,1784623728456.0,14089.771
tc-87-480000,1784624255400.6738,1784624256351,1784624268456.0,1784624268510.4375,950.326,12105.0,54.438,1784623728456.0,13109.764
tc-88-480000,1784624254490.6611,1784624255342,1784624268456.0,1784624268510.4382,851.339,13114.0,54.438,1784623728456.0,14019.777
tc-89-480000,1784624255320.6753,1784624255342,1784624268456.0,1784624268510.439,21.325,13114.0,54.439,1784623728456.0,13189.764
tc-9-480000,1784624254190.678,1784624254341,1784624268456.0,1784624268510.4397,150.322,14115.0,54.44,1784623728456.0,14319.762
tc-90-480000,1784624255240.6736,1784624255342,1784624268456.0,1784624268510.4404,101.326,13114.0,54.44,1784623728456.0,13269.767
tc-91-480000,1784624252490.6665,1784624253332,1784624268456.0,1784624268510.4412,841.333,15124.0,54.441,1784623728456.0,16019.775
tc-92-480000,1784624255080.6655,1784624255342,1784624268456.0,1784624268510.442,261.334,13114.0,54.442,1784623728456.0,13429.776
tc-93-480000,1784624255310.6824,1784624255342,1784624268456.0,1784624268510.4424,31.318,13114.0,54.442,1784623728456.0,13199.76
tc-94-480000,1784624254840.68,1784624255342,1784624268456.0,1784624268510.4434,501.32,13114.0,54.443,1784623728456.0,13669.763
tc-95-480000,1784624255470.6836,1784624256351,1784624268456.0,1784624268510.444,880.316,12105.0,54.444,1784623728456.0,13039.76
tc-96-480000,1784624255290.6665,1784624255342,1784624268456.0,1784624268510.4448,51.333,13114.0,54.445,1784623728456.0,13219.778
tc-97-480000,1784624255480.683,1784624256351,1784624268456.0,1784624268510.4456,870.317,12105.0,54.446,1784623728456.0,13029.762
tc-98-480000,1784624254570.6672,1784624255342,1784624268456.0,1784624268510.4463,771.333,13114.0,54.446,1784623728456.0,13939.779
tc-99-480000,1784624255160.6692,1784624255342,1784624268456.0,1784624268510.447,181.331,13114.0,54.447,1784623728456.0,13349.778
tc-0-540000,1784624258410.6797,1784624259363,1784624278589.0,1784624278635.5327,952.32,19226.0,46.533,1784623678589.0,20224.853
tc-1-540000,1784624261500.672,1784624261564,1784624278589.0,1784624278635.5364,63.328,17025.0,46.536,1784623678589.0,17134.864
tc-10-540000,1784624261300.672,1784624261382,1784624278589.0,1784624278635.5376,81.328,17207.0,46.538,1784623678589.0,17334.865
tc-11-540000,1784624260820.671,1784624261382,1784624278589.0,1784624278635.5383,561.329,17207.0,46.538,1784623678589.0,17814.867
tc-12-540000,1784624260600.67,1784624261382,1784624278589.0,1784624278635.5393,781.33,17207.0,46.539,1784623678589.0,18034.869
tc-13-540000,1784624260170.8357,1784624260372,1784624278589.0,1784624278635.54,201.164,18217.0,46.54,1784623678589.0,18464.704
tc-14-540000,1784624260000.6719,1784624260372,1784624278589.0,1784624278635.5522,371.328,18217.0,46.552,1784623678589.0,18634.88
tc-15-540000,1784624261240.6738,1784624261382,1784624278589.0,1784624278635.5537,141.326,17207.0,46.554,1784623678589.0,17394.88
tc-16-540000,1784624261090.6807,1784624261382,1784624278589.0,1784624278635.5547,291.319,17207.0,46.555,1784623678589.0,17544.874
tc-17-540000,1784624260700.6648,1784624261382,1784624278589.0,1784624278635.5605,681.335,17207.0,46.561,1784623678589.0,17934.896
tc-18-540000,1784624260120.6719,1784624260372,1784624278589.0,1784624278635.5615,251.328,18217.0,46.562,1784623678589.0,18514.89
tc-19-540000,1784624260920.6736,1784624261382,1784624278589.0,1784624278635.5625,461.326,17207.0,46.562,1784623678589.0,17714.889
tc-2-540000,1784624259670.6711,1784624260372,1784624278589.0,1784624278635.5679,701.329,18217.0,46.568,1784623678589.0,18964.897
tc-20-540000,1784624260950.6736,1784624261382,1784624278589.0,1784624278635.5688,431.326,17207.0,46.569,1784623678589.0,17684.895
tc-21-540000,1784624260240.6748,1784624260372,1784624278589.0,1784624278635.574,131.325,18217.0,46.574,1784623678589.0,18394.899
tc-22-540000,1784624260010.6787,1784624260372,1784624278589.0,1784624278635.575,361.321,18217.0,46.575,1784623678589.0,18624.896
tc-23-540000,1784624260140.6843,1784624260372,1784624278589.0,1784624278635.5757,231.316,18217.0,46.576,1784623678589.0,18494.891
tc-24-540000,1784624260740.666,1784624261382,1784624278589.0,1784624278635.5764,641.334,17207.0,46.576,1784623678589.0,17894.91
tc-25-540000,1784624257360.668,1784624258362,1784624278589.0,1784624278635.5774,1001.332,20227.0,46.577,1784623678589.0,21274.909
tc-26-540000,1784624261440.6655,1784624261564,1784624278589.0,1784624278635.5784,123.334,17025.0,46.578,1784623678589.0,17194.913
tc-27-540000,1784624259540.6775,1784624260372,1784624278589.0,1784624278635.5789,831.323,18217.0,46.579,1784623678589.0,19094.901
tc-28-540000,1784624260890.6672,1784624261382,1784624278589.0,1784624278635.5796,491.333,17207.0,46.58,1784623678589.0,17744.912
tc-29-540000,1784624261010.6755,1784624261382,1784624278589.0,1784624278635.5806,371.324,17207.0,46.581,1784623678589.0,17624.905
tc-3-540000,1784624257730.676,1784624258362,1784624278589.0,1784624278635.5815,631.324,20227.0,46.582,1784623678589.0,20904.906
tc-30-540000,1784624261460.6675,1784624261564,1784624278589.0,1784624278635.5823,103.333,17025.0,46.582,1784623678589.0,17174.915
tc-31-540000,1784624260830.6802,1784624261382,1784624278589.0,1784624278635.5833,551.32,17207.0,46.583,1784623678589.0,17804.903
tc-32-540000,1784624260400.6736,1784624261382,1784624278589.0,1784624278635.584,981.326,17207.0,46.584,1784623678589.0,18234.91
tc-33-540000,1784624261280.6638,1784624261382,1784624278589.0,1784624278635.5845,101.336,17207.0,46.584,1784623678589.0,17354.921
tc-34-540000,1784624259940.6777,1784624260372,1784624278589.0,1784624278635.5854,431.322,18217.0,46.585,1784623678589.0,18694.908
tc-35-540000,1784624261000.6802,1784624261382,1784624278589.0,1784624278635.5862,381.32,17207.0,46.586,1784623678589.0,17634.906
tc-36-540000,1784624261490.6663,1784624261564,1784624278589.0,1784624278635.587,73.334,17025.0,46.587,1784623678589.0,17144.921
tc-37-540000,1784624259580.6768,1784624260372,1784624278589.0,1784624278635.5876,791.323,18217.0,46.588,1784623678589.0,19054.911
tc-38-540000,1784624261550.67,1784624261564,1784624278589.0,1784624278635.5884,13.33,17025.0,46.588,1784623678589.0,17084.918
tc-39-540000,1784624261340.681,1784624261382,1784624278589.0,1784624278635.589,41.319,17207.0,46.589,1784623678589.0,17294.908
tc-4-540000,1784624261050.6804,1784624261382,1784624278589.0,1784624278635.5898,331.32,17207.0,46.59,1784623678589.0,17584.909
tc-40-540000,1784624261020.6716,1784624261382,1784624278589.0,1784624278635.5906,361.328,17207.0,46.591,1784623678589.0,17614.919
tc-41-540000,1784624261270.6646,1784624261382,1784624278589.0,1784624278635.596,111.335,17207.0,46.596,1784623678589.0,17364.931
tc-42-540000,1784624261120.664,1784624261382,1784624278589.0,1784624278635.5967,261.336,17207.0,46.597,1784623678589.0,17514.933
tc-43-540000,1784624261470.6646,1784624261564,1784624278589.0,1784624278635.5974,93.335,17025.0,46.597,1784623678589.0,17164.933
tc-44-540000,1784624261360.665,1784624261382,1784624278589.0,1784624278635.598,21.335,17207.0,46.598,1784623678589.0,17274.933
tc-45-540000,1784624260660.67,1784624261382,1784624278589.0,1784624278635.5986,721.33,17207.0,46.599,1784623678589.0,17974.929
tc-46-540000,1784624259420.6675,1784624260372,1784624278589.0,1784624278635.5994,951.333,18217.0,46.599,1784623678589.0,19214.932
tc-47-540000,1784624260090.6702,1784624260372,1784624278589.0,1784624278635.6267,281.33,18217.0,46.627,1784623678589.0,18544.957
tc-48-540000,1784624259400.662,1784624260372,1784624278589.0,1784624278635.628,971.338,18217.0,46.628,1784623678589.0,19234.966
tc-49-540000,1784624260270.6697,1784624260372,1784624278589.0,1784624278635.634,101.33,18217.0,46.634,1784623678589.0,18364.964
tc-5-540000,1784624261230.6733,1784624261382,1784624278589.0,1784624278635.635,151.327,17207.0,46.635,1784623678589.0,17404.962
tc-50-540000,1784624261200.6702,1784624261382,1784624278589.0,1784624278635.6357,181.33,17207.0,46.636,1784623678589.0,17434.966
tc-51-540000,1784624261480.6697,1784624261564,1784624278589.0,1784624278635.6365,83.33,17025.0,46.636,1784623678589.0,17154.967
tc-52-540000,1784624261390.6724,1784624261564,1784624278589.0,1784624278635.6372,173.328,17025.0,46.637,1784623678589.0,17244.965
tc-53-540000,1784624261510.6714,1784624261564,1784624278589.0,1784624278635.638,53.329,17025.0,46.638,1784623678589.0,17124.967
tc-54-540000,1784624257130.6646,1784624257352,1784624278589.0,1784624278635.639,221.335,21237.0,46.639,1784623678589.0,21504.974
tc-55-540000,1784624261380.68,1784624261382,1784624278589.0,1784624278635.6396,1.32,17207.0,46.64,1784623678589.0,17254.96
tc-56-540000,1784624261330.686,1784624261382,1784624278589.0,1784624278635.6404,51.314,17207.0,46.64,1784623678589.0,17304.954
tc-57-540000,1784624261290.6643,1784624261382,1784624278589.0,1784624278635.641,91.336,17207.0,46.641,1784623678589.0,17344.977
tc-58-540000,1784624260550.6682,1784624261382,1784624278589.0,1784624278635.6416,831.332,17207.0,46.642,1784623678589.0,18084.973
tc-59-540000,1784624258660.681,1784624259363,1784624278589.0,1784624278635.6423,702.319,19226.0,46.642,1784623678589.0,19974.961
tc-6-540000,1784624259620.6738,1784624260372,1784624278589.0,1784624278635.643,751.326,18217.0,46.643,1784623678589.0,19014.969
tc-60-540000,1784624260040.6763,1784624260372,1784624278589.0,1784624278635.6438,331.324,18217.0,46.644,1784623678589.0,18594.968
tc-61-540000,1784624261190.6643,1784624261382,1784624278589.0,1784624278635.6445,191.336,17207.0,46.645,1784623678589.0,17444.98
tc-62-540000,1784624261160.6685,1784624261382,1784624278589.0,1784624278635.6453,221.332,17207.0,46.645,1784623678589.0,17474.977
tc-63-540000,1784624259560.6694,1784624260372,1784624278589.0,1784624278635.646,811.331,18217.0,46.646,1784623678589.0,19074.977
tc-64-540000,1784624258910.6782,1784624259363,1784624278589.0,1784624278635.6467,452.322,19226.0,46.647,1784623678589.0,19724.969
tc-65-540000,1784624261400.6726,1784624261564,1784624278589.0,1784624278635.6475,163.327,17025.0,46.647,1784623678589.0,17234.975
tc-66-540000,1784624258500.664,1784624259363,1784624278589.0,1784624278635.6482,862.336,19226.0,46.648,1784623678589.0,20134.984
tc-67-540000,1784624260960.6687,1784624261382,1784624278589.0,1784624278635.649,421.331,17207.0,46.649,1784623678589.0,17674.98
tc-68-540000,1784624261310.6704,1784624261382,1784624278589.0,1784624278635.6543,71.33,17207.0,46.654,1784623678589.0,17324.984
tc-69-540000,1784624261420.664,1784624261564,1784624278589.0,1784624278635.655,143.336,17025.0,46.655,1784623678589.0,17214.991
tc-7-540000,1784624260620.6782,1784624261382,1784624278589.0,1784624278635.6558,761.322,17207.0,46.656,1784623678589.0,18014.978
tc-70-540000,1784624261170.6653,1784624261382,1784624278589.0,1784624278635.6565,211.335,17207.0,46.656,1784623678589.0,17464.991
tc-71-540000,1784624261530.6833,1784624261564,1784624278589.0,1784624278635.6575,33.317,17025.0,46.657,1784623678589.0,17104.974
tc-72-540000,1784624261260.6716,1784624261382,1784624278589.0,1784624278635.6626,121.328,17207.0,46.663,1784623678589.0,17374.991
tc-73-540000,1784624260980.6692,1784624261382,1784624278589.0,1784624278635.6633,401.331,17207.0,46.663,1784623678589.0,17654.994
tc-74-540000,1784624260070.6682,1784624260372,1784624278589.0,1784624278635.6643,301.332,18217.0,46.664,1784623678589.0,18564.996
tc-75-540000,1784624260680.6758,1784624261382,1784624278589.0,1784624278635.665,701.324,17207.0,46.665,1784623678589.0,17954.989
tc-76-540000,1784624261540.6646,1784624261564,1784624278590.0,1784624278635.6658,23.335,17026.0,45.666,1784623678590.0,17095.001
tc-77-540000,1784624261350.6763,1784624261382,1784624278590.0,1784624278635.671,31.324,17208.0,45.671,1784623678590.0,17284.995
tc-78-540000,1784624259900.6758,1784624260372,1784624278590.0,1784624278635.673,471.324,18218.0,45.673,1784623678590.0,18734.997
tc-79-540000,1784624261080.6714,1784624261382,1784624278590.0,1784624278635.6738,301.329,17208.0,45.674,1784623678590.0,17555.002
tc-8-540000,1784624259030.6677,1784624259363,1784624278590.0,1784624278635.6746,332.332,19227.0,45.675,1784623678590.0,19605.007
tc-80-540000,1784624260380.6716,1784624261382,1784624278590.0,1784624278635.6755,1001.328,17208.0,45.676,1784623678590.0,18255.004
tc-81-540000,1784624259080.6848,1784624259363,1784624278590.0,1784624278635.6763,282.315,19227.0,45.676,1784623678590.0,19554.991
tc-82-540000,1784624260860.6692,1784624261382,1784624278590.0,1784624278635.677,521.331,17208.0,45.677,1784623678590.0,17775.008
tc-83-540000,1784624261220.6677,1784624261382,1784624278590.0,1784624278635.6777,161.332,17208.0,45.678,1784623678590.0,17415.01
tc-84-540000,1784624261110.6711,1784624261382,1784624278590.0,1784624278635.6785,271.329,17208.0,45.678,1784623678590.0,17525.007
tc-85-540000,1784624261430.681,1784624261564,1784624278590.0,1784624278635.6921,133.319,17026.0,45.692,1784623678590.0,17205.011
tc-86-540000,1784624261520.662,1784624261564,1784624278590.0,1784624278635.6929,43.338,17026.0,45.693,1784623678590.0,17115.031
tc-87-540000,1784624260840.6772,1784624261382,1784624278590.0,1784624278635.6936,541.323,17208.0,45.694,1784623678590.0,17795.016
tc-88-540000,1784624260870.67,1784624261382,1784624278590.0,1784624278635.6946,511.33,17208.0,45.695,1784623678590.0,17765.025
tc-89-540000,1784624259610.6675,1784624260372,1784624278590.0,1784624278635.6953,761.333,18218.0,45.695,1784623678590.0,19025.028
tc-9-540000,1784624261250.6694,1784624261382,1784624278590.0,1784624278635.696,131.331,17208.0,45.696,1784623678590.0,17385.027
tc-90-540000,1784624260590.672,1784624261382,1784624278590.0,1784624278635.6968,791.328,17208.0,45.697,1784623678590.0,18045.025
tc-91-540000,1784624261410.679,1784624261564,1784624278590.0,1784624278635.6975,153.321,17026.0,45.698,1784623678590.0,17225.019
tc-92-540000,1784624260900.6638,1784624261382,1784624278590.0,1784624278635.6982,481.336,17208.0,45.698,1784623678590.0,17735.034
tc-93-540000,1784624261370.663,1784624261382,1784624278590.0,1784624278635.6995,11.337,17208.0,45.699,1784623678590.0,17265.036
tc-94-540000,1784624257780.6736,1784624258362,1784624278590.0,1784624278635.7004,581.326,20228.0,45.7,1784623678590.0,20855.027
tc-95-540000,1784624260500.668,1784624261382,1784624278590.0,1784624278635.7012,881.332,17208.0,45.701,1784623678590.0,18135.033
tc-96-540000,1784624260910.6829,1784624261382,1784624278590.0,1784624278635.702,471.317,17208.0,45.702,1784623678590.0,17725.019
tc-97-540000,1784624260970.6687,1784624261382,1784624278590.0,1784624278635.7026,411.331,17208.0,45.703,1784623678590.0,17665.034
tc-98-540000,1784624260940.6807,1784624261382,1784624278590.0,1784624278635.7034,441.319,17208.0,45.703,1784623678590.0,17695.023
tc-99-540000,1784624259790.675,1784624260372,1784624278590.0,1784624278635.704,581.325,18218.0,45.704,1784623678590.0,18845.029
