event_id,t0_ms,t1_ms,t2_ms,t3_ms,write_to_input_append_latency_ms,input_append_to_result_emission_latency_ms,l_visibility_ms,l_closure_ms,latency_ms
ss-41-60000,1784397412275.2227,1784397412628,1784397425749.0,1784397426364.858,352.777,13121.0,615.858,1784396765749.0,14089.635
ss-19-60000,1784397416775.2185,1784397416827,1784397425758.0,1784397426364.8623,51.781,8931.0,606.862,1784396765758.0,9589.644
ss-7-60000,1784397415675.1914,1784397415777,1784397425758.0,1784397426364.864,101.809,9981.0,606.864,1784396765758.0,10689.673
ss-54-60000,1784397413375.2087,1784397413678,1784397425759.0,1784397426364.865,302.791,12081.0,605.865,1784396765759.0,12989.656
ss-24-60000,1784397415025.2231,1784397415777,1784397425759.0,1784397426364.8657,751.777,9982.0,605.866,1784396765759.0,11339.643
ss-39-60000,1784397416175.2134,1784397416827,1784397425759.0,1784397426364.8665,651.787,8932.0,605.866,1784396765759.0,10189.653
ss-12-60000,1784397401575.214,1784397402126,1784397425759.0,1784397426364.8672,550.786,23633.0,605.867,1784396765759.0,24789.653
ss-2-60000,1784397416225.1904,1784397416827,1784397425759.0,1784397426364.8733,601.81,8932.0,605.873,1784396765759.0,10139.683
ss-21-60000,1784397414075.1965,1784397414727,1784397425759.0,1784397426364.8745,651.803,11032.0,605.875,1784396765759.0,12289.678
ss-72-60000,1784397417275.2297,1784397417877,1784397425759.0,1784397426364.8752,601.77,7882.0,605.875,1784396765759.0,9089.646
ss-14-60000,1784397417625.1965,1784397417877,1784397425759.0,1784397426364.8757,251.803,7882.0,605.876,1784396765759.0,8739.679
ss-91-60000,1784397417375.1926,1784397417877,1784397425759.0,1784397426364.8762,501.807,7882.0,605.876,1784396765759.0,8989.684
ss-98-60000,1784397409825.225,1784397410528,1784397425759.0,1784397426364.8767,702.775,15231.0,605.877,1784396765759.0,16539.652
ss-16-60000,1784397417425.1973,1784397417877,1784397425759.0,1784397426364.877,451.803,7882.0,605.877,1784396765759.0,8939.68
ss-28-60000,1784397417875.2227,1784397417877,1784397425759.0,1784397426364.8774,1.777,7882.0,605.877,1784396765759.0,8489.655
ss-79-60000,1784397402325.1943,1784397403177,1784397425759.0,1784397426364.878,851.806,22582.0,605.878,1784396765759.0,24039.684
ss-31-60000,1784397416025.1995,1784397416827,1784397425760.0,1784397426364.8823,801.801,8933.0,604.882,1784396765760.0,10339.683
ss-50-60000,1784397416525.1895,1784397416827,1784397425760.0,1784397426364.8828,301.811,8933.0,604.883,1784396765760.0,9839.693
ss-63-60000,1784397414775.2134,1784397415777,1784397425760.0,1784397426364.8833,1001.787,9983.0,604.883,1784396765760.0,11589.67
ss-51-60000,1784397416075.195,1784397416827,1784397425760.0,1784397426364.8835,751.805,8933.0,604.884,1784396765760.0,10289.688
ss-99-60000,1784397402675.1958,1784397403177,1784397425760.0,1784397426364.884,501.804,22583.0,604.884,1784396765760.0,23689.688
ss-35-60000,1784397415725.197,1784397415777,1784397425760.0,1784397426364.8845,51.803,9983.0,604.885,1784396765760.0,10639.688
ss-70-60000,1784397417125.2136,1784397417877,1784397425760.0,1784397426364.885,751.786,7883.0,604.885,1784396765760.0,9239.671
ss-90-60000,1784397416325.1904,1784397416827,1784397425760.0,1784397426364.8855,501.81,8933.0,604.885,1784396765760.0,10039.695
ss-9-60000,1784397417675.2034,1784397417877,1784397425760.0,1784397426364.886,201.797,7883.0,604.886,1784396765760.0,8689.683
ss-64-60000,1784397414725.2085,1784397414727,1784397425760.0,1784397426364.887,1.792,11033.0,604.887,1784396765760.0,11639.678
ss-80-60000,1784397411525.2253,1784397411578,1784397425760.0,1784397426364.8877,52.775,14182.0,604.888,1784396765760.0,14839.662
ss-59-60000,1784397416625.2124,1784397416827,1784397425760.0,1784397426364.8882,201.788,8933.0,604.888,1784396765760.0,9739.676
ss-45-60000,1784397406525.236,1784397407377,1784397425761.0,1784397426364.8884,851.764,18384.0,603.888,1784396765761.0,19839.652
ss-48-60000,1784397415575.2014,1784397415777,1784397425761.0,1784397426364.889,201.799,9984.0,603.889,1784396765761.0,10789.688
ss-58-60000,1784397417075.1938,1784397417877,1784397425761.0,1784397426364.8894,801.806,7884.0,603.889,1784396765761.0,9289.696
ss-29-60000,1784397408425.194,1784397408428,1784397425761.0,1784397426364.8896,2.806,17333.0,603.89,1784396765761.0,17939.696
ss-84-60000,1784397413025.2012,1784397413678,1784397425761.0,1784397426364.8928,652.799,12083.0,603.893,1784396765761.0,13339.692
ss-74-60000,1784397417775.2327,1784397417877,1784397425761.0,1784397426364.8933,101.767,7884.0,603.893,1784396765761.0,8589.661
ss-38-60000,1784397418025.225,1784397418928,1784397425761.0,1784397426364.9004,902.775,6833.0,603.9,1784396765761.0,8339.675
ss-1-60000,1784397417975.229,1784397418928,1784397425761.0,1784397426364.901,952.771,6833.0,603.901,1784396765761.0,8389.672
ss-23-60000,1784397399225.1995,1784397400028,1784397425761.0,1784397426364.9011,802.801,25733.0,603.901,1784396765761.0,27139.702
ss-75-60000,1784397416425.2075,1784397416827,1784397425761.0,1784397426364.9016,401.792,8934.0,603.902,1784396765761.0,9939.694
ss-33-60000,1784397415275.2473,1784397415777,1784397425761.0,1784397426364.9026,501.753,9984.0,603.903,1784396765761.0,11089.655
ss-4-60000,1784397417325.2007,1784397417877,1784397425761.0,1784397426364.903,551.799,7884.0,603.903,1784396765761.0,9039.702
ss-6-60000,1784397413975.1975,1784397414727,1784397425762.0,1784397426364.9033,751.802,11035.0,602.903,1784396765762.0,12389.706
ss-0-60000,1784397416475.1902,1784397416827,1784397425762.0,1784397426364.9043,351.81,8935.0,602.904,1784396765762.0,9889.714
ss-10-60000,1784397413675.2324,1784397413678,1784397425762.0,1784397426364.922,2.768,12084.0,602.922,1784396765762.0,12689.69
ss-47-60000,1784397413325.2017,1784397413678,1784397425762.0,1784397426364.9226,352.798,12084.0,602.923,1784396765762.0,13039.721
ss-65-60000,1784397413225.188,1784397413678,1784397425762.0,1784397426364.923,452.812,12084.0,602.923,1784396765762.0,13139.735
ss-71-60000,1784397400675.231,1784397401077,1784397425763.0,1784397426364.927,401.769,24686.0,601.927,1784396765763.0,25689.696
ss-43-60000,1784397415625.2126,1784397415777,1784397425763.0,1784397426364.9275,151.787,9986.0,601.927,1784396765763.0,10739.715
ss-86-60000,1784397410525.214,1784397410528,1784397425763.0,1784397426364.928,2.786,15235.0,601.928,1784396765763.0,15839.714
ss-61-60000,1784397414475.2104,1784397414727,1784397425763.0,1784397426364.9282,251.79,11036.0,601.928,1784396765763.0,11889.718
ss-57-60000,1784397416675.2136,1784397416827,1784397425763.0,1784397426364.9287,151.786,8936.0,601.929,1784396765763.0,9689.715
ss-26-60000,1784397413625.222,1784397413678,1784397425763.0,1784397426364.929,52.778,12085.0,601.929,1784396765763.0,12739.707
ss-83-60000,1784397414325.207,1784397414727,1784397425763.0,1784397426364.9294,401.793,11036.0,601.929,1784396765763.0,12039.722
ss-68-60000,1784397409125.242,1784397409478,1784397425763.0,1784397426364.9324,352.758,16285.0,601.932,1784396765763.0,17239.69
ss-55-60000,1784397392375.2322,1784397392677,1784397425763.0,1784397426364.933,301.768,33086.0,601.933,1784396765763.0,33989.701
ss-77-60000,1784397411475.2046,1784397411578,1784397425763.0,1784397426364.9338,102.795,14185.0,601.934,1784396765763.0,14889.729
ss-20-60000,1784397406175.1936,1784397406328,1784397425764.0,1784397426364.934,152.806,19436.0,600.934,1784396765764.0,20189.74
ss-3-60000,1784397413425.211,1784397413678,1784397425764.0,1784397426364.9346,252.789,12086.0,600.935,1784396765764.0,12939.724
ss-81-60000,1784397417525.1958,1784397417877,1784397425764.0,1784397426364.9348,351.804,7887.0,600.935,1784396765764.0,8839.739
ss-17-60000,1784397414975.2231,1784397415777,1784397425764.0,1784397426364.9353,801.777,9987.0,600.935,1784396765764.0,11389.712
ss-15-60000,1784397414575.2146,1784397414727,1784397425764.0,1784397426364.9358,151.785,11037.0,600.936,1784396765764.0,11789.721
ss-44-60000,1784397412125.2278,1784397412628,1784397425764.0,1784397426364.936,502.772,13136.0,600.936,1784396765764.0,14239.708
ss-18-60000,1784397412075.2256,1784397412628,1784397425764.0,1784397426364.9365,552.774,13136.0,600.937,1784396765764.0,14289.711
ss-96-60000,1784397413825.1924,1784397414727,1784397425764.0,1784397426364.9392,901.808,11037.0,600.939,1784396765764.0,12539.747
ss-95-60000,1784397410125.2075,1784397410528,1784397425764.0,1784397426364.9397,402.792,15236.0,600.94,1784396765764.0,16239.732
ss-94-60000,1784397414275.2124,1784397414727,1784397425764.0,1784397426364.94,451.788,11037.0,600.94,1784396765764.0,12089.728
ss-8-60000,1784397412625.2253,1784397412628,1784397425765.0,1784397426364.9412,2.775,13137.0,599.941,1784396765765.0,13739.716
ss-53-60000,1784397414125.2122,1784397414727,1784397425765.0,1784397426364.9438,601.788,11038.0,599.944,1784396765765.0,12239.732
ss-62-60000,1784397411925.221,1784397412628,1784397425765.0,1784397426364.9443,702.779,13137.0,599.944,1784396765765.0,14439.723
ss-66-60000,1784397416825.1938,1784397416827,1784397425765.0,1784397426364.9446,1.806,8938.0,599.945,1784396765765.0,9539.751
ss-5-60000,1784397417175.2126,1784397417877,1784397425765.0,1784397426364.9448,701.787,7888.0,599.945,1784396765765.0,9189.732
ss-67-60000,1784397417725.2449,1784397417877,1784397425765.0,1784397426364.945,151.755,7888.0,599.945,1784396765765.0,8639.7
ss-82-60000,1784397416975.2102,1784397417877,1784397425765.0,1784397426364.9456,901.79,7888.0,599.946,1784396765765.0,9389.735
ss-69-60000,1784397405075.1963,1784397405278,1784397425765.0,1784397426364.946,202.804,20487.0,599.946,1784396765765.0,21289.75
ss-42-60000,1784397414875.2358,1784397415777,1784397425765.0,1784397426364.9463,901.764,9988.0,599.946,1784396765765.0,11489.71
ss-85-60000,1784397414525.2014,1784397414727,1784397425765.0,1784397426364.9468,201.799,11038.0,599.947,1784396765765.0,11839.745
ss-30-60000,1784397415225.2415,1784397415777,1784397425765.0,1784397426364.9473,551.759,9988.0,599.947,1784396765765.0,11139.706
ss-92-60000,1784397416925.1873,1784397417877,1784397425766.0,1784397426364.9478,951.813,7889.0,598.948,1784396765766.0,9439.76
ss-46-60000,1784397415775.2144,1784397415777,1784397425766.0,1784397426364.9482,1.786,9989.0,598.948,1784396765766.0,10589.734
ss-73-60000,1784397391475.2156,1784397391627,1784397425766.0,1784397426364.9487,151.784,34139.0,598.949,1784396765766.0,34889.733
ss-97-60000,1784397417025.1892,1784397417877,1784397425766.0,1784397426364.9492,851.811,7889.0,598.949,1784396765766.0,9339.76
ss-25-60000,1784397412425.1934,1784397412628,1784397425766.0,1784397426365.0364,202.807,13138.0,599.036,1784396765766.0,13939.843
ss-78-60000,1784397409875.213,1784397410528,1784397425766.0,1784397426365.0698,652.787,15238.0,599.07,1784396765766.0,16489.857
ss-40-60000,1784397412175.2324,1784397412628,1784397425766.0,1784397426365.445,452.768,13138.0,599.445,1784396765766.0,14190.213
ss-49-60000,1784397417825.2263,1784397417877,1784397425766.0,1784397426365.5366,51.774,7889.0,599.537,1784396765766.0,8540.31
ss-88-60000,1784397410475.2004,1784397410528,1784397425766.0,1784397426365.5378,52.8,15238.0,599.538,1784396765766.0,15890.337
ss-22-60000,1784397404475.1929,1784397405278,1784397425766.0,1784397426365.539,802.807,20488.0,599.539,1784396765766.0,21890.346
ss-27-60000,1784397415925.2007,1784397416827,1784397425766.0,1784397426365.5398,901.799,8939.0,599.54,1784396765766.0,10440.339
ss-32-60000,1784397417475.225,1784397417877,1784397425766.0,1784397426365.6414,401.775,7889.0,599.641,1784396765766.0,8890.416
ss-11-60000,1784397415175.2253,1784397415777,1784397425766.0,1784397426365.642,601.775,9989.0,599.642,1784396765766.0,11190.417
ss-87-60000,1784397416875.1882,1784397417877,1784397425766.0,1784397426365.734,1001.812,7889.0,599.734,1784396765766.0,9490.546
ss-76-60000,1784397417925.2256,1784397418928,1784397425767.0,1784397426365.7974,1002.774,6839.0,598.797,1784396765767.0,8440.572
ss-37-60000,1784397410975.2188,1784397411578,1784397425767.0,1784397426365.8914,602.781,14189.0,598.891,1784396765767.0,15390.673
ss-56-60000,1784397402175.1963,1784397403177,1784397425767.0,1784397426365.9126,1001.804,22590.0,598.913,1784396765767.0,24190.716
ss-34-60000,1784397415975.1926,1784397416827,1784397425767.0,1784397426366.0366,851.807,8940.0,599.037,1784396765767.0,10390.844
ss-60-60000,1784397416375.1897,1784397416827,1784397425767.0,1784397426366.0374,451.81,8940.0,599.037,1784396765767.0,9990.848
ss-36-60000,1784397414175.2021,1784397414727,1784397425767.0,1784397426366.8445,551.798,11040.0,599.844,1784396765767.0,12191.642
ss-13-60000,1784397416725.2136,1784397416827,1784397425767.0,1784397426366.8455,101.786,8940.0,599.845,1784396765767.0,9641.632
ss-89-60000,1784397417575.2021,1784397417877,1784397425767.0,1784397426366.846,301.798,7890.0,599.846,1784396765767.0,8791.644
ss-52-60000,1784397415475.1987,1784397415777,1784397425767.0,1784397426366.852,301.801,9990.0,599.852,1784396765767.0,10891.653
ss-93-60000,1784397413725.201,1784397414727,1784397425767.0,1784397426366.8525,1001.799,11040.0,599.853,1784396765767.0,12641.652
ss-24-120000,1784397445225.2354,1784397446228,1784397448470.0,1784397449432.1133,1002.765,2242.0,962.113,1784396728470.0,4206.878
ss-39-120000,1784397439375.1985,1784397439928,1784397448472.0,1784397449432.1162,552.802,8544.0,960.116,1784396728472.0,10056.918
ss-19-120000,1784397445475.2603,1784397446228,1784397448473.0,1784397449432.1177,752.74,2245.0,959.118,1784396728473.0,3956.857
ss-54-120000,1784397447275.202,1784397447278,1784397448473.0,1784397449432.1182,2.798,1195.0,959.118,1784396728473.0,2156.916
ss-2-120000,1784397441225.2122,1784397442027,1784397448473.0,1784397449432.1187,801.788,6446.0,959.119,1784396728473.0,8206.906
ss-21-120000,1784397445325.2239,1784397446228,1784397448473.0,1784397449432.1196,902.776,2245.0,959.12,1784396728473.0,4106.896
ss-12-120000,1784397443275.1995,1784397444127,1784397448473.0,1784397449432.1206,851.801,4346.0,959.121,1784396728473.0,6156.921
ss-72-120000,1784397435125.2307,1784397435728,1784397448473.0,1784397449432.121,602.769,12745.0,959.121,1784396728473.0,14306.89
ss-14-120000,1784397442975.196,1784397443077,1784397448473.0,1784397449432.1223,101.804,5396.0,959.122,1784396728473.0,6456.926
ss-91-120000,1784397447925.223,1784397448328,1784397448473.0,1784397449432.1252,402.777,145.0,959.125,1784396728473.0,1506.902
ss-98-120000,1784397441825.2302,1784397442027,1784397448473.0,1784397449432.1257,201.77,6446.0,959.126,1784396728473.0,7606.896
ss-7-120000,1784397436475.2222,1784397436777,1784397448474.0,1784397449432.1262,301.778,11697.0,958.126,1784396728474.0,12956.904
ss-16-120000,1784397440975.2075,1784397440977,1784397448474.0,1784397449432.133,1.792,7497.0,958.133,1784396728474.0,8456.926
ss-9-120000,1784397439525.2002,1784397439928,1784397448474.0,1784397449432.1492,402.8,8546.0,958.149,1784396728474.0,9906.949
ss-31-120000,1784397444975.2322,1784397445177,1784397448474.0,1784397449432.1501,201.768,3297.0,958.15,1784396728474.0,4456.918
ss-79-120000,1784397447375.21,1784397448328,1784397448474.0,1784397449432.1553,952.79,146.0,958.155,1784396728474.0,2056.945
ss-50-120000,1784397443325.2139,1784397444127,1784397448474.0,1784397449432.1558,801.786,4347.0,958.156,1784396728474.0,6106.942
ss-63-120000,1784397442925.1997,1784397443077,1784397448474.0,1784397449432.1562,151.8,5397.0,958.156,1784396728474.0,6506.957
ss-51-120000,1784397447125.1995,1784397447278,1784397448474.0,1784397449432.1567,152.801,1196.0,958.157,1784396728474.0,2306.957
ss-28-120000,1784397446025.218,1784397446228,1784397448475.0,1784397449432.162,202.782,2247.0,957.162,1784396728475.0,3406.944
ss-64-120000,1784397444725.5664,1784397445177,1784397448475.0,1784397449432.1633,451.434,3298.0,957.163,1784396728475.0,4706.597
ss-35-120000,1784397445625.2173,1784397446228,1784397448475.0,1784397449432.318,602.783,2247.0,957.318,1784396728475.0,3807.101
ss-70-120000,1784397444275.198,1784397445177,1784397448475.0,1784397449432.3215,901.802,3298.0,957.322,1784396728475.0,5157.124
ss-99-120000,1784397447625.2073,1784397448328,1784397448475.0,1784397449432.323,702.793,147.0,957.323,1784396728475.0,1807.116
ss-80-120000,1784397446075.2112,1784397446228,1784397448475.0,1784397449432.3242,152.789,2247.0,957.324,1784396728475.0,3357.113
ss-90-120000,1784397441925.1936,1784397442027,1784397448475.0,1784397449432.3254,101.806,6448.0,957.325,1784396728475.0,7507.132
ss-59-120000,1784397446125.2024,1784397446228,1784397448476.0,1784397449432.3271,102.798,2248.0,956.327,1784396728476.0,3307.125
ss-45-120000,1784397427775.218,1784397428377,1784397448476.0,1784397449432.3423,601.782,20099.0,956.342,1784396728476.0,21657.124
ss-41-120000,1784397445175.2268,1784397445177,1784397448476.0,1784397449432.343,1.773,3299.0,956.343,1784396728476.0,4257.116
ss-48-120000,1784397438875.198,1784397438877,1784397448476.0,1784397449432.3452,1.802,9599.0,956.345,1784396728476.0,10557.147
ss-29-120000,1784397446775.2021,1784397447278,1784397448477.0,1784397449432.3457,502.798,1199.0,955.346,1784396728477.0,2657.144
ss-58-120000,1784397447325.218,1784397448328,1784397448477.0,1784397449432.3462,1002.782,149.0,955.346,1784396728477.0,2107.128
ss-84-120000,1784397445375.2324,1784397446228,1784397448477.0,1784397449432.4497,852.768,2249.0,955.45,1784396728477.0,4057.217
ss-38-120000,1784397445575.2178,1784397446228,1784397448477.0,1784397449432.452,652.782,2249.0,955.452,1784396728477.0,3857.234
ss-1-120000,1784397436725.2346,1784397436777,1784397448477.0,1784397449432.453,51.765,11700.0,955.453,1784396728477.0,12707.218
ss-74-120000,1784397434425.1987,1784397434678,1784397448477.0,1784397449432.4536,252.801,13799.0,955.454,1784396728477.0,15007.255
ss-75-120000,1784397440225.192,1784397440977,1784397448477.0,1784397449432.4543,751.808,7500.0,955.454,1784396728477.0,9207.262
ss-33-120000,1784397446975.2078,1784397447278,1784397448478.0,1784397449432.4556,302.792,1200.0,954.456,1784396728478.0,2457.248
ss-23-120000,1784397447525.239,1784397448328,1784397448478.0,1784397449432.456,802.761,150.0,954.456,1784396728478.0,1907.217
ss-6-120000,1784397438075.2236,1784397438877,1784397448478.0,1784397449432.4944,801.776,9601.0,954.494,1784396728478.0,11357.271
ss-0-120000,1784397442375.2212,1784397443077,1784397448478.0,1784397449432.5237,701.779,5401.0,954.524,1784396728478.0,7057.302
ss-10-120000,1784397443075.1982,1784397443077,1784397448478.0,1784397449432.5244,1.802,5401.0,954.524,1784396728478.0,6357.326
ss-47-120000,1784397443525.1785,1784397444127,1784397448478.0,1784397449432.582,601.822,4351.0,954.582,1784396728478.0,5907.404
ss-4-120000,1784397445875.2065,1784397446228,1784397448478.0,1784397449432.5842,352.793,2250.0,954.584,1784396728478.0,3557.378
ss-65-120000,1784397442675.1848,1784397443077,1784397448479.0,1784397449432.5854,401.815,5402.0,953.585,1784396728479.0,6757.401
ss-86-120000,1784397447475.2153,1784397448328,1784397448479.0,1784397449432.5864,852.785,151.0,953.586,1784396728479.0,1957.371
ss-43-120000,1784397426475.2283,1784397427327,1784397448479.0,1784397449432.624,851.772,21152.0,953.624,1784396728479.0,22957.396
ss-61-120000,1784397440925.2004,1784397440977,1784397448479.0,1784397449432.6252,51.8,7502.0,953.625,1784396728479.0,8507.425
ss-57-120000,1784397444225.2092,1784397445177,1784397448479.0,1784397449432.6267,951.791,3302.0,953.627,1784396728479.0,5207.417
ss-26-120000,1784397445775.214,1784397446228,1784397448479.0,1784397449432.6287,452.786,2251.0,953.629,1784396728479.0,3657.415
ss-71-120000,1784397436075.195,1784397436777,1784397448479.0,1784397449432.6296,701.805,11702.0,953.63,1784396728479.0,13357.435
ss-55-120000,1784397446925.2021,1784397447278,1784397448480.0,1784397449432.65,352.798,1202.0,952.65,1784396728480.0,2507.448
ss-20-120000,1784397447225.2014,1784397447278,1784397448480.0,1784397449432.6514,52.799,1202.0,952.651,1784396728480.0,2207.45
ss-3-120000,1784397439875.195,1784397439928,1784397448480.0,1784397449432.7158,52.805,8552.0,952.716,1784396728480.0,9557.521
ss-77-120000,1784397446225.2068,1784397446228,1784397448480.0,1784397449432.7168,2.793,2252.0,952.717,1784396728480.0,3207.51
ss-17-120000,1784397435575.195,1784397435728,1784397448480.0,1784397449432.7175,152.805,12752.0,952.718,1784396728480.0,13857.522
ss-81-120000,1784397443025.2122,1784397443077,1784397448480.0,1784397449432.7312,51.788,5403.0,952.731,1784396728480.0,6407.519
ss-15-120000,1784397446875.1973,1784397447278,1784397448480.0,1784397449432.7322,402.803,1202.0,952.732,1784396728480.0,2557.535
ss-44-120000,1784397448025.227,1784397448328,1784397448480.0,1784397449432.7375,302.773,152.0,952.738,1784396728480.0,1407.51
ss-68-120000,1784397443875.1953,1784397444127,1784397448481.0,1784397449432.7578,251.805,4354.0,951.758,1784396728481.0,5557.562
ss-18-120000,1784397446175.206,1784397446228,1784397448481.0,1784397449432.7634,52.794,2253.0,951.763,1784396728481.0,3257.557
ss-95-120000,1784397446475.23,1784397447278,1784397448481.0,1784397449432.7642,802.77,1203.0,951.764,1784396728481.0,2957.534
ss-96-120000,1784397444825.2195,1784397445177,1784397448481.0,1784397449432.7708,351.781,3304.0,951.771,1784396728481.0,4607.551
ss-94-120000,1784397446325.2192,1784397447278,1784397448481.0,1784397449432.784,952.781,1203.0,951.784,1784396728481.0,3107.565
ss-62-120000,1784397447725.2085,1784397448328,1784397448481.0,1784397449432.8098,602.792,153.0,951.81,1784396728481.0,1707.601
ss-66-120000,1784397445075.232,1784397445177,1784397448481.0,1784397449432.8105,101.768,3304.0,951.811,1784396728481.0,4357.579
ss-53-120000,1784397447075.2085,1784397447278,1784397448482.0,1784397449433.0244,202.792,1204.0,951.024,1784396728482.0,2357.816
ss-67-120000,1784397442225.2266,1784397443077,1784397448482.0,1784397449433.0256,851.773,5405.0,951.026,1784396728482.0,7207.799
ss-82-120000,1784397444625.203,1784397445177,1784397448482.0,1784397449433.0264,551.797,3305.0,951.026,1784396728482.0,4807.823
ss-5-120000,1784397439925.2075,1784397439928,1784397448482.0,1784397449433.0273,2.792,8554.0,951.027,1784396728482.0,9507.82
ss-69-120000,1784397443675.1987,1784397444127,1784397448482.0,1784397449433.028,451.801,4355.0,951.028,1784396728482.0,5757.829
ss-42-120000,1784397444575.2034,1784397445177,1784397448482.0,1784397449433.029,601.797,3305.0,951.029,1784396728482.0,4857.826
ss-85-120000,1784397440375.2004,1784397440977,1784397448482.0,1784397449433.0295,601.8,7505.0,951.03,1784396728482.0,9057.829
ss-30-120000,1784397438575.21,1784397438877,1784397448482.0,1784397449433.0417,301.79,9605.0,951.042,1784396728482.0,10857.832
ss-8-120000,1784397440175.1924,1784397440977,1784397448483.0,1784397449433.0427,801.808,7506.0,950.043,1784396728483.0,9257.85
ss-92-120000,1784397446625.2183,1784397447278,1784397448483.0,1784397449433.0437,652.782,1205.0,950.044,1784396728483.0,2807.825
ss-46-120000,1784397440275.1921,1784397440977,1784397448483.0,1784397449433.0444,701.808,7506.0,950.044,1784396728483.0,9157.852
ss-25-120000,1784397447975.2139,1784397448328,1784397448483.0,1784397449433.045,352.786,155.0,950.045,1784396728483.0,1457.831
ss-97-120000,1784397434075.2148,1784397434678,1784397448483.0,1784397449433.0588,602.785,13805.0,950.059,1784396728483.0,15357.844
ss-78-120000,1784397437125.1968,1784397437828,1784397448483.0,1784397449433.0596,702.803,10655.0,950.06,1784396728483.0,12307.863
ss-40-120000,1784397441125.2148,1784397442027,1784397448484.0,1784397449433.0603,901.785,6457.0,949.06,1784396728484.0,8307.845
ss-49-120000,1784397447675.2065,1784397448328,1784397448484.0,1784397449433.061,652.793,156.0,949.061,1784396728484.0,1757.854
ss-73-120000,1784397446425.225,1784397447278,1784397448484.0,1784397449433.182,852.775,1206.0,949.182,1784396728484.0,3007.957
ss-11-120000,1784397442075.1987,1784397443077,1784397448484.0,1784397449433.5215,1001.801,5407.0,949.521,1784396728484.0,7358.323
ss-22-120000,1784397434175.2058,1784397434678,1784397448484.0,1784397449433.5227,502.794,13806.0,949.523,1784396728484.0,15258.317
ss-27-120000,1784397447875.2188,1784397448328,1784397448484.0,1784397449433.5234,452.781,156.0,949.523,1784396728484.0,1558.305
ss-88-120000,1784397444425.194,1784397445177,1784397448484.0,1784397449433.5242,751.806,3307.0,949.524,1784396728484.0,5008.33
ss-87-120000,1784397438225.2097,1784397438877,1784397448484.0,1784397449433.5247,651.79,9607.0,949.525,1784396728484.0,11208.315
ss-32-120000,1784397447825.226,1784397448328,1784397448484.0,1784397449433.5251,502.774,156.0,949.525,1784396728484.0,1608.299
ss-76-120000,1784397438825.207,1784397438877,1784397448485.0,1784397449433.5256,51.793,9608.0,948.526,1784396728485.0,10608.319
ss-37-120000,1784397425725.1907,1784397426280,1784397448485.0,1784397449433.5261,554.809,22205.0,948.526,1784396728485.0,23708.335
ss-83-120000,1784397447575.2039,1784397448328,1784397448485.0,1784397449433.5269,752.796,157.0,948.527,1784396728485.0,1858.323
ss-56-120000,1784397436225.2117,1784397436777,1784397448485.0,1784397449433.5273,551.788,11708.0,948.527,1784396728485.0,13208.316
ss-60-120000,1784397441575.1965,1784397442027,1784397448485.0,1784397449433.5276,451.803,6458.0,948.528,1784396728485.0,7858.331
ss-34-120000,1784397444775.1938,1784397445177,1784397448485.0,1784397449433.5283,401.806,3308.0,948.528,1784396728485.0,4658.334
ss-36-120000,1784397442275.2222,1784397443077,1784397448485.0,1784397449433.5288,801.778,5408.0,948.529,1784396728485.0,7158.307
ss-89-120000,1784397447025.2,1784397447278,1784397448485.0,1784397449433.5293,252.8,1207.0,948.529,1784396728485.0,2408.329
ss-52-120000,1784397447425.212,1784397448328,1784397448485.0,1784397449433.5298,902.788,157.0,948.53,1784396728485.0,2008.318
ss-13-120000,1784397447775.2012,1784397448328,1784397448486.0,1784397449433.5398,552.799,158.0,947.54,1784396728486.0,1658.339
ss-93-120000,1784397445275.2266,1784397446228,1784397448486.0,1784397449433.5403,952.773,2258.0,947.54,1784396728486.0,4158.314
ss-24-180000,1784397472175.2053,1784397472477,1784397478905.0,1784397479508.318,301.795,6428.0,603.318,1784396698905.0,7333.113
ss-39-180000,1784397476675.217,1784397477677,1784397478906.0,1784397479508.3235,1001.783,1229.0,602.323,1784396698906.0,2833.106
ss-54-180000,1784397474175.225,1784397474578,1784397478906.0,1784397479508.3247,402.775,4328.0,602.325,1784396698906.0,5333.1
ss-2-180000,1784397477375.1885,1784397477677,1784397478906.0,1784397479508.3257,301.812,1229.0,602.326,1784396698906.0,2133.137
ss-21-180000,1784397475475.206,1784397475628,1784397478906.0,1784397479508.327,152.794,3278.0,602.327,1784396698906.0,4033.121
ss-12-180000,1784397475125.2231,1784397475628,1784397478906.0,1784397479508.3276,502.777,3278.0,602.328,1784396698906.0,4383.104
ss-14-180000,1784397475375.2153,1784397475628,1784397478906.0,1784397479508.3281,252.785,3278.0,602.328,1784396698906.0,4133.113
ss-72-180000,1784397473775.234,1784397474578,1784397478907.0,1784397479508.3284,802.766,4329.0,601.328,1784396698907.0,5733.094
ss-98-180000,1784397469325.209,1784397469327,1784397478907.0,1784397479508.3293,1.791,9580.0,601.329,1784396698907.0,10183.12
ss-91-180000,1784397471275.2007,1784397471427,1784397478907.0,1784397479508.3306,151.799,7480.0,601.331,1784396698907.0,8233.13
ss-7-180000,1784397477325.2195,1784397477677,1784397478907.0,1784397479508.3308,351.781,1230.0,601.331,1784396698907.0,2183.111
ss-16-180000,1784397475875.2136,1784397476634,1784397478907.0,1784397479508.3313,758.786,2273.0,601.331,1784396698907.0,3633.118
ss-31-180000,1784397476725.2402,1784397477677,1784397478907.0,1784397479508.3318,951.76,1230.0,601.332,1784396698907.0,2783.092
ss-79-180000,1784397471825.2068,1784397472477,1784397478907.0,1784397479508.333,651.793,6430.0,601.333,1784396698907.0,7683.126
ss-50-180000,1784397474625.1987,1784397475628,1784397478907.0,1784397479508.3337,1002.801,3279.0,601.334,1784396698907.0,4883.135
ss-63-180000,1784397470375.2078,1784397470377,1784397478907.0,1784397479508.3347,1.792,8530.0,601.335,1784396698907.0,9133.127
ss-51-180000,1784397473875.209,1784397474578,1784397478908.0,1784397479508.3352,702.791,4330.0,600.335,1784396698908.0,5633.126
ss-28-180000,1784397477825.2036,1784397478727,1784397478908.0,1784397479508.3354,901.796,181.0,600.335,1784396698908.0,1683.132
ss-35-180000,1784397469675.1912,1784397470377,1784397478908.0,1784397479508.3357,701.809,8531.0,600.336,1784396698908.0,9833.145
ss-70-180000,1784397477425.2114,1784397477677,1784397478908.0,1784397479508.3535,251.789,1231.0,600.354,1784396698908.0,2083.142
ss-99-180000,1784397466775.2048,1784397467228,1784397478908.0,1784397479508.354,452.795,11680.0,600.354,1784396698908.0,12733.149
ss-90-180000,1784397469825.2017,1784397470377,1784397478908.0,1784397479508.3555,551.798,8531.0,600.355,1784396698908.0,9683.154
ss-64-180000,1784397474475.2156,1784397474578,1784397478908.0,1784397479508.356,102.784,4330.0,600.356,1784396698908.0,5033.14
ss-80-180000,1784397474225.2034,1784397474578,1784397478908.0,1784397479508.3564,352.797,4330.0,600.356,1784396698908.0,5283.153
ss-59-180000,1784397475675.1902,1784397476634,1784397478909.0,1784397479508.357,958.81,2275.0,599.357,1784396698909.0,3833.167
ss-19-180000,1784397477925.2,1784397478727,1784397478909.0,1784397479508.3572,801.8,182.0,599.357,1784396698909.0,1583.157
ss-45-180000,1784397478025.1968,1784397478727,1784397478909.0,1784397479508.3574,701.803,182.0,599.357,1784396698909.0,1483.161
ss-9-180000,1784397466975.208,1784397467228,1784397478909.0,1784397479508.358,252.792,11681.0,599.358,1784396698909.0,12533.15
ss-37-180000,1784397475925.2153,1784397476634,1784397478909.0,1784397479508.3582,708.785,2275.0,599.358,1784396698909.0,3583.143
ss-41-180000,1784397473975.1995,1784397474578,1784397478909.0,1784397479508.3586,602.801,4331.0,599.359,1784396698909.0,5533.159
ss-48-180000,1784397471325.2095,1784397471427,1784397478909.0,1784397479508.359,101.791,7482.0,599.359,1784396698909.0,8183.149
ss-29-180000,1784397473025.198,1784397473528,1784397478909.0,1784397479508.3591,502.802,5381.0,599.359,1784396698909.0,6483.161
ss-58-180000,1784397476225.2317,1784397476634,1784397478909.0,1784397479508.3655,408.768,2275.0,599.365,1784396698909.0,3283.134
ss-84-180000,1784397477575.1943,1784397477677,1784397478909.0,1784397479508.3665,101.806,1232.0,599.366,1784396698909.0,1933.172
ss-38-180000,1784397456725.2053,1784397456727,1784397478910.0,1784397479508.3667,1.795,22183.0,598.367,1784396698910.0,22783.161
ss-1-180000,1784397476975.2073,1784397477677,1784397478910.0,1784397479508.3672,701.793,1233.0,598.367,1784396698910.0,2533.16
ss-74-180000,1784397476925.232,1784397477677,1784397478910.0,1784397479508.3674,751.768,1233.0,598.367,1784396698910.0,2583.135
ss-75-180000,1784397472975.2021,1784397473528,1784397478910.0,1784397479508.368,552.798,5382.0,598.368,1784396698910.0,6533.166
ss-33-180000,1784397468425.2048,1784397469327,1784397478910.0,1784397479508.3684,901.795,9583.0,598.368,1784396698910.0,11083.164
ss-23-180000,1784397469275.2358,1784397469327,1784397478910.0,1784397479508.369,51.764,9583.0,598.369,1784396698910.0,10233.133
ss-11-180000,1784397476125.202,1784397476634,1784397478910.0,1784397479508.3691,508.798,2276.0,598.369,1784396698910.0,3383.167
ss-0-180000,1784397470925.2378,1784397471427,1784397478910.0,1784397479508.3694,501.762,7483.0,598.369,1784396698910.0,8583.132
ss-6-180000,1784397473525.2292,1784397473528,1784397478910.0,1784397479508.3699,2.771,5382.0,598.37,1784396698910.0,5983.141
ss-47-180000,1784397470825.2344,1784397471427,1784397478910.0,1784397479508.3723,601.766,7483.0,598.372,1784396698910.0,8683.138
ss-10-180000,1784397469475.1924,1784397470377,1784397478911.0,1784397479508.373,901.808,8534.0,597.373,1784396698911.0,10033.181
ss-4-180000,1784397475075.2175,1784397475628,1784397478911.0,1784397479508.3762,552.782,3283.0,597.376,1784396698911.0,4433.159
ss-65-180000,1784397476825.2068,1784397477677,1784397478911.0,1784397479508.384,851.793,1234.0,597.384,1784396698911.0,2683.177
ss-86-180000,1784397477875.1938,1784397478727,1784397478911.0,1784397479508.3843,851.806,184.0,597.384,1784396698911.0,1633.19
ss-43-180000,1784397477975.2163,1784397478727,1784397478911.0,1784397479508.3848,751.784,184.0,597.385,1784396698911.0,1533.168
ss-61-180000,1784397468175.185,1784397468277,1784397478911.0,1784397479508.385,101.815,10634.0,597.385,1784396698911.0,11333.2
ss-57-180000,1784397471575.201,1784397472477,1784397478911.0,1784397479508.3862,901.799,6434.0,597.386,1784396698911.0,7933.185
ss-26-180000,1784397469725.1953,1784397470377,1784397478911.0,1784397479508.3865,651.805,8534.0,597.386,1784396698911.0,9783.191
ss-71-180000,1784397477125.2156,1784397477677,1784397478911.0,1784397479508.3894,551.784,1234.0,597.389,1784396698911.0,2383.174
ss-20-180000,1784397470775.2327,1784397471427,1784397478911.0,1784397479508.39,651.767,7484.0,597.39,1784396698911.0,8733.157
ss-52-180000,1784397475975.2231,1784397476634,1784397478912.0,1784397479508.3904,658.777,2278.0,596.39,1784396698912.0,3533.167
ss-3-180000,1784397472025.2031,1784397472477,1784397478912.0,1784397479508.658,451.797,6435.0,596.658,1784396698912.0,7483.455
ss-77-180000,1784397477475.1982,1784397477677,1784397478912.0,1784397479508.6584,201.802,1235.0,596.658,1784396698912.0,2033.46
ss-81-180000,1784397473275.1963,1784397473528,1784397478912.0,1784397479508.662,252.804,5384.0,596.662,1784396698912.0,6233.466
ss-15-180000,1784397475825.2231,1784397476634,1784397478912.0,1784397479508.6626,808.777,2278.0,596.663,1784396698912.0,3683.439
ss-55-180000,1784397474425.172,1784397474578,1784397478912.0,1784397479508.6628,152.828,4334.0,596.663,1784396698912.0,5083.491
ss-44-180000,1784397477525.2126,1784397477677,1784397478912.0,1784397479508.6633,151.787,1235.0,596.663,1784396698912.0,1983.451
ss-17-180000,1784397474575.1938,1784397474578,1784397478912.0,1784397479508.6638,2.806,4334.0,596.664,1784396698912.0,4933.47
ss-68-180000,1784397475725.1924,1784397476634,1784397478912.0,1784397479508.6643,908.808,2278.0,596.664,1784396698912.0,3783.472
ss-18-180000,1784397475775.2102,1784397476634,1784397478913.0,1784397479508.667,858.79,2279.0,595.667,1784396698913.0,3733.457
ss-95-180000,1784397466725.2024,1784397467228,1784397478913.0,1784397479508.6672,502.798,11685.0,595.667,1784396698913.0,12783.465
ss-96-180000,1784397471375.206,1784397471427,1784397478913.0,1784397479508.6677,51.794,7486.0,595.668,1784396698913.0,8133.462
ss-94-180000,1784397477725.2007,1784397478727,1784397478913.0,1784397479508.668,1001.799,186.0,595.668,1784396698913.0,1783.467
ss-62-180000,1784397477175.199,1784397477677,1784397478913.0,1784397479508.6685,501.801,1236.0,595.668,1784396698913.0,2333.469
ss-66-180000,1784397477625.2295,1784397477677,1784397478913.0,1784397479508.669,51.771,1236.0,595.669,1784396698913.0,1883.439
ss-53-180000,1784397468575.2036,1784397469327,1784397478913.0,1784397479508.6697,751.796,9586.0,595.67,1784396698913.0,10933.466
ss-67-180000,1784397474325.2102,1784397474578,1784397478914.0,1784397479508.67,252.79,4336.0,594.67,1784396698914.0,5183.46
ss-82-180000,1784397474825.2097,1784397475628,1784397478914.0,1784397479508.6704,802.79,3286.0,594.67,1784396698914.0,4683.461
ss-5-180000,1784397475325.229,1784397475628,1784397478914.0,1784397479508.6707,302.771,3286.0,594.671,1784396698914.0,4183.442
ss-42-180000,1784397473675.2256,1784397474578,1784397478914.0,1784397479508.6711,902.774,4336.0,594.671,1784396698914.0,5833.446
ss-69-180000,1784397476175.1897,1784397476634,1784397478914.0,1784397479508.6716,458.81,2280.0,594.672,1784396698914.0,3333.482
ss-30-180000,1784397477075.1965,1784397477677,1784397478914.0,1784397479508.6746,601.803,1237.0,594.675,1784396698914.0,2433.478
ss-85-180000,1784397473075.1582,1784397473528,1784397478914.0,1784397479508.675,452.842,5386.0,594.675,1784396698914.0,6433.517
ss-8-180000,1784397474375.2007,1784397474578,1784397478914.0,1784397479508.6753,202.799,4336.0,594.675,1784396698914.0,5133.475
ss-92-180000,1784397470125.2183,1784397470377,1784397478914.0,1784397479508.6758,251.782,8537.0,594.676,1784396698914.0,9383.458
ss-25-180000,1784397469425.2073,1784397470377,1784397478914.0,1784397479508.676,951.793,8537.0,594.676,1784396698914.0,10083.469
ss-97-180000,1784397472775.1948,1784397473528,1784397478915.0,1784397479508.6765,752.805,5387.0,593.677,1784396698915.0,6733.482
ss-78-180000,1784397476575.2266,1784397476634,1784397478915.0,1784397479508.6768,58.773,2281.0,593.677,1784396698915.0,2933.45
ss-40-180000,1784397467875.3286,1784397468277,1784397478915.0,1784397479508.6843,401.671,10638.0,593.684,1784396698915.0,11633.356
ss-49-180000,1784397476875.205,1784397477677,1784397478915.0,1784397479508.6846,801.795,1238.0,593.685,1784396698915.0,2633.479
ss-73-180000,1784397472325.204,1784397472477,1784397478915.0,1784397479508.6875,151.796,6438.0,593.688,1784396698915.0,7183.483
ss-22-180000,1784397472575.196,1784397473528,1784397478915.0,1784397479508.6885,952.804,5387.0,593.688,1784396698915.0,6933.492
ss-27-180000,1784397477275.199,1784397477677,1784397478915.0,1784397479508.6887,401.801,1238.0,593.689,1784396698915.0,2233.49
ss-88-180000,1784397476275.2263,1784397476634,1784397478915.0,1784397479508.6892,358.774,2281.0,593.689,1784396698915.0,3233.463
ss-32-180000,1784397468275.2305,1784397468277,1784397478915.0,1784397479508.6897,1.77,10638.0,593.69,1784396698915.0,11233.459
ss-87-180000,1784397474075.2024,1784397474578,1784397478915.0,1784397479508.69,502.798,4337.0,593.69,1784396698915.0,5433.488
ss-76-180000,1784397473375.192,1784397473528,1784397478915.0,1784397479508.6902,152.808,5387.0,593.69,1784396698915.0,6133.498
ss-46-180000,1784397476475.2249,1784397476634,1784397478915.0,1784397479508.6912,158.775,2281.0,593.691,1784396698915.0,3033.466
ss-83-180000,1784397465925.2202,1784397466178,1784397478916.0,1784397479508.6917,252.78,12738.0,592.692,1784396698916.0,13583.471
ss-56-180000,1784397477675.194,1784397477677,1784397478916.0,1784397479508.6943,1.806,1239.0,592.694,1784396698916.0,1833.5
ss-60-180000,1784397476625.2297,1784397476634,1784397478916.0,1784397479508.6946,8.77,2282.0,592.695,1784396698916.0,2883.465
ss-34-180000,1784397475628.1643,1784397476634,1784397478916.0,1784397479508.695,1005.836,2282.0,592.695,1784396698916.0,3880.531
ss-36-180000,1784397477225.207,1784397477677,1784397478916.0,1784397479508.6953,451.793,1239.0,592.695,1784396698916.0,2283.488
ss-89-180000,1784397472425.1995,1784397472477,1784397478916.0,1784397479508.6958,51.801,6439.0,592.696,1784396698916.0,7083.496
ss-13-180000,1784397477775.1956,1784397478727,1784397478916.0,1784397479508.696,951.804,189.0,592.696,1784396698916.0,1733.5
ss-93-180000,1784397471525.207,1784397472477,1784397478916.0,1784397479508.6968,951.793,6439.0,592.697,1784396698916.0,7983.49
ss-24-240000,1784397486475.2207,1784397487127,1784397488113.0,1784397488496.225,651.779,986.0,383.225,1784396648113.0,2021.004
ss-39-240000,1784397481825.2236,1784397481877,1784397488114.0,1784397488496.2283,51.776,6237.0,382.228,1784396648114.0,6671.005
ss-7-240000,1784397483975.1965,1784397483977,1784397488114.0,1784397488496.2288,1.803,4137.0,382.229,1784396648114.0,4521.032
ss-2-240000,1784397485725.201,1784397486077,1784397488114.0,1784397488496.2383,351.799,2037.0,382.238,1784396648114.0,2771.037
ss-21-240000,1784397484275.196,1784397485027,1784397488114.0,1784397488496.2397,751.804,3087.0,382.24,1784396648114.0,4221.044
ss-12-240000,1784397484375.199,1784397485027,1784397488114.0,1784397488496.2415,651.801,3087.0,382.241,1784396648114.0,4121.042
ss-37-240000,1784397485975.225,1784397486077,1784397488114.0,1784397488496.2444,101.775,2037.0,382.244,1784396648114.0,2521.019
ss-14-240000,1784397486075.2197,1784397486077,1784397488114.0,1784397488496.245,1.78,2037.0,382.245,1784396648114.0,2421.025
ss-72-240000,1784397483275.2156,1784397483977,1784397488114.0,1784397488496.2454,701.784,4137.0,382.245,1784396648114.0,5221.03
ss-91-240000,1784397485675.2104,1784397486077,1784397488114.0,1784397488496.2473,401.79,2037.0,382.247,1784396648114.0,2821.037
ss-19-240000,1784397486775.2139,1784397487127,1784397488114.0,1784397488496.2478,351.786,987.0,382.248,1784396648114.0,1721.034
ss-98-240000,1784397484075.2078,1784397485027,1784397488114.0,1784397488496.248,951.792,3087.0,382.248,1784396648114.0,4421.04
ss-16-240000,1784397487575.1956,1784397488079,1784397488114.0,1784397488496.2485,503.804,35.0,382.249,1784396648114.0,921.053
ss-79-240000,1784397480575.2112,1784397480828,1784397488114.0,1784397488496.249,252.789,7286.0,382.249,1784396648114.0,7921.038
ss-31-240000,1784397487825.2249,1784397488079,1784397488114.0,1784397488496.2493,253.775,35.0,382.249,1784396648114.0,671.024
ss-28-240000,1784397484925.2314,1784397485027,1784397488115.0,1784397488496.2498,101.769,3088.0,381.25,1784396648115.0,3571.018
ss-50-240000,1784397484675.1985,1784397485027,1784397488115.0,1784397488496.2505,351.802,3088.0,381.25,1784396648115.0,3821.052
ss-63-240000,1784397485325.2021,1784397486077,1784397488115.0,1784397488496.2512,751.798,2038.0,381.251,1784396648115.0,3171.049
ss-51-240000,1784397487225.2065,1784397488079,1784397488115.0,1784397488496.2515,853.793,36.0,381.251,1784396648115.0,1271.045
ss-9-240000,1784397483775.194,1784397483977,1784397488115.0,1784397488496.2522,201.806,4138.0,381.252,1784396648115.0,4721.058
ss-35-240000,1784397479025.2104,1784397479777,1784397488115.0,1784397488496.2527,751.79,8338.0,381.253,1784396648115.0,9471.042
ss-99-240000,1784397466775.2048,1784397467228,1784397488115.0,1784397488496.253,452.795,20887.0,381.253,1784396648115.0,21721.048
ss-70-240000,1784397482925.202,1784397482927,1784397488115.0,1784397488496.2534,1.798,5188.0,381.253,1784396648115.0,5571.052
ss-64-240000,1784397482325.2166,1784397482927,1784397488115.0,1784397488496.254,601.783,5188.0,381.254,1784396648115.0,6171.037
ss-41-240000,1784397484125.2012,1784397485027,1784397488115.0,1784397488496.2542,901.799,3088.0,381.254,1784396648115.0,4371.053
ss-90-240000,1784397487625.232,1784397488079,1784397488115.0,1784397488496.271,453.768,36.0,381.271,1784396648115.0,871.039
ss-80-240000,1784397487275.2014,1784397488079,1784397488115.0,1784397488496.2717,803.799,36.0,381.272,1784396648115.0,1221.07
ss-59-240000,1784397483875.1934,1784397483977,1784397488115.0,1784397488496.8237,101.807,4138.0,381.824,1784396648115.0,4621.63
ss-45-240000,1784397485875.1992,1784397486077,1784397488115.0,1784397488496.8247,201.801,2038.0,381.825,1784396648115.0,2621.625
ss-48-240000,1784397471325.2095,1784397471427,1784397488115.0,1784397488496.825,101.791,16688.0,381.825,1784396648115.0,17171.615
ss-58-240000,1784397485175.2126,1784397486077,1784397488116.0,1784397488496.8257,901.787,2039.0,380.826,1784396648116.0,3321.613
ss-29-240000,1784397481075.216,1784397481877,1784397488116.0,1784397488496.826,801.784,6239.0,380.826,1784396648116.0,7421.61
ss-74-240000,1784397487325.21,1784397488079,1784397488116.0,1784397488496.8318,753.79,37.0,380.832,1784396648116.0,1171.622
ss-84-240000,1784397477575.1943,1784397477677,1784397488116.0,1784397488496.832,101.806,10439.0,380.832,1784396648116.0,10921.638
ss-38-240000,1784397487375.2017,1784397488079,1784397488116.0,1784397488496.8325,703.798,37.0,380.833,1784396648116.0,1121.631
ss-1-240000,1784397484025.1985,1784397485027,1784397488116.0,1784397488496.833,1001.802,3089.0,380.833,1784396648116.0,4471.635
ss-4-240000,1784397486625.2136,1784397487127,1784397488116.0,1784397488496.8333,501.786,989.0,380.833,1784396648116.0,1871.62
ss-75-240000,1784397485025.2312,1784397485027,1784397488116.0,1784397488496.8337,1.769,3089.0,380.834,1784396648116.0,3471.603
ss-33-240000,1784397468425.2048,1784397469327,1784397488116.0,1784397488496.8345,901.795,18789.0,380.834,1784396648116.0,20071.63
ss-23-240000,1784397485925.2078,1784397486077,1784397488116.0,1784397488496.8347,151.792,2039.0,380.835,1784396648116.0,2571.627
ss-0-240000,1784397485125.2358,1784397486077,1784397488116.0,1784397488496.8352,951.764,2039.0,380.835,1784396648116.0,3371.599
ss-6-240000,1784397484825.2297,1784397485027,1784397488116.0,1784397488496.8354,201.77,3089.0,380.835,1784396648116.0,3671.606
ss-10-240000,1784397469475.1924,1784397470377,1784397488116.0,1784397488496.8384,901.808,17739.0,380.838,1784396648116.0,19021.646
ss-68-240000,1784397486125.2156,1784397487127,1784397488116.0,1784397488496.8386,1001.784,989.0,380.839,1784396648116.0,2371.623
ss-47-240000,1784397487775.23,1784397488079,1784397488117.0,1784397488496.8416,303.77,38.0,379.842,1784396648117.0,721.612
ss-65-240000,1784397483675.1958,1784397483977,1784397488117.0,1784397488496.842,301.804,4140.0,379.842,1784396648117.0,4821.646
ss-43-240000,1784397486725.213,1784397487127,1784397488117.0,1784397488496.8423,401.787,990.0,379.842,1784396648117.0,1771.629
ss-86-240000,1784397488025.2083,1784397488079,1784397488117.0,1784397488496.8428,53.792,38.0,379.843,1784396648117.0,471.635
ss-61-240000,1784397468175.185,1784397468277,1784397488117.0,1784397488496.843,101.815,19840.0,379.843,1784396648117.0,20321.658
ss-57-240000,1784397487525.21,1784397488079,1784397488117.0,1784397488496.8442,553.79,38.0,379.844,1784396648117.0,971.634
ss-26-240000,1784397487475.2122,1784397488079,1784397488117.0,1784397488496.8447,603.788,38.0,379.845,1784396648117.0,1021.633
ss-71-240000,1784397486025.2185,1784397486077,1784397488117.0,1784397488496.845,51.781,2040.0,379.845,1784396648117.0,2471.626
ss-20-240000,1784397484975.2253,1784397485027,1784397488117.0,1784397488496.8455,51.775,3090.0,379.845,1784396648117.0,3521.62
ss-3-240000,1784397483725.1921,1784397483977,1784397488117.0,1784397488496.847,251.808,4140.0,379.847,1784396648117.0,4771.655
ss-77-240000,1784397487875.2239,1784397488079,1784397488118.0,1784397488496.8582,203.776,39.0,378.858,1784396648118.0,621.634
ss-81-240000,1784397473275.1963,1784397473528,1784397488118.0,1784397488496.8586,252.804,14590.0,378.859,1784396648118.0,15221.662
ss-17-240000,1784397474575.1938,1784397474578,1784397488118.0,1784397488496.859,2.806,13540.0,378.859,1784396648118.0,13921.665
ss-55-240000,1784397483925.1958,1784397483977,1784397488118.0,1784397488496.8591,51.804,4141.0,378.859,1784396648118.0,4571.663
ss-15-240000,1784397486325.2417,1784397487127,1784397488118.0,1784397488496.862,801.758,991.0,378.862,1784396648118.0,2171.62
ss-44-240000,1784397486375.2122,1784397487127,1784397488118.0,1784397488496.8623,751.788,991.0,378.862,1784396648118.0,2121.65
ss-18-240000,1784397483575.1926,1784397483977,1784397488118.0,1784397488496.8625,401.807,4141.0,378.863,1784396648118.0,4921.67
ss-96-240000,1784397487975.2246,1784397488079,1784397488119.0,1784397488496.8628,103.775,40.0,377.863,1784396648119.0,521.638
ss-95-240000,1784397481625.2212,1784397481877,1784397488119.0,1784397488496.863,251.779,6242.0,377.863,1784396648119.0,6871.642
ss-53-240000,1784397485225.1929,1784397486077,1784397488119.0,1784397488496.864,851.807,2042.0,377.864,1784396648119.0,3271.671
ss-87-240000,1784397480725.1958,1784397480828,1784397488119.0,1784397488496.8643,102.804,7291.0,377.864,1784396648119.0,7771.668
ss-94-240000,1784397478275.1907,1784397478727,1784397488119.0,1784397488496.8645,451.809,9392.0,377.865,1784396648119.0,10221.674
ss-66-240000,1784397483825.2034,1784397483977,1784397488119.0,1784397488496.8647,151.797,4142.0,377.865,1784396648119.0,4671.661
ss-62-240000,1784397477175.199,1784397477677,1784397488119.0,1784397488496.865,501.801,10442.0,377.865,1784396648119.0,11321.666
ss-67-240000,1784397474325.2102,1784397474578,1784397488119.0,1784397488496.8672,252.79,13541.0,377.867,1784396648119.0,14171.657
ss-82-240000,1784397483325.2144,1784397483977,1784397488119.0,1784397488496.8691,651.786,4142.0,377.869,1784396648119.0,5171.655
ss-5-240000,1784397484775.2266,1784397485027,1784397488119.0,1784397488496.8694,251.773,3092.0,377.869,1784396648119.0,3721.643
ss-42-240000,1784397480025.2131,1784397480828,1784397488120.0,1784397488496.8696,802.787,7292.0,376.87,1784396648120.0,8471.656
ss-69-240000,1784397476175.1897,1784397476634,1784397488120.0,1784397488496.87,458.81,11486.0,376.87,1784396648120.0,12321.68
ss-85-240000,1784397486675.2134,1784397487127,1784397488120.0,1784397488496.8704,451.787,993.0,376.87,1784396648120.0,1821.657
ss-8-240000,1784397486275.2302,1784397487127,1784397488120.0,1784397488496.8706,851.77,993.0,376.871,1784396648120.0,2221.64
ss-30-240000,1784397487075.2043,1784397487127,1784397488120.0,1784397488496.8708,51.796,993.0,376.871,1784396648120.0,1421.667
ss-92-240000,1784397482675.1917,1784397482927,1784397488120.0,1784397488496.871,251.808,5193.0,376.871,1784396648120.0,5821.679
ss-97-240000,1784397484725.2048,1784397485027,1784397488121.0,1784397488496.8713,301.795,3094.0,375.871,1784396648121.0,3771.667
ss-25-240000,1784397483475.2136,1784397483977,1784397488121.0,1784397488496.8713,501.786,4144.0,375.871,1784396648121.0,5021.658
ss-73-240000,1784397481275.191,1784397481877,1784397488121.0,1784397488496.8716,601.809,6244.0,375.872,1784396648121.0,7221.681
ss-78-240000,1784397478125.1943,1784397478727,1784397488121.0,1784397488496.8784,601.806,9394.0,375.878,1784396648121.0,10371.684
ss-54-240000,1784397480225.2043,1784397480828,1784397488121.0,1784397488496.879,602.796,7293.0,375.879,1784396648121.0,8271.675
ss-40-240000,1784397467875.3286,1784397468277,1784397488121.0,1784397488496.8794,401.671,19844.0,375.879,1784396648121.0,20621.551
ss-49-240000,1784397486175.2258,1784397487127,1784397488121.0,1784397488496.8796,951.774,994.0,375.88,1784396648121.0,2321.654
ss-46-240000,1784397481775.1936,1784397481877,1784397488121.0,1784397488496.8801,101.806,6244.0,375.88,1784396648121.0,6721.687
ss-22-240000,1784397485825.2175,1784397486077,1784397488121.0,1784397488496.8813,251.782,2044.0,375.881,1784396648121.0,2671.664
ss-88-240000,1784397482725.192,1784397482927,1784397488122.0,1784397488496.8818,201.808,5195.0,374.882,1784396648122.0,5771.69
ss-27-240000,1784397487925.2222,1784397488079,1784397488122.0,1784397488496.882,153.778,43.0,374.882,1784396648122.0,571.66
ss-11-240000,1784397486875.2126,1784397487127,1784397488122.0,1784397488496.8826,251.787,995.0,374.883,1784396648122.0,1621.67
ss-32-240000,1784397485275.216,1784397486077,1784397488122.0,1784397488496.8828,801.784,2045.0,374.883,1784396648122.0,3221.667
ss-83-240000,1784397481925.2295,1784397482927,1784397488122.0,1784397488496.8833,1001.771,5195.0,374.883,1784396648122.0,6571.654
ss-76-240000,1784397487675.2368,1784397488079,1784397488122.0,1784397488496.8835,403.763,43.0,374.884,1784396648122.0,821.647
ss-56-240000,1784397487725.2292,1784397488079,1784397488122.0,1784397488496.8843,353.771,43.0,374.884,1784396648122.0,771.655
ss-34-240000,1784397486925.2114,1784397487127,1784397488122.0,1784397488496.8845,201.789,995.0,374.885,1784396648122.0,1571.673
ss-60-240000,1784397487425.197,1784397488079,1784397488122.0,1784397488496.885,653.803,43.0,374.885,1784396648122.0,1071.688
ss-13-240000,1784397478675.2126,1784397478727,1784397488123.0,1784397488496.8853,51.787,9396.0,373.885,1784396648123.0,9821.673
ss-36-240000,1784397486525.2258,1784397487127,1784397488123.0,1784397488496.8855,601.774,996.0,373.885,1784396648123.0,1971.66
ss-89-240000,1784397472425.1995,1784397472477,1784397488123.0,1784397488496.886,51.801,15646.0,373.886,1784396648123.0,16071.687
ss-52-240000,1784397485575.213,1784397486077,1784397488123.0,1784397488496.8887,501.787,2046.0,373.889,1784396648123.0,2921.676
ss-93-240000,1784397471525.207,1784397472477,1784397488123.0,1784397488496.8894,951.793,15646.0,373.889,1784396648123.0,16971.682
ss-24-300000,1784397486475.2207,1784397487127,1784397488123.0,1784397488496.89,651.779,996.0,373.89,1784396588123.0,2021.669
ss-39-300000,1784397481825.2236,1784397481877,1784397488123.0,1784397488496.8904,51.776,6246.0,373.89,1784396588123.0,6671.667
ss-2-300000,1784397485725.201,1784397486077,1784397488123.0,1784397488496.8909,351.799,2046.0,373.891,1784396588123.0,2771.69
ss-7-300000,1784397483975.1965,1784397483977,1784397488123.0,1784397488496.891,1.803,4146.0,373.891,1784396588123.0,4521.695
ss-12-300000,1784397484375.199,1784397485027,1784397488123.0,1784397488496.8916,651.801,3096.0,373.892,1784396588123.0,4121.693
ss-21-300000,1784397484275.196,1784397485027,1784397488123.0,1784397488496.892,751.804,3096.0,373.892,1784396588123.0,4221.696
ss-14-300000,1784397486075.2197,1784397486077,1784397488124.0,1784397488496.8948,1.78,2047.0,372.895,1784396588124.0,2421.675
ss-72-300000,1784397483275.2156,1784397483977,1784397488124.0,1784397488496.8972,701.784,4147.0,372.897,1784396588124.0,5221.682
ss-91-300000,1784397485675.2104,1784397486077,1784397488124.0,1784397488496.9036,401.79,2047.0,372.904,1784396588124.0,2821.693
ss-19-300000,1784397486775.2139,1784397487127,1784397488124.0,1784397488496.904,351.786,997.0,372.904,1784396588124.0,1721.69
ss-98-300000,1784397484075.2078,1784397485027,1784397488124.0,1784397488496.9045,951.792,3097.0,372.905,1784396588124.0,4421.697
ss-16-300000,1784397487575.1956,1784397488079,1784397488124.0,1784397488496.9048,503.804,45.0,372.905,1784396588124.0,921.709
ss-79-300000,1784397480575.2112,1784397480828,1784397488124.0,1784397488496.9053,252.789,7296.0,372.905,1784396588124.0,7921.694
ss-31-300000,1784397487825.2249,1784397488079,1784397488124.0,1784397488496.908,253.775,45.0,372.908,1784396588124.0,671.683
ss-28-300000,1784397484925.2314,1784397485027,1784397488124.0,1784397488496.9084,101.769,3097.0,372.908,1784396588124.0,3571.677
ss-50-300000,1784397484675.1985,1784397485027,1784397488124.0,1784397488496.9912,351.802,3097.0,372.991,1784396588124.0,3821.793
ss-63-300000,1784397485325.2021,1784397486077,1784397488124.0,1784397488497.1035,751.798,2047.0,373.104,1784396588124.0,3171.901
ss-51-300000,1784397487225.2065,1784397488079,1784397488125.0,1784397488497.1045,853.793,46.0,372.104,1784396588125.0,1271.898
ss-9-300000,1784397483775.194,1784397483977,1784397488125.0,1784397488497.1055,201.806,4148.0,372.105,1784396588125.0,4721.911
ss-35-300000,1784397479025.2104,1784397479777,1784397488125.0,1784397488497.1064,751.79,8348.0,372.106,1784396588125.0,9471.896
ss-64-300000,1784397482325.2166,1784397482927,1784397488125.0,1784397488497.107,601.783,5198.0,372.107,1784396588125.0,6171.89
ss-99-300000,1784397466775.2048,1784397467228,1784397488125.0,1784397488497.1074,452.795,20897.0,372.107,1784396588125.0,21721.903
ss-70-300000,1784397482925.202,1784397482927,1784397488125.0,1784397488497.1082,1.798,5198.0,372.108,1784396588125.0,5571.906
ss-80-300000,1784397487275.2014,1784397488079,1784397488125.0,1784397488497.109,803.799,46.0,372.109,1784396588125.0,1221.907
ss-90-300000,1784397487625.232,1784397488079,1784397488125.0,1784397488497.1096,453.768,46.0,372.11,1784396588125.0,871.878
ss-59-300000,1784397483875.1934,1784397483977,1784397488125.0,1784397488497.11,101.807,4148.0,372.11,1784396588125.0,4621.917
ss-45-300000,1784397485875.1992,1784397486077,1784397488125.0,1784397488497.117,201.801,2048.0,372.117,1784396588125.0,2621.918
ss-48-300000,1784397471325.2095,1784397471427,1784397488125.0,1784397488497.1199,101.791,16698.0,372.12,1784396588125.0,17171.91
ss-58-300000,1784397485175.2126,1784397486077,1784397488126.0,1784397488497.1204,901.787,2049.0,371.12,1784396588126.0,3321.908
ss-29-300000,1784397481075.216,1784397481877,1784397488126.0,1784397488497.1206,801.784,6249.0,371.121,1784396588126.0,7421.905
ss-74-300000,1784397487325.21,1784397488079,1784397488126.0,1784397488497.121,753.79,47.0,371.121,1784396588126.0,1171.911
ss-84-300000,1784397477575.1943,1784397477677,1784397488126.0,1784397488497.1653,101.806,10449.0,371.165,1784396588126.0,10921.971
ss-38-300000,1784397487375.2017,1784397488079,1784397488126.0,1784397488497.2773,703.798,47.0,371.277,1784396588126.0,1122.076
ss-1-300000,1784397484025.1985,1784397485027,1784397488126.0,1784397488497.2788,1001.802,3099.0,371.279,1784396588126.0,4472.08
ss-75-300000,1784397485025.2312,1784397485027,1784397488126.0,1784397488497.2798,1.769,3099.0,371.28,1784396588126.0,3472.049
ss-4-300000,1784397486625.2136,1784397487127,1784397488126.0,1784397488497.2803,501.786,999.0,371.28,1784396588126.0,1872.067
ss-23-300000,1784397485925.2078,1784397486077,1784397488126.0,1784397488497.2812,151.792,2049.0,371.281,1784396588126.0,2572.073
ss-33-300000,1784397468425.2048,1784397469327,1784397488126.0,1784397488497.2822,901.795,18799.0,371.282,1784396588126.0,20072.077
ss-0-300000,1784397485125.2358,1784397486077,1784397488126.0,1784397488497.2827,951.764,2049.0,371.283,1784396588126.0,3372.047
ss-6-300000,1784397484825.2297,1784397485027,1784397488127.0,1784397488497.2888,201.77,3100.0,370.289,1784396588127.0,3672.059
ss-10-300000,1784397469475.1924,1784397470377,1784397488127.0,1784397488497.6785,901.808,17750.0,370.678,1784396588127.0,19022.486
ss-47-300000,1784397487775.23,1784397488079,1784397488127.0,1784397488497.682,303.77,48.0,370.682,1784396588127.0,722.452
ss-65-300000,1784397483675.1958,1784397483977,1784397488127.0,1784397488497.6824,301.804,4150.0,370.682,1784396588127.0,4822.487
ss-43-300000,1784397486725.213,1784397487127,1784397488127.0,1784397488497.6829,401.787,1000.0,370.683,1784396588127.0,1772.47
ss-68-300000,1784397486125.2156,1784397487127,1784397488127.0,1784397488497.6833,1001.784,1000.0,370.683,1784396588127.0,2372.468
ss-86-300000,1784397488025.2083,1784397488079,1784397488127.0,1784397488497.6838,53.792,48.0,370.684,1784396588127.0,472.476
ss-71-300000,1784397486025.2185,1784397486077,1784397488127.0,1784397488497.684,51.781,2050.0,370.684,1784396588127.0,2472.466
ss-61-300000,1784397468175.185,1784397468277,1784397488127.0,1784397488497.6848,101.815,19850.0,370.685,1784396588127.0,20322.5
ss-57-300000,1784397487525.21,1784397488079,1784397488127.0,1784397488497.6853,553.79,48.0,370.685,1784396588127.0,972.475
ss-26-300000,1784397487475.2122,1784397488079,1784397488127.0,1784397488497.6858,603.788,48.0,370.686,1784396588127.0,1022.474
ss-20-300000,1784397484975.2253,1784397485027,1784397488128.0,1784397488497.6868,51.775,3101.0,369.687,1784396588128.0,3522.461
ss-41-300000,1784397484125.2012,1784397485027,1784397488128.0,1784397488497.6873,901.799,3101.0,369.687,1784396588128.0,4372.486
ss-77-300000,1784397487875.2239,1784397488079,1784397488128.0,1784397488497.688,203.776,49.0,369.688,1784396588128.0,622.464
ss-3-300000,1784397483725.1921,1784397483977,1784397488128.0,1784397488497.6885,251.808,4151.0,369.688,1784396588128.0,4772.496
ss-55-300000,1784397483925.1958,1784397483977,1784397488128.0,1784397488497.689,51.804,4151.0,369.689,1784396588128.0,4572.493
ss-81-300000,1784397473275.1963,1784397473528,1784397488128.0,1784397488497.6895,252.804,14600.0,369.689,1784396588128.0,15222.493
ss-37-300000,1784397485975.225,1784397486077,1784397488128.0,1784397488497.6902,101.775,2051.0,369.69,1784396588128.0,2522.465
ss-17-300000,1784397474575.1938,1784397474578,1784397488128.0,1784397488497.6914,2.806,13550.0,369.691,1784396588128.0,13922.498
ss-15-300000,1784397486325.2417,1784397487127,1784397488128.0,1784397488497.692,801.758,1001.0,369.692,1784396588128.0,2172.45
ss-44-300000,1784397486375.2122,1784397487127,1784397488128.0,1784397488497.6924,751.788,1001.0,369.692,1784396588128.0,2122.48
ss-18-300000,1784397483575.1926,1784397483977,1784397488128.0,1784397488497.6934,401.807,4151.0,369.693,1784396588128.0,4922.501
ss-32-300000,1784397485275.216,1784397486077,1784397488129.0,1784397488497.6938,801.784,2052.0,368.694,1784396588129.0,3222.478
ss-96-300000,1784397487975.2246,1784397488079,1784397488129.0,1784397488497.6943,103.775,50.0,368.694,1784396588129.0,522.47
ss-95-300000,1784397481625.2212,1784397481877,1784397488129.0,1784397488497.6968,251.779,6252.0,368.697,1784396588129.0,6872.476
ss-53-300000,1784397485225.1929,1784397486077,1784397488129.0,1784397488497.6975,851.807,2052.0,368.698,1784396588129.0,3272.505
ss-94-300000,1784397478275.1907,1784397478727,1784397488129.0,1784397488497.712,451.809,9402.0,368.712,1784396588129.0,10222.521
ss-83-300000,1784397481925.2295,1784397482927,1784397488129.0,1784397488497.7126,1001.771,5202.0,368.713,1784396588129.0,6572.483
ss-62-300000,1784397477175.199,1784397477677,1784397488129.0,1784397488497.7131,501.801,10452.0,368.713,1784396588129.0,11322.514
ss-66-300000,1784397483825.2034,1784397483977,1784397488129.0,1784397488497.7139,151.797,4152.0,368.714,1784396588129.0,4672.51
ss-67-300000,1784397474325.2102,1784397474578,1784397488129.0,1784397488497.7144,252.79,13551.0,368.714,1784396588129.0,14172.504
ss-8-300000,1784397486275.2302,1784397487127,1784397488129.0,1784397488497.7146,851.77,1002.0,368.715,1784396588129.0,2222.484
ss-5-300000,1784397484775.2266,1784397485027,1784397488129.0,1784397488497.7178,251.773,3102.0,368.718,1784396588129.0,3722.491
ss-82-300000,1784397483325.2144,1784397483977,1784397488129.0,1784397488497.718,651.786,4152.0,368.718,1784396588129.0,5172.504
ss-11-300000,1784397486875.2126,1784397487127,1784397488130.0,1784397488497.7188,251.787,1003.0,367.719,1784396588130.0,1622.506
ss-42-300000,1784397480025.2131,1784397480828,1784397488130.0,1784397488497.7192,802.787,7302.0,367.719,1784396588130.0,8472.506
ss-69-300000,1784397476175.1897,1784397476634,1784397488130.0,1784397488497.7202,458.81,11496.0,367.72,1784396588130.0,12322.531
ss-85-300000,1784397486675.2134,1784397487127,1784397488130.0,1784397488497.7205,451.787,1003.0,367.72,1784396588130.0,1822.507
ss-30-300000,1784397487075.2043,1784397487127,1784397488130.0,1784397488497.721,51.796,1003.0,367.721,1784396588130.0,1422.517
ss-92-300000,1784397482675.1917,1784397482927,1784397488130.0,1784397488497.7214,251.808,5203.0,367.721,1784396588130.0,5822.53
ss-27-300000,1784397487925.2222,1784397488079,1784397488130.0,1784397488497.7217,153.778,51.0,367.722,1784396588130.0,572.5
ss-97-300000,1784397484725.2048,1784397485027,1784397488130.0,1784397488497.7222,301.795,3103.0,367.722,1784396588130.0,3772.517
ss-25-300000,1784397483475.2136,1784397483977,1784397488130.0,1784397488497.7227,501.786,4153.0,367.723,1784396588130.0,5022.509
ss-52-300000,1784397485575.213,1784397486077,1784397488130.0,1784397488497.7253,501.787,2053.0,367.725,1784396588130.0,2922.512
ss-73-300000,1784397481275.191,1784397481877,1784397488130.0,1784397488497.7258,601.809,6253.0,367.726,1784396588130.0,7222.535
ss-78-300000,1784397478125.1943,1784397478727,1784397488130.0,1784397488497.7263,601.806,9403.0,367.726,1784396588130.0,10372.532
ss-40-300000,1784397467875.3286,1784397468277,1784397488131.0,1784397488497.7266,401.671,19854.0,366.727,1784396588131.0,20622.398
ss-49-300000,1784397486175.2258,1784397487127,1784397488131.0,1784397488497.7297,951.774,1004.0,366.73,1784396588131.0,2322.504
ss-22-300000,1784397485825.2175,1784397486077,1784397488131.0,1784397488497.7305,251.782,2054.0,366.73,1784396588131.0,2672.513
ss-88-300000,1784397482725.192,1784397482927,1784397488131.0,1784397488497.7307,201.808,5204.0,366.731,1784396588131.0,5772.539
ss-87-300000,1784397480725.1958,1784397480828,1784397488131.0,1784397488497.7312,102.804,7303.0,366.731,1784396588131.0,7772.535
ss-76-300000,1784397487675.2368,1784397488079,1784397488131.0,1784397488497.7317,403.763,52.0,366.732,1784396588131.0,822.495
ss-60-300000,1784397487425.197,1784397488079,1784397488131.0,1784397488497.7358,653.803,52.0,366.736,1784396588131.0,1072.539
ss-56-300000,1784397487725.2292,1784397488079,1784397488131.0,1784397488497.8047,353.771,52.0,366.805,1784396588131.0,772.575
ss-34-300000,1784397486925.2114,1784397487127,1784397488131.0,1784397488497.8052,201.789,1004.0,366.805,1784396588131.0,1572.594
ss-13-300000,1784397478675.2126,1784397478727,1784397488131.0,1784397488497.8726,51.787,9404.0,366.873,1784396588131.0,9822.66
ss-36-300000,1784397486525.2258,1784397487127,1784397488131.0,1784397488497.8733,601.774,1004.0,366.873,1784396588131.0,1972.647
ss-46-300000,1784397481775.1936,1784397481877,1784397488132.0,1784397488497.8784,101.806,6255.0,365.878,1784396588132.0,6722.685
ss-89-300000,1784397472425.1995,1784397472477,1784397488132.0,1784397488497.8787,51.801,15655.0,365.879,1784396588132.0,16072.679
ss-54-300000,1784397480225.2043,1784397480828,1784397488132.0,1784397488497.8792,602.796,7304.0,365.879,1784396588132.0,8272.675
ss-93-300000,1784397471525.207,1784397472477,1784397488132.0,1784397488497.8794,951.793,15655.0,365.879,1784396588132.0,16972.672
ss-39-360000,1784397481825.2236,1784397481877,1784397488132.0,1784397488497.8796,51.776,6255.0,365.88,1784396528132.0,6672.656
ss-2-360000,1784397485725.201,1784397486077,1784397488132.0,1784397488497.88,351.799,2055.0,365.88,1784396528132.0,2772.679
ss-12-360000,1784397484375.199,1784397485027,1784397488132.0,1784397488497.8804,651.801,3105.0,365.88,1784396528132.0,4122.681
ss-21-360000,1784397484275.196,1784397485027,1784397488132.0,1784397488497.9634,751.804,3105.0,365.963,1784396528132.0,4222.767
ss-78-360000,1784397478125.1943,1784397478727,1784397488132.0,1784397488497.9646,601.806,9405.0,365.965,1784396528132.0,10372.77
ss-7-360000,1784397483975.1965,1784397483977,1784397488132.0,1784397488497.9656,1.803,4155.0,365.966,1784396528132.0,4522.769
ss-72-360000,1784397483275.2156,1784397483977,1784397488132.0,1784397488497.9668,701.784,4155.0,365.967,1784396528132.0,5222.751
ss-87-360000,1784397480725.1958,1784397480828,1784397488133.0,1784397488497.9673,102.804,7305.0,364.967,1784396528133.0,7772.771
ss-14-360000,1784397486075.2197,1784397486077,1784397488133.0,1784397488497.9678,1.78,2056.0,364.968,1784396528133.0,2422.748
ss-91-360000,1784397485675.2104,1784397486077,1784397488133.0,1784397488497.969,401.79,2056.0,364.969,1784396528133.0,2822.759
ss-98-360000,1784397484075.2078,1784397485027,1784397488133.0,1784397488497.9756,951.792,3106.0,364.976,1784396528133.0,4422.768
ss-9-360000,1784397483775.194,1784397483977,1784397488133.0,1784397488497.9785,201.806,4156.0,364.979,1784396528133.0,4722.784
ss-16-360000,1784397487575.1956,1784397488079,1784397488133.0,1784397488498.0688,503.804,54.0,365.069,1784396528133.0,922.873
ss-79-360000,1784397480575.2112,1784397480828,1784397488134.0,1784397488498.0698,252.789,7306.0,364.07,1784396528134.0,7922.859
ss-31-360000,1784397487825.2249,1784397488079,1784397488134.0,1784397488498.0706,253.775,55.0,364.071,1784396528134.0,672.846
ss-50-360000,1784397484675.1985,1784397485027,1784397488134.0,1784397488498.071,351.802,3107.0,364.071,1784396528134.0,3822.873
ss-28-360000,1784397484925.2314,1784397485027,1784397488134.0,1784397488498.0715,101.769,3107.0,364.072,1784396528134.0,3572.84
ss-63-360000,1784397485325.2021,1784397486077,1784397488134.0,1784397488498.0764,751.798,2057.0,364.076,1784396528134.0,3172.874
ss-51-360000,1784397487225.2065,1784397488079,1784397488134.0,1784397488498.0771,853.793,55.0,364.077,1784396528134.0,1272.871
ss-64-360000,1784397482325.2166,1784397482927,1784397488134.0,1784397488498.0776,601.783,5207.0,364.078,1784396528134.0,6172.861
ss-35-360000,1784397479025.2104,1784397479777,1784397488134.0,1784397488498.0781,751.79,8357.0,364.078,1784396528134.0,9472.868
ss-99-360000,1784397466775.2048,1784397467228,1784397488134.0,1784397488498.0828,452.795,20906.0,364.083,1784396528134.0,21722.878
ss-70-360000,1784397482925.202,1784397482927,1784397488134.0,1784397488498.0835,1.798,5207.0,364.083,1784396528134.0,5572.882
ss-80-360000,1784397487275.2014,1784397488079,1784397488134.0,1784397488498.0842,803.799,55.0,364.084,1784396528134.0,1222.883
ss-90-360000,1784397487625.232,1784397488079,1784397488135.0,1784397488498.0847,453.768,56.0,363.085,1784396528135.0,872.853
ss-59-360000,1784397483875.1934,1784397483977,1784397488135.0,1784397488498.0852,101.807,4158.0,363.085,1784396528135.0,4622.892
ss-45-360000,1784397485875.1992,1784397486077,1784397488135.0,1784397488498.0857,201.801,2058.0,363.086,1784396528135.0,2622.886
ss-48-360000,1784397471325.2095,1784397471427,1784397488135.0,1784397488498.0889,101.791,16708.0,363.089,1784396528135.0,17172.879
ss-58-360000,1784397485175.2126,1784397486077,1784397488135.0,1784397488498.1304,901.787,2058.0,363.13,1784396528135.0,3322.918
ss-29-360000,1784397481075.216,1784397481877,1784397488135.0,1784397488498.131,801.784,6258.0,363.131,1784396528135.0,7422.915
ss-84-360000,1784397477575.1943,1784397477677,1784397488135.0,1784397488498.1316,101.806,10458.0,363.132,1784396528135.0,10922.937
ss-74-360000,1784397487325.21,1784397488079,1784397488135.0,1784397488498.1318,753.79,56.0,363.132,1784396528135.0,1172.922
ss-38-360000,1784397487375.2017,1784397488079,1784397488135.0,1784397488498.1323,703.798,56.0,363.132,1784396528135.0,1122.931
ss-1-360000,1784397484025.1985,1784397485027,1784397488135.0,1784397488498.1326,1001.802,3108.0,363.133,1784396528135.0,4472.934
ss-75-360000,1784397485025.2312,1784397485027,1784397488135.0,1784397488498.1353,1.769,3108.0,363.135,1784396528135.0,3472.904
ss-23-360000,1784397485925.2078,1784397486077,1784397488135.0,1784397488498.1382,151.792,2058.0,363.138,1784396528135.0,2572.93
ss-33-360000,1784397468425.2048,1784397469327,1784397488135.0,1784397488498.1387,901.795,18808.0,363.139,1784396528135.0,20072.934
ss-4-360000,1784397486625.2136,1784397487127,1784397488136.0,1784397488498.139,501.786,1009.0,362.139,1784396528136.0,1872.925
ss-6-360000,1784397484825.2297,1784397485027,1784397488136.0,1784397488498.1394,201.77,3109.0,362.139,1784396528136.0,3672.91
ss-0-360000,1784397485125.2358,1784397486077,1784397488136.0,1784397488498.1396,951.764,2059.0,362.14,1784396528136.0,3372.904
ss-10-360000,1784397469475.1924,1784397470377,1784397488136.0,1784397488498.1423,901.808,17759.0,362.142,1784396528136.0,19022.95
ss-47-360000,1784397487775.23,1784397488079,1784397488136.0,1784397488498.1428,303.77,57.0,362.143,1784396528136.0,722.913
ss-56-360000,1784397487725.2292,1784397488079,1784397488136.0,1784397488498.1433,353.771,57.0,362.143,1784396528136.0,772.914
ss-65-360000,1784397483675.1958,1784397483977,1784397488136.0,1784397488498.1436,301.804,4159.0,362.144,1784396528136.0,4822.948
ss-43-360000,1784397486725.213,1784397487127,1784397488136.0,1784397488498.144,401.787,1009.0,362.144,1784396528136.0,1772.931
ss-86-360000,1784397488025.2083,1784397488079,1784397488136.0,1784397488498.1443,53.792,57.0,362.144,1784396528136.0,472.936
ss-61-360000,1784397468175.185,1784397468277,1784397488136.0,1784397488498.1448,101.815,19859.0,362.145,1784396528136.0,20322.96
ss-71-360000,1784397486025.2185,1784397486077,1784397488137.0,1784397488498.145,51.781,2060.0,361.145,1784396528137.0,2472.927
ss-57-360000,1784397487525.21,1784397488079,1784397488137.0,1784397488498.146,553.79,58.0,361.146,1784396528137.0,972.936
ss-26-360000,1784397487475.2122,1784397488079,1784397488137.0,1784397488498.1462,603.788,58.0,361.146,1784396528137.0,1022.934
ss-68-360000,1784397486125.2156,1784397487127,1784397488137.0,1784397488498.1467,1001.784,1010.0,361.147,1784396528137.0,2372.931
ss-55-360000,1784397483925.1958,1784397483977,1784397488137.0,1784397488498.1492,51.804,4160.0,361.149,1784396528137.0,4572.953
ss-20-360000,1784397484975.2253,1784397485027,1784397488137.0,1784397488498.1516,51.775,3110.0,361.152,1784396528137.0,3522.926
ss-60-360000,1784397487425.197,1784397488079,1784397488137.0,1784397488498.152,653.803,58.0,361.152,1784396528137.0,1072.955
ss-77-360000,1784397487875.2239,1784397488079,1784397488137.0,1784397488498.1523,203.776,58.0,361.152,1784396528137.0,622.928
ss-3-360000,1784397483725.1921,1784397483977,1784397488137.0,1784397488498.1602,251.808,4160.0,361.16,1784396528137.0,4772.968
ss-17-360000,1784397474575.1938,1784397474578,1784397488137.0,1784397488498.1606,2.806,13559.0,361.161,1784396528137.0,13922.967
ss-81-360000,1784397473275.1963,1784397473528,1784397488137.0,1784397488498.161,252.804,14609.0,361.161,1784396528137.0,15222.965
ss-15-360000,1784397486325.2417,1784397487127,1784397488137.0,1784397488498.1614,801.758,1010.0,361.161,1784396528137.0,2172.92
ss-44-360000,1784397486375.2122,1784397487127,1784397488138.0,1784397488498.1619,751.788,1011.0,360.162,1784396528138.0,2122.95
ss-37-360000,1784397485975.225,1784397486077,1784397488138.0,1784397488498.162,101.775,2061.0,360.162,1784396528138.0,2522.937
ss-18-360000,1784397483575.1926,1784397483977,1784397488138.0,1784397488498.1626,401.807,4161.0,360.163,1784396528138.0,4922.97
ss-96-360000,1784397487975.2246,1784397488079,1784397488138.0,1784397488498.1628,103.775,59.0,360.163,1784396528138.0,522.938
ss-95-360000,1784397481625.2212,1784397481877,1784397488138.0,1784397488498.1633,251.779,6261.0,360.163,1784396528138.0,6872.942
ss-94-360000,1784397478275.1907,1784397478727,1784397488138.0,1784397488498.1636,451.809,9411.0,360.164,1784396528138.0,10222.973
ss-53-360000,1784397485225.1929,1784397486077,1784397488138.0,1784397488498.1643,851.807,2061.0,360.164,1784396528138.0,3272.971
ss-62-360000,1784397477175.199,1784397477677,1784397488138.0,1784397488498.1648,501.801,10461.0,360.165,1784396528138.0,11322.966
ss-66-360000,1784397483825.2034,1784397483977,1784397488138.0,1784397488498.165,151.797,4161.0,360.165,1784396528138.0,4672.962
ss-67-360000,1784397474325.2102,1784397474578,1784397488138.0,1784397488498.1719,252.79,13560.0,360.172,1784396528138.0,14172.962
ss-5-360000,1784397484775.2266,1784397485027,1784397488138.0,1784397488498.176,251.773,3111.0,360.176,1784396528138.0,3722.949
ss-82-360000,1784397483325.2144,1784397483977,1784397488138.0,1784397488498.1765,651.786,4161.0,360.177,1784396528138.0,5172.962
ss-8-360000,1784397486275.2302,1784397487127,1784397488139.0,1784397488498.1768,851.77,1012.0,359.177,1784396528139.0,2222.947
ss-69-360000,1784397476175.1897,1784397476634,1784397488139.0,1784397488498.1904,458.81,11505.0,359.19,1784396528139.0,12323.001
ss-42-360000,1784397480025.2131,1784397480828,1784397488139.0,1784397488498.191,802.787,7311.0,359.191,1784396528139.0,8472.978
ss-85-360000,1784397486675.2134,1784397487127,1784397488139.0,1784397488498.1914,451.787,1012.0,359.191,1784396528139.0,1822.978
ss-83-360000,1784397481925.2295,1784397482927,1784397488139.0,1784397488498.1917,1001.771,5212.0,359.192,1784396528139.0,6572.962
ss-30-360000,1784397487075.2043,1784397487127,1784397488139.0,1784397488498.1921,51.796,1012.0,359.192,1784396528139.0,1422.988
ss-27-360000,1784397487925.2222,1784397488079,1784397488139.0,1784397488498.1926,153.778,60.0,359.193,1784396528139.0,572.97
ss-46-360000,1784397481775.1936,1784397481877,1784397488139.0,1784397488498.1929,101.806,6262.0,359.193,1784396528139.0,6722.999
ss-92-360000,1784397482675.1917,1784397482927,1784397488139.0,1784397488498.3108,251.808,5212.0,359.311,1784396528139.0,5823.119
ss-97-360000,1784397484725.2048,1784397485027,1784397488139.0,1784397488498.3123,301.795,3112.0,359.312,1784396528139.0,3773.107
ss-13-360000,1784397478675.2126,1784397478727,1784397488139.0,1784397488498.313,51.787,9412.0,359.313,1784396528139.0,9823.1
ss-73-360000,1784397481275.191,1784397481877,1784397488139.0,1784397488498.3135,601.809,6262.0,359.313,1784396528139.0,7223.123
ss-52-360000,1784397485575.213,1784397486077,1784397488139.0,1784397488498.3137,501.787,2062.0,359.314,1784396528139.0,2923.101
ss-11-360000,1784397486875.2126,1784397487127,1784397488139.0,1784397488498.3145,251.787,1012.0,359.314,1784396528139.0,1623.102
ss-89-360000,1784397472425.1995,1784397472477,1784397488140.0,1784397488498.3147,51.801,15663.0,358.315,1784396528140.0,16073.115
ss-41-360000,1784397484125.2012,1784397485027,1784397488140.0,1784397488498.3154,901.799,3113.0,358.315,1784396528140.0,4373.114
ss-22-360000,1784397485825.2175,1784397486077,1784397488140.0,1784397488498.316,251.782,2063.0,358.316,1784396528140.0,2673.098
ss-32-360000,1784397485275.216,1784397486077,1784397488140.0,1784397488498.3162,801.784,2063.0,358.316,1784396528140.0,3223.1
ss-76-360000,1784397487675.2368,1784397488079,1784397488140.0,1784397488498.3164,403.763,61.0,358.316,1784396528140.0,823.08
ss-19-360000,1784397486775.2139,1784397487127,1784397488140.0,1784397488498.325,351.786,1013.0,358.325,1784396528140.0,1723.111
ss-40-360000,1784397467875.3286,1784397468277,1784397488140.0,1784397488498.3257,401.671,19863.0,358.326,1784396528140.0,20622.997
ss-49-360000,1784397486175.2258,1784397487127,1784397488140.0,1784397488498.3286,951.774,1013.0,358.329,1784396528140.0,2323.103
ss-36-360000,1784397486525.2258,1784397487127,1784397488140.0,1784397488498.33,601.774,1013.0,358.33,1784396528140.0,1973.104
ss-34-360000,1784397486925.2114,1784397487127,1784397488140.0,1784397488498.3306,201.789,1013.0,358.331,1784396528140.0,1573.119
ss-88-360000,1784397482725.192,1784397482927,1784397488140.0,1784397488498.331,201.808,5213.0,358.331,1784396528140.0,5773.139
ss-25-360000,1784397483475.2136,1784397483977,1784397488140.0,1784397488498.334,501.786,4163.0,358.334,1784396528140.0,5023.12
ss-93-360000,1784397471525.207,1784397472477,1784397488141.0,1784397488498.3345,951.793,15664.0,357.334,1784396528141.0,16973.127
ss-54-360000,1784397480225.2043,1784397480828,1784397488141.0,1784397488498.335,602.796,7313.0,357.335,1784396528141.0,8273.131
ss-24-360000,1784397486475.2207,1784397487127,1784397488141.0,1784397488498.338,651.779,1014.0,357.338,1784396528141.0,2023.117
ss-39-420000,1784397481825.2236,1784397481877,1784397488141.0,1784397488498.3384,51.776,6264.0,357.338,1784396468141.0,6673.115
ss-7-420000,1784397483975.1965,1784397483977,1784397488141.0,1784397488498.3389,1.803,4164.0,357.339,1784396468141.0,4523.142
ss-2-420000,1784397485725.201,1784397486077,1784397488141.0,1784397488498.3394,351.799,2064.0,357.339,1784396468141.0,2773.138
ss-12-420000,1784397484375.199,1784397485027,1784397488141.0,1784397488498.3396,651.801,3114.0,357.34,1784396468141.0,4123.141
ss-21-420000,1784397484275.196,1784397485027,1784397488141.0,1784397488498.34,751.804,3114.0,357.34,1784396468141.0,4223.144
ss-72-420000,1784397483275.2156,1784397483977,1784397488141.0,1784397488498.3496,701.784,4164.0,357.35,1784396468141.0,5223.134
ss-60-420000,1784397487425.197,1784397488079,1784397488141.0,1784397488498.35,653.803,62.0,357.35,1784396468141.0,1073.153
ss-9-420000,1784397483775.194,1784397483977,1784397488141.0,1784397488498.3506,201.806,4164.0,357.351,1784396468141.0,4723.156
ss-14-420000,1784397486075.2197,1784397486077,1784397488142.0,1784397488498.3513,1.78,2065.0,356.351,1784396468142.0,2423.132
ss-91-420000,1784397485675.2104,1784397486077,1784397488142.0,1784397488498.3516,401.79,2065.0,356.352,1784396468142.0,2823.141
ss-98-420000,1784397484075.2078,1784397485027,1784397488142.0,1784397488498.352,951.792,3115.0,356.352,1784396468142.0,4423.144
ss-16-420000,1784397487575.1956,1784397488079,1784397488142.0,1784397488498.3525,503.804,63.0,356.353,1784396468142.0,923.157
ss-79-420000,1784397480575.2112,1784397480828,1784397488142.0,1784397488498.3684,252.789,7314.0,356.368,1784396468142.0,7923.157
ss-31-420000,1784397487825.2249,1784397488079,1784397488142.0,1784397488498.39,253.775,63.0,356.39,1784396468142.0,673.165
ss-41-420000,1784397484125.2012,1784397485027,1784397488142.0,1784397488498.3904,901.799,3115.0,356.39,1784396468142.0,4373.189
ss-28-420000,1784397484925.2314,1784397485027,1784397488142.0,1784397488498.3909,101.769,3115.0,356.391,1784396468142.0,3573.159
ss-50-420000,1784397484675.1985,1784397485027,1784397488142.0,1784397488498.3914,351.802,3115.0,356.391,1784396468142.0,3823.193
ss-63-420000,1784397485325.2021,1784397486077,1784397488142.0,1784397488498.3923,751.798,2065.0,356.392,1784396468142.0,3173.19
ss-30-420000,1784397487075.2043,1784397487127,1784397488142.0,1784397488498.3928,51.796,1015.0,356.393,1784396468142.0,1423.188
ss-64-420000,1784397482325.2166,1784397482927,1784397488142.0,1784397488498.4165,601.783,5215.0,356.417,1784396468142.0,6173.2
ss-51-420000,1784397487225.2065,1784397488079,1784397488143.0,1784397488498.417,853.793,64.0,355.417,1784396468143.0,1273.21
ss-35-420000,1784397479025.2104,1784397479777,1784397488143.0,1784397488498.4175,751.79,8366.0,355.417,1784396468143.0,9473.207
ss-99-420000,1784397466775.2048,1784397467228,1784397488143.0,1784397488498.418,452.795,20915.0,355.418,1784396468143.0,21723.213
ss-70-420000,1784397482925.202,1784397482927,1784397488143.0,1784397488498.4185,1.798,5216.0,355.418,1784396468143.0,5573.217
ss-80-420000,1784397487275.2014,1784397488079,1784397488143.0,1784397488498.4187,803.799,64.0,355.419,1784396468143.0,1223.217
ss-90-420000,1784397487625.232,1784397488079,1784397488143.0,1784397488498.4192,453.768,64.0,355.419,1784396468143.0,873.187
ss-42-420000,1784397480025.2131,1784397480828,1784397488143.0,1784397488498.4443,802.787,7315.0,355.444,1784396468143.0,8473.231
ss-59-420000,1784397483875.1934,1784397483977,1784397488143.0,1784397488498.4448,101.807,4166.0,355.445,1784396468143.0,4623.251
ss-45-420000,1784397485875.1992,1784397486077,1784397488143.0,1784397488498.445,201.801,2066.0,355.445,1784396468143.0,2623.246
ss-48-420000,1784397471325.2095,1784397471427,1784397488143.0,1784397488498.4456,101.791,16716.0,355.446,1784396468143.0,17173.236
ss-58-420000,1784397485175.2126,1784397486077,1784397488143.0,1784397488498.531,901.787,2066.0,355.531,1784396468143.0,3323.318
ss-29-420000,1784397481075.216,1784397481877,1784397488143.0,1784397488498.5325,801.784,6266.0,355.532,1784396468143.0,7423.316
ss-74-420000,1784397487325.21,1784397488079,1784397488143.0,1784397488498.5332,753.79,64.0,355.533,1784396468143.0,1173.323
ss-84-420000,1784397477575.1943,1784397477677,1784397488144.0,1784397488498.5342,101.806,10467.0,354.534,1784396468144.0,10923.34
ss-38-420000,1784397487375.2017,1784397488079,1784397488144.0,1784397488498.535,703.798,65.0,354.535,1784396468144.0,1123.333
ss-1-420000,1784397484025.1985,1784397485027,1784397488144.0,1784397488498.5354,1001.802,3117.0,354.535,1784396468144.0,4473.337
ss-4-420000,1784397486625.2136,1784397487127,1784397488144.0,1784397488498.5417,501.786,1017.0,354.542,1784396468144.0,1873.328
ss-75-420000,1784397485025.2312,1784397485027,1784397488144.0,1784397488498.5515,1.769,3117.0,354.552,1784396468144.0,3473.32
ss-23-420000,1784397485925.2078,1784397486077,1784397488144.0,1784397488498.5522,151.792,2067.0,354.552,1784396468144.0,2573.344
ss-82-420000,1784397483325.2144,1784397483977,1784397488144.0,1784397488498.5525,651.786,4167.0,354.552,1784396468144.0,5173.338
ss-33-420000,1784397468425.2048,1784397469327,1784397488144.0,1784397488498.5532,901.795,18817.0,354.553,1784396468144.0,20073.348
ss-6-420000,1784397484825.2297,1784397485027,1784397488144.0,1784397488498.5537,201.77,3117.0,354.554,1784396468144.0,3673.324
ss-0-420000,1784397485125.2358,1784397486077,1784397488144.0,1784397488498.5544,951.764,2067.0,354.554,1784396468144.0,3373.319
ss-10-420000,1784397469475.1924,1784397470377,1784397488144.0,1784397488498.5552,901.808,17767.0,354.555,1784396468144.0,19023.363
ss-68-420000,1784397486125.2156,1784397487127,1784397488144.0,1784397488498.5583,1001.784,1017.0,354.558,1784396468144.0,2373.343
ss-47-420000,1784397487775.23,1784397488079,1784397488145.0,1784397488498.5588,303.77,66.0,353.559,1784396468145.0,723.329
ss-65-420000,1784397483675.1958,1784397483977,1784397488145.0,1784397488498.5593,301.804,4168.0,353.559,1784396468145.0,4823.364
ss-43-420000,1784397486725.213,1784397487127,1784397488145.0,1784397488498.7886,401.787,1018.0,353.789,1784396468145.0,1773.576
ss-86-420000,1784397488025.2083,1784397488079,1784397488145.0,1784397488498.7898,53.792,66.0,353.79,1784396468145.0,473.582
ss-71-420000,1784397486025.2185,1784397486077,1784397488145.0,1784397488498.7903,51.781,2068.0,353.79,1784396468145.0,2473.572
ss-61-420000,1784397468175.185,1784397468277,1784397488145.0,1784397488498.7908,101.815,19868.0,353.791,1784396468145.0,20323.606
ss-57-420000,1784397487525.21,1784397488079,1784397488145.0,1784397488498.7915,553.79,66.0,353.792,1784396468145.0,973.582
ss-55-420000,1784397483925.1958,1784397483977,1784397488145.0,1784397488498.852,51.804,4168.0,353.852,1784396468145.0,4573.656
ss-26-420000,1784397487475.2122,1784397488079,1784397488145.0,1784397488498.8525,603.788,66.0,353.853,1784396468145.0,1023.64
ss-20-420000,1784397484975.2253,1784397485027,1784397488145.0,1784397488498.8535,51.775,3118.0,353.854,1784396468145.0,3523.628
ss-77-420000,1784397487875.2239,1784397488079,1784397488145.0,1784397488498.854,203.776,66.0,353.854,1784396468145.0,623.63
ss-3-420000,1784397483725.1921,1784397483977,1784397488146.0,1784397488498.8542,251.808,4169.0,352.854,1784396468146.0,4773.662
ss-40-420000,1784397467875.3286,1784397468277,1784397488146.0,1784397488498.855,401.671,19869.0,352.855,1784396468146.0,20623.526
ss-17-420000,1784397474575.1938,1784397474578,1784397488146.0,1784397488498.8555,2.806,13568.0,352.855,1784396468146.0,13923.662
ss-83-420000,1784397481925.2295,1784397482927,1784397488146.0,1784397488498.861,1001.771,5219.0,352.861,1784396468146.0,6573.632
ss-81-420000,1784397473275.1963,1784397473528,1784397488146.0,1784397488498.8618,252.804,14618.0,352.862,1784396468146.0,15223.666
ss-15-420000,1784397486325.2417,1784397487127,1784397488146.0,1784397488498.8623,801.758,1019.0,352.862,1784396468146.0,2173.621
ss-44-420000,1784397486375.2122,1784397487127,1784397488146.0,1784397488498.8652,751.788,1019.0,352.865,1784396468146.0,2123.653
ss-37-420000,1784397485975.225,1784397486077,1784397488146.0,1784397488498.8655,101.775,2069.0,352.865,1784396468146.0,2523.64
ss-18-420000,1784397483575.1926,1784397483977,1784397488146.0,1784397488498.8665,401.807,4169.0,352.866,1784396468146.0,4923.674
ss-96-420000,1784397487975.2246,1784397488079,1784397488146.0,1784397488498.8667,103.775,67.0,352.867,1784396468146.0,523.642
ss-95-420000,1784397481625.2212,1784397481877,1784397488146.0,1784397488498.8674,251.779,6269.0,352.867,1784396468146.0,6873.646
ss-53-420000,1784397485225.1929,1784397486077,1784397488146.0,1784397488498.868,851.807,2069.0,352.868,1784396468146.0,3273.675
ss-76-420000,1784397487675.2368,1784397488079,1784397488146.0,1784397488498.8684,403.763,67.0,352.868,1784396468146.0,823.632
ss-94-420000,1784397478275.1907,1784397478727,1784397488147.0,1784397488498.8691,451.809,9420.0,351.869,1784396468147.0,10223.678
ss-62-420000,1784397477175.199,1784397477677,1784397488147.0,1784397488498.8694,501.801,10470.0,351.869,1784396468147.0,11323.67
ss-66-420000,1784397483825.2034,1784397483977,1784397488147.0,1784397488498.8699,151.797,4170.0,351.87,1784396468147.0,4673.667
ss-8-420000,1784397486275.2302,1784397487127,1784397488147.0,1784397488498.8875,851.77,1020.0,351.887,1784396468147.0,2223.657
ss-32-420000,1784397485275.216,1784397486077,1784397488147.0,1784397488498.8887,801.784,2070.0,351.889,1784396468147.0,3223.673
ss-67-420000,1784397474325.2102,1784397474578,1784397488147.0,1784397488498.8892,252.79,13569.0,351.889,1784396468147.0,14173.679
ss-27-420000,1784397487925.2222,1784397488079,1784397488147.0,1784397488498.8896,153.778,68.0,351.89,1784396468147.0,573.667
ss-5-420000,1784397484775.2266,1784397485027,1784397488147.0,1784397488498.89,251.773,3120.0,351.89,1784396468147.0,3723.663
ss-69-420000,1784397476175.1897,1784397476634,1784397488147.0,1784397488498.8904,458.81,11513.0,351.89,1784396468147.0,12323.701
ss-46-420000,1784397481775.1936,1784397481877,1784397488147.0,1784397488498.8906,101.806,6270.0,351.891,1784396468147.0,6723.697
ss-85-420000,1784397486675.2134,1784397487127,1784397488147.0,1784397488498.891,451.787,1020.0,351.891,1784396468147.0,1823.678
ss-92-420000,1784397482675.1917,1784397482927,1784397488147.0,1784397488498.8916,251.808,5220.0,351.892,1784396468147.0,5823.7
ss-87-420000,1784397480725.1958,1784397480828,1784397488147.0,1784397488498.8918,102.804,7319.0,351.892,1784396468147.0,7773.696
ss-97-420000,1784397484725.2048,1784397485027,1784397488147.0,1784397488498.8948,301.795,3120.0,351.895,1784396468147.0,3773.69
ss-19-420000,1784397486775.2139,1784397487127,1784397488147.0,1784397488498.8953,351.786,1020.0,351.895,1784396468147.0,1723.681
ss-52-420000,1784397485575.213,1784397486077,1784397488148.0,1784397488498.8958,501.787,2071.0,350.896,1784396468148.0,2923.683
ss-73-420000,1784397481275.191,1784397481877,1784397488148.0,1784397488498.896,601.809,6271.0,350.896,1784396468148.0,7223.705
ss-78-420000,1784397478125.1943,1784397478727,1784397488148.0,1784397488498.8987,601.806,9421.0,350.899,1784396468148.0,10373.704
ss-11-420000,1784397486875.2126,1784397487127,1784397488148.0,1784397488498.8992,251.787,1021.0,350.899,1784396468148.0,1623.687
ss-54-420000,1784397480225.2043,1784397480828,1784397488148.0,1784397488498.8994,602.796,7320.0,350.899,1784396468148.0,8273.695
ss-22-420000,1784397485825.2175,1784397486077,1784397488148.0,1784397488498.903,251.782,2071.0,350.903,1784396468148.0,2673.686
ss-88-420000,1784397482725.192,1784397482927,1784397488148.0,1784397488498.906,201.808,5221.0,350.906,1784396468148.0,5773.714
ss-25-420000,1784397483475.2136,1784397483977,1784397488148.0,1784397488498.9065,501.786,4171.0,350.906,1784396468148.0,5023.693
ss-89-420000,1784397472425.1995,1784397472477,1784397488148.0,1784397488498.907,51.801,15671.0,350.907,1784396468148.0,16073.708
ss-56-420000,1784397487725.2292,1784397488079,1784397488148.0,1784397488498.9097,353.771,69.0,350.91,1784396468148.0,773.68
ss-34-420000,1784397486925.2114,1784397487127,1784397488148.0,1784397488498.91,201.789,1021.0,350.91,1784396468148.0,1573.698
ss-36-420000,1784397486525.2258,1784397487127,1784397488148.0,1784397488498.9104,601.774,1021.0,350.91,1784396468148.0,1973.685
ss-13-420000,1784397478675.2126,1784397478727,1784397488148.0,1784397488498.911,51.787,9421.0,350.911,1784396468148.0,9823.698
ss-49-420000,1784397486175.2258,1784397487127,1784397488148.0,1784397488498.9111,951.774,1021.0,350.911,1784396468148.0,2323.685
ss-93-420000,1784397471525.207,1784397472477,1784397488149.0,1784397488498.912,951.793,15672.0,349.912,1784396468149.0,16973.705
ss-24-420000,1784397486475.2207,1784397487127,1784397488149.0,1784397488498.92,651.779,1022.0,349.92,1784396468149.0,2023.699
ss-39-480000,1784397481825.2236,1784397481877,1784397488149.0,1784397488498.9202,51.776,6272.0,349.92,1784396408149.0,6673.697
ss-9-480000,1784397483775.194,1784397483977,1784397488149.0,1784397488498.921,201.806,4172.0,349.921,1784396408149.0,4723.727
ss-2-480000,1784397485725.201,1784397486077,1784397488149.0,1784397488498.9211,351.799,2072.0,349.921,1784396408149.0,2773.72
ss-97-480000,1784397484725.2048,1784397485027,1784397488149.0,1784397488498.9216,301.795,3122.0,349.922,1784396408149.0,3773.717
ss-12-480000,1784397484375.199,1784397485027,1784397488149.0,1784397488498.9219,651.801,3122.0,349.922,1784396408149.0,4123.723
ss-72-480000,1784397483275.2156,1784397483977,1784397488149.0,1784397488498.9224,701.784,4172.0,349.922,1784396408149.0,5223.707
ss-21-480000,1784397484275.196,1784397485027,1784397488149.0,1784397488498.9229,751.804,3122.0,349.923,1784396408149.0,4223.727
ss-37-480000,1784397485975.225,1784397486077,1784397488149.0,1784397488498.923,101.775,2072.0,349.923,1784396408149.0,2523.698
ss-14-480000,1784397486075.2197,1784397486077,1784397488149.0,1784397488498.9236,1.78,2072.0,349.924,1784396408149.0,2423.704
ss-91-480000,1784397485675.2104,1784397486077,1784397488149.0,1784397488498.9265,401.79,2072.0,349.927,1784396408149.0,2823.716
ss-98-480000,1784397484075.2078,1784397485027,1784397488149.0,1784397488498.927,951.792,3122.0,349.927,1784396408149.0,4423.719
ss-16-480000,1784397487575.1956,1784397488079,1784397488150.0,1784397488498.9275,503.804,71.0,348.927,1784396408150.0,923.732
ss-79-480000,1784397480575.2112,1784397480828,1784397488150.0,1784397488498.928,252.789,7322.0,348.928,1784396408150.0,7923.717
ss-28-480000,1784397484925.2314,1784397485027,1784397488150.0,1784397488498.931,101.769,3123.0,348.931,1784396408150.0,3573.699
ss-31-480000,1784397487825.2249,1784397488079,1784397488150.0,1784397488498.9314,253.775,71.0,348.931,1784396408150.0,673.707
ss-50-480000,1784397484675.1985,1784397485027,1784397488150.0,1784397488498.932,351.802,3123.0,348.932,1784396408150.0,3823.733
ss-64-480000,1784397482325.2166,1784397482927,1784397488150.0,1784397488498.9324,601.783,5223.0,348.932,1784396408150.0,6173.716
ss-63-480000,1784397485325.2021,1784397486077,1784397488150.0,1784397488498.9329,751.798,2073.0,348.933,1784396408150.0,3173.731
ss-51-480000,1784397487225.2065,1784397488079,1784397488150.0,1784397488498.9333,853.793,71.0,348.933,1784396408150.0,1273.727
ss-35-480000,1784397479025.2104,1784397479777,1784397488150.0,1784397488498.9336,751.79,8373.0,348.934,1784396408150.0,9473.723
ss-99-480000,1784397466775.2048,1784397467228,1784397488150.0,1784397488498.934,452.795,20922.0,348.934,1784396408150.0,21723.729
ss-80-480000,1784397487275.2014,1784397488079,1784397488150.0,1784397488498.9343,803.799,71.0,348.934,1784396408150.0,1223.733
ss-70-480000,1784397482925.202,1784397482927,1784397488150.0,1784397488498.9348,1.798,5223.0,348.935,1784396408150.0,5573.733
ss-90-480000,1784397487625.232,1784397488079,1784397488150.0,1784397488498.9353,453.768,71.0,348.935,1784396408150.0,873.703
ss-59-480000,1784397483875.1934,1784397483977,1784397488151.0,1784397488498.9355,101.807,4174.0,347.936,1784396408151.0,4623.742
ss-77-480000,1784397487875.2239,1784397488079,1784397488151.0,1784397488498.9465,203.776,72.0,347.947,1784396408151.0,623.723
ss-45-480000,1784397485875.1992,1784397486077,1784397488151.0,1784397488498.947,201.801,2074.0,347.947,1784396408151.0,2623.748
ss-41-480000,1784397484125.2012,1784397485027,1784397488151.0,1784397488498.9473,901.799,3124.0,347.947,1784396408151.0,4373.746
ss-48-480000,1784397471325.2095,1784397471427,1784397488151.0,1784397488498.9502,101.791,16724.0,347.95,1784396408151.0,17173.741
ss-58-480000,1784397485175.2126,1784397486077,1784397488151.0,1784397488498.9507,901.787,2074.0,347.951,1784396408151.0,3323.738
ss-74-480000,1784397487325.21,1784397488079,1784397488151.0,1784397488498.9512,753.79,72.0,347.951,1784396408151.0,1173.741
ss-29-480000,1784397481075.216,1784397481877,1784397488151.0,1784397488498.9517,801.784,6274.0,347.952,1784396408151.0,7423.736
ss-4-480000,1784397486625.2136,1784397487127,1784397488151.0,1784397488498.952,501.786,1024.0,347.952,1784396408151.0,1873.738
ss-84-480000,1784397477575.1943,1784397477677,1784397488151.0,1784397488498.9524,101.806,10474.0,347.952,1784396408151.0,10923.758
ss-38-480000,1784397487375.2017,1784397488079,1784397488151.0,1784397488498.953,703.798,72.0,347.953,1784396408151.0,1123.751
ss-1-480000,1784397484025.1985,1784397485027,1784397488151.0,1784397488498.9531,1001.802,3124.0,347.953,1784396408151.0,4473.755
ss-68-480000,1784397486125.2156,1784397487127,1784397488152.0,1784397488498.9536,1001.784,1025.0,346.954,1784396408152.0,2373.738
ss-75-480000,1784397485025.2312,1784397485027,1784397488152.0,1784397488498.954,1.769,3125.0,346.954,1784396408152.0,3473.723
ss-23-480000,1784397485925.2078,1784397486077,1784397488152.0,1784397488498.9546,151.792,2075.0,346.955,1784396408152.0,2573.747
ss-6-480000,1784397484825.2297,1784397485027,1784397488152.0,1784397488498.9548,201.77,3125.0,346.955,1784396408152.0,3673.725
ss-33-480000,1784397468425.2048,1784397469327,1784397488152.0,1784397488498.9553,901.795,18825.0,346.955,1784396408152.0,20073.75
ss-0-480000,1784397485125.2358,1784397486077,1784397488152.0,1784397488498.9556,951.764,2075.0,346.956,1784396408152.0,3373.72
ss-57-480000,1784397487525.21,1784397488079,1784397488152.0,1784397488498.956,553.79,73.0,346.956,1784396408152.0,973.746
ss-10-480000,1784397469475.1924,1784397470377,1784397488152.0,1784397488498.9565,901.808,17775.0,346.957,1784396408152.0,19023.764
ss-47-480000,1784397487775.23,1784397488079,1784397488152.0,1784397488498.957,303.77,73.0,346.957,1784396408152.0,723.727
ss-13-480000,1784397478675.2126,1784397478727,1784397488152.0,1784397488498.9622,51.787,9425.0,346.962,1784396408152.0,9823.75
ss-83-480000,1784397481925.2295,1784397482927,1784397488152.0,1784397488498.9626,1001.771,5225.0,346.963,1784396408152.0,6573.733
ss-65-480000,1784397483675.1958,1784397483977,1784397488152.0,1784397488498.963,301.804,4175.0,346.963,1784396408152.0,4823.767
ss-43-480000,1784397486725.213,1784397487127,1784397488153.0,1784397488498.9634,401.787,1026.0,345.963,1784396408153.0,1773.75
ss-71-480000,1784397486025.2185,1784397486077,1784397488153.0,1784397488498.9636,51.781,2076.0,345.964,1784396408153.0,2473.745
ss-86-480000,1784397488025.2083,1784397488079,1784397488153.0,1784397488498.964,53.792,74.0,345.964,1784396408153.0,473.756
ss-55-480000,1784397483925.1958,1784397483977,1784397488153.0,1784397488498.9644,51.804,4176.0,345.964,1784396408153.0,4573.769
ss-61-480000,1784397468175.185,1784397468277,1784397488153.0,1784397488498.9683,101.815,19876.0,345.968,1784396408153.0,20323.783
ss-5-480000,1784397484775.2266,1784397485027,1784397488153.0,1784397488498.9722,251.773,3126.0,345.972,1784396408153.0,3723.746
ss-34-480000,1784397486925.2114,1784397487127,1784397488153.0,1784397488498.976,201.789,1026.0,345.976,1784396408153.0,1573.765
ss-26-480000,1784397487475.2122,1784397488079,1784397488153.0,1784397488499.0435,603.788,74.0,346.043,1784396408153.0,1023.831
ss-20-480000,1784397484975.2253,1784397485027,1784397488153.0,1784397488499.0442,51.775,3126.0,346.044,1784396408153.0,3523.819
ss-17-480000,1784397474575.1938,1784397474578,1784397488153.0,1784397488499.0447,2.806,13575.0,346.045,1784396408153.0,13923.851
ss-3-480000,1784397483725.1921,1784397483977,1784397488153.0,1784397488499.0452,251.808,4176.0,346.045,1784396408153.0,4773.853
ss-27-480000,1784397487925.2222,1784397488079,1784397488153.0,1784397488499.0457,153.778,74.0,346.046,1784396408153.0,573.823
ss-76-480000,1784397487675.2368,1784397488079,1784397488153.0,1784397488499.0461,403.763,74.0,346.046,1784396408153.0,823.809
ss-81-480000,1784397473275.1963,1784397473528,1784397488154.0,1784397488499.0469,252.804,14626.0,345.047,1784396408154.0,15223.851
ss-15-480000,1784397486325.2417,1784397487127,1784397488154.0,1784397488499.0474,801.758,1027.0,345.047,1784396408154.0,2173.806
ss-44-480000,1784397486375.2122,1784397487127,1784397488154.0,1784397488499.0479,751.788,1027.0,345.048,1784396408154.0,2123.836
ss-19-480000,1784397486775.2139,1784397487127,1784397488154.0,1784397488499.048,351.786,1027.0,345.048,1784396408154.0,1723.834
ss-18-480000,1784397483575.1926,1784397483977,1784397488154.0,1784397488499.0667,401.807,4177.0,345.067,1784396408154.0,4923.874
ss-96-480000,1784397487975.2246,1784397488079,1784397488154.0,1784397488499.074,103.775,75.0,345.074,1784396408154.0,523.849
ss-53-480000,1784397485225.1929,1784397486077,1784397488154.0,1784397488499.0747,851.807,2077.0,345.075,1784396408154.0,3273.882
ss-95-480000,1784397481625.2212,1784397481877,1784397488154.0,1784397488499.0752,251.779,6277.0,345.075,1784396408154.0,6873.854
ss-8-480000,1784397486275.2302,1784397487127,1784397488154.0,1784397488499.0938,851.77,1027.0,345.094,1784396408154.0,2223.864
ss-94-480000,1784397478275.1907,1784397478727,1784397488154.0,1784397488499.0942,451.809,9427.0,345.094,1784396408154.0,10223.904
ss-62-480000,1784397477175.199,1784397477677,1784397488154.0,1784397488499.0947,501.801,10477.0,345.095,1784396408154.0,11323.896
ss-66-480000,1784397483825.2034,1784397483977,1784397488155.0,1784397488499.0952,151.797,4178.0,344.095,1784396408155.0,4673.892
ss-7-480000,1784397483975.1965,1784397483977,1784397488155.0,1784397488499.1023,1.803,4178.0,344.102,1784396408155.0,4523.906
ss-46-480000,1784397481775.1936,1784397481877,1784397488155.0,1784397488499.1028,101.806,6278.0,344.103,1784396408155.0,6723.909
ss-67-480000,1784397474325.2102,1784397474578,1784397488155.0,1784397488499.103,252.79,13577.0,344.103,1784396408155.0,14173.893
ss-69-480000,1784397476175.1897,1784397476634,1784397488155.0,1784397488499.1035,458.81,11521.0,344.104,1784396408155.0,12323.914
ss-82-480000,1784397483325.2144,1784397483977,1784397488155.0,1784397488499.104,651.786,4178.0,344.104,1784396408155.0,5173.89
ss-42-480000,1784397480025.2131,1784397480828,1784397488155.0,1784397488499.1067,802.787,7327.0,344.107,1784396408155.0,8473.894
ss-85-480000,1784397486675.2134,1784397487127,1784397488155.0,1784397488499.1245,451.787,1028.0,344.125,1784396408155.0,1823.911
ss-30-480000,1784397487075.2043,1784397487127,1784397488155.0,1784397488499.125,51.796,1028.0,344.125,1784396408155.0,1423.921
ss-92-480000,1784397482675.1917,1784397482927,1784397488155.0,1784397488499.1255,251.808,5228.0,344.125,1784396408155.0,5823.934
ss-73-480000,1784397481275.191,1784397481877,1784397488155.0,1784397488499.1257,601.809,6278.0,344.126,1784396408155.0,7223.935
ss-25-480000,1784397483475.2136,1784397483977,1784397488155.0,1784397488499.1262,501.786,4178.0,344.126,1784396408155.0,5023.913
ss-11-480000,1784397486875.2126,1784397487127,1784397488155.0,1784397488499.185,251.787,1028.0,344.185,1784396408155.0,1623.972
ss-78-480000,1784397478125.1943,1784397478727,1784397488156.0,1784397488499.1855,601.806,9429.0,343.186,1784396408156.0,10373.991
ss-40-480000,1784397467875.3286,1784397468277,1784397488156.0,1784397488499.186,401.671,19879.0,343.186,1784396408156.0,20623.857
ss-22-480000,1784397485825.2175,1784397486077,1784397488156.0,1784397488499.1863,251.782,2079.0,343.186,1784396408156.0,2673.969
ss-88-480000,1784397482725.192,1784397482927,1784397488156.0,1784397488499.1868,201.808,5229.0,343.187,1784396408156.0,5773.995
ss-87-480000,1784397480725.1958,1784397480828,1784397488156.0,1784397488499.1873,102.804,7328.0,343.187,1784396408156.0,7773.991
ss-32-480000,1784397485275.216,1784397486077,1784397488156.0,1784397488499.192,801.784,2079.0,343.192,1784396408156.0,3223.976
ss-56-480000,1784397487725.2292,1784397488079,1784397488156.0,1784397488499.2,353.771,77.0,343.2,1784396408156.0,773.971
ss-60-480000,1784397487425.197,1784397488079,1784397488156.0,1784397488499.2002,653.803,77.0,343.2,1784396408156.0,1074.003
ss-54-480000,1784397480225.2043,1784397480828,1784397488156.0,1784397488499.2007,602.796,7328.0,343.201,1784396408156.0,8273.996
ss-36-480000,1784397486525.2258,1784397487127,1784397488156.0,1784397488499.201,601.774,1029.0,343.201,1784396408156.0,1973.975
ss-52-480000,1784397485575.213,1784397486077,1784397488156.0,1784397488499.2014,501.787,2079.0,343.201,1784396408156.0,2923.989
ss-49-480000,1784397486175.2258,1784397487127,1784397488156.0,1784397488499.2065,951.774,1029.0,343.207,1784396408156.0,2323.981
ss-93-480000,1784397471525.207,1784397472477,1784397488156.0,1784397488499.2102,951.793,15679.0,343.21,1784396408156.0,16974.003
ss-24-480000,1784397486475.2207,1784397487127,1784397488156.0,1784397488499.2107,651.779,1029.0,343.211,1784396408156.0,2023.99
ss-89-480000,1784397472425.1995,1784397472477,1784397488157.0,1784397488499.2112,51.801,15680.0,342.211,1784396408157.0,16074.012
ss-15-540000,1784397486325.2417,1784397487127,1784397488157.0,1784397488500.8608,801.758,1030.0,343.861,1784396348157.0,2175.619
ss-39-540000,1784397481825.2236,1784397481877,1784397488157.0,1784397488500.8623,51.776,6280.0,343.862,1784396348157.0,6675.639
ss-2-540000,1784397485725.201,1784397486077,1784397488157.0,1784397488500.8628,351.799,2080.0,343.863,1784396348157.0,2775.662
ss-12-540000,1784397484375.199,1784397485027,1784397488157.0,1784397488500.8635,651.801,3130.0,343.864,1784396348157.0,4125.665
ss-72-540000,1784397483275.2156,1784397483977,1784397488157.0,1784397488500.8706,701.784,4180.0,343.871,1784396348157.0,5225.655
ss-21-540000,1784397484275.196,1784397485027,1784397488157.0,1784397488500.922,751.804,3130.0,343.922,1784396348157.0,4225.726
ss-9-540000,1784397483775.194,1784397483977,1784397488157.0,1784397488500.9229,201.806,4180.0,343.923,1784396348157.0,4725.729
ss-97-540000,1784397484725.2048,1784397485027,1784397488157.0,1784397488500.9233,301.795,3130.0,343.923,1784396348157.0,3775.719
ss-14-540000,1784397486075.2197,1784397486077,1784397488157.0,1784397488500.9236,1.78,2080.0,343.924,1784396348157.0,2425.704
ss-75-540000,1784397485025.2312,1784397485027,1784397488157.0,1784397488500.924,1.769,3130.0,343.924,1784396348157.0,3475.693
ss-81-540000,1784397473275.1963,1784397473528,1784397488157.0,1784397488500.9304,252.804,14629.0,343.93,1784396348157.0,15225.734
ss-91-540000,1784397485675.2104,1784397486077,1784397488157.0,1784397488500.933,401.79,2080.0,343.933,1784396348157.0,2825.723
ss-98-540000,1784397484075.2078,1784397485027,1784397488157.0,1784397488500.9336,951.792,3130.0,343.934,1784396348157.0,4425.726
ss-16-540000,1784397487575.1956,1784397488079,1784397488157.0,1784397488500.934,503.804,78.0,343.934,1784396348157.0,925.739
ss-52-540000,1784397485575.213,1784397486077,1784397488157.0,1784397488500.9343,501.787,2080.0,343.934,1784396348157.0,2925.721
ss-79-540000,1784397480575.2112,1784397480828,1784397488158.0,1784397488500.9353,252.789,7330.0,342.935,1784396348158.0,7925.724
ss-31-540000,1784397487825.2249,1784397488079,1784397488158.0,1784397488500.9355,253.775,79.0,342.936,1784396348158.0,675.711
ss-28-540000,1784397484925.2314,1784397485027,1784397488158.0,1784397488500.936,101.769,3131.0,342.936,1784396348158.0,3575.705
ss-64-540000,1784397482325.2166,1784397482927,1784397488158.0,1784397488500.9365,601.783,5231.0,342.937,1784396348158.0,6175.72
ss-50-540000,1784397484675.1985,1784397485027,1784397488158.0,1784397488500.9368,351.802,3131.0,342.937,1784396348158.0,3825.738
ss-42-540000,1784397480025.2131,1784397480828,1784397488158.0,1784397488500.937,802.787,7330.0,342.937,1784396348158.0,8475.724
ss-63-540000,1784397485325.2021,1784397486077,1784397488158.0,1784397488500.9404,751.798,2081.0,342.94,1784396348158.0,3175.738
ss-1-540000,1784397484025.1985,1784397485027,1784397488158.0,1784397488500.941,1001.802,3131.0,342.941,1784396348158.0,4475.742
ss-51-540000,1784397487225.2065,1784397488079,1784397488158.0,1784397488500.9414,853.793,79.0,342.941,1784396348158.0,1275.735
ss-30-540000,1784397487075.2043,1784397487127,1784397488158.0,1784397488500.9417,51.796,1031.0,342.942,1784396348158.0,1425.737
ss-35-540000,1784397479025.2104,1784397479777,1784397488158.0,1784397488500.9421,751.79,8381.0,342.942,1784396348158.0,9475.732
ss-19-540000,1784397486775.2139,1784397487127,1784397488158.0,1784397488500.9424,351.786,1031.0,342.942,1784396348158.0,1725.729
ss-99-540000,1784397466775.2048,1784397467228,1784397488158.0,1784397488500.9429,452.795,20930.0,342.943,1784396348158.0,21725.738
ss-85-540000,1784397486675.2134,1784397487127,1784397488158.0,1784397488500.9434,451.787,1031.0,342.943,1784396348158.0,1825.73
ss-80-540000,1784397487275.2014,1784397488079,1784397488158.0,1784397488500.9438,803.799,79.0,342.944,1784396348158.0,1225.742
ss-70-540000,1784397482925.202,1784397482927,1784397488158.0,1784397488500.9443,1.798,5231.0,342.944,1784396348158.0,5575.742
ss-90-540000,1784397487625.232,1784397488079,1784397488158.0,1784397488500.9922,453.768,79.0,342.992,1784396348158.0,875.76
ss-59-540000,1784397483875.1934,1784397483977,1784397488158.0,1784397488500.9927,101.807,4181.0,342.993,1784396348158.0,4625.799
ss-45-540000,1784397485875.1992,1784397486077,1784397488158.0,1784397488500.9932,201.801,2081.0,342.993,1784396348158.0,2625.794
ss-48-540000,1784397471325.2095,1784397471427,1784397488158.0,1784397488500.9937,101.791,16731.0,342.994,1784396348158.0,17175.784
ss-58-540000,1784397485175.2126,1784397486077,1784397488158.0,1784397488500.994,901.787,2081.0,342.994,1784396348158.0,3325.781
ss-82-540000,1784397483325.2144,1784397483977,1784397488159.0,1784397488500.9978,651.786,4182.0,341.998,1784396348159.0,5175.783
ss-29-540000,1784397481075.216,1784397481877,1784397488159.0,1784397488500.9983,801.784,6282.0,341.998,1784396348159.0,7425.782
ss-84-540000,1784397477575.1943,1784397477677,1784397488159.0,1784397488500.9985,101.806,10482.0,341.999,1784396348159.0,10925.804
ss-38-540000,1784397487375.2017,1784397488079,1784397488159.0,1784397488500.999,703.798,80.0,341.999,1784396348159.0,1125.797
ss-53-540000,1784397485225.1929,1784397486077,1784397488159.0,1784397488500.9995,851.807,2082.0,342.0,1784396348159.0,3275.807
ss-4-540000,1784397486625.2136,1784397487127,1784397488159.0,1784397488501.0,501.786,1032.0,342.0,1784396348159.0,1875.786
ss-26-540000,1784397487475.2122,1784397488079,1784397488159.0,1784397488501.0005,603.788,80.0,342.0,1784396348159.0,1025.788
ss-32-540000,1784397485275.216,1784397486077,1784397488159.0,1784397488501.0007,801.784,2082.0,342.001,1784396348159.0,3225.785
ss-60-540000,1784397487425.197,1784397488079,1784397488159.0,1784397488501.0012,653.803,80.0,342.001,1784396348159.0,1075.804
ss-41-540000,1784397484125.2012,1784397485027,1784397488159.0,1784397488501.0403,901.799,3132.0,342.04,1784396348159.0,4375.839
ss-23-540000,1784397485925.2078,1784397486077,1784397488159.0,1784397488501.0408,151.792,2082.0,342.041,1784396348159.0,2575.833
ss-13-540000,1784397478675.2126,1784397478727,1784397488159.0,1784397488501.041,51.787,9432.0,342.041,1784396348159.0,9825.828
ss-74-540000,1784397487325.21,1784397488079,1784397488159.0,1784397488501.045,753.79,80.0,342.045,1784396348159.0,1175.835
ss-67-540000,1784397474325.2102,1784397474578,1784397488159.0,1784397488501.0454,252.79,13581.0,342.045,1784396348159.0,14175.835
ss-0-540000,1784397485125.2358,1784397486077,1784397488159.0,1784397488501.0457,951.764,2082.0,342.046,1784396348159.0,3375.81
ss-10-540000,1784397469475.1924,1784397470377,1784397488159.0,1784397488501.051,901.808,17782.0,342.051,1784396348159.0,19025.859
ss-47-540000,1784397487775.23,1784397488079,1784397488159.0,1784397488501.0513,303.77,80.0,342.051,1784396348159.0,725.821
ss-34-540000,1784397486925.2114,1784397487127,1784397488160.0,1784397488501.0544,201.789,1033.0,341.054,1784396348160.0,1575.843
ss-83-540000,1784397481925.2295,1784397482927,1784397488160.0,1784397488501.0571,1001.771,5233.0,341.057,1784396348160.0,6575.828
ss-43-540000,1784397486725.213,1784397487127,1784397488160.0,1784397488501.0576,401.787,1033.0,341.058,1784396348160.0,1775.845
ss-55-540000,1784397483925.1958,1784397483977,1784397488160.0,1784397488501.058,51.804,4183.0,341.058,1784396348160.0,4575.862
ss-54-540000,1784397480225.2043,1784397480828,1784397488160.0,1784397488501.0586,602.796,7332.0,341.059,1784396348160.0,8275.854
ss-61-540000,1784397468175.185,1784397468277,1784397488160.0,1784397488501.0588,101.815,19883.0,341.059,1784396348160.0,20325.874
ss-57-540000,1784397487525.21,1784397488079,1784397488160.0,1784397488501.0593,553.79,81.0,341.059,1784396348160.0,975.849
ss-5-540000,1784397484775.2266,1784397485027,1784397488160.0,1784397488501.0598,251.773,3133.0,341.06,1784396348160.0,3725.833
ss-56-540000,1784397487725.2292,1784397488079,1784397488160.0,1784397488501.0605,353.771,81.0,341.061,1784396348160.0,775.831
ss-20-540000,1784397484975.2253,1784397485027,1784397488160.0,1784397488501.061,51.775,3133.0,341.061,1784396348160.0,3525.836
ss-77-540000,1784397487875.2239,1784397488079,1784397488160.0,1784397488501.0613,203.776,81.0,341.061,1784396348160.0,625.837
ss-44-540000,1784397486375.2122,1784397487127,1784397488160.0,1784397488501.0615,751.788,1033.0,341.062,1784396348160.0,2125.849
ss-17-540000,1784397474575.1938,1784397474578,1784397488160.0,1784397488501.0664,2.806,13582.0,341.066,1784396348160.0,13925.873
ss-62-540000,1784397477175.199,1784397477677,1784397488160.0,1784397488501.0667,501.801,10483.0,341.067,1784396348160.0,11325.868
ss-6-540000,1784397484825.2297,1784397485027,1784397488160.0,1784397488501.067,201.77,3133.0,341.067,1784396348160.0,3675.837
ss-3-540000,1784397483725.1921,1784397483977,1784397488161.0,1784397488501.0671,251.808,4184.0,340.067,1784396348161.0,4775.875
ss-37-540000,1784397485975.225,1784397486077,1784397488161.0,1784397488501.0679,101.775,2084.0,340.068,1784396348161.0,2525.843
ss-65-540000,1784397483675.1958,1784397483977,1784397488161.0,1784397488501.068,301.804,4184.0,340.068,1784396348161.0,4825.872
ss-66-540000,1784397483825.2034,1784397483977,1784397488161.0,1784397488501.0684,151.797,4184.0,340.068,1784396348161.0,4675.865
ss-86-540000,1784397488025.2083,1784397488079,1784397488161.0,1784397488501.0686,53.792,82.0,340.069,1784396348161.0,475.86
ss-46-540000,1784397481775.1936,1784397481877,1784397488161.0,1784397488501.1604,101.806,6284.0,340.16,1784396348161.0,6725.967
ss-71-540000,1784397486025.2185,1784397486077,1784397488161.0,1784397488501.1616,51.781,2084.0,340.162,1784396348161.0,2475.943
ss-96-540000,1784397487975.2246,1784397488079,1784397488161.0,1784397488501.1619,103.775,82.0,340.162,1784396348161.0,525.937
ss-8-540000,1784397486275.2302,1784397487127,1784397488161.0,1784397488501.1624,851.77,1034.0,340.162,1784396348161.0,2225.932
ss-94-540000,1784397478275.1907,1784397478727,1784397488161.0,1784397488501.1628,451.809,9434.0,340.163,1784396348161.0,10225.972
ss-69-540000,1784397476175.1897,1784397476634,1784397488161.0,1784397488501.1633,458.81,11527.0,340.163,1784396348161.0,12325.974
ss-76-540000,1784397487675.2368,1784397488079,1784397488161.0,1784397488501.1636,403.763,82.0,340.164,1784396348161.0,825.927
ss-25-540000,1784397483475.2136,1784397483977,1784397488161.0,1784397488501.164,501.786,4184.0,340.164,1784396348161.0,5025.95
ss-92-540000,1784397482675.1917,1784397482927,1784397488161.0,1784397488501.1694,251.808,5234.0,340.169,1784396348161.0,5825.978
ss-49-540000,1784397486175.2258,1784397487127,1784397488161.0,1784397488501.17,951.774,1034.0,340.17,1784396348161.0,2325.944
ss-95-540000,1784397481625.2212,1784397481877,1784397488161.0,1784397488501.1702,251.779,6284.0,340.17,1784396348161.0,6875.949
ss-11-540000,1784397486875.2126,1784397487127,1784397488161.0,1784397488501.1707,251.787,1034.0,340.171,1784396348161.0,1625.958
ss-18-540000,1784397483575.1926,1784397483977,1784397488161.0,1784397488501.1711,401.807,4184.0,340.171,1784396348161.0,4925.979
ss-78-540000,1784397478125.1943,1784397478727,1784397488162.0,1784397488501.1714,601.806,9435.0,339.171,1784396348162.0,10375.977
ss-87-540000,1784397480725.1958,1784397480828,1784397488162.0,1784397488501.1719,102.804,7334.0,339.172,1784396348162.0,7775.976
ss-88-540000,1784397482725.192,1784397482927,1784397488162.0,1784397488501.172,201.808,5235.0,339.172,1784396348162.0,5775.98
ss-40-540000,1784397467875.3286,1784397468277,1784397488162.0,1784397488501.1726,401.671,19885.0,339.173,1784396348162.0,20625.844
ss-27-540000,1784397487925.2222,1784397488079,1784397488162.0,1784397488501.173,153.778,83.0,339.173,1784396348162.0,575.951
ss-22-540000,1784397485825.2175,1784397486077,1784397488162.0,1784397488501.1738,251.782,2085.0,339.174,1784396348162.0,2675.956
ss-89-540000,1784397472425.1995,1784397472477,1784397488162.0,1784397488501.174,51.801,15685.0,339.174,1784396348162.0,16075.975
ss-73-540000,1784397481275.191,1784397481877,1784397488162.0,1784397488501.1746,601.809,6285.0,339.175,1784396348162.0,7225.984
ss-36-540000,1784397486525.2258,1784397487127,1784397488162.0,1784397488501.1748,601.774,1035.0,339.175,1784396348162.0,1975.949
ss-93-540000,1784397471525.207,1784397472477,1784397488162.0,1784397488501.1755,951.793,15685.0,339.176,1784396348162.0,16975.969
ss-33-540000,1784397468425.2048,1784397469327,1784397488162.0,1784397488501.2876,901.795,18835.0,339.288,1784396348162.0,20076.083
ss-24-540000,1784397486475.2207,1784397487127,1784397488162.0,1784397488501.2883,651.779,1035.0,339.288,1784396348162.0,2026.068
ss-7-540000,1784397483975.1965,1784397483977,1784397488162.0,1784397488501.2888,1.803,4185.0,339.289,1784396348162.0,4526.092
ss-68-540000,1784397486125.2156,1784397487127,1784397488162.0,1784397488501.2893,1001.784,1035.0,339.289,1784396348162.0,2376.074
ss-77-600000,1784397487875.2239,1784397488079,1784397488162.0,1784397488501.2898,203.776,83.0,339.29,1784396288162.0,626.066
ss-41-600000,1784397484125.2012,1784397485027,1784397488162.0,1784397488501.29,901.799,3135.0,339.29,1784396288162.0,4376.089
ss-2-600000,1784397485725.201,1784397486077,1784397488162.0,1784397488501.2927,351.799,2085.0,339.293,1784396288162.0,2776.092
ss-6-600000,1784397484825.2297,1784397485027,1784397488162.0,1784397488501.2932,201.77,3135.0,339.293,1784396288162.0,3676.063
ss-12-600000,1784397484375.199,1784397485027,1784397488162.0,1784397488501.2937,651.801,3135.0,339.294,1784396288162.0,4126.095
ss-72-600000,1784397483275.2156,1784397483977,1784397488162.0,1784397488501.294,701.784,4185.0,339.294,1784396288162.0,5226.078
ss-85-600000,1784397486675.2134,1784397487127,1784397488163.0,1784397488501.2942,451.787,1036.0,338.294,1784396288163.0,1826.081
ss-21-600000,1784397484275.196,1784397485027,1784397488163.0,1784397488501.2947,751.804,3136.0,338.295,1784396288163.0,4226.099
ss-14-600000,1784397486075.2197,1784397486077,1784397488163.0,1784397488501.2952,1.78,2086.0,338.295,1784396288163.0,2426.075
ss-91-600000,1784397485675.2104,1784397486077,1784397488163.0,1784397488501.2979,401.79,2086.0,338.298,1784396288163.0,2826.087
ss-22-600000,1784397485825.2175,1784397486077,1784397488163.0,1784397488501.2983,251.782,2086.0,338.298,1784396288163.0,2676.081
ss-98-600000,1784397484075.2078,1784397485027,1784397488163.0,1784397488501.2988,951.792,3136.0,338.299,1784396288163.0,4426.091
ss-23-600000,1784397485925.2078,1784397486077,1784397488163.0,1784397488501.299,151.792,2086.0,338.299,1784396288163.0,2576.091
ss-15-600000,1784397486325.2417,1784397487127,1784397488163.0,1784397488501.2996,801.758,1036.0,338.3,1784396288163.0,2176.058
ss-97-600000,1784397484725.2048,1784397485027,1784397488163.0,1784397488501.2998,301.795,3136.0,338.3,1784396288163.0,3776.095
ss-88-600000,1784397482725.192,1784397482927,1784397488163.0,1784397488501.3003,201.808,5236.0,338.3,1784396288163.0,5776.108
ss-16-600000,1784397487575.1956,1784397488079,1784397488163.0,1784397488501.3005,503.804,84.0,338.301,1784396288163.0,926.105
ss-79-600000,1784397480575.2112,1784397480828,1784397488163.0,1784397488501.3035,252.789,7335.0,338.303,1784396288163.0,7926.092
ss-28-600000,1784397484925.2314,1784397485027,1784397488163.0,1784397488501.3037,101.769,3136.0,338.304,1784396288163.0,3576.072
ss-64-600000,1784397482325.2166,1784397482927,1784397488163.0,1784397488501.3042,601.783,5236.0,338.304,1784396288163.0,6176.088
ss-31-600000,1784397487825.2249,1784397488079,1784397488163.0,1784397488501.3044,253.775,84.0,338.304,1784396288163.0,676.08
ss-9-600000,1784397483775.194,1784397483977,1784397488163.0,1784397488501.305,201.806,4186.0,338.305,1784396288163.0,4726.111
ss-50-600000,1784397484675.1985,1784397485027,1784397488163.0,1784397488501.3132,351.802,3136.0,338.313,1784396288163.0,3826.115
ss-63-600000,1784397485325.2021,1784397486077,1784397488163.0,1784397488501.3137,751.798,2086.0,338.314,1784396288163.0,3176.112
ss-5-600000,1784397484775.2266,1784397485027,1784397488163.0,1784397488501.314,251.773,3136.0,338.314,1784396288163.0,3726.087
ss-51-600000,1784397487225.2065,1784397488079,1784397488163.0,1784397488501.3145,853.793,84.0,338.314,1784396288163.0,1276.108
ss-3-600000,1784397483725.1921,1784397483977,1784397488163.0,1784397488501.315,251.808,4186.0,338.315,1784396288163.0,4776.123
ss-35-600000,1784397479025.2104,1784397479777,1784397488164.0,1784397488501.3152,751.79,8387.0,337.315,1784396288164.0,9476.105
ss-99-600000,1784397466775.2048,1784397467228,1784397488164.0,1784397488501.3157,452.795,20936.0,337.316,1784396288164.0,21726.111
ss-38-600000,1784397487375.2017,1784397488079,1784397488164.0,1784397488501.316,703.798,85.0,337.316,1784396288164.0,1126.114
ss-70-600000,1784397482925.202,1784397482927,1784397488164.0,1784397488501.3186,1.798,5237.0,337.319,1784396288164.0,5576.117
ss-17-600000,1784397474575.1938,1784397474578,1784397488164.0,1784397488501.319,2.806,13586.0,337.319,1784396288164.0,13926.125
ss-90-600000,1784397487625.232,1784397488079,1784397488164.0,1784397488501.399,453.768,85.0,337.399,1784396288164.0,876.167
ss-59-600000,1784397483875.1934,1784397483977,1784397488164.0,1784397488501.3997,101.807,4187.0,337.4,1784396288164.0,4626.206
ss-42-600000,1784397480025.2131,1784397480828,1784397488164.0,1784397488501.4001,802.787,7336.0,337.4,1784396288164.0,8476.187
ss-45-600000,1784397485875.1992,1784397486077,1784397488164.0,1784397488501.4038,201.801,2087.0,337.404,1784396288164.0,2626.205
ss-48-600000,1784397471325.2095,1784397471427,1784397488164.0,1784397488501.4062,101.791,16737.0,337.406,1784396288164.0,17176.197
ss-58-600000,1784397485175.2126,1784397486077,1784397488164.0,1784397488501.409,901.787,2087.0,337.409,1784396288164.0,3326.196
ss-74-600000,1784397487325.21,1784397488079,1784397488164.0,1784397488501.4094,753.79,85.0,337.409,1784396288164.0,1176.199
ss-60-600000,1784397487425.197,1784397488079,1784397488164.0,1784397488501.41,653.803,85.0,337.41,1784396288164.0,1076.213
ss-4-600000,1784397486625.2136,1784397487127,1784397488164.0,1784397488501.4104,501.786,1037.0,337.41,1784396288164.0,1876.197
ss-26-600000,1784397487475.2122,1784397488079,1784397488164.0,1784397488501.4106,603.788,85.0,337.411,1784396288164.0,1026.198
ss-68-600000,1784397486125.2156,1784397487127,1784397488164.0,1784397488501.4111,1001.784,1037.0,337.411,1784396288164.0,2376.196
ss-84-600000,1784397477575.1943,1784397477677,1784397488164.0,1784397488501.4114,101.806,10487.0,337.411,1784396288164.0,10926.217
ss-20-600000,1784397484975.2253,1784397485027,1784397488164.0,1784397488501.4119,51.775,3137.0,337.412,1784396288164.0,3526.187
ss-1-600000,1784397484025.1985,1784397485027,1784397488164.0,1784397488501.4124,1001.802,3137.0,337.412,1784396288164.0,4476.214
ss-75-600000,1784397485025.2312,1784397485027,1784397488164.0,1784397488501.4126,1.769,3137.0,337.413,1784396288164.0,3476.181
ss-73-600000,1784397481275.191,1784397481877,1784397488164.0,1784397488501.413,601.809,6287.0,337.413,1784396288164.0,7226.222
ss-82-600000,1784397483325.2144,1784397483977,1784397488164.0,1784397488501.4133,651.786,4187.0,337.413,1784396288164.0,5176.199
ss-33-600000,1784397468425.2048,1784397469327,1784397488165.0,1784397488501.4138,901.795,18838.0,336.414,1784396288165.0,20076.209
ss-0-600000,1784397485125.2358,1784397486077,1784397488165.0,1784397488501.4143,951.764,2088.0,336.414,1784396288165.0,3376.178
ss-29-600000,1784397481075.216,1784397481877,1784397488165.0,1784397488501.417,801.784,6288.0,336.417,1784396288165.0,7426.201
ss-19-600000,1784397486775.2139,1784397487127,1784397488165.0,1784397488501.4172,351.786,1038.0,336.417,1784396288165.0,1726.203
ss-47-600000,1784397487775.23,1784397488079,1784397488165.0,1784397488501.4177,303.77,86.0,336.418,1784396288165.0,726.188
ss-65-600000,1784397483675.1958,1784397483977,1784397488165.0,1784397488501.418,301.804,4188.0,336.418,1784396288165.0,4826.222
ss-71-600000,1784397486025.2185,1784397486077,1784397488165.0,1784397488501.4185,51.781,2088.0,336.418,1784396288165.0,2476.2
ss-55-600000,1784397483925.1958,1784397483977,1784397488165.0,1784397488501.4187,51.804,4188.0,336.419,1784396288165.0,4576.223
ss-86-600000,1784397488025.2083,1784397488079,1784397488165.0,1784397488501.4192,53.792,86.0,336.419,1784396288165.0,476.211
ss-13-600000,1784397478675.2126,1784397478727,1784397488165.0,1784397488501.4263,51.787,9438.0,336.426,1784396288165.0,9826.214
ss-69-600000,1784397476175.1897,1784397476634,1784397488165.0,1784397488501.4268,458.81,11531.0,336.427,1784396288165.0,12326.237
ss-57-600000,1784397487525.21,1784397488079,1784397488165.0,1784397488501.4297,553.79,86.0,336.43,1784396288165.0,976.22
ss-56-600000,1784397487725.2292,1784397488079,1784397488165.0,1784397488501.4302,353.771,86.0,336.43,1784396288165.0,776.201
ss-67-600000,1784397474325.2102,1784397474578,1784397488165.0,1784397488501.4304,252.79,13587.0,336.43,1784396288165.0,14176.22
ss-34-600000,1784397486925.2114,1784397487127,1784397488165.0,1784397488501.433,201.789,1038.0,336.433,1784396288165.0,1576.222
ss-61-600000,1784397468175.185,1784397468277,1784397488165.0,1784397488501.4336,101.815,19888.0,336.434,1784396288165.0,20326.249
ss-66-600000,1784397483825.2034,1784397483977,1784397488165.0,1784397488501.4338,151.797,4188.0,336.434,1784396288165.0,4676.23
ss-81-600000,1784397473275.1963,1784397473528,1784397488165.0,1784397488501.4343,252.804,14637.0,336.434,1784396288165.0,15226.238
ss-44-600000,1784397486375.2122,1784397487127,1784397488166.0,1784397488501.4346,751.788,1039.0,335.435,1784396288166.0,2126.222
ss-18-600000,1784397483575.1926,1784397483977,1784397488166.0,1784397488501.435,401.807,4189.0,335.435,1784396288166.0,4926.242
ss-53-600000,1784397485225.1929,1784397486077,1784397488166.0,1784397488501.4375,851.807,2089.0,335.438,1784396288166.0,3276.245
ss-8-600000,1784397486275.2302,1784397487127,1784397488166.0,1784397488501.5066,851.77,1039.0,335.507,1784396288166.0,2226.276
ss-54-600000,1784397480225.2043,1784397480828,1784397488166.0,1784397488501.5073,602.796,7338.0,335.507,1784396288166.0,8276.303
ss-46-600000,1784397481775.1936,1784397481877,1784397488166.0,1784397488501.5078,101.806,6289.0,335.508,1784396288166.0,6726.314
ss-52-600000,1784397485575.213,1784397486077,1784397488166.0,1784397488501.5085,501.787,2089.0,335.509,1784396288166.0,2926.296
ss-76-600000,1784397487675.2368,1784397488079,1784397488166.0,1784397488501.5088,403.763,87.0,335.509,1784396288166.0,826.272
ss-62-600000,1784397477175.199,1784397477677,1784397488166.0,1784397488501.5093,501.801,10489.0,335.509,1784396288166.0,11326.31
ss-32-600000,1784397485275.216,1784397486077,1784397488166.0,1784397488501.5095,801.784,2089.0,335.51,1784396288166.0,3226.293
ss-43-600000,1784397486725.213,1784397487127,1784397488166.0,1784397488501.51,401.787,1039.0,335.51,1784396288166.0,1776.297
ss-94-600000,1784397478275.1907,1784397478727,1784397488166.0,1784397488501.5103,451.809,9439.0,335.51,1784396288166.0,10226.32
ss-30-600000,1784397487075.2043,1784397487127,1784397488166.0,1784397488501.5107,51.796,1039.0,335.511,1784396288166.0,1426.306
ss-92-600000,1784397482675.1917,1784397482927,1784397488166.0,1784397488501.511,251.808,5239.0,335.511,1784396288166.0,5826.319
ss-95-600000,1784397481625.2212,1784397481877,1784397488166.0,1784397488501.5151,251.779,6289.0,335.515,1784396288166.0,6876.294
ss-11-600000,1784397486875.2126,1784397487127,1784397488166.0,1784397488501.5154,251.787,1039.0,335.515,1784396288166.0,1626.303
ss-37-600000,1784397485975.225,1784397486077,1784397488166.0,1784397488501.5159,101.775,2089.0,335.516,1784396288166.0,2526.291
ss-83-600000,1784397481925.2295,1784397482927,1784397488166.0,1784397488501.516,1001.771,5239.0,335.516,1784396288166.0,6576.287
ss-89-600000,1784397472425.1995,1784397472477,1784397488166.0,1784397488501.5164,51.801,15689.0,335.516,1784396288166.0,16076.317
ss-80-600000,1784397487275.2014,1784397488079,1784397488166.0,1784397488501.5168,803.799,87.0,335.517,1784396288166.0,1226.315
ss-36-600000,1784397486525.2258,1784397487127,1784397488166.0,1784397488501.5173,601.774,1039.0,335.517,1784396288166.0,1976.292
ss-93-600000,1784397471525.207,1784397472477,1784397488166.0,1784397488501.5178,951.793,15689.0,335.518,1784396288166.0,16976.311
ss-24-600000,1784397486475.2207,1784397487127,1784397488167.0,1784397488501.518,651.779,1040.0,334.518,1784396288167.0,2026.297
ss-10-600000,1784397469475.1924,1784397470377,1784397488167.0,1784397488501.6443,901.808,17790.0,334.644,1784396288167.0,19026.452
ss-40-600000,1784397467875.3286,1784397468277,1784397488167.0,1784397488501.6504,401.671,19890.0,334.65,1784396288167.0,20626.322
ss-87-600000,1784397480725.1958,1784397480828,1784397488167.0,1784397488501.651,102.804,7339.0,334.651,1784396288167.0,7776.455
ss-78-600000,1784397478125.1943,1784397478727,1784397488167.0,1784397488501.6514,601.806,9440.0,334.651,1784396288167.0,10376.457
ss-96-600000,1784397487975.2246,1784397488079,1784397488167.0,1784397488501.6519,103.775,88.0,334.652,1784396288167.0,526.427
ss-27-600000,1784397487925.2222,1784397488079,1784397488167.0,1784397488501.6523,153.778,88.0,334.652,1784396288167.0,576.43
ss-7-600000,1784397483975.1965,1784397483977,1784397488167.0,1784397488501.6528,1.803,4190.0,334.653,1784396288167.0,4526.456
ss-25-600000,1784397483475.2136,1784397483977,1784397488167.0,1784397488501.653,501.786,4190.0,334.653,1784396288167.0,5026.439
ss-49-600000,1784397486175.2258,1784397487127,1784397488167.0,1784397488501.6536,951.774,1040.0,334.654,1784396288167.0,2326.428
ss-39-600000,1784397481825.2236,1784397481877,1784397488167.0,1784397488501.654,51.776,6290.0,334.654,1784396288167.0,6676.43
ss-64-660000,1784397482325.2166,1784397482927,1784397488167.0,1784397488501.6545,601.783,5240.0,334.655,1784396228167.0,6176.438
ss-37-660000,1784397485975.225,1784397486077,1784397488167.0,1784397488501.655,101.775,2090.0,334.655,1784396228167.0,2526.43
ss-26-660000,1784397487475.2122,1784397488079,1784397488167.0,1784397488501.6555,603.788,88.0,334.656,1784396228167.0,1026.443
ss-45-660000,1784397485875.1992,1784397486077,1784397488167.0,1784397488501.656,201.801,2090.0,334.656,1784396228167.0,2626.457
ss-19-660000,1784397486775.2139,1784397487127,1784397488167.0,1784397488501.6562,351.786,1040.0,334.656,1784396228167.0,1726.442
ss-48-660000,1784397471325.2095,1784397471427,1784397488167.0,1784397488501.6567,101.791,16740.0,334.657,1784396228167.0,17176.447
ss-95-660000,1784397481625.2212,1784397481877,1784397488167.0,1784397488501.657,251.779,6290.0,334.657,1784396228167.0,6876.436
ss-78-660000,1784397478125.1943,1784397478727,1784397488167.0,1784397488501.6575,601.806,9440.0,334.657,1784396228167.0,10376.463
ss-34-660000,1784397486925.2114,1784397487127,1784397488167.0,1784397488501.6577,201.789,1040.0,334.658,1784396228167.0,1576.446
ss-11-660000,1784397486875.2126,1784397487127,1784397488167.0,1784397488501.6582,251.787,1040.0,334.658,1784396228167.0,1626.446
ss-62-660000,1784397477175.199,1784397477677,1784397488168.0,1784397488501.6587,501.801,10491.0,333.659,1784396228168.0,11326.46
ss-4-660000,1784397486625.2136,1784397487127,1784397488168.0,1784397488501.659,501.786,1041.0,333.659,1784396228168.0,1876.445
ss-40-660000,1784397467875.3286,1784397468277,1784397488168.0,1784397488501.6594,401.671,19891.0,333.659,1784396228168.0,20626.331
ss-69-660000,1784397476175.1897,1784397476634,1784397488168.0,1784397488501.66,458.81,11534.0,333.66,1784396228168.0,12326.47
ss-38-660000,1784397487375.2017,1784397488079,1784397488168.0,1784397488501.6604,703.798,89.0,333.66,1784396228168.0,1126.459
ss-81-660000,1784397473275.1963,1784397473528,1784397488168.0,1784397488501.661,252.804,14640.0,333.661,1784396228168.0,15226.465
ss-89-660000,1784397472425.1995,1784397472477,1784397488168.0,1784397488501.6611,51.801,15691.0,333.661,1784396228168.0,16076.462
ss-82-660000,1784397483325.2144,1784397483977,1784397488168.0,1784397488501.6616,651.786,4191.0,333.662,1784396228168.0,5176.447
ss-10-660000,1784397469475.1924,1784397470377,1784397488168.0,1784397488501.6619,901.808,17791.0,333.662,1784396228168.0,19026.469
ss-15-660000,1784397486325.2417,1784397487127,1784397488168.0,1784397488501.665,801.758,1041.0,333.665,1784396228168.0,2176.423
ss-51-660000,1784397487225.2065,1784397488079,1784397488168.0,1784397488501.6736,853.793,89.0,333.674,1784396228168.0,1276.467
ss-54-660000,1784397480225.2043,1784397480828,1784397488168.0,1784397488501.674,602.796,7340.0,333.674,1784396228168.0,8276.47
ss-67-660000,1784397474325.2102,1784397474578,1784397488168.0,1784397488501.6775,252.79,13590.0,333.677,1784396228168.0,14176.467
ss-20-660000,1784397484975.2253,1784397485027,1784397488168.0,1784397488501.6804,51.775,3141.0,333.68,1784396228168.0,3526.455
ss-5-660000,1784397484775.2266,1784397485027,1784397488168.0,1784397488501.681,251.773,3141.0,333.681,1784396228168.0,3726.454
ss-93-660000,1784397471525.207,1784397472477,1784397488168.0,1784397488501.682,951.793,15691.0,333.682,1784396228168.0,16976.475
ss-46-660000,1784397481775.1936,1784397481877,1784397488168.0,1784397488501.6824,101.806,6291.0,333.682,1784396228168.0,6726.489
ss-84-660000,1784397477575.1943,1784397477677,1784397488168.0,1784397488501.6829,101.806,10491.0,333.683,1784396228168.0,10926.489
ss-17-660000,1784397474575.1938,1784397474578,1784397488168.0,1784397488501.686,2.806,13590.0,333.686,1784396228168.0,13926.492
ss-1-660000,1784397484025.1985,1784397485027,1784397488168.0,1784397488501.6868,1001.802,3141.0,333.687,1784396228168.0,4476.488
ss-35-660000,1784397479025.2104,1784397479777,1784397488168.0,1784397488501.687,751.79,8391.0,333.687,1784396228168.0,9476.477
ss-50-660000,1784397484675.1985,1784397485027,1784397488168.0,1784397488501.6875,351.802,3141.0,333.688,1784396228168.0,3826.489
ss-71-660000,1784397486025.2185,1784397486077,1784397488168.0,1784397488501.688,51.781,2091.0,333.688,1784396228168.0,2476.469
ss-96-660000,1784397487975.2246,1784397488079,1784397488168.0,1784397488501.6882,103.775,89.0,333.688,1784396228168.0,526.464
ss-87-660000,1784397480725.1958,1784397480828,1784397488168.0,1784397488501.6887,102.804,7340.0,333.689,1784396228168.0,7776.493
ss-53-660000,1784397485225.1929,1784397486077,1784397488168.0,1784397488501.6936,851.807,2091.0,333.694,1784396228168.0,3276.501
ss-16-660000,1784397487575.1956,1784397488079,1784397488169.0,1784397488501.6943,503.804,90.0,332.694,1784396228169.0,926.499
ss-33-660000,1784397468425.2048,1784397469327,1784397488169.0,1784397488501.714,901.795,18842.0,332.714,1784396228169.0,20076.509
ss-79-660000,1784397480575.2112,1784397480828,1784397488169.0,1784397488501.7148,252.789,7341.0,332.715,1784396228169.0,7926.504
ss-18-660000,1784397483575.1926,1784397483977,1784397488169.0,1784397488501.7153,401.807,4192.0,332.715,1784396228169.0,4926.523
ss-66-660000,1784397483825.2034,1784397483977,1784397488169.0,1784397488501.7158,151.797,4192.0,332.716,1784396228169.0,4676.512
ss-43-660000,1784397486725.213,1784397487127,1784397488169.0,1784397488501.7163,401.787,1042.0,332.716,1784396228169.0,1776.503
ss-61-660000,1784397468175.185,1784397468277,1784397488169.0,1784397488501.7168,101.815,19892.0,332.717,1784396228169.0,20326.532
ss-65-660000,1784397483675.1958,1784397483977,1784397488169.0,1784397488501.7227,301.804,4192.0,332.723,1784396228169.0,4826.527
ss-41-660000,1784397484125.2012,1784397485027,1784397488169.0,1784397488501.7234,901.799,3142.0,332.723,1784396228169.0,4376.522
ss-56-660000,1784397487725.2292,1784397488079,1784397488169.0,1784397488501.727,353.771,90.0,332.727,1784396228169.0,776.498
ss-25-660000,1784397483475.2136,1784397483977,1784397488169.0,1784397488501.7275,501.786,4192.0,332.728,1784396228169.0,5026.514
ss-30-660000,1784397487075.2043,1784397487127,1784397488169.0,1784397488501.7278,51.796,1042.0,332.728,1784396228169.0,1426.523
ss-44-660000,1784397486375.2122,1784397487127,1784397488169.0,1784397488501.7473,751.788,1042.0,332.747,1784396228169.0,2126.535
ss-39-660000,1784397481825.2236,1784397481877,1784397488169.0,1784397488501.7507,51.776,6292.0,332.751,1784396228169.0,6676.527
ss-97-660000,1784397484725.2048,1784397485027,1784397488169.0,1784397488501.751,301.795,3142.0,332.751,1784396228169.0,3776.546
ss-42-660000,1784397480025.2131,1784397480828,1784397488169.0,1784397488501.7515,802.787,7341.0,332.751,1784396228169.0,8476.538
ss-9-660000,1784397483775.194,1784397483977,1784397488169.0,1784397488501.7544,201.806,4192.0,332.754,1784396228169.0,4726.56
ss-7-660000,1784397483975.1965,1784397483977,1784397488169.0,1784397488501.755,1.803,4192.0,332.755,1784396228169.0,4526.558
ss-28-660000,1784397484925.2314,1784397485027,1784397488169.0,1784397488501.7593,101.769,3142.0,332.759,1784396228169.0,3576.528
ss-21-660000,1784397484275.196,1784397485027,1784397488169.0,1784397488501.7598,751.804,3142.0,332.76,1784396228169.0,4226.564
ss-24-660000,1784397486475.2207,1784397487127,1784397488169.0,1784397488501.7603,651.779,1042.0,332.76,1784396228169.0,2026.54
ss-3-660000,1784397483725.1921,1784397483977,1784397488169.0,1784397488501.7605,251.808,4192.0,332.76,1784396228169.0,4776.568
ss-52-660000,1784397485575.213,1784397486077,1784397488169.0,1784397488501.761,501.787,2092.0,332.761,1784396228169.0,2926.548
ss-59-660000,1784397483875.1934,1784397483977,1784397488170.0,1784397488501.8777,101.807,4193.0,331.878,1784396228170.0,4626.684
ss-94-660000,1784397478275.1907,1784397478727,1784397488170.0,1784397488501.8784,451.809,9443.0,331.878,1784396228170.0,10226.688
ss-91-660000,1784397485675.2104,1784397486077,1784397488170.0,1784397488501.879,401.79,2093.0,331.879,1784396228170.0,2826.668
ss-60-660000,1784397487425.197,1784397488079,1784397488170.0,1784397488501.8794,653.803,91.0,331.879,1784396228170.0,1076.682
ss-76-660000,1784397487675.2368,1784397488079,1784397488170.0,1784397488501.88,403.763,91.0,331.88,1784396228170.0,826.643
ss-83-660000,1784397481925.2295,1784397482927,1784397488170.0,1784397488501.8801,1001.771,5243.0,331.88,1784396228170.0,6576.651
ss-6-660000,1784397484825.2297,1784397485027,1784397488170.0,1784397488501.8806,201.77,3143.0,331.881,1784396228170.0,3676.651
ss-36-660000,1784397486525.2258,1784397487127,1784397488170.0,1784397488501.881,601.774,1043.0,331.881,1784396228170.0,1976.655
ss-23-660000,1784397485925.2078,1784397486077,1784397488170.0,1784397488501.8816,151.792,2093.0,331.882,1784396228170.0,2576.674
ss-68-660000,1784397486125.2156,1784397487127,1784397488170.0,1784397488501.8818,1001.784,1043.0,331.882,1784396228170.0,2376.666
ss-12-660000,1784397484375.199,1784397485027,1784397488170.0,1784397488501.8823,651.801,3143.0,331.882,1784396228170.0,4126.683
ss-77-660000,1784397487875.2239,1784397488079,1784397488170.0,1784397488501.8826,203.776,91.0,331.883,1784396228170.0,626.659
ss-98-660000,1784397484075.2078,1784397485027,1784397488170.0,1784397488501.883,951.792,3143.0,331.883,1784396228170.0,4426.675
ss-90-660000,1784397487625.232,1784397488079,1784397488170.0,1784397488501.8833,453.768,91.0,331.883,1784396228170.0,876.651
ss-49-660000,1784397486175.2258,1784397487127,1784397488170.0,1784397488501.8838,951.774,1043.0,331.884,1784396228170.0,2326.658
ss-74-660000,1784397487325.21,1784397488079,1784397488170.0,1784397488501.8843,753.79,91.0,331.884,1784396228170.0,1176.674
ss-58-660000,1784397485175.2126,1784397486077,1784397488170.0,1784397488501.8848,901.787,2093.0,331.885,1784396228170.0,3326.672
ss-86-660000,1784397488025.2083,1784397488079,1784397488170.0,1784397488501.8853,53.792,91.0,331.885,1784396228170.0,476.677
ss-63-660000,1784397485325.2021,1784397486077,1784397488170.0,1784397488501.89,751.798,2093.0,331.89,1784396228170.0,3176.688
ss-80-660000,1784397487275.2014,1784397488079,1784397488170.0,1784397488501.8904,803.799,91.0,331.89,1784396228170.0,1226.689
ss-70-660000,1784397482925.202,1784397482927,1784397488170.0,1784397488501.8909,1.798,5243.0,331.891,1784396228170.0,5576.689
ss-27-660000,1784397487925.2222,1784397488079,1784397488170.0,1784397488501.891,153.778,91.0,331.891,1784396228170.0,576.669
ss-32-660000,1784397485275.216,1784397486077,1784397488170.0,1784397488501.8916,801.784,2093.0,331.892,1784396228170.0,3226.676
ss-57-660000,1784397487525.21,1784397488079,1784397488171.0,1784397488501.892,553.79,92.0,330.892,1784396228171.0,976.682
ss-85-660000,1784397486675.2134,1784397487127,1784397488171.0,1784397488501.8926,451.787,1044.0,330.893,1784396228171.0,1826.679
ss-47-660000,1784397487775.23,1784397488079,1784397488171.0,1784397488501.8928,303.77,92.0,330.893,1784396228171.0,726.663
ss-55-660000,1784397483925.1958,1784397483977,1784397488171.0,1784397488501.8933,51.804,4194.0,330.893,1784396228171.0,4576.698
ss-14-660000,1784397486075.2197,1784397486077,1784397488171.0,1784397488501.8936,1.78,2094.0,330.894,1784396228171.0,2426.674
ss-72-660000,1784397483275.2156,1784397483977,1784397488171.0,1784397488501.894,701.784,4194.0,330.894,1784396228171.0,5226.678
ss-8-660000,1784397486275.2302,1784397487127,1784397488171.0,1784397488501.901,851.77,1044.0,330.901,1784396228171.0,2226.671
ss-73-660000,1784397481275.191,1784397481877,1784397488171.0,1784397488501.904,601.809,6294.0,330.904,1784396228171.0,7226.713
ss-75-660000,1784397485025.2312,1784397485027,1784397488171.0,1784397488501.9631,1.769,3144.0,330.963,1784396228171.0,3476.732
ss-22-660000,1784397485825.2175,1784397486077,1784397488171.0,1784397488501.9678,251.782,2094.0,330.968,1784396228171.0,2676.75
ss-2-660000,1784397485725.201,1784397486077,1784397488171.0,1784397488501.9731,351.799,2094.0,330.973,1784396228171.0,2776.772
ss-92-660000,1784397482675.1917,1784397482927,1784397488171.0,1784397488501.9736,251.808,5244.0,330.974,1784396228171.0,5826.782
ss-29-660000,1784397481075.216,1784397481877,1784397488171.0,1784397488501.974,801.784,6294.0,330.974,1784396228171.0,7426.758
ss-99-660000,1784397466775.2048,1784397467228,1784397488171.0,1784397488501.983,452.795,20943.0,330.983,1784396228171.0,21726.778
ss-88-660000,1784397482725.192,1784397482927,1784397488171.0,1784397488501.9834,201.808,5244.0,330.983,1784396228171.0,5776.792
ss-13-660000,1784397478675.2126,1784397478727,1784397488171.0,1784397488501.984,51.787,9444.0,330.984,1784396228171.0,9826.771
ss-0-660000,1784397485125.2358,1784397486077,1784397488171.0,1784397488501.9844,951.764,2094.0,330.984,1784396228171.0,3376.749
ss-31-660000,1784397487825.2249,1784397488079,1784397488171.0,1784397488501.9846,253.775,92.0,330.985,1784396228171.0,676.76
ss-0-720000,1784397485125.2358,1784397486077,1784397488171.0,1784397488501.985,951.764,2094.0,330.985,1784396168171.0,3376.749
ss-99-720000,1784397466775.2048,1784397467228,1784397488171.0,1784397488501.9858,452.795,20943.0,330.986,1784396168171.0,21726.781
ss-88-720000,1784397482725.192,1784397482927,1784397488171.0,1784397488501.9863,201.808,5244.0,330.986,1784396168171.0,5776.794
ss-65-720000,1784397483675.1958,1784397483977,1784397488171.0,1784397488501.9868,301.804,4194.0,330.987,1784396168171.0,4826.791
ss-25-720000,1784397483475.2136,1784397483977,1784397488171.0,1784397488501.9873,501.786,4194.0,330.987,1784396168171.0,5026.774
ss-63-720000,1784397485325.2021,1784397486077,1784397488171.0,1784397488501.9878,751.798,2094.0,330.988,1784396168171.0,3176.786
ss-92-720000,1784397482675.1917,1784397482927,1784397488171.0,1784397488501.991,251.808,5244.0,330.991,1784396168171.0,5826.799
ss-86-720000,1784397488025.2083,1784397488079,1784397488171.0,1784397488501.9912,53.792,92.0,330.991,1784396168171.0,476.783
ss-6-720000,1784397484825.2297,1784397485027,1784397488171.0,1784397488501.9917,201.77,3144.0,330.992,1784396168171.0,3676.762
ss-60-720000,1784397487425.197,1784397488079,1784397488171.0,1784397488501.9976,653.803,92.0,330.998,1784396168171.0,1076.801
ss-21-720000,1784397484275.196,1784397485027,1784397488171.0,1784397488502.0002,751.804,3144.0,331.0,1784396168171.0,4226.804
ss-30-720000,1784397487075.2043,1784397487127,1784397488171.0,1784397488502.0007,51.796,1044.0,331.001,1784396168171.0,1426.796
ss-61-720000,1784397468175.185,1784397468277,1784397488171.0,1784397488502.0063,101.815,19894.0,331.006,1784396168171.0,20326.821
ss-47-720000,1784397487775.23,1784397488079,1784397488172.0,1784397488502.0068,303.77,93.0,330.007,1784396168172.0,726.777
ss-90-720000,1784397487625.232,1784397488079,1784397488172.0,1784397488502.007,453.768,93.0,330.007,1784396168172.0,876.775
ss-98-720000,1784397484075.2078,1784397485027,1784397488172.0,1784397488502.0076,951.792,3145.0,330.008,1784396168172.0,4426.8
ss-3-720000,1784397483725.1921,1784397483977,1784397488172.0,1784397488502.0078,251.808,4195.0,330.008,1784396168172.0,4776.816
ss-71-720000,1784397486025.2185,1784397486077,1784397488172.0,1784397488502.0083,51.781,2095.0,330.008,1784396168172.0,2476.79
ss-24-720000,1784397486475.2207,1784397487127,1784397488172.0,1784397488502.0085,651.779,1045.0,330.009,1784396168172.0,2026.788
ss-50-720000,1784397484675.1985,1784397485027,1784397488172.0,1784397488502.0088,351.802,3145.0,330.009,1784396168172.0,3826.81
ss-13-720000,1784397478675.2126,1784397478727,1784397488172.0,1784397488502.009,51.787,9445.0,330.009,1784396168172.0,9826.796
ss-76-720000,1784397487675.2368,1784397488079,1784397488172.0,1784397488502.0095,403.763,93.0,330.01,1784396168172.0,826.773
ss-5-720000,1784397484775.2266,1784397485027,1784397488172.0,1784397488502.0098,251.773,3145.0,330.01,1784396168172.0,3726.783
ss-78-720000,1784397478125.1943,1784397478727,1784397488172.0,1784397488502.01,601.806,9445.0,330.01,1784396168172.0,10376.816
ss-91-720000,1784397485675.2104,1784397486077,1784397488172.0,1784397488502.0103,401.79,2095.0,330.01,1784396168172.0,2826.8
ss-16-720000,1784397487575.1956,1784397488079,1784397488172.0,1784397488502.0164,503.804,93.0,330.016,1784396168172.0,926.821
ss-64-720000,1784397482325.2166,1784397482927,1784397488172.0,1784397488502.0168,601.783,5245.0,330.017,1784396168172.0,6176.8
ss-70-720000,1784397482925.202,1784397482927,1784397488172.0,1784397488502.1045,1.798,5245.0,330.104,1784396168172.0,5576.903
ss-89-720000,1784397472425.1995,1784397472477,1784397488172.0,1784397488502.1055,51.801,15695.0,330.105,1784396168172.0,16076.906
ss-57-720000,1784397487525.21,1784397488079,1784397488172.0,1784397488502.106,553.79,93.0,330.106,1784396168172.0,976.896
ss-48-720000,1784397471325.2095,1784397471427,1784397488172.0,1784397488502.1064,101.791,16745.0,330.106,1784396168172.0,17176.897
ss-27-720000,1784397487925.2222,1784397488079,1784397488172.0,1784397488502.1067,153.778,93.0,330.107,1784396168172.0,576.885
ss-93-720000,1784397471525.207,1784397472477,1784397488172.0,1784397488502.1074,951.793,15695.0,330.107,1784396168172.0,16976.9
ss-4-720000,1784397486625.2136,1784397487127,1784397488172.0,1784397488502.108,501.786,1045.0,330.108,1784396168172.0,1876.894
ss-14-720000,1784397486075.2197,1784397486077,1784397488172.0,1784397488502.1084,1.78,2095.0,330.108,1784396168172.0,2426.889
ss-43-720000,1784397486725.213,1784397487127,1784397488172.0,1784397488502.109,401.787,1045.0,330.109,1784396168172.0,1776.896
ss-83-720000,1784397481925.2295,1784397482927,1784397488172.0,1784397488502.1091,1001.771,5245.0,330.109,1784396168172.0,6576.88
ss-46-720000,1784397481775.1936,1784397481877,1784397488172.0,1784397488502.1096,101.806,6295.0,330.11,1784396168172.0,6726.916
ss-67-720000,1784397474325.2102,1784397474578,1784397488172.0,1784397488502.11,252.79,13594.0,330.11,1784396168172.0,14176.9
ss-17-720000,1784397474575.1938,1784397474578,1784397488172.0,1784397488502.1104,2.806,13594.0,330.11,1784396168172.0,13926.917
ss-40-720000,1784397467875.3286,1784397468277,1784397488172.0,1784397488502.1108,401.671,19895.0,330.111,1784396168172.0,20626.782
ss-7-720000,1784397483975.1965,1784397483977,1784397488172.0,1784397488502.1113,1.803,4195.0,330.111,1784396168172.0,4526.915
ss-33-720000,1784397468425.2048,1784397469327,1784397488172.0,1784397488502.1116,901.795,18845.0,330.112,1784396168172.0,20076.907
ss-11-720000,1784397486875.2126,1784397487127,1784397488172.0,1784397488502.112,251.787,1045.0,330.112,1784396168172.0,1626.899
ss-12-720000,1784397484375.199,1784397485027,1784397488172.0,1784397488502.1123,651.801,3145.0,330.112,1784396168172.0,4126.913
ss-22-720000,1784397485825.2175,1784397486077,1784397488173.0,1784397488502.1128,251.782,2096.0,329.113,1784396168173.0,2676.895
ss-28-720000,1784397484925.2314,1784397485027,1784397488173.0,1784397488502.1133,101.769,3146.0,329.113,1784396168173.0,3576.882
ss-9-720000,1784397483775.194,1784397483977,1784397488173.0,1784397488502.1138,201.806,4196.0,329.114,1784396168173.0,4726.92
ss-10-720000,1784397469475.1924,1784397470377,1784397488173.0,1784397488502.1633,901.808,17796.0,329.163,1784396168173.0,19026.971
ss-62-720000,1784397477175.199,1784397477677,1784397488173.0,1784397488502.1638,501.801,10496.0,329.164,1784396168173.0,11326.965
ss-82-720000,1784397483325.2144,1784397483977,1784397488173.0,1784397488502.1643,651.786,4196.0,329.164,1784396168173.0,5176.95
ss-15-720000,1784397486325.2417,1784397487127,1784397488173.0,1784397488502.1646,801.758,1046.0,329.165,1784396168173.0,2176.923
ss-56-720000,1784397487725.2292,1784397488079,1784397488173.0,1784397488502.1648,353.771,94.0,329.165,1784396168173.0,776.936
ss-34-720000,1784397486925.2114,1784397487127,1784397488173.0,1784397488502.165,201.789,1046.0,329.165,1784396168173.0,1576.954
ss-42-720000,1784397480025.2131,1784397480828,1784397488173.0,1784397488502.1653,802.787,7345.0,329.165,1784396168173.0,8476.952
ss-32-720000,1784397485275.216,1784397486077,1784397488173.0,1784397488502.1697,801.784,2096.0,329.17,1784396168173.0,3226.954
ss-66-720000,1784397483825.2034,1784397483977,1784397488173.0,1784397488502.17,151.797,4196.0,329.17,1784396168173.0,4676.967
ss-49-720000,1784397486175.2258,1784397487127,1784397488173.0,1784397488502.172,951.774,1046.0,329.172,1784396168173.0,2326.946
ss-52-720000,1784397485575.213,1784397486077,1784397488173.0,1784397488502.1724,501.787,2096.0,329.172,1784396168173.0,2926.959
ss-69-720000,1784397476175.1897,1784397476634,1784397488173.0,1784397488502.1726,458.81,11539.0,329.173,1784396168173.0,12326.983
ss-59-720000,1784397483875.1934,1784397483977,1784397488173.0,1784397488502.1729,101.807,4196.0,329.173,1784396168173.0,4626.979
ss-94-720000,1784397478275.1907,1784397478727,1784397488173.0,1784397488502.1978,451.809,9446.0,329.198,1784396168173.0,10227.007
ss-55-720000,1784397483925.1958,1784397483977,1784397488173.0,1784397488502.1985,51.804,4196.0,329.198,1784396168173.0,4577.003
ss-8-720000,1784397486275.2302,1784397487127,1784397488173.0,1784397488502.199,851.77,1046.0,329.199,1784396168173.0,2226.969
ss-87-720000,1784397480725.1958,1784397480828,1784397488173.0,1784397488502.1992,102.804,7345.0,329.199,1784396168173.0,7777.003
ss-73-720000,1784397481275.191,1784397481877,1784397488173.0,1784397488502.2139,601.809,6296.0,329.214,1784396168173.0,7227.023
ss-96-720000,1784397487975.2246,1784397488079,1784397488173.0,1784397488502.2144,103.775,94.0,329.214,1784396168173.0,526.99
ss-36-720000,1784397486525.2258,1784397487127,1784397488173.0,1784397488502.228,601.774,1046.0,329.228,1784396168173.0,1977.002
ss-31-720000,1784397487825.2249,1784397488079,1784397488173.0,1784397488502.2285,253.775,94.0,329.229,1784396168173.0,677.004
ss-54-720000,1784397480225.2043,1784397480828,1784397488173.0,1784397488502.2417,602.796,7345.0,329.242,1784396168173.0,8277.037
ss-18-720000,1784397483575.1926,1784397483977,1784397488173.0,1784397488502.2424,401.807,4196.0,329.242,1784396168173.0,4927.05
ss-38-720000,1784397487375.2017,1784397488079,1784397488173.0,1784397488502.2598,703.798,94.0,329.26,1784396168173.0,1127.058
ss-44-720000,1784397486375.2122,1784397487127,1784397488173.0,1784397488502.2603,751.788,1046.0,329.26,1784396168173.0,2127.048
ss-26-720000,1784397487475.2122,1784397488079,1784397488173.0,1784397488502.3032,603.788,94.0,329.303,1784396168173.0,1027.091
ss-97-720000,1784397484725.2048,1784397485027,1784397488173.0,1784397488502.3042,301.795,3146.0,329.304,1784396168173.0,3777.099
ss-74-720000,1784397487325.21,1784397488079,1784397488173.0,1784397488502.3047,753.79,94.0,329.305,1784396168173.0,1177.095
ss-72-720000,1784397483275.2156,1784397483977,1784397488173.0,1784397488502.305,701.784,4196.0,329.305,1784396168173.0,5227.089
ss-37-720000,1784397485975.225,1784397486077,1784397488173.0,1784397488502.3054,101.775,2096.0,329.305,1784396168173.0,2527.08
ss-23-720000,1784397485925.2078,1784397486077,1784397488173.0,1784397488502.306,151.792,2096.0,329.306,1784396168173.0,2577.098
ss-80-720000,1784397487275.2014,1784397488079,1784397488173.0,1784397488502.3062,803.799,94.0,329.306,1784396168173.0,1227.105
ss-20-720000,1784397484975.2253,1784397485027,1784397488173.0,1784397488502.3066,51.775,3146.0,329.307,1784396168173.0,3527.081
ss-29-720000,1784397481075.216,1784397481877,1784397488174.0,1784397488502.3071,801.784,6297.0,328.307,1784396168174.0,7427.091
ss-35-720000,1784397479025.2104,1784397479777,1784397488174.0,1784397488502.3074,751.79,8397.0,328.307,1784396168174.0,9477.097
ss-95-720000,1784397481625.2212,1784397481877,1784397488174.0,1784397488502.3079,251.779,6297.0,328.308,1784396168174.0,6877.087
ss-58-720000,1784397485175.2126,1784397486077,1784397488174.0,1784397488502.308,901.787,2097.0,328.308,1784396168174.0,3327.095
ss-75-720000,1784397485025.2312,1784397485027,1784397488174.0,1784397488502.3137,1.769,3147.0,328.314,1784396168174.0,3477.083
ss-41-720000,1784397484125.2012,1784397485027,1784397488174.0,1784397488502.314,901.799,3147.0,328.314,1784396168174.0,4377.113
ss-79-720000,1784397480575.2112,1784397480828,1784397488174.0,1784397488502.3145,252.789,7346.0,328.314,1784396168174.0,7927.103
ss-81-720000,1784397473275.1963,1784397473528,1784397488174.0,1784397488502.3196,252.804,14646.0,328.32,1784396168174.0,15227.123
ss-19-720000,1784397486775.2139,1784397487127,1784397488174.0,1784397488502.32,351.786,1047.0,328.32,1784396168174.0,1727.106
ss-68-720000,1784397486125.2156,1784397487127,1784397488174.0,1784397488502.3203,1001.784,1047.0,328.32,1784396168174.0,2377.105
ss-77-720000,1784397487875.2239,1784397488079,1784397488174.0,1784397488502.323,203.776,95.0,328.323,1784396168174.0,627.099
ss-1-720000,1784397484025.1985,1784397485027,1784397488174.0,1784397488502.3235,1001.802,3147.0,328.323,1784396168174.0,4477.125
ss-85-720000,1784397486675.2134,1784397487127,1784397488174.0,1784397488502.3237,451.787,1047.0,328.324,1784396168174.0,1827.11
ss-84-720000,1784397477575.1943,1784397477677,1784397488174.0,1784397488502.328,101.806,10497.0,328.328,1784396168174.0,10927.134
ss-53-720000,1784397485225.1929,1784397486077,1784397488174.0,1784397488502.3284,851.807,2097.0,328.328,1784396168174.0,3277.135
ss-45-720000,1784397485875.1992,1784397486077,1784397488174.0,1784397488502.3286,201.801,2097.0,328.329,1784396168174.0,2627.129
ss-39-720000,1784397481825.2236,1784397481877,1784397488174.0,1784397488502.329,51.776,6297.0,328.329,1784396168174.0,6677.105
ss-51-720000,1784397487225.2065,1784397488079,1784397488174.0,1784397488502.3293,853.793,95.0,328.329,1784396168174.0,1277.123
ss-2-720000,1784397485725.201,1784397486077,1784397488174.0,1784397488502.3298,351.799,2097.0,328.33,1784396168174.0,2777.129
ss-28-780000,1784397484925.2314,1784397485027,1784397488174.0,1784397488502.33,101.769,3147.0,328.33,1784396108174.0,3577.099
ss-58-780000,1784397485175.2126,1784397486077,1784397488174.0,1784397488502.3306,901.787,2097.0,328.331,1784396108174.0,3327.118
ss-98-780000,1784397484075.2078,1784397485027,1784397488174.0,1784397488502.331,951.792,3147.0,328.331,1784396108174.0,4427.123
ss-51-780000,1784397487225.2065,1784397488079,1784397488174.0,1784397488502.3315,853.793,95.0,328.332,1784396108174.0,1277.125
ss-78-780000,1784397478125.1943,1784397478727,1784397488174.0,1784397488502.3318,601.806,9447.0,328.332,1784396108174.0,10377.137
ss-54-780000,1784397480225.2043,1784397480828,1784397488174.0,1784397488502.3323,602.796,7346.0,328.332,1784396108174.0,8277.128
ss-0-780000,1784397485125.2358,1784397486077,1784397488174.0,1784397488502.3328,951.764,2097.0,328.333,1784396108174.0,3377.097
ss-5-780000,1784397484775.2266,1784397485027,1784397488174.0,1784397488502.333,251.773,3147.0,328.333,1784396108174.0,3727.106
ss-37-780000,1784397485975.225,1784397486077,1784397488174.0,1784397488502.3335,101.775,2097.0,328.333,1784396108174.0,2527.108
ss-42-780000,1784397480025.2131,1784397480828,1784397488174.0,1784397488502.3337,802.787,7346.0,328.334,1784396108174.0,8477.121
ss-18-780000,1784397483575.1926,1784397483977,1784397488174.0,1784397488502.3372,401.807,4197.0,328.337,1784396108174.0,4927.145
ss-4-780000,1784397486625.2136,1784397487127,1784397488174.0,1784397488502.368,501.786,1047.0,328.368,1784396108174.0,1877.154
ss-31-780000,1784397487825.2249,1784397488079,1784397488174.0,1784397488502.369,253.775,95.0,328.369,1784396108174.0,677.144
ss-94-780000,1784397478275.1907,1784397478727,1784397488174.0,1784397488502.3738,451.809,9447.0,328.374,1784396108174.0,10227.183
ss-12-780000,1784397484375.199,1784397485027,1784397488174.0,1784397488502.3794,651.801,3147.0,328.379,1784396108174.0,4127.18
ss-74-780000,1784397487325.21,1784397488079,1784397488174.0,1784397488502.38,753.79,95.0,328.38,1784396108174.0,1177.17
ss-25-780000,1784397483475.2136,1784397483977,1784397488174.0,1784397488502.3801,501.786,4197.0,328.38,1784396108174.0,5027.167
ss-77-780000,1784397487875.2239,1784397488079,1784397488174.0,1784397488502.3806,203.776,95.0,328.381,1784396108174.0,627.157
ss-36-780000,1784397486525.2258,1784397487127,1784397488174.0,1784397488502.381,601.774,1047.0,328.381,1784396108174.0,1977.155
ss-92-780000,1784397482675.1917,1784397482927,1784397488174.0,1784397488502.4614,251.808,5247.0,328.461,1784396108174.0,5827.27
ss-23-780000,1784397485925.2078,1784397486077,1784397488174.0,1784397488502.4663,151.792,2097.0,328.466,1784396108174.0,2577.259
ss-80-780000,1784397487275.2014,1784397488079,1784397488174.0,1784397488502.4668,803.799,95.0,328.467,1784396108174.0,1227.265
ss-82-780000,1784397483325.2144,1784397483977,1784397488174.0,1784397488502.467,651.786,4197.0,328.467,1784396108174.0,5177.253
ss-56-780000,1784397487725.2292,1784397488079,1784397488174.0,1784397488502.4675,353.771,95.0,328.468,1784396108174.0,777.238
ss-45-780000,1784397485875.1992,1784397486077,1784397488174.0,1784397488502.4678,201.801,2097.0,328.468,1784396108174.0,2627.269
ss-50-780000,1784397484675.1985,1784397485027,1784397488174.0,1784397488502.4683,351.802,3147.0,328.468,1784396108174.0,3827.27
ss-22-780000,1784397485825.2175,1784397486077,1784397488174.0,1784397488502.471,251.782,2097.0,328.471,1784396108174.0,2677.253
ss-38-780000,1784397487375.2017,1784397488079,1784397488174.0,1784397488502.4714,703.798,95.0,328.471,1784396108174.0,1127.27
ss-88-780000,1784397482725.192,1784397482927,1784397488174.0,1784397488502.4717,201.808,5247.0,328.472,1784396108174.0,5777.28
ss-53-780000,1784397485225.1929,1784397486077,1784397488174.0,1784397488502.4722,851.807,2097.0,328.472,1784396108174.0,3277.279
ss-65-780000,1784397483675.1958,1784397483977,1784397488174.0,1784397488502.4724,301.804,4197.0,328.472,1784396108174.0,4827.277
ss-43-780000,1784397486725.213,1784397487127,1784397488174.0,1784397488502.473,401.787,1047.0,328.473,1784396108174.0,1777.26
ss-20-780000,1784397484975.2253,1784397485027,1784397488174.0,1784397488502.4731,51.775,3147.0,328.473,1784396108174.0,3527.248
ss-60-780000,1784397487425.197,1784397488079,1784397488174.0,1784397488502.4736,653.803,95.0,328.474,1784396108174.0,1077.277
ss-2-780000,1784397485725.201,1784397486077,1784397488174.0,1784397488502.4739,351.799,2097.0,328.474,1784396108174.0,2777.273
ss-76-780000,1784397487675.2368,1784397488079,1784397488175.0,1784397488502.4744,403.763,96.0,327.474,1784396108175.0,827.238
ss-7-780000,1784397483975.1965,1784397483977,1784397488175.0,1784397488502.477,1.803,4198.0,327.477,1784396108175.0,4527.281
ss-49-780000,1784397486175.2258,1784397487127,1784397488175.0,1784397488502.4775,951.774,1048.0,327.478,1784396108175.0,2327.252
ss-90-780000,1784397487625.232,1784397488079,1784397488175.0,1784397488502.4778,453.768,96.0,327.478,1784396108175.0,877.246
ss-79-780000,1784397480575.2112,1784397480828,1784397488175.0,1784397488502.4832,252.789,7347.0,327.483,1784396108175.0,7927.272
ss-71-780000,1784397486025.2185,1784397486077,1784397488175.0,1784397488502.4836,51.781,2098.0,327.484,1784396108175.0,2477.265
ss-3-780000,1784397483725.1921,1784397483977,1784397488175.0,1784397488502.484,251.808,4198.0,327.484,1784396108175.0,4777.292
ss-26-780000,1784397487475.2122,1784397488079,1784397488175.0,1784397488502.5054,603.788,96.0,327.505,1784396108175.0,1027.293
ss-97-780000,1784397484725.2048,1784397485027,1784397488175.0,1784397488502.5059,301.795,3148.0,327.506,1784396108175.0,3777.301
ss-13-780000,1784397478675.2126,1784397478727,1784397488175.0,1784397488502.5063,51.787,9448.0,327.506,1784396108175.0,9827.294
ss-41-780000,1784397484125.2012,1784397485027,1784397488175.0,1784397488502.5076,901.799,3148.0,327.508,1784396108175.0,4377.306
ss-85-780000,1784397486675.2134,1784397487127,1784397488175.0,1784397488502.508,451.787,1048.0,327.508,1784396108175.0,1827.295
ss-35-780000,1784397479025.2104,1784397479777,1784397488175.0,1784397488502.5083,751.79,8398.0,327.508,1784396108175.0,9477.298
ss-52-780000,1784397485575.213,1784397486077,1784397488175.0,1784397488502.5088,501.787,2098.0,327.509,1784396108175.0,2927.296
ss-21-780000,1784397484275.196,1784397485027,1784397488175.0,1784397488502.5286,751.804,3148.0,327.529,1784396108175.0,4227.333
ss-68-780000,1784397486125.2156,1784397487127,1784397488175.0,1784397488502.529,1001.784,1048.0,327.529,1784396108175.0,2377.313
ss-8-780000,1784397486275.2302,1784397487127,1784397488175.0,1784397488502.5295,851.77,1048.0,327.53,1784396108175.0,2227.299
ss-64-780000,1784397482325.2166,1784397482927,1784397488175.0,1784397488502.5298,601.783,5248.0,327.53,1784396108175.0,6177.313
ss-1-780000,1784397484025.1985,1784397485027,1784397488175.0,1784397488502.53,1001.802,3148.0,327.53,1784396108175.0,4477.332
ss-15-780000,1784397486325.2417,1784397487127,1784397488175.0,1784397488502.5303,801.758,1048.0,327.53,1784396108175.0,2177.289
ss-39-780000,1784397481825.2236,1784397481877,1784397488175.0,1784397488502.5308,51.776,6298.0,327.531,1784396108175.0,6677.307
ss-47-780000,1784397487775.23,1784397488079,1784397488175.0,1784397488502.625,303.77,96.0,327.625,1784396108175.0,727.395
ss-83-780000,1784397481925.2295,1784397482927,1784397488175.0,1784397488502.6257,1001.771,5248.0,327.626,1784396108175.0,6577.396
ss-34-780000,1784397486925.2114,1784397487127,1784397488175.0,1784397488502.626,201.789,1048.0,327.626,1784396108175.0,1577.415
ss-73-780000,1784397481275.191,1784397481877,1784397488175.0,1784397488502.6309,601.809,6298.0,327.631,1784396108175.0,7227.44
ss-95-780000,1784397481625.2212,1784397481877,1784397488175.0,1784397488502.631,251.779,6298.0,327.631,1784396108175.0,6877.41
ss-32-780000,1784397485275.216,1784397486077,1784397488175.0,1784397488502.6313,801.784,2098.0,327.631,1784396108175.0,3227.415
ss-27-780000,1784397487925.2222,1784397488079,1784397488175.0,1784397488502.6316,153.778,96.0,327.632,1784396108175.0,577.409
ss-46-780000,1784397481775.1936,1784397481877,1784397488175.0,1784397488502.6318,101.806,6298.0,327.632,1784396108175.0,6727.438
ss-70-780000,1784397482925.202,1784397482927,1784397488175.0,1784397488502.6343,1.798,5248.0,327.634,1784396108175.0,5577.432
ss-96-780000,1784397487975.2246,1784397488079,1784397488175.0,1784397488502.6345,103.775,96.0,327.635,1784396108175.0,527.41
ss-11-780000,1784397486875.2126,1784397487127,1784397488175.0,1784397488502.6348,251.787,1048.0,327.635,1784396108175.0,1627.422
ss-59-780000,1784397483875.1934,1784397483977,1784397488175.0,1784397488502.635,101.807,4198.0,327.635,1784396108175.0,4627.442
ss-44-780000,1784397486375.2122,1784397487127,1784397488175.0,1784397488502.6353,751.788,1048.0,327.635,1784396108175.0,2127.423
ss-91-780000,1784397485675.2104,1784397486077,1784397488175.0,1784397488502.6355,401.79,2098.0,327.635,1784396108175.0,2827.425
ss-66-780000,1784397483825.2034,1784397483977,1784397488175.0,1784397488502.6357,151.797,4198.0,327.636,1784396108175.0,4677.432
ss-16-780000,1784397487575.1956,1784397488079,1784397488175.0,1784397488502.636,503.804,96.0,327.636,1784396108175.0,927.44
ss-14-780000,1784397486075.2197,1784397486077,1784397488175.0,1784397488502.6362,1.78,2098.0,327.636,1784396108175.0,2427.417
ss-86-780000,1784397488025.2083,1784397488079,1784397488175.0,1784397488502.6365,53.792,96.0,327.636,1784396108175.0,477.428
ss-24-780000,1784397486475.2207,1784397487127,1784397488175.0,1784397488502.6367,651.779,1048.0,327.637,1784396108175.0,2027.416
ss-19-780000,1784397486775.2139,1784397487127,1784397488175.0,1784397488502.637,351.786,1048.0,327.637,1784396108175.0,1727.423
ss-55-780000,1784397483925.1958,1784397483977,1784397488175.0,1784397488502.6392,51.804,4198.0,327.639,1784396108175.0,4577.443
ss-63-780000,1784397485325.2021,1784397486077,1784397488175.0,1784397488502.6394,751.798,2098.0,327.639,1784396108175.0,3177.437
ss-57-780000,1784397487525.21,1784397488079,1784397488175.0,1784397488502.6396,553.79,96.0,327.64,1784396108175.0,977.43
ss-30-780000,1784397487075.2043,1784397487127,1784397488175.0,1784397488502.64,51.796,1048.0,327.64,1784396108175.0,1427.436
ss-6-780000,1784397484825.2297,1784397485027,1784397488175.0,1784397488502.64,201.77,3148.0,327.64,1784396108175.0,3677.41
ss-29-780000,1784397481075.216,1784397481877,1784397488175.0,1784397488502.6401,801.784,6298.0,327.64,1784396108175.0,7427.424
ss-87-780000,1784397480725.1958,1784397480828,1784397488175.0,1784397488502.6404,102.804,7347.0,327.64,1784396108175.0,7777.445
ss-75-780000,1784397485025.2312,1784397485027,1784397488175.0,1784397488502.6406,1.769,3148.0,327.641,1784396108175.0,3477.409
ss-9-780000,1784397483775.194,1784397483977,1784397488175.0,1784397488502.6409,201.806,4198.0,327.641,1784396108175.0,4727.447
ss-72-780000,1784397483275.2156,1784397483977,1784397488175.0,1784397488502.641,701.784,4198.0,327.641,1784396108175.0,5227.426
