event_id,t0_ms,t1_ms,t2_ms,t3_ms,write_to_input_append_latency_ms,input_append_to_result_emission_latency_ms,l_visibility_ms,l_closure_ms,latency_ms
tc-0-0,1784623476312.2432,1784623477054,1784623479113.0,1784623479244.0703,741.757,2059.0,131.07,1784623419113.0,2931.827
tc-1-0,1784623476612.232,1784623477054,1784623479119.0,1784623479244.0737,441.768,2065.0,125.074,1784623419119.0,2631.842
tc-10-0,1784623475752.2383,1784623476045,1784623479119.0,1784623479244.0747,292.762,3074.0,125.075,1784623419119.0,3491.836
tc-11-0,1784623476052.2546,1784623477054,1784623479120.0,1784623479244.0754,1001.745,2066.0,124.075,1784623419120.0,3191.821
tc-12-0,1784623473332.2324,1784623474029,1784623479120.0,1784623479244.0764,696.768,5091.0,124.076,1784623419120.0,5911.844
tc-13-0,1784623476362.2266,1784623477054,1784623479120.0,1784623479244.0771,691.773,2066.0,124.077,1784623419120.0,2881.851
tc-14-0,1784623476542.233,1784623477054,1784623479120.0,1784623479244.078,511.767,2066.0,124.078,1784623419120.0,2701.845
tc-15-0,1784623475932.2266,1784623476045,1784623479120.0,1784623479244.0823,112.773,3075.0,124.082,1784623419120.0,3311.856
tc-16-0,1784623476502.2393,1784623477054,1784623479120.0,1784623479244.0837,551.761,2066.0,124.084,1784623419120.0,2741.844
tc-17-0,1784623476012.2336,1784623476045,1784623479120.0,1784623479244.0842,32.766,3075.0,124.084,1784623419120.0,3231.851
tc-18-0,1784623475432.2273,1784623476045,1784623479120.0,1784623479244.0847,612.773,3075.0,124.085,1784623419120.0,3811.857
tc-19-0,1784623476372.2307,1784623477054,1784623479121.0,1784623479244.0852,681.769,2067.0,123.085,1784623419121.0,2871.854
tc-2-0,1784623476262.2297,1784623477054,1784623479121.0,1784623479244.0974,791.77,2067.0,123.097,1784623419121.0,2981.868
tc-20-0,1784623474252.2368,1784623475035,1784623479121.0,1784623479244.0981,782.763,4086.0,123.098,1784623419121.0,4991.861
tc-21-0,1784623475832.2324,1784623476045,1784623479121.0,1784623479244.0986,212.768,3076.0,123.099,1784623419121.0,3411.866
tc-22-0,1784623473912.234,1784623474029,1784623479121.0,1784623479244.0989,116.766,5092.0,123.099,1784623419121.0,5331.865
tc-23-0,1784623472862.227,1784623473042,1784623479121.0,1784623479244.0994,179.773,6079.0,123.099,1784623419121.0,6381.872
tc-24-0,1784623476022.2393,1784623476045,1784623479121.0,1784623479244.1,22.761,3076.0,123.1,1784623419121.0,3221.861
tc-25-0,1784623475502.2397,1784623476045,1784623479121.0,1784623479244.1006,542.76,3076.0,123.101,1784623419121.0,3741.861
tc-26-0,1784623475742.24,1784623476045,1784623479121.0,1784623479244.101,302.76,3076.0,123.101,1784623419121.0,3501.861
tc-27-0,1784623476202.2268,1784623477054,1784623479121.0,1784623479244.1013,851.773,2067.0,123.101,1784623419121.0,3041.875
tc-28-0,1784623476592.2302,1784623477054,1784623479122.0,1784623479244.1018,461.77,2068.0,122.102,1784623419122.0,2651.872
tc-29-0,1784623474702.245,1784623475035,1784623479122.0,1784623479244.1023,332.755,4087.0,122.102,1784623419122.0,4541.857
tc-3-0,1784623475702.2239,1784623476045,1784623479122.0,1784623479244.1025,342.776,3077.0,122.103,1784623419122.0,3541.879
tc-30-0,1784623476062.2334,1784623477054,1784623479122.0,1784623479244.107,991.767,2068.0,122.107,1784623419122.0,3181.874
tc-31-0,1784623476222.2446,1784623477054,1784623479122.0,1784623479244.1123,831.755,2068.0,122.112,1784623419122.0,3021.868
tc-32-0,1784623476512.2356,1784623477054,1784623479122.0,1784623479244.1128,541.764,2068.0,122.113,1784623419122.0,2731.877
tc-33-0,1784623476072.2302,1784623477054,1784623479122.0,1784623479244.1504,981.77,2068.0,122.15,1784623419122.0,3171.92
tc-34-0,1784623476212.2356,1784623477054,1784623479122.0,1784623479244.1514,841.764,2068.0,122.151,1784623419122.0,3031.916
tc-35-0,1784623476162.2366,1784623477054,1784623479122.0,1784623479244.1519,891.763,2068.0,122.152,1784623419122.0,3081.915
tc-36-0,1784623475852.246,1784623476045,1784623479123.0,1784623479244.152,192.754,3078.0,121.152,1784623419123.0,3391.906
tc-37-0,1784623475212.2231,1784623476045,1784623479123.0,1784623479244.1526,832.777,3078.0,121.153,1784623419123.0,4031.929
tc-38-0,1784623476622.2314,1784623477054,1784623479123.0,1784623479244.2383,431.769,2069.0,121.238,1784623419123.0,2622.007
tc-39-0,1784623476252.2407,1784623477054,1784623479123.0,1784623479244.2397,801.759,2069.0,121.24,1784623419123.0,2991.999
tc-4-0,1784623476482.237,1784623477054,1784623479123.0,1784623479244.24,571.763,2069.0,121.24,1784623419123.0,2762.003
tc-40-0,1784623475452.2283,1784623476045,1784623479123.0,1784623479244.2463,592.772,3078.0,121.246,1784623419123.0,3792.018
tc-41-0,1784623475472.2283,1784623476045,1784623479123.0,1784623479244.2468,572.772,3078.0,121.247,1784623419123.0,3772.019
tc-42-0,1784623475992.223,1784623476045,1784623479123.0,1784623479244.2522,52.777,3078.0,121.252,1784623419123.0,3252.029
tc-43-0,1784623476143.5403,1784623477054,1784623479123.0,1784623479244.2527,910.46,2069.0,121.253,1784623419123.0,3100.712
tc-44-0,1784623475442.2263,1784623476045,1784623479123.0,1784623479244.253,602.774,3078.0,121.253,1784623419123.0,3802.027
tc-45-0,1784623474322.231,1784623475035,1784623479123.0,1784623479244.2585,712.769,4088.0,121.259,1784623419123.0,4922.028
tc-46-0,1784623476172.2266,1784623477054,1784623479124.0,1784623479244.2622,881.773,2070.0,120.262,1784623419124.0,3072.036
tc-47-0,1784623475682.232,1784623476045,1784623479124.0,1784623479244.2627,362.768,3079.0,120.263,1784623419124.0,3562.031
tc-48-0,1784623476132.2358,1784623477054,1784623479124.0,1784623479244.492,921.764,2070.0,120.492,1784623419124.0,3112.256
tc-49-0,1784623476582.2356,1784623477054,1784623479124.0,1784623479244.4927,471.764,2070.0,120.493,1784623419124.0,2662.257
tc-5-0,1784623476452.2327,1784623477054,1784623479124.0,1784623479244.4932,601.767,2070.0,120.493,1784623419124.0,2792.26
tc-50-0,1784623476322.233,1784623477054,1784623479124.0,1784623479244.4934,731.767,2070.0,120.493,1784623419124.0,2922.26
tc-51-0,1784623476232.2295,1784623477054,1784623479124.0,1784623479244.494,821.771,2070.0,120.494,1784623419124.0,3012.264
tc-52-0,1784623476112.2302,1784623477054,1784623479124.0,1784623479244.4941,941.77,2070.0,120.494,1784623419124.0,3132.264
tc-53-0,1784623475842.232,1784623476045,1784623479124.0,1784623479244.4944,202.768,3079.0,120.494,1784623419124.0,3402.262
tc-54-0,1784623475692.2383,1784623476045,1784623479124.0,1784623479244.4949,352.762,3079.0,120.495,1784623419124.0,3552.257
tc-55-0,1784623471492.24,1784623473042,1784623479125.0,1784623479244.495,1549.76,6083.0,119.495,1784623419125.0,7752.255
tc-56-0,1784623473452.2458,1784623474029,1784623479125.0,1784623479244.5403,576.754,5096.0,119.54,1784623419125.0,5792.294
tc-57-0,1784623476352.23,1784623477054,1784623479125.0,1784623479244.5422,701.77,2071.0,119.542,1784623419125.0,2892.312
tc-58-0,1784623476432.2327,1784623477054,1784623479125.0,1784623479244.5427,621.767,2071.0,119.543,1784623419125.0,2812.31
tc-59-0,1784623476342.2366,1784623477054,1784623479125.0,1784623479244.5432,711.763,2071.0,119.543,1784623419125.0,2902.307
tc-6-0,1784623475812.2493,1784623476045,1784623479125.0,1784623479244.5435,232.751,3080.0,119.543,1784623419125.0,3432.294
tc-60-0,1784623476292.2349,1784623477054,1784623479125.0,1784623479244.544,761.765,2071.0,119.544,1784623419125.0,2952.309
tc-61-0,1784623475912.2322,1784623476045,1784623479125.0,1784623479244.5444,132.768,3080.0,119.544,1784623419125.0,3332.312
tc-62-0,1784623475402.2378,1784623476045,1784623479125.0,1784623479244.5447,642.762,3080.0,119.545,1784623419125.0,3842.307
tc-63-0,1784623475972.228,1784623476045,1784623479125.0,1784623479244.5452,72.772,3080.0,119.545,1784623419125.0,3272.317
tc-64-0,1784623475962.2324,1784623476045,1784623479126.0,1784623479244.5457,82.768,3081.0,118.546,1784623419126.0,3282.313
tc-65-0,1784623475662.2358,1784623476045,1784623479126.0,1784623479244.546,382.764,3081.0,118.546,1784623419126.0,3582.31
tc-66-0,1784623476382.243,1784623477054,1784623479126.0,1784623479244.556,671.757,2072.0,118.556,1784623419126.0,2862.313
tc-67-0,1784623476562.2356,1784623477054,1784623479126.0,1784623479244.5564,491.764,2072.0,118.556,1784623419126.0,2682.321
tc-68-0,1784623474842.2283,1784623475035,1784623479126.0,1784623479244.5571,192.772,4091.0,118.557,1784623419126.0,4402.329
tc-69-0,1784623474032.2424,1784623475035,1784623479126.0,1784623479244.5576,1002.758,4091.0,118.558,1784623419126.0,5212.315
tc-7-0,1784623476152.2463,1784623477054,1784623479126.0,1784623479244.5579,901.754,2072.0,118.558,1784623419126.0,3092.312
tc-70-0,1784623476442.2427,1784623477054,1784623479126.0,1784623479244.5908,611.757,2072.0,118.591,1784623419126.0,2802.348
tc-71-0,1784623473152.24,1784623474029,1784623479126.0,1784623479244.5916,876.76,5097.0,118.592,1784623419126.0,6092.352
tc-72-0,1784623476472.2307,1784623477054,1784623479126.0,1784623479244.592,581.769,2072.0,118.592,1784623419126.0,2772.361
tc-73-0,1784623471312.2368,1784623473042,1784623479127.0,1784623479244.6565,1729.763,6085.0,117.656,1784623419127.0,7932.42
tc-74-0,1784623476572.2292,1784623477054,1784623479127.0,1784623479244.6572,481.771,2073.0,117.657,1784623419127.0,2672.428
tc-75-0,1784623476302.2317,1784623477054,1784623479127.0,1784623479244.6577,751.768,2073.0,117.658,1784623419127.0,2942.426
tc-76-0,1784623476602.2312,1784623477054,1784623479127.0,1784623479244.658,451.769,2073.0,117.658,1784623419127.0,2642.427
tc-77-0,1784623475312.2246,1784623476045,1784623479127.0,1784623479244.669,732.775,3082.0,117.669,1784623419127.0,3932.444
tc-78-0,1784623474992.224,1784623475035,1784623479127.0,1784623479244.6694,42.776,4092.0,117.669,1784623419127.0,4252.445
tc-79-0,1784623473482.239,1784623474029,1784623479127.0,1784623479244.678,546.761,5098.0,117.678,1784623419127.0,5762.439
tc-8-0,1784623475542.2358,1784623476045,1784623479127.0,1784623479244.6785,502.764,3082.0,117.678,1784623419127.0,3702.443
tc-80-0,1784623475322.2312,1784623476045,1784623479127.0,1784623479244.6787,722.769,3082.0,117.679,1784623419127.0,3922.448
tc-81-0,1784623476522.24,1784623477054,1784623479127.0,1784623479244.7126,531.76,2073.0,117.713,1784623419127.0,2722.473
tc-82-0,1784623476412.235,1784623477054,1784623479127.0,1784623479244.7134,641.765,2073.0,117.713,1784623419127.0,2832.478
tc-83-0,1784623475882.2258,1784623476045,1784623479127.0,1784623479244.7139,162.774,3082.0,117.714,1784623419127.0,3362.488
tc-84-0,1784623475622.236,1784623476045,1784623479128.0,1784623479244.7915,422.764,3083.0,116.792,1784623419128.0,3622.555
tc-85-0,1784623475922.2275,1784623476045,1784623479128.0,1784623479244.7925,122.772,3083.0,116.792,1784623419128.0,3322.565
tc-86-0,1784623475122.2234,1784623476045,1784623479128.0,1784623479244.8184,922.777,3083.0,116.818,1784623419128.0,4122.595
tc-87-0,1784623476392.2341,1784623477054,1784623479128.0,1784623479244.8462,661.766,2074.0,116.846,1784623419128.0,2852.612
tc-88-0,1784623475112.2253,1784623476045,1784623479128.0,1784623479244.847,932.775,3083.0,116.847,1784623419128.0,4132.622
tc-89-0,1784623476532.2378,1784623477054,1784623479128.0,1784623479244.8767,521.762,2074.0,116.877,1784623419128.0,2712.639
tc-9-0,1784623476552.2432,1784623477054,1784623479128.0,1784623479244.8772,501.757,2074.0,116.877,1784623419128.0,2692.634
tc-90-0,1784623476282.2454,1784623477054,1784623479128.0,1784623479244.8777,771.755,2074.0,116.878,1784623419128.0,2962.632
tc-91-0,1784623476492.2266,1784623477054,1784623479128.0,1784623479244.878,561.773,2074.0,116.878,1784623419128.0,2752.651
tc-92-0,1784623476402.231,1784623477054,1784623479128.0,1784623479244.8857,651.769,2074.0,116.886,1784623419128.0,2842.655
tc-93-0,1784623475762.25,1784623476045,1784623479128.0,1784623479244.8865,282.75,3083.0,116.886,1784623419128.0,3482.636
tc-94-0,1784623475872.2263,1784623476045,1784623479129.0,1784623479244.89,172.774,3084.0,115.89,1784623419129.0,3372.664
tc-95-0,1784623475042.2473,1784623476045,1784623479129.0,1784623479244.8904,1002.753,3084.0,115.89,1784623419129.0,4202.643
tc-96-0,1784623475782.2424,1784623476045,1784623479129.0,1784623479244.988,262.758,3084.0,115.988,1784623419129.0,3462.746
tc-97-0,1784623476422.2356,1784623477054,1784623479129.0,1784623479244.99,631.764,2075.0,115.99,1784623419129.0,2822.754
tc-98-0,1784623474982.2278,1784623475035,1784623479129.0,1784623479244.9905,52.772,4094.0,115.99,1784623419129.0,4262.763
tc-99-0,1784623473552.2488,1784623474029,1784623479129.0,1784623479244.991,476.751,5100.0,115.991,1784623419129.0,5692.742
tc-0-60000,1784623481492.2395,1784623482105,1784623484664.0,1784623484718.0488,612.76,2559.0,54.049,1784623364664.0,3225.809
tc-1-60000,1784623480362.2397,1784623481094,1784623484664.0,1784623484718.0654,731.76,3570.0,54.065,1784623364664.0,4355.826
tc-10-60000,1784623481632.2275,1784623482105,1784623484664.0,1784623484718.0671,472.772,2559.0,54.067,1784623364664.0,3085.84
tc-11-60000,1784623481432.2307,1784623482105,1784623484664.0,1784623484718.0679,672.769,2559.0,54.068,1784623364664.0,3285.837
tc-12-60000,1784623481672.2356,1784623482105,1784623484665.0,1784623484718.0686,432.764,2560.0,53.069,1784623364665.0,3045.833
tc-13-60000,1784623482572.2341,1784623483114,1784623484665.0,1784623484718.0698,541.766,1551.0,53.07,1784623364665.0,2145.836
tc-14-60000,1784623481612.2424,1784623482105,1784623484665.0,1784623484718.0706,492.758,2560.0,53.071,1784623364665.0,3105.828
tc-15-60000,1784623482392.2334,1784623483114,1784623484665.0,1784623484718.0713,721.767,1551.0,53.071,1784623364665.0,2325.838
tc-16-60000,1784623481212.2468,1784623482105,1784623484665.0,1784623484718.072,892.753,2560.0,53.072,1784623364665.0,3505.825
tc-17-60000,1784623480132.243,1784623481094,1784623484665.0,1784623484718.0754,961.757,3571.0,53.075,1784623364665.0,4585.833
tc-18-60000,1784623482252.2488,1784623483114,1784623484665.0,1784623484718.0762,861.751,1551.0,53.076,1784623364665.0,2465.827
tc-19-60000,1784623482112.2358,1784623483114,1784623484665.0,1784623484718.0925,1001.764,1551.0,53.093,1784623364665.0,2605.857
tc-2-60000,1784623481262.2412,1784623482105,1784623484665.0,1784623484718.094,842.759,2560.0,53.094,1784623364665.0,3455.853
tc-20-60000,1784623482462.2346,1784623483114,1784623484665.0,1784623484718.0955,651.765,1551.0,53.095,1784623364665.0,2255.861
tc-21-60000,1784623482082.2373,1784623482105,1784623484665.0,1784623484718.3594,22.763,2560.0,53.359,1784623364665.0,2636.122
tc-22-60000,1784623479852.2407,1784623480085,1784623484665.0,1784623484718.362,232.759,4580.0,53.362,1784623364665.0,4866.121
tc-23-60000,1784623482522.2393,1784623483114,1784623484665.0,1784623484718.363,591.761,1551.0,53.363,1784623364665.0,2196.124
tc-24-60000,1784623482062.226,1784623482105,1784623484665.0,1784623484718.364,42.774,2560.0,53.364,1784623364665.0,2656.138
tc-25-60000,1784623482612.2031,1784623483114,1784623484665.0,1784623484718.365,501.797,1551.0,53.365,1784623364665.0,2106.162
tc-26-60000,1784623482172.2302,1784623483114,1784623484666.0,1784623484718.3657,941.77,1552.0,52.366,1784623364666.0,2546.135
tc-27-60000,1784623482592.2402,1784623483114,1784623484666.0,1784623484718.3667,521.76,1552.0,52.367,1784623364666.0,2126.126
tc-28-60000,1784623482222.2354,1784623483114,1784623484666.0,1784623484718.3674,891.765,1552.0,52.367,1784623364666.0,2496.132
tc-29-60000,1784623482372.2368,1784623483114,1784623484666.0,1784623484718.3682,741.763,1552.0,52.368,1784623364666.0,2346.131
tc-3-60000,1784623480992.2263,1784623481094,1784623484666.0,1784623484718.3687,101.774,3572.0,52.369,1784623364666.0,3726.142
tc-30-60000,1784623480732.2217,1784623481094,1784623484666.0,1784623484718.3694,361.778,3572.0,52.369,1784623364666.0,3986.148
tc-31-60000,1784623482012.2336,1784623482105,1784623484666.0,1784623484718.3699,92.766,2561.0,52.37,1784623364666.0,2706.136
tc-32-60000,1784623482582.2395,1784623483114,1784623484666.0,1784623484718.3708,531.76,1552.0,52.371,1784623364666.0,2136.131
tc-33-60000,1784623482412.2378,1784623483114,1784623484666.0,1784623484718.4526,701.762,1552.0,52.453,1784623364666.0,2306.215
tc-34-60000,1784623481972.2666,1784623482105,1784623484666.0,1784623484718.688,132.733,2561.0,52.688,1784623364666.0,2746.421
tc-35-60000,1784623482142.2349,1784623483114,1784623484666.0,1784623484718.7034,971.765,1552.0,52.703,1784623364666.0,2576.469
tc-36-60000,1784623481472.2488,1784623482105,1784623484666.0,1784623484718.7043,632.751,2561.0,52.704,1784623364666.0,3246.456
tc-37-60000,1784623478162.2336,1784623479074,1784623484666.0,1784623484718.705,911.766,5592.0,52.705,1784623364666.0,6556.471
tc-38-60000,1784623482132.2373,1784623483114,1784623484667.0,1784623484718.7058,981.763,1553.0,51.706,1784623364667.0,2586.469
tc-39-60000,1784623480892.2231,1784623481094,1784623484667.0,1784623484718.7063,201.777,3573.0,51.706,1784623364667.0,3826.483
tc-4-60000,1784623482192.2366,1784623483114,1784623484667.0,1784623484718.707,921.763,1553.0,51.707,1784623364667.0,2526.47
tc-40-60000,1784623481242.285,1784623482105,1784623484667.0,1784623484718.7075,862.715,2562.0,51.708,1784623364667.0,3476.423
tc-41-60000,1784623482052.2307,1784623482105,1784623484667.0,1784623484718.7087,52.769,2562.0,51.709,1784623364667.0,2666.478
tc-42-60000,1784623481932.2449,1784623482105,1784623484667.0,1784623484718.7144,172.755,2562.0,51.714,1784623364667.0,2786.469
tc-43-60000,1784623478312.1965,1784623479074,1784623484667.0,1784623484718.715,761.803,5593.0,51.715,1784623364667.0,6406.519
tc-44-60000,1784623482622.2344,1784623483114,1784623484667.0,1784623484718.7156,491.766,1553.0,51.716,1784623364667.0,2096.481
tc-45-60000,1784623478572.2422,1784623479074,1784623484667.0,1784623484718.7163,501.758,5593.0,51.716,1784623364667.0,6146.474
tc-46-60000,1784623481072.2405,1784623481094,1784623484667.0,1784623484718.7168,21.76,3573.0,51.717,1784623364667.0,3646.476
tc-47-60000,1784623481722.242,1784623482105,1784623484667.0,1784623484718.7175,382.758,2562.0,51.718,1784623364667.0,2996.476
tc-48-60000,1784623480792.2256,1784623481094,1784623484667.0,1784623484718.718,301.774,3573.0,51.718,1784623364667.0,3926.492
tc-49-60000,1784623482552.2407,1784623483114,1784623484667.0,1784623484718.7185,561.759,1553.0,51.719,1784623364667.0,2166.478
tc-5-60000,1784623481002.231,1784623481094,1784623484667.0,1784623484718.727,91.769,3573.0,51.727,1784623364667.0,3716.496
tc-50-60000,1784623481682.235,1784623482105,1784623484667.0,1784623484718.7275,422.765,2562.0,51.728,1784623364667.0,3036.492
tc-51-60000,1784623482442.2317,1784623483114,1784623484667.0,1784623484718.7905,671.768,1553.0,51.791,1784623364667.0,2276.559
tc-52-60000,1784623482502.2336,1784623483114,1784623484668.0,1784623484718.7915,611.766,1554.0,50.792,1784623364668.0,2216.558
tc-53-60000,1784623482432.239,1784623483114,1784623484668.0,1784623484718.7935,681.761,1554.0,50.793,1784623364668.0,2286.554
tc-54-60000,1784623482472.2363,1784623483114,1784623484668.0,1784623484718.794,641.764,1554.0,50.794,1784623364668.0,2246.558
tc-55-60000,1784623482402.238,1784623483114,1784623484668.0,1784623484718.9373,711.762,1554.0,50.937,1784623364668.0,2316.699
tc-56-60000,1784623480262.2463,1784623481094,1784623484668.0,1784623484718.9392,831.754,3574.0,50.939,1784623364668.0,4456.693
tc-57-60000,1784623481862.2358,1784623482105,1784623484668.0,1784623484718.94,242.764,2563.0,50.94,1784623364668.0,2856.704
tc-58-60000,1784623482482.2373,1784623483114,1784623484668.0,1784623484718.9407,631.763,1554.0,50.941,1784623364668.0,2236.703
tc-59-60000,1784623482242.2395,1784623483114,1784623484668.0,1784623484718.9414,871.76,1554.0,50.941,1784623364668.0,2476.702
tc-6-60000,1784623480632.2249,1784623481094,1784623484668.0,1784623484718.9524,461.775,3574.0,50.952,1784623364668.0,4086.728
tc-60-60000,1784623481332.2483,1784623482105,1784623484668.0,1784623484718.953,772.752,2563.0,50.953,1784623364668.0,3386.705
tc-61-60000,1784623481202.2432,1784623482105,1784623484668.0,1784623484719.0303,902.757,2563.0,51.03,1784623364668.0,3516.787
tc-62-60000,1784623482562.2305,1784623483114,1784623484668.0,1784623484719.0315,551.77,1554.0,51.031,1784623364668.0,2156.801
tc-63-60000,1784623481602.2522,1784623482105,1784623484668.0,1784623484719.0452,502.748,2563.0,51.045,1784623364668.0,3116.793
tc-64-60000,1784623481962.2302,1784623482105,1784623484668.0,1784623484719.0461,142.77,2563.0,51.046,1784623364668.0,2756.816
tc-65-60000,1784623481552.2324,1784623482105,1784623484668.0,1784623484719.0469,552.768,2563.0,51.047,1784623364668.0,3166.814
tc-66-60000,1784623482032.2388,1784623482105,1784623484668.0,1784623484719.0474,72.761,2563.0,51.047,1784623364668.0,2686.809
tc-67-60000,1784623481462.253,1784623482105,1784623484668.0,1784623484719.048,642.747,2563.0,51.048,1784623364668.0,3256.795
tc-68-60000,1784623481792.2302,1784623482105,1784623484668.0,1784623484719.0488,312.77,2563.0,51.049,1784623364668.0,2926.819
tc-69-60000,1784623481752.2422,1784623482105,1784623484668.0,1784623484719.0496,352.758,2563.0,51.05,1784623364668.0,2966.807
tc-7-60000,1784623480312.2285,1784623481094,1784623484668.0,1784623484719.05,781.771,3574.0,51.05,1784623364668.0,4406.822
tc-70-60000,1784623481872.28,1784623482105,1784623484668.0,1784623484719.0842,232.72,2563.0,51.084,1784623364668.0,2846.804
tc-71-60000,1784623480232.2373,1784623481094,1784623484668.0,1784623484719.2505,861.763,3574.0,51.25,1784623364668.0,4487.013
tc-72-60000,1784623480042.2417,1784623480085,1784623484668.0,1784623484719.252,42.758,4583.0,51.252,1784623364668.0,4677.01
tc-73-60000,1784623482302.2395,1784623483114,1784623484668.0,1784623484719.253,811.76,1554.0,51.253,1784623364668.0,2417.013
tc-74-60000,1784623479902.2317,1784623480085,1784623484668.0,1784623484719.2537,182.768,4583.0,51.254,1784623364668.0,4817.022
tc-75-60000,1784623481062.2556,1784623481094,1784623484669.0,1784623484719.2551,31.744,3575.0,50.255,1784623364669.0,3657.0
tc-76-60000,1784623480782.2217,1784623481094,1784623484669.0,1784623484719.2559,311.778,3575.0,50.256,1784623364669.0,3937.034
tc-77-60000,1784623482262.2427,1784623483114,1784623484669.0,1784623484719.2563,851.757,1555.0,50.256,1784623364669.0,2457.014
tc-78-60000,1784623480442.2324,1784623481094,1784623484669.0,1784623484719.257,651.768,3575.0,50.257,1784623364669.0,4277.025
tc-79-60000,1784623482492.2354,1784623483114,1784623484669.0,1784623484719.2578,621.765,1555.0,50.258,1784623364669.0,2227.022
tc-8-60000,1784623481052.2412,1784623481094,1784623484669.0,1784623484719.2686,41.759,3575.0,50.269,1784623364669.0,3667.027
tc-80-60000,1784623482232.2312,1784623483114,1784623484669.0,1784623484719.2693,881.769,1555.0,50.269,1784623364669.0,2487.038
tc-81-60000,1784623481622.229,1784623482105,1784623484669.0,1784623484719.2786,482.771,2564.0,50.279,1784623364669.0,3097.05
tc-82-60000,1784623481942.2375,1784623482105,1784623484669.0,1784623484719.279,162.762,2564.0,50.279,1784623364669.0,2777.042
tc-83-60000,1784623482532.251,1784623483114,1784623484669.0,1784623484719.2795,581.749,1555.0,50.28,1784623364669.0,2187.029
tc-84-60000,1784623482092.2305,1784623482105,1784623484669.0,1784623484719.433,12.77,2564.0,50.433,1784623364669.0,2627.203
tc-85-60000,1784623481092.2341,1784623481094,1784623484669.0,1784623484719.4348,1.766,3575.0,50.435,1784623364669.0,3627.201
tc-86-60000,1784623482512.2285,1784623483114,1784623484669.0,1784623484719.4355,601.771,1555.0,50.436,1784623364669.0,2207.207
tc-87-60000,1784623480662.2432,1784623481094,1784623484669.0,1784623484719.4363,431.757,3575.0,50.436,1784623364669.0,4057.193
tc-88-60000,1784623481902.2297,1784623482105,1784623484669.0,1784623484719.437,202.77,2564.0,50.437,1784623364669.0,2817.207
tc-89-60000,1784623482422.235,1784623483114,1784623484669.0,1784623484719.4377,691.765,1555.0,50.438,1784623364669.0,2297.203
tc-9-60000,1784623480922.231,1784623481094,1784623484669.0,1784623484719.4385,171.769,3575.0,50.438,1784623364669.0,3797.208
tc-90-60000,1784623481402.2405,1784623482105,1784623484669.0,1784623484719.4392,702.76,2564.0,50.439,1784623364669.0,3317.199
tc-91-60000,1784623482602.2427,1784623483114,1784623484669.0,1784623484719.4492,511.757,1555.0,50.449,1784623364669.0,2117.207
tc-92-60000,1784623482342.2354,1784623483114,1784623484669.0,1784623484719.45,771.765,1555.0,50.45,1784623364669.0,2377.215
tc-93-60000,1784623482072.237,1784623482105,1784623484669.0,1784623484719.4507,32.763,2564.0,50.451,1784623364669.0,2647.214
tc-94-60000,1784623482282.2483,1784623483114,1784623484669.0,1784623484719.5613,831.752,1555.0,50.561,1784623364669.0,2437.313
tc-95-60000,1784623482312.234,1784623483114,1784623484669.0,1784623484719.5627,801.766,1555.0,50.563,1784623364669.0,2407.329
tc-96-60000,1784623481982.2566,1784623482105,1784623484669.0,1784623484719.571,122.743,2564.0,50.571,1784623364669.0,2737.314
tc-97-60000,1784623479832.2434,1784623480085,1784623484670.0,1784623484719.5715,252.757,4585.0,49.572,1784623364670.0,4887.328
tc-98-60000,1784623481382.2332,1784623482105,1784623484670.0,1784623484719.572,722.767,2565.0,49.572,1784623364670.0,3337.339
tc-99-60000,1784623482542.237,1784623483114,1784623484670.0,1784623484719.5725,571.763,1556.0,49.573,1784623364670.0,2177.335
tc-0-120000,1784623487202.2395,1784623488164,1784623491334.0,1784623491390.6582,961.76,3170.0,56.658,1784623311334.0,4188.419
tc-1-120000,1784623488412.2512,1784623489174,1784623491334.0,1784623491390.665,761.749,2160.0,56.665,1784623311334.0,2978.414
tc-10-120000,1784623486912.2393,1784623487154,1784623491334.0,1784623491390.6658,241.761,4180.0,56.666,1784623311334.0,4478.427
tc-11-120000,1784623488242.242,1784623489174,1784623491334.0,1784623491390.6667,931.758,2160.0,56.667,1784623311334.0,3148.425
tc-12-120000,1784623488042.2327,1784623488164,1784623491334.0,1784623491390.6682,121.767,3170.0,56.668,1784623311334.0,3348.436
tc-13-120000,1784623488572.2253,1784623489174,1784623491334.0,1784623491390.6687,601.775,2160.0,56.669,1784623311334.0,2818.443
tc-14-120000,1784623488092.245,1784623488164,1784623491334.0,1784623491390.6697,71.755,3170.0,56.67,1784623311334.0,3298.425
tc-15-120000,1784623488182.2478,1784623489174,1784623491334.0,1784623491390.6768,991.752,2160.0,56.677,1784623311334.0,3208.429
tc-16-120000,1784623488192.2456,1784623489174,1784623491334.0,1784623491390.6777,981.754,2160.0,56.678,1784623311334.0,3198.432
tc-17-120000,1784623487932.231,1784623488164,1784623491334.0,1784623491390.6826,231.769,3170.0,56.683,1784623311334.0,3458.452
tc-18-120000,1784623488172.228,1784623489174,1784623491334.0,1784623491390.684,1001.772,2160.0,56.684,1784623311334.0,3218.456
tc-19-120000,1784623488602.2356,1784623489174,1784623491335.0,1784623491390.6848,571.764,2161.0,55.685,1784623311335.0,2788.449
tc-2-120000,1784623488492.2424,1784623489174,1784623491335.0,1784623491390.6853,681.758,2161.0,55.685,1784623311335.0,2898.443
tc-20-120000,1784623487172.2515,1784623488164,1784623491335.0,1784623491390.686,991.749,3171.0,55.686,1784623311335.0,4218.435
tc-21-120000,1784623488112.2283,1784623488164,1784623491335.0,1784623491390.69,51.772,3171.0,55.69,1784623311335.0,3278.462
tc-22-120000,1784623487532.2422,1784623488164,1784623491335.0,1784623491390.6943,631.758,3171.0,55.694,1784623311335.0,3858.452
tc-23-120000,1784623486872.2402,1784623487154,1784623491335.0,1784623491390.695,281.76,4181.0,55.695,1784623311335.0,4518.455
tc-24-120000,1784623487452.2322,1784623488164,1784623491335.0,1784623491390.6956,711.768,3171.0,55.696,1784623311335.0,3938.463
tc-25-120000,1784623486902.2534,1784623487154,1784623491335.0,1784623491390.696,251.747,4181.0,55.696,1784623311335.0,4488.443
tc-26-120000,1784623486962.2349,1784623487154,1784623491335.0,1784623491390.6965,191.765,4181.0,55.697,1784623311335.0,4428.462
tc-27-120000,1784623488472.2363,1784623489174,1784623491335.0,1784623491390.697,701.764,2161.0,55.697,1784623311335.0,2918.461
tc-28-120000,1784623488582.2415,1784623489174,1784623491335.0,1784623491390.6978,591.759,2161.0,55.698,1784623311335.0,2808.456
tc-29-120000,1784623487622.2327,1784623488164,1784623491335.0,1784623491390.698,541.767,3171.0,55.698,1784623311335.0,3768.465
tc-3-120000,1784623487422.226,1784623488164,1784623491335.0,1784623491390.6987,741.774,3171.0,55.699,1784623311335.0,3968.473
tc-30-120000,1784623488432.245,1784623489174,1784623491335.0,1784623491390.7024,741.755,2161.0,55.702,1784623311335.0,2958.457
tc-31-120000,1784623488362.2454,1784623489174,1784623491335.0,1784623491390.703,811.755,2161.0,55.703,1784623311335.0,3028.458
tc-32-120000,1784623486672.2327,1784623487154,1784623491335.0,1784623491390.7034,481.767,4181.0,55.703,1784623311335.0,4718.471
tc-33-120000,1784623486702.2322,1784623487154,1784623491335.0,1784623491390.7039,451.768,4181.0,55.704,1784623311335.0,4688.472
tc-34-120000,1784623488142.2275,1784623488164,1784623491335.0,1784623491390.7043,21.772,3171.0,55.704,1784623311335.0,3248.477
tc-35-120000,1784623486952.2407,1784623487154,1784623491336.0,1784623491390.7048,201.759,4182.0,54.705,1784623311336.0,4438.464
tc-36-120000,1784623488462.2368,1784623489174,1784623491336.0,1784623491390.7053,711.763,2162.0,54.705,1784623311336.0,2928.469
tc-37-120000,1784623488202.23,1784623489174,1784623491336.0,1784623491390.7058,971.77,2162.0,54.706,1784623311336.0,3188.476
tc-38-120000,1784623484362.2307,1784623485134,1784623491336.0,1784623491390.706,771.769,6202.0,54.706,1784623311336.0,7028.475
tc-39-120000,1784623488352.2324,1784623489174,1784623491336.0,1784623491390.7068,821.768,2162.0,54.707,1784623311336.0,3038.474
tc-4-120000,1784623488032.2346,1784623488164,1784623491336.0,1784623491390.7073,131.765,3172.0,54.707,1784623311336.0,3358.473
tc-40-120000,1784623486592.2449,1784623487154,1784623491336.0,1784623491390.7078,561.755,4182.0,54.708,1784623311336.0,4798.463
tc-41-120000,1784623487812.2332,1784623488164,1784623491336.0,1784623491390.7083,351.767,3172.0,54.708,1784623311336.0,3578.475
tc-42-120000,1784623487752.2283,1784623488164,1784623491336.0,1784623491390.7087,411.772,3172.0,54.709,1784623311336.0,3638.48
tc-43-120000,1784623488612.2295,1784623489174,1784623491336.0,1784623491390.709,561.771,2162.0,54.709,1784623311336.0,2778.479
tc-44-120000,1784623488522.2412,1784623489174,1784623491336.0,1784623491390.7097,651.759,2162.0,54.71,1784623311336.0,2868.469
tc-45-120000,1784623488622.2314,1784623489174,1784623491336.0,1784623491390.7102,551.769,2162.0,54.71,1784623311336.0,2768.479
tc-46-120000,1784623488312.239,1784623489174,1784623491336.0,1784623491390.7107,861.761,2162.0,54.711,1784623311336.0,3078.472
tc-47-120000,1784623487182.2432,1784623488164,1784623491336.0,1784623491390.7422,981.757,3172.0,54.742,1784623311336.0,4208.499
tc-48-120000,1784623487282.2512,1784623488164,1784623491336.0,1784623491390.743,881.749,3172.0,54.743,1784623311336.0,4108.492
tc-49-120000,1784623488392.238,1784623489174,1784623491336.0,1784623491390.7434,781.762,2162.0,54.743,1784623311336.0,2998.505
tc-5-120000,1784623488082.2336,1784623488164,1784623491336.0,1784623491390.744,81.766,3172.0,54.744,1784623311336.0,3308.51
tc-50-120000,1784623487942.2244,1784623488164,1784623491336.0,1784623491390.7444,221.776,3172.0,54.744,1784623311336.0,3448.52
tc-51-120000,1784623487792.242,1784623488164,1784623491337.0,1784623491390.7449,371.758,3173.0,53.745,1784623311337.0,3598.503
tc-52-120000,1784623488212.2285,1784623489174,1784623491337.0,1784623491390.7454,961.771,2163.0,53.745,1784623311337.0,3178.517
tc-53-120000,1784623486732.241,1784623487154,1784623491337.0,1784623491390.7456,421.759,4183.0,53.746,1784623311337.0,4658.505
tc-54-120000,1784623487852.2324,1784623488164,1784623491337.0,1784623491390.7495,311.768,3173.0,53.75,1784623311337.0,3538.517
tc-55-120000,1784623487902.239,1784623488164,1784623491337.0,1784623491390.7502,261.761,3173.0,53.75,1784623311337.0,3488.511
tc-56-120000,1784623488552.232,1784623489174,1784623491337.0,1784623491390.7507,621.768,2163.0,53.751,1784623311337.0,2838.519
tc-57-120000,1784623487332.2405,1784623488164,1784623491337.0,1784623491390.7512,831.76,3173.0,53.751,1784623311337.0,4058.511
tc-58-120000,1784623488262.2368,1784623489174,1784623491337.0,1784623491390.7517,911.763,2163.0,53.752,1784623311337.0,3128.515
tc-59-120000,1784623488152.2295,1784623488164,1784623491337.0,1784623491390.7522,11.771,3173.0,53.752,1784623311337.0,3238.523
tc-6-120000,1784623487722.2327,1784623488164,1784623491337.0,1784623491390.7527,441.767,3173.0,53.753,1784623311337.0,3668.52
tc-60-120000,1784623488342.2344,1784623489174,1784623491337.0,1784623491390.7532,831.766,2163.0,53.753,1784623311337.0,3048.519
tc-61-120000,1784623486652.2473,1784623487154,1784623491337.0,1784623491390.7537,501.753,4183.0,53.754,1784623311337.0,4738.506
tc-62-120000,1784623488452.2441,1784623489174,1784623491337.0,1784623491390.7542,721.756,2163.0,53.754,1784623311337.0,2938.51
tc-63-120000,1784623487092.242,1784623487154,1784623491337.0,1784623491390.7546,61.758,4183.0,53.755,1784623311337.0,4298.513
tc-64-120000,1784623487912.2292,1784623488164,1784623491338.0,1784623491390.7551,251.771,3174.0,52.755,1784623311338.0,3478.526
tc-65-120000,1784623488382.2454,1784623489174,1784623491338.0,1784623491390.7559,791.755,2164.0,52.756,1784623311338.0,3008.51
tc-66-120000,1784623488542.239,1784623489174,1784623491338.0,1784623491390.7598,631.761,2164.0,52.76,1784623311338.0,2848.521
tc-67-120000,1784623487882.227,1784623488164,1784623491338.0,1784623491390.7603,281.773,3174.0,52.76,1784623311338.0,3508.533
tc-68-120000,1784623488162.228,1784623488164,1784623491338.0,1784623491390.7607,1.772,3174.0,52.761,1784623311338.0,3228.533
tc-69-120000,1784623488252.2388,1784623489174,1784623491338.0,1784623491390.7612,921.761,2164.0,52.761,1784623311338.0,3138.522
tc-7-120000,1784623488482.2493,1784623489174,1784623491338.0,1784623491390.7651,691.751,2164.0,52.765,1784623311338.0,2908.516
tc-70-120000,1784623488502.2432,1784623489174,1784623491338.0,1784623491390.7656,671.757,2164.0,52.766,1784623311338.0,2888.522
tc-71-120000,1784623488442.2454,1784623489174,1784623491338.0,1784623491390.7664,731.755,2164.0,52.766,1784623311338.0,2948.521
tc-72-120000,1784623487772.2375,1784623488164,1784623491338.0,1784623491390.7668,391.762,3174.0,52.767,1784623311338.0,3618.529
tc-73-120000,1784623487482.2273,1784623488164,1784623491338.0,1784623491390.7673,681.773,3174.0,52.767,1784623311338.0,3908.54
tc-74-120000,1784623488402.2407,1784623489174,1784623491338.0,1784623491390.7676,771.759,2164.0,52.768,1784623311338.0,2988.527
tc-75-120000,1784623487612.2263,1784623488164,1784623491338.0,1784623491390.7715,551.774,3174.0,52.771,1784623311338.0,3778.545
tc-76-120000,1784623487692.2402,1784623488164,1784623491338.0,1784623491390.772,471.76,3174.0,52.772,1784623311338.0,3698.532
tc-77-120000,1784623488512.2393,1784623489174,1784623491338.0,1784623491390.7725,661.761,2164.0,52.772,1784623311338.0,2878.533
tc-78-120000,1784623488332.241,1784623489174,1784623491338.0,1784623491390.773,841.759,2164.0,52.773,1784623311338.0,3058.532
tc-79-120000,1784623487382.2542,1784623488164,1784623491338.0,1784623491390.7732,781.746,3174.0,52.773,1784623311338.0,4008.519
tc-8-120000,1784623487892.24,1784623488164,1784623491338.0,1784623491390.7737,271.76,3174.0,52.774,1784623311338.0,3498.534
tc-80-120000,1784623487862.2263,1784623488164,1784623491338.0,1784623491390.7742,301.774,3174.0,52.774,1784623311338.0,3528.548
tc-81-120000,1784623487672.234,1784623488164,1784623491339.0,1784623491390.7747,491.766,3175.0,51.775,1784623311339.0,3718.541
tc-82-120000,1784623487982.2312,1784623488164,1784623491339.0,1784623491390.7751,181.769,3175.0,51.775,1784623311339.0,3408.544
tc-83-120000,1784623486202.239,1784623487154,1784623491339.0,1784623491390.7756,951.761,4185.0,51.776,1784623311339.0,5188.537
tc-84-120000,1784623488532.2358,1784623489174,1784623491339.0,1784623491390.7761,641.764,2165.0,51.776,1784623311339.0,2858.54
tc-85-120000,1784623487632.2307,1784623488164,1784623491339.0,1784623491390.7842,531.769,3175.0,51.784,1784623311339.0,3758.553
tc-86-120000,1784623488592.2375,1784623489174,1784623491339.0,1784623491390.7847,581.762,2165.0,51.785,1784623311339.0,2798.547
tc-87-120000,1784623487832.2275,1784623488164,1784623491339.0,1784623491390.7852,331.772,3175.0,51.785,1784623311339.0,3558.558
tc-88-120000,1784623488272.2505,1784623489174,1784623491339.0,1784623491390.789,901.75,2165.0,51.789,1784623311339.0,3118.539
tc-89-120000,1784623487502.229,1784623488164,1784623491339.0,1784623491390.7896,661.771,3175.0,51.79,1784623311339.0,3888.561
tc-9-120000,1784623486412.2375,1784623487154,1784623491339.0,1784623491390.7932,741.762,4185.0,51.793,1784623311339.0,4978.556
tc-90-120000,1784623486982.2341,1784623487154,1784623491339.0,1784623491390.7937,171.766,4185.0,51.794,1784623311339.0,4408.56
tc-91-120000,1784623487272.2554,1784623488164,1784623491339.0,1784623491390.7942,891.745,3175.0,51.794,1784623311339.0,4118.539
tc-92-120000,1784623487042.2378,1784623487154,1784623491339.0,1784623491390.7947,111.762,4185.0,51.795,1784623311339.0,4348.557
tc-93-120000,1784623487322.2278,1784623488164,1784623491339.0,1784623491390.7952,841.772,3175.0,51.795,1784623311339.0,4068.567
tc-94-120000,1784623488562.2253,1784623489174,1784623491339.0,1784623491390.7954,611.775,2165.0,51.795,1784623311339.0,2828.57
tc-95-120000,1784623486362.2356,1784623487154,1784623491339.0,1784623491390.796,791.764,4185.0,51.796,1784623311339.0,5028.56
tc-96-120000,1784623487292.234,1784623488164,1784623491339.0,1784623491390.7996,871.766,3175.0,51.8,1784623311339.0,4098.566
tc-97-120000,1784623487572.2488,1784623488164,1784623491339.0,1784623491390.8,591.751,3175.0,51.8,1784623311339.0,3818.551
tc-98-120000,1784623486882.2485,1784623487154,1784623491339.0,1784623491390.8005,271.751,4185.0,51.801,1784623311339.0,4508.552
tc-99-120000,1784623486372.2466,1784623487154,1784623491339.0,1784623491390.801,781.753,4185.0,51.801,1784623311339.0,5018.554
tc-0-180000,1784623494052.2234,1784623494224,1784623496887.0,1784623496936.1636,171.777,2663.0,49.164,1784623256887.0,2883.94
tc-1-180000,1784623492102.2273,1784623492205,1784623496887.0,1784623496936.1658,102.773,4682.0,49.166,1784623256887.0,4833.938
tc-10-180000,1784623494592.2278,1784623495234,1784623496887.0,1784623496936.1667,641.772,1653.0,49.167,1784623256887.0,2343.939
tc-11-180000,1784623493432.24,1784623494224,1784623496887.0,1784623496936.1675,791.76,2663.0,49.167,1784623256887.0,3503.927
tc-12-180000,1784623494262.2346,1784623495234,1784623496887.0,1784623496936.1682,971.765,1653.0,49.168,1784623256887.0,2673.934
tc-13-180000,1784623493272.2412,1784623494224,1784623496887.0,1784623496936.169,951.759,2663.0,49.169,1784623256887.0,3663.928
tc-14-180000,1784623493702.227,1784623494224,1784623496887.0,1784623496936.184,521.773,2663.0,49.184,1784623256887.0,3233.957
tc-15-180000,1784623491792.2283,1784623492205,1784623496887.0,1784623496936.185,412.772,4682.0,49.185,1784623256887.0,5143.957
tc-16-180000,1784623493972.247,1784623494224,1784623496887.0,1784623496936.1858,251.753,2663.0,49.186,1784623256887.0,2963.939
tc-17-180000,1784623494192.2256,1784623494224,1784623496887.0,1784623496936.1882,31.774,2663.0,49.188,1784623256887.0,2743.963
tc-18-180000,1784623494292.2395,1784623495234,1784623496887.0,1784623496936.189,941.76,1653.0,49.189,1784623256887.0,2643.949
tc-19-180000,1784623494452.229,1784623495234,1784623496887.0,1784623496936.19,781.771,1653.0,49.19,1784623256887.0,2483.961
tc-2-180000,1784623494082.2114,1784623494224,1784623496887.0,1784623496936.1907,141.789,2663.0,49.191,1784623256887.0,2853.979
tc-20-180000,1784623493902.2273,1784623494224,1784623496887.0,1784623496936.1917,321.773,2663.0,49.192,1784623256887.0,3033.964
tc-21-180000,1784623494512.2446,1784623495234,1784623496887.0,1784623496936.1924,721.755,1653.0,49.192,1784623256887.0,2423.948
tc-22-180000,1784623494602.2256,1784623495234,1784623496887.0,1784623496936.1929,631.774,1653.0,49.193,1784623256887.0,2333.967
tc-23-180000,1784623493862.2405,1784623494224,1784623496887.0,1784623496936.1982,361.76,2663.0,49.198,1784623256887.0,3073.958
tc-24-180000,1784623494582.2322,1784623495234,1784623496887.0,1784623496936.2163,651.768,1653.0,49.216,1784623256887.0,2353.984
tc-25-180000,1784623494232.2256,1784623495234,1784623496887.0,1784623496936.2173,1001.774,1653.0,49.217,1784623256887.0,2703.992
tc-26-180000,1784623494462.2478,1784623495234,1784623496887.0,1784623496936.218,771.752,1653.0,49.218,1784623256887.0,2473.97
tc-27-180000,1784623493992.237,1784623494224,1784623496887.0,1784623496936.2188,231.763,2663.0,49.219,1784623256887.0,2943.982
tc-28-180000,1784623493132.234,1784623493214,1784623496888.0,1784623496936.2195,81.766,3674.0,48.219,1784623256888.0,3803.986
tc-29-180000,1784623493922.2222,1784623494224,1784623496888.0,1784623496936.2202,301.778,2664.0,48.22,1784623256888.0,3013.998
tc-3-180000,1784623493812.2297,1784623494224,1784623496888.0,1784623496936.221,411.77,2664.0,48.221,1784623256888.0,3123.991
tc-30-180000,1784623494442.2393,1784623495234,1784623496888.0,1784623496936.2217,791.761,1654.0,48.222,1784623256888.0,2493.982
tc-31-180000,1784623494432.2434,1784623495234,1784623496888.0,1784623496936.2224,801.757,1654.0,48.222,1784623256888.0,2503.979
tc-32-180000,1784623493772.233,1784623494224,1784623496888.0,1784623496936.2234,451.767,2664.0,48.223,1784623256888.0,3163.99
tc-33-180000,1784623494162.2224,1784623494224,1784623496888.0,1784623496936.232,61.778,2664.0,48.232,1784623256888.0,2774.01
tc-34-180000,1784623493792.2322,1784623494224,1784623496888.0,1784623496936.2327,431.768,2664.0,48.233,1784623256888.0,3144.0
tc-35-180000,1784623491902.23,1784623492205,1784623496888.0,1784623496936.2334,302.77,4683.0,48.233,1784623256888.0,5034.003
tc-36-180000,1784623494272.2258,1784623495234,1784623496888.0,1784623496936.234,961.774,1654.0,48.234,1784623256888.0,2664.008
tc-37-180000,1784623493732.2422,1784623494224,1784623496888.0,1784623496936.2346,491.758,2664.0,48.235,1784623256888.0,3203.992
tc-38-180000,1784623494532.2532,1784623495234,1784623496888.0,1784623496936.235,701.747,1654.0,48.235,1784623256888.0,2403.982
tc-39-180000,1784623494542.244,1784623495234,1784623496888.0,1784623496936.2358,691.756,1654.0,48.236,1784623256888.0,2393.992
tc-4-180000,1784623494202.226,1784623494224,1784623496888.0,1784623496936.2632,21.774,2664.0,48.263,1784623256888.0,2734.037
tc-40-180000,1784623491302.2375,1784623492205,1784623496888.0,1784623496936.2715,902.762,4683.0,48.271,1784623256888.0,5634.034
tc-41-180000,1784623494402.2302,1784623495234,1784623496888.0,1784623496936.2722,831.77,1654.0,48.272,1784623256888.0,2534.042
tc-42-180000,1784623494072.2468,1784623494224,1784623496888.0,1784623496936.273,151.753,2664.0,48.273,1784623256888.0,2864.026
tc-43-180000,1784623494572.2432,1784623495234,1784623496888.0,1784623496936.3076,661.757,1654.0,48.308,1784623256888.0,2364.064
tc-44-180000,1784623494352.2295,1784623495234,1784623496888.0,1784623496936.3086,881.771,1654.0,48.309,1784623256888.0,2584.079
tc-45-180000,1784623494042.2354,1784623494224,1784623496888.0,1784623496936.3093,181.765,2664.0,48.309,1784623256888.0,2894.074
tc-46-180000,1784623494002.2222,1784623494224,1784623496888.0,1784623496936.3162,221.778,2664.0,48.316,1784623256888.0,2934.094
tc-47-180000,1784623494422.2341,1784623495234,1784623496888.0,1784623496936.341,811.766,1654.0,48.341,1784623256888.0,2514.107
tc-48-180000,1784623493752.225,1784623494224,1784623496888.0,1784623496936.3418,471.775,2664.0,48.342,1784623256888.0,3184.117
tc-49-180000,1784623494142.226,1784623494224,1784623496889.0,1784623496936.3691,81.774,2665.0,47.369,1784623256889.0,2794.143
tc-5-180000,1784623493372.2393,1784623494224,1784623496889.0,1784623496936.3699,851.761,2665.0,47.37,1784623256889.0,3564.131
tc-50-180000,1784623494492.2424,1784623495234,1784623496889.0,1784623496936.3706,741.758,1655.0,47.371,1784623256889.0,2444.128
tc-51-180000,1784623494482.2354,1784623495234,1784623496889.0,1784623496936.372,751.765,1655.0,47.372,1784623256889.0,2454.137
tc-52-180000,1784623493192.2432,1784623493214,1784623496889.0,1784623496936.379,21.757,3675.0,47.379,1784623256889.0,3744.136
tc-53-180000,1784623492982.2231,1784623493214,1784623496889.0,1784623496936.4014,231.777,3675.0,47.401,1784623256889.0,3954.178
tc-54-180000,1784623494242.2344,1784623495234,1784623496889.0,1784623496936.402,991.766,1655.0,47.402,1784623256889.0,2694.168
tc-55-180000,1784623492072.2275,1784623492205,1784623496889.0,1784623496936.4087,132.772,4684.0,47.409,1784623256889.0,4864.181
tc-56-180000,1784623493802.2239,1784623494224,1784623496889.0,1784623496936.4148,421.776,2665.0,47.415,1784623256889.0,3134.191
tc-57-180000,1784623493912.2375,1784623494224,1784623496889.0,1784623496936.4219,311.762,2665.0,47.422,1784623256889.0,3024.184
tc-58-180000,1784623494092.2422,1784623494224,1784623496889.0,1784623496936.4617,131.758,2665.0,47.462,1784623256889.0,2844.219
tc-59-180000,1784623494622.2249,1784623495234,1784623496889.0,1784623496936.468,611.775,1655.0,47.468,1784623256889.0,2314.243
tc-6-180000,1784623493362.2432,1784623494224,1784623496889.0,1784623496936.5234,861.757,2665.0,47.523,1784623256889.0,3574.28
tc-60-180000,1784623493892.2275,1784623494224,1784623496889.0,1784623496936.5242,331.772,2665.0,47.524,1784623256889.0,3044.297
tc-61-180000,1784623494412.232,1784623495234,1784623496889.0,1784623496936.525,821.768,1655.0,47.525,1784623256889.0,2524.293
tc-62-180000,1784623493572.2363,1784623494224,1784623496889.0,1784623496936.5256,651.764,2665.0,47.526,1784623256889.0,3364.289
tc-63-180000,1784623491172.2412,1784623491194,1784623496889.0,1784623496936.5322,21.759,5695.0,47.532,1784623256889.0,5764.291
tc-64-180000,1784623493832.2327,1784623494224,1784623496889.0,1784623496936.5332,391.767,2665.0,47.533,1784623256889.0,3104.301
tc-65-180000,1784623494332.2422,1784623495234,1784623496889.0,1784623496936.5706,901.758,1655.0,47.571,1784623256889.0,2604.328
tc-66-180000,1784623491182.2314,1784623491194,1784623496889.0,1784623496936.5764,11.769,5695.0,47.576,1784623256889.0,5754.345
tc-67-180000,1784623494182.2249,1784623494224,1784623496889.0,1784623496936.5774,41.775,2665.0,47.577,1784623256889.0,2754.353
tc-68-180000,1784623492752.2322,1784623493214,1784623496889.0,1784623496936.5977,461.768,3675.0,47.598,1784623256889.0,4184.365
tc-69-180000,1784623493292.2476,1784623494224,1784623496889.0,1784623496936.5986,931.752,2665.0,47.599,1784623256889.0,3644.351
tc-7-180000,1784623494382.2312,1784623495234,1784623496890.0,1784623496936.5994,851.769,1656.0,46.599,1784623256890.0,2554.368
tc-70-180000,1784623494562.2485,1784623495234,1784623496890.0,1784623496936.6,671.751,1656.0,46.6,1784623256890.0,2374.352
tc-71-180000,1784623494212.2258,1784623494224,1784623496890.0,1784623496936.6064,11.774,2666.0,46.606,1784623256890.0,2724.381
tc-72-180000,1784623494172.2327,1784623494224,1784623496890.0,1784623496936.607,51.767,2666.0,46.607,1784623256890.0,2764.374
tc-73-180000,1784623494252.2275,1784623495234,1784623496890.0,1784623496936.6138,981.772,1656.0,46.614,1784623256890.0,2684.386
tc-74-180000,1784623494612.2336,1784623495234,1784623496890.0,1784623496936.6208,621.766,1656.0,46.621,1784623256890.0,2324.387
tc-75-180000,1784623493172.2358,1784623493214,1784623496890.0,1784623496936.6428,41.764,3676.0,46.643,1784623256890.0,3764.407
tc-76-180000,1784623493882.2207,1784623494224,1784623496890.0,1784623496936.6443,341.779,2666.0,46.644,1784623256890.0,3054.424
tc-77-180000,1784623494102.2375,1784623494224,1784623496890.0,1784623496936.677,121.762,2666.0,46.677,1784623256890.0,2834.439
tc-78-180000,1784623493932.2246,1784623494224,1784623496890.0,1784623496936.6777,291.775,2666.0,46.678,1784623256890.0,3004.453
tc-79-180000,1784623493982.2344,1784623494224,1784623496890.0,1784623496936.6785,241.766,2666.0,46.678,1784623256890.0,2954.444
tc-8-180000,1784623494522.2412,1784623495234,1784623496890.0,1784623496936.7107,711.759,1656.0,46.711,1784623256890.0,2414.469
tc-80-180000,1784623494112.2302,1784623494224,1784623496890.0,1784623496936.712,111.77,2666.0,46.712,1784623256890.0,2824.482
tc-81-180000,1784623494342.2437,1784623495234,1784623496890.0,1784623496936.7234,891.756,1656.0,46.723,1784623256890.0,2594.48
tc-82-180000,1784623493872.2249,1784623494224,1784623496890.0,1784623496936.7244,351.775,2666.0,46.724,1784623256890.0,3064.5
tc-83-180000,1784623492162.2324,1784623492205,1784623496890.0,1784623496936.7249,42.768,4685.0,46.725,1784623256890.0,4774.492
tc-84-180000,1784623492952.232,1784623493214,1784623496890.0,1784623496937.1914,261.768,3676.0,47.191,1784623256890.0,3984.959
tc-85-180000,1784623494472.2417,1784623495234,1784623496890.0,1784623496937.1921,761.758,1656.0,47.192,1784623256890.0,2464.95
tc-86-180000,1784623493632.2297,1784623494224,1784623496890.0,1784623496937.1926,591.77,2666.0,47.193,1784623256890.0,3304.963
tc-87-180000,1784623493742.2346,1784623494224,1784623496890.0,1784623496937.193,481.765,2666.0,47.193,1784623256890.0,3194.958
tc-88-180000,1784623493782.2346,1784623494224,1784623496891.0,1784623496937.1936,441.765,2667.0,46.194,1784623256891.0,3154.959
tc-89-180000,1784623493382.2405,1784623494224,1784623496891.0,1784623496937.194,841.76,2667.0,46.194,1784623256891.0,3554.954
tc-9-180000,1784623494302.2244,1784623495234,1784623496891.0,1784623496937.1943,931.776,1657.0,46.194,1784623256891.0,2634.97
tc-90-180000,1784623493412.2393,1784623494224,1784623496891.0,1784623496937.1948,811.761,2667.0,46.195,1784623256891.0,3524.956
tc-91-180000,1784623492032.2263,1784623492205,1784623496891.0,1784623496937.1953,172.774,4686.0,46.195,1784623256891.0,4904.969
tc-92-180000,1784623493262.234,1784623494224,1784623496891.0,1784623496937.2231,961.766,2667.0,46.223,1784623256891.0,3674.989
tc-93-180000,1784623494552.2493,1784623495234,1784623496891.0,1784623496937.2236,681.751,1657.0,46.224,1784623256891.0,2384.974
tc-94-180000,1784623494322.2292,1784623495234,1784623496891.0,1784623496937.224,911.771,1657.0,46.224,1784623256891.0,2614.995
tc-95-180000,1784623493052.2224,1784623493214,1784623496891.0,1784623496937.2246,161.778,3677.0,46.225,1784623256891.0,3885.002
tc-96-180000,1784623493242.2327,1784623494224,1784623496891.0,1784623496937.225,981.767,2667.0,46.225,1784623256891.0,3694.992
tc-97-180000,1784623494312.2214,1784623495234,1784623496891.0,1784623496937.2253,921.779,1657.0,46.225,1784623256891.0,2625.004
tc-98-180000,1784623494502.2336,1784623495234,1784623496891.0,1784623496937.2258,731.766,1657.0,46.226,1784623256891.0,2434.992
tc-99-180000,1784623491572.2473,1784623492205,1784623496891.0,1784623496937.2263,632.753,4686.0,46.226,1784623256891.0,5364.979
tc-0-240000,1784623499602.2236,1784623500284,1784623503549.0,1784623503614.4756,681.776,3265.0,65.476,1784623203549.0,4012.252
tc-1-240000,1784623498472.2283,1784623499275,1784623503549.0,1784623503614.4817,802.772,4274.0,65.482,1784623203549.0,5142.253
tc-10-240000,1784623500072.236,1784623500284,1784623503549.0,1784623503614.4836,211.764,3265.0,65.484,1784623203549.0,3542.248
tc-11-240000,1784623500142.2322,1784623500284,1784623503549.0,1784623503614.4846,141.768,3265.0,65.485,1784623203549.0,3472.252
tc-12-240000,1784623500022.2288,1784623500284,1784623503550.0,1784623503614.533,261.771,3266.0,64.533,1784623203550.0,3592.304
tc-13-240000,1784623499812.2317,1784623500284,1784623503550.0,1784623503614.534,471.768,3266.0,64.534,1784623203550.0,3802.302
tc-14-240000,1784623499912.2285,1784623500284,1784623503550.0,1784623503614.5347,371.771,3266.0,64.535,1784623203550.0,3702.306
tc-15-240000,1784623499932.2307,1784623500284,1784623503550.0,1784623503614.5356,351.769,3266.0,64.536,1784623203550.0,3682.305
tc-16-240000,1784623498352.23,1784623499275,1784623503550.0,1784623503614.5366,922.77,4275.0,64.537,1784623203550.0,5262.307
tc-17-240000,1784623500202.2368,1784623500284,1784623503550.0,1784623503614.5374,81.763,3266.0,64.537,1784623203550.0,3412.301
tc-18-240000,1784623496652.2268,1784623497254,1784623503550.0,1784623503614.5383,601.773,6296.0,64.538,1784623203550.0,6962.312
tc-19-240000,1784623500182.2302,1784623500284,1784623503550.0,1784623503614.5396,101.77,3266.0,64.54,1784623203550.0,3432.309
tc-2-240000,1784623499162.2346,1784623499275,1784623503550.0,1784623503614.5635,112.765,4275.0,64.563,1784623203550.0,4452.329
tc-20-240000,1784623500362.2273,1784623501295,1784623503550.0,1784623503614.5645,932.773,2255.0,64.564,1784623203550.0,3252.337
tc-21-240000,1784623500462.2256,1784623501295,1784623503550.0,1784623503614.5654,832.774,2255.0,64.565,1784623203550.0,3152.34
tc-22-240000,1784623500052.2263,1784623500284,1784623503550.0,1784623503614.5664,231.774,3266.0,64.566,1784623203550.0,3562.34
tc-23-240000,1784623500102.2356,1784623500284,1784623503550.0,1784623503614.5671,181.764,3266.0,64.567,1784623203550.0,3512.332
tc-24-240000,1784623499322.228,1784623500284,1784623503550.0,1784623503614.568,961.772,3266.0,64.568,1784623203550.0,4292.34
tc-25-240000,1784623500572.2188,1784623501295,1784623503550.0,1784623503615.229,722.781,2255.0,65.229,1784623203550.0,3043.01
tc-26-240000,1784623499842.2295,1784623500284,1784623503550.0,1784623503615.2307,441.771,3266.0,65.231,1784623203550.0,3773.001
tc-27-240000,1784623500032.227,1784623500284,1784623503550.0,1784623503615.232,251.773,3266.0,65.232,1784623203550.0,3583.005
tc-28-240000,1784623500222.252,1784623500284,1784623503550.0,1784623503615.2327,61.748,3266.0,65.233,1784623203550.0,3392.981
tc-29-240000,1784623500562.2273,1784623501295,1784623503550.0,1784623503615.2341,732.773,2255.0,65.234,1784623203550.0,3053.007
tc-3-240000,1784623497822.2485,1784623498264,1784623503550.0,1784623503615.2349,441.751,5286.0,65.235,1784623203550.0,5792.986
tc-30-240000,1784623500592.2266,1784623501295,1784623503550.0,1784623503615.2358,702.773,2255.0,65.236,1784623203550.0,3023.009
tc-31-240000,1784623500152.22,1784623500284,1784623503550.0,1784623503615.2366,131.78,3266.0,65.237,1784623203550.0,3463.017
tc-32-240000,1784623500552.219,1784623501295,1784623503550.0,1784623503615.2375,742.781,2255.0,65.238,1784623203550.0,3063.019
tc-33-240000,1784623500402.2212,1784623501295,1784623503550.0,1784623503615.2441,892.779,2255.0,65.244,1784623203550.0,3213.023
tc-34-240000,1784623499672.2266,1784623500284,1784623503550.0,1784623503615.245,611.773,3266.0,65.245,1784623203550.0,3943.019
tc-35-240000,1784623498512.2402,1784623499275,1784623503550.0,1784623503615.2458,762.76,4275.0,65.246,1784623203550.0,5103.006
tc-37-240000,1784623497652.2327,1784623498264,1784623503550.0,1784623503615.2466,611.767,5286.0,65.247,1784623203550.0,5963.014
tc-38-240000,1784623500422.2314,1784623501295,1784623503550.0,1784623503615.2527,872.769,2255.0,65.253,1784623203550.0,3193.021
tc-39-240000,1784623498342.2244,1784623499275,1784623503550.0,1784623503615.254,932.776,4275.0,65.254,1784623203550.0,5273.03
tc-4-240000,1784623499482.2263,1784623500284,1784623503550.0,1784623503615.2546,801.774,3266.0,65.255,1784623203550.0,4133.028
tc-40-240000,1784623500112.2349,1784623500284,1784623503550.0,1784623503615.2556,171.765,3266.0,65.256,1784623203550.0,3503.021
tc-41-240000,1784623499692.2273,1784623500284,1784623503550.0,1784623503615.2563,591.773,3266.0,65.256,1784623203550.0,3923.029
tc-42-240000,1784623500232.24,1784623500284,1784623503550.0,1784623503615.2622,51.76,3266.0,65.262,1784623203550.0,3383.022
tc-43-240000,1784623498422.2224,1784623499275,1784623503550.0,1784623503615.268,852.778,4275.0,65.268,1784623203550.0,5193.046
tc-44-240000,1784623500352.232,1784623501295,1784623503550.0,1784623503615.269,942.768,2255.0,65.269,1784623203550.0,3263.037
tc-45-240000,1784623499542.2358,1784623500284,1784623503550.0,1784623503615.27,741.764,3266.0,65.27,1784623203550.0,4073.034
tc-46-240000,1784623500322.2305,1784623501295,1784623503550.0,1784623503615.276,972.77,2255.0,65.276,1784623203550.0,3293.045
tc-47-240000,1784623499552.2314,1784623500284,1784623503550.0,1784623503615.277,731.769,3266.0,65.277,1784623203550.0,4063.046
tc-48-240000,1784623499002.2344,1784623499275,1784623503550.0,1784623503615.2778,272.766,4275.0,65.278,1784623203550.0,4613.043
tc-49-240000,1784623500472.221,1784623501295,1784623503550.0,1784623503615.2786,822.779,2255.0,65.279,1784623203550.0,3143.058
tc-5-240000,1784623499722.226,1784623500284,1784623503550.0,1784623503615.2795,561.774,3266.0,65.28,1784623203550.0,3893.053
tc-50-240000,1784623499472.226,1784623500284,1784623503550.0,1784623503615.2803,811.774,3266.0,65.28,1784623203550.0,4143.054
tc-51-240000,1784623499752.2236,1784623500284,1784623503550.0,1784623503615.281,531.776,3266.0,65.281,1784623203550.0,3863.057
tc-52-240000,1784623500332.2263,1784623501295,1784623503550.0,1784623503615.282,962.774,2255.0,65.282,1784623203550.0,3283.056
tc-53-240000,1784623499532.2383,1784623500284,1784623503550.0,1784623503615.2827,751.762,3266.0,65.283,1784623203550.0,4083.044
tc-54-240000,1784623499892.2292,1784623500284,1784623503550.0,1784623503615.2837,391.771,3266.0,65.284,1784623203550.0,3723.054
tc-55-240000,1784623499072.2263,1784623499275,1784623503550.0,1784623503615.2844,202.774,4275.0,65.284,1784623203550.0,4543.058
tc-56-240000,1784623498832.2349,1784623499275,1784623503550.0,1784623503615.2852,442.765,4275.0,65.285,1784623203550.0,4783.05
tc-57-240000,1784623498882.242,1784623499275,1784623503550.0,1784623503615.286,392.758,4275.0,65.286,1784623203550.0,4733.044
tc-58-240000,1784623500582.222,1784623501295,1784623503550.0,1784623503615.2869,712.778,2255.0,65.287,1784623203550.0,3033.065
tc-59-240000,1784623500442.226,1784623501295,1784623503550.0,1784623503615.2876,852.774,2255.0,65.288,1784623203550.0,3173.062
tc-6-240000,1784623500432.2358,1784623501295,1784623503550.0,1784623503615.293,862.764,2255.0,65.293,1784623203550.0,3183.057
tc-60-240000,1784623499242.2305,1784623499275,1784623503550.0,1784623503615.294,32.77,4275.0,65.294,1784623203550.0,4373.063
tc-61-240000,1784623500252.2297,1784623500284,1784623503550.0,1784623503615.2957,31.77,3266.0,65.296,1784623203550.0,3363.066
tc-62-240000,1784623499192.2378,1784623499275,1784623503550.0,1784623503615.2966,82.762,4275.0,65.297,1784623203550.0,4423.059
tc-63-240000,1784623500602.2224,1784623501295,1784623503550.0,1784623503615.3162,692.778,2255.0,65.316,1784623203550.0,3013.094
tc-64-240000,1784623496682.2268,1784623497254,1784623503550.0,1784623503615.317,571.773,6296.0,65.317,1784623203550.0,6933.09
tc-65-240000,1784623500492.2422,1784623501295,1784623503550.0,1784623503615.3174,802.758,2255.0,65.317,1784623203550.0,3123.075
tc-66-240000,1784623498762.23,1784623499275,1784623503550.0,1784623503615.3179,512.77,4275.0,65.318,1784623203550.0,4853.088
tc-67-240000,1784623499132.2354,1784623499275,1784623503550.0,1784623503615.3184,142.765,4275.0,65.318,1784623203550.0,4483.083
tc-68-240000,1784623499782.2395,1784623500284,1784623503550.0,1784623503615.319,501.76,3266.0,65.319,1784623203550.0,3833.08
tc-69-240000,1784623499682.2246,1784623500284,1784623503550.0,1784623503615.3242,601.775,3266.0,65.324,1784623203550.0,3933.1
tc-7-240000,1784623499992.2437,1784623500284,1784623503550.0,1784623503615.3247,291.756,3266.0,65.325,1784623203550.0,3623.081
tc-70-240000,1784623499452.2317,1784623500284,1784623503550.0,1784623503615.3252,831.768,3266.0,65.325,1784623203550.0,4163.094
tc-71-240000,1784623499432.2278,1784623500284,1784623503550.0,1784623503615.3257,851.772,3266.0,65.326,1784623203550.0,4183.098
tc-72-240000,1784623499922.2292,1784623500284,1784623503550.0,1784623503615.3262,361.771,3266.0,65.326,1784623203550.0,3693.097
tc-73-240000,1784623497472.2434,1784623498264,1784623503550.0,1784623503615.3267,791.757,5286.0,65.327,1784623203550.0,6143.083
tc-74-240000,1784623499502.2332,1784623500284,1784623503550.0,1784623503615.3271,781.767,3266.0,65.327,1784623203550.0,4113.094
tc-75-240000,1784623500512.188,1784623501295,1784623503550.0,1784623503615.3276,782.812,2255.0,65.328,1784623203550.0,3103.14
tc-76-240000,1784623500012.2375,1784623500284,1784623503550.0,1784623503615.3281,271.762,3266.0,65.328,1784623203550.0,3603.091
tc-77-240000,1784623500292.235,1784623501295,1784623503550.0,1784623503615.3289,1002.765,2255.0,65.329,1784623203550.0,3323.094
tc-78-240000,1784623497022.233,1784623497254,1784623503550.0,1784623503615.3293,231.767,6296.0,65.329,1784623203550.0,6593.096
tc-79-240000,1784623499902.2236,1784623500284,1784623503550.0,1784623503615.3298,381.776,3266.0,65.33,1784623203550.0,3713.106
tc-8-240000,1784623500542.222,1784623501295,1784623503550.0,1784623503615.3303,752.778,2255.0,65.33,1784623203550.0,3073.108
tc-80-240000,1784623500532.2258,1784623501295,1784623503550.0,1784623503615.3308,762.774,2255.0,65.331,1784623203550.0,3083.105
tc-81-240000,1784623500482.229,1784623501295,1784623503550.0,1784623503615.3313,812.771,2255.0,65.331,1784623203550.0,3133.102
tc-82-240000,1784623499612.232,1784623500284,1784623503550.0,1784623503615.3318,671.768,3266.0,65.332,1784623203550.0,4003.1
tc-83-240000,1784623500522.2214,1784623501295,1784623503550.0,1784623503615.3323,772.779,2255.0,65.332,1784623203550.0,3093.111
tc-84-240000,1784623499942.2336,1784623500284,1784623503550.0,1784623503615.3328,341.766,3266.0,65.333,1784623203550.0,3673.099
tc-85-240000,1784623498972.2244,1784623499275,1784623503550.0,1784623503615.3333,302.776,4275.0,65.333,1784623203550.0,4643.109
tc-86-240000,1784623500172.2244,1784623500284,1784623503550.0,1784623503615.3337,111.776,3266.0,65.334,1784623203550.0,3443.109
tc-87-240000,1784623500612.3525,1784623501295,1784623503550.0,1784623503615.3342,682.647,2255.0,65.334,1784623203550.0,3002.982
tc-88-240000,1784623500412.1936,1784623501295,1784623503550.0,1784623503615.3347,882.806,2255.0,65.335,1784623203550.0,3203.141
tc-89-240000,1784623499832.2273,1784623500284,1784623503550.0,1784623503615.3352,451.773,3266.0,65.335,1784623203550.0,3783.108
tc-9-240000,1784623499142.2312,1784623499275,1784623503550.0,1784623503615.34,132.769,4275.0,65.34,1784623203550.0,4473.109
tc-90-240000,1784623500622.2292,1784623501295,1784623503550.0,1784623503615.3406,672.771,2255.0,65.341,1784623203550.0,2993.111
tc-91-240000,1784623498752.2476,1784623499275,1784623503550.0,1784623503615.341,522.752,4275.0,65.341,1784623203550.0,4863.094
tc-92-240000,1784623498702.2468,1784623499275,1784623503550.0,1784623503615.3416,572.753,4275.0,65.342,1784623203550.0,4913.095
tc-93-240000,1784623500162.2266,1784623500284,1784623503550.0,1784623503615.342,121.773,3266.0,65.342,1784623203550.0,3453.115
tc-94-240000,1784623498672.2266,1784623499275,1784623503550.0,1784623503615.3428,602.773,4275.0,65.343,1784623203550.0,4943.116
tc-95-240000,1784623500502.2292,1784623501295,1784623503550.0,1784623503615.347,792.771,2255.0,65.347,1784623203550.0,3113.118
tc-96-240000,1784623499222.2288,1784623499275,1784623503550.0,1784623503615.3474,52.771,4275.0,65.347,1784623203550.0,4393.119
tc-97-240000,1784623500082.234,1784623500284,1784623503550.0,1784623503615.348,201.766,3266.0,65.348,1784623203550.0,3533.114
tc-98-240000,1784623500382.2344,1784623501295,1784623503550.0,1784623503615.3484,912.766,2255.0,65.348,1784623203550.0,3233.114
tc-99-240000,1784623500272.2395,1784623500284,1784623503550.0,1784623503615.3489,11.76,3266.0,65.349,1784623203550.0,3343.109
tc-0-300000,1784623506112.225,1784623506344,1784623509101.0,1784623509169.2769,231.775,2757.0,68.277,1784623149101.0,3057.052
tc-1-300000,1784623505282.2498,1784623505334,1784623509101.0,1784623509169.2798,51.75,3767.0,68.28,1784623149101.0,3887.03
tc-10-300000,1784623505092.2043,1784623505334,1784623509101.0,1784623509169.2808,241.796,3767.0,68.281,1784623149101.0,4077.076
tc-11-300000,1784623505862.2234,1784623506344,1784623509101.0,1784623509169.2815,481.777,2757.0,68.281,1784623149101.0,3307.058
tc-12-300000,1784623506432.2307,1784623507354,1784623509101.0,1784623509169.2822,921.769,1747.0,68.282,1784623149101.0,2737.052
tc-13-300000,1784623504232.2266,1784623504324,1784623509101.0,1784623509169.283,91.773,4777.0,68.283,1784623149101.0,4937.056
tc-14-300000,1784623506182.228,1784623506344,1784623509101.0,1784623509169.2832,161.772,2757.0,68.283,1784623149101.0,2987.055
tc-15-300000,1784623506542.2493,1784623507354,1784623509101.0,1784623509169.2837,811.751,1747.0,68.284,1784623149101.0,2627.034
tc-16-300000,1784623505912.2239,1784623506344,1784623509101.0,1784623509169.284,431.776,2757.0,68.284,1784623149101.0,3257.06
tc-17-300000,1784623504882.2307,1784623505334,1784623509101.0,1784623509169.2847,451.769,3767.0,68.285,1784623149101.0,4287.054
tc-18-300000,1784623505822.2234,1784623506344,1784623509101.0,1784623509169.2852,521.777,2757.0,68.285,1784623149101.0,3347.062
tc-19-300000,1784623503442.2297,1784623504324,1784623509101.0,1784623509169.2856,881.77,4777.0,68.286,1784623149101.0,5727.056
tc-2-300000,1784623505022.2349,1784623505334,1784623509102.0,1784623509169.3394,311.765,3768.0,67.339,1784623149102.0,4147.104
tc-20-300000,1784623505102.235,1784623505334,1784623509102.0,1784623509169.3398,231.765,3768.0,67.34,1784623149102.0,4067.105
tc-21-300000,1784623506012.2375,1784623506344,1784623509102.0,1784623509169.3403,331.762,2758.0,67.34,1784623149102.0,3157.103
tc-22-300000,1784623506232.235,1784623506344,1784623509102.0,1784623509169.3408,111.765,2758.0,67.341,1784623149102.0,2937.106
tc-23-300000,1784623505812.2275,1784623506344,1784623509102.0,1784623509169.3413,531.772,2758.0,67.341,1784623149102.0,3357.114
tc-24-300000,1784623506052.2231,1784623506344,1784623509102.0,1784623509169.3416,291.777,2758.0,67.342,1784623149102.0,3117.118
tc-25-300000,1784623504112.2366,1784623504324,1784623509102.0,1784623509169.342,211.763,4778.0,67.342,1784623149102.0,5057.105
tc-26-300000,1784623506512.2456,1784623507354,1784623509102.0,1784623509169.343,841.754,1748.0,67.343,1784623149102.0,2657.097
tc-27-300000,1784623506342.238,1784623506344,1784623509102.0,1784623509169.3467,1.762,2758.0,67.347,1784623149102.0,2827.109
tc-28-300000,1784623506062.2236,1784623506344,1784623509102.0,1784623509169.3472,281.776,2758.0,67.347,1784623149102.0,3107.124
tc-29-300000,1784623506242.233,1784623506344,1784623509102.0,1784623509169.3506,101.767,2758.0,67.351,1784623149102.0,2927.118
tc-3-300000,1784623506602.225,1784623507354,1784623509102.0,1784623509169.351,751.775,1748.0,67.351,1784623149102.0,2567.126
tc-30-300000,1784623504572.2324,1784623505334,1784623509102.0,1784623509169.3557,761.768,3768.0,67.356,1784623149102.0,4597.123
tc-31-300000,1784623506002.24,1784623506344,1784623509102.0,1784623509169.3562,341.76,2758.0,67.356,1784623149102.0,3167.116
tc-32-300000,1784623506562.2349,1784623507354,1784623509102.0,1784623509169.4116,791.765,1748.0,67.412,1784623149102.0,2607.177
tc-33-300000,1784623505422.2314,1784623506344,1784623509102.0,1784623509169.4124,921.769,2758.0,67.412,1784623149102.0,3747.181
tc-34-300000,1784623505902.226,1784623506344,1784623509102.0,1784623509169.55,441.774,2758.0,67.55,1784623149102.0,3267.324
tc-35-300000,1784623505582.2239,1784623506344,1784623509102.0,1784623509169.552,761.776,2758.0,67.552,1784623149102.0,3587.328
tc-36-300000,1784623506152.23,1784623506344,1784623509102.0,1784623509169.564,191.77,2758.0,67.564,1784623149102.0,3017.334
tc-37-300000,1784623505892.2283,1784623506344,1784623509102.0,1784623509169.565,451.772,2758.0,67.565,1784623149102.0,3277.337
tc-38-300000,1784623505622.2275,1784623506344,1784623509102.0,1784623509169.566,721.772,2758.0,67.566,1784623149102.0,3547.338
tc-39-300000,1784623503362.2275,1784623504324,1784623509102.0,1784623509169.5664,961.772,4778.0,67.566,1784623149102.0,5807.339
tc-4-300000,1784623505112.244,1784623505334,1784623509102.0,1784623509169.5674,221.756,3768.0,67.567,1784623149102.0,4057.323
tc-40-300000,1784623506502.243,1784623507354,1784623509102.0,1784623509169.568,851.757,1748.0,67.568,1784623149102.0,2667.325
tc-41-300000,1784623505682.2214,1784623506344,1784623509102.0,1784623509169.569,661.779,2758.0,67.569,1784623149102.0,3487.348
tc-42-300000,1784623505742.2305,1784623506344,1784623509102.0,1784623509169.63,601.77,2758.0,67.63,1784623149102.0,3427.399
tc-43-300000,1784623506302.2312,1784623506344,1784623509102.0,1784623509169.6309,41.769,2758.0,67.631,1784623149102.0,2867.4
tc-44-300000,1784623505732.2278,1784623506344,1784623509102.0,1784623509169.6313,611.772,2758.0,67.631,1784623149102.0,3437.404
tc-45-300000,1784623505922.2256,1784623506344,1784623509102.0,1784623509169.6318,421.774,2758.0,67.632,1784623149102.0,3247.406
tc-46-300000,1784623506532.243,1784623507354,1784623509102.0,1784623509169.632,821.757,1748.0,67.632,1784623149102.0,2637.389
tc-47-300000,1784623506142.2434,1784623506344,1784623509102.0,1784623509169.6326,201.757,2758.0,67.633,1784623149102.0,3027.389
tc-48-300000,1784623506362.2327,1784623507354,1784623509102.0,1784623509169.6375,991.767,1748.0,67.637,1784623149102.0,2807.405
tc-49-300000,1784623506072.2231,1784623506344,1784623509102.0,1784623509169.638,271.777,2758.0,67.638,1784623149102.0,3097.415
tc-5-300000,1784623504672.24,1784623505334,1784623509102.0,1784623509169.6428,661.76,3768.0,67.643,1784623149102.0,4497.403
tc-50-300000,1784623505482.2231,1784623506344,1784623509102.0,1784623509169.6433,861.777,2758.0,67.643,1784623149102.0,3687.42
tc-51-300000,1784623506212.229,1784623506344,1784623509102.0,1784623509169.6438,131.771,2758.0,67.644,1784623149102.0,2957.415
tc-52-300000,1784623505632.2222,1784623506344,1784623509102.0,1784623509169.644,711.778,2758.0,67.644,1784623149102.0,3537.422
tc-53-300000,1784623503282.2424,1784623503315,1784623509102.0,1784623509169.6445,32.758,5787.0,67.645,1784623149102.0,5887.402
tc-54-300000,1784623504512.2463,1784623505334,1784623509102.0,1784623509169.645,821.754,3768.0,67.645,1784623149102.0,4657.399
tc-55-300000,1784623506382.2317,1784623507354,1784623509102.0,1784623509169.6487,971.768,1748.0,67.649,1784623149102.0,2787.417
tc-56-300000,1784623506252.2263,1784623506344,1784623509102.0,1784623509169.6907,91.774,2758.0,67.691,1784623149102.0,2917.464
tc-57-300000,1784623506492.2476,1784623507354,1784623509102.0,1784623509169.6914,861.752,1748.0,67.691,1784623149102.0,2677.444
tc-58-300000,1784623506462.2332,1784623507354,1784623509103.0,1784623509169.692,891.767,1749.0,66.692,1784623149103.0,2707.459
tc-59-300000,1784623506452.245,1784623507354,1784623509103.0,1784623509169.6921,901.755,1749.0,66.692,1784623149103.0,2717.447
tc-6-300000,1784623505182.2322,1784623505334,1784623509103.0,1784623509169.6965,151.768,3769.0,66.697,1784623149103.0,3987.464
tc-60-300000,1784623506612.2244,1784623507354,1784623509103.0,1784623509169.6973,741.776,1749.0,66.697,1784623149103.0,2557.473
tc-61-300000,1784623506442.233,1784623507354,1784623509103.0,1784623509169.6978,911.767,1749.0,66.698,1784623149103.0,2727.465
tc-62-300000,1784623506222.2285,1784623506344,1784623509103.0,1784623509169.7288,121.771,2759.0,66.729,1784623149103.0,2947.5
tc-63-300000,1784623504012.227,1784623504324,1784623509103.0,1784623509169.7292,311.773,4779.0,66.729,1784623149103.0,5157.502
tc-64-300000,1784623504462.233,1784623505334,1784623509103.0,1784623509169.8066,871.767,3769.0,66.807,1784623149103.0,4707.574
tc-65-300000,1784623506592.2373,1784623507354,1784623509103.0,1784623509169.808,761.763,1749.0,66.808,1784623149103.0,2577.571
tc-66-300000,1784623506402.229,1784623507354,1784623509103.0,1784623509169.809,951.771,1749.0,66.809,1784623149103.0,2767.58
tc-67-300000,1784623504262.2297,1784623504324,1784623509103.0,1784623509169.81,61.77,4779.0,66.81,1784623149103.0,4907.58
tc-68-300000,1784623505512.2236,1784623506344,1784623509103.0,1784623509169.8108,831.776,2759.0,66.811,1784623149103.0,3657.587
tc-69-300000,1784623505932.226,1784623506344,1784623509103.0,1784623509169.8591,411.774,2759.0,66.859,1784623149103.0,3237.633
tc-7-300000,1784623506392.231,1784623507354,1784623509103.0,1784623509169.8604,961.769,1749.0,66.86,1784623149103.0,2777.629
tc-70-300000,1784623502122.2505,1784623502304,1784623509103.0,1784623509169.861,181.75,6799.0,66.861,1784623149103.0,7047.611
tc-71-300000,1784623506192.2297,1784623506344,1784623509103.0,1784623509169.8618,151.77,2759.0,66.862,1784623149103.0,2977.632
tc-72-300000,1784623503522.2358,1784623504324,1784623509103.0,1784623509169.8625,801.764,4779.0,66.863,1784623149103.0,5647.627
tc-73-300000,1784623504182.2305,1784623504324,1784623509103.0,1784623509169.8633,141.77,4779.0,66.863,1784623149103.0,4987.633
tc-74-300000,1784623505872.2275,1784623506344,1784623509103.0,1784623509169.864,471.772,2759.0,66.864,1784623149103.0,3297.636
tc-75-300000,1784623505792.2302,1784623506344,1784623509103.0,1784623509169.8728,551.77,2759.0,66.873,1784623149103.0,3377.643
tc-76-300000,1784623502722.2234,1784623503315,1784623509103.0,1784623509169.8735,592.777,5788.0,66.874,1784623149103.0,6447.65
tc-77-300000,1784623504632.2249,1784623505334,1784623509103.0,1784623509169.881,701.775,3769.0,66.881,1784623149103.0,4537.656
tc-78-300000,1784623506352.232,1784623507354,1784623509103.0,1784623509169.8818,1001.768,1749.0,66.882,1784623149103.0,2817.65
tc-79-300000,1784623505752.2363,1784623506344,1784623509103.0,1784623509169.9075,591.764,2759.0,66.907,1784623149103.0,3417.671
tc-8-300000,1784623506272.2273,1784623506344,1784623509103.0,1784623509169.9084,71.773,2759.0,66.908,1784623149103.0,2897.681
tc-80-300000,1784623506582.2307,1784623507354,1784623509103.0,1784623509169.935,771.769,1749.0,66.935,1784623149103.0,2587.704
tc-81-300000,1784623503872.2515,1784623504324,1784623509103.0,1784623509169.9363,451.749,4779.0,66.936,1784623149103.0,5297.685
tc-82-300000,1784623506092.224,1784623506344,1784623509103.0,1784623509169.9639,251.776,2759.0,66.964,1784623149103.0,3077.74
tc-83-300000,1784623505432.226,1784623506344,1784623509103.0,1784623509169.9648,911.774,2759.0,66.965,1784623149103.0,3737.739
tc-84-300000,1784623506522.2427,1784623507354,1784623509103.0,1784623509169.9658,831.757,1749.0,66.966,1784623149103.0,2647.723
tc-85-300000,1784623504812.2297,1784623505334,1784623509103.0,1784623509169.9932,521.77,3769.0,66.993,1784623149103.0,4357.763
tc-86-300000,1784623504552.2334,1784623505334,1784623509103.0,1784623509169.9941,781.767,3769.0,66.994,1784623149103.0,4617.761
tc-87-300000,1784623505332.2488,1784623505334,1784623509103.0,1784623509169.9949,1.751,3769.0,66.995,1784623149103.0,3837.746
tc-88-300000,1784623505642.2341,1784623506344,1784623509103.0,1784623509170.0176,701.766,2759.0,67.018,1784623149103.0,3527.783
tc-89-300000,1784623504032.2244,1784623504324,1784623509103.0,1784623509170.0186,291.776,4779.0,67.019,1784623149103.0,5137.794
tc-9-300000,1784623506482.2332,1784623507354,1784623509103.0,1784623509170.08,871.767,1749.0,67.08,1784623149103.0,2687.847
tc-90-300000,1784623504382.225,1784623505334,1784623509103.0,1784623509170.081,951.775,3769.0,67.081,1784623149103.0,4787.856
tc-91-300000,1784623505302.232,1784623505334,1784623509103.0,1784623509170.0818,31.768,3769.0,67.082,1784623149103.0,3867.85
tc-92-300000,1784623505552.2266,1784623506344,1784623509103.0,1784623509170.0825,791.773,2759.0,67.083,1784623149103.0,3617.856
tc-93-300000,1784623506472.2292,1784623507354,1784623509103.0,1784623509170.0833,881.771,1749.0,67.083,1784623149103.0,2697.854
tc-94-300000,1784623506622.2341,1784623507354,1784623509103.0,1784623509170.093,731.766,1749.0,67.093,1784623149103.0,2547.859
tc-95-300000,1784623505352.232,1784623506344,1784623509103.0,1784623509170.1016,991.768,2759.0,67.102,1784623149103.0,3817.87
tc-96-300000,1784623505362.2312,1784623506344,1784623509103.0,1784623509170.1028,981.769,2759.0,67.103,1784623149103.0,3807.872
tc-97-300000,1784623506032.2249,1784623506344,1784623509103.0,1784623509170.1035,311.775,2759.0,67.104,1784623149103.0,3137.879
tc-98-300000,1784623505592.224,1784623506344,1784623509103.0,1784623509170.1167,751.776,2759.0,67.117,1784623149103.0,3577.893
tc-99-300000,1784623505232.2317,1784623505334,1784623509103.0,1784623509170.1174,101.768,3769.0,67.117,1784623149103.0,3937.886
tc-0-360000,1784623511762.24,1784623512404,1784623514666.0,1784623514733.9749,641.76,2262.0,67.975,1784623094666.0,2971.735
tc-1-360000,1784623512152.232,1784623512404,1784623514666.0,1784623514733.9797,251.768,2262.0,67.98,1784623094666.0,2581.748
tc-10-360000,1784623511512.2476,1784623512404,1784623514666.0,1784623514733.994,891.752,2262.0,67.994,1784623094666.0,3221.746
tc-11-360000,1784623512312.246,1784623512404,1784623514666.0,1784623514733.9958,91.754,2262.0,67.996,1784623094666.0,2421.75
tc-12-360000,1784623511692.2273,1784623512404,1784623514666.0,1784623514733.9966,711.773,2262.0,67.997,1784623094666.0,3041.769
tc-13-360000,1784623512282.238,1784623512404,1784623514666.0,1784623514733.9976,121.762,2262.0,67.998,1784623094666.0,2451.76
tc-14-360000,1784623512472.2222,1784623513415,1784623514666.0,1784623514733.999,942.778,1251.0,67.999,1784623094666.0,2261.777
tc-15-360000,1784623512532.2268,1784623513415,1784623514666.0,1784623514734.026,882.773,1251.0,68.026,1784623094666.0,2201.799
tc-16-360000,1784623512402.2463,1784623512404,1784623514666.0,1784623514734.0269,1.754,2262.0,68.027,1784623094666.0,2331.781
tc-17-360000,1784623512222.2356,1784623512404,1784623514666.0,1784623514734.028,181.764,2262.0,68.028,1784623094666.0,2511.792
tc-18-360000,1784623512292.234,1784623512404,1784623514666.0,1784623514734.0288,111.766,2262.0,68.029,1784623094666.0,2441.795
tc-19-360000,1784623512622.2334,1784623513415,1784623514666.0,1784623514734.0303,792.767,1251.0,68.03,1784623094666.0,2111.797
tc-2-360000,1784623512442.252,1784623513415,1784623514666.0,1784623514734.0354,972.748,1251.0,68.035,1784623094666.0,2291.783
tc-20-360000,1784623512482.2192,1784623513415,1784623514666.0,1784623514734.0364,932.781,1251.0,68.036,1784623094666.0,2251.817
tc-21-360000,1784623511402.237,1784623512404,1784623514666.0,1784623514734.0417,1001.763,2262.0,68.042,1784623094666.0,3331.805
tc-22-360000,1784623512602.2397,1784623513415,1784623514666.0,1784623514734.0425,812.76,1251.0,68.042,1784623094666.0,2131.803
tc-23-360000,1784623512612.2283,1784623513415,1784623514666.0,1784623514734.0432,802.772,1251.0,68.043,1784623094666.0,2121.815
tc-24-360000,1784623512332.229,1784623512404,1784623514666.0,1784623514734.044,71.771,2262.0,68.044,1784623094666.0,2401.815
tc-25-360000,1784623512522.2344,1784623513415,1784623514666.0,1784623514734.0447,892.766,1251.0,68.045,1784623094666.0,2211.81
tc-26-360000,1784623510572.2295,1784623511394,1784623514666.0,1784623514734.0457,821.771,3272.0,68.046,1784623094666.0,4161.816
tc-27-360000,1784623511502.253,1784623512404,1784623514666.0,1784623514734.0464,901.747,2262.0,68.046,1784623094666.0,3231.793
tc-28-360000,1784623512242.227,1784623512404,1784623514666.0,1784623514734.0474,161.773,2262.0,68.047,1784623094666.0,2491.82
tc-29-360000,1784623512572.2456,1784623513415,1784623514666.0,1784623514734.048,842.754,1251.0,68.048,1784623094666.0,2161.802
tc-3-360000,1784623512582.2354,1784623513415,1784623514666.0,1784623514734.0488,832.765,1251.0,68.049,1784623094666.0,2151.813
tc-30-360000,1784623511192.236,1784623511394,1784623514666.0,1784623514734.0496,201.764,3272.0,68.05,1784623094666.0,3541.813
tc-31-360000,1784623511442.2324,1784623512404,1784623514666.0,1784623514734.05,961.768,2262.0,68.05,1784623094666.0,3291.818
tc-32-360000,1784623512562.2405,1784623513415,1784623514666.0,1784623514734.0508,852.76,1251.0,68.051,1784623094666.0,2171.81
tc-33-360000,1784623512102.2363,1784623512404,1784623514666.0,1784623514734.0518,301.764,2262.0,68.052,1784623094666.0,2631.815
tc-34-360000,1784623511303.0554,1784623511394,1784623514666.0,1784623514734.0522,90.945,3272.0,68.052,1784623094666.0,3430.997
tc-35-360000,1784623511602.229,1784623512404,1784623514666.0,1784623514734.0532,801.771,2262.0,68.053,1784623094666.0,3131.824
tc-36-360000,1784623511962.2385,1784623512404,1784623514666.0,1784623514734.054,441.761,2262.0,68.054,1784623094666.0,2771.815
tc-37-360000,1784623508832.2234,1784623509374,1784623514666.0,1784623514734.055,541.777,5292.0,68.055,1784623094666.0,5901.832
tc-38-360000,1784623511822.2302,1784623512404,1784623514666.0,1784623514734.0554,581.77,2262.0,68.055,1784623094666.0,2911.825
tc-39-360000,1784623512232.229,1784623512404,1784623514666.0,1784623514734.0562,171.771,2262.0,68.056,1784623094666.0,2501.827
tc-4-360000,1784623512412.2375,1784623513415,1784623514666.0,1784623514734.057,1002.762,1251.0,68.057,1784623094666.0,2321.819
tc-40-360000,1784623511532.231,1784623512404,1784623514666.0,1784623514734.0574,871.769,2262.0,68.057,1784623094666.0,3201.826
tc-41-360000,1784623512052.2305,1784623512404,1784623514666.0,1784623514734.058,351.77,2262.0,68.058,1784623094666.0,2681.828
tc-42-360000,1784623512162.2446,1784623512404,1784623514666.0,1784623514734.0588,241.755,2262.0,68.059,1784623094666.0,2571.814
tc-43-360000,1784623511422.234,1784623512404,1784623514666.0,1784623514734.0596,981.766,2262.0,68.06,1784623094666.0,3311.826
tc-44-360000,1784623510482.2295,1784623511394,1784623514666.0,1784623514734.0647,911.771,3272.0,68.065,1784623094666.0,4251.835
tc-45-360000,1784623511782.3293,1784623512404,1784623514666.0,1784623514734.0654,621.671,2262.0,68.065,1784623094666.0,2951.736
tc-46-360000,1784623512132.226,1784623512404,1784623514666.0,1784623514734.384,271.774,2262.0,68.384,1784623094666.0,2602.158
tc-47-360000,1784623512112.23,1784623512404,1784623514666.0,1784623514734.385,291.77,2262.0,68.385,1784623094666.0,2622.155
tc-48-360000,1784623510882.2312,1784623511394,1784623514666.0,1784623514734.386,511.769,3272.0,68.386,1784623094666.0,3852.155
tc-49-360000,1784623512122.2275,1784623512404,1784623514666.0,1784623514734.3867,281.772,2262.0,68.387,1784623094666.0,2612.159
tc-5-360000,1784623508182.24,1784623508364,1784623514666.0,1784623514734.392,181.76,6302.0,68.392,1784623094666.0,6552.152
tc-50-360000,1784623512552.7432,1784623513415,1784623514666.0,1784623514734.393,862.257,1251.0,68.393,1784623094666.0,2181.65
tc-51-360000,1784623511892.2375,1784623512404,1784623514666.0,1784623514734.394,511.762,2262.0,68.394,1784623094666.0,2842.156
tc-52-360000,1784623511462.2395,1784623512404,1784623514666.0,1784623514734.3948,941.76,2262.0,68.395,1784623094666.0,3272.155
tc-53-360000,1784623511382.2295,1784623511394,1784623514666.0,1784623514734.3958,11.771,3272.0,68.396,1784623094666.0,3352.166
tc-54-360000,1784623512362.2395,1784623512404,1784623514666.0,1784623514734.3965,41.76,2262.0,68.396,1784623094666.0,2372.157
tc-55-360000,1784623512542.234,1784623513415,1784623514667.0,1784623514734.3972,872.766,1252.0,67.397,1784623094667.0,2192.163
tc-56-360000,1784623511572.2341,1784623512404,1784623514667.0,1784623514734.3982,831.766,2263.0,67.398,1784623094667.0,3162.164
tc-57-360000,1784623509272.2288,1784623509374,1784623514667.0,1784623514734.4033,101.771,5293.0,67.403,1784623094667.0,5462.175
tc-58-360000,1784623508152.236,1784623508364,1784623514667.0,1784623514734.4043,211.764,6303.0,67.404,1784623094667.0,6582.168
tc-59-360000,1784623511022.2356,1784623511394,1784623514667.0,1784623514734.405,371.764,3273.0,67.405,1784623094667.0,3712.169
tc-6-360000,1784623511142.2344,1784623511394,1784623514667.0,1784623514734.4058,251.766,3273.0,67.406,1784623094667.0,3592.171
tc-60-360000,1784623511622.2341,1784623512404,1784623514667.0,1784623514734.4067,781.766,2263.0,67.407,1784623094667.0,3112.173
tc-61-360000,1784623512062.2407,1784623512404,1784623514667.0,1784623514734.4075,341.759,2263.0,67.407,1784623094667.0,2672.167
tc-62-360000,1784623511332.2644,1784623511394,1784623514667.0,1784623514734.4082,61.736,3273.0,67.408,1784623094667.0,3402.144
tc-63-360000,1784623512172.2332,1784623512404,1784623514667.0,1784623514734.409,231.767,2263.0,67.409,1784623094667.0,2562.176
tc-64-360000,1784623511642.2258,1784623512404,1784623514667.0,1784623514734.4097,761.774,2263.0,67.41,1784623094667.0,3092.184
tc-65-360000,1784623511632.227,1784623512404,1784623514667.0,1784623514734.4106,771.773,2263.0,67.411,1784623094667.0,3102.184
tc-66-360000,1784623511612.2383,1784623512404,1784623514667.0,1784623514734.4114,791.762,2263.0,67.411,1784623094667.0,3122.173
tc-67-360000,1784623510682.2295,1784623511394,1784623514667.0,1784623514734.412,711.771,3273.0,67.412,1784623094667.0,4052.183
tc-68-360000,1784623509532.229,1784623510384,1784623514667.0,1784623514734.4128,851.771,4283.0,67.413,1784623094667.0,5202.184
tc-69-360000,1784623510842.226,1784623511394,1784623514667.0,1784623514734.4136,551.774,3273.0,67.414,1784623094667.0,3892.188
tc-7-360000,1784623512422.237,1784623513415,1784623514667.0,1784623514734.4143,992.763,1252.0,67.414,1784623094667.0,2312.177
tc-70-360000,1784623512302.227,1784623512404,1784623514667.0,1784623514734.4194,101.773,2263.0,67.419,1784623094667.0,2432.192
tc-71-360000,1784623511372.2268,1784623511394,1784623514667.0,1784623514734.4204,21.773,3273.0,67.42,1784623094667.0,3362.194
tc-72-360000,1784623510942.2236,1784623511394,1784623514667.0,1784623514734.4211,451.776,3273.0,67.421,1784623094667.0,3792.198
tc-73-360000,1784623511912.2458,1784623512404,1784623514667.0,1784623514734.4219,491.754,2263.0,67.422,1784623094667.0,2822.176
tc-74-360000,1784623511252.234,1784623511394,1784623514667.0,1784623514734.4226,141.766,3273.0,67.423,1784623094667.0,3482.189
tc-75-360000,1784623511582.2273,1784623512404,1784623514667.0,1784623514734.428,821.773,2263.0,67.428,1784623094667.0,3152.201
tc-77-360000,1784623512502.2312,1784623513415,1784623514667.0,1784623514734.43,912.769,1252.0,67.43,1784623094667.0,2232.199
tc-78-360000,1784623510382.2407,1784623510384,1784623514667.0,1784623514734.4307,1.759,4283.0,67.431,1784623094667.0,4352.19
tc-79-360000,1784623511472.2327,1784623512404,1784623514667.0,1784623514734.4316,931.767,2263.0,67.432,1784623094667.0,3262.199
tc-8-360000,1784623511682.2324,1784623512404,1784623514667.0,1784623514734.4324,721.768,2263.0,67.432,1784623094667.0,3052.2
tc-80-360000,1784623512462.2405,1784623513415,1784623514667.0,1784623514734.433,952.76,1252.0,67.433,1784623094667.0,2272.193
tc-81-360000,1784623510772.2263,1784623511394,1784623514667.0,1784623514734.4338,621.774,3273.0,67.434,1784623094667.0,3962.208
tc-82-360000,1784623510062.2317,1784623510384,1784623514667.0,1784623514734.4348,321.768,4283.0,67.435,1784623094667.0,4672.203
tc-83-360000,1784623511952.235,1784623512404,1784623514667.0,1784623514734.4355,451.765,2263.0,67.436,1784623094667.0,2782.2
tc-84-360000,1784623511842.2314,1784623512404,1784623514667.0,1784623514734.4363,561.769,2263.0,67.436,1784623094667.0,2892.205
tc-85-360000,1784623510862.2302,1784623511394,1784623514667.0,1784623514734.437,531.77,3273.0,67.437,1784623094667.0,3872.207
tc-86-360000,1784623512512.2505,1784623513415,1784623514667.0,1784623514734.4553,902.75,1252.0,67.455,1784623094667.0,2222.205
tc-87-360000,1784623511862.2373,1784623512404,1784623514667.0,1784623514734.4563,541.763,2263.0,67.456,1784623094667.0,2872.219
tc-88-360000,1784623512182.2312,1784623512404,1784623514667.0,1784623514734.4568,221.769,2263.0,67.457,1784623094667.0,2552.226
tc-89-360000,1784623509792.2334,1784623510384,1784623514667.0,1784623514734.4575,591.767,4283.0,67.458,1784623094667.0,4942.224
tc-9-360000,1784623510782.2349,1784623511394,1784623514667.0,1784623514734.4583,611.765,3273.0,67.458,1784623094667.0,3952.223
tc-90-360000,1784623512592.2253,1784623513415,1784623514667.0,1784623514734.459,822.775,1252.0,67.459,1784623094667.0,2142.234
tc-91-360000,1784623511282.2407,1784623511394,1784623514667.0,1784623514734.4597,111.759,3273.0,67.46,1784623094667.0,3452.219
tc-92-360000,1784623512272.228,1784623512404,1784623514667.0,1784623514734.4644,131.772,2263.0,67.464,1784623094667.0,2462.236
tc-93-360000,1784623512352.233,1784623512404,1784623514667.0,1784623514734.4653,51.767,2263.0,67.465,1784623094667.0,2382.232
tc-94-360000,1784623511852.2395,1784623512404,1784623514667.0,1784623514734.466,551.76,2263.0,67.466,1784623094667.0,2882.227
tc-95-360000,1784623512342.2305,1784623512404,1784623514667.0,1784623514734.4668,61.77,2263.0,67.467,1784623094667.0,2392.236
tc-96-360000,1784623510092.2263,1784623510384,1784623514667.0,1784623514734.4673,291.774,4283.0,67.467,1784623094667.0,4642.241
tc-97-360000,1784623510932.2234,1784623511394,1784623514667.0,1784623514734.468,461.777,3273.0,67.468,1784623094667.0,3802.245
tc-98-360000,1784623511432.2275,1784623512404,1784623514667.0,1784623514734.4688,971.772,2263.0,67.469,1784623094667.0,3302.241
tc-99-360000,1784623511152.2312,1784623511394,1784623514667.0,1784623514734.4695,241.769,3273.0,67.469,1784623094667.0,3582.238
tc-0-420000,1784623518492.2358,1784623519474,1784623521322.0,1784623521364.5425,981.764,1848.0,42.542,1784623041322.0,2872.307
tc-1-420000,1784623516892.2483,1784623517454,1784623521322.0,1784623521364.5452,561.752,3868.0,42.545,1784623041322.0,4472.297
tc-10-420000,1784623517612.2234,1784623518464,1784623521322.0,1784623521364.5461,851.777,2858.0,42.546,1784623041322.0,3752.323
tc-11-420000,1784623518452.2288,1784623518464,1784623521322.0,1784623521364.547,11.771,2858.0,42.547,1784623041322.0,2912.318
tc-12-420000,1784623517502.2256,1784623518464,1784623521322.0,1784623521364.5476,961.774,2858.0,42.548,1784623041322.0,3862.322
tc-13-420000,1784623518192.2341,1784623518464,1784623521322.0,1784623521364.548,271.766,2858.0,42.548,1784623041322.0,3172.314
tc-14-420000,1784623517682.2466,1784623518464,1784623521322.0,1784623521364.5488,781.753,2858.0,42.549,1784623041322.0,3682.302
tc-15-420000,1784623518402.2397,1784623518464,1784623521322.0,1784623521364.5496,61.76,2858.0,42.55,1784623041322.0,2962.31
tc-16-420000,1784623518362.2324,1784623518464,1784623521322.0,1784623521364.5498,101.768,2858.0,42.55,1784623041322.0,3002.317
tc-17-420000,1784623518042.2268,1784623518464,1784623521322.0,1784623521364.5513,421.773,2858.0,42.551,1784623041322.0,3322.324
tc-18-420000,1784623518562.2278,1784623519474,1784623521322.0,1784623521364.5518,911.772,1848.0,42.552,1784623041322.0,2802.324
tc-19-420000,1784623516802.2249,1784623517454,1784623521322.0,1784623521364.5527,651.775,3868.0,42.553,1784623041322.0,4562.328
tc-2-420000,1784623518272.2332,1784623518464,1784623521322.0,1784623521364.5532,191.767,2858.0,42.553,1784623041322.0,3092.32
tc-20-420000,1784623518412.236,1784623518464,1784623521322.0,1784623521364.5535,51.764,2858.0,42.553,1784623041322.0,2952.317
tc-21-420000,1784623518172.241,1784623518464,1784623521322.0,1784623521364.554,291.759,2858.0,42.554,1784623041322.0,3192.313
tc-22-420000,1784623517902.241,1784623518464,1784623521322.0,1784623521364.5544,561.759,2858.0,42.554,1784623041322.0,3462.313
tc-23-420000,1784623518322.2444,1784623518464,1784623521322.0,1784623521364.555,141.756,2858.0,42.555,1784623041322.0,3042.311
tc-24-420000,1784623516952.2441,1784623517454,1784623521322.0,1784623521364.5554,501.756,3868.0,42.555,1784623041322.0,4412.311
tc-25-420000,1784623518602.2283,1784623519474,1784623521322.0,1784623521364.5557,871.772,1848.0,42.556,1784623041322.0,2762.327
tc-26-420000,1784623518462.232,1784623518464,1784623521322.0,1784623521364.5562,1.768,2858.0,42.556,1784623041322.0,2902.324
tc-27-420000,1784623517392.2288,1784623517454,1784623521322.0,1784623521364.5566,61.771,3868.0,42.557,1784623041322.0,3972.328
tc-28-420000,1784623518612.2236,1784623519474,1784623521322.0,1784623521364.5571,861.776,1848.0,42.557,1784623041322.0,2752.333
tc-29-420000,1784623518282.2373,1784623518464,1784623521322.0,1784623521364.5688,181.763,2858.0,42.569,1784623041322.0,3082.332
tc-3-420000,1784623517832.229,1784623518464,1784623521322.0,1784623521364.5693,631.771,2858.0,42.569,1784623041322.0,3532.34
tc-30-420000,1784623517192.2258,1784623517454,1784623521322.0,1784623521364.5698,261.774,3868.0,42.57,1784623041322.0,4172.344
tc-31-420000,1784623516752.2258,1784623517454,1784623521322.0,1784623521364.5703,701.774,3868.0,42.57,1784623041322.0,4612.344
tc-32-420000,1784623516462.239,1784623517454,1784623521322.0,1784623521364.5708,991.761,3868.0,42.571,1784623041322.0,4902.332
tc-33-420000,1784623517932.225,1784623518464,1784623521322.0,1784623521364.571,531.775,2858.0,42.571,1784623041322.0,3432.346
tc-34-420000,1784623518622.2244,1784623519474,1784623521322.0,1784623521364.5715,851.776,1848.0,42.572,1784623041322.0,2742.347
tc-35-420000,1784623518482.2324,1784623519474,1784623521322.0,1784623521364.572,991.768,1848.0,42.572,1784623041322.0,2882.34
tc-36-420000,1784623518512.2314,1784623519474,1784623521322.0,1784623521364.5725,961.769,1848.0,42.573,1784623041322.0,2852.341
tc-37-420000,1784623518422.2305,1784623518464,1784623521322.0,1784623521364.5735,41.77,2858.0,42.573,1784623041322.0,2942.343
tc-38-420000,1784623517232.229,1784623517454,1784623521322.0,1784623521364.574,221.771,3868.0,42.574,1784623041322.0,4132.345
tc-39-420000,1784623518522.233,1784623519474,1784623521322.0,1784623521364.575,951.767,1848.0,42.575,1784623041322.0,2842.342
tc-4-420000,1784623518212.2305,1784623518464,1784623521322.0,1784623521364.5757,251.77,2858.0,42.576,1784623041322.0,3152.345
tc-40-420000,1784623518332.2358,1784623518464,1784623521322.0,1784623521364.593,131.764,2858.0,42.593,1784623041322.0,3032.357
tc-41-420000,1784623517852.23,1784623518464,1784623521322.0,1784623521364.5981,611.77,2858.0,42.598,1784623041322.0,3512.368
tc-42-420000,1784623517572.2336,1784623518464,1784623521322.0,1784623521364.5989,891.766,2858.0,42.599,1784623041322.0,3792.365
tc-43-420000,1784623516652.2373,1784623517454,1784623521322.0,1784623521364.5996,801.763,3868.0,42.6,1784623041322.0,4712.362
tc-44-420000,1784623515812.2317,1784623516445,1784623521322.0,1784623521364.6003,632.768,4877.0,42.6,1784623041322.0,5552.369
tc-45-420000,1784623516722.227,1784623517454,1784623521322.0,1784623521364.601,731.773,3868.0,42.601,1784623041322.0,4642.374
tc-46-420000,1784623518152.2322,1784623518464,1784623521322.0,1784623521364.6057,311.768,2858.0,42.606,1784623041322.0,3212.374
tc-47-420000,1784623518372.2458,1784623518464,1784623521322.0,1784623521364.6064,91.754,2858.0,42.606,1784623041322.0,2992.361
tc-48-420000,1784623517282.2483,1784623517454,1784623521322.0,1784623521364.6072,171.752,3868.0,42.607,1784623041322.0,4082.359
tc-49-420000,1784623517562.2449,1784623518464,1784623521322.0,1784623521364.6082,901.755,2858.0,42.608,1784623041322.0,3802.363
tc-5-420000,1784623517872.233,1784623518464,1784623521322.0,1784623521364.6086,591.767,2858.0,42.609,1784623041322.0,3492.376
tc-51-420000,1784623517862.241,1784623518464,1784623521322.0,1784623521364.6094,601.759,2858.0,42.609,1784623041322.0,3502.368
tc-52-420000,1784623516512.2244,1784623517454,1784623521322.0,1784623521364.61,941.776,3868.0,42.61,1784623041322.0,4852.386
tc-53-420000,1784623516682.2292,1784623517454,1784623521322.0,1784623521364.6106,771.771,3868.0,42.611,1784623041322.0,4682.381
tc-54-420000,1784623517172.2488,1784623517454,1784623521322.0,1784623521364.6113,281.751,3868.0,42.611,1784623041322.0,4192.363
tc-55-420000,1784623517442.2468,1784623517454,1784623521322.0,1784623521364.612,11.753,3868.0,42.612,1784623041322.0,3922.365
tc-56-420000,1784623518472.2354,1784623519474,1784623521322.0,1784623521364.6125,1001.765,1848.0,42.613,1784623041322.0,2892.377
tc-57-420000,1784623518162.8716,1784623518464,1784623521322.0,1784623521364.6133,301.128,2858.0,42.613,1784623041322.0,3201.742
tc-58-420000,1784623518592.2263,1784623519474,1784623521322.0,1784623521364.614,881.774,1848.0,42.614,1784623041322.0,2772.388
tc-59-420000,1784623518582.2307,1784623519474,1784623521322.0,1784623521364.6147,891.769,1848.0,42.615,1784623041322.0,2782.384
tc-6-420000,1784623517272.2405,1784623517454,1784623521322.0,1784623521364.6194,181.76,3868.0,42.619,1784623041322.0,4092.379
tc-60-420000,1784623517322.2258,1784623517454,1784623521322.0,1784623521364.6199,131.774,3868.0,42.62,1784623041322.0,4042.394
tc-61-420000,1784623518542.2246,1784623519474,1784623521322.0,1784623521364.6204,931.775,1848.0,42.62,1784623041322.0,2822.396
tc-62-420000,1784623516632.2234,1784623517454,1784623521322.0,1784623521364.6208,821.777,3868.0,42.621,1784623041322.0,4732.397
tc-63-420000,1784623515632.229,1784623516445,1784623521322.0,1784623521364.6248,812.771,4877.0,42.625,1784623041322.0,5732.396
tc-64-420000,1784623517452.2505,1784623517454,1784623521322.0,1784623521364.6252,1.75,3868.0,42.625,1784623041322.0,3912.375
tc-65-420000,1784623518232.23,1784623518464,1784623521322.0,1784623521364.6262,231.77,2858.0,42.626,1784623041322.0,3132.396
tc-66-420000,1784623518262.2422,1784623518464,1784623521322.0,1784623521364.6265,201.758,2858.0,42.626,1784623041322.0,3102.384
tc-67-420000,1784623517512.222,1784623518464,1784623521322.0,1784623521364.628,951.778,2858.0,42.628,1784623041322.0,3852.406
tc-68-420000,1784623518312.212,1784623518464,1784623521322.0,1784623521364.6282,151.788,2858.0,42.628,1784623041322.0,3052.416
tc-69-420000,1784623518072.2395,1784623518464,1784623521322.0,1784623521364.6287,391.76,2858.0,42.629,1784623041322.0,3292.389
tc-7-420000,1784623518502.2346,1784623519474,1784623521322.0,1784623521364.6355,971.765,1848.0,42.635,1784623041322.0,2862.401
tc-70-420000,1784623518002.245,1784623518464,1784623521322.0,1784623521364.636,461.755,2858.0,42.636,1784623041322.0,3362.391
tc-71-420000,1784623516032.1973,1784623516445,1784623521322.0,1784623521364.6365,412.803,4877.0,42.636,1784623041322.0,5332.439
tc-72-420000,1784623517592.2249,1784623518464,1784623521322.0,1784623521364.637,871.775,2858.0,42.637,1784623041322.0,3772.412
tc-73-420000,1784623518102.2317,1784623518464,1784623521322.0,1784623521364.6375,361.768,2858.0,42.637,1784623041322.0,3262.406
tc-74-420000,1784623515792.2375,1784623516445,1784623521322.0,1784623521364.6377,652.762,4877.0,42.638,1784623041322.0,5572.4
tc-75-420000,1784623516132.2324,1784623516445,1784623521322.0,1784623521364.6382,312.768,4877.0,42.638,1784623041322.0,5232.406
tc-76-420000,1784623518552.2249,1784623519474,1784623521322.0,1784623521364.6387,921.775,1848.0,42.639,1784623041322.0,2812.414
tc-77-420000,1784623518352.2263,1784623518464,1784623521322.0,1784623521364.6392,111.774,2858.0,42.639,1784623041322.0,3012.413
tc-78-420000,1784623518202.2124,1784623518464,1784623521322.0,1784623521364.6396,261.788,2858.0,42.64,1784623041322.0,3162.427
tc-79-420000,1784623518392.2437,1784623518464,1784623521322.0,1784623521364.645,71.756,2858.0,42.645,1784623041322.0,2972.401
tc-8-420000,1784623518252.2415,1784623518464,1784623521322.0,1784623521364.6455,211.759,2858.0,42.646,1784623041322.0,3112.404
tc-80-420000,1784623516232.2197,1784623516445,1784623521322.0,1784623521364.6533,212.78,4877.0,42.653,1784623041322.0,5132.434
tc-81-420000,1784623518342.2305,1784623518464,1784623521322.0,1784623521364.6543,121.77,2858.0,42.654,1784623041322.0,3022.424
tc-82-420000,1784623517942.2273,1784623518464,1784623521323.0,1784623521364.6592,521.773,2859.0,41.659,1784623041323.0,3422.432
tc-83-420000,1784623515122.2185,1784623515434,1784623521323.0,1784623521364.66,311.781,5889.0,41.66,1784623041323.0,6242.441
tc-84-420000,1784623518532.226,1784623519474,1784623521323.0,1784623521364.6604,941.774,1849.0,41.66,1784623041323.0,2832.434
tc-85-420000,1784623516542.2249,1784623517454,1784623521323.0,1784623521364.6611,911.775,3869.0,41.661,1784623041323.0,4822.436
tc-86-420000,1784623518062.2244,1784623518464,1784623521323.0,1784623521364.7305,401.776,2859.0,41.73,1784623041323.0,3302.506
tc-87-420000,1784623516352.228,1784623516445,1784623521323.0,1784623521364.732,92.772,4878.0,41.732,1784623041323.0,5012.504
tc-88-420000,1784623518302.2239,1784623518464,1784623521323.0,1784623521364.733,161.776,2859.0,41.733,1784623041323.0,3062.509
tc-89-420000,1784623518572.2363,1784623519474,1784623521323.0,1784623521364.734,901.764,1849.0,41.734,1784623041323.0,2792.498
tc-9-420000,1784623518382.232,1784623518464,1784623521323.0,1784623521364.7346,81.768,2859.0,41.735,1784623041323.0,2982.503
tc-90-420000,1784623517792.2385,1784623518464,1784623521323.0,1784623521364.7458,671.761,2859.0,41.746,1784623041323.0,3572.507
tc-91-420000,1784623517622.2239,1784623518464,1784623521323.0,1784623521364.7468,841.776,2859.0,41.747,1784623041323.0,3742.523
tc-92-420000,1784623515802.2336,1784623516445,1784623521323.0,1784623521364.7476,642.766,4878.0,41.748,1784623041323.0,5562.514
tc-93-420000,1784623517822.2266,1784623518464,1784623521323.0,1784623521364.7576,641.773,2859.0,41.758,1784623041323.0,3542.531
tc-94-420000,1784623518442.2268,1784623518464,1784623521323.0,1784623521364.7583,21.773,2859.0,41.758,1784623041323.0,2922.531
tc-95-420000,1784623517362.2402,1784623517454,1784623521323.0,1784623521364.7593,91.76,3869.0,41.759,1784623041323.0,4002.519
tc-96-420000,1784623516402.229,1784623516445,1784623521323.0,1784623521364.7598,42.771,4878.0,41.76,1784623041323.0,4962.531
tc-97-420000,1784623517352.2246,1784623517454,1784623521323.0,1784623521364.7605,101.775,3869.0,41.76,1784623041323.0,4012.536
tc-98-420000,1784623517032.224,1784623517454,1784623521323.0,1784623521364.7612,421.776,3869.0,41.761,1784623041323.0,4332.537
tc-99-420000,1784623518092.2344,1784623518464,1784623521323.0,1784623521364.7659,371.766,2859.0,41.766,1784623041323.0,3272.531
tc-0-480000,1784623523382.2324,1784623523514,1784623526877.0,1784623526937.8857,131.768,3363.0,60.886,1784622986877.0,3555.653
tc-1-480000,1784623522442.2422,1784623522504,1784623526877.0,1784623526937.888,61.758,4373.0,60.888,1784622986877.0,4495.646
tc-10-480000,1784623524162.229,1784623524524,1784623526877.0,1784623526937.889,361.771,2353.0,60.889,1784622986877.0,2775.66
tc-11-480000,1784623524412.2266,1784623524524,1784623526877.0,1784623526937.8892,111.773,2353.0,60.889,1784622986877.0,2525.663
tc-12-480000,1784623523622.241,1784623524524,1784623526877.0,1784623526937.8901,901.759,2353.0,60.89,1784622986877.0,3315.649
tc-13-480000,1784623522622.2373,1784623523514,1784623526877.0,1784623526937.8906,891.763,3363.0,60.891,1784622986877.0,4315.653
tc-14-480000,1784623524532.2317,1784623525534,1784623526877.0,1784623526937.8909,1001.768,1343.0,60.891,1784622986877.0,2405.659
tc-15-480000,1784623523992.2366,1784623524524,1784623526877.0,1784623526937.891,531.763,2353.0,60.891,1784622986877.0,2945.655
tc-16-480000,1784623524202.2478,1784623524524,1784623526877.0,1784623526937.904,321.752,2353.0,60.904,1784622986877.0,2735.656
tc-17-480000,1784623523532.2234,1784623524524,1784623526877.0,1784623526937.9048,991.777,2353.0,60.905,1784622986877.0,3405.681
tc-18-480000,1784623523482.2312,1784623523514,1784623526877.0,1784623526937.905,31.769,3363.0,60.905,1784622986877.0,3455.674
tc-19-480000,1784623524182.2322,1784623524524,1784623526877.0,1784623526937.9055,341.768,2353.0,60.906,1784622986877.0,2755.673
tc-2-480000,1784623524302.2292,1784623524524,1784623526877.0,1784623526937.9058,221.771,2353.0,60.906,1784622986877.0,2635.677
tc-20-480000,1784623520102.2385,1784623520484,1784623526877.0,1784623526937.9062,381.761,6393.0,60.906,1784622986877.0,6835.668
tc-21-480000,1784623524592.2285,1784623525534,1784623526877.0,1784623526937.9072,941.771,1343.0,60.907,1784622986877.0,2345.679
tc-22-480000,1784623524272.2324,1784623524524,1784623526877.0,1784623526937.9075,251.768,2353.0,60.907,1784622986877.0,2665.675
tc-23-480000,1784623523702.241,1784623524524,1784623526877.0,1784623526937.9077,821.759,2353.0,60.908,1784622986877.0,3235.667
tc-24-480000,1784623524092.232,1784623524524,1784623526877.0,1784623526937.9084,431.768,2353.0,60.908,1784622986877.0,2845.677
tc-25-480000,1784623524442.23,1784623524524,1784623526877.0,1784623526937.9087,81.77,2353.0,60.909,1784622986877.0,2495.679
tc-26-480000,1784623523712.2324,1784623524524,1784623526877.0,1784623526937.909,811.768,2353.0,60.909,1784622986877.0,3225.677
tc-27-480000,1784623524352.2368,1784623524524,1784623526877.0,1784623526937.9092,171.763,2353.0,60.909,1784622986877.0,2585.672
tc-28-480000,1784623524512.2297,1784623524524,1784623526877.0,1784623526937.9214,11.77,2353.0,60.921,1784622986877.0,2425.692
tc-29-480000,1784623524052.2405,1784623524524,1784623526877.0,1784623526937.9216,471.76,2353.0,60.922,1784622986877.0,2885.681
tc-3-480000,1784623524322.2314,1784623524524,1784623526877.0,1784623526937.922,201.769,2353.0,60.922,1784622986877.0,2615.691
tc-30-480000,1784623523822.2395,1784623524524,1784623526877.0,1784623526937.9224,701.76,2353.0,60.922,1784622986877.0,3115.683
tc-31-480000,1784623523762.23,1784623524524,1784623526877.0,1784623526937.9226,761.77,2353.0,60.923,1784622986877.0,3175.693
tc-32-480000,1784623524282.2346,1784623524524,1784623526877.0,1784623526937.923,241.765,2353.0,60.923,1784622986877.0,2655.688
tc-33-480000,1784623523392.2346,1784623523514,1784623526877.0,1784623526937.9236,121.765,3363.0,60.924,1784622986877.0,3545.689
tc-34-480000,1784623521872.2495,1784623522504,1784623526877.0,1784623526937.9238,631.75,4373.0,60.924,1784622986877.0,5065.674
tc-35-480000,1784623520882.2292,1784623521494,1784623526877.0,1784623526937.9282,611.771,5383.0,60.928,1784622986877.0,6055.699
tc-36-480000,1784623523942.238,1784623524524,1784623526877.0,1784623526937.9287,581.762,2353.0,60.929,1784622986877.0,2995.691
tc-37-480000,1784623523892.2424,1784623524524,1784623526877.0,1784623526937.9316,631.758,2353.0,60.932,1784622986877.0,3045.689
tc-38-480000,1784623523282.2385,1784623523514,1784623526877.0,1784623526937.9321,231.761,3363.0,60.932,1784622986877.0,3655.694
tc-39-480000,1784623524522.2363,1784623524524,1784623526877.0,1784623526938.0107,1.764,2353.0,61.011,1784622986877.0,2415.774
tc-4-480000,1784623522002.2373,1784623522504,1784623526877.0,1784623526938.0125,501.763,4373.0,61.012,1784622986877.0,4935.775
tc-40-480000,1784623522532.2324,1784623523514,1784623526877.0,1784623526938.0225,981.768,3363.0,61.022,1784622986877.0,4405.79
tc-41-480000,1784623524212.2283,1784623524524,1784623526877.0,1784623526938.0232,311.772,2353.0,61.023,1784622986877.0,2725.795
tc-42-480000,1784623522822.2378,1784623523514,1784623526877.0,1784623526938.024,691.762,3363.0,61.024,1784622986877.0,4115.786
tc-43-480000,1784623524122.2346,1784623524524,1784623526877.0,1784623526938.0247,401.765,2353.0,61.025,1784622986877.0,2815.79
tc-44-480000,1784623524572.232,1784623525534,1784623526877.0,1784623526938.0251,961.768,1343.0,61.025,1784622986877.0,2365.793
tc-45-480000,1784623518872.229,1784623519474,1784623526877.0,1784623526938.0984,601.771,7403.0,61.098,1784622986877.0,8065.869
tc-46-480000,1784623523862.2285,1784623524524,1784623526877.0,1784623526938.099,661.771,2353.0,61.099,1784622986877.0,3075.871
tc-47-480000,1784623524452.2314,1784623524524,1784623526877.0,1784623526938.0996,71.769,2353.0,61.1,1784622986877.0,2485.868
tc-48-480000,1784623524112.238,1784623524524,1784623526877.0,1784623526938.1035,411.762,2353.0,61.104,1784622986877.0,2825.865
tc-49-480000,1784623524502.2317,1784623524524,1784623526877.0,1784623526938.1038,21.768,2353.0,61.104,1784622986877.0,2435.872
tc-5-480000,1784623522702.2405,1784623523514,1784623526877.0,1784623526938.104,811.76,3363.0,61.104,1784622986877.0,4235.864
tc-50-480000,1784623524172.2373,1784623524524,1784623526877.0,1784623526938.1042,351.763,2353.0,61.104,1784622986877.0,2765.867
tc-51-480000,1784623523692.2383,1784623524524,1784623526877.0,1784623526938.1064,831.762,2353.0,61.106,1784622986877.0,3245.868
tc-52-480000,1784623524562.237,1784623525534,1784623526877.0,1784623526938.1067,971.763,1343.0,61.107,1784622986877.0,2375.87
tc-53-480000,1784623524582.2239,1784623525534,1784623526877.0,1784623526938.107,951.776,1343.0,61.107,1784622986877.0,2355.883
tc-54-480000,1784623524622.2312,1784623525534,1784623526877.0,1784623526938.1072,911.769,1343.0,61.107,1784622986877.0,2315.876
tc-55-480000,1784623524492.233,1784623524524,1784623526877.0,1784623526938.108,31.767,2353.0,61.108,1784622986877.0,2445.875
tc-56-480000,1784623524012.2268,1784623524524,1784623526877.0,1784623526938.112,511.773,2353.0,61.112,1784622986877.0,2925.885
tc-57-480000,1784623523792.2397,1784623524524,1784623526877.0,1784623526938.1125,731.76,2353.0,61.113,1784622986877.0,3145.873
tc-58-480000,1784623524482.232,1784623524524,1784623526877.0,1784623526938.1409,41.768,2353.0,61.141,1784622986877.0,2455.909
tc-59-480000,1784623524372.2412,1784623524524,1784623526877.0,1784623526938.1414,151.759,2353.0,61.141,1784622986877.0,2565.9
tc-6-480000,1784623522332.2397,1784623522504,1784623526877.0,1784623526938.1416,171.76,4373.0,61.142,1784622986877.0,4605.902
tc-60-480000,1784623522752.2334,1784623523514,1784623526877.0,1784623526938.1418,761.767,3363.0,61.142,1784622986877.0,4185.908
tc-61-480000,1784623524102.2524,1784623524524,1784623526877.0,1784623526938.1423,421.748,2353.0,61.142,1784622986877.0,2835.89
tc-62-480000,1784623523342.2288,1784623523514,1784623526877.0,1784623526938.1426,171.771,3363.0,61.143,1784622986877.0,3595.914
tc-63-480000,1784623524342.2283,1784623524524,1784623526877.0,1784623526938.1428,181.772,2353.0,61.143,1784622986877.0,2595.915
tc-64-480000,1784623524612.2373,1784623525534,1784623526877.0,1784623526938.1985,921.763,1343.0,61.198,1784622986877.0,2325.961
tc-65-480000,1784623524082.2285,1784623524524,1784623526877.0,1784623526938.199,441.771,2353.0,61.199,1784622986877.0,2855.97
tc-66-480000,1784623520912.2231,1784623521494,1784623526877.0,1784623526938.1992,581.777,5383.0,61.199,1784622986877.0,6025.976
tc-67-480000,1784623523192.2412,1784623523514,1784623526877.0,1784623526938.2004,321.759,3363.0,61.2,1784622986877.0,3745.959
tc-68-480000,1784623524332.2312,1784623524524,1784623526877.0,1784623526938.2007,191.769,2353.0,61.201,1784622986877.0,2605.969
tc-69-480000,1784623523662.2317,1784623524524,1784623526877.0,1784623526938.2246,861.768,2353.0,61.225,1784622986877.0,3275.993
tc-7-480000,1784623522462.2422,1784623522504,1784623526877.0,1784623526938.2249,41.758,4373.0,61.225,1784622986877.0,4475.983
tc-70-480000,1784623523232.226,1784623523514,1784623526877.0,1784623526938.225,281.774,3363.0,61.225,1784622986877.0,3705.999
tc-71-480000,1784623524142.2344,1784623524524,1784623526877.0,1784623526938.2253,381.766,2353.0,61.225,1784622986877.0,2795.991
tc-72-480000,1784623522852.2444,1784623523514,1784623526877.0,1784623526938.2256,661.756,3363.0,61.226,1784622986877.0,4085.981
tc-73-480000,1784623522772.246,1784623523514,1784623526877.0,1784623526938.2444,741.754,3363.0,61.244,1784622986877.0,4165.998
tc-74-480000,1784623523302.2378,1784623523514,1784623526877.0,1784623526938.2446,211.762,3363.0,61.245,1784622986877.0,3636.007
tc-75-480000,1784623524242.2305,1784623524524,1784623526877.0,1784623526938.2449,281.77,2353.0,61.245,1784622986877.0,2696.014
tc-76-480000,1784623522722.2397,1784623523514,1784623526877.0,1784623526938.245,791.76,3363.0,61.245,1784622986877.0,4216.005
tc-77-480000,1784623522412.2427,1784623522504,1784623526877.0,1784623526938.2478,91.757,4373.0,61.248,1784622986877.0,4526.005
tc-78-480000,1784623524252.2344,1784623524524,1784623526877.0,1784623526938.248,271.766,2353.0,61.248,1784622986877.0,2686.014
tc-79-480000,1784623524262.2297,1784623524524,1784623526877.0,1784623526938.2878,261.77,2353.0,61.288,1784622986877.0,2676.058
tc-8-480000,1784623524002.2346,1784623524524,1784623526877.0,1784623526938.2883,521.765,2353.0,61.288,1784622986877.0,2936.054
tc-80-480000,1784623524602.2317,1784623525534,1784623526877.0,1784623526938.2915,931.768,1343.0,61.292,1784622986877.0,2336.06
tc-81-480000,1784623524422.23,1784623524524,1784623526877.0,1784623526938.2947,101.77,2353.0,61.295,1784622986877.0,2516.065
tc-82-480000,1784623524132.2354,1784623524524,1784623526877.0,1784623526938.2969,391.765,2353.0,61.297,1784622986877.0,2806.062
tc-83-480000,1784623521282.242,1784623521494,1784623526877.0,1784623526938.3315,211.758,5383.0,61.332,1784622986877.0,5656.09
tc-84-480000,1784623524462.2249,1784623524524,1784623526877.0,1784623526938.332,61.775,2353.0,61.332,1784622986877.0,2476.107
tc-85-480000,1784623523742.2305,1784623524524,1784623526877.0,1784623526938.3323,781.77,2353.0,61.332,1784622986877.0,3196.102
tc-86-480000,1784623523492.232,1784623523514,1784623526877.0,1784623526938.335,21.768,3363.0,61.335,1784622986877.0,3446.103
tc-87-480000,1784623524472.2285,1784623524524,1784623526877.0,1784623526938.3352,51.771,2353.0,61.335,1784622986877.0,2466.107
tc-88-480000,1784623523562.2231,1784623524524,1784623526877.0,1784623526938.3384,961.777,2353.0,61.338,1784622986877.0,3376.115
tc-89-480000,1784623524392.24,1784623524524,1784623526877.0,1784623526938.341,131.76,2353.0,61.341,1784622986877.0,2546.101
tc-9-480000,1784623523262.2288,1784623523514,1784623526877.0,1784623526938.399,251.771,3363.0,61.399,1784622986877.0,3676.17
tc-90-480000,1784623524312.2288,1784623524524,1784623526877.0,1784623526938.4006,211.771,2353.0,61.401,1784622986877.0,2626.172
tc-91-480000,1784623521562.2466,1784623522504,1784623526877.0,1784623526938.4014,941.753,4373.0,61.401,1784622986877.0,5376.155
tc-92-480000,1784623524152.2373,1784623524524,1784623526877.0,1784623526938.411,371.763,2353.0,61.411,1784622986877.0,2786.174
tc-93-480000,1784623524382.2458,1784623524524,1784623526877.0,1784623526938.4116,141.754,2353.0,61.412,1784622986877.0,2556.166
tc-94-480000,1784623523912.235,1784623524524,1784623526877.0,1784623526938.4126,611.765,2353.0,61.413,1784622986877.0,3026.177
tc-95-480000,1784623524542.2375,1784623525534,1784623526877.0,1784623526938.4133,991.762,1343.0,61.413,1784622986877.0,2396.176
tc-96-480000,1784623524362.2275,1784623524524,1784623526877.0,1784623526938.4365,161.772,2353.0,61.437,1784622986877.0,2576.209
tc-97-480000,1784623524552.2402,1784623525534,1784623526877.0,1784623526938.4375,981.76,1343.0,61.438,1784622986877.0,2386.197
tc-98-480000,1784623523642.2366,1784623524524,1784623526877.0,1784623526938.438,881.763,2353.0,61.438,1784622986877.0,3296.201
tc-99-480000,1784623524232.228,1784623524524,1784623526877.0,1784623526938.4446,291.772,2353.0,61.445,1784622986877.0,2706.217
tc-0-540000,1784623527482.2275,1784623527554,1784623532319.0,1784623532380.6396,71.772,4765.0,61.64,1784622932319.0,4898.412
tc-1-540000,1784623530572.2297,1784623530584,1784623532319.0,1784623532380.642,11.77,1735.0,61.642,1784622932319.0,1808.412
tc-10-540000,1784623530372.2285,1784623530584,1784623532319.0,1784623532380.6428,211.771,1735.0,61.643,1784622932319.0,2008.414
tc-11-540000,1784623529892.2332,1784623530584,1784623532319.0,1784623532380.6436,691.767,1735.0,61.644,1784622932319.0,2488.41
tc-12-540000,1784623529672.2366,1784623530584,1784623532319.0,1784623532380.6448,911.763,1735.0,61.645,1784622932319.0,2708.408
tc-13-540000,1784623529242.2393,1784623529574,1784623532319.0,1784623532380.6453,331.761,2745.0,61.645,1784622932319.0,3138.406
tc-14-540000,1784623529072.2466,1784623529574,1784623532319.0,1784623532380.6504,501.753,2745.0,61.65,1784622932319.0,3308.404
tc-15-540000,1784623530312.2244,1784623530584,1784623532319.0,1784623532380.6511,271.776,1735.0,61.651,1784622932319.0,2068.427
tc-16-540000,1784623530162.226,1784623530584,1784623532319.0,1784623532380.6516,421.774,1735.0,61.652,1784622932319.0,2218.426
tc-17-540000,1784623529772.2295,1784623530584,1784623532319.0,1784623532380.6562,811.771,1735.0,61.656,1784622932319.0,2608.427
tc-18-540000,1784623529192.2485,1784623529574,1784623532319.0,1784623532380.6567,381.751,2745.0,61.657,1784622932319.0,3188.408
tc-19-540000,1784623529992.2334,1784623530584,1784623532319.0,1784623532380.6575,591.767,1735.0,61.657,1784622932319.0,2388.424
tc-2-540000,1784623528742.2383,1784623529574,1784623532319.0,1784623532380.658,831.762,2745.0,61.658,1784622932319.0,3638.42
tc-20-540000,1784623530022.2375,1784623530584,1784623532319.0,1784623532380.6619,561.762,1735.0,61.662,1784622932319.0,2358.424
tc-21-540000,1784623529312.2378,1784623529574,1784623532319.0,1784623532380.6655,261.762,2745.0,61.666,1784622932319.0,3068.428
tc-22-540000,1784623529082.2388,1784623529574,1784623532319.0,1784623532380.666,491.761,2745.0,61.666,1784622932319.0,3298.427
tc-23-540000,1784623529212.2441,1784623529574,1784623532319.0,1784623532380.6665,361.756,2745.0,61.667,1784622932319.0,3168.422
tc-24-540000,1784623529812.2332,1784623530584,1784623532319.0,1784623532380.667,771.767,1735.0,61.667,1784622932319.0,2568.434
tc-25-540000,1784623526432.2317,1784623526544,1784623532319.0,1784623532380.6675,111.768,5775.0,61.667,1784622932319.0,5948.436
tc-26-540000,1784623530512.2563,1784623530584,1784623532319.0,1784623532380.668,71.744,1735.0,61.668,1784622932319.0,1868.412
tc-27-540000,1784623528612.2307,1784623529574,1784623532319.0,1784623532380.6685,961.769,2745.0,61.668,1784622932319.0,3768.438
tc-28-540000,1784623529962.22,1784623530584,1784623532319.0,1784623532380.669,621.78,1735.0,61.669,1784622932319.0,2418.449
tc-29-540000,1784623530082.2324,1784623530584,1784623532319.0,1784623532380.6694,501.768,1735.0,61.669,1784622932319.0,2298.437
tc-3-540000,1784623526802.224,1784623527554,1784623532319.0,1784623532380.6702,751.776,4765.0,61.67,1784622932319.0,5578.446
tc-30-540000,1784623530532.2256,1784623530584,1784623532319.0,1784623532380.6707,51.774,1735.0,61.671,1784622932319.0,1848.445
tc-31-540000,1784623529902.2224,1784623530584,1784623532319.0,1784623532380.671,681.778,1735.0,61.671,1784622932319.0,2478.448
tc-32-540000,1784623529472.23,1784623529574,1784623532319.0,1784623532380.6714,101.77,2745.0,61.671,1784622932319.0,2908.441
tc-33-540000,1784623530352.2104,1784623530584,1784623532319.0,1784623532380.6897,231.79,1735.0,61.69,1784622932319.0,2028.479
tc-34-540000,1784623529012.2434,1784623529574,1784623532319.0,1784623532380.6902,561.757,2745.0,61.69,1784622932319.0,3368.447
tc-35-540000,1784623530072.2268,1784623530584,1784623532319.0,1784623532380.6907,511.773,1735.0,61.691,1784622932319.0,2308.464
tc-36-540000,1784623530562.231,1784623530584,1784623532319.0,1784623532380.6912,21.769,1735.0,61.691,1784622932319.0,1818.46
tc-37-540000,1784623528652.2542,1784623529574,1784623532319.0,1784623532380.6917,921.746,2745.0,61.692,1784622932319.0,3728.438
tc-38-540000,1784623530622.231,1784623530635,1784623532319.0,1784623532380.6921,12.769,1684.0,61.692,1784622932319.0,1758.461
tc-39-540000,1784623530412.2227,1784623530584,1784623532319.0,1784623532380.6924,171.777,1735.0,61.692,1784622932319.0,1968.47
tc-4-540000,1784623530122.2385,1784623530584,1784623532319.0,1784623532380.6929,461.761,1735.0,61.693,1784622932319.0,2258.454
tc-40-540000,1784623530092.2273,1784623530584,1784623532319.0,1784623532380.6934,491.773,1735.0,61.693,1784622932319.0,2288.466
tc-41-540000,1784623530342.2231,1784623530584,1784623532319.0,1784623532380.6975,241.777,1735.0,61.698,1784622932319.0,2038.474
tc-42-540000,1784623530192.2485,1784623530584,1784623532319.0,1784623532380.698,391.751,1735.0,61.698,1784622932319.0,2188.449
tc-43-540000,1784623530542.2354,1784623530584,1784623532319.0,1784623532380.6982,41.765,1735.0,61.698,1784622932319.0,1838.463
tc-44-540000,1784623530432.2231,1784623530584,1784623532319.0,1784623532380.6987,151.777,1735.0,61.699,1784622932319.0,1948.476
tc-45-540000,1784623529732.2285,1784623530584,1784623532319.0,1784623532380.6992,851.771,1735.0,61.699,1784622932319.0,2648.471
tc-46-540000,1784623528492.2393,1784623528564,1784623532319.0,1784623532380.6995,71.761,3755.0,61.699,1784622932319.0,3888.46
tc-47-540000,1784623529162.2434,1784623529574,1784623532319.0,1784623532380.7,411.757,2745.0,61.7,1784622932319.0,3218.457
tc-48-540000,1784623528472.2466,1784623528564,1784623532319.0,1784623532380.7004,91.753,3755.0,61.7,1784622932319.0,3908.454
tc-49-540000,1784623529342.233,1784623529574,1784623532319.0,1784623532380.704,231.767,2745.0,61.704,1784622932319.0,3038.471
tc-5-540000,1784623530302.235,1784623530584,1784623532320.0,1784623532380.7048,281.765,1736.0,60.705,1784622932320.0,2078.47
tc-50-540000,1784623530272.2297,1784623530584,1784623532320.0,1784623532380.705,311.77,1736.0,60.705,1784622932320.0,2108.475
tc-51-540000,1784623530552.23,1784623530584,1784623532320.0,1784623532380.7056,31.77,1736.0,60.706,1784622932320.0,1828.476
tc-52-540000,1784623530462.2202,1784623530584,1784623532320.0,1784623532380.706,121.78,1736.0,60.706,1784622932320.0,1918.486
tc-53-540000,1784623530582.2354,1784623530584,1784623532320.0,1784623532380.7065,1.765,1736.0,60.707,1784622932320.0,1798.471
tc-54-540000,1784623526202.2444,1784623526544,1784623532320.0,1784623532380.7134,341.756,5776.0,60.713,1784622932320.0,6178.469
tc-55-540000,1784623530452.2268,1784623530584,1784623532320.0,1784623532380.714,131.773,1736.0,60.714,1784622932320.0,1928.487
tc-56-540000,1784623530402.2197,1784623530584,1784623532320.0,1784623532380.7146,181.78,1736.0,60.715,1784622932320.0,1978.495
tc-57-540000,1784623530362.2234,1784623530584,1784623532320.0,1784623532380.7148,221.777,1736.0,60.715,1784622932320.0,2018.491
tc-58-540000,1784623529622.2415,1784623530584,1784623532320.0,1784623532380.7153,961.759,1736.0,60.715,1784622932320.0,2758.474
tc-59-540000,1784623527732.232,1784623528564,1784623532320.0,1784623532380.7158,831.768,3756.0,60.716,1784622932320.0,4648.484
tc-6-540000,1784623528692.2441,1784623529574,1784623532320.0,1784623532380.716,881.756,2746.0,60.716,1784622932320.0,3688.472
tc-60-540000,1784623529112.2522,1784623529574,1784623532320.0,1784623532380.7166,461.748,2746.0,60.717,1784622932320.0,3268.464
tc-61-540000,1784623530262.2253,1784623530584,1784623532320.0,1784623532380.717,321.775,1736.0,60.717,1784622932320.0,2118.492
tc-62-540000,1784623530232.2239,1784623530584,1784623532320.0,1784623532380.7175,351.776,1736.0,60.718,1784622932320.0,2148.494
tc-63-540000,1784623528632.236,1784623529574,1784623532320.0,1784623532380.7178,941.764,2746.0,60.718,1784622932320.0,3748.482
tc-64-540000,1784623527982.2366,1784623528564,1784623532320.0,1784623532380.7183,581.763,3756.0,60.718,1784622932320.0,4398.482
tc-65-540000,1784623530472.2278,1784623530584,1784623532320.0,1784623532380.7188,111.772,1736.0,60.719,1784622932320.0,1908.491
tc-66-540000,1784623527572.2363,1784623528564,1784623532320.0,1784623532380.7192,991.764,3756.0,60.719,1784622932320.0,4808.483
tc-67-540000,1784623530032.2207,1784623530584,1784623532320.0,1784623532380.7197,551.779,1736.0,60.72,1784622932320.0,2348.499
tc-68-540000,1784623530382.2314,1784623530584,1784623532320.0,1784623532380.7236,201.769,1736.0,60.724,1784622932320.0,1998.492
tc-69-540000,1784623530492.2383,1784623530584,1784623532320.0,1784623532380.864,91.762,1736.0,60.864,1784622932320.0,1888.626
tc-7-540000,1784623529692.251,1784623530584,1784623532320.0,1784623532380.8672,891.749,1736.0,60.867,1784622932320.0,2688.616
tc-70-540000,1784623530242.2349,1784623530584,1784623532320.0,1784623532380.8687,341.765,1736.0,60.869,1784622932320.0,2138.634
tc-71-540000,1784623530602.2407,1784623530635,1784623532320.0,1784623532380.8699,32.759,1685.0,60.87,1784622932320.0,1778.629
tc-72-540000,1784623530332.222,1784623530584,1784623532320.0,1784623532380.8845,251.778,1736.0,60.885,1784622932320.0,2048.663
tc-73-540000,1784623530052.2373,1784623530584,1784623532320.0,1784623532380.8857,531.763,1736.0,60.886,1784622932320.0,2328.648
tc-74-540000,1784623529142.2483,1784623529574,1784623532320.0,1784623532380.8867,431.752,2746.0,60.887,1784622932320.0,3238.638
tc-75-540000,1784623529752.231,1784623530584,1784623532320.0,1784623532380.888,831.769,1736.0,60.888,1784622932320.0,2628.657
tc-76-540000,1784623530612.241,1784623530635,1784623532320.0,1784623532380.8887,22.759,1685.0,60.889,1784622932320.0,1768.648
tc-77-540000,1784623530422.23,1784623530584,1784623532320.0,1784623532380.8894,161.77,1736.0,60.889,1784622932320.0,1958.659
tc-78-540000,1784623528972.2395,1784623529574,1784623532320.0,1784623532380.9165,601.76,2746.0,60.917,1784622932320.0,3408.677
tc-79-540000,1784623530152.227,1784623530584,1784623532320.0,1784623532380.9175,431.773,1736.0,60.917,1784622932320.0,2228.69
tc-8-540000,1784623528102.25,1784623528564,1784623532320.0,1784623532380.9182,461.75,3756.0,60.918,1784622932320.0,4278.668
tc-80-540000,1784623529452.2312,1784623529574,1784623532320.0,1784623532380.9194,121.769,2746.0,60.919,1784622932320.0,2928.688
tc-81-540000,1784623528152.2456,1784623528564,1784623532320.0,1784623532380.9204,411.754,3756.0,60.92,1784622932320.0,4228.675
tc-82-540000,1784623529932.2322,1784623530584,1784623532320.0,1784623532380.9211,651.768,1736.0,60.921,1784622932320.0,2448.689
tc-83-540000,1784623530292.2517,1784623530584,1784623532320.0,1784623532380.9219,291.748,1736.0,60.922,1784622932320.0,2088.67
tc-84-540000,1784623530182.245,1784623530584,1784623532320.0,1784623532380.9226,401.755,1736.0,60.923,1784622932320.0,2198.677
tc-85-540000,1784623530502.2249,1784623530584,1784623532320.0,1784623532380.9233,81.775,1736.0,60.923,1784622932320.0,1878.698
tc-86-540000,1784623530592.2385,1784623530635,1784623532320.0,1784623532380.924,42.761,1685.0,60.924,1784622932320.0,1788.686
tc-87-540000,1784623529912.2305,1784623530584,1784623532320.0,1784623532380.9248,671.77,1736.0,60.925,1784622932320.0,2468.694
tc-88-540000,1784623529942.2231,1784623530584,1784623532320.0,1784623532380.9255,641.777,1736.0,60.926,1784622932320.0,2438.702
tc-89-540000,1784623528682.2354,1784623529574,1784623532320.0,1784623532380.926,891.765,2746.0,60.926,1784622932320.0,3698.691
tc-9-540000,1784623530322.2231,1784623530584,1784623532320.0,1784623532380.9343,261.777,1736.0,60.934,1784622932320.0,2058.711
tc-90-540000,1784623529662.2336,1784623530584,1784623532320.0,1784623532380.935,921.766,1736.0,60.935,1784622932320.0,2718.701
tc-91-540000,1784623530482.225,1784623530584,1784623532320.0,1784623532380.9358,101.775,1736.0,60.936,1784622932320.0,1898.711
tc-92-540000,1784623529972.23,1784623530584,1784623532320.0,1784623532380.9434,611.77,1736.0,60.943,1784622932320.0,2408.713
tc-93-540000,1784623530442.229,1784623530584,1784623532320.0,1784623532380.945,141.771,1736.0,60.945,1784622932320.0,1938.716
tc-94-540000,1784623526852.2295,1784623527554,1784623532320.0,1784623532380.9521,701.771,4766.0,60.952,1784622932320.0,5528.723
tc-95-540000,1784623529572.241,1784623529574,1784623532320.0,1784623532380.953,1.759,2746.0,60.953,1784622932320.0,2808.712
tc-96-540000,1784623529982.2253,1784623530584,1784623532320.0,1784623532380.9536,601.775,1736.0,60.954,1784622932320.0,2398.728
tc-97-540000,1784623530042.2314,1784623530584,1784623532320.0,1784623532380.9546,541.769,1736.0,60.955,1784622932320.0,2338.723
tc-98-540000,1784623530012.2283,1784623530584,1784623532320.0,1784623532380.961,571.772,1736.0,60.961,1784622932320.0,2368.733
tc-99-540000,1784623528862.2356,1784623529574,1784623532320.0,1784623532380.967,711.764,2746.0,60.967,1784622932320.0,3518.731
