event_id,t0_ms,t1_ms,t2_ms,t3_ms,write_to_input_append_latency_ms,input_append_to_result_emission_latency_ms,l_visibility_ms,l_closure_ms,latency_ms
e-0,1784570153383.5444,1784570155797,1784570155826.0,1784570156351.3503,2413.456,29.0,525.35,,2967.806
e-1,1784570153433.609,1784570155797,1784570155842.0,1784570156351.3545,2363.391,45.0,509.354,,2917.746
e-2,1784570153483.6042,1784570155797,1784570155842.0,1784570156351.3552,2313.396,45.0,509.355,,2867.751
e-3,1784570153533.6404,1784570155797,1784570155843.0,1784570156351.3774,2263.36,46.0,508.377,,2817.737
e-4,1784570153586.5352,1784570155797,1784570155843.0,1784570156351.3782,2210.465,46.0,508.378,,2764.843
e-5,1784570153633.6057,1784570155797,1784570155843.0,1784570156351.379,2163.394,46.0,508.379,,2717.773
e-6,1784570153683.6016,1784570155797,1784570155843.0,1784570156351.3794,2113.398,46.0,508.379,,2667.778
e-7,1784570153733.6038,1784570155797,1784570155843.0,1784570156351.3845,2063.396,46.0,508.385,,2617.781
e-8,1784570153783.6042,1784570155797,1784570155843.0,1784570156351.386,2013.396,46.0,508.386,,2567.782
e-9,1784570153833.6072,1784570155797,1784570155843.0,1784570156351.3955,1963.393,46.0,508.396,,2517.788
e-10,1784570153883.6143,1784570155797,1784570155843.0,1784570156351.3958,1913.386,46.0,508.396,,2467.781
e-11,1784570153933.6067,1784570155797,1784570155844.0,1784570156351.3962,1863.393,47.0,507.396,,2417.79
e-12,1784570153983.6045,1784570155797,1784570155844.0,1784570156351.3967,1813.396,47.0,507.397,,2367.792
e-13,1784570154033.607,1784570155797,1784570155844.0,1784570156351.397,1763.393,47.0,507.397,,2317.79
e-14,1784570154083.6055,1784570155797,1784570155844.0,1784570156351.6365,1713.395,47.0,507.636,,2268.031
e-15,1784570154133.6042,1784570155797,1784570155844.0,1784570156351.639,1663.396,47.0,507.639,,2218.035
e-16,1784570154183.6035,1784570155797,1784570155844.0,1784570156351.6396,1613.396,47.0,507.64,,2168.036
e-17,1784570154233.6194,1784570155797,1784570155844.0,1784570156351.6682,1563.381,47.0,507.668,,2118.049
e-18,1784570154283.6147,1784570155797,1784570155844.0,1784570156351.6694,1513.385,47.0,507.669,,2068.055
e-19,1784570154333.6138,1784570155797,1784570155845.0,1784570156351.7322,1463.386,48.0,506.732,,2018.118
e-20,1784570154383.608,1784570155797,1784570155845.0,1784570156351.733,1413.392,48.0,506.733,,1968.125
e-21,1784570154433.614,1784570155797,1784570155845.0,1784570156351.7334,1363.386,48.0,506.733,,1918.119
e-22,1784570154483.6047,1784570155797,1784570155845.0,1784570156351.734,1313.395,48.0,506.734,,1868.129
e-23,1784570154533.6096,1784570155797,1784570155845.0,1784570156351.7346,1263.39,48.0,506.735,,1818.125
e-24,1784570154583.6157,1784570155797,1784570155845.0,1784570156351.735,1213.384,48.0,506.735,,1768.119
e-25,1784570154633.6096,1784570155797,1784570155845.0,1784570156351.7363,1163.39,48.0,506.736,,1718.127
e-26,1784570154683.607,1784570155797,1784570155845.0,1784570156351.7366,1113.393,48.0,506.737,,1668.13
e-27,1784570154733.6216,1784570155797,1784570155845.0,1784570156351.737,1063.378,48.0,506.737,,1618.115
e-28,1784570154783.6025,1784570155797,1784570155846.0,1784570156351.7375,1013.397,49.0,505.738,,1568.135
e-29,1784570154833.6084,1784570155797,1784570155846.0,1784570156351.738,963.392,49.0,505.738,,1518.13
e-30,1784570154883.607,1784570155797,1784570155846.0,1784570156351.7383,913.393,49.0,505.738,,1468.131
e-31,1784570154933.6077,1784570155797,1784570155846.0,1784570156351.7388,863.392,49.0,505.739,,1418.131
e-32,1784570154983.6218,1784570155797,1784570155846.0,1784570156351.7393,813.378,49.0,505.739,,1368.117
e-33,1784570155033.6064,1784570155797,1784570155846.0,1784570156351.7397,763.394,49.0,505.74,,1318.133
e-34,1784570155083.6013,1784570155797,1784570155846.0,1784570156351.7402,713.399,49.0,505.74,,1268.139
e-35,1784570155133.6135,1784570155797,1784570155846.0,1784570156351.7515,663.386,49.0,505.751,,1218.138
e-36,1784570155183.612,1784570155797,1784570155847.0,1784570156351.752,613.388,50.0,504.752,,1168.14
e-37,1784570155233.6108,1784570155797,1784570155847.0,1784570156351.8794,563.389,50.0,504.879,,1118.269
e-38,1784570155283.609,1784570155797,1784570155847.0,1784570156351.8809,513.391,50.0,504.881,,1068.272
e-39,1784570155333.6145,1784570155797,1784570155847.0,1784570156351.8914,463.385,50.0,504.891,,1018.277
e-40,1784570155383.6062,1784570155797,1784570155847.0,1784570156351.892,413.394,50.0,504.892,,968.286
e-41,1784570155433.6208,1784570155797,1784570155847.0,1784570156351.8938,363.379,50.0,504.894,,918.273
e-42,1784570155483.6099,1784570155797,1784570155847.0,1784570156351.8945,313.39,50.0,504.895,,868.285
e-43,1784570155533.6328,1784570155797,1784570155847.0,1784570156351.92,263.367,50.0,504.92,,818.287
e-44,1784570155583.6086,1784570155797,1784570155847.0,1784570156351.9824,213.391,50.0,504.982,,768.374
e-45,1784570155633.6084,1784570155797,1784570155847.0,1784570156351.984,163.392,50.0,504.984,,718.375
e-46,1784570155683.608,1784570155797,1784570155848.0,1784570156351.9844,113.392,51.0,503.984,,668.376
e-47,1784570155733.6316,1784570155797,1784570155848.0,1784570156351.9849,63.368,51.0,503.985,,618.353
e-48,1784570155783.61,1784570156787,1784570156794.0,1784570157425.0027,1003.39,7.0,631.003,,1641.393
e-49,1784570155833.611,1784570156787,1784570156795.0,1784570157425.0054,953.389,8.0,630.005,,1591.394
e-50,1784570155883.6091,1784570156787,1784570156795.0,1784570157425.0098,903.391,8.0,630.01,,1541.401
e-51,1784570155933.5984,1784570156787,1784570156795.0,1784570157425.0103,853.402,8.0,630.01,,1491.412
e-52,1784570155983.612,1784570156787,1784570156795.0,1784570157425.0107,803.388,8.0,630.011,,1441.399
e-53,1784570156033.6057,1784570156787,1784570156796.0,1784570157425.0125,753.394,9.0,629.012,,1391.407
e-54,1784570156083.6003,1784570156787,1784570156796.0,1784570157425.013,703.4,9.0,629.013,,1341.413
e-55,1784570156133.6047,1784570156787,1784570156796.0,1784570157425.0134,653.395,9.0,629.013,,1291.409
e-56,1784570156183.6035,1784570156787,1784570156796.0,1784570157425.014,603.396,9.0,629.014,,1241.41
e-57,1784570156233.5952,1784570156787,1784570156796.0,1784570157425.027,553.405,9.0,629.027,,1191.432
e-58,1784570156283.6123,1784570156787,1784570156796.0,1784570157425.0278,503.388,9.0,629.028,,1141.416
e-59,1784570156333.609,1784570156787,1784570156797.0,1784570157425.0283,453.391,10.0,628.028,,1091.419
e-60,1784570156383.6118,1784570156787,1784570156797.0,1784570157425.0288,403.388,10.0,628.029,,1041.417
e-61,1784570156433.602,1784570156787,1784570156797.0,1784570157425.0435,353.398,10.0,628.043,,991.441
e-62,1784570156483.6023,1784570156787,1784570156797.0,1784570157425.0442,303.398,10.0,628.044,,941.442
e-63,1784570156533.6104,1784570156787,1784570156797.0,1784570157425.1667,253.39,10.0,628.167,,891.556
e-64,1784570156583.6072,1784570156787,1784570156798.0,1784570157425.1692,203.393,11.0,627.169,,841.562
e-65,1784570156633.6057,1784570156787,1784570156798.0,1784570157425.1714,153.394,11.0,627.171,,791.566
e-66,1784570156683.6145,1784570156787,1784570156798.0,1784570157425.172,103.385,11.0,627.172,,741.558
e-67,1784570156733.6096,1784570156787,1784570156798.0,1784570157425.1729,53.39,11.0,627.173,,691.563
e-68,1784570156783.6094,1784570156787,1784570156798.0,1784570157425.1855,3.391,11.0,627.186,,641.576
e-69,1784570156833.612,1784570157836,1784570157842.0,1784570158473.3455,1002.388,6.0,631.345,,1639.733
e-70,1784570156883.6028,1784570157836,1784570157842.0,1784570158473.3481,952.397,6.0,631.348,,1589.745
e-71,1784570156933.6028,1784570157836,1784570157842.0,1784570158473.349,902.397,6.0,631.349,,1539.746
e-72,1784570156983.6077,1784570157836,1784570157842.0,1784570158473.3499,852.392,6.0,631.35,,1489.742
e-73,1784570157033.605,1784570157836,1784570157843.0,1784570158473.3508,802.395,7.0,630.351,,1439.746
e-74,1784570157083.6072,1784570157836,1784570157843.0,1784570158473.3513,752.393,7.0,630.351,,1389.744
e-75,1784570157133.6067,1784570157836,1784570157843.0,1784570158473.3525,702.393,7.0,630.353,,1339.746
e-76,1784570157183.6028,1784570157836,1784570157843.0,1784570158473.353,652.397,7.0,630.353,,1289.75
e-77,1784570157235.154,1784570157836,1784570157843.0,1784570158473.356,600.846,7.0,630.356,,1238.202
e-78,1784570157283.6113,1784570157836,1784570157843.0,1784570158473.3706,552.389,7.0,630.371,,1189.759
e-79,1784570157333.6082,1784570157836,1784570157844.0,1784570158473.371,502.392,8.0,629.371,,1139.763
e-80,1784570157383.607,1784570157836,1784570157844.0,1784570158473.3716,452.393,8.0,629.372,,1089.765
e-81,1784570157433.6099,1784570157836,1784570157844.0,1784570158473.372,402.39,8.0,629.372,,1039.762
e-82,1784570157483.6072,1784570157836,1784570157844.0,1784570158473.3726,352.393,8.0,629.373,,989.765
e-83,1784570157533.6067,1784570157836,1784570157844.0,1784570158473.3958,302.393,8.0,629.396,,939.789
e-84,1784570157583.5928,1784570157836,1784570157844.0,1784570158473.3965,252.407,8.0,629.396,,889.804
e-85,1784570157633.6091,1784570157836,1784570157845.0,1784570158473.3967,202.391,9.0,628.397,,839.788
e-86,1784570157683.618,1784570157836,1784570157845.0,1784570158473.3972,152.382,9.0,628.397,,789.779
e-87,1784570157733.6543,1784570157836,1784570157845.0,1784570158473.3977,102.346,9.0,628.398,,739.743
e-88,1784570157783.6724,1784570157836,1784570157845.0,1784570158473.3982,52.328,9.0,628.398,,689.726
e-89,1784570157833.6865,1784570157836,1784570157845.0,1784570158473.3984,2.313,9.0,628.398,,639.712
e-90,1784570157883.67,1784570158887,1784570158894.0,1784570159533.2456,1003.33,7.0,639.246,,1649.576
e-91,1784570157933.7024,1784570158887,1784570158894.0,1784570159533.248,953.298,7.0,639.248,,1599.546
e-92,1784570157983.6128,1784570158887,1784570158894.0,1784570159533.249,903.387,7.0,639.249,,1549.636
e-93,1784570158033.6091,1784570158887,1784570158894.0,1784570159533.252,853.391,7.0,639.252,,1499.643
e-94,1784570158083.611,1784570158887,1784570158895.0,1784570159533.2524,803.389,8.0,638.252,,1449.641
e-95,1784570158133.608,1784570158887,1784570158895.0,1784570159533.253,753.392,8.0,638.253,,1399.645
e-96,1784570158183.6172,1784570158887,1784570158895.0,1784570159533.2534,703.383,8.0,638.253,,1349.636
e-97,1784570158233.6162,1784570158887,1784570158895.0,1784570159533.254,653.384,8.0,638.254,,1299.638
e-98,1784570158283.6082,1784570158887,1784570158895.0,1784570159533.2544,603.392,8.0,638.254,,1249.646
e-99,1784570158333.6128,1784570158887,1784570158895.0,1784570159533.2654,553.387,8.0,638.265,,1199.653
e-100,1784570158383.61,1784570158887,1784570158896.0,1784570159533.2659,503.39,9.0,637.266,,1149.656
e-101,1784570158433.6116,1784570158887,1784570158896.0,1784570159533.2664,453.388,9.0,637.266,,1099.655
e-102,1784570158483.6094,1784570158887,1784570158896.0,1784570159533.2668,403.391,9.0,637.267,,1049.657
e-103,1784570158533.6145,1784570158887,1784570158896.0,1784570159533.5369,353.385,9.0,637.537,,999.922
e-104,1784570158583.6123,1784570158887,1784570158896.0,1784570159533.538,303.388,9.0,637.538,,949.926
e-105,1784570158633.604,1784570158887,1784570158897.0,1784570159533.5388,253.396,10.0,636.539,,899.935
e-106,1784570158683.605,1784570158887,1784570158897.0,1784570159533.539,203.395,10.0,636.539,,849.934
e-107,1784570158733.6135,1784570158887,1784570158897.0,1784570159533.5396,153.386,10.0,636.54,,799.926
e-108,1784570158783.609,1784570158887,1784570158897.0,1784570159533.5403,103.391,10.0,636.54,,749.931
e-109,1784570158833.6106,1784570158887,1784570158898.0,1784570159533.5413,53.389,11.0,635.541,,699.931
e-110,1784570158883.6067,1784570158887,1784570158898.0,1784570159533.5417,3.393,11.0,635.542,,649.935
e-111,1784570158933.6086,1784570159937,1784570159943.0,1784570160572.371,1003.391,6.0,629.371,,1638.762
e-112,1784570158983.6147,1784570159937,1784570159944.0,1784570160572.3745,953.385,7.0,628.375,,1588.76
e-113,1784570159033.6042,1784570159937,1784570159944.0,1784570160572.3755,903.396,7.0,628.375,,1538.771
e-114,1784570159083.6125,1784570159937,1784570159944.0,1784570160572.3762,853.387,7.0,628.376,,1488.764
e-115,1784570159133.6057,1784570159937,1784570159944.0,1784570160572.377,803.394,7.0,628.377,,1438.771
e-116,1784570159183.6074,1784570159937,1784570159944.0,1784570160572.3774,753.393,7.0,628.377,,1388.77
e-117,1784570159233.6045,1784570159937,1784570159945.0,1784570160572.3782,703.396,8.0,627.378,,1338.774
e-118,1784570159283.6052,1784570159937,1784570159945.0,1784570160572.379,653.395,8.0,627.379,,1288.774
e-119,1784570159333.6057,1784570159937,1784570159945.0,1784570160572.3796,603.394,8.0,627.38,,1238.774
e-120,1784570159383.6096,1784570159937,1784570159945.0,1784570160572.3943,553.39,8.0,627.394,,1188.785
e-121,1784570159433.608,1784570159937,1784570159945.0,1784570160572.395,503.392,8.0,627.395,,1138.787
e-122,1784570159483.6067,1784570159937,1784570159945.0,1784570160572.3958,453.393,8.0,627.396,,1088.789
e-123,1784570159533.6042,1784570159937,1784570159946.0,1784570160572.4646,403.396,9.0,626.465,,1038.86
e-124,1784570159583.6414,1784570159937,1784570159946.0,1784570160572.4666,353.359,9.0,626.467,,988.825
e-125,1784570159633.6077,1784570159937,1784570159946.0,1784570160572.4673,303.392,9.0,626.467,,938.86
e-126,1784570159683.6204,1784570159937,1784570159946.0,1784570160572.4683,253.38,9.0,626.468,,888.848
e-127,1784570159733.6213,1784570159937,1784570159946.0,1784570160572.469,203.379,9.0,626.469,,838.848
e-128,1784570159783.6091,1784570159937,1784570159947.0,1784570160572.4697,153.391,10.0,625.47,,788.861
e-129,1784570159833.6128,1784570159937,1784570159947.0,1784570160572.4717,103.387,10.0,625.472,,738.859
e-130,1784570159883.6162,1784570159937,1784570159947.0,1784570160572.4724,53.384,10.0,625.472,,688.856
e-131,1784570159933.6084,1784570159937,1784570159947.0,1784570160572.4731,3.392,10.0,625.473,,638.865
e-132,1784570159983.6099,1784570160986,1784570160991.0,1784570161619.876,1002.39,5.0,628.876,,1636.266
e-133,1784570160033.62,1784570160986,1784570160992.0,1784570161619.88,952.38,6.0,627.88,,1586.26
e-134,1784570160083.6064,1784570160986,1784570160992.0,1784570161619.8809,902.394,6.0,627.881,,1536.274
e-135,1784570160133.6047,1784570160986,1784570160992.0,1784570161619.8816,852.395,6.0,627.882,,1486.277
e-136,1784570160183.6099,1784570160986,1784570160992.0,1784570161619.882,802.39,6.0,627.882,,1436.272
e-137,1784570160233.605,1784570160986,1784570160993.0,1784570161619.883,752.395,7.0,626.883,,1386.278
e-138,1784570160283.6082,1784570160986,1784570160993.0,1784570161619.8838,702.392,7.0,626.884,,1336.276
e-139,1784570160333.601,1784570160986,1784570160993.0,1784570161619.8843,652.399,7.0,626.884,,1286.283
e-140,1784570160383.6057,1784570160986,1784570160993.0,1784570161620.2449,602.394,7.0,627.245,,1236.639
e-141,1784570160433.61,1784570160986,1784570160993.0,1784570161620.2466,552.39,7.0,627.247,,1186.636
e-142,1784570160483.6064,1784570160986,1784570160993.0,1784570161620.264,502.394,7.0,627.264,,1136.657
e-143,1784570160533.614,1784570160986,1784570160993.0,1784570161620.265,452.386,7.0,627.265,,1086.651
e-144,1784570160583.6072,1784570160986,1784570160994.0,1784570161620.2656,402.393,8.0,626.266,,1036.658
e-145,1784570160633.6016,1784570160986,1784570160994.0,1784570161620.266,352.398,8.0,626.266,,986.665
e-146,1784570160683.6057,1784570160986,1784570160994.0,1784570161620.2666,302.394,8.0,626.267,,936.661
e-147,1784570160733.602,1784570160986,1784570160994.0,1784570161620.2673,252.398,8.0,626.267,,886.665
e-148,1784570160783.6064,1784570160986,1784570160994.0,1784570161620.268,202.394,8.0,626.268,,836.662
e-149,1784570160833.6072,1784570160986,1784570160994.0,1784570161620.27,152.393,8.0,626.27,,786.663
e-150,1784570160883.6084,1784570160986,1784570160994.0,1784570161620.2756,102.392,8.0,626.276,,736.667
e-151,1784570160933.6055,1784570160986,1784570160995.0,1784570161620.2764,52.395,9.0,625.276,,686.671
e-152,1784570160983.6074,1784570160986,1784570160995.0,1784570161620.2769,2.393,9.0,625.277,,636.669
e-153,1784570161033.6052,1784570162035,1784570162041.0,1784570162671.4404,1001.395,6.0,630.44,,1637.835
e-154,1784570161083.6084,1784570162035,1784570162041.0,1784570162671.443,951.392,6.0,630.443,,1587.835
e-155,1784570161133.61,1784570162035,1784570162041.0,1784570162671.4436,901.39,6.0,630.444,,1537.833
e-156,1784570161183.6057,1784570162035,1784570162042.0,1784570162671.444,851.394,7.0,629.444,,1487.838
e-157,1784570161233.6052,1784570162035,1784570162042.0,1784570162671.4446,801.395,7.0,629.445,,1437.839
e-158,1784570161283.6084,1784570162035,1784570162042.0,1784570162671.445,751.392,7.0,629.445,,1387.837
e-159,1784570161333.608,1784570162035,1784570162042.0,1784570162671.4456,701.392,7.0,629.446,,1337.838
e-160,1784570161383.6086,1784570162035,1784570162042.0,1784570162671.4463,651.391,7.0,629.446,,1287.838
e-161,1784570161433.6094,1784570162035,1784570162042.0,1784570162671.4465,601.391,7.0,629.447,,1237.837
e-162,1784570161483.606,1784570162035,1784570162043.0,1784570162671.447,551.394,8.0,628.447,,1187.841
e-163,1784570161533.6064,1784570162035,1784570162043.0,1784570162671.4658,501.394,8.0,628.466,,1137.859
e-164,1784570161583.6118,1784570162035,1784570162043.0,1784570162671.4668,451.388,8.0,628.467,,1087.855
e-165,1784570161633.6138,1784570162035,1784570162043.0,1784570162671.4673,401.386,8.0,628.467,,1037.854
e-166,1784570161683.6096,1784570162035,1784570162043.0,1784570162671.468,351.39,8.0,628.468,,987.858
e-167,1784570161735.016,1784570162035,1784570162044.0,1784570162671.4685,299.984,9.0,627.469,,936.452
e-168,1784570161783.6135,1784570162035,1784570162044.0,1784570162671.4692,251.386,9.0,627.469,,887.856
e-169,1784570161833.621,1784570162035,1784570162044.0,1784570162671.4697,201.379,9.0,627.47,,837.849
e-170,1784570161883.6096,1784570162035,1784570162044.0,1784570162671.4705,151.39,9.0,627.47,,787.861
e-171,1784570161933.6094,1784570162035,1784570162044.0,1784570162671.471,101.391,9.0,627.471,,737.862
e-172,1784570161983.6094,1784570162035,1784570162044.0,1784570162671.4717,51.391,9.0,627.472,,687.862
e-173,1784570162033.606,1784570163037,1784570163043.0,1784570163777.8416,1003.394,6.0,734.842,,1744.236
e-174,1784570162083.609,1784570163037,1784570163043.0,1784570163777.844,953.391,6.0,734.844,,1694.235
e-175,1784570162133.6165,1784570163037,1784570163043.0,1784570163777.8452,903.384,6.0,734.845,,1644.229
e-176,1784570162183.6182,1784570163037,1784570163043.0,1784570163777.8457,853.382,6.0,734.846,,1594.228
e-177,1784570162233.6118,1784570163037,1784570163043.0,1784570163777.8464,803.388,6.0,734.846,,1544.235
e-178,1784570162283.6096,1784570163037,1784570163044.0,1784570163777.847,753.39,7.0,733.847,,1494.237
e-179,1784570162333.6072,1784570163037,1784570163044.0,1784570163777.8474,703.393,7.0,733.847,,1444.24
e-180,1784570162383.6104,1784570163037,1784570163044.0,1784570163777.848,653.39,7.0,733.848,,1394.238
e-181,1784570162433.61,1784570163037,1784570163044.0,1784570163777.8484,603.39,7.0,733.848,,1344.238
e-182,1784570162483.6128,1784570163037,1784570163044.0,1784570163777.8489,553.387,7.0,733.849,,1294.236
e-183,1784570162533.609,1784570163037,1784570163044.0,1784570163777.8496,503.391,7.0,733.85,,1244.241
e-184,1784570162583.614,1784570163037,1784570163044.0,1784570163777.864,453.386,7.0,733.864,,1194.25
e-185,1784570162633.6038,1784570163037,1784570163044.0,1784570163777.8647,403.396,7.0,733.865,,1144.261
e-186,1784570162683.6077,1784570163037,1784570163045.0,1784570163777.866,353.392,8.0,732.866,,1094.258
e-187,1784570162733.6099,1784570163037,1784570163045.0,1784570163777.8667,303.39,8.0,732.867,,1044.257
e-188,1784570162783.6084,1784570163037,1784570163045.0,1784570163777.8674,253.392,8.0,732.867,,994.259
e-189,1784570162833.6116,1784570163037,1784570163045.0,1784570163777.8684,203.388,8.0,732.868,,944.257
e-190,1784570162883.6116,1784570163037,1784570163045.0,1784570163777.9963,153.388,8.0,732.996,,894.385
e-191,1784570162933.607,1784570163037,1784570163045.0,1784570163777.9976,103.393,8.0,732.998,,844.391
e-192,1784570162983.608,1784570163037,1784570163045.0,1784570163777.9983,53.392,8.0,732.998,,794.39
e-193,1784570163033.6055,1784570163037,1784570163045.0,1784570163777.999,3.395,8.0,732.999,,744.394
e-194,1784570163083.6052,1784570164085,1784570164093.0,1784570164819.8245,1001.395,8.0,726.824,,1736.219
e-195,1784570163133.6082,1784570164085,1784570164094.0,1784570164819.827,951.392,9.0,725.827,,1686.219
e-196,1784570163183.613,1784570164085,1784570164094.0,1784570164819.8274,901.387,9.0,725.827,,1636.214
e-197,1784570163233.6113,1784570164085,1784570164094.0,1784570164819.828,851.389,9.0,725.828,,1586.217
e-198,1784570163283.6062,1784570164085,1784570164094.0,1784570164819.8284,801.394,9.0,725.828,,1536.222
e-199,1784570163333.6099,1784570164085,1784570164095.0,1784570164819.8289,751.39,10.0,724.829,,1486.219
e-200,1784570163383.6116,1784570164085,1784570164095.0,1784570164819.8293,701.388,10.0,724.829,,1436.218
e-201,1784570163433.6082,1784570164085,1784570164095.0,1784570164819.8315,651.392,10.0,724.832,,1386.223
e-202,1784570163483.6108,1784570164085,1784570164095.0,1784570164819.832,601.389,10.0,724.832,,1336.221
e-203,1784570163533.608,1784570164085,1784570164095.0,1784570164819.8323,551.392,10.0,724.832,,1286.224
e-204,1784570163583.614,1784570164085,1784570164095.0,1784570164819.8328,501.386,10.0,724.833,,1236.219
e-205,1784570163633.6135,1784570164085,1784570164096.0,1784570164819.8467,451.386,11.0,723.847,,1186.233
e-206,1784570163683.618,1784570164085,1784570164096.0,1784570164819.8472,401.382,11.0,723.847,,1136.229
e-207,1784570163733.594,1784570164085,1784570164096.0,1784570164819.8477,351.406,11.0,723.848,,1086.254
e-208,1784570163783.6072,1784570164085,1784570164096.0,1784570164819.848,301.393,11.0,723.848,,1036.241
e-209,1784570163833.6123,1784570164085,1784570164096.0,1784570164819.8684,251.388,11.0,723.868,,986.256
e-210,1784570163883.6096,1784570164085,1784570164096.0,1784570164819.8691,201.39,11.0,723.869,,936.26
e-211,1784570163933.6072,1784570164085,1784570164096.0,1784570164819.8696,151.393,11.0,723.87,,886.262
e-212,1784570163983.607,1784570164085,1784570164097.0,1784570164819.8704,101.393,12.0,722.87,,836.263
e-213,1784570164033.607,1784570164085,1784570164097.0,1784570164819.871,51.393,12.0,722.871,,786.264
e-214,1784570164083.6082,1784570165086,1784570165091.0,1784570165918.2551,1002.392,5.0,827.255,,1834.647
e-215,1784570164133.605,1784570165086,1784570165092.0,1784570165918.2583,952.395,6.0,826.258,,1784.653
e-216,1784570164183.6042,1784570165086,1784570165092.0,1784570165918.2593,902.396,6.0,826.259,,1734.655
e-217,1784570164233.6074,1784570165086,1784570165092.0,1784570165918.26,852.393,6.0,826.26,,1684.653
e-218,1784570164283.608,1784570165086,1784570165092.0,1784570165918.2607,802.392,6.0,826.261,,1634.653
e-219,1784570164333.6116,1784570165086,1784570165092.0,1784570165918.2751,752.388,6.0,826.275,,1584.664
e-220,1784570164383.6191,1784570165086,1784570165092.0,1784570165918.276,702.381,6.0,826.276,,1534.657
e-221,1784570164433.6157,1784570165086,1784570165092.0,1784570165918.2766,652.384,6.0,826.277,,1484.661
e-222,1784570164483.6074,1784570165086,1784570165092.0,1784570165918.2773,602.393,6.0,826.277,,1434.67
e-223,1784570164533.6094,1784570165086,1784570165093.0,1784570165918.278,552.391,7.0,825.278,,1384.669
e-224,1784570164583.6133,1784570165086,1784570165093.0,1784570165918.2788,502.387,7.0,825.279,,1334.666
e-225,1784570164633.6082,1784570165086,1784570165093.0,1784570165918.2793,452.392,7.0,825.279,,1284.671
e-226,1784570164683.6094,1784570165086,1784570165093.0,1784570165918.28,402.391,7.0,825.28,,1234.671
e-227,1784570164733.6123,1784570165086,1784570165093.0,1784570165918.286,352.388,7.0,825.286,,1184.674
e-228,1784570164783.6199,1784570165086,1784570165093.0,1784570165918.2866,302.38,7.0,825.287,,1134.667
e-229,1784570164833.6096,1784570165086,1784570165093.0,1784570165918.2874,252.39,7.0,825.287,,1084.678
e-230,1784570164883.61,1784570165086,1784570165094.0,1784570165918.288,202.39,8.0,824.288,,1034.678
e-231,1784570164933.6084,1784570165086,1784570165094.0,1784570165918.2886,152.392,8.0,824.289,,984.68
e-232,1784570164983.6082,1784570165086,1784570165094.0,1784570165918.289,102.392,8.0,824.289,,934.681
e-233,1784570165033.6074,1784570165086,1784570165094.0,1784570165918.2917,52.393,8.0,824.292,,884.684
e-234,1784570165083.6091,1784570165086,1784570165094.0,1784570165918.2922,2.391,8.0,824.292,,834.683
e-235,1784570165133.6067,1784570166135,1784570166140.0,1784570166966.493,1001.393,5.0,826.493,,1832.886
e-236,1784570165183.6162,1784570166135,1784570166140.0,1784570166966.495,951.384,5.0,826.495,,1782.879
e-237,1784570165233.607,1784570166135,1784570166141.0,1784570166966.5093,901.393,6.0,825.509,,1732.902
e-238,1784570165286.537,1784570166135,1784570166141.0,1784570166966.5098,848.463,6.0,825.51,,1679.973
e-239,1784570165333.6125,1784570166135,1784570166141.0,1784570166966.5103,801.387,6.0,825.51,,1632.898
e-240,1784570165383.6123,1784570166135,1784570166141.0,1784570166966.5107,751.388,6.0,825.511,,1582.898
e-241,1784570165433.6074,1784570166135,1784570166141.0,1784570166966.5112,701.393,6.0,825.511,,1532.904
e-242,1784570165483.612,1784570166135,1784570166141.0,1784570166966.512,651.388,6.0,825.512,,1482.9
e-243,1784570165533.6072,1784570166135,1784570166141.0,1784570166966.5125,601.393,6.0,825.512,,1432.905
e-244,1784570165583.601,1784570166135,1784570166141.0,1784570166966.5127,551.399,6.0,825.513,,1382.912
e-245,1784570165633.604,1784570166135,1784570166142.0,1784570166966.5132,501.396,7.0,824.513,,1332.909
e-246,1784570165683.6074,1784570166135,1784570166142.0,1784570166966.5137,451.393,7.0,824.514,,1282.906
e-247,1784570165733.608,1784570166135,1784570166142.0,1784570166966.514,401.392,7.0,824.514,,1232.906
e-248,1784570165783.6123,1784570166135,1784570166142.0,1784570166966.522,351.388,7.0,824.522,,1182.91
e-249,1784570165833.6099,1784570166135,1784570166142.0,1784570166966.5222,301.39,7.0,824.522,,1132.912
e-250,1784570165883.614,1784570166135,1784570166142.0,1784570166966.5227,251.386,7.0,824.523,,1082.909
e-251,1784570165933.621,1784570166135,1784570166142.0,1784570166966.523,201.379,7.0,824.523,,1032.902
e-252,1784570165983.6125,1784570166135,1784570166142.0,1784570166966.5417,151.387,7.0,824.542,,982.929
e-253,1784570166033.6106,1784570166135,1784570166143.0,1784570166966.5422,101.389,8.0,823.542,,932.932
e-254,1784570166083.614,1784570166135,1784570166143.0,1784570166966.5427,51.386,8.0,823.543,,882.929
e-255,1784570166133.6199,1784570167137,1784570167143.0,1784570168073.3054,1003.38,6.0,930.305,,1939.686
e-256,1784570166183.6162,1784570167137,1784570167143.0,1784570168073.3088,953.384,6.0,930.309,,1889.693
e-257,1784570166233.6113,1784570167137,1784570167144.0,1784570168073.3096,903.389,7.0,929.31,,1839.698
e-258,1784570166283.6177,1784570167137,1784570167144.0,1784570168073.3103,853.382,7.0,929.31,,1789.693
e-259,1784570166333.615,1784570167137,1784570167144.0,1784570168073.311,803.385,7.0,929.311,,1739.696
e-260,1784570166383.61,1784570167137,1784570167144.0,1784570168073.3118,753.39,7.0,929.312,,1689.702
e-261,1784570166433.6045,1784570167137,1784570167144.0,1784570168073.3125,703.396,7.0,929.312,,1639.708
e-262,1784570166483.608,1784570167137,1784570167144.0,1784570168073.3135,653.392,7.0,929.313,,1589.706
e-263,1784570166533.617,1784570167137,1784570167145.0,1784570168073.3142,603.383,8.0,928.314,,1539.697
e-264,1784570166583.6074,1784570167137,1784570167145.0,1784570168073.315,553.393,8.0,928.315,,1489.708
e-265,1784570166633.6033,1784570167137,1784570167145.0,1784570168073.3157,503.397,8.0,928.316,,1439.712
e-266,1784570166683.6118,1784570167137,1784570167145.0,1784570168073.3164,453.388,8.0,928.316,,1389.705
e-267,1784570166733.6084,1784570167137,1784570167145.0,1784570168073.3171,403.392,8.0,928.317,,1339.709
e-268,1784570166783.613,1784570167137,1784570167145.0,1784570168073.3176,353.387,8.0,928.318,,1289.705
e-269,1784570166833.6206,1784570167137,1784570167145.0,1784570168073.3328,303.379,8.0,928.333,,1239.712
e-270,1784570166883.6213,1784570167137,1784570167146.0,1784570168073.3335,253.379,9.0,927.333,,1189.712
e-271,1784570166933.6199,1784570167137,1784570167146.0,1784570168073.334,203.38,9.0,927.334,,1139.714
e-272,1784570166983.6157,1784570167137,1784570167146.0,1784570168073.3345,153.384,9.0,927.334,,1089.719
e-273,1784570167033.6213,1784570167137,1784570167146.0,1784570168073.335,103.379,9.0,927.335,,1039.714
e-274,1784570167083.6165,1784570167137,1784570167146.0,1784570168073.3354,53.384,9.0,927.335,,989.719
e-275,1784570167133.62,1784570167137,1784570167146.0,1784570168073.336,3.38,9.0,927.336,,939.716
e-276,1784570167183.636,1784570168186,1784570168192.0,1784570169116.9634,1002.364,6.0,924.963,,1933.327
e-277,1784570167233.6113,1784570168186,1784570168192.0,1784570169116.9658,952.389,6.0,924.966,,1883.354
e-278,1784570167283.612,1784570168186,1784570168192.0,1784570169116.9666,902.388,6.0,924.967,,1833.354
e-279,1784570167333.6094,1784570168186,1784570168192.0,1784570169116.9673,852.391,6.0,924.967,,1783.358
e-280,1784570167383.6199,1784570168186,1784570168192.0,1784570169116.9678,802.38,6.0,924.968,,1733.348
e-281,1784570167433.6091,1784570168186,1784570168192.0,1784570169116.9683,752.391,6.0,924.968,,1683.359
e-282,1784570167483.613,1784570168186,1784570168192.0,1784570169116.9688,702.387,6.0,924.969,,1633.356
e-283,1784570167533.6196,1784570168186,1784570168192.0,1784570169116.9692,652.38,6.0,924.969,,1583.35
e-284,1784570167583.6147,1784570168186,1784570168193.0,1784570169116.9697,602.385,7.0,923.97,,1533.355
e-285,1784570167633.6094,1784570168186,1784570168193.0,1784570169116.9705,552.391,7.0,923.97,,1483.361
e-286,1784570167683.6018,1784570168186,1784570168193.0,1784570169116.9836,502.398,7.0,923.984,,1433.382
e-287,1784570167733.599,1784570168186,1784570168193.0,1784570169116.9846,452.401,7.0,923.985,,1383.385
e-288,1784570167783.6086,1784570168186,1784570168193.0,1784570169116.985,402.391,7.0,923.985,,1333.376
e-289,1784570167833.6123,1784570168186,1784570168193.0,1784570169116.9858,352.388,7.0,923.986,,1283.374
e-290,1784570167883.6147,1784570168186,1784570168193.0,1784570169116.9905,302.385,7.0,923.99,,1233.376
e-291,1784570167933.6157,1784570168186,1784570168193.0,1784570169116.991,252.384,7.0,923.991,,1183.375
e-292,1784570167983.6118,1784570168186,1784570168193.0,1784570169116.9915,202.388,7.0,923.991,,1133.38
e-293,1784570168033.6074,1784570168186,1784570168193.0,1784570169116.992,152.393,7.0,923.992,,1083.385
e-294,1784570168083.6084,1784570168186,1784570168193.0,1784570169116.9924,102.392,7.0,923.992,,1033.384
e-295,1784570168133.61,1784570168186,1784570168193.0,1784570169117.0068,52.39,7.0,924.007,,983.397
e-296,1784570168183.6091,1784570168186,1784570168193.0,1784570169117.0073,2.391,7.0,924.007,,933.398
e-297,1784570168233.628,1784570169235,1784570169242.0,1784570170167.489,1001.372,7.0,925.489,,1933.861
e-298,1784570168283.6084,1784570169235,1784570169242.0,1784570170167.4922,951.392,7.0,925.492,,1883.884
e-299,1784570168333.6086,1784570169235,1784570169242.0,1784570170167.4932,901.391,7.0,925.493,,1833.885
e-300,1784570168383.6064,1784570169235,1784570169242.0,1784570170167.494,851.394,7.0,925.494,,1783.887
e-301,1784570168433.6084,1784570169235,1784570169242.0,1784570170167.4946,801.392,7.0,925.495,,1733.886
e-302,1784570168483.6094,1784570169235,1784570169242.0,1784570170167.495,751.391,7.0,925.495,,1683.886
e-303,1784570168533.6147,1784570169235,1784570169243.0,1784570170167.522,701.385,8.0,924.522,,1633.907
e-304,1784570168583.613,1784570169235,1784570169243.0,1784570170167.523,651.387,8.0,924.523,,1583.91
e-305,1784570168633.6128,1784570169235,1784570169243.0,1784570170167.5237,601.387,8.0,924.524,,1533.911
e-306,1784570168683.6118,1784570169235,1784570169243.0,1784570170167.5242,551.388,8.0,924.524,,1483.912
e-307,1784570168733.611,1784570169235,1784570169243.0,1784570170167.525,501.389,8.0,924.525,,1433.914
e-308,1784570168783.6104,1784570169235,1784570169243.0,1784570170167.5254,451.39,8.0,924.525,,1383.915
e-309,1784570168833.6123,1784570169235,1784570169243.0,1784570170167.5283,401.388,8.0,924.528,,1333.916
e-310,1784570168883.608,1784570169235,1784570169243.0,1784570170167.529,351.392,8.0,924.529,,1283.921
e-311,1784570168933.6045,1784570169235,1784570169243.0,1784570170167.5298,301.396,8.0,924.53,,1233.925
e-312,1784570168983.6047,1784570169235,1784570169243.0,1784570170167.5437,251.395,8.0,924.544,,1183.939
e-313,1784570169033.6006,1784570169235,1784570169243.0,1784570170167.6453,201.399,8.0,924.645,,1134.045
e-314,1784570169083.609,1784570169235,1784570169244.0,1784570170167.6462,151.391,9.0,923.646,,1084.037
e-315,1784570169133.601,1784570169235,1784570169244.0,1784570170167.6467,101.399,9.0,923.647,,1034.046
e-316,1784570169183.6047,1784570169235,1784570169244.0,1784570170167.6475,51.395,9.0,923.647,,984.043
e-317,1784570169233.6042,1784570169235,1784570169244.0,1784570170167.6482,1.396,9.0,923.648,,934.044
e-318,1784570169283.6084,1784570170285,1784570170291.0,1784570171214.7444,1001.392,6.0,923.744,,1931.136
e-319,1784570169333.6086,1784570170285,1784570170291.0,1784570171214.7478,951.391,6.0,923.748,,1881.139
e-320,1784570169383.6082,1784570170285,1784570170291.0,1784570171214.7488,901.392,6.0,923.749,,1831.141
e-321,1784570169433.6074,1784570170285,1784570170291.0,1784570171214.7493,851.393,6.0,923.749,,1781.142
e-322,1784570169483.61,1784570170285,1784570170291.0,1784570171214.75,801.39,6.0,923.75,,1731.14
e-323,1784570169533.602,1784570170285,1784570170291.0,1784570171214.7507,751.398,6.0,923.751,,1681.149
e-324,1784570169583.6055,1784570170285,1784570170291.0,1784570171214.7512,701.395,6.0,923.751,,1631.146
e-325,1784570169633.604,1784570170285,1784570170292.0,1784570171214.752,651.396,7.0,922.752,,1581.148
e-326,1784570169683.6067,1784570170285,1784570170292.0,1784570171214.7527,601.393,7.0,922.753,,1531.146
e-327,1784570169733.599,1784570170285,1784570170292.0,1784570171214.7532,551.401,7.0,922.753,,1481.154
e-328,1784570169783.5996,1784570170285,1784570170292.0,1784570171214.754,501.4,7.0,922.754,,1431.154
e-329,1784570169833.6045,1784570170285,1784570170292.0,1784570171214.7544,451.396,7.0,922.754,,1381.15
e-330,1784570169883.605,1784570170285,1784570170292.0,1784570171214.7705,401.395,7.0,922.771,,1331.166
e-331,1784570169933.6006,1784570170285,1784570170292.0,1784570171214.771,351.399,7.0,922.771,,1281.17
e-332,1784570169983.603,1784570170285,1784570170292.0,1784570171214.7715,301.397,7.0,922.771,,1231.168
e-333,1784570170033.6033,1784570170285,1784570170292.0,1784570171214.7844,251.397,7.0,922.784,,1181.181
e-334,1784570170083.6128,1784570170285,1784570170292.0,1784570171214.785,201.387,7.0,922.785,,1131.172
e-335,1784570170133.6035,1784570170285,1784570170293.0,1784570171214.7854,151.396,8.0,921.785,,1081.182
e-336,1784570170183.611,1784570170285,1784570170293.0,1784570171214.7856,101.389,8.0,921.786,,1031.175
e-337,1784570170233.5999,1784570170285,1784570170293.0,1784570171214.7861,51.4,8.0,921.786,,981.186
e-338,1784570170283.6064,1784570170285,1784570170293.0,1784570171214.7866,1.394,8.0,921.787,,931.18
e-339,1784570170333.6082,1784570171335,1784570171340.0,1784570172266.558,1001.392,5.0,926.558,,1932.95
e-340,1784570170383.6116,1784570171335,1784570171341.0,1784570172266.5625,951.388,6.0,925.562,,1882.951
e-341,1784570170433.6123,1784570171335,1784570171341.0,1784570172266.5637,901.388,6.0,925.564,,1832.951
e-342,1784570170483.6106,1784570171335,1784570171341.0,1784570172266.5645,851.389,6.0,925.564,,1782.954
e-343,1784570170533.6028,1784570171335,1784570171341.0,1784570172266.5654,801.397,6.0,925.565,,1732.963
e-344,1784570170583.6118,1784570171335,1784570171341.0,1784570172266.5662,751.388,6.0,925.566,,1682.954
e-345,1784570170633.6113,1784570171335,1784570171341.0,1784570172266.567,701.389,6.0,925.567,,1632.956
e-346,1784570170683.613,1784570171335,1784570171341.0,1784570172266.5679,651.387,6.0,925.568,,1582.955
e-347,1784570170733.6091,1784570171335,1784570171341.0,1784570172266.5686,601.391,6.0,925.569,,1532.959
e-348,1784570170783.6084,1784570171335,1784570171342.0,1784570172266.5693,551.392,7.0,924.569,,1482.961
e-349,1784570170833.605,1784570171335,1784570171342.0,1784570172266.57,501.395,7.0,924.57,,1432.965
e-350,1784570170883.6045,1784570171335,1784570171342.0,1784570172266.5708,451.396,7.0,924.571,,1382.966
e-351,1784570170933.6067,1784570171335,1784570171342.0,1784570172266.5715,401.393,7.0,924.572,,1332.965
e-352,1784570170983.6042,1784570171335,1784570171342.0,1784570172266.5852,351.396,7.0,924.585,,1282.981
e-353,1784570171033.5994,1784570171335,1784570171342.0,1784570172266.5874,301.401,7.0,924.587,,1232.988
e-354,1784570171083.6133,1784570171335,1784570171342.0,1784570172266.5928,251.387,7.0,924.593,,1182.979
e-355,1784570171133.6074,1784570171335,1784570171342.0,1784570172266.5933,201.393,7.0,924.593,,1132.986
e-356,1784570171183.6091,1784570171335,1784570171342.0,1784570172266.594,151.391,7.0,924.594,,1082.985
e-357,1784570171233.6042,1784570171335,1784570171342.0,1784570172266.5947,101.396,7.0,924.595,,1032.99
e-358,1784570171283.6135,1784570171335,1784570171342.0,1784570172266.5952,51.386,7.0,924.595,,982.982
e-359,1784570171333.6074,1784570171335,1784570171342.0,1784570172266.5957,1.393,7.0,924.596,,932.988
e-360,1784570171383.6113,1784570172385,1784570172395.0,1784570173320.8804,1001.389,10.0,925.88,,1937.269
e-361,1784570171433.606,1784570172385,1784570172396.0,1784570173320.8833,951.394,11.0,924.883,,1887.277
e-362,1784570171483.609,1784570172385,1784570172396.0,1784570173320.8843,901.391,11.0,924.884,,1837.275
e-363,1784570171533.6067,1784570172385,1784570172396.0,1784570173320.8848,851.393,11.0,924.885,,1787.278
e-364,1784570171583.612,1784570172385,1784570172396.0,1784570173320.8857,801.388,11.0,924.886,,1737.274
e-365,1784570171633.6108,1784570172385,1784570172396.0,1784570173320.8865,751.389,11.0,924.886,,1687.276
e-366,1784570171683.6216,1784570172385,1784570172396.0,1784570173320.887,701.378,11.0,924.887,,1637.265
e-367,1784570171733.6062,1784570172385,1784570172396.0,1784570173320.8877,651.394,11.0,924.888,,1587.281
e-368,1784570171783.615,1784570172385,1784570172396.0,1784570173320.8884,601.385,11.0,924.888,,1537.273
e-369,1784570171833.6086,1784570172385,1784570172396.0,1784570173320.889,551.391,11.0,924.889,,1487.28
e-370,1784570171883.6086,1784570172385,1784570172396.0,1784570173320.8896,501.391,11.0,924.89,,1437.281
e-371,1784570171933.6106,1784570172385,1784570172396.0,1784570173320.8901,451.389,11.0,924.89,,1387.28
e-372,1784570171983.614,1784570172385,1784570172396.0,1784570173320.8909,401.386,11.0,924.891,,1337.277
e-373,1784570172033.608,1784570172385,1784570172396.0,1784570173320.8914,351.392,11.0,924.891,,1287.283
e-374,1784570172083.6067,1784570172385,1784570172396.0,1784570173320.8918,301.393,11.0,924.892,,1237.285
e-375,1784570172133.6057,1784570172385,1784570172396.0,1784570173320.9175,251.394,11.0,924.917,,1187.312
e-376,1784570172184.0566,1784570172385,1784570172397.0,1784570173320.9336,200.943,12.0,923.934,,1136.877
e-377,1784570172233.611,1784570172385,1784570172397.0,1784570173320.9343,151.389,12.0,923.934,,1087.323
e-378,1784570172283.61,1784570172385,1784570172397.0,1784570173320.935,101.39,12.0,923.935,,1037.325
e-379,1784570172333.609,1784570172385,1784570172397.0,1784570173320.9358,51.391,12.0,923.936,,987.327
e-380,1784570172383.6135,1784570173386,1784570173392.0,1784570174413.3865,1002.386,6.0,1021.386,,2029.773
e-381,1784570172433.6099,1784570173386,1784570173392.0,1784570174413.3904,952.39,6.0,1021.39,,1979.781
e-382,1784570172483.6094,1784570173386,1784570173392.0,1784570174413.3914,902.391,6.0,1021.391,,1929.782
e-383,1784570172533.6055,1784570173386,1784570173392.0,1784570174413.392,852.395,6.0,1021.392,,1879.787
e-384,1784570172583.6055,1784570173386,1784570173392.0,1784570174413.3928,802.395,6.0,1021.393,,1829.787
e-385,1784570172633.605,1784570173386,1784570173392.0,1784570174413.3936,752.395,6.0,1021.394,,1779.789
e-386,1784570172683.609,1784570173386,1784570173392.0,1784570174413.394,702.391,6.0,1021.394,,1729.785
e-387,1784570172733.6116,1784570173386,1784570173392.0,1784570174413.3948,652.388,6.0,1021.395,,1679.783
e-388,1784570172783.609,1784570173386,1784570173392.0,1784570174413.3955,602.391,6.0,1021.396,,1629.787
e-389,1784570172833.599,1784570173386,1784570173392.0,1784570174413.3962,552.401,6.0,1021.396,,1579.797
e-390,1784570172883.6062,1784570173386,1784570173392.0,1784570174413.3967,502.394,6.0,1021.397,,1529.791
e-391,1784570172933.6091,1784570173386,1784570173392.0,1784570174413.3975,452.391,6.0,1021.397,,1479.788
e-392,1784570172983.606,1784570173386,1784570173392.0,1784570174413.3982,402.394,6.0,1021.398,,1429.792
e-393,1784570173033.5771,1784570173386,1784570173392.0,1784570174413.3987,352.423,6.0,1021.399,,1379.822
e-394,1784570173083.6077,1784570173386,1784570173393.0,1784570174413.3994,302.392,7.0,1020.399,,1329.792
e-395,1784570173133.608,1784570173386,1784570173393.0,1784570174413.4001,252.392,7.0,1020.4,,1279.792
e-396,1784570173183.606,1784570173386,1784570173393.0,1784570174413.401,202.394,7.0,1020.401,,1229.795
e-397,1784570173233.608,1784570173386,1784570173393.0,1784570174413.4175,152.392,7.0,1020.417,,1179.81
e-398,1784570173283.608,1784570173386,1784570173393.0,1784570174413.4185,102.392,7.0,1020.418,,1129.811
e-399,1784570173333.6082,1784570173386,1784570173393.0,1784570174413.4192,52.392,7.0,1020.419,,1079.811
e-400,1784570173383.6099,1784570173386,1784570173393.0,1784570174413.42,2.39,7.0,1020.42,,1029.81
e-401,1784570173433.6072,1784570174434,1784570174439.0,1784570175464.5933,1000.393,5.0,1025.593,,2030.986
e-402,1784570173483.6067,1784570174434,1784570174439.0,1784570175464.5957,950.393,5.0,1025.596,,1980.989
e-403,1784570173533.607,1784570174434,1784570174439.0,1784570175464.5964,900.393,5.0,1025.596,,1930.99
e-404,1784570173583.6104,1784570174434,1784570174439.0,1784570175464.597,850.39,5.0,1025.597,,1880.987
e-405,1784570173633.6067,1784570174434,1784570174440.0,1784570175464.5974,800.393,6.0,1024.597,,1830.991
e-406,1784570173683.61,1784570174434,1784570174440.0,1784570175464.598,750.39,6.0,1024.598,,1780.988
e-407,1784570173733.6055,1784570174434,1784570174440.0,1784570175464.5984,700.395,6.0,1024.598,,1730.993
e-408,1784570173783.612,1784570174434,1784570174440.0,1784570175464.5989,650.388,6.0,1024.599,,1680.987
e-409,1784570173833.607,1784570174434,1784570174440.0,1784570175464.5994,600.393,6.0,1024.599,,1630.992
e-410,1784570173883.6133,1784570174434,1784570174440.0,1784570175464.5999,550.387,6.0,1024.6,,1580.987
e-411,1784570173933.609,1784570174434,1784570174440.0,1784570175464.6003,500.391,6.0,1024.6,,1530.991
e-412,1784570173983.6008,1784570174434,1784570174440.0,1784570175464.6006,450.399,6.0,1024.601,,1481.0
e-413,1784570174033.608,1784570174434,1784570174440.0,1784570175464.601,400.392,6.0,1024.601,,1430.993
e-414,1784570174083.6138,1784570174434,1784570174440.0,1784570175464.6016,350.386,6.0,1024.602,,1380.988
e-415,1784570174133.6074,1784570174434,1784570174440.0,1784570175464.602,300.393,6.0,1024.602,,1330.995
e-416,1784570174183.6133,1784570174434,1784570174440.0,1784570175464.6025,250.387,6.0,1024.603,,1280.989
e-417,1784570174233.6106,1784570174434,1784570174440.0,1784570175464.6162,200.389,6.0,1024.616,,1231.006
e-418,1784570174283.6113,1784570174434,1784570174441.0,1784570175464.622,150.389,7.0,1023.622,,1181.011
e-419,1784570174333.608,1784570174434,1784570174441.0,1784570175464.6226,100.392,7.0,1023.623,,1131.015
e-420,1784570174383.608,1784570174434,1784570174441.0,1784570175464.623,50.392,7.0,1023.623,,1081.015
e-421,1784570174433.6062,1784570175436,1784570175441.0,1784570175464.6233,1002.394,5.0,23.623,,1031.017
e-422,1784570174483.6062,1784570175436,1784570175441.0,1784570175464.6238,952.394,5.0,23.624,,981.018
e-423,1784570174533.6199,1784570175436,1784570175441.0,1784570175464.6243,902.38,5.0,23.624,,931.004
e-424,1784570174583.6099,1784570175436,1784570175442.0,1784570175464.6248,852.39,6.0,22.625,,881.015
e-425,1784570174633.6113,1784570175436,1784570175442.0,1784570175464.625,802.389,6.0,22.625,,831.014
e-426,1784570174683.619,1784570175436,1784570175442.0,1784570175464.6255,752.381,6.0,22.625,,781.007
e-427,1784570174733.6084,1784570175436,1784570175442.0,1784570175464.7795,702.392,6.0,22.78,,731.171
e-428,1784570174783.61,1784570175436,1784570175442.0,1784570175464.7832,652.39,6.0,22.783,,681.173
e-429,1784570174833.6067,1784570175436,1784570175442.0,1784570175464.7844,602.393,6.0,22.784,,631.178
e-430,1784570174883.61,1784570175436,1784570175442.0,1784570175464.7854,552.39,6.0,22.785,,581.175
e-431,1784570174933.6077,1784570175436,1784570175442.0,1784570175464.7864,502.392,6.0,22.786,,531.179
e-432,1784570174983.6062,1784570175436,1784570175442.0,1784570175464.8066,452.394,6.0,22.807,,481.2
e-433,1784570175033.6138,1784570175436,1784570175442.0,1784570175464.822,402.386,6.0,22.822,,431.208
e-434,1784570175083.605,1784570175436,1784570175443.0,1784570175464.8228,352.395,7.0,21.823,,381.218
e-435,1784570175133.6042,1784570175436,1784570175443.0,1784570175464.8235,302.396,7.0,21.823,,331.219
e-436,1784570175183.6113,1784570175436,1784570175443.0,1784570175464.8242,252.389,7.0,21.824,,281.213
e-437,1784570175233.608,1784570175436,1784570175443.0,1784570175464.825,202.392,7.0,21.825,,231.217
e-438,1784570175283.611,1784570175436,1784570175443.0,1784570175464.8254,152.389,7.0,21.825,,181.214
e-439,1784570175333.6226,1784570175436,1784570175443.0,1784570175464.8308,102.377,7.0,21.831,,131.208
e-440,1784570175383.6052,1784570175436,1784570175443.0,1784570175464.8315,52.395,7.0,21.832,,81.226
e-441,1784570175433.606,1784570175436,1784570175443.0,1784570175464.8323,2.394,7.0,21.832,,31.226
e-442,1784570175483.6133,1784570176485,1784570176491.0,1784570178326.8027,1001.387,6.0,1835.803,,2843.189
e-443,1784570175533.605,1784570176485,1784570176492.0,1784570178326.8076,951.395,7.0,1834.808,,2793.203
e-444,1784570175583.6099,1784570176485,1784570176492.0,1784570178326.809,901.39,7.0,1834.809,,2743.199
e-445,1784570175633.6074,1784570176485,1784570176492.0,1784570178326.81,851.393,7.0,1834.81,,2693.203
e-446,1784570175683.6135,1784570176485,1784570176492.0,1784570178326.811,801.386,7.0,1834.811,,2643.198
e-447,1784570175733.607,1784570176485,1784570176492.0,1784570178326.8123,751.393,7.0,1834.812,,2593.205
e-448,1784570175783.6072,1784570176485,1784570176492.0,1784570178326.8132,701.393,7.0,1834.813,,2543.206
e-449,1784570175833.612,1784570176485,1784570176492.0,1784570178326.8142,651.388,7.0,1834.814,,2493.202
e-450,1784570175883.607,1784570176485,1784570176492.0,1784570178326.815,601.393,7.0,1834.815,,2443.208
e-451,1784570175933.6072,1784570176485,1784570176493.0,1784570178326.816,551.393,8.0,1833.816,,2393.209
e-452,1784570175983.6072,1784570176485,1784570176493.0,1784570178326.817,501.393,8.0,1833.817,,2343.21
e-453,1784570176033.6077,1784570176485,1784570176493.0,1784570178326.8179,451.392,8.0,1833.818,,2293.21
e-454,1784570176083.6272,1784570176485,1784570176493.0,1784570178326.8186,401.373,8.0,1833.819,,2243.191
e-455,1784570176133.6118,1784570176485,1784570176493.0,1784570178326.8196,351.388,8.0,1833.82,,2193.208
e-456,1784570176183.6077,1784570176485,1784570176493.0,1784570178326.8206,301.392,8.0,1833.821,,2143.213
e-457,1784570176233.6006,1784570176485,1784570176493.0,1784570178326.8242,251.399,8.0,1833.824,,2093.224
e-458,1784570176283.6074,1784570176485,1784570176493.0,1784570178326.8252,201.393,8.0,1833.825,,2043.218
e-459,1784570176333.6084,1784570176485,1784570176493.0,1784570178326.826,151.392,8.0,1833.826,,1993.218
e-460,1784570176383.61,1784570176485,1784570176494.0,1784570178326.8406,101.39,9.0,1832.841,,1943.23
e-461,1784570176433.6116,1784570176485,1784570176494.0,1784570178326.8457,51.388,9.0,1832.846,,1893.234
e-462,1784570176483.6204,1784570177486,1784570177497.0,1784570178326.8462,1002.38,11.0,829.846,,1843.226
e-463,1784570176533.611,1784570177486,1784570177497.0,1784570178326.8467,952.389,11.0,829.847,,1793.236
e-464,1784570176583.6165,1784570177486,1784570177497.0,1784570178326.8474,902.384,11.0,829.847,,1743.231
e-465,1784570176633.608,1784570177486,1784570177497.0,1784570178326.848,852.392,11.0,829.848,,1693.24
e-466,1784570176683.6062,1784570177486,1784570177497.0,1784570178326.8486,802.394,11.0,829.849,,1643.242
e-467,1784570176733.6067,1784570177486,1784570177498.0,1784570178326.849,752.393,12.0,828.849,,1593.242
e-468,1784570176783.6086,1784570177486,1784570177498.0,1784570178326.8499,702.391,12.0,828.85,,1543.241
e-469,1784570176833.6118,1784570177486,1784570177498.0,1784570178326.8503,652.388,12.0,828.85,,1493.239
e-470,1784570176883.6082,1784570177486,1784570177498.0,1784570178326.8508,602.392,12.0,828.851,,1443.243
e-471,1784570176933.6042,1784570177486,1784570177498.0,1784570178326.8516,552.396,12.0,828.852,,1393.247
e-472,1784570176984.5322,1784570177486,1784570177498.0,1784570178326.852,501.468,12.0,828.852,,1342.32
e-473,1784570177033.6077,1784570177486,1784570177498.0,1784570178326.8525,452.392,12.0,828.853,,1293.245
e-474,1784570177086.5374,1784570177486,1784570177498.0,1784570178326.853,399.463,12.0,828.853,,1240.316
e-475,1784570177133.6091,1784570177486,1784570177498.0,1784570178326.8535,352.391,12.0,828.854,,1193.244
e-476,1784570177183.6104,1784570177486,1784570177498.0,1784570178326.8542,302.39,12.0,828.854,,1143.244
e-477,1784570177233.6106,1784570177486,1784570177498.0,1784570178326.8547,252.389,12.0,828.855,,1093.244
e-478,1784570177283.6174,1784570177486,1784570177498.0,1784570178326.8552,202.383,12.0,828.855,,1043.238
e-479,1784570177333.6013,1784570177486,1784570177498.0,1784570178326.856,152.399,12.0,828.856,,993.255
e-480,1784570177383.6013,1784570177486,1784570177498.0,1784570178326.857,102.399,12.0,828.857,,943.256
e-481,1784570177433.6013,1784570177486,1784570178299.0,1784570179366.2124,52.399,813.0,1067.212,,1932.611
e-482,1784570177483.6099,1784570177486,1784570178300.0,1784570179366.2163,2.39,814.0,1066.216,,1882.606
e-483,1784570177533.609,1784570178535,1784570178541.0,1784570179366.2173,1001.391,6.0,825.217,,1832.608
e-484,1784570177583.6057,1784570178535,1784570178541.0,1784570179366.2175,951.394,6.0,825.218,,1782.612
e-485,1784570177633.609,1784570178535,1784570178541.0,1784570179366.218,901.391,6.0,825.218,,1732.609
e-486,1784570177683.603,1784570178535,1784570178541.0,1784570179366.2185,851.397,6.0,825.219,,1682.615
e-487,1784570177733.609,1784570178535,1784570178542.0,1784570179366.219,801.391,7.0,824.219,,1632.61
e-488,1784570177783.6113,1784570178535,1784570178542.0,1784570179366.2192,751.389,7.0,824.219,,1582.608
e-489,1784570177833.6104,1784570178535,1784570178542.0,1784570179366.2197,701.39,7.0,824.22,,1532.609
e-490,1784570177883.6157,1784570178535,1784570178542.0,1784570179366.2202,651.384,7.0,824.22,,1482.604
e-491,1784570177933.6145,1784570178535,1784570178542.0,1784570179366.2205,601.385,7.0,824.22,,1432.606
e-492,1784570177983.6096,1784570178535,1784570178542.0,1784570179366.221,551.39,7.0,824.221,,1382.611
e-493,1784570178033.6155,1784570178535,1784570178542.0,1784570179366.2214,501.385,7.0,824.221,,1332.606
e-494,1784570178083.6052,1784570178535,1784570178542.0,1784570179366.2217,451.395,7.0,824.222,,1282.616
e-495,1784570178133.6042,1784570178535,1784570178543.0,1784570179366.2222,401.396,8.0,823.222,,1232.618
e-496,1784570178183.6743,1784570178535,1784570178543.0,1784570179366.2336,351.326,8.0,823.234,,1182.559
e-497,1784570178233.6162,1784570178535,1784570178543.0,1784570179366.2341,301.384,8.0,823.234,,1132.618
e-498,1784570178283.609,1784570178535,1784570178543.0,1784570179366.2344,251.391,8.0,823.234,,1082.625
e-499,1784570178333.6013,1784570178535,1784570178543.0,1784570179366.2349,201.399,8.0,823.235,,1032.634
e-500,1784570178383.6123,1784570178535,1784570178543.0,1784570179366.2354,151.388,8.0,823.235,,982.623
e-501,1784570178433.637,1784570178535,1784570178543.0,1784570179366.2356,101.363,8.0,823.236,,932.599
e-502,1784570178483.6118,1784570178535,1784570178543.0,1784570179366.236,51.388,8.0,823.236,,882.624
e-503,1784570178533.6123,1784570178535,1784570178543.0,1784570179366.24,1.388,8.0,823.24,,832.628
e-504,1784570178583.6155,1784570179586,1784570179591.0,1784570180422.846,1002.385,5.0,831.846,,1839.23
e-505,1784570178634.243,1784570179586,1784570179591.0,1784570180422.8496,951.757,5.0,831.85,,1788.607
e-506,1784570178683.6113,1784570179586,1784570179591.0,1784570180422.8506,902.389,5.0,831.851,,1739.239
e-507,1784570178733.608,1784570179586,1784570179591.0,1784570180422.8513,852.392,5.0,831.851,,1689.243
e-508,1784570178783.622,1784570179586,1784570179591.0,1784570180422.8523,802.378,5.0,831.852,,1639.23
e-509,1784570178833.6116,1784570179586,1784570179591.0,1784570180422.8533,752.388,5.0,831.853,,1589.242
e-510,1784570178883.6135,1784570179586,1784570179592.0,1784570180422.8542,702.386,6.0,830.854,,1539.241
e-511,1784570178933.6116,1784570179586,1784570179596.0,1784570180422.8552,652.388,10.0,826.855,,1489.244
e-512,1784570178983.607,1784570179586,1784570179597.0,1784570180422.8562,602.393,11.0,825.856,,1439.249
e-513,1784570179033.609,1784570179586,1784570179597.0,1784570180422.8572,552.391,11.0,825.857,,1389.248
e-514,1784570179083.6084,1784570179586,1784570179597.0,1784570180422.8582,502.392,11.0,825.858,,1339.25
e-515,1784570179133.6282,1784570179586,1784570179597.0,1784570180422.859,452.372,11.0,825.859,,1289.231
e-516,1784570179183.6086,1784570179586,1784570179597.0,1784570180422.8596,402.391,11.0,825.86,,1239.251
e-517,1784570179233.6194,1784570179586,1784570179597.0,1784570180422.8608,352.381,11.0,825.861,,1189.241
e-518,1784570179283.6116,1784570179586,1784570179597.0,1784570180422.8616,302.388,11.0,825.862,,1139.25
e-519,1784570179333.612,1784570179586,1784570179597.0,1784570180422.8623,252.388,11.0,825.862,,1089.25
e-520,1784570179383.6084,1784570179586,1784570179597.0,1784570180422.863,202.392,11.0,825.863,,1039.255
e-521,1784570179433.606,1784570179586,1784570179597.0,1784570180422.8645,152.394,11.0,825.865,,989.259
e-522,1784570179483.605,1784570179586,1784570179598.0,1784570180422.8652,102.395,12.0,824.865,,939.26
e-523,1784570179533.6086,1784570179586,1784570179598.0,1784570180422.8657,52.391,12.0,824.866,,889.257
e-524,1784570179583.6045,1784570179586,1784570179598.0,1784570180422.8816,2.396,12.0,824.882,,839.277
e-525,1784570179633.6082,1784570180635,1784570180640.0,1784570181469.4597,1001.392,5.0,829.46,,1835.852
e-526,1784570179683.6074,1784570180635,1784570180641.0,1784570181469.4624,951.393,6.0,828.462,,1785.855
e-527,1784570179733.605,1784570180635,1784570180641.0,1784570181469.463,901.395,6.0,828.463,,1735.858
e-528,1784570179783.6287,1784570180635,1784570180641.0,1784570181469.4634,851.371,6.0,828.463,,1685.835
e-529,1784570179833.6082,1784570180635,1784570180641.0,1784570181469.4636,801.392,6.0,828.464,,1635.855
e-530,1784570179883.604,1784570180635,1784570180641.0,1784570181469.464,751.396,6.0,828.464,,1585.86
e-531,1784570179935.0007,1784570180635,1784570180641.0,1784570181469.4644,699.999,6.0,828.464,,1534.464
e-532,1784570179983.6118,1784570180635,1784570180641.0,1784570181469.4648,651.388,6.0,828.465,,1485.853
e-533,1784570180033.6162,1784570180635,1784570180641.0,1784570181469.465,601.384,6.0,828.465,,1435.849
e-534,1784570180083.6086,1784570180635,1784570180641.0,1784570181469.4658,551.391,6.0,828.466,,1385.857
e-535,1784570180133.6208,1784570180635,1784570180641.0,1784570181469.466,501.379,6.0,828.466,,1335.845
e-536,1784570180183.6133,1784570180635,1784570180642.0,1784570181469.4663,451.387,7.0,827.466,,1285.853
e-537,1784570180233.6294,1784570180635,1784570180642.0,1784570181469.4668,401.371,7.0,827.467,,1235.837
e-538,1784570180283.605,1784570180635,1784570180642.0,1784570181469.467,351.395,7.0,827.467,,1185.862
e-539,1784570180333.607,1784570180635,1784570180642.0,1784570181469.4675,301.393,7.0,827.468,,1135.861
e-540,1784570180383.601,1784570180635,1784570180643.0,1784570181469.4678,251.399,8.0,826.468,,1085.867
e-541,1784570180433.614,1784570180635,1784570180643.0,1784570181469.468,201.386,8.0,826.468,,1035.854
e-542,1784570180483.607,1784570180635,1784570180643.0,1784570181469.4685,151.393,8.0,826.469,,985.862
e-543,1784570180533.6257,1784570180635,1784570180643.0,1784570181469.4688,101.374,8.0,826.469,,935.843
e-544,1784570180583.6113,1784570180635,1784570180643.0,1784570181469.4692,51.389,8.0,826.469,,885.858
e-545,1784570180633.6062,1784570180635,1784570180643.0,1784570181469.4802,1.394,8.0,826.48,,835.874
e-546,1784570180683.6104,1784570181685,1784570181689.0,1784570182511.7056,1001.39,4.0,822.706,,1828.095
e-547,1784570180733.611,1784570181685,1784570181689.0,1784570182511.7092,951.389,4.0,822.709,,1778.098
e-548,1784570180783.6174,1784570181685,1784570181689.0,1784570182511.7102,901.383,4.0,822.71,,1728.093
e-549,1784570180833.611,1784570181685,1784570181690.0,1784570182511.711,851.389,5.0,821.711,,1678.1
e-550,1784570180883.6072,1784570181685,1784570181690.0,1784570182511.712,801.393,5.0,821.712,,1628.105
e-551,1784570180933.613,1784570181685,1784570181690.0,1784570182511.713,751.387,5.0,821.713,,1578.1
e-552,1784570180983.6064,1784570181685,1784570181690.0,1784570182511.7136,701.394,5.0,821.714,,1528.107
e-553,1784570181033.6118,1784570181685,1784570181690.0,1784570182511.7144,651.388,5.0,821.714,,1478.103
e-554,1784570181083.6082,1784570181685,1784570181690.0,1784570182511.7153,601.392,5.0,821.715,,1428.107
e-555,1784570181133.6133,1784570181685,1784570181690.0,1784570182511.716,551.387,5.0,821.716,,1378.103
e-556,1784570181183.6072,1784570181685,1784570181690.0,1784570182511.7166,501.393,5.0,821.717,,1328.109
e-557,1784570181233.6138,1784570181685,1784570181690.0,1784570182511.7173,451.386,5.0,821.717,,1278.104
e-558,1784570181283.6084,1784570181685,1784570181690.0,1784570182511.7178,401.392,5.0,821.718,,1228.109
e-559,1784570181333.6108,1784570181685,1784570181690.0,1784570182511.7185,351.389,5.0,821.719,,1178.108
e-560,1784570181383.602,1784570181685,1784570181690.0,1784570182511.719,301.398,5.0,821.719,,1128.117
e-561,1784570181433.606,1784570181685,1784570181690.0,1784570182511.7197,251.394,5.0,821.72,,1078.114
e-562,1784570181483.6106,1784570181685,1784570181691.0,1784570182511.7354,201.389,6.0,820.735,,1028.125
e-563,1784570181533.611,1784570181685,1784570181691.0,1784570182511.7363,151.389,6.0,820.736,,978.125
e-564,1784570181583.6018,1784570181685,1784570181691.0,1784570182511.7368,101.398,6.0,820.737,,928.135
e-565,1784570181633.6106,1784570181685,1784570181691.0,1784570182511.7375,51.389,6.0,820.738,,878.127
e-566,1784570181683.6086,1784570181685,1784570181691.0,1784570182511.7385,1.391,6.0,820.739,,828.13
e-567,1784570181733.6104,1784570182734,1784570182739.0,1784570183558.7397,1000.39,5.0,819.74,,1825.129
e-568,1784570181783.6077,1784570182734,1784570182739.0,1784570183558.7427,950.392,5.0,819.743,,1775.135
e-569,1784570181833.6125,1784570182734,1784570182739.0,1784570183558.7432,900.387,5.0,819.743,,1725.131
e-570,1784570181883.608,1784570182734,1784570182739.0,1784570183558.744,850.392,5.0,819.744,,1675.136
e-571,1784570181933.6077,1784570182734,1784570182739.0,1784570183558.7444,800.392,5.0,819.744,,1625.137
e-572,1784570181983.6084,1784570182734,1784570182739.0,1784570183558.7449,750.392,5.0,819.745,,1575.136
e-573,1784570182033.607,1784570182734,1784570182739.0,1784570183558.7454,700.393,5.0,819.745,,1525.138
e-574,1784570182083.6033,1784570182734,1784570182740.0,1784570183558.7458,650.397,6.0,818.746,,1475.143
e-575,1784570182133.607,1784570182734,1784570182740.0,1784570183558.7463,600.393,6.0,818.746,,1425.139
e-576,1784570182183.6062,1784570182734,1784570182740.0,1784570183558.7468,550.394,6.0,818.747,,1375.141
e-577,1784570182233.608,1784570182734,1784570182740.0,1784570183558.747,500.392,6.0,818.747,,1325.139
e-578,1784570182283.608,1784570182734,1784570182740.0,1784570183558.7476,450.392,6.0,818.748,,1275.14
e-579,1784570182333.606,1784570182734,1784570182740.0,1784570183558.7478,400.394,6.0,818.748,,1225.142
e-580,1784570182383.608,1784570182734,1784570182740.0,1784570183558.748,350.392,6.0,818.748,,1175.14
e-581,1784570182433.6055,1784570182734,1784570182740.0,1784570183558.7485,300.395,6.0,818.749,,1125.143
e-582,1784570182483.6108,1784570182734,1784570182740.0,1784570183558.7488,250.389,6.0,818.749,,1075.138
e-583,1784570182533.6096,1784570182734,1784570182740.0,1784570183558.749,200.39,6.0,818.749,,1025.139
e-584,1784570182583.6128,1784570182734,1784570182740.0,1784570183558.7493,150.387,6.0,818.749,,975.136
e-585,1784570182633.6108,1784570182734,1784570182741.0,1784570183558.7495,100.389,7.0,817.75,,925.139
e-586,1784570182683.612,1784570182734,1784570182741.0,1784570183558.75,50.388,7.0,817.75,,875.138
e-587,1784570182733.6133,1784570183735,1784570183751.0,1784570184570.427,1001.387,16.0,819.427,,1836.814
e-588,1784570182783.6084,1784570183735,1784570183752.0,1784570184570.43,951.392,17.0,818.43,,1786.822
e-589,1784570182833.6064,1784570183735,1784570183752.0,1784570184570.4307,901.394,17.0,818.431,,1736.824
e-590,1784570182883.6062,1784570183735,1784570183752.0,1784570184570.4314,851.394,17.0,818.431,,1686.825
e-591,1784570182933.6077,1784570183735,1784570183752.0,1784570184570.4465,801.392,17.0,818.447,,1636.839
e-592,1784570182983.606,1784570183735,1784570183752.0,1784570184570.4473,751.394,17.0,818.447,,1586.841
e-593,1784570183033.6072,1784570183735,1784570183752.0,1784570184570.449,701.393,17.0,818.449,,1536.842
e-594,1784570183083.6028,1784570183735,1784570183752.0,1784570184570.4497,651.397,17.0,818.45,,1486.847
e-595,1784570183133.6064,1784570183735,1784570183752.0,1784570184570.4502,601.394,17.0,818.45,,1436.844
e-596,1784570183183.6052,1784570183735,1784570183752.0,1784570184570.4512,551.395,17.0,818.451,,1386.846
e-597,1784570183233.6082,1784570183735,1784570183752.0,1784570184570.452,501.392,17.0,818.452,,1336.844
e-598,1784570183283.605,1784570183735,1784570183752.0,1784570184570.4526,451.395,17.0,818.453,,1286.848
e-599,1784570183333.607,1784570183735,1784570183752.0,1784570184570.4534,401.393,17.0,818.453,,1236.846
e-600,1784570183383.6082,1784570183735,1784570183752.0,1784570184570.454,351.392,17.0,818.454,,1186.846
e-601,1784570183433.6013,1784570183735,1784570183752.0,1784570184570.4548,301.399,17.0,818.455,,1136.854
e-602,1784570183483.604,1784570183735,1784570183753.0,1784570184570.456,251.396,18.0,817.456,,1086.852
e-603,1784570183533.6143,1784570183735,1784570183753.0,1784570184570.4568,201.386,18.0,817.457,,1036.843
e-604,1784570183583.611,1784570183735,1784570183753.0,1784570184570.4575,151.389,18.0,817.458,,986.846
e-605,1784570183633.609,1784570183735,1784570183753.0,1784570184570.458,101.391,18.0,817.458,,936.849
e-606,1784570183683.6094,1784570183735,1784570183753.0,1784570184570.4587,51.391,18.0,817.459,,886.849
e-607,1784570183733.6072,1784570183735,1784570183753.0,1784570184570.4595,1.393,18.0,817.459,,836.852
e-608,1784570183783.6084,1784570184784,1784570184788.0,1784570185607.5347,1000.392,4.0,819.535,,1823.926
e-609,1784570183833.6077,1784570184784,1784570184788.0,1784570185607.5374,950.392,4.0,819.537,,1773.93
e-610,1784570183883.6108,1784570184784,1784570184789.0,1784570185607.5378,900.389,5.0,818.538,,1723.927
e-611,1784570183933.6047,1784570184784,1784570184789.0,1784570185607.5383,850.395,5.0,818.538,,1673.934
e-612,1784570183983.6067,1784570184784,1784570184789.0,1784570185607.5388,800.393,5.0,818.539,,1623.932
e-613,1784570184033.6084,1784570184784,1784570184789.0,1784570185607.539,750.392,5.0,818.539,,1573.931
e-614,1784570184083.6091,1784570184784,1784570184789.0,1784570185607.5398,700.391,5.0,818.54,,1523.931
e-615,1784570184133.6057,1784570184784,1784570184789.0,1784570185607.54,650.394,5.0,818.54,,1473.934
e-616,1784570184183.6072,1784570184784,1784570184789.0,1784570185607.5405,600.393,5.0,818.541,,1423.933
e-617,1784570184233.6082,1784570184784,1784570184789.0,1784570185607.541,550.392,5.0,818.541,,1373.933
e-618,1784570184283.6077,1784570184784,1784570184789.0,1784570185607.5413,500.392,5.0,818.541,,1323.934
e-619,1784570184333.607,1784570184784,1784570184789.0,1784570185607.542,450.393,5.0,818.542,,1273.935
e-620,1784570184383.6145,1784570184784,1784570184789.0,1784570185607.5425,400.385,5.0,818.542,,1223.928
e-621,1784570184433.6116,1784570184784,1784570184789.0,1784570185607.5432,350.388,5.0,818.543,,1173.932
e-622,1784570184483.6084,1784570184784,1784570184789.0,1784570185607.5435,300.392,5.0,818.543,,1123.935
e-623,1784570184533.6108,1784570184784,1784570184789.0,1784570185607.5437,250.389,5.0,818.544,,1073.933
e-624,1784570184583.6008,1784570184784,1784570184790.0,1784570185607.5442,200.399,6.0,817.544,,1023.943
e-625,1784570184633.613,1784570184784,1784570184790.0,1784570185607.5444,150.387,6.0,817.544,,973.931
e-626,1784570184683.61,1784570184784,1784570184790.0,1784570185607.5447,100.39,6.0,817.545,,923.935
e-627,1784570184733.6086,1784570184784,1784570184790.0,1784570185607.5452,50.391,6.0,817.545,,873.937
e-628,1784570184783.608,1784570185785,1784570185789.0,1784570186725.255,1001.392,4.0,936.255,,1941.647
e-629,1784570184833.6094,1784570185785,1784570185790.0,1784570186725.2573,951.391,5.0,935.257,,1891.648
e-630,1784570184883.6064,1784570185785,1784570185790.0,1784570186725.2695,901.394,5.0,935.27,,1841.663
e-631,1784570184933.6084,1784570185785,1784570185790.0,1784570186725.27,851.392,5.0,935.27,,1791.662
e-632,1784570184983.6052,1784570185785,1784570185790.0,1784570186725.2705,801.395,5.0,935.271,,1741.665
e-633,1784570185033.6072,1784570185785,1784570185790.0,1784570186725.278,751.393,5.0,935.278,,1691.671
e-634,1784570185083.6077,1784570185785,1784570185790.0,1784570186725.2786,701.392,5.0,935.279,,1641.671
e-635,1784570185133.6082,1784570185785,1784570185790.0,1784570186725.2788,651.392,5.0,935.279,,1591.671
e-636,1784570185183.613,1784570185785,1784570185790.0,1784570186725.2795,601.387,5.0,935.28,,1541.667
e-637,1784570185233.606,1784570185785,1784570185790.0,1784570186725.28,551.394,5.0,935.28,,1491.674
e-638,1784570185283.6135,1784570185785,1784570185790.0,1784570186725.2805,501.386,5.0,935.281,,1441.667
e-639,1784570185333.6074,1784570185785,1784570185790.0,1784570186725.281,451.393,5.0,935.281,,1391.674
e-640,1784570185383.6128,1784570185785,1784570185790.0,1784570186725.2812,401.387,5.0,935.281,,1341.668
e-641,1784570185433.6099,1784570185785,1784570185790.0,1784570186725.2817,351.39,5.0,935.282,,1291.672
e-642,1784570185483.605,1784570185785,1784570185790.0,1784570186725.2822,301.395,5.0,935.282,,1241.677
e-643,1784570185533.6062,1784570185785,1784570185790.0,1784570186725.2827,251.394,5.0,935.283,,1191.677
e-644,1784570185583.6047,1784570185785,1784570185790.0,1784570186725.2832,201.395,5.0,935.283,,1141.678
e-645,1784570185633.6094,1784570185785,1784570185790.0,1784570186725.2834,151.391,5.0,935.283,,1091.674
e-646,1784570185683.6106,1784570185785,1784570185791.0,1784570186725.284,101.389,6.0,934.284,,1041.673
e-647,1784570185733.6104,1784570185785,1784570185791.0,1784570186725.2844,51.39,6.0,934.284,,991.674
e-648,1784570185783.6091,1784570185785,1784570185791.0,1784570186725.285,1.391,6.0,934.285,,941.676
e-649,1784570185833.6052,1784570186835,1784570186839.0,1784570187762.0474,1001.395,4.0,923.047,,1928.442
e-650,1784570185883.604,1784570186835,1784570186840.0,1784570187762.0503,951.396,5.0,922.05,,1878.446
e-651,1784570185933.6045,1784570186835,1784570186840.0,1784570187762.051,901.396,5.0,922.051,,1828.447
e-652,1784570185983.6108,1784570186835,1784570186840.0,1784570187762.0635,851.389,5.0,922.063,,1778.453
e-653,1784570186033.6,1784570186835,1784570186840.0,1784570187762.0645,801.4,5.0,922.064,,1728.464
e-654,1784570186083.6091,1784570186835,1784570186840.0,1784570187762.065,751.391,5.0,922.065,,1678.456
e-655,1784570186133.608,1784570186835,1784570186840.0,1784570187762.0654,701.392,5.0,922.065,,1628.458
e-656,1784570186183.6077,1784570186835,1784570186840.0,1784570187762.066,651.392,5.0,922.066,,1578.458
e-657,1784570186233.6057,1784570186835,1784570186841.0,1784570187762.0664,601.394,6.0,921.066,,1528.461
e-658,1784570186283.606,1784570186835,1784570186841.0,1784570187762.067,551.394,6.0,921.067,,1478.461
e-659,1784570186333.6099,1784570186835,1784570186841.0,1784570187762.0674,501.39,6.0,921.067,,1428.458
e-660,1784570186383.6091,1784570186835,1784570186841.0,1784570187762.0679,451.391,6.0,921.068,,1378.459
e-661,1784570186433.6204,1784570186835,1784570186841.0,1784570187762.0684,401.38,6.0,921.068,,1328.448
e-662,1784570186483.6057,1784570186835,1784570186841.0,1784570187762.0688,351.394,6.0,921.069,,1278.463
e-663,1784570186533.6072,1784570186835,1784570186841.0,1784570187762.462,301.393,6.0,921.462,,1228.855
e-664,1784570186583.614,1784570186835,1784570186841.0,1784570187762.4624,251.386,6.0,921.462,,1178.848
e-665,1784570186633.601,1784570186835,1784570186841.0,1784570187762.463,201.399,6.0,921.463,,1128.862
e-666,1784570186683.606,1784570186835,1784570186841.0,1784570187762.4634,151.394,6.0,921.463,,1078.857
e-667,1784570186733.607,1784570186835,1784570186841.0,1784570187762.4639,101.393,6.0,921.464,,1028.857
e-668,1784570186783.6135,1784570186835,1784570186841.0,1784570187762.4644,51.386,6.0,921.464,,978.851
e-669,1784570186833.6143,1784570187836,1784570187840.0,1784570188872.809,1002.386,4.0,1032.809,,2039.195
e-670,1784570186883.613,1784570187836,1784570187840.0,1784570188872.812,952.387,4.0,1032.812,,1989.199
e-671,1784570186933.613,1784570187836,1784570187840.0,1784570188872.8127,902.387,4.0,1032.813,,1939.2
e-672,1784570186983.6099,1784570187836,1784570187840.0,1784570188872.8132,852.39,4.0,1032.813,,1889.203
e-673,1784570187033.6074,1784570187836,1784570187840.0,1784570188872.8247,802.393,4.0,1032.825,,1839.217
e-674,1784570187083.6042,1784570187836,1784570187840.0,1784570188872.825,752.396,4.0,1032.825,,1789.221
e-675,1784570187133.6033,1784570187836,1784570187840.0,1784570188872.8254,702.397,4.0,1032.825,,1739.222
e-676,1784570187183.6067,1784570187836,1784570187840.0,1784570188872.8542,652.393,4.0,1032.854,,1689.248
e-677,1784570187233.61,1784570187836,1784570187840.0,1784570188872.8545,602.39,4.0,1032.854,,1639.244
e-678,1784570187283.6113,1784570187836,1784570187840.0,1784570188872.855,552.389,4.0,1032.855,,1589.244
e-679,1784570187333.6074,1784570187836,1784570187840.0,1784570188872.8555,502.393,4.0,1032.855,,1539.248
e-680,1784570187383.606,1784570187836,1784570187840.0,1784570188872.8557,452.394,4.0,1032.856,,1489.25
e-681,1784570187433.591,1784570187836,1784570187840.0,1784570188872.856,402.409,4.0,1032.856,,1439.265
e-682,1784570187483.6062,1784570187836,1784570187840.0,1784570188872.8564,352.394,4.0,1032.856,,1389.25
e-683,1784570187533.618,1784570187836,1784570187840.0,1784570188872.8567,302.382,4.0,1032.857,,1339.239
e-684,1784570187583.6108,1784570187836,1784570187840.0,1784570188872.8572,252.389,4.0,1032.857,,1289.246
e-685,1784570187633.6086,1784570187836,1784570187840.0,1784570188872.8574,202.391,4.0,1032.857,,1239.249
e-686,1784570187683.6045,1784570187836,1784570187840.0,1784570188872.8577,152.396,4.0,1032.858,,1189.253
e-687,1784570187733.6035,1784570187836,1784570187840.0,1784570188872.8582,102.396,4.0,1032.858,,1139.255
e-688,1784570187783.5981,1784570187836,1784570187841.0,1784570188872.8584,52.402,5.0,1031.858,,1089.26
e-689,1784570187833.6233,1784570187836,1784570187841.0,1784570188872.859,2.377,5.0,1031.859,,1039.236
e-690,1784570187883.6074,1784570188884,1784570188889.0,1784570189914.031,1000.393,5.0,1025.031,,2030.424
e-691,1784570187933.616,1784570188884,1784570188889.0,1784570189914.0334,950.384,5.0,1025.033,,1980.417
e-692,1784570187983.6055,1784570188884,1784570188889.0,1784570189914.0342,900.395,5.0,1025.034,,1930.429
e-693,1784570188033.6125,1784570188884,1784570188890.0,1784570189914.0347,850.387,6.0,1024.035,,1880.422
e-694,1784570188083.6116,1784570188884,1784570188890.0,1784570189914.0469,800.388,6.0,1024.047,,1830.435
e-695,1784570188133.6077,1784570188884,1784570188890.0,1784570189914.0474,750.392,6.0,1024.047,,1780.44
e-696,1784570188183.601,1784570188884,1784570188890.0,1784570189914.0476,700.399,6.0,1024.048,,1730.447
e-697,1784570188233.6062,1784570188884,1784570188890.0,1784570189914.048,650.394,6.0,1024.048,,1680.442
e-698,1784570188283.608,1784570188884,1784570188890.0,1784570189914.0486,600.392,6.0,1024.049,,1630.441
e-699,1784570188335.7698,1784570188884,1784570188890.0,1784570189914.049,548.23,6.0,1024.049,,1578.279
e-700,1784570188383.608,1784570188884,1784570188890.0,1784570189914.0496,500.392,6.0,1024.05,,1530.442
e-701,1784570188433.6172,1784570188884,1784570188890.0,1784570189914.05,450.383,6.0,1024.05,,1480.433
e-702,1784570188483.6082,1784570188884,1784570188890.0,1784570189914.0503,400.392,6.0,1024.05,,1430.442
e-703,1784570188533.6047,1784570188884,1784570188890.0,1784570189914.0508,350.395,6.0,1024.051,,1380.446
e-704,1784570188583.609,1784570188884,1784570188890.0,1784570189914.0515,300.391,6.0,1024.052,,1330.443
e-705,1784570188633.611,1784570188884,1784570188890.0,1784570189914.052,250.389,6.0,1024.052,,1280.441
e-706,1784570188683.609,1784570188884,1784570188890.0,1784570189914.0525,200.391,6.0,1024.052,,1230.444
e-707,1784570188733.6113,1784570188884,1784570188890.0,1784570189914.067,150.389,6.0,1024.067,,1180.456
e-708,1784570188783.6116,1784570188884,1784570188890.0,1784570189914.0674,100.388,6.0,1024.067,,1130.456
e-709,1784570188833.5803,1784570188884,1784570188890.0,1784570189914.0679,50.42,6.0,1024.068,,1080.488
e-710,1784570188883.6135,1784570189887,1784570189891.0,1784570189914.0684,1003.386,4.0,23.068,,1030.455
e-711,1784570188933.614,1784570189887,1784570189891.0,1784570189914.0688,953.386,4.0,23.069,,980.455
e-712,1784570188983.605,1784570189887,1784570189891.0,1784570189914.069,903.395,4.0,23.069,,930.464
e-713,1784570189033.6082,1784570189887,1784570189891.0,1784570189914.0696,853.392,4.0,23.07,,880.461
e-714,1784570189083.6047,1784570189887,1784570189891.0,1784570189914.07,803.395,4.0,23.07,,830.465
e-715,1784570189133.6064,1784570189887,1784570189891.0,1784570189914.0742,753.394,4.0,23.074,,780.468
e-716,1784570189183.6118,1784570189887,1784570189891.0,1784570189914.0747,703.388,4.0,23.075,,730.463
e-717,1784570189233.6091,1784570189887,1784570189891.0,1784570189914.075,653.391,4.0,23.075,,680.466
e-718,1784570189283.6228,1784570189887,1784570189891.0,1784570189914.185,603.377,4.0,23.185,,630.562
e-719,1784570189333.61,1784570189887,1784570189891.0,1784570189914.1875,553.39,4.0,23.188,,580.577
e-720,1784570189383.604,1784570189887,1784570189891.0,1784570189914.1882,503.396,4.0,23.188,,530.584
e-721,1784570189433.6082,1784570189887,1784570189891.0,1784570189914.189,453.392,4.0,23.189,,480.581
e-722,1784570189483.6104,1784570189887,1784570189891.0,1784570189914.1895,403.39,4.0,23.189,,430.579
e-723,1784570189533.617,1784570189887,1784570189891.0,1784570189914.202,353.383,4.0,23.202,,380.585
e-724,1784570189583.6074,1784570189887,1784570189891.0,1784570189914.2024,303.393,4.0,23.202,,330.595
e-725,1784570189633.6077,1784570189887,1784570189892.0,1784570189914.2026,253.392,5.0,22.203,,280.595
e-726,1784570189683.6052,1784570189887,1784570189892.0,1784570189914.2034,203.395,5.0,22.203,,230.598
e-727,1784570189733.602,1784570189887,1784570189892.0,1784570189914.2039,153.398,5.0,22.204,,180.602
e-728,1784570189783.6025,1784570189887,1784570189892.0,1784570189914.2043,103.397,5.0,22.204,,130.602
e-729,1784570189833.6035,1784570189887,1784570189892.0,1784570189914.2048,53.396,5.0,22.205,,80.601
e-730,1784570189883.6135,1784570189887,1784570189892.0,1784570189914.2053,3.386,5.0,22.205,,30.592
e-731,1784570189933.611,1784570190935,1784570190940.0,1784570191969.124,1001.389,5.0,1029.124,,2035.513
e-732,1784570189983.6116,1784570190935,1784570190940.0,1784570191969.1272,951.388,5.0,1029.127,,1985.516
e-733,1784570190033.6062,1784570190935,1784570190940.0,1784570191969.1282,901.394,5.0,1029.128,,1935.522
e-734,1784570190083.6052,1784570190935,1784570190940.0,1784570191969.129,851.395,5.0,1029.129,,1885.524
e-735,1784570190133.611,1784570190935,1784570190940.0,1784570191969.13,801.389,5.0,1029.13,,1835.519
e-736,1784570190183.6096,1784570190935,1784570190940.0,1784570191969.1306,751.39,5.0,1029.131,,1785.521
e-737,1784570190233.6006,1784570190935,1784570190940.0,1784570191969.1372,701.399,5.0,1029.137,,1735.537
e-738,1784570190283.6077,1784570190935,1784570190941.0,1784570191969.1382,651.392,6.0,1028.138,,1685.531
e-739,1784570190334.2058,1784570190935,1784570190941.0,1784570191969.139,600.794,6.0,1028.139,,1634.933
e-740,1784570190383.6096,1784570190935,1784570190941.0,1784570191969.1394,551.39,6.0,1028.139,,1585.53
e-741,1784570190433.6194,1784570190935,1784570190941.0,1784570191969.1401,501.381,6.0,1028.14,,1535.521
e-742,1784570190483.6191,1784570190935,1784570190941.0,1784570191969.1409,451.381,6.0,1028.141,,1485.522
e-743,1784570190533.6106,1784570190935,1784570190941.0,1784570191969.1414,401.389,6.0,1028.141,,1435.531
e-744,1784570190583.6084,1784570190935,1784570190941.0,1784570191969.142,351.392,6.0,1028.142,,1385.534
e-745,1784570190633.6135,1784570190935,1784570190941.0,1784570191969.1428,301.386,6.0,1028.143,,1335.529
e-746,1784570190683.64,1784570190935,1784570190941.0,1784570191969.1433,251.36,6.0,1028.143,,1285.503
e-747,1784570190733.6064,1784570190935,1784570190941.0,1784570191969.144,201.394,6.0,1028.144,,1235.538
e-748,1784570190783.6084,1784570190935,1784570190941.0,1784570191969.1448,151.392,6.0,1028.145,,1185.536
e-749,1784570190833.6394,1784570190935,1784570190941.0,1784570191969.1453,101.361,6.0,1028.145,,1135.506
e-750,1784570190883.6108,1784570190935,1784570190941.0,1784570191969.146,51.389,6.0,1028.146,,1085.535
e-751,1784570190933.6194,1784570191934,1784570191940.0,1784570191969.147,1000.381,6.0,29.147,,1035.528
e-752,1784570190983.608,1784570191934,1784570191940.0,1784570191969.1477,950.392,6.0,29.148,,985.54
e-753,1784570191033.615,1784570191934,1784570191940.0,1784570191969.1482,900.385,6.0,29.148,,935.533
e-754,1784570191083.613,1784570191934,1784570191940.0,1784570191969.149,850.387,6.0,29.149,,885.536
e-755,1784570191133.603,1784570191934,1784570191940.0,1784570191969.1497,800.397,6.0,29.15,,835.547
e-756,1784570191183.6035,1784570191934,1784570191940.0,1784570191969.1504,750.396,6.0,29.15,,785.547
e-757,1784570191233.6047,1784570191934,1784570191940.0,1784570191969.151,700.395,6.0,29.151,,735.546
e-758,1784570191283.6123,1784570191934,1784570191941.0,1784570191969.1558,650.388,7.0,28.156,,685.543
e-759,1784570191333.6082,1784570191934,1784570191941.0,1784570191969.1565,600.392,7.0,28.156,,635.548
e-760,1784570191383.6064,1784570191934,1784570191941.0,1784570191969.1572,550.394,7.0,28.157,,585.551
e-761,1784570191433.6274,1784570191934,1784570191941.0,1784570191969.1597,500.373,7.0,28.16,,535.532
e-762,1784570191483.6284,1784570191934,1784570191941.0,1784570191969.1604,450.372,7.0,28.16,,485.532
e-763,1784570191533.6272,1784570191934,1784570191941.0,1784570191969.1611,400.373,7.0,28.161,,435.534
e-764,1784570191583.6099,1784570191934,1784570191941.0,1784570191969.1616,350.39,7.0,28.162,,385.552
e-765,1784570191633.6147,1784570191934,1784570191941.0,1784570191969.1624,300.385,7.0,28.162,,335.548
e-766,1784570191683.6077,1784570191934,1784570191959.0,1784570193077.0164,250.392,25.0,1118.016,,1393.409
e-767,1784570191733.6243,1784570191934,1784570191960.0,1784570193077.019,200.376,26.0,1117.019,,1343.395
e-768,1784570191783.6184,1784570191934,1784570191960.0,1784570193077.0195,150.382,26.0,1117.02,,1293.401
e-769,1784570191833.6113,1784570191934,1784570191960.0,1784570193077.02,100.389,26.0,1117.02,,1243.409
e-770,1784570191883.6091,1784570191934,1784570191960.0,1784570193077.0205,50.391,26.0,1117.021,,1193.411
e-771,1784570191933.605,1784570192935,1784570192941.0,1784570193077.0208,1001.395,6.0,136.021,,1143.416
e-772,1784570191983.5981,1784570192935,1784570192941.0,1784570193077.0215,951.402,6.0,136.021,,1093.423
e-773,1784570192033.62,1784570192935,1784570192941.0,1784570193077.0217,901.38,6.0,136.022,,1043.402
e-774,1784570192083.6145,1784570192935,1784570192941.0,1784570193077.0222,851.385,6.0,136.022,,993.408
e-775,1784570192133.6147,1784570192935,1784570192941.0,1784570193077.0227,801.385,6.0,136.023,,943.408
e-776,1784570192183.6084,1784570192935,1784570192941.0,1784570193077.023,751.392,6.0,136.023,,893.415
e-777,1784570192233.6301,1784570192935,1784570192941.0,1784570193077.0232,701.37,6.0,136.023,,843.393
e-778,1784570192283.6208,1784570192935,1784570192941.0,1784570193077.0237,651.379,6.0,136.024,,793.403
e-779,1784570192333.62,1784570192935,1784570192942.0,1784570193077.034,601.38,7.0,135.034,,743.414
e-780,1784570192383.6072,1784570192935,1784570192942.0,1784570193077.0342,551.393,7.0,135.034,,693.427
e-781,1784570192433.6191,1784570192935,1784570192942.0,1784570193077.0347,501.381,7.0,135.035,,643.416
e-782,1784570192483.6045,1784570192935,1784570192942.0,1784570193077.035,451.396,7.0,135.035,,593.43
e-783,1784570192533.6067,1784570192935,1784570192942.0,1784570193077.0354,401.393,7.0,135.035,,543.429
e-784,1784570192583.6055,1784570192935,1784570192942.0,1784570193077.0356,351.395,7.0,135.036,,493.43
e-785,1784570192633.6082,1784570192935,1784570192942.0,1784570193077.0361,301.392,7.0,135.036,,443.428
e-786,1784570192683.6042,1784570192935,1784570192942.0,1784570193077.0364,251.396,7.0,135.036,,393.432
e-787,1784570192733.6042,1784570192935,1784570192942.0,1784570193077.0369,201.396,7.0,135.037,,343.433
e-788,1784570192783.6067,1784570192935,1784570192942.0,1784570193077.0374,151.393,7.0,135.037,,293.431
e-789,1784570192833.6165,1784570192935,1784570192942.0,1784570193077.0378,101.384,7.0,135.038,,243.421
e-790,1784570192883.609,1784570192935,1784570192942.0,1784570193077.0383,51.391,7.0,135.038,,193.429
e-791,1784570192933.6143,1784570193935,1784570193940.0,1784570194164.5989,1001.386,5.0,224.599,,1230.985
e-792,1784570192983.6084,1784570193935,1784570193940.0,1784570194164.601,951.392,5.0,224.601,,1180.993
e-793,1784570193033.6055,1784570193935,1784570193940.0,1784570194164.6018,901.395,5.0,224.602,,1130.996
e-794,1784570193083.608,1784570193935,1784570193940.0,1784570194164.6023,851.392,5.0,224.602,,1080.994
e-795,1784570193133.6077,1784570193935,1784570193940.0,1784570194164.615,801.392,5.0,224.615,,1031.007
e-796,1784570193183.6086,1784570193935,1784570193940.0,1784570194164.6152,751.391,5.0,224.615,,981.007
e-797,1784570193233.6084,1784570193935,1784570193940.0,1784570194164.6157,701.392,5.0,224.616,,931.007
e-798,1784570193283.61,1784570193935,1784570193941.0,1784570194164.6162,651.39,6.0,223.616,,881.006
e-799,1784570193333.6086,1784570193935,1784570193941.0,1784570194164.6167,601.391,6.0,223.617,,831.008
e-800,1784570193383.6094,1784570193935,1784570193941.0,1784570194164.6208,551.391,6.0,223.621,,781.011
e-801,1784570193433.607,1784570193935,1784570193941.0,1784570194164.621,501.393,6.0,223.621,,731.014
e-802,1784570193483.6057,1784570193935,1784570193941.0,1784570194164.6216,451.394,6.0,223.622,,681.016
e-803,1784570193533.6062,1784570193935,1784570193941.0,1784570194164.622,401.394,6.0,223.622,,631.016
e-804,1784570193583.6216,1784570193935,1784570193941.0,1784570194164.6226,351.378,6.0,223.623,,581.001
e-805,1784570193633.6162,1784570193935,1784570193941.0,1784570194164.623,301.384,6.0,223.623,,531.007
e-806,1784570193683.6057,1784570193935,1784570193941.0,1784570194164.6235,251.394,6.0,223.624,,481.018
e-807,1784570193733.6064,1784570193935,1784570193941.0,1784570194164.624,201.394,6.0,223.624,,431.018
e-808,1784570193783.6357,1784570193935,1784570193941.0,1784570194164.6245,151.364,6.0,223.625,,380.989
e-809,1784570193833.6155,1784570193935,1784570193941.0,1784570194164.625,101.385,6.0,223.625,,331.01
e-810,1784570193883.6104,1784570193935,1784570193941.0,1784570194164.6252,51.39,6.0,223.625,,281.015
e-811,1784570193933.6094,1784570193935,1784570193941.0,1784570194164.6257,1.391,6.0,223.626,,231.016
e-812,1784570193983.609,1784570194984,1784570194989.0,1784570195210.6448,1000.391,5.0,221.645,,1227.036
e-813,1784570194033.609,1784570194984,1784570194989.0,1784570195210.647,950.391,5.0,221.647,,1177.038
e-814,1784570194083.614,1784570194984,1784570194989.0,1784570195210.6477,900.386,5.0,221.648,,1127.034
e-815,1784570194133.6147,1784570194984,1784570194989.0,1784570195210.6482,850.385,5.0,221.648,,1077.033
e-816,1784570194183.6174,1784570194984,1784570194989.0,1784570195210.6487,800.383,5.0,221.649,,1027.031
e-817,1784570194233.6187,1784570194984,1784570194989.0,1784570195210.6492,750.381,5.0,221.649,,977.031
e-818,1784570194283.6228,1784570194984,1784570194989.0,1784570195210.6497,700.377,5.0,221.65,,927.027
e-819,1784570194333.6128,1784570194984,1784570194989.0,1784570195210.65,650.387,5.0,221.65,,877.037
e-820,1784570194383.6118,1784570194984,1784570194989.0,1784570195210.6504,600.388,5.0,221.65,,827.039
e-821,1784570194433.604,1784570194984,1784570194990.0,1784570195210.651,550.396,6.0,220.651,,777.047
e-822,1784570194483.6038,1784570194984,1784570194990.0,1784570195210.6638,500.396,6.0,220.664,,727.06
e-823,1784570194533.6006,1784570194984,1784570194990.0,1784570195210.6646,450.399,6.0,220.665,,677.064
e-824,1784570194583.6104,1784570194984,1784570194990.0,1784570195210.665,400.39,6.0,220.665,,627.055
e-825,1784570194633.6108,1784570194984,1784570194990.0,1784570195210.6653,350.389,6.0,220.665,,577.054
e-826,1784570194683.6028,1784570194984,1784570194990.0,1784570195210.6658,300.397,6.0,220.666,,527.063
e-827,1784570194733.611,1784570194984,1784570194990.0,1784570195210.6663,250.389,6.0,220.666,,477.055
e-828,1784570194783.6145,1784570194984,1784570194990.0,1784570195210.6667,200.385,6.0,220.667,,427.052
e-829,1784570194833.6172,1784570194984,1784570194990.0,1784570195210.667,150.383,6.0,220.667,,377.05
e-830,1784570194883.613,1784570194984,1784570194990.0,1784570195210.6675,100.387,6.0,220.667,,327.054
e-831,1784570194933.616,1784570194984,1784570194990.0,1784570195210.668,50.384,6.0,220.668,,277.052
e-832,1784570194983.6133,1784570195985,1784570195990.0,1784570196312.0945,1001.387,5.0,322.094,,1328.481
e-833,1784570195033.602,1784570195985,1784570195990.0,1784570196312.0972,951.398,5.0,322.097,,1278.495
e-834,1784570195083.6033,1784570195985,1784570195990.0,1784570196312.098,901.397,5.0,322.098,,1228.495
e-835,1784570195133.612,1784570195985,1784570195990.0,1784570196312.0984,851.388,5.0,322.098,,1178.486
e-836,1784570195183.613,1784570195985,1784570195990.0,1784570196312.0989,801.387,5.0,322.099,,1128.486
e-837,1784570195233.607,1784570195985,1784570195990.0,1784570196312.0994,751.393,5.0,322.099,,1078.492
e-838,1784570195283.6223,1784570195985,1784570195990.0,1784570196312.0999,701.378,5.0,322.1,,1028.478
e-839,1784570195333.6074,1784570195985,1784570195990.0,1784570196312.1003,651.393,5.0,322.1,,978.493
e-840,1784570195383.6162,1784570195985,1784570195990.0,1784570196312.1008,601.384,5.0,322.101,,928.485
e-841,1784570195433.6106,1784570195985,1784570195990.0,1784570196312.1013,551.389,5.0,322.101,,878.491
e-842,1784570195483.6157,1784570195985,1784570195990.0,1784570196312.1018,501.384,5.0,322.102,,828.486
e-843,1784570195533.6133,1784570195985,1784570195990.0,1784570196312.114,451.387,5.0,322.114,,778.501
e-844,1784570195583.615,1784570195985,1784570195990.0,1784570196312.1145,401.385,5.0,322.115,,728.5
e-845,1784570195633.6082,1784570195985,1784570195991.0,1784570196312.115,351.392,6.0,321.115,,678.507
e-846,1784570195683.6018,1784570195985,1784570195991.0,1784570196312.1155,301.398,6.0,321.115,,628.514
e-847,1784570195733.613,1784570195985,1784570195991.0,1784570196312.116,251.387,6.0,321.116,,578.503
e-848,1784570195783.6072,1784570195985,1784570195991.0,1784570196312.1165,201.393,6.0,321.116,,528.509
e-849,1784570195833.6077,1784570195985,1784570195991.0,1784570196312.1167,151.392,6.0,321.117,,478.509
e-850,1784570195883.6135,1784570195985,1784570195991.0,1784570196312.1172,101.386,6.0,321.117,,428.504
e-851,1784570195933.6038,1784570195985,1784570195991.0,1784570196312.1177,51.396,6.0,321.118,,378.514
e-852,1784570195983.6145,1784570195985,1784570195991.0,1784570196312.1182,1.385,6.0,321.118,,328.504
e-853,1784570196033.603,1784570197034,1784570197039.0,1784570197362.177,1000.397,5.0,323.177,,1328.574
e-854,1784570196083.6116,1784570197034,1784570197039.0,1784570197362.1797,950.388,5.0,323.18,,1278.568
e-855,1784570196133.6067,1784570197034,1784570197039.0,1784570197362.1802,900.393,5.0,323.18,,1228.573
e-856,1784570196183.6072,1784570197034,1784570197039.0,1784570197362.1807,850.393,5.0,323.181,,1178.573
e-857,1784570196233.6045,1784570197034,1784570197039.0,1784570197362.1812,800.396,5.0,323.181,,1128.577
e-858,1784570196283.6108,1784570197034,1784570197039.0,1784570197362.1816,750.389,5.0,323.182,,1078.571
e-859,1784570196333.6104,1784570197034,1784570197039.0,1784570197362.182,700.39,5.0,323.182,,1028.572
e-860,1784570196383.6077,1784570197034,1784570197039.0,1784570197362.1824,650.392,5.0,323.182,,978.575
e-861,1784570196433.6057,1784570197034,1784570197039.0,1784570197362.1836,600.394,5.0,323.184,,928.578
e-862,1784570196483.6082,1784570197034,1784570197039.0,1784570197362.184,550.392,5.0,323.184,,878.576
e-863,1784570196533.609,1784570197034,1784570197039.0,1784570197362.1843,500.391,5.0,323.184,,828.575
e-864,1784570196583.6086,1784570197034,1784570197039.0,1784570197362.1956,450.391,5.0,323.196,,778.587
e-865,1784570196633.6084,1784570197034,1784570197039.0,1784570197362.196,400.392,5.0,323.196,,728.588
e-866,1784570196683.6057,1784570197034,1784570197039.0,1784570197362.1963,350.394,5.0,323.196,,678.591
e-867,1784570196733.6057,1784570197034,1784570197039.0,1784570197362.1968,300.394,5.0,323.197,,628.591
e-868,1784570196783.6099,1784570197034,1784570197039.0,1784570197362.197,250.39,5.0,323.197,,578.587
e-869,1784570196833.6133,1784570197034,1784570197040.0,1784570197362.1973,200.387,6.0,322.197,,528.584
e-870,1784570196883.6157,1784570197034,1784570197040.0,1784570197362.1978,150.384,6.0,322.198,,478.582
e-871,1784570196933.6128,1784570197034,1784570197040.0,1784570197362.198,100.387,6.0,322.198,,428.585
e-872,1784570196983.6162,1784570197034,1784570197040.0,1784570197362.1982,50.384,6.0,322.198,,378.582
e-873,1784570197033.6152,1784570198035,1784570198040.0,1784570198462.4885,1001.385,5.0,422.489,,1428.873
e-874,1784570197083.615,1784570198035,1784570198040.0,1784570198462.4915,951.385,5.0,422.491,,1378.876
e-875,1784570197133.6165,1784570198035,1784570198040.0,1784570198462.4922,901.384,5.0,422.492,,1328.876
e-876,1784570197183.6067,1784570198035,1784570198040.0,1784570198462.493,851.393,5.0,422.493,,1278.886
e-877,1784570197233.6086,1784570198035,1784570198040.0,1784570198462.4934,801.391,5.0,422.493,,1228.885
e-878,1784570197283.6113,1784570198035,1784570198040.0,1784570198462.494,751.389,5.0,422.494,,1178.883
e-879,1784570197333.6116,1784570198035,1784570198040.0,1784570198462.4944,701.388,5.0,422.494,,1128.883
e-880,1784570197383.6077,1784570198035,1784570198041.0,1784570198462.4949,651.392,6.0,421.495,,1078.887
e-881,1784570197433.6047,1784570198035,1784570198041.0,1784570198462.4954,601.395,6.0,421.495,,1028.891
e-882,1784570197483.615,1784570198035,1784570198041.0,1784570198462.5293,551.385,6.0,421.529,,978.914
e-883,1784570197533.6055,1784570198035,1784570198041.0,1784570198462.53,501.395,6.0,421.53,,928.925
e-884,1784570197583.6086,1784570198035,1784570198041.0,1784570198462.5305,451.391,6.0,421.531,,878.922
e-885,1784570197633.6067,1784570198035,1784570198041.0,1784570198462.545,401.393,6.0,421.545,,828.938
e-886,1784570197683.606,1784570198035,1784570198041.0,1784570198462.5454,351.394,6.0,421.545,,778.939
e-887,1784570197733.5967,1784570198035,1784570198041.0,1784570198462.546,301.403,6.0,421.546,,728.949
e-888,1784570197783.618,1784570198035,1784570198041.0,1784570198462.5464,251.382,6.0,421.546,,678.928
e-889,1784570197833.6233,1784570198035,1784570198041.0,1784570198462.5469,201.377,6.0,421.547,,628.924
e-890,1784570197883.6362,1784570198035,1784570198041.0,1784570198462.5474,151.364,6.0,421.547,,578.911
e-891,1784570197933.6187,1784570198035,1784570198041.0,1784570198462.5479,101.381,6.0,421.548,,528.929
e-892,1784570197983.6108,1784570198035,1784570198041.0,1784570198462.548,51.389,6.0,421.548,,478.937
e-893,1784570198033.6055,1784570198035,1784570198041.0,1784570198462.5486,1.395,6.0,421.549,,428.943
e-894,1784570198083.61,1784570199085,1784570199090.0,1784570199512.5234,1001.39,5.0,422.523,,1428.913
e-895,1784570198133.604,1784570199085,1784570199090.0,1784570199512.5264,951.396,5.0,422.526,,1378.922
e-896,1784570198183.6094,1784570199085,1784570199090.0,1784570199512.527,901.391,5.0,422.527,,1328.918
e-897,1784570198233.605,1784570199085,1784570199090.0,1784570199512.5278,851.395,5.0,422.528,,1278.923
e-898,1784570198283.619,1784570199085,1784570199090.0,1784570199512.528,801.381,5.0,422.528,,1228.909
e-899,1784570198333.6125,1784570199085,1784570199090.0,1784570199512.5286,751.387,5.0,422.529,,1178.916
e-900,1784570198383.6194,1784570199085,1784570199090.0,1784570199512.529,701.381,5.0,422.529,,1128.91
e-901,1784570198433.615,1784570199085,1784570199090.0,1784570199512.5295,651.385,5.0,422.53,,1078.915
e-902,1784570198483.6177,1784570199085,1784570199091.0,1784570199512.53,601.382,6.0,421.53,,1028.912
e-903,1784570198533.6133,1784570199085,1784570199091.0,1784570199512.5305,551.387,6.0,421.531,,978.917
e-904,1784570198583.609,1784570199085,1784570199091.0,1784570199512.5308,501.391,6.0,421.531,,928.922
e-905,1784570198633.6116,1784570199085,1784570199091.0,1784570199512.5312,451.388,6.0,421.531,,878.92
e-906,1784570198683.603,1784570199085,1784570199091.0,1784570199512.5317,401.397,6.0,421.532,,828.929
e-907,1784570198733.61,1784570199085,1784570199091.0,1784570199512.544,351.39,6.0,421.544,,778.934
e-908,1784570198783.6064,1784570199085,1784570199091.0,1784570199512.5447,301.394,6.0,421.545,,728.938
e-909,1784570198833.611,1784570199085,1784570199091.0,1784570199512.545,251.389,6.0,421.545,,678.934
e-910,1784570198883.6052,1784570199085,1784570199091.0,1784570199512.5454,201.395,6.0,421.545,,628.94
e-911,1784570198933.6086,1784570199085,1784570199091.0,1784570199512.546,151.391,6.0,421.546,,578.937
e-912,1784570198983.607,1784570199085,1784570199091.0,1784570199512.5464,101.393,6.0,421.546,,528.939
e-913,1784570199033.605,1784570199085,1784570199091.0,1784570199512.5466,51.395,6.0,421.547,,478.942
e-914,1784570199083.58,1784570199085,1784570199091.0,1784570199512.547,1.42,6.0,421.547,,428.967
e-915,1784570199133.6094,1784570200135,1784570200140.0,1784570200560.9434,1001.391,5.0,420.943,,1427.334
e-916,1784570199183.606,1784570200135,1784570200140.0,1784570200560.946,951.394,5.0,420.946,,1377.34
e-917,1784570199233.6096,1784570200135,1784570200141.0,1784570200560.947,901.39,6.0,419.947,,1327.337
e-918,1784570199283.6074,1784570200135,1784570200141.0,1784570200560.9478,851.393,6.0,419.948,,1277.34
e-919,1784570199333.6133,1784570200135,1784570200141.0,1784570200560.9485,801.387,6.0,419.948,,1227.335
e-920,1784570199383.6096,1784570200135,1784570200141.0,1784570200560.9492,751.39,6.0,419.949,,1177.34
e-921,1784570199433.6094,1784570200135,1784570200141.0,1784570200560.9497,701.391,6.0,419.95,,1127.34
e-922,1784570199483.6125,1784570200135,1784570200141.0,1784570200560.9504,651.387,6.0,419.95,,1077.338
e-923,1784570199533.6094,1784570200135,1784570200141.0,1784570200560.951,601.391,6.0,419.951,,1027.342
e-924,1784570199583.6108,1784570200135,1784570200141.0,1784570200560.9517,551.389,6.0,419.952,,977.341
e-925,1784570199633.6064,1784570200135,1784570200141.0,1784570200560.9524,501.394,6.0,419.952,,927.346
e-926,1784570199683.6,1784570200135,1784570200141.0,1784570200560.9531,451.4,6.0,419.953,,877.353
e-927,1784570199733.6096,1784570200135,1784570200141.0,1784570200560.9536,401.39,6.0,419.954,,827.344
e-928,1784570199783.602,1784570200135,1784570200141.0,1784570200560.968,351.398,6.0,419.968,,777.366
e-929,1784570199833.609,1784570200135,1784570200141.0,1784570200560.9722,301.391,6.0,419.972,,727.363
e-930,1784570199883.608,1784570200135,1784570200141.0,1784570200560.9724,251.392,6.0,419.972,,677.365
e-931,1784570199933.6118,1784570200135,1784570200141.0,1784570200560.973,201.388,6.0,419.973,,627.361
e-932,1784570199983.6082,1784570200135,1784570200141.0,1784570200560.9734,151.392,6.0,419.973,,577.365
e-933,1784570200033.6084,1784570200135,1784570200141.0,1784570200560.9739,101.392,6.0,419.974,,527.365
e-934,1784570200083.6091,1784570200135,1784570200141.0,1784570200560.9744,51.391,6.0,419.974,,477.365
e-935,1784570200133.6055,1784570200135,1784570200141.0,1784570200560.9749,1.395,6.0,419.975,,427.369
e-936,1784570200183.6091,1784570201185,1784570201189.0,1784570201613.1113,1001.391,4.0,424.111,,1429.502
e-937,1784570200233.6038,1784570201185,1784570201189.0,1784570201613.1138,951.396,4.0,424.114,,1379.51
e-938,1784570200283.612,1784570201185,1784570201189.0,1784570201613.114,901.388,4.0,424.114,,1329.502
e-939,1784570200333.6057,1784570201185,1784570201189.0,1784570201613.1145,851.394,4.0,424.115,,1279.509
e-940,1784570200383.6074,1784570201185,1784570201189.0,1784570201613.1147,801.393,4.0,424.115,,1229.507
e-941,1784570200433.6077,1784570201185,1784570201189.0,1784570201613.115,751.392,4.0,424.115,,1179.507
e-942,1784570200483.6045,1784570201185,1784570201189.0,1784570201613.1155,701.396,4.0,424.115,,1129.511
e-943,1784570200533.6096,1784570201185,1784570201189.0,1784570201613.116,651.39,4.0,424.116,,1079.506
e-944,1784570200583.6077,1784570201185,1784570201189.0,1784570201613.1162,601.392,4.0,424.116,,1029.509
e-945,1784570200633.6074,1784570201185,1784570201189.0,1784570201613.1165,551.393,4.0,424.116,,979.509
e-946,1784570200683.6086,1784570201185,1784570201189.0,1784570201613.1167,501.391,4.0,424.117,,929.508
e-947,1784570200733.607,1784570201185,1784570201189.0,1784570201613.1172,451.393,4.0,424.117,,879.51
e-948,1784570200783.6018,1784570201185,1784570201189.0,1784570201613.1174,401.398,4.0,424.117,,829.516
e-949,1784570200833.6064,1784570201185,1784570201189.0,1784570201613.1257,351.394,4.0,424.126,,779.519
e-950,1784570200883.6072,1784570201185,1784570201189.0,1784570201613.126,301.393,4.0,424.126,,729.519
e-951,1784570200933.6072,1784570201185,1784570201189.0,1784570201613.1265,251.393,4.0,424.126,,679.519
e-952,1784570200983.6113,1784570201185,1784570201189.0,1784570201613.1267,201.389,4.0,424.127,,629.515
e-953,1784570201033.6155,1784570201185,1784570201189.0,1784570201613.127,151.385,4.0,424.127,,579.511
e-954,1784570201083.6106,1784570201185,1784570201189.0,1784570201613.1272,101.389,4.0,424.127,,529.517
e-955,1784570201133.6125,1784570201185,1784570201189.0,1784570201613.1277,51.387,4.0,424.128,,479.515
e-956,1784570201183.6084,1784570202186,1784570202191.0,1784570202713.2483,1002.392,5.0,522.248,,1529.64
e-957,1784570201233.6064,1784570202186,1784570202191.0,1784570202713.2505,952.394,5.0,522.25,,1479.644
e-958,1784570201283.6084,1784570202186,1784570202192.0,1784570202713.2512,902.392,6.0,521.251,,1429.643
e-959,1784570201333.6162,1784570202186,1784570202192.0,1784570202713.252,852.384,6.0,521.252,,1379.636
e-960,1784570201383.6096,1784570202186,1784570202192.0,1784570202713.2524,802.39,6.0,521.252,,1329.643
e-961,1784570201433.6133,1784570202186,1784570202192.0,1784570202713.253,752.387,6.0,521.253,,1279.64
e-962,1784570201483.615,1784570202186,1784570202192.0,1784570202713.2534,702.385,6.0,521.253,,1229.638
e-963,1784570201533.606,1784570202186,1784570202192.0,1784570202713.254,652.394,6.0,521.254,,1179.648
e-964,1784570201583.6033,1784570202186,1784570202192.0,1784570202713.2544,602.397,6.0,521.254,,1129.651
e-965,1784570201633.6057,1784570202186,1784570202192.0,1784570202713.255,552.394,6.0,521.255,,1079.649
e-966,1784570201683.606,1784570202186,1784570202192.0,1784570202713.2551,502.394,6.0,521.255,,1029.649
e-967,1784570201733.6133,1784570202186,1784570202192.0,1784570202713.2556,452.387,6.0,521.256,,979.642
e-968,1784570201783.608,1784570202186,1784570202192.0,1784570202713.256,402.392,6.0,521.256,,929.648
e-969,1784570201833.6064,1784570202186,1784570202192.0,1784570202713.2566,352.394,6.0,521.257,,879.65
e-970,1784570201883.6072,1784570202186,1784570202192.0,1784570202713.2678,302.393,6.0,521.268,,829.661
e-971,1784570201933.605,1784570202186,1784570202192.0,1784570202713.2683,252.395,6.0,521.268,,779.663
e-972,1784570201983.611,1784570202186,1784570202192.0,1784570202713.2688,202.389,6.0,521.269,,729.658
e-973,1784570202033.6099,1784570202186,1784570202192.0,1784570202713.2698,152.39,6.0,521.27,,679.66
e-974,1784570202083.613,1784570202186,1784570202192.0,1784570202713.2703,102.387,6.0,521.27,,629.657
e-975,1784570202133.6172,1784570202186,1784570202192.0,1784570202713.2708,52.383,6.0,521.271,,579.654
e-976,1784570202183.6165,1784570202186,1784570202192.0,1784570202713.2712,2.384,6.0,521.271,,529.655
e-977,1784570202233.6157,1784570203235,1784570203239.0,1784570203761.9458,1001.384,4.0,522.946,,1528.33
e-978,1784570202283.6045,1784570203235,1784570203239.0,1784570203761.9485,951.396,4.0,522.948,,1478.344
e-979,1784570202333.6074,1784570203235,1784570203239.0,1784570203761.9492,901.393,4.0,522.949,,1428.342
e-980,1784570202383.6077,1784570203235,1784570203240.0,1784570203761.9497,851.392,5.0,521.95,,1378.342
e-981,1784570202433.6013,1784570203235,1784570203240.0,1784570203761.9502,801.399,5.0,521.95,,1328.349
e-982,1784570202483.6052,1784570203235,1784570203240.0,1784570203761.9507,751.395,5.0,521.951,,1278.345
e-983,1784570202533.6052,1784570203235,1784570203240.0,1784570203761.9512,701.395,5.0,521.951,,1228.346
e-984,1784570202583.6074,1784570203235,1784570203240.0,1784570203761.9517,651.393,5.0,521.952,,1178.344
e-985,1784570202633.614,1784570203235,1784570203240.0,1784570203761.9521,601.386,5.0,521.952,,1128.338
e-986,1784570202683.6057,1784570203235,1784570203240.0,1784570203761.9526,551.394,5.0,521.953,,1078.347
e-987,1784570202733.602,1784570203235,1784570203240.0,1784570203761.953,501.398,5.0,521.953,,1028.351
e-988,1784570202783.609,1784570203235,1784570203240.0,1784570203761.9534,451.391,5.0,521.953,,978.344
e-989,1784570202833.6133,1784570203235,1784570203240.0,1784570203761.9539,401.387,5.0,521.954,,928.341
e-990,1784570202883.6233,1784570203235,1784570203240.0,1784570203761.9543,351.377,5.0,521.954,,878.331
e-991,1784570202933.6067,1784570203235,1784570203240.0,1784570203761.9548,301.393,5.0,521.955,,828.348
e-992,1784570202983.608,1784570203235,1784570203240.0,1784570203761.9685,251.392,5.0,521.969,,778.361
e-993,1784570203033.5999,1784570203235,1784570203240.0,1784570203761.9692,201.4,5.0,521.969,,728.369
e-994,1784570203083.609,1784570203235,1784570203240.0,1784570203761.9697,151.391,5.0,521.97,,678.361
e-995,1784570203133.6013,1784570203235,1784570203240.0,1784570203761.9702,101.399,5.0,521.97,,628.369
e-996,1784570203183.6057,1784570203235,1784570203240.0,1784570203761.974,51.394,5.0,521.974,,578.368
e-997,1784570203233.6055,1784570203235,1784570203240.0,1784570203761.9746,1.395,5.0,521.975,,528.369
e-998,1784570203283.6143,1784570204284,1784570204289.0,1784570204813.1829,1000.386,5.0,524.183,,1529.569
e-999,1784570203333.6055,1784570204284,1784570204289.0,1784570204813.1858,950.395,5.0,524.186,,1479.58
e-1000,1784570203383.6074,1784570204284,1784570204289.0,1784570204813.1863,900.393,5.0,524.186,,1429.579
e-1001,1784570203433.6023,1784570204284,1784570204289.0,1784570204813.1868,850.398,5.0,524.187,,1379.584
e-1002,1784570203483.6016,1784570204284,1784570204289.0,1784570204813.187,800.398,5.0,524.187,,1329.585
e-1003,1784570203533.6055,1784570204284,1784570204289.0,1784570204813.1875,750.395,5.0,524.188,,1279.582
e-1004,1784570203583.6074,1784570204284,1784570204289.0,1784570204813.1877,700.393,5.0,524.188,,1229.58
e-1005,1784570203633.6082,1784570204284,1784570204289.0,1784570204813.188,650.392,5.0,524.188,,1179.58
e-1006,1784570203683.6064,1784570204284,1784570204289.0,1784570204813.1885,600.394,5.0,524.188,,1129.582
e-1007,1784570203733.6052,1784570204284,1784570204289.0,1784570204813.1887,550.395,5.0,524.189,,1079.583
e-1008,1784570203783.6113,1784570204284,1784570204289.0,1784570204813.189,500.389,5.0,524.189,,1029.578
e-1009,1784570203833.608,1784570204284,1784570204289.0,1784570204813.1895,450.392,5.0,524.189,,979.582
e-1010,1784570203885.5554,1784570204284,1784570204289.0,1784570204813.19,398.445,5.0,524.19,,927.635
e-1011,1784570203933.6113,1784570204284,1784570204289.0,1784570204813.1902,350.389,5.0,524.19,,879.579
e-1012,1784570203983.6135,1784570204284,1784570204289.0,1784570204813.1907,300.386,5.0,524.191,,829.577
e-1013,1784570204033.6143,1784570204284,1784570204289.0,1784570204813.2026,250.386,5.0,524.203,,779.588
e-1014,1784570204083.6118,1784570204284,1784570204290.0,1784570204813.2031,200.388,6.0,523.203,,729.591
e-1015,1784570204133.607,1784570204284,1784570204290.0,1784570204813.2507,150.393,6.0,523.251,,679.644
e-1016,1784570204183.6118,1784570204284,1784570204290.0,1784570204813.251,100.388,6.0,523.251,,629.639
e-1017,1784570204233.6057,1784570204284,1784570204290.0,1784570204813.2515,50.394,6.0,523.251,,579.646
e-1018,1784570204283.615,1784570205285,1784570205290.0,1784570205919.5774,1001.385,5.0,629.577,,1635.962
e-1019,1784570204333.609,1784570205285,1784570205290.0,1784570205919.58,951.391,5.0,629.58,,1585.971
e-1020,1784570204383.6096,1784570205285,1784570205290.0,1784570205919.5808,901.39,5.0,629.581,,1535.971
e-1021,1784570204433.609,1784570205285,1784570205290.0,1784570205919.5815,851.391,5.0,629.582,,1485.973
e-1022,1784570204483.6196,1784570205285,1784570205290.0,1784570205919.5818,801.38,5.0,629.582,,1435.962
e-1023,1784570204533.606,1784570205285,1784570205290.0,1784570205919.5825,751.394,5.0,629.583,,1385.977
e-1024,1784570204583.6318,1784570205285,1784570205290.0,1784570205919.583,701.368,5.0,629.583,,1335.951
e-1025,1784570204633.609,1784570205285,1784570205290.0,1784570205919.5835,651.391,5.0,629.583,,1285.975
e-1026,1784570204683.6108,1784570205285,1784570205290.0,1784570205919.584,601.389,5.0,629.584,,1235.973
e-1027,1784570204733.6084,1784570205285,1784570205290.0,1784570205919.5845,551.392,5.0,629.584,,1185.976
e-1028,1784570204783.6304,1784570205285,1784570205290.0,1784570205919.585,501.37,5.0,629.585,,1135.955
e-1029,1784570204833.6118,1784570205285,1784570205290.0,1784570205919.5852,451.388,5.0,629.585,,1085.973
e-1030,1784570204883.6091,1784570205285,1784570205290.0,1784570205919.5854,401.391,5.0,629.585,,1035.976
e-1031,1784570204933.612,1784570205285,1784570205290.0,1784570205919.586,351.388,5.0,629.586,,985.974
e-1032,1784570204983.615,1784570205285,1784570205290.0,1784570205919.5862,301.385,5.0,629.586,,935.971
e-1033,1784570205033.6216,1784570205285,1784570205290.0,1784570205919.5864,251.378,5.0,629.586,,885.965
e-1034,1784570205083.622,1784570205285,1784570205290.0,1784570205919.5957,201.378,5.0,629.596,,835.974
e-1035,1784570205133.6174,1784570205285,1784570205290.0,1784570205919.5962,151.383,5.0,629.596,,785.979
e-1036,1784570205183.622,1784570205285,1784570205290.0,1784570205919.5964,101.378,5.0,629.596,,735.974
e-1037,1784570205233.6123,1784570205285,1784570205290.0,1784570205919.597,51.388,5.0,629.597,,685.985
e-1038,1784570205283.6414,1784570205285,1784570205290.0,1784570205919.5972,1.359,5.0,629.597,,635.956
e-1039,1784570205333.609,1784570206335,1784570206340.0,1784570206960.0466,1001.391,5.0,620.047,,1626.438
e-1040,1784570205383.6133,1784570206335,1784570206340.0,1784570206960.05,951.387,5.0,620.05,,1576.437
e-1041,1784570205433.615,1784570206335,1784570206340.0,1784570206960.051,901.385,5.0,620.051,,1526.436
e-1042,1784570205483.6145,1784570206335,1784570206340.0,1784570206960.052,851.385,5.0,620.052,,1476.438
e-1043,1784570205533.6113,1784570206335,1784570206340.0,1784570206960.0525,801.389,5.0,620.052,,1426.441
e-1044,1784570205583.6182,1784570206335,1784570206340.0,1784570206960.0535,751.382,5.0,620.053,,1376.435
e-1045,1784570205633.6057,1784570206335,1784570206340.0,1784570206960.0542,701.394,5.0,620.054,,1326.448
e-1046,1784570205683.62,1784570206335,1784570206340.0,1784570206960.055,651.38,5.0,620.055,,1276.435
e-1047,1784570205733.6213,1784570206335,1784570206340.0,1784570206960.0557,601.379,5.0,620.056,,1226.434
e-1048,1784570205783.9841,1784570206335,1784570206340.0,1784570206960.0564,551.016,5.0,620.056,,1176.072
e-1049,1784570205833.614,1784570206335,1784570206340.0,1784570206960.0571,501.386,5.0,620.057,,1126.443
e-1050,1784570205883.6133,1784570206335,1784570206340.0,1784570206960.0576,451.387,5.0,620.058,,1076.444
e-1051,1784570205933.61,1784570206335,1784570206340.0,1784570206960.0583,401.39,5.0,620.058,,1026.448
e-1052,1784570205983.6086,1784570206335,1784570206340.0,1784570206960.059,351.391,5.0,620.059,,976.45
e-1053,1784570206033.6143,1784570206335,1784570206340.0,1784570206960.0598,301.386,5.0,620.06,,926.446
e-1054,1784570206083.6084,1784570206335,1784570206340.0,1784570206960.0605,251.392,5.0,620.061,,876.452
e-1055,1784570206133.6086,1784570206335,1784570206340.0,1784570206960.0757,201.391,5.0,620.076,,826.467
e-1056,1784570206184.092,1784570206335,1784570206340.0,1784570206960.0767,150.908,5.0,620.077,,775.985
e-1057,1784570206233.6147,1784570206335,1784570206340.0,1784570206960.0771,101.385,5.0,620.077,,726.462
e-1058,1784570206283.6257,1784570206335,1784570206340.0,1784570206960.078,51.374,5.0,620.078,,676.452
e-1059,1784570206333.6135,1784570206335,1784570206340.0,1784570206960.0786,1.386,5.0,620.079,,626.465
e-1060,1784570206383.611,1784570207385,1784570207391.0,1784570208012.135,1001.389,6.0,621.135,,1628.524
e-1061,1784570206433.609,1784570207385,1784570207391.0,1784570208012.1375,951.391,6.0,621.137,,1578.529
e-1062,1784570206483.6206,1784570207385,1784570207391.0,1784570208012.1382,901.379,6.0,621.138,,1528.518
e-1063,1784570206533.6174,1784570207385,1784570207391.0,1784570208012.1387,851.383,6.0,621.139,,1478.521
e-1064,1784570206583.6003,1784570207385,1784570207391.0,1784570208012.1392,801.4,6.0,621.139,,1428.539
e-1065,1784570206633.6096,1784570207385,1784570207391.0,1784570208012.1396,751.39,6.0,621.14,,1378.53
e-1066,1784570206683.606,1784570207385,1784570207391.0,1784570208012.158,701.394,6.0,621.158,,1328.552
e-1067,1784570206733.608,1784570207385,1784570207391.0,1784570208012.1584,651.392,6.0,621.158,,1278.551
e-1068,1784570206783.6135,1784570207385,1784570207391.0,1784570208012.159,601.386,6.0,621.159,,1228.545
e-1069,1784570206833.6099,1784570207385,1784570207391.0,1784570208012.1594,551.39,6.0,621.159,,1178.55
e-1070,1784570206883.6177,1784570207385,1784570207391.0,1784570208012.16,501.382,6.0,621.16,,1128.542
e-1071,1784570206933.607,1784570207385,1784570207391.0,1784570208012.1604,451.393,6.0,621.16,,1078.553
e-1072,1784570206983.6074,1784570207385,1784570207391.0,1784570208012.161,401.393,6.0,621.161,,1028.553
e-1073,1784570207033.6038,1784570207385,1784570207391.0,1784570208012.1614,351.396,6.0,621.161,,978.558
e-1074,1784570207083.605,1784570207385,1784570207391.0,1784570208012.1616,301.395,6.0,621.162,,928.557
e-1075,1784570207133.6172,1784570207385,1784570207391.0,1784570208012.162,251.383,6.0,621.162,,878.545
e-1076,1784570207183.6086,1784570207385,1784570207391.0,1784570208012.1626,201.391,6.0,621.163,,828.554
e-1077,1784570207233.599,1784570207385,1784570207391.0,1784570208012.1672,151.401,6.0,621.167,,778.568
e-1078,1784570207283.6084,1784570207385,1784570207391.0,1784570208012.1677,101.392,6.0,621.168,,728.559
e-1079,1784570207333.6086,1784570207385,1784570207391.0,1784570208012.1682,51.391,6.0,621.168,,678.56
e-1080,1784570207383.621,1784570208385,1784570208391.0,1784570209110.6953,1001.379,6.0,719.695,,1727.074
e-1081,1784570207433.6172,1784570208385,1784570208391.0,1784570209110.6975,951.383,6.0,719.698,,1677.08
e-1082,1784570207483.6055,1784570208385,1784570208391.0,1784570209110.6982,901.395,6.0,719.698,,1627.093
e-1083,1784570207533.609,1784570208385,1784570208391.0,1784570209110.6987,851.391,6.0,719.699,,1577.09
e-1084,1784570207583.6042,1784570208385,1784570208391.0,1784570209110.699,801.396,6.0,719.699,,1527.095
e-1085,1784570207633.6086,1784570208385,1784570208391.0,1784570209110.6995,751.391,6.0,719.699,,1477.091
e-1086,1784570207683.6165,1784570208385,1784570208391.0,1784570209110.7,701.384,6.0,719.7,,1427.083
e-1087,1784570207733.605,1784570208385,1784570208391.0,1784570209110.7002,651.395,6.0,719.7,,1377.095
e-1088,1784570207783.6084,1784570208385,1784570208391.0,1784570209110.7007,601.392,6.0,719.701,,1327.092
e-1089,1784570207833.6084,1784570208385,1784570208391.0,1784570209110.701,551.392,6.0,719.701,,1277.093
e-1090,1784570207883.6077,1784570208385,1784570208391.0,1784570209110.7014,501.392,6.0,719.701,,1227.094
e-1091,1784570207933.6113,1784570208385,1784570208391.0,1784570209110.702,451.389,6.0,719.702,,1177.091
e-1092,1784570207983.61,1784570208385,1784570208391.0,1784570209110.7021,401.39,6.0,719.702,,1127.092
e-1093,1784570208033.6145,1784570208385,1784570208391.0,1784570209110.7026,351.385,6.0,719.703,,1077.088
e-1094,1784570208083.606,1784570208385,1784570208391.0,1784570209110.7031,301.394,6.0,719.703,,1027.097
e-1095,1784570208133.6013,1784570208385,1784570208391.0,1784570209110.7036,251.399,6.0,719.704,,977.102
e-1096,1784570208183.6143,1784570208385,1784570208391.0,1784570209110.704,201.386,6.0,719.704,,927.09
e-1097,1784570208233.6118,1784570208385,1784570208391.0,1784570209110.7043,151.388,6.0,719.704,,877.093
e-1098,1784570208283.603,1784570208385,1784570208391.0,1784570209110.722,101.397,6.0,719.722,,827.119
e-1099,1784570208333.6082,1784570208385,1784570208391.0,1784570209110.7224,51.392,6.0,719.722,,777.114
e-1100,1784570208383.604,1784570208385,1784570208391.0,1784570209110.723,1.396,6.0,719.723,,727.119
e-1101,1784570208433.6096,1784570209434,1784570209439.0,1784570210160.2847,1000.39,5.0,721.285,,1726.675
e-1102,1784570208483.603,1784570209434,1784570209439.0,1784570210160.2874,950.397,5.0,721.287,,1676.684
e-1103,1784570208533.6091,1784570209434,1784570209439.0,1784570210160.288,900.391,5.0,721.288,,1626.679
e-1104,1784570208583.6055,1784570209434,1784570209439.0,1784570210160.2883,850.395,5.0,721.288,,1576.683
e-1105,1784570208633.6086,1784570209434,1784570209439.0,1784570210160.2888,800.391,5.0,721.289,,1526.68
e-1106,1784570208683.6055,1784570209434,1784570209439.0,1784570210160.2896,750.395,5.0,721.29,,1476.684
e-1107,1784570208733.6033,1784570209434,1784570209439.0,1784570210160.2898,700.397,5.0,721.29,,1426.687
e-1108,1784570208783.6052,1784570209434,1784570209439.0,1784570210160.2903,650.395,5.0,721.29,,1376.685
e-1109,1784570208833.616,1784570209434,1784570209439.0,1784570210160.2905,600.384,5.0,721.291,,1326.675
e-1110,1784570208883.6147,1784570209434,1784570209439.0,1784570210160.291,550.385,5.0,721.291,,1276.676
e-1111,1784570208933.6094,1784570209434,1784570209439.0,1784570210160.2915,500.391,5.0,721.292,,1226.682
e-1112,1784570208983.61,1784570209434,1784570209439.0,1784570210160.2917,450.39,5.0,721.292,,1176.682
e-1113,1784570209033.6064,1784570209434,1784570209439.0,1784570210160.2922,400.394,5.0,721.292,,1126.686
e-1114,1784570209083.6086,1784570209434,1784570209439.0,1784570210160.2925,350.391,5.0,721.292,,1076.684
e-1115,1784570209133.6038,1784570209434,1784570209439.0,1784570210160.293,300.396,5.0,721.293,,1026.689
e-1116,1784570209183.6091,1784570209434,1784570209439.0,1784570210160.2932,250.391,5.0,721.293,,976.684
e-1117,1784570209233.6096,1784570209434,1784570209439.0,1784570210160.2935,200.39,5.0,721.293,,926.684
e-1118,1784570209283.6133,1784570209434,1784570209439.0,1784570210160.294,150.387,5.0,721.294,,876.681
e-1119,1784570209333.6062,1784570209434,1784570209439.0,1784570210160.3035,100.394,5.0,721.303,,826.697
e-1120,1784570209383.605,1784570209434,1784570209439.0,1784570210160.304,50.395,5.0,721.304,,776.699
e-1121,1784570209433.6082,1784570210435,1784570210440.0,1784570211260.8074,1001.392,5.0,820.807,,1827.199
e-1122,1784570209483.6047,1784570210435,1784570210440.0,1784570211260.81,951.395,5.0,820.81,,1777.205
e-1123,1784570209533.6033,1784570210435,1784570210440.0,1784570211260.8105,901.397,5.0,820.811,,1727.207
e-1124,1784570209583.6091,1784570210435,1784570210440.0,1784570211260.811,851.391,5.0,820.811,,1677.202
e-1125,1784570209633.6055,1784570210435,1784570210440.0,1784570211260.8115,801.395,5.0,820.812,,1627.206
e-1126,1784570209683.6018,1784570210435,1784570210440.0,1784570211260.812,751.398,5.0,820.812,,1577.21
e-1127,1784570209733.608,1784570210435,1784570210440.0,1784570211260.8125,701.392,5.0,820.812,,1527.205
e-1128,1784570209783.6,1784570210435,1784570210440.0,1784570211260.813,651.4,5.0,820.813,,1477.213
e-1129,1784570209833.608,1784570210435,1784570210440.0,1784570211260.8135,601.392,5.0,820.813,,1427.206
e-1130,1784570209883.6106,1784570210435,1784570210440.0,1784570211260.814,551.389,5.0,820.814,,1377.203
e-1131,1784570209933.6067,1784570210435,1784570210440.0,1784570211260.8145,501.393,5.0,820.814,,1327.208
e-1132,1784570209983.6077,1784570210435,1784570210440.0,1784570211260.8293,451.392,5.0,820.829,,1277.222
e-1133,1784570210033.611,1784570210435,1784570210440.0,1784570211260.8296,401.389,5.0,820.83,,1227.219
e-1134,1784570210083.6182,1784570210435,1784570210440.0,1784570211260.83,351.382,5.0,820.83,,1177.212
e-1135,1784570210133.6035,1784570210435,1784570210440.0,1784570211260.8306,301.396,5.0,820.831,,1127.227
e-1136,1784570210183.6133,1784570210435,1784570210440.0,1784570211260.831,251.387,5.0,820.831,,1077.218
e-1137,1784570210233.6125,1784570210435,1784570210440.0,1784570211260.8315,201.387,5.0,820.832,,1027.219
e-1138,1784570210283.6152,1784570210435,1784570210440.0,1784570211260.8318,151.385,5.0,820.832,,977.217
e-1139,1784570210333.6106,1784570210435,1784570210440.0,1784570211260.8323,101.389,5.0,820.832,,927.222
e-1140,1784570210383.609,1784570210435,1784570210440.0,1784570211260.836,51.391,5.0,820.836,,877.227
e-1141,1784570210433.6123,1784570210435,1784570210440.0,1784570211260.8364,1.388,5.0,820.836,,827.224
e-1142,1784570210483.6077,1784570211484,1784570211489.0,1784570212310.163,1000.392,5.0,821.163,,1826.555
e-1143,1784570210533.6116,1784570211484,1784570211489.0,1784570212310.1648,950.388,5.0,821.165,,1776.553
e-1144,1784570210583.6133,1784570211484,1784570211489.0,1784570212310.1653,900.387,5.0,821.165,,1726.552
e-1145,1784570210633.611,1784570211484,1784570211489.0,1784570212310.1658,850.389,5.0,821.166,,1676.555
e-1146,1784570210683.6047,1784570211484,1784570211489.0,1784570212310.1663,800.395,5.0,821.166,,1626.562
e-1147,1784570210733.604,1784570211484,1784570211490.0,1784570212310.1665,750.396,6.0,820.167,,1576.562
e-1148,1784570210783.6104,1784570211484,1784570211490.0,1784570212310.1667,700.39,6.0,820.167,,1526.556
e-1149,1784570210833.607,1784570211484,1784570211490.0,1784570212310.167,650.393,6.0,820.167,,1476.56
e-1150,1784570210883.5996,1784570211484,1784570211490.0,1784570212310.1672,600.4,6.0,820.167,,1426.568
e-1151,1784570210933.6084,1784570211484,1784570211490.0,1784570212310.1675,550.392,6.0,820.167,,1376.559
e-1152,1784570210983.6067,1784570211484,1784570211490.0,1784570212310.1675,500.393,6.0,820.167,,1326.561
e-1153,1784570211033.6062,1784570211484,1784570211490.0,1784570212310.1677,450.394,6.0,820.168,,1276.562
e-1154,1784570211083.6062,1784570211484,1784570211490.0,1784570212310.1682,400.394,6.0,820.168,,1226.562
e-1155,1784570211133.608,1784570211484,1784570211490.0,1784570212310.1685,350.392,6.0,820.168,,1176.561
e-1156,1784570211183.6094,1784570211484,1784570211490.0,1784570212310.169,300.391,6.0,820.169,,1126.56
e-1157,1784570211233.6091,1784570211484,1784570211490.0,1784570212310.1692,250.391,6.0,820.169,,1076.56
e-1158,1784570211283.5989,1784570211484,1784570211490.0,1784570212310.1694,200.401,6.0,820.169,,1026.571
e-1159,1784570211333.6064,1784570211484,1784570211490.0,1784570212310.17,150.394,6.0,820.17,,976.563
e-1160,1784570211383.602,1784570211484,1784570211490.0,1784570212310.1702,100.398,6.0,820.17,,926.568
e-1161,1784570211433.599,1784570211484,1784570211490.0,1784570212310.1707,50.401,6.0,820.171,,876.572
e-1162,1784570211483.6072,1784570211484,1784570211490.0,1784570212310.1873,0.393,6.0,820.187,,826.58
e-1163,1784570211533.6096,1784570212535,1784570212539.0,1784570213360.0725,1001.39,4.0,821.073,,1826.463
e-1164,1784570211583.5776,1784570212535,1784570212540.0,1784570213360.075,951.422,5.0,820.075,,1776.497
e-1165,1784570211633.61,1784570212535,1784570212540.0,1784570213360.076,901.39,5.0,820.076,,1726.466
e-1166,1784570211683.6182,1784570212535,1784570212540.0,1784570213360.0764,851.382,5.0,820.076,,1676.458
e-1167,1784570211733.6062,1784570212535,1784570212540.0,1784570213360.077,801.394,5.0,820.077,,1626.471
e-1168,1784570211783.6106,1784570212535,1784570212540.0,1784570213360.0774,751.389,5.0,820.077,,1576.467
e-1169,1784570211833.6077,1784570212535,1784570212540.0,1784570213360.078,701.392,5.0,820.078,,1526.47
e-1170,1784570211883.6157,1784570212535,1784570212540.0,1784570213360.0784,651.384,5.0,820.078,,1476.463
e-1171,1784570211933.6086,1784570212535,1784570212540.0,1784570213360.0789,601.391,5.0,820.079,,1426.47
e-1172,1784570211983.6094,1784570212535,1784570212540.0,1784570213360.0793,551.391,5.0,820.079,,1376.47
e-1173,1784570212033.6067,1784570212535,1784570212540.0,1784570213360.0796,501.393,5.0,820.08,,1326.473
e-1174,1784570212083.6082,1784570212535,1784570212540.0,1784570213360.08,451.392,5.0,820.08,,1276.472
e-1175,1784570212133.6072,1784570212535,1784570212540.0,1784570213360.0806,401.393,5.0,820.081,,1226.473
e-1176,1784570212183.6108,1784570212535,1784570212540.0,1784570213360.081,351.389,5.0,820.081,,1176.47
e-1177,1784570212233.6025,1784570212535,1784570212540.0,1784570213360.0815,301.397,5.0,820.082,,1126.479
e-1178,1784570212283.6108,1784570212535,1784570212540.0,1784570213360.0818,251.389,5.0,820.082,,1076.471
e-1179,1784570212333.601,1784570212535,1784570212540.0,1784570213360.0823,201.399,5.0,820.082,,1026.481
e-1180,1784570212383.6033,1784570212535,1784570212540.0,1784570213360.0828,151.397,5.0,820.083,,976.479
e-1181,1784570212433.6077,1784570212535,1784570212540.0,1784570213360.0833,101.392,5.0,820.083,,926.476
e-1182,1784570212483.601,1784570212535,1784570212540.0,1784570213360.0837,51.399,5.0,820.084,,876.483
e-1183,1784570212533.606,1784570212535,1784570212540.0,1784570213360.096,1.394,5.0,820.096,,826.49
e-1184,1784570212583.608,1784570213585,1784570213589.0,1784570214411.9907,1001.392,4.0,822.991,,1828.383
e-1185,1784570212633.6064,1784570213585,1784570213589.0,1784570214411.9932,951.394,4.0,822.993,,1778.387
e-1186,1784570212683.612,1784570213585,1784570213589.0,1784570214411.9937,901.388,4.0,822.994,,1728.382
e-1187,1784570212733.6052,1784570213585,1784570213589.0,1784570214411.994,851.395,4.0,822.994,,1678.389
e-1188,1784570212783.601,1784570213585,1784570213589.0,1784570214411.9946,801.399,4.0,822.995,,1628.394
e-1189,1784570212833.6077,1784570213585,1784570213589.0,1784570214411.995,751.392,4.0,822.995,,1578.387
e-1190,1784570212883.6064,1784570213585,1784570213589.0,1784570214411.9958,701.394,4.0,822.996,,1528.389
e-1191,1784570212933.6,1784570213585,1784570213589.0,1784570214411.9966,651.4,4.0,822.997,,1478.396
e-1192,1784570212983.6077,1784570213585,1784570213589.0,1784570214411.997,601.392,4.0,822.997,,1428.389
e-1193,1784570213033.6077,1784570213585,1784570213589.0,1784570214411.998,551.392,4.0,822.998,,1378.39
e-1194,1784570213083.6125,1784570213585,1784570213589.0,1784570214411.9988,501.387,4.0,822.999,,1328.386
e-1195,1784570213133.6077,1784570213585,1784570213589.0,1784570214411.9993,451.392,4.0,822.999,,1278.392
e-1196,1784570213183.6067,1784570213585,1784570213589.0,1784570214412.0,401.393,4.0,823.0,,1228.393
e-1197,1784570213233.6086,1784570213585,1784570213589.0,1784570214412.001,351.391,4.0,823.001,,1178.392
e-1198,1784570213283.6064,1784570213585,1784570213589.0,1784570214412.0107,301.394,4.0,823.011,,1128.404
e-1199,1784570213333.606,1784570213585,1784570213589.0,1784570214412.0115,251.394,4.0,823.011,,1078.406
e-1200,1784570213383.6047,1784570213585,1784570213589.0,1784570214412.0122,201.395,4.0,823.012,,1028.407
e-1201,1784570213433.6067,1784570213585,1784570213589.0,1784570214412.0125,151.393,4.0,823.012,,978.406
e-1202,1784570213483.61,1784570213585,1784570213589.0,1784570214412.0127,101.39,4.0,823.013,,928.403
e-1203,1784570213533.606,1784570213585,1784570213589.0,1784570214412.013,51.394,4.0,823.013,,878.407
e-1204,1784570213583.6094,1784570213585,1784570213589.0,1784570214412.0156,1.391,4.0,823.016,,828.406
e-1205,1784570213633.6057,1784570214635,1784570214640.0,1784570215459.3823,1001.394,5.0,819.382,,1825.777
e-1206,1784570213683.6057,1784570214635,1784570214640.0,1784570215459.385,951.394,5.0,819.385,,1775.779
e-1207,1784570213733.604,1784570214635,1784570214640.0,1784570215459.3857,901.396,5.0,819.386,,1725.782
e-1208,1784570213783.604,1784570214635,1784570214640.0,1784570215459.3862,851.396,5.0,819.386,,1675.782
e-1209,1784570213833.6055,1784570214635,1784570214640.0,1784570215459.3867,801.395,5.0,819.387,,1625.781
e-1210,1784570213883.6057,1784570214635,1784570214640.0,1784570215459.3872,751.394,5.0,819.387,,1575.781
e-1211,1784570213933.6074,1784570214635,1784570214640.0,1784570215459.3877,701.393,5.0,819.388,,1525.78
e-1212,1784570213983.6003,1784570214635,1784570214640.0,1784570215459.388,651.4,5.0,819.388,,1475.788
e-1213,1784570214033.6025,1784570214635,1784570214640.0,1784570215459.3884,601.397,5.0,819.388,,1425.786
e-1214,1784570214083.6074,1784570214635,1784570214640.0,1784570215459.3892,551.393,5.0,819.389,,1375.782
e-1215,1784570214133.606,1784570214635,1784570214640.0,1784570215459.3896,501.394,5.0,819.39,,1325.784
e-1216,1784570214183.6118,1784570214635,1784570214640.0,1784570215459.3901,451.388,5.0,819.39,,1275.778
e-1217,1784570214233.6016,1784570214635,1784570214640.0,1784570215459.3906,401.398,5.0,819.391,,1225.789
e-1218,1784570214283.5986,1784570214635,1784570214640.0,1784570215459.391,351.401,5.0,819.391,,1175.792
e-1219,1784570214333.6099,1784570214635,1784570214640.0,1784570215459.3914,301.39,5.0,819.391,,1125.781
e-1220,1784570214383.617,1784570214635,1784570214640.0,1784570215459.3918,251.383,5.0,819.392,,1075.775
e-1221,1784570214433.6052,1784570214635,1784570214640.0,1784570215459.3923,201.395,5.0,819.392,,1025.787
e-1222,1784570214483.6064,1784570214635,1784570214640.0,1784570215459.3928,151.394,5.0,819.393,,975.786
e-1223,1784570214533.6091,1784570214635,1784570214640.0,1784570215459.3933,101.391,5.0,819.393,,925.784
e-1224,1784570214583.609,1784570214635,1784570214640.0,1784570215459.3938,51.391,5.0,819.394,,875.785
e-1225,1784570214633.6082,1784570215634,1784570215638.0,1784570216560.203,1000.392,4.0,922.203,,1926.595
e-1226,1784570214683.6096,1784570215634,1784570215639.0,1784570216560.2058,950.39,5.0,921.206,,1876.596
e-1227,1784570214733.6055,1784570215634,1784570215639.0,1784570216560.2068,900.395,5.0,921.207,,1826.601
e-1228,1784570214783.6077,1784570215634,1784570215639.0,1784570216560.2075,850.392,5.0,921.208,,1776.6
e-1229,1784570214833.6045,1784570215634,1784570215639.0,1784570216560.2083,800.396,5.0,921.208,,1726.604
e-1230,1784570214883.6023,1784570215634,1784570215639.0,1784570216560.209,750.398,5.0,921.209,,1676.607
e-1231,1784570214933.6047,1784570215634,1784570215639.0,1784570216560.21,700.395,5.0,921.21,,1626.605
e-1232,1784570214983.6025,1784570215634,1784570215639.0,1784570216560.2104,650.397,5.0,921.21,,1576.608
e-1233,1784570215033.617,1784570215634,1784570215639.0,1784570216560.2112,600.383,5.0,921.211,,1526.594
e-1234,1784570215083.6182,1784570215634,1784570215639.0,1784570216560.212,550.382,5.0,921.212,,1476.594
e-1235,1784570215133.601,1784570215634,1784570215639.0,1784570216560.2124,500.399,5.0,921.212,,1426.611
e-1236,1784570215183.6006,1784570215634,1784570215639.0,1784570216560.213,450.399,5.0,921.213,,1376.612
e-1237,1784570215233.607,1784570215634,1784570215639.0,1784570216560.2136,400.393,5.0,921.214,,1326.607
e-1238,1784570215283.6062,1784570215634,1784570215639.0,1784570216560.2144,350.394,5.0,921.214,,1276.608
e-1239,1784570215333.6084,1784570215634,1784570215639.0,1784570216560.215,300.392,5.0,921.215,,1226.607
e-1240,1784570215383.612,1784570215634,1784570215639.0,1784570216560.2156,250.388,5.0,921.216,,1176.604
e-1241,1784570215433.606,1784570215634,1784570215639.0,1784570216560.216,200.394,5.0,921.216,,1126.61
e-1242,1784570215483.6057,1784570215634,1784570215639.0,1784570216560.2168,150.394,5.0,921.217,,1076.611
e-1243,1784570215533.6055,1784570215634,1784570215639.0,1784570216560.2173,100.395,5.0,921.217,,1026.612
e-1244,1784570215583.6057,1784570215634,1784570215639.0,1784570216560.2178,50.394,5.0,921.218,,976.612
e-1245,1784570215633.6086,1784570216635,1784570216640.0,1784570217660.0972,1001.391,5.0,1020.097,,2026.489
e-1246,1784570215683.612,1784570216635,1784570216640.0,1784570217660.0999,951.388,5.0,1020.1,,1976.488
e-1247,1784570215733.6086,1784570216635,1784570216640.0,1784570217660.1143,901.391,5.0,1020.114,,1926.506
e-1248,1784570215783.608,1784570216635,1784570216640.0,1784570217660.115,851.392,5.0,1020.115,,1876.507
e-1249,1784570215833.6082,1784570216635,1784570216640.0,1784570217660.1157,801.392,5.0,1020.116,,1826.508
e-1250,1784570215883.6067,1784570216635,1784570216640.0,1784570217660.1162,751.393,5.0,1020.116,,1776.51
e-1251,1784570215933.6106,1784570216635,1784570216640.0,1784570217660.1167,701.389,5.0,1020.117,,1726.506
e-1252,1784570215983.611,1784570216635,1784570216640.0,1784570217660.117,651.389,5.0,1020.117,,1676.506
e-1253,1784570216033.6038,1784570216635,1784570216640.0,1784570217660.1174,601.396,5.0,1020.117,,1626.514
e-1254,1784570216083.6003,1784570216635,1784570216640.0,1784570217660.118,551.4,5.0,1020.118,,1576.518
e-1255,1784570216133.607,1784570216635,1784570216640.0,1784570217660.1184,501.393,5.0,1020.118,,1526.511
e-1256,1784570216183.6077,1784570216635,1784570216640.0,1784570217660.119,451.392,5.0,1020.119,,1476.511
e-1257,1784570216233.599,1784570216635,1784570216640.0,1784570217660.1194,401.401,5.0,1020.119,,1426.52
e-1258,1784570216283.605,1784570216635,1784570216640.0,1784570217660.1196,351.395,5.0,1020.12,,1376.515
e-1259,1784570216333.606,1784570216635,1784570216640.0,1784570217660.12,301.394,5.0,1020.12,,1326.514
e-1260,1784570216383.618,1784570216635,1784570216640.0,1784570217660.1206,251.382,5.0,1020.121,,1276.503
e-1261,1784570216433.6301,1784570216635,1784570216640.0,1784570217660.121,201.37,5.0,1020.121,,1226.491
e-1262,1784570216483.602,1784570216635,1784570216640.0,1784570217660.1216,151.398,5.0,1020.122,,1176.52
e-1263,1784570216533.6035,1784570216635,1784570216640.0,1784570217660.1218,101.396,5.0,1020.122,,1126.518
e-1264,1784570216583.6033,1784570216635,1784570216640.0,1784570217660.1223,51.397,5.0,1020.122,,1076.519
e-1265,1784570216633.5696,1784570216635,1784570216640.0,1784570217660.1228,1.43,5.0,1020.123,,1026.553
e-1266,1784570216683.6135,1784570217685,1784570217689.0,1784570218710.7603,1001.386,4.0,1021.76,,2027.147
e-1267,1784570216733.6426,1784570217685,1784570217689.0,1784570218710.7627,951.357,4.0,1021.763,,1977.12
e-1268,1784570216783.6736,1784570217685,1784570217689.0,1784570218710.7834,901.326,4.0,1021.783,,1927.11
e-1269,1784570216833.606,1784570217685,1784570217689.0,1784570218710.784,851.394,4.0,1021.784,,1877.178
e-1270,1784570216883.6096,1784570217685,1784570217689.0,1784570218710.7842,801.39,4.0,1021.784,,1827.175
e-1271,1784570216933.6052,1784570217685,1784570217689.0,1784570218710.7847,751.395,4.0,1021.785,,1777.179
e-1272,1784570216983.6074,1784570217685,1784570217689.0,1784570218710.785,701.393,4.0,1021.785,,1727.177
e-1273,1784570217033.605,1784570217685,1784570217689.0,1784570218710.7852,651.395,4.0,1021.785,,1677.18
e-1274,1784570217083.6052,1784570217685,1784570217689.0,1784570218710.7856,601.395,4.0,1021.786,,1627.18
e-1275,1784570217133.5999,1784570217685,1784570217689.0,1784570218710.786,551.4,4.0,1021.786,,1577.186
e-1276,1784570217183.607,1784570217685,1784570217689.0,1784570218710.7861,501.393,4.0,1021.786,,1527.179
e-1277,1784570217233.6062,1784570217685,1784570217689.0,1784570218710.7864,451.394,4.0,1021.786,,1477.18
e-1278,1784570217283.6099,1784570217685,1784570217689.0,1784570218710.7869,401.39,4.0,1021.787,,1427.177
e-1279,1784570217333.6055,1784570217685,1784570217689.0,1784570218710.7874,351.395,4.0,1021.787,,1377.182
e-1280,1784570217383.6047,1784570217685,1784570217689.0,1784570218710.7876,301.395,4.0,1021.788,,1327.183
e-1281,1784570217433.6062,1784570217685,1784570217689.0,1784570218710.7878,251.394,4.0,1021.788,,1277.182
e-1282,1784570217483.6086,1784570217685,1784570217689.0,1784570218710.7883,201.391,4.0,1021.788,,1227.18
e-1283,1784570217533.6094,1784570217685,1784570217689.0,1784570218710.7886,151.391,4.0,1021.789,,1177.179
e-1284,1784570217583.613,1784570217685,1784570217690.0,1784570218710.7888,101.387,5.0,1020.789,,1127.176
e-1285,1784570217633.5999,1784570217685,1784570217690.0,1784570218710.7893,51.4,5.0,1020.789,,1077.189
e-1286,1784570217683.6025,1784570217685,1784570217690.0,1784570218710.7896,1.397,5.0,1020.79,,1027.187
e-1287,1784570217733.6003,1784570218734,1784570218739.0,1784570219758.6614,1000.4,5.0,1019.661,,2025.061
e-1288,1784570217783.607,1784570218734,1784570218740.0,1784570219758.6646,950.393,6.0,1018.665,,1975.058
e-1289,1784570217833.6052,1784570218734,1784570218740.0,1784570219758.6714,900.395,6.0,1018.671,,1925.066
e-1290,1784570217883.6096,1784570218734,1784570218740.0,1784570219758.6719,850.39,6.0,1018.672,,1875.062
e-1291,1784570217933.6055,1784570218734,1784570218740.0,1784570219758.6765,800.395,6.0,1018.677,,1825.071
e-1292,1784570217983.599,1784570218734,1784570218740.0,1784570219758.6772,750.401,6.0,1018.677,,1775.078
e-1293,1784570218033.6096,1784570218734,1784570218740.0,1784570219758.6777,700.39,6.0,1018.678,,1725.068
e-1294,1784570218083.6133,1784570218734,1784570218740.0,1784570219758.6785,650.387,6.0,1018.678,,1675.065
e-1295,1784570218133.6052,1784570218734,1784570218740.0,1784570219758.679,600.395,6.0,1018.679,,1625.074
e-1296,1784570218183.6045,1784570218734,1784570218740.0,1784570219758.6797,550.396,6.0,1018.68,,1575.075
e-1297,1784570218233.5967,1784570218734,1784570218740.0,1784570219758.6802,500.403,6.0,1018.68,,1525.083
e-1298,1784570218283.599,1784570218734,1784570218740.0,1784570219758.681,450.401,6.0,1018.681,,1475.082
e-1299,1784570218333.606,1784570218734,1784570218740.0,1784570219758.6816,400.394,6.0,1018.682,,1425.076
e-1300,1784570218383.6125,1784570218734,1784570218740.0,1784570219758.6824,350.387,6.0,1018.682,,1375.07
e-1301,1784570218433.605,1784570218734,1784570218740.0,1784570219758.6829,300.395,6.0,1018.683,,1325.078
e-1302,1784570218483.6035,1784570218734,1784570218740.0,1784570219758.6836,250.396,6.0,1018.684,,1275.08
e-1303,1784570218533.61,1784570218734,1784570218740.0,1784570219758.6843,200.39,6.0,1018.684,,1225.074
e-1304,1784570218583.6145,1784570218734,1784570218740.0,1784570219758.685,150.385,6.0,1018.685,,1175.071
e-1305,1784570218633.6062,1784570218734,1784570218740.0,1784570219758.6855,100.394,6.0,1018.686,,1125.079
e-1306,1784570218683.611,1784570218734,1784570218740.0,1784570219758.6863,50.389,6.0,1018.686,,1075.075
e-1307,1784570218733.6133,1784570219736,1784570219740.0,1784570219758.6868,1002.387,4.0,18.687,,1025.073
e-1308,1784570218783.6096,1784570219736,1784570219740.0,1784570219758.6873,952.39,4.0,18.687,,975.078
e-1309,1784570218833.61,1784570219736,1784570219740.0,1784570219758.688,902.39,4.0,18.688,,925.078
e-1310,1784570218883.6177,1784570219736,1784570219740.0,1784570219758.6926,852.382,4.0,18.693,,875.075
e-1311,1784570218933.6099,1784570219736,1784570219740.0,1784570219758.6934,802.39,4.0,18.693,,825.083
e-1312,1784570218983.6106,1784570219736,1784570219740.0,1784570219758.694,752.389,4.0,18.694,,775.083
e-1313,1784570219033.6077,1784570219736,1784570219740.0,1784570219758.6946,702.392,4.0,18.695,,725.087
e-1314,1784570219083.608,1784570219736,1784570219740.0,1784570219758.695,652.392,4.0,18.695,,675.087
e-1315,1784570219133.6128,1784570219736,1784570219740.0,1784570219758.6958,602.387,4.0,18.696,,625.083
e-1316,1784570219183.6082,1784570219736,1784570219740.0,1784570219758.6963,552.392,4.0,18.696,,575.088
e-1317,1784570219233.6016,1784570219736,1784570219740.0,1784570219758.697,502.398,4.0,18.697,,525.095
e-1318,1784570219283.6033,1784570219736,1784570219740.0,1784570219758.6975,452.397,4.0,18.698,,475.094
e-1319,1784570219333.6104,1784570219736,1784570219740.0,1784570219758.7139,402.39,4.0,18.714,,425.104
e-1320,1784570219383.613,1784570219736,1784570219740.0,1784570219758.7148,352.387,4.0,18.715,,375.102
e-1321,1784570219433.6106,1784570219736,1784570219740.0,1784570219758.7153,302.389,4.0,18.715,,325.105
e-1322,1784570219483.6094,1784570219736,1784570219740.0,1784570219758.716,252.391,4.0,18.716,,275.107
e-1323,1784570219533.61,1784570219736,1784570219740.0,1784570219758.758,202.39,4.0,18.758,,225.148
e-1324,1784570219583.6086,1784570219736,1784570219740.0,1784570219758.7588,152.391,4.0,18.759,,175.15
e-1325,1784570219633.6067,1784570219736,1784570219740.0,1784570219758.7595,102.393,4.0,18.76,,125.153
e-1326,1784570219683.6072,1784570219736,1784570219740.0,1784570219758.76,52.393,4.0,18.76,,75.153
e-1327,1784570219733.6084,1784570219736,1784570219740.0,1784570219758.7607,2.392,4.0,18.761,,25.152
e-1328,1784570219783.6067,1784570220784,1784570220788.0,1784570221811.658,1000.393,4.0,1023.658,,2028.051
e-1329,1784570219833.607,1784570220784,1784570220789.0,1784570221811.6606,950.393,5.0,1022.661,,1978.054
e-1330,1784570219883.6067,1784570220784,1784570220789.0,1784570221811.6611,900.393,5.0,1022.661,,1928.054
e-1331,1784570219933.6067,1784570220784,1784570220789.0,1784570221811.6619,850.393,5.0,1022.662,,1878.055
e-1332,1784570219983.607,1784570220784,1784570220789.0,1784570221811.6743,800.393,5.0,1022.674,,1828.067
e-1333,1784570220033.6096,1784570220784,1784570220789.0,1784570221811.675,750.39,5.0,1022.675,,1778.065
e-1334,1784570220083.6057,1784570220784,1784570220789.0,1784570221811.6758,700.394,5.0,1022.676,,1728.07
e-1335,1784570220133.6067,1784570220784,1784570220789.0,1784570221811.676,650.393,5.0,1022.676,,1678.069
e-1336,1784570220183.606,1784570220784,1784570220789.0,1784570221811.6765,600.394,5.0,1022.677,,1628.071
e-1337,1784570220233.603,1784570220784,1784570220789.0,1784570221811.677,550.397,5.0,1022.677,,1578.074
e-1338,1784570220283.601,1784570220784,1784570220789.0,1784570221811.6775,500.399,5.0,1022.677,,1528.076
e-1339,1784570220333.6038,1784570220784,1784570220789.0,1784570221811.678,450.396,5.0,1022.678,,1478.074
e-1340,1784570220383.6008,1784570220784,1784570220789.0,1784570221811.6785,400.399,5.0,1022.678,,1428.078
e-1341,1784570220433.6074,1784570220784,1784570220789.0,1784570221811.6787,350.393,5.0,1022.679,,1378.071
e-1342,1784570220483.6003,1784570220784,1784570220789.0,1784570221811.6792,300.4,5.0,1022.679,,1328.079
e-1343,1784570220533.6047,1784570220784,1784570220789.0,1784570221811.6797,250.395,5.0,1022.68,,1278.075
e-1344,1784570220583.599,1784570220784,1784570220789.0,1784570221811.6802,200.401,5.0,1022.68,,1228.081
e-1345,1784570220633.6064,1784570220784,1784570220789.0,1784570221811.6804,150.394,5.0,1022.68,,1178.074
e-1346,1784570220683.6008,1784570220784,1784570220789.0,1784570221811.681,100.399,5.0,1022.681,,1128.08
e-1347,1784570220733.6035,1784570220784,1784570220789.0,1784570221811.6814,50.396,5.0,1022.681,,1078.078
e-1348,1784570220783.6072,1784570221785,1784570221789.0,1784570221811.682,1001.393,4.0,22.682,,1028.075
e-1349,1784570220833.6016,1784570221785,1784570221789.0,1784570221811.6821,951.398,4.0,22.682,,978.081
e-1350,1784570220883.6047,1784570221785,1784570221790.0,1784570221811.6826,901.395,5.0,21.683,,928.078
e-1351,1784570220933.612,1784570221785,1784570221790.0,1784570221811.683,851.388,5.0,21.683,,878.071
e-1352,1784570220983.6033,1784570221785,1784570221790.0,1784570221811.6836,801.397,5.0,21.684,,828.08
e-1353,1784570221035.554,1784570221785,1784570221790.0,1784570221811.6875,749.446,5.0,21.688,,776.134
e-1354,1784570221083.6086,1784570221785,1784570221790.0,1784570221811.7014,701.391,5.0,21.701,,728.093
e-1355,1784570221133.609,1784570221785,1784570221790.0,1784570221811.702,651.391,5.0,21.702,,678.093
e-1356,1784570221183.6108,1784570221785,1784570221790.0,1784570221811.7024,601.389,5.0,21.702,,628.092
e-1357,1784570221233.6172,1784570221785,1784570221790.0,1784570221811.7026,551.383,5.0,21.703,,578.085
e-1358,1784570221283.6086,1784570221785,1784570221790.0,1784570221811.7031,501.391,5.0,21.703,,528.094
e-1359,1784570221333.6042,1784570221785,1784570221790.0,1784570221811.707,451.396,5.0,21.707,,478.103
e-1360,1784570221383.601,1784570221785,1784570221790.0,1784570221811.7075,401.399,5.0,21.708,,428.106
e-1361,1784570221433.6091,1784570221785,1784570221790.0,1784570221811.708,351.391,5.0,21.708,,378.099
e-1362,1784570221483.6016,1784570221785,1784570221790.0,1784570221811.7085,301.398,5.0,21.708,,328.107
e-1363,1784570221533.6106,1784570221785,1784570221790.0,1784570221811.7087,251.389,5.0,21.709,,278.098
e-1364,1784570221583.591,1784570221785,1784570221790.0,1784570221811.7092,201.409,5.0,21.709,,228.118
e-1365,1784570221633.6106,1784570221785,1784570221790.0,1784570221811.7583,151.389,5.0,21.758,,178.148
e-1366,1784570221683.6118,1784570221785,1784570221790.0,1784570221811.7588,101.388,5.0,21.759,,128.147
e-1367,1784570221733.6113,1784570221785,1784570221790.0,1784570221811.7593,51.389,5.0,21.759,,78.148
e-1368,1784570221783.6128,1784570221785,1784570221790.0,1784570221811.7598,1.387,5.0,21.76,,28.147
e-1369,1784570221833.602,1784570222835,1784570222839.0,1784570223859.8684,1001.398,4.0,1020.868,,2026.266
e-1370,1784570221883.602,1784570222835,1784570222839.0,1784570223859.8708,951.398,4.0,1020.871,,1976.269
e-1371,1784570221933.61,1784570222835,1784570222839.0,1784570223859.8716,901.39,4.0,1020.872,,1926.261
e-1372,1784570221983.6045,1784570222835,1784570222839.0,1784570223859.872,851.396,4.0,1020.872,,1876.268
e-1373,1784570222033.6023,1784570222835,1784570222839.0,1784570223859.8726,801.398,4.0,1020.873,,1826.27
e-1374,1784570222083.607,1784570222835,1784570222839.0,1784570223859.8853,751.393,4.0,1020.885,,1776.278
e-1375,1784570222133.6277,1784570222835,1784570222839.0,1784570223859.8857,701.372,4.0,1020.886,,1726.258
e-1376,1784570222183.608,1784570222835,1784570222839.0,1784570223859.886,651.392,4.0,1020.886,,1676.278
e-1377,1784570222233.6118,1784570222835,1784570222839.0,1784570223859.8865,601.388,4.0,1020.886,,1626.275
e-1378,1784570222283.6116,1784570222835,1784570222839.0,1784570223859.887,551.388,4.0,1020.887,,1576.275
e-1379,1784570222333.616,1784570222835,1784570222839.0,1784570223859.8875,501.384,4.0,1020.887,,1526.271
e-1380,1784570222383.6055,1784570222835,1784570222839.0,1784570223859.888,451.395,4.0,1020.888,,1476.282
e-1381,1784570222433.6165,1784570222835,1784570222839.0,1784570223859.8882,401.384,4.0,1020.888,,1426.272
e-1382,1784570222483.6006,1784570222835,1784570222839.0,1784570223859.8887,351.399,4.0,1020.889,,1376.288
e-1383,1784570222533.6045,1784570222835,1784570222839.0,1784570223859.8892,301.396,4.0,1020.889,,1326.285
e-1384,1784570222583.606,1784570222835,1784570222839.0,1784570223859.8896,251.394,4.0,1020.89,,1276.284
e-1385,1784570222633.6104,1784570222835,1784570222840.0,1784570223859.8901,201.39,5.0,1019.89,,1226.28
e-1386,1784570222683.605,1784570222835,1784570222840.0,1784570223859.8906,151.395,5.0,1019.891,,1176.286
e-1387,1784570222733.603,1784570222835,1784570222840.0,1784570223859.891,101.397,5.0,1019.891,,1126.288
e-1388,1784570222783.6057,1784570222835,1784570222840.0,1784570223859.8914,51.394,5.0,1019.891,,1076.286
e-1389,1784570222833.611,1784570222835,1784570222840.0,1784570223859.8918,1.389,5.0,1019.892,,1026.281
e-1390,1784570222883.6033,1784570223885,1784570223889.0,1784570224908.3467,1001.397,4.0,1019.347,,2024.743
e-1391,1784570222936.852,1784570223885,1784570223889.0,1784570224908.349,948.148,4.0,1019.349,,1971.497
e-1392,1784570222983.607,1784570223885,1784570223889.0,1784570224908.3499,901.393,4.0,1019.35,,1924.743
e-1393,1784570223033.607,1784570223885,1784570223889.0,1784570224908.3506,851.393,4.0,1019.351,,1874.744
e-1394,1784570223083.6128,1784570223885,1784570223889.0,1784570224908.3508,801.387,4.0,1019.351,,1824.738
e-1395,1784570223133.6147,1784570223885,1784570223889.0,1784570224908.3625,751.385,4.0,1019.363,,1774.748
e-1396,1784570223183.6077,1784570223885,1784570223889.0,1784570224908.363,701.392,4.0,1019.363,,1724.755
e-1397,1784570223233.6118,1784570223885,1784570223889.0,1784570224908.3633,651.388,4.0,1019.363,,1674.751
e-1398,1784570223283.6064,1784570223885,1784570223889.0,1784570224908.3638,601.394,4.0,1019.364,,1624.757
e-1399,1784570223333.6235,1784570223885,1784570223889.0,1784570224908.3677,551.376,4.0,1019.368,,1574.744
e-1400,1784570223383.6213,1784570223885,1784570223889.0,1784570224908.3682,501.379,4.0,1019.368,,1524.747
e-1401,1784570223433.6584,1784570223885,1784570223889.0,1784570224908.369,451.342,4.0,1019.369,,1474.71
e-1402,1784570223483.6262,1784570223885,1784570223889.0,1784570224908.3691,401.374,4.0,1019.369,,1424.743
e-1403,1784570223533.6094,1784570223885,1784570223889.0,1784570224908.3696,351.391,4.0,1019.37,,1374.76
e-1404,1784570223583.613,1784570223885,1784570223889.0,1784570224908.37,301.387,4.0,1019.37,,1324.757
e-1405,1784570223633.6204,1784570223885,1784570223889.0,1784570224908.3809,251.38,4.0,1019.381,,1274.76
e-1406,1784570223683.6143,1784570223885,1784570223889.0,1784570224908.3813,201.386,4.0,1019.381,,1224.767
e-1407,1784570223733.6064,1784570223885,1784570223889.0,1784570224908.3818,151.394,4.0,1019.382,,1174.775
e-1408,1784570223783.6084,1784570223885,1784570223889.0,1784570224908.382,101.392,4.0,1019.382,,1124.774
e-1409,1784570223833.6094,1784570223885,1784570223889.0,1784570224908.3826,51.391,4.0,1019.383,,1074.773
e-1410,1784570223883.6003,1784570223885,1784570223890.0,1784570224908.383,1.4,5.0,1018.383,,1024.783
e-1411,1784570223933.6006,1784570224936,1784570224940.0,1784570225959.1553,1002.399,4.0,1019.155,,2025.555
e-1412,1784570223983.609,1784570224936,1784570224940.0,1784570225959.158,952.391,4.0,1019.158,,1975.549
e-1413,1784570224033.609,1784570224936,1784570224940.0,1784570225959.1592,902.391,4.0,1019.159,,1925.55
e-1414,1784570224083.6157,1784570224936,1784570224940.0,1784570225959.16,852.384,4.0,1019.16,,1875.544
e-1415,1784570224133.6143,1784570224936,1784570224940.0,1784570225959.1606,802.386,4.0,1019.161,,1825.546
e-1416,1784570224183.6055,1784570224936,1784570224940.0,1784570225959.1614,752.395,4.0,1019.161,,1775.556
e-1417,1784570224233.6047,1784570224936,1784570224940.0,1784570225959.1758,702.395,4.0,1019.176,,1725.571
e-1418,1784570224283.609,1784570224936,1784570224940.0,1784570225959.177,652.391,4.0,1019.177,,1675.568
e-1419,1784570224333.6055,1784570224936,1784570224940.0,1784570225959.1775,602.395,4.0,1019.177,,1625.572
e-1420,1784570224383.609,1784570224936,1784570224940.0,1784570225959.1782,552.391,4.0,1019.178,,1575.569
e-1421,1784570224433.6152,1784570224936,1784570224940.0,1784570225959.1787,502.385,4.0,1019.179,,1525.563
e-1422,1784570224483.5984,1784570224936,1784570224940.0,1784570225959.179,452.402,4.0,1019.179,,1475.581
e-1423,1784570224533.6138,1784570224936,1784570224940.0,1784570225959.1794,402.386,4.0,1019.179,,1425.566
e-1424,1784570224583.606,1784570224936,1784570224940.0,1784570225959.18,352.394,4.0,1019.18,,1375.574
e-1425,1784570224633.61,1784570224936,1784570224941.0,1784570225959.1804,302.39,5.0,1018.18,,1325.57
e-1426,1784570224683.609,1784570224936,1784570224941.0,1784570225959.181,252.391,5.0,1018.181,,1275.572
e-1427,1784570224733.6042,1784570224936,1784570224941.0,1784570225959.1812,202.396,5.0,1018.181,,1225.577
e-1428,1784570224783.6072,1784570224936,1784570224941.0,1784570225959.1816,152.393,5.0,1018.182,,1175.574
e-1429,1784570224833.613,1784570224936,1784570224941.0,1784570225959.186,102.387,5.0,1018.186,,1125.573
e-1430,1784570224883.6094,1784570224936,1784570224941.0,1784570225959.1863,52.391,5.0,1018.186,,1075.577
e-1431,1784570224933.6187,1784570225935,1784570225939.0,1784570225959.1868,1001.381,4.0,20.187,,1025.568
e-1432,1784570224983.638,1784570225935,1784570225940.0,1784570225959.1873,951.362,5.0,19.187,,975.549
e-1433,1784570225033.6094,1784570225935,1784570225940.0,1784570225959.2026,901.391,5.0,19.203,,925.593
e-1434,1784570225083.6367,1784570225935,1784570225940.0,1784570225959.2031,851.363,5.0,19.203,,875.566
e-1435,1784570225133.614,1784570225935,1784570225940.0,1784570225959.2036,801.386,5.0,19.204,,825.59
e-1436,1784570225183.604,1784570225935,1784570225940.0,1784570225959.204,751.396,5.0,19.204,,775.6
e-1437,1784570225233.6145,1784570225935,1784570225940.0,1784570225959.2046,701.385,5.0,19.205,,725.59
e-1438,1784570225283.6106,1784570225935,1784570225940.0,1784570225959.2085,651.389,5.0,19.208,,675.598
e-1439,1784570225333.6082,1784570225935,1784570225940.0,1784570225959.209,601.392,5.0,19.209,,625.601
e-1440,1784570225383.6033,1784570225935,1784570225940.0,1784570225959.2095,551.397,5.0,19.209,,575.606
e-1441,1784570225434.013,1784570225935,1784570225940.0,1784570225959.21,500.987,5.0,19.21,,525.197
e-1442,1784570225483.6064,1784570225935,1784570225940.0,1784570225959.2104,451.394,5.0,19.21,,475.604
e-1443,1784570225533.6023,1784570225935,1784570225940.0,1784570225959.2107,401.398,5.0,19.211,,425.608
e-1444,1784570225583.614,1784570225935,1784570225940.0,1784570225959.2112,351.386,5.0,19.211,,375.597
e-1445,1784570225633.6125,1784570225935,1784570225940.0,1784570225959.2117,301.387,5.0,19.212,,325.599
e-1446,1784570225683.5984,1784570225935,1784570225940.0,1784570225959.2122,251.402,5.0,19.212,,275.614
e-1447,1784570225733.6042,1784570225935,1784570225954.0,1784570226974.2437,201.396,19.0,1020.244,,1240.639
e-1448,1784570225783.6025,1784570225935,1784570225954.0,1784570226974.246,151.397,19.0,1020.246,,1190.644
e-1449,1784570225833.6077,1784570225935,1784570225954.0,1784570226974.2468,101.392,19.0,1020.247,,1140.639
e-1450,1784570225883.6099,1784570225935,1784570225954.0,1784570226974.2473,51.39,19.0,1020.247,,1090.637
e-1451,1784570225933.615,1784570225935,1784570225954.0,1784570226974.248,1.385,19.0,1020.248,,1040.633
e-1452,1784570225983.599,1784570226985,1784570226989.0,1784570228013.1826,1001.401,4.0,1024.183,,2029.583
e-1453,1784570226033.6057,1784570226985,1784570226989.0,1784570228013.1858,951.394,4.0,1024.186,,1979.58
e-1454,1784570226083.6082,1784570226985,1784570226989.0,1784570228013.1868,901.392,4.0,1024.187,,1929.579
e-1455,1784570226133.6155,1784570226985,1784570226989.0,1784570228013.1873,851.385,4.0,1024.187,,1879.572
e-1456,1784570226183.6045,1784570226985,1784570226989.0,1784570228013.188,801.396,4.0,1024.188,,1829.583
e-1457,1784570226233.6045,1784570226985,1784570226989.0,1784570228013.1885,751.396,4.0,1024.188,,1779.584
e-1458,1784570226283.6028,1784570226985,1784570226989.0,1784570228013.1895,701.397,4.0,1024.189,,1729.587
e-1459,1784570226333.6052,1784570226985,1784570226989.0,1784570228013.2017,651.395,4.0,1024.202,,1679.596
e-1460,1784570226383.603,1784570226985,1784570226989.0,1784570228013.2021,601.397,4.0,1024.202,,1629.599
e-1461,1784570226436.4626,1784570226985,1784570226989.0,1784570228013.2026,548.537,4.0,1024.203,,1576.74
e-1462,1784570226483.6047,1784570226985,1784570226989.0,1784570228013.203,501.395,4.0,1024.203,,1529.598
e-1463,1784570226533.6125,1784570226985,1784570226989.0,1784570228013.2034,451.387,4.0,1024.203,,1479.591
e-1464,1784570226583.6023,1784570226985,1784570226989.0,1784570228013.2036,401.398,4.0,1024.204,,1429.601
e-1465,1784570226633.6128,1784570226985,1784570226989.0,1784570228013.2039,351.387,4.0,1024.204,,1379.591
e-1466,1784570226683.6072,1784570226985,1784570226989.0,1784570228013.2043,301.393,4.0,1024.204,,1329.597
e-1467,1784570226733.604,1784570226985,1784570226989.0,1784570228013.2048,251.396,4.0,1024.205,,1279.601
e-1468,1784570226783.5999,1784570226985,1784570226989.0,1784570228013.2053,201.4,4.0,1024.205,,1229.605
e-1469,1784570226833.6104,1784570226985,1784570226989.0,1784570228013.2056,151.39,4.0,1024.206,,1179.595
e-1470,1784570226883.6074,1784570226985,1784570226989.0,1784570228013.2058,101.393,4.0,1024.206,,1129.598
e-1471,1784570226933.61,1784570226985,1784570226989.0,1784570228013.206,51.39,4.0,1024.206,,1079.596
e-1472,1784570226983.614,1784570226985,1784570226989.0,1784570228013.2065,1.386,4.0,1024.207,,1029.593
e-1473,1784570227033.6094,1784570228036,1784570228040.0,1784570229061.1199,1002.391,4.0,1021.12,,2027.51
e-1474,1784570227083.6104,1784570228036,1784570228040.0,1784570229061.1226,952.39,4.0,1021.123,,1977.512
e-1475,1784570227133.6082,1784570228036,1784570228041.0,1784570229061.1233,902.392,5.0,1020.123,,1927.515
e-1476,1784570227183.6108,1784570228036,1784570228041.0,1784570229061.1243,852.389,5.0,1020.124,,1877.513
e-1477,1784570227233.6284,1784570228036,1784570228041.0,1784570229061.1248,802.372,5.0,1020.125,,1827.496
e-1478,1784570227283.6082,1784570228036,1784570228041.0,1784570229061.1252,752.392,5.0,1020.125,,1777.517
e-1479,1784570227333.616,1784570228036,1784570228041.0,1784570229061.1257,702.384,5.0,1020.126,,1727.51
e-1480,1784570227383.6045,1784570228036,1784570228041.0,1784570229061.1387,652.396,5.0,1020.139,,1677.534
e-1481,1784570227433.61,1784570228036,1784570228041.0,1784570229061.1392,602.39,5.0,1020.139,,1627.529
e-1482,1784570227483.6052,1784570228036,1784570228041.0,1784570229061.1394,552.395,5.0,1020.139,,1577.534
e-1483,1784570227533.616,1784570228036,1784570228041.0,1784570229061.14,502.384,5.0,1020.14,,1527.524
e-1484,1784570227583.6072,1784570228036,1784570228041.0,1784570229061.1404,452.393,5.0,1020.14,,1477.533
e-1485,1784570227633.6055,1784570228036,1784570228041.0,1784570229061.1406,402.395,5.0,1020.141,,1427.535
e-1486,1784570227683.6077,1784570228036,1784570228041.0,1784570229061.1448,352.392,5.0,1020.145,,1377.537
e-1487,1784570227733.6074,1784570228036,1784570228041.0,1784570229061.1453,302.393,5.0,1020.145,,1327.538
e-1488,1784570227783.6023,1784570228036,1784570228041.0,1784570229061.1458,252.398,5.0,1020.146,,1277.543
e-1489,1784570227833.6052,1784570228036,1784570228041.0,1784570229061.1462,202.395,5.0,1020.146,,1227.541
e-1490,1784570227883.608,1784570228036,1784570228041.0,1784570229061.1465,152.392,5.0,1020.146,,1177.539
e-1491,1784570227936.4478,1784570228036,1784570228041.0,1784570229061.147,99.552,5.0,1020.147,,1124.699
e-1492,1784570227983.62,1784570228036,1784570228041.0,1784570229061.1475,52.38,5.0,1020.147,,1077.527
e-1493,1784570228033.6096,1784570228036,1784570228041.0,1784570229061.148,2.39,5.0,1020.148,,1027.538
e-1494,1784570228083.6187,1784570229084,1784570229088.0,1784570230107.6748,1000.381,4.0,1019.675,,2024.056
e-1495,1784570228133.6199,1784570229084,1784570229088.0,1784570230107.6772,950.38,4.0,1019.677,,1974.057
e-1496,1784570228183.6187,1784570229084,1784570229088.0,1784570230107.678,900.381,4.0,1019.678,,1924.059
e-1497,1784570228233.6177,1784570229084,1784570229088.0,1784570230107.6785,850.382,4.0,1019.678,,1874.061
e-1498,1784570228283.6167,1784570229084,1784570229088.0,1784570230107.679,800.383,4.0,1019.679,,1824.062
e-1499,1784570228333.6106,1784570229084,1784570229088.0,1784570230107.6794,750.389,4.0,1019.679,,1774.069
e-1500,1784570228383.6074,1784570229084,1784570229088.0,1784570230107.68,700.393,4.0,1019.68,,1724.073
e-1501,1784570228433.5994,1784570229084,1784570229088.0,1784570230107.6804,650.401,4.0,1019.68,,1674.081
e-1502,1784570228483.6008,1784570229084,1784570229088.0,1784570230107.6934,600.399,4.0,1019.693,,1624.093
e-1503,1784570228533.6084,1784570229084,1784570229088.0,1784570230107.694,550.392,4.0,1019.694,,1574.086
e-1504,1784570228583.607,1784570229084,1784570229089.0,1784570230107.6946,500.393,5.0,1018.695,,1524.088
e-1505,1784570228633.6055,1784570229084,1784570229089.0,1784570230107.695,450.395,5.0,1018.695,,1474.09
e-1506,1784570228683.6003,1784570229084,1784570229089.0,1784570230107.6953,400.4,5.0,1018.695,,1424.095
e-1507,1784570228733.6035,1784570229084,1784570229089.0,1784570230107.6958,350.396,5.0,1018.696,,1374.092
e-1508,1784570228783.6052,1784570229084,1784570229089.0,1784570230107.6963,300.395,5.0,1018.696,,1324.091
e-1509,1784570228833.6057,1784570229084,1784570229089.0,1784570230107.6968,250.394,5.0,1018.697,,1274.091
e-1510,1784570228883.6057,1784570229084,1784570229089.0,1784570230107.6973,200.394,5.0,1018.697,,1224.092
e-1511,1784570228936.546,1784570229084,1784570229089.0,1784570230107.6978,147.454,5.0,1018.698,,1171.152
e-1512,1784570228983.609,1784570229084,1784570229089.0,1784570230107.698,100.391,5.0,1018.698,,1124.089
e-1513,1784570229033.6184,1784570229084,1784570229089.0,1784570230107.6985,50.382,5.0,1018.698,,1074.08
e-1514,1784570229083.6108,1784570229084,1784570229089.0,1784570230107.699,0.389,5.0,1018.699,,1024.088
e-1515,1784570229133.6138,1784570230135,1784570230138.0,1784570231157.4329,1001.386,3.0,1019.433,,2023.819
e-1516,1784570229183.606,1784570230135,1784570230138.0,1784570231157.4353,951.394,3.0,1019.435,,1973.829
e-1517,1784570229233.609,1784570230135,1784570230138.0,1784570231157.436,901.391,3.0,1019.436,,1923.827
e-1518,1784570229283.6106,1784570230135,1784570230138.0,1784570231157.4365,851.389,3.0,1019.437,,1873.826
e-1519,1784570229333.6133,1784570230135,1784570230138.0,1784570231157.437,801.387,3.0,1019.437,,1823.824
e-1520,1784570229383.6099,1784570230135,1784570230139.0,1784570231157.4377,751.39,4.0,1018.438,,1773.828
e-1521,1784570229433.6106,1784570230135,1784570230139.0,1784570231157.4382,701.389,4.0,1018.438,,1723.828
e-1522,1784570229483.6143,1784570230135,1784570230139.0,1784570231157.4387,651.386,4.0,1018.439,,1673.824
e-1523,1784570229533.6133,1784570230135,1784570230139.0,1784570231157.4536,601.387,4.0,1018.454,,1623.84
e-1524,1784570229583.613,1784570230135,1784570230139.0,1784570231157.454,551.387,4.0,1018.454,,1573.841
e-1525,1784570229633.6113,1784570230135,1784570230139.0,1784570231157.4546,501.389,4.0,1018.455,,1523.843
e-1526,1784570229683.6128,1784570230135,1784570230139.0,1784570231157.455,451.387,4.0,1018.455,,1473.842
e-1527,1784570229733.6003,1784570230135,1784570230139.0,1784570231157.4556,401.4,4.0,1018.456,,1423.855
e-1528,1784570229783.6045,1784570230135,1784570230139.0,1784570231157.456,351.396,4.0,1018.456,,1373.852
e-1529,1784570229833.612,1784570230135,1784570230139.0,1784570231157.4565,301.388,4.0,1018.457,,1323.844
e-1530,1784570229883.6113,1784570230135,1784570230139.0,1784570231157.4614,251.389,4.0,1018.461,,1273.85
e-1531,1784570229933.6113,1784570230135,1784570230139.0,1784570231157.462,201.389,4.0,1018.462,,1223.851
e-1532,1784570229983.615,1784570230135,1784570230139.0,1784570231157.4624,151.385,4.0,1018.462,,1173.847
e-1533,1784570230033.605,1784570230135,1784570230139.0,1784570231157.4626,101.395,4.0,1018.463,,1123.858
e-1534,1784570230083.613,1784570230135,1784570230139.0,1784570231157.4631,51.387,4.0,1018.463,,1073.85
e-1535,1784570230133.608,1784570230135,1784570230139.0,1784570231157.4636,1.392,4.0,1018.464,,1023.856
e-1536,1784570230183.6025,1784570231185,1784570231189.0,1784570232209.4268,1001.397,4.0,1020.427,,2025.824
e-1537,1784570230233.605,1784570231185,1784570231189.0,1784570232209.4292,951.395,4.0,1020.429,,1975.824
e-1538,1784570230283.607,1784570231185,1784570231189.0,1784570232209.43,901.393,4.0,1020.43,,1925.823
e-1539,1784570230333.6084,1784570231185,1784570231189.0,1784570232209.4304,851.392,4.0,1020.43,,1875.822
e-1540,1784570230383.6125,1784570231185,1784570231189.0,1784570232209.4436,801.387,4.0,1020.444,,1825.831
e-1541,1784570230433.6167,1784570231185,1784570231189.0,1784570232209.444,751.383,4.0,1020.444,,1775.827
e-1542,1784570230483.6067,1784570231185,1784570231189.0,1784570232209.4446,701.393,4.0,1020.445,,1725.838
e-1543,1784570230533.606,1784570231185,1784570231189.0,1784570232209.445,651.394,4.0,1020.445,,1675.839
e-1544,1784570230583.6064,1784570231185,1784570231189.0,1784570232209.4492,601.394,4.0,1020.449,,1625.843
e-1545,1784570230633.6077,1784570231185,1784570231189.0,1784570232209.4495,551.392,4.0,1020.449,,1575.842
e-1546,1784570230683.6067,1784570231185,1784570231189.0,1784570232209.45,501.393,4.0,1020.45,,1525.843
e-1547,1784570230733.5999,1784570231185,1784570231189.0,1784570232209.4504,451.4,4.0,1020.45,,1475.851
e-1548,1784570230783.604,1784570231185,1784570231189.0,1784570232209.451,401.396,4.0,1020.451,,1425.847
e-1549,1784570230833.6096,1784570231185,1784570231190.0,1784570232209.4514,351.39,5.0,1019.451,,1375.842
e-1550,1784570230883.6091,1784570231185,1784570231190.0,1784570232209.4517,301.391,5.0,1019.452,,1325.843
e-1551,1784570230933.615,1784570231185,1784570231190.0,1784570232209.4521,251.385,5.0,1019.452,,1275.837
e-1552,1784570230983.6074,1784570231185,1784570231190.0,1784570232209.4526,201.393,5.0,1019.453,,1225.845
e-1553,1784570231033.6013,1784570231185,1784570231190.0,1784570232209.4531,151.399,5.0,1019.453,,1175.852
e-1554,1784570231083.61,1784570231185,1784570231190.0,1784570232209.4536,101.39,5.0,1019.454,,1125.844
e-1555,1784570231133.608,1784570231185,1784570231190.0,1784570232209.454,51.392,5.0,1019.454,,1075.846
e-1556,1784570231183.6035,1784570231185,1784570231190.0,1784570232209.4546,1.396,5.0,1019.455,,1025.851
e-1557,1784570231233.6038,1784570232235,1784570232240.0,1784570233260.4614,1001.396,5.0,1020.461,,2026.858
e-1558,1784570231283.611,1784570232235,1784570232240.0,1784570233260.464,951.389,5.0,1020.464,,1976.853
e-1559,1784570231333.612,1784570232235,1784570232240.0,1784570233260.4648,901.388,5.0,1020.465,,1926.853
e-1560,1784570231383.611,1784570232235,1784570232240.0,1784570233260.4653,851.389,5.0,1020.465,,1876.854
e-1561,1784570231433.6006,1784570232235,1784570232240.0,1784570233260.4658,801.399,5.0,1020.466,,1826.865
e-1562,1784570231483.6138,1784570232235,1784570232240.0,1784570233260.4663,751.386,5.0,1020.466,,1776.853
e-1563,1784570231533.6155,1784570232235,1784570232240.0,1784570233260.4668,701.385,5.0,1020.467,,1726.851
e-1564,1784570231583.6184,1784570232235,1784570232240.0,1784570233260.467,651.382,5.0,1020.467,,1676.849
e-1565,1784570231633.6094,1784570232235,1784570232240.0,1784570233260.4844,601.391,5.0,1020.484,,1626.875
e-1566,1784570231683.609,1784570232235,1784570232240.0,1784570233260.4849,551.391,5.0,1020.485,,1576.876
e-1567,1784570231733.6003,1784570232235,1784570232240.0,1784570233260.4854,501.4,5.0,1020.485,,1526.885
e-1568,1784570231783.6047,1784570232235,1784570232240.0,1784570233260.4858,451.395,5.0,1020.486,,1476.881
e-1569,1784570231833.6064,1784570232235,1784570232240.0,1784570233260.486,401.394,5.0,1020.486,,1426.88
e-1570,1784570231884.5298,1784570232235,1784570232240.0,1784570233260.4866,350.47,5.0,1020.487,,1375.957
e-1571,1784570231933.6118,1784570232235,1784570232240.0,1784570233260.4873,301.388,5.0,1020.487,,1326.875
e-1572,1784570231983.6045,1784570232235,1784570232240.0,1784570233260.4912,251.396,5.0,1020.491,,1276.887
e-1573,1784570232033.6057,1784570232235,1784570232240.0,1784570233260.4917,201.394,5.0,1020.492,,1226.886
e-1574,1784570232083.614,1784570232235,1784570232240.0,1784570233260.492,151.386,5.0,1020.492,,1176.878
e-1575,1784570232133.6162,1784570232235,1784570232240.0,1784570233260.4924,101.384,5.0,1020.492,,1126.876
e-1576,1784570232183.6028,1784570232235,1784570232240.0,1784570233260.493,51.397,5.0,1020.493,,1076.89
e-1577,1784570232233.6138,1784570232235,1784570232240.0,1784570233260.4934,1.386,5.0,1020.493,,1026.88
e-1578,1784570232283.6172,1784570233284,1784570233288.0,1784570234308.2356,1000.383,4.0,1020.236,,2024.618
e-1579,1784570232333.614,1784570233284,1784570233288.0,1784570234308.239,950.386,4.0,1020.239,,1974.625
e-1580,1784570232383.61,1784570233284,1784570233288.0,1784570234308.2397,900.39,4.0,1020.24,,1924.63
e-1581,1784570232433.601,1784570233284,1784570233288.0,1784570234308.2402,850.399,4.0,1020.24,,1874.639
e-1582,1784570232483.6062,1784570233284,1784570233288.0,1784570234308.2407,800.394,4.0,1020.241,,1824.635
e-1583,1784570232533.599,1784570233284,1784570233288.0,1784570234308.2412,750.401,4.0,1020.241,,1774.642
e-1584,1784570232583.6091,1784570233284,1784570233288.0,1784570234308.2415,700.391,4.0,1020.241,,1724.632
e-1585,1784570232633.6067,1784570233284,1784570233288.0,1784570234308.263,650.393,4.0,1020.263,,1674.656
e-1586,1784570232683.6113,1784570233284,1784570233288.0,1784570234308.2634,600.389,4.0,1020.263,,1624.652
e-1587,1784570232733.6067,1784570233284,1784570233288.0,1784570234308.2688,550.393,4.0,1020.269,,1574.662
e-1588,1784570232783.6067,1784570233284,1784570233288.0,1784570234308.2695,500.393,4.0,1020.27,,1524.663
e-1589,1784570232833.6067,1784570233284,1784570233288.0,1784570234308.27,450.393,4.0,1020.27,,1474.663
e-1590,1784570232883.6099,1784570233284,1784570233288.0,1784570234308.2705,400.39,4.0,1020.271,,1424.661
e-1591,1784570232933.6077,1784570233284,1784570233288.0,1784570234308.2708,350.392,4.0,1020.271,,1374.663
e-1592,1784570232983.6084,1784570233284,1784570233288.0,1784570234308.2712,300.392,4.0,1020.271,,1324.663
e-1593,1784570233033.6057,1784570233284,1784570233288.0,1784570234308.2717,250.394,4.0,1020.272,,1274.666
e-1594,1784570233083.608,1784570233284,1784570233288.0,1784570234308.272,200.392,4.0,1020.272,,1224.664
e-1595,1784570233133.607,1784570233284,1784570233288.0,1784570234308.2725,150.393,4.0,1020.272,,1174.666
e-1596,1784570233183.6045,1784570233284,1784570233288.0,1784570234308.273,100.396,4.0,1020.273,,1124.668
e-1597,1784570233233.6074,1784570233284,1784570233288.0,1784570234308.2734,50.393,4.0,1020.273,,1074.666
e-1598,1784570233283.5981,1784570234285,1784570234289.0,1784570234308.2737,1001.402,4.0,19.274,,1024.676
e-1599,1784570233333.6057,1784570234285,1784570234289.0,1784570234308.2742,951.394,4.0,19.274,,974.668
e-1600,1784570233383.6023,1784570234285,1784570234289.0,1784570234308.2747,901.398,4.0,19.275,,924.672
e-1601,1784570233433.6074,1784570234285,1784570234289.0,1784570234308.2751,851.393,4.0,19.275,,874.668
e-1602,1784570233483.601,1784570234285,1784570234289.0,1784570234308.2754,801.399,4.0,19.275,,824.674
e-1603,1784570233533.597,1784570234285,1784570234289.0,1784570234308.276,751.403,4.0,19.276,,774.679
e-1604,1784570233583.6113,1784570234285,1784570234289.0,1784570234308.2761,701.389,4.0,19.276,,724.665
e-1605,1784570233633.6143,1784570234285,1784570234289.0,1784570234308.294,651.386,4.0,19.294,,674.68
e-1606,1784570233683.6135,1784570234285,1784570234289.0,1784570234308.2944,601.386,4.0,19.294,,624.681
e-1607,1784570233733.6096,1784570234285,1784570234289.0,1784570234308.295,551.39,4.0,19.295,,574.685
e-1608,1784570233783.607,1784570234285,1784570234289.0,1784570234308.2998,501.393,4.0,19.3,,524.693
e-1609,1784570233833.61,1784570234285,1784570234289.0,1784570234308.3005,451.39,4.0,19.301,,474.69
e-1610,1784570233883.6091,1784570234285,1784570234289.0,1784570234308.301,401.391,4.0,19.301,,424.692
e-1611,1784570233933.6072,1784570234285,1784570234289.0,1784570234308.3018,351.393,4.0,19.302,,374.695
e-1612,1784570233983.6096,1784570234285,1784570234289.0,1784570234308.3025,301.39,4.0,19.302,,324.693
e-1613,1784570234033.6074,1784570234285,1784570234289.0,1784570234308.303,251.393,4.0,19.303,,274.696
e-1614,1784570234083.6104,1784570234285,1784570234289.0,1784570234308.3035,201.39,4.0,19.303,,224.693
e-1615,1784570234133.611,1784570234285,1784570234289.0,1784570234308.3042,151.389,4.0,19.304,,174.693
e-1616,1784570234183.607,1784570234285,1784570234289.0,1784570234308.3047,101.393,4.0,19.305,,124.698
e-1617,1784570234233.6106,1784570234285,1784570234289.0,1784570234308.3054,51.389,4.0,19.305,,74.695
e-1618,1784570234283.6091,1784570234285,1784570234289.0,1784570234308.306,1.391,4.0,19.306,,24.697
e-1619,1784570234333.6094,1784570235334,1784570235338.0,1784570236372.7793,1000.391,4.0,1034.779,,2039.17
e-1620,1784570234383.6084,1784570235334,1784570235338.0,1784570236372.7817,950.392,4.0,1034.782,,1989.173
e-1621,1784570234433.6091,1784570235334,1784570235338.0,1784570236372.7825,900.391,4.0,1034.782,,1939.173
e-1622,1784570234483.6172,1784570235334,1784570235338.0,1784570236372.7832,850.383,4.0,1034.783,,1889.166
e-1623,1784570234533.6118,1784570235334,1784570235338.0,1784570236372.7837,800.388,4.0,1034.784,,1839.172
e-1624,1784570234583.6099,1784570235334,1784570235338.0,1784570236372.7842,750.39,4.0,1034.784,,1789.174
e-1625,1784570234633.608,1784570235334,1784570235338.0,1784570236372.7847,700.392,4.0,1034.785,,1739.177
e-1626,1784570234683.6135,1784570235334,1784570235338.0,1784570236372.7852,650.386,4.0,1034.785,,1689.172
e-1627,1784570234733.6152,1784570235334,1784570235338.0,1784570236372.786,600.385,4.0,1034.786,,1639.171
e-1628,1784570234783.611,1784570235334,1784570235338.0,1784570236372.7861,550.389,4.0,1034.786,,1589.175
e-1629,1784570234833.6125,1784570235334,1784570235338.0,1784570236372.7983,500.387,4.0,1034.798,,1539.186
e-1630,1784570234883.61,1784570235334,1784570235338.0,1784570236372.7986,450.39,4.0,1034.799,,1489.188
e-1631,1784570234933.6062,1784570235334,1784570235338.0,1784570236372.7988,400.394,4.0,1034.799,,1439.193
e-1632,1784570234983.6082,1784570235334,1784570235338.0,1784570236372.799,350.392,4.0,1034.799,,1389.191
e-1633,1784570235033.6099,1784570235334,1784570235338.0,1784570236372.7993,300.39,4.0,1034.799,,1339.189
e-1634,1784570235083.6082,1784570235334,1784570235338.0,1784570236372.8018,250.392,4.0,1034.802,,1289.194
e-1635,1784570235133.6064,1784570235334,1784570235338.0,1784570236372.802,200.394,4.0,1034.802,,1239.196
e-1636,1784570235183.608,1784570235334,1784570235338.0,1784570236372.8022,150.392,4.0,1034.802,,1189.194
e-1637,1784570235233.6082,1784570235334,1784570235338.0,1784570236372.8025,100.392,4.0,1034.802,,1139.194
e-1638,1784570235283.6082,1784570235334,1784570235339.0,1784570236372.8027,50.392,5.0,1033.803,,1089.195
e-1639,1784570235333.604,1784570236335,1784570236339.0,1784570236372.803,1001.396,4.0,33.803,,1039.199
e-1640,1784570235383.6113,1784570236335,1784570236339.0,1784570236372.8032,951.389,4.0,33.803,,989.192
e-1641,1784570235433.6123,1784570236335,1784570236339.0,1784570236372.8035,901.388,4.0,33.803,,939.191
e-1642,1784570235483.6123,1784570236335,1784570236339.0,1784570236372.8037,851.388,4.0,33.804,,889.191
e-1643,1784570235533.616,1784570236335,1784570236339.0,1784570236372.804,801.384,4.0,33.804,,839.188
e-1644,1784570235583.6226,1784570236335,1784570236339.0,1784570236372.8042,751.377,4.0,33.804,,789.182
e-1645,1784570235633.6125,1784570236335,1784570236339.0,1784570236372.8044,701.387,4.0,33.804,,739.192
e-1646,1784570235683.6033,1784570236335,1784570236339.0,1784570236372.8047,651.397,4.0,33.805,,689.201
e-1647,1784570235733.6162,1784570236335,1784570236339.0,1784570236372.805,601.384,4.0,33.805,,639.189
e-1648,1784570235783.61,1784570236335,1784570236339.0,1784570236372.8052,551.39,4.0,33.805,,589.195
e-1649,1784570235833.618,1784570236335,1784570236339.0,1784570236372.8054,501.382,4.0,33.805,,539.188
e-1650,1784570235883.6172,1784570236335,1784570236339.0,1784570236372.8074,451.383,4.0,33.807,,489.19
e-1651,1784570235933.617,1784570236335,1784570236339.0,1784570236372.8076,401.383,4.0,33.808,,439.191
e-1652,1784570235983.6116,1784570236335,1784570236367.0,1784570237384.677,351.388,32.0,1017.677,,1401.065
e-1653,1784570236033.609,1784570236335,1784570236367.0,1784570237384.6787,301.391,32.0,1017.679,,1351.07
e-1654,1784570236083.61,1784570236335,1784570236367.0,1784570237384.6792,251.39,32.0,1017.679,,1301.069
e-1655,1784570236133.6113,1784570236335,1784570236367.0,1784570237384.6794,201.389,32.0,1017.679,,1251.068
e-1656,1784570236183.6128,1784570236335,1784570236367.0,1784570237384.68,151.387,32.0,1017.68,,1201.067
e-1657,1784570236233.614,1784570236335,1784570236367.0,1784570237384.6802,101.386,32.0,1017.68,,1151.066
e-1658,1784570236283.7493,1784570236335,1784570236367.0,1784570237384.6804,51.251,32.0,1017.68,,1100.931
e-1659,1784570236333.6084,1784570236335,1784570236367.0,1784570237384.6885,1.392,32.0,1017.688,,1051.08
e-1660,1784570236383.6123,1784570237384,1784570237388.0,1784570238407.1152,1000.388,4.0,1019.115,,2023.503
e-1661,1784570236433.6057,1784570237384,1784570237388.0,1784570238407.1177,950.394,4.0,1019.118,,1973.512
e-1662,1784570236483.6008,1784570237384,1784570237388.0,1784570238407.1184,900.399,4.0,1019.118,,1923.518
e-1663,1784570236533.606,1784570237384,1784570237388.0,1784570238407.1187,850.394,4.0,1019.119,,1873.513
e-1664,1784570236583.6113,1784570237384,1784570237388.0,1784570238407.1191,800.389,4.0,1019.119,,1823.508
e-1665,1784570236633.612,1784570237384,1784570237388.0,1784570238407.1196,750.388,4.0,1019.12,,1773.508
e-1666,1784570236683.6077,1784570237384,1784570237388.0,1784570238407.12,700.392,4.0,1019.12,,1723.512
e-1667,1784570236733.607,1784570237384,1784570237388.0,1784570238407.1206,650.393,4.0,1019.121,,1673.514
e-1668,1784570236783.608,1784570237384,1784570237388.0,1784570238407.1208,600.392,4.0,1019.121,,1623.513
e-1669,1784570236833.612,1784570237384,1784570237388.0,1784570238407.1213,550.388,4.0,1019.121,,1573.509
e-1670,1784570236883.608,1784570237384,1784570237388.0,1784570238407.1218,500.392,4.0,1019.122,,1523.514
e-1671,1784570236933.6116,1784570237384,1784570237388.0,1784570238407.1223,450.388,4.0,1019.122,,1473.511
e-1672,1784570236983.6108,1784570237384,1784570237388.0,1784570238407.1338,400.389,4.0,1019.134,,1423.523
e-1673,1784570237033.606,1784570237384,1784570237388.0,1784570238407.1345,350.394,4.0,1019.135,,1373.529
e-1674,1784570237083.6057,1784570237384,1784570237388.0,1784570238407.135,300.394,4.0,1019.135,,1323.529
e-1675,1784570237133.605,1784570237384,1784570237388.0,1784570238407.1353,250.395,4.0,1019.135,,1273.53
e-1676,1784570237183.6157,1784570237384,1784570237388.0,1784570238407.1357,200.384,4.0,1019.136,,1223.52
e-1677,1784570237233.6028,1784570237384,1784570237388.0,1784570238407.1362,150.397,4.0,1019.136,,1173.533
e-1678,1784570237283.6057,1784570237384,1784570237388.0,1784570238407.1367,100.394,4.0,1019.137,,1123.531
e-1679,1784570237333.6113,1784570237384,1784570237388.0,1784570238407.137,50.389,4.0,1019.137,,1073.526
e-1680,1784570237383.6091,1784570238385,1784570238389.0,1784570238407.1375,1001.391,4.0,18.137,,1023.528
e-1681,1784570237433.608,1784570238385,1784570238389.0,1784570238407.138,951.392,4.0,18.138,,973.53
e-1682,1784570237483.6082,1784570238385,1784570238389.0,1784570238407.1384,901.392,4.0,18.138,,923.53
e-1683,1784570237533.6064,1784570238385,1784570238389.0,1784570238407.1387,851.394,4.0,18.139,,873.532
e-1684,1784570237583.609,1784570238385,1784570238389.0,1784570238407.1392,801.391,4.0,18.139,,823.53
e-1685,1784570237633.6067,1784570238385,1784570238389.0,1784570238407.1396,751.393,4.0,18.14,,773.533
e-1686,1784570237683.6116,1784570238385,1784570238389.0,1784570238407.1401,701.388,4.0,18.14,,723.529
e-1687,1784570237733.6028,1784570238385,1784570238389.0,1784570238407.1404,651.397,4.0,18.14,,673.538
e-1688,1784570237783.6082,1784570238385,1784570238389.0,1784570238407.1409,601.392,4.0,18.141,,623.533
e-1689,1784570237833.6106,1784570238385,1784570238389.0,1784570238407.1414,551.389,4.0,18.141,,573.531
e-1690,1784570237883.6084,1784570238385,1784570238389.0,1784570238407.1418,501.392,4.0,18.142,,523.533
e-1691,1784570237933.6113,1784570238385,1784570238402.0,1784570239420.4307,451.389,17.0,1018.431,,1486.819
e-1692,1784570237983.6118,1784570238385,1784570238402.0,1784570239420.433,401.388,17.0,1018.433,,1436.821
e-1693,1784570238033.6064,1784570238385,1784570238402.0,1784570239420.4453,351.394,17.0,1018.445,,1386.839
e-1694,1784570238083.6104,1784570238385,1784570238402.0,1784570239420.4458,301.39,17.0,1018.446,,1336.835
e-1695,1784570238133.6055,1784570238385,1784570238402.0,1784570239420.4463,251.395,17.0,1018.446,,1286.841
e-1696,1784570238183.605,1784570238385,1784570238402.0,1784570239420.4465,201.395,17.0,1018.447,,1236.842
e-1697,1784570238233.599,1784570238385,1784570238402.0,1784570239420.447,151.401,17.0,1018.447,,1186.848
e-1698,1784570238283.6047,1784570238385,1784570238402.0,1784570239420.4475,101.395,17.0,1018.448,,1136.843
e-1699,1784570238333.605,1784570238385,1784570238402.0,1784570239420.448,51.395,17.0,1018.448,,1086.843
e-1700,1784570238383.61,1784570238385,1784570238402.0,1784570239420.4485,1.39,17.0,1018.448,,1036.838
e-1701,1784570238433.612,1784570239434,1784570239438.0,1784570240458.6196,1000.388,4.0,1020.62,,2025.008
e-1702,1784570238483.6084,1784570239434,1784570239438.0,1784570240458.6223,950.392,4.0,1020.622,,1975.014
e-1703,1784570238533.606,1784570239434,1784570239438.0,1784570240458.623,900.394,4.0,1020.623,,1925.017
e-1704,1784570238583.607,1784570239434,1784570239438.0,1784570240458.6235,850.393,4.0,1020.624,,1875.017
e-1705,1784570238633.6055,1784570239434,1784570239438.0,1784570240458.624,800.395,4.0,1020.624,,1825.019
e-1706,1784570238683.613,1784570239434,1784570239438.0,1784570240458.6243,750.387,4.0,1020.624,,1775.011
e-1707,1784570238733.604,1784570239434,1784570239438.0,1784570240458.6338,700.396,4.0,1020.634,,1725.03
e-1708,1784570238783.606,1784570239434,1784570239438.0,1784570240458.6343,650.394,4.0,1020.634,,1675.028
e-1709,1784570238833.6074,1784570239434,1784570239438.0,1784570240458.6348,600.393,4.0,1020.635,,1625.027
e-1710,1784570238883.6106,1784570239434,1784570239438.0,1784570240458.6353,550.389,4.0,1020.635,,1575.025
e-1711,1784570238933.6057,1784570239434,1784570239438.0,1784570240458.6355,500.394,4.0,1020.635,,1525.03
e-1712,1784570238983.6104,1784570239434,1784570239438.0,1784570240458.636,450.39,4.0,1020.636,,1475.026
e-1713,1784570239033.6062,1784570239434,1784570239438.0,1784570240458.6362,400.394,4.0,1020.636,,1425.03
e-1714,1784570239083.6123,1784570239434,1784570239438.0,1784570240458.639,350.388,4.0,1020.639,,1375.027
e-1715,1784570239133.6047,1784570239434,1784570239439.0,1784570240458.6392,300.395,5.0,1019.639,,1325.034
e-1716,1784570239183.6025,1784570239434,1784570239439.0,1784570240458.6394,250.397,5.0,1019.639,,1275.037
e-1717,1784570239233.6062,1784570239434,1784570239439.0,1784570240458.64,200.394,5.0,1019.64,,1225.034
e-1718,1784570239283.606,1784570239434,1784570239439.0,1784570240458.6401,150.394,5.0,1019.64,,1175.034
e-1719,1784570239333.6047,1784570239434,1784570239439.0,1784570240458.6404,100.395,5.0,1019.64,,1125.036
e-1720,1784570239383.6284,1784570239434,1784570239439.0,1784570240458.6409,50.372,5.0,1019.641,,1075.012
e-1721,1784570239433.5984,1784570240435,1784570240439.0,1784570240458.641,1001.402,4.0,19.641,,1025.043
e-1722,1784570239483.608,1784570240435,1784570240439.0,1784570240458.6416,951.392,4.0,19.642,,975.034
e-1723,1784570239533.6055,1784570240435,1784570240439.0,1784570240458.6418,901.395,4.0,19.642,,925.036
e-1724,1784570239583.607,1784570240435,1784570240439.0,1784570240458.6423,851.393,4.0,19.642,,875.035
e-1725,1784570239633.606,1784570240435,1784570240439.0,1784570240458.6426,801.394,4.0,19.643,,825.037
e-1726,1784570239683.6116,1784570240435,1784570240439.0,1784570240458.643,751.388,4.0,19.643,,775.031
e-1727,1784570239733.6067,1784570240435,1784570240439.0,1784570240458.6433,701.393,4.0,19.643,,725.037
e-1728,1784570239783.6104,1784570240435,1784570240439.0,1784570240458.6436,651.39,4.0,19.644,,675.033
e-1729,1784570239833.6091,1784570240435,1784570240439.0,1784570240458.644,601.391,4.0,19.644,,625.035
e-1730,1784570239883.61,1784570240435,1784570240439.0,1784570240458.6443,551.39,4.0,19.644,,575.034
e-1731,1784570239933.6099,1784570240435,1784570240454.0,1784570241473.869,501.39,19.0,1019.869,,1540.259
e-1732,1784570239983.6208,1784570240435,1784570240454.0,1784570241473.8718,451.379,19.0,1019.872,,1490.251
e-1733,1784570240033.6077,1784570240435,1784570240454.0,1784570241473.8728,401.392,19.0,1019.873,,1440.265
e-1734,1784570240083.612,1784570240435,1784570240454.0,1784570241473.8735,351.388,19.0,1019.874,,1390.261
e-1735,1784570240133.6125,1784570240435,1784570240454.0,1784570241473.8896,301.387,19.0,1019.89,,1340.277
e-1736,1784570240183.611,1784570240435,1784570240454.0,1784570241473.8904,251.389,19.0,1019.89,,1290.279
e-1737,1784570240233.607,1784570240435,1784570240454.0,1784570241473.8909,201.393,19.0,1019.891,,1240.284
e-1738,1784570240283.615,1784570240435,1784570240454.0,1784570241473.8916,151.385,19.0,1019.892,,1190.277
e-1739,1784570240333.6057,1784570240435,1784570240454.0,1784570241473.8923,101.394,19.0,1019.892,,1140.287
e-1740,1784570240383.6091,1784570240435,1784570240454.0,1784570241473.8928,51.391,19.0,1019.893,,1090.284
e-1741,1784570240433.6072,1784570240435,1784570240454.0,1784570241473.8936,1.393,19.0,1019.894,,1040.286
e-1742,1784570240483.6064,1784570241484,1784570241488.0,1784570242504.8079,1000.394,4.0,1016.808,,2021.201
e-1743,1784570240533.6082,1784570241484,1784570241489.0,1784570242504.81,950.392,5.0,1015.81,,1971.202
e-1744,1784570240583.6123,1784570241484,1784570241489.0,1784570242504.8105,900.388,5.0,1015.811,,1921.198
e-1745,1784570240633.6072,1784570241484,1784570241489.0,1784570242504.8108,850.393,5.0,1015.811,,1871.204
e-1746,1784570240683.6133,1784570241484,1784570241489.0,1784570242504.811,800.387,5.0,1015.811,,1821.198
e-1747,1784570240733.6135,1784570241484,1784570241489.0,1784570242504.8113,750.386,5.0,1015.811,,1771.198
e-1748,1784570240783.6155,1784570241484,1784570241489.0,1784570242504.8113,700.385,5.0,1015.811,,1721.196
e-1749,1784570240833.6062,1784570241484,1784570241489.0,1784570242504.8118,650.394,5.0,1015.812,,1671.206
e-1750,1784570240883.6162,1784570241484,1784570241489.0,1784570242504.812,600.384,5.0,1015.812,,1621.196
e-1751,1784570240933.615,1784570241484,1784570241489.0,1784570242504.8206,550.385,5.0,1015.821,,1571.206
e-1752,1784570240983.6123,1784570241484,1784570241489.0,1784570242504.8208,500.388,5.0,1015.821,,1521.208
e-1753,1784570241033.6064,1784570241484,1784570241489.0,1784570242504.821,450.394,5.0,1015.821,,1471.215
e-1754,1784570241083.6167,1784570241484,1784570241489.0,1784570242504.8213,400.383,5.0,1015.821,,1421.205
e-1755,1784570241133.608,1784570241484,1784570241489.0,1784570242504.8215,350.392,5.0,1015.822,,1371.214
e-1756,1784570241183.6196,1784570241484,1784570241489.0,1784570242504.8218,300.38,5.0,1015.822,,1321.202
e-1757,1784570241233.6104,1784570241484,1784570241489.0,1784570242504.8245,250.39,5.0,1015.824,,1271.214
e-1758,1784570241283.6023,1784570241484,1784570241489.0,1784570242504.825,200.398,5.0,1015.825,,1221.223
e-1759,1784570241333.6143,1784570241484,1784570241489.0,1784570242504.8252,150.386,5.0,1015.825,,1171.211
e-1760,1784570241383.61,1784570241484,1784570241489.0,1784570242504.8254,100.39,5.0,1015.825,,1121.215
e-1761,1784570241433.6143,1784570241484,1784570241489.0,1784570242504.8257,50.386,5.0,1015.826,,1071.211
e-1762,1784570241483.6013,1784570241484,1784570241489.0,1784570242504.826,0.399,5.0,1015.826,,1021.225
e-1763,1784570241533.6113,1784570242535,1784570242539.0,1784570243560.4402,1001.389,4.0,1021.44,,2026.829
e-1764,1784570241583.61,1784570242535,1784570242539.0,1784570243560.4426,951.39,4.0,1021.443,,1976.833
e-1765,1784570241633.613,1784570242535,1784570242539.0,1784570243560.4434,901.387,4.0,1021.443,,1926.83
e-1766,1784570241683.6084,1784570242535,1784570242539.0,1784570243560.4438,851.392,4.0,1021.444,,1876.835
e-1767,1784570241733.6172,1784570242535,1784570242539.0,1784570243560.444,801.383,4.0,1021.444,,1826.827
e-1768,1784570241783.6113,1784570242535,1784570242539.0,1784570243560.4448,751.389,4.0,1021.445,,1776.833
e-1769,1784570241833.6184,1784570242535,1784570242539.0,1784570243560.445,701.382,4.0,1021.445,,1726.827
e-1770,1784570241883.6108,1784570242535,1784570242539.0,1784570243560.4456,651.389,4.0,1021.446,,1676.835
e-1771,1784570241933.6086,1784570242535,1784570242539.0,1784570243560.446,601.391,4.0,1021.446,,1626.837
e-1772,1784570241983.6245,1784570242535,1784570242539.0,1784570243560.4465,551.375,4.0,1021.447,,1576.822
e-1773,1784570242033.62,1784570242535,1784570242539.0,1784570243560.4468,501.38,4.0,1021.447,,1526.827
e-1774,1784570242083.6235,1784570242535,1784570242539.0,1784570243560.4473,451.376,4.0,1021.447,,1476.824
e-1775,1784570242133.6128,1784570242535,1784570242540.0,1784570243560.448,401.387,5.0,1020.448,,1426.835
e-1776,1784570242183.6123,1784570242535,1784570242540.0,1784570243560.4485,351.388,5.0,1020.448,,1376.836
e-1777,1784570242233.6113,1784570242535,1784570242540.0,1784570243560.449,301.389,5.0,1020.449,,1326.838
e-1778,1784570242283.6316,1784570242535,1784570242540.0,1784570243560.4617,251.368,5.0,1020.462,,1276.83
e-1779,1784570242333.62,1784570242535,1784570242540.0,1784570243560.4622,201.38,5.0,1020.462,,1226.842
e-1780,1784570242383.6082,1784570242535,1784570242540.0,1784570243560.4626,151.392,5.0,1020.463,,1176.854
e-1781,1784570242433.6123,1784570242535,1784570242540.0,1784570243560.4631,101.388,5.0,1020.463,,1126.851
e-1782,1784570242483.6223,1784570242535,1784570242540.0,1784570243560.4636,51.378,5.0,1020.464,,1076.841
e-1783,1784570242533.6213,1784570242535,1784570242540.0,1784570243560.464,1.379,5.0,1020.464,,1026.843
e-1784,1784570242583.6196,1784570243585,1784570243589.0,1784570244613.011,1001.38,4.0,1024.011,,2029.391
e-1785,1784570242633.6145,1784570243585,1784570243590.0,1784570244613.0137,951.385,5.0,1023.014,,1979.399
e-1786,1784570242683.6184,1784570243585,1784570243590.0,1784570244613.0146,901.382,5.0,1023.015,,1929.396
e-1787,1784570242733.6147,1784570243585,1784570243590.0,1784570244613.0151,851.385,5.0,1023.015,,1879.4
e-1788,1784570242783.621,1784570243585,1784570243590.0,1784570244613.0156,801.379,5.0,1023.016,,1829.395
e-1789,1784570242833.6165,1784570243585,1784570243590.0,1784570244613.0168,751.384,5.0,1023.017,,1779.4
e-1790,1784570242883.6406,1784570243585,1784570243590.0,1784570244613.0176,701.359,5.0,1023.018,,1729.377
e-1791,1784570242933.6072,1784570243585,1784570243590.0,1784570244613.018,651.393,5.0,1023.018,,1679.411
e-1792,1784570242983.6257,1784570243585,1784570243590.0,1784570244613.0188,601.374,5.0,1023.019,,1629.393
e-1793,1784570243033.6265,1784570243585,1784570243590.0,1784570244613.0193,551.374,5.0,1023.019,,1579.393
e-1794,1784570243083.614,1784570243585,1784570243590.0,1784570244613.0195,501.386,5.0,1023.02,,1529.406
e-1795,1784570243133.6128,1784570243585,1784570243590.0,1784570244613.02,451.387,5.0,1023.02,,1479.407
e-1796,1784570243183.612,1784570243585,1784570243590.0,1784570244613.0205,401.388,5.0,1023.021,,1429.408
e-1797,1784570243233.6133,1784570243585,1784570243590.0,1784570244613.021,351.387,5.0,1023.021,,1379.408
e-1798,1784570243283.6143,1784570243585,1784570243590.0,1784570244613.0215,301.386,5.0,1023.021,,1329.407
e-1799,1784570243333.6123,1784570243585,1784570243590.0,1784570244613.0344,251.388,5.0,1023.034,,1279.422
e-1800,1784570243383.6072,1784570243585,1784570243590.0,1784570244613.035,201.393,5.0,1023.035,,1229.428
e-1801,1784570243433.6143,1784570243585,1784570243590.0,1784570244613.0354,151.386,5.0,1023.035,,1179.421
e-1802,1784570243483.621,1784570243585,1784570243590.0,1784570244613.036,101.379,5.0,1023.036,,1129.415
e-1803,1784570243533.612,1784570243585,1784570243590.0,1784570244613.0364,51.388,5.0,1023.036,,1079.424
e-1804,1784570243583.6133,1784570243585,1784570243590.0,1784570244613.0366,1.387,5.0,1023.037,,1029.423
e-1805,1784570243633.615,1784570244635,1784570244639.0,1784570245658.6584,1001.385,4.0,1019.658,,2025.043
e-1806,1784570243683.6182,1784570244635,1784570244639.0,1784570245658.6619,951.382,4.0,1019.662,,1975.044
e-1807,1784570243733.6106,1784570244635,1784570244639.0,1784570245658.663,901.389,4.0,1019.663,,1925.052
e-1808,1784570243783.612,1784570244635,1784570244639.0,1784570245658.664,851.388,4.0,1019.664,,1875.052
e-1809,1784570243833.6108,1784570244635,1784570244639.0,1784570245658.665,801.389,4.0,1019.665,,1825.054
e-1810,1784570243884.2476,1784570244635,1784570244639.0,1784570245658.6658,750.752,4.0,1019.666,,1774.418
e-1811,1784570243933.6152,1784570244635,1784570244639.0,1784570245658.6667,701.385,4.0,1019.667,,1725.052
e-1812,1784570243983.6086,1784570244635,1784570244639.0,1784570245658.6675,651.391,4.0,1019.667,,1675.059
e-1813,1784570244033.6104,1784570244635,1784570244640.0,1784570245658.6685,601.39,5.0,1018.668,,1625.058
e-1814,1784570244083.6145,1784570244635,1784570244640.0,1784570245658.6692,551.385,5.0,1018.669,,1575.055
e-1815,1784570244133.609,1784570244635,1784570244640.0,1784570245658.6702,501.391,5.0,1018.67,,1525.061
e-1816,1784570244185.5918,1784570244635,1784570244640.0,1784570245658.671,449.408,5.0,1018.671,,1473.079
e-1817,1784570244233.6143,1784570244635,1784570244640.0,1784570245658.6716,401.386,5.0,1018.672,,1425.057
e-1818,1784570244283.6135,1784570244635,1784570244640.0,1784570245658.6726,351.386,5.0,1018.673,,1375.059
e-1819,1784570244333.6099,1784570244635,1784570244640.0,1784570245658.6736,301.39,5.0,1018.674,,1325.064
e-1820,1784570244383.61,1784570244635,1784570244640.0,1784570245658.6887,251.39,5.0,1018.689,,1275.079
e-1821,1784570244433.6096,1784570244635,1784570244640.0,1784570245658.7058,201.39,5.0,1018.706,,1225.096
e-1822,1784570244483.6094,1784570244635,1784570244640.0,1784570245658.8748,151.391,5.0,1018.875,,1175.265
e-1823,1784570244533.6055,1784570244635,1784570244640.0,1784570245658.8777,101.395,5.0,1018.878,,1125.272
e-1824,1784570244583.6187,1784570244635,1784570244640.0,1784570245658.8784,51.381,5.0,1018.878,,1075.26
e-1825,1784570244633.6235,1784570245637,1784570245641.0,1784570245658.879,1003.376,4.0,17.879,,1025.255
e-1826,1784570244683.608,1784570245637,1784570245641.0,1784570245658.8794,953.392,4.0,17.879,,975.271
e-1827,1784570244733.6165,1784570245637,1784570245641.0,1784570245658.88,903.384,4.0,17.88,,925.263
e-1828,1784570244783.6133,1784570245637,1784570245641.0,1784570245658.8804,853.387,4.0,17.88,,875.267
e-1829,1784570244833.6096,1784570245637,1784570245641.0,1784570245658.881,803.39,4.0,17.881,,825.271
e-1830,1784570244883.619,1784570245637,1784570245641.0,1784570245658.8816,753.381,4.0,17.882,,775.263
e-1831,1784570244933.6067,1784570245637,1784570245641.0,1784570245658.882,703.393,4.0,17.882,,725.275
e-1832,1784570244983.6099,1784570245637,1784570245641.0,1784570245658.8826,653.39,4.0,17.883,,675.273
e-1833,1784570245033.605,1784570245637,1784570245641.0,1784570245658.883,603.395,4.0,17.883,,625.278
e-1834,1784570245083.6057,1784570245637,1784570245641.0,1784570245658.895,553.394,4.0,17.895,,575.289
e-1835,1784570245133.6077,1784570245637,1784570245641.0,1784570245658.8955,503.392,4.0,17.896,,525.288
e-1836,1784570245183.6267,1784570245637,1784570245641.0,1784570245658.896,453.373,4.0,17.896,,475.269
e-1837,1784570245233.6152,1784570245637,1784570245641.0,1784570245658.8965,403.385,4.0,17.896,,425.281
e-1838,1784570245283.6147,1784570245637,1784570245641.0,1784570245658.897,353.385,4.0,17.897,,375.282
e-1839,1784570245333.6084,1784570245637,1784570245641.0,1784570245658.8975,303.392,4.0,17.897,,325.289
e-1840,1784570245383.611,1784570245637,1784570245641.0,1784570245658.898,253.389,4.0,17.898,,275.287
e-1841,1784570245433.6077,1784570245637,1784570245654.0,1784570246672.7266,203.392,17.0,1018.727,,1239.119
e-1842,1784570245483.604,1784570245637,1784570245654.0,1784570246672.7292,153.396,17.0,1018.729,,1189.125
e-1843,1784570245533.6082,1784570245637,1784570245654.0,1784570246672.7302,103.392,17.0,1018.73,,1139.122
e-1844,1784570245583.6096,1784570245637,1784570245654.0,1784570246672.7307,53.39,17.0,1018.731,,1089.121
e-1845,1784570245633.6067,1784570245637,1784570245654.0,1784570246672.7312,3.393,17.0,1018.731,,1039.125
e-1846,1784570245683.6067,1784570246684,1784570246688.0,1784570247705.0784,1000.393,4.0,1017.078,,2021.472
e-1847,1784570245733.6096,1784570246684,1784570246689.0,1784570247705.0808,950.39,5.0,1016.081,,1971.471
e-1848,1784570245786.4478,1784570246684,1784570246689.0,1784570247705.0813,897.552,5.0,1016.081,,1918.634
e-1849,1784570245833.6084,1784570246684,1784570246689.0,1784570247705.0818,850.392,5.0,1016.082,,1871.473
e-1850,1784570245883.6067,1784570246684,1784570246689.0,1784570247705.0823,800.393,5.0,1016.082,,1821.476
e-1851,1784570245933.609,1784570246684,1784570246689.0,1784570247705.0828,750.391,5.0,1016.083,,1771.474
e-1852,1784570245983.6091,1784570246684,1784570246689.0,1784570247705.0833,700.391,5.0,1016.083,,1721.474
e-1853,1784570246033.6074,1784570246684,1784570246689.0,1784570247705.0837,650.393,5.0,1016.084,,1671.476
e-1854,1784570246083.609,1784570246684,1784570246689.0,1784570247705.0842,600.391,5.0,1016.084,,1621.475
e-1855,1784570246133.6055,1784570246684,1784570246689.0,1784570247705.0847,550.395,5.0,1016.085,,1571.479
e-1856,1784570246183.976,1784570246684,1784570246689.0,1784570247705.085,500.024,5.0,1016.085,,1521.109
e-1857,1784570246233.6084,1784570246684,1784570246689.0,1784570247705.0854,450.392,5.0,1016.085,,1471.477
e-1858,1784570246283.6064,1784570246684,1784570246689.0,1784570247705.086,400.394,5.0,1016.086,,1421.479
e-1859,1784570246333.6057,1784570246684,1784570246689.0,1784570247705.0864,350.394,5.0,1016.086,,1371.481
e-1860,1784570246383.6086,1784570246684,1784570246689.0,1784570247705.0872,300.391,5.0,1016.087,,1321.479
e-1861,1784570246433.6167,1784570246684,1784570246689.0,1784570247705.0876,250.383,5.0,1016.088,,1271.471
e-1862,1784570246483.6052,1784570246684,1784570246689.0,1784570247705.0881,200.395,5.0,1016.088,,1221.483
e-1863,1784570246533.6018,1784570246684,1784570246689.0,1784570247705.0999,150.398,5.0,1016.1,,1171.498
e-1864,1784570246583.6062,1784570246684,1784570246689.0,1784570247705.1003,100.394,5.0,1016.1,,1121.494
e-1865,1784570246633.6086,1784570246684,1784570246689.0,1784570247705.1008,50.391,5.0,1016.101,,1071.492
e-1866,1784570246683.6165,1784570247685,1784570247689.0,1784570247705.1013,1001.384,4.0,16.101,,1021.485
e-1867,1784570246733.6125,1784570247685,1784570247689.0,1784570247705.1018,951.387,4.0,16.102,,971.489
e-1868,1784570246783.611,1784570247685,1784570247689.0,1784570247705.1023,901.389,4.0,16.102,,921.491
e-1869,1784570246833.6084,1784570247685,1784570247689.0,1784570247705.1025,851.392,4.0,16.103,,871.494
e-1870,1784570246883.6108,1784570247685,1784570247689.0,1784570247705.103,801.389,4.0,16.103,,821.492
e-1871,1784570246933.6086,1784570247685,1784570247689.0,1784570247705.1035,751.391,4.0,16.104,,771.495
e-1872,1784570246983.6055,1784570247685,1784570247689.0,1784570247705.104,701.395,4.0,16.104,,721.499
e-1873,1784570247033.6064,1784570247685,1784570247689.0,1784570247705.1042,651.394,4.0,16.104,,671.498
e-1874,1784570247083.6062,1784570247685,1784570247689.0,1784570247705.1047,601.394,4.0,16.105,,621.499
e-1875,1784570247133.6074,1784570247685,1784570247689.0,1784570247705.1052,551.393,4.0,16.105,,571.498
e-1876,1784570247183.626,1784570247685,1784570247689.0,1784570247705.1057,501.374,4.0,16.106,,521.48
e-1877,1784570247233.6099,1784570247685,1784570247689.0,1784570247705.1062,451.39,4.0,16.106,,471.496
e-1878,1784570247283.6099,1784570247685,1784570247700.0,1784570248717.77,401.39,15.0,1017.77,,1434.16
e-1879,1784570247333.6094,1784570247685,1784570247700.0,1784570248717.7725,351.391,15.0,1017.772,,1384.163
e-1880,1784570247383.6086,1784570247685,1784570247700.0,1784570248717.7732,301.391,15.0,1017.773,,1334.165
e-1881,1784570247433.6067,1784570247685,1784570247700.0,1784570248717.7737,251.393,15.0,1017.774,,1284.167
e-1882,1784570247483.6091,1784570247685,1784570247700.0,1784570248717.7742,201.391,15.0,1017.774,,1234.165
e-1883,1784570247533.606,1784570247685,1784570247701.0,1784570248717.7744,151.394,16.0,1016.774,,1184.168
e-1884,1784570247583.6072,1784570247685,1784570247701.0,1784570248717.7883,101.393,16.0,1016.788,,1134.181
e-1885,1784570247633.6055,1784570247685,1784570247701.0,1784570248717.7888,51.395,16.0,1016.789,,1084.183
e-1886,1784570247683.6155,1784570247685,1784570247701.0,1784570248717.7893,1.385,16.0,1016.789,,1034.174
e-1887,1784570247733.6194,1784570248735,1784570248738.0,1784570249768.8022,1001.381,3.0,1030.802,,2035.183
e-1888,1784570247783.6062,1784570248735,1784570248738.0,1784570249768.8054,951.394,3.0,1030.805,,1985.199
e-1889,1784570247833.613,1784570248735,1784570248738.0,1784570249768.8062,901.387,3.0,1030.806,,1935.193
e-1890,1784570247883.6145,1784570248735,1784570248738.0,1784570249768.8066,851.385,3.0,1030.807,,1885.192
e-1891,1784570247933.6113,1784570248735,1784570248738.0,1784570249768.8074,801.389,3.0,1030.807,,1835.196
e-1892,1784570247983.6143,1784570248735,1784570248738.0,1784570249768.808,751.386,3.0,1030.808,,1785.194
e-1893,1784570248033.613,1784570248735,1784570248738.0,1784570249768.8086,701.387,3.0,1030.809,,1735.196
e-1894,1784570248083.6116,1784570248735,1784570248738.0,1784570249768.8093,651.388,3.0,1030.809,,1685.198
e-1895,1784570248133.6108,1784570248735,1784570248738.0,1784570249768.81,601.389,3.0,1030.81,,1635.199
e-1896,1784570248185.604,1784570248735,1784570248738.0,1784570249768.8105,549.396,3.0,1030.811,,1583.207
e-1897,1784570248233.6125,1784570248735,1784570248738.0,1784570249768.811,501.387,3.0,1030.811,,1535.198
e-1898,1784570248283.615,1784570248735,1784570248738.0,1784570249768.8115,451.385,3.0,1030.812,,1485.197
e-1899,1784570248333.612,1784570248735,1784570248738.0,1784570249768.8123,401.388,3.0,1030.812,,1435.2
e-1900,1784570248383.6128,1784570248735,1784570248738.0,1784570249768.8127,351.387,3.0,1030.813,,1385.2
e-1901,1784570248433.6104,1784570248735,1784570248738.0,1784570249768.8132,301.39,3.0,1030.813,,1335.203
e-1902,1784570248483.6113,1784570248735,1784570248738.0,1784570249768.8137,251.389,3.0,1030.814,,1285.202
e-1903,1784570248533.608,1784570248735,1784570248738.0,1784570249768.8145,201.392,3.0,1030.814,,1235.207
e-1904,1784570248583.6128,1784570248735,1784570248738.0,1784570249768.815,151.387,3.0,1030.815,,1185.202
e-1905,1784570248633.6016,1784570248735,1784570248738.0,1784570249768.8298,101.398,3.0,1030.83,,1135.228
e-1906,1784570248683.616,1784570248735,1784570248738.0,1784570249768.8303,51.384,3.0,1030.83,,1085.214
e-1907,1784570248733.611,1784570248735,1784570248738.0,1784570249768.831,1.389,3.0,1030.831,,1035.22
e-1908,1784570248783.6113,1784570249786,1784570249789.0,1784570250811.4785,1002.389,3.0,1022.479,,2027.867
e-1909,1784570248833.6084,1784570249786,1784570249789.0,1784570250811.4812,952.392,3.0,1022.481,,1977.873
e-1910,1784570248883.6045,1784570249786,1784570249789.0,1784570250811.4822,902.396,3.0,1022.482,,1927.878
e-1911,1784570248933.61,1784570249786,1784570249789.0,1784570250811.483,852.39,3.0,1022.483,,1877.873
e-1912,1784570248983.6182,1784570249786,1784570249789.0,1784570250811.4834,802.382,3.0,1022.483,,1827.865
e-1913,1784570249033.611,1784570249786,1784570249789.0,1784570250811.4841,752.389,3.0,1022.484,,1777.873
e-1914,1784570249083.615,1784570249786,1784570249789.0,1784570250811.4846,702.385,3.0,1022.485,,1727.87
e-1915,1784570249133.6113,1784570249786,1784570249789.0,1784570250811.4856,652.389,3.0,1022.486,,1677.874
e-1916,1784570249183.6094,1784570249786,1784570249789.0,1784570250811.486,602.391,3.0,1022.486,,1627.877
e-1917,1784570249233.6116,1784570249786,1784570249789.0,1784570250811.4866,552.388,3.0,1022.487,,1577.875
e-1918,1784570249283.606,1784570249786,1784570249789.0,1784570250811.4868,502.394,3.0,1022.487,,1527.881
e-1919,1784570249333.6055,1784570249786,1784570249790.0,1784570250811.4873,452.395,4.0,1021.487,,1477.882
e-1920,1784570249383.6096,1784570249786,1784570249790.0,1784570250811.4878,402.39,4.0,1021.488,,1427.878
e-1921,1784570249433.6047,1784570249786,1784570249790.0,1784570250811.488,352.395,4.0,1021.488,,1377.883
e-1922,1784570249483.6062,1784570249786,1784570249790.0,1784570250811.4885,302.394,4.0,1021.489,,1327.882
e-1923,1784570249533.6113,1784570249786,1784570249790.0,1784570250811.4888,252.389,4.0,1021.489,,1277.877
e-1924,1784570249583.6172,1784570249786,1784570249790.0,1784570250811.489,202.383,4.0,1021.489,,1227.872
e-1925,1784570249633.6125,1784570249786,1784570249790.0,1784570250811.4895,152.387,4.0,1021.49,,1177.877
e-1926,1784570249683.6104,1784570249786,1784570249790.0,1784570250811.4897,102.39,4.0,1021.49,,1127.879
e-1927,1784570249733.6106,1784570249786,1784570249790.0,1784570250811.5225,52.389,4.0,1021.522,,1077.912
e-1928,1784570249783.608,1784570249786,1784570249790.0,1784570250811.523,2.392,4.0,1021.523,,1027.915
e-1929,1784570249833.6086,1784570250834,1784570250838.0,1784570251852.6782,1000.391,4.0,1014.678,,2019.07
e-1930,1784570249883.6147,1784570250834,1784570250838.0,1784570251852.6807,950.385,4.0,1014.681,,1969.066
e-1931,1784570249933.607,1784570250834,1784570250838.0,1784570251852.6812,900.393,4.0,1014.681,,1919.074
e-1932,1784570249983.6108,1784570250834,1784570250838.0,1784570251852.6814,850.389,4.0,1014.681,,1869.071
e-1933,1784570250033.609,1784570250834,1784570250838.0,1784570251852.682,800.391,4.0,1014.682,,1819.073
e-1934,1784570250083.6052,1784570250834,1784570250838.0,1784570251852.6821,750.395,4.0,1014.682,,1769.077
e-1935,1784570250133.6018,1784570250834,1784570250838.0,1784570251852.6826,700.398,4.0,1014.683,,1719.081
e-1936,1784570250183.5981,1784570250834,1784570250838.0,1784570251852.6829,650.402,4.0,1014.683,,1669.085
e-1937,1784570250233.6025,1784570250834,1784570250838.0,1784570251852.6833,600.397,4.0,1014.683,,1619.081
e-1938,1784570250283.6086,1784570250834,1784570250838.0,1784570251852.6836,550.391,4.0,1014.684,,1569.075
e-1939,1784570250333.6082,1784570250834,1784570250838.0,1784570251852.6838,500.392,4.0,1014.684,,1519.076
e-1940,1784570250383.6074,1784570250834,1784570250838.0,1784570251852.6843,450.393,4.0,1014.684,,1469.077
e-1941,1784570250433.6072,1784570250834,1784570250838.0,1784570251852.6846,400.393,4.0,1014.685,,1419.077
e-1942,1784570250483.6133,1784570250834,1784570250839.0,1784570251852.685,350.387,5.0,1013.685,,1369.072
e-1943,1784570250533.6094,1784570250834,1784570250839.0,1784570251852.6853,300.391,5.0,1013.685,,1319.076
e-1944,1784570250583.6045,1784570250834,1784570250839.0,1784570251852.6855,250.396,5.0,1013.686,,1269.081
e-1945,1784570250633.6072,1784570250834,1784570250839.0,1784570251852.686,200.393,5.0,1013.686,,1219.079
e-1946,1784570250683.6033,1784570250834,1784570250839.0,1784570251852.6865,150.397,5.0,1013.687,,1169.083
e-1947,1784570250733.609,1784570250834,1784570250839.0,1784570251852.6868,100.391,5.0,1013.687,,1119.078
e-1948,1784570250783.613,1784570250834,1784570250839.0,1784570251852.7078,50.387,5.0,1013.708,,1069.095
e-1949,1784570250833.6106,1784570251835,1784570251837.0,1784570251852.7083,1001.389,2.0,15.708,,1019.098
e-1950,1784570250883.6104,1784570251835,1784570251837.0,1784570251852.7085,951.39,2.0,15.708,,969.098
e-1951,1784570250933.6074,1784570251835,1784570251838.0,1784570251852.709,901.393,3.0,14.709,,919.102
e-1952,1784570250983.6104,1784570251835,1784570251838.0,1784570251852.7092,851.39,3.0,14.709,,869.099
e-1953,1784570251033.6077,1784570251835,1784570251838.0,1784570251852.7095,801.392,3.0,14.709,,819.102
e-1954,1784570251083.6055,1784570251835,1784570251838.0,1784570251852.71,751.395,3.0,14.71,,769.104
e-1955,1784570251133.6052,1784570251835,1784570251838.0,1784570251852.7102,701.395,3.0,14.71,,719.105
e-1956,1784570251183.6,1784570251835,1784570251838.0,1784570251852.7852,651.4,3.0,14.785,,669.185
e-1957,1784570251233.6064,1784570251835,1784570251838.0,1784570251852.7874,601.394,3.0,14.787,,619.181
e-1958,1784570251283.6057,1784570251835,1784570251838.0,1784570251852.7878,551.394,3.0,14.788,,569.182
e-1959,1784570251333.6113,1784570251835,1784570251838.0,1784570251852.788,501.389,3.0,14.788,,519.177
e-1960,1784570251383.609,1784570251835,1784570251838.0,1784570251852.7883,451.391,3.0,14.788,,469.179
e-1961,1784570251433.608,1784570251835,1784570251838.0,1784570251852.7888,401.392,3.0,14.789,,419.181
e-1962,1784570251483.6072,1784570251835,1784570251838.0,1784570251852.7893,351.393,3.0,14.789,,369.182
e-1963,1784570251533.6062,1784570251835,1784570251838.0,1784570251852.7896,301.394,3.0,14.79,,319.183
e-1964,1784570251583.6074,1784570251835,1784570251849.0,1784570252865.8435,251.393,14.0,1016.844,,1282.236
e-1965,1784570251633.61,1784570251835,1784570251849.0,1784570252865.8455,201.39,14.0,1016.845,,1232.235
e-1966,1784570251683.6047,1784570251835,1784570251849.0,1784570252865.8464,151.395,14.0,1016.846,,1182.242
e-1967,1784570251733.611,1784570251835,1784570251849.0,1784570252865.847,101.389,14.0,1016.847,,1132.236
e-1968,1784570251783.6064,1784570251835,1784570251849.0,1784570252865.8474,51.394,14.0,1016.847,,1082.241
e-1969,1784570251833.5999,1784570251835,1784570251849.0,1784570252865.8552,1.4,14.0,1016.855,,1032.255
e-1970,1784570251883.6167,1784570252884,1784570252887.0,1784570253963.828,1000.383,3.0,1076.828,,2080.211
e-1971,1784570251933.6084,1784570252884,1784570252887.0,1784570253963.8313,950.392,3.0,1076.831,,2030.223
e-1972,1784570251983.6077,1784570252884,1784570252887.0,1784570253963.832,900.392,3.0,1076.832,,1980.224
e-1973,1784570252033.6084,1784570252884,1784570252887.0,1784570253963.833,850.392,3.0,1076.833,,1930.225
e-1974,1784570252083.6074,1784570252884,1784570252887.0,1784570253963.8335,800.393,3.0,1076.833,,1880.226
e-1975,1784570252133.6091,1784570252884,1784570252887.0,1784570253963.8337,750.391,3.0,1076.834,,1830.225
e-1976,1784570252183.6086,1784570252884,1784570252887.0,1784570253963.834,700.391,3.0,1076.834,,1780.225
e-1977,1784570252233.6157,1784570252884,1784570252887.0,1784570253963.8342,650.384,3.0,1076.834,,1730.219
e-1978,1784570252283.606,1784570252884,1784570252887.0,1784570253963.8347,600.394,3.0,1076.835,,1680.229
e-1979,1784570252333.6096,1784570252884,1784570252887.0,1784570253963.8352,550.39,3.0,1076.835,,1630.226
e-1980,1784570252383.612,1784570252884,1784570252887.0,1784570253963.8357,500.388,3.0,1076.836,,1580.224
e-1981,1784570252433.6108,1784570252884,1784570252887.0,1784570253963.836,450.389,3.0,1076.836,,1530.225
e-1982,1784570252483.6125,1784570252884,1784570252887.0,1784570253963.8362,400.387,3.0,1076.836,,1480.224
e-1983,1784570252533.6128,1784570252884,1784570252887.0,1784570253963.8367,350.387,3.0,1076.837,,1430.224
e-1984,1784570252583.6094,1784570252884,1784570252887.0,1784570253963.837,300.391,3.0,1076.837,,1380.228
e-1985,1784570252633.606,1784570252884,1784570252887.0,1784570253963.8372,250.394,3.0,1076.837,,1330.231
e-1986,1784570252683.6052,1784570252884,1784570252887.0,1784570253963.8374,200.395,3.0,1076.837,,1280.232
e-1987,1784570252733.6055,1784570252884,1784570252887.0,1784570253963.8376,150.395,3.0,1076.838,,1230.232
e-1988,1784570252783.5996,1784570252884,1784570252888.0,1784570253963.8381,100.4,4.0,1075.838,,1180.239
e-1989,1784570252833.6072,1784570252884,1784570252888.0,1784570253963.8384,50.393,4.0,1075.838,,1130.231
e-1990,1784570252883.61,1784570253337,1784570253340.0,1784570253963.847,453.39,3.0,623.847,,1080.237
e-1991,1784570252933.6062,1784570253337,1784570253340.0,1784570253963.8474,403.394,3.0,623.847,,1030.241
e-1992,1784570252983.607,1784570253337,1784570253340.0,1784570253963.8477,353.393,3.0,623.848,,980.241
e-1993,1784570253033.6052,1784570253337,1784570253340.0,1784570253963.848,303.395,3.0,623.848,,930.243
e-1994,1784570253083.6152,1784570253337,1784570253340.0,1784570253963.8484,253.385,3.0,623.848,,880.233
e-1995,1784570253133.6177,1784570253337,1784570253340.0,1784570253963.8486,203.382,3.0,623.849,,830.231
e-1996,1784570253183.6104,1784570253337,1784570253340.0,1784570253963.8489,153.39,3.0,623.849,,780.239
e-1997,1784570253233.6104,1784570253337,1784570253340.0,1784570253963.8494,103.39,3.0,623.849,,730.239
e-1998,1784570253283.6057,1784570253337,1784570253340.0,1784570253963.8496,53.394,3.0,623.85,,680.244
e-1999,1784570253333.6072,1784570253337,1784570253340.0,1784570253963.85,3.393,3.0,623.85,,630.243
