stream-state-bench-flink-kafka  | ===> User
stream-state-bench-flink-kafka  | uid=1000(appuser) gid=1000(appuser) groups=1000(appuser)
stream-state-bench-flink-kafka  | ===> Setting default values of environment variables if not already set.
stream-state-bench-flink-kafka  | ===> Configuring ...
stream-state-bench-flink-kafka  | Running in KRaft mode...
stream-state-bench-flink-kafka  | ===> Launching ... 
stream-state-bench-flink-kafka  | ===> Using provided cluster id MkU3OEVBNTcwNTJENDM2Qk ...
stream-state-bench-flink-kafka  | [2026-07-17 16:59:33,178] INFO Registered `kafka:type=kafka.Log4jController` MBean (kafka.utils.Log4jControllerRegistration$)
stream-state-bench-flink-kafka  | [2026-07-17 16:59:33,252] INFO Registered signal handlers for TERM, INT, HUP (org.apache.kafka.common.utils.LoggingSignalHandler)
stream-state-bench-flink-kafka  | [2026-07-17 16:59:33,253] INFO [ControllerServer id=1] Starting controller (kafka.server.ControllerServer)
stream-state-bench-flink-kafka  | [2026-07-17 16:59:33,331] INFO Updated connection-accept-rate max connection creation rate to 2147483647 (kafka.network.ConnectionQuotas)
stream-state-bench-flink-kafka  | [2026-07-17 16:59:33,350] INFO [SocketServer listenerType=CONTROLLER, nodeId=1] Created data-plane acceptor and processors for endpoint : ListenerName(CONTROLLER) (kafka.network.SocketServer)
stream-state-bench-flink-kafka  | [2026-07-17 16:59:33,354] INFO authorizerStart completed for endpoint CONTROLLER. Endpoint is now READY. (org.apache.kafka.server.network.EndpointReadyFutures)
stream-state-bench-flink-kafka  | [2026-07-17 16:59:33,355] INFO [SharedServer id=1] Starting SharedServer (kafka.server.SharedServer)
stream-state-bench-flink-kafka  | [2026-07-17 16:59:33,378] INFO [LogLoader partition=__cluster_metadata-0, dir=/tmp/kafka-logs] Loading producer state till offset 0 (org.apache.kafka.storage.internals.log.UnifiedLog)
stream-state-bench-flink-kafka  | [2026-07-17 16:59:33,378] INFO [LogLoader partition=__cluster_metadata-0, dir=/tmp/kafka-logs] Reloading from producer snapshot and rebuilding producer state from offset 0 (org.apache.kafka.storage.internals.log.UnifiedLog)
stream-state-bench-flink-kafka  | [2026-07-17 16:59:33,378] INFO [LogLoader partition=__cluster_metadata-0, dir=/tmp/kafka-logs] Producer state recovery took 0ms for snapshot load and 0ms for segment recovery from offset 0 (org.apache.kafka.storage.internals.log.UnifiedLog)
stream-state-bench-flink-kafka  | [2026-07-17 16:59:33,383] INFO [RaftLog partition=__cluster_metadata-0] Initialized snapshots with IDs [] from /tmp/kafka-logs/__cluster_metadata-0 (org.apache.kafka.raft.internals.KafkaRaftLog)
stream-state-bench-flink-kafka  | [2026-07-17 16:59:33,387] INFO [raft-expiration-reaper]: Starting (org.apache.kafka.raft.TimingWheelExpirationService$ExpiredOperationReaper)
stream-state-bench-flink-kafka  | [2026-07-17 16:59:33,388] INFO [RaftManager id=1] Reading KRaft snapshot and log as part of the initialization (org.apache.kafka.raft.KafkaRaftClient)
stream-state-bench-flink-kafka  | [2026-07-17 16:59:33,389] INFO [RaftManager id=1] Starting voters are VoterSet(voters={1=VoterNode(voterKey=ReplicaKey(id=1, directoryId=<undefined>), listeners=Endpoints(endpoints={ListenerName(CONTROLLER)=kafka/<unresolved>:9093}), supportedKRaftVersion=SupportedVersionRange[min_version:0, max_version:0])}) (org.apache.kafka.raft.KafkaRaftClient)
stream-state-bench-flink-kafka  | [2026-07-17 16:59:33,392] INFO [RaftManager id=1] Starting request manager with static voters: [kafka:9093 (id: 1 rack: null isFenced: false)] (org.apache.kafka.raft.KafkaRaftClient)
stream-state-bench-flink-kafka  | [2026-07-17 16:59:33,394] INFO [RaftManager id=1] Attempting durable transition to UnattachedState(epoch=0, leaderId=OptionalInt.empty, votedKey=Optional.empty, voters=[1], electionTimeoutMs=1211, highWatermark=Optional.empty) from null (org.apache.kafka.raft.QuorumState)
stream-state-bench-flink-kafka  | [2026-07-17 16:59:33,401] INFO [RaftManager id=1] Completed transition to UnattachedState(epoch=0, leaderId=OptionalInt.empty, votedKey=Optional.empty, voters=[1], electionTimeoutMs=1211, highWatermark=Optional.empty) from null (org.apache.kafka.raft.QuorumState)
stream-state-bench-flink-kafka  | [2026-07-17 16:59:33,404] INFO [RaftManager id=1] Completed transition to ProspectiveState(epoch=0, leaderId=OptionalInt.empty, votedKey=Optional.empty, epochElection=EpochElection[voterStates={1=VoterState(replicaKey=ReplicaKey(id=1, directoryId=<undefined>), state=GRANTED)}], electionTimeoutMs=1576, highWatermark=Optional.empty) from UnattachedState(epoch=0, leaderId=OptionalInt.empty, votedKey=Optional.empty, voters=[1], electionTimeoutMs=1211, highWatermark=Optional.empty) (org.apache.kafka.raft.QuorumState)
stream-state-bench-flink-kafka  | [2026-07-17 16:59:33,405] INFO [RaftManager id=1] Attempting durable transition to CandidateState(localId=1, localDirectoryId=9h8ja3wkvtrdKBzeu-3c0Q, epoch=1, epochElection=EpochElection[voterStates={1=VoterState(replicaKey=ReplicaKey(id=1, directoryId=<undefined>), state=GRANTED)}], highWatermark=Optional.empty, electionTimeoutMs=1736) from ProspectiveState(epoch=0, leaderId=OptionalInt.empty, votedKey=Optional.empty, epochElection=EpochElection[voterStates={1=VoterState(replicaKey=ReplicaKey(id=1, directoryId=<undefined>), state=GRANTED)}], electionTimeoutMs=1576, highWatermark=Optional.empty) (org.apache.kafka.raft.QuorumState)
stream-state-bench-flink-kafka  | [2026-07-17 16:59:33,408] INFO [RaftManager id=1] Completed transition to CandidateState(localId=1, localDirectoryId=9h8ja3wkvtrdKBzeu-3c0Q, epoch=1, epochElection=EpochElection[voterStates={1=VoterState(replicaKey=ReplicaKey(id=1, directoryId=<undefined>), state=GRANTED)}], highWatermark=Optional.empty, electionTimeoutMs=1736) from ProspectiveState(epoch=0, leaderId=OptionalInt.empty, votedKey=Optional.empty, epochElection=EpochElection[voterStates={1=VoterState(replicaKey=ReplicaKey(id=1, directoryId=<undefined>), state=GRANTED)}], electionTimeoutMs=1576, highWatermark=Optional.empty) (org.apache.kafka.raft.QuorumState)
stream-state-bench-flink-kafka  | [2026-07-17 16:59:33,409] INFO [RaftManager id=1] Attempting durable transition to Leader(localVoterNode=VoterNode(voterKey=ReplicaKey(id=1, directoryId=9h8ja3wkvtrdKBzeu-3c0Q), listeners=Endpoints(endpoints={ListenerName(CONTROLLER)=kafka/<unresolved>:9093}), supportedKRaftVersion=SupportedVersionRange[min_version:0, max_version:1]), epoch=1, epochStartOffset=0, highWatermark=Optional.empty, voterStates={1=ReplicaState(replicaKey=ReplicaKey(id=1, directoryId=<undefined>), endOffset=Optional.empty, lastFetchTimestamp=-1, lastCaughtUpTimestamp=-1, hasAcknowledgedLeader=true)}) from CandidateState(localId=1, localDirectoryId=9h8ja3wkvtrdKBzeu-3c0Q, epoch=1, epochElection=EpochElection[voterStates={1=VoterState(replicaKey=ReplicaKey(id=1, directoryId=<undefined>), state=GRANTED)}], highWatermark=Optional.empty, electionTimeoutMs=1736) (org.apache.kafka.raft.QuorumState)
stream-state-bench-flink-kafka  | [2026-07-17 16:59:33,412] INFO [RaftManager id=1] Completed transition to Leader(localVoterNode=VoterNode(voterKey=ReplicaKey(id=1, directoryId=9h8ja3wkvtrdKBzeu-3c0Q), listeners=Endpoints(endpoints={ListenerName(CONTROLLER)=kafka/<unresolved>:9093}), supportedKRaftVersion=SupportedVersionRange[min_version:0, max_version:1]), epoch=1, epochStartOffset=0, highWatermark=Optional.empty, voterStates={1=ReplicaState(replicaKey=ReplicaKey(id=1, directoryId=<undefined>), endOffset=Optional.empty, lastFetchTimestamp=-1, lastCaughtUpTimestamp=-1, hasAcknowledgedLeader=true)}) from CandidateState(localId=1, localDirectoryId=9h8ja3wkvtrdKBzeu-3c0Q, epoch=1, epochElection=EpochElection[voterStates={1=VoterState(replicaKey=ReplicaKey(id=1, directoryId=<undefined>), state=GRANTED)}], highWatermark=Optional.empty, electionTimeoutMs=1736) (org.apache.kafka.raft.QuorumState)
stream-state-bench-flink-kafka  | [2026-07-17 16:59:33,425] INFO [kafka-1-raft-io-thread]: Starting (org.apache.kafka.raft.KafkaRaftClientDriver)
stream-state-bench-flink-kafka  | [2026-07-17 16:59:33,425] INFO [kafka-1-raft-outbound-request-thread]: Starting (org.apache.kafka.raft.KafkaNetworkChannel$SendThread)
stream-state-bench-flink-kafka  | [2026-07-17 16:59:33,432] INFO [MetadataLoader id=1] initializeNewPublishers: the loader is still catching up because we still don't know the high water mark yet. (org.apache.kafka.image.loader.MetadataLoader)
stream-state-bench-flink-kafka  | [2026-07-17 16:59:33,432] INFO [ControllerServer id=1] Waiting for controller quorum voters future (kafka.server.ControllerServer)
stream-state-bench-flink-kafka  | [2026-07-17 16:59:33,432] INFO [ControllerServer id=1] Finished waiting for controller quorum voters future (kafka.server.ControllerServer)
stream-state-bench-flink-kafka  | [2026-07-17 16:59:33,436] INFO [RaftManager id=1] High watermark set to LogOffsetMetadata(offset=1, metadata=Optional[(segmentBaseOffset=0,relativePositionInSegment=91)]) for the first time for epoch 1 based on indexOfHw 0 and voters [ReplicaState(replicaKey=ReplicaKey(id=1, directoryId=<undefined>), endOffset=Optional[LogOffsetMetadata(offset=1, metadata=Optional[(segmentBaseOffset=0,relativePositionInSegment=91)])], lastFetchTimestamp=-1, lastCaughtUpTimestamp=-1, hasAcknowledgedLeader=true)] (org.apache.kafka.raft.LeaderState)
stream-state-bench-flink-kafka  | [2026-07-17 16:59:33,439] INFO [RaftManager id=1] Registered the listener org.apache.kafka.image.loader.MetadataLoader@1221224505 (org.apache.kafka.raft.KafkaRaftClient)
stream-state-bench-flink-kafka  | [2026-07-17 16:59:33,440] INFO [RaftManager id=1] Setting the next offset of org.apache.kafka.image.loader.MetadataLoader@1221224505 to 0 since there are no snapshots (org.apache.kafka.raft.KafkaRaftClient)
stream-state-bench-flink-kafka  | [2026-07-17 16:59:33,441] INFO [MetadataLoader id=1] maybePublishMetadata(LOG_DELTA): The loader is still catching up because we have not loaded a controller record as of offset 0 and high water mark is 1 (org.apache.kafka.image.loader.MetadataLoader)
stream-state-bench-flink-kafka  | [2026-07-17 16:59:33,443] INFO [controller-1-ThrottledChannelReaper-Fetch]: Starting (org.apache.kafka.server.quota.ClientQuotaManager$ThrottledChannelReaper)
stream-state-bench-flink-kafka  | [2026-07-17 16:59:33,444] INFO [controller-1-ThrottledChannelReaper-Produce]: Starting (org.apache.kafka.server.quota.ClientQuotaManager$ThrottledChannelReaper)
stream-state-bench-flink-kafka  | [2026-07-17 16:59:33,444] INFO [controller-1-ThrottledChannelReaper-Request]: Starting (org.apache.kafka.server.quota.ClientQuotaManager$ThrottledChannelReaper)
stream-state-bench-flink-kafka  | [2026-07-17 16:59:33,444] INFO [controller-1-ThrottledChannelReaper-ControllerMutation]: Starting (org.apache.kafka.server.quota.ClientQuotaManager$ThrottledChannelReaper)
stream-state-bench-flink-kafka  | [2026-07-17 16:59:33,445] INFO [RaftManager id=1] Registered the listener org.apache.kafka.controller.QuorumController$QuorumMetaLogListener@1098492067 (org.apache.kafka.raft.KafkaRaftClient)
stream-state-bench-flink-kafka  | [2026-07-17 16:59:33,445] INFO [RaftManager id=1] Setting the next offset of org.apache.kafka.controller.QuorumController$QuorumMetaLogListener@1098492067 to 0 since there are no snapshots (org.apache.kafka.raft.KafkaRaftClient)
stream-state-bench-flink-kafka  | [2026-07-17 16:59:33,447] INFO [ExpirationReaper-1-AlterAcls]: Starting (org.apache.kafka.server.purgatory.DelayedOperationPurgatory$ExpiredOperationReaper)
stream-state-bench-flink-kafka  | [2026-07-17 16:59:33,463] INFO [ControllerServer id=1] Waiting for the controller metadata publishers to be installed (kafka.server.ControllerServer)
stream-state-bench-flink-kafka  | [2026-07-17 16:59:33,463] INFO [ControllerServer id=1] Finished waiting for the controller metadata publishers to be installed (kafka.server.ControllerServer)
stream-state-bench-flink-kafka  | [2026-07-17 16:59:33,463] INFO [MetadataLoader id=1] initializeNewPublishers: The loader is still catching up because we have not loaded a controller record as of offset 0 and high water mark is 1 (org.apache.kafka.image.loader.MetadataLoader)
stream-state-bench-flink-kafka  | [2026-07-17 16:59:33,464] INFO [SocketServer listenerType=CONTROLLER, nodeId=1] Enabling request processing. (kafka.network.SocketServer)
stream-state-bench-flink-kafka  | [2026-07-17 16:59:33,465] INFO Awaiting socket connections on 0.0.0.0:9093. (kafka.network.DataPlaneAcceptor)
stream-state-bench-flink-kafka  | [2026-07-17 16:59:33,468] INFO [controller-1-to-controller-registration-channel-manager]: Starting (org.apache.kafka.server.NodeToControllerRequestThread)
stream-state-bench-flink-kafka  | [2026-07-17 16:59:33,468] INFO [ControllerServer id=1] Waiting for all of the authorizer futures to be completed (kafka.server.ControllerServer)
stream-state-bench-flink-kafka  | [2026-07-17 16:59:33,469] INFO [ControllerServer id=1] Finished waiting for all of the authorizer futures to be completed (kafka.server.ControllerServer)
stream-state-bench-flink-kafka  | [2026-07-17 16:59:33,469] INFO [ControllerServer id=1] Waiting for all of the SocketServer Acceptors to be started (kafka.server.ControllerServer)
stream-state-bench-flink-kafka  | [2026-07-17 16:59:33,469] INFO Recorded new KRaft controller, from now on will use node kafka:9093 (id: 1 rack: null isFenced: false) (org.apache.kafka.server.NodeToControllerRequestThread)
stream-state-bench-flink-kafka  | [2026-07-17 16:59:33,469] INFO [ControllerServer id=1] Finished waiting for all of the SocketServer Acceptors to be started (kafka.server.ControllerServer)
stream-state-bench-flink-kafka  | [2026-07-17 16:59:33,469] INFO [ControllerRegistrationManager id=1 incarnation=qhppLNA2SBOEEu9eL574LA] initialized channel manager. (kafka.server.ControllerRegistrationManager)
stream-state-bench-flink-kafka  | [2026-07-17 16:59:33,469] INFO [ControllerRegistrationManager id=1 incarnation=qhppLNA2SBOEEu9eL574LA] maybeSendControllerRegistration: cannot register yet because the metadata.version is not known yet. (kafka.server.ControllerRegistrationManager)
stream-state-bench-flink-kafka  | [2026-07-17 16:59:33,469] INFO [BrokerServer id=1] Transition from SHUTDOWN to STARTING (kafka.server.BrokerServer)
stream-state-bench-flink-kafka  | [2026-07-17 16:59:33,470] INFO [BrokerServer id=1] Starting broker (kafka.server.BrokerServer)
stream-state-bench-flink-kafka  | [2026-07-17 16:59:33,472] INFO [broker-1-ThrottledChannelReaper-Fetch]: Starting (org.apache.kafka.server.quota.ClientQuotaManager$ThrottledChannelReaper)
stream-state-bench-flink-kafka  | [2026-07-17 16:59:33,473] INFO [broker-1-ThrottledChannelReaper-Produce]: Starting (org.apache.kafka.server.quota.ClientQuotaManager$ThrottledChannelReaper)
stream-state-bench-flink-kafka  | [2026-07-17 16:59:33,473] INFO [broker-1-ThrottledChannelReaper-Request]: Starting (org.apache.kafka.server.quota.ClientQuotaManager$ThrottledChannelReaper)
stream-state-bench-flink-kafka  | [2026-07-17 16:59:33,473] INFO [broker-1-ThrottledChannelReaper-ControllerMutation]: Starting (org.apache.kafka.server.quota.ClientQuotaManager$ThrottledChannelReaper)
stream-state-bench-flink-kafka  | [2026-07-17 16:59:33,476] INFO [MetadataLoader id=1] maybePublishMetadata(LOG_DELTA): The loader finished catching up to the current high water mark of 10 (org.apache.kafka.image.loader.MetadataLoader)
stream-state-bench-flink-kafka  | [2026-07-17 16:59:33,477] INFO [MetadataLoader id=1] InitializeNewPublishers: initializing SnapshotGenerator with a snapshot at offset 9 (org.apache.kafka.image.loader.MetadataLoader)
stream-state-bench-flink-kafka  | [2026-07-17 16:59:33,478] INFO [MetadataLoader id=1] InitializeNewPublishers: initializing KRaftMetadataCachePublisher with a snapshot at offset 9 (org.apache.kafka.image.loader.MetadataLoader)
stream-state-bench-flink-kafka  | [2026-07-17 16:59:33,478] INFO [MetadataLoader id=1] InitializeNewPublishers: initializing FeaturesPublisher with a snapshot at offset 9 (org.apache.kafka.image.loader.MetadataLoader)
stream-state-bench-flink-kafka  | [2026-07-17 16:59:33,482] INFO [BrokerServer id=1] Waiting for controller quorum voters future (kafka.server.BrokerServer)
stream-state-bench-flink-kafka  | [2026-07-17 16:59:33,482] INFO [BrokerServer id=1] Finished waiting for controller quorum voters future (kafka.server.BrokerServer)
stream-state-bench-flink-kafka  | [2026-07-17 16:59:33,482] INFO [ControllerServer id=1] Loaded new metadata FinalizedFeatures[metadataVersion=4.3-IV0, finalizedFeatures={group.version=1, streams.version=1, transaction.version=2, eligible.leader.replicas.version=1, share.version=1, metadata.version=30}, finalizedFeaturesEpoch=9]. (org.apache.kafka.metadata.publisher.FeaturesPublisher)
stream-state-bench-flink-kafka  | [2026-07-17 16:59:33,482] INFO [MetadataLoader id=1] InitializeNewPublishers: initializing ControllerRegistrationsPublisher with a snapshot at offset 9 (org.apache.kafka.image.loader.MetadataLoader)
stream-state-bench-flink-kafka  | [2026-07-17 16:59:33,482] INFO [MetadataLoader id=1] InitializeNewPublishers: initializing ControllerRegistrationManager with a snapshot at offset 9 (org.apache.kafka.image.loader.MetadataLoader)
stream-state-bench-flink-kafka  | [2026-07-17 16:59:33,482] INFO [MetadataLoader id=1] InitializeNewPublishers: initializing DynamicConfigPublisher controller id=1 with a snapshot at offset 9 (org.apache.kafka.image.loader.MetadataLoader)
stream-state-bench-flink-kafka  | [2026-07-17 16:59:33,483] INFO [broker-1-to-controller-forwarding-channel-manager]: Starting (org.apache.kafka.server.NodeToControllerRequestThread)
stream-state-bench-flink-kafka  | [2026-07-17 16:59:33,483] INFO Recorded new KRaft controller, from now on will use node kafka:9093 (id: 1 rack: null isFenced: false) (org.apache.kafka.server.NodeToControllerRequestThread)
stream-state-bench-flink-kafka  | [2026-07-17 16:59:33,484] INFO [DynamicConfigPublisher controller id=1] Updating cluster configuration : min.insync.replicas -> 1 (kafka.server.metadata.DynamicConfigPublisher)
stream-state-bench-flink-kafka  | [2026-07-17 16:59:33,485] INFO [client-metrics-reaper]: Starting (org.apache.kafka.server.util.timer.SystemTimerReaper$Reaper)
stream-state-bench-flink-kafka  | [2026-07-17 16:59:33,486] INFO AbstractConfig values: 
stream-state-bench-flink-kafka  | 	group.consumer.assignment.interval.ms = 1000
stream-state-bench-flink-kafka  | 	group.consumer.assignors = [uniform, range]
stream-state-bench-flink-kafka  | 	group.consumer.heartbeat.interval.ms = 5000
stream-state-bench-flink-kafka  | 	group.consumer.max.assignment.interval.ms = 15000
stream-state-bench-flink-kafka  | 	group.consumer.max.heartbeat.interval.ms = 15000
stream-state-bench-flink-kafka  | 	group.consumer.max.session.timeout.ms = 60000
stream-state-bench-flink-kafka  | 	group.consumer.max.size = 2147483647
stream-state-bench-flink-kafka  | 	group.consumer.migration.policy = bidirectional
stream-state-bench-flink-kafka  | 	group.consumer.min.assignment.interval.ms = 0
stream-state-bench-flink-kafka  | 	group.consumer.min.heartbeat.interval.ms = 5000
stream-state-bench-flink-kafka  | 	group.consumer.min.session.timeout.ms = 45000
stream-state-bench-flink-kafka  | 	group.consumer.regex.refresh.interval.ms = 600000
stream-state-bench-flink-kafka  | 	group.consumer.session.timeout.ms = 45000
stream-state-bench-flink-kafka  | 	group.coordinator.append.linger.ms = -1
stream-state-bench-flink-kafka  | 	group.coordinator.background.threads = 2
stream-state-bench-flink-kafka  | 	group.coordinator.cached.buffer.max.bytes = 1048588
stream-state-bench-flink-kafka  | 	group.coordinator.rebalance.protocols = [classic, consumer, streams]
stream-state-bench-flink-kafka  | 	group.coordinator.threads = 4
stream-state-bench-flink-kafka  | 	group.initial.rebalance.delay.ms = 0
stream-state-bench-flink-kafka  | 	group.max.session.timeout.ms = 1800000
stream-state-bench-flink-kafka  | 	group.max.size = 2147483647
stream-state-bench-flink-kafka  | 	group.min.session.timeout.ms = 6000
stream-state-bench-flink-kafka  | 	group.share.assignment.interval.ms = 1000
stream-state-bench-flink-kafka  | 	group.share.assignors = [simple]
stream-state-bench-flink-kafka  | 	group.share.heartbeat.interval.ms = 5000
stream-state-bench-flink-kafka  | 	group.share.initialize.retry.interval.ms = 30000
stream-state-bench-flink-kafka  | 	group.share.max.assignment.interval.ms = 15000
stream-state-bench-flink-kafka  | 	group.share.max.heartbeat.interval.ms = 15000
stream-state-bench-flink-kafka  | 	group.share.max.session.timeout.ms = 60000
stream-state-bench-flink-kafka  | 	group.share.max.size = 200
stream-state-bench-flink-kafka  | 	group.share.min.assignment.interval.ms = 0
stream-state-bench-flink-kafka  | 	group.share.min.heartbeat.interval.ms = 5000
stream-state-bench-flink-kafka  | 	group.share.min.session.timeout.ms = 45000
stream-state-bench-flink-kafka  | 	group.share.session.timeout.ms = 45000
stream-state-bench-flink-kafka  | 	group.streams.assignment.interval.ms = 1000
stream-state-bench-flink-kafka  | 	group.streams.heartbeat.interval.ms = 5000
stream-state-bench-flink-kafka  | 	group.streams.initial.rebalance.delay.ms = 3000
stream-state-bench-flink-kafka  | 	group.streams.max.assignment.interval.ms = 15000
stream-state-bench-flink-kafka  | 	group.streams.max.heartbeat.interval.ms = 15000
stream-state-bench-flink-kafka  | 	group.streams.max.session.timeout.ms = 60000
stream-state-bench-flink-kafka  | 	group.streams.max.size = 2147483647
stream-state-bench-flink-kafka  | 	group.streams.max.standby.replicas = 2
stream-state-bench-flink-kafka  | 	group.streams.min.assignment.interval.ms = 0
stream-state-bench-flink-kafka  | 	group.streams.min.heartbeat.interval.ms = 5000
stream-state-bench-flink-kafka  | 	group.streams.min.session.timeout.ms = 45000
stream-state-bench-flink-kafka  | 	group.streams.num.standby.replicas = 0
stream-state-bench-flink-kafka  | 	group.streams.session.timeout.ms = 45000
stream-state-bench-flink-kafka  | 	offset.metadata.max.bytes = 4096
stream-state-bench-flink-kafka  | 	offsets.commit.timeout.ms = 5000
stream-state-bench-flink-kafka  | 	offsets.load.buffer.size = 5242880
stream-state-bench-flink-kafka  | 	offsets.retention.check.interval.ms = 600000
stream-state-bench-flink-kafka  | 	offsets.retention.minutes = 10080
stream-state-bench-flink-kafka  | 	offsets.topic.compression.codec = 0
stream-state-bench-flink-kafka  | 	offsets.topic.num.partitions = 50
stream-state-bench-flink-kafka  | 	offsets.topic.replication.factor = 1
stream-state-bench-flink-kafka  | 	offsets.topic.segment.bytes = 104857600
stream-state-bench-flink-kafka  |  (org.apache.kafka.common.config.AbstractConfig)
stream-state-bench-flink-kafka  | [2026-07-17 16:59:33,487] INFO KafkaConfig values: 
stream-state-bench-flink-kafka  | 	add.partitions.to.txn.retry.backoff.max.ms = 100
stream-state-bench-flink-kafka  | 	add.partitions.to.txn.retry.backoff.ms = 20
stream-state-bench-flink-kafka  | 	advertised.listeners = [PLAINTEXT://kafka:9092]
stream-state-bench-flink-kafka  | 	alter.config.policy.class.name = null
stream-state-bench-flink-kafka  | 	alter.log.dirs.replication.quota.window.num = 11
stream-state-bench-flink-kafka  | 	alter.log.dirs.replication.quota.window.size.seconds = 1
stream-state-bench-flink-kafka  | 	authorizer.class.name = 
stream-state-bench-flink-kafka  | 	auto.create.topics.enable = false
stream-state-bench-flink-kafka  | 	auto.leader.rebalance.enable = true
stream-state-bench-flink-kafka  | 	background.threads = 10
stream-state-bench-flink-kafka  | 	broker.heartbeat.interval.ms = 2000
stream-state-bench-flink-kafka  | 	broker.id = 1
stream-state-bench-flink-kafka  | 	broker.rack = null
stream-state-bench-flink-kafka  | 	broker.session.timeout.ms = 9000
stream-state-bench-flink-kafka  | 	client.quota.callback.class = null
stream-state-bench-flink-kafka  | 	compression.gzip.level = -1
stream-state-bench-flink-kafka  | 	compression.lz4.level = 9
stream-state-bench-flink-kafka  | 	compression.type = producer
stream-state-bench-flink-kafka  | 	compression.zstd.level = 3
stream-state-bench-flink-kafka  | 	config.providers = []
stream-state-bench-flink-kafka  | 	connection.failed.authentication.delay.ms = 100
stream-state-bench-flink-kafka  | 	connections.max.idle.ms = 600000
stream-state-bench-flink-kafka  | 	connections.max.reauth.ms = 0
stream-state-bench-flink-kafka  | 	controlled.shutdown.enable = true
stream-state-bench-flink-kafka  | 	controller.listener.names = [CONTROLLER]
stream-state-bench-flink-kafka  | 	controller.performance.always.log.threshold.ms = 2000
stream-state-bench-flink-kafka  | 	controller.performance.sample.period.ms = 60000
stream-state-bench-flink-kafka  | 	controller.quorum.append.linger.ms = 25
stream-state-bench-flink-kafka  | 	controller.quorum.auto.join.enable = false
stream-state-bench-flink-kafka  | 	controller.quorum.bootstrap.servers = []
stream-state-bench-flink-kafka  | 	controller.quorum.election.backoff.max.ms = 1000
stream-state-bench-flink-kafka  | 	controller.quorum.election.timeout.ms = 1000
stream-state-bench-flink-kafka  | 	controller.quorum.fetch.max.bytes = 1048576
stream-state-bench-flink-kafka  | 	controller.quorum.fetch.snapshot.max.bytes = 1048576
stream-state-bench-flink-kafka  | 	controller.quorum.fetch.timeout.ms = 2000
stream-state-bench-flink-kafka  | 	controller.quorum.request.timeout.ms = 2000
stream-state-bench-flink-kafka  | 	controller.quorum.retry.backoff.ms = 20
stream-state-bench-flink-kafka  | 	controller.quorum.voters = [1@kafka:9093]
stream-state-bench-flink-kafka  | 	controller.quota.window.num = 11
stream-state-bench-flink-kafka  | 	controller.quota.window.size.seconds = 1
stream-state-bench-flink-kafka  | 	controller.socket.timeout.ms = 30000
stream-state-bench-flink-kafka  | 	cordoned.log.dirs = []
stream-state-bench-flink-kafka  | 	create.topic.policy.class.name = null
stream-state-bench-flink-kafka  | 	default.replication.factor = 1
stream-state-bench-flink-kafka  | 	delegation.token.expiry.check.interval.ms = 3600000
stream-state-bench-flink-kafka  | 	delegation.token.expiry.time.ms = 86400000
stream-state-bench-flink-kafka  | 	delegation.token.max.lifetime.ms = 604800000
stream-state-bench-flink-kafka  | 	delegation.token.secret.key = null
stream-state-bench-flink-kafka  | 	delete.records.purgatory.purge.interval.requests = 1
stream-state-bench-flink-kafka  | 	delete.topic.enable = true
stream-state-bench-flink-kafka  | 	early.start.listeners = null
stream-state-bench-flink-kafka  | 	fetch.max.bytes = 57671680
stream-state-bench-flink-kafka  | 	fetch.purgatory.purge.interval.requests = 1000
stream-state-bench-flink-kafka  | 	follower.fetch.last.tiered.offset.enable = false
stream-state-bench-flink-kafka  | 	group.consumer.assignment.interval.ms = 1000
stream-state-bench-flink-kafka  | 	group.consumer.assignors = [uniform, range]
stream-state-bench-flink-kafka  | 	group.consumer.heartbeat.interval.ms = 5000
stream-state-bench-flink-kafka  | 	group.consumer.max.assignment.interval.ms = 15000
stream-state-bench-flink-kafka  | 	group.consumer.max.heartbeat.interval.ms = 15000
stream-state-bench-flink-kafka  | 	group.consumer.max.session.timeout.ms = 60000
stream-state-bench-flink-kafka  | 	group.consumer.max.size = 2147483647
stream-state-bench-flink-kafka  | 	group.consumer.migration.policy = bidirectional
stream-state-bench-flink-kafka  | 	group.consumer.min.assignment.interval.ms = 0
stream-state-bench-flink-kafka  | 	group.consumer.min.heartbeat.interval.ms = 5000
stream-state-bench-flink-kafka  | 	group.consumer.min.session.timeout.ms = 45000
stream-state-bench-flink-kafka  | 	group.consumer.regex.refresh.interval.ms = 600000
stream-state-bench-flink-kafka  | 	group.consumer.session.timeout.ms = 45000
stream-state-bench-flink-kafka  | 	group.coordinator.append.linger.ms = -1
stream-state-bench-flink-kafka  | 	group.coordinator.background.threads = 2
stream-state-bench-flink-kafka  | 	group.coordinator.cached.buffer.max.bytes = 1048588
stream-state-bench-flink-kafka  | 	group.coordinator.rebalance.protocols = [classic, consumer, streams]
stream-state-bench-flink-kafka  | 	group.coordinator.threads = 4
stream-state-bench-flink-kafka  | 	group.initial.rebalance.delay.ms = 0
stream-state-bench-flink-kafka  | 	group.max.session.timeout.ms = 1800000
stream-state-bench-flink-kafka  | 	group.max.size = 2147483647
stream-state-bench-flink-kafka  | 	group.min.session.timeout.ms = 6000
stream-state-bench-flink-kafka  | 	group.share.assignment.interval.ms = 1000
stream-state-bench-flink-kafka  | 	group.share.assignors = [simple]
stream-state-bench-flink-kafka  | 	group.share.delivery.count.limit = 5
stream-state-bench-flink-kafka  | 	group.share.heartbeat.interval.ms = 5000
stream-state-bench-flink-kafka  | 	group.share.initialize.retry.interval.ms = 30000
stream-state-bench-flink-kafka  | 	group.share.max.assignment.interval.ms = 15000
stream-state-bench-flink-kafka  | 	group.share.max.delivery.count.limit = 10
stream-state-bench-flink-kafka  | 	group.share.max.heartbeat.interval.ms = 15000
stream-state-bench-flink-kafka  | 	group.share.max.partition.max.record.locks = 4000
stream-state-bench-flink-kafka  | 	group.share.max.record.lock.duration.ms = 60000
stream-state-bench-flink-kafka  | 	group.share.max.session.timeout.ms = 60000
stream-state-bench-flink-kafka  | 	group.share.max.share.sessions = 2000
stream-state-bench-flink-kafka  | 	group.share.max.size = 200
stream-state-bench-flink-kafka  | 	group.share.min.assignment.interval.ms = 0
stream-state-bench-flink-kafka  | 	group.share.min.delivery.count.limit = 2
stream-state-bench-flink-kafka  | 	group.share.min.heartbeat.interval.ms = 5000
stream-state-bench-flink-kafka  | 	group.share.min.partition.max.record.locks = 100
stream-state-bench-flink-kafka  | 	group.share.min.record.lock.duration.ms = 15000
stream-state-bench-flink-kafka  | 	group.share.min.session.timeout.ms = 45000
stream-state-bench-flink-kafka  | 	group.share.partition.max.record.locks = 2000
stream-state-bench-flink-kafka  | 	group.share.persister.class.name = org.apache.kafka.server.share.persister.DefaultStatePersister
stream-state-bench-flink-kafka  | 	group.share.record.lock.duration.ms = 30000
stream-state-bench-flink-kafka  | 	group.share.session.timeout.ms = 45000
stream-state-bench-flink-kafka  | 	group.streams.assignment.interval.ms = 1000
stream-state-bench-flink-kafka  | 	group.streams.heartbeat.interval.ms = 5000
stream-state-bench-flink-kafka  | 	group.streams.initial.rebalance.delay.ms = 3000
stream-state-bench-flink-kafka  | 	group.streams.max.assignment.interval.ms = 15000
stream-state-bench-flink-kafka  | 	group.streams.max.heartbeat.interval.ms = 15000
stream-state-bench-flink-kafka  | 	group.streams.max.session.timeout.ms = 60000
stream-state-bench-flink-kafka  | 	group.streams.max.size = 2147483647
stream-state-bench-flink-kafka  | 	group.streams.max.standby.replicas = 2
stream-state-bench-flink-kafka  | 	group.streams.min.assignment.interval.ms = 0
stream-state-bench-flink-kafka  | 	group.streams.min.heartbeat.interval.ms = 5000
stream-state-bench-flink-kafka  | 	group.streams.min.session.timeout.ms = 45000
stream-state-bench-flink-kafka  | 	group.streams.num.standby.replicas = 0
stream-state-bench-flink-kafka  | 	group.streams.session.timeout.ms = 45000
stream-state-bench-flink-kafka  | 	initial.broker.registration.timeout.ms = 60000
stream-state-bench-flink-kafka  | 	inter.broker.listener.name = null
stream-state-bench-flink-kafka  | 	internal.metadata.delete.delay.millis = 60000
stream-state-bench-flink-kafka  | 	internal.metadata.log.segment.bytes = null
stream-state-bench-flink-kafka  | 	internal.metadata.max.batch.size.in.bytes = 8388608
stream-state-bench-flink-kafka  | 	kafka.metrics.polling.interval.secs = 10
stream-state-bench-flink-kafka  | 	kafka.metrics.reporters = []
stream-state-bench-flink-kafka  | 	leader.imbalance.check.interval.seconds = 300
stream-state-bench-flink-kafka  | 	listener.security.protocol.map = CONTROLLER:PLAINTEXT,PLAINTEXT:PLAINTEXT
stream-state-bench-flink-kafka  | 	listeners = [PLAINTEXT://:9092, CONTROLLER://:9093]
stream-state-bench-flink-kafka  | 	log.cleaner.backoff.ms = 15000
stream-state-bench-flink-kafka  | 	log.cleaner.dedupe.buffer.size = 134217728
stream-state-bench-flink-kafka  | 	log.cleaner.delete.retention.ms = 86400000
stream-state-bench-flink-kafka  | 	log.cleaner.enable = true
stream-state-bench-flink-kafka  | 	log.cleaner.io.buffer.load.factor = 0.9
stream-state-bench-flink-kafka  | 	log.cleaner.io.buffer.size = 524288
stream-state-bench-flink-kafka  | 	log.cleaner.io.max.bytes.per.second = 1.7976931348623157E308
stream-state-bench-flink-kafka  | 	log.cleaner.max.compaction.lag.ms = 9223372036854775807
stream-state-bench-flink-kafka  | 	log.cleaner.min.cleanable.ratio = 0.5
stream-state-bench-flink-kafka  | 	log.cleaner.min.compaction.lag.ms = 0
stream-state-bench-flink-kafka  | 	log.cleaner.threads = 1
stream-state-bench-flink-kafka  | 	log.cleanup.policy = [delete]
stream-state-bench-flink-kafka  | 	log.dir = [/tmp/kafka-logs]
stream-state-bench-flink-kafka  | 	log.dir.failure.timeout.ms = 30000
stream-state-bench-flink-kafka  | 	log.dirs = null
stream-state-bench-flink-kafka  | 	log.flush.interval.messages = 9223372036854775807
stream-state-bench-flink-kafka  | 	log.flush.interval.ms = null
stream-state-bench-flink-kafka  | 	log.flush.offset.checkpoint.interval.ms = 60000
stream-state-bench-flink-kafka  | 	log.flush.scheduler.interval.ms = 9223372036854775807
stream-state-bench-flink-kafka  | 	log.flush.start.offset.checkpoint.interval.ms = 60000
stream-state-bench-flink-kafka  | 	log.index.interval.bytes = 4096
stream-state-bench-flink-kafka  | 	log.index.size.max.bytes = 10485760
stream-state-bench-flink-kafka  | 	log.initial.task.delay.ms = 30000
stream-state-bench-flink-kafka  | 	log.local.retention.bytes = -2
stream-state-bench-flink-kafka  | 	log.local.retention.ms = -2
stream-state-bench-flink-kafka  | 	log.message.timestamp.after.max.ms = 3600000
stream-state-bench-flink-kafka  | 	log.message.timestamp.before.max.ms = 9223372036854775807
stream-state-bench-flink-kafka  | 	log.message.timestamp.type = CreateTime
stream-state-bench-flink-kafka  | 	log.preallocate = false
stream-state-bench-flink-kafka  | 	log.retention.bytes = -1
stream-state-bench-flink-kafka  | 	log.retention.check.interval.ms = 300000
stream-state-bench-flink-kafka  | 	log.retention.hours = 168
stream-state-bench-flink-kafka  | 	log.retention.minutes = null
stream-state-bench-flink-kafka  | 	log.retention.ms = null
stream-state-bench-flink-kafka  | 	log.roll.hours = 168
stream-state-bench-flink-kafka  | 	log.roll.jitter.hours = 0
stream-state-bench-flink-kafka  | 	log.roll.jitter.ms = null
stream-state-bench-flink-kafka  | 	log.roll.ms = null
stream-state-bench-flink-kafka  | 	log.segment.bytes = 1073741824
stream-state-bench-flink-kafka  | 	log.segment.delete.delay.ms = 60000
stream-state-bench-flink-kafka  | 	max.connection.creation.rate = 2147483647
stream-state-bench-flink-kafka  | 	max.connections = 2147483647
stream-state-bench-flink-kafka  | 	max.connections.per.ip = 2147483647
stream-state-bench-flink-kafka  | 	max.connections.per.ip.overrides = 
stream-state-bench-flink-kafka  | 	max.incremental.fetch.session.cache.slots = 1000
stream-state-bench-flink-kafka  | 	max.request.partition.size.limit = 2000
stream-state-bench-flink-kafka  | 	message.max.bytes = 1048588
stream-state-bench-flink-kafka  | 	metadata.log.dir = null
stream-state-bench-flink-kafka  | 	metadata.log.max.record.bytes.between.snapshots = 20971520
stream-state-bench-flink-kafka  | 	metadata.log.max.snapshot.interval.ms = 3600000
stream-state-bench-flink-kafka  | 	metadata.log.segment.bytes = 1073741824
stream-state-bench-flink-kafka  | 	metadata.log.segment.ms = 604800000
stream-state-bench-flink-kafka  | 	metadata.max.idle.interval.ms = 500
stream-state-bench-flink-kafka  | 	metadata.max.retention.bytes = 104857600
stream-state-bench-flink-kafka  | 	metadata.max.retention.ms = 604800000
stream-state-bench-flink-kafka  | 	metric.reporters = [org.apache.kafka.common.metrics.JmxReporter]
stream-state-bench-flink-kafka  | 	metrics.num.samples = 2
stream-state-bench-flink-kafka  | 	metrics.recording.level = INFO
stream-state-bench-flink-kafka  | 	metrics.sample.window.ms = 30000
stream-state-bench-flink-kafka  | 	min.insync.replicas = 1
stream-state-bench-flink-kafka  | 	node.id = 1
stream-state-bench-flink-kafka  | 	num.io.threads = 8
stream-state-bench-flink-kafka  | 	num.network.threads = 3
stream-state-bench-flink-kafka  | 	num.partitions = 1
stream-state-bench-flink-kafka  | 	num.recovery.threads.per.data.dir = 2
stream-state-bench-flink-kafka  | 	num.replica.alter.log.dirs.threads = null
stream-state-bench-flink-kafka  | 	num.replica.fetchers = 1
stream-state-bench-flink-kafka  | 	offset.metadata.max.bytes = 4096
stream-state-bench-flink-kafka  | 	offsets.commit.timeout.ms = 5000
stream-state-bench-flink-kafka  | 	offsets.load.buffer.size = 5242880
stream-state-bench-flink-kafka  | 	offsets.retention.check.interval.ms = 600000
stream-state-bench-flink-kafka  | 	offsets.retention.minutes = 10080
stream-state-bench-flink-kafka  | 	offsets.topic.compression.codec = 0
stream-state-bench-flink-kafka  | 	offsets.topic.num.partitions = 50
stream-state-bench-flink-kafka  | 	offsets.topic.replication.factor = 1
stream-state-bench-flink-kafka  | 	offsets.topic.segment.bytes = 104857600
stream-state-bench-flink-kafka  | 	principal.builder.class = class org.apache.kafka.common.security.authenticator.DefaultKafkaPrincipalBuilder
stream-state-bench-flink-kafka  | 	process.roles = [broker, controller]
stream-state-bench-flink-kafka  | 	producer.id.expiration.check.interval.ms = 600000
stream-state-bench-flink-kafka  | 	producer.id.expiration.ms = 86400000
stream-state-bench-flink-kafka  | 	producer.purgatory.purge.interval.requests = 1000
stream-state-bench-flink-kafka  | 	queued.max.request.bytes = -1
stream-state-bench-flink-kafka  | 	queued.max.requests = 500
stream-state-bench-flink-kafka  | 	quota.window.num = 11
stream-state-bench-flink-kafka  | 	quota.window.size.seconds = 1
stream-state-bench-flink-kafka  | 	remote.fetch.max.wait.ms = 500
stream-state-bench-flink-kafka  | 	remote.list.offsets.request.timeout.ms = 30000
stream-state-bench-flink-kafka  | 	remote.log.index.file.cache.total.size.bytes = 1073741824
stream-state-bench-flink-kafka  | 	remote.log.index.file.cache.ttl.ms = 900000
stream-state-bench-flink-kafka  | 	remote.log.manager.copier.thread.pool.size = 10
stream-state-bench-flink-kafka  | 	remote.log.manager.copy.max.bytes.per.second = 9223372036854775807
stream-state-bench-flink-kafka  | 	remote.log.manager.copy.quota.window.num = 11
stream-state-bench-flink-kafka  | 	remote.log.manager.copy.quota.window.size.seconds = 1
stream-state-bench-flink-kafka  | 	remote.log.manager.expiration.thread.pool.size = 10
stream-state-bench-flink-kafka  | 	remote.log.manager.fetch.max.bytes.per.second = 9223372036854775807
stream-state-bench-flink-kafka  | 	remote.log.manager.fetch.quota.window.num = 11
stream-state-bench-flink-kafka  | 	remote.log.manager.fetch.quota.window.size.seconds = 1
stream-state-bench-flink-kafka  | 	remote.log.manager.follower.thread.pool.size = 2
stream-state-bench-flink-kafka  | 	remote.log.manager.task.interval.ms = 30000
stream-state-bench-flink-kafka  | 	remote.log.manager.task.retry.backoff.max.ms = 30000
stream-state-bench-flink-kafka  | 	remote.log.manager.task.retry.backoff.ms = 500
stream-state-bench-flink-kafka  | 	remote.log.manager.task.retry.jitter = 0.2
stream-state-bench-flink-kafka  | 	remote.log.manager.thread.pool.size = 2
stream-state-bench-flink-kafka  | 	remote.log.metadata.custom.metadata.max.bytes = 128
stream-state-bench-flink-kafka  | 	remote.log.metadata.manager.class.name = org.apache.kafka.server.log.remote.metadata.storage.TopicBasedRemoteLogMetadataManager
stream-state-bench-flink-kafka  | 	remote.log.metadata.manager.class.path = null
stream-state-bench-flink-kafka  | 	remote.log.metadata.manager.impl.prefix = rlmm.config.
stream-state-bench-flink-kafka  | 	remote.log.metadata.manager.listener.name = null
stream-state-bench-flink-kafka  | 	remote.log.reader.max.pending.tasks = 100
stream-state-bench-flink-kafka  | 	remote.log.reader.threads = 10
stream-state-bench-flink-kafka  | 	remote.log.storage.manager.class.name = null
stream-state-bench-flink-kafka  | 	remote.log.storage.manager.class.path = null
stream-state-bench-flink-kafka  | 	remote.log.storage.manager.impl.prefix = rsm.config.
stream-state-bench-flink-kafka  | 	remote.log.storage.system.enable = false
stream-state-bench-flink-kafka  | 	replica.fetch.backoff.ms = 1000
stream-state-bench-flink-kafka  | 	replica.fetch.max.bytes = 1048576
stream-state-bench-flink-kafka  | 	replica.fetch.min.bytes = 1
stream-state-bench-flink-kafka  | 	replica.fetch.response.max.bytes = 10485760
stream-state-bench-flink-kafka  | 	replica.fetch.wait.max.ms = 500
stream-state-bench-flink-kafka  | 	replica.high.watermark.checkpoint.interval.ms = 5000
stream-state-bench-flink-kafka  | 	replica.lag.time.max.ms = 30000
stream-state-bench-flink-kafka  | 	replica.selector.class = null
stream-state-bench-flink-kafka  | 	replica.socket.receive.buffer.bytes = 65536
stream-state-bench-flink-kafka  | 	replica.socket.timeout.ms = 30000
stream-state-bench-flink-kafka  | 	replication.quota.window.num = 11
stream-state-bench-flink-kafka  | 	replication.quota.window.size.seconds = 1
stream-state-bench-flink-kafka  | 	request.timeout.ms = 30000
stream-state-bench-flink-kafka  | 	sasl.client.callback.handler.class = null
stream-state-bench-flink-kafka  | 	sasl.enabled.mechanisms = [GSSAPI]
stream-state-bench-flink-kafka  | 	sasl.jaas.config = null
stream-state-bench-flink-kafka  | 	sasl.kerberos.kinit.cmd = /usr/bin/kinit
stream-state-bench-flink-kafka  | 	sasl.kerberos.min.time.before.relogin = 60000
stream-state-bench-flink-kafka  | 	sasl.kerberos.principal.to.local.rules = [DEFAULT]
stream-state-bench-flink-kafka  | 	sasl.kerberos.service.name = null
stream-state-bench-flink-kafka  | 	sasl.kerberos.ticket.renew.jitter = 0.05
stream-state-bench-flink-kafka  | 	sasl.kerberos.ticket.renew.window.factor = 0.8
stream-state-bench-flink-kafka  | 	sasl.login.callback.handler.class = null
stream-state-bench-flink-kafka  | 	sasl.login.class = null
stream-state-bench-flink-kafka  | 	sasl.login.connect.timeout.ms = null
stream-state-bench-flink-kafka  | 	sasl.login.read.timeout.ms = null
stream-state-bench-flink-kafka  | 	sasl.login.refresh.buffer.seconds = 300
stream-state-bench-flink-kafka  | 	sasl.login.refresh.min.period.seconds = 60
stream-state-bench-flink-kafka  | 	sasl.login.refresh.window.factor = 0.8
stream-state-bench-flink-kafka  | 	sasl.login.refresh.window.jitter = 0.05
stream-state-bench-flink-kafka  | 	sasl.login.retry.backoff.max.ms = 10000
stream-state-bench-flink-kafka  | 	sasl.login.retry.backoff.ms = 100
stream-state-bench-flink-kafka  | 	sasl.mechanism.controller.protocol = GSSAPI
stream-state-bench-flink-kafka  | 	sasl.mechanism.inter.broker.protocol = GSSAPI
stream-state-bench-flink-kafka  | 	sasl.oauthbearer.assertion.algorithm = RS256
stream-state-bench-flink-kafka  | 	sasl.oauthbearer.assertion.claim.aud = null
stream-state-bench-flink-kafka  | 	sasl.oauthbearer.assertion.claim.exp.seconds = 300
stream-state-bench-flink-kafka  | 	sasl.oauthbearer.assertion.claim.iss = null
stream-state-bench-flink-kafka  | 	sasl.oauthbearer.assertion.claim.jti.include = false
stream-state-bench-flink-kafka  | 	sasl.oauthbearer.assertion.claim.nbf.seconds = 60
stream-state-bench-flink-kafka  | 	sasl.oauthbearer.assertion.claim.sub = null
stream-state-bench-flink-kafka  | 	sasl.oauthbearer.assertion.file = null
stream-state-bench-flink-kafka  | 	sasl.oauthbearer.assertion.private.key.file = null
stream-state-bench-flink-kafka  | 	sasl.oauthbearer.assertion.private.key.passphrase = null
stream-state-bench-flink-kafka  | 	sasl.oauthbearer.assertion.template.file = null
stream-state-bench-flink-kafka  | 	sasl.oauthbearer.client.credentials.client.id = null
stream-state-bench-flink-kafka  | 	sasl.oauthbearer.client.credentials.client.secret = null
stream-state-bench-flink-kafka  | 	sasl.oauthbearer.clock.skew.seconds = 30
stream-state-bench-flink-kafka  | 	sasl.oauthbearer.expected.audience = []
stream-state-bench-flink-kafka  | 	sasl.oauthbearer.expected.issuer = null
stream-state-bench-flink-kafka  | 	sasl.oauthbearer.jwks.endpoint.refresh.ms = 3600000
stream-state-bench-flink-kafka  | 	sasl.oauthbearer.jwks.endpoint.retry.backoff.max.ms = 10000
stream-state-bench-flink-kafka  | 	sasl.oauthbearer.jwks.endpoint.retry.backoff.ms = 100
stream-state-bench-flink-kafka  | 	sasl.oauthbearer.jwks.endpoint.url = null
stream-state-bench-flink-kafka  | 	sasl.oauthbearer.jwt.retriever.class = class org.apache.kafka.common.security.oauthbearer.DefaultJwtRetriever
stream-state-bench-flink-kafka  | 	sasl.oauthbearer.jwt.validator.class = class org.apache.kafka.common.security.oauthbearer.DefaultJwtValidator
stream-state-bench-flink-kafka  | 	sasl.oauthbearer.scope = null
stream-state-bench-flink-kafka  | 	sasl.oauthbearer.scope.claim.name = scope
stream-state-bench-flink-kafka  | 	sasl.oauthbearer.sub.claim.name = sub
stream-state-bench-flink-kafka  | 	sasl.oauthbearer.token.endpoint.url = null
stream-state-bench-flink-kafka  | 	sasl.server.callback.handler.class = null
stream-state-bench-flink-kafka  | 	sasl.server.max.receive.size = 524288
stream-state-bench-flink-kafka  | 	security.inter.broker.protocol = PLAINTEXT
stream-state-bench-flink-kafka  | 	security.providers = null
stream-state-bench-flink-kafka  | 	server.max.startup.time.ms = 9223372036854775807
stream-state-bench-flink-kafka  | 	share.coordinator.append.linger.ms = -1
stream-state-bench-flink-kafka  | 	share.coordinator.cached.buffer.max.bytes = 1048588
stream-state-bench-flink-kafka  | 	share.coordinator.cold.partition.snapshot.interval.ms = 300000
stream-state-bench-flink-kafka  | 	share.coordinator.load.buffer.size = 5242880
stream-state-bench-flink-kafka  | 	share.coordinator.snapshot.update.records.per.snapshot = 500
stream-state-bench-flink-kafka  | 	share.coordinator.state.topic.compression.codec = 0
stream-state-bench-flink-kafka  | 	share.coordinator.state.topic.min.isr = 2
stream-state-bench-flink-kafka  | 	share.coordinator.state.topic.num.partitions = 50
stream-state-bench-flink-kafka  | 	share.coordinator.state.topic.prune.interval.ms = 300000
stream-state-bench-flink-kafka  | 	share.coordinator.state.topic.replication.factor = 3
stream-state-bench-flink-kafka  | 	share.coordinator.state.topic.segment.bytes = 104857600
stream-state-bench-flink-kafka  | 	share.coordinator.threads = 1
stream-state-bench-flink-kafka  | 	share.coordinator.write.timeout.ms = 5000
stream-state-bench-flink-kafka  | 	share.fetch.purgatory.purge.interval.requests = 1000
stream-state-bench-flink-kafka  | 	socket.connection.setup.timeout.max.ms = 30000
stream-state-bench-flink-kafka  | 	socket.connection.setup.timeout.ms = 10000
stream-state-bench-flink-kafka  | 	socket.listen.backlog.size = 50
stream-state-bench-flink-kafka  | 	socket.receive.buffer.bytes = 102400
stream-state-bench-flink-kafka  | 	socket.request.max.bytes = 104857600
stream-state-bench-flink-kafka  | 	socket.send.buffer.bytes = 102400
stream-state-bench-flink-kafka  | 	ssl.allow.dn.changes = false
stream-state-bench-flink-kafka  | 	ssl.allow.san.changes = false
stream-state-bench-flink-kafka  | 	ssl.cipher.suites = []
stream-state-bench-flink-kafka  | 	ssl.client.auth = none
stream-state-bench-flink-kafka  | 	ssl.enabled.protocols = [TLSv1.2, TLSv1.3]
stream-state-bench-flink-kafka  | 	ssl.endpoint.identification.algorithm = https
stream-state-bench-flink-kafka  | 	ssl.engine.factory.class = null
stream-state-bench-flink-kafka  | 	ssl.key.password = null
stream-state-bench-flink-kafka  | 	ssl.keymanager.algorithm = SunX509
stream-state-bench-flink-kafka  | 	ssl.keystore.certificate.chain = null
stream-state-bench-flink-kafka  | 	ssl.keystore.key = null
stream-state-bench-flink-kafka  | 	ssl.keystore.location = null
stream-state-bench-flink-kafka  | 	ssl.keystore.password = null
stream-state-bench-flink-kafka  | 	ssl.keystore.type = JKS
stream-state-bench-flink-kafka  | 	ssl.principal.mapping.rules = DEFAULT
stream-state-bench-flink-kafka  | 	ssl.protocol = TLSv1.3
stream-state-bench-flink-kafka  | 	ssl.provider = null
stream-state-bench-flink-kafka  | 	ssl.secure.random.implementation = null
stream-state-bench-flink-kafka  | 	ssl.trustmanager.algorithm = PKIX
stream-state-bench-flink-kafka  | 	ssl.truststore.certificates = null
stream-state-bench-flink-kafka  | 	ssl.truststore.location = null
stream-state-bench-flink-kafka  | 	ssl.truststore.password = null
stream-state-bench-flink-kafka  | 	ssl.truststore.type = JKS
stream-state-bench-flink-kafka  | 	telemetry.max.bytes = 1048576
stream-state-bench-flink-kafka  | 	transaction.abort.timed.out.transaction.cleanup.interval.ms = 10000
stream-state-bench-flink-kafka  | 	transaction.max.timeout.ms = 900000
stream-state-bench-flink-kafka  | 	transaction.partition.verification.enable = true
stream-state-bench-flink-kafka  | 	transaction.remove.expired.transaction.cleanup.interval.ms = 3600000
stream-state-bench-flink-kafka  | 	transaction.state.log.load.buffer.size = 5242880
stream-state-bench-flink-kafka  | 	transaction.state.log.min.isr = 1
stream-state-bench-flink-kafka  | 	transaction.state.log.num.partitions = 50
stream-state-bench-flink-kafka  | 	transaction.state.log.replication.factor = 1
stream-state-bench-flink-kafka  | 	transaction.state.log.segment.bytes = 104857600
stream-state-bench-flink-kafka  | 	transaction.two.phase.commit.enable = false
stream-state-bench-flink-kafka  | 	transactional.id.expiration.ms = 604800000
stream-state-bench-flink-kafka  | 	unclean.leader.election.enable = false
stream-state-bench-flink-kafka  | 	unclean.leader.election.interval.ms = 300000
stream-state-bench-flink-kafka  | 	unstable.api.versions.enable = false
stream-state-bench-flink-kafka  | 	unstable.feature.versions.enable = false
stream-state-bench-flink-kafka  |  (org.apache.kafka.common.config.AbstractConfig)
stream-state-bench-flink-kafka  | [2026-07-17 16:59:33,494] INFO [MetadataLoader id=1] InitializeNewPublishers: initializing DynamicClientQuotaPublisher controller id=1 with a snapshot at offset 9 (org.apache.kafka.image.loader.MetadataLoader)
stream-state-bench-flink-kafka  | [2026-07-17 16:59:33,495] INFO [ControllerRegistrationManager id=1 incarnation=qhppLNA2SBOEEu9eL574LA] sendControllerRegistration: attempting to send ControllerRegistrationRequestData(controllerId=1, incarnationId=qhppLNA2SBOEEu9eL574LA, zkMigrationReady=false, listeners=[Listener(name='CONTROLLER', host='kafka', port=9093, securityProtocol=0)], features=[Feature(name='group.version', minSupportedVersion=0, maxSupportedVersion=1), Feature(name='kraft.version', minSupportedVersion=0, maxSupportedVersion=1), Feature(name='metadata.version', minSupportedVersion=7, maxSupportedVersion=30), Feature(name='share.version', minSupportedVersion=0, maxSupportedVersion=1), Feature(name='streams.version', minSupportedVersion=0, maxSupportedVersion=1), Feature(name='transaction.version', minSupportedVersion=0, maxSupportedVersion=2), Feature(name='eligible.leader.replicas.version', minSupportedVersion=0, maxSupportedVersion=1)]) (kafka.server.ControllerRegistrationManager)
stream-state-bench-flink-kafka  | [2026-07-17 16:59:33,495] INFO [MetadataLoader id=1] InitializeNewPublishers: initializing DynamicTopicClusterQuotaPublisher controller id=1 with a snapshot at offset 9 (org.apache.kafka.image.loader.MetadataLoader)
stream-state-bench-flink-kafka  | [2026-07-17 16:59:33,495] INFO [MetadataLoader id=1] InitializeNewPublishers: initializing ScramPublisher controller id=1 with a snapshot at offset 9 (org.apache.kafka.image.loader.MetadataLoader)
stream-state-bench-flink-kafka  | [2026-07-17 16:59:33,495] INFO [MetadataLoader id=1] InitializeNewPublishers: initializing DelegationTokenPublisher controller id=1 with a snapshot at offset 9 (org.apache.kafka.image.loader.MetadataLoader)
stream-state-bench-flink-kafka  | [2026-07-17 16:59:33,495] INFO [MetadataLoader id=1] InitializeNewPublishers: initializing ControllerMetadataMetricsPublisher with a snapshot at offset 9 (org.apache.kafka.image.loader.MetadataLoader)
stream-state-bench-flink-kafka  | [2026-07-17 16:59:33,495] INFO [MetadataLoader id=1] InitializeNewPublishers: initializing AclPublisher controller id=1 with a snapshot at offset 9 (org.apache.kafka.image.loader.MetadataLoader)
stream-state-bench-flink-kafka  | [2026-07-17 16:59:33,507] INFO Updated connection-accept-rate max connection creation rate to 2147483647 (kafka.network.ConnectionQuotas)
stream-state-bench-flink-kafka  | [2026-07-17 16:59:33,509] INFO [SocketServer listenerType=BROKER, nodeId=1] Created data-plane acceptor and processors for endpoint : ListenerName(PLAINTEXT) (kafka.network.SocketServer)
stream-state-bench-flink-kafka  | [2026-07-17 16:59:33,512] INFO [broker-1-to-controller-alter-partition-channel-manager]: Starting (org.apache.kafka.server.NodeToControllerRequestThread)
stream-state-bench-flink-kafka  | [2026-07-17 16:59:33,512] INFO Recorded new KRaft controller, from now on will use node kafka:9093 (id: 1 rack: null isFenced: false) (org.apache.kafka.server.NodeToControllerRequestThread)
stream-state-bench-flink-kafka  | [2026-07-17 16:59:33,515] INFO [broker-1-to-controller-directory-assignments-channel-manager]: Starting (org.apache.kafka.server.NodeToControllerRequestThread)
stream-state-bench-flink-kafka  | [2026-07-17 16:59:33,516] INFO Recorded new KRaft controller, from now on will use node kafka:9093 (id: 1 rack: null isFenced: false) (org.apache.kafka.server.NodeToControllerRequestThread)
stream-state-bench-flink-kafka  | [2026-07-17 16:59:33,519] INFO [ExpirationReaper-1-Produce]: Starting (org.apache.kafka.server.purgatory.DelayedOperationPurgatory$ExpiredOperationReaper)
stream-state-bench-flink-kafka  | [2026-07-17 16:59:33,520] INFO [ExpirationReaper-1-Fetch]: Starting (org.apache.kafka.server.purgatory.DelayedOperationPurgatory$ExpiredOperationReaper)
stream-state-bench-flink-kafka  | [2026-07-17 16:59:33,520] INFO [ExpirationReaper-1-DeleteRecords]: Starting (org.apache.kafka.server.purgatory.DelayedOperationPurgatory$ExpiredOperationReaper)
stream-state-bench-flink-kafka  | [2026-07-17 16:59:33,520] INFO [ExpirationReaper-1-RemoteFetch]: Starting (org.apache.kafka.server.purgatory.DelayedOperationPurgatory$ExpiredOperationReaper)
stream-state-bench-flink-kafka  | [2026-07-17 16:59:33,521] INFO [ExpirationReaper-1-RemoteListOffsets]: Starting (org.apache.kafka.server.purgatory.DelayedOperationPurgatory$ExpiredOperationReaper)
stream-state-bench-flink-kafka  | [2026-07-17 16:59:33,521] INFO [ExpirationReaper-1-ShareFetch]: Starting (org.apache.kafka.server.purgatory.DelayedOperationPurgatory$ExpiredOperationReaper)
stream-state-bench-flink-kafka  | [2026-07-17 16:59:33,526] INFO [share-coordinator-reaper]: Starting (org.apache.kafka.server.util.timer.SystemTimerReaper$Reaper)
stream-state-bench-flink-kafka  | [2026-07-17 16:59:33,531] INFO [share-coordinator-event-processor-0]: Starting (org.apache.kafka.coordinator.common.runtime.MultiThreadedEventProcessor$EventProcessorThread)
stream-state-bench-flink-kafka  | [2026-07-17 16:59:33,534] INFO [persister-state-manager-reaper]: Starting (org.apache.kafka.server.util.timer.SystemTimerReaper$Reaper)
stream-state-bench-flink-kafka  | [2026-07-17 16:59:33,534] INFO [PersisterStateManager]: Starting (org.apache.kafka.server.share.persister.PersisterStateManager$SendThread)
stream-state-bench-flink-kafka  | [2026-07-17 16:59:33,534] INFO [network-partition-metadata-client-reaper]: Starting (org.apache.kafka.server.util.timer.SystemTimerReaper$Reaper)
stream-state-bench-flink-kafka  | [2026-07-17 16:59:33,535] INFO [group-coordinator-reaper]: Starting (org.apache.kafka.server.util.timer.SystemTimerReaper$Reaper)
stream-state-bench-flink-kafka  | [2026-07-17 16:59:33,538] INFO [group-coordinator-event-processor-0]: Starting (org.apache.kafka.coordinator.common.runtime.MultiThreadedEventProcessor$EventProcessorThread)
stream-state-bench-flink-kafka  | [2026-07-17 16:59:33,538] INFO [group-coordinator-event-processor-1]: Starting (org.apache.kafka.coordinator.common.runtime.MultiThreadedEventProcessor$EventProcessorThread)
stream-state-bench-flink-kafka  | [2026-07-17 16:59:33,538] INFO [group-coordinator-event-processor-2]: Starting (org.apache.kafka.coordinator.common.runtime.MultiThreadedEventProcessor$EventProcessorThread)
stream-state-bench-flink-kafka  | [2026-07-17 16:59:33,538] INFO [group-coordinator-event-processor-3]: Starting (org.apache.kafka.coordinator.common.runtime.MultiThreadedEventProcessor$EventProcessorThread)
stream-state-bench-flink-kafka  | [2026-07-17 16:59:33,544] INFO [ControllerRegistrationManager id=1 incarnation=qhppLNA2SBOEEu9eL574LA] Our registration has been persisted to the metadata log. (kafka.server.ControllerRegistrationManager)
stream-state-bench-flink-kafka  | [2026-07-17 16:59:33,544] INFO Unable to read the broker epoch in /tmp/kafka-logs. (kafka.log.LogManager)
stream-state-bench-flink-kafka  | [2026-07-17 16:59:33,545] INFO [broker-1-to-controller-heartbeat-channel-manager]: Starting (org.apache.kafka.server.NodeToControllerRequestThread)
stream-state-bench-flink-kafka  | [2026-07-17 16:59:33,545] INFO Recorded new KRaft controller, from now on will use node kafka:9093 (id: 1 rack: null isFenced: false) (org.apache.kafka.server.NodeToControllerRequestThread)
stream-state-bench-flink-kafka  | [2026-07-17 16:59:33,546] INFO [ControllerRegistrationManager id=1 incarnation=qhppLNA2SBOEEu9eL574LA] RegistrationResponseHandler: controller acknowledged ControllerRegistrationRequest. (kafka.server.ControllerRegistrationManager)
stream-state-bench-flink-kafka  | [2026-07-17 16:59:33,546] INFO [BrokerLifecycleManager id=1] Incarnation HmmpGp3VRTKV3KrASkFIGw of broker 1 in cluster MkU3OEVBNTcwNTJENDM2Qk is now STARTING. (org.apache.kafka.server.BrokerLifecycleManager)
stream-state-bench-flink-kafka  | [2026-07-17 16:59:33,548] INFO [share-group-lock-timeout-reaper]: Starting (org.apache.kafka.server.util.timer.SystemTimerReaper$Reaper)
stream-state-bench-flink-kafka  | [2026-07-17 16:59:33,550] INFO [ExpirationReaper-1-AlterAcls]: Starting (org.apache.kafka.server.purgatory.DelayedOperationPurgatory$ExpiredOperationReaper)
stream-state-bench-flink-kafka  | [2026-07-17 16:59:33,558] INFO [BrokerServer id=1] Waiting for the broker metadata publishers to be installed (kafka.server.BrokerServer)
stream-state-bench-flink-kafka  | [2026-07-17 16:59:33,558] INFO [MetadataLoader id=1] InitializeNewPublishers: initializing MetadataVersionPublisher(id=1) with a snapshot at offset 10 (org.apache.kafka.image.loader.MetadataLoader)
stream-state-bench-flink-kafka  | [2026-07-17 16:59:33,558] INFO [MetadataLoader id=1] InitializeNewPublishers: initializing BrokerMetadataPublisher with a snapshot at offset 10 (org.apache.kafka.image.loader.MetadataLoader)
stream-state-bench-flink-kafka  | [2026-07-17 16:59:33,559] INFO [BrokerServer id=1] Finished waiting for the broker metadata publishers to be installed (kafka.server.BrokerServer)
stream-state-bench-flink-kafka  | [2026-07-17 16:59:33,559] INFO [BrokerServer id=1] Waiting for the controller to acknowledge that we are caught up (kafka.server.BrokerServer)
stream-state-bench-flink-kafka  | [2026-07-17 16:59:33,560] INFO [BrokerMetadataPublisher id=1] Publishing initial metadata at offset OffsetAndEpoch[offset=10, epoch=1] with metadata.version Optional[4.3-IV0]. (kafka.server.metadata.BrokerMetadataPublisher)
stream-state-bench-flink-kafka  | [2026-07-17 16:59:33,561] INFO Loading logs from log dirs ArrayBuffer(/tmp/kafka-logs) (kafka.log.LogManager)
stream-state-bench-flink-kafka  | [2026-07-17 16:59:33,563] INFO No logs found to be loaded in /tmp/kafka-logs (kafka.log.LogManager)
stream-state-bench-flink-kafka  | [2026-07-17 16:59:33,569] INFO Loaded 0 logs in 6ms (kafka.log.LogManager)
stream-state-bench-flink-kafka  | [2026-07-17 16:59:33,569] INFO Starting log cleanup with a period of 300000 ms. (kafka.log.LogManager)
stream-state-bench-flink-kafka  | [2026-07-17 16:59:33,570] INFO Starting log flusher with a default period of 9223372036854775807 ms. (kafka.log.LogManager)
stream-state-bench-flink-kafka  | [2026-07-17 16:59:33,582] INFO [BrokerLifecycleManager id=1] Successfully registered broker 1 with broker epoch 11 (org.apache.kafka.server.BrokerLifecycleManager)
stream-state-bench-flink-kafka  | [2026-07-17 16:59:33,640] INFO [LogDirFailureHandler]: Starting (kafka.server.ReplicaManager$LogDirFailureHandler)
stream-state-bench-flink-kafka  | [2026-07-17 16:59:33,640] INFO [AddPartitionsToTxnSenderThread-1]: Starting (org.apache.kafka.server.transaction.AddPartitionsToTxnManager)
stream-state-bench-flink-kafka  | [2026-07-17 16:59:33,640] INFO [GroupCoordinator id=1] Starting up. (org.apache.kafka.coordinator.group.GroupCoordinatorService)
stream-state-bench-flink-kafka  | [2026-07-17 16:59:33,640] INFO [GroupCoordinator id=1] Startup complete. (org.apache.kafka.coordinator.group.GroupCoordinatorService)
stream-state-bench-flink-kafka  | [2026-07-17 16:59:33,641] INFO [TransactionCoordinator id=1] Starting up. (kafka.coordinator.transaction.TransactionCoordinator)
stream-state-bench-flink-kafka  | [2026-07-17 16:59:33,641] INFO [TxnMarkerSenderThread-1]: Starting (kafka.coordinator.transaction.TransactionMarkerChannelManager)
stream-state-bench-flink-kafka  | [2026-07-17 16:59:33,641] INFO [TransactionCoordinator id=1] Startup complete. (kafka.coordinator.transaction.TransactionCoordinator)
stream-state-bench-flink-kafka  | [2026-07-17 16:59:33,642] INFO [ShareCoordinator id=1] Starting up. (org.apache.kafka.coordinator.share.ShareCoordinatorService)
stream-state-bench-flink-kafka  | [2026-07-17 16:59:33,642] INFO [ShareCoordinator id=1] Startup complete. (org.apache.kafka.coordinator.share.ShareCoordinatorService)
stream-state-bench-flink-kafka  | [2026-07-17 16:59:33,644] INFO [DynamicConfigPublisher broker id=1] Updating cluster configuration : min.insync.replicas -> 1 (kafka.server.metadata.DynamicConfigPublisher)
stream-state-bench-flink-kafka  | [2026-07-17 16:59:33,645] INFO AbstractConfig values: 
stream-state-bench-flink-kafka  | 	group.consumer.assignment.interval.ms = 1000
stream-state-bench-flink-kafka  | 	group.consumer.assignors = [uniform, range]
stream-state-bench-flink-kafka  | 	group.consumer.heartbeat.interval.ms = 5000
stream-state-bench-flink-kafka  | 	group.consumer.max.assignment.interval.ms = 15000
stream-state-bench-flink-kafka  | 	group.consumer.max.heartbeat.interval.ms = 15000
stream-state-bench-flink-kafka  | 	group.consumer.max.session.timeout.ms = 60000
stream-state-bench-flink-kafka  | 	group.consumer.max.size = 2147483647
stream-state-bench-flink-kafka  | 	group.consumer.migration.policy = bidirectional
stream-state-bench-flink-kafka  | 	group.consumer.min.assignment.interval.ms = 0
stream-state-bench-flink-kafka  | 	group.consumer.min.heartbeat.interval.ms = 5000
stream-state-bench-flink-kafka  | 	group.consumer.min.session.timeout.ms = 45000
stream-state-bench-flink-kafka  | 	group.consumer.regex.refresh.interval.ms = 600000
stream-state-bench-flink-kafka  | 	group.consumer.session.timeout.ms = 45000
stream-state-bench-flink-kafka  | 	group.coordinator.append.linger.ms = -1
stream-state-bench-flink-kafka  | 	group.coordinator.background.threads = 2
stream-state-bench-flink-kafka  | 	group.coordinator.cached.buffer.max.bytes = 1048588
stream-state-bench-flink-kafka  | 	group.coordinator.rebalance.protocols = [classic, consumer, streams]
stream-state-bench-flink-kafka  | 	group.coordinator.threads = 4
stream-state-bench-flink-kafka  | 	group.initial.rebalance.delay.ms = 0
stream-state-bench-flink-kafka  | 	group.max.session.timeout.ms = 1800000
stream-state-bench-flink-kafka  | 	group.max.size = 2147483647
stream-state-bench-flink-kafka  | 	group.min.session.timeout.ms = 6000
stream-state-bench-flink-kafka  | 	group.share.assignment.interval.ms = 1000
stream-state-bench-flink-kafka  | 	group.share.assignors = [simple]
stream-state-bench-flink-kafka  | 	group.share.heartbeat.interval.ms = 5000
stream-state-bench-flink-kafka  | 	group.share.initialize.retry.interval.ms = 30000
stream-state-bench-flink-kafka  | 	group.share.max.assignment.interval.ms = 15000
stream-state-bench-flink-kafka  | 	group.share.max.heartbeat.interval.ms = 15000
stream-state-bench-flink-kafka  | 	group.share.max.session.timeout.ms = 60000
stream-state-bench-flink-kafka  | 	group.share.max.size = 200
stream-state-bench-flink-kafka  | 	group.share.min.assignment.interval.ms = 0
stream-state-bench-flink-kafka  | 	group.share.min.heartbeat.interval.ms = 5000
stream-state-bench-flink-kafka  | 	group.share.min.session.timeout.ms = 45000
stream-state-bench-flink-kafka  | 	group.share.session.timeout.ms = 45000
stream-state-bench-flink-kafka  | 	group.streams.assignment.interval.ms = 1000
stream-state-bench-flink-kafka  | 	group.streams.heartbeat.interval.ms = 5000
stream-state-bench-flink-kafka  | 	group.streams.initial.rebalance.delay.ms = 3000
stream-state-bench-flink-kafka  | 	group.streams.max.assignment.interval.ms = 15000
stream-state-bench-flink-kafka  | 	group.streams.max.heartbeat.interval.ms = 15000
stream-state-bench-flink-kafka  | 	group.streams.max.session.timeout.ms = 60000
stream-state-bench-flink-kafka  | 	group.streams.max.size = 2147483647
stream-state-bench-flink-kafka  | 	group.streams.max.standby.replicas = 2
stream-state-bench-flink-kafka  | 	group.streams.min.assignment.interval.ms = 0
stream-state-bench-flink-kafka  | 	group.streams.min.heartbeat.interval.ms = 5000
stream-state-bench-flink-kafka  | 	group.streams.min.session.timeout.ms = 45000
stream-state-bench-flink-kafka  | 	group.streams.num.standby.replicas = 0
stream-state-bench-flink-kafka  | 	group.streams.session.timeout.ms = 45000
stream-state-bench-flink-kafka  | 	offset.metadata.max.bytes = 4096
stream-state-bench-flink-kafka  | 	offsets.commit.timeout.ms = 5000
stream-state-bench-flink-kafka  | 	offsets.load.buffer.size = 5242880
stream-state-bench-flink-kafka  | 	offsets.retention.check.interval.ms = 600000
stream-state-bench-flink-kafka  | 	offsets.retention.minutes = 10080
stream-state-bench-flink-kafka  | 	offsets.topic.compression.codec = 0
stream-state-bench-flink-kafka  | 	offsets.topic.num.partitions = 50
stream-state-bench-flink-kafka  | 	offsets.topic.replication.factor = 1
stream-state-bench-flink-kafka  | 	offsets.topic.segment.bytes = 104857600
stream-state-bench-flink-kafka  |  (org.apache.kafka.common.config.AbstractConfig)
stream-state-bench-flink-kafka  | [2026-07-17 16:59:33,646] INFO KafkaConfig values: 
stream-state-bench-flink-kafka  | 	add.partitions.to.txn.retry.backoff.max.ms = 100
stream-state-bench-flink-kafka  | 	add.partitions.to.txn.retry.backoff.ms = 20
stream-state-bench-flink-kafka  | 	advertised.listeners = [PLAINTEXT://kafka:9092]
stream-state-bench-flink-kafka  | 	alter.config.policy.class.name = null
stream-state-bench-flink-kafka  | 	alter.log.dirs.replication.quota.window.num = 11
stream-state-bench-flink-kafka  | 	alter.log.dirs.replication.quota.window.size.seconds = 1
stream-state-bench-flink-kafka  | 	authorizer.class.name = 
stream-state-bench-flink-kafka  | 	auto.create.topics.enable = false
stream-state-bench-flink-kafka  | 	auto.leader.rebalance.enable = true
stream-state-bench-flink-kafka  | 	background.threads = 10
stream-state-bench-flink-kafka  | 	broker.heartbeat.interval.ms = 2000
stream-state-bench-flink-kafka  | 	broker.id = 1
stream-state-bench-flink-kafka  | 	broker.rack = null
stream-state-bench-flink-kafka  | 	broker.session.timeout.ms = 9000
stream-state-bench-flink-kafka  | 	client.quota.callback.class = null
stream-state-bench-flink-kafka  | 	compression.gzip.level = -1
stream-state-bench-flink-kafka  | 	compression.lz4.level = 9
stream-state-bench-flink-kafka  | 	compression.type = producer
stream-state-bench-flink-kafka  | 	compression.zstd.level = 3
stream-state-bench-flink-kafka  | 	config.providers = []
stream-state-bench-flink-kafka  | 	connection.failed.authentication.delay.ms = 100
stream-state-bench-flink-kafka  | 	connections.max.idle.ms = 600000
stream-state-bench-flink-kafka  | 	connections.max.reauth.ms = 0
stream-state-bench-flink-kafka  | 	controlled.shutdown.enable = true
stream-state-bench-flink-kafka  | 	controller.listener.names = [CONTROLLER]
stream-state-bench-flink-kafka  | 	controller.performance.always.log.threshold.ms = 2000
stream-state-bench-flink-kafka  | 	controller.performance.sample.period.ms = 60000
stream-state-bench-flink-kafka  | 	controller.quorum.append.linger.ms = 25
stream-state-bench-flink-kafka  | 	controller.quorum.auto.join.enable = false
stream-state-bench-flink-kafka  | 	controller.quorum.bootstrap.servers = []
stream-state-bench-flink-kafka  | 	controller.quorum.election.backoff.max.ms = 1000
stream-state-bench-flink-kafka  | 	controller.quorum.election.timeout.ms = 1000
stream-state-bench-flink-kafka  | 	controller.quorum.fetch.max.bytes = 1048576
stream-state-bench-flink-kafka  | 	controller.quorum.fetch.snapshot.max.bytes = 1048576
stream-state-bench-flink-kafka  | 	controller.quorum.fetch.timeout.ms = 2000
stream-state-bench-flink-kafka  | 	controller.quorum.request.timeout.ms = 2000
stream-state-bench-flink-kafka  | 	controller.quorum.retry.backoff.ms = 20
stream-state-bench-flink-kafka  | 	controller.quorum.voters = [1@kafka:9093]
stream-state-bench-flink-kafka  | 	controller.quota.window.num = 11
stream-state-bench-flink-kafka  | 	controller.quota.window.size.seconds = 1
stream-state-bench-flink-kafka  | 	controller.socket.timeout.ms = 30000
stream-state-bench-flink-kafka  | 	cordoned.log.dirs = []
stream-state-bench-flink-kafka  | 	create.topic.policy.class.name = null
stream-state-bench-flink-kafka  | 	default.replication.factor = 1
stream-state-bench-flink-kafka  | 	delegation.token.expiry.check.interval.ms = 3600000
stream-state-bench-flink-kafka  | 	delegation.token.expiry.time.ms = 86400000
stream-state-bench-flink-kafka  | 	delegation.token.max.lifetime.ms = 604800000
stream-state-bench-flink-kafka  | 	delegation.token.secret.key = null
stream-state-bench-flink-kafka  | 	delete.records.purgatory.purge.interval.requests = 1
stream-state-bench-flink-kafka  | 	delete.topic.enable = true
stream-state-bench-flink-kafka  | 	early.start.listeners = null
stream-state-bench-flink-kafka  | 	fetch.max.bytes = 57671680
stream-state-bench-flink-kafka  | 	fetch.purgatory.purge.interval.requests = 1000
stream-state-bench-flink-kafka  | 	follower.fetch.last.tiered.offset.enable = false
stream-state-bench-flink-kafka  | 	group.consumer.assignment.interval.ms = 1000
stream-state-bench-flink-kafka  | 	group.consumer.assignors = [uniform, range]
stream-state-bench-flink-kafka  | 	group.consumer.heartbeat.interval.ms = 5000
stream-state-bench-flink-kafka  | 	group.consumer.max.assignment.interval.ms = 15000
stream-state-bench-flink-kafka  | 	group.consumer.max.heartbeat.interval.ms = 15000
stream-state-bench-flink-kafka  | 	group.consumer.max.session.timeout.ms = 60000
stream-state-bench-flink-kafka  | 	group.consumer.max.size = 2147483647
stream-state-bench-flink-kafka  | 	group.consumer.migration.policy = bidirectional
stream-state-bench-flink-kafka  | 	group.consumer.min.assignment.interval.ms = 0
stream-state-bench-flink-kafka  | 	group.consumer.min.heartbeat.interval.ms = 5000
stream-state-bench-flink-kafka  | 	group.consumer.min.session.timeout.ms = 45000
stream-state-bench-flink-kafka  | 	group.consumer.regex.refresh.interval.ms = 600000
stream-state-bench-flink-kafka  | 	group.consumer.session.timeout.ms = 45000
stream-state-bench-flink-kafka  | 	group.coordinator.append.linger.ms = -1
stream-state-bench-flink-kafka  | 	group.coordinator.background.threads = 2
stream-state-bench-flink-kafka  | 	group.coordinator.cached.buffer.max.bytes = 1048588
stream-state-bench-flink-kafka  | 	group.coordinator.rebalance.protocols = [classic, consumer, streams]
stream-state-bench-flink-kafka  | 	group.coordinator.threads = 4
stream-state-bench-flink-kafka  | 	group.initial.rebalance.delay.ms = 0
stream-state-bench-flink-kafka  | 	group.max.session.timeout.ms = 1800000
stream-state-bench-flink-kafka  | 	group.max.size = 2147483647
stream-state-bench-flink-kafka  | 	group.min.session.timeout.ms = 6000
stream-state-bench-flink-kafka  | 	group.share.assignment.interval.ms = 1000
stream-state-bench-flink-kafka  | 	group.share.assignors = [simple]
stream-state-bench-flink-kafka  | 	group.share.delivery.count.limit = 5
stream-state-bench-flink-kafka  | 	group.share.heartbeat.interval.ms = 5000
stream-state-bench-flink-kafka  | 	group.share.initialize.retry.interval.ms = 30000
stream-state-bench-flink-kafka  | 	group.share.max.assignment.interval.ms = 15000
stream-state-bench-flink-kafka  | 	group.share.max.delivery.count.limit = 10
stream-state-bench-flink-kafka  | 	group.share.max.heartbeat.interval.ms = 15000
stream-state-bench-flink-kafka  | 	group.share.max.partition.max.record.locks = 4000
stream-state-bench-flink-kafka  | 	group.share.max.record.lock.duration.ms = 60000
stream-state-bench-flink-kafka  | 	group.share.max.session.timeout.ms = 60000
stream-state-bench-flink-kafka  | 	group.share.max.share.sessions = 2000
stream-state-bench-flink-kafka  | 	group.share.max.size = 200
stream-state-bench-flink-kafka  | 	group.share.min.assignment.interval.ms = 0
stream-state-bench-flink-kafka  | 	group.share.min.delivery.count.limit = 2
stream-state-bench-flink-kafka  | 	group.share.min.heartbeat.interval.ms = 5000
stream-state-bench-flink-kafka  | 	group.share.min.partition.max.record.locks = 100
stream-state-bench-flink-kafka  | 	group.share.min.record.lock.duration.ms = 15000
stream-state-bench-flink-kafka  | 	group.share.min.session.timeout.ms = 45000
stream-state-bench-flink-kafka  | 	group.share.partition.max.record.locks = 2000
stream-state-bench-flink-kafka  | 	group.share.persister.class.name = org.apache.kafka.server.share.persister.DefaultStatePersister
stream-state-bench-flink-kafka  | 	group.share.record.lock.duration.ms = 30000
stream-state-bench-flink-kafka  | 	group.share.session.timeout.ms = 45000
stream-state-bench-flink-kafka  | 	group.streams.assignment.interval.ms = 1000
stream-state-bench-flink-kafka  | 	group.streams.heartbeat.interval.ms = 5000
stream-state-bench-flink-kafka  | 	group.streams.initial.rebalance.delay.ms = 3000
stream-state-bench-flink-kafka  | 	group.streams.max.assignment.interval.ms = 15000
stream-state-bench-flink-kafka  | 	group.streams.max.heartbeat.interval.ms = 15000
stream-state-bench-flink-kafka  | 	group.streams.max.session.timeout.ms = 60000
stream-state-bench-flink-kafka  | 	group.streams.max.size = 2147483647
stream-state-bench-flink-kafka  | 	group.streams.max.standby.replicas = 2
stream-state-bench-flink-kafka  | 	group.streams.min.assignment.interval.ms = 0
stream-state-bench-flink-kafka  | 	group.streams.min.heartbeat.interval.ms = 5000
stream-state-bench-flink-kafka  | 	group.streams.min.session.timeout.ms = 45000
stream-state-bench-flink-kafka  | 	group.streams.num.standby.replicas = 0
stream-state-bench-flink-kafka  | 	group.streams.session.timeout.ms = 45000
stream-state-bench-flink-kafka  | 	initial.broker.registration.timeout.ms = 60000
stream-state-bench-flink-kafka  | 	inter.broker.listener.name = null
stream-state-bench-flink-kafka  | 	internal.metadata.delete.delay.millis = 60000
stream-state-bench-flink-kafka  | 	internal.metadata.log.segment.bytes = null
stream-state-bench-flink-kafka  | 	internal.metadata.max.batch.size.in.bytes = 8388608
stream-state-bench-flink-kafka  | 	kafka.metrics.polling.interval.secs = 10
stream-state-bench-flink-kafka  | 	kafka.metrics.reporters = []
stream-state-bench-flink-kafka  | 	leader.imbalance.check.interval.seconds = 300
stream-state-bench-flink-kafka  | 	listener.security.protocol.map = CONTROLLER:PLAINTEXT,PLAINTEXT:PLAINTEXT
stream-state-bench-flink-kafka  | 	listeners = [PLAINTEXT://:9092, CONTROLLER://:9093]
stream-state-bench-flink-kafka  | 	log.cleaner.backoff.ms = 15000
stream-state-bench-flink-kafka  | 	log.cleaner.dedupe.buffer.size = 134217728
stream-state-bench-flink-kafka  | 	log.cleaner.delete.retention.ms = 86400000
stream-state-bench-flink-kafka  | 	log.cleaner.enable = true
stream-state-bench-flink-kafka  | 	log.cleaner.io.buffer.load.factor = 0.9
stream-state-bench-flink-kafka  | 	log.cleaner.io.buffer.size = 524288
stream-state-bench-flink-kafka  | 	log.cleaner.io.max.bytes.per.second = 1.7976931348623157E308
stream-state-bench-flink-kafka  | 	log.cleaner.max.compaction.lag.ms = 9223372036854775807
stream-state-bench-flink-kafka  | 	log.cleaner.min.cleanable.ratio = 0.5
stream-state-bench-flink-kafka  | 	log.cleaner.min.compaction.lag.ms = 0
stream-state-bench-flink-kafka  | 	log.cleaner.threads = 1
stream-state-bench-flink-kafka  | 	log.cleanup.policy = [delete]
stream-state-bench-flink-kafka  | 	log.dir = [/tmp/kafka-logs]
stream-state-bench-flink-kafka  | 	log.dir.failure.timeout.ms = 30000
stream-state-bench-flink-kafka  | 	log.dirs = null
stream-state-bench-flink-kafka  | 	log.flush.interval.messages = 9223372036854775807
stream-state-bench-flink-kafka  | 	log.flush.interval.ms = null
stream-state-bench-flink-kafka  | 	log.flush.offset.checkpoint.interval.ms = 60000
stream-state-bench-flink-kafka  | 	log.flush.scheduler.interval.ms = 9223372036854775807
stream-state-bench-flink-kafka  | 	log.flush.start.offset.checkpoint.interval.ms = 60000
stream-state-bench-flink-kafka  | 	log.index.interval.bytes = 4096
stream-state-bench-flink-kafka  | 	log.index.size.max.bytes = 10485760
stream-state-bench-flink-kafka  | 	log.initial.task.delay.ms = 30000
stream-state-bench-flink-kafka  | 	log.local.retention.bytes = -2
stream-state-bench-flink-kafka  | 	log.local.retention.ms = -2
stream-state-bench-flink-kafka  | 	log.message.timestamp.after.max.ms = 3600000
stream-state-bench-flink-kafka  | 	log.message.timestamp.before.max.ms = 9223372036854775807
stream-state-bench-flink-kafka  | 	log.message.timestamp.type = CreateTime
stream-state-bench-flink-kafka  | 	log.preallocate = false
stream-state-bench-flink-kafka  | 	log.retention.bytes = -1
stream-state-bench-flink-kafka  | 	log.retention.check.interval.ms = 300000
stream-state-bench-flink-kafka  | 	log.retention.hours = 168
stream-state-bench-flink-kafka  | 	log.retention.minutes = null
stream-state-bench-flink-kafka  | 	log.retention.ms = null
stream-state-bench-flink-kafka  | 	log.roll.hours = 168
stream-state-bench-flink-kafka  | 	log.roll.jitter.hours = 0
stream-state-bench-flink-kafka  | 	log.roll.jitter.ms = null
stream-state-bench-flink-kafka  | 	log.roll.ms = null
stream-state-bench-flink-kafka  | 	log.segment.bytes = 1073741824
stream-state-bench-flink-kafka  | 	log.segment.delete.delay.ms = 60000
stream-state-bench-flink-kafka  | 	max.connection.creation.rate = 2147483647
stream-state-bench-flink-kafka  | 	max.connections = 2147483647
stream-state-bench-flink-kafka  | 	max.connections.per.ip = 2147483647
stream-state-bench-flink-kafka  | 	max.connections.per.ip.overrides = 
stream-state-bench-flink-kafka  | 	max.incremental.fetch.session.cache.slots = 1000
stream-state-bench-flink-kafka  | 	max.request.partition.size.limit = 2000
stream-state-bench-flink-kafka  | 	message.max.bytes = 1048588
stream-state-bench-flink-kafka  | 	metadata.log.dir = null
stream-state-bench-flink-kafka  | 	metadata.log.max.record.bytes.between.snapshots = 20971520
stream-state-bench-flink-kafka  | 	metadata.log.max.snapshot.interval.ms = 3600000
stream-state-bench-flink-kafka  | 	metadata.log.segment.bytes = 1073741824
stream-state-bench-flink-kafka  | 	metadata.log.segment.ms = 604800000
stream-state-bench-flink-kafka  | 	metadata.max.idle.interval.ms = 500
stream-state-bench-flink-kafka  | 	metadata.max.retention.bytes = 104857600
stream-state-bench-flink-kafka  | 	metadata.max.retention.ms = 604800000
stream-state-bench-flink-kafka  | 	metric.reporters = [org.apache.kafka.common.metrics.JmxReporter]
stream-state-bench-flink-kafka  | 	metrics.num.samples = 2
stream-state-bench-flink-kafka  | 	metrics.recording.level = INFO
stream-state-bench-flink-kafka  | 	metrics.sample.window.ms = 30000
stream-state-bench-flink-kafka  | 	min.insync.replicas = 1
stream-state-bench-flink-kafka  | 	node.id = 1
stream-state-bench-flink-kafka  | 	num.io.threads = 8
stream-state-bench-flink-kafka  | 	num.network.threads = 3
stream-state-bench-flink-kafka  | 	num.partitions = 1
stream-state-bench-flink-kafka  | 	num.recovery.threads.per.data.dir = 2
stream-state-bench-flink-kafka  | 	num.replica.alter.log.dirs.threads = null
stream-state-bench-flink-kafka  | 	num.replica.fetchers = 1
stream-state-bench-flink-kafka  | 	offset.metadata.max.bytes = 4096
stream-state-bench-flink-kafka  | 	offsets.commit.timeout.ms = 5000
stream-state-bench-flink-kafka  | 	offsets.load.buffer.size = 5242880
stream-state-bench-flink-kafka  | 	offsets.retention.check.interval.ms = 600000
stream-state-bench-flink-kafka  | 	offsets.retention.minutes = 10080
stream-state-bench-flink-kafka  | 	offsets.topic.compression.codec = 0
stream-state-bench-flink-kafka  | 	offsets.topic.num.partitions = 50
stream-state-bench-flink-kafka  | 	offsets.topic.replication.factor = 1
stream-state-bench-flink-kafka  | 	offsets.topic.segment.bytes = 104857600
stream-state-bench-flink-kafka  | 	principal.builder.class = class org.apache.kafka.common.security.authenticator.DefaultKafkaPrincipalBuilder
stream-state-bench-flink-kafka  | 	process.roles = [broker, controller]
stream-state-bench-flink-kafka  | 	producer.id.expiration.check.interval.ms = 600000
stream-state-bench-flink-kafka  | 	producer.id.expiration.ms = 86400000
stream-state-bench-flink-kafka  | 	producer.purgatory.purge.interval.requests = 1000
stream-state-bench-flink-kafka  | 	queued.max.request.bytes = -1
stream-state-bench-flink-kafka  | 	queued.max.requests = 500
stream-state-bench-flink-kafka  | 	quota.window.num = 11
stream-state-bench-flink-kafka  | 	quota.window.size.seconds = 1
stream-state-bench-flink-kafka  | 	remote.fetch.max.wait.ms = 500
stream-state-bench-flink-kafka  | 	remote.list.offsets.request.timeout.ms = 30000
stream-state-bench-flink-kafka  | 	remote.log.index.file.cache.total.size.bytes = 1073741824
stream-state-bench-flink-kafka  | 	remote.log.index.file.cache.ttl.ms = 900000
stream-state-bench-flink-kafka  | 	remote.log.manager.copier.thread.pool.size = 10
stream-state-bench-flink-kafka  | 	remote.log.manager.copy.max.bytes.per.second = 9223372036854775807
stream-state-bench-flink-kafka  | 	remote.log.manager.copy.quota.window.num = 11
stream-state-bench-flink-kafka  | 	remote.log.manager.copy.quota.window.size.seconds = 1
stream-state-bench-flink-kafka  | 	remote.log.manager.expiration.thread.pool.size = 10
stream-state-bench-flink-kafka  | 	remote.log.manager.fetch.max.bytes.per.second = 9223372036854775807
stream-state-bench-flink-kafka  | 	remote.log.manager.fetch.quota.window.num = 11
stream-state-bench-flink-kafka  | 	remote.log.manager.fetch.quota.window.size.seconds = 1
stream-state-bench-flink-kafka  | 	remote.log.manager.follower.thread.pool.size = 2
stream-state-bench-flink-kafka  | 	remote.log.manager.task.interval.ms = 30000
stream-state-bench-flink-kafka  | 	remote.log.manager.task.retry.backoff.max.ms = 30000
stream-state-bench-flink-kafka  | 	remote.log.manager.task.retry.backoff.ms = 500
stream-state-bench-flink-kafka  | 	remote.log.manager.task.retry.jitter = 0.2
stream-state-bench-flink-kafka  | 	remote.log.manager.thread.pool.size = 2
stream-state-bench-flink-kafka  | 	remote.log.metadata.custom.metadata.max.bytes = 128
stream-state-bench-flink-kafka  | 	remote.log.metadata.manager.class.name = org.apache.kafka.server.log.remote.metadata.storage.TopicBasedRemoteLogMetadataManager
stream-state-bench-flink-kafka  | 	remote.log.metadata.manager.class.path = null
stream-state-bench-flink-kafka  | 	remote.log.metadata.manager.impl.prefix = rlmm.config.
stream-state-bench-flink-kafka  | 	remote.log.metadata.manager.listener.name = null
stream-state-bench-flink-kafka  | 	remote.log.reader.max.pending.tasks = 100
stream-state-bench-flink-kafka  | 	remote.log.reader.threads = 10
stream-state-bench-flink-kafka  | 	remote.log.storage.manager.class.name = null
stream-state-bench-flink-kafka  | 	remote.log.storage.manager.class.path = null
stream-state-bench-flink-kafka  | 	remote.log.storage.manager.impl.prefix = rsm.config.
stream-state-bench-flink-kafka  | 	remote.log.storage.system.enable = false
stream-state-bench-flink-kafka  | 	replica.fetch.backoff.ms = 1000
stream-state-bench-flink-kafka  | 	replica.fetch.max.bytes = 1048576
stream-state-bench-flink-kafka  | 	replica.fetch.min.bytes = 1
stream-state-bench-flink-kafka  | 	replica.fetch.response.max.bytes = 10485760
stream-state-bench-flink-kafka  | 	replica.fetch.wait.max.ms = 500
stream-state-bench-flink-kafka  | 	replica.high.watermark.checkpoint.interval.ms = 5000
stream-state-bench-flink-kafka  | 	replica.lag.time.max.ms = 30000
stream-state-bench-flink-kafka  | 	replica.selector.class = null
stream-state-bench-flink-kafka  | 	replica.socket.receive.buffer.bytes = 65536
stream-state-bench-flink-kafka  | 	replica.socket.timeout.ms = 30000
stream-state-bench-flink-kafka  | 	replication.quota.window.num = 11
stream-state-bench-flink-kafka  | 	replication.quota.window.size.seconds = 1
stream-state-bench-flink-kafka  | 	request.timeout.ms = 30000
stream-state-bench-flink-kafka  | 	sasl.client.callback.handler.class = null
stream-state-bench-flink-kafka  | 	sasl.enabled.mechanisms = [GSSAPI]
stream-state-bench-flink-kafka  | 	sasl.jaas.config = null
stream-state-bench-flink-kafka  | 	sasl.kerberos.kinit.cmd = /usr/bin/kinit
stream-state-bench-flink-kafka  | 	sasl.kerberos.min.time.before.relogin = 60000
stream-state-bench-flink-kafka  | 	sasl.kerberos.principal.to.local.rules = [DEFAULT]
stream-state-bench-flink-kafka  | 	sasl.kerberos.service.name = null
stream-state-bench-flink-kafka  | 	sasl.kerberos.ticket.renew.jitter = 0.05
stream-state-bench-flink-kafka  | 	sasl.kerberos.ticket.renew.window.factor = 0.8
stream-state-bench-flink-kafka  | 	sasl.login.callback.handler.class = null
stream-state-bench-flink-kafka  | 	sasl.login.class = null
stream-state-bench-flink-kafka  | 	sasl.login.connect.timeout.ms = null
stream-state-bench-flink-kafka  | 	sasl.login.read.timeout.ms = null
stream-state-bench-flink-kafka  | 	sasl.login.refresh.buffer.seconds = 300
stream-state-bench-flink-kafka  | 	sasl.login.refresh.min.period.seconds = 60
stream-state-bench-flink-kafka  | 	sasl.login.refresh.window.factor = 0.8
stream-state-bench-flink-kafka  | 	sasl.login.refresh.window.jitter = 0.05
stream-state-bench-flink-kafka  | 	sasl.login.retry.backoff.max.ms = 10000
stream-state-bench-flink-kafka  | 	sasl.login.retry.backoff.ms = 100
stream-state-bench-flink-kafka  | 	sasl.mechanism.controller.protocol = GSSAPI
stream-state-bench-flink-kafka  | 	sasl.mechanism.inter.broker.protocol = GSSAPI
stream-state-bench-flink-kafka  | 	sasl.oauthbearer.assertion.algorithm = RS256
stream-state-bench-flink-kafka  | 	sasl.oauthbearer.assertion.claim.aud = null
stream-state-bench-flink-kafka  | 	sasl.oauthbearer.assertion.claim.exp.seconds = 300
stream-state-bench-flink-kafka  | 	sasl.oauthbearer.assertion.claim.iss = null
stream-state-bench-flink-kafka  | 	sasl.oauthbearer.assertion.claim.jti.include = false
stream-state-bench-flink-kafka  | 	sasl.oauthbearer.assertion.claim.nbf.seconds = 60
stream-state-bench-flink-kafka  | 	sasl.oauthbearer.assertion.claim.sub = null
stream-state-bench-flink-kafka  | 	sasl.oauthbearer.assertion.file = null
stream-state-bench-flink-kafka  | 	sasl.oauthbearer.assertion.private.key.file = null
stream-state-bench-flink-kafka  | 	sasl.oauthbearer.assertion.private.key.passphrase = null
stream-state-bench-flink-kafka  | 	sasl.oauthbearer.assertion.template.file = null
stream-state-bench-flink-kafka  | 	sasl.oauthbearer.client.credentials.client.id = null
stream-state-bench-flink-kafka  | 	sasl.oauthbearer.client.credentials.client.secret = null
stream-state-bench-flink-kafka  | 	sasl.oauthbearer.clock.skew.seconds = 30
stream-state-bench-flink-kafka  | 	sasl.oauthbearer.expected.audience = []
stream-state-bench-flink-kafka  | 	sasl.oauthbearer.expected.issuer = null
stream-state-bench-flink-kafka  | 	sasl.oauthbearer.jwks.endpoint.refresh.ms = 3600000
stream-state-bench-flink-kafka  | 	sasl.oauthbearer.jwks.endpoint.retry.backoff.max.ms = 10000
stream-state-bench-flink-kafka  | 	sasl.oauthbearer.jwks.endpoint.retry.backoff.ms = 100
stream-state-bench-flink-kafka  | 	sasl.oauthbearer.jwks.endpoint.url = null
stream-state-bench-flink-kafka  | 	sasl.oauthbearer.jwt.retriever.class = class org.apache.kafka.common.security.oauthbearer.DefaultJwtRetriever
stream-state-bench-flink-kafka  | 	sasl.oauthbearer.jwt.validator.class = class org.apache.kafka.common.security.oauthbearer.DefaultJwtValidator
stream-state-bench-flink-kafka  | 	sasl.oauthbearer.scope = null
stream-state-bench-flink-kafka  | 	sasl.oauthbearer.scope.claim.name = scope
stream-state-bench-flink-kafka  | 	sasl.oauthbearer.sub.claim.name = sub
stream-state-bench-flink-kafka  | 	sasl.oauthbearer.token.endpoint.url = null
stream-state-bench-flink-kafka  | 	sasl.server.callback.handler.class = null
stream-state-bench-flink-kafka  | 	sasl.server.max.receive.size = 524288
stream-state-bench-flink-kafka  | 	security.inter.broker.protocol = PLAINTEXT
stream-state-bench-flink-kafka  | 	security.providers = null
stream-state-bench-flink-kafka  | 	server.max.startup.time.ms = 9223372036854775807
stream-state-bench-flink-kafka  | 	share.coordinator.append.linger.ms = -1
stream-state-bench-flink-kafka  | 	share.coordinator.cached.buffer.max.bytes = 1048588
stream-state-bench-flink-kafka  | 	share.coordinator.cold.partition.snapshot.interval.ms = 300000
stream-state-bench-flink-kafka  | 	share.coordinator.load.buffer.size = 5242880
stream-state-bench-flink-kafka  | 	share.coordinator.snapshot.update.records.per.snapshot = 500
stream-state-bench-flink-kafka  | 	share.coordinator.state.topic.compression.codec = 0
stream-state-bench-flink-kafka  | 	share.coordinator.state.topic.min.isr = 2
stream-state-bench-flink-kafka  | 	share.coordinator.state.topic.num.partitions = 50
stream-state-bench-flink-kafka  | 	share.coordinator.state.topic.prune.interval.ms = 300000
stream-state-bench-flink-kafka  | 	share.coordinator.state.topic.replication.factor = 3
stream-state-bench-flink-kafka  | 	share.coordinator.state.topic.segment.bytes = 104857600
stream-state-bench-flink-kafka  | 	share.coordinator.threads = 1
stream-state-bench-flink-kafka  | 	share.coordinator.write.timeout.ms = 5000
stream-state-bench-flink-kafka  | 	share.fetch.purgatory.purge.interval.requests = 1000
stream-state-bench-flink-kafka  | 	socket.connection.setup.timeout.max.ms = 30000
stream-state-bench-flink-kafka  | 	socket.connection.setup.timeout.ms = 10000
stream-state-bench-flink-kafka  | 	socket.listen.backlog.size = 50
stream-state-bench-flink-kafka  | 	socket.receive.buffer.bytes = 102400
stream-state-bench-flink-kafka  | 	socket.request.max.bytes = 104857600
stream-state-bench-flink-kafka  | 	socket.send.buffer.bytes = 102400
stream-state-bench-flink-kafka  | 	ssl.allow.dn.changes = false
stream-state-bench-flink-kafka  | 	ssl.allow.san.changes = false
stream-state-bench-flink-kafka  | 	ssl.cipher.suites = []
stream-state-bench-flink-kafka  | 	ssl.client.auth = none
stream-state-bench-flink-kafka  | 	ssl.enabled.protocols = [TLSv1.2, TLSv1.3]
stream-state-bench-flink-kafka  | 	ssl.endpoint.identification.algorithm = https
stream-state-bench-flink-kafka  | 	ssl.engine.factory.class = null
stream-state-bench-flink-kafka  | 	ssl.key.password = null
stream-state-bench-flink-kafka  | 	ssl.keymanager.algorithm = SunX509
stream-state-bench-flink-kafka  | 	ssl.keystore.certificate.chain = null
stream-state-bench-flink-kafka  | 	ssl.keystore.key = null
stream-state-bench-flink-kafka  | 	ssl.keystore.location = null
stream-state-bench-flink-kafka  | 	ssl.keystore.password = null
stream-state-bench-flink-kafka  | 	ssl.keystore.type = JKS
stream-state-bench-flink-kafka  | 	ssl.principal.mapping.rules = DEFAULT
stream-state-bench-flink-kafka  | 	ssl.protocol = TLSv1.3
stream-state-bench-flink-kafka  | 	ssl.provider = null
stream-state-bench-flink-kafka  | 	ssl.secure.random.implementation = null
stream-state-bench-flink-kafka  | 	ssl.trustmanager.algorithm = PKIX
stream-state-bench-flink-kafka  | 	ssl.truststore.certificates = null
stream-state-bench-flink-kafka  | 	ssl.truststore.location = null
stream-state-bench-flink-kafka  | 	ssl.truststore.password = null
stream-state-bench-flink-kafka  | 	ssl.truststore.type = JKS
stream-state-bench-flink-kafka  | 	telemetry.max.bytes = 1048576
stream-state-bench-flink-kafka  | 	transaction.abort.timed.out.transaction.cleanup.interval.ms = 10000
stream-state-bench-flink-kafka  | 	transaction.max.timeout.ms = 900000
stream-state-bench-flink-kafka  | 	transaction.partition.verification.enable = true
stream-state-bench-flink-kafka  | 	transaction.remove.expired.transaction.cleanup.interval.ms = 3600000
stream-state-bench-flink-kafka  | 	transaction.state.log.load.buffer.size = 5242880
stream-state-bench-flink-kafka  | 	transaction.state.log.min.isr = 1
stream-state-bench-flink-kafka  | 	transaction.state.log.num.partitions = 50
stream-state-bench-flink-kafka  | 	transaction.state.log.replication.factor = 1
stream-state-bench-flink-kafka  | 	transaction.state.log.segment.bytes = 104857600
stream-state-bench-flink-kafka  | 	transaction.two.phase.commit.enable = false
stream-state-bench-flink-kafka  | 	transactional.id.expiration.ms = 604800000
stream-state-bench-flink-kafka  | 	unclean.leader.election.enable = false
stream-state-bench-flink-kafka  | 	unclean.leader.election.interval.ms = 300000
stream-state-bench-flink-kafka  | 	unstable.api.versions.enable = false
stream-state-bench-flink-kafka  | 	unstable.feature.versions.enable = false
stream-state-bench-flink-kafka  |  (org.apache.kafka.common.config.AbstractConfig)
stream-state-bench-flink-kafka  | [2026-07-17 16:59:33,651] INFO [BrokerMetadataPublisher id=1] Feature share.version has been updated to version 1 (kafka.server.metadata.BrokerMetadataPublisher)
stream-state-bench-flink-kafka  | [2026-07-17 16:59:33,652] INFO [MetadataLoader id=1] InitializeNewPublishers: initializing BrokerRegistrationTracker(id=1) with a snapshot at offset 10 (org.apache.kafka.image.loader.MetadataLoader)
stream-state-bench-flink-kafka  | [2026-07-17 16:59:33,663] INFO [BrokerLifecycleManager id=1] The broker has caught up. Transitioning from STARTING to RECOVERY. (org.apache.kafka.server.BrokerLifecycleManager)
stream-state-bench-flink-kafka  | [2026-07-17 16:59:33,663] INFO [BrokerServer id=1] Finished waiting for the controller to acknowledge that we are caught up (kafka.server.BrokerServer)
stream-state-bench-flink-kafka  | [2026-07-17 16:59:33,663] INFO [BrokerServer id=1] Waiting for the initial broker metadata update to be published (kafka.server.BrokerServer)
stream-state-bench-flink-kafka  | [2026-07-17 16:59:33,663] INFO [BrokerServer id=1] Finished waiting for the initial broker metadata update to be published (kafka.server.BrokerServer)
stream-state-bench-flink-kafka  | [2026-07-17 16:59:33,664] INFO KafkaConfig values: 
stream-state-bench-flink-kafka  | 	add.partitions.to.txn.retry.backoff.max.ms = 100
stream-state-bench-flink-kafka  | 	add.partitions.to.txn.retry.backoff.ms = 20
stream-state-bench-flink-kafka  | 	advertised.listeners = [PLAINTEXT://kafka:9092]
stream-state-bench-flink-kafka  | 	alter.config.policy.class.name = null
stream-state-bench-flink-kafka  | 	alter.log.dirs.replication.quota.window.num = 11
stream-state-bench-flink-kafka  | 	alter.log.dirs.replication.quota.window.size.seconds = 1
stream-state-bench-flink-kafka  | 	authorizer.class.name = 
stream-state-bench-flink-kafka  | 	auto.create.topics.enable = false
stream-state-bench-flink-kafka  | 	auto.leader.rebalance.enable = true
stream-state-bench-flink-kafka  | 	background.threads = 10
stream-state-bench-flink-kafka  | 	broker.heartbeat.interval.ms = 2000
stream-state-bench-flink-kafka  | 	broker.id = 1
stream-state-bench-flink-kafka  | 	broker.rack = null
stream-state-bench-flink-kafka  | 	broker.session.timeout.ms = 9000
stream-state-bench-flink-kafka  | 	client.quota.callback.class = null
stream-state-bench-flink-kafka  | 	compression.gzip.level = -1
stream-state-bench-flink-kafka  | 	compression.lz4.level = 9
stream-state-bench-flink-kafka  | 	compression.type = producer
stream-state-bench-flink-kafka  | 	compression.zstd.level = 3
stream-state-bench-flink-kafka  | 	config.providers = []
stream-state-bench-flink-kafka  | 	connection.failed.authentication.delay.ms = 100
stream-state-bench-flink-kafka  | 	connections.max.idle.ms = 600000
stream-state-bench-flink-kafka  | 	connections.max.reauth.ms = 0
stream-state-bench-flink-kafka  | 	controlled.shutdown.enable = true
stream-state-bench-flink-kafka  | 	controller.listener.names = [CONTROLLER]
stream-state-bench-flink-kafka  | 	controller.performance.always.log.threshold.ms = 2000
stream-state-bench-flink-kafka  | 	controller.performance.sample.period.ms = 60000
stream-state-bench-flink-kafka  | 	controller.quorum.append.linger.ms = 25
stream-state-bench-flink-kafka  | 	controller.quorum.auto.join.enable = false
stream-state-bench-flink-kafka  | 	controller.quorum.bootstrap.servers = []
stream-state-bench-flink-kafka  | 	controller.quorum.election.backoff.max.ms = 1000
stream-state-bench-flink-kafka  | 	controller.quorum.election.timeout.ms = 1000
stream-state-bench-flink-kafka  | 	controller.quorum.fetch.max.bytes = 1048576
stream-state-bench-flink-kafka  | 	controller.quorum.fetch.snapshot.max.bytes = 1048576
stream-state-bench-flink-kafka  | 	controller.quorum.fetch.timeout.ms = 2000
stream-state-bench-flink-kafka  | 	controller.quorum.request.timeout.ms = 2000
stream-state-bench-flink-kafka  | 	controller.quorum.retry.backoff.ms = 20
stream-state-bench-flink-kafka  | 	controller.quorum.voters = [1@kafka:9093]
stream-state-bench-flink-kafka  | 	controller.quota.window.num = 11
stream-state-bench-flink-kafka  | 	controller.quota.window.size.seconds = 1
stream-state-bench-flink-kafka  | 	controller.socket.timeout.ms = 30000
stream-state-bench-flink-kafka  | 	cordoned.log.dirs = []
stream-state-bench-flink-kafka  | 	create.topic.policy.class.name = null
stream-state-bench-flink-kafka  | 	default.replication.factor = 1
stream-state-bench-flink-kafka  | 	delegation.token.expiry.check.interval.ms = 3600000
stream-state-bench-flink-kafka  | 	delegation.token.expiry.time.ms = 86400000
stream-state-bench-flink-kafka  | 	delegation.token.max.lifetime.ms = 604800000
stream-state-bench-flink-kafka  | 	delegation.token.secret.key = null
stream-state-bench-flink-kafka  | 	delete.records.purgatory.purge.interval.requests = 1
stream-state-bench-flink-kafka  | 	delete.topic.enable = true
stream-state-bench-flink-kafka  | 	early.start.listeners = null
stream-state-bench-flink-kafka  | 	fetch.max.bytes = 57671680
stream-state-bench-flink-kafka  | 	fetch.purgatory.purge.interval.requests = 1000
stream-state-bench-flink-kafka  | 	follower.fetch.last.tiered.offset.enable = false
stream-state-bench-flink-kafka  | 	group.consumer.assignment.interval.ms = 1000
stream-state-bench-flink-kafka  | 	group.consumer.assignors = [uniform, range]
stream-state-bench-flink-kafka  | 	group.consumer.heartbeat.interval.ms = 5000
stream-state-bench-flink-kafka  | 	group.consumer.max.assignment.interval.ms = 15000
stream-state-bench-flink-kafka  | 	group.consumer.max.heartbeat.interval.ms = 15000
stream-state-bench-flink-kafka  | 	group.consumer.max.session.timeout.ms = 60000
stream-state-bench-flink-kafka  | 	group.consumer.max.size = 2147483647
stream-state-bench-flink-kafka  | 	group.consumer.migration.policy = bidirectional
stream-state-bench-flink-kafka  | 	group.consumer.min.assignment.interval.ms = 0
stream-state-bench-flink-kafka  | 	group.consumer.min.heartbeat.interval.ms = 5000
stream-state-bench-flink-kafka  | 	group.consumer.min.session.timeout.ms = 45000
stream-state-bench-flink-kafka  | 	group.consumer.regex.refresh.interval.ms = 600000
stream-state-bench-flink-kafka  | 	group.consumer.session.timeout.ms = 45000
stream-state-bench-flink-kafka  | 	group.coordinator.append.linger.ms = -1
stream-state-bench-flink-kafka  | 	group.coordinator.background.threads = 2
stream-state-bench-flink-kafka  | 	group.coordinator.cached.buffer.max.bytes = 1048588
stream-state-bench-flink-kafka  | 	group.coordinator.rebalance.protocols = [classic, consumer, streams]
stream-state-bench-flink-kafka  | 	group.coordinator.threads = 4
stream-state-bench-flink-kafka  | 	group.initial.rebalance.delay.ms = 0
stream-state-bench-flink-kafka  | 	group.max.session.timeout.ms = 1800000
stream-state-bench-flink-kafka  | 	group.max.size = 2147483647
stream-state-bench-flink-kafka  | 	group.min.session.timeout.ms = 6000
stream-state-bench-flink-kafka  | 	group.share.assignment.interval.ms = 1000
stream-state-bench-flink-kafka  | 	group.share.assignors = [simple]
stream-state-bench-flink-kafka  | 	group.share.delivery.count.limit = 5
stream-state-bench-flink-kafka  | 	group.share.heartbeat.interval.ms = 5000
stream-state-bench-flink-kafka  | 	group.share.initialize.retry.interval.ms = 30000
stream-state-bench-flink-kafka  | 	group.share.max.assignment.interval.ms = 15000
stream-state-bench-flink-kafka  | 	group.share.max.delivery.count.limit = 10
stream-state-bench-flink-kafka  | 	group.share.max.heartbeat.interval.ms = 15000
stream-state-bench-flink-kafka  | 	group.share.max.partition.max.record.locks = 4000
stream-state-bench-flink-kafka  | 	group.share.max.record.lock.duration.ms = 60000
stream-state-bench-flink-kafka  | 	group.share.max.session.timeout.ms = 60000
stream-state-bench-flink-kafka  | 	group.share.max.share.sessions = 2000
stream-state-bench-flink-kafka  | 	group.share.max.size = 200
stream-state-bench-flink-kafka  | 	group.share.min.assignment.interval.ms = 0
stream-state-bench-flink-kafka  | 	group.share.min.delivery.count.limit = 2
stream-state-bench-flink-kafka  | 	group.share.min.heartbeat.interval.ms = 5000
stream-state-bench-flink-kafka  | 	group.share.min.partition.max.record.locks = 100
stream-state-bench-flink-kafka  | 	group.share.min.record.lock.duration.ms = 15000
stream-state-bench-flink-kafka  | 	group.share.min.session.timeout.ms = 45000
stream-state-bench-flink-kafka  | 	group.share.partition.max.record.locks = 2000
stream-state-bench-flink-kafka  | 	group.share.persister.class.name = org.apache.kafka.server.share.persister.DefaultStatePersister
stream-state-bench-flink-kafka  | 	group.share.record.lock.duration.ms = 30000
stream-state-bench-flink-kafka  | 	group.share.session.timeout.ms = 45000
stream-state-bench-flink-kafka  | 	group.streams.assignment.interval.ms = 1000
stream-state-bench-flink-kafka  | 	group.streams.heartbeat.interval.ms = 5000
stream-state-bench-flink-kafka  | 	group.streams.initial.rebalance.delay.ms = 3000
stream-state-bench-flink-kafka  | 	group.streams.max.assignment.interval.ms = 15000
stream-state-bench-flink-kafka  | 	group.streams.max.heartbeat.interval.ms = 15000
stream-state-bench-flink-kafka  | 	group.streams.max.session.timeout.ms = 60000
stream-state-bench-flink-kafka  | 	group.streams.max.size = 2147483647
stream-state-bench-flink-kafka  | 	group.streams.max.standby.replicas = 2
stream-state-bench-flink-kafka  | 	group.streams.min.assignment.interval.ms = 0
stream-state-bench-flink-kafka  | 	group.streams.min.heartbeat.interval.ms = 5000
stream-state-bench-flink-kafka  | 	group.streams.min.session.timeout.ms = 45000
stream-state-bench-flink-kafka  | 	group.streams.num.standby.replicas = 0
stream-state-bench-flink-kafka  | 	group.streams.session.timeout.ms = 45000
stream-state-bench-flink-kafka  | 	initial.broker.registration.timeout.ms = 60000
stream-state-bench-flink-kafka  | 	inter.broker.listener.name = null
stream-state-bench-flink-kafka  | 	internal.metadata.delete.delay.millis = 60000
stream-state-bench-flink-kafka  | 	internal.metadata.log.segment.bytes = null
stream-state-bench-flink-kafka  | 	internal.metadata.max.batch.size.in.bytes = 8388608
stream-state-bench-flink-kafka  | 	kafka.metrics.polling.interval.secs = 10
stream-state-bench-flink-kafka  | 	kafka.metrics.reporters = []
stream-state-bench-flink-kafka  | 	leader.imbalance.check.interval.seconds = 300
stream-state-bench-flink-kafka  | 	listener.security.protocol.map = CONTROLLER:PLAINTEXT,PLAINTEXT:PLAINTEXT
stream-state-bench-flink-kafka  | 	listeners = [PLAINTEXT://:9092, CONTROLLER://:9093]
stream-state-bench-flink-kafka  | 	log.cleaner.backoff.ms = 15000
stream-state-bench-flink-kafka  | 	log.cleaner.dedupe.buffer.size = 134217728
stream-state-bench-flink-kafka  | 	log.cleaner.delete.retention.ms = 86400000
stream-state-bench-flink-kafka  | 	log.cleaner.enable = true
stream-state-bench-flink-kafka  | 	log.cleaner.io.buffer.load.factor = 0.9
stream-state-bench-flink-kafka  | 	log.cleaner.io.buffer.size = 524288
stream-state-bench-flink-kafka  | 	log.cleaner.io.max.bytes.per.second = 1.7976931348623157E308
stream-state-bench-flink-kafka  | 	log.cleaner.max.compaction.lag.ms = 9223372036854775807
stream-state-bench-flink-kafka  | 	log.cleaner.min.cleanable.ratio = 0.5
stream-state-bench-flink-kafka  | 	log.cleaner.min.compaction.lag.ms = 0
stream-state-bench-flink-kafka  | 	log.cleaner.threads = 1
stream-state-bench-flink-kafka  | 	log.cleanup.policy = [delete]
stream-state-bench-flink-kafka  | 	log.dir = [/tmp/kafka-logs]
stream-state-bench-flink-kafka  | 	log.dir.failure.timeout.ms = 30000
stream-state-bench-flink-kafka  | 	log.dirs = null
stream-state-bench-flink-kafka  | 	log.flush.interval.messages = 9223372036854775807
stream-state-bench-flink-kafka  | 	log.flush.interval.ms = null
stream-state-bench-flink-kafka  | 	log.flush.offset.checkpoint.interval.ms = 60000
stream-state-bench-flink-kafka  | 	log.flush.scheduler.interval.ms = 9223372036854775807
stream-state-bench-flink-kafka  | 	log.flush.start.offset.checkpoint.interval.ms = 60000
stream-state-bench-flink-kafka  | 	log.index.interval.bytes = 4096
stream-state-bench-flink-kafka  | 	log.index.size.max.bytes = 10485760
stream-state-bench-flink-kafka  | 	log.initial.task.delay.ms = 30000
stream-state-bench-flink-kafka  | 	log.local.retention.bytes = -2
stream-state-bench-flink-kafka  | 	log.local.retention.ms = -2
stream-state-bench-flink-kafka  | 	log.message.timestamp.after.max.ms = 3600000
stream-state-bench-flink-kafka  | 	log.message.timestamp.before.max.ms = 9223372036854775807
stream-state-bench-flink-kafka  | 	log.message.timestamp.type = CreateTime
stream-state-bench-flink-kafka  | 	log.preallocate = false
stream-state-bench-flink-kafka  | 	log.retention.bytes = -1
stream-state-bench-flink-kafka  | 	log.retention.check.interval.ms = 300000
stream-state-bench-flink-kafka  | 	log.retention.hours = 168
stream-state-bench-flink-kafka  | 	log.retention.minutes = null
stream-state-bench-flink-kafka  | 	log.retention.ms = null
stream-state-bench-flink-kafka  | 	log.roll.hours = 168
stream-state-bench-flink-kafka  | 	log.roll.jitter.hours = 0
stream-state-bench-flink-kafka  | 	log.roll.jitter.ms = null
stream-state-bench-flink-kafka  | 	log.roll.ms = null
stream-state-bench-flink-kafka  | 	log.segment.bytes = 1073741824
stream-state-bench-flink-kafka  | 	log.segment.delete.delay.ms = 60000
stream-state-bench-flink-kafka  | 	max.connection.creation.rate = 2147483647
stream-state-bench-flink-kafka  | 	max.connections = 2147483647
stream-state-bench-flink-kafka  | 	max.connections.per.ip = 2147483647
stream-state-bench-flink-kafka  | 	max.connections.per.ip.overrides = 
stream-state-bench-flink-kafka  | 	max.incremental.fetch.session.cache.slots = 1000
stream-state-bench-flink-kafka  | 	max.request.partition.size.limit = 2000
stream-state-bench-flink-kafka  | 	message.max.bytes = 1048588
stream-state-bench-flink-kafka  | 	metadata.log.dir = null
stream-state-bench-flink-kafka  | 	metadata.log.max.record.bytes.between.snapshots = 20971520
stream-state-bench-flink-kafka  | 	metadata.log.max.snapshot.interval.ms = 3600000
stream-state-bench-flink-kafka  | 	metadata.log.segment.bytes = 1073741824
stream-state-bench-flink-kafka  | 	metadata.log.segment.ms = 604800000
stream-state-bench-flink-kafka  | 	metadata.max.idle.interval.ms = 500
stream-state-bench-flink-kafka  | 	metadata.max.retention.bytes = 104857600
stream-state-bench-flink-kafka  | 	metadata.max.retention.ms = 604800000
stream-state-bench-flink-kafka  | 	metric.reporters = [org.apache.kafka.common.metrics.JmxReporter]
stream-state-bench-flink-kafka  | 	metrics.num.samples = 2
stream-state-bench-flink-kafka  | 	metrics.recording.level = INFO
stream-state-bench-flink-kafka  | 	metrics.sample.window.ms = 30000
stream-state-bench-flink-kafka  | 	min.insync.replicas = 1
stream-state-bench-flink-kafka  | 	node.id = 1
stream-state-bench-flink-kafka  | 	num.io.threads = 8
stream-state-bench-flink-kafka  | 	num.network.threads = 3
stream-state-bench-flink-kafka  | 	num.partitions = 1
stream-state-bench-flink-kafka  | 	num.recovery.threads.per.data.dir = 2
stream-state-bench-flink-kafka  | 	num.replica.alter.log.dirs.threads = null
stream-state-bench-flink-kafka  | 	num.replica.fetchers = 1
stream-state-bench-flink-kafka  | 	offset.metadata.max.bytes = 4096
stream-state-bench-flink-kafka  | 	offsets.commit.timeout.ms = 5000
stream-state-bench-flink-kafka  | 	offsets.load.buffer.size = 5242880
stream-state-bench-flink-kafka  | 	offsets.retention.check.interval.ms = 600000
stream-state-bench-flink-kafka  | 	offsets.retention.minutes = 10080
stream-state-bench-flink-kafka  | 	offsets.topic.compression.codec = 0
stream-state-bench-flink-kafka  | 	offsets.topic.num.partitions = 50
stream-state-bench-flink-kafka  | 	offsets.topic.replication.factor = 1
stream-state-bench-flink-kafka  | 	offsets.topic.segment.bytes = 104857600
stream-state-bench-flink-kafka  | 	principal.builder.class = class org.apache.kafka.common.security.authenticator.DefaultKafkaPrincipalBuilder
stream-state-bench-flink-kafka  | 	process.roles = [broker, controller]
stream-state-bench-flink-kafka  | 	producer.id.expiration.check.interval.ms = 600000
stream-state-bench-flink-kafka  | 	producer.id.expiration.ms = 86400000
stream-state-bench-flink-kafka  | 	producer.purgatory.purge.interval.requests = 1000
stream-state-bench-flink-kafka  | 	queued.max.request.bytes = -1
stream-state-bench-flink-kafka  | 	queued.max.requests = 500
stream-state-bench-flink-kafka  | 	quota.window.num = 11
stream-state-bench-flink-kafka  | 	quota.window.size.seconds = 1
stream-state-bench-flink-kafka  | 	remote.fetch.max.wait.ms = 500
stream-state-bench-flink-kafka  | 	remote.list.offsets.request.timeout.ms = 30000
stream-state-bench-flink-kafka  | 	remote.log.index.file.cache.total.size.bytes = 1073741824
stream-state-bench-flink-kafka  | 	remote.log.index.file.cache.ttl.ms = 900000
stream-state-bench-flink-kafka  | 	remote.log.manager.copier.thread.pool.size = 10
stream-state-bench-flink-kafka  | 	remote.log.manager.copy.max.bytes.per.second = 9223372036854775807
stream-state-bench-flink-kafka  | 	remote.log.manager.copy.quota.window.num = 11
stream-state-bench-flink-kafka  | 	remote.log.manager.copy.quota.window.size.seconds = 1
stream-state-bench-flink-kafka  | 	remote.log.manager.expiration.thread.pool.size = 10
stream-state-bench-flink-kafka  | 	remote.log.manager.fetch.max.bytes.per.second = 9223372036854775807
stream-state-bench-flink-kafka  | 	remote.log.manager.fetch.quota.window.num = 11
stream-state-bench-flink-kafka  | 	remote.log.manager.fetch.quota.window.size.seconds = 1
stream-state-bench-flink-kafka  | 	remote.log.manager.follower.thread.pool.size = 2
stream-state-bench-flink-kafka  | 	remote.log.manager.task.interval.ms = 30000
stream-state-bench-flink-kafka  | 	remote.log.manager.task.retry.backoff.max.ms = 30000
stream-state-bench-flink-kafka  | 	remote.log.manager.task.retry.backoff.ms = 500
stream-state-bench-flink-kafka  | 	remote.log.manager.task.retry.jitter = 0.2
stream-state-bench-flink-kafka  | 	remote.log.manager.thread.pool.size = 2
stream-state-bench-flink-kafka  | 	remote.log.metadata.custom.metadata.max.bytes = 128
stream-state-bench-flink-kafka  | 	remote.log.metadata.manager.class.name = org.apache.kafka.server.log.remote.metadata.storage.TopicBasedRemoteLogMetadataManager
stream-state-bench-flink-kafka  | 	remote.log.metadata.manager.class.path = null
stream-state-bench-flink-kafka  | 	remote.log.metadata.manager.impl.prefix = rlmm.config.
stream-state-bench-flink-kafka  | 	remote.log.metadata.manager.listener.name = null
stream-state-bench-flink-kafka  | 	remote.log.reader.max.pending.tasks = 100
stream-state-bench-flink-kafka  | 	remote.log.reader.threads = 10
stream-state-bench-flink-kafka  | 	remote.log.storage.manager.class.name = null
stream-state-bench-flink-kafka  | 	remote.log.storage.manager.class.path = null
stream-state-bench-flink-kafka  | 	remote.log.storage.manager.impl.prefix = rsm.config.
stream-state-bench-flink-kafka  | 	remote.log.storage.system.enable = false
stream-state-bench-flink-kafka  | 	replica.fetch.backoff.ms = 1000
stream-state-bench-flink-kafka  | 	replica.fetch.max.bytes = 1048576
stream-state-bench-flink-kafka  | 	replica.fetch.min.bytes = 1
stream-state-bench-flink-kafka  | 	replica.fetch.response.max.bytes = 10485760
stream-state-bench-flink-kafka  | 	replica.fetch.wait.max.ms = 500
stream-state-bench-flink-kafka  | 	replica.high.watermark.checkpoint.interval.ms = 5000
stream-state-bench-flink-kafka  | 	replica.lag.time.max.ms = 30000
stream-state-bench-flink-kafka  | 	replica.selector.class = null
stream-state-bench-flink-kafka  | 	replica.socket.receive.buffer.bytes = 65536
stream-state-bench-flink-kafka  | 	replica.socket.timeout.ms = 30000
stream-state-bench-flink-kafka  | 	replication.quota.window.num = 11
stream-state-bench-flink-kafka  | 	replication.quota.window.size.seconds = 1
stream-state-bench-flink-kafka  | 	request.timeout.ms = 30000
stream-state-bench-flink-kafka  | 	sasl.client.callback.handler.class = null
stream-state-bench-flink-kafka  | 	sasl.enabled.mechanisms = [GSSAPI]
stream-state-bench-flink-kafka  | 	sasl.jaas.config = null
stream-state-bench-flink-kafka  | 	sasl.kerberos.kinit.cmd = /usr/bin/kinit
stream-state-bench-flink-kafka  | 	sasl.kerberos.min.time.before.relogin = 60000
stream-state-bench-flink-kafka  | 	sasl.kerberos.principal.to.local.rules = [DEFAULT]
stream-state-bench-flink-kafka  | 	sasl.kerberos.service.name = null
stream-state-bench-flink-kafka  | 	sasl.kerberos.ticket.renew.jitter = 0.05
stream-state-bench-flink-kafka  | 	sasl.kerberos.ticket.renew.window.factor = 0.8
stream-state-bench-flink-kafka  | 	sasl.login.callback.handler.class = null
stream-state-bench-flink-kafka  | 	sasl.login.class = null
stream-state-bench-flink-kafka  | 	sasl.login.connect.timeout.ms = null
stream-state-bench-flink-kafka  | 	sasl.login.read.timeout.ms = null
stream-state-bench-flink-kafka  | 	sasl.login.refresh.buffer.seconds = 300
stream-state-bench-flink-kafka  | 	sasl.login.refresh.min.period.seconds = 60
stream-state-bench-flink-kafka  | 	sasl.login.refresh.window.factor = 0.8
stream-state-bench-flink-kafka  | 	sasl.login.refresh.window.jitter = 0.05
stream-state-bench-flink-kafka  | 	sasl.login.retry.backoff.max.ms = 10000
stream-state-bench-flink-kafka  | 	sasl.login.retry.backoff.ms = 100
stream-state-bench-flink-kafka  | 	sasl.mechanism.controller.protocol = GSSAPI
stream-state-bench-flink-kafka  | 	sasl.mechanism.inter.broker.protocol = GSSAPI
stream-state-bench-flink-kafka  | 	sasl.oauthbearer.assertion.algorithm = RS256
stream-state-bench-flink-kafka  | 	sasl.oauthbearer.assertion.claim.aud = null
stream-state-bench-flink-kafka  | 	sasl.oauthbearer.assertion.claim.exp.seconds = 300
stream-state-bench-flink-kafka  | 	sasl.oauthbearer.assertion.claim.iss = null
stream-state-bench-flink-kafka  | 	sasl.oauthbearer.assertion.claim.jti.include = false
stream-state-bench-flink-kafka  | 	sasl.oauthbearer.assertion.claim.nbf.seconds = 60
stream-state-bench-flink-kafka  | 	sasl.oauthbearer.assertion.claim.sub = null
stream-state-bench-flink-kafka  | 	sasl.oauthbearer.assertion.file = null
stream-state-bench-flink-kafka  | 	sasl.oauthbearer.assertion.private.key.file = null
stream-state-bench-flink-kafka  | 	sasl.oauthbearer.assertion.private.key.passphrase = null
stream-state-bench-flink-kafka  | 	sasl.oauthbearer.assertion.template.file = null
stream-state-bench-flink-kafka  | 	sasl.oauthbearer.client.credentials.client.id = null
stream-state-bench-flink-kafka  | 	sasl.oauthbearer.client.credentials.client.secret = null
stream-state-bench-flink-kafka  | 	sasl.oauthbearer.clock.skew.seconds = 30
stream-state-bench-flink-kafka  | 	sasl.oauthbearer.expected.audience = []
stream-state-bench-flink-kafka  | 	sasl.oauthbearer.expected.issuer = null
stream-state-bench-flink-kafka  | 	sasl.oauthbearer.jwks.endpoint.refresh.ms = 3600000
stream-state-bench-flink-kafka  | 	sasl.oauthbearer.jwks.endpoint.retry.backoff.max.ms = 10000
stream-state-bench-flink-kafka  | 	sasl.oauthbearer.jwks.endpoint.retry.backoff.ms = 100
stream-state-bench-flink-kafka  | 	sasl.oauthbearer.jwks.endpoint.url = null
stream-state-bench-flink-kafka  | 	sasl.oauthbearer.jwt.retriever.class = class org.apache.kafka.common.security.oauthbearer.DefaultJwtRetriever
stream-state-bench-flink-kafka  | 	sasl.oauthbearer.jwt.validator.class = class org.apache.kafka.common.security.oauthbearer.DefaultJwtValidator
stream-state-bench-flink-kafka  | 	sasl.oauthbearer.scope = null
stream-state-bench-flink-kafka  | 	sasl.oauthbearer.scope.claim.name = scope
stream-state-bench-flink-kafka  | 	sasl.oauthbearer.sub.claim.name = sub
stream-state-bench-flink-kafka  | 	sasl.oauthbearer.token.endpoint.url = null
stream-state-bench-flink-kafka  | 	sasl.server.callback.handler.class = null
stream-state-bench-flink-kafka  | 	sasl.server.max.receive.size = 524288
stream-state-bench-flink-kafka  | 	security.inter.broker.protocol = PLAINTEXT
stream-state-bench-flink-kafka  | 	security.providers = null
stream-state-bench-flink-kafka  | 	server.max.startup.time.ms = 9223372036854775807
stream-state-bench-flink-kafka  | 	share.coordinator.append.linger.ms = -1
stream-state-bench-flink-kafka  | 	share.coordinator.cached.buffer.max.bytes = 1048588
stream-state-bench-flink-kafka  | 	share.coordinator.cold.partition.snapshot.interval.ms = 300000
stream-state-bench-flink-kafka  | 	share.coordinator.load.buffer.size = 5242880
stream-state-bench-flink-kafka  | 	share.coordinator.snapshot.update.records.per.snapshot = 500
stream-state-bench-flink-kafka  | 	share.coordinator.state.topic.compression.codec = 0
stream-state-bench-flink-kafka  | 	share.coordinator.state.topic.min.isr = 2
stream-state-bench-flink-kafka  | 	share.coordinator.state.topic.num.partitions = 50
stream-state-bench-flink-kafka  | 	share.coordinator.state.topic.prune.interval.ms = 300000
stream-state-bench-flink-kafka  | 	share.coordinator.state.topic.replication.factor = 3
stream-state-bench-flink-kafka  | 	share.coordinator.state.topic.segment.bytes = 104857600
stream-state-bench-flink-kafka  | 	share.coordinator.threads = 1
stream-state-bench-flink-kafka  | 	share.coordinator.write.timeout.ms = 5000
stream-state-bench-flink-kafka  | 	share.fetch.purgatory.purge.interval.requests = 1000
stream-state-bench-flink-kafka  | 	socket.connection.setup.timeout.max.ms = 30000
stream-state-bench-flink-kafka  | 	socket.connection.setup.timeout.ms = 10000
stream-state-bench-flink-kafka  | 	socket.listen.backlog.size = 50
stream-state-bench-flink-kafka  | 	socket.receive.buffer.bytes = 102400
stream-state-bench-flink-kafka  | 	socket.request.max.bytes = 104857600
stream-state-bench-flink-kafka  | 	socket.send.buffer.bytes = 102400
stream-state-bench-flink-kafka  | 	ssl.allow.dn.changes = false
stream-state-bench-flink-kafka  | 	ssl.allow.san.changes = false
stream-state-bench-flink-kafka  | 	ssl.cipher.suites = []
stream-state-bench-flink-kafka  | 	ssl.client.auth = none
stream-state-bench-flink-kafka  | 	ssl.enabled.protocols = [TLSv1.2, TLSv1.3]
stream-state-bench-flink-kafka  | 	ssl.endpoint.identification.algorithm = https
stream-state-bench-flink-kafka  | 	ssl.engine.factory.class = null
stream-state-bench-flink-kafka  | 	ssl.key.password = null
stream-state-bench-flink-kafka  | 	ssl.keymanager.algorithm = SunX509
stream-state-bench-flink-kafka  | 	ssl.keystore.certificate.chain = null
stream-state-bench-flink-kafka  | 	ssl.keystore.key = null
stream-state-bench-flink-kafka  | 	ssl.keystore.location = null
stream-state-bench-flink-kafka  | 	ssl.keystore.password = null
stream-state-bench-flink-kafka  | 	ssl.keystore.type = JKS
stream-state-bench-flink-kafka  | 	ssl.principal.mapping.rules = DEFAULT
stream-state-bench-flink-kafka  | 	ssl.protocol = TLSv1.3
stream-state-bench-flink-kafka  | 	ssl.provider = null
stream-state-bench-flink-kafka  | 	ssl.secure.random.implementation = null
stream-state-bench-flink-kafka  | 	ssl.trustmanager.algorithm = PKIX
stream-state-bench-flink-kafka  | 	ssl.truststore.certificates = null
stream-state-bench-flink-kafka  | 	ssl.truststore.location = null
stream-state-bench-flink-kafka  | 	ssl.truststore.password = null
stream-state-bench-flink-kafka  | 	ssl.truststore.type = JKS
stream-state-bench-flink-kafka  | 	telemetry.max.bytes = 1048576
stream-state-bench-flink-kafka  | 	transaction.abort.timed.out.transaction.cleanup.interval.ms = 10000
stream-state-bench-flink-kafka  | 	transaction.max.timeout.ms = 900000
stream-state-bench-flink-kafka  | 	transaction.partition.verification.enable = true
stream-state-bench-flink-kafka  | 	transaction.remove.expired.transaction.cleanup.interval.ms = 3600000
stream-state-bench-flink-kafka  | 	transaction.state.log.load.buffer.size = 5242880
stream-state-bench-flink-kafka  | 	transaction.state.log.min.isr = 1
stream-state-bench-flink-kafka  | 	transaction.state.log.num.partitions = 50
stream-state-bench-flink-kafka  | 	transaction.state.log.replication.factor = 1
stream-state-bench-flink-kafka  | 	transaction.state.log.segment.bytes = 104857600
stream-state-bench-flink-kafka  | 	transaction.two.phase.commit.enable = false
stream-state-bench-flink-kafka  | 	transactional.id.expiration.ms = 604800000
stream-state-bench-flink-kafka  | 	unclean.leader.election.enable = false
stream-state-bench-flink-kafka  | 	unclean.leader.election.interval.ms = 300000
stream-state-bench-flink-kafka  | 	unstable.api.versions.enable = false
stream-state-bench-flink-kafka  | 	unstable.feature.versions.enable = false
stream-state-bench-flink-kafka  |  (org.apache.kafka.common.config.AbstractConfig)
stream-state-bench-flink-kafka  | [2026-07-17 16:59:33,666] INFO [BrokerServer id=1] Waiting for the broker to be unfenced (kafka.server.BrokerServer)
stream-state-bench-flink-kafka  | [2026-07-17 16:59:33,694] INFO [BrokerLifecycleManager id=1] The broker has been unfenced. Transitioning from RECOVERY to RUNNING. (org.apache.kafka.server.BrokerLifecycleManager)
stream-state-bench-flink-kafka  | [2026-07-17 16:59:33,694] INFO [BrokerServer id=1] Finished waiting for the broker to be unfenced (kafka.server.BrokerServer)
stream-state-bench-flink-kafka  | [2026-07-17 16:59:33,695] INFO authorizerStart completed for endpoint PLAINTEXT. Endpoint is now READY. (org.apache.kafka.server.network.EndpointReadyFutures)
stream-state-bench-flink-kafka  | [2026-07-17 16:59:33,695] INFO [SocketServer listenerType=BROKER, nodeId=1] Enabling request processing. (kafka.network.SocketServer)
stream-state-bench-flink-kafka  | [2026-07-17 16:59:33,695] INFO Awaiting socket connections on 0.0.0.0:9092. (kafka.network.DataPlaneAcceptor)
stream-state-bench-flink-kafka  | [2026-07-17 16:59:33,696] INFO [BrokerServer id=1] Waiting for all of the authorizer futures to be completed (kafka.server.BrokerServer)
stream-state-bench-flink-kafka  | [2026-07-17 16:59:33,696] INFO [BrokerServer id=1] Finished waiting for all of the authorizer futures to be completed (kafka.server.BrokerServer)
stream-state-bench-flink-kafka  | [2026-07-17 16:59:33,696] INFO [BrokerServer id=1] Waiting for all of the SocketServer Acceptors to be started (kafka.server.BrokerServer)
stream-state-bench-flink-kafka  | [2026-07-17 16:59:33,696] INFO [BrokerServer id=1] Finished waiting for all of the SocketServer Acceptors to be started (kafka.server.BrokerServer)
stream-state-bench-flink-kafka  | [2026-07-17 16:59:33,696] INFO [BrokerServer id=1] Transition from STARTING to STARTED (kafka.server.BrokerServer)
stream-state-bench-flink-kafka  | [2026-07-17 16:59:33,696] INFO Kafka version: 4.3.1 (org.apache.kafka.common.utils.AppInfoParser)
stream-state-bench-flink-kafka  | [2026-07-17 16:59:33,696] INFO Kafka commitId: 26b251a451ce941d (org.apache.kafka.common.utils.AppInfoParser)
stream-state-bench-flink-kafka  | [2026-07-17 16:59:33,697] INFO Kafka startTimeMs: 1784307573696 (org.apache.kafka.common.utils.AppInfoParser)
stream-state-bench-flink-kafka  | [2026-07-17 16:59:33,697] INFO [KafkaRaftServer nodeId=1] Kafka Server started (kafka.server.KafkaRaftServer)
stream-state-bench-flink-kafka  | [2026-07-17 16:59:35,803] INFO [ReplicaFetcherManager on broker 1] Removed fetcher for partitions Set(bench-w3-latency-input-0) (kafka.server.ReplicaFetcherManager)
stream-state-bench-flink-kafka  | [2026-07-17 16:59:35,814] INFO [LogLoader partition=bench-w3-latency-input-0, dir=/tmp/kafka-logs] Loading producer state till offset 0 (org.apache.kafka.storage.internals.log.UnifiedLog)
stream-state-bench-flink-kafka  | [2026-07-17 16:59:35,817] INFO Created log for partition bench-w3-latency-input-0 in /tmp/kafka-logs/bench-w3-latency-input-0 with properties {message.timestamp.type="LogAppendTime"} (kafka.log.LogManager)
stream-state-bench-flink-kafka  | [2026-07-17 16:59:35,818] INFO [Partition bench-w3-latency-input-0 broker=1] No checkpointed highwatermark is found for partition bench-w3-latency-input-0 (kafka.cluster.Partition)
stream-state-bench-flink-kafka  | [2026-07-17 16:59:35,819] INFO [Partition bench-w3-latency-input-0 broker=1] Log loaded for partition bench-w3-latency-input-0 with initial high watermark 0 (kafka.cluster.Partition)
stream-state-bench-flink-kafka  | [2026-07-17 16:59:35,826] INFO [DynamicConfigPublisher broker id=1] Updating topic bench-w3-latency-input with new configuration : message.timestamp.type -> LogAppendTime (kafka.server.metadata.DynamicConfigPublisher)
stream-state-bench-flink-kafka  | [2026-07-17 16:59:37,467] INFO [ReplicaFetcherManager on broker 1] Removed fetcher for partitions Set(bench-w3-latency-flink-output-0) (kafka.server.ReplicaFetcherManager)
stream-state-bench-flink-kafka  | [2026-07-17 16:59:37,470] INFO [LogLoader partition=bench-w3-latency-flink-output-0, dir=/tmp/kafka-logs] Loading producer state till offset 0 (org.apache.kafka.storage.internals.log.UnifiedLog)
stream-state-bench-flink-kafka  | [2026-07-17 16:59:37,471] INFO Created log for partition bench-w3-latency-flink-output-0 in /tmp/kafka-logs/bench-w3-latency-flink-output-0 with properties {} (kafka.log.LogManager)
stream-state-bench-flink-kafka  | [2026-07-17 16:59:37,471] INFO [Partition bench-w3-latency-flink-output-0 broker=1] No checkpointed highwatermark is found for partition bench-w3-latency-flink-output-0 (kafka.cluster.Partition)
stream-state-bench-flink-kafka  | [2026-07-17 16:59:37,471] INFO [Partition bench-w3-latency-flink-output-0 broker=1] Log loaded for partition bench-w3-latency-flink-output-0 with initial high watermark 0 (kafka.cluster.Partition)
