event_id,t0_ms,t1_ms,t2_ms,t3_ms,write_to_input_append_latency_ms,input_append_to_result_emission_latency_ms,l_visibility_ms,l_closure_ms,latency_ms
ss-41-60000,1784408565671.8396,1784408566174,1784408572519.0,1784408573253.4844,502.16,6345.0,734.484,1784407912519.0,7581.645
ss-19-60000,1784408570171.869,1784408570375,1784408572538.0,1784408573253.4885,203.131,2163.0,715.489,1784407912538.0,3081.62
ss-7-60000,1784408569071.8657,1784408569324,1784408572538.0,1784408573253.4905,252.134,3214.0,715.49,1784407912538.0,4181.625
ss-54-60000,1784408566771.8328,1784408567225,1784408572538.0,1784408573253.4917,453.167,5313.0,715.492,1784407912538.0,6481.659
ss-24-60000,1784408568421.8433,1784408569324,1784408572539.0,1784408573253.4927,902.157,3215.0,714.493,1784407912539.0,4831.649
ss-39-60000,1784408569571.8433,1784408570375,1784408572539.0,1784408573253.5173,803.157,2164.0,714.517,1784407912539.0,3681.674
ss-12-60000,1784408554971.8586,1784408555674,1784408572539.0,1784408573253.523,702.141,16865.0,714.523,1784407912539.0,18281.664
ss-2-60000,1784408569621.8823,1784408570375,1784408572539.0,1784408573253.5283,753.118,2164.0,714.528,1784407912539.0,3631.646
ss-21-60000,1784408567471.838,1784408568274,1784408572539.0,1784408573253.5476,802.162,4265.0,714.548,1784407912539.0,5781.71
ss-72-60000,1784408570671.8691,1784408571424,1784408572539.0,1784408573253.5488,752.131,1115.0,714.549,1784407912539.0,2581.68
ss-14-60000,1784408571021.8318,1784408571424,1784408572539.0,1784408573253.5496,402.168,1115.0,714.55,1784407912539.0,2231.718
ss-91-60000,1784408570771.8813,1784408571424,1784408572539.0,1784408573253.5503,652.119,1115.0,714.55,1784407912539.0,2481.669
ss-98-60000,1784408563221.8657,1784408564075,1784408572539.0,1784408573253.551,853.134,8464.0,714.551,1784407912539.0,10031.685
ss-16-60000,1784408570821.8423,1784408571424,1784408572539.0,1784408573253.5518,602.158,1115.0,714.552,1784407912539.0,2431.709
ss-28-60000,1784408571271.8687,1784408571424,1784408572539.0,1784408573253.5525,152.131,1115.0,714.552,1784407912539.0,1981.684
ss-79-60000,1784408555721.8223,1784408556725,1784408572540.0,1784408573253.553,1003.178,15815.0,713.553,1784407912540.0,17531.731
ss-31-60000,1784408569421.8748,1784408570375,1784408572540.0,1784408573253.5576,953.125,2165.0,713.558,1784407912540.0,3831.683
ss-50-60000,1784408569921.8523,1784408570375,1784408572540.0,1784408573253.5583,453.148,2165.0,713.558,1784407912540.0,3331.706
ss-63-60000,1784408568171.8506,1784408568274,1784408572540.0,1784408573253.5588,102.149,4266.0,713.559,1784407912540.0,5081.708
ss-51-60000,1784408569471.872,1784408570375,1784408572540.0,1784408573253.5596,903.128,2165.0,713.56,1784407912540.0,3781.688
ss-99-60000,1784408556071.857,1784408556725,1784408572540.0,1784408573253.56,653.143,15815.0,713.56,1784407912540.0,17181.703
ss-35-60000,1784408569121.8616,1784408569324,1784408572540.0,1784408573253.5605,202.138,3216.0,713.561,1784407912540.0,4131.699
ss-70-60000,1784408570521.831,1784408571424,1784408572540.0,1784408573253.561,902.169,1116.0,713.561,1784407912540.0,2731.73
ss-90-60000,1784408569721.841,1784408570375,1784408572540.0,1784408573253.5618,653.159,2165.0,713.562,1784407912540.0,3531.721
ss-9-60000,1784408571071.8635,1784408571424,1784408572540.0,1784408573253.5625,352.136,1116.0,713.562,1784407912540.0,2181.699
ss-64-60000,1784408568121.8406,1784408568274,1784408572540.0,1784408573253.5637,152.159,4266.0,713.564,1784407912540.0,5131.723
ss-80-60000,1784408564921.8528,1784408565124,1784408572540.0,1784408573253.5715,202.147,7416.0,713.572,1784407912540.0,8331.719
ss-59-60000,1784408570021.83,1784408570375,1784408572540.0,1784408573253.572,353.17,2165.0,713.572,1784407912540.0,3231.742
ss-45-60000,1784408559921.8345,1784408560925,1784408572541.0,1784408573253.5728,1003.166,11616.0,712.573,1784407912541.0,13331.738
ss-48-60000,1784408568971.8591,1784408569324,1784408572541.0,1784408573253.5938,352.141,3217.0,712.594,1784407912541.0,4281.735
ss-58-60000,1784408570471.8718,1784408571424,1784408572541.0,1784408573253.5947,952.128,1117.0,712.595,1784407912541.0,2781.723
ss-29-60000,1784408561821.8447,1784408561974,1784408572541.0,1784408573253.6248,152.155,10567.0,712.625,1784407912541.0,11431.78
ss-84-60000,1784408566421.8538,1784408567225,1784408572541.0,1784408573253.6301,803.146,5316.0,712.63,1784407912541.0,6831.776
ss-74-60000,1784408571171.8657,1784408571424,1784408572541.0,1784408573253.631,252.134,1117.0,712.631,1784407912541.0,2081.765
ss-38-60000,1784408571421.8438,1784408571424,1784408572541.0,1784408573253.6414,2.156,1117.0,712.641,1784407912541.0,1831.798
ss-1-60000,1784408571371.8533,1784408571424,1784408572541.0,1784408573253.751,52.147,1117.0,712.751,1784407912541.0,1881.898
ss-23-60000,1784408552621.8547,1784408553575,1784408572541.0,1784408573253.7532,953.145,18966.0,712.753,1784407912541.0,20631.898
ss-75-60000,1784408569821.8428,1784408570375,1784408572541.0,1784408573253.7651,553.157,2166.0,712.765,1784407912541.0,3431.922
ss-33-60000,1784408568671.8394,1784408569324,1784408572541.0,1784408573253.7664,652.161,3217.0,712.766,1784407912541.0,4581.927
ss-4-60000,1784408570721.844,1784408571424,1784408572542.0,1784408573253.767,702.156,1118.0,711.767,1784407912542.0,2531.923
ss-6-60000,1784408567371.851,1784408568274,1784408572542.0,1784408573253.7676,902.149,4268.0,711.768,1784407912542.0,5881.917
ss-0-60000,1784408569871.8977,1784408570375,1784408572542.0,1784408573253.7688,503.102,2167.0,711.769,1784407912542.0,3381.871
ss-10-60000,1784408567071.8376,1784408567225,1784408572542.0,1784408573253.7695,153.162,5317.0,711.77,1784407912542.0,6181.932
ss-47-60000,1784408566721.8428,1784408567225,1784408572542.0,1784408573253.77,503.157,5317.0,711.77,1784407912542.0,6531.927
ss-65-60000,1784408566621.845,1784408567225,1784408572542.0,1784408573253.7705,603.155,5317.0,711.771,1784407912542.0,6631.926
ss-71-60000,1784408554071.8665,1784408554624,1784408572542.0,1784408573253.771,552.134,17918.0,711.771,1784407912542.0,19181.905
ss-43-60000,1784408569021.8677,1784408569324,1784408572542.0,1784408573253.7717,302.132,3218.0,711.772,1784407912542.0,4231.904
ss-86-60000,1784408563921.8496,1784408564075,1784408572542.0,1784408573253.7761,153.15,8467.0,711.776,1784407912542.0,9331.927
ss-61-60000,1784408567871.8486,1784408568274,1784408572542.0,1784408573253.7766,402.151,4268.0,711.777,1784407912542.0,5381.928
ss-57-60000,1784408570071.865,1784408570375,1784408572543.0,1784408573253.777,303.135,2168.0,710.777,1784407912543.0,3181.912
ss-26-60000,1784408567021.8313,1784408567225,1784408572543.0,1784408573253.8235,203.169,5318.0,710.823,1784407912543.0,6231.992
ss-83-60000,1784408567721.8372,1784408568274,1784408572543.0,1784408573253.824,552.163,4269.0,710.824,1784407912543.0,5531.987
ss-68-60000,1784408562521.8318,1784408563024,1784408572543.0,1784408573253.8325,502.168,9519.0,710.833,1784407912543.0,10732.001
ss-55-60000,1784408545771.835,1784408546224,1784408572543.0,1784408573253.8335,452.165,26319.0,710.833,1784407912543.0,27481.999
ss-77-60000,1784408564871.838,1784408565124,1784408572543.0,1784408573253.834,252.162,7419.0,710.834,1784407912543.0,8381.996
ss-20-60000,1784408559571.8438,1784408559875,1784408572543.0,1784408573253.8345,303.156,12668.0,710.834,1784407912543.0,13681.991
ss-3-60000,1784408566821.8337,1784408567225,1784408572543.0,1784408573253.8418,403.166,5318.0,710.842,1784407912543.0,6432.008
ss-81-60000,1784408570921.8408,1784408571424,1784408572543.0,1784408573253.8423,502.159,1119.0,710.842,1784407912543.0,2332.001
ss-17-60000,1784408568371.8472,1784408569324,1784408572543.0,1784408573253.8696,952.153,3219.0,710.87,1784407912543.0,4882.022
ss-15-60000,1784408567971.8362,1784408568274,1784408572544.0,1784408573253.87,302.164,4270.0,709.87,1784407912544.0,5282.034
ss-44-60000,1784408565521.8325,1784408566174,1784408572544.0,1784408573253.874,652.167,6370.0,709.874,1784407912544.0,7732.042
ss-18-60000,1784408565471.8362,1784408566174,1784408572544.0,1784408573253.928,702.164,6370.0,709.928,1784407912544.0,7782.092
ss-96-60000,1784408567221.8582,1784408567225,1784408572544.0,1784408573253.932,3.142,5319.0,709.932,1784407912544.0,6032.074
ss-95-60000,1784408563521.8547,1784408564075,1784408572544.0,1784408573254.0305,553.145,8469.0,710.031,1784407912544.0,9732.176
ss-94-60000,1784408567671.8406,1784408568274,1784408572544.0,1784408573254.032,602.159,4270.0,710.032,1784407912544.0,5582.191
ss-8-60000,1784408566021.8752,1784408566174,1784408572544.0,1784408573254.0325,152.125,6370.0,710.032,1784407912544.0,7232.157
ss-53-60000,1784408567521.835,1784408568274,1784408572544.0,1784408573254.0388,752.165,4270.0,710.039,1784407912544.0,5732.204
ss-62-60000,1784408565321.8428,1784408566174,1784408572544.0,1784408573254.0393,852.157,6370.0,710.039,1784407912544.0,7932.197
ss-66-60000,1784408570221.8496,1784408570375,1784408572544.0,1784408573254.0461,153.15,2169.0,710.046,1784407912544.0,3032.197
ss-5-60000,1784408570571.867,1784408571424,1784408572544.0,1784408573254.0466,852.133,1120.0,710.047,1784407912544.0,2682.18
ss-67-60000,1784408571121.871,1784408571424,1784408572544.0,1784408573254.049,302.129,1120.0,710.049,1784407912544.0,2132.178
ss-82-60000,1784408570371.861,1784408570375,1784408572545.0,1784408573254.0493,3.139,2170.0,709.049,1784407912545.0,2882.188
ss-69-60000,1784408558471.8303,1784408558825,1784408572545.0,1784408573254.0498,353.17,13720.0,709.05,1784407912545.0,14782.219
ss-42-60000,1784408568271.8337,1784408568274,1784408572545.0,1784408573254.0525,2.166,4271.0,709.052,1784407912545.0,4982.219
ss-85-60000,1784408567921.8413,1784408568274,1784408572545.0,1784408573254.0735,352.159,4271.0,709.073,1784407912545.0,5332.232
ss-30-60000,1784408568621.8481,1784408569324,1784408572545.0,1784408573254.0884,702.152,3221.0,709.088,1784407912545.0,4632.24
ss-92-60000,1784408570321.8547,1784408570375,1784408572545.0,1784408573254.173,53.145,2170.0,709.173,1784407912545.0,2932.318
ss-46-60000,1784408569171.8699,1784408569324,1784408572545.0,1784408573254.1753,152.13,3221.0,709.175,1784407912545.0,4082.305
ss-73-60000,1784408544871.833,1784408545175,1784408572545.0,1784408573254.1765,303.167,27370.0,709.177,1784407912545.0,28382.344
ss-97-60000,1784408570421.842,1784408571424,1784408572545.0,1784408573254.1772,1002.158,1121.0,709.177,1784407912545.0,2832.335
ss-25-60000,1784408565821.8572,1784408566174,1784408572545.0,1784408573254.1829,352.143,6371.0,709.183,1784407912545.0,7432.326
ss-78-60000,1784408563271.8784,1784408564075,1784408572545.0,1784408573254.183,803.122,8470.0,709.183,1784407912545.0,9982.305
ss-40-60000,1784408565571.8523,1784408566174,1784408572545.0,1784408573254.2317,602.148,6371.0,709.232,1784407912545.0,7682.379
ss-49-60000,1784408571221.859,1784408571424,1784408572545.0,1784408573254.2327,202.141,1121.0,709.233,1784407912545.0,2032.374
ss-88-60000,1784408563871.8582,1784408564075,1784408572546.0,1784408573254.2388,203.142,8471.0,708.239,1784407912546.0,9382.381
ss-22-60000,1784408557871.8567,1784408558825,1784408572546.0,1784408573254.3186,953.143,13721.0,708.319,1784407912546.0,15382.462
ss-27-60000,1784408569321.857,1784408569324,1784408572546.0,1784408573254.3198,2.143,3222.0,708.32,1784407912546.0,3932.463
ss-32-60000,1784408570871.8586,1784408571424,1784408572546.0,1784408573254.3206,552.141,1122.0,708.321,1784407912546.0,2382.462
ss-11-60000,1784408568571.8303,1784408569324,1784408572546.0,1784408573254.3213,752.17,3222.0,708.321,1784407912546.0,4682.491
ss-87-60000,1784408570271.8674,1784408570375,1784408572546.0,1784408573254.3318,103.133,2171.0,708.332,1784407912546.0,2982.464
ss-76-60000,1784408571321.8625,1784408571424,1784408572546.0,1784408573254.3926,102.137,1122.0,708.393,1784407912546.0,1932.53
ss-37-60000,1784408564371.843,1784408565124,1784408572546.0,1784408573254.3936,752.157,7422.0,708.394,1784407912546.0,8882.551
ss-56-60000,1784408555571.8398,1784408555674,1784408572546.0,1784408573254.3945,102.16,16872.0,708.395,1784407912546.0,17682.555
ss-34-60000,1784408569371.865,1784408570375,1784408572546.0,1784408573254.396,1003.135,2171.0,708.396,1784407912546.0,3882.531
ss-60-60000,1784408569771.8445,1784408570375,1784408572546.0,1784408573254.3967,603.156,2171.0,708.397,1784407912546.0,3482.552
ss-36-60000,1784408567571.8394,1784408568274,1784408572546.0,1784408573254.401,702.161,4272.0,708.401,1784407912546.0,5682.562
ss-13-60000,1784408570121.8594,1784408570375,1784408572547.0,1784408573254.4014,253.141,2172.0,707.401,1784407912547.0,3132.542
ss-89-60000,1784408570971.8325,1784408571424,1784408572547.0,1784408573254.4016,452.167,1123.0,707.402,1784407912547.0,2282.569
ss-52-60000,1784408568871.8418,1784408569324,1784408572547.0,1784408573254.428,452.158,3223.0,707.428,1784407912547.0,4382.586
ss-93-60000,1784408567121.835,1784408567225,1784408572547.0,1784408573254.4287,103.165,5322.0,707.429,1784407912547.0,6132.594
ss-24-120000,1784408598621.861,1784408598675,1784408601946.0,1784408602130.939,53.139,3271.0,184.939,1784407881946.0,3509.078
ss-39-120000,1784408592771.8772,1784408593474,1784408601947.0,1784408602130.9421,702.123,8473.0,183.942,1784407881947.0,9359.065
ss-19-120000,1784408598871.8572,1784408599724,1784408601947.0,1784408602130.9448,852.143,2223.0,183.945,1784407881947.0,3259.088
ss-54-120000,1784408600671.8303,1784408600774,1784408601947.0,1784408602130.9458,102.17,1173.0,183.946,1784407881947.0,1459.115
ss-2-120000,1784408594621.8372,1784408595575,1784408601947.0,1784408602130.9465,953.163,6372.0,183.947,1784407881947.0,7509.109
ss-21-120000,1784408598721.8555,1784408599724,1784408601947.0,1784408602130.948,1002.145,2223.0,183.948,1784407881947.0,3409.093
ss-12-120000,1784408596671.8406,1784408597624,1784408601947.0,1784408602130.9497,952.159,4323.0,183.95,1784407881947.0,5459.109
ss-72-120000,1784408588521.8335,1784408589275,1784408601947.0,1784408602130.9507,753.167,12672.0,183.951,1784407881947.0,13609.117
ss-14-120000,1784408596371.8608,1784408596577,1784408601947.0,1784408602130.9797,205.139,5370.0,183.98,1784407881947.0,5759.119
ss-91-120000,1784408601321.839,1784408601824,1784408601947.0,1784408602130.9841,502.161,123.0,183.984,1784407881947.0,809.145
ss-98-120000,1784408595221.85,1784408595575,1784408601947.0,1784408602130.9854,353.15,6372.0,183.985,1784407881947.0,6909.135
ss-7-120000,1784408589871.8699,1784408590324,1784408601947.0,1784408602131.0107,452.13,11623.0,184.011,1784407881947.0,12259.141
ss-16-120000,1784408594371.8682,1784408594524,1784408601947.0,1784408602131.0166,152.132,7423.0,184.017,1784407881947.0,7759.148
ss-9-120000,1784408592921.8635,1784408593474,1784408601947.0,1784408602131.121,552.136,8473.0,184.121,1784407881947.0,9209.258
ss-31-120000,1784408598371.8552,1784408598675,1784408601947.0,1784408602131.122,303.145,3272.0,184.122,1784407881947.0,3759.267
ss-79-120000,1784408600771.8315,1784408600774,1784408601948.0,1784408602131.1226,2.168,1174.0,183.123,1784407881948.0,1359.291
ss-50-120000,1784408596721.8384,1784408597624,1784408601948.0,1784408602131.1228,902.162,4324.0,183.123,1784407881948.0,5409.284
ss-63-120000,1784408596321.8281,1784408596577,1784408601948.0,1784408602131.1233,255.172,5371.0,183.123,1784407881948.0,5809.295
ss-51-120000,1784408600521.8337,1784408600774,1784408601948.0,1784408602131.1235,252.166,1174.0,183.124,1784407881948.0,1609.29
ss-28-120000,1784408599421.837,1784408599724,1784408601948.0,1784408602131.124,302.163,2224.0,183.124,1784407881948.0,2709.287
ss-64-120000,1784408598121.828,1784408598675,1784408601948.0,1784408602131.125,553.172,3273.0,183.125,1784407881948.0,4009.297
ss-35-120000,1784408599021.8662,1784408599724,1784408601948.0,1784408602131.1255,702.134,2224.0,183.125,1784407881948.0,3109.259
ss-70-120000,1784408597671.8376,1784408598675,1784408601948.0,1784408602131.1257,1003.162,3273.0,183.126,1784407881948.0,4459.288
ss-99-120000,1784408601021.8335,1784408601824,1784408601948.0,1784408602131.1262,802.167,124.0,183.126,1784407881948.0,1109.293
ss-80-120000,1784408599471.8604,1784408599724,1784408601948.0,1784408602131.1265,252.14,2224.0,183.126,1784407881948.0,2659.266
ss-90-120000,1784408595321.8555,1784408595575,1784408601948.0,1784408602131.4495,253.145,6373.0,183.449,1784407881948.0,6809.594
ss-59-120000,1784408599521.8413,1784408599724,1784408601948.0,1784408602131.4539,202.159,2224.0,183.454,1784407881948.0,2609.613
ss-45-120000,1784408581171.8618,1784408581924,1784408601948.0,1784408602131.4556,752.138,20024.0,183.456,1784407881948.0,20959.594
ss-41-120000,1784408598571.8633,1784408598675,1784408601948.0,1784408602131.4565,103.137,3273.0,183.457,1784407881948.0,3559.593
ss-48-120000,1784408592271.828,1784408592424,1784408601948.0,1784408602131.4597,152.172,9524.0,183.46,1784407881948.0,9859.632
ss-29-120000,1784408600171.8503,1784408600774,1784408601948.0,1784408602131.4607,602.15,1174.0,183.461,1784407881948.0,1959.61
ss-58-120000,1784408600721.831,1784408600774,1784408601949.0,1784408602131.4617,52.169,1175.0,182.462,1784407881949.0,1409.631
ss-84-120000,1784408598771.8635,1784408599724,1784408601949.0,1784408602131.4626,952.136,2225.0,182.463,1784407881949.0,3359.599
ss-38-120000,1784408598971.8608,1784408599724,1784408601949.0,1784408602131.4636,752.139,2225.0,182.464,1784407881949.0,3159.603
ss-1-120000,1784408590121.8552,1784408590324,1784408601949.0,1784408602131.4648,202.145,11625.0,182.465,1784407881949.0,12009.61
ss-74-120000,1784408587821.8623,1784408588225,1784408601949.0,1784408602131.4658,403.138,13724.0,182.466,1784407881949.0,14309.604
ss-75-120000,1784408593621.8345,1784408594524,1784408601949.0,1784408602131.4673,902.166,7425.0,182.467,1784407881949.0,8509.633
ss-33-120000,1784408600371.8625,1784408600774,1784408601949.0,1784408602131.469,402.137,1175.0,182.469,1784407881949.0,1759.606
ss-23-120000,1784408600921.8403,1784408601824,1784408601949.0,1784408602131.4844,902.16,125.0,182.484,1784407881949.0,1209.644
ss-6-120000,1784408591471.845,1784408592424,1784408601949.0,1784408602131.4854,952.155,9525.0,182.485,1784407881949.0,10659.64
ss-0-120000,1784408595771.8674,1784408596577,1784408601949.0,1784408602131.562,805.133,5372.0,182.562,1784407881949.0,6359.695
ss-10-120000,1784408596471.8281,1784408596577,1784408601949.0,1784408602131.5635,105.172,5372.0,182.563,1784407881949.0,5659.735
ss-47-120000,1784408596921.8374,1784408597624,1784408601949.0,1784408602131.5642,702.163,4325.0,182.564,1784407881949.0,5209.727
ss-4-120000,1784408599271.8271,1784408599724,1784408601949.0,1784408602131.565,452.173,2225.0,182.565,1784407881949.0,2859.738
ss-65-120000,1784408596071.8455,1784408596577,1784408601949.0,1784408602131.5662,505.155,5372.0,182.566,1784407881949.0,6059.721
ss-86-120000,1784408600871.8633,1784408601824,1784408601949.0,1784408602131.6436,952.137,125.0,182.644,1784407881949.0,1259.78
ss-43-120000,1784408579871.852,1784408580874,1784408601949.0,1784408602131.6572,1002.148,21075.0,182.657,1784407881949.0,22259.805
ss-61-120000,1784408594321.8337,1784408594524,1784408601949.0,1784408602131.6582,202.166,7425.0,182.658,1784407881949.0,7809.824
ss-57-120000,1784408597621.8315,1784408597624,1784408601949.0,1784408602131.6594,2.168,4325.0,182.659,1784407881949.0,4509.828
ss-26-120000,1784408599171.8362,1784408599724,1784408601950.0,1784408602131.6614,552.164,2226.0,181.661,1784407881950.0,2959.825
ss-71-120000,1784408589471.8528,1784408590324,1784408601950.0,1784408602131.662,852.147,11626.0,181.662,1784407881950.0,12659.809
ss-55-120000,1784408600321.8386,1784408600774,1784408601950.0,1784408602131.663,452.161,1176.0,181.663,1784407881950.0,1809.824
ss-20-120000,1784408600621.8357,1784408600774,1784408601950.0,1784408602131.679,152.164,1176.0,181.679,1784407881950.0,1509.843
ss-3-120000,1784408593271.8413,1784408593474,1784408601950.0,1784408602131.68,202.159,8476.0,181.68,1784407881950.0,8859.839
ss-77-120000,1784408599621.839,1784408599724,1784408601950.0,1784408602131.6865,102.161,2226.0,181.687,1784407881950.0,2509.847
ss-17-120000,1784408588971.8345,1784408589275,1784408601950.0,1784408602131.6875,303.166,12675.0,181.688,1784407881950.0,13159.853
ss-81-120000,1784408596421.8257,1784408596577,1784408601950.0,1784408602131.6882,155.174,5373.0,181.688,1784407881950.0,5709.863
ss-15-120000,1784408600271.8474,1784408600774,1784408601950.0,1784408602131.7307,502.153,1176.0,181.731,1784407881950.0,1859.883
ss-44-120000,1784408601421.8691,1784408601824,1784408601950.0,1784408602131.7366,402.131,126.0,181.737,1784407881950.0,709.867
ss-68-120000,1784408597271.8281,1784408597624,1784408601950.0,1784408602131.7373,352.172,4326.0,181.737,1784407881950.0,4859.909
ss-18-120000,1784408599571.8357,1784408599724,1784408601950.0,1784408602131.7515,152.164,2226.0,181.751,1784407881950.0,2559.916
ss-95-120000,1784408599871.843,1784408600774,1784408601950.0,1784408602131.7776,902.157,1176.0,181.778,1784407881950.0,2259.935
ss-96-120000,1784408598221.8428,1784408598675,1784408601950.0,1784408602131.7786,453.157,3275.0,181.779,1784407881950.0,3909.936
ss-94-120000,1784408599721.829,1784408599724,1784408601950.0,1784408602131.7793,2.171,2226.0,181.779,1784407881950.0,2409.95
ss-62-120000,1784408601121.8335,1784408601824,1784408601950.0,1784408602131.8154,702.167,126.0,181.815,1784407881950.0,1009.982
ss-66-120000,1784408598471.8696,1784408598675,1784408601950.0,1784408602131.8582,203.13,3275.0,181.858,1784407881950.0,3659.989
ss-53-120000,1784408600471.8308,1784408600774,1784408601950.0,1784408602131.8591,302.169,1176.0,181.859,1784407881950.0,1660.028
ss-67-120000,1784408595621.87,1784408596577,1784408601951.0,1784408602131.8667,955.13,5374.0,180.867,1784407881951.0,6509.997
ss-82-120000,1784408598021.8281,1784408598675,1784408601951.0,1784408602131.8975,653.172,3276.0,180.897,1784407881951.0,4110.069
ss-5-120000,1784408593321.8467,1784408593474,1784408601951.0,1784408602131.8982,152.153,8477.0,180.898,1784407881951.0,8810.052
ss-69-120000,1784408597071.8342,1784408597624,1784408601951.0,1784408602131.8992,552.166,4327.0,180.899,1784407881951.0,5060.065
ss-42-120000,1784408597971.8284,1784408598675,1784408601951.0,1784408602131.9985,703.172,3276.0,180.999,1784407881951.0,4160.17
ss-85-120000,1784408593771.854,1784408594524,1784408601951.0,1784408602132.0005,752.146,7427.0,181.0,1784407881951.0,8360.146
ss-30-120000,1784408591971.8333,1784408592424,1784408601951.0,1784408602132.0186,452.167,9527.0,181.019,1784407881951.0,10160.185
ss-8-120000,1784408593571.8477,1784408594524,1784408601951.0,1784408602132.0198,952.152,7427.0,181.02,1784407881951.0,8560.172
ss-92-120000,1784408600021.8318,1784408600774,1784408601951.0,1784408602132.021,752.168,1177.0,181.021,1784407881951.0,2110.189
ss-46-120000,1784408593671.8608,1784408594524,1784408601951.0,1784408602132.039,852.139,7427.0,181.039,1784407881951.0,8460.178
ss-25-120000,1784408601371.8687,1784408601824,1784408601951.0,1784408602132.0403,452.131,127.0,181.04,1784407881951.0,760.172
ss-97-120000,1784408587471.8472,1784408588225,1784408601951.0,1784408602132.041,753.153,13726.0,181.041,1784407881951.0,14660.194
ss-78-120000,1784408590521.8604,1784408591374,1784408601951.0,1784408602132.042,852.14,10577.0,181.042,1784407881951.0,11610.182
ss-40-120000,1784408594521.838,1784408594524,1784408601951.0,1784408602132.0427,2.162,7427.0,181.043,1784407881951.0,7610.205
ss-49-120000,1784408601071.833,1784408601824,1784408601951.0,1784408602132.0435,752.167,127.0,181.043,1784407881951.0,1060.21
ss-73-120000,1784408599821.8333,1784408600774,1784408601951.0,1784408602132.0442,952.167,1177.0,181.044,1784407881951.0,2310.211
ss-11-120000,1784408595471.8547,1784408595575,1784408601951.0,1784408602132.045,103.145,6376.0,181.045,1784407881951.0,6660.19
ss-22-120000,1784408587571.8474,1784408588225,1784408601951.0,1784408602132.082,653.153,13726.0,181.082,1784407881951.0,14560.235
ss-27-120000,1784408601271.8545,1784408601824,1784408601951.0,1784408602132.0828,552.146,127.0,181.083,1784407881951.0,860.228
ss-88-120000,1784408597821.8518,1784408598675,1784408601952.0,1784408602132.0837,853.148,3277.0,180.084,1784407881952.0,4310.232
ss-87-120000,1784408591621.8577,1784408592424,1784408601952.0,1784408602132.0908,802.142,9528.0,180.091,1784407881952.0,10510.233
ss-32-120000,1784408601221.8328,1784408601824,1784408601952.0,1784408602132.1182,602.167,128.0,180.118,1784407881952.0,910.285
ss-76-120000,1784408592221.8306,1784408592424,1784408601952.0,1784408602132.1191,202.169,9528.0,180.119,1784407881952.0,9910.289
ss-37-120000,1784408579121.8462,1784408579824,1784408601952.0,1784408602132.1252,702.154,22128.0,180.125,1784407881952.0,23010.279
ss-83-120000,1784408600971.8306,1784408601824,1784408601952.0,1784408602132.2454,852.169,128.0,180.245,1784407881952.0,1160.415
ss-56-120000,1784408589621.863,1784408590324,1784408601952.0,1784408602132.2556,702.137,11628.0,180.256,1784407881952.0,12510.393
ss-60-120000,1784408594971.8289,1784408595575,1784408601952.0,1784408602132.2566,603.171,6377.0,180.257,1784407881952.0,7160.428
ss-34-120000,1784408598171.8367,1784408598675,1784408601952.0,1784408602132.2573,503.163,3277.0,180.257,1784407881952.0,3960.421
ss-36-120000,1784408595671.8833,1784408596577,1784408601952.0,1784408602132.2676,905.117,5375.0,180.268,1784407881952.0,6460.384
ss-89-120000,1784408600421.834,1784408600774,1784408601952.0,1784408602132.2686,352.166,1178.0,180.269,1784407881952.0,1710.435
ss-52-120000,1784408600821.832,1784408601824,1784408601952.0,1784408602132.2693,1002.168,128.0,180.269,1784407881952.0,1310.437
ss-13-120000,1784408601171.8325,1784408601824,1784408601952.0,1784408602132.2737,652.167,128.0,180.274,1784407881952.0,960.441
ss-93-120000,1784408598671.8677,1784408598675,1784408601952.0,1784408602132.303,3.132,3277.0,180.303,1784407881952.0,3460.435
ss-24-180000,1784408625571.8518,1784408625974,1784408632374.0,1784408633191.1704,402.148,6400.0,817.17,1784407852374.0,7619.319
ss-39-180000,1784408630071.8567,1784408630174,1784408632375.0,1784408633191.1748,102.143,2201.0,816.175,1784407852375.0,3119.318
ss-54-180000,1784408627571.8364,1784408628073,1784408632375.0,1784408633191.1758,501.164,4302.0,816.176,1784407852375.0,5619.339
ss-2-180000,1784408630771.895,1784408631223,1784408632375.0,1784408633191.1763,451.105,1152.0,816.176,1784407852375.0,2419.281
ss-21-180000,1784408628871.8599,1784408629124,1784408632375.0,1784408633191.177,252.14,3251.0,816.177,1784407852375.0,4319.317
ss-12-180000,1784408628521.833,1784408629124,1784408632375.0,1784408633191.1772,602.167,3251.0,816.177,1784407852375.0,4669.344
ss-14-180000,1784408628771.8518,1784408629124,1784408632375.0,1784408633191.1775,352.148,3251.0,816.177,1784407852375.0,4419.326
ss-72-180000,1784408627171.8455,1784408628073,1784408632375.0,1784408633191.1777,901.155,4302.0,816.178,1784407852375.0,6019.332
ss-98-180000,1784408622721.8428,1784408622823,1784408632376.0,1784408633191.1785,101.157,9553.0,815.178,1784407852376.0,10469.336
ss-91-180000,1784408624671.8416,1784408624923,1784408632376.0,1784408633191.1794,251.158,7453.0,815.179,1784407852376.0,8519.338
ss-7-180000,1784408630721.8535,1784408631223,1784408632376.0,1784408633191.5808,501.146,1153.0,815.581,1784407852376.0,2469.727
ss-16-180000,1784408629271.8464,1784408630174,1784408632376.0,1784408633191.5818,902.154,2202.0,815.582,1784407852376.0,3919.735
ss-31-180000,1784408630121.8286,1784408630174,1784408632376.0,1784408633191.5823,52.171,2202.0,815.582,1784407852376.0,3069.754
ss-79-180000,1784408625221.8647,1784408625974,1784408632376.0,1784408633191.5833,752.135,6402.0,815.583,1784407852376.0,7969.719
ss-50-180000,1784408628021.861,1784408628073,1784408632376.0,1784408633191.5835,51.139,4303.0,815.583,1784407852376.0,5169.722
ss-63-180000,1784408623771.8386,1784408623873,1784408632376.0,1784408633191.5847,101.161,8503.0,815.585,1784407852376.0,9419.746
ss-51-180000,1784408627271.8503,1784408628073,1784408632377.0,1784408633191.5874,801.15,4304.0,814.587,1784407852377.0,5919.737
ss-28-180000,1784408631221.857,1784408631223,1784408632377.0,1784408633191.588,1.143,1154.0,814.588,1784407852377.0,1969.731
ss-35-180000,1784408623071.8384,1784408623873,1784408632377.0,1784408633191.5881,801.162,8504.0,814.588,1784407852377.0,10119.75
ss-70-180000,1784408630821.874,1784408631223,1784408632377.0,1784408633191.591,401.126,1154.0,814.591,1784407852377.0,2369.717
ss-99-180000,1784408620171.8396,1784408620724,1784408632377.0,1784408633191.5916,552.16,11653.0,814.592,1784407852377.0,13019.752
ss-90-180000,1784408623221.839,1784408623873,1784408632377.0,1784408633191.5923,651.161,8504.0,814.592,1784407852377.0,9969.753
ss-64-180000,1784408627871.8784,1784408628073,1784408632377.0,1784408633191.593,201.122,4304.0,814.593,1784407852377.0,5319.715
ss-80-180000,1784408627621.843,1784408628073,1784408632378.0,1784408633191.5933,451.157,4305.0,813.593,1784407852378.0,5569.75
ss-59-180000,1784408629071.8423,1784408629124,1784408632378.0,1784408633191.5938,52.158,3254.0,813.594,1784407852378.0,4119.751
ss-19-180000,1784408631321.845,1784408632276,1784408632378.0,1784408633191.594,954.155,102.0,813.594,1784407852378.0,1869.749
ss-45-180000,1784408631421.8416,1784408632276,1784408632378.0,1784408633191.5945,854.158,102.0,813.594,1784407852378.0,1769.753
ss-9-180000,1784408620371.866,1784408620724,1784408632378.0,1784408633191.595,352.134,11654.0,813.595,1784407852378.0,12819.729
ss-52-180000,1784408629371.87,1784408630174,1784408632378.0,1784408633191.5955,802.13,2204.0,813.595,1784407852378.0,3819.725
ss-41-180000,1784408627372.167,1784408628073,1784408632378.0,1784408633191.5957,700.833,4305.0,813.596,1784407852378.0,5819.429
ss-48-180000,1784408624721.846,1784408624923,1784408632379.0,1784408633191.596,201.154,7456.0,812.596,1784407852379.0,8469.75
ss-29-180000,1784408626421.8425,1784408627024,1784408632379.0,1784408633191.5964,602.157,5355.0,812.596,1784407852379.0,6769.754
ss-58-180000,1784408629621.8296,1784408630174,1784408632379.0,1784408633191.5967,552.17,2205.0,812.597,1784407852379.0,3569.767
ss-84-180000,1784408630971.8809,1784408631223,1784408632379.0,1784408633191.6006,251.119,1156.0,812.601,1784407852379.0,2219.72
ss-38-180000,1784408610121.9016,1784408610223,1784408632379.0,1784408633191.601,101.098,22156.0,812.601,1784407852379.0,23069.699
ss-1-180000,1784408630371.849,1784408631223,1784408632379.0,1784408633191.6016,851.151,1156.0,812.602,1784407852379.0,2819.752
ss-74-180000,1784408630321.824,1784408631223,1784408632379.0,1784408633191.6018,901.176,1156.0,812.602,1784407852379.0,2869.778
ss-75-180000,1784408626371.8613,1784408627024,1784408632379.0,1784408633191.602,652.139,5355.0,812.602,1784407852379.0,6819.741
ss-33-180000,1784408621821.8325,1784408622823,1784408632379.0,1784408633191.6094,1001.167,9556.0,812.609,1784407852379.0,11369.777
ss-23-180000,1784408622671.8494,1784408622823,1784408632380.0,1784408633191.61,151.151,9557.0,811.61,1784407852380.0,10519.761
ss-0-180000,1784408624321.8325,1784408624923,1784408632380.0,1784408633191.6125,601.167,7457.0,811.613,1784407852380.0,8869.78
ss-6-180000,1784408626921.834,1784408627024,1784408632380.0,1784408633191.6128,102.166,5356.0,811.613,1784407852380.0,6269.779
ss-47-180000,1784408624221.857,1784408624923,1784408632380.0,1784408633191.613,701.143,7457.0,811.613,1784407852380.0,8969.756
ss-10-180000,1784408622871.8582,1784408623873,1784408632380.0,1784408633191.6133,1001.142,8507.0,811.613,1784407852380.0,10319.755
ss-4-180000,1784408628471.8438,1784408629124,1784408632380.0,1784408633191.6155,652.156,3256.0,811.615,1784407852380.0,4719.772
ss-65-180000,1784408630221.8298,1784408631223,1784408632380.0,1784408633191.616,1001.17,1157.0,811.616,1784407852380.0,2969.786
ss-86-180000,1784408631272.8215,1784408632276,1784408632380.0,1784408633191.6162,1003.178,104.0,811.616,1784407852380.0,1918.795
ss-43-180000,1784408631371.8425,1784408632276,1784408632381.0,1784408633191.6165,904.157,105.0,810.616,1784407852381.0,1819.774
ss-61-180000,1784408621571.8406,1784408621774,1784408632381.0,1784408633191.6167,202.159,10607.0,810.617,1784407852381.0,11619.776
ss-57-180000,1784408624971.871,1784408625974,1784408632381.0,1784408633191.6172,1002.129,6407.0,810.617,1784407852381.0,8219.746
ss-26-180000,1784408623121.8271,1784408623873,1784408632381.0,1784408633191.6255,751.173,8508.0,810.625,1784407852381.0,10069.798
ss-71-180000,1784408630521.8413,1784408631223,1784408632381.0,1784408633191.6277,701.159,1158.0,810.628,1784407852381.0,2669.786
ss-20-180000,1784408624171.8535,1784408624923,1784408632381.0,1784408633192.2925,751.146,7458.0,811.292,1784407852381.0,9020.439
ss-3-180000,1784408625421.8342,1784408625974,1784408632381.0,1784408633192.2942,552.166,6407.0,811.294,1784407852381.0,7770.46
ss-77-180000,1784408630871.8748,1784408631223,1784408632381.0,1784408633192.2954,351.125,1158.0,811.295,1784407852381.0,2320.421
ss-81-180000,1784408626671.8506,1784408627024,1784408632381.0,1784408633192.2964,352.149,5357.0,811.296,1784407852381.0,6520.446
ss-15-180000,1784408629221.8452,1784408630174,1784408632382.0,1784408633192.297,952.155,2208.0,810.297,1784407852382.0,3970.452
ss-55-180000,1784408627821.8315,1784408628073,1784408632382.0,1784408633192.2979,251.168,4309.0,810.298,1784407852382.0,5370.466
ss-44-180000,1784408630921.876,1784408631223,1784408632382.0,1784408633192.2986,301.124,1159.0,810.299,1784407852382.0,2270.423
ss-17-180000,1784408627971.887,1784408628073,1784408632382.0,1784408633192.299,101.113,4309.0,810.299,1784407852382.0,5220.412
ss-68-180000,1784408629121.8486,1784408629124,1784408632382.0,1784408633192.2998,2.151,3258.0,810.3,1784407852382.0,4070.451
ss-18-180000,1784408629171.8684,1784408630174,1784408632382.0,1784408633192.3086,1002.132,2208.0,810.309,1784407852382.0,4020.44
ss-95-180000,1784408620121.846,1784408620724,1784408632382.0,1784408633192.3096,602.154,11658.0,810.31,1784407852382.0,13070.464
ss-96-180000,1784408624771.8484,1784408624923,1784408632382.0,1784408633192.31,151.152,7459.0,810.31,1784407852382.0,8420.462
ss-94-180000,1784408631121.8735,1784408631223,1784408632383.0,1784408633192.3108,101.126,1160.0,809.311,1784407852383.0,2070.437
ss-37-180000,1784408629321.8367,1784408630174,1784408632383.0,1784408633192.3115,852.163,2209.0,809.312,1784407852383.0,3870.475
ss-62-180000,1784408630571.8428,1784408631223,1784408632383.0,1784408633192.3123,651.157,1160.0,809.312,1784407852383.0,2620.469
ss-66-180000,1784408631021.871,1784408631223,1784408632383.0,1784408633192.3127,201.129,1160.0,809.313,1784407852383.0,2170.442
ss-11-180000,1784408629521.837,1784408630174,1784408632383.0,1784408633192.3135,652.163,2209.0,809.313,1784407852383.0,3670.477
ss-53-180000,1784408621971.8728,1784408622823,1784408632383.0,1784408633192.3147,851.127,9560.0,809.315,1784407852383.0,11220.442
ss-67-180000,1784408627721.8484,1784408628073,1784408632383.0,1784408633192.3154,351.152,4310.0,809.315,1784407852383.0,5470.467
ss-82-180000,1784408628221.8625,1784408629124,1784408632384.0,1784408633192.3162,902.137,3260.0,808.316,1784407852384.0,4970.454
ss-5-180000,1784408628721.8242,1784408629124,1784408632384.0,1784408633192.3167,402.176,3260.0,808.317,1784407852384.0,4470.492
ss-42-180000,1784408627071.8518,1784408628073,1784408632384.0,1784408633192.3174,1001.148,4311.0,808.317,1784407852384.0,6120.466
ss-69-180000,1784408629571.8384,1784408630174,1784408632384.0,1784408633192.318,602.162,2210.0,808.318,1784407852384.0,3620.48
ss-30-180000,1784408630473.1511,1784408631223,1784408632384.0,1784408633192.323,749.849,1161.0,808.323,1784407852384.0,2719.172
ss-85-180000,1784408626471.8557,1784408627024,1784408632384.0,1784408633192.3267,552.144,5360.0,808.327,1784407852384.0,6720.471
ss-8-180000,1784408627771.832,1784408628073,1784408632384.0,1784408633192.3274,301.168,4311.0,808.327,1784407852384.0,5420.495
ss-92-180000,1784408623521.8452,1784408623873,1784408632384.0,1784408633192.328,351.155,8511.0,808.328,1784407852384.0,9670.483
ss-25-180000,1784408622821.8452,1784408622823,1784408632385.0,1784408633192.3428,1.155,9562.0,807.343,1784407852385.0,10370.498
ss-97-180000,1784408626171.8489,1784408627024,1784408632385.0,1784408633192.3435,852.151,5361.0,807.344,1784407852385.0,7020.495
ss-78-180000,1784408629971.8484,1784408630174,1784408632385.0,1784408633192.3442,202.152,2211.0,807.344,1784407852385.0,3220.496
ss-40-180000,1784408621271.8337,1784408621774,1784408632385.0,1784408633192.345,502.166,10611.0,807.345,1784407852385.0,11920.511
ss-49-180000,1784408630271.8308,1784408631223,1784408632385.0,1784408633192.3455,951.169,1162.0,807.345,1784407852385.0,2920.515
ss-73-180000,1784408625721.8296,1784408625974,1784408632385.0,1784408633192.3503,252.17,6411.0,807.35,1784407852385.0,7470.521
ss-22-180000,1784408625971.8447,1784408625974,1784408632385.0,1784408633192.3516,2.155,6411.0,807.352,1784407852385.0,7220.507
ss-27-180000,1784408630671.8674,1784408631223,1784408632385.0,1784408633192.352,551.133,1162.0,807.352,1784407852385.0,2520.485
ss-88-180000,1784408629671.8398,1784408630174,1784408632385.0,1784408633192.3528,502.16,2211.0,807.353,1784407852385.0,3520.513
ss-32-180000,1784408621671.8303,1784408621774,1784408632386.0,1784408633192.3535,102.17,10612.0,806.354,1784407852386.0,11520.523
ss-87-180000,1784408627471.8557,1784408628073,1784408632386.0,1784408633192.354,601.144,4313.0,806.354,1784407852386.0,5720.498
ss-76-180000,1784408626771.8345,1784408627024,1784408632386.0,1784408633192.3545,252.166,5362.0,806.354,1784407852386.0,6420.52
ss-46-180000,1784408629871.848,1784408630174,1784408632386.0,1784408633192.3555,302.152,2212.0,806.355,1784407852386.0,3320.508
ss-83-180000,1784408619321.8635,1784408619674,1784408632386.0,1784408633192.356,352.136,12712.0,806.356,1784407852386.0,13870.492
ss-56-180000,1784408631071.8772,1784408631223,1784408632386.0,1784408633192.3606,151.123,1163.0,806.361,1784407852386.0,2120.483
ss-60-180000,1784408630021.8252,1784408630174,1784408632386.0,1784408633192.3613,152.175,2212.0,806.361,1784407852386.0,3170.536
ss-34-180000,1784408629021.8354,1784408629124,1784408632386.0,1784408633192.3618,102.165,3262.0,806.362,1784407852386.0,4170.526
ss-36-180000,1784408630621.8586,1784408631223,1784408632387.0,1784408633192.3625,601.141,1164.0,805.363,1784407852387.0,2570.504
ss-89-180000,1784408625821.8438,1784408625974,1784408632387.0,1784408633192.363,152.156,6413.0,805.363,1784407852387.0,7370.519
ss-13-180000,1784408631171.8574,1784408631223,1784408632387.0,1784408633192.3638,51.143,1164.0,805.364,1784407852387.0,2020.506
ss-93-180000,1784408624921.8687,1784408624923,1784408632387.0,1784408633192.3645,1.131,7464.0,805.365,1784407852387.0,8270.496
ss-24-240000,1784408639871.8665,1784408640674,1784408641586.0,1784408642183.291,802.134,912.0,597.291,1784407801586.0,2311.425
ss-39-240000,1784408635221.831,1784408635424,1784408641587.0,1784408642183.2952,202.169,6163.0,596.295,1784407801587.0,6961.464
ss-7-240000,1784408637371.8552,1784408637524,1784408641587.0,1784408642183.2964,152.145,4063.0,596.296,1784407801587.0,4811.441
ss-2-240000,1784408639121.8447,1784408639624,1784408641587.0,1784408642183.3125,502.155,1963.0,596.312,1784407801587.0,3061.468
ss-21-240000,1784408637671.836,1784408638573,1784408641587.0,1784408642183.314,901.164,3014.0,596.314,1784407801587.0,4511.478
ss-12-240000,1784408637771.837,1784408638573,1784408641587.0,1784408642183.316,801.163,3014.0,596.316,1784407801587.0,4411.479
ss-14-240000,1784408639471.8333,1784408639624,1784408641587.0,1784408642183.317,152.167,1963.0,596.317,1784407801587.0,2711.484
ss-72-240000,1784408636671.8625,1784408637524,1784408641587.0,1784408642183.3179,852.137,4063.0,596.318,1784407801587.0,5511.455
ss-91-240000,1784408639071.8481,1784408639624,1784408641587.0,1784408642183.3196,552.152,1963.0,596.32,1784407801587.0,3111.471
ss-19-240000,1784408640171.8406,1784408640674,1784408641587.0,1784408642183.3435,502.159,913.0,596.344,1784407801587.0,2011.503
ss-98-240000,1784408637471.8726,1784408637524,1784408641587.0,1784408642183.3447,52.127,4063.0,596.345,1784407801587.0,4711.472
ss-16-240000,1784408640971.8396,1784408641476,1784408641587.0,1784408642183.3457,504.16,111.0,596.346,1784407801587.0,1211.506
ss-79-240000,1784408633971.87,1784408634374,1784408641587.0,1784408642183.347,402.13,7213.0,596.347,1784407801587.0,8211.477
ss-31-240000,1784408641221.8416,1784408641476,1784408641587.0,1784408642183.3481,254.158,111.0,596.348,1784407801587.0,961.507
ss-28-240000,1784408638321.8435,1784408638573,1784408641587.0,1784408642183.349,251.156,3014.0,596.349,1784407801587.0,3861.506
ss-50-240000,1784408638071.8376,1784408638573,1784408641587.0,1784408642183.35,501.162,3014.0,596.35,1784407801587.0,4111.512
ss-63-240000,1784408638721.8457,1784408639624,1784408641587.0,1784408642183.3513,902.154,1963.0,596.351,1784407801587.0,3461.506
ss-51-240000,1784408640621.842,1784408640674,1784408641588.0,1784408642183.3523,52.158,914.0,595.352,1784407801588.0,1561.51
ss-9-240000,1784408637171.8713,1784408637524,1784408641588.0,1784408642183.3535,352.129,4064.0,595.354,1784407801588.0,5011.482
ss-35-240000,1784408632421.8296,1784408633324,1784408641588.0,1784408642183.3542,902.17,8264.0,595.354,1784407801588.0,9761.525
ss-99-240000,1784408620171.8396,1784408620724,1784408641588.0,1784408642183.3552,552.16,20864.0,595.355,1784407801588.0,22011.516
ss-70-240000,1784408636321.831,1784408636480,1784408641588.0,1784408642183.3562,158.169,5108.0,595.356,1784407801588.0,5861.525
ss-64-240000,1784408635721.8289,1784408636480,1784408641588.0,1784408642183.3955,758.171,5108.0,595.396,1784407801588.0,6461.567
ss-41-240000,1784408637521.8484,1784408637524,1784408641588.0,1784408642183.3967,2.152,4064.0,595.397,1784407801588.0,4661.548
ss-90-240000,1784408641021.8386,1784408641476,1784408641588.0,1784408642183.3975,454.161,112.0,595.397,1784407801588.0,1161.559
ss-80-240000,1784408640671.844,1784408640674,1784408641588.0,1784408642183.3982,2.156,914.0,595.398,1784407801588.0,1511.554
ss-59-240000,1784408637271.8376,1784408637524,1784408641588.0,1784408642183.4053,252.162,4064.0,595.405,1784407801588.0,4911.568
ss-45-240000,1784408639271.8364,1784408639624,1784408641588.0,1784408642183.466,352.164,1964.0,595.466,1784407801588.0,2911.63
ss-48-240000,1784408624721.846,1784408624923,1784408641588.0,1784408642183.4749,201.154,16665.0,595.475,1784407801588.0,17461.629
ss-58-240000,1784408638571.8455,1784408638573,1784408641588.0,1784408642183.4758,1.155,3015.0,595.476,1784407801588.0,3611.63
ss-54-240000,1784408633621.8347,1784408634374,1784408641588.0,1784408642183.4768,752.165,7214.0,595.477,1784407801588.0,8561.642
ss-29-240000,1784408634471.8354,1784408635424,1784408641588.0,1784408642183.4775,952.165,6164.0,595.478,1784407801588.0,7711.642
ss-74-240000,1784408640721.8394,1784408641476,1784408641588.0,1784408642183.4924,754.161,112.0,595.492,1784407801588.0,1461.653
ss-84-240000,1784408630971.8809,1784408631223,1784408641588.0,1784408642183.4934,251.119,10365.0,595.493,1784407801588.0,11211.613
ss-38-240000,1784408640771.8354,1784408641476,1784408641588.0,1784408642183.5972,704.165,112.0,595.597,1784407801588.0,1411.762
ss-1-240000,1784408637421.8357,1784408637524,1784408641588.0,1784408642183.5986,102.164,4064.0,595.599,1784407801588.0,4761.763
ss-4-240000,1784408640021.8347,1784408640674,1784408641588.0,1784408642183.5994,652.165,914.0,595.599,1784407801588.0,2161.765
ss-75-240000,1784408638421.8347,1784408638573,1784408641588.0,1784408642183.6,151.165,3015.0,595.6,1784407801588.0,3761.765
ss-33-240000,1784408621821.8325,1784408622823,1784408641589.0,1784408642183.6008,1001.167,18766.0,594.601,1784407801589.0,20361.768
ss-23-240000,1784408639321.8547,1784408639624,1784408641589.0,1784408642183.6013,302.145,1965.0,594.601,1784407801589.0,2861.747
ss-0-240000,1784408638521.8418,1784408638573,1784408641589.0,1784408642183.6018,51.158,3016.0,594.602,1784407801589.0,3661.76
ss-6-240000,1784408638221.8384,1784408638573,1784408641589.0,1784408642183.6025,351.162,3016.0,594.603,1784407801589.0,3961.764
ss-10-240000,1784408622871.8582,1784408623873,1784408641589.0,1784408642183.6113,1001.142,17716.0,594.611,1784407801589.0,19311.753
ss-68-240000,1784408639521.8489,1784408639624,1784408641589.0,1784408642183.621,102.151,1965.0,594.621,1784407801589.0,2661.772
ss-47-240000,1784408641171.8445,1784408641476,1784408641589.0,1784408642183.6218,304.156,113.0,594.622,1784407801589.0,1011.777
ss-65-240000,1784408637071.855,1784408637524,1784408641589.0,1784408642183.6265,452.145,4065.0,594.626,1784407801589.0,5111.771
ss-43-240000,1784408640121.8713,1784408640674,1784408641589.0,1784408642183.679,552.129,915.0,594.679,1784407801589.0,2061.808
ss-86-240000,1784408641421.841,1784408641476,1784408641589.0,1784408642183.68,54.159,113.0,594.68,1784407801589.0,761.839
ss-61-240000,1784408621571.8406,1784408621774,1784408641589.0,1784408642183.7424,202.159,19815.0,594.742,1784407801589.0,20611.902
ss-13-240000,1784408632071.8428,1784408632276,1784408641589.0,1784408642183.744,204.157,9313.0,594.744,1784407801589.0,10111.901
ss-57-240000,1784408640921.8386,1784408641476,1784408641589.0,1784408642183.7449,554.161,113.0,594.745,1784407801589.0,1261.906
ss-26-240000,1784408640871.8506,1784408641476,1784408641589.0,1784408642183.7456,604.149,113.0,594.746,1784407801589.0,1311.895
ss-71-240000,1784408639421.8281,1784408639624,1784408641589.0,1784408642183.746,202.172,1965.0,594.746,1784407801589.0,2761.918
ss-20-240000,1784408638371.8394,1784408638573,1784408641589.0,1784408642183.7483,201.161,3016.0,594.748,1784407801589.0,3811.909
ss-3-240000,1784408637121.8535,1784408637524,1784408641589.0,1784408642183.749,402.146,4065.0,594.749,1784407801589.0,5061.896
ss-77-240000,1784408641271.832,1784408641476,1784408641589.0,1784408642183.7498,204.168,113.0,594.75,1784407801589.0,911.918
ss-81-240000,1784408626671.8506,1784408627024,1784408641589.0,1784408642183.7878,352.149,14565.0,594.788,1784407801589.0,15511.937
ss-17-240000,1784408627971.887,1784408628073,1784408641590.0,1784408642183.7886,101.113,13517.0,593.789,1784407801590.0,14211.902
ss-55-240000,1784408637321.843,1784408637524,1784408641590.0,1784408642183.7893,202.157,4066.0,593.789,1784407801590.0,4861.946
ss-15-240000,1784408639721.8586,1784408640674,1784408641590.0,1784408642183.795,952.141,916.0,593.795,1784407801590.0,2461.936
ss-44-240000,1784408639771.8662,1784408640674,1784408641590.0,1784408642183.8682,902.134,916.0,593.868,1784407801590.0,2412.002
ss-18-240000,1784408636971.8584,1784408637524,1784408641590.0,1784408642183.8691,552.142,4066.0,593.869,1784407801590.0,5212.011
ss-96-240000,1784408641371.856,1784408641476,1784408641590.0,1784408642183.8745,104.144,114.0,593.875,1784407801590.0,812.019
ss-95-240000,1784408635021.8552,1784408635424,1784408641590.0,1784408642183.8752,402.145,6166.0,593.875,1784407801590.0,7162.02
ss-53-240000,1784408638621.8374,1784408639624,1784408641590.0,1784408642183.8762,1002.163,1966.0,593.876,1784407801590.0,3562.039
ss-94-240000,1784408631671.8345,1784408632276,1784408641590.0,1784408642183.8826,604.166,9314.0,593.883,1784407801590.0,10512.048
ss-66-240000,1784408637221.8445,1784408637524,1784408641590.0,1784408642183.8833,302.156,4066.0,593.883,1784407801590.0,4962.039
ss-62-240000,1784408630571.8428,1784408631223,1784408641590.0,1784408642183.884,651.157,10367.0,593.884,1784407801590.0,11612.041
ss-67-240000,1784408627721.8484,1784408628073,1784408641590.0,1784408642183.9614,351.152,13517.0,593.961,1784407801590.0,14462.113
ss-37-240000,1784408639371.867,1784408639624,1784408641590.0,1784408642183.9624,252.133,1966.0,593.962,1784407801590.0,2812.095
ss-82-240000,1784408636721.8713,1784408637524,1784408641590.0,1784408642183.9631,802.129,4066.0,593.963,1784407801590.0,5462.092
ss-5-240000,1784408638171.8435,1784408638573,1784408641590.0,1784408642183.9636,401.156,3017.0,593.964,1784407801590.0,4012.12
ss-42-240000,1784408633421.8367,1784408634374,1784408641590.0,1784408642183.9644,952.163,7216.0,593.964,1784407801590.0,8762.128
ss-87-240000,1784408634121.8372,1784408634374,1784408641590.0,1784408642183.9707,252.163,7216.0,593.971,1784407801590.0,8062.134
ss-69-240000,1784408629571.8384,1784408630174,1784408641590.0,1784408642183.9714,602.162,11416.0,593.971,1784407801590.0,12612.133
ss-85-240000,1784408640071.879,1784408640674,1784408641590.0,1784408642183.972,602.121,916.0,593.972,1784407801590.0,2112.093
ss-8-240000,1784408639671.8677,1784408640674,1784408641590.0,1784408642183.9785,1002.132,916.0,593.979,1784407801590.0,2512.111
ss-30-240000,1784408640471.836,1784408640674,1784408641590.0,1784408642183.979,202.164,916.0,593.979,1784407801590.0,1712.143
ss-92-240000,1784408636071.843,1784408636480,1784408641590.0,1784408642184.059,408.157,5110.0,594.059,1784407801590.0,6112.216
ss-97-240000,1784408638121.8564,1784408638573,1784408641591.0,1784408642184.0598,451.144,3018.0,593.06,1784407801591.0,4062.203
ss-25-240000,1784408636871.8645,1784408637524,1784408641591.0,1784408642184.0605,652.135,4067.0,593.061,1784407801591.0,5312.196
ss-73-240000,1784408634671.8367,1784408635424,1784408641591.0,1784408642184.061,752.163,6167.0,593.061,1784407801591.0,7512.224
ss-78-240000,1784408631521.8374,1784408632276,1784408641591.0,1784408642184.0615,754.163,9315.0,593.062,1784407801591.0,10662.224
ss-40-240000,1784408621271.8337,1784408621774,1784408641591.0,1784408642184.1228,502.166,19817.0,593.123,1784407801591.0,20912.289
ss-49-240000,1784408639571.8745,1784408639624,1784408641591.0,1784408642184.142,52.125,1967.0,593.142,1784407801591.0,2612.268
ss-46-240000,1784408635171.8604,1784408635424,1784408641591.0,1784408642184.204,252.14,6167.0,593.204,1784407801591.0,7012.344
ss-22-240000,1784408639221.8442,1784408639624,1784408641591.0,1784408642184.2053,402.156,1967.0,593.205,1784407801591.0,2962.361
ss-88-240000,1784408636121.8345,1784408636480,1784408641591.0,1784408642184.206,358.166,5111.0,593.206,1784407801591.0,6062.372
ss-27-240000,1784408641321.8257,1784408641476,1784408641591.0,1784408642184.2068,154.174,115.0,593.207,1784407801591.0,862.381
ss-11-240000,1784408640271.8347,1784408640674,1784408641591.0,1784408642184.2073,402.165,917.0,593.207,1784407801591.0,1912.373
ss-32-240000,1784408638671.846,1784408639624,1784408641591.0,1784408642184.2078,952.154,1967.0,593.208,1784407801591.0,3512.362
ss-83-240000,1784408635321.8347,1784408635424,1784408641591.0,1784408642184.2134,102.165,6167.0,593.213,1784407801591.0,6862.379
ss-76-240000,1784408641071.8516,1784408641476,1784408641591.0,1784408642184.249,404.148,115.0,593.249,1784407801591.0,1112.397
ss-56-240000,1784408641121.8333,1784408641476,1784408641591.0,1784408642184.2498,354.167,115.0,593.25,1784407801591.0,1062.417
ss-34-240000,1784408640321.8398,1784408640674,1784408641592.0,1784408642184.2551,352.16,918.0,592.255,1784407801592.0,1862.415
ss-60-240000,1784408640821.8335,1784408641476,1784408641592.0,1784408642184.2559,654.167,116.0,592.256,1784407801592.0,1362.422
ss-36-240000,1784408639921.864,1784408640674,1784408641592.0,1784408642184.2563,752.136,918.0,592.256,1784407801592.0,2262.392
ss-89-240000,1784408625821.8438,1784408625974,1784408641592.0,1784408642184.3188,152.156,15618.0,592.319,1784407801592.0,16362.475
ss-52-240000,1784408638971.8438,1784408639624,1784408641592.0,1784408642184.3525,652.156,1968.0,592.353,1784407801592.0,3212.509
ss-93-240000,1784408624921.8687,1784408624923,1784408641592.0,1784408642184.3535,1.131,16669.0,592.354,1784407801592.0,17262.485
ss-24-300000,1784408639871.8665,1784408640674,1784408641592.0,1784408642184.3542,802.134,918.0,592.354,1784407741592.0,2312.488
ss-39-300000,1784408635221.831,1784408635424,1784408641592.0,1784408642184.3628,202.169,6168.0,592.363,1784407741592.0,6962.532
ss-2-300000,1784408639121.8447,1784408639624,1784408641592.0,1784408642184.3635,502.155,1968.0,592.364,1784407741592.0,3062.519
ss-7-300000,1784408637371.8552,1784408637524,1784408641592.0,1784408642184.4038,152.145,4068.0,592.404,1784407741592.0,4812.549
ss-12-300000,1784408637771.837,1784408638573,1784408641592.0,1784408642184.4045,801.163,3019.0,592.405,1784407741592.0,4412.568
ss-21-300000,1784408637671.836,1784408638573,1784408641592.0,1784408642184.4053,901.164,3019.0,592.405,1784407741592.0,4512.569
ss-14-300000,1784408639471.8333,1784408639624,1784408641593.0,1784408642184.4111,152.167,1969.0,591.411,1784407741593.0,2712.578
ss-72-300000,1784408636671.8625,1784408637524,1784408641593.0,1784408642184.4204,852.137,4069.0,591.42,1784407741593.0,5512.558
ss-91-300000,1784408639071.8481,1784408639624,1784408641593.0,1784408642184.4495,552.152,1969.0,591.449,1784407741593.0,3112.601
ss-19-300000,1784408640171.8406,1784408640674,1784408641593.0,1784408642184.482,502.159,919.0,591.482,1784407741593.0,2012.641
ss-98-300000,1784408637471.8726,1784408637524,1784408641593.0,1784408642184.4827,52.127,4069.0,591.483,1784407741593.0,4712.61
ss-16-300000,1784408640971.8396,1784408641476,1784408641593.0,1784408642184.4834,504.16,117.0,591.483,1784407741593.0,1212.644
ss-79-300000,1784408633971.87,1784408634374,1784408641593.0,1784408642184.484,402.13,7219.0,591.484,1784407741593.0,8212.614
ss-31-300000,1784408641221.8416,1784408641476,1784408641593.0,1784408642184.5925,254.158,117.0,591.593,1784407741593.0,962.751
ss-28-300000,1784408638321.8435,1784408638573,1784408641593.0,1784408642184.5935,251.156,3020.0,591.594,1784407741593.0,3862.75
ss-50-300000,1784408638071.8376,1784408638573,1784408641593.0,1784408642184.594,501.162,3020.0,591.594,1784407741593.0,4112.756
ss-63-300000,1784408638721.8457,1784408639624,1784408641593.0,1784408642184.5942,902.154,1969.0,591.594,1784407741593.0,3462.749
ss-51-300000,1784408640621.842,1784408640674,1784408641593.0,1784408642184.5947,52.158,919.0,591.595,1784407741593.0,1562.753
ss-9-300000,1784408637171.8713,1784408637524,1784408641593.0,1784408642184.5952,352.129,4069.0,591.595,1784407741593.0,5012.724
ss-35-300000,1784408632421.8296,1784408633324,1784408641593.0,1784408642184.658,902.17,8269.0,591.658,1784407741593.0,9762.828
ss-64-300000,1784408635721.8289,1784408636480,1784408641594.0,1784408642184.659,758.171,5114.0,590.659,1784407741594.0,6462.83
ss-99-300000,1784408620171.8396,1784408620724,1784408641594.0,1784408642184.6594,552.16,20870.0,590.659,1784407741594.0,22012.82
ss-70-300000,1784408636321.831,1784408636480,1784408641594.0,1784408642184.6602,158.169,5114.0,590.66,1784407741594.0,5862.829
ss-80-300000,1784408640671.844,1784408640674,1784408641594.0,1784408642184.661,2.156,920.0,590.661,1784407741594.0,1512.817
ss-90-300000,1784408641021.8386,1784408641476,1784408641594.0,1784408642184.6614,454.161,118.0,590.661,1784407741594.0,1162.823
ss-59-300000,1784408637271.8376,1784408637524,1784408641594.0,1784408642184.6672,252.162,4070.0,590.667,1784407741594.0,4912.83
ss-45-300000,1784408639271.8364,1784408639624,1784408641594.0,1784408642184.7195,352.164,1970.0,590.719,1784407741594.0,2912.883
ss-52-300000,1784408638971.8438,1784408639624,1784408641594.0,1784408642184.7786,652.156,1970.0,590.779,1784407741594.0,3212.935
ss-48-300000,1784408624721.846,1784408624923,1784408641594.0,1784408642184.7827,201.154,16671.0,590.783,1784407741594.0,17462.937
ss-58-300000,1784408638571.8455,1784408638573,1784408641594.0,1784408642184.7832,1.155,3021.0,590.783,1784407741594.0,3612.938
ss-29-300000,1784408634471.8354,1784408635424,1784408641594.0,1784408642184.8303,952.165,6170.0,590.83,1784407741594.0,7712.995
ss-74-300000,1784408640721.8394,1784408641476,1784408641594.0,1784408642184.8318,754.161,118.0,590.832,1784407741594.0,1462.992
ss-84-300000,1784408630971.8809,1784408631223,1784408641594.0,1784408642184.8325,251.119,10371.0,590.833,1784407741594.0,11212.952
ss-38-300000,1784408640771.8354,1784408641476,1784408641594.0,1784408642184.8333,704.165,118.0,590.833,1784407741594.0,1412.998
ss-1-300000,1784408637421.8357,1784408637524,1784408641594.0,1784408642184.8428,102.164,4070.0,590.843,1784407741594.0,4763.007
ss-75-300000,1784408638421.8347,1784408638573,1784408641594.0,1784408642184.8438,151.165,3021.0,590.844,1784407741594.0,3763.009
ss-4-300000,1784408640021.8347,1784408640674,1784408641594.0,1784408642184.8442,652.165,920.0,590.844,1784407741594.0,2163.01
ss-23-300000,1784408639321.8547,1784408639624,1784408641595.0,1784408642184.845,302.145,1971.0,589.845,1784407741595.0,2862.99
ss-33-300000,1784408621821.8325,1784408622823,1784408641595.0,1784408642184.8455,1001.167,18772.0,589.845,1784407741595.0,20363.013
ss-0-300000,1784408638521.8418,1784408638573,1784408641595.0,1784408642184.8462,51.158,3022.0,589.846,1784407741595.0,3663.004
ss-6-300000,1784408638221.8384,1784408638573,1784408641595.0,1784408642184.881,351.162,3022.0,589.881,1784407741595.0,3963.043
ss-10-300000,1784408622871.8582,1784408623873,1784408641595.0,1784408642184.8894,1001.142,17722.0,589.889,1784407741595.0,19313.031
ss-47-300000,1784408641171.8445,1784408641476,1784408641595.0,1784408642184.946,304.156,119.0,589.946,1784407741595.0,1013.102
ss-65-300000,1784408637071.855,1784408637524,1784408641595.0,1784408642184.947,452.145,4071.0,589.947,1784407741595.0,5113.092
ss-43-300000,1784408640121.8713,1784408640674,1784408641595.0,1784408642184.9475,552.129,921.0,589.948,1784407741595.0,2063.076
ss-68-300000,1784408639521.8489,1784408639624,1784408641595.0,1784408642184.948,102.151,1971.0,589.948,1784407741595.0,2663.099
ss-86-300000,1784408641421.841,1784408641476,1784408641595.0,1784408642184.9485,54.159,119.0,589.948,1784407741595.0,763.107
ss-71-300000,1784408639421.8281,1784408639624,1784408641595.0,1784408642184.9487,202.172,1971.0,589.949,1784407741595.0,2763.121
ss-61-300000,1784408621571.8406,1784408621774,1784408641595.0,1784408642184.9492,202.159,19821.0,589.949,1784407741595.0,20613.109
ss-57-300000,1784408640921.8386,1784408641476,1784408641595.0,1784408642184.9678,554.161,119.0,589.968,1784407741595.0,1263.129
ss-26-300000,1784408640871.8506,1784408641476,1784408641595.0,1784408642184.9683,604.149,119.0,589.968,1784407741595.0,1313.118
ss-60-300000,1784408640821.8335,1784408641476,1784408641595.0,1784408642184.9688,654.167,119.0,589.969,1784407741595.0,1363.135
ss-20-300000,1784408638371.8394,1784408638573,1784408641595.0,1784408642184.969,201.161,3022.0,589.969,1784407741595.0,3813.13
ss-41-300000,1784408637521.8484,1784408637524,1784408641595.0,1784408642184.9739,2.152,4071.0,589.974,1784407741595.0,4663.125
ss-77-300000,1784408641271.832,1784408641476,1784408641596.0,1784408642184.9785,204.168,120.0,588.979,1784407741596.0,913.146
ss-32-300000,1784408638671.846,1784408639624,1784408641596.0,1784408642185.038,952.154,1972.0,589.038,1784407741596.0,3513.192
ss-3-300000,1784408637121.8535,1784408637524,1784408641596.0,1784408642185.0388,402.146,4072.0,589.039,1784407741596.0,5063.185
ss-55-300000,1784408637321.843,1784408637524,1784408641596.0,1784408642185.04,202.157,4072.0,589.04,1784407741596.0,4863.197
ss-81-300000,1784408626671.8506,1784408627024,1784408641596.0,1784408642185.0405,352.149,14572.0,589.041,1784407741596.0,15513.19
ss-17-300000,1784408627971.887,1784408628073,1784408641596.0,1784408642185.0466,101.113,13523.0,589.047,1784407741596.0,14213.16
ss-15-300000,1784408639721.8586,1784408640674,1784408641596.0,1784408642185.0518,952.141,922.0,589.052,1784407741596.0,2463.193
ss-44-300000,1784408639771.8662,1784408640674,1784408641596.0,1784408642185.0527,902.134,922.0,589.053,1784407741596.0,2413.187
ss-18-300000,1784408636971.8584,1784408637524,1784408641596.0,1784408642185.0532,552.142,4072.0,589.053,1784407741596.0,5213.195
ss-96-300000,1784408641371.856,1784408641476,1784408641596.0,1784408642185.1008,104.144,120.0,589.101,1784407741596.0,813.245
ss-95-300000,1784408635021.8552,1784408635424,1784408641596.0,1784408642185.1074,402.145,6172.0,589.107,1784407741596.0,7163.252
ss-53-300000,1784408638621.8374,1784408639624,1784408641596.0,1784408642185.108,1002.163,1972.0,589.108,1784407741596.0,3563.271
ss-94-300000,1784408631671.8345,1784408632276,1784408641596.0,1784408642185.1147,604.166,9320.0,589.115,1784407741596.0,10513.28
ss-83-300000,1784408635321.8347,1784408635424,1784408641596.0,1784408642185.1155,102.165,6172.0,589.115,1784407741596.0,6863.281
ss-62-300000,1784408630571.8428,1784408631223,1784408641596.0,1784408642185.1206,651.157,10373.0,589.121,1784407741596.0,11613.278
ss-66-300000,1784408637221.8445,1784408637524,1784408641596.0,1784408642185.2231,302.156,4072.0,589.223,1784407741596.0,4963.379
ss-67-300000,1784408627721.8484,1784408628073,1784408641596.0,1784408642185.2244,351.152,13523.0,589.224,1784407741596.0,14463.376
ss-8-300000,1784408639671.8677,1784408640674,1784408641596.0,1784408642185.225,1002.132,922.0,589.225,1784407741596.0,2513.357
ss-5-300000,1784408638171.8435,1784408638573,1784408641597.0,1784408642185.2363,401.156,3024.0,588.236,1784407741597.0,4013.393
ss-82-300000,1784408636721.8713,1784408637524,1784408641597.0,1784408642185.237,802.129,4073.0,588.237,1784407741597.0,5463.366
ss-37-300000,1784408639371.867,1784408639624,1784408641597.0,1784408642185.2378,252.133,1973.0,588.238,1784407741597.0,2813.371
ss-42-300000,1784408633421.8367,1784408634374,1784408641597.0,1784408642185.2656,952.163,7223.0,588.266,1784407741597.0,8763.429
ss-69-300000,1784408629571.8384,1784408630174,1784408641597.0,1784408642185.2664,602.162,11423.0,588.266,1784407741597.0,12613.428
ss-85-300000,1784408640071.879,1784408640674,1784408641597.0,1784408642185.267,602.121,923.0,588.267,1784407741597.0,2113.388
ss-30-300000,1784408640471.836,1784408640674,1784408641597.0,1784408642185.311,202.164,923.0,588.311,1784407741597.0,1713.475
ss-92-300000,1784408636071.843,1784408636480,1784408641597.0,1784408642185.3118,408.157,5117.0,588.312,1784407741597.0,6113.469
ss-97-300000,1784408638121.8564,1784408638573,1784408641597.0,1784408642185.3171,451.144,3024.0,588.317,1784407741597.0,4063.461
ss-27-300000,1784408641321.8257,1784408641476,1784408641597.0,1784408642185.3179,154.174,121.0,588.318,1784407741597.0,863.492
ss-25-300000,1784408636871.8645,1784408637524,1784408641597.0,1784408642185.3186,652.135,4073.0,588.319,1784407741597.0,5313.454
ss-73-300000,1784408634671.8367,1784408635424,1784408641597.0,1784408642185.319,752.163,6173.0,588.319,1784407741597.0,7513.482
ss-78-300000,1784408631521.8374,1784408632276,1784408641597.0,1784408642185.3198,754.163,9321.0,588.32,1784407741597.0,10663.482
ss-40-300000,1784408621271.8337,1784408621774,1784408641597.0,1784408642185.3276,502.166,19823.0,588.328,1784407741597.0,20913.494
ss-49-300000,1784408639571.8745,1784408639624,1784408641597.0,1784408642185.332,52.125,1973.0,588.332,1784407741597.0,2613.458
ss-22-300000,1784408639221.8442,1784408639624,1784408641597.0,1784408642185.333,402.156,1973.0,588.333,1784407741597.0,2963.489
ss-11-300000,1784408640271.8347,1784408640674,1784408641597.0,1784408642185.3335,402.165,923.0,588.333,1784407741597.0,1913.499
ss-88-300000,1784408636121.8345,1784408636480,1784408641597.0,1784408642185.3394,358.166,5117.0,588.339,1784407741597.0,6063.505
ss-87-300000,1784408634121.8372,1784408634374,1784408641597.0,1784408642185.34,252.163,7223.0,588.34,1784407741597.0,8063.503
ss-76-300000,1784408641071.8516,1784408641476,1784408641597.0,1784408642185.3486,404.148,121.0,588.349,1784407741597.0,1113.497
ss-56-300000,1784408641121.8333,1784408641476,1784408641597.0,1784408642185.3694,354.167,121.0,588.369,1784407741597.0,1063.536
ss-46-300000,1784408635171.8604,1784408635424,1784408641597.0,1784408642185.3794,252.14,6173.0,588.379,1784407741597.0,7013.519
ss-34-300000,1784408640321.8398,1784408640674,1784408641598.0,1784408642185.38,352.16,924.0,587.38,1784407741598.0,1863.54
ss-13-300000,1784408632071.8428,1784408632276,1784408641598.0,1784408642185.385,204.157,9322.0,587.385,1784407741598.0,10113.542
ss-36-300000,1784408639921.864,1784408640674,1784408641598.0,1784408642185.404,752.136,924.0,587.404,1784407741598.0,2263.54
ss-89-300000,1784408625821.8438,1784408625974,1784408641598.0,1784408642185.4138,152.156,15624.0,587.414,1784407741598.0,16363.57
ss-54-300000,1784408633621.8347,1784408634374,1784408641598.0,1784408642185.4146,752.165,7224.0,587.415,1784407741598.0,8563.58
ss-93-300000,1784408624921.8687,1784408624923,1784408641598.0,1784408642185.4795,1.131,16675.0,587.479,1784407741598.0,17263.611
ss-39-360000,1784408635221.831,1784408635424,1784408641598.0,1784408642185.481,202.169,6174.0,587.481,1784407681598.0,6963.65
ss-2-360000,1784408639121.8447,1784408639624,1784408641598.0,1784408642185.4814,502.155,1974.0,587.481,1784407681598.0,3063.637
ss-12-360000,1784408637771.837,1784408638573,1784408641598.0,1784408642185.4822,801.163,3025.0,587.482,1784407681598.0,4413.645
ss-21-360000,1784408637671.836,1784408638573,1784408641598.0,1784408642185.4905,901.164,3025.0,587.49,1784407681598.0,4513.655
ss-7-360000,1784408637371.8552,1784408637524,1784408641598.0,1784408642185.5461,152.145,4074.0,587.546,1784407681598.0,4813.691
ss-72-360000,1784408636671.8625,1784408637524,1784408641598.0,1784408642185.5474,852.137,4074.0,587.547,1784407681598.0,5513.685
ss-14-360000,1784408639471.8333,1784408639624,1784408641598.0,1784408642185.548,152.167,1974.0,587.548,1784407681598.0,2713.715
ss-91-360000,1784408639071.8481,1784408639624,1784408641598.0,1784408642185.5583,552.152,1974.0,587.558,1784407681598.0,3113.71
ss-98-360000,1784408637471.8726,1784408637524,1784408641598.0,1784408642185.5664,52.127,4074.0,587.566,1784407681598.0,4713.694
ss-9-360000,1784408637171.8713,1784408637524,1784408641598.0,1784408642185.5674,352.129,4074.0,587.567,1784407681598.0,5013.696
ss-16-360000,1784408640971.8396,1784408641476,1784408641598.0,1784408642185.568,504.16,122.0,587.568,1784407681598.0,1213.729
ss-79-360000,1784408633971.87,1784408634374,1784408641599.0,1784408642185.5718,402.13,7225.0,586.572,1784407681599.0,8213.702
ss-31-360000,1784408641221.8416,1784408641476,1784408641599.0,1784408642185.5784,254.158,123.0,586.578,1784407681599.0,963.737
ss-50-360000,1784408638071.8376,1784408638573,1784408641599.0,1784408642185.5789,501.162,3026.0,586.579,1784407681599.0,4113.741
ss-28-360000,1784408638321.8435,1784408638573,1784408641599.0,1784408642185.5793,251.156,3026.0,586.579,1784407681599.0,3863.736
ss-63-360000,1784408638721.8457,1784408639624,1784408641599.0,1784408642185.5996,902.154,1975.0,586.6,1784407681599.0,3463.754
ss-51-360000,1784408640621.842,1784408640674,1784408641599.0,1784408642185.6055,52.158,925.0,586.605,1784407681599.0,1563.763
ss-64-360000,1784408635721.8289,1784408636480,1784408641599.0,1784408642185.6062,758.171,5119.0,586.606,1784407681599.0,6463.777
ss-35-360000,1784408632421.8296,1784408633324,1784408641599.0,1784408642185.6326,902.17,8275.0,586.633,1784407681599.0,9763.803
ss-99-360000,1784408620171.8396,1784408620724,1784408641599.0,1784408642185.638,552.16,20875.0,586.638,1784407681599.0,22013.798
ss-70-360000,1784408636321.831,1784408636480,1784408641599.0,1784408642185.6387,158.169,5119.0,586.639,1784407681599.0,5863.808
ss-80-360000,1784408640671.844,1784408640674,1784408641600.0,1784408642185.6448,2.156,926.0,585.645,1784407681600.0,1513.801
ss-90-360000,1784408641021.8386,1784408641476,1784408641600.0,1784408642185.732,454.161,124.0,585.732,1784407681600.0,1163.893
ss-59-360000,1784408637271.8376,1784408637524,1784408641600.0,1784408642185.7334,252.162,4076.0,585.733,1784407681600.0,4913.896
ss-45-360000,1784408639271.8364,1784408639624,1784408641600.0,1784408642185.734,352.164,1976.0,585.734,1784407681600.0,2913.897
ss-48-360000,1784408624721.846,1784408624923,1784408641600.0,1784408642185.741,201.154,16677.0,585.741,1784407681600.0,17463.895
ss-58-360000,1784408638571.8455,1784408638573,1784408641600.0,1784408642185.7417,1.155,3027.0,585.742,1784407681600.0,3613.896
ss-29-360000,1784408634471.8354,1784408635424,1784408641600.0,1784408642185.8018,952.165,6176.0,585.802,1784407681600.0,7713.966
ss-84-360000,1784408630971.8809,1784408631223,1784408641600.0,1784408642185.8027,251.119,10377.0,585.803,1784407681600.0,11213.922
ss-74-360000,1784408640721.8394,1784408641476,1784408641600.0,1784408642185.803,754.161,124.0,585.803,1784407681600.0,1463.964
ss-52-360000,1784408638971.8438,1784408639624,1784408641600.0,1784408642185.8035,652.156,1976.0,585.803,1784407681600.0,3213.96
ss-38-360000,1784408640771.8354,1784408641476,1784408641600.0,1784408642185.804,704.165,124.0,585.804,1784407681600.0,1413.969
ss-1-360000,1784408637421.8357,1784408637524,1784408641600.0,1784408642185.8418,102.164,4076.0,585.842,1784407681600.0,4764.006
ss-36-360000,1784408639921.864,1784408640674,1784408641600.0,1784408642185.8425,752.136,926.0,585.843,1784407681600.0,2263.979
ss-75-360000,1784408638421.8347,1784408638573,1784408641600.0,1784408642185.8481,151.165,3027.0,585.848,1784407681600.0,3764.013
ss-89-360000,1784408625821.8438,1784408625974,1784408641600.0,1784408642185.8489,152.156,15626.0,585.849,1784407681600.0,16364.005
ss-23-360000,1784408639321.8547,1784408639624,1784408641600.0,1784408642185.858,302.145,1976.0,585.858,1784407681600.0,2864.003
ss-33-360000,1784408621821.8325,1784408622823,1784408641600.0,1784408642185.8586,1001.167,18777.0,585.859,1784407681600.0,20364.026
ss-4-360000,1784408640021.8347,1784408640674,1784408641600.0,1784408642185.8623,652.165,926.0,585.862,1784407681600.0,2164.028
ss-13-360000,1784408632071.8428,1784408632276,1784408641601.0,1784408642185.8628,204.157,9325.0,584.863,1784407681601.0,10114.02
ss-6-360000,1784408638221.8384,1784408638573,1784408641601.0,1784408642185.8635,351.162,3028.0,584.864,1784407681601.0,3964.025
ss-0-360000,1784408638521.8418,1784408638573,1784408641601.0,1784408642185.864,51.158,3028.0,584.864,1784407681601.0,3664.022
ss-10-360000,1784408622871.8582,1784408623873,1784408641601.0,1784408642185.8706,1001.142,17728.0,584.871,1784407681601.0,19314.012
ss-47-360000,1784408641171.8445,1784408641476,1784408641601.0,1784408642185.8713,304.156,125.0,584.871,1784407681601.0,1014.027
ss-65-360000,1784408637071.855,1784408637524,1784408641601.0,1784408642185.8762,452.145,4077.0,584.876,1784407681601.0,5114.021
ss-43-360000,1784408640121.8713,1784408640674,1784408641601.0,1784408642185.877,552.129,927.0,584.877,1784407681601.0,2064.006
ss-86-360000,1784408641421.841,1784408641476,1784408641601.0,1784408642185.8828,54.159,125.0,584.883,1784407681601.0,764.042
ss-60-360000,1784408640821.8335,1784408641476,1784408641601.0,1784408642185.9104,654.167,125.0,584.91,1784407681601.0,1364.077
ss-61-360000,1784408621571.8406,1784408621774,1784408641601.0,1784408642185.9114,202.159,19827.0,584.911,1784407681601.0,20614.071
ss-71-360000,1784408639421.8281,1784408639624,1784408641601.0,1784408642185.917,202.172,1977.0,584.917,1784407681601.0,2764.089
ss-57-360000,1784408640921.8386,1784408641476,1784408641601.0,1784408642185.9233,554.161,125.0,584.923,1784407681601.0,1264.085
ss-26-360000,1784408640871.8506,1784408641476,1784408641601.0,1784408642185.9277,604.149,125.0,584.928,1784407681601.0,1314.077
ss-68-360000,1784408639521.8489,1784408639624,1784408641601.0,1784408642185.944,102.151,1977.0,584.944,1784407681601.0,2664.095
ss-55-360000,1784408637321.843,1784408637524,1784408641601.0,1784408642185.9836,202.157,4077.0,584.984,1784407681601.0,4864.141
ss-20-360000,1784408638371.8394,1784408638573,1784408641602.0,1784408642185.9893,201.161,3029.0,583.989,1784407681602.0,3814.15
ss-77-360000,1784408641271.832,1784408641476,1784408641602.0,1784408642185.99,204.168,126.0,583.99,1784407681602.0,914.158
ss-3-360000,1784408637121.8535,1784408637524,1784408641602.0,1784408642185.9905,402.146,4078.0,583.99,1784407681602.0,5064.137
ss-19-360000,1784408640171.8406,1784408640674,1784408641602.0,1784408642185.9966,502.159,928.0,583.997,1784407681602.0,2014.156
ss-17-360000,1784408627971.887,1784408628073,1784408641602.0,1784408642185.9973,101.113,13529.0,583.997,1784407681602.0,14214.11
ss-81-360000,1784408626671.8506,1784408627024,1784408641602.0,1784408642185.9978,352.149,14578.0,583.998,1784407681602.0,15514.147
ss-15-360000,1784408639721.8586,1784408640674,1784408641602.0,1784408642186.0215,952.141,928.0,584.021,1784407681602.0,2464.163
ss-44-360000,1784408639771.8662,1784408640674,1784408641602.0,1784408642186.0222,902.134,928.0,584.022,1784407681602.0,2414.156
ss-56-360000,1784408641121.8333,1784408641476,1784408641602.0,1784408642186.0227,354.167,126.0,584.023,1784407681602.0,1064.189
ss-18-360000,1784408636971.8584,1784408637524,1784408641602.0,1784408642186.0803,552.142,4078.0,584.08,1784407681602.0,5214.222
ss-96-360000,1784408641371.856,1784408641476,1784408641602.0,1784408642186.0818,104.144,126.0,584.082,1784407681602.0,814.226
ss-95-360000,1784408635021.8552,1784408635424,1784408641602.0,1784408642186.0823,402.145,6178.0,584.082,1784407681602.0,7164.227
ss-94-360000,1784408631671.8345,1784408632276,1784408641602.0,1784408642186.083,604.166,9326.0,584.083,1784407681602.0,10514.249
ss-53-360000,1784408638621.8374,1784408639624,1784408641602.0,1784408642186.0945,1002.163,1978.0,584.094,1784407681602.0,3564.257
ss-62-360000,1784408630571.8428,1784408631223,1784408641602.0,1784408642186.0952,651.157,10379.0,584.095,1784407681602.0,11614.252
ss-66-360000,1784408637221.8445,1784408637524,1784408641602.0,1784408642186.096,302.156,4078.0,584.096,1784407681602.0,4964.251
ss-67-360000,1784408627721.8484,1784408628073,1784408641602.0,1784408642186.1191,351.152,13529.0,584.119,1784407681602.0,14464.271
ss-37-360000,1784408639371.867,1784408639624,1784408641603.0,1784408642186.1265,252.133,1979.0,583.126,1784407681603.0,2814.26
ss-5-360000,1784408638171.8435,1784408638573,1784408641603.0,1784408642186.1272,401.156,3030.0,583.127,1784407681603.0,4014.284
ss-82-360000,1784408636721.8713,1784408637524,1784408641603.0,1784408642186.1538,802.129,4079.0,583.154,1784407681603.0,5464.282
ss-8-360000,1784408639671.8677,1784408640674,1784408641603.0,1784408642186.1543,1002.132,929.0,583.154,1784407681603.0,2514.287
ss-69-360000,1784408629571.8384,1784408630174,1784408641603.0,1784408642186.286,602.162,11429.0,583.286,1784407681603.0,12614.448
ss-42-360000,1784408633421.8367,1784408634374,1784408641603.0,1784408642186.2869,952.163,7229.0,583.287,1784407681603.0,8764.45
ss-85-360000,1784408640071.879,1784408640674,1784408641603.0,1784408642186.2874,602.121,929.0,583.287,1784407681603.0,2114.408
ss-83-360000,1784408635321.8347,1784408635424,1784408641603.0,1784408642186.288,102.165,6179.0,583.288,1784407681603.0,6864.453
ss-30-360000,1784408640471.836,1784408640674,1784408641603.0,1784408642186.2888,202.164,929.0,583.289,1784407681603.0,1714.453
ss-76-360000,1784408641071.8516,1784408641476,1784408641603.0,1784408642186.2893,404.148,127.0,583.289,1784407681603.0,1114.438
ss-46-360000,1784408635171.8604,1784408635424,1784408641603.0,1784408642186.29,252.14,6179.0,583.29,1784407681603.0,7014.43
ss-92-360000,1784408636071.843,1784408636480,1784408641603.0,1784408642186.2905,408.157,5123.0,583.291,1784407681603.0,6114.448
ss-97-360000,1784408638121.8564,1784408638573,1784408641603.0,1784408642186.291,451.144,3030.0,583.291,1784407681603.0,4064.435
ss-25-360000,1784408636871.8645,1784408637524,1784408641603.0,1784408642186.3416,652.135,4079.0,583.342,1784407681603.0,5314.477
ss-78-360000,1784408631521.8374,1784408632276,1784408641603.0,1784408642186.3433,754.163,9327.0,583.343,1784407681603.0,10664.506
ss-73-360000,1784408634671.8367,1784408635424,1784408641603.0,1784408642186.3438,752.163,6179.0,583.344,1784407681603.0,7514.507
ss-40-360000,1784408621271.8337,1784408621774,1784408641603.0,1784408642186.3445,502.166,19829.0,583.344,1784407681603.0,20914.511
ss-11-360000,1784408640271.8347,1784408640674,1784408641603.0,1784408642186.3528,402.165,929.0,583.353,1784407681603.0,1914.518
ss-87-360000,1784408634121.8372,1784408634374,1784408641603.0,1784408642186.3535,252.163,7229.0,583.354,1784407681603.0,8064.516
ss-41-360000,1784408637521.8484,1784408637524,1784408641604.0,1784408642186.3542,2.152,4080.0,582.354,1784407681604.0,4664.506
ss-32-360000,1784408638671.846,1784408639624,1784408641604.0,1784408642186.355,952.154,1980.0,582.355,1784407681604.0,3514.509
ss-27-360000,1784408641321.8257,1784408641476,1784408641604.0,1784408642186.3555,154.174,128.0,582.355,1784407681604.0,864.53
ss-34-360000,1784408640321.8398,1784408640674,1784408641604.0,1784408642186.3613,352.16,930.0,582.361,1784407681604.0,1864.521
ss-49-360000,1784408639571.8745,1784408639624,1784408641604.0,1784408642186.3687,52.125,1980.0,582.369,1784407681604.0,2614.494
ss-88-360000,1784408636121.8345,1784408636480,1784408641604.0,1784408642186.3745,358.166,5124.0,582.375,1784407681604.0,6064.54
ss-93-360000,1784408624921.8687,1784408624923,1784408641604.0,1784408642186.3833,1.131,16681.0,582.383,1784407681604.0,17264.515
ss-54-360000,1784408633621.8347,1784408634374,1784408641604.0,1784408642186.3884,752.165,7230.0,582.388,1784407681604.0,8564.554
ss-22-360000,1784408639221.8442,1784408639624,1784408641604.0,1784408642186.3923,402.156,1980.0,582.392,1784407681604.0,2964.548
ss-24-360000,1784408639871.8665,1784408640674,1784408641604.0,1784408642186.401,802.134,930.0,582.401,1784407681604.0,2314.534
ss-39-420000,1784408635221.831,1784408635424,1784408641604.0,1784408642186.4058,202.169,6180.0,582.406,1784407621604.0,6964.575
ss-7-420000,1784408637371.8552,1784408637524,1784408641604.0,1784408642186.4622,152.145,4080.0,582.462,1784407621604.0,4814.607
ss-2-420000,1784408639121.8447,1784408639624,1784408641604.0,1784408642186.4636,502.155,1980.0,582.464,1784407621604.0,3064.619
ss-12-420000,1784408637771.837,1784408638573,1784408641604.0,1784408642186.4644,801.163,3031.0,582.464,1784407621604.0,4414.627
ss-21-420000,1784408637671.836,1784408638573,1784408641604.0,1784408642186.4802,901.164,3031.0,582.48,1784407621604.0,4514.644
ss-72-420000,1784408636671.8625,1784408637524,1784408641604.0,1784408642186.481,852.137,4080.0,582.481,1784407621604.0,5514.618
ss-9-420000,1784408637171.8713,1784408637524,1784408641604.0,1784408642186.4814,352.129,4080.0,582.481,1784407621604.0,5014.61
ss-14-420000,1784408639471.8333,1784408639624,1784408641604.0,1784408642186.482,152.167,1980.0,582.482,1784407621604.0,2714.649
ss-91-420000,1784408639071.8481,1784408639624,1784408641605.0,1784408642186.4827,552.152,1981.0,581.483,1784407621605.0,3114.635
ss-98-420000,1784408637471.8726,1784408637524,1784408641605.0,1784408642186.4932,52.127,4081.0,581.493,1784407621605.0,4714.621
ss-16-420000,1784408640971.8396,1784408641476,1784408641605.0,1784408642186.4937,504.16,129.0,581.494,1784407621605.0,1214.654
ss-79-420000,1784408633971.87,1784408634374,1784408641605.0,1784408642186.5583,402.13,7231.0,581.558,1784407621605.0,8214.688
ss-31-420000,1784408641221.8416,1784408641476,1784408641605.0,1784408642186.6025,254.158,129.0,581.603,1784407621605.0,964.761
ss-41-420000,1784408637521.8484,1784408637524,1784408641605.0,1784408642186.6035,2.152,4081.0,581.604,1784407621605.0,4664.755
ss-28-420000,1784408638321.8435,1784408638573,1784408641605.0,1784408642186.6042,251.156,3032.0,581.604,1784407621605.0,3864.761
ss-50-420000,1784408638071.8376,1784408638573,1784408641605.0,1784408642186.6047,501.162,3032.0,581.605,1784407621605.0,4114.767
ss-63-420000,1784408638721.8457,1784408639624,1784408641605.0,1784408642186.6055,902.154,1981.0,581.605,1784407621605.0,3464.76
ss-30-420000,1784408640471.836,1784408640674,1784408641605.0,1784408642186.6062,202.164,931.0,581.606,1784407621605.0,1714.77
ss-64-420000,1784408635721.8289,1784408636480,1784408641605.0,1784408642186.6292,758.171,5125.0,581.629,1784407621605.0,6464.8
ss-51-420000,1784408640621.842,1784408640674,1784408641605.0,1784408642186.6301,52.158,931.0,581.63,1784407621605.0,1564.788
ss-35-420000,1784408632421.8296,1784408633324,1784408641605.0,1784408642186.6306,902.17,8281.0,581.631,1784407621605.0,9764.801
ss-99-420000,1784408620171.8396,1784408620724,1784408641605.0,1784408642186.6729,552.16,20881.0,581.673,1784407621605.0,22014.833
ss-70-420000,1784408636321.831,1784408636480,1784408641605.0,1784408642186.6736,158.169,5125.0,581.674,1784407621605.0,5864.843
ss-80-420000,1784408640671.844,1784408640674,1784408641605.0,1784408642186.6743,2.156,931.0,581.674,1784407621605.0,1514.83
ss-90-420000,1784408641021.8386,1784408641476,1784408641605.0,1784408642186.6748,454.161,129.0,581.675,1784407621605.0,1164.836
ss-59-420000,1784408637271.8376,1784408637524,1784408641606.0,1784408642186.6755,252.162,4082.0,580.676,1784407621606.0,4914.838
ss-45-420000,1784408639271.8364,1784408639624,1784408641606.0,1784408642186.676,352.164,1982.0,580.676,1784407621606.0,2914.84
ss-48-420000,1784408624721.846,1784408624923,1784408641606.0,1784408642186.6816,201.154,16683.0,580.682,1784407621606.0,17464.836
ss-58-420000,1784408638571.8455,1784408638573,1784408641606.0,1784408642186.6824,1.155,3033.0,580.682,1784407621606.0,3614.837
ss-29-420000,1784408634471.8354,1784408635424,1784408641606.0,1784408642186.683,952.165,6182.0,580.683,1784407621606.0,7714.848
ss-74-420000,1784408640721.8394,1784408641476,1784408641606.0,1784408642186.757,754.161,130.0,580.757,1784407621606.0,1464.918
ss-54-420000,1784408633621.8347,1784408634374,1784408641606.0,1784408642186.7585,752.165,7232.0,580.759,1784407621606.0,8564.924
ss-52-420000,1784408638971.8438,1784408639624,1784408641606.0,1784408642186.7664,652.156,1982.0,580.766,1784407621606.0,3214.923
ss-84-420000,1784408630971.8809,1784408631223,1784408641606.0,1784408642186.767,251.119,10383.0,580.767,1784407621606.0,11214.886
ss-38-420000,1784408640771.8354,1784408641476,1784408641606.0,1784408642186.7678,704.165,130.0,580.768,1784407621606.0,1414.932
ss-1-420000,1784408637421.8357,1784408637524,1784408641606.0,1784408642186.7683,102.164,4082.0,580.768,1784407621606.0,4764.933
ss-4-420000,1784408640021.8347,1784408640674,1784408641606.0,1784408642186.7778,652.165,932.0,580.778,1784407621606.0,2164.943
ss-75-420000,1784408638421.8347,1784408638573,1784408641606.0,1784408642186.7786,151.165,3033.0,580.779,1784407621606.0,3764.944
ss-89-420000,1784408625821.8438,1784408625974,1784408641606.0,1784408642186.7793,152.156,15632.0,580.779,1784407621606.0,16364.936
ss-23-420000,1784408639321.8547,1784408639624,1784408641606.0,1784408642186.7798,302.145,1982.0,580.78,1784407621606.0,2864.925
ss-33-420000,1784408621821.8325,1784408622823,1784408641606.0,1784408642186.7852,1001.167,18783.0,580.785,1784407621606.0,20364.953
ss-6-420000,1784408638221.8384,1784408638573,1784408641606.0,1784408642186.786,351.162,3033.0,580.786,1784407621606.0,3964.948
ss-82-420000,1784408636721.8713,1784408637524,1784408641606.0,1784408642186.7866,802.129,4082.0,580.787,1784407621606.0,5464.915
ss-0-420000,1784408638521.8418,1784408638573,1784408641607.0,1784408642186.7913,51.158,3034.0,579.791,1784407621607.0,3664.949
ss-10-420000,1784408622871.8582,1784408623873,1784408641607.0,1784408642186.8362,1001.142,17734.0,579.836,1784407621607.0,19314.978
ss-68-420000,1784408639521.8489,1784408639624,1784408641607.0,1784408642186.837,102.151,1983.0,579.837,1784407621607.0,2664.988
ss-47-420000,1784408641171.8445,1784408641476,1784408641607.0,1784408642186.8423,304.156,131.0,579.842,1784407621607.0,1014.998
ss-60-420000,1784408640821.8335,1784408641476,1784408641607.0,1784408642186.849,654.167,131.0,579.849,1784407621607.0,1365.016
ss-65-420000,1784408637071.855,1784408637524,1784408641607.0,1784408642186.8496,452.145,4083.0,579.85,1784407621607.0,5114.995
ss-43-420000,1784408640121.8713,1784408640674,1784408641607.0,1784408642186.8503,552.129,933.0,579.85,1784407621607.0,2064.979
ss-86-420000,1784408641421.841,1784408641476,1784408641607.0,1784408642186.855,54.159,131.0,579.855,1784407621607.0,765.014
ss-71-420000,1784408639421.8281,1784408639624,1784408641607.0,1784408642186.873,202.172,1983.0,579.873,1784407621607.0,2765.045
ss-13-420000,1784408632071.8428,1784408632276,1784408641607.0,1784408642186.8787,204.157,9331.0,579.879,1784407621607.0,10115.036
ss-61-420000,1784408621571.8406,1784408621774,1784408641607.0,1784408642186.9207,202.159,19833.0,579.921,1784407621607.0,20615.08
ss-57-420000,1784408640921.8386,1784408641476,1784408641607.0,1784408642186.9219,554.161,131.0,579.922,1784407621607.0,1265.083
ss-55-420000,1784408637321.843,1784408637524,1784408641607.0,1784408642186.9224,202.157,4083.0,579.922,1784407621607.0,4865.079
ss-26-420000,1784408640871.8506,1784408641476,1784408641607.0,1784408642186.923,604.149,131.0,579.923,1784407621607.0,1315.073
ss-20-420000,1784408638371.8394,1784408638573,1784408641607.0,1784408642186.9707,201.161,3034.0,579.971,1784407621607.0,3815.131
ss-77-420000,1784408641271.832,1784408641476,1784408641607.0,1784408642186.9795,204.168,131.0,579.979,1784407621607.0,915.147
ss-3-420000,1784408637121.8535,1784408637524,1784408641607.0,1784408642186.9802,402.146,4083.0,579.98,1784407621607.0,5065.127
ss-17-420000,1784408627971.887,1784408628073,1784408641607.0,1784408642186.9807,101.113,13534.0,579.981,1784407621607.0,14215.094
ss-83-420000,1784408635321.8347,1784408635424,1784408641608.0,1784408642186.9866,102.165,6184.0,578.987,1784407621608.0,6865.152
ss-81-420000,1784408626671.8506,1784408627024,1784408641608.0,1784408642186.9873,352.149,14584.0,578.987,1784407621608.0,15515.137
ss-15-420000,1784408639721.8586,1784408640674,1784408641608.0,1784408642186.9912,952.141,934.0,578.991,1784407621608.0,2465.133
ss-34-420000,1784408640321.8398,1784408640674,1784408641608.0,1784408642186.9917,352.16,934.0,578.992,1784407621608.0,1865.152
ss-44-420000,1784408639771.8662,1784408640674,1784408641608.0,1784408642187.0378,902.134,934.0,579.038,1784407621608.0,2415.172
ss-18-420000,1784408636971.8584,1784408637524,1784408641608.0,1784408642187.0388,552.142,4084.0,579.039,1784407621608.0,5215.18
ss-96-420000,1784408641371.856,1784408641476,1784408641608.0,1784408642187.0396,104.144,132.0,579.04,1784407621608.0,815.184
ss-95-420000,1784408635021.8552,1784408635424,1784408641608.0,1784408642187.04,402.145,6184.0,579.04,1784407621608.0,7165.185
ss-53-420000,1784408638621.8374,1784408639624,1784408641608.0,1784408642187.0408,1002.163,1984.0,579.041,1784407621608.0,3565.203
ss-94-420000,1784408631671.8345,1784408632276,1784408641608.0,1784408642187.0454,604.166,9332.0,579.045,1784407621608.0,10515.211
ss-62-420000,1784408630571.8428,1784408631223,1784408641608.0,1784408642187.0464,651.157,10385.0,579.046,1784407621608.0,11615.204
ss-66-420000,1784408637221.8445,1784408637524,1784408641608.0,1784408642187.0522,302.156,4084.0,579.052,1784407621608.0,4965.208
ss-8-420000,1784408639671.8677,1784408640674,1784408641608.0,1784408642187.0535,1002.132,934.0,579.053,1784407621608.0,2515.186
ss-37-420000,1784408639371.867,1784408639624,1784408641608.0,1784408642187.0586,252.133,1984.0,579.059,1784407621608.0,2815.192
ss-76-420000,1784408641071.8516,1784408641476,1784408641608.0,1784408642187.108,404.148,132.0,579.108,1784407621608.0,1115.256
ss-67-420000,1784408627721.8484,1784408628073,1784408641608.0,1784408642187.1094,351.152,13535.0,579.109,1784407621608.0,14465.261
ss-5-420000,1784408638171.8435,1784408638573,1784408641608.0,1784408642187.11,401.156,3035.0,579.11,1784407621608.0,4015.267
ss-69-420000,1784408629571.8384,1784408630174,1784408641608.0,1784408642187.1187,602.162,11434.0,579.119,1784407621608.0,12615.28
ss-46-420000,1784408635171.8604,1784408635424,1784408641608.0,1784408642187.1194,252.14,6184.0,579.119,1784407621608.0,7015.259
ss-42-420000,1784408633421.8367,1784408634374,1784408641609.0,1784408642187.125,952.163,7235.0,578.125,1784407621609.0,8765.288
ss-85-420000,1784408640071.879,1784408640674,1784408641609.0,1784408642187.1257,602.121,935.0,578.126,1784407621609.0,2115.247
ss-92-420000,1784408636071.843,1784408636480,1784408641609.0,1784408642187.1335,408.157,5129.0,578.134,1784407621609.0,6115.291
ss-97-420000,1784408638121.8564,1784408638573,1784408641609.0,1784408642187.1558,451.144,3036.0,578.156,1784407621609.0,4065.299
ss-19-420000,1784408640171.8406,1784408640674,1784408641609.0,1784408642187.1567,502.159,935.0,578.157,1784407621609.0,2015.316
ss-32-420000,1784408638671.846,1784408639624,1784408641609.0,1784408642187.1624,952.154,1985.0,578.162,1784407621609.0,3515.316
ss-73-420000,1784408634671.8367,1784408635424,1784408641609.0,1784408642187.1628,752.163,6185.0,578.163,1784407621609.0,7515.326
ss-78-420000,1784408631521.8374,1784408632276,1784408641609.0,1784408642187.1636,754.163,9333.0,578.164,1784407621609.0,10665.326
ss-40-420000,1784408621271.8337,1784408621774,1784408641609.0,1784408642187.2185,502.166,19835.0,578.219,1784407621609.0,20915.385
ss-11-420000,1784408640271.8347,1784408640674,1784408641609.0,1784408642187.2195,402.165,935.0,578.219,1784407621609.0,1915.385
ss-22-420000,1784408639221.8442,1784408639624,1784408641609.0,1784408642187.2202,402.156,1985.0,578.22,1784407621609.0,2965.376
ss-27-420000,1784408641321.8257,1784408641476,1784408641609.0,1784408642187.2207,154.174,133.0,578.221,1784407621609.0,865.395
ss-87-420000,1784408634121.8372,1784408634374,1784408641609.0,1784408642187.2263,252.163,7235.0,578.226,1784407621609.0,8065.389
ss-56-420000,1784408641121.8333,1784408641476,1784408641609.0,1784408642187.227,354.167,133.0,578.227,1784407621609.0,1065.394
ss-88-420000,1784408636121.8345,1784408636480,1784408641609.0,1784408642187.2363,358.166,5129.0,578.236,1784407621609.0,6065.402
ss-25-420000,1784408636871.8645,1784408637524,1784408641609.0,1784408642187.2551,652.135,4085.0,578.255,1784407621609.0,5315.391
ss-36-420000,1784408639921.864,1784408640674,1784408641609.0,1784408642187.2559,752.136,935.0,578.256,1784407621609.0,2265.392
ss-93-420000,1784408624921.8687,1784408624923,1784408641609.0,1784408642187.32,1.131,16686.0,578.32,1784407621609.0,17265.451
ss-24-420000,1784408639871.8665,1784408640674,1784408641609.0,1784408642187.321,802.134,935.0,578.321,1784407621609.0,2315.455
ss-49-420000,1784408639571.8745,1784408639624,1784408641609.0,1784408642187.3215,52.125,1985.0,578.322,1784407621609.0,2615.447
ss-39-480000,1784408635221.831,1784408635424,1784408641609.0,1784408642187.3223,202.169,6185.0,578.322,1784407561609.0,6965.491
ss-7-480000,1784408637371.8552,1784408637524,1784408641610.0,1784408642187.323,152.145,4086.0,577.323,1784407561610.0,4815.468
ss-9-480000,1784408637171.8713,1784408637524,1784408641610.0,1784408642187.3235,352.129,4086.0,577.323,1784407561610.0,5015.452
ss-2-480000,1784408639121.8447,1784408639624,1784408641610.0,1784408642187.3298,502.155,1986.0,577.33,1784407561610.0,3065.485
ss-97-480000,1784408638121.8564,1784408638573,1784408641610.0,1784408642187.358,451.144,3037.0,577.358,1784407561610.0,4065.501
ss-12-480000,1784408637771.837,1784408638573,1784408641610.0,1784408642187.3586,801.163,3037.0,577.359,1784407561610.0,4415.522
ss-72-480000,1784408636671.8625,1784408637524,1784408641610.0,1784408642187.359,852.137,4086.0,577.359,1784407561610.0,5515.496
ss-21-480000,1784408637671.836,1784408638573,1784408641610.0,1784408642187.3594,901.164,3037.0,577.359,1784407561610.0,4515.523
ss-14-480000,1784408639471.8333,1784408639624,1784408641610.0,1784408642188.1614,152.167,1986.0,578.161,1784407561610.0,2716.328
ss-91-480000,1784408639071.8481,1784408639624,1784408641610.0,1784408642188.1646,552.152,1986.0,578.165,1784407561610.0,3116.316
ss-98-480000,1784408637471.8726,1784408637524,1784408641610.0,1784408642188.165,52.127,4086.0,578.165,1784407561610.0,4716.292
ss-16-480000,1784408640971.8396,1784408641476,1784408641610.0,1784408642188.1655,504.16,134.0,578.166,1784407561610.0,1216.326
ss-79-480000,1784408633971.87,1784408634374,1784408641610.0,1784408642188.166,402.13,7236.0,578.166,1784407561610.0,8216.296
ss-28-480000,1784408638321.8435,1784408638573,1784408641610.0,1784408642188.1692,251.156,3037.0,578.169,1784407561610.0,3866.326
ss-31-480000,1784408641221.8416,1784408641476,1784408641610.0,1784408642188.1694,254.158,134.0,578.169,1784407561610.0,966.328
ss-50-480000,1784408638071.8376,1784408638573,1784408641610.0,1784408642188.17,501.162,3037.0,578.17,1784407561610.0,4116.332
ss-64-480000,1784408635721.8289,1784408636480,1784408641610.0,1784408642188.1702,758.171,5130.0,578.17,1784407561610.0,6466.341
ss-63-480000,1784408638721.8457,1784408639624,1784408641610.0,1784408642188.1707,902.154,1986.0,578.171,1784407561610.0,3466.325
ss-77-480000,1784408641271.832,1784408641476,1784408641610.0,1784408642188.171,204.168,134.0,578.171,1784407561610.0,916.339
ss-51-480000,1784408640621.842,1784408640674,1784408641610.0,1784408642188.1714,52.158,936.0,578.171,1784407561610.0,1566.329
ss-35-480000,1784408632421.8296,1784408633324,1784408641610.0,1784408642188.1716,902.17,8286.0,578.172,1784407561610.0,9766.342
ss-99-480000,1784408620171.8396,1784408620724,1784408641610.0,1784408642188.172,552.16,20886.0,578.172,1784407561610.0,22016.333
ss-80-480000,1784408640671.844,1784408640674,1784408641610.0,1784408642188.1726,2.156,936.0,578.173,1784407561610.0,1516.329
ss-70-480000,1784408636321.831,1784408636480,1784408641610.0,1784408642188.1729,158.169,5130.0,578.173,1784407561610.0,5866.342
ss-90-480000,1784408641021.8386,1784408641476,1784408641610.0,1784408642188.1733,454.161,134.0,578.173,1784407561610.0,1166.335
ss-59-480000,1784408637271.8376,1784408637524,1784408641610.0,1784408642188.1736,252.162,4086.0,578.174,1784407561610.0,4916.336
ss-45-480000,1784408639271.8364,1784408639624,1784408641611.0,1784408642188.174,352.164,1987.0,577.174,1784407561611.0,2916.338
ss-41-480000,1784408637521.8484,1784408637524,1784408641611.0,1784408642188.177,2.152,4087.0,577.177,1784407561611.0,4666.329
ss-48-480000,1784408624721.846,1784408624923,1784408641611.0,1784408642188.1833,201.154,16688.0,577.183,1784407561611.0,17466.337
ss-58-480000,1784408638571.8455,1784408638573,1784408641611.0,1784408642188.1838,1.155,3038.0,577.184,1784407561611.0,3616.338
ss-74-480000,1784408640721.8394,1784408641476,1784408641611.0,1784408642188.184,754.161,135.0,577.184,1784407561611.0,1466.345
ss-29-480000,1784408634471.8354,1784408635424,1784408641611.0,1784408642188.1846,952.165,6187.0,577.185,1784407561611.0,7716.349
ss-4-480000,1784408640021.8347,1784408640674,1784408641611.0,1784408642188.1848,652.165,937.0,577.185,1784407561611.0,2166.35
ss-84-480000,1784408630971.8809,1784408631223,1784408641611.0,1784408642188.1853,251.119,10388.0,577.185,1784407561611.0,11216.304
ss-38-480000,1784408640771.8354,1784408641476,1784408641611.0,1784408642188.1934,704.165,135.0,577.193,1784407561611.0,1416.358
ss-1-480000,1784408637421.8357,1784408637524,1784408641611.0,1784408642188.1936,102.164,4087.0,577.194,1784407561611.0,4766.358
ss-68-480000,1784408639521.8489,1784408639624,1784408641611.0,1784408642188.194,102.151,1987.0,577.194,1784407561611.0,2666.345
ss-75-480000,1784408638421.8347,1784408638573,1784408641611.0,1784408642188.1946,151.165,3038.0,577.195,1784407561611.0,3766.36
ss-23-480000,1784408639321.8547,1784408639624,1784408641611.0,1784408642188.1948,302.145,1987.0,577.195,1784407561611.0,2866.34
ss-6-480000,1784408638221.8384,1784408638573,1784408641611.0,1784408642188.1953,351.162,3038.0,577.195,1784407561611.0,3966.357
ss-33-480000,1784408621821.8325,1784408622823,1784408641611.0,1784408642188.1956,1001.167,18788.0,577.196,1784407561611.0,20366.363
ss-0-480000,1784408638521.8418,1784408638573,1784408641611.0,1784408642188.196,51.158,3038.0,577.196,1784407561611.0,3666.354
ss-10-480000,1784408622871.8582,1784408623873,1784408641611.0,1784408642188.1963,1001.142,17738.0,577.196,1784407561611.0,19316.338
ss-89-480000,1784408625821.8438,1784408625974,1784408641611.0,1784408642188.1965,152.156,15637.0,577.197,1784407561611.0,16366.353
ss-47-480000,1784408641171.8445,1784408641476,1784408641611.0,1784408642188.197,304.156,135.0,577.197,1784407561611.0,1016.353
ss-83-480000,1784408635321.8347,1784408635424,1784408641611.0,1784408642188.1973,102.165,6187.0,577.197,1784407561611.0,6866.363
ss-65-480000,1784408637071.855,1784408637524,1784408641611.0,1784408642188.1978,452.145,4087.0,577.198,1784407561611.0,5116.343
ss-43-480000,1784408640121.8713,1784408640674,1784408641611.0,1784408642188.198,552.129,937.0,577.198,1784407561611.0,2066.327
ss-71-480000,1784408639421.8281,1784408639624,1784408641611.0,1784408642188.1982,202.172,1987.0,577.198,1784407561611.0,2766.37
ss-86-480000,1784408641421.841,1784408641476,1784408641612.0,1784408642188.1987,54.159,136.0,576.199,1784407561612.0,766.358
ss-54-480000,1784408633621.8347,1784408634374,1784408641612.0,1784408642188.199,752.165,7238.0,576.199,1784407561612.0,8566.364
ss-55-480000,1784408637321.843,1784408637524,1784408641612.0,1784408642188.1995,202.157,4088.0,576.199,1784407561612.0,4866.356
ss-61-480000,1784408621571.8406,1784408621774,1784408641612.0,1784408642188.1997,202.159,19838.0,576.2,1784407561612.0,20616.359
ss-57-480000,1784408640921.8386,1784408641476,1784408641612.0,1784408642188.2002,554.161,136.0,576.2,1784407561612.0,1266.362
ss-5-480000,1784408638171.8435,1784408638573,1784408641612.0,1784408642188.2004,401.156,3039.0,576.2,1784407561612.0,4016.357
ss-26-480000,1784408640871.8506,1784408641476,1784408641612.0,1784408642188.201,604.149,136.0,576.201,1784407561612.0,1316.35
ss-20-480000,1784408638371.8394,1784408638573,1784408641612.0,1784408642188.2012,201.161,3039.0,576.201,1784407561612.0,3816.362
ss-13-480000,1784408632071.8428,1784408632276,1784408641612.0,1784408642188.2014,204.157,9336.0,576.201,1784407561612.0,10116.359
ss-17-480000,1784408627971.887,1784408628073,1784408641612.0,1784408642188.202,101.113,13539.0,576.202,1784407561612.0,14216.315
ss-3-480000,1784408637121.8535,1784408637524,1784408641612.0,1784408642188.2021,402.146,4088.0,576.202,1784407561612.0,5066.349
ss-81-480000,1784408626671.8506,1784408627024,1784408641612.0,1784408642188.209,352.149,14588.0,576.209,1784407561612.0,15516.358
ss-15-480000,1784408639721.8586,1784408640674,1784408641612.0,1784408642188.2097,952.141,938.0,576.21,1784407561612.0,2466.351
ss-44-480000,1784408639771.8662,1784408640674,1784408641612.0,1784408642188.21,902.134,938.0,576.21,1784407561612.0,2416.344
ss-76-480000,1784408641071.8516,1784408641476,1784408641612.0,1784408642188.2104,404.148,136.0,576.21,1784407561612.0,1116.359
ss-34-480000,1784408640321.8398,1784408640674,1784408641612.0,1784408642188.2107,352.16,938.0,576.211,1784407561612.0,1866.371
ss-19-480000,1784408640171.8406,1784408640674,1784408641612.0,1784408642188.2112,502.159,938.0,576.211,1784407561612.0,2016.371
ss-18-480000,1784408636971.8584,1784408637524,1784408641612.0,1784408642188.2146,552.142,4088.0,576.215,1784407561612.0,5216.356
ss-96-480000,1784408641371.856,1784408641476,1784408641612.0,1784408642188.2178,104.144,136.0,576.218,1784407561612.0,816.362
ss-53-480000,1784408638621.8374,1784408639624,1784408641612.0,1784408642188.2183,1002.163,1988.0,576.218,1784407561612.0,3566.381
ss-95-480000,1784408635021.8552,1784408635424,1784408641612.0,1784408642188.2185,402.145,6188.0,576.219,1784407561612.0,7166.363
ss-8-480000,1784408639671.8677,1784408640674,1784408641612.0,1784408642188.219,1002.132,938.0,576.219,1784407561612.0,2516.351
ss-94-480000,1784408631671.8345,1784408632276,1784408641612.0,1784408642188.2192,604.166,9336.0,576.219,1784407561612.0,10516.385
ss-62-480000,1784408630571.8428,1784408631223,1784408641613.0,1784408642188.2197,651.157,10390.0,575.22,1784407561613.0,11616.377
ss-66-480000,1784408637221.8445,1784408637524,1784408641613.0,1784408642188.22,302.156,4089.0,575.22,1784407561613.0,4966.375
ss-46-480000,1784408635171.8604,1784408635424,1784408641613.0,1784408642188.2205,252.14,6189.0,575.22,1784407561613.0,7016.36
ss-67-480000,1784408627721.8484,1784408628073,1784408641613.0,1784408642188.2236,351.152,13540.0,575.224,1784407561613.0,14466.375
ss-69-480000,1784408629571.8384,1784408630174,1784408641613.0,1784408642188.2239,602.162,11439.0,575.224,1784407561613.0,12616.385
ss-82-480000,1784408636721.8713,1784408637524,1784408641613.0,1784408642188.2244,802.129,4089.0,575.224,1784407561613.0,5466.353
ss-42-480000,1784408633421.8367,1784408634374,1784408641613.0,1784408642188.2273,952.163,7239.0,575.227,1784407561613.0,8766.391
ss-85-480000,1784408640071.879,1784408640674,1784408641613.0,1784408642188.2302,602.121,939.0,575.23,1784407561613.0,2116.351
ss-37-480000,1784408639371.867,1784408639624,1784408641613.0,1784408642188.2305,252.133,1989.0,575.23,1784407561613.0,2816.364
ss-30-480000,1784408640471.836,1784408640674,1784408641613.0,1784408642188.231,202.164,939.0,575.231,1784407561613.0,1716.395
ss-92-480000,1784408636071.843,1784408636480,1784408641613.0,1784408642188.2312,408.157,5133.0,575.231,1784407561613.0,6116.388
ss-73-480000,1784408634671.8367,1784408635424,1784408641613.0,1784408642188.2314,752.163,6189.0,575.231,1784407561613.0,7516.395
ss-25-480000,1784408636871.8645,1784408637524,1784408641613.0,1784408642188.232,652.135,4089.0,575.232,1784407561613.0,5316.367
ss-78-480000,1784408631521.8374,1784408632276,1784408641613.0,1784408642188.2322,754.163,9337.0,575.232,1784407561613.0,10666.395
ss-11-480000,1784408640271.8347,1784408640674,1784408641613.0,1784408642188.2383,402.165,939.0,575.238,1784407561613.0,1916.404
ss-22-480000,1784408639221.8442,1784408639624,1784408641613.0,1784408642188.2385,402.156,1989.0,575.239,1784407561613.0,2966.394
ss-40-480000,1784408621271.8337,1784408621774,1784408641613.0,1784408642188.239,502.166,19839.0,575.239,1784407561613.0,20916.405
ss-87-480000,1784408634121.8372,1784408634374,1784408641613.0,1784408642188.2393,252.163,7239.0,575.239,1784407561613.0,8066.402
ss-32-480000,1784408638671.846,1784408639624,1784408641613.0,1784408642188.2397,952.154,1989.0,575.24,1784407561613.0,3516.394
ss-56-480000,1784408641121.8333,1784408641476,1784408641614.0,1784408642188.243,354.167,138.0,574.243,1784407561614.0,1066.41
ss-88-480000,1784408636121.8345,1784408636480,1784408641614.0,1784408642188.2432,358.166,5134.0,574.243,1784407561614.0,6066.409
ss-60-480000,1784408640821.8335,1784408641476,1784408641614.0,1784408642188.2437,654.167,138.0,574.244,1784407561614.0,1366.41
ss-27-480000,1784408641321.8257,1784408641476,1784408641614.0,1784408642188.244,154.174,138.0,574.244,1784407561614.0,866.418
ss-36-480000,1784408639921.864,1784408640674,1784408641614.0,1784408642188.2441,752.136,940.0,574.244,1784407561614.0,2266.38
ss-52-480000,1784408638971.8438,1784408639624,1784408641614.0,1784408642188.2446,652.156,1990.0,574.245,1784407561614.0,3216.401
ss-49-480000,1784408639571.8745,1784408639624,1784408641614.0,1784408642188.2449,52.125,1990.0,574.245,1784407561614.0,2616.37
ss-93-480000,1784408624921.8687,1784408624923,1784408641614.0,1784408642188.245,1.131,16691.0,574.245,1784407561614.0,17266.376
ss-24-480000,1784408639871.8665,1784408640674,1784408641614.0,1784408642188.2456,802.134,940.0,574.246,1784407561614.0,2316.379
ss-46-540000,1784408635171.8604,1784408635424,1784408641614.0,1784408642190.2886,252.14,6190.0,576.289,1784407501614.0,7018.428
ss-39-540000,1784408635221.831,1784408635424,1784408641614.0,1784408642190.2898,202.169,6190.0,576.29,1784407501614.0,6968.459
ss-60-540000,1784408640821.8335,1784408641476,1784408641614.0,1784408642190.2905,654.167,138.0,576.291,1784407501614.0,1368.457
ss-2-540000,1784408639121.8447,1784408639624,1784408641614.0,1784408642190.291,502.155,1990.0,576.291,1784407501614.0,3068.446
ss-12-540000,1784408637771.837,1784408638573,1784408641614.0,1784408642190.2915,801.163,3041.0,576.292,1784407501614.0,4418.455
ss-71-540000,1784408639421.8281,1784408639624,1784408641614.0,1784408642190.292,202.172,1990.0,576.292,1784407501614.0,2768.464
ss-72-540000,1784408636671.8625,1784408637524,1784408641614.0,1784408642190.2986,852.137,4090.0,576.299,1784407501614.0,5518.436
ss-21-540000,1784408637671.836,1784408638573,1784408641614.0,1784408642190.2993,901.164,3041.0,576.299,1784407501614.0,4518.463
ss-9-540000,1784408637171.8713,1784408637524,1784408641614.0,1784408642190.303,352.129,4090.0,576.303,1784407501614.0,5018.432
ss-14-540000,1784408639471.8333,1784408639624,1784408641614.0,1784408642190.3035,152.167,1990.0,576.303,1784407501614.0,2718.47
ss-91-540000,1784408639071.8481,1784408639624,1784408641614.0,1784408642190.337,552.152,1990.0,576.337,1784407501614.0,3118.489
ss-81-540000,1784408626671.8506,1784408627024,1784408641614.0,1784408642190.3452,352.149,14590.0,576.345,1784407501614.0,15518.495
ss-75-540000,1784408638421.8347,1784408638573,1784408641615.0,1784408642190.3462,151.165,3042.0,575.346,1784407501615.0,3768.511
ss-15-540000,1784408639721.8586,1784408640674,1784408641615.0,1784408642190.3577,952.141,941.0,575.358,1784407501615.0,2468.499
ss-98-540000,1784408637471.8726,1784408637524,1784408641615.0,1784408642190.3584,52.127,4091.0,575.358,1784407501615.0,4718.486
ss-92-540000,1784408636071.843,1784408636480,1784408641615.0,1784408642190.359,408.157,5135.0,575.359,1784407501615.0,6118.516
ss-16-540000,1784408640971.8396,1784408641476,1784408641615.0,1784408642190.3596,504.16,139.0,575.36,1784407501615.0,1218.52
ss-79-540000,1784408633971.87,1784408634374,1784408641615.0,1784408642190.36,402.13,7241.0,575.36,1784407501615.0,8218.49
ss-31-540000,1784408641221.8416,1784408641476,1784408641615.0,1784408642190.3606,254.158,139.0,575.361,1784407501615.0,968.519
ss-28-540000,1784408638321.8435,1784408638573,1784408641615.0,1784408642190.3613,251.156,3042.0,575.361,1784407501615.0,3868.518
ss-64-540000,1784408635721.8289,1784408636480,1784408641615.0,1784408642190.3965,758.171,5135.0,575.396,1784407501615.0,6468.568
ss-50-540000,1784408638071.8376,1784408638573,1784408641615.0,1784408642190.3975,501.162,3042.0,575.397,1784407501615.0,4118.56
ss-42-540000,1784408633421.8367,1784408634374,1784408641615.0,1784408642190.3982,952.163,7241.0,575.398,1784407501615.0,8768.562
ss-63-540000,1784408638721.8457,1784408639624,1784408641615.0,1784408642190.4282,902.154,1991.0,575.428,1784407501615.0,3468.583
ss-84-540000,1784408630971.8809,1784408631223,1784408641615.0,1784408642190.429,251.119,10392.0,575.429,1784407501615.0,11218.548
ss-51-540000,1784408640621.842,1784408640674,1784408641615.0,1784408642190.4297,52.158,941.0,575.43,1784407501615.0,1568.588
ss-30-540000,1784408640471.836,1784408640674,1784408641615.0,1784408642190.4473,202.164,941.0,575.447,1784407501615.0,1718.611
ss-19-540000,1784408640171.8406,1784408640674,1784408641615.0,1784408642190.4478,502.159,941.0,575.448,1784407501615.0,2018.607
ss-35-540000,1784408632421.8296,1784408633324,1784408641615.0,1784408642190.448,902.17,8291.0,575.448,1784407501615.0,9768.618
ss-99-540000,1784408620171.8396,1784408620724,1784408641615.0,1784408642190.4485,552.16,20891.0,575.448,1784407501615.0,22018.609
ss-85-540000,1784408640071.879,1784408640674,1784408641615.0,1784408642190.5308,602.121,941.0,575.531,1784407501615.0,2118.652
ss-80-540000,1784408640671.844,1784408640674,1784408641616.0,1784408642190.532,2.156,942.0,574.532,1784407501616.0,1518.688
ss-70-540000,1784408636321.831,1784408636480,1784408641616.0,1784408642190.5325,158.169,5136.0,574.532,1784407501616.0,5868.701
ss-90-540000,1784408641021.8386,1784408641476,1784408641616.0,1784408642190.5332,454.161,140.0,574.533,1784407501616.0,1168.695
ss-59-540000,1784408637271.8376,1784408637524,1784408641616.0,1784408642190.534,252.162,4092.0,574.534,1784407501616.0,4918.696
ss-17-540000,1784408627971.887,1784408628073,1784408641616.0,1784408642190.643,101.113,13543.0,574.643,1784407501616.0,14218.756
ss-45-540000,1784408639271.8364,1784408639624,1784408641616.0,1784408642190.644,352.164,1992.0,574.644,1784407501616.0,2918.808
ss-54-540000,1784408633621.8347,1784408634374,1784408641616.0,1784408642190.6448,752.165,7242.0,574.645,1784407501616.0,8568.81
ss-48-540000,1784408624721.846,1784408624923,1784408641616.0,1784408642190.6455,201.154,16693.0,574.646,1784407501616.0,17468.8
ss-58-540000,1784408638571.8455,1784408638573,1784408641616.0,1784408642190.646,1.155,3043.0,574.646,1784407501616.0,3618.801
ss-52-540000,1784408638971.8438,1784408639624,1784408641616.0,1784408642190.6467,652.156,1992.0,574.647,1784407501616.0,3218.803
ss-29-540000,1784408634471.8354,1784408635424,1784408641616.0,1784408642190.6533,952.165,6192.0,574.653,1784407501616.0,7718.818
ss-13-540000,1784408632071.8428,1784408632276,1784408641616.0,1784408642190.654,204.157,9340.0,574.654,1784407501616.0,10118.811
ss-38-540000,1784408640771.8354,1784408641476,1784408641616.0,1784408642190.6548,704.165,140.0,574.655,1784407501616.0,1418.819
ss-4-540000,1784408640021.8347,1784408640674,1784408641616.0,1784408642190.6553,652.165,942.0,574.655,1784407501616.0,2168.821
ss-82-540000,1784408636721.8713,1784408637524,1784408641616.0,1784408642190.6558,802.129,4092.0,574.656,1784407501616.0,5468.784
ss-1-540000,1784408637421.8357,1784408637524,1784408641616.0,1784408642190.6562,102.164,4092.0,574.656,1784407501616.0,4768.821
ss-23-540000,1784408639321.8547,1784408639624,1784408641616.0,1784408642190.6567,302.145,1992.0,574.657,1784407501616.0,2868.802
ss-6-540000,1784408638221.8384,1784408638573,1784408641616.0,1784408642190.6572,351.162,3043.0,574.657,1784407501616.0,3968.819
ss-74-540000,1784408640721.8394,1784408641476,1784408641616.0,1784408642190.703,754.161,140.0,574.703,1784407501616.0,1468.864
ss-41-540000,1784408637521.8484,1784408637524,1784408641616.0,1784408642190.7043,2.152,4092.0,574.704,1784407501616.0,4668.856
ss-26-540000,1784408640871.8506,1784408641476,1784408641616.0,1784408642190.7114,604.149,140.0,574.711,1784407501616.0,1318.861
ss-0-540000,1784408638521.8418,1784408638573,1784408641616.0,1784408642190.7153,51.158,3043.0,574.715,1784407501616.0,3668.874
ss-57-540000,1784408640921.8386,1784408641476,1784408641617.0,1784408642190.716,554.161,141.0,573.716,1784407501617.0,1268.877
ss-10-540000,1784408622871.8582,1784408623873,1784408641617.0,1784408642190.7278,1001.142,17744.0,573.728,1784407501617.0,19318.87
ss-47-540000,1784408641171.8445,1784408641476,1784408641617.0,1784408642191.1104,304.156,141.0,574.11,1784407501617.0,1019.266
ss-89-540000,1784408625821.8438,1784408625974,1784408641617.0,1784408642191.1213,152.156,15643.0,574.121,1784407501617.0,16369.278
ss-65-540000,1784408637071.855,1784408637524,1784408641617.0,1784408642191.1228,452.145,4093.0,574.123,1784407501617.0,5119.268
ss-43-540000,1784408640121.8713,1784408640674,1784408641617.0,1784408642191.1238,552.129,943.0,574.124,1784407501617.0,2069.252
ss-83-540000,1784408635321.8347,1784408635424,1784408641617.0,1784408642191.1248,102.165,6193.0,574.125,1784407501617.0,6869.29
ss-69-540000,1784408629571.8384,1784408630174,1784408641617.0,1784408642191.1257,602.162,11443.0,574.126,1784407501617.0,12619.287
ss-55-540000,1784408637321.843,1784408637524,1784408641617.0,1784408642191.1277,202.157,4093.0,574.128,1784407501617.0,4869.285
ss-67-540000,1784408627721.8484,1784408628073,1784408641617.0,1784408642191.1287,351.152,13544.0,574.129,1784407501617.0,14469.28
ss-61-540000,1784408621571.8406,1784408621774,1784408641617.0,1784408642191.1296,202.159,19843.0,574.13,1784407501617.0,20619.289
ss-20-540000,1784408638371.8394,1784408638573,1784408641617.0,1784408642191.1306,201.161,3044.0,574.131,1784407501617.0,3819.291
ss-77-540000,1784408641271.832,1784408641476,1784408641617.0,1784408642191.1313,204.168,141.0,574.131,1784407501617.0,919.299
ss-22-540000,1784408639221.8442,1784408639624,1784408641617.0,1784408642191.1323,402.156,1993.0,574.132,1784407501617.0,2969.288
ss-3-540000,1784408637121.8535,1784408637524,1784408641617.0,1784408642191.1333,402.146,4093.0,574.133,1784407501617.0,5069.28
ss-94-540000,1784408631671.8345,1784408632276,1784408641617.0,1784408642191.134,604.166,9341.0,574.134,1784407501617.0,10519.3
ss-86-540000,1784408641421.841,1784408641476,1784408641617.0,1784408642191.135,54.159,141.0,574.135,1784407501617.0,769.294
ss-36-540000,1784408639921.864,1784408640674,1784408641617.0,1784408642191.1357,752.136,943.0,574.136,1784407501617.0,2269.272
ss-56-540000,1784408641121.8333,1784408641476,1784408641617.0,1784408642191.1367,354.167,141.0,574.137,1784407501617.0,1069.303
ss-66-540000,1784408637221.8445,1784408637524,1784408641617.0,1784408642191.1377,302.156,4093.0,574.138,1784407501617.0,4969.293
ss-62-540000,1784408630571.8428,1784408631223,1784408641618.0,1784408642191.1387,651.157,10395.0,573.139,1784407501618.0,11619.296
ss-96-540000,1784408641371.856,1784408641476,1784408641618.0,1784408642191.1396,104.144,142.0,573.14,1784407501618.0,819.284
ss-8-540000,1784408639671.8677,1784408640674,1784408641618.0,1784408642191.1404,1002.132,944.0,573.14,1784407501618.0,2519.273
ss-44-540000,1784408639771.8662,1784408640674,1784408641618.0,1784408642191.1414,902.134,944.0,573.141,1784407501618.0,2419.275
ss-5-540000,1784408638171.8435,1784408638573,1784408641618.0,1784408642191.142,401.156,3045.0,573.142,1784407501618.0,4019.299
ss-34-540000,1784408640321.8398,1784408640674,1784408641618.0,1784408642191.1428,352.16,944.0,573.143,1784407501618.0,1869.303
ss-53-540000,1784408638621.8374,1784408639624,1784408641618.0,1784408642191.1438,1002.163,1994.0,573.144,1784407501618.0,3569.306
ss-25-540000,1784408636871.8645,1784408637524,1784408641618.0,1784408642191.1445,652.135,4094.0,573.145,1784407501618.0,5319.28
ss-37-540000,1784408639371.867,1784408639624,1784408641618.0,1784408642191.167,252.133,1994.0,573.167,1784407501618.0,2819.3
ss-97-540000,1784408638121.8564,1784408638573,1784408641618.0,1784408642191.168,451.144,3045.0,573.168,1784407501618.0,4069.312
ss-95-540000,1784408635021.8552,1784408635424,1784408641618.0,1784408642191.169,402.145,6194.0,573.169,1784407501618.0,7169.314
ss-87-540000,1784408634121.8372,1784408634374,1784408641618.0,1784408642191.1697,252.163,7244.0,573.17,1784407501618.0,8069.333
ss-11-540000,1784408640271.8347,1784408640674,1784408641618.0,1784408642191.1707,402.165,944.0,573.171,1784407501618.0,1919.336
ss-40-540000,1784408621271.8337,1784408621774,1784408641618.0,1784408642191.1714,502.166,19844.0,573.171,1784407501618.0,20919.338
ss-18-540000,1784408636971.8584,1784408637524,1784408641618.0,1784408642191.172,552.142,4094.0,573.172,1784407501618.0,5219.314
ss-76-540000,1784408641071.8516,1784408641476,1784408641618.0,1784408642191.173,404.148,142.0,573.173,1784407501618.0,1119.322
ss-78-540000,1784408631521.8374,1784408632276,1784408641618.0,1784408642191.1738,754.163,9342.0,573.174,1784407501618.0,10669.336
ss-49-540000,1784408639571.8745,1784408639624,1784408641618.0,1784408642191.1748,52.125,1994.0,573.175,1784407501618.0,2619.3
ss-32-540000,1784408638671.846,1784408639624,1784408641618.0,1784408642191.1755,952.154,1994.0,573.176,1784407501618.0,3519.33
ss-27-540000,1784408641321.8257,1784408641476,1784408641618.0,1784408642191.1763,154.174,142.0,573.176,1784407501618.0,869.351
ss-73-540000,1784408634671.8367,1784408635424,1784408641618.0,1784408642191.1772,752.163,6194.0,573.177,1784407501618.0,7519.341
ss-88-540000,1784408636121.8345,1784408636480,1784408641618.0,1784408642191.178,358.166,5138.0,573.178,1784407501618.0,6069.344
ss-93-540000,1784408624921.8687,1784408624923,1784408641619.0,1784408642191.179,1.131,16696.0,572.179,1784407501619.0,17269.31
ss-33-540000,1784408621821.8325,1784408622823,1784408641619.0,1784408642191.18,1001.167,18796.0,572.18,1784407501619.0,20369.347
ss-24-540000,1784408639871.8665,1784408640674,1784408641619.0,1784408642191.1807,802.134,945.0,572.181,1784407501619.0,2319.314
ss-7-540000,1784408637371.8552,1784408637524,1784408641619.0,1784408642191.1816,152.145,4095.0,572.182,1784407501619.0,4819.326
ss-68-540000,1784408639521.8489,1784408639624,1784408641619.0,1784408642191.1824,102.151,1995.0,572.182,1784407501619.0,2669.333
ss-17-600000,1784408627971.887,1784408628073,1784408641619.0,1784408642191.183,101.113,13546.0,572.183,1784407441619.0,14219.296
ss-41-600000,1784408637521.8484,1784408637524,1784408641619.0,1784408642191.184,2.152,4095.0,572.184,1784407441619.0,4669.336
ss-2-600000,1784408639121.8447,1784408639624,1784408641619.0,1784408642191.1897,502.155,1995.0,572.19,1784407441619.0,3069.345
ss-12-600000,1784408637771.837,1784408638573,1784408641619.0,1784408642191.1907,801.163,3046.0,572.191,1784407441619.0,4419.354
ss-38-600000,1784408640771.8354,1784408641476,1784408641619.0,1784408642191.1917,704.165,143.0,572.192,1784407441619.0,1419.356
ss-72-600000,1784408636671.8625,1784408637524,1784408641619.0,1784408642191.1924,852.137,4095.0,572.192,1784407441619.0,5519.33
ss-85-600000,1784408640071.879,1784408640674,1784408641619.0,1784408642191.193,602.121,945.0,572.193,1784407441619.0,2119.314
ss-21-600000,1784408637671.836,1784408638573,1784408641619.0,1784408642191.1938,901.164,3046.0,572.194,1784407441619.0,4519.358
ss-87-600000,1784408634121.8372,1784408634374,1784408641619.0,1784408642191.2063,252.163,7245.0,572.206,1784407441619.0,8069.369
ss-88-600000,1784408636121.8345,1784408636480,1784408641619.0,1784408642191.2073,358.166,5139.0,572.207,1784407441619.0,6069.373
ss-14-600000,1784408639471.8333,1784408639624,1784408641619.0,1784408642191.208,152.167,1995.0,572.208,1784407441619.0,2719.375
ss-91-600000,1784408639071.8481,1784408639624,1784408641619.0,1784408642191.209,552.152,1995.0,572.209,1784407441619.0,3119.361
ss-23-600000,1784408639321.8547,1784408639624,1784408641619.0,1784408642191.2097,302.145,1995.0,572.21,1784407441619.0,2869.355
ss-92-600000,1784408636071.843,1784408636480,1784408641619.0,1784408642191.2107,408.157,5139.0,572.211,1784407441619.0,6119.368
ss-98-600000,1784408637471.8726,1784408637524,1784408641619.0,1784408642191.2114,52.127,4095.0,572.211,1784407441619.0,4719.339
ss-97-600000,1784408638121.8564,1784408638573,1784408641619.0,1784408642191.2122,451.144,3046.0,572.212,1784407441619.0,4069.356
ss-16-600000,1784408640971.8396,1784408641476,1784408641619.0,1784408642191.2131,504.16,143.0,572.213,1784407441619.0,1219.374
ss-79-600000,1784408633971.87,1784408634374,1784408641619.0,1784408642191.2139,402.13,7245.0,572.214,1784407441619.0,8219.344
ss-15-600000,1784408639721.8586,1784408640674,1784408641620.0,1784408642191.2317,952.141,946.0,571.232,1784407441620.0,2469.373
ss-28-600000,1784408638321.8435,1784408638573,1784408641620.0,1784408642191.233,251.156,3047.0,571.233,1784407441620.0,3869.389
ss-64-600000,1784408635721.8289,1784408636480,1784408641620.0,1784408642191.2415,758.171,5140.0,571.241,1784407441620.0,6469.413
ss-31-600000,1784408641221.8416,1784408641476,1784408641620.0,1784408642191.2424,254.158,144.0,571.242,1784407441620.0,969.401
ss-75-600000,1784408638421.8347,1784408638573,1784408641620.0,1784408642191.2432,151.165,3047.0,571.243,1784407441620.0,3769.408
ss-50-600000,1784408638071.8376,1784408638573,1784408641620.0,1784408642191.2441,501.162,3047.0,571.244,1784407441620.0,4119.406
ss-63-600000,1784408638721.8457,1784408639624,1784408641620.0,1784408642191.2449,902.154,1996.0,571.245,1784407441620.0,3469.399
ss-30-600000,1784408640471.836,1784408640674,1784408641620.0,1784408642191.2505,202.164,946.0,571.25,1784407441620.0,1719.415
ss-51-600000,1784408640621.842,1784408640674,1784408641620.0,1784408642191.278,52.158,946.0,571.278,1784407441620.0,1569.436
ss-35-600000,1784408632421.8296,1784408633324,1784408641620.0,1784408642191.279,902.17,8296.0,571.279,1784407441620.0,9769.449
ss-83-600000,1784408635321.8347,1784408635424,1784408641620.0,1784408642191.2798,102.165,6196.0,571.28,1784407441620.0,6869.445
ss-80-600000,1784408640671.844,1784408640674,1784408641620.0,1784408642191.2808,2.156,946.0,571.281,1784407441620.0,1519.437
ss-70-600000,1784408636321.831,1784408636480,1784408641620.0,1784408642191.2869,158.169,5140.0,571.287,1784407441620.0,5869.456
ss-67-600000,1784408627721.8484,1784408628073,1784408641620.0,1784408642191.2876,351.152,13547.0,571.288,1784407441620.0,14469.439
ss-3-600000,1784408637121.8535,1784408637524,1784408641620.0,1784408642191.3005,402.146,4096.0,571.301,1784407441620.0,5069.447
ss-90-600000,1784408641021.8386,1784408641476,1784408641620.0,1784408642191.3015,454.161,144.0,571.302,1784407441620.0,1169.463
ss-59-600000,1784408637271.8376,1784408637524,1784408641620.0,1784408642191.3025,252.162,4096.0,571.302,1784407441620.0,4919.465
ss-54-600000,1784408633621.8347,1784408634374,1784408641620.0,1784408642191.3337,752.165,7246.0,571.334,1784407441620.0,8569.499
ss-45-600000,1784408639271.8364,1784408639624,1784408641620.0,1784408642191.3403,352.164,1996.0,571.34,1784407441620.0,2919.504
ss-48-600000,1784408624721.846,1784408624923,1784408641620.0,1784408642191.341,201.154,16697.0,571.341,1784407441620.0,17469.495
ss-58-600000,1784408638571.8455,1784408638573,1784408641620.0,1784408642191.342,1.155,3047.0,571.342,1784407441620.0,3619.497
ss-74-600000,1784408640721.8394,1784408641476,1784408641620.0,1784408642191.35,754.161,144.0,571.35,1784407441620.0,1469.511
ss-10-600000,1784408622871.8582,1784408623873,1784408641620.0,1784408642191.358,1001.142,17747.0,571.358,1784407441620.0,19319.5
ss-4-600000,1784408640021.8347,1784408640674,1784408641621.0,1784408642191.359,652.165,947.0,570.359,1784407441621.0,2169.524
ss-82-600000,1784408636721.8713,1784408637524,1784408641621.0,1784408642191.3665,802.129,4097.0,570.366,1784407441621.0,5469.495
ss-68-600000,1784408639521.8489,1784408639624,1784408641621.0,1784408642191.3738,102.151,1997.0,570.374,1784407441621.0,2669.525
ss-84-600000,1784408630971.8809,1784408631223,1784408641621.0,1784408642191.4114,251.119,10398.0,570.411,1784407441621.0,11219.531
ss-77-600000,1784408641271.832,1784408641476,1784408641621.0,1784408642191.4124,204.168,145.0,570.412,1784407441621.0,919.58
ss-1-600000,1784408637421.8357,1784408637524,1784408641621.0,1784408642191.413,102.164,4097.0,570.413,1784407441621.0,4769.577
ss-52-600000,1784408638971.8438,1784408639624,1784408641621.0,1784408642191.4138,652.156,1997.0,570.414,1784407441621.0,3219.57
ss-9-600000,1784408637171.8713,1784408637524,1784408641621.0,1784408642191.4148,352.129,4097.0,570.415,1784407441621.0,5019.543
ss-73-600000,1784408634671.8367,1784408635424,1784408641621.0,1784408642191.439,752.163,6197.0,570.439,1784407441621.0,7519.602
ss-6-600000,1784408638221.8384,1784408638573,1784408641621.0,1784408642191.44,351.162,3048.0,570.44,1784407441621.0,3969.602
ss-33-600000,1784408621821.8325,1784408622823,1784408641621.0,1784408642191.4407,1001.167,18798.0,570.441,1784407441621.0,20369.608
ss-29-600000,1784408634471.8354,1784408635424,1784408641621.0,1784408642191.4712,952.165,6197.0,570.471,1784407441621.0,7719.636
ss-0-600000,1784408638521.8418,1784408638573,1784408641621.0,1784408642191.472,51.158,3048.0,570.472,1784407441621.0,3669.63
ss-19-600000,1784408640171.8406,1784408640674,1784408641621.0,1784408642191.48,502.159,947.0,570.48,1784407441621.0,2019.639
ss-36-600000,1784408639921.864,1784408640674,1784408641621.0,1784408642191.481,752.136,947.0,570.481,1784407441621.0,2269.617
ss-47-600000,1784408641171.8445,1784408641476,1784408641621.0,1784408642191.4946,304.156,145.0,570.495,1784407441621.0,1019.65
ss-71-600000,1784408639421.8281,1784408639624,1784408641621.0,1784408642191.5093,202.172,1997.0,570.509,1784407441621.0,2769.681
ss-55-600000,1784408637321.843,1784408637524,1784408641621.0,1784408642191.5178,202.157,4097.0,570.518,1784407441621.0,4869.675
ss-61-600000,1784408621571.8406,1784408621774,1784408641621.0,1784408642191.5251,202.159,19847.0,570.525,1784407441621.0,20619.685
ss-57-600000,1784408640921.8386,1784408641476,1784408641621.0,1784408642191.5623,554.161,145.0,570.562,1784407441621.0,1269.724
ss-26-600000,1784408640871.8506,1784408641476,1784408641621.0,1784408642191.5679,604.149,145.0,570.568,1784407441621.0,1319.717
ss-7-600000,1784408637371.8552,1784408637524,1784408641622.0,1784408642191.5735,152.145,4098.0,569.573,1784407441622.0,4819.718
ss-20-600000,1784408638371.8394,1784408638573,1784408641622.0,1784408642191.582,201.161,3049.0,569.582,1784407441622.0,3819.743
ss-60-600000,1784408640821.8335,1784408641476,1784408641622.0,1784408642191.583,654.167,146.0,569.583,1784407441622.0,1369.75
ss-81-600000,1784408626671.8506,1784408627024,1784408641622.0,1784408642191.5837,352.149,14598.0,569.584,1784407441622.0,15519.733
ss-65-600000,1784408637071.855,1784408637524,1784408641622.0,1784408642191.6748,452.145,4098.0,569.675,1784407441622.0,5119.82
ss-86-600000,1784408641421.841,1784408641476,1784408641622.0,1784408642191.676,54.159,146.0,569.676,1784407441622.0,769.835
ss-66-600000,1784408637221.8445,1784408637524,1784408641622.0,1784408642191.677,302.156,4098.0,569.677,1784407441622.0,4969.833
ss-8-600000,1784408639671.8677,1784408640674,1784408641622.0,1784408642191.6775,1002.132,948.0,569.677,1784407441622.0,2519.81
ss-43-600000,1784408640121.8713,1784408640674,1784408641622.0,1784408642191.6785,552.129,948.0,569.678,1784407441622.0,2069.807
ss-46-600000,1784408635171.8604,1784408635424,1784408641622.0,1784408642191.6863,252.14,6198.0,569.686,1784407441622.0,7019.826
ss-13-600000,1784408632071.8428,1784408632276,1784408641622.0,1784408642191.687,204.157,9346.0,569.687,1784407441622.0,10119.844
ss-34-600000,1784408640321.8398,1784408640674,1784408641622.0,1784408642191.6953,352.16,948.0,569.695,1784407441622.0,1869.855
ss-94-600000,1784408631671.8345,1784408632276,1784408641622.0,1784408642191.696,604.166,9346.0,569.696,1784407441622.0,10519.862
ss-56-600000,1784408641121.8333,1784408641476,1784408641622.0,1784408642191.7083,354.167,146.0,569.708,1784407441622.0,1069.875
ss-62-600000,1784408630571.8428,1784408631223,1784408641622.0,1784408642191.709,651.157,10399.0,569.709,1784407441622.0,11619.866
ss-89-600000,1784408625821.8438,1784408625974,1784408641622.0,1784408642191.7097,152.156,15648.0,569.71,1784407441622.0,16369.866
ss-42-600000,1784408633421.8367,1784408634374,1784408641622.0,1784408642191.7102,952.163,7248.0,569.71,1784407441622.0,8769.874
ss-95-600000,1784408635021.8552,1784408635424,1784408641622.0,1784408642191.7156,402.145,6198.0,569.716,1784407441622.0,7169.86
ss-69-600000,1784408629571.8384,1784408630174,1784408641622.0,1784408642191.716,602.162,11448.0,569.716,1784407441622.0,12619.878
ss-11-600000,1784408640271.8347,1784408640674,1784408641622.0,1784408642191.804,402.165,948.0,569.804,1784407441622.0,1919.969
ss-24-600000,1784408639871.8665,1784408640674,1784408641622.0,1784408642191.8052,802.134,948.0,569.805,1784407441622.0,2319.939
ss-76-600000,1784408641071.8516,1784408641476,1784408641622.0,1784408642191.8057,404.148,146.0,569.806,1784407441622.0,1119.954
ss-49-600000,1784408639571.8745,1784408639624,1784408641622.0,1784408642191.8062,52.125,1998.0,569.806,1784407441622.0,2619.932
ss-5-600000,1784408638171.8435,1784408638573,1784408641622.0,1784408642191.8064,401.156,3049.0,569.806,1784407441622.0,4019.963
ss-22-600000,1784408639221.8442,1784408639624,1784408641622.0,1784408642191.807,402.156,1998.0,569.807,1784407441622.0,2969.963
ss-99-600000,1784408620171.8396,1784408620724,1784408641622.0,1784408642191.8074,552.16,20898.0,569.807,1784407441622.0,22019.968
ss-53-600000,1784408638621.8374,1784408639624,1784408641623.0,1784408642191.8076,1002.163,1999.0,568.808,1784407441623.0,3569.97
ss-96-600000,1784408641371.856,1784408641476,1784408641623.0,1784408642191.808,104.144,147.0,568.808,1784407441623.0,819.952
ss-40-600000,1784408621271.8337,1784408621774,1784408641623.0,1784408642191.8586,502.166,19849.0,568.859,1784407441623.0,20920.025
ss-93-600000,1784408624921.8687,1784408624923,1784408641623.0,1784408642191.8599,1.131,16700.0,568.86,1784407441623.0,17269.991
ss-78-600000,1784408631521.8374,1784408632276,1784408641623.0,1784408642191.8604,754.163,9347.0,568.86,1784407441623.0,10670.023
ss-32-600000,1784408638671.846,1784408639624,1784408641623.0,1784408642191.861,952.154,1999.0,568.861,1784407441623.0,3520.015
ss-18-600000,1784408636971.8584,1784408637524,1784408641623.0,1784408642191.8618,552.142,4099.0,568.862,1784407441623.0,5220.003
ss-37-600000,1784408639371.867,1784408639624,1784408641623.0,1784408642191.8625,252.133,1999.0,568.863,1784407441623.0,2819.996
ss-27-600000,1784408641321.8257,1784408641476,1784408641623.0,1784408642191.863,154.174,147.0,568.863,1784407441623.0,870.037
ss-25-600000,1784408636871.8645,1784408637524,1784408641623.0,1784408642191.8635,652.135,4099.0,568.864,1784407441623.0,5319.999
ss-44-600000,1784408639771.8662,1784408640674,1784408641623.0,1784408642191.8748,902.134,949.0,568.875,1784407441623.0,2420.009
ss-39-600000,1784408635221.831,1784408635424,1784408641623.0,1784408642191.8755,202.169,6199.0,568.875,1784407441623.0,6970.044
ss-57-660000,1784408640921.8386,1784408641476,1784408641623.0,1784408642191.876,554.161,147.0,568.876,1784407381623.0,1270.037
ss-73-660000,1784408634671.8367,1784408635424,1784408641623.0,1784408642191.8767,752.163,6199.0,568.877,1784407381623.0,7520.04
ss-89-660000,1784408625821.8438,1784408625974,1784408641623.0,1784408642191.9343,152.156,15649.0,568.934,1784407381623.0,16370.091
ss-86-660000,1784408641421.841,1784408641476,1784408641623.0,1784408642191.9353,54.159,147.0,568.935,1784407381623.0,770.094
ss-97-660000,1784408638121.8564,1784408638573,1784408641623.0,1784408642191.936,451.144,3050.0,568.936,1784407381623.0,4070.08
ss-82-660000,1784408636721.8713,1784408637524,1784408641623.0,1784408642191.9365,802.129,4099.0,568.937,1784407381623.0,5470.065
ss-91-660000,1784408639071.8481,1784408639624,1784408641623.0,1784408642191.944,552.152,1999.0,568.944,1784407381623.0,3120.096
ss-21-660000,1784408637671.836,1784408638573,1784408641623.0,1784408642191.9448,901.164,3050.0,568.945,1784407381623.0,4520.109
ss-77-660000,1784408641271.832,1784408641476,1784408641623.0,1784408642191.9453,204.168,147.0,568.945,1784407381623.0,920.113
ss-65-660000,1784408637071.855,1784408637524,1784408641623.0,1784408642192.0034,452.145,4099.0,569.003,1784407381623.0,5120.148
ss-13-660000,1784408632071.8428,1784408632276,1784408641623.0,1784408642192.0044,204.157,9347.0,569.004,1784407381623.0,10120.162
ss-68-660000,1784408639521.8489,1784408639624,1784408641623.0,1784408642192.005,102.151,1999.0,569.005,1784407381623.0,2670.156
ss-37-660000,1784408639371.867,1784408639624,1784408641623.0,1784408642192.01,252.133,1999.0,569.01,1784407381623.0,2820.143
ss-6-660000,1784408638221.8384,1784408638573,1784408641624.0,1784408642192.014,351.162,3051.0,568.014,1784407381624.0,3970.176
ss-26-660000,1784408640871.8506,1784408641476,1784408641624.0,1784408642192.021,604.149,148.0,568.021,1784407381624.0,1320.17
ss-87-660000,1784408634121.8372,1784408634374,1784408641624.0,1784408642192.0217,252.163,7250.0,568.022,1784407381624.0,8070.185
ss-3-660000,1784408637121.8535,1784408637524,1784408641624.0,1784408642192.0225,402.146,4100.0,568.022,1784407381624.0,5070.169
ss-5-660000,1784408638171.8435,1784408638573,1784408641624.0,1784408642192.023,401.156,3051.0,568.023,1784407381624.0,4020.179
ss-98-660000,1784408637471.8726,1784408637524,1784408641624.0,1784408642192.0237,52.127,4100.0,568.024,1784407381624.0,4720.151
ss-35-660000,1784408632421.8296,1784408633324,1784408641624.0,1784408642192.0288,902.17,8300.0,568.029,1784407381624.0,9770.199
ss-2-660000,1784408639121.8447,1784408639624,1784408641624.0,1784408642192.0295,502.155,2000.0,568.03,1784407381624.0,3070.185
ss-7-660000,1784408637371.8552,1784408637524,1784408641624.0,1784408642192.0676,152.145,4100.0,568.068,1784407381624.0,4820.212
ss-42-660000,1784408633421.8367,1784408634374,1784408641624.0,1784408642192.071,952.163,7250.0,568.071,1784407381624.0,8770.234
ss-85-660000,1784408640071.879,1784408640674,1784408641624.0,1784408642192.0715,602.121,950.0,568.072,1784407381624.0,2120.193
ss-17-660000,1784408627971.887,1784408628073,1784408641624.0,1784408642192.1394,101.113,13551.0,568.139,1784407381624.0,14220.252
ss-75-660000,1784408638421.8347,1784408638573,1784408641624.0,1784408642192.1406,151.165,3051.0,568.141,1784407381624.0,3770.306
ss-52-660000,1784408638971.8438,1784408639624,1784408641624.0,1784408642192.1409,652.156,2000.0,568.141,1784407381624.0,3220.297
ss-8-660000,1784408639671.8677,1784408640674,1784408641624.0,1784408642192.1528,1002.132,950.0,568.153,1784407381624.0,2520.285
ss-59-660000,1784408637271.8376,1784408637524,1784408641624.0,1784408642192.1536,252.162,4100.0,568.154,1784407381624.0,4920.316
ss-58-660000,1784408638571.8455,1784408638573,1784408641624.0,1784408642192.154,1.155,3051.0,568.154,1784407381624.0,3620.309
ss-62-660000,1784408630571.8428,1784408631223,1784408641624.0,1784408642192.1628,651.157,10401.0,568.163,1784407381624.0,11620.32
ss-54-660000,1784408633621.8347,1784408634374,1784408641624.0,1784408642192.1636,752.165,7250.0,568.164,1784407381624.0,8570.329
ss-70-660000,1784408636321.831,1784408636480,1784408641624.0,1784408642192.164,158.169,5144.0,568.164,1784407381624.0,5870.333
ss-56-660000,1784408641121.8333,1784408641476,1784408641624.0,1784408642192.1646,354.167,148.0,568.165,1784407381624.0,1070.331
ss-48-660000,1784408624721.846,1784408624923,1784408641624.0,1784408642192.1694,201.154,16701.0,568.169,1784407381624.0,17470.323
ss-66-660000,1784408637221.8445,1784408637524,1784408641624.0,1784408642192.2034,302.156,4100.0,568.203,1784407381624.0,4970.359
ss-49-660000,1784408639571.8745,1784408639624,1784408641624.0,1784408642192.204,52.125,2000.0,568.204,1784407381624.0,2620.33
ss-92-660000,1784408636071.843,1784408636480,1784408641624.0,1784408642192.2048,408.157,5144.0,568.205,1784407381624.0,6120.362
ss-47-660000,1784408641171.8445,1784408641476,1784408641625.0,1784408642192.2053,304.156,149.0,567.205,1784407381625.0,1020.361
ss-30-660000,1784408640471.836,1784408640674,1784408641625.0,1784408642192.2104,202.164,951.0,567.21,1784407381625.0,1720.375
ss-74-660000,1784408640721.8394,1784408641476,1784408641625.0,1784408642192.215,754.161,149.0,567.215,1784407381625.0,1470.376
ss-32-660000,1784408638671.846,1784408639624,1784408641625.0,1784408642192.2412,952.154,2001.0,567.241,1784407381625.0,3520.395
ss-27-660000,1784408641321.8257,1784408641476,1784408641625.0,1784408642192.2454,154.174,149.0,567.245,1784407381625.0,870.42
ss-44-660000,1784408639771.8662,1784408640674,1784408641625.0,1784408642192.2458,902.134,951.0,567.246,1784407381625.0,2420.38
ss-45-660000,1784408639271.8364,1784408639624,1784408641625.0,1784408642192.269,352.164,2001.0,567.269,1784407381625.0,2920.433
ss-81-660000,1784408626671.8506,1784408627024,1784408641625.0,1784408642192.3047,352.149,14601.0,567.305,1784407381625.0,15520.454
ss-40-660000,1784408621271.8337,1784408621774,1784408641625.0,1784408642192.3054,502.166,19851.0,567.305,1784407381625.0,20920.472
ss-9-660000,1784408637171.8713,1784408637524,1784408641625.0,1784408642192.306,352.129,4101.0,567.306,1784407381625.0,5020.435
ss-25-660000,1784408636871.8645,1784408637524,1784408641625.0,1784408642192.3066,652.135,4101.0,567.307,1784407381625.0,5320.442
ss-53-660000,1784408638621.8374,1784408639624,1784408641625.0,1784408642192.3123,1002.163,2001.0,567.312,1784407381625.0,3570.475
ss-61-660000,1784408621571.8406,1784408621774,1784408641625.0,1784408642192.3293,202.159,19851.0,567.329,1784407381625.0,20620.489
ss-43-660000,1784408640121.8713,1784408640674,1784408641625.0,1784408642192.3333,552.129,951.0,567.333,1784407381625.0,2070.462
ss-79-660000,1784408633971.87,1784408634374,1784408641625.0,1784408642192.3337,402.13,7251.0,567.334,1784407381625.0,8220.464
ss-63-660000,1784408638721.8457,1784408639624,1784408641625.0,1784408642192.3418,902.154,2001.0,567.342,1784407381625.0,3470.496
ss-34-660000,1784408640321.8398,1784408640674,1784408641625.0,1784408642192.364,352.16,951.0,567.364,1784407381625.0,1870.524
ss-99-660000,1784408620171.8396,1784408620724,1784408641625.0,1784408642192.3647,552.16,20901.0,567.365,1784407381625.0,22020.525
ss-1-660000,1784408637421.8357,1784408637524,1784408641625.0,1784408642192.4048,102.164,4101.0,567.405,1784407381625.0,4770.569
ss-69-660000,1784408629571.8384,1784408630174,1784408641625.0,1784408642192.4097,602.162,11451.0,567.41,1784407381625.0,12620.571
ss-11-660000,1784408640271.8347,1784408640674,1784408641625.0,1784408642192.4102,402.165,951.0,567.41,1784407381625.0,1920.575
ss-29-660000,1784408634471.8354,1784408635424,1784408641625.0,1784408642192.411,952.165,6201.0,567.411,1784407381625.0,7720.575
ss-46-660000,1784408635171.8604,1784408635424,1784408641625.0,1784408642192.4116,252.14,6201.0,567.412,1784407381625.0,7020.551
ss-88-660000,1784408636121.8345,1784408636480,1784408641625.0,1784408642192.4124,358.166,5145.0,567.412,1784407381625.0,6070.578
ss-20-660000,1784408638371.8394,1784408638573,1784408641625.0,1784408642192.4182,201.161,3052.0,567.418,1784407381625.0,3820.579
ss-19-660000,1784408640171.8406,1784408640674,1784408641625.0,1784408642192.4229,502.159,951.0,567.423,1784407381625.0,2020.582
ss-95-660000,1784408635021.8552,1784408635424,1784408641625.0,1784408642192.4277,402.145,6201.0,567.428,1784407381625.0,7170.573
ss-16-660000,1784408640971.8396,1784408641476,1784408641625.0,1784408642192.4885,504.16,149.0,567.489,1784407381625.0,1220.649
ss-23-660000,1784408639321.8547,1784408639624,1784408641625.0,1784408642192.4905,302.145,2001.0,567.49,1784407381625.0,2870.636
ss-60-660000,1784408640821.8335,1784408641476,1784408641625.0,1784408642192.4915,654.167,149.0,567.491,1784407381625.0,1370.658
ss-31-660000,1784408641221.8416,1784408641476,1784408641626.0,1784408642192.4924,254.158,150.0,566.492,1784407381626.0,970.651
ss-96-660000,1784408641371.856,1784408641476,1784408641626.0,1784408642192.4934,104.144,150.0,566.493,1784407381626.0,820.637
ss-12-660000,1784408637771.837,1784408638573,1784408641626.0,1784408642192.5244,801.163,3053.0,566.524,1784407381626.0,4420.688
ss-72-660000,1784408636671.8625,1784408637524,1784408641626.0,1784408642192.5254,852.137,4102.0,566.525,1784407381626.0,5520.663
ss-80-660000,1784408640671.844,1784408640674,1784408641626.0,1784408642192.5354,2.156,952.0,566.535,1784407381626.0,1520.691
ss-0-660000,1784408638521.8418,1784408638573,1784408641626.0,1784408642192.5364,51.158,3053.0,566.536,1784407381626.0,3670.695
ss-94-660000,1784408631671.8345,1784408632276,1784408641626.0,1784408642192.5798,604.166,9350.0,566.58,1784407381626.0,10520.745
ss-18-660000,1784408636971.8584,1784408637524,1784408641626.0,1784408642192.581,552.142,4102.0,566.581,1784407381626.0,5220.723
ss-93-660000,1784408624921.8687,1784408624923,1784408641626.0,1784408642192.582,1.131,16703.0,566.582,1784407381626.0,17270.713
ss-71-660000,1784408639421.8281,1784408639624,1784408641626.0,1784408642192.583,202.172,2002.0,566.583,1784407381626.0,2770.755
ss-10-660000,1784408622871.8582,1784408623873,1784408641626.0,1784408642192.584,1001.142,17753.0,566.584,1784407381626.0,19320.726
ss-41-660000,1784408637521.8484,1784408637524,1784408641626.0,1784408642192.591,2.152,4102.0,566.591,1784407381626.0,4670.743
ss-36-660000,1784408639921.864,1784408640674,1784408641626.0,1784408642192.5994,752.136,952.0,566.599,1784407381626.0,2270.735
ss-67-660000,1784408627721.8484,1784408628073,1784408641626.0,1784408642192.6003,351.152,13553.0,566.6,1784407381626.0,14470.752
ss-14-660000,1784408639471.8333,1784408639624,1784408641626.0,1784408642192.6082,152.167,2002.0,566.608,1784407381626.0,2720.775
ss-84-660000,1784408630971.8809,1784408631223,1784408641626.0,1784408642192.6091,251.119,10403.0,566.609,1784407381626.0,11220.728
ss-15-660000,1784408639721.8586,1784408640674,1784408641626.0,1784408642192.65,952.141,952.0,566.65,1784407381626.0,2470.791
ss-83-660000,1784408635321.8347,1784408635424,1784408641626.0,1784408642192.6511,102.165,6202.0,566.651,1784407381626.0,6870.816
ss-39-660000,1784408635221.831,1784408635424,1784408641626.0,1784408642192.6514,202.169,6202.0,566.651,1784407381626.0,6970.82
ss-51-660000,1784408640621.842,1784408640674,1784408641626.0,1784408642192.6519,52.158,952.0,566.652,1784407381626.0,1570.81
ss-38-660000,1784408640771.8354,1784408641476,1784408641626.0,1784408642192.6523,704.165,150.0,566.652,1784407381626.0,1420.817
ss-78-660000,1784408631521.8374,1784408632276,1784408641626.0,1784408642192.659,754.163,9350.0,566.659,1784407381626.0,10670.822
ss-28-660000,1784408638321.8435,1784408638573,1784408641626.0,1784408642192.6597,251.156,3053.0,566.66,1784407381626.0,3870.816
ss-33-660000,1784408621821.8325,1784408622823,1784408641626.0,1784408642192.7039,1001.167,18803.0,566.704,1784407381626.0,20370.871
ss-64-660000,1784408635721.8289,1784408636480,1784408641626.0,1784408642192.705,758.171,5146.0,566.705,1784407381626.0,6470.876
ss-4-660000,1784408640021.8347,1784408640674,1784408641626.0,1784408642192.7058,652.165,952.0,566.706,1784407381626.0,2170.871
ss-90-660000,1784408641021.8386,1784408641476,1784408641627.0,1784408642192.7063,454.161,151.0,565.706,1784407381627.0,1170.868
ss-22-660000,1784408639221.8442,1784408639624,1784408641627.0,1784408642192.763,402.156,2003.0,565.763,1784407381627.0,2970.919
ss-24-660000,1784408639871.8665,1784408640674,1784408641627.0,1784408642192.7644,802.134,953.0,565.764,1784407381627.0,2320.898
ss-50-660000,1784408638071.8376,1784408638573,1784408641627.0,1784408642192.7654,501.162,3054.0,565.765,1784407381627.0,4120.928
ss-76-660000,1784408641071.8516,1784408641476,1784408641627.0,1784408642192.766,404.148,151.0,565.766,1784407381627.0,1120.915
ss-55-660000,1784408637321.843,1784408637524,1784408641627.0,1784408642192.767,202.157,4103.0,565.767,1784407381627.0,4870.924
ss-21-720000,1784408637671.836,1784408638573,1784408641627.0,1784408642192.768,901.164,3054.0,565.768,1784407321627.0,4520.932
ss-96-720000,1784408641371.856,1784408641476,1784408641627.0,1784408642192.7852,104.144,151.0,565.785,1784407321627.0,820.929
ss-27-720000,1784408641321.8257,1784408641476,1784408641627.0,1784408642192.7913,154.174,151.0,565.791,1784407321627.0,870.966
ss-47-720000,1784408641171.8445,1784408641476,1784408641627.0,1784408642192.792,304.156,151.0,565.792,1784407321627.0,1020.948
ss-17-720000,1784408627971.887,1784408628073,1784408641627.0,1784408642192.793,101.113,13554.0,565.793,1784407321627.0,14220.906
ss-62-720000,1784408630571.8428,1784408631223,1784408641627.0,1784408642192.7937,651.157,10404.0,565.794,1784407321627.0,11620.951
ss-38-720000,1784408640771.8354,1784408641476,1784408641627.0,1784408642192.8115,704.165,151.0,565.812,1784407321627.0,1420.976
ss-91-720000,1784408639071.8481,1784408639624,1784408641627.0,1784408642192.8125,552.152,2003.0,565.812,1784407321627.0,3120.964
ss-16-720000,1784408640971.8396,1784408641476,1784408641627.0,1784408642192.8398,504.16,151.0,565.84,1784407321627.0,1221.0
ss-41-720000,1784408637521.8484,1784408637524,1784408641627.0,1784408642192.841,2.152,4103.0,565.841,1784407321627.0,4670.993
ss-73-720000,1784408634671.8367,1784408635424,1784408641627.0,1784408642192.8606,752.163,6203.0,565.861,1784407321627.0,7521.024
ss-66-720000,1784408637221.8445,1784408637524,1784408641627.0,1784408642192.8616,302.156,4103.0,565.862,1784407321627.0,4971.017
ss-28-720000,1784408638321.8435,1784408638573,1784408641627.0,1784408642192.8623,251.156,3054.0,565.862,1784407321627.0,3871.019
ss-92-720000,1784408636071.843,1784408636480,1784408641627.0,1784408642192.8916,408.157,5147.0,565.892,1784407321627.0,6121.049
ss-77-720000,1784408641271.832,1784408641476,1784408641627.0,1784408642192.8926,204.168,151.0,565.893,1784407321627.0,921.061
ss-85-720000,1784408640071.879,1784408640674,1784408641627.0,1784408642192.8936,602.121,953.0,565.894,1784407321627.0,2121.015
ss-25-720000,1784408636871.8645,1784408637524,1784408641627.0,1784408642192.8945,652.135,4103.0,565.895,1784407321627.0,5321.03
ss-9-720000,1784408637171.8713,1784408637524,1784408641627.0,1784408642192.9246,352.129,4103.0,565.925,1784407321627.0,5021.053
ss-52-720000,1784408638971.8438,1784408639624,1784408641627.0,1784408642192.9258,652.156,2003.0,565.926,1784407321627.0,3221.082
ss-53-720000,1784408638621.8374,1784408639624,1784408641627.0,1784408642192.9268,1002.163,2003.0,565.927,1784407321627.0,3571.089
ss-76-720000,1784408641071.8516,1784408641476,1784408641627.0,1784408642192.9275,404.148,151.0,565.927,1784407321627.0,1121.076
ss-94-720000,1784408631671.8345,1784408632276,1784408641627.0,1784408642192.9348,604.166,9351.0,565.935,1784407321627.0,10521.1
ss-1-720000,1784408637421.8357,1784408637524,1784408641627.0,1784408642192.958,102.164,4103.0,565.958,1784407321627.0,4771.122
ss-65-720000,1784408637071.855,1784408637524,1784408641627.0,1784408642192.9646,452.145,4103.0,565.965,1784407321627.0,5121.11
ss-36-720000,1784408639921.864,1784408640674,1784408641627.0,1784408642192.9937,752.136,953.0,565.994,1784407321627.0,2271.13
ss-48-720000,1784408624721.846,1784408624923,1784408641627.0,1784408642192.9946,201.154,16704.0,565.995,1784407321627.0,17471.149
ss-71-720000,1784408639421.8281,1784408639624,1784408641627.0,1784408642192.9956,202.172,2003.0,565.996,1784407321627.0,2771.167
ss-18-720000,1784408636971.8584,1784408637524,1784408641627.0,1784408642192.9966,552.142,4103.0,565.997,1784407321627.0,5221.138
ss-72-720000,1784408636671.8625,1784408637524,1784408641627.0,1784408642192.9976,852.137,4103.0,565.998,1784407321627.0,5521.135
ss-51-720000,1784408640621.842,1784408640674,1784408641627.0,1784408642193.0283,52.158,953.0,566.028,1784407321627.0,1571.186
ss-40-720000,1784408621271.8337,1784408621774,1784408641627.0,1784408642193.0293,502.166,19853.0,566.029,1784407321627.0,20921.196
ss-97-720000,1784408638121.8564,1784408638573,1784408641627.0,1784408642193.03,451.144,3054.0,566.03,1784407321627.0,4071.174
ss-70-720000,1784408636321.831,1784408636480,1784408641627.0,1784408642193.0535,158.169,5147.0,566.053,1784407321627.0,5871.222
ss-31-720000,1784408641221.8416,1784408641476,1784408641628.0,1784408642193.0544,254.158,152.0,565.054,1784407321628.0,971.213
ss-37-720000,1784408639371.867,1784408639624,1784408641628.0,1784408642193.0784,252.133,2004.0,565.078,1784407321628.0,2821.211
ss-42-720000,1784408633421.8367,1784408634374,1784408641628.0,1784408642193.0793,952.163,7254.0,565.079,1784407321628.0,8771.243
ss-13-720000,1784408632071.8428,1784408632276,1784408641628.0,1784408642193.0803,204.157,9352.0,565.08,1784407321628.0,10121.238
ss-61-720000,1784408621571.8406,1784408621774,1784408641628.0,1784408642193.0813,202.159,19854.0,565.081,1784407321628.0,20621.241
ss-35-720000,1784408632421.8296,1784408633324,1784408641628.0,1784408642193.1125,902.17,8304.0,565.113,1784407321628.0,9771.283
ss-99-720000,1784408620171.8396,1784408620724,1784408641628.0,1784408642193.1135,552.16,20904.0,565.114,1784407321628.0,22021.274
ss-2-720000,1784408639121.8447,1784408639624,1784408641628.0,1784408642193.1145,502.155,2004.0,565.115,1784407321628.0,3071.27
ss-39-720000,1784408635221.831,1784408635424,1784408641628.0,1784408642193.1868,202.169,6204.0,565.187,1784407321628.0,6971.356
ss-45-720000,1784408639271.8364,1784408639624,1784408641628.0,1784408642193.1882,352.164,2004.0,565.188,1784407321628.0,2921.352
ss-0-720000,1784408638521.8418,1784408638573,1784408641628.0,1784408642193.1887,51.158,3055.0,565.189,1784407321628.0,3671.347
ss-83-720000,1784408635321.8347,1784408635424,1784408641628.0,1784408642193.1895,102.165,6204.0,565.189,1784407321628.0,6871.355
ss-29-720000,1784408634471.8354,1784408635424,1784408641628.0,1784408642193.19,952.165,6204.0,565.19,1784407321628.0,7721.354
ss-32-720000,1784408638671.846,1784408639624,1784408641628.0,1784408642193.1907,952.154,2004.0,565.191,1784407321628.0,3521.345
ss-59-720000,1784408637271.8376,1784408637524,1784408641628.0,1784408642193.1912,252.162,4104.0,565.191,1784407321628.0,4921.354
ss-24-720000,1784408639871.8665,1784408640674,1784408641628.0,1784408642193.192,802.134,954.0,565.192,1784407321628.0,2321.325
ss-84-720000,1784408630971.8809,1784408631223,1784408641628.0,1784408642193.1924,251.119,10405.0,565.192,1784407321628.0,11221.312
ss-82-720000,1784408636721.8713,1784408637524,1784408641628.0,1784408642193.1929,802.129,4104.0,565.193,1784407321628.0,5471.322
ss-6-720000,1784408638221.8384,1784408638573,1784408641628.0,1784408642193.2244,351.162,3055.0,565.224,1784407321628.0,3971.386
ss-78-720000,1784408631521.8374,1784408632276,1784408641628.0,1784408642193.225,754.163,9352.0,565.225,1784407321628.0,10671.388
ss-54-720000,1784408633621.8347,1784408634374,1784408641628.0,1784408642193.2256,752.165,7254.0,565.226,1784407321628.0,8571.391
ss-86-720000,1784408641421.841,1784408641476,1784408641628.0,1784408642193.226,54.159,152.0,565.226,1784407321628.0,771.385
ss-75-720000,1784408638421.8347,1784408638573,1784408641628.0,1784408642193.2334,151.165,3055.0,565.233,1784407321628.0,3771.399
ss-8-720000,1784408639671.8677,1784408640674,1784408641628.0,1784408642193.2341,1002.132,954.0,565.234,1784407321628.0,2521.366
ss-55-720000,1784408637321.843,1784408637524,1784408641628.0,1784408642193.2432,202.157,4104.0,565.243,1784407321628.0,4871.4
ss-81-720000,1784408626671.8506,1784408627024,1784408641628.0,1784408642193.2747,352.149,14604.0,565.275,1784407321628.0,15521.424
ss-12-720000,1784408637771.837,1784408638573,1784408641628.0,1784408642193.2751,801.163,3055.0,565.275,1784407321628.0,4421.438
ss-50-720000,1784408638071.8376,1784408638573,1784408641628.0,1784408642193.2754,501.162,3055.0,565.275,1784407321628.0,4121.438
ss-15-720000,1784408639721.8586,1784408640674,1784408641628.0,1784408642193.276,952.141,954.0,565.276,1784407321628.0,2471.417
ss-19-720000,1784408640171.8406,1784408640674,1784408641628.0,1784408642193.291,502.159,954.0,565.291,1784407321628.0,2021.45
ss-3-720000,1784408637121.8535,1784408637524,1784408641628.0,1784408642193.2917,402.146,4104.0,565.292,1784407321628.0,5071.438
ss-98-720000,1784408637471.8726,1784408637524,1784408641628.0,1784408642193.3494,52.127,4104.0,565.349,1784407321628.0,4721.477
ss-95-720000,1784408635021.8552,1784408635424,1784408641628.0,1784408642193.3503,402.145,6204.0,565.35,1784407321628.0,7171.495
ss-5-720000,1784408638171.8435,1784408638573,1784408641628.0,1784408642193.3508,401.156,3055.0,565.351,1784407321628.0,4021.507
ss-26-720000,1784408640871.8506,1784408641476,1784408641628.0,1784408642193.3513,604.149,152.0,565.351,1784407321628.0,1321.501
ss-58-720000,1784408638571.8455,1784408638573,1784408641628.0,1784408642193.358,1.155,3055.0,565.358,1784407321628.0,3621.512
ss-43-720000,1784408640121.8713,1784408640674,1784408641628.0,1784408642193.3586,552.129,954.0,565.359,1784407321628.0,2071.487
ss-67-720000,1784408627721.8484,1784408628073,1784408641628.0,1784408642193.3594,351.152,13555.0,565.359,1784407321628.0,14471.511
ss-93-720000,1784408624921.8687,1784408624923,1784408641628.0,1784408642193.3604,1.131,16705.0,565.36,1784407321628.0,17271.492
ss-23-720000,1784408639321.8547,1784408639624,1784408641629.0,1784408642193.635,302.145,2005.0,564.635,1784407321629.0,2871.78
ss-63-720000,1784408638721.8457,1784408639624,1784408641629.0,1784408642193.651,902.154,2005.0,564.651,1784407321629.0,3471.805
ss-34-720000,1784408640321.8398,1784408640674,1784408641629.0,1784408642193.6514,352.16,955.0,564.651,1784407321629.0,1871.812
ss-11-720000,1784408640271.8347,1784408640674,1784408641629.0,1784408642193.6516,402.165,955.0,564.652,1784407321629.0,1921.817
ss-30-720000,1784408640471.836,1784408640674,1784408641629.0,1784408642193.652,202.164,955.0,564.652,1784407321629.0,1721.816
ss-64-720000,1784408635721.8289,1784408636480,1784408641629.0,1784408642193.6523,758.171,5149.0,564.652,1784407321629.0,6471.823
ss-20-720000,1784408638371.8394,1784408638573,1784408641629.0,1784408642193.6528,201.161,3056.0,564.653,1784407321629.0,3821.813
ss-7-720000,1784408637371.8552,1784408637524,1784408641629.0,1784408642193.6533,152.145,4105.0,564.653,1784407321629.0,4821.798
ss-90-720000,1784408641021.8386,1784408641476,1784408641629.0,1784408642193.6577,454.161,153.0,564.658,1784407321629.0,1171.819
ss-22-720000,1784408639221.8442,1784408639624,1784408641629.0,1784408642193.6584,402.156,2005.0,564.658,1784407321629.0,2971.814
ss-80-720000,1784408640671.844,1784408640674,1784408641629.0,1784408642193.6636,2.156,955.0,564.664,1784407321629.0,1521.82
ss-57-720000,1784408640921.8386,1784408641476,1784408641629.0,1784408642193.6733,554.161,153.0,564.673,1784407321629.0,1271.835
ss-68-720000,1784408639521.8489,1784408639624,1784408641629.0,1784408642193.6833,102.151,2005.0,564.683,1784407321629.0,2671.834
ss-46-720000,1784408635171.8604,1784408635424,1784408641629.0,1784408642193.6838,252.14,6205.0,564.684,1784407321629.0,7021.823
ss-44-720000,1784408639771.8662,1784408640674,1784408641629.0,1784408642193.6892,902.134,955.0,564.689,1784407321629.0,2421.823
ss-10-720000,1784408622871.8582,1784408623873,1784408641629.0,1784408642193.6897,1001.142,17756.0,564.69,1784407321629.0,19321.832
ss-60-720000,1784408640821.8335,1784408641476,1784408641629.0,1784408642193.694,654.167,153.0,564.694,1784407321629.0,1371.861
ss-49-720000,1784408639571.8745,1784408639624,1784408641629.0,1784408642193.7314,52.125,2005.0,564.731,1784407321629.0,2621.857
ss-87-720000,1784408634121.8372,1784408634374,1784408641629.0,1784408642193.7324,252.163,7255.0,564.732,1784407321629.0,8071.895
ss-88-720000,1784408636121.8345,1784408636480,1784408641629.0,1784408642193.736,358.166,5149.0,564.736,1784407321629.0,6071.902
ss-74-720000,1784408640721.8394,1784408641476,1784408641629.0,1784408642193.7366,754.161,153.0,564.737,1784407321629.0,1471.897
ss-79-720000,1784408633971.87,1784408634374,1784408641629.0,1784408642193.7441,402.13,7255.0,564.744,1784407321629.0,8221.874
ss-33-720000,1784408621821.8325,1784408622823,1784408641629.0,1784408642193.7449,1001.167,18806.0,564.745,1784407321629.0,20371.912
ss-56-720000,1784408641121.8333,1784408641476,1784408641629.0,1784408642193.745,354.167,153.0,564.745,1784407321629.0,1071.912
ss-14-720000,1784408639471.8333,1784408639624,1784408641629.0,1784408642193.7456,152.167,2005.0,564.746,1784407321629.0,2721.912
ss-4-720000,1784408640021.8347,1784408640674,1784408641629.0,1784408642193.746,652.165,955.0,564.746,1784407321629.0,2171.911
ss-89-720000,1784408625821.8438,1784408625974,1784408641629.0,1784408642193.7463,152.156,15655.0,564.746,1784407321629.0,16371.903
ss-69-720000,1784408629571.8384,1784408630174,1784408641629.0,1784408642193.7468,602.162,11455.0,564.747,1784407321629.0,12621.908
ss-47-780000,1784408641171.8445,1784408641476,1784408641629.0,1784408642193.747,304.156,153.0,564.747,1784407261629.0,1021.903
ss-42-780000,1784408633421.8367,1784408634374,1784408641629.0,1784408642193.767,952.163,7255.0,564.767,1784407261629.0,8771.93
ss-44-780000,1784408639771.8662,1784408640674,1784408641629.0,1784408642193.7676,902.134,955.0,564.768,1784407261629.0,2421.901
ss-37-780000,1784408639371.867,1784408639624,1784408641629.0,1784408642193.7769,252.133,2005.0,564.777,1784407261629.0,2821.91
ss-54-780000,1784408633621.8347,1784408634374,1784408641629.0,1784408642193.7776,752.165,7255.0,564.778,1784407261629.0,8571.943
ss-94-780000,1784408631671.8345,1784408632276,1784408641629.0,1784408642193.778,604.166,9353.0,564.778,1784407261629.0,10521.944
ss-65-780000,1784408637071.855,1784408637524,1784408641629.0,1784408642193.7788,452.145,4105.0,564.779,1784407261629.0,5121.924
ss-51-780000,1784408640621.842,1784408640674,1784408641629.0,1784408642193.7837,52.158,955.0,564.784,1784407261629.0,1571.942
ss-18-780000,1784408636971.8584,1784408637524,1784408641629.0,1784408642193.7844,552.142,4105.0,564.784,1784407261629.0,5221.926
ss-85-780000,1784408640071.879,1784408640674,1784408641629.0,1784408642193.785,602.121,955.0,564.785,1784407261629.0,2121.906
ss-98-780000,1784408637471.8726,1784408637524,1784408641629.0,1784408642193.7903,52.127,4105.0,564.79,1784407261629.0,4721.918
ss-88-780000,1784408636121.8345,1784408636480,1784408641629.0,1784408642193.7908,358.166,5149.0,564.791,1784407261629.0,6071.956
ss-5-780000,1784408638171.8435,1784408638573,1784408641629.0,1784408642193.81,401.156,3056.0,564.81,1784407261629.0,4021.967
ss-59-780000,1784408637271.8376,1784408637524,1784408641629.0,1784408642193.8105,252.162,4105.0,564.811,1784407261629.0,4921.973
ss-46-780000,1784408635171.8604,1784408635424,1784408641629.0,1784408642193.811,252.14,6205.0,564.811,1784407261629.0,7021.951
ss-91-780000,1784408639071.8481,1784408639624,1784408641629.0,1784408642193.815,552.152,2005.0,564.815,1784407261629.0,3121.967
ss-58-780000,1784408638571.8455,1784408638573,1784408641629.0,1784408642193.8152,1.155,3056.0,564.815,1784407261629.0,3621.97
ss-32-780000,1784408638671.846,1784408639624,1784408641630.0,1784408642193.8157,952.154,2006.0,563.816,1784407261630.0,3521.97
ss-12-780000,1784408637771.837,1784408638573,1784408641630.0,1784408642193.816,801.163,3057.0,563.816,1784407261630.0,4421.979
ss-8-780000,1784408639671.8677,1784408640674,1784408641630.0,1784408642193.8164,1002.132,956.0,563.816,1784407261630.0,2521.949
ss-31-780000,1784408641221.8416,1784408641476,1784408641630.0,1784408642193.8167,254.158,154.0,563.817,1784407261630.0,971.975
ss-34-780000,1784408640321.8398,1784408640674,1784408641630.0,1784408642193.8206,352.16,956.0,563.821,1784407261630.0,1871.981
ss-75-780000,1784408638421.8347,1784408638573,1784408641630.0,1784408642193.821,151.165,3057.0,563.821,1784407261630.0,3771.986
ss-0-780000,1784408638521.8418,1784408638573,1784408641630.0,1784408642193.8423,51.158,3057.0,563.842,1784407261630.0,3672.0
ss-3-780000,1784408637121.8535,1784408637524,1784408641630.0,1784408642193.8428,402.146,4106.0,563.843,1784407261630.0,5071.989
ss-92-780000,1784408636071.843,1784408636480,1784408641630.0,1784408642193.857,408.157,5150.0,563.857,1784407261630.0,6122.014
ss-2-780000,1784408639121.8447,1784408639624,1784408641630.0,1784408642193.8577,502.155,2006.0,563.858,1784407261630.0,3072.013
ss-41-780000,1784408637521.8484,1784408637524,1784408641630.0,1784408642193.862,2.152,4106.0,563.862,1784407261630.0,4672.014
ss-90-780000,1784408641021.8386,1784408641476,1784408641630.0,1784408642193.8667,454.161,154.0,563.867,1784407261630.0,1172.028
ss-70-780000,1784408636321.831,1784408636480,1784408641630.0,1784408642193.8816,158.169,5150.0,563.882,1784407261630.0,5872.051
ss-73-780000,1784408634671.8367,1784408635424,1784408641630.0,1784408642193.8865,752.163,6206.0,563.886,1784407261630.0,7522.05
ss-21-780000,1784408637671.836,1784408638573,1784408641630.0,1784408642193.9014,901.164,3057.0,563.901,1784407261630.0,4522.065
ss-49-780000,1784408639571.8745,1784408639624,1784408641630.0,1784408642193.9019,52.125,2006.0,563.902,1784407261630.0,2622.027
ss-29-780000,1784408634471.8354,1784408635424,1784408641630.0,1784408642193.9138,952.165,6206.0,563.914,1784407261630.0,7722.078
ss-15-780000,1784408639721.8586,1784408640674,1784408641630.0,1784408642193.9175,952.141,956.0,563.917,1784407261630.0,2472.059
ss-71-780000,1784408639421.8281,1784408639624,1784408641630.0,1784408642193.9292,202.172,2006.0,563.929,1784407261630.0,2772.101
ss-53-780000,1784408638621.8374,1784408639624,1784408641630.0,1784408642193.937,1002.163,2006.0,563.937,1784407261630.0,3572.1
ss-97-780000,1784408638121.8564,1784408638573,1784408641630.0,1784408642193.9412,451.144,3057.0,563.941,1784407261630.0,4072.085
ss-4-780000,1784408640021.8347,1784408640674,1784408641630.0,1784408642193.9575,652.165,956.0,563.958,1784407261630.0,2172.123
ss-38-780000,1784408640771.8354,1784408641476,1784408641630.0,1784408642193.9622,704.165,154.0,563.962,1784407261630.0,1422.127
ss-9-780000,1784408637171.8713,1784408637524,1784408641630.0,1784408642193.975,352.129,4106.0,563.975,1784407261630.0,5022.104
ss-39-780000,1784408635221.831,1784408635424,1784408641630.0,1784408642193.9868,202.169,6206.0,563.987,1784407261630.0,6972.156
ss-20-780000,1784408638371.8394,1784408638573,1784408641630.0,1784408642193.9873,201.161,3057.0,563.987,1784407261630.0,3822.148
ss-26-780000,1784408640871.8506,1784408641476,1784408641630.0,1784408642193.9993,604.149,154.0,563.999,1784407261630.0,1322.149
ss-64-780000,1784408635721.8289,1784408636480,1784408641630.0,1784408642194.0127,758.171,5150.0,564.013,1784407261630.0,6472.184
ss-13-780000,1784408632071.8428,1784408632276,1784408641630.0,1784408642194.09,204.157,9354.0,564.09,1784407261630.0,10122.247
ss-6-780000,1784408638221.8384,1784408638573,1784408641630.0,1784408642194.0918,351.162,3057.0,564.092,1784407261630.0,3972.253
ss-30-780000,1784408640471.836,1784408640674,1784408641630.0,1784408642194.0928,202.164,956.0,564.093,1784407261630.0,1722.257
ss-57-780000,1784408640921.8386,1784408641476,1784408641630.0,1784408642194.0938,554.161,154.0,564.094,1784407261630.0,1272.255
ss-63-780000,1784408638721.8457,1784408639624,1784408641630.0,1784408642194.0947,902.154,2006.0,564.095,1784407261630.0,3472.249
ss-82-780000,1784408636721.8713,1784408637524,1784408641630.0,1784408642194.0955,802.129,4106.0,564.095,1784407261630.0,5472.224
ss-19-780000,1784408640171.8406,1784408640674,1784408641630.0,1784408642194.0964,502.159,956.0,564.096,1784407261630.0,2022.256
ss-14-780000,1784408639471.8333,1784408639624,1784408641630.0,1784408642194.117,152.167,2006.0,564.117,1784407261630.0,2722.284
ss-28-780000,1784408638321.8435,1784408638573,1784408641630.0,1784408642194.118,251.156,3057.0,564.118,1784407261630.0,3872.274
ss-43-780000,1784408640121.8713,1784408640674,1784408641630.0,1784408642194.119,552.129,956.0,564.119,1784407261630.0,2072.248
ss-1-780000,1784408637421.8357,1784408637524,1784408641630.0,1784408642194.1196,102.164,4106.0,564.12,1784407261630.0,4772.284
ss-23-780000,1784408639321.8547,1784408639624,1784408641630.0,1784408642194.1418,302.145,2006.0,564.142,1784407261630.0,2872.287
ss-36-780000,1784408639921.864,1784408640674,1784408641630.0,1784408642194.1428,752.136,956.0,564.143,1784407261630.0,2272.279
ss-77-780000,1784408641271.832,1784408641476,1784408641630.0,1784408642194.1492,204.168,154.0,564.149,1784407261630.0,922.317
ss-60-780000,1784408640821.8335,1784408641476,1784408641630.0,1784408642194.1943,654.167,154.0,564.194,1784407261630.0,1372.361
ss-78-780000,1784408631521.8374,1784408632276,1784408641630.0,1784408642194.1953,754.163,9354.0,564.195,1784407261630.0,10672.358
ss-22-780000,1784408639221.8442,1784408639624,1784408641630.0,1784408642194.196,402.156,2006.0,564.196,1784407261630.0,2972.352
ss-52-780000,1784408638971.8438,1784408639624,1784408641630.0,1784408642194.1965,652.156,2006.0,564.197,1784407261630.0,3222.353
ss-87-780000,1784408634121.8372,1784408634374,1784408641630.0,1784408642194.197,252.163,7256.0,564.197,1784407261630.0,8072.36
ss-95-780000,1784408635021.8552,1784408635424,1784408641630.0,1784408642194.2048,402.145,6206.0,564.205,1784407261630.0,7172.35
ss-50-780000,1784408638071.8376,1784408638573,1784408641630.0,1784408642194.2131,501.162,3057.0,564.213,1784407261630.0,4122.375
ss-27-780000,1784408641321.8257,1784408641476,1784408641630.0,1784408642194.2136,154.174,154.0,564.214,1784407261630.0,872.388
ss-79-780000,1784408633971.87,1784408634374,1784408641630.0,1784408642194.2363,402.13,7256.0,564.236,1784407261630.0,8222.366
ss-74-780000,1784408640721.8394,1784408641476,1784408641630.0,1784408642194.237,754.161,154.0,564.237,1784407261630.0,1472.398
ss-11-780000,1784408640271.8347,1784408640674,1784408641630.0,1784408642194.2375,402.165,956.0,564.238,1784407261630.0,1922.403
ss-7-780000,1784408637371.8552,1784408637524,1784408641630.0,1784408642194.2383,152.145,4106.0,564.238,1784407261630.0,4822.383
ss-55-780000,1784408637321.843,1784408637524,1784408641630.0,1784408642194.275,202.157,4106.0,564.275,1784407261630.0,4872.432
ss-56-780000,1784408641121.8333,1784408641476,1784408641630.0,1784408642194.2756,354.167,154.0,564.276,1784407261630.0,1072.442
ss-45-780000,1784408639271.8364,1784408639624,1784408641630.0,1784408642194.2764,352.164,2006.0,564.276,1784407261630.0,2922.44
ss-66-780000,1784408637221.8445,1784408637524,1784408641630.0,1784408642194.2769,302.156,4106.0,564.277,1784407261630.0,4972.432
ss-76-780000,1784408641071.8516,1784408641476,1784408641630.0,1784408642194.2773,404.148,154.0,564.277,1784407261630.0,1122.426
ss-96-780000,1784408641371.856,1784408641476,1784408641630.0,1784408642194.3003,104.144,154.0,564.3,1784407261630.0,822.444
ss-68-780000,1784408639521.8489,1784408639624,1784408641630.0,1784408642194.3013,102.151,2006.0,564.301,1784407261630.0,2672.452
ss-35-780000,1784408632421.8296,1784408633324,1784408641630.0,1784408642194.3018,902.17,8306.0,564.302,1784407261630.0,9772.472
ss-83-780000,1784408635321.8347,1784408635424,1784408641630.0,1784408642194.3022,102.165,6206.0,564.302,1784407261630.0,6872.468
ss-25-780000,1784408636871.8645,1784408637524,1784408641630.0,1784408642194.4019,652.135,4106.0,564.402,1784407261630.0,5322.537
ss-16-780000,1784408640971.8396,1784408641476,1784408641631.0,1784408642194.4033,504.16,155.0,563.403,1784407261631.0,1222.564
ss-24-780000,1784408639871.8665,1784408640674,1784408641631.0,1784408642194.404,802.134,957.0,563.404,1784407261631.0,2322.538
ss-72-780000,1784408636671.8625,1784408637524,1784408641631.0,1784408642194.4045,852.137,4107.0,563.405,1784407261631.0,5522.542
ss-86-780000,1784408641421.841,1784408641476,1784408641631.0,1784408642194.4053,54.159,155.0,563.405,1784407261631.0,772.564
ss-80-780000,1784408640671.844,1784408640674,1784408641631.0,1784408642194.4058,2.156,957.0,563.406,1784407261631.0,1522.562
